vehicle_id,travel_time,zone_time,total_collisions_in_episode
flow_30.0,21.0,1.5,0
flow_20.0,37.0,4.0,0
flow_00.0,39.5,4.0,0
flow_20.1,30.5,3.0,0
flow_00.1,35.5,3.0,0
flow_00.2,34.5,3.0,0
flow_10.0,37.0,4.0,0
flow_30.1,44.5,4.0,0
flow_10.1,36.0,3.0,0
flow_30.2,43.0,3.5,0
flow_10.2,35.0,3.0,0
flow_30.3,41.5,3.0,0
flow_00.3,51.5,4.0,0
flow_20.2,34.5,4.0,0
flow_00.4,51.5,3.0,0
flow_00.5,48.0,3.0,0
flow_10.3,23.0,2.0,0
flow_30.4,58.5,4.0,0
flow_10.4,21.5,2.0,0
flow_30.5,55.0,3.0,0
flow_10.5,22.5,2.0,0
flow_30.6,53.5,3.0,0
flow_00.6,65.0,4.0,0
flow_20.3,34.0,4.0,0
flow_00.7,64.5,3.0,0
flow_00.8,58.5,3.0,0
flow_30.7,70.5,4.0,0
flow_10.6,40.0,4.0,0
flow_30.8,70.0,3.0,0
flow_10.7,40.0,3.0,0
flow_10.8,38.0,3.0,0
flow_30.9,67.5,3.0,0
flow_00.9,75.0,4.0,0
flow_20.4,40.5,4.0,0
flow_00.10,64.5,3.0,0
flow_20.5,35.5,3.0,0
flow_00.11,51.0,3.0,0
flow_20.6,34.5,3.0,0
flow_30.10,84.5,4.0,0
flow_10.9,56.0,4.0,0
flow_10.10,56.0,3.0,0
flow_30.11,80.0,3.5,0
flow_10.11,55.0,3.0,0
flow_30.12,57.5,3.0,0
flow_00.12,68.5,4.0,0
flow_20.7,51.5,4.0,0
flow_00.13,68.0,3.0,0
flow_20.8,43.5,3.0,0
flow_00.14,64.0,3.0,0
flow_20.9,22.5,2.0,0
flow_10.12,71.0,4.0,0
flow_30.13,75.0,4.0,0
flow_10.13,70.5,3.0,0
flow_30.14,63.5,3.0,0
flow_10.14,70.0,3.0,0
flow_30.15,62.5,3.0,0
flow_00.15,80.5,4.0,0
flow_20.10,38.0,4.0,0
flow_20.11,37.0,3.0,0
flow_00.16,80.0,3.0,0
flow_00.17,79.5,3.0,0
flow_20.12,37.0,3.0,0
flow_10.15,87.0,4.0,0
flow_30.16,80.0,4.0,0
flow_30.17,80.0,3.5,0
flow_10.16,89.0,3.5,0
flow_30.18,78.5,3.0,0
flow_10.17,78.0,3.0,0
flow_00.18,96.5,4.0,0
flow_20.13,54.0,4.0,0
flow_00.19,76.0,3.0,0
flow_20.14,42.0,3.0,0
flow_00.20,75.5,3.0,0
flow_20.15,39.0,3.0,0
flow_30.19,91.0,4.0,0
flow_10.18,87.0,4.0,0
flow_30.20,88.0,3.0,0
flow_10.19,87.0,3.0,0
flow_30.21,85.0,3.0,0
flow_10.20,72.5,3.0,0
flow_00.21,92.5,4.0,0
flow_20.16,53.5,4.0,0
flow_00.22,76.5,3.0,0
flow_20.17,43.0,3.0,0
flow_00.23,75.0,3.0,0
flow_20.18,37.5,3.0,0
flow_30.22,103.5,4.0,0
flow_10.21,75.0,4.0,0
flow_30.23,101.5,3.0,0
flow_10.22,74.0,3.0,0
flow_30.24,86.5,3.0,0
flow_10.23,73.5,3.0,0
flow_20.19,21.5,2.0,0
flow_00.24,88.0,4.0,0
flow_00.25,71.5,3.0,0
flow_00.26,71.0,3.0,0
flow_30.25,100.5,4.0,0
flow_10.24,90.0,4.0,0
flow_30.26,95.5,3.0,0
flow_10.25,89.5,3.5,0
flow_30.27,89.0,3.0,0
flow_10.26,82.0,3.0,0
flow_00.27,86.5,4.0,0
flow_20.20,38.0,4.0,0
flow_20.21,22.0,2.0,0
flow_00.28,85.5,3.0,0
flow_20.22,22.0,2.0,0
flow_00.29,86.0,3.0,0
flow_30.28,106.0,4.0,0
flow_10.27,98.0,4.0,0
flow_30.29,105.0,3.0,0
flow_10.28,97.5,3.0,0
flow_30.30,103.5,3.0,0
flow_10.29,97.0,3.0,0
flow_00.30,101.5,4.0,0
flow_20.23,39.0,4.0,0
flow_00.31,95.0,3.0,0
flow_20.24,38.0,3.0,0
flow_00.32,77.5,3.0,0
flow_20.25,32.0,3.0,0
flow_10.30,108.0,4.0,0
flow_30.31,109.0,4.0,0
flow_10.31,105.5,3.0,0
flow_30.32,106.0,3.5,0
flow_10.32,102.5,3.0,0
flow_30.33,103.0,3.0,0
flow_00.33,88.5,4.0,0
flow_20.26,44.5,4.0,0
flow_20.27,44.0,3.0,0
flow_00.34,81.0,3.0,0
flow_00.35,79.5,3.0,0
flow_20.28,38.0,3.0,0
flow_30.34,107.5,4.0,0
flow_10.33,107.5,4.0,0
flow_30.35,105.5,3.0,0
flow_10.34,105.5,3.0,0
flow_30.36,102.0,3.0,0
flow_10.35,102.5,3.0,0
flow_00.36,89.0,4.0,0
flow_20.29,55.5,4.0,0
flow_20.30,55.0,3.0,0
flow_00.37,72.5,3.5,0
flow_00.38,66.0,3.0,0
flow_20.31,44.0,3.0,0
flow_30.37,107.0,4.0,0
flow_10.36,110.5,4.0,0
flow_30.38,105.5,3.0,0
flow_10.37,107.0,3.5,0
flow_30.39,102.5,3.0,0
flow_10.38,103.5,3.0,0
flow_00.39,76.5,4.0,0
flow_20.32,60.5,4.0,0
flow_00.40,74.5,3.0,0
flow_20.33,51.0,3.0,0
flow_00.41,69.0,3.0,0
flow_20.34,47.5,3.0,0
flow_10.39,107.5,4.0,0
flow_30.40,108.0,4.0,0
flow_30.41,106.0,3.0,0
flow_10.40,106.0,3.0,0
flow_10.41,103.0,3.0,0
flow_30.42,104.0,3.0,0
flow_00.42,75.0,4.0,0
flow_20.35,40.0,4.0,0
flow_20.36,26.5,2.5,0
flow_00.43,74.5,3.0,0
flow_20.37,25.0,2.5,0
flow_00.44,73.0,3.0,0
flow_20.38,23.5,2.0,0
flow_30.43,107.0,4.0,0
flow_10.42,107.0,4.0,0
flow_30.44,105.5,3.0,0
flow_10.43,105.5,3.0,0
flow_30.45,103.0,3.0,0
flow_10.44,103.0,3.0,0
flow_20.39,32.5,4.0,0
flow_00.45,91.5,4.0,0
flow_00.46,90.5,3.0,0
flow_20.40,20.0,1.5,0
flow_00.47,84.5,3.0,0
flow_30.46,107.0,4.0,0
flow_10.45,107.5,4.0,0
flow_30.47,105.5,3.0,0
flow_10.46,105.5,3.0,0
flow_30.48,102.5,3.0,0
flow_10.47,102.5,3.0,0
flow_20.41,28.0,3.5,0
flow_00.48,88.0,4.0,0
flow_20.42,27.0,3.0,0
flow_00.49,80.5,3.0,0
flow_20.43,25.5,3.0,0
flow_00.50,79.0,3.0,0
flow_30.49,107.5,4.0,0
flow_10.48,107.5,4.0,0
flow_10.49,105.5,3.0,0
flow_30.50,106.0,3.0,0
flow_10.50,102.0,3.0,0
flow_30.51,102.5,3.0,0
flow_00.51,92.0,4.0,0
flow_20.44,30.0,3.5,0
flow_00.52,89.5,3.0,0
flow_20.45,25.0,2.5,0
flow_20.46,23.5,2.0,0
flow_00.53,88.5,3.0,0
flow_10.51,107.0,4.0,0
flow_30.52,107.5,4.0,0
flow_10.52,105.0,3.0,0
flow_30.53,105.5,3.0,0
flow_30.54,102.5,3.0,0
flow_10.53,103.5,3.0,0
flow_00.54,105.5,4.0,0
flow_20.47,39.5,4.0,0
flow_00.55,85.0,3.0,0
flow_20.48,38.0,3.0,0
flow_00.56,84.5,3.0,0
flow_20.49,37.0,3.0,0
flow_30.55,107.0,4.0,0
flow_10.54,108.0,4.0,0
flow_30.56,105.5,3.0,0
flow_10.55,105.5,3.0,0
flow_30.57,102.5,3.0,0
flow_10.56,104.5,3.0,0
flow_20.50,54.5,4.0,0
flow_00.57,102.5,4.0,0
flow_00.58,95.5,3.0,0
flow_20.51,54.0,3.0,0
flow_00.59,95.0,3.0,0
flow_20.52,53.5,3.0,0
flow_30.58,107.5,4.0,0
flow_10.57,107.5,4.0,0
flow_10.58,105.5,3.0,0
flow_30.59,106.0,3.0,0
flow_30.60,102.5,3.0,0
flow_10.59,102.5,3.0,0
flow_00.60,103.5,4.0,0
flow_20.53,61.5,4.0,0
flow_00.61,100.0,3.0,0
flow_20.54,54.0,3.0,0
flow_20.55,30.0,3.0,0
flow_00.62,100.0,3.0,0
flow_10.60,107.5,4.0,0
flow_30.61,108.0,4.0,0
flow_30.62,105.5,3.0,0
flow_10.61,105.5,3.0,0
flow_30.63,102.5,3.0,0
flow_10.62,102.5,3.0,0
flow_00.63,107.5,4.0,0
flow_20.56,48.0,4.0,0
flow_00.64,106.0,3.0,0
flow_20.57,45.5,3.0,0
flow_00.65,102.5,3.0,0
flow_30.64,107.5,4.0,0
flow_10.63,108.0,4.0,0
flow_10.64,105.0,3.0,0
flow_30.65,105.5,3.0,0
flow_30.66,102.5,3.0,0
flow_10.65,102.5,3.0,0
flow_00.66,107.5,4.0,0
flow_20.58,33.5,4.0,0
flow_00.67,107.5,3.5,0
flow_00.68,103.5,3.0,0
flow_30.67,107.5,4.0,0
flow_10.66,108.0,4.0,0
flow_10.67,106.0,3.0,0
flow_30.68,106.5,3.5,0
flow_10.68,102.5,3.0,0
flow_30.69,103.0,3.0,0
flow_20.59,24.5,3.0,0
flow_00.69,107.5,4.0,0
flow_20.60,23.5,2.5,0
flow_00.70,106.0,3.0,0
flow_00.71,103.5,3.0,0
flow_10.69,107.5,4.0,0
flow_30.70,108.0,4.0,0
flow_30.71,105.5,3.0,0
flow_10.70,105.5,3.0,0
flow_30.72,102.5,3.0,0
flow_10.71,103.0,3.0,0
flow_20.61,25.0,3.0,0
flow_00.72,107.0,4.0,0
flow_20.62,24.0,2.5,0
flow_00.73,105.0,3.0,0
flow_20.63,22.5,2.0,0
flow_00.74,103.0,3.0,0
flow_30.73,107.5,4.0,0
flow_10.72,107.5,4.0,0
flow_30.74,105.5,3.0,0
flow_10.73,106.5,3.0,0
flow_30.75,103.0,3.0,0
flow_10.74,103.0,3.0,0
flow_20.64,43.0,4.0,0
flow_00.75,110.0,4.0,0
flow_20.65,38.5,3.0,0
flow_00.76,106.5,3.5,0
flow_00.77,103.0,3.0,0
flow_10.75,107.0,4.0,0
flow_30.76,107.5,4.0,0
flow_30.77,105.0,3.0,0
flow_10.76,105.5,3.0,0
flow_30.78,102.5,3.0,0
flow_10.77,103.0,3.0,0
flow_20.66,27.0,3.5,0
flow_00.78,108.5,4.0,0
flow_00.79,105.5,3.0,0
flow_00.80,103.0,3.0,0
flow_30.79,107.5,4.0,0
flow_10.78,107.5,4.0,0
flow_30.80,105.0,3.0,0
flow_10.79,105.0,3.0,0
flow_30.81,102.5,3.0,0
flow_10.80,103.0,3.0,0
flow_00.81,107.5,4.0,0
flow_00.82,105.5,3.0,0
flow_00.83,102.5,3.0,0
flow_30.82,107.5,4.0,0
flow_10.81,107.5,4.0,0
flow_10.82,105.0,3.0,0
flow_30.83,105.5,3.0,0
flow_10.83,102.5,3.0,0
flow_30.84,103.0,3.0,0
flow_00.84,107.0,4.0,0
flow_20.67,33.5,4.0,0
flow_20.68,26.0,2.5,0
flow_00.85,105.5,3.0,0
flow_20.69,24.5,2.5,0
flow_00.86,102.0,3.0,0
flow_20.70,23.0,2.0,0
flow_30.85,107.0,4.0,0
flow_10.84,107.5,4.0,0
flow_30.86,105.0,3.0,0
flow_10.85,105.5,3.0,0
flow_30.87,102.5,3.0,0
flow_10.86,102.5,3.0,0
flow_20.71,38.5,4.0,0
flow_00.87,108.0,4.0,0
flow_00.88,105.5,3.0,0
flow_00.89,103.0,3.0,0
flow_10.87,107.5,4.0,0
flow_30.88,108.0,4.0,0
flow_10.88,105.5,3.0,0
flow_30.89,106.0,3.0,0
flow_30.90,102.5,3.0,0
flow_10.89,103.0,3.0,0
flow_00.90,107.5,4.0,0
flow_20.72,34.0,4.0,0
flow_20.73,32.0,3.5,0
flow_00.91,106.0,3.0,0
flow_00.92,102.5,3.0,0
flow_20.74,31.5,3.0,0
flow_10.90,107.5,4.0,0
flow_30.91,108.0,4.0,0
flow_30.92,105.5,3.0,0
flow_10.91,106.5,3.5,0
flow_30.93,103.0,3.0,0
flow_10.92,103.0,3.0,0
flow_20.75,37.0,4.0,0
flow_00.93,108.0,4.0,0
flow_20.76,25.5,2.5,0
flow_00.94,106.5,3.5,0
flow_00.95,103.0,3.0,0
flow_10.93,107.0,4.0,0
flow_30.94,107.5,4.0,0
flow_10.94,105.5,3.0,0
flow_30.95,107.5,3.5,0
flow_10.95,102.5,3.0,0
flow_30.96,104.0,3.0,0
flow_00.96,108.0,4.0,0
flow_20.77,35.5,4.0,0
flow_00.97,106.0,3.0,0
flow_20.78,22.5,2.0,0
flow_00.98,102.5,3.0,0
flow_30.97,107.5,4.0,0
flow_10.96,108.5,4.0,0
flow_30.98,105.5,3.0,0
flow_10.97,105.5,3.0,0
flow_30.99,102.5,3.0,0
flow_10.98,103.5,3.0,0
flow_00.99,107.5,4.0,0
flow_20.79,41.5,4.0,0
flow_00.100,105.5,3.0,0
flow_20.80,41.0,3.0,0
flow_00.101,103.0,3.0,0
flow_20.81,27.5,2.5,0
flow_10.99,107.5,4.0,0
flow_30.100,108.5,4.0,0
flow_10.100,105.5,3.0,0
flow_30.101,106.5,3.5,0
flow_10.101,102.5,3.0,0
flow_30.102,103.0,3.0,0
flow_20.82,42.5,4.0,0
flow_00.102,108.5,4.0,0
flow_20.83,43.0,3.5,0
flow_00.103,106.0,3.0,0
flow_20.84,27.0,2.5,0
flow_00.104,102.5,3.0,0
flow_20.85,26.5,2.5,0
flow_30.103,107.5,4.0,0
flow_10.102,107.5,4.0,0
flow_30.104,106.0,3.0,0
flow_10.103,106.0,3.0,0
flow_30.105,102.5,3.0,0
flow_10.104,102.5,3.0,0
flow_00.105,107.5,4.0,0
flow_20.86,38.5,4.0,0
flow_20.87,28.5,3.0,0
flow_00.106,105.5,3.0,0
flow_00.107,103.0,3.0,0
flow_10.105,107.5,4.0,0
flow_30.106,108.0,4.0,0
flow_30.107,105.5,3.0,0
flow_10.106,105.5,3.0,0
flow_10.107,103.0,3.0,0
flow_30.108,103.5,3.0,0
flow_00.108,107.5,4.0,0
flow_20.88,40.0,4.0,0
flow_20.89,29.5,3.0,0
flow_00.109,106.0,3.0,0
flow_00.110,103.5,3.0,0
flow_30.109,107.0,4.0,0
flow_10.108,107.5,4.0,0
flow_10.109,105.0,3.0,0
flow_30.110,105.5,3.0,0
flow_30.111,102.5,3.0,0
flow_10.110,102.5,3.0,0
flow_00.111,107.0,4.0,0
flow_00.112,105.5,3.0,0
flow_00.113,103.0,3.0,0
flow_10.111,107.0,4.0,0
flow_30.112,107.5,4.0,0
flow_10.112,105.0,3.0,0
flow_30.113,105.5,3.0,0
flow_30.114,102.5,3.0,0
flow_10.113,103.5,3.0,0
flow_20.90,41.5,4.0,0
flow_00.114,108.0,4.0,0
flow_00.115,105.5,3.0,0
flow_20.91,41.0,3.0,0
flow_00.116,102.5,3.0,0
flow_20.92,40.0,3.0,0
flow_30.115,107.5,4.0,0
flow_10.114,107.5,4.0,0
flow_30.116,105.5,3.0,0
flow_10.115,105.5,3.0,0
flow_30.117,102.0,3.0,0
flow_10.116,102.5,3.0,0
flow_00.117,107.5,4.0,0
flow_20.93,56.0,4.0,0
flow_00.118,106.0,3.0,0
flow_20.94,50.5,3.0,0
flow_00.119,102.5,3.0,0
flow_20.95,46.5,3.0,0
flow_30.118,107.5,4.0,0
flow_10.117,109.0,4.0,0
flow_30.119,106.5,3.5,0
flow_10.118,106.5,3.5,0
flow_30.120,103.0,3.0,0
flow_10.119,103.5,3.0,0
flow_20.96,61.0,4.0,0
flow_00.120,107.5,4.0,0
flow_00.121,105.5,3.0,0
flow_20.97,61.0,3.0,0
flow_00.122,102.5,3.0,0
flow_20.98,60.0,3.0,0
flow_30.121,107.5,4.0,0
flow_10.120,109.5,4.0,0
flow_30.122,105.5,3.0,0
flow_10.121,107.0,3.5,0
flow_30.123,102.5,3.0,0
flow_10.122,104.0,3.0,0
flow_20.99,77.0,4.0,0
flow_00.123,109.0,4.0,0
flow_20.100,77.5,3.0,0
flow_00.124,106.5,3.5,0
flow_20.101,75.5,3.0,0
flow_00.125,103.0,3.0,0
flow_10.0,21.5,2.0,0
flow_30.0,21.0,1.5,0
flow_10.1,21.5,2.0,0
flow_30.1,22.0,2.0,0
flow_20.0,25.0,3.0,0
flow_00.0,28.0,3.5,0
flow_20.1,24.0,2.5,0
flow_00.1,24.0,2.5,0
flow_20.2,22.5,2.0,0
flow_30.2,38.0,4.0,0
flow_10.2,33.0,4.0,0
flow_30.3,38.0,3.0,0
flow_10.3,32.5,3.5,0
flow_30.4,37.0,3.0,0
flow_10.4,31.0,3.0,0
flow_20.3,37.5,4.0,0
flow_20.4,37.5,3.0,0
flow_20.5,36.5,3.0,0
flow_30.5,54.0,4.0,0
flow_10.5,48.5,4.0,0
flow_30.6,53.5,3.0,0
flow_10.6,48.0,3.0,0
flow_30.7,52.5,3.0,0
flow_10.7,46.5,3.0,0
flow_00.2,33.0,4.0,0
flow_20.6,54.5,4.0,0
flow_00.3,23.0,2.0,0
flow_20.7,53.0,3.0,0
flow_20.8,51.5,3.0,0
flow_30.8,69.5,4.0,0
flow_10.8,64.0,4.0,0
flow_30.9,65.0,3.0,0
flow_10.9,64.0,3.0,0
flow_30.10,59.5,3.0,0
flow_10.10,51.0,3.0,0
flow_00.4,22.5,2.0,0
flow_20.9,70.5,4.0,0
flow_20.10,70.0,3.5,0
flow_20.11,68.0,3.0,0
flow_30.11,73.0,4.0,0
flow_10.11,62.5,4.0,0
flow_30.12,72.0,3.0,0
flow_10.12,59.5,3.0,0
flow_30.13,71.5,3.0,0
flow_10.13,54.5,3.0,0
flow_20.12,85.5,4.0,0
flow_00.5,31.0,3.5,0
flow_20.13,84.5,3.0,0
flow_20.14,84.0,3.0,0
flow_10.14,68.5,4.0,0
flow_30.14,88.5,4.0,0
flow_30.15,87.5,3.0,0
flow_10.15,59.5,3.5,0
flow_30.16,87.0,3.0,0
flow_10.16,57.0,3.0,0
flow_00.6,21.0,2.0,0
flow_20.15,97.0,4.0,0
flow_20.16,96.0,3.0,0
flow_20.17,85.5,3.0,0
flow_30.17,101.0,4.0,0
flow_10.17,71.5,4.0,0
flow_30.18,100.5,3.0,0
flow_10.18,66.0,3.0,0
flow_30.19,96.0,3.0,0
flow_10.19,65.0,3.0,0
flow_00.7,41.0,4.0,0
flow_20.18,100.5,4.0,0
flow_20.19,83.5,3.0,0
flow_00.8,40.5,3.0,0
flow_20.20,82.0,3.0,0
flow_30.20,100.5,4.0,0
flow_10.20,77.5,4.0,0
flow_30.21,97.0,3.0,0
flow_10.21,64.5,3.0,0
flow_10.22,31.0,3.0,0
flow_30.22,90.5,3.0,0
flow_20.21,99.5,4.0,0
flow_00.9,37.0,4.0,0
flow_00.10,28.5,3.0,0
flow_20.22,99.0,3.0,0
flow_00.11,27.0,3.0,0
flow_20.23,95.5,3.0,0
flow_00.12,26.0,2.5,0
flow_10.23,43.0,4.0,0
flow_30.23,103.0,4.0,0
flow_30.24,101.5,3.0,0
flow_10.24,43.0,3.0,0
flow_10.25,26.5,3.0,0
flow_30.25,98.5,3.0,0
flow_10.26,25.5,3.0,0
flow_20.24,107.0,4.0,0
flow_00.13,41.0,4.0,0
flow_20.25,105.5,3.0,0
flow_00.14,40.5,3.0,0
flow_20.26,102.5,3.0,0
flow_00.15,40.0,3.0,0
flow_30.26,108.0,4.0,0
flow_10.27,40.5,4.0,0
flow_30.27,105.5,3.0,0
flow_10.28,41.0,3.5,0
flow_30.28,104.0,3.0,0
flow_10.29,40.0,3.0,0
flow_00.16,53.5,4.0,0
flow_20.27,109.0,4.0,0
flow_00.17,43.5,3.0,0
flow_20.28,106.0,3.0,0
flow_20.29,102.5,3.0,0
flow_30.29,107.0,4.0,0
flow_10.30,41.5,4.0,0
flow_30.30,105.0,3.0,0
flow_10.31,40.0,3.0,0
flow_10.32,33.5,3.0,0
flow_30.31,103.5,3.0,0
flow_20.30,108.0,4.0,0
flow_20.31,106.5,3.5,0
flow_20.32,103.0,3.0,0
flow_30.32,107.5,4.0,0
flow_10.33,30.5,3.5,0
flow_10.34,29.5,3.0,0
flow_30.33,106.5,3.0,0
flow_30.34,102.5,3.0,0
flow_10.35,29.0,3.0,0
flow_20.33,107.5,4.0,0
flow_20.34,105.5,3.0,0
flow_20.35,102.0,3.0,0
flow_00.18,23.5,2.5,0
flow_30.35,107.0,4.0,0
flow_10.36,44.5,4.0,0
flow_30.36,105.5,3.0,0
flow_10.37,43.0,3.0,0
flow_30.37,102.5,3.0,0
flow_10.38,41.5,3.0,0
flow_00.19,24.0,2.5,0
flow_20.36,107.5,4.0,0
flow_20.37,105.5,3.0,0
flow_20.38,102.5,3.0,0
flow_10.39,55.5,4.0,0
flow_30.38,107.5,4.0,0
flow_10.40,54.0,3.0,0
flow_30.39,107.0,3.5,0
flow_30.40,103.0,3.0,0
flow_10.41,53.0,3.0,0
flow_00.20,29.5,3.5,0
flow_20.39,108.0,4.0,0
flow_20.40,105.5,3.0,0
flow_00.21,28.5,3.0,0
flow_20.41,102.0,3.0,0
flow_30.41,107.5,4.0,0
flow_10.42,70.5,4.0,0
flow_10.43,69.5,3.0,0
flow_30.42,106.0,3.0,0
flow_30.43,103.0,3.0,0
flow_10.44,69.0,3.0,0
flow_20.42,107.0,4.0,0
flow_20.43,105.5,3.0,0
flow_20.44,102.5,3.0,0
flow_30.44,107.5,4.0,0
flow_10.45,86.0,4.0,0
flow_30.45,105.5,3.0,0
flow_10.46,86.0,3.5,0
flow_30.46,102.5,3.0,0
flow_10.47,84.5,3.0,0
flow_20.45,108.0,4.0,0
flow_00.22,35.5,4.0,0
flow_20.46,106.0,3.0,0
flow_20.47,104.0,3.0,0
flow_10.48,101.0,4.0,0
flow_30.47,108.0,4.0,0
flow_10.49,100.5,3.0,0
flow_30.48,106.0,3.0,0
flow_30.49,103.0,3.0,0
flow_10.50,97.0,3.0,0
flow_20.48,108.5,4.0,0
flow_00.23,40.5,4.0,0
flow_20.49,105.5,3.0,0
flow_20.50,102.5,3.0,0
flow_30.50,107.5,4.0,0
flow_10.51,107.5,4.0,0
flow_30.51,106.0,3.0,0
flow_10.52,106.0,3.0,0
flow_30.52,102.5,3.0,0
flow_10.53,101.5,3.0,0
flow_20.51,108.0,4.0,0
flow_20.52,105.5,3.0,0
flow_20.53,102.0,3.0,0
flow_30.53,107.5,4.0,0
flow_10.54,109.0,4.0,0
flow_30.54,106.5,3.0,0
flow_10.55,106.5,3.5,0
flow_30.55,103.0,3.0,0
flow_10.56,103.0,3.0,0
flow_20.54,107.0,4.0,0
flow_00.24,26.5,3.5,0
flow_20.55,106.0,3.0,0
flow_20.56,102.5,3.0,0
flow_10.57,107.0,4.0,0
flow_30.56,108.0,4.0,0
flow_10.58,105.0,3.0,0
flow_30.57,105.5,3.0,0
flow_10.59,102.0,3.0,0
flow_30.58,103.0,3.0,0
flow_20.57,107.5,4.0,0
flow_20.58,106.0,3.0,0
flow_20.59,103.0,3.0,0
flow_10.60,107.0,4.0,0
flow_30.59,107.5,4.0,0
flow_30.60,106.0,3.0,0
flow_10.61,106.0,3.0,0
flow_30.61,102.5,3.0,0
flow_10.62,102.5,3.0,0
flow_00.25,34.0,4.0,0
flow_20.60,107.5,4.0,0
flow_20.61,105.5,3.0,0
flow_00.26,34.5,3.0,0
flow_20.62,103.0,3.0,0
flow_30.62,107.0,4.0,0
flow_10.63,108.0,4.0,0
flow_30.63,106.0,3.0,0
flow_10.64,106.0,3.0,0
flow_10.65,102.5,3.0,0
flow_30.64,103.0,3.0,0
flow_20.63,108.0,4.0,0
flow_20.64,105.5,3.0,0
flow_20.65,103.0,3.0,0
flow_10.66,107.0,4.0,0
flow_30.65,108.0,4.0,0
flow_10.67,105.0,3.0,0
flow_30.66,105.5,3.0,0
flow_10.68,102.0,3.0,0
flow_30.67,102.5,3.0,0
flow_20.66,107.5,4.0,0
flow_20.67,105.0,3.0,0
flow_20.68,102.0,3.0,0
flow_10.69,107.5,4.0,0
flow_30.68,108.0,4.0,0
flow_30.69,105.5,3.0,0
flow_10.70,106.5,3.0,0
flow_30.70,102.5,3.0,0
flow_10.71,103.0,3.0,0
flow_20.69,108.0,4.0,0
flow_20.70,106.5,3.5,0
flow_20.71,104.0,3.0,0
flow_30.71,107.0,4.0,0
flow_10.72,107.5,4.0,0
flow_30.72,105.0,3.0,0
flow_10.73,105.5,3.0,0
flow_30.73,102.0,3.0,0
flow_10.74,102.0,3.0,0
flow_20.72,107.0,4.0,0
flow_00.27,37.0,4.0,0
flow_20.73,105.0,3.0,0
flow_20.74,102.5,3.0,0
flow_30.74,107.5,4.0,0
flow_10.75,108.5,4.0,0
flow_30.75,105.5,3.0,0
flow_10.76,105.5,3.0,0
flow_10.77,102.0,3.0,0
flow_30.76,102.5,3.0,0
flow_20.75,107.0,4.0,0
flow_00.28,40.5,4.0,0
flow_20.76,106.0,3.0,0
flow_00.29,21.5,2.0,0
flow_20.77,103.0,3.0,0
flow_30.77,107.0,4.0,0
flow_10.78,107.5,4.0,0
flow_30.78,106.0,3.0,0
flow_10.79,106.5,3.5,0
flow_30.79,102.5,3.0,0
flow_10.80,104.0,3.0,0
flow_20.78,108.0,4.0,0
flow_00.30,37.0,4.0,0
flow_20.79,105.5,3.0,0
flow_00.31,36.0,3.0,0
flow_20.80,102.5,3.0,0
flow_00.32,32.5,3.0,0
flow_30.80,107.5,4.0,0
flow_10.81,108.5,4.0,0
flow_10.82,105.5,3.0,0
flow_30.81,106.0,3.0,0
flow_30.82,103.0,3.0,0
flow_10.83,103.5,3.0,0
flow_20.81,107.5,4.0,0
flow_00.33,48.0,4.0,0
flow_20.82,106.0,3.0,0
flow_00.34,33.0,3.0,0
flow_20.83,102.5,3.0,0
flow_10.84,107.5,4.0,0
flow_30.83,109.0,4.0,0
flow_10.85,105.5,3.0,0
flow_30.84,106.0,3.0,0
flow_10.86,102.0,3.0,0
flow_30.85,102.5,3.0,0
flow_20.84,107.0,4.0,0
flow_20.85,105.0,3.0,0
flow_20.86,102.5,3.0,0
flow_30.86,107.0,4.0,0
flow_10.87,107.5,4.0,0
flow_30.87,105.5,3.0,0
flow_10.88,105.5,3.0,0
flow_10.89,102.0,3.0,0
flow_30.88,103.5,3.0,0
flow_00.35,37.5,4.0,0
flow_20.87,107.5,4.0,0
flow_00.36,26.5,2.5,0
flow_20.88,105.5,3.0,0
flow_20.89,102.5,3.0,0
flow_30.89,108.0,4.0,0
flow_10.90,108.0,4.0,0
flow_30.90,105.5,3.0,0
flow_10.91,106.0,3.0,0
flow_30.91,102.5,3.0,0
flow_10.92,103.0,3.0,0
flow_20.90,107.0,4.0,0
flow_00.37,41.5,4.0,0
flow_20.91,106.0,3.0,0
flow_20.92,102.5,3.0,0
flow_00.38,22.5,2.0,0
flow_30.92,107.5,4.0,0
flow_10.93,107.5,4.0,0
flow_30.93,106.0,3.0,0
flow_10.94,106.5,3.0,0
flow_10.95,102.5,3.0,0
flow_30.94,103.0,3.0,0
flow_20.93,107.0,4.0,0
flow_20.94,106.0,3.0,0
flow_20.95,103.0,3.0,0
flow_10.96,107.5,4.0,0
flow_30.95,109.0,4.0,0
flow_10.97,105.5,3.0,0
flow_30.96,106.5,3.5,0
flow_10.98,102.5,3.0,0
flow_30.97,103.0,3.0,0
flow_20.96,108.0,4.0,0
flow_00.39,22.5,2.0,0
flow_20.97,106.0,3.0,0
flow_00.40,22.5,2.5,0
flow_20.98,103.0,3.0,0
flow_10.99,107.5,4.0,0
flow_30.98,108.0,4.0,0
flow_30.99,105.5,3.0,0
flow_10.100,105.5,3.0,0
flow_30.100,102.5,3.0,0
flow_10.101,102.5,3.0,0
flow_20.99,107.5,4.0,0
flow_00.41,39.5,4.0,0
flow_20.100,106.0,3.0,0
flow_20.101,103.0,3.0,0
flow_30.101,107.0,4.0,0
flow_10.102,108.5,4.0,0
flow_10.103,105.5,3.0,0
flow_30.102,106.0,3.0,0
flow_10.104,102.5,3.0,0
flow_30.103,103.0,3.0,0
flow_20.102,107.0,4.0,0
flow_20.103,105.0,3.0,0
flow_20.104,102.5,3.0,0
flow_30.104,107.5,4.0,0
flow_10.105,108.0,4.0,0
flow_30.105,105.5,3.0,0
flow_10.106,105.5,3.0,0
flow_30.106,102.0,3.0,0
flow_10.107,102.5,3.0,0
flow_20.105,107.5,4.0,0
flow_20.106,107.0,3.5,0
flow_20.107,103.0,3.0,0
flow_30.107,107.5,4.0,0
flow_10.108,107.5,4.0,0
flow_30.108,105.5,3.0,0
flow_10.109,105.5,3.0,0
flow_30.109,102.5,3.0,0
flow_10.110,103.0,3.0,0
flow_00.42,26.0,3.0,0
flow_20.108,108.0,4.0,0
flow_20.109,105.5,3.0,0
flow_20.110,102.0,3.0,0
flow_00.43,21.0,1.5,0
flow_10.111,107.5,4.0,0
flow_30.110,108.0,4.0,0
flow_30.111,105.5,3.0,0
flow_10.112,105.5,3.0,0
flow_10.113,102.5,3.0,0
flow_30.112,103.0,3.0,0
flow_20.111,108.0,4.0,0
flow_20.112,105.5,3.0,0
flow_20.113,102.5,3.0,0
flow_10.114,107.5,4.0,0
flow_30.113,108.0,4.0,0
flow_30.114,105.5,3.0,0
flow_10.115,106.0,3.0,0
flow_10.116,103.0,3.0,0
flow_30.115,105.0,3.5,0
flow_20.114,107.0,4.0,0
flow_00.44,31.0,3.5,0
flow_20.115,105.0,3.0,0
flow_00.45,30.0,3.0,0
flow_20.116,102.5,3.0,0
flow_10.117,107.5,4.0,0
flow_30.116,108.0,4.0,0
flow_10.118,105.5,3.0,0
flow_30.117,106.0,3.0,0
flow_10.119,102.0,3.0,0
flow_30.118,102.5,3.0,0
flow_20.117,108.0,4.0,0
flow_00.46,31.5,3.5,0
flow_20.118,106.0,3.0,0
flow_20.119,102.5,3.0,0
flow_30.119,107.0,4.0,0
flow_10.120,108.5,4.0,0
flow_30.120,105.5,3.0,0
flow_10.121,106.0,3.0,0
flow_10.122,103.0,3.0,0
flow_30.121,103.5,3.0,0
flow_20.120,107.0,4.0,0
flow_20.121,106.0,3.0,0
flow_20.122,103.0,3.0,0
flow_30.122,107.0,4.0,0
flow_10.123,107.0,4.0,0
flow_30.123,105.5,3.0,0
flow_10.124,105.5,3.0,0
flow_30.124,102.0,3.0,0
flow_10.125,103.0,3.0,0
flow_20.123,107.5,4.0,0
flow_20.124,105.5,3.0,0
flow_20.125,103.5,3.0,0
flow_30.0,22.0,2.0,0
flow_30.1,21.0,2.0,0
flow_20.0,36.5,4.0,0
flow_00.0,37.0,4.0,0
flow_20.1,31.5,3.5,0
flow_00.1,37.0,3.0,0
flow_20.2,30.0,3.0,0
flow_00.2,36.0,3.0,0
flow_10.0,31.0,3.5,0
flow_30.2,30.5,3.5,0
flow_30.3,29.0,3.0,0
flow_30.4,29.0,3.0,0
flow_30.5,27.0,3.0,0
flow_00.3,49.0,4.0,0
flow_20.3,48.5,4.0,0
flow_20.4,43.0,3.0,0
flow_00.4,43.5,3.0,0
flow_00.5,42.0,3.0,0
flow_20.5,39.5,3.0,0
flow_30.6,42.0,4.0,0
flow_10.1,20.5,1.5,0
flow_30.7,41.5,3.0,0
flow_30.8,28.5,3.0,0
flow_20.6,27.0,3.5,0
flow_00.6,60.0,4.0,0
flow_20.7,23.0,2.5,0
flow_00.7,55.0,3.0,0
flow_20.8,23.0,2.0,0
flow_00.8,50.5,3.0,0
flow_10.2,27.5,3.5,0
flow_30.9,38.5,4.0,0
flow_30.10,29.5,3.0,0
flow_20.9,40.0,4.0,0
flow_00.9,68.0,4.0,0
flow_20.10,39.5,3.0,0
flow_00.10,68.0,3.0,0
flow_00.11,66.5,3.0,0
flow_20.11,39.5,3.0,0
flow_10.3,40.5,4.0,0
flow_30.11,37.0,4.0,0
flow_30.12,36.5,3.0,0
flow_30.13,30.0,3.0,0
flow_00.12,71.0,4.0,0
flow_20.12,56.5,4.0,0
flow_00.13,26.0,2.5,0
flow_20.13,55.5,3.0,0
flow_00.14,24.5,2.5,0
flow_20.14,55.0,3.0,0
flow_00.15,23.5,2.5,0
flow_10.4,39.5,4.0,0
flow_30.14,43.0,4.0,0
flow_30.15,22.0,2.0,0
flow_00.16,35.5,4.0,0
flow_20.15,62.0,4.0,0
flow_00.17,33.0,3.0,0
flow_20.16,59.0,3.5,0
flow_00.18,25.0,2.5,0
flow_20.17,57.0,3.0,0
flow_30.16,42.0,4.0,0
flow_10.5,32.5,3.5,0
flow_30.17,38.5,3.0,0
flow_30.18,28.0,3.0,0
flow_30.19,27.0,2.5,0
flow_20.18,74.0,4.0,0
flow_00.19,42.5,4.0,0
flow_20.19,73.0,3.0,0
flow_00.20,41.0,3.0,0
flow_00.21,39.5,3.0,0
flow_20.20,73.5,3.0,0
flow_10.6,26.0,3.5,0
flow_30.20,38.5,4.0,0
flow_30.21,35.0,3.0,0
flow_30.22,34.0,3.0,0
flow_20.21,89.5,4.0,0
flow_00.22,57.0,4.0,0
flow_00.23,56.5,3.0,0
flow_20.22,90.5,3.5,0
flow_00.24,55.5,3.0,0
flow_20.23,88.5,3.0,0
flow_30.23,51.5,4.0,0
flow_30.24,50.5,3.0,0
flow_30.25,46.5,3.0,0
flow_00.25,68.0,4.0,0
flow_20.24,106.0,4.0,0
flow_00.26,68.0,3.0,0
flow_20.25,105.5,3.5,0
flow_00.27,67.0,3.0,0
flow_20.26,96.0,3.0,0
flow_30.26,56.0,4.0,0
flow_30.27,40.5,3.0,0
flow_30.28,39.5,3.0,0
flow_10.7,21.0,1.5,0
flow_20.27,104.5,4.0,0
flow_00.28,84.0,4.0,0
flow_20.28,104.0,3.0,0
flow_00.29,84.0,3.0,0
flow_20.29,102.5,3.0,0
flow_00.30,83.0,3.0,0
flow_30.29,51.5,4.0,0
flow_30.30,46.5,3.0,0
flow_30.31,44.0,3.0,0
flow_00.31,99.5,4.0,0
flow_20.30,108.0,4.0,0
flow_20.31,104.5,3.0,0
flow_00.32,99.0,3.0,0
flow_20.32,102.5,3.0,0
flow_00.33,97.5,3.0,0
flow_30.32,62.0,4.0,0
flow_30.33,61.5,3.0,0
flow_30.34,48.0,3.0,0
flow_00.34,107.0,4.0,0
flow_20.33,107.5,4.0,0
flow_00.35,105.5,3.0,0
flow_20.34,105.5,3.0,0
flow_00.36,102.0,3.0,0
flow_20.35,98.5,3.0,0
flow_10.8,21.5,2.0,0
flow_30.35,44.0,4.0,0
flow_30.36,29.0,3.0,0
flow_10.9,20.5,1.5,0
flow_30.37,22.5,2.0,0
flow_00.37,107.5,4.0,0
flow_20.36,107.5,4.0,0
flow_00.38,105.5,3.0,0
flow_20.37,97.0,3.0,0
flow_00.39,102.5,3.0,0
flow_20.38,95.5,3.0,0
flow_10.10,35.0,4.0,0
flow_30.38,41.0,4.0,0
flow_30.39,42.5,3.5,0
flow_30.40,40.5,3.0,0
flow_20.39,108.0,4.0,0
flow_00.40,109.0,4.0,0
flow_20.40,103.0,3.0,0
flow_00.41,106.5,3.5,0
flow_20.41,98.5,3.0,0
flow_00.42,103.5,3.0,0
flow_30.41,57.0,4.0,0
flow_10.11,21.0,1.5,0
flow_30.42,56.0,3.0,0
flow_30.43,51.5,3.0,0
flow_00.43,107.5,4.0,0
flow_20.42,107.5,4.0,0
flow_00.44,105.0,3.0,0
flow_20.43,105.5,3.0,0
flow_20.44,102.0,3.0,0
flow_00.45,102.5,3.0,0
flow_30.44,69.5,4.0,0
flow_30.45,59.5,3.0,0
flow_30.46,58.5,3.0,0
flow_00.46,107.0,4.0,0
flow_20.45,107.5,4.0,0
flow_00.47,105.5,3.0,0
flow_20.46,107.0,3.5,0
flow_00.48,102.5,3.0,0
flow_20.47,103.5,3.0,0
flow_10.12,25.5,3.0,0
flow_30.47,73.0,4.0,0
flow_10.13,23.0,2.0,0
flow_30.48,67.0,3.0,0
flow_30.49,63.0,3.0,0
flow_00.49,107.5,4.0,0
flow_20.48,107.5,4.0,0
flow_00.50,105.5,3.0,0
flow_20.49,105.5,3.0,0
flow_00.51,102.5,3.0,0
flow_20.50,102.5,3.0,0
flow_30.50,75.0,4.0,0
flow_30.51,69.5,3.0,0
flow_10.14,20.5,1.5,0
flow_30.52,66.0,3.0,0
flow_00.52,107.5,4.0,0
flow_20.51,108.0,4.0,0
flow_00.53,105.5,3.0,0
flow_20.52,106.5,3.0,0
flow_00.54,102.0,3.0,0
flow_20.53,102.5,3.0,0
flow_10.15,39.5,4.0,0
flow_30.53,59.5,4.0,0
flow_10.16,31.5,3.5,0
flow_30.54,58.5,3.0,0
flow_30.55,57.0,3.0,0
flow_20.54,107.0,4.0,0
flow_00.55,107.5,4.0,0
flow_00.56,105.5,3.0,0
flow_20.55,106.0,3.0,0
flow_00.57,102.5,3.0,0
flow_20.56,102.5,3.0,0
flow_30.56,74.5,4.0,0
flow_10.17,39.5,4.0,0
flow_10.18,29.0,3.0,0
flow_30.57,74.0,3.0,0
flow_30.58,72.0,3.0,0
flow_00.58,107.0,4.0,0
flow_20.57,107.5,4.0,0
flow_00.59,105.0,3.0,0
flow_20.58,105.0,3.0,0
flow_20.59,102.0,3.0,0
flow_00.60,102.5,3.0,0
flow_30.59,90.5,4.0,0
flow_10.19,32.0,3.5,0
flow_30.60,89.5,3.0,0
flow_10.20,31.0,3.0,0
flow_30.61,84.0,3.0,0
flow_00.61,107.5,4.0,0
flow_20.60,107.5,4.0,0
flow_00.62,105.5,3.0,0
flow_20.61,105.5,3.0,0
flow_00.63,102.0,3.0,0
flow_20.62,102.5,3.0,0
flow_10.21,38.5,4.0,0
flow_30.62,102.5,4.0,0
flow_30.63,88.0,3.0,0
flow_30.64,87.0,3.0,0
flow_00.64,107.5,4.0,0
flow_20.63,108.0,4.0,0
flow_00.65,105.5,3.0,0
flow_20.64,106.0,3.0,0
flow_00.66,102.5,3.0,0
flow_20.65,104.0,3.0,0
flow_30.65,104.0,4.0,0
flow_30.66,104.5,3.0,0
flow_30.67,102.0,3.0,0
flow_00.67,107.5,4.0,0
flow_20.66,108.0,4.0,0
flow_00.68,105.0,3.0,0
flow_20.67,105.5,3.0,0
flow_00.69,102.5,3.0,0
flow_20.68,102.5,3.0,0
flow_30.68,107.0,4.0,0
flow_10.22,41.5,4.0,0
flow_30.69,106.0,3.0,0
flow_10.23,20.5,1.5,0
flow_30.70,102.5,3.0,0
flow_00.70,107.0,4.0,0
flow_20.69,108.5,4.0,0
flow_00.71,105.5,3.0,0
flow_20.70,105.5,3.0,0
flow_20.71,102.5,3.0,0
flow_00.72,103.0,3.0,0
flow_30.71,107.0,4.0,0
flow_10.24,35.0,4.0,0
flow_30.72,105.5,3.0,0
flow_30.73,103.0,3.0,0
flow_10.25,21.0,1.5,0
flow_00.73,107.5,4.0,0
flow_20.72,108.5,4.0,0
flow_00.74,105.0,3.0,0
flow_20.73,106.5,3.5,0
flow_00.75,102.5,3.0,0
flow_20.74,103.0,3.0,0
flow_10.26,28.0,3.5,0
flow_30.74,108.0,4.0,0
flow_30.75,106.0,3.0,0
flow_30.76,102.5,3.0,0
flow_10.27,21.0,1.5,0
flow_20.75,107.5,4.0,0
flow_00.76,108.0,4.0,0
flow_20.76,105.5,3.0,0
flow_00.77,106.0,3.0,0
flow_00.78,102.5,3.0,0
flow_20.77,102.5,3.0,0
flow_30.77,108.5,4.0,0
flow_30.78,106.0,3.0,0
flow_30.79,102.5,3.0,0
flow_00.79,108.0,4.0,0
flow_20.78,108.5,4.0,0
flow_20.79,106.0,3.0,0
flow_00.80,106.5,3.0,0
flow_00.81,103.0,3.0,0
flow_20.80,103.0,3.0,0
flow_30.80,107.0,4.0,0
flow_10.28,30.0,3.5,0
flow_30.81,105.5,3.0,0
flow_30.82,103.0,3.0,0
flow_20.81,107.0,4.0,0
flow_00.82,108.0,4.0,0
flow_20.82,105.0,3.0,0
flow_00.83,105.5,3.0,0
flow_00.84,103.0,3.0,0
flow_20.83,103.5,3.0,0
flow_30.83,107.5,4.0,0
flow_10.29,28.5,3.5,0
flow_10.30,27.5,3.0,0
flow_30.84,105.5,3.0,0
flow_30.85,102.0,3.0,0
flow_20.84,107.5,4.0,0
flow_00.85,108.5,4.0,0
flow_20.85,105.5,3.0,0
flow_00.86,106.0,3.0,0
flow_00.87,102.5,3.0,0
flow_20.86,103.0,3.0,0
flow_10.31,22.0,2.0,0
flow_30.86,107.5,4.0,0
flow_30.87,105.0,3.0,0
flow_30.88,102.0,3.0,0
flow_00.88,107.5,4.0,0
flow_20.87,107.5,4.0,0
flow_20.88,105.5,3.0,0
flow_00.89,106.5,3.5,0
flow_00.90,103.0,3.0,0
flow_20.89,104.0,3.0,0
flow_30.89,108.0,4.0,0
flow_10.32,38.5,4.0,0
flow_10.33,33.5,3.0,0
flow_30.90,106.0,3.0,0
flow_30.91,102.5,3.0,0
flow_00.91,107.0,4.0,0
flow_20.90,107.0,4.0,0
flow_00.92,105.5,3.0,0
flow_20.91,106.0,3.0,0
flow_00.93,102.0,3.0,0
flow_20.92,103.0,3.0,0
flow_30.92,108.0,4.0,0
flow_30.93,106.5,3.0,0
flow_30.94,103.0,3.0,0
flow_00.94,107.5,4.0,0
flow_20.93,107.5,4.0,0
flow_00.95,105.0,3.0,0
flow_20.94,105.5,3.0,0
flow_20.95,102.0,3.0,0
flow_00.96,102.5,3.0,0
flow_30.95,107.5,4.0,0
flow_30.96,105.5,3.0,0
flow_10.34,20.5,1.5,0
flow_30.97,102.5,3.0,0
flow_20.96,107.5,4.0,0
flow_00.97,108.0,4.0,0
flow_00.98,105.0,3.0,0
flow_20.97,105.0,3.0,0
flow_00.99,102.0,3.0,0
flow_20.98,102.5,3.0,0
flow_10.35,41.0,4.0,0
flow_30.98,108.0,4.0,0
flow_30.99,105.5,3.0,0
flow_10.36,32.0,3.0,0
flow_30.100,102.5,3.0,0
flow_10.37,22.5,2.0,0
flow_00.100,107.5,4.0,0
flow_20.99,107.5,4.0,0
flow_00.101,105.5,3.0,0
flow_20.100,105.5,3.0,0
flow_00.102,102.5,3.0,0
flow_20.101,102.5,3.0,0
flow_10.38,37.0,4.0,0
flow_30.101,108.5,4.0,0
flow_10.39,29.5,3.0,0
flow_30.102,105.5,3.0,0
flow_30.103,103.0,3.0,0
flow_00.103,107.0,4.0,0
flow_20.102,108.0,4.0,0
flow_20.103,105.5,3.0,0
flow_00.104,106.0,3.0,0
flow_00.105,102.5,3.0,0
flow_20.104,102.5,3.0,0
flow_30.104,107.5,4.0,0
flow_10.40,31.5,3.5,0
flow_30.105,106.0,3.0,0
flow_30.106,102.5,3.0,0
flow_00.106,107.5,4.0,0
flow_20.105,108.0,4.0,0
flow_00.107,105.0,3.0,0
flow_20.106,105.5,3.0,0
flow_00.108,102.5,3.0,0
flow_20.107,103.0,3.0,0
flow_30.107,108.5,4.0,0
flow_10.41,21.0,1.5,0
flow_30.108,106.0,3.0,0
flow_30.109,102.5,3.0,0
flow_00.109,108.0,4.0,0
flow_20.108,108.0,4.0,0
flow_00.110,105.5,3.0,0
flow_20.109,106.5,3.5,0
flow_00.111,103.0,3.0,0
flow_20.110,103.5,3.0,0
flow_30.110,108.0,4.0,0
flow_30.111,105.5,3.0,0
flow_30.112,102.5,3.0,0
flow_00.112,107.5,4.0,0
flow_20.111,108.0,4.0,0
flow_00.113,105.0,3.0,0
flow_20.112,106.5,3.0,0
flow_00.114,102.0,3.0,0
flow_20.113,103.0,3.0,0
flow_30.113,107.5,4.0,0
flow_10.42,41.0,4.0,0
flow_30.114,106.0,3.0,0
flow_10.43,40.5,3.0,0
flow_30.115,102.5,3.0,0
flow_00.115,107.5,4.0,0
flow_20.114,107.5,4.0,0
flow_00.116,105.5,3.0,0
flow_20.115,106.0,3.0,0
flow_20.116,102.5,3.0,0
flow_00.117,103.0,3.0,0
flow_30.116,107.0,4.0,0
flow_10.44,35.5,4.0,0
flow_10.45,25.0,2.5,0
flow_30.117,105.5,3.0,0
flow_30.118,103.0,3.0,0
flow_00.118,107.0,4.0,0
flow_20.117,108.0,4.0,0
flow_20.118,105.5,3.0,0
flow_00.119,106.5,3.0,0
flow_00.120,103.0,3.0,0
flow_20.119,103.0,3.0,0
flow_30.119,107.5,4.0,0
flow_30.120,105.0,3.0,0
flow_10.46,21.5,2.0,0
flow_30.121,102.0,3.0,0
flow_00.121,108.0,4.0,0
flow_20.120,108.0,4.0,0
flow_00.122,105.5,3.0,0
flow_20.121,105.5,3.0,0
flow_00.123,102.5,3.0,0
flow_20.122,102.5,3.0,0
flow_10.47,31.0,3.5,0
flow_30.122,108.0,4.0,0
flow_10.48,30.5,3.0,0
flow_30.123,106.0,3.0,0
flow_10.49,29.0,3.0,0
flow_30.124,103.0,3.0,0
flow_00.124,107.5,4.0,0
flow_20.123,108.0,4.0,0
flow_00.125,105.5,3.0,0
flow_20.124,105.5,3.0,0
flow_00.126,102.5,3.0,0
flow_20.125,103.5,3.0,0
flow_30.0,22.0,2.0,0
flow_20.0,24.0,2.5,0
flow_00.0,38.0,4.0,0
flow_00.1,33.5,3.0,0
flow_00.2,31.5,3.0,0
flow_20.1,22.5,2.0,0
flow_10.0,41.5,4.0,0
flow_30.1,41.0,4.0,0
flow_10.1,38.0,3.0,0
flow_30.2,38.5,3.0,0
flow_30.3,37.0,3.0,0
flow_10.2,32.5,3.0,0
flow_00.3,48.5,4.0,0
flow_20.2,22.0,2.0,0
flow_00.4,48.0,3.0,0
flow_20.3,22.0,2.0,0
flow_00.5,38.5,3.0,0
flow_30.4,48.5,4.0,0
flow_10.3,38.5,4.0,0
flow_30.5,46.5,3.0,0
flow_10.4,34.0,3.0,0
flow_30.6,45.5,3.0,0
flow_10.5,33.0,3.0,0
flow_00.6,56.5,4.0,0
flow_20.4,39.5,4.0,0
flow_20.5,23.0,2.0,0
flow_00.7,47.0,3.0,0
flow_00.8,46.0,3.0,0
flow_30.7,54.5,4.0,0
flow_10.6,44.0,4.0,0
flow_30.8,44.5,3.0,0
flow_10.7,42.5,3.0,0
flow_10.8,41.5,3.0,0
flow_30.9,44.5,3.0,0
flow_00.9,64.0,4.0,0
flow_20.6,40.5,4.0,0
flow_00.10,63.0,3.0,0
flow_20.7,26.0,2.5,0
flow_00.11,61.5,3.0,0
flow_10.9,59.0,4.0,0
flow_30.10,61.5,4.0,0
flow_10.10,51.0,3.0,0
flow_30.11,60.5,3.0,0
flow_30.12,55.0,3.0,0
flow_10.11,51.0,3.0,0
flow_00.12,79.0,4.0,0
flow_20.8,39.0,4.0,0
flow_00.13,78.5,3.0,0
flow_20.9,38.5,3.0,0
flow_00.14,57.0,3.0,0
flow_20.10,34.0,3.0,0
flow_30.13,69.0,4.0,0
flow_10.12,65.5,4.0,0
flow_30.14,68.5,3.0,0
flow_10.13,44.0,3.5,0
flow_30.15,68.0,3.0,0
flow_10.14,41.5,3.0,0
flow_20.11,51.0,4.0,0
flow_00.15,74.5,4.0,0
flow_00.16,52.5,3.0,0
flow_20.12,48.5,3.5,0
flow_20.13,47.0,3.0,0
flow_00.17,53.0,3.0,0
flow_30.16,74.0,4.0,0
flow_10.15,58.5,4.0,0
flow_30.17,72.0,3.0,0
flow_10.16,55.0,3.0,0
flow_10.17,51.0,3.0,0
flow_30.18,72.0,3.0,0
flow_20.14,64.0,4.0,0
flow_00.18,61.5,4.0,0
flow_20.15,63.0,3.0,0
flow_00.19,58.0,3.0,0
flow_00.20,56.5,3.0,0
flow_20.16,48.5,3.0,0
flow_10.18,68.0,4.0,0
flow_30.19,89.5,4.0,0
flow_10.19,68.0,3.0,0
flow_30.20,89.5,3.5,0
flow_30.21,87.5,3.0,0
flow_10.20,67.5,3.0,0
flow_00.21,69.0,4.0,0
flow_20.17,66.0,4.0,0
flow_20.18,66.0,3.0,0
flow_00.22,61.5,3.5,0
flow_20.19,59.5,3.0,0
flow_00.23,60.0,3.0,0
flow_30.22,104.5,4.0,0
flow_10.21,84.5,4.0,0
flow_10.22,84.0,3.0,0
flow_30.23,104.5,3.5,0
flow_30.24,97.0,3.0,0
flow_10.23,83.0,3.0,0
flow_00.24,77.0,4.0,0
flow_20.20,73.0,4.0,0
flow_00.25,76.5,3.0,0
flow_20.21,39.5,3.0,0
flow_00.26,75.5,3.0,0
flow_20.22,31.5,3.0,0
flow_30.25,107.5,4.0,0
flow_10.24,100.0,4.0,0
flow_30.26,105.5,3.0,0
flow_10.25,97.0,3.5,0
flow_30.27,102.5,3.0,0
flow_10.26,89.0,3.0,0
flow_00.27,90.5,4.0,0
flow_20.23,49.0,4.0,0
flow_00.28,56.0,3.0,0
flow_20.24,49.0,3.0,0
flow_00.29,53.5,3.0,0
flow_20.25,47.5,3.0,0
flow_10.27,100.0,4.0,0
flow_30.28,108.0,4.0,0
flow_30.29,106.0,3.0,0
flow_10.28,100.0,3.0,0
flow_10.29,98.0,3.0,0
flow_30.30,103.0,3.0,0
flow_00.30,70.5,4.0,0
flow_20.26,46.5,4.0,0
flow_00.31,23.5,2.0,0
flow_20.27,45.5,3.0,0
flow_20.28,44.5,3.0,0
flow_00.32,21.5,2.0,0
flow_10.30,107.5,4.0,0
flow_30.31,108.5,4.0,0
flow_30.32,105.5,3.0,0
flow_10.31,106.0,3.0,0
flow_30.33,102.5,3.0,0
flow_10.32,102.5,3.0,0
flow_00.33,37.5,4.0,0
flow_20.29,61.0,4.0,0
flow_20.30,60.0,3.0,0
flow_00.34,38.5,3.0,0
flow_20.31,58.5,3.0,0
flow_00.35,24.0,2.5,0
flow_30.34,107.5,4.0,0
flow_10.33,107.5,4.0,0
flow_30.35,106.0,3.0,0
flow_10.34,106.5,3.5,0
flow_10.35,103.0,3.0,0
flow_30.36,103.0,3.0,0
flow_20.32,73.0,4.0,0
flow_00.36,41.0,4.0,0
flow_20.33,73.0,3.0,0
flow_00.37,41.0,3.0,0
flow_20.34,49.5,3.0,0
flow_00.38,26.5,3.0,0
flow_30.37,108.0,4.0,0
flow_10.36,108.5,4.0,0
flow_30.38,105.5,3.0,0
flow_10.37,107.0,3.5,0
flow_10.38,103.0,3.0,0
flow_30.39,103.0,3.0,0
flow_20.35,63.5,4.0,0
flow_00.39,43.0,4.0,0
flow_00.40,26.0,2.5,0
flow_20.36,59.5,3.0,0
flow_00.41,24.5,2.5,0
flow_20.37,58.0,3.0,0
flow_00.42,23.5,2.5,0
flow_10.39,107.5,4.0,0
flow_30.40,108.0,4.0,0
flow_10.40,105.5,3.0,0
flow_30.41,106.0,3.0,0
flow_10.41,103.0,3.0,0
flow_30.42,104.0,3.0,0
flow_20.38,68.0,4.0,0
flow_00.43,39.5,4.0,0
flow_20.39,68.0,3.0,0
flow_00.44,39.0,3.0,0
flow_20.40,55.0,3.0,0
flow_00.45,38.0,3.0,0
flow_10.42,107.0,4.0,0
flow_30.43,107.5,4.0,0
flow_10.43,105.5,3.0,0
flow_30.44,105.5,3.0,0
flow_30.45,102.0,3.0,0
flow_10.44,102.5,3.0,0
flow_20.41,68.0,4.0,0
flow_00.46,56.0,4.0,0
flow_20.42,65.0,3.0,0
flow_00.47,55.0,3.5,0
flow_00.48,53.5,3.0,0
flow_20.43,61.0,3.0,0
flow_10.45,107.0,4.0,0
flow_30.46,107.0,4.0,0
flow_30.47,105.0,3.0,0
flow_10.46,106.0,3.0,0
flow_30.48,102.0,3.0,0
flow_10.47,103.0,3.0,0
flow_20.44,72.5,4.0,0
flow_00.49,71.0,4.0,0
flow_00.50,70.0,3.0,0
flow_20.45,72.5,3.0,0
flow_00.51,69.0,3.0,0
flow_20.46,63.5,3.0,0
flow_30.49,107.0,4.0,0
flow_10.48,108.5,4.0,0
flow_30.50,105.5,3.0,0
flow_10.49,106.0,3.0,0
flow_10.50,102.5,3.0,0
flow_30.51,103.5,3.0,0
flow_00.52,85.5,4.0,0
flow_20.47,80.5,4.0,0
flow_00.53,84.5,3.0,0
flow_20.48,79.5,3.0,0
flow_20.49,78.5,3.0,0
flow_00.54,85.5,3.0,0
flow_30.52,107.5,4.0,0
flow_10.51,108.0,4.0,0
flow_30.53,105.5,3.0,0
flow_10.52,106.0,3.0,0
flow_30.54,103.0,3.0,0
flow_10.53,103.0,3.0,0
flow_00.55,101.5,4.0,0
flow_20.50,75.5,4.0,0
flow_20.51,75.0,3.0,0
flow_00.56,101.5,3.5,0
flow_20.52,45.5,3.0,0
flow_00.57,94.0,3.0,0
flow_10.54,107.0,4.0,0
flow_30.55,108.0,4.0,0
flow_10.55,105.5,3.0,0
flow_30.56,105.5,3.0,0
flow_10.56,102.5,3.0,0
flow_30.57,102.5,3.0,0
flow_20.53,62.5,4.0,0
flow_00.58,107.5,4.0,0
flow_20.54,62.5,3.0,0
flow_00.59,106.0,3.0,0
flow_20.55,61.5,3.0,0
flow_00.60,103.0,3.0,0
flow_10.57,107.5,4.0,0
flow_30.58,107.5,4.0,0
flow_10.58,105.5,3.0,0
flow_30.59,105.5,3.0,0
flow_10.59,103.0,3.0,0
flow_30.60,103.0,3.0,0
flow_00.61,107.0,4.0,0
flow_20.56,70.5,4.0,0
flow_00.62,105.5,3.0,0
flow_20.57,68.0,3.0,0
flow_00.63,102.5,3.0,0
flow_20.58,68.5,3.0,0
flow_30.61,107.0,4.0,0
flow_10.60,107.5,4.0,0
flow_30.62,105.5,3.0,0
flow_10.61,106.0,3.0,0
flow_30.63,102.5,3.0,0
flow_10.62,103.0,3.0,0
flow_20.59,81.5,4.0,0
flow_00.64,108.0,4.0,0
flow_00.65,106.0,3.0,0
flow_20.60,52.5,3.0,0
flow_00.66,102.5,3.0,0
flow_20.61,46.5,3.0,0
flow_30.64,108.0,4.0,0
flow_10.63,108.5,4.0,0
flow_30.65,105.5,3.0,0
flow_10.64,106.5,3.5,0
flow_30.66,102.5,3.0,0
flow_10.65,103.5,3.0,0
flow_00.67,107.5,4.0,0
flow_20.62,63.0,4.0,0
flow_00.68,106.0,3.0,0
flow_20.63,49.0,3.0,0
flow_00.69,103.0,3.0,0
flow_20.64,48.5,3.0,0
flow_10.66,107.5,4.0,0
flow_30.67,107.5,4.0,0
flow_30.68,105.0,3.0,0
flow_10.67,105.5,3.0,0
flow_30.69,102.0,3.0,0
flow_10.68,102.5,3.0,0
flow_00.70,107.5,4.0,0
flow_20.65,58.0,4.0,0
flow_00.71,106.0,3.0,0
flow_20.66,58.0,3.0,0
flow_20.67,51.5,3.0,0
flow_00.72,103.0,3.0,0
flow_10.69,107.5,4.0,0
flow_30.70,107.5,4.0,0
flow_30.71,105.0,3.0,0
flow_10.70,105.5,3.0,0
flow_10.71,102.5,3.0,0
flow_30.72,102.5,3.0,0
flow_00.73,107.0,4.0,0
flow_20.68,68.0,4.0,0
flow_00.74,105.5,3.0,0
flow_20.69,68.5,3.0,0
flow_00.75,102.5,3.0,0
flow_20.70,67.0,3.0,0
flow_10.72,107.5,4.0,0
flow_30.73,107.5,4.0,0
flow_10.73,105.0,3.0,0
flow_30.74,105.5,3.0,0
flow_30.75,102.5,3.0,0
flow_10.74,103.0,3.0,0
flow_20.71,85.0,4.0,0
flow_00.76,108.5,4.0,0
flow_20.72,52.0,3.0,0
flow_00.77,106.0,3.0,0
flow_00.78,102.5,3.0,0
flow_20.73,29.0,3.0,0
flow_30.76,107.0,4.0,0
flow_10.75,108.0,4.0,0
flow_10.76,105.5,3.0,0
flow_30.77,107.5,3.5,0
flow_10.77,102.0,3.0,0
flow_30.78,104.5,3.5,0
flow_20.74,43.5,4.0,0
flow_00.79,107.5,4.0,0
flow_00.80,105.5,3.0,0
flow_20.75,44.5,3.0,0
flow_00.81,102.5,3.0,0
flow_20.76,41.5,3.0,0
flow_10.78,108.0,4.0,0
flow_30.79,108.0,4.0,0
flow_30.80,105.5,3.0,0
flow_10.79,106.0,3.0,0
flow_10.80,102.5,3.0,0
flow_30.81,102.5,3.0,0
flow_00.82,107.5,4.0,0
flow_20.77,55.5,4.0,0
flow_00.83,106.0,3.0,0
flow_20.78,47.5,3.0,0
flow_00.84,102.5,3.0,0
flow_30.82,107.5,4.0,0
flow_10.81,108.5,4.0,0
flow_10.82,105.5,3.0,0
flow_30.83,106.0,3.0,0
flow_10.83,102.5,3.0,0
flow_30.84,102.5,3.0,0
flow_00.85,107.5,4.0,0
flow_20.79,36.5,4.0,0
flow_20.80,30.0,3.0,0
flow_00.86,106.0,3.0,0
flow_20.81,28.5,2.5,0
flow_00.87,102.5,3.0,0
flow_30.85,107.0,4.0,0
flow_10.84,107.5,4.0,0
flow_30.86,105.5,3.0,0
flow_10.85,106.0,3.0,0
flow_10.86,102.5,3.0,0
flow_30.87,102.5,3.0,0
flow_00.88,107.5,4.0,0
flow_20.82,40.0,4.0,0
flow_20.83,29.5,3.0,0
flow_00.89,106.0,3.0,0
flow_20.84,25.0,2.5,0
flow_00.90,103.0,3.0,0
flow_10.87,107.5,4.0,0
flow_30.88,107.5,4.0,0
flow_10.88,106.5,3.0,0
flow_30.89,106.5,3.5,0
flow_10.89,103.0,3.0,0
flow_30.90,103.0,3.0,0
flow_00.91,107.0,4.0,0
flow_20.85,42.5,4.0,0
flow_00.92,106.0,3.0,0
flow_20.86,38.0,3.0,0
flow_00.93,102.5,3.0,0
flow_20.87,31.5,3.0,0
flow_10.90,107.0,4.0,0
flow_30.91,107.5,4.0,0
flow_10.91,105.5,3.0,0
flow_30.92,106.0,3.0,0
flow_10.92,102.5,3.0,0
flow_30.93,103.0,3.0,0
flow_00.94,107.0,4.0,0
flow_20.88,30.5,3.5,0
flow_00.95,105.5,3.0,0
flow_20.89,21.5,1.5,0
flow_00.96,103.5,3.0,0
flow_10.93,107.5,4.0,0
flow_30.94,108.5,4.0,0
flow_10.94,105.5,3.0,0
flow_30.95,105.5,3.0,0
flow_30.96,102.0,3.0,0
flow_10.95,103.0,3.0,0
flow_00.97,107.0,4.0,0
flow_20.90,31.0,3.5,0
flow_00.98,105.5,3.0,0
flow_00.99,102.5,3.0,0
flow_10.96,107.5,4.0,0
flow_30.97,107.5,4.0,0
flow_30.98,105.5,3.0,0
flow_10.97,106.0,3.0,0
flow_10.98,102.5,3.0,0
flow_30.99,102.5,3.0,0
flow_00.100,107.5,4.0,0
flow_20.91,38.5,4.0,0
flow_00.101,105.5,3.0,0
flow_20.92,34.0,3.0,0
flow_00.102,102.5,3.0,0
flow_20.93,32.5,3.0,0
flow_10.99,107.5,4.0,0
flow_30.100,107.5,4.0,0
flow_10.100,105.5,3.0,0
flow_30.101,106.5,3.5,0
flow_10.101,102.5,3.0,0
flow_30.102,103.5,3.0,0
flow_00.103,107.0,4.0,0
flow_20.94,50.5,4.0,0
flow_00.104,105.5,3.0,0
flow_20.95,49.5,3.5,0
flow_00.105,102.0,3.0,0
flow_20.96,41.0,3.0,0
flow_10.102,108.0,4.0,0
flow_30.103,108.5,4.0,0
flow_10.103,105.5,3.0,0
flow_30.104,105.5,3.0,0
flow_10.104,102.5,3.0,0
flow_30.105,103.5,3.0,0
flow_00.106,107.5,4.0,0
flow_20.97,39.0,4.0,0
flow_00.107,105.5,3.0,0
flow_20.98,33.0,3.0,0
flow_00.108,102.0,3.0,0
flow_20.99,22.5,2.0,0
flow_30.106,107.0,4.0,0
flow_10.105,109.0,4.0,0
flow_10.106,106.0,3.0,0
flow_30.107,106.0,3.0,0
flow_30.108,102.5,3.0,0
flow_10.107,103.0,3.0,0
flow_20.100,39.5,4.0,0
flow_00.109,107.5,4.0,0
flow_20.101,26.0,2.5,0
flow_00.110,105.5,3.0,0
flow_20.102,24.5,2.5,0
flow_00.111,103.0,3.0,0
flow_20.103,24.0,2.5,0
flow_30.109,107.5,4.0,0
flow_10.108,108.0,4.0,0
flow_10.109,105.5,3.0,0
flow_30.110,105.5,3.0,0
flow_30.111,102.0,3.0,0
flow_10.110,102.5,3.0,0
flow_00.112,107.0,4.0,0
flow_00.113,105.5,3.0,0
flow_20.104,20.5,1.5,0
flow_00.114,102.5,3.0,0
flow_10.111,107.0,4.0,0
flow_30.112,107.0,4.0,0
flow_30.113,105.5,3.0,0
flow_10.112,106.0,3.0,0
flow_10.113,103.0,3.0,0
flow_30.114,103.0,3.0,0
flow_20.105,24.0,2.5,0
flow_00.115,108.0,4.0,0
flow_20.106,23.0,2.0,0
flow_00.116,106.5,3.5,0
flow_20.107,23.0,2.0,0
flow_00.117,103.0,3.0,0
flow_30.115,108.0,4.0,0
flow_10.114,109.0,4.0,0
flow_10.115,106.0,3.0,0
flow_30.116,106.0,3.0,0
flow_10.116,103.0,3.0,0
flow_30.117,103.0,3.0,0
flow_00.118,107.0,4.0,0
flow_20.108,33.5,4.0,0
flow_20.109,27.0,3.0,0
flow_00.119,106.0,3.0,0
flow_20.110,23.5,2.5,0
flow_00.120,102.5,3.0,0
flow_10.117,108.0,4.0,0
flow_30.118,109.0,4.0,0
flow_10.118,106.0,3.0,0
flow_30.119,106.0,3.0,0
flow_10.119,102.5,3.0,0
flow_30.120,103.5,3.0,0
flow_00.121,107.0,4.0,0
flow_20.111,42.0,4.0,0
flow_20.112,25.5,2.5,0
flow_00.122,105.5,3.0,0
flow_00.123,102.5,3.0,0
flow_20.113,22.0,2.0,0
flow_30.121,107.0,4.0,0
flow_10.120,107.5,4.0,0
flow_10.121,105.5,3.0,0
flow_30.122,106.0,3.0,0
flow_10.122,102.5,3.0,0
flow_30.123,103.5,3.0,0
flow_20.114,39.5,4.0,0
flow_00.124,108.5,4.0,0
flow_20.115,36.0,3.0,0
flow_00.125,106.5,3.5,0
flow_00.126,103.0,3.0,0
flow_30.0,22.0,2.0,0
flow_30.1,22.0,2.0,0
flow_30.2,22.5,2.0,0
flow_20.0,36.0,4.0,0
flow_00.0,34.5,4.0,0
flow_20.1,32.5,3.0,0
flow_00.1,22.5,2.0,0
flow_20.2,31.5,3.0,0
flow_30.3,39.5,4.0,0
flow_10.0,34.0,4.0,0
flow_30.4,39.0,3.0,0
flow_10.1,32.5,3.0,0
flow_30.5,37.0,3.0,0
flow_10.2,31.5,3.0,0
flow_00.2,28.5,3.5,0
flow_20.3,47.5,4.0,0
flow_00.3,28.0,3.0,0
flow_20.4,45.0,3.0,0
flow_00.4,27.0,2.5,0
flow_20.5,39.5,3.0,0
flow_00.5,25.5,2.5,0
flow_10.3,36.0,4.0,0
flow_30.6,46.0,4.0,0
flow_10.4,35.0,3.0,0
flow_30.7,39.0,3.0,0
flow_30.8,37.5,3.0,0
flow_10.5,35.0,3.0,0
flow_20.6,55.5,4.0,0
flow_00.6,40.0,4.0,0
flow_00.7,31.5,3.5,0
flow_20.7,56.0,3.0,0
flow_00.8,30.0,3.0,0
flow_20.8,55.0,3.0,0
flow_10.6,50.5,4.0,0
flow_30.9,50.5,4.0,0
flow_30.10,24.0,2.0,0
flow_10.7,32.0,3.0,0
flow_30.11,23.5,2.5,0
flow_10.8,30.0,3.0,0
flow_00.9,47.5,4.0,0
flow_20.9,72.0,4.0,0
flow_20.10,71.0,3.0,0
flow_00.10,47.5,3.0,0
flow_00.11,46.0,3.0,0
flow_20.11,70.5,3.0,0
flow_30.12,41.5,4.0,0
flow_10.9,33.0,4.0,0
flow_30.13,41.0,3.0,0
flow_30.14,39.5,3.0,0
flow_20.12,87.5,4.0,0
flow_00.12,44.0,4.0,0
flow_20.13,85.5,3.0,0
flow_20.14,84.5,3.0,0
flow_30.15,56.5,4.0,0
flow_10.10,34.5,4.0,0
flow_10.11,32.5,3.0,0
flow_30.16,56.0,3.0,0
flow_10.12,31.0,3.0,0
flow_30.17,48.5,3.0,0
flow_10.13,29.5,2.5,0
flow_20.15,98.0,4.0,0
flow_00.13,39.5,4.0,0
flow_20.16,95.5,3.0,0
flow_00.14,38.5,3.0,0
flow_20.17,91.0,3.0,0
flow_00.15,37.5,3.0,0
flow_10.14,45.5,4.0,0
flow_30.18,67.0,4.0,0
flow_30.19,58.0,3.0,0
flow_10.15,46.5,3.5,0
flow_30.20,56.5,3.0,0
flow_10.16,40.0,3.0,0
flow_20.18,101.0,4.0,0
flow_00.16,54.5,4.0,0
flow_20.19,98.5,3.0,0
flow_00.17,53.5,3.0,0
flow_00.18,52.5,3.0,0
flow_20.20,96.5,3.0,0
flow_10.17,50.5,4.0,0
flow_30.21,70.0,4.0,0
flow_30.22,68.5,3.0,0
flow_10.18,44.5,3.0,0
flow_30.23,54.5,3.0,0
flow_10.19,42.0,3.0,0
flow_20.21,101.0,4.0,0
flow_00.19,63.5,4.0,0
flow_00.20,63.0,3.0,0
flow_20.22,101.5,3.0,0
flow_00.21,62.0,3.0,0
flow_20.23,100.0,3.0,0
flow_10.20,52.5,4.0,0
flow_30.24,70.0,4.0,0
flow_30.25,64.5,3.0,0
flow_10.21,52.5,3.0,0
flow_30.26,62.5,3.0,0
flow_10.22,51.5,3.0,0
flow_20.24,107.5,4.0,0
flow_00.22,79.5,4.0,0
flow_00.23,79.0,3.0,0
flow_20.25,106.0,3.0,0
flow_00.24,77.0,3.0,0
flow_20.26,95.0,3.0,0
flow_30.27,63.5,4.0,0
flow_10.23,45.5,4.0,0
flow_10.24,44.5,3.0,0
flow_30.28,48.0,3.0,0
flow_30.29,47.0,3.0,0
flow_10.25,43.0,3.0,0
flow_20.27,108.0,4.0,0
flow_00.25,93.5,4.0,0
flow_20.28,106.0,3.0,0
flow_00.26,87.0,3.0,0
flow_20.29,102.5,3.0,0
flow_00.27,81.0,3.0,0
flow_10.26,60.0,4.0,0
flow_30.30,65.5,4.0,0
flow_30.31,64.0,3.0,0
flow_10.27,49.5,3.0,0
flow_10.28,41.5,3.0,0
flow_30.32,63.5,3.0,0
flow_20.30,107.0,4.0,0
flow_00.28,71.0,4.0,0
flow_20.31,106.5,3.5,0
flow_00.29,71.0,3.0,0
flow_20.32,103.0,3.0,0
flow_00.30,64.5,3.0,0
flow_10.29,49.5,4.0,0
flow_30.33,81.0,4.0,0
flow_30.34,80.0,3.0,0
flow_10.30,49.0,3.0,0
flow_30.35,78.5,3.0,0
flow_10.31,40.5,3.0,0
flow_20.33,103.5,4.0,0
flow_00.31,80.5,4.0,0
flow_20.34,103.0,3.0,0
flow_00.32,80.0,3.0,0
flow_00.33,79.0,3.0,0
flow_20.35,101.5,3.0,0
flow_30.36,96.0,4.0,0
flow_10.32,50.0,4.0,0
flow_10.33,36.0,3.0,0
flow_30.37,95.5,3.0,0
flow_30.38,88.0,3.0,0
flow_20.36,107.5,4.0,0
flow_00.34,97.0,4.0,0
flow_20.37,106.0,3.0,0
flow_00.35,96.0,3.0,0
flow_20.38,103.0,3.0,0
flow_00.36,86.5,3.0,0
flow_30.39,100.0,4.0,0
flow_10.34,29.5,3.5,0
flow_30.40,98.5,3.0,0
flow_10.35,22.0,2.0,0
flow_30.41,94.5,3.0,0
flow_20.39,107.0,4.0,0
flow_00.37,83.5,4.0,0
flow_20.40,105.5,3.0,0
flow_00.38,84.0,3.0,0
flow_20.41,102.5,3.0,0
flow_00.39,83.0,3.0,0
flow_10.36,28.0,3.5,0
flow_30.42,105.0,4.0,0
flow_30.43,104.0,3.0,0
flow_30.44,102.0,3.0,0
flow_00.40,100.0,4.0,0
flow_20.42,108.5,4.0,0
flow_20.43,105.5,3.0,0
flow_00.41,77.0,3.0,0
flow_20.44,102.5,3.0,0
flow_00.42,68.5,3.0,0
flow_30.45,107.5,4.0,0
flow_10.37,37.5,4.0,0
flow_30.46,105.0,3.0,0
flow_10.38,36.5,3.0,0
flow_30.47,102.0,3.0,0
flow_10.39,31.0,3.0,0
flow_20.45,107.5,4.0,0
flow_00.43,86.0,4.0,0
flow_00.44,73.0,3.0,0
flow_20.46,106.0,3.0,0
flow_00.45,54.5,3.0,0
flow_20.47,103.0,3.0,0
flow_30.48,107.0,4.0,0
flow_10.40,48.5,4.0,0
flow_10.41,40.0,3.0,0
flow_30.49,105.5,3.0,0
flow_30.50,102.5,3.0,0
flow_10.42,39.5,3.0,0
flow_20.48,107.0,4.0,0
flow_00.46,72.0,4.0,0
flow_00.47,70.5,3.0,0
flow_20.49,107.0,3.5,0
flow_00.48,69.5,3.0,0
flow_20.50,103.5,3.0,0
flow_30.51,107.5,4.0,0
flow_10.43,57.5,4.0,0
flow_30.52,105.0,3.0,0
flow_10.44,57.0,3.0,0
flow_10.45,55.5,3.0,0
flow_30.53,103.0,3.0,0
flow_00.49,86.5,4.0,0
flow_20.51,108.0,4.0,0
flow_20.52,105.5,3.0,0
flow_00.50,87.0,3.5,0
flow_20.53,102.0,3.0,0
flow_00.51,85.5,3.0,0
flow_10.46,72.0,4.0,0
flow_30.54,107.5,4.0,0
flow_30.55,105.0,3.0,0
flow_10.47,71.5,3.0,0
flow_10.48,70.5,3.0,0
flow_30.56,102.5,3.0,0
flow_20.54,107.0,4.0,0
flow_00.52,103.0,4.0,0
flow_20.55,105.0,3.0,0
flow_00.53,102.0,3.0,0
flow_20.56,102.5,3.0,0
flow_00.54,99.5,3.0,0
flow_30.57,108.5,4.0,0
flow_10.49,89.5,4.0,0
flow_10.50,88.0,3.0,0
flow_30.58,106.5,3.5,0
flow_30.59,103.0,3.0,0
flow_10.51,80.5,3.0,0
flow_00.55,107.5,4.0,0
flow_20.57,108.0,4.0,0
flow_20.58,105.5,3.0,0
flow_00.56,105.5,3.0,0
flow_20.59,102.0,3.0,0
flow_00.57,91.5,3.0,0
flow_30.60,107.0,4.0,0
flow_10.52,60.5,4.0,0
flow_30.61,105.5,3.0,0
flow_10.53,45.5,3.0,0
flow_10.54,44.0,3.0,0
flow_30.62,103.0,3.0,0
flow_20.60,107.0,4.0,0
flow_00.58,108.0,4.0,0
flow_20.61,105.0,3.0,0
flow_00.59,106.0,3.0,0
flow_20.62,102.0,3.0,0
flow_00.60,97.5,3.0,0
flow_30.63,108.0,4.0,0
flow_10.55,62.5,4.0,0
flow_10.56,56.5,3.0,0
flow_30.64,106.5,3.5,0
flow_10.57,41.0,3.0,0
flow_30.65,105.0,3.5,0
flow_20.63,97.5,4.0,0
flow_00.61,108.0,4.0,0
flow_20.64,81.0,3.0,0
flow_00.62,104.5,3.0,0
flow_20.65,77.5,3.0,0
flow_00.63,92.0,3.0,0
flow_30.66,107.0,4.0,0
flow_10.58,29.0,3.5,0
flow_10.59,26.0,3.0,0
flow_30.67,105.5,3.0,0
flow_30.68,102.0,3.0,0
flow_20.66,94.5,4.0,0
flow_00.64,107.5,4.0,0
flow_00.65,106.5,3.5,0
flow_20.67,92.5,3.5,0
flow_00.66,75.5,3.0,0
flow_20.68,90.5,3.0,0
flow_30.69,107.5,4.0,0
flow_10.60,40.5,4.0,0
flow_30.70,105.5,3.0,0
flow_10.61,38.5,3.5,0
flow_30.71,102.5,3.0,0
flow_10.62,37.0,3.0,0
flow_20.69,105.5,4.0,0
flow_00.67,92.5,4.0,0
flow_00.68,92.5,3.0,0
flow_20.70,106.5,3.5,0
flow_00.69,88.5,3.0,0
flow_20.71,103.5,3.0,0
flow_30.72,107.5,4.0,0
flow_10.63,55.0,4.0,0
flow_30.73,105.5,3.0,0
flow_10.64,53.0,3.0,0
flow_30.74,103.0,3.0,0
flow_10.65,48.5,3.0,0
flow_00.70,100.5,4.0,0
flow_20.72,108.0,4.0,0
flow_00.71,91.0,3.0,0
flow_20.73,105.5,3.0,0
flow_20.74,102.5,3.0,0
flow_00.72,91.0,3.0,0
flow_30.75,107.5,4.0,0
flow_10.66,64.0,4.0,0
flow_10.67,60.5,3.0,0
flow_30.76,106.0,3.0,0
flow_30.77,103.0,3.0,0
flow_10.68,52.0,3.0,0
flow_20.75,107.0,4.0,0
flow_00.73,101.5,4.0,0
flow_20.76,106.0,3.0,0
flow_00.74,102.0,3.0,0
flow_20.77,102.5,3.0,0
flow_00.75,100.5,3.0,0
flow_30.78,107.0,4.0,0
flow_10.69,68.0,4.0,0
flow_30.79,106.0,3.0,0
flow_10.70,65.5,3.0,0
flow_30.80,103.0,3.0,0
flow_10.71,64.5,3.0,0
flow_00.76,95.0,4.0,0
flow_20.78,108.0,4.0,0
flow_20.79,106.0,3.0,0
flow_00.77,93.0,3.5,0
flow_00.78,86.5,3.0,0
flow_20.80,103.5,3.0,0
flow_30.81,107.5,4.0,0
flow_10.72,82.0,4.0,0
flow_30.82,105.5,3.0,0
flow_10.73,74.0,3.0,0
flow_30.83,102.5,3.0,0
flow_10.74,72.5,3.0,0
flow_20.81,107.5,4.0,0
flow_00.79,95.5,4.0,0
flow_20.82,105.0,3.0,0
flow_00.80,85.5,3.0,0
flow_20.83,102.0,3.0,0
flow_00.81,84.5,3.0,0
flow_10.75,90.0,4.0,0
flow_30.84,108.0,4.0,0
flow_10.76,85.5,3.0,0
flow_30.85,105.5,3.0,0
flow_30.86,103.0,3.0,0
flow_10.77,62.5,3.0,0
flow_20.84,107.5,4.0,0
flow_00.82,103.0,4.0,0
flow_20.85,105.5,3.0,0
flow_00.83,102.0,3.0,0
flow_20.86,102.5,3.0,0
flow_00.84,99.5,3.0,0
flow_10.78,79.0,4.0,0
flow_30.87,107.5,4.0,0
flow_10.79,78.5,3.0,0
flow_30.88,107.0,3.5,0
flow_10.80,78.0,3.0,0
flow_30.89,103.5,3.0,0
flow_20.87,107.0,4.0,0
flow_00.85,108.0,4.0,0
flow_20.88,105.5,3.0,0
flow_00.86,105.5,3.0,0
flow_00.87,102.5,3.0,0
flow_20.89,103.0,3.0,0
flow_30.90,107.0,4.0,0
flow_10.81,95.0,4.0,0
flow_30.91,105.5,3.0,0
flow_10.82,93.0,3.0,0
flow_30.92,102.0,3.0,0
flow_10.83,76.5,3.0,0
flow_20.90,107.5,4.0,0
flow_00.88,108.0,4.0,0
flow_00.89,105.5,3.0,0
flow_20.91,106.0,3.0,0
flow_20.92,102.5,3.0,0
flow_00.90,103.5,3.0,0
flow_30.93,107.5,4.0,0
flow_10.84,94.0,4.0,0
flow_10.85,86.0,3.0,0
flow_30.94,105.5,3.0,0
flow_30.95,102.5,3.0,0
flow_10.86,86.5,3.0,0
flow_20.93,107.0,4.0,0
flow_00.91,107.5,4.0,0
flow_00.92,105.5,3.0,0
flow_20.94,105.5,3.0,0
flow_00.93,102.5,3.0,0
flow_20.95,103.0,3.0,0
flow_30.96,107.0,4.0,0
flow_10.87,100.5,4.0,0
flow_10.88,80.0,3.0,0
flow_30.97,105.5,3.0,0
flow_10.89,79.0,3.0,0
flow_30.98,103.5,3.0,0
flow_20.96,107.5,4.0,0
flow_00.94,108.0,4.0,0
flow_20.97,105.5,3.0,0
flow_00.95,106.0,3.0,0
flow_00.96,102.5,3.0,0
flow_20.98,102.5,3.0,0
flow_10.90,90.0,4.0,0
flow_30.99,108.5,4.0,0
flow_10.91,89.5,3.0,0
flow_30.100,106.0,3.0,0
flow_30.101,102.5,3.0,0
flow_10.92,89.0,3.0,0
flow_20.99,107.5,4.0,0
flow_00.97,107.5,4.0,0
flow_20.100,105.5,3.0,0
flow_00.98,106.0,3.0,0
flow_20.101,102.5,3.0,0
flow_00.99,103.0,3.0,0
flow_10.93,85.5,4.0,0
flow_30.102,108.0,4.0,0
flow_30.103,105.5,3.0,0
flow_10.94,84.0,3.0,0
flow_10.95,56.0,3.0,0
flow_30.104,102.5,3.0,0
flow_00.100,108.0,4.0,0
flow_20.102,108.0,4.0,0
flow_00.101,105.5,3.0,0
flow_20.103,105.5,3.0,0
flow_00.102,102.5,3.0,0
flow_20.104,103.0,3.0,0
flow_10.96,67.5,4.0,0
flow_30.105,108.0,4.0,0
flow_10.97,38.5,3.0,0
flow_30.106,106.5,3.5,0
flow_10.98,33.0,3.0,0
flow_30.107,103.0,3.0,0
flow_00.103,107.5,4.0,0
flow_20.105,108.0,4.0,0
flow_20.106,107.0,3.5,0
flow_00.104,107.0,3.5,0
flow_20.107,103.5,3.0,0
flow_00.105,103.5,3.0,0
flow_30.108,107.0,4.0,0
flow_10.99,45.0,4.0,0
flow_30.109,106.0,3.0,0
flow_10.100,46.0,3.0,0
flow_30.110,102.5,3.0,0
flow_00.106,107.5,4.0,0
flow_20.108,108.5,4.0,0
flow_00.107,105.5,3.0,0
flow_20.109,106.0,3.0,0
flow_00.108,103.0,3.0,0
flow_20.110,103.0,3.0,0
flow_30.111,108.0,4.0,0
flow_10.101,32.0,3.5,0
flow_30.112,105.5,3.0,0
flow_10.102,28.0,3.0,0
flow_30.113,102.5,3.0,0
flow_20.111,108.0,4.0,0
flow_00.109,108.5,4.0,0
flow_20.112,105.5,3.0,0
flow_00.110,106.0,3.0,0
flow_00.111,102.5,3.0,0
flow_20.113,102.5,3.0,0
flow_10.103,22.5,2.0,0
flow_30.114,107.5,4.0,0
flow_10.104,21.0,2.0,0
flow_30.115,105.5,3.0,0
flow_30.116,103.0,3.0,0
flow_10.105,22.5,2.0,0
flow_20.114,107.0,4.0,0
flow_00.112,107.5,4.0,0
flow_00.113,105.0,3.0,0
flow_20.115,105.5,3.0,0
flow_00.114,102.5,3.0,0
flow_20.116,102.5,3.0,0
flow_30.117,107.5,4.0,0
flow_10.106,35.5,4.0,0
flow_30.118,105.5,3.0,0
flow_30.119,102.5,3.0,0
flow_00.115,107.5,4.0,0
flow_20.117,108.0,4.0,0
flow_20.118,105.5,3.0,0
flow_00.116,106.0,3.0,0
flow_00.117,102.5,3.0,0
flow_20.119,103.0,3.0,0
flow_30.120,107.5,4.0,0
flow_10.107,28.0,3.0,0
flow_30.121,107.0,3.5,0
flow_30.122,103.5,3.0,0
flow_00.118,107.5,4.0,0
flow_20.120,107.5,4.0,0
flow_20.121,105.5,3.0,0
flow_00.119,106.0,3.0,0
flow_00.120,102.5,3.0,0
flow_20.122,102.5,3.0,0
flow_30.123,107.0,4.0,0
flow_30.124,105.5,3.0,0
flow_30.125,102.0,3.0,0
flow_20.123,107.0,4.0,0
flow_00.121,108.0,4.0,0
flow_20.124,105.0,3.0,0
flow_00.122,106.0,3.0,0
flow_20.125,102.5,3.0,0
flow_00.123,103.0,3.0,0
flow_10.0,23.5,2.0,0
flow_30.0,20.5,1.5,0
flow_00.0,35.5,4.0,0
flow_20.0,30.5,3.5,0
flow_00.1,34.5,3.0,0
flow_00.2,33.5,3.0,0
flow_30.1,36.0,4.0,0
flow_30.2,36.0,3.0,0
flow_30.3,34.5,3.0,0
flow_20.1,37.5,4.0,0
flow_00.3,52.5,4.0,0
flow_00.4,45.0,3.0,0
flow_20.2,38.0,3.0,0
flow_00.5,42.5,3.0,0
flow_20.3,36.5,3.0,0
flow_30.4,51.5,4.0,0
flow_10.1,41.0,4.0,0
flow_30.5,49.0,3.0,0
flow_10.2,37.0,3.0,0
flow_30.6,48.0,3.0,0
flow_10.3,27.0,2.5,0
flow_20.4,41.5,4.0,0
flow_00.6,52.0,4.0,0
flow_20.5,30.5,3.5,0
flow_00.7,51.5,3.0,0
flow_20.6,25.0,2.5,0
flow_00.8,50.0,3.0,0
flow_30.7,66.0,4.0,0
flow_10.4,41.5,4.0,0
flow_30.8,65.5,3.0,0
flow_10.5,41.5,3.0,0
flow_30.9,64.5,3.0,0
flow_10.6,40.0,3.0,0
flow_00.9,66.5,4.0,0
flow_20.7,31.5,3.5,0
flow_20.8,23.0,2.5,0
flow_00.10,63.0,3.0,0
flow_00.11,62.0,3.0,0
flow_30.10,81.5,4.0,0
flow_10.7,55.0,4.0,0
flow_30.11,81.5,3.0,0
flow_10.8,52.5,3.0,0
flow_30.12,80.0,3.0,0
flow_10.9,49.0,3.0,0
flow_20.9,31.5,4.0,0
flow_00.12,74.5,4.0,0
flow_20.10,30.5,3.5,0
flow_00.13,72.0,3.0,0
flow_20.11,29.5,3.0,0
flow_00.14,57.0,3.0,0
flow_20.12,29.0,3.0,0
flow_30.13,96.5,4.0,0
flow_10.10,56.0,4.0,0
flow_30.14,96.5,3.0,0
flow_10.11,55.0,3.0,0
flow_30.15,95.0,3.0,0
flow_10.12,54.0,3.0,0
flow_00.15,65.0,4.0,0
flow_20.13,43.5,4.0,0
flow_00.16,56.0,3.0,0
flow_00.17,56.0,3.0,0
flow_30.16,107.5,4.0,0
flow_10.13,69.0,4.0,0
flow_10.14,64.0,3.0,0
flow_30.17,106.5,3.5,0
flow_10.15,33.5,3.0,0
flow_30.18,103.0,3.0,0
flow_00.18,72.0,4.0,0
flow_00.19,71.5,3.0,0
flow_00.20,71.0,3.0,0
flow_20.14,21.5,2.0,0
flow_10.16,50.5,4.0,0
flow_30.19,108.5,4.0,0
flow_10.17,46.5,3.0,0
flow_30.20,106.5,3.5,0
flow_30.21,103.0,3.0,0
flow_00.21,87.5,4.0,0
flow_20.15,38.5,4.0,0
flow_00.22,80.0,3.0,0
flow_20.16,37.0,3.0,0
flow_00.23,71.5,3.0,0
flow_30.22,108.0,4.0,0
flow_10.18,42.0,4.0,0
flow_30.23,105.5,3.0,0
flow_10.19,40.0,3.0,0
flow_30.24,102.0,3.0,0
flow_10.20,35.0,3.0,0
flow_00.24,89.5,4.0,0
flow_20.17,39.5,4.0,0
flow_20.18,35.5,3.0,0
flow_00.25,86.5,3.5,0
flow_00.26,81.5,3.0,0
flow_20.19,21.5,1.5,0
flow_30.25,108.0,4.0,0
flow_10.21,51.5,4.0,0
flow_30.26,105.5,3.0,0
flow_10.22,50.0,3.0,0
flow_30.27,102.5,3.0,0
flow_10.23,40.5,3.0,0
flow_00.27,96.0,4.0,0
flow_20.20,37.0,4.0,0
flow_20.21,27.0,3.0,0
flow_00.28,96.5,3.0,0
flow_20.22,25.5,2.5,0
flow_00.29,94.5,3.0,0
flow_30.28,108.0,4.0,0
flow_10.24,55.0,4.0,0
flow_30.29,105.5,3.0,0
flow_10.25,44.5,3.5,0
flow_30.30,102.5,3.0,0
flow_10.26,37.0,3.0,0
flow_00.30,108.5,4.0,0
flow_00.31,105.5,3.0,0
flow_00.32,103.0,3.0,0
flow_30.31,107.0,4.0,0
flow_10.27,54.0,4.0,0
flow_10.28,53.0,3.0,0
flow_30.32,105.5,3.0,0
flow_30.33,102.0,3.0,0
flow_10.29,41.0,3.0,0
flow_20.23,28.0,3.5,0
flow_00.33,108.0,4.0,0
flow_20.24,26.5,3.0,0
flow_00.34,96.0,3.0,0
flow_20.25,26.5,3.0,0
flow_00.35,87.0,3.0,0
flow_20.26,25.0,2.5,0
flow_30.34,107.5,4.0,0
flow_10.30,45.5,4.0,0
flow_30.35,105.5,3.0,0
flow_10.31,45.0,3.0,0
flow_10.32,44.0,3.0,0
flow_30.36,103.5,3.0,0
flow_00.36,93.0,4.0,0
flow_20.27,32.0,3.5,0
flow_00.37,83.0,3.0,0
flow_20.28,29.5,3.0,0
flow_20.29,28.0,3.0,0
flow_00.38,75.0,3.0,0
flow_20.30,26.5,2.5,0
flow_30.37,107.5,4.0,0
flow_10.33,61.5,4.0,0
flow_30.38,105.5,3.0,0
flow_10.34,61.5,3.0,0
flow_30.39,102.5,3.0,0
flow_10.35,60.0,3.0,0
flow_00.39,87.5,4.0,0
flow_00.40,87.0,3.5,0
flow_00.41,75.5,3.0,0
flow_30.40,107.0,4.0,0
flow_10.36,77.0,4.0,0
flow_10.37,72.5,3.0,0
flow_30.41,106.0,3.0,0
flow_30.42,102.5,3.0,0
flow_10.38,71.5,3.0,0
flow_00.42,88.5,4.0,0
flow_20.31,36.0,4.0,0
flow_20.32,34.5,3.0,0
flow_00.43,70.0,3.0,0
flow_00.44,69.0,3.0,0
flow_30.43,107.0,4.0,0
flow_10.39,83.5,4.0,0
flow_10.40,81.0,3.0,0
flow_30.44,106.5,3.0,0
flow_30.45,102.5,3.0,0
flow_10.41,80.0,3.0,0
flow_20.33,37.5,4.0,0
flow_00.45,88.0,4.0,0
flow_00.46,86.0,3.0,0
flow_20.34,37.5,3.0,0
flow_00.47,83.5,3.0,0
flow_20.35,36.5,3.0,0
flow_30.46,107.0,4.0,0
flow_10.42,97.5,4.0,0
flow_30.47,105.5,3.0,0
flow_10.43,96.5,3.0,0
flow_30.48,102.5,3.0,0
flow_10.44,95.0,3.0,0
flow_00.48,82.5,4.0,0
flow_20.36,54.5,4.0,0
flow_00.49,82.5,3.0,0
flow_20.37,47.5,3.5,0
flow_00.50,80.0,3.0,0
flow_20.38,33.0,3.0,0
flow_10.45,105.5,4.0,0
flow_30.49,107.5,4.0,0
flow_30.50,105.5,3.0,0
flow_10.46,100.5,3.5,0
flow_30.51,102.5,3.0,0
flow_10.47,98.5,3.0,0
flow_00.51,94.0,4.0,0
flow_20.39,46.0,4.0,0
flow_20.40,41.0,3.0,0
flow_00.52,93.5,3.0,0
flow_20.41,22.0,2.0,0
flow_00.53,93.0,3.0,0
flow_30.52,108.0,4.0,0
flow_10.48,104.0,4.0,0
flow_30.53,105.5,3.0,0
flow_10.49,103.0,3.0,0
flow_30.54,102.5,3.0,0
flow_10.50,96.0,3.0,0
flow_20.42,39.5,4.0,0
flow_00.54,108.5,4.0,0
flow_00.55,106.0,3.0,0
flow_00.56,102.5,3.0,0
flow_30.55,107.5,4.0,0
flow_10.51,107.5,4.0,0
flow_30.56,105.0,3.0,0
flow_10.52,106.5,3.0,0
flow_30.57,102.0,3.0,0
flow_10.53,74.5,3.0,0
flow_20.43,22.0,2.0,0
flow_00.57,108.5,4.0,0
flow_20.44,21.0,2.0,0
flow_00.58,106.0,3.0,0
flow_00.59,102.5,3.0,0
flow_30.58,107.5,4.0,0
flow_10.54,90.0,4.0,0
flow_30.59,105.5,3.0,0
flow_10.55,90.5,3.0,0
flow_30.60,102.5,3.0,0
flow_10.56,85.0,3.0,0
flow_00.60,107.5,4.0,0
flow_20.45,42.0,4.0,0
flow_00.61,105.5,3.0,0
flow_20.46,40.5,3.0,0
flow_00.62,102.0,3.0,0
flow_10.57,102.5,4.0,0
flow_30.61,108.5,4.0,0
flow_30.62,105.5,3.0,0
flow_10.58,98.5,3.0,0
flow_10.59,97.0,3.0,0
flow_30.63,102.5,3.0,0
flow_20.47,23.5,2.0,0
flow_00.63,108.0,4.0,0
flow_00.64,105.5,3.0,0
flow_20.48,22.5,2.0,0
flow_00.65,102.0,3.0,0
flow_10.60,108.0,4.0,0
flow_30.64,108.5,4.0,0
flow_10.61,105.5,3.0,0
flow_30.65,106.0,3.0,0
flow_30.66,103.0,3.0,0
flow_10.62,103.0,3.0,0
flow_00.66,107.5,4.0,0
flow_20.49,35.5,4.0,0
flow_00.67,105.5,3.0,0
flow_20.50,34.5,3.0,0
flow_00.68,102.0,3.0,0
flow_20.51,33.0,3.0,0
flow_30.67,108.0,4.0,0
flow_10.63,108.5,4.0,0
flow_30.68,105.0,3.0,0
flow_10.64,106.5,3.5,0
flow_30.69,102.5,3.0,0
flow_10.65,103.0,3.0,0
flow_20.52,46.0,4.0,0
flow_00.69,108.0,4.0,0
flow_00.70,105.5,3.0,0
flow_20.53,46.0,3.0,0
flow_00.71,102.0,3.0,0
flow_20.54,44.5,3.0,0
flow_30.70,107.5,4.0,0
flow_10.66,107.5,4.0,0
flow_10.67,105.5,3.0,0
flow_30.71,106.0,3.0,0
flow_10.68,103.0,3.0,0
flow_30.72,103.5,3.0,0
flow_00.72,107.0,4.0,0
flow_20.55,49.5,4.0,0
flow_00.73,105.5,3.0,0
flow_20.56,50.0,3.0,0
flow_00.74,102.0,3.0,0
flow_20.57,48.0,3.0,0
flow_10.69,107.0,4.0,0
flow_30.73,107.5,4.0,0
flow_10.70,105.0,3.0,0
flow_30.74,105.5,3.0,0
flow_30.75,102.5,3.0,0
flow_10.71,102.5,3.0,0
flow_00.75,107.5,4.0,0
flow_20.58,48.5,4.0,0
flow_00.76,105.5,3.0,0
flow_20.59,47.5,3.0,0
flow_20.60,46.0,3.0,0
flow_00.77,102.5,3.0,0
flow_30.76,107.5,4.0,0
flow_10.72,108.0,4.0,0
flow_30.77,105.5,3.0,0
flow_10.73,106.0,3.0,0
flow_10.74,102.5,3.0,0
flow_30.78,103.0,3.0,0
flow_20.61,56.5,4.0,0
flow_00.78,107.5,4.0,0
flow_00.79,105.0,3.0,0
flow_20.62,56.5,3.0,0
flow_20.63,30.5,3.0,0
flow_00.80,102.5,3.0,0
flow_10.75,107.5,4.0,0
flow_30.79,108.0,4.0,0
flow_10.76,105.5,3.0,0
flow_30.80,106.5,3.5,0
flow_10.77,102.0,3.0,0
flow_30.81,103.0,3.0,0
flow_00.81,107.0,4.0,0
flow_20.64,28.5,3.5,0
flow_20.65,23.5,2.0,0
flow_00.82,106.5,3.5,0
flow_00.83,103.0,3.0,0
flow_20.66,22.0,2.0,0
flow_10.78,107.5,4.0,0
flow_30.82,109.5,4.0,0
flow_10.79,105.5,3.0,0
flow_30.83,106.5,3.5,0
flow_10.80,102.0,3.0,0
flow_30.84,102.5,3.0,0
flow_20.67,38.5,4.0,0
flow_00.84,108.0,4.0,0
flow_00.85,105.5,3.0,0
flow_20.68,38.0,3.0,0
flow_00.86,102.5,3.0,0
flow_20.69,37.0,3.0,0
flow_30.85,107.0,4.0,0
flow_10.81,107.0,4.0,0
flow_10.82,105.0,3.0,0
flow_30.86,105.5,3.0,0
flow_30.87,102.0,3.0,0
flow_10.83,104.0,3.0,0
flow_00.87,107.0,4.0,0
flow_20.70,54.5,4.0,0
flow_00.88,105.5,3.0,0
flow_20.71,49.0,3.0,0
flow_00.89,102.5,3.0,0
flow_20.72,47.0,3.0,0
flow_10.84,107.0,4.0,0
flow_30.88,108.0,4.0,0
flow_10.85,105.5,3.0,0
flow_30.89,106.5,3.5,0
flow_30.90,102.5,3.0,0
flow_10.86,102.5,3.0,0
flow_20.73,47.0,4.0,0
flow_00.90,108.0,4.0,0
flow_00.91,105.5,3.0,0
flow_20.74,47.0,3.0,0
flow_00.92,103.0,3.0,0
flow_20.75,47.0,3.0,0
flow_30.91,107.5,4.0,0
flow_10.87,108.0,4.0,0
flow_10.88,105.5,3.0,0
flow_30.92,106.0,3.0,0
flow_30.93,102.5,3.0,0
flow_10.89,102.5,3.0,0
flow_00.93,107.0,4.0,0
flow_20.76,58.5,4.0,0
flow_00.94,105.5,3.0,0
flow_20.77,47.5,3.0,0
flow_00.95,102.5,3.0,0
flow_20.78,42.0,3.0,0
flow_30.94,107.5,4.0,0
flow_10.90,107.5,4.0,0
flow_30.95,105.0,3.0,0
flow_10.91,105.5,3.0,0
flow_30.96,102.0,3.0,0
flow_10.92,102.5,3.0,0
flow_00.96,107.5,4.0,0
flow_20.79,59.0,4.0,0
flow_00.97,105.5,3.0,0
flow_20.80,38.5,3.5,0
flow_00.98,102.0,3.0,0
flow_30.97,107.0,4.0,0
flow_10.93,107.5,4.0,0
flow_30.98,105.0,3.0,0
flow_10.94,105.5,3.0,0
flow_30.99,102.0,3.0,0
flow_10.95,102.0,3.0,0
flow_00.99,107.0,4.0,0
flow_20.81,39.0,4.0,0
flow_20.82,25.0,2.5,0
flow_00.100,105.0,3.0,0
flow_00.101,102.5,3.0,0
flow_10.96,107.0,4.0,0
flow_30.100,108.0,4.0,0
flow_10.97,105.0,3.0,0
flow_30.101,105.5,3.0,0
flow_30.102,102.5,3.0,0
flow_10.98,103.0,3.0,0
flow_00.102,107.5,4.0,0
flow_20.83,39.0,4.0,0
flow_20.84,24.5,2.5,0
flow_00.103,106.0,3.0,0
flow_00.104,103.0,3.0,0
flow_30.103,107.5,4.0,0
flow_10.99,107.5,4.0,0
flow_10.100,105.5,3.0,0
flow_30.104,107.0,3.5,0
flow_10.101,102.5,3.0,0
flow_30.105,104.0,3.0,0
flow_00.105,107.0,4.0,0
flow_20.85,21.5,2.0,0
flow_00.106,106.0,3.0,0
flow_20.86,23.5,2.0,0
flow_00.107,102.5,3.0,0
flow_10.102,107.0,4.0,0
flow_30.106,107.5,4.0,0
flow_30.107,105.5,3.0,0
flow_10.103,106.0,3.0,0
flow_10.104,103.0,3.0,0
flow_30.108,103.5,3.0,0
flow_00.108,107.5,4.0,0
flow_20.87,43.0,4.0,0
flow_20.88,29.5,3.0,0
flow_00.109,106.0,3.0,0
flow_20.89,26.0,3.0,0
flow_00.110,103.0,3.0,0
flow_10.105,108.0,4.0,0
flow_30.109,108.5,4.0,0
flow_30.110,106.0,3.0,0
flow_10.106,106.0,3.0,0
flow_30.111,102.5,3.0,0
flow_10.107,103.0,3.0,0
flow_20.90,27.5,3.5,0
flow_00.111,109.0,4.0,0
flow_20.91,22.0,2.0,0
flow_00.112,106.0,3.0,0
flow_00.113,103.5,3.0,0
flow_30.112,107.5,4.0,0
flow_10.108,109.0,4.0,0
flow_30.113,106.0,3.0,0
flow_10.109,106.0,3.0,0
flow_30.114,102.5,3.0,0
flow_10.110,103.0,3.0,0
flow_00.114,107.0,4.0,0
flow_00.115,105.0,3.0,0
flow_00.116,103.0,3.0,0
flow_30.115,107.0,4.0,0
flow_10.111,107.5,4.0,0
flow_30.116,105.0,3.0,0
flow_10.112,106.0,3.0,0
flow_30.117,103.0,3.0,0
flow_10.113,103.0,3.0,0
flow_00.117,107.5,4.0,0
flow_20.92,39.0,4.0,0
flow_20.93,37.5,3.0,0
flow_00.118,106.5,3.5,0
flow_00.119,103.0,3.0,0
flow_30.118,107.0,4.0,0
flow_10.114,108.0,4.0,0
flow_30.119,105.5,3.0,0
flow_10.115,105.5,3.0,0
flow_10.116,102.0,3.0,0
flow_30.120,103.5,3.0,0
flow_20.94,25.0,3.0,0
flow_00.120,107.0,4.0,0
flow_00.121,106.0,3.0,0
flow_00.122,102.0,3.0,0
flow_30.121,107.5,4.0,0
flow_10.117,108.0,4.0,0
flow_10.118,105.5,3.0,0
flow_30.122,106.0,3.0,0
flow_30.123,102.5,3.0,0
flow_10.119,103.0,3.0,0
flow_20.95,37.5,4.0,0
flow_00.123,107.5,4.0,0
flow_20.96,31.0,3.5,0
flow_00.124,105.5,3.0,0
flow_20.97,28.5,3.0,0
flow_00.125,102.5,3.0,0
flow_30.0,21.5,2.0,0
flow_10.0,23.0,2.0,0
flow_10.1,21.5,2.0,0
flow_10.2,39.0,4.0,0
flow_30.1,39.0,4.0,0
flow_30.2,32.5,3.0,0
flow_10.3,37.0,3.0,0
flow_10.4,35.5,3.0,0
flow_00.0,40.0,4.0,0
flow_20.0,20.5,1.5,0
flow_10.5,52.5,4.0,0
flow_30.3,38.5,4.0,0
flow_30.4,24.5,2.5,0
flow_10.6,23.5,2.0,0
flow_30.5,23.0,2.5,0
flow_10.7,22.0,1.5,0
flow_20.1,38.0,4.0,0
flow_00.1,36.5,4.0,0
flow_00.2,35.5,3.0,0
flow_20.2,36.0,3.0,0
flow_20.3,34.5,3.0,0
flow_10.8,39.5,4.0,0
flow_30.6,37.5,4.0,0
flow_10.9,39.5,3.0,0
flow_30.7,37.0,3.0,0
flow_30.8,35.5,3.0,0
flow_10.10,38.5,3.0,0
flow_20.4,52.5,4.0,0
flow_00.3,30.5,3.5,0
flow_20.5,52.5,3.0,0
flow_00.4,29.0,3.0,0
flow_00.5,27.0,3.0,0
flow_20.6,51.5,3.0,0
flow_10.11,55.0,4.0,0
flow_30.9,53.0,4.0,0
flow_30.10,52.0,3.0,0
flow_10.12,55.5,3.0,0
flow_30.11,48.0,3.0,0
flow_10.13,54.5,3.0,0
flow_20.7,67.0,4.0,0
flow_00.6,41.0,4.0,0
flow_20.8,66.5,3.0,0
flow_20.9,65.5,3.0,0
flow_00.7,22.0,2.0,0
flow_30.12,58.5,4.0,0
flow_10.14,71.5,4.0,0
flow_10.15,70.0,3.0,0
flow_30.13,58.0,3.0,0
flow_30.14,51.0,3.0,0
flow_10.16,70.0,3.0,0
flow_00.8,33.5,4.0,0
flow_20.10,83.0,4.0,0
flow_20.11,82.0,3.0,0
flow_20.12,70.0,3.0,0
flow_00.9,21.5,2.0,0
flow_10.17,86.5,4.0,0
flow_30.15,68.5,4.0,0
flow_30.16,60.5,3.0,0
flow_10.18,86.0,3.0,0
flow_30.17,59.5,3.0,0
flow_10.19,84.5,3.0,0
flow_20.13,87.5,4.0,0
flow_00.10,21.5,2.0,0
flow_20.14,87.5,3.0,0
flow_20.15,74.0,3.0,0
flow_10.20,93.0,4.0,0
flow_30.18,76.5,4.0,0
flow_30.19,57.5,3.0,0
flow_10.21,93.0,3.5,0
flow_30.20,54.0,3.0,0
flow_10.22,89.5,3.0,0
flow_20.16,79.0,4.0,0
flow_20.17,76.0,3.0,0
flow_20.18,74.5,3.0,0
flow_30.21,72.0,4.0,0
flow_10.23,101.5,4.0,0
flow_10.24,100.0,3.0,0
flow_30.22,67.5,3.0,0
flow_30.23,66.0,3.0,0
flow_10.25,94.0,3.0,0
flow_20.19,91.0,4.0,0
flow_20.20,85.0,3.0,0
flow_20.21,83.5,3.0,0
flow_10.26,107.5,4.0,0
flow_30.24,84.0,4.0,0
flow_10.27,82.5,3.0,0
flow_30.25,83.5,3.0,0
flow_10.28,81.0,3.0,0
flow_30.26,79.5,3.0,0
flow_20.22,98.5,4.0,0
flow_00.11,36.0,4.0,0
flow_20.23,62.5,3.0,0
flow_00.12,35.5,3.0,0
flow_20.24,61.5,3.0,0
flow_30.27,97.0,4.0,0
flow_10.29,100.5,4.0,0
flow_30.28,96.5,3.0,0
flow_10.30,99.5,3.5,0
flow_30.29,91.0,3.0,0
flow_10.31,94.0,3.0,0
flow_00.13,33.5,4.0,0
flow_20.25,77.5,4.0,0
flow_20.26,75.5,3.0,0
flow_00.14,28.5,3.0,0
flow_20.27,69.5,3.0,0
flow_10.32,107.0,4.0,0
flow_30.30,107.5,4.0,0
flow_10.33,89.5,3.0,0
flow_30.31,105.5,3.0,0
flow_30.32,102.5,3.0,0
flow_10.34,84.0,3.0,0
flow_00.15,33.5,4.0,0
flow_20.28,87.0,4.0,0
flow_00.16,21.0,1.5,0
flow_20.29,86.5,3.0,0
flow_20.30,81.5,3.0,0
flow_30.33,107.0,4.0,0
flow_10.35,100.5,4.0,0
flow_30.34,105.0,3.0,0
flow_10.36,84.0,3.0,0
flow_30.35,102.0,3.0,0
flow_10.37,83.0,3.0,0
flow_20.31,100.0,4.0,0
flow_20.32,99.0,3.0,0
flow_20.33,95.5,3.0,0
flow_10.38,100.0,4.0,0
flow_30.36,107.5,4.0,0
flow_30.37,105.5,3.0,0
flow_10.39,100.5,3.0,0
flow_10.40,98.5,3.0,0
flow_30.38,103.0,3.0,0
flow_20.34,108.0,4.0,0
flow_00.17,34.0,4.0,0
flow_20.35,105.5,3.0,0
flow_00.18,32.0,3.5,0
flow_20.36,102.5,3.0,0
flow_30.39,107.0,4.0,0
flow_10.41,107.5,4.0,0
flow_10.42,105.0,3.0,0
flow_30.40,106.0,3.0,0
flow_10.43,102.0,3.0,0
flow_30.41,102.5,3.0,0
flow_00.19,36.0,4.0,0
flow_20.37,108.0,4.0,0
flow_20.38,107.0,3.5,0
flow_20.39,103.5,3.0,0
flow_10.44,107.5,4.0,0
flow_30.42,108.0,4.0,0
flow_30.43,105.5,3.0,0
flow_10.45,106.0,3.0,0
flow_10.46,102.5,3.0,0
flow_30.44,103.0,3.0,0
flow_00.20,36.5,4.0,0
flow_20.40,108.0,4.0,0
flow_00.21,24.5,2.5,0
flow_00.22,23.5,2.0,0
flow_20.41,108.0,3.5,0
flow_20.42,105.0,3.5,0
flow_30.45,108.0,4.0,0
flow_10.47,108.0,4.0,0
flow_10.48,105.0,3.0,0
flow_30.46,105.5,3.0,0
flow_30.47,103.0,3.0,0
flow_10.49,103.0,3.0,0
flow_20.43,107.5,4.0,0
flow_00.23,33.0,4.0,0
flow_20.44,105.0,3.0,0
flow_00.24,27.0,3.0,0
flow_00.25,25.5,2.5,0
flow_20.45,102.0,3.0,0
flow_00.26,23.0,2.0,0
flow_30.48,107.5,4.0,0
flow_10.50,107.5,4.0,0
flow_30.49,105.0,3.0,0
flow_10.51,105.5,3.0,0
flow_30.50,102.0,3.0,0
flow_10.52,103.0,3.0,0
flow_20.46,108.0,4.0,0
flow_00.27,29.0,3.5,0
flow_20.47,106.0,3.0,0
flow_20.48,103.0,3.0,0
flow_10.53,107.0,4.0,0
flow_30.51,107.5,4.0,0
flow_30.52,105.5,3.0,0
flow_10.54,106.0,3.0,0
flow_30.53,103.0,3.0,0
flow_10.55,103.5,3.0,0
flow_20.49,108.0,4.0,0
flow_00.28,41.5,4.0,0
flow_00.29,26.0,2.5,0
flow_20.50,106.0,3.0,0
flow_20.51,103.0,3.0,0
flow_30.54,107.5,4.0,0
flow_10.56,108.0,4.0,0
flow_30.55,106.0,3.0,0
flow_10.57,106.0,3.0,0
flow_10.58,102.5,3.0,0
flow_30.56,103.0,3.0,0
flow_00.30,39.0,4.0,0
flow_20.52,110.0,4.0,0
flow_00.31,29.0,3.0,0
flow_20.53,106.5,3.5,0
flow_00.32,28.5,2.5,0
flow_20.54,103.0,3.0,0
flow_00.33,26.0,2.5,0
flow_30.57,107.5,4.0,0
flow_10.59,107.5,4.0,0
flow_10.60,105.5,3.0,0
flow_30.58,106.0,3.0,0
flow_30.59,102.5,3.0,0
flow_10.61,102.5,3.0,0
flow_20.55,107.5,4.0,0
flow_00.34,42.0,4.0,0
flow_20.56,105.0,3.0,0
flow_00.35,37.5,3.0,0
flow_20.57,102.0,3.0,0
flow_00.36,34.0,3.0,0
flow_30.60,107.5,4.0,0
flow_10.62,107.5,4.0,0
flow_30.61,105.5,3.0,0
flow_10.63,105.5,3.0,0
flow_30.62,102.0,3.0,0
flow_10.64,102.5,3.0,0
flow_20.58,107.5,4.0,0
flow_00.37,46.0,4.0,0
flow_00.38,45.5,3.0,0
flow_20.59,106.0,3.0,0
flow_00.39,32.5,3.0,0
flow_20.60,102.5,3.0,0
flow_30.63,107.5,4.0,0
flow_10.65,108.5,4.0,0
flow_10.66,105.5,3.0,0
flow_30.64,106.0,3.0,0
flow_10.67,102.0,3.0,0
flow_30.65,103.0,3.0,0
flow_00.40,43.0,4.0,0
flow_20.61,108.0,4.0,0
flow_20.62,105.5,3.0,0
flow_00.41,43.0,3.0,0
flow_20.63,102.5,3.0,0
flow_10.68,107.0,4.0,0
flow_30.66,107.5,4.0,0
flow_30.67,105.5,3.0,0
flow_10.69,105.5,3.0,0
flow_10.70,102.0,3.0,0
flow_30.68,103.0,3.0,0
flow_20.64,107.0,4.0,0
flow_00.42,38.5,4.0,0
flow_20.65,105.5,3.0,0
flow_20.66,102.5,3.0,0
flow_30.69,107.0,4.0,0
flow_10.71,107.5,4.0,0
flow_30.70,105.5,3.0,0
flow_10.72,106.0,3.0,0
flow_30.71,102.5,3.0,0
flow_10.73,103.5,3.0,0
flow_20.67,107.0,4.0,0
flow_00.43,37.0,4.0,0
flow_00.44,35.0,3.0,0
flow_20.68,107.0,3.5,0
flow_00.45,34.0,3.0,0
flow_20.69,104.0,3.0,0
flow_30.72,107.5,4.0,0
flow_10.74,107.5,4.0,0
flow_10.75,105.0,3.0,0
flow_30.73,106.5,3.5,0
flow_30.74,103.0,3.0,0
flow_10.76,103.0,3.0,0
flow_00.46,43.0,4.0,0
flow_20.70,108.0,4.0,0
flow_20.71,106.0,3.0,0
flow_00.47,43.0,3.0,0
flow_20.72,103.0,3.0,0
flow_10.77,107.0,4.0,0
flow_30.75,107.5,4.0,0
flow_30.76,105.0,3.0,0
flow_10.78,105.5,3.0,0
flow_30.77,102.5,3.0,0
flow_10.79,102.5,3.0,0
flow_20.73,107.5,4.0,0
flow_00.48,30.0,3.5,0
flow_20.74,105.0,3.0,0
flow_00.49,29.5,3.0,0
flow_00.50,28.0,3.0,0
flow_20.75,102.5,3.0,0
flow_00.51,24.5,2.5,0
flow_30.78,107.5,4.0,0
flow_10.80,108.0,4.0,0
flow_30.79,105.0,3.0,0
flow_10.81,106.0,3.0,0
flow_30.80,102.0,3.0,0
flow_10.82,103.0,3.0,0
flow_20.76,108.0,4.0,0
flow_00.52,32.0,3.5,0
flow_20.77,106.0,3.0,0
flow_00.53,23.5,2.5,0
flow_20.78,103.5,3.0,0
flow_30.81,107.5,4.0,0
flow_10.83,107.5,4.0,0
flow_10.84,105.5,3.0,0
flow_30.82,106.0,3.0,0
flow_30.83,103.0,3.0,0
flow_10.85,103.0,3.0,0
flow_00.54,31.5,4.0,0
flow_20.79,107.0,4.0,0
flow_00.55,31.5,3.5,0
flow_20.80,105.5,3.0,0
flow_20.81,102.0,3.0,0
flow_30.84,107.0,4.0,0
flow_10.86,110.0,4.0,0
flow_30.85,105.5,3.0,0
flow_10.87,107.0,3.5,0
flow_30.86,102.5,3.0,0
flow_10.88,104.0,3.0,0
flow_20.82,107.5,4.0,0
flow_20.83,106.0,3.0,0
flow_00.56,20.5,1.5,0
flow_20.84,102.5,3.0,0
flow_10.89,107.5,4.0,0
flow_30.87,108.0,4.0,0
flow_30.88,106.0,3.0,0
flow_10.90,106.5,3.5,0
flow_30.89,102.5,3.0,0
flow_10.91,103.5,3.0,0
flow_20.85,107.0,4.0,0
flow_00.57,36.5,4.0,0
flow_20.86,105.0,3.0,0
flow_00.58,34.0,3.0,0
flow_20.87,102.0,3.0,0
flow_00.59,32.5,3.0,0
flow_10.92,107.0,4.0,0
flow_30.90,108.0,4.0,0
flow_30.91,106.5,3.5,0
flow_10.93,106.5,3.0,0
flow_30.92,103.5,3.0,0
flow_10.94,104.0,3.0,0
flow_20.88,108.0,4.0,0
flow_00.60,50.0,4.0,0
flow_00.61,46.5,3.0,0
flow_20.89,106.0,3.0,0
flow_20.90,102.5,3.0,0
flow_00.62,34.5,3.0,0
flow_30.93,108.0,4.0,0
flow_10.95,109.0,4.0,0
flow_30.94,106.0,3.0,0
flow_10.96,106.5,3.5,0
flow_30.95,102.5,3.0,0
flow_10.97,103.0,3.0,0
flow_00.63,52.0,4.0,0
flow_20.91,108.0,4.0,0
flow_00.64,51.0,3.0,0
flow_20.92,105.5,3.0,0
flow_20.93,102.0,3.0,0
flow_00.65,25.0,2.5,0
flow_30.96,107.5,4.0,0
flow_10.98,108.0,4.0,0
flow_30.97,105.0,3.0,0
flow_10.99,106.0,3.0,0
flow_30.98,102.0,3.0,0
flow_10.100,102.5,3.0,0
flow_20.94,107.5,4.0,0
flow_00.66,42.0,4.0,0
flow_20.95,105.5,3.0,0
flow_00.67,33.0,3.0,0
flow_20.96,102.5,3.0,0
flow_30.99,107.0,4.0,0
flow_10.101,108.0,4.0,0
flow_30.100,105.5,3.0,0
flow_10.102,105.5,3.0,0
flow_10.103,102.5,3.0,0
flow_30.101,102.5,3.0,0
flow_00.68,32.0,4.0,0
flow_20.97,107.5,4.0,0
flow_20.98,106.0,3.0,0
flow_00.69,22.5,2.0,0
flow_20.99,102.5,3.0,0
flow_30.102,107.0,4.0,0
flow_10.104,109.0,4.0,0
flow_30.103,105.5,3.0,0
flow_10.105,106.0,3.5,0
flow_10.106,103.0,3.0,0
flow_30.104,103.5,3.0,0
flow_00.70,37.5,4.0,0
flow_20.100,107.5,4.0,0
flow_20.101,105.0,3.0,0
flow_00.71,37.5,3.0,0
flow_00.72,26.5,3.0,0
flow_20.102,103.0,3.0,0
flow_30.105,107.5,4.0,0
flow_10.107,108.0,4.0,0
flow_10.108,105.5,3.0,0
flow_30.106,105.5,3.0,0
flow_30.107,102.5,3.0,0
flow_10.109,103.0,3.0,0
flow_20.103,107.5,4.0,0
flow_00.73,39.5,4.0,0
flow_20.104,106.0,3.0,0
flow_00.74,32.5,3.5,0
flow_20.105,102.5,3.0,0
flow_00.75,31.0,3.0,0
flow_30.108,107.0,4.0,0
flow_10.110,108.0,4.0,0
flow_30.109,106.0,3.0,0
flow_10.111,106.0,3.0,0
flow_30.110,102.5,3.0,0
flow_10.112,103.0,3.0,0
flow_20.106,107.5,4.0,0
flow_00.76,43.5,4.0,0
flow_00.77,38.0,3.0,0
flow_20.107,106.5,3.0,0
flow_20.108,103.0,3.0,0
flow_00.78,34.0,3.0,0
flow_10.113,107.0,4.0,0
flow_30.111,107.5,4.0,0
flow_10.114,105.0,3.0,0
flow_30.112,106.0,3.0,0
flow_30.113,102.5,3.0,0
flow_10.115,102.5,3.0,0
flow_00.79,32.5,4.0,0
flow_20.109,107.5,4.0,0
flow_00.80,21.5,2.0,0
flow_20.110,106.0,3.0,0
flow_20.111,105.0,3.5,0
flow_10.116,108.0,4.0,0
flow_30.114,108.5,4.0,0
flow_30.115,105.5,3.0,0
flow_10.117,106.0,3.0,0
flow_10.118,103.5,3.0,0
flow_30.116,103.5,3.0,0
flow_20.112,108.0,4.0,0
flow_20.113,105.0,3.0,0
flow_00.81,21.5,2.0,0
flow_20.114,102.0,3.0,0
flow_00.82,22.5,2.0,0
flow_10.119,107.0,4.0,0
flow_30.117,107.5,4.0,0
flow_30.118,105.5,3.0,0
flow_10.120,106.0,3.0,0
flow_30.119,103.0,3.0,0
flow_10.121,103.5,3.0,0
flow_00.83,38.0,4.0,0
flow_20.115,108.0,4.0,0
flow_20.116,105.5,3.0,0
flow_00.84,32.5,3.5,0
flow_20.117,102.5,3.0,0
flow_00.85,31.0,3.0,0
flow_10.122,107.5,4.0,0
flow_30.120,107.5,4.0,0
flow_10.123,105.5,3.0,0
flow_30.121,106.0,3.0,0
flow_10.124,102.5,3.0,0
flow_30.122,103.0,3.0,0
flow_20.118,107.5,4.0,0
flow_00.86,41.5,4.0,0
flow_00.87,27.0,2.5,0
flow_20.119,106.0,3.0,0
flow_20.120,103.0,3.0,0
flow_10.0,23.0,2.5,0
flow_00.0,35.0,4.0,0
flow_20.0,34.5,4.0,0
flow_20.1,34.0,3.0,0
flow_00.1,35.0,3.0,0
flow_20.2,33.0,3.0,0
flow_00.2,33.5,3.0,0
flow_10.1,41.5,4.0,0
flow_30.0,34.0,4.0,0
flow_10.2,34.0,3.0,0
flow_30.1,31.5,3.5,0
flow_10.3,28.5,2.5,0
flow_30.2,30.5,3.0,0
flow_00.3,49.0,4.0,0
flow_20.3,50.5,4.0,0
flow_00.4,41.5,3.0,0
flow_00.5,31.0,3.0,0
flow_20.4,22.0,2.0,0
flow_30.3,39.5,4.0,0
flow_10.4,46.5,4.0,0
flow_30.4,29.0,3.0,0
flow_10.5,47.0,3.5,0
flow_10.6,34.5,3.0,0
flow_00.6,48.5,4.0,0
flow_20.5,39.0,4.0,0
flow_20.6,38.0,3.0,0
flow_00.7,40.5,3.5,0
flow_20.7,37.0,3.0,0
flow_00.8,36.5,3.0,0
flow_10.7,50.5,4.0,0
flow_30.5,22.0,2.0,0
flow_10.8,46.5,3.0,0
flow_30.6,20.5,2.0,0
flow_10.9,45.0,3.0,0
flow_00.9,53.0,4.0,0
flow_20.8,38.5,4.0,0
flow_00.10,50.0,3.0,0
flow_20.9,36.5,3.5,0
flow_00.11,41.0,3.0,0
flow_20.10,34.5,3.0,0
flow_10.10,62.5,4.0,0
flow_30.7,36.0,4.0,0
flow_10.11,61.5,3.0,0
flow_10.12,61.0,3.0,0
flow_00.12,57.5,4.0,0
flow_20.11,51.0,4.0,0
flow_00.13,57.0,3.0,0
flow_20.12,45.5,3.0,0
flow_00.14,56.0,3.0,0
flow_20.13,46.5,3.0,0
flow_10.13,78.0,4.0,0
flow_30.8,42.0,4.0,0
flow_10.14,77.5,3.0,0
flow_30.9,40.5,3.0,0
flow_30.10,28.5,3.0,0
flow_10.15,76.5,3.0,0
flow_00.15,73.5,4.0,0
flow_20.14,61.0,4.0,0
flow_00.16,73.0,3.0,0
flow_20.15,54.0,3.0,0
flow_00.17,71.5,3.0,0
flow_20.16,53.5,3.0,0
flow_30.11,24.0,2.5,0
flow_10.16,94.0,4.0,0
flow_30.12,22.5,2.0,0
flow_10.17,91.5,3.0,0
flow_10.18,88.0,3.0,0
flow_00.18,90.0,4.0,0
flow_20.17,71.5,4.0,0
flow_00.19,89.0,3.0,0
flow_20.18,70.5,3.0,0
flow_00.20,86.0,3.0,0
flow_20.19,66.5,3.0,0
flow_10.19,105.0,4.0,0
flow_30.13,33.5,4.0,0
flow_10.20,105.0,3.0,0
flow_10.21,102.5,3.0,0
flow_00.21,98.0,4.0,0
flow_20.20,81.0,4.0,0
flow_20.21,71.5,3.0,0
flow_00.22,99.0,3.5,0
flow_20.22,70.0,3.0,0
flow_00.23,97.0,3.0,0
flow_30.14,37.0,4.0,0
flow_10.22,108.0,4.0,0
flow_10.23,105.5,3.0,0
flow_30.15,36.5,3.0,0
flow_10.24,103.0,3.0,0
flow_30.16,35.0,3.0,0
flow_00.24,108.0,4.0,0
flow_20.23,89.5,4.0,0
flow_00.25,105.5,3.0,0
flow_20.24,88.0,3.0,0
flow_00.26,102.0,3.0,0
flow_20.25,85.5,3.0,0
flow_10.25,107.5,4.0,0
flow_30.17,43.5,4.0,0
flow_30.18,43.0,3.0,0
flow_10.26,106.5,3.0,0
flow_30.19,39.5,3.0,0
flow_10.27,103.5,3.0,0
flow_00.27,107.0,4.0,0
flow_20.26,92.0,4.0,0
flow_00.28,106.0,3.0,0
flow_20.27,92.5,3.0,0
flow_00.29,102.5,3.0,0
flow_20.28,88.5,3.0,0
flow_10.28,107.5,4.0,0
flow_30.20,36.5,4.0,0
flow_30.21,22.0,2.0,0
flow_10.29,105.5,3.0,0
flow_10.30,103.0,3.0,0
flow_20.29,105.0,4.0,0
flow_00.30,108.5,4.0,0
flow_00.31,105.5,3.0,0
flow_20.30,104.5,3.0,0
flow_00.32,103.0,3.0,0
flow_20.31,103.0,3.0,0
flow_30.22,28.0,3.5,0
flow_10.31,108.0,4.0,0
flow_30.23,26.5,3.0,0
flow_10.32,105.5,3.0,0
flow_30.24,25.0,3.0,0
flow_10.33,102.5,3.0,0
flow_00.33,107.5,4.0,0
flow_20.32,107.5,4.0,0
flow_00.34,105.5,3.0,0
flow_20.33,105.5,3.0,0
flow_00.35,102.5,3.0,0
flow_20.34,103.0,3.0,0
flow_10.34,107.5,4.0,0
flow_10.35,105.5,3.0,0
flow_10.36,102.0,3.0,0
flow_00.36,107.0,4.0,0
flow_20.35,107.5,4.0,0
flow_00.37,105.5,3.0,0
flow_20.36,105.5,3.0,0
flow_00.38,103.5,3.0,0
flow_20.37,103.5,3.0,0
flow_30.25,41.5,4.0,0
flow_10.37,108.5,4.0,0
flow_30.26,41.0,3.0,0
flow_10.38,106.0,3.0,0
flow_10.39,103.0,3.0,0
flow_00.39,107.5,4.0,0
flow_20.38,107.5,4.0,0
flow_20.39,105.5,3.0,0
flow_00.40,106.5,3.0,0
flow_20.40,102.0,3.0,0
flow_00.41,103.0,3.0,0
flow_10.40,107.5,4.0,0
flow_30.27,38.5,4.0,0
flow_10.41,102.5,3.0,0
flow_30.28,39.5,3.5,0
flow_10.42,89.5,3.0,0
flow_30.29,38.0,3.0,0
flow_00.42,107.5,4.0,0
flow_20.41,107.5,4.0,0
flow_00.43,105.0,3.0,0
flow_20.42,106.0,3.0,0
flow_00.44,102.0,3.0,0
flow_20.43,103.0,3.0,0
flow_10.43,100.5,4.0,0
flow_30.30,27.5,3.0,0
flow_10.44,86.5,3.0,0
flow_10.45,85.5,3.0,0
flow_20.44,107.5,4.0,0
flow_00.45,108.5,4.0,0
flow_00.46,105.5,3.0,0
flow_20.45,106.5,3.5,0
flow_00.47,102.5,3.0,0
flow_20.46,103.0,3.0,0
flow_30.31,39.5,4.0,0
flow_10.46,103.5,4.0,0
flow_30.32,26.0,2.5,0
flow_10.47,96.0,3.0,0
flow_10.48,83.0,3.0,0
flow_00.48,107.0,4.0,0
flow_20.47,107.5,4.0,0
flow_00.49,106.0,3.0,0
flow_20.48,106.0,3.0,0
flow_00.50,102.5,3.0,0
flow_20.49,103.0,3.0,0
flow_30.33,21.0,2.0,0
flow_10.49,101.0,4.0,0
flow_10.50,101.0,3.5,0
flow_10.51,90.5,3.0,0
flow_00.51,107.5,4.0,0
flow_20.50,107.5,4.0,0
flow_00.52,105.5,3.0,0
flow_20.51,105.5,3.0,0
flow_20.52,102.5,3.0,0
flow_00.53,103.0,3.0,0
flow_10.52,86.0,4.0,0
flow_30.34,37.5,4.0,0
flow_30.35,32.0,3.0,0
flow_10.53,85.5,3.0,0
flow_10.54,84.0,3.0,0
flow_30.36,26.0,3.0,0
flow_00.54,107.5,4.0,0
flow_20.53,107.5,4.0,0
flow_00.55,105.5,3.0,0
flow_20.54,105.5,3.0,0
flow_00.56,103.5,3.0,0
flow_20.55,104.0,3.0,0
flow_10.55,101.5,4.0,0
flow_30.37,40.5,4.0,0
flow_30.38,23.5,2.0,0
flow_10.56,101.0,3.0,0
flow_10.57,99.5,3.0,0
flow_20.56,107.5,4.0,0
flow_00.57,108.0,4.0,0
flow_20.57,105.5,3.0,0
flow_00.58,107.5,3.5,0
flow_20.58,102.5,3.0,0
flow_00.59,104.0,3.0,0
flow_10.58,108.0,4.0,0
flow_30.39,21.0,1.5,0
flow_10.59,105.0,3.0,0
flow_30.40,20.5,2.0,0
flow_10.60,102.5,3.0,0
flow_00.60,107.5,4.0,0
flow_20.59,108.0,4.0,0
flow_20.60,106.0,3.0,0
flow_00.61,107.0,3.5,0
flow_20.61,102.5,3.0,0
flow_00.62,103.5,3.0,0
flow_10.61,107.5,4.0,0
flow_30.41,40.0,4.0,0
flow_10.62,105.5,3.0,0
flow_30.42,25.5,2.5,0
flow_10.63,96.5,3.0,0
flow_30.43,25.0,2.5,0
flow_00.63,107.5,4.0,0
flow_20.62,108.0,4.0,0
flow_00.64,106.0,3.0,0
flow_20.63,106.5,3.5,0
flow_00.65,103.0,3.0,0
flow_20.64,104.0,3.0,0
flow_30.44,41.0,4.0,0
flow_10.64,107.5,4.0,0
flow_30.45,25.0,2.5,0
flow_10.65,106.0,3.0,0
flow_10.66,103.5,3.0,0
flow_30.46,23.0,2.0,0
flow_00.66,107.5,4.0,0
flow_20.65,107.5,4.0,0
flow_00.67,106.0,3.0,0
flow_20.66,106.0,3.0,0
flow_00.68,102.5,3.0,0
flow_20.67,103.0,3.0,0
flow_10.67,107.0,4.0,0
flow_10.68,106.0,3.0,0
flow_10.69,103.0,3.0,0
flow_00.69,107.5,4.0,0
flow_20.68,108.5,4.0,0
flow_20.69,105.5,3.0,0
flow_00.70,106.0,3.0,0
flow_00.71,102.5,3.0,0
flow_20.70,103.0,3.0,0
flow_10.70,107.5,4.0,0
flow_10.71,105.0,3.0,0
flow_10.72,102.5,3.0,0
flow_00.72,107.0,4.0,0
flow_20.71,107.5,4.0,0
flow_20.72,105.0,3.0,0
flow_00.73,105.5,3.0,0
flow_00.74,102.5,3.0,0
flow_20.73,104.0,3.0,0
flow_30.47,39.5,4.0,0
flow_10.73,108.0,4.0,0
flow_30.48,38.5,3.0,0
flow_10.74,106.0,3.0,0
flow_30.49,29.0,3.0,0
flow_10.75,103.0,3.0,0
flow_00.75,108.0,4.0,0
flow_20.74,108.5,4.0,0
flow_20.75,105.5,3.0,0
flow_00.76,105.5,3.0,0
flow_00.77,102.5,3.0,0
flow_20.76,103.5,3.0,0
flow_10.76,107.0,4.0,0
flow_30.50,44.0,4.0,0
flow_10.77,105.5,3.0,0
flow_30.51,43.0,3.0,0
flow_10.78,102.5,3.0,0
flow_30.52,42.0,3.0,0
flow_20.77,107.5,4.0,0
flow_00.78,107.5,4.0,0
flow_00.79,106.0,3.0,0
flow_20.78,106.5,3.5,0
flow_00.80,102.5,3.0,0
flow_20.79,103.5,3.0,0
flow_10.79,107.5,4.0,0
flow_30.53,59.5,4.0,0
flow_10.80,105.5,3.0,0
flow_30.54,59.0,3.0,0
flow_10.81,102.5,3.0,0
flow_30.55,54.5,3.0,0
flow_20.80,107.5,4.0,0
flow_00.81,107.5,4.0,0
flow_20.81,106.0,3.0,0
flow_00.82,107.0,3.5,0
flow_20.82,102.5,3.0,0
flow_00.83,103.0,3.0,0
flow_10.82,107.0,4.0,0
flow_30.56,68.5,4.0,0
flow_30.57,57.0,3.0,0
flow_10.83,106.5,3.0,0
flow_30.58,54.0,3.0,0
flow_10.84,103.0,3.0,0
flow_00.84,107.5,4.0,0
flow_20.83,108.0,4.0,0
flow_20.84,105.0,3.0,0
flow_00.85,105.5,3.0,0
flow_00.86,102.5,3.0,0
flow_20.85,103.0,3.0,0
flow_10.85,108.0,4.0,0
flow_30.59,65.0,4.0,0
flow_10.86,105.5,3.0,0
flow_30.60,49.5,3.5,0
flow_10.87,102.5,3.0,0
flow_30.61,49.0,3.0,0
flow_20.86,107.5,4.0,0
flow_00.87,107.5,4.0,0
flow_00.88,105.0,3.0,0
flow_20.87,105.5,3.0,0
flow_00.89,102.0,3.0,0
flow_20.88,102.5,3.0,0
flow_10.88,107.5,4.0,0
flow_30.62,64.0,4.0,0
flow_10.89,105.5,3.0,0
flow_30.63,51.5,3.0,0
flow_30.64,38.0,3.0,0
flow_10.90,103.0,3.0,0
flow_20.89,108.5,4.0,0
flow_00.90,108.5,4.0,0
flow_20.90,106.0,3.5,0
flow_00.91,106.0,3.0,0
flow_20.91,103.0,3.0,0
flow_00.92,103.0,3.0,0
flow_10.91,107.5,4.0,0
flow_30.65,56.0,4.0,0
flow_10.92,105.5,3.0,0
flow_30.66,33.5,3.0,0
flow_10.93,102.0,3.0,0
flow_30.67,31.0,3.0,0
flow_20.92,107.5,4.0,0
flow_00.93,108.0,4.0,0
flow_20.93,105.0,3.0,0
flow_00.94,106.0,3.0,0
flow_20.94,102.0,3.0,0
flow_00.95,103.0,3.0,0
flow_10.94,107.0,4.0,0
flow_30.68,50.0,4.0,0
flow_10.95,105.5,3.0,0
flow_30.69,49.0,3.5,0
flow_10.96,102.0,3.0,0
flow_30.70,47.5,3.0,0
flow_00.96,107.0,4.0,0
flow_20.95,107.5,4.0,0
flow_20.96,105.5,3.0,0
flow_00.97,105.5,3.0,0
flow_20.97,102.5,3.0,0
flow_00.98,103.0,3.0,0
flow_10.97,107.5,4.0,0
flow_10.98,106.0,3.0,0
flow_10.99,102.5,3.0,0
flow_20.98,107.5,4.0,0
flow_00.99,108.0,4.0,0
flow_20.99,105.5,3.0,0
flow_00.100,105.5,3.0,0
flow_20.100,102.0,3.0,0
flow_00.101,103.0,3.0,0
flow_10.100,107.5,4.0,0
flow_10.101,105.5,3.0,0
flow_10.102,102.5,3.0,0
flow_00.102,107.0,4.0,0
flow_20.101,108.5,4.0,0
flow_00.103,105.0,3.0,0
flow_20.102,107.0,3.5,0
flow_00.104,102.5,3.0,0
flow_20.103,103.5,3.0,0
flow_30.71,35.0,4.0,0
flow_10.103,108.0,4.0,0
flow_30.72,34.0,3.0,0
flow_10.104,106.0,3.0,0
flow_30.73,33.0,3.0,0
flow_10.105,102.5,3.0,0
flow_20.104,107.0,4.0,0
flow_00.105,108.0,4.0,0
flow_00.106,106.0,3.0,0
flow_20.105,106.5,3.5,0
flow_20.106,103.0,3.0,0
flow_00.107,103.5,3.0,0
flow_10.106,107.0,4.0,0
flow_30.74,39.0,4.0,0
flow_30.75,31.0,3.5,0
flow_10.107,106.0,3.0,0
flow_10.108,102.5,3.0,0
flow_30.76,23.5,2.0,0
flow_20.107,107.5,4.0,0
flow_00.108,107.5,4.0,0
flow_20.108,105.0,3.0,0
flow_00.109,106.0,3.0,0
flow_20.109,102.5,3.0,0
flow_00.110,103.0,3.0,0
flow_10.109,107.0,4.0,0
flow_30.77,33.5,4.0,0
flow_10.110,105.5,3.0,0
flow_30.78,31.5,3.5,0
flow_10.111,102.0,3.0,0
flow_30.79,25.0,2.5,0
flow_30.80,23.0,2.5,0
flow_00.111,107.5,4.0,0
flow_20.110,108.0,4.0,0
flow_00.112,105.5,3.0,0
flow_20.111,105.5,3.0,0
flow_00.113,102.5,3.0,0
flow_20.112,102.5,3.0,0
flow_30.81,31.5,4.0,0
flow_10.112,107.5,4.0,0
flow_30.82,27.0,3.0,0
flow_10.113,106.0,3.0,0
flow_30.83,26.5,2.5,0
flow_10.114,103.0,3.0,0
flow_20.113,107.5,4.0,0
flow_00.114,107.5,4.0,0
flow_00.115,106.0,3.0,0
flow_20.114,106.5,3.0,0
flow_00.116,103.0,3.0,0
flow_20.115,103.0,3.0,0
flow_10.115,108.0,4.0,0
flow_30.84,34.5,4.0,0
flow_30.85,24.0,2.5,0
flow_10.116,105.5,3.0,0
flow_10.117,102.0,3.0,0
flow_30.86,23.0,2.0,0
flow_00.117,107.5,4.0,0
flow_20.116,107.5,4.0,0
flow_00.118,105.5,3.0,0
flow_20.117,105.5,3.0,0
flow_00.119,102.5,3.0,0
flow_20.118,102.5,3.0,0
flow_30.87,40.0,4.0,0
flow_10.118,108.0,4.0,0
flow_30.88,24.0,2.5,0
flow_10.119,106.0,3.0,0
flow_10.120,103.0,3.0,0
flow_30.89,24.0,2.5,0
flow_00.120,107.0,4.0,0
flow_20.119,107.5,4.0,0
flow_20.120,105.0,3.0,0
flow_00.121,105.5,3.0,0
flow_00.122,102.0,3.0,0
flow_20.121,102.5,3.0,0
flow_10.121,107.5,4.0,0
flow_30.90,41.0,4.0,0
flow_10.122,105.5,3.0,0
flow_30.91,39.0,3.0,0
flow_10.123,102.5,3.0,0
flow_30.92,23.5,2.5,0
flow_00.123,107.0,4.0,0
flow_20.122,107.5,4.0,0
flow_20.123,105.5,3.0,0
flow_00.124,105.5,3.0,0
flow_00.125,102.0,3.0,0
flow_20.124,103.0,3.0,0
flow_10.0,22.5,2.0,0
flow_10.1,22.5,2.0,0
flow_30.0,21.5,2.0,0
flow_10.2,22.5,2.0,0
flow_20.0,35.5,4.0,0
flow_00.0,31.0,3.5,0
flow_00.1,30.5,3.0,0
flow_20.1,28.0,3.0,0
flow_00.2,29.0,3.0,0
flow_20.2,22.0,2.0,0
flow_00.3,27.5,3.0,0
flow_30.1,41.5,4.0,0
flow_10.3,40.0,4.0,0
flow_10.4,37.5,3.0,0
flow_30.2,20.5,1.5,0
flow_10.5,35.0,3.0,0
flow_00.4,42.0,4.0,0
flow_20.3,38.5,4.0,0
flow_00.5,37.0,3.0,0
flow_20.4,39.0,3.0,0
flow_00.6,30.0,3.0,0
flow_20.5,37.5,3.0,0
flow_10.6,52.0,4.0,0
flow_10.7,51.0,3.0,0
flow_10.8,47.0,3.0,0
flow_20.6,54.5,4.0,0
flow_00.7,36.5,4.0,0
flow_20.7,54.0,3.0,0
flow_00.8,36.0,3.0,0
flow_00.9,34.5,3.0,0
flow_20.8,53.0,3.0,0
flow_30.3,36.5,4.0,0
flow_10.9,60.5,4.0,0
flow_30.4,33.5,3.0,0
flow_10.10,55.5,3.0,0
flow_10.11,28.0,2.5,0
flow_20.9,62.5,4.0,0
flow_00.10,52.0,4.0,0
flow_00.11,50.5,3.0,0
flow_20.10,49.0,3.0,0
flow_00.12,36.0,3.0,0
flow_20.11,48.0,3.0,0
flow_30.5,29.5,3.5,0
flow_10.12,45.0,4.0,0
flow_10.13,43.5,3.0,0
flow_10.14,42.0,3.0,0
flow_20.12,64.5,4.0,0
flow_00.13,51.0,4.0,0
flow_20.13,64.5,3.0,0
flow_00.14,51.5,3.0,0
flow_20.14,63.5,3.0,0
flow_00.15,50.0,3.0,0
flow_30.6,23.0,2.5,0
flow_10.15,55.0,4.0,0
flow_30.7,22.0,2.0,0
flow_10.16,52.5,3.0,0
flow_10.17,52.0,3.0,0
flow_20.15,80.5,4.0,0
flow_00.16,67.0,4.0,0
flow_00.17,67.0,3.0,0
flow_20.16,81.0,3.5,0
flow_20.17,72.0,3.0,0
flow_00.18,67.0,3.0,0
flow_30.8,25.0,3.0,0
flow_10.18,63.0,4.0,0
flow_10.19,62.5,3.0,0
flow_10.20,61.0,3.0,0
flow_20.18,88.5,4.0,0
flow_00.19,83.0,4.0,0
flow_20.19,88.0,3.0,0
flow_00.20,75.0,3.0,0
flow_00.21,74.0,3.0,0
flow_20.20,88.0,3.5,0
flow_10.21,78.5,4.0,0
flow_30.9,31.5,3.5,0
flow_30.10,27.0,3.0,0
flow_10.22,74.0,3.0,0
flow_10.23,73.0,3.0,0
flow_20.21,103.5,4.0,0
flow_00.22,77.0,4.0,0
flow_20.22,102.5,3.0,0
flow_00.23,65.5,3.0,0
flow_20.23,101.0,3.0,0
flow_00.24,51.5,3.0,0
flow_30.11,32.5,4.0,0
flow_10.24,91.0,4.0,0
flow_10.25,85.0,3.0,0
flow_30.12,20.5,1.5,0
flow_10.26,60.0,3.0,0
flow_20.24,108.0,4.0,0
flow_00.25,62.0,4.0,0
flow_20.25,105.5,3.0,0
flow_00.26,61.0,3.0,0
flow_20.26,102.0,3.0,0
flow_00.27,29.0,3.0,0
flow_10.27,77.5,4.0,0
flow_30.13,37.5,4.0,0
flow_30.14,27.0,2.5,0
flow_10.28,77.5,3.0,0
flow_10.29,76.0,3.0,0
flow_20.27,107.5,4.0,0
flow_00.28,40.5,4.0,0
flow_20.28,105.5,3.0,0
flow_00.29,35.5,3.0,0
flow_20.29,102.5,3.0,0
flow_00.30,33.5,3.0,0
flow_10.30,87.0,4.0,0
flow_10.31,85.5,3.0,0
flow_10.32,84.0,3.0,0
flow_20.30,108.0,4.0,0
flow_00.31,45.0,4.0,0
flow_20.31,106.0,3.0,0
flow_00.32,42.5,3.0,0
flow_20.32,103.0,3.0,0
flow_00.33,29.5,3.0,0
flow_10.33,101.5,4.0,0
flow_10.34,101.0,3.0,0
flow_10.35,98.5,3.0,0
flow_30.15,23.5,2.5,0
flow_20.33,107.5,4.0,0
flow_00.34,38.0,4.0,0
flow_20.34,105.5,3.0,0
flow_00.35,36.0,3.0,0
flow_00.36,29.0,3.0,0
flow_20.35,103.0,3.0,0
flow_30.16,38.0,4.0,0
flow_10.36,108.0,4.0,0
flow_10.37,105.5,3.0,0
flow_10.38,102.5,3.0,0
flow_20.36,107.5,4.0,0
flow_00.37,47.5,4.0,0
flow_20.37,105.5,3.0,0
flow_00.38,44.0,3.0,0
flow_20.38,103.0,3.0,0
flow_00.39,40.0,3.0,0
flow_30.17,23.0,2.0,0
flow_10.39,108.0,4.0,0
flow_30.18,22.0,2.0,0
flow_10.40,105.5,3.0,0
flow_10.41,103.5,3.0,0
flow_00.40,57.0,4.0,0
flow_20.39,108.0,4.0,0
flow_00.41,56.5,3.0,0
flow_20.40,107.0,3.5,0
flow_00.42,50.5,3.0,0
flow_20.41,103.5,3.0,0
flow_10.42,107.5,4.0,0
flow_30.19,36.0,4.0,0
flow_10.43,105.0,3.0,0
flow_30.20,35.5,3.0,0
flow_30.21,31.5,3.0,0
flow_10.44,103.0,3.0,0
flow_20.42,107.5,4.0,0
flow_00.43,50.0,4.0,0
flow_20.43,105.5,3.0,0
flow_00.44,48.5,3.0,0
flow_00.45,31.5,3.0,0
flow_20.44,102.5,3.0,0
flow_10.45,107.5,4.0,0
flow_30.22,22.0,2.0,0
flow_10.46,106.5,3.0,0
flow_10.47,103.0,3.0,0
flow_30.23,21.0,2.0,0
flow_20.45,107.0,4.0,0
flow_00.46,51.5,4.0,0
flow_20.46,105.5,3.0,0
flow_00.47,50.0,3.5,0
flow_20.47,102.0,3.0,0
flow_00.48,37.0,3.0,0
flow_10.48,107.5,4.0,0
flow_10.49,106.0,3.0,0
flow_10.50,103.5,3.0,0
flow_00.49,53.5,4.0,0
flow_20.48,107.5,4.0,0
flow_20.49,105.0,3.0,0
flow_00.50,53.5,3.0,0
flow_00.51,49.0,3.0,0
flow_20.50,102.5,3.0,0
flow_30.24,40.5,4.0,0
flow_10.51,107.5,4.0,0
flow_10.52,105.5,3.0,0
flow_30.25,40.5,3.0,0
flow_10.53,102.5,3.0,0
flow_30.26,33.0,3.0,0
flow_20.51,107.0,4.0,0
flow_00.52,67.0,4.0,0
flow_00.53,66.5,3.0,0
flow_20.52,106.0,3.0,0
flow_00.54,64.5,3.0,0
flow_20.53,103.0,3.0,0
flow_10.54,107.5,4.0,0
flow_30.27,50.0,4.0,0
flow_10.55,106.0,3.0,0
flow_30.28,36.0,3.0,0
flow_10.56,102.5,3.0,0
flow_30.29,27.5,2.5,0
flow_00.55,76.5,4.0,0
flow_20.54,108.0,4.0,0
flow_00.56,76.0,3.0,0
flow_20.55,106.0,3.0,0
flow_20.56,102.5,3.0,0
flow_00.57,71.0,3.0,0
flow_30.30,31.0,3.5,0
flow_10.57,109.0,4.0,0
flow_30.31,21.0,1.5,0
flow_10.58,106.0,3.0,0
flow_10.59,103.0,3.0,0
flow_20.57,107.5,4.0,0
flow_00.58,88.5,4.0,0
flow_20.58,105.0,3.0,0
flow_00.59,84.5,3.0,0
flow_00.60,63.0,3.0,0
flow_20.59,103.5,3.0,0
flow_10.60,107.5,4.0,0
flow_10.61,105.5,3.0,0
flow_10.62,103.0,3.0,0
flow_20.60,107.5,4.0,0
flow_00.61,72.5,4.0,0
flow_20.61,105.0,3.0,0
flow_00.62,65.0,3.0,0
flow_20.62,102.5,3.0,0
flow_00.63,39.5,3.0,0
flow_10.63,107.0,4.0,0
flow_30.32,34.0,4.0,0
flow_10.64,105.5,3.0,0
flow_10.65,103.0,3.0,0
flow_00.64,55.0,4.0,0
flow_20.63,108.5,4.0,0
flow_00.65,48.0,3.0,0
flow_20.64,106.0,3.0,0
flow_00.66,47.5,3.0,0
flow_20.65,103.0,3.0,0
flow_10.66,108.5,4.0,0
flow_10.67,105.5,3.0,0
flow_10.68,102.5,3.0,0
flow_20.66,108.0,4.0,0
flow_00.67,53.0,4.0,0
flow_20.67,105.5,3.0,0
flow_00.68,52.5,3.0,0
flow_00.69,51.5,3.0,0
flow_20.68,103.5,3.0,0
flow_30.33,22.0,2.0,0
flow_10.69,107.0,4.0,0
flow_30.34,22.0,2.0,0
flow_10.70,105.5,3.0,0
flow_10.71,102.5,3.0,0
flow_20.69,107.0,4.0,0
flow_00.70,68.5,4.0,0
flow_00.71,64.5,3.0,0
flow_20.70,105.5,3.0,0
flow_20.71,102.5,3.0,0
flow_00.72,64.0,3.0,0
flow_10.72,107.5,4.0,0
flow_30.35,38.0,4.0,0
flow_10.73,106.0,3.0,0
flow_10.74,103.5,3.0,0
flow_00.73,70.5,4.0,0
flow_20.72,107.5,4.0,0
flow_00.74,67.0,3.0,0
flow_20.73,106.0,3.0,0
flow_20.74,102.5,3.0,0
flow_00.75,64.0,3.0,0
flow_10.75,108.0,4.0,0
flow_10.76,105.5,3.0,0
flow_10.77,102.5,3.0,0
flow_00.76,55.5,4.0,0
flow_20.75,107.5,4.0,0
flow_20.76,105.5,3.0,0
flow_00.77,54.0,3.0,0
flow_20.77,102.0,3.0,0
flow_00.78,53.0,3.0,0
flow_10.78,108.0,4.0,0
flow_10.79,105.5,3.0,0
flow_10.80,103.0,3.0,0
flow_20.78,107.5,4.0,0
flow_00.79,70.5,4.0,0
flow_00.80,69.5,3.0,0
flow_20.79,106.0,3.0,0
flow_00.81,68.5,3.0,0
flow_20.80,102.5,3.0,0
flow_10.81,108.0,4.0,0
flow_30.36,21.5,2.0,0
flow_10.82,107.5,3.5,0
flow_10.83,104.0,3.0,0
flow_20.81,108.0,4.0,0
flow_00.82,87.0,4.0,0
flow_00.83,85.5,3.0,0
flow_20.82,106.5,3.5,0
flow_20.83,103.5,3.0,0
flow_00.84,85.5,3.0,0
flow_10.84,107.5,4.0,0
flow_30.37,33.5,4.0,0
flow_10.85,105.5,3.0,0
flow_10.86,103.0,3.0,0
flow_20.84,107.5,4.0,0
flow_00.85,101.5,4.0,0
flow_20.85,105.0,3.0,0
flow_00.86,101.0,3.0,0
flow_00.87,99.0,3.0,0
flow_20.86,103.0,3.0,0
flow_10.87,107.5,4.0,0
flow_30.38,36.0,4.0,0
flow_10.88,105.5,3.0,0
flow_30.39,21.5,2.0,0
flow_10.89,102.5,3.0,0
flow_20.87,107.5,4.0,0
flow_00.88,108.5,4.0,0
flow_20.88,105.0,3.0,0
flow_00.89,107.5,3.5,0
flow_20.89,103.0,3.0,0
flow_00.90,104.0,3.0,0
flow_10.90,108.0,4.0,0
flow_10.91,105.5,3.0,0
flow_10.92,102.5,3.0,0
flow_20.90,107.0,4.0,0
flow_00.91,107.5,4.0,0
flow_20.91,107.0,3.5,0
flow_00.92,107.0,3.5,0
flow_20.92,103.5,3.0,0
flow_00.93,103.5,3.0,0
flow_10.93,107.5,4.0,0
flow_30.40,41.5,4.0,0
flow_10.94,105.5,3.0,0
flow_10.95,102.5,3.0,0
flow_00.94,107.5,4.0,0
flow_20.93,108.0,4.0,0
flow_20.94,105.0,3.0,0
flow_00.95,106.0,3.0,0
flow_20.95,102.0,3.0,0
flow_00.96,103.0,3.0,0
flow_30.41,40.0,4.0,0
flow_10.96,108.0,4.0,0
flow_30.42,30.0,3.0,0
flow_10.97,106.0,3.0,0
flow_10.98,102.5,3.0,0
flow_20.96,107.5,4.0,0
flow_00.97,107.5,4.0,0
flow_00.98,105.0,3.0,0
flow_20.97,105.5,3.0,0
flow_20.98,102.0,3.0,0
flow_00.99,103.0,3.0,0
flow_10.99,107.5,4.0,0
flow_10.100,105.5,3.0,0
flow_10.101,103.0,3.0,0
flow_20.99,107.5,4.0,0
flow_00.100,108.0,4.0,0
flow_00.101,105.5,3.0,0
flow_20.100,106.0,3.0,0
flow_20.101,102.5,3.0,0
flow_00.102,103.0,3.0,0
flow_30.43,27.0,3.5,0
flow_10.102,108.5,4.0,0
flow_30.44,26.5,3.0,0
flow_10.103,106.0,3.0,0
flow_10.104,102.5,3.0,0
flow_20.102,107.5,4.0,0
flow_00.103,108.5,4.0,0
flow_20.103,105.5,3.0,0
flow_00.104,105.5,3.0,0
flow_00.105,102.0,3.0,0
flow_20.104,102.5,3.0,0
flow_10.105,107.5,4.0,0
flow_10.106,106.0,3.0,0
flow_30.45,22.0,2.0,0
flow_10.107,103.0,3.0,0
flow_20.105,108.0,4.0,0
flow_00.106,108.5,4.0,0
flow_20.106,105.5,3.0,0
flow_00.107,106.0,3.0,0
flow_20.107,102.5,3.0,0
flow_00.108,102.5,3.0,0
flow_10.108,107.0,4.0,0
flow_30.46,35.5,4.0,0
flow_10.109,106.5,3.0,0
flow_10.110,102.5,3.0,0
flow_20.108,107.0,4.0,0
flow_00.109,107.5,4.0,0
flow_20.109,105.0,3.0,0
flow_00.110,105.5,3.0,0
flow_20.110,102.5,3.0,0
flow_00.111,104.0,3.0,0
flow_10.111,107.5,4.0,0
flow_30.47,41.5,4.0,0
flow_10.112,106.0,3.0,0
flow_30.48,30.0,3.0,0
flow_10.113,102.5,3.0,0
flow_00.112,107.5,4.0,0
flow_20.111,108.0,4.0,0
flow_00.113,105.0,3.0,0
flow_20.112,106.0,3.0,0
flow_20.113,102.5,3.0,0
flow_00.114,102.5,3.0,0
flow_10.114,108.0,4.0,0
flow_30.49,26.0,2.5,0
flow_10.115,106.5,3.0,0
flow_10.116,104.0,3.0,0
flow_00.115,107.0,4.0,0
flow_20.114,108.0,4.0,0
flow_20.115,105.5,3.0,0
flow_00.116,105.5,3.0,0
flow_00.117,102.5,3.0,0
flow_20.116,103.0,3.0,0
flow_30.50,40.0,4.0,0
flow_10.117,108.0,4.0,0
flow_30.51,29.5,3.0,0
flow_10.118,105.5,3.0,0
flow_30.52,28.0,2.5,0
flow_10.119,102.5,3.0,0
flow_30.53,25.0,2.5,0
flow_20.117,107.5,4.0,0
flow_00.118,107.5,4.0,0
flow_20.118,105.0,3.0,0
flow_00.119,105.5,3.0,0
flow_20.119,102.0,3.0,0
flow_00.120,102.5,3.0,0
flow_10.120,107.0,4.0,0
flow_30.54,20.5,1.5,0
flow_10.121,105.5,3.0,0
flow_10.122,102.0,3.0,0
flow_00.121,107.5,4.0,0
flow_20.120,108.5,4.0,0
flow_00.122,105.5,3.0,0
flow_20.121,107.0,3.5,0
flow_00.123,102.5,3.0,0
flow_20.122,103.5,3.0,0
flow_10.123,107.5,4.0,0
flow_30.55,40.5,4.0,0
flow_10.124,106.0,3.0,0
flow_10.125,102.5,3.0,0
flow_00.124,107.0,4.0,0
flow_20.123,107.5,4.0,0
flow_00.125,105.0,3.0,0
flow_20.124,105.5,3.0,0
flow_00.126,103.0,3.0,0
flow_20.125,103.5,3.0,0
flow_30.56,25.0,3.0,0
flow_30.0,22.5,2.0,0
flow_10.0,22.5,2.0,0
flow_30.1,21.5,2.0,0
flow_00.0,38.5,4.0,0
flow_00.1,38.5,3.0,0
flow_30.2,36.5,4.0,0
flow_10.1,41.5,4.0,0
flow_30.3,35.5,3.0,0
flow_10.2,33.0,3.0,0
flow_30.4,36.0,3.0,0
flow_10.3,32.5,3.0,0
flow_00.2,37.0,4.0,0
flow_00.3,20.5,1.5,0
flow_10.4,46.5,4.0,0
flow_30.5,35.0,4.0,0
flow_10.5,45.5,3.0,0
flow_30.6,26.0,3.0,0
flow_10.6,42.0,3.0,0
flow_30.7,22.0,2.0,0
flow_00.4,38.0,4.0,0
flow_20.0,38.0,4.0,0
flow_00.5,37.5,3.0,0
flow_20.1,39.0,3.5,0
flow_00.6,24.5,2.5,0
flow_20.2,37.5,3.0,0
flow_30.8,39.0,4.0,0
flow_10.7,56.0,4.0,0
flow_30.9,37.0,3.0,0
flow_10.8,57.0,3.5,0
flow_30.10,32.0,3.0,0
flow_10.9,48.0,3.0,0
flow_00.7,31.5,3.5,0
flow_00.8,27.0,3.0,0
flow_00.9,21.0,2.0,0
flow_10.10,63.5,4.0,0
flow_30.11,49.5,4.0,0
flow_30.12,41.5,3.0,0
flow_10.11,64.0,3.0,0
flow_10.12,62.5,3.0,0
flow_30.13,40.5,3.0,0
flow_00.10,23.5,2.5,0
flow_00.11,23.0,2.0,0
flow_00.12,24.0,2.5,0
flow_10.13,80.0,4.0,0
flow_30.14,58.0,4.0,0
flow_10.14,78.5,3.0,0
flow_30.15,58.0,3.0,0
flow_10.15,77.5,3.0,0
flow_30.16,56.5,3.0,0
flow_20.3,34.0,4.0,0
flow_00.13,39.0,4.0,0
flow_20.4,34.0,3.0,0
flow_00.14,29.5,3.0,0
flow_00.15,22.0,1.5,0
flow_10.16,96.0,4.0,0
flow_30.17,75.0,4.0,0
flow_10.17,95.0,3.0,0
flow_30.18,73.5,3.0,0
flow_10.18,93.0,3.0,0
flow_30.19,72.0,3.0,0
flow_00.16,37.0,4.0,0
flow_20.5,20.5,1.5,0
flow_00.17,34.0,3.0,0
flow_00.18,25.5,2.5,0
flow_10.19,107.0,4.0,0
flow_30.20,89.0,4.0,0
flow_10.20,105.5,3.0,0
flow_30.21,88.5,3.0,0
flow_10.21,100.5,3.0,0
flow_30.22,73.5,3.0,0
flow_00.19,36.0,4.0,0
flow_20.6,31.0,3.5,0
flow_00.20,32.0,3.0,0
flow_20.7,30.0,3.0,0
flow_00.21,29.0,3.0,0
flow_30.23,86.0,4.0,0
flow_10.22,108.0,4.0,0
flow_30.24,86.0,3.0,0
flow_10.23,106.0,3.0,0
flow_10.24,102.5,3.0,0
flow_30.25,85.0,3.0,0
flow_00.22,36.0,4.0,0
flow_00.23,36.0,3.0,0
flow_00.24,32.0,3.0,0
flow_10.25,107.5,4.0,0
flow_30.26,102.5,4.0,0
flow_30.27,98.5,3.0,0
flow_10.26,106.0,3.0,0
flow_30.28,91.5,3.0,0
flow_10.27,102.5,3.0,0
flow_20.8,41.5,4.0,0
flow_00.25,31.0,3.5,0
flow_10.28,107.5,4.0,0
flow_30.29,107.5,4.0,0
flow_10.29,105.5,3.0,0
flow_30.30,98.5,3.0,0
flow_30.31,97.0,3.0,0
flow_10.30,103.0,3.0,0
flow_00.26,39.0,4.0,0
flow_20.9,28.0,3.5,0
flow_00.27,39.0,3.0,0
flow_00.28,37.5,3.0,0
flow_10.31,107.5,4.0,0
flow_30.32,108.0,4.0,0
flow_10.32,106.0,3.0,0
flow_30.33,106.0,3.0,0
flow_10.33,103.5,3.0,0
flow_30.34,103.5,3.0,0
flow_00.29,46.5,4.0,0
flow_20.10,34.0,4.0,0
flow_20.11,23.0,2.0,0
flow_00.30,46.5,3.0,0
flow_00.31,45.0,3.0,0
flow_10.34,107.5,4.0,0
flow_30.35,108.0,4.0,0
flow_30.36,105.0,3.0,0
flow_10.35,105.5,3.0,0
flow_10.36,102.5,3.0,0
flow_30.37,92.5,3.0,0
flow_00.32,62.5,4.0,0
flow_00.33,63.0,3.5,0
flow_20.12,21.0,1.5,0
flow_00.34,61.5,3.0,0
flow_30.38,107.0,4.0,0
flow_10.37,107.5,4.0,0
flow_30.39,105.0,3.0,0
flow_10.38,105.5,3.0,0
flow_30.40,97.5,3.0,0
flow_10.39,103.0,3.0,0
flow_20.13,36.5,4.0,0
flow_00.35,78.0,4.0,0
flow_00.36,77.5,3.0,0
flow_20.14,38.0,3.5,0
flow_00.37,74.5,3.0,0
flow_10.40,107.5,4.0,0
flow_30.41,91.0,4.0,0
flow_30.42,90.0,3.0,0
flow_10.41,106.0,3.0,0
flow_10.42,102.5,3.0,0
flow_30.43,73.0,3.0,0
flow_00.38,91.5,4.0,0
flow_00.39,91.5,3.0,0
flow_00.40,78.5,3.0,0
flow_10.43,107.5,4.0,0
flow_30.44,76.5,4.0,0
flow_10.44,105.5,3.0,0
flow_30.45,65.5,3.0,0
flow_10.45,102.0,3.0,0
flow_30.46,37.0,3.0,0
flow_00.41,95.0,4.0,0
flow_00.42,94.5,3.0,0
flow_20.15,20.5,1.5,0
flow_00.43,90.5,3.0,0
flow_30.47,47.5,4.0,0
flow_10.46,107.5,4.0,0
flow_10.47,105.5,3.0,0
flow_30.48,47.5,3.0,0
flow_30.49,45.0,3.0,0
flow_10.48,103.0,3.0,0
flow_00.44,106.0,4.0,0
flow_00.45,105.0,3.0,0
flow_00.46,102.5,3.0,0
flow_10.49,107.0,4.0,0
flow_30.50,62.0,4.0,0
flow_10.50,105.5,3.0,0
flow_30.51,58.5,3.0,0
flow_30.52,57.0,3.0,0
flow_10.51,102.5,3.0,0
flow_00.47,107.5,4.0,0
flow_00.48,106.0,3.0,0
flow_00.49,103.5,3.0,0
flow_30.53,75.0,4.0,0
flow_10.52,108.5,4.0,0
flow_10.53,106.0,3.0,0
flow_30.54,71.0,3.0,0
flow_10.54,102.5,3.0,0
flow_30.55,69.5,3.0,0
flow_00.50,107.5,4.0,0
flow_00.51,105.5,3.0,0
flow_00.52,103.0,3.0,0
flow_10.55,107.5,4.0,0
flow_30.56,81.5,4.0,0
flow_10.56,105.0,3.0,0
flow_30.57,70.5,3.0,0
flow_10.57,103.0,3.0,0
flow_30.58,72.5,3.5,0
flow_00.53,108.0,4.0,0
flow_00.54,105.5,3.0,0
flow_00.55,102.0,3.0,0
flow_30.59,70.5,4.0,0
flow_10.58,108.0,4.0,0
flow_30.60,70.0,3.0,0
flow_10.59,106.0,3.0,0
flow_30.61,68.5,3.0,0
flow_10.60,103.5,3.0,0
flow_00.56,107.5,4.0,0
flow_00.57,105.5,3.0,0
flow_00.58,102.5,3.0,0
flow_30.62,85.0,4.0,0
flow_10.61,108.0,4.0,0
flow_10.62,105.5,3.0,0
flow_30.63,85.0,3.0,0
flow_30.64,83.5,3.0,0
flow_10.63,104.0,3.0,0
flow_00.59,107.5,4.0,0
flow_00.60,105.5,3.0,0
flow_20.16,21.0,1.5,0
flow_00.61,102.0,3.0,0
flow_30.65,101.0,4.0,0
flow_10.64,108.0,4.0,0
flow_10.65,105.5,3.0,0
flow_30.66,100.5,3.0,0
flow_10.66,102.5,3.0,0
flow_30.67,100.0,3.0,0
flow_00.62,107.5,4.0,0
flow_00.63,105.5,3.0,0
flow_00.64,102.5,3.0,0
flow_30.68,107.5,4.0,0
flow_10.67,108.5,4.0,0
flow_10.68,105.5,3.0,0
flow_30.69,106.0,3.0,0
flow_10.69,102.5,3.0,0
flow_30.70,102.5,3.0,0
flow_20.17,38.5,4.0,0
flow_00.65,107.5,4.0,0
flow_00.66,105.5,3.0,0
flow_00.67,102.5,3.0,0
flow_10.70,107.5,4.0,0
flow_30.71,108.5,4.0,0
flow_10.71,105.5,3.0,0
flow_30.72,105.5,3.0,0
flow_10.72,102.5,3.0,0
flow_30.73,103.0,3.0,0
flow_00.68,107.5,4.0,0
flow_00.69,106.0,3.0,0
flow_00.70,103.0,3.0,0
flow_10.73,107.5,4.0,0
flow_30.74,107.5,4.0,0
flow_30.75,105.5,3.0,0
flow_10.74,106.5,3.5,0
flow_30.76,102.5,3.0,0
flow_10.75,103.0,3.0,0
flow_00.71,108.0,4.0,0
flow_20.18,39.5,4.0,0
flow_00.72,106.0,3.0,0
flow_20.19,38.0,3.0,0
flow_00.73,102.5,3.0,0
flow_10.76,107.5,4.0,0
flow_30.77,108.5,4.0,0
flow_10.77,105.5,3.0,0
flow_30.78,106.0,3.0,0
flow_10.78,103.0,3.0,0
flow_30.79,103.0,3.0,0
flow_20.20,20.5,2.0,0
flow_00.74,107.5,4.0,0
flow_00.75,107.0,3.5,0
flow_00.76,103.5,3.0,0
flow_30.80,107.5,4.0,0
flow_10.79,108.5,4.0,0
flow_30.81,105.5,3.0,0
flow_10.80,106.0,3.0,0
flow_30.82,102.0,3.0,0
flow_10.81,102.5,3.0,0
flow_20.21,24.0,3.0,0
flow_00.77,107.5,4.0,0
flow_00.78,105.5,3.0,0
flow_00.79,103.5,3.0,0
flow_10.82,107.5,4.0,0
flow_30.83,107.5,4.0,0
flow_10.83,105.5,3.0,0
flow_30.84,105.5,3.0,0
flow_10.84,102.5,3.0,0
flow_30.85,103.5,3.0,0
flow_00.80,107.5,4.0,0
flow_00.81,105.5,3.0,0
flow_00.82,103.0,3.0,0
flow_30.86,107.5,4.0,0
flow_10.85,108.0,4.0,0
flow_10.86,105.5,3.0,0
flow_30.87,105.5,3.0,0
flow_10.87,102.0,3.0,0
flow_30.88,103.0,3.0,0
flow_00.83,108.0,4.0,0
flow_00.84,105.5,3.0,0
flow_00.85,103.0,3.0,0
flow_30.89,107.0,4.0,0
flow_10.88,108.5,4.0,0
flow_10.89,105.5,3.0,0
flow_30.90,105.5,3.0,0
flow_10.90,102.0,3.0,0
flow_30.91,102.0,3.0,0
flow_00.86,107.0,4.0,0
flow_00.87,105.0,3.0,0
flow_00.88,103.0,3.0,0
flow_30.92,107.0,4.0,0
flow_10.91,108.0,4.0,0
flow_10.92,105.5,3.0,0
flow_30.93,107.0,3.5,0
flow_10.93,102.5,3.0,0
flow_30.94,103.5,3.0,0
flow_00.89,107.0,4.0,0
flow_20.22,29.5,3.5,0
flow_00.90,106.5,3.5,0
flow_00.91,103.0,3.0,0
flow_30.95,108.0,4.0,0
flow_10.94,108.5,4.0,0
flow_10.95,105.5,3.0,0
flow_30.96,105.5,3.0,0
flow_10.96,102.5,3.0,0
flow_30.97,102.5,3.0,0
flow_00.92,107.5,4.0,0
flow_20.23,38.0,4.0,0
flow_00.93,105.0,3.0,0
flow_00.94,102.5,3.0,0
flow_30.98,107.0,4.0,0
flow_10.97,108.0,4.0,0
flow_10.98,106.0,3.0,0
flow_30.99,106.0,3.0,0
flow_30.100,102.5,3.0,0
flow_10.99,103.0,3.0,0
flow_00.95,108.5,4.0,0
flow_00.96,106.0,3.0,0
flow_00.97,103.0,3.0,0
flow_30.101,107.5,4.0,0
flow_10.100,108.0,4.0,0
flow_10.101,105.5,3.0,0
flow_30.102,105.5,3.0,0
flow_10.102,102.5,3.0,0
flow_30.103,102.5,3.0,0
flow_20.24,31.5,4.0,0
flow_00.98,107.0,4.0,0
flow_00.99,106.0,3.0,0
flow_00.100,103.0,3.0,0
flow_10.103,107.5,4.0,0
flow_30.104,107.5,4.0,0
flow_10.104,105.0,3.0,0
flow_30.105,105.0,3.0,0
flow_10.105,104.0,3.0,0
flow_30.106,104.0,3.0,0
flow_00.101,108.5,4.0,0
flow_00.102,106.0,3.0,0
flow_00.103,102.5,3.0,0
flow_30.107,107.0,4.0,0
flow_10.106,107.5,4.0,0
flow_30.108,105.0,3.0,0
flow_10.107,106.0,3.0,0
flow_10.108,102.5,3.0,0
flow_30.109,103.5,3.0,0
flow_20.25,21.0,2.0,0
flow_00.104,108.0,4.0,0
flow_00.105,106.0,3.0,0
flow_00.106,102.5,3.0,0
flow_30.110,107.5,4.0,0
flow_10.109,108.0,4.0,0
flow_10.110,105.5,3.0,0
flow_30.111,106.0,3.0,0
flow_10.111,102.0,3.0,0
flow_30.112,103.0,3.0,0
flow_00.107,107.5,4.0,0
flow_00.108,105.5,3.0,0
flow_00.109,102.5,3.0,0
flow_30.113,107.0,4.0,0
flow_10.112,108.0,4.0,0
flow_10.113,105.5,3.0,0
flow_30.114,105.5,3.0,0
flow_10.114,102.5,3.0,0
flow_30.115,103.5,3.0,0
flow_00.110,107.5,4.0,0
flow_00.111,105.5,3.0,0
flow_00.112,102.5,3.0,0
flow_10.115,108.0,4.0,0
flow_30.116,108.0,4.0,0
flow_10.116,105.5,3.0,0
flow_30.117,105.5,3.0,0
flow_10.117,102.5,3.0,0
flow_30.118,103.0,3.0,0
flow_00.113,107.5,4.0,0
flow_00.114,105.5,3.0,0
flow_00.115,102.5,3.0,0
flow_20.26,21.5,1.5,0
flow_30.119,107.0,4.0,0
flow_10.118,107.5,4.0,0
flow_10.119,105.5,3.0,0
flow_30.120,105.5,3.0,0
flow_30.121,102.5,3.0,0
flow_10.120,103.0,3.0,0
flow_00.116,107.5,4.0,0
flow_20.27,20.5,1.5,0
flow_00.117,105.5,3.0,0
flow_00.118,102.5,3.0,0
flow_30.122,107.5,4.0,0
flow_10.121,108.0,4.0,0
flow_10.122,106.0,3.0,0
flow_30.123,106.0,3.0,0
flow_30.124,103.0,3.0,0
flow_10.123,103.5,3.0,0
flow_00.119,107.5,4.0,0
flow_20.28,38.5,4.0,0
flow_20.29,32.0,3.0,0
flow_00.120,105.5,3.0,0
flow_00.121,103.0,3.0,0
flow_10.0,22.0,2.0,0
flow_30.0,21.0,2.0,0
flow_20.0,31.0,3.5,0
flow_00.0,35.0,4.0,0
flow_00.1,34.0,3.0,0
flow_20.1,21.0,2.0,0
flow_00.2,32.5,3.0,0
flow_10.1,32.0,4.0,0
flow_30.1,32.0,3.5,0
flow_10.2,31.0,3.5,0
flow_30.2,31.0,3.0,0
flow_30.3,29.5,3.0,0
flow_30.4,28.0,2.5,0
flow_20.2,39.0,3.5,0
flow_00.3,41.0,4.0,0
flow_20.3,36.5,3.5,0
flow_00.4,41.0,3.0,0
flow_20.4,28.0,3.0,0
flow_00.5,40.0,3.0,0
flow_20.5,26.5,2.5,0
flow_30.5,43.5,4.0,0
flow_10.3,33.0,3.5,0
flow_30.6,42.5,3.0,0
flow_10.4,31.0,3.0,0
flow_30.7,41.0,3.0,0
flow_10.5,24.0,2.0,0
flow_00.6,57.5,4.0,0
flow_20.6,39.0,4.0,0
flow_00.7,56.5,3.0,0
flow_20.7,38.5,3.0,0
flow_20.8,36.5,3.0,0
flow_00.8,50.5,3.0,0
flow_30.8,59.0,4.0,0
flow_30.9,59.0,3.0,0
flow_30.10,57.0,3.0,0
flow_00.9,67.5,4.0,0
flow_20.9,54.0,4.0,0
flow_00.10,54.0,3.0,0
flow_20.10,54.5,3.0,0
flow_20.11,53.0,3.0,0
flow_00.11,40.5,3.0,0
flow_10.6,37.5,4.0,0
flow_30.11,75.0,4.0,0
flow_30.12,74.5,3.0,0
flow_10.7,38.0,3.0,0
flow_10.8,36.5,3.0,0
flow_30.13,74.0,3.0,0
flow_00.12,57.0,4.0,0
flow_20.12,69.5,4.0,0
flow_20.13,69.5,3.0,0
flow_00.13,58.0,3.0,0
flow_20.14,68.5,3.0,0
flow_00.14,51.5,3.0,0
flow_10.9,54.0,4.0,0
flow_30.14,91.0,4.0,0
flow_10.10,52.5,3.0,0
flow_30.15,89.5,3.0,0
flow_30.16,87.5,3.0,0
flow_10.11,44.5,3.0,0
flow_00.15,63.5,4.0,0
flow_20.15,84.0,4.0,0
flow_00.16,63.0,3.0,0
flow_20.16,83.5,3.0,0
flow_00.17,62.5,3.0,0
flow_20.17,83.0,3.0,0
flow_30.17,106.0,4.0,0
flow_10.12,62.0,4.0,0
flow_30.18,104.5,3.0,0
flow_10.13,41.5,3.0,0
flow_10.14,24.5,2.5,0
flow_30.19,104.5,3.0,0
flow_20.18,93.5,4.0,0
flow_00.18,79.0,4.0,0
flow_00.19,79.0,3.0,0
flow_20.19,83.5,3.0,0
flow_00.20,68.5,3.0,0
flow_20.20,79.0,3.0,0
flow_10.15,41.0,4.0,0
flow_30.20,109.0,4.0,0
flow_10.16,34.0,3.0,0
flow_30.21,107.0,3.5,0
flow_30.22,103.0,3.0,0
flow_20.21,91.0,4.0,0
flow_00.21,78.0,4.0,0
flow_00.22,77.5,3.0,0
flow_20.22,91.0,3.0,0
flow_00.23,76.5,3.0,0
flow_20.23,72.5,3.0,0
flow_30.23,108.0,4.0,0
flow_30.24,106.0,3.0,0
flow_30.25,103.0,3.0,0
flow_20.24,87.0,4.0,0
flow_00.24,89.0,4.0,0
flow_20.25,87.0,3.0,0
flow_00.25,79.0,3.0,0
flow_20.26,86.0,3.0,0
flow_00.26,77.5,3.0,0
flow_10.17,22.5,2.0,0
flow_30.26,108.0,4.0,0
flow_10.18,24.0,2.5,0
flow_30.27,106.0,3.0,0
flow_30.28,102.5,3.0,0
flow_00.27,89.0,4.0,0
flow_20.27,104.0,4.0,0
flow_20.28,102.0,3.0,0
flow_00.28,89.0,3.0,0
flow_20.29,92.0,3.0,0
flow_00.29,89.5,3.0,0
flow_30.29,107.5,4.0,0
flow_10.19,30.5,3.5,0
flow_30.30,105.0,3.0,0
flow_30.31,102.5,3.0,0
flow_20.30,92.5,4.0,0
flow_00.30,102.5,4.0,0
flow_00.31,88.5,3.0,0
flow_20.31,83.5,3.0,0
flow_00.32,71.5,3.0,0
flow_20.32,69.5,3.0,0
flow_10.20,42.0,4.0,0
flow_30.32,108.5,4.0,0
flow_10.21,34.5,3.0,0
flow_30.33,106.0,3.0,0
flow_10.22,32.0,3.0,0
flow_30.34,102.5,3.0,0
flow_00.33,87.5,4.0,0
flow_20.33,83.5,4.0,0
flow_00.34,86.5,3.0,0
flow_20.34,77.0,3.0,0
flow_00.35,82.5,3.0,0
flow_20.35,70.5,3.0,0
flow_30.35,107.0,4.0,0
flow_10.23,42.5,4.0,0
flow_30.36,105.5,3.0,0
flow_10.24,34.0,3.0,0
flow_30.37,102.0,3.0,0
flow_10.25,27.5,3.0,0
flow_00.36,100.0,4.0,0
flow_20.36,88.5,4.0,0
flow_00.37,100.0,3.0,0
flow_20.37,87.5,3.0,0
flow_00.38,99.0,3.0,0
flow_20.38,87.0,3.0,0
flow_10.26,43.0,4.0,0
flow_30.38,108.0,4.0,0
flow_10.27,22.5,2.0,0
flow_30.39,106.0,3.0,0
flow_30.40,103.0,3.0,0
flow_00.39,107.5,4.0,0
flow_20.39,104.0,4.0,0
flow_00.40,105.0,3.0,0
flow_20.40,103.0,3.0,0
flow_00.41,102.5,3.0,0
flow_20.41,99.5,3.0,0
flow_30.41,107.0,4.0,0
flow_10.28,37.0,4.0,0
flow_30.42,105.5,3.0,0
flow_10.29,36.0,3.0,0
flow_10.30,35.0,3.0,0
flow_30.43,103.0,3.0,0
flow_20.42,100.0,4.0,0
flow_00.42,108.0,4.0,0
flow_20.43,99.5,3.0,0
flow_00.43,101.5,3.0,0
flow_00.44,100.0,3.0,0
flow_20.44,94.0,3.0,0
flow_30.44,107.5,4.0,0
flow_10.31,43.0,4.0,0
flow_30.45,105.0,3.0,0
flow_10.32,34.5,3.0,0
flow_30.46,102.5,3.0,0
flow_20.45,107.0,4.0,0
flow_00.45,107.5,4.0,0
flow_00.46,105.5,3.0,0
flow_20.46,101.0,3.0,0
flow_00.47,91.0,3.0,0
flow_20.47,87.5,3.0,0
flow_30.47,107.0,4.0,0
flow_10.33,35.0,4.0,0
flow_30.48,105.5,3.0,0
flow_10.34,26.5,3.0,0
flow_30.49,102.5,3.0,0
flow_10.35,23.0,2.5,0
flow_20.48,105.0,4.0,0
flow_00.48,107.5,4.0,0
flow_20.49,95.0,3.0,0
flow_00.49,107.5,3.5,0
flow_20.50,92.5,3.0,0
flow_00.50,97.0,3.0,0
flow_10.36,37.5,4.0,0
flow_30.50,108.0,4.0,0
flow_10.37,28.0,3.0,0
flow_30.51,106.0,3.0,0
flow_30.52,103.0,3.0,0
flow_10.38,22.5,2.0,0
flow_20.51,107.0,4.0,0
flow_00.51,107.5,4.0,0
flow_20.52,105.5,3.0,0
flow_00.52,106.0,3.0,0
flow_00.53,103.0,3.0,0
flow_20.53,103.0,3.0,0
flow_10.39,23.5,2.5,0
flow_30.53,108.0,4.0,0
flow_30.54,105.5,3.0,0
flow_30.55,103.0,3.0,0
flow_20.54,107.5,4.0,0
flow_00.54,108.0,4.0,0
flow_00.55,105.0,3.0,0
flow_20.55,105.5,3.0,0
flow_20.56,102.5,3.0,0
flow_00.56,102.5,3.0,0
flow_30.56,107.0,4.0,0
flow_30.57,106.0,3.0,0
flow_10.40,21.5,2.0,0
flow_30.58,102.5,3.0,0
flow_00.57,107.5,4.0,0
flow_20.57,108.0,4.0,0
flow_00.58,105.5,3.0,0
flow_20.58,106.0,3.0,0
flow_20.59,102.5,3.0,0
flow_00.59,102.5,3.0,0
flow_10.41,41.0,4.0,0
flow_30.59,108.5,4.0,0
flow_30.60,105.5,3.0,0
flow_10.42,40.5,3.0,0
flow_30.61,102.0,3.0,0
flow_10.43,36.5,3.0,0
flow_00.60,107.5,4.0,0
flow_20.60,108.0,4.0,0
flow_20.61,106.0,3.0,0
flow_00.61,106.0,3.0,0
flow_20.62,102.5,3.0,0
flow_00.62,102.5,3.0,0
flow_10.44,50.5,4.0,0
flow_30.62,108.5,4.0,0
flow_30.63,105.5,3.0,0
flow_10.45,22.5,2.0,0
flow_30.64,102.0,3.0,0
flow_20.63,107.5,4.0,0
flow_00.63,108.0,4.0,0
flow_00.64,105.5,3.0,0
flow_20.64,105.5,3.0,0
flow_20.65,103.0,3.0,0
flow_00.65,104.0,3.0,0
flow_30.65,107.5,4.0,0
flow_10.46,39.5,4.0,0
flow_30.66,106.0,3.0,0
flow_30.67,103.5,3.0,0
flow_20.66,107.5,4.0,0
flow_00.66,108.0,4.0,0
flow_00.67,106.0,3.0,0
flow_20.67,106.5,3.5,0
flow_00.68,103.5,3.0,0
flow_20.68,103.5,3.0,0
flow_30.68,107.5,4.0,0
flow_30.69,105.0,3.0,0
flow_10.47,22.0,2.0,0
flow_30.70,103.5,3.0,0
flow_00.69,107.0,4.0,0
flow_20.69,108.0,4.0,0
flow_20.70,105.5,3.0,0
flow_00.70,106.0,3.0,0
flow_00.71,103.0,3.0,0
flow_20.71,103.0,3.0,0
flow_10.48,37.0,4.0,0
flow_30.71,108.0,4.0,0
flow_10.49,33.5,3.0,0
flow_30.72,105.5,3.0,0
flow_30.73,102.5,3.0,0
flow_10.50,33.5,3.0,0
flow_20.72,107.5,4.0,0
flow_00.72,108.0,4.0,0
flow_00.73,105.5,3.0,0
flow_20.73,106.5,3.5,0
flow_20.74,103.0,3.0,0
flow_00.74,103.5,3.0,0
flow_30.74,107.0,4.0,0
flow_10.51,49.5,4.0,0
flow_30.75,105.5,3.0,0
flow_30.76,102.0,3.0,0
flow_00.75,108.0,4.0,0
flow_20.75,108.0,4.0,0
flow_00.76,106.0,3.0,0
flow_20.76,106.0,3.0,0
flow_20.77,103.0,3.0,0
flow_00.77,103.0,3.0,0
flow_30.77,108.0,4.0,0
flow_30.78,105.5,3.0,0
flow_30.79,102.5,3.0,0
flow_20.78,107.0,4.0,0
flow_00.78,107.5,4.0,0
flow_20.79,105.5,3.0,0
flow_00.79,105.5,3.0,0
flow_20.80,102.5,3.0,0
flow_00.80,104.0,3.0,0
flow_10.52,21.0,1.5,0
flow_30.80,107.5,4.0,0
flow_30.81,105.5,3.0,0
flow_30.82,102.5,3.0,0
flow_20.81,107.5,4.0,0
flow_00.81,108.0,4.0,0
flow_20.82,106.0,3.0,0
flow_00.82,106.5,3.5,0
flow_20.83,102.5,3.0,0
flow_00.83,103.0,3.0,0
flow_10.53,21.0,1.5,0
flow_30.83,108.0,4.0,0
flow_30.84,105.5,3.0,0
flow_10.54,21.0,1.5,0
flow_30.85,103.0,3.0,0
flow_00.84,107.5,4.0,0
flow_20.84,108.5,4.0,0
flow_20.85,105.5,3.0,0
flow_00.85,105.5,3.0,0
flow_00.86,102.5,3.0,0
flow_20.86,103.0,3.0,0
flow_10.55,37.5,4.0,0
flow_30.86,108.0,4.0,0
flow_10.56,36.5,3.0,0
flow_30.87,105.5,3.0,0
flow_30.88,102.0,3.0,0
flow_10.57,28.5,2.5,0
flow_20.87,107.0,4.0,0
flow_00.87,108.5,4.0,0
flow_20.88,105.0,3.0,0
flow_00.88,106.5,3.5,0
flow_20.89,102.5,3.0,0
flow_00.89,103.0,3.0,0
flow_30.89,108.0,4.0,0
flow_10.58,40.0,4.0,0
flow_10.59,36.0,3.0,0
flow_30.90,107.5,3.5,0
flow_30.91,103.5,3.0,0
flow_20.90,107.5,4.0,0
flow_00.90,108.0,4.0,0
flow_20.91,105.5,3.0,0
flow_00.91,107.5,3.5,0
flow_20.92,102.5,3.0,0
flow_00.92,103.5,3.0,0
flow_30.92,107.0,4.0,0
flow_10.60,22.0,2.0,0
flow_30.93,105.5,3.0,0
flow_30.94,102.5,3.0,0
flow_20.93,107.5,4.0,0
flow_00.93,108.5,4.0,0
flow_20.94,105.0,3.0,0
flow_00.94,106.5,3.5,0
flow_20.95,103.0,3.0,0
flow_00.95,104.0,3.0,0
flow_10.61,22.5,2.0,0
flow_30.95,107.0,4.0,0
flow_10.62,23.0,2.0,0
flow_30.96,105.5,3.0,0
flow_10.63,23.0,2.0,0
flow_30.97,103.0,3.0,0
flow_20.96,107.5,4.0,0
flow_00.96,107.5,4.0,0
flow_20.97,106.0,3.0,0
flow_00.97,105.5,3.0,0
flow_00.98,103.0,3.0,0
flow_20.98,103.5,3.0,0
flow_30.98,107.0,4.0,0
flow_30.99,105.0,3.0,0
flow_30.100,102.0,3.0,0
flow_20.99,107.0,4.0,0
flow_00.99,107.5,4.0,0
flow_20.100,105.5,3.0,0
flow_00.100,105.5,3.0,0
flow_20.101,103.0,3.0,0
flow_00.101,103.0,3.0,0
flow_30.101,107.0,4.0,0
flow_30.102,105.5,3.0,0
flow_10.64,21.0,1.5,0
flow_30.103,102.5,3.0,0
flow_00.102,108.0,4.0,0
flow_20.102,108.5,4.0,0
flow_20.103,105.5,3.0,0
flow_00.103,105.5,3.0,0
flow_20.104,102.5,3.0,0
flow_00.104,103.0,3.0,0
flow_30.104,107.5,4.0,0
flow_10.65,37.0,4.0,0
flow_30.105,105.5,3.0,0
flow_10.66,37.5,3.0,0
flow_30.106,102.5,3.0,0
flow_00.105,107.0,4.0,0
flow_20.105,107.5,4.0,0
flow_00.106,105.5,3.0,0
flow_20.106,106.0,3.0,0
flow_00.107,102.5,3.0,0
flow_20.107,103.0,3.0,0
flow_10.67,36.5,4.0,0
flow_30.107,107.5,4.0,0
flow_10.68,31.0,3.5,0
flow_30.108,106.0,3.0,0
flow_10.69,22.5,2.0,0
flow_30.109,103.5,3.0,0
flow_00.108,107.5,4.0,0
flow_20.108,108.0,4.0,0
flow_20.109,105.5,3.0,0
flow_00.109,105.5,3.0,0
flow_20.110,102.0,3.0,0
flow_00.110,103.0,3.0,0
flow_30.110,107.5,4.0,0
flow_30.111,105.5,3.0,0
flow_10.70,23.5,2.5,0
flow_30.112,102.5,3.0,0
flow_10.71,23.0,2.0,0
flow_20.111,107.0,4.0,0
flow_00.111,108.5,4.0,0
flow_20.112,105.0,3.0,0
flow_00.112,106.0,3.0,0
flow_20.113,102.0,3.0,0
flow_00.113,102.5,3.0,0
flow_30.113,107.5,4.0,0
flow_10.72,36.0,4.0,0
flow_10.73,36.0,3.0,0
flow_30.114,106.5,3.0,0
flow_30.115,102.5,3.0,0
flow_10.74,36.0,3.0,0
flow_20.114,108.0,4.0,0
flow_00.114,108.5,4.0,0
flow_20.115,106.0,3.0,0
flow_00.115,106.0,3.0,0
flow_20.116,102.5,3.0,0
flow_00.116,102.5,3.0,0
flow_30.116,107.5,4.0,0
flow_10.75,51.0,4.0,0
flow_30.117,105.5,3.0,0
flow_10.76,41.5,3.0,0
flow_30.118,102.0,3.0,0
flow_20.117,107.0,4.0,0
flow_00.117,108.5,4.0,0
flow_20.118,105.5,3.0,0
flow_00.118,105.5,3.0,0
flow_00.119,102.0,3.0,0
flow_20.119,103.0,3.0,0
flow_30.119,107.0,4.0,0
flow_10.77,21.0,2.0,0
flow_30.120,105.0,3.0,0
flow_10.78,21.5,2.0,0
flow_30.121,102.5,3.0,0
flow_20.120,107.5,4.0,0
flow_00.120,107.5,4.0,0
flow_20.121,105.0,3.0,0
flow_00.121,106.0,3.0,0
flow_20.122,102.0,3.0,0
flow_00.122,102.5,3.0,0
flow_10.79,41.0,4.0,0
flow_30.122,108.5,4.0,0
flow_10.80,37.0,3.0,0
flow_30.123,106.0,3.0,0
flow_30.124,102.5,3.0,0
flow_10.81,36.5,3.0,0
flow_20.123,108.0,4.0,0
flow_00.123,110.0,4.0,0
flow_20.124,105.5,3.0,0
flow_00.124,106.5,3.5,0
flow_20.125,102.5,3.0,0
flow_00.125,103.5,3.0,0
flow_30.0,21.0,1.5,0
flow_20.0,37.5,4.0,0
flow_00.0,37.0,4.0,0
flow_20.1,36.5,3.0,0
flow_00.1,31.0,3.5,0
flow_20.2,35.0,3.0,0
flow_00.2,30.5,3.0,0
flow_10.0,22.5,2.0,0
flow_30.1,38.5,4.0,0
flow_30.2,37.5,3.0,0
flow_30.3,23.0,2.0,0
flow_00.3,42.0,4.0,0
flow_20.3,50.0,4.0,0
flow_20.4,48.5,3.0,0
flow_00.4,35.5,3.0,0
flow_20.5,47.5,3.0,0
flow_00.5,29.0,3.0,0
flow_30.4,40.5,4.0,0
flow_30.5,41.0,3.0,0
flow_30.6,41.0,3.0,0
flow_00.6,36.5,4.0,0
flow_20.6,64.5,4.0,0
flow_00.7,23.5,2.5,0
flow_20.7,63.0,3.0,0
flow_20.8,61.0,3.0,0
flow_30.7,53.5,4.0,0
flow_10.1,31.0,3.5,0
flow_30.8,51.0,3.5,0
flow_30.9,50.0,3.0,0
flow_20.9,78.0,4.0,0
flow_00.8,37.5,4.0,0
flow_20.10,79.0,3.0,0
flow_00.9,37.5,3.0,0
flow_00.10,35.5,3.0,0
flow_20.11,69.0,3.0,0
flow_10.2,37.5,4.0,0
flow_30.10,42.5,4.0,0
flow_30.11,42.0,3.0,0
flow_30.12,41.0,3.0,0
flow_00.11,44.5,4.0,0
flow_20.12,82.5,4.0,0
flow_20.13,77.5,3.0,0
flow_00.12,44.5,3.0,0
flow_20.14,57.0,3.0,0
flow_00.13,43.0,3.0,0
flow_10.3,40.0,4.0,0
flow_30.13,52.0,4.0,0
flow_10.4,26.5,2.5,0
flow_30.14,47.5,3.0,0
flow_30.15,46.0,3.0,0
flow_00.14,60.5,4.0,0
flow_20.15,75.5,4.0,0
flow_00.15,48.5,3.0,0
flow_20.16,74.5,3.0,0
flow_20.17,68.5,3.0,0
flow_00.16,48.5,3.0,0
flow_10.5,32.0,4.0,0
flow_30.16,54.5,4.0,0
flow_30.17,53.5,3.0,0
flow_30.18,52.5,3.0,0
flow_00.17,65.5,4.0,0
flow_20.18,85.0,4.0,0
flow_00.18,65.0,3.0,0
flow_20.19,62.0,3.0,0
flow_00.19,64.5,3.0,0
flow_20.20,61.5,3.0,0
flow_30.19,50.0,4.0,0
flow_10.6,20.5,1.5,0
flow_30.20,31.0,3.5,0
flow_30.21,31.0,3.0,0
flow_00.20,81.0,4.0,0
flow_20.21,79.5,4.0,0
flow_20.22,67.0,3.0,0
flow_00.21,81.5,3.5,0
flow_00.22,80.0,3.0,0
flow_20.23,66.0,3.0,0
flow_10.7,38.5,4.0,0
flow_30.22,49.0,4.0,0
flow_10.8,26.5,2.5,0
flow_30.23,46.5,3.0,0
flow_30.24,23.5,2.0,0
flow_10.9,22.5,2.0,0
flow_20.24,77.0,4.0,0
flow_00.23,96.5,4.0,0
flow_00.24,86.5,3.0,0
flow_20.25,62.0,3.5,0
flow_00.25,72.5,3.0,0
flow_20.26,60.5,3.0,0
flow_10.10,38.0,4.0,0
flow_30.25,31.0,3.5,0
flow_00.26,89.5,4.0,0
flow_20.27,51.5,4.0,0
flow_20.28,51.5,3.0,0
flow_00.27,90.5,3.0,0
flow_20.29,35.5,3.0,0
flow_00.28,89.5,3.0,0
flow_10.11,23.5,2.5,0
flow_30.26,38.5,4.0,0
flow_30.27,37.5,3.0,0
flow_30.28,32.0,3.0,0
flow_00.29,105.5,4.0,0
flow_20.30,52.5,4.0,0
flow_00.30,104.0,3.0,0
flow_20.31,52.0,3.0,0
flow_00.31,102.0,3.0,0
flow_20.32,50.5,3.0,0
flow_30.29,49.5,4.0,0
flow_10.12,35.0,4.0,0
flow_30.30,38.5,3.0,0
flow_10.13,22.5,2.0,0
flow_10.14,21.0,2.0,0
flow_30.31,38.0,3.0,0
flow_00.32,107.0,4.0,0
flow_20.33,69.5,4.0,0
flow_00.33,105.5,3.0,0
flow_20.34,54.5,3.0,0
flow_00.34,103.0,3.0,0
flow_20.35,53.5,3.0,0
flow_30.32,55.5,4.0,0
flow_10.15,34.0,4.0,0
flow_30.33,49.0,3.0,0
flow_10.16,32.5,3.0,0
flow_30.34,48.0,3.0,0
flow_20.36,63.0,4.0,0
flow_00.35,107.5,4.0,0
flow_00.36,105.5,3.0,0
flow_20.37,60.0,3.0,0
flow_00.37,102.5,3.0,0
flow_20.38,59.0,3.0,0
flow_30.35,65.5,4.0,0
flow_10.17,39.0,4.0,0
flow_10.18,25.0,2.5,0
flow_30.36,66.5,3.5,0
flow_30.37,64.5,3.0,0
flow_20.39,76.5,4.0,0
flow_00.38,108.0,4.0,0
flow_20.40,76.0,3.0,0
flow_00.39,106.0,3.0,0
flow_20.41,75.0,3.0,0
flow_00.40,103.0,3.0,0
flow_30.38,81.5,4.0,0
flow_30.39,75.5,3.0,0
flow_30.40,73.5,3.0,0
flow_00.41,107.0,4.0,0
flow_20.42,93.0,4.0,0
flow_00.42,105.5,3.0,0
flow_20.43,92.0,3.0,0
flow_00.43,103.0,3.0,0
flow_20.44,84.0,3.0,0
flow_30.41,89.0,4.0,0
flow_10.19,40.0,4.0,0
flow_10.20,24.5,2.5,0
flow_30.42,90.5,3.5,0
flow_10.21,21.0,2.0,0
flow_30.43,87.5,3.0,0
flow_00.44,108.0,4.0,0
flow_20.45,99.0,4.0,0
flow_00.45,105.5,3.0,0
flow_20.46,98.5,3.0,0
flow_00.46,102.5,3.0,0
flow_20.47,86.5,3.0,0
flow_30.44,103.0,4.0,0
flow_10.22,32.0,3.5,0
flow_30.45,103.0,3.0,0
flow_10.23,31.0,3.0,0
flow_10.24,30.0,3.0,0
flow_30.46,102.0,3.0,0
flow_10.25,29.0,3.0,0
flow_00.47,107.5,4.0,0
flow_20.48,100.5,4.0,0
flow_00.48,105.5,3.0,0
flow_20.49,83.0,3.0,0
flow_00.49,102.5,3.0,0
flow_20.50,81.5,3.0,0
flow_30.47,107.5,4.0,0
flow_10.26,44.5,4.0,0
flow_30.48,105.5,3.0,0
flow_10.27,42.5,3.0,0
flow_10.28,38.5,3.0,0
flow_30.49,103.0,3.0,0
flow_20.51,96.0,4.0,0
flow_00.50,107.5,4.0,0
flow_20.52,96.0,3.0,0
flow_00.51,106.0,3.0,0
flow_20.53,94.5,3.0,0
flow_00.52,104.0,3.0,0
flow_10.29,45.5,4.0,0
flow_30.50,108.0,4.0,0
flow_10.30,44.5,3.0,0
flow_30.51,105.5,3.0,0
flow_10.31,43.5,3.0,0
flow_30.52,102.5,3.0,0
flow_00.53,107.0,4.0,0
flow_20.54,107.5,4.0,0
flow_00.54,105.0,3.0,0
flow_20.55,106.0,3.0,0
flow_00.55,102.0,3.0,0
flow_20.56,100.0,3.0,0
flow_30.53,107.5,4.0,0
flow_10.32,57.0,4.0,0
flow_30.54,105.5,3.0,0
flow_10.33,56.5,3.0,0
flow_10.34,54.5,3.0,0
flow_30.55,103.5,3.0,0
flow_20.57,107.5,4.0,0
flow_00.56,108.5,4.0,0
flow_00.57,105.5,3.0,0
flow_20.58,106.0,3.0,0
flow_00.58,103.0,3.0,0
flow_20.59,103.0,3.0,0
flow_10.35,61.0,4.0,0
flow_30.56,107.5,4.0,0
flow_10.36,60.5,3.5,0
flow_30.57,107.0,3.5,0
flow_10.37,38.0,3.0,0
flow_30.58,104.0,3.0,0
flow_00.59,107.0,4.0,0
flow_20.60,107.5,4.0,0
flow_00.60,105.0,3.0,0
flow_20.61,105.5,3.0,0
flow_00.61,102.0,3.0,0
flow_20.62,102.5,3.0,0
flow_30.59,108.0,4.0,0
flow_10.38,55.5,4.0,0
flow_30.60,105.5,3.0,0
flow_10.39,52.5,3.0,0
flow_10.40,24.0,2.5,0
flow_30.61,102.5,3.0,0
flow_00.62,107.5,4.0,0
flow_20.63,107.5,4.0,0
flow_00.63,105.0,3.0,0
flow_20.64,105.5,3.0,0
flow_00.64,102.5,3.0,0
flow_20.65,102.5,3.0,0
flow_30.62,107.5,4.0,0
flow_10.41,42.0,4.0,0
flow_10.42,34.5,3.0,0
flow_30.63,105.5,3.0,0
flow_10.43,34.0,3.0,0
flow_30.64,103.0,3.0,0
flow_20.66,107.5,4.0,0
flow_00.65,108.0,4.0,0
flow_20.67,105.5,3.0,0
flow_00.66,106.5,3.5,0
flow_20.68,102.0,3.0,0
flow_00.67,103.0,3.0,0
flow_30.65,108.0,4.0,0
flow_10.44,51.0,4.0,0
flow_30.66,105.5,3.0,0
flow_10.45,50.0,3.0,0
flow_10.46,49.5,3.0,0
flow_30.67,103.5,3.0,0
flow_00.68,107.0,4.0,0
flow_20.69,107.0,4.0,0
flow_20.70,105.5,3.0,0
flow_00.69,106.0,3.0,0
flow_00.70,102.5,3.0,0
flow_20.71,102.5,3.0,0
flow_30.68,107.0,4.0,0
flow_10.47,42.0,4.0,0
flow_30.69,105.5,3.0,0
flow_30.70,103.5,3.0,0
flow_00.71,107.0,4.0,0
flow_20.72,109.5,4.0,0
flow_00.72,105.5,3.0,0
flow_20.73,106.5,3.5,0
flow_00.73,102.5,3.0,0
flow_20.74,103.0,3.0,0
flow_10.48,27.5,3.5,0
flow_30.71,107.5,4.0,0
flow_30.72,105.5,3.0,0
flow_30.73,102.5,3.0,0
flow_20.75,107.5,4.0,0
flow_00.74,108.0,4.0,0
flow_00.75,105.5,3.0,0
flow_20.76,106.0,3.0,0
flow_00.76,102.5,3.0,0
flow_20.77,103.0,3.0,0
flow_30.74,108.0,4.0,0
flow_30.75,105.5,3.0,0
flow_30.76,102.5,3.0,0
flow_00.77,107.5,4.0,0
flow_20.78,107.5,4.0,0
flow_20.79,105.5,3.0,0
flow_00.78,106.0,3.0,0
flow_00.79,103.0,3.0,0
flow_20.80,103.0,3.0,0
flow_30.77,107.5,4.0,0
flow_10.49,21.5,2.0,0
flow_30.78,106.0,3.0,0
flow_10.50,22.0,2.0,0
flow_30.79,102.5,3.0,0
flow_00.80,107.0,4.0,0
flow_20.81,109.0,4.0,0
flow_00.81,105.5,3.0,0
flow_20.82,106.0,3.0,0
flow_00.82,102.0,3.0,0
flow_20.83,102.5,3.0,0
flow_10.51,41.0,4.0,0
flow_30.80,107.5,4.0,0
flow_30.81,106.0,3.0,0
flow_10.52,41.5,3.0,0
flow_30.82,102.5,3.0,0
flow_10.53,40.5,3.0,0
flow_00.83,107.0,4.0,0
flow_20.84,107.5,4.0,0
flow_00.84,105.5,3.0,0
flow_20.85,105.5,3.0,0
flow_20.86,102.0,3.0,0
flow_00.85,102.5,3.0,0
flow_30.83,107.0,4.0,0
flow_30.84,105.0,3.0,0
flow_30.85,102.0,3.0,0
flow_20.87,107.0,4.0,0
flow_00.86,107.5,4.0,0
flow_00.87,105.0,3.0,0
flow_20.88,105.5,3.0,0
flow_20.89,102.5,3.0,0
flow_00.88,103.0,3.0,0
flow_10.54,35.0,4.0,0
flow_30.86,108.0,4.0,0
flow_30.87,105.0,3.0,0
flow_30.88,102.5,3.0,0
flow_00.89,107.5,4.0,0
flow_20.90,107.5,4.0,0
flow_00.90,105.0,3.0,0
flow_20.91,107.5,3.5,0
flow_00.91,103.0,3.0,0
flow_20.92,104.0,3.0,0
flow_30.89,107.5,4.0,0
flow_30.90,105.5,3.0,0
flow_30.91,102.0,3.0,0
flow_00.92,107.5,4.0,0
flow_20.93,108.5,4.0,0
flow_20.94,105.5,3.0,0
flow_00.93,106.0,3.0,0
flow_00.94,102.5,3.0,0
flow_20.95,103.0,3.0,0
flow_30.92,107.0,4.0,0
flow_10.55,33.0,4.0,0
flow_10.56,31.5,3.5,0
flow_30.93,106.5,3.0,0
flow_10.57,31.5,3.0,0
flow_30.94,103.5,3.0,0
flow_10.58,30.5,3.0,0
flow_00.95,107.5,4.0,0
flow_20.96,107.5,4.0,0
flow_20.97,105.5,3.0,0
flow_00.96,106.5,3.0,0
flow_20.98,102.5,3.0,0
flow_00.97,104.0,3.0,0
flow_30.95,107.5,4.0,0
flow_10.59,45.0,4.0,0
flow_30.96,105.5,3.0,0
flow_10.60,44.0,3.0,0
flow_30.97,102.5,3.0,0
flow_10.61,42.5,3.0,0
flow_00.98,107.5,4.0,0
flow_20.99,107.5,4.0,0
flow_20.100,105.5,3.0,0
flow_00.99,106.5,3.5,0
flow_00.100,103.0,3.0,0
flow_20.101,103.5,3.0,0
flow_10.62,25.5,3.0,0
flow_30.98,108.0,4.0,0
flow_10.63,23.5,2.5,0
flow_30.99,105.5,3.0,0
flow_30.100,102.0,3.0,0
flow_00.101,107.5,4.0,0
flow_20.102,107.5,4.0,0
flow_00.102,105.5,3.0,0
flow_20.103,106.0,3.0,0
flow_00.103,102.5,3.0,0
flow_20.104,103.5,3.0,0
flow_30.101,107.5,4.0,0
flow_10.64,28.5,3.5,0
flow_30.102,105.0,3.0,0
flow_10.65,22.0,2.0,0
flow_30.103,102.0,3.0,0
flow_10.66,21.5,2.0,0
flow_20.105,107.0,4.0,0
flow_00.104,108.0,4.0,0
flow_20.106,105.0,3.0,0
flow_00.105,106.0,3.0,0
flow_20.107,102.5,3.0,0
flow_00.106,103.5,3.0,0
flow_10.67,33.0,4.0,0
flow_30.104,108.0,4.0,0
flow_30.105,106.0,3.0,0
flow_30.106,102.5,3.0,0
flow_00.107,107.5,4.0,0
flow_20.108,108.5,4.0,0
flow_20.109,105.5,3.0,0
flow_00.108,106.0,3.0,0
flow_20.110,102.5,3.0,0
flow_00.109,103.0,3.0,0
flow_30.107,107.0,4.0,0
flow_10.68,32.0,3.5,0
flow_30.108,106.0,3.0,0
flow_30.109,102.5,3.0,0
flow_20.111,107.0,4.0,0
flow_00.110,108.0,4.0,0
flow_20.112,105.0,3.0,0
flow_00.111,105.5,3.0,0
flow_20.113,102.0,3.0,0
flow_00.112,102.5,3.0,0
flow_30.110,107.5,4.0,0
flow_10.69,33.5,4.0,0
flow_30.111,105.0,3.0,0
flow_10.70,33.5,3.0,0
flow_30.112,102.5,3.0,0
flow_00.113,107.0,4.0,0
flow_20.114,107.5,4.0,0
flow_20.115,105.0,3.0,0
flow_00.114,106.0,3.0,0
flow_20.116,102.0,3.0,0
flow_00.115,102.5,3.0,0
flow_30.113,107.5,4.0,0
flow_30.114,105.0,3.0,0
flow_10.71,22.0,2.0,0
flow_30.115,102.5,3.0,0
flow_00.116,107.5,4.0,0
flow_20.117,108.0,4.0,0
flow_20.118,105.5,3.0,0
flow_00.117,105.5,3.0,0
flow_20.119,102.5,3.0,0
flow_00.118,103.0,3.0,0
flow_30.116,107.5,4.0,0
flow_10.72,31.5,3.5,0
flow_30.117,105.5,3.0,0
flow_10.73,20.5,1.5,0
flow_30.118,102.5,3.0,0
flow_20.120,107.0,4.0,0
flow_00.119,107.5,4.0,0
flow_20.121,105.5,3.0,0
flow_00.120,105.5,3.0,0
flow_20.122,102.0,3.0,0
flow_00.121,103.5,3.0,0
flow_30.119,107.5,4.0,0
flow_10.74,39.0,4.0,0
flow_30.120,106.0,3.0,0
flow_30.121,103.0,3.0,0
flow_00.122,107.0,4.0,0
flow_20.123,107.5,4.0,0
flow_20.124,106.0,3.0,0
flow_00.123,106.0,3.0,0
flow_20.125,102.5,3.0,0
flow_00.124,103.5,3.0,0
flow_10.0,23.0,2.0,0
flow_10.1,21.5,2.0,0
flow_10.2,21.0,1.5,0
flow_30.0,21.0,1.5,0
flow_20.0,36.0,4.0,0
flow_00.0,38.5,4.0,0
flow_20.1,30.5,3.0,0
flow_00.1,25.0,2.5,0
flow_20.2,24.0,2.0,0
flow_10.3,40.0,4.0,0
flow_30.1,39.0,4.0,0
flow_10.4,40.0,3.0,0
flow_30.2,33.0,3.0,0
flow_10.5,38.0,3.0,0
flow_00.2,31.0,3.5,0
flow_20.3,42.0,4.0,0
flow_20.4,42.0,3.0,0
flow_20.5,40.5,3.0,0
flow_10.6,55.0,4.0,0
flow_30.3,36.5,4.0,0
flow_10.7,54.5,3.0,0
flow_10.8,42.0,3.0,0
flow_20.6,23.0,2.0,0
flow_00.3,34.5,4.0,0
flow_20.7,22.0,2.0,0
flow_00.4,33.5,3.0,0
flow_20.8,22.0,1.5,0
flow_00.5,27.0,3.0,0
flow_00.6,25.5,3.0,0
flow_10.9,45.0,4.0,0
flow_30.4,42.0,4.0,0
flow_30.5,34.0,3.0,0
flow_10.10,39.0,3.0,0
flow_30.6,30.5,3.0,0
flow_10.11,28.5,3.0,0
flow_20.9,22.5,2.0,0
flow_00.7,42.5,4.0,0
flow_00.8,41.0,3.0,0
flow_00.9,40.0,3.0,0
flow_30.7,42.5,4.0,0
flow_10.12,41.0,4.0,0
flow_10.13,23.5,2.5,0
flow_30.8,34.5,3.0,0
flow_10.14,20.5,2.0,0
flow_00.10,27.5,3.5,0
flow_20.10,36.5,4.0,0
flow_20.11,36.5,3.0,0
flow_00.11,22.5,2.0,0
flow_20.12,34.5,3.0,0
flow_30.9,32.5,4.0,0
flow_10.15,34.0,4.0,0
flow_30.10,32.5,3.5,0
flow_30.11,30.5,3.0,0
flow_20.13,46.0,4.0,0
flow_00.12,39.0,4.0,0
flow_20.14,40.5,3.0,0
flow_00.13,39.0,3.0,0
flow_20.15,38.5,3.0,0
flow_00.14,22.0,2.0,0
flow_30.12,48.5,4.0,0
flow_10.16,36.0,4.0,0
flow_10.17,35.0,3.0,0
flow_30.13,45.5,3.0,0
flow_10.18,34.0,3.0,0
flow_30.14,34.5,3.0,0
flow_00.15,35.0,4.0,0
flow_20.16,58.0,4.0,0
flow_00.16,34.0,3.0,0
flow_20.17,56.5,3.5,0
flow_00.17,33.0,3.0,0
flow_20.18,55.5,3.0,0
flow_10.19,51.5,4.0,0
flow_30.15,48.5,4.0,0
flow_30.16,47.0,3.0,0
flow_10.20,41.0,3.0,0
flow_30.17,40.5,3.0,0
flow_10.21,40.0,3.0,0
flow_20.19,69.0,4.0,0
flow_00.18,34.0,4.0,0
flow_00.19,30.5,3.5,0
flow_20.20,69.0,3.0,0
flow_00.20,30.0,3.0,0
flow_20.21,67.5,3.0,0
flow_10.22,57.0,4.0,0
flow_30.18,58.5,4.0,0
flow_30.19,57.5,3.0,0
flow_10.23,52.5,3.0,0
flow_10.24,36.0,3.0,0
flow_30.20,41.0,3.0,0
flow_20.22,76.5,4.0,0
flow_00.21,47.5,4.0,0
flow_20.23,57.0,3.0,0
flow_00.22,48.0,3.0,0
flow_00.23,46.5,3.0,0
flow_20.24,55.0,3.0,0
flow_30.21,59.5,4.0,0
flow_10.25,54.5,4.0,0
flow_30.22,58.0,3.0,0
flow_10.26,47.5,3.0,0
flow_10.27,35.0,3.0,0
flow_30.23,58.0,3.0,0
flow_00.24,57.5,4.0,0
flow_20.25,66.0,4.0,0
flow_20.26,63.5,3.0,0
flow_00.25,58.0,3.0,0
flow_20.27,39.5,3.0,0
flow_00.26,56.5,3.0,0
flow_10.28,52.0,4.0,0
flow_30.24,75.0,4.0,0
flow_30.25,51.5,3.0,0
flow_10.29,40.5,3.0,0
flow_30.26,35.0,3.0,0
flow_10.30,35.0,3.0,0
flow_20.28,38.5,4.0,0
flow_00.27,74.5,4.0,0
flow_20.29,23.5,2.0,0
flow_00.28,65.0,3.0,0
flow_20.30,22.0,2.0,0
flow_00.29,60.5,3.0,0
flow_30.27,53.0,4.0,0
flow_10.31,51.5,4.0,0
flow_10.32,50.5,3.0,0
flow_30.28,44.0,3.0,0
flow_30.29,34.0,3.0,0
flow_10.33,50.0,3.0,0
flow_20.31,40.0,4.0,0
flow_00.30,78.0,4.0,0
flow_20.32,35.5,3.0,0
flow_00.31,78.0,3.0,0
flow_00.32,76.5,3.0,0
flow_10.34,67.0,4.0,0
flow_30.30,47.5,4.0,0
flow_10.35,65.5,3.0,0
flow_30.31,42.5,3.0,0
flow_10.36,63.0,3.0,0
flow_30.32,34.5,3.0,0
flow_00.33,92.0,4.0,0
flow_20.33,35.5,4.0,0
flow_00.34,82.5,3.0,0
flow_20.34,34.0,3.0,0
flow_20.35,25.5,2.5,0
flow_00.35,82.5,3.0,0
flow_30.33,38.5,4.0,0
flow_10.37,76.0,4.0,0
flow_30.34,38.0,3.0,0
flow_10.38,71.5,3.5,0
flow_10.39,70.0,3.0,0
flow_00.36,94.5,4.0,0
flow_20.36,42.0,4.0,0
flow_00.37,94.0,3.0,0
flow_20.37,41.5,3.0,0
flow_00.38,92.5,3.0,0
flow_20.38,35.5,3.0,0
flow_30.35,38.0,4.0,0
flow_10.40,88.0,4.0,0
flow_10.41,85.0,3.0,0
flow_30.36,36.0,3.0,0
flow_10.42,81.5,3.0,0
flow_00.39,107.5,4.0,0
flow_20.39,52.5,4.0,0
flow_00.40,97.5,3.0,0
flow_20.40,52.0,3.0,0
flow_20.41,47.5,3.0,0
flow_00.41,98.0,3.0,0
flow_10.43,99.0,4.0,0
flow_10.44,97.5,3.0,0
flow_10.45,95.5,3.0,0
flow_30.37,20.5,1.5,0
flow_20.42,44.0,4.0,0
flow_00.42,106.0,4.0,0
flow_00.43,106.0,3.5,0
flow_20.43,45.0,3.5,0
flow_20.44,43.5,3.0,0
flow_00.44,103.5,3.0,0
flow_10.46,107.0,4.0,0
flow_30.38,32.5,4.0,0
flow_10.47,105.0,3.0,0
flow_30.39,31.5,3.5,0
flow_30.40,24.5,2.5,0
flow_10.48,102.0,3.0,0
flow_00.45,107.0,4.0,0
flow_20.45,60.0,4.0,0
flow_20.46,59.5,3.0,0
flow_00.46,106.0,3.0,0
flow_00.47,103.0,3.0,0
flow_20.47,59.0,3.0,0
flow_10.49,107.5,4.0,0
flow_30.41,39.5,4.0,0
flow_10.50,105.5,3.0,0
flow_30.42,38.0,3.0,0
flow_10.51,103.0,3.0,0
flow_30.43,32.0,3.0,0
flow_00.48,107.5,4.0,0
flow_20.48,76.5,4.0,0
flow_00.49,105.0,3.0,0
flow_20.49,76.0,3.0,0
flow_00.50,102.5,3.0,0
flow_20.50,71.5,3.0,0
flow_10.52,107.5,4.0,0
flow_30.44,49.0,4.0,0
flow_10.53,105.5,3.0,0
flow_30.45,46.0,3.0,0
flow_10.54,102.5,3.0,0
flow_30.46,22.0,2.0,0
flow_20.51,64.0,4.0,0
flow_00.51,107.5,4.0,0
flow_00.52,105.5,3.0,0
flow_20.52,62.0,3.5,0
flow_00.53,102.5,3.0,0
flow_20.53,51.0,3.0,0
flow_30.47,39.0,4.0,0
flow_10.55,108.0,4.0,0
flow_30.48,29.0,3.0,0
flow_10.56,105.0,3.0,0
flow_10.57,102.5,3.0,0
flow_20.54,48.0,4.0,0
flow_00.54,108.0,4.0,0
flow_00.55,105.0,3.0,0
flow_20.55,48.0,3.0,0
flow_00.56,102.5,3.0,0
flow_20.56,43.5,3.0,0
flow_10.58,107.5,4.0,0
flow_30.49,35.0,4.0,0
flow_30.50,32.5,3.0,0
flow_10.59,106.5,3.0,0
flow_30.51,28.5,3.0,0
flow_10.60,103.0,3.0,0
flow_00.57,107.0,4.0,0
flow_20.57,60.0,4.0,0
flow_00.58,105.5,3.0,0
flow_20.58,60.0,3.0,0
flow_20.59,51.0,3.0,0
flow_00.59,103.0,3.0,0
flow_30.52,21.5,2.0,0
flow_10.61,108.0,4.0,0
flow_10.62,107.0,3.5,0
flow_10.63,103.5,3.0,0
flow_20.60,69.0,4.0,0
flow_00.60,108.5,4.0,0
flow_20.61,63.5,3.0,0
flow_00.61,106.0,3.0,0
flow_20.62,58.5,3.0,0
flow_00.62,103.0,3.0,0
flow_10.64,108.0,4.0,0
flow_30.53,38.5,4.0,0
flow_30.54,25.0,2.5,0
flow_10.65,106.0,3.0,0
flow_10.66,102.5,3.0,0
flow_00.63,107.0,4.0,0
flow_20.63,73.0,4.0,0
flow_20.64,69.5,3.0,0
flow_00.64,106.0,3.0,0
flow_20.65,50.0,3.0,0
flow_00.65,102.5,3.0,0
flow_10.67,108.0,4.0,0
flow_10.68,105.5,3.0,0
flow_10.69,104.0,3.0,0
flow_00.66,107.5,4.0,0
flow_20.66,68.0,4.0,0
flow_00.67,105.5,3.0,0
flow_20.67,68.5,3.5,0
flow_00.68,102.0,3.0,0
flow_20.68,64.0,3.0,0
flow_10.70,107.5,4.0,0
flow_30.55,42.0,4.0,0
flow_10.71,105.5,3.0,0
flow_30.56,41.0,3.0,0
flow_30.57,39.5,3.0,0
flow_10.72,102.5,3.0,0
flow_00.69,107.5,4.0,0
flow_20.69,68.5,4.0,0
flow_00.70,105.5,3.0,0
flow_20.70,54.5,3.0,0
flow_00.71,102.5,3.0,0
flow_20.71,47.5,3.0,0
flow_30.58,57.5,4.0,0
flow_10.73,108.0,4.0,0
flow_30.59,54.0,3.0,0
flow_10.74,105.5,3.0,0
flow_30.60,50.5,3.0,0
flow_10.75,102.5,3.0,0
flow_00.72,107.0,4.0,0
flow_20.72,57.5,4.0,0
flow_00.73,105.5,3.0,0
flow_20.73,58.0,3.5,0
flow_00.74,102.5,3.0,0
flow_20.74,45.0,3.0,0
flow_30.61,66.0,4.0,0
flow_10.76,108.5,4.0,0
flow_10.77,106.0,3.0,0
flow_30.62,67.0,3.5,0
flow_10.78,103.0,3.0,0
flow_30.63,65.5,3.0,0
flow_00.75,107.0,4.0,0
flow_20.75,61.5,4.0,0
flow_20.76,61.5,3.0,0
flow_00.76,106.0,3.0,0
flow_20.77,54.0,3.0,0
flow_00.77,102.5,3.0,0
flow_30.64,79.5,4.0,0
flow_10.79,108.0,4.0,0
flow_30.65,55.0,3.0,0
flow_10.80,106.5,3.5,0
flow_30.66,50.5,3.0,0
flow_10.81,103.5,3.0,0
flow_00.78,107.5,4.0,0
flow_20.78,64.5,4.0,0
flow_00.79,105.0,3.0,0
flow_20.79,61.5,3.5,0
flow_00.80,102.0,3.0,0
flow_20.80,58.5,3.0,0
flow_10.82,107.0,4.0,0
flow_30.67,66.5,4.0,0
flow_30.68,60.5,3.0,0
flow_10.83,106.0,3.0,0
flow_30.69,59.5,3.0,0
flow_10.84,103.0,3.0,0
flow_00.81,107.5,4.0,0
flow_20.81,75.5,4.0,0
flow_20.82,72.5,3.0,0
flow_00.82,105.5,3.0,0
flow_00.83,102.5,3.0,0
flow_20.83,72.0,3.0,0
flow_30.70,77.5,4.0,0
flow_10.85,108.5,4.0,0
flow_10.86,105.5,3.0,0
flow_30.71,77.0,3.0,0
flow_10.87,102.5,3.0,0
flow_30.72,76.0,3.0,0
flow_00.84,107.0,4.0,0
flow_20.84,83.5,4.0,0
flow_20.85,77.5,3.0,0
flow_00.85,106.0,3.0,0
flow_20.86,76.0,3.0,0
flow_00.86,102.5,3.0,0
flow_30.73,92.0,4.0,0
flow_10.88,108.5,4.0,0
flow_30.74,92.0,3.0,0
flow_10.89,106.0,3.0,0
flow_30.75,90.5,3.0,0
flow_10.90,104.0,3.0,0
flow_00.87,107.5,4.0,0
flow_20.87,94.0,4.0,0
flow_00.88,105.5,3.0,0
flow_20.88,89.5,3.5,0
flow_00.89,102.5,3.0,0
flow_20.89,88.0,3.0,0
flow_10.91,107.5,4.0,0
flow_30.76,108.0,4.0,0
flow_30.77,105.5,3.0,0
flow_10.92,106.0,3.0,0
flow_30.78,102.5,3.0,0
flow_10.93,103.0,3.0,0
flow_20.90,98.5,4.0,0
flow_00.90,108.0,4.0,0
flow_00.91,105.0,3.0,0
flow_20.91,100.0,3.5,0
flow_00.92,102.5,3.0,0
flow_20.92,93.5,3.0,0
flow_10.94,108.0,4.0,0
flow_30.79,108.0,4.0,0
flow_30.80,105.5,3.0,0
flow_10.95,106.0,3.0,0
flow_30.81,102.0,3.0,0
flow_10.96,103.0,3.0,0
flow_20.93,104.0,4.0,0
flow_00.93,108.5,4.0,0
flow_00.94,105.5,3.0,0
flow_20.94,102.5,3.0,0
flow_00.95,102.5,3.0,0
flow_20.95,68.0,3.0,0
flow_10.97,107.5,4.0,0
flow_30.82,107.5,4.0,0
flow_30.83,105.0,3.0,0
flow_10.98,106.0,3.0,0
flow_30.84,102.5,3.0,0
flow_10.99,103.0,3.0,0
flow_00.96,107.5,4.0,0
flow_20.96,66.5,4.0,0
flow_00.97,105.5,3.0,0
flow_20.97,62.0,3.0,0
flow_00.98,102.0,3.0,0
flow_20.98,33.0,3.0,0
flow_10.100,107.5,4.0,0
flow_30.85,107.5,4.0,0
flow_10.101,105.5,3.0,0
flow_30.86,96.5,3.0,0
flow_10.102,102.5,3.0,0
flow_30.87,84.5,3.0,0
flow_20.99,39.0,4.0,0
flow_00.99,107.5,4.0,0
flow_20.100,38.5,3.0,0
flow_00.100,106.0,3.0,0
flow_00.101,102.5,3.0,0
flow_20.101,38.0,3.0,0
flow_10.103,107.5,4.0,0
flow_30.88,83.5,4.0,0
flow_10.104,105.0,3.0,0
flow_30.89,76.5,3.0,0
flow_10.105,102.5,3.0,0
flow_30.90,72.5,3.0,0
flow_20.102,53.0,4.0,0
flow_00.102,108.5,4.0,0
flow_20.103,52.5,3.0,0
flow_00.103,105.5,3.0,0
flow_20.104,52.0,3.0,0
flow_00.104,103.0,3.0,0
flow_10.106,108.0,4.0,0
flow_30.91,77.0,4.0,0
flow_10.107,106.0,3.0,0
flow_30.92,71.5,3.5,0
flow_10.108,102.5,3.0,0
flow_30.93,70.0,3.0,0
flow_20.105,67.0,4.0,0
flow_00.105,108.0,4.0,0
flow_00.106,106.0,3.0,0
flow_20.106,66.5,3.0,0
flow_00.107,103.5,3.0,0
flow_20.107,65.5,3.0,0
flow_10.109,108.0,4.0,0
flow_30.94,85.0,4.0,0
flow_10.110,106.0,3.0,0
flow_30.95,84.5,3.0,0
flow_10.111,102.5,3.0,0
flow_30.96,75.0,3.0,0
flow_00.108,107.5,4.0,0
flow_20.108,83.5,4.0,0
flow_00.109,106.5,3.5,0
flow_20.109,82.5,3.5,0
flow_00.110,103.0,3.0,0
flow_20.110,72.5,3.0,0
flow_30.97,76.0,4.0,0
flow_10.112,108.5,4.0,0
flow_10.113,106.0,3.0,0
flow_30.98,41.0,3.0,0
flow_10.114,102.5,3.0,0
flow_30.99,34.0,3.0,0
flow_00.111,107.0,4.0,0
flow_20.111,82.0,4.0,0
flow_00.112,105.5,3.0,0
flow_20.112,80.5,3.0,0
flow_20.113,79.5,3.0,0
flow_00.113,103.5,3.0,0
flow_10.115,107.0,4.0,0
flow_30.100,27.0,3.5,0
flow_10.116,105.0,3.0,0
flow_10.117,102.5,3.0,0
flow_20.114,76.0,4.0,0
flow_00.114,107.5,4.0,0
flow_00.115,105.5,3.0,0
flow_20.115,76.0,3.0,0
flow_20.116,69.5,3.0,0
flow_00.116,103.0,3.0,0
flow_10.118,107.5,4.0,0
flow_10.119,105.5,3.0,0
flow_10.120,102.5,3.0,0
flow_20.117,85.0,4.0,0
flow_00.117,108.0,4.0,0
flow_00.118,105.5,3.0,0
flow_20.118,76.0,3.0,0
flow_00.119,102.5,3.0,0
flow_20.119,75.5,3.0,0
flow_10.121,107.5,4.0,0
flow_30.101,36.0,4.0,0
flow_30.102,24.0,2.5,0
flow_10.122,106.0,3.0,0
flow_10.123,103.0,3.0,0
flow_00.120,108.0,4.0,0
flow_20.120,85.5,4.0,0
flow_00.121,105.5,3.0,0
flow_20.121,83.0,3.5,0
flow_00.122,102.0,3.0,0
flow_20.122,64.0,3.0,0
flow_30.0,20.5,2.0,0
flow_20.0,30.0,3.5,0
flow_00.0,20.5,1.5,0
flow_00.1,21.5,2.0,0
flow_30.1,38.0,4.0,0
flow_10.0,36.0,4.0,0
flow_30.2,27.5,3.0,0
flow_10.1,27.0,3.0,0
flow_30.3,25.5,2.5,0
flow_10.2,21.0,2.0,0
flow_00.2,32.0,4.0,0
flow_20.1,41.5,4.0,0
flow_00.3,27.0,2.5,0
flow_20.2,40.5,3.0,0
flow_20.3,40.0,3.0,0
flow_30.4,37.5,4.0,0
flow_30.5,36.0,3.0,0
flow_30.6,33.5,3.0,0
flow_20.4,42.5,4.0,0
flow_00.4,39.0,4.0,0
flow_00.5,35.0,3.0,0
flow_20.5,23.5,2.5,0
flow_00.6,30.0,3.0,0
flow_20.6,23.0,2.0,0
flow_30.7,25.5,3.0,0
flow_10.3,21.5,1.5,0
flow_30.8,22.0,2.0,0
flow_00.7,43.5,4.0,0
flow_20.7,32.0,3.5,0
flow_00.8,43.0,3.0,0
flow_20.8,22.5,2.0,0
flow_00.9,41.0,3.0,0
flow_20.9,21.5,2.0,0
flow_30.9,39.0,4.0,0
flow_10.4,21.0,1.5,0
flow_30.10,38.5,3.5,0
flow_30.11,25.5,2.5,0
flow_00.10,58.5,4.0,0
flow_20.10,30.0,3.5,0
flow_20.11,29.5,3.5,0
flow_00.11,48.5,3.0,0
flow_00.12,47.5,3.0,0
flow_20.12,29.0,3.0,0
flow_20.13,27.0,2.5,0
flow_10.5,38.5,4.0,0
flow_30.12,37.0,4.0,0
flow_30.13,37.5,3.0,0
flow_30.14,36.5,3.0,0
flow_20.14,39.5,4.0,0
flow_00.13,56.0,4.0,0
flow_00.14,54.5,3.0,0
flow_20.15,38.5,3.0,0
flow_20.16,28.0,2.5,0
flow_00.15,45.5,3.0,0
flow_30.15,53.0,4.0,0
flow_10.6,38.5,4.0,0
flow_10.7,30.0,3.0,0
flow_30.16,52.5,3.0,0
flow_30.17,51.5,3.0,0
flow_20.17,41.5,4.0,0
flow_00.16,57.0,4.0,0
flow_00.17,39.0,3.0,0
flow_20.18,37.0,3.0,0
flow_20.19,36.0,3.0,0
flow_00.18,33.5,3.0,0
flow_30.18,69.0,4.0,0
flow_30.19,67.5,3.0,0
flow_30.20,65.0,3.0,0
flow_00.19,48.5,4.0,0
flow_20.20,34.5,4.0,0
flow_00.20,47.5,3.0,0
flow_00.21,46.5,3.0,0
flow_20.21,24.0,2.0,0
flow_30.21,82.5,4.0,0
flow_10.8,34.5,4.0,0
flow_10.9,30.5,3.5,0
flow_30.22,83.0,3.0,0
flow_30.23,47.5,3.0,0
flow_10.10,21.5,1.5,0
flow_00.22,62.0,4.0,0
flow_20.22,38.5,4.0,0
flow_20.23,32.5,3.0,0
flow_00.23,31.5,3.0,0
flow_20.24,24.0,2.0,0
flow_00.24,21.5,2.0,0
flow_30.24,65.0,4.0,0
flow_30.25,65.0,3.0,0
flow_30.26,63.5,3.0,0
flow_00.25,28.0,3.5,0
flow_20.25,40.5,4.0,0
flow_00.26,21.0,2.0,0
flow_20.26,37.0,3.0,0
flow_20.27,35.5,3.0,0
flow_30.27,80.0,4.0,0
flow_10.11,39.5,4.0,0
flow_30.28,69.5,3.0,0
flow_10.12,29.0,3.0,0
flow_30.29,70.5,3.0,0
flow_20.28,52.5,4.0,0
flow_00.27,28.5,3.5,0
flow_20.29,45.5,3.0,0
flow_20.30,45.5,3.0,0
flow_30.30,85.5,4.0,0
flow_10.13,38.0,4.0,0
flow_10.14,29.0,3.0,0
flow_30.31,83.0,3.0,0
flow_30.32,75.5,3.0,0
flow_20.31,62.0,4.0,0
flow_00.28,41.5,4.0,0
flow_00.29,24.0,2.0,0
flow_20.32,57.5,3.0,0
flow_20.33,52.5,3.0,0
flow_30.33,92.5,4.0,0
flow_30.34,83.0,3.0,0
flow_10.15,21.0,1.5,0
flow_30.35,71.0,3.0,0
flow_20.34,69.5,4.0,0
flow_00.30,40.0,4.0,0
flow_00.31,29.0,3.0,0
flow_20.35,70.0,3.0,0
flow_20.36,69.5,3.0,0
flow_30.36,88.0,4.0,0
flow_10.16,37.5,4.0,0
flow_30.37,85.0,3.0,0
flow_10.17,37.5,3.0,0
flow_30.38,47.5,3.0,0
flow_20.37,86.0,4.0,0
flow_00.32,37.5,4.0,0
flow_00.33,29.0,3.0,0
flow_20.38,80.0,3.0,0
flow_00.34,27.5,3.0,0
flow_20.39,79.0,3.0,0
flow_00.35,26.5,3.0,0
flow_30.39,65.0,4.0,0
flow_10.18,30.5,3.5,0
flow_10.19,30.0,3.0,0
flow_30.40,65.5,3.5,0
flow_30.41,52.0,3.0,0
flow_20.40,96.5,4.0,0
flow_00.36,40.5,4.0,0
flow_20.41,96.0,3.0,0
flow_00.37,35.0,3.0,0
flow_20.42,94.5,3.0,0
flow_30.42,67.5,4.0,0
flow_30.43,43.5,3.0,0
flow_30.44,38.5,3.0,0
flow_00.38,41.0,4.0,0
flow_20.43,107.5,4.0,0
flow_20.44,105.5,3.0,0
flow_00.39,42.0,3.0,0
flow_20.45,99.0,3.0,0
flow_00.40,35.5,3.0,0
flow_30.45,56.0,4.0,0
flow_30.46,55.5,3.0,0
flow_30.47,54.5,3.0,0
flow_20.46,102.0,4.0,0
flow_00.41,37.0,4.0,0
flow_20.47,97.5,3.0,0
flow_00.42,36.0,3.0,0
flow_00.43,24.0,2.5,0
flow_20.48,89.0,3.0,0
flow_30.48,70.5,4.0,0
flow_30.49,69.0,3.0,0
flow_30.50,68.0,3.0,0
flow_20.49,106.0,4.0,0
flow_20.50,93.0,3.0,0
flow_00.44,21.5,2.0,0
flow_20.51,90.5,3.0,0
flow_30.51,87.0,4.0,0
flow_30.52,85.5,3.5,0
flow_30.53,84.5,3.0,0
flow_20.52,107.0,4.0,0
flow_00.45,35.0,4.0,0
flow_20.53,106.0,3.0,0
flow_00.46,32.5,3.5,0
flow_20.54,103.0,3.0,0
flow_00.47,24.0,2.0,0
flow_30.54,101.0,4.0,0
flow_10.20,30.0,3.5,0
flow_30.55,99.5,3.0,0
flow_30.56,96.0,3.0,0
flow_00.48,31.0,4.0,0
flow_20.55,108.0,4.0,0
flow_00.49,30.5,3.5,0
flow_20.56,105.5,3.0,0
flow_00.50,29.0,3.0,0
flow_20.57,103.0,3.0,0
flow_00.51,28.5,3.0,0
flow_30.57,107.5,4.0,0
flow_30.58,106.5,3.5,0
flow_30.59,103.0,3.0,0
flow_00.52,45.0,4.0,0
flow_20.58,109.0,4.0,0
flow_20.59,106.5,3.5,0
flow_00.53,45.0,3.5,0
flow_20.60,103.0,3.0,0
flow_00.54,43.0,3.0,0
flow_10.21,24.5,3.0,0
flow_30.60,107.0,4.0,0
flow_30.61,105.5,3.0,0
flow_30.62,102.5,3.0,0
flow_20.61,107.5,4.0,0
flow_00.55,59.5,4.0,0
flow_20.62,105.5,3.0,0
flow_00.56,59.0,3.0,0
flow_20.63,102.5,3.0,0
flow_00.57,57.5,3.0,0
flow_30.63,107.5,4.0,0
flow_30.64,105.5,3.0,0
flow_30.65,102.5,3.0,0
flow_20.64,107.5,4.0,0
flow_00.58,69.0,4.0,0
flow_00.59,63.5,3.0,0
flow_20.65,106.0,3.0,0
flow_20.66,103.0,3.0,0
flow_00.60,63.5,3.0,0
flow_30.66,107.5,4.0,0
flow_30.67,105.5,3.0,0
flow_30.68,102.0,3.0,0
flow_20.67,107.5,4.0,0
flow_00.61,76.0,4.0,0
flow_20.68,106.0,3.0,0
flow_00.62,77.0,3.5,0
flow_20.69,102.5,3.0,0
flow_00.63,75.0,3.0,0
flow_30.69,108.5,4.0,0
flow_30.70,106.0,3.0,0
flow_10.22,20.5,1.5,0
flow_30.71,103.0,3.0,0
flow_20.70,107.5,4.0,0
flow_00.64,92.0,4.0,0
flow_20.71,105.5,3.0,0
flow_00.65,91.5,3.0,0
flow_20.72,102.5,3.0,0
flow_00.66,90.5,3.0,0
flow_30.72,107.5,4.0,0
flow_30.73,106.0,3.0,0
flow_30.74,102.5,3.0,0
flow_20.73,108.0,4.0,0
flow_00.67,107.0,4.0,0
flow_20.74,98.0,3.0,0
flow_00.68,106.5,3.0,0
flow_20.75,90.5,3.0,0
flow_00.69,104.0,3.0,0
flow_30.75,108.0,4.0,0
flow_30.76,106.0,3.0,0
flow_30.77,102.5,3.0,0
flow_00.70,107.5,4.0,0
flow_20.76,105.0,4.0,0
flow_00.71,105.5,3.0,0
flow_20.77,104.0,3.0,0
flow_00.72,102.5,3.0,0
flow_20.78,65.0,3.0,0
flow_30.78,107.5,4.0,0
flow_30.79,106.0,3.0,0
flow_30.80,103.0,3.0,0
flow_00.73,107.5,4.0,0
flow_20.79,78.5,4.0,0
flow_20.80,76.5,3.0,0
flow_00.74,106.0,3.0,0
flow_00.75,102.5,3.0,0
flow_20.81,70.0,3.0,0
flow_10.23,37.5,4.0,0
flow_30.81,108.0,4.0,0
flow_30.82,105.5,3.0,0
flow_10.24,32.0,3.5,0
flow_10.25,31.5,3.0,0
flow_30.83,104.0,3.0,0
flow_00.76,107.0,4.0,0
flow_20.82,75.5,4.0,0
flow_00.77,105.0,3.0,0
flow_20.83,75.0,3.0,0
flow_00.78,102.0,3.0,0
flow_20.84,74.0,3.0,0
flow_10.26,40.0,4.0,0
flow_30.84,108.5,4.0,0
flow_10.27,38.5,3.0,0
flow_30.85,106.5,3.5,0
flow_10.28,37.5,3.0,0
flow_30.86,103.0,3.0,0
flow_20.85,89.0,4.0,0
flow_00.79,108.0,4.0,0
flow_00.80,105.5,3.0,0
flow_20.86,89.0,3.0,0
flow_20.87,82.5,3.0,0
flow_00.81,103.5,3.0,0
flow_10.29,35.0,4.0,0
flow_30.87,108.0,4.0,0
flow_30.88,106.0,3.0,0
flow_30.89,103.0,3.0,0
flow_00.82,107.0,4.0,0
flow_20.88,99.0,4.0,0
flow_00.83,105.5,3.0,0
flow_20.89,101.5,3.5,0
flow_00.84,103.0,3.0,0
flow_20.90,97.0,3.0,0
flow_30.90,107.5,4.0,0
flow_30.91,106.5,3.5,0
flow_30.92,103.5,3.0,0
flow_20.91,107.0,4.0,0
flow_00.85,107.5,4.0,0
flow_00.86,105.5,3.0,0
flow_20.92,104.0,3.0,0
flow_00.87,103.5,3.0,0
flow_20.93,103.0,3.0,0
flow_10.30,28.0,3.5,0
flow_30.93,108.0,4.0,0
flow_30.94,105.5,3.0,0
flow_30.95,102.0,3.0,0
flow_00.88,107.5,4.0,0
flow_20.94,108.0,4.0,0
flow_20.95,105.5,3.0,0
flow_00.89,106.0,3.0,0
flow_00.90,102.5,3.0,0
flow_20.96,103.0,3.0,0
flow_30.96,108.0,4.0,0
flow_30.97,105.0,3.0,0
flow_30.98,103.0,3.0,0
flow_20.97,107.0,4.0,0
flow_00.91,108.5,4.0,0
flow_00.92,105.5,3.0,0
flow_20.98,105.5,3.0,0
flow_20.99,102.0,3.0,0
flow_00.93,103.0,3.0,0
flow_30.99,107.0,4.0,0
flow_30.100,105.0,3.0,0
flow_30.101,102.5,3.0,0
flow_20.100,107.0,4.0,0
flow_00.94,108.0,4.0,0
flow_00.95,105.5,3.0,0
flow_20.101,105.5,3.0,0
flow_00.96,102.5,3.0,0
flow_20.102,102.5,3.0,0
flow_30.102,107.5,4.0,0
flow_10.31,29.0,3.5,0
flow_10.32,29.0,3.0,0
flow_30.103,106.5,3.5,0
flow_30.104,103.5,3.0,0
flow_00.97,107.5,4.0,0
flow_20.103,108.5,4.0,0
flow_20.104,106.0,3.0,0
flow_00.98,106.5,3.5,0
flow_20.105,102.5,3.0,0
flow_00.99,104.0,3.0,0
flow_30.105,107.0,4.0,0
flow_10.33,34.0,4.0,0
flow_30.106,105.0,3.0,0
flow_30.107,102.5,3.0,0
flow_00.100,107.5,4.0,0
flow_20.106,108.0,4.0,0
flow_00.101,105.5,3.0,0
flow_20.107,106.5,3.0,0
flow_00.102,102.0,3.0,0
flow_20.108,103.0,3.0,0
flow_30.108,107.5,4.0,0
flow_10.34,37.5,4.0,0
flow_30.109,106.0,3.0,0
flow_10.35,35.0,3.0,0
flow_30.110,102.5,3.0,0
flow_10.36,26.0,2.5,0
flow_00.103,107.5,4.0,0
flow_20.109,107.5,4.0,0
flow_00.104,106.0,3.0,0
flow_20.110,106.0,3.0,0
flow_20.111,102.5,3.0,0
flow_00.105,103.0,3.0,0
flow_30.111,108.0,4.0,0
flow_10.37,21.0,1.5,0
flow_30.112,105.5,3.0,0
flow_30.113,103.0,3.0,0
flow_10.38,22.5,2.5,0
flow_00.106,107.5,4.0,0
flow_20.112,110.5,4.0,0
flow_00.107,106.5,3.5,0
flow_20.113,107.0,3.5,0
flow_00.108,103.0,3.0,0
flow_20.114,103.5,3.0,0
flow_30.114,107.5,4.0,0
flow_30.115,105.5,3.0,0
flow_30.116,102.5,3.0,0
flow_00.109,107.5,4.0,0
flow_20.115,107.5,4.0,0
flow_20.116,105.5,3.0,0
flow_00.110,106.5,3.5,0
flow_20.117,102.0,3.0,0
flow_00.111,103.0,3.0,0
flow_10.39,37.0,4.0,0
flow_30.117,107.5,4.0,0
flow_30.118,105.0,3.0,0
flow_10.40,24.0,2.0,0
flow_30.119,103.0,3.0,0
flow_00.112,108.0,4.0,0
flow_20.118,108.0,4.0,0
flow_00.113,105.5,3.0,0
flow_20.119,106.0,3.0,0
flow_00.114,103.5,3.0,0
flow_20.120,103.5,3.0,0
flow_30.120,107.5,4.0,0
flow_30.121,105.5,3.0,0
flow_30.122,103.5,3.0,0
flow_20.121,107.5,4.0,0
flow_00.115,108.5,4.0,0
flow_20.122,105.0,3.0,0
flow_00.116,107.0,3.5,0
flow_20.123,102.0,3.0,0
flow_00.117,103.5,3.0,0
flow_30.0,21.0,1.5,0
flow_10.0,20.5,1.5,0
flow_00.0,37.0,4.0,0
flow_20.0,29.5,3.5,0
flow_00.1,37.0,3.0,0
flow_00.2,36.0,3.0,0
flow_10.1,22.0,2.0,0
flow_30.1,40.0,4.0,0
flow_30.2,40.5,3.0,0
flow_10.2,21.5,2.0,0
flow_30.3,33.5,3.0,0
flow_00.3,52.5,4.0,0
flow_00.4,52.5,3.0,0
flow_20.1,22.0,2.0,0
flow_00.5,51.0,3.0,0
flow_30.4,51.0,4.0,0
flow_10.3,42.0,4.0,0
flow_30.5,50.0,3.0,0
flow_10.4,36.5,3.0,0
flow_30.6,48.0,3.0,0
flow_10.5,29.0,3.0,0
flow_20.2,37.0,4.0,0
flow_00.6,69.5,4.0,0
flow_00.7,68.0,3.0,0
flow_00.8,67.0,3.0,0
flow_10.6,42.5,4.0,0
flow_30.7,65.0,4.0,0
flow_30.8,65.0,3.0,0
flow_10.7,38.0,3.0,0
flow_30.9,63.5,3.0,0
flow_10.8,34.5,3.0,0
flow_00.9,83.5,4.0,0
flow_20.3,31.5,3.5,0
flow_00.10,73.5,3.0,0
flow_20.4,24.5,2.5,0
flow_00.11,72.0,3.0,0
flow_30.10,77.0,4.0,0
flow_10.9,44.0,4.0,0
flow_30.11,75.0,3.0,0
flow_10.10,43.5,3.0,0
flow_30.12,73.5,3.0,0
flow_10.11,42.0,3.0,0
flow_00.12,81.5,4.0,0
flow_00.13,78.0,3.0,0
flow_00.14,77.5,3.0,0
flow_30.13,91.5,4.0,0
flow_10.12,60.0,4.0,0
flow_30.14,91.0,3.0,0
flow_10.13,59.5,3.0,0
flow_30.15,89.0,3.0,0
flow_10.14,57.5,3.0,0
flow_00.15,91.0,4.0,0
flow_20.5,27.0,3.5,0
flow_00.16,78.0,3.5,0
flow_00.17,72.0,3.0,0
flow_30.16,106.0,4.0,0
flow_10.15,75.5,4.0,0
flow_30.17,105.0,3.0,0
flow_10.16,75.0,3.0,0
flow_30.18,102.5,3.0,0
flow_10.17,74.0,3.0,0
flow_00.18,89.0,4.0,0
flow_20.6,42.0,4.0,0
flow_00.19,88.5,3.0,0
flow_00.20,87.0,3.0,0
flow_10.18,90.0,4.0,0
flow_30.19,108.0,4.0,0
flow_10.19,89.5,3.0,0
flow_30.20,105.5,3.0,0
flow_30.21,102.5,3.0,0
flow_10.20,89.0,3.0,0
flow_20.7,21.0,2.0,0
flow_00.21,102.5,4.0,0
flow_00.22,101.5,3.0,0
flow_00.23,83.5,3.0,0
flow_30.22,108.0,4.0,0
flow_10.21,106.0,4.0,0
flow_30.23,105.0,3.0,0
flow_10.22,96.0,3.0,0
flow_30.24,102.5,3.0,0
flow_10.23,94.5,3.0,0
flow_00.24,88.0,4.0,0
flow_20.8,38.0,4.0,0
flow_00.25,84.0,3.0,0
flow_00.26,82.0,3.0,0
flow_10.24,107.5,4.0,0
flow_30.25,108.5,4.0,0
flow_30.26,105.5,3.0,0
flow_10.25,100.5,3.5,0
flow_30.27,102.5,3.0,0
flow_10.26,99.5,3.0,0
flow_00.27,96.0,4.0,0
flow_00.28,95.5,3.0,0
flow_00.29,94.0,3.0,0
flow_30.28,108.0,4.0,0
flow_10.27,108.0,4.0,0
flow_10.28,106.0,3.0,0
flow_30.29,106.0,3.0,0
flow_30.30,102.5,3.0,0
flow_10.29,104.0,3.0,0
flow_20.9,32.5,4.0,0
flow_00.30,108.0,4.0,0
flow_20.10,30.0,3.0,0
flow_00.31,106.5,3.5,0
flow_00.32,103.5,3.0,0
flow_30.31,107.0,4.0,0
flow_10.30,107.5,4.0,0
flow_30.32,97.0,3.0,0
flow_10.31,105.5,3.0,0
flow_30.33,79.5,3.0,0
flow_10.32,102.5,3.0,0
flow_20.11,35.5,4.0,0
flow_00.33,109.0,4.0,0
flow_20.12,29.5,3.0,0
flow_00.34,106.0,3.0,0
flow_20.13,28.5,2.5,0
flow_00.35,102.5,3.0,0
flow_10.33,107.5,4.0,0
flow_30.34,91.5,4.0,0
flow_30.35,90.5,3.0,0
flow_10.34,106.5,3.0,0
flow_10.35,103.0,3.0,0
flow_30.36,82.0,3.0,0
flow_20.14,22.0,2.0,0
flow_00.36,107.5,4.0,0
flow_00.37,105.5,3.0,0
flow_00.38,102.5,3.0,0
flow_30.37,98.0,4.0,0
flow_10.36,108.0,4.0,0
flow_10.37,105.5,3.0,0
flow_30.38,98.5,3.0,0
flow_10.38,103.0,3.0,0
flow_30.39,89.5,3.0,0
flow_00.39,108.0,4.0,0
flow_00.40,106.0,3.0,0
flow_00.41,103.0,3.0,0
flow_10.39,107.0,4.0,0
flow_30.40,107.5,4.0,0
flow_10.40,105.5,3.0,0
flow_30.41,105.0,3.0,0
flow_10.41,102.0,3.0,0
flow_30.42,102.0,3.0,0
flow_00.42,107.5,4.0,0
flow_00.43,106.0,3.0,0
flow_20.15,21.0,1.5,0
flow_00.44,103.5,3.0,0
flow_30.43,107.0,4.0,0
flow_10.42,107.5,4.0,0
flow_10.43,105.5,3.0,0
flow_30.44,106.0,3.0,0
flow_10.44,102.5,3.0,0
flow_30.45,103.5,3.0,0
flow_00.45,107.5,4.0,0
flow_00.46,105.5,3.0,0
flow_00.47,102.5,3.0,0
flow_10.45,107.5,4.0,0
flow_30.46,107.5,4.0,0
flow_10.46,105.5,3.0,0
flow_30.47,105.5,3.0,0
flow_10.47,102.5,3.0,0
flow_30.48,103.5,3.0,0
flow_00.48,107.0,4.0,0
flow_20.16,28.0,3.5,0
flow_00.49,105.0,3.0,0
flow_20.17,26.5,3.0,0
flow_00.50,103.0,3.0,0
flow_10.48,107.0,4.0,0
flow_30.49,108.5,4.0,0
flow_10.49,105.0,3.0,0
flow_30.50,106.0,3.0,0
flow_10.50,102.5,3.0,0
flow_30.51,103.0,3.0,0
flow_00.51,107.5,4.0,0
flow_00.52,105.5,3.0,0
flow_20.18,21.0,1.5,0
flow_00.53,103.5,3.0,0
flow_10.51,107.5,4.0,0
flow_30.52,109.0,4.0,0
flow_30.53,106.0,3.0,0
flow_10.52,106.0,3.0,0
flow_30.54,102.5,3.0,0
flow_10.53,102.5,3.0,0
flow_00.54,107.0,4.0,0
flow_20.19,31.5,3.5,0
flow_00.55,105.0,3.0,0
flow_20.20,29.5,3.0,0
flow_20.21,25.0,3.0,0
flow_00.56,102.0,3.0,0
flow_20.22,22.5,2.0,0
flow_30.55,107.0,4.0,0
flow_10.54,108.0,4.0,0
flow_30.56,105.0,3.0,0
flow_10.55,105.5,3.0,0
flow_30.57,102.0,3.0,0
flow_10.56,103.0,3.0,0
flow_00.57,107.5,4.0,0
flow_00.58,107.0,3.5,0
flow_00.59,103.0,3.0,0
flow_30.58,107.0,4.0,0
flow_10.57,107.5,4.0,0
flow_10.58,106.0,3.0,0
flow_30.59,107.0,3.5,0
flow_10.59,103.0,3.0,0
flow_30.60,103.5,3.0,0
flow_20.23,27.0,3.5,0
flow_00.60,108.0,4.0,0
flow_20.24,25.5,2.5,0
flow_00.61,105.5,3.0,0
flow_20.25,24.0,2.5,0
flow_00.62,102.5,3.0,0
flow_10.60,107.5,4.0,0
flow_30.61,108.0,4.0,0
flow_30.62,105.5,3.0,0
flow_10.61,105.5,3.0,0
flow_30.63,104.0,3.0,0
flow_10.62,104.0,3.0,0
flow_00.63,107.5,4.0,0
flow_00.64,105.0,3.0,0
flow_00.65,102.0,3.0,0
flow_10.63,107.5,4.0,0
flow_30.64,107.5,4.0,0
flow_10.64,105.0,3.0,0
flow_30.65,107.0,3.5,0
flow_10.65,102.5,3.0,0
flow_30.66,104.0,3.0,0
flow_00.66,107.5,4.0,0
flow_00.67,106.0,3.0,0
flow_00.68,103.0,3.0,0
flow_30.67,107.5,4.0,0
flow_10.66,108.5,4.0,0
flow_30.68,106.0,3.0,0
flow_10.67,106.5,3.5,0
flow_30.69,103.0,3.0,0
flow_10.68,103.5,3.0,0
flow_20.26,36.5,4.0,0
flow_00.69,108.0,4.0,0
flow_00.70,106.0,3.0,0
flow_20.27,37.0,3.0,0
flow_00.71,103.5,3.0,0
flow_20.28,31.5,3.0,0
flow_10.69,107.5,4.0,0
flow_30.70,108.5,4.0,0
flow_10.70,105.0,3.0,0
flow_30.71,106.5,3.5,0
flow_10.71,103.0,3.0,0
flow_30.72,103.5,3.0,0
flow_00.72,107.5,4.0,0
flow_20.29,48.5,4.0,0
flow_00.73,105.5,3.0,0
flow_20.30,38.0,3.0,0
flow_00.74,102.5,3.0,0
flow_20.31,24.0,2.0,0
flow_10.72,107.5,4.0,0
flow_30.73,107.5,4.0,0
flow_30.74,105.0,3.0,0
flow_10.73,105.5,3.0,0
flow_10.74,102.0,3.0,0
flow_30.75,102.5,3.0,0
flow_00.75,107.5,4.0,0
flow_00.76,105.5,3.0,0
flow_20.32,21.0,1.5,0
flow_00.77,102.5,3.0,0
flow_30.76,107.0,4.0,0
flow_10.75,108.0,4.0,0
flow_30.77,105.0,3.0,0
flow_10.76,105.5,3.0,0
flow_10.77,102.5,3.0,0
flow_30.78,103.0,3.0,0
flow_20.33,22.0,2.0,0
flow_00.78,107.5,4.0,0
flow_00.79,106.5,3.0,0
flow_00.80,103.0,3.0,0
flow_30.79,107.0,4.0,0
flow_10.78,108.0,4.0,0
flow_10.79,105.5,3.0,0
flow_30.80,105.5,3.0,0
flow_30.81,102.5,3.0,0
flow_10.80,103.0,3.0,0
flow_00.81,108.0,4.0,0
flow_00.82,107.0,3.5,0
flow_00.83,103.5,3.0,0
flow_10.81,107.0,4.0,0
flow_30.82,107.5,4.0,0
flow_10.82,105.5,3.0,0
flow_30.83,106.0,3.0,0
flow_30.84,102.5,3.0,0
flow_10.83,103.0,3.0,0
flow_00.84,107.0,4.0,0
flow_20.34,34.0,4.0,0
flow_00.85,105.0,3.0,0
flow_00.86,102.0,3.0,0
flow_10.84,107.5,4.0,0
flow_30.85,108.5,4.0,0
flow_10.85,106.0,3.0,0
flow_30.86,106.0,3.0,0
flow_10.86,103.0,3.0,0
flow_30.87,103.0,3.0,0
flow_00.87,107.5,4.0,0
flow_00.88,105.5,3.0,0
flow_00.89,102.5,3.0,0
flow_10.87,107.5,4.0,0
flow_30.88,107.5,4.0,0
flow_10.88,105.0,3.0,0
flow_30.89,105.5,3.0,0
flow_30.90,102.5,3.0,0
flow_10.89,103.0,3.0,0
flow_00.90,107.0,4.0,0
flow_20.35,23.5,2.0,0
flow_00.91,105.5,3.0,0
flow_00.92,102.5,3.0,0
flow_10.90,107.5,4.0,0
flow_30.91,108.5,4.0,0
flow_10.91,106.0,3.0,0
flow_30.92,106.0,3.0,0
flow_30.93,103.0,3.0,0
flow_10.92,103.5,3.0,0
flow_20.36,27.0,3.5,0
flow_00.93,107.5,4.0,0
flow_00.94,105.5,3.0,0
flow_00.95,102.5,3.0,0
flow_10.93,107.0,4.0,0
flow_30.94,107.0,4.0,0
flow_10.94,105.5,3.0,0
flow_30.95,106.0,3.0,0
flow_10.95,103.0,3.0,0
flow_30.96,103.0,3.0,0
flow_00.96,107.5,4.0,0
flow_20.37,39.5,4.0,0
flow_20.38,24.5,2.5,0
flow_00.97,105.5,3.0,0
flow_00.98,103.0,3.0,0
flow_10.96,107.0,4.0,0
flow_30.97,109.0,4.0,0
flow_10.97,105.5,3.0,0
flow_30.98,106.0,3.0,0
flow_10.98,102.5,3.0,0
flow_30.99,103.0,3.0,0
flow_00.99,107.5,4.0,0
flow_00.100,105.5,3.0,0
flow_00.101,103.0,3.0,0
flow_10.99,107.0,4.0,0
flow_30.100,108.0,4.0,0
flow_10.100,105.0,3.0,0
flow_30.101,105.5,3.0,0
flow_30.102,102.5,3.0,0
flow_10.101,104.0,3.0,0
flow_20.39,24.5,3.0,0
flow_00.102,107.5,4.0,0
flow_00.103,105.0,3.0,0
flow_00.104,102.0,3.0,0
flow_30.103,107.0,4.0,0
flow_10.102,108.0,4.0,0
flow_10.103,105.5,3.0,0
flow_30.104,105.5,3.0,0
flow_10.104,102.5,3.0,0
flow_30.105,102.5,3.0,0
flow_00.105,108.0,4.0,0
flow_00.106,106.0,3.0,0
flow_00.107,102.5,3.0,0
flow_30.106,107.0,4.0,0
flow_10.105,107.5,4.0,0
flow_10.106,105.0,3.0,0
flow_30.107,105.5,3.0,0
flow_10.107,102.5,3.0,0
flow_30.108,103.0,3.0,0
flow_00.108,107.5,4.0,0
flow_20.40,21.0,1.5,0
flow_00.109,105.5,3.0,0
flow_00.110,103.5,3.0,0
flow_10.108,107.5,4.0,0
flow_30.109,107.5,4.0,0
flow_30.110,105.5,3.0,0
flow_10.109,106.0,3.0,0
flow_10.110,103.0,3.0,0
flow_30.111,103.0,3.0,0
flow_00.111,107.5,4.0,0
flow_00.112,105.5,3.0,0
flow_00.113,104.0,3.0,0
flow_10.111,107.5,4.0,0
flow_30.112,107.5,4.0,0
flow_10.112,105.5,3.0,0
flow_30.113,105.5,3.0,0
flow_10.113,102.5,3.0,0
flow_30.114,102.5,3.0,0
flow_00.114,107.5,4.0,0
flow_00.115,106.0,3.0,0
flow_00.116,102.5,3.0,0
flow_10.114,107.0,4.0,0
flow_30.115,107.0,4.0,0
flow_10.115,105.0,3.0,0
flow_30.116,106.0,3.0,0
flow_30.117,102.5,3.0,0
flow_10.116,103.5,3.0,0
flow_00.117,107.5,4.0,0
flow_00.118,105.5,3.0,0
flow_20.41,21.0,1.5,0
flow_00.119,102.0,3.0,0
flow_10.117,107.5,4.0,0
flow_30.118,107.5,4.0,0
flow_10.118,105.0,3.0,0
flow_30.119,105.0,3.0,0
flow_30.120,102.0,3.0,0
flow_10.119,102.5,3.0,0
flow_00.120,107.5,4.0,0
flow_00.121,105.5,3.0,0
flow_00.122,102.0,3.0,0
flow_30.121,107.5,4.0,0
flow_10.120,108.0,4.0,0
flow_30.122,105.5,3.0,0
flow_10.121,107.0,3.5,0
flow_30.123,102.5,3.0,0
flow_10.122,103.5,3.0,0
flow_00.123,108.0,4.0,0
flow_20.42,32.0,3.5,0
flow_00.124,105.5,3.0,0
flow_20.43,31.0,3.0,0
flow_00.125,102.0,3.0,0
flow_30.0,20.0,1.5,0
flow_10.0,20.0,1.5,0
flow_00.0,34.0,4.0,0
flow_20.0,38.0,4.0,0
flow_20.1,34.5,3.0,0
flow_00.1,30.0,3.0,0
flow_20.2,28.5,3.0,0
flow_00.2,29.5,3.0,0
flow_00.3,28.0,3.0,0
flow_30.1,41.0,4.0,0
flow_10.1,37.0,4.0,0
flow_10.2,36.0,3.0,0
flow_30.2,30.5,3.0,0
flow_10.3,34.5,3.0,0
flow_30.3,29.0,3.0,0
flow_30.4,28.0,3.0,0
flow_20.3,47.0,4.0,0
flow_00.4,42.0,4.0,0
flow_20.4,31.0,3.5,0
flow_00.5,41.0,3.0,0
flow_00.6,38.0,3.0,0
flow_20.5,31.0,3.0,0
flow_10.4,52.0,4.0,0
flow_30.5,43.5,4.0,0
flow_10.5,52.0,3.0,0
flow_30.6,39.0,3.0,0
flow_10.6,50.5,3.0,0
flow_30.7,37.5,3.0,0
flow_00.7,50.5,4.0,0
flow_20.6,36.0,4.0,0
flow_00.8,50.0,3.0,0
flow_20.7,35.0,3.0,0
flow_00.9,46.5,3.0,0
flow_10.7,68.0,4.0,0
flow_30.8,56.0,4.0,0
flow_10.8,68.0,3.0,0
flow_30.9,53.5,3.0,0
flow_10.9,67.0,3.0,0
flow_30.10,52.0,3.0,0
flow_00.10,63.5,4.0,0
flow_00.11,63.0,3.0,0
flow_00.12,61.5,3.0,0
flow_30.11,61.0,4.0,0
flow_10.10,85.0,4.0,0
flow_30.12,46.5,3.0,0
flow_10.11,83.5,3.0,0
flow_30.13,37.0,3.0,0
flow_10.12,82.5,3.0,0
flow_00.13,74.5,4.0,0
flow_00.14,73.0,3.0,0
flow_00.15,61.5,3.0,0
flow_10.13,98.5,4.0,0
flow_30.14,55.0,4.0,0
flow_10.14,98.5,3.0,0
flow_30.15,43.5,3.5,0
flow_10.15,97.5,3.0,0
flow_30.16,43.0,3.0,0
flow_20.8,24.0,2.5,0
flow_00.16,75.0,4.0,0
flow_20.9,23.0,2.0,0
flow_00.17,66.5,3.0,0
flow_00.18,65.5,3.0,0
flow_10.16,107.5,4.0,0
flow_30.17,58.0,4.0,0
flow_30.18,28.0,3.0,0
flow_10.17,106.0,3.0,0
flow_30.19,26.5,2.5,0
flow_10.18,102.5,3.0,0
flow_00.19,73.5,4.0,0
flow_00.20,74.0,3.0,0
flow_00.21,65.5,3.0,0
flow_30.20,34.0,4.0,0
flow_10.19,109.0,4.0,0
flow_30.21,24.0,2.0,0
flow_10.20,106.0,3.0,0
flow_10.21,103.0,3.0,0
flow_20.10,21.5,2.0,0
flow_00.22,79.0,4.0,0
flow_00.23,76.0,3.0,0
flow_00.24,75.0,3.0,0
flow_10.22,107.0,4.0,0
flow_30.22,39.5,4.0,0
flow_30.23,38.5,3.0,0
flow_10.23,106.5,3.5,0
flow_30.24,33.5,3.0,0
flow_10.24,103.5,3.0,0
flow_00.25,92.0,4.0,0
flow_00.26,92.0,3.0,0
flow_00.27,90.5,3.0,0
flow_30.25,46.5,4.0,0
flow_10.25,109.0,4.0,0
flow_30.26,46.0,3.0,0
flow_10.26,106.0,3.0,0
flow_10.27,103.0,3.0,0
flow_30.27,44.0,3.0,0
flow_00.28,107.0,4.0,0
flow_20.11,33.0,4.0,0
flow_00.29,105.0,3.0,0
flow_00.30,103.0,3.0,0
flow_10.28,107.5,4.0,0
flow_30.28,42.0,4.0,0
flow_10.29,105.5,3.0,0
flow_10.30,103.0,3.0,0
flow_00.31,107.5,4.0,0
flow_20.12,41.5,4.0,0
flow_00.32,105.5,3.0,0
flow_20.13,21.0,2.0,0
flow_00.33,102.5,3.0,0
flow_10.31,107.5,4.0,0
flow_30.29,35.0,4.0,0
flow_10.32,105.0,3.0,0
flow_30.30,34.0,3.0,0
flow_30.31,31.0,3.0,0
flow_10.33,102.5,3.0,0
flow_00.34,107.0,4.0,0
flow_00.35,107.0,3.5,0
flow_00.36,103.5,3.0,0
flow_10.34,107.0,4.0,0
flow_30.32,48.5,4.0,0
flow_10.35,105.0,3.0,0
flow_30.33,46.5,3.0,0
flow_30.34,45.5,3.0,0
flow_10.36,103.0,3.0,0
flow_00.37,107.5,4.0,0
flow_20.14,32.0,3.5,0
flow_00.38,105.5,3.0,0
flow_00.39,103.0,3.0,0
flow_30.35,60.5,4.0,0
flow_10.37,111.0,4.0,0
flow_30.36,55.0,3.0,0
flow_10.38,107.5,3.5,0
flow_30.37,26.0,2.5,0
flow_10.39,104.0,3.0,0
flow_00.40,107.5,4.0,0
flow_20.15,22.0,2.0,0
flow_00.41,105.5,3.0,0
flow_00.42,102.0,3.0,0
flow_20.16,21.0,2.0,0
flow_30.38,43.0,4.0,0
flow_10.40,108.0,4.0,0
flow_10.41,105.5,3.0,0
flow_30.39,43.0,3.0,0
flow_30.40,39.5,3.0,0
flow_10.42,103.5,3.0,0
flow_00.43,108.0,4.0,0
flow_00.44,106.0,3.0,0
flow_20.17,21.5,2.0,0
flow_00.45,102.5,3.0,0
flow_10.43,107.0,4.0,0
flow_30.41,56.5,4.0,0
flow_10.44,105.5,3.0,0
flow_30.42,56.0,3.0,0
flow_30.43,50.0,3.0,0
flow_10.45,103.0,3.0,0
flow_00.46,107.0,4.0,0
flow_20.18,38.5,4.0,0
flow_00.47,105.5,3.0,0
flow_00.48,102.5,3.0,0
flow_30.44,60.0,4.0,0
flow_10.46,107.5,4.0,0
flow_30.45,56.5,3.0,0
flow_10.47,107.0,3.5,0
flow_30.46,44.0,3.0,0
flow_10.48,103.5,3.0,0
flow_00.49,107.5,4.0,0
flow_20.19,33.5,4.0,0
flow_00.50,105.5,3.0,0
flow_20.20,32.5,3.0,0
flow_00.51,102.5,3.0,0
flow_10.49,107.0,4.0,0
flow_30.47,61.0,4.0,0
flow_10.50,105.0,3.0,0
flow_30.48,55.5,3.0,0
flow_10.51,102.5,3.0,0
flow_30.49,54.5,3.0,0
flow_20.21,25.0,3.0,0
flow_00.52,108.5,4.0,0
flow_00.53,107.0,3.5,0
flow_00.54,103.5,3.0,0
flow_10.52,107.0,4.0,0
flow_30.50,35.0,4.0,0
flow_10.53,106.0,3.0,0
flow_30.51,35.0,3.0,0
flow_10.54,103.0,3.0,0
flow_00.55,107.5,4.0,0
flow_00.56,105.0,3.0,0
flow_00.57,102.0,3.0,0
flow_30.52,27.5,3.5,0
flow_10.55,109.5,4.0,0
flow_10.56,107.0,3.5,0
flow_10.57,103.5,3.0,0
flow_00.58,107.0,4.0,0
flow_20.22,37.0,4.0,0
flow_00.59,105.0,3.0,0
flow_20.23,37.0,3.0,0
flow_00.60,102.0,3.0,0
flow_20.24,25.5,2.5,0
flow_10.58,107.5,4.0,0
flow_30.53,39.0,4.0,0
flow_30.54,31.5,3.5,0
flow_10.59,105.5,3.0,0
flow_30.55,23.5,2.5,0
flow_10.60,102.5,3.0,0
flow_00.61,107.5,4.0,0
flow_00.62,106.0,3.0,0
flow_00.63,102.5,3.0,0
flow_10.61,107.0,4.0,0
flow_30.56,30.0,3.5,0
flow_30.57,23.0,2.5,0
flow_10.62,106.0,3.0,0
flow_30.58,22.0,2.0,0
flow_10.63,103.0,3.0,0
flow_00.64,107.0,4.0,0
flow_20.25,40.5,4.0,0
flow_00.65,106.5,3.0,0
flow_00.66,103.0,3.0,0
flow_30.59,40.0,4.0,0
flow_10.64,108.0,4.0,0
flow_10.65,107.0,3.5,0
flow_30.60,41.0,3.0,0
flow_10.66,103.5,3.0,0
flow_30.61,37.0,3.0,0
flow_00.67,108.0,4.0,0
flow_20.26,37.5,4.0,0
flow_20.27,29.5,3.0,0
flow_00.68,106.5,3.5,0
flow_20.28,25.0,2.5,0
flow_00.69,103.0,3.0,0
flow_30.62,53.0,4.0,0
flow_10.67,107.5,4.0,0
flow_30.63,53.5,3.0,0
flow_10.68,107.0,3.5,0
flow_30.64,52.0,3.0,0
flow_10.69,103.0,3.0,0
flow_20.29,41.0,4.0,0
flow_00.70,108.0,4.0,0
flow_00.71,105.0,3.0,0
flow_20.30,32.0,3.0,0
flow_20.31,31.0,3.0,0
flow_00.72,103.0,3.0,0
flow_30.65,70.0,4.0,0
flow_10.70,108.5,4.0,0
flow_30.66,55.5,3.0,0
flow_10.71,106.5,3.5,0
flow_30.67,40.5,3.0,0
flow_10.72,103.0,3.0,0
flow_20.32,41.5,4.0,0
flow_00.73,108.0,4.0,0
flow_20.33,40.5,3.0,0
flow_00.74,106.0,3.0,0
flow_20.34,38.0,3.0,0
flow_00.75,104.0,3.0,0
flow_10.73,107.5,4.0,0
flow_30.68,58.5,4.0,0
flow_30.69,57.5,3.0,0
flow_10.74,106.0,3.0,0
flow_10.75,103.0,3.0,0
flow_30.70,57.5,3.0,0
flow_00.76,107.0,4.0,0
flow_20.35,31.5,3.5,0
flow_00.77,106.0,3.0,0
flow_20.36,20.5,1.5,0
flow_00.78,102.5,3.0,0
flow_10.76,107.0,4.0,0
flow_30.71,74.0,4.0,0
flow_30.72,73.5,3.0,0
flow_10.77,106.0,3.0,0
flow_10.78,102.5,3.0,0
flow_30.73,73.0,3.0,0
flow_20.37,38.0,4.0,0
flow_00.79,107.5,4.0,0
flow_20.38,38.0,3.0,0
flow_00.80,106.0,3.0,0
flow_00.81,104.0,3.0,0
flow_30.74,89.5,4.0,0
flow_10.79,107.5,4.0,0
flow_10.80,105.0,3.0,0
flow_30.75,89.0,3.0,0
flow_10.81,102.0,3.0,0
flow_30.76,88.0,3.0,0
flow_00.82,107.5,4.0,0
flow_20.39,23.5,2.0,0
flow_00.83,105.5,3.0,0
flow_20.40,22.0,2.0,0
flow_00.84,102.5,3.0,0
flow_10.82,107.0,4.0,0
flow_30.77,105.0,4.0,0
flow_10.83,105.0,3.0,0
flow_30.78,105.5,3.5,0
flow_10.84,102.5,3.0,0
flow_30.79,97.5,3.0,0
flow_00.85,107.0,4.0,0
flow_20.41,35.0,4.0,0
flow_00.86,105.5,3.0,0
flow_20.42,35.0,3.0,0
flow_00.87,102.5,3.0,0
flow_10.85,107.0,4.0,0
flow_30.80,107.0,4.0,0
flow_30.81,105.5,3.0,0
flow_10.86,106.0,3.0,0
flow_10.87,103.0,3.0,0
flow_30.82,87.5,3.0,0
flow_00.88,107.5,4.0,0
flow_20.43,41.5,4.0,0
flow_00.89,105.0,3.0,0
flow_20.44,36.0,3.0,0
flow_00.90,102.0,3.0,0
flow_20.45,23.5,2.5,0
flow_10.88,107.5,4.0,0
flow_30.83,104.0,4.0,0
flow_10.89,106.0,3.0,0
flow_30.84,102.0,3.0,0
flow_30.85,91.5,3.0,0
flow_10.90,103.5,3.0,0
flow_00.91,108.0,4.0,0
flow_20.46,42.0,4.0,0
flow_00.92,106.0,3.0,0
flow_00.93,103.5,3.0,0
flow_10.91,107.5,4.0,0
flow_30.86,107.5,4.0,0
flow_10.92,105.0,3.0,0
flow_30.87,105.5,3.0,0
flow_30.88,102.5,3.0,0
flow_10.93,103.0,3.0,0
flow_00.94,107.0,4.0,0
flow_20.47,26.0,2.5,0
flow_00.95,105.5,3.0,0
flow_00.96,103.5,3.0,0
flow_10.94,107.5,4.0,0
flow_30.89,107.5,4.0,0
flow_10.95,105.0,3.0,0
flow_30.90,103.5,3.0,0
flow_30.91,95.0,3.0,0
flow_10.96,103.5,3.0,0
flow_00.97,107.0,4.0,0
flow_20.48,21.5,2.0,0
flow_00.98,105.5,3.0,0
flow_00.99,103.5,3.0,0
flow_10.97,108.5,4.0,0
flow_30.92,108.5,4.0,0
flow_10.98,106.0,3.0,0
flow_30.93,103.5,3.0,0
flow_10.99,102.5,3.0,0
flow_30.94,102.0,3.0,0
flow_20.49,36.5,4.0,0
flow_00.100,108.0,4.0,0
flow_20.50,23.0,2.0,0
flow_00.101,106.0,3.0,0
flow_00.102,102.5,3.0,0
flow_10.100,107.0,4.0,0
flow_30.95,107.5,4.0,0
flow_10.101,105.0,3.0,0
flow_30.96,105.0,3.0,0
flow_30.97,103.0,3.0,0
flow_10.102,103.5,3.0,0
flow_00.103,107.0,4.0,0
flow_00.104,105.5,3.0,0
flow_00.105,103.5,3.0,0
flow_30.98,107.5,4.0,0
flow_10.103,108.5,4.0,0
flow_30.99,101.0,3.0,0
flow_10.104,106.5,3.5,0
flow_10.105,103.0,3.0,0
flow_30.100,100.5,3.0,0
flow_00.106,107.0,4.0,0
flow_00.107,105.0,3.0,0
flow_00.108,102.5,3.0,0
flow_10.106,107.5,4.0,0
flow_30.101,108.5,4.0,0
flow_30.102,106.5,3.5,0
flow_10.107,107.0,3.5,0
flow_10.108,103.5,3.0,0
flow_30.103,103.5,3.0,0
flow_20.51,21.0,1.5,0
flow_00.109,108.5,4.0,0
flow_00.110,105.5,3.0,0
flow_00.111,103.5,3.0,0
flow_10.109,107.5,4.0,0
flow_30.104,107.5,4.0,0
flow_30.105,105.0,3.0,0
flow_10.110,105.5,3.0,0
flow_10.111,102.5,3.0,0
flow_30.106,103.0,3.0,0
flow_00.112,107.0,4.0,0
flow_20.52,38.0,4.0,0
flow_20.53,36.0,3.0,0
flow_00.113,105.5,3.0,0
flow_00.114,102.0,3.0,0
flow_30.107,107.5,4.0,0
flow_10.112,108.5,4.0,0
flow_30.108,105.5,3.0,0
flow_10.113,106.5,3.5,0
flow_30.109,102.5,3.0,0
flow_10.114,103.5,3.0,0
flow_00.115,108.0,4.0,0
flow_00.116,107.0,3.5,0
flow_00.117,103.5,3.0,0
flow_10.115,107.5,4.0,0
flow_30.110,107.5,4.0,0
flow_10.116,105.0,3.0,0
flow_30.111,105.5,3.0,0
flow_10.117,102.5,3.0,0
flow_30.112,103.0,3.0,0
flow_00.118,107.0,4.0,0
flow_00.119,105.0,3.0,0
flow_00.120,102.5,3.0,0
flow_10.118,107.5,4.0,0
flow_30.113,107.5,4.0,0
flow_10.119,105.0,3.0,0
flow_30.114,105.5,3.0,0
flow_10.120,102.5,3.0,0
flow_30.115,102.5,3.0,0
flow_20.54,30.5,3.5,0
flow_00.121,108.5,4.0,0
flow_00.122,106.5,3.5,0
flow_20.55,20.0,1.5,0
flow_00.123,103.0,3.0,0
flow_30.116,107.5,4.0,0
flow_10.121,108.0,4.0,0
flow_10.122,105.5,3.0,0
flow_30.117,105.5,3.0,0
flow_30.118,102.5,3.0,0
flow_10.123,103.0,3.0,0
flow_00.124,107.5,4.0,0
flow_20.56,39.5,4.0,0
flow_00.125,106.5,3.5,0
flow_20.57,33.5,3.0,0
flow_00.126,103.0,3.0,0
flow_20.58,27.0,3.0,0
flow_30.0,23.5,2.5,0
flow_30.1,23.0,2.0,0
flow_10.0,22.5,2.0,0
flow_30.2,22.0,2.0,0
flow_10.1,22.0,2.0,0
flow_00.0,33.0,4.0,0
flow_20.0,32.0,4.0,0
flow_00.1,26.0,3.0,0
flow_20.1,29.5,3.0,0
flow_00.2,24.5,2.5,0
flow_20.2,25.5,2.5,0
flow_00.3,23.0,2.0,0
flow_20.3,24.5,2.5,0
flow_10.2,38.0,4.0,0
flow_30.3,40.5,4.0,0
flow_10.3,37.0,3.0,0
flow_30.4,39.0,3.0,0
flow_10.4,36.0,3.0,0
flow_30.5,37.5,3.0,0
flow_20.4,39.5,4.0,0
flow_00.4,36.5,4.0,0
flow_00.5,33.0,3.0,0
flow_20.5,40.0,3.0,0
flow_00.6,27.0,3.0,0
flow_20.6,30.5,3.0,0
flow_30.6,54.0,4.0,0
flow_10.5,36.0,4.0,0
flow_10.6,27.5,3.0,0
flow_30.7,53.5,3.0,0
flow_10.7,26.0,2.5,0
flow_30.8,52.0,3.0,0
flow_20.7,47.0,4.0,0
flow_00.7,28.0,3.5,0
flow_00.8,22.0,2.0,0
flow_20.8,47.5,3.0,0
flow_20.9,46.0,3.0,0
flow_00.9,22.5,2.0,0
flow_30.9,70.0,4.0,0
flow_10.8,38.0,4.0,0
flow_30.10,69.0,3.0,0
flow_10.9,37.0,3.0,0
flow_10.10,32.5,3.0,0
flow_30.11,70.0,3.0,0
flow_20.10,63.5,4.0,0
flow_00.10,40.0,4.0,0
flow_20.11,62.5,3.0,0
flow_00.11,39.0,3.0,0
flow_00.12,37.0,3.0,0
flow_20.12,62.0,3.0,0
flow_30.12,84.5,4.0,0
flow_10.11,50.0,4.0,0
flow_30.13,71.5,3.0,0
flow_10.12,50.0,3.0,0
flow_30.14,70.5,3.0,0
flow_10.13,50.0,3.0,0
flow_20.13,79.0,4.0,0
flow_00.13,50.0,4.0,0
flow_20.14,67.5,3.0,0
flow_00.14,49.5,3.0,0
flow_20.15,63.0,3.0,0
flow_00.15,44.5,3.0,0
flow_10.14,66.5,4.0,0
flow_30.15,82.0,4.0,0
flow_30.16,79.0,3.0,0
flow_10.15,65.5,3.0,0
flow_10.16,64.5,3.0,0
flow_30.17,77.0,3.0,0
flow_00.16,62.0,4.0,0
flow_20.16,82.0,4.0,0
flow_00.17,61.0,3.0,0
flow_20.17,80.5,3.0,0
flow_00.18,60.0,3.0,0
flow_20.18,78.0,3.0,0
flow_30.18,92.5,4.0,0
flow_10.17,82.0,4.0,0
flow_30.19,92.0,3.0,0
flow_10.18,81.5,3.0,0
flow_10.19,80.0,3.0,0
flow_30.20,93.0,3.0,0
flow_20.19,95.0,4.0,0
flow_00.19,78.5,4.0,0
flow_00.20,77.5,3.0,0
flow_20.20,71.5,3.5,0
flow_00.21,77.0,3.0,0
flow_20.21,50.0,3.0,0
flow_10.20,97.0,4.0,0
flow_30.21,107.0,4.0,0
flow_30.22,105.5,3.0,0
flow_10.21,87.0,3.0,0
flow_30.23,102.5,3.0,0
flow_10.22,85.0,3.0,0
flow_00.22,93.0,4.0,0
flow_20.22,57.0,4.0,0
flow_00.23,92.5,3.0,0
flow_20.23,56.0,3.0,0
flow_20.24,54.5,3.0,0
flow_00.24,91.5,3.0,0
flow_30.24,107.0,4.0,0
flow_10.23,98.5,4.0,0
flow_30.25,106.0,3.0,0
flow_10.24,92.5,3.5,0
flow_30.26,102.5,3.0,0
flow_10.25,88.0,3.0,0
flow_20.25,72.5,4.0,0
flow_00.25,107.5,4.0,0
flow_00.26,102.5,3.0,0
flow_20.26,68.5,3.0,0
flow_00.27,100.5,3.0,0
flow_20.27,65.5,3.0,0
flow_30.27,107.0,4.0,0
flow_10.26,104.5,4.0,0
flow_30.28,105.0,3.0,0
flow_10.27,103.5,3.0,0
flow_30.29,100.5,3.0,0
flow_10.28,102.0,3.0,0
flow_00.28,107.5,4.0,0
flow_20.28,57.0,4.0,0
flow_00.29,105.0,3.0,0
flow_20.29,56.0,3.0,0
flow_00.30,95.5,3.0,0
flow_20.30,55.0,3.0,0
flow_30.30,105.0,4.0,0
flow_10.29,102.0,4.0,0
flow_30.31,98.5,3.0,0
flow_10.30,96.5,3.0,0
flow_30.32,85.5,3.0,0
flow_10.31,90.0,3.0,0
flow_20.31,72.0,4.0,0
flow_00.31,107.5,4.0,0
flow_00.32,106.0,3.0,0
flow_20.32,70.0,3.0,0
flow_00.33,102.5,3.0,0
flow_20.33,52.0,3.0,0
flow_10.32,102.5,4.0,0
flow_30.33,104.0,4.0,0
flow_30.34,103.0,3.0,0
flow_10.33,103.0,3.5,0
flow_30.35,100.5,3.0,0
flow_10.34,101.0,3.0,0
flow_00.34,107.5,4.0,0
flow_20.34,70.0,4.0,0
flow_00.35,105.5,3.0,0
flow_20.35,68.5,3.0,0
flow_00.36,102.5,3.0,0
flow_20.36,67.5,3.0,0
flow_30.36,107.5,4.0,0
flow_10.35,107.5,4.0,0
flow_30.37,105.5,3.0,0
flow_10.36,106.0,3.0,0
flow_30.38,102.5,3.0,0
flow_10.37,102.5,3.0,0
flow_20.37,79.0,4.0,0
flow_00.37,108.0,4.0,0
flow_20.38,71.0,3.0,0
flow_00.38,105.5,3.0,0
flow_00.39,102.5,3.0,0
flow_20.39,70.0,3.0,0
flow_10.38,107.0,4.0,0
flow_30.39,107.5,4.0,0
flow_30.40,106.0,3.0,0
flow_10.39,106.5,3.0,0
flow_10.40,103.0,3.0,0
flow_30.41,103.0,3.0,0
flow_00.40,108.0,4.0,0
flow_20.40,86.5,4.0,0
flow_20.41,85.5,3.0,0
flow_00.41,106.0,3.0,0
flow_00.42,102.5,3.0,0
flow_20.42,84.5,3.0,0
flow_10.41,107.5,4.0,0
flow_30.42,108.0,4.0,0
flow_10.42,105.5,3.0,0
flow_30.43,105.5,3.0,0
flow_10.43,102.5,3.0,0
flow_30.44,102.5,3.0,0
flow_00.43,107.5,4.0,0
flow_20.43,96.5,4.0,0
flow_00.44,105.0,3.0,0
flow_20.44,96.0,3.0,0
flow_20.45,94.5,3.0,0
flow_00.45,104.5,3.0,0
flow_10.44,107.5,4.0,0
flow_30.45,107.5,4.0,0
flow_10.45,105.5,3.0,0
flow_30.46,106.5,3.0,0
flow_10.46,102.0,3.0,0
flow_30.47,99.5,3.0,0
flow_00.46,107.0,4.0,0
flow_20.46,107.5,4.0,0
flow_00.47,106.0,3.0,0
flow_20.47,106.5,3.0,0
flow_20.48,103.0,3.0,0
flow_00.48,103.5,3.0,0
flow_10.47,107.0,4.0,0
flow_30.48,108.0,4.0,0
flow_10.48,105.5,3.0,0
flow_30.49,106.0,3.0,0
flow_10.49,102.5,3.0,0
flow_30.50,98.0,3.0,0
flow_00.49,107.5,4.0,0
flow_20.49,107.5,4.0,0
flow_20.50,105.0,3.0,0
flow_00.50,105.5,3.0,0
flow_00.51,102.5,3.0,0
flow_20.51,102.5,3.0,0
flow_30.51,107.0,4.0,0
flow_10.50,105.0,4.0,0
flow_30.52,105.0,3.0,0
flow_10.51,105.0,3.0,0
flow_30.53,101.0,3.0,0
flow_10.52,103.0,3.0,0
flow_20.52,107.0,4.0,0
flow_00.52,107.5,4.0,0
flow_00.53,105.0,3.0,0
flow_20.53,106.5,3.0,0
flow_00.54,102.0,3.0,0
flow_20.54,102.5,3.0,0
flow_10.53,107.0,4.0,0
flow_30.54,107.5,4.0,0
flow_10.54,105.0,3.0,0
flow_30.55,105.5,3.0,0
flow_10.55,102.0,3.0,0
flow_30.56,102.5,3.0,0
flow_00.55,107.5,4.0,0
flow_20.55,109.0,4.0,0
flow_20.56,106.0,3.5,0
flow_00.56,106.0,3.0,0
flow_00.57,103.0,3.0,0
flow_20.57,103.5,3.0,0
flow_10.56,107.5,4.0,0
flow_30.57,107.5,4.0,0
flow_10.57,105.5,3.0,0
flow_30.58,105.5,3.0,0
flow_10.58,102.5,3.0,0
flow_30.59,102.5,3.0,0
flow_00.58,107.5,4.0,0
flow_20.58,108.0,4.0,0
flow_20.59,105.5,3.0,0
flow_00.59,108.0,3.5,0
flow_20.60,103.0,3.0,0
flow_00.60,104.5,3.5,0
flow_30.60,107.5,4.0,0
flow_10.59,108.5,4.0,0
flow_10.60,106.0,3.0,0
flow_30.61,107.0,3.5,0
flow_30.62,103.5,3.0,0
flow_10.61,104.0,3.0,0
flow_20.61,107.0,4.0,0
flow_00.61,107.5,4.0,0
flow_20.62,105.0,3.0,0
flow_00.62,106.0,3.0,0
flow_20.63,103.0,3.0,0
flow_00.63,103.0,3.0,0
flow_30.63,108.0,4.0,0
flow_10.62,108.0,4.0,0
flow_30.64,106.0,3.0,0
flow_10.63,106.0,3.0,0
flow_30.65,103.0,3.0,0
flow_10.64,103.0,3.0,0
flow_20.64,107.5,4.0,0
flow_00.64,108.5,4.0,0
flow_20.65,105.0,3.0,0
flow_00.65,105.5,3.0,0
flow_00.66,102.0,3.0,0
flow_20.66,103.5,3.0,0
flow_10.65,107.5,4.0,0
flow_30.66,108.0,4.0,0
flow_30.67,105.5,3.0,0
flow_10.66,105.5,3.0,0
flow_30.68,102.5,3.0,0
flow_10.67,102.5,3.0,0
flow_20.67,107.0,4.0,0
flow_00.67,107.0,4.0,0
flow_00.68,105.5,3.0,0
flow_20.68,105.5,3.0,0
flow_00.69,103.0,3.0,0
flow_20.69,104.0,3.0,0
flow_30.69,107.5,4.0,0
flow_10.68,108.0,4.0,0
flow_30.70,105.5,3.0,0
flow_10.69,105.5,3.0,0
flow_30.71,102.5,3.0,0
flow_10.70,103.0,3.0,0
flow_20.70,107.5,4.0,0
flow_00.70,108.5,4.0,0
flow_20.71,105.5,3.0,0
flow_00.71,106.0,3.0,0
flow_00.72,102.5,3.0,0
flow_20.72,102.5,3.0,0
flow_30.72,107.5,4.0,0
flow_10.71,107.5,4.0,0
flow_30.73,105.0,3.0,0
flow_10.72,106.0,3.0,0
flow_30.74,102.5,3.0,0
flow_10.73,103.0,3.0,0
flow_00.73,107.0,4.0,0
flow_20.73,108.5,4.0,0
flow_00.74,105.5,3.0,0
flow_20.74,106.5,3.5,0
flow_00.75,102.5,3.0,0
flow_20.75,103.0,3.0,0
flow_10.74,108.0,4.0,0
flow_30.75,109.0,4.0,0
flow_10.75,106.0,3.0,0
flow_30.76,107.5,3.5,0
flow_10.76,102.5,3.0,0
flow_30.77,104.0,3.0,0
flow_00.76,107.5,4.0,0
flow_20.76,108.0,4.0,0
flow_00.77,105.5,3.0,0
flow_20.77,106.0,3.0,0
flow_20.78,103.0,3.0,0
flow_00.78,103.0,3.0,0
flow_10.77,107.5,4.0,0
flow_30.78,108.0,4.0,0
flow_10.78,105.5,3.0,0
flow_30.79,106.0,3.0,0
flow_30.80,103.0,3.0,0
flow_10.79,103.5,3.0,0
flow_20.79,107.5,4.0,0
flow_00.79,107.5,4.0,0
flow_20.80,105.5,3.0,0
flow_00.80,106.0,3.0,0
flow_00.81,102.5,3.0,0
flow_20.81,103.0,3.0,0
flow_30.81,107.0,4.0,0
flow_10.80,107.5,4.0,0
flow_30.82,105.0,3.0,0
flow_10.81,106.0,3.0,0
flow_30.83,102.0,3.0,0
flow_10.82,102.5,3.0,0
flow_20.82,107.5,4.0,0
flow_00.82,108.0,4.0,0
flow_20.83,105.0,3.0,0
flow_00.83,105.5,3.0,0
flow_20.84,102.5,3.0,0
flow_00.84,103.0,3.0,0
flow_30.84,107.5,4.0,0
flow_10.83,108.0,4.0,0
flow_30.85,105.5,3.0,0
flow_10.84,106.0,3.0,0
flow_30.86,102.5,3.0,0
flow_10.85,102.5,3.0,0
flow_00.85,107.0,4.0,0
flow_20.85,109.0,4.0,0
flow_00.86,105.0,3.0,0
flow_20.86,106.0,3.0,0
flow_20.87,103.0,3.0,0
flow_00.87,103.0,3.0,0
flow_30.87,107.5,4.0,0
flow_10.86,107.5,4.0,0
flow_30.88,105.0,3.0,0
flow_10.87,105.5,3.0,0
flow_30.89,102.5,3.0,0
flow_10.88,102.5,3.0,0
flow_00.88,107.5,4.0,0
flow_20.88,108.0,4.0,0
flow_20.89,106.0,3.0,0
flow_00.89,106.0,3.0,0
flow_20.90,102.5,3.0,0
flow_00.90,103.0,3.0,0
flow_10.89,107.0,4.0,0
flow_30.90,108.0,4.0,0
flow_30.91,105.5,3.0,0
flow_10.90,105.5,3.0,0
flow_10.91,103.0,3.0,0
flow_30.92,104.0,3.0,0
flow_20.91,107.5,4.0,0
flow_00.91,108.5,4.0,0
flow_00.92,105.5,3.0,0
flow_20.92,105.5,3.0,0
flow_00.93,102.5,3.0,0
flow_20.93,103.0,3.0,0
flow_10.92,107.0,4.0,0
flow_30.93,107.5,4.0,0
flow_30.94,105.5,3.0,0
flow_10.93,105.5,3.0,0
flow_30.95,102.0,3.0,0
flow_10.94,102.5,3.0,0
flow_00.94,108.0,4.0,0
flow_20.94,108.0,4.0,0
flow_00.95,106.0,3.0,0
flow_20.95,106.0,3.0,0
flow_00.96,102.5,3.0,0
flow_20.96,102.5,3.0,0
flow_30.96,107.0,4.0,0
flow_10.95,108.0,4.0,0
flow_30.97,105.0,3.0,0
flow_10.96,105.5,3.0,0
flow_30.98,102.0,3.0,0
flow_10.97,102.5,3.0,0
flow_20.97,107.5,4.0,0
flow_00.97,109.0,4.0,0
flow_00.98,106.0,3.0,0
flow_20.98,106.0,3.0,0
flow_20.99,102.5,3.0,0
flow_00.99,103.0,3.0,0
flow_30.99,107.5,4.0,0
flow_10.98,107.5,4.0,0
flow_30.100,105.0,3.0,0
flow_10.99,105.0,3.0,0
flow_30.101,102.0,3.0,0
flow_10.100,103.0,3.0,0
flow_00.100,107.5,4.0,0
flow_20.100,107.5,4.0,0
flow_20.101,106.0,3.0,0
flow_00.101,106.5,3.5,0
flow_20.102,103.0,3.0,0
flow_00.102,104.0,3.0,0
flow_30.102,107.5,4.0,0
flow_10.101,108.0,4.0,0
flow_10.102,105.0,3.0,0
flow_30.103,105.5,3.0,0
flow_30.104,102.5,3.0,0
flow_10.103,102.5,3.0,0
flow_20.103,107.0,4.0,0
flow_00.103,108.5,4.0,0
flow_20.104,106.0,3.0,0
flow_00.104,106.5,3.5,0
flow_20.105,102.5,3.0,0
flow_00.105,103.0,3.0,0
flow_30.105,108.0,4.0,0
flow_10.104,109.5,4.0,0
flow_30.106,105.5,3.0,0
flow_10.105,106.5,3.5,0
flow_30.107,102.5,3.0,0
flow_10.106,103.0,3.0,0
flow_20.106,107.5,4.0,0
flow_00.106,107.5,4.0,0
flow_00.107,105.5,3.0,0
flow_20.107,106.5,3.0,0
flow_00.108,102.0,3.0,0
flow_20.108,103.0,3.0,0
flow_10.107,107.5,4.0,0
flow_30.108,108.0,4.0,0
flow_10.108,105.5,3.0,0
flow_30.109,106.0,3.0,0
flow_30.110,102.5,3.0,0
flow_10.109,102.5,3.0,0
flow_20.109,107.5,4.0,0
flow_00.109,107.5,4.0,0
flow_20.110,105.5,3.0,0
flow_00.110,105.5,3.0,0
flow_00.111,102.0,3.0,0
flow_20.111,102.5,3.0,0
flow_30.111,107.5,4.0,0
flow_10.110,108.5,4.0,0
flow_30.112,106.0,3.0,0
flow_10.111,106.0,3.0,0
flow_30.113,102.5,3.0,0
flow_10.112,103.5,3.0,0
flow_20.112,108.5,4.0,0
flow_00.112,108.5,4.0,0
flow_00.113,105.5,3.0,0
flow_20.113,106.0,3.0,0
flow_20.114,102.5,3.0,0
flow_00.114,102.5,3.0,0
flow_10.113,107.5,4.0,0
flow_30.114,108.0,4.0,0
flow_10.114,105.0,3.0,0
flow_30.115,105.5,3.0,0
flow_10.115,102.0,3.0,0
flow_30.116,104.0,3.0,0
flow_00.115,107.0,4.0,0
flow_20.115,107.5,4.0,0
flow_20.116,106.0,3.0,0
flow_00.116,106.0,3.0,0
flow_00.117,102.5,3.0,0
flow_20.117,103.0,3.0,0
flow_30.117,107.5,4.0,0
flow_10.116,108.0,4.0,0
flow_30.118,105.5,3.0,0
flow_10.117,105.5,3.0,0
flow_10.118,102.5,3.0,0
flow_30.119,103.0,3.0,0
flow_20.118,107.5,4.0,0
flow_00.118,108.0,4.0,0
flow_20.119,106.0,3.0,0
flow_00.119,106.0,3.0,0
flow_00.120,102.5,3.0,0
flow_20.120,103.5,3.0,0
flow_30.120,107.5,4.0,0
flow_10.119,107.5,4.0,0
flow_10.120,105.0,3.0,0
flow_30.121,105.5,3.0,0
flow_30.122,102.5,3.0,0
flow_10.121,103.0,3.0,0
flow_00.121,107.5,4.0,0
flow_20.121,109.0,4.0,0
flow_00.122,105.5,3.0,0
flow_20.122,106.0,3.0,0
flow_00.123,102.0,3.0,0
flow_20.123,102.5,3.0,0
flow_30.123,107.5,4.0,0
flow_10.122,107.5,4.0,0
flow_30.124,105.5,3.0,0
flow_10.123,106.0,3.0,0
flow_30.125,102.5,3.0,0
flow_10.124,103.0,3.0,0
flow_20.124,107.0,4.0,0
flow_00.124,107.5,4.0,0
flow_20.125,105.5,3.0,0
flow_00.125,106.5,3.5,0
flow_20.126,102.5,3.0,0
flow_00.126,104.5,3.5,0
flow_30.0,21.5,2.0,0
flow_20.0,38.0,4.0,0
flow_20.1,30.5,3.0,0
flow_00.0,21.0,1.5,0
flow_20.2,29.0,3.0,0
flow_20.3,27.0,2.5,0
flow_30.1,21.0,1.5,0
flow_00.1,39.5,4.0,0
flow_20.4,35.0,4.0,0
flow_00.2,39.0,3.0,0
flow_20.5,32.0,3.0,0
flow_20.6,30.5,3.0,0
flow_00.3,36.5,3.0,0
flow_30.2,38.0,4.0,0
flow_10.0,32.0,3.5,0
flow_30.3,26.0,2.5,0
flow_10.1,22.5,2.0,0
flow_20.7,48.5,4.0,0
flow_00.4,54.0,4.0,0
flow_20.8,44.5,3.0,0
flow_00.5,54.0,3.5,0
flow_20.9,44.5,3.0,0
flow_00.6,53.5,3.0,0
flow_30.4,41.5,4.0,0
flow_30.5,32.5,3.0,0
flow_30.6,31.5,3.0,0
flow_00.7,70.0,4.0,0
flow_20.10,61.5,4.0,0
flow_00.8,69.0,3.0,0
flow_20.11,61.0,3.0,0
flow_20.12,60.0,3.0,0
flow_00.9,69.5,3.0,0
flow_30.7,47.5,4.0,0
flow_30.8,42.0,3.0,0
flow_30.9,30.0,3.0,0
flow_20.13,76.5,4.0,0
flow_00.10,86.0,4.0,0
flow_00.11,80.5,3.0,0
flow_20.14,76.0,3.0,0
flow_20.15,75.0,3.0,0
flow_00.12,72.0,3.0,0
flow_30.10,47.5,4.0,0
flow_30.11,41.5,3.0,0
flow_10.2,21.5,2.0,0
flow_20.16,93.0,4.0,0
flow_00.13,82.5,4.0,0
flow_20.17,91.5,3.0,0
flow_00.14,78.5,3.0,0
flow_20.18,89.5,3.0,0
flow_00.15,52.5,3.0,0
flow_10.3,21.0,2.0,0
flow_30.12,34.5,4.0,0
flow_30.13,33.5,3.0,0
flow_30.14,32.0,3.0,0
flow_20.19,106.5,4.0,0
flow_00.16,64.5,4.0,0
flow_00.17,59.0,3.0,0
flow_20.20,104.5,3.0,0
flow_00.18,52.0,3.0,0
flow_20.21,100.0,3.0,0
flow_30.15,49.5,4.0,0
flow_10.4,29.0,3.5,0
flow_10.5,27.5,3.0,0
flow_30.16,49.5,3.0,0
flow_30.17,40.5,3.0,0
flow_20.22,107.5,4.0,0
flow_00.19,70.5,4.0,0
flow_00.20,70.0,3.0,0
flow_20.23,106.5,3.5,0
flow_00.21,68.5,3.0,0
flow_20.24,103.5,3.0,0
flow_30.18,58.5,4.0,0
flow_10.6,37.0,4.0,0
flow_30.19,58.5,3.0,0
flow_30.20,57.5,3.0,0
flow_20.25,107.5,4.0,0
flow_00.22,87.5,4.0,0
flow_20.26,105.5,3.0,0
flow_00.23,86.0,3.5,0
flow_20.27,102.0,3.0,0
flow_00.24,84.5,3.0,0
flow_30.21,74.5,4.0,0
flow_10.7,36.0,4.0,0
flow_30.22,73.5,3.0,0
flow_10.8,21.0,1.5,0
flow_30.23,73.0,3.0,0
flow_20.28,107.0,4.0,0
flow_00.25,99.5,4.0,0
flow_20.29,105.5,3.0,0
flow_00.26,98.0,3.5,0
flow_20.30,102.5,3.0,0
flow_00.27,94.5,3.0,0
flow_30.24,90.0,4.0,0
flow_10.9,36.5,4.0,0
flow_10.10,26.5,2.5,0
flow_30.25,90.0,3.5,0
flow_30.26,88.5,3.0,0
flow_00.28,107.0,4.0,0
flow_20.31,107.5,4.0,0
flow_20.32,105.5,3.0,0
flow_00.29,102.5,3.0,0
flow_20.33,102.5,3.0,0
flow_00.30,101.0,3.0,0
flow_30.27,105.0,4.0,0
flow_10.11,35.0,4.0,0
flow_10.12,27.5,3.0,0
flow_30.28,105.0,3.0,0
flow_30.29,99.0,3.0,0
flow_00.31,107.5,4.0,0
flow_20.34,108.0,4.0,0
flow_20.35,105.5,3.0,0
flow_00.32,105.5,3.0,0
flow_00.33,102.5,3.0,0
flow_20.36,102.5,3.0,0
flow_30.30,106.0,4.0,0
flow_10.13,38.5,4.0,0
flow_30.31,105.5,3.0,0
flow_30.32,103.5,3.0,0
flow_20.37,107.5,4.0,0
flow_00.34,108.5,4.0,0
flow_20.38,105.5,3.0,0
flow_00.35,106.0,3.0,0
flow_20.39,102.0,3.0,0
flow_00.36,102.5,3.0,0
flow_30.33,107.5,4.0,0
flow_10.14,40.5,4.0,0
flow_10.15,30.5,3.5,0
flow_30.34,106.5,3.5,0
flow_30.35,103.0,3.0,0
flow_00.37,107.0,4.0,0
flow_20.40,108.0,4.0,0
flow_00.38,105.5,3.0,0
flow_20.41,106.0,3.0,0
flow_20.42,102.5,3.0,0
flow_00.39,104.5,3.0,0
flow_30.36,108.0,4.0,0
flow_30.37,106.0,3.0,0
flow_30.38,102.5,3.0,0
flow_00.40,107.5,4.0,0
flow_20.43,108.0,4.0,0
flow_20.44,105.0,3.0,0
flow_00.41,106.0,3.0,0
flow_00.42,102.5,3.0,0
flow_20.45,102.5,3.0,0
flow_30.39,108.0,4.0,0
flow_30.40,106.0,3.0,0
flow_30.41,103.0,3.0,0
flow_00.43,107.0,4.0,0
flow_20.46,107.5,4.0,0
flow_00.44,105.5,3.0,0
flow_20.47,105.5,3.0,0
flow_20.48,103.5,3.0,0
flow_00.45,104.0,3.0,0
flow_30.42,107.0,4.0,0
flow_30.43,105.5,3.0,0
flow_30.44,102.5,3.0,0
flow_20.49,107.5,4.0,0
flow_00.46,108.0,4.0,0
flow_00.47,105.5,3.0,0
flow_20.50,106.0,3.0,0
flow_00.48,102.5,3.0,0
flow_20.51,103.0,3.0,0
flow_30.45,107.5,4.0,0
flow_10.16,35.5,4.0,0
flow_30.46,105.5,3.0,0
flow_30.47,103.0,3.0,0
flow_00.49,108.0,4.0,0
flow_20.52,108.0,4.0,0
flow_00.50,105.5,3.0,0
flow_20.53,105.5,3.0,0
flow_00.51,102.0,3.0,0
flow_20.54,102.5,3.0,0
flow_30.48,107.5,4.0,0
flow_30.49,105.0,3.0,0
flow_30.50,102.0,3.0,0
flow_00.52,107.0,4.0,0
flow_20.55,107.5,4.0,0
flow_20.56,105.5,3.0,0
flow_00.53,106.0,3.0,0
flow_00.54,102.5,3.0,0
flow_20.57,102.5,3.0,0
flow_30.51,107.5,4.0,0
flow_10.17,29.5,3.5,0
flow_30.52,105.5,3.0,0
flow_30.53,102.0,3.0,0
flow_10.18,23.0,2.5,0
flow_20.58,107.0,4.0,0
flow_00.55,107.5,4.0,0
flow_20.59,105.0,3.0,0
flow_00.56,105.5,3.0,0
flow_00.57,102.5,3.0,0
flow_20.60,102.5,3.0,0
flow_10.19,21.5,2.0,0
flow_30.54,109.0,4.0,0
flow_30.55,106.5,3.5,0
flow_30.56,102.5,3.0,0
flow_10.20,21.5,2.0,0
flow_20.61,107.0,4.0,0
flow_00.58,107.5,4.0,0
flow_00.59,105.5,3.0,0
flow_20.62,105.5,3.0,0
flow_00.60,102.0,3.0,0
flow_20.63,102.5,3.0,0
flow_30.57,108.0,4.0,0
flow_30.58,105.5,3.0,0
flow_30.59,103.0,3.0,0
flow_20.64,107.0,4.0,0
flow_00.61,108.0,4.0,0
flow_00.62,106.0,3.0,0
flow_20.65,106.0,3.0,0
flow_00.63,102.5,3.0,0
flow_20.66,102.5,3.0,0
flow_10.21,32.0,4.0,0
flow_30.60,107.5,4.0,0
flow_30.61,105.5,3.0,0
flow_10.22,29.0,3.0,0
flow_30.62,102.5,3.0,0
flow_00.64,107.0,4.0,0
flow_20.67,107.5,4.0,0
flow_00.65,106.0,3.0,0
flow_20.68,106.0,3.0,0
flow_20.69,103.0,3.0,0
flow_00.66,103.5,3.0,0
flow_30.63,107.5,4.0,0
flow_30.64,106.0,3.0,0
flow_30.65,102.5,3.0,0
flow_00.67,107.5,4.0,0
flow_20.70,108.0,4.0,0
flow_00.68,105.5,3.0,0
flow_20.71,106.0,3.0,0
flow_00.69,102.0,3.0,0
flow_20.72,102.5,3.0,0
flow_10.23,36.0,4.0,0
flow_30.66,107.5,4.0,0
flow_10.24,28.0,3.0,0
flow_30.67,105.5,3.0,0
flow_30.68,102.5,3.0,0
flow_00.70,107.5,4.0,0
flow_20.73,107.5,4.0,0
flow_00.71,105.5,3.0,0
flow_20.74,105.5,3.0,0
flow_20.75,102.0,3.0,0
flow_00.72,102.5,3.0,0
flow_30.69,107.5,4.0,0
flow_10.25,21.0,1.5,0
flow_30.70,105.5,3.0,0
flow_30.71,102.5,3.0,0
flow_00.73,107.5,4.0,0
flow_20.76,108.5,4.0,0
flow_20.77,105.5,3.0,0
flow_00.74,106.0,3.0,0
flow_00.75,103.5,3.0,0
flow_20.78,103.5,3.0,0
flow_30.72,107.0,4.0,0
flow_10.26,38.5,4.0,0
flow_10.27,25.5,2.5,0
flow_30.73,105.0,3.0,0
flow_30.74,104.0,3.0,0
flow_20.79,107.5,4.0,0
flow_00.76,108.0,4.0,0
flow_00.77,105.5,3.0,0
flow_20.80,106.0,3.0,0
flow_00.78,102.0,3.0,0
flow_20.81,103.0,3.0,0
flow_30.75,108.0,4.0,0
flow_10.28,42.0,4.0,0
flow_30.76,106.0,3.0,0
flow_30.77,102.5,3.0,0
flow_00.79,107.5,4.0,0
flow_20.82,107.5,4.0,0
flow_20.83,105.5,3.0,0
flow_00.80,106.5,3.0,0
flow_00.81,102.5,3.0,0
flow_20.84,102.5,3.0,0
flow_30.78,108.0,4.0,0
flow_10.29,32.5,3.5,0
flow_30.79,105.5,3.0,0
flow_30.80,102.0,3.0,0
flow_00.82,107.5,4.0,0
flow_20.85,107.5,4.0,0
flow_00.83,105.5,3.0,0
flow_20.86,105.5,3.0,0
flow_00.84,102.0,3.0,0
flow_20.87,102.5,3.0,0
flow_30.81,107.5,4.0,0
flow_30.82,105.5,3.0,0
flow_30.83,104.5,3.0,0
flow_00.85,108.0,4.0,0
flow_20.88,108.5,4.0,0
flow_00.86,105.5,3.0,0
flow_20.89,105.5,3.0,0
flow_00.87,102.5,3.0,0
flow_20.90,102.5,3.0,0
flow_10.30,24.5,3.0,0
flow_30.84,108.0,4.0,0
flow_10.31,21.5,2.0,0
flow_30.85,105.5,3.0,0
flow_30.86,102.0,3.0,0
flow_10.32,21.5,2.0,0
flow_20.91,107.5,4.0,0
flow_00.88,108.0,4.0,0
flow_00.89,105.5,3.0,0
flow_20.92,106.0,3.0,0
flow_00.90,102.5,3.0,0
flow_20.93,103.0,3.0,0
flow_30.87,107.0,4.0,0
flow_30.88,105.5,3.0,0
flow_30.89,102.5,3.0,0
flow_00.91,107.0,4.0,0
flow_20.94,107.5,4.0,0
flow_00.92,105.5,3.0,0
flow_20.95,106.0,3.0,0
flow_00.93,102.0,3.0,0
flow_20.96,103.0,3.0,0
flow_30.90,107.0,4.0,0
flow_10.33,22.0,2.0,0
flow_30.91,106.0,3.0,0
flow_30.92,103.0,3.0,0
flow_20.97,107.0,4.0,0
flow_00.94,108.0,4.0,0
flow_00.95,106.0,3.0,0
flow_20.98,106.0,3.0,0
flow_00.96,103.0,3.0,0
flow_20.99,103.0,3.0,0
flow_30.93,107.0,4.0,0
flow_10.34,39.5,4.0,0
flow_30.94,105.5,3.0,0
flow_10.35,21.0,2.0,0
flow_30.95,102.5,3.0,0
flow_00.97,108.0,4.0,0
flow_20.100,108.0,4.0,0
flow_00.98,106.0,3.0,0
flow_20.101,106.0,3.0,0
flow_00.99,103.0,3.0,0
flow_20.102,103.0,3.0,0
flow_30.96,108.0,4.0,0
flow_30.97,106.0,3.0,0
flow_30.98,103.0,3.0,0
flow_00.100,107.5,4.0,0
flow_20.103,108.5,4.0,0
flow_00.101,105.5,3.0,0
flow_20.104,105.5,3.0,0
flow_00.102,102.5,3.0,0
flow_20.105,103.5,3.0,0
flow_30.99,107.5,4.0,0
flow_30.100,105.5,3.0,0
flow_30.101,103.0,3.0,0
flow_00.103,107.5,4.0,0
flow_20.106,107.5,4.0,0
flow_00.104,105.0,3.0,0
flow_20.107,105.0,3.0,0
flow_20.108,101.5,3.0,0
flow_00.105,103.0,3.0,0
flow_10.36,38.5,4.0,0
flow_30.102,107.5,4.0,0
flow_30.103,105.0,3.0,0
flow_10.37,22.0,2.0,0
flow_30.104,103.0,3.0,0
flow_00.106,107.5,4.0,0
flow_20.109,107.5,4.0,0
flow_00.107,105.0,3.0,0
flow_20.110,105.5,3.0,0
flow_00.108,102.5,3.0,0
flow_20.111,102.5,3.0,0
flow_30.105,107.0,4.0,0
flow_10.38,36.5,4.0,0
flow_30.106,106.0,3.0,0
flow_10.39,24.5,2.5,0
flow_30.107,103.0,3.0,0
flow_20.112,107.0,4.0,0
flow_00.109,107.5,4.0,0
flow_00.110,105.5,3.0,0
flow_20.113,106.0,3.0,0
flow_00.111,103.0,3.0,0
flow_20.114,103.0,3.0,0
flow_10.40,28.5,3.5,0
flow_30.108,108.5,4.0,0
flow_30.109,106.0,3.0,0
flow_30.110,102.5,3.0,0
flow_00.112,107.5,4.0,0
flow_20.115,107.5,4.0,0
flow_00.113,106.0,3.0,0
flow_20.116,106.0,3.0,0
flow_00.114,102.5,3.0,0
flow_20.117,103.0,3.0,0
flow_30.111,107.0,4.0,0
flow_30.112,105.5,3.0,0
flow_30.113,103.0,3.0,0
flow_00.115,108.5,4.0,0
flow_20.118,109.0,4.0,0
flow_00.116,106.0,3.0,0
flow_20.119,106.5,3.5,0
flow_00.117,102.5,3.0,0
flow_20.120,103.0,3.0,0
flow_30.114,108.0,4.0,0
flow_30.115,105.5,3.0,0
flow_30.116,102.5,3.0,0
flow_20.121,107.5,4.0,0
flow_00.118,110.5,4.0,0
flow_20.122,106.0,3.0,0
flow_00.119,107.0,3.5,0
flow_20.123,103.0,3.0,0
flow_00.120,103.5,3.0,0
flow_10.41,33.0,4.0,0
flow_30.117,108.0,4.0,0
flow_30.118,105.5,3.0,0
flow_10.42,30.0,3.0,0
flow_30.119,102.5,3.0,0
flow_00.121,107.5,4.0,0
flow_20.124,107.5,4.0,0
flow_00.122,106.0,3.0,0
flow_20.125,106.0,3.0,0
flow_00.123,103.0,3.0,0
flow_20.126,103.0,3.0,0
flow_10.43,25.5,3.0,0
flow_30.0,20.5,1.5,0
flow_00.0,36.0,4.0,0
flow_20.0,38.0,4.0,0
flow_20.1,25.5,2.5,0
flow_00.1,30.0,3.0,0
flow_20.2,23.5,2.0,0
flow_00.2,22.0,2.0,0
flow_30.1,23.0,2.0,0
flow_10.0,33.5,4.0,0
flow_10.1,23.5,2.0,0
flow_00.3,31.5,3.5,0
flow_00.4,29.0,3.0,0
flow_30.2,33.0,4.0,0
flow_10.2,31.0,3.5,0
flow_30.3,33.0,3.0,0
flow_10.3,29.5,3.0,0
flow_30.4,31.5,3.0,0
flow_10.4,28.5,3.0,0
flow_20.3,41.5,4.0,0
flow_00.5,36.5,4.0,0
flow_20.4,36.5,3.0,0
flow_00.6,34.0,3.0,0
flow_20.5,35.5,3.0,0
flow_00.7,33.5,3.0,0
flow_30.5,49.5,4.0,0
flow_10.5,38.5,4.0,0
flow_30.6,49.0,3.0,0
flow_10.6,39.0,3.0,0
flow_10.7,25.5,2.5,0
flow_30.7,48.5,3.0,0
flow_00.8,40.5,4.0,0
flow_00.9,37.0,3.0,0
flow_00.10,32.5,3.0,0
flow_30.8,65.5,4.0,0
flow_10.8,43.0,4.0,0
flow_10.9,42.0,3.0,0
flow_30.9,65.0,3.0,0
flow_30.10,61.0,3.0,0
flow_10.10,41.0,3.0,0
flow_20.6,39.5,4.0,0
flow_00.11,38.5,4.0,0
flow_00.12,37.0,3.0,0
flow_20.7,38.5,3.0,0
flow_00.13,36.5,3.0,0
flow_20.8,38.5,3.0,0
flow_00.14,35.5,3.0,0
flow_30.11,71.5,4.0,0
flow_10.11,54.5,4.0,0
flow_10.12,53.5,3.0,0
flow_30.12,63.5,3.0,0
flow_10.13,53.5,3.0,0
flow_30.13,63.5,3.0,0
flow_00.15,50.0,4.0,0
flow_20.9,56.0,4.0,0
flow_20.10,55.0,3.0,0
flow_00.16,51.0,3.5,0
flow_20.11,52.5,3.0,0
flow_00.17,49.5,3.0,0
flow_30.14,80.0,4.0,0
flow_10.14,61.5,4.0,0
flow_30.15,79.5,3.0,0
flow_10.15,61.0,3.0,0
flow_30.16,78.0,3.0,0
flow_10.16,60.5,3.0,0
flow_20.12,60.5,4.0,0
flow_00.18,65.0,4.0,0
flow_00.19,64.0,3.0,0
flow_20.13,57.0,3.0,0
flow_00.20,55.5,3.0,0
flow_20.14,55.0,3.0,0
flow_30.17,95.5,4.0,0
flow_10.17,71.0,4.0,0
flow_10.18,67.5,3.0,0
flow_30.18,95.0,3.0,0
flow_30.19,87.0,3.0,0
flow_10.19,66.5,3.0,0
flow_00.21,73.0,4.0,0
flow_20.15,72.5,4.0,0
flow_00.22,72.5,3.0,0
flow_20.16,72.5,3.5,0
flow_00.23,61.0,3.0,0
flow_20.17,59.5,3.0,0
flow_10.20,82.5,4.0,0
flow_30.20,94.5,4.0,0
flow_10.21,82.0,3.0,0
flow_30.21,91.5,3.0,0
flow_10.22,81.0,3.0,0
flow_30.22,90.5,3.0,0
flow_20.18,76.5,4.0,0
flow_00.24,61.0,4.0,0
flow_20.19,75.5,3.0,0
flow_00.25,60.0,3.0,0
flow_20.20,75.5,3.0,0
flow_00.26,59.5,3.0,0
flow_30.23,103.0,4.0,0
flow_10.23,98.5,4.0,0
flow_30.24,101.0,3.0,0
flow_10.24,97.5,3.0,0
flow_10.25,77.5,3.0,0
flow_30.25,101.5,3.0,0
flow_00.27,57.5,4.0,0
flow_20.21,93.0,4.0,0
flow_00.28,57.0,3.0,0
flow_20.22,92.0,3.0,0
flow_00.29,55.0,3.0,0
flow_20.23,90.0,3.0,0
flow_30.26,107.0,4.0,0
flow_10.26,90.5,4.0,0
flow_30.27,106.0,3.0,0
flow_10.27,89.5,3.0,0
flow_10.28,88.5,3.0,0
flow_30.28,85.5,3.0,0
flow_20.24,106.5,4.0,0
flow_00.30,44.5,4.0,0
flow_20.25,105.5,3.0,0
flow_00.31,41.0,3.0,0
flow_20.26,102.5,3.0,0
flow_00.32,40.0,3.0,0
flow_10.29,105.0,4.0,0
flow_30.29,102.0,4.0,0
flow_10.30,104.5,3.0,0
flow_30.30,93.0,3.0,0
flow_30.31,92.0,3.0,0
flow_10.31,103.0,3.0,0
flow_20.27,108.5,4.0,0
flow_00.33,49.0,4.0,0
flow_20.28,106.0,3.0,0
flow_00.34,48.0,3.0,0
flow_00.35,44.5,3.0,0
flow_20.29,103.5,3.0,0
flow_30.32,107.0,4.0,0
flow_10.32,108.0,4.0,0
flow_10.33,105.5,3.0,0
flow_30.33,106.0,3.0,0
flow_10.34,102.5,3.0,0
flow_30.34,102.5,3.0,0
flow_20.30,107.5,4.0,0
flow_00.36,62.0,4.0,0
flow_00.37,51.0,3.0,0
flow_20.31,105.5,3.0,0
flow_20.32,102.0,3.0,0
flow_00.38,32.5,3.0,0
flow_10.35,107.5,4.0,0
flow_30.35,107.5,4.0,0
flow_10.36,105.0,3.0,0
flow_30.36,105.5,3.0,0
flow_10.37,102.0,3.0,0
flow_30.37,103.0,3.0,0
flow_20.33,107.5,4.0,0
flow_00.39,49.0,4.0,0
flow_00.40,45.5,3.0,0
flow_20.34,105.5,3.0,0
flow_00.41,45.0,3.0,0
flow_20.35,103.0,3.0,0
flow_10.38,107.5,4.0,0
flow_30.38,108.0,4.0,0
flow_10.39,105.5,3.0,0
flow_30.39,106.0,3.0,0
flow_30.40,102.5,3.0,0
flow_10.40,103.5,3.0,0
flow_20.36,108.0,4.0,0
flow_00.42,63.5,4.0,0
flow_20.37,105.5,3.0,0
flow_00.43,62.5,3.0,0
flow_00.44,60.5,3.0,0
flow_20.38,102.5,3.0,0
flow_10.41,107.0,4.0,0
flow_30.41,107.0,4.0,0
flow_30.42,105.0,3.0,0
flow_10.42,105.5,3.0,0
flow_10.43,102.0,3.0,0
flow_30.43,102.5,3.0,0
flow_00.45,78.0,4.0,0
flow_20.39,108.0,4.0,0
flow_00.46,70.5,3.0,0
flow_20.40,106.0,3.0,0
flow_00.47,69.0,3.0,0
flow_20.41,102.5,3.0,0
flow_10.44,107.0,4.0,0
flow_30.44,107.5,4.0,0
flow_10.45,106.0,3.0,0
flow_30.45,106.0,3.0,0
flow_10.46,102.5,3.0,0
flow_30.46,102.5,3.0,0
flow_00.48,87.0,4.0,0
flow_20.42,108.0,4.0,0
flow_00.49,83.5,3.0,0
flow_20.43,105.5,3.0,0
flow_00.50,83.0,3.0,0
flow_20.44,103.5,3.0,0
flow_10.47,108.0,4.0,0
flow_30.47,108.0,4.0,0
flow_30.48,105.5,3.0,0
flow_10.48,106.0,3.0,0
flow_30.49,102.5,3.0,0
flow_10.49,103.0,3.0,0
flow_20.45,107.5,4.0,0
flow_00.51,100.5,4.0,0
flow_20.46,105.0,3.0,0
flow_00.52,100.5,3.0,0
flow_20.47,102.0,3.0,0
flow_00.53,96.5,3.0,0
flow_10.50,107.0,4.0,0
flow_30.50,107.5,4.0,0
flow_10.51,105.5,3.0,0
flow_30.51,105.5,3.0,0
flow_10.52,102.5,3.0,0
flow_30.52,102.5,3.0,0
flow_20.48,107.5,4.0,0
flow_00.54,107.5,4.0,0
flow_20.49,105.0,3.0,0
flow_00.55,104.0,3.0,0
flow_20.50,102.5,3.0,0
flow_00.56,92.0,3.0,0
flow_30.53,108.0,4.0,0
flow_10.53,109.0,4.0,0
flow_30.54,105.5,3.0,0
flow_10.54,106.0,3.0,0
flow_30.55,102.0,3.0,0
flow_10.55,102.5,3.0,0
flow_20.51,107.0,4.0,0
flow_00.57,103.0,4.0,0
flow_20.52,106.5,3.0,0
flow_00.58,101.0,3.5,0
flow_20.53,103.0,3.0,0
flow_00.59,92.5,3.0,0
flow_30.56,107.5,4.0,0
flow_10.56,109.0,4.0,0
flow_30.57,105.5,3.0,0
flow_10.57,106.5,3.5,0
flow_30.58,102.0,3.0,0
flow_10.58,103.0,3.0,0
flow_00.60,107.5,4.0,0
flow_20.54,108.0,4.0,0
flow_00.61,105.5,3.0,0
flow_20.55,106.0,3.0,0
flow_20.56,102.5,3.0,0
flow_00.62,102.0,3.0,0
flow_10.59,107.5,4.0,0
flow_30.59,108.0,4.0,0
flow_10.60,105.0,3.0,0
flow_30.60,105.5,3.0,0
flow_30.61,102.0,3.0,0
flow_10.61,102.5,3.0,0
flow_20.57,107.0,4.0,0
flow_00.63,107.0,4.0,0
flow_20.58,105.0,3.0,0
flow_00.64,105.5,3.0,0
flow_20.59,102.5,3.0,0
flow_00.65,103.0,3.0,0
flow_30.62,107.0,4.0,0
flow_10.62,107.5,4.0,0
flow_30.63,105.0,3.0,0
flow_10.63,105.5,3.0,0
flow_30.64,102.0,3.0,0
flow_10.64,102.5,3.0,0
flow_20.60,107.0,4.0,0
flow_00.66,107.5,4.0,0
flow_00.67,106.0,3.0,0
flow_20.61,106.5,3.5,0
flow_20.62,103.0,3.0,0
flow_00.68,103.0,3.0,0
flow_30.65,107.0,4.0,0
flow_10.65,107.5,4.0,0
flow_10.66,105.5,3.0,0
flow_30.66,105.5,3.0,0
flow_30.67,102.0,3.0,0
flow_10.67,103.0,3.0,0
flow_20.63,107.0,4.0,0
flow_00.69,108.0,4.0,0
flow_20.64,105.5,3.0,0
flow_00.70,105.5,3.0,0
flow_20.65,102.5,3.0,0
flow_00.71,102.5,3.0,0
flow_10.68,107.0,4.0,0
flow_30.68,107.5,4.0,0
flow_10.69,105.5,3.0,0
flow_30.69,106.5,3.0,0
flow_10.70,103.0,3.0,0
flow_30.70,103.0,3.0,0
flow_20.66,107.5,4.0,0
flow_00.72,107.5,4.0,0
flow_00.73,105.5,3.0,0
flow_20.67,106.5,3.5,0
flow_00.74,102.0,3.0,0
flow_20.68,103.0,3.0,0
flow_10.71,107.0,4.0,0
flow_30.71,107.0,4.0,0
flow_30.72,105.0,3.0,0
flow_10.72,105.5,3.0,0
flow_10.73,102.0,3.0,0
flow_30.73,102.0,3.0,0
flow_20.69,107.5,4.0,0
flow_00.75,107.5,4.0,0
flow_20.70,105.5,3.0,0
flow_00.76,105.5,3.0,0
flow_20.71,102.5,3.0,0
flow_00.77,102.5,3.0,0
flow_10.74,107.5,4.0,0
flow_30.74,107.5,4.0,0
flow_10.75,105.0,3.0,0
flow_30.75,105.5,3.0,0
flow_10.76,102.0,3.0,0
flow_30.76,103.0,3.0,0
flow_20.72,107.0,4.0,0
flow_00.78,107.0,4.0,0
flow_20.73,105.5,3.0,0
flow_00.79,106.5,3.0,0
flow_20.74,103.0,3.0,0
flow_00.80,103.0,3.0,0
flow_30.77,108.0,4.0,0
flow_10.77,108.5,4.0,0
flow_10.78,106.5,3.5,0
flow_30.78,106.5,3.0,0
flow_30.79,102.5,3.0,0
flow_10.79,103.0,3.0,0
flow_20.75,107.5,4.0,0
flow_00.81,108.0,4.0,0
flow_20.76,106.0,3.0,0
flow_00.82,106.5,3.0,0
flow_20.77,102.5,3.0,0
flow_00.83,100.0,3.0,0
flow_10.80,107.0,4.0,0
flow_30.80,108.0,4.0,0
flow_10.81,105.5,3.0,0
flow_30.81,106.0,3.0,0
flow_10.82,102.0,3.0,0
flow_30.82,103.0,3.0,0
flow_00.84,107.0,4.0,0
flow_20.78,108.5,4.0,0
flow_20.79,106.0,3.0,0
flow_00.85,106.0,3.0,0
flow_00.86,103.0,3.0,0
flow_20.80,103.5,3.0,0
flow_10.83,107.5,4.0,0
flow_30.83,109.5,4.0,0
flow_10.84,106.0,3.0,0
flow_30.84,106.5,3.0,0
flow_10.85,102.5,3.0,0
flow_30.85,103.0,3.0,0
flow_00.87,107.0,4.0,0
flow_20.81,107.5,4.0,0
flow_00.88,105.5,3.0,0
flow_20.82,106.0,3.0,0
flow_00.89,102.0,3.0,0
flow_20.83,102.5,3.0,0
flow_30.86,107.0,4.0,0
flow_10.86,110.0,4.0,0
flow_30.87,105.5,3.0,0
flow_10.87,108.0,3.5,0
flow_30.88,104.0,3.0,0
flow_10.88,104.5,3.5,0
flow_00.90,107.5,4.0,0
flow_20.84,108.0,4.0,0
flow_20.85,106.0,3.0,0
flow_00.91,106.0,3.0,0
flow_20.86,102.5,3.0,0
flow_00.92,103.0,3.0,0
flow_10.89,107.0,4.0,0
flow_30.89,107.5,4.0,0
flow_10.90,105.0,3.0,0
flow_30.90,105.5,3.0,0
flow_10.91,102.0,3.0,0
flow_30.91,102.0,3.0,0
flow_20.87,108.0,4.0,0
flow_00.93,108.0,4.0,0
flow_00.94,105.5,3.0,0
flow_20.88,106.0,3.0,0
flow_20.89,103.5,3.0,0
flow_00.95,103.5,3.0,0
flow_10.92,107.5,4.0,0
flow_30.92,107.5,4.0,0
flow_30.93,105.5,3.0,0
flow_10.93,106.0,3.0,0
flow_10.94,103.0,3.0,0
flow_30.94,103.0,3.0,0
flow_20.90,107.5,4.0,0
flow_00.96,107.5,4.0,0
flow_00.97,105.5,3.0,0
flow_20.91,107.0,3.5,0
flow_00.98,102.0,3.0,0
flow_20.92,103.5,3.0,0
flow_30.95,107.0,4.0,0
flow_10.95,107.5,4.0,0
flow_30.96,105.5,3.0,0
flow_10.96,106.0,3.0,0
flow_30.97,102.5,3.0,0
flow_10.97,103.0,3.0,0
flow_20.93,107.5,4.0,0
flow_00.99,108.5,4.0,0
flow_00.100,105.5,3.0,0
flow_20.94,106.0,3.0,0
flow_20.95,102.5,3.0,0
flow_00.101,102.5,3.0,0
flow_30.98,107.0,4.0,0
flow_10.98,107.5,4.0,0
flow_10.99,105.5,3.0,0
flow_30.99,105.5,3.0,0
flow_10.100,103.0,3.0,0
flow_30.100,103.0,3.0,0
flow_20.96,108.0,4.0,0
flow_00.102,108.0,4.0,0
flow_20.97,106.0,3.0,0
flow_00.103,106.0,3.0,0
flow_00.104,102.5,3.0,0
flow_20.98,103.5,3.0,0
flow_10.101,107.5,4.0,0
flow_30.101,107.5,4.0,0
flow_10.102,105.5,3.0,0
flow_30.102,105.5,3.0,0
flow_10.103,102.5,3.0,0
flow_30.103,103.0,3.0,0
flow_00.105,107.5,4.0,0
flow_20.99,109.0,4.0,0
flow_00.106,105.5,3.0,0
flow_20.100,106.0,3.0,0
flow_20.101,102.5,3.0,0
flow_00.107,103.0,3.0,0
flow_30.104,107.0,4.0,0
flow_10.104,108.0,4.0,0
flow_10.105,106.0,3.0,0
flow_30.105,106.0,3.0,0
flow_10.106,102.5,3.0,0
flow_30.106,102.5,3.0,0
flow_20.102,107.5,4.0,0
flow_00.108,107.5,4.0,0
flow_00.109,105.5,3.0,0
flow_20.103,106.0,3.0,0
flow_00.110,103.0,3.0,0
flow_20.104,103.0,3.0,0
flow_10.107,108.0,4.0,0
flow_30.107,108.5,4.0,0
flow_10.108,105.5,3.0,0
flow_30.108,106.0,3.0,0
flow_10.109,103.0,3.0,0
flow_30.109,103.5,3.0,0
flow_00.111,108.0,4.0,0
flow_20.105,108.5,4.0,0
flow_20.106,106.0,3.0,0
flow_00.112,106.5,3.5,0
flow_00.113,102.5,3.0,0
flow_20.107,103.5,3.0,0
flow_10.110,107.5,4.0,0
flow_30.110,108.0,4.0,0
flow_10.111,105.0,3.0,0
flow_30.111,106.0,3.0,0
flow_10.112,103.0,3.0,0
flow_30.112,103.0,3.0,0
flow_20.108,107.5,4.0,0
flow_00.114,107.5,4.0,0
flow_00.115,105.0,3.0,0
flow_20.109,106.0,3.0,0
flow_00.116,102.0,3.0,0
flow_20.110,102.5,3.0,0
flow_10.113,107.0,4.0,0
flow_30.113,107.0,4.0,0
flow_10.114,105.5,3.0,0
flow_30.114,105.5,3.0,0
flow_30.115,102.0,3.0,0
flow_10.115,102.5,3.0,0
flow_20.111,107.5,4.0,0
flow_00.117,108.0,4.0,0
flow_20.112,105.5,3.0,0
flow_00.118,105.5,3.0,0
flow_00.119,102.0,3.0,0
flow_20.113,103.0,3.0,0
flow_10.116,107.5,4.0,0
flow_30.116,107.5,4.0,0
flow_10.117,105.5,3.0,0
flow_30.117,106.5,3.5,0
flow_10.118,102.5,3.0,0
flow_30.118,103.0,3.0,0
flow_20.114,108.0,4.0,0
flow_00.120,108.5,4.0,0
flow_20.115,105.5,3.0,0
flow_00.121,105.5,3.0,0
flow_00.122,102.5,3.0,0
flow_20.116,103.5,3.0,0
flow_10.119,107.5,4.0,0
flow_30.119,108.0,4.0,0
flow_10.120,105.5,3.0,0
flow_30.120,105.5,3.0,0
flow_10.121,102.5,3.0,0
flow_30.121,103.0,3.0,0
flow_00.123,107.0,4.0,0
flow_20.117,107.5,4.0,0
flow_20.118,105.5,3.0,0
flow_00.124,106.5,3.5,0
flow_20.119,102.5,3.0,0
flow_00.125,103.5,3.0,0
flow_10.0,20.5,1.5,0
flow_00.0,21.0,2.0,0
flow_20.0,35.0,4.0,0
flow_00.1,21.5,2.0,0
flow_20.1,32.5,3.0,0
flow_20.2,31.5,3.0,0
flow_00.2,23.0,2.0,0
flow_30.0,30.5,4.0,0
flow_10.1,36.0,4.0,0
flow_30.1,30.0,3.0,0
flow_10.2,36.0,3.0,0
flow_30.2,29.5,3.0,0
flow_10.3,27.0,3.0,0
flow_20.3,48.5,4.0,0
flow_00.3,36.5,4.0,0
flow_20.4,48.5,3.0,0
flow_00.4,21.0,1.5,0
flow_20.5,47.5,3.0,0
flow_10.4,43.5,4.0,0
flow_30.3,40.5,4.0,0
flow_10.5,39.5,3.5,0
flow_30.4,39.0,3.0,0
flow_10.6,31.0,3.0,0
flow_30.5,37.0,3.0,0
flow_20.6,64.5,4.0,0
flow_00.5,41.5,4.0,0
flow_20.7,62.5,3.0,0
flow_00.6,41.0,3.0,0
flow_00.7,39.5,3.0,0
flow_20.8,62.0,3.0,0
flow_30.6,30.5,3.5,0
flow_10.7,50.0,4.0,0
flow_10.8,48.0,3.0,0
flow_30.7,23.5,2.0,0
flow_10.9,45.0,3.0,0
flow_30.8,23.5,2.0,0
flow_00.8,57.5,4.0,0
flow_20.9,80.5,4.0,0
flow_00.9,55.5,3.0,0
flow_20.10,77.5,3.0,0
flow_20.11,76.0,3.0,0
flow_00.10,35.5,3.0,0
flow_10.10,59.5,4.0,0
flow_30.9,39.5,4.0,0
flow_10.11,57.5,3.0,0
flow_30.10,39.0,3.0,0
flow_10.12,56.5,3.0,0
flow_30.11,31.0,3.0,0
flow_00.11,52.0,4.0,0
flow_20.12,81.5,4.0,0
flow_00.12,52.0,3.0,0
flow_20.13,77.0,3.5,0
flow_20.14,66.0,3.0,0
flow_00.13,50.0,3.0,0
flow_30.12,32.5,4.0,0
flow_10.13,65.5,4.0,0
flow_30.13,24.0,2.0,0
flow_10.14,61.5,3.5,0
flow_10.15,58.0,3.0,0
flow_30.14,22.5,2.0,0
flow_20.15,73.5,4.0,0
flow_00.14,63.0,4.0,0
flow_20.16,73.0,3.0,0
flow_00.15,55.0,3.0,0
flow_20.17,70.0,3.0,0
flow_00.16,53.5,3.0,0
flow_30.15,26.0,3.0,0
flow_10.16,72.5,4.0,0
flow_30.16,24.5,2.5,0
flow_10.17,56.5,3.0,0
flow_10.18,51.5,3.0,0
flow_20.18,80.5,4.0,0
flow_00.17,71.0,4.0,0
flow_20.19,76.0,3.0,0
flow_00.18,71.0,3.0,0
flow_20.20,75.0,3.0,0
flow_00.19,70.0,3.0,0
flow_30.17,23.5,2.5,0
flow_10.19,61.5,4.0,0
flow_10.20,61.0,3.0,0
flow_10.21,50.0,3.0,0
flow_20.21,92.0,4.0,0
flow_00.20,86.5,4.0,0
flow_00.21,85.5,3.0,0
flow_20.22,80.5,3.0,0
flow_00.22,85.0,3.0,0
flow_20.23,81.0,3.0,0
flow_10.22,63.5,4.0,0
flow_30.18,41.5,4.0,0
flow_30.19,28.0,3.0,0
flow_10.23,62.5,3.0,0
flow_10.24,61.0,3.0,0
flow_00.23,102.0,4.0,0
flow_20.24,91.5,4.0,0
flow_20.25,83.0,3.0,0
flow_00.24,102.5,3.0,0
flow_20.26,81.5,3.0,0
flow_00.25,101.0,3.0,0
flow_10.25,80.0,4.0,0
flow_10.26,79.0,3.5,0
flow_10.27,77.5,3.0,0
flow_20.27,83.5,4.0,0
flow_00.26,108.0,4.0,0
flow_00.27,105.5,3.0,0
flow_20.28,83.0,3.0,0
flow_00.28,102.0,3.0,0
flow_20.29,82.0,3.0,0
flow_10.28,94.5,4.0,0
flow_30.20,41.5,4.0,0
flow_10.29,94.0,3.0,0
flow_30.21,26.0,2.5,0
flow_30.22,24.5,2.5,0
flow_10.30,92.5,3.0,0
flow_30.23,22.5,2.0,0
flow_00.29,107.5,4.0,0
flow_20.30,100.5,4.0,0
flow_00.30,105.5,3.0,0
flow_20.31,99.5,3.5,0
flow_00.31,102.5,3.0,0
flow_20.32,99.0,3.0,0
flow_30.24,21.0,1.5,0
flow_10.31,107.5,4.0,0
flow_10.32,105.5,3.0,0
flow_10.33,102.5,3.0,0
flow_00.32,108.0,4.0,0
flow_20.33,108.0,4.0,0
flow_00.33,105.5,3.0,0
flow_20.34,106.0,3.0,0
flow_00.34,103.0,3.0,0
flow_20.35,98.0,3.0,0
flow_10.34,107.5,4.0,0
flow_30.25,40.5,4.0,0
flow_10.35,105.0,3.0,0
flow_10.36,102.0,3.0,0
flow_00.35,107.0,4.0,0
flow_20.36,107.5,4.0,0
flow_00.36,105.5,3.0,0
flow_20.37,107.5,3.5,0
flow_00.37,102.5,3.0,0
flow_20.38,104.0,3.0,0
flow_10.37,107.0,4.0,0
flow_30.26,38.5,4.0,0
flow_30.27,37.5,3.0,0
flow_10.38,106.5,3.5,0
flow_30.28,35.5,3.0,0
flow_10.39,103.0,3.0,0
flow_00.38,107.0,4.0,0
flow_20.39,108.0,4.0,0
flow_00.39,105.0,3.0,0
flow_20.40,106.5,3.0,0
flow_00.40,102.0,3.0,0
flow_20.41,104.0,3.0,0
flow_10.40,107.5,4.0,0
flow_30.29,50.0,4.0,0
flow_30.30,25.5,2.5,0
flow_10.41,105.5,3.0,0
flow_30.31,24.0,2.5,0
flow_10.42,102.0,3.0,0
flow_20.42,107.5,4.0,0
flow_00.41,108.0,4.0,0
flow_20.43,106.0,3.0,0
flow_00.42,106.0,3.0,0
flow_00.43,103.0,3.0,0
flow_20.44,103.0,3.0,0
flow_10.43,107.0,4.0,0
flow_30.32,29.0,3.5,0
flow_10.44,106.0,3.0,0
flow_10.45,103.0,3.0,0
flow_00.44,107.5,4.0,0
flow_20.45,108.0,4.0,0
flow_20.46,105.5,3.0,0
flow_00.45,105.5,3.0,0
flow_00.46,102.0,3.0,0
flow_20.47,102.5,3.0,0
flow_10.46,107.0,4.0,0
flow_30.33,33.0,4.0,0
flow_10.47,84.5,3.0,0
flow_30.34,21.0,2.0,0
flow_10.48,83.5,3.0,0
flow_00.47,107.5,4.0,0
flow_20.48,108.0,4.0,0
flow_00.48,105.5,3.0,0
flow_20.49,106.0,3.0,0
flow_00.49,102.5,3.0,0
flow_20.50,102.5,3.0,0
flow_10.49,70.5,4.0,0
flow_30.35,37.0,4.0,0
flow_10.50,70.0,3.0,0
flow_30.36,36.5,3.0,0
flow_10.51,60.0,3.0,0
flow_30.37,32.5,3.0,0
flow_00.50,108.0,4.0,0
flow_20.51,108.5,4.0,0
flow_00.51,106.0,3.0,0
flow_20.52,106.0,3.0,0
flow_20.53,102.5,3.0,0
flow_00.52,103.0,3.0,0
flow_10.52,78.0,4.0,0
flow_30.38,50.0,4.0,0
flow_10.53,74.0,3.0,0
flow_30.39,49.0,3.0,0
flow_30.40,37.0,3.0,0
flow_10.54,73.5,3.0,0
flow_20.54,107.5,4.0,0
flow_00.53,108.0,4.0,0
flow_00.54,105.5,3.0,0
flow_20.55,105.5,3.0,0
flow_20.56,102.0,3.0,0
flow_00.55,103.0,3.0,0
flow_10.55,90.0,4.0,0
flow_30.41,51.5,4.0,0
flow_10.56,89.0,3.0,0
flow_30.42,48.0,3.0,0
flow_10.57,76.0,3.0,0
flow_30.43,47.0,3.0,0
flow_20.57,107.0,4.0,0
flow_00.56,107.5,4.0,0
flow_20.58,105.0,3.0,0
flow_00.57,107.0,3.5,0
flow_20.59,102.0,3.0,0
flow_00.58,103.5,3.0,0
flow_10.58,86.0,4.0,0
flow_30.44,52.5,4.0,0
flow_10.59,83.0,3.0,0
flow_30.45,51.5,3.0,0
flow_10.60,82.5,3.0,0
flow_30.46,45.0,3.0,0
flow_00.59,108.0,4.0,0
flow_20.60,108.0,4.0,0
flow_00.60,105.5,3.0,0
flow_20.61,106.0,3.0,0
flow_00.61,102.5,3.0,0
flow_20.62,102.5,3.0,0
flow_30.47,60.5,4.0,0
flow_10.61,98.0,4.0,0
flow_30.48,60.0,3.0,0
flow_10.62,73.5,3.5,0
flow_30.49,56.5,3.0,0
flow_10.63,67.5,3.0,0
flow_00.62,107.5,4.0,0
flow_20.63,107.5,4.0,0
flow_00.63,105.5,3.0,0
flow_20.64,106.0,3.0,0
flow_20.65,102.5,3.0,0
flow_00.64,103.5,3.0,0
flow_10.64,84.5,4.0,0
flow_30.50,58.5,4.0,0
flow_10.65,83.5,3.0,0
flow_30.51,58.5,3.5,0
flow_10.66,82.5,3.0,0
flow_30.52,52.5,3.0,0
flow_00.65,107.5,4.0,0
flow_20.66,107.5,4.0,0
flow_00.66,105.5,3.0,0
flow_20.67,105.5,3.0,0
flow_00.67,102.5,3.0,0
flow_20.68,103.0,3.0,0
flow_30.53,65.5,4.0,0
flow_10.67,100.5,4.0,0
flow_10.68,99.0,3.0,0
flow_30.54,62.5,3.0,0
flow_10.69,98.0,3.0,0
flow_30.55,62.0,3.0,0
flow_00.68,107.5,4.0,0
flow_20.69,107.5,4.0,0
flow_20.70,105.0,3.0,0
flow_00.69,105.5,3.0,0
flow_00.70,102.5,3.0,0
flow_20.71,103.0,3.0,0
flow_30.56,77.5,4.0,0
flow_10.70,107.5,4.0,0
flow_30.57,66.5,3.0,0
flow_10.71,105.5,3.0,0
flow_30.58,66.0,3.0,0
flow_10.72,103.5,3.0,0
flow_00.71,107.5,4.0,0
flow_20.72,107.5,4.0,0
flow_20.73,105.5,3.0,0
flow_00.72,106.0,3.0,0
flow_00.73,102.5,3.0,0
flow_20.74,103.0,3.0,0
flow_10.73,107.0,4.0,0
flow_30.59,53.5,4.0,0
flow_10.74,105.5,3.0,0
flow_30.60,45.0,3.0,0
flow_10.75,102.5,3.0,0
flow_30.61,43.0,3.0,0
flow_20.75,107.0,4.0,0
flow_00.74,108.0,4.0,0
flow_20.76,105.0,3.0,0
flow_00.75,105.5,3.0,0
flow_00.76,102.0,3.0,0
flow_20.77,103.5,3.0,0
flow_30.62,57.5,4.0,0
flow_10.76,108.5,4.0,0
flow_30.63,56.5,3.0,0
flow_10.77,106.0,3.0,0
flow_10.78,102.5,3.0,0
flow_30.64,30.0,3.0,0
flow_00.77,107.5,4.0,0
flow_20.78,107.5,4.0,0
flow_20.79,105.0,3.0,0
flow_00.78,106.0,3.0,0
flow_20.80,102.5,3.0,0
flow_00.79,103.0,3.0,0
flow_10.79,107.0,4.0,0
flow_30.65,34.0,4.0,0
flow_10.80,105.5,3.0,0
flow_10.81,102.0,3.0,0
flow_30.66,21.5,2.0,0
flow_00.80,107.0,4.0,0
flow_20.81,108.0,4.0,0
flow_00.81,105.0,3.0,0
flow_20.82,107.0,3.5,0
flow_00.82,103.5,3.0,0
flow_20.83,103.5,3.0,0
flow_10.82,107.0,4.0,0
flow_10.83,105.5,3.0,0
flow_30.67,20.5,1.5,0
flow_10.84,102.5,3.0,0
flow_20.84,107.0,4.0,0
flow_00.83,107.5,4.0,0
flow_00.84,105.5,3.0,0
flow_20.85,106.5,3.0,0
flow_00.85,102.5,3.0,0
flow_20.86,103.0,3.0,0
flow_10.85,107.0,4.0,0
flow_30.68,38.0,4.0,0
flow_30.69,27.0,3.0,0
flow_10.86,105.5,3.0,0
flow_10.87,102.5,3.0,0
flow_00.86,107.5,4.0,0
flow_20.87,107.5,4.0,0
flow_00.87,105.5,3.0,0
flow_20.88,105.5,3.0,0
flow_20.89,102.0,3.0,0
flow_00.88,103.5,3.0,0
flow_10.88,107.0,4.0,0
flow_30.70,41.0,4.0,0
flow_10.89,105.0,3.0,0
flow_30.71,40.5,3.0,0
flow_10.90,102.0,3.0,0
flow_30.72,36.5,3.0,0
flow_00.89,107.5,4.0,0
flow_20.90,107.5,4.0,0
flow_20.91,105.0,3.0,0
flow_00.90,106.0,3.0,0
flow_00.91,103.0,3.0,0
flow_20.92,103.0,3.0,0
flow_10.91,107.0,4.0,0
flow_30.73,49.5,4.0,0
flow_30.74,49.0,3.0,0
flow_10.92,107.5,3.5,0
flow_30.75,37.0,3.0,0
flow_10.93,104.0,3.0,0
flow_00.92,107.5,4.0,0
flow_20.93,107.5,4.0,0
flow_20.94,105.0,3.0,0
flow_00.93,106.0,3.0,0
flow_00.94,103.0,3.0,0
flow_20.95,103.5,3.0,0
flow_30.76,41.0,4.0,0
flow_10.94,108.0,4.0,0
flow_10.95,105.5,3.0,0
flow_30.77,41.5,3.0,0
flow_10.96,102.0,3.0,0
flow_30.78,27.0,2.5,0
flow_20.96,107.0,4.0,0
flow_00.95,107.5,4.0,0
flow_00.96,105.5,3.0,0
flow_20.97,106.5,3.0,0
flow_00.97,102.5,3.0,0
flow_20.98,102.5,3.0,0
flow_30.79,43.5,4.0,0
flow_10.97,108.0,4.0,0
flow_10.98,105.5,3.0,0
flow_30.80,39.5,3.5,0
flow_30.81,28.0,3.0,0
flow_10.99,102.5,3.0,0
flow_20.99,107.0,4.0,0
flow_00.98,107.5,4.0,0
flow_00.99,105.5,3.0,0
flow_20.100,106.0,3.0,0
flow_00.100,102.0,3.0,0
flow_20.101,102.5,3.0,0
flow_10.100,107.0,4.0,0
flow_30.82,38.0,4.0,0
flow_10.101,105.0,3.0,0
flow_30.83,27.5,3.0,0
flow_10.102,102.0,3.0,0
flow_00.101,108.0,4.0,0
flow_20.102,108.5,4.0,0
flow_00.102,106.0,3.0,0
flow_20.103,106.0,3.0,0
flow_00.103,102.5,3.0,0
flow_20.104,102.5,3.0,0
flow_10.103,108.5,4.0,0
flow_30.84,42.5,4.0,0
flow_10.104,105.5,3.0,0
flow_30.85,36.5,3.0,0
flow_10.105,102.5,3.0,0
flow_30.86,35.0,3.0,0
flow_00.104,107.0,4.0,0
flow_20.105,107.5,4.0,0
flow_00.105,105.5,3.0,0
flow_20.106,105.5,3.0,0
flow_20.107,102.5,3.0,0
flow_00.106,103.5,3.0,0
flow_30.87,50.5,4.0,0
flow_10.106,107.5,4.0,0
flow_30.88,45.0,3.0,0
flow_10.107,105.5,3.0,0
flow_30.89,44.0,3.0,0
flow_10.108,103.0,3.0,0
flow_00.107,107.0,4.0,0
flow_20.108,108.0,4.0,0
flow_00.108,106.0,3.0,0
flow_20.109,106.0,3.0,0
flow_00.109,103.0,3.0,0
flow_20.110,103.0,3.0,0
flow_30.90,56.0,4.0,0
flow_10.109,107.5,4.0,0
flow_10.110,105.0,3.0,0
flow_30.91,54.0,3.0,0
flow_10.111,102.0,3.0,0
flow_30.92,52.5,3.0,0
flow_00.110,108.0,4.0,0
flow_20.111,108.5,4.0,0
flow_00.111,106.0,3.0,0
flow_20.112,106.5,3.5,0
flow_20.113,103.0,3.0,0
flow_00.112,103.0,3.0,0
flow_10.112,107.0,4.0,0
flow_30.93,62.5,4.0,0
flow_10.113,105.5,3.0,0
flow_30.94,57.5,3.0,0
flow_10.114,102.5,3.0,0
flow_30.95,29.5,3.0,0
flow_00.113,107.5,4.0,0
flow_20.114,108.0,4.0,0
flow_00.114,105.5,3.0,0
flow_20.115,106.0,3.0,0
flow_20.116,102.5,3.0,0
flow_00.115,102.5,3.0,0
flow_30.96,39.0,4.0,0
flow_10.115,109.5,4.0,0
flow_30.97,39.0,3.0,0
flow_10.116,107.0,3.5,0
flow_30.98,26.0,2.5,0
flow_10.117,103.5,3.0,0
flow_20.117,107.5,4.0,0
flow_00.116,107.5,4.0,0
flow_00.117,105.5,3.0,0
flow_20.118,106.0,3.0,0
flow_20.119,103.5,3.0,0
flow_00.118,103.5,3.0,0
flow_30.99,39.5,4.0,0
flow_10.118,108.0,4.0,0
flow_30.100,30.5,3.5,0
flow_10.119,106.0,3.0,0
flow_30.101,26.0,2.5,0
flow_10.120,102.5,3.0,0
flow_20.120,107.0,4.0,0
flow_00.119,108.0,4.0,0
flow_00.120,105.5,3.0,0
flow_20.121,106.0,3.0,0
flow_00.121,102.0,3.0,0
flow_20.122,103.0,3.0,0
flow_30.102,34.5,4.0,0
flow_10.121,107.5,4.0,0
flow_10.122,105.5,3.0,0
flow_30.103,29.5,3.0,0
flow_10.123,102.5,3.0,0
flow_00.122,107.5,4.0,0
flow_20.123,108.5,4.0,0
flow_00.123,105.5,3.0,0
flow_20.124,106.0,3.0,0
flow_20.125,102.5,3.0,0
flow_00.124,102.5,3.0,0
flow_30.0,22.5,2.5,0
flow_10.0,23.0,2.0,0
flow_30.1,22.5,2.0,0
flow_30.2,21.5,1.5,0
flow_10.1,23.0,2.0,0
flow_20.0,31.0,3.5,0
flow_00.0,34.5,4.0,0
flow_20.1,27.5,3.0,0
flow_00.1,33.5,3.0,0
flow_20.2,25.5,2.5,0
flow_20.3,24.0,2.5,0
flow_30.3,34.5,4.0,0
flow_10.2,41.0,4.0,0
flow_30.4,25.0,2.5,0
flow_10.3,40.0,3.0,0
flow_30.5,22.0,2.0,0
flow_10.4,35.5,3.0,0
flow_00.2,37.5,4.0,0
flow_20.4,21.5,2.0,0
flow_00.3,37.5,3.0,0
flow_00.4,27.5,3.0,0
flow_00.5,26.0,3.0,0
flow_10.5,52.5,4.0,0
flow_10.6,52.0,3.0,0
flow_10.7,52.5,3.0,0
flow_20.5,30.0,3.5,0
flow_20.6,27.0,3.0,0
flow_10.8,69.0,4.0,0
flow_30.6,28.5,3.5,0
flow_30.7,27.5,3.0,0
flow_10.9,60.5,3.0,0
flow_10.10,59.0,3.0,0
flow_00.6,38.5,4.0,0
flow_20.7,32.0,4.0,0
flow_20.8,31.0,3.5,0
flow_00.7,35.5,3.0,0
flow_20.9,30.0,3.0,0
flow_00.8,35.5,3.0,0
flow_20.10,29.5,3.0,0
flow_10.11,76.5,4.0,0
flow_30.8,39.5,4.0,0
flow_30.9,36.5,3.0,0
flow_10.12,76.5,3.0,0
flow_10.13,75.0,3.0,0
flow_30.10,35.5,3.0,0
flow_20.11,21.0,2.0,0
flow_00.9,52.0,4.0,0
flow_00.10,36.0,3.0,0
flow_00.11,35.5,3.0,0
flow_10.14,92.0,4.0,0
flow_30.11,47.5,4.0,0
flow_10.15,91.5,3.0,0
flow_30.12,42.5,3.0,0
flow_30.13,42.0,3.0,0
flow_10.16,91.0,3.0,0
flow_20.12,37.0,4.0,0
flow_00.12,53.5,4.0,0
flow_20.13,29.5,3.0,0
flow_00.13,53.0,3.0,0
flow_20.14,26.0,3.0,0
flow_00.14,43.5,3.0,0
flow_20.15,25.0,2.5,0
flow_10.17,101.5,4.0,0
flow_30.14,59.5,4.0,0
flow_10.18,90.5,3.0,0
flow_30.15,57.5,3.0,0
flow_30.16,48.5,3.0,0
flow_10.19,90.5,3.0,0
flow_00.15,61.0,4.0,0
flow_20.16,38.0,4.0,0
flow_00.16,53.5,3.0,0
flow_20.17,38.0,3.0,0
flow_00.17,53.0,3.0,0
flow_20.18,36.5,3.0,0
flow_30.17,66.0,4.0,0
flow_10.20,106.0,4.0,0
flow_10.21,91.5,3.0,0
flow_30.18,66.5,3.0,0
flow_10.22,90.5,3.0,0
flow_30.19,65.5,3.0,0
flow_00.18,70.0,4.0,0
flow_20.19,53.5,4.0,0
flow_20.20,53.0,3.0,0
flow_00.19,70.5,3.0,0
flow_00.20,69.5,3.0,0
flow_20.21,52.5,3.0,0
flow_10.23,106.0,4.0,0
flow_30.20,82.0,4.0,0
flow_10.24,98.0,3.0,0
flow_30.21,81.5,3.0,0
flow_30.22,80.5,3.0,0
flow_10.25,96.5,3.0,0
flow_20.22,68.5,4.0,0
flow_00.21,86.5,4.0,0
flow_20.23,68.5,3.0,0
flow_00.22,78.5,3.0,0
flow_00.23,77.0,3.0,0
flow_20.24,67.5,3.0,0
flow_10.26,105.5,4.0,0
flow_30.23,99.0,4.0,0
flow_10.27,104.5,3.0,0
flow_30.24,97.0,3.0,0
flow_10.28,97.0,3.0,0
flow_30.25,94.0,3.0,0
flow_20.25,84.5,4.0,0
flow_00.24,86.0,4.0,0
flow_20.26,83.5,3.0,0
flow_00.25,85.5,3.0,0
flow_00.26,84.5,3.0,0
flow_20.27,83.5,3.0,0
flow_30.26,107.5,4.0,0
flow_10.29,105.0,4.0,0
flow_30.27,105.0,3.0,0
flow_10.30,104.5,3.0,0
flow_30.28,102.0,3.0,0
flow_10.31,89.0,3.0,0
flow_00.27,102.0,4.0,0
flow_20.28,100.5,4.0,0
flow_20.29,99.5,3.0,0
flow_00.28,102.0,3.5,0
flow_20.30,98.5,3.0,0
flow_00.29,100.5,3.0,0
flow_10.32,102.5,4.0,0
flow_30.29,109.5,4.0,0
flow_30.30,106.5,3.5,0
flow_10.33,104.0,3.5,0
flow_30.31,103.5,3.0,0
flow_10.34,102.0,3.0,0
flow_20.31,107.0,4.0,0
flow_00.30,107.0,4.0,0
flow_00.31,105.0,3.0,0
flow_20.32,106.5,3.5,0
flow_00.32,102.0,3.0,0
flow_20.33,103.5,3.0,0
flow_10.35,107.5,4.0,0
flow_30.32,107.5,4.0,0
flow_10.36,105.5,3.0,0
flow_30.33,105.5,3.0,0
flow_10.37,102.0,3.0,0
flow_30.34,103.5,3.0,0
flow_20.34,108.0,4.0,0
flow_00.33,108.0,4.0,0
flow_00.34,106.5,3.5,0
flow_20.35,96.0,3.5,0
flow_00.35,103.0,3.0,0
flow_20.36,94.5,3.0,0
flow_10.38,108.0,4.0,0
flow_30.35,108.5,4.0,0
flow_10.39,105.5,3.0,0
flow_30.36,105.5,3.0,0
flow_10.40,102.5,3.0,0
flow_30.37,103.0,3.0,0
flow_00.36,107.5,4.0,0
flow_20.37,107.0,4.0,0
flow_00.37,105.5,3.0,0
flow_20.38,105.5,3.0,0
flow_00.38,102.0,3.0,0
flow_20.39,104.0,3.0,0
flow_10.41,107.0,4.0,0
flow_30.38,107.5,4.0,0
flow_30.39,105.5,3.0,0
flow_10.42,106.0,3.0,0
flow_30.40,102.5,3.0,0
flow_10.43,103.0,3.0,0
flow_20.40,107.5,4.0,0
flow_00.39,109.0,4.0,0
flow_20.41,105.5,3.0,0
flow_00.40,106.0,3.0,0
flow_20.42,102.5,3.0,0
flow_00.41,103.0,3.0,0
flow_10.44,107.0,4.0,0
flow_30.41,107.5,4.0,0
flow_30.42,105.5,3.0,0
flow_10.45,106.0,3.0,0
flow_10.46,102.5,3.0,0
flow_30.43,103.0,3.0,0
flow_00.42,107.5,4.0,0
flow_20.43,107.5,4.0,0
flow_20.44,105.5,3.0,0
flow_00.43,106.5,3.0,0
flow_00.44,102.5,3.0,0
flow_20.45,103.0,3.0,0
flow_30.44,107.5,4.0,0
flow_10.47,108.0,4.0,0
flow_10.48,106.0,3.0,0
flow_30.45,106.0,3.0,0
flow_30.46,102.5,3.0,0
flow_10.49,103.5,3.0,0
flow_00.45,107.5,4.0,0
flow_20.46,108.0,4.0,0
flow_00.46,105.0,3.0,0
flow_20.47,105.5,3.0,0
flow_00.47,102.0,3.0,0
flow_20.48,102.5,3.0,0
flow_30.47,107.0,4.0,0
flow_10.50,108.0,4.0,0
flow_30.48,105.0,3.0,0
flow_10.51,105.5,3.0,0
flow_30.49,102.0,3.0,0
flow_10.52,103.0,3.0,0
flow_20.49,107.0,4.0,0
flow_00.48,107.5,4.0,0
flow_00.49,105.0,3.0,0
flow_20.50,105.5,3.0,0
flow_20.51,103.0,3.0,0
flow_00.50,103.0,3.0,0
flow_10.53,107.0,4.0,0
flow_30.50,107.5,4.0,0
flow_10.54,105.0,3.0,0
flow_30.51,105.5,3.0,0
flow_30.52,102.5,3.0,0
flow_10.55,102.5,3.0,0
flow_20.52,107.5,4.0,0
flow_00.51,108.0,4.0,0
flow_20.53,105.5,3.0,0
flow_00.52,105.5,3.0,0
flow_20.54,102.5,3.0,0
flow_00.53,103.0,3.0,0
flow_30.53,107.0,4.0,0
flow_10.56,107.5,4.0,0
flow_30.54,106.0,3.0,0
flow_10.57,106.0,3.0,0
flow_30.55,103.0,3.0,0
flow_10.58,103.0,3.0,0
flow_20.55,107.5,4.0,0
flow_00.54,107.5,4.0,0
flow_00.55,105.5,3.0,0
flow_20.56,106.5,3.5,0
flow_00.56,102.5,3.0,0
flow_20.57,104.0,3.0,0
flow_30.56,107.5,4.0,0
flow_10.59,107.5,4.0,0
flow_30.57,105.5,3.0,0
flow_10.60,105.5,3.0,0
flow_30.58,102.0,3.0,0
flow_10.61,103.5,3.0,0
flow_00.57,107.0,4.0,0
flow_20.58,108.0,4.0,0
flow_00.58,105.0,3.0,0
flow_20.59,106.0,3.0,0
flow_00.59,102.0,3.0,0
flow_20.60,102.5,3.0,0
flow_30.59,107.5,4.0,0
flow_10.62,107.5,4.0,0
flow_10.63,105.5,3.0,0
flow_30.60,106.0,3.0,0
flow_10.64,102.0,3.0,0
flow_30.61,103.5,3.0,0
flow_00.60,107.0,4.0,0
flow_20.61,107.5,4.0,0
flow_00.61,105.5,3.0,0
flow_20.62,107.5,3.5,0
flow_00.62,102.5,3.0,0
flow_20.63,104.0,3.0,0
flow_10.65,107.0,4.0,0
flow_30.62,107.5,4.0,0
flow_30.63,106.0,3.0,0
flow_10.66,107.0,3.5,0
flow_30.64,103.0,3.0,0
flow_10.67,103.5,3.0,0
flow_20.64,107.5,4.0,0
flow_00.63,107.5,4.0,0
flow_20.65,105.5,3.0,0
flow_00.64,105.5,3.0,0
flow_00.65,103.0,3.0,0
flow_20.66,103.5,3.0,0
flow_10.68,107.0,4.0,0
flow_30.65,108.5,4.0,0
flow_30.66,105.5,3.0,0
flow_10.69,106.0,3.0,0
flow_10.70,102.5,3.0,0
flow_30.67,102.5,3.0,0
flow_00.66,108.0,4.0,0
flow_20.67,108.0,4.0,0
flow_20.68,105.5,3.0,0
flow_00.67,106.0,3.0,0
flow_00.68,103.0,3.0,0
flow_20.69,103.0,3.0,0
flow_10.71,107.5,4.0,0
flow_30.68,107.5,4.0,0
flow_10.72,105.0,3.0,0
flow_30.69,106.0,3.0,0
flow_10.73,103.0,3.0,0
flow_30.70,103.5,3.0,0
flow_20.70,107.0,4.0,0
flow_00.69,108.0,4.0,0
flow_20.71,105.5,3.0,0
flow_00.70,106.0,3.0,0
flow_20.72,102.0,3.0,0
flow_00.71,102.5,3.0,0
flow_10.74,107.0,4.0,0
flow_30.71,107.5,4.0,0
flow_10.75,106.0,3.0,0
flow_30.72,107.0,3.5,0
flow_10.76,103.0,3.0,0
flow_30.73,103.0,3.0,0
flow_00.72,107.5,4.0,0
flow_20.73,108.0,4.0,0
flow_00.73,105.0,3.0,0
flow_20.74,105.5,3.0,0
flow_00.74,102.5,3.0,0
flow_20.75,103.0,3.0,0
flow_30.74,107.5,4.0,0
flow_10.77,108.0,4.0,0
flow_10.78,105.5,3.0,0
flow_30.75,106.0,3.0,0
flow_10.79,102.5,3.0,0
flow_30.76,103.0,3.0,0
flow_20.76,107.5,4.0,0
flow_00.75,108.5,4.0,0
flow_20.77,105.5,3.0,0
flow_00.76,106.0,3.0,0
flow_20.78,102.0,3.0,0
flow_00.77,102.5,3.0,0
flow_10.80,107.0,4.0,0
flow_30.77,107.5,4.0,0
flow_30.78,105.0,3.0,0
flow_10.81,106.0,3.0,0
flow_10.82,103.0,3.0,0
flow_30.79,103.0,3.0,0
flow_00.78,107.0,4.0,0
flow_20.79,107.5,4.0,0
flow_00.79,105.5,3.0,0
flow_20.80,105.5,3.0,0
flow_00.80,103.5,3.0,0
flow_20.81,103.5,3.0,0
flow_10.83,108.0,4.0,0
flow_30.80,108.0,4.0,0
flow_30.81,105.5,3.0,0
flow_10.84,106.5,3.5,0
flow_10.85,103.0,3.0,0
flow_30.82,103.0,3.0,0
flow_00.81,108.0,4.0,0
flow_20.82,108.5,4.0,0
flow_00.82,105.5,3.0,0
flow_20.83,106.0,3.0,0
flow_20.84,102.5,3.0,0
flow_00.83,103.0,3.0,0
flow_30.83,107.0,4.0,0
flow_10.86,107.5,4.0,0
flow_10.87,105.5,3.0,0
flow_30.84,105.5,3.0,0
flow_10.88,102.5,3.0,0
flow_30.85,102.5,3.0,0
flow_00.84,107.5,4.0,0
flow_20.85,108.0,4.0,0
flow_00.85,106.0,3.0,0
flow_20.86,106.0,3.0,0
flow_00.86,103.0,3.0,0
flow_20.87,103.5,3.0,0
flow_10.89,107.0,4.0,0
flow_30.86,107.0,4.0,0
flow_30.87,105.5,3.0,0
flow_10.90,106.0,3.0,0
flow_30.88,102.0,3.0,0
flow_10.91,102.5,3.0,0
flow_20.88,107.5,4.0,0
flow_00.87,108.5,4.0,0
flow_00.88,105.5,3.0,0
flow_20.89,106.0,3.0,0
flow_00.89,102.0,3.0,0
flow_20.90,102.5,3.0,0
flow_30.89,108.0,4.0,0
flow_10.92,110.0,4.0,0
flow_30.90,106.0,3.0,0
flow_10.93,107.0,3.5,0
flow_30.91,102.5,3.0,0
flow_10.94,103.5,3.0,0
flow_00.90,107.0,4.0,0
flow_20.91,107.5,4.0,0
flow_20.92,105.0,3.0,0
flow_00.91,105.5,3.0,0
flow_00.92,102.5,3.0,0
flow_20.93,103.0,3.0,0
flow_30.92,107.0,4.0,0
flow_10.95,107.5,4.0,0
flow_10.96,105.0,3.0,0
flow_30.93,105.5,3.0,0
flow_10.97,103.0,3.0,0
flow_30.94,103.0,3.0,0
flow_00.93,107.5,4.0,0
flow_20.94,108.0,4.0,0
flow_20.95,106.0,3.0,0
flow_00.94,106.5,3.0,0
flow_00.95,103.0,3.0,0
flow_20.96,103.5,3.0,0
flow_10.98,107.5,4.0,0
flow_30.95,108.0,4.0,0
flow_10.99,106.5,3.0,0
flow_30.96,107.5,3.5,0
flow_10.100,103.0,3.0,0
flow_30.97,104.0,3.0,0
flow_00.96,107.0,4.0,0
flow_20.97,108.5,4.0,0
flow_20.98,105.5,3.0,0
flow_00.97,106.0,3.0,0
flow_00.98,102.5,3.0,0
flow_20.99,102.5,3.0,0
flow_30.98,107.0,4.0,0
flow_10.101,107.5,4.0,0
flow_30.99,105.0,3.0,0
flow_10.102,105.5,3.0,0
flow_30.100,102.5,3.0,0
flow_10.103,103.5,3.0,0
flow_20.100,108.0,4.0,0
flow_00.99,108.0,4.0,0
flow_00.100,106.0,3.0,0
flow_20.101,106.5,3.5,0
flow_00.101,103.0,3.0,0
flow_20.102,103.5,3.0,0
flow_30.101,107.0,4.0,0
flow_10.104,108.0,4.0,0
flow_10.105,106.0,3.0,0
flow_30.102,106.0,3.0,0
flow_10.106,102.5,3.0,0
flow_30.103,103.5,3.0,0
flow_20.103,107.5,4.0,0
flow_00.102,107.5,4.0,0
flow_00.103,105.0,3.0,0
flow_20.104,106.5,3.0,0
flow_00.104,103.0,3.0,0
flow_20.105,103.5,3.0,0
flow_30.104,108.0,4.0,0
flow_10.107,108.5,4.0,0
flow_30.105,105.5,3.0,0
flow_10.108,106.5,3.5,0
flow_30.106,102.0,3.0,0
flow_10.109,103.0,3.0,0
flow_20.106,107.0,4.0,0
flow_00.105,109.5,4.0,0
flow_00.106,106.5,3.5,0
flow_20.107,107.0,3.5,0
flow_20.108,103.0,3.0,0
flow_00.107,103.5,3.0,0
flow_30.107,107.0,4.0,0
flow_10.110,107.5,4.0,0
flow_10.111,105.5,3.0,0
flow_30.108,105.5,3.0,0
flow_30.109,102.5,3.0,0
flow_10.112,103.0,3.0,0
flow_00.108,107.5,4.0,0
flow_20.109,108.0,4.0,0
flow_00.109,105.0,3.0,0
flow_20.110,106.5,3.5,0
flow_00.110,103.5,3.0,0
flow_20.111,104.0,3.0,0
flow_30.110,107.0,4.0,0
flow_10.113,108.0,4.0,0
flow_10.114,105.5,3.0,0
flow_30.111,105.5,3.0,0
flow_30.112,102.0,3.0,0
flow_10.115,102.5,3.0,0
flow_00.111,107.5,4.0,0
flow_20.112,108.5,4.0,0
flow_00.112,105.5,3.0,0
flow_20.113,106.5,3.5,0
flow_00.113,102.5,3.0,0
flow_20.114,103.5,3.0,0
flow_10.116,107.0,4.0,0
flow_30.113,107.5,4.0,0
flow_10.117,105.0,3.0,0
flow_30.114,105.5,3.0,0
flow_10.118,102.5,3.0,0
flow_30.115,103.0,3.0,0
flow_00.114,107.5,4.0,0
flow_20.115,108.5,4.0,0
flow_20.116,106.0,3.0,0
flow_00.115,106.0,3.0,0
flow_00.116,103.0,3.0,0
flow_20.117,103.5,3.0,0
flow_10.119,107.0,4.0,0
flow_30.116,107.0,4.0,0
flow_30.117,105.5,3.0,0
flow_10.120,107.0,3.5,0
flow_30.118,102.5,3.0,0
flow_10.121,103.5,3.0,0
flow_20.118,107.0,4.0,0
flow_00.117,107.5,4.0,0
flow_20.119,105.0,3.0,0
flow_00.118,105.5,3.0,0
flow_20.120,102.0,3.0,0
flow_00.119,102.0,3.0,0
flow_10.122,107.5,4.0,0
flow_30.119,108.0,4.0,0
flow_10.123,105.5,3.0,0
flow_30.120,105.5,3.0,0
flow_10.124,102.5,3.0,0
flow_30.121,103.5,3.0,0
flow_20.121,107.5,4.0,0
flow_00.120,107.5,4.0,0
flow_20.122,105.0,3.0,0
flow_00.121,105.5,3.0,0
flow_20.123,102.5,3.0,0
flow_00.122,103.5,3.0,0
flow_10.0,21.0,2.0,0
flow_10.1,22.0,2.0,0
flow_30.0,22.5,2.0,0
flow_00.0,37.0,4.0,0
flow_20.0,36.5,4.0,0
flow_00.1,30.0,3.0,0
flow_20.1,34.0,3.0,0
flow_20.2,32.0,3.0,0
flow_00.2,29.0,3.0,0
flow_30.1,40.0,4.0,0
flow_10.2,37.0,4.0,0
flow_30.2,39.5,3.0,0
flow_10.3,36.0,3.0,0
flow_10.4,28.0,3.0,0
flow_30.3,36.0,3.0,0
flow_20.3,33.0,4.0,0
flow_00.3,39.5,4.0,0
flow_20.4,33.0,3.5,0
flow_20.5,31.0,3.0,0
flow_00.4,25.5,2.5,0
flow_10.5,45.5,4.0,0
flow_30.4,50.0,4.0,0
flow_30.5,49.0,3.0,0
flow_10.6,41.0,3.5,0
flow_30.6,47.5,3.0,0
flow_10.7,24.0,2.5,0
flow_20.6,48.5,4.0,0
flow_20.7,45.5,3.0,0
flow_20.8,45.5,3.0,0
flow_30.7,58.0,4.0,0
flow_10.8,42.0,4.0,0
flow_10.9,38.5,3.0,0
flow_30.8,58.5,3.5,0
flow_30.9,55.5,3.0,0
flow_10.10,30.5,3.0,0
flow_20.9,63.5,4.0,0
flow_20.10,62.0,3.0,0
flow_20.11,61.0,3.0,0
flow_30.10,56.5,4.0,0
flow_10.11,46.0,4.0,0
flow_30.11,54.0,3.0,0
flow_10.12,46.0,3.0,0
flow_30.12,52.5,3.0,0
flow_10.13,45.0,3.0,0
flow_00.5,24.5,2.5,0
flow_20.12,78.5,4.0,0
flow_20.13,78.0,3.0,0
flow_20.14,76.5,3.0,0
flow_10.14,54.0,4.0,0
flow_30.13,72.0,4.0,0
flow_10.15,54.0,3.0,0
flow_30.14,70.5,3.5,0
flow_10.16,43.0,3.0,0
flow_30.15,69.0,3.0,0
flow_20.15,93.5,4.0,0
flow_00.6,37.0,4.0,0
flow_20.16,92.5,3.0,0
flow_00.7,22.5,2.0,0
flow_20.17,92.0,3.0,0
flow_30.16,86.0,4.0,0
flow_10.17,60.0,4.0,0
flow_30.17,85.0,3.0,0
flow_10.18,59.0,3.0,0
flow_30.18,84.0,3.0,0
flow_10.19,40.5,3.0,0
flow_00.8,23.0,2.0,0
flow_20.18,107.5,4.0,0
flow_00.9,22.0,2.0,0
flow_20.19,105.5,3.0,0
flow_20.20,87.0,3.0,0
flow_30.19,102.0,4.0,0
flow_10.20,58.0,4.0,0
flow_10.21,57.0,3.0,0
flow_30.20,101.0,3.0,0
flow_10.22,55.0,3.0,0
flow_30.21,99.5,3.0,0
flow_20.21,94.5,4.0,0
flow_20.22,84.5,3.0,0
flow_00.10,21.5,2.0,0
flow_20.23,83.0,3.0,0
flow_10.23,58.5,4.0,0
flow_30.22,108.5,4.0,0
flow_30.23,105.5,3.0,0
flow_10.24,58.0,3.0,0
flow_30.24,102.5,3.0,0
flow_10.25,57.0,3.0,0
flow_20.24,99.5,4.0,0
flow_00.11,39.5,4.0,0
flow_20.25,93.0,3.0,0
flow_20.26,92.0,3.0,0
flow_30.25,107.5,4.0,0
flow_10.26,75.0,4.0,0
flow_30.26,105.5,3.0,0
flow_10.27,44.0,3.0,0
flow_10.28,40.0,3.0,0
flow_30.27,103.0,3.0,0
flow_20.27,107.5,4.0,0
flow_00.12,38.0,4.0,0
flow_00.13,21.5,2.0,0
flow_20.28,106.5,3.5,0
flow_20.29,103.0,3.0,0
flow_30.28,107.0,4.0,0
flow_10.29,57.5,4.0,0
flow_30.29,105.0,3.0,0
flow_10.30,56.0,3.0,0
flow_30.30,102.5,3.0,0
flow_10.31,55.5,3.0,0
flow_00.14,24.0,2.5,0
flow_20.30,107.5,4.0,0
flow_20.31,105.0,3.0,0
flow_20.32,102.0,3.0,0
flow_10.32,70.0,4.0,0
flow_30.31,107.5,4.0,0
flow_30.32,105.5,3.0,0
flow_10.33,70.0,3.0,0
flow_30.33,102.0,3.0,0
flow_10.34,58.5,3.0,0
flow_20.33,107.0,4.0,0
flow_00.15,39.0,4.0,0
flow_00.16,37.5,3.0,0
flow_20.34,106.0,3.0,0
flow_20.35,103.0,3.0,0
flow_00.17,23.5,2.0,0
flow_30.34,107.5,4.0,0
flow_10.35,61.5,4.0,0
flow_30.35,105.5,3.0,0
flow_10.36,58.0,3.0,0
flow_30.36,103.0,3.0,0
flow_10.37,54.0,3.0,0
flow_20.36,107.5,4.0,0
flow_00.18,39.0,4.0,0
flow_20.37,105.0,3.0,0
flow_20.38,102.5,3.0,0
flow_30.37,107.5,4.0,0
flow_10.38,70.0,4.0,0
flow_30.38,105.5,3.0,0
flow_10.39,65.5,3.5,0
flow_30.39,103.5,3.0,0
flow_10.40,64.0,3.0,0
flow_20.39,107.5,4.0,0
flow_00.19,35.0,4.0,0
flow_20.40,105.0,3.0,0
flow_00.20,34.5,3.0,0
flow_20.41,102.0,3.0,0
flow_00.21,33.5,3.0,0
flow_30.40,107.5,4.0,0
flow_10.41,58.5,4.0,0
flow_30.41,105.5,3.0,0
flow_10.42,55.0,3.0,0
flow_10.43,54.0,3.0,0
flow_30.42,103.0,3.0,0
flow_20.42,107.0,4.0,0
flow_00.22,49.5,4.0,0
flow_20.43,105.5,3.0,0
flow_00.23,48.5,3.0,0
flow_00.24,48.0,3.0,0
flow_20.44,103.5,3.0,0
flow_30.43,107.0,4.0,0
flow_10.44,70.0,4.0,0
flow_30.44,105.5,3.0,0
flow_10.45,68.0,3.0,0
flow_10.46,67.5,3.0,0
flow_30.45,104.0,3.0,0
flow_20.45,107.5,4.0,0
flow_00.25,59.5,4.0,0
flow_20.46,105.5,3.0,0
flow_00.26,57.5,3.0,0
flow_00.27,42.0,3.0,0
flow_20.47,103.0,3.0,0
flow_30.46,107.5,4.0,0
flow_10.47,84.5,4.0,0
flow_30.47,105.0,3.0,0
flow_10.48,84.0,3.0,0
flow_30.48,102.0,3.0,0
flow_10.49,84.5,3.0,0
flow_20.48,107.5,4.0,0
flow_00.28,49.0,4.0,0
flow_20.49,105.0,3.0,0
flow_00.29,27.0,2.5,0
flow_20.50,102.5,3.0,0
flow_30.49,107.0,4.0,0
flow_10.50,100.5,4.0,0
flow_30.50,105.5,3.0,0
flow_10.51,100.0,3.0,0
flow_30.51,102.5,3.0,0
flow_10.52,97.0,3.0,0
flow_20.51,108.5,4.0,0
flow_20.52,105.5,3.0,0
flow_20.53,103.0,3.0,0
flow_30.52,107.5,4.0,0
flow_10.53,107.5,4.0,0
flow_10.54,105.5,3.0,0
flow_30.53,106.0,3.0,0
flow_10.55,102.0,3.0,0
flow_30.54,102.5,3.0,0
flow_00.30,41.5,4.0,0
flow_20.54,108.0,4.0,0
flow_20.55,106.0,3.0,0
flow_00.31,33.0,3.0,0
flow_00.32,31.0,3.0,0
flow_20.56,103.0,3.0,0
flow_30.55,107.0,4.0,0
flow_10.56,107.5,4.0,0
flow_30.56,105.5,3.0,0
flow_10.57,106.0,3.0,0
flow_30.57,102.0,3.0,0
flow_10.58,102.5,3.0,0
flow_00.33,22.0,2.0,0
flow_20.57,107.0,4.0,0
flow_00.34,21.5,2.0,0
flow_20.58,105.5,3.0,0
flow_20.59,103.0,3.0,0
flow_30.58,107.5,4.0,0
flow_10.59,107.5,4.0,0
flow_30.59,106.0,3.0,0
flow_10.60,106.0,3.0,0
flow_30.60,102.5,3.0,0
flow_10.61,102.5,3.0,0
flow_20.60,109.0,4.0,0
flow_20.61,106.0,3.0,0
flow_20.62,102.5,3.0,0
flow_30.61,108.0,4.0,0
flow_10.62,108.0,4.0,0
flow_30.62,105.5,3.0,0
flow_10.63,106.0,3.0,0
flow_10.64,102.0,3.0,0
flow_30.63,102.5,3.0,0
flow_20.63,108.0,4.0,0
flow_20.64,105.5,3.0,0
flow_20.65,102.0,3.0,0
flow_30.64,108.0,4.0,0
flow_10.65,108.0,4.0,0
flow_30.65,105.5,3.0,0
flow_10.66,106.5,3.5,0
flow_30.66,102.5,3.0,0
flow_10.67,103.0,3.0,0
flow_00.35,40.0,4.0,0
flow_20.66,108.0,4.0,0
flow_00.36,28.0,3.0,0
flow_20.67,105.5,3.0,0
flow_20.68,102.0,3.0,0
flow_10.68,107.0,4.0,0
flow_30.67,107.5,4.0,0
flow_10.69,105.0,3.0,0
flow_30.68,106.5,3.5,0
flow_10.70,103.0,3.0,0
flow_30.69,103.5,3.0,0
flow_20.69,107.5,4.0,0
flow_00.37,41.0,4.0,0
flow_20.70,105.5,3.0,0
flow_00.38,21.0,2.0,0
flow_20.71,102.5,3.0,0
flow_10.71,107.0,4.0,0
flow_30.70,108.0,4.0,0
flow_10.72,105.5,3.0,0
flow_30.71,106.0,3.0,0
flow_30.72,102.5,3.0,0
flow_10.73,103.5,3.0,0
flow_20.72,107.5,4.0,0
flow_00.39,36.0,4.0,0
flow_20.73,105.0,3.0,0
flow_00.40,36.0,3.0,0
flow_20.74,102.5,3.0,0
flow_00.41,34.5,3.0,0
flow_10.74,107.5,4.0,0
flow_30.73,108.0,4.0,0
flow_30.74,105.5,3.0,0
flow_10.75,105.5,3.0,0
flow_30.75,102.5,3.0,0
flow_10.76,102.5,3.0,0
flow_00.42,50.0,4.0,0
flow_20.75,108.0,4.0,0
flow_20.76,106.0,3.0,0
flow_00.43,50.5,3.0,0
flow_00.44,49.0,3.0,0
flow_20.77,103.0,3.0,0
flow_30.76,107.5,4.0,0
flow_10.77,107.5,4.0,0
flow_30.77,105.5,3.0,0
flow_10.78,105.5,3.0,0
flow_10.79,102.5,3.0,0
flow_30.78,103.5,3.0,0
flow_00.45,62.5,4.0,0
flow_20.78,109.0,4.0,0
flow_00.46,60.5,3.0,0
flow_20.79,106.0,3.0,0
flow_00.47,39.0,3.0,0
flow_20.80,103.0,3.0,0
flow_30.79,108.5,4.0,0
flow_10.80,108.5,4.0,0
flow_30.80,105.5,3.0,0
flow_10.81,107.0,3.5,0
flow_30.81,103.0,3.0,0
flow_10.82,103.5,3.0,0
flow_20.81,107.5,4.0,0
flow_00.48,39.0,4.0,0
flow_20.82,105.0,3.0,0
flow_00.49,38.5,3.0,0
flow_20.83,102.5,3.0,0
flow_00.50,37.5,3.0,0
flow_10.83,107.5,4.0,0
flow_30.82,108.0,4.0,0
flow_30.83,105.5,3.0,0
flow_10.84,105.5,3.0,0
flow_10.85,102.5,3.0,0
flow_30.84,103.0,3.0,0
flow_00.51,54.5,4.0,0
flow_20.84,107.5,4.0,0
flow_20.85,105.5,3.0,0
flow_00.52,55.0,3.0,0
flow_20.86,102.5,3.0,0
flow_00.53,22.5,2.0,0
flow_10.86,107.5,4.0,0
flow_30.85,109.0,4.0,0
flow_10.87,106.0,3.0,0
flow_30.86,106.5,3.5,0
flow_10.88,103.0,3.0,0
flow_30.87,103.0,3.0,0
flow_20.87,107.0,4.0,0
flow_00.54,29.0,3.5,0
flow_20.88,105.0,3.0,0
flow_00.55,29.0,3.0,0
flow_20.89,102.5,3.0,0
flow_00.56,26.5,3.0,0
flow_30.88,107.0,4.0,0
flow_10.89,108.0,4.0,0
flow_30.89,105.5,3.0,0
flow_10.90,105.5,3.0,0
flow_30.90,102.5,3.0,0
flow_10.91,103.0,3.0,0
flow_20.90,107.5,4.0,0
flow_00.57,38.5,4.0,0
flow_20.91,106.0,3.0,0
flow_00.58,38.0,3.0,0
flow_20.92,103.0,3.0,0
flow_00.59,34.0,3.0,0
flow_30.91,108.0,4.0,0
flow_10.92,108.0,4.0,0
flow_30.92,105.0,3.0,0
flow_10.93,105.5,3.0,0
flow_30.93,103.0,3.0,0
flow_10.94,103.0,3.0,0
flow_00.60,49.5,4.0,0
flow_20.93,109.0,4.0,0
flow_00.61,45.0,3.0,0
flow_20.94,106.0,3.0,0
flow_00.62,32.5,3.0,0
flow_20.95,103.0,3.0,0
flow_30.94,107.5,4.0,0
flow_10.95,107.5,4.0,0
flow_10.96,105.0,3.0,0
flow_30.95,106.0,3.0,0
flow_10.97,102.5,3.0,0
flow_30.96,103.0,3.0,0
flow_20.96,107.0,4.0,0
flow_00.63,46.0,4.0,0
flow_20.97,105.0,3.0,0
flow_20.98,104.5,3.0,0
flow_30.97,107.5,4.0,0
flow_10.98,107.5,4.0,0
flow_10.99,105.5,3.0,0
flow_30.98,106.0,3.0,0
flow_10.100,102.5,3.0,0
flow_30.99,103.0,3.0,0
flow_00.64,23.5,2.5,0
flow_20.99,107.5,4.0,0
flow_00.65,22.5,2.0,0
flow_20.100,105.5,3.0,0
flow_00.66,22.0,1.5,0
flow_20.101,102.5,3.0,0
flow_10.101,107.5,4.0,0
flow_30.100,108.0,4.0,0
flow_10.102,105.0,3.0,0
flow_30.101,105.5,3.0,0
flow_10.103,102.0,3.0,0
flow_30.102,102.5,3.0,0
flow_00.67,31.0,3.5,0
flow_20.102,108.0,4.0,0
flow_00.68,27.5,3.0,0
flow_20.103,105.5,3.0,0
flow_00.69,26.5,2.5,0
flow_20.104,103.0,3.0,0
flow_10.104,107.5,4.0,0
flow_30.103,108.0,4.0,0
flow_10.105,105.5,3.0,0
flow_30.104,106.0,3.0,0
flow_10.106,102.5,3.0,0
flow_30.105,103.5,3.0,0
flow_00.70,41.5,4.0,0
flow_20.105,108.5,4.0,0
flow_00.71,40.0,3.0,0
flow_20.106,105.5,3.0,0
flow_00.72,24.0,2.5,0
flow_20.107,102.5,3.0,0
flow_30.106,107.0,4.0,0
flow_10.107,107.5,4.0,0
flow_30.107,105.0,3.0,0
flow_10.108,105.0,3.0,0
flow_30.108,102.0,3.0,0
flow_10.109,102.0,3.0,0
flow_20.108,107.5,4.0,0
flow_00.73,41.0,4.0,0
flow_20.109,105.0,3.0,0
flow_00.74,31.5,3.0,0
flow_20.110,102.0,3.0,0
flow_10.110,107.5,4.0,0
flow_30.109,108.0,4.0,0
flow_10.111,105.0,3.0,0
flow_30.110,106.0,3.0,0
flow_10.112,102.0,3.0,0
flow_30.111,103.0,3.0,0
flow_20.111,107.5,4.0,0
flow_00.75,39.0,4.0,0
flow_00.76,31.0,3.5,0
flow_20.112,106.5,3.0,0
flow_00.77,30.0,3.0,0
flow_20.113,103.5,3.0,0
flow_00.78,28.5,3.0,0
flow_30.112,107.0,4.0,0
flow_10.113,107.0,4.0,0
flow_30.113,105.5,3.0,0
flow_10.114,107.0,3.5,0
flow_30.114,103.0,3.0,0
flow_10.115,103.5,3.0,0
flow_20.114,107.0,4.0,0
flow_00.79,39.0,4.0,0
flow_00.80,22.5,2.0,0
flow_20.115,105.5,3.0,0
flow_00.81,21.5,2.0,0
flow_20.116,102.5,3.0,0
flow_30.115,107.5,4.0,0
flow_10.116,107.5,4.0,0
flow_10.117,106.0,3.0,0
flow_30.116,106.5,3.0,0
flow_30.117,103.5,3.0,0
flow_10.118,103.5,3.0,0
flow_00.82,21.0,2.0,0
flow_20.117,107.5,4.0,0
flow_20.118,105.5,3.0,0
flow_00.83,20.5,1.5,0
flow_20.119,103.0,3.0,0
flow_30.118,107.5,4.0,0
flow_10.119,108.5,4.0,0
flow_30.119,105.0,3.0,0
flow_10.120,106.0,3.5,0
flow_10.121,103.0,3.0,0
flow_30.120,104.0,3.0,0
flow_00.84,27.5,3.5,0
flow_20.120,107.5,4.0,0
flow_00.85,26.5,3.0,0
flow_20.121,107.0,3.5,0
flow_00.86,21.5,2.0,0
flow_20.122,103.0,3.0,0
flow_10.122,107.0,4.0,0
flow_30.121,107.5,4.0,0
flow_10.123,105.5,3.0,0
flow_30.122,105.5,3.0,0
flow_30.123,102.0,3.0,0
flow_10.124,103.5,3.0,0
flow_20.123,108.5,4.0,0
flow_00.87,22.0,2.0,0
flow_20.124,106.0,3.0,0
flow_20.125,102.5,3.0,0
flow_10.0,22.0,2.0,0
flow_30.0,20.5,1.5,0
flow_10.1,21.0,1.5,0
flow_00.0,37.0,4.0,0
flow_20.0,36.0,4.0,0
flow_00.1,25.0,2.5,0
flow_20.1,36.0,3.0,0
flow_00.2,24.0,2.5,0
flow_20.2,33.0,3.0,0
flow_30.1,38.5,4.0,0
flow_10.2,36.5,4.0,0
flow_30.2,36.5,3.0,0
flow_10.3,23.5,2.0,0
flow_30.3,35.5,3.0,0
flow_20.3,43.0,4.0,0
flow_00.3,42.0,4.0,0
flow_20.4,41.0,3.0,0
flow_00.4,30.5,3.5,0
flow_20.5,39.5,3.0,0
flow_00.5,25.5,3.0,0
flow_30.4,51.5,4.0,0
flow_10.4,37.5,4.0,0
flow_10.5,35.0,3.0,0
flow_30.5,51.5,3.5,0
flow_10.6,34.0,3.0,0
flow_30.6,42.5,3.0,0
flow_00.6,32.0,4.0,0
flow_20.6,58.5,4.0,0
flow_00.7,31.0,3.5,0
flow_20.7,57.5,3.5,0
flow_00.8,29.5,3.0,0
flow_20.8,56.0,3.0,0
flow_00.9,28.5,3.0,0
flow_10.7,49.5,4.0,0
flow_30.7,23.0,2.0,0
flow_30.8,22.0,2.0,0
flow_10.8,46.5,3.0,0
flow_10.9,45.0,3.0,0
flow_00.10,34.0,4.0,0
flow_20.9,73.5,4.0,0
flow_00.11,34.0,3.0,0
flow_20.10,72.5,3.0,0
flow_00.12,32.5,3.0,0
flow_20.11,71.5,3.0,0
flow_10.10,62.5,4.0,0
flow_30.9,33.5,4.0,0
flow_10.11,62.5,3.0,0
flow_10.12,61.0,3.0,0
flow_20.12,88.5,4.0,0
flow_00.13,42.5,4.0,0
flow_20.13,87.5,3.0,0
flow_00.14,33.0,3.0,0
flow_20.14,86.5,3.0,0
flow_00.15,30.0,3.0,0
flow_30.10,27.0,3.5,0
flow_10.13,78.5,4.0,0
flow_10.14,79.5,3.5,0
flow_10.15,74.5,3.0,0
flow_20.15,103.0,4.0,0
flow_00.16,48.0,4.0,0
flow_20.16,103.0,3.0,0
flow_00.17,47.0,3.0,0
flow_20.17,101.0,3.0,0
flow_00.18,36.5,3.0,0
flow_10.16,86.0,4.0,0
flow_30.11,29.5,3.5,0
flow_10.17,78.0,3.0,0
flow_30.12,21.0,2.0,0
flow_10.18,74.5,3.0,0
flow_00.19,53.0,4.0,0
flow_20.18,107.5,4.0,0
flow_20.19,106.0,3.0,0
flow_00.20,51.5,3.0,0
flow_20.20,102.5,3.0,0
flow_00.21,50.0,3.0,0
flow_10.19,91.5,4.0,0
flow_30.13,37.5,4.0,0
flow_10.20,91.0,3.0,0
flow_30.14,36.5,3.0,0
flow_10.21,89.5,3.0,0
flow_30.15,35.5,3.0,0
flow_20.21,107.0,4.0,0
flow_00.22,68.5,4.0,0
flow_00.23,67.0,3.0,0
flow_20.22,107.0,3.5,0
flow_00.24,66.0,3.0,0
flow_20.23,103.5,3.0,0
flow_30.16,52.0,4.0,0
flow_10.22,107.5,4.0,0
flow_10.23,105.0,3.0,0
flow_30.17,38.5,3.0,0
flow_10.24,102.5,3.0,0
flow_30.18,37.5,3.0,0
flow_20.24,108.0,4.0,0
flow_00.25,81.5,4.0,0
flow_20.25,105.5,3.0,0
flow_00.26,81.0,3.0,0
flow_00.27,80.0,3.0,0
flow_20.26,103.5,3.0,0
flow_10.25,108.0,4.0,0
flow_30.19,41.5,4.0,0
flow_10.26,106.0,3.0,0
flow_30.20,22.5,2.0,0
flow_10.27,102.5,3.0,0
flow_20.27,107.5,4.0,0
flow_00.28,97.5,4.0,0
flow_20.28,105.5,3.0,0
flow_00.29,96.0,3.0,0
flow_00.30,94.0,3.0,0
flow_20.29,103.5,3.0,0
flow_30.21,28.0,3.5,0
flow_10.28,108.0,4.0,0
flow_30.22,27.0,3.0,0
flow_10.29,105.5,3.0,0
flow_10.30,102.5,3.0,0
flow_00.31,107.5,4.0,0
flow_20.30,108.0,4.0,0
flow_00.32,105.5,3.0,0
flow_20.31,106.0,3.0,0
flow_20.32,102.5,3.0,0
flow_00.33,103.5,3.0,0
flow_30.23,32.0,4.0,0
flow_10.31,108.5,4.0,0
flow_30.24,31.0,3.5,0
flow_10.32,106.0,3.0,0
flow_10.33,103.0,3.0,0
flow_00.34,107.0,4.0,0
flow_20.33,108.0,4.0,0
flow_00.35,98.5,3.0,0
flow_20.34,106.0,3.0,0
flow_20.35,102.5,3.0,0
flow_00.36,94.0,3.0,0
flow_30.25,26.5,3.5,0
flow_10.34,107.5,4.0,0
flow_30.26,25.5,2.5,0
flow_10.35,106.0,3.0,0
flow_30.27,24.5,2.0,0
flow_10.36,103.0,3.0,0
flow_30.28,23.0,2.0,0
flow_00.37,107.5,4.0,0
flow_20.36,108.5,4.0,0
flow_00.38,97.5,3.0,0
flow_20.37,106.0,3.0,0
flow_00.39,84.0,3.0,0
flow_20.38,103.0,3.0,0
flow_10.37,107.0,4.0,0
flow_30.29,39.0,4.0,0
flow_10.38,106.0,3.0,0
flow_10.39,102.5,3.0,0
flow_20.39,107.0,4.0,0
flow_00.40,102.0,4.0,0
flow_20.40,105.0,3.0,0
flow_00.41,95.5,3.0,0
flow_20.41,102.0,3.0,0
flow_00.42,78.0,3.0,0
flow_10.40,108.0,4.0,0
flow_30.30,21.5,1.5,0
flow_10.41,105.5,3.0,0
flow_10.42,102.5,3.0,0
flow_00.43,95.0,4.0,0
flow_20.42,107.5,4.0,0
flow_20.43,105.5,3.0,0
flow_00.44,95.0,3.0,0
flow_00.45,93.5,3.0,0
flow_20.44,103.0,3.0,0
flow_10.43,107.5,4.0,0
flow_30.31,41.0,4.0,0
flow_10.44,105.5,3.0,0
flow_30.32,37.0,3.0,0
flow_30.33,29.5,3.0,0
flow_10.45,103.5,3.0,0
flow_20.45,107.0,4.0,0
flow_00.46,108.5,4.0,0
flow_20.46,105.0,3.0,0
flow_00.47,106.0,3.0,0
flow_20.47,102.0,3.0,0
flow_00.48,102.5,3.0,0
flow_30.34,40.5,4.0,0
flow_10.46,108.5,4.0,0
flow_10.47,105.5,3.0,0
flow_30.35,21.5,2.0,0
flow_10.48,102.5,3.0,0
flow_20.48,108.0,4.0,0
flow_00.49,108.0,4.0,0
flow_20.49,105.5,3.0,0
flow_00.50,105.5,3.0,0
flow_00.51,92.0,3.0,0
flow_20.50,102.5,3.0,0
flow_10.49,107.5,4.0,0
flow_30.36,38.0,4.0,0
flow_10.50,105.5,3.0,0
flow_30.37,36.0,3.0,0
flow_10.51,102.5,3.0,0
flow_30.38,21.0,1.5,0
flow_00.52,107.5,4.0,0
flow_20.51,108.0,4.0,0
flow_00.53,105.5,3.0,0
flow_20.52,106.0,3.0,0
flow_20.53,102.5,3.0,0
flow_00.54,102.5,3.0,0
flow_10.52,107.5,4.0,0
flow_30.39,33.5,4.0,0
flow_10.53,105.0,3.0,0
flow_30.40,26.5,2.5,0
flow_30.41,25.0,2.5,0
flow_10.54,103.0,3.0,0
flow_00.55,107.5,4.0,0
flow_20.54,108.0,4.0,0
flow_00.56,106.0,3.0,0
flow_20.55,106.5,3.5,0
flow_20.56,103.0,3.0,0
flow_00.57,103.0,3.0,0
flow_10.55,108.0,4.0,0
flow_30.42,42.0,4.0,0
flow_10.56,105.5,3.0,0
flow_30.43,40.5,3.0,0
flow_10.57,102.0,3.0,0
flow_30.44,37.5,3.0,0
flow_00.58,107.0,4.0,0
flow_20.57,107.5,4.0,0
flow_00.59,105.0,3.0,0
flow_20.58,106.0,3.0,0
flow_20.59,102.5,3.0,0
flow_00.60,102.5,3.0,0
flow_30.45,43.0,4.0,0
flow_10.58,108.5,4.0,0
flow_10.59,105.5,3.0,0
flow_30.46,43.5,3.0,0
flow_10.60,102.5,3.0,0
flow_20.60,107.0,4.0,0
flow_00.61,107.5,4.0,0
flow_20.61,105.5,3.0,0
flow_00.62,105.5,3.0,0
flow_20.62,102.5,3.0,0
flow_00.63,102.5,3.0,0
flow_10.61,107.5,4.0,0
flow_30.47,37.5,4.0,0
flow_10.62,106.0,3.0,0
flow_30.48,36.5,3.0,0
flow_30.49,25.5,2.5,0
flow_10.63,103.0,3.0,0
flow_30.50,24.0,2.5,0
flow_20.63,107.0,4.0,0
flow_00.64,107.5,4.0,0
flow_20.64,105.5,3.0,0
flow_00.65,105.5,3.0,0
flow_20.65,103.0,3.0,0
flow_00.66,103.0,3.0,0
flow_10.64,107.5,4.0,0
flow_30.51,37.0,4.0,0
flow_30.52,36.0,3.0,0
flow_10.65,105.5,3.0,0
flow_10.66,102.5,3.0,0
flow_00.67,107.0,4.0,0
flow_20.66,107.5,4.0,0
flow_20.67,105.5,3.0,0
flow_00.68,107.0,3.5,0
flow_20.68,102.5,3.0,0
flow_00.69,103.0,3.0,0
flow_10.67,107.5,4.0,0
flow_30.53,41.0,4.0,0
flow_10.68,105.5,3.0,0
flow_30.54,38.0,3.0,0
flow_10.69,102.5,3.0,0
flow_30.55,27.5,2.5,0
flow_20.69,107.5,4.0,0
flow_00.70,108.0,4.0,0
flow_20.70,105.0,3.0,0
flow_00.71,106.0,3.0,0
flow_00.72,102.5,3.0,0
flow_20.71,103.5,3.0,0
flow_10.70,107.5,4.0,0
flow_30.56,21.0,1.5,0
flow_10.71,106.0,3.0,0
flow_10.72,102.5,3.0,0
flow_20.72,107.0,4.0,0
flow_00.73,107.5,4.0,0
flow_20.73,105.0,3.0,0
flow_00.74,105.5,3.0,0
flow_20.74,102.5,3.0,0
flow_00.75,103.0,3.0,0
flow_10.73,107.5,4.0,0
flow_30.57,30.5,3.5,0
flow_30.58,28.5,3.0,0
flow_10.74,106.5,3.5,0
flow_30.59,24.5,2.5,0
flow_10.75,103.0,3.0,0
flow_00.76,108.0,4.0,0
flow_20.75,109.0,4.0,0
flow_00.77,105.5,3.0,0
flow_20.76,106.0,3.0,0
flow_00.78,102.5,3.0,0
flow_20.77,103.0,3.0,0
flow_10.76,108.0,4.0,0
flow_10.77,105.5,3.0,0
flow_10.78,103.0,3.0,0
flow_20.78,107.5,4.0,0
flow_00.79,108.5,4.0,0
flow_20.79,105.5,3.0,0
flow_00.80,105.5,3.0,0
flow_20.80,102.5,3.0,0
flow_00.81,103.5,3.0,0
flow_10.79,107.5,4.0,0
flow_30.60,33.5,4.0,0
flow_10.80,105.5,3.0,0
flow_30.61,20.5,1.5,0
flow_10.81,102.5,3.0,0
flow_20.81,107.5,4.0,0
flow_00.82,107.5,4.0,0
flow_00.83,105.5,3.0,0
flow_20.82,106.5,3.5,0
flow_00.84,102.5,3.0,0
flow_20.83,103.5,3.0,0
flow_30.62,28.5,3.5,0
flow_10.82,108.5,4.0,0
flow_10.83,106.0,3.0,0
flow_10.84,102.5,3.0,0
flow_00.85,107.5,4.0,0
flow_20.84,108.5,4.0,0
flow_00.86,105.0,3.0,0
flow_20.85,106.0,3.0,0
flow_20.86,103.5,3.0,0
flow_00.87,103.5,3.0,0
flow_30.63,32.5,4.0,0
flow_10.85,108.0,4.0,0
flow_30.64,27.5,3.0,0
flow_10.86,106.0,3.0,0
flow_10.87,103.5,3.0,0
flow_20.87,107.5,4.0,0
flow_00.88,107.5,4.0,0
flow_20.88,105.5,3.0,0
flow_00.89,106.5,3.0,0
flow_20.89,102.5,3.0,0
flow_00.90,102.5,3.0,0
flow_10.88,107.0,4.0,0
flow_30.65,31.0,3.5,0
flow_10.89,105.5,3.0,0
flow_10.90,102.5,3.0,0
flow_20.90,107.5,4.0,0
flow_00.91,108.5,4.0,0
flow_20.91,105.5,3.0,0
flow_00.92,105.5,3.0,0
flow_20.92,102.5,3.0,0
flow_00.93,102.5,3.0,0
flow_10.91,107.5,4.0,0
flow_30.66,43.0,4.0,0
flow_10.92,105.0,3.0,0
flow_30.67,38.5,3.0,0
flow_30.68,36.5,3.0,0
flow_10.93,103.0,3.0,0
flow_20.93,107.5,4.0,0
flow_00.94,107.5,4.0,0
flow_00.95,106.0,3.0,0
flow_20.94,106.5,3.0,0
flow_20.95,103.0,3.0,0
flow_00.96,103.0,3.0,0
flow_30.69,53.5,4.0,0
flow_10.94,107.5,4.0,0
flow_30.70,53.5,3.0,0
flow_10.95,106.0,3.0,0
flow_10.96,102.5,3.0,0
flow_30.71,52.5,3.0,0
flow_20.96,107.0,4.0,0
flow_00.97,107.5,4.0,0
flow_20.97,105.5,3.0,0
flow_00.98,105.5,3.0,0
flow_00.99,102.0,3.0,0
flow_20.98,103.0,3.0,0
flow_10.97,107.5,4.0,0
flow_30.72,54.0,4.0,0
flow_30.73,48.5,3.0,0
flow_10.98,105.5,3.0,0
flow_10.99,103.0,3.0,0
flow_30.74,43.5,3.0,0
flow_20.99,107.0,4.0,0
flow_00.100,108.0,4.0,0
flow_20.100,105.5,3.0,0
flow_00.101,105.5,3.0,0
flow_00.102,102.5,3.0,0
flow_20.101,103.0,3.0,0
flow_30.75,59.5,4.0,0
flow_10.100,107.5,4.0,0
flow_10.101,105.5,3.0,0
flow_30.76,59.5,3.0,0
flow_10.102,102.0,3.0,0
flow_30.77,59.0,3.0,0
flow_00.103,107.5,4.0,0
flow_20.102,108.5,4.0,0
flow_00.104,105.5,3.0,0
flow_20.103,106.0,3.0,0
flow_00.105,103.0,3.0,0
flow_20.104,103.5,3.0,0
flow_10.103,107.5,4.0,0
flow_30.78,71.5,4.0,0
flow_10.104,105.5,3.0,0
flow_30.79,66.5,3.0,0
flow_30.80,63.5,3.0,0
flow_10.105,103.0,3.0,0
flow_20.105,107.5,4.0,0
flow_00.106,107.5,4.0,0
flow_20.106,106.0,3.0,0
flow_00.107,107.0,3.5,0
flow_20.107,102.5,3.0,0
flow_00.108,103.5,3.0,0
flow_10.106,107.0,4.0,0
flow_30.81,56.5,4.0,0
flow_30.82,55.0,3.0,0
flow_10.107,106.0,3.0,0
flow_10.108,103.0,3.0,0
flow_30.83,54.0,3.0,0
flow_20.108,107.5,4.0,0
flow_00.109,107.5,4.0,0
flow_20.109,105.0,3.0,0
flow_00.110,105.5,3.0,0
flow_00.111,102.5,3.0,0
flow_20.110,103.0,3.0,0
flow_10.109,107.0,4.0,0
flow_30.84,61.0,4.0,0
flow_10.110,105.0,3.0,0
flow_30.85,59.0,3.0,0
flow_10.111,102.0,3.0,0
flow_30.86,59.0,3.0,0
flow_20.111,107.5,4.0,0
flow_00.112,107.5,4.0,0
flow_00.113,105.0,3.0,0
flow_20.112,105.5,3.0,0
flow_20.113,102.0,3.0,0
flow_00.114,102.5,3.0,0
flow_10.112,107.0,4.0,0
flow_30.87,66.0,4.0,0
flow_10.113,105.5,3.0,0
flow_30.88,26.5,3.0,0
flow_10.114,102.5,3.0,0
flow_20.114,107.5,4.0,0
flow_00.115,108.5,4.0,0
flow_20.115,105.5,3.0,0
flow_00.116,105.5,3.0,0
flow_20.116,102.0,3.0,0
flow_00.117,102.0,3.0,0
flow_30.89,39.5,4.0,0
flow_10.115,107.5,4.0,0
flow_30.90,35.0,3.0,0
flow_10.116,106.0,3.0,0
flow_30.91,23.0,2.5,0
flow_10.117,102.5,3.0,0
flow_00.118,107.0,4.0,0
flow_20.117,107.5,4.0,0
flow_20.118,105.5,3.0,0
flow_00.119,105.5,3.0,0
flow_20.119,102.0,3.0,0
flow_00.120,102.0,3.0,0
flow_30.92,39.0,4.0,0
flow_10.118,107.5,4.0,0
flow_10.119,105.0,3.0,0
flow_30.93,40.0,3.0,0
flow_10.120,102.5,3.0,0
flow_30.94,34.5,3.0,0
flow_00.121,108.0,4.0,0
flow_20.120,109.0,4.0,0
flow_20.121,106.0,3.0,0
flow_00.122,106.0,3.0,0
flow_00.123,102.5,3.0,0
flow_20.122,103.0,3.0,0
flow_10.121,107.5,4.0,0
flow_30.95,45.5,4.0,0
flow_10.122,105.0,3.0,0
flow_30.96,44.0,3.0,0
flow_10.123,102.5,3.0,0
flow_20.123,107.0,4.0,0
flow_00.124,107.5,4.0,0
flow_20.124,106.0,3.0,0
flow_00.125,106.0,3.0,0
flow_20.125,103.0,3.0,0
flow_00.126,103.5,3.0,0
flow_10.0,21.0,1.5,0
flow_30.0,21.0,1.5,0
flow_00.0,30.0,3.5,0
flow_00.1,29.0,3.0,0
flow_00.2,22.5,2.0,0
flow_10.1,41.5,4.0,0
flow_30.1,37.5,4.0,0
flow_10.2,40.5,3.0,0
flow_30.2,22.5,2.0,0
flow_10.3,28.0,3.0,0
flow_00.3,33.5,4.0,0
flow_20.0,21.0,1.5,0
flow_00.4,33.5,3.0,0
flow_00.5,26.5,3.0,0
flow_00.6,25.0,2.5,0
flow_30.3,38.0,4.0,0
flow_10.4,47.0,4.0,0
flow_30.4,28.0,3.0,0
flow_10.5,45.5,3.0,0
flow_30.5,26.5,2.5,0
flow_10.6,29.5,3.0,0
flow_00.7,40.0,4.0,0
flow_00.8,40.5,3.0,0
flow_00.9,39.0,3.0,0
flow_10.7,47.5,4.0,0
flow_30.6,35.0,4.0,0
flow_10.8,47.0,3.0,0
flow_30.7,34.5,3.0,0
flow_10.9,38.5,3.0,0
flow_30.8,33.5,3.0,0
flow_20.1,24.0,3.0,0
flow_00.10,56.0,4.0,0
flow_00.11,42.0,3.0,0
flow_20.2,21.5,2.0,0
flow_00.12,40.0,3.0,0
flow_30.9,43.0,4.0,0
flow_10.10,56.0,4.0,0
flow_30.10,35.0,3.0,0
flow_10.11,53.0,3.5,0
flow_30.11,33.0,3.0,0
flow_10.12,26.0,2.5,0
flow_00.13,46.0,4.0,0
flow_00.14,42.0,3.0,0
flow_00.15,41.0,3.0,0
flow_30.12,50.5,4.0,0
flow_10.13,31.5,4.0,0
flow_30.13,49.0,3.0,0
flow_10.14,21.5,2.0,0
flow_30.14,48.5,3.0,0
flow_00.16,58.5,4.0,0
flow_20.3,39.0,4.0,0
flow_00.17,57.5,3.0,0
flow_20.4,38.0,3.0,0
flow_20.5,35.0,3.0,0
flow_00.18,52.0,3.0,0
flow_30.15,59.5,4.0,0
flow_10.15,35.5,4.0,0
flow_30.16,51.5,3.0,0
flow_10.16,34.0,3.0,0
flow_30.17,40.0,3.0,0
flow_10.17,33.0,3.0,0
flow_00.19,68.0,4.0,0
flow_20.6,28.0,3.5,0
flow_00.20,62.5,3.0,0
flow_00.21,62.0,3.0,0
flow_10.18,34.5,4.0,0
flow_30.18,49.5,4.0,0
flow_30.19,44.0,3.0,0
flow_10.19,32.0,3.0,0
flow_30.20,37.5,3.0,0
flow_10.20,31.0,3.0,0
flow_00.22,78.5,4.0,0
flow_20.7,20.5,1.5,0
flow_00.23,78.5,3.0,0
flow_00.24,77.5,3.0,0
flow_30.21,54.0,4.0,0
flow_10.21,21.0,1.5,0
flow_30.22,52.0,3.0,0
flow_30.23,47.5,3.0,0
flow_00.25,94.0,4.0,0
flow_20.8,39.0,4.0,0
flow_00.26,75.5,3.0,0
flow_00.27,70.5,3.0,0
flow_30.24,64.5,4.0,0
flow_10.22,42.5,4.0,0
flow_30.25,64.0,3.0,0
flow_10.23,41.5,3.0,0
flow_10.24,40.0,3.0,0
flow_30.26,61.5,3.0,0
flow_00.28,88.5,4.0,0
flow_00.29,87.5,3.0,0
flow_00.30,85.5,3.0,0
flow_10.25,57.0,4.0,0
flow_30.27,75.0,4.0,0
flow_30.28,74.5,3.0,0
flow_10.26,48.0,3.0,0
flow_10.27,37.0,3.0,0
flow_30.29,72.0,3.0,0
flow_00.31,104.0,4.0,0
flow_00.32,103.5,3.5,0
flow_00.33,101.0,3.0,0
flow_30.30,88.0,4.0,0
flow_10.28,54.5,4.0,0
flow_30.31,88.0,3.0,0
flow_10.29,54.0,3.0,0
flow_10.30,48.0,3.0,0
flow_30.32,75.5,3.0,0
flow_20.9,21.5,2.0,0
flow_00.34,107.5,4.0,0
flow_00.35,106.5,3.0,0
flow_00.36,97.0,3.0,0
flow_30.33,84.5,4.0,0
flow_10.31,56.5,4.0,0
flow_30.34,80.5,3.0,0
flow_10.32,57.0,3.0,0
flow_10.33,55.0,3.0,0
flow_30.35,77.0,3.5,0
flow_00.37,107.5,4.0,0
flow_20.10,35.5,4.0,0
flow_00.38,79.0,3.0,0
flow_00.39,71.5,3.0,0
flow_10.34,67.0,4.0,0
flow_30.36,88.5,4.0,0
flow_30.37,87.0,3.0,0
flow_10.35,66.5,3.0,0
flow_30.38,86.0,3.0,0
flow_10.36,66.0,3.0,0
flow_20.11,20.5,1.5,0
flow_00.40,89.0,4.0,0
flow_00.41,82.5,3.5,0
flow_00.42,76.5,3.0,0
flow_10.37,82.5,4.0,0
flow_30.39,103.5,4.0,0
flow_10.38,82.0,3.0,0
flow_30.40,102.5,3.0,0
flow_30.41,101.0,3.0,0
flow_10.39,81.0,3.0,0
flow_00.43,89.0,4.0,0
flow_20.12,34.0,4.0,0
flow_00.44,87.0,3.0,0
flow_20.13,33.5,3.0,0
flow_00.45,76.5,3.0,0
flow_30.42,107.0,4.0,0
flow_10.40,98.5,4.0,0
flow_30.43,105.0,3.0,0
flow_10.41,77.5,3.0,0
flow_30.44,102.5,3.0,0
flow_10.42,73.0,3.0,0
flow_00.46,83.0,4.0,0
flow_20.14,35.0,4.0,0
flow_00.47,65.5,3.0,0
flow_00.48,58.0,3.0,0
flow_30.45,107.5,4.0,0
flow_10.43,89.5,4.0,0
flow_30.46,105.5,3.0,0
flow_10.44,89.5,3.0,0
flow_30.47,103.0,3.0,0
flow_10.45,88.5,3.0,0
flow_00.49,75.5,4.0,0
flow_20.15,40.0,4.0,0
flow_00.50,73.5,3.0,0
flow_00.51,72.5,3.0,0
flow_30.48,107.5,4.0,0
flow_10.46,105.0,4.0,0
flow_30.49,105.5,3.0,0
flow_10.47,104.0,3.0,0
flow_30.50,102.5,3.0,0
flow_10.48,102.5,3.0,0
flow_00.52,90.0,4.0,0
flow_00.53,89.0,3.0,0
flow_00.54,75.0,3.0,0
flow_30.51,108.0,4.0,0
flow_10.49,108.0,4.0,0
flow_30.52,105.5,3.0,0
flow_10.50,106.0,3.0,0
flow_30.53,102.5,3.0,0
flow_10.51,97.5,3.0,0
flow_00.55,92.5,4.0,0
flow_20.16,22.0,2.0,0
flow_00.56,91.5,3.0,0
flow_00.57,90.5,3.0,0
flow_30.54,107.5,4.0,0
flow_10.52,107.5,4.0,0
flow_10.53,105.5,3.0,0
flow_30.55,106.0,3.0,0
flow_30.56,102.5,3.0,0
flow_10.54,102.5,3.0,0
flow_00.58,107.5,4.0,0
flow_00.59,106.5,3.5,0
flow_00.60,103.5,3.0,0
flow_30.57,107.0,4.0,0
flow_10.55,107.0,4.0,0
flow_30.58,105.0,3.0,0
flow_10.56,106.0,3.0,0
flow_10.57,102.5,3.0,0
flow_30.59,104.0,3.0,0
flow_00.61,107.5,4.0,0
flow_20.17,30.0,3.5,0
flow_00.62,106.0,3.0,0
flow_00.63,103.0,3.0,0
flow_30.60,107.5,4.0,0
flow_10.58,107.5,4.0,0
flow_30.61,105.5,3.0,0
flow_10.59,105.5,3.0,0
flow_30.62,102.5,3.0,0
flow_10.60,102.5,3.0,0
flow_20.18,40.5,4.0,0
flow_00.64,108.5,4.0,0
flow_00.65,105.5,3.0,0
flow_00.66,103.0,3.0,0
flow_20.19,21.5,2.0,0
flow_10.61,107.0,4.0,0
flow_30.63,107.5,4.0,0
flow_30.64,105.5,3.0,0
flow_10.62,105.5,3.0,0
flow_30.65,102.0,3.0,0
flow_10.63,102.5,3.0,0
flow_00.67,107.0,4.0,0
flow_20.20,35.0,4.0,0
flow_20.21,34.0,3.0,0
flow_00.68,107.0,3.5,0
flow_00.69,103.5,3.0,0
flow_10.64,107.5,4.0,0
flow_30.66,108.0,4.0,0
flow_30.67,105.0,3.0,0
flow_10.65,106.0,3.0,0
flow_10.66,102.5,3.0,0
flow_30.68,103.0,3.0,0
flow_00.70,107.5,4.0,0
flow_00.71,106.0,3.0,0
flow_00.72,102.5,3.0,0
flow_10.67,107.5,4.0,0
flow_30.69,107.5,4.0,0
flow_30.70,105.0,3.0,0
flow_10.68,105.5,3.0,0
flow_30.71,102.5,3.0,0
flow_10.69,103.0,3.0,0
flow_00.73,107.5,4.0,0
flow_00.74,105.5,3.0,0
flow_20.22,21.0,1.5,0
flow_00.75,102.5,3.0,0
flow_30.72,108.0,4.0,0
flow_10.70,108.0,4.0,0
flow_10.71,106.0,3.0,0
flow_30.73,107.0,3.5,0
flow_10.72,103.0,3.0,0
flow_30.74,103.0,3.0,0
flow_20.23,27.5,3.5,0
flow_00.76,108.0,4.0,0
flow_20.24,26.0,3.0,0
flow_00.77,106.0,3.0,0
flow_20.25,23.5,2.5,0
flow_00.78,103.0,3.0,0
flow_10.73,107.5,4.0,0
flow_30.75,108.5,4.0,0
flow_10.74,105.5,3.0,0
flow_30.76,106.0,3.0,0
flow_10.75,102.5,3.0,0
flow_30.77,102.5,3.0,0
flow_00.79,107.5,4.0,0
flow_20.26,31.0,3.5,0
flow_00.80,105.5,3.0,0
flow_00.81,105.5,3.5,0
flow_10.76,107.5,4.0,0
flow_30.78,108.0,4.0,0
flow_30.79,105.5,3.0,0
flow_10.77,106.0,3.0,0
flow_30.80,102.0,3.0,0
flow_10.78,102.5,3.0,0
flow_00.82,107.5,4.0,0
flow_00.83,105.0,3.0,0
flow_00.84,102.5,3.0,0
flow_10.79,107.5,4.0,0
flow_30.81,108.0,4.0,0
flow_30.82,105.5,3.0,0
flow_10.80,106.5,3.0,0
flow_30.83,102.5,3.0,0
flow_10.81,103.0,3.0,0
flow_20.27,35.5,4.0,0
flow_00.85,108.0,4.0,0
flow_00.86,105.5,3.0,0
flow_00.87,102.5,3.0,0
flow_10.82,107.5,4.0,0
flow_30.84,108.5,4.0,0
flow_10.83,106.0,3.0,0
flow_30.85,106.0,3.0,0
flow_10.84,103.0,3.0,0
flow_30.86,103.5,3.0,0
flow_00.88,108.5,4.0,0
flow_00.89,106.0,3.0,0
flow_20.28,22.0,2.0,0
flow_00.90,103.0,3.0,0
flow_30.87,107.0,4.0,0
flow_10.85,107.5,4.0,0
flow_10.86,105.5,3.0,0
flow_30.88,105.5,3.0,0
flow_30.89,102.0,3.0,0
flow_10.87,102.5,3.0,0
flow_00.91,109.0,4.0,0
flow_00.92,106.0,3.0,0
flow_00.93,102.5,3.0,0
flow_30.90,107.0,4.0,0
flow_10.88,107.5,4.0,0
flow_10.89,106.0,3.0,0
flow_30.91,106.5,3.5,0
flow_10.90,102.5,3.0,0
flow_30.92,103.0,3.0,0
flow_20.29,30.5,3.5,0
flow_00.94,108.5,4.0,0
flow_00.95,106.0,3.0,0
flow_00.96,102.5,3.0,0
flow_20.30,21.5,2.0,0
flow_10.91,107.5,4.0,0
flow_30.93,109.5,4.0,0
flow_10.92,105.0,3.0,0
flow_30.94,106.5,3.5,0
flow_10.93,103.0,3.0,0
flow_30.95,103.0,3.0,0
flow_00.97,108.0,4.0,0
flow_00.98,105.5,3.0,0
flow_00.99,102.0,3.0,0
flow_30.96,107.0,4.0,0
flow_10.94,107.5,4.0,0
flow_30.97,105.0,3.0,0
flow_10.95,106.0,3.0,0
flow_10.96,103.0,3.0,0
flow_30.98,104.5,3.0,0
flow_00.100,108.0,4.0,0
flow_20.31,21.0,1.5,0
flow_00.101,105.5,3.0,0
flow_00.102,103.5,3.0,0
flow_10.97,107.0,4.0,0
flow_30.99,108.0,4.0,0
flow_30.100,105.5,3.0,0
flow_10.98,106.0,3.0,0
flow_10.99,102.5,3.0,0
flow_30.101,103.0,3.0,0
flow_00.103,107.5,4.0,0
flow_20.32,41.0,4.0,0
flow_00.104,105.5,3.0,0
flow_20.33,40.5,3.0,0
flow_00.105,102.0,3.0,0
flow_10.100,107.5,4.0,0
flow_30.102,107.5,4.0,0
flow_10.101,105.5,3.0,0
flow_30.103,106.0,3.0,0
flow_30.104,102.5,3.0,0
flow_10.102,103.0,3.0,0
flow_00.106,107.0,4.0,0
flow_20.34,29.5,3.5,0
flow_00.107,105.5,3.0,0
flow_00.108,102.5,3.0,0
flow_20.35,22.0,2.0,0
flow_10.103,107.0,4.0,0
flow_30.105,107.5,4.0,0
flow_10.104,105.5,3.0,0
flow_30.106,105.5,3.0,0
flow_10.105,102.5,3.0,0
flow_30.107,102.5,3.0,0
flow_00.109,107.0,4.0,0
flow_20.36,21.5,2.0,0
flow_00.110,105.5,3.0,0
flow_00.111,104.5,3.0,0
flow_10.106,107.5,4.0,0
flow_30.108,107.5,4.0,0
flow_10.107,105.5,3.0,0
flow_30.109,105.5,3.0,0
flow_30.110,102.5,3.0,0
flow_10.108,103.0,3.0,0
flow_20.37,23.0,2.0,0
flow_00.112,107.5,4.0,0
flow_00.113,105.0,3.0,0
flow_00.114,103.5,3.0,0
flow_10.109,107.5,4.0,0
flow_30.111,107.5,4.0,0
flow_30.112,106.0,3.0,0
flow_10.110,107.0,3.5,0
flow_30.113,102.5,3.0,0
flow_10.111,103.5,3.0,0
flow_20.38,29.5,3.5,0
flow_00.115,109.5,4.0,0
flow_00.116,106.5,3.0,0
flow_00.117,103.0,3.0,0
flow_30.114,107.0,4.0,0
flow_10.112,108.0,4.0,0
flow_10.113,105.5,3.0,0
flow_30.115,105.5,3.0,0
flow_10.114,102.0,3.0,0
flow_30.116,102.5,3.0,0
flow_00.118,108.0,4.0,0
flow_20.39,40.5,4.0,0
flow_20.40,33.5,3.0,0
flow_00.119,106.0,3.0,0
flow_00.120,102.5,3.0,0
flow_10.115,107.5,4.0,0
flow_30.117,108.0,4.0,0
flow_10.116,105.5,3.0,0
flow_30.118,105.5,3.0,0
flow_10.117,102.5,3.0,0
flow_30.119,102.5,3.0,0
flow_00.121,107.0,4.0,0
flow_00.122,105.5,3.0,0
flow_00.123,102.0,3.0,0
flow_30.120,107.0,4.0,0
flow_10.118,107.5,4.0,0
flow_10.119,105.5,3.0,0
flow_30.121,107.5,3.5,0
flow_10.120,102.0,3.0,0
flow_30.122,104.5,3.0,0
flow_00.124,107.5,4.0,0
flow_00.125,106.5,3.0,0
flow_00.126,103.0,3.0,0
flow_30.0,22.0,2.0,0
flow_10.0,21.0,1.5,0
flow_30.1,21.5,2.0,0
flow_00.0,36.5,4.0,0
flow_00.1,35.5,3.0,0
flow_00.2,34.5,3.0,0
flow_30.2,40.5,4.0,0
flow_30.3,39.0,3.0,0
flow_30.4,36.0,3.0,0
flow_20.0,36.0,4.0,0
flow_00.3,53.0,4.0,0
flow_20.1,36.0,3.0,0
flow_00.4,53.0,3.5,0
flow_00.5,51.0,3.0,0
flow_10.1,38.5,4.0,0
flow_30.5,23.0,2.0,0
flow_10.2,39.5,3.0,0
flow_10.3,32.5,3.0,0
flow_30.6,23.0,2.0,0
flow_00.6,67.0,4.0,0
flow_20.2,29.0,3.5,0
flow_20.3,23.5,2.0,0
flow_00.7,61.0,3.0,0
flow_00.8,59.5,3.0,0
flow_30.7,39.0,4.0,0
flow_10.4,49.5,4.0,0
flow_30.8,34.5,3.0,0
flow_10.5,48.0,3.0,0
flow_30.9,33.0,3.0,0
flow_10.6,46.5,3.0,0
flow_20.4,27.0,3.5,0
flow_00.9,74.5,4.0,0
flow_00.10,67.5,3.5,0
flow_00.11,66.0,3.0,0
flow_10.7,63.5,4.0,0
flow_30.10,50.0,4.0,0
flow_30.11,49.5,3.0,0
flow_10.8,48.0,3.0,0
flow_30.12,48.5,3.0,0
flow_10.9,47.5,3.0,0
flow_00.12,76.5,4.0,0
flow_20.5,22.0,2.0,0
flow_00.13,71.0,3.0,0
flow_00.14,69.5,3.0,0
flow_30.13,64.5,4.0,0
flow_10.10,65.5,4.0,0
flow_10.11,64.5,3.0,0
flow_30.14,63.5,3.0,0
flow_10.12,63.0,3.0,0
flow_30.15,62.5,3.0,0
flow_20.6,27.5,3.5,0
flow_00.15,87.0,4.0,0
flow_00.16,81.5,3.0,0
flow_00.17,75.0,3.0,0
flow_30.16,32.5,4.0,0
flow_10.13,80.5,4.0,0
flow_30.17,22.5,2.0,0
flow_10.14,79.0,3.0,0
flow_10.15,78.0,3.0,0
flow_00.18,91.0,4.0,0
flow_20.7,25.5,3.0,0
flow_20.8,23.5,2.5,0
flow_00.19,91.0,3.0,0
flow_00.20,68.0,3.0,0
flow_10.16,95.0,4.0,0
flow_30.18,38.5,4.0,0
flow_10.17,94.5,3.0,0
flow_30.19,37.0,3.0,0
flow_10.18,93.0,3.0,0
flow_30.20,35.5,3.0,0
flow_20.9,37.5,4.0,0
flow_00.21,86.5,4.0,0
flow_20.10,29.0,3.0,0
flow_00.22,85.5,3.0,0
flow_00.23,76.0,3.0,0
flow_20.11,22.0,2.0,0
flow_10.19,108.0,4.0,0
flow_30.21,38.5,4.0,0
flow_30.22,22.0,2.0,0
flow_10.20,105.5,3.0,0
flow_10.21,102.0,3.0,0
flow_20.12,34.5,4.0,0
flow_00.24,86.0,4.0,0
flow_20.13,26.5,2.5,0
flow_00.25,86.5,3.5,0
flow_00.26,77.0,3.0,0
flow_30.23,41.5,4.0,0
flow_10.22,108.5,4.0,0
flow_10.23,105.5,3.0,0
flow_30.24,41.0,3.0,0
flow_10.24,102.5,3.0,0
flow_30.25,40.5,3.0,0
flow_20.14,21.5,2.0,0
flow_00.27,90.5,4.0,0
flow_00.28,86.0,3.0,0
flow_00.29,86.0,3.0,0
flow_10.25,107.5,4.0,0
flow_30.26,57.5,4.0,0
flow_10.26,105.5,3.0,0
flow_30.27,57.0,3.0,0
flow_10.27,102.0,3.0,0
flow_30.28,55.5,3.0,0
flow_20.15,25.5,3.0,0
flow_00.30,102.0,4.0,0
flow_00.31,102.5,3.5,0
flow_20.16,22.5,2.0,0
flow_00.32,101.0,3.0,0
flow_10.28,107.5,4.0,0
flow_30.29,73.5,4.0,0
flow_10.29,105.5,3.0,0
flow_30.30,72.5,3.0,0
flow_30.31,71.5,3.0,0
flow_10.30,103.0,3.0,0
flow_00.33,107.5,4.0,0
flow_20.17,40.5,4.0,0
flow_20.18,25.5,2.5,0
flow_00.34,106.5,3.5,0
flow_20.19,20.5,2.0,0
flow_00.35,103.5,3.0,0
flow_30.32,88.0,4.0,0
flow_10.31,109.0,4.0,0
flow_30.33,85.5,3.0,0
flow_10.32,107.5,3.5,0
flow_10.33,103.5,3.0,0
flow_30.34,85.5,3.0,0
flow_20.20,34.5,4.0,0
flow_00.36,107.5,4.0,0
flow_00.37,105.5,3.0,0
flow_20.21,30.0,3.0,0
flow_00.38,102.0,3.0,0
flow_10.34,107.5,4.0,0
flow_30.35,102.0,4.0,0
flow_10.35,105.5,3.0,0
flow_30.36,86.5,3.0,0
flow_30.37,85.0,3.0,0
flow_10.36,103.0,3.0,0
flow_20.22,22.0,2.0,0
flow_00.39,108.0,4.0,0
flow_00.40,106.0,3.0,0
flow_00.41,102.5,3.0,0
flow_10.37,107.0,4.0,0
flow_30.38,103.0,4.0,0
flow_10.38,105.5,3.0,0
flow_30.39,103.5,3.5,0
flow_30.40,94.5,3.0,0
flow_10.39,103.5,3.0,0
flow_00.42,108.0,4.0,0
flow_00.43,105.5,3.0,0
flow_00.44,102.5,3.0,0
flow_30.41,104.5,4.0,0
flow_10.40,108.0,4.0,0
flow_30.42,94.5,3.0,0
flow_10.41,106.0,3.0,0
flow_30.43,93.0,3.0,0
flow_10.42,102.5,3.0,0
flow_20.23,36.0,4.0,0
flow_00.45,108.5,4.0,0
flow_00.46,102.5,3.0,0
flow_20.24,22.0,2.0,0
flow_00.47,99.0,3.0,0
flow_10.43,107.5,4.0,0
flow_30.44,107.5,4.0,0
flow_10.44,105.0,3.0,0
flow_30.45,105.0,3.0,0
flow_10.45,102.5,3.0,0
flow_30.46,103.0,3.0,0
flow_20.25,34.0,4.0,0
flow_00.48,108.0,4.0,0
flow_00.49,105.5,3.0,0
flow_00.50,102.0,3.0,0
flow_30.47,107.0,4.0,0
flow_10.46,107.5,4.0,0
flow_10.47,106.0,3.0,0
flow_30.48,106.0,3.0,0
flow_10.48,102.5,3.0,0
flow_30.49,103.0,3.0,0
flow_20.26,31.0,3.5,0
flow_00.51,108.0,4.0,0
flow_20.27,23.5,2.5,0
flow_00.52,105.5,3.0,0
flow_00.53,102.5,3.0,0
flow_30.50,108.0,4.0,0
flow_10.49,109.0,4.0,0
flow_30.51,105.5,3.0,0
flow_10.50,106.5,3.5,0
flow_10.51,103.0,3.0,0
flow_30.52,103.0,3.0,0
flow_00.54,107.5,4.0,0
flow_20.28,31.5,3.5,0
flow_00.55,106.0,3.0,0
flow_20.29,31.0,3.0,0
flow_00.56,102.5,3.0,0
flow_30.53,107.5,4.0,0
flow_10.52,107.5,4.0,0
flow_30.54,105.0,3.0,0
flow_10.53,107.0,3.5,0
flow_30.55,102.5,3.0,0
flow_10.54,103.5,3.0,0
flow_00.57,107.5,4.0,0
flow_20.30,30.5,3.5,0
flow_00.58,105.5,3.0,0
flow_00.59,102.5,3.0,0
flow_10.55,107.5,4.0,0
flow_30.56,108.0,4.0,0
flow_10.56,105.5,3.0,0
flow_30.57,106.0,3.0,0
flow_30.58,103.0,3.0,0
flow_10.57,103.0,3.0,0
flow_20.31,35.5,4.0,0
flow_00.60,108.0,4.0,0
flow_00.61,105.5,3.0,0
flow_00.62,102.0,3.0,0
flow_10.58,108.0,4.0,0
flow_30.59,108.5,4.0,0
flow_10.59,106.0,3.0,0
flow_30.60,106.5,3.5,0
flow_10.60,103.0,3.0,0
flow_30.61,104.0,3.0,0
flow_00.63,108.5,4.0,0
flow_00.64,105.5,3.0,0
flow_00.65,103.5,3.0,0
flow_10.61,107.5,4.0,0
flow_30.62,108.0,4.0,0
flow_10.62,105.5,3.0,0
flow_30.63,107.0,3.5,0
flow_10.63,103.0,3.0,0
flow_30.64,103.5,3.0,0
flow_00.66,107.5,4.0,0
flow_00.67,105.5,3.0,0
flow_00.68,102.5,3.0,0
flow_30.65,107.0,4.0,0
flow_10.64,108.0,4.0,0
flow_10.65,105.5,3.0,0
flow_30.66,106.0,3.0,0
flow_10.66,102.0,3.0,0
flow_30.67,103.0,3.0,0
flow_00.69,107.0,4.0,0
flow_20.32,38.5,4.0,0
flow_20.33,32.5,3.0,0
flow_00.70,106.0,3.0,0
flow_00.71,103.0,3.0,0
flow_10.67,107.5,4.0,0
flow_30.68,107.5,4.0,0
flow_30.69,105.0,3.0,0
flow_10.68,105.5,3.0,0
flow_10.69,103.0,3.0,0
flow_30.70,103.5,3.0,0
flow_00.72,108.0,4.0,0
flow_00.73,105.5,3.0,0
flow_00.74,102.5,3.0,0
flow_10.70,107.0,4.0,0
flow_30.71,108.0,4.0,0
flow_30.72,105.0,3.0,0
flow_10.71,106.0,3.0,0
flow_10.72,103.5,3.0,0
flow_30.73,103.5,3.0,0
flow_00.75,107.0,4.0,0
flow_00.76,105.0,3.0,0
flow_00.77,102.5,3.0,0
flow_30.74,107.5,4.0,0
flow_10.73,108.0,4.0,0
flow_10.74,105.5,3.0,0
flow_30.75,106.0,3.0,0
flow_30.76,102.5,3.0,0
flow_10.75,103.5,3.0,0
flow_20.34,22.0,2.0,0
flow_00.78,107.5,4.0,0
flow_20.35,22.0,2.0,0
flow_00.79,105.0,3.0,0
flow_00.80,102.5,3.0,0
flow_20.36,22.0,2.0,0
flow_10.76,107.5,4.0,0
flow_30.77,107.5,4.0,0
flow_30.78,105.5,3.0,0
flow_10.77,107.0,3.5,0
flow_30.79,103.0,3.0,0
flow_10.78,103.5,3.0,0
flow_00.81,107.5,4.0,0
flow_00.82,105.5,3.0,0
flow_00.83,103.0,3.0,0
flow_30.80,107.0,4.0,0
flow_10.79,107.5,4.0,0
flow_10.80,105.0,3.0,0
flow_30.81,105.5,3.0,0
flow_10.81,102.5,3.0,0
flow_30.82,102.5,3.0,0
flow_20.37,21.0,1.5,0
flow_00.84,107.5,4.0,0
flow_00.85,105.5,3.0,0
flow_00.86,103.0,3.0,0
flow_10.82,107.0,4.0,0
flow_30.83,107.0,4.0,0
flow_30.84,105.5,3.0,0
flow_10.83,106.0,3.0,0
flow_10.84,102.5,3.0,0
flow_30.85,103.0,3.0,0
flow_00.87,107.5,4.0,0
flow_20.38,31.0,3.5,0
flow_00.88,105.5,3.0,0
flow_00.89,103.0,3.0,0
flow_20.39,21.0,1.5,0
flow_10.85,107.0,4.0,0
flow_30.86,108.5,4.0,0
flow_10.86,105.0,3.0,0
flow_30.87,106.0,3.0,0
flow_10.87,102.5,3.0,0
flow_30.88,102.5,3.0,0
flow_00.90,107.5,4.0,0
flow_00.91,106.5,3.0,0
flow_00.92,102.5,3.0,0
flow_30.89,107.5,4.0,0
flow_10.88,108.0,4.0,0
flow_30.90,105.5,3.0,0
flow_10.89,106.0,3.0,0
flow_30.91,103.0,3.0,0
flow_10.90,103.0,3.0,0
flow_00.93,107.5,4.0,0
flow_20.40,31.5,3.5,0
flow_00.94,105.5,3.0,0
flow_20.41,29.5,3.0,0
flow_20.42,28.0,3.0,0
flow_00.95,102.5,3.0,0
flow_20.43,27.0,3.0,0
flow_10.91,107.5,4.0,0
flow_30.92,109.0,4.0,0
flow_10.92,105.5,3.0,0
flow_30.93,106.0,3.0,0
flow_30.94,103.5,3.0,0
flow_10.93,103.5,3.0,0
flow_20.44,41.5,4.0,0
flow_00.96,107.5,4.0,0
flow_20.45,42.0,3.0,0
flow_00.97,108.0,3.5,0
flow_20.46,30.0,3.0,0
flow_00.98,104.0,3.0,0
flow_10.94,107.0,4.0,0
flow_30.95,107.5,4.0,0
flow_10.95,105.0,3.0,0
flow_30.96,106.0,3.0,0
flow_10.96,102.0,3.0,0
flow_30.97,103.0,3.0,0
flow_00.99,109.0,4.0,0
flow_20.47,47.5,4.0,0
flow_00.100,106.0,3.0,0
flow_20.48,40.5,3.0,0
flow_00.101,102.5,3.0,0
flow_20.49,39.5,3.0,0
flow_30.98,107.0,4.0,0
flow_10.97,107.0,4.0,0
flow_30.99,105.5,3.0,0
flow_10.98,105.5,3.0,0
flow_30.100,102.5,3.0,0
flow_10.99,103.0,3.0,0
flow_00.102,107.0,4.0,0
flow_20.50,52.0,4.0,0
flow_00.103,105.5,3.0,0
flow_20.51,51.5,3.0,0
flow_00.104,103.0,3.0,0
flow_20.52,51.0,3.0,0
flow_10.100,107.5,4.0,0
flow_30.101,108.0,4.0,0
flow_30.102,105.5,3.0,0
flow_10.101,105.5,3.0,0
flow_30.103,102.0,3.0,0
flow_10.102,102.5,3.0,0
flow_00.105,107.5,4.0,0
flow_20.53,63.0,4.0,0
flow_00.106,106.0,3.0,0
flow_20.54,32.5,3.0,0
flow_00.107,102.5,3.0,0
flow_20.55,32.0,3.0,0
flow_30.104,107.5,4.0,0
flow_10.103,107.5,4.0,0
flow_10.104,105.5,3.0,0
flow_30.105,107.5,3.5,0
flow_10.105,102.5,3.0,0
flow_30.106,103.5,3.0,0
flow_00.108,108.0,4.0,0
flow_20.56,49.0,4.0,0
flow_00.109,105.5,3.0,0
flow_00.110,102.5,3.0,0
flow_10.106,107.0,4.0,0
flow_30.107,108.0,4.0,0
flow_10.107,105.5,3.0,0
flow_30.108,106.0,3.0,0
flow_30.109,103.0,3.0,0
flow_10.108,103.0,3.0,0
flow_00.111,108.0,4.0,0
flow_00.112,105.5,3.0,0
flow_00.113,102.5,3.0,0
flow_30.110,108.0,4.0,0
flow_10.109,108.0,4.0,0
flow_10.110,105.5,3.0,0
flow_30.111,106.0,3.0,0
flow_10.111,102.0,3.0,0
flow_30.112,102.5,3.0,0
flow_00.114,107.0,4.0,0
flow_20.57,42.0,4.0,0
flow_00.115,105.0,3.0,0
flow_20.58,32.5,3.0,0
flow_00.116,102.5,3.0,0
flow_10.112,107.5,4.0,0
flow_30.113,109.0,4.0,0
flow_10.113,105.0,3.0,0
flow_30.114,106.0,3.0,0
flow_10.114,102.0,3.0,0
flow_30.115,103.5,3.0,0
flow_00.117,108.0,4.0,0
flow_00.118,105.5,3.0,0
flow_00.119,103.5,3.0,0
flow_10.115,107.0,4.0,0
flow_30.116,107.0,4.0,0
flow_30.117,105.0,3.0,0
flow_10.116,106.5,3.0,0
flow_30.118,102.5,3.0,0
flow_10.117,103.0,3.0,0
flow_00.120,108.5,4.0,0
flow_00.121,105.5,3.0,0
flow_20.59,21.0,1.5,0
flow_00.122,104.0,3.0,0
flow_30.119,107.5,4.0,0
flow_10.118,110.0,4.0,0
flow_30.120,105.0,3.0,0
flow_10.119,106.5,3.5,0
flow_30.121,102.5,3.0,0
flow_10.120,103.5,3.0,0
flow_00.123,108.0,4.0,0
flow_00.124,105.5,3.0,0
flow_00.125,102.5,3.0,0
flow_30.0,24.5,2.5,0
flow_30.1,23.0,2.0,0
flow_30.2,22.0,2.0,0
flow_00.0,26.0,3.5,0
flow_00.1,21.5,2.0,0
flow_30.3,40.0,4.0,0
flow_10.0,22.0,2.0,0
flow_30.4,41.5,3.5,0
flow_30.5,36.5,3.0,0
flow_00.2,38.0,4.0,0
flow_00.3,36.0,3.0,0
flow_20.0,21.0,1.5,0
flow_00.4,32.5,3.0,0
flow_30.6,52.5,4.0,0
flow_10.1,34.5,4.0,0
flow_30.7,50.0,3.0,0
flow_10.2,34.0,3.0,0
flow_30.8,49.0,3.0,0
flow_00.5,44.0,4.0,0
flow_00.6,36.5,3.0,0
flow_00.7,35.5,3.0,0
flow_30.9,60.0,4.0,0
flow_10.3,34.0,4.0,0
flow_10.4,32.0,3.0,0
flow_30.10,56.5,3.0,0
flow_10.5,26.5,3.0,0
flow_30.11,55.5,3.0,0
flow_00.8,53.0,4.0,0
flow_20.1,22.0,2.0,0
flow_00.9,53.0,3.0,0
flow_00.10,52.5,3.0,0
flow_10.6,31.0,3.5,0
flow_30.12,73.5,4.0,0
flow_10.7,22.0,2.0,0
flow_30.13,73.0,3.0,0
flow_10.8,21.0,2.0,0
flow_30.14,51.5,3.0,0
flow_00.11,68.5,4.0,0
flow_20.2,39.5,4.0,0
flow_20.3,22.0,2.0,0
flow_00.12,68.5,3.0,0
flow_00.13,48.0,3.0,0
flow_30.15,68.5,4.0,0
flow_10.9,39.0,4.0,0
flow_30.16,67.5,3.0,0
flow_10.10,38.5,3.5,0
flow_30.17,61.0,3.0,0
flow_10.11,37.0,3.0,0
flow_00.14,65.5,4.0,0
flow_00.15,65.0,3.0,0
flow_00.16,60.0,3.0,0
flow_10.12,52.5,4.0,0
flow_30.18,77.0,4.0,0
flow_10.13,52.5,3.0,0
flow_30.19,74.5,3.5,0
flow_10.14,51.5,3.0,0
flow_30.20,72.0,3.0,0
flow_00.17,78.0,4.0,0
flow_00.18,70.0,3.0,0
flow_00.19,62.5,3.0,0
flow_10.15,35.5,4.0,0
flow_30.21,70.0,4.0,0
flow_10.16,26.0,2.5,0
flow_30.22,59.0,3.0,0
flow_10.17,24.5,2.5,0
flow_30.23,58.5,3.0,0
flow_10.18,23.5,2.0,0
flow_00.20,80.0,4.0,0
flow_20.4,21.5,1.5,0
flow_00.21,79.5,3.0,0
flow_00.22,76.5,3.0,0
flow_30.24,76.0,4.0,0
flow_10.19,39.5,4.0,0
flow_10.20,27.0,2.5,0
flow_30.25,73.0,3.0,0
flow_30.26,72.0,3.0,0
flow_20.5,41.0,4.0,0
flow_00.23,93.0,4.0,0
flow_00.24,92.0,3.0,0
flow_20.6,40.5,3.0,0
flow_00.25,90.5,3.0,0
flow_30.27,86.5,4.0,0
flow_10.21,34.0,4.0,0
flow_30.28,79.0,3.0,0
flow_30.29,73.0,3.0,0
flow_10.22,21.5,2.0,0
flow_00.26,102.5,4.0,0
flow_20.7,43.0,4.0,0
flow_00.27,102.0,3.0,0
flow_20.8,25.0,2.5,0
flow_20.9,23.0,2.0,0
flow_00.28,99.5,3.0,0
flow_30.30,89.5,4.0,0
flow_10.23,38.5,4.0,0
flow_10.24,38.5,3.0,0
flow_30.31,90.0,3.5,0
flow_10.25,37.0,3.0,0
flow_30.32,88.5,3.0,0
flow_00.29,108.0,4.0,0
flow_20.10,22.0,2.0,0
flow_00.30,104.5,3.0,0
flow_00.31,97.0,3.0,0
flow_10.26,54.0,4.0,0
flow_30.33,104.0,4.0,0
flow_10.27,53.0,3.0,0
flow_30.34,102.0,3.0,0
flow_30.35,96.5,3.0,0
flow_10.28,52.5,3.0,0
flow_20.11,41.0,4.0,0
flow_00.32,105.0,4.0,0
flow_20.12,21.0,1.5,0
flow_00.33,100.5,3.0,0
flow_00.34,100.0,3.0,0
flow_20.13,21.0,2.0,0
flow_30.36,107.5,4.0,0
flow_10.29,70.0,4.0,0
flow_30.37,105.5,3.0,0
flow_10.30,70.0,3.0,0
flow_30.38,102.0,3.0,0
flow_10.31,68.0,3.0,0
flow_20.14,38.0,4.0,0
flow_00.35,108.5,4.0,0
flow_20.15,28.5,3.0,0
flow_00.36,105.5,3.0,0
flow_00.37,103.0,3.0,0
flow_10.32,85.0,4.0,0
flow_30.39,108.0,4.0,0
flow_10.33,76.5,3.0,0
flow_30.40,105.5,3.0,0
flow_10.34,72.5,3.0,0
flow_30.41,103.0,3.0,0
flow_20.16,41.5,4.0,0
flow_00.38,108.5,4.0,0
flow_00.39,106.0,3.0,0
flow_00.40,102.5,3.0,0
flow_30.42,107.5,4.0,0
flow_10.35,84.5,4.0,0
flow_10.36,79.0,3.0,0
flow_30.43,106.0,3.0,0
flow_30.44,103.0,3.0,0
flow_10.37,78.5,3.0,0
flow_00.41,107.0,4.0,0
flow_20.17,37.5,4.0,0
flow_00.42,105.5,3.0,0
flow_20.18,20.5,1.5,0
flow_00.43,103.5,3.0,0
flow_10.38,96.0,4.0,0
flow_30.45,108.5,4.0,0
flow_10.39,95.0,3.0,0
flow_30.46,106.0,3.0,0
flow_30.47,102.5,3.0,0
flow_10.40,94.0,3.0,0
flow_20.19,25.5,3.0,0
flow_00.44,107.5,4.0,0
flow_20.20,24.5,2.5,0
flow_00.45,105.5,3.0,0
flow_00.46,103.0,3.0,0
flow_30.48,107.0,4.0,0
flow_10.41,107.5,4.0,0
flow_10.42,105.5,3.0,0
flow_30.49,106.0,3.0,0
flow_30.50,102.5,3.0,0
flow_10.43,95.5,3.0,0
flow_20.21,37.0,4.0,0
flow_00.47,107.5,4.0,0
flow_00.48,105.0,3.0,0
flow_00.49,103.0,3.0,0
flow_30.51,107.5,4.0,0
flow_10.44,108.0,4.0,0
flow_10.45,105.5,3.0,0
flow_30.52,106.0,3.0,0
flow_30.53,102.5,3.0,0
flow_10.46,103.5,3.0,0
flow_00.50,107.5,4.0,0
flow_00.51,106.5,3.5,0
flow_00.52,103.0,3.0,0
flow_20.22,22.0,2.0,0
flow_30.54,107.5,4.0,0
flow_10.47,107.5,4.0,0
flow_30.55,105.5,3.0,0
flow_10.48,105.5,3.0,0
flow_30.56,102.0,3.0,0
flow_10.49,103.0,3.0,0
flow_00.53,108.0,4.0,0
flow_20.23,38.5,4.0,0
flow_20.24,32.5,3.0,0
flow_00.54,106.5,3.5,0
flow_20.25,27.5,3.0,0
flow_00.55,103.5,3.0,0
flow_30.57,107.5,4.0,0
flow_10.50,107.5,4.0,0
flow_30.58,105.0,3.0,0
flow_10.51,106.0,3.0,0
flow_30.59,102.0,3.0,0
flow_10.52,103.0,3.0,0
flow_00.56,107.5,4.0,0
flow_00.57,105.5,3.0,0
flow_20.26,22.5,2.0,0
flow_00.58,102.5,3.0,0
flow_30.60,107.0,4.0,0
flow_10.53,108.0,4.0,0
flow_30.61,105.0,3.0,0
flow_10.54,106.0,3.0,0
flow_30.62,102.0,3.0,0
flow_10.55,103.0,3.0,0
flow_00.59,107.5,4.0,0
flow_00.60,105.0,3.0,0
flow_00.61,102.5,3.0,0
flow_10.56,107.0,4.0,0
flow_30.63,107.0,4.0,0
flow_10.57,105.5,3.0,0
flow_30.64,106.0,3.0,0
flow_30.65,103.5,3.0,0
flow_10.58,104.5,3.0,0
flow_00.62,107.5,4.0,0
flow_20.27,40.5,4.0,0
flow_00.63,105.0,3.0,0
flow_00.64,102.5,3.0,0
flow_30.66,107.5,4.0,0
flow_10.59,108.5,4.0,0
flow_10.60,105.5,3.0,0
flow_30.67,106.0,3.0,0
flow_30.68,102.5,3.0,0
flow_10.61,103.0,3.0,0
flow_20.28,24.5,2.5,0
flow_00.65,107.5,4.0,0
flow_20.29,22.5,2.0,0
flow_00.66,105.5,3.0,0
flow_00.67,103.0,3.0,0
flow_30.69,107.0,4.0,0
flow_10.62,107.5,4.0,0
flow_10.63,105.5,3.0,0
flow_30.70,107.0,3.5,0
flow_10.64,102.0,3.0,0
flow_30.71,105.0,3.5,0
flow_00.68,108.5,4.0,0
flow_00.69,106.0,3.0,0
flow_00.70,102.5,3.0,0
flow_10.65,107.0,4.0,0
flow_30.72,107.5,4.0,0
flow_10.66,105.5,3.0,0
flow_30.73,106.0,3.0,0
flow_10.67,102.5,3.0,0
flow_30.74,102.5,3.0,0
flow_00.71,107.0,4.0,0
flow_00.72,106.0,3.0,0
flow_00.73,103.0,3.0,0
flow_10.68,107.0,4.0,0
flow_30.75,108.5,4.0,0
flow_10.69,105.5,3.0,0
flow_30.76,105.5,3.0,0
flow_30.77,102.5,3.0,0
flow_10.70,103.0,3.0,0
flow_20.30,29.0,3.5,0
flow_00.74,108.0,4.0,0
flow_20.31,21.5,2.0,0
flow_00.75,105.5,3.0,0
flow_00.76,103.0,3.0,0
flow_30.78,108.0,4.0,0
flow_10.71,108.5,4.0,0
flow_10.72,106.0,3.0,0
flow_30.79,106.5,3.5,0
flow_10.73,102.5,3.0,0
flow_30.80,103.0,3.0,0
flow_20.32,39.5,4.0,0
flow_00.77,107.5,4.0,0
flow_00.78,105.5,3.0,0
flow_20.33,30.0,3.0,0
flow_00.79,103.0,3.0,0
flow_20.34,22.5,2.0,0
flow_10.74,107.0,4.0,0
flow_30.81,107.5,4.0,0
flow_10.75,105.5,3.0,0
flow_30.82,105.5,3.0,0
flow_10.76,102.5,3.0,0
flow_30.83,103.0,3.0,0
flow_00.80,107.5,4.0,0
flow_20.35,30.0,3.5,0
flow_00.81,105.5,3.0,0
flow_00.82,102.5,3.0,0
flow_10.77,107.5,4.0,0
flow_30.84,108.0,4.0,0
flow_30.85,105.5,3.0,0
flow_10.78,106.0,3.0,0
flow_30.86,102.5,3.0,0
flow_10.79,103.0,3.0,0
flow_00.83,107.5,4.0,0
flow_20.36,30.5,3.5,0
flow_00.84,105.5,3.0,0
flow_00.85,102.5,3.0,0
flow_30.87,107.5,4.0,0
flow_10.80,109.0,4.0,0
flow_30.88,105.5,3.0,0
flow_10.81,106.0,3.0,0
flow_30.89,102.5,3.0,0
flow_10.82,102.5,3.0,0
flow_20.37,27.0,3.5,0
flow_00.86,109.5,4.0,0
flow_20.38,20.5,2.0,0
flow_00.87,106.5,3.5,0
flow_00.88,103.5,3.0,0
flow_10.83,107.5,4.0,0
flow_30.90,108.0,4.0,0
flow_10.84,105.0,3.0,0
flow_30.91,105.5,3.0,0
flow_10.85,102.0,3.0,0
flow_30.92,103.0,3.0,0
flow_20.39,24.5,3.0,0
flow_00.89,107.0,4.0,0
flow_20.40,21.5,2.0,0
flow_00.90,105.5,3.0,0
flow_00.91,103.0,3.0,0
flow_30.93,107.0,4.0,0
flow_10.86,107.5,4.0,0
flow_30.94,105.0,3.0,0
flow_10.87,105.0,3.0,0
flow_30.95,102.0,3.0,0
flow_10.88,102.5,3.0,0
flow_00.92,107.0,4.0,0
flow_00.93,105.5,3.0,0
flow_00.94,103.0,3.0,0
flow_20.41,23.0,2.0,0
flow_30.96,107.0,4.0,0
flow_10.89,107.5,4.0,0
flow_10.90,105.0,3.0,0
flow_30.97,105.5,3.0,0
flow_30.98,102.5,3.0,0
flow_10.91,103.0,3.0,0
flow_00.95,107.5,4.0,0
flow_20.42,35.5,4.0,0
flow_00.96,105.5,3.0,0
flow_00.97,103.0,3.0,0
flow_20.43,22.5,2.0,0
flow_10.92,107.0,4.0,0
flow_30.99,108.0,4.0,0
flow_30.100,106.0,3.0,0
flow_10.93,106.5,3.0,0
flow_30.101,102.5,3.0,0
flow_10.94,103.5,3.0,0
flow_00.98,107.5,4.0,0
flow_00.99,105.5,3.0,0
flow_00.100,103.0,3.0,0
flow_30.102,107.5,4.0,0
flow_10.95,107.5,4.0,0
flow_30.103,105.0,3.0,0
flow_10.96,106.0,3.0,0
flow_30.104,102.5,3.0,0
flow_10.97,103.5,3.0,0
flow_00.101,107.5,4.0,0
flow_00.102,105.5,3.0,0
flow_00.103,102.5,3.0,0
flow_30.105,108.0,4.0,0
flow_10.98,108.0,4.0,0
flow_30.106,105.5,3.0,0
flow_10.99,105.5,3.0,0
flow_30.107,102.0,3.0,0
flow_10.100,102.5,3.0,0
flow_00.104,107.0,4.0,0
flow_00.105,105.5,3.0,0
flow_20.44,23.0,2.0,0
flow_00.106,102.0,3.0,0
flow_20.45,21.5,2.0,0
flow_10.101,107.0,4.0,0
flow_30.108,108.0,4.0,0
flow_30.109,105.5,3.0,0
flow_10.102,106.0,3.0,0
flow_30.110,102.5,3.0,0
flow_10.103,103.5,3.0,0
flow_00.107,107.5,4.0,0
flow_20.46,39.0,4.0,0
flow_00.108,105.5,3.0,0
flow_20.47,37.5,3.0,0
flow_00.109,103.0,3.0,0
flow_20.48,38.5,3.0,0
flow_30.111,107.5,4.0,0
flow_10.104,107.5,4.0,0
flow_10.105,105.5,3.0,0
flow_30.112,106.0,3.0,0
flow_30.113,103.0,3.0,0
flow_10.106,103.0,3.0,0
flow_20.49,47.0,4.0,0
flow_00.110,108.0,4.0,0
flow_20.50,37.0,3.0,0
flow_00.111,106.5,3.5,0
flow_20.51,30.0,3.0,0
flow_00.112,103.0,3.0,0
flow_30.114,107.5,4.0,0
flow_10.107,107.5,4.0,0
flow_30.115,105.0,3.0,0
flow_10.108,105.5,3.0,0
flow_30.116,103.0,3.0,0
flow_10.109,103.0,3.0,0
flow_20.52,43.0,4.0,0
flow_00.113,108.5,4.0,0
flow_00.114,106.0,3.0,0
flow_00.115,103.0,3.0,0
flow_30.117,107.5,4.0,0
flow_10.110,108.0,4.0,0
flow_30.118,105.0,3.0,0
flow_10.111,105.5,3.0,0
flow_30.119,102.0,3.0,0
flow_10.112,103.5,3.0,0
flow_20.53,22.0,2.0,0
flow_00.116,108.0,4.0,0
flow_00.117,105.5,3.0,0
flow_20.54,23.0,2.0,0
flow_00.118,103.5,3.0,0
flow_10.113,107.0,4.0,0
flow_30.120,108.5,4.0,0
flow_30.121,105.5,3.0,0
flow_10.114,105.5,3.0,0
flow_30.122,103.0,3.0,0
flow_10.115,103.5,3.0,0
flow_00.119,107.5,4.0,0
flow_20.55,40.5,4.0,0
flow_00.120,105.0,3.0,0
flow_20.56,21.5,2.0,0
flow_00.121,102.5,3.0,0
flow_30.123,107.0,4.0,0
flow_10.116,107.5,4.0,0
flow_30.124,105.0,3.0,0
flow_10.117,105.0,3.0,0
flow_10.118,102.0,3.0,0
flow_30.125,103.5,3.0,0
flow_00.122,107.5,4.0,0
flow_20.57,33.5,4.0,0
flow_00.123,106.0,3.0,0
flow_00.124,102.5,3.0,0
flow_20.58,21.5,2.0,0
flow_30.0,22.0,2.0,0
flow_10.0,21.0,1.5,0
flow_30.1,21.5,2.0,0
flow_10.1,22.5,2.0,0
flow_20.0,38.0,4.0,0
flow_00.0,31.0,3.5,0
flow_00.1,22.5,2.5,0
flow_20.1,38.0,3.0,0
flow_20.2,37.0,3.0,0
flow_00.2,22.0,2.0,0
flow_30.2,38.0,4.0,0
flow_30.3,36.5,3.0,0
flow_30.4,35.5,3.0,0
flow_00.3,39.0,4.0,0
flow_20.3,54.5,4.0,0
flow_20.4,53.5,3.0,0
flow_00.4,27.0,2.5,0
flow_00.5,25.5,2.5,0
flow_20.5,52.0,3.0,0
flow_00.6,24.0,2.0,0
flow_30.5,52.5,4.0,0
flow_10.2,41.5,4.0,0
flow_10.3,25.5,2.5,0
flow_30.6,52.5,3.0,0
flow_30.7,51.0,3.0,0
flow_00.7,40.0,4.0,0
flow_20.6,70.0,4.0,0
flow_20.7,68.5,3.0,0
flow_00.8,39.5,3.0,0
flow_20.8,48.0,3.0,0
flow_00.9,35.5,3.0,0
flow_10.4,20.5,1.5,0
flow_30.8,58.0,4.0,0
flow_30.9,43.0,3.0,0
flow_10.5,21.5,2.0,0
flow_30.10,36.0,3.0,0
flow_20.9,65.0,4.0,0
flow_00.10,52.0,4.0,0
flow_20.10,65.0,3.0,0
flow_00.11,50.0,3.0,0
flow_20.11,57.0,3.0,0
flow_00.12,48.5,3.0,0
flow_10.6,35.5,4.0,0
flow_30.11,53.0,4.0,0
flow_10.7,33.5,3.0,0
flow_30.12,29.5,3.0,0
flow_10.8,31.5,3.0,0
flow_30.13,27.0,3.0,0
flow_20.12,74.5,4.0,0
flow_00.13,66.0,4.0,0
flow_20.13,74.0,3.0,0
flow_00.14,64.5,3.0,0
flow_20.14,69.5,3.0,0
flow_00.15,63.5,3.0,0
flow_10.9,50.0,4.0,0
flow_30.14,36.0,4.0,0
flow_10.10,43.0,3.0,0
flow_30.15,35.0,3.0,0
flow_30.16,34.0,3.0,0
flow_10.11,41.5,3.0,0
flow_00.16,62.0,4.0,0
flow_20.15,85.5,4.0,0
flow_20.16,74.5,3.0,0
flow_00.17,62.0,3.0,0
flow_20.17,66.5,3.0,0
flow_00.18,59.5,3.0,0
flow_30.17,52.5,4.0,0
flow_10.12,58.5,4.0,0
flow_30.18,52.0,3.5,0
flow_30.19,50.0,3.0,0
flow_10.13,22.5,2.0,0
flow_20.18,83.5,4.0,0
flow_00.19,77.5,4.0,0
flow_00.20,77.0,3.0,0
flow_20.19,70.0,3.0,0
flow_00.21,76.0,3.0,0
flow_20.20,63.5,3.0,0
flow_10.14,38.0,4.0,0
flow_30.20,67.5,4.0,0
flow_10.15,25.0,2.5,0
flow_30.21,67.0,3.0,0
flow_10.16,23.5,2.5,0
flow_30.22,63.5,3.0,0
flow_00.22,82.5,4.0,0
flow_20.21,80.5,4.0,0
flow_20.22,69.0,3.0,0
flow_00.23,79.0,3.5,0
flow_20.23,56.5,3.0,0
flow_00.24,78.0,3.0,0
flow_10.17,31.0,4.0,0
flow_30.23,79.0,4.0,0
flow_10.18,31.0,3.5,0
flow_30.24,77.5,3.5,0
flow_30.25,72.0,3.0,0
flow_00.25,94.5,4.0,0
flow_20.24,66.5,4.0,0
flow_00.26,94.0,3.0,0
flow_20.25,66.0,3.0,0
flow_00.27,92.5,3.0,0
flow_20.26,65.5,3.0,0
flow_10.19,36.5,4.0,0
flow_30.26,89.5,4.0,0
flow_30.27,72.0,3.0,0
flow_10.20,36.0,3.0,0
flow_10.21,26.5,3.0,0
flow_30.28,49.5,3.0,0
flow_20.27,82.0,4.0,0
flow_00.28,107.5,4.0,0
flow_20.28,81.5,3.0,0
flow_00.29,105.5,3.0,0
flow_00.30,102.5,3.0,0
flow_20.29,75.0,3.0,0
flow_30.29,60.0,4.0,0
flow_30.30,55.5,3.0,0
flow_30.31,54.5,3.0,0
flow_00.31,107.5,4.0,0
flow_20.30,90.0,4.0,0
flow_00.32,105.5,3.0,0
flow_20.31,60.5,3.0,0
flow_00.33,102.0,3.0,0
flow_20.32,59.0,3.0,0
flow_30.32,72.0,4.0,0
flow_10.22,40.5,4.0,0
flow_30.33,60.0,3.0,0
flow_30.34,43.0,3.0,0
flow_10.23,21.5,2.0,0
flow_20.33,62.5,4.0,0
flow_00.34,108.0,4.0,0
flow_20.34,62.0,3.0,0
flow_00.35,106.0,3.0,0
flow_00.36,102.5,3.0,0
flow_20.35,61.5,3.0,0
flow_30.35,60.5,4.0,0
flow_30.36,47.5,3.0,0
flow_30.37,47.0,3.0,0
flow_00.37,107.0,4.0,0
flow_20.36,78.5,4.0,0
flow_00.38,105.5,3.0,0
flow_20.37,78.0,3.0,0
flow_20.38,66.0,3.0,0
flow_00.39,102.5,3.0,0
flow_30.38,64.5,4.0,0
flow_10.24,20.5,1.5,0
flow_30.39,64.0,3.0,0
flow_30.40,56.5,3.0,0
flow_00.40,108.0,4.0,0
flow_20.39,84.5,4.0,0
flow_00.41,105.5,3.0,0
flow_20.40,84.5,3.0,0
flow_00.42,102.0,3.0,0
flow_20.41,83.0,3.0,0
flow_30.41,71.5,4.0,0
flow_10.25,41.5,4.0,0
flow_30.42,66.5,3.0,0
flow_10.26,40.5,3.0,0
flow_10.27,39.0,3.0,0
flow_30.43,65.5,3.0,0
flow_00.43,108.0,4.0,0
flow_20.42,100.5,4.0,0
flow_20.43,99.0,3.0,0
flow_00.44,106.0,3.0,0
flow_00.45,102.5,3.0,0
flow_20.44,87.0,3.0,0
flow_10.28,57.0,4.0,0
flow_30.44,78.0,4.0,0
flow_30.45,76.5,3.0,0
flow_10.29,53.5,3.0,0
flow_30.46,62.5,3.0,0
flow_10.30,33.0,3.0,0
flow_00.46,107.0,4.0,0
flow_20.45,103.5,4.0,0
flow_20.46,97.5,3.0,0
flow_00.47,107.0,3.5,0
flow_20.47,96.5,3.0,0
flow_00.48,103.5,3.0,0
flow_30.47,80.0,4.0,0
flow_10.31,44.0,4.0,0
flow_30.48,79.0,3.0,0
flow_10.32,43.0,3.0,0
flow_30.49,78.0,3.0,0
flow_10.33,41.5,3.0,0
flow_00.49,107.0,4.0,0
flow_20.48,108.5,4.0,0
flow_00.50,105.5,3.0,0
flow_20.49,107.0,3.5,0
flow_00.51,102.5,3.0,0
flow_20.50,103.5,3.0,0
flow_30.50,96.0,4.0,0
flow_10.34,41.0,4.0,0
flow_10.35,38.5,3.0,0
flow_30.51,96.5,3.5,0
flow_30.52,94.5,3.0,0
flow_00.52,107.5,4.0,0
flow_20.51,108.0,4.0,0
flow_20.52,105.5,3.0,0
flow_00.53,106.5,3.0,0
flow_20.53,102.5,3.0,0
flow_00.54,104.0,3.0,0
flow_10.36,26.5,3.0,0
flow_30.53,108.5,4.0,0
flow_30.54,97.0,3.0,0
flow_30.55,97.5,3.0,0
flow_00.55,107.0,4.0,0
flow_20.54,107.5,4.0,0
flow_20.55,105.5,3.0,0
flow_00.56,106.5,3.5,0
flow_20.56,103.0,3.0,0
flow_00.57,103.5,3.0,0
flow_10.37,34.5,4.0,0
flow_30.56,107.0,4.0,0
flow_10.38,24.5,2.5,0
flow_30.57,102.0,3.0,0
flow_30.58,99.0,3.0,0
flow_00.58,107.5,4.0,0
flow_20.57,108.0,4.0,0
flow_00.59,105.5,3.0,0
flow_20.58,105.5,3.0,0
flow_20.59,102.5,3.0,0
flow_00.60,103.0,3.0,0
flow_30.59,100.5,4.0,0
flow_10.39,39.0,4.0,0
flow_30.60,100.0,3.0,0
flow_10.40,22.0,2.0,0
flow_30.61,98.5,3.0,0
flow_00.61,107.0,4.0,0
flow_20.60,108.0,4.0,0
flow_00.62,105.5,3.0,0
flow_20.61,105.5,3.0,0
flow_00.63,102.5,3.0,0
flow_20.62,103.0,3.0,0
flow_10.41,38.0,4.0,0
flow_30.62,108.5,4.0,0
flow_10.42,27.5,3.0,0
flow_30.63,106.5,3.5,0
flow_10.43,26.0,2.5,0
flow_30.64,103.5,3.0,0
flow_10.44,23.5,2.5,0
flow_00.64,107.5,4.0,0
flow_20.63,109.0,4.0,0
flow_00.65,105.5,3.0,0
flow_20.64,106.5,3.5,0
flow_00.66,102.5,3.0,0
flow_20.65,104.0,3.0,0
flow_30.65,107.5,4.0,0
flow_10.45,38.5,4.0,0
flow_30.66,105.5,3.0,0
flow_10.46,35.0,3.0,0
flow_30.67,102.0,3.0,0
flow_10.47,34.5,3.0,0
flow_00.67,107.5,4.0,0
flow_20.66,108.0,4.0,0
flow_00.68,105.0,3.0,0
flow_20.67,106.0,3.0,0
flow_00.69,102.5,3.0,0
flow_20.68,102.5,3.0,0
flow_30.68,107.5,4.0,0
flow_10.48,45.0,4.0,0
flow_10.49,30.0,3.0,0
flow_30.69,105.5,3.0,0
flow_30.70,103.0,3.0,0
flow_20.69,107.0,4.0,0
flow_00.70,108.0,4.0,0
flow_00.71,106.0,3.0,0
flow_20.70,106.0,3.0,0
flow_00.72,102.5,3.0,0
flow_20.71,103.0,3.0,0
flow_30.71,93.5,4.0,0
flow_30.72,92.5,3.0,0
flow_30.73,86.0,3.0,0
flow_20.72,107.5,4.0,0
flow_00.73,108.0,4.0,0
flow_00.74,105.5,3.0,0
flow_20.73,106.0,3.0,0
flow_00.75,102.5,3.0,0
flow_20.74,103.0,3.0,0
flow_10.50,36.5,4.0,0
flow_30.74,100.5,4.0,0
flow_10.51,36.5,3.0,0
flow_30.75,80.5,3.5,0
flow_30.76,79.0,3.0,0
flow_10.52,22.5,2.0,0
flow_20.75,107.5,4.0,0
flow_00.76,108.0,4.0,0
flow_00.77,105.5,3.0,0
flow_20.76,105.5,3.0,0
flow_00.78,102.0,3.0,0
flow_20.77,102.0,3.0,0
flow_30.77,28.5,3.5,0
flow_30.78,26.5,3.0,0
flow_30.79,21.5,2.0,0
flow_20.78,107.0,4.0,0
flow_00.79,107.5,4.0,0
flow_20.79,105.0,3.0,0
flow_00.80,106.5,3.5,0
flow_20.80,102.5,3.0,0
flow_00.81,103.0,3.0,0
flow_10.53,32.0,4.0,0
flow_30.80,39.5,4.0,0
flow_10.54,29.0,3.0,0
flow_30.81,39.0,3.0,0
flow_10.55,28.0,3.0,0
flow_30.82,30.0,3.0,0
flow_00.82,107.5,4.0,0
flow_20.81,108.0,4.0,0
flow_20.82,106.0,3.0,0
flow_00.83,107.5,3.5,0
flow_20.83,102.5,3.0,0
flow_00.84,103.5,3.0,0
flow_10.56,23.0,2.0,0
flow_30.83,37.0,4.0,0
flow_10.57,20.5,2.0,0
flow_30.84,33.5,3.0,0
flow_00.85,107.0,4.0,0
flow_20.84,108.5,4.0,0
flow_00.86,105.5,3.0,0
flow_20.85,105.5,3.0,0
flow_20.86,102.5,3.0,0
flow_00.87,103.0,3.0,0
flow_30.85,27.0,3.5,0
flow_30.86,25.5,3.0,0
flow_30.87,24.5,2.5,0
flow_30.88,23.0,2.5,0
flow_20.87,107.5,4.0,0
flow_00.88,108.0,4.0,0
flow_20.88,105.0,3.0,0
flow_00.89,106.0,3.0,0
flow_20.89,102.0,3.0,0
flow_00.90,102.5,3.0,0
flow_30.89,39.5,4.0,0
flow_10.58,30.5,4.0,0
flow_30.90,28.0,3.0,0
flow_30.91,26.5,3.0,0
flow_30.92,26.5,3.0,0
flow_00.91,107.5,4.0,0
flow_20.90,107.5,4.0,0
flow_20.91,105.5,3.0,0
flow_00.92,106.0,3.0,0
flow_20.92,102.5,3.0,0
flow_00.93,103.0,3.0,0
flow_30.93,41.0,4.0,0
flow_30.94,21.5,2.0,0
flow_00.94,107.5,4.0,0
flow_20.93,107.5,4.0,0
flow_00.95,105.5,3.0,0
flow_20.94,105.5,3.0,0
flow_00.96,102.5,3.0,0
flow_20.95,103.0,3.0,0
flow_10.59,30.0,3.5,0
flow_30.95,40.0,4.0,0
flow_30.96,39.5,3.0,0
flow_30.97,35.0,3.0,0
flow_00.97,107.0,4.0,0
flow_20.96,108.0,4.0,0
flow_00.98,105.5,3.0,0
flow_20.97,105.5,3.0,0
flow_00.99,102.0,3.0,0
flow_20.98,102.0,3.0,0
flow_30.98,52.0,4.0,0
flow_10.60,41.5,4.0,0
flow_30.99,51.5,3.0,0
flow_10.61,40.5,3.0,0
flow_30.100,50.5,3.0,0
flow_10.62,30.5,3.0,0
flow_20.99,107.0,4.0,0
flow_00.100,107.5,4.0,0
flow_00.101,105.0,3.0,0
flow_20.100,105.5,3.0,0
flow_00.102,102.0,3.0,0
flow_20.101,102.5,3.0,0
flow_30.101,68.0,4.0,0
flow_10.63,47.0,4.0,0
flow_30.102,68.0,3.0,0
flow_10.64,44.0,3.5,0
flow_30.103,66.5,3.0,0
flow_10.65,38.5,3.0,0
flow_00.103,107.5,4.0,0
flow_20.102,107.5,4.0,0
flow_20.103,106.0,3.0,0
flow_00.104,106.5,3.0,0
flow_20.104,103.0,3.0,0
flow_00.105,104.0,3.0,0
flow_30.104,75.0,4.0,0
flow_10.66,55.0,4.0,0
flow_30.105,62.0,3.0,0
flow_10.67,52.0,3.0,0
flow_10.68,51.0,3.0,0
flow_30.106,51.5,3.0,0
flow_00.106,108.0,4.0,0
flow_20.105,109.0,4.0,0
flow_00.107,106.0,3.0,0
flow_20.106,106.0,3.0,0
flow_00.108,102.5,3.0,0
flow_20.107,103.0,3.0,0
flow_30.107,66.5,4.0,0
flow_10.69,58.0,4.0,0
flow_30.108,57.5,3.0,0
flow_10.70,56.5,3.0,0
flow_30.109,51.5,3.0,0
flow_20.108,107.0,4.0,0
flow_00.109,108.0,4.0,0
flow_20.109,105.0,3.0,0
flow_00.110,106.0,3.0,0
flow_20.110,102.0,3.0,0
flow_00.111,102.5,3.0,0
flow_10.71,26.0,3.5,0
flow_30.110,52.5,4.0,0
flow_10.72,22.0,2.0,0
flow_30.111,45.0,3.0,0
flow_30.112,44.0,3.0,0
flow_10.73,23.0,2.0,0
flow_20.111,107.5,4.0,0
flow_00.112,108.0,4.0,0
flow_00.113,106.5,3.5,0
flow_20.112,107.0,3.5,0
flow_00.114,103.0,3.0,0
flow_20.113,103.0,3.0,0
flow_30.113,61.0,4.0,0
flow_10.74,37.5,4.0,0
flow_30.114,50.5,3.0,0
flow_10.75,24.5,2.5,0
flow_30.115,51.0,3.0,0
flow_00.115,107.5,4.0,0
flow_20.114,107.5,4.0,0
flow_00.116,105.0,3.0,0
flow_20.115,105.5,3.0,0
flow_20.116,102.5,3.0,0
flow_00.117,103.0,3.0,0
flow_30.116,45.5,4.0,0
flow_10.76,40.5,4.0,0
flow_10.77,39.0,3.0,0
flow_30.117,39.5,3.0,0
flow_10.78,30.5,3.0,0
flow_00.118,107.0,4.0,0
flow_20.117,107.5,4.0,0
flow_20.118,106.0,3.0,0
flow_00.119,106.5,3.5,0
flow_20.119,103.0,3.0,0
flow_00.120,103.5,3.0,0
flow_10.79,28.5,3.5,0
flow_30.118,42.0,4.0,0
flow_30.119,30.0,3.0,0
flow_30.120,27.5,2.5,0
flow_30.121,25.5,2.5,0
flow_00.121,107.5,4.0,0
flow_20.120,107.5,4.0,0
flow_00.122,105.5,3.0,0
flow_20.121,106.0,3.0,0
flow_00.123,102.5,3.0,0
flow_20.122,103.0,3.0,0
flow_30.122,25.0,3.0,0
flow_10.80,38.0,4.0,0
flow_30.123,22.5,2.0,0
flow_30.124,21.5,2.0,0
flow_10.81,22.0,2.0,0
flow_00.124,108.0,4.0,0
flow_20.123,108.0,4.0,0
flow_20.124,105.5,3.0,0
flow_00.125,106.0,3.0,0
flow_00.126,103.0,3.0,0
flow_20.125,103.0,3.0,0
flow_30.0,22.5,2.0,0
flow_10.0,21.0,1.5,0
flow_30.1,22.0,2.0,0
flow_00.0,31.0,3.5,0
flow_00.1,30.5,3.0,0
flow_00.2,29.0,3.0,0
flow_00.3,27.5,3.0,0
flow_10.1,39.5,4.0,0
flow_30.2,39.0,4.0,0
flow_10.2,39.0,3.0,0
flow_30.3,39.5,3.0,0
flow_30.4,36.5,3.0,0
flow_10.3,37.0,3.0,0
flow_00.4,43.0,4.0,0
flow_00.5,41.5,3.0,0
flow_00.6,41.0,3.0,0
flow_10.4,54.0,4.0,0
flow_30.5,54.5,4.0,0
flow_10.5,53.0,3.0,0
flow_30.6,54.0,3.0,0
flow_10.6,52.0,3.0,0
flow_30.7,48.5,3.0,0
flow_00.7,45.0,4.0,0
flow_20.0,23.5,2.0,0
flow_00.8,42.0,3.0,0
flow_00.9,40.5,3.0,0
flow_30.8,66.5,4.0,0
flow_10.7,60.5,4.0,0
flow_30.9,63.0,3.0,0
flow_10.8,59.5,3.0,0
flow_30.10,55.0,3.0,0
flow_10.9,53.5,3.0,0
flow_00.10,50.5,4.0,0
flow_20.1,41.5,4.0,0
flow_00.11,45.5,3.0,0
flow_20.2,39.0,3.0,0
flow_00.12,44.5,3.0,0
flow_20.3,22.5,2.0,0
flow_10.10,70.5,4.0,0
flow_30.11,70.0,4.0,0
flow_10.11,65.0,3.0,0
flow_30.12,68.5,3.5,0
flow_10.12,64.0,3.0,0
flow_30.13,65.5,3.0,0
flow_00.13,50.0,4.0,0
flow_20.4,33.5,4.0,0
flow_00.14,25.0,2.5,0
flow_00.15,22.0,2.0,0
flow_10.13,81.5,4.0,0
flow_30.14,82.0,4.0,0
flow_30.15,81.0,3.0,0
flow_10.14,82.0,3.5,0
flow_30.16,80.5,3.0,0
flow_10.15,80.0,3.0,0
flow_00.16,25.5,3.0,0
flow_20.5,20.5,1.5,0
flow_00.17,25.0,2.5,0
flow_00.18,22.0,2.0,0
flow_10.16,86.5,4.0,0
flow_30.17,97.5,4.0,0
flow_10.17,86.5,3.0,0
flow_30.18,97.0,3.0,0
flow_10.18,85.5,3.0,0
flow_30.19,82.0,3.0,0
flow_00.19,39.0,4.0,0
flow_20.6,34.0,4.0,0
flow_00.20,38.5,3.0,0
flow_20.7,33.0,3.0,0
flow_00.21,37.5,3.0,0
flow_20.8,28.5,3.0,0
flow_10.19,103.0,4.0,0
flow_30.20,99.0,4.0,0
flow_30.21,98.5,3.0,0
flow_10.20,101.5,3.0,0
flow_30.22,88.0,3.0,0
flow_10.21,101.0,3.0,0
flow_20.9,21.0,1.5,0
flow_00.22,55.5,4.0,0
flow_00.23,49.5,3.0,0
flow_00.24,37.5,3.0,0
flow_30.23,81.0,4.0,0
flow_10.22,108.0,4.0,0
flow_10.23,105.5,3.0,0
flow_30.24,69.5,3.0,0
flow_10.24,103.0,3.0,0
flow_30.25,61.5,3.0,0
flow_00.25,37.0,4.0,0
flow_20.10,39.0,4.0,0
flow_00.26,31.5,3.5,0
flow_20.11,39.0,3.0,0
flow_00.27,30.5,3.0,0
flow_10.25,107.0,4.0,0
flow_30.26,78.5,4.0,0
flow_10.26,105.0,3.0,0
flow_30.27,77.5,3.0,0
flow_10.27,102.0,3.0,0
flow_30.28,76.5,3.0,0
flow_00.28,47.5,4.0,0
flow_20.12,36.5,4.0,0
flow_00.29,47.0,3.5,0
flow_00.30,46.0,3.0,0
flow_10.28,108.0,4.0,0
flow_30.29,94.5,4.0,0
flow_10.29,106.5,3.0,0
flow_30.30,94.0,3.5,0
flow_10.30,103.0,3.0,0
flow_30.31,92.5,3.0,0
flow_00.31,57.0,4.0,0
flow_20.13,26.5,3.0,0
flow_00.32,36.0,3.0,0
flow_00.33,24.0,2.5,0
flow_10.31,107.0,4.0,0
flow_30.32,106.5,4.0,0
flow_10.32,105.0,3.0,0
flow_30.33,105.5,3.0,0
flow_30.34,102.5,3.0,0
flow_10.33,103.0,3.0,0
flow_00.34,40.5,4.0,0
flow_00.35,40.5,3.0,0
flow_00.36,27.0,2.5,0
flow_10.34,107.5,4.0,0
flow_30.35,107.5,4.0,0
flow_10.35,105.5,3.0,0
flow_30.36,106.0,3.0,0
flow_10.36,102.5,3.0,0
flow_30.37,103.0,3.0,0
flow_00.37,44.5,4.0,0
flow_20.14,40.0,4.0,0
flow_00.38,44.0,3.0,0
flow_20.15,37.0,3.0,0
flow_20.16,31.5,3.0,0
flow_00.39,41.0,3.0,0
flow_10.37,107.5,4.0,0
flow_30.38,107.5,4.0,0
flow_30.39,105.5,3.0,0
flow_10.38,106.0,3.0,0
flow_10.39,103.0,3.0,0
flow_30.40,103.5,3.0,0
flow_00.40,58.5,4.0,0
flow_00.41,59.0,3.5,0
flow_00.42,57.5,3.0,0
flow_10.40,107.0,4.0,0
flow_30.41,107.5,4.0,0
flow_30.42,105.0,3.0,0
flow_10.41,105.5,3.0,0
flow_10.42,103.0,3.0,0
flow_30.43,103.0,3.0,0
flow_00.43,74.0,4.0,0
flow_00.44,74.0,3.0,0
flow_00.45,72.5,3.0,0
flow_10.43,107.5,4.0,0
flow_30.44,107.5,4.0,0
flow_30.45,105.5,3.0,0
flow_10.44,106.0,3.0,0
flow_30.46,102.5,3.0,0
flow_10.45,103.0,3.0,0
flow_20.17,31.5,4.0,0
flow_00.46,89.5,4.0,0
flow_00.47,88.5,3.0,0
flow_00.48,87.0,3.0,0
flow_30.47,107.0,4.0,0
flow_10.46,107.5,4.0,0
flow_10.47,105.5,3.0,0
flow_30.48,106.0,3.0,0
flow_10.48,103.0,3.0,0
flow_30.49,103.0,3.0,0
flow_00.49,103.5,4.0,0
flow_20.18,21.5,2.0,0
flow_00.50,90.5,3.0,0
flow_00.51,81.5,3.0,0
flow_20.19,22.0,2.0,0
flow_30.50,107.5,4.0,0
flow_10.49,108.0,4.0,0
flow_30.51,105.5,3.0,0
flow_10.50,106.0,3.0,0
flow_30.52,102.5,3.0,0
flow_10.51,103.0,3.0,0
flow_00.52,87.5,4.0,0
flow_20.20,35.0,4.0,0
flow_20.21,24.5,2.5,0
flow_00.53,87.0,3.0,0
flow_00.54,86.0,3.0,0
flow_30.53,107.5,4.0,0
flow_10.52,108.0,4.0,0
flow_10.53,105.5,3.0,0
flow_30.54,105.5,3.0,0
flow_30.55,102.5,3.0,0
flow_10.54,103.0,3.0,0
flow_20.22,23.0,2.0,0
flow_00.55,104.5,4.0,0
flow_00.56,103.0,3.0,0
flow_00.57,89.5,3.0,0
flow_10.55,107.5,4.0,0
flow_30.56,108.5,4.0,0
flow_30.57,105.5,3.0,0
flow_10.56,106.0,3.0,0
flow_10.57,102.5,3.0,0
flow_30.58,102.5,3.0,0
flow_00.58,104.5,4.0,0
flow_20.23,31.0,3.5,0
flow_00.59,104.0,3.0,0
flow_00.60,100.0,3.0,0
flow_30.59,107.0,4.0,0
flow_10.58,108.0,4.0,0
flow_30.60,105.5,3.0,0
flow_10.59,107.0,3.5,0
flow_30.61,102.5,3.0,0
flow_10.60,104.0,3.0,0
flow_20.24,28.5,3.5,0
flow_00.61,107.5,4.0,0
flow_00.62,106.0,3.0,0
flow_20.25,22.5,2.0,0
flow_00.63,102.5,3.0,0
flow_20.26,21.5,2.0,0
flow_10.61,108.0,4.0,0
flow_30.62,108.5,4.0,0
flow_30.63,105.5,3.0,0
flow_10.62,105.5,3.0,0
flow_30.64,102.5,3.0,0
flow_10.63,102.5,3.0,0
flow_00.64,108.0,4.0,0
flow_20.27,39.0,4.0,0
flow_20.28,37.5,3.0,0
flow_00.65,106.0,3.0,0
flow_00.66,102.5,3.0,0
flow_20.29,33.0,3.0,0
flow_10.64,107.5,4.0,0
flow_30.65,108.5,4.0,0
flow_10.65,105.0,3.0,0
flow_30.66,106.0,3.0,0
flow_30.67,103.0,3.0,0
flow_10.66,103.0,3.0,0
flow_00.67,107.0,4.0,0
flow_20.30,37.5,4.0,0
flow_00.68,105.5,3.0,0
flow_00.69,103.0,3.0,0
flow_10.67,107.0,4.0,0
flow_30.68,107.5,4.0,0
flow_30.69,105.0,3.0,0
flow_10.68,105.0,3.0,0
flow_30.70,101.5,3.0,0
flow_10.69,102.0,3.0,0
flow_00.70,108.0,4.0,0
flow_20.31,35.5,4.0,0
flow_00.71,105.5,3.0,0
flow_20.32,24.5,2.0,0
flow_00.72,102.5,3.0,0
flow_30.71,107.5,4.0,0
flow_10.70,108.5,4.0,0
flow_30.72,105.5,3.0,0
flow_10.71,106.5,3.5,0
flow_10.72,103.0,3.0,0
flow_30.73,103.5,3.0,0
flow_20.33,33.5,4.0,0
flow_00.73,107.5,4.0,0
flow_20.34,30.0,3.0,0
flow_00.74,105.5,3.0,0
flow_00.75,102.5,3.0,0
flow_10.73,107.5,4.0,0
flow_30.74,109.0,4.0,0
flow_10.74,106.0,3.0,0
flow_30.75,106.5,3.5,0
flow_10.75,102.5,3.0,0
flow_30.76,103.0,3.0,0
flow_00.76,107.5,4.0,0
flow_20.35,21.0,1.5,0
flow_00.77,106.0,3.0,0
flow_00.78,103.0,3.0,0
flow_30.77,107.5,4.0,0
flow_10.76,107.5,4.0,0
flow_30.78,105.5,3.0,0
flow_10.77,105.5,3.0,0
flow_30.79,102.5,3.0,0
flow_10.78,102.5,3.0,0
flow_20.36,32.0,4.0,0
flow_00.79,108.0,4.0,0
flow_00.80,105.5,3.0,0
flow_00.81,102.5,3.0,0
flow_30.80,107.5,4.0,0
flow_10.79,108.0,4.0,0
flow_10.80,105.5,3.0,0
flow_30.81,106.0,3.0,0
flow_10.81,102.5,3.0,0
flow_30.82,103.0,3.0,0
flow_00.82,107.5,4.0,0
flow_00.83,105.5,3.0,0
flow_20.37,21.0,1.5,0
flow_00.84,102.5,3.0,0
flow_10.82,107.0,4.0,0
flow_30.83,108.0,4.0,0
flow_30.84,105.5,3.0,0
flow_10.83,106.0,3.0,0
flow_30.85,102.5,3.0,0
flow_10.84,102.5,3.0,0
flow_00.85,107.5,4.0,0
flow_20.38,37.0,4.0,0
flow_20.39,27.5,3.0,0
flow_00.86,105.5,3.0,0
flow_00.87,102.5,3.0,0
flow_10.85,107.5,4.0,0
flow_30.86,108.0,4.0,0
flow_10.86,106.0,3.0,0
flow_30.87,107.0,3.5,0
flow_30.88,103.0,3.0,0
flow_10.87,103.0,3.0,0
flow_00.88,107.5,4.0,0
flow_20.40,35.0,4.0,0
flow_00.89,106.0,3.0,0
flow_00.90,103.0,3.0,0
flow_30.89,107.5,4.0,0
flow_10.88,107.5,4.0,0
flow_10.89,105.5,3.0,0
flow_30.90,106.0,3.0,0
flow_10.90,102.5,3.0,0
flow_30.91,103.5,3.0,0
flow_00.91,107.0,4.0,0
flow_00.92,106.5,3.0,0
flow_00.93,103.0,3.0,0
flow_30.92,107.5,4.0,0
flow_10.91,108.0,4.0,0
flow_10.92,105.0,3.0,0
flow_30.93,106.5,3.0,0
flow_10.93,102.5,3.0,0
flow_30.94,103.5,3.0,0
flow_20.41,35.0,4.0,0
flow_00.94,108.5,4.0,0
flow_00.95,106.0,3.0,0
flow_00.96,104.0,3.0,0
flow_10.94,107.0,4.0,0
flow_30.95,108.0,4.0,0
flow_10.95,105.5,3.0,0
flow_30.96,106.5,3.0,0
flow_10.96,102.0,3.0,0
flow_30.97,103.0,3.0,0
flow_00.97,107.0,4.0,0
flow_00.98,105.5,3.0,0
flow_00.99,102.5,3.0,0
flow_30.98,107.5,4.0,0
flow_10.97,107.5,4.0,0
flow_30.99,105.0,3.0,0
flow_10.98,105.5,3.0,0
flow_30.100,102.5,3.0,0
flow_10.99,102.5,3.0,0
flow_00.100,107.5,4.0,0
flow_00.101,105.0,3.0,0
flow_00.102,102.0,3.0,0
flow_30.101,107.0,4.0,0
flow_10.100,107.5,4.0,0
flow_10.101,105.5,3.0,0
flow_30.102,106.0,3.0,0
flow_10.102,103.0,3.0,0
flow_30.103,103.0,3.0,0
flow_00.103,108.0,4.0,0
flow_00.104,105.5,3.0,0
flow_00.105,102.0,3.0,0
flow_10.103,107.5,4.0,0
flow_30.104,107.5,4.0,0
flow_30.105,105.5,3.0,0
flow_10.104,106.0,3.0,0
flow_10.105,103.0,3.0,0
flow_30.106,103.5,3.0,0
flow_20.42,40.5,4.0,0
flow_00.106,109.0,4.0,0
flow_00.107,106.0,3.0,0
flow_20.43,35.5,3.0,0
flow_00.108,102.5,3.0,0
flow_20.44,28.5,3.0,0
flow_10.106,107.5,4.0,0
flow_30.107,107.5,4.0,0
flow_30.108,105.0,3.0,0
flow_10.107,105.5,3.0,0
flow_10.108,102.0,3.0,0
flow_30.109,102.5,3.0,0
flow_00.109,107.5,4.0,0
flow_00.110,106.0,3.0,0
flow_00.111,102.5,3.0,0
flow_10.109,107.5,4.0,0
flow_30.110,107.5,4.0,0
flow_30.111,105.0,3.0,0
flow_10.110,105.5,3.0,0
flow_30.112,102.0,3.0,0
flow_10.111,103.5,3.0,0
flow_20.45,21.0,2.0,0
flow_00.112,108.0,4.0,0
flow_20.46,21.0,2.0,0
flow_00.113,105.5,3.0,0
flow_00.114,103.0,3.0,0
flow_30.113,107.5,4.0,0
flow_10.112,108.0,4.0,0
flow_10.113,105.5,3.0,0
flow_30.114,106.0,3.0,0
flow_10.114,102.5,3.0,0
flow_30.115,102.5,3.0,0
flow_00.115,107.5,4.0,0
flow_00.116,105.5,3.0,0
flow_20.47,20.5,1.5,0
flow_00.117,102.5,3.0,0
flow_30.116,107.5,4.0,0
flow_10.115,108.0,4.0,0
flow_10.116,106.0,3.0,0
flow_30.117,106.0,3.0,0
flow_10.117,103.0,3.0,0
flow_30.118,103.0,3.0,0
flow_00.118,107.0,4.0,0
flow_20.48,34.5,4.0,0
flow_00.119,105.5,3.0,0
flow_00.120,102.0,3.0,0
flow_20.49,22.0,2.0,0
flow_10.118,107.5,4.0,0
flow_30.119,107.5,4.0,0
flow_30.120,105.5,3.0,0
flow_10.119,106.5,3.5,0
flow_30.121,102.5,3.0,0
flow_10.120,103.0,3.0,0
flow_00.121,108.0,4.0,0
flow_20.50,39.0,4.0,0
flow_00.122,106.0,3.0,0
flow_20.51,38.5,3.0,0
flow_00.123,103.0,3.0,0
flow_10.121,107.0,4.0,0
flow_30.122,108.5,4.0,0
flow_10.122,105.5,3.0,0
flow_30.123,106.0,3.0,0
flow_10.123,104.0,3.0,0
flow_30.124,104.0,3.0,0
flow_00.124,107.5,4.0,0
flow_20.52,30.0,3.5,0
flow_00.125,105.5,3.0,0
flow_00.126,102.5,3.0,0
flow_10.0,23.5,2.5,0
flow_20.0,24.5,3.0,0
flow_00.0,30.0,3.5,0
flow_20.1,24.0,2.5,0
flow_00.1,30.5,3.5,0
flow_20.2,23.0,2.0,0
flow_00.2,29.0,3.0,0
flow_30.0,38.5,4.0,0
flow_10.1,39.5,4.0,0
flow_30.1,38.5,3.0,0
flow_10.2,39.0,3.5,0
flow_30.2,30.0,3.0,0
flow_10.3,37.5,3.0,0
flow_00.3,37.5,4.0,0
flow_20.3,36.0,4.0,0
flow_00.4,34.5,3.0,0
flow_20.4,36.5,3.0,0
flow_00.5,24.0,2.0,0
flow_20.5,21.5,2.0,0
flow_30.3,47.0,4.0,0
flow_10.4,50.0,4.0,0
flow_10.5,49.5,3.0,0
flow_30.4,47.5,3.0,0
flow_10.6,48.0,3.0,0
flow_30.5,36.0,3.0,0
flow_00.6,40.0,4.0,0
flow_20.6,39.0,4.0,0
flow_00.7,28.0,3.0,0
flow_20.7,37.5,3.0,0
flow_20.8,36.5,3.0,0
flow_00.8,22.5,2.0,0
flow_10.7,65.5,4.0,0
flow_30.6,43.0,4.0,0
flow_30.7,38.0,3.0,0
flow_10.8,52.0,3.0,0
flow_30.8,34.5,3.0,0
flow_10.9,50.5,3.0,0
flow_20.9,54.0,4.0,0
flow_00.9,40.0,4.0,0
flow_00.10,33.5,3.0,0
flow_20.10,53.5,3.0,0
flow_20.11,51.0,3.0,0
flow_30.9,51.5,4.0,0
flow_10.10,62.5,4.0,0
flow_10.11,61.5,3.0,0
flow_30.10,51.5,3.0,0
flow_10.12,54.0,3.0,0
flow_30.11,44.5,3.0,0
flow_20.12,62.5,4.0,0
flow_00.11,34.5,4.0,0
flow_20.13,62.0,3.0,0
flow_00.12,36.5,3.0,0
flow_20.14,55.0,3.0,0
flow_00.13,34.5,3.0,0
flow_10.13,70.5,4.0,0
flow_30.12,58.5,4.0,0
flow_10.14,70.0,3.0,0
flow_30.13,57.5,3.0,0
flow_10.15,66.0,3.0,0
flow_30.14,56.5,3.0,0
flow_20.15,69.0,4.0,0
flow_00.14,51.5,4.0,0
flow_20.16,64.5,3.0,0
flow_00.15,48.0,3.0,0
flow_20.17,64.0,3.0,0
flow_00.16,40.5,3.0,0
flow_10.16,81.5,4.0,0
flow_30.15,73.5,4.0,0
flow_10.17,64.5,3.0,0
flow_30.16,73.5,3.0,0
flow_30.17,71.5,3.0,0
flow_10.18,56.0,3.0,0
flow_20.18,81.0,4.0,0
flow_00.17,46.0,4.0,0
flow_20.19,81.0,3.0,0
flow_00.18,46.0,3.0,0
flow_20.20,80.0,3.0,0
flow_00.19,45.0,3.0,0
flow_10.19,73.5,4.0,0
flow_30.18,89.5,4.0,0
flow_30.19,89.0,3.0,0
flow_10.20,73.0,3.0,0
flow_30.20,81.0,3.0,0
flow_10.21,66.5,3.0,0
flow_00.20,51.0,4.0,0
flow_20.21,97.5,4.0,0
flow_20.22,96.5,3.0,0
flow_00.21,50.5,3.0,0
flow_20.23,95.0,3.0,0
flow_00.22,49.5,3.0,0
flow_30.21,98.5,4.0,0
flow_10.22,83.0,4.0,0
flow_30.22,98.0,3.0,0
flow_10.23,63.0,3.0,0
flow_30.23,96.5,3.0,0
flow_10.24,61.5,3.0,0
flow_00.23,66.5,4.0,0
flow_20.24,91.0,4.0,0
flow_00.24,66.0,3.0,0
flow_20.25,91.5,3.5,0
flow_00.25,65.0,3.0,0
flow_20.26,90.0,3.0,0
flow_10.25,74.5,4.0,0
flow_30.24,108.0,4.0,0
flow_10.26,67.5,3.0,0
flow_30.25,106.5,3.5,0
flow_30.26,103.0,3.0,0
flow_10.27,63.0,3.0,0
flow_20.27,106.5,4.0,0
flow_00.26,82.5,4.0,0
flow_20.28,105.0,3.0,0
flow_00.27,84.0,3.5,0
flow_20.29,102.5,3.0,0
flow_00.28,82.5,3.0,0
flow_10.28,67.5,4.0,0
flow_30.27,107.5,4.0,0
flow_30.28,105.0,3.0,0
flow_10.29,65.0,3.0,0
flow_30.29,102.5,3.0,0
flow_10.30,59.5,3.0,0
flow_20.30,107.5,4.0,0
flow_00.29,99.5,4.0,0
flow_20.31,105.5,3.0,0
flow_00.30,94.0,3.0,0
flow_20.32,94.5,3.0,0
flow_00.31,92.0,3.0,0
flow_10.31,75.0,4.0,0
flow_30.30,110.0,4.0,0
flow_30.31,106.5,3.5,0
flow_10.32,55.5,3.5,0
flow_30.32,103.0,3.0,0
flow_10.33,54.0,3.5,0
flow_00.32,86.5,4.0,0
flow_20.33,108.5,4.0,0
flow_20.34,105.5,3.0,0
flow_00.33,86.0,3.0,0
flow_00.34,80.0,3.0,0
flow_20.35,104.0,3.0,0
flow_30.33,107.5,4.0,0
flow_10.34,70.0,4.0,0
flow_30.34,106.0,3.0,0
flow_10.35,70.0,3.5,0
flow_10.36,64.0,3.0,0
flow_30.35,103.0,3.0,0
flow_00.35,97.5,4.0,0
flow_20.36,107.5,4.0,0
flow_00.36,97.0,3.0,0
flow_20.37,105.5,3.0,0
flow_20.38,91.0,3.0,0
flow_00.37,96.5,3.0,0
flow_10.37,81.5,4.0,0
flow_30.36,109.5,4.0,0
flow_30.37,106.5,3.5,0
flow_10.38,82.0,3.5,0
flow_30.38,103.0,3.0,0
flow_10.39,63.5,3.0,0
flow_20.39,107.0,4.0,0
flow_00.38,107.5,4.0,0
flow_20.40,105.0,3.0,0
flow_00.39,106.0,3.0,0
flow_00.40,102.5,3.0,0
flow_20.41,102.5,3.0,0
flow_30.39,107.0,4.0,0
flow_10.40,75.0,4.0,0
flow_30.40,105.5,3.0,0
flow_10.41,63.5,3.0,0
flow_10.42,50.5,3.0,0
flow_30.41,103.0,3.0,0
flow_00.41,108.5,4.0,0
flow_20.42,108.5,4.0,0
flow_00.42,106.0,3.0,0
flow_20.43,106.0,3.0,0
flow_00.43,102.5,3.0,0
flow_20.44,99.5,3.0,0
flow_30.42,107.5,4.0,0
flow_10.43,64.0,4.0,0
flow_30.43,105.0,3.0,0
flow_10.44,60.5,3.0,0
flow_30.44,102.0,3.0,0
flow_10.45,60.0,3.0,0
flow_20.45,107.5,4.0,0
flow_00.44,108.0,4.0,0
flow_00.45,106.0,3.0,0
flow_20.46,106.0,3.0,0
flow_00.46,103.0,3.0,0
flow_20.47,103.0,3.0,0
flow_30.45,107.5,4.0,0
flow_10.46,77.0,4.0,0
flow_10.47,64.0,3.0,0
flow_30.46,106.5,3.5,0
flow_10.48,63.5,3.0,0
flow_30.47,103.0,3.0,0
flow_00.47,107.5,4.0,0
flow_20.48,108.0,4.0,0
flow_00.48,106.0,3.0,0
flow_20.49,107.5,3.5,0
flow_00.49,102.5,3.0,0
flow_20.50,103.5,3.0,0
flow_30.48,107.5,4.0,0
flow_10.49,80.0,4.0,0
flow_30.49,105.5,3.0,0
flow_10.50,79.5,3.0,0
flow_30.50,102.0,3.0,0
flow_10.51,79.5,3.0,0
flow_20.51,107.0,4.0,0
flow_00.50,107.5,4.0,0
flow_00.51,105.5,3.0,0
flow_20.52,106.0,3.0,0
flow_20.53,102.5,3.0,0
flow_00.52,103.5,3.0,0
flow_30.51,107.5,4.0,0
flow_10.52,96.0,4.0,0
flow_10.53,89.0,3.0,0
flow_30.52,105.5,3.0,0
flow_30.53,102.5,3.0,0
flow_10.54,86.0,3.0,0
flow_20.54,107.0,4.0,0
flow_00.53,107.5,4.0,0
flow_20.55,105.0,3.0,0
flow_00.54,106.0,3.0,0
flow_20.56,102.0,3.0,0
flow_00.55,103.0,3.0,0
flow_10.55,98.5,4.0,0
flow_30.54,107.5,4.0,0
flow_10.56,95.0,3.0,0
flow_30.55,106.0,3.0,0
flow_10.57,89.5,3.0,0
flow_30.56,102.5,3.0,0
flow_20.57,107.0,4.0,0
flow_00.56,109.0,4.0,0
flow_20.58,106.5,3.0,0
flow_00.57,106.5,3.5,0
flow_20.59,103.0,3.0,0
flow_00.58,103.0,3.0,0
flow_30.57,107.0,4.0,0
flow_10.58,93.5,4.0,0
flow_30.58,105.0,3.0,0
flow_10.59,93.5,3.0,0
flow_30.59,102.0,3.0,0
flow_10.60,91.5,3.0,0
flow_20.60,107.0,4.0,0
flow_00.59,109.0,4.0,0
flow_20.61,105.5,3.0,0
flow_00.60,106.5,3.5,0
flow_20.62,102.5,3.0,0
flow_00.61,103.5,3.0,0
flow_30.60,107.0,4.0,0
flow_10.61,108.0,4.0,0
flow_30.61,105.5,3.0,0
flow_10.62,105.5,3.0,0
flow_10.63,102.0,3.0,0
flow_30.62,103.0,3.0,0
flow_00.62,107.5,4.0,0
flow_20.63,108.5,4.0,0
flow_00.63,105.5,3.0,0
flow_20.64,106.0,3.0,0
flow_20.65,102.5,3.0,0
flow_00.64,102.5,3.0,0
flow_10.64,107.0,4.0,0
flow_30.63,107.5,4.0,0
flow_10.65,105.0,3.0,0
flow_30.64,105.5,3.0,0
flow_10.66,102.5,3.0,0
flow_30.65,103.5,3.0,0
flow_20.66,107.5,4.0,0
flow_00.65,108.0,4.0,0
flow_20.67,106.0,3.0,0
flow_00.66,106.0,3.0,0
flow_00.67,102.5,3.0,0
flow_20.68,103.0,3.0,0
flow_30.66,107.5,4.0,0
flow_10.67,108.0,4.0,0
flow_30.67,105.5,3.0,0
flow_10.68,105.5,3.0,0
flow_30.68,102.0,3.0,0
flow_10.69,102.5,3.0,0
flow_00.68,107.0,4.0,0
flow_20.69,107.5,4.0,0
flow_20.70,105.0,3.0,0
flow_00.69,105.5,3.0,0
flow_20.71,102.5,3.0,0
flow_00.70,102.5,3.0,0
flow_30.69,107.0,4.0,0
flow_10.70,108.0,4.0,0
flow_30.70,106.0,3.0,0
flow_10.71,106.0,3.0,0
flow_10.72,102.5,3.0,0
flow_30.71,103.5,3.0,0
flow_20.72,107.5,4.0,0
flow_00.71,107.5,4.0,0
flow_00.72,105.5,3.0,0
flow_20.73,106.5,3.0,0
flow_00.73,102.5,3.0,0
flow_20.74,103.0,3.0,0
flow_10.73,107.5,4.0,0
flow_30.72,108.5,4.0,0
flow_30.73,105.5,3.0,0
flow_10.74,105.5,3.0,0
flow_30.74,102.5,3.0,0
flow_10.75,103.0,3.0,0
flow_20.75,107.5,4.0,0
flow_00.74,107.5,4.0,0
flow_00.75,105.0,3.0,0
flow_20.76,105.5,3.0,0
flow_20.77,102.0,3.0,0
flow_00.76,102.5,3.0,0
flow_10.76,107.5,4.0,0
flow_30.75,108.0,4.0,0
flow_10.77,106.0,3.0,0
flow_30.76,107.5,3.5,0
flow_10.78,102.5,3.0,0
flow_30.77,104.0,3.0,0
flow_20.78,107.0,4.0,0
flow_00.77,108.0,4.0,0
flow_20.79,105.5,3.0,0
flow_00.78,106.0,3.0,0
flow_00.79,102.5,3.0,0
flow_20.80,102.5,3.0,0
flow_10.79,107.0,4.0,0
flow_30.78,108.0,4.0,0
flow_30.79,105.5,3.0,0
flow_10.80,105.5,3.0,0
flow_30.80,103.0,3.0,0
flow_10.81,104.0,3.0,0
flow_00.80,107.5,4.0,0
flow_20.81,107.5,4.0,0
flow_00.81,105.5,3.0,0
flow_20.82,105.5,3.0,0
flow_20.83,102.5,3.0,0
flow_00.82,103.0,3.0,0
flow_10.82,107.0,4.0,0
flow_30.81,107.5,4.0,0
flow_30.82,106.0,3.0,0
flow_10.83,106.5,3.0,0
flow_10.84,102.5,3.0,0
flow_30.83,103.0,3.0,0
flow_00.83,107.5,4.0,0
flow_20.84,107.5,4.0,0
flow_20.85,105.5,3.0,0
flow_00.84,106.0,3.0,0
flow_00.85,103.0,3.0,0
flow_20.86,103.5,3.0,0
flow_30.84,107.5,4.0,0
flow_10.85,107.5,4.0,0
flow_30.85,105.5,3.0,0
flow_10.86,105.5,3.0,0
flow_30.86,102.5,3.0,0
flow_10.87,102.5,3.0,0
flow_20.87,107.0,4.0,0
flow_00.86,108.0,4.0,0
flow_00.87,105.0,3.0,0
flow_20.88,106.0,3.0,0
flow_00.88,103.0,3.0,0
flow_20.89,103.0,3.0,0
flow_10.88,107.0,4.0,0
flow_30.87,107.5,4.0,0
flow_10.89,105.0,3.0,0
flow_30.88,106.0,3.0,0
flow_10.90,102.0,3.0,0
flow_30.89,103.5,3.0,0
flow_00.89,108.0,4.0,0
flow_20.90,108.0,4.0,0
flow_00.90,105.5,3.0,0
flow_20.91,105.5,3.0,0
flow_00.91,102.5,3.0,0
flow_20.92,102.5,3.0,0
flow_30.90,107.5,4.0,0
flow_10.91,107.5,4.0,0
flow_30.91,105.5,3.0,0
flow_10.92,106.0,3.0,0
flow_10.93,102.5,3.0,0
flow_30.92,103.5,3.0,0
flow_00.92,107.5,4.0,0
flow_20.93,107.5,4.0,0
flow_00.93,106.0,3.0,0
flow_20.94,106.0,3.0,0
flow_00.94,102.5,3.0,0
flow_20.95,103.0,3.0,0
flow_30.93,107.5,4.0,0
flow_10.94,107.5,4.0,0
flow_30.94,105.5,3.0,0
flow_10.95,105.5,3.0,0
flow_10.96,102.0,3.0,0
flow_30.95,102.5,3.0,0
flow_00.95,107.5,4.0,0
flow_20.96,107.5,4.0,0
flow_20.97,105.0,3.0,0
flow_00.96,105.5,3.0,0
flow_20.98,103.0,3.0,0
flow_00.97,103.5,3.0,0
flow_30.96,107.0,4.0,0
flow_10.97,107.0,4.0,0
flow_10.98,105.0,3.0,0
flow_30.97,105.5,3.0,0
flow_30.98,102.5,3.0,0
flow_10.99,103.0,3.0,0
flow_00.98,107.0,4.0,0
flow_20.99,108.0,4.0,0
flow_00.99,105.0,3.0,0
flow_20.100,106.5,3.0,0
flow_20.101,102.5,3.0,0
flow_00.100,102.5,3.0,0
flow_10.100,107.0,4.0,0
flow_30.99,107.5,4.0,0
flow_10.101,105.5,3.0,0
flow_30.100,106.0,3.0,0
flow_30.101,102.5,3.0,0
flow_10.102,102.5,3.0,0
flow_20.102,107.5,4.0,0
flow_00.101,108.5,4.0,0
flow_20.103,105.5,3.0,0
flow_00.102,105.5,3.0,0
flow_20.104,102.5,3.0,0
flow_00.103,102.5,3.0,0
flow_30.102,107.0,4.0,0
flow_10.103,107.5,4.0,0
flow_10.104,105.0,3.0,0
flow_30.103,105.5,3.0,0
flow_10.105,102.0,3.0,0
flow_30.104,103.0,3.0,0
flow_00.104,107.5,4.0,0
flow_20.105,108.0,4.0,0
flow_20.106,105.5,3.0,0
flow_00.105,106.5,3.5,0
flow_20.107,102.5,3.0,0
flow_00.106,103.5,3.0,0
flow_10.106,107.5,4.0,0
flow_30.105,108.0,4.0,0
flow_10.107,105.0,3.0,0
flow_30.106,106.0,3.0,0
flow_30.107,102.5,3.0,0
flow_10.108,103.0,3.0,0
flow_20.108,107.5,4.0,0
flow_00.107,107.5,4.0,0
flow_00.108,105.5,3.0,0
flow_20.109,106.0,3.0,0
flow_20.110,102.5,3.0,0
flow_00.109,103.5,3.0,0
flow_30.108,107.5,4.0,0
flow_10.109,108.0,4.0,0
flow_30.109,105.5,3.0,0
flow_10.110,106.0,3.0,0
flow_30.110,102.5,3.0,0
flow_10.111,103.0,3.0,0
flow_20.111,107.5,4.0,0
flow_00.110,108.5,4.0,0
flow_20.112,105.0,3.0,0
flow_00.111,106.5,3.5,0
flow_20.113,102.0,3.0,0
flow_00.112,103.5,3.0,0
flow_30.111,108.0,4.0,0
flow_10.112,109.0,4.0,0
flow_30.112,106.0,3.0,0
flow_10.113,106.0,3.0,0
flow_10.114,102.5,3.0,0
flow_30.113,103.5,3.0,0
flow_20.114,107.0,4.0,0
flow_00.113,109.0,4.0,0
flow_20.115,105.0,3.0,0
flow_00.114,106.0,3.0,0
flow_20.116,103.0,3.0,0
flow_00.115,103.5,3.0,0
flow_30.114,107.5,4.0,0
flow_10.115,107.5,4.0,0
flow_30.115,105.5,3.0,0
flow_10.116,105.5,3.0,0
flow_10.117,102.5,3.0,0
flow_30.116,103.0,3.0,0
flow_00.116,107.5,4.0,0
flow_20.117,108.0,4.0,0
flow_20.118,105.5,3.0,0
flow_00.117,107.0,3.5,0
flow_20.119,102.5,3.0,0
flow_00.118,103.0,3.0,0
flow_30.117,108.0,4.0,0
flow_10.118,108.0,4.0,0
flow_30.118,105.5,3.0,0
flow_10.119,105.5,3.0,0
flow_30.119,102.5,3.0,0
flow_10.120,102.5,3.0,0
flow_20.120,108.0,4.0,0
flow_00.119,108.0,4.0,0
flow_20.121,106.0,3.0,0
flow_00.120,106.0,3.0,0
flow_20.122,102.5,3.0,0
flow_00.121,103.0,3.0,0
flow_30.120,107.5,4.0,0
flow_10.121,107.5,4.0,0
flow_30.121,105.0,3.0,0
flow_10.122,106.0,3.0,0
flow_30.122,102.5,3.0,0
flow_10.123,102.5,3.0,0
flow_20.123,107.5,4.0,0
flow_00.122,107.5,4.0,0
flow_20.124,105.5,3.0,0
flow_00.123,105.5,3.0,0
flow_20.125,102.0,3.0,0
flow_00.124,102.0,3.0,0
flow_30.0,20.5,2.0,0
flow_00.0,21.5,2.0,0
flow_20.0,38.0,4.0,0
flow_20.1,25.0,2.5,0
flow_00.1,22.5,2.0,0
flow_20.2,23.0,2.0,0
flow_00.2,21.5,1.5,0
flow_10.0,27.5,3.5,0
flow_30.1,41.0,4.0,0
flow_30.2,40.5,3.0,0
flow_30.3,39.5,3.0,0
flow_20.3,27.5,3.5,0
flow_00.3,38.5,4.0,0
flow_00.4,27.5,3.0,0
flow_20.4,21.0,2.0,0
flow_00.5,21.5,2.0,0
flow_10.1,34.5,4.0,0
flow_30.4,56.5,4.0,0
flow_10.2,26.0,2.5,0
flow_30.5,56.0,3.0,0
flow_10.3,24.5,2.5,0
flow_30.6,49.0,3.0,0
flow_10.4,23.0,2.0,0
flow_00.6,38.5,4.0,0
flow_20.5,42.5,4.0,0
flow_00.7,37.5,3.0,0
flow_20.6,41.5,3.0,0
flow_00.8,36.5,3.0,0
flow_10.5,40.0,4.0,0
flow_30.7,59.5,4.0,0
flow_30.8,58.0,3.0,0
flow_30.9,49.5,3.0,0
flow_10.6,22.5,2.0,0
flow_20.7,37.0,4.0,0
flow_00.9,54.5,4.0,0
flow_00.10,53.5,3.0,0
flow_20.8,37.0,3.0,0
flow_20.9,26.0,3.0,0
flow_00.11,42.5,3.0,0
flow_30.10,65.0,4.0,0
flow_30.11,65.0,3.0,0
flow_30.12,63.5,3.0,0
flow_10.7,24.0,2.5,0
flow_00.12,57.5,4.0,0
flow_20.10,37.5,4.0,0
flow_20.11,29.5,3.0,0
flow_00.13,49.5,3.0,0
flow_00.14,32.5,3.0,0
flow_20.12,21.0,2.0,0
flow_10.8,20.5,1.5,0
flow_30.13,81.0,4.0,0
flow_30.14,80.0,3.0,0
flow_30.15,78.5,3.0,0
flow_00.15,50.0,4.0,0
flow_20.13,37.5,4.0,0
flow_20.14,34.5,3.0,0
flow_00.16,41.5,3.5,0
flow_00.17,27.0,2.5,0
flow_30.16,89.0,4.0,0
flow_10.9,41.0,4.0,0
flow_30.17,89.5,3.0,0
flow_10.10,34.5,3.0,0
flow_30.18,87.5,3.0,0
flow_10.11,32.5,3.0,0
flow_20.15,26.0,3.0,0
flow_00.18,40.5,4.0,0
flow_00.19,39.0,3.0,0
flow_00.20,30.0,3.0,0
flow_30.19,105.5,4.0,0
flow_10.12,50.5,4.0,0
flow_10.13,49.0,3.0,0
flow_30.20,104.5,3.0,0
flow_30.21,102.5,3.0,0
flow_10.14,49.0,3.0,0
flow_20.16,25.0,3.0,0
flow_00.21,43.0,4.0,0
flow_20.17,21.5,2.0,0
flow_00.22,42.5,3.0,0
flow_20.18,21.5,2.0,0
flow_00.23,41.5,3.0,0
flow_30.22,107.5,4.0,0
flow_10.15,65.5,4.0,0
flow_10.16,63.0,3.0,0
flow_30.23,104.5,3.5,0
flow_10.17,50.0,3.0,0
flow_30.24,101.0,3.0,0
flow_20.19,38.0,4.0,0
flow_00.24,59.5,4.0,0
flow_00.25,58.0,3.0,0
flow_20.20,37.5,3.0,0
flow_00.26,56.5,3.0,0
flow_20.21,35.5,3.0,0
flow_10.18,62.0,4.0,0
flow_30.25,108.5,4.0,0
flow_10.19,57.5,3.0,0
flow_30.26,94.0,3.0,0
flow_10.20,56.5,3.0,0
flow_30.27,93.5,3.0,0
flow_00.27,61.5,4.0,0
flow_20.22,35.5,4.0,0
flow_00.28,60.5,3.0,0
flow_20.23,32.0,3.5,0
flow_00.29,56.5,3.0,0
flow_30.28,107.0,4.0,0
flow_10.21,71.0,4.0,0
flow_30.29,94.0,3.0,0
flow_10.22,69.5,3.0,0
flow_10.23,51.0,3.0,0
flow_30.30,94.0,3.0,0
flow_00.30,67.5,4.0,0
flow_20.24,31.0,3.5,0
flow_00.31,56.5,3.0,0
flow_00.32,55.5,3.0,0
flow_30.31,107.5,4.0,0
flow_10.24,69.0,4.0,0
flow_10.25,68.0,3.0,0
flow_30.32,106.5,3.0,0
flow_30.33,96.0,3.0,0
flow_10.26,64.5,3.0,0
flow_20.25,33.5,4.0,0
flow_00.33,73.0,4.0,0
flow_20.26,33.0,3.0,0
flow_00.34,73.0,3.0,0
flow_20.27,22.5,2.0,0
flow_00.35,58.5,3.0,0
flow_10.27,79.5,4.0,0
flow_30.34,107.5,4.0,0
flow_30.35,101.5,3.0,0
flow_10.28,76.0,3.0,0
flow_10.29,74.5,3.0,0
flow_30.36,101.0,3.0,0
flow_00.36,75.0,4.0,0
flow_20.28,40.5,4.0,0
flow_20.29,34.0,3.0,0
flow_00.37,70.0,3.0,0
flow_20.30,24.5,2.5,0
flow_00.38,68.5,3.0,0
flow_10.30,91.5,4.0,0
flow_30.37,108.0,4.0,0
flow_30.38,106.0,3.0,0
flow_10.31,92.0,3.0,0
flow_10.32,68.0,3.0,0
flow_30.39,103.5,3.0,0
flow_20.31,42.5,4.0,0
flow_00.39,86.5,4.0,0
flow_00.40,85.5,3.0,0
flow_20.32,42.0,3.0,0
flow_00.41,85.0,3.0,0
flow_20.33,37.0,3.0,0
flow_30.40,107.5,4.0,0
flow_10.33,86.0,4.0,0
flow_30.41,105.0,3.0,0
flow_10.34,80.0,3.5,0
flow_30.42,102.0,3.0,0
flow_10.35,78.0,3.0,0
flow_00.42,101.5,4.0,0
flow_20.34,49.5,4.0,0
flow_00.43,95.5,3.0,0
flow_20.35,42.5,3.0,0
flow_00.44,89.5,3.0,0
flow_20.36,41.0,3.0,0
flow_30.43,108.5,4.0,0
flow_10.36,94.5,4.0,0
flow_30.44,105.5,3.0,0
flow_10.37,66.0,3.0,0
flow_10.38,64.0,3.0,0
flow_30.45,103.0,3.0,0
flow_00.45,107.0,4.0,0
flow_20.37,60.0,4.0,0
flow_00.46,106.0,3.0,0
flow_20.38,25.0,2.5,0
flow_00.47,102.5,3.0,0
flow_20.39,23.5,2.5,0
flow_30.46,107.5,4.0,0
flow_10.39,65.0,4.0,0
flow_30.47,105.5,3.0,0
flow_10.40,64.5,3.0,0
flow_10.41,63.5,3.0,0
flow_30.48,103.0,3.0,0
flow_20.40,41.0,4.0,0
flow_00.48,108.0,4.0,0
flow_00.49,105.5,3.0,0
flow_20.41,40.5,3.0,0
flow_00.50,102.5,3.0,0
flow_20.42,40.0,3.0,0
flow_30.49,108.0,4.0,0
flow_10.42,81.5,4.0,0
flow_30.50,105.5,3.0,0
flow_10.43,80.5,3.0,0
flow_30.51,103.0,3.0,0
flow_10.44,79.5,3.0,0
flow_20.43,56.0,4.0,0
flow_00.51,107.5,4.0,0
flow_00.52,105.0,3.0,0
flow_20.44,56.0,3.0,0
flow_00.53,102.0,3.0,0
flow_20.45,55.5,3.0,0
flow_10.45,97.5,4.0,0
flow_30.52,110.5,4.0,0
flow_10.46,96.0,3.0,0
flow_30.53,107.5,3.5,0
flow_10.47,94.5,3.0,0
flow_30.54,103.5,3.0,0
flow_00.54,108.0,4.0,0
flow_20.46,70.5,4.0,0
flow_00.55,105.5,3.0,0
flow_20.47,66.5,3.0,0
flow_00.56,103.0,3.0,0
flow_20.48,50.5,3.0,0
flow_30.55,107.5,4.0,0
flow_10.48,108.0,4.0,0
flow_30.56,106.0,3.0,0
flow_10.49,106.0,3.0,0
flow_30.57,103.0,3.0,0
flow_10.50,104.0,3.0,0
flow_00.57,107.5,4.0,0
flow_20.49,65.5,4.0,0
flow_00.58,106.0,3.0,0
flow_20.50,65.5,3.0,0
flow_00.59,102.0,3.0,0
flow_20.51,60.0,3.0,0
flow_30.58,107.5,4.0,0
flow_10.51,107.5,4.0,0
flow_30.59,106.0,3.0,0
flow_10.52,106.5,3.5,0
flow_30.60,103.0,3.0,0
flow_10.53,103.0,3.0,0
flow_00.60,108.5,4.0,0
flow_20.52,71.0,4.0,0
flow_00.61,106.0,3.0,0
flow_20.53,61.0,3.5,0
flow_00.62,103.0,3.0,0
flow_20.54,53.0,3.0,0
flow_10.54,107.0,4.0,0
flow_30.61,108.0,4.0,0
flow_30.62,105.5,3.0,0
flow_10.55,105.5,3.0,0
flow_10.56,102.5,3.0,0
flow_30.63,103.0,3.0,0
flow_20.55,69.0,4.0,0
flow_00.63,108.0,4.0,0
flow_20.56,68.0,3.0,0
flow_00.64,106.5,3.5,0
flow_20.57,67.0,3.0,0
flow_00.65,103.0,3.0,0
flow_30.64,108.0,4.0,0
flow_10.57,108.0,4.0,0
flow_30.65,105.0,3.0,0
flow_10.58,105.5,3.0,0
flow_30.66,103.5,3.0,0
flow_10.59,103.5,3.0,0
flow_00.66,107.5,4.0,0
flow_20.58,81.5,4.0,0
flow_00.67,105.0,3.0,0
flow_20.59,74.0,3.0,0
flow_00.68,103.0,3.0,0
flow_20.60,64.0,3.0,0
flow_30.67,107.5,4.0,0
flow_10.60,107.5,4.0,0
flow_30.68,105.0,3.0,0
flow_10.61,105.5,3.0,0
flow_30.69,102.0,3.0,0
flow_10.62,102.5,3.0,0
flow_20.61,80.5,4.0,0
flow_00.69,108.0,4.0,0
flow_00.70,105.5,3.0,0
flow_20.62,47.5,3.5,0
flow_00.71,102.5,3.0,0
flow_20.63,37.5,3.0,0
flow_30.70,107.5,4.0,0
flow_10.63,108.5,4.0,0
flow_30.71,106.0,3.0,0
flow_10.64,106.5,3.5,0
flow_30.72,102.5,3.0,0
flow_10.65,103.0,3.0,0
flow_20.64,21.5,2.0,0
flow_00.72,108.0,4.0,0
flow_20.65,21.5,2.0,0
flow_00.73,106.5,3.5,0
flow_00.74,103.0,3.0,0
flow_30.73,107.5,4.0,0
flow_10.66,108.0,4.0,0
flow_10.67,105.0,3.0,0
flow_30.74,105.5,3.0,0
flow_10.68,102.5,3.0,0
flow_30.75,103.0,3.0,0
flow_00.75,107.0,4.0,0
flow_20.66,41.0,4.0,0
flow_00.76,105.5,3.0,0
flow_20.67,23.0,2.0,0
flow_00.77,102.5,3.0,0
flow_30.76,107.0,4.0,0
flow_10.69,107.5,4.0,0
flow_30.77,105.5,3.0,0
flow_10.70,105.5,3.0,0
flow_10.71,102.0,3.0,0
flow_30.78,102.5,3.0,0
flow_20.68,23.0,2.0,0
flow_00.78,107.0,4.0,0
flow_00.79,107.0,3.5,0
flow_00.80,103.5,3.0,0
flow_20.69,23.5,2.5,0
flow_30.79,107.0,4.0,0
flow_10.72,108.0,4.0,0
flow_30.80,105.5,3.0,0
flow_10.73,105.5,3.0,0
flow_30.81,102.0,3.0,0
flow_10.74,103.0,3.0,0
flow_20.70,33.0,4.0,0
flow_00.81,107.5,4.0,0
flow_20.71,26.5,2.5,0
flow_00.82,105.0,3.0,0
flow_20.72,25.5,2.5,0
flow_00.83,102.0,3.0,0
flow_10.75,107.5,4.0,0
flow_30.82,109.0,4.0,0
flow_10.76,105.5,3.0,0
flow_30.83,106.0,3.0,0
flow_10.77,102.0,3.0,0
flow_30.84,104.0,3.0,0
flow_00.84,107.5,4.0,0
flow_20.73,27.5,3.5,0
flow_00.85,105.5,3.0,0
flow_20.74,21.0,2.0,0
flow_00.86,102.0,3.0,0
flow_30.85,107.0,4.0,0
flow_10.78,107.5,4.0,0
flow_10.79,105.0,3.0,0
flow_30.86,106.0,3.0,0
flow_10.80,102.0,3.0,0
flow_30.87,102.5,3.0,0
flow_20.75,25.0,3.0,0
flow_00.87,107.5,4.0,0
flow_20.76,21.0,2.0,0
flow_00.88,106.0,3.0,0
flow_00.89,104.0,3.0,0
flow_30.88,107.5,4.0,0
flow_10.81,107.5,4.0,0
flow_10.82,105.0,3.0,0
flow_30.89,105.5,3.0,0
flow_30.90,102.5,3.0,0
flow_10.83,102.5,3.0,0
flow_00.90,107.0,4.0,0
flow_20.77,36.0,4.0,0
flow_00.91,106.0,3.0,0
flow_00.92,103.5,3.0,0
flow_30.91,107.5,4.0,0
flow_10.84,107.5,4.0,0
flow_10.85,105.0,3.0,0
flow_30.92,106.0,3.0,0
flow_30.93,103.0,3.0,0
flow_10.86,103.0,3.0,0
flow_20.78,34.5,4.0,0
flow_00.93,108.0,4.0,0
flow_00.94,105.5,3.0,0
flow_20.79,20.5,2.0,0
flow_00.95,102.0,3.0,0
flow_30.94,107.5,4.0,0
flow_10.87,108.5,4.0,0
flow_30.95,105.5,3.0,0
flow_30.96,102.5,3.0,0
flow_10.88,108.5,3.5,0
flow_10.89,104.5,3.0,0
flow_00.96,107.0,4.0,0
flow_20.80,41.5,4.0,0
flow_00.97,106.0,3.0,0
flow_20.81,40.5,3.0,0
flow_20.82,39.0,3.0,0
flow_00.98,103.0,3.0,0
flow_10.90,107.0,4.0,0
flow_30.97,108.5,4.0,0
flow_10.91,105.5,3.0,0
flow_30.98,106.0,3.0,0
flow_10.92,103.0,3.0,0
flow_30.99,104.5,3.0,0
flow_00.99,107.5,4.0,0
flow_20.83,45.0,4.0,0
flow_00.100,106.0,3.0,0
flow_20.84,44.5,3.0,0
flow_00.101,103.0,3.0,0
flow_20.85,34.5,3.0,0
flow_30.100,107.5,4.0,0
flow_10.93,107.5,4.0,0
flow_10.94,105.5,3.0,0
flow_30.101,106.0,3.0,0
flow_10.95,103.0,3.0,0
flow_30.102,103.5,3.0,0
flow_20.86,23.0,2.0,0
flow_00.102,107.5,4.0,0
flow_00.103,105.5,3.0,0
flow_00.104,102.5,3.0,0
flow_30.103,108.0,4.0,0
flow_10.96,108.5,4.0,0
flow_30.104,105.0,3.0,0
flow_10.97,106.0,3.0,0
flow_30.105,102.5,3.0,0
flow_10.98,102.5,3.0,0
flow_20.87,36.5,4.0,0
flow_00.105,108.0,4.0,0
flow_00.106,105.5,3.0,0
flow_20.88,36.5,3.0,0
flow_00.107,102.5,3.0,0
flow_30.106,107.5,4.0,0
flow_10.99,107.5,4.0,0
flow_30.107,105.5,3.0,0
flow_10.100,106.5,3.0,0
flow_30.108,103.0,3.0,0
flow_10.101,103.5,3.0,0
flow_20.89,34.5,4.0,0
flow_00.108,107.5,4.0,0
flow_00.109,105.5,3.0,0
flow_20.90,34.0,3.0,0
flow_00.110,102.0,3.0,0
flow_30.109,107.0,4.0,0
flow_10.102,107.0,4.0,0
flow_30.110,105.5,3.0,0
flow_10.103,105.5,3.0,0
flow_10.104,102.0,3.0,0
flow_30.111,102.5,3.0,0
flow_20.91,32.0,4.0,0
flow_00.111,108.0,4.0,0
flow_20.92,28.0,3.0,0
flow_00.112,105.5,3.0,0
flow_20.93,26.5,3.0,0
flow_00.113,102.5,3.0,0
flow_20.94,26.5,3.0,0
flow_30.112,107.5,4.0,0
flow_10.105,107.5,4.0,0
flow_30.113,105.5,3.0,0
flow_10.106,105.5,3.0,0
flow_10.107,102.5,3.0,0
flow_30.114,103.0,3.0,0
flow_00.114,107.0,4.0,0
flow_20.95,31.5,3.5,0
flow_20.96,29.0,3.5,0
flow_00.115,105.5,3.0,0
flow_20.97,28.0,3.0,0
flow_00.116,103.0,3.0,0
flow_20.98,26.5,2.5,0
flow_30.115,107.5,4.0,0
flow_10.108,108.5,4.0,0
flow_30.116,106.0,3.0,0
flow_10.109,106.0,3.0,0
flow_30.117,102.0,3.0,0
flow_10.110,102.5,3.0,0
flow_00.117,107.5,4.0,0
flow_20.99,38.0,4.0,0
flow_20.100,32.5,3.5,0
flow_00.118,107.0,3.5,0
flow_20.101,30.5,3.0,0
flow_00.119,104.0,3.0,0
flow_30.118,107.5,4.0,0
flow_10.111,107.5,4.0,0
flow_10.112,105.0,3.0,0
flow_30.119,105.5,3.0,0
flow_30.120,102.5,3.0,0
flow_10.113,103.0,3.0,0
flow_20.102,38.5,4.0,0
flow_00.120,108.0,4.0,0
flow_20.103,38.0,3.0,0
flow_00.121,106.0,3.0,0
flow_00.122,103.0,3.0,0
flow_10.114,107.0,4.0,0
flow_30.121,108.0,4.0,0
flow_10.115,105.0,3.0,0
flow_30.122,106.0,3.0,0
flow_10.116,102.0,3.0,0
flow_30.123,102.5,3.0,0
flow_00.123,108.0,4.0,0
flow_20.104,38.5,4.0,0
flow_00.124,105.5,3.0,0
flow_20.105,22.5,2.0,0
flow_00.125,104.0,3.0,0
flow_30.0,21.0,1.5,0
flow_10.0,21.0,1.5,0
flow_20.0,32.0,4.0,0
flow_00.0,33.0,4.0,0
flow_20.1,24.0,2.5,0
flow_00.1,31.5,3.5,0
flow_20.2,23.0,2.0,0
flow_00.2,27.5,3.0,0
flow_00.3,28.0,3.0,0
flow_30.1,28.0,3.5,0
flow_30.2,26.5,3.0,0
flow_10.1,20.5,1.5,0
flow_30.3,26.0,3.0,0
flow_30.4,24.0,2.5,0
flow_20.3,26.0,3.0,0
flow_00.4,39.5,4.0,0
flow_20.4,25.0,2.5,0
flow_00.5,35.5,3.0,0
flow_10.2,34.5,4.0,0
flow_30.5,28.5,3.5,0
flow_30.6,27.0,3.0,0
flow_10.3,35.0,3.0,0
flow_10.4,30.0,3.0,0
flow_00.6,25.5,3.0,0
flow_20.5,29.0,3.5,0
flow_20.6,27.5,3.0,0
flow_20.7,25.5,3.0,0
flow_20.8,23.5,2.5,0
flow_30.7,36.5,4.0,0
flow_10.5,37.0,4.0,0
flow_30.8,30.5,3.5,0
flow_10.6,36.0,3.0,0
flow_30.9,21.0,1.5,0
flow_20.9,39.0,4.0,0
flow_00.7,21.0,1.5,0
flow_20.10,39.5,3.0,0
flow_00.8,21.5,2.0,0
flow_20.11,22.0,2.0,0
flow_30.10,22.0,2.0,0
flow_10.7,42.0,4.0,0
flow_10.8,33.5,3.0,0
flow_10.9,32.0,3.0,0
flow_20.12,39.0,4.0,0
flow_00.9,36.5,4.0,0
flow_00.10,35.5,3.0,0
flow_20.13,39.5,3.0,0
flow_00.11,32.0,3.0,0
flow_20.14,31.5,3.0,0
flow_10.10,49.0,4.0,0
flow_30.11,36.5,4.0,0
flow_10.11,42.5,3.0,0
flow_30.12,21.5,2.0,0
flow_10.12,23.0,2.0,0
flow_00.12,49.5,4.0,0
flow_20.15,45.5,4.0,0
flow_00.13,48.5,3.0,0
flow_20.16,45.5,3.0,0
flow_00.14,48.5,3.0,0
flow_20.17,43.5,3.0,0
flow_30.13,23.5,2.5,0
flow_10.13,35.0,4.0,0
flow_10.14,26.5,2.5,0
flow_10.15,25.5,2.5,0
flow_30.14,20.5,1.5,0
flow_10.16,23.5,2.0,0
flow_00.15,65.5,4.0,0
flow_20.18,61.0,4.0,0
flow_20.19,57.5,3.0,0
flow_00.16,64.0,3.0,0
flow_00.17,62.5,3.0,0
flow_20.20,57.0,3.0,0
flow_10.17,31.0,4.0,0
flow_10.18,22.0,2.0,0
flow_30.15,21.0,1.5,0
flow_10.19,22.0,1.5,0
flow_20.21,74.0,4.0,0
flow_00.18,80.5,4.0,0
flow_00.19,80.0,3.0,0
flow_20.22,74.5,3.5,0
flow_00.20,78.5,3.0,0
flow_20.23,73.0,3.0,0
flow_10.20,34.5,4.0,0
flow_30.16,38.0,4.0,0
flow_10.21,34.0,3.0,0
flow_30.17,37.0,3.0,0
flow_30.18,35.5,3.0,0
flow_20.24,89.5,4.0,0
flow_00.21,96.0,4.0,0
flow_20.25,86.5,3.0,0
flow_00.22,95.5,3.0,0
flow_00.23,95.5,3.0,0
flow_20.26,84.5,3.0,0
flow_30.19,45.0,4.0,0
flow_10.22,40.0,4.0,0
flow_30.20,45.0,3.0,0
flow_10.23,39.5,3.0,0
flow_30.21,38.0,3.0,0
flow_10.24,39.0,3.0,0
flow_00.24,103.5,4.0,0
flow_20.27,86.5,4.0,0
flow_00.25,103.0,3.0,0
flow_20.28,82.5,3.0,0
flow_00.26,100.5,3.0,0
flow_20.29,80.5,3.0,0
flow_10.25,55.5,4.0,0
flow_30.22,52.5,4.0,0
flow_10.26,50.5,3.0,0
flow_30.23,52.5,3.0,0
flow_10.27,24.0,2.5,0
flow_30.24,51.5,3.0,0
flow_00.27,107.5,4.0,0
flow_20.30,82.5,4.0,0
flow_00.28,105.5,3.0,0
flow_20.31,74.5,3.0,0
flow_00.29,102.5,3.0,0
flow_20.32,68.0,3.0,0
flow_10.28,35.0,4.0,0
flow_30.25,68.5,4.0,0
flow_30.26,55.0,3.0,0
flow_30.27,42.0,3.0,0
flow_00.30,107.5,4.0,0
flow_20.33,74.5,4.0,0
flow_00.31,105.0,3.0,0
flow_20.34,65.5,3.0,0
flow_00.32,102.5,3.0,0
flow_20.35,47.5,3.0,0
flow_30.28,58.0,4.0,0
flow_10.29,40.5,4.0,0
flow_30.29,56.5,3.0,0
flow_30.30,30.0,3.0,0
flow_00.33,107.0,4.0,0
flow_20.36,66.0,4.0,0
flow_00.34,105.0,3.0,0
flow_20.37,64.5,3.0,0
flow_00.35,102.5,3.0,0
flow_20.38,63.5,3.0,0
flow_10.30,39.0,4.0,0
flow_30.31,35.5,4.0,0
flow_10.31,33.5,3.0,0
flow_10.32,31.5,3.0,0
flow_20.39,81.0,4.0,0
flow_00.36,108.5,4.0,0
flow_00.37,105.5,3.0,0
flow_20.40,78.5,3.5,0
flow_00.38,102.0,3.0,0
flow_20.41,77.0,3.0,0
flow_30.32,27.0,3.5,0
flow_10.33,49.0,4.0,0
flow_30.33,23.0,2.0,0
flow_10.34,48.0,3.0,0
flow_10.35,40.5,3.0,0
flow_00.39,107.5,4.0,0
flow_20.42,94.5,4.0,0
flow_00.40,105.5,3.0,0
flow_20.43,93.5,3.0,0
flow_00.41,102.0,3.0,0
flow_20.44,92.0,3.0,0
flow_30.34,26.0,3.0,0
flow_10.36,37.0,4.0,0
flow_10.37,36.0,3.0,0
flow_10.38,29.5,3.0,0
flow_20.45,107.0,4.0,0
flow_00.42,108.5,4.0,0
flow_00.43,106.0,3.0,0
flow_20.46,107.5,3.5,0
flow_00.44,102.5,3.0,0
flow_20.47,100.0,3.0,0
flow_10.39,44.5,4.0,0
flow_30.35,41.5,4.0,0
flow_30.36,38.0,3.0,0
flow_10.40,31.0,3.5,0
flow_10.41,21.5,1.5,0
flow_00.45,108.5,4.0,0
flow_20.48,108.5,4.0,0
flow_00.46,106.0,3.0,0
flow_20.49,106.0,3.0,0
flow_00.47,102.5,3.0,0
flow_20.50,102.5,3.0,0
flow_10.42,39.0,4.0,0
flow_10.43,38.5,3.0,0
flow_10.44,37.5,3.0,0
flow_00.48,107.0,4.0,0
flow_20.51,107.5,4.0,0
flow_00.49,105.0,3.0,0
flow_20.52,105.5,3.0,0
flow_00.50,102.5,3.0,0
flow_20.53,102.5,3.0,0
flow_30.37,32.0,4.0,0
flow_10.45,44.5,4.0,0
flow_30.38,27.5,3.0,0
flow_10.46,43.5,3.0,0
flow_10.47,42.5,3.0,0
flow_00.51,107.0,4.0,0
flow_20.54,107.0,4.0,0
flow_00.52,105.5,3.0,0
flow_20.55,105.5,3.0,0
flow_00.53,102.5,3.0,0
flow_20.56,103.0,3.0,0
flow_30.39,24.5,2.5,0
flow_10.48,61.0,4.0,0
flow_10.49,60.5,3.0,0
flow_10.50,58.5,3.0,0
flow_20.57,108.0,4.0,0
flow_00.54,108.0,4.0,0
flow_00.55,105.5,3.0,0
flow_20.58,106.5,3.5,0
flow_00.56,102.0,3.0,0
flow_20.59,103.0,3.0,0
flow_10.51,75.5,4.0,0
flow_30.40,25.0,3.0,0
flow_10.52,75.5,3.0,0
flow_10.53,73.0,3.0,0
flow_00.57,107.5,4.0,0
flow_20.60,107.5,4.0,0
flow_00.58,105.5,3.0,0
flow_20.61,106.0,3.0,0
flow_00.59,102.5,3.0,0
flow_20.62,103.0,3.0,0
flow_30.41,41.5,4.0,0
flow_10.54,90.0,4.0,0
flow_10.55,89.0,3.0,0
flow_30.42,41.0,3.0,0
flow_30.43,39.5,3.0,0
flow_10.56,83.0,3.0,0
flow_20.63,107.5,4.0,0
flow_00.60,108.0,4.0,0
flow_00.61,105.5,3.0,0
flow_20.64,107.0,3.5,0
flow_00.62,103.0,3.0,0
flow_20.65,104.0,3.0,0
flow_10.57,97.5,4.0,0
flow_30.44,28.5,3.5,0
flow_30.45,27.0,3.0,0
flow_10.58,91.5,3.0,0
flow_30.46,24.5,2.5,0
flow_10.59,82.0,3.0,0
flow_20.66,107.5,4.0,0
flow_00.63,107.5,4.0,0
flow_20.67,105.5,3.0,0
flow_00.64,106.0,3.0,0
flow_20.68,102.5,3.0,0
flow_00.65,103.0,3.0,0
flow_10.60,89.5,4.0,0
flow_30.47,21.5,2.0,0
flow_10.61,89.5,3.0,0
flow_10.62,88.5,3.0,0
flow_20.69,107.5,4.0,0
flow_00.66,108.5,4.0,0
flow_20.70,105.0,3.0,0
flow_00.67,105.5,3.0,0
flow_20.71,102.0,3.0,0
flow_00.68,102.5,3.0,0
flow_10.63,106.0,4.0,0
flow_30.48,31.5,3.5,0
flow_30.49,30.5,3.0,0
flow_10.64,100.0,3.5,0
flow_30.50,29.5,3.0,0
flow_10.65,79.5,3.0,0
flow_00.69,107.5,4.0,0
flow_20.72,108.0,4.0,0
flow_00.70,105.0,3.0,0
flow_20.73,106.5,3.5,0
flow_00.71,102.5,3.0,0
flow_20.74,103.5,3.0,0
flow_30.51,46.5,4.0,0
flow_10.66,67.0,4.0,0
flow_30.52,46.0,3.0,0
flow_10.67,63.0,3.0,0
flow_10.68,61.5,3.0,0
flow_30.53,45.5,3.0,0
flow_20.75,107.5,4.0,0
flow_00.72,107.5,4.0,0
flow_00.73,105.5,3.0,0
flow_20.76,106.5,3.0,0
flow_00.74,102.5,3.0,0
flow_20.77,103.0,3.0,0
flow_10.69,73.5,4.0,0
flow_30.54,39.5,4.0,0
flow_10.70,72.0,3.0,0
flow_30.55,34.0,3.0,0
flow_10.71,71.0,3.0,0
flow_20.78,107.5,4.0,0
flow_00.75,108.0,4.0,0
flow_20.79,106.0,3.0,0
flow_00.76,106.5,3.5,0
flow_20.80,103.0,3.0,0
flow_00.77,103.0,3.0,0
flow_10.72,85.5,4.0,0
flow_30.56,32.5,4.0,0
flow_30.57,31.5,3.5,0
flow_10.73,85.0,3.0,0
flow_10.74,84.0,3.0,0
flow_00.78,107.5,4.0,0
flow_20.81,108.5,4.0,0
flow_00.79,105.5,3.0,0
flow_20.82,106.0,3.0,0
flow_00.80,102.0,3.0,0
flow_20.83,103.0,3.0,0
flow_10.75,101.5,4.0,0
flow_10.76,101.5,3.5,0
flow_10.77,99.5,3.0,0
flow_20.84,107.5,4.0,0
flow_00.81,108.0,4.0,0
flow_00.82,105.5,3.0,0
flow_20.85,106.0,3.0,0
flow_00.83,102.5,3.0,0
flow_20.86,103.5,3.0,0
flow_10.78,108.0,4.0,0
flow_10.79,105.5,3.0,0
flow_10.80,92.5,3.0,0
flow_20.87,108.0,4.0,0
flow_00.84,108.5,4.0,0
flow_20.88,106.0,3.0,0
flow_00.85,106.0,3.0,0
flow_20.89,102.5,3.0,0
flow_00.86,103.0,3.0,0
flow_10.81,107.0,4.0,0
flow_10.82,73.0,3.0,0
flow_30.58,21.5,2.0,0
flow_10.83,65.0,3.0,0
flow_20.90,108.5,4.0,0
flow_00.87,108.5,4.0,0
flow_20.91,105.5,3.0,0
flow_00.88,105.5,3.0,0
flow_20.92,102.5,3.0,0
flow_00.89,103.5,3.0,0
flow_10.84,78.5,4.0,0
flow_30.59,35.0,4.0,0
flow_30.60,33.0,3.0,0
flow_10.85,78.0,3.0,0
flow_10.86,73.5,3.0,0
flow_00.90,107.5,4.0,0
flow_20.93,108.0,4.0,0
flow_20.94,105.5,3.0,0
flow_00.91,106.0,3.0,0
flow_00.92,102.5,3.0,0
flow_20.95,103.5,3.0,0
flow_10.87,36.0,4.0,0
flow_10.88,34.5,3.0,0
flow_30.61,20.5,1.5,0
flow_10.89,33.0,3.0,0
flow_00.93,107.5,4.0,0
flow_20.96,107.5,4.0,0
flow_20.97,105.5,3.0,0
flow_00.94,105.5,3.0,0
flow_20.98,102.0,3.0,0
flow_00.95,103.5,3.0,0
flow_10.90,50.0,4.0,0
flow_30.62,26.0,3.0,0
flow_10.91,50.0,3.0,0
flow_30.63,22.5,2.0,0
flow_10.92,49.5,3.0,0
flow_20.99,107.5,4.0,0
flow_00.96,108.5,4.0,0
flow_20.100,106.0,3.0,0
flow_00.97,106.5,3.0,0
flow_20.101,102.5,3.0,0
flow_00.98,103.0,3.0,0
flow_30.64,38.0,4.0,0
flow_10.93,64.5,4.0,0
flow_30.65,31.5,3.5,0
flow_10.94,61.0,3.0,0
flow_30.66,23.0,2.0,0
flow_10.95,59.5,3.0,0
flow_20.102,108.0,4.0,0
flow_00.99,108.0,4.0,0
flow_20.103,105.5,3.0,0
flow_00.100,105.5,3.0,0
flow_20.104,103.0,3.0,0
flow_00.101,103.0,3.0,0
flow_10.96,62.5,4.0,0
flow_30.67,41.5,4.0,0
flow_10.97,61.0,3.0,0
flow_30.68,36.0,3.0,0
flow_10.98,57.5,3.0,0
flow_00.102,107.5,4.0,0
flow_20.105,108.0,4.0,0
flow_20.106,107.0,3.5,0
flow_00.103,107.5,3.5,0
flow_20.107,103.5,3.0,0
flow_00.104,103.5,3.0,0
flow_10.99,75.0,4.0,0
flow_30.69,28.0,3.5,0
flow_30.70,24.0,2.5,0
flow_10.100,74.5,3.0,0
flow_10.101,73.5,3.0,0
flow_20.108,107.5,4.0,0
flow_00.105,107.5,4.0,0
flow_00.106,105.5,3.0,0
flow_20.109,106.0,3.0,0
flow_20.110,103.0,3.0,0
flow_00.107,103.0,3.0,0
flow_10.102,90.5,4.0,0
flow_30.71,22.0,2.0,0
flow_30.72,21.0,2.0,0
flow_10.103,90.0,3.0,0
flow_10.104,89.0,3.0,0
flow_20.111,107.5,4.0,0
flow_00.108,108.0,4.0,0
flow_00.109,105.5,3.0,0
flow_20.112,106.0,3.0,0
flow_00.110,103.0,3.0,0
flow_20.113,103.0,3.0,0
flow_10.105,105.5,4.0,0
flow_10.106,105.0,3.0,0
flow_10.107,93.0,3.0,0
flow_00.111,107.0,4.0,0
flow_20.114,108.0,4.0,0
flow_00.112,105.0,3.0,0
flow_20.115,105.5,3.0,0
flow_20.116,102.5,3.0,0
flow_00.113,103.5,3.0,0
flow_10.108,103.0,4.0,0
flow_30.73,33.0,4.0,0
flow_10.109,102.5,3.0,0
flow_10.110,101.0,3.0,0
flow_00.114,107.5,4.0,0
flow_20.117,108.0,4.0,0
flow_20.118,105.5,3.0,0
flow_00.115,106.0,3.0,0
flow_20.119,103.0,3.0,0
flow_00.116,103.0,3.0,0
flow_30.74,38.5,4.0,0
flow_10.111,107.5,4.0,0
flow_10.112,105.5,3.0,0
flow_30.75,36.5,3.0,0
flow_10.113,102.0,3.0,0
flow_30.76,29.5,3.0,0
flow_00.117,107.5,4.0,0
flow_20.120,109.0,4.0,0
flow_00.118,105.5,3.0,0
flow_20.121,106.0,3.0,0
flow_20.122,102.5,3.0,0
flow_00.119,104.0,3.0,0
flow_10.114,107.0,4.0,0
flow_30.77,28.0,3.5,0
flow_10.115,105.5,3.0,0
flow_30.78,28.0,3.0,0
flow_10.116,103.0,3.0,0
flow_30.79,26.5,2.5,0
flow_20.123,107.5,4.0,0
flow_00.120,108.5,4.0,0
flow_00.121,105.5,3.0,0
flow_20.124,105.5,3.0,0
flow_00.122,102.5,3.0,0
flow_20.125,102.5,3.0,0
flow_10.0,21.0,1.5,0
flow_10.1,22.0,2.0,0
flow_30.0,21.5,2.0,0
flow_00.0,38.0,4.0,0
flow_00.1,37.0,3.0,0
flow_00.2,32.5,3.0,0
flow_30.1,33.5,4.0,0
flow_10.2,41.0,4.0,0
flow_30.2,33.5,3.0,0
flow_10.3,40.5,3.5,0
flow_10.4,38.5,3.0,0
flow_30.3,30.5,3.0,0
flow_20.0,20.0,1.5,0
flow_00.3,34.0,4.0,0
flow_00.4,33.5,3.0,0
flow_00.5,22.5,2.0,0
flow_10.5,47.0,4.0,0
flow_30.4,42.0,4.0,0
flow_30.5,40.5,3.0,0
flow_10.6,29.0,3.0,0
flow_30.6,37.0,3.0,0
flow_00.6,40.0,4.0,0
flow_20.1,36.0,4.0,0
flow_00.7,39.5,3.0,0
flow_00.8,39.0,3.0,0
flow_30.7,52.5,4.0,0
flow_10.7,41.0,4.0,0
flow_30.8,43.5,3.0,0
flow_10.8,38.5,3.5,0
flow_30.9,24.5,2.5,0
flow_10.9,24.0,2.5,0
flow_00.9,50.0,4.0,0
flow_20.2,40.0,4.0,0
flow_20.3,23.0,2.0,0
flow_00.10,49.5,3.0,0
flow_00.11,49.0,3.0,0
flow_30.10,38.5,4.0,0
flow_10.10,28.5,3.5,0
flow_30.11,33.5,3.0,0
flow_10.11,22.0,2.0,0
flow_30.12,32.5,3.0,0
flow_00.12,66.5,4.0,0
flow_00.13,65.5,3.0,0
flow_00.14,63.5,3.0,0
flow_10.12,41.0,4.0,0
flow_30.13,50.0,4.0,0
flow_10.13,41.0,3.0,0
flow_30.14,50.0,3.0,0
flow_10.14,39.5,3.0,0
flow_30.15,48.5,3.0,0
flow_20.4,41.0,4.0,0
flow_00.15,82.0,4.0,0
flow_00.16,78.5,3.0,0
flow_00.17,77.0,3.0,0
flow_10.15,57.5,4.0,0
flow_30.16,64.5,4.0,0
flow_10.16,56.5,3.0,0
flow_30.17,57.0,3.0,0
flow_10.17,55.0,3.0,0
flow_30.18,47.5,3.0,0
flow_00.18,94.5,4.0,0
flow_20.5,38.0,4.0,0
flow_00.19,90.0,3.0,0
flow_00.20,89.0,3.0,0
flow_30.19,64.5,4.0,0
flow_10.18,73.5,4.0,0
flow_10.19,72.5,3.0,0
flow_30.20,64.5,3.0,0
flow_10.20,71.0,3.0,0
flow_30.21,60.0,3.0,0
flow_20.6,20.0,1.5,0
flow_00.21,103.5,4.0,0
flow_00.22,103.5,3.0,0
flow_20.7,23.0,2.0,0
flow_00.23,92.5,3.0,0
flow_30.22,76.0,4.0,0
flow_10.21,89.0,4.0,0
flow_30.23,74.5,3.0,0
flow_10.22,88.5,3.0,0
flow_30.24,66.0,3.0,0
flow_10.23,87.0,3.0,0
flow_20.8,25.0,3.0,0
flow_00.24,107.5,4.0,0
flow_00.25,105.0,3.0,0
flow_20.9,21.0,2.0,0
flow_00.26,103.5,3.0,0
flow_10.24,104.0,4.0,0
flow_30.25,84.5,4.0,0
flow_10.25,102.5,3.0,0
flow_30.26,84.0,3.0,0
flow_10.26,100.5,3.0,0
flow_30.27,83.0,3.0,0
flow_00.27,108.0,4.0,0
flow_20.10,38.0,4.0,0
flow_00.28,105.5,3.0,0
flow_00.29,103.5,3.0,0
flow_10.27,107.5,4.0,0
flow_30.28,100.5,4.0,0
flow_10.28,105.5,3.0,0
flow_30.29,99.5,3.0,0
flow_10.29,102.5,3.0,0
flow_30.30,97.5,3.0,0
flow_00.30,95.5,4.0,0
flow_00.31,95.5,3.0,0
flow_00.32,91.0,3.0,0
flow_10.30,107.0,4.0,0
flow_30.31,107.0,4.0,0
flow_10.31,105.0,3.0,0
flow_30.32,105.5,3.0,0
flow_10.32,102.0,3.0,0
flow_30.33,101.5,3.0,0
flow_00.33,107.5,4.0,0
flow_00.34,107.0,3.5,0
flow_00.35,103.5,3.0,0
flow_30.34,107.5,4.0,0
flow_10.33,108.0,4.0,0
flow_10.34,105.5,3.0,0
flow_30.35,90.0,3.0,0
flow_30.36,86.5,3.0,0
flow_10.35,103.0,3.0,0
flow_00.36,107.5,4.0,0
flow_20.11,37.5,4.0,0
flow_00.37,105.0,3.0,0
flow_00.38,103.0,3.0,0
flow_10.36,107.5,4.0,0
flow_30.37,102.5,4.0,0
flow_10.37,105.0,3.0,0
flow_30.38,101.5,3.0,0
flow_10.38,102.5,3.0,0
flow_30.39,100.0,3.0,0
flow_00.39,108.5,4.0,0
flow_00.40,106.0,3.0,0
flow_20.12,20.5,1.5,0
flow_00.41,104.0,3.0,0
flow_10.39,107.0,4.0,0
flow_30.40,107.5,4.0,0
flow_10.40,105.5,3.0,0
flow_30.41,105.5,3.0,0
flow_30.42,102.5,3.0,0
flow_10.41,103.5,3.0,0
flow_00.42,107.5,4.0,0
flow_00.43,105.0,3.0,0
flow_00.44,102.5,3.0,0
flow_10.42,107.5,4.0,0
flow_30.43,108.5,4.0,0
flow_10.43,105.0,3.0,0
flow_30.44,106.0,3.0,0
flow_10.44,102.0,3.0,0
flow_30.45,102.5,3.0,0
flow_00.45,108.5,4.0,0
flow_20.13,20.0,1.5,0
flow_00.46,105.5,3.0,0
flow_00.47,102.5,3.0,0
flow_10.45,107.5,4.0,0
flow_30.46,107.5,4.0,0
flow_30.47,105.5,3.0,0
flow_10.46,106.5,3.5,0
flow_30.48,102.5,3.0,0
flow_10.47,103.5,3.0,0
flow_20.14,29.5,3.5,0
flow_00.48,108.5,4.0,0
flow_00.49,105.5,3.0,0
flow_20.15,21.0,2.0,0
flow_00.50,102.5,3.0,0
flow_30.49,107.5,4.0,0
flow_10.48,108.0,4.0,0
flow_30.50,105.0,3.0,0
flow_10.49,106.0,3.0,0
flow_30.51,102.0,3.0,0
flow_10.50,103.0,3.0,0
flow_00.51,107.5,4.0,0
flow_20.16,37.0,4.0,0
flow_00.52,105.5,3.0,0
flow_20.17,36.0,3.0,0
flow_00.53,103.0,3.0,0
flow_30.52,107.0,4.0,0
flow_10.51,108.0,4.0,0
flow_30.53,105.0,3.0,0
flow_10.52,106.0,3.0,0
flow_30.54,102.5,3.0,0
flow_10.53,102.5,3.0,0
flow_00.54,107.0,4.0,0
flow_20.18,32.5,4.0,0
flow_00.55,106.0,3.0,0
flow_20.19,20.0,1.5,0
flow_00.56,102.5,3.0,0
flow_30.55,107.5,4.0,0
flow_10.54,107.5,4.0,0
flow_30.56,105.5,3.0,0
flow_10.55,105.5,3.0,0
flow_30.57,102.5,3.0,0
flow_10.56,103.0,3.0,0
flow_20.20,37.5,4.0,0
flow_00.57,108.0,4.0,0
flow_00.58,105.5,3.0,0
flow_00.59,102.5,3.0,0
flow_30.58,107.5,4.0,0
flow_10.57,107.5,4.0,0
flow_10.58,105.0,3.0,0
flow_30.59,106.0,3.0,0
flow_10.59,102.5,3.0,0
flow_30.60,103.0,3.0,0
flow_00.60,107.5,4.0,0
flow_20.21,39.5,4.0,0
flow_00.61,106.0,3.0,0
flow_00.62,102.5,3.0,0
flow_10.60,107.0,4.0,0
flow_30.61,107.5,4.0,0
flow_30.62,105.5,3.0,0
flow_10.61,105.5,3.0,0
flow_10.62,102.0,3.0,0
flow_30.63,102.5,3.0,0
flow_20.22,34.5,4.0,0
flow_00.63,108.5,4.0,0
flow_20.23,29.0,3.0,0
flow_00.64,106.0,3.0,0
flow_00.65,103.0,3.0,0
flow_10.63,107.0,4.0,0
flow_30.64,108.0,4.0,0
flow_10.64,105.0,3.0,0
flow_30.65,105.5,3.0,0
flow_10.65,102.0,3.0,0
flow_30.66,102.5,3.0,0
flow_00.66,107.5,4.0,0
flow_20.24,20.5,1.5,0
flow_00.67,106.0,3.0,0
flow_00.68,103.5,3.0,0
flow_30.67,107.5,4.0,0
flow_10.66,108.5,4.0,0
flow_10.67,106.0,3.0,0
flow_30.68,106.0,3.0,0
flow_10.68,103.0,3.0,0
flow_30.69,103.0,3.0,0
flow_20.25,21.5,2.0,0
flow_00.69,107.0,4.0,0
flow_00.70,105.5,3.0,0
flow_00.71,103.0,3.0,0
flow_10.69,107.5,4.0,0
flow_30.70,107.5,4.0,0
flow_30.71,105.0,3.0,0
flow_10.70,105.5,3.0,0
flow_30.72,102.5,3.0,0
flow_10.71,103.0,3.0,0
flow_20.26,21.0,2.0,0
flow_00.72,107.0,4.0,0
flow_00.73,106.0,3.0,0
flow_00.74,103.0,3.0,0
flow_30.73,107.5,4.0,0
flow_10.72,107.5,4.0,0
flow_30.74,105.5,3.0,0
flow_10.73,105.5,3.0,0
flow_10.74,102.0,3.0,0
flow_30.75,103.5,3.0,0
flow_00.75,107.5,4.0,0
flow_00.76,106.5,3.0,0
flow_00.77,103.0,3.0,0
flow_10.75,107.5,4.0,0
flow_30.76,107.5,4.0,0
flow_10.76,105.5,3.0,0
flow_30.77,106.0,3.0,0
flow_10.77,102.5,3.0,0
flow_30.78,103.0,3.0,0
flow_00.78,107.5,4.0,0
flow_20.27,32.0,3.5,0
flow_00.79,105.5,3.0,0
flow_20.28,25.0,2.5,0
flow_00.80,102.5,3.0,0
flow_10.78,107.5,4.0,0
flow_30.79,107.5,4.0,0
flow_10.79,105.5,3.0,0
flow_30.80,106.0,3.0,0
flow_30.81,103.0,3.0,0
flow_10.80,103.0,3.0,0
flow_00.81,107.0,4.0,0
flow_20.29,27.5,3.5,0
flow_00.82,106.0,3.0,0
flow_00.83,102.5,3.0,0
flow_30.82,107.0,4.0,0
flow_10.81,107.5,4.0,0
flow_30.83,105.5,3.0,0
flow_10.82,105.5,3.0,0
flow_30.84,102.0,3.0,0
flow_10.83,102.5,3.0,0
flow_00.84,107.5,4.0,0
flow_00.85,106.0,3.0,0
flow_00.86,103.0,3.0,0
flow_10.84,107.0,4.0,0
flow_30.85,109.0,4.0,0
flow_30.86,106.0,3.0,0
flow_10.85,106.0,3.0,0
flow_30.87,102.5,3.0,0
flow_10.86,102.5,3.0,0
flow_20.30,37.5,4.0,0
flow_00.87,108.5,4.0,0
flow_20.31,28.0,3.0,0
flow_00.88,106.0,3.0,0
flow_00.89,103.0,3.0,0
flow_30.88,107.5,4.0,0
flow_10.87,109.5,4.0,0
flow_30.89,106.0,3.0,0
flow_10.88,108.0,3.5,0
flow_30.90,102.5,3.0,0
flow_10.89,104.0,3.0,0
flow_20.32,34.5,4.0,0
flow_00.90,108.0,4.0,0
flow_00.91,106.5,3.5,0
flow_00.92,104.5,3.5,0
flow_10.90,107.0,4.0,0
flow_30.91,107.5,4.0,0
flow_10.91,105.0,3.0,0
flow_30.92,106.0,3.0,0
flow_10.92,102.0,3.0,0
flow_30.93,103.5,3.0,0
flow_00.93,107.5,4.0,0
flow_20.33,38.5,4.0,0
flow_00.94,105.5,3.0,0
flow_20.34,38.0,3.0,0
flow_00.95,102.5,3.0,0
flow_20.35,37.0,3.0,0
flow_30.94,107.5,4.0,0
flow_10.93,107.5,4.0,0
flow_30.95,105.5,3.0,0
flow_10.94,105.5,3.0,0
flow_30.96,102.0,3.0,0
flow_10.95,103.0,3.0,0
flow_20.36,27.0,3.5,0
flow_00.96,107.5,4.0,0
flow_00.97,106.0,3.0,0
flow_00.98,103.5,3.0,0
flow_10.96,107.5,4.0,0
flow_30.97,108.5,4.0,0
flow_10.97,105.5,3.0,0
flow_30.98,106.0,3.0,0
flow_10.98,102.0,3.0,0
flow_30.99,103.5,3.0,0
flow_00.99,107.0,4.0,0
flow_20.37,35.0,4.0,0
flow_20.38,20.5,2.0,0
flow_00.100,108.0,3.5,0
flow_00.101,104.0,3.0,0
flow_10.99,107.0,4.0,0
flow_30.100,108.5,4.0,0
flow_30.101,105.5,3.0,0
flow_10.100,105.5,3.0,0
flow_30.102,102.5,3.0,0
flow_10.101,102.5,3.0,0
flow_20.39,40.5,4.0,0
flow_00.102,108.5,4.0,0
flow_00.103,106.5,3.5,0
flow_00.104,103.0,3.0,0
flow_30.103,107.5,4.0,0
flow_10.102,108.0,4.0,0
flow_30.104,105.5,3.0,0
flow_10.103,106.0,3.0,0
flow_10.104,102.5,3.0,0
flow_30.105,103.0,3.0,0
flow_00.105,107.5,4.0,0
flow_20.40,39.5,4.0,0
flow_00.106,105.0,3.0,0
flow_20.41,28.5,3.0,0
flow_20.42,27.0,3.0,0
flow_00.107,104.0,3.0,0
flow_20.43,25.0,3.0,0
flow_10.105,107.0,4.0,0
flow_30.106,107.5,4.0,0
flow_30.107,106.0,3.0,0
flow_10.106,107.5,3.5,0
flow_30.108,102.5,3.0,0
flow_10.107,103.5,3.0,0
flow_20.44,40.5,4.0,0
flow_00.108,108.0,4.0,0
flow_00.109,105.5,3.0,0
flow_20.45,40.5,3.0,0
flow_20.46,34.0,3.0,0
flow_00.110,104.0,3.0,0
flow_30.109,107.5,4.0,0
flow_10.108,107.5,4.0,0
flow_30.110,105.5,3.0,0
flow_10.109,106.0,3.0,0
flow_30.111,102.5,3.0,0
flow_10.110,103.0,3.0,0
flow_20.47,25.5,3.0,0
flow_00.111,107.5,4.0,0
flow_00.112,106.0,3.0,0
flow_00.113,102.5,3.0,0
flow_30.112,107.0,4.0,0
flow_10.111,108.0,4.0,0
flow_30.113,105.5,3.0,0
flow_10.112,105.5,3.0,0
flow_30.114,102.5,3.0,0
flow_10.113,103.0,3.0,0
flow_20.48,37.0,4.0,0
flow_00.114,108.5,4.0,0
flow_00.115,105.5,3.0,0
flow_00.116,102.5,3.0,0
flow_30.115,108.0,4.0,0
flow_10.114,108.0,4.0,0
flow_30.116,105.5,3.0,0
flow_10.115,105.5,3.0,0
flow_30.117,102.5,3.0,0
flow_10.116,103.0,3.0,0
flow_20.49,36.5,4.0,0
flow_00.117,109.0,4.0,0
flow_20.50,27.0,3.0,0
flow_00.118,106.0,3.5,0
flow_00.119,102.5,3.0,0
flow_10.117,107.0,4.0,0
flow_30.118,107.5,4.0,0
flow_30.119,105.5,3.0,0
flow_10.118,107.0,3.5,0
flow_30.120,102.0,3.0,0
flow_10.119,104.0,3.0,0
flow_20.51,28.0,3.5,0
flow_00.120,108.0,4.0,0
flow_00.121,106.0,3.0,0
flow_00.122,103.0,3.0,0
flow_30.121,107.5,4.0,0
flow_10.120,107.5,4.0,0
flow_30.122,105.0,3.0,0
flow_10.121,105.5,3.0,0
flow_10.122,102.5,3.0,0
flow_30.123,103.0,3.0,0
flow_00.123,107.5,4.0,0
flow_20.52,20.0,1.5,0
flow_00.124,105.5,3.0,0
flow_00.125,104.0,3.0,0
flow_30.0,23.0,2.0,0
flow_30.1,22.5,2.0,0
flow_30.2,22.0,2.0,0
flow_00.0,37.0,4.0,0
flow_20.0,32.5,4.0,0
flow_00.1,32.5,3.0,0
flow_20.1,32.0,3.5,0
flow_20.2,30.5,3.0,0
flow_30.3,41.5,4.0,0
flow_30.4,40.5,3.0,0
flow_10.0,20.5,1.5,0
flow_30.5,39.0,3.0,0
flow_20.3,47.5,4.0,0
flow_00.2,34.0,4.0,0
flow_20.4,46.0,3.0,0
flow_00.3,30.5,3.5,0
flow_20.5,41.0,3.0,0
flow_00.4,31.0,3.0,0
flow_00.5,29.0,3.0,0
flow_30.6,55.5,4.0,0
flow_10.1,36.5,4.0,0
flow_30.7,51.0,3.0,0
flow_10.2,20.5,2.0,0
flow_30.8,50.0,3.0,0
flow_00.6,43.5,4.0,0
flow_20.6,51.5,4.0,0
flow_00.7,43.0,3.0,0
flow_20.7,48.5,3.0,0
flow_20.8,42.0,3.0,0
flow_00.8,42.5,3.0,0
flow_30.9,67.5,4.0,0
flow_10.3,41.0,4.0,0
flow_10.4,39.0,3.0,0
flow_30.10,67.5,3.0,0
flow_30.11,66.0,3.0,0
flow_10.5,35.0,3.0,0
flow_20.9,56.0,4.0,0
flow_00.9,59.5,4.0,0
flow_00.10,44.5,3.0,0
flow_20.10,46.0,3.0,0
flow_00.11,44.0,3.0,0
flow_20.11,45.0,3.0,0
flow_30.12,83.5,4.0,0
flow_10.6,54.0,4.0,0
flow_30.13,68.0,3.0,0
flow_10.7,52.5,3.5,0
flow_30.14,59.0,3.0,0
flow_10.8,51.0,3.0,0
flow_20.12,61.5,4.0,0
flow_00.12,61.0,4.0,0
flow_20.13,61.5,3.0,0
flow_00.13,58.5,3.0,0
flow_00.14,50.0,3.0,0
flow_20.14,60.5,3.0,0
flow_10.9,68.0,4.0,0
flow_30.15,76.5,4.0,0
flow_30.16,76.0,3.0,0
flow_10.10,61.0,3.0,0
flow_30.17,74.0,3.0,0
flow_10.11,53.5,3.0,0
flow_20.15,70.5,4.0,0
flow_00.15,48.5,4.0,0
flow_00.16,48.0,3.0,0
flow_20.16,65.5,3.0,0
flow_00.17,47.0,3.0,0
flow_20.17,64.0,3.0,0
flow_30.18,91.0,4.0,0
flow_10.12,64.5,4.0,0
flow_30.19,89.5,3.0,0
flow_10.13,57.0,3.0,0
flow_30.20,84.0,3.0,0
flow_10.14,54.0,3.0,0
flow_20.18,80.5,4.0,0
flow_00.18,64.0,4.0,0
flow_20.19,75.0,3.0,0
flow_00.19,63.5,3.0,0
flow_20.20,74.0,3.0,0
flow_00.20,62.5,3.0,0
flow_30.21,101.0,4.0,0
flow_10.15,64.0,4.0,0
flow_30.22,101.0,3.0,0
flow_10.16,65.5,3.5,0
flow_30.23,99.5,3.0,0
flow_10.17,63.5,3.0,0
flow_20.21,91.5,4.0,0
flow_00.21,78.0,4.0,0
flow_20.22,91.0,3.0,0
flow_00.22,78.0,3.0,0
flow_20.23,82.0,3.0,0
flow_00.23,76.5,3.0,0
flow_30.24,107.5,4.0,0
flow_10.18,79.5,4.0,0
flow_30.25,106.0,3.0,0
flow_10.19,69.5,3.0,0
flow_30.26,91.0,3.0,0
flow_10.20,48.0,3.0,0
flow_20.24,92.5,4.0,0
flow_00.24,95.0,4.0,0
flow_20.25,92.0,3.0,0
flow_00.25,93.5,3.0,0
flow_00.26,91.5,3.0,0
flow_20.26,89.5,3.0,0
flow_30.27,105.0,4.0,0
flow_10.21,65.5,4.0,0
flow_30.28,101.0,3.0,0
flow_10.22,66.0,3.0,0
flow_30.29,88.0,3.0,0
flow_10.23,64.5,3.0,0
flow_20.27,107.0,4.0,0
flow_00.27,95.5,4.0,0
flow_20.28,106.0,3.0,0
flow_00.28,89.5,3.0,0
flow_00.29,83.0,3.0,0
flow_20.29,83.0,3.0,0
flow_30.30,104.5,4.0,0
flow_10.24,54.5,4.0,0
flow_10.25,53.5,3.0,0
flow_30.31,100.0,3.0,0
flow_30.32,99.0,3.0,0
flow_10.26,50.0,3.0,0
flow_00.30,100.5,4.0,0
flow_20.30,100.0,4.0,0
flow_00.31,100.0,3.0,0
flow_20.31,99.0,3.0,0
flow_20.32,97.0,3.0,0
flow_00.32,96.5,3.5,0
flow_10.27,64.0,4.0,0
flow_30.33,107.5,4.0,0
flow_10.28,62.5,3.0,0
flow_30.34,105.5,3.0,0
flow_30.35,103.0,3.0,0
flow_10.29,50.5,3.0,0
flow_20.33,107.5,4.0,0
flow_00.33,89.5,4.0,0
flow_00.34,80.5,3.0,0
flow_20.34,106.0,3.0,0
flow_00.35,65.0,3.0,0
flow_20.35,102.0,3.0,0
flow_30.36,107.0,4.0,0
flow_10.30,66.0,4.0,0
flow_10.31,57.0,3.0,0
flow_30.37,105.5,3.0,0
flow_30.38,103.0,3.0,0
flow_10.32,57.0,3.0,0
flow_20.36,99.5,4.0,0
flow_00.36,83.0,4.0,0
flow_20.37,97.5,3.0,0
flow_00.37,79.5,3.0,0
flow_20.38,87.5,3.0,0
flow_00.38,68.5,3.0,0
flow_30.39,107.5,4.0,0
flow_10.33,67.5,4.0,0
flow_10.34,63.0,3.0,0
flow_30.40,106.0,3.0,0
flow_10.35,60.5,3.0,0
flow_30.41,103.0,3.0,0
flow_20.39,105.0,4.0,0
flow_00.39,81.5,4.0,0
flow_00.40,81.0,3.0,0
flow_20.40,105.0,3.5,0
flow_20.41,102.5,3.0,0
flow_00.41,81.0,3.0,0
flow_30.42,107.5,4.0,0
flow_10.36,64.0,4.0,0
flow_30.43,106.0,3.0,0
flow_10.37,62.5,3.0,0
flow_30.44,102.0,3.0,0
flow_10.38,47.5,3.0,0
flow_00.42,88.5,4.0,0
flow_20.42,108.5,4.0,0
flow_00.43,86.5,3.0,0
flow_20.43,106.5,3.5,0
flow_20.44,103.0,3.0,0
flow_00.44,83.0,3.0,0
flow_30.45,107.5,4.0,0
flow_10.39,57.5,4.0,0
flow_30.46,105.0,3.0,0
flow_10.40,46.5,3.0,0
flow_30.47,102.5,3.0,0
flow_10.41,45.5,3.0,0
flow_20.45,107.5,4.0,0
flow_00.45,101.0,4.0,0
flow_20.46,105.5,3.0,0
flow_00.46,100.5,3.5,0
flow_20.47,103.5,3.0,0
flow_00.47,99.0,3.0,0
flow_30.48,107.5,4.0,0
flow_10.42,62.5,4.0,0
flow_30.49,105.0,3.0,0
flow_10.43,62.5,3.0,0
flow_30.50,102.5,3.0,0
flow_10.44,61.0,3.0,0
flow_00.48,107.5,4.0,0
flow_20.48,107.5,4.0,0
flow_00.49,105.5,3.0,0
flow_20.49,106.0,3.0,0
flow_20.50,102.5,3.0,0
flow_00.50,103.5,3.0,0
flow_30.51,107.0,4.0,0
flow_10.45,78.0,4.0,0
flow_10.46,77.5,3.0,0
flow_30.52,107.5,3.5,0
flow_10.47,76.0,3.0,0
flow_30.53,104.0,3.0,0
flow_20.51,107.5,4.0,0
flow_00.51,107.5,4.0,0
flow_20.52,105.5,3.0,0
flow_00.52,105.5,3.0,0
flow_20.53,102.5,3.0,0
flow_00.53,102.5,3.0,0
flow_30.54,107.5,4.0,0
flow_10.48,94.0,4.0,0
flow_30.55,105.5,3.0,0
flow_10.49,93.0,3.0,0
flow_10.50,87.5,3.0,0
flow_30.56,103.5,3.0,0
flow_20.54,107.5,4.0,0
flow_00.54,107.5,4.0,0
flow_20.55,105.5,3.0,0
flow_00.55,106.0,3.0,0
flow_00.56,102.5,3.0,0
flow_20.56,103.5,3.0,0
flow_30.57,107.5,4.0,0
flow_10.51,105.0,4.0,0
flow_30.58,105.5,3.0,0
flow_10.52,104.0,3.0,0
flow_30.59,102.5,3.0,0
flow_10.53,80.0,3.0,0
flow_00.57,108.5,4.0,0
flow_20.57,100.0,4.0,0
flow_00.58,106.0,3.0,0
flow_20.58,82.5,3.0,0
flow_00.59,102.0,3.0,0
flow_20.59,82.0,3.0,0
flow_30.60,107.5,4.0,0
flow_10.54,98.0,4.0,0
flow_10.55,93.0,3.0,0
flow_30.61,106.0,3.0,0
flow_10.56,89.5,3.0,0
flow_30.62,103.0,3.0,0
flow_00.60,107.5,4.0,0
flow_20.60,98.5,4.0,0
flow_00.61,105.5,3.0,0
flow_20.61,98.0,3.0,0
flow_00.62,103.0,3.0,0
flow_20.62,97.0,3.0,0
flow_30.63,108.0,4.0,0
flow_10.57,107.0,4.0,0
flow_10.58,104.5,3.0,0
flow_30.64,106.0,3.0,0
flow_10.59,101.0,3.0,0
flow_30.65,102.5,3.0,0
flow_20.63,107.0,4.0,0
flow_00.63,107.0,4.0,0
flow_20.64,105.5,3.0,0
flow_00.64,105.5,3.0,0
flow_00.65,103.5,3.0,0
flow_20.65,105.0,3.5,0
flow_30.66,107.5,4.0,0
flow_10.60,107.5,4.0,0
flow_30.67,105.5,3.0,0
flow_10.61,105.5,3.0,0
flow_30.68,102.5,3.0,0
flow_10.62,103.0,3.0,0
flow_00.66,107.5,4.0,0
flow_20.66,107.5,4.0,0
flow_00.67,105.5,3.0,0
flow_20.67,105.5,3.0,0
flow_00.68,103.0,3.0,0
flow_20.68,103.0,3.0,0
flow_10.63,107.5,4.0,0
flow_30.69,108.0,4.0,0
flow_10.64,105.0,3.0,0
flow_30.70,105.5,3.0,0
flow_30.71,102.0,3.0,0
flow_10.65,103.0,3.0,0
flow_20.69,107.5,4.0,0
flow_00.69,108.0,4.0,0
flow_20.70,105.0,3.0,0
flow_00.70,107.0,3.5,0
flow_20.71,102.5,3.0,0
flow_00.71,103.5,3.0,0
flow_30.72,107.0,4.0,0
flow_10.66,107.0,4.0,0
flow_30.73,105.5,3.0,0
flow_10.67,105.5,3.0,0
flow_30.74,102.5,3.0,0
flow_10.68,102.5,3.0,0
flow_00.72,107.5,4.0,0
flow_20.72,107.5,4.0,0
flow_20.73,105.5,3.0,0
flow_00.73,106.0,3.0,0
flow_00.74,102.5,3.0,0
flow_20.74,102.5,3.0,0
flow_10.69,107.0,4.0,0
flow_30.75,107.5,4.0,0
flow_30.76,105.5,3.0,0
flow_10.70,107.0,3.5,0
flow_30.77,103.0,3.0,0
flow_10.71,103.5,3.0,0
flow_00.75,107.5,4.0,0
flow_20.75,108.0,4.0,0
flow_20.76,105.0,3.0,0
flow_00.76,105.5,3.0,0
flow_20.77,102.0,3.0,0
flow_00.77,102.5,3.0,0
flow_30.78,107.0,4.0,0
flow_10.72,107.5,4.0,0
flow_30.79,105.0,3.0,0
flow_10.73,105.5,3.0,0
flow_30.80,102.5,3.0,0
flow_10.74,102.5,3.0,0
flow_00.78,107.5,4.0,0
flow_20.78,108.0,4.0,0
flow_20.79,105.5,3.0,0
flow_00.79,105.5,3.0,0
flow_20.80,102.0,3.0,0
flow_00.80,103.0,3.0,0
flow_10.75,107.5,4.0,0
flow_30.81,108.0,4.0,0
flow_10.76,105.5,3.0,0
flow_30.82,106.0,3.0,0
flow_30.83,102.5,3.0,0
flow_10.77,102.5,3.0,0
flow_20.81,107.5,4.0,0
flow_00.81,108.0,4.0,0
flow_20.82,106.0,3.0,0
flow_00.82,106.0,3.0,0
flow_20.83,103.0,3.0,0
flow_00.83,103.5,3.0,0
flow_10.78,107.0,4.0,0
flow_30.84,107.5,4.0,0
flow_10.79,105.5,3.0,0
flow_30.85,106.0,3.0,0
flow_30.86,102.5,3.0,0
flow_10.80,102.5,3.0,0
flow_20.84,107.5,4.0,0
flow_00.84,107.5,4.0,0
flow_00.85,105.5,3.0,0
flow_20.85,106.5,3.5,0
flow_00.86,102.5,3.0,0
flow_20.86,103.5,3.0,0
flow_30.87,107.0,4.0,0
flow_10.81,107.0,4.0,0
flow_30.88,105.0,3.0,0
flow_10.82,105.5,3.0,0
flow_30.89,103.0,3.0,0
flow_10.83,103.0,3.0,0
flow_00.87,107.5,4.0,0
flow_20.87,108.0,4.0,0
flow_20.88,105.5,3.0,0
flow_00.88,105.5,3.0,0
flow_00.89,102.5,3.0,0
flow_20.89,103.0,3.0,0
flow_30.90,108.0,4.0,0
flow_10.84,110.0,4.0,0
flow_30.91,106.0,3.0,0
flow_10.85,107.0,3.5,0
flow_30.92,103.0,3.0,0
flow_10.86,103.5,3.0,0
flow_00.90,107.5,4.0,0
flow_20.90,108.0,4.0,0
flow_20.91,105.0,3.0,0
flow_00.91,106.0,3.0,0
flow_20.92,102.0,3.0,0
flow_00.92,102.5,3.0,0
flow_30.93,107.5,4.0,0
flow_10.87,108.0,4.0,0
flow_10.88,106.0,3.0,0
flow_30.94,106.5,3.5,0
flow_30.95,103.0,3.0,0
flow_10.89,103.0,3.0,0
flow_20.93,108.0,4.0,0
flow_00.93,108.0,4.0,0
flow_00.94,105.5,3.0,0
flow_20.94,107.0,3.5,0
flow_20.95,103.5,3.0,0
flow_00.95,104.5,3.0,0
flow_30.96,107.0,4.0,0
flow_10.90,108.5,4.0,0
flow_30.97,105.5,3.0,0
flow_10.91,106.0,3.0,0
flow_30.98,102.5,3.0,0
flow_10.92,102.5,3.0,0
flow_00.96,107.5,4.0,0
flow_20.96,108.0,4.0,0
flow_00.97,105.5,3.0,0
flow_20.97,106.5,3.5,0
flow_20.98,103.0,3.0,0
flow_00.98,103.0,3.0,0
flow_30.99,108.0,4.0,0
flow_10.93,108.5,4.0,0
flow_30.100,105.5,3.0,0
flow_10.94,105.5,3.0,0
flow_30.101,102.5,3.0,0
flow_10.95,103.0,3.0,0
flow_20.99,107.0,4.0,0
flow_00.99,107.5,4.0,0
flow_20.100,105.0,3.0,0
flow_00.100,106.0,3.0,0
flow_00.101,102.5,3.0,0
flow_20.101,103.0,3.0,0
flow_30.102,107.0,4.0,0
flow_10.96,107.0,4.0,0
flow_30.103,105.5,3.0,0
flow_10.97,105.5,3.0,0
flow_30.104,102.0,3.0,0
flow_10.98,102.5,3.0,0
flow_00.102,107.0,4.0,0
flow_20.102,108.0,4.0,0
flow_00.103,105.0,3.0,0
flow_20.103,106.5,3.5,0
flow_20.104,103.0,3.0,0
flow_00.104,103.0,3.0,0
flow_10.99,108.0,4.0,0
flow_30.105,108.5,4.0,0
flow_30.106,106.0,3.0,0
flow_10.100,106.0,3.0,0
flow_30.107,102.5,3.0,0
flow_10.101,102.5,3.0,0
flow_20.105,107.0,4.0,0
flow_00.105,107.5,4.0,0
flow_00.106,105.5,3.0,0
flow_20.106,106.0,3.0,0
flow_00.107,102.5,3.0,0
flow_20.107,103.5,3.0,0
flow_30.108,108.0,4.0,0
flow_10.102,108.0,4.0,0
flow_30.109,105.5,3.0,0
flow_10.103,105.5,3.0,0
flow_30.110,102.5,3.0,0
flow_10.104,103.0,3.0,0
flow_00.108,107.0,4.0,0
flow_20.108,108.0,4.0,0
flow_20.109,105.5,3.0,0
flow_00.109,106.0,3.0,0
flow_00.110,102.5,3.0,0
flow_20.110,102.5,3.0,0
flow_10.105,107.5,4.0,0
flow_30.111,108.0,4.0,0
flow_30.112,105.5,3.0,0
flow_10.106,105.5,3.0,0
flow_30.113,102.5,3.0,0
flow_10.107,104.0,3.0,0
flow_00.111,107.5,4.0,0
flow_20.111,108.0,4.0,0
flow_00.112,106.0,3.0,0
flow_20.112,106.0,3.0,0
flow_00.113,102.5,3.0,0
flow_20.113,102.5,3.0,0
flow_30.114,108.0,4.0,0
flow_10.108,108.0,4.0,0
flow_30.115,105.5,3.0,0
flow_10.109,107.0,3.5,0
flow_30.116,102.5,3.0,0
flow_10.110,103.5,3.0,0
flow_00.114,107.0,4.0,0
flow_20.114,108.0,4.0,0
flow_20.115,105.5,3.0,0
flow_00.115,106.0,3.0,0
flow_20.116,102.5,3.0,0
flow_00.116,103.0,3.0,0
flow_30.117,107.5,4.0,0
flow_10.111,108.0,4.0,0
flow_30.118,105.5,3.0,0
flow_10.112,105.5,3.0,0
flow_30.119,102.5,3.0,0
flow_10.113,102.5,3.0,0
flow_20.117,107.0,4.0,0
flow_00.117,108.0,4.0,0
flow_00.118,106.0,3.0,0
flow_20.118,106.0,3.0,0
flow_20.119,103.0,3.0,0
flow_00.119,103.5,3.0,0
flow_30.120,107.0,4.0,0
flow_10.114,108.0,4.0,0
flow_30.121,105.0,3.0,0
flow_10.115,106.0,3.0,0
flow_10.116,102.5,3.0,0
flow_30.122,103.5,3.0,0
flow_20.120,107.0,4.0,0
flow_00.120,108.0,4.0,0
flow_00.121,106.0,3.0,0
flow_20.121,106.0,3.0,0
flow_20.122,102.5,3.0,0
flow_00.122,103.5,3.0,0
flow_30.123,107.5,4.0,0
flow_10.117,107.5,4.0,0
flow_10.118,105.5,3.0,0
flow_30.124,106.0,3.0,0
flow_30.125,103.0,3.0,0
flow_10.119,103.0,3.0,0
flow_20.123,107.5,4.0,0
flow_00.123,108.0,4.0,0
flow_20.124,105.0,3.0,0
flow_00.124,106.0,3.0,0
flow_00.125,102.5,3.0,0
flow_20.125,103.0,3.0,0
flow_30.0,22.5,2.0,0
flow_30.1,21.5,1.5,0
flow_30.2,22.5,2.0,0
flow_00.0,21.5,2.0,0
flow_20.0,37.0,4.0,0
flow_20.1,26.5,2.5,0
flow_20.2,23.0,2.5,0
flow_30.3,40.0,4.0,0
flow_10.0,39.0,4.0,0
flow_30.4,29.0,3.0,0
flow_10.1,34.5,3.0,0
flow_30.5,22.5,2.0,0
flow_10.2,33.0,3.0,0
flow_00.1,28.5,3.5,0
flow_20.3,41.5,4.0,0
flow_00.2,20.5,2.0,0
flow_20.4,43.0,3.5,0
flow_20.5,41.0,3.0,0
flow_10.3,49.5,4.0,0
flow_30.6,40.0,4.0,0
flow_10.4,38.5,3.0,0
flow_30.7,40.0,3.0,0
flow_10.5,37.5,3.0,0
flow_30.8,32.5,3.0,0
flow_20.6,57.5,4.0,0
flow_00.3,40.0,4.0,0
flow_20.7,56.5,3.0,0
flow_00.4,39.5,3.0,0
flow_20.8,55.0,3.0,0
flow_00.5,35.0,3.0,0
flow_30.9,50.0,4.0,0
flow_10.6,54.5,4.0,0
flow_30.10,23.0,2.0,0
flow_10.7,53.5,3.0,0
flow_30.11,22.0,2.0,0
flow_10.8,37.5,3.0,0
flow_20.9,73.0,4.0,0
flow_20.10,73.0,3.0,0
flow_00.6,22.0,2.0,0
flow_20.11,67.5,3.0,0
flow_10.9,39.5,4.0,0
flow_30.12,38.0,4.0,0
flow_10.10,37.5,3.0,0
flow_30.13,37.5,3.0,0
flow_10.11,36.5,3.0,0
flow_30.14,36.5,3.0,0
flow_00.7,41.0,4.0,0
flow_20.12,74.0,4.0,0
flow_20.13,73.0,3.0,0
flow_00.8,41.0,3.0,0
flow_20.14,72.0,3.0,0
flow_00.9,33.0,3.0,0
flow_30.15,54.0,4.0,0
flow_10.12,55.0,4.0,0
flow_30.16,36.0,3.0,0
flow_10.13,54.0,3.0,0
flow_10.14,53.5,3.0,0
flow_30.17,36.0,3.0,0
flow_00.10,40.5,4.0,0
flow_20.15,80.0,4.0,0
flow_20.16,77.0,3.0,0
flow_00.11,35.0,3.0,0
flow_20.17,75.5,3.0,0
flow_10.15,70.0,4.0,0
flow_30.18,55.5,4.0,0
flow_10.16,70.0,3.0,0
flow_30.19,53.5,3.5,0
flow_10.17,68.5,3.0,0
flow_30.20,49.0,3.0,0
flow_20.18,90.5,4.0,0
flow_00.12,35.5,4.0,0
flow_00.13,27.0,3.0,0
flow_20.19,91.0,3.0,0
flow_00.14,26.0,2.5,0
flow_20.20,77.0,3.0,0
flow_30.21,60.5,4.0,0
flow_10.18,85.5,4.0,0
flow_30.22,56.5,3.0,0
flow_10.19,86.0,3.0,0
flow_10.20,84.0,3.0,0
flow_30.23,52.0,3.0,0
flow_20.21,93.0,4.0,0
flow_00.15,20.5,1.5,0
flow_20.22,94.5,3.5,0
flow_20.23,92.5,3.0,0
flow_30.24,60.5,4.0,0
flow_10.21,101.5,4.0,0
flow_10.22,100.5,3.0,0
flow_30.25,55.5,3.0,0
flow_10.23,99.0,3.0,0
flow_30.26,46.0,3.0,0
flow_20.24,106.5,4.0,0
flow_00.16,34.5,4.0,0
flow_00.17,33.5,3.0,0
flow_20.25,106.0,3.0,0
flow_20.26,102.5,3.0,0
flow_00.18,34.0,3.0,0
flow_10.24,107.5,4.0,0
flow_30.27,62.5,4.0,0
flow_30.28,57.0,3.0,0
flow_10.25,104.5,3.0,0
flow_10.26,97.5,3.0,0
flow_30.29,56.5,3.0,0
flow_20.27,107.0,4.0,0
flow_00.19,50.5,4.0,0
flow_20.28,105.5,3.0,0
flow_00.20,39.0,3.0,0
flow_00.21,30.0,3.0,0
flow_20.29,103.0,3.0,0
flow_10.27,107.5,4.0,0
flow_30.30,74.5,4.0,0
flow_10.28,105.0,3.0,0
flow_30.31,73.0,3.5,0
flow_10.29,100.5,3.0,0
flow_30.32,65.5,3.0,0
flow_20.30,107.5,4.0,0
flow_00.22,42.0,4.0,0
flow_00.23,25.5,2.5,0
flow_20.31,105.5,3.0,0
flow_00.24,24.5,2.5,0
flow_20.32,103.5,3.0,0
flow_30.33,82.0,4.0,0
flow_10.30,107.5,4.0,0
flow_30.34,81.5,3.0,0
flow_10.31,105.5,3.0,0
flow_10.32,102.5,3.0,0
flow_30.35,81.0,3.0,0
flow_20.33,107.5,4.0,0
flow_00.25,31.0,3.5,0
flow_00.26,30.0,3.0,0
flow_20.34,106.0,3.0,0
flow_20.35,103.0,3.0,0
flow_00.27,25.0,2.5,0
flow_10.33,108.0,4.0,0
flow_30.36,99.0,4.0,0
flow_10.34,105.5,3.0,0
flow_30.37,97.5,3.0,0
flow_30.38,95.5,3.0,0
flow_10.35,102.5,3.0,0
flow_20.36,107.0,4.0,0
flow_00.28,23.0,2.0,0
flow_00.29,22.0,2.0,0
flow_20.37,107.5,3.5,0
flow_00.30,22.0,1.5,0
flow_20.38,103.5,3.0,0
flow_10.36,107.5,4.0,0
flow_30.39,108.0,4.0,0
flow_10.37,106.0,3.0,0
flow_30.40,106.0,3.0,0
flow_30.41,102.5,3.0,0
flow_10.38,103.5,3.0,0
flow_20.39,108.0,4.0,0
flow_20.40,105.5,3.0,0
flow_00.31,21.0,1.5,0
flow_20.41,102.5,3.0,0
flow_10.39,107.5,4.0,0
flow_30.42,108.5,4.0,0
flow_10.40,105.0,3.0,0
flow_30.43,106.0,3.0,0
flow_10.41,102.0,3.0,0
flow_30.44,103.0,3.0,0
flow_20.42,107.5,4.0,0
flow_00.32,23.0,2.0,0
flow_20.43,105.5,3.0,0
flow_20.44,102.5,3.0,0
flow_30.45,107.5,4.0,0
flow_10.42,108.0,4.0,0
flow_30.46,105.5,3.0,0
flow_10.43,105.5,3.0,0
flow_30.47,102.0,3.0,0
flow_10.44,103.0,3.0,0
flow_20.45,107.5,4.0,0
flow_00.33,36.0,4.0,0
flow_20.46,105.0,3.0,0
flow_20.47,102.5,3.0,0
flow_10.45,107.5,4.0,0
flow_30.48,108.0,4.0,0
flow_10.46,105.5,3.0,0
flow_30.49,106.0,3.0,0
flow_10.47,102.5,3.0,0
flow_30.50,102.5,3.0,0
flow_20.48,107.5,4.0,0
flow_00.34,38.5,4.0,0
flow_20.49,105.5,3.0,0
flow_20.50,102.5,3.0,0
flow_30.51,107.0,4.0,0
flow_10.48,107.5,4.0,0
flow_10.49,105.0,3.0,0
flow_30.52,105.0,3.0,0
flow_10.50,103.0,3.0,0
flow_30.53,104.0,3.0,0
flow_00.35,33.5,4.0,0
flow_20.51,109.0,4.0,0
flow_00.36,29.5,3.0,0
flow_20.52,106.0,3.0,0
flow_00.37,23.5,2.0,0
flow_20.53,103.0,3.0,0
flow_10.51,109.0,4.0,0
flow_30.54,109.0,4.0,0
flow_10.52,106.0,3.0,0
flow_30.55,106.0,3.0,0
flow_10.53,103.0,3.0,0
flow_30.56,103.0,3.0,0
flow_20.54,107.5,4.0,0
flow_00.38,39.0,4.0,0
flow_20.55,105.0,3.0,0
flow_00.39,28.5,3.0,0
flow_20.56,102.0,3.0,0
flow_00.40,24.5,2.5,0
flow_10.54,107.5,4.0,0
flow_30.57,107.5,4.0,0
flow_10.55,105.5,3.0,0
flow_30.58,106.0,3.0,0
flow_10.56,102.5,3.0,0
flow_30.59,103.0,3.0,0
flow_00.41,41.5,4.0,0
flow_20.57,108.5,4.0,0
flow_20.58,106.0,3.0,0
flow_00.42,42.5,3.5,0
flow_20.59,102.5,3.0,0
flow_00.43,39.0,3.0,0
flow_30.60,107.5,4.0,0
flow_10.57,108.5,4.0,0
flow_30.61,105.5,3.0,0
flow_10.58,106.0,3.0,0
flow_30.62,102.0,3.0,0
flow_10.59,102.5,3.0,0
flow_20.60,107.0,4.0,0
flow_00.44,56.0,4.0,0
flow_20.61,105.0,3.0,0
flow_00.45,55.0,3.0,0
flow_20.62,102.5,3.0,0
flow_00.46,47.0,3.0,0
flow_10.60,107.0,4.0,0
flow_30.63,107.5,4.0,0
flow_30.64,106.0,3.0,0
flow_10.61,107.0,3.5,0
flow_30.65,102.5,3.0,0
flow_10.62,104.0,3.0,0
flow_20.63,107.5,4.0,0
flow_00.47,63.5,4.0,0
flow_20.64,106.0,3.0,0
flow_00.48,45.0,3.0,0
flow_20.65,102.5,3.0,0
flow_00.49,40.0,3.0,0
flow_10.63,107.5,4.0,0
flow_30.66,108.0,4.0,0
flow_10.64,105.5,3.0,0
flow_30.67,107.5,3.5,0
flow_10.65,102.5,3.0,0
flow_30.68,104.0,3.0,0
flow_20.66,107.0,4.0,0
flow_00.50,47.5,4.0,0
flow_20.67,105.5,3.0,0
flow_00.51,48.0,3.5,0
flow_20.68,102.5,3.0,0
flow_00.52,47.0,3.0,0
flow_30.69,107.0,4.0,0
flow_10.66,107.5,4.0,0
flow_10.67,105.0,3.0,0
flow_30.70,105.5,3.0,0
flow_30.71,102.5,3.0,0
flow_10.68,102.5,3.0,0
flow_00.53,61.5,4.0,0
flow_20.69,107.5,4.0,0
flow_00.54,59.0,3.0,0
flow_20.70,105.5,3.0,0
flow_20.71,102.5,3.0,0
flow_00.55,54.0,3.0,0
flow_30.72,107.5,4.0,0
flow_10.69,108.0,4.0,0
flow_10.70,105.5,3.0,0
flow_30.73,106.5,3.0,0
flow_10.71,102.5,3.0,0
flow_30.74,103.0,3.0,0
flow_20.72,107.5,4.0,0
flow_00.56,54.0,4.0,0
flow_00.57,23.0,2.0,0
flow_20.73,105.5,3.0,0
flow_20.74,102.5,3.0,0
flow_30.75,107.5,4.0,0
flow_10.72,108.0,4.0,0
flow_30.76,105.5,3.0,0
flow_10.73,106.0,3.0,0
flow_10.74,102.5,3.0,0
flow_30.77,102.5,3.0,0
flow_00.58,36.5,4.0,0
flow_20.75,107.5,4.0,0
flow_00.59,22.5,2.0,0
flow_20.76,106.0,3.0,0
flow_20.77,102.0,3.0,0
flow_10.75,108.0,4.0,0
flow_30.78,108.0,4.0,0
flow_10.76,105.5,3.0,0
flow_30.79,106.0,3.0,0
flow_10.77,102.0,3.0,0
flow_30.80,102.0,3.0,0
flow_20.78,108.0,4.0,0
flow_20.79,106.5,3.5,0
flow_00.60,20.5,1.5,0
flow_20.80,102.5,3.0,0
flow_10.78,107.0,4.0,0
flow_30.81,107.5,4.0,0
flow_10.79,105.0,3.0,0
flow_30.82,105.5,3.0,0
flow_30.83,102.0,3.0,0
flow_10.80,102.0,3.0,0
flow_20.81,107.5,4.0,0
flow_00.61,40.0,4.0,0
flow_20.82,105.5,3.0,0
flow_00.62,33.5,3.0,0
flow_00.63,29.5,3.0,0
flow_20.83,102.5,3.0,0
flow_30.84,107.5,4.0,0
flow_10.81,108.0,4.0,0
flow_30.85,105.0,3.0,0
flow_10.82,106.0,3.0,0
flow_30.86,102.5,3.0,0
flow_10.83,103.0,3.0,0
flow_20.84,107.5,4.0,0
flow_00.64,46.5,4.0,0
flow_20.85,105.5,3.0,0
flow_00.65,46.0,3.0,0
flow_20.86,102.5,3.0,0
flow_00.66,45.5,3.0,0
flow_10.84,107.5,4.0,0
flow_30.87,108.0,4.0,0
flow_10.85,105.5,3.0,0
flow_30.88,105.5,3.0,0
flow_10.86,102.5,3.0,0
flow_30.89,102.5,3.0,0
flow_20.87,107.5,4.0,0
flow_00.67,61.0,4.0,0
flow_00.68,60.5,3.0,0
flow_20.88,106.0,3.0,0
flow_00.69,59.5,3.0,0
flow_20.89,103.0,3.0,0
flow_10.87,108.5,4.0,0
flow_30.90,108.5,4.0,0
flow_30.91,106.0,3.0,0
flow_10.88,106.5,3.5,0
flow_30.92,102.5,3.0,0
flow_10.89,103.0,3.0,0
flow_20.90,107.5,4.0,0
flow_00.70,77.0,4.0,0
flow_20.91,105.5,3.0,0
flow_00.71,56.5,3.0,0
flow_00.72,55.0,3.0,0
flow_20.92,102.5,3.0,0
flow_10.90,107.5,4.0,0
flow_30.93,108.0,4.0,0
flow_10.91,106.0,3.0,0
flow_30.94,106.0,3.0,0
flow_10.92,103.0,3.0,0
flow_30.95,104.0,3.0,0
flow_20.93,107.5,4.0,0
flow_00.73,64.0,4.0,0
flow_20.94,105.5,3.0,0
flow_00.74,63.5,3.0,0
flow_00.75,62.0,3.0,0
flow_20.95,102.5,3.0,0
flow_10.93,107.0,4.0,0
flow_30.96,108.0,4.0,0
flow_10.94,105.5,3.0,0
flow_30.97,105.5,3.0,0
flow_10.95,102.5,3.0,0
flow_30.98,103.0,3.0,0
flow_20.96,108.0,4.0,0
flow_00.76,67.0,4.0,0
flow_00.77,66.0,3.0,0
flow_20.97,106.5,3.5,0
flow_00.78,62.0,3.0,0
flow_20.98,104.0,3.0,0
flow_10.96,107.5,4.0,0
flow_30.99,108.0,4.0,0
flow_30.100,105.5,3.0,0
flow_10.97,106.0,3.0,0
flow_10.98,102.5,3.0,0
flow_30.101,103.0,3.0,0
flow_20.99,107.5,4.0,0
flow_00.79,58.5,4.0,0
flow_00.80,21.5,2.0,0
flow_20.100,106.0,3.0,0
flow_20.101,102.5,3.0,0
flow_00.81,21.5,2.0,0
flow_30.102,107.5,4.0,0
flow_10.99,108.5,4.0,0
flow_30.103,105.5,3.0,0
flow_10.100,106.0,3.0,0
flow_30.104,102.0,3.0,0
flow_10.101,103.0,3.0,0
flow_20.102,107.0,4.0,0
flow_00.82,38.0,4.0,0
flow_20.103,105.5,3.0,0
flow_00.83,38.0,3.0,0
flow_20.104,102.5,3.0,0
flow_00.84,27.5,3.0,0
flow_00.85,26.5,2.5,0
flow_30.105,107.0,4.0,0
flow_10.102,107.5,4.0,0
flow_10.103,105.0,3.0,0
flow_30.106,105.5,3.0,0
flow_10.104,102.5,3.0,0
flow_30.107,102.5,3.0,0
flow_20.105,107.0,4.0,0
flow_00.86,21.5,2.0,0
flow_20.106,105.5,3.0,0
flow_20.107,104.5,3.5,0
flow_10.105,107.5,4.0,0
flow_30.108,107.5,4.0,0
flow_10.106,105.5,3.0,0
flow_30.109,105.5,3.0,0
flow_10.107,102.5,3.0,0
flow_30.110,102.5,3.0,0
flow_20.108,107.0,4.0,0
flow_00.87,36.0,4.0,0
flow_20.109,105.5,3.0,0
flow_00.88,21.0,2.0,0
flow_20.110,102.5,3.0,0
flow_30.111,107.0,4.0,0
flow_10.108,108.0,4.0,0
flow_30.112,105.0,3.0,0
flow_10.109,106.0,3.0,0
flow_30.113,102.5,3.0,0
flow_10.110,103.5,3.0,0
flow_20.111,107.5,4.0,0
flow_00.89,38.5,4.0,0
flow_20.112,106.0,3.0,0
flow_20.113,102.5,3.0,0
flow_30.114,107.0,4.0,0
flow_10.111,108.0,4.0,0
flow_30.115,106.5,3.0,0
flow_10.112,107.0,3.5,0
flow_10.113,103.5,3.0,0
flow_30.116,103.5,3.0,0
flow_00.90,31.5,4.0,0
flow_20.114,107.5,4.0,0
flow_00.91,27.5,3.0,0
flow_20.115,106.0,3.0,0
flow_00.92,21.0,2.0,0
flow_20.116,102.5,3.0,0
flow_10.114,108.0,4.0,0
flow_30.117,108.0,4.0,0
flow_10.115,106.0,3.0,0
flow_30.118,106.0,3.0,0
flow_30.119,102.5,3.0,0
flow_10.116,103.0,3.0,0
flow_20.117,107.5,4.0,0
flow_20.118,105.0,3.0,0
flow_00.93,21.0,1.5,0
flow_20.119,103.0,3.0,0
flow_30.120,107.0,4.0,0
flow_10.117,107.5,4.0,0
flow_30.121,105.0,3.0,0
flow_10.118,106.0,3.0,0
flow_10.119,102.5,3.0,0
flow_30.122,102.5,3.0,0
flow_20.120,108.0,4.0,0
flow_00.94,34.0,4.0,0
flow_20.121,105.5,3.0,0
flow_00.95,30.5,3.5,0
flow_00.96,22.0,2.0,0
flow_20.122,103.5,3.0,0
flow_10.120,107.5,4.0,0
flow_30.123,107.5,4.0,0
flow_30.124,105.5,3.0,0
flow_10.121,106.0,3.0,0
flow_10.122,102.5,3.0,0
flow_30.125,103.0,3.0,0
flow_20.123,107.0,4.0,0
flow_00.97,40.0,4.0,0
flow_20.124,105.0,3.0,0
flow_20.125,103.5,3.0,0
flow_30.0,23.5,2.5,0
flow_10.0,21.5,2.0,0
flow_30.1,22.0,2.0,0
flow_10.1,21.0,2.0,0
flow_00.0,27.5,3.5,0
flow_20.0,34.5,4.0,0
flow_00.1,26.5,3.0,0
flow_20.1,33.5,3.0,0
flow_20.2,32.5,3.0,0
flow_30.2,38.0,4.0,0
flow_10.2,42.5,4.0,0
flow_30.3,37.5,3.0,0
flow_10.3,42.0,3.0,0
flow_10.4,40.5,3.0,0
flow_30.4,33.5,3.0,0
flow_00.2,28.5,3.5,0
flow_20.3,50.5,4.0,0
flow_20.4,48.5,3.0,0
flow_00.3,28.5,3.0,0
flow_00.4,22.5,2.0,0
flow_10.5,57.5,4.0,0
flow_30.5,50.5,4.0,0
flow_30.6,46.5,3.0,0
flow_10.6,58.0,3.5,0
flow_10.7,56.5,3.0,0
flow_30.7,45.5,3.0,0
flow_00.5,40.5,4.0,0
flow_20.5,32.5,3.5,0
flow_00.6,40.0,3.0,0
flow_20.6,21.0,2.0,0
flow_00.7,39.0,3.0,0
flow_10.8,73.5,4.0,0
flow_30.8,62.5,4.0,0
flow_30.9,51.0,3.0,0
flow_10.9,74.0,3.5,0
flow_30.10,49.5,3.0,0
flow_10.10,72.5,3.0,0
flow_00.8,56.0,4.0,0
flow_20.7,40.0,4.0,0
flow_20.8,39.0,3.0,0
flow_00.9,57.0,3.5,0
flow_20.9,39.0,3.0,0
flow_00.10,55.5,3.0,0
flow_10.11,89.0,4.0,0
flow_30.11,67.0,4.0,0
flow_10.12,88.0,3.0,0
flow_30.12,66.0,3.0,0
flow_10.13,86.5,3.0,0
flow_30.13,65.5,3.0,0
flow_00.11,72.0,4.0,0
flow_20.10,56.0,4.0,0
flow_00.12,71.5,3.0,0
flow_20.11,55.0,3.0,0
flow_20.12,42.0,3.0,0
flow_00.13,70.5,3.0,0
flow_10.14,104.0,4.0,0
flow_30.14,82.0,4.0,0
flow_10.15,102.5,3.0,0
flow_30.15,82.5,3.0,0
flow_30.16,75.5,3.0,0
flow_10.16,101.0,3.0,0
flow_20.13,50.0,4.0,0
flow_00.14,78.5,4.0,0
flow_20.14,49.5,3.0,0
flow_00.15,77.5,3.0,0
flow_00.16,44.0,3.0,0
flow_20.15,34.5,3.0,0
flow_10.17,107.5,4.0,0
flow_30.17,88.0,4.0,0
flow_10.18,105.5,3.0,0
flow_30.18,79.0,3.0,0
flow_10.19,103.0,3.0,0
flow_30.19,78.0,3.0,0
flow_00.17,52.5,4.0,0
flow_20.16,48.0,4.0,0
flow_00.18,52.0,3.0,0
flow_20.17,47.5,3.0,0
flow_20.18,31.5,3.0,0
flow_00.19,51.5,3.0,0
flow_30.20,94.5,4.0,0
flow_10.20,108.5,4.0,0
flow_30.21,93.0,3.0,0
flow_10.21,106.0,3.0,0
flow_10.22,103.5,3.0,0
flow_30.22,94.0,3.0,0
flow_20.19,49.5,4.0,0
flow_00.20,68.5,4.0,0
flow_20.20,47.5,3.0,0
flow_00.21,67.5,3.0,0
flow_20.21,31.0,3.0,0
flow_00.22,48.0,3.0,0
flow_10.23,107.0,4.0,0
flow_30.23,107.0,4.0,0
flow_10.24,105.5,3.0,0
flow_30.24,107.5,3.5,0
flow_10.25,103.0,3.0,0
flow_30.25,103.5,3.0,0
flow_00.23,62.0,4.0,0
flow_20.22,45.5,4.0,0
flow_00.24,57.0,3.0,0
flow_20.23,45.0,3.0,0
flow_00.25,56.0,3.0,0
flow_20.24,28.5,3.0,0
flow_30.26,107.0,4.0,0
flow_10.26,107.5,4.0,0
flow_10.27,105.0,3.0,0
flow_30.27,105.0,3.0,0
flow_30.28,102.0,3.0,0
flow_10.28,103.0,3.0,0
flow_00.26,73.0,4.0,0
flow_20.25,43.0,4.0,0
flow_00.27,73.0,3.0,0
flow_20.26,42.5,3.0,0
flow_20.27,32.0,3.0,0
flow_00.28,67.5,3.0,0
flow_10.29,107.5,4.0,0
flow_30.29,108.0,4.0,0
flow_30.30,105.5,3.0,0
flow_10.30,105.5,3.0,0
flow_10.31,102.5,3.0,0
flow_30.31,103.0,3.0,0
flow_00.29,81.5,4.0,0
flow_00.30,82.0,3.5,0
flow_00.31,66.0,3.0,0
flow_30.32,107.0,4.0,0
flow_10.32,108.0,4.0,0
flow_30.33,105.0,3.0,0
flow_10.33,105.5,3.0,0
flow_30.34,102.0,3.0,0
flow_10.34,102.5,3.0,0
flow_00.32,80.5,4.0,0
flow_20.28,41.0,4.0,0
flow_00.33,42.0,3.0,0
flow_20.29,40.5,3.0,0
flow_00.34,32.0,3.0,0
flow_20.30,39.5,3.0,0
flow_30.35,107.0,4.0,0
flow_10.35,107.5,4.0,0
flow_30.36,105.5,3.0,0
flow_10.36,105.5,3.0,0
flow_30.37,102.5,3.0,0
flow_10.37,103.5,3.0,0
flow_00.35,49.5,4.0,0
flow_20.31,54.5,4.0,0
flow_00.36,31.0,3.5,0
flow_20.32,37.5,3.0,0
flow_00.37,22.5,2.0,0
flow_10.38,108.0,4.0,0
flow_30.38,108.5,4.0,0
flow_10.39,105.5,3.0,0
flow_30.39,106.0,3.0,0
flow_10.40,103.0,3.0,0
flow_30.40,103.5,3.0,0
flow_20.33,41.0,4.0,0
flow_00.38,36.5,4.0,0
flow_00.39,36.0,3.0,0
flow_20.34,40.0,3.5,0
flow_00.40,35.5,3.0,0
flow_20.35,26.5,2.5,0
flow_30.41,107.5,4.0,0
flow_10.41,107.5,4.0,0
flow_10.42,105.5,3.0,0
flow_30.42,106.0,3.0,0
flow_10.43,102.0,3.0,0
flow_30.43,103.0,3.0,0
flow_00.41,51.5,4.0,0
flow_20.36,42.5,4.0,0
flow_00.42,51.5,3.0,0
flow_20.37,38.0,3.5,0
flow_20.38,31.0,3.0,0
flow_00.43,50.5,3.0,0
flow_30.44,108.0,4.0,0
flow_10.44,108.0,4.0,0
flow_30.45,105.5,3.0,0
flow_10.45,106.0,3.0,0
flow_30.46,102.5,3.0,0
flow_10.46,102.5,3.0,0
flow_20.39,45.0,4.0,0
flow_00.44,67.5,4.0,0
flow_20.40,35.5,3.5,0
flow_00.45,67.5,3.0,0
flow_20.41,34.5,3.0,0
flow_00.46,66.0,3.0,0
flow_30.47,107.5,4.0,0
flow_10.47,108.0,4.0,0
flow_10.48,106.0,3.0,0
flow_30.48,107.0,3.5,0
flow_30.49,103.0,3.0,0
flow_10.49,103.0,3.0,0
flow_20.42,41.0,4.0,0
flow_00.47,83.0,4.0,0
flow_00.48,82.5,3.0,0
flow_00.49,81.5,3.0,0
flow_10.50,107.0,4.0,0
flow_30.50,107.5,4.0,0
flow_10.51,105.0,3.0,0
flow_30.51,105.5,3.0,0
flow_30.52,103.0,3.0,0
flow_10.52,104.0,3.0,0
flow_00.50,97.5,4.0,0
flow_00.51,91.5,3.0,0
flow_00.52,90.5,3.0,0
flow_30.53,107.5,4.0,0
flow_10.53,107.5,4.0,0
flow_30.54,105.5,3.0,0
flow_10.54,106.0,3.0,0
flow_30.55,102.5,3.0,0
flow_10.55,102.5,3.0,0
flow_00.53,106.5,4.0,0
flow_20.43,20.5,1.5,0
flow_00.54,94.0,3.0,0
flow_00.55,70.5,3.0,0
flow_30.56,107.0,4.0,0
flow_10.56,107.5,4.0,0
flow_10.57,105.0,3.0,0
flow_30.57,106.0,3.0,0
flow_10.58,102.0,3.0,0
flow_30.58,102.5,3.0,0
flow_00.56,73.5,4.0,0
flow_20.44,22.0,2.0,0
flow_00.57,73.0,3.0,0
flow_20.45,21.0,2.0,0
flow_00.58,71.5,3.0,0
flow_10.59,107.5,4.0,0
flow_30.59,108.0,4.0,0
flow_30.60,106.0,3.0,0
flow_10.60,106.5,3.0,0
flow_10.61,102.5,3.0,0
flow_30.61,103.5,3.0,0
flow_20.46,35.0,4.0,0
flow_00.59,89.5,4.0,0
flow_00.60,88.5,3.0,0
flow_00.61,86.5,3.0,0
flow_10.62,107.5,4.0,0
flow_30.62,108.0,4.0,0
flow_10.63,105.0,3.0,0
flow_30.63,105.5,3.0,0
flow_30.64,102.5,3.0,0
flow_10.64,102.5,3.0,0
flow_20.47,23.5,2.5,0
flow_00.62,95.5,4.0,0
flow_00.63,95.0,3.0,0
flow_00.64,94.0,3.0,0
flow_10.65,107.0,4.0,0
flow_30.65,108.0,4.0,0
flow_10.66,105.0,3.0,0
flow_30.66,106.0,3.0,0
flow_30.67,102.5,3.0,0
flow_10.67,102.5,3.0,0
flow_00.65,107.0,4.0,0
flow_00.66,105.5,3.0,0
flow_00.67,102.5,3.0,0
flow_10.68,107.5,4.0,0
flow_30.68,108.5,4.0,0
flow_10.69,105.5,3.0,0
flow_30.69,106.0,3.0,0
flow_10.70,102.5,3.0,0
flow_30.70,103.5,3.0,0
flow_00.68,107.5,4.0,0
flow_20.48,34.0,4.0,0
flow_20.49,29.5,3.0,0
flow_00.69,105.5,3.0,0
flow_00.70,102.5,3.0,0
flow_30.71,107.0,4.0,0
flow_10.71,107.5,4.0,0
flow_30.72,105.5,3.0,0
flow_10.72,105.5,3.0,0
flow_30.73,102.0,3.0,0
flow_10.73,102.5,3.0,0
flow_00.71,107.0,4.0,0
flow_20.50,42.0,4.0,0
flow_00.72,105.0,3.0,0
flow_20.51,41.5,3.0,0
flow_00.73,102.5,3.0,0
flow_20.52,40.0,3.0,0
flow_30.74,107.5,4.0,0
flow_10.74,107.5,4.0,0
flow_10.75,105.5,3.0,0
flow_30.75,106.0,3.0,0
flow_30.76,102.5,3.0,0
flow_10.76,102.5,3.0,0
flow_00.74,107.0,4.0,0
flow_20.53,43.5,4.0,0
flow_00.75,105.5,3.0,0
flow_20.54,44.5,3.5,0
flow_00.76,102.5,3.0,0
flow_20.55,43.5,3.0,0
flow_10.77,107.5,4.0,0
flow_30.77,108.0,4.0,0
flow_30.78,105.5,3.0,0
flow_10.78,105.5,3.0,0
flow_10.79,102.0,3.0,0
flow_30.79,103.5,3.0,0
flow_00.77,107.0,4.0,0
flow_20.56,28.5,3.5,0
flow_00.78,105.5,3.0,0
flow_00.79,103.0,3.0,0
flow_20.57,24.0,2.0,0
flow_30.80,107.5,4.0,0
flow_10.80,108.0,4.0,0
flow_30.81,105.5,3.0,0
flow_10.81,105.5,3.0,0
flow_30.82,102.5,3.0,0
flow_10.82,103.0,3.0,0
flow_20.58,33.0,4.0,0
flow_00.80,108.0,4.0,0
flow_00.81,106.0,3.0,0
flow_20.59,33.0,3.5,0
flow_20.60,31.0,3.0,0
flow_00.82,103.5,3.0,0
flow_10.83,107.0,4.0,0
flow_30.83,107.5,4.0,0
flow_30.84,105.5,3.0,0
flow_10.84,106.5,3.5,0
flow_30.85,103.0,3.0,0
flow_10.85,103.0,3.0,0
flow_20.61,42.0,4.0,0
flow_00.83,108.0,4.0,0
flow_00.84,105.5,3.0,0
flow_20.62,41.5,3.0,0
flow_20.63,40.0,3.0,0
flow_00.85,102.5,3.0,0
flow_10.86,107.0,4.0,0
flow_30.86,108.5,4.0,0
flow_10.87,105.5,3.0,0
flow_30.87,106.5,3.5,0
flow_30.88,102.5,3.0,0
flow_10.88,102.5,3.0,0
flow_20.64,57.0,4.0,0
flow_00.86,107.5,4.0,0
flow_00.87,106.5,3.5,0
flow_20.65,57.0,3.0,0
flow_20.66,46.0,3.0,0
flow_00.88,103.5,3.0,0
flow_10.89,107.0,4.0,0
flow_30.89,108.5,4.0,0
flow_30.90,105.5,3.0,0
flow_10.90,106.0,3.0,0
flow_30.91,102.0,3.0,0
flow_10.91,102.5,3.0,0
flow_00.89,107.5,4.0,0
flow_20.67,63.0,4.0,0
flow_00.90,105.5,3.0,0
flow_20.68,52.0,3.0,0
flow_00.91,102.0,3.0,0
flow_20.69,46.5,3.0,0
flow_30.92,107.5,4.0,0
flow_10.92,107.5,4.0,0
flow_30.93,105.0,3.0,0
flow_10.93,105.5,3.0,0
flow_30.94,102.5,3.0,0
flow_10.94,103.0,3.0,0
flow_20.70,55.5,4.0,0
flow_00.92,108.0,4.0,0
flow_20.71,55.0,3.0,0
flow_00.93,105.5,3.0,0
flow_00.94,103.0,3.0,0
flow_20.72,45.0,3.0,0
flow_10.95,108.0,4.0,0
flow_30.95,110.5,4.0,0
flow_10.96,106.0,3.0,0
flow_30.96,107.0,3.5,0
flow_10.97,103.0,3.0,0
flow_30.97,103.5,3.0,0
flow_00.95,107.5,4.0,0
flow_20.73,55.5,4.0,0
flow_00.96,105.0,3.0,0
flow_20.74,54.5,3.5,0
flow_00.97,102.0,3.0,0
flow_20.75,53.0,3.0,0
flow_10.98,107.0,4.0,0
flow_30.98,107.5,4.0,0
flow_30.99,105.5,3.0,0
flow_10.99,105.5,3.0,0
flow_10.100,102.5,3.0,0
flow_30.100,104.0,3.0,0
flow_20.76,54.0,4.0,0
flow_00.98,109.0,4.0,0
flow_00.99,106.0,3.0,0
flow_20.77,53.0,3.0,0
flow_20.78,45.5,3.0,0
flow_00.100,103.0,3.0,0
flow_30.101,107.5,4.0,0
flow_10.101,110.0,4.0,0
flow_30.102,106.5,3.5,0
flow_10.102,107.0,3.5,0
flow_10.103,103.0,3.0,0
flow_30.103,103.5,3.0,0
flow_00.101,107.0,4.0,0
flow_20.79,42.0,4.0,0
flow_00.102,105.0,3.0,0
flow_20.80,27.5,3.0,0
flow_20.81,26.0,2.5,0
flow_00.103,102.5,3.0,0
flow_30.104,107.5,4.0,0
flow_10.104,109.0,4.0,0
flow_30.105,105.5,3.0,0
flow_10.105,106.5,3.5,0
flow_30.106,102.5,3.0,0
flow_10.106,103.0,3.0,0
flow_00.104,107.5,4.0,0
flow_20.82,39.5,4.0,0
flow_00.105,105.5,3.0,0
flow_20.83,32.0,3.5,0
flow_20.84,25.0,2.5,0
flow_00.106,102.5,3.0,0
flow_30.107,107.5,4.0,0
flow_10.107,107.5,4.0,0
flow_30.108,105.5,3.0,0
flow_10.108,105.5,3.0,0
flow_30.109,102.5,3.0,0
flow_10.109,102.5,3.0,0
flow_20.85,32.5,4.0,0
flow_00.107,109.5,4.0,0
flow_20.86,31.5,3.5,0
flow_00.108,106.5,3.5,0
flow_20.87,30.0,3.0,0
flow_00.109,103.5,3.0,0
flow_10.110,107.5,4.0,0
flow_30.110,108.0,4.0,0
flow_30.111,105.5,3.0,0
flow_10.111,106.5,3.0,0
flow_10.112,103.5,3.0,0
flow_30.112,104.0,3.0,0
flow_00.110,107.5,4.0,0
flow_20.88,36.5,4.0,0
flow_00.111,106.0,3.0,0
flow_20.89,35.0,3.0,0
flow_00.112,103.0,3.0,0
flow_10.113,107.0,4.0,0
flow_30.113,108.0,4.0,0
flow_30.114,105.5,3.0,0
flow_10.114,105.5,3.0,0
flow_10.115,102.0,3.0,0
flow_30.115,103.0,3.0,0
flow_00.113,107.0,4.0,0
flow_20.90,37.0,4.0,0
flow_00.114,105.5,3.0,0
flow_20.91,22.0,2.0,0
flow_00.115,103.0,3.0,0
flow_30.116,107.0,4.0,0
flow_10.116,108.0,4.0,0
flow_10.117,106.0,3.0,0
flow_30.117,106.5,3.0,0
flow_30.118,103.0,3.0,0
flow_10.118,103.0,3.0,0
flow_20.92,39.5,4.0,0
flow_00.116,108.0,4.0,0
flow_20.93,34.5,3.0,0
flow_00.117,106.0,3.0,0
flow_00.118,103.0,3.0,0
flow_30.119,107.5,4.0,0
flow_10.119,107.5,4.0,0
flow_30.120,105.0,3.0,0
flow_10.120,105.5,3.0,0
flow_30.121,102.0,3.0,0
flow_10.121,102.5,3.0,0
flow_20.94,33.0,4.0,0
flow_00.119,108.0,4.0,0
flow_00.120,105.5,3.0,0
flow_20.95,31.0,3.5,0
flow_00.121,102.5,3.0,0
flow_20.96,26.5,2.5,0
flow_20.97,25.0,2.5,0
flow_30.122,108.0,4.0,0
flow_10.122,107.5,4.0,0
flow_30.123,105.5,3.0,0
flow_10.123,105.5,3.0,0
flow_10.124,102.5,3.0,0
flow_30.124,103.0,3.0,0
flow_20.98,39.0,4.0,0
flow_00.122,107.5,4.0,0
flow_00.123,105.5,3.0,0
flow_00.124,103.5,3.0,0
flow_10.0,22.5,2.0,0
flow_30.0,20.5,1.5,0
flow_10.1,21.0,1.5,0
flow_00.0,30.5,3.5,0
flow_20.0,29.5,3.5,0
flow_20.1,28.0,3.0,0
flow_00.1,30.5,3.0,0
flow_20.2,27.5,3.0,0
flow_00.2,23.0,2.0,0
flow_20.3,26.0,2.5,0
flow_10.2,35.0,4.0,0
flow_30.1,40.5,4.0,0
flow_10.3,35.0,3.0,0
flow_30.2,40.0,3.0,0
flow_10.4,34.0,3.0,0
flow_30.3,39.0,3.0,0
flow_10.5,32.5,3.0,0
flow_20.4,40.0,4.0,0
flow_00.3,32.5,4.0,0
flow_20.5,40.0,3.0,0
flow_00.4,21.0,2.0,0
flow_20.6,39.0,3.0,0
flow_30.4,56.5,4.0,0
flow_10.6,48.5,4.0,0
flow_30.5,55.5,3.0,0
flow_10.7,47.0,3.0,0
flow_10.8,46.0,3.0,0
flow_30.6,55.0,3.0,0
flow_00.5,40.0,4.0,0
flow_20.7,39.0,4.0,0
flow_20.8,37.5,3.0,0
flow_00.6,22.5,2.0,0
flow_20.9,36.5,3.0,0
flow_30.7,72.0,4.0,0
flow_10.9,63.5,4.0,0
flow_30.8,71.0,3.0,0
flow_10.10,63.0,3.0,0
flow_30.9,69.0,3.0,0
flow_10.11,62.0,3.0,0
flow_20.10,53.5,4.0,0
flow_00.7,35.5,4.0,0
flow_20.11,48.5,3.0,0
flow_00.8,34.5,3.0,0
flow_20.12,47.5,3.0,0
flow_00.9,28.5,3.0,0
flow_10.12,75.5,4.0,0
flow_30.10,85.5,4.0,0
flow_10.13,61.0,3.0,0
flow_30.11,80.5,3.0,0
flow_30.12,77.0,3.0,0
flow_10.14,53.5,3.0,0
flow_20.13,64.5,4.0,0
flow_00.10,36.5,4.0,0
flow_20.14,62.5,3.0,0
flow_20.15,62.0,3.0,0
flow_10.15,69.5,4.0,0
flow_30.13,94.0,4.0,0
flow_30.14,93.5,3.0,0
flow_10.16,70.0,3.0,0
flow_30.15,92.0,3.0,0
flow_10.17,68.5,3.0,0
flow_00.11,23.5,2.5,0
flow_20.16,77.0,4.0,0
flow_00.12,23.0,2.0,0
flow_20.17,65.5,3.0,0
flow_20.18,55.0,3.0,0
flow_30.16,107.5,4.0,0
flow_10.18,86.0,4.0,0
flow_30.17,97.5,3.0,0
flow_10.19,86.0,3.0,0
flow_10.20,78.0,3.0,0
flow_30.18,71.5,3.0,0
flow_00.13,37.5,4.0,0
flow_20.19,74.0,4.0,0
flow_20.20,72.5,3.0,0
flow_20.21,71.5,3.0,0
flow_10.21,95.5,4.0,0
flow_30.19,88.0,4.0,0
flow_10.22,95.0,3.0,0
flow_30.20,79.0,3.0,0
flow_30.21,67.5,3.0,0
flow_10.23,93.5,3.0,0
flow_20.22,89.5,4.0,0
flow_20.23,88.5,3.0,0
flow_20.24,87.5,3.0,0
flow_30.22,61.0,4.0,0
flow_10.24,108.0,4.0,0
flow_10.25,105.5,3.0,0
flow_30.23,58.5,3.0,0
flow_10.26,100.5,3.0,0
flow_30.24,57.5,3.0,0
flow_20.25,104.0,4.0,0
flow_00.14,40.5,4.0,0
flow_20.26,103.0,3.0,0
flow_00.15,24.0,2.0,0
flow_00.16,22.0,2.0,0
flow_20.27,101.5,3.0,0
flow_30.25,75.0,4.0,0
flow_10.27,96.0,4.0,0
flow_10.28,94.5,3.0,0
flow_30.26,74.5,3.0,0
flow_30.27,73.0,3.0,0
flow_10.29,76.0,3.0,0
flow_20.28,107.0,4.0,0
flow_00.17,40.5,4.0,0
flow_20.29,105.0,3.0,0
flow_00.18,39.5,3.0,0
flow_20.30,102.0,3.0,0
flow_00.19,37.0,3.0,0
flow_30.28,90.0,4.0,0
flow_10.30,94.5,4.0,0
flow_30.29,90.0,3.0,0
flow_10.31,93.5,3.0,0
flow_30.30,88.5,3.0,0
flow_10.32,91.0,3.0,0
flow_20.31,107.0,4.0,0
flow_00.20,33.5,4.0,0
flow_00.21,29.5,3.0,0
flow_20.32,105.5,3.0,0
flow_20.33,102.5,3.0,0
flow_30.31,105.5,4.0,0
flow_10.33,106.5,4.0,0
flow_30.32,105.0,3.0,0
flow_10.34,106.0,3.0,0
flow_10.35,94.5,3.0,0
flow_30.33,103.0,3.0,0
flow_20.34,108.0,4.0,0
flow_00.22,40.5,4.0,0
flow_00.23,39.5,3.0,0
flow_20.35,106.0,3.0,0
flow_20.36,102.5,3.0,0
flow_00.24,36.5,3.0,0
flow_30.34,108.0,4.0,0
flow_10.36,109.0,4.0,0
flow_10.37,106.0,3.0,0
flow_30.35,106.5,3.5,0
flow_30.36,103.0,3.0,0
flow_10.38,104.0,3.0,0
flow_00.25,53.0,4.0,0
flow_20.37,108.5,4.0,0
flow_00.26,53.0,3.0,0
flow_20.38,107.0,3.5,0
flow_00.27,45.0,3.0,0
flow_20.39,103.5,3.0,0
flow_30.37,107.5,4.0,0
flow_10.39,108.0,4.0,0
flow_30.38,106.5,3.5,0
flow_10.40,107.0,3.5,0
flow_30.39,103.5,3.0,0
flow_10.41,104.0,3.0,0
flow_20.40,107.5,4.0,0
flow_00.28,63.0,4.0,0
flow_20.41,105.5,3.0,0
flow_00.29,56.0,3.0,0
flow_20.42,102.5,3.0,0
flow_00.30,51.0,3.0,0
flow_30.40,107.5,4.0,0
flow_10.42,108.0,4.0,0
flow_30.41,105.5,3.0,0
flow_10.43,105.5,3.0,0
flow_10.44,102.5,3.0,0
flow_30.42,103.5,3.0,0
flow_00.31,63.5,4.0,0
flow_20.43,108.0,4.0,0
flow_20.44,105.5,3.0,0
flow_00.32,54.5,3.0,0
flow_20.45,103.0,3.0,0
flow_00.33,54.0,3.0,0
flow_10.45,107.0,4.0,0
flow_30.43,109.0,4.0,0
flow_30.44,105.5,3.0,0
flow_10.46,106.0,3.0,0
flow_30.45,102.5,3.0,0
flow_10.47,102.5,3.0,0
flow_20.46,108.0,4.0,0
flow_00.34,63.5,4.0,0
flow_20.47,106.0,3.0,0
flow_00.35,62.0,3.0,0
flow_20.48,103.0,3.0,0
flow_00.36,60.5,3.0,0
flow_10.48,107.5,4.0,0
flow_30.46,108.0,4.0,0
flow_30.47,106.0,3.0,0
flow_10.49,106.0,3.0,0
flow_10.50,102.5,3.0,0
flow_30.48,103.0,3.0,0
flow_20.49,107.5,4.0,0
flow_00.37,77.5,4.0,0
flow_00.38,77.5,3.0,0
flow_20.50,107.0,3.5,0
flow_00.39,76.0,3.0,0
flow_20.51,103.5,3.0,0
flow_10.51,107.0,4.0,0
flow_30.49,108.0,4.0,0
flow_30.50,105.5,3.0,0
flow_10.52,105.5,3.0,0
flow_10.53,102.0,3.0,0
flow_30.51,102.5,3.0,0
flow_20.52,107.5,4.0,0
flow_00.40,92.5,4.0,0
flow_00.41,92.0,3.0,0
flow_20.53,106.5,3.0,0
flow_00.42,90.5,3.0,0
flow_20.54,103.0,3.0,0
flow_30.52,107.0,4.0,0
flow_10.54,108.5,4.0,0
flow_30.53,105.0,3.0,0
flow_10.55,105.5,3.0,0
flow_30.54,102.0,3.0,0
flow_10.56,103.0,3.0,0
flow_20.55,107.5,4.0,0
flow_00.43,102.0,4.0,0
flow_00.44,101.5,3.0,0
flow_20.56,106.0,3.0,0
flow_00.45,100.0,3.0,0
flow_20.57,103.5,3.0,0
flow_30.55,107.0,4.0,0
flow_10.57,107.5,4.0,0
flow_30.56,106.0,3.0,0
flow_10.58,107.0,3.5,0
flow_30.57,103.5,3.0,0
flow_10.59,103.5,3.0,0
flow_20.58,107.0,4.0,0
flow_00.46,107.0,4.0,0
flow_20.59,105.5,3.0,0
flow_00.47,105.5,3.0,0
flow_00.48,98.5,3.0,0
flow_20.60,102.5,3.0,0
flow_30.58,107.5,4.0,0
flow_10.60,107.5,4.0,0
flow_30.59,105.5,3.0,0
flow_10.61,105.5,3.0,0
flow_10.62,102.0,3.0,0
flow_30.60,102.5,3.0,0
flow_00.49,107.0,4.0,0
flow_20.61,108.0,4.0,0
flow_20.62,105.5,3.0,0
flow_00.50,106.0,3.0,0
flow_20.63,102.5,3.0,0
flow_00.51,103.0,3.0,0
flow_10.63,107.5,4.0,0
flow_30.61,108.0,4.0,0
flow_30.62,106.0,3.0,0
flow_10.64,106.0,3.0,0
flow_10.65,102.5,3.0,0
flow_30.63,103.5,3.0,0
flow_20.64,107.0,4.0,0
flow_00.52,107.5,4.0,0
flow_20.65,105.5,3.0,0
flow_00.53,105.5,3.0,0
flow_00.54,102.5,3.0,0
flow_20.66,103.0,3.0,0
flow_10.66,107.5,4.0,0
flow_30.64,108.0,4.0,0
flow_30.65,105.5,3.0,0
flow_10.67,105.5,3.0,0
flow_30.66,102.5,3.0,0
flow_10.68,102.5,3.0,0
flow_20.67,107.0,4.0,0
flow_00.55,108.0,4.0,0
flow_20.68,105.0,3.0,0
flow_00.56,105.5,3.0,0
flow_20.69,102.0,3.0,0
flow_00.57,102.5,3.0,0
flow_10.69,107.0,4.0,0
flow_30.67,107.5,4.0,0
flow_10.70,105.0,3.0,0
flow_30.68,106.0,3.0,0
flow_30.69,102.5,3.0,0
flow_10.71,103.0,3.0,0
flow_20.70,107.5,4.0,0
flow_00.58,107.5,4.0,0
flow_20.71,105.5,3.0,0
flow_00.59,107.0,3.5,0
flow_20.72,103.0,3.0,0
flow_00.60,103.5,3.0,0
flow_10.72,107.5,4.0,0
flow_30.70,108.0,4.0,0
flow_30.71,106.0,3.0,0
flow_10.73,106.5,3.0,0
flow_30.72,103.0,3.0,0
flow_10.74,103.5,3.0,0
flow_20.73,107.5,4.0,0
flow_00.61,107.5,4.0,0
flow_00.62,105.5,3.0,0
flow_20.74,106.0,3.0,0
flow_20.75,102.5,3.0,0
flow_00.63,102.5,3.0,0
flow_30.73,108.0,4.0,0
flow_10.75,108.0,4.0,0
flow_30.74,105.5,3.0,0
flow_10.76,105.5,3.0,0
flow_30.75,102.0,3.0,0
flow_10.77,102.5,3.0,0
flow_00.64,107.0,4.0,0
flow_20.76,108.0,4.0,0
flow_20.77,105.0,3.0,0
flow_00.65,105.0,3.0,0
flow_00.66,102.0,3.0,0
flow_20.78,103.0,3.0,0
flow_30.76,108.0,4.0,0
flow_10.78,108.5,4.0,0
flow_30.77,105.5,3.0,0
flow_10.79,106.0,3.0,0
flow_10.80,103.0,3.0,0
flow_30.78,104.0,3.0,0
flow_20.79,107.5,4.0,0
flow_00.67,107.5,4.0,0
flow_20.80,106.0,3.0,0
flow_00.68,106.0,3.0,0
flow_20.81,103.0,3.0,0
flow_00.69,103.5,3.0,0
flow_10.81,108.0,4.0,0
flow_30.79,108.5,4.0,0
flow_30.80,106.0,3.0,0
flow_10.82,106.0,3.0,0
flow_10.83,103.5,3.0,0
flow_30.81,104.0,3.0,0
flow_00.70,107.0,4.0,0
flow_20.82,107.5,4.0,0
flow_00.71,105.0,3.0,0
flow_20.83,105.5,3.0,0
flow_00.72,102.0,3.0,0
flow_20.84,102.5,3.0,0
flow_30.82,107.5,4.0,0
flow_10.84,107.5,4.0,0
flow_30.83,105.5,3.0,0
flow_10.85,106.0,3.0,0
flow_30.84,102.5,3.0,0
flow_10.86,103.0,3.0,0
flow_00.73,107.5,4.0,0
flow_20.85,108.0,4.0,0
flow_20.86,106.0,3.0,0
flow_00.74,106.0,3.0,0
flow_20.87,102.5,3.0,0
flow_00.75,103.5,3.0,0
flow_30.85,107.5,4.0,0
flow_10.87,108.5,4.0,0
flow_30.86,105.0,3.0,0
flow_10.88,106.0,3.0,0
flow_10.89,103.0,3.0,0
flow_30.87,103.5,3.0,0
flow_20.88,107.5,4.0,0
flow_00.76,107.5,4.0,0
flow_20.89,105.5,3.0,0
flow_00.77,106.0,3.0,0
flow_00.78,102.5,3.0,0
flow_20.90,103.0,3.0,0
flow_30.88,107.5,4.0,0
flow_10.90,107.5,4.0,0
flow_30.89,105.0,3.0,0
flow_10.91,107.5,3.5,0
flow_30.90,102.5,3.0,0
flow_10.92,104.0,3.0,0
flow_20.91,107.5,4.0,0
flow_00.79,107.5,4.0,0
flow_20.92,105.0,3.0,0
flow_00.80,106.0,3.0,0
flow_20.93,102.5,3.0,0
flow_00.81,102.5,3.0,0
flow_30.91,107.0,4.0,0
flow_10.93,107.5,4.0,0
flow_30.92,105.5,3.0,0
flow_10.94,106.0,3.0,0
flow_30.93,102.5,3.0,0
flow_10.95,103.0,3.0,0
flow_20.94,107.5,4.0,0
flow_00.82,108.5,4.0,0
flow_20.95,105.0,3.0,0
flow_00.83,105.5,3.0,0
flow_20.96,102.0,3.0,0
flow_00.84,102.5,3.0,0
flow_30.94,107.0,4.0,0
flow_10.96,108.0,4.0,0
flow_10.97,105.5,3.0,0
flow_30.95,106.0,3.0,0
flow_30.96,102.5,3.0,0
flow_10.98,102.5,3.0,0
flow_20.97,107.5,4.0,0
flow_00.85,110.0,4.0,0
flow_20.98,106.5,3.5,0
flow_00.86,107.0,3.5,0
flow_20.99,103.0,3.0,0
flow_00.87,103.5,3.0,0
flow_10.99,108.0,4.0,0
flow_30.97,108.5,4.0,0
flow_10.100,105.5,3.0,0
flow_30.98,106.0,3.0,0
flow_10.101,102.5,3.0,0
flow_30.99,103.0,3.0,0
flow_20.100,107.5,4.0,0
flow_00.88,108.0,4.0,0
flow_20.101,106.0,3.0,0
flow_00.89,106.0,3.0,0
flow_20.102,102.5,3.0,0
flow_00.90,102.5,3.0,0
flow_10.102,107.5,4.0,0
flow_30.100,108.5,4.0,0
flow_10.103,105.5,3.0,0
flow_30.101,106.0,3.0,0
flow_10.104,102.0,3.0,0
flow_30.102,102.5,3.0,0
flow_00.91,107.0,4.0,0
flow_20.103,107.5,4.0,0
flow_20.104,105.5,3.0,0
flow_00.92,106.0,3.0,0
flow_20.105,102.5,3.0,0
flow_00.93,102.5,3.0,0
flow_30.103,108.0,4.0,0
flow_10.105,108.0,4.0,0
flow_10.106,105.5,3.0,0
flow_30.104,106.0,3.0,0
flow_30.105,102.5,3.0,0
flow_10.107,102.5,3.0,0
flow_20.106,107.5,4.0,0
flow_00.94,107.5,4.0,0
flow_20.107,105.0,3.0,0
flow_00.95,106.0,3.0,0
flow_20.108,102.5,3.0,0
flow_00.96,103.0,3.0,0
flow_30.106,108.0,4.0,0
flow_10.108,108.0,4.0,0
flow_30.107,105.0,3.0,0
flow_10.109,105.5,3.0,0
flow_10.110,103.0,3.0,0
flow_30.108,103.5,3.0,0
flow_20.109,107.0,4.0,0
flow_00.97,107.0,4.0,0
flow_20.110,105.5,3.0,0
flow_00.98,105.5,3.0,0
flow_00.99,102.5,3.0,0
flow_20.111,103.5,3.0,0
flow_10.111,107.0,4.0,0
flow_30.109,107.5,4.0,0
flow_10.112,105.0,3.0,0
flow_30.110,105.5,3.0,0
flow_10.113,103.0,3.0,0
flow_30.111,103.0,3.0,0
flow_00.100,107.5,4.0,0
flow_20.112,108.5,4.0,0
flow_20.113,105.5,3.0,0
flow_00.101,105.5,3.0,0
flow_00.102,102.0,3.0,0
flow_20.114,103.0,3.0,0
flow_10.114,107.5,4.0,0
flow_30.112,108.0,4.0,0
flow_30.113,105.5,3.0,0
flow_10.115,106.5,3.5,0
flow_30.114,102.0,3.0,0
flow_10.116,103.5,3.0,0
flow_20.115,108.0,4.0,0
flow_00.103,108.0,4.0,0
flow_20.116,105.5,3.0,0
flow_00.104,105.5,3.0,0
flow_20.117,102.5,3.0,0
flow_00.105,104.0,3.0,0
flow_10.117,107.0,4.0,0
flow_30.115,108.0,4.0,0
flow_30.116,105.0,3.0,0
flow_10.118,107.0,3.5,0
flow_30.117,102.5,3.0,0
flow_10.119,103.5,3.0,0
flow_00.106,107.5,4.0,0
flow_20.118,108.5,4.0,0
flow_00.107,106.0,3.0,0
flow_20.119,106.5,3.5,0
flow_20.120,103.5,3.0,0
flow_00.108,103.5,3.0,0
flow_30.118,107.0,4.0,0
flow_10.120,107.0,4.0,0
flow_10.121,105.5,3.0,0
flow_30.119,105.5,3.0,0
flow_10.122,102.5,3.0,0
flow_30.120,102.5,3.0,0
flow_00.109,107.0,4.0,0
flow_20.121,107.5,4.0,0
flow_20.122,105.0,3.0,0
flow_00.110,105.5,3.0,0
flow_20.123,102.0,3.0,0
flow_00.111,103.0,3.0,0
flow_30.121,107.5,4.0,0
flow_10.123,108.0,4.0,0
flow_30.122,106.0,3.0,0
flow_10.124,106.5,3.5,0
flow_30.123,102.5,3.0,0
flow_10.125,103.0,3.0,0
flow_20.124,107.5,4.0,0
flow_00.112,107.5,4.0,0
flow_20.125,106.0,3.0,0
flow_00.113,106.0,3.0,0
flow_00.114,103.5,3.0,0
flow_20.126,104.0,3.0,0
flow_10.0,22.0,2.0,0
flow_10.1,21.5,2.0,0
flow_30.0,22.5,2.0,0
flow_00.0,35.5,4.0,0
flow_20.0,27.5,3.5,0
flow_20.1,24.0,2.5,0
flow_20.2,22.5,2.0,0
flow_30.1,31.5,4.0,0
flow_10.2,33.5,4.0,0
flow_10.3,28.0,3.0,0
flow_30.2,28.0,3.0,0
flow_10.4,26.5,3.0,0
flow_10.5,25.0,2.5,0
flow_00.1,37.0,4.0,0
flow_20.3,41.0,4.0,0
flow_00.2,38.0,3.0,0
flow_20.4,35.5,3.0,0
flow_00.3,24.5,2.0,0
flow_20.5,28.5,3.0,0
flow_10.6,42.0,4.0,0
flow_30.3,37.0,4.0,0
flow_30.4,36.5,3.0,0
flow_30.5,35.0,3.0,0
flow_20.6,45.0,4.0,0
flow_00.4,41.5,4.0,0
flow_20.7,44.5,3.5,0
flow_00.5,41.5,3.0,0
flow_20.8,35.0,3.0,0
flow_00.6,39.0,3.0,0
flow_30.6,52.0,4.0,0
flow_10.7,41.5,4.0,0
flow_10.8,41.0,3.0,0
flow_30.7,52.0,3.0,0
flow_10.9,40.0,3.0,0
flow_30.8,47.5,3.0,0
flow_00.7,52.0,4.0,0
flow_20.9,53.5,4.0,0
flow_00.8,52.0,3.0,0
flow_20.10,54.0,3.5,0
flow_00.9,51.0,3.0,0
flow_20.11,52.5,3.0,0
flow_10.10,57.0,4.0,0
flow_30.9,53.5,4.0,0
flow_10.11,57.0,3.0,0
flow_30.10,51.5,3.0,0
flow_10.12,55.0,3.0,0
flow_30.11,42.5,3.0,0
flow_20.12,69.5,4.0,0
flow_00.10,67.0,4.0,0
flow_20.13,68.0,3.0,0
flow_00.11,62.0,3.0,0
flow_20.14,67.0,3.0,0
flow_00.12,60.0,3.0,0
flow_30.12,23.0,2.0,0
flow_10.13,67.5,4.0,0
flow_10.14,67.0,3.0,0
flow_30.13,24.0,2.0,0
flow_10.15,66.0,3.0,0
flow_20.15,77.5,4.0,0
flow_00.13,68.5,4.0,0
flow_00.14,54.5,3.0,0
flow_20.16,53.0,3.0,0
flow_20.17,45.0,3.0,0
flow_00.15,51.0,3.0,0
flow_10.16,83.0,4.0,0
flow_30.14,36.5,4.0,0
flow_10.17,83.0,3.0,0
flow_30.15,36.5,3.0,0
flow_10.18,81.5,3.0,0
flow_30.16,30.5,3.0,0
flow_20.18,52.5,4.0,0
flow_00.16,65.0,4.0,0
flow_20.19,24.5,2.5,0
flow_00.17,64.5,3.0,0
flow_20.20,23.5,2.5,0
flow_00.18,64.0,3.0,0
flow_30.17,47.0,4.0,0
flow_10.19,98.0,4.0,0
flow_30.18,42.0,3.0,0
flow_10.20,97.5,3.0,0
flow_30.19,32.5,3.0,0
flow_10.21,98.5,3.5,0
flow_20.21,31.0,3.5,0
flow_00.19,81.5,4.0,0
flow_00.20,80.5,3.0,0
flow_20.22,22.5,2.5,0
flow_00.21,79.0,3.0,0
flow_30.20,37.0,4.0,0
flow_10.22,108.0,4.0,0
flow_30.21,36.0,3.0,0
flow_10.23,106.0,3.0,0
flow_30.22,35.0,3.0,0
flow_10.24,102.5,3.0,0
flow_00.22,48.5,4.0,0
flow_20.23,29.0,3.5,0
flow_20.24,27.0,3.0,0
flow_00.23,31.0,3.5,0
flow_00.24,22.5,2.0,0
flow_10.25,107.5,4.0,0
flow_30.23,53.0,4.0,0
flow_10.26,105.5,3.0,0
flow_30.24,52.5,3.0,0
flow_10.27,102.5,3.0,0
flow_30.25,52.0,3.0,0
flow_00.25,26.0,3.0,0
flow_20.25,36.0,4.0,0
flow_20.26,35.0,3.0,0
flow_20.27,34.5,3.0,0
flow_10.28,107.5,4.0,0
flow_30.26,68.5,4.0,0
flow_30.27,68.0,3.0,0
flow_10.29,106.5,3.5,0
flow_30.28,67.0,3.0,0
flow_10.30,103.0,3.0,0
flow_00.26,35.5,4.0,0
flow_20.28,46.0,4.0,0
flow_00.27,35.0,3.0,0
flow_20.29,45.5,3.0,0
flow_00.28,32.5,3.0,0
flow_20.30,44.0,3.0,0
flow_10.31,107.5,4.0,0
flow_30.29,84.0,4.0,0
flow_30.30,83.0,3.0,0
flow_10.32,105.5,3.0,0
flow_10.33,102.5,3.0,0
flow_30.31,83.0,3.0,0
flow_20.31,58.0,4.0,0
flow_00.29,45.5,4.0,0
flow_00.30,45.0,3.0,0
flow_20.32,58.5,3.0,0
flow_20.33,57.0,3.0,0
flow_00.31,45.0,3.0,0
flow_10.34,107.0,4.0,0
flow_30.32,100.0,4.0,0
flow_30.33,99.0,3.0,0
flow_10.35,106.0,3.0,0
flow_10.36,102.5,3.0,0
flow_30.34,97.5,3.0,0
flow_20.34,75.0,4.0,0
flow_00.32,60.0,4.0,0
flow_20.35,74.0,3.0,0
flow_00.33,58.5,3.0,0
flow_00.34,57.0,3.0,0
flow_20.36,72.5,3.0,0
flow_10.37,107.5,4.0,0
flow_30.35,107.5,4.0,0
flow_30.36,105.0,3.0,0
flow_10.38,106.0,3.0,0
flow_30.37,102.5,3.0,0
flow_10.39,103.0,3.0,0
flow_00.35,74.5,4.0,0
flow_20.37,72.5,4.0,0
flow_00.36,74.0,3.0,0
flow_20.38,54.5,3.0,0
flow_20.39,38.5,3.0,0
flow_00.37,68.5,3.0,0
flow_30.38,107.5,4.0,0
flow_10.40,108.5,4.0,0
flow_30.39,105.5,3.0,0
flow_10.41,106.0,3.0,0
flow_10.42,102.5,3.0,0
flow_30.40,102.5,3.0,0
flow_00.38,85.0,4.0,0
flow_20.40,56.0,4.0,0
flow_00.39,84.5,3.0,0
flow_20.41,40.5,3.0,0
flow_00.40,83.5,3.0,0
flow_20.42,38.0,3.0,0
flow_10.43,107.0,4.0,0
flow_30.41,109.0,4.0,0
flow_10.44,105.0,3.0,0
flow_30.42,106.5,3.5,0
flow_10.45,103.0,3.0,0
flow_30.43,103.0,3.0,0
flow_20.43,55.5,4.0,0
flow_00.41,102.5,4.0,0
flow_00.42,96.5,3.0,0
flow_20.44,49.0,3.0,0
flow_00.43,95.0,3.0,0
flow_20.45,48.0,3.0,0
flow_30.44,107.5,4.0,0
flow_10.46,109.0,4.0,0
flow_10.47,106.0,3.0,0
flow_30.45,106.5,3.0,0
flow_10.48,103.0,3.0,0
flow_30.46,103.0,3.0,0
flow_20.46,64.5,4.0,0
flow_00.44,107.5,4.0,0
flow_20.47,64.0,3.0,0
flow_00.45,106.0,3.0,0
flow_00.46,69.0,3.0,0
flow_20.48,59.5,3.0,0
flow_10.49,107.5,4.0,0
flow_30.47,107.5,4.0,0
flow_10.50,105.5,3.0,0
flow_30.48,105.5,3.0,0
flow_10.51,102.0,3.0,0
flow_30.49,102.5,3.0,0
flow_00.47,85.5,4.0,0
flow_20.49,58.0,4.0,0
flow_00.48,78.5,3.0,0
flow_20.50,57.5,3.0,0
flow_00.49,77.5,3.0,0
flow_20.51,55.0,3.0,0
flow_30.50,107.0,4.0,0
flow_10.52,108.0,4.0,0
flow_30.51,105.0,3.0,0
flow_10.53,105.5,3.0,0
flow_30.52,102.5,3.0,0
flow_10.54,103.0,3.0,0
flow_00.50,94.5,4.0,0
flow_20.52,73.0,4.0,0
flow_00.51,94.0,3.0,0
flow_20.53,72.0,3.0,0
flow_00.52,84.0,3.0,0
flow_20.54,71.0,3.0,0
flow_30.53,107.0,4.0,0
flow_10.55,108.5,4.0,0
flow_30.54,106.0,3.0,0
flow_10.56,106.0,3.0,0
flow_30.55,102.5,3.0,0
flow_10.57,102.5,3.0,0
flow_00.53,91.0,4.0,0
flow_20.55,86.5,4.0,0
flow_00.54,86.5,3.0,0
flow_20.56,67.5,3.0,0
flow_00.55,85.5,3.0,0
flow_20.57,56.5,3.0,0
flow_10.58,107.5,4.0,0
flow_30.56,108.0,4.0,0
flow_10.59,105.5,3.0,0
flow_30.57,106.0,3.0,0
flow_30.58,102.5,3.0,0
flow_10.60,103.0,3.0,0
flow_00.56,96.5,4.0,0
flow_20.58,71.5,4.0,0
flow_00.57,72.5,3.0,0
flow_20.59,70.0,3.0,0
flow_00.58,71.5,3.0,0
flow_20.60,69.0,3.0,0
flow_30.59,107.0,4.0,0
flow_10.61,107.5,4.0,0
flow_10.62,105.5,3.0,0
flow_30.60,106.0,3.0,0
flow_10.63,102.0,3.0,0
flow_30.61,102.5,3.0,0
flow_00.59,89.0,4.0,0
flow_20.61,86.5,4.0,0
flow_20.62,86.0,3.0,0
flow_00.60,88.5,3.0,0
flow_20.63,85.0,3.0,0
flow_00.61,87.5,3.0,0
flow_10.64,107.5,4.0,0
flow_30.62,108.0,4.0,0
flow_10.65,105.0,3.0,0
flow_30.63,106.0,3.0,0
flow_30.64,103.0,3.0,0
flow_10.66,103.5,3.0,0
flow_20.64,102.0,4.0,0
flow_00.62,105.5,4.0,0
flow_20.65,101.5,3.0,0
flow_00.63,103.5,3.0,0
flow_20.66,100.0,3.0,0
flow_00.64,102.0,3.0,0
flow_10.67,107.5,4.0,0
flow_30.65,107.5,4.0,0
flow_30.66,105.5,3.0,0
flow_10.68,106.0,3.0,0
flow_10.69,102.5,3.0,0
flow_30.67,102.5,3.0,0
flow_00.65,107.0,4.0,0
flow_20.67,108.0,4.0,0
flow_00.66,105.0,3.0,0
flow_20.68,105.5,3.0,0
flow_00.67,102.5,3.0,0
flow_20.69,103.0,3.0,0
flow_10.70,107.5,4.0,0
flow_30.68,107.5,4.0,0
flow_30.69,105.0,3.0,0
flow_10.71,106.0,3.0,0
flow_30.70,102.0,3.0,0
flow_10.72,102.5,3.0,0
flow_00.68,108.0,4.0,0
flow_20.70,108.5,4.0,0
flow_20.71,105.5,3.0,0
flow_00.69,105.5,3.0,0
flow_20.72,102.5,3.0,0
flow_00.70,103.0,3.0,0
flow_30.71,107.0,4.0,0
flow_10.73,107.5,4.0,0
flow_10.74,105.5,3.0,0
flow_30.72,105.5,3.0,0
flow_30.73,102.5,3.0,0
flow_10.75,103.0,3.0,0
flow_20.73,107.5,4.0,0
flow_00.71,107.5,4.0,0
flow_20.74,105.5,3.0,0
flow_00.72,106.0,3.0,0
flow_20.75,102.5,3.0,0
flow_00.73,103.5,3.0,0
flow_30.74,108.0,4.0,0
flow_10.76,108.5,4.0,0
flow_10.77,105.5,3.0,0
flow_30.75,105.5,3.0,0
flow_30.76,102.0,3.0,0
flow_10.78,103.5,3.0,0
flow_20.76,108.0,4.0,0
flow_00.74,108.0,4.0,0
flow_00.75,106.0,3.0,0
flow_20.77,106.0,3.0,0
flow_20.78,103.5,3.0,0
flow_00.76,103.5,3.0,0
flow_10.79,107.5,4.0,0
flow_30.77,107.5,4.0,0
flow_10.80,105.5,3.0,0
flow_30.78,105.5,3.0,0
flow_30.79,102.0,3.0,0
flow_10.81,102.5,3.0,0
flow_20.79,107.5,4.0,0
flow_00.77,107.5,4.0,0
flow_20.80,105.5,3.0,0
flow_00.78,105.5,3.0,0
flow_00.79,102.0,3.0,0
flow_20.81,103.0,3.0,0
flow_30.80,107.0,4.0,0
flow_10.82,107.5,4.0,0
flow_10.83,105.0,3.0,0
flow_30.81,105.5,3.0,0
flow_10.84,102.0,3.0,0
flow_30.82,103.0,3.0,0
flow_20.82,107.0,4.0,0
flow_00.80,107.5,4.0,0
flow_00.81,105.5,3.0,0
flow_20.83,106.0,3.0,0
flow_00.82,102.5,3.0,0
flow_20.84,103.5,3.0,0
flow_10.85,107.5,4.0,0
flow_30.83,107.5,4.0,0
flow_10.86,105.5,3.0,0
flow_30.84,106.0,3.0,0
flow_10.87,102.0,3.0,0
flow_30.85,103.5,3.0,0
flow_20.85,107.0,4.0,0
flow_00.83,107.0,4.0,0
flow_20.86,105.5,3.0,0
flow_00.84,106.0,3.0,0
flow_00.85,102.5,3.0,0
flow_20.87,103.0,3.0,0
flow_10.88,107.5,4.0,0
flow_30.86,107.5,4.0,0
flow_30.87,105.0,3.0,0
flow_10.89,105.5,3.0,0
flow_30.88,102.5,3.0,0
flow_10.90,103.0,3.0,0
flow_20.88,107.0,4.0,0
flow_00.86,108.0,4.0,0
flow_20.89,105.5,3.0,0
flow_00.87,105.5,3.0,0
flow_20.90,102.5,3.0,0
flow_00.88,105.0,3.5,0
flow_30.89,107.5,4.0,0
flow_10.91,108.0,4.0,0
flow_30.90,105.0,3.0,0
flow_10.92,106.0,3.0,0
flow_30.91,102.0,3.0,0
flow_10.93,103.0,3.0,0
flow_00.89,107.5,4.0,0
flow_20.91,108.5,4.0,0
flow_00.90,105.5,3.0,0
flow_20.92,106.5,3.5,0
flow_20.93,102.5,3.0,0
flow_00.91,102.5,3.0,0
flow_10.94,107.5,4.0,0
flow_30.92,108.0,4.0,0
flow_10.95,106.0,3.0,0
flow_30.93,106.0,3.0,0
flow_10.96,102.5,3.0,0
flow_30.94,103.0,3.0,0
flow_00.92,107.5,4.0,0
flow_20.94,108.5,4.0,0
flow_00.93,105.5,3.0,0
flow_20.95,107.0,3.5,0
flow_00.94,102.5,3.0,0
flow_20.96,103.5,3.0,0
flow_10.97,108.0,4.0,0
flow_30.95,108.0,4.0,0
flow_10.98,105.0,3.0,0
flow_30.96,105.5,3.0,0
flow_10.99,102.5,3.0,0
flow_30.97,102.5,3.0,0
flow_20.97,107.5,4.0,0
flow_00.95,108.0,4.0,0
flow_20.98,106.0,3.0,0
flow_00.96,106.0,3.0,0
flow_00.97,102.5,3.0,0
flow_20.99,105.0,3.5,0
flow_10.100,108.0,4.0,0
flow_30.98,108.5,4.0,0
flow_10.101,106.5,3.5,0
flow_30.99,106.5,3.5,0
flow_10.102,102.5,3.0,0
flow_30.100,103.0,3.0,0
flow_20.100,107.5,4.0,0
flow_00.98,108.0,4.0,0
flow_00.99,105.0,3.0,0
flow_20.101,105.5,3.0,0
flow_00.100,102.0,3.0,0
flow_20.102,102.5,3.0,0
flow_10.103,108.5,4.0,0
flow_30.101,108.5,4.0,0
flow_10.104,106.5,3.5,0
flow_30.102,106.5,3.5,0
flow_10.105,103.0,3.0,0
flow_30.103,103.0,3.0,0
flow_20.103,108.5,4.0,0
flow_00.101,109.0,4.0,0
flow_20.104,105.5,3.0,0
flow_00.102,106.0,3.0,0
flow_00.103,102.5,3.0,0
flow_20.105,103.0,3.0,0
flow_10.106,107.5,4.0,0
flow_30.104,107.5,4.0,0
flow_10.107,105.5,3.0,0
flow_30.105,106.5,3.0,0
flow_10.108,102.5,3.0,0
flow_30.106,103.5,3.0,0
flow_20.106,107.5,4.0,0
flow_00.104,108.0,4.0,0
flow_00.105,105.5,3.0,0
flow_20.107,107.0,3.5,0
flow_00.106,102.5,3.0,0
flow_20.108,103.5,3.0,0
flow_10.109,107.5,4.0,0
flow_30.107,108.5,4.0,0
flow_10.110,105.0,3.0,0
flow_30.108,106.0,3.0,0
flow_30.109,102.5,3.0,0
flow_10.111,103.5,3.0,0
flow_20.109,107.5,4.0,0
flow_00.107,109.0,4.0,0
flow_20.110,106.5,3.5,0
flow_00.108,106.5,3.5,0
flow_00.109,102.5,3.0,0
flow_20.111,103.0,3.0,0
flow_30.110,107.0,4.0,0
flow_10.112,107.5,4.0,0
flow_10.113,105.5,3.0,0
flow_30.111,108.0,3.5,0
flow_10.114,103.0,3.0,0
flow_30.112,104.5,3.0,0
flow_20.112,108.0,4.0,0
flow_00.110,108.0,4.0,0
flow_00.111,105.5,3.0,0
flow_20.113,106.5,3.0,0
flow_00.112,102.5,3.0,0
flow_20.114,103.0,3.0,0
flow_10.115,107.5,4.0,0
flow_30.113,108.0,4.0,0
flow_30.114,105.5,3.0,0
flow_10.116,106.0,3.0,0
flow_10.117,102.5,3.0,0
flow_30.115,102.5,3.0,0
flow_20.115,107.5,4.0,0
flow_00.113,108.5,4.0,0
flow_20.116,105.5,3.0,0
flow_00.114,106.0,3.0,0
flow_20.117,102.0,3.0,0
flow_00.115,103.5,3.0,0
flow_10.118,107.5,4.0,0
flow_30.116,107.5,4.0,0
flow_30.117,105.5,3.0,0
flow_10.119,106.5,3.5,0
flow_10.120,103.0,3.0,0
flow_30.118,103.5,3.0,0
flow_20.118,107.0,4.0,0
flow_00.116,107.5,4.0,0
flow_20.119,105.5,3.0,0
flow_00.117,105.5,3.0,0
flow_20.120,102.5,3.0,0
flow_00.118,103.0,3.0,0
flow_10.121,107.0,4.0,0
flow_30.119,107.5,4.0,0
flow_10.122,105.0,3.0,0
flow_30.120,105.5,3.0,0
flow_10.123,102.5,3.0,0
flow_30.121,103.0,3.0,0
flow_00.119,107.0,4.0,0
flow_20.121,108.0,4.0,0
flow_20.122,105.5,3.0,0
flow_00.120,105.5,3.0,0
flow_00.121,103.0,3.0,0
flow_20.123,103.5,3.0,0
flow_30.0,23.0,2.0,0
flow_30.1,22.0,2.0,0
flow_30.2,21.5,2.0,0
flow_20.0,38.0,4.0,0
flow_00.0,39.0,4.0,0
flow_20.1,37.5,3.0,0
flow_00.1,39.0,3.5,0
flow_20.2,25.0,2.5,0
flow_00.2,38.0,3.0,0
flow_30.3,40.0,4.0,0
flow_30.4,39.5,3.0,0
flow_30.5,38.0,3.0,0
flow_00.3,54.5,4.0,0
flow_20.3,42.0,4.0,0
flow_00.4,54.0,3.0,0
flow_20.4,42.5,3.0,0
flow_00.5,39.5,3.0,0
flow_20.5,41.0,3.0,0
flow_30.6,55.0,4.0,0
flow_30.7,54.0,3.0,0
flow_30.8,53.5,3.0,0
flow_00.6,58.0,4.0,0
flow_20.6,56.5,4.0,0
flow_20.7,28.0,3.0,0
flow_00.7,57.0,3.0,0
flow_00.8,57.5,3.0,0
flow_30.9,56.0,4.0,0
flow_30.10,55.0,3.0,0
flow_10.0,20.5,1.5,0
flow_30.11,54.0,3.0,0
flow_00.9,73.0,4.0,0
flow_20.8,32.0,4.0,0
flow_20.9,31.0,3.5,0
flow_00.10,72.5,3.0,0
flow_20.10,30.0,3.0,0
flow_00.11,72.0,3.0,0
flow_30.12,71.5,4.0,0
flow_10.1,32.5,4.0,0
flow_30.13,71.0,3.0,0
flow_30.14,68.0,3.0,0
flow_00.12,82.5,4.0,0
flow_20.11,42.0,4.0,0
flow_00.13,68.5,3.0,0
flow_20.12,40.5,3.0,0
flow_00.14,67.5,3.0,0
flow_20.13,35.0,3.0,0
flow_30.15,85.0,4.0,0
flow_10.2,28.0,3.5,0
flow_10.3,26.5,3.0,0
flow_30.16,76.0,3.0,0
flow_10.4,25.0,2.5,0
flow_30.17,73.5,3.0,0
flow_10.5,23.5,2.0,0
flow_00.15,85.0,4.0,0
flow_20.14,43.5,4.0,0
flow_00.16,84.5,3.0,0
flow_20.15,42.0,3.0,0
flow_20.16,41.0,3.0,0
flow_00.17,78.5,3.0,0
flow_30.18,83.5,4.0,0
flow_10.6,26.0,3.0,0
flow_30.19,83.5,3.0,0
flow_30.20,79.5,3.0,0
flow_20.17,58.5,4.0,0
flow_00.18,95.5,4.0,0
flow_00.19,88.0,3.0,0
flow_20.18,58.5,3.0,0
flow_20.19,56.0,3.0,0
flow_00.20,88.0,3.0,0
flow_10.7,23.0,2.0,0
flow_30.21,96.0,4.0,0
flow_30.22,95.5,3.0,0
flow_30.23,94.5,3.0,0
flow_00.21,101.0,4.0,0
flow_20.20,74.5,4.0,0
flow_00.22,100.5,3.0,0
flow_20.21,73.5,3.0,0
flow_00.23,94.0,3.0,0
flow_20.22,72.5,3.0,0
flow_30.24,103.5,4.0,0
flow_30.25,103.0,3.0,0
flow_30.26,101.5,3.0,0
flow_00.24,100.0,4.0,0
flow_20.23,80.5,4.0,0
flow_00.25,100.0,3.0,0
flow_20.24,78.5,3.0,0
flow_20.25,73.5,3.0,0
flow_00.26,98.5,3.0,0
flow_30.27,107.5,4.0,0
flow_10.8,22.5,2.0,0
flow_30.28,105.5,3.0,0
flow_10.9,21.5,2.0,0
flow_30.29,102.5,3.0,0
flow_20.26,91.0,4.0,0
flow_00.27,103.0,4.0,0
flow_20.27,90.5,3.0,0
flow_00.28,97.0,3.0,0
flow_20.28,90.0,3.0,0
flow_00.29,96.0,3.0,0
flow_30.30,108.0,4.0,0
flow_30.31,106.0,3.0,0
flow_30.32,103.5,3.0,0
flow_00.30,107.5,4.0,0
flow_20.29,107.0,4.0,0
flow_20.30,105.0,3.0,0
flow_00.31,105.5,3.0,0
flow_20.31,102.0,3.0,0
flow_00.32,102.0,3.0,0
flow_30.33,108.0,4.0,0
flow_10.10,40.5,4.0,0
flow_10.11,40.0,3.0,0
flow_30.34,106.5,3.5,0
flow_10.12,38.5,3.0,0
flow_30.35,103.0,3.0,0
flow_00.33,107.0,4.0,0
flow_20.32,107.5,4.0,0
flow_20.33,105.0,3.0,0
flow_00.34,106.0,3.0,0
flow_20.34,103.0,3.0,0
flow_00.35,103.0,3.0,0
flow_30.36,107.5,4.0,0
flow_10.13,54.0,4.0,0
flow_30.37,105.5,3.0,0
flow_10.14,28.5,3.0,0
flow_30.38,102.5,3.0,0
flow_00.36,107.5,4.0,0
flow_20.35,108.0,4.0,0
flow_00.37,105.0,3.0,0
flow_20.36,105.5,3.0,0
flow_20.37,102.5,3.0,0
flow_00.38,103.0,3.0,0
flow_10.15,40.0,4.0,0
flow_30.39,107.5,4.0,0
flow_30.40,105.5,3.0,0
flow_10.16,21.5,2.0,0
flow_30.41,102.5,3.0,0
flow_20.38,107.0,4.0,0
flow_00.39,108.5,4.0,0
flow_20.39,105.5,3.0,0
flow_00.40,105.5,3.0,0
flow_00.41,103.0,3.0,0
flow_20.40,104.5,3.0,0
flow_30.42,108.0,4.0,0
flow_30.43,105.5,3.0,0
flow_30.44,103.0,3.0,0
flow_20.41,107.5,4.0,0
flow_00.42,107.5,4.0,0
flow_20.42,105.5,3.0,0
flow_00.43,105.5,3.0,0
flow_00.44,103.0,3.0,0
flow_20.43,103.5,3.0,0
flow_30.45,107.0,4.0,0
flow_30.46,105.5,3.0,0
flow_30.47,102.5,3.0,0
flow_20.44,107.0,4.0,0
flow_00.45,107.5,4.0,0
flow_20.45,106.0,3.0,0
flow_00.46,106.0,3.0,0
flow_20.46,102.5,3.0,0
flow_00.47,102.5,3.0,0
flow_10.17,40.0,4.0,0
flow_30.48,108.0,4.0,0
flow_10.18,30.5,3.0,0
flow_30.49,106.0,3.0,0
flow_10.19,29.5,3.0,0
flow_30.50,103.0,3.0,0
flow_10.20,28.5,3.0,0
flow_20.47,107.5,4.0,0
flow_00.48,107.5,4.0,0
flow_20.48,105.5,3.0,0
flow_00.49,105.5,3.0,0
flow_00.50,102.5,3.0,0
flow_20.49,103.5,3.0,0
flow_30.51,108.0,4.0,0
flow_10.21,44.5,4.0,0
flow_30.52,105.5,3.0,0
flow_10.22,43.5,3.5,0
flow_30.53,103.0,3.0,0
flow_10.23,34.5,3.0,0
flow_20.50,107.5,4.0,0
flow_00.51,107.5,4.0,0
flow_20.51,106.0,3.0,0
flow_00.52,106.0,3.0,0
flow_20.52,102.5,3.0,0
flow_00.53,102.5,3.0,0
flow_10.24,42.5,4.0,0
flow_30.54,108.0,4.0,0
flow_10.25,42.5,3.0,0
flow_30.55,106.5,3.5,0
flow_30.56,104.0,3.0,0
flow_10.26,34.5,3.0,0
flow_20.53,107.5,4.0,0
flow_00.54,107.5,4.0,0
flow_20.54,105.5,3.0,0
flow_00.55,105.5,3.0,0
flow_20.55,102.5,3.0,0
flow_00.56,102.5,3.0,0
flow_30.57,107.5,4.0,0
flow_10.27,42.0,4.0,0
flow_30.58,105.5,3.0,0
flow_10.28,32.0,3.0,0
flow_30.59,102.5,3.0,0
flow_20.56,107.5,4.0,0
flow_00.57,107.5,4.0,0
flow_20.57,106.5,3.5,0
flow_00.58,106.5,3.5,0
flow_00.59,103.0,3.0,0
flow_20.58,103.5,3.0,0
flow_30.60,107.0,4.0,0
flow_10.29,38.0,4.0,0
flow_30.61,105.0,3.0,0
flow_10.30,38.0,3.0,0
flow_30.62,102.5,3.0,0
flow_00.60,107.0,4.0,0
flow_20.59,107.5,4.0,0
flow_20.60,105.5,3.0,0
flow_00.61,105.5,3.0,0
flow_00.62,102.0,3.0,0
flow_20.61,102.5,3.0,0
flow_30.63,107.0,4.0,0
flow_30.64,105.0,3.0,0
flow_30.65,102.5,3.0,0
flow_00.63,107.0,4.0,0
flow_20.62,107.5,4.0,0
flow_20.63,105.5,3.0,0
flow_00.64,106.0,3.0,0
flow_20.64,102.5,3.0,0
flow_00.65,102.5,3.0,0
flow_10.31,36.0,4.0,0
flow_30.66,108.5,4.0,0
flow_10.32,35.0,3.0,0
flow_30.67,105.5,3.0,0
flow_30.68,102.5,3.0,0
flow_20.65,107.0,4.0,0
flow_00.66,107.5,4.0,0
flow_20.66,105.5,3.0,0
flow_00.67,105.5,3.0,0
flow_20.67,103.0,3.0,0
flow_00.68,103.5,3.0,0
flow_10.33,37.5,4.0,0
flow_30.69,109.0,4.0,0
flow_10.34,28.5,3.0,0
flow_30.70,106.0,3.0,0
flow_30.71,103.0,3.0,0
flow_00.69,107.5,4.0,0
flow_20.68,107.5,4.0,0
flow_20.69,105.5,3.0,0
flow_00.70,105.5,3.0,0
flow_00.71,102.5,3.0,0
flow_20.70,103.0,3.0,0
flow_30.72,107.5,4.0,0
flow_10.35,34.5,4.0,0
flow_30.73,105.5,3.0,0
flow_10.36,25.0,2.5,0
flow_10.37,23.5,2.5,0
flow_30.74,102.5,3.0,0
flow_20.71,107.0,4.0,0
flow_00.72,108.5,4.0,0
flow_20.72,105.0,3.0,0
flow_00.73,105.5,3.0,0
flow_00.74,102.0,3.0,0
flow_20.73,102.5,3.0,0
flow_10.38,25.0,3.0,0
flow_30.75,108.0,4.0,0
flow_30.76,105.5,3.0,0
flow_10.39,23.0,2.0,0
flow_30.77,102.5,3.0,0
flow_00.75,107.0,4.0,0
flow_20.74,108.0,4.0,0
flow_20.75,105.5,3.0,0
flow_00.76,106.0,3.0,0
flow_20.76,102.0,3.0,0
flow_00.77,103.0,3.0,0
flow_30.78,108.0,4.0,0
flow_30.79,106.0,3.0,0
flow_10.40,21.0,1.5,0
flow_30.80,102.5,3.0,0
flow_20.77,107.5,4.0,0
flow_00.78,107.5,4.0,0
flow_20.78,106.0,3.0,0
flow_00.79,106.0,3.0,0
flow_00.80,102.5,3.0,0
flow_20.79,103.0,3.0,0
flow_30.81,107.0,4.0,0
flow_10.41,41.0,4.0,0
flow_10.42,38.5,3.0,0
flow_30.82,107.0,3.5,0
flow_30.83,103.5,3.0,0
flow_20.80,107.5,4.0,0
flow_00.81,107.5,4.0,0
flow_20.81,106.0,3.0,0
flow_00.82,106.0,3.0,0
flow_00.83,102.5,3.0,0
flow_20.82,103.5,3.0,0
flow_30.84,107.5,4.0,0
flow_30.85,105.5,3.0,0
flow_30.86,102.5,3.0,0
flow_20.83,107.0,4.0,0
flow_00.84,107.5,4.0,0
flow_00.85,106.0,3.0,0
flow_20.84,106.0,3.0,0
flow_00.86,103.0,3.0,0
flow_20.85,103.0,3.0,0
flow_30.87,107.0,4.0,0
flow_10.43,41.0,4.0,0
flow_30.88,105.5,3.0,0
flow_30.89,103.5,3.0,0
flow_20.86,107.0,4.0,0
flow_00.87,108.5,4.0,0
flow_00.88,106.0,3.0,0
flow_20.87,106.5,3.5,0
flow_00.89,103.0,3.0,0
flow_20.88,103.0,3.0,0
flow_30.90,107.5,4.0,0
flow_10.44,27.5,3.5,0
flow_10.45,23.5,2.0,0
flow_30.91,105.5,3.0,0
flow_30.92,102.5,3.0,0
flow_20.89,107.5,4.0,0
flow_00.90,108.0,4.0,0
flow_20.90,105.5,3.0,0
flow_00.91,106.0,3.0,0
flow_00.92,103.0,3.0,0
flow_20.91,103.0,3.0,0
flow_30.93,107.5,4.0,0
flow_30.94,106.5,3.0,0
flow_30.95,103.0,3.0,0
flow_20.92,107.0,4.0,0
flow_00.93,108.0,4.0,0
flow_00.94,106.5,3.5,0
flow_20.93,106.5,3.0,0
flow_00.95,103.0,3.0,0
flow_20.94,103.0,3.0,0
flow_30.96,107.5,4.0,0
flow_10.46,37.5,4.0,0
flow_10.47,22.5,2.0,0
flow_30.97,106.0,3.0,0
flow_30.98,102.5,3.0,0
flow_20.95,107.5,4.0,0
flow_00.96,108.0,4.0,0
flow_00.97,105.0,3.0,0
flow_20.96,105.5,3.0,0
flow_00.98,103.0,3.0,0
flow_20.97,103.0,3.0,0
flow_10.48,27.5,3.5,0
flow_30.99,107.5,4.0,0
flow_10.49,26.0,3.0,0
flow_30.100,106.0,3.0,0
flow_30.101,103.0,3.0,0
flow_20.98,107.5,4.0,0
flow_00.99,108.0,4.0,0
flow_20.99,105.5,3.0,0
flow_00.100,106.5,3.5,0
flow_20.100,102.0,3.0,0
flow_00.101,103.5,3.0,0
flow_30.102,107.5,4.0,0
flow_10.50,31.0,3.5,0
flow_30.103,105.0,3.0,0
flow_30.104,102.5,3.0,0
flow_00.102,107.0,4.0,0
flow_20.101,108.5,4.0,0
flow_00.103,105.5,3.0,0
flow_20.102,105.5,3.0,0
flow_00.104,102.5,3.0,0
flow_20.103,103.0,3.0,0
flow_30.105,107.0,4.0,0
flow_30.106,105.0,3.0,0
flow_30.107,102.0,3.0,0
flow_00.105,107.5,4.0,0
flow_20.104,108.0,4.0,0
flow_20.105,105.5,3.0,0
flow_00.106,106.0,3.0,0
flow_00.107,102.5,3.0,0
flow_20.106,103.0,3.0,0
flow_10.51,21.0,2.0,0
flow_30.108,107.0,4.0,0
flow_30.109,105.5,3.0,0
flow_10.52,22.0,2.0,0
flow_30.110,103.0,3.0,0
flow_00.108,107.5,4.0,0
flow_20.107,108.0,4.0,0
flow_20.108,105.0,3.0,0
flow_00.109,105.5,3.0,0
flow_00.110,102.5,3.0,0
flow_20.109,103.0,3.0,0
flow_30.111,108.0,4.0,0
flow_30.112,105.5,3.0,0
flow_30.113,102.5,3.0,0
flow_10.53,21.5,2.0,0
flow_00.111,107.5,4.0,0
flow_20.110,108.0,4.0,0
flow_20.111,105.5,3.0,0
flow_00.112,106.5,3.5,0
flow_20.112,102.0,3.0,0
flow_00.113,103.0,3.0,0
flow_30.114,108.0,4.0,0
flow_30.115,105.5,3.0,0
flow_30.116,102.5,3.0,0
flow_20.113,107.5,4.0,0
flow_00.114,108.0,4.0,0
flow_00.115,106.0,3.0,0
flow_20.114,106.0,3.0,0
flow_20.115,102.5,3.0,0
flow_00.116,103.0,3.0,0
flow_30.117,107.5,4.0,0
flow_30.118,105.5,3.0,0
flow_30.119,102.5,3.0,0
flow_20.116,107.0,4.0,0
flow_00.117,108.5,4.0,0
flow_20.117,105.0,3.0,0
flow_00.118,106.0,3.0,0
flow_20.118,102.0,3.0,0
flow_00.119,103.0,3.0,0
flow_30.120,107.5,4.0,0
flow_30.121,106.5,3.5,0
flow_30.122,103.0,3.0,0
flow_00.120,107.5,4.0,0
flow_20.119,107.5,4.0,0
flow_00.121,105.5,3.0,0
flow_20.120,106.0,3.0,0
flow_00.122,102.5,3.0,0
flow_20.121,102.5,3.0,0
flow_10.54,23.0,2.0,0
flow_30.123,107.5,4.0,0
flow_30.124,105.5,3.0,0
flow_30.125,103.5,3.0,0
flow_20.122,107.0,4.0,0
flow_00.123,108.0,4.0,0
flow_00.124,106.0,3.0,0
flow_20.123,106.0,3.0,0
flow_20.124,102.5,3.0,0
flow_00.125,103.5,3.0,0
flow_10.0,21.5,2.0,0
flow_10.1,22.5,2.0,0
flow_00.0,37.0,4.0,0
flow_20.0,39.5,4.0,0
flow_20.1,38.0,3.0,0
flow_00.1,35.5,3.0,0
flow_00.2,22.5,2.0,0
flow_10.2,32.0,4.0,0
flow_10.3,31.0,3.5,0
flow_30.0,20.5,1.5,0
flow_10.4,30.0,3.0,0
flow_10.5,29.0,3.0,0
flow_00.3,38.5,3.5,0
flow_20.2,40.5,4.0,0
flow_20.3,22.0,2.0,0
flow_00.4,38.0,3.5,0
flow_00.5,37.0,3.0,0
flow_20.4,22.0,2.0,0
flow_10.6,41.5,4.0,0
flow_30.1,40.0,4.0,0
flow_10.7,31.5,3.0,0
flow_30.2,23.0,2.0,0
flow_10.8,31.0,3.0,0
flow_00.6,54.0,4.0,0
flow_20.5,39.5,4.0,0
flow_20.6,39.0,3.0,0
flow_00.7,53.0,3.0,0
flow_00.8,51.5,3.0,0
flow_20.7,38.0,3.0,0
flow_10.9,48.5,4.0,0
flow_30.3,36.0,4.0,0
flow_10.10,48.0,3.0,0
flow_10.11,40.5,3.0,0
flow_00.9,69.0,4.0,0
flow_20.8,48.0,4.0,0
flow_20.9,47.5,3.0,0
flow_00.10,65.0,3.5,0
flow_20.10,43.0,3.0,0
flow_00.11,60.0,3.0,0
flow_10.12,48.0,4.0,0
flow_10.13,47.5,3.0,0
flow_10.14,46.5,3.0,0
flow_00.12,77.0,4.0,0
flow_20.11,42.0,4.0,0
flow_00.13,72.0,3.0,0
flow_20.12,41.5,3.0,0
flow_20.13,40.0,3.0,0
flow_00.14,60.0,3.0,0
flow_10.15,64.0,4.0,0
flow_30.4,30.0,3.5,0
flow_10.16,64.0,3.0,0
flow_10.17,62.0,3.0,0
flow_00.15,75.0,4.0,0
flow_20.14,58.0,4.0,0
flow_20.15,54.5,3.0,0
flow_00.16,74.5,3.5,0
flow_20.16,44.5,3.0,0
flow_00.17,71.0,3.0,0
flow_30.5,23.5,2.5,0
flow_10.18,80.0,4.0,0
flow_10.19,77.5,3.0,0
flow_10.20,77.0,3.0,0
flow_20.17,62.5,4.0,0
flow_00.18,78.0,4.0,0
flow_00.19,77.0,3.0,0
flow_20.18,53.0,3.0,0
flow_00.20,75.5,3.0,0
flow_20.19,44.0,3.0,0
flow_10.21,93.5,4.0,0
flow_30.6,40.0,4.0,0
flow_10.22,93.5,3.0,0
flow_30.7,21.5,1.5,0
flow_10.23,92.0,3.0,0
flow_00.21,93.5,4.0,0
flow_20.20,53.5,4.0,0
flow_00.22,93.0,3.0,0
flow_20.21,43.5,3.0,0
flow_00.23,91.5,3.0,0
flow_20.22,43.0,3.0,0
flow_10.24,107.0,4.0,0
flow_30.8,38.5,4.0,0
flow_30.9,23.5,2.0,0
flow_10.25,90.5,3.0,0
flow_10.26,82.5,3.0,0
flow_30.10,23.0,2.0,0
flow_00.24,107.5,4.0,0
flow_20.23,54.5,4.0,0
flow_00.25,105.5,3.0,0
flow_20.24,54.0,3.0,0
flow_00.26,102.5,3.0,0
flow_20.25,43.0,3.0,0
flow_10.27,95.5,4.0,0
flow_10.28,94.5,3.0,0
flow_10.29,92.0,3.0,0
flow_00.27,107.0,4.0,0
flow_20.26,57.0,4.0,0
flow_00.28,104.0,3.0,0
flow_20.27,50.5,3.0,0
flow_20.28,48.5,3.0,0
flow_00.29,102.5,3.0,0
flow_10.30,107.5,4.0,0
flow_30.11,39.0,4.0,0
flow_30.12,25.5,2.5,0
flow_10.31,105.0,3.0,0
flow_10.32,102.5,3.0,0
flow_00.30,107.0,4.0,0
flow_20.29,60.0,4.0,0
flow_00.31,105.0,3.0,0
flow_20.30,61.0,3.5,0
flow_00.32,102.0,3.0,0
flow_20.31,59.5,3.0,0
flow_10.33,107.5,4.0,0
flow_30.13,40.0,4.0,0
flow_10.34,105.5,3.0,0
flow_10.35,102.0,3.0,0
flow_20.32,76.0,4.0,0
flow_00.33,108.5,4.0,0
flow_00.34,105.5,3.0,0
flow_20.33,75.5,3.0,0
flow_00.35,102.5,3.0,0
flow_20.34,74.0,3.0,0
flow_30.14,38.0,4.0,0
flow_10.36,108.0,4.0,0
flow_10.37,105.5,3.0,0
flow_30.15,36.5,3.0,0
flow_10.38,103.0,3.0,0
flow_00.36,107.0,4.0,0
flow_20.35,91.5,4.0,0
flow_00.37,105.0,3.0,0
flow_20.36,77.5,3.0,0
flow_00.38,102.0,3.0,0
flow_20.37,73.5,3.0,0
flow_30.16,41.5,4.0,0
flow_10.39,105.0,4.0,0
flow_30.17,39.5,3.0,0
flow_10.40,104.5,3.5,0
flow_30.18,36.5,3.0,0
flow_10.41,102.0,3.0,0
flow_00.39,107.0,4.0,0
flow_20.38,76.5,4.0,0
flow_20.39,76.0,3.0,0
flow_00.40,106.5,3.0,0
flow_00.41,103.0,3.0,0
flow_20.40,75.0,3.0,0
flow_10.42,107.0,4.0,0
flow_30.19,40.5,4.0,0
flow_10.43,106.0,3.0,0
flow_10.44,102.5,3.0,0
flow_00.42,107.5,4.0,0
flow_20.41,92.0,4.0,0
flow_00.43,105.0,3.0,0
flow_20.42,86.0,3.0,0
flow_00.44,102.5,3.0,0
flow_20.43,77.0,3.0,0
flow_10.45,107.5,4.0,0
flow_10.46,105.0,3.0,0
flow_10.47,102.0,3.0,0
flow_00.45,107.5,4.0,0
flow_20.44,88.0,4.0,0
flow_00.46,105.5,3.0,0
flow_20.45,85.5,3.0,0
flow_20.46,68.0,3.0,0
flow_00.47,103.0,3.0,0
flow_10.48,107.5,4.0,0
flow_10.49,106.0,3.0,0
flow_10.50,102.5,3.0,0
flow_00.48,107.0,4.0,0
flow_20.47,80.0,4.0,0
flow_00.49,105.5,3.0,0
flow_20.48,79.0,3.0,0
flow_20.49,64.5,3.0,0
flow_00.50,104.0,3.0,0
flow_10.51,107.0,4.0,0
flow_10.52,105.0,3.0,0
flow_30.20,21.0,1.5,0
flow_10.53,103.0,3.0,0
flow_00.51,107.5,4.0,0
flow_20.50,82.0,4.0,0
flow_00.52,105.5,3.0,0
flow_20.51,75.0,3.0,0
flow_00.53,102.5,3.0,0
flow_20.52,74.5,3.0,0
flow_30.21,29.0,3.5,0
flow_10.54,108.0,4.0,0
flow_10.55,105.5,3.0,0
flow_10.56,102.5,3.0,0
flow_20.53,91.5,4.0,0
flow_00.54,108.0,4.0,0
flow_00.55,105.5,3.0,0
flow_20.54,91.0,3.0,0
flow_00.56,103.5,3.0,0
flow_20.55,87.5,3.0,0
flow_10.57,107.0,4.0,0
flow_30.22,38.0,4.0,0
flow_10.58,106.0,3.0,0
flow_10.59,103.0,3.0,0
flow_00.57,107.0,4.0,0
flow_20.56,104.5,4.0,0
flow_00.58,105.5,3.0,0
flow_20.57,104.5,3.5,0
flow_00.59,102.5,3.0,0
flow_20.58,102.0,3.0,0
flow_10.60,107.5,4.0,0
flow_30.23,20.5,1.5,0
flow_10.61,106.5,3.0,0
flow_10.62,103.5,3.0,0
flow_00.60,107.5,4.0,0
flow_20.59,108.0,4.0,0
flow_20.60,106.0,3.0,0
flow_00.61,106.5,3.0,0
flow_20.61,98.5,3.0,0
flow_00.62,103.0,3.0,0
flow_10.63,107.0,4.0,0
flow_30.24,31.0,3.5,0
flow_10.64,105.5,3.0,0
flow_10.65,103.0,3.0,0
flow_20.62,107.0,4.0,0
flow_00.63,107.5,4.0,0
flow_00.64,106.0,3.0,0
flow_20.63,107.0,3.5,0
flow_00.65,102.5,3.0,0
flow_20.64,103.0,3.0,0
flow_10.66,107.5,4.0,0
flow_30.25,38.0,4.0,0
flow_30.26,24.5,2.0,0
flow_10.67,107.0,3.5,0
flow_30.27,22.5,2.0,0
flow_10.68,103.5,3.0,0
flow_20.65,107.0,4.0,0
flow_00.66,107.5,4.0,0
flow_00.67,105.5,3.0,0
flow_20.66,105.5,3.0,0
flow_00.68,102.5,3.0,0
flow_20.67,102.5,3.0,0
flow_10.69,107.5,4.0,0
flow_30.28,29.0,3.5,0
flow_10.70,105.0,3.0,0
flow_30.29,24.0,2.0,0
flow_10.71,103.5,3.0,0
flow_00.69,107.5,4.0,0
flow_20.68,107.5,4.0,0
flow_00.70,105.5,3.0,0
flow_20.69,105.5,3.0,0
flow_00.71,102.5,3.0,0
flow_20.70,102.5,3.0,0
flow_10.72,107.5,4.0,0
flow_10.73,105.5,3.0,0
flow_30.30,21.5,2.0,0
flow_10.74,103.0,3.0,0
flow_20.71,107.0,4.0,0
flow_00.72,107.5,4.0,0
flow_20.72,106.0,3.0,0
flow_00.73,106.5,3.5,0
flow_20.73,102.5,3.0,0
flow_00.74,103.5,3.0,0
flow_10.75,107.5,4.0,0
flow_30.31,40.5,4.0,0
flow_10.76,105.5,3.0,0
flow_30.32,40.0,3.0,0
flow_30.33,34.0,3.0,0
flow_10.77,102.5,3.0,0
flow_20.74,107.0,4.0,0
flow_00.75,108.5,4.0,0
flow_20.75,106.0,3.0,0
flow_00.76,107.0,3.5,0
flow_20.76,102.5,3.0,0
flow_00.77,103.5,3.0,0
flow_10.78,107.5,4.0,0
flow_30.34,39.5,4.0,0
flow_10.79,105.0,3.0,0
flow_30.35,23.5,2.0,0
flow_10.80,102.5,3.0,0
flow_00.78,107.5,4.0,0
flow_20.77,108.0,4.0,0
flow_20.78,105.0,3.0,0
flow_00.79,105.5,3.0,0
flow_20.79,102.5,3.0,0
flow_00.80,103.5,3.0,0
flow_10.81,107.5,4.0,0
flow_30.36,40.5,4.0,0
flow_10.82,106.0,3.0,0
flow_10.83,103.0,3.0,0
flow_20.80,107.5,4.0,0
flow_00.81,108.5,4.0,0
flow_20.81,105.5,3.0,0
flow_00.82,106.5,3.5,0
flow_00.83,103.0,3.0,0
flow_20.82,103.5,3.0,0
flow_10.84,107.5,4.0,0
flow_30.37,29.0,3.5,0
flow_10.85,105.0,3.0,0
flow_10.86,102.0,3.0,0
flow_20.83,107.0,4.0,0
flow_00.84,107.5,4.0,0
flow_20.84,105.0,3.0,0
flow_00.85,106.0,3.0,0
flow_00.86,102.5,3.0,0
flow_20.85,103.0,3.0,0
flow_10.87,108.0,4.0,0
flow_30.38,22.0,2.0,0
flow_10.88,106.0,3.0,0
flow_10.89,103.0,3.0,0
flow_00.87,107.5,4.0,0
flow_20.86,108.0,4.0,0
flow_00.88,105.0,3.0,0
flow_20.87,105.5,3.0,0
flow_00.89,102.5,3.0,0
flow_20.88,103.0,3.0,0
flow_30.39,20.0,1.5,0
flow_10.90,107.0,4.0,0
flow_10.91,105.0,3.0,0
flow_10.92,102.5,3.0,0
flow_20.89,108.0,4.0,0
flow_00.90,109.0,4.0,0
flow_00.91,106.0,3.5,0
flow_20.90,106.5,3.5,0
flow_00.92,103.0,3.0,0
flow_20.91,103.0,3.0,0
flow_10.93,107.5,4.0,0
flow_30.40,34.0,4.0,0
flow_10.94,106.0,3.0,0
flow_10.95,104.0,3.0,0
flow_00.93,107.5,4.0,0
flow_20.92,107.5,4.0,0
flow_20.93,106.0,3.0,0
flow_00.94,106.5,3.0,0
flow_00.95,102.5,3.0,0
flow_20.94,102.5,3.0,0
flow_10.96,107.0,4.0,0
flow_30.41,31.5,3.5,0
flow_10.97,105.0,3.0,0
flow_30.42,22.5,2.0,0
flow_10.98,102.5,3.0,0
flow_00.96,107.0,4.0,0
flow_20.95,108.0,4.0,0
flow_00.97,105.5,3.0,0
flow_20.96,105.5,3.0,0
flow_00.98,102.0,3.0,0
flow_20.97,103.0,3.0,0
flow_10.99,108.0,4.0,0
flow_10.100,105.5,3.0,0
flow_10.101,102.0,3.0,0
flow_20.98,107.0,4.0,0
flow_00.99,108.0,4.0,0
flow_00.100,105.5,3.0,0
flow_20.99,105.5,3.0,0
flow_20.100,102.5,3.0,0
flow_00.101,103.0,3.0,0
flow_10.102,108.5,4.0,0
flow_30.43,21.5,2.0,0
flow_10.103,106.0,3.0,0
flow_10.104,102.5,3.0,0
flow_20.101,107.5,4.0,0
flow_00.102,108.0,4.0,0
flow_00.103,105.5,3.0,0
flow_20.102,105.5,3.0,0
flow_00.104,102.5,3.0,0
flow_20.103,102.5,3.0,0
flow_10.105,107.0,4.0,0
flow_30.44,32.0,4.0,0
flow_30.45,31.0,3.5,0
flow_10.106,106.5,3.0,0
flow_10.107,102.5,3.0,0
flow_30.46,24.0,2.5,0
flow_00.105,107.0,4.0,0
flow_20.104,108.0,4.0,0
flow_00.106,106.0,3.0,0
flow_20.105,106.0,3.0,0
flow_00.107,102.5,3.0,0
flow_20.106,102.5,3.0,0
flow_30.47,24.5,3.0,0
flow_10.108,108.0,4.0,0
flow_10.109,105.5,3.0,0
flow_10.110,102.0,3.0,0
flow_20.107,107.0,4.0,0
flow_00.108,107.5,4.0,0
flow_00.109,105.0,3.0,0
flow_20.108,106.0,3.0,0
flow_00.110,102.0,3.0,0
flow_20.109,103.0,3.0,0
flow_10.111,108.0,4.0,0
flow_30.48,36.5,4.0,0
flow_10.112,107.0,3.5,0
flow_30.49,23.0,2.5,0
flow_10.113,103.5,3.0,0
flow_00.111,107.0,4.0,0
flow_20.110,108.5,4.0,0
flow_20.111,105.5,3.0,0
flow_00.112,106.0,3.0,0
flow_00.113,102.5,3.0,0
flow_20.112,103.0,3.0,0
flow_10.114,107.0,4.0,0
flow_30.50,29.0,3.5,0
flow_30.51,27.5,3.0,0
flow_10.115,105.5,3.0,0
flow_10.116,103.0,3.0,0
flow_00.114,107.5,4.0,0
flow_20.113,107.5,4.0,0
flow_00.115,105.5,3.0,0
flow_20.114,105.5,3.0,0
flow_00.116,102.5,3.0,0
flow_20.115,103.0,3.0,0
flow_30.52,20.5,2.0,0
flow_10.117,107.5,4.0,0
flow_10.118,105.0,3.0,0
flow_10.119,102.5,3.0,0
flow_00.117,107.5,4.0,0
flow_20.116,107.5,4.0,0
flow_20.117,105.5,3.0,0
flow_00.118,106.0,3.0,0
flow_20.118,103.0,3.0,0
flow_00.119,103.5,3.0,0
flow_10.120,108.0,4.0,0
flow_30.53,21.5,2.0,0
flow_10.121,106.0,3.0,0
flow_10.122,103.0,3.0,0
flow_00.120,107.5,4.0,0
flow_20.119,107.5,4.0,0
flow_00.121,105.5,3.0,0
flow_20.120,106.0,3.0,0
flow_00.122,102.5,3.0,0
flow_20.121,103.5,3.0,0
flow_30.54,40.0,4.0,0
flow_10.123,108.0,4.0,0
flow_10.124,106.0,3.0,0
flow_10.125,102.5,3.0,0
flow_00.123,107.5,4.0,0
flow_20.122,109.0,4.0,0
flow_00.124,105.5,3.0,0
flow_20.123,106.0,3.0,0
flow_00.125,102.5,3.0,0
flow_20.124,103.0,3.0,0
flow_30.55,24.0,2.5,0
flow_30.0,20.5,2.0,0
flow_10.0,22.0,2.0,0
flow_20.0,36.5,4.0,0
flow_00.0,37.5,4.0,0
flow_20.1,36.0,3.0,0
flow_00.1,35.0,3.0,0
flow_00.2,34.0,3.0,0
flow_20.2,32.5,3.0,0
flow_10.1,40.5,4.0,0
flow_30.1,33.0,4.0,0
flow_10.2,40.0,3.0,0
flow_10.3,39.5,3.0,0
flow_20.3,49.5,4.0,0
flow_00.3,51.0,4.0,0
flow_20.4,26.0,2.5,0
flow_00.4,50.5,3.0,0
flow_00.5,50.0,3.0,0
flow_10.4,57.0,4.0,0
flow_30.2,41.5,4.0,0
flow_10.5,40.5,3.0,0
flow_30.3,30.5,3.0,0
flow_30.4,30.0,3.0,0
flow_10.6,40.5,3.0,0
flow_00.6,61.5,4.0,0
flow_20.5,40.5,4.0,0
flow_00.7,60.0,3.0,0
flow_00.8,54.0,3.0,0
flow_30.5,39.5,4.0,0
flow_10.7,57.5,4.0,0
flow_10.8,55.5,3.0,0
flow_30.6,40.0,3.0,0
flow_30.7,39.0,3.0,0
flow_10.9,41.5,3.0,0
flow_00.9,68.5,4.0,0
flow_00.10,61.0,3.0,0
flow_00.11,60.5,3.0,0
flow_10.10,58.5,4.0,0
flow_30.8,57.5,4.0,0
flow_10.11,58.0,3.0,0
flow_30.9,56.0,3.0,0
flow_30.10,54.0,3.0,0
flow_10.12,57.5,3.0,0
flow_00.12,77.5,4.0,0
flow_20.6,30.5,3.5,0
flow_00.13,76.5,3.0,0
flow_20.7,26.5,3.0,0
flow_20.8,25.0,2.5,0
flow_00.14,67.5,3.0,0
flow_10.13,74.5,4.0,0
flow_30.11,72.0,4.0,0
flow_30.12,71.0,3.0,0
flow_10.14,72.0,3.0,0
flow_10.15,68.5,3.0,0
flow_30.13,70.0,3.0,0
flow_20.9,37.5,4.0,0
flow_00.15,85.5,4.0,0
flow_00.16,85.0,3.0,0
flow_00.17,84.0,3.0,0
flow_10.16,78.5,4.0,0
flow_30.14,87.5,4.0,0
flow_30.15,87.0,3.0,0
flow_10.17,79.5,3.5,0
flow_30.16,85.5,3.0,0
flow_10.18,73.5,3.0,0
flow_20.10,32.5,4.0,0
flow_00.18,101.0,4.0,0
flow_00.19,95.5,3.0,0
flow_20.11,33.0,3.0,0
flow_00.20,92.5,3.0,0
flow_30.17,92.5,4.0,0
flow_10.19,87.0,4.0,0
flow_10.20,85.5,3.0,0
flow_30.18,92.5,3.0,0
flow_10.21,84.5,3.0,0
flow_30.19,92.0,3.0,0
flow_20.12,30.5,3.5,0
flow_00.21,105.5,4.0,0
flow_20.13,22.5,2.0,0
flow_00.22,100.0,3.0,0
flow_00.23,90.5,3.0,0
flow_30.20,107.0,4.0,0
flow_10.22,94.5,4.0,0
flow_10.23,93.5,3.0,0
flow_30.21,99.5,3.0,0
flow_30.22,98.0,3.0,0
flow_10.24,76.0,3.0,0
flow_00.24,107.0,4.0,0
flow_20.14,21.0,1.5,0
flow_00.25,88.5,3.0,0
flow_00.26,87.0,3.0,0
flow_30.23,107.5,4.0,0
flow_10.25,95.0,4.0,0
flow_30.24,106.0,3.0,0
flow_10.26,70.5,3.5,0
flow_30.25,102.5,3.0,0
flow_10.27,69.0,3.0,0
flow_00.27,103.5,4.0,0
flow_00.28,100.5,3.0,0
flow_00.29,99.0,3.0,0
flow_10.28,81.5,4.0,0
flow_30.26,108.5,4.0,0
flow_30.27,105.5,3.0,0
flow_10.29,67.5,3.0,0
flow_30.28,103.0,3.0,0
flow_10.30,60.5,3.0,0
flow_00.30,107.0,4.0,0
flow_00.31,105.0,3.0,0
flow_00.32,102.5,3.0,0
flow_30.29,107.5,4.0,0
flow_10.31,77.5,4.0,0
flow_10.32,75.5,3.0,0
flow_30.30,105.5,3.0,0
flow_30.31,102.5,3.0,0
flow_10.33,75.5,3.0,0
flow_20.15,37.0,4.0,0
flow_00.33,108.0,4.0,0
flow_00.34,106.0,3.0,0
flow_20.16,21.5,2.0,0
flow_00.35,103.0,3.0,0
flow_30.32,108.5,4.0,0
flow_10.34,94.5,4.0,0
flow_30.33,105.5,3.0,0
flow_10.35,93.0,3.5,0
flow_30.34,102.5,3.0,0
flow_10.36,91.0,3.0,0
flow_00.36,107.5,4.0,0
flow_00.37,105.5,3.0,0
flow_00.38,102.5,3.0,0
flow_30.35,108.0,4.0,0
flow_10.37,108.5,4.0,0
flow_30.36,105.5,3.0,0
flow_10.38,104.5,3.0,0
flow_30.37,102.5,3.0,0
flow_10.39,99.0,3.0,0
flow_20.17,31.5,4.0,0
flow_00.39,107.5,4.0,0
flow_00.40,105.0,3.0,0
flow_00.41,103.0,3.0,0
flow_30.38,107.5,4.0,0
flow_10.40,108.0,4.0,0
flow_30.39,105.0,3.0,0
flow_10.41,105.5,3.0,0
flow_10.42,102.5,3.0,0
flow_30.40,101.0,3.0,0
flow_00.42,108.0,4.0,0
flow_00.43,105.5,3.0,0
flow_20.18,20.5,1.5,0
flow_00.44,104.0,3.0,0
flow_30.41,107.0,4.0,0
flow_10.43,107.0,4.0,0
flow_30.42,105.0,3.0,0
flow_10.44,105.0,3.0,0
flow_10.45,102.0,3.0,0
flow_30.43,99.0,3.0,0
flow_00.45,107.5,4.0,0
flow_20.19,31.0,3.5,0
flow_00.46,105.0,3.0,0
flow_20.20,30.0,3.0,0
flow_00.47,102.5,3.0,0
flow_10.46,107.5,4.0,0
flow_30.44,105.5,4.0,0
flow_10.47,106.0,3.0,0
flow_30.45,100.0,3.0,0
flow_10.48,103.5,3.0,0
flow_30.46,98.5,3.0,0
flow_00.48,107.0,4.0,0
flow_20.21,30.0,3.5,0
flow_00.49,107.0,3.5,0
flow_00.50,103.5,3.0,0
flow_10.49,107.5,4.0,0
flow_30.47,108.0,4.0,0
flow_30.48,105.5,3.0,0
flow_10.50,106.0,3.0,0
flow_30.49,102.5,3.0,0
flow_10.51,103.0,3.0,0
flow_00.51,107.0,4.0,0
flow_20.22,39.5,4.0,0
flow_00.52,105.5,3.0,0
flow_00.53,102.5,3.0,0
flow_10.52,107.5,4.0,0
flow_30.50,108.0,4.0,0
flow_30.51,100.5,3.0,0
flow_10.53,106.0,3.0,0
flow_10.54,103.0,3.0,0
flow_30.52,91.5,3.0,0
flow_00.54,107.5,4.0,0
flow_20.23,41.5,4.0,0
flow_20.24,40.5,3.0,0
flow_00.55,106.5,3.0,0
flow_20.25,26.5,3.0,0
flow_00.56,103.5,3.0,0
flow_20.26,25.5,2.5,0
flow_30.53,107.5,4.0,0
flow_10.55,108.5,4.0,0
flow_30.54,105.5,3.0,0
flow_10.56,106.5,3.5,0
flow_10.57,103.0,3.0,0
flow_30.55,98.0,3.0,0
flow_00.57,107.5,4.0,0
flow_20.27,40.0,4.0,0
flow_20.28,39.0,3.0,0
flow_00.58,106.0,3.0,0
flow_00.59,102.5,3.0,0
flow_10.58,108.0,4.0,0
flow_30.56,105.0,4.0,0
flow_10.59,105.5,3.0,0
flow_30.57,85.5,3.0,0
flow_10.60,102.5,3.0,0
flow_30.58,74.0,3.0,0
flow_20.29,22.5,2.0,0
flow_00.60,107.5,4.0,0
flow_00.61,105.5,3.0,0
flow_00.62,103.0,3.0,0
flow_30.59,87.5,4.0,0
flow_10.61,108.0,4.0,0
flow_30.60,83.0,3.0,0
flow_10.62,105.5,3.0,0
flow_10.63,102.0,3.0,0
flow_30.61,80.5,3.0,0
flow_00.63,107.0,4.0,0
flow_20.30,39.0,4.0,0
flow_00.64,106.0,3.0,0
flow_20.31,36.0,3.0,0
flow_00.65,103.0,3.0,0
flow_20.32,35.5,3.0,0
flow_30.62,89.5,4.0,0
flow_10.64,108.0,4.0,0
flow_10.65,105.5,3.0,0
flow_30.63,86.5,3.0,0
flow_30.64,85.0,3.0,0
flow_10.66,103.0,3.0,0
flow_00.66,108.0,4.0,0
flow_20.33,28.0,3.5,0
flow_00.67,106.0,3.0,0
flow_00.68,103.0,3.0,0
flow_30.65,97.0,4.0,0
flow_10.67,107.5,4.0,0
flow_10.68,105.0,3.0,0
flow_30.66,94.0,3.0,0
flow_10.69,102.5,3.0,0
flow_30.67,87.5,3.0,0
flow_00.69,108.0,4.0,0
flow_20.34,41.5,4.0,0
flow_20.35,33.0,3.0,0
flow_00.70,106.0,3.0,0
flow_20.36,21.5,2.0,0
flow_00.71,103.0,3.0,0
flow_10.70,107.5,4.0,0
flow_30.68,104.5,4.0,0
flow_10.71,105.5,3.0,0
flow_30.69,104.0,3.0,0
flow_10.72,102.0,3.0,0
flow_30.70,101.5,3.0,0
flow_20.37,29.0,3.5,0
flow_00.72,108.0,4.0,0
flow_00.73,105.5,3.0,0
flow_00.74,102.5,3.0,0
flow_30.71,107.0,4.0,0
flow_10.73,107.5,4.0,0
flow_10.74,105.0,3.0,0
flow_30.72,105.5,3.5,0
flow_10.75,102.5,3.0,0
flow_30.73,93.5,3.0,0
flow_00.75,108.0,4.0,0
flow_00.76,106.5,3.5,0
flow_00.77,103.0,3.0,0
flow_10.76,107.0,4.0,0
flow_30.74,108.0,4.0,0
flow_10.77,106.0,3.0,0
flow_30.75,101.5,3.0,0
flow_30.76,99.5,3.0,0
flow_10.78,104.0,3.0,0
flow_20.38,22.5,2.0,0
flow_00.78,108.0,4.0,0
flow_00.79,107.0,3.5,0
flow_00.80,104.0,3.0,0
flow_30.77,107.5,4.0,0
flow_10.79,108.0,4.0,0
flow_10.80,106.0,3.0,0
flow_30.78,106.5,3.5,0
flow_10.81,102.0,3.0,0
flow_30.79,103.5,3.0,0
flow_20.39,31.0,3.5,0
flow_00.81,108.0,4.0,0
flow_20.40,30.0,3.0,0
flow_00.82,105.5,3.0,0
flow_00.83,102.5,3.0,0
flow_30.80,107.0,4.0,0
flow_10.82,107.5,4.0,0
flow_10.83,92.5,3.0,0
flow_30.81,106.5,3.0,0
flow_30.82,102.5,3.0,0
flow_10.84,90.0,3.0,0
flow_20.41,34.5,4.0,0
flow_00.84,108.0,4.0,0
flow_00.85,106.5,3.5,0
flow_00.86,103.0,3.0,0
flow_30.83,107.0,4.0,0
flow_10.85,106.5,4.0,0
flow_30.84,105.5,3.0,0
flow_10.86,105.5,3.0,0
flow_30.85,102.5,3.0,0
flow_10.87,99.5,3.0,0
flow_20.42,28.0,3.5,0
flow_00.87,108.0,4.0,0
flow_00.88,105.5,3.0,0
flow_00.89,102.5,3.0,0
flow_30.86,107.5,4.0,0
flow_10.88,87.0,4.0,0
flow_30.87,106.5,3.5,0
flow_10.89,85.5,3.5,0
flow_30.88,103.0,3.0,0
flow_10.90,84.0,3.0,0
flow_00.90,107.0,4.0,0
flow_00.91,105.5,3.0,0
flow_00.92,103.0,3.0,0
flow_30.89,108.0,4.0,0
flow_10.91,101.5,4.0,0
flow_10.92,100.5,3.0,0
flow_30.90,106.5,3.0,0
flow_10.93,91.5,3.0,0
flow_30.91,103.0,3.0,0
flow_20.43,34.0,4.0,0
flow_00.93,108.0,4.0,0
flow_00.94,105.5,3.0,0
flow_00.95,102.5,3.0,0
flow_20.44,22.0,2.0,0
flow_10.94,107.5,4.0,0
flow_30.92,108.0,4.0,0
flow_10.95,105.0,3.0,0
flow_30.93,106.5,3.5,0
flow_10.96,102.0,3.0,0
flow_30.94,103.0,3.0,0
flow_00.96,108.0,4.0,0
flow_00.97,105.5,3.0,0
flow_00.98,103.5,3.0,0
flow_30.95,107.5,4.0,0
flow_10.97,108.0,4.0,0
flow_10.98,105.5,3.0,0
flow_30.96,106.0,3.0,0
flow_10.99,102.5,3.0,0
flow_30.97,103.0,3.0,0
flow_20.45,25.5,3.0,0
flow_00.99,107.5,4.0,0
flow_20.46,24.5,2.5,0
flow_00.100,105.5,3.0,0
flow_20.47,22.5,2.0,0
flow_00.101,102.0,3.0,0
flow_10.100,105.0,4.0,0
flow_30.98,108.5,4.0,0
flow_10.101,104.5,3.0,0
flow_30.99,106.5,3.5,0
flow_30.100,102.5,3.0,0
flow_10.102,102.0,3.0,0
flow_00.102,107.0,4.0,0
flow_20.48,22.0,2.0,0
flow_00.103,105.0,3.0,0
flow_20.49,22.0,2.0,0
flow_00.104,102.0,3.0,0
flow_30.101,108.0,4.0,0
flow_10.103,96.0,4.0,0
flow_30.102,105.5,3.0,0
flow_10.104,95.0,3.0,0
flow_30.103,102.0,3.0,0
flow_10.105,94.0,3.0,0
flow_00.105,107.0,4.0,0
flow_00.106,105.0,3.0,0
flow_00.107,104.0,3.0,0
flow_30.104,107.0,4.0,0
flow_10.106,107.5,4.0,0
flow_30.105,105.0,3.0,0
flow_10.107,105.5,3.0,0
flow_30.106,102.0,3.0,0
flow_10.108,102.5,3.0,0
flow_00.108,107.0,4.0,0
flow_20.50,33.5,4.0,0
flow_00.109,106.0,3.0,0
flow_00.110,102.5,3.0,0
flow_30.107,107.5,4.0,0
flow_10.109,108.0,4.0,0
flow_10.110,105.0,3.0,0
flow_30.108,106.0,3.0,0
flow_10.111,102.0,3.0,0
flow_30.109,102.5,3.0,0
flow_20.51,35.5,4.0,0
flow_00.111,108.0,4.0,0
flow_20.52,33.0,3.0,0
flow_00.112,105.5,3.0,0
flow_00.113,102.5,3.0,0
flow_10.112,107.0,4.0,0
flow_30.110,107.5,4.0,0
flow_30.111,105.0,3.0,0
flow_10.113,105.5,3.0,0
flow_30.112,102.0,3.0,0
flow_10.114,102.5,3.0,0
flow_00.114,107.5,4.0,0
flow_20.53,31.5,3.5,0
flow_20.54,24.0,2.0,0
flow_00.115,105.5,3.0,0
flow_20.55,22.5,2.0,0
flow_00.116,102.5,3.0,0
flow_30.113,107.5,4.0,0
flow_10.115,107.5,4.0,0
flow_30.114,105.5,3.0,0
flow_10.116,106.0,3.0,0
flow_30.115,102.5,3.0,0
flow_10.117,103.5,3.0,0
flow_20.56,33.5,4.0,0
flow_00.117,108.5,4.0,0
flow_00.118,106.0,3.0,0
flow_20.57,32.0,3.5,0
flow_00.119,103.0,3.0,0
flow_10.118,107.0,4.0,0
flow_30.116,107.5,4.0,0
flow_30.117,106.0,3.0,0
flow_10.119,106.0,3.0,0
flow_10.120,103.0,3.0,0
flow_30.118,103.5,3.0,0
flow_00.120,108.0,4.0,0
flow_20.58,21.0,1.5,0
flow_00.121,105.5,3.0,0
flow_00.122,102.5,3.0,0
flow_30.119,107.5,4.0,0
flow_10.121,107.5,4.0,0
flow_30.120,105.5,3.0,0
flow_10.122,105.5,3.0,0
flow_10.123,102.0,3.0,0
flow_30.121,102.5,3.0,0
flow_00.123,107.5,4.0,0
flow_00.124,107.0,3.5,0
flow_00.125,103.5,3.0,0
flow_30.0,21.5,2.0,0
flow_10.0,23.5,2.5,0
flow_00.0,35.0,4.0,0
flow_20.0,33.5,4.0,0
flow_20.1,33.0,3.0,0
flow_00.1,32.0,3.5,0
flow_20.2,32.0,3.0,0
flow_00.2,28.5,3.0,0
flow_00.3,27.0,3.0,0
flow_10.1,34.5,4.0,0
flow_30.1,39.0,4.0,0
flow_10.2,33.0,3.0,0
flow_30.2,30.5,3.0,0
flow_30.3,24.0,2.0,0
flow_10.3,32.0,3.0,0
flow_00.4,27.0,3.5,0
flow_20.3,40.5,4.0,0
flow_20.4,39.5,3.0,0
flow_20.5,38.5,3.0,0
flow_00.5,21.0,1.5,0
flow_30.4,34.0,4.0,0
flow_10.4,49.5,4.0,0
flow_30.5,21.0,2.0,0
flow_10.5,40.0,3.5,0
flow_10.6,37.5,3.0,0
flow_20.6,27.0,3.5,0
flow_00.6,38.0,4.0,0
flow_20.7,26.0,3.0,0
flow_00.7,34.0,3.0,0
flow_20.8,25.0,3.0,0
flow_00.8,32.5,3.0,0
flow_20.9,23.0,2.0,0
flow_30.6,41.0,4.0,0
flow_10.7,52.0,4.0,0
flow_30.7,38.0,3.0,0
flow_10.8,48.5,3.0,0
flow_30.8,37.0,3.0,0
flow_10.9,38.5,3.0,0
flow_00.9,49.0,4.0,0
flow_20.10,40.0,4.0,0
flow_00.10,49.5,3.0,0
flow_20.11,39.0,3.0,0
flow_20.12,35.0,3.0,0
flow_00.11,30.5,3.0,0
flow_30.9,52.5,4.0,0
flow_10.10,56.5,4.0,0
flow_10.11,56.0,3.0,0
flow_30.10,50.5,3.5,0
flow_30.11,40.5,3.0,0
flow_10.12,27.5,2.5,0
flow_10.13,25.0,2.5,0
flow_20.13,52.0,4.0,0
flow_00.12,47.5,4.0,0
flow_00.13,27.5,3.0,0
flow_20.14,52.0,3.0,0
flow_00.14,21.5,2.0,0
flow_20.15,46.0,3.0,0
flow_10.14,39.0,4.0,0
flow_30.12,44.5,4.0,0
flow_10.15,38.5,3.0,0
flow_30.13,33.0,3.0,0
flow_10.16,38.0,3.0,0
flow_30.14,32.0,3.0,0
flow_00.15,33.5,4.0,0
flow_20.16,64.0,4.0,0
flow_20.17,62.5,3.0,0
flow_00.16,32.5,3.0,0
flow_20.18,61.0,3.0,0
flow_30.15,49.0,4.0,0
flow_10.17,55.5,4.0,0
flow_30.16,48.5,3.0,0
flow_10.18,55.0,3.0,0
flow_10.19,53.5,3.0,0
flow_30.17,48.0,3.0,0
flow_00.17,41.0,4.0,0
flow_20.19,78.0,4.0,0
flow_20.20,77.0,3.0,0
flow_20.21,76.0,3.0,0
flow_10.20,72.0,4.0,0
flow_30.18,66.0,4.0,0
flow_30.19,64.5,3.0,0
flow_10.21,70.5,3.0,0
flow_10.22,67.0,3.0,0
flow_30.20,55.0,3.0,0
flow_20.22,93.5,4.0,0
flow_00.18,38.0,4.0,0
flow_00.19,37.5,3.0,0
flow_20.23,93.5,3.5,0
flow_20.24,91.5,3.0,0
flow_00.20,36.0,3.0,0
flow_30.21,72.0,4.0,0
flow_10.23,85.5,4.0,0
flow_30.22,65.5,3.0,0
flow_10.24,84.5,3.0,0
flow_10.25,83.5,3.0,0
flow_30.23,65.0,3.0,0
flow_20.25,107.0,4.0,0
flow_00.21,53.0,4.0,0
flow_20.26,105.0,3.0,0
flow_00.22,52.0,3.0,0
flow_20.27,102.5,3.0,0
flow_00.23,42.5,3.0,0
flow_30.24,66.5,4.0,0
flow_10.26,91.5,4.0,0
flow_10.27,85.5,3.0,0
flow_30.25,57.0,3.0,0
flow_10.28,84.5,3.0,0
flow_30.26,56.0,3.0,0
flow_20.28,108.0,4.0,0
flow_00.24,32.0,3.5,0
flow_20.29,103.0,3.0,0
flow_20.30,101.0,3.0,0
flow_30.27,72.5,4.0,0
flow_10.29,102.0,4.0,0
flow_10.30,100.5,3.0,0
flow_30.28,72.5,3.0,0
flow_10.31,93.5,3.0,0
flow_30.29,71.0,3.0,0
flow_20.31,108.0,4.0,0
flow_00.25,42.5,4.0,0
flow_20.32,105.5,3.0,0
flow_00.26,37.0,3.0,0
flow_20.33,103.0,3.0,0
flow_00.27,31.0,3.0,0
flow_10.32,96.5,4.0,0
flow_30.30,89.0,4.0,0
flow_10.33,95.5,3.0,0
flow_30.31,89.0,3.5,0
flow_10.34,94.5,3.0,0
flow_30.32,87.5,3.0,0
flow_20.34,108.0,4.0,0
flow_20.35,105.5,3.0,0
flow_20.36,102.5,3.0,0
flow_10.35,107.5,4.0,0
flow_30.33,104.5,4.0,0
flow_30.34,103.5,3.0,0
flow_10.36,106.0,3.0,0
flow_10.37,102.5,3.0,0
flow_30.35,102.0,3.0,0
flow_20.37,107.5,4.0,0
flow_00.28,36.0,4.0,0
flow_20.38,106.0,3.0,0
flow_00.29,27.5,3.0,0
flow_20.39,102.5,3.0,0
flow_00.30,25.5,3.0,0
flow_00.31,23.5,2.0,0
flow_30.36,107.5,4.0,0
flow_10.38,108.0,4.0,0
flow_10.39,105.5,3.0,0
flow_30.37,105.5,3.0,0
flow_30.38,102.5,3.0,0
flow_10.40,103.5,3.0,0
flow_20.40,107.0,4.0,0
flow_00.32,38.5,4.0,0
flow_20.41,105.5,3.0,0
flow_00.33,38.5,3.0,0
flow_00.34,23.5,2.5,0
flow_20.42,104.5,3.0,0
flow_30.39,107.0,4.0,0
flow_10.41,108.0,4.0,0
flow_10.42,105.5,3.0,0
flow_30.40,106.5,3.0,0
flow_10.43,102.5,3.0,0
flow_30.41,103.0,3.0,0
flow_20.43,107.5,4.0,0
flow_00.35,30.5,3.5,0
flow_00.36,25.5,3.0,0
flow_20.44,106.5,3.0,0
flow_00.37,24.0,2.5,0
flow_20.45,103.0,3.0,0
flow_10.44,107.5,4.0,0
flow_30.42,107.5,4.0,0
flow_10.45,105.5,3.0,0
flow_30.43,106.0,3.0,0
flow_10.46,102.5,3.0,0
flow_30.44,102.5,3.0,0
flow_00.38,43.0,4.0,0
flow_20.46,109.0,4.0,0
flow_00.39,29.5,3.5,0
flow_20.47,106.0,3.0,0
flow_20.48,103.0,3.0,0
flow_10.47,107.0,4.0,0
flow_30.45,107.5,4.0,0
flow_30.46,105.0,3.0,0
flow_10.48,105.5,3.0,0
flow_10.49,102.0,3.0,0
flow_30.47,102.5,3.0,0
flow_00.40,41.5,4.0,0
flow_20.49,108.5,4.0,0
flow_20.50,105.5,3.0,0
flow_00.41,35.0,3.0,0
flow_20.51,102.5,3.0,0
flow_00.42,33.0,3.0,0
flow_30.48,107.0,4.0,0
flow_10.50,107.5,4.0,0
flow_30.49,105.0,3.0,0
flow_10.51,105.5,3.0,0
flow_30.50,102.5,3.0,0
flow_10.52,103.5,3.0,0
flow_20.52,107.5,4.0,0
flow_00.43,50.5,4.0,0
flow_20.53,105.5,3.0,0
flow_00.44,41.5,3.0,0
flow_20.54,102.5,3.0,0
flow_00.45,40.5,3.0,0
flow_10.53,107.0,4.0,0
flow_30.51,107.5,4.0,0
flow_10.54,106.0,3.0,0
flow_30.52,107.0,3.5,0
flow_10.55,102.5,3.0,0
flow_30.53,103.5,3.0,0
flow_00.46,42.5,4.0,0
flow_20.55,108.5,4.0,0
flow_00.47,41.5,3.0,0
flow_20.56,106.0,3.0,0
flow_00.48,41.0,3.0,0
flow_20.57,104.0,3.0,0
flow_30.54,108.0,4.0,0
flow_10.56,108.5,4.0,0
flow_10.57,106.0,3.0,0
flow_30.55,106.5,3.5,0
flow_10.58,102.5,3.0,0
flow_30.56,103.0,3.0,0
flow_20.58,107.5,4.0,0
flow_00.49,58.5,4.0,0
flow_00.50,58.0,3.0,0
flow_20.59,106.0,3.0,0
flow_20.60,104.0,3.0,0
flow_00.51,58.5,3.0,0
flow_30.57,108.0,4.0,0
flow_10.59,108.5,4.0,0
flow_30.58,106.0,3.0,0
flow_10.60,106.5,3.0,0
flow_10.61,102.5,3.0,0
flow_30.59,102.5,3.0,0
flow_20.61,107.0,4.0,0
flow_00.52,58.5,4.0,0
flow_20.62,106.0,3.0,0
flow_00.53,50.0,3.5,0
flow_20.63,102.5,3.0,0
flow_00.54,36.0,3.0,0
flow_10.62,107.0,4.0,0
flow_30.60,107.5,4.0,0
flow_10.63,105.5,3.0,0
flow_30.61,106.0,3.0,0
flow_30.62,102.5,3.0,0
flow_10.64,103.0,3.0,0
flow_20.64,107.0,4.0,0
flow_00.55,49.5,4.0,0
flow_20.65,106.5,3.5,0
flow_00.56,21.5,2.0,0
flow_20.66,103.5,3.0,0
flow_10.65,107.5,4.0,0
flow_30.63,107.5,4.0,0
flow_30.64,105.5,3.0,0
flow_10.66,106.5,3.0,0
flow_30.65,102.5,3.0,0
flow_10.67,103.0,3.0,0
flow_20.67,108.0,4.0,0
flow_00.57,41.5,4.0,0
flow_20.68,105.5,3.0,0
flow_20.69,102.5,3.0,0
flow_00.58,21.0,1.5,0
flow_10.68,107.5,4.0,0
flow_30.66,109.0,4.0,0
flow_10.69,106.0,3.0,0
flow_30.67,106.5,3.5,0
flow_10.70,103.0,3.0,0
flow_30.68,103.5,3.0,0
flow_20.70,107.5,4.0,0
flow_20.71,106.0,3.0,0
flow_20.72,103.5,3.0,0
flow_10.71,107.5,4.0,0
flow_30.69,108.0,4.0,0
flow_10.72,105.5,3.0,0
flow_30.70,107.5,3.5,0
flow_10.73,103.0,3.0,0
flow_30.71,103.5,3.0,0
flow_20.73,107.0,4.0,0
flow_00.59,32.5,4.0,0
flow_00.60,31.5,3.5,0
flow_20.74,105.5,3.0,0
flow_20.75,102.5,3.0,0
flow_30.72,108.0,4.0,0
flow_10.74,108.5,4.0,0
flow_30.73,105.5,3.0,0
flow_10.75,106.0,3.0,0
flow_10.76,103.5,3.0,0
flow_30.74,103.5,3.0,0
flow_00.61,28.5,3.5,0
flow_20.76,107.5,4.0,0
flow_00.62,27.5,3.0,0
flow_20.77,105.0,3.0,0
flow_20.78,102.0,3.0,0
flow_10.77,107.5,4.0,0
flow_30.75,107.5,4.0,0
flow_10.78,105.5,3.0,0
flow_30.76,106.5,3.0,0
flow_10.79,102.5,3.0,0
flow_30.77,102.5,3.0,0
flow_20.79,107.5,4.0,0
flow_00.63,36.5,4.0,0
flow_00.64,26.0,2.5,0
flow_20.80,105.5,3.0,0
flow_00.65,25.0,2.5,0
flow_20.81,103.5,3.0,0
flow_00.66,23.5,2.5,0
flow_30.78,107.5,4.0,0
flow_10.80,108.0,4.0,0
flow_10.81,105.5,3.0,0
flow_30.79,106.0,3.0,0
flow_10.82,102.5,3.0,0
flow_30.80,102.5,3.0,0
flow_20.82,107.0,4.0,0
flow_00.67,38.5,4.0,0
flow_20.83,105.0,3.0,0
flow_00.68,39.0,3.0,0
flow_20.84,102.5,3.0,0
flow_00.69,37.5,3.0,0
flow_30.81,107.0,4.0,0
flow_10.83,107.5,4.0,0
flow_10.84,105.5,3.0,0
flow_30.82,106.5,3.0,0
flow_10.85,103.0,3.0,0
flow_30.83,103.5,3.0,0
flow_20.85,107.5,4.0,0
flow_00.70,46.0,4.0,0
flow_20.86,106.0,3.0,0
flow_20.87,102.5,3.0,0
flow_30.84,107.0,4.0,0
flow_10.86,108.5,4.0,0
flow_30.85,105.5,3.0,0
flow_10.87,106.0,3.0,0
flow_10.88,102.5,3.0,0
flow_30.86,102.5,3.0,0
flow_20.88,107.0,4.0,0
flow_00.71,38.0,4.0,0
flow_20.89,105.0,3.0,0
flow_00.72,29.0,3.0,0
flow_00.73,27.5,3.0,0
flow_20.90,102.5,3.0,0
flow_10.89,107.5,4.0,0
flow_30.87,107.5,4.0,0
flow_10.90,106.0,3.0,0
flow_30.88,106.0,3.0,0
flow_10.91,102.5,3.0,0
flow_30.89,102.5,3.0,0
flow_00.74,38.0,4.0,0
flow_20.91,107.5,4.0,0
flow_20.92,106.0,3.0,0
flow_00.75,35.5,3.0,0
flow_20.93,103.0,3.0,0
flow_00.76,34.5,3.0,0
flow_30.90,108.0,4.0,0
flow_10.92,108.5,4.0,0
flow_10.93,105.5,3.0,0
flow_30.91,106.0,3.0,0
flow_10.94,102.5,3.0,0
flow_30.92,103.0,3.0,0
flow_20.94,107.5,4.0,0
flow_00.77,36.0,4.0,0
flow_00.78,27.5,3.0,0
flow_20.95,105.5,3.0,0
flow_20.96,102.5,3.0,0
flow_30.93,107.5,4.0,0
flow_10.95,108.0,4.0,0
flow_30.94,105.0,3.0,0
flow_10.96,105.5,3.0,0
flow_10.97,102.5,3.0,0
flow_30.95,102.5,3.0,0
flow_00.79,21.0,2.0,0
flow_20.97,108.0,4.0,0
flow_00.80,20.5,2.0,0
flow_20.98,105.5,3.0,0
flow_20.99,102.5,3.0,0
flow_10.98,107.0,4.0,0
flow_30.96,107.5,4.0,0
flow_10.99,105.5,3.0,0
flow_30.97,106.0,3.0,0
flow_10.100,103.0,3.0,0
flow_30.98,103.0,3.0,0
flow_20.100,108.0,4.0,0
flow_00.81,42.0,4.0,0
flow_20.101,105.5,3.0,0
flow_00.82,41.5,3.0,0
flow_20.102,102.5,3.0,0
flow_00.83,32.0,3.0,0
flow_30.99,107.0,4.0,0
flow_10.101,108.5,4.0,0
flow_30.100,105.5,3.0,0
flow_10.102,106.0,3.0,0
flow_30.101,102.5,3.0,0
flow_10.103,103.5,3.0,0
flow_20.103,107.5,4.0,0
flow_00.84,46.0,4.0,0
flow_20.104,106.0,3.0,0
flow_00.85,21.0,2.0,0
flow_20.105,103.0,3.0,0
flow_30.102,107.5,4.0,0
flow_10.104,108.0,4.0,0
flow_30.103,106.0,3.0,0
flow_10.105,106.5,3.5,0
flow_10.106,103.0,3.0,0
flow_30.104,103.5,3.0,0
flow_20.106,107.0,4.0,0
flow_00.86,27.0,3.0,0
flow_20.107,105.0,3.0,0
flow_00.87,25.5,2.5,0
flow_20.108,102.5,3.0,0
flow_30.105,107.5,4.0,0
flow_10.107,108.0,4.0,0
flow_10.108,105.0,3.0,0
flow_30.106,106.5,3.5,0
flow_10.109,102.5,3.0,0
flow_30.107,103.0,3.0,0
flow_20.109,108.0,4.0,0
flow_20.110,106.0,3.0,0
flow_20.111,103.0,3.0,0
flow_30.108,107.5,4.0,0
flow_10.110,108.0,4.0,0
flow_30.109,105.5,3.0,0
flow_10.111,106.5,3.5,0
flow_10.112,102.5,3.0,0
flow_30.110,102.5,3.0,0
flow_00.88,35.0,4.0,0
flow_20.112,108.5,4.0,0
flow_00.89,34.5,3.0,0
flow_20.113,106.0,3.0,0
flow_20.114,102.5,3.0,0
flow_10.113,108.5,4.0,0
flow_30.111,108.5,4.0,0
flow_30.112,105.5,3.0,0
flow_10.114,107.0,3.5,0
flow_30.113,103.0,3.0,0
flow_10.115,103.5,3.0,0
flow_00.90,23.5,2.5,0
flow_20.115,107.5,4.0,0
flow_00.91,22.0,2.0,0
flow_20.116,105.5,3.0,0
flow_20.117,104.0,3.0,0
flow_10.116,107.5,4.0,0
flow_30.114,107.5,4.0,0
flow_30.115,105.5,3.0,0
flow_10.117,106.0,3.0,0
flow_10.118,102.5,3.0,0
flow_30.116,102.5,3.0,0
flow_20.118,107.5,4.0,0
flow_00.92,37.5,4.0,0
flow_20.119,106.0,3.0,0
flow_00.93,32.0,3.5,0
flow_20.120,102.5,3.0,0
flow_10.119,107.0,4.0,0
flow_30.117,107.0,4.0,0
flow_10.120,105.5,3.0,0
flow_30.118,105.5,3.0,0
flow_10.121,102.0,3.0,0
flow_30.119,102.5,3.0,0
flow_20.121,108.0,4.0,0
flow_20.122,105.5,3.0,0
flow_20.123,102.5,3.0,0
flow_10.122,107.5,4.0,0
flow_30.120,108.0,4.0,0
flow_10.123,105.5,3.0,0
flow_30.121,107.0,3.5,0
flow_10.124,102.5,3.0,0
flow_30.122,104.0,3.0,0
flow_20.124,107.5,4.0,0
flow_00.94,32.0,3.5,0
flow_20.125,105.0,3.0,0
flow_00.95,30.5,3.0,0
flow_00.96,29.0,2.5,0
flow_20.126,102.0,3.0,0
flow_00.97,27.5,2.5,0
flow_30.0,21.0,1.5,0
flow_30.1,21.5,2.0,0
flow_10.0,21.0,1.5,0
flow_20.0,26.0,3.5,0
flow_00.0,29.0,3.5,0
flow_20.1,24.5,2.5,0
flow_00.1,28.0,3.0,0
flow_20.2,23.0,2.0,0
flow_20.3,21.5,2.0,0
flow_30.2,41.0,4.0,0
flow_10.1,39.0,4.0,0
flow_30.3,41.5,3.0,0
flow_10.2,39.5,3.5,0
flow_30.4,40.5,3.0,0
flow_20.4,38.0,4.0,0
flow_00.2,36.0,4.0,0
flow_00.3,35.0,3.0,0
flow_20.5,38.5,3.0,0
flow_00.4,33.5,3.0,0
flow_20.6,28.5,3.0,0
flow_20.7,25.5,2.5,0
flow_10.3,35.5,4.0,0
flow_30.5,58.0,4.0,0
flow_30.6,55.0,3.0,0
flow_10.4,22.5,2.0,0
flow_30.7,53.5,3.0,0
flow_10.5,21.0,2.0,0
flow_00.5,51.5,4.0,0
flow_20.8,41.0,4.0,0
flow_20.9,24.0,2.5,0
flow_00.6,50.5,3.5,0
flow_20.10,23.0,2.5,0
flow_00.7,42.0,3.0,0
flow_30.8,68.0,4.0,0
flow_10.6,33.5,4.0,0
flow_10.7,28.0,3.0,0
flow_30.9,55.0,3.0,0
flow_30.10,55.0,3.0,0
flow_00.8,43.0,4.0,0
flow_20.11,32.5,4.0,0
flow_00.9,32.5,3.0,0
flow_20.12,20.5,2.0,0
flow_00.10,32.0,3.0,0
flow_30.11,68.5,4.0,0
flow_10.8,40.0,4.0,0
flow_10.9,22.5,2.0,0
flow_30.12,62.5,3.0,0
flow_30.13,60.5,3.0,0
flow_00.11,42.5,4.0,0
flow_20.13,40.0,4.0,0
flow_00.12,40.5,3.0,0
flow_20.14,40.0,3.0,0
flow_00.13,39.5,3.0,0
flow_20.15,37.0,3.0,0
flow_10.10,20.5,1.5,0
flow_30.14,68.0,4.0,0
flow_30.15,39.5,3.0,0
flow_30.16,33.0,3.0,0
flow_00.14,55.5,4.0,0
flow_20.16,51.0,4.0,0
flow_00.15,54.5,3.0,0
flow_20.17,50.0,3.0,0
flow_20.18,48.5,3.0,0
flow_00.16,29.0,3.0,0
flow_30.17,45.5,4.0,0
flow_30.18,44.0,3.5,0
flow_30.19,43.5,3.0,0
flow_10.11,22.0,2.0,0
flow_00.17,43.0,4.0,0
flow_20.19,65.5,4.0,0
flow_20.20,59.0,3.0,0
flow_00.18,40.0,3.0,0
flow_00.19,38.5,3.0,0
flow_20.21,58.0,3.0,0
flow_10.12,33.5,4.0,0
flow_30.20,60.5,4.0,0
flow_10.13,32.5,3.0,0
flow_30.21,54.0,3.0,0
flow_10.14,31.5,2.5,0
flow_30.22,46.0,3.0,0
flow_00.20,55.5,4.0,0
flow_20.22,76.0,4.0,0
flow_00.21,53.5,3.0,0
flow_20.23,75.0,3.0,0
flow_00.22,51.0,3.0,0
flow_20.24,74.0,3.0,0
flow_30.23,54.5,4.0,0
flow_10.15,49.5,4.0,0
flow_30.24,44.0,3.0,0
flow_10.16,45.0,3.5,0
flow_10.17,40.0,3.0,0
flow_30.25,39.0,3.0,0
flow_20.25,90.0,4.0,0
flow_00.23,59.5,4.0,0
flow_00.24,59.0,3.0,0
flow_20.26,89.0,3.0,0
flow_20.27,87.5,3.0,0
flow_00.25,59.0,3.0,0
flow_30.26,56.0,4.0,0
flow_10.18,52.5,4.0,0
flow_30.27,55.5,3.0,0
flow_10.19,48.0,3.5,0
flow_30.28,54.5,3.0,0
flow_10.20,43.5,3.0,0
flow_20.28,102.5,4.0,0
flow_00.26,77.5,4.0,0
flow_20.29,98.5,3.0,0
flow_00.27,76.5,3.5,0
flow_20.30,89.5,3.0,0
flow_00.28,74.5,3.0,0
flow_30.29,72.5,4.0,0
flow_10.21,39.5,4.0,0
flow_30.30,71.0,3.0,0
flow_30.31,69.5,3.0,0
flow_20.31,106.5,4.0,0
flow_00.29,80.0,4.0,0
flow_20.32,105.5,3.0,0
flow_00.30,69.5,3.0,0
flow_20.33,102.5,3.0,0
flow_00.31,69.5,3.0,0
flow_30.32,87.5,4.0,0
flow_10.22,30.5,3.5,0
flow_30.33,69.5,3.0,0
flow_30.34,69.0,3.0,0
flow_00.32,85.0,4.0,0
flow_20.34,107.5,4.0,0
flow_20.35,106.0,3.0,0
flow_00.33,87.0,3.5,0
flow_20.36,103.0,3.0,0
flow_00.34,85.0,3.0,0
flow_10.23,32.5,4.0,0
flow_30.35,86.5,4.0,0
flow_10.24,29.0,3.0,0
flow_30.36,84.5,3.0,0
flow_30.37,80.0,3.0,0
flow_10.25,27.5,3.0,0
flow_20.37,107.0,4.0,0
flow_00.35,101.0,4.0,0
flow_20.38,105.5,3.0,0
flow_00.36,101.5,3.5,0
flow_20.39,102.0,3.0,0
flow_00.37,99.5,3.0,0
flow_10.26,31.5,4.0,0
flow_30.38,97.5,4.0,0
flow_30.39,96.5,3.0,0
flow_30.40,90.0,3.0,0
flow_20.40,107.0,4.0,0
flow_00.38,97.0,4.0,0
flow_00.39,84.5,3.0,0
flow_20.41,106.0,3.0,0
flow_00.40,83.0,3.0,0
flow_20.42,102.5,3.0,0
flow_30.41,103.0,4.0,0
flow_30.42,102.0,3.0,0
flow_30.43,101.0,3.0,0
flow_20.43,108.5,4.0,0
flow_00.41,102.5,4.0,0
flow_00.42,90.0,3.5,0
flow_20.44,107.0,3.5,0
flow_20.45,103.0,3.0,0
flow_00.43,89.0,3.0,0
flow_10.27,40.0,4.0,0
flow_30.44,107.5,4.0,0
flow_30.45,105.5,3.0,0
flow_10.28,37.0,3.0,0
flow_30.46,102.5,3.0,0
flow_10.29,36.5,3.0,0
flow_20.46,107.5,4.0,0
flow_00.44,105.5,4.0,0
flow_20.47,105.5,3.0,0
flow_00.45,104.5,3.0,0
flow_20.48,102.5,3.0,0
flow_00.46,100.5,3.0,0
flow_30.47,107.0,4.0,0
flow_10.30,54.0,4.0,0
flow_30.48,105.5,3.0,0
flow_10.31,53.0,3.0,0
flow_30.49,102.0,3.0,0
flow_10.32,52.5,3.0,0
flow_20.49,108.0,4.0,0
flow_00.47,108.0,4.0,0
flow_20.50,105.5,3.0,0
flow_00.48,106.0,3.0,0
flow_00.49,102.5,3.0,0
flow_20.51,103.0,3.0,0
flow_30.50,107.5,4.0,0
flow_10.33,63.5,4.0,0
flow_10.34,60.0,3.0,0
flow_30.51,106.0,3.0,0
flow_10.35,59.0,3.0,0
flow_30.52,103.5,3.0,0
flow_00.50,107.5,4.0,0
flow_20.52,108.0,4.0,0
flow_20.53,105.5,3.0,0
flow_00.51,106.0,3.0,0
flow_20.54,102.5,3.0,0
flow_00.52,102.5,3.0,0
flow_30.53,107.5,4.0,0
flow_10.36,75.0,4.0,0
flow_30.54,105.5,3.0,0
flow_10.37,70.0,3.0,0
flow_30.55,102.5,3.0,0
flow_10.38,35.0,3.0,0
flow_20.55,107.0,4.0,0
flow_00.53,108.0,4.0,0
flow_20.56,105.0,3.0,0
flow_00.54,106.5,3.5,0
flow_20.57,102.5,3.0,0
flow_00.55,103.0,3.0,0
flow_30.56,108.0,4.0,0
flow_10.39,50.5,4.0,0
flow_10.40,27.0,2.5,0
flow_30.57,105.5,3.0,0
flow_10.41,26.0,2.5,0
flow_30.58,104.0,3.0,0
flow_20.58,107.0,4.0,0
flow_00.56,108.0,4.0,0
flow_20.59,105.0,3.0,0
flow_00.57,105.5,3.0,0
flow_20.60,102.5,3.0,0
flow_00.58,102.5,3.0,0
flow_30.59,107.0,4.0,0
flow_10.42,41.5,4.0,0
flow_30.60,105.0,3.0,0
flow_30.61,102.5,3.0,0
flow_20.61,107.5,4.0,0
flow_00.59,107.5,4.0,0
flow_20.62,106.0,3.0,0
flow_00.60,107.5,3.5,0
flow_20.63,103.5,3.0,0
flow_00.61,103.5,3.0,0
flow_30.62,107.0,4.0,0
flow_30.63,106.0,3.0,0
flow_30.64,102.5,3.0,0
flow_20.64,107.5,4.0,0
flow_00.62,107.5,4.0,0
flow_20.65,105.5,3.0,0
flow_00.63,105.5,3.0,0
flow_00.64,102.0,3.0,0
flow_20.66,102.5,3.0,0
flow_30.65,107.0,4.0,0
flow_10.43,38.5,4.0,0
flow_10.44,28.0,3.0,0
flow_30.66,106.0,3.0,0
flow_10.45,23.0,2.5,0
flow_30.67,102.5,3.0,0
flow_00.65,108.0,4.0,0
flow_20.67,108.5,4.0,0
flow_00.66,105.5,3.0,0
flow_20.68,106.0,3.0,0
flow_20.69,102.5,3.0,0
flow_00.67,103.0,3.0,0
flow_30.68,107.5,4.0,0
flow_30.69,105.5,3.0,0
flow_10.46,21.5,2.0,0
flow_30.70,103.0,3.0,0
flow_00.68,107.0,4.0,0
flow_20.70,108.0,4.0,0
flow_00.69,105.5,3.0,0
flow_20.71,106.0,3.0,0
flow_00.70,102.5,3.0,0
flow_20.72,103.5,3.0,0
flow_10.47,31.5,4.0,0
flow_30.71,107.5,4.0,0
flow_30.72,106.5,3.5,0
flow_30.73,103.0,3.0,0
flow_20.73,107.0,4.0,0
flow_00.71,107.0,4.0,0
flow_20.74,105.0,3.0,0
flow_00.72,105.5,3.0,0
flow_00.73,102.0,3.0,0
flow_20.75,103.5,3.0,0
flow_10.48,40.0,4.0,0
flow_30.74,108.5,4.0,0
flow_10.49,32.0,3.5,0
flow_30.75,106.0,3.0,0
flow_30.76,102.5,3.0,0
flow_10.50,31.5,3.0,0
flow_20.76,108.0,4.0,0
flow_00.74,108.0,4.0,0
flow_00.75,105.5,3.0,0
flow_20.77,106.0,3.0,0
flow_00.76,102.5,3.0,0
flow_20.78,103.0,3.0,0
flow_30.77,107.5,4.0,0
flow_10.51,20.0,1.5,0
flow_30.78,105.5,3.0,0
flow_30.79,102.5,3.0,0
flow_20.79,107.0,4.0,0
flow_00.77,107.0,4.0,0
flow_00.78,105.0,3.0,0
flow_20.80,105.5,3.0,0
flow_00.79,102.0,3.0,0
flow_20.81,103.0,3.0,0
flow_30.80,108.0,4.0,0
flow_10.52,39.0,4.0,0
flow_10.53,27.5,3.0,0
flow_30.81,106.5,3.0,0
flow_10.54,26.0,2.5,0
flow_30.82,103.5,3.0,0
flow_00.80,107.5,4.0,0
flow_20.82,108.0,4.0,0
flow_20.83,105.5,3.0,0
flow_00.81,106.0,3.0,0
flow_00.82,103.0,3.0,0
flow_20.84,103.5,3.0,0
flow_10.55,41.5,4.0,0
flow_30.83,107.5,4.0,0
flow_10.56,32.5,3.0,0
flow_30.84,106.0,3.0,0
flow_10.57,26.5,3.0,0
flow_30.85,102.5,3.0,0
flow_00.83,107.5,4.0,0
flow_20.85,108.5,4.0,0
flow_20.86,105.5,3.0,0
flow_00.84,105.5,3.0,0
flow_20.87,102.5,3.0,0
flow_00.85,102.5,3.0,0
flow_30.86,108.0,4.0,0
flow_10.58,21.5,2.0,0
flow_30.87,107.0,3.5,0
flow_30.88,103.0,3.0,0
flow_20.88,107.5,4.0,0
flow_00.86,107.5,4.0,0
flow_20.89,105.0,3.0,0
flow_00.87,105.0,3.0,0
flow_00.88,102.5,3.0,0
flow_20.90,103.0,3.0,0
flow_30.89,107.0,4.0,0
flow_10.59,41.0,4.0,0
flow_10.60,40.5,3.0,0
flow_30.90,106.0,3.0,0
flow_10.61,39.0,3.0,0
flow_30.91,104.0,3.0,0
flow_00.89,107.5,4.0,0
flow_20.91,108.0,4.0,0
flow_20.92,106.0,3.0,0
flow_00.90,106.0,3.0,0
flow_00.91,102.5,3.0,0
flow_20.93,103.0,3.0,0
flow_30.92,108.0,4.0,0
flow_10.62,21.0,1.5,0
flow_30.93,106.5,3.5,0
flow_30.94,103.0,3.0,0
flow_20.94,107.0,4.0,0
flow_00.92,107.0,4.0,0
flow_20.95,105.5,3.0,0
flow_00.93,105.5,3.0,0
flow_20.96,102.5,3.0,0
flow_00.94,102.5,3.0,0
flow_30.95,107.0,4.0,0
flow_10.63,31.5,4.0,0
flow_10.64,25.0,2.5,0
flow_30.96,106.0,3.0,0
flow_30.97,103.0,3.0,0
flow_00.95,107.0,4.0,0
flow_20.97,108.0,4.0,0
flow_00.96,105.0,3.0,0
flow_20.98,106.0,3.0,0
flow_20.99,102.5,3.0,0
flow_00.97,102.5,3.0,0
flow_30.98,107.5,4.0,0
flow_10.65,37.5,4.0,0
flow_30.99,105.5,3.0,0
flow_10.66,32.5,3.0,0
flow_10.67,28.0,3.0,0
flow_30.100,102.5,3.0,0
flow_20.100,107.0,4.0,0
flow_00.98,107.5,4.0,0
flow_00.99,105.0,3.0,0
flow_20.101,105.5,3.0,0
flow_00.100,102.0,3.0,0
flow_20.102,102.5,3.0,0
flow_30.101,108.0,4.0,0
flow_10.68,38.0,4.0,0
flow_10.69,25.5,2.5,0
flow_30.102,106.0,3.0,0
flow_10.70,24.0,2.5,0
flow_30.103,102.5,3.0,0
flow_20.103,107.0,4.0,0
flow_00.101,107.5,4.0,0
flow_20.104,106.0,3.0,0
flow_00.102,106.0,3.0,0
flow_20.105,102.5,3.0,0
flow_00.103,102.5,3.0,0
flow_30.104,108.0,4.0,0
flow_10.71,36.5,4.0,0
flow_30.105,105.5,3.0,0
flow_10.72,32.0,3.5,0
flow_10.73,30.5,3.0,0
flow_30.106,103.0,3.0,0
flow_00.104,107.0,4.0,0
flow_20.106,109.0,4.0,0
flow_00.105,105.0,3.0,0
flow_20.107,106.0,3.0,0
flow_00.106,102.0,3.0,0
flow_20.108,103.0,3.0,0
flow_30.107,107.5,4.0,0
flow_10.74,48.0,4.0,0
flow_10.75,36.5,3.0,0
flow_30.108,106.5,3.0,0
flow_10.76,33.5,3.0,0
flow_30.109,103.0,3.0,0
flow_00.107,107.5,4.0,0
flow_20.109,108.0,4.0,0
flow_20.110,105.5,3.0,0
flow_00.108,105.5,3.0,0
flow_00.109,102.5,3.0,0
flow_20.111,103.0,3.0,0
flow_30.110,108.0,4.0,0
flow_30.111,105.0,3.0,0
flow_30.112,103.0,3.0,0
flow_20.112,107.0,4.0,0
flow_00.110,109.0,4.0,0
flow_20.113,105.0,3.0,0
flow_00.111,106.0,3.0,0
flow_20.114,102.5,3.0,0
flow_00.112,102.5,3.0,0
flow_30.113,107.5,4.0,0
flow_30.114,105.0,3.0,0
flow_30.115,102.0,3.0,0
flow_20.115,107.0,4.0,0
flow_00.113,107.5,4.0,0
flow_20.116,105.5,3.0,0
flow_00.114,107.0,3.5,0
flow_20.117,103.0,3.0,0
flow_00.115,103.5,3.0,0
flow_10.77,38.5,4.0,0
flow_30.116,108.5,4.0,0
flow_10.78,28.0,3.0,0
flow_30.117,106.0,3.0,0
flow_30.118,102.5,3.0,0
flow_20.118,107.0,4.0,0
flow_00.116,107.5,4.0,0
flow_00.117,105.5,3.0,0
flow_20.119,106.5,3.5,0
flow_00.118,103.0,3.0,0
flow_20.120,103.5,3.0,0
flow_30.119,108.0,4.0,0
flow_10.79,37.0,4.0,0
flow_30.120,105.0,3.0,0
flow_30.121,102.5,3.0,0
flow_00.119,107.0,4.0,0
flow_20.121,107.5,4.0,0
flow_00.120,105.0,3.0,0
flow_20.122,106.0,3.0,0
flow_20.123,102.5,3.0,0
flow_00.121,102.5,3.0,0
flow_10.80,38.0,4.0,0
flow_30.122,108.5,4.0,0
flow_30.123,105.5,3.0,0
flow_10.81,21.5,2.0,0
flow_30.124,103.0,3.0,0
flow_20.124,107.0,4.0,0
flow_00.122,108.0,4.0,0
flow_20.125,105.5,3.0,0
flow_00.123,106.0,3.0,0
flow_20.126,102.5,3.0,0
flow_00.124,102.5,3.0,0
