vehicle_id,travel_time,zone_time,total_collisions_in_episode
flow_10.0,23.5,3.0,0
flow_10.1,26.0,3.5,0
flow_00.0,26.5,3.5,0
flow_10.2,43.0,4.0,0
flow_20.0,27.0,4.0,0
flow_00.1,44.0,4.5,0
flow_20.1,26.0,3.5,0
flow_00.2,43.5,4.0,0
flow_00.3,42.5,4.0,0
flow_20.2,26.0,3.5,0
flow_30.0,45.0,4.5,0
flow_10.3,34.0,4.5,0
flow_30.1,44.0,4.0,0
flow_10.4,24.5,3.0,0
flow_30.2,43.5,4.0,0
flow_20.3,32.0,4.0,0
flow_00.4,59.0,4.5,0
flow_00.5,50.0,4.0,0
flow_00.6,48.5,4.0,0
flow_10.5,38.5,4.0,0
flow_30.3,28.0,4.0,0
flow_10.6,24.5,3.0,0
flow_00.7,68.5,5.5,0
flow_00.8,62.5,5.0,0
flow_00.9,61.0,4.5,0
flow_10.7,25.5,3.5,0
flow_00.10,75.0,4.0,0
flow_20.4,31.5,4.5,0
flow_20.5,30.0,4.0,0
flow_00.11,76.5,4.0,0
flow_00.12,44.5,4.5,0
flow_10.8,40.0,4.5,0
flow_10.9,38.0,4.0,0
flow_10.10,38.0,4.0,0
flow_00.13,51.5,4.5,0
flow_00.14,30.0,4.0,0
flow_10.11,40.5,4.5,0
flow_30.4,32.0,4.5,0
flow_20.6,44.0,4.5,0
flow_00.15,34.0,4.5,0
flow_00.16,24.0,3.0,0
flow_10.12,40.5,4.0,0
flow_10.13,40.5,4.0,0
flow_30.5,24.0,3.0,0
flow_00.17,41.5,4.5,0
flow_20.7,40.5,4.5,0
flow_00.18,38.0,4.0,0
flow_10.14,25.0,3.0,0
flow_00.19,24.5,3.0,0
flow_00.20,25.0,3.5,0
flow_20.8,25.0,3.0,0
flow_10.15,41.0,4.5,0
flow_30.6,41.0,4.5,0
flow_10.16,40.0,3.5,0
flow_30.7,40.5,4.0,0
flow_30.8,30.0,3.5,0
flow_00.21,24.0,3.0,0
flow_20.9,25.5,3.5,0
flow_10.17,26.5,3.5,0
flow_30.9,28.0,4.5,0
flow_30.10,25.5,3.5,0
flow_00.22,44.5,4.5,0
flow_00.23,43.5,4.0,0
flow_20.10,23.5,3.0,0
flow_00.24,42.5,4.0,0
flow_10.18,45.0,4.5,0
flow_30.11,25.0,3.5,0
flow_00.25,52.5,4.0,0
flow_20.11,44.5,4.5,0
flow_30.12,39.0,4.0,0
flow_10.19,25.0,3.5,0
flow_30.13,39.5,4.0,0
flow_10.20,25.0,3.5,0
flow_30.14,28.5,4.0,0
flow_00.26,42.0,4.5,0
flow_20.12,40.5,4.0,0
flow_00.27,38.0,4.0,0
flow_20.13,41.0,4.0,0
flow_00.28,34.5,4.0,0
flow_10.21,37.5,4.5,0
flow_00.29,27.0,4.0,0
flow_00.30,25.5,3.5,0
flow_30.15,42.5,4.5,0
flow_10.22,41.5,4.5,0
flow_30.16,31.0,4.0,0
flow_10.23,31.5,4.0,0
flow_20.14,36.5,4.5,0
flow_00.31,33.5,4.5,0
flow_20.15,32.0,4.0,0
flow_00.32,27.0,3.5,0
flow_20.16,24.5,3.0,0
flow_00.33,25.0,3.5,0
flow_10.24,36.0,4.0,0
flow_10.25,36.0,4.0,0
flow_10.26,37.0,5.0,0
flow_00.34,37.0,4.0,0
flow_00.35,27.0,4.0,0
flow_00.36,25.5,3.5,0
flow_30.17,26.5,3.5,0
flow_10.27,49.5,4.5,0
flow_30.18,26.0,3.5,0
flow_10.28,25.5,3.0,0
flow_20.17,42.5,4.0,0
flow_00.37,25.0,3.0,0
flow_00.38,25.5,3.0,0
flow_20.18,38.5,4.5,0
flow_20.19,27.5,4.0,0
flow_10.29,35.5,4.5,0
flow_30.19,39.5,4.5,0
flow_00.39,37.0,4.5,0
flow_20.20,43.0,4.5,0
flow_20.21,40.0,4.0,0
flow_20.22,39.0,4.5,0
flow_10.30,44.0,4.5,0
flow_30.20,25.5,3.5,0
flow_10.31,38.0,3.5,0
flow_10.32,25.0,3.5,0
flow_00.40,40.0,4.5,0
flow_00.41,26.5,3.5,0
flow_00.42,25.5,3.5,0
flow_10.33,28.0,4.0,0
flow_10.34,25.5,3.5,0
flow_30.21,23.0,2.5,0
flow_00.43,36.0,4.0,0
flow_00.44,36.0,4.0,0
flow_10.35,43.0,4.5,0
flow_30.22,25.0,3.5,0
flow_10.36,44.0,4.0,0
flow_10.37,31.5,4.0,0
flow_00.45,39.0,4.0,0
flow_20.23,37.5,4.5,0
flow_00.46,29.0,4.0,0
flow_00.47,42.0,4.0,0
flow_20.24,28.0,4.0,0
flow_00.48,28.5,3.5,0
flow_10.38,24.5,3.0,0
flow_00.49,42.5,4.5,0
flow_00.50,37.0,4.0,0
flow_30.23,44.0,4.5,0
flow_10.39,39.0,4.0,0
flow_10.40,30.5,4.0,0
flow_00.51,28.0,4.0,0
flow_00.52,26.5,3.5,0
flow_00.53,27.5,4.0,0
flow_10.41,27.0,3.5,0
flow_30.24,44.0,4.5,0
flow_00.54,29.0,4.0,0
flow_00.55,24.0,3.0,0
flow_10.42,41.5,4.5,0
flow_10.43,31.5,4.0,0
flow_30.25,24.5,3.0,0
flow_10.44,27.0,4.0,0
flow_00.56,38.0,4.0,0
flow_20.25,23.5,3.0,0
flow_10.45,44.0,4.5,0
flow_10.46,26.0,3.5,0
flow_30.26,26.5,3.5,0
flow_00.57,36.0,4.0,0
flow_20.26,29.0,4.0,0
flow_00.58,27.5,3.5,0
flow_10.47,44.5,4.5,0
flow_10.48,24.5,3.0,0
flow_20.27,34.0,4.5,0
flow_00.59,23.5,3.0,0
flow_30.27,38.0,4.0,0
flow_10.49,39.0,4.5,0
flow_30.28,38.0,4.0,0
flow_20.28,39.5,4.0,0
flow_00.60,39.5,4.5,0
flow_20.29,31.0,4.0,0
flow_00.61,33.0,4.0,0
flow_00.62,32.0,4.0,0
flow_30.29,25.5,3.5,0
flow_10.50,29.0,4.0,0
flow_00.63,46.5,4.0,0
flow_00.64,42.5,4.0,0
flow_00.65,27.0,3.5,0
flow_10.51,34.5,4.0,0
flow_10.52,35.5,4.0,0
flow_20.30,36.0,4.0,0
flow_00.66,45.0,4.5,0
flow_20.31,31.0,4.0,0
flow_00.67,44.5,4.0,0
flow_00.68,40.5,4.0,0
flow_30.30,26.5,3.5,0
flow_00.69,49.5,4.5,0
flow_20.32,34.5,4.5,0
flow_00.70,36.5,3.5,0
flow_20.33,25.0,3.5,0
flow_00.71,34.5,4.0,0
flow_10.53,42.0,4.5,0
flow_30.31,43.5,4.5,0
flow_10.54,28.5,4.0,0
flow_00.72,49.5,4.5,0
flow_00.73,44.5,4.0,0
flow_30.32,41.0,4.5,0
flow_10.55,33.5,4.5,0
flow_30.33,40.5,4.0,0
flow_20.34,36.5,4.5,0
flow_00.74,29.5,4.0,0
flow_00.75,28.0,4.0,0
flow_20.35,36.0,4.0,0
flow_20.36,34.5,4.0,0
flow_20.37,46.0,4.5,0
flow_20.38,29.5,4.0,0
flow_00.76,26.0,3.5,0
flow_20.39,25.5,3.0,0
flow_00.77,26.0,3.5,0
flow_00.78,43.0,4.5,0
flow_00.79,42.0,4.0,0
flow_00.80,44.0,5.0,0
flow_10.56,27.0,3.5,0
flow_00.81,30.5,4.5,0
flow_20.40,25.0,3.5,0
flow_00.82,24.5,3.5,0
flow_20.41,26.0,3.5,0
flow_10.57,35.5,4.0,0
flow_20.42,40.0,4.0,0
flow_20.43,38.0,4.0,0
flow_20.44,32.5,4.0,0
flow_10.58,43.0,4.5,0
flow_00.83,29.0,4.0,0
flow_20.45,24.5,3.0,0
flow_20.46,25.5,3.0,0
flow_10.59,41.5,4.5,0
flow_30.34,25.0,3.5,0
flow_20.47,43.0,4.5,0
flow_00.84,26.0,3.5,0
flow_20.48,42.5,4.0,0
flow_30.35,41.5,4.0,0
flow_10.60,42.5,4.5,0
flow_30.36,35.0,3.5,0
flow_10.61,25.0,3.0,0
flow_00.85,43.0,4.5,0
flow_00.86,32.0,4.0,0
flow_00.87,28.0,4.0,0
flow_00.88,27.0,3.5,0
flow_20.49,43.5,4.5,0
flow_20.50,40.5,4.5,0
flow_20.51,34.0,4.0,0
flow_00.0,34.5,4.5,0
flow_20.0,37.5,4.5,0
flow_00.1,33.0,4.0,0
flow_20.1,26.5,3.5,0
flow_00.2,32.0,4.0,0
flow_30.0,28.5,4.0,0
flow_10.0,41.5,4.5,0
flow_10.1,28.5,3.5,0
flow_20.2,44.0,4.5,0
flow_00.3,39.5,4.5,0
flow_00.4,28.0,4.0,0
flow_20.3,41.5,4.0,0
flow_00.5,27.0,4.0,0
flow_20.4,35.5,4.0,0
flow_00.6,41.0,5.0,0
flow_00.7,39.0,4.0,0
flow_00.8,38.0,4.0,0
flow_10.2,36.5,4.0,0
flow_30.1,37.5,4.5,0
flow_10.3,30.5,4.0,0
flow_00.9,55.0,4.5,0
flow_00.10,55.0,4.0,0
flow_00.11,47.0,4.5,0
flow_10.4,32.0,4.0,0
flow_20.5,24.0,2.5,0
flow_00.12,39.5,4.5,0
flow_00.13,39.0,4.0,0
flow_00.14,37.0,4.0,0
flow_10.5,42.5,4.5,0
flow_30.2,26.0,3.0,0
flow_20.6,40.0,4.5,0
flow_00.15,48.0,4.5,0
flow_20.7,34.5,4.0,0
flow_00.16,25.5,3.0,0
flow_10.6,31.0,4.0,0
flow_10.7,30.0,4.0,0
flow_00.17,37.0,4.5,0
flow_20.8,33.5,4.5,0
flow_00.18,27.0,3.5,0
flow_00.19,36.5,4.5,0
flow_00.20,36.0,4.0,0
flow_00.21,30.0,4.5,0
flow_00.22,40.5,4.0,0
flow_00.23,37.0,4.0,0
flow_00.24,36.0,4.0,0
flow_30.3,24.5,3.0,0
flow_10.8,38.0,4.5,0
flow_00.25,53.5,4.5,0
flow_20.9,32.5,4.0,0
flow_00.26,43.0,4.0,0
flow_00.27,42.0,4.0,0
flow_30.4,43.5,4.5,0
flow_10.9,43.0,4.5,0
flow_30.5,43.0,4.0,0
flow_00.28,53.0,4.5,0
flow_00.29,37.5,4.0,0
flow_30.6,32.5,4.5,0
flow_10.10,44.5,4.5,0
flow_10.11,40.5,4.5,0
flow_00.30,45.0,4.5,0
flow_00.31,44.0,4.0,0
flow_00.32,43.0,4.0,0
flow_10.12,34.5,5.0,0
flow_00.33,61.0,4.5,0
flow_00.34,60.0,4.0,0
flow_00.35,51.5,4.0,0
flow_20.10,24.5,3.0,0
flow_30.7,29.5,4.5,0
flow_10.13,24.0,3.0,0
flow_00.36,56.0,4.0,0
flow_20.11,41.0,4.5,0
flow_00.37,56.5,4.0,0
flow_00.38,52.5,4.5,0
flow_10.14,44.5,4.5,0
flow_30.8,46.0,5.0,0
flow_10.15,29.5,4.5,0
flow_10.16,28.0,4.0,0
flow_00.39,68.0,4.0,0
flow_00.40,70.5,4.5,0
flow_00.41,69.0,4.5,0
flow_10.17,24.5,3.0,0
flow_30.9,25.5,3.5,0
flow_00.42,85.5,4.5,0
flow_20.12,36.5,4.5,0
flow_00.43,84.5,4.0,0
flow_20.13,24.5,3.0,0
flow_00.44,84.5,4.5,0
flow_30.10,40.5,4.5,0
flow_30.11,39.0,3.5,0
flow_30.12,31.0,3.5,0
flow_00.45,97.0,4.5,0
flow_20.14,43.5,4.5,0
flow_00.46,92.5,4.0,0
flow_20.15,31.0,4.0,0
flow_00.47,75.0,4.0,0
flow_10.18,41.5,4.5,0
flow_10.19,26.0,3.0,0
flow_30.13,25.0,3.0,0
flow_10.20,24.0,2.5,0
flow_20.16,39.0,4.0,0
flow_00.48,91.0,4.5,0
flow_20.17,39.0,4.0,0
flow_00.49,89.5,4.0,0
flow_20.18,36.5,3.5,0
flow_00.50,88.0,4.0,0
flow_30.14,24.5,3.0,0
flow_10.21,24.0,3.0,0
flow_00.51,97.0,4.0,0
flow_20.19,30.5,4.5,0
flow_00.52,98.5,4.5,0
flow_00.53,97.0,4.5,0
flow_10.22,25.0,3.5,0
flow_20.20,24.5,3.0,0
flow_00.54,99.5,4.0,0
flow_00.55,99.0,3.5,0
flow_20.21,24.5,3.0,0
flow_00.56,102.5,5.0,0
flow_10.23,42.0,4.0,0
flow_30.15,36.5,4.5,0
flow_00.57,106.5,4.5,0
flow_20.22,37.5,4.5,0
flow_00.58,92.0,4.0,0
flow_20.23,30.5,4.0,0
flow_00.59,85.5,3.5,0
flow_20.24,28.5,4.0,0
flow_10.24,32.5,4.0,0
flow_00.60,102.0,4.5,0
flow_00.61,98.5,3.5,0
flow_00.62,98.0,4.0,0
flow_10.25,40.5,4.5,0
flow_10.26,28.5,4.0,0
flow_00.63,109.0,4.5,0
flow_20.25,26.0,3.5,0
flow_00.64,109.0,4.5,0
flow_00.65,106.0,4.5,0
flow_10.27,44.0,4.5,0
flow_10.28,39.5,4.0,0
flow_00.66,109.0,4.5,0
flow_00.67,107.0,4.0,0
flow_00.68,104.5,4.0,0
flow_30.16,39.0,4.5,0
flow_00.69,109.0,4.5,0
flow_20.26,39.5,4.5,0
flow_00.70,107.0,4.0,0
flow_20.27,38.0,4.0,0
flow_00.71,104.5,4.0,0
flow_10.29,44.0,4.5,0
flow_20.28,41.5,4.0,0
flow_00.72,110.0,4.5,0
flow_00.73,107.0,4.0,0
flow_20.29,42.0,4.0,0
flow_20.30,31.5,4.0,0
flow_00.74,104.5,4.0,0
flow_30.17,44.0,4.5,0
flow_10.30,32.0,4.0,0
flow_10.31,26.5,3.5,0
flow_30.18,39.0,4.0,0
flow_30.19,35.5,4.0,0
flow_00.75,108.5,4.0,0
flow_20.31,47.5,4.5,0
flow_20.32,40.5,4.0,0
flow_00.76,107.5,4.0,0
flow_00.77,104.0,4.0,0
flow_20.33,36.5,4.0,0
flow_10.32,36.5,4.5,0
flow_30.20,33.0,4.0,0
flow_00.78,109.0,4.5,0
flow_20.34,53.0,4.5,0
flow_20.35,48.0,4.0,0
flow_00.79,108.0,4.0,0
flow_20.36,37.0,4.5,0
flow_00.80,106.0,4.5,0
flow_10.33,38.0,4.0,0
flow_30.21,28.5,4.0,0
flow_30.22,29.0,4.0,0
flow_30.23,26.0,3.5,0
flow_00.81,108.5,4.5,0
flow_20.37,53.0,4.5,0
flow_00.82,106.5,4.0,0
flow_20.38,53.0,4.0,0
flow_20.39,28.5,3.5,0
flow_00.83,71.5,4.0,0
flow_30.24,34.0,4.5,0
flow_00.84,87.5,4.0,0
flow_00.85,74.0,4.0,0
flow_00.86,73.0,4.0,0
flow_30.25,37.0,5.0,0
flow_00.87,86.5,4.5,0
flow_20.40,24.0,3.0,0
flow_00.88,66.0,4.0,0
flow_20.41,24.0,3.0,0
flow_00.89,65.0,4.0,0
flow_30.26,33.0,4.0,0
flow_10.34,38.0,4.5,0
flow_30.27,32.5,4.0,0
flow_00.90,82.5,4.5,0
flow_00.91,82.0,4.0,0
flow_00.92,79.5,4.5,0
flow_30.28,37.5,4.0,0
flow_00.93,89.5,4.5,0
flow_20.42,24.0,3.0,0
flow_00.94,89.5,4.0,0
flow_00.95,88.5,4.0,0
flow_30.29,24.5,3.0,0
flow_00.96,101.5,4.5,0
flow_00.97,96.5,4.0,0
flow_20.43,25.0,3.0,0
flow_00.98,83.5,4.0,0
flow_10.35,35.5,4.5,0
flow_10.36,24.5,3.0,0
flow_20.44,25.5,3.5,0
flow_00.99,101.5,4.5,0
flow_00.100,104.0,5.0,0
flow_00.101,102.0,5.0,0
flow_30.30,40.5,4.0,0
flow_10.37,26.5,3.5,0
flow_30.31,41.5,4.0,0
flow_00.102,110.0,4.5,0
flow_00.103,108.0,4.0,0
flow_00.104,105.5,4.5,0
flow_10.38,24.0,3.0,0
flow_20.45,32.0,4.0,0
flow_00.105,111.0,5.0,0
flow_20.46,27.0,4.0,0
flow_00.106,108.0,4.0,0
flow_00.107,104.5,4.0,0
flow_30.32,25.0,3.5,0
flow_00.108,99.0,4.5,0
flow_00.109,80.0,3.5,0
flow_20.47,24.0,3.0,0
flow_00.110,65.5,4.0,0
flow_30.33,29.0,4.0,0
flow_10.39,24.0,2.5,0
flow_00.111,82.0,4.0,0
flow_00.112,67.0,4.0,0
flow_00.113,60.5,4.0,0
flow_10.40,25.0,3.5,0
flow_00.114,55.5,4.0,0
flow_00.115,53.0,4.0,0
flow_00.116,38.5,4.5,0
flow_10.41,42.0,4.5,0
flow_10.42,40.0,4.0,0
flow_00.117,34.5,4.0,0
flow_20.48,33.5,4.5,0
flow_00.118,25.0,3.0,0
flow_10.0,23.5,3.0,0
flow_00.0,24.5,3.0,0
flow_20.0,25.0,3.0,0
flow_00.1,23.5,3.0,0
flow_10.1,39.5,4.5,0
flow_00.2,41.0,4.5,0
flow_20.1,46.5,4.5,0
flow_00.3,38.5,4.0,0
flow_20.2,46.5,4.5,0
flow_00.4,35.0,4.0,0
flow_20.3,34.0,4.5,0
flow_10.2,32.5,4.0,0
flow_10.3,26.5,3.5,0
flow_00.5,51.0,4.5,0
flow_20.4,47.5,4.5,0
flow_20.5,46.5,3.5,0
flow_30.0,25.0,3.0,0
flow_10.4,36.0,4.5,0
flow_00.6,32.5,4.5,0
flow_20.6,24.5,3.0,0
flow_00.7,28.0,4.0,0
flow_00.8,27.0,3.5,0
flow_00.9,29.5,4.0,0
flow_20.7,30.0,4.0,0
flow_10.5,40.5,4.5,0
flow_20.8,42.0,4.5,0
flow_20.9,25.5,3.5,0
flow_30.1,41.5,4.5,0
flow_10.6,39.0,4.5,0
flow_10.7,38.5,4.0,0
flow_30.2,26.0,3.5,0
flow_00.10,31.5,4.5,0
flow_00.11,30.0,4.5,0
flow_10.8,33.5,4.5,0
flow_30.3,31.5,4.0,0
flow_30.4,24.0,3.0,0
flow_10.9,33.0,4.0,0
flow_00.12,35.5,4.5,0
flow_30.5,31.5,4.0,0
flow_10.10,24.5,3.0,0
flow_30.6,24.5,3.0,0
flow_00.13,41.0,4.5,0
flow_00.14,41.5,4.0,0
flow_00.15,40.0,4.0,0
flow_10.11,44.5,4.5,0
flow_10.12,33.5,3.5,0
flow_30.7,25.5,3.5,0
flow_10.13,25.0,3.0,0
flow_20.10,26.0,3.0,0
flow_00.16,54.5,4.5,0
flow_00.17,32.5,4.0,0
flow_00.18,29.5,3.5,0
flow_00.19,28.0,4.0,0
flow_30.8,24.5,3.0,0
flow_00.20,42.0,4.5,0
flow_20.11,37.0,4.5,0
flow_00.21,40.5,3.5,0
flow_00.22,40.5,4.0,0
flow_00.23,57.5,4.5,0
flow_20.12,24.5,3.0,0
flow_00.24,57.0,4.0,0
flow_00.25,55.5,4.0,0
flow_10.14,36.5,4.5,0
flow_00.26,73.0,4.5,0
flow_00.27,65.5,4.0,0
flow_00.28,64.5,4.0,0
flow_10.15,38.5,4.5,0
flow_30.9,33.5,4.5,0
flow_30.10,30.0,4.0,0
flow_10.16,30.5,4.0,0
flow_00.29,79.0,4.5,0
flow_00.30,71.0,4.0,0
flow_00.31,57.0,4.0,0
flow_10.17,32.5,4.0,0
flow_30.11,26.0,3.5,0
flow_20.13,40.0,4.5,0
flow_00.32,72.5,4.5,0
flow_20.14,28.0,3.5,0
flow_00.33,65.5,4.0,0
flow_00.34,60.0,4.0,0
flow_30.12,31.0,4.0,0
flow_10.18,36.5,5.0,0
flow_30.13,31.0,4.0,0
flow_10.19,26.0,3.5,0
flow_00.35,74.5,4.0,0
flow_20.15,44.0,4.5,0
flow_00.36,71.5,4.0,0
flow_00.37,71.5,4.5,0
flow_10.20,39.5,4.5,0
flow_30.14,32.0,4.0,0
flow_30.15,31.0,4.5,0
flow_00.38,87.5,4.5,0
flow_20.16,45.0,4.5,0
flow_00.39,78.0,4.0,0
flow_00.40,69.0,4.0,0
flow_10.21,33.0,4.0,0
flow_30.16,30.0,4.0,0
flow_30.17,30.0,4.5,0
flow_10.22,25.0,3.5,0
flow_30.18,26.0,3.5,0
flow_00.41,78.5,4.5,0
flow_20.17,26.0,3.5,0
flow_00.42,77.5,4.0,0
flow_00.43,76.5,4.0,0
flow_30.19,23.5,3.0,0
flow_30.20,23.0,2.5,0
flow_00.44,94.0,4.5,0
flow_20.18,33.5,4.5,0
flow_00.45,92.0,4.0,0
flow_00.46,76.0,4.0,0
flow_30.21,43.5,4.0,0
flow_00.47,80.5,4.5,0
flow_00.48,80.0,4.0,0
flow_00.49,79.0,4.0,0
flow_30.22,43.5,4.5,0
flow_30.23,43.5,4.5,0
flow_30.24,36.5,4.0,0
flow_00.50,92.0,5.0,0
flow_20.19,26.5,3.5,0
flow_00.51,62.5,4.0,0
flow_00.52,61.0,4.0,0
flow_30.25,43.5,4.0,0
flow_10.23,42.0,4.5,0
flow_30.26,44.0,4.5,0
flow_30.27,41.5,4.0,0
flow_00.53,53.0,4.5,0
flow_20.20,42.0,4.5,0
flow_00.54,52.0,3.5,0
flow_20.21,36.5,4.0,0
flow_00.55,28.0,3.5,0
flow_20.22,25.0,3.5,0
flow_10.24,26.0,3.0,0
flow_30.28,44.0,4.5,0
flow_00.56,32.0,4.0,0
flow_20.23,36.0,4.5,0
flow_00.57,31.0,4.0,0
flow_00.58,30.5,3.5,0
flow_10.25,23.5,2.5,0
flow_30.29,44.5,4.5,0
flow_30.30,31.0,4.0,0
flow_00.59,40.0,4.5,0
flow_30.31,42.5,4.5,0
flow_30.32,38.5,4.0,0
flow_00.60,40.5,4.5,0
flow_00.61,40.5,4.0,0
flow_00.62,31.0,4.0,0
flow_10.26,23.5,3.0,0
flow_30.33,40.0,4.5,0
flow_30.34,31.5,4.0,0
flow_00.63,47.5,4.0,0
flow_00.64,49.0,4.5,0
flow_00.65,44.5,4.5,0
flow_30.35,24.0,3.0,0
flow_10.27,25.0,3.5,0
flow_00.66,40.0,4.5,0
flow_00.67,39.0,4.0,0
flow_00.68,28.5,4.0,0
flow_10.28,27.5,4.0,0
flow_10.29,26.0,3.5,0
flow_10.30,25.0,3.0,0
flow_00.69,34.0,4.5,0
flow_00.70,32.5,4.0,0
flow_00.71,31.5,4.0,0
flow_10.31,44.0,4.5,0
flow_30.36,26.5,3.5,0
flow_10.32,43.5,4.0,0
flow_10.33,35.0,3.5,0
flow_00.72,32.5,4.5,0
flow_00.73,31.0,4.0,0
flow_20.24,24.5,3.0,0
flow_10.34,50.0,4.5,0
flow_10.35,36.0,4.0,0
flow_10.36,33.5,4.0,0
flow_00.74,41.0,4.0,0
flow_20.25,27.0,4.0,0
flow_20.26,26.0,3.5,0
flow_00.75,40.5,4.0,0
flow_00.76,39.5,4.0,0
flow_10.37,51.0,4.5,0
flow_30.37,40.5,4.5,0
flow_10.38,42.5,4.0,0
flow_30.38,32.0,4.0,0
flow_00.77,57.0,4.5,0
flow_00.78,56.0,4.0,0
flow_30.39,24.0,3.0,0
flow_30.40,25.5,3.0,0
flow_00.79,28.0,4.0,0
flow_20.27,26.0,3.5,0
flow_20.28,27.0,3.5,0
flow_00.80,26.0,3.5,0
flow_30.41,31.5,4.0,0
flow_30.42,28.5,4.0,0
flow_10.39,24.0,2.5,0
flow_20.29,42.5,4.0,0
flow_00.81,32.5,4.0,0
flow_00.82,31.5,3.5,0
flow_00.83,42.5,4.5,0
flow_00.84,27.5,4.0,0
flow_00.85,25.5,3.5,0
flow_30.43,33.0,4.5,0
flow_00.86,40.5,4.5,0
flow_00.87,40.5,4.0,0
flow_00.88,40.0,4.0,0
flow_30.44,32.5,4.5,0
flow_10.40,29.5,4.0,0
flow_30.45,27.0,3.5,0
flow_10.41,25.0,3.0,0
flow_30.46,25.0,3.5,0
flow_00.89,56.0,4.0,0
flow_00.90,53.0,4.0,0
flow_00.91,53.5,4.5,0
flow_10.42,41.0,4.0,0
flow_00.92,65.5,4.5,0
flow_20.30,42.5,4.5,0
flow_00.93,60.0,4.0,0
flow_00.94,49.5,4.0,0
flow_10.43,28.0,4.0,0
flow_00.95,66.5,4.5,0
flow_20.31,25.0,3.0,0
flow_00.96,66.0,4.0,0
flow_00.97,65.0,4.0,0
flow_30.47,32.5,4.5,0
flow_00.98,82.5,4.5,0
flow_00.99,82.0,4.0,0
flow_00.100,67.0,4.0,0
flow_30.48,33.5,4.0,0
flow_10.44,32.0,4.5,0
flow_10.45,30.0,4.5,0
flow_10.46,28.5,4.0,0
flow_30.49,25.5,3.5,0
flow_00.101,84.5,4.5,0
flow_00.102,54.0,4.0,0
flow_00.103,52.0,4.0,0
flow_10.47,34.5,4.5,0
flow_00.104,63.0,4.5,0
flow_00.105,59.0,4.5,0
flow_00.106,57.5,4.5,0
flow_30.50,27.0,3.5,0
flow_10.48,33.0,4.0,0
flow_10.49,26.0,3.5,0
flow_00.107,61.0,4.5,0
flow_00.108,34.0,4.0,0
flow_00.109,27.5,4.0,0
flow_30.0,23.0,2.5,0
flow_10.0,24.5,3.0,0
flow_00.0,28.5,4.0,0
flow_20.0,24.0,3.0,0
flow_00.1,24.5,3.0,0
flow_30.1,41.5,4.5,0
flow_10.1,25.5,3.5,0
flow_10.2,24.5,3.0,0
flow_30.2,36.5,4.0,0
flow_00.2,30.0,4.0,0
flow_30.3,31.0,4.0,0
flow_10.3,47.0,5.0,0
flow_30.4,25.5,3.5,0
flow_00.3,26.5,3.5,0
flow_20.1,27.0,4.0,0
flow_00.4,26.0,3.5,0
flow_30.5,44.0,4.5,0
flow_30.6,37.5,4.0,0
flow_30.7,35.0,4.0,0
flow_00.5,43.5,4.5,0
flow_20.2,46.5,4.5,0
flow_00.6,27.0,4.0,0
flow_20.3,43.5,4.5,0
flow_10.4,29.0,4.0,0
flow_30.8,53.0,4.5,0
flow_10.5,28.5,4.0,0
flow_30.9,39.5,4.0,0
flow_30.10,33.0,4.0,0
flow_00.7,34.5,4.0,0
flow_20.4,37.5,4.5,0
flow_20.5,37.0,4.0,0
flow_30.11,40.5,4.5,0
flow_10.6,30.0,4.0,0
flow_30.12,40.0,4.0,0
flow_30.13,40.5,4.5,0
flow_00.8,45.0,4.5,0
flow_30.14,49.5,4.5,0
flow_30.15,32.5,4.0,0
flow_30.16,26.0,3.5,0
flow_10.7,34.5,4.5,0
flow_30.17,41.0,4.5,0
flow_30.18,39.5,4.0,0
flow_30.19,38.0,4.0,0
flow_00.9,25.5,3.0,0
flow_20.6,38.5,4.5,0
flow_20.7,31.5,4.0,0
flow_00.10,26.0,3.5,0
flow_10.8,26.0,3.0,0
flow_30.20,55.5,4.5,0
flow_30.21,55.5,4.0,0
flow_30.22,54.5,4.0,0
flow_00.11,43.5,4.5,0
flow_20.8,29.5,4.0,0
flow_30.23,64.5,5.0,0
flow_30.24,63.0,4.0,0
flow_30.25,61.5,4.0,0
flow_00.12,33.5,4.0,0
flow_20.9,29.5,4.0,0
flow_20.10,26.5,3.5,0
flow_00.13,34.5,4.0,0
flow_30.26,78.0,4.0,0
flow_10.9,43.5,4.5,0
flow_10.10,35.0,3.5,0
flow_30.27,68.5,4.0,0
flow_30.28,53.0,3.5,0
flow_00.14,39.0,4.5,0
flow_00.15,37.5,4.0,0
flow_30.29,60.5,4.5,0
flow_10.11,37.5,4.5,0
flow_30.30,60.0,4.0,0
flow_10.12,33.5,4.0,0
flow_30.31,49.0,4.0,0
flow_30.32,65.0,4.5,0
flow_10.13,33.0,4.5,0
flow_10.14,28.0,4.5,0
flow_30.33,66.5,4.5,0
flow_10.15,26.5,4.0,0
flow_30.34,66.0,4.5,0
flow_30.35,77.0,4.5,0
flow_30.36,76.5,4.0,0
flow_30.37,76.0,4.0,0
flow_20.11,37.0,4.5,0
flow_00.16,32.5,4.0,0
flow_00.17,32.5,4.0,0
flow_00.18,30.5,4.0,0
flow_20.12,25.5,3.0,0
flow_30.38,92.5,4.0,0
flow_10.16,30.0,4.5,0
flow_10.17,27.5,4.0,0
flow_30.39,90.0,4.5,0
flow_30.40,89.0,4.5,0
flow_20.13,29.5,4.0,0
flow_00.19,49.0,4.5,0
flow_00.20,48.5,4.0,0
flow_00.21,37.0,4.0,0
flow_30.41,87.0,4.5,0
flow_30.42,84.5,4.0,0
flow_30.43,81.0,4.0,0
flow_00.22,54.0,4.5,0
flow_00.23,53.0,4.0,0
flow_00.24,37.5,4.0,0
flow_30.44,98.0,4.5,0
flow_30.45,80.5,4.0,0
flow_30.46,69.5,4.0,0
flow_00.25,45.5,4.5,0
flow_20.14,45.5,4.5,0
flow_20.15,35.5,4.0,0
flow_00.26,44.5,4.0,0
flow_00.27,40.0,4.0,0
flow_30.47,73.5,4.0,0
flow_30.48,74.0,4.0,0
flow_30.49,49.5,4.0,0
flow_00.28,51.0,4.5,0
flow_00.29,49.5,4.0,0
flow_00.30,24.5,3.0,0
flow_20.16,26.0,4.0,0
flow_10.18,42.5,4.0,0
flow_30.50,61.0,4.5,0
flow_30.51,60.0,4.0,0
flow_30.52,51.5,4.0,0
flow_20.17,25.5,3.5,0
flow_00.31,26.5,3.5,0
flow_10.19,41.5,4.5,0
flow_30.53,32.0,4.0,0
flow_30.54,25.0,3.0,0
flow_10.20,35.5,4.0,0
flow_10.21,28.0,4.0,0
flow_00.32,44.5,4.5,0
flow_20.18,32.5,4.0,0
flow_20.19,24.5,3.0,0
flow_00.33,23.0,2.5,0
flow_30.55,32.0,4.0,0
flow_10.22,25.0,3.0,0
flow_30.56,33.5,4.5,0
flow_10.23,25.5,3.0,0
flow_30.57,31.5,4.0,0
flow_00.34,32.0,4.0,0
flow_20.20,32.0,4.5,0
flow_20.21,25.5,3.5,0
flow_30.58,48.5,4.5,0
flow_30.59,47.5,4.0,0
flow_30.60,42.0,4.5,0
flow_00.35,38.5,4.5,0
flow_00.36,37.5,3.5,0
flow_00.37,36.5,4.0,0
flow_10.24,27.0,3.5,0
flow_30.61,47.0,4.5,0
flow_30.62,45.0,5.0,0
flow_30.63,37.0,5.0,0
flow_20.22,25.0,3.0,0
flow_00.38,30.0,4.0,0
flow_20.23,23.5,3.0,0
flow_00.39,42.0,4.0,0
flow_20.24,33.0,4.5,0
flow_20.25,26.5,3.5,0
flow_00.40,43.0,4.0,0
flow_00.41,37.5,4.5,0
flow_30.64,37.5,4.5,0
flow_30.65,28.5,4.0,0
flow_00.42,35.0,4.0,0
flow_00.43,35.0,4.0,0
flow_00.44,34.5,4.0,0
flow_10.25,43.5,4.5,0
flow_00.45,50.5,4.0,0
flow_00.46,40.0,3.5,0
flow_00.47,37.5,4.0,0
flow_10.26,38.5,4.0,0
flow_30.66,41.5,4.5,0
flow_30.67,41.0,4.0,0
flow_10.27,25.5,3.5,0
flow_30.68,26.5,3.5,0
flow_00.48,51.5,4.0,0
flow_20.26,41.5,4.5,0
flow_00.49,29.5,3.5,0
flow_20.27,27.5,3.5,0
flow_30.69,40.0,4.5,0
flow_30.70,35.0,3.5,0
flow_20.28,39.0,4.0,0
flow_00.50,36.0,4.5,0
flow_00.51,28.5,4.0,0
flow_30.71,42.0,4.0,0
flow_10.28,44.5,4.5,0
flow_30.72,42.0,4.0,0
flow_30.73,40.5,4.5,0
flow_30.74,54.0,4.0,0
flow_30.75,28.5,3.5,0
flow_30.76,26.5,3.5,0
flow_00.52,40.0,4.5,0
flow_20.29,31.5,4.0,0
flow_00.53,35.5,4.0,0
flow_00.54,34.0,4.0,0
flow_30.77,41.5,4.5,0
flow_30.78,37.5,4.0,0
flow_00.55,50.0,4.0,0
flow_20.30,38.5,4.5,0
flow_00.56,42.5,4.0,0
flow_20.31,24.5,3.0,0
flow_00.57,41.5,4.0,0
flow_30.79,43.5,4.5,0
flow_30.80,42.0,4.0,0
flow_00.58,42.5,4.0,0
flow_00.59,24.0,3.0,0
flow_10.29,38.0,4.5,0
flow_30.81,43.5,4.5,0
flow_30.82,35.5,4.0,0
flow_30.83,34.5,4.0,0
flow_20.32,33.0,4.0,0
flow_00.60,23.5,3.0,0
flow_00.61,24.5,3.0,0
flow_20.33,25.5,3.0,0
flow_30.84,51.0,4.0,0
flow_30.85,41.5,4.0,0
flow_30.86,41.0,4.0,0
flow_10.30,25.5,3.5,0
flow_00.62,33.5,4.5,0
flow_20.34,44.5,4.5,0
flow_20.35,43.0,4.5,0
flow_20.36,41.5,4.5,0
flow_00.63,25.5,3.5,0
flow_30.87,46.0,4.5,0
flow_30.88,41.0,4.0,0
flow_00.64,32.0,4.0,0
flow_20.37,52.5,4.5,0
flow_00.65,27.0,3.5,0
flow_20.38,49.5,4.5,0
flow_20.39,39.5,4.5,0
flow_30.89,26.0,4.0,0
flow_00.66,35.0,4.0,0
flow_20.40,55.5,4.5,0
flow_00.67,26.0,3.5,0
flow_30.90,43.0,4.5,0
flow_30.91,42.0,4.0,0
flow_10.31,24.5,3.0,0
flow_00.68,36.5,4.5,0
flow_20.41,25.5,3.5,0
flow_00.69,37.0,4.0,0
flow_30.92,39.5,4.0,0
flow_10.32,38.5,4.5,0
flow_10.33,31.5,4.0,0
flow_30.93,40.0,4.0,0
flow_10.34,25.5,3.5,0
flow_30.94,37.5,4.0,0
flow_00.70,27.5,4.0,0
flow_30.95,54.0,4.0,0
flow_10.35,36.0,4.5,0
flow_30.96,53.5,3.5,0
flow_30.97,52.5,4.0,0
flow_00.71,35.5,4.5,0
flow_00.72,34.0,4.0,0
flow_00.73,32.0,4.0,0
flow_30.98,51.0,4.0,0
flow_10.36,43.5,4.5,0
flow_10.37,26.5,3.5,0
flow_30.99,48.5,4.0,0
flow_30.100,42.0,4.0,0
flow_20.42,32.5,4.0,0
flow_00.74,30.0,4.0,0
flow_00.75,29.5,4.0,0
flow_00.76,28.5,4.0,0
flow_30.101,55.0,4.5,0
flow_30.102,55.0,4.0,0
flow_30.103,54.5,4.0,0
flow_00.77,39.5,4.5,0
flow_20.43,24.5,3.0,0
flow_00.78,37.0,4.0,0
flow_00.79,35.5,3.5,0
flow_30.104,64.5,4.5,0
flow_10.38,41.0,4.5,0
flow_30.105,61.0,4.0,0
flow_30.106,54.0,4.0,0
flow_20.44,47.0,5.0,0
flow_00.80,25.0,3.5,0
flow_20.45,46.0,4.5,0
flow_10.0,26.5,3.5,0
flow_00.0,38.0,4.5,0
flow_00.1,24.5,3.0,0
flow_10.1,45.0,4.5,0
flow_30.0,36.0,4.5,0
flow_30.1,27.0,4.0,0
flow_10.2,46.0,4.5,0
flow_30.2,24.0,3.0,0
flow_10.3,44.0,4.5,0
flow_00.2,38.5,4.5,0
flow_20.0,32.0,4.0,0
flow_00.3,38.0,4.0,0
flow_20.1,24.0,3.0,0
flow_00.4,28.0,3.5,0
flow_10.4,51.0,4.0,0
flow_30.3,29.5,4.0,0
flow_30.4,26.5,3.5,0
flow_10.5,43.5,4.0,0
flow_10.6,24.5,3.0,0
flow_00.5,31.5,4.0,0
flow_20.2,43.0,4.5,0
flow_00.6,30.0,3.5,0
flow_00.7,28.0,4.0,0
flow_30.5,44.0,4.5,0
flow_10.7,37.5,4.5,0
flow_10.8,36.5,3.5,0
flow_30.6,45.0,4.0,0
flow_10.9,32.5,3.5,0
flow_30.7,44.5,4.0,0
flow_20.3,43.0,4.5,0
flow_00.8,39.0,4.5,0
flow_20.4,33.5,4.0,0
flow_00.9,25.5,3.5,0
flow_10.10,46.5,4.5,0
flow_10.11,40.5,3.5,0
flow_30.8,28.0,4.0,0
flow_00.10,25.5,3.0,0
flow_20.5,31.5,4.0,0
flow_20.6,31.5,4.0,0
flow_00.11,25.5,3.5,0
flow_10.12,25.0,3.0,0
flow_30.9,41.5,4.5,0
flow_30.10,33.0,3.5,0
flow_10.13,23.5,3.0,0
flow_30.11,29.5,4.0,0
flow_20.7,41.5,4.0,0
flow_00.12,41.0,4.5,0
flow_00.13,26.5,3.5,0
flow_20.8,25.0,3.5,0
flow_30.12,46.0,4.5,0
flow_10.14,42.5,4.5,0
flow_10.15,27.0,4.0,0
flow_30.13,25.5,3.0,0
flow_00.14,43.0,4.0,0
flow_10.16,33.0,4.5,0
flow_30.14,38.0,4.5,0
flow_10.17,25.0,3.0,0
flow_20.9,35.5,4.5,0
flow_00.15,36.5,4.5,0
flow_00.16,28.5,3.5,0
flow_10.18,40.0,4.0,0
flow_30.15,42.5,4.5,0
flow_30.16,42.5,4.0,0
flow_10.19,27.5,4.0,0
flow_30.17,41.0,4.0,0
flow_10.20,26.0,4.0,0
flow_00.17,36.0,4.0,0
flow_20.10,36.0,4.5,0
flow_20.11,25.5,3.0,0
flow_00.18,26.0,3.5,0
flow_10.21,42.0,4.0,0
flow_30.18,54.5,4.5,0
flow_10.22,41.0,4.0,0
flow_30.19,33.0,4.0,0
flow_10.23,41.0,4.5,0
flow_00.19,44.0,4.5,0
flow_20.12,40.0,4.5,0
flow_20.13,34.0,4.5,0
flow_30.20,43.5,4.5,0
flow_10.24,40.5,4.5,0
flow_10.25,40.5,4.0,0
flow_10.26,37.0,4.0,0
flow_00.20,36.5,4.5,0
flow_10.27,47.5,4.5,0
flow_20.14,34.5,4.0,0
flow_00.21,39.5,4.5,0
flow_20.15,25.5,3.0,0
flow_00.22,25.0,3.5,0
flow_20.16,26.0,3.5,0
flow_30.21,32.0,4.0,0
flow_10.28,28.5,4.0,0
flow_10.29,25.0,3.5,0
flow_30.22,24.5,3.0,0
flow_10.30,24.5,3.0,0
flow_20.17,37.0,4.5,0
flow_00.23,46.5,5.0,0
flow_00.24,43.5,4.0,0
flow_20.18,39.0,4.5,0
flow_20.19,37.0,4.5,0
flow_30.23,33.0,4.0,0
flow_30.24,32.5,4.0,0
flow_10.31,26.0,3.5,0
flow_20.20,52.5,4.0,0
flow_00.25,36.0,4.5,0
flow_20.21,52.5,4.0,0
flow_20.22,51.0,4.0,0
flow_10.32,45.5,4.5,0
flow_10.33,44.5,4.0,0
flow_10.34,44.0,4.0,0
flow_20.23,51.5,5.0,0
flow_20.24,26.5,3.5,0
flow_10.35,61.0,4.5,0
flow_10.36,58.5,3.5,0
flow_20.25,33.0,4.0,0
flow_00.26,29.0,4.0,0
flow_00.27,24.0,2.5,0
flow_10.37,24.5,3.0,0
flow_00.28,41.5,4.0,0
flow_20.26,39.5,4.5,0
flow_00.29,27.0,3.5,0
flow_20.27,27.0,3.5,0
flow_00.30,27.0,3.5,0
flow_00.31,25.0,3.5,0
flow_10.38,45.0,4.5,0
flow_30.25,45.0,4.5,0
flow_30.26,28.5,3.5,0
flow_10.39,45.5,4.5,0
flow_30.27,27.5,4.0,0
flow_10.40,44.0,4.5,0
flow_20.28,33.0,4.0,0
flow_00.32,40.5,4.5,0
flow_00.33,28.5,3.5,0
flow_00.34,27.5,4.0,0
flow_10.41,59.5,4.5,0
flow_10.42,58.0,4.0,0
flow_10.43,42.5,4.0,0
flow_20.29,41.5,4.5,0
flow_00.35,24.0,3.0,0
flow_30.28,34.0,4.0,0
flow_10.44,52.5,4.5,0
flow_10.45,40.5,4.0,0
flow_10.46,40.0,4.0,0
flow_30.29,28.0,4.0,0
flow_20.30,28.5,4.0,0
flow_00.36,46.0,4.5,0
flow_20.31,27.5,3.5,0
flow_00.37,45.5,4.5,0
flow_00.38,34.0,4.0,0
flow_10.47,54.5,4.0,0
flow_30.30,45.5,5.0,0
flow_10.48,55.5,4.0,0
flow_30.31,39.5,4.0,0
flow_10.49,39.0,4.0,0
flow_20.32,29.0,4.0,0
flow_00.39,37.5,4.5,0
flow_00.40,26.5,4.0,0
flow_00.41,25.5,3.5,0
flow_10.50,42.5,4.5,0
flow_30.32,31.0,4.5,0
flow_10.51,39.5,4.0,0
flow_30.33,28.0,3.5,0
flow_10.52,38.5,4.0,0
flow_20.33,25.5,3.5,0
flow_00.42,35.0,4.5,0
flow_10.53,55.5,4.5,0
flow_30.34,35.0,4.5,0
flow_10.54,53.5,3.5,0
flow_10.55,39.5,3.5,0
flow_30.35,28.0,4.0,0
flow_20.34,37.5,4.5,0
flow_00.43,37.0,4.5,0
flow_00.44,36.0,4.0,0
flow_20.35,31.0,4.0,0
flow_00.45,35.0,3.5,0
flow_10.56,30.0,4.0,0
flow_20.36,40.5,4.0,0
flow_00.46,45.5,4.5,0
flow_20.37,40.0,3.5,0
flow_00.47,36.5,3.5,0
flow_10.57,33.5,4.5,0
flow_30.36,24.5,3.0,0
flow_10.58,30.0,4.5,0
flow_10.59,28.5,4.5,0
flow_20.38,42.5,4.5,0
flow_30.37,37.0,4.5,0
flow_30.38,23.5,3.0,0
flow_00.48,34.0,4.0,0
flow_20.39,40.0,4.5,0
flow_00.49,33.5,3.5,0
flow_20.40,31.5,4.0,0
flow_10.60,36.5,4.5,0
flow_10.61,31.5,4.0,0
flow_00.50,34.0,4.5,0
flow_00.51,33.0,4.0,0
flow_00.52,32.5,4.0,0
flow_10.62,41.5,4.5,0
flow_00.53,52.0,5.0,0
flow_00.54,50.5,4.0,0
flow_10.63,29.5,4.0,0
flow_30.39,35.0,4.5,0
flow_30.40,31.0,4.0,0
flow_20.41,41.0,4.5,0
flow_30.41,43.0,4.0,0
flow_10.64,43.5,4.5,0
flow_10.65,44.0,4.0,0
flow_30.42,25.0,3.5,0
flow_00.55,40.0,4.5,0
flow_00.56,25.5,3.5,0
flow_00.57,24.5,3.0,0
flow_20.42,24.5,3.0,0
flow_10.66,43.5,4.0,0
flow_10.67,23.5,3.0,0
flow_00.58,40.0,4.0,0
flow_20.43,27.5,4.0,0
flow_20.44,26.0,3.5,0
flow_10.68,37.0,4.5,0
flow_20.45,42.0,4.0,0
flow_00.59,40.5,4.0,0
flow_00.60,41.5,4.0,0
flow_00.61,26.0,3.5,0
flow_10.69,36.5,4.0,0
flow_30.43,34.5,4.5,0
flow_10.70,36.5,4.0,0
flow_30.44,30.5,4.0,0
flow_30.45,30.5,4.5,0
flow_00.62,41.5,4.0,0
flow_00.63,36.5,3.5,0
flow_10.71,38.0,4.5,0
flow_30.46,27.5,4.0,0
flow_10.72,40.0,4.5,0
flow_10.73,34.5,4.5,0
flow_00.64,27.5,4.0,0
flow_00.65,27.0,3.5,0
flow_00.66,29.0,4.5,0
flow_30.47,27.0,3.5,0
flow_10.74,24.5,3.0,0
flow_10.75,26.0,3.5,0
flow_10.76,29.0,4.0,0
flow_10.77,26.0,3.5,0
flow_30.48,25.0,3.0,0
flow_10.78,27.5,4.0,0
flow_00.67,42.0,4.0,0
flow_20.46,45.5,4.5,0
flow_00.68,28.5,3.5,0
flow_00.69,27.5,3.5,0
flow_00.70,27.5,4.0,0
flow_10.79,26.5,3.5,0
flow_30.49,45.0,4.5,0
flow_30.50,44.0,4.0,0
flow_30.51,31.0,4.0,0
flow_00.71,25.5,3.5,0
flow_20.47,25.0,3.5,0
flow_10.80,35.5,4.5,0
flow_30.52,50.0,4.5,0
flow_10.81,34.5,4.0,0
flow_10.82,34.0,4.5,0
flow_00.72,31.5,4.0,0
flow_10.83,33.5,4.5,0
flow_10.84,33.0,4.0,0
flow_10.85,31.5,4.0,0
flow_10.86,28.0,4.0,0
flow_00.73,36.5,4.0,0
flow_20.48,25.5,3.5,0
flow_10.87,37.0,4.0,0
flow_30.53,45.0,4.5,0
flow_30.54,43.0,4.0,0
flow_20.49,34.0,4.0,0
flow_00.74,44.5,4.5,0
flow_00.75,31.5,4.0,0
flow_00.76,31.0,4.0,0
flow_00.77,29.0,4.0,0
flow_10.88,35.0,4.0,0
flow_20.50,25.0,3.5,0
flow_00.78,43.5,4.5,0
flow_00.79,40.5,4.0,0
flow_30.55,44.0,4.5,0
flow_10.89,39.0,4.5,0
flow_10.90,26.0,3.5,0
flow_30.56,24.5,3.0,0
flow_00.80,41.5,4.5,0
flow_00.81,40.0,4.0,0
flow_00.82,37.5,4.0,0
flow_20.51,28.0,4.5,0
flow_30.0,24.5,3.0,0
flow_30.1,25.0,3.5,0
flow_00.0,24.5,3.0,0
flow_20.0,26.0,3.5,0
flow_20.1,26.0,3.5,0
flow_10.0,39.5,4.0,0
flow_30.2,27.0,4.0,0
flow_10.1,33.5,4.0,0
flow_20.2,32.5,4.0,0
flow_00.1,30.0,4.0,0
flow_20.3,33.5,4.0,0
flow_00.2,23.5,3.0,0
flow_20.4,32.0,4.0,0
flow_10.2,25.0,3.0,0
flow_00.3,41.5,4.5,0
flow_20.5,48.5,5.0,0
flow_00.4,40.5,3.5,0
flow_00.5,36.5,4.0,0
flow_10.3,31.5,4.0,0
flow_30.3,23.0,2.5,0
flow_20.6,43.5,4.5,0
flow_20.7,28.5,3.5,0
flow_00.6,25.5,3.5,0
flow_30.4,37.5,4.5,0
flow_30.5,35.0,4.0,0
flow_20.8,32.0,4.0,0
flow_00.7,42.0,4.0,0
flow_00.8,43.0,4.0,0
flow_00.9,34.5,4.0,0
flow_30.6,34.5,4.5,0
flow_00.10,42.5,4.5,0
flow_20.9,40.0,4.5,0
flow_00.11,36.5,4.0,0
flow_30.7,42.0,4.0,0
flow_00.12,36.5,4.0,0
flow_00.13,28.5,3.5,0
flow_00.14,28.5,4.0,0
flow_10.4,29.0,4.0,0
flow_20.10,41.5,4.5,0
flow_00.15,24.5,3.0,0
flow_10.5,40.0,4.5,0
flow_30.8,24.5,3.0,0
flow_10.6,33.5,3.5,0
flow_30.9,24.0,3.0,0
flow_20.11,42.0,4.5,0
flow_00.16,35.5,4.5,0
flow_00.17,34.5,3.5,0
flow_20.12,41.5,4.0,0
flow_00.18,34.5,3.5,0
flow_30.10,33.0,4.5,0
flow_30.11,29.0,4.0,0
flow_30.12,26.5,4.0,0
flow_00.19,51.5,4.5,0
flow_00.20,40.5,4.0,0
flow_00.21,32.0,4.0,0
flow_30.13,42.5,4.5,0
flow_30.14,27.5,4.0,0
flow_30.15,25.5,3.5,0
flow_00.22,44.5,4.5,0
flow_00.23,28.5,4.0,0
flow_00.24,27.0,4.0,0
flow_30.16,40.5,4.0,0
flow_10.7,40.0,4.5,0
flow_10.8,30.0,4.0,0
flow_30.17,41.0,4.0,0
flow_20.13,31.5,4.0,0
flow_00.25,34.0,4.5,0
flow_00.26,32.5,4.0,0
flow_00.27,27.0,3.5,0
flow_10.9,38.0,4.5,0
flow_10.10,24.5,3.0,0
flow_00.28,24.5,3.0,0
flow_20.14,36.5,4.5,0
flow_00.29,25.5,3.0,0
flow_20.15,24.5,3.0,0
flow_30.18,36.5,4.0,0
flow_10.11,42.5,5.0,0
flow_30.19,29.5,3.5,0
flow_00.30,46.5,5.0,0
flow_20.16,24.0,3.0,0
flow_20.17,24.5,3.0,0
flow_00.31,26.0,3.5,0
flow_10.12,42.5,4.5,0
flow_30.20,31.0,4.5,0
flow_30.21,29.5,4.0,0
flow_20.18,25.0,3.0,0
flow_00.32,26.0,4.0,0
flow_20.19,24.5,3.0,0
flow_30.22,26.0,3.5,0
flow_30.23,25.5,3.0,0
flow_10.13,32.0,4.0,0
flow_00.33,39.5,4.5,0
flow_20.20,25.0,3.0,0
flow_30.24,34.5,4.5,0
flow_30.25,25.5,3.5,0
flow_00.34,35.5,4.5,0
flow_00.35,31.5,4.0,0
flow_00.36,25.5,3.5,0
flow_10.14,36.0,4.0,0
flow_00.37,40.5,4.5,0
flow_20.21,24.5,3.0,0
flow_00.38,31.5,4.0,0
flow_00.39,27.0,4.0,0
flow_30.26,42.0,4.0,0
flow_10.15,38.0,4.5,0
flow_30.27,24.5,3.0,0
flow_20.22,38.0,4.5,0
flow_00.40,44.5,4.5,0
flow_00.41,43.0,4.0,0
flow_00.42,40.0,4.0,0
flow_30.28,27.5,4.0,0
flow_10.16,29.0,4.0,0
flow_00.43,56.5,4.0,0
flow_20.23,34.0,4.5,0
flow_00.44,55.5,3.5,0
flow_20.24,33.5,4.0,0
flow_20.25,32.5,4.0,0
flow_00.45,48.0,4.0,0
flow_30.29,37.0,4.5,0
flow_30.30,36.5,4.0,0
flow_00.46,64.5,4.0,0
flow_20.26,26.0,3.5,0
flow_00.47,47.0,4.0,0
flow_00.48,42.5,5.0,0
flow_10.17,34.5,4.5,0
flow_00.49,48.5,4.0,0
flow_20.27,35.0,4.5,0
flow_00.50,49.5,4.0,0
flow_00.51,42.5,4.0,0
flow_10.18,34.5,4.0,0
flow_30.31,24.5,3.0,0
flow_10.19,34.5,3.5,0
flow_00.52,58.0,4.5,0
flow_00.53,52.5,4.0,0
flow_00.54,34.0,4.0,0
flow_30.32,29.5,4.0,0
flow_10.20,32.5,4.5,0
flow_20.28,37.5,4.5,0
flow_00.55,23.0,2.5,0
flow_20.29,29.5,3.5,0
flow_10.21,40.0,4.5,0
flow_30.33,25.5,3.5,0
flow_20.30,42.5,4.5,0
flow_00.56,39.0,4.5,0
flow_20.31,42.0,4.0,0
flow_00.57,27.0,4.0,0
flow_20.32,41.0,4.0,0
flow_30.34,41.0,4.5,0
flow_10.22,29.5,4.0,0
flow_30.35,42.0,4.0,0
flow_30.36,36.5,4.0,0
flow_20.33,57.5,4.0,0
flow_20.34,40.0,3.5,0
flow_20.35,26.0,3.0,0
flow_00.58,24.0,3.0,0
flow_30.37,50.0,4.5,0
flow_30.38,46.5,4.0,0
flow_10.23,26.0,3.5,0
flow_30.39,44.5,4.0,0
flow_20.36,32.0,4.0,0
flow_00.59,30.0,4.0,0
flow_20.37,31.0,3.5,0
flow_00.60,27.5,4.0,0
flow_00.61,26.5,3.5,0
flow_30.40,61.5,4.5,0
flow_30.41,59.0,3.5,0
flow_30.42,53.5,4.0,0
flow_00.62,44.5,4.5,0
flow_00.63,44.0,4.0,0
flow_00.64,41.0,4.0,0
flow_30.43,27.5,4.0,0
flow_00.65,58.0,4.5,0
flow_00.66,57.5,3.5,0
flow_00.67,57.5,4.0,0
flow_10.24,40.5,4.0,0
flow_30.44,27.0,3.5,0
flow_10.25,43.0,4.5,0
flow_20.38,35.5,4.0,0
flow_00.68,55.0,4.5,0
flow_00.69,54.0,4.0,0
flow_00.70,44.5,4.0,0
flow_10.26,44.5,4.5,0
flow_30.45,38.0,5.0,0
flow_10.27,43.5,4.0,0
flow_20.39,40.5,4.0,0
flow_00.71,61.0,4.0,0
flow_20.40,26.5,3.5,0
flow_00.72,61.5,4.0,0
flow_00.73,46.5,4.0,0
flow_20.41,27.0,3.5,0
flow_10.28,25.0,3.0,0
flow_00.74,63.5,4.0,0
flow_20.42,43.5,4.5,0
flow_20.43,44.0,4.0,0
flow_00.75,62.0,4.0,0
flow_20.44,40.5,4.0,0
flow_00.76,39.5,4.0,0
flow_30.46,32.5,4.0,0
flow_10.29,42.0,5.0,0
flow_30.47,26.5,3.5,0
flow_10.30,32.5,4.5,0
flow_10.31,24.5,3.0,0
flow_00.77,23.5,3.0,0
flow_30.48,32.0,4.0,0
flow_00.78,43.5,4.5,0
flow_00.79,43.0,4.0,0
flow_20.45,24.0,3.0,0
flow_00.80,42.0,4.0,0
flow_10.32,29.0,4.0,0
flow_00.81,50.5,4.5,0
flow_00.82,50.0,4.0,0
flow_00.83,28.0,4.0,0
flow_20.46,26.0,3.5,0
flow_10.33,26.5,3.5,0
flow_00.84,38.0,4.5,0
flow_00.85,24.0,3.0,0
flow_10.34,36.5,4.5,0
flow_30.49,37.0,5.0,0
flow_30.50,32.0,4.0,0
flow_10.35,25.0,3.0,0
flow_30.51,31.0,4.0,0
flow_30.52,28.0,4.5,0
flow_00.86,40.0,4.0,0
flow_10.36,34.5,4.5,0
flow_00.87,33.0,4.5,0
flow_00.88,28.5,3.5,0
flow_20.47,27.5,4.0,0
flow_00.89,24.5,3.0,0
flow_20.48,25.5,3.5,0
flow_30.53,30.5,4.0,0
flow_20.49,39.5,4.5,0
flow_20.50,27.5,4.0,0
flow_00.90,44.0,4.5,0
flow_00.91,39.0,4.0,0
flow_00.92,35.5,4.0,0
flow_30.54,24.5,3.0,0
flow_00.93,45.0,4.0,0
flow_00.94,45.5,4.0,0
flow_10.0,23.5,2.5,0
flow_10.1,25.0,3.5,0
flow_30.0,25.5,3.5,0
flow_20.0,36.0,4.0,0
flow_20.1,37.5,4.0,0
flow_30.1,33.5,4.5,0
flow_20.2,25.5,3.5,0
flow_20.3,26.5,3.5,0
flow_30.2,37.0,4.0,0
flow_10.2,24.0,3.0,0
flow_30.3,26.5,3.5,0
flow_20.4,40.0,4.5,0
flow_20.5,33.0,4.0,0
flow_20.6,30.5,4.0,0
flow_30.4,37.0,5.0,0
flow_30.5,36.0,4.0,0
flow_00.0,38.0,4.0,0
flow_20.7,34.0,4.5,0
flow_20.8,26.0,3.5,0
flow_10.3,43.0,4.5,0
flow_30.6,32.5,4.0,0
flow_10.4,41.0,4.0,0
flow_20.9,43.0,4.5,0
flow_20.10,26.5,3.5,0
flow_20.11,25.0,3.5,0
flow_10.5,32.0,4.0,0
flow_30.7,32.0,4.5,0
flow_20.12,42.5,4.5,0
flow_20.13,43.0,4.0,0
flow_00.1,24.0,3.0,0
flow_20.14,41.5,4.0,0
flow_30.8,26.5,3.5,0
flow_20.15,52.5,4.0,0
flow_00.2,43.0,4.5,0
flow_20.16,52.5,4.0,0
flow_10.6,33.0,4.0,0
flow_30.9,44.5,4.5,0
flow_30.10,32.0,4.0,0
flow_10.7,24.5,3.0,0
flow_20.17,38.5,4.5,0
flow_00.3,24.5,3.0,0
flow_20.18,27.0,4.0,0
flow_00.4,24.5,3.0,0
flow_30.11,32.5,4.0,0
flow_30.12,32.0,4.0,0
flow_30.13,25.0,3.5,0
flow_20.19,43.5,4.5,0
flow_00.5,45.5,4.5,0
flow_00.6,45.0,4.0,0
flow_20.20,23.5,3.0,0
flow_30.14,34.5,4.5,0
flow_30.15,25.0,3.5,0
flow_30.16,25.0,3.5,0
flow_20.21,27.5,4.0,0
flow_00.7,28.5,4.0,0
flow_00.8,25.0,3.0,0
flow_30.17,39.5,4.0,0
flow_10.8,24.0,3.0,0
flow_20.22,34.5,4.5,0
flow_00.9,24.5,3.0,0
flow_10.9,23.5,3.0,0
flow_30.18,29.0,4.0,0
flow_30.19,25.5,3.5,0
flow_00.10,35.5,4.5,0
flow_00.11,34.5,4.0,0
flow_10.10,43.0,4.0,0
flow_30.20,37.0,4.5,0
flow_30.21,35.5,3.5,0
flow_10.11,43.0,4.0,0
flow_30.22,34.5,3.5,0
flow_10.12,40.0,4.0,0
flow_00.12,40.5,4.0,0
flow_20.23,33.5,4.0,0
flow_10.13,43.5,4.0,0
flow_30.23,31.0,4.0,0
flow_30.24,30.0,3.5,0
flow_30.25,30.0,4.0,0
flow_20.24,25.5,3.5,0
flow_20.25,24.5,3.0,0
flow_30.26,41.5,4.5,0
flow_10.14,36.5,4.5,0
flow_10.15,32.5,4.0,0
flow_20.26,42.5,4.5,0
flow_20.27,40.0,4.0,0
flow_20.28,25.5,3.0,0
flow_30.27,38.5,4.0,0
flow_30.28,31.5,4.0,0
flow_30.29,28.5,3.5,0
flow_20.29,41.0,4.0,0
flow_20.30,34.5,4.0,0
flow_00.13,25.0,3.5,0
flow_10.16,33.5,4.0,0
flow_30.30,39.0,4.5,0
flow_00.14,32.5,4.0,0
flow_20.31,23.5,3.0,0
flow_30.31,33.5,4.5,0
flow_10.17,28.0,4.0,0
flow_10.18,40.5,4.5,0
flow_30.32,33.0,4.5,0
flow_10.19,25.0,3.5,0
flow_30.33,27.0,4.0,0
flow_20.32,40.5,4.5,0
flow_00.15,25.0,3.5,0
flow_20.33,29.0,4.0,0
flow_10.20,43.5,4.5,0
flow_30.34,43.0,4.5,0
flow_30.35,42.0,4.0,0
flow_10.21,33.5,3.5,0
flow_10.22,32.5,4.0,0
flow_30.36,39.0,4.0,0
flow_00.16,34.5,4.0,0
flow_20.34,32.5,4.0,0
flow_00.17,34.0,3.5,0
flow_20.35,26.5,3.5,0
flow_00.18,25.5,3.0,0
flow_30.37,44.0,4.5,0
flow_30.38,42.5,4.0,0
flow_30.39,41.0,4.0,0
flow_10.23,25.5,3.5,0
flow_00.19,42.0,4.5,0
flow_20.36,39.0,4.5,0
flow_20.37,31.5,4.0,0
flow_20.38,25.5,3.0,0
flow_10.24,42.5,4.5,0
flow_30.40,57.0,4.5,0
flow_10.25,38.5,4.0,0
flow_00.20,44.5,4.5,0
flow_00.21,40.0,4.0,0
flow_10.26,26.5,3.5,0
flow_30.41,38.0,4.5,0
flow_30.42,36.5,4.0,0
flow_10.27,24.5,3.0,0
flow_30.43,33.0,3.5,0
flow_20.39,41.5,4.5,0
flow_00.22,44.0,4.5,0
flow_20.40,34.0,3.5,0
flow_00.23,42.0,4.0,0
flow_00.24,25.0,3.5,0
flow_20.41,35.0,4.0,0
flow_10.28,33.0,4.0,0
flow_30.44,48.5,4.5,0
flow_10.29,30.5,4.0,0
flow_30.45,48.0,4.0,0
flow_10.30,31.0,4.5,0
flow_30.46,47.5,4.0,0
flow_20.42,44.5,4.5,0
flow_20.43,38.5,4.0,0
flow_20.44,23.5,3.0,0
flow_10.31,24.5,3.0,0
flow_30.47,56.0,4.0,0
flow_30.48,48.5,4.0,0
flow_30.49,26.5,3.5,0
flow_00.25,38.0,4.0,0
flow_20.45,31.0,4.0,0
flow_20.46,31.5,4.0,0
flow_30.50,29.0,4.0,0
flow_10.32,44.0,4.5,0
flow_30.51,29.0,4.0,0
flow_10.33,27.0,4.0,0
flow_00.26,41.5,4.5,0
flow_00.27,40.5,4.0,0
flow_30.52,25.5,3.5,0
flow_20.47,32.5,4.5,0
flow_20.48,26.0,3.5,0
flow_30.53,24.5,3.0,0
flow_20.49,29.5,4.0,0
flow_00.28,41.0,4.5,0
flow_20.50,29.0,4.0,0
flow_20.51,27.5,3.5,0
flow_20.52,26.5,3.5,0
flow_30.54,42.0,4.5,0
flow_30.55,24.0,3.0,0
flow_20.53,24.5,3.0,0
flow_30.56,42.0,4.0,0
flow_30.57,42.0,4.0,0
flow_30.58,40.5,4.0,0
flow_20.54,40.5,4.5,0
flow_20.55,39.0,4.0,0
flow_20.56,38.0,4.0,0
flow_30.59,56.5,4.0,0
flow_10.34,25.5,3.5,0
flow_30.60,56.0,3.5,0
flow_10.35,25.0,3.5,0
flow_30.61,39.5,3.5,0
flow_20.57,47.5,4.0,0
flow_20.58,40.0,4.0,0
flow_20.59,38.5,4.0,0
flow_30.62,29.0,4.0,0
flow_10.36,33.5,4.5,0
flow_30.63,24.5,3.0,0
flow_10.37,23.5,3.0,0
flow_20.60,55.0,4.0,0
flow_20.61,37.0,3.5,0
flow_20.62,34.0,3.5,0
flow_10.38,40.5,4.0,0
flow_30.64,31.0,4.5,0
flow_30.65,29.5,4.0,0
flow_10.39,42.5,4.5,0
flow_10.40,35.5,4.5,0
flow_20.63,52.5,4.5,0
flow_20.64,48.0,4.0,0
flow_00.29,27.0,4.0,0
flow_10.41,26.5,3.5,0
flow_30.66,35.5,4.5,0
flow_10.42,26.5,4.0,0
flow_20.65,35.0,4.0,0
flow_00.30,27.0,3.5,0
flow_20.66,24.0,2.5,0
flow_10.43,36.5,4.5,0
flow_30.67,25.0,3.5,0
flow_10.44,25.0,3.0,0
flow_30.68,25.0,3.5,0
flow_30.69,25.0,3.0,0
flow_20.67,36.5,4.5,0
flow_10.45,48.5,5.0,0
flow_10.46,35.0,4.0,0
flow_10.47,26.5,3.5,0
flow_20.68,42.5,4.5,0
flow_00.31,32.5,4.5,0
flow_20.69,37.5,4.0,0
flow_20.70,36.5,4.0,0
flow_30.70,24.5,3.0,0
flow_10.48,33.0,4.5,0
flow_30.71,25.5,3.5,0
flow_30.72,25.0,3.5,0
flow_20.71,53.5,4.5,0
flow_00.32,37.0,4.5,0
flow_00.33,34.5,4.0,0
flow_20.72,42.5,4.5,0
flow_00.34,30.5,4.0,0
flow_20.73,41.0,4.0,0
flow_30.73,41.5,4.5,0
flow_10.49,30.0,4.0,0
flow_30.74,26.0,3.5,0
flow_20.74,51.0,4.0,0
flow_00.35,47.0,4.5,0
flow_00.36,47.0,4.0,0
flow_20.75,23.5,2.5,0
flow_30.75,41.0,5.0,0
flow_30.76,27.5,4.0,0
flow_30.77,39.0,4.5,0
flow_10.50,29.0,4.0,0
flow_30.78,39.5,4.0,0
flow_20.76,37.0,4.0,0
flow_00.37,25.5,3.0,0
flow_10.51,24.5,3.0,0
flow_30.79,35.5,4.0,0
flow_30.80,35.0,4.0,0
flow_30.81,33.5,4.0,0
flow_00.38,26.0,3.5,0
flow_30.82,48.5,4.5,0
flow_30.83,46.0,4.0,0
flow_30.84,38.5,4.0,0
flow_20.77,37.5,4.0,0
flow_00.39,31.5,4.0,0
flow_00.0,32.5,4.0,0
flow_20.0,35.5,4.0,0
flow_20.1,25.0,3.5,0
flow_10.0,45.5,4.5,0
flow_30.0,25.5,3.5,0
flow_20.2,40.5,4.5,0
flow_00.1,24.5,3.0,0
flow_20.3,27.0,4.0,0
flow_10.1,25.5,3.5,0
flow_30.1,24.5,3.0,0
flow_00.2,25.0,3.0,0
flow_20.4,44.0,4.5,0
flow_00.3,25.5,3.5,0
flow_30.2,44.0,4.5,0
flow_30.3,34.5,4.0,0
flow_30.4,33.5,4.0,0
flow_00.4,42.5,4.5,0
flow_00.5,42.5,4.0,0
flow_00.6,40.5,4.0,0
flow_10.2,36.5,4.0,0
flow_30.5,50.5,4.5,0
flow_10.3,26.0,3.0,0
flow_10.4,26.0,3.5,0
flow_30.6,25.0,3.5,0
flow_20.5,32.0,4.0,0
flow_00.7,58.0,4.5,0
flow_20.6,27.0,3.5,0
flow_00.8,40.0,4.0,0
flow_00.9,39.5,4.0,0
flow_30.7,43.5,4.5,0
flow_10.5,45.5,4.5,0
flow_30.8,34.5,4.0,0
flow_10.6,36.5,4.5,0
flow_20.7,25.5,3.0,0
flow_00.10,56.5,4.5,0
flow_00.11,56.0,4.0,0
flow_00.12,55.0,4.0,0
flow_10.7,43.5,4.0,0
flow_30.9,41.0,4.5,0
flow_10.8,38.5,4.0,0
flow_30.10,37.5,4.0,0
flow_10.9,26.5,3.5,0
flow_00.13,72.0,4.5,0
flow_20.8,29.0,4.0,0
flow_00.14,72.0,4.0,0
flow_20.9,28.5,4.5,0
flow_00.15,70.5,4.0,0
flow_30.11,34.5,4.5,0
flow_20.10,27.5,4.0,0
flow_20.11,24.5,3.0,0
flow_30.12,42.0,4.0,0
flow_10.10,40.5,4.5,0
flow_30.13,39.0,3.5,0
flow_10.11,34.5,4.5,0
flow_30.14,38.0,3.5,0
flow_20.12,26.5,3.5,0
flow_00.16,29.5,4.0,0
flow_20.13,26.0,3.5,0
flow_30.15,23.0,3.0,0
flow_20.14,32.0,4.0,0
flow_00.17,34.0,4.0,0
flow_20.15,28.5,3.5,0
flow_00.18,34.5,4.0,0
flow_20.16,24.5,3.0,0
flow_30.16,35.0,4.0,0
flow_10.12,38.0,4.5,0
flow_10.13,37.5,4.0,0
flow_20.17,34.0,4.5,0
flow_00.19,41.0,4.5,0
flow_00.20,41.5,4.0,0
flow_30.17,25.0,3.0,0
flow_00.21,42.5,4.0,0
flow_20.18,41.5,4.5,0
flow_20.19,38.0,4.5,0
flow_20.20,28.0,4.0,0
flow_00.22,25.5,3.5,0
flow_10.14,33.5,4.0,0
flow_10.15,32.5,4.0,0
flow_00.23,25.5,3.5,0
flow_30.18,26.5,3.5,0
flow_20.21,41.5,4.5,0
flow_00.24,38.5,4.5,0
flow_20.22,32.0,4.0,0
flow_30.19,30.5,4.5,0
flow_10.16,30.0,4.5,0
flow_20.23,39.5,4.0,0
flow_00.25,35.5,4.5,0
flow_00.26,33.5,3.5,0
flow_20.24,37.0,4.0,0
flow_00.27,32.5,3.5,0
flow_20.25,31.0,4.0,0
flow_30.20,44.0,4.5,0
flow_30.21,39.0,4.0,0
flow_20.26,48.0,4.5,0
flow_00.28,45.5,5.0,0
flow_20.27,48.0,4.0,0
flow_00.29,42.0,4.0,0
flow_00.30,30.0,3.5,0
flow_20.28,48.0,4.5,0
flow_10.17,23.5,3.0,0
flow_10.18,25.5,3.0,0
flow_00.31,47.0,4.5,0
flow_20.29,59.5,4.5,0
flow_00.32,28.5,3.5,0
flow_20.30,58.5,4.0,0
flow_00.33,27.5,4.0,0
flow_20.31,58.0,4.0,0
flow_00.34,26.0,3.5,0
flow_30.22,43.5,4.0,0
flow_10.19,42.5,4.0,0
flow_30.23,33.5,3.5,0
flow_30.24,33.0,3.5,0
flow_20.32,66.5,4.5,0
flow_00.35,42.0,4.5,0
flow_00.36,27.5,3.5,0
flow_20.33,66.0,4.0,0
flow_20.34,49.0,4.0,0
flow_10.20,24.5,3.0,0
flow_30.25,50.5,4.5,0
flow_30.26,26.5,3.5,0
flow_20.35,59.0,4.0,0
flow_00.37,27.5,4.0,0
flow_20.36,57.0,4.0,0
flow_20.37,54.5,4.0,0
flow_30.27,24.0,2.5,0
flow_30.28,24.5,3.0,0
flow_00.38,39.5,4.0,0
flow_20.38,62.0,4.5,0
flow_20.39,60.0,4.0,0
flow_00.39,29.0,3.5,0
flow_20.40,45.5,3.5,0
flow_30.29,30.0,4.0,0
flow_10.21,29.0,4.0,0
flow_20.41,51.0,4.5,0
flow_00.40,43.5,4.5,0
flow_00.41,42.0,4.0,0
flow_20.42,42.5,4.0,0
flow_20.43,38.0,4.0,0
flow_10.22,33.0,4.0,0
flow_30.30,24.5,3.0,0
flow_10.23,24.5,3.0,0
flow_20.44,48.5,4.0,0
flow_00.42,28.0,4.0,0
flow_20.45,48.5,4.0,0
flow_00.43,27.5,4.0,0
flow_00.44,26.5,3.5,0
flow_10.24,42.5,4.0,0
flow_30.31,40.5,4.5,0
flow_10.25,42.5,4.0,0
flow_10.26,36.0,4.0,0
flow_00.45,42.0,4.0,0
flow_20.46,25.0,3.5,0
flow_00.46,31.5,4.0,0
flow_10.27,25.5,3.5,0
flow_00.47,41.0,4.5,0
flow_20.47,25.5,3.5,0
flow_00.48,28.0,4.0,0
flow_10.28,26.0,3.5,0
flow_20.48,32.5,4.5,0
flow_00.49,42.5,5.0,0
flow_20.49,31.5,4.0,0
flow_00.50,40.0,4.0,0
flow_00.51,32.5,4.0,0
flow_30.32,24.5,3.0,0
flow_00.52,48.0,4.0,0
flow_00.53,48.0,3.5,0
flow_00.54,47.0,3.5,0
flow_10.29,40.5,4.0,0
flow_30.33,44.5,4.5,0
flow_10.30,40.0,3.5,0
flow_30.34,30.0,3.5,0
flow_30.35,28.5,4.0,0
flow_10.31,37.0,3.5,0
flow_30.36,27.5,3.5,0
flow_20.50,33.0,4.0,0
flow_00.55,27.0,3.5,0
flow_20.51,24.5,3.0,0
flow_30.37,40.5,4.0,0
flow_10.32,52.0,4.5,0
flow_30.38,35.0,4.0,0
flow_10.33,42.5,4.0,0
flow_30.39,34.0,3.5,0
flow_10.34,41.5,4.0,0
flow_00.56,37.0,4.5,0
flow_00.57,36.0,4.0,0
flow_30.40,26.0,3.0,0
flow_10.35,36.5,4.5,0
flow_00.58,39.0,4.5,0
flow_00.59,33.0,4.0,0
flow_00.60,26.0,3.5,0
flow_10.36,37.5,4.0,0
flow_10.37,38.0,3.5,0
flow_20.52,46.0,4.5,0
flow_00.61,45.5,5.0,0
flow_20.53,36.0,4.0,0
flow_00.62,42.0,4.5,0
flow_20.54,35.0,4.0,0
flow_00.63,40.5,4.0,0
flow_10.38,42.5,4.0,0
flow_10.39,29.5,4.0,0
flow_30.41,26.0,3.5,0
flow_00.64,57.0,4.5,0
flow_00.65,46.0,4.0,0
flow_00.66,38.0,4.0,0
flow_20.55,26.0,3.5,0
flow_10.40,24.5,3.0,0
flow_30.42,44.5,4.5,0
flow_10.41,22.5,2.5,0
flow_30.43,26.0,3.5,0
flow_20.56,42.0,4.0,0
flow_00.67,50.0,4.5,0
flow_20.57,40.0,4.0,0
flow_00.68,50.0,4.0,0
flow_00.69,48.5,4.0,0
flow_20.58,23.5,2.5,0
flow_10.42,39.0,4.0,0
flow_30.44,25.0,3.0,0
flow_10.43,35.0,3.5,0
flow_10.44,34.0,3.5,0
flow_10.45,32.0,4.0,0
flow_00.70,65.0,4.0,0
flow_00.71,59.0,3.5,0
flow_20.59,25.0,3.5,0
flow_00.72,46.5,4.0,0
flow_30.45,40.0,4.0,0
flow_10.46,47.5,4.5,0
flow_30.46,32.5,4.5,0
flow_20.60,42.5,4.5,0
flow_20.61,29.5,3.5,0
flow_00.73,25.5,3.5,0
flow_30.47,27.5,4.0,0
flow_00.74,31.5,4.0,0
flow_20.62,27.0,3.5,0
flow_30.48,34.0,4.5,0
flow_10.47,26.0,4.0,0
flow_30.49,34.0,4.5,0
flow_30.50,33.0,4.0,0
flow_10.48,28.0,4.0,0
flow_00.75,35.0,4.0,0
flow_00.76,35.5,4.0,0
flow_20.63,25.0,3.0,0
flow_00.77,34.0,3.5,0
flow_10.49,34.5,4.5,0
flow_30.51,32.5,4.0,0
flow_00.78,51.0,4.0,0
flow_20.64,32.0,4.0,0
flow_20.65,31.5,4.0,0
flow_00.79,52.5,4.0,0
flow_00.80,48.0,4.0,0
flow_10.50,34.0,4.5,0
flow_30.52,25.0,3.5,0
flow_30.53,24.5,3.0,0
flow_20.66,36.0,4.0,0
flow_00.81,65.0,4.5,0
flow_20.67,37.0,4.0,0
flow_00.82,63.0,4.5,0
flow_00.83,55.5,4.5,0
flow_10.51,25.5,3.0,0
flow_30.54,45.0,4.5,0
flow_30.55,44.5,4.0,0
flow_00.84,66.0,4.5,0
flow_20.68,42.0,4.5,0
flow_20.69,36.0,4.0,0
flow_00.85,65.5,4.5,0
flow_20.70,30.0,3.5,0
flow_00.86,64.5,4.5,0
flow_10.52,27.0,3.5,0
flow_10.53,26.5,4.0,0
flow_20.71,47.0,4.0,0
flow_00.87,62.0,4.5,0
flow_00.88,61.0,3.5,0
flow_20.72,35.0,4.0,0
flow_20.73,33.5,4.5,0
flow_30.56,26.0,3.5,0
flow_20.74,50.0,4.5,0
flow_00.89,40.5,4.5,0
flow_00.90,32.5,4.0,0
flow_20.75,50.5,4.0,0
flow_20.76,49.0,4.0,0
flow_00.91,27.0,3.5,0
flow_30.57,24.0,3.0,0
flow_10.54,25.5,3.0,0
flow_00.92,43.5,4.5,0
flow_20.77,67.0,4.5,0
flow_00.93,42.5,3.5,0
flow_20.78,65.0,4.0,0
flow_20.79,64.0,4.0,0
flow_10.0,22.0,2.5,0
flow_00.0,32.5,4.5,0
flow_00.1,25.5,3.0,0
flow_10.1,28.5,4.0,0
flow_00.2,41.5,4.5,0
flow_20.0,27.0,4.0,0
flow_00.3,38.0,4.0,0
flow_00.4,34.5,4.5,0
flow_20.1,42.0,4.5,0
flow_10.2,44.5,4.5,0
flow_30.0,39.5,4.5,0
flow_30.1,39.0,4.0,0
flow_10.3,28.0,4.0,0
flow_30.2,36.5,4.0,0
flow_00.5,33.5,4.5,0
flow_20.2,43.5,4.5,0
flow_20.3,42.5,4.0,0
flow_20.4,42.5,4.0,0
flow_30.3,25.0,3.0,0
flow_10.4,34.5,4.5,0
flow_10.5,29.5,4.0,0
flow_10.6,23.5,3.0,0
flow_20.5,60.0,4.5,0
flow_20.6,59.0,4.0,0
flow_20.7,57.5,4.0,0
flow_10.7,39.5,4.0,0
flow_30.4,34.5,4.0,0
flow_30.5,35.0,4.0,0
flow_30.6,30.0,4.0,0
flow_00.6,45.5,4.5,0
flow_20.8,65.5,4.5,0
flow_20.9,64.5,4.0,0
flow_20.10,59.5,4.5,0
flow_30.7,39.5,4.5,0
flow_30.8,38.5,4.0,0
flow_30.9,37.0,3.5,0
flow_30.10,29.5,4.0,0
flow_00.7,27.0,3.5,0
flow_20.11,39.5,4.0,0
flow_20.12,26.0,3.5,0
flow_30.11,37.5,4.5,0
flow_00.8,36.5,4.5,0
flow_00.9,36.0,4.0,0
flow_00.10,33.0,3.5,0
flow_10.8,24.5,3.0,0
flow_00.11,50.0,4.0,0
flow_20.13,40.5,4.5,0
flow_00.12,50.0,4.0,0
flow_20.14,36.5,4.0,0
flow_00.13,39.0,4.0,0
flow_30.12,41.0,4.0,0
flow_30.13,33.5,3.5,0
flow_30.14,33.0,3.5,0
flow_00.14,56.5,4.5,0
flow_00.15,54.0,4.0,0
flow_00.16,53.5,4.0,0
flow_00.17,49.5,4.5,0
flow_20.15,40.0,4.5,0
flow_00.18,40.0,4.0,0
flow_20.16,38.0,4.0,0
flow_00.19,27.0,3.5,0
flow_10.9,35.5,4.5,0
flow_00.20,34.0,4.5,0
flow_20.17,24.5,3.0,0
flow_30.15,24.0,2.5,0
flow_20.18,29.0,4.0,0
flow_00.21,31.0,4.0,0
flow_00.22,24.0,3.0,0
flow_30.16,31.5,4.0,0
flow_00.23,41.5,4.5,0
flow_20.19,23.0,2.5,0
flow_10.10,27.0,4.0,0
flow_00.24,34.0,4.5,0
flow_00.25,26.0,3.5,0
flow_00.26,39.0,4.5,0
flow_20.20,23.5,3.0,0
flow_00.27,38.5,4.0,0
flow_00.28,37.0,4.0,0
flow_20.21,24.5,3.0,0
flow_10.11,37.5,4.5,0
flow_00.29,44.5,4.0,0
flow_00.30,33.0,3.5,0
flow_30.17,34.5,4.5,0
flow_30.18,26.0,3.5,0
flow_00.31,44.5,4.5,0
flow_00.32,25.0,3.5,0
flow_10.12,41.0,4.0,0
flow_30.19,25.5,3.5,0
flow_10.13,25.0,3.0,0
flow_00.33,26.5,3.5,0
flow_00.34,24.5,3.0,0
flow_10.14,23.5,3.0,0
flow_30.20,33.5,4.5,0
flow_20.22,41.0,4.5,0
flow_00.35,44.5,4.5,0
flow_20.23,40.5,4.0,0
flow_00.36,44.0,4.0,0
flow_10.15,34.5,4.0,0
flow_10.16,25.0,3.0,0
flow_00.37,43.5,4.5,0
flow_00.38,43.0,4.0,0
flow_00.39,42.0,4.0,0
flow_10.17,39.5,4.5,0
flow_10.18,30.5,4.0,0
flow_20.24,39.0,4.0,0
flow_00.40,60.0,4.5,0
flow_00.41,41.5,4.0,0
flow_20.25,36.0,4.0,0
flow_00.42,36.0,4.0,0
flow_30.21,26.5,3.5,0
flow_00.43,32.5,4.0,0
flow_20.26,35.5,4.5,0
flow_00.44,32.0,4.0,0
flow_00.45,27.5,3.5,0
flow_20.27,22.5,2.5,0
flow_00.46,27.5,4.0,0
flow_10.19,38.0,4.0,0
flow_30.22,27.5,4.0,0
flow_30.23,25.5,3.5,0
flow_10.20,38.5,4.0,0
flow_00.47,39.5,4.0,0
flow_20.28,34.5,4.5,0
flow_00.48,39.5,4.0,0
flow_20.29,23.5,2.5,0
flow_00.49,40.5,4.5,0
flow_30.24,24.0,3.0,0
flow_10.21,40.0,4.5,0
flow_10.22,31.0,4.0,0
flow_00.50,56.0,4.5,0
flow_00.51,55.5,4.0,0
flow_00.52,51.5,4.0,0
flow_30.25,24.5,3.0,0
flow_30.26,24.0,3.0,0
flow_00.53,69.0,4.5,0
flow_00.54,68.0,4.0,0
flow_00.55,54.0,4.0,0
flow_30.27,41.5,4.0,0
flow_30.28,26.0,3.5,0
flow_00.56,62.5,4.5,0
flow_20.30,44.0,4.5,0
flow_20.31,30.5,4.0,0
flow_00.57,62.0,4.0,0
flow_00.58,26.0,3.5,0
flow_00.59,42.5,4.5,0
flow_00.60,42.5,4.0,0
flow_00.61,42.0,4.5,0
flow_30.29,38.0,4.5,0
flow_30.30,28.5,3.5,0
flow_20.32,29.5,4.0,0
flow_00.62,54.5,4.5,0
flow_00.63,48.5,4.0,0
flow_00.64,38.5,4.0,0
flow_30.31,27.0,3.5,0
flow_10.23,26.0,3.5,0
flow_20.33,40.5,4.5,0
flow_00.65,54.0,4.5,0
flow_00.66,53.0,4.0,0
flow_00.67,54.5,5.0,0
flow_00.68,69.5,4.5,0
flow_20.34,43.5,4.5,0
flow_00.69,68.5,4.0,0
flow_20.35,39.5,4.0,0
flow_00.70,58.0,4.0,0
flow_20.36,36.5,4.0,0
flow_10.24,40.0,4.5,0
flow_30.32,24.0,2.5,0
flow_10.25,39.5,4.0,0
flow_00.71,75.0,4.5,0
flow_20.37,47.5,4.5,0
flow_00.72,68.0,3.5,0
flow_00.73,42.5,4.0,0
flow_30.33,26.0,4.0,0
flow_00.74,52.0,4.5,0
flow_20.38,32.5,4.0,0
flow_20.39,32.0,4.0,0
flow_00.75,50.5,4.5,0
flow_00.76,49.0,4.0,0
flow_30.34,28.5,4.0,0
flow_10.26,27.5,4.0,0
flow_10.27,27.0,4.0,0
flow_00.77,56.0,4.0,0
flow_20.40,42.0,4.0,0
flow_00.78,50.5,4.0,0
flow_00.79,50.0,4.5,0
flow_00.80,66.5,4.5,0
flow_20.41,32.0,4.5,0
flow_00.81,62.5,4.0,0
flow_00.82,60.0,4.5,0
flow_30.35,42.5,4.5,0
flow_30.36,40.0,4.0,0
flow_00.83,76.5,4.5,0
flow_00.84,66.0,5.0,0
flow_00.85,44.0,4.5,0
flow_10.28,26.0,3.5,0
flow_30.37,43.0,4.5,0
flow_00.86,42.0,4.5,0
flow_00.87,36.0,4.0,0
flow_00.88,29.5,4.0,0
flow_30.38,26.0,3.0,0
flow_10.29,23.0,2.5,0
flow_00.89,38.0,4.5,0
flow_00.90,24.5,3.0,0
flow_10.30,42.5,4.0,0
flow_20.42,39.5,4.5,0
flow_00.91,45.5,5.0,0
flow_20.43,39.0,4.0,0
flow_00.92,40.5,4.0,0
flow_20.44,27.5,3.5,0
flow_00.93,39.0,4.0,0
flow_10.31,37.5,4.0,0
flow_30.39,36.5,4.5,0
flow_10.32,33.5,4.5,0
flow_30.40,31.5,4.5,0
flow_20.45,34.0,4.5,0
flow_00.94,45.0,4.5,0
flow_00.95,30.0,4.0,0
flow_00.96,24.0,2.5,0
flow_20.46,35.5,4.0,0
flow_20.47,34.5,3.5,0
flow_00.0,36.5,4.5,0
flow_00.1,35.5,4.0,0
flow_20.0,23.5,3.0,0
flow_00.2,32.0,4.0,0
flow_10.0,25.5,3.0,0
flow_30.0,41.5,4.5,0
flow_30.1,38.5,4.0,0
flow_30.2,33.5,4.0,0
flow_00.3,50.0,4.5,0
flow_20.1,26.5,3.5,0
flow_30.3,51.5,4.5,0
flow_30.4,51.0,4.0,0
flow_30.5,50.0,4.0,0
flow_20.2,43.0,4.0,0
flow_00.4,38.0,4.5,0
flow_00.5,33.0,3.5,0
flow_20.3,32.5,4.0,0
flow_20.4,30.5,4.0,0
flow_00.6,33.0,4.0,0
flow_30.6,55.0,4.0,0
flow_10.1,38.0,4.5,0
flow_10.2,38.0,4.0,0
flow_30.7,47.5,4.0,0
flow_30.8,42.0,4.0,0
flow_20.5,48.5,4.5,0
flow_20.6,47.5,3.5,0
flow_20.7,47.5,4.0,0
flow_10.3,38.5,4.5,0
flow_30.9,35.5,4.5,0
flow_10.4,33.5,3.5,0
flow_30.10,35.5,4.0,0
flow_20.8,65.0,4.5,0
flow_00.7,40.0,4.5,0
flow_20.9,63.5,4.0,0
flow_00.8,28.5,4.0,0
flow_20.10,62.5,4.0,0
flow_30.11,40.5,4.0,0
flow_30.12,33.5,3.5,0
flow_20.11,80.0,4.5,0
flow_00.9,31.0,4.5,0
flow_00.10,30.0,4.0,0
flow_20.12,79.5,4.0,0
flow_00.11,27.0,4.0,0
flow_20.13,76.5,4.0,0
flow_10.5,40.5,4.0,0
flow_30.13,42.5,5.0,0
flow_10.6,30.5,4.0,0
flow_30.14,41.5,4.0,0
flow_10.7,29.0,4.0,0
flow_30.15,40.5,4.0,0
flow_20.14,93.5,4.5,0
flow_20.15,86.5,4.0,0
flow_20.16,75.5,4.0,0
flow_10.8,41.5,4.5,0
flow_30.16,58.5,4.5,0
flow_30.17,56.5,3.5,0
flow_30.18,55.5,4.0,0
flow_00.12,26.0,3.5,0
flow_20.17,92.5,4.0,0
flow_20.18,90.5,3.5,0
flow_00.13,25.5,3.5,0
flow_20.19,87.0,4.5,0
flow_10.9,38.0,4.5,0
flow_10.10,25.0,3.0,0
flow_20.20,99.5,4.0,0
flow_00.14,24.5,3.0,0
flow_20.21,95.0,4.5,0
flow_20.22,93.5,4.5,0
flow_30.19,32.5,4.0,0
flow_30.20,32.5,4.0,0
flow_30.21,26.0,3.5,0
flow_20.23,97.0,4.5,0
flow_00.15,25.0,3.5,0
flow_20.24,84.0,3.5,0
flow_00.16,25.5,3.5,0
flow_20.25,71.0,4.0,0
flow_30.22,44.5,4.5,0
flow_30.23,43.5,4.0,0
flow_30.24,39.0,4.0,0
flow_20.26,74.0,4.0,0
flow_00.17,34.0,4.5,0
flow_20.27,73.5,4.0,0
flow_20.28,73.0,4.0,0
flow_30.25,36.5,4.5,0
flow_20.29,89.0,4.0,0
flow_00.18,32.0,4.0,0
flow_20.30,88.5,4.0,0
flow_20.31,86.5,4.5,0
flow_30.26,45.0,4.5,0
flow_10.11,43.0,4.5,0
flow_30.27,43.5,4.0,0
flow_10.12,25.5,3.5,0
flow_30.28,43.0,4.0,0
flow_20.32,89.5,4.5,0
flow_20.33,90.5,4.5,0
flow_20.34,89.5,4.5,0
flow_30.29,38.5,4.5,0
flow_30.30,37.0,4.0,0
flow_30.31,27.0,3.5,0
flow_20.35,97.5,4.0,0
flow_00.19,43.0,4.0,0
flow_20.36,97.0,3.5,0
flow_20.37,88.0,4.5,0
flow_30.32,26.5,3.5,0
flow_10.13,38.0,4.5,0
flow_10.14,36.0,3.5,0
flow_30.33,25.5,3.5,0
flow_30.34,26.0,3.5,0
flow_20.38,103.5,4.0,0
flow_00.20,43.0,4.5,0
flow_20.39,103.0,4.0,0
flow_00.21,42.0,4.0,0
flow_20.40,102.0,4.0,0
flow_30.35,42.5,4.5,0
flow_10.15,24.0,3.0,0
flow_30.36,41.5,3.5,0
flow_30.37,28.5,3.5,0
flow_30.38,27.0,3.5,0
flow_20.41,109.5,4.5,0
flow_00.22,33.0,5.0,0
flow_20.42,107.5,4.0,0
flow_20.43,106.0,4.5,0
flow_30.39,25.0,3.0,0
flow_10.16,42.5,4.0,0
flow_30.40,26.5,4.0,0
flow_30.41,25.0,3.0,0
flow_20.44,110.0,4.5,0
flow_20.45,107.0,4.0,0
flow_00.23,23.5,3.0,0
flow_20.46,104.0,4.0,0
flow_30.42,42.5,4.5,0
flow_10.17,28.0,4.0,0
flow_30.43,41.5,4.0,0
flow_10.18,26.5,3.5,0
flow_30.44,40.0,4.0,0
flow_00.24,24.0,3.0,0
flow_20.47,99.5,4.5,0
flow_20.48,98.5,4.0,0
flow_20.49,94.5,4.0,0
flow_30.45,37.0,4.0,0
flow_10.19,45.0,4.5,0
flow_30.46,28.5,3.5,0
flow_20.50,108.5,4.0,0
flow_00.25,44.5,4.5,0
flow_00.26,43.0,3.5,0
flow_20.51,102.5,4.0,0
flow_00.27,25.0,3.0,0
flow_20.52,77.5,4.0,0
flow_30.47,24.0,3.0,0
flow_30.48,24.5,3.0,0
flow_30.49,26.0,3.5,0
flow_20.53,95.0,4.5,0
flow_20.54,79.0,4.0,0
flow_20.55,77.5,4.0,0
flow_10.20,44.0,4.5,0
flow_30.50,33.0,4.0,0
flow_10.21,42.0,4.0,0
flow_30.51,34.0,4.5,0
flow_20.56,89.5,4.0,0
flow_00.28,43.5,4.0,0
flow_00.29,43.0,3.5,0
flow_20.57,90.0,4.0,0
flow_20.58,65.0,4.0,0
flow_00.30,43.0,4.0,0
flow_30.52,27.5,4.0,0
flow_00.31,41.0,4.0,0
flow_20.59,75.5,4.0,0
flow_20.60,75.5,4.0,0
flow_00.32,36.0,4.0,0
flow_20.61,71.5,3.5,0
flow_00.33,30.5,4.0,0
flow_10.22,44.0,4.5,0
flow_30.53,27.5,4.0,0
flow_30.54,26.0,3.5,0
flow_20.62,87.0,4.0,0
flow_00.34,25.5,3.5,0
flow_20.63,72.0,4.0,0
flow_20.64,71.5,4.0,0
flow_30.55,43.0,4.5,0
flow_30.56,35.0,4.0,0
flow_30.57,34.0,4.0,0
flow_10.23,24.5,3.0,0
flow_20.65,85.5,4.0,0
flow_00.35,34.0,4.5,0
flow_20.66,55.5,4.0,0
flow_00.36,31.5,4.0,0
flow_20.67,49.5,4.5,0
flow_10.24,29.5,4.0,0
flow_30.58,50.0,4.5,0
flow_30.59,37.0,4.0,0
flow_10.25,26.0,3.5,0
flow_30.60,35.5,4.0,0
flow_20.68,65.5,4.5,0
flow_00.37,34.5,4.5,0
flow_20.69,51.5,4.0,0
flow_20.70,50.0,4.0,0
flow_30.61,41.0,4.0,0
flow_10.26,28.0,4.0,0
flow_30.62,26.0,3.5,0
flow_10.27,27.0,3.5,0
flow_30.63,26.0,3.5,0
flow_20.71,67.5,4.5,0
flow_20.72,67.5,4.0,0
flow_20.73,66.0,4.0,0
flow_30.64,25.5,3.5,0
flow_30.65,26.0,3.5,0
flow_20.74,83.0,4.5,0
flow_20.75,67.5,4.0,0
flow_20.76,62.5,4.0,0
flow_30.66,41.0,4.0,0
flow_30.67,40.5,3.5,0
flow_30.68,39.5,3.5,0
flow_20.77,71.5,4.5,0
flow_00.38,24.5,3.0,0
flow_20.78,55.5,4.0,0
flow_10.28,33.0,4.5,0
flow_10.29,25.5,3.5,0
flow_30.69,24.5,3.0,0
flow_20.79,43.5,4.5,0
flow_00.39,43.0,4.5,0
flow_00.40,39.5,4.0,0
flow_20.80,25.0,3.5,0
flow_30.70,42.5,4.0,0
flow_10.30,35.5,4.5,0
flow_00.41,31.0,4.0,0
flow_20.81,42.5,4.5,0
flow_20.82,40.0,4.0,0
flow_20.83,39.0,4.0,0
flow_30.71,35.0,4.0,0
flow_10.31,30.5,4.5,0
flow_00.42,41.0,4.5,0
flow_20.84,57.0,4.5,0
flow_20.85,28.0,4.0,0
flow_20.86,26.5,3.5,0
flow_10.32,33.5,4.0,0
flow_10.33,32.5,4.0,0
flow_10.34,31.0,3.5,0
flow_20.87,43.0,4.5,0
flow_00.43,43.5,4.5,0
flow_20.88,42.0,3.5,0
flow_00.44,43.5,4.0,0
flow_20.89,41.0,4.0,0
flow_00.45,36.5,4.0,0
flow_10.35,30.0,4.0,0
flow_10.36,27.0,3.5,0
flow_30.72,26.5,3.5,0
flow_00.46,53.0,4.5,0
flow_20.90,55.0,4.5,0
flow_00.47,50.5,3.5,0
flow_20.91,25.5,3.0,0
flow_30.73,44.5,4.5,0
flow_10.37,36.0,4.5,0
flow_30.74,44.0,4.0,0
flow_10.38,25.5,3.5,0
flow_30.75,31.0,4.0,0
flow_20.92,37.0,4.0,0
flow_00.48,38.5,4.5,0
flow_00.49,38.5,4.0,0
flow_20.93,24.5,3.0,0
flow_00.50,35.0,4.0,0
flow_10.39,43.0,4.0,0
flow_30.76,46.0,4.5,0
flow_10.40,42.0,4.0,0
flow_30.77,38.0,4.0,0
flow_00.51,40.5,4.0,0
flow_20.94,32.5,4.0,0
flow_20.95,23.5,2.5,0
flow_00.52,25.0,3.0,0
flow_10.41,41.5,4.5,0
flow_30.78,24.5,3.0,0
flow_20.96,39.0,4.0,0
flow_00.53,38.0,4.0,0
flow_00.54,37.0,3.5,0
flow_20.97,38.5,3.5,0
flow_00.55,36.5,3.5,0
flow_30.79,28.5,4.0,0
flow_30.80,28.0,4.0,0
flow_30.81,27.0,3.5,0
flow_10.42,24.0,3.0,0
flow_00.56,54.0,4.5,0
flow_20.98,40.0,4.5,0
flow_20.99,39.5,4.0,0
flow_00.57,26.5,3.5,0
flow_20.100,36.5,4.0,0
flow_30.82,45.5,4.5,0
flow_30.83,44.0,3.5,0
flow_30.84,43.5,4.0,0
flow_20.101,53.5,4.5,0
flow_00.58,31.0,5.0,0
flow_20.102,54.0,4.0,0
flow_20.103,53.0,4.0,0
flow_30.85,60.5,4.5,0
flow_30.86,61.0,4.0,0
flow_30.87,59.5,4.0,0
flow_20.104,70.0,4.5,0
flow_00.59,45.5,5.0,0
flow_20.105,69.5,4.0,0
flow_00.60,45.5,4.0,0
flow_00.61,35.0,4.0,0
flow_20.106,69.5,4.5,0
flow_30.88,76.5,4.5,0
flow_10.43,37.5,5.0,0
flow_30.89,76.5,4.0,0
flow_30.90,76.0,4.5,0
flow_20.107,50.0,4.5,0
flow_00.62,24.0,3.0,0
flow_20.108,49.5,4.0,0
flow_20.109,48.0,4.0,0
flow_10.44,26.0,3.5,0
flow_30.91,71.5,4.0,0
flow_30.92,71.5,4.0,0
flow_30.93,71.0,4.0,0
flow_20.110,66.0,4.5,0
flow_20.111,57.5,4.0,0
flow_20.112,44.5,4.0,0
flow_30.94,87.0,4.0,0
flow_10.45,37.0,4.5,0
flow_10.46,31.0,4.0,0
flow_30.95,52.5,4.0,0
flow_30.96,49.5,4.0,0
flow_00.63,33.5,4.5,0
flow_20.113,45.5,4.5,0
flow_00.64,30.5,4.0,0
flow_20.114,26.5,4.0,0
flow_10.0,24.0,3.0,0
flow_30.0,26.5,3.5,0
flow_30.1,26.0,3.5,0
flow_00.0,26.0,4.0,0
flow_20.0,24.5,3.0,0
flow_10.1,41.0,4.5,0
flow_30.2,44.0,4.5,0
flow_30.3,33.5,3.5,0
flow_30.4,29.5,4.0,0
flow_00.1,38.0,4.5,0
flow_00.2,29.5,4.0,0
flow_00.3,28.5,4.5,0
flow_10.2,29.5,4.0,0
flow_30.5,42.5,4.5,0
flow_30.6,41.5,4.0,0
flow_20.1,43.0,4.0,0
flow_00.4,33.0,4.5,0
flow_20.2,39.5,4.0,0
flow_20.3,31.0,4.0,0
flow_00.5,28.5,4.0,0
flow_20.4,48.0,4.5,0
flow_30.7,43.0,4.5,0
flow_20.5,37.0,4.0,0
flow_00.6,34.0,4.5,0
flow_20.6,33.5,3.5,0
flow_00.7,26.5,3.5,0
flow_20.7,25.5,3.5,0
flow_30.8,38.5,4.5,0
flow_00.8,26.0,3.5,0
flow_20.8,42.5,4.5,0
flow_30.9,40.5,4.5,0
flow_30.10,39.0,3.5,0
flow_30.11,39.5,4.0,0
flow_20.9,40.5,4.5,0
flow_20.10,31.0,4.0,0
flow_10.3,31.5,4.0,0
flow_30.12,51.0,4.5,0
flow_10.4,24.5,3.0,0
flow_30.13,49.0,4.0,0
flow_30.14,26.5,3.5,0
flow_20.11,38.0,4.5,0
flow_20.12,36.0,4.0,0
flow_20.13,26.0,3.0,0
flow_30.15,41.5,4.5,0
flow_30.16,41.0,4.0,0
flow_20.14,32.5,4.5,0
flow_00.9,28.5,4.0,0
flow_20.15,29.0,4.0,0
flow_10.5,23.5,3.0,0
flow_30.17,39.0,4.5,0
flow_30.18,38.0,3.5,0
flow_30.19,32.0,3.5,0
flow_00.10,25.5,3.0,0
flow_20.16,26.5,3.5,0
flow_00.11,26.0,3.5,0
flow_20.17,23.5,3.0,0
flow_30.20,47.5,4.0,0
flow_10.6,33.0,4.0,0
flow_30.21,40.5,4.0,0
flow_10.7,32.5,4.0,0
flow_30.22,31.0,3.5,0
flow_10.8,31.0,4.5,0
flow_00.12,44.5,4.5,0
flow_00.13,32.5,4.0,0
flow_20.18,25.5,3.5,0
flow_10.9,28.5,4.0,0
flow_30.23,49.0,4.5,0
flow_30.24,48.0,3.5,0
flow_30.25,48.0,4.0,0
flow_20.19,41.5,4.0,0
flow_00.14,29.0,4.5,0
flow_00.15,26.0,3.5,0
flow_20.20,34.5,4.0,0
flow_20.21,32.0,4.5,0
flow_30.26,65.0,4.5,0
flow_10.10,30.5,4.5,0
flow_10.11,30.0,4.5,0
flow_30.27,61.5,4.0,0
flow_10.12,28.5,4.0,0
flow_30.28,60.5,4.0,0
flow_00.16,33.0,4.0,0
flow_20.22,48.5,4.5,0
flow_00.17,28.0,3.5,0
flow_20.23,37.5,4.0,0
flow_10.13,29.5,4.0,0
flow_30.29,70.0,4.5,0
flow_30.30,35.5,4.0,0
flow_30.31,34.5,4.0,0
flow_20.24,38.0,4.5,0
flow_00.18,45.5,5.0,0
flow_20.25,37.0,4.0,0
flow_00.19,36.5,4.0,0
flow_20.26,36.5,4.5,0
flow_30.32,52.5,4.5,0
flow_10.14,25.5,3.5,0
flow_30.33,50.5,4.0,0
flow_10.15,25.5,3.0,0
flow_30.34,46.5,4.0,0
flow_00.20,39.0,4.0,0
flow_20.27,47.5,4.5,0
flow_20.28,27.0,4.0,0
flow_00.21,31.5,4.0,0
flow_20.29,26.5,4.0,0
flow_30.35,58.5,4.0,0
flow_00.22,28.0,4.0,0
flow_20.30,29.5,4.0,0
flow_20.31,28.0,4.0,0
flow_00.23,25.5,3.5,0
flow_10.16,25.0,3.0,0
flow_30.36,33.0,4.5,0
flow_30.37,31.0,4.0,0
flow_00.24,40.5,4.5,0
flow_20.32,28.5,4.0,0
flow_00.25,39.0,4.0,0
flow_20.33,24.5,3.0,0
flow_10.17,42.0,4.5,0
flow_30.38,34.5,4.5,0
flow_10.18,27.5,3.5,0
flow_30.39,34.0,4.0,0
flow_10.19,26.5,4.0,0
flow_30.40,25.0,3.0,0
flow_20.34,29.0,4.0,0
flow_30.41,41.0,4.0,0
flow_10.20,42.5,4.5,0
flow_30.42,41.5,4.0,0
flow_30.43,40.5,4.0,0
flow_00.26,31.5,4.0,0
flow_30.44,57.5,4.5,0
flow_30.45,24.5,3.0,0
flow_10.21,24.0,3.0,0
flow_20.35,25.5,3.5,0
flow_10.22,23.5,3.0,0
flow_30.46,42.5,4.5,0
flow_30.47,41.0,4.0,0
flow_30.48,27.0,4.0,0
flow_20.36,38.5,4.0,0
flow_20.37,35.0,4.0,0
flow_20.38,34.0,4.0,0
flow_00.27,28.0,4.0,0
flow_20.39,49.0,4.5,0
flow_20.40,48.0,3.5,0
flow_00.28,27.5,4.0,0
flow_20.41,43.5,4.0,0
flow_00.29,27.0,3.5,0
flow_30.49,40.0,4.0,0
flow_20.42,41.5,4.5,0
flow_00.30,44.0,4.5,0
flow_20.43,40.5,3.5,0
flow_00.31,36.5,4.0,0
flow_00.32,35.5,4.0,0
flow_20.44,42.0,4.5,0
flow_30.50,43.5,4.5,0
flow_30.51,42.0,3.5,0
flow_30.52,33.5,4.0,0
flow_20.45,42.5,4.5,0
flow_00.33,34.5,4.5,0
flow_20.46,29.0,4.0,0
flow_00.34,33.5,4.0,0
flow_00.35,32.0,4.0,0
flow_20.47,28.5,4.5,0
flow_20.48,26.5,4.0,0
flow_30.53,40.0,4.5,0
flow_10.23,24.0,3.0,0
flow_30.54,36.0,4.0,0
flow_30.55,35.0,4.0,0
flow_20.49,40.5,4.0,0
flow_00.36,29.5,4.5,0
flow_20.50,41.5,4.0,0
flow_00.37,25.5,3.5,0
flow_00.38,24.0,3.0,0
flow_20.51,39.5,4.0,0
flow_30.56,40.0,4.5,0
flow_10.24,36.0,4.0,0
flow_30.57,40.0,4.0,0
flow_30.58,29.0,4.0,0
flow_30.59,28.0,4.5,0
flow_20.52,55.0,4.5,0
flow_00.39,42.0,4.0,0
flow_20.53,43.0,4.0,0
flow_20.54,40.5,4.0,0
flow_00.40,27.0,4.0,0
flow_30.60,29.0,4.0,0
flow_10.25,32.0,4.0,0
flow_10.26,31.5,4.0,0
flow_30.61,25.0,3.0,0
flow_20.55,39.0,4.5,0
flow_00.41,27.0,4.0,0
flow_00.42,25.5,3.5,0
flow_20.56,25.0,3.0,0
flow_20.57,26.0,3.5,0
flow_30.62,44.5,5.5,0
flow_10.27,24.5,3.0,0
flow_30.63,36.0,4.5,0
flow_30.64,32.5,4.5,0
flow_20.58,40.5,4.0,0
flow_00.43,43.0,4.5,0
flow_20.59,41.5,4.0,0
flow_00.44,26.0,3.5,0
flow_10.28,39.5,4.5,0
flow_30.65,42.0,4.5,0
flow_10.29,40.0,4.0,0
flow_30.66,26.5,4.0,0
flow_10.30,36.0,4.0,0
flow_00.45,36.0,4.0,0
flow_20.60,35.0,4.5,0
flow_20.61,30.0,4.0,0
flow_00.46,31.5,4.0,0
flow_30.67,36.0,4.5,0
flow_10.31,52.5,5.0,0
flow_20.62,43.0,4.5,0
flow_00.47,30.0,4.0,0
flow_20.63,43.0,4.0,0
flow_20.64,43.5,4.0,0
flow_30.68,42.5,4.5,0
flow_30.69,28.5,3.5,0
flow_30.70,27.0,4.0,0
flow_10.32,26.5,3.5,0
flow_20.65,59.5,4.0,0
flow_00.48,40.5,4.5,0
flow_20.66,60.0,4.0,0
flow_20.67,54.5,4.0,0
flow_30.71,42.5,4.0,0
flow_30.72,25.5,3.0,0
flow_30.73,26.0,3.5,0
flow_20.68,60.0,4.0,0
flow_00.49,40.0,4.5,0
flow_20.69,54.5,4.0,0
flow_20.70,53.5,4.0,0
flow_30.74,35.0,4.5,0
flow_10.33,23.5,3.0,0
flow_20.71,70.0,4.0,0
flow_00.50,42.5,4.5,0
flow_00.51,40.0,4.0,0
flow_20.72,70.5,4.0,0
flow_20.73,44.5,4.0,0
flow_00.52,25.0,3.5,0
flow_10.34,40.0,4.0,0
flow_30.75,30.5,4.5,0
flow_30.76,25.5,3.5,0
flow_20.74,61.5,4.0,0
flow_20.75,51.0,4.0,0
flow_20.76,48.0,4.0,0
flow_30.77,43.0,4.5,0
flow_30.78,39.0,4.5,0
flow_30.79,37.0,4.0,0
flow_10.35,25.5,3.5,0
flow_20.77,55.5,4.5,0
flow_20.78,55.5,4.0,0
flow_20.79,54.0,4.0,0
flow_30.80,34.0,4.5,0
flow_10.36,40.5,4.5,0
flow_10.37,38.0,4.0,0
flow_10.38,27.0,3.5,0
flow_00.53,42.0,4.0,0
flow_20.80,59.5,4.5,0
flow_20.81,41.5,4.0,0
flow_00.54,42.5,4.0,0
flow_20.82,40.0,3.5,0
flow_00.55,27.5,4.0,0
flow_30.81,41.0,5.0,0
flow_30.82,25.5,3.5,0
flow_00.56,41.5,4.0,0
flow_20.83,55.5,4.5,0
flow_30.83,25.0,3.0,0
flow_20.84,43.0,4.5,0
flow_00.57,31.0,4.0,0
flow_20.85,43.0,4.0,0
flow_20.86,41.5,4.0,0
flow_20.87,55.5,4.5,0
flow_00.58,25.0,3.5,0
flow_20.88,56.5,4.5,0
flow_20.89,55.0,4.0,0
flow_00.59,25.5,3.5,0
flow_10.39,23.5,3.0,0
flow_30.84,34.5,4.5,0
flow_30.85,33.0,4.0,0
flow_30.86,32.0,4.0,0
flow_10.40,26.0,3.5,0
flow_30.87,30.5,4.0,0
flow_20.90,55.0,4.5,0
flow_00.60,42.0,4.5,0
flow_20.91,49.0,4.0,0
flow_00.61,40.5,4.0,0
flow_20.92,39.5,4.0,0
flow_00.62,26.5,4.0,0
flow_10.41,23.5,3.0,0
flow_30.88,44.5,4.0,0
flow_30.89,43.5,3.5,0
flow_30.90,43.5,4.0,0
flow_20.93,45.0,4.5,0
flow_00.63,43.0,4.5,0
flow_00.64,35.5,4.0,0
flow_20.94,46.5,4.5,0
flow_00.65,29.5,4.0,0
flow_20.95,45.0,4.5,0
flow_30.91,61.5,4.5,0
flow_30.92,58.5,4.5,0
flow_30.93,44.5,4.5,0
flow_00.66,46.5,4.5,0
flow_20.96,57.5,4.5,0
flow_20.97,49.5,4.0,0
flow_20.98,49.0,4.0,0
flow_30.0,24.5,3.0,0
flow_30.1,24.5,3.0,0
flow_10.0,24.5,3.0,0
flow_20.0,23.0,2.5,0
flow_00.0,30.0,4.0,0
flow_20.1,26.5,3.5,0
flow_10.1,41.5,4.5,0
flow_30.2,47.0,5.0,0
flow_10.2,36.5,4.0,0
flow_30.3,41.0,4.0,0
flow_30.4,38.0,4.0,0
flow_00.1,42.5,4.0,0
flow_00.2,42.5,4.0,0
flow_20.2,25.5,3.5,0
flow_30.5,50.5,4.5,0
flow_30.6,49.5,4.0,0
flow_30.7,49.5,4.0,0
flow_20.3,24.5,3.0,0
flow_00.3,39.0,4.5,0
flow_00.4,39.5,4.0,0
flow_30.8,65.0,4.5,0
flow_30.9,64.5,4.0,0
flow_10.3,25.0,3.5,0
flow_30.10,50.0,4.0,0
flow_00.5,25.0,3.5,0
flow_20.4,32.0,4.0,0
flow_00.6,26.0,3.5,0
flow_00.7,26.0,3.5,0
flow_30.11,67.5,4.5,0
flow_10.4,27.0,4.0,0
flow_30.12,56.0,4.0,0
flow_30.13,48.5,4.5,0
flow_20.5,44.5,4.5,0
flow_00.8,42.0,4.5,0
flow_00.9,24.5,3.0,0
flow_30.14,46.5,4.0,0
flow_10.5,33.0,4.0,0
flow_30.15,38.0,4.0,0
flow_10.6,26.5,3.5,0
flow_30.16,38.0,4.5,0
flow_00.10,44.0,4.5,0
flow_20.6,24.0,2.5,0
flow_00.11,43.0,3.5,0
flow_30.17,54.5,4.5,0
flow_10.7,34.0,4.5,0
flow_10.8,32.5,4.0,0
flow_30.18,54.0,4.5,0
flow_10.9,29.5,4.0,0
flow_30.19,43.0,4.5,0
flow_00.12,47.0,5.0,0
flow_30.20,36.0,4.5,0
flow_10.10,37.0,4.5,0
flow_10.11,36.0,4.0,0
flow_30.21,28.0,4.0,0
flow_10.12,35.0,4.0,0
flow_00.13,32.5,4.5,0
flow_00.14,32.0,4.0,0
flow_00.15,24.0,2.5,0
flow_10.13,44.5,4.5,0
flow_00.16,28.0,4.0,0
flow_30.22,34.5,4.5,0
flow_10.14,40.0,4.5,0
flow_30.23,30.5,4.0,0
flow_10.15,27.0,3.5,0
flow_30.24,25.5,3.5,0
flow_30.25,43.5,4.5,0
flow_30.26,36.5,4.0,0
flow_00.17,38.0,4.0,0
flow_20.7,36.5,4.5,0
flow_00.18,37.5,3.5,0
flow_20.8,36.5,4.0,0
flow_00.19,37.0,3.5,0
flow_20.9,35.5,4.0,0
flow_10.16,26.5,3.5,0
flow_30.27,39.0,4.5,0
flow_30.28,37.0,4.0,0
flow_00.20,54.5,4.5,0
flow_00.21,49.5,4.0,0
flow_20.10,25.0,3.0,0
flow_00.22,40.5,4.0,0
flow_30.29,37.5,4.0,0
flow_10.17,25.5,3.5,0
flow_30.30,24.5,3.0,0
flow_20.11,31.5,4.0,0
flow_00.23,35.0,4.5,0
flow_00.24,30.5,4.0,0
flow_20.12,26.5,3.5,0
flow_30.31,41.0,4.0,0
flow_30.32,40.5,3.5,0
flow_30.33,39.5,3.5,0
flow_20.13,23.5,3.0,0
flow_30.34,39.5,4.5,0
flow_30.35,29.0,3.5,0
flow_00.25,42.0,4.5,0
flow_00.26,38.0,4.0,0
flow_00.27,27.5,4.0,0
flow_10.18,40.0,4.5,0
flow_30.36,32.0,4.5,0
flow_30.37,27.5,4.0,0
flow_00.28,36.5,4.5,0
flow_20.14,44.5,4.5,0
flow_00.29,34.5,4.0,0
flow_20.15,31.0,4.0,0
flow_30.38,41.0,4.5,0
flow_30.39,35.0,3.5,0
flow_10.19,24.5,3.0,0
flow_30.40,33.5,3.5,0
flow_00.30,35.0,4.0,0
flow_20.16,39.0,4.5,0
flow_00.31,27.0,3.5,0
flow_20.17,36.0,4.0,0
flow_00.32,25.0,3.5,0
flow_30.41,48.0,4.0,0
flow_30.42,29.5,3.5,0
flow_30.43,24.5,3.0,0
flow_00.33,33.5,4.5,0
flow_00.34,33.5,4.0,0
flow_30.44,31.0,4.0,0
flow_10.20,39.0,4.5,0
flow_30.45,24.0,3.0,0
flow_00.35,32.0,4.0,0
flow_20.18,25.5,3.5,0
flow_00.36,29.0,4.5,0
flow_00.37,27.5,4.0,0
flow_30.46,40.5,4.0,0
flow_10.21,28.0,4.0,0
flow_30.47,39.0,3.5,0
flow_30.48,39.0,4.0,0
flow_00.38,32.5,4.0,0
flow_20.19,42.5,4.0,0
flow_20.20,41.5,4.0,0
flow_00.39,24.0,2.5,0
flow_30.49,47.5,4.5,0
flow_30.50,41.5,4.0,0
flow_30.51,40.5,4.0,0
flow_00.40,42.0,4.5,0
flow_20.21,40.0,4.5,0
flow_00.41,42.5,4.5,0
flow_00.42,36.5,4.5,0
flow_30.52,25.0,3.0,0
flow_30.53,26.0,3.5,0
flow_00.43,53.0,4.5,0
flow_20.22,39.5,4.5,0
flow_00.44,53.0,4.0,0
flow_20.23,25.0,3.0,0
flow_00.45,35.5,4.0,0
flow_30.54,36.0,4.5,0
flow_30.55,27.5,4.0,0
flow_00.46,52.0,4.5,0
flow_00.47,52.0,4.0,0
flow_00.48,38.5,4.5,0
flow_30.56,41.5,4.5,0
flow_30.57,40.5,4.0,0
flow_30.58,26.0,3.5,0
flow_00.49,54.0,4.5,0
flow_00.50,53.5,4.0,0
flow_00.51,51.0,4.5,0
flow_10.22,25.0,3.0,0
flow_30.59,40.5,4.5,0
flow_30.60,40.5,4.0,0
flow_30.61,39.0,4.0,0
flow_20.24,38.0,4.0,0
flow_00.52,57.5,4.5,0
flow_00.53,39.5,4.0,0
flow_00.54,39.0,4.0,0
flow_30.62,38.5,4.0,0
flow_10.23,31.5,4.0,0
flow_30.63,38.0,3.5,0
flow_30.64,37.0,3.5,0
flow_20.25,28.5,4.0,0
flow_00.55,56.5,4.5,0
flow_00.56,56.0,4.0,0
flow_00.57,44.5,4.0,0
flow_20.26,27.5,4.0,0
flow_30.65,51.0,4.5,0
flow_30.66,48.5,4.0,0
flow_30.67,38.5,4.5,0
flow_20.27,43.0,4.5,0
flow_00.58,61.0,5.0,0
flow_20.28,42.5,4.0,0
flow_00.59,29.0,4.5,0
flow_10.24,39.0,4.5,0
flow_30.68,29.5,4.5,0
flow_30.69,28.5,4.5,0
flow_00.60,25.5,3.5,0
flow_30.70,42.0,4.0,0
flow_30.71,33.0,4.0,0
flow_30.72,29.5,4.0,0
flow_30.73,28.5,4.0,0
flow_00.61,38.0,4.0,0
flow_00.62,37.0,4.0,0
flow_30.74,30.5,4.0,0
flow_10.25,32.0,4.5,0
flow_30.75,30.5,4.5,0
flow_10.26,24.5,3.0,0
flow_00.63,43.5,4.5,0
flow_20.29,44.5,5.0,0
flow_00.64,38.5,4.0,0
flow_20.30,30.5,4.5,0
flow_00.65,31.5,4.0,0
flow_30.76,41.5,4.5,0
flow_30.77,40.5,4.0,0
flow_00.66,41.0,4.0,0
flow_20.31,28.0,4.0,0
flow_00.67,41.0,3.5,0
flow_20.32,27.0,4.0,0
flow_00.68,41.5,4.0,0
flow_30.78,43.5,4.5,0
flow_30.79,43.0,4.0,0
flow_30.80,42.5,4.0,0
flow_00.69,58.0,4.5,0
flow_00.70,49.0,4.0,0
flow_00.71,26.5,3.5,0
flow_30.81,59.0,4.0,0
flow_10.27,25.0,3.0,0
flow_30.82,59.5,5.0,0
flow_30.83,59.0,5.5,0
flow_20.33,37.5,4.0,0
flow_00.72,32.5,4.5,0
flow_20.34,26.5,3.5,0
flow_00.73,30.0,4.5,0
flow_20.35,26.0,3.5,0
flow_00.74,26.5,3.5,0
flow_30.84,58.5,4.0,0
flow_10.28,41.0,4.5,0
flow_30.85,51.0,4.0,0
flow_30.86,35.5,4.0,0
flow_10.29,25.5,3.0,0
flow_00.75,25.0,3.5,0
flow_20.36,25.0,3.0,0
flow_10.30,43.0,4.5,0
flow_30.87,43.5,4.5,0
flow_10.31,42.5,4.0,0
flow_30.88,24.5,3.0,0
flow_00.76,38.0,4.5,0
flow_30.89,40.0,4.5,0
flow_30.90,39.0,3.5,0
flow_30.91,32.5,3.5,0
flow_00.77,29.5,4.0,0
flow_30.92,50.0,4.0,0
flow_10.32,25.5,3.5,0
flow_30.93,47.5,3.5,0
flow_30.94,29.5,3.5,0
flow_00.78,31.5,4.0,0
flow_30.95,32.5,4.5,0
flow_30.96,28.5,3.5,0
flow_30.97,27.0,4.0,0
flow_00.79,29.5,4.0,0
flow_10.33,37.0,4.5,0
flow_30.98,47.0,4.5,0
flow_30.99,46.5,4.5,0
flow_30.100,38.5,4.5,0
flow_00.80,43.5,4.5,0
flow_00.81,38.5,4.0,0
flow_30.101,48.5,4.0,0
flow_10.34,24.5,3.0,0
flow_30.102,35.0,4.0,0
flow_30.103,34.5,4.0,0
flow_20.37,24.5,3.0,0
flow_00.82,42.0,4.0,0
flow_30.104,47.5,4.0,0
flow_10.35,44.0,4.5,0
flow_10.36,29.0,3.5,0
flow_30.105,37.0,4.0,0
flow_30.106,36.0,4.0,0
flow_20.38,26.0,4.0,0
flow_00.83,27.5,4.0,0
flow_30.107,50.5,4.0,0
flow_10.37,44.0,4.5,0
flow_30.108,41.0,4.0,0
flow_30.109,35.5,4.0,0
flow_20.39,27.0,3.5,0
flow_10.0,24.0,3.0,0
flow_00.0,40.0,5.0,0
flow_20.0,24.5,3.0,0
flow_10.1,23.0,2.5,0
flow_30.0,42.0,4.0,0
flow_30.1,43.0,4.0,0
flow_30.2,38.5,4.0,0
flow_00.1,34.5,4.5,0
flow_20.1,25.5,3.5,0
flow_10.2,29.0,4.0,0
flow_30.3,48.5,4.5,0
flow_30.4,25.5,3.5,0
flow_00.2,44.0,4.5,0
flow_30.5,32.0,4.0,0
flow_30.6,28.5,4.0,0
flow_30.7,27.5,4.0,0
flow_20.2,36.0,4.0,0
flow_00.3,33.0,4.5,0
flow_20.3,35.5,3.5,0
flow_20.4,35.5,4.0,0
flow_10.3,40.5,4.5,0
flow_30.8,45.5,4.5,0
flow_10.4,32.0,4.0,0
flow_30.9,25.0,3.0,0
flow_30.10,24.5,3.0,0
flow_20.5,53.0,4.5,0
flow_20.6,52.0,4.0,0
flow_20.7,51.0,4.0,0
flow_30.11,40.5,4.0,0
flow_10.5,37.5,4.5,0
flow_10.6,35.5,3.5,0
flow_30.12,35.0,3.5,0
flow_10.7,34.5,4.0,0
flow_30.13,35.5,4.0,0
flow_30.14,32.0,4.5,0
flow_00.4,43.5,4.0,0
flow_20.8,41.0,5.0,0
flow_20.9,39.5,4.5,0
flow_20.10,33.5,4.5,0
flow_30.15,37.0,4.0,0
flow_10.8,50.5,4.5,0
flow_30.16,33.0,3.5,0
flow_10.9,48.0,4.0,0
flow_30.17,27.0,4.0,0
flow_10.10,41.5,4.0,0
flow_30.18,26.0,3.5,0
flow_20.11,42.0,4.0,0
flow_00.5,34.5,4.5,0
flow_20.12,26.5,3.5,0
flow_30.19,25.0,3.0,0
flow_10.11,45.5,4.5,0
flow_10.12,45.0,4.0,0
flow_30.20,27.0,4.0,0
flow_30.21,25.5,3.0,0
flow_00.6,41.5,4.5,0
flow_20.13,44.5,4.5,0
flow_00.7,40.5,3.5,0
flow_20.14,43.5,4.0,0
flow_20.15,43.0,4.0,0
flow_30.22,42.0,4.5,0
flow_10.13,33.0,4.5,0
flow_30.23,41.0,4.0,0
flow_30.24,38.0,4.0,0
flow_20.16,58.0,4.5,0
flow_20.17,48.0,3.5,0
flow_20.18,45.5,4.0,0
flow_30.25,54.0,5.0,0
flow_30.26,52.0,4.0,0
flow_30.27,40.5,4.0,0
flow_20.19,62.0,4.5,0
flow_00.8,38.0,4.5,0
flow_20.20,61.0,3.5,0
flow_00.9,37.5,4.0,0
flow_00.10,36.0,3.5,0
flow_20.21,61.0,4.0,0
flow_30.28,50.5,4.5,0
flow_10.14,42.5,4.5,0
flow_30.29,44.0,3.5,0
flow_10.15,24.5,3.0,0
flow_30.30,45.0,4.5,0
flow_20.22,77.5,4.0,0
flow_00.11,41.0,4.5,0
flow_20.23,61.5,3.5,0
flow_20.24,55.0,4.0,0
flow_30.31,60.0,4.0,0
flow_30.32,59.5,4.0,0
flow_30.33,50.5,4.0,0
flow_20.25,72.0,4.5,0
flow_20.26,26.5,3.5,0
flow_30.34,69.5,5.0,0
flow_30.35,50.0,4.0,0
flow_30.36,26.0,3.5,0
flow_20.27,42.0,4.5,0
flow_00.12,38.0,4.5,0
flow_20.28,41.0,4.0,0
flow_00.13,26.5,3.5,0
flow_20.29,27.0,4.0,0
flow_30.37,41.0,4.0,0
flow_30.38,34.5,3.5,0
flow_30.39,30.5,4.0,0
flow_20.30,44.0,4.5,0
flow_00.14,32.0,4.5,0
flow_20.31,40.0,4.0,0
flow_00.15,30.5,4.5,0
flow_00.16,28.5,4.0,0
flow_20.32,39.0,4.0,0
flow_30.40,40.0,4.0,0
flow_10.16,35.5,4.5,0
flow_30.41,40.5,4.0,0
flow_30.42,31.5,4.0,0
flow_20.33,47.0,4.0,0
flow_20.34,43.0,3.5,0
flow_30.43,49.0,4.5,0
flow_10.17,37.5,4.5,0
flow_30.44,49.5,4.0,0
flow_10.18,29.0,4.5,0
flow_30.45,48.0,4.0,0
flow_20.35,44.5,4.5,0
flow_00.17,43.0,4.5,0
flow_20.36,45.5,4.0,0
flow_20.37,44.5,4.5,0
flow_10.19,27.0,3.5,0
flow_30.46,64.5,4.5,0
flow_30.47,59.0,4.0,0
flow_30.48,50.0,4.0,0
flow_20.38,50.5,4.0,0
flow_00.18,44.0,4.5,0
flow_30.49,63.0,4.5,0
flow_10.20,24.5,3.0,0
flow_30.50,62.0,4.0,0
flow_30.51,61.0,4.0,0
flow_20.39,38.5,4.5,0
flow_00.19,32.5,4.0,0
flow_20.40,35.5,4.0,0
flow_20.41,31.0,4.0,0
flow_30.52,79.0,4.5,0
flow_30.53,65.0,4.0,0
flow_30.54,63.5,4.0,0
flow_20.42,48.5,5.0,0
flow_00.20,25.5,3.5,0
flow_20.43,46.5,4.0,0
flow_20.44,47.0,4.5,0
flow_30.55,68.0,4.5,0
flow_10.21,42.5,5.0,0
flow_30.56,61.5,4.0,0
flow_10.22,41.0,4.0,0
flow_10.23,34.0,4.0,0
flow_30.57,33.0,4.0,0
flow_20.45,62.5,4.5,0
flow_00.21,37.5,5.0,0
flow_20.46,43.5,4.0,0
flow_00.22,31.5,4.5,0
flow_20.47,43.0,4.0,0
flow_30.58,51.0,4.5,0
flow_10.24,30.5,4.5,0
flow_30.59,50.5,4.0,0
flow_30.60,49.5,4.5,0
flow_20.48,35.5,4.5,0
flow_20.49,29.5,4.0,0
flow_00.23,25.5,3.5,0
flow_20.50,27.5,4.0,0
flow_30.61,65.0,4.5,0
flow_10.25,36.5,4.5,0
flow_30.62,57.5,4.0,0
flow_10.26,36.0,4.0,0
flow_30.63,32.5,4.5,0
flow_00.24,42.0,4.0,0
flow_20.51,42.0,4.5,0
flow_20.52,27.0,3.5,0
flow_20.53,28.0,4.0,0
flow_30.64,44.5,4.5,0
flow_30.65,44.0,4.0,0
flow_30.66,40.5,4.0,0
flow_00.25,34.5,4.5,0
flow_20.54,39.0,4.5,0
flow_20.55,42.0,5.0,0
flow_20.56,37.0,5.0,0
flow_30.67,55.0,4.5,0
flow_30.68,54.5,4.0,0
flow_30.69,43.5,4.0,0
flow_20.57,52.0,4.5,0
flow_00.26,43.5,4.5,0
flow_20.58,52.5,4.5,0
flow_00.27,24.0,2.5,0
flow_20.59,51.0,4.0,0
flow_10.27,42.5,4.5,0
flow_30.70,42.0,4.5,0
flow_10.28,31.0,4.0,0
flow_30.71,41.5,4.0,0
flow_30.72,40.0,4.0,0
flow_20.60,67.5,4.5,0
flow_20.61,66.5,4.0,0
flow_20.62,66.5,4.0,0
flow_30.73,48.0,5.0,0
flow_10.29,44.5,4.5,0
flow_30.74,42.0,4.0,0
flow_30.75,38.5,3.5,0
flow_20.63,83.0,4.5,0
flow_20.64,77.5,4.0,0
flow_20.65,76.5,4.0,0
flow_30.76,56.5,4.5,0
flow_10.30,39.5,4.5,0
flow_10.31,35.0,4.0,0
flow_30.77,57.0,4.5,0
flow_30.78,56.5,4.5,0
flow_20.66,94.5,4.5,0
flow_20.67,84.0,4.0,0
flow_00.28,27.0,4.0,0
flow_20.68,71.5,4.0,0
flow_30.79,56.0,4.0,0
flow_10.32,42.0,4.0,0
flow_10.33,36.5,4.0,0
flow_30.80,48.0,4.0,0
flow_10.34,35.0,3.5,0
flow_30.81,33.5,4.0,0
flow_20.69,76.0,4.5,0
flow_20.70,75.5,4.0,0
flow_20.71,75.0,4.0,0
flow_30.82,31.5,4.5,0
flow_30.83,30.0,4.5,0
flow_20.72,93.0,4.5,0
flow_20.73,71.0,4.0,0
flow_20.74,60.5,4.0,0
flow_10.35,35.0,4.5,0
flow_10.36,27.0,3.5,0
flow_20.75,77.0,4.5,0
flow_20.76,69.0,4.0,0
flow_20.77,66.0,4.0,0
flow_30.84,42.0,4.5,0
flow_30.85,32.5,4.0,0
flow_10.37,23.0,2.5,0
flow_30.86,32.0,4.0,0
flow_20.78,84.0,4.5,0
flow_20.79,82.5,4.5,0
flow_20.80,72.0,4.0,0
flow_10.38,42.5,4.5,0
flow_30.87,47.5,4.5,0
flow_10.39,41.5,4.0,0
flow_30.88,45.5,4.0,0
flow_10.40,37.0,4.0,0
flow_30.89,44.0,4.0,0
flow_00.29,39.0,4.5,0
flow_20.81,89.5,4.5,0
flow_20.82,85.5,4.0,0
flow_20.83,61.5,4.0,0
flow_30.90,56.5,4.0,0
flow_10.41,54.5,4.5,0
flow_30.91,56.0,4.0,0
flow_10.42,25.0,3.0,0
flow_30.92,55.5,4.0,0
flow_00.30,28.5,4.0,0
flow_20.84,77.5,4.5,0
flow_00.31,26.0,3.5,0
flow_20.85,74.0,4.0,0
flow_20.86,73.5,4.0,0
flow_30.93,72.5,4.5,0
flow_30.94,73.5,4.5,0
flow_30.95,72.5,4.5,0
flow_20.87,89.5,4.5,0
flow_00.32,31.0,4.0,0
flow_20.88,66.5,4.0,0
flow_20.89,59.5,4.0,0
flow_30.96,88.5,4.5,0
flow_10.43,44.5,4.5,0
flow_30.97,89.0,4.5,0
flow_30.98,81.5,4.0,0
flow_20.90,75.5,4.0,0
flow_00.33,41.0,4.5,0
flow_20.91,33.0,3.5,0
flow_20.92,32.0,4.0,0
flow_30.99,92.5,4.0,0
flow_10.44,34.0,4.5,0
flow_30.100,92.5,4.0,0
flow_10.45,25.5,3.0,0
flow_30.101,84.5,4.0,0
flow_20.93,46.0,4.0,0
flow_00.34,40.0,4.5,0
flow_20.94,41.0,4.0,0
flow_30.102,101.0,4.0,0
flow_30.103,92.0,4.0,0
flow_30.104,82.0,4.5,0
flow_00.35,34.5,4.0,0
flow_20.95,39.0,4.0,0
flow_20.96,32.5,4.0,0
flow_20.97,33.0,4.5,0
flow_10.46,35.0,4.0,0
flow_30.105,97.5,4.5,0
flow_30.106,96.5,3.5,0
flow_30.107,95.0,3.5,0
flow_10.47,27.0,4.0,0
flow_20.98,38.5,4.5,0
flow_00.36,36.5,4.5,0
flow_20.99,34.5,4.0,0
flow_00.37,34.5,4.0,0
flow_30.108,103.5,4.5,0
flow_30.109,76.0,4.0,0
flow_30.110,65.0,4.0,0
flow_20.100,30.5,4.0,0
flow_20.101,29.0,3.5,0
flow_00.38,26.5,3.5,0
flow_10.48,32.0,4.0,0
flow_30.111,83.0,4.5,0
flow_30.112,60.5,4.5,0
flow_30.113,43.0,5.0,0
flow_20.102,44.5,4.5,0
flow_00.39,33.0,4.0,0
flow_20.103,29.0,3.5,0
flow_10.49,29.5,4.0,0
flow_30.114,58.0,4.5,0
flow_30.115,57.0,4.0,0
flow_30.116,57.0,4.5,0
flow_20.104,23.0,2.5,0
flow_30.117,70.5,4.5,0
flow_30.118,70.5,4.0,0
flow_30.119,69.5,4.0,0
flow_10.50,25.0,3.5,0
flow_20.105,30.0,4.0,0
flow_00.40,23.5,3.0,0
flow_10.0,25.5,3.5,0
flow_20.0,36.5,4.5,0
flow_20.1,26.5,3.5,0
flow_20.2,26.0,3.5,0
flow_00.0,24.5,3.0,0
flow_10.1,44.0,4.5,0
flow_00.1,32.5,4.5,0
flow_20.3,43.5,4.5,0
flow_00.2,28.0,3.5,0
flow_20.4,41.0,4.0,0
flow_20.5,40.0,4.0,0
flow_20.6,38.5,4.5,0
flow_00.3,42.0,4.5,0
flow_00.4,39.5,4.0,0
flow_20.7,34.5,4.0,0
flow_00.5,35.5,4.0,0
flow_30.0,26.0,3.5,0
flow_00.6,53.0,4.5,0
flow_20.8,34.0,4.5,0
flow_20.9,32.5,4.0,0
flow_00.7,50.0,4.0,0
flow_20.10,28.0,4.0,0
flow_00.8,50.0,4.0,0
flow_30.1,33.0,4.5,0
flow_20.11,37.5,4.0,0
flow_00.9,31.5,4.0,0
flow_10.2,33.0,4.0,0
flow_20.12,35.5,4.0,0
flow_00.10,35.0,4.5,0
flow_20.13,33.0,4.0,0
flow_00.11,27.0,4.0,0
flow_10.3,40.0,4.0,0
flow_20.14,23.5,3.0,0
flow_00.12,40.0,4.5,0
flow_00.13,39.5,4.0,0
flow_10.4,35.5,4.5,0
flow_30.2,28.5,4.0,0
flow_00.14,35.5,4.5,0
flow_00.15,28.0,4.0,0
flow_30.3,39.5,4.5,0
flow_10.5,35.0,4.5,0
flow_10.6,34.0,4.0,0
flow_20.15,45.0,4.5,0
flow_20.16,25.0,3.0,0
flow_30.4,30.5,4.0,0
flow_10.7,25.0,3.5,0
flow_30.5,31.0,4.0,0
flow_20.17,42.0,4.5,0
flow_00.16,28.0,4.0,0
flow_20.18,34.5,4.0,0
flow_10.8,42.5,4.5,0
flow_30.6,32.0,4.5,0
flow_30.7,24.5,3.0,0
flow_00.17,40.0,4.0,0
flow_20.19,44.0,4.5,0
flow_20.20,40.5,4.5,0
flow_20.21,29.0,4.0,0
flow_10.9,31.5,4.0,0
flow_30.8,44.5,4.5,0
flow_30.9,35.5,4.0,0
flow_10.10,24.0,2.5,0
flow_30.10,28.0,4.0,0
flow_00.18,33.0,4.0,0
flow_20.22,43.0,4.5,0
flow_20.23,43.0,4.0,0
flow_00.19,33.5,4.0,0
flow_00.20,28.0,4.0,0
flow_00.21,41.5,4.0,0
flow_20.24,42.0,4.5,0
flow_20.25,28.5,3.5,0
flow_20.26,24.5,3.0,0
flow_10.11,23.0,2.5,0
flow_30.11,25.0,3.0,0
flow_20.27,38.0,4.5,0
flow_20.28,37.5,4.0,0
flow_20.29,30.5,3.5,0
flow_00.22,25.5,3.5,0
flow_10.12,33.5,4.5,0
flow_20.30,41.5,4.0,0
flow_00.23,34.5,4.5,0
flow_20.31,43.0,4.5,0
flow_00.24,27.0,3.5,0
flow_20.32,41.5,4.5,0
flow_30.12,23.5,3.0,0
flow_00.25,33.0,4.5,0
flow_20.33,57.0,4.5,0
flow_20.34,35.0,4.0,0
flow_30.13,39.0,4.5,0
flow_10.13,31.0,4.0,0
flow_00.26,39.0,4.0,0
flow_00.27,39.5,4.0,0
flow_00.28,39.0,4.0,0
flow_10.14,41.5,4.5,0
flow_30.14,23.5,3.0,0
flow_20.35,45.0,4.5,0
flow_00.29,52.0,4.5,0
flow_20.36,30.0,4.0,0
flow_20.37,28.5,4.0,0
flow_20.38,27.5,4.0,0
flow_30.15,25.5,3.5,0
flow_10.15,25.5,3.5,0
flow_00.30,32.0,4.0,0
flow_00.31,25.5,3.5,0
flow_00.32,24.5,3.0,0
flow_30.16,41.0,4.5,0
flow_10.16,24.5,3.0,0
flow_00.33,42.5,4.5,0
flow_20.39,47.0,5.0,0
flow_00.34,42.0,4.0,0
flow_20.40,42.5,4.0,0
flow_20.41,36.0,4.0,0
flow_00.35,25.5,3.5,0
flow_10.17,38.5,4.0,0
flow_10.18,31.0,4.0,0
flow_30.17,25.0,3.5,0
flow_10.19,28.0,3.5,0
flow_00.36,23.5,3.0,0
flow_00.37,27.0,4.0,0
flow_30.18,44.0,4.5,0
flow_30.19,36.5,4.0,0
flow_00.38,43.5,4.5,0
flow_20.42,22.5,2.5,0
flow_30.20,44.5,4.5,0
flow_30.21,34.5,3.5,0
flow_00.39,27.0,3.5,0
flow_20.43,42.0,4.5,0
flow_00.40,26.5,3.5,0
flow_20.44,41.5,4.0,0
flow_20.45,35.5,4.5,0
flow_00.41,34.5,5.0,0
flow_20.46,32.0,4.0,0
flow_00.42,28.5,4.0,0
flow_20.47,26.0,3.5,0
flow_10.20,24.5,3.0,0
flow_20.48,31.0,4.0,0
flow_00.43,36.5,4.5,0
flow_20.49,29.0,4.0,0
flow_00.44,29.5,4.0,0
flow_20.50,25.5,3.5,0
flow_30.22,27.5,4.0,0
flow_00.45,38.0,4.5,0
flow_20.51,30.5,4.0,0
flow_20.52,29.0,3.5,0
flow_20.53,24.5,3.0,0
flow_30.23,40.0,4.5,0
flow_10.21,39.5,4.5,0
flow_30.24,25.5,3.0,0
flow_10.22,32.0,4.0,0
flow_00.46,45.0,4.5,0
flow_20.54,41.0,4.5,0
flow_20.55,33.0,4.0,0
flow_00.47,43.5,4.5,0
flow_20.56,26.0,3.5,0
flow_00.48,34.0,4.5,0
flow_30.25,28.5,4.0,0
flow_10.23,23.0,2.5,0
flow_00.49,50.0,4.5,0
flow_20.57,43.5,4.5,0
flow_00.50,50.5,4.0,0
flow_00.51,50.0,4.5,0
flow_30.26,30.0,4.0,0
flow_30.27,29.5,3.5,0
flow_20.58,43.0,4.0,0
flow_00.52,54.0,4.5,0
flow_00.53,31.5,4.0,0
flow_20.59,36.0,4.0,0
flow_20.60,33.0,4.0,0
flow_00.54,29.0,4.0,0
flow_20.61,32.0,4.0,0
flow_00.55,46.5,5.0,0
flow_20.62,24.0,3.0,0
flow_00.56,46.5,4.5,0
flow_00.57,45.0,3.5,0
flow_20.63,27.0,4.0,0
flow_30.28,41.5,4.5,0
flow_10.24,41.5,4.5,0
flow_30.29,38.0,4.0,0
flow_10.25,37.5,4.0,0
flow_10.26,37.0,4.0,0
flow_00.58,61.0,4.0,0
flow_20.64,32.5,4.0,0
flow_00.59,61.5,4.0,0
flow_00.60,60.0,4.0,0
flow_10.27,38.5,5.0,0
flow_10.28,27.5,4.0,0
flow_00.61,75.0,4.5,0
flow_20.65,45.0,4.5,0
flow_00.62,62.5,4.0,0
flow_00.63,58.5,4.0,0
flow_10.29,39.0,4.5,0
flow_00.64,67.5,4.5,0
flow_20.66,35.5,4.5,0
flow_00.65,50.5,4.0,0
flow_20.67,33.5,4.5,0
flow_00.66,49.0,4.0,0
flow_20.68,31.5,4.0,0
flow_30.30,40.0,4.0,0
flow_10.30,24.5,3.0,0
flow_20.69,45.5,4.5,0
flow_00.67,64.5,4.5,0
flow_20.70,33.5,4.0,0
flow_00.68,63.5,4.0,0
flow_00.69,61.5,4.0,0
flow_30.31,30.0,4.0,0
flow_10.31,33.0,4.0,0
flow_10.32,32.5,4.0,0
flow_30.32,23.0,2.5,0
flow_00.70,23.0,2.5,0
flow_20.71,42.5,4.5,0
flow_20.72,38.0,4.0,0
flow_00.71,25.0,3.5,0
flow_20.73,30.0,3.5,0
flow_10.33,32.0,4.0,0
flow_00.72,40.0,4.5,0
flow_20.74,42.0,4.5,0
flow_20.75,38.5,4.0,0
flow_10.34,42.0,4.0,0
flow_30.33,33.5,4.5,0
flow_10.35,37.5,3.5,0
flow_10.36,34.5,4.0,0
flow_00.73,37.5,4.5,0
flow_20.76,30.5,4.5,0
flow_00.74,37.0,4.0,0
flow_00.75,35.0,4.0,0
flow_10.37,51.5,4.5,0
flow_00.76,51.5,4.0,0
flow_20.77,40.0,4.5,0
flow_00.77,51.5,4.0,0
flow_20.78,37.0,4.0,0
flow_00.78,42.0,4.0,0
flow_10.38,39.5,5.0,0
flow_00.79,58.5,4.5,0
flow_20.79,42.5,4.5,0
flow_00.80,31.5,4.0,0
flow_20.80,42.0,4.0,0
flow_00.81,27.5,3.5,0
flow_00.82,26.5,4.0,0
flow_10.39,42.0,4.0,0
flow_30.34,42.5,4.5,0
flow_30.35,41.0,4.0,0
flow_30.36,25.0,3.5,0
flow_00.83,41.5,4.5,0
flow_00.84,40.5,3.5,0
flow_20.81,25.5,3.5,0
flow_10.40,25.5,3.5,0
flow_30.37,36.5,4.5,0
flow_30.38,28.5,4.0,0
flow_00.85,43.0,4.5,0
flow_20.82,40.5,4.5,0
flow_20.83,30.0,4.0,0
flow_00.86,43.0,4.0,0
flow_00.87,35.0,4.0,0
flow_20.84,41.0,4.5,0
flow_00.88,41.0,4.5,0
flow_00.89,31.0,4.0,0
flow_20.85,40.5,4.0,0
flow_20.86,33.5,4.0,0
flow_30.0,27.0,4.0,0
flow_00.0,36.5,4.0,0
flow_20.0,29.0,4.0,0
flow_20.1,27.5,4.0,0
flow_00.1,31.5,4.0,0
flow_00.2,27.0,3.5,0
flow_30.1,42.0,4.5,0
flow_10.0,26.0,3.5,0
flow_30.2,26.0,3.5,0
flow_00.3,39.5,4.0,0
flow_00.4,25.5,3.5,0
flow_20.2,25.5,3.5,0
flow_00.5,24.5,3.0,0
flow_10.1,42.0,4.5,0
flow_30.3,25.0,3.5,0
flow_10.2,28.0,4.5,0
flow_00.6,41.0,4.5,0
flow_20.3,41.5,4.5,0
flow_00.7,41.0,4.0,0
flow_00.8,34.5,4.0,0
flow_10.3,25.5,3.0,0
flow_30.4,32.5,4.0,0
flow_30.5,25.5,3.5,0
flow_00.9,41.5,4.5,0
flow_20.4,29.5,4.0,0
flow_00.10,40.5,4.0,0
flow_20.5,26.5,3.5,0
flow_20.6,25.0,3.5,0
flow_00.11,41.0,4.5,0
flow_10.4,37.0,4.5,0
flow_30.6,39.0,4.5,0
flow_00.12,49.5,4.5,0
flow_20.7,32.0,4.0,0
flow_00.13,36.5,4.0,0
flow_00.14,28.5,4.0,0
flow_30.7,25.0,3.5,0
flow_00.15,44.5,4.0,0
flow_20.8,32.5,4.5,0
flow_20.9,27.5,3.5,0
flow_00.16,44.5,4.0,0
flow_00.17,43.5,4.0,0
flow_30.8,31.0,4.0,0
flow_00.18,59.0,4.5,0
flow_20.10,26.5,3.5,0
flow_00.19,56.0,4.0,0
flow_00.20,56.5,4.0,0
flow_10.5,42.0,4.0,0
flow_30.9,44.0,4.5,0
flow_30.10,43.5,4.0,0
flow_30.11,43.0,4.0,0
flow_20.11,23.5,3.0,0
flow_00.21,70.5,4.5,0
flow_00.22,51.0,4.0,0
flow_00.23,49.5,4.0,0
flow_30.12,29.0,4.0,0
flow_10.6,38.0,4.5,0
flow_30.13,29.0,4.0,0
flow_10.7,33.0,4.5,0
flow_00.24,64.0,5.0,0
flow_00.25,38.0,4.0,0
flow_00.26,34.5,4.0,0
flow_10.8,41.5,4.5,0
flow_00.27,43.0,4.0,0
flow_00.28,38.0,4.0,0
flow_10.9,41.5,4.0,0
flow_00.29,38.0,4.0,0
flow_00.30,36.5,4.0,0
flow_00.31,31.5,4.0,0
flow_30.14,30.0,4.0,0
flow_10.10,29.5,4.0,0
flow_20.12,36.0,4.5,0
flow_00.32,35.5,4.5,0
flow_20.13,26.5,3.5,0
flow_00.33,32.5,4.0,0
flow_00.34,28.5,4.0,0
flow_30.15,38.0,4.5,0
flow_10.11,44.0,4.5,0
flow_30.16,31.0,4.0,0
flow_30.17,30.5,4.0,0
flow_30.18,30.5,4.5,0
flow_20.14,43.5,4.5,0
flow_00.35,39.5,4.0,0
flow_00.36,38.5,4.0,0
flow_00.37,39.0,4.5,0
flow_30.19,34.5,4.5,0
flow_00.38,52.5,4.5,0
flow_00.39,47.0,4.0,0
flow_00.40,28.5,3.5,0
flow_30.20,38.0,4.5,0
flow_30.21,26.0,3.5,0
flow_20.15,42.0,4.0,0
flow_00.41,23.5,3.0,0
flow_00.42,24.0,3.0,0
flow_30.22,38.5,4.0,0
flow_00.43,37.5,4.0,0
flow_20.16,46.0,4.5,0
flow_00.44,24.0,3.0,0
flow_20.17,45.5,4.0,0
flow_20.18,34.5,4.0,0
flow_30.23,39.0,4.5,0
flow_20.19,29.0,4.0,0
flow_30.24,24.5,3.0,0
flow_20.20,26.5,3.5,0
flow_00.45,36.0,4.0,0
flow_20.21,24.0,2.5,0
flow_20.22,25.5,3.0,0
flow_10.12,40.5,4.0,0
flow_30.25,39.5,4.0,0
flow_30.26,27.0,3.5,0
flow_30.27,24.0,3.0,0
flow_00.46,26.0,3.5,0
flow_20.23,34.5,4.5,0
flow_20.24,28.0,4.0,0
flow_00.47,25.5,3.0,0
flow_00.48,28.0,4.0,0
flow_10.13,24.5,3.0,0
flow_00.49,42.0,4.5,0
flow_20.25,39.0,4.5,0
flow_20.26,31.0,4.0,0
flow_00.50,26.0,3.5,0
flow_30.28,26.0,3.5,0
flow_00.51,33.5,4.0,0
flow_20.27,40.5,4.5,0
flow_00.52,30.5,4.0,0
flow_20.28,28.5,4.0,0
flow_00.53,29.5,4.5,0
flow_20.29,27.5,4.0,0
flow_20.30,33.5,4.0,0
flow_30.29,29.5,4.0,0
flow_30.30,28.0,4.0,0
flow_00.54,42.0,4.0,0
flow_20.31,42.0,4.5,0
flow_20.32,41.5,4.0,0
flow_00.55,43.0,4.0,0
flow_00.56,43.0,4.5,0
flow_30.31,39.0,4.5,0
flow_10.14,32.5,4.0,0
flow_10.15,28.0,4.0,0
flow_00.57,58.0,4.5,0
flow_20.33,32.0,4.0,0
flow_00.58,48.5,4.0,0
flow_00.59,43.5,4.5,0
flow_10.16,27.0,4.0,0
flow_10.17,27.0,4.0,0
flow_00.60,24.5,3.0,0
flow_20.34,45.5,4.5,0
flow_20.35,38.5,4.0,0
flow_30.32,36.5,4.0,0
flow_10.18,45.5,4.5,0
flow_30.33,38.0,4.0,0
flow_30.34,32.5,4.0,0
flow_00.61,36.5,4.0,0
flow_20.36,26.5,3.5,0
flow_00.62,25.5,3.5,0
flow_00.63,24.5,3.0,0
flow_10.19,29.0,4.0,0
flow_30.35,40.0,4.5,0
flow_10.20,28.0,4.0,0
flow_00.64,41.0,4.5,0
flow_20.37,33.0,4.0,0
flow_00.65,37.0,4.0,0
flow_00.66,34.0,4.0,0
flow_00.67,50.5,4.5,0
flow_20.38,40.5,4.5,0
flow_20.39,29.5,4.0,0
flow_00.68,46.5,4.5,0
flow_00.69,29.0,4.0,0
flow_30.36,36.5,4.5,0
flow_30.37,33.0,4.0,0
flow_20.40,38.5,4.5,0
flow_20.41,34.5,4.0,0
flow_30.38,40.5,4.5,0
flow_30.39,32.5,4.0,0
flow_20.42,38.0,4.5,0
flow_00.70,25.5,3.5,0
flow_20.43,30.5,4.0,0
flow_30.40,31.0,4.5,0
flow_20.44,32.5,4.5,0
flow_00.71,35.0,4.5,0
flow_20.45,32.0,4.0,0
flow_00.72,27.0,3.5,0
flow_00.73,26.0,3.5,0
flow_30.41,25.0,3.0,0
flow_10.21,38.5,4.5,0
flow_00.74,32.0,4.0,0
flow_20.46,30.5,4.5,0
flow_00.75,31.0,3.5,0
flow_00.76,30.5,4.0,0
flow_30.42,40.5,4.0,0
flow_30.43,36.0,4.0,0
flow_10.22,23.5,3.0,0
flow_00.77,44.0,4.0,0
flow_20.47,38.0,4.0,0
flow_00.78,43.5,4.0,0
flow_20.48,26.0,3.5,0
flow_00.79,41.0,4.5,0
flow_20.49,25.5,3.5,0
flow_00.80,38.0,4.0,0
flow_00.81,37.0,4.0,0
flow_30.44,34.0,4.5,0
flow_10.23,24.5,3.0,0
flow_00.82,51.5,4.0,0
flow_20.50,40.5,4.0,0
flow_20.51,28.5,3.5,0
flow_00.83,39.0,4.0,0
flow_00.84,38.5,4.0,0
flow_30.45,24.5,3.0,0
flow_00.85,57.0,4.5,0
flow_00.86,55.5,4.0,0
flow_00.87,42.5,4.0,0
flow_30.46,44.5,4.5,0
flow_10.24,38.0,5.0,0
flow_30.47,24.0,3.0,0
flow_30.48,43.0,4.0,0
flow_30.49,23.5,3.0,0
flow_00.88,34.0,4.0,0
flow_30.50,41.5,4.0,0
flow_30.51,36.5,4.0,0
flow_10.25,26.5,3.5,0
flow_30.52,35.5,4.0,0
flow_00.89,37.5,4.0,0
flow_20.52,37.0,4.5,0
flow_00.90,34.5,3.5,0
flow_20.53,37.5,4.5,0
flow_00.91,29.5,4.0,0
flow_20.54,34.0,4.0,0
flow_30.53,44.0,4.0,0
flow_00.92,36.5,4.5,0
flow_30.54,39.5,4.5,0
flow_30.55,40.0,4.0,0
flow_30.56,38.5,4.0,0
flow_00.93,26.5,3.5,0
flow_30.57,47.5,4.5,0
flow_30.58,42.5,4.0,0
flow_30.59,26.5,4.0,0
flow_00.94,37.5,4.5,0
flow_20.55,37.5,4.5,0
flow_00.95,36.5,3.5,0
flow_10.0,24.5,3.0,0
flow_10.1,27.0,4.0,0
flow_00.0,28.5,4.0,0
flow_20.0,26.0,3.5,0
flow_00.1,28.0,4.0,0
flow_20.1,26.5,3.5,0
flow_30.0,43.5,4.5,0
flow_20.2,39.0,4.5,0
flow_10.2,39.0,4.5,0
flow_10.3,37.0,3.5,0
flow_10.4,29.0,4.0,0
flow_30.1,25.5,3.5,0
flow_00.2,43.5,4.5,0
flow_10.5,24.5,3.0,0
flow_10.6,26.0,3.5,0
flow_00.3,27.5,4.0,0
flow_00.4,27.0,4.0,0
flow_20.3,24.5,3.0,0
flow_10.7,43.5,4.0,0
flow_10.8,43.0,3.5,0
flow_30.2,23.0,2.5,0
flow_10.9,43.0,4.0,0
flow_20.4,24.5,3.0,0
flow_00.5,26.5,3.5,0
flow_30.3,24.0,3.0,0
flow_10.10,60.5,4.5,0
flow_30.4,23.5,2.5,0
flow_10.11,60.0,4.0,0
flow_10.12,46.5,4.0,0
flow_20.5,30.0,4.0,0
flow_00.6,38.5,4.5,0
flow_20.6,28.5,3.5,0
flow_20.7,27.5,3.5,0
flow_00.7,40.0,5.0,0
flow_20.8,26.0,3.5,0
flow_00.8,37.0,4.5,0
flow_30.5,40.5,4.0,0
flow_10.13,38.5,4.5,0
flow_20.9,25.5,3.0,0
flow_00.9,45.0,4.5,0
flow_30.6,24.5,3.0,0
flow_00.10,41.0,4.5,0
flow_00.11,41.0,4.0,0
flow_00.12,39.5,4.0,0
flow_30.7,27.5,4.0,0
flow_10.14,45.5,4.5,0
flow_30.8,26.0,3.5,0
flow_10.15,43.5,4.5,0
flow_10.16,37.5,4.0,0
flow_00.13,56.5,4.5,0
flow_20.10,44.0,4.5,0
flow_00.14,31.5,4.0,0
flow_30.9,26.0,3.0,0
flow_10.17,54.5,4.5,0
flow_10.18,50.0,4.0,0
flow_10.19,47.5,4.0,0
flow_20.11,36.5,4.0,0
flow_00.15,44.0,4.5,0
flow_20.12,24.5,3.0,0
flow_00.16,36.0,4.0,0
flow_10.20,61.0,4.0,0
flow_10.21,61.0,4.0,0
flow_10.22,54.5,4.0,0
flow_20.13,38.0,4.0,0
flow_00.17,42.0,4.5,0
flow_00.18,33.0,3.5,0
flow_00.19,33.0,4.5,0
flow_30.10,35.5,4.5,0
flow_10.23,68.5,4.5,0
flow_30.11,25.0,3.0,0
flow_10.24,65.0,4.5,0
flow_10.25,51.0,4.5,0
flow_00.20,35.5,4.5,0
flow_00.21,32.5,4.0,0
flow_00.22,32.0,4.0,0
flow_10.26,67.5,4.5,0
flow_10.27,64.5,4.0,0
flow_30.12,24.5,3.0,0
flow_10.28,39.0,4.0,0
flow_00.23,38.0,4.5,0
flow_20.14,31.0,5.0,0
flow_00.24,38.0,4.0,0
flow_00.25,33.0,4.0,0
flow_30.13,42.5,4.0,0
flow_30.14,42.5,4.0,0
flow_30.15,42.5,4.5,0
flow_00.26,47.5,4.5,0
flow_00.27,43.0,4.0,0
flow_00.28,38.0,4.0,0
flow_10.29,43.0,4.5,0
flow_30.16,29.0,4.0,0
flow_10.30,42.0,4.5,0
flow_20.15,44.5,4.5,0
flow_00.29,51.0,4.5,0
flow_00.30,49.0,4.0,0
flow_20.16,45.0,4.0,0
flow_00.31,35.0,4.0,0
flow_10.31,23.5,3.0,0
flow_30.17,42.5,4.5,0
flow_30.18,26.0,3.5,0
flow_10.32,24.5,3.0,0
flow_00.32,31.5,4.0,0
flow_10.33,45.0,4.5,0
flow_10.34,42.5,4.0,0
flow_10.35,29.0,4.0,0
flow_00.33,25.5,3.5,0
flow_30.19,41.5,4.5,0
flow_10.36,37.0,4.5,0
flow_10.37,34.5,4.0,0
flow_10.38,32.5,4.0,0
flow_20.17,27.0,4.0,0
flow_00.34,42.5,4.5,0
flow_00.35,25.5,3.0,0
flow_10.39,24.0,3.0,0
flow_00.36,33.5,4.5,0
flow_00.37,31.0,4.0,0
flow_10.40,23.5,3.0,0
flow_30.20,39.5,4.0,0
flow_10.41,25.5,3.0,0
flow_20.18,40.5,4.5,0
flow_00.38,42.0,4.5,0
flow_20.19,36.0,4.0,0
flow_00.39,24.5,3.0,0
flow_10.42,44.5,4.5,0
flow_30.21,39.0,4.5,0
flow_10.43,24.0,3.0,0
flow_00.40,32.0,4.0,0
flow_20.20,25.5,3.5,0
flow_30.22,25.5,3.0,0
flow_10.44,41.5,4.5,0
flow_10.45,36.5,4.0,0
flow_10.46,26.0,3.5,0
flow_20.21,41.5,4.0,0
flow_00.41,34.5,4.5,0
flow_10.47,26.5,3.5,0
flow_00.42,43.5,4.5,0
flow_00.43,30.0,4.0,0
flow_00.44,26.0,3.5,0
flow_10.48,26.5,3.5,0
flow_10.49,25.5,3.5,0
flow_10.50,27.0,3.5,0
flow_20.22,43.5,4.5,0
flow_00.45,43.0,4.5,0
flow_00.46,31.0,4.0,0
flow_10.51,33.5,4.5,0
flow_30.23,38.0,4.5,0
flow_30.24,37.0,4.0,0
flow_00.47,26.5,3.5,0
flow_20.23,36.0,4.5,0
flow_20.24,33.5,4.5,0
flow_00.48,24.5,3.0,0
flow_10.52,37.5,4.5,0
flow_30.25,43.5,4.5,0
flow_30.26,40.0,4.0,0
flow_10.53,34.5,4.0,0
flow_10.54,29.5,4.0,0
flow_00.49,41.5,4.5,0
flow_00.50,24.5,3.0,0
flow_20.25,23.5,3.0,0
flow_30.27,41.0,4.5,0
flow_10.55,40.0,4.5,0
flow_10.56,38.5,4.0,0
flow_10.57,37.0,4.0,0
flow_20.26,38.5,4.0,0
flow_00.51,45.5,4.5,0
flow_00.52,44.0,4.5,0
flow_20.27,24.0,3.0,0
flow_00.53,31.5,4.0,0
flow_30.28,24.5,3.0,0
flow_10.58,43.5,4.5,0
flow_10.59,27.0,3.5,0
flow_10.60,25.5,4.0,0
flow_20.28,41.5,4.5,0
flow_00.54,36.5,4.5,0
flow_00.55,35.5,4.0,0
flow_20.29,36.5,4.0,0
flow_10.61,38.0,4.5,0
flow_30.29,29.0,4.0,0
flow_20.30,44.5,4.5,0
flow_00.56,40.0,4.5,0
flow_00.57,40.0,4.0,0
flow_00.58,29.0,4.0,0
flow_10.62,26.0,3.5,0
flow_00.59,31.0,4.0,0
flow_00.60,30.0,3.5,0
flow_00.61,30.0,4.0,0
flow_10.63,30.5,4.0,0
flow_30.30,35.0,4.5,0
flow_10.64,25.0,3.5,0
flow_00.62,46.5,4.5,0
flow_20.31,39.0,4.5,0
flow_00.63,41.0,3.5,0
flow_00.64,40.5,4.0,0
flow_30.31,30.0,4.0,0
flow_10.65,40.0,5.0,0
flow_10.66,37.0,4.0,0
flow_30.32,26.0,3.5,0
flow_10.67,35.0,4.0,0
flow_00.65,57.0,4.0,0
flow_20.32,31.5,4.5,0
flow_00.66,50.0,3.5,0
flow_20.33,26.5,3.5,0
flow_00.67,49.0,3.5,0
flow_30.33,31.5,4.0,0
flow_10.68,25.0,3.0,0
flow_00.68,66.5,4.0,0
flow_20.34,35.5,4.5,0
flow_00.69,66.5,4.0,0
flow_00.70,66.0,4.0,0
flow_10.69,33.5,4.5,0
flow_00.71,81.5,4.5,0
flow_00.72,81.5,4.0,0
flow_20.35,23.5,3.0,0
flow_00.73,81.0,4.0,0
flow_10.70,24.5,3.0,0
flow_30.34,32.0,4.0,0
flow_00.74,93.5,4.5,0
flow_00.75,93.5,4.0,0
flow_00.76,92.5,4.0,0
flow_10.71,34.5,4.5,0
flow_10.72,24.5,3.0,0
flow_00.77,90.5,4.5,0
flow_20.36,42.0,4.5,0
flow_20.37,30.5,3.5,0
flow_00.78,83.0,4.0,0
flow_00.79,54.0,4.0,0
flow_30.35,42.5,4.5,0
flow_00.80,67.0,4.5,0
flow_00.81,35.5,4.0,0
flow_20.38,24.0,3.0,0
flow_00.82,30.5,3.5,0
flow_00.83,45.5,4.5,0
flow_20.39,25.5,3.5,0
flow_00.84,33.0,4.0,0
flow_10.73,45.0,4.5,0
flow_30.36,36.5,5.0,0
flow_10.74,44.0,4.0,0
flow_30.37,30.0,4.5,0
flow_30.38,27.0,4.0,0
flow_10.75,44.0,4.5,0
flow_00.85,40.5,4.5,0
flow_00.86,32.5,4.0,0
flow_00.87,31.5,4.0,0
flow_00.88,26.0,3.5,0
flow_10.76,38.0,4.5,0
flow_30.39,25.0,3.0,0
flow_10.77,36.5,3.5,0
flow_10.78,26.5,3.5,0
flow_30.40,28.0,4.0,0
flow_00.89,25.0,3.0,0
flow_30.41,43.0,4.5,0
flow_10.79,25.0,3.5,0
flow_00.90,42.0,4.5,0
flow_10.80,35.0,4.5,0
flow_10.81,33.5,3.5,0
flow_10.82,27.5,4.0,0
flow_20.40,27.0,3.5,0
flow_00.91,33.5,4.0,0
flow_30.0,24.5,3.0,0
flow_20.0,25.5,3.5,0
flow_30.1,43.5,4.0,0
flow_10.0,44.0,4.5,0
flow_10.1,27.0,3.5,0
flow_30.2,45.5,4.5,0
flow_10.2,26.5,4.0,0
flow_30.3,31.0,4.0,0
flow_00.0,24.5,3.0,0
flow_20.1,38.5,4.5,0
flow_20.2,33.5,4.5,0
flow_20.3,32.5,4.5,0
flow_10.3,22.5,2.5,0
flow_30.4,47.0,4.5,0
flow_00.1,43.0,4.0,0
flow_20.4,49.5,4.5,0
flow_20.5,49.0,4.0,0
flow_20.6,41.0,4.5,0
flow_10.4,44.5,4.5,0
flow_30.5,41.5,4.5,0
flow_10.5,37.5,4.0,0
flow_30.6,36.5,4.0,0
flow_10.6,36.5,4.0,0
flow_00.2,42.5,4.5,0
flow_20.7,57.0,5.0,0
flow_00.3,42.5,4.0,0
flow_20.8,54.5,4.0,0
flow_00.4,41.5,4.0,0
flow_20.9,40.0,4.5,0
flow_10.7,52.0,4.0,0
flow_30.7,44.5,4.5,0
flow_10.8,52.0,4.0,0
flow_30.8,41.5,4.5,0
flow_10.9,51.5,4.0,0
flow_30.9,40.0,4.5,0
flow_20.10,36.0,4.5,0
flow_30.10,55.5,4.5,0
flow_10.10,48.5,4.5,0
flow_30.11,56.0,4.0,0
flow_30.12,55.0,4.0,0
flow_00.5,39.0,4.5,0
flow_20.11,24.5,3.0,0
flow_00.6,24.0,2.5,0
flow_10.11,35.5,4.5,0
flow_30.13,63.0,4.5,0
flow_30.14,50.5,4.0,0
flow_30.15,42.0,4.0,0
flow_20.12,46.0,5.5,0
flow_20.13,44.0,4.5,0
flow_30.16,57.0,4.5,0
flow_30.17,51.0,4.0,0
flow_30.18,41.5,4.0,0
flow_20.14,36.0,4.5,0
flow_20.15,34.0,4.0,0
flow_20.16,33.0,3.5,0
flow_00.7,27.5,4.0,0
flow_30.19,54.0,4.5,0
flow_10.12,41.5,4.5,0
flow_30.20,53.5,4.0,0
flow_10.13,40.0,4.0,0
flow_30.21,55.0,4.5,0
flow_00.8,40.0,4.0,0
flow_20.17,44.0,4.5,0
flow_30.22,70.5,4.5,0
flow_10.14,39.5,4.5,0
flow_30.23,71.0,4.5,0
flow_30.24,67.5,4.0,0
flow_20.18,39.0,4.5,0
flow_20.19,35.5,4.0,0
flow_20.20,34.5,4.0,0
flow_30.25,77.5,4.5,0
flow_10.15,37.5,4.5,0
flow_30.26,76.5,4.0,0
flow_10.16,34.5,4.0,0
flow_30.27,65.0,4.5,0
flow_00.9,42.5,4.5,0
flow_20.21,43.5,4.5,0
flow_00.10,27.5,3.5,0
flow_20.22,41.5,4.0,0
flow_20.23,37.0,4.0,0
flow_30.28,55.0,4.0,0
flow_10.17,38.5,4.5,0
flow_30.29,54.5,4.0,0
flow_30.30,46.0,4.0,0
flow_20.24,54.0,4.5,0
flow_30.31,62.5,4.0,0
flow_10.18,38.5,4.5,0
flow_30.32,55.0,4.0,0
flow_10.19,40.5,4.5,0
flow_30.33,54.0,4.0,0
flow_10.20,39.0,4.5,0
flow_20.25,36.5,4.5,0
flow_20.26,26.0,3.5,0
flow_20.27,27.0,4.0,0
flow_30.34,71.5,4.5,0
flow_10.21,53.0,4.5,0
flow_30.35,70.5,3.5,0
flow_30.36,66.0,4.0,0
flow_20.28,26.0,3.5,0
flow_00.11,40.5,4.5,0
flow_30.37,64.5,4.5,0
flow_30.38,51.0,4.0,0
flow_10.22,23.5,3.0,0
flow_30.39,48.5,4.5,0
flow_20.29,44.0,4.5,0
flow_30.40,64.5,4.5,0
flow_30.41,64.0,4.0,0
flow_10.23,22.5,2.5,0
flow_30.42,63.0,4.0,0
flow_20.30,46.0,4.5,0
flow_20.31,26.5,3.5,0
flow_20.32,25.5,3.0,0
flow_00.12,26.0,3.5,0
flow_30.43,80.5,4.5,0
flow_30.44,81.5,4.5,0
flow_10.24,24.5,3.0,0
flow_30.45,57.0,4.5,0
flow_20.33,43.5,4.5,0
flow_20.34,42.5,4.0,0
flow_20.35,35.5,4.0,0
flow_10.25,26.0,3.0,0
flow_30.46,73.0,4.5,0
flow_30.47,72.5,4.0,0
flow_30.48,69.0,4.0,0
flow_20.36,46.0,4.5,0
flow_00.13,43.5,4.5,0
flow_20.37,43.0,4.0,0
flow_00.14,36.0,4.0,0
flow_20.38,43.5,4.0,0
flow_30.49,69.0,4.0,0
flow_10.26,34.5,4.5,0
flow_30.50,52.5,3.5,0
flow_30.51,51.5,3.5,0
flow_00.15,43.0,4.0,0
flow_20.39,61.5,4.5,0
flow_00.16,42.0,3.5,0
flow_20.40,60.0,4.0,0
flow_00.17,39.0,3.5,0
flow_20.41,56.5,4.5,0
flow_30.52,61.5,4.0,0
flow_30.53,46.5,4.0,0
flow_30.54,44.5,4.0,0
flow_00.18,57.5,4.5,0
flow_20.42,67.0,4.5,0
flow_20.43,61.5,4.5,0
flow_00.19,54.5,4.5,0
flow_20.44,37.5,4.0,0
flow_00.20,53.0,4.5,0
flow_30.55,41.5,4.5,0
flow_10.27,32.0,4.5,0
flow_30.56,38.5,4.0,0
flow_30.57,25.0,3.5,0
flow_20.45,53.5,4.0,0
flow_00.21,38.5,4.0,0
flow_20.46,53.5,4.0,0
flow_20.47,53.0,4.0,0
flow_10.28,41.5,4.5,0
flow_20.48,66.5,4.5,0
flow_00.22,24.5,3.0,0
flow_20.49,66.5,4.0,0
flow_20.50,65.0,4.0,0
flow_10.29,35.5,4.0,0
flow_30.58,29.5,4.0,0
flow_30.59,28.0,4.0,0
flow_20.51,83.0,4.5,0
flow_20.52,83.0,4.5,0
flow_20.53,61.0,4.5,0
flow_30.60,42.5,4.5,0
flow_30.61,42.0,4.0,0
flow_10.30,26.0,3.5,0
flow_30.62,43.0,4.5,0
flow_20.54,73.5,4.5,0
flow_20.55,67.0,4.0,0
flow_20.56,59.0,4.0,0
flow_30.63,41.5,4.0,0
flow_30.64,42.0,4.0,0
flow_30.65,40.5,3.5,0
flow_00.23,39.0,4.0,0
flow_20.57,76.0,4.5,0
flow_20.58,68.0,3.5,0
flow_00.24,39.5,4.0,0
flow_20.59,62.0,4.0,0
flow_00.25,38.5,4.0,0
flow_30.66,45.5,4.5,0
flow_10.31,29.5,4.5,0
flow_30.67,31.5,4.0,0
flow_30.68,25.5,3.5,0
flow_20.60,78.5,4.5,0
flow_20.61,75.0,4.0,0
flow_20.62,72.5,4.0,0
flow_30.69,40.0,4.0,0
flow_30.70,40.5,4.0,0
flow_10.32,24.5,3.0,0
flow_30.71,40.5,4.0,0
flow_20.63,87.0,4.5,0
flow_20.64,76.5,4.0,0
flow_20.65,40.0,4.0,0
flow_30.72,57.0,4.5,0
flow_10.33,44.0,4.5,0
flow_30.73,58.5,4.5,0
flow_30.74,56.5,4.0,0
flow_20.66,29.5,4.0,0
flow_20.67,26.0,3.5,0
flow_30.75,59.5,4.0,0
flow_30.76,52.0,4.0,0
flow_30.77,51.0,4.0,0
flow_20.68,25.0,3.0,0
flow_30.78,52.5,4.0,0
flow_20.69,36.0,4.0,0
flow_00.26,27.0,4.0,0
flow_00.27,26.5,4.0,0
flow_20.70,36.5,4.0,0
flow_20.71,35.0,4.0,0
flow_10.34,30.0,4.0,0
flow_20.72,50.0,4.0,0
flow_20.73,42.5,4.0,0
flow_00.28,25.5,3.5,0
flow_20.74,36.5,4.0,0
flow_30.79,26.0,3.5,0
flow_10.35,42.0,4.5,0
flow_20.75,41.0,4.0,0
flow_20.76,39.5,4.5,0
flow_20.77,36.0,4.0,0
flow_30.80,37.5,4.0,0
flow_30.81,38.5,4.0,0
flow_30.82,37.5,4.0,0
flow_20.78,53.0,4.5,0
flow_20.79,54.0,4.5,0
flow_20.80,51.5,4.5,0
flow_30.83,54.0,4.5,0
flow_30.84,54.0,4.0,0
flow_30.85,52.5,3.5,0
flow_00.29,37.0,4.0,0
flow_20.81,57.0,4.5,0
flow_20.82,54.5,4.0,0
flow_20.83,53.5,4.0,0
flow_00.30,25.5,3.5,0
flow_30.86,41.0,4.5,0
flow_10.36,36.0,4.0,0
flow_10.37,30.5,4.0,0
flow_20.84,45.0,4.5,0
flow_20.85,44.0,4.0,0
flow_20.86,34.0,4.0,0
flow_30.87,42.0,4.5,0
flow_30.88,29.5,3.5,0
flow_20.87,49.5,4.5,0
flow_00.31,38.5,4.5,0
flow_00.32,39.0,4.0,0
flow_00.33,38.0,4.0,0
flow_30.89,31.0,4.0,0
flow_10.38,44.5,4.5,0
flow_10.39,33.5,4.0,0
flow_30.90,31.0,4.0,0
flow_30.91,30.0,4.0,0
flow_20.88,40.5,4.5,0
flow_00.34,32.5,4.0,0
flow_20.89,37.0,3.5,0
flow_20.90,30.0,4.0,0
flow_30.92,46.0,4.5,0
flow_30.93,45.5,4.0,0
flow_30.94,44.5,4.0,0
flow_20.91,48.5,4.5,0
flow_00.35,23.5,3.0,0
flow_20.92,48.5,4.5,0
flow_20.93,39.0,4.0,0
flow_30.95,63.0,4.5,0
flow_30.96,62.5,4.5,0
flow_30.97,61.0,4.0,0
flow_00.36,29.0,4.0,0
flow_10.40,43.5,4.0,0
flow_30.98,67.0,4.5,0
flow_30.99,58.5,4.0,0
flow_10.41,37.0,4.0,0
flow_30.100,53.0,4.0,0
flow_10.42,34.5,4.0,0
flow_20.94,39.0,4.5,0
flow_20.95,35.5,4.0,0
flow_20.96,29.0,4.0,0
flow_10.43,24.5,3.0,0
flow_30.101,49.0,4.0,0
flow_30.102,50.0,4.0,0
flow_10.44,24.0,3.0,0
flow_20.97,29.5,4.0,0
flow_00.37,39.5,4.5,0
flow_20.98,24.5,3.0,0
flow_10.45,42.0,4.0,0
flow_30.103,41.5,4.5,0
flow_30.104,38.5,4.0,0
flow_20.99,37.0,4.0,0
flow_00.38,34.5,4.5,0
flow_20.100,32.5,4.5,0
flow_20.101,28.0,4.0,0
flow_20.0,24.5,3.0,0
flow_00.0,32.5,4.0,0
flow_00.1,25.5,3.0,0
flow_30.0,36.5,4.5,0
flow_10.0,40.0,4.5,0
flow_10.1,36.5,4.0,0
flow_00.2,38.0,4.0,0
flow_30.1,38.0,4.5,0
flow_10.2,24.5,3.0,0
flow_30.2,36.0,4.0,0
flow_30.3,35.5,4.0,0
flow_20.1,32.5,4.5,0
flow_00.3,29.5,4.5,0
flow_20.2,29.5,4.0,0
flow_00.4,28.0,4.5,0
flow_20.3,28.0,4.0,0
flow_00.5,25.5,3.5,0
flow_20.4,27.0,4.0,0
flow_10.3,28.5,4.0,0
flow_30.4,34.5,4.5,0
flow_30.5,27.5,4.0,0
flow_20.5,42.0,4.5,0
flow_00.6,44.5,4.5,0
flow_00.7,40.5,4.0,0
flow_10.4,46.0,4.5,0
flow_10.5,31.0,4.5,0
flow_10.6,29.0,4.5,0
flow_00.8,37.5,4.0,0
flow_20.6,43.5,4.5,0
flow_00.9,34.5,3.5,0
flow_20.7,33.5,4.0,0
flow_00.10,33.5,3.5,0
flow_20.8,32.5,4.0,0
flow_30.6,23.5,3.0,0
flow_20.9,49.5,4.0,0
flow_00.11,50.0,4.5,0
flow_00.12,49.5,4.0,0
flow_20.10,40.0,4.0,0
flow_00.13,40.5,4.0,0
flow_30.7,42.0,4.5,0
flow_30.8,41.0,4.0,0
flow_30.9,38.5,4.5,0
flow_20.11,27.5,4.0,0
flow_00.14,56.0,5.0,0
flow_00.15,50.0,4.5,0
flow_00.16,48.5,4.0,0
flow_10.7,41.5,4.0,0
flow_30.10,36.5,4.5,0
flow_10.8,32.5,4.0,0
flow_10.9,27.0,3.5,0
flow_00.17,65.0,4.5,0
flow_00.18,64.5,4.0,0
flow_00.19,64.0,4.0,0
flow_10.10,43.5,4.0,0
flow_30.11,35.5,4.5,0
flow_30.12,25.0,3.0,0
flow_10.11,43.0,3.5,0
flow_20.12,28.5,4.0,0
flow_00.20,82.0,4.5,0
flow_20.13,27.0,4.0,0
flow_00.21,54.0,4.0,0
flow_30.13,39.5,4.0,0
flow_10.12,42.5,4.5,0
flow_10.13,38.5,4.0,0
flow_30.14,37.0,4.0,0
flow_30.15,35.5,3.5,0
flow_10.14,26.0,3.5,0
flow_00.22,38.5,4.5,0
flow_00.23,37.5,4.0,0
flow_00.24,30.0,4.0,0
flow_30.16,53.5,4.5,0
flow_00.25,44.5,4.5,0
flow_20.14,32.0,4.5,0
flow_00.26,30.5,4.0,0
flow_00.27,28.0,4.0,0
flow_30.17,40.0,4.0,0
flow_30.18,38.5,3.5,0
flow_30.19,34.5,3.5,0
flow_00.28,24.0,3.0,0
flow_20.15,26.0,3.5,0
flow_30.20,52.0,4.5,0
flow_30.21,52.0,4.0,0
flow_30.22,43.5,4.5,0
flow_00.29,37.0,4.5,0
flow_00.30,28.0,4.0,0
flow_10.15,41.5,4.5,0
flow_30.23,60.0,4.5,0
flow_10.16,33.0,3.5,0
flow_30.24,55.5,4.0,0
flow_30.25,54.5,4.0,0
flow_10.17,29.5,4.0,0
flow_00.31,39.5,4.0,0
flow_20.16,34.5,4.5,0
flow_00.32,26.5,3.5,0
flow_20.17,26.5,4.0,0
flow_30.26,68.0,4.0,0
flow_20.18,32.5,4.5,0
flow_00.33,24.5,3.0,0
flow_10.18,40.5,4.5,0
flow_30.27,45.5,5.0,0
flow_00.34,38.0,4.5,0
flow_30.28,26.5,3.5,0
flow_30.29,25.5,3.5,0
flow_20.19,26.0,4.0,0
flow_20.20,25.0,3.5,0
flow_20.21,25.0,3.0,0
flow_00.35,42.0,4.5,0
flow_00.36,42.0,4.0,0
flow_00.37,35.0,4.0,0
flow_30.30,40.5,4.5,0
flow_30.31,30.0,4.0,0
flow_00.38,49.0,4.0,0
flow_20.22,42.5,4.5,0
flow_00.39,24.5,3.0,0
flow_30.32,25.0,3.5,0
flow_00.40,45.0,4.5,0
flow_20.23,25.5,3.5,0
flow_00.41,26.0,3.5,0
flow_30.33,38.0,4.5,0
flow_30.34,33.5,4.5,0
flow_20.24,34.0,4.0,0
flow_00.42,43.0,4.0,0
flow_20.25,34.0,3.5,0
flow_00.43,43.0,4.0,0
flow_00.44,37.0,4.0,0
flow_10.19,30.0,4.0,0
flow_30.35,35.0,4.5,0
flow_00.45,52.0,4.0,0
flow_20.26,40.5,4.5,0
flow_20.27,38.5,4.0,0
flow_00.46,50.5,4.0,0
flow_00.47,49.5,4.5,0
flow_10.20,35.5,4.5,0
flow_00.48,66.0,4.5,0
flow_00.49,57.0,4.0,0
flow_00.50,56.0,4.0,0
flow_10.21,37.5,4.5,0
flow_30.36,25.0,3.0,0
flow_00.51,73.0,4.0,0
flow_20.28,28.0,4.0,0
flow_00.52,51.5,4.0,0
flow_00.53,38.5,4.0,0
flow_10.22,42.5,4.5,0
flow_10.23,40.0,3.5,0
flow_00.54,31.5,4.0,0
flow_00.55,31.0,3.5,0
flow_10.24,28.5,4.0,0
flow_10.25,26.5,4.0,0
flow_20.29,23.0,2.5,0
flow_00.56,42.0,4.5,0
flow_00.57,41.0,4.0,0
flow_00.58,33.0,4.0,0
flow_30.37,36.0,4.5,0
flow_30.38,30.0,4.0,0
flow_30.39,29.0,4.0,0
flow_20.30,36.0,4.5,0
flow_00.59,25.0,3.0,0
flow_00.60,25.0,3.5,0
flow_10.26,37.5,4.5,0
flow_30.40,46.5,4.5,0
flow_30.41,45.5,4.0,0
flow_10.27,26.5,4.0,0
flow_30.42,44.0,4.0,0
flow_00.61,43.5,4.0,0
flow_20.31,35.5,4.5,0
flow_20.32,34.5,3.5,0
flow_00.62,43.5,4.0,0
flow_00.63,44.0,4.0,0
flow_10.28,28.0,4.0,0
flow_30.43,28.5,4.0,0
flow_00.64,41.5,4.5,0
flow_00.65,41.5,4.0,0
flow_00.66,40.5,4.0,0
flow_10.29,34.5,4.5,0
flow_10.30,33.0,4.0,0
flow_10.31,28.5,3.5,0
flow_20.33,39.0,4.5,0
flow_00.67,49.0,4.5,0
flow_00.68,48.5,4.0,0
flow_20.34,27.5,4.0,0
flow_00.69,30.5,4.0,0
flow_10.32,29.0,4.0,0
flow_00.70,47.0,4.0,0
flow_00.71,27.0,3.5,0
flow_30.44,40.0,4.5,0
flow_30.45,26.0,3.5,0
flow_30.46,32.5,4.0,0
flow_10.33,39.0,4.5,0
flow_30.47,27.5,4.0,0
flow_10.34,43.5,4.5,0
flow_30.48,43.0,4.5,0
flow_30.49,26.0,3.5,0
flow_20.35,38.0,4.5,0
flow_00.72,35.5,4.5,0
flow_20.36,37.0,3.5,0
flow_00.73,36.5,4.5,0
flow_00.74,29.5,4.5,0
flow_10.35,41.0,4.0,0
flow_30.50,35.0,4.0,0
flow_30.51,34.0,3.5,0
flow_30.52,34.0,4.0,0
flow_00.75,35.0,4.5,0
flow_00.76,25.0,3.5,0
flow_30.53,47.0,4.5,0
flow_10.36,39.0,4.5,0
flow_10.37,38.0,4.0,0
flow_10.38,25.0,3.0,0
flow_00.77,32.0,4.0,0
flow_20.37,28.0,4.5,0
flow_10.39,34.5,4.5,0
flow_20.38,42.5,4.0,0
flow_00.78,24.5,3.0,0
flow_00.79,27.0,4.0,0
flow_10.40,45.0,4.5,0
flow_30.54,35.0,4.5,0
flow_30.55,32.5,4.5,0
flow_20.39,36.5,4.0,0
flow_00.80,26.0,3.5,0
flow_20.40,36.0,3.5,0
flow_00.81,26.0,3.5,0
flow_10.41,32.0,4.5,0
flow_00.82,39.0,4.5,0
flow_00.83,36.0,3.5,0
flow_20.41,25.5,3.5,0
flow_00.84,32.0,3.5,0
flow_30.56,44.5,5.0,0
flow_30.57,24.5,3.0,0
flow_30.58,33.0,4.5,0
flow_10.42,23.5,3.0,0
flow_20.42,38.0,4.5,0
flow_00.85,25.5,3.5,0
flow_10.43,39.0,4.5,0
flow_20.43,41.5,4.5,0
flow_00.86,34.0,4.5,0
flow_00.87,33.5,4.0,0
flow_20.44,33.0,4.5,0
flow_00.88,31.0,4.0,0
flow_20.45,30.0,4.0,0
flow_20.0,32.0,4.0,0
flow_20.1,24.5,3.0,0
flow_10.0,41.0,4.5,0
flow_30.0,39.0,4.5,0
flow_30.1,38.5,4.0,0
flow_00.0,27.5,4.0,0
flow_20.2,39.0,4.5,0
flow_20.3,38.5,4.0,0
flow_20.4,35.0,4.0,0
flow_30.2,28.0,4.0,0
flow_30.3,27.5,3.5,0
flow_20.5,47.5,4.5,0
flow_00.1,23.5,3.0,0
flow_20.6,43.0,4.0,0
flow_20.7,40.5,4.0,0
flow_30.4,37.0,4.0,0
flow_10.1,24.5,3.0,0
flow_30.5,29.0,3.5,0
flow_10.2,23.5,3.0,0
flow_20.8,57.5,4.5,0
flow_20.9,52.0,4.0,0
flow_20.10,40.5,4.5,0
flow_30.6,25.5,3.5,0
flow_30.7,26.0,3.5,0
flow_20.11,47.5,4.5,0
flow_20.12,26.0,3.5,0
flow_30.8,23.5,3.0,0
flow_00.2,42.0,4.0,0
flow_20.13,43.0,4.5,0
flow_20.14,39.0,4.0,0
flow_20.15,32.0,4.0,0
flow_10.3,39.5,4.5,0
flow_30.9,38.5,4.5,0
flow_30.10,35.0,4.0,0
flow_10.4,25.5,3.5,0
flow_20.16,37.0,4.5,0
flow_00.3,38.5,4.5,0
flow_20.17,28.5,4.0,0
flow_10.5,34.5,4.5,0
flow_30.11,46.5,5.0,0
flow_10.6,34.5,4.0,0
flow_30.12,44.5,4.0,0
flow_30.13,36.5,4.0,0
flow_20.18,40.0,4.0,0
flow_20.19,25.0,3.5,0
flow_30.14,48.0,4.5,0
flow_30.15,42.5,4.0,0
flow_30.16,40.5,4.0,0
flow_20.20,43.0,4.5,0
flow_20.21,40.0,4.0,0
flow_20.22,38.5,4.0,0
flow_30.17,57.0,4.0,0
flow_10.7,40.5,4.5,0
flow_20.23,55.5,4.5,0
flow_20.24,55.0,4.0,0
flow_00.4,24.0,3.0,0
flow_20.25,41.0,4.0,0
flow_30.18,24.5,3.0,0
flow_10.8,44.5,4.5,0
flow_30.19,26.5,3.5,0
flow_20.26,59.0,4.5,0
flow_00.5,45.0,4.5,0
flow_20.27,58.0,4.0,0
flow_00.6,37.0,4.0,0
flow_20.28,49.0,4.0,0
flow_00.7,27.0,3.5,0
flow_30.20,35.5,4.5,0
flow_30.21,33.0,4.0,0
flow_30.22,32.0,4.0,0
flow_10.9,26.0,4.0,0
flow_30.23,31.0,3.5,0
flow_20.29,63.5,4.0,0
flow_00.8,37.5,4.5,0
flow_20.30,62.0,4.0,0
flow_00.9,34.0,4.0,0
flow_00.10,30.5,4.0,0
flow_20.31,56.5,4.0,0
flow_10.10,41.5,4.0,0
flow_30.24,34.0,4.5,0
flow_10.11,41.0,3.5,0
flow_10.12,42.0,4.0,0
flow_20.32,68.5,4.5,0
flow_00.11,30.5,4.5,0
flow_20.33,64.0,4.0,0
flow_00.12,30.0,4.5,0
flow_20.34,63.0,4.0,0
flow_30.25,24.0,3.0,0
flow_10.13,45.5,4.5,0
flow_30.26,25.5,3.0,0
flow_20.35,68.0,4.0,0
flow_00.13,27.5,4.0,0
flow_20.36,66.5,3.5,0
flow_20.37,62.0,4.0,0
flow_00.14,26.5,3.5,0
flow_30.27,29.5,4.0,0
flow_10.14,45.5,4.5,0
flow_10.15,44.0,4.0,0
flow_10.16,36.5,4.0,0
flow_30.28,32.0,5.0,0
flow_30.29,27.0,4.0,0
flow_20.38,56.5,4.5,0
flow_30.30,41.5,4.0,0
flow_10.17,45.5,4.5,0
flow_10.18,43.5,4.0,0
flow_10.19,35.5,4.0,0
flow_20.39,43.5,4.5,0
flow_20.40,40.0,4.0,0
flow_00.15,26.5,3.5,0
flow_10.20,45.5,4.0,0
flow_30.31,43.0,4.5,0
flow_10.21,43.5,3.5,0
flow_30.32,38.5,4.0,0
flow_30.33,31.0,4.0,0
flow_00.16,25.5,3.0,0
flow_20.41,34.5,4.5,0
flow_20.42,33.0,4.0,0
flow_30.34,40.0,4.5,0
flow_10.22,24.5,3.0,0
flow_20.43,41.0,4.0,0
flow_20.44,34.0,4.0,0
flow_20.45,32.5,3.5,0
flow_30.35,28.5,4.0,0
flow_10.23,26.0,3.5,0
flow_00.17,42.5,4.0,0
flow_20.46,52.0,5.0,0
flow_20.47,50.5,4.0,0
flow_00.18,29.5,4.5,0
flow_20.48,44.0,4.0,0
flow_20.49,59.0,4.5,0
flow_20.50,46.5,4.0,0
flow_00.19,25.5,3.5,0
flow_20.51,27.0,3.5,0
flow_10.24,43.0,4.0,0
flow_30.36,37.0,4.5,0
flow_30.37,33.5,4.0,0
flow_10.25,26.0,3.5,0
flow_20.52,43.0,5.0,0
flow_20.53,27.0,4.0,0
flow_30.38,41.5,4.5,0
flow_30.39,30.0,3.5,0
flow_30.40,26.5,4.0,0
flow_20.54,36.5,4.5,0
flow_20.55,26.0,3.5,0
flow_20.56,25.5,3.0,0
flow_10.26,32.5,4.0,0
flow_30.41,43.5,4.5,0
flow_30.42,43.5,4.0,0
flow_30.43,42.5,4.0,0
flow_00.20,41.5,4.0,0
flow_00.21,42.0,4.0,0
flow_20.57,24.0,2.5,0
flow_30.44,60.5,4.5,0
flow_10.27,38.0,4.5,0
flow_30.45,55.5,4.0,0
flow_30.46,44.5,4.0,0
flow_00.22,26.0,3.5,0
flow_20.58,28.5,4.0,0
flow_00.23,25.5,3.5,0
flow_10.28,30.0,4.0,0
flow_30.47,25.0,3.0,0
flow_10.29,32.0,4.5,0
flow_00.24,44.0,4.5,0
flow_20.59,33.0,4.0,0
flow_20.60,30.5,3.5,0
flow_20.61,23.5,3.0,0
flow_30.48,45.0,4.5,0
flow_30.49,35.5,3.5,0
flow_10.30,26.5,3.5,0
flow_30.50,29.5,3.5,0
flow_10.31,25.0,3.5,0
flow_20.62,40.0,4.0,0
flow_20.63,34.0,4.0,0
flow_10.32,42.5,4.5,0
flow_00.25,45.0,4.5,0
flow_20.64,27.0,4.0,0
flow_00.26,44.5,4.0,0
flow_00.27,40.5,4.0,0
flow_10.33,39.5,4.5,0
flow_30.51,35.0,4.5,0
flow_10.34,39.5,3.5,0
flow_30.52,35.0,4.0,0
flow_10.35,30.0,4.0,0
flow_00.28,48.0,4.0,0
flow_20.65,39.0,4.0,0
flow_00.29,46.0,4.0,0
flow_20.66,36.0,3.5,0
flow_20.67,35.0,3.5,0
flow_10.36,37.0,4.0,0
flow_30.53,25.5,3.5,0
flow_20.68,42.0,4.5,0
flow_20.69,40.0,4.0,0
flow_20.70,39.5,4.0,0
flow_30.54,44.5,4.5,0
flow_10.37,42.0,4.5,0
flow_30.55,26.5,3.5,0
flow_20.71,41.5,4.5,0
flow_00.30,28.5,4.0,0
flow_00.31,26.0,3.5,0
flow_10.38,33.0,4.5,0
flow_10.39,32.0,4.0,0
flow_30.56,25.5,3.5,0
flow_10.40,31.5,4.0,0
flow_20.72,23.5,3.0,0
flow_30.57,44.5,4.5,0
flow_10.41,27.0,3.5,0
flow_10.42,25.5,3.0,0
flow_10.43,27.5,4.0,0
flow_20.73,37.5,4.0,0
flow_10.44,42.0,4.0,0
flow_30.58,43.5,4.5,0
flow_20.74,43.0,4.5,0
flow_00.32,40.0,4.5,0
flow_20.75,39.0,4.0,0
flow_20.76,28.5,3.5,0
flow_30.59,39.0,4.0,0
flow_10.45,25.0,3.0,0
flow_30.60,39.5,4.0,0
flow_10.46,25.0,3.5,0
flow_20.77,45.0,4.5,0
flow_00.33,38.0,4.5,0
flow_00.34,37.0,4.0,0
flow_00.35,36.0,4.0,0
flow_10.47,40.5,4.0,0
flow_30.61,25.0,3.0,0
flow_30.62,25.5,3.0,0
flow_20.78,41.5,4.5,0
flow_00.36,28.5,4.0,0
flow_20.79,41.0,4.0,0
flow_20.80,29.5,4.0,0
flow_30.63,43.0,4.5,0
flow_10.48,38.5,5.0,0
flow_30.64,42.5,4.0,0
flow_10.49,36.0,4.0,0
flow_30.65,42.0,4.0,0
flow_20.81,31.5,4.0,0
flow_00.37,36.0,4.5,0
flow_00.38,32.0,4.0,0
flow_00.39,29.0,4.0,0
flow_30.66,59.5,4.5,0
flow_10.50,41.5,5.0,0
flow_30.67,30.5,4.0,0
flow_10.51,39.5,4.0,0
flow_10.52,24.5,3.0,0
flow_20.82,29.0,4.0,0
flow_20.83,25.5,3.0,0
flow_30.68,41.5,4.5,0
flow_10.53,26.5,3.5,0
flow_30.69,41.0,4.5,0
flow_20.84,44.0,4.5,0
flow_20.85,26.5,3.5,0
flow_20.86,23.5,3.0,0
flow_10.54,42.0,4.0,0
flow_30.70,44.5,5.0,0
flow_10.55,30.0,4.0,0
flow_30.71,38.0,4.0,0
flow_10.56,29.0,4.5,0
flow_30.72,35.0,4.5,0
flow_20.87,41.0,4.5,0
flow_20.88,33.5,3.5,0
flow_00.40,25.5,3.5,0
flow_30.73,48.0,4.5,0
flow_10.57,47.5,5.0,0
flow_10.58,38.5,4.0,0
flow_10.59,38.0,4.0,0
flow_00.41,26.0,3.5,0
flow_20.89,37.5,5.0,0
flow_20.90,26.5,3.5,0
flow_10.60,46.0,4.5,0
flow_30.74,44.0,4.5,0
flow_30.75,43.0,4.0,0
flow_10.61,30.5,4.0,0
flow_30.76,43.0,4.5,0
flow_20.91,27.5,4.0,0
flow_20.92,26.0,3.5,0
flow_20.93,25.5,3.5,0
flow_30.77,58.0,4.0,0
flow_30.78,58.5,4.0,0
flow_30.79,57.0,4.0,0
flow_00.42,42.0,4.5,0
flow_20.94,23.5,3.0,0
flow_20.95,24.5,3.0,0
flow_10.0,24.5,3.0,0
flow_20.0,33.0,4.5,0
flow_20.1,27.0,3.5,0
flow_00.0,24.5,3.0,0
flow_30.0,37.5,4.0,0
flow_10.1,33.0,4.5,0
flow_30.1,27.0,3.5,0
flow_10.2,32.0,4.0,0
flow_30.2,26.0,3.5,0
flow_10.3,27.5,3.5,0
flow_00.1,42.0,4.5,0
flow_00.2,33.5,4.0,0
flow_10.4,33.5,4.0,0
flow_30.3,32.0,4.0,0
flow_30.4,25.0,3.0,0
flow_10.5,35.0,4.0,0
flow_10.6,30.5,4.5,0
flow_30.5,25.5,3.0,0
flow_10.7,27.5,4.0,0
flow_00.3,25.5,3.5,0
flow_20.2,36.0,4.5,0
flow_00.4,23.5,3.0,0
flow_10.8,27.0,3.5,0
flow_30.6,24.5,3.0,0
flow_10.9,26.0,3.5,0
flow_10.10,25.5,3.0,0
flow_20.3,28.5,4.0,0
flow_00.5,44.0,4.5,0
flow_10.11,24.5,3.0,0
flow_20.4,41.5,4.0,0
flow_00.6,35.5,4.0,0
flow_00.7,29.0,3.5,0
flow_20.5,29.5,3.5,0
flow_20.6,25.0,3.0,0
flow_20.7,24.5,3.0,0
flow_00.8,24.0,3.0,0
flow_10.12,35.5,5.0,0
flow_10.13,32.0,4.5,0
flow_00.9,27.0,3.5,0
flow_20.8,45.0,4.5,0
flow_20.9,28.5,3.5,0
flow_00.10,25.0,3.5,0
flow_30.7,29.5,4.0,0
flow_10.14,44.0,4.5,0
flow_10.15,35.5,4.0,0
flow_10.16,24.0,3.0,0
flow_20.10,43.5,4.5,0
flow_00.11,24.5,3.0,0
flow_10.17,25.5,3.5,0
flow_10.18,25.5,3.0,0
flow_00.12,40.5,4.5,0
flow_00.13,32.0,4.0,0
flow_30.8,39.5,4.0,0
flow_10.19,41.0,4.5,0
flow_30.9,39.0,3.5,0
flow_10.20,41.5,4.5,0
flow_10.21,40.0,4.5,0
flow_20.11,33.0,4.0,0
flow_00.14,24.5,3.0,0
flow_00.15,24.0,3.0,0
flow_10.22,56.0,4.5,0
flow_10.23,55.0,4.5,0
flow_10.24,53.5,4.0,0
flow_20.12,41.0,4.0,0
flow_00.16,40.0,4.5,0
flow_20.13,28.5,4.0,0
flow_00.17,25.0,3.0,0
flow_30.10,29.5,4.0,0
flow_10.25,70.5,4.5,0
flow_10.26,69.5,4.0,0
flow_10.27,69.0,4.0,0
flow_00.18,39.0,4.5,0
flow_20.14,24.5,3.0,0
flow_00.19,39.0,4.0,0
flow_00.20,29.0,3.5,0
flow_30.11,31.0,4.0,0
flow_10.28,85.5,4.5,0
flow_30.12,30.0,4.0,0
flow_10.29,85.0,4.0,0
flow_30.13,29.0,4.0,0
flow_10.30,65.0,4.5,0
flow_20.15,33.0,4.0,0
flow_00.21,35.5,4.5,0
flow_00.22,28.5,4.0,0
flow_00.23,27.0,4.0,0
flow_10.31,69.0,4.5,0
flow_30.14,43.0,4.5,0
flow_10.32,46.5,4.0,0
flow_30.15,24.5,3.0,0
flow_10.33,38.5,4.0,0
flow_30.16,25.0,3.5,0
flow_00.24,31.0,4.5,0
flow_00.25,27.5,4.0,0
flow_10.34,55.5,4.5,0
flow_30.17,37.0,4.5,0
flow_10.35,49.0,4.0,0
flow_30.18,30.0,4.0,0
flow_10.36,46.0,4.0,0
flow_30.19,26.5,3.5,0
flow_00.26,24.5,3.0,0
flow_20.16,31.0,4.5,0
flow_10.37,63.5,4.5,0
flow_30.20,31.0,4.0,0
flow_10.38,63.5,4.0,0
flow_10.39,27.5,4.0,0
flow_00.27,30.0,4.0,0
flow_00.28,24.5,3.0,0
flow_10.40,42.0,4.0,0
flow_30.21,38.5,4.5,0
flow_10.41,27.0,3.5,0
flow_00.29,44.0,4.5,0
flow_00.30,33.0,4.0,0
flow_00.31,31.0,4.0,0
flow_30.22,42.0,5.0,0
flow_30.23,39.5,4.5,0
flow_20.17,43.5,4.5,0
flow_00.32,35.0,4.5,0
flow_00.33,33.0,4.0,0
flow_20.18,43.0,4.0,0
flow_10.42,40.5,4.0,0
flow_30.24,34.5,4.5,0
flow_10.43,41.0,4.0,0
flow_30.25,33.0,4.5,0
flow_30.26,32.0,4.0,0
flow_10.44,41.0,4.5,0
flow_30.27,30.5,4.0,0
flow_00.34,39.5,4.0,0
flow_00.35,28.0,3.5,0
flow_00.36,26.5,3.5,0
flow_10.45,45.0,4.5,0
flow_10.46,41.0,4.0,0
flow_10.47,35.5,4.0,0
flow_00.37,25.5,3.0,0
flow_20.19,44.0,5.0,0
flow_00.38,24.5,3.0,0
flow_20.20,40.0,4.0,0
flow_00.39,24.0,3.0,0
flow_30.28,31.0,4.5,0
flow_10.48,25.0,3.0,0
flow_20.21,42.5,4.0,0
flow_00.40,32.0,4.0,0
flow_20.22,30.5,3.5,0
flow_00.41,29.0,4.0,0
flow_30.29,27.5,4.0,0
flow_30.30,25.0,3.0,0
flow_20.23,27.0,3.5,0
flow_00.42,40.5,4.5,0
flow_20.24,27.5,4.0,0
flow_00.43,40.5,4.0,0
flow_00.44,37.0,4.0,0
flow_10.49,32.5,4.0,0
flow_30.31,27.5,4.0,0
flow_30.32,24.5,3.0,0
flow_00.45,56.0,5.0,0
flow_00.46,43.0,4.0,0
flow_20.25,25.0,3.0,0
flow_00.47,40.5,4.0,0
flow_10.50,43.0,4.5,0
flow_10.51,41.5,3.5,0
flow_30.33,26.5,3.5,0
flow_10.52,40.5,3.5,0
flow_30.34,27.0,4.0,0
flow_10.53,28.0,4.0,0
flow_00.48,57.0,4.0,0
flow_20.26,44.0,4.0,0
flow_00.49,31.0,3.5,0
flow_00.50,27.0,3.5,0
flow_10.54,42.0,4.5,0
flow_30.35,35.0,4.5,0
flow_10.55,35.5,3.5,0
flow_00.51,42.0,4.5,0
flow_00.52,32.0,4.0,0
flow_00.53,26.5,3.5,0
flow_20.27,25.0,3.0,0
flow_10.56,38.5,4.0,0
flow_30.36,37.5,4.0,0
flow_10.57,30.5,3.5,0
flow_30.37,38.5,4.0,0
flow_10.58,29.5,3.5,0
flow_30.38,39.5,4.5,0
flow_20.28,42.0,4.5,0
flow_00.54,25.0,3.5,0
flow_20.29,35.0,4.0,0
flow_30.39,51.5,4.5,0
flow_10.59,43.0,4.5,0
flow_10.60,36.0,4.0,0
flow_10.61,32.0,4.0,0
flow_00.55,29.0,4.0,0
flow_10.62,48.5,4.5,0
flow_30.40,42.0,4.5,0
flow_10.63,46.0,4.0,0
flow_30.41,27.0,3.5,0
flow_10.64,46.0,4.5,0
flow_20.30,43.0,4.5,0
flow_00.56,25.5,3.0,0
flow_10.65,55.5,4.5,0
flow_30.42,42.5,4.5,0
flow_10.66,43.0,4.0,0
flow_10.67,42.0,4.0,0
flow_20.31,41.0,4.5,0
flow_00.57,25.5,3.5,0
flow_20.32,29.0,4.0,0
flow_10.68,58.0,4.5,0
flow_30.43,35.0,4.5,0
flow_10.69,39.5,3.5,0
flow_30.44,31.0,4.0,0
flow_00.58,37.5,4.5,0
flow_20.33,32.5,5.0,0
flow_00.59,32.0,4.0,0
flow_20.34,24.5,3.0,0
flow_30.45,39.0,4.0,0
flow_10.70,34.5,4.5,0
flow_30.46,38.0,4.0,0
flow_10.71,25.5,3.0,0
flow_30.47,34.5,4.0,0
flow_20.35,34.0,4.5,0
flow_00.60,24.5,3.0,0
flow_10.72,29.0,4.0,0
flow_30.48,40.5,4.5,0
flow_10.73,28.0,4.0,0
flow_30.49,35.5,4.0,0
flow_10.74,26.5,3.5,0
flow_30.50,26.5,3.5,0
flow_00.61,41.0,4.5,0
flow_20.36,40.5,5.0,0
flow_00.62,40.5,3.5,0
flow_20.37,28.5,4.0,0
flow_00.63,31.5,3.5,0
flow_10.75,35.0,4.0,0
flow_10.76,29.0,3.5,0
flow_20.38,43.5,4.5,0
flow_00.64,50.0,4.5,0
flow_00.65,49.5,4.0,0
flow_20.39,25.5,3.0,0
flow_00.66,48.0,4.0,0
flow_30.51,37.5,4.0,0
flow_30.52,29.5,3.5,0
flow_30.53,27.0,4.0,0
flow_00.67,64.5,4.5,0
flow_00.68,38.0,4.0,0
flow_20.40,26.0,3.5,0
flow_00.69,37.5,4.0,0
flow_20.41,32.5,4.0,0
flow_00.70,54.0,4.5,0
flow_00.71,48.5,4.0,0
flow_00.72,41.0,4.0,0
flow_10.77,43.5,4.0,0
flow_30.54,24.0,3.0,0
flow_10.78,36.0,4.5,0
flow_30.55,25.0,3.5,0
flow_00.73,38.5,4.5,0
flow_00.74,35.5,4.0,0
flow_10.79,36.5,4.0,0
flow_30.56,42.0,4.5,0
flow_30.57,40.0,4.5,0
flow_10.80,33.0,4.5,0
flow_30.58,24.5,3.0,0
flow_10.81,26.5,3.5,0
flow_20.42,37.5,4.5,0
flow_00.75,47.0,5.0,0
flow_00.76,43.5,4.0,0
flow_00.77,31.0,4.0,0
flow_30.59,40.5,4.5,0
flow_10.82,24.0,3.0,0
flow_20.43,32.0,4.0,0
flow_00.78,41.0,4.5,0
flow_00.79,40.5,4.0,0
flow_10.83,25.0,3.0,0
flow_30.60,34.5,4.5,0
flow_00.80,44.0,4.5,0
flow_00.81,43.5,3.5,0
flow_00.82,26.0,3.5,0
flow_10.84,35.5,4.5,0
flow_10.85,33.0,4.0,0
flow_30.61,25.5,3.5,0
flow_20.44,43.5,4.0,0
flow_00.83,37.5,4.5,0
flow_00.84,36.5,4.0,0
flow_00.85,36.0,4.0,0
flow_30.62,37.0,4.0,0
flow_10.86,32.5,4.0,0
flow_30.63,32.5,3.5,0
flow_10.87,32.5,4.0,0
flow_30.64,33.0,4.0,0
flow_10.88,25.5,3.0,0
flow_20.45,35.5,4.5,0
flow_00.86,53.5,4.5,0
flow_00.87,52.0,4.0,0
flow_00.88,50.5,4.0,0
flow_00.0,38.5,4.5,0
flow_10.0,32.0,4.0,0
flow_30.0,24.5,3.0,0
flow_00.1,24.5,3.0,0
flow_20.0,38.5,4.5,0
flow_20.1,29.5,4.0,0
flow_20.2,27.5,4.0,0
flow_10.1,43.0,4.5,0
flow_30.1,45.0,4.5,0
flow_30.2,39.0,4.0,0
flow_30.3,35.5,4.5,0
flow_00.2,32.5,4.0,0
flow_20.3,39.0,4.5,0
flow_00.3,31.5,3.5,0
flow_00.4,25.5,3.0,0
flow_10.2,24.0,3.0,0
flow_30.4,52.5,4.5,0
flow_30.5,52.5,4.5,0
flow_30.6,32.0,4.0,0
flow_00.5,27.5,4.0,0
flow_00.6,27.5,4.0,0
flow_00.7,26.0,3.5,0
flow_30.7,49.0,4.5,0
flow_30.8,48.5,4.0,0
flow_30.9,41.0,4.0,0
flow_20.4,31.0,4.0,0
flow_00.8,24.0,2.5,0
flow_30.10,50.5,4.0,0
flow_30.11,51.0,4.0,0
flow_30.12,33.5,4.0,0
flow_20.5,32.0,4.0,0
flow_00.9,31.0,4.0,0
flow_00.10,30.5,4.0,0
flow_00.11,29.0,4.0,0
flow_30.13,49.5,4.5,0
flow_30.14,48.0,4.0,0
flow_30.15,47.0,4.0,0
flow_00.12,31.5,5.0,0
flow_00.13,30.0,4.5,0
flow_00.14,25.0,3.0,0
flow_10.3,29.5,4.0,0
flow_30.16,44.0,4.5,0
flow_00.15,38.0,4.5,0
flow_00.16,25.5,3.5,0
flow_00.17,26.5,3.5,0
flow_30.17,35.0,4.0,0
flow_30.18,32.5,4.0,0
flow_00.18,36.0,4.5,0
flow_20.6,34.0,4.5,0
flow_20.7,27.5,3.5,0
flow_00.19,36.0,4.0,0
flow_00.20,35.5,4.0,0
flow_30.19,32.0,4.0,0
flow_10.4,34.0,4.5,0
flow_30.20,33.5,4.5,0
flow_30.21,31.5,4.5,0
flow_00.21,29.0,4.0,0
flow_00.22,27.5,4.0,0
flow_10.5,37.5,4.0,0
flow_30.22,23.5,3.0,0
flow_30.23,25.5,3.5,0
flow_00.23,47.0,5.5,0
flow_20.8,34.0,4.0,0
flow_00.24,26.0,3.5,0
flow_00.25,24.0,2.5,0
flow_30.24,35.0,4.0,0
flow_10.6,38.0,4.5,0
flow_30.25,26.0,3.5,0
flow_20.9,26.5,3.5,0
flow_00.26,41.5,4.5,0
flow_00.27,36.0,4.0,0
flow_30.26,25.5,3.5,0
flow_20.10,40.5,4.0,0
flow_00.28,33.0,4.0,0
flow_20.11,26.5,3.5,0
flow_20.12,24.0,3.0,0
flow_00.29,44.5,4.5,0
flow_20.13,41.5,4.5,0
flow_20.14,40.5,4.0,0
flow_00.30,39.5,4.0,0
flow_00.31,38.0,4.0,0
flow_20.15,39.5,4.0,0
flow_10.7,43.0,4.0,0
flow_30.27,35.0,4.5,0
flow_10.8,42.5,3.5,0
flow_20.16,33.5,4.5,0
flow_00.32,31.0,4.0,0
flow_30.28,30.5,4.5,0
flow_10.9,25.0,3.5,0
flow_20.17,28.0,4.0,0
flow_00.33,31.5,4.0,0
flow_00.34,30.5,4.0,0
flow_30.29,37.0,4.5,0
flow_10.10,39.0,4.5,0
flow_30.30,25.0,3.0,0
flow_10.11,24.5,3.0,0
flow_00.35,45.0,4.5,0
flow_00.36,43.0,4.0,0
flow_20.18,25.0,3.5,0
flow_00.37,27.5,3.5,0
flow_30.31,26.0,3.5,0
flow_30.32,26.0,3.5,0
flow_30.33,33.5,4.5,0
flow_20.19,43.5,4.0,0
flow_00.38,38.0,4.5,0
flow_00.39,36.5,4.0,0
flow_20.20,35.5,4.0,0
flow_30.34,41.5,4.0,0
flow_10.12,40.0,4.5,0
flow_30.35,32.5,4.0,0
flow_10.13,24.0,2.5,0
flow_20.21,33.5,4.0,0
flow_00.40,32.5,4.5,0
flow_20.22,29.5,4.0,0
flow_20.23,29.0,4.0,0
flow_10.14,24.5,3.0,0
flow_30.36,39.0,4.0,0
flow_30.37,31.5,4.0,0
flow_30.38,31.0,4.0,0
flow_30.39,30.0,4.0,0
flow_00.41,31.0,4.5,0
flow_10.15,25.0,3.0,0
flow_30.40,45.5,4.5,0
flow_30.41,26.0,3.5,0
flow_20.24,42.5,4.0,0
flow_20.25,43.5,4.0,0
flow_30.42,30.0,4.0,0
flow_30.43,29.0,4.0,0
flow_00.42,43.0,4.5,0
flow_30.44,27.5,4.0,0
flow_30.45,26.5,3.5,0
flow_10.16,25.0,3.5,0
flow_30.46,26.5,3.5,0
flow_00.43,41.0,4.5,0
flow_20.26,38.0,4.5,0
flow_00.44,40.0,4.0,0
flow_20.27,23.5,3.0,0
flow_00.45,38.5,4.0,0
flow_30.47,26.0,3.5,0
flow_30.48,26.0,3.5,0
flow_30.49,25.5,3.0,0
flow_20.28,26.5,3.5,0
flow_00.46,49.5,4.5,0
flow_00.47,33.0,3.5,0
flow_00.48,34.0,4.5,0
flow_30.50,26.5,3.5,0
flow_10.17,25.5,3.5,0
flow_00.49,48.5,4.5,0
flow_20.29,43.5,4.5,0
flow_00.50,48.0,4.0,0
flow_00.51,37.5,4.0,0
flow_30.51,32.5,4.0,0
flow_30.52,32.5,4.0,0
flow_30.53,31.5,4.0,0
flow_20.30,28.0,4.0,0
flow_00.52,55.5,4.5,0
flow_00.53,50.5,4.0,0
flow_20.31,27.5,3.5,0
flow_00.54,37.5,4.0,0
flow_20.32,26.0,4.0,0
flow_10.18,30.0,4.0,0
flow_30.54,43.0,4.5,0
flow_10.19,28.5,4.0,0
flow_10.20,25.5,3.0,0
flow_00.55,51.5,4.5,0
flow_20.33,42.5,4.5,0
flow_00.56,50.5,4.0,0
flow_00.57,45.5,4.5,0
flow_20.34,25.5,3.5,0
flow_30.55,28.5,4.0,0
flow_10.21,30.0,4.0,0
flow_30.56,24.5,3.0,0
flow_20.35,38.5,4.5,0
flow_00.58,62.5,4.5,0
flow_00.59,61.0,4.0,0
flow_20.36,38.0,4.0,0
flow_00.60,56.0,4.0,0
flow_10.22,36.5,4.0,0
flow_30.57,31.0,4.0,0
flow_10.23,30.0,4.0,0
flow_30.58,31.5,4.0,0
flow_30.59,27.0,3.5,0
flow_00.61,48.5,4.5,0
flow_00.62,43.0,4.0,0
flow_00.63,37.5,3.5,0
flow_30.60,44.5,4.5,0
flow_10.24,26.0,4.0,0
flow_00.64,55.5,4.5,0
flow_20.37,46.5,4.5,0
flow_00.65,49.5,4.0,0
flow_20.38,45.0,4.0,0
flow_20.39,44.0,4.0,0
flow_00.66,49.5,4.5,0
flow_00.67,62.0,4.0,0
flow_00.68,50.0,3.5,0
flow_00.69,43.0,3.5,0
flow_20.40,23.5,3.0,0
flow_30.61,28.5,4.0,0
flow_10.25,27.0,3.5,0
flow_30.62,29.5,4.0,0
flow_30.63,26.5,3.5,0
flow_00.70,29.5,4.0,0
flow_20.41,44.0,5.0,0
flow_30.64,33.5,4.5,0
flow_30.65,27.5,4.0,0
flow_00.71,23.5,3.0,0
flow_20.42,46.0,5.0,0
flow_20.43,29.0,4.5,0
flow_10.26,28.5,4.0,0
flow_30.66,28.5,4.0,0
flow_30.67,27.0,3.5,0
flow_10.27,25.0,3.0,0
flow_00.72,45.0,4.5,0
flow_10.28,40.0,4.5,0
flow_30.68,24.5,3.0,0
flow_20.44,37.5,4.5,0
flow_00.73,46.5,4.5,0
flow_00.74,38.0,4.0,0
flow_00.75,28.0,4.0,0
flow_30.69,35.5,4.0,0
flow_30.70,29.5,3.5,0
flow_10.29,24.5,3.0,0
flow_30.71,26.5,3.5,0
flow_20.45,39.0,4.0,0
flow_00.76,45.0,4.5,0
flow_00.77,39.5,4.0,0
flow_20.46,25.0,3.0,0
flow_00.78,38.5,4.0,0
flow_10.30,26.5,3.5,0
flow_30.72,45.0,4.5,0
flow_30.73,34.5,4.0,0
flow_30.74,25.5,3.5,0
flow_20.47,42.0,4.0,0
flow_00.79,46.5,4.5,0
flow_00.80,46.5,4.0,0
flow_00.81,33.5,4.0,0
flow_30.75,43.5,4.5,0
flow_30.76,38.0,4.0,0
flow_30.77,37.5,4.0,0
flow_00.82,48.5,4.5,0
flow_00.83,47.0,4.0,0
flow_00.84,47.0,4.0,0
flow_30.78,54.5,4.5,0
flow_10.31,44.0,4.5,0
flow_30.79,54.0,4.0,0
flow_30.80,53.5,4.0,0
flow_10.32,36.5,5.0,0
flow_20.48,40.5,4.5,0
flow_00.85,49.0,5.0,0
flow_00.86,47.0,4.5,0
flow_20.49,23.5,3.0,0
flow_00.87,45.5,4.0,0
flow_30.81,70.5,4.5,0
flow_30.82,70.0,4.0,0
flow_30.83,55.0,4.0,0
flow_00.88,51.0,4.5,0
flow_00.89,49.0,4.0,0
flow_00.90,43.0,4.0,0
flow_30.0,25.0,3.0,0
flow_30.1,25.0,3.5,0
flow_20.0,38.5,4.5,0
flow_20.1,35.5,4.0,0
flow_20.2,34.5,4.0,0
flow_30.2,43.0,4.5,0
flow_10.0,42.5,4.5,0
flow_10.1,32.0,4.0,0
flow_30.3,42.5,4.0,0
flow_20.3,51.0,4.0,0
flow_20.4,51.5,4.0,0
flow_20.5,50.0,4.0,0
flow_30.4,39.0,4.5,0
flow_10.2,44.0,4.5,0
flow_30.5,39.0,3.5,0
flow_10.3,40.0,4.0,0
flow_20.6,41.5,4.0,0
flow_00.0,41.0,4.5,0
flow_20.7,37.5,4.0,0
flow_00.1,27.0,3.5,0
flow_20.8,33.0,4.0,0
flow_10.4,29.5,4.0,0
flow_30.6,31.0,4.5,0
flow_30.7,27.0,4.0,0
flow_20.9,34.0,4.5,0
flow_20.10,32.5,4.0,0
flow_00.2,25.0,3.5,0
flow_20.11,44.0,4.5,0
flow_00.3,41.0,4.5,0
flow_20.12,41.0,4.0,0
flow_00.4,32.0,4.0,0
flow_20.13,28.5,3.5,0
flow_10.5,25.0,3.0,0
flow_30.8,24.5,3.0,0
flow_20.14,41.0,4.5,0
flow_20.15,42.5,4.5,0
flow_20.16,41.5,4.5,0
flow_30.9,40.0,4.0,0
flow_10.6,32.0,4.0,0
flow_30.10,26.5,3.5,0
flow_10.7,29.0,4.0,0
flow_30.11,26.0,3.5,0
flow_10.8,28.0,4.0,0
flow_00.5,25.0,3.0,0
flow_20.17,40.0,4.5,0
flow_20.18,39.5,4.0,0
flow_20.19,36.5,4.0,0
flow_30.12,25.5,3.5,0
flow_20.20,53.5,5.0,0
flow_00.6,39.5,4.5,0
flow_00.7,26.5,3.5,0
flow_20.21,24.5,3.0,0
flow_10.9,38.5,4.0,0
flow_30.13,44.0,4.5,0
flow_00.8,41.5,4.0,0
flow_20.22,33.5,4.0,0
flow_00.9,28.5,3.5,0
flow_30.14,38.0,4.5,0
flow_10.10,38.0,4.5,0
flow_30.15,37.5,4.0,0
flow_30.16,33.5,4.0,0
flow_20.23,39.0,4.0,0
flow_00.10,33.0,4.0,0
flow_00.11,27.0,3.5,0
flow_20.24,39.0,4.0,0
flow_20.25,29.5,3.5,0
flow_10.11,29.5,4.0,0
flow_30.17,24.5,3.0,0
flow_20.26,47.0,4.5,0
flow_20.27,46.0,3.5,0
flow_00.12,27.5,4.0,0
flow_20.28,39.0,4.0,0
flow_10.12,32.5,4.0,0
flow_30.18,25.0,3.0,0
flow_10.13,26.5,3.5,0
flow_00.13,28.0,4.0,0
flow_20.29,49.0,4.5,0
flow_00.14,26.0,3.5,0
flow_10.14,43.5,4.5,0
flow_10.15,41.0,4.0,0
flow_00.15,25.0,3.0,0
flow_20.30,41.0,4.0,0
flow_20.31,42.0,4.0,0
flow_00.16,24.5,3.0,0
flow_20.32,42.0,4.5,0
flow_10.16,34.0,4.0,0
flow_30.19,33.5,4.0,0
flow_30.20,27.5,3.5,0
flow_20.33,56.5,4.5,0
flow_20.34,47.5,4.0,0
flow_20.35,47.0,4.0,0
flow_30.21,24.5,3.0,0
flow_10.17,42.5,4.5,0
flow_10.18,37.5,4.0,0
flow_00.17,33.5,4.5,0
flow_20.36,64.0,4.5,0
flow_20.37,59.0,4.0,0
flow_00.18,34.0,4.0,0
flow_20.38,59.0,4.0,0
flow_30.22,44.0,5.0,0
flow_30.23,38.0,4.0,0
flow_20.39,75.5,4.5,0
flow_00.19,38.5,4.5,0
flow_20.40,76.0,4.0,0
flow_20.41,73.0,4.0,0
flow_30.24,38.5,4.5,0
flow_10.19,34.5,4.5,0
flow_30.25,23.5,3.0,0
flow_20.42,89.0,4.0,0
flow_00.20,32.5,5.0,0
flow_20.43,89.0,3.5,0
flow_00.21,22.0,2.5,0
flow_20.44,69.5,4.0,0
flow_10.20,25.0,3.0,0
flow_30.26,24.5,3.0,0
flow_10.21,26.5,3.5,0
flow_20.45,75.0,4.0,0
flow_00.22,30.5,4.5,0
flow_20.46,33.0,3.5,0
flow_00.23,29.5,4.5,0
flow_00.24,27.5,4.0,0
flow_20.47,27.5,4.0,0
flow_30.27,41.0,4.5,0
flow_30.28,30.5,4.0,0
flow_30.29,25.5,3.5,0
flow_20.48,44.0,4.5,0
flow_20.49,32.0,4.0,0
flow_30.30,39.0,4.5,0
flow_10.22,39.5,4.5,0
flow_30.31,39.5,4.0,0
flow_10.23,24.5,3.0,0
flow_30.32,38.5,4.0,0
flow_20.50,38.0,4.5,0
flow_30.33,55.0,4.5,0
flow_10.24,44.0,4.5,0
flow_30.34,37.5,4.0,0
flow_20.51,29.0,4.0,0
flow_30.35,45.5,4.5,0
flow_10.25,42.5,4.5,0
flow_00.25,41.0,4.5,0
flow_20.52,48.0,5.5,0
flow_20.53,32.5,5.0,0
flow_10.26,25.5,3.5,0
flow_20.54,35.0,4.0,0
flow_00.26,35.0,4.5,0
flow_20.55,28.5,3.5,0
flow_20.56,27.0,3.5,0
flow_00.27,23.5,3.0,0
flow_10.27,34.0,4.5,0
flow_30.36,35.5,4.5,0
flow_30.37,34.5,4.0,0
flow_10.28,24.0,3.0,0
flow_30.38,34.0,4.0,0
flow_00.28,38.0,4.0,0
flow_20.57,37.5,4.5,0
flow_00.29,38.0,3.5,0
flow_20.58,25.5,3.5,0
flow_00.30,38.0,4.0,0
flow_10.29,41.5,4.0,0
flow_30.39,51.5,4.5,0
flow_30.40,50.0,4.0,0
flow_30.41,49.0,4.0,0
flow_20.59,41.0,4.0,0
flow_00.31,23.0,2.5,0
flow_20.60,39.5,4.0,0
flow_20.61,27.5,4.0,0
flow_30.42,66.0,4.5,0
flow_30.43,66.0,4.0,0
flow_30.44,65.0,4.0,0
flow_20.62,43.0,4.0,0
flow_00.32,40.0,4.5,0
flow_20.63,42.5,3.5,0
flow_00.33,41.0,4.0,0
flow_20.64,43.0,4.0,0
flow_30.45,74.5,4.5,0
flow_10.30,40.5,4.5,0
flow_10.31,30.0,4.0,0
flow_30.46,66.0,4.0,0
flow_30.47,51.5,4.0,0
flow_20.65,59.0,4.0,0
flow_20.66,28.5,3.5,0
flow_00.34,25.5,3.5,0
flow_30.48,64.5,4.5,0
flow_10.32,24.5,3.0,0
flow_30.49,55.0,4.0,0
flow_30.50,54.5,4.0,0
flow_00.35,39.0,4.0,0
flow_20.67,39.0,4.5,0
flow_00.36,26.5,3.5,0
flow_20.68,35.5,4.0,0
flow_20.69,29.5,3.5,0
flow_30.51,70.5,4.0,0
flow_10.33,29.5,4.0,0
flow_30.52,65.5,4.0,0
flow_30.53,54.5,4.0,0
flow_00.37,39.5,4.5,0
flow_20.70,47.5,4.5,0
flow_20.71,46.5,4.0,0
flow_20.72,47.5,4.5,0
flow_30.54,65.5,4.5,0
flow_10.34,37.5,4.5,0
flow_30.55,64.5,3.5,0
flow_30.56,62.5,4.0,0
flow_10.35,24.5,3.0,0
flow_20.73,62.0,4.5,0
flow_00.38,39.5,4.5,0
flow_20.74,57.0,4.0,0
flow_20.75,56.0,4.0,0
flow_30.57,77.0,4.5,0
flow_10.36,29.0,4.0,0
flow_10.37,25.5,3.5,0
flow_30.58,48.5,4.0,0
flow_30.59,35.0,4.0,0
flow_20.76,73.0,4.5,0
flow_20.77,72.5,4.0,0
flow_20.78,69.0,4.0,0
flow_30.60,51.0,4.0,0
flow_30.61,51.0,4.0,0
flow_30.62,50.0,4.0,0
flow_20.79,78.0,4.5,0
flow_00.39,33.5,4.0,0
flow_20.80,65.5,4.0,0
flow_20.81,65.5,4.0,0
flow_30.63,58.5,4.5,0
flow_10.38,45.5,4.5,0
flow_30.64,53.0,4.0,0
flow_00.40,37.0,4.0,0
flow_20.82,75.0,4.5,0
flow_20.83,74.5,4.0,0
flow_20.84,38.5,4.0,0
flow_10.39,30.0,4.0,0
flow_30.65,42.5,4.5,0
flow_30.66,23.5,2.5,0
flow_10.40,23.5,3.0,0
flow_20.85,55.5,4.5,0
flow_20.86,43.0,4.0,0
flow_20.87,33.0,4.0,0
flow_10.41,25.5,3.5,0
flow_20.88,49.5,4.0,0
flow_20.89,48.5,4.0,0
flow_20.90,28.5,3.5,0
flow_10.42,24.5,3.0,0
flow_10.43,25.0,3.5,0
flow_20.91,35.5,4.0,0
flow_00.41,27.0,3.5,0
flow_30.67,41.5,4.5,0
flow_20.92,36.5,4.5,0
flow_20.93,31.0,4.0,0
flow_20.94,27.0,4.0,0
flow_20.95,35.0,4.5,0
flow_20.96,27.0,3.5,0
flow_30.68,38.0,4.5,0
flow_10.44,33.0,4.5,0
flow_20.97,44.5,4.5,0
flow_00.42,41.0,4.5,0
flow_00.43,26.5,4.0,0
flow_10.45,30.5,4.0,0
flow_30.69,32.5,4.5,0
flow_30.70,28.5,4.0,0
flow_10.46,26.5,3.5,0
flow_30.71,28.5,4.0,0
flow_10.47,24.5,3.0,0
flow_20.98,36.5,4.5,0
flow_00.44,46.0,4.5,0
flow_00.45,46.0,4.5,0
flow_10.48,32.0,4.0,0
flow_30.72,37.0,4.5,0
flow_30.73,33.5,4.5,0
flow_10.49,26.5,4.0,0
flow_30.74,32.0,4.0,0
flow_00.46,25.5,3.5,0
flow_20.99,42.5,4.5,0
flow_00.47,24.0,3.0,0
flow_20.100,32.0,4.0,0
flow_20.101,32.0,4.0,0
flow_00.48,26.5,3.5,0
flow_30.75,33.0,4.0,0
flow_10.50,33.0,4.5,0
flow_30.76,32.5,4.0,0
flow_10.51,24.0,3.0,0
flow_30.77,32.5,4.0,0
flow_20.102,44.5,4.5,0
flow_00.49,41.5,4.5,0
flow_20.103,26.5,3.5,0
flow_00.50,26.0,3.5,0
flow_30.0,24.0,3.0,0
flow_20.0,31.0,4.5,0
flow_20.1,29.5,4.5,0
flow_30.1,42.0,4.0,0
flow_10.0,29.0,4.0,0
flow_30.2,41.0,4.0,0
flow_30.3,26.0,3.5,0
flow_00.0,36.5,4.5,0
flow_20.2,41.0,4.5,0
flow_20.3,40.0,4.0,0
flow_20.4,38.5,3.5,0
flow_30.4,44.0,4.5,0
flow_30.5,43.5,4.0,0
flow_30.6,38.5,4.0,0
flow_00.1,31.5,4.0,0
flow_20.5,55.0,4.5,0
flow_00.2,31.5,4.0,0
flow_20.6,55.0,4.0,0
flow_20.7,53.5,4.0,0
flow_30.7,41.0,4.0,0
flow_10.1,27.0,4.0,0
flow_10.2,26.0,3.5,0
flow_00.3,37.5,4.5,0
flow_20.8,59.5,4.5,0
flow_20.9,43.0,4.0,0
flow_20.10,41.5,4.0,0
flow_10.3,37.5,4.5,0
flow_30.8,38.0,4.5,0
flow_30.9,31.5,4.0,0
flow_30.10,30.0,4.0,0
flow_20.11,58.0,4.0,0
flow_20.12,55.5,4.0,0
flow_20.13,48.0,4.0,0
flow_30.11,42.0,4.5,0
flow_30.12,30.5,4.0,0
flow_30.13,29.5,4.0,0
flow_00.4,40.0,4.5,0
flow_20.14,46.0,4.5,0
flow_00.5,31.0,4.0,0
flow_20.15,43.5,4.0,0
flow_20.16,33.0,4.0,0
flow_30.14,41.5,4.0,0
flow_30.15,32.0,4.0,0
flow_30.16,29.5,3.5,0
flow_00.6,37.0,4.5,0
flow_20.17,39.0,4.5,0
flow_00.7,35.0,4.0,0
flow_20.18,25.0,3.0,0
flow_10.4,34.0,4.5,0
flow_30.17,30.0,4.0,0
flow_30.18,25.5,3.0,0
flow_20.19,41.5,4.0,0
flow_00.8,25.0,3.0,0
flow_10.5,39.5,4.5,0
flow_10.6,30.5,4.0,0
flow_00.9,36.5,4.5,0
flow_20.20,42.0,4.5,0
flow_20.21,32.5,4.0,0
flow_30.19,24.0,3.0,0
flow_00.10,32.5,4.0,0
flow_20.22,25.0,3.0,0
flow_00.11,29.0,4.0,0
flow_20.23,26.0,3.5,0
flow_20.24,24.5,3.0,0
flow_30.20,39.0,4.0,0
flow_10.7,32.5,4.0,0
flow_30.21,37.5,3.5,0
flow_20.25,32.0,4.0,0
flow_00.12,46.0,4.5,0
flow_00.13,45.0,4.0,0
flow_00.14,44.0,4.0,0
flow_30.22,42.5,4.0,0
flow_10.8,25.0,3.0,0
flow_30.23,37.0,4.0,0
flow_10.9,25.0,3.5,0
flow_30.24,35.0,4.0,0
flow_00.15,25.0,3.0,0
flow_30.25,49.5,4.5,0
flow_10.10,33.0,4.5,0
flow_30.26,49.5,4.0,0
flow_30.27,33.5,4.0,0
flow_00.16,30.5,4.0,0
flow_20.26,41.0,4.5,0
flow_00.17,29.5,4.0,0
flow_20.27,40.0,4.0,0
flow_20.28,38.5,4.0,0
flow_10.11,32.5,4.0,0
flow_30.28,45.5,4.5,0
flow_30.29,23.5,2.5,0
flow_00.18,40.5,4.0,0
flow_20.29,56.0,4.5,0
flow_20.30,55.5,4.0,0
flow_00.19,38.5,4.0,0
flow_20.31,54.5,4.0,0
flow_00.20,38.0,4.0,0
flow_30.30,37.5,4.5,0
flow_20.32,72.0,4.5,0
flow_00.21,44.0,4.5,0
flow_00.22,25.0,3.0,0
flow_20.33,71.5,4.0,0
flow_20.34,70.0,4.0,0
flow_10.12,28.5,4.0,0
flow_30.31,22.5,2.5,0
flow_00.23,25.0,3.0,0
flow_20.35,87.0,4.5,0
flow_00.24,26.0,3.5,0
flow_20.36,82.5,4.5,0
flow_20.37,71.5,4.0,0
flow_30.32,33.0,4.0,0
flow_00.25,42.5,4.5,0
flow_20.38,43.5,4.5,0
flow_20.39,42.5,4.0,0
flow_20.40,39.0,4.0,0
flow_10.13,32.5,4.0,0
flow_30.33,41.0,4.0,0
flow_10.14,26.0,3.0,0
flow_20.41,41.0,4.0,0
flow_00.26,36.0,4.5,0
flow_20.42,42.5,4.0,0
flow_20.43,30.0,4.0,0
flow_10.15,37.5,4.0,0
flow_30.34,43.0,4.5,0
flow_10.16,27.5,3.5,0
flow_30.35,43.5,4.0,0
flow_30.36,38.5,4.0,0
flow_10.17,27.5,4.0,0
flow_20.44,45.0,4.5,0
flow_00.27,33.5,4.0,0
flow_20.45,27.5,3.5,0
flow_00.28,29.5,4.0,0
flow_00.29,27.0,4.0,0
flow_30.37,38.0,4.5,0
flow_30.38,36.5,4.0,0
flow_30.39,36.0,4.0,0
flow_00.30,33.0,4.0,0
flow_20.46,42.0,4.5,0
flow_00.31,32.5,4.0,0
flow_20.47,41.0,4.0,0
flow_00.32,31.5,4.5,0
flow_20.48,39.0,4.0,0
flow_30.40,24.5,3.0,0
flow_30.41,25.5,3.5,0
flow_00.33,48.0,4.5,0
flow_20.49,39.0,4.5,0
flow_00.34,49.0,4.0,0
flow_20.50,25.0,3.5,0
flow_00.35,47.0,4.0,0
flow_10.18,24.0,3.0,0
flow_30.42,44.5,4.5,0
flow_30.43,28.5,4.0,0
flow_10.19,24.5,3.0,0
flow_00.36,64.0,4.5,0
flow_20.51,27.5,3.5,0
flow_00.37,63.0,4.0,0
flow_00.38,57.5,4.0,0
flow_30.44,43.0,4.5,0
flow_30.45,29.0,4.0,0
flow_10.20,24.0,2.5,0
flow_20.52,32.5,4.0,0
flow_00.39,61.5,4.5,0
flow_20.53,31.5,4.0,0
flow_00.40,33.0,4.0,0
flow_20.54,30.0,3.5,0
flow_20.55,29.0,4.0,0
flow_10.21,43.0,4.5,0
flow_30.46,36.0,4.5,0
flow_30.47,35.5,4.0,0
flow_30.48,34.5,4.0,0
flow_00.41,35.5,4.5,0
flow_20.56,44.5,4.5,0
flow_20.57,44.0,4.0,0
flow_20.58,40.5,4.0,0
flow_30.49,39.0,4.5,0
flow_10.22,28.0,4.0,0
flow_30.50,35.0,4.0,0
flow_30.51,34.0,4.5,0
flow_00.42,24.5,3.0,0
flow_20.59,57.5,4.0,0
flow_00.43,24.5,3.0,0
flow_20.60,44.0,4.0,0
flow_20.61,32.5,4.0,0
flow_30.52,50.0,4.0,0
flow_30.53,23.5,2.5,0
flow_20.62,49.5,4.5,0
flow_00.44,42.5,4.5,0
flow_00.45,26.0,3.0,0
flow_20.63,49.0,4.0,0
flow_10.23,43.0,4.0,0
flow_30.54,24.5,3.0,0
flow_10.24,43.0,4.0,0
flow_30.55,24.0,3.0,0
flow_10.25,42.0,4.0,0
flow_00.46,22.5,2.5,0
flow_20.64,28.5,4.0,0
flow_20.65,27.0,3.5,0
flow_20.66,26.0,3.5,0
flow_10.26,54.0,4.0,0
flow_30.56,41.0,4.0,0
flow_30.57,27.5,3.5,0
flow_10.27,51.0,3.5,0
flow_10.28,31.0,3.5,0
flow_30.58,27.5,4.0,0
flow_20.67,44.0,4.0,0
flow_20.68,44.0,4.0,0
flow_20.69,43.5,4.0,0
flow_20.70,60.5,4.5,0
flow_00.47,34.0,4.5,0
flow_20.71,26.5,3.5,0
flow_30.59,38.0,4.5,0
flow_30.60,25.5,3.0,0
flow_20.72,42.0,4.0,0
flow_20.73,27.5,4.0,0
flow_20.74,26.0,3.5,0
flow_30.61,42.0,4.5,0
flow_30.62,26.5,3.5,0
flow_20.75,42.5,4.0,0
flow_00.48,44.0,4.5,0
flow_20.76,42.5,3.5,0
flow_20.77,42.0,4.0,0
flow_30.63,38.0,4.5,0
flow_30.64,29.5,3.5,0
flow_30.65,28.0,4.0,0
flow_20.78,59.5,4.5,0
flow_20.79,58.5,4.0,0
flow_20.80,58.5,4.5,0
flow_10.29,40.5,4.5,0
flow_30.66,23.5,3.0,0
flow_10.30,26.5,3.5,0
flow_00.49,36.5,4.5,0
flow_20.81,30.5,4.5,0
flow_20.82,30.0,4.0,0
flow_30.67,30.5,4.0,0
flow_30.68,30.0,3.5,0
flow_00.50,24.0,2.5,0
flow_20.83,28.5,4.0,0
flow_20.84,26.0,3.5,0
flow_30.69,44.0,4.5,0
flow_10.31,42.0,4.5,0
flow_30.70,25.0,3.5,0
flow_20.85,43.5,4.0,0
flow_00.51,25.0,3.5,0
flow_10.32,43.0,4.5,0
flow_10.33,42.0,4.0,0
flow_30.71,25.0,3.0,0
flow_00.52,42.5,4.0,0
flow_20.86,43.0,4.5,0
flow_20.87,42.0,3.5,0
flow_20.88,27.0,3.5,0
flow_30.72,43.5,4.5,0
flow_30.73,42.5,4.0,0
flow_30.74,35.0,4.0,0
flow_20.89,43.0,4.5,0
flow_20.90,39.5,4.0,0
flow_20.91,30.0,4.0,0
flow_10.34,42.5,4.0,0
flow_00.53,44.5,4.5,0
flow_20.92,23.5,3.0,0
flow_00.54,38.0,4.0,0
flow_00.55,25.5,3.0,0
flow_30.75,36.0,4.5,0
flow_10.35,32.0,5.0,0
flow_10.36,25.5,3.5,0
flow_00.56,41.0,4.0,0
flow_00.57,41.5,4.0,0
flow_20.93,24.5,3.0,0
flow_00.58,40.5,4.0,0
flow_10.37,41.0,4.5,0
flow_10.38,40.0,4.0,0
flow_00.59,50.0,4.0,0
flow_20.94,32.5,4.5,0
flow_20.95,32.5,4.0,0
flow_20.96,31.0,4.0,0
flow_30.76,45.0,4.5,0
flow_30.77,42.5,4.0,0
flow_30.78,42.0,4.0,0
flow_00.60,40.5,4.5,0
flow_20.97,25.5,3.5,0
flow_00.0,36.5,4.5,0
flow_00.1,35.5,4.0,0
flow_00.2,34.0,4.0,0
flow_20.0,45.0,4.5,0
flow_20.1,43.5,4.0,0
flow_00.3,39.0,4.5,0
flow_00.4,28.0,3.5,0
flow_10.0,24.5,3.0,0
flow_00.5,27.0,4.0,0
flow_20.2,35.0,4.5,0
flow_00.6,26.0,3.5,0
flow_30.0,35.0,4.5,0
flow_10.1,34.0,4.5,0
flow_30.1,31.0,4.0,0
flow_00.7,43.0,4.0,0
flow_00.8,42.5,3.5,0
flow_00.9,29.5,4.0,0
flow_10.2,40.5,4.0,0
flow_10.3,40.0,3.5,0
flow_10.4,36.0,4.0,0
flow_00.10,45.0,4.0,0
flow_20.3,37.0,4.5,0
flow_00.11,24.5,3.0,0
flow_10.5,48.0,4.5,0
flow_30.2,29.5,4.0,0
flow_10.6,43.0,4.0,0
flow_10.7,40.0,4.0,0
flow_20.4,42.0,4.5,0
flow_00.12,34.5,4.5,0
flow_00.13,32.5,4.0,0
flow_20.5,28.0,3.5,0
flow_20.6,25.5,3.5,0
flow_00.14,32.5,4.0,0
flow_30.3,28.5,4.0,0
flow_20.7,37.5,4.0,0
flow_00.15,32.5,5.0,0
flow_00.16,31.0,5.0,0
flow_00.17,29.0,4.5,0
flow_30.4,32.0,4.0,0
flow_10.8,33.0,4.5,0
flow_30.5,30.0,3.5,0
flow_30.6,29.0,3.5,0
flow_10.9,26.5,3.5,0
flow_00.18,48.0,5.0,0
flow_00.19,34.5,4.5,0
flow_00.20,30.0,4.5,0
flow_30.7,46.5,4.5,0
flow_10.10,38.5,4.5,0
flow_10.11,28.0,3.5,0
flow_30.8,26.5,3.5,0
flow_20.8,34.5,4.5,0
flow_00.21,41.5,4.5,0
flow_20.9,28.0,4.0,0
flow_00.22,26.5,4.0,0
flow_10.12,41.5,4.0,0
flow_10.13,42.0,4.0,0
flow_10.14,29.0,3.5,0
flow_00.23,44.5,4.5,0
flow_20.10,44.5,4.5,0
flow_00.24,43.5,4.0,0
flow_00.25,27.0,3.5,0
flow_10.15,46.5,4.5,0
flow_30.9,42.0,4.5,0
flow_30.10,38.5,4.0,0
flow_10.16,46.5,4.0,0
flow_30.11,32.0,3.5,0
flow_10.17,46.5,4.5,0
flow_00.26,45.0,4.5,0
flow_20.11,25.5,3.5,0
flow_30.12,35.0,4.5,0
flow_10.18,63.5,4.5,0
flow_30.13,30.5,4.0,0
flow_10.19,54.0,4.0,0
flow_10.20,39.5,4.0,0
flow_00.27,23.5,3.0,0
flow_10.21,56.0,4.0,0
flow_10.22,56.0,4.0,0
flow_10.23,54.0,4.0,0
flow_20.12,24.0,3.0,0
flow_00.28,24.5,3.0,0
flow_20.13,24.5,3.0,0
flow_10.24,62.0,4.5,0
flow_10.25,45.0,4.0,0
flow_10.26,44.0,4.0,0
flow_20.14,37.5,4.5,0
flow_00.29,23.5,3.0,0
flow_00.30,26.0,3.5,0
flow_10.27,62.0,4.5,0
flow_10.28,51.5,4.0,0
flow_10.29,46.0,4.0,0
flow_20.15,44.0,4.5,0
flow_20.16,42.5,3.5,0
flow_20.17,39.5,4.0,0
flow_10.30,58.5,4.0,0
flow_10.31,54.5,3.5,0
flow_10.32,54.5,4.0,0
flow_20.18,23.5,2.5,0
flow_00.31,33.5,4.5,0
flow_10.33,71.5,4.5,0
flow_30.14,31.5,4.0,0
flow_10.34,72.0,4.0,0
flow_10.35,70.5,4.0,0
flow_20.19,40.0,4.5,0
flow_00.32,24.5,3.0,0
flow_10.36,82.0,4.5,0
flow_10.37,82.0,4.0,0
flow_10.38,80.0,4.0,0
flow_20.20,37.0,4.0,0
flow_00.33,41.5,4.5,0
flow_00.34,41.0,4.0,0
flow_20.21,38.0,4.0,0
flow_00.35,38.0,4.0,0
flow_10.39,60.5,4.5,0
flow_10.40,25.5,3.0,0
flow_10.41,24.5,3.0,0
flow_00.36,44.0,4.5,0
flow_00.37,32.0,4.0,0
flow_00.38,30.5,4.0,0
flow_10.42,27.5,4.0,0
flow_20.22,43.5,4.5,0
flow_00.39,48.0,5.0,0
flow_20.23,40.0,4.0,0
flow_00.40,46.5,4.0,0
flow_20.24,31.5,3.5,0
flow_00.41,45.0,4.0,0
flow_10.43,24.5,3.0,0
flow_00.42,62.0,4.5,0
flow_00.43,65.0,5.0,0
flow_20.25,26.0,3.5,0
flow_00.44,55.0,5.0,0
flow_10.44,37.5,4.0,0
flow_10.45,37.5,3.5,0
flow_10.46,37.5,4.0,0
flow_00.45,54.5,4.0,0
flow_20.26,38.5,4.5,0
flow_00.46,46.5,4.0,0
flow_00.47,43.5,4.0,0
flow_10.47,54.5,4.5,0
flow_10.48,54.0,3.5,0
flow_10.49,48.0,4.0,0
flow_00.48,60.0,4.5,0
flow_00.49,61.0,4.0,0
flow_00.50,56.5,4.5,0
flow_10.50,63.0,4.5,0
flow_10.51,62.0,3.5,0
flow_10.52,58.5,4.0,0
flow_20.27,24.5,3.0,0
flow_00.51,69.5,4.5,0
flow_00.52,66.0,4.0,0
flow_00.53,53.5,4.0,0
flow_10.53,74.5,4.0,0
flow_10.54,67.0,3.5,0
flow_30.15,26.0,3.5,0
flow_10.55,63.5,4.0,0
flow_20.28,34.0,4.0,0
flow_00.54,64.5,4.5,0
flow_00.55,64.0,4.0,0
flow_20.29,35.0,4.0,0
flow_20.30,29.5,4.0,0
flow_00.56,53.5,4.0,0
flow_10.56,79.5,4.5,0
flow_30.16,38.5,4.5,0
flow_10.57,75.5,3.5,0
flow_10.58,76.0,4.0,0
flow_00.57,68.5,4.5,0
flow_20.31,23.0,2.5,0
flow_00.58,34.5,4.0,0
flow_00.59,31.5,4.0,0
flow_10.59,86.5,4.0,0
flow_10.60,81.0,4.0,0
flow_30.17,26.0,3.5,0
flow_10.61,71.5,4.0,0
flow_30.18,26.0,3.5,0
flow_20.32,33.5,4.0,0
flow_00.60,47.0,4.5,0
flow_20.33,25.0,3.0,0
flow_00.61,26.0,3.5,0
flow_10.62,85.5,4.0,0
flow_10.63,85.0,3.5,0
flow_30.19,24.5,3.0,0
flow_10.64,72.0,4.0,0
flow_00.62,38.0,4.5,0
flow_20.34,38.5,4.5,0
flow_00.63,37.0,3.5,0
flow_20.35,37.5,4.0,0
flow_00.64,36.0,3.5,0
flow_10.65,78.0,4.5,0
flow_30.20,35.5,4.5,0
flow_30.21,26.0,3.0,0
flow_10.66,55.0,4.5,0
flow_00.65,52.0,4.0,0
flow_20.36,36.0,4.5,0
flow_00.66,46.5,4.0,0
flow_00.67,34.0,4.0,0
flow_20.37,39.0,4.5,0
flow_00.68,43.0,4.5,0
flow_20.38,24.5,3.0,0
flow_10.67,42.0,4.0,0
flow_10.68,29.5,3.5,0
flow_10.69,28.5,4.0,0
flow_10.70,28.0,4.0,0
flow_00.69,26.5,3.5,0
flow_20.39,44.5,4.5,0
flow_20.40,34.5,4.0,0
flow_00.70,27.5,3.5,0
flow_00.71,25.5,3.5,0
flow_10.71,42.5,4.5,0
flow_10.72,39.0,3.5,0
flow_10.73,36.5,3.5,0
flow_00.72,42.0,4.5,0
flow_20.41,26.0,3.5,0
flow_00.73,41.5,4.0,0
flow_00.74,41.0,4.0,0
flow_10.74,44.0,4.0,0
flow_10.75,43.0,3.5,0
flow_10.76,27.0,3.5,0
flow_00.75,57.5,4.5,0
flow_20.42,33.0,4.0,0
flow_00.76,58.0,4.0,0
flow_20.43,33.0,4.0,0
flow_00.77,38.5,4.0,0
flow_10.77,28.0,4.0,0
flow_10.78,26.5,4.0,0
flow_10.79,25.0,3.5,0
flow_00.78,56.0,4.5,0
flow_20.44,47.0,5.0,0
flow_20.45,35.0,4.5,0
flow_00.79,56.0,4.0,0
flow_00.80,55.0,4.5,0
flow_30.22,31.5,4.0,0
flow_10.80,42.5,4.5,0
flow_10.81,42.0,4.0,0
flow_10.82,28.0,3.5,0
flow_10.83,27.0,4.0,0
flow_20.46,37.5,4.0,0
flow_00.81,51.5,4.0,0
flow_00.82,48.5,3.5,0
flow_20.47,27.5,4.0,0
flow_00.83,44.0,4.0,0
flow_20.48,25.0,3.0,0
flow_10.84,37.0,4.5,0
flow_20.49,25.5,3.5,0
flow_00.84,61.5,4.5,0
flow_00.85,60.5,4.0,0
flow_20.50,25.0,3.5,0
flow_00.86,51.5,4.0,0
flow_10.85,35.5,4.0,0
flow_10.86,26.0,3.5,0
flow_00.87,68.0,4.0,0
flow_20.51,42.5,4.5,0
flow_00.88,57.5,4.0,0
flow_20.52,30.5,4.0,0
flow_00.89,42.0,4.0,0
flow_10.87,40.0,4.5,0
flow_10.88,39.0,3.5,0
flow_10.89,38.0,3.5,0
flow_10.90,28.0,4.0,0
flow_00.90,54.0,4.0,0
flow_20.53,41.5,4.0,0
flow_00.91,42.0,3.5,0
flow_20.54,26.5,3.5,0
flow_00.92,32.0,3.5,0
flow_10.91,42.5,4.5,0
flow_30.23,27.0,4.0,0
flow_10.92,44.5,4.5,0
flow_10.93,41.5,4.5,0
flow_20.55,42.0,4.0,0
flow_00.93,50.5,4.5,0
flow_10.94,57.0,4.5,0
flow_10.95,42.0,4.0,0
flow_00.94,40.0,4.5,0
flow_20.56,39.0,4.5,0
flow_00.95,31.5,4.0,0
flow_20.57,40.5,4.5,0
flow_20.58,39.5,4.5,0
flow_00.96,30.5,4.5,0
flow_10.96,24.0,3.0,0
flow_10.97,25.0,3.5,0
flow_30.24,28.0,4.0,0
flow_00.97,37.0,4.5,0
flow_00.98,36.0,3.5,0
flow_00.99,33.5,3.5,0
flow_20.0,40.5,4.0,0
flow_00.0,38.0,4.0,0
flow_00.1,31.5,3.5,0
flow_20.1,41.0,4.0,0
flow_00.2,32.5,4.0,0
flow_20.2,39.0,4.5,0
flow_10.0,43.5,4.5,0
flow_20.3,40.5,4.5,0
flow_00.3,24.5,3.0,0
flow_30.0,41.0,4.5,0
flow_30.1,32.5,4.5,0
flow_00.4,31.0,4.5,0
flow_00.5,26.0,3.5,0
flow_30.2,36.5,4.5,0
flow_30.3,31.5,4.0,0
flow_10.1,26.0,3.5,0
flow_20.4,45.5,5.0,0
flow_00.6,34.5,4.5,0
flow_20.5,39.5,4.0,0
flow_00.7,28.0,4.0,0
flow_20.6,39.0,4.0,0
flow_10.2,27.5,4.0,0
flow_10.3,24.0,3.0,0
flow_00.8,42.0,4.0,0
flow_20.7,24.5,3.0,0
flow_30.4,39.5,4.5,0
flow_20.8,29.5,4.0,0
flow_00.9,33.5,4.5,0
flow_10.4,35.0,4.0,0
flow_10.5,35.5,4.0,0
flow_10.6,25.0,3.5,0
flow_00.10,27.5,4.0,0
flow_20.9,44.5,4.5,0
flow_00.11,26.0,3.5,0
flow_20.10,36.0,4.0,0
flow_30.5,28.0,4.0,0
flow_00.12,28.5,4.0,0
flow_00.13,25.0,3.5,0
flow_10.7,36.5,4.5,0
flow_30.6,24.0,3.0,0
flow_20.11,35.0,4.5,0
flow_00.14,42.5,4.5,0
flow_20.12,26.0,3.5,0
flow_00.15,42.0,4.0,0
flow_00.16,42.0,4.5,0
flow_10.8,28.5,4.0,0
flow_00.17,50.0,4.5,0
flow_20.13,42.0,4.5,0
flow_20.14,40.5,4.0,0
flow_20.15,39.5,4.0,0
flow_10.9,41.0,4.5,0
flow_20.16,51.0,4.0,0
flow_00.18,23.5,3.0,0
flow_20.17,43.0,3.5,0
flow_00.19,25.0,3.5,0
flow_20.18,34.0,4.0,0
flow_10.10,39.5,4.0,0
flow_30.7,33.5,4.0,0
flow_20.19,40.5,4.0,0
flow_00.20,43.0,4.5,0
flow_00.21,42.0,4.0,0
flow_00.22,38.0,4.0,0
flow_10.11,42.5,4.0,0
flow_10.12,40.5,4.0,0
flow_00.23,50.5,4.0,0
flow_20.20,26.5,3.5,0
flow_00.24,38.5,4.5,0
flow_20.21,23.5,3.0,0
flow_00.25,38.0,4.0,0
flow_10.13,34.0,4.5,0
flow_10.14,33.5,4.0,0
flow_00.26,46.0,4.5,0
flow_20.22,43.5,4.5,0
flow_00.27,45.0,4.0,0
flow_00.28,41.5,3.5,0
flow_30.8,42.5,4.5,0
flow_30.9,24.5,3.0,0
flow_30.10,25.0,3.5,0
flow_00.29,58.0,4.0,0
flow_30.11,24.5,3.0,0
flow_30.12,25.5,3.0,0
flow_30.13,25.0,3.0,0
flow_00.30,31.0,4.0,0
flow_00.31,25.5,3.0,0
flow_10.15,38.0,4.5,0
flow_00.32,31.5,4.0,0
flow_20.23,44.5,5.0,0
flow_20.24,26.5,3.5,0
flow_00.33,25.0,3.0,0
flow_20.25,41.0,4.5,0
flow_20.26,36.5,4.0,0
flow_20.27,28.5,3.5,0
flow_10.16,41.0,4.5,0
flow_10.17,40.5,4.0,0
flow_10.18,36.5,4.0,0
flow_00.34,35.5,4.0,0
flow_20.28,24.5,3.0,0
flow_00.35,35.5,4.0,0
flow_20.29,24.5,3.0,0
flow_00.36,35.0,4.0,0
flow_10.19,28.0,4.0,0
flow_30.14,43.5,4.5,0
flow_30.15,29.0,4.5,0
flow_00.37,52.0,4.5,0
flow_00.38,32.0,4.0,0
flow_10.20,39.0,4.5,0
flow_30.16,44.0,4.5,0
flow_10.21,39.0,4.0,0
flow_10.22,38.0,4.0,0
flow_20.30,27.0,4.0,0
flow_00.39,36.5,4.5,0
flow_00.40,34.5,3.5,0
flow_00.41,35.0,4.0,0
flow_10.23,52.0,4.5,0
flow_20.31,28.5,4.0,0
flow_00.42,51.5,4.5,0
flow_00.43,51.0,4.0,0
flow_20.32,29.0,4.0,0
flow_20.33,26.5,4.0,0
flow_00.44,49.5,4.0,0
flow_00.45,67.0,4.5,0
flow_20.34,32.0,4.0,0
flow_00.46,47.5,4.0,0
flow_20.35,31.5,4.0,0
flow_00.47,46.5,4.0,0
flow_20.36,31.0,4.5,0
flow_10.24,43.0,4.0,0
flow_30.17,42.5,4.5,0
flow_00.48,60.5,4.5,0
flow_00.49,59.5,4.0,0
flow_10.25,24.5,3.0,0
flow_30.18,25.0,3.0,0
flow_00.50,42.5,4.5,0
flow_20.37,39.5,4.5,0
flow_20.38,28.0,4.0,0
flow_00.51,42.5,4.0,0
flow_00.52,35.5,4.0,0
flow_10.26,43.5,4.5,0
flow_10.27,32.0,4.0,0
flow_00.53,48.5,4.5,0
flow_00.54,31.0,4.0,0
flow_30.19,38.0,4.5,0
flow_10.28,43.5,4.5,0
flow_10.29,38.5,4.0,0
flow_20.39,39.5,4.5,0
flow_00.55,32.0,4.5,0
flow_20.40,34.0,4.0,0
flow_00.56,31.5,4.0,0
flow_30.20,23.5,3.0,0
flow_00.57,44.5,4.5,0
flow_20.41,38.5,4.5,0
flow_00.58,31.5,4.0,0
flow_20.42,24.5,3.0,0
flow_00.59,30.5,4.0,0
flow_30.21,40.0,4.5,0
flow_10.30,36.5,4.5,0
flow_30.22,40.0,4.0,0
flow_30.23,38.0,3.5,0
flow_00.60,39.5,4.5,0
flow_20.43,37.5,5.0,0
flow_00.61,39.5,4.0,0
flow_00.62,28.0,4.0,0
flow_30.24,41.5,4.0,0
flow_10.31,32.0,4.0,0
flow_30.25,31.5,4.0,0
flow_30.26,28.0,3.5,0
flow_20.44,41.5,4.5,0
flow_00.63,24.5,3.0,0
flow_20.45,38.5,4.5,0
flow_20.46,33.5,4.5,0
flow_10.32,43.0,4.5,0
flow_30.27,44.5,4.5,0
flow_20.47,43.0,4.5,0
flow_20.48,41.5,4.0,0
flow_20.49,26.0,3.5,0
flow_30.28,44.0,4.5,0
flow_30.29,35.0,4.0,0
flow_30.30,31.0,4.5,0
flow_00.64,40.0,4.0,0
flow_20.50,30.5,4.5,0
flow_20.51,28.5,4.0,0
flow_20.52,27.5,4.0,0
flow_20.53,26.0,3.5,0
flow_30.31,48.0,4.5,0
flow_10.33,22.0,2.5,0
flow_30.32,44.5,4.0,0
flow_30.33,44.0,4.0,0
flow_00.65,42.0,4.5,0
flow_20.54,36.5,4.5,0
flow_00.66,39.5,4.0,0
flow_20.55,35.5,4.0,0
flow_00.67,27.0,3.5,0
flow_10.34,43.0,4.5,0
flow_00.68,44.0,4.0,0
flow_20.56,39.0,4.5,0
flow_10.35,26.0,3.5,0
flow_00.69,28.0,4.0,0
flow_20.57,46.5,4.5,0
flow_20.58,45.0,4.0,0
flow_30.34,24.0,3.0,0
flow_30.35,24.5,3.0,0
flow_00.70,40.0,4.5,0
flow_00.71,39.0,4.0,0
flow_00.72,26.5,4.0,0
flow_30.36,40.5,4.5,0
flow_10.36,40.0,4.5,0
flow_10.37,26.5,3.5,0
flow_30.37,24.0,3.0,0
flow_00.73,40.0,4.5,0
flow_30.38,44.5,4.5,0
flow_10.38,26.0,3.5,0
flow_00.74,44.5,4.5,0
flow_00.75,31.5,4.5,0
flow_30.0,23.5,3.0,0
flow_30.1,26.5,3.5,0
flow_20.0,28.0,4.0,0
flow_30.2,41.0,4.5,0
flow_30.3,40.5,4.0,0
flow_10.0,26.5,3.5,0
flow_30.4,39.5,4.0,0
flow_00.0,32.5,4.0,0
flow_20.1,42.5,4.5,0
flow_20.2,31.5,4.0,0
flow_20.3,31.0,4.0,0
flow_20.4,30.0,4.5,0
flow_30.5,57.5,4.5,0
flow_10.1,37.0,4.5,0
flow_30.6,56.5,4.0,0
flow_30.7,37.5,4.5,0
flow_20.5,43.5,4.5,0
flow_20.6,43.5,4.0,0
flow_20.7,39.5,4.0,0
flow_30.8,42.0,4.5,0
flow_10.2,39.5,4.5,0
flow_10.3,38.0,4.0,0
flow_30.9,37.0,4.0,0
flow_30.10,27.5,3.5,0
flow_00.1,25.0,3.5,0
flow_20.8,57.5,4.5,0
flow_20.9,43.0,4.0,0
flow_20.10,41.5,4.0,0
flow_10.4,34.0,4.5,0
flow_30.11,32.5,4.0,0
flow_30.12,31.5,3.5,0
flow_10.5,30.5,4.0,0
flow_20.11,57.0,4.5,0
flow_20.12,49.5,4.0,0
flow_00.2,27.0,4.0,0
flow_20.13,36.0,4.0,0
flow_00.3,26.0,3.5,0
flow_30.13,38.0,4.0,0
flow_30.14,38.5,3.5,0
flow_30.15,33.0,3.5,0
flow_30.16,31.0,4.0,0
flow_20.14,52.5,4.0,0
flow_00.4,42.5,4.0,0
flow_00.5,29.5,4.0,0
flow_20.15,53.0,4.0,0
flow_20.16,37.0,4.0,0
flow_10.6,37.5,4.0,0
flow_30.17,26.5,3.5,0
flow_10.7,24.5,3.0,0
flow_30.18,24.5,3.0,0
flow_00.6,29.0,4.0,0
flow_20.17,55.5,4.5,0
flow_20.18,54.0,4.0,0
flow_20.19,36.5,4.0,0
flow_30.19,42.0,4.5,0
flow_10.8,46.5,5.0,0
flow_30.20,31.5,4.0,0
flow_10.9,37.5,4.0,0
flow_20.20,53.0,4.5,0
flow_00.7,33.5,4.5,0
flow_20.21,52.0,3.5,0
flow_00.8,32.0,4.0,0
flow_20.22,40.5,4.0,0
flow_30.21,31.5,4.0,0
flow_10.10,25.5,3.5,0
flow_00.9,38.5,4.0,0
flow_20.23,58.5,4.5,0
flow_20.24,54.0,4.0,0
flow_20.25,51.5,4.5,0
flow_30.22,31.0,4.0,0
flow_10.11,29.5,4.0,0
flow_20.26,66.5,4.0,0
flow_00.10,29.0,4.5,0
flow_20.27,66.0,3.5,0
flow_00.11,26.5,3.5,0
flow_20.28,53.0,4.0,0
flow_30.23,41.0,4.0,0
flow_10.12,25.5,3.5,0
flow_30.24,40.0,3.5,0
flow_30.25,39.5,3.5,0
flow_20.29,70.0,4.5,0
flow_20.30,69.5,4.0,0
flow_20.31,61.0,4.0,0
flow_30.26,56.0,4.5,0
flow_30.27,56.0,3.5,0
flow_30.28,42.0,3.5,0
flow_20.32,73.0,4.5,0
flow_00.12,23.5,3.0,0
flow_20.33,73.0,4.0,0
flow_20.34,57.5,4.0,0
flow_30.29,39.5,4.5,0
flow_10.13,38.0,4.5,0
flow_10.14,32.5,4.0,0
flow_30.30,25.0,3.5,0
flow_10.15,30.5,4.0,0
flow_20.35,73.0,4.0,0
flow_20.36,72.5,3.5,0
flow_20.37,71.5,4.0,0
flow_30.31,43.5,4.0,0
flow_30.32,39.5,4.0,0
flow_00.13,41.5,4.5,0
flow_20.38,81.5,4.5,0
flow_20.39,68.5,4.0,0
flow_20.40,51.5,4.0,0
flow_30.33,43.5,4.0,0
flow_10.16,41.5,4.5,0
flow_10.17,30.5,4.0,0
flow_00.14,25.5,3.0,0
flow_00.15,26.0,3.5,0
flow_10.18,34.5,4.0,0
flow_30.34,33.0,4.5,0
flow_10.19,33.5,4.0,0
flow_30.35,26.0,3.5,0
flow_30.36,25.0,3.5,0
flow_20.41,24.5,3.0,0
flow_30.37,35.5,4.5,0
flow_30.38,34.5,3.5,0
flow_30.39,33.5,3.5,0
flow_00.16,28.0,4.0,0
flow_10.20,35.0,4.0,0
flow_30.40,39.0,4.5,0
flow_30.41,34.0,3.5,0
flow_30.42,28.0,4.0,0
flow_00.17,40.0,4.5,0
flow_20.42,34.5,4.5,0
flow_00.18,39.5,4.0,0
flow_20.43,34.0,3.5,0
flow_30.43,48.0,5.0,0
flow_30.44,36.5,4.5,0
flow_20.44,37.5,4.5,0
flow_20.45,27.5,4.0,0
flow_30.45,32.5,4.0,0
flow_20.46,44.0,4.5,0
flow_00.19,31.0,4.0,0
flow_20.47,40.5,4.0,0
flow_20.48,41.5,4.5,0
flow_10.21,36.0,4.0,0
flow_30.46,38.0,4.5,0
flow_30.47,26.5,3.5,0
flow_20.49,58.0,4.5,0
flow_00.20,29.5,4.5,0
flow_20.50,57.0,4.0,0
flow_20.51,56.5,4.0,0
flow_10.22,42.0,4.5,0
flow_30.48,32.5,4.5,0
flow_20.52,71.0,4.5,0
flow_00.21,24.5,3.0,0
flow_20.53,51.5,4.0,0
flow_20.54,50.0,4.0,0
flow_10.23,28.5,4.0,0
flow_20.55,61.5,4.5,0
flow_20.56,59.0,4.0,0
flow_20.57,55.5,4.5,0
flow_20.58,70.0,4.5,0
flow_00.22,25.0,3.5,0
flow_20.59,64.0,4.0,0
flow_20.60,62.0,4.0,0
flow_00.23,30.5,4.5,0
flow_20.61,46.5,4.5,0
flow_00.24,23.5,2.5,0
flow_20.62,41.0,4.0,0
flow_20.63,41.5,4.5,0
flow_30.49,25.5,3.5,0
flow_20.64,45.0,4.0,0
flow_20.65,42.0,4.0,0
flow_20.66,25.5,3.5,0
flow_30.50,44.5,4.5,0
flow_10.24,44.5,4.5,0
flow_30.51,44.0,4.0,0
flow_30.52,41.5,4.0,0
flow_20.67,33.5,4.5,0
flow_20.68,25.5,3.5,0
flow_20.69,23.5,3.0,0
flow_30.53,52.5,4.5,0
flow_30.54,47.0,4.0,0
flow_30.55,33.5,4.0,0
flow_20.70,40.5,4.5,0
flow_00.25,34.0,4.5,0
flow_20.71,31.0,4.0,0
flow_20.72,29.0,3.5,0
flow_10.25,27.0,3.5,0
flow_30.56,51.0,4.5,0
flow_10.26,25.5,3.5,0
flow_30.57,25.0,3.5,0
flow_20.73,43.5,4.5,0
flow_20.74,43.0,4.0,0
flow_20.75,40.0,4.0,0
flow_30.58,36.0,4.5,0
flow_10.27,44.0,4.5,0
flow_20.76,39.0,4.0,0
flow_20.77,40.5,4.5,0
flow_10.28,32.5,4.5,0
flow_20.78,40.0,4.0,0
flow_20.79,40.0,3.5,0
flow_20.80,37.0,3.5,0
flow_30.59,40.5,4.0,0
flow_00.26,26.0,3.5,0
flow_20.81,57.5,5.0,0
flow_20.82,54.5,4.5,0
flow_20.83,51.0,4.0,0
flow_10.29,44.0,4.5,0
flow_30.60,31.0,4.5,0
flow_20.84,65.0,4.0,0
flow_20.85,38.0,4.5,0
flow_20.86,35.0,4.0,0
flow_30.61,37.5,4.5,0
flow_30.62,36.0,4.0,0
flow_30.63,34.0,3.5,0
flow_20.87,51.0,4.0,0
flow_00.27,42.5,4.5,0
flow_20.88,37.5,3.5,0
flow_00.28,27.5,4.0,0
flow_10.30,40.0,4.0,0
flow_30.64,32.5,4.5,0
flow_10.31,40.5,4.0,0
flow_30.65,31.5,4.0,0
flow_30.66,30.0,4.0,0
flow_10.32,37.5,4.0,0
flow_20.89,33.5,4.0,0
flow_00.29,35.5,4.5,0
flow_20.90,32.5,4.0,0
flow_20.91,31.5,4.0,0
flow_10.33,43.5,4.0,0
flow_30.67,25.5,3.5,0
flow_30.68,24.0,3.0,0
flow_20.92,38.5,4.0,0
flow_00.30,39.0,4.5,0
flow_20.93,38.5,3.5,0
flow_20.94,37.5,3.5,0
flow_30.69,40.0,4.5,0
flow_30.70,32.5,4.0,0
flow_10.34,24.5,3.0,0
flow_00.31,26.5,3.5,0
flow_20.95,39.5,4.5,0
flow_20.96,44.0,4.5,0
flow_00.32,42.5,4.5,0
flow_20.97,40.0,4.0,0
flow_10.35,38.0,4.5,0
flow_30.71,43.0,4.5,0
flow_10.36,25.5,3.5,0
flow_30.72,38.5,4.0,0
flow_20.98,23.5,3.0,0
flow_30.73,42.5,4.5,0
flow_30.74,42.0,4.0,0
flow_20.99,38.5,4.0,0
flow_20.100,39.0,4.0,0
flow_20.101,37.5,4.0,0
flow_30.75,43.0,4.5,0
flow_20.102,55.0,4.5,0
flow_20.103,54.5,4.0,0
flow_00.33,24.5,3.0,0
flow_10.37,33.0,4.0,0
flow_30.76,24.5,3.0,0
flow_30.77,24.5,3.0,0
flow_20.104,41.0,4.5,0
flow_00.34,33.5,4.5,0
flow_00.35,24.5,3.0,0
flow_20.105,40.5,4.0,0
flow_00.36,24.0,2.5,0
flow_10.0,24.5,3.0,0
flow_10.1,26.5,3.5,0
flow_00.0,36.5,4.5,0
flow_00.1,24.5,3.0,0
flow_30.0,44.0,4.5,0
flow_10.2,37.5,4.5,0
flow_30.1,29.5,4.0,0
flow_30.2,25.0,3.5,0
flow_20.0,32.5,4.0,0
flow_20.1,31.5,4.0,0
flow_30.3,28.0,4.0,0
flow_10.3,32.5,4.0,0
flow_30.4,27.5,4.0,0
flow_20.2,23.5,3.0,0
flow_00.2,25.5,3.5,0
flow_30.5,36.5,4.5,0
flow_10.4,25.0,3.0,0
flow_30.6,32.0,4.0,0
flow_00.3,44.5,4.5,0
flow_00.4,44.0,4.0,0
flow_00.5,43.5,4.0,0
flow_10.5,33.5,4.5,0
flow_20.3,42.5,4.0,0
flow_00.6,55.5,4.5,0
flow_20.4,42.5,4.0,0
flow_00.7,48.0,4.0,0
flow_00.8,32.0,4.0,0
flow_20.5,24.5,3.0,0
flow_10.6,40.0,4.5,0
flow_30.7,40.0,4.5,0
flow_10.7,29.0,4.0,0
flow_30.8,39.0,4.0,0
flow_30.9,36.5,4.0,0
flow_10.8,27.5,4.0,0
flow_00.9,38.5,4.5,0
flow_00.10,37.0,4.0,0
flow_00.11,36.5,4.0,0
flow_30.10,49.5,4.0,0
flow_30.11,49.5,4.0,0
flow_30.12,40.5,4.0,0
flow_00.12,53.5,4.5,0
flow_00.13,50.0,4.0,0
flow_00.14,40.0,4.0,0
flow_10.9,37.5,4.0,0
flow_30.13,56.5,5.0,0
flow_10.10,37.5,4.0,0
flow_30.14,52.5,4.0,0
flow_30.15,32.0,4.0,0
flow_00.15,46.5,4.0,0
flow_20.6,44.5,4.5,0
flow_30.16,40.5,4.5,0
flow_10.11,37.0,4.5,0
flow_30.17,40.5,4.0,0
flow_30.18,27.0,4.0,0
flow_20.7,25.0,3.0,0
flow_00.16,43.0,4.0,0
flow_00.17,42.5,3.5,0
flow_00.18,42.5,4.0,0
flow_10.12,36.0,4.5,0
flow_00.19,59.5,4.5,0
flow_20.8,40.5,4.5,0
flow_00.20,58.5,4.0,0
flow_00.21,48.0,4.0,0
flow_10.13,34.0,4.0,0
flow_30.19,32.5,4.0,0
flow_30.20,31.5,4.0,0
flow_00.22,61.0,4.5,0
flow_00.23,49.0,4.5,0
flow_00.24,44.0,4.5,0
flow_30.21,33.0,4.5,0
flow_30.22,30.5,4.0,0
flow_30.23,29.0,3.5,0
flow_30.24,28.0,3.5,0
flow_00.25,58.5,4.0,0
flow_00.26,51.0,4.0,0
flow_30.25,40.5,4.5,0
flow_10.14,31.5,4.0,0
flow_30.26,38.0,4.0,0
flow_10.15,25.5,3.0,0
flow_30.27,37.5,4.5,0
flow_20.9,30.5,4.0,0
flow_00.27,25.0,3.5,0
flow_00.28,24.5,3.0,0
flow_10.16,29.5,4.0,0
flow_30.28,54.5,4.5,0
flow_30.29,53.5,4.0,0
flow_30.30,46.0,4.0,0
flow_20.10,38.0,4.5,0
flow_20.11,25.0,3.5,0
flow_00.29,24.5,3.0,0
flow_30.31,55.5,4.5,0
flow_30.32,54.0,4.0,0
flow_30.33,53.0,4.0,0
flow_00.30,41.0,4.5,0
flow_20.12,42.0,4.5,0
flow_20.13,41.0,3.5,0
flow_20.14,40.0,4.0,0
flow_30.34,71.0,4.5,0
flow_10.17,35.5,5.0,0
flow_30.35,70.0,4.0,0
flow_10.18,33.5,4.0,0
flow_30.36,69.0,4.0,0
flow_10.19,32.0,4.0,0
flow_20.15,40.0,4.5,0
flow_00.31,33.5,4.0,0
flow_00.32,32.0,4.0,0
flow_00.33,31.0,4.0,0
flow_30.37,85.0,4.0,0
flow_10.20,40.5,5.0,0
flow_30.38,73.0,4.0,0
flow_10.21,38.5,4.0,0
flow_30.39,54.5,4.0,0
flow_10.22,27.0,3.5,0
flow_00.34,42.0,4.5,0
flow_20.16,26.0,3.0,0
flow_20.17,26.5,4.0,0
flow_00.35,23.5,2.5,0
flow_30.40,44.5,4.0,0
flow_10.23,25.0,3.0,0
flow_30.41,43.5,4.0,0
flow_30.42,42.5,4.0,0
flow_00.36,33.0,4.0,0
flow_00.37,32.0,4.0,0
flow_00.38,32.0,4.0,0
flow_30.43,59.5,4.5,0
flow_10.24,32.5,4.5,0
flow_10.25,31.0,4.0,0
flow_30.44,52.5,4.0,0
flow_30.45,37.0,4.0,0
flow_10.26,31.5,4.5,0
flow_00.39,39.0,4.5,0
flow_20.18,29.0,4.0,0
flow_20.19,27.5,4.0,0
flow_00.40,41.5,4.5,0
flow_00.41,35.5,4.5,0
flow_30.46,54.0,4.5,0
flow_10.27,39.0,4.5,0
flow_30.47,52.5,3.5,0
flow_30.48,25.5,3.0,0
flow_00.42,41.5,4.0,0
flow_00.43,41.0,3.5,0
flow_00.44,38.5,3.5,0
flow_30.49,42.5,4.5,0
flow_30.50,32.0,4.5,0
flow_20.20,42.0,4.0,0
flow_00.45,32.0,4.0,0
flow_20.21,25.5,3.0,0
flow_10.28,25.0,3.0,0
flow_30.51,24.5,3.0,0
flow_00.46,44.0,4.5,0
flow_00.47,44.5,4.0,0
flow_00.48,41.0,4.0,0
flow_30.52,42.5,4.0,0
flow_10.29,43.0,4.5,0
flow_30.53,43.5,4.0,0
flow_30.54,42.5,4.0,0
flow_00.49,57.5,4.5,0
flow_20.22,39.0,4.5,0
flow_00.50,57.0,4.0,0
flow_20.23,37.5,4.0,0
flow_20.24,36.0,3.5,0
flow_00.51,57.0,4.0,0
flow_30.55,59.5,4.5,0
flow_10.30,42.5,4.5,0
flow_10.31,33.5,4.0,0
flow_30.56,58.0,4.0,0
flow_30.57,57.5,4.0,0
flow_10.32,31.5,4.0,0
flow_20.25,48.0,4.0,0
flow_00.52,73.5,4.5,0
flow_20.26,48.0,3.5,0
flow_00.53,72.5,4.0,0
flow_00.54,70.0,4.0,0
flow_20.27,25.5,3.0,0
flow_10.33,43.5,4.0,0
flow_30.58,70.5,4.5,0
flow_10.34,41.5,3.5,0
flow_30.59,55.5,4.0,0
flow_30.60,50.0,4.0,0
flow_10.35,38.0,4.0,0
flow_00.55,76.0,4.0,0
flow_00.56,72.5,4.0,0
flow_00.57,71.5,4.0,0
flow_20.28,27.5,4.0,0
flow_10.36,50.0,4.0,0
flow_30.61,62.5,4.5,0
flow_10.37,49.5,3.5,0
flow_30.62,63.5,4.5,0
flow_10.38,48.5,3.5,0
flow_30.63,62.0,4.5,0
flow_20.29,42.5,4.0,0
flow_00.58,81.0,4.5,0
flow_00.59,81.0,4.0,0
flow_20.30,36.5,4.0,0
flow_00.60,80.5,4.0,0
flow_10.39,45.5,4.5,0
flow_30.64,78.5,4.5,0
flow_30.65,78.5,4.0,0
flow_10.40,46.5,4.0,0
flow_30.66,77.0,4.0,0
flow_00.61,93.0,4.0,0
flow_20.31,31.0,4.0,0
flow_00.62,88.5,4.0,0
flow_00.63,83.0,4.0,0
flow_30.67,94.0,4.5,0
flow_30.68,93.0,4.0,0
flow_30.69,91.5,4.0,0
flow_00.64,92.0,4.5,0
flow_00.65,92.0,4.0,0
flow_00.66,91.0,4.0,0
flow_20.32,23.0,2.5,0
flow_30.70,107.5,4.0,0
flow_30.71,100.0,4.0,0
flow_30.72,96.0,4.0,0
flow_00.67,107.5,4.5,0
flow_20.33,30.0,4.0,0
flow_00.68,93.0,4.0,0
flow_00.69,91.5,4.0,0
flow_10.41,40.0,4.5,0
flow_30.73,109.0,4.5,0
flow_30.74,108.0,4.0,0
flow_30.75,104.5,4.0,0
flow_00.70,107.0,4.0,0
flow_20.34,37.5,4.5,0
flow_00.71,106.0,3.5,0
flow_20.35,37.5,4.0,0
flow_20.36,36.5,4.0,0
flow_00.72,96.0,4.0,0
flow_30.76,93.0,4.5,0
flow_30.77,89.0,3.5,0
flow_30.78,71.5,3.5,0
flow_00.73,109.0,4.5,0
flow_00.74,90.5,4.0,0
flow_20.37,26.0,3.5,0
flow_00.75,74.5,4.0,0
flow_30.79,87.5,4.0,0
flow_10.42,36.5,4.5,0
flow_10.43,27.0,3.5,0
flow_30.80,87.5,4.0,0
flow_10.44,25.5,3.0,0
flow_30.81,87.0,4.0,0
flow_00.76,89.0,4.0,0
flow_00.77,89.0,4.0,0
flow_00.78,88.0,4.0,0
flow_30.82,103.5,4.0,0
flow_10.45,23.5,3.0,0
flow_30.83,103.0,4.0,0
flow_30.84,103.5,4.5,0
flow_20.38,32.0,4.5,0
flow_00.79,95.0,5.0,0
flow_00.80,84.5,4.0,0
flow_20.39,31.0,4.0,0
flow_00.81,79.5,4.5,0
flow_30.85,108.5,4.0,0
flow_30.86,99.0,3.5,0
flow_30.87,98.0,3.5,0
flow_00.82,86.5,4.0,0
flow_20.40,38.0,4.5,0
flow_00.83,69.0,3.5,0
flow_00.84,68.5,3.5,0
flow_10.46,23.5,3.0,0
flow_30.88,111.5,5.0,0
flow_30.89,109.0,4.5,0
flow_30.90,105.5,4.0,0
flow_00.85,79.0,4.0,0
flow_00.86,75.5,4.0,0
flow_00.87,74.0,4.0,0
flow_30.91,94.0,4.0,0
flow_30.92,82.0,4.0,0
flow_10.47,24.5,3.0,0
flow_30.93,80.0,4.0,0
flow_00.88,91.5,4.5,0
flow_20.41,29.0,4.5,0
flow_00.89,90.0,4.0,0
flow_20.42,27.5,4.0,0
flow_00.90,81.0,4.0,0
flow_30.94,84.0,4.0,0
flow_10.48,35.0,4.5,0
flow_30.95,78.5,3.5,0
flow_30.96,78.0,4.0,0
flow_00.91,98.5,4.5,0
flow_20.43,40.0,4.5,0
flow_00.92,85.5,4.0,0
flow_00.93,86.0,4.5,0
flow_30.97,79.0,4.5,0
flow_10.49,26.5,3.5,0
flow_30.98,77.5,4.0,0
flow_30.99,70.5,4.0,0
flow_20.44,37.5,4.5,0
flow_00.94,101.5,4.5,0
flow_00.95,82.0,4.0,0
flow_00.96,53.5,4.5,0
flow_10.50,45.0,4.5,0
flow_30.100,84.5,4.5,0
flow_30.101,83.5,4.0,0
flow_10.51,45.0,4.0,0
flow_30.102,83.0,4.0,0
flow_10.52,37.5,4.0,0
flow_00.97,68.5,4.0,0
flow_20.45,25.0,3.0,0
flow_00.98,66.5,3.5,0
flow_00.99,66.0,4.0,0
flow_10.53,35.0,4.0,0
flow_30.103,92.0,4.5,0
flow_30.104,86.5,4.0,0
flow_10.54,35.5,4.0,0
flow_30.105,67.0,4.5,0
flow_20.46,28.5,4.0,0
flow_00.100,62.0,4.5,0
flow_00.101,61.0,4.0,0
flow_00.102,59.5,4.0,0
flow_30.106,70.5,4.5,0
flow_30.107,70.0,4.5,0
flow_30.108,68.0,4.0,0
flow_10.55,25.5,3.5,0
flow_20.47,28.5,4.0,0
flow_00.103,49.0,4.5,0
flow_00.104,39.5,4.0,0
flow_00.105,36.0,4.0,0
flow_30.109,85.5,4.5,0
flow_30.110,80.5,4.0,0
flow_30.111,74.0,4.0,0
flow_00.106,41.5,4.0,0
flow_00.107,35.5,4.0,0
flow_00.108,34.0,4.5,0
flow_30.0,24.5,3.0,0
flow_30.1,25.0,3.5,0
flow_20.0,32.5,4.0,0
flow_00.0,29.5,4.0,0
flow_20.1,32.0,4.0,0
flow_30.2,43.5,4.5,0
flow_10.0,39.5,4.5,0
flow_30.3,44.0,4.0,0
flow_30.4,42.5,4.0,0
flow_20.2,39.0,4.0,0
flow_00.1,33.0,4.0,0
flow_20.3,37.0,4.0,0
flow_00.2,27.0,3.5,0
flow_00.3,25.5,3.5,0
flow_30.5,54.5,4.5,0
flow_10.1,41.0,4.5,0
flow_30.6,51.0,4.0,0
flow_10.2,35.0,4.0,0
flow_30.7,45.0,4.0,0
flow_20.4,35.0,4.0,0
flow_20.5,35.5,4.0,0
flow_30.8,61.5,4.5,0
flow_10.3,40.5,4.5,0
flow_10.4,40.5,4.0,0
flow_30.9,63.0,4.5,0
flow_30.10,61.0,4.5,0
flow_20.6,45.0,4.5,0
flow_00.4,40.5,4.5,0
flow_20.7,30.5,4.0,0
flow_00.5,38.0,4.0,0
flow_20.8,29.5,4.0,0
flow_00.6,28.5,4.0,0
flow_30.11,63.0,4.5,0
flow_30.12,63.0,4.0,0
flow_30.13,54.0,4.0,0
flow_20.9,36.5,4.5,0
flow_20.10,36.0,4.0,0
flow_20.11,34.5,4.0,0
flow_30.14,61.5,4.5,0
flow_30.15,34.5,4.0,0
flow_30.16,33.5,3.5,0
flow_00.7,38.0,4.5,0
flow_00.8,36.5,3.5,0
flow_00.9,36.0,3.5,0
flow_30.17,50.5,4.5,0
flow_10.5,36.5,4.5,0
flow_30.18,40.5,4.0,0
flow_10.6,34.0,4.5,0
flow_10.7,33.0,4.5,0
flow_30.19,39.0,4.5,0
flow_20.12,36.0,4.5,0
flow_00.10,23.5,3.0,0
flow_20.13,38.5,5.0,0
flow_20.14,30.5,4.5,0
flow_10.8,45.0,4.0,0
flow_30.20,39.0,4.5,0
flow_30.21,30.5,4.0,0
flow_30.22,29.5,4.5,0
flow_00.11,34.0,4.5,0
flow_20.15,35.5,4.5,0
flow_20.16,27.5,4.0,0
flow_30.23,29.5,4.0,0
flow_10.9,24.5,3.0,0
flow_20.17,28.5,4.0,0
flow_30.24,39.5,4.0,0
flow_10.10,42.0,4.5,0
flow_30.25,40.5,4.0,0
flow_10.11,23.0,2.5,0
flow_30.26,37.0,4.0,0
flow_20.18,43.5,4.0,0
flow_20.19,37.0,4.0,0
flow_20.20,29.5,4.0,0
flow_30.27,50.5,4.5,0
flow_10.12,23.0,2.5,0
flow_30.28,50.0,4.0,0
flow_30.29,41.5,4.0,0
flow_00.12,43.0,4.0,0
flow_20.21,40.0,4.5,0
flow_20.22,39.0,4.0,0
flow_10.13,27.5,4.0,0
flow_30.30,51.0,4.5,0
flow_30.31,50.0,4.0,0
flow_30.32,37.0,4.0,0
flow_20.23,44.0,4.5,0
flow_20.24,39.0,4.0,0
flow_20.25,32.0,4.0,0
flow_10.14,37.5,4.5,0
flow_30.33,32.0,4.0,0
flow_30.34,24.5,3.0,0
flow_20.26,49.5,4.5,0
flow_00.13,40.0,4.5,0
flow_20.27,35.5,4.0,0
flow_00.14,40.5,4.5,0
flow_30.35,24.5,3.0,0
flow_20.28,26.5,3.5,0
flow_00.15,23.5,3.0,0
flow_20.29,27.0,4.0,0
flow_20.30,25.0,3.0,0
flow_30.36,41.0,4.5,0
flow_30.37,38.0,4.0,0
flow_30.38,35.5,4.0,0
flow_10.15,25.0,3.5,0
flow_00.16,42.0,4.5,0
flow_00.17,41.0,4.0,0
flow_30.39,46.0,4.5,0
flow_10.16,38.5,4.5,0
flow_30.40,25.0,3.5,0
flow_10.17,24.5,3.0,0
flow_00.18,27.0,4.0,0
flow_20.31,40.0,4.5,0
flow_20.32,29.0,3.5,0
flow_30.41,36.5,4.5,0
flow_30.42,35.0,3.5,0
flow_30.43,31.5,3.5,0
flow_10.18,25.0,3.5,0
flow_30.44,45.5,4.5,0
flow_10.19,30.5,4.5,0
flow_10.20,29.0,4.0,0
flow_30.45,41.5,4.0,0
flow_30.46,35.5,4.0,0
flow_10.21,28.0,4.5,0
flow_20.33,33.5,4.5,0
flow_00.19,28.5,4.0,0
flow_20.34,33.0,4.0,0
flow_20.35,30.0,4.0,0
flow_20.36,29.0,4.5,0
flow_10.22,38.5,4.5,0
flow_30.47,53.0,4.5,0
flow_10.23,34.5,3.5,0
flow_30.48,52.0,4.0,0
flow_30.49,52.0,4.5,0
flow_00.20,36.0,4.5,0
flow_20.37,33.5,4.5,0
flow_20.38,32.0,4.0,0
flow_20.39,26.0,3.5,0
flow_30.50,54.0,4.5,0
flow_30.51,52.0,3.5,0
flow_30.52,51.5,4.0,0
flow_20.40,31.5,4.0,0
flow_00.21,36.0,4.5,0
flow_00.22,38.5,4.5,0
flow_00.23,36.5,4.5,0
flow_30.53,68.5,4.0,0
flow_30.54,68.5,4.0,0
flow_30.55,67.0,4.0,0
flow_20.41,36.5,4.5,0
flow_20.42,36.0,4.0,0
flow_30.56,84.0,4.0,0
flow_30.57,56.0,4.0,0
flow_30.58,52.0,4.0,0
flow_00.24,31.0,4.0,0
flow_20.43,35.0,4.5,0
flow_20.44,36.0,4.5,0
flow_20.45,28.0,4.0,0
flow_10.24,26.0,3.0,0
flow_30.59,64.5,4.5,0
flow_30.60,55.0,4.0,0
flow_30.61,54.0,4.0,0
flow_00.25,43.0,4.5,0
flow_20.46,44.0,4.5,0
flow_00.26,37.5,4.0,0
flow_00.27,26.5,3.5,0
flow_30.62,63.5,4.5,0
flow_30.63,33.5,3.5,0
flow_30.64,24.5,3.0,0
flow_10.25,26.0,3.5,0
flow_00.28,44.0,4.5,0
flow_20.47,39.0,4.5,0
flow_20.48,38.0,5.0,0
flow_30.65,43.5,4.5,0
flow_10.26,33.5,4.5,0
flow_10.27,32.0,4.0,0
flow_30.66,31.0,4.0,0
flow_20.49,27.0,3.5,0
flow_30.67,41.5,4.5,0
flow_10.28,24.5,3.0,0
flow_20.50,34.5,4.5,0
flow_20.51,26.5,3.5,0
flow_30.68,42.0,4.5,0
flow_10.29,32.5,4.5,0
flow_30.69,37.5,4.0,0
flow_30.70,36.5,4.0,0
flow_00.29,44.0,4.5,0
flow_20.52,35.0,4.5,0
flow_00.30,25.5,3.0,0
flow_30.71,45.0,4.5,0
flow_10.30,41.5,4.5,0
flow_10.31,40.5,4.0,0
flow_30.72,40.5,4.0,0
flow_10.32,35.0,3.5,0
flow_30.73,33.5,4.0,0
flow_20.53,25.5,3.5,0
flow_10.33,48.0,4.5,0
flow_30.74,35.5,4.5,0
flow_30.75,29.5,3.5,0
flow_10.34,29.0,3.5,0
flow_30.76,24.0,3.0,0
flow_00.31,36.0,4.0,0
flow_20.54,44.0,4.5,0
flow_20.55,43.5,4.0,0
flow_30.77,30.0,4.5,0
flow_30.78,29.0,4.5,0
flow_30.79,27.5,4.0,0
flow_20.56,44.0,4.5,0
flow_00.32,26.5,3.5,0
flow_20.57,42.5,4.0,0
flow_10.35,37.0,4.5,0
flow_30.80,36.0,4.5,0
flow_30.81,25.0,3.5,0
flow_20.58,36.5,4.5,0
flow_00.33,33.0,4.5,0
flow_20.59,32.5,4.5,0
flow_20.60,30.5,4.0,0
flow_20.61,29.5,4.0,0
flow_10.36,41.0,4.0,0
flow_30.82,42.0,4.0,0
flow_10.37,31.0,4.0,0
flow_30.83,42.0,3.5,0
flow_30.84,30.0,4.0,0
flow_10.38,26.5,3.5,0
flow_00.34,24.0,2.5,0
flow_20.62,25.5,3.5,0
flow_00.35,26.5,3.5,0
flow_30.85,47.5,4.5,0
flow_10.39,43.5,4.5,0
flow_30.86,46.5,4.0,0
flow_30.87,45.5,4.0,0
flow_20.63,30.0,4.0,0
flow_00.36,25.5,3.5,0
flow_20.64,26.0,3.5,0
flow_10.40,37.0,4.5,0
flow_30.88,63.5,4.5,0
flow_30.89,62.5,4.0,0
flow_30.90,30.0,3.5,0
flow_00.37,36.5,4.0,0
flow_20.65,38.5,4.5,0
flow_20.66,37.5,4.0,0
flow_20.67,37.0,4.0,0
flow_10.41,35.5,4.5,0
flow_30.91,47.0,4.5,0
flow_30.92,46.5,4.0,0
flow_30.93,41.5,4.0,0
flow_20.68,51.0,4.5,0
flow_00.38,35.0,4.5,0
flow_20.69,28.5,4.0,0
flow_30.94,43.5,4.0,0
flow_30.95,38.5,3.5,0
flow_10.42,25.0,3.0,0
flow_30.96,36.5,4.0,0
flow_00.39,28.0,4.5,0
flow_30.97,54.5,4.5,0
flow_30.98,53.0,4.0,0
flow_30.99,35.5,4.0,0
flow_20.70,24.5,3.0,0
flow_10.43,29.5,4.0,0
flow_30.100,53.0,4.5,0
flow_30.101,52.5,4.0,0
flow_30.102,37.5,4.0,0
flow_00.40,32.5,4.0,0
flow_20.71,24.5,3.0,0
flow_20.72,24.0,3.0,0
flow_10.44,42.5,4.0,0
flow_30.103,48.0,4.5,0
flow_10.45,42.5,4.0,0
flow_30.104,38.0,4.0,0
flow_10.46,29.0,3.5,0
flow_30.105,37.0,4.0,0
flow_20.73,40.5,4.5,0
flow_00.41,43.0,4.5,0
flow_00.42,42.5,4.0,0
flow_20.74,41.0,4.0,0
flow_00.43,35.5,4.0,0
flow_20.75,39.5,4.0,0
flow_10.47,46.5,4.0,0
flow_30.106,53.0,4.5,0
flow_10.48,33.0,4.0,0
flow_30.107,51.5,4.0,0
flow_30.108,33.5,4.0,0
flow_00.44,51.5,4.0,0
flow_20.76,49.0,4.5,0
flow_20.77,24.5,3.0,0
flow_30.109,49.0,4.0,0
flow_30.110,48.5,3.5,0
flow_30.111,43.0,4.0,0
flow_20.78,37.0,4.0,0
flow_20.79,30.5,4.0,0
flow_20.80,27.0,4.0,0
flow_30.112,51.5,4.5,0
flow_10.49,37.5,4.5,0
flow_30.113,46.5,4.0,0
flow_30.114,40.0,4.0,0
flow_00.45,33.0,4.0,0
flow_20.81,41.0,4.5,0
flow_20.82,40.5,4.0,0
flow_20.83,39.5,4.0,0
flow_30.0,25.5,3.5,0
flow_20.0,25.5,3.5,0
flow_30.1,37.5,4.0,0
flow_10.0,34.5,4.0,0
flow_30.2,28.5,4.0,0
flow_20.1,41.0,4.0,0
flow_20.2,38.5,4.0,0
flow_20.3,37.0,4.0,0
flow_10.1,36.5,4.0,0
flow_10.2,28.5,3.5,0
flow_30.3,24.5,3.0,0
flow_10.3,27.5,3.5,0
flow_30.4,23.5,2.5,0
flow_20.4,54.0,4.0,0
flow_00.0,43.5,4.5,0
flow_20.5,54.0,4.0,0
flow_20.6,53.0,4.0,0
flow_00.1,24.5,3.0,0
flow_30.5,25.5,3.5,0
flow_10.4,27.0,4.0,0
flow_10.5,25.5,3.5,0
flow_20.7,57.0,4.5,0
flow_20.8,46.0,4.0,0
flow_20.9,45.0,4.0,0
flow_00.2,24.5,3.0,0
flow_30.6,41.5,4.5,0
flow_30.7,36.5,4.0,0
flow_30.8,28.5,4.0,0
flow_20.10,63.0,4.5,0
flow_00.3,43.0,4.5,0
flow_20.11,57.5,4.0,0
flow_00.4,36.0,4.0,0
flow_20.12,57.0,4.0,0
flow_30.9,46.0,4.5,0
flow_30.10,43.0,4.0,0
flow_20.13,63.0,4.0,0
flow_20.14,58.5,4.0,0
flow_20.15,58.5,4.5,0
flow_30.11,39.0,5.0,0
flow_30.12,36.5,4.5,0
flow_10.6,24.5,3.0,0
flow_20.16,74.5,4.5,0
flow_20.17,68.0,4.0,0
flow_20.18,67.0,4.5,0
flow_30.13,42.0,4.5,0
flow_10.7,28.5,4.0,0
flow_30.14,38.0,4.0,0
flow_30.15,36.5,4.0,0
flow_00.5,28.5,4.0,0
flow_20.19,65.5,4.0,0
flow_20.20,66.0,4.0,0
flow_20.21,62.5,4.0,0
flow_10.8,32.5,4.5,0
flow_30.16,54.5,4.5,0
flow_30.17,53.0,3.5,0
flow_30.18,51.5,4.0,0
flow_20.22,64.0,4.5,0
flow_00.6,41.5,4.5,0
flow_20.23,59.5,4.0,0
flow_20.24,29.5,3.5,0
flow_30.19,67.0,4.5,0
flow_30.20,58.5,4.5,0
flow_30.21,51.0,4.5,0
flow_20.25,23.5,3.0,0
flow_20.26,25.0,3.5,0
flow_10.9,28.5,4.0,0
flow_30.22,62.5,4.5,0
flow_10.10,27.0,4.0,0
flow_30.23,29.0,4.0,0
flow_20.27,35.0,4.0,0
flow_20.28,26.0,3.5,0
flow_30.24,30.5,4.5,0
flow_10.11,24.5,3.0,0
flow_20.29,43.5,4.5,0
flow_00.7,40.0,5.0,0
flow_20.30,43.5,4.0,0
flow_00.8,38.5,4.0,0
flow_00.9,37.0,4.0,0
flow_20.31,38.5,4.0,0
flow_10.12,38.0,5.0,0
flow_10.13,34.0,4.5,0
flow_30.25,28.0,4.5,0
flow_30.26,27.0,4.0,0
flow_00.10,43.0,4.0,0
flow_20.32,55.5,4.5,0
flow_00.11,27.0,3.0,0
flow_20.33,54.5,3.5,0
flow_20.34,54.0,4.0,0
flow_10.14,43.0,4.5,0
flow_30.27,43.0,4.5,0
flow_30.28,32.5,4.5,0
flow_10.15,31.0,4.0,0
flow_00.12,36.5,4.5,0
flow_20.35,63.0,4.5,0
flow_00.13,34.0,3.5,0
flow_20.36,62.5,4.0,0
flow_20.37,62.5,4.5,0
flow_10.16,33.0,4.0,0
flow_10.17,29.5,3.5,0
flow_10.18,25.5,3.5,0
flow_30.29,25.5,3.5,0
flow_20.38,78.0,4.0,0
flow_00.14,43.5,4.5,0
flow_20.39,79.5,4.0,0
flow_20.40,39.5,4.0,0
flow_30.30,23.5,3.0,0
flow_10.19,39.0,4.5,0
flow_10.20,38.5,4.0,0
flow_10.21,26.0,3.5,0
flow_00.15,39.0,4.5,0
flow_20.41,42.0,4.5,0
flow_20.42,42.0,4.0,0
flow_20.43,36.5,4.0,0
flow_20.44,41.5,4.0,0
flow_20.45,27.5,3.5,0
flow_30.31,40.5,4.5,0
flow_30.32,39.5,3.5,0
flow_30.33,34.0,3.5,0
flow_20.46,34.0,4.5,0
flow_20.47,23.5,3.0,0
flow_30.34,47.0,4.0,0
flow_10.22,24.5,3.0,0
flow_30.35,33.5,4.5,0
flow_30.36,32.0,4.0,0
flow_00.16,41.0,4.5,0
flow_20.48,41.0,4.5,0
flow_20.49,26.0,3.5,0
flow_30.37,33.5,4.5,0
flow_10.23,42.5,5.0,0
flow_30.38,27.5,3.5,0
flow_10.24,27.0,4.0,0
flow_00.17,39.0,4.5,0
flow_20.50,39.0,4.5,0
flow_00.18,31.5,4.0,0
flow_20.51,38.5,4.0,0
flow_20.52,28.0,3.5,0
flow_30.39,25.5,3.0,0
flow_10.25,32.5,4.0,0
flow_10.26,32.0,4.0,0
flow_10.27,32.0,4.0,0
flow_00.19,40.5,4.5,0
flow_30.40,25.5,3.0,0
flow_10.28,48.0,4.0,0
flow_10.29,33.5,3.5,0
flow_30.41,25.5,3.5,0
flow_20.53,38.0,4.5,0
flow_20.54,36.5,3.5,0
flow_20.55,27.5,4.0,0
flow_30.42,38.5,4.5,0
flow_30.43,37.5,4.0,0
flow_30.44,36.0,4.0,0
flow_10.30,24.5,3.0,0
flow_20.56,44.5,4.5,0
flow_00.20,37.5,4.5,0
flow_20.57,42.5,4.0,0
flow_00.21,35.5,4.0,0
flow_20.58,40.0,4.0,0
flow_30.45,40.0,4.5,0
flow_30.46,34.5,4.0,0
flow_30.47,33.5,4.5,0
flow_30.48,33.0,4.0,0
flow_00.22,26.5,3.0,0
flow_20.59,51.5,4.5,0
flow_20.60,36.5,4.0,0
flow_20.61,33.5,4.0,0
flow_30.49,47.5,4.5,0
flow_30.50,37.0,4.0,0
flow_30.51,35.5,4.0,0
flow_20.62,54.0,5.5,0
flow_20.63,52.5,4.5,0
flow_20.64,50.5,4.5,0
flow_10.31,29.5,4.0,0
flow_30.52,49.0,4.5,0
flow_10.32,27.0,3.5,0
flow_30.53,28.5,3.5,0
flow_30.54,26.0,3.5,0
flow_20.65,66.5,4.5,0
flow_20.66,60.5,4.0,0
flow_20.67,60.5,4.0,0
flow_30.55,26.0,4.0,0
flow_20.68,76.5,4.0,0
flow_00.23,33.0,4.5,0
flow_20.69,71.0,4.0,0
flow_00.24,28.0,3.5,0
flow_20.70,41.5,4.0,0
flow_10.33,40.5,4.0,0
flow_30.56,37.5,4.5,0
flow_30.57,36.0,4.0,0
flow_30.58,31.5,4.5,0
flow_20.71,36.0,4.5,0
flow_00.25,39.0,4.5,0
flow_20.72,32.5,4.0,0
flow_30.59,39.0,4.0,0
flow_10.34,24.5,3.0,0
flow_20.73,43.5,4.5,0
flow_00.26,42.0,4.5,0
flow_20.74,40.5,4.0,0
flow_00.27,27.0,3.5,0
flow_00.28,25.5,3.0,0
flow_30.60,46.5,5.0,0
flow_30.61,43.0,4.0,0
flow_30.62,41.5,4.0,0
flow_30.63,61.5,5.0,0
flow_30.64,59.5,4.0,0
flow_30.65,58.5,4.5,0
flow_20.75,25.5,3.5,0
flow_10.35,39.5,4.0,0
flow_30.66,74.5,4.5,0
flow_30.67,73.5,4.0,0
flow_10.36,38.5,4.0,0
flow_30.68,70.0,4.0,0
flow_00.29,38.5,4.0,0
flow_20.76,41.5,4.5,0
flow_20.77,34.0,3.5,0
flow_20.78,32.5,4.0,0
flow_10.37,32.5,4.0,0
flow_30.69,72.0,4.5,0
flow_30.70,61.0,4.0,0
flow_10.38,31.5,4.0,0
flow_30.71,55.5,4.0,0
flow_20.79,24.5,3.0,0
flow_10.39,43.5,4.0,0
flow_30.72,50.0,4.5,0
flow_30.73,49.0,4.0,0
flow_30.74,47.5,4.0,0
flow_20.80,43.0,4.5,0
flow_00.30,38.5,4.5,0
flow_20.81,28.0,3.5,0
flow_10.40,32.5,4.5,0
flow_30.75,63.0,4.5,0
flow_30.76,59.5,4.0,0
flow_30.77,59.0,4.5,0
flow_00.31,27.5,3.5,0
flow_20.82,31.0,4.0,0
flow_00.32,27.0,3.5,0
flow_20.83,31.0,4.0,0
flow_30.78,74.0,4.0,0
flow_30.79,31.5,4.0,0
flow_20.84,24.0,3.0,0
flow_00.33,23.5,3.0,0
flow_20.85,26.5,3.5,0
flow_30.80,43.5,4.5,0
flow_30.81,26.0,3.5,0
flow_20.86,24.5,3.0,0
flow_00.34,28.5,4.0,0
flow_20.87,24.5,3.0,0
flow_20.88,24.5,3.0,0
flow_30.82,39.5,4.5,0
flow_30.83,34.0,3.5,0
flow_30.84,25.0,3.5,0
flow_00.35,42.0,4.0,0
flow_20.89,44.0,5.0,0
flow_20.90,42.5,4.5,0
flow_20.91,42.0,4.5,0
flow_30.85,32.0,4.5,0
flow_10.41,27.5,3.5,0
flow_30.86,28.5,4.0,0
flow_00.36,24.5,3.0,0
flow_20.92,45.5,4.5,0
flow_20.93,45.0,4.5,0
flow_20.94,43.5,4.0,0
flow_30.87,34.5,4.5,0
flow_10.42,45.5,4.5,0
flow_30.88,27.5,4.0,0
flow_00.37,41.0,4.0,0
flow_20.95,59.5,4.0,0
flow_00.38,32.0,4.0,0
flow_20.96,60.0,4.0,0
flow_20.97,50.0,4.0,0
flow_30.89,38.5,4.5,0
flow_30.90,38.5,4.0,0
flow_30.91,37.5,4.0,0
flow_20.98,52.0,4.5,0
flow_20.99,48.0,4.0,0
flow_20.100,37.0,4.0,0
flow_30.92,35.5,4.0,0
flow_30.93,35.5,3.5,0
flow_30.94,35.0,3.5,0
flow_30.95,33.0,4.0,0
flow_20.101,54.0,4.5,0
flow_00.39,43.5,4.5,0
flow_00.40,32.5,4.0,0
flow_20.102,34.5,4.0,0
flow_20.103,33.5,3.5,0
flow_30.0,25.5,3.5,0
flow_30.1,25.0,3.5,0
flow_00.0,26.5,3.5,0
flow_20.0,33.0,4.5,0
flow_20.1,26.5,3.5,0
flow_00.1,27.0,4.0,0
flow_00.2,25.5,3.5,0
flow_10.0,29.5,4.0,0
flow_30.2,42.5,4.5,0
flow_30.3,29.0,4.0,0
flow_10.1,26.5,4.0,0
flow_30.4,25.5,3.5,0
flow_20.2,24.0,3.0,0
flow_00.3,25.5,3.5,0
flow_10.2,32.5,4.0,0
flow_30.5,25.0,3.0,0
flow_20.3,40.0,4.5,0
flow_20.4,40.5,4.0,0
flow_20.5,35.0,4.0,0
flow_00.4,27.5,4.0,0
flow_10.3,41.0,4.5,0
flow_30.6,36.5,4.5,0
flow_30.7,35.0,4.0,0
flow_00.5,34.0,4.0,0
flow_20.6,24.0,3.0,0
flow_00.6,35.0,4.0,0
flow_00.7,33.5,4.5,0
flow_20.7,26.0,3.5,0
flow_00.8,32.5,4.0,0
flow_10.4,32.5,4.0,0
flow_10.5,31.5,4.0,0
flow_10.6,30.0,4.5,0
flow_00.9,44.0,4.0,0
flow_20.8,39.0,4.5,0
flow_20.9,34.5,4.0,0
flow_00.10,30.0,4.0,0
flow_20.10,32.0,4.0,0
flow_00.11,26.0,3.5,0
flow_10.7,48.0,4.5,0
flow_00.12,42.5,4.0,0
flow_20.11,46.5,4.5,0
flow_20.12,37.5,3.5,0
flow_00.13,33.5,3.5,0
flow_00.14,27.0,4.0,0
flow_20.13,32.5,4.0,0
flow_30.8,35.0,4.0,0
flow_10.8,43.0,4.5,0
flow_30.9,27.0,3.5,0
flow_10.9,42.5,4.0,0
flow_10.10,39.5,4.0,0
flow_00.15,36.0,4.5,0
flow_00.16,35.0,4.0,0
flow_00.17,33.0,3.5,0
flow_10.11,47.5,4.5,0
flow_30.10,38.0,4.5,0
flow_10.12,46.0,4.0,0
flow_30.11,37.0,4.0,0
flow_10.13,39.5,4.0,0
flow_00.18,50.0,4.5,0
flow_20.14,43.0,4.5,0
flow_20.15,43.0,4.5,0
flow_20.16,39.0,4.0,0
flow_30.12,33.5,4.0,0
flow_10.14,56.5,4.5,0
flow_10.15,48.0,4.0,0
flow_30.13,34.0,4.0,0
flow_10.16,47.5,4.0,0
flow_30.14,37.5,5.5,0
flow_00.19,39.5,4.0,0
flow_20.17,55.5,4.5,0
flow_00.20,35.0,3.5,0
flow_20.18,46.5,4.0,0
flow_10.17,64.5,4.5,0
flow_10.18,52.5,4.0,0
flow_10.19,51.0,4.0,0
flow_20.19,41.5,4.0,0
flow_20.20,37.0,4.0,0
flow_00.21,25.5,3.5,0
flow_20.21,35.0,4.0,0
flow_10.20,68.0,4.5,0
flow_10.21,68.0,4.0,0
flow_10.22,54.0,4.0,0
flow_00.22,28.5,4.0,0
flow_20.22,47.5,4.5,0
flow_10.23,66.0,4.0,0
flow_30.15,44.0,4.5,0
flow_30.16,44.0,4.0,0
flow_10.24,67.0,4.0,0
flow_10.25,30.5,4.0,0
flow_20.23,25.5,3.5,0
flow_30.17,38.0,4.5,0
flow_10.26,36.5,4.5,0
flow_30.18,34.5,4.0,0
flow_10.27,26.0,3.5,0
flow_30.19,34.5,4.0,0
flow_00.23,42.0,4.0,0
flow_10.28,39.5,5.0,0
flow_10.29,38.5,4.5,0
flow_20.24,40.5,4.5,0
flow_20.25,35.0,4.0,0
flow_00.24,24.5,3.0,0
flow_10.30,39.5,4.5,0
flow_30.20,38.5,5.0,0
flow_10.31,38.5,4.0,0
flow_30.21,30.0,4.0,0
flow_00.25,40.5,4.5,0
flow_20.26,47.0,5.0,0
flow_00.26,40.0,4.0,0
flow_20.27,36.5,4.5,0
flow_00.27,38.0,4.0,0
flow_20.28,29.5,4.5,0
flow_10.32,29.5,4.0,0
flow_30.22,27.5,4.0,0
flow_00.28,54.5,4.5,0
flow_20.29,45.5,4.5,0
flow_20.30,36.0,3.5,0
flow_00.29,36.5,4.0,0
flow_20.31,35.5,4.0,0
flow_10.33,44.5,4.5,0
flow_10.34,45.0,4.5,0
flow_10.35,30.0,4.0,0
flow_00.30,31.0,4.0,0
flow_20.32,53.0,4.5,0
flow_00.31,28.0,3.5,0
flow_20.33,43.5,4.5,0
flow_00.32,27.5,4.0,0
flow_20.34,40.0,4.0,0
flow_30.23,33.5,4.0,0
flow_10.36,49.0,5.0,0
flow_10.37,29.0,4.0,0
flow_20.35,47.0,4.5,0
flow_00.33,40.0,4.5,0
flow_20.36,43.5,3.5,0
flow_00.34,39.5,4.0,0
flow_00.35,36.5,4.0,0
flow_20.37,44.0,4.0,0
flow_10.38,28.0,4.0,0
flow_30.24,46.5,5.0,0
flow_00.36,52.5,4.0,0
flow_20.38,60.5,4.5,0
flow_00.37,37.0,3.5,0
flow_20.39,28.0,4.0,0
flow_20.40,26.5,3.5,0
flow_00.38,29.5,4.5,0
flow_30.25,38.5,4.5,0
flow_10.39,24.5,3.0,0
flow_30.26,25.5,3.0,0
flow_10.40,26.5,3.5,0
flow_20.41,25.0,3.0,0
flow_00.39,31.5,4.0,0
flow_20.42,25.0,3.5,0
flow_20.43,26.0,3.5,0
flow_00.40,26.5,3.5,0
flow_30.27,31.0,4.0,0
flow_10.41,44.0,4.5,0
flow_00.41,33.5,4.5,0
flow_20.44,41.0,4.5,0
flow_00.42,32.0,4.0,0
flow_20.45,40.0,4.0,0
flow_00.43,32.0,4.0,0
flow_20.46,40.5,4.5,0
flow_10.42,43.5,4.0,0
flow_30.28,23.5,3.0,0
flow_10.43,44.0,4.0,0
flow_10.44,35.0,4.0,0
flow_20.47,56.5,4.5,0
flow_00.44,37.0,4.5,0
flow_20.48,55.5,3.5,0
flow_00.45,36.5,4.0,0
flow_20.49,34.0,3.5,0
flow_10.45,47.5,4.0,0
flow_10.46,47.5,4.0,0
flow_30.29,25.5,3.5,0
flow_20.50,48.0,4.5,0
flow_00.46,44.0,4.5,0
flow_00.47,38.5,4.0,0
flow_00.48,30.0,3.5,0
flow_30.30,26.0,3.5,0
flow_00.49,44.5,4.0,0
flow_00.50,44.5,4.0,0
flow_30.31,39.0,4.5,0
flow_10.47,44.0,4.5,0
flow_10.48,37.5,4.0,0
flow_10.49,33.5,4.0,0
flow_00.51,43.5,4.0,0
flow_20.51,38.5,4.5,0
flow_00.52,43.0,3.5,0
flow_20.52,38.5,4.0,0
flow_00.53,42.5,4.0,0
flow_10.50,48.5,4.0,0
flow_30.32,25.5,3.0,0
flow_10.51,49.0,4.0,0
flow_10.52,33.0,4.0,0
flow_00.54,57.0,4.5,0
flow_00.55,53.0,4.0,0
flow_00.56,51.5,4.0,0
flow_10.53,46.0,4.5,0
flow_30.33,24.0,3.0,0
flow_10.54,44.0,4.0,0
flow_10.55,28.0,4.0,0
flow_00.57,38.0,4.5,0
flow_20.53,28.5,4.0,0
flow_20.54,24.5,3.0,0
flow_00.58,38.0,4.5,0
flow_10.56,41.0,4.5,0
flow_30.34,39.0,4.5,0
flow_00.59,39.0,4.0,0
flow_00.60,39.0,3.5,0
flow_00.61,34.5,4.0,0
flow_10.57,39.5,4.0,0
flow_10.58,25.0,3.0,0
flow_10.59,26.0,3.5,0
flow_00.62,51.0,4.5,0
flow_00.63,48.5,4.0,0
flow_00.64,47.5,4.5,0
flow_20.55,24.0,3.0,0
flow_30.35,43.5,4.5,0
flow_10.60,34.0,4.5,0
flow_30.36,25.5,3.5,0
flow_20.56,36.5,4.5,0
flow_00.65,65.0,4.5,0
flow_00.66,48.0,4.0,0
flow_00.67,46.5,4.0,0
flow_10.61,44.5,4.5,0
flow_30.37,42.5,4.5,0
flow_10.62,25.5,3.5,0
flow_10.63,25.0,3.5,0
flow_00.68,63.5,4.5,0
flow_20.57,42.5,4.5,0
flow_20.58,38.5,4.0,0
flow_00.69,64.0,4.0,0
flow_00.70,63.0,4.0,0
flow_30.38,33.0,4.5,0
flow_10.64,43.0,4.5,0
flow_30.39,32.5,4.0,0
flow_00.71,79.0,4.5,0
flow_20.59,44.5,4.5,0
flow_20.60,38.5,4.0,0
flow_00.72,64.5,4.0,0
flow_00.73,57.0,4.0,0
flow_10.65,34.0,4.5,0
flow_10.66,35.0,4.5,0
flow_10.67,33.5,4.5,0
flow_20.61,36.0,4.0,0
flow_00.74,74.5,4.5,0
flow_00.75,74.0,4.0,0
flow_00.76,63.0,4.0,0
flow_30.40,39.0,4.0,0
flow_10.68,46.5,4.5,0
flow_10.69,47.0,4.5,0
flow_10.70,45.0,4.0,0
flow_00.77,75.5,4.0,0
flow_20.62,40.5,4.0,0
flow_00.78,47.5,3.5,0
flow_00.79,41.0,4.0,0
flow_30.41,38.5,4.5,0
flow_10.71,62.0,4.5,0
flow_10.72,61.0,4.0,0
flow_10.73,45.0,4.0,0
flow_00.80,58.5,4.5,0
flow_00.81,57.5,3.5,0
flow_00.82,57.0,4.0,0
flow_10.74,62.0,4.5,0
flow_10.75,46.5,4.0,0
flow_10.76,33.0,4.0,0
flow_00.83,69.5,4.5,0
flow_00.84,59.5,4.0,0
flow_00.85,58.5,4.0,0
flow_10.77,47.0,4.5,0
flow_30.42,35.5,5.0,0
flow_10.78,47.5,4.0,0
flow_30.43,34.0,4.5,0
flow_10.79,46.0,4.0,0
flow_30.44,32.5,4.5,0
flow_00.86,69.0,4.0,0
flow_00.87,63.0,3.5,0
flow_00.88,58.5,3.5,0
flow_30.45,36.0,4.5,0
flow_10.80,64.0,4.5,0
flow_10.81,64.0,4.5,0
flow_10.82,62.0,4.0,0
flow_00.89,75.5,4.5,0
flow_00.90,71.0,4.0,0
flow_00.91,68.0,4.0,0
flow_10.83,79.0,4.5,0
flow_30.46,44.0,5.0,0
flow_10.84,57.0,4.0,0
flow_10.85,55.5,4.0,0
flow_00.92,85.5,4.5,0
flow_00.93,77.5,4.0,0
flow_00.94,76.0,4.0,0
flow_10.86,58.0,4.0,0
flow_10.87,58.0,4.0,0
flow_10.88,58.0,4.0,0
flow_20.63,35.5,4.5,0
flow_00.95,78.0,4.5,0
flow_00.96,54.5,4.0,0
flow_00.97,53.0,4.0,0
flow_10.89,74.5,4.5,0
flow_30.47,41.5,4.5,0
flow_10.90,74.5,4.0,0
flow_30.48,41.0,4.0,0
flow_30.49,39.5,4.0,0
flow_10.91,73.5,4.0,0
flow_00.98,51.5,4.5,0
flow_00.99,28.5,4.0,0
flow_10.92,84.5,4.5,0
flow_30.50,43.5,4.5,0
flow_10.93,84.0,4.0,0
flow_30.51,35.5,4.0,0
flow_10.94,82.5,4.0,0
flow_30.52,29.0,3.5,0
flow_00.100,31.5,4.0,0
flow_20.64,25.5,3.5,0
flow_00.101,32.0,4.0,0
flow_00.102,30.5,4.5,0
flow_20.65,24.5,3.0,0
flow_30.0,24.0,3.0,0
flow_20.0,24.5,3.0,0
flow_30.1,42.5,4.0,0
flow_10.0,33.5,4.5,0
flow_10.1,34.5,4.5,0
flow_30.2,35.5,4.0,0
flow_30.3,30.5,4.5,0
flow_10.2,33.5,4.5,0
flow_20.1,41.5,4.0,0
flow_00.0,42.0,4.5,0
flow_00.1,28.5,3.5,0
flow_20.2,42.0,4.0,0
flow_00.2,27.0,4.0,0
flow_20.3,33.0,3.5,0
flow_00.3,26.5,4.0,0
flow_10.3,49.5,4.5,0
flow_00.4,39.5,4.0,0
flow_20.4,37.5,4.5,0
flow_00.5,37.0,3.5,0
flow_10.4,25.5,3.5,0
flow_00.6,38.5,4.0,0
flow_20.5,34.0,4.5,0
flow_00.7,39.0,4.0,0
flow_00.8,37.5,3.5,0
flow_00.9,51.0,4.5,0
flow_00.10,43.5,4.0,0
flow_00.11,35.5,4.0,0
flow_30.4,36.0,4.0,0
flow_00.12,50.0,4.5,0
flow_00.13,49.0,4.0,0
flow_00.14,28.5,3.5,0
flow_10.5,25.5,3.5,0
flow_00.15,46.5,4.5,0
flow_00.16,42.5,4.5,0
flow_20.6,40.5,4.5,0
flow_20.7,26.5,3.5,0
flow_30.5,33.0,4.5,0
flow_30.6,33.0,4.0,0
flow_10.6,24.0,3.0,0
flow_10.7,24.0,2.5,0
flow_20.8,41.0,4.0,0
flow_00.17,37.5,4.5,0
flow_20.9,40.5,3.5,0
flow_00.18,28.5,4.0,0
flow_00.19,24.5,3.0,0
flow_10.8,38.0,4.5,0
flow_00.20,40.0,4.5,0
flow_20.10,29.0,4.0,0
flow_00.21,36.0,4.0,0
flow_00.22,31.5,4.5,0
flow_20.11,27.0,4.0,0
flow_10.9,32.5,4.0,0
flow_00.23,27.0,4.0,0
flow_00.24,25.0,3.5,0
flow_10.10,42.5,4.5,0
flow_00.25,34.0,4.5,0
flow_20.12,38.5,4.5,0
flow_20.13,36.5,4.0,0
flow_00.26,24.0,3.0,0
flow_20.14,25.5,3.0,0
flow_00.27,24.0,3.0,0
flow_30.7,40.5,4.5,0
flow_10.11,26.0,3.5,0
flow_10.12,26.5,3.5,0
flow_00.28,36.5,4.0,0
flow_20.15,35.0,4.5,0
flow_10.13,28.0,4.0,0
flow_00.29,38.0,4.0,0
flow_20.16,39.5,4.5,0
flow_00.30,38.0,4.0,0
flow_20.17,26.0,3.5,0
flow_00.31,33.5,4.0,0
flow_10.14,25.5,3.0,0
flow_20.18,40.5,4.5,0
flow_30.8,26.0,4.0,0
flow_10.15,25.5,3.5,0
flow_20.19,26.0,3.5,0
flow_00.32,33.5,4.0,0
flow_00.33,25.5,3.0,0
flow_30.9,44.0,4.5,0
flow_30.10,43.5,4.0,0
flow_30.11,25.0,3.0,0
flow_10.16,25.5,3.5,0
flow_20.20,35.5,4.0,0
flow_00.34,33.5,4.5,0
flow_20.21,35.5,4.0,0
flow_00.35,32.0,4.0,0
flow_00.36,28.0,4.0,0
flow_30.12,35.5,4.0,0
flow_00.37,34.5,4.5,0
flow_00.38,35.0,4.0,0
flow_20.22,25.5,3.5,0
flow_00.39,33.5,4.5,0
flow_10.17,28.0,4.0,0
flow_30.13,43.5,4.5,0
flow_10.18,26.0,3.5,0
flow_30.14,36.0,4.0,0
flow_30.15,34.5,4.0,0
flow_00.40,50.5,4.5,0
flow_20.23,31.0,4.0,0
flow_00.41,46.5,4.0,0
flow_00.42,45.0,4.0,0
flow_30.16,28.5,4.0,0
flow_10.19,23.5,3.0,0
flow_20.24,37.0,4.0,0
flow_00.43,55.0,5.0,0
flow_20.25,37.5,4.0,0
flow_00.44,54.5,4.5,0
flow_00.45,35.0,4.5,0
flow_10.20,40.5,4.0,0
flow_10.21,41.0,4.0,0
flow_20.26,27.5,4.0,0
flow_00.46,51.0,4.5,0
flow_10.22,34.0,4.5,0
flow_10.23,31.0,4.0,0
flow_00.47,29.5,4.0,0
flow_00.48,30.0,4.0,0
flow_00.49,29.0,4.0,0
flow_00.50,28.0,4.0,0
flow_30.17,28.5,4.0,0
flow_00.51,42.0,4.5,0
flow_20.27,45.0,4.5,0
flow_00.52,41.5,4.0,0
flow_20.28,39.5,4.5,0
flow_00.53,38.0,4.0,0
flow_30.18,34.0,4.5,0
flow_00.54,54.5,4.0,0
flow_00.55,54.5,4.0,0
flow_00.56,54.0,4.0,0
flow_10.24,33.0,4.0,0
flow_30.19,33.0,4.5,0
flow_10.25,33.0,4.0,0
flow_00.57,70.0,4.0,0
flow_20.29,25.5,3.0,0
flow_00.58,66.0,3.5,0
flow_00.59,48.5,4.0,0
flow_10.26,38.5,4.5,0
flow_10.27,35.5,3.5,0
flow_20.30,36.5,4.0,0
flow_00.60,51.5,4.5,0
flow_00.61,41.0,4.5,0
flow_00.62,26.5,4.0,0
flow_30.20,25.5,3.5,0
flow_00.63,37.5,4.5,0
flow_00.64,29.5,4.0,0
flow_00.65,28.5,4.0,0
flow_20.31,24.5,3.0,0
flow_00.66,27.5,4.0,0
flow_30.21,27.5,4.0,0
flow_10.28,25.5,3.5,0
flow_00.67,25.5,3.0,0
flow_20.32,37.5,4.0,0
flow_20.33,31.5,4.5,0
flow_10.29,30.0,4.5,0
flow_10.30,29.0,4.0,0
flow_00.68,33.5,4.0,0
flow_20.34,32.0,4.0,0
flow_00.69,33.5,3.5,0
flow_00.70,33.0,4.0,0
flow_10.31,25.0,3.5,0
flow_30.22,26.0,3.5,0
flow_00.71,45.5,4.5,0
flow_20.35,38.0,4.5,0
flow_00.72,42.0,3.5,0
flow_00.73,35.5,4.0,0
flow_30.23,35.5,4.0,0
flow_10.32,37.0,4.5,0
flow_10.33,28.5,3.5,0
flow_30.24,26.0,3.0,0
flow_00.74,52.0,4.0,0
flow_00.75,52.5,4.0,0
flow_20.36,25.5,3.5,0
flow_00.76,51.5,4.5,0
flow_00.77,49.5,4.5,0
flow_00.78,43.0,4.0,0
flow_00.79,44.5,4.5,0
flow_00.80,42.5,4.0,0
flow_20.37,24.5,3.0,0
flow_00.81,43.0,4.5,0
flow_30.25,36.5,4.0,0
flow_10.34,34.5,4.0,0
flow_30.26,36.0,3.5,0
flow_30.27,31.0,4.0,0
flow_00.82,59.0,4.5,0
flow_20.38,28.5,4.0,0
flow_00.83,57.0,4.0,0
flow_00.84,56.0,4.0,0
flow_30.28,48.0,4.5,0
flow_10.35,45.0,4.5,0
flow_30.29,41.0,4.0,0
flow_30.30,39.5,4.5,0
flow_00.85,73.0,4.5,0
flow_00.86,72.0,4.0,0
flow_00.87,59.0,4.0,0
flow_30.31,51.5,4.5,0
flow_00.88,54.5,4.5,0
flow_00.89,38.0,4.0,0
flow_00.90,36.5,3.5,0
flow_30.32,27.5,4.0,0
flow_10.36,32.5,4.5,0
flow_00.91,45.5,4.5,0
flow_20.39,40.5,4.5,0
flow_00.92,42.5,4.0,0
flow_20.40,41.0,4.5,0
flow_00.93,41.0,4.0,0
flow_20.41,33.5,4.0,0
flow_10.37,33.5,4.0,0
flow_00.94,38.0,4.0,0
flow_20.42,46.5,4.5,0
flow_00.95,26.5,3.5,0
flow_20.43,43.0,4.0,0
flow_20.44,27.5,3.5,0
flow_10.38,26.0,3.5,0
flow_20.45,44.0,4.0,0
flow_00.96,40.5,4.5,0
flow_00.97,40.0,4.0,0
flow_20.46,34.5,4.5,0
flow_00.98,39.0,4.0,0
flow_30.33,43.0,4.5,0
flow_30.34,38.0,4.0,0
flow_00.99,56.5,4.5,0
flow_00.100,55.5,4.0,0
flow_20.47,25.0,3.0,0
flow_00.101,30.5,4.0,0
flow_10.39,38.5,4.5,0
flow_30.35,44.0,4.5,0
flow_30.36,45.0,4.5,0
flow_30.37,41.0,4.0,0
flow_00.102,46.5,4.5,0
flow_00.103,43.5,4.0,0
flow_00.104,43.5,4.0,0
flow_30.0,24.0,3.0,0
flow_00.0,39.5,4.5,0
flow_00.1,37.0,4.0,0
flow_00.2,37.0,4.5,0
flow_10.0,39.5,4.0,0
flow_30.1,45.5,5.0,0
flow_10.1,24.0,3.0,0
flow_00.3,41.0,4.5,0
flow_20.0,35.0,4.5,0
flow_00.4,37.0,3.5,0
flow_20.1,31.5,4.0,0
flow_10.2,33.5,4.0,0
flow_30.2,42.5,4.5,0
flow_20.2,47.0,5.0,0
flow_00.5,23.5,3.0,0
flow_10.3,24.0,3.0,0
flow_30.3,25.0,3.0,0
flow_20.3,23.0,2.5,0
flow_00.6,43.5,4.5,0
flow_00.7,37.0,4.0,0
flow_20.4,26.0,3.5,0
flow_00.8,32.5,4.0,0
flow_10.4,33.0,4.0,0
flow_30.4,25.0,3.5,0
flow_00.9,49.0,4.0,0
flow_20.5,27.5,4.0,0
flow_20.6,25.5,3.5,0
flow_00.10,40.0,3.5,0
flow_00.11,36.0,4.0,0
flow_00.12,36.0,4.5,0
flow_00.13,35.5,4.0,0
flow_30.5,32.0,4.0,0
flow_10.5,38.0,4.5,0
flow_00.14,44.5,4.5,0
flow_00.15,34.0,4.0,0
flow_00.16,26.0,3.5,0
flow_10.6,32.5,4.0,0
flow_00.17,35.5,4.5,0
flow_00.18,36.0,4.0,0
flow_30.6,32.5,4.5,0
flow_30.7,24.0,3.0,0
flow_20.7,32.0,4.0,0
flow_00.19,41.5,4.5,0
flow_00.20,40.5,4.0,0
flow_20.8,31.5,4.5,0
flow_00.21,30.0,3.5,0
flow_30.8,43.0,4.5,0
flow_10.7,32.0,4.5,0
flow_10.8,24.0,3.0,0
flow_00.22,47.5,4.5,0
flow_20.9,42.5,4.5,0
flow_20.10,34.0,3.5,0
flow_00.23,31.5,4.0,0
flow_30.9,41.5,4.5,0
flow_10.9,34.0,4.5,0
flow_00.24,33.5,4.5,0
flow_20.11,33.5,4.5,0
flow_20.12,27.5,3.5,0
flow_00.25,24.0,2.5,0
flow_20.13,25.5,3.5,0
flow_10.10,37.0,4.5,0
flow_10.11,37.0,4.0,0
flow_00.26,36.0,4.5,0
flow_00.27,31.0,4.0,0
flow_00.28,24.5,3.0,0
flow_10.12,33.0,4.5,0
flow_00.29,40.5,4.5,0
flow_20.14,31.5,4.0,0
flow_00.30,39.5,4.0,0
flow_00.31,40.0,4.0,0
flow_10.13,43.0,4.0,0
flow_30.10,41.5,4.5,0
flow_30.11,40.5,4.0,0
flow_10.14,29.5,4.5,0
flow_20.15,27.5,4.0,0
flow_00.32,57.5,4.5,0
flow_00.33,56.0,4.0,0
flow_00.34,54.5,4.0,0
flow_10.15,25.5,3.5,0
flow_00.35,72.5,4.5,0
flow_20.16,30.5,4.5,0
flow_00.36,67.0,4.0,0
flow_00.37,53.5,4.0,0
flow_10.16,37.5,4.5,0
flow_10.17,38.0,4.0,0
flow_20.17,35.0,4.0,0
flow_00.38,37.0,4.5,0
flow_30.12,26.0,4.0,0
flow_00.39,41.5,4.5,0
flow_20.18,23.5,3.0,0
flow_00.40,23.5,2.5,0
flow_20.19,43.0,4.5,0
flow_00.41,42.0,4.5,0
flow_00.42,41.0,4.0,0
flow_20.20,30.5,4.0,0
flow_00.43,32.0,4.0,0
flow_00.44,48.0,4.5,0
flow_00.45,47.5,4.0,0
flow_20.21,24.5,3.0,0
flow_00.46,41.5,4.0,0
flow_30.13,33.5,4.0,0
flow_30.14,33.5,3.5,0
flow_00.47,29.5,4.0,0
flow_20.22,42.0,4.5,0
flow_20.23,24.5,3.0,0
flow_00.48,35.5,4.0,0
flow_20.24,26.0,3.0,0
flow_00.49,35.5,3.5,0
flow_00.50,35.0,3.5,0
flow_10.18,43.5,4.5,0
flow_30.15,29.0,4.0,0
flow_00.51,53.0,4.5,0
flow_00.52,49.5,4.5,0
flow_00.53,34.5,4.5,0
flow_30.16,24.0,3.0,0
flow_00.54,37.5,4.5,0
flow_00.55,25.0,3.5,0
flow_00.56,40.5,4.0,0
flow_20.25,26.5,3.5,0
flow_00.57,41.0,4.0,0
flow_20.26,26.5,3.5,0
flow_00.58,39.0,4.0,0
flow_30.17,22.5,2.5,0
flow_00.59,51.0,4.5,0
flow_20.27,31.0,4.5,0
flow_00.60,46.0,4.0,0
flow_20.28,30.0,4.5,0
flow_20.29,28.0,4.0,0
flow_00.61,36.0,4.0,0
flow_20.30,27.5,4.0,0
flow_00.62,52.0,4.5,0
flow_00.63,50.5,4.0,0
flow_00.64,43.0,4.0,0
flow_20.31,24.5,3.0,0
flow_30.18,35.0,4.0,0
flow_10.19,25.5,3.5,0
flow_00.65,60.5,4.5,0
flow_20.32,36.0,4.5,0
flow_00.66,51.0,4.0,0
flow_00.67,43.0,4.0,0
flow_30.19,25.0,3.0,0
flow_00.68,60.0,4.0,0
flow_20.33,25.5,3.5,0
flow_00.69,60.0,4.0,0
flow_00.70,61.5,4.5,0
flow_30.20,26.0,3.5,0
flow_30.21,25.0,3.0,0
flow_00.71,76.5,4.5,0
flow_00.72,75.5,4.0,0
flow_00.73,74.5,4.0,0
flow_30.22,25.0,3.0,0
flow_10.20,41.5,4.0,0
flow_10.21,25.0,3.5,0
flow_00.74,92.0,4.5,0
flow_20.34,26.0,3.5,0
flow_20.35,25.5,3.0,0
flow_00.75,88.5,4.5,0
flow_00.76,87.0,4.5,0
flow_10.22,41.5,4.5,0
flow_30.23,42.5,4.5,0
flow_00.77,97.0,4.5,0
flow_20.36,46.0,4.5,0
flow_00.78,74.5,4.0,0
flow_20.37,33.5,4.5,0
flow_00.79,75.0,4.5,0
flow_10.23,29.0,4.0,0
flow_30.24,24.5,3.0,0
flow_00.80,90.5,4.5,0
flow_20.38,42.0,4.5,0
flow_00.81,89.5,3.5,0
flow_20.39,42.0,4.0,0
flow_00.82,80.5,4.0,0
flow_20.40,36.5,4.0,0
flow_00.83,88.5,4.5,0
flow_00.84,72.0,4.0,0
flow_20.41,23.5,3.0,0
flow_00.85,50.0,4.0,0
flow_10.24,38.5,4.0,0
flow_30.25,32.5,4.0,0
flow_00.86,67.0,4.5,0
flow_20.42,38.5,4.5,0
flow_00.87,67.5,4.0,0
flow_00.88,66.0,4.0,0
flow_10.25,40.0,4.5,0
flow_10.26,34.0,4.0,0
flow_30.26,26.0,4.0,0
flow_00.89,83.0,4.5,0
flow_00.90,66.5,4.0,0
flow_20.43,25.5,3.5,0
flow_00.91,60.5,4.0,0
flow_10.27,40.0,4.0,0
flow_30.27,43.0,4.5,0
flow_10.28,31.5,4.0,0
flow_10.29,31.5,4.0,0
flow_00.92,71.5,4.5,0
flow_00.93,65.0,4.0,0
flow_00.94,64.0,4.0,0
flow_30.28,40.5,4.5,0
flow_10.30,30.5,4.0,0
flow_30.29,28.0,4.0,0
flow_20.44,39.0,4.5,0
flow_00.95,76.0,4.5,0
flow_00.96,69.5,4.0,0
flow_20.45,34.0,4.0,0
flow_00.97,69.0,4.0,0
flow_20.46,33.5,4.0,0
flow_30.30,24.5,3.0,0
flow_00.98,74.5,4.5,0
flow_20.47,44.5,4.5,0
flow_20.48,29.5,4.0,0
flow_00.99,66.0,4.0,0
flow_00.100,62.0,4.0,0
flow_20.49,28.0,4.5,0
flow_30.31,25.5,3.5,0
flow_30.32,24.5,3.0,0
flow_00.101,69.0,4.5,0
flow_20.50,41.0,4.5,0
flow_00.102,40.5,4.0,0
flow_20.51,34.5,4.0,0
flow_20.52,30.5,4.0,0
flow_00.103,40.0,4.0,0
flow_20.53,27.0,4.0,0
flow_00.104,36.5,4.5,0
flow_00.105,34.0,3.5,0
flow_20.54,25.5,3.5,0
flow_10.31,28.0,4.0,0
flow_30.33,26.0,3.5,0
flow_30.34,25.5,3.0,0
flow_00.106,42.0,4.5,0
flow_20.55,34.0,4.5,0
flow_00.107,38.0,4.0,0
flow_00.108,32.5,4.0,0
flow_20.56,24.0,2.5,0
flow_30.35,44.0,4.5,0
flow_10.32,32.0,4.0,0
flow_30.36,43.0,3.5,0
flow_00.109,49.5,4.5,0
flow_00.110,47.5,4.0,0
flow_00.111,46.0,4.0,0
flow_00.0,29.0,4.0,0
flow_20.0,33.0,4.5,0
flow_20.1,32.0,4.0,0
flow_00.1,24.0,3.0,0
flow_10.0,29.5,4.0,0
flow_00.2,40.0,4.5,0
flow_20.2,24.0,3.0,0
flow_00.3,33.0,4.0,0
flow_00.4,26.0,3.5,0
flow_10.1,33.0,4.0,0
flow_30.0,29.0,4.0,0
flow_30.1,28.5,4.0,0
flow_30.2,24.5,3.0,0
flow_00.5,38.0,4.5,0
flow_20.3,43.0,4.5,0
flow_20.4,42.0,4.0,0
flow_00.6,38.5,4.0,0
flow_00.7,27.0,3.5,0
flow_10.2,42.0,4.5,0
flow_30.3,38.5,4.5,0
flow_30.4,31.0,4.0,0
flow_30.5,29.5,3.5,0
flow_30.6,25.5,3.5,0
flow_20.5,33.0,4.5,0
flow_00.8,37.5,4.5,0
flow_20.6,30.0,3.5,0
flow_20.7,29.0,4.0,0
flow_10.3,25.5,3.0,0
flow_00.9,34.5,4.0,0
flow_00.10,34.0,3.5,0
flow_00.11,27.5,4.0,0
flow_20.8,25.0,3.5,0
flow_30.7,33.5,4.0,0
flow_10.4,40.0,4.5,0
flow_00.12,32.0,4.0,0
flow_20.9,40.0,4.0,0
flow_10.5,28.0,4.0,0
flow_30.8,36.5,4.5,0
flow_30.9,36.0,4.0,0
flow_00.13,27.0,3.5,0
flow_20.10,29.5,4.0,0
flow_00.14,23.5,2.5,0
flow_30.10,28.5,4.0,0
flow_10.6,39.0,4.5,0
flow_30.11,28.0,3.5,0
flow_10.7,32.5,4.5,0
flow_30.12,26.5,3.5,0
flow_30.13,26.0,3.5,0
flow_20.11,28.5,4.0,0
flow_00.15,36.0,4.5,0
flow_30.14,41.5,4.5,0
flow_10.8,42.0,4.5,0
flow_30.15,39.0,4.0,0
flow_10.9,29.5,4.0,0
flow_10.10,24.5,3.0,0
flow_30.16,34.5,4.0,0
flow_00.16,36.5,4.0,0
flow_20.12,44.0,4.5,0
flow_00.17,34.0,3.5,0
flow_20.13,33.0,4.0,0
flow_30.17,49.0,4.5,0
flow_10.11,37.5,4.5,0
flow_30.18,48.5,4.0,0
flow_30.19,47.5,4.0,0
flow_00.18,40.0,4.0,0
flow_00.19,26.0,3.5,0
flow_20.14,26.5,3.5,0
flow_00.20,26.5,3.5,0
flow_30.20,63.0,4.5,0
flow_10.12,36.0,4.0,0
flow_30.21,60.5,4.0,0
flow_30.22,51.0,4.0,0
flow_00.21,41.0,4.0,0
flow_20.15,31.5,4.0,0
flow_00.22,41.5,4.0,0
flow_20.16,26.5,3.5,0
flow_00.23,40.5,4.0,0
flow_20.17,25.5,3.5,0
flow_30.23,66.0,4.0,0
flow_30.24,66.5,4.0,0
flow_30.25,56.5,4.0,0
flow_00.24,43.0,4.5,0
flow_20.18,41.0,4.5,0
flow_20.19,32.0,4.0,0
flow_00.25,36.0,4.0,0
flow_00.26,30.5,4.0,0
flow_30.26,70.0,4.0,0
flow_10.13,41.5,4.5,0
flow_10.14,36.5,3.5,0
flow_30.27,67.5,4.0,0
flow_00.27,27.0,3.5,0
flow_20.20,25.0,3.0,0
flow_30.28,43.5,4.5,0
flow_10.15,26.0,3.5,0
flow_30.29,41.0,4.0,0
flow_10.16,26.5,4.0,0
flow_30.30,33.0,3.5,0
flow_00.28,43.0,4.5,0
flow_20.21,28.5,4.0,0
flow_00.29,29.0,4.0,0
flow_20.22,27.0,4.0,0
flow_20.23,25.0,3.5,0
flow_10.17,42.0,4.0,0
flow_30.31,49.0,4.5,0
flow_30.32,39.5,4.0,0
flow_10.18,34.5,4.0,0
flow_30.33,29.5,3.5,0
flow_00.30,37.5,4.5,0
flow_20.24,39.0,4.5,0
flow_00.31,37.0,4.0,0
flow_00.32,36.0,4.0,0
flow_10.19,40.5,4.0,0
flow_30.34,40.0,4.5,0
flow_10.20,40.0,3.5,0
flow_30.35,39.5,4.0,0
flow_30.36,30.0,3.5,0
flow_00.33,52.0,4.0,0
flow_00.34,30.0,4.0,0
flow_00.35,26.5,4.0,0
flow_10.21,41.5,4.0,0
flow_30.37,46.0,4.5,0
flow_30.38,45.0,4.0,0
flow_30.39,43.5,3.5,0
flow_10.22,25.5,3.0,0
flow_20.25,33.0,4.5,0
flow_20.26,31.5,4.0,0
flow_30.40,58.0,4.0,0
flow_10.23,40.5,4.5,0
flow_30.41,58.5,4.5,0
flow_30.42,57.0,4.5,0
flow_00.36,40.5,4.5,0
flow_00.37,40.5,4.0,0
flow_00.38,39.0,3.5,0
flow_30.43,73.5,4.5,0
flow_10.24,40.5,4.5,0
flow_30.44,73.5,4.0,0
flow_30.45,50.0,4.0,0
flow_20.27,38.0,4.0,0
flow_00.39,27.0,4.0,0
flow_00.40,24.5,3.0,0
flow_30.46,61.5,4.5,0
flow_10.25,42.5,4.5,0
flow_10.26,26.0,3.5,0
flow_30.47,57.5,4.0,0
flow_30.48,55.5,4.5,0
flow_20.28,35.5,4.0,0
flow_00.41,37.0,5.0,0
flow_00.42,29.5,4.0,0
flow_00.43,25.0,3.0,0
flow_30.49,58.5,4.5,0
flow_30.50,58.5,4.0,0
flow_10.27,24.5,3.0,0
flow_30.51,45.5,4.0,0
flow_00.44,42.0,4.5,0
flow_00.45,42.0,4.0,0
flow_00.46,41.0,4.0,0
flow_30.52,58.5,4.5,0
flow_10.28,44.0,4.5,0
flow_10.29,38.0,4.0,0
flow_30.53,23.5,3.0,0
flow_10.30,25.0,3.5,0
flow_00.47,42.5,4.5,0
flow_20.29,35.0,4.5,0
flow_00.48,37.5,4.0,0
flow_00.49,29.0,4.0,0
flow_10.31,25.0,3.5,0
flow_30.54,43.0,4.5,0
flow_10.32,25.5,3.5,0
flow_00.50,44.5,4.5,0
flow_00.51,38.0,4.0,0
flow_00.52,36.5,4.0,0
flow_10.33,39.0,4.5,0
flow_30.55,26.5,3.5,0
flow_20.30,28.5,4.0,0
flow_00.53,54.0,4.5,0
flow_00.54,46.5,4.0,0
flow_00.55,45.0,4.0,0
flow_30.56,44.5,4.5,0
flow_30.57,38.0,4.0,0
flow_30.58,38.0,4.5,0
flow_20.31,36.5,4.0,0
flow_00.56,62.5,4.5,0
flow_20.32,31.0,4.0,0
flow_00.57,63.5,4.5,0
flow_00.58,57.0,4.0,0
flow_30.59,54.0,4.5,0
flow_10.34,37.5,4.5,0
flow_30.60,49.5,4.0,0
flow_10.35,27.5,4.0,0
flow_10.36,26.0,3.5,0
flow_30.61,49.0,4.0,0
flow_20.33,33.0,4.5,0
flow_00.59,57.0,4.5,0
flow_20.34,29.0,3.5,0
flow_00.60,55.5,4.5,0
flow_10.37,27.5,4.0,0
flow_30.62,49.5,4.5,0
flow_10.38,23.5,3.0,0
flow_20.35,24.5,3.0,0
flow_00.61,25.5,3.5,0
flow_20.36,25.5,3.0,0
flow_10.39,28.0,4.0,0
flow_30.63,27.0,3.5,0
flow_30.64,28.0,4.0,0
flow_00.62,32.5,4.5,0
flow_00.63,31.5,4.0,0
flow_10.40,45.0,4.5,0
flow_30.65,43.0,5.0,0
flow_10.41,30.5,4.0,0
flow_30.66,42.0,4.5,0
flow_30.67,31.0,4.0,0
flow_00.64,44.5,4.5,0
flow_20.37,32.0,4.0,0
flow_20.38,29.5,4.0,0
flow_00.65,37.5,4.0,0
flow_30.68,48.5,4.5,0
flow_10.42,23.5,3.0,0
flow_30.69,47.5,4.0,0
flow_30.70,46.5,4.0,0
flow_20.39,25.0,3.0,0
flow_30.71,62.0,4.0,0
flow_10.43,33.0,4.5,0
flow_10.44,31.0,4.0,0
flow_30.72,63.0,4.0,0
flow_10.45,30.5,4.0,0
flow_30.73,62.5,4.0,0
flow_20.40,41.5,4.5,0
flow_30.74,79.0,4.5,0
flow_30.75,71.5,4.0,0
flow_30.76,64.5,4.5,0
flow_00.66,26.5,3.5,0
flow_00.67,27.0,3.5,0
flow_30.77,80.0,4.5,0
flow_10.46,25.5,3.5,0
flow_30.78,80.0,4.0,0
flow_30.79,78.5,4.5,0
flow_00.68,34.5,4.5,0
flow_00.69,32.0,4.0,0
flow_20.41,25.0,3.5,0
flow_00.70,28.0,4.0,0
flow_30.80,82.0,4.0,0
flow_30.81,71.0,4.0,0
flow_30.82,65.0,4.0,0
flow_20.42,26.0,3.5,0
flow_30.83,78.5,4.0,0
flow_30.84,66.5,4.0,0
flow_10.47,25.0,3.0,0
flow_30.85,52.5,4.0,0
flow_30.86,66.0,4.5,0
flow_10.48,41.5,4.5,0
flow_30.87,58.5,4.0,0
flow_10.49,40.5,4.0,0
flow_30.88,50.5,4.0,0
flow_10.50,39.5,4.0,0
flow_00.71,33.0,4.0,0
flow_20.43,23.5,3.0,0
flow_10.51,49.5,4.5,0
flow_30.89,53.0,4.5,0
flow_30.90,51.0,4.0,0
flow_10.52,41.5,4.0,0
flow_30.91,50.0,4.0,0
flow_10.53,24.5,3.0,0
flow_20.44,39.5,4.5,0
flow_00.72,24.5,3.0,0
flow_30.92,68.0,4.5,0
flow_10.54,35.5,4.5,0
flow_30.93,66.5,4.0,0
flow_10.55,27.5,4.0,0
flow_30.94,40.5,4.0,0
flow_20.45,35.0,4.0,0
flow_00.73,27.0,3.5,0
flow_20.46,31.5,4.0,0
flow_10.56,38.5,4.5,0
flow_30.95,33.0,4.0,0
flow_10.57,30.5,4.0,0
flow_10.58,25.5,3.5,0
flow_00.74,38.0,4.5,0
flow_20.47,35.0,4.5,0
flow_00.75,29.5,4.0,0
flow_20.48,26.5,3.5,0
flow_10.59,37.5,4.0,0
flow_30.96,34.0,4.5,0
flow_30.97,24.0,3.0,0
flow_10.60,30.0,4.5,0
flow_00.76,45.0,4.5,0
flow_00.77,33.0,4.0,0
flow_10.61,33.5,4.5,0
flow_30.98,41.0,4.5,0
flow_00.78,44.0,4.5,0
flow_20.49,29.5,4.5,0
flow_00.79,27.0,4.0,0
flow_00.80,26.0,3.5,0
flow_10.62,33.0,4.5,0
flow_30.99,42.0,4.5,0
flow_10.63,24.0,3.0,0
flow_30.100,23.5,3.0,0
flow_20.50,42.0,4.0,0
flow_00.81,23.5,3.0,0
flow_20.51,42.5,4.5,0
flow_00.82,25.5,3.0,0
flow_20.52,39.0,5.0,0
flow_00.0,32.0,4.0,0
flow_20.0,31.0,4.5,0
flow_00.1,23.0,3.0,0
flow_10.0,37.5,4.0,0
flow_30.0,28.0,4.0,0
flow_00.2,27.5,4.0,0
flow_00.3,28.0,4.0,0
flow_30.1,44.0,4.5,0
flow_30.2,24.5,3.0,0
flow_20.1,39.5,4.0,0
flow_00.4,37.0,4.5,0
flow_30.3,33.5,4.5,0
flow_10.1,28.5,4.0,0
flow_30.4,32.5,4.0,0
flow_00.5,36.5,4.5,0
flow_20.2,42.5,4.5,0
flow_20.3,29.0,3.5,0
flow_00.6,36.5,4.0,0
flow_10.2,28.0,4.0,0
flow_30.5,42.5,4.0,0
flow_30.6,43.0,4.0,0
flow_30.7,36.0,4.0,0
flow_00.7,43.0,4.5,0
flow_20.4,28.5,4.0,0
flow_00.8,43.5,4.0,0
flow_30.8,37.0,4.0,0
flow_30.9,37.0,4.0,0
flow_20.5,35.0,4.5,0
flow_00.9,41.0,4.5,0
flow_20.6,32.0,4.0,0
flow_20.7,27.5,4.0,0
flow_00.10,26.0,3.5,0
flow_10.3,29.0,4.0,0
flow_30.10,28.0,4.0,0
flow_10.4,29.0,4.0,0
flow_30.11,24.5,3.0,0
flow_10.5,27.5,4.0,0
flow_00.11,33.5,4.0,0
flow_20.8,45.0,4.5,0
flow_00.12,32.5,4.5,0
flow_00.13,28.0,4.0,0
flow_30.12,40.0,4.5,0
flow_10.6,46.0,4.5,0
flow_30.13,29.5,4.0,0
flow_30.14,28.0,4.0,0
flow_30.15,26.5,3.5,0
flow_00.14,30.0,4.0,0
flow_20.9,44.5,4.5,0
flow_30.16,40.0,4.0,0
flow_10.7,38.0,4.0,0
flow_30.17,33.0,3.5,0
flow_20.10,36.5,4.5,0
flow_00.15,28.5,4.0,0
flow_00.16,26.0,4.0,0
flow_30.18,31.0,4.5,0
flow_10.8,36.5,4.5,0
flow_20.11,25.0,3.5,0
flow_10.9,43.5,5.0,0
flow_30.19,25.5,3.5,0
flow_00.17,44.0,4.5,0
flow_20.12,29.0,4.0,0
flow_00.18,42.5,4.0,0
flow_00.19,37.5,4.0,0
flow_20.13,30.5,4.5,0
flow_10.10,30.5,4.0,0
flow_20.14,34.0,4.5,0
flow_10.11,41.0,4.5,0
flow_10.12,38.5,4.0,0
flow_10.13,38.5,4.0,0
flow_00.20,40.0,4.5,0
flow_00.21,39.0,4.0,0
flow_00.22,38.0,4.0,0
flow_10.14,47.5,4.5,0
flow_10.15,47.0,4.0,0
flow_00.23,55.0,4.0,0
flow_20.15,38.0,4.0,0
flow_00.24,55.5,4.0,0
flow_30.20,36.5,4.0,0
flow_30.21,37.0,4.0,0
flow_20.16,23.5,3.0,0
flow_00.25,32.5,4.0,0
flow_00.26,26.5,3.5,0
flow_00.27,26.0,3.5,0
flow_10.16,27.5,4.0,0
flow_00.28,37.5,4.5,0
flow_00.29,31.0,4.0,0
flow_10.17,31.0,4.0,0
flow_30.22,27.0,4.0,0
flow_00.30,38.5,4.5,0
flow_00.31,31.5,4.0,0
flow_10.18,29.0,4.0,0
flow_30.23,44.0,4.5,0
flow_30.24,35.5,4.0,0
flow_10.19,29.0,4.5,0
flow_30.25,32.0,3.5,0
flow_20.17,43.5,4.5,0
flow_00.32,48.0,5.5,0
flow_00.33,34.5,5.0,0
flow_00.34,33.0,4.5,0
flow_30.26,47.0,4.5,0
flow_30.27,48.0,4.5,0
flow_00.35,31.5,4.0,0
flow_00.36,28.5,4.0,0
flow_20.18,25.0,3.5,0
flow_00.37,24.5,3.0,0
flow_20.19,25.0,3.5,0
flow_30.28,36.0,4.5,0
flow_00.38,32.5,4.0,0
flow_20.20,41.0,4.5,0
flow_00.39,24.0,2.5,0
flow_30.29,41.5,4.5,0
flow_10.20,23.5,3.0,0
flow_30.30,36.5,4.0,0
flow_00.40,31.5,4.0,0
flow_20.21,39.0,4.5,0
flow_00.41,30.5,3.5,0
flow_20.22,29.0,4.0,0
flow_00.42,29.5,4.0,0
flow_10.21,42.5,4.0,0
flow_30.31,42.5,4.5,0
flow_30.32,42.0,4.0,0
flow_00.43,46.0,4.5,0
flow_20.23,37.5,4.5,0
flow_00.44,46.5,4.0,0
flow_00.45,48.5,4.5,0
flow_30.33,41.5,4.5,0
flow_10.22,47.0,5.0,0
flow_30.34,27.5,3.5,0
flow_10.23,43.0,4.5,0
flow_00.46,63.0,4.5,0
flow_20.24,35.0,4.5,0
flow_00.47,50.5,4.0,0
flow_00.48,49.5,4.0,0
flow_30.35,33.0,4.5,0
flow_10.24,31.0,4.0,0
flow_00.49,64.5,4.5,0
flow_20.25,24.5,3.0,0
flow_00.50,64.0,4.0,0
flow_00.51,63.0,4.0,0
flow_20.26,27.0,4.0,0
flow_10.25,25.0,3.5,0
flow_10.26,23.5,3.0,0
flow_00.52,81.0,4.5,0
flow_20.27,38.0,4.5,0
flow_00.53,80.0,4.0,0
flow_00.54,78.0,4.0,0
flow_10.27,23.5,3.0,0
flow_30.36,24.0,3.0,0
flow_00.55,95.0,4.5,0
flow_20.28,29.5,4.0,0
flow_00.56,83.0,4.0,0
flow_00.57,68.5,4.0,0
flow_10.28,41.5,4.0,0
flow_30.37,31.0,4.5,0
flow_20.29,27.5,4.0,0
flow_00.58,85.5,4.5,0
flow_20.30,27.0,4.0,0
flow_00.59,77.5,4.0,0
flow_00.60,77.0,4.0,0
flow_30.38,44.5,4.5,0
flow_00.61,75.0,4.0,0
flow_20.31,40.0,4.5,0
flow_00.62,72.5,4.0,0
flow_00.63,52.0,4.0,0
flow_10.29,44.0,4.5,0
flow_30.39,29.5,4.5,0
flow_30.40,26.0,3.5,0
flow_00.64,68.5,4.5,0
flow_20.32,29.0,4.0,0
flow_00.65,60.5,4.0,0
flow_20.33,25.5,3.0,0
flow_00.66,58.5,4.0,0
flow_30.41,41.0,4.5,0
flow_30.42,41.0,4.0,0
flow_10.30,24.5,3.0,0
flow_30.43,34.0,4.0,0
flow_20.34,31.5,4.0,0
flow_00.67,40.0,4.5,0
flow_00.68,29.0,4.5,0
flow_20.35,23.5,3.0,0
flow_10.31,42.0,4.0,0
flow_30.44,49.5,4.5,0
flow_00.69,28.0,4.0,0
flow_20.36,41.0,4.5,0
flow_30.45,40.5,5.0,0
flow_10.32,25.5,3.5,0
flow_30.46,39.0,4.0,0
flow_10.33,24.0,3.0,0
flow_00.70,24.0,3.0,0
flow_10.34,40.0,4.0,0
flow_30.47,41.0,5.0,0
flow_30.48,39.5,4.0,0
flow_30.49,38.0,4.0,0
flow_00.71,41.5,4.5,0
flow_00.72,34.5,4.5,0
flow_30.50,43.0,4.0,0
flow_10.35,36.0,4.5,0
flow_10.36,35.0,3.5,0
flow_00.73,37.5,4.0,0
flow_20.37,43.5,4.5,0
flow_00.74,34.5,4.0,0
flow_10.37,37.0,4.5,0
flow_30.51,24.5,3.0,0
flow_00.75,40.5,4.5,0
flow_30.52,40.5,4.5,0
flow_10.38,28.5,4.0,0
flow_00.76,44.0,4.5,0
flow_20.38,37.5,4.5,0
flow_20.39,33.0,3.5,0
flow_10.39,36.5,4.5,0
flow_30.53,25.5,3.5,0
flow_30.54,24.5,3.0,0
flow_00.77,33.5,4.5,0
flow_20.40,44.5,4.5,0
flow_00.78,33.0,4.5,0
flow_00.79,26.5,3.5,0
flow_10.40,34.5,4.0,0
flow_30.55,43.5,4.5,0
flow_30.56,43.0,4.0,0
flow_30.57,30.0,3.5,0
flow_00.80,25.0,3.0,0
flow_20.41,24.5,3.0,0
flow_30.58,47.5,4.5,0
flow_10.41,40.0,4.5,0
flow_30.59,43.0,4.0,0
flow_10.42,37.5,4.0,0
flow_20.42,35.5,4.5,0
flow_20.43,23.5,3.0,0
flow_00.81,25.0,3.5,0
flow_30.60,40.5,4.0,0
flow_30.61,40.5,4.0,0
flow_30.62,39.5,4.0,0
flow_20.44,40.5,4.5,0
flow_00.82,42.0,4.5,0
flow_00.83,31.5,4.0,0
flow_00.84,27.5,4.0,0
flow_30.63,56.5,4.5,0
flow_30.64,54.5,4.0,0
flow_30.65,37.5,4.0,0
flow_00.85,35.0,4.5,0
flow_20.45,42.0,4.5,0
flow_00.86,34.5,4.0,0
flow_20.46,28.5,4.0,0
flow_00.87,30.0,4.0,0
flow_00.88,28.5,4.0,0
flow_30.66,52.0,4.0,0
flow_10.43,37.0,4.5,0
flow_30.67,36.0,4.0,0
flow_10.44,27.0,3.5,0
flow_20.47,33.0,4.5,0
flow_00.89,40.0,4.5,0
flow_20.48,32.0,4.0,0
flow_00.90,26.0,3.5,0
flow_20.49,31.5,4.0,0
flow_20.0,28.0,4.0,0
flow_20.1,27.0,4.0,0
flow_00.0,25.0,3.5,0
flow_30.0,41.5,4.0,0
flow_00.1,40.5,4.0,0
flow_20.2,36.5,4.5,0
flow_00.2,34.5,4.5,0
flow_10.0,39.0,4.5,0
flow_10.1,30.0,3.5,0
flow_00.3,45.0,5.0,0
flow_00.4,44.5,4.0,0
flow_00.5,43.0,3.5,0
flow_30.1,36.5,4.0,0
flow_30.2,37.0,4.0,0
flow_20.3,40.0,4.0,0
flow_00.6,47.5,4.0,0
flow_00.7,47.5,4.0,0
flow_00.8,44.5,3.5,0
flow_30.3,24.5,3.0,0
flow_00.9,59.5,4.0,0
flow_20.4,41.5,4.0,0
flow_00.10,50.0,4.0,0
flow_00.11,42.5,4.0,0
flow_30.4,38.0,4.0,0
flow_10.2,28.5,4.0,0
flow_10.3,27.5,3.5,0
flow_30.5,24.5,3.0,0
flow_30.6,25.5,3.0,0
flow_00.12,58.5,4.0,0
flow_20.5,30.5,4.5,0
flow_20.6,30.0,4.0,0
flow_00.13,45.0,4.0,0
flow_00.14,43.0,4.0,0
flow_10.4,25.5,3.5,0
flow_30.7,38.0,4.5,0
flow_30.8,31.0,4.0,0
flow_00.15,61.0,4.5,0
flow_20.7,25.5,3.5,0
flow_00.16,60.5,4.0,0
flow_00.17,59.5,4.5,0
flow_10.5,37.0,4.0,0
flow_30.9,28.0,4.0,0
flow_10.6,25.0,3.5,0
flow_20.8,30.5,4.5,0
flow_00.18,76.5,4.5,0
flow_20.9,26.0,4.0,0
flow_00.19,75.0,4.0,0
flow_00.20,73.0,4.0,0
flow_10.7,24.0,3.0,0
flow_00.21,85.5,4.0,0
flow_20.10,30.0,4.0,0
flow_00.22,84.5,4.0,0
flow_00.23,81.0,4.0,0
flow_30.10,25.5,3.0,0
flow_30.11,24.0,2.5,0
flow_00.24,97.0,4.0,0
flow_20.11,42.0,4.0,0
flow_20.12,30.5,4.0,0
flow_00.25,98.0,4.0,0
flow_20.13,29.0,4.0,0
flow_00.26,97.0,4.0,0
flow_20.14,27.5,3.5,0
flow_10.8,44.0,4.5,0
flow_30.12,25.0,3.5,0
flow_10.9,41.5,4.0,0
flow_20.15,25.5,3.0,0
flow_00.27,104.5,4.5,0
flow_00.28,101.0,4.0,0
flow_00.29,97.5,4.0,0
flow_10.10,45.0,4.5,0
flow_10.11,45.5,4.5,0
flow_00.30,109.0,4.5,0
flow_20.16,45.0,4.5,0
flow_00.31,81.0,4.0,0
flow_20.17,34.0,4.0,0
flow_00.32,69.0,4.0,0
flow_10.12,43.0,4.5,0
flow_30.13,37.0,4.5,0
flow_30.14,29.0,3.5,0
flow_30.15,28.5,4.0,0
flow_10.13,25.0,3.5,0
flow_20.18,24.0,2.5,0
flow_00.33,77.0,4.0,0
flow_00.34,70.0,3.5,0
flow_00.35,62.0,4.0,0
flow_30.16,41.0,4.5,0
flow_20.19,40.5,4.0,0
flow_00.36,75.0,4.5,0
flow_00.37,65.5,4.0,0
flow_00.38,60.0,4.0,0
flow_30.17,41.5,4.5,0
flow_10.14,24.0,2.5,0
flow_00.39,66.5,4.5,0
flow_20.20,41.5,4.5,0
flow_00.40,65.0,4.0,0
flow_00.41,24.5,3.0,0
flow_10.15,43.0,4.5,0
flow_30.18,26.5,3.5,0
flow_10.16,42.0,4.0,0
flow_10.17,31.5,3.5,0
flow_00.42,38.0,4.0,0
flow_30.19,35.0,4.5,0
flow_10.18,24.0,3.0,0
flow_00.43,40.0,4.5,0
flow_20.21,38.5,4.5,0
flow_20.22,37.5,4.0,0
flow_20.23,37.0,4.0,0
flow_10.19,31.0,4.0,0
flow_10.20,32.0,4.0,0
flow_20.24,54.5,4.5,0
flow_00.44,24.5,3.0,0
flow_20.25,52.0,4.0,0
flow_20.26,49.5,4.0,0
flow_00.45,27.0,4.0,0
flow_30.20,42.0,4.5,0
flow_10.21,25.5,3.5,0
flow_30.21,35.5,4.0,0
flow_30.22,34.0,3.5,0
flow_20.27,35.5,4.5,0
flow_00.46,38.5,5.0,0
flow_20.28,34.5,4.0,0
flow_00.47,33.5,4.0,0
flow_00.48,33.5,4.0,0
flow_20.29,24.5,3.0,0
flow_00.49,27.5,3.5,0
flow_30.23,27.0,3.5,0
flow_10.22,26.5,3.5,0
flow_10.23,26.5,4.0,0
flow_20.30,42.5,4.5,0
flow_00.50,42.0,4.5,0
flow_20.31,35.5,4.0,0
flow_20.32,28.5,4.0,0
flow_00.51,25.0,3.0,0
flow_00.52,41.0,4.5,0
flow_20.33,30.0,4.0,0
flow_00.53,40.5,4.0,0
flow_00.54,33.5,4.0,0
flow_10.24,33.0,4.0,0
flow_30.24,43.5,4.5,0
flow_10.25,32.5,4.0,0
flow_10.26,31.0,3.5,0
flow_00.55,51.0,4.5,0
flow_00.56,47.5,4.0,0
flow_00.57,47.0,4.0,0
flow_10.27,40.5,4.5,0
flow_00.58,64.0,4.5,0
flow_20.34,32.0,4.0,0
flow_00.59,65.5,4.5,0
flow_00.60,64.5,4.5,0
flow_30.25,31.5,4.0,0
flow_10.28,36.5,4.5,0
flow_00.61,79.5,4.5,0
flow_00.62,79.5,4.0,0
flow_00.63,79.0,4.0,0
flow_10.29,24.5,3.0,0
flow_00.64,87.5,4.0,0
flow_20.35,39.5,4.5,0
flow_00.65,88.0,4.0,0
flow_00.66,87.0,4.0,0
flow_10.30,26.5,3.5,0
flow_30.26,25.5,3.5,0
flow_20.36,40.0,4.5,0
flow_00.67,105.0,4.5,0
flow_00.68,85.5,4.0,0
flow_00.69,82.5,4.0,0
flow_10.31,43.0,4.5,0
flow_30.27,38.0,4.0,0
flow_10.32,35.5,3.5,0
flow_10.33,26.5,3.5,0
flow_20.37,27.0,3.5,0
flow_00.70,94.0,4.5,0
flow_00.71,87.0,4.0,0
flow_00.72,86.0,4.0,0
flow_30.28,34.5,4.5,0
flow_00.73,95.0,4.5,0
flow_20.38,39.5,4.5,0
flow_00.74,94.5,4.0,0
flow_20.39,38.5,4.0,0
flow_20.40,38.0,4.0,0
flow_00.75,94.0,4.0,0
flow_30.29,37.5,4.5,0
flow_10.34,35.5,5.0,0
flow_30.30,31.0,4.0,0
flow_10.35,25.5,3.5,0
flow_20.41,55.0,4.5,0
flow_00.76,109.5,4.5,0
flow_20.42,55.0,4.0,0
flow_00.77,108.0,4.0,0
flow_20.43,53.0,4.0,0
flow_00.78,104.5,4.0,0
flow_30.31,30.0,4.0,0
flow_10.36,38.0,4.5,0
flow_10.37,25.5,3.5,0
flow_20.44,60.0,4.0,0
flow_00.79,109.5,4.5,0
flow_00.80,107.0,4.0,0
flow_20.45,47.5,4.0,0
flow_00.81,104.0,4.0,0
flow_20.46,30.0,4.0,0
flow_30.32,44.0,4.5,0
flow_10.38,33.0,4.5,0
flow_10.39,31.5,4.0,0
flow_10.40,27.0,4.0,0
flow_00.82,98.0,4.0,0
flow_00.83,92.0,4.0,0
flow_00.84,91.5,4.5,0
flow_10.41,40.5,4.5,0
flow_30.33,34.5,4.0,0
flow_10.42,35.5,4.0,0
flow_10.43,34.0,4.0,0
flow_00.85,102.0,4.5,0
flow_20.47,30.0,4.0,0
flow_00.86,71.5,4.0,0
flow_30.34,38.5,4.5,0
flow_00.87,36.0,4.5,0
flow_00.88,41.5,5.5,0
flow_00.89,40.0,5.5,0
flow_10.44,33.5,4.0,0
flow_30.35,45.0,5.0,0
flow_10.45,34.0,4.0,0
flow_20.48,41.5,4.5,0
flow_00.90,47.0,4.5,0
flow_20.49,29.0,4.0,0
flow_00.91,42.0,4.0,0
flow_20.50,25.0,3.5,0
flow_00.92,41.0,4.0,0
flow_00.93,58.5,4.5,0
flow_20.51,44.0,4.5,0
flow_20.52,43.0,4.0,0
flow_00.94,51.0,4.0,0
flow_20.53,41.5,4.0,0
flow_00.95,49.5,4.0,0
flow_20.54,58.0,4.0,0
flow_00.96,58.0,4.5,0
flow_20.55,46.0,4.0,0
flow_00.97,55.5,4.5,0
flow_20.56,42.5,4.0,0
flow_00.98,54.0,4.0,0
flow_30.36,40.0,4.5,0
flow_30.37,30.0,3.5,0
flow_00.99,55.0,4.0,0
flow_20.57,27.0,3.5,0
flow_20.58,26.0,3.5,0
flow_00.100,56.0,4.0,0
flow_00.101,55.5,4.0,0
flow_30.38,30.0,4.0,0
flow_30.39,24.0,3.0,0
flow_00.102,73.0,4.5,0
flow_00.103,72.0,4.0,0
flow_00.104,65.5,4.5,0
flow_10.46,38.5,4.5,0
flow_00.105,80.5,4.0,0
flow_00.106,72.0,4.0,0
flow_00.107,53.0,4.0,0
flow_30.40,37.5,4.5,0
flow_00.108,71.0,4.5,0
flow_20.59,41.5,4.5,0
flow_00.109,65.5,4.0,0
flow_20.60,36.0,4.0,0
flow_00.110,59.0,4.0,0
flow_10.47,33.5,4.0,0
flow_10.48,26.0,3.5,0
flow_00.111,51.0,4.5,0
flow_20.61,39.0,4.5,0
flow_00.112,36.5,3.5,0
flow_10.0,29.0,4.5,0
flow_00.0,23.5,3.0,0
flow_00.1,26.0,3.5,0
flow_20.0,25.5,3.5,0
flow_00.2,25.5,3.0,0
flow_30.0,32.5,4.0,0
flow_30.1,32.5,4.0,0
flow_20.1,43.5,4.5,0
flow_00.3,40.0,4.5,0
flow_00.4,40.0,4.0,0
flow_20.2,23.5,3.0,0
flow_00.5,38.5,4.0,0
flow_00.6,48.0,4.0,0
flow_00.7,47.0,3.5,0
flow_00.8,37.0,3.5,0
flow_10.1,44.5,4.5,0
flow_30.2,38.5,4.5,0
flow_30.3,28.0,3.5,0
flow_00.9,56.0,4.5,0
flow_00.10,54.5,4.0,0
flow_00.11,53.0,4.0,0
flow_10.2,40.5,4.5,0
flow_30.4,44.0,4.5,0
flow_10.3,40.0,4.0,0
flow_20.3,32.5,4.0,0
flow_00.12,56.0,4.0,0
flow_00.13,56.5,4.0,0
flow_00.14,49.0,4.0,0
flow_30.5,43.0,4.5,0
flow_10.4,32.0,4.0,0
flow_30.6,36.5,3.5,0
flow_30.7,29.0,4.0,0
flow_20.4,43.5,4.0,0
flow_00.15,55.0,4.5,0
flow_20.5,35.5,4.0,0
flow_00.16,55.0,4.0,0
flow_00.17,53.5,4.0,0
flow_20.6,28.0,4.0,0
flow_10.5,35.5,4.5,0
flow_30.8,39.5,4.5,0
flow_30.9,39.0,4.0,0
flow_10.6,25.5,3.0,0
flow_30.10,28.5,4.5,0
flow_20.7,30.5,4.0,0
flow_00.18,70.5,4.5,0
flow_00.19,69.5,4.0,0
flow_00.20,69.0,4.0,0
flow_10.7,28.5,4.0,0
flow_30.11,44.0,4.5,0
flow_30.12,31.5,4.0,0
flow_00.21,86.0,4.5,0
flow_20.8,35.0,4.5,0
flow_00.22,77.5,4.0,0
flow_00.23,51.0,4.0,0
flow_10.8,37.5,4.0,0
flow_00.24,62.0,4.5,0
flow_00.25,53.5,4.0,0
flow_00.26,52.0,4.5,0
flow_30.13,39.5,4.0,0
flow_30.14,34.5,4.0,0
flow_30.15,28.0,4.0,0
flow_00.27,67.0,4.0,0
flow_20.9,25.5,3.5,0
flow_00.28,67.0,3.5,0
flow_00.29,54.0,4.5,0
flow_30.16,33.0,4.5,0
flow_10.9,24.5,3.0,0
flow_30.17,29.0,4.5,0
flow_10.10,24.5,3.0,0
flow_00.30,69.5,4.0,0
flow_20.10,39.0,4.5,0
flow_00.31,69.5,4.0,0
flow_20.11,23.5,3.0,0
flow_00.32,69.0,4.0,0
flow_10.11,39.0,4.5,0
flow_30.18,29.5,4.0,0
flow_10.12,38.5,4.0,0
flow_10.13,29.5,4.0,0
flow_00.33,84.5,4.0,0
flow_00.34,85.0,4.0,0
flow_20.12,25.5,3.5,0
flow_00.35,60.5,4.0,0
flow_30.19,41.0,4.0,0
flow_30.20,33.0,3.5,0
flow_30.21,32.0,4.0,0
flow_00.36,41.5,4.5,0
flow_20.13,27.0,3.5,0
flow_30.22,38.5,4.5,0
flow_10.14,36.0,4.5,0
flow_30.23,38.0,4.0,0
flow_30.24,37.5,4.0,0
flow_00.37,28.5,4.0,0
flow_00.38,29.0,4.0,0
flow_30.25,54.0,4.0,0
flow_30.26,54.0,4.0,0
flow_00.39,41.5,4.0,0
flow_20.14,42.0,4.5,0
flow_00.40,25.5,3.5,0
flow_30.27,39.0,4.0,0
flow_10.15,39.5,4.5,0
flow_30.28,23.5,2.5,0
flow_00.41,40.5,4.0,0
flow_20.15,41.5,4.5,0
flow_00.42,27.0,3.5,0
flow_30.29,34.0,4.0,0
flow_10.16,23.0,2.5,0
flow_30.30,34.0,3.5,0
flow_10.17,23.5,3.0,0
flow_00.43,44.0,4.5,0
flow_00.44,39.5,4.0,0
flow_00.45,39.0,4.0,0
flow_30.31,32.0,4.0,0
flow_30.32,23.5,2.5,0
flow_00.46,54.0,4.5,0
flow_20.16,42.5,4.5,0
flow_00.47,52.0,4.0,0
flow_20.17,41.5,4.0,0
flow_00.48,51.0,4.0,0
flow_20.18,41.5,4.5,0
flow_30.33,29.5,4.0,0
flow_10.18,35.0,4.5,0
flow_10.19,34.0,3.5,0
flow_10.20,30.0,4.0,0
flow_00.49,68.0,4.5,0
flow_20.19,57.5,4.5,0
flow_00.50,67.5,4.0,0
flow_20.20,56.5,4.0,0
flow_00.51,62.0,4.0,0
flow_20.21,55.5,4.0,0
flow_30.34,42.0,4.0,0
flow_10.21,33.0,4.0,0
flow_20.22,70.0,4.0,0
flow_00.52,79.5,4.5,0
flow_00.53,73.5,3.5,0
flow_20.23,62.5,4.0,0
flow_20.24,62.0,4.0,0
flow_10.22,41.5,4.5,0
flow_30.35,34.0,4.5,0
flow_00.54,34.5,4.5,0
flow_20.25,80.0,4.5,0
flow_00.55,33.5,3.5,0
flow_20.26,73.0,4.5,0
flow_20.27,25.0,3.5,0
flow_30.36,44.0,4.5,0
flow_10.23,23.5,3.0,0
flow_20.28,40.5,4.0,0
flow_00.56,31.5,4.5,0
flow_20.29,37.0,4.0,0
flow_00.57,28.0,4.0,0
flow_20.30,31.5,3.5,0
flow_00.58,27.0,4.0,0
flow_20.31,24.5,3.0,0
flow_00.59,41.5,4.5,0
flow_00.60,32.5,4.0,0
flow_00.61,27.5,3.5,0
flow_20.32,24.5,3.0,0
flow_30.37,34.5,4.0,0
flow_10.24,31.5,4.5,0
flow_30.38,33.5,3.5,0
flow_30.39,32.5,4.0,0
flow_20.33,33.0,4.0,0
flow_00.62,24.5,3.0,0
flow_20.34,23.5,2.5,0
flow_30.40,44.5,4.5,0
flow_10.25,41.5,4.5,0
flow_10.26,41.0,4.0,0
flow_30.41,34.5,4.0,0
flow_30.42,33.5,4.5,0
flow_20.35,43.5,4.5,0
flow_00.63,43.5,4.5,0
flow_00.64,31.5,4.0,0
flow_00.65,24.5,3.0,0
flow_30.43,49.0,4.0,0
flow_30.44,49.5,4.0,0
flow_30.45,48.5,4.0,0
flow_20.36,26.5,3.5,0
flow_00.66,29.5,4.5,0
flow_00.67,27.0,4.0,0
flow_10.27,35.0,4.0,0
flow_30.46,50.0,4.5,0
flow_30.47,31.0,4.0,0
flow_30.48,24.0,3.0,0
flow_00.68,28.0,4.0,0
flow_00.69,27.5,4.0,0
flow_00.70,26.5,4.0,0
flow_10.28,24.5,3.0,0
flow_30.49,41.5,4.5,0
flow_30.50,23.5,3.0,0
flow_10.29,26.5,3.5,0
flow_00.71,32.0,4.0,0
flow_20.37,44.0,4.5,0
flow_00.72,31.0,4.0,0
flow_00.73,29.5,4.0,0
flow_10.30,31.0,4.0,0
flow_30.51,41.5,4.5,0
flow_30.52,37.5,4.0,0
flow_30.53,30.0,4.0,0
flow_20.38,24.5,3.0,0
flow_00.74,43.5,4.5,0
flow_00.75,42.5,4.0,0
flow_00.76,31.5,4.0,0
flow_00.77,27.5,4.0,0
flow_10.31,33.0,4.0,0
flow_30.54,24.0,3.0,0
flow_10.32,25.5,3.5,0
flow_00.78,28.0,4.0,0
flow_20.39,35.0,4.5,0
flow_20.40,34.0,4.0,0
flow_20.41,33.0,4.0,0
flow_30.55,29.0,4.0,0
flow_10.33,24.0,3.0,0
flow_00.79,44.5,4.5,0
flow_20.42,44.0,4.5,0
flow_00.80,43.5,4.0,0
flow_00.81,43.0,4.0,0
flow_30.56,25.0,3.0,0
flow_10.34,35.0,4.5,0
flow_30.57,24.0,3.0,0
flow_30.58,27.5,3.5,0
flow_00.82,59.0,4.0,0
flow_00.83,52.5,4.0,0
flow_00.84,51.5,4.0,0
flow_30.59,42.5,4.5,0
flow_10.35,24.5,3.0,0
flow_30.60,42.5,4.0,0
flow_00.85,53.0,4.0,0
flow_00.86,40.5,3.5,0
flow_00.87,28.5,3.5,0
flow_30.61,43.0,4.0,0
flow_10.36,25.5,3.5,0
flow_30.62,37.0,4.0,0
flow_30.63,29.0,3.5,0
flow_20.43,43.0,4.5,0
flow_00.88,47.0,4.5,0
flow_00.89,47.0,4.0,0
flow_00.90,45.0,4.0,0
flow_10.37,25.5,3.0,0
flow_30.64,43.0,4.0,0
flow_30.65,42.5,4.0,0
flow_30.66,41.5,4.0,0
flow_00.91,48.5,4.5,0
flow_00.92,41.5,4.0,0
flow_00.93,38.0,4.5,0
flow_10.38,40.0,4.0,0
flow_30.67,34.5,4.0,0
flow_10.39,27.5,3.5,0
flow_30.68,34.0,3.5,0
flow_30.69,33.5,3.5,0
flow_00.94,52.5,4.0,0
flow_20.44,26.0,3.5,0
flow_30.70,32.5,4.0,0
flow_30.71,24.0,3.0,0
flow_00.95,32.0,4.0,0
flow_20.45,42.5,4.5,0
flow_20.46,42.5,4.0,0
flow_00.96,25.0,3.5,0
flow_30.72,42.0,4.5,0
flow_00.97,41.0,4.5,0
flow_00.98,38.5,4.0,0
flow_00.99,38.0,4.0,0
flow_30.73,38.0,4.5,0
flow_30.74,38.5,4.0,0
flow_30.75,37.5,4.0,0
flow_00.100,50.0,4.5,0
flow_00.101,39.0,4.0,0
flow_00.102,31.0,3.5,0
flow_10.40,42.0,4.0,0
flow_30.76,54.0,4.5,0
flow_30.77,54.0,4.0,0
flow_10.41,35.0,4.5,0
flow_30.78,38.0,4.0,0
flow_10.42,33.0,4.0,0
flow_00.103,48.0,4.5,0
flow_20.47,24.0,3.0,0
flow_00.104,42.0,4.0,0
flow_00.105,32.5,4.0,0
flow_30.79,51.0,4.0,0
flow_30.80,38.5,3.5,0
flow_30.81,24.5,3.0,0
flow_10.43,27.0,4.0,0
flow_00.106,48.5,4.5,0
flow_00.107,48.0,4.0,0
flow_00.108,41.5,4.0,0
flow_10.44,31.0,4.0,0
flow_30.82,24.0,3.0,0
flow_20.48,34.5,4.0,0
flow_00.109,55.0,4.5,0
flow_00.110,35.5,4.0,0
flow_00.111,34.0,3.5,0
flow_10.0,23.0,2.5,0
flow_20.0,25.0,3.0,0
flow_00.0,23.5,3.0,0
flow_20.1,25.5,3.5,0
flow_30.0,26.5,3.5,0
flow_10.1,25.0,3.5,0
flow_20.2,40.5,4.5,0
flow_00.1,31.5,4.5,0
flow_20.3,40.0,4.0,0
flow_00.2,30.0,4.0,0
flow_00.3,28.5,4.0,0
flow_30.1,33.0,4.0,0
flow_10.2,39.0,4.5,0
flow_10.3,38.0,4.0,0
flow_10.4,37.0,3.5,0
flow_00.4,43.0,4.5,0
flow_20.4,38.5,4.5,0
flow_20.5,38.0,4.0,0
flow_00.5,41.5,4.0,0
flow_00.6,34.0,4.0,0
flow_30.2,41.5,4.5,0
flow_10.5,55.5,4.5,0
flow_10.6,53.0,4.0,0
flow_10.7,50.5,4.0,0
flow_20.6,25.5,3.5,0
flow_00.7,48.5,4.5,0
flow_00.8,48.0,4.0,0
flow_20.7,24.5,3.0,0
flow_00.9,45.5,4.5,0
flow_10.8,50.5,4.5,0
flow_30.3,31.5,4.5,0
flow_10.9,35.0,4.0,0
flow_10.10,26.5,3.5,0
flow_00.10,53.0,4.0,0
flow_20.8,27.5,4.0,0
flow_00.11,34.0,4.0,0
flow_00.12,33.0,4.5,0
flow_10.11,44.5,4.5,0
flow_10.12,35.0,4.0,0
flow_10.13,33.0,3.5,0
flow_00.13,44.5,4.5,0
flow_00.14,43.5,4.0,0
flow_00.15,39.0,4.0,0
flow_20.9,26.0,4.0,0
flow_10.14,48.5,4.5,0
flow_30.4,44.0,4.5,0
flow_10.15,45.5,4.0,0
flow_10.16,46.0,4.5,0
flow_00.16,53.0,4.0,0
flow_00.17,52.5,3.5,0
flow_00.18,52.5,4.0,0
flow_10.17,61.0,4.0,0
flow_30.5,25.5,3.5,0
flow_10.18,60.0,4.0,0
flow_10.19,36.0,4.0,0
flow_00.19,69.0,4.0,0
flow_00.20,67.5,4.0,0
flow_00.21,61.0,4.0,0
flow_10.20,52.0,4.0,0
flow_10.21,48.0,4.0,0
flow_10.22,42.5,4.0,0
flow_00.22,78.5,4.5,0
flow_00.23,76.5,4.0,0
flow_00.24,76.5,4.0,0
flow_10.23,53.0,4.0,0
flow_10.24,54.0,4.0,0
flow_10.25,36.5,4.0,0
flow_00.25,56.5,4.0,0
flow_00.26,43.5,4.0,0
flow_00.27,42.5,4.0,0
flow_10.26,47.5,4.0,0
flow_10.27,41.0,4.0,0
flow_10.28,30.0,3.5,0
flow_20.10,25.5,3.0,0
flow_00.28,60.0,4.5,0
flow_00.29,59.0,4.0,0
flow_20.11,27.0,4.0,0
flow_00.30,57.0,4.0,0
flow_10.29,43.5,4.5,0
flow_30.6,35.0,4.5,0
flow_10.30,24.0,2.5,0
flow_20.12,31.0,4.0,0
flow_00.31,68.5,4.5,0
flow_20.13,30.5,4.0,0
flow_00.32,59.0,4.0,0
flow_00.33,52.5,4.0,0
flow_20.14,30.0,4.0,0
flow_10.31,34.0,4.5,0
flow_30.7,33.0,4.0,0
flow_10.32,31.0,4.0,0
flow_00.34,51.5,4.5,0
flow_20.15,46.0,4.5,0
flow_00.35,51.0,4.0,0
flow_00.36,47.5,4.0,0
flow_30.8,43.5,4.5,0
flow_30.9,43.0,4.0,0
flow_30.10,31.0,3.5,0
flow_00.37,63.0,4.5,0
flow_20.16,40.0,4.5,0
flow_00.38,46.0,4.0,0
flow_20.17,26.0,3.5,0
flow_00.39,45.5,4.0,0
flow_30.11,48.5,4.5,0
flow_00.40,62.5,4.5,0
flow_00.41,57.0,4.0,0
flow_00.42,53.5,4.0,0
flow_30.12,40.5,4.0,0
flow_10.33,42.5,4.5,0
flow_10.34,32.5,4.0,0
flow_00.43,55.5,4.5,0
flow_00.44,42.0,4.0,0
flow_10.35,40.5,4.0,0
flow_30.13,37.5,4.5,0
flow_30.14,30.0,3.5,0
flow_10.36,34.5,3.5,0
flow_10.37,34.0,3.5,0
flow_20.18,36.5,4.5,0
flow_00.45,33.5,4.5,0
flow_20.19,26.0,3.5,0
flow_30.15,25.5,3.0,0
flow_00.46,36.5,4.5,0
flow_00.47,26.0,3.5,0
flow_10.38,41.0,4.5,0
flow_10.39,41.0,4.0,0
flow_10.40,29.0,3.5,0
flow_00.48,42.5,4.5,0
flow_20.20,33.0,4.0,0
flow_00.49,42.0,4.0,0
flow_20.21,31.0,4.0,0
flow_00.50,40.5,4.0,0
flow_30.16,27.5,4.0,0
flow_10.41,44.5,5.0,0
flow_10.42,31.0,4.0,0
flow_10.43,29.5,4.5,0
flow_00.51,58.0,4.5,0
flow_00.52,58.0,4.0,0
flow_00.53,48.5,4.0,0
flow_30.17,41.0,4.5,0
flow_10.44,32.0,4.5,0
flow_00.54,53.0,4.5,0
flow_00.55,52.0,4.0,0
flow_00.56,50.5,4.0,0
flow_30.18,41.5,4.0,0
flow_10.45,43.0,4.5,0
flow_10.46,30.5,4.0,0
flow_30.19,39.5,4.0,0
flow_30.20,34.0,3.5,0
flow_00.57,69.0,4.5,0
flow_20.22,39.5,4.5,0
flow_00.58,50.0,4.0,0
flow_00.59,39.0,4.0,0
flow_10.47,34.5,4.0,0
flow_30.21,25.0,3.0,0
flow_10.48,33.0,4.0,0
flow_10.49,32.5,4.0,0
flow_10.50,31.0,4.0,0
flow_00.60,38.5,4.5,0
flow_00.61,35.5,3.5,0
flow_00.62,34.0,3.5,0
flow_10.51,31.5,4.0,0
flow_30.22,44.0,4.5,0
flow_30.23,26.0,3.5,0
flow_00.63,52.0,4.5,0
flow_20.23,25.0,3.5,0
flow_00.64,51.0,4.0,0
flow_00.65,45.5,4.0,0
flow_10.52,37.0,4.5,0
flow_30.24,25.0,3.0,0
flow_10.53,25.5,3.5,0
flow_00.66,61.0,4.0,0
flow_20.24,42.0,5.0,0
flow_00.67,55.0,3.5,0
flow_00.68,48.0,4.0,0
flow_10.54,42.0,4.5,0
flow_10.55,24.5,3.0,0
flow_00.69,53.5,4.0,0
flow_20.25,43.0,4.5,0
flow_20.26,40.0,3.5,0
flow_00.70,53.5,4.0,0
flow_00.71,53.0,4.0,0
flow_10.56,25.5,3.5,0
flow_20.27,38.5,4.5,0
flow_00.72,70.0,4.5,0
flow_00.73,63.0,4.0,0
flow_20.28,39.0,4.0,0
flow_00.74,62.5,4.0,0
flow_20.29,37.5,4.0,0
flow_10.57,44.0,4.5,0
flow_30.25,40.5,4.5,0
flow_30.26,31.5,4.0,0
flow_10.58,33.0,4.5,0
flow_10.59,27.0,4.0,0
flow_00.75,80.0,4.5,0
flow_00.76,79.0,3.5,0
flow_00.77,79.0,4.0,0
flow_10.60,24.5,3.0,0
flow_00.78,96.0,4.5,0
flow_00.79,95.5,4.0,0
flow_20.30,23.5,3.0,0
flow_00.80,94.0,4.0,0
flow_10.61,44.0,4.5,0
flow_10.62,38.0,4.0,0
flow_10.63,37.5,4.0,0
flow_00.81,109.5,4.5,0
flow_00.82,107.5,4.0,0
flow_00.83,104.0,4.0,0
flow_10.64,34.5,4.5,0
flow_10.65,27.0,3.5,0
flow_30.27,24.5,3.0,0
flow_00.84,109.0,4.5,0
flow_20.31,37.0,4.5,0
flow_20.32,28.5,3.5,0
flow_00.85,108.0,4.0,0
flow_00.86,101.0,4.0,0
flow_10.66,41.5,4.5,0
flow_30.28,24.0,3.0,0
flow_10.67,33.5,3.5,0
flow_10.68,30.0,4.0,0
flow_30.29,26.0,3.5,0
flow_20.33,37.0,4.5,0
flow_00.87,109.5,4.5,0
flow_00.88,88.0,4.0,0
flow_20.34,32.5,4.0,0
flow_00.89,87.0,4.0,0
flow_10.69,32.0,4.0,0
flow_30.30,42.5,4.5,0
flow_30.31,36.0,4.5,0
flow_00.90,104.5,4.5,0
flow_20.35,31.0,4.0,0
flow_00.91,102.0,4.0,0
flow_00.92,90.5,4.5,0
flow_10.70,24.5,3.0,0
flow_00.93,106.0,4.5,0
flow_20.36,33.0,4.5,0
flow_00.94,105.5,4.0,0
flow_00.95,104.0,4.0,0
flow_10.71,42.0,4.5,0
flow_30.32,32.0,4.0,0
flow_10.72,37.5,4.0,0
flow_10.73,27.5,4.0,0
flow_00.96,26.5,3.5,0
flow_10.74,37.5,4.5,0
flow_10.75,32.5,4.5,0
flow_10.76,28.0,4.0,0
flow_20.37,41.5,4.5,0
flow_00.97,43.0,4.5,0
flow_00.98,43.0,4.0,0
flow_00.99,42.5,4.5,0
flow_10.77,42.5,4.5,0
flow_30.33,23.5,3.0,0
flow_10.78,39.5,4.0,0
flow_10.79,31.0,4.0,0
flow_00.100,35.0,4.5,0
flow_20.38,26.0,4.0,0
flow_10.80,38.5,4.5,0
flow_10.81,37.5,4.0,0
flow_10.82,36.5,4.0,0
flow_20.39,26.0,3.0,0
flow_00.101,41.5,4.5,0
flow_20.40,25.0,3.5,0
flow_00.102,39.0,4.0,0
flow_00.103,34.0,4.0,0
flow_30.34,41.0,4.5,0
flow_10.83,56.0,5.0,0
flow_30.35,33.0,3.5,0
flow_10.84,50.5,4.0,0
flow_10.85,44.5,4.0,0
flow_00.104,45.5,4.5,0
flow_00.105,42.0,4.0,0
flow_00.106,41.5,4.0,0
flow_10.86,59.5,4.0,0
flow_30.36,44.0,4.5,0
flow_30.37,25.5,3.5,0
flow_10.87,44.5,4.0,0
flow_10.88,43.5,4.0,0
flow_00.107,54.5,4.0,0
flow_00.108,51.0,4.0,0
flow_00.109,49.5,4.5,0
flow_10.89,54.0,4.5,0
flow_30.38,41.0,4.5,0
flow_10.90,48.5,4.0,0
flow_10.91,30.0,4.0,0
flow_20.41,26.5,3.5,0
flow_00.110,64.5,4.0,0
flow_00.111,64.0,4.0,0
flow_00.112,62.0,4.0,0
flow_10.92,47.0,4.5,0
flow_10.93,40.5,4.5,0
flow_20.42,29.0,4.0,0
flow_00.113,72.5,4.5,0
flow_00.114,66.0,4.0,0
flow_00.115,61.0,4.5,0
flow_20.0,39.0,4.0,0
flow_00.0,32.5,4.5,0
flow_20.1,39.0,4.0,0
flow_00.1,26.5,4.0,0
flow_00.2,25.5,3.5,0
flow_30.0,39.5,4.5,0
flow_30.1,36.5,4.0,0
flow_30.2,35.0,4.0,0
flow_20.2,38.0,4.5,0
flow_00.3,26.0,3.5,0
flow_20.3,27.5,4.0,0
flow_30.3,45.5,4.5,0
flow_10.0,33.0,4.5,0
flow_30.4,44.5,3.5,0
flow_10.1,25.5,3.0,0
flow_30.5,44.5,4.0,0
flow_20.4,37.0,4.5,0
flow_00.4,31.0,4.5,0
flow_20.5,36.5,4.0,0
flow_20.6,36.0,4.0,0
flow_00.5,26.5,3.5,0
flow_30.6,60.5,4.0,0
flow_10.2,25.0,3.5,0
flow_30.7,61.0,4.0,0
flow_30.8,60.0,4.0,0
flow_20.7,33.5,4.0,0
flow_00.6,41.5,4.5,0
flow_20.8,33.5,4.0,0
flow_00.7,32.0,4.0,0
flow_30.9,64.5,4.0,0
flow_30.10,64.5,4.0,0
flow_10.3,26.0,3.5,0
flow_30.11,60.5,4.0,0
flow_20.9,34.0,4.0,0
flow_00.8,26.0,3.5,0
flow_00.9,24.5,3.0,0
flow_30.12,69.5,4.5,0
flow_10.4,37.0,4.5,0
flow_10.5,28.5,3.5,0
flow_30.13,67.0,4.5,0
flow_10.6,27.0,4.0,0
flow_30.14,52.0,4.5,0
flow_10.7,26.0,3.5,0
flow_20.10,39.0,4.0,0
flow_00.10,34.5,4.5,0
flow_20.11,34.0,4.0,0
flow_10.8,37.0,4.5,0
flow_30.15,67.5,4.5,0
flow_10.9,34.0,3.5,0
flow_30.16,53.0,4.5,0
flow_10.10,32.0,4.0,0
flow_30.17,51.0,4.0,0
flow_20.12,37.5,4.5,0
flow_10.11,33.0,4.0,0
flow_30.18,53.5,4.5,0
flow_30.19,53.5,4.0,0
flow_10.12,31.5,4.0,0
flow_30.20,44.0,4.0,0
flow_30.21,60.5,4.5,0
flow_10.13,28.0,4.0,0
flow_30.22,35.5,4.0,0
flow_30.23,34.0,4.0,0
flow_20.13,36.0,4.0,0
flow_30.24,46.5,4.5,0
flow_30.25,41.5,4.0,0
flow_30.26,41.0,4.0,0
flow_00.11,43.0,4.5,0
flow_20.14,42.5,4.5,0
flow_00.12,39.5,4.0,0
flow_20.15,42.0,4.0,0
flow_20.16,39.0,4.0,0
flow_10.14,41.0,4.5,0
flow_30.27,58.5,4.5,0
flow_30.28,44.5,4.0,0
flow_10.15,38.5,4.0,0
flow_30.29,44.0,4.0,0
flow_00.13,29.5,4.0,0
flow_20.17,55.5,4.5,0
flow_20.18,55.0,4.0,0
flow_20.19,51.5,4.0,0
flow_00.14,25.5,3.5,0
flow_30.30,50.5,4.0,0
flow_10.16,44.5,5.0,0
flow_30.31,48.0,4.0,0
flow_10.17,41.0,4.5,0
flow_20.20,69.5,4.5,0
flow_00.15,42.0,4.5,0
flow_20.21,68.5,4.0,0
flow_20.22,68.0,4.0,0
flow_10.18,40.0,4.0,0
flow_30.32,44.5,4.5,0
flow_30.33,29.0,4.0,0
flow_10.19,25.5,3.5,0
flow_20.23,84.5,4.0,0
flow_00.16,33.5,4.5,0
flow_20.24,68.0,4.0,0
flow_00.17,26.5,4.0,0
flow_20.25,65.0,4.0,0
flow_30.34,35.5,4.5,0
flow_30.35,25.0,3.0,0
flow_00.18,37.5,4.5,0
flow_20.26,79.5,4.5,0
flow_20.27,65.5,4.0,0
flow_30.36,33.0,4.0,0
flow_10.20,46.0,5.0,0
flow_10.21,36.5,4.5,0
flow_10.22,30.5,4.0,0
flow_20.28,36.5,4.5,0
flow_00.19,44.0,4.5,0
flow_20.29,35.5,3.5,0
flow_00.20,31.5,4.0,0
flow_20.30,35.0,3.5,0
flow_10.23,47.5,4.5,0
flow_30.37,33.5,4.5,0
flow_10.24,45.5,4.0,0
flow_30.38,24.5,3.0,0
flow_20.31,52.5,4.5,0
flow_00.21,38.0,4.5,0
flow_20.32,53.0,4.0,0
flow_20.33,51.0,4.0,0
flow_30.39,39.5,4.5,0
flow_10.25,42.0,4.5,0
flow_10.26,30.0,3.5,0
flow_30.40,39.5,4.0,0
flow_30.41,35.5,3.5,0
flow_00.22,35.0,4.5,0
flow_20.34,69.5,4.5,0
flow_20.35,68.5,4.0,0
flow_00.23,25.0,3.5,0
flow_20.36,59.5,4.5,0
flow_30.42,42.5,4.5,0
flow_20.37,54.5,4.5,0
flow_00.24,32.5,4.5,0
flow_00.25,29.5,4.0,0
flow_20.38,43.0,4.5,0
flow_20.39,42.0,4.5,0
flow_00.26,29.5,4.5,0
flow_10.27,36.0,4.5,0
flow_30.43,26.0,3.5,0
flow_10.28,35.0,3.5,0
flow_10.29,34.0,3.5,0
flow_30.44,26.5,3.5,0
flow_20.40,36.5,4.5,0
flow_00.27,27.5,4.0,0
flow_30.45,34.0,4.5,0
flow_30.46,27.0,4.0,0
flow_20.41,28.5,4.0,0
flow_30.47,44.0,4.5,0
flow_30.48,43.0,4.0,0
flow_30.49,36.0,4.0,0
flow_00.28,35.5,4.5,0
flow_20.42,36.5,4.5,0
flow_20.43,32.5,4.0,0
flow_20.44,29.5,3.5,0
flow_20.45,29.0,4.0,0
flow_30.50,51.5,4.0,0
flow_10.30,24.0,3.0,0
flow_30.51,51.5,3.5,0
flow_30.52,51.5,4.0,0
flow_30.53,67.5,4.0,0
flow_10.31,23.5,3.0,0
flow_30.54,46.5,3.5,0
flow_30.55,46.5,4.0,0
flow_00.29,38.0,4.5,0
flow_00.30,26.5,3.5,0
flow_20.46,25.5,3.5,0
flow_00.31,26.0,3.5,0
flow_10.32,24.5,3.0,0
flow_30.56,64.5,4.5,0
flow_30.57,63.5,4.0,0
flow_10.33,24.5,3.0,0
flow_30.58,33.0,4.0,0
flow_20.47,38.0,4.0,0
flow_00.32,33.0,4.0,0
flow_00.33,32.5,4.0,0
flow_30.59,48.5,4.0,0
flow_10.34,36.0,4.5,0
flow_30.60,49.0,4.0,0
flow_10.35,27.0,4.0,0
flow_30.61,45.0,4.0,0
flow_20.48,31.0,4.5,0
flow_20.49,29.5,4.0,0
flow_20.50,26.5,4.0,0
flow_10.36,27.0,4.0,0
flow_30.62,62.5,4.5,0
flow_30.63,48.0,3.5,0
flow_10.37,27.0,3.5,0
flow_30.64,28.5,3.5,0
flow_20.51,39.5,4.5,0
flow_20.52,39.5,4.0,0
flow_20.53,36.5,4.0,0
flow_30.65,46.5,4.5,0
flow_30.66,46.0,4.5,0
flow_30.67,35.0,4.0,0
flow_00.34,39.5,4.5,0
flow_20.54,51.5,4.5,0
flow_00.35,31.5,4.0,0
flow_20.55,52.0,4.5,0
flow_20.56,46.5,4.5,0
flow_30.68,50.5,5.0,0
flow_30.69,40.5,4.0,0
flow_30.70,30.0,4.0,0
flow_00.36,38.0,4.5,0
flow_20.57,62.0,4.5,0
flow_20.58,55.5,4.0,0
flow_20.59,55.0,4.0,0
flow_10.38,40.5,4.0,0
flow_30.71,47.0,4.5,0
flow_10.39,39.5,3.5,0
flow_30.72,42.0,4.0,0
flow_30.73,40.5,4.0,0
flow_00.37,39.0,4.0,0
flow_20.60,72.5,4.5,0
flow_00.38,36.5,3.5,0
flow_20.61,71.5,4.0,0
flow_00.39,26.5,3.5,0
flow_20.62,24.0,3.0,0
flow_30.74,58.0,4.5,0
flow_30.75,57.5,4.0,0
flow_30.76,56.0,4.0,0
flow_00.40,34.0,4.5,0
flow_20.63,42.5,5.0,0
flow_00.41,33.5,4.0,0
flow_20.64,36.5,4.0,0
flow_00.42,28.5,3.5,0
flow_20.65,35.0,4.0,0
flow_30.77,70.5,4.0,0
flow_10.40,45.0,4.5,0
flow_30.78,53.0,4.0,0
flow_10.41,32.5,4.5,0
flow_10.42,29.0,4.0,0
flow_30.79,38.5,4.0,0
flow_00.43,44.5,4.5,0
flow_20.66,52.5,4.5,0
flow_00.44,30.5,4.0,0
flow_20.67,39.5,4.0,0
flow_20.68,32.0,4.0,0
flow_30.80,52.0,4.0,0
flow_10.43,23.5,3.0,0
flow_20.69,31.5,4.0,0
flow_00.45,25.5,3.5,0
flow_20.70,31.0,3.5,0
flow_20.71,30.0,4.0,0
flow_30.81,40.5,4.5,0
flow_30.82,28.0,4.0,0
flow_20.72,40.0,4.5,0
flow_00.46,37.0,4.5,0
flow_20.73,39.5,4.0,0
flow_10.44,32.0,4.5,0
flow_10.45,31.0,4.0,0
flow_20.74,31.0,4.0,0
flow_00.47,34.5,4.5,0
flow_20.75,24.5,3.0,0
flow_10.46,24.5,3.0,0
flow_30.83,27.0,4.0,0
flow_20.76,28.5,4.0,0
flow_20.77,23.5,3.0,0
flow_10.47,25.5,3.0,0
flow_30.84,45.5,4.5,0
flow_10.48,24.5,3.0,0
flow_30.85,29.0,4.0,0
flow_10.49,26.0,3.5,0
flow_00.48,37.5,4.0,0
flow_20.78,33.0,4.0,0
flow_20.79,29.5,4.0,0
flow_00.49,34.5,4.0,0
flow_20.80,24.5,3.0,0
flow_30.86,28.5,4.0,0
flow_10.50,29.5,4.0,0
flow_30.87,28.0,4.0,0
flow_10.51,25.5,3.0,0
flow_20.81,42.5,4.5,0
flow_00.50,24.5,3.0,0
flow_20.82,42.0,4.0,0
flow_20.83,37.5,4.0,0
flow_30.88,34.0,4.5,0
flow_10.52,33.0,4.5,0
flow_10.53,24.5,3.0,0
flow_00.51,40.5,4.0,0
flow_20.84,44.5,4.5,0
flow_20.85,45.0,4.0,0
flow_00.52,41.5,4.0,0
flow_20.86,34.0,4.0,0
flow_10.54,41.0,4.0,0
flow_30.89,34.5,4.5,0
flow_30.90,30.0,4.5,0
flow_10.55,28.5,3.5,0
flow_10.56,25.5,3.5,0
flow_30.91,26.0,3.5,0
flow_30.92,42.0,4.5,0
flow_30.93,41.5,4.0,0
flow_10.57,24.5,3.0,0
flow_00.53,36.5,4.5,0
flow_20.87,45.0,5.0,0
flow_00.54,32.0,4.0,0
flow_20.88,40.0,4.5,0
flow_20.89,38.5,4.0,0
flow_30.94,26.5,3.5,0
flow_20.90,25.0,3.0,0
flow_30.95,42.5,4.5,0
flow_10.58,42.5,4.5,0
flow_10.59,26.0,3.5,0
flow_30.96,25.0,3.0,0
flow_30.97,24.5,3.0,0
flow_20.91,44.0,4.5,0
flow_00.55,23.5,3.0,0
flow_20.0,26.0,3.5,0
flow_00.0,39.0,4.5,0
flow_00.1,38.0,4.0,0
flow_10.0,30.5,4.0,0
flow_30.0,36.0,4.5,0
flow_30.1,30.0,3.5,0
flow_20.1,32.5,4.5,0
flow_00.2,33.0,4.5,0
flow_00.3,31.5,4.0,0
flow_00.4,26.0,3.5,0
flow_30.2,44.0,4.5,0
flow_10.1,34.5,4.5,0
flow_30.3,38.0,4.0,0
flow_20.2,25.5,3.0,0
flow_00.5,41.5,4.5,0
flow_00.6,26.0,3.5,0
flow_00.7,25.0,3.5,0
flow_10.2,27.0,4.0,0
flow_30.4,40.0,4.5,0
flow_30.5,34.5,3.5,0
flow_30.6,33.5,3.5,0
flow_00.8,35.5,4.0,0
flow_20.3,24.5,3.0,0
flow_00.9,31.5,4.0,0
flow_30.7,51.5,4.5,0
flow_30.8,51.5,4.0,0
flow_30.9,50.5,4.0,0
flow_20.4,27.5,4.0,0
flow_00.10,38.0,4.5,0
flow_00.11,36.5,3.5,0
flow_20.5,26.5,4.0,0
flow_00.12,35.0,3.5,0
flow_00.13,34.5,4.0,0
flow_20.6,29.5,4.5,0
flow_10.3,42.5,4.0,0
flow_30.10,67.0,4.5,0
flow_30.11,62.5,4.0,0
flow_10.4,34.0,4.0,0
flow_10.5,28.0,4.0,0
flow_00.14,44.0,4.5,0
flow_00.15,28.5,3.5,0
flow_10.6,44.5,4.5,0
flow_30.12,41.0,4.5,0
flow_10.7,42.0,4.0,0
flow_30.13,41.5,4.0,0
flow_30.14,27.5,4.0,0
flow_00.16,45.5,4.5,0
flow_00.17,29.0,4.0,0
flow_30.15,38.5,4.5,0
flow_30.16,38.5,4.0,0
flow_10.8,25.5,3.5,0
flow_30.17,29.5,3.5,0
flow_20.7,33.0,4.5,0
flow_00.18,43.0,4.5,0
flow_20.8,45.0,4.5,0
flow_00.19,35.5,4.0,0
flow_20.9,40.0,4.0,0
flow_00.20,34.5,3.5,0
flow_30.18,42.0,4.5,0
flow_30.19,37.5,4.0,0
flow_30.20,24.0,3.0,0
flow_20.10,45.0,4.5,0
flow_00.21,26.0,4.0,0
flow_10.9,34.0,4.5,0
flow_30.21,33.5,4.5,0
flow_10.10,33.0,4.0,0
flow_10.11,30.5,4.0,0
flow_30.22,24.0,2.5,0
flow_20.11,37.5,4.5,0
flow_00.22,42.0,4.5,0
flow_00.23,31.0,4.0,0
flow_20.12,25.5,3.5,0
flow_30.23,38.5,4.5,0
flow_00.24,35.0,4.5,0
flow_20.13,25.0,3.5,0
flow_30.24,32.5,4.0,0
flow_00.25,27.5,4.0,0
flow_20.14,41.0,4.5,0
flow_10.12,39.0,4.5,0
flow_30.25,35.5,4.5,0
flow_30.26,29.5,4.0,0
flow_10.13,34.0,4.0,0
flow_30.27,28.0,4.0,0
flow_30.28,27.0,3.5,0
flow_00.26,25.0,3.5,0
flow_20.15,30.5,4.5,0
flow_20.16,28.0,4.5,0
flow_20.17,27.0,4.0,0
flow_10.14,42.5,4.5,0
flow_30.29,41.0,4.5,0
flow_10.15,33.5,4.0,0
flow_30.30,42.5,4.5,0
flow_30.31,36.5,4.5,0
flow_00.27,26.0,3.5,0
flow_20.18,43.5,4.0,0
flow_20.19,44.5,4.0,0
flow_00.28,25.5,3.5,0
flow_20.20,39.0,4.0,0
flow_10.16,29.0,4.0,0
flow_30.32,53.0,4.5,0
flow_30.33,51.5,4.0,0
flow_00.29,44.5,4.5,0
flow_20.21,39.5,4.5,0
flow_20.22,38.5,4.0,0
flow_00.30,44.0,4.0,0
flow_20.23,25.0,3.5,0
flow_00.31,25.5,3.5,0
flow_10.17,40.5,4.0,0
flow_30.34,40.5,4.0,0
flow_10.18,40.0,3.5,0
flow_30.35,39.5,4.0,0
flow_30.36,35.0,4.0,0
flow_00.32,40.0,4.5,0
flow_20.24,32.0,4.5,0
flow_00.33,27.5,4.0,0
flow_20.25,25.0,3.5,0
flow_30.37,52.5,4.5,0
flow_10.19,31.5,4.0,0
flow_30.38,41.5,4.0,0
flow_10.20,31.0,4.0,0
flow_10.21,30.0,4.0,0
flow_30.39,41.0,4.0,0
flow_10.22,28.5,4.0,0
flow_00.34,40.5,4.5,0
flow_00.35,29.5,4.0,0
flow_00.36,28.0,4.0,0
flow_30.40,38.0,4.5,0
flow_30.41,37.5,4.0,0
flow_30.42,36.5,4.0,0
flow_00.37,26.0,3.5,0
flow_00.38,27.5,4.0,0
flow_10.23,44.0,4.5,0
flow_30.43,55.0,4.5,0
flow_30.44,54.5,4.0,0
flow_30.45,44.5,4.0,0
flow_00.39,34.0,4.5,0
flow_20.26,25.5,3.5,0
flow_10.24,30.0,4.0,0
flow_30.46,59.0,4.5,0
flow_30.47,52.5,4.0,0
flow_30.48,51.0,4.0,0
flow_00.40,41.0,4.0,0
flow_20.27,41.0,5.0,0
flow_00.41,42.0,4.5,0
flow_20.28,35.0,4.0,0
flow_20.29,33.5,4.0,0
flow_00.42,41.5,4.0,0
flow_10.25,37.0,4.0,0
flow_30.49,59.5,4.5,0
flow_30.50,58.0,4.0,0
flow_30.51,57.0,4.0,0
flow_20.30,41.0,4.5,0
flow_00.43,58.0,4.5,0
flow_00.44,59.0,4.5,0
flow_20.31,42.0,4.5,0
flow_00.45,57.5,4.5,0
flow_30.52,74.0,4.5,0
flow_10.26,26.5,3.5,0
flow_30.53,74.5,4.0,0
flow_30.54,63.0,4.0,0
flow_00.46,62.5,4.5,0
flow_00.47,62.0,4.0,0
flow_20.32,26.0,3.5,0
flow_00.48,61.0,4.0,0
flow_30.55,67.0,4.5,0
flow_10.27,26.5,3.5,0
flow_00.49,66.0,4.0,0
flow_00.50,50.0,4.0,0
flow_00.51,50.0,4.0,0
flow_30.56,42.0,4.0,0
flow_10.28,25.0,3.5,0
flow_30.57,24.5,3.0,0
flow_00.52,67.5,4.5,0
flow_00.53,66.0,4.0,0
flow_00.54,59.0,4.0,0
flow_10.29,28.0,4.0,0
flow_30.58,37.5,4.5,0
flow_10.30,23.5,2.5,0
flow_30.59,25.5,3.5,0
flow_00.55,64.0,4.5,0
flow_20.33,38.0,4.5,0
flow_20.34,31.0,4.0,0
flow_00.56,61.0,4.0,0
flow_00.57,60.5,4.0,0
flow_30.60,42.5,4.5,0
flow_30.61,42.0,4.0,0
flow_10.31,27.0,4.0,0
flow_30.62,40.5,4.0,0
flow_20.35,30.5,4.0,0
flow_00.58,60.0,4.5,0
flow_00.59,55.0,4.0,0
flow_00.60,51.0,4.0,0
flow_30.63,57.5,4.5,0
flow_10.32,23.5,3.0,0
flow_30.64,56.5,4.0,0
flow_30.65,38.0,4.5,0
flow_00.61,53.5,4.0,0
flow_00.62,53.5,4.0,0
flow_20.36,23.0,2.5,0
flow_00.63,49.5,4.0,0
flow_10.33,34.5,4.0,0
flow_30.66,53.5,4.5,0
flow_30.67,53.0,4.0,0
flow_10.34,35.0,4.0,0
flow_10.35,26.0,3.5,0
flow_30.68,23.5,3.0,0
flow_00.64,64.5,4.0,0
flow_20.37,35.5,4.0,0
flow_20.38,28.0,3.5,0
flow_30.69,40.5,4.5,0
flow_10.36,41.5,4.5,0
flow_10.37,36.0,4.0,0
flow_30.70,36.5,4.0,0
flow_10.38,35.0,4.0,0
flow_00.65,45.0,4.5,0
flow_00.66,31.5,4.0,0
flow_00.67,26.0,3.5,0
flow_10.39,49.0,4.5,0
flow_30.71,38.0,4.5,0
flow_30.72,37.0,4.0,0
flow_10.40,47.5,4.5,0
flow_30.73,36.5,4.0,0
flow_10.41,37.0,4.5,0
flow_00.68,41.5,4.0,0
flow_20.39,30.5,4.0,0
flow_00.69,41.5,4.0,0
flow_00.70,41.0,4.0,0
flow_30.74,54.0,4.5,0
flow_30.75,53.0,4.0,0
flow_30.76,37.5,4.0,0
flow_00.71,49.5,4.0,0
flow_20.40,39.5,4.5,0
flow_00.72,50.0,4.0,0
flow_00.73,48.5,4.0,0
flow_30.77,56.0,4.5,0
flow_30.78,51.0,4.0,0
flow_30.79,31.0,4.0,0
flow_00.74,65.5,4.0,0
flow_20.41,45.0,5.0,0
flow_00.75,53.0,4.0,0
flow_20.42,43.5,4.0,0
flow_00.76,52.0,4.0,0
flow_30.80,48.0,4.5,0
flow_10.42,38.5,4.5,0
flow_10.43,30.5,4.0,0
flow_30.81,41.0,4.0,0
flow_30.82,30.5,3.5,0
flow_00.77,67.0,4.5,0
flow_20.43,32.0,4.0,0
flow_00.78,67.0,4.0,0
flow_00.79,44.0,4.0,0
flow_30.83,49.0,4.5,0
flow_30.84,44.5,4.0,0
flow_30.85,37.5,4.0,0
flow_20.44,28.0,4.0,0
flow_00.80,58.5,4.5,0
flow_00.81,58.5,4.0,0
flow_20.45,24.5,3.0,0
flow_00.82,36.0,4.0,0
flow_10.44,27.5,3.5,0
flow_30.86,51.5,4.5,0
flow_30.87,41.5,4.0,0
flow_30.88,41.5,4.5,0
flow_00.83,53.0,4.5,0
flow_00.84,32.0,4.0,0
flow_30.89,57.5,4.5,0
flow_10.45,42.0,4.5,0
flow_30.90,57.0,4.0,0
flow_10.46,39.0,4.0,0
flow_30.91,39.0,4.0,0
flow_20.46,38.0,4.5,0
flow_00.85,23.5,3.0,0
flow_20.47,35.5,4.0,0
flow_20.48,33.5,3.5,0
flow_30.92,52.5,4.5,0
flow_10.47,24.0,3.0,0
flow_30.93,52.5,4.0,0
flow_30.94,53.0,4.5,0
flow_20.49,51.5,4.5,0
flow_20.50,48.0,4.0,0
flow_20.51,33.5,4.0,0
flow_00.86,24.5,3.0,0
flow_30.95,66.5,4.5,0
flow_10.48,38.0,4.5,0
flow_30.96,58.5,4.0,0
flow_10.49,28.0,4.0,0
flow_30.97,55.0,4.0,0
flow_10.50,26.5,3.5,0
flow_20.52,50.0,4.0,0
flow_00.87,33.5,5.0,0
flow_20.53,28.5,3.5,0
flow_20.54,27.0,3.5,0
flow_30.98,71.5,4.0,0
flow_10.51,39.5,4.0,0
flow_30.99,69.5,3.5,0
flow_10.52,28.5,3.5,0
flow_30.100,48.0,3.5,0
flow_10.53,24.5,3.0,0
flow_00.88,33.5,4.5,0
flow_20.55,37.0,4.5,0
flow_00.89,33.0,4.0,0
flow_20.56,27.0,3.5,0
flow_20.57,25.0,3.5,0
flow_30.101,62.5,4.5,0
flow_30.102,63.0,4.0,0
flow_30.103,57.5,4.0,0
flow_20.58,43.0,4.0,0
flow_00.90,31.0,4.0,0
flow_00.91,29.5,3.5,0
flow_00.92,28.5,4.0,0
flow_00.93,27.0,4.0,0
flow_30.104,63.5,4.5,0
flow_10.54,26.5,3.5,0
flow_30.105,63.0,4.0,0
flow_30.106,39.0,4.0,0
flow_20.59,32.0,4.0,0
flow_00.94,43.0,5.0,0
flow_20.60,26.5,3.5,0
flow_20.0,33.0,4.5,0
flow_00.0,30.5,4.5,0
flow_00.1,26.0,3.5,0
flow_10.0,36.0,4.5,0
flow_20.1,40.5,4.0,0
flow_00.2,41.0,4.5,0
flow_00.3,23.5,2.5,0
flow_30.0,42.5,4.5,0
flow_10.1,40.5,4.5,0
flow_00.4,35.5,4.5,0
flow_20.2,24.5,3.0,0
flow_00.5,34.5,3.5,0
flow_10.2,42.0,4.0,0
flow_30.1,42.0,4.5,0
flow_10.3,36.0,4.0,0
flow_10.4,35.5,4.0,0
flow_00.6,41.0,4.5,0
flow_00.7,42.5,4.5,0
flow_00.8,41.0,4.5,0
flow_30.2,43.0,4.5,0
flow_30.3,29.5,4.0,0
flow_20.3,39.5,4.0,0
flow_20.4,35.5,4.0,0
flow_00.9,26.0,3.5,0
flow_30.4,23.0,2.5,0
flow_20.5,30.5,4.5,0
flow_20.6,24.5,3.0,0
flow_00.10,25.0,3.5,0
flow_30.5,26.5,3.5,0
flow_10.5,34.0,4.0,0
flow_10.6,28.0,4.0,0
flow_30.6,26.0,3.5,0
flow_10.7,25.0,3.5,0
flow_20.7,42.5,4.5,0
flow_00.11,40.5,4.5,0
flow_20.8,42.0,4.0,0
flow_00.12,40.0,4.0,0
flow_20.9,41.5,4.0,0
flow_10.8,26.5,3.5,0
flow_10.9,27.0,4.0,0
flow_00.13,43.5,4.5,0
flow_20.10,57.5,4.5,0
flow_00.14,44.0,4.5,0
flow_30.7,39.0,4.5,0
flow_10.10,36.5,5.0,0
flow_10.11,34.5,4.5,0
flow_20.11,38.0,4.5,0
flow_00.15,39.5,4.5,0
flow_20.12,36.0,3.5,0
flow_00.16,34.0,4.0,0
flow_20.13,36.0,4.0,0
flow_30.8,37.0,4.5,0
flow_30.9,27.5,4.0,0
flow_20.14,40.5,4.5,0
flow_00.17,33.0,4.5,0
flow_20.15,39.0,4.0,0
flow_00.18,27.5,4.0,0
flow_00.19,25.5,3.5,0
flow_20.16,29.5,4.0,0
flow_00.20,35.0,4.0,0
flow_20.17,25.0,3.5,0
flow_00.21,26.5,4.0,0
flow_20.18,28.5,4.0,0
flow_10.12,32.0,4.0,0
flow_30.10,25.0,3.5,0
flow_30.11,24.0,3.0,0
flow_00.22,25.0,3.5,0
flow_30.12,26.0,3.5,0
flow_10.13,39.0,4.5,0
flow_20.19,43.0,4.5,0
flow_00.23,43.0,4.5,0
flow_20.20,37.0,4.0,0
flow_00.24,42.5,4.0,0
flow_20.21,33.5,3.5,0
flow_30.13,43.5,4.5,0
flow_10.14,33.0,4.5,0
flow_30.14,44.0,4.0,0
flow_00.25,34.0,4.0,0
flow_20.22,48.5,4.5,0
flow_00.26,29.0,3.5,0
flow_20.23,48.0,4.0,0
flow_00.27,27.5,3.5,0
flow_20.24,47.0,4.0,0
flow_10.15,30.0,4.5,0
flow_10.16,24.0,3.0,0
flow_00.28,38.0,4.5,0
flow_20.25,61.5,4.5,0
flow_00.29,36.0,4.0,0
flow_20.26,58.0,4.0,0
flow_20.27,47.5,4.0,0
flow_00.30,35.0,4.0,0
flow_30.15,42.5,4.5,0
flow_30.16,29.5,4.0,0
flow_30.17,26.5,3.5,0
flow_00.31,39.5,4.0,0
flow_20.28,50.0,5.0,0
flow_00.32,39.5,4.0,0
flow_20.29,45.0,4.0,0
flow_00.33,38.5,4.0,0
flow_20.30,44.0,4.0,0
flow_30.18,37.0,4.5,0
flow_10.17,32.5,4.5,0
flow_30.19,28.0,3.5,0
flow_10.18,32.0,4.0,0
flow_20.31,36.5,4.5,0
flow_00.34,57.5,5.0,0
flow_20.32,34.0,3.5,0
flow_20.33,33.0,3.5,0
flow_30.20,34.0,4.5,0
flow_20.34,51.0,4.5,0
flow_20.35,42.5,4.0,0
flow_20.36,41.0,3.5,0
flow_30.21,44.0,4.5,0
flow_20.37,59.5,4.5,0
flow_00.35,38.0,5.0,0
flow_00.36,25.5,3.5,0
flow_20.38,59.5,4.0,0
flow_20.39,58.5,4.5,0
flow_10.19,36.0,4.5,0
flow_00.37,31.5,4.0,0
flow_20.40,41.5,4.0,0
flow_00.38,32.0,4.0,0
flow_20.41,31.5,4.0,0
flow_00.39,28.0,4.0,0
flow_00.40,27.0,3.5,0
flow_30.22,25.5,3.5,0
flow_00.41,42.0,4.5,0
flow_20.42,38.5,4.5,0
flow_20.43,26.5,3.5,0
flow_00.42,41.0,4.0,0
flow_00.43,35.0,4.0,0
flow_20.44,26.5,3.5,0
flow_30.23,35.0,5.0,0
flow_30.24,24.0,2.5,0
flow_00.44,51.5,4.5,0
flow_10.20,24.5,3.0,0
flow_20.45,35.5,4.5,0
flow_30.25,36.0,4.5,0
flow_10.21,24.5,3.0,0
flow_30.26,34.5,3.5,0
flow_30.27,32.0,3.5,0
flow_10.22,24.5,3.0,0
flow_20.46,41.5,4.5,0
flow_20.47,25.5,3.0,0
flow_10.23,26.5,3.5,0
flow_30.28,51.0,4.5,0
flow_20.48,43.5,4.5,0
flow_00.45,36.0,4.5,0
flow_00.46,28.5,3.5,0
flow_20.49,43.5,4.0,0
flow_20.50,40.5,4.0,0
flow_10.24,40.0,4.0,0
flow_30.29,25.0,3.0,0
flow_10.25,26.5,4.0,0
flow_30.30,26.0,3.5,0
flow_10.26,25.5,3.5,0
flow_20.51,57.0,4.0,0
flow_20.52,57.5,4.0,0
flow_20.53,55.0,4.0,0
flow_30.31,25.5,3.5,0
flow_30.32,26.0,3.5,0
flow_20.54,70.5,4.0,0
flow_00.47,40.0,4.5,0
flow_00.48,36.0,4.0,0
flow_20.55,72.5,4.5,0
flow_20.56,70.5,4.5,0
flow_00.49,31.0,4.0,0
flow_10.27,41.5,4.0,0
flow_30.33,45.5,4.5,0
flow_10.28,30.5,3.5,0
flow_10.29,25.5,3.5,0
flow_30.34,25.5,3.5,0
flow_00.50,23.0,2.5,0
flow_20.57,88.0,4.5,0
flow_20.58,86.5,4.0,0
flow_20.59,40.5,4.0,0
flow_00.51,25.0,3.5,0
flow_30.35,41.0,4.5,0
flow_10.30,23.5,3.0,0
flow_20.60,43.0,4.0,0
flow_20.61,24.5,3.0,0
flow_10.31,38.0,4.5,0
flow_10.32,24.5,3.0,0
flow_20.62,34.5,4.5,0
flow_00.52,27.5,4.0,0
flow_30.36,38.0,4.5,0
flow_00.53,41.5,4.0,0
flow_20.63,43.0,4.5,0
flow_00.54,36.0,4.0,0
flow_30.37,28.5,4.0,0
flow_10.33,27.5,4.0,0
flow_20.64,28.0,4.0,0
flow_00.55,43.0,4.5,0
flow_20.65,27.0,4.0,0
flow_00.56,28.5,4.0,0
flow_20.66,26.0,3.5,0
flow_30.38,26.0,3.5,0
flow_10.34,27.0,3.5,0
flow_30.39,24.5,3.0,0
flow_20.67,44.0,4.5,0
flow_00.57,42.5,4.5,0
flow_00.58,42.0,4.5,0
flow_00.59,40.5,4.0,0
flow_10.35,34.0,4.5,0
flow_10.36,25.0,3.0,0
flow_20.68,43.0,4.0,0
flow_00.60,50.0,4.5,0
flow_00.61,39.5,4.0,0
flow_20.69,34.0,4.5,0
flow_00.62,29.0,3.5,0
flow_30.40,28.0,4.5,0
flow_30.41,25.5,3.5,0
flow_20.70,38.5,4.0,0
flow_00.63,43.5,4.5,0
flow_00.64,41.0,4.0,0
flow_20.71,27.5,3.5,0
flow_10.37,35.5,4.5,0
flow_30.42,40.0,4.5,0
flow_10.38,28.0,4.0,0
flow_00.65,39.5,4.0,0
flow_00.66,32.0,4.0,0
flow_00.67,24.0,3.0,0
flow_10.39,28.5,4.0,0
flow_30.43,26.0,3.5,0
flow_00.68,33.5,4.5,0
flow_00.69,32.5,4.0,0
flow_00.70,31.0,4.0,0
flow_10.40,24.5,3.0,0
flow_20.72,26.5,3.5,0
flow_00.71,24.5,3.0,0
flow_30.44,42.0,4.5,0
flow_30.45,42.0,4.0,0
flow_30.46,39.0,4.0,0
flow_00.72,33.5,4.0,0
flow_00.73,33.0,4.0,0
flow_10.41,39.5,4.0,0
flow_30.47,31.0,4.0,0
flow_30.48,30.5,3.5,0
flow_30.49,31.0,4.0,0
flow_00.74,43.5,4.5,0
flow_00.75,44.0,4.0,0
flow_20.73,24.0,3.0,0
flow_00.76,42.5,4.0,0
flow_30.50,47.5,4.5,0
flow_20.74,43.5,4.5,0
flow_00.77,40.5,4.5,0
flow_20.75,43.0,4.0,0
flow_20.76,29.5,3.5,0
flow_00.78,27.5,3.5,0
flow_10.42,33.0,4.5,0
flow_10.43,30.5,4.0,0
flow_00.79,29.5,4.0,0
flow_20.77,47.5,4.5,0
flow_00.80,25.0,3.0,0
flow_20.78,38.5,4.0,0
flow_20.79,38.0,4.0,0
flow_00.81,25.5,3.0,0
flow_20.0,36.5,4.5,0
flow_00.0,32.0,4.0,0
flow_00.1,27.5,3.5,0
flow_20.1,28.5,4.0,0
flow_20.2,24.5,3.0,0
flow_20.3,42.0,4.5,0
flow_20.4,36.5,4.0,0
flow_20.5,34.0,4.0,0
flow_10.0,37.0,4.0,0
flow_30.0,26.5,3.5,0
flow_10.1,28.5,3.5,0
flow_30.1,25.5,3.5,0
flow_00.2,31.5,4.0,0
flow_20.6,51.5,4.5,0
flow_20.7,48.0,4.0,0
flow_20.8,42.5,4.0,0
flow_30.2,43.5,4.0,0
flow_10.2,37.0,4.5,0
flow_10.3,23.5,3.0,0
flow_00.3,27.5,4.0,0
flow_20.9,61.0,4.5,0
flow_20.10,54.0,4.0,0
flow_20.11,27.0,3.5,0
flow_30.3,43.0,4.5,0
flow_00.4,41.0,4.0,0
flow_20.12,29.5,4.0,0
flow_20.13,28.5,4.0,0
flow_20.14,27.5,4.0,0
flow_00.5,27.5,4.0,0
flow_30.4,39.0,4.5,0
flow_30.5,34.5,4.0,0
flow_30.6,33.5,4.0,0
flow_00.6,42.5,4.5,0
flow_20.15,31.5,4.5,0
flow_30.7,24.0,2.5,0
flow_10.4,44.0,4.5,0
flow_10.5,41.0,4.0,0
flow_20.16,44.0,4.5,0
flow_00.7,24.5,3.0,0
flow_20.17,24.5,3.0,0
flow_10.6,43.0,4.5,0
flow_30.8,35.5,4.5,0
flow_10.7,26.0,3.5,0
flow_00.8,37.5,4.5,0
flow_20.18,37.5,4.5,0
flow_00.9,27.0,3.5,0
flow_20.19,32.5,4.5,0
flow_20.20,28.5,4.0,0
flow_30.9,31.5,4.5,0
flow_20.21,44.5,4.5,0
flow_00.10,36.0,4.5,0
flow_00.11,34.0,4.0,0
flow_20.22,45.5,4.0,0
flow_00.12,28.5,4.0,0
flow_20.23,44.5,4.0,0
flow_30.10,31.0,4.5,0
flow_30.11,27.0,4.0,0
flow_00.13,38.0,4.5,0
flow_20.24,62.0,4.5,0
flow_20.25,60.5,4.0,0
flow_00.14,37.5,4.0,0
flow_00.15,35.0,3.5,0
flow_20.26,60.0,4.0,0
flow_30.12,39.0,4.5,0
flow_30.13,34.5,3.5,0
flow_30.14,28.0,4.0,0
flow_30.15,27.5,4.0,0
flow_20.27,77.0,4.5,0
flow_20.28,60.0,3.5,0
flow_20.29,54.5,4.0,0
flow_10.8,29.0,4.0,0
flow_30.16,32.5,4.5,0
flow_10.9,29.5,4.0,0
flow_10.10,28.0,4.0,0
flow_30.17,29.0,4.5,0
flow_20.30,63.0,4.5,0
flow_00.16,36.0,4.5,0
flow_20.31,62.0,4.0,0
flow_20.32,61.5,4.0,0
flow_30.18,42.5,4.0,0
flow_10.11,42.5,4.5,0
flow_10.12,28.0,4.0,0
flow_20.33,74.0,4.5,0
flow_00.17,44.0,4.5,0
flow_00.18,28.0,3.5,0
flow_20.34,75.5,4.5,0
flow_20.35,74.0,4.5,0
flow_00.19,25.5,3.5,0
flow_30.19,26.0,3.5,0
flow_10.13,31.0,4.0,0
flow_20.36,90.0,4.5,0
flow_20.37,88.0,4.0,0
flow_20.38,86.0,4.0,0
flow_30.20,42.0,4.0,0
flow_10.14,27.0,3.5,0
flow_10.15,26.5,4.0,0
flow_30.21,24.5,3.0,0
flow_00.20,38.0,4.5,0
flow_20.39,87.0,4.5,0
flow_20.40,84.5,4.0,0
flow_00.21,37.0,4.0,0
flow_20.41,83.5,4.0,0
flow_00.22,33.5,4.0,0
flow_10.16,26.5,3.5,0
flow_30.22,43.5,4.0,0
flow_30.23,32.5,4.5,0
flow_20.42,101.5,4.5,0
flow_20.43,76.5,4.5,0
flow_20.44,70.5,4.0,0
flow_30.24,25.5,3.0,0
flow_10.17,36.0,4.0,0
flow_10.18,25.5,3.0,0
flow_20.45,69.0,4.5,0
flow_20.46,53.5,3.5,0
flow_00.23,24.5,3.0,0
flow_10.19,36.0,4.5,0
flow_30.25,24.0,3.0,0
flow_20.47,32.5,4.0,0
flow_20.48,31.5,4.0,0
flow_30.26,37.5,4.0,0
flow_10.20,31.0,4.5,0
flow_30.27,32.5,4.0,0
flow_20.49,29.5,4.0,0
flow_00.24,34.5,4.5,0
flow_20.50,28.5,3.5,0
flow_00.25,26.5,3.5,0
flow_20.51,25.5,3.0,0
flow_10.21,43.0,4.5,0
flow_10.22,29.5,4.0,0
flow_20.52,35.0,4.0,0
flow_20.53,35.5,4.0,0
flow_10.23,42.0,4.5,0
flow_10.24,25.0,3.0,0
flow_30.28,24.5,3.0,0
flow_00.26,32.0,4.0,0
flow_20.54,27.0,4.0,0
flow_10.25,38.5,4.0,0
flow_30.29,40.5,4.5,0
flow_10.26,26.5,3.5,0
flow_10.27,25.5,3.5,0
flow_20.55,42.0,4.0,0
flow_00.27,27.0,4.0,0
flow_20.56,42.5,4.0,0
flow_00.28,25.5,3.0,0
flow_20.57,36.5,4.0,0
flow_10.28,38.0,4.5,0
flow_10.29,27.5,4.0,0
flow_30.30,26.5,3.5,0
flow_00.29,39.5,4.0,0
flow_20.58,50.0,4.5,0
flow_20.59,46.0,4.0,0
flow_20.60,39.5,4.0,0
flow_30.31,26.5,3.5,0
flow_10.30,31.0,4.5,0
flow_10.31,25.5,3.5,0
flow_30.32,27.5,4.0,0
flow_30.33,25.5,3.5,0
flow_20.61,52.0,4.5,0
flow_20.62,39.0,4.0,0
flow_20.63,37.5,3.5,0
flow_30.34,41.5,4.0,0
flow_30.35,41.5,3.5,0
flow_00.30,30.0,4.0,0
flow_20.64,57.0,4.5,0
flow_20.65,52.5,4.0,0
flow_20.66,43.5,4.0,0
flow_10.32,41.0,4.5,0
flow_20.67,50.5,4.0,0
flow_20.68,43.5,3.5,0
flow_20.69,43.5,4.0,0
flow_10.33,25.5,3.5,0
flow_00.31,25.0,3.0,0
flow_20.70,60.5,4.5,0
flow_20.71,41.0,4.0,0
flow_00.32,26.5,3.5,0
flow_20.72,39.5,4.0,0
flow_30.36,43.5,4.5,0
flow_10.34,38.5,4.5,0
flow_30.37,42.0,4.0,0
flow_30.38,30.5,3.5,0
flow_00.33,31.5,4.0,0
flow_20.73,57.0,4.5,0
flow_20.74,54.0,4.0,0
flow_20.75,50.5,4.0,0
flow_00.34,24.5,3.0,0
flow_30.39,39.0,4.5,0
flow_10.35,27.5,4.0,0
flow_00.35,41.0,4.0,0
flow_20.76,68.0,4.5,0
flow_20.77,66.0,4.0,0
flow_20.78,64.5,3.5,0
flow_00.36,25.0,3.5,0
flow_30.40,39.5,4.0,0
flow_10.36,32.5,4.0,0
flow_30.41,38.0,3.5,0
flow_10.37,30.0,4.0,0
flow_10.38,28.5,4.0,0
flow_30.42,37.5,3.5,0
flow_20.79,83.0,4.5,0
flow_00.37,23.5,3.0,0
flow_20.80,81.0,4.0,0
flow_20.81,79.5,3.5,0
flow_30.43,34.0,4.5,0
flow_10.39,32.0,4.5,0
flow_00.38,31.5,4.0,0
flow_20.82,97.5,4.5,0
flow_00.39,28.5,4.0,0
flow_20.83,97.0,4.0,0
flow_00.40,27.5,3.5,0
flow_20.84,96.0,4.0,0
flow_00.41,27.0,3.5,0
flow_30.44,25.5,3.0,0
flow_00.42,27.5,4.0,0
flow_20.85,107.5,4.5,0
flow_20.86,93.0,4.0,0
flow_00.43,26.0,3.5,0
flow_20.87,75.5,4.0,0
flow_30.45,24.5,3.0,0
flow_10.40,42.5,4.5,0
flow_10.41,41.5,4.0,0
flow_20.88,89.5,4.5,0
flow_00.44,45.0,4.5,0
flow_00.45,43.5,4.0,0
flow_20.89,56.5,4.0,0
flow_20.90,55.5,4.0,0
flow_30.46,29.0,4.0,0
flow_10.42,30.5,4.5,0
flow_10.43,26.0,3.5,0
flow_20.91,60.0,4.0,0
flow_00.46,30.5,4.5,0
flow_20.92,55.5,4.0,0
flow_20.93,55.5,4.0,0
flow_10.44,46.0,5.0,0
flow_10.45,44.0,4.0,0
flow_20.94,56.5,4.0,0
flow_00.47,32.5,4.5,0
flow_20.95,41.0,4.0,0
flow_00.48,40.5,4.5,0
flow_20.96,45.0,4.5,0
flow_00.49,35.5,4.0,0
flow_20.97,44.0,4.0,0
flow_00.50,33.5,3.5,0
flow_20.98,43.0,4.0,0
flow_10.46,39.5,4.0,0
flow_00.51,45.5,4.0,0
flow_20.99,45.0,4.0,0
flow_00.52,46.5,4.0,0
flow_20.100,45.5,4.0,0
flow_20.101,41.5,4.0,0
flow_00.53,36.5,4.0,0
flow_10.47,40.0,4.5,0
flow_30.47,30.0,4.0,0
flow_10.48,35.0,4.0,0
flow_20.102,42.0,4.0,0
flow_00.54,53.5,4.5,0
flow_00.55,52.0,4.0,0
flow_00.56,36.5,4.0,0
flow_30.48,42.5,4.0,0
flow_10.49,39.0,4.5,0
flow_10.50,38.0,4.0,0
flow_10.51,34.0,4.0,0
flow_00.57,52.0,4.0,0
flow_20.103,23.5,3.0,0
flow_10.52,42.5,4.5,0
flow_30.49,40.5,4.5,0
flow_30.50,28.0,3.5,0
flow_10.53,41.5,3.5,0
flow_10.54,37.5,4.0,0
flow_20.104,36.5,4.5,0
flow_00.58,33.0,4.5,0
flow_20.105,28.5,4.0,0
flow_00.59,32.0,4.0,0
flow_00.60,27.5,4.0,0
flow_30.51,41.5,4.5,0
flow_10.55,46.0,4.5,0
flow_30.52,32.0,4.0,0
flow_10.56,25.0,3.0,0
flow_10.57,23.5,3.0,0
flow_20.106,41.5,4.0,0
flow_20.107,42.5,4.5,0
flow_00.61,24.0,3.0,0
flow_20.108,36.0,4.5,0
flow_30.53,25.0,3.0,0
flow_00.62,43.5,4.5,0
flow_00.63,36.0,4.0,0
flow_20.109,25.0,3.0,0
flow_00.64,29.0,3.5,0
flow_10.0,24.5,3.0,0
flow_20.0,34.5,4.5,0
flow_20.1,29.5,4.0,0
flow_00.0,23.5,3.0,0
flow_30.0,24.5,3.0,0
flow_30.1,25.0,3.5,0
flow_20.2,43.5,4.0,0
flow_20.3,38.0,4.0,0
flow_20.4,37.5,4.0,0
flow_30.2,35.0,4.5,0
flow_30.3,25.5,3.0,0
flow_30.4,26.0,3.5,0
flow_20.5,53.5,4.0,0
flow_00.1,44.0,4.5,0
flow_00.2,43.5,4.0,0
flow_20.6,35.0,3.5,0
flow_00.3,41.0,3.5,0
flow_20.7,32.5,4.0,0
flow_30.5,35.0,4.5,0
flow_10.1,37.5,4.5,0
flow_10.2,25.5,3.0,0
flow_00.4,45.0,4.0,0
flow_20.8,51.0,5.0,0
flow_00.5,45.0,4.0,0
flow_20.9,49.0,4.5,0
flow_00.6,41.0,4.0,0
flow_20.10,38.0,4.5,0
flow_10.3,25.0,3.5,0
flow_00.7,27.0,4.0,0
flow_20.11,50.5,4.5,0
flow_00.8,26.5,4.0,0
flow_20.12,28.0,4.0,0
flow_20.13,27.0,3.5,0
flow_30.6,35.0,4.0,0
flow_10.4,23.5,3.0,0
flow_30.7,36.5,4.0,0
flow_30.8,30.0,4.5,0
flow_00.9,40.0,4.5,0
flow_20.14,31.5,4.5,0
flow_00.10,34.0,4.5,0
flow_30.9,43.5,4.0,0
flow_10.5,42.0,4.0,0
flow_10.6,37.5,4.0,0
flow_00.11,40.0,4.0,0
flow_20.15,43.0,4.5,0
flow_20.16,42.5,4.0,0
flow_20.17,42.0,4.0,0
flow_30.10,25.5,3.5,0
flow_10.7,40.5,4.5,0
flow_10.8,25.0,3.5,0
flow_20.18,54.5,4.5,0
flow_20.19,44.0,4.0,0
flow_20.20,42.5,4.0,0
flow_10.9,44.5,4.5,0
flow_10.10,43.0,4.0,0
flow_10.11,42.0,4.0,0
flow_20.21,53.5,4.5,0
flow_20.22,52.5,4.0,0
flow_20.23,52.5,4.0,0
flow_00.12,24.5,3.0,0
flow_10.12,59.5,4.5,0
flow_10.13,58.5,4.0,0
flow_10.14,57.5,4.0,0
flow_20.24,66.0,4.5,0
flow_00.13,41.5,4.5,0
flow_20.25,65.5,4.0,0
flow_00.14,41.5,4.0,0
flow_20.26,55.5,4.0,0
flow_00.15,29.0,4.0,0
flow_10.15,75.0,4.5,0
flow_10.16,76.0,4.5,0
flow_20.27,40.5,4.0,0
flow_20.28,41.0,4.0,0
flow_20.29,39.0,4.0,0
flow_30.11,42.5,4.5,0
flow_30.12,43.0,4.5,0
flow_30.13,37.5,4.0,0
flow_20.30,52.5,4.0,0
flow_00.16,37.0,5.0,0
flow_20.31,30.5,3.5,0
flow_00.17,35.0,4.0,0
flow_20.32,30.0,3.5,0
flow_00.18,25.0,3.5,0
flow_20.33,29.0,4.0,0
flow_10.17,37.5,4.0,0
flow_10.18,33.0,3.5,0
flow_10.19,31.0,3.5,0
flow_00.19,43.0,4.5,0
flow_20.34,44.5,4.5,0
flow_20.35,44.5,4.0,0
flow_20.36,43.0,4.0,0
flow_00.20,27.0,4.0,0
flow_10.20,48.0,4.5,0
flow_10.21,29.5,3.5,0
flow_30.14,24.5,3.0,0
flow_20.37,57.0,4.5,0
flow_00.21,24.0,2.5,0
flow_20.38,51.5,4.0,0
flow_20.39,50.5,4.0,0
flow_00.22,26.5,3.5,0
flow_30.15,37.0,4.0,0
flow_10.22,36.5,4.0,0
flow_20.40,56.5,4.0,0
flow_20.41,39.0,4.0,0
flow_20.42,35.5,4.0,0
flow_20.43,25.5,3.5,0
flow_00.23,33.0,4.5,0
flow_00.24,28.5,4.0,0
flow_20.44,25.5,3.0,0
flow_20.45,25.0,3.5,0
flow_30.16,34.0,4.0,0
flow_10.23,39.0,4.5,0
flow_10.24,34.5,4.0,0
flow_20.46,42.0,4.5,0
flow_00.25,44.0,4.5,0
flow_20.47,42.0,4.0,0
flow_00.26,39.5,4.0,0
flow_20.48,40.5,4.0,0
flow_30.17,39.5,4.5,0
flow_00.27,29.5,4.0,0
flow_20.49,37.5,4.5,0
flow_00.28,27.0,4.0,0
flow_00.29,25.0,3.5,0
flow_30.18,43.0,4.0,0
flow_10.25,41.0,4.5,0
flow_30.19,43.5,4.0,0
flow_10.26,40.0,4.0,0
flow_00.30,25.5,3.5,0
flow_00.31,25.5,3.0,0
flow_30.20,31.0,4.0,0
flow_30.21,29.0,4.0,0
flow_00.32,29.5,4.0,0
flow_20.50,39.5,4.5,0
flow_20.51,30.5,4.0,0
flow_00.33,24.5,3.0,0
flow_30.22,41.0,4.5,0
flow_30.23,25.5,3.0,0
flow_20.52,35.5,4.5,0
flow_20.53,27.5,3.5,0
flow_00.34,23.5,3.0,0
flow_20.54,27.0,3.5,0
flow_30.24,33.5,4.5,0
flow_30.25,32.0,4.0,0
flow_00.35,25.0,3.0,0
flow_20.55,32.0,4.0,0
flow_20.56,32.5,4.0,0
flow_00.36,24.5,3.0,0
flow_30.26,27.5,4.0,0
flow_10.27,24.5,3.0,0
flow_20.57,43.0,4.0,0
flow_00.37,38.5,4.5,0
flow_20.58,43.0,4.0,0
flow_00.38,25.5,3.5,0
flow_20.59,38.5,4.0,0
flow_30.27,41.0,4.0,0
flow_10.28,29.5,4.0,0
flow_20.60,53.5,4.5,0
flow_20.61,46.5,4.0,0
flow_20.62,38.0,4.0,0
flow_30.28,33.5,4.0,0
flow_10.29,40.0,4.5,0
flow_20.63,46.5,4.5,0
flow_00.39,43.0,4.5,0
flow_00.40,43.0,4.0,0
flow_20.64,44.0,4.0,0
flow_00.41,28.5,3.5,0
flow_20.65,43.5,4.0,0
flow_10.30,41.5,4.0,0
flow_10.31,42.0,3.5,0
flow_30.29,25.5,3.5,0
flow_10.32,31.0,4.0,0
flow_20.66,60.0,4.5,0
flow_00.42,33.0,4.0,0
flow_00.43,32.0,4.0,0
flow_20.67,59.5,4.0,0
flow_00.44,26.0,3.5,0
flow_20.68,59.5,4.0,0
flow_30.30,30.0,4.0,0
flow_10.33,33.0,4.0,0
flow_20.69,75.5,4.5,0
flow_00.45,42.0,4.5,0
flow_20.70,75.5,4.0,0
flow_00.46,41.5,4.0,0
flow_20.71,63.5,4.0,0
flow_00.47,42.0,4.5,0
flow_30.31,36.5,4.5,0
flow_30.32,24.0,2.5,0
flow_10.34,25.5,3.5,0
flow_20.72,81.0,4.5,0
flow_00.48,47.0,4.5,0
flow_20.73,81.0,4.0,0
flow_00.49,46.5,4.0,0
flow_00.50,42.5,4.0,0
flow_20.74,59.0,4.0,0
flow_30.33,41.0,4.0,0
flow_10.35,42.5,4.5,0
flow_30.34,29.5,3.5,0
flow_10.36,41.5,3.5,0
flow_20.75,76.5,4.5,0
flow_00.51,59.5,4.5,0
flow_20.76,47.0,4.0,0
flow_00.52,51.5,4.5,0
flow_00.53,46.0,4.0,0
flow_20.77,31.0,4.0,0
flow_10.37,43.5,4.0,0
flow_30.35,45.5,4.5,0
flow_00.54,44.0,4.0,0
flow_20.78,48.0,4.5,0
flow_00.55,44.5,4.0,0
flow_20.79,42.0,4.0,0
flow_00.56,28.0,3.5,0
flow_20.80,41.0,4.0,0
flow_30.36,41.5,4.5,0
flow_10.38,27.5,4.0,0
flow_00.57,43.5,4.0,0
flow_20.81,57.0,4.5,0
flow_00.58,36.0,3.5,0
flow_20.82,49.5,4.0,0
flow_20.83,42.0,4.0,0
flow_00.59,33.5,4.0,0
flow_30.37,34.5,4.5,0
flow_30.38,31.0,4.0,0
flow_20.84,53.0,4.5,0
flow_00.60,29.5,4.0,0
flow_20.85,53.0,4.0,0
flow_20.86,51.5,4.0,0
flow_10.39,32.5,4.5,0
flow_10.40,25.5,3.5,0
flow_00.61,29.5,4.0,0
flow_20.87,70.0,4.5,0
flow_00.62,28.5,4.0,0
flow_20.88,63.0,4.0,0
flow_00.63,27.0,3.5,0
flow_20.89,61.5,4.0,0
flow_30.39,31.0,4.0,0
flow_10.41,25.5,3.5,0
flow_00.64,42.0,4.5,0
flow_20.90,80.0,5.0,0
flow_20.91,78.5,4.0,0
flow_20.92,77.0,4.0,0
flow_10.42,40.5,4.0,0
flow_30.40,35.5,4.5,0
flow_10.43,26.5,3.5,0
flow_00.65,43.0,4.5,0
flow_20.93,76.0,4.5,0
flow_20.94,68.0,4.0,0
flow_00.66,42.0,4.0,0
flow_00.67,37.5,4.0,0
flow_20.95,61.0,4.0,0
flow_30.41,40.0,4.5,0
flow_10.44,25.5,3.5,0
flow_30.42,23.0,2.5,0
flow_20.96,61.5,4.5,0
flow_00.68,36.5,5.0,0
flow_20.97,60.5,4.0,0
flow_00.69,35.0,4.5,0
flow_20.98,59.0,3.5,0
flow_00.70,34.5,4.5,0
flow_30.43,33.0,4.5,0
flow_10.45,44.0,5.0,0
flow_20.99,76.5,4.5,0
flow_00.71,42.0,4.5,0
flow_20.100,67.0,4.0,0
flow_00.72,41.5,4.0,0
flow_00.73,29.5,3.5,0
flow_10.46,31.0,4.0,0
flow_00.74,43.5,4.0,0
flow_20.101,38.5,4.5,0
flow_00.75,43.5,4.0,0
flow_20.102,33.0,4.0,0
flow_00.76,42.5,4.0,0
flow_10.47,37.5,4.0,0
flow_00.77,56.0,4.5,0
flow_20.103,25.0,3.0,0
flow_00.78,54.5,4.0,0
flow_20.104,23.5,3.0,0
flow_00.79,55.5,4.5,0
flow_10.48,24.5,3.0,0
flow_30.44,24.0,3.0,0
flow_20.105,37.5,4.0,0
flow_00.80,34.5,4.5,0
flow_20.106,32.5,4.0,0
flow_10.49,23.5,3.0,0
flow_20.107,42.5,4.0,0
flow_00.81,38.0,4.5,0
flow_20.108,35.0,4.0,0
flow_30.45,37.5,4.0,0
flow_10.50,34.0,4.5,0
flow_30.46,25.0,3.5,0
flow_00.82,36.5,4.5,0
flow_00.83,35.0,5.0,0
flow_00.84,33.5,4.5,0
flow_00.85,32.0,4.5,0
