vehicle_id,travel_time,zone_time,total_collisions_in_episode
flow_1012.0,24.5,3.0,0
flow_301.0,25.5,2.5,0
flow_0012.0,29.0,4.0,0
flow_201.0,43.5,7.0,0
flow_00.0,20.5,1.5,0
flow_201.1,43.0,3.0,0
flow_101.0,36.0,3.5,0
flow_301.1,31.5,3.5,0
flow_10.0,31.0,3.0,0
flow_301.2,26.5,3.0,0
flow_3012.0,24.0,3.0,0
flow_2012.0,60.0,4.5,0
flow_0012.1,40.5,4.5,0
flow_201.2,59.5,3.0,0
flow_001.0,39.5,3.0,0
flow_201.3,59.5,3.0,0
flow_30.0,41.0,4.0,0
flow_10.1,36.5,4.0,0
flow_3012.1,42.5,4.0,0
flow_301.3,40.5,3.0,0
flow_001.1,29.0,3.0,0
flow_201.4,75.0,3.5,0
flow_00.1,27.5,3.0,0
flow_20.0,73.5,3.0,0
flow_001.2,26.0,2.5,0
flow_20.1,72.5,3.0,0
flow_3012.2,44.0,4.0,0
flow_301.4,42.0,3.0,0
flow_101.1,23.5,2.0,0
flow_301.5,41.5,3.0,0
flow_00.2,21.0,2.0,0
flow_201.5,80.5,3.5,0
flow_201.6,80.5,3.5,0
flow_20.2,76.5,3.0,0
flow_3012.3,58.0,4.0,0
flow_1012.1,38.5,4.5,0
flow_3012.4,58.0,3.5,0
flow_301.6,58.0,3.0,0
flow_0012.2,37.5,4.5,0
flow_20.3,95.5,6.5,0
flow_0012.3,28.0,5.0,0
flow_201.7,92.5,8.0,0
flow_301.7,74.5,3.5,0
flow_1012.2,42.5,6.5,0
flow_1012.3,40.5,4.5,0
flow_30.1,76.5,4.5,0
flow_20.4,102.5,4.0,0
flow_2012.1,102.5,3.5,0
flow_0012.4,49.0,7.0,0
flow_201.8,100.5,3.0,0
flow_001.3,47.0,3.0,0
flow_3012.5,94.0,4.0,0
flow_301.8,94.0,3.0,0
flow_30.2,90.5,3.0,0
flow_001.4,64.0,3.5,0
flow_201.9,119.0,3.5,0
flow_201.10,112.5,3.0,0
flow_001.5,64.5,3.0,0
flow_2012.2,110.5,4.0,0
flow_001.6,67.0,7.0,0
flow_30.3,108.5,4.0,0
flow_3012.6,109.5,4.0,0
flow_30.4,106.5,3.0,0
flow_201.11,125.0,3.5,0
flow_001.7,80.5,3.5,0
flow_0012.5,80.5,4.0,0
flow_2012.3,115.0,4.5,0
flow_201.12,111.5,3.5,0
flow_001.8,80.5,3.5,0
flow_30.5,122.5,4.0,0
flow_30.6,110.5,3.0,0
flow_3012.7,109.5,3.5,0
flow_2012.4,126.0,4.5,0
flow_20.5,111.0,3.0,0
flow_001.9,88.5,7.5,0
flow_201.13,104.5,3.0,0
flow_001.10,89.0,3.5,0
flow_301.9,125.0,3.5,0
flow_101.2,29.0,3.0,0
flow_30.7,110.0,3.0,0
flow_30.8,104.5,3.0,0
flow_201.14,109.5,3.5,0
flow_001.11,106.0,4.0,0
flow_2012.5,109.0,4.0,0
flow_20.6,103.0,3.0,0
flow_001.12,108.5,7.0,0
flow_30.9,108.0,4.0,0
flow_1012.4,35.5,7.0,0
flow_301.10,111.5,3.0,0
flow_00.3,122.0,4.0,0
flow_201.15,110.0,3.5,0
flow_00.4,121.5,3.0,0
flow_201.16,107.5,3.0,0
flow_20.7,102.0,3.0,0
flow_00.5,114.0,3.0,0
flow_301.11,124.5,3.5,0
flow_301.12,113.5,3.5,0
flow_301.13,110.5,3.5,0
flow_201.17,109.5,3.5,0
flow_0012.6,133.5,6.5,0
flow_201.18,109.0,3.5,0
flow_001.13,130.0,3.5,0
flow_00.6,115.0,3.0,0
flow_301.14,125.0,3.5,0
flow_101.3,32.5,3.5,0
flow_3012.8,112.0,3.5,0
flow_301.15,111.5,3.5,0
flow_20.8,124.0,4.0,0
flow_001.14,133.0,4.0,0
flow_201.19,112.5,3.0,0
flow_001.15,130.0,3.5,0
flow_201.20,111.0,3.5,0
flow_001.16,114.5,3.5,0
flow_301.16,125.5,3.5,0
flow_30.10,111.0,3.0,0
flow_301.17,109.5,3.0,0
flow_0012.7,127.0,4.5,0
flow_201.21,129.0,7.0,0
flow_001.17,115.0,3.5,0
flow_0012.8,107.0,3.5,0
flow_20.9,117.5,5.5,0
flow_10.2,21.5,2.0,0
flow_301.18,118.5,3.5,0
flow_30.11,107.5,3.0,0
flow_30.12,103.0,3.0,0
flow_0012.9,109.0,4.5,0
flow_201.22,135.0,7.0,0
flow_0012.10,110.0,5.0,0
flow_001.18,105.5,3.0,0
flow_301.19,109.5,3.5,0
flow_301.20,107.0,3.0,0
flow_3012.9,88.0,4.0,0
flow_1012.5,25.5,3.5,0
flow_20.10,152.0,4.0,0
flow_001.19,109.5,3.5,0
flow_201.23,140.5,3.0,0
flow_001.20,106.5,3.0,0
flow_2012.6,138.0,4.0,0
flow_001.21,106.5,6.5,0
flow_301.21,105.5,3.5,0
flow_101.4,29.5,3.5,0
flow_301.22,101.0,3.0,0
flow_301.23,100.5,3.0,0
flow_2012.7,154.0,4.5,0
flow_201.24,139.5,3.0,0
flow_001.22,112.5,7.5,0
flow_20.11,134.5,3.0,0
flow_001.23,111.0,3.5,0
flow_10.3,41.5,4.0,0
flow_301.24,109.0,3.5,0
flow_10.4,39.0,3.0,0
flow_3012.10,109.5,5.5,0
flow_00.7,124.5,4.0,0
flow_201.25,137.0,3.5,0
flow_0012.11,112.0,3.5,0
flow_00.8,108.0,3.0,0
flow_201.26,138.5,6.5,0
flow_301.25,125.0,3.5,0
flow_301.26,112.5,3.0,0
flow_301.27,111.0,3.5,0
flow_20.12,151.5,4.0,0
flow_0012.12,128.0,7.5,0
flow_2012.8,138.5,4.0,0
flow_0012.13,115.0,4.0,0
flow_30.13,124.0,4.0,0
flow_10.5,23.5,2.0,0
flow_30.14,111.5,3.0,0
flow_3012.11,109.5,3.5,0
flow_00.9,129.5,4.0,0
flow_201.27,154.5,3.5,0
flow_20.13,135.0,3.0,0
flow_00.10,126.5,3.0,0
flow_00.11,113.5,3.0,0
flow_201.28,114.5,2.5,0
flow_3012.12,125.0,4.0,0
flow_301.28,112.5,3.0,0
flow_3012.13,110.5,4.0,0
flow_1012.6,25.5,3.5,0
flow_2012.9,132.5,4.5,0
flow_20.14,127.0,3.0,0
flow_001.24,135.5,7.5,0
flow_201.29,115.5,3.0,0
flow_001.25,132.5,3.5,0
flow_301.29,125.5,3.5,0
flow_301.30,112.5,3.0,0
flow_3012.14,107.5,3.5,0
flow_20.15,130.0,4.0,0
flow_001.26,133.5,3.5,0
flow_001.27,129.0,3.0,0
flow_201.30,129.0,3.0,0
flow_00.12,113.0,3.0,0
flow_20.16,113.5,3.0,0
flow_30.15,108.0,4.0,0
flow_30.16,106.0,3.0,0
flow_3012.15,103.5,3.5,0
flow_0012.14,132.0,4.5,0
flow_001.28,128.5,3.0,0
flow_201.31,132.5,7.5,0
flow_001.29,115.0,3.0,0
flow_2012.10,118.5,5.0,0
flow_3012.16,108.0,4.0,0
flow_301.31,107.0,3.0,0
flow_30.17,101.5,3.0,0
flow_2012.11,131.0,4.5,0
flow_00.13,130.5,6.5,0
flow_20.17,112.0,3.0,0
flow_00.14,113.0,4.0,0
flow_20.18,110.0,3.0,0
flow_001.30,111.0,2.5,0
flow_30.18,107.5,4.0,0
flow_30.19,105.5,3.0,0
flow_3012.17,104.5,4.0,0
flow_2012.12,126.5,4.5,0
flow_201.32,112.5,3.0,0
flow_001.31,130.0,7.5,0
flow_2012.13,111.0,4.0,0
flow_0012.15,115.0,4.5,0
flow_101.5,26.0,2.5,0
flow_301.32,109.0,3.5,0
flow_30.20,106.5,3.0,0
flow_30.21,103.0,3.0,0
flow_001.32,125.5,3.5,0
flow_201.33,127.5,4.0,0
flow_00.15,112.0,3.0,0
flow_201.34,113.5,3.5,0
flow_20.19,108.0,3.0,0
flow_001.33,110.0,3.0,0
flow_3012.18,109.5,4.5,0
flow_301.33,106.5,3.0,0
flow_101.6,46.5,7.0,0
flow_30.22,102.5,3.0,0
flow_10.6,28.5,3.0,0
flow_201.35,125.5,3.5,0
flow_001.34,125.5,3.5,0
flow_0012.16,112.0,3.5,0
flow_201.36,114.0,6.5,0
flow_0012.17,113.5,5.0,0
flow_30.23,108.0,4.0,0
flow_1012.7,27.5,5.5,0
flow_10.7,24.5,2.5,0
flow_30.24,108.0,5.0,0
flow_301.34,105.0,3.0,0
flow_00.16,123.0,4.0,0
flow_201.37,126.5,3.5,0
flow_0012.18,112.5,4.0,0
flow_2012.14,113.0,4.0,0
flow_2012.15,111.0,4.0,0
flow_301.35,108.5,3.5,0
flow_30.25,105.0,3.0,0
flow_30.26,102.0,3.0,0
flow_2012.16,126.0,4.5,0
flow_001.35,134.5,7.5,0
flow_201.38,112.5,3.0,0
flow_20.20,108.5,3.0,0
flow_001.36,131.0,3.0,0
flow_301.36,108.5,3.5,0
flow_30.27,105.0,3.0,0
flow_3012.19,105.0,4.0,0
flow_201.39,124.5,3.5,0
flow_001.37,134.5,3.5,0
flow_0012.19,129.5,3.5,0
flow_20.21,114.5,6.0,0
flow_001.38,115.5,3.0,0
flow_20.22,111.5,4.0,0
flow_1012.8,27.0,3.5,0
flow_301.37,113.5,7.0,0
flow_301.38,110.5,3.5,0
flow_201.40,126.0,3.5,0
flow_2012.17,112.5,4.0,0
flow_0012.20,136.0,7.0,0
flow_20.23,105.0,3.0,0
flow_00.17,130.5,4.0,0
flow_101.7,34.0,3.5,0
flow_301.39,125.5,3.5,0
flow_301.40,113.5,3.5,0
flow_301.41,110.0,3.5,0
flow_2012.18,110.0,4.5,0
flow_20.24,105.0,3.0,0
flow_001.39,141.0,7.5,0
flow_201.41,104.0,3.0,0
flow_0012.21,141.0,5.0,0
flow_3012.20,125.0,4.5,0
flow_301.42,113.5,3.5,0
flow_301.43,110.5,3.5,0
flow_00.18,152.5,4.0,0
flow_201.42,108.5,3.5,0
flow_201.43,106.5,3.0,0
flow_001.40,140.5,3.0,0
flow_0012.22,136.5,4.0,0
flow_2012.19,104.0,4.0,0
flow_3012.21,125.5,4.5,0
flow_1012.9,44.0,4.5,0
flow_3012.22,112.0,3.5,0
flow_301.44,109.5,3.0,0
flow_101.8,46.5,4.0,0
flow_20.25,107.5,4.0,0
flow_001.41,134.0,3.5,0
flow_00.19,128.0,3.0,0
flow_201.44,106.5,3.0,0
flow_001.42,115.0,3.0,0
flow_20.26,103.0,3.0,0
flow_3012.23,125.5,4.5,0
flow_301.45,110.5,3.0,0
flow_30.28,103.0,3.0,0
flow_101.9,29.5,3.5,0
flow_2012.20,109.5,4.5,0
flow_00.20,133.5,6.5,0
flow_20.27,105.5,3.0,0
flow_0012.23,131.5,6.0,0
flow_30.29,108.5,4.0,0
flow_101.10,34.5,3.5,0
flow_301.46,106.5,3.0,0
flow_301.47,104.5,3.0,0
flow_001.43,136.0,3.5,0
flow_201.45,126.0,3.5,0
flow_20.28,110.5,3.0,0
flow_00.21,131.0,3.0,0
flow_001.44,113.5,3.0,0
flow_201.46,110.5,3.0,0
flow_1012.10,37.5,4.5,0
flow_10.8,31.5,3.0,0
flow_301.48,113.0,7.5,0
flow_101.11,26.5,2.5,0
flow_301.49,112.5,3.5,0
flow_0012.24,125.5,4.0,0
flow_2012.21,125.5,4.5,0
flow_2012.22,112.5,4.0,0
flow_20.29,108.0,3.0,0
flow_00.22,115.0,6.0,0
flow_0012.25,115.0,6.0,0
flow_30.30,125.5,4.0,0
flow_1012.11,39.5,6.0,0
flow_10.9,25.5,3.0,0
flow_301.50,117.0,3.0,0
flow_201.47,124.5,3.5,0
flow_0012.26,128.0,6.5,0
flow_20.30,112.5,3.5,0
flow_001.45,113.5,3.0,0
flow_0012.27,111.0,4.0,0
flow_1012.12,31.5,4.0,0
flow_301.51,135.0,7.0,0
flow_301.52,132.5,3.0,0
flow_0012.28,125.5,4.5,0
flow_2012.23,132.5,4.5,0
flow_00.23,111.5,3.0,0
flow_201.48,129.5,3.0,0
flow_00.24,106.0,3.0,0
flow_201.49,118.0,3.5,0
flow_101.12,32.5,3.5,0
flow_301.53,138.5,4.0,0
flow_301.54,135.5,3.0,0
flow_3012.24,132.5,4.0,0
flow_00.25,108.0,4.0,0
flow_201.50,127.5,3.5,0
flow_0012.29,107.0,4.0,0
flow_001.46,104.0,3.0,0
flow_201.51,116.0,6.5,0
flow_301.55,138.0,4.0,0
flow_301.56,137.0,3.5,0
flow_101.13,24.5,2.0,0
flow_301.57,133.5,3.5,0
flow_0012.30,110.0,4.5,0
flow_00.26,105.0,3.0,0
flow_20.31,133.0,6.5,0
flow_20.32,129.5,4.0,0
flow_001.47,103.0,3.0,0
flow_201.52,117.0,3.0,0
flow_301.58,135.0,3.5,0
flow_301.59,129.5,3.0,0
flow_101.14,24.5,2.5,0
flow_301.60,112.5,3.0,0
flow_201.53,130.5,3.5,0
flow_001.48,108.5,3.5,0
flow_20.33,127.0,3.0,0
flow_001.49,106.5,3.5,0
flow_201.54,113.5,2.5,0
flow_0012.31,105.5,5.0,0
flow_10.0,23.5,2.5,0
flow_301.0,26.5,3.0,0
flow_1012.0,24.5,3.0,0
flow_00.0,29.5,3.5,0
flow_001.0,28.0,3.0,0
flow_0012.0,26.5,3.0,0
flow_301.1,40.5,3.5,0
flow_1012.1,35.5,5.5,0
flow_3012.0,34.0,4.0,0
flow_10.1,33.5,4.0,0
flow_001.1,47.5,4.0,0
flow_001.2,41.0,3.0,0
flow_001.3,41.0,3.5,0
flow_101.0,52.0,3.5,0
flow_101.1,51.5,3.0,0
flow_301.2,25.5,2.5,0
flow_101.2,51.0,3.0,0
flow_30.0,22.5,2.0,0
flow_00.1,53.5,4.0,0
flow_201.0,27.0,3.0,0
flow_001.4,54.5,3.0,0
flow_00.2,51.0,3.0,0
flow_1012.2,52.0,4.5,0
flow_101.3,50.5,3.0,0
flow_10.2,44.0,3.0,0
flow_301.3,41.0,7.5,0
flow_301.4,40.5,3.5,0
flow_00.3,69.5,4.0,0
flow_201.1,44.0,3.5,0
flow_0012.1,69.5,4.0,0
flow_20.0,46.0,6.5,0
flow_001.5,64.0,3.0,0
flow_3012.1,50.0,4.0,0
flow_1012.3,63.5,4.5,0
flow_101.4,56.0,3.5,0
flow_301.5,51.5,3.5,0
flow_30.1,48.0,3.0,0
flow_101.5,46.5,3.0,0
flow_00.4,79.5,4.0,0
flow_201.2,46.0,3.5,0
flow_00.5,79.0,3.0,0
flow_20.1,22.5,2.0,0
flow_001.6,75.5,3.0,0
flow_1012.4,64.0,4.5,0
flow_3012.2,65.0,5.0,0
flow_301.6,63.0,3.0,0
flow_101.6,65.0,3.5,0
flow_301.7,62.5,3.5,0
flow_101.7,64.0,4.0,0
flow_201.3,43.0,3.5,0
flow_001.7,93.5,3.5,0
flow_00.6,91.5,3.0,0
flow_001.8,71.5,2.5,0
flow_10.3,77.5,4.0,0
flow_301.8,78.5,3.5,0
flow_1012.5,78.5,4.0,0
flow_101.8,75.5,2.5,0
flow_301.9,78.0,7.0,0
flow_00.7,84.5,4.0,0
flow_001.9,79.0,3.5,0
flow_00.8,75.5,3.0,0
flow_101.9,93.5,3.5,0
flow_301.10,79.5,3.5,0
flow_101.10,93.0,3.0,0
flow_301.11,79.5,3.0,0
flow_30.2,77.5,3.0,0
flow_101.11,93.5,3.5,0
flow_00.9,96.0,7.0,0
flow_2012.0,41.5,4.5,0
flow_0012.2,96.5,4.5,0
flow_001.10,93.0,2.5,0
flow_30.3,94.0,4.0,0
flow_101.12,104.0,3.5,0
flow_301.12,95.5,3.0,0
flow_101.13,104.5,3.0,0
flow_10.4,100.0,3.0,0
flow_301.13,93.5,3.0,0
flow_201.4,30.5,3.0,0
flow_001.11,101.5,3.5,0
flow_001.12,86.5,3.0,0
flow_001.13,86.5,3.0,0
flow_101.14,108.5,3.5,0
flow_301.14,111.5,3.5,0
flow_101.15,106.5,3.0,0
flow_301.15,110.5,3.0,0
flow_101.16,88.0,3.0,0
flow_301.16,110.0,3.5,0
flow_00.10,103.0,4.0,0
flow_0012.3,103.0,3.5,0
flow_001.14,101.5,3.0,0
flow_301.17,122.5,3.5,0
flow_10.5,105.5,4.0,0
flow_10.6,102.0,3.0,0
flow_301.18,112.0,3.0,0
flow_1012.6,102.5,4.0,0
flow_301.19,111.5,7.0,0
flow_0012.4,109.0,4.5,0
flow_201.5,30.0,7.0,0
flow_0012.5,110.0,5.0,0
flow_0012.6,106.5,4.5,0
flow_301.20,109.0,3.5,0
flow_101.17,109.0,3.5,0
flow_301.21,106.0,3.0,0
flow_101.18,106.5,3.0,0
flow_301.22,103.5,3.0,0
flow_1012.7,106.5,6.0,0
flow_20.2,48.0,4.0,0
flow_001.15,108.5,3.5,0
flow_001.16,106.0,3.0,0
flow_001.17,101.5,4.0,0
flow_3012.3,108.5,4.0,0
flow_10.7,110.5,6.5,0
flow_301.23,107.0,3.0,0
flow_30.4,101.5,3.0,0
flow_101.19,109.0,3.5,0
flow_101.20,105.5,3.5,0
flow_001.18,108.0,3.5,0
flow_2012.1,28.5,4.5,0
flow_0012.7,104.5,4.0,0
flow_20.3,26.0,3.0,0
flow_001.19,102.5,3.0,0
flow_301.24,108.5,3.5,0
flow_1012.8,111.0,6.5,0
flow_3012.4,106.5,3.5,0
flow_1012.9,108.5,4.0,0
flow_3012.5,104.0,4.0,0
flow_0012.8,109.0,4.5,0
flow_001.20,107.5,3.0,0
flow_001.21,104.0,3.5,0
flow_101.21,125.0,3.5,0
flow_301.25,109.5,3.5,0
flow_30.5,104.5,3.0,0
flow_101.22,113.0,3.0,0
flow_30.6,101.5,3.0,0
flow_101.23,111.0,3.5,0
flow_001.22,109.0,3.5,0
flow_201.6,38.5,3.5,0
flow_2012.2,35.5,3.5,0
flow_001.23,110.0,6.5,0
flow_10.8,124.0,4.0,0
flow_301.26,109.0,3.5,0
flow_10.9,111.0,3.0,0
flow_3012.6,110.5,6.0,0
flow_2012.3,42.0,4.5,0
flow_001.24,129.0,7.5,0
flow_001.25,116.0,3.0,0
flow_3012.7,127.0,4.5,0
flow_301.27,111.5,3.0,0
flow_30.7,107.5,3.0,0
flow_101.24,136.0,7.5,0
flow_101.25,132.5,3.5,0
flow_00.11,130.0,4.0,0
flow_201.7,39.0,3.5,0
flow_00.12,126.5,3.0,0
flow_20.4,23.5,2.5,0
flow_001.26,116.0,3.0,0
flow_30.8,124.0,4.0,0
flow_10.10,136.5,4.0,0
flow_301.28,112.0,3.0,0
flow_1012.10,136.5,4.5,0
flow_3012.8,110.5,4.0,0
flow_10.11,132.5,4.0,0
flow_00.13,129.5,4.0,0
flow_201.8,44.0,3.5,0
flow_001.27,128.5,3.0,0
flow_2012.4,43.5,5.0,0
flow_2012.5,27.5,4.0,0
flow_301.29,126.0,3.5,0
flow_1012.11,139.5,6.5,0
flow_101.26,133.0,3.0,0
flow_301.30,115.5,3.5,0
flow_10.12,116.0,3.0,0
flow_00.14,135.5,4.0,0
flow_00.15,133.0,3.0,0
flow_001.28,132.0,3.0,0
flow_1012.12,131.5,4.5,0
flow_301.31,135.0,7.0,0
flow_1012.13,132.0,5.0,0
flow_3012.9,132.5,4.0,0
flow_00.16,136.0,4.0,0
flow_00.17,131.0,3.0,0
flow_2012.6,28.5,5.5,0
flow_00.18,115.0,5.5,0
flow_301.32,137.5,3.5,0
flow_101.27,137.5,3.5,0
flow_1012.14,132.0,4.0,0
flow_101.28,112.5,3.0,0
flow_301.33,137.0,7.0,0
flow_20.5,44.5,4.0,0
flow_001.29,127.0,3.5,0
flow_00.19,110.5,3.0,0
flow_00.20,108.5,3.0,0
flow_10.13,124.5,4.0,0
flow_301.34,137.5,3.5,0
flow_10.14,111.0,3.0,0
flow_301.35,135.0,3.0,0
flow_30.9,131.0,3.0,0
flow_10.15,108.5,3.0,0
flow_001.30,125.5,3.5,0
flow_2012.7,26.5,4.0,0
flow_001.31,115.0,3.5,0
flow_10.16,123.0,4.0,0
flow_301.36,136.5,3.5,0
flow_1012.15,111.5,3.5,0
flow_10.17,107.5,3.0,0
flow_30.10,137.0,6.0,0
flow_30.11,133.5,4.0,0
flow_20.6,40.0,3.5,0
flow_001.32,129.5,3.5,0
flow_00.21,110.5,3.0,0
flow_20.7,36.5,3.5,0
flow_001.33,109.0,2.5,0
flow_2012.8,39.0,5.0,0
flow_101.29,124.0,3.5,0
flow_301.37,136.0,3.5,0
flow_3012.10,131.5,3.5,0
flow_10.18,114.5,6.0,0
flow_3012.11,117.0,6.5,0
flow_20.8,27.0,3.5,0
flow_001.34,125.0,3.5,0
flow_2012.9,26.0,3.5,0
flow_001.35,115.5,3.5,0
flow_101.30,129.0,3.5,0
flow_3012.12,128.5,5.5,0
flow_3012.13,115.5,4.5,0
flow_301.38,109.5,3.5,0
flow_101.31,118.5,4.5,0
flow_001.36,131.0,3.5,0
flow_001.37,128.5,3.0,0
flow_001.38,115.5,3.0,0
flow_101.32,131.0,3.5,0
flow_301.39,108.5,3.5,0
flow_10.19,127.0,3.0,0
flow_301.40,107.0,3.0,0
flow_101.33,115.5,3.0,0
flow_3012.14,107.0,5.5,0
flow_001.39,131.0,3.5,0
flow_201.9,41.5,3.5,0
flow_001.40,129.5,3.0,0
flow_00.22,114.0,3.0,0
flow_1012.16,132.0,4.5,0
flow_301.41,112.5,7.5,0
flow_1012.17,132.0,5.0,0
flow_101.34,117.0,3.0,0
flow_001.41,128.0,3.5,0
flow_00.23,111.0,3.0,0
flow_001.42,109.0,2.5,0
flow_1012.18,131.5,4.5,0
flow_301.42,134.5,7.0,0
flow_1012.19,131.5,5.0,0
flow_3012.15,131.5,3.5,0
flow_1012.20,117.5,4.0,0
flow_001.43,125.5,3.5,0
flow_201.10,38.5,3.5,0
flow_0012.9,111.5,3.5,0
flow_2012.10,39.0,4.0,0
flow_0012.10,106.5,3.5,0
flow_10.20,128.0,4.0,0
flow_301.43,137.5,3.5,0
flow_101.35,112.5,3.0,0
flow_301.44,135.5,3.0,0
flow_30.12,129.5,3.0,0
flow_101.36,105.5,3.0,0
flow_0012.11,109.5,4.5,0
flow_201.11,51.5,7.5,0
flow_0012.12,111.0,5.5,0
flow_001.44,105.0,3.0,0
flow_3012.16,136.5,4.5,0
flow_101.37,112.5,7.0,0
flow_301.45,134.5,3.0,0
flow_3012.17,131.5,4.0,0
flow_001.45,109.0,3.5,0
flow_00.24,105.0,3.0,0
flow_201.12,50.0,4.0,0
flow_2012.11,49.0,7.0,0
flow_0012.13,105.0,4.0,0
flow_101.38,131.0,3.5,0
flow_1012.21,127.5,3.5,0
flow_3012.18,139.0,5.5,0
flow_101.39,115.5,3.0,0
flow_301.46,138.0,3.5,0
flow_001.46,108.5,3.5,0
flow_0012.14,106.5,3.5,0
flow_0012.15,104.0,4.0,0
flow_10.21,130.0,4.0,0
flow_30.13,153.0,4.0,0
flow_301.47,137.5,3.0,0
flow_1012.22,130.5,5.0,0
flow_101.40,117.0,3.0,0
flow_20.9,44.5,4.0,0
flow_001.47,111.0,4.0,0
flow_201.13,41.0,3.0,0
flow_001.48,108.0,3.5,0
flow_0012.16,103.5,3.5,0
flow_101.41,131.0,3.5,0
flow_301.48,134.5,3.5,0
flow_10.22,127.5,3.0,0
flow_30.14,129.0,3.0,0
flow_101.42,115.0,3.0,0
flow_301.49,115.5,3.0,0
flow_00.25,108.0,4.0,0
flow_201.14,47.0,3.5,0
flow_0012.17,107.5,4.0,0
flow_2012.12,42.5,4.0,0
flow_0012.18,103.5,4.0,0
flow_2012.13,41.0,4.0,0
flow_10.23,130.0,4.0,0
flow_301.50,131.5,3.5,0
flow_101.43,128.5,3.0,0
flow_301.51,129.5,3.0,0
flow_1012.23,112.5,4.0,0
flow_301.52,120.5,7.0,0
flow_201.15,57.0,3.5,0
flow_00.26,109.5,4.0,0
flow_001.49,106.5,3.0,0
flow_201.16,42.5,3.0,0
flow_201.17,27.5,3.0,0
flow_001.50,104.5,3.5,0
flow_301.53,131.0,3.5,0
flow_101.44,110.5,3.5,0
flow_1012.24,107.0,3.5,0
flow_3012.19,129.0,4.0,0
flow_30.15,113.0,3.0,0
flow_101.45,106.0,3.5,0
flow_0012.19,110.0,4.5,0
flow_0012.20,107.0,4.0,0
flow_001.51,103.0,2.5,0
flow_301.54,127.5,3.5,0
flow_1012.25,111.5,6.5,0
flow_10.24,106.0,3.5,0
flow_301.55,115.5,4.0,0
flow_1012.26,106.0,4.5,0
flow_001.52,109.0,3.5,0
flow_0012.21,106.0,3.5,0
flow_001.53,104.0,3.0,0
flow_101.46,109.0,3.5,0
flow_301.56,130.0,3.5,0
flow_101.47,107.0,3.0,0
flow_301.57,112.5,3.0,0
flow_10.25,102.0,3.0,0
flow_30.16,108.5,3.0,0
flow_20.10,40.0,4.0,0
flow_001.54,108.5,3.5,0
flow_00.27,106.0,3.0,0
flow_201.18,33.5,2.5,0
flow_001.55,103.5,3.0,0
flow_3012.20,126.5,4.5,0
flow_10.26,110.5,6.5,0
flow_301.58,112.5,3.0,0
flow_101.48,109.0,3.5,0
flow_3012.21,110.5,4.0,0
flow_00.28,107.5,4.0,0
flow_20.11,32.0,4.0,0
flow_0012.22,106.0,3.5,0
flow_0012.23,104.5,3.5,0
flow_30.17,123.0,4.0,0
flow_101.49,127.0,4.0,0
flow_10.27,110.5,3.0,0
flow_301.59,112.5,3.0,0
flow_1012.27,110.0,4.0,0
flow_3012.22,110.0,3.5,0
flow_201.19,40.0,3.5,0
flow_0012.24,111.5,6.5,0
flow_001.56,108.0,3.0,0
flow_00.29,102.5,3.0,0
flow_201.20,42.0,4.0,0
flow_101.50,124.5,3.5,0
flow_301.60,125.5,3.5,0
flow_301.61,112.0,3.0,0
flow_101.51,113.0,3.5,0
flow_301.62,107.5,3.0,0
flow_101.52,112.0,4.0,0
flow_20.12,58.5,4.0,0
flow_001.57,108.5,3.5,0
flow_201.21,29.0,2.5,0
flow_20.13,25.5,2.5,0
flow_001.58,108.0,3.5,0
flow_0012.25,105.5,4.5,0
flow_101.53,124.0,3.5,0
flow_301.63,108.5,3.5,0
flow_301.64,106.5,3.0,0
flow_101.54,112.5,3.0,0
flow_301.65,104.0,3.0,0
flow_101.55,111.0,3.5,0
flow_0012.26,109.0,4.5,0
flow_201.22,30.0,6.5,0
flow_0012.27,112.0,6.0,0
flow_001.59,106.5,3.5,0
flow_101.56,125.5,3.5,0
flow_301.66,109.5,3.5,0
flow_10.28,110.5,3.0,0
flow_30.18,105.0,3.0,0
flow_101.57,107.5,3.0,0
flow_3012.23,106.0,5.0,0
flow_00.30,107.5,4.0,0
flow_001.60,107.0,3.0,0
flow_201.23,24.5,2.5,0
flow_001.61,105.0,3.5,0
flow_3012.0,24.0,2.5,0
flow_00.0,36.5,4.0,0
flow_20.0,35.5,4.0,0
flow_201.0,36.0,3.0,0
flow_20.1,34.0,3.0,0
flow_3012.1,40.0,4.0,0
flow_301.0,41.0,3.0,0
flow_30.0,37.0,3.0,0
flow_001.0,44.0,3.5,0
flow_201.1,25.5,2.5,0
flow_001.1,42.5,3.0,0
flow_00.1,39.0,3.0,0
flow_3012.2,56.5,4.0,0
flow_301.1,56.5,3.0,0
flow_301.2,55.0,3.0,0
flow_2012.0,39.5,4.5,0
flow_001.2,62.0,7.5,0
flow_0012.0,61.0,4.0,0
flow_30.1,71.0,4.0,0
flow_1012.0,27.0,5.0,0
flow_301.3,75.5,3.0,0
flow_20.2,22.5,2.0,0
flow_001.3,26.5,3.0,0
flow_301.4,88.5,3.5,0
flow_3012.3,87.5,4.5,0
flow_301.5,85.0,3.0,0
flow_00.2,40.0,4.0,0
flow_201.2,41.5,3.5,0
flow_00.3,39.0,3.0,0
flow_20.3,39.5,3.0,0
flow_20.4,21.0,1.5,0
flow_00.4,38.5,3.0,0
flow_301.6,101.5,3.5,0
flow_301.7,103.5,3.5,0
flow_3012.4,100.0,3.0,0
flow_1012.1,27.0,4.0,0
flow_20.5,37.5,4.0,0
flow_00.5,56.5,4.0,0
flow_0012.1,58.0,4.0,0
flow_00.6,50.0,3.0,0
flow_301.8,116.5,3.5,0
flow_301.9,112.0,3.0,0
flow_301.10,110.0,3.0,0
flow_20.6,40.5,4.0,0
flow_00.7,67.5,4.0,0
flow_201.3,35.0,3.0,0
flow_001.4,58.0,3.0,0
flow_0012.2,47.5,3.5,0
flow_2012.1,34.5,3.5,0
flow_30.2,124.0,4.0,0
flow_3012.5,111.0,3.5,0
flow_3012.6,106.0,4.0,0
flow_00.8,64.0,4.0,0
flow_201.4,53.5,4.0,0
flow_001.5,64.5,3.0,0
flow_201.5,51.0,3.5,0
flow_20.7,47.0,3.0,0
flow_001.6,64.0,3.0,0
flow_3012.7,108.5,4.0,0
flow_301.11,107.0,3.0,0
flow_30.3,103.0,3.0,0
flow_0012.3,82.0,4.5,0
flow_2012.2,68.0,5.0,0
flow_201.6,62.5,3.0,0
flow_001.7,78.0,3.5,0
flow_201.7,62.5,3.5,0
flow_001.8,61.5,3.5,0
flow_30.4,107.5,4.0,0
flow_301.12,108.0,3.5,0
flow_30.5,102.0,3.0,0
flow_20.8,77.0,4.0,0
flow_00.9,75.5,4.0,0
flow_201.8,78.0,3.0,0
flow_001.9,62.5,3.0,0
flow_201.9,77.0,3.0,0
flow_001.10,47.5,3.0,0
flow_3012.8,109.0,4.5,0
flow_10.0,33.0,5.5,0
flow_30.6,105.0,3.0,0
flow_101.0,32.5,3.0,0
flow_301.13,104.0,3.0,0
flow_00.10,59.5,4.0,0
flow_201.10,93.5,3.5,0
flow_0012.4,60.5,4.0,0
flow_00.11,51.5,3.0,0
flow_201.11,76.5,7.0,0
flow_101.1,43.5,3.5,0
flow_301.14,108.5,3.5,0
flow_30.7,105.0,3.0,0
flow_301.15,103.0,2.5,0
flow_201.12,92.5,3.5,0
flow_001.11,69.5,3.5,0
flow_2012.3,92.0,3.5,0
flow_201.13,90.0,3.0,0
flow_001.12,58.5,6.5,0
flow_3012.9,109.5,4.5,0
flow_301.16,107.0,3.0,0
flow_101.2,41.5,7.5,0
flow_301.17,104.5,3.5,0
flow_201.14,105.5,3.5,0
flow_001.13,72.5,3.5,0
flow_001.14,71.5,3.0,0
flow_201.15,105.5,3.0,0
flow_20.9,102.5,3.0,0
flow_0012.5,73.5,6.5,0
flow_3012.10,109.0,4.5,0
flow_30.8,105.0,3.0,0
flow_101.3,24.5,2.5,0
flow_301.18,103.5,3.0,0
flow_201.16,119.0,3.5,0
flow_001.15,88.0,3.5,0
flow_00.12,85.5,3.0,0
flow_201.17,112.5,3.0,0
flow_20.10,108.0,3.0,0
flow_001.16,87.0,3.0,0
flow_101.4,35.0,3.5,0
flow_301.19,109.5,3.5,0
flow_301.20,106.5,3.0,0
flow_301.21,104.0,3.0,0
flow_20.11,113.0,4.0,0
flow_00.13,102.0,4.0,0
flow_201.18,106.5,3.0,0
flow_001.17,103.5,3.0,0
flow_001.18,102.0,3.0,0
flow_201.19,105.5,3.0,0
flow_101.5,32.5,3.5,0
flow_3012.11,111.5,5.5,0
flow_3012.12,110.0,4.5,0
flow_1012.2,25.5,3.5,0
flow_301.22,108.5,6.0,0
flow_0012.6,112.0,4.5,0
flow_001.19,106.0,2.5,0
flow_20.12,111.5,6.5,0
flow_201.20,108.5,3.5,0
flow_001.20,99.0,3.0,0
flow_201.21,105.5,3.0,0
flow_30.9,107.5,4.0,0
flow_30.10,105.5,3.0,0
flow_30.11,102.5,3.0,0
flow_20.13,108.0,4.0,0
flow_00.14,108.0,4.0,0
flow_001.21,75.0,2.5,0
flow_2012.4,98.5,5.0,0
flow_201.22,95.5,3.0,0
flow_3012.13,110.0,4.5,0
flow_10.1,27.0,5.5,0
flow_301.23,107.0,3.0,0
flow_30.12,102.0,3.0,0
flow_00.15,95.0,4.0,0
flow_201.23,109.5,3.5,0
flow_20.14,105.0,3.0,0
flow_001.22,96.0,3.0,0
flow_20.15,102.0,3.0,0
flow_001.23,95.0,3.0,0
flow_301.24,109.0,3.5,0
flow_101.6,45.5,3.5,0
flow_301.25,107.0,3.0,0
flow_301.26,105.0,3.5,0
flow_20.16,107.5,4.0,0
flow_0012.7,114.5,7.5,0
flow_20.17,108.0,4.0,0
flow_00.16,99.0,3.5,0
flow_301.27,108.5,3.5,0
flow_301.28,106.0,3.0,0
flow_30.13,100.5,3.0,0
flow_001.24,115.5,3.5,0
flow_201.24,125.5,3.5,0
flow_2012.5,112.5,4.0,0
flow_201.25,110.0,3.0,0
flow_001.25,113.0,6.5,0
flow_3012.14,109.5,4.5,0
flow_301.29,107.0,3.0,0
flow_30.14,102.0,3.0,0
flow_20.18,123.5,4.0,0
flow_001.26,117.0,3.5,0
flow_20.19,111.5,3.0,0
flow_001.27,116.5,3.0,0
flow_00.17,113.5,3.0,0
flow_201.26,109.5,3.0,0
flow_301.30,109.0,3.5,0
flow_3012.15,107.0,4.0,0
flow_301.31,104.0,3.0,0
flow_101.7,27.5,3.0,0
flow_201.27,125.0,3.5,0
flow_0012.8,135.5,6.5,0
flow_001.28,132.0,3.0,0
flow_20.20,110.5,3.5,0
flow_00.18,115.0,3.0,0
flow_301.32,108.5,3.5,0
flow_101.8,25.5,2.5,0
flow_301.33,106.5,3.0,0
flow_3012.16,103.5,3.5,0
flow_001.29,130.5,3.5,0
flow_201.28,128.5,3.5,0
flow_20.21,118.5,3.0,0
flow_001.30,129.0,3.0,0
flow_2012.6,114.5,3.5,0
flow_0012.9,114.5,3.5,0
flow_301.34,109.0,3.5,0
flow_30.15,105.5,3.0,0
flow_10.2,22.5,2.0,0
flow_301.35,103.5,3.0,0
flow_0012.10,130.5,5.0,0
flow_001.31,112.0,3.0,0
flow_201.29,133.5,8.0,0
flow_0012.11,108.0,4.5,0
flow_20.22,117.0,5.5,0
flow_1012.3,44.0,4.5,0
flow_3012.17,109.5,4.5,0
flow_3012.18,107.0,4.0,0
flow_10.3,43.5,6.0,0
flow_301.36,104.5,3.0,0
flow_201.30,131.5,3.5,0
flow_0012.12,112.5,6.5,0
flow_00.19,108.0,3.5,0
flow_201.31,132.0,3.5,0
flow_0012.13,106.5,4.5,0
flow_30.16,108.0,4.0,0
flow_10.4,41.5,3.5,0
flow_10.5,22.5,2.0,0
flow_301.37,106.5,3.0,0
flow_30.17,101.5,3.0,0
flow_00.20,106.5,4.0,0
flow_201.32,136.5,3.5,0
flow_20.23,133.0,3.0,0
flow_001.32,106.5,3.0,0
flow_00.21,102.0,3.0,0
flow_201.33,132.0,3.0,0
flow_1012.4,35.0,4.5,0
flow_10.6,22.5,2.0,0
flow_301.38,112.5,7.5,0
flow_301.39,112.0,3.5,0
flow_20.24,134.0,4.0,0
flow_0012.14,111.5,7.5,0
flow_20.25,133.0,4.0,0
flow_001.33,108.5,3.0,0
flow_3012.19,125.5,4.5,0
flow_301.40,113.0,3.0,0
flow_101.9,49.5,7.5,0
flow_10.7,39.5,3.5,0
flow_301.41,110.0,3.0,0
flow_2012.7,137.5,4.5,0
flow_201.34,135.5,3.0,0
flow_001.34,129.5,7.5,0
flow_2012.8,132.0,4.0,0
flow_0012.15,116.5,4.0,0
flow_30.18,123.5,4.0,0
flow_101.10,31.0,3.0,0
flow_3012.20,112.5,4.0,0
flow_30.19,108.5,3.0,0
flow_101.11,30.5,4.0,0
flow_2012.9,134.5,4.5,0
flow_001.35,135.5,7.5,0
flow_2012.10,132.5,5.0,0
flow_20.26,115.5,3.5,0
flow_3012.21,126.0,4.5,0
flow_301.42,112.0,3.0,0
flow_101.12,49.0,7.5,0
flow_10.8,33.5,3.5,0
flow_301.43,110.5,3.5,0
flow_00.22,153.0,4.0,0
flow_201.35,128.5,3.5,0
flow_0012.16,139.5,3.5,0
flow_201.36,116.5,6.5,0
flow_0012.17,140.5,5.0,0
flow_30.20,124.0,4.0,0
flow_101.13,28.5,3.0,0
flow_10.9,23.5,2.5,0
flow_301.44,109.5,3.0,0
flow_301.45,104.5,3.0,0
flow_20.27,130.0,4.0,0
flow_001.36,152.0,3.5,0
flow_20.28,127.5,3.0,0
flow_0012.18,143.5,6.0,0
flow_20.29,117.5,5.5,0
flow_301.46,108.5,3.5,0
flow_301.47,108.0,3.5,0
flow_301.48,105.0,3.5,0
flow_201.37,128.0,3.5,0
flow_001.37,159.5,3.5,0
flow_00.23,155.0,3.0,0
flow_201.38,112.5,3.0,0
flow_2012.11,110.5,3.5,0
flow_0012.19,144.0,4.0,0
flow_30.21,108.0,4.0,0
flow_101.14,38.5,3.5,0
flow_301.49,105.5,2.5,0
flow_301.50,103.5,3.0,0
flow_001.38,155.5,3.5,0
flow_201.39,125.0,3.5,0
flow_0012.20,138.0,4.0,0
flow_001.39,133.5,3.0,0
flow_201.40,116.0,6.5,0
flow_30.22,107.5,4.0,0
flow_3012.22,107.5,4.0,0
flow_301.51,104.0,3.0,0
flow_201.41,131.0,3.5,0
flow_001.40,133.5,3.5,0
flow_0012.21,113.0,4.0,0
flow_201.42,132.0,7.0,0
flow_0012.22,113.5,5.0,0
flow_301.52,109.5,3.5,0
flow_301.53,107.0,3.0,0
flow_3012.23,104.5,4.0,0
flow_201.43,137.0,3.5,0
flow_0012.23,128.0,6.5,0
flow_001.41,114.0,3.0,0
flow_201.44,136.0,4.0,0
flow_001.42,109.0,3.5,0
flow_101.15,40.0,3.5,0
flow_301.54,109.5,3.5,0
flow_30.23,106.0,3.0,0
flow_10.10,32.0,3.5,0
flow_301.55,104.0,3.0,0
flow_0012.24,109.5,4.5,0
flow_00.24,105.0,3.0,0
flow_201.45,141.0,7.5,0
flow_001.43,103.5,3.0,0
flow_2012.12,140.0,4.0,0
flow_10.11,28.0,3.5,0
flow_30.24,108.5,4.0,0
flow_3012.24,106.5,3.5,0
flow_301.56,105.0,3.0,0
flow_101.16,28.5,3.0,0
flow_0012.25,109.0,4.5,0
flow_20.30,155.0,6.5,0
flow_001.44,108.0,3.5,0
flow_20.31,138.0,3.5,0
flow_2012.13,144.0,5.5,0
flow_301.57,109.0,3.5,0
flow_30.25,105.5,3.0,0
flow_301.58,106.0,3.5,0
flow_201.46,153.0,3.5,0
flow_001.45,125.5,3.5,0
flow_2012.14,141.5,4.0,0
flow_20.32,133.0,3.0,0
flow_00.25,114.5,6.5,0
flow_0012.26,112.5,5.5,0
flow_301.59,109.0,3.5,0
flow_101.17,40.0,3.5,0
flow_10.12,27.0,3.0,0
flow_301.60,107.5,3.0,0
flow_301.61,104.0,3.0,0
flow_001.46,124.5,3.5,0
flow_201.47,137.0,3.5,0
flow_0012.27,113.5,4.0,0
flow_20.33,135.0,6.5,0
flow_001.47,110.0,3.0,0
flow_2012.15,118.0,5.0,0
flow_301.62,108.5,3.5,0
flow_101.18,41.5,3.5,0
flow_301.63,107.0,3.0,0
flow_30.26,102.0,3.0,0
flow_20.34,127.5,4.0,0
flow_0012.28,128.5,7.5,0
flow_00.26,113.5,3.5,0
flow_201.48,115.0,3.5,0
flow_101.19,44.0,3.5,0
flow_301.64,109.0,3.5,0
flow_3012.25,106.5,3.5,0
flow_301.65,104.0,3.0,0
flow_20.35,125.0,4.0,0
flow_001.48,131.5,3.5,0
flow_2012.16,113.5,4.0,0
flow_201.49,110.0,3.0,0
flow_001.49,133.0,7.0,0
flow_101.20,36.5,3.5,0
flow_301.66,109.5,3.5,0
flow_301.67,107.0,3.0,0
flow_101.21,26.5,3.0,0
flow_301.68,104.0,3.0,0
flow_00.27,135.5,4.0,0
flow_20.36,123.5,4.0,0
flow_201.50,112.5,3.0,0
flow_001.50,133.5,3.0,0
flow_20.37,108.0,3.0,0
flow_0012.29,118.5,6.5,0
flow_101.0,25.5,2.5,0
flow_30.0,21.0,1.5,0
flow_201.0,38.5,3.5,0
flow_001.0,24.5,2.5,0
flow_2012.0,31.5,4.0,0
flow_201.1,32.0,3.5,0
flow_101.1,43.0,3.5,0
flow_301.0,37.5,3.5,0
flow_301.1,37.0,3.0,0
flow_101.2,27.0,3.0,0
flow_301.2,35.5,3.0,0
flow_201.2,48.0,3.5,0
flow_001.1,40.0,3.5,0
flow_0012.0,31.0,4.0,0
flow_2012.1,48.5,4.0,0
flow_00.0,30.0,3.5,0
flow_201.3,46.5,2.5,0
flow_10.0,40.5,4.0,0
flow_301.3,49.5,3.5,0
flow_10.1,26.5,2.5,0
flow_301.4,46.0,3.5,0
flow_10.2,25.5,3.0,0
flow_3012.0,45.5,5.0,0
flow_201.4,63.0,3.5,0
flow_2012.2,62.5,3.5,0
flow_0012.1,51.5,6.5,0
flow_00.1,41.0,4.5,0
flow_2012.3,64.5,6.0,0
flow_30.1,60.5,3.5,0
flow_101.3,44.0,3.5,0
flow_301.5,28.0,3.0,0
flow_10.3,30.5,3.0,0
flow_1012.0,38.0,5.0,0
flow_30.2,27.0,3.5,0
flow_001.2,59.5,3.5,0
flow_201.5,81.0,4.0,0
flow_20.0,76.5,3.0,0
flow_00.2,58.0,3.0,0
flow_00.3,41.0,3.0,0
flow_2012.4,70.5,6.0,0
flow_301.6,43.5,3.5,0
flow_101.4,25.0,2.5,0
flow_30.3,38.5,3.0,0
flow_3012.1,38.0,3.5,0
flow_0012.2,61.0,4.5,0
flow_201.6,88.5,7.5,0
flow_0012.3,58.0,5.5,0
flow_00.4,40.0,3.5,0
flow_10.4,32.5,4.0,0
flow_301.7,55.0,3.5,0
flow_1012.1,34.5,4.0,0
flow_301.8,55.5,4.0,0
flow_201.7,109.0,3.5,0
flow_001.3,54.5,3.5,0
flow_2012.5,108.0,4.0,0
flow_201.8,107.0,3.0,0
flow_001.4,56.5,6.5,0
flow_30.4,71.5,4.0,0
flow_101.5,40.0,3.5,0
flow_1012.2,31.5,4.5,0
flow_301.9,73.5,4.5,0
flow_1012.3,29.5,6.5,0
flow_20.1,123.0,4.0,0
flow_001.5,74.0,3.5,0
flow_201.9,123.0,3.0,0
flow_001.6,64.5,3.0,0
flow_001.7,44.0,3.5,0
flow_201.10,117.0,3.0,0
flow_301.10,80.0,3.5,0
flow_101.6,43.5,3.5,0
flow_1012.4,42.5,4.0,0
flow_301.11,83.5,6.5,0
flow_20.2,130.0,4.0,0
flow_00.5,44.0,4.0,0
flow_001.8,28.0,3.0,0
flow_20.3,114.5,3.0,0
flow_2012.6,131.5,5.0,0
flow_30.5,90.0,4.0,0
flow_1012.5,35.0,6.5,0
flow_30.6,93.0,5.0,0
flow_1012.6,36.5,6.5,0
flow_001.9,47.5,3.5,0
flow_201.11,132.0,3.5,0
flow_001.10,33.0,3.0,0
flow_201.12,128.5,3.0,0
flow_001.11,26.5,3.0,0
flow_201.13,112.5,3.0,0
flow_10.5,51.5,4.0,0
flow_301.12,112.0,3.5,0
flow_30.7,110.0,3.0,0
flow_101.7,50.0,2.5,0
flow_30.8,101.0,3.0,0
flow_101.8,47.5,3.0,0
flow_00.6,36.5,4.0,0
flow_201.14,108.5,3.5,0
flow_20.4,105.5,3.0,0
flow_001.12,37.0,3.0,0
flow_00.7,34.5,3.0,0
flow_20.5,103.0,3.0,0
flow_10.6,64.5,4.0,0
flow_301.13,119.5,3.5,0
flow_30.9,117.5,3.0,0
flow_10.7,62.0,3.5,0
flow_30.10,100.0,3.0,0
flow_101.9,61.5,3.0,0
flow_0012.4,53.5,4.0,0
flow_001.13,53.5,3.0,0
flow_201.15,113.5,7.5,0
flow_00.8,49.0,3.0,0
flow_201.16,111.0,3.5,0
flow_301.14,117.5,3.5,0
flow_101.10,72.0,3.5,0
flow_101.11,65.0,3.0,0
flow_301.15,118.5,3.5,0
flow_30.11,113.5,3.0,0
flow_101.12,64.0,3.0,0
flow_001.14,59.0,3.5,0
flow_201.17,126.0,3.5,0
flow_201.18,112.5,3.0,0
flow_201.19,110.0,3.5,0
flow_3012.2,128.5,4.5,0
flow_10.8,76.5,6.5,0
flow_3012.3,114.5,5.5,0
flow_10.9,78.5,7.5,0
flow_0012.5,29.0,4.0,0
flow_201.20,128.5,7.0,0
flow_001.15,26.0,2.5,0
flow_201.21,116.0,3.5,0
flow_301.16,126.0,3.5,0
flow_101.13,94.0,3.5,0
flow_301.17,113.0,3.0,0
flow_101.14,85.5,3.5,0
flow_301.18,110.0,3.0,0
flow_1012.7,85.5,5.5,0
flow_201.22,132.0,3.5,0
flow_20.6,127.0,3.0,0
flow_2012.7,115.0,3.5,0
flow_30.12,124.0,4.0,0
flow_10.10,99.0,4.0,0
flow_301.19,112.0,3.0,0
flow_101.15,99.5,3.0,0
flow_301.20,110.0,3.0,0
flow_101.16,98.5,3.0,0
flow_201.23,132.5,4.0,0
flow_2012.8,129.0,4.0,0
flow_201.24,113.0,3.0,0
flow_301.21,124.5,3.5,0
flow_10.11,114.0,4.0,0
flow_30.13,111.0,3.0,0
flow_10.12,107.5,3.0,0
flow_101.17,113.5,3.5,0
flow_301.22,110.0,3.0,0
flow_2012.9,126.5,4.5,0
flow_001.16,42.0,7.5,0
flow_2012.10,116.5,5.5,0
flow_201.25,111.5,3.0,0
flow_3012.4,125.5,4.5,0
flow_30.14,111.0,3.0,0
flow_101.18,126.0,7.5,0
flow_10.13,114.0,3.5,0
flow_301.23,108.5,3.0,0
flow_20.7,124.5,4.0,0
flow_001.17,36.0,3.5,0
flow_2012.11,111.0,4.0,0
flow_2012.12,106.0,4.0,0
flow_301.24,110.5,3.5,0
flow_101.19,131.0,4.0,0
flow_3012.5,107.5,4.0,0
flow_101.20,116.5,7.0,0
flow_301.25,106.0,3.5,0
flow_201.26,108.5,3.5,0
flow_0012.6,46.0,6.5,0
flow_001.18,27.5,3.0,0
flow_20.8,108.5,3.5,0
flow_301.26,108.5,3.5,0
flow_101.21,131.5,3.5,0
flow_301.27,106.5,3.0,0
flow_101.22,129.5,3.0,0
flow_301.28,103.5,3.0,0
flow_101.23,116.0,3.5,0
flow_0012.7,32.5,4.5,0
flow_2012.13,125.5,4.5,0
flow_20.9,112.0,3.0,0
flow_20.10,109.0,3.0,0
flow_0012.8,29.0,6.5,0
flow_101.24,131.0,3.5,0
flow_301.29,109.0,3.5,0
flow_30.15,105.5,3.0,0
flow_101.25,129.0,3.0,0
flow_30.16,103.5,3.0,0
flow_101.26,116.0,3.5,0
flow_001.19,42.0,3.5,0
flow_201.27,126.5,4.0,0
flow_20.11,111.0,3.0,0
flow_00.9,32.0,3.0,0
flow_20.12,107.5,3.0,0
flow_30.17,107.5,4.0,0
flow_101.27,131.0,3.5,0
flow_301.30,107.0,3.0,0
flow_1012.8,132.0,5.0,0
flow_101.28,114.0,3.0,0
flow_0012.9,33.0,4.5,0
flow_201.28,128.5,7.5,0
flow_001.20,25.0,2.5,0
flow_201.29,118.5,4.0,0
flow_301.31,125.5,3.5,0
flow_30.18,110.5,3.0,0
flow_101.29,128.0,4.0,0
flow_1012.9,115.5,7.0,0
flow_3012.6,110.5,4.0,0
flow_00.10,43.0,4.0,0
flow_201.30,131.5,3.5,0
flow_001.21,33.5,2.5,0
flow_00.11,26.5,3.0,0
flow_201.31,129.5,3.5,0
flow_2012.14,116.5,5.5,0
flow_3012.7,126.0,4.5,0
flow_30.19,112.0,3.0,0
flow_101.30,132.5,7.5,0
flow_10.14,115.5,3.5,0
flow_301.32,111.0,3.5,0
flow_001.22,44.0,3.5,0
flow_201.32,129.0,3.5,0
flow_001.23,37.5,3.0,0
flow_201.33,113.5,3.5,0
flow_20.13,107.5,3.0,0
flow_3012.8,127.5,5.0,0
flow_101.31,136.5,8.0,0
flow_3012.9,116.5,6.0,0
flow_3012.10,113.5,5.0,0
flow_20.14,122.5,4.0,0
flow_00.12,42.5,4.0,0
flow_20.15,111.0,3.0,0
flow_001.24,30.0,3.0,0
flow_201.34,111.0,3.5,0
flow_101.32,153.5,3.5,0
flow_301.33,126.0,3.5,0
flow_101.33,140.5,3.0,0
flow_301.34,113.5,3.5,0
flow_10.15,136.5,3.0,0
flow_3012.11,111.5,6.5,0
flow_20.16,124.5,4.0,0
flow_001.25,33.0,3.5,0
flow_00.13,30.0,3.0,0
flow_20.17,109.0,3.0,0
flow_20.18,103.5,3.0,0
flow_001.26,30.5,2.5,0
flow_001.27,30.0,3.0,0
flow_3012.12,111.5,5.0,0
flow_1012.10,156.5,5.0,0
flow_3012.13,108.0,4.0,0
flow_1012.11,142.0,4.5,0
flow_1012.12,139.0,4.5,0
flow_30.20,107.0,6.5,0
flow_0012.10,30.0,4.5,0
flow_20.19,110.5,6.5,0
flow_001.28,28.0,3.0,0
flow_201.35,108.0,3.0,0
flow_20.20,103.5,3.0,0
flow_30.21,108.0,4.0,0
flow_101.34,152.5,3.5,0
flow_1012.13,140.0,3.5,0
flow_3012.14,107.0,4.0,0
flow_3012.15,104.0,4.0,0
flow_20.21,108.0,4.0,0
flow_001.29,43.0,3.5,0
flow_2012.15,108.0,4.0,0
flow_0012.11,44.0,4.0,0
flow_201.36,105.5,3.5,0
flow_001.30,32.0,3.0,0
flow_301.35,108.5,3.5,0
flow_101.35,158.0,3.5,0
flow_3012.16,106.5,4.0,0
flow_101.36,142.5,7.0,0
flow_3012.17,106.5,5.0,0
flow_201.37,108.5,3.5,0
flow_0012.12,50.0,6.5,0
flow_001.31,49.5,3.5,0
flow_201.38,109.5,4.0,0
flow_001.32,48.0,3.5,0
flow_1012.14,155.5,4.5,0
flow_30.22,111.0,6.5,0
flow_1012.15,140.0,5.5,0
flow_30.23,111.5,7.5,0
flow_201.39,125.0,3.5,0
flow_001.33,63.5,3.5,0
flow_201.40,112.5,3.0,0
flow_001.34,60.0,3.0,0
flow_20.22,109.5,3.0,0
flow_001.35,50.5,3.5,0
flow_101.37,137.5,4.0,0
flow_3012.18,128.5,6.0,0
flow_3012.19,115.0,4.5,0
flow_301.36,110.0,2.5,0
flow_101.38,140.5,4.5,0
flow_201.41,125.5,3.5,0
flow_0012.13,70.5,6.5,0
flow_00.14,66.5,3.5,0
flow_20.23,113.0,3.5,0
flow_00.15,66.5,3.0,0
flow_30.24,124.0,4.0,0
flow_101.39,153.5,3.5,0
flow_101.40,140.5,3.0,0
flow_301.37,113.0,3.0,0
flow_30.25,108.0,3.0,0
flow_101.41,140.0,3.5,0
flow_201.42,131.0,3.5,0
flow_001.36,83.5,3.5,0
flow_0012.14,82.5,4.0,0
flow_20.24,130.0,6.0,0
flow_001.37,74.0,3.0,0
flow_2012.16,118.0,5.0,0
flow_1012.16,154.0,4.5,0
flow_30.26,128.0,6.5,0
flow_101.42,140.0,3.0,0
flow_301.38,114.0,3.5,0
flow_1012.17,138.0,4.0,0
flow_2012.17,131.0,4.5,0
flow_201.43,128.0,3.0,0
flow_001.38,95.0,7.0,0
flow_20.25,113.0,3.0,0
flow_0012.15,97.5,6.0,0
flow_301.39,130.5,3.5,0
flow_101.43,137.0,3.5,0
flow_3012.20,129.5,4.0,0
flow_301.40,115.0,3.0,0
flow_101.44,136.0,7.0,0
flow_001.39,111.0,3.5,0
flow_201.44,129.5,3.5,0
flow_00.16,109.0,3.0,0
flow_20.26,111.0,3.0,0
flow_20.27,108.5,3.0,0
flow_001.40,108.5,3.0,0
flow_1012.18,136.0,4.0,0
flow_101.45,133.5,3.0,0
flow_301.41,134.0,7.5,0
flow_1012.19,116.5,4.0,0
flow_2012.18,124.5,4.0,0
flow_00.17,99.0,6.5,0
flow_201.45,111.0,3.0,0
flow_20.28,105.0,3.0,0
flow_001.41,84.5,3.0,0
flow_001.42,85.0,3.5,0
flow_301.42,136.0,4.0,0
flow_1012.20,129.0,5.5,0
flow_101.46,113.0,3.0,0
flow_10.16,108.5,3.0,0
flow_301.43,136.5,3.5,0
flow_30.27,131.0,3.0,0
flow_2012.19,108.0,4.0,0
flow_201.46,106.0,2.5,0
flow_001.43,103.5,7.0,0
flow_20.29,102.0,3.0,0
flow_001.44,99.0,3.0,0
flow_30.28,136.0,4.0,0
flow_101.47,125.0,3.5,0
flow_301.44,135.0,3.0,0
flow_3012.21,132.0,3.5,0
flow_1012.21,115.5,5.0,0
flow_201.47,108.5,3.5,0
flow_001.45,116.5,3.5,0
flow_00.18,114.0,3.0,0
flow_201.48,106.5,3.0,0
flow_0012.16,105.5,4.0,0
flow_201.49,106.5,7.0,0
flow_10.17,129.5,4.0,0
flow_301.45,136.5,3.5,0
flow_1012.22,128.5,4.0,0
flow_101.48,115.0,2.5,0
flow_301.46,136.5,4.0,0
flow_20.30,107.5,4.0,0
flow_001.46,118.5,3.5,0
flow_20.31,105.5,3.0,0
flow_001.47,107.0,3.0,0
flow_00.19,103.5,3.0,0
flow_201.50,104.5,3.0,0
flow_10.18,127.0,4.0,0
flow_301.47,137.0,3.5,0
flow_301.48,134.5,3.0,0
flow_101.49,112.0,3.0,0
flow_101.50,110.5,3.5,0
flow_3012.22,135.0,6.0,0
flow_20.32,107.5,4.0,0
flow_001.48,121.5,3.5,0
flow_20.33,105.0,3.0,0
flow_001.49,112.5,3.0,0
flow_201.51,104.0,3.0,0
flow_001.50,109.5,3.0,0
flow_301.49,133.5,3.5,0
flow_101.51,125.5,3.5,0
flow_301.50,113.5,3.0,0
flow_101.52,113.5,3.5,0
flow_301.51,109.5,3.0,0
flow_1012.23,112.0,6.0,0
flow_00.20,123.5,4.0,0
flow_201.52,109.0,3.5,0
flow_001.51,109.5,3.0,0
flow_2012.20,109.0,4.5,0
flow_0012.17,104.5,4.0,0
flow_3012.23,126.0,5.0,0
flow_30.29,110.5,3.0,0
flow_10.19,126.5,7.0,0
flow_101.53,115.0,3.5,0
flow_3012.24,111.5,4.5,0
flow_00.21,107.5,4.0,0
flow_201.53,126.0,3.5,0
flow_0012.18,107.0,4.0,0
flow_001.52,104.0,3.0,0
flow_201.54,116.5,7.0,0
flow_101.54,130.0,3.5,0
flow_301.52,126.0,3.5,0
flow_101.55,115.0,3.5,0
flow_301.53,113.5,3.5,0
flow_10.20,109.5,3.0,0
flow_301.54,107.5,3.0,0
flow_0012.19,110.0,4.5,0
flow_20.34,133.0,7.0,0
flow_001.53,103.0,3.0,0
flow_20.35,128.5,4.5,0
flow_00.22,96.0,3.0,0
flow_201.55,116.0,2.5,0
flow_3012.25,108.5,4.0,0
flow_1012.24,126.5,4.5,0
flow_10.21,111.5,3.0,0
flow_301.55,107.5,3.0,0
flow_10.22,109.0,3.0,0
flow_301.56,104.0,3.0,0
flow_20.36,129.5,4.0,0
flow_00.23,102.0,4.0,0
flow_20.37,127.0,3.0,0
flow_0012.20,103.5,6.0,0
flow_2012.21,116.0,4.0,0
flow_30.0,22.5,2.0,0
flow_1012.0,25.5,3.5,0
flow_00.0,20.5,2.0,0
flow_201.0,24.5,2.5,0
flow_20.0,21.5,2.0,0
flow_10.0,41.0,4.0,0
flow_30.1,40.0,4.0,0
flow_301.0,40.0,3.0,0
flow_1012.1,44.0,4.5,0
flow_3012.0,39.0,3.5,0
flow_20.1,38.5,4.0,0
flow_001.0,30.5,3.5,0
flow_00.1,27.0,3.0,0
flow_001.1,28.0,3.0,0
flow_001.2,26.0,3.0,0
flow_30.2,47.0,4.0,0
flow_101.0,62.5,3.5,0
flow_1012.2,62.0,3.5,0
flow_3012.1,48.0,4.0,0
flow_1012.3,59.0,4.0,0
flow_201.1,40.0,3.5,0
flow_0012.0,44.5,6.5,0
flow_0012.1,43.0,4.5,0
flow_2012.0,26.0,3.5,0
flow_20.2,22.5,2.0,0
flow_301.1,67.5,3.5,0
flow_101.1,65.5,3.5,0
flow_30.3,58.0,3.0,0
flow_10.1,59.0,3.0,0
flow_10.2,53.5,3.0,0
flow_301.2,59.0,3.0,0
flow_001.3,61.0,3.5,0
flow_001.4,61.0,3.0,0
flow_0012.2,59.5,3.5,0
flow_10.3,68.0,4.0,0
flow_301.3,70.5,3.5,0
flow_30.4,58.0,3.0,0
flow_101.2,68.5,3.0,0
flow_301.4,50.5,3.0,0
flow_101.3,53.0,3.5,0
flow_20.3,32.5,4.0,0
flow_001.5,77.5,3.5,0
flow_001.6,71.5,3.5,0
flow_001.7,70.5,3.0,0
flow_1012.4,60.5,4.0,0
flow_3012.2,64.0,4.0,0
flow_1012.5,61.0,4.0,0
flow_3012.3,60.5,4.0,0
flow_1012.6,60.5,4.0,0
flow_20.4,23.5,2.5,0
flow_001.8,87.0,3.5,0
flow_001.9,86.0,3.0,0
flow_00.2,83.0,3.0,0
flow_301.5,71.5,3.5,0
flow_101.4,77.5,3.5,0
flow_1012.7,77.5,4.0,0
flow_3012.4,73.0,4.5,0
flow_1012.8,76.0,4.0,0
flow_3012.5,66.5,4.0,0
flow_001.10,101.5,3.5,0
flow_201.2,26.5,3.0,0
flow_00.3,98.0,3.0,0
flow_00.4,94.0,3.0,0
flow_2012.1,27.0,5.0,0
flow_301.6,83.0,3.5,0
flow_101.5,94.0,4.0,0
flow_30.5,79.0,3.0,0
flow_1012.9,92.5,7.0,0
flow_3012.6,80.0,4.0,0
flow_00.5,107.0,4.0,0
flow_0012.3,107.5,4.0,0
flow_001.11,103.0,2.5,0
flow_10.4,103.5,4.0,0
flow_30.6,91.0,4.0,0
flow_101.6,83.0,3.0,0
flow_3012.7,93.0,5.0,0
flow_30.7,85.0,3.0,0
flow_20.5,30.0,3.5,0
flow_001.12,100.5,3.5,0
flow_001.13,102.0,3.5,0
flow_0012.4,98.5,3.5,0
flow_3012.8,100.5,4.5,0
flow_30.8,88.5,3.0,0
flow_101.7,107.5,7.5,0
flow_10.5,89.5,3.5,0
flow_301.7,86.5,3.0,0
flow_001.14,109.0,3.5,0
flow_201.3,26.5,3.0,0
flow_001.15,106.5,3.0,0
flow_001.16,104.0,3.0,0
flow_3012.9,105.0,4.5,0
flow_30.9,102.5,3.0,0
flow_10.6,101.0,6.5,0
flow_101.8,93.0,3.5,0
flow_301.8,102.0,3.0,0
flow_101.9,92.0,3.0,0
flow_2012.2,44.0,4.5,0
flow_201.4,34.0,2.5,0
flow_001.17,113.5,7.5,0
flow_201.5,27.5,3.0,0
flow_001.18,112.0,3.5,0
flow_3012.10,109.5,4.5,0
flow_10.7,109.5,6.5,0
flow_30.10,105.5,3.0,0
flow_101.10,109.0,3.5,0
flow_301.9,103.0,2.5,0
flow_101.11,108.5,3.0,0
flow_00.6,124.0,4.0,0
flow_001.19,112.0,3.0,0
flow_0012.5,109.5,3.5,0
flow_1012.10,123.0,4.0,0
flow_3012.11,109.0,4.5,0
flow_301.10,107.0,3.0,0
flow_101.12,119.0,3.0,0
flow_1012.11,116.0,4.0,0
flow_301.11,107.0,6.5,0
flow_001.20,125.0,3.5,0
flow_20.6,30.0,3.0,0
flow_201.6,49.0,4.0,0
flow_0012.6,116.0,6.0,0
flow_301.12,108.5,3.5,0
flow_101.13,127.0,3.5,0
flow_101.14,110.0,3.0,0
flow_301.13,108.0,3.5,0
flow_1012.12,103.0,4.0,0
flow_301.14,107.0,7.0,0
flow_001.21,131.0,3.5,0
flow_001.22,128.5,3.0,0
flow_00.7,114.0,3.0,0
flow_301.15,108.5,3.5,0
flow_101.15,110.0,4.0,0
flow_3012.12,107.0,4.0,0
flow_101.16,110.0,6.5,0
flow_3012.13,107.0,5.0,0
flow_0012.7,131.0,4.5,0
flow_0012.8,129.0,4.0,0
flow_0012.9,114.5,4.0,0
flow_301.16,109.0,3.5,0
flow_101.17,124.5,3.5,0
flow_30.11,102.0,3.0,0
flow_3012.14,108.5,4.5,0
flow_101.18,116.5,7.0,0
flow_001.23,126.0,3.5,0
flow_001.24,112.5,3.0,0
flow_001.25,111.0,3.5,0
flow_10.8,130.5,4.0,0
flow_301.17,109.0,3.5,0
flow_101.19,127.5,3.0,0
flow_301.18,106.5,3.0,0
flow_10.9,113.5,3.0,0
flow_3012.15,106.0,6.5,0
flow_00.8,124.0,4.0,0
flow_0012.10,112.0,3.5,0
flow_001.26,108.0,3.0,0
flow_3012.16,109.0,4.5,0
flow_30.12,104.5,3.0,0
flow_101.20,136.0,7.5,0
flow_3012.17,103.5,4.0,0
flow_10.10,134.0,5.5,0
flow_001.27,110.0,3.5,0
flow_201.7,44.0,4.0,0
flow_001.28,107.0,3.0,0
flow_0012.11,103.5,3.5,0
flow_301.19,109.0,3.5,0
flow_1012.13,140.0,6.5,0
flow_3012.18,107.0,4.0,0
flow_30.13,101.5,3.0,0
flow_101.21,139.5,3.5,0
flow_001.29,109.5,3.5,0
flow_0012.12,106.0,3.5,0
flow_001.30,104.5,3.0,0
flow_301.20,108.5,3.5,0
flow_101.22,154.0,3.5,0
flow_3012.19,107.5,4.0,0
flow_301.21,104.0,3.0,0
flow_101.23,144.5,7.0,0
flow_001.31,109.0,3.5,0
flow_00.9,106.0,3.0,0
flow_0012.13,104.0,3.5,0
flow_101.24,156.5,3.5,0
flow_301.22,109.0,3.5,0
flow_301.23,107.5,3.0,0
flow_101.25,142.0,3.5,0
flow_3012.20,106.0,4.5,0
flow_101.26,140.0,7.0,0
flow_001.32,108.5,3.5,0
flow_201.8,40.5,3.5,0
flow_0012.14,107.0,4.0,0
flow_001.33,103.0,2.5,0
flow_3012.21,108.5,4.0,0
flow_101.27,140.0,7.0,0
flow_301.24,106.5,3.0,0
flow_3012.22,103.5,3.5,0
flow_10.11,139.0,5.5,0
flow_201.9,39.0,3.5,0
flow_001.34,109.5,3.5,0
flow_0012.15,107.5,4.0,0
flow_0012.16,104.0,4.0,0
flow_301.25,109.0,3.5,0
flow_1012.14,155.0,6.5,0
flow_101.28,139.5,3.0,0
flow_301.26,109.5,3.5,0
flow_10.12,134.5,3.0,0
flow_0012.17,109.5,4.5,0
flow_00.10,105.0,3.0,0
flow_0012.18,104.0,3.5,0
flow_30.14,110.5,3.0,0
flow_3012.23,127.5,5.0,0
flow_10.13,139.0,7.0,0
flow_1012.15,134.0,5.0,0
flow_3012.24,110.0,3.5,0
flow_2012.3,24.5,3.0,0
flow_0012.19,111.0,5.0,0
flow_001.35,108.0,3.0,0
flow_001.36,104.5,3.0,0
flow_201.10,26.5,3.0,0
flow_301.27,125.0,3.5,0
flow_101.29,137.0,3.5,0
flow_30.15,111.5,3.0,0
flow_101.30,132.5,3.0,0
flow_30.16,109.0,3.0,0
flow_101.31,116.0,3.5,0
flow_0012.20,109.5,4.5,0
flow_001.37,107.0,3.0,0
flow_00.11,102.0,3.0,0
flow_30.17,124.0,4.0,0
flow_1012.16,133.5,7.5,0
flow_101.32,130.0,3.5,0
flow_301.28,117.5,3.0,0
flow_201.11,27.0,3.0,0
flow_001.38,109.0,3.5,0
flow_0012.21,108.0,4.0,0
flow_001.39,103.5,3.0,0
flow_201.12,29.0,4.0,0
flow_3012.25,132.5,4.5,0
flow_301.29,128.5,3.0,0
flow_101.33,139.0,7.5,0
flow_30.18,113.5,3.0,0
flow_1012.17,136.0,5.5,0
flow_00.12,107.5,4.0,0
flow_2012.4,46.5,7.5,0
flow_201.13,28.5,3.0,0
flow_001.40,111.5,3.0,0
flow_10.14,135.0,4.0,0
flow_301.30,129.5,3.5,0
flow_10.15,133.0,3.0,0
flow_3012.26,117.0,6.0,0
flow_001.41,125.0,3.5,0
flow_201.14,45.0,3.5,0
flow_20.7,25.0,2.5,0
flow_00.13,110.5,3.0,0
flow_001.42,109.0,3.0,0
flow_301.31,131.5,3.5,0
flow_101.34,153.5,3.5,0
flow_1012.18,141.0,4.0,0
flow_101.35,135.5,3.0,0
flow_301.32,133.0,7.0,0
flow_00.14,123.5,4.0,0
flow_201.15,25.5,2.5,0
flow_0012.22,114.0,4.5,0
flow_00.15,108.5,3.0,0
flow_201.16,28.5,3.5,0
flow_3012.27,137.0,4.5,0
flow_101.36,140.5,7.0,0
flow_301.33,136.5,3.5,0
flow_30.19,131.5,3.0,0
flow_10.16,138.0,3.5,0
flow_0012.23,125.0,4.0,0
flow_0012.24,113.5,4.0,0
flow_00.16,108.5,3.0,0
flow_101.37,153.0,3.5,0
flow_301.34,134.0,3.5,0
flow_30.20,128.0,3.0,0
flow_101.38,140.5,3.0,0
flow_301.35,116.0,3.0,0
flow_1012.19,138.0,5.5,0
flow_201.17,43.0,3.5,0
flow_001.43,125.5,3.5,0
flow_0012.25,109.5,3.5,0
flow_2012.5,43.0,4.0,0
flow_0012.26,104.0,4.0,0
flow_20.8,41.0,6.0,0
flow_301.36,131.5,3.5,0
flow_1012.20,137.5,6.5,0
flow_101.39,130.5,3.0,0
flow_30.21,128.5,3.5,0
flow_10.17,115.0,3.0,0
flow_001.44,108.0,3.5,0
flow_201.18,40.5,3.5,0
flow_2012.6,31.0,4.0,0
flow_00.17,108.5,5.0,0
flow_2012.7,33.0,6.5,0
flow_3012.28,136.5,4.0,0
flow_301.37,132.5,3.0,0
flow_101.40,131.5,7.0,0
flow_30.22,113.5,3.0,0
flow_101.41,116.5,3.5,0
flow_001.45,127.0,4.0,0
flow_001.46,113.5,3.5,0
flow_001.47,111.0,3.5,0
flow_3012.29,128.0,4.5,0
flow_10.18,133.0,6.5,0
flow_30.23,110.5,3.0,0
flow_1012.21,131.5,5.5,0
flow_30.24,111.5,5.5,0
flow_20.9,27.0,3.0,0
flow_0012.27,128.5,7.0,0
flow_001.48,114.0,3.0,0
flow_001.49,113.5,3.5,0
flow_301.38,125.0,3.5,0
flow_101.42,135.0,3.5,0
flow_1012.22,130.5,4.0,0
flow_301.39,116.5,7.0,0
flow_1012.23,119.5,5.5,0
flow_2012.8,45.0,4.5,0
flow_0012.28,127.5,5.0,0
flow_20.10,35.0,3.0,0
flow_001.50,113.5,3.0,0
flow_20.11,34.0,3.0,0
flow_001.51,111.0,3.0,0
flow_301.40,131.0,3.5,0
flow_1012.24,134.0,6.5,0
flow_101.43,131.0,3.5,0
flow_301.41,131.5,4.0,0
flow_101.44,117.5,3.5,0
flow_2012.9,52.5,4.5,0
flow_00.18,127.5,6.5,0
flow_201.19,51.0,3.0,0
flow_001.52,113.5,3.5,0
flow_2012.10,38.0,4.5,0
flow_10.19,129.5,4.0,0
flow_301.42,136.0,3.5,0
flow_10.20,126.5,3.0,0
flow_301.43,132.0,3.5,0
flow_30.25,114.0,3.0,0
flow_101.45,112.5,3.0,0
flow_001.53,128.5,3.5,0
flow_001.54,114.0,3.5,0
flow_001.55,111.0,3.5,0
flow_30.26,130.0,4.0,0
flow_101.46,126.0,3.5,0
flow_301.44,129.0,3.0,0
flow_101.47,112.5,3.0,0
flow_10.21,105.5,3.0,0
flow_301.45,115.5,3.0,0
flow_00.19,124.5,4.0,0
flow_201.20,36.5,3.5,0
flow_201.21,35.5,3.5,0
flow_00.20,109.0,3.5,0
flow_0012.29,115.5,6.5,0
flow_1012.25,109.0,4.5,0
flow_10.22,104.5,3.0,0
flow_301.46,135.0,7.0,0
flow_10.23,102.5,3.0,0
flow_301.47,133.0,3.5,0
flow_20.12,21.0,1.5,0
flow_001.56,124.0,3.5,0
flow_001.57,112.5,3.0,0
flow_00.21,108.0,3.0,0
flow_101.48,108.0,3.5,0
flow_301.48,137.0,3.5,0
flow_30.27,130.5,3.0,0
flow_101.49,106.0,3.0,0
flow_30.28,114.0,3.0,0
flow_101.50,103.5,3.0,0
flow_00.22,123.5,4.0,0
flow_001.58,112.5,3.0,0
flow_001.59,108.0,3.0,0
flow_30.29,127.5,4.0,0
flow_101.51,109.0,3.5,0
flow_301.49,112.0,3.0,0
flow_101.52,107.0,3.0,0
flow_10.24,102.0,3.0,0
flow_301.50,109.5,3.0,0
flow_00.23,107.5,4.0,0
flow_0012.30,106.5,3.5,0
flow_2012.11,29.5,7.0,0
flow_00.24,102.0,3.0,0
flow_101.53,108.5,3.5,0
flow_301.51,125.5,3.5,0
flow_1012.26,106.5,3.5,0
flow_101.54,103.5,3.0,0
flow_301.52,116.0,6.5,0
flow_2012.12,46.0,4.5,0
flow_201.22,26.5,2.5,0
flow_001.60,113.0,7.5,0
flow_001.61,110.0,3.0,0
flow_20.0,34.5,4.0,0
flow_001.0,38.5,4.0,0
flow_201.0,35.5,3.0,0
flow_2012.0,34.5,3.5,0
flow_0012.0,34.5,6.0,0
flow_10.0,30.0,3.5,0
flow_301.0,43.5,3.5,0
flow_30.0,35.5,3.0,0
flow_10.1,25.5,2.5,0
flow_101.0,25.0,2.5,0
flow_301.1,32.0,2.5,0
flow_001.1,31.5,3.0,0
flow_201.1,40.5,3.5,0
flow_0012.1,27.0,3.5,0
flow_2012.1,40.0,4.0,0
flow_0012.2,26.5,4.0,0
flow_3012.0,44.0,4.5,0
flow_10.2,45.5,7.0,0
flow_30.1,42.5,3.5,0
flow_101.1,44.5,3.5,0
flow_301.2,42.0,3.0,0
flow_101.2,43.5,3.0,0
flow_201.2,59.5,4.0,0
flow_001.2,41.0,3.5,0
flow_00.0,39.0,3.0,0
flow_201.3,59.0,3.0,0
flow_201.4,50.5,3.0,0
flow_0012.3,42.5,6.0,0
flow_3012.1,59.5,4.5,0
flow_101.3,63.5,7.5,0
flow_3012.2,55.0,5.5,0
flow_30.2,39.0,3.5,0
flow_00.1,55.5,4.0,0
flow_201.5,54.0,4.0,0
flow_00.2,55.0,3.0,0
flow_201.6,53.0,3.0,0
flow_00.3,53.0,3.0,0
flow_201.7,52.0,3.5,0
flow_10.3,82.0,4.0,0
flow_101.4,83.0,3.0,0
flow_1012.0,81.0,3.5,0
flow_001.3,73.0,3.5,0
flow_201.8,69.5,3.5,0
flow_00.4,54.5,3.0,0
flow_201.9,68.5,3.0,0
flow_0012.4,55.5,4.0,0
flow_201.10,68.0,7.0,0
flow_1012.1,94.5,4.5,0
flow_30.3,40.0,6.5,0
flow_101.5,93.5,3.0,0
flow_301.3,38.5,3.5,0
flow_101.6,87.5,3.0,0
flow_20.1,80.0,4.0,0
flow_00.5,66.0,4.0,0
flow_20.2,66.0,3.0,0
flow_0012.5,69.0,5.5,0
flow_1012.2,106.0,4.5,0
flow_3012.3,25.0,3.5,0
flow_10.4,102.5,3.5,0
flow_30.4,21.0,2.0,0
flow_10.5,97.0,3.0,0
flow_201.11,87.0,3.5,0
flow_001.4,86.5,3.5,0
flow_20.3,75.0,3.0,0
flow_001.5,84.5,3.0,0
flow_2012.2,75.0,4.0,0
flow_001.6,87.0,7.0,0
flow_10.6,114.5,4.0,0
flow_301.4,42.0,3.5,0
flow_30.5,39.0,3.0,0
flow_101.7,109.5,3.0,0
flow_30.6,39.5,3.0,0
flow_101.8,107.0,3.0,0
flow_201.12,91.5,3.5,0
flow_001.7,99.0,3.5,0
flow_2012.3,79.0,4.0,0
flow_00.6,100.5,6.0,0
flow_2012.4,81.0,6.5,0
flow_0012.6,101.0,5.0,0
flow_1012.3,109.0,4.5,0
flow_30.7,52.0,6.5,0
flow_101.9,106.5,3.0,0
flow_301.5,51.5,3.5,0
flow_1012.4,105.5,4.0,0
flow_2012.5,82.0,4.0,0
flow_0012.7,114.5,4.5,0
flow_0012.8,112.0,4.0,0
flow_001.8,109.0,2.5,0
flow_201.13,86.0,4.0,0
flow_30.8,61.5,4.0,0
flow_101.10,108.5,3.5,0
flow_10.7,105.5,3.0,0
flow_301.6,54.5,3.0,0
flow_301.7,28.5,3.0,0
flow_1012.5,106.5,5.0,0
flow_0012.9,125.0,4.0,0
flow_2012.6,102.5,4.5,0
flow_201.14,98.0,3.0,0
flow_001.9,114.0,3.5,0
flow_001.10,108.0,3.0,0
flow_201.15,96.5,3.0,0
flow_101.11,109.0,3.5,0
flow_301.8,42.5,3.5,0
flow_301.9,35.0,3.0,0
flow_101.12,107.5,3.5,0
flow_1012.6,104.5,4.0,0
flow_3012.4,35.0,4.0,0
flow_201.16,104.0,3.5,0
flow_001.11,108.5,3.5,0
flow_20.4,102.5,3.0,0
flow_00.7,105.5,3.0,0
flow_001.12,102.5,3.0,0
flow_2012.7,99.5,5.5,0
flow_30.9,41.5,4.0,0
flow_101.13,109.5,3.5,0
flow_101.14,107.5,3.0,0
flow_3012.5,26.5,3.5,0
flow_10.8,106.0,6.0,0
flow_2012.8,114.0,4.5,0
flow_001.13,112.5,7.5,0
flow_201.17,97.0,3.0,0
flow_201.18,93.5,3.5,0
flow_001.14,111.0,3.5,0
flow_3012.6,44.0,4.5,0
flow_101.15,112.5,7.0,0
flow_3012.7,34.5,5.5,0
flow_30.10,25.5,2.5,0
flow_001.15,125.0,3.5,0
flow_201.19,110.5,3.5,0
flow_2012.9,111.0,4.5,0
flow_201.20,102.5,3.0,0
flow_001.16,117.0,7.0,0
flow_101.16,131.5,3.5,0
flow_301.10,43.5,3.5,0
flow_101.17,128.5,3.0,0
flow_301.11,42.0,4.0,0
flow_101.18,115.5,3.0,0
flow_0012.10,131.0,4.0,0
flow_2012.10,109.5,4.5,0
flow_201.21,107.0,3.0,0
flow_001.17,130.0,3.0,0
flow_201.22,105.0,3.0,0
flow_0012.11,119.0,6.0,0
flow_10.9,130.0,4.0,0
flow_301.12,44.0,4.0,0
flow_1012.7,129.5,4.0,0
flow_101.19,115.0,3.0,0
flow_301.13,46.0,7.0,0
flow_00.8,131.0,4.0,0
flow_201.23,108.5,3.5,0
flow_201.24,107.0,3.0,0
flow_001.18,129.5,3.0,0
flow_201.25,104.0,3.5,0
flow_001.19,116.5,3.5,0
flow_30.11,51.5,4.0,0
flow_101.20,131.0,3.5,0
flow_301.14,51.5,3.0,0
flow_101.21,129.0,3.0,0
flow_10.10,113.5,3.0,0
flow_301.15,48.0,3.0,0
flow_20.5,107.5,4.0,0
flow_00.9,130.5,4.0,0
flow_201.26,107.5,3.0,0
flow_0012.12,132.0,5.0,0
flow_2012.11,104.0,3.5,0
flow_3012.8,65.0,4.0,0
flow_101.22,136.0,7.5,0
flow_1012.8,131.5,3.5,0
flow_3012.9,53.0,5.5,0
flow_3012.10,51.0,4.5,0
flow_2012.12,109.0,4.5,0
flow_001.20,138.5,7.5,0
flow_2012.13,110.5,5.5,0
flow_20.6,105.0,3.5,0
flow_10.11,133.0,4.0,0
flow_301.16,65.5,3.5,0
flow_1012.9,114.0,4.0,0
flow_101.23,110.0,3.0,0
flow_301.17,70.0,7.0,0
flow_001.21,154.0,3.5,0
flow_201.27,109.5,3.5,0
flow_001.22,141.0,3.0,0
flow_00.10,133.0,3.0,0
flow_201.28,108.0,3.5,0
flow_201.29,105.0,3.5,0
flow_30.12,85.0,4.0,0
flow_101.24,126.0,3.5,0
flow_30.13,63.0,3.5,0
flow_101.25,112.5,3.0,0
flow_30.14,53.0,3.0,0
flow_1012.10,112.5,6.0,0
flow_001.23,136.5,3.5,0
flow_201.30,109.0,3.5,0
flow_20.7,105.5,3.0,0
flow_001.24,136.0,3.5,0
flow_201.31,104.0,3.0,0
flow_001.25,132.5,3.5,0
flow_101.26,125.5,3.5,0
flow_301.18,67.0,3.5,0
flow_30.15,64.5,3.0,0
flow_101.27,113.5,3.5,0
flow_3012.11,64.0,4.0,0
flow_101.28,114.5,7.0,0
flow_20.8,108.5,4.0,0
flow_001.26,137.0,3.5,0
flow_20.9,106.5,3.5,0
flow_001.27,135.5,3.5,0
flow_0012.13,132.0,3.5,0
flow_2012.14,104.5,4.0,0
flow_301.19,67.5,3.5,0
flow_30.16,51.5,3.5,0
flow_1012.11,130.0,7.0,0
flow_101.29,111.5,3.5,0
flow_101.30,107.0,3.5,0
flow_00.11,137.0,4.0,0
flow_201.32,109.0,3.5,0
flow_201.33,106.5,3.0,0
flow_001.28,133.5,3.0,0
flow_001.29,113.0,3.5,0
flow_201.34,103.5,3.5,0
flow_1012.12,109.0,4.5,0
flow_3012.12,72.5,4.5,0
flow_101.31,108.0,3.0,0
flow_301.20,65.5,3.0,0
flow_1012.13,106.5,4.5,0
flow_201.35,108.5,3.5,0
flow_0012.14,112.5,6.5,0
flow_001.30,108.0,3.0,0
flow_201.36,110.0,4.0,0
flow_001.31,106.0,3.5,0
flow_301.21,44.0,3.5,0
flow_1012.14,111.5,6.5,0
flow_30.17,23.0,2.5,0
flow_10.12,107.0,3.5,0
flow_1012.15,105.0,3.5,0
flow_0012.15,110.0,4.5,0
flow_001.32,108.0,3.5,0
flow_201.37,130.0,7.5,0
flow_0012.16,104.5,4.0,0
flow_3012.13,43.0,4.5,0
flow_101.32,113.0,7.5,0
flow_301.22,42.5,3.0,0
flow_101.33,110.0,3.0,0
flow_301.23,33.5,3.0,0
flow_001.33,109.0,3.5,0
flow_201.38,137.0,3.5,0
flow_00.12,106.0,3.0,0
flow_201.39,135.0,3.0,0
flow_0012.17,104.0,4.0,0
flow_201.40,136.5,7.0,0
flow_301.24,50.0,3.5,0
flow_101.34,124.0,3.5,0
flow_3012.14,27.5,3.5,0
flow_101.35,115.5,4.0,0
flow_2012.15,137.5,4.5,0
flow_001.34,113.0,7.5,0
flow_2012.16,138.5,5.5,0
flow_20.10,132.5,3.5,0
flow_3012.15,36.0,4.0,0
flow_101.36,134.5,7.0,0
flow_301.25,36.5,3.5,0
flow_10.13,129.5,3.0,0
flow_00.13,130.0,4.0,0
flow_201.41,137.5,3.5,0
flow_20.11,133.5,3.0,0
flow_001.35,131.0,3.5,0
flow_2012.17,133.5,4.0,0
flow_00.14,117.5,6.0,0
flow_301.26,36.5,3.5,0
flow_101.37,137.5,3.5,0
flow_1012.16,134.5,3.5,0
flow_3012.16,36.5,3.5,0
flow_101.38,132.0,3.0,0
flow_2012.18,136.0,4.0,0
flow_001.36,134.5,7.0,0
flow_2012.19,135.5,5.0,0
flow_201.42,114.5,3.0,0
flow_30.18,33.5,3.5,0
flow_101.39,137.0,3.5,0
flow_3012.17,27.0,3.5,0
flow_101.40,137.5,4.0,0
flow_201.43,110.0,3.5,0
flow_001.37,154.0,4.0,0
flow_2012.20,107.5,4.0,0
flow_20.12,102.0,3.0,0
flow_00.15,143.0,6.5,0
flow_00.16,140.0,4.5,0
flow_3012.18,45.5,5.0,0
flow_101.41,156.0,4.0,0
flow_301.27,43.5,3.0,0
flow_3012.19,42.5,4.0,0
flow_10.14,143.0,5.5,0
flow_2012.21,109.5,4.5,0
flow_20.13,105.0,3.0,0
flow_001.38,157.5,7.5,0
flow_20.14,102.0,3.0,0
flow_001.39,144.5,3.5,0
flow_10.15,152.5,4.0,0
flow_301.28,45.5,3.5,0
flow_10.16,138.0,3.0,0
flow_101.42,134.0,2.5,0
flow_0012.18,159.5,4.5,0
flow_20.15,111.0,6.5,0
flow_2012.22,108.5,4.0,0
flow_0012.19,160.5,6.0,0
flow_2012.23,106.0,4.0,0
flow_301.29,36.5,3.5,0
flow_101.43,135.0,3.5,0
flow_301.30,26.5,2.5,0
flow_1012.17,132.0,5.5,0
flow_101.44,115.5,3.0,0
flow_001.40,161.0,3.5,0
flow_201.44,109.0,3.5,0
flow_001.41,140.0,3.0,0
flow_201.45,106.5,3.0,0
flow_20.16,101.5,3.0,0
flow_001.42,138.5,3.0,0
flow_3012.20,36.5,4.5,0
flow_101.45,135.0,7.5,0
flow_3012.21,34.0,5.5,0
flow_301.31,31.0,3.0,0
flow_00.17,152.0,4.0,0
flow_20.17,108.0,4.0,0
flow_001.43,136.5,3.0,0
flow_0012.20,114.5,3.5,0
flow_2012.24,110.0,5.0,0
flow_301.32,48.0,3.5,0
flow_101.46,155.0,4.0,0
flow_101.47,140.5,3.0,0
flow_301.33,47.5,3.0,0
flow_10.17,133.0,3.0,0
flow_301.34,46.5,3.5,0
flow_20.18,123.0,4.0,0
flow_0012.21,134.5,4.5,0
flow_001.44,132.0,3.0,0
flow_201.46,116.0,4.0,0
flow_30.19,62.5,4.0,0
flow_101.48,134.0,3.5,0
flow_3012.22,64.0,4.5,0
flow_10.18,132.5,6.5,0
flow_301.35,61.5,3.0,0
flow_101.49,117.5,3.5,0
flow_001.45,134.0,3.5,0
flow_201.47,132.0,3.5,0
flow_00.18,128.0,3.0,0
flow_20.19,127.0,3.0,0
flow_001.46,114.5,2.5,0
flow_2012.25,118.0,5.0,0
flow_30.20,77.5,4.0,0
flow_1012.18,135.5,7.5,0
flow_1012.19,132.5,4.5,0
flow_201.48,131.5,3.5,0
flow_0012.22,132.0,6.5,0
flow_2012.26,128.5,3.5,0
flow_2012.27,116.5,4.0,0
flow_10.19,135.5,4.0,0
flow_301.36,101.0,3.5,0
flow_101.50,134.5,3.0,0
flow_3012.23,91.0,5.0,0
flow_1012.20,132.0,3.5,0
flow_3012.24,66.5,4.0,0
flow_001.47,136.0,4.0,0
flow_2012.28,133.0,5.0,0
flow_20.20,128.0,3.5,0
flow_20.21,114.5,3.0,0
flow_00.19,132.0,3.0,0
flow_001.48,138.5,4.0,0
flow_10.20,133.0,4.0,0
flow_30.21,81.0,4.0,0
flow_301.37,81.0,3.0,0
flow_1012.21,115.5,5.0,0
flow_101.51,112.5,3.0,0
flow_0012.23,137.5,4.5,0
flow_20.22,132.0,6.5,0
flow_00.20,134.5,3.0,0
flow_201.49,115.0,3.5,0
flow_00.21,131.0,3.0,0
flow_201.50,110.0,3.5,0
flow_30.22,101.0,4.0,0
flow_101.52,125.0,3.5,0
flow_10.21,110.5,3.0,0
flow_301.38,69.5,3.0,0
flow_10.22,108.0,3.0,0
flow_00.22,132.5,4.0,0
flow_20.23,108.0,4.0,0
flow_20.24,105.5,3.0,0
flow_2012.29,104.0,4.0,0
flow_0012.24,134.0,6.0,0
flow_3012.25,35.0,4.5,0
flow_10.23,126.5,6.5,0
flow_30.23,21.0,2.0,0
flow_101.53,114.0,3.5,0
flow_10.24,107.0,3.0,0
flow_2012.30,110.0,4.5,0
flow_201.51,106.5,3.0,0
flow_001.49,141.5,7.5,0
flow_20.25,102.0,3.0,0
flow_00.23,136.5,3.5,0
flow_301.39,39.5,3.5,0
flow_101.54,110.0,4.0,0
flow_10.25,105.5,3.0,0
flow_30.24,21.5,2.0,0
flow_10.26,103.0,3.0,0
flow_0012.25,152.5,4.0,0
flow_2012.31,109.0,4.5,0
flow_201.52,106.0,3.0,0
flow_001.50,139.5,3.0,0
flow_20.26,101.5,3.0,0
flow_0012.26,119.5,6.5,0
flow_101.55,109.5,3.5,0
flow_101.56,106.5,3.0,0
flow_1012.22,104.5,4.0,0
flow_0012.27,131.5,4.5,0
flow_20.27,110.5,6.5,0
flow_001.51,127.5,3.0,0
flow_001.52,115.5,3.0,0
flow_201.53,109.5,4.0,0
flow_201.54,105.5,3.5,0
flow_30.25,40.5,4.0,0
flow_101.57,109.0,3.5,0
flow_10.27,106.0,3.0,0
flow_301.40,26.0,2.5,0
flow_101.58,104.0,3.0,0
flow_0012.28,131.5,4.5,0
flow_20.28,110.5,6.5,0
flow_0012.29,132.0,6.0,0
flow_301.0,24.0,2.5,0
flow_101.0,25.5,2.5,0
flow_10.0,22.5,2.0,0
flow_30.0,22.0,2.0,0
flow_201.0,34.5,3.5,0
flow_001.0,41.0,4.0,0
flow_001.1,36.5,3.0,0
flow_00.0,33.0,3.0,0
flow_301.1,44.5,3.5,0
flow_101.1,44.0,3.5,0
flow_3012.0,44.0,4.0,0
flow_10.1,45.5,6.0,0
flow_301.2,43.0,3.0,0
flow_10.2,44.0,4.0,0
flow_001.2,53.0,3.5,0
flow_201.1,39.5,4.0,0
flow_2012.0,37.5,4.0,0
flow_20.0,34.5,3.0,0
flow_00.1,54.0,6.0,0
flow_3012.1,58.5,4.5,0
flow_101.2,61.0,7.5,0
flow_301.3,58.5,3.5,0
flow_10.3,57.5,3.5,0
flow_301.4,56.0,3.5,0
flow_001.3,35.5,3.5,0
flow_201.2,54.0,3.5,0
flow_001.4,37.5,3.5,0
flow_2012.1,57.0,6.5,0
flow_2012.2,55.0,4.5,0
flow_30.1,71.5,4.0,0
flow_10.4,74.5,4.0,0
flow_30.2,71.0,3.0,0
flow_101.3,75.0,3.0,0
flow_10.5,72.0,3.0,0
flow_301.5,66.5,3.0,0
flow_001.5,56.0,3.5,0
flow_201.3,68.5,3.5,0
flow_2012.3,68.0,4.0,0
flow_00.2,58.0,6.0,0
flow_201.4,61.5,3.0,0
flow_001.6,54.0,3.5,0
flow_3012.2,86.0,5.0,0
flow_101.4,92.5,8.0,0
flow_3012.3,81.5,6.0,0
flow_2012.4,79.0,4.5,0
flow_001.7,65.0,7.0,0
flow_201.5,75.5,3.5,0
flow_201.6,63.5,3.5,0
flow_0012.0,67.0,5.0,0
flow_301.6,97.0,4.0,0
flow_101.5,106.0,3.5,0
flow_30.3,74.0,3.0,0
flow_101.6,72.0,3.0,0
flow_3012.4,69.5,3.5,0
flow_101.7,73.0,6.5,0
flow_20.1,79.0,4.0,0
flow_001.8,61.0,3.5,0
flow_00.3,58.5,3.0,0
flow_20.2,79.0,3.0,0
flow_201.7,74.0,3.0,0
flow_0012.1,62.0,5.5,0
flow_301.7,86.5,3.5,0
flow_101.8,84.0,3.5,0
flow_10.6,82.5,3.0,0
flow_30.4,80.0,3.0,0
flow_30.5,65.5,3.0,0
flow_101.9,83.0,3.0,0
flow_2012.5,89.5,4.5,0
flow_201.8,86.5,3.0,0
flow_001.9,81.0,7.5,0
flow_2012.6,81.0,4.5,0
flow_101.10,101.0,3.5,0
flow_301.8,85.0,3.5,0
flow_3012.5,82.0,4.0,0
flow_30.6,79.0,3.0,0
flow_101.11,100.0,7.0,0
flow_20.3,91.5,4.0,0
flow_001.10,101.0,4.0,0
flow_201.9,93.0,3.0,0
flow_0012.2,104.0,5.5,0
flow_001.11,100.5,3.0,0
flow_1012.0,116.5,4.5,0
flow_30.7,99.0,6.5,0
flow_101.12,114.5,3.0,0
flow_10.7,102.0,3.0,0
flow_301.9,95.5,3.5,0
flow_001.12,102.5,3.5,0
flow_201.10,112.5,3.5,0
flow_201.11,111.0,3.0,0
flow_001.13,103.5,3.0,0
flow_20.4,94.0,3.0,0
flow_0012.3,104.5,6.5,0
flow_1012.1,121.0,4.5,0
flow_3012.6,114.5,4.5,0
flow_10.8,111.0,3.5,0
flow_301.10,114.0,3.0,0
flow_101.13,109.5,2.5,0
flow_301.11,111.0,3.0,0
flow_001.14,98.0,3.5,0
flow_201.12,113.5,3.5,0
flow_20.5,107.5,3.0,0
flow_00.4,96.5,3.0,0
flow_2012.7,97.5,3.5,0
flow_0012.4,97.0,3.5,0
flow_30.8,121.5,4.0,0
flow_101.14,125.5,4.0,0
flow_301.12,111.5,2.5,0
flow_101.15,112.5,3.0,0
flow_10.9,108.5,3.0,0
flow_301.13,110.0,3.0,0
flow_00.5,113.0,4.0,0
flow_201.13,115.0,3.5,0
flow_001.15,113.0,3.0,0
flow_201.14,106.5,3.0,0
flow_2012.8,106.5,4.0,0
flow_001.16,116.0,7.0,0
flow_30.9,124.5,4.0,0
flow_10.10,125.0,4.0,0
flow_301.14,113.0,3.0,0
flow_101.16,113.0,3.0,0
flow_10.11,105.0,3.0,0
flow_3012.7,113.0,6.5,0
flow_00.6,108.5,4.0,0
flow_20.6,120.0,4.0,0
flow_00.7,105.0,3.0,0
flow_201.15,114.0,3.5,0
flow_001.17,105.0,3.5,0
flow_2012.9,112.5,5.5,0
flow_30.10,123.5,4.0,0
flow_101.17,108.0,3.5,0
flow_3012.8,112.0,3.5,0
flow_10.12,109.0,6.0,0
flow_301.15,108.5,3.0,0
flow_10.13,105.5,4.0,0
flow_201.16,108.5,3.5,0
flow_001.18,109.5,3.5,0
flow_201.17,106.5,3.0,0
flow_001.19,108.0,3.5,0
flow_201.18,102.5,3.0,0
flow_0012.5,106.5,6.0,0
flow_1012.2,110.0,4.5,0
flow_3012.9,110.5,4.5,0
flow_30.11,105.0,3.0,0
flow_10.14,106.0,3.0,0
flow_10.15,103.0,3.0,0
flow_30.12,103.0,3.0,0
flow_20.7,107.5,4.0,0
flow_001.20,109.0,3.5,0
flow_201.19,107.0,3.0,0
flow_001.21,107.5,3.0,0
flow_201.20,104.0,3.0,0
flow_001.22,104.5,3.5,0
flow_3012.10,109.5,4.5,0
flow_10.16,110.5,6.5,0
flow_301.16,108.0,3.5,0
flow_10.17,109.0,4.0,0
flow_1012.3,105.5,3.5,0
flow_00.8,107.0,4.0,0
flow_20.8,109.0,4.0,0
flow_001.23,106.5,3.0,0
flow_2012.10,110.0,5.0,0
flow_201.21,105.5,3.0,0
flow_3012.11,126.0,4.5,0
flow_10.18,111.0,6.5,0
flow_30.13,111.0,3.0,0
flow_1012.4,109.0,5.5,0
flow_2012.11,110.0,4.5,0
flow_00.9,126.5,7.0,0
flow_20.9,105.5,3.0,0
flow_00.10,113.5,4.5,0
flow_001.24,110.5,2.5,0
flow_10.19,122.0,4.0,0
flow_301.17,131.0,3.5,0
flow_101.18,112.5,3.0,0
flow_301.18,128.5,3.0,0
flow_101.19,109.5,3.0,0
flow_301.19,115.5,3.0,0
flow_2012.12,125.5,4.5,0
flow_201.22,112.5,3.0,0
flow_001.25,130.0,7.5,0
flow_201.23,110.0,3.0,0
flow_00.11,115.5,3.5,0
flow_30.14,130.0,4.0,0
flow_101.20,125.0,3.5,0
flow_10.20,111.5,3.0,0
flow_301.20,128.5,3.0,0
flow_101.21,110.0,3.0,0
flow_301.21,115.5,3.0,0
flow_201.24,125.0,3.5,0
flow_0012.6,134.5,6.5,0
flow_20.10,115.0,4.5,0
flow_0012.7,131.0,4.5,0
flow_001.26,116.5,3.0,0
flow_301.22,131.0,3.5,0
flow_1012.5,127.5,6.5,0
flow_10.21,112.0,3.5,0
flow_301.23,131.5,4.0,0
flow_101.22,110.0,3.0,0
flow_00.12,129.5,4.0,0
flow_201.25,131.5,3.5,0
flow_00.13,127.5,3.0,0
flow_201.26,129.5,3.0,0
flow_001.27,115.5,3.0,0
flow_201.27,116.0,3.5,0
flow_1012.6,125.0,4.5,0
flow_101.23,112.0,3.0,0
flow_301.24,141.0,7.5,0
flow_1012.7,109.0,4.5,0
flow_201.28,131.0,3.5,0
flow_2012.13,127.5,3.5,0
flow_0012.8,132.5,6.5,0
flow_00.14,114.0,4.0,0
flow_201.29,115.5,3.0,0
flow_101.24,108.0,3.5,0
flow_301.25,156.0,3.5,0
flow_301.26,140.5,3.0,0
flow_1012.8,110.0,6.0,0
flow_101.25,105.5,3.0,0
flow_201.30,129.5,3.5,0
flow_0012.9,134.0,6.5,0
flow_2012.14,112.0,3.5,0
flow_0012.10,130.0,4.5,0
flow_2012.15,110.0,4.0,0
flow_301.27,155.0,3.5,0
flow_1012.9,112.0,6.5,0
flow_10.22,107.5,3.5,0
flow_301.28,143.0,4.0,0
flow_1012.10,106.5,4.5,0
flow_20.11,123.5,4.0,0
flow_001.28,134.5,3.5,0
flow_2012.16,111.5,4.0,0
flow_201.31,105.0,2.5,0
flow_001.29,134.0,7.0,0
flow_101.26,108.5,3.5,0
flow_301.29,159.5,3.5,0
flow_30.15,156.0,3.0,0
flow_101.27,106.0,3.0,0
flow_301.30,143.5,3.0,0
flow_1012.11,105.5,5.5,0
flow_0012.11,136.5,4.5,0
flow_20.12,111.0,6.5,0
flow_001.30,134.5,3.0,0
flow_001.31,131.0,3.0,0
flow_201.32,111.5,4.0,0
flow_2012.17,107.0,4.5,0
flow_301.31,159.5,3.5,0
flow_10.23,106.5,3.5,0
flow_1012.12,112.5,6.5,0
flow_30.16,157.0,3.5,0
flow_101.28,104.5,3.0,0
flow_00.15,135.5,4.0,0
flow_20.13,108.0,4.0,0
flow_20.14,106.0,3.0,0
flow_00.16,134.5,3.5,0
flow_001.32,131.5,3.0,0
flow_201.33,104.0,3.0,0
flow_1012.13,108.0,4.0,0
flow_301.32,167.5,7.0,0
flow_1012.14,109.0,5.0,0
flow_10.24,102.5,3.0,0
flow_20.15,109.5,4.0,0
flow_0012.12,140.0,7.5,0
flow_2012.18,108.5,4.0,0
flow_00.17,135.0,3.5,0
flow_201.34,104.0,3.0,0
flow_101.29,109.0,3.5,0
flow_10.25,104.5,3.0,0
flow_301.33,186.5,4.0,0
flow_3012.12,168.0,7.0,0
flow_10.26,104.5,5.0,0
flow_201.35,109.0,3.5,0
flow_0012.13,139.5,6.5,0
flow_0012.14,135.0,4.5,0
flow_0012.15,117.0,4.0,0
flow_101.30,109.0,3.5,0
flow_301.34,166.0,3.5,0
flow_301.35,162.5,3.0,0
flow_101.31,108.0,3.5,0
flow_30.17,141.5,3.0,0
flow_1012.15,106.5,6.5,0
flow_201.36,130.0,3.5,0
flow_001.33,129.0,3.5,0
flow_201.37,128.0,3.0,0
flow_001.34,112.5,3.0,0
flow_00.18,108.0,3.0,0
flow_201.38,115.0,2.5,0
flow_1012.16,108.0,4.0,0
flow_10.27,105.0,3.0,0
flow_301.36,161.5,7.5,0
flow_1012.17,104.0,4.0,0
flow_20.16,129.0,4.0,0
flow_00.19,124.0,4.0,0
flow_201.39,127.0,3.0,0
flow_001.35,112.0,3.0,0
flow_0012.16,110.0,4.0,0
flow_20.17,117.5,6.0,0
flow_101.32,108.5,3.5,0
flow_301.37,165.5,4.0,0
flow_10.28,105.0,3.0,0
flow_30.18,161.5,3.0,0
flow_301.38,159.5,2.5,0
flow_1012.18,105.0,5.5,0
flow_0012.17,125.0,4.0,0
flow_001.36,111.5,3.0,0
flow_201.40,136.0,7.5,0
flow_001.37,106.0,3.5,0
flow_2012.19,135.0,5.0,0
flow_10.29,108.0,4.0,0
flow_3012.13,166.5,7.5,0
flow_30.19,161.0,3.5,0
flow_101.33,111.5,3.0,0
flow_0012.18,108.5,4.5,0
flow_001.38,106.5,3.0,0
flow_201.41,141.0,7.5,0
flow_00.20,101.5,3.0,0
flow_201.42,139.0,3.5,0
flow_3012.14,162.5,4.5,0
flow_10.30,126.5,6.5,0
flow_3012.15,143.0,5.5,0
flow_10.31,117.0,7.5,0
flow_00.21,108.5,4.0,0
flow_201.43,154.0,3.5,0
flow_201.44,140.0,3.0,0
flow_001.39,107.5,3.0,0
flow_00.22,102.0,3.0,0
flow_20.18,115.5,3.0,0
flow_30.20,156.5,4.0,0
flow_10.32,130.0,4.0,0
flow_10.33,127.5,3.0,0
flow_301.39,140.0,3.0,0
flow_101.34,115.5,3.0,0
flow_3012.16,140.0,5.5,0
flow_001.40,108.5,3.5,0
flow_201.45,133.0,4.0,0
flow_0012.19,107.5,4.0,0
flow_201.46,133.5,7.0,0
flow_0012.20,107.5,5.5,0
flow_101.35,132.5,3.5,0
flow_301.40,153.5,4.0,0
flow_3012.17,139.0,4.5,0
flow_30.21,115.5,3.0,0
flow_101.36,133.0,7.0,0
flow_201.47,136.0,3.5,0
flow_001.41,109.5,3.5,0
flow_201.48,135.0,3.0,0
flow_20.19,129.5,3.0,0
flow_001.42,108.0,3.5,0
flow_00.23,102.5,3.0,0
flow_3012.18,132.0,4.5,0
flow_1012.19,139.0,5.0,0
flow_101.37,135.5,3.0,0
flow_301.41,130.5,3.5,0
flow_301.42,115.5,3.0,0
flow_101.38,132.5,3.0,0
flow_2012.20,134.5,4.5,0
flow_001.43,114.0,7.5,0
flow_2012.21,134.0,5.5,0
flow_201.49,115.0,3.5,0
flow_30.22,126.5,4.0,0
flow_101.39,134.0,3.5,0
flow_301.43,112.0,3.0,0
flow_101.40,130.5,3.5,0
flow_1012.20,114.5,3.5,0
flow_3012.19,109.5,4.0,0
flow_001.44,131.0,3.5,0
flow_20.20,110.5,3.0,0
flow_201.50,128.5,4.0,0
flow_001.45,129.5,3.0,0
flow_20.21,108.0,3.0,0
flow_001.46,117.0,3.5,0
flow_301.44,109.0,3.5,0
flow_1012.21,131.0,6.0,0
flow_3012.20,106.0,3.5,0
flow_10.34,113.5,4.0,0
flow_3012.21,107.0,6.0,0
flow_001.47,131.0,3.5,0
flow_201.51,126.0,3.5,0
flow_20.22,111.0,3.0,0
flow_001.48,130.0,3.5,0
flow_20.23,105.5,3.0,0
flow_001.49,116.5,3.5,0
flow_1012.22,130.5,4.5,0
flow_30.23,109.5,5.5,0
flow_101.41,128.0,2.5,0
flow_3012.22,109.5,4.0,0
flow_3012.23,106.0,4.0,0
flow_201.52,108.0,3.5,0
flow_001.50,132.0,4.0,0
flow_201.53,106.5,3.0,0
flow_001.51,128.5,3.0,0
flow_00.24,113.5,3.0,0
flow_20.24,103.0,3.0,0
flow_30.24,107.5,4.0,0
flow_101.42,137.0,3.5,0
flow_10.35,130.0,3.0,0
flow_301.45,107.5,3.0,0
flow_1012.23,115.5,4.0,0
flow_3012.24,105.5,4.0,0
flow_001.52,130.5,3.5,0
flow_201.54,109.0,3.5,0
flow_001.53,128.5,3.0,0
flow_201.55,106.5,3.0,0
flow_001.54,114.0,3.5,0
flow_2012.22,107.0,6.5,0
flow_30.25,107.0,4.0,0
flow_10.36,131.0,4.0,0
flow_30.26,106.5,3.5,0
flow_101.43,129.5,3.0,0
flow_301.46,104.0,3.0,0
flow_1012.24,118.5,5.0,0
flow_20.25,107.5,4.0,0
flow_001.55,109.0,3.5,0
flow_001.56,107.0,3.0,0
flow_201.56,107.0,3.0,0
flow_2012.23,104.5,4.0,0
flow_0012.21,105.0,4.0,0
flow_101.44,131.5,3.5,0
flow_301.47,109.0,3.5,0
flow_1012.25,129.0,4.0,0
flow_10.37,113.0,3.0,0
flow_301.48,111.5,7.0,0
flow_0012.22,109.0,4.5,0
flow_2012.24,109.0,4.5,0
flow_0012.23,107.0,4.0,0
flow_001.57,104.0,3.0,0
flow_201.57,112.0,4.5,0
flow_30.27,124.5,4.0,0
flow_101.45,128.5,3.5,0
flow_30.28,110.5,3.0,0
flow_101.46,114.0,3.5,0
flow_30.29,107.5,3.0,0
flow_10.38,109.0,3.0,0
flow_2012.25,126.0,4.5,0
flow_20.26,111.5,3.0,0
flow_001.58,112.5,7.5,0
flow_201.58,109.5,3.0,0
flow_0012.24,112.5,4.5,0
flow_301.49,123.5,3.5,0
flow_101.47,108.5,3.5,0
flow_3012.25,112.5,4.0,0
flow_10.39,109.0,6.0,0
flow_3012.26,113.5,6.5,0
flow_201.59,125.0,3.5,0
flow_0012.25,127.5,5.5,0
flow_001.59,113.0,3.0,0
flow_20.27,113.5,3.5,0
flow_00.25,108.5,3.0,0
flow_10.0,24.5,2.5,0
flow_301.0,24.5,2.5,0
flow_001.0,40.0,3.5,0
flow_201.0,25.0,2.5,0
flow_001.1,38.5,4.0,0
flow_001.2,37.0,4.0,0
flow_30.0,41.5,4.0,0
flow_101.0,44.0,3.5,0
flow_3012.0,42.5,4.0,0
flow_10.1,47.5,6.0,0
flow_3012.1,45.0,6.5,0
flow_001.3,37.5,3.5,0
flow_201.1,40.5,3.5,0
flow_001.4,36.5,3.5,0
flow_2012.0,43.5,6.5,0
flow_201.2,29.5,3.0,0
flow_30.1,49.5,4.0,0
flow_101.1,58.5,3.5,0
flow_3012.2,50.5,3.5,0
flow_10.2,57.5,6.0,0
flow_301.1,33.0,3.0,0
flow_1012.0,57.0,5.0,0
flow_001.5,48.5,3.5,0
flow_201.3,46.0,3.5,0
flow_00.0,47.5,3.0,0
flow_201.4,36.0,3.0,0
flow_001.6,47.5,3.0,0
flow_201.5,36.0,3.0,0
flow_1012.1,71.0,4.0,0
flow_3012.3,49.0,4.5,0
flow_101.2,70.0,3.0,0
flow_301.2,48.5,3.0,0
flow_10.3,65.5,3.0,0
flow_30.2,45.0,3.0,0
flow_00.1,58.5,4.0,0
flow_201.6,52.5,3.5,0
flow_0012.0,49.5,4.0,0
flow_001.7,48.0,3.0,0
flow_20.0,54.0,6.0,0
flow_201.7,53.0,3.5,0
flow_301.3,64.5,3.5,0
flow_1012.2,85.0,6.5,0
flow_101.3,81.0,3.0,0
flow_301.4,66.5,3.5,0
flow_101.4,81.5,3.0,0
flow_2012.1,61.0,4.0,0
flow_001.8,69.5,7.0,0
flow_2012.2,62.5,5.0,0
flow_2012.3,56.5,4.0,0
flow_301.5,71.0,3.5,0
flow_101.5,97.5,3.5,0
flow_1012.3,99.0,4.5,0
flow_301.6,76.0,7.5,0
flow_1012.4,99.0,5.5,0
flow_20.1,57.5,4.0,0
flow_001.9,89.5,3.5,0
flow_201.8,56.0,3.0,0
flow_2012.4,40.0,3.0,0
flow_0012.1,83.5,5.0,0
flow_3012.4,81.5,4.5,0
flow_1012.5,109.5,4.5,0
flow_30.3,71.0,3.0,0
flow_101.6,108.0,3.0,0
flow_3012.5,72.5,4.5,0
flow_10.4,106.0,5.5,0
flow_201.9,53.5,3.5,0
flow_001.10,100.5,3.5,0
flow_201.10,44.0,3.0,0
flow_2012.5,42.0,3.5,0
flow_0012.2,97.5,6.0,0
flow_301.7,86.5,3.5,0
flow_101.7,109.0,3.5,0
flow_101.8,107.0,3.0,0
flow_301.8,85.5,3.0,0
flow_3012.6,73.0,3.5,0
flow_1012.6,103.5,4.0,0
flow_201.11,60.5,3.5,0
flow_001.11,116.0,3.5,0
flow_201.12,55.0,3.0,0
flow_20.2,41.0,3.0,0
flow_001.12,116.5,3.5,0
flow_001.13,105.5,3.0,0
flow_1012.7,108.5,4.5,0
flow_10.5,104.5,3.0,0
flow_30.4,91.0,6.5,0
flow_301.9,90.5,3.5,0
flow_101.9,102.5,3.0,0
flow_3012.7,83.5,4.5,0
flow_201.13,49.5,3.5,0
flow_001.14,95.5,3.5,0
flow_0012.3,95.5,4.0,0
flow_2012.6,35.0,4.0,0
flow_0012.4,94.0,4.5,0
flow_30.5,97.0,4.0,0
flow_101.10,109.5,3.5,0
flow_10.6,104.5,3.0,0
flow_301.10,97.5,3.0,0
flow_101.11,102.5,2.5,0
flow_301.11,98.0,3.5,0
flow_201.14,34.5,3.5,0
flow_0012.5,108.5,6.5,0
flow_20.3,26.5,3.0,0
flow_001.15,102.5,3.0,0
flow_001.16,95.5,3.0,0
flow_301.12,108.5,3.5,0
flow_101.12,109.0,3.5,0
flow_101.13,106.5,3.0,0
flow_301.13,107.0,3.0,0
flow_3012.8,103.5,3.5,0
flow_1012.8,104.5,4.0,0
flow_20.4,42.0,4.0,0
flow_001.17,109.0,3.5,0
flow_20.5,36.5,3.0,0
flow_0012.6,109.5,5.5,0
flow_3012.9,109.0,4.5,0
flow_30.6,105.5,3.0,0
flow_101.14,113.0,7.5,0
flow_3012.10,104.5,4.0,0
flow_10.7,112.0,5.5,0
flow_0012.7,125.5,4.5,0
flow_2012.7,39.5,4.5,0
flow_00.2,108.0,3.0,0
flow_0012.8,114.0,4.5,0
flow_10.8,124.0,4.0,0
flow_301.14,109.5,3.5,0
flow_101.15,112.0,3.0,0
flow_3012.11,109.5,5.0,0
flow_301.15,103.0,2.5,0
flow_00.3,124.0,4.0,0
flow_20.6,41.5,4.0,0
flow_2012.8,30.0,3.5,0
flow_00.4,114.0,6.0,0
flow_0012.9,110.5,4.0,0
flow_30.7,107.0,4.0,0
flow_101.16,131.0,3.5,0
flow_301.16,106.5,3.0,0
flow_101.17,129.0,3.0,0
flow_3012.12,105.0,4.0,0
flow_101.18,121.0,7.5,0
flow_001.18,126.0,3.5,0
flow_2012.9,34.5,6.0,0
flow_001.19,115.0,3.5,0
flow_30.8,107.0,4.0,0
flow_101.19,131.0,3.5,0
flow_3012.13,106.5,3.5,0
flow_301.17,103.0,2.5,0
flow_101.20,134.5,7.0,0
flow_0012.10,130.5,4.0,0
flow_20.7,27.5,6.0,0
flow_001.20,128.0,3.0,0
flow_0012.11,115.0,3.5,0
flow_30.9,107.5,4.0,0
flow_101.21,136.0,3.5,0
flow_301.18,107.0,3.0,0
flow_1012.9,137.5,5.0,0
flow_101.22,132.5,2.5,0
flow_001.21,129.0,3.5,0
flow_201.15,45.5,3.5,0
flow_201.16,37.5,3.0,0
flow_00.5,108.5,3.0,0
flow_001.22,115.5,4.0,0
flow_101.23,134.0,3.5,0
flow_301.19,126.0,3.5,0
flow_3012.14,112.0,3.5,0
flow_101.24,133.5,6.5,0
flow_3012.15,113.0,5.0,0
flow_2012.10,43.0,4.5,0
flow_00.6,127.0,6.5,0
flow_2012.11,37.5,5.5,0
flow_1012.10,136.5,4.0,0
flow_101.25,133.0,3.0,0
flow_301.20,128.0,7.0,0
flow_30.10,114.5,3.5,0
flow_101.26,115.5,3.0,0
flow_001.23,136.0,4.0,0
flow_2012.12,43.5,5.0,0
flow_00.7,134.5,3.5,0
flow_20.8,34.5,3.5,0
flow_001.24,133.5,3.0,0
flow_30.11,130.0,4.0,0
flow_101.27,131.0,3.5,0
flow_10.9,126.5,3.0,0
flow_301.21,129.0,3.0,0
flow_30.12,115.0,3.0,0
flow_10.10,115.5,3.0,0
flow_20.9,27.5,3.5,0
flow_001.25,136.5,3.5,0
flow_00.8,130.5,3.0,0
flow_001.26,114.5,2.5,0
flow_1012.11,128.5,4.5,0
flow_101.28,112.0,3.0,0
flow_10.11,107.0,3.0,0
flow_301.22,135.5,7.5,0
flow_301.23,134.0,3.5,0
flow_2012.13,38.0,4.0,0
flow_0012.12,132.0,4.5,0
flow_0012.13,129.5,4.0,0
flow_001.27,115.5,3.0,0
flow_201.17,30.0,3.5,0
flow_1012.12,125.0,4.5,0
flow_30.13,139.0,6.5,0
flow_3012.16,135.0,4.0,0
flow_1012.13,115.0,5.5,0
flow_1012.14,110.5,5.0,0
flow_001.28,131.0,3.5,0
flow_201.18,44.0,3.5,0
flow_2012.14,44.0,4.0,0
flow_00.9,131.0,6.0,0
flow_2012.15,36.0,6.5,0
flow_101.29,108.5,3.5,0
flow_301.24,136.5,3.5,0
flow_1012.15,107.0,4.0,0
flow_301.25,139.5,7.0,0
flow_1012.16,108.0,5.5,0
flow_001.29,136.0,3.5,0
flow_2012.16,37.0,6.5,0
flow_2012.17,29.0,4.5,0
flow_00.10,117.0,5.5,0
flow_2012.18,29.5,7.0,0
flow_1012.17,109.5,4.5,0
flow_3012.17,154.5,4.5,0
flow_10.12,108.0,3.0,0
flow_301.26,140.0,3.0,0
flow_00.11,129.5,4.0,0
flow_001.30,128.5,3.0,0
flow_001.31,115.5,3.0,0
flow_101.30,125.0,3.5,0
flow_301.27,154.5,3.5,0
flow_301.28,140.5,3.0,0
flow_30.14,136.5,3.0,0
flow_101.31,114.5,3.5,0
flow_101.32,112.5,3.5,0
flow_201.19,39.0,3.5,0
flow_001.32,131.5,3.5,0
flow_201.20,39.0,3.0,0
flow_001.33,129.5,3.0,0
flow_201.21,38.5,3.0,0
flow_001.34,117.0,3.5,0
flow_101.33,125.0,3.5,0
flow_301.29,153.5,3.5,0
flow_101.34,112.0,3.0,0
flow_301.30,138.0,3.0,0
flow_1012.18,110.0,4.0,0
flow_30.15,135.0,6.0,0
flow_0012.14,131.5,4.5,0
flow_001.35,128.5,3.0,0
flow_201.22,60.5,7.5,0
flow_0012.15,116.0,4.0,0
flow_20.10,32.0,6.0,0
flow_101.35,124.5,3.5,0
flow_301.31,137.0,3.5,0
flow_3012.18,132.0,4.0,0
flow_101.36,116.0,6.5,0
flow_3012.19,118.5,5.0,0
flow_20.11,34.0,4.0,0
flow_0012.16,132.5,6.5,0
flow_001.36,114.0,3.0,0
flow_201.23,38.0,2.5,0
flow_3012.20,128.0,4.0,0
flow_101.37,136.0,7.5,0
flow_301.32,111.5,3.5,0
flow_30.16,105.0,3.0,0
flow_101.38,133.0,3.5,0
flow_00.12,126.5,4.0,0
flow_2012.19,59.0,6.5,0
flow_201.24,44.0,2.5,0
flow_001.37,116.5,3.0,0
flow_101.39,136.0,3.5,0
flow_301.33,109.5,3.5,0
flow_101.40,131.5,3.0,0
flow_301.34,108.0,3.5,0
flow_1012.19,116.0,4.0,0
flow_301.35,107.5,7.0,0
flow_20.12,34.5,4.0,0
flow_00.13,131.0,4.0,0
flow_001.38,128.5,3.0,0
flow_00.14,113.5,3.0,0
flow_3012.21,109.5,4.5,0
flow_30.17,106.5,3.0,0
flow_101.41,135.5,7.5,0
flow_301.36,104.0,3.0,0
flow_1012.20,134.5,4.5,0
flow_0012.17,132.0,4.5,0
flow_001.39,128.5,3.0,0
flow_00.15,113.0,3.0,0
flow_201.25,45.5,7.5,0
flow_20.13,31.5,3.0,0
flow_30.18,108.0,4.0,0
flow_1012.21,140.0,7.5,0
flow_10.13,137.5,3.5,0
flow_301.37,112.0,3.5,0
flow_20.14,48.5,4.0,0
flow_0012.18,134.5,7.5,0
flow_20.15,50.5,5.0,0
flow_001.40,131.0,3.5,0
flow_101.42,152.5,3.5,0
flow_30.19,124.5,4.0,0
flow_10.14,139.5,3.0,0
flow_30.20,111.5,3.0,0
flow_301.38,110.0,3.0,0
flow_1012.22,139.0,5.5,0
flow_00.16,136.0,4.0,0
flow_2012.20,39.5,6.5,0
flow_001.41,137.0,3.0,0
flow_301.39,125.5,3.5,0
flow_1012.23,137.5,6.5,0
flow_10.15,129.5,3.5,0
flow_10.16,117.0,3.5,0
flow_301.40,117.5,4.0,0
flow_00.17,134.0,4.0,0
flow_201.26,39.0,3.5,0
flow_2012.21,29.0,3.5,0
flow_0012.19,129.5,4.0,0
flow_001.42,115.0,2.5,0
flow_30.21,129.0,4.0,0
flow_101.43,131.0,3.5,0
flow_30.22,127.5,3.5,0
flow_101.44,130.0,3.5,0
flow_3012.22,116.0,4.0,0
flow_101.45,116.5,7.0,0
flow_2012.22,32.5,4.5,0
flow_00.18,132.0,6.0,0
flow_001.43,130.0,3.0,0
flow_00.19,114.5,3.0,0
flow_30.23,129.5,4.0,0
flow_101.46,125.5,3.5,0
flow_3012.23,129.5,4.0,0
flow_1012.24,112.0,4.0,0
flow_101.47,107.0,2.5,0
flow_301.41,114.5,3.5,0
flow_0012.20,131.5,4.5,0
flow_2012.23,31.5,4.0,0
flow_2012.24,30.5,3.5,0
flow_201.27,27.5,2.5,0
flow_001.44,132.5,3.5,0
flow_30.24,124.0,4.0,0
flow_101.48,109.0,3.5,0
flow_301.42,112.0,3.0,0
flow_101.49,107.0,3.0,0
flow_30.25,108.5,3.0,0
flow_1012.25,106.5,6.5,0
flow_201.28,44.5,3.5,0
flow_001.45,136.5,3.5,0
flow_00.20,130.0,3.0,0
flow_20.16,43.0,3.0,0
flow_001.46,112.5,3.0,0
flow_2012.25,44.5,5.5,0
flow_101.50,108.0,3.5,0
flow_3012.24,128.5,6.5,0
flow_301.43,112.0,3.0,0
flow_101.51,108.5,4.0,0
flow_301.44,108.5,3.0,0
flow_0012.21,126.0,4.5,0
flow_20.17,61.0,6.5,0
flow_001.47,112.5,3.0,0
flow_2012.26,52.0,5.0,0
flow_201.29,49.5,3.0,0
flow_101.52,124.0,3.5,0
flow_301.45,108.5,3.5,0
flow_30.26,105.5,3.0,0
flow_101.53,112.5,3.0,0
flow_301.46,104.0,3.0,0
flow_1012.26,112.0,5.5,0
flow_201.30,64.0,3.5,0
flow_001.48,132.0,3.5,0
flow_2012.27,55.0,4.0,0
flow_201.31,49.0,3.0,0
flow_001.49,132.5,6.5,0
flow_30.27,108.0,4.0,0
flow_101.54,124.0,3.5,0
flow_3012.25,107.0,4.0,0
flow_30.28,102.0,3.0,0
flow_10.17,115.0,6.0,0
flow_101.55,111.5,3.5,0
flow_2012.28,63.0,5.0,0
flow_001.50,141.5,7.5,0
flow_0012.22,138.0,3.5,0
flow_2012.29,61.0,5.5,0
flow_1012.27,125.0,4.5,0
flow_30.29,111.0,6.5,0
flow_10.18,112.0,3.0,0
flow_301.47,108.0,3.5,0
flow_10.19,109.0,3.0,0
flow_301.48,107.0,3.5,0
flow_20.18,76.0,4.0,0
flow_00.21,152.5,4.0,0
flow_001.51,139.5,3.0,0
flow_201.32,78.0,3.5,0
flow_20.19,74.0,3.0,0
flow_001.52,136.0,3.5,0
flow_301.49,108.0,3.5,0
flow_101.56,126.0,3.5,0
flow_3012.26,106.5,4.0,0
flow_301.50,101.5,2.5,0
flow_101.57,116.0,7.0,0
flow_001.53,137.0,3.5,0
flow_201.33,91.0,4.0,0
flow_00.22,133.5,3.0,0
flow_201.34,90.0,3.5,0
flow_20.20,59.5,3.0,0
flow_001.54,131.5,3.0,0
flow_10.20,127.5,4.0,0
flow_30.30,107.5,4.0,0
flow_101.58,112.0,3.0,0
flow_3012.27,109.5,4.5,0
flow_301.51,105.0,3.0,0
flow_201.35,69.5,3.5,0
flow_001.55,137.0,3.5,0
flow_001.56,133.0,3.0,0
flow_201.36,65.5,3.0,0
flow_0012.23,115.5,4.0,0
flow_201.37,58.5,7.0,0
flow_101.59,131.5,3.5,0
flow_301.52,109.5,3.5,0
flow_10.21,128.5,3.0,0
flow_301.53,107.5,3.0,0
flow_101.60,115.0,3.0,0
flow_301.54,104.5,3.5,0
flow_20.21,70.5,4.0,0
flow_00.23,127.5,4.0,0
flow_001.57,109.5,3.0,0
flow_201.38,71.0,3.0,0
flow_001.58,104.5,3.0,0
flow_201.39,66.0,3.5,0
flow_10.0,21.5,2.0,0
flow_101.0,27.0,3.0,0
flow_201.0,39.0,3.5,0
flow_001.0,32.5,3.5,0
flow_00.0,29.5,3.0,0
flow_201.1,38.0,3.0,0
flow_201.2,37.5,3.5,0
flow_1012.0,42.0,4.0,0
flow_10.1,41.0,3.0,0
flow_10.2,40.0,3.0,0
flow_20.0,52.0,4.0,0
flow_001.1,32.0,3.0,0
flow_2012.0,53.5,4.0,0
flow_20.1,50.5,3.0,0
flow_001.2,29.0,3.5,0
flow_1012.1,57.5,4.0,0
flow_101.1,58.0,3.0,0
flow_101.2,57.0,3.0,0
flow_301.0,26.5,2.5,0
flow_201.3,70.0,3.5,0
flow_2012.1,62.5,3.5,0
flow_0012.0,48.5,6.5,0
flow_2012.2,62.0,4.0,0
flow_001.3,52.0,7.0,0
flow_301.1,43.5,3.5,0
flow_1012.2,77.0,6.5,0
flow_101.3,74.5,3.0,0
flow_301.2,31.0,3.5,0
flow_101.4,73.5,3.0,0
flow_0012.1,66.0,4.5,0
flow_20.2,75.5,6.5,0
flow_001.4,64.5,3.0,0
flow_0012.2,63.0,3.5,0
flow_2012.3,76.0,5.0,0
flow_301.3,43.0,3.5,0
flow_101.5,90.0,3.5,0
flow_301.4,39.5,3.5,0
flow_101.6,88.0,3.5,0
flow_101.7,85.0,3.5,0
flow_20.3,81.0,4.0,0
flow_00.1,80.0,4.0,0
flow_00.2,79.0,3.0,0
flow_201.4,70.0,3.5,0
flow_001.5,77.0,3.0,0
flow_201.5,68.5,3.0,0
flow_1012.3,101.0,4.0,0
flow_101.8,96.5,3.0,0
flow_101.9,83.5,3.0,0
flow_2012.4,80.0,4.0,0
flow_0012.3,77.0,4.5,0
flow_0012.4,69.5,4.0,0
flow_001.6,67.0,3.0,0
flow_201.6,83.0,4.0,0
flow_101.10,100.5,3.5,0
flow_301.5,42.5,3.5,0
flow_101.11,95.5,3.0,0
flow_10.3,93.5,3.0,0
flow_00.3,78.0,4.0,0
flow_2012.5,94.0,7.5,0
flow_2012.6,92.0,4.5,0
flow_10.4,107.0,4.0,0
flow_10.5,96.0,3.0,0
flow_1012.4,102.5,4.5,0
flow_201.7,108.5,3.5,0
flow_001.7,102.0,3.5,0
flow_201.8,109.0,3.0,0
flow_001.8,102.5,3.5,0
flow_2012.7,108.5,4.0,0
flow_001.9,104.0,7.0,0
flow_1012.5,109.5,4.5,0
flow_10.6,95.5,3.0,0
flow_30.0,22.0,2.0,0
flow_10.7,95.0,3.0,0
flow_00.4,116.5,4.0,0
flow_201.9,124.0,3.5,0
flow_0012.5,117.5,4.0,0
flow_00.5,113.5,3.0,0
flow_20.4,125.0,6.0,0
flow_201.10,118.5,3.5,0
flow_101.12,103.0,3.5,0
flow_10.8,101.0,3.0,0
flow_301.6,26.5,3.0,0
flow_1012.6,94.0,4.0,0
flow_0012.6,130.5,4.0,0
flow_2012.8,132.0,4.5,0
flow_2012.9,130.0,4.0,0
flow_2012.10,115.0,4.0,0
flow_001.10,134.5,7.0,0
flow_30.1,43.0,4.0,0
flow_1012.7,112.0,7.5,0
flow_10.9,104.0,3.5,0
flow_301.7,48.0,3.0,0
flow_001.11,136.5,3.5,0
flow_201.11,127.5,3.5,0
flow_00.6,133.0,3.0,0
flow_201.12,111.5,3.0,0
flow_2012.11,107.5,3.5,0
flow_0012.7,132.5,4.0,0
flow_1012.8,119.5,4.5,0
flow_30.2,54.5,6.5,0
flow_10.10,111.5,3.0,0
flow_10.11,101.0,3.0,0
flow_20.5,107.0,4.0,0
flow_001.12,134.0,3.5,0
flow_201.13,106.5,3.0,0
flow_001.13,113.0,3.0,0
flow_00.7,107.5,3.0,0
flow_201.14,104.0,3.0,0
flow_101.13,121.0,3.5,0
flow_101.14,112.5,3.0,0
flow_101.15,110.0,3.0,0
flow_201.15,109.5,3.5,0
flow_0012.8,127.5,6.5,0
flow_2012.12,106.0,3.5,0
flow_0012.9,114.5,4.5,0
flow_0012.10,112.0,4.5,0
flow_101.16,124.5,3.5,0
flow_101.17,112.5,3.0,0
flow_10.12,108.5,3.0,0
flow_201.16,125.0,3.5,0
flow_2012.13,111.5,3.5,0
flow_0012.11,128.0,6.5,0
flow_2012.14,110.5,4.0,0
flow_001.14,119.5,7.0,0
flow_301.8,40.5,3.5,0
flow_10.13,126.5,4.0,0
flow_101.18,111.0,3.0,0
flow_301.9,28.5,3.0,0
flow_101.19,106.5,3.0,0
flow_20.6,124.0,4.0,0
flow_001.15,126.0,3.5,0
flow_201.17,112.0,3.0,0
flow_0012.12,115.5,5.0,0
flow_00.8,110.0,3.0,0
flow_10.14,108.0,4.0,0
flow_301.10,25.0,2.5,0
flow_1012.9,107.5,4.0,0
flow_1012.10,104.0,4.0,0
flow_00.9,124.0,4.0,0
flow_201.18,130.5,3.5,0
flow_2012.15,129.0,4.0,0
flow_0012.13,112.5,4.0,0
flow_201.19,115.5,3.0,0
flow_001.16,104.5,3.5,0
flow_101.20,108.5,3.5,0
flow_3012.0,25.0,3.0,0
flow_101.21,109.0,4.0,0
flow_00.10,109.0,4.0,0
flow_201.20,132.0,3.5,0
flow_001.17,103.0,3.0,0
flow_2012.16,131.5,5.0,0
flow_0012.14,95.0,3.5,0
flow_10.15,124.0,4.0,0
flow_1012.11,113.0,4.0,0
flow_10.16,108.5,3.0,0
flow_301.11,27.0,3.0,0
flow_201.21,136.5,3.5,0
flow_0012.15,115.0,6.0,0
flow_00.11,109.5,3.5,0
flow_201.22,134.5,3.5,0
flow_0012.16,106.0,4.0,0
flow_1012.12,126.5,4.5,0
flow_101.22,113.0,3.0,0
flow_301.12,35.5,4.0,0
flow_30.3,28.0,3.0,0
flow_10.17,110.0,3.0,0
flow_2012.17,136.5,4.0,0
flow_0012.17,110.0,4.5,0
flow_0012.18,106.5,4.0,0
flow_001.18,103.0,3.0,0
flow_201.23,140.0,4.5,0
flow_10.18,124.0,4.0,0
flow_30.4,45.5,4.0,0
flow_301.13,46.0,3.0,0
flow_101.23,112.5,3.0,0
flow_3012.1,45.0,4.0,0
flow_10.19,112.5,6.0,0
flow_201.24,153.0,3.5,0
flow_001.19,108.5,3.5,0
flow_2012.18,140.5,4.0,0
flow_0012.19,107.5,4.0,0
flow_201.25,137.5,3.5,0
flow_001.20,105.0,3.5,0
flow_101.24,125.5,3.5,0
flow_101.25,112.5,3.0,0
flow_301.14,24.5,2.5,0
flow_10.20,105.0,3.0,0
flow_20.7,135.5,4.0,0
flow_001.21,109.0,3.5,0
flow_20.8,133.5,3.0,0
flow_001.22,107.0,3.0,0
flow_201.26,131.0,3.0,0
flow_00.12,103.5,3.0,0
flow_101.26,108.5,3.5,0
flow_1012.13,107.0,3.5,0
flow_101.27,103.5,3.0,0
flow_301.15,25.5,2.5,0
flow_2012.19,137.5,4.5,0
flow_001.23,112.5,7.5,0
flow_2012.20,136.5,5.5,0
flow_0012.20,110.5,4.0,0
flow_2012.21,118.5,4.5,0
flow_10.21,107.5,4.0,0
flow_101.28,107.0,3.0,0
flow_1012.14,103.5,3.5,0
flow_201.27,129.0,3.5,0
flow_001.24,125.0,3.5,0
flow_0012.21,113.0,4.0,0
flow_00.13,108.0,3.0,0
flow_201.28,115.5,7.0,0
flow_1012.15,109.0,4.5,0
flow_101.29,107.0,3.0,0
flow_1012.16,104.5,4.0,0
flow_20.9,126.5,4.0,0
flow_00.14,124.0,4.0,0
flow_001.25,111.5,2.5,0
flow_201.29,114.5,3.5,0
flow_001.26,110.0,3.0,0
flow_2012.22,113.0,6.0,0
flow_1012.17,108.5,4.0,0
flow_30.5,43.5,6.5,0
flow_101.30,107.0,3.0,0
flow_1012.18,103.5,3.5,0
flow_201.30,125.0,3.5,0
flow_001.27,125.0,3.5,0
flow_201.31,112.0,3.0,0
flow_001.28,112.0,3.0,0
flow_00.15,108.5,3.0,0
flow_201.32,110.5,3.0,0
flow_3012.2,37.5,4.0,0
flow_1012.19,109.0,4.5,0
flow_1012.20,107.5,4.0,0
flow_101.31,105.5,3.5,0
flow_2012.23,125.5,4.5,0
flow_00.16,127.0,6.5,0
flow_0012.22,111.0,4.0,0
flow_2012.24,115.0,5.5,0
flow_0012.23,105.0,3.5,0
flow_101.32,109.0,3.5,0
flow_101.33,107.5,3.0,0
flow_101.34,105.5,3.5,0
flow_00.17,108.0,4.0,0
flow_201.33,130.5,3.5,0
flow_201.34,128.0,3.0,0
flow_001.29,106.5,3.0,0
flow_0012.24,105.0,4.0,0
flow_201.35,119.5,7.0,0
flow_101.35,109.5,3.5,0
flow_3012.3,28.5,4.5,0
flow_101.36,109.5,3.5,0
flow_2012.25,128.5,4.5,0
flow_0012.25,109.5,4.5,0
flow_0012.26,108.0,4.0,0
flow_00.18,102.5,3.0,0
flow_201.36,116.5,4.0,0
flow_1012.21,125.0,4.0,0
flow_10.22,111.0,3.0,0
flow_301.16,25.5,2.5,0
flow_1012.22,110.5,4.0,0
flow_201.37,131.0,3.5,0
flow_0012.27,111.0,6.0,0
flow_00.19,107.0,3.5,0
flow_201.38,131.0,4.0,0
flow_00.20,103.5,3.0,0
flow_3012.4,41.0,4.5,0
flow_101.37,130.0,7.5,0
flow_1012.23,116.5,4.0,0
flow_001.30,108.5,3.5,0
flow_201.39,137.0,3.5,0
flow_20.10,133.5,3.0,0
flow_001.31,106.5,3.0,0
flow_20.11,131.5,3.0,0
flow_001.32,103.5,3.0,0
flow_10.23,130.0,4.0,0
flow_30.6,42.0,4.0,0
flow_30.7,42.0,3.0,0
flow_101.38,130.0,3.5,0
flow_101.39,116.5,3.5,0
flow_201.40,136.5,3.5,0
flow_001.33,108.5,3.5,0
flow_20.12,131.5,3.0,0
flow_001.34,106.5,3.0,0
flow_201.41,115.0,3.0,0
flow_001.35,105.0,3.5,0
flow_30.8,25.0,3.0,0
flow_1012.24,134.5,7.0,0
flow_10.24,129.0,3.5,0
flow_301.17,27.5,3.0,0
flow_10.25,115.0,3.0,0
flow_20.13,129.0,4.0,0
flow_001.36,109.0,3.5,0
flow_00.21,106.0,3.0,0
flow_201.42,128.0,3.0,0
flow_001.37,103.0,2.5,0
flow_201.43,115.5,3.5,0
flow_101.40,128.0,3.5,0
flow_10.26,110.5,3.0,0
flow_101.41,108.5,2.5,0
flow_301.18,24.5,2.5,0
flow_2012.26,128.0,4.5,0
flow_20.14,110.5,3.0,0
flow_001.38,112.5,7.5,0
flow_201.44,107.0,3.0,0
flow_0012.28,113.5,5.0,0
flow_3012.5,42.5,4.5,0
flow_101.42,129.5,7.5,0
flow_10.27,111.5,3.5,0
flow_00.22,122.5,4.0,0
flow_201.45,110.0,3.5,0
flow_001.39,112.0,3.0,0
flow_2012.27,110.0,5.0,0
flow_201.46,105.0,3.0,0
flow_101.43,126.0,3.5,0
flow_301.19,26.0,3.0,0
flow_101.44,112.0,3.0,0
flow_101.45,110.0,3.0,0
flow_00.23,130.0,4.0,0
flow_20.15,108.0,4.0,0
flow_201.47,107.0,3.0,0
flow_001.40,129.5,3.0,0
flow_2012.28,104.0,4.0,0
flow_001.41,120.0,7.0,0
flow_10.28,125.0,4.0,0
flow_301.20,39.0,3.5,0
flow_101.46,112.5,3.0,0
flow_101.47,109.5,3.5,0
flow_2012.29,108.5,4.0,0
flow_20.16,105.0,3.0,0
flow_00.24,133.0,6.5,0
flow_0012.29,133.0,6.0,0
flow_10.29,123.0,4.0,0
flow_3012.6,34.0,7.0,0
flow_10.30,114.0,5.0,0
flow_101.48,111.5,3.0,0
flow_001.42,136.5,3.5,0
flow_201.48,126.5,4.0,0
flow_0012.30,136.0,4.0,0
flow_00.25,130.5,3.0,0
flow_201.49,116.5,7.0,0
flow_10.31,124.5,4.0,0
flow_101.49,110.0,3.0,0
flow_101.50,105.0,3.0,0
flow_201.50,130.5,3.5,0
flow_001.43,134.0,3.5,0
flow_20.17,127.0,3.0,0
flow_00.26,129.0,3.0,0
flow_00.27,114.5,3.0,0
flow_201.51,115.0,3.0,0
flow_1012.25,110.0,4.5,0
flow_101.51,106.5,3.0,0
flow_301.21,48.0,7.5,0
flow_101.52,103.5,3.0,0
flow_2012.30,130.5,4.0,0
flow_0012.31,129.0,4.0,0
flow_2012.31,128.5,4.0,0
flow_2012.32,116.0,4.0,0
flow_001.44,120.0,7.0,0
flow_301.22,40.0,3.5,0
flow_101.53,109.0,3.5,0
flow_30.9,26.0,2.5,0
flow_101.54,108.0,3.5,0
flow_101.55,105.0,3.5,0
flow_0012.32,132.5,4.5,0
flow_20.18,134.5,7.0,0
flow_0012.33,131.0,6.0,0
flow_20.19,134.0,7.5,0
flow_10.32,107.0,4.0,0
flow_101.56,106.5,3.0,0
flow_101.57,105.0,3.5,0
flow_2012.33,137.5,4.5,0
flow_001.45,141.0,7.5,0
flow_2012.34,135.5,5.5,0
flow_201.52,117.5,3.5,0
flow_1012.26,108.5,4.0,0
flow_30.10,32.5,5.5,0
flow_1012.27,108.5,5.0,0
flow_101.58,104.5,3.0,0
flow_001.46,157.0,3.5,0
flow_201.53,129.0,3.5,0
flow_00.28,138.5,3.0,0
flow_201.54,113.0,3.5,0
flow_001.47,138.0,3.0,0
flow_201.55,111.0,3.5,0
flow_101.0,26.0,3.0,0
flow_3012.0,26.0,3.5,0
flow_201.0,32.5,3.5,0
flow_00.0,21.0,1.5,0
flow_2012.0,33.0,5.0,0
flow_201.1,28.5,3.5,0
flow_10.0,34.0,4.0,0
flow_301.0,37.0,3.5,0
flow_10.1,29.5,3.0,0
flow_301.1,37.0,3.0,0
flow_30.0,27.0,2.5,0
flow_001.0,26.5,3.0,0
flow_201.2,42.5,3.5,0
flow_001.1,27.0,3.0,0
flow_3012.1,47.0,4.5,0
flow_101.1,42.0,7.5,0
flow_3012.2,41.5,5.0,0
flow_00.1,23.5,2.5,0
flow_201.3,44.0,3.5,0
flow_0012.0,27.0,4.0,0
flow_20.0,45.0,6.0,0
flow_0012.1,27.5,5.0,0
flow_30.1,41.5,4.0,0
flow_1012.0,43.0,6.5,0
flow_201.4,53.0,12.5,0
flow_101.2,38.0,3.0,0
flow_301.2,30.0,2.5,0
flow_2012.1,58.5,4.0,0
flow_00.2,43.0,6.5,0
flow_201.5,58.0,3.0,0
flow_20.1,55.0,3.0,0
flow_001.2,38.0,3.5,0
flow_0012.2,39.0,5.0,0
flow_301.3,46.5,3.5,0
flow_1012.1,58.5,6.5,0
flow_1012.2,52.5,4.5,0
flow_101.3,44.5,3.0,0
flow_301.4,52.0,4.5,0
flow_2012.2,75.5,4.5,0
flow_001.3,57.0,7.5,0
flow_201.6,63.5,3.5,0
flow_20.2,54.0,3.0,0
flow_001.4,57.0,3.5,0
flow_101.4,61.0,3.5,0
flow_301.5,67.5,3.5,0
flow_3012.3,65.5,3.5,0
flow_101.5,63.0,6.5,0
flow_301.6,60.0,3.0,0
flow_00.3,64.0,4.0,0
flow_201.7,72.5,3.5,0
flow_001.5,64.5,3.0,0
flow_201.8,62.5,3.0,0
flow_201.9,46.0,3.0,0
flow_001.6,63.0,3.5,0
flow_301.7,77.5,3.5,0
flow_101.6,80.5,3.5,0
flow_10.2,77.5,3.0,0
flow_301.8,64.5,3.0,0
flow_101.7,78.5,3.0,0
flow_3012.4,57.5,5.5,0
flow_001.7,77.0,3.5,0
flow_201.10,62.5,3.5,0
flow_2012.3,61.5,4.0,0
flow_001.8,80.0,6.5,0
flow_2012.4,62.5,5.0,0
flow_101.8,93.5,3.5,0
flow_3012.5,70.5,6.5,0
flow_30.2,67.0,3.5,0
flow_101.9,96.5,4.0,0
flow_301.9,68.0,3.0,0
flow_2012.5,63.0,4.5,0
flow_001.9,101.5,7.5,0
flow_2012.6,65.5,5.5,0
flow_201.11,27.5,3.0,0
flow_301.10,83.5,3.5,0
flow_1012.3,116.0,6.5,0
flow_101.10,113.0,3.0,0
flow_301.11,83.0,3.5,0
flow_10.3,95.0,3.0,0
flow_001.10,120.0,3.5,0
flow_201.12,42.0,3.5,0
flow_2012.7,41.0,4.0,0
flow_001.11,124.0,6.5,0
flow_201.13,40.5,3.0,0
flow_3012.6,95.0,4.5,0
flow_101.11,116.5,7.5,0
flow_3012.7,89.0,5.0,0
flow_1012.4,90.5,4.0,0
flow_2012.8,55.0,4.0,0
flow_00.4,142.0,6.5,0
flow_2012.9,53.0,5.5,0
flow_201.14,43.0,3.0,0
flow_101.12,107.0,3.5,0
flow_301.12,103.5,4.0,0
flow_10.4,104.5,3.0,0
flow_301.13,102.0,3.0,0
flow_101.13,104.5,3.0,0
flow_3012.8,102.0,5.0,0
flow_001.12,150.0,4.0,0
flow_201.15,52.5,3.5,0
flow_001.13,143.5,3.5,0
flow_201.16,51.5,3.5,0
flow_0012.3,141.5,3.5,0
flow_201.17,48.0,7.0,0
flow_101.14,122.0,3.5,0
flow_30.3,118.5,4.0,0
flow_10.5,105.5,3.0,0
flow_30.4,116.5,3.5,0
flow_10.6,90.5,3.0,0
flow_30.5,112.0,3.0,0
flow_201.18,56.5,3.5,0
flow_001.14,136.0,3.5,0
flow_201.19,53.0,3.0,0
flow_001.15,134.5,3.5,0
flow_2012.10,52.0,4.0,0
flow_001.16,130.5,6.5,0
flow_301.14,129.5,3.5,0
flow_1012.5,112.5,6.5,0
flow_3012.9,121.5,4.0,0
flow_301.15,113.5,3.0,0
flow_101.15,113.0,3.5,0
flow_201.20,64.5,3.5,0
flow_0012.4,147.0,6.5,0
flow_2012.11,58.5,4.0,0
flow_201.21,55.5,3.0,0
flow_001.17,147.5,3.5,0
flow_30.6,128.5,4.0,0
flow_101.16,129.5,3.5,0
flow_3012.10,113.0,4.0,0
flow_301.16,107.5,3.0,0
flow_101.17,131.0,7.0,0
flow_201.22,69.0,3.5,0
flow_00.5,161.5,4.0,0
flow_00.6,139.5,3.0,0
flow_201.23,62.0,3.0,0
flow_20.3,59.0,3.0,0
flow_001.18,134.0,2.5,0
flow_3012.11,109.0,4.5,0
flow_301.17,106.5,3.0,0
flow_101.18,139.0,7.5,0
flow_301.18,104.0,3.0,0
flow_101.19,134.5,3.5,0
flow_001.19,136.0,3.5,0
flow_201.24,71.5,3.5,0
flow_2012.12,66.5,4.0,0
flow_00.7,116.0,6.0,0
flow_0012.5,112.0,4.5,0
flow_2012.13,68.5,6.5,0
flow_101.20,137.0,3.5,0
flow_301.19,109.0,3.5,0
flow_301.20,106.5,3.0,0
flow_101.21,135.5,3.0,0
flow_3012.12,105.0,4.0,0
flow_101.22,137.0,7.0,0
flow_201.25,57.5,3.5,0
flow_0012.6,128.0,6.0,0
flow_20.4,34.0,3.0,0
flow_2012.14,44.0,4.0,0
flow_001.20,117.0,3.5,0
flow_1012.6,137.5,4.5,0
flow_30.7,111.5,6.5,0
flow_101.23,134.0,3.0,0
flow_301.21,108.0,3.5,0
flow_10.7,131.0,3.0,0
flow_0012.7,131.0,4.5,0
flow_20.5,53.0,6.5,0
flow_001.21,127.5,3.0,0
flow_2012.15,53.0,5.0,0
flow_20.6,49.5,3.0,0
flow_3012.13,125.0,4.5,0
flow_1012.7,136.5,4.5,0
flow_1012.8,131.0,4.0,0
flow_30.8,114.5,6.0,0
flow_101.24,114.5,2.5,0
flow_3012.14,112.5,5.0,0
flow_201.26,66.5,3.5,0
flow_001.22,137.5,4.0,0
flow_0012.8,132.0,4.0,0
flow_201.27,70.5,7.0,0
flow_0012.9,119.0,5.5,0
flow_3012.15,126.5,4.5,0
flow_30.9,112.0,3.5,0
flow_101.25,132.5,7.5,0
flow_3012.16,111.5,4.5,0
flow_1012.9,115.0,4.0,0
flow_0012.10,132.0,4.5,0
flow_001.23,128.5,3.0,0
flow_201.28,91.0,7.5,0
flow_001.24,115.5,3.0,0
flow_201.29,79.5,3.5,0
flow_10.8,125.0,4.0,0
flow_301.22,125.5,3.5,0
flow_101.26,114.0,3.5,0
flow_3012.17,116.5,5.5,0
flow_301.23,111.5,3.0,0
flow_00.8,130.5,4.0,0
flow_201.30,88.0,3.5,0
flow_00.9,127.5,3.0,0
flow_201.31,78.0,3.0,0
flow_001.25,114.0,3.0,0
flow_2012.16,79.5,5.0,0
flow_30.10,123.5,4.0,0
flow_10.9,129.5,4.0,0
flow_1012.10,128.0,4.0,0
flow_3012.18,115.0,4.5,0
flow_301.24,110.0,3.5,0
flow_101.27,117.5,3.5,0
flow_201.32,95.0,3.5,0
flow_0012.11,129.5,6.5,0
flow_001.26,113.0,3.0,0
flow_20.7,95.5,3.5,0
flow_001.27,109.5,3.0,0
flow_3012.19,109.0,4.0,0
flow_101.28,135.0,7.0,0
flow_3012.20,110.0,5.0,0
flow_30.11,105.0,3.5,0
flow_201.33,114.0,3.5,0
flow_001.28,109.0,3.5,0
flow_001.29,106.5,3.0,0
flow_201.34,102.5,3.0,0
flow_20.8,98.5,3.0,0
flow_001.30,104.5,3.5,0
flow_10.10,152.5,4.0,0
flow_30.12,109.0,4.0,0
flow_301.25,106.5,3.0,0
flow_3012.21,103.5,3.5,0
flow_1012.11,143.0,5.0,0
flow_00.10,107.5,4.0,0
flow_201.35,119.0,3.5,0
flow_00.11,106.5,3.5,0
flow_201.36,117.5,3.0,0
flow_0012.12,104.0,4.0,0
flow_201.37,116.5,7.0,0
flow_301.26,109.0,3.5,0
flow_101.29,160.0,3.5,0
flow_10.11,155.5,3.0,0
flow_301.27,107.5,3.5,0
flow_10.12,138.5,3.0,0
flow_301.28,104.0,3.5,0
flow_201.38,127.5,3.5,0
flow_0012.13,112.0,6.5,0
flow_2012.17,112.5,4.0,0
flow_20.9,108.0,3.0,0
flow_00.12,108.5,4.0,0
flow_1012.12,153.5,4.0,0
flow_301.29,112.5,7.0,0
flow_1012.13,144.0,5.0,0
flow_101.30,137.5,3.0,0
flow_201.39,125.0,3.5,0
flow_0012.14,128.0,6.5,0
flow_001.31,113.5,3.0,0
flow_201.40,113.5,3.5,0
flow_001.32,111.0,3.5,0
flow_101.31,136.5,3.5,0
flow_301.30,131.5,3.5,0
flow_101.32,134.0,3.0,0
flow_301.31,128.5,3.0,0
flow_101.33,131.0,3.0,0
flow_301.32,116.0,3.5,0
flow_0012.15,125.0,4.5,0
flow_20.10,130.5,6.5,0
flow_2012.18,113.5,4.0,0
flow_0012.16,114.5,5.5,0
flow_10.13,132.0,4.0,0
flow_301.33,131.0,3.5,0
flow_1012.14,112.0,3.5,0
flow_301.34,131.5,6.5,0
flow_1012.15,111.5,5.0,0
flow_201.41,131.0,3.5,0
flow_001.33,132.5,4.0,0
flow_00.13,128.0,3.0,0
flow_201.42,130.0,3.5,0
flow_001.34,114.5,2.5,0
flow_2012.19,117.0,5.0,0
flow_3012.22,137.0,4.5,0
flow_1012.16,111.0,5.0,0
flow_101.34,108.0,3.0,0
flow_301.35,136.5,3.5,0
flow_30.13,131.5,3.0,0
flow_101.35,104.5,3.0,0
flow_00.14,130.0,4.0,0
flow_20.11,130.0,4.0,0
flow_001.35,129.0,3.0,0
flow_201.43,128.0,3.0,0
flow_0012.17,117.0,4.5,0
flow_201.44,120.5,7.5,0
flow_10.14,108.0,4.0,0
flow_301.36,137.0,3.5,0
flow_3012.23,136.5,4.0,0
flow_10.15,102.5,3.0,0
flow_1012.17,109.0,4.5,0
flow_30.14,131.5,3.0,0
flow_001.36,128.0,3.5,0
flow_201.45,132.0,3.5,0
flow_0012.18,112.5,4.0,0
flow_201.46,133.5,7.0,0
flow_0012.19,113.5,5.5,0
flow_3012.24,133.5,4.0,0
flow_10.16,110.5,6.5,0
flow_3012.25,116.0,5.5,0
flow_10.17,111.5,7.5,0
flow_001.37,124.5,3.5,0
flow_201.47,136.5,3.5,0
flow_00.15,110.5,3.5,0
flow_201.48,132.5,3.0,0
flow_00.16,107.5,3.0,0
flow_2012.20,118.0,6.0,0
flow_30.15,129.0,4.0,0
flow_1012.18,129.5,5.0,0
flow_30.16,131.0,6.5,0
flow_30.17,117.0,5.0,0
flow_1012.19,121.5,9.0,0
flow_001.38,110.0,3.5,0
flow_001.39,108.0,3.5,0
flow_0012.20,104.0,3.5,0
flow_2012.21,136.5,6.5,0
flow_101.36,131.0,3.5,0
flow_301.37,129.0,3.5,0
flow_301.38,112.5,3.0,0
flow_101.37,129.0,3.0,0
flow_10.18,114.0,3.0,0
flow_301.39,111.0,3.5,0
flow_20.12,136.5,4.0,0
flow_001.40,109.0,3.5,0
flow_20.13,134.0,3.0,0
flow_001.41,107.0,3.0,0
flow_001.42,104.5,3.5,0
flow_201.49,132.0,3.0,0
flow_301.40,124.5,3.5,0
flow_1012.20,134.0,6.5,0
flow_3012.26,112.5,4.0,0
flow_10.19,129.5,4.5,0
flow_301.41,110.5,3.0,0
flow_001.43,109.0,3.5,0
flow_201.50,137.0,3.5,0
flow_00.17,105.0,3.0,0
flow_201.51,134.5,3.0,0
flow_20.14,129.0,3.0,0
flow_001.44,104.5,3.5,0
flow_101.38,136.5,3.5,0
flow_301.42,124.5,3.5,0
flow_30.18,111.0,3.0,0
flow_101.39,135.5,3.0,0
flow_10.20,130.5,3.0,0
flow_30.19,107.0,3.0,0
flow_001.45,108.5,3.5,0
flow_201.52,136.5,3.5,0
flow_201.53,132.0,3.0,0
flow_001.46,108.5,3.5,0
flow_201.54,115.5,3.0,0
flow_001.47,104.0,3.0,0
flow_301.43,110.5,3.5,0
flow_1012.21,139.5,6.5,0
flow_3012.27,107.0,4.0,0
flow_301.44,101.5,3.0,0
flow_10.21,136.0,4.0,0
flow_001.48,109.0,3.5,0
flow_201.55,132.0,3.5,0
flow_0012.21,107.0,4.0,0
flow_201.56,132.5,7.0,0
flow_0012.22,107.5,5.0,0
flow_10.22,133.5,4.0,0
flow_301.45,109.0,3.5,0
flow_1012.22,130.5,4.0,0
flow_301.46,111.0,7.0,0
flow_1012.23,119.0,5.5,0
flow_00.18,108.0,4.0,0
flow_201.57,133.5,4.0,0
flow_0012.23,108.0,4.0,0
flow_2012.22,115.0,4.5,0
flow_0012.24,105.0,4.0,0
flow_101.40,130.5,3.5,0
flow_301.47,125.5,3.5,0
flow_3012.28,113.0,4.0,0
flow_30.20,108.0,3.0,0
flow_101.41,132.5,6.5,0
flow_001.49,108.5,3.5,0
flow_201.58,131.0,3.5,0
flow_0012.25,106.5,3.5,0
flow_001.50,103.5,3.0,0
flow_201.59,133.5,7.0,0
flow_101.42,136.0,3.5,0
flow_301.48,126.0,3.5,0
flow_30.21,110.5,3.0,0
flow_10.23,131.0,3.0,0
flow_10.24,114.5,3.0,0
flow_301.49,109.5,3.0,0
flow_2012.23,138.0,4.5,0
flow_201.60,135.5,3.0,0
flow_001.51,113.5,7.5,0
flow_20.15,130.0,3.0,0
flow_001.52,111.0,3.5,0
flow_10.25,130.0,4.0,0
flow_30.22,124.0,4.0,0
flow_10.26,127.0,3.0,0
flow_3012.29,116.5,6.0,0
flow_10.27,117.5,5.5,0
flow_00.19,123.5,4.0,0
flow_2012.24,140.0,7.5,0
flow_2012.25,138.5,4.5,0
flow_30.23,130.0,4.0,0
flow_101.43,129.5,3.5,0
flow_301.50,129.0,3.0,0
flow_1012.24,116.0,5.0,0
flow_101.44,110.0,2.5,0
flow_2012.26,153.0,4.5,0
flow_20.16,139.0,3.0,0
flow_001.53,140.0,4.0,0
flow_201.61,135.0,3.0,0
flow_001.54,138.0,3.0,0
flow_10.28,123.5,4.0,0
flow_30.24,136.0,4.0,0
flow_101.45,112.0,3.0,0
flow_301.51,132.5,3.0,0
flow_1012.25,107.5,4.0,0
flow_301.52,119.5,7.0,0
flow_20.17,136.0,4.0,0
flow_001.55,152.5,3.5,0
flow_201.62,133.5,3.0,0
flow_2012.27,114.5,3.5,0
flow_0012.26,144.0,5.0,0
flow_10.29,108.0,4.0,0
flow_301.53,131.5,3.5,0
flow_101.46,107.0,3.0,0
flow_1012.26,104.0,3.5,0
flow_3012.30,133.0,5.5,0
flow_00.20,157.5,4.0,0
flow_201.63,128.0,3.5,0
flow_0012.27,156.5,4.0,0
flow_00.21,141.5,3.0,0
flow_20.18,115.0,5.0,0
flow_20.19,111.5,3.5,0
flow_3012.0,25.0,3.0,0
flow_301.0,25.5,2.5,0
flow_301.1,25.0,2.5,0
flow_20.0,33.5,4.0,0
flow_001.0,39.5,3.5,0
flow_00.0,31.5,3.0,0
flow_001.1,26.5,3.0,0
flow_301.2,42.0,3.5,0
flow_1012.0,27.0,4.5,0
flow_30.0,22.5,2.0,0
flow_10.0,21.0,2.0,0
flow_201.0,28.0,3.0,0
flow_00.1,41.5,4.0,0
flow_001.2,35.5,3.0,0
flow_001.3,29.5,3.0,0
flow_30.1,41.5,4.0,0
flow_10.1,30.0,3.5,0
flow_10.2,26.5,3.0,0
flow_301.3,40.5,3.0,0
flow_301.4,26.0,2.5,0
flow_2012.0,37.5,4.5,0
flow_001.4,50.0,7.5,0
flow_201.1,36.5,3.0,0
flow_2012.1,33.0,4.0,0
flow_00.2,47.0,5.5,0
flow_30.2,42.0,4.0,0
flow_1012.1,46.5,7.5,0
flow_1012.2,45.5,4.5,0
flow_001.5,37.0,3.5,0
flow_201.2,50.5,3.5,0
flow_001.6,31.0,3.0,0
flow_201.3,48.5,3.0,0
flow_301.5,38.5,3.5,0
flow_101.0,63.0,3.5,0
flow_3012.1,38.5,4.0,0
flow_10.3,50.5,6.0,0
flow_301.6,33.0,2.5,0
flow_101.1,48.5,3.0,0
flow_20.1,29.0,3.5,0
flow_2012.2,26.5,3.5,0
flow_00.3,22.5,2.5,0
flow_30.3,50.0,4.0,0
flow_101.2,59.5,3.5,0
flow_301.7,49.5,3.0,0
flow_101.3,53.5,3.0,0
flow_301.8,49.0,3.0,0
flow_101.4,53.0,3.5,0
flow_201.4,34.5,3.5,0
flow_0012.0,44.0,6.5,0
flow_0012.1,42.5,4.5,0
flow_0012.2,38.0,4.0,0
flow_3012.2,67.5,4.5,0
flow_101.5,68.5,7.5,0
flow_3012.3,69.0,5.5,0
flow_301.9,67.0,3.5,0
flow_20.2,36.5,4.0,0
flow_00.4,24.0,2.0,0
flow_001.7,52.5,4.0,0
flow_2012.3,39.0,6.0,0
flow_00.5,26.5,5.0,0
flow_201.5,31.5,3.5,0
flow_30.4,81.5,4.0,0
flow_101.6,89.0,3.5,0
flow_10.4,86.5,3.0,0
flow_301.10,81.5,3.0,0
flow_101.7,86.0,2.5,0
flow_301.11,80.5,3.0,0
flow_201.6,47.5,4.0,0
flow_0012.3,47.0,7.0,0
flow_0012.4,46.5,5.0,0
flow_0012.5,42.5,4.5,0
flow_101.8,104.5,3.5,0
flow_30.5,97.5,4.0,0
flow_10.5,102.0,3.0,0
flow_301.12,74.5,3.0,0
flow_30.6,63.5,3.0,0
flow_101.9,102.0,3.0,0
flow_0012.6,51.0,4.0,0
flow_0012.7,51.5,4.0,0
flow_0012.8,50.5,4.0,0
flow_301.13,81.5,3.5,0
flow_101.10,120.5,3.5,0
flow_1012.3,120.0,4.0,0
flow_101.11,115.5,3.0,0
flow_301.14,85.5,7.0,0
flow_201.7,33.0,3.5,0
flow_0012.9,70.0,5.5,0
flow_001.8,68.5,3.0,0
flow_00.6,61.5,2.5,0
flow_20.3,22.0,2.0,0
flow_1012.4,131.5,4.5,0
flow_3012.4,102.0,4.5,0
flow_10.6,127.5,3.0,0
flow_301.15,102.5,3.0,0
flow_101.12,112.0,3.0,0
flow_301.16,100.5,3.0,0
flow_0012.10,71.0,4.5,0
flow_00.7,62.0,3.0,0
flow_001.9,56.0,3.0,0
flow_101.13,108.5,3.5,0
flow_301.17,116.5,3.5,0
flow_1012.5,107.5,4.0,0
flow_30.7,114.5,6.0,0
flow_3012.5,111.0,4.5,0
flow_1012.6,106.5,6.5,0
flow_20.4,24.5,3.5,0
flow_0012.11,67.5,4.5,0
flow_001.10,65.5,3.0,0
flow_001.11,58.5,3.0,0
flow_101.14,108.5,3.5,0
flow_301.18,125.5,3.5,0
flow_30.8,111.5,3.0,0
flow_101.15,107.0,3.0,0
flow_10.7,101.5,3.0,0
flow_301.19,110.0,3.0,0
flow_2012.4,36.0,4.0,0
flow_00.8,74.5,6.5,0
flow_201.8,27.5,3.0,0
flow_0012.12,75.0,5.0,0
flow_00.9,66.5,3.5,0
flow_3012.6,126.0,4.5,0
flow_101.16,115.0,8.0,0
flow_1012.7,110.5,4.0,0
flow_3012.7,117.0,6.0,0
flow_001.12,83.0,3.5,0
flow_201.9,48.0,3.5,0
flow_0012.13,80.0,3.5,0
flow_001.13,79.5,3.0,0
flow_201.10,50.5,6.5,0
flow_301.20,129.0,3.5,0
flow_1012.8,129.0,6.5,0
flow_101.17,113.0,3.0,0
flow_30.9,113.0,3.5,0
flow_1012.9,113.5,4.5,0
flow_0012.14,96.5,4.5,0
flow_001.14,93.0,3.0,0
flow_201.11,71.0,7.0,0
flow_00.10,72.0,3.0,0
flow_201.12,53.5,3.0,0
flow_30.10,130.0,4.0,0
flow_101.18,126.0,3.5,0
flow_3012.8,129.0,4.0,0
flow_10.8,114.5,6.0,0
flow_301.21,115.5,3.0,0
flow_101.19,111.5,3.5,0
flow_2012.5,56.5,4.0,0
flow_20.5,48.5,3.0,0
flow_001.15,96.0,7.5,0
flow_201.13,36.5,3.0,0
flow_001.16,95.5,3.5,0
flow_301.22,130.5,3.5,0
flow_10.9,125.0,4.0,0
flow_101.20,113.0,3.0,0
flow_30.11,115.0,3.5,0
flow_3012.9,131.0,5.0,0
flow_0012.15,109.5,4.5,0
flow_001.17,90.0,3.0,0
flow_201.14,26.0,2.5,0
flow_001.18,89.0,3.0,0
flow_3012.10,131.5,4.5,0
flow_101.21,135.5,7.5,0
flow_3012.11,132.0,5.0,0
flow_301.23,118.0,3.5,0
flow_2012.6,46.0,5.0,0
flow_001.19,104.0,7.5,0
flow_20.6,21.5,2.0,0
flow_001.20,101.0,3.0,0
flow_10.10,152.0,4.0,0
flow_301.24,129.5,3.5,0
flow_30.12,109.5,3.0,0
flow_10.11,137.0,3.0,0
flow_30.13,105.5,3.0,0
flow_101.22,132.5,3.0,0
flow_00.11,115.5,4.0,0
flow_2012.7,44.5,7.5,0
flow_0012.16,85.0,4.0,0
flow_2012.8,40.0,4.5,0
flow_10.12,135.0,4.0,0
flow_30.14,108.0,4.0,0
flow_10.13,133.0,3.0,0
flow_3012.12,110.0,6.0,0
flow_00.12,102.5,4.0,0
flow_201.15,56.5,3.5,0
flow_0012.17,99.5,3.5,0
flow_001.21,99.5,2.5,0
flow_201.16,57.0,4.0,0
flow_3012.13,126.0,4.5,0
flow_30.15,110.5,3.0,0
flow_101.23,156.5,7.5,0
flow_10.14,142.5,3.5,0
flow_301.25,109.5,3.0,0
flow_2012.9,69.5,4.5,0
flow_0012.18,118.0,4.5,0
flow_2012.10,69.0,4.0,0
flow_20.7,56.5,3.0,0
flow_00.13,118.5,6.0,0
flow_0012.19,117.0,5.5,0
flow_301.26,124.5,3.5,0
flow_1012.10,161.5,6.0,0
flow_101.24,157.0,3.0,0
flow_301.27,115.5,4.0,0
flow_1012.11,146.5,4.5,0
flow_001.22,118.0,3.5,0
flow_201.17,75.5,3.5,0
flow_0012.20,118.5,4.0,0
flow_20.8,76.5,6.0,0
flow_0012.21,116.0,6.5,0
flow_20.9,69.5,7.5,0
flow_301.28,131.0,3.5,0
flow_10.15,158.5,4.0,0
flow_301.29,128.0,3.0,0
flow_101.25,138.5,3.0,0
flow_301.30,116.0,3.5,0
flow_001.23,126.0,3.5,0
flow_201.18,60.5,3.5,0
flow_001.24,112.5,3.0,0
flow_201.19,61.5,3.5,0
flow_001.25,109.0,3.0,0
flow_201.20,61.0,3.5,0
flow_1012.12,136.5,4.0,0
flow_3012.14,132.0,4.5,0
flow_1012.13,135.0,4.0,0
flow_3012.15,130.0,4.0,0
flow_1012.14,133.0,4.0,0
flow_30.16,118.0,6.5,0
flow_2012.11,76.0,4.0,0
flow_0012.22,110.5,4.5,0
flow_0012.23,107.0,3.5,0
flow_2012.12,76.0,4.0,0
flow_201.21,72.5,3.0,0
flow_001.26,106.0,3.5,0
flow_1012.15,136.5,4.0,0
flow_3012.16,130.0,4.5,0
flow_3012.17,112.5,4.0,0
flow_1012.16,132.0,4.0,0
flow_1012.17,113.0,4.0,0
flow_20.10,77.0,4.0,0
flow_001.27,109.0,3.5,0
flow_00.14,105.0,3.0,0
flow_20.11,75.0,3.0,0
flow_00.15,102.5,3.0,0
flow_201.22,62.0,3.0,0
flow_301.31,130.5,3.5,0
flow_101.26,126.0,3.5,0
flow_30.17,127.0,3.0,0
flow_101.27,111.5,3.0,0
flow_101.28,109.5,3.0,0
flow_301.32,116.0,3.0,0
flow_201.23,79.0,3.5,0
flow_001.28,109.5,3.5,0
flow_2012.13,78.5,4.0,0
flow_201.24,72.5,3.0,0
flow_001.29,111.0,7.0,0
flow_3012.18,128.5,4.0,0
flow_10.16,126.0,6.5,0
flow_301.33,112.5,3.0,0
flow_101.29,111.5,3.0,0
flow_10.17,106.0,3.0,0
flow_301.34,110.5,3.0,0
flow_0012.24,124.5,4.0,0
flow_00.16,110.5,3.0,0
flow_20.12,83.5,6.5,0
flow_201.25,71.5,3.0,0
flow_001.30,110.0,3.0,0
flow_2012.14,55.0,4.5,0
flow_301.35,125.5,3.5,0
flow_101.30,109.0,3.5,0
flow_1012.18,106.5,3.5,0
flow_301.36,115.5,6.5,0
flow_1012.19,107.0,5.0,0
flow_001.31,125.0,3.5,0
flow_201.26,69.0,3.5,0
flow_001.32,112.5,3.0,0
flow_201.27,68.5,3.0,0
flow_0012.25,110.5,4.0,0
flow_201.28,71.5,7.0,0
flow_301.37,131.0,3.5,0
flow_101.31,109.0,3.5,0
flow_301.38,129.0,3.0,0
flow_30.18,113.0,3.0,0
flow_101.32,107.5,3.0,0
flow_101.33,106.5,4.0,0
flow_0012.26,127.5,5.0,0
flow_201.29,75.0,7.5,0
flow_0012.27,116.0,5.5,0
flow_001.33,112.0,3.0,0
flow_3012.19,131.5,4.5,0
flow_301.39,113.0,3.0,0
flow_101.34,113.0,7.5,0
flow_10.18,109.0,3.5,0
flow_301.40,110.5,3.0,0
flow_001.34,125.0,3.5,0
flow_201.30,94.0,3.5,0
flow_201.31,62.5,3.0,0
flow_001.35,113.0,3.0,0
flow_201.32,38.0,3.0,0
flow_001.36,107.5,3.5,0
flow_3012.20,125.5,4.0,0
flow_1012.20,126.5,4.5,0
flow_3012.21,112.5,4.0,0
flow_3012.22,110.0,4.0,0
flow_101.35,119.5,7.0,0
flow_20.13,44.5,4.0,0
flow_001.37,109.0,3.5,0
flow_001.38,107.0,3.0,0
flow_0012.28,104.5,4.0,0
flow_1012.21,131.0,4.5,0
flow_30.19,127.5,6.5,0
flow_101.36,127.5,3.0,0
flow_301.41,114.0,3.5,0
flow_30.20,107.0,3.0,0
flow_101.37,115.5,3.0,0
flow_00.17,107.0,4.0,0
flow_201.33,31.0,3.0,0
flow_001.39,107.0,3.0,0
flow_001.40,104.0,3.0,0
flow_2012.15,27.0,4.0,0
flow_30.21,108.5,4.0,0
flow_1012.22,134.5,7.5,0
flow_10.19,131.5,3.5,0
flow_301.42,111.0,3.0,0
flow_00.18,107.5,4.0,0
flow_20.14,20.5,1.5,0
flow_001.41,106.0,3.0,0
flow_0012.29,104.5,4.0,0
flow_3012.23,125.5,4.5,0
flow_101.38,140.0,7.0,0
flow_3012.24,115.0,5.0,0
flow_301.43,112.0,3.0,0
flow_201.34,38.0,3.5,0
flow_001.42,109.5,3.5,0
flow_201.35,37.0,3.0,0
flow_001.43,108.0,3.5,0
flow_201.36,36.5,3.0,0
flow_001.44,104.5,3.5,0
flow_3012.25,124.5,4.0,0
flow_30.22,110.5,3.0,0
flow_101.39,163.0,7.0,0
flow_301.44,110.0,3.0,0
flow_1012.23,162.5,4.5,0
flow_201.37,48.0,3.5,0
flow_001.45,110.5,4.0,0
flow_2012.16,44.0,4.0,0
flow_001.46,112.0,7.5,0
flow_2012.17,39.0,5.5,0
flow_10.20,162.0,4.0,0
flow_3012.26,128.0,6.5,0
flow_10.21,159.0,5.0,0
flow_301.45,114.5,3.0,0
flow_1012.24,145.0,4.0,0
flow_20.15,34.5,3.5,0
flow_0012.30,129.0,7.5,0
flow_001.47,117.0,4.0,0
flow_3012.27,130.5,4.0,0
flow_10.22,155.5,6.5,0
flow_301.46,127.0,3.0,0
flow_10.23,141.0,4.0,0
flow_101.40,137.5,2.5,0
flow_00.19,131.0,4.0,0
flow_20.16,41.5,4.0,0
flow_201.38,38.5,3.0,0
flow_0012.31,131.0,4.5,0
flow_00.20,115.5,3.0,0
flow_3012.28,133.5,4.0,0
flow_101.41,157.0,7.0,0
flow_30.23,115.0,3.5,0
flow_3012.29,132.5,5.0,0
flow_2012.18,40.0,4.5,0
flow_0012.32,132.0,4.5,0
flow_2012.19,38.0,4.0,0
flow_00.21,131.0,6.0,0
flow_001.48,117.5,3.5,0
flow_3012.30,131.5,4.5,0
flow_30.24,126.5,3.0,0
flow_101.42,167.5,7.0,0
flow_30.25,114.0,3.0,0
flow_1012.25,167.0,5.5,0
flow_001.49,132.0,3.5,0
flow_001.50,128.5,3.0,0
flow_0012.33,116.5,4.0,0
flow_101.43,161.5,3.5,0
flow_301.47,131.0,3.5,0
flow_301.48,128.5,3.0,0
flow_101.44,138.0,3.0,0
flow_301.49,114.0,3.0,0
flow_101.45,133.5,3.5,0
flow_2012.20,26.5,3.5,0
flow_20.17,22.5,2.5,0
flow_001.51,132.0,6.5,0
flow_00.22,113.0,3.0,0
flow_201.39,25.5,2.5,0
flow_10.24,135.5,4.0,0
flow_301.50,128.5,3.5,0
flow_10.25,133.5,3.0,0
flow_3012.31,116.5,6.0,0
flow_00.23,128.5,4.0,0
flow_0012.34,112.0,3.5,0
flow_001.52,109.5,3.0,0
flow_301.51,128.0,3.5,0
flow_101.46,152.5,3.5,0
flow_1012.26,141.0,4.0,0
flow_10.26,136.5,3.0,0
flow_301.52,116.0,7.0,0
flow_001.53,123.5,3.5,0
flow_201.40,38.5,3.5,0
flow_001.54,112.5,3.0,0
flow_001.55,109.5,3.0,0
flow_101.0,27.5,3.0,0
flow_201.0,36.5,4.0,0
flow_0012.0,35.5,6.0,0
flow_001.0,28.5,3.0,0
flow_201.1,35.0,4.0,0
flow_10.0,35.0,4.0,0
flow_301.0,39.5,3.5,0
flow_30.0,37.5,3.0,0
flow_3012.0,37.5,3.5,0
flow_0012.1,41.5,4.5,0
flow_00.0,35.5,3.0,0
flow_201.2,53.0,7.5,0
flow_00.1,34.5,3.0,0
flow_2012.0,54.0,5.0,0
flow_10.1,41.0,4.0,0
flow_301.1,55.5,3.5,0
flow_301.2,47.5,3.0,0
flow_10.2,41.0,3.5,0
flow_3012.1,47.5,4.0,0
flow_1012.0,41.5,4.0,0
flow_00.2,52.5,4.0,0
flow_201.3,66.0,3.5,0
flow_201.4,66.0,3.0,0
flow_201.5,65.5,3.5,0
flow_30.1,49.0,4.0,0
flow_10.3,57.0,4.0,0
flow_101.1,57.0,3.0,0
flow_3012.2,52.0,4.5,0
flow_301.3,50.5,3.0,0
flow_2012.1,82.5,4.5,0
flow_2012.2,80.5,4.0,0
flow_20.0,72.5,3.0,0
flow_001.1,31.0,6.0,0
flow_30.2,65.0,4.0,0
flow_101.2,77.0,3.5,0
flow_3012.3,65.5,3.5,0
flow_10.4,74.0,6.0,0
flow_301.4,61.0,3.0,0
flow_1012.1,72.5,5.0,0
flow_201.6,93.5,4.0,0
flow_0012.2,50.0,7.0,0
flow_0012.3,49.0,4.5,0
flow_20.1,95.5,4.5,0
flow_001.2,46.5,2.5,0
flow_3012.4,64.5,4.5,0
flow_301.5,62.5,3.0,0
flow_101.3,92.0,7.5,0
flow_1012.2,87.0,4.0,0
flow_3012.5,64.0,4.5,0
flow_00.3,54.5,4.0,0
flow_20.2,111.5,4.0,0
flow_201.7,110.5,3.0,0
flow_2012.3,90.0,3.5,0
flow_0012.4,40.5,5.0,0
flow_1012.3,104.5,4.5,0
flow_3012.6,80.5,4.5,0
flow_3012.7,80.0,4.0,0
flow_10.5,106.0,6.0,0
flow_301.6,79.0,3.0,0
flow_101.4,102.5,3.5,0
flow_00.4,57.0,4.0,0
flow_201.8,109.5,4.0,0
flow_001.3,42.5,2.5,0
flow_201.9,89.0,3.0,0
flow_001.4,34.0,3.5,0
flow_201.10,88.5,3.5,0
flow_10.6,115.5,4.0,0
flow_30.3,93.0,4.0,0
flow_30.4,92.0,3.0,0
flow_1012.4,120.0,6.0,0
flow_3012.8,92.5,3.5,0
flow_2012.4,104.0,4.5,0
flow_201.11,103.5,3.0,0
flow_001.5,55.0,7.5,0
flow_2012.5,96.5,4.0,0
flow_0012.5,55.5,4.5,0
flow_30.5,100.5,4.0,0
flow_101.5,138.0,4.0,0
flow_10.7,132.0,3.0,0
flow_30.6,85.0,3.0,0
flow_101.6,115.0,3.0,0
flow_301.7,85.5,3.0,0
flow_001.6,70.5,3.5,0
flow_201.12,113.5,3.5,0
flow_201.13,110.5,3.0,0
flow_001.7,71.0,3.5,0
flow_00.5,59.5,3.0,0
flow_201.14,106.0,3.0,0
flow_3012.9,102.5,4.5,0
flow_10.8,133.0,6.5,0
flow_301.8,89.5,3.0,0
flow_101.7,129.5,3.0,0
flow_301.9,82.0,3.0,0
flow_101.8,115.5,3.5,0
flow_2012.6,109.0,4.5,0
flow_0012.6,59.5,4.5,0
flow_2012.7,107.0,4.0,0
flow_201.15,103.5,3.0,0
flow_001.8,47.0,4.0,0
flow_101.9,126.5,3.5,0
flow_301.10,99.5,3.5,0
flow_3012.10,98.0,3.5,0
flow_10.9,114.0,6.0,0
flow_30.7,85.0,3.0,0
flow_101.10,110.5,3.0,0
flow_201.16,108.5,3.5,0
flow_001.9,53.0,3.5,0
flow_0012.7,53.5,4.5,0
flow_00.6,49.5,3.0,0
flow_201.17,111.5,7.0,0
flow_101.11,124.0,3.5,0
flow_301.11,102.5,3.5,0
flow_30.8,87.5,3.0,0
flow_101.12,113.0,3.0,0
flow_30.9,86.0,3.0,0
flow_1012.5,110.5,6.0,0
flow_201.18,125.0,3.5,0
flow_001.10,68.5,3.5,0
flow_2012.8,113.0,4.0,0
flow_20.3,108.0,3.0,0
flow_00.7,45.5,6.0,0
flow_00.8,34.5,4.0,0
flow_3012.11,86.5,4.5,0
flow_301.12,86.0,3.0,0
flow_101.13,112.5,7.0,0
flow_30.10,83.0,3.0,0
flow_1012.6,113.5,6.0,0
flow_0012.8,48.5,4.5,0
flow_20.4,126.5,6.5,0
flow_20.5,113.0,4.0,0
flow_0012.9,31.5,8.0,0
flow_30.11,96.0,4.0,0
flow_10.10,124.5,3.5,0
flow_101.14,112.0,3.0,0
flow_301.13,95.5,3.0,0
flow_301.14,93.0,3.0,0
flow_101.15,109.5,2.5,0
flow_20.6,129.5,4.0,0
flow_001.11,39.5,3.5,0
flow_201.19,129.0,3.5,0
flow_001.12,33.5,3.5,0
flow_0012.10,28.0,4.0,0
flow_20.7,116.5,5.5,0
flow_10.11,123.5,4.0,0
flow_301.15,109.0,3.5,0
flow_30.12,105.0,3.0,0
flow_101.16,112.5,3.0,0
flow_30.13,102.0,3.0,0
flow_101.17,109.5,3.0,0
flow_00.9,40.0,4.0,0
flow_201.20,131.0,3.5,0
flow_00.10,21.5,2.0,0
flow_201.21,129.0,3.0,0
flow_2012.9,115.5,3.5,0
flow_3012.12,109.0,4.5,0
flow_30.14,105.5,3.0,0
flow_101.18,129.0,7.5,0
flow_301.16,103.5,3.0,0
flow_101.19,116.5,3.5,0
flow_20.8,127.5,4.0,0
flow_001.13,36.5,3.5,0
flow_00.11,33.5,3.0,0
flow_20.9,111.0,3.0,0
flow_201.22,109.5,3.0,0
flow_10.12,130.0,4.0,0
flow_301.17,109.0,3.5,0
flow_101.20,127.5,2.5,0
flow_301.18,107.5,3.0,0
flow_30.15,102.0,3.0,0
flow_101.21,114.0,3.5,0
flow_201.23,125.0,3.5,0
flow_001.14,46.0,3.5,0
flow_0012.11,46.0,4.0,0
flow_201.24,117.5,7.0,0
flow_3012.13,109.5,4.5,0
flow_301.19,107.0,3.0,0
flow_101.22,130.0,7.5,0
flow_3012.14,104.5,4.0,0
flow_00.12,37.5,4.0,0
flow_20.10,128.5,4.0,0
flow_00.13,29.0,3.0,0
flow_201.25,112.5,2.5,0
flow_001.15,29.0,3.0,0
flow_00.14,25.5,2.5,0
flow_201.26,111.0,3.0,0
flow_301.20,108.5,3.5,0
flow_101.23,136.5,3.5,0
flow_101.24,134.0,2.5,0
flow_3012.15,109.0,5.5,0
flow_301.21,104.5,2.5,0
flow_0012.12,42.5,4.0,0
flow_20.11,127.0,6.5,0
flow_001.16,42.5,3.0,0
flow_201.27,113.5,3.0,0
flow_001.17,41.5,3.0,0
flow_2012.10,112.5,4.5,0
flow_301.22,108.5,3.5,0
flow_101.25,153.0,3.5,0
flow_1012.7,140.5,4.0,0
flow_30.16,109.0,6.0,0
flow_101.26,138.0,3.0,0
flow_301.23,107.5,4.0,0
flow_20.12,124.5,4.0,0
flow_001.18,57.5,3.5,0
flow_2012.11,112.5,4.0,0
flow_001.19,50.5,7.0,0
flow_2012.12,114.5,5.5,0
flow_1012.8,153.0,4.0,0
flow_3012.16,109.5,4.5,0
flow_3012.17,107.0,3.5,0
flow_301.24,103.5,2.5,0
flow_101.27,142.0,6.0,0
flow_20.13,124.0,4.0,0
flow_001.20,65.5,3.5,0
flow_20.14,112.0,3.5,0
flow_001.21,65.0,3.0,0
flow_201.28,106.0,2.5,0
flow_0012.13,65.5,5.0,0
flow_301.25,109.0,3.5,0
flow_1012.9,157.5,6.5,0
flow_3012.18,107.0,4.0,0
flow_3012.19,104.5,4.0,0
flow_201.29,109.0,3.5,0
flow_0012.14,82.5,6.5,0
flow_2012.13,106.5,3.5,0
flow_201.30,103.5,3.0,0
flow_001.22,73.5,3.5,0
flow_30.17,107.5,4.0,0
flow_101.28,165.0,4.0,0
flow_101.29,162.5,3.0,0
flow_301.26,106.5,3.0,0
flow_30.18,102.0,3.0,0
flow_101.30,159.5,2.5,0
flow_2012.14,108.5,4.0,0
flow_201.31,106.5,3.0,0
flow_001.23,88.5,7.5,0
flow_00.15,69.5,3.5,0
flow_201.32,103.5,3.0,0
flow_1012.10,161.5,4.0,0
flow_101.31,141.0,3.0,0
flow_301.27,113.0,7.0,0
flow_101.32,136.5,3.0,0
flow_301.28,110.0,3.0,0
flow_20.15,107.5,4.0,0
flow_001.24,87.5,3.5,0
flow_2012.15,106.5,3.5,0
flow_201.33,103.5,3.0,0
flow_001.25,81.5,6.5,0
flow_3012.20,124.0,4.0,0
flow_1012.11,137.0,4.5,0
flow_101.33,134.5,3.0,0
flow_301.29,114.0,3.5,0
flow_1012.12,134.0,4.0,0
flow_301.30,114.0,7.0,0
flow_0012.15,99.0,4.5,0
flow_20.16,111.5,6.5,0
flow_001.26,94.0,3.5,0
flow_201.34,108.5,3.5,0
flow_00.16,76.0,3.0,0
flow_20.17,103.5,3.0,0
flow_10.13,134.5,4.0,0
flow_30.19,123.5,4.0,0
flow_301.31,112.5,3.0,0
flow_101.34,131.5,3.0,0
flow_30.20,108.5,3.0,0
flow_101.35,115.0,3.5,0
flow_00.17,83.0,4.0,0
flow_20.18,107.5,4.0,0
flow_00.18,83.0,3.0,0
flow_201.35,107.0,3.0,0
flow_001.27,82.0,2.5,0
flow_201.36,104.0,3.0,0
flow_3012.21,126.5,4.5,0
flow_10.14,112.5,7.0,0
flow_301.32,113.0,3.0,0
flow_10.15,108.5,4.0,0
flow_30.21,108.0,3.0,0
flow_101.36,105.5,2.5,0
flow_001.28,100.5,3.5,0
flow_201.37,110.5,4.0,0
flow_0012.16,77.0,4.0,0
flow_201.38,111.0,7.0,0
flow_0012.17,75.5,5.5,0
flow_301.33,125.5,3.5,0
flow_1012.13,112.0,6.5,0
flow_1012.14,109.5,4.5,0
flow_101.37,105.0,3.0,0
flow_301.34,116.0,4.0,0
flow_20.19,124.0,4.0,0
flow_001.29,84.0,3.5,0
flow_201.39,112.0,3.0,0
flow_001.30,78.5,3.0,0
flow_2012.16,110.5,4.0,0
flow_00.19,72.5,6.0,0
flow_3012.22,127.0,4.5,0
flow_30.22,111.0,3.0,0
flow_101.38,113.5,7.5,0
flow_3012.23,111.0,4.5,0
flow_10.16,112.0,5.5,0
flow_2012.17,126.0,4.5,0
flow_201.40,112.5,3.0,0
flow_001.31,79.0,7.5,0
flow_20.20,108.5,3.0,0
flow_001.32,54.5,3.5,0
flow_101.39,124.5,3.5,0
flow_301.35,123.5,3.5,0
flow_1012.15,112.5,4.0,0
flow_301.36,117.0,7.0,0
flow_1012.16,114.0,5.5,0
flow_00.20,31.5,4.0,0
flow_201.41,124.5,3.5,0
flow_00.21,25.0,3.0,0
flow_201.42,112.0,3.0,0
flow_201.43,111.0,3.5,0
flow_30.23,130.0,4.0,0
flow_101.40,125.5,3.5,0
flow_30.24,128.0,3.0,0
flow_101.41,112.5,3.0,0
flow_30.25,114.0,3.0,0
flow_101.42,110.0,3.0,0
flow_001.33,44.5,3.5,0
flow_201.44,126.0,3.5,0
flow_201.45,112.0,3.0,0
flow_001.34,28.0,3.0,0
flow_201.46,107.5,3.5,0
flow_1012.17,125.0,4.5,0
flow_10.17,110.0,3.0,0
flow_30.26,133.0,6.5,0
flow_30.27,130.0,4.0,0
flow_101.43,109.0,3.0,0
flow_30.28,116.0,3.0,0
flow_20.21,108.0,4.0,0
flow_201.47,107.0,3.0,0
flow_201.48,105.0,3.5,0
flow_3012.24,125.5,4.0,0
flow_1012.18,124.5,4.5,0
flow_1012.19,109.5,3.5,0
flow_3012.25,112.0,3.5,0
flow_10.18,102.5,3.0,0
flow_301.37,110.5,3.0,0
flow_00.22,40.5,4.0,0
flow_201.49,109.0,3.5,0
flow_00.23,26.5,2.5,0
flow_201.50,108.0,3.5,0
flow_20.22,102.0,3.0,0
flow_001.35,26.5,3.0,0
flow_1012.20,109.0,4.5,0
flow_101.44,107.0,3.0,0
flow_301.38,129.5,7.5,0
flow_101.45,103.5,3.0,0
flow_3012.26,118.0,5.0,0
flow_201.51,108.0,3.5,0
flow_00.24,43.5,4.0,0
flow_001.36,44.0,3.0,0
flow_201.52,108.0,3.5,0
flow_00.25,21.5,2.0,0
flow_201.53,105.0,3.5,0
flow_10.19,107.5,4.0,0
flow_301.39,127.5,3.5,0
flow_10.20,106.0,3.0,0
flow_301.40,113.5,3.5,0
flow_1012.21,104.0,4.0,0
flow_3012.27,110.0,3.5,0
flow_00.26,23.0,2.5,0
flow_0012.18,35.0,4.5,0
flow_201.54,113.0,4.5,0
flow_20.23,109.5,3.0,0
flow_301.41,125.0,3.5,0
flow_1012.22,111.5,6.5,0
flow_10.21,107.0,3.5,0
flow_301.42,115.0,4.0,0
flow_101.46,104.5,3.0,0
flow_0012.19,38.0,4.5,0
flow_2012.18,126.5,4.5,0
flow_2012.19,113.5,4.0,0
flow_2012.20,110.5,4.0,0
flow_001.37,43.5,7.0,0
flow_301.43,130.5,3.5,0
flow_101.47,109.0,3.5,0
flow_101.48,107.0,3.0,0
flow_301.44,128.0,3.0,0
flow_10.22,101.5,3.0,0
flow_301.45,115.5,3.0,0
flow_2012.21,126.0,4.5,0
flow_00.27,58.0,6.5,0
flow_201.55,114.0,3.5,0
flow_0012.20,48.5,5.5,0
flow_3012.28,132.0,4.5,0
flow_301.46,129.0,3.0,0
flow_101.49,113.5,7.5,0
flow_301.47,113.5,3.5,0
flow_1012.23,113.0,5.5,0
flow_001.38,40.0,3.5,0
flow_201.56,132.5,4.0,0
flow_00.28,27.0,2.5,0
flow_20.24,128.0,3.0,0
flow_20.25,116.0,3.0,0
flow_101.50,124.5,3.5,0
flow_301.48,126.5,3.5,0
flow_101.51,112.0,3.0,0
flow_301.49,112.5,3.0,0
flow_1012.24,110.0,4.0,0
flow_30.29,112.5,6.0,0
flow_201.57,131.5,3.5,0
flow_001.39,39.0,4.0,0
flow_00.29,24.5,3.5,0
flow_2012.22,130.0,4.0,0
flow_201.58,112.0,3.0,0
flow_101.52,125.0,3.5,0
flow_301.50,126.0,3.5,0
flow_3012.29,112.5,4.0,0
flow_301.51,106.5,2.5,0
flow_101.53,116.5,7.0,0
flow_2012.23,125.5,4.0,0
flow_00.30,46.0,6.5,0
flow_2012.24,115.0,5.5,0
flow_00.31,48.5,7.5,0
flow_201.59,112.5,3.0,0
flow_3012.30,108.0,4.0,0
flow_1012.25,132.0,4.5,0
flow_10.23,126.5,3.0,0
flow_301.52,107.0,3.0,0
flow_101.54,114.5,2.5,0
flow_3012.31,105.5,4.5,0
flow_001.40,64.5,3.5,0
flow_201.60,126.0,3.5,0
flow_001.41,64.0,3.0,0
flow_201.61,113.0,3.0,0
flow_001.42,60.5,3.5,0
flow_2012.25,112.0,6.5,0
flow_101.55,130.5,3.5,0
flow_301.53,109.5,3.5,0
flow_3012.32,107.5,4.0,0
flow_301.54,104.5,3.0,0
flow_101.56,133.0,7.0,0
flow_00.32,73.0,4.0,0
flow_201.62,109.0,3.5,0
flow_0012.21,70.5,3.5,0
flow_00.33,63.0,3.0,0
flow_201.63,110.5,6.5,0
flow_101.0,25.5,2.5,0
flow_10.0,22.5,2.0,0
flow_10.1,22.0,2.0,0
flow_00.0,22.0,2.0,0
flow_201.0,38.5,3.5,0
flow_2012.0,26.0,3.0,0
flow_2012.1,26.0,3.5,0
flow_001.0,29.5,6.5,0
flow_30.0,26.0,3.0,0
flow_10.2,39.0,4.0,0
flow_10.3,39.5,3.5,0
flow_00.1,38.5,4.0,0
flow_201.1,44.5,3.5,0
flow_201.2,44.0,3.5,0
flow_001.1,39.0,3.0,0
flow_00.2,35.5,3.0,0
flow_201.3,43.5,3.5,0
flow_10.4,40.0,4.0,0
flow_30.1,39.5,4.0,0
flow_30.2,35.5,3.0,0
flow_101.1,40.5,3.0,0
flow_301.0,26.0,2.5,0
flow_101.2,40.5,3.5,0
flow_0012.0,51.0,4.5,0
flow_001.2,51.0,3.0,0
flow_201.4,62.0,7.5,0
flow_001.3,50.0,3.0,0
flow_2012.2,63.5,5.0,0
flow_1012.0,56.5,4.5,0
flow_10.5,54.0,3.0,0
flow_101.3,53.5,3.0,0
flow_201.5,77.5,3.5,0
flow_001.4,67.0,3.5,0
flow_0012.1,48.0,4.0,0
flow_201.6,81.5,7.0,0
flow_001.5,43.0,3.5,0
flow_301.1,39.5,3.5,0
flow_101.4,66.0,3.5,0
flow_301.2,38.5,3.5,0
flow_1012.1,63.0,6.5,0
flow_101.5,61.0,3.5,0
flow_2012.3,99.0,4.5,0
flow_201.7,96.5,3.0,0
flow_001.6,57.0,7.5,0
flow_201.8,96.0,3.0,0
flow_001.7,51.5,3.5,0
flow_1012.2,75.5,4.0,0
flow_101.6,74.5,3.0,0
flow_30.3,55.5,6.5,0
flow_301.3,52.0,3.5,0
flow_101.7,74.5,3.0,0
flow_30.4,39.0,3.0,0
flow_00.3,55.0,4.0,0
flow_201.9,113.5,3.5,0
flow_201.10,95.5,3.0,0
flow_001.8,56.5,3.0,0
flow_201.11,94.5,3.0,0
flow_001.9,55.5,3.5,0
flow_1012.3,92.5,4.5,0
flow_30.5,44.0,6.5,0
flow_101.8,87.0,3.0,0
flow_301.4,43.0,3.5,0
flow_101.9,87.5,3.5,0
flow_301.5,40.0,3.0,0
flow_0012.2,69.0,4.0,0
flow_20.0,114.5,6.5,0
flow_201.12,112.0,3.0,0
flow_001.10,68.5,3.0,0
flow_0012.3,59.0,4.0,0
flow_10.6,102.5,4.0,0
flow_301.6,30.0,3.5,0
flow_1012.4,100.0,4.0,0
flow_101.10,98.0,3.0,0
flow_201.13,122.0,3.5,0
flow_001.11,70.0,4.0,0
flow_201.14,122.0,3.5,0
flow_001.12,66.0,3.5,0
flow_201.15,116.0,3.0,0
flow_001.13,64.5,3.0,0
flow_10.7,107.5,4.0,0
flow_301.7,34.5,3.5,0
flow_101.11,106.5,3.0,0
flow_101.12,103.0,3.0,0
flow_001.14,80.0,3.5,0
flow_201.16,129.0,3.5,0
flow_0012.4,80.5,4.0,0
flow_001.15,79.0,3.0,0
flow_201.17,116.0,6.5,0
flow_30.6,39.0,4.0,0
flow_101.13,109.5,3.5,0
flow_1012.5,107.5,4.0,0
flow_3012.0,40.5,4.0,0
flow_101.14,104.5,3.0,0
flow_201.18,131.0,3.5,0
flow_001.16,94.5,3.5,0
flow_2012.4,128.5,3.5,0
flow_0012.5,94.5,4.0,0
flow_00.4,91.0,3.0,0
flow_201.19,116.5,3.0,0
flow_3012.1,26.5,3.5,0
flow_10.8,110.0,6.0,0
flow_101.15,108.0,3.0,0
flow_1012.6,104.0,3.5,0
flow_3012.2,27.0,4.0,0
flow_2012.5,132.0,4.5,0
flow_0012.6,109.5,4.5,0
flow_20.1,113.5,3.0,0
flow_2012.6,130.5,4.5,0
flow_001.17,111.5,4.5,0
flow_3012.3,29.0,4.0,0
flow_30.7,26.0,3.0,0
flow_101.16,113.5,7.0,0
flow_101.17,110.5,3.0,0
flow_301.8,28.5,3.0,0
flow_2012.7,130.0,4.5,0
flow_001.18,130.0,7.5,0
flow_0012.7,115.5,4.0,0
flow_2012.8,116.5,5.5,0
flow_30.8,39.5,4.0,0
flow_101.18,125.5,3.5,0
flow_30.9,37.0,3.0,0
flow_101.19,112.5,3.0,0
flow_10.9,109.0,3.0,0
flow_0012.8,131.5,4.5,0
flow_201.20,135.0,7.0,0
flow_001.19,130.0,3.5,0
flow_0012.9,115.5,4.0,0
flow_101.20,125.5,3.5,0
flow_301.9,39.0,3.5,0
flow_101.21,112.0,3.0,0
flow_10.10,107.5,3.0,0
flow_301.10,25.5,2.5,0
flow_201.21,152.0,3.5,0
flow_00.5,130.5,4.0,0
flow_201.22,143.0,4.0,0
flow_0012.10,133.5,6.0,0
flow_001.20,117.5,3.0,0
flow_101.22,124.5,3.5,0
flow_301.11,42.5,3.5,0
flow_301.12,34.5,3.0,0
flow_101.23,112.5,3.0,0
flow_301.13,32.5,3.0,0
flow_1012.7,112.5,6.0,0
flow_201.23,156.5,3.5,0
flow_0012.11,134.0,6.5,0
flow_2012.9,141.0,4.0,0
flow_2012.10,139.5,4.5,0
flow_10.11,124.0,4.0,0
flow_30.10,38.5,4.0,0
flow_101.24,109.5,3.0,0
flow_301.14,40.5,3.0,0
flow_3012.4,25.0,3.0,0
flow_1012.8,106.5,4.0,0
flow_001.21,153.0,4.0,0
flow_20.2,139.0,3.5,0
flow_2012.11,155.5,5.5,0
flow_00.6,140.5,3.5,0
flow_20.3,136.5,3.0,0
flow_001.22,136.0,3.0,0
flow_10.12,108.0,4.0,0
flow_301.15,34.0,3.5,0
flow_301.16,30.0,3.0,0
flow_101.25,106.5,3.0,0
flow_3012.5,29.5,4.0,0
flow_1012.9,105.0,4.0,0
flow_0012.12,134.5,4.5,0
flow_20.4,155.5,6.5,0
flow_001.23,130.5,3.0,0
flow_201.24,141.5,3.5,0
flow_001.24,115.5,3.0,0
flow_2012.12,138.5,4.5,0
flow_101.26,108.5,3.5,0
flow_3012.6,41.5,6.5,0
flow_30.11,38.0,3.5,0
flow_101.27,109.0,3.5,0
flow_301.17,38.5,3.0,0
flow_2012.13,134.0,4.5,0
flow_001.25,135.5,7.5,0
flow_0012.13,132.0,4.0,0
flow_2012.14,117.5,5.5,0
flow_301.18,56.0,4.0,0
flow_3012.7,51.5,3.5,0
flow_1012.10,129.0,7.0,0
flow_101.28,115.5,3.5,0
flow_201.25,130.5,3.5,0
flow_001.26,137.5,3.5,0
flow_0012.14,134.5,4.0,0
flow_001.27,131.5,3.0,0
flow_201.26,116.5,6.5,0
flow_101.29,131.0,3.5,0
flow_301.19,38.5,3.5,0
flow_3012.8,38.0,3.5,0
flow_101.30,133.0,7.0,0
flow_3012.9,40.0,6.0,0
flow_0012.15,136.5,4.5,0
flow_2012.15,133.0,5.0,0
flow_00.7,111.5,3.5,0
flow_201.27,129.5,3.0,0
flow_001.28,109.5,2.5,0
flow_201.28,117.0,3.5,0
flow_3012.10,43.0,4.0,0
flow_301.20,31.5,3.0,0
flow_101.31,141.5,7.5,0
flow_3012.11,31.5,4.0,0
flow_2012.16,131.0,4.5,0
flow_00.8,126.0,6.5,0
flow_20.5,127.0,3.0,0
flow_001.29,113.0,3.0,0
flow_20.6,115.5,3.0,0
flow_00.9,110.0,3.0,0
flow_3012.12,46.0,4.5,0
flow_301.21,39.5,2.5,0
flow_101.32,163.5,3.5,0
flow_101.33,160.0,3.0,0
flow_20.7,129.0,4.0,0
flow_00.10,125.5,4.0,0
flow_20.8,126.5,3.0,0
flow_0012.16,112.5,5.5,0
flow_301.22,41.0,4.0,0
flow_1012.11,169.0,7.0,0
flow_101.34,164.5,3.5,0
flow_301.23,42.0,4.0,0
flow_101.35,161.5,3.5,0
flow_00.11,125.0,4.0,0
flow_201.29,136.5,3.5,0
flow_20.9,131.5,3.0,0
flow_001.30,112.0,3.0,0
flow_00.12,108.0,3.0,0
flow_201.30,115.0,3.0,0
flow_10.13,163.0,4.0,0
flow_301.24,57.0,3.5,0
flow_10.14,158.5,3.0,0
flow_301.25,56.5,3.0,0
flow_10.15,140.5,3.0,0
flow_301.26,29.5,3.0,0
flow_2012.17,129.0,4.5,0
flow_00.13,127.5,6.5,0
flow_201.31,113.0,3.0,0
flow_0012.17,115.5,5.0,0
flow_2012.18,110.5,4.0,0
flow_3012.13,46.0,4.5,0
flow_101.36,159.0,7.0,0
flow_301.27,26.5,2.5,0
flow_101.37,144.0,3.0,0
flow_001.31,132.0,3.5,0
flow_201.32,125.5,3.5,0
flow_001.32,128.5,3.0,0
flow_201.33,114.0,3.5,0
flow_001.33,115.5,3.0,0
flow_2012.19,113.0,6.0,0
flow_301.28,42.0,3.5,0
flow_101.38,156.5,3.5,0
flow_3012.14,39.5,4.0,0
flow_101.39,142.0,7.0,0
flow_3012.15,42.0,5.5,0
flow_201.34,124.0,3.0,0
flow_001.34,131.0,3.5,0
flow_0012.18,128.0,4.0,0
flow_201.35,116.0,6.5,0
flow_0012.19,118.5,5.0,0
flow_10.16,132.5,4.0,0
flow_301.29,38.5,3.5,0
flow_3012.16,31.0,4.0,0
flow_101.40,133.5,7.0,0
flow_2012.20,129.0,4.5,0
flow_201.36,112.5,3.0,0
flow_001.35,133.0,7.5,0
flow_00.14,114.5,3.5,0
flow_201.37,111.0,3.5,0
flow_3012.17,45.5,4.5,0
flow_101.41,140.0,7.0,0
flow_301.30,40.0,3.0,0
flow_1012.12,138.5,4.0,0
flow_20.10,124.5,4.0,0
flow_001.36,131.5,3.5,0
flow_2012.21,114.5,4.5,0
flow_20.11,109.0,3.0,0
flow_001.37,133.5,7.5,0
flow_3012.18,25.5,3.5,0
flow_10.17,139.0,3.0,0
flow_1012.13,155.5,5.0,0
flow_301.31,29.0,3.5,0
flow_1012.14,140.0,4.5,0
flow_00.15,136.5,4.0,0
flow_201.38,126.0,3.5,0
flow_001.38,132.5,3.0,0
flow_201.39,112.5,3.0,0
flow_001.39,115.5,3.0,0
flow_201.40,111.0,3.5,0
flow_101.42,152.5,3.5,0
flow_301.32,47.0,3.5,0
flow_30.12,28.5,3.0,0
flow_1012.15,139.0,5.5,0
flow_101.43,134.5,3.0,0
flow_2012.22,125.0,4.5,0
flow_201.41,111.0,2.5,0
flow_001.40,135.0,7.0,0
flow_00.16,131.0,3.5,0
flow_201.42,106.5,3.0,0
flow_1012.16,136.5,4.0,0
flow_101.44,132.0,3.0,0
flow_301.33,29.5,4.0,0
flow_101.45,116.0,3.5,0
flow_201.43,108.5,3.5,0
flow_0012.20,139.5,6.5,0
flow_00.17,135.0,3.5,0
flow_20.12,107.5,3.5,0
flow_001.41,131.5,2.5,0
flow_1012.17,127.5,4.0,0
flow_3012.19,27.0,4.0,0
flow_10.18,108.0,3.0,0
flow_10.19,103.5,3.0,0
flow_001.42,134.5,3.5,0
flow_201.44,125.5,3.5,0
flow_00.18,128.0,3.0,0
flow_201.45,113.0,3.0,0
flow_00.19,114.0,3.0,0
flow_20.13,108.5,3.0,0
flow_101.46,109.0,3.5,0
flow_301.34,40.0,3.5,0
flow_1012.18,108.0,4.0,0
flow_101.47,104.0,3.0,0
flow_201.46,124.5,3.5,0
flow_001.43,129.0,4.0,0
flow_201.47,112.5,3.0,0
flow_001.44,113.0,3.5,0
flow_201.48,111.0,3.5,0
flow_001.45,111.5,3.5,0
flow_301.35,35.0,3.5,0
flow_10.20,109.0,4.0,0
flow_301.36,35.5,3.0,0
flow_1012.19,110.0,6.0,0
flow_101.48,104.0,3.0,0
flow_001.46,125.0,3.5,0
flow_201.49,125.0,3.5,0
flow_201.50,112.0,3.0,0
flow_001.47,110.0,3.0,0
flow_00.20,103.5,3.0,0
flow_201.51,109.5,3.0,0
flow_30.13,51.5,4.0,0
flow_10.21,107.5,4.0,0
flow_101.49,106.5,3.0,0
flow_3012.20,55.5,5.0,0
flow_301.37,38.5,2.5,0
flow_0012.21,108.5,4.5,0
flow_20.14,127.0,6.5,0
flow_00.21,105.0,3.0,0
flow_00.22,101.5,3.0,0
flow_201.52,114.0,3.5,0
flow_201.53,109.0,3.0,0
flow_10.22,123.5,4.0,0
flow_30.14,52.0,4.0,0
flow_10.23,110.5,3.0,0
flow_101.50,109.5,3.0,0
flow_00.23,108.0,4.0,0
flow_201.54,109.5,3.5,0
flow_001.48,106.5,3.0,0
flow_201.55,107.0,3.0,0
flow_001.49,104.0,3.0,0
flow_2012.23,107.0,6.0,0
flow_1012.20,125.0,4.0,0
flow_30.15,34.0,5.5,0
flow_101.51,113.0,3.0,0
flow_3012.21,36.0,5.0,0
flow_301.38,33.0,3.5,0
flow_0012.22,108.5,4.0,0
flow_00.24,105.5,3.0,0
flow_201.56,112.5,7.0,0
flow_00.25,102.5,3.0,0
flow_201.57,111.5,3.5,0
flow_10.24,130.0,4.0,0
flow_301.39,46.5,3.5,0
flow_1012.21,128.5,3.5,0
flow_3012.22,24.0,3.0,0
flow_101.52,116.5,3.5,0
flow_201.58,125.0,3.5,0
flow_001.50,109.0,3.5,0
flow_0012.23,107.0,4.0,0
flow_201.59,116.0,6.5,0
flow_0012.24,107.0,5.0,0
flow_30.16,23.5,2.5,0
flow_101.53,131.0,3.5,0
flow_101.54,129.5,3.5,0
flow_301.40,26.0,2.5,0
flow_1012.22,117.0,4.5,0
flow_2012.24,132.5,4.5,0
flow_00.26,111.0,6.5,0
flow_201.60,129.5,3.0,0
flow_00.27,108.5,4.0,0
flow_001.51,104.5,2.5,0
flow_10.25,128.0,4.0,0
flow_301.41,46.0,3.5,0
flow_30.17,43.0,3.0,0
flow_101.55,112.0,3.0,0
flow_30.18,42.5,3.0,0
flow_101.56,110.0,3.0,0
flow_0012.25,109.0,4.5,0
flow_2012.25,137.5,4.5,0
flow_2012.26,134.5,4.0,0
flow_20.15,129.5,3.0,0
flow_0012.26,108.5,4.5,0
flow_001.52,104.5,3.0,0
flow_101.57,125.0,3.5,0
flow_301.42,59.0,4.0,0
flow_1012.23,113.5,4.0,0
flow_30.19,44.0,6.5,0
flow_101.58,109.0,3.0,0
flow_3012.23,34.5,5.5,0
flow_201.61,137.0,3.5,0
flow_001.53,110.0,3.5,0
flow_2012.27,135.5,4.0,0
flow_201.62,132.0,3.0,0
flow_001.54,111.5,7.0,0
flow_301.43,48.5,3.5,0
flow_101.59,110.0,3.5,0
flow_3012.24,49.0,4.0,0
flow_10.26,109.5,6.0,0
flow_301.44,48.5,3.5,0
flow_10.27,106.0,4.0,0
flow_0012.27,126.0,4.5,0
flow_20.16,136.5,6.5,0
flow_2012.28,132.0,4.5,0
flow_0012.28,115.0,5.5,0
flow_201.0,28.0,3.0,0
flow_001.0,36.5,3.5,0
flow_201.1,28.0,3.5,0
flow_001.1,36.5,3.0,0
flow_00.0,32.5,3.0,0
flow_201.2,27.5,3.5,0
flow_301.0,43.0,3.5,0
flow_101.0,32.5,3.5,0
flow_30.0,41.5,3.0,0
flow_101.1,26.5,3.0,0
flow_301.1,40.5,3.0,0
flow_101.2,27.0,3.0,0
flow_001.2,43.5,3.5,0
flow_201.3,45.0,3.5,0
flow_20.0,42.5,3.0,0
flow_001.3,41.5,3.0,0
flow_00.1,35.0,3.0,0
flow_20.1,41.0,3.0,0
flow_3012.0,59.5,4.5,0
flow_101.3,39.5,7.5,0
flow_1012.0,30.0,4.0,0
flow_3012.1,61.5,5.5,0
flow_20.2,58.5,4.0,0
flow_001.4,54.0,3.5,0
flow_201.4,56.5,3.0,0
flow_001.5,52.5,3.0,0
flow_20.3,49.0,3.0,0
flow_001.6,51.5,3.0,0
flow_10.0,46.0,4.0,0
flow_301.2,78.0,3.5,0
flow_1012.1,47.5,4.0,0
flow_301.3,81.0,7.0,0
flow_1012.2,50.5,5.5,0
flow_201.5,69.0,3.5,0
flow_0012.0,72.0,6.5,0
flow_00.2,68.5,3.5,0
flow_001.7,68.0,3.0,0
flow_201.6,71.5,4.0,0
flow_30.1,84.5,4.0,0
flow_101.4,63.0,3.5,0
flow_301.4,80.0,3.0,0
flow_1012.3,53.0,5.0,0
flow_101.5,51.0,3.0,0
flow_001.8,84.0,3.5,0
flow_201.7,88.5,3.5,0
flow_201.8,87.5,3.0,0
flow_001.9,79.5,3.0,0
flow_2012.0,86.5,4.0,0
flow_001.10,74.5,6.5,0
flow_30.2,89.5,4.0,0
flow_101.6,66.5,3.5,0
flow_301.5,90.0,3.0,0
flow_1012.4,69.0,5.0,0
flow_101.7,66.0,2.5,0
flow_20.4,102.5,4.0,0
flow_00.3,87.0,4.0,0
flow_201.9,103.0,3.0,0
flow_001.11,86.5,3.0,0
flow_201.10,102.5,3.5,0
flow_001.12,56.0,3.5,0
flow_10.1,71.5,4.0,0
flow_301.6,108.5,3.5,0
flow_1012.5,68.0,4.0,0
flow_101.8,65.5,2.5,0
flow_301.7,110.5,7.0,0
flow_2012.1,119.0,4.5,0
flow_0012.1,72.0,4.5,0
flow_20.5,111.0,3.0,0
flow_001.13,55.5,3.0,0
flow_201.11,110.5,3.0,0
flow_001.14,46.5,3.0,0
flow_301.8,125.5,3.5,0
flow_101.9,84.5,3.5,0
flow_30.3,123.0,3.0,0
flow_10.2,82.5,3.0,0
flow_301.9,114.5,3.0,0
flow_101.10,83.5,3.5,0
flow_2012.2,125.5,4.5,0
flow_00.4,64.5,6.5,0
flow_0012.2,63.5,4.0,0
flow_2012.3,115.0,6.0,0
flow_3012.2,132.0,4.5,0
flow_301.10,119.0,3.0,0
flow_101.11,100.0,7.5,0
flow_10.3,97.0,3.5,0
flow_301.11,118.0,3.0,0
flow_201.12,128.5,3.5,0
flow_00.5,82.0,4.0,0
flow_001.15,79.5,3.0,0
flow_2012.4,115.0,5.0,0
flow_0012.3,78.5,3.5,0
flow_2012.5,112.5,4.0,0
flow_301.12,136.0,3.5,0
flow_1012.6,119.5,7.0,0
flow_10.4,108.5,3.0,0
flow_1012.7,114.5,4.5,0
flow_301.13,138.0,4.0,0
flow_00.6,94.5,4.0,0
flow_201.13,125.5,3.5,0
flow_20.6,107.5,3.0,0
flow_201.14,113.5,3.5,0
flow_001.16,91.5,3.5,0
flow_001.17,82.5,3.5,0
flow_30.4,135.5,4.0,0
flow_101.12,124.5,3.5,0
flow_3012.3,134.0,4.0,0
flow_30.5,113.0,3.0,0
flow_101.13,116.0,7.0,0
flow_001.18,96.0,3.5,0
flow_201.15,125.5,3.5,0
flow_2012.6,111.5,3.5,0
flow_00.7,94.0,6.0,0
flow_201.16,110.5,3.0,0
flow_00.8,92.0,4.0,0
flow_30.6,127.0,4.0,0
flow_10.5,130.5,4.0,0
flow_10.6,128.0,3.0,0
flow_3012.4,116.5,6.0,0
flow_20.7,124.5,4.0,0
flow_001.19,107.5,3.5,0
flow_201.17,112.0,3.0,0
flow_001.20,106.0,3.0,0
flow_2012.7,108.0,3.5,0
flow_001.21,93.0,6.5,0
flow_3012.5,131.5,4.5,0
flow_101.14,140.0,7.0,0
flow_301.14,129.5,3.0,0
flow_30.7,113.5,3.0,0
flow_1012.8,141.0,6.0,0
flow_001.22,101.0,3.5,0
flow_201.18,111.5,4.0,0
flow_001.23,94.0,3.0,0
flow_201.19,107.5,3.5,0
flow_0012.4,93.5,4.0,0
flow_201.20,107.5,6.5,0
flow_101.15,153.5,3.5,0
flow_301.15,132.5,4.0,0
flow_101.16,138.0,3.0,0
flow_301.16,129.0,3.0,0
flow_101.17,134.5,3.5,0
flow_3012.6,119.0,6.5,0
flow_20.8,108.5,4.0,0
flow_001.24,93.5,4.0,0
flow_2012.8,108.0,4.0,0
flow_00.9,94.5,6.5,0
flow_2012.9,108.5,7.0,0
flow_101.18,136.0,3.5,0
flow_301.17,126.5,3.5,0
flow_10.7,133.0,3.0,0
flow_301.18,112.0,3.0,0
flow_1012.9,130.5,3.5,0
flow_3012.7,110.0,3.5,0
flow_20.9,108.0,4.0,0
flow_001.25,111.5,3.5,0
flow_00.10,104.0,3.0,0
flow_20.10,106.0,3.0,0
flow_001.26,89.0,3.0,0
flow_2012.10,107.5,5.5,0
flow_10.8,136.0,4.0,0
flow_301.19,125.5,3.5,0
flow_1012.10,132.0,4.0,0
flow_10.9,113.5,3.0,0
flow_301.20,116.0,6.5,0
flow_2012.11,108.5,4.0,0
flow_001.27,105.5,7.0,0
flow_2012.12,110.0,5.0,0
flow_0012.5,100.0,4.0,0
flow_301.21,130.0,3.5,0
flow_3012.8,112.5,4.0,0
flow_1012.11,131.0,6.5,0
flow_10.10,112.5,4.0,0
flow_301.22,110.5,3.5,0
flow_201.21,126.0,3.5,0
flow_001.28,117.5,3.5,0
flow_20.11,110.5,3.0,0
flow_00.11,115.0,3.0,0
flow_001.29,114.0,3.0,0
flow_2012.13,111.5,5.0,0
flow_301.23,123.5,3.5,0
flow_101.19,126.5,3.5,0
flow_301.24,112.0,3.0,0
flow_101.20,112.5,3.0,0
flow_30.8,109.0,3.0,0
flow_101.21,110.0,3.0,0
flow_2012.14,123.0,4.0,0
flow_0012.6,129.0,4.5,0
flow_201.22,113.0,3.0,0
flow_001.30,116.0,3.0,0
flow_00.12,112.5,3.0,0
flow_201.23,110.0,3.0,0
flow_30.9,123.5,4.0,0
flow_101.22,125.0,3.5,0
flow_3012.9,112.0,3.5,0
flow_30.10,108.0,3.0,0
flow_101.23,117.0,7.0,0
flow_20.12,123.5,4.0,0
flow_00.13,128.0,4.0,0
flow_00.14,111.0,3.0,0
flow_0012.7,109.0,3.5,0
flow_2012.15,116.0,6.0,0
flow_1012.12,131.0,4.0,0
flow_10.11,128.0,3.0,0
flow_301.25,129.5,7.5,0
flow_10.12,115.0,3.0,0
flow_301.26,116.5,3.5,0
flow_20.13,130.0,4.0,0
flow_00.15,124.0,4.0,0
flow_00.16,108.5,3.0,0
flow_201.24,130.0,3.5,0
flow_001.31,104.5,3.0,0
flow_2012.16,117.5,5.0,0
flow_3012.10,129.0,4.5,0
flow_1012.13,132.5,4.5,0
flow_30.11,108.0,3.0,0
flow_301.27,114.0,3.5,0
flow_101.24,130.5,3.5,0
flow_10.13,113.5,3.0,0
flow_20.14,128.5,4.0,0
flow_001.32,109.0,3.5,0
flow_00.17,105.0,3.0,0
flow_20.15,111.0,3.0,0
flow_001.33,103.0,2.5,0
flow_2012.17,113.5,5.5,0
flow_30.12,124.0,4.0,0
flow_10.14,128.0,4.0,0
flow_10.15,112.0,3.5,0
flow_3012.11,115.0,5.5,0
flow_201.25,125.0,3.5,0
flow_0012.8,111.5,6.5,0
flow_0012.9,109.0,4.5,0
flow_20.16,115.5,5.0,0
flow_0012.10,108.0,6.5,0
flow_101.25,131.5,3.5,0
flow_3012.12,134.5,6.5,0
flow_3012.13,131.5,4.5,0
flow_301.28,117.0,3.0,0
flow_101.26,134.5,4.0,0
flow_201.26,131.0,3.5,0
flow_0012.11,111.5,6.5,0
flow_2012.18,129.0,4.0,0
flow_0012.12,109.0,4.5,0
flow_0012.13,106.5,4.5,0
flow_1012.14,136.0,4.0,0
flow_3012.14,131.5,4.5,0
flow_301.29,129.0,3.0,0
flow_101.27,132.0,3.0,0
flow_101.28,115.5,3.0,0
flow_301.30,114.0,3.0,0
flow_201.27,136.5,3.5,0
flow_001.34,109.0,3.5,0
flow_201.28,132.5,3.0,0
flow_001.35,107.0,3.0,0
flow_001.36,104.0,3.0,0
flow_201.29,116.5,3.5,0
flow_101.29,131.5,3.5,0
flow_301.31,127.0,3.5,0
flow_1012.15,131.0,4.5,0
flow_10.16,114.5,3.0,0
flow_30.13,115.0,6.5,0
flow_30.14,112.0,4.5,0
flow_001.37,108.5,3.5,0
flow_201.30,131.5,3.5,0
flow_2012.19,129.0,4.0,0
flow_201.31,115.5,3.0,0
flow_001.38,110.5,6.5,0
flow_10.17,130.0,4.0,0
flow_301.32,125.0,3.5,0
flow_10.18,128.0,3.5,0
flow_1012.16,114.5,3.5,0
flow_3012.15,115.0,6.0,0
flow_201.32,131.0,3.5,0
flow_0012.14,127.5,6.0,0
flow_2012.20,128.0,3.5,0
flow_2012.21,115.0,4.0,0
flow_3012.16,131.0,4.5,0
flow_101.30,132.0,7.5,0
flow_3012.17,116.0,5.5,0
flow_1012.17,116.0,3.5,0
flow_001.39,135.5,4.0,0
flow_201.33,126.5,3.5,0
flow_20.17,110.5,3.0,0
flow_001.40,133.5,3.0,0
flow_00.18,128.5,2.5,0
flow_2012.22,110.5,6.5,0
flow_10.19,125.0,4.0,0
flow_301.33,132.0,3.5,0
flow_30.15,126.0,3.0,0
flow_101.31,112.5,3.0,0
flow_301.34,115.0,3.0,0
flow_101.32,109.5,3.0,0
flow_201.34,108.0,3.5,0
flow_001.41,136.0,3.5,0
flow_2012.23,107.0,4.0,0
flow_20.18,102.0,3.0,0
flow_00.19,136.5,6.0,0
flow_00.20,133.0,4.0,0
flow_301.35,131.0,3.5,0
flow_101.33,125.5,3.5,0
flow_1012.18,113.5,4.0,0
flow_301.36,133.5,7.0,0
flow_1012.19,113.5,5.5,0
flow_201.35,108.0,3.5,0
flow_0012.15,139.0,6.0,0
flow_00.21,135.0,3.5,0
flow_201.36,110.0,4.0,0
flow_0012.16,136.0,5.0,0
flow_30.16,136.5,4.0,0
flow_101.34,126.0,3.5,0
flow_101.35,112.0,3.0,0
flow_301.37,135.0,3.0,0
flow_30.17,130.5,3.0,0
flow_101.36,110.0,3.0,0
flow_2012.24,125.0,4.0,0
flow_0012.17,137.5,4.5,0
flow_00.22,130.0,3.0,0
flow_201.37,112.5,3.0,0
flow_20.19,108.0,3.0,0
flow_001.42,114.5,3.0,0
flow_3012.18,137.0,4.5,0
flow_301.38,132.0,2.5,0
flow_101.37,129.5,7.5,0
flow_10.20,115.0,6.0,0
flow_3012.19,117.5,4.5,0
flow_201.38,125.0,3.5,0
flow_001.43,111.0,3.5,0
flow_201.39,113.0,3.0,0
flow_2012.25,109.0,3.5,0
flow_0012.18,110.5,6.5,0
flow_1012.20,127.0,4.5,0
flow_101.38,111.0,2.5,0
flow_30.18,132.0,6.5,0
flow_301.39,113.5,3.5,0
flow_101.39,110.5,3.0,0
flow_30.19,111.0,3.0,0
flow_001.44,123.5,3.5,0
flow_201.40,126.5,3.5,0
flow_00.23,111.0,3.0,0
flow_201.41,112.5,3.0,0
flow_201.42,109.5,3.0,0
flow_001.45,109.5,3.0,0
flow_101.40,125.0,3.5,0
flow_301.40,125.0,3.5,0
flow_30.20,112.0,3.0,0
flow_101.41,113.0,3.0,0
flow_30.21,105.5,3.0,0
flow_101.42,110.0,3.5,0
flow_201.43,125.0,3.5,0
flow_001.46,125.0,3.5,0
flow_2012.26,112.5,4.0,0
flow_201.44,106.5,2.5,0
flow_00.24,114.0,6.0,0
flow_0012.19,111.5,4.5,0
flow_1012.21,125.5,4.5,0
flow_101.43,113.0,3.0,0
flow_301.41,113.0,7.5,0
flow_10.21,108.0,3.0,0
flow_301.42,112.0,3.5,0
flow_00.25,123.5,4.0,0
flow_201.45,109.0,3.5,0
flow_001.47,112.5,3.0,0
flow_201.46,108.0,3.5,0
flow_001.48,110.0,3.0,0
flow_2012.27,106.5,6.0,0
flow_101.44,125.5,3.5,0
flow_301.43,126.0,3.5,0
flow_3012.20,113.5,4.0,0
flow_101.45,114.0,7.0,0
flow_3012.21,113.5,5.0,0
flow_001.49,125.5,3.5,0
flow_201.47,109.5,3.5,0
flow_2012.28,107.5,4.0,0
flow_201.48,103.5,3.0,0
flow_001.50,117.0,7.0,0
flow_10.22,125.5,4.0,0
flow_301.44,125.0,3.5,0
flow_301.45,112.5,3.0,0
flow_101.46,113.5,3.5,0
flow_3012.22,110.0,4.0,0
flow_101.47,113.5,6.5,0
flow_201.49,109.5,3.5,0
flow_0012.20,132.5,6.5,0
flow_001.51,114.0,3.0,0
flow_201.50,109.5,3.5,0
flow_00.26,109.5,3.0,0
flow_3012.23,126.0,4.5,0
flow_10.23,110.5,3.0,0
flow_30.22,110.5,3.0,0
flow_1012.22,128.5,5.0,0
flow_3012.24,109.0,3.5,0
flow_1012.23,109.5,3.5,0
flow_201.51,125.5,3.5,0
flow_001.52,126.0,3.5,0
flow_201.52,112.5,3.0,0
flow_001.53,112.5,3.0,0
flow_001.54,110.0,3.0,0
flow_201.53,110.5,3.5,0
flow_101.48,126.5,3.5,0
flow_301.46,127.0,4.0,0
flow_1012.24,113.0,4.0,0
flow_3012.25,112.0,4.5,0
flow_301.47,105.5,3.0,0
flow_101.49,111.5,3.5,0
flow_2012.29,125.0,4.0,0
flow_0012.21,125.0,4.5,0
flow_2012.30,113.0,4.0,0
flow_0012.22,113.0,4.0,0
flow_20.20,108.0,3.0,0
flow_00.27,108.5,3.0,0
flow_301.48,109.0,3.5,0
flow_101.50,126.0,3.5,0
flow_3012.26,106.5,4.0,0
flow_101.51,116.0,6.5,0
flow_301.49,104.0,3.0,0
flow_001.55,125.0,3.5,0
flow_201.54,125.0,3.5,0
flow_0012.23,112.5,4.0,0
flow_201.55,116.0,6.5,0
flow_0012.24,110.0,5.0,0
flow_101.52,128.0,3.5,0
flow_301.50,109.0,3.5,0
flow_1012.25,113.0,4.0,0
flow_301.51,111.0,7.0,0
flow_1012.26,113.5,5.5,0
flow_001.56,108.5,3.5,0
flow_201.56,133.0,4.0,0
flow_20.21,128.5,3.0,0
flow_001.57,106.0,3.0,0
flow_201.57,115.5,3.0,0
flow_001.58,103.5,3.5,0
flow_3012.27,124.5,4.0,0
flow_101.53,127.5,7.0,0
flow_3012.28,115.5,5.0,0
flow_3012.29,112.5,4.0,0
flow_201.58,129.0,3.5,0
flow_001.59,109.0,3.5,0
flow_201.59,112.5,3.0,0
flow_001.60,107.0,3.0,0
flow_00.28,101.5,3.0,0
flow_2012.31,113.0,6.5,0
flow_101.54,137.5,3.5,0
flow_301.52,126.0,3.5,0
flow_101.55,135.0,3.0,0
flow_301.53,113.5,3.5,0
flow_301.54,110.5,3.5,0
flow_101.56,132.5,3.5,0
flow_201.60,126.0,3.5,0
flow_001.61,109.5,3.5,0
flow_201.61,112.5,3.0,0
flow_001.62,107.0,3.0,0
flow_00.29,103.0,3.0,0
flow_2012.32,112.5,6.5,0
flow_3012.0,23.5,3.0,0
flow_30.0,21.5,1.5,0
flow_0012.0,38.5,4.0,0
flow_20.0,32.5,6.0,0
flow_001.0,26.5,3.0,0
flow_0012.1,26.0,3.5,0
flow_301.0,42.0,3.5,0
flow_101.0,28.0,3.0,0
flow_101.1,25.5,3.0,0
flow_301.1,41.5,3.0,0
flow_301.2,29.0,2.5,0
flow_001.1,38.0,3.5,0
flow_201.0,34.0,3.5,0
flow_20.1,26.5,2.5,0
flow_001.2,37.5,3.0,0
flow_001.3,37.0,3.0,0
flow_301.3,43.5,3.5,0
flow_3012.1,37.0,3.5,0
flow_1012.0,40.5,6.5,0
flow_301.4,37.5,3.0,0
flow_101.2,28.0,3.0,0
flow_20.2,32.0,4.0,0
flow_00.0,47.5,4.0,0
flow_001.4,48.0,3.0,0
flow_20.3,23.5,2.5,0
flow_2012.0,32.0,5.5,0
flow_301.5,52.0,3.5,0
flow_101.3,45.5,3.5,0
flow_1012.1,44.0,3.5,0
flow_101.4,43.5,3.0,0
flow_301.6,58.0,7.0,0
flow_00.1,58.0,4.0,0
flow_20.4,40.0,4.0,0
flow_001.5,40.0,3.0,0
flow_001.6,31.5,3.0,0
flow_301.7,60.0,3.5,0
flow_101.5,61.0,3.5,0
flow_30.1,59.5,3.0,0
flow_101.6,60.0,3.0,0
flow_301.8,57.5,2.5,0
flow_101.7,59.5,3.5,0
flow_0012.2,26.5,3.5,0
flow_00.2,23.5,2.5,0
flow_20.5,38.5,6.0,0
flow_00.3,20.5,1.5,0
flow_10.0,75.0,4.0,0
flow_301.9,76.0,3.5,0
flow_30.2,73.5,3.0,0
flow_10.1,74.5,3.0,0
flow_1012.2,74.5,3.5,0
flow_3012.2,39.0,3.5,0
flow_201.1,30.0,3.5,0
flow_0012.3,43.5,6.5,0
flow_20.6,29.0,3.0,0
flow_001.7,40.5,3.0,0
flow_001.8,40.0,3.0,0
flow_201.2,29.5,3.0,0
flow_301.10,54.5,3.5,0
flow_1012.3,94.5,6.5,0
flow_1012.4,94.0,4.5,0
flow_10.2,90.0,3.0,0
flow_301.11,54.5,4.5,0
flow_201.3,45.5,3.5,0
flow_2012.1,44.0,3.5,0
flow_0012.4,59.5,6.5,0
flow_00.4,45.0,4.0,0
flow_2012.2,33.0,6.5,0
flow_1012.5,106.5,4.0,0
flow_3012.3,58.5,4.5,0
flow_30.3,45.0,3.0,0
flow_101.8,106.0,3.0,0
flow_3012.4,37.5,3.5,0
flow_101.9,108.0,6.5,0
flow_001.9,58.0,3.5,0
flow_201.4,49.0,4.0,0
flow_001.10,57.5,3.0,0
flow_201.5,47.5,3.0,0
flow_20.7,44.0,3.0,0
flow_001.11,56.5,3.0,0
flow_30.4,31.5,4.0,0
flow_10.3,107.5,4.0,0
flow_301.12,29.0,2.5,0
flow_10.4,106.0,3.0,0
flow_10.5,103.0,3.0,0
flow_201.6,59.0,4.0,0
flow_0012.5,78.0,7.0,0
flow_001.12,63.5,3.0,0
flow_20.8,40.0,3.5,0
flow_0012.6,54.5,4.5,0
flow_10.6,108.0,4.0,0
flow_301.13,41.0,3.5,0
flow_1012.6,107.0,4.0,0
flow_10.7,102.0,3.0,0
flow_301.14,41.0,6.5,0
flow_001.13,65.5,3.5,0
flow_201.7,49.5,3.5,0
flow_20.9,47.5,3.0,0
flow_001.14,66.0,3.0,0
flow_20.10,43.0,3.0,0
flow_001.15,65.5,4.0,0
flow_30.5,50.5,4.0,0
flow_1012.7,111.5,7.5,0
flow_3012.5,52.0,4.0,0
flow_3012.6,51.5,4.0,0
flow_0012.7,71.0,4.5,0
flow_20.11,64.0,6.5,0
flow_001.16,64.5,2.5,0
flow_001.17,42.0,3.5,0
flow_101.10,130.5,4.0,0
flow_301.15,56.0,3.5,0
flow_101.11,127.5,3.0,0
flow_301.16,55.5,3.0,0
flow_101.12,116.0,3.0,0
flow_3012.7,58.0,6.0,0
flow_001.18,60.0,4.0,0
flow_001.19,58.5,3.0,0
flow_001.20,57.0,3.0,0
flow_10.8,129.5,4.0,0
flow_30.6,58.5,4.0,0
flow_101.13,127.5,3.0,0
flow_301.17,58.5,3.0,0
flow_1012.8,115.0,3.5,0
flow_30.7,59.5,6.0,0
flow_20.12,28.0,3.5,0
flow_001.21,74.5,3.5,0
flow_001.22,74.5,3.5,0
flow_001.23,73.0,3.5,0
flow_3012.8,76.0,4.5,0
flow_301.18,75.0,3.0,0
flow_101.14,135.5,7.5,0
flow_10.9,131.0,3.5,0
flow_301.19,73.0,3.0,0
flow_0012.8,89.5,4.0,0
flow_0012.9,89.0,4.0,0
flow_0012.10,87.5,3.5,0
flow_10.10,136.0,4.0,0
flow_301.20,77.5,3.5,0
flow_101.15,135.0,3.0,0
flow_1012.9,131.5,3.5,0
flow_3012.9,80.0,5.0,0
flow_3012.10,77.5,4.5,0
flow_00.5,104.0,4.0,0
flow_20.13,40.0,4.0,0
flow_001.24,106.0,3.5,0
flow_001.25,103.5,3.5,0
flow_201.8,25.0,2.5,0
flow_10.11,134.5,4.0,0
flow_30.8,84.5,4.0,0
flow_10.12,112.5,3.0,0
flow_301.21,85.0,3.0,0
flow_1012.10,110.5,4.0,0
flow_301.22,88.0,6.5,0
flow_00.6,108.5,4.0,0
flow_0012.11,106.5,3.5,0
flow_001.26,104.0,3.0,0
flow_10.13,127.5,7.0,0
flow_3012.11,104.0,5.0,0
flow_301.23,100.5,3.0,0
flow_101.16,113.5,3.0,0
flow_30.9,97.5,3.0,0
flow_20.14,36.5,4.0,0
flow_001.27,109.0,3.5,0
flow_20.15,28.0,3.0,0
flow_0012.12,109.0,5.0,0
flow_0012.13,106.5,4.5,0
flow_3012.12,109.5,4.5,0
flow_1012.11,133.5,5.0,0
flow_101.17,129.5,3.0,0
flow_10.14,111.0,3.0,0
flow_301.24,104.5,3.5,0
flow_3012.13,97.0,6.5,0
flow_001.28,109.0,3.5,0
flow_201.9,42.0,3.5,0
flow_201.10,41.0,3.0,0
flow_001.29,107.5,3.0,0
flow_001.30,104.0,3.0,0
flow_201.11,34.0,3.0,0
flow_1012.12,127.0,4.5,0
flow_3012.14,92.0,4.5,0
flow_3012.15,92.0,4.0,0
flow_301.25,90.0,3.0,0
flow_101.18,118.0,4.5,0
flow_2012.3,38.5,4.0,0
flow_001.31,113.0,7.0,0
flow_00.7,109.5,3.5,0
flow_101.19,131.0,3.5,0
flow_301.26,98.0,3.5,0
flow_3012.16,98.5,4.0,0
flow_10.15,131.0,6.0,0
flow_3012.17,92.5,6.5,0
flow_00.8,123.5,4.0,0
flow_201.12,38.5,4.0,0
flow_001.32,113.5,3.5,0
flow_201.13,37.5,3.5,0
flow_2012.4,26.5,3.5,0
flow_001.33,113.5,6.0,0
flow_30.10,70.5,4.0,0
flow_101.20,137.0,3.5,0
flow_30.11,68.0,3.0,0
flow_1012.13,138.5,6.0,0
flow_30.12,52.0,5.5,0
flow_00.9,123.5,4.0,0
flow_201.14,33.5,3.5,0
flow_20.16,31.0,3.0,0
flow_001.34,111.5,2.5,0
flow_001.35,109.5,3.0,0
flow_30.13,65.5,4.0,0
flow_1012.14,157.0,7.5,0
flow_1012.15,144.5,4.5,0
flow_001.36,124.0,3.5,0
flow_201.15,44.5,4.0,0
flow_2012.5,32.0,4.0,0
flow_001.37,116.0,4.0,0
flow_201.16,29.5,3.5,0
flow_301.27,89.0,3.5,0
flow_101.21,157.5,3.5,0
flow_10.16,139.5,3.0,0
flow_301.28,89.0,3.0,0
flow_10.17,136.5,3.0,0
flow_301.29,88.0,3.0,0
flow_001.38,131.0,3.5,0
flow_201.17,47.0,3.5,0
flow_20.17,27.5,3.0,0
flow_001.39,129.5,3.0,0
flow_0012.14,112.0,3.5,0
flow_301.30,103.0,3.5,0
flow_101.22,154.0,3.5,0
flow_1012.16,141.0,4.0,0
flow_3012.18,101.5,4.5,0
flow_30.14,96.0,3.0,0
flow_101.23,135.0,3.0,0
flow_201.18,32.5,3.5,0
flow_001.40,127.5,3.5,0
flow_001.41,112.5,3.0,0
flow_00.10,107.0,3.0,0
flow_10.18,135.5,4.0,0
flow_301.31,113.5,3.5,0
flow_101.24,134.0,3.0,0
flow_3012.19,100.5,5.0,0
flow_30.15,96.5,3.0,0
flow_2012.6,42.5,4.5,0
flow_20.18,40.5,3.0,0
flow_001.42,127.5,7.0,0
flow_00.11,114.5,3.5,0
flow_201.19,29.0,2.5,0
flow_301.32,113.5,3.5,0
flow_101.25,137.5,3.5,0
flow_30.16,97.0,3.0,0
flow_101.26,132.5,3.0,0
flow_101.27,115.5,3.5,0
flow_301.33,97.0,3.0,0
flow_20.19,45.0,4.0,0
flow_00.12,130.0,4.0,0
flow_00.13,128.0,3.0,0
flow_201.20,26.0,2.5,0
flow_0012.15,117.0,5.5,0
flow_1012.17,129.5,4.5,0
flow_3012.20,109.5,4.5,0
flow_301.34,107.5,3.0,0
flow_101.28,114.5,3.5,0
flow_301.35,105.0,3.0,0
flow_101.29,111.5,3.5,0
flow_001.43,128.0,3.5,0
flow_201.21,33.0,3.5,0
flow_001.44,112.5,3.0,0
flow_201.22,25.0,2.5,0
flow_001.45,110.0,3.0,0
flow_30.17,108.0,4.0,0
flow_101.30,125.0,3.5,0
flow_101.31,113.0,3.0,0
flow_301.36,108.0,3.5,0
flow_301.37,105.0,3.5,0
flow_101.32,111.5,3.5,0
flow_001.46,125.0,3.5,0
flow_201.23,35.0,3.5,0
flow_201.24,35.0,3.0,0
flow_001.47,113.5,3.5,0
flow_2012.7,34.5,4.0,0
flow_00.14,112.0,6.0,0
flow_101.33,125.0,3.5,0
flow_301.38,109.5,3.5,0
flow_10.19,111.0,3.0,0
flow_301.39,107.5,3.5,0
flow_1012.18,109.0,4.0,0
flow_301.40,107.0,6.5,0
flow_001.48,125.0,3.5,0
flow_201.25,48.5,3.5,0
flow_20.20,46.0,3.0,0
flow_001.49,109.5,3.0,0
flow_00.15,103.0,3.0,0
flow_201.26,43.5,3.0,0
flow_30.18,107.5,4.0,0
flow_101.34,109.0,3.5,0
flow_30.19,105.5,3.0,0
flow_1012.19,110.0,6.0,0
flow_30.20,105.5,5.5,0
flow_2012.8,53.0,4.5,0
flow_001.50,113.0,7.5,0
flow_20.21,49.0,2.5,0
flow_201.27,53.5,3.5,0
flow_001.51,110.5,3.5,0
flow_301.41,108.5,3.5,0
flow_101.35,127.5,4.0,0
flow_101.36,113.0,3.0,0
flow_301.42,108.0,3.5,0
flow_1012.20,110.5,4.0,0
flow_301.43,108.0,7.0,0
flow_00.16,124.5,4.0,0
flow_201.28,54.5,3.5,0
flow_201.29,54.0,3.0,0
flow_001.52,113.0,3.0,0
flow_201.30,40.0,3.5,0
flow_0012.16,113.5,6.5,0
flow_101.37,125.0,3.5,0
flow_301.44,109.0,3.5,0
flow_3012.21,107.5,4.0,0
flow_301.45,103.5,3.0,0
flow_101.38,116.0,7.0,0
flow_00.17,124.0,4.0,0
flow_201.31,56.0,3.5,0
flow_001.53,112.0,3.0,0
flow_201.32,56.0,3.0,0
flow_00.18,109.0,3.0,0
flow_201.33,55.5,3.5,0
flow_101.39,130.5,3.5,0
flow_301.46,108.5,3.5,0
flow_1012.21,129.5,4.0,0
flow_101.40,115.0,3.0,0
flow_301.47,110.5,7.0,0
flow_001.54,125.0,3.5,0
flow_20.22,23.5,2.5,0
flow_201.34,58.0,4.0,0
flow_001.55,112.5,3.0,0
flow_00.19,108.5,3.0,0
flow_101.41,131.5,3.5,0
flow_301.48,124.5,3.5,0
flow_10.20,128.0,3.0,0
flow_301.49,112.5,3.0,0
flow_10.21,114.5,3.0,0
flow_301.50,110.0,3.0,0
flow_201.35,42.5,3.5,0
flow_0012.17,127.5,6.0,0
flow_2012.9,42.5,3.5,0
flow_001.56,114.0,3.5,0
flow_1012.22,129.5,4.5,0
flow_30.21,127.0,6.5,0
flow_101.42,112.0,3.0,0
flow_301.51,113.5,3.5,0
flow_10.22,108.5,3.0,0
flow_301.52,111.0,3.0,0
flow_20.23,26.5,3.5,0
flow_0012.18,130.0,7.0,0
flow_0012.19,115.0,4.5,0
flow_001.57,111.0,2.5,0
flow_3012.22,124.0,4.5,0
flow_101.43,129.0,7.0,0
flow_3012.23,115.0,5.0,0
flow_301.53,111.5,3.0,0
flow_201.36,47.5,3.5,0
flow_0012.20,127.5,6.5,0
flow_00.20,112.5,3.5,0
flow_201.37,47.5,3.5,0
flow_0012.21,112.5,4.5,0
flow_3012.24,125.5,4.5,0
flow_301.54,111.5,3.0,0
flow_101.44,140.5,7.0,0
flow_3012.25,108.0,4.0,0
flow_00.21,124.0,4.0,0
flow_201.38,56.0,3.5,0
flow_00.22,112.0,3.5,0
flow_201.39,53.5,3.0,0
flow_0012.22,110.5,4.0,0
flow_30.22,107.5,4.0,0
flow_101.45,155.5,4.0,0
flow_101.46,141.0,3.5,0
flow_3012.26,110.0,5.5,0
flow_30.23,104.5,3.5,0
flow_00.23,109.5,3.0,0
flow_0012.23,127.5,5.0,0
flow_201.40,45.0,8.0,0
flow_001.58,105.5,3.0,0
flow_201.41,40.0,3.0,0
flow_101.47,159.5,3.5,0
flow_3012.27,111.5,5.5,0
flow_1012.23,156.5,4.0,0
flow_101.48,143.5,3.0,0
flow_301.55,110.5,4.0,0
flow_201.42,44.0,3.5,0
flow_001.59,108.5,3.5,0
flow_201.43,33.0,2.5,0
flow_0012.24,108.5,6.0,0
flow_001.60,104.0,3.0,0
flow_30.24,123.5,4.0,0
flow_101.49,159.0,3.5,0
flow_301.56,112.0,3.0,0
flow_3012.28,110.0,4.0,0
flow_1012.24,162.0,5.5,0
flow_1012.25,148.0,5.0,0
flow_201.44,38.5,3.5,0
flow_0012.25,111.5,6.5,0
flow_2012.10,37.5,3.5,0
flow_00.24,103.5,3.0,0
flow_0012.26,110.5,5.0,0
flow_301.57,124.0,3.5,0
flow_101.50,159.5,3.5,0
flow_1012.26,157.5,4.0,0
flow_30.25,114.5,6.0,0
flow_3012.29,111.5,4.5,0
flow_1012.27,143.5,6.5,0
flow_00.25,107.5,4.0,0
flow_201.45,58.5,3.5,0
flow_0012.27,107.0,4.0,0
flow_20.24,60.5,6.0,0
flow_001.61,105.0,3.5,0
flow_301.58,125.5,3.5,0
flow_1012.28,137.5,6.5,0
flow_101.51,115.0,3.0,0
flow_10.23,108.5,3.0,0
flow_301.59,115.0,3.5,0
flow_001.62,109.0,3.5,0
flow_201.46,25.5,2.5,0
flow_001.63,108.0,3.5,0
flow_001.64,105.0,3.5,0
flow_301.0,24.5,2.5,0
flow_10.0,20.5,1.5,0
flow_3012.0,26.0,3.5,0
flow_20.0,30.5,3.5,0
flow_001.0,38.5,3.5,0
flow_0012.0,37.0,4.0,0
flow_001.1,35.0,2.5,0
flow_1012.0,41.5,4.5,0
flow_30.0,44.5,6.5,0
flow_1012.1,36.0,5.5,0
flow_30.1,46.5,7.5,0
flow_001.2,48.5,3.5,0
flow_201.0,43.5,3.5,0
flow_20.1,38.0,3.0,0
flow_0012.1,51.0,6.0,0
flow_20.2,29.5,6.0,0
flow_1012.2,55.0,4.5,0
flow_30.2,64.0,6.5,0
flow_3012.1,63.5,4.0,0
flow_1012.3,56.5,5.5,0
flow_3012.2,62.0,4.0,0
flow_0012.2,69.0,4.5,0
flow_2012.0,46.0,4.5,0
flow_00.0,67.0,3.0,0
flow_201.1,41.5,3.5,0
flow_001.3,67.5,3.0,0
flow_2012.1,37.5,5.0,0
flow_101.0,32.0,3.5,0
flow_301.1,79.0,4.0,0
flow_101.1,28.5,2.5,0
flow_301.2,70.5,3.5,0
flow_101.2,27.0,3.0,0
flow_301.3,32.5,3.0,0
flow_201.2,50.0,3.5,0
flow_001.4,84.5,3.5,0
flow_00.1,81.5,3.0,0
flow_201.3,32.0,3.5,0
flow_0012.3,81.5,4.0,0
flow_201.4,30.0,6.5,0
flow_1012.4,29.0,4.0,0
flow_30.3,36.5,6.5,0
flow_30.4,35.0,4.5,0
flow_30.5,33.5,3.5,0
flow_201.5,34.5,3.5,0
flow_001.5,98.0,3.5,0
flow_201.6,27.5,2.5,0
flow_001.6,97.0,3.0,0
flow_0012.4,96.0,3.5,0
flow_3012.3,50.5,4.5,0
flow_1012.5,43.5,4.5,0
flow_10.1,42.0,3.0,0
flow_301.4,48.5,3.0,0
flow_101.3,41.5,3.0,0
flow_301.5,37.5,3.0,0
flow_20.3,40.5,4.0,0
flow_001.7,103.0,3.5,0
flow_00.2,96.0,3.0,0
flow_201.7,41.0,3.0,0
flow_001.8,94.5,3.0,0
flow_201.8,40.5,3.0,0
flow_1012.6,58.5,4.0,0
flow_30.6,55.0,6.5,0
flow_101.4,54.5,3.0,0
flow_30.7,53.0,4.0,0
flow_101.5,53.5,3.0,0
flow_30.8,51.5,3.0,0
flow_20.4,57.0,4.0,0
flow_001.9,109.5,3.5,0
flow_20.5,56.0,3.0,0
flow_00.3,106.0,3.0,0
flow_00.4,101.5,3.0,0
flow_201.9,51.5,3.0,0
flow_10.2,61.0,4.0,0
flow_3012.4,64.0,7.5,0
flow_10.3,56.0,5.0,0
flow_301.6,64.0,3.5,0
flow_101.6,55.0,3.0,0
flow_20.6,68.0,4.0,0
flow_001.10,108.0,4.0,0
flow_20.7,65.0,3.0,0
flow_0012.5,108.5,6.0,0
flow_20.8,67.0,5.5,0
flow_301.7,81.0,3.5,0
flow_101.7,69.5,3.5,0
flow_101.8,67.5,3.0,0
flow_301.8,82.0,3.5,0
flow_101.9,67.0,3.5,0
flow_3012.5,69.0,6.5,0
flow_20.9,82.0,4.0,0
flow_0012.6,128.0,7.5,0
flow_00.5,114.0,3.5,0
flow_201.10,84.5,3.0,0
flow_301.9,83.0,3.5,0
flow_101.10,52.0,3.5,0
flow_3012.6,83.0,4.0,0
flow_1012.7,53.0,4.0,0
flow_3012.7,77.0,4.0,0
flow_10.4,53.0,6.0,0
flow_201.11,100.0,3.5,0
flow_0012.7,133.0,6.0,0
flow_001.11,127.0,3.0,0
flow_201.12,102.5,3.5,0
flow_0012.8,117.0,4.0,0
flow_301.10,94.0,3.5,0
flow_101.11,68.5,3.5,0
flow_1012.8,67.5,3.5,0
flow_301.11,93.0,7.0,0
flow_1012.9,60.0,5.5,0
flow_201.13,120.5,3.5,0
flow_001.12,131.5,3.5,0
flow_00.6,128.0,3.0,0
flow_201.14,119.5,3.0,0
flow_001.13,116.0,3.0,0
flow_2012.2,119.0,5.5,0
flow_301.12,108.0,3.5,0
flow_101.12,73.5,3.5,0
flow_1012.10,69.5,3.5,0
flow_3012.8,108.0,4.0,0
flow_10.5,51.0,3.0,0
flow_301.13,97.5,3.0,0
flow_201.15,130.0,3.5,0
flow_0012.9,134.0,6.5,0
flow_0012.10,131.0,4.5,0
flow_20.10,131.0,4.5,0
flow_00.7,116.5,3.5,0
flow_10.6,59.0,4.0,0
flow_301.14,114.0,3.5,0
flow_10.7,55.5,3.0,0
flow_301.15,112.0,3.0,0
flow_30.9,107.5,3.0,0
flow_2012.3,136.5,4.0,0
flow_001.14,132.5,7.0,0
flow_201.16,135.5,3.0,0
flow_20.11,130.5,3.0,0
flow_001.15,115.0,3.0,0
flow_301.16,123.5,3.5,0
flow_101.13,37.0,3.5,0
flow_101.14,36.5,3.0,0
flow_3012.9,115.5,6.0,0
flow_1012.11,26.0,3.5,0
flow_3012.10,112.5,4.5,0
flow_20.12,133.0,4.0,0
flow_001.16,128.5,3.5,0
flow_2012.4,129.5,4.0,0
flow_201.17,114.5,3.0,0
flow_001.17,116.0,7.0,0
flow_3012.11,126.5,4.5,0
flow_30.10,110.5,3.0,0
flow_101.15,47.5,7.5,0
flow_3012.12,108.0,4.0,0
flow_10.8,47.5,5.5,0
flow_00.8,129.5,4.0,0
flow_20.13,127.5,4.0,0
flow_20.14,111.0,3.0,0
flow_001.18,128.0,3.0,0
flow_201.18,109.0,2.5,0
flow_0012.11,117.5,5.0,0
flow_30.11,107.5,4.0,0
flow_10.9,34.0,3.5,0
flow_101.16,31.5,3.0,0
flow_3012.13,109.5,5.0,0
flow_301.17,103.5,2.5,0
flow_00.9,130.0,4.0,0
flow_201.19,125.0,3.5,0
flow_00.10,127.5,3.0,0
flow_201.20,111.0,3.0,0
flow_001.19,115.5,3.0,0
flow_201.21,106.5,3.5,0
flow_1012.12,41.0,4.5,0
flow_101.17,34.0,2.5,0
flow_301.18,113.0,7.5,0
flow_1012.13,33.5,3.5,0
flow_20.15,107.5,4.0,0
flow_001.20,130.5,3.5,0
flow_00.11,126.0,3.0,0
flow_20.16,106.0,3.0,0
flow_00.12,111.5,3.0,0
flow_20.17,102.5,3.0,0
flow_301.19,131.5,4.0,0
flow_101.18,51.0,3.5,0
flow_301.20,129.5,3.0,0
flow_3012.14,115.0,3.5,0
flow_1012.14,49.5,6.0,0
flow_201.22,108.0,3.5,0
flow_001.21,128.0,4.0,0
flow_0012.12,111.5,3.5,0
flow_2012.5,107.5,4.0,0
flow_0012.13,107.5,4.0,0
flow_2012.6,104.5,4.0,0
flow_30.12,129.0,4.0,0
flow_101.19,53.0,3.5,0
flow_3012.15,128.5,4.0,0
flow_301.21,115.5,3.0,0
flow_101.20,53.0,7.0,0
flow_20.18,107.0,4.0,0
flow_001.22,109.0,3.5,0
flow_2012.7,107.5,4.0,0
flow_20.19,102.0,3.0,0
flow_00.13,109.0,6.0,0
flow_0012.14,106.0,5.5,0
flow_30.13,130.0,4.0,0
flow_1012.15,63.0,7.5,0
flow_101.21,59.0,3.5,0
flow_301.22,135.0,3.5,0
flow_20.20,108.0,4.0,0
flow_001.23,108.5,3.5,0
flow_001.24,107.0,3.0,0
flow_20.21,107.5,3.5,0
flow_201.23,102.5,2.5,0
flow_001.25,104.5,3.5,0
flow_301.23,136.5,3.5,0
flow_1012.16,79.0,6.5,0
flow_10.10,69.5,3.5,0
flow_301.24,137.0,3.5,0
flow_101.22,63.0,3.0,0
flow_2012.8,108.5,4.0,0
flow_001.26,112.5,7.0,0
flow_2012.9,109.5,5.0,0
flow_20.22,104.0,3.5,0
flow_3012.16,153.0,4.5,0
flow_101.23,82.0,7.5,0
flow_301.25,138.5,3.5,0
flow_101.24,76.0,3.0,0
flow_301.26,117.5,3.5,0
flow_00.14,131.0,4.0,0
flow_201.24,109.0,3.5,0
flow_00.15,128.0,3.0,0
flow_201.25,107.0,3.0,0
flow_00.16,114.5,3.0,0
flow_2012.10,106.5,6.0,0
flow_101.25,79.5,3.5,0
flow_3012.17,134.5,6.0,0
flow_30.14,129.0,3.5,0
flow_10.11,72.0,3.5,0
flow_30.15,115.0,3.0,0
flow_20.23,107.5,4.0,0
flow_001.27,132.0,3.5,0
flow_2012.11,107.0,4.0,0
flow_001.28,133.0,7.0,0
flow_2012.12,107.5,5.0,0
flow_30.16,130.0,4.0,0
flow_101.26,90.5,3.5,0
flow_30.17,128.0,3.0,0
flow_3012.18,112.0,3.5,0
flow_1012.17,93.0,5.0,0
flow_00.17,135.5,4.0,0
flow_201.26,108.5,3.5,0
flow_20.24,105.0,3.0,0
flow_001.29,134.5,3.0,0
flow_201.27,105.0,3.5,0
flow_0012.15,134.5,5.5,0
flow_30.18,125.0,4.0,0
flow_101.27,111.5,3.5,0
flow_3012.19,114.0,4.5,0
flow_301.27,107.0,3.0,0
flow_101.28,104.0,7.5,0
flow_001.30,136.0,3.5,0
flow_201.28,108.5,3.5,0
flow_20.25,104.5,3.0,0
flow_00.18,134.0,3.0,0
flow_201.29,103.0,3.0,0
flow_0012.16,135.0,5.5,0
flow_3012.20,110.0,4.5,0
flow_30.19,105.5,3.0,0
flow_101.29,107.5,7.5,0
flow_101.30,91.5,3.5,0
flow_301.28,106.0,3.5,0
flow_2012.13,110.0,4.5,0
flow_201.30,107.0,3.0,0
flow_001.31,138.0,7.5,0
flow_00.19,114.0,3.5,0
flow_201.31,104.5,3.5,0
flow_3012.21,107.5,4.0,0
flow_1012.18,105.5,4.5,0
flow_3012.22,107.0,4.0,0
flow_30.20,101.5,3.0,0
flow_101.31,71.5,4.0,0
flow_201.32,108.5,3.5,0
flow_001.32,130.5,3.5,0
flow_201.33,106.5,3.0,0
flow_001.33,127.0,3.0,0
flow_2012.14,103.0,3.5,0
flow_0012.17,117.0,4.5,0
flow_3012.23,109.0,4.5,0
flow_10.12,87.5,6.5,0
flow_301.29,106.0,3.0,0
flow_30.21,102.0,3.0,0
flow_101.32,86.5,3.5,0
flow_101.33,68.0,3.0,0
flow_201.34,109.0,3.5,0
flow_001.34,128.5,3.5,0
flow_0012.18,113.0,4.0,0
flow_20.26,109.0,6.0,0
flow_0012.19,114.0,6.5,0
flow_301.30,108.5,3.5,0
flow_101.34,59.0,3.5,0
flow_10.13,58.5,3.0,0
flow_301.31,107.0,3.0,0
flow_1012.19,56.5,4.0,0
flow_30.22,106.0,6.0,0
flow_0012.20,125.5,4.5,0
flow_201.35,129.5,7.5,0
flow_0012.21,116.0,5.5,0
flow_001.35,111.0,3.0,0
flow_10.14,27.0,3.5,0
flow_301.32,109.0,3.5,0
flow_301.33,107.0,3.0,0
flow_30.23,102.5,3.0,0
flow_0012.22,126.0,4.5,0
flow_201.36,140.5,7.0,0
flow_0012.23,113.0,5.0,0
flow_2012.15,139.5,4.0,0
flow_301.34,109.0,3.5,0
flow_301.35,107.0,3.0,0
flow_3012.24,103.5,3.5,0
flow_2012.16,154.0,4.5,0
flow_00.20,128.0,6.5,0
flow_201.37,140.5,3.0,0
flow_0012.24,115.0,5.0,0
flow_001.36,112.0,3.0,0
flow_3012.25,109.0,4.5,0
flow_301.36,106.5,3.0,0
flow_101.35,43.0,7.5,0
flow_30.24,102.0,3.0,0
flow_101.36,41.5,3.0,0
flow_0012.25,126.0,4.5,0
flow_00.21,110.5,3.0,0
flow_201.38,163.5,7.5,0
flow_001.37,110.0,3.0,0
flow_201.39,161.0,3.5,0
flow_1012.20,58.5,4.0,0
flow_10.15,57.0,3.0,0
flow_301.37,112.5,7.0,0
flow_1012.21,42.5,4.0,0
flow_3012.26,111.5,4.0,0
flow_2012.17,165.0,4.5,0
flow_00.22,128.0,6.5,0
flow_201.40,162.5,3.0,0
flow_0012.26,115.0,5.0,0
flow_2012.18,161.0,4.0,0
flow_301.38,125.0,3.5,0
flow_101.37,48.5,3.5,0
flow_3012.27,112.5,4.0,0
flow_301.39,109.0,2.5,0
flow_101.38,49.5,6.5,0
flow_00.23,129.0,4.0,0
flow_201.41,165.0,3.5,0
flow_201.42,161.0,3.0,0
flow_001.38,128.0,3.0,0
flow_0012.27,115.0,3.5,0
flow_20.27,142.0,5.5,0
flow_10.16,64.5,4.0,0
flow_30.25,124.5,4.0,0
flow_101.39,67.5,3.5,0
flow_3012.28,116.0,5.5,0
flow_301.40,111.5,3.0,0
flow_201.43,134.5,3.5,0
flow_0012.28,132.5,6.5,0
flow_00.24,113.0,3.5,0
flow_201.44,132.5,3.5,0
flow_001.39,110.0,3.0,0
flow_3012.29,125.5,4.5,0
flow_301.41,112.5,3.0,0
flow_30.26,107.5,3.0,0
flow_101.40,90.5,7.5,0
flow_1012.22,92.5,6.0,0
flow_00.25,123.5,4.0,0
flow_201.45,137.5,3.5,0
flow_00.26,111.0,3.0,0
flow_201.46,133.5,3.0,0
flow_0012.29,110.0,4.0,0
flow_20.28,115.0,6.0,0
flow_30.27,124.0,4.0,0
flow_10.17,96.5,4.0,0
flow_301.42,109.0,3.0,0
flow_101.41,97.0,3.0,0
flow_10.18,90.0,3.0,0
flow_301.43,105.0,3.0,0
flow_201.47,127.0,3.5,0
flow_0012.30,129.0,6.5,0
flow_2012.19,113.0,4.0,0
flow_20.29,108.0,3.0,0
flow_00.27,114.0,4.0,0
flow_301.44,108.0,3.5,0
flow_101.42,109.5,3.5,0
flow_301.45,107.0,3.0,0
flow_101.43,109.0,3.0,0
flow_101.44,108.5,3.5,0
flow_301.46,105.5,3.5,0
flow_00.28,128.5,4.0,0
flow_201.48,125.0,3.5,0
flow_001.40,113.5,3.0,0
flow_201.49,112.5,3.0,0
flow_00.29,108.5,3.0,0
flow_201.50,110.0,3.0,0
flow_30.28,108.5,4.0,0
flow_101.45,126.5,4.0,0
flow_30.29,105.0,3.0,0
flow_101.46,124.5,3.5,0
flow_301.47,103.5,3.0,0
flow_101.47,116.5,3.5,0
flow_2012.20,125.5,4.5,0
flow_201.51,111.5,3.0,0
flow_001.41,130.5,7.5,0
flow_00.30,113.5,3.5,0
flow_201.52,107.0,3.0,0
flow_10.19,128.0,4.0,0
flow_301.48,110.0,4.0,0
flow_30.30,105.0,3.0,0
flow_101.48,109.5,3.0,0
flow_3012.30,104.5,4.0,0
flow_101.49,109.0,7.0,0
flow_0012.31,131.5,4.5,0
flow_00.31,127.5,3.0,0
flow_201.53,112.5,7.5,0
flow_20.30,108.5,3.5,0
flow_001.42,115.0,3.0,0
flow_3012.31,109.0,4.5,0
flow_101.50,113.0,7.5,0
flow_3012.32,110.5,5.5,0
flow_301.49,105.0,3.0,0
flow_2012.21,125.5,4.5,0
flow_20.31,111.0,3.0,0
flow_001.43,135.5,7.5,0
flow_00.32,131.0,3.5,0
flow_201.54,110.0,3.0,0
flow_301.50,108.5,3.5,0
flow_101.51,131.5,3.5,0
flow_1012.23,128.0,3.5,0
flow_301.51,110.5,6.5,0
flow_101.52,116.5,3.5,0
flow_201.55,126.0,3.5,0
flow_0012.32,139.5,6.5,0
flow_0012.33,135.0,4.5,0
flow_001.44,116.5,3.0,0
flow_201.56,118.0,4.0,0
flow_101.0,25.5,2.5,0
flow_101.1,26.0,3.0,0
flow_10.0,21.0,1.5,0
flow_20.0,32.0,4.0,0
flow_001.0,35.0,3.5,0
flow_001.1,33.0,3.5,0
flow_1012.0,40.0,4.5,0
flow_3012.0,30.0,4.0,0
flow_30.0,23.5,2.5,0
flow_1012.1,39.5,5.5,0
flow_20.1,22.5,2.0,0
flow_001.2,28.0,3.0,0
flow_00.0,24.0,2.0,0
flow_0012.0,28.0,4.0,0
flow_3012.1,43.5,4.5,0
flow_1012.2,43.0,4.5,0
flow_10.1,40.0,3.0,0
flow_30.1,36.0,3.0,0
flow_3012.2,36.5,3.5,0
flow_1012.3,41.0,3.5,0
flow_00.1,44.0,4.0,0
flow_201.0,45.0,3.5,0
flow_0012.1,44.5,4.0,0
flow_001.3,42.0,2.5,0
flow_201.1,30.0,3.5,0
flow_3012.3,55.0,4.5,0
flow_101.2,62.0,7.5,0
flow_301.0,43.0,3.5,0
flow_30.2,36.5,3.0,0
flow_101.3,61.5,3.5,0
flow_0012.2,60.0,4.5,0
flow_0012.3,59.5,4.0,0
flow_001.4,58.5,3.0,0
flow_301.1,55.5,3.5,0
flow_1012.4,80.5,6.5,0
flow_1012.5,79.0,4.0,0
flow_1012.6,77.5,4.0,0
flow_301.2,61.5,7.0,0
flow_0012.4,72.0,4.5,0
flow_0012.5,72.0,4.0,0
flow_001.5,71.0,3.5,0
flow_301.3,74.0,3.5,0
flow_1012.7,96.0,6.5,0
flow_1012.8,95.5,4.5,0
flow_10.2,91.5,3.0,0
flow_301.4,81.0,4.5,0
flow_2012.0,42.5,4.5,0
flow_001.6,91.5,7.5,0
flow_001.7,91.0,3.5,0
flow_101.4,109.0,3.5,0
flow_301.5,94.0,3.5,0
flow_10.3,107.5,3.0,0
flow_301.6,93.5,3.0,0
flow_10.4,105.5,3.0,0
flow_301.7,93.0,3.5,0
flow_00.2,105.0,4.0,0
flow_201.2,44.0,3.5,0
flow_00.3,105.0,3.0,0
flow_2012.1,39.0,6.0,0
flow_0012.6,108.0,4.5,0
flow_1012.9,124.0,4.5,0
flow_101.5,110.0,3.0,0
flow_301.8,113.5,7.5,0
flow_101.6,104.5,3.0,0
flow_3012.4,111.0,5.0,0
flow_2012.2,43.5,4.5,0
flow_001.8,126.5,7.5,0
flow_0012.7,114.5,4.0,0
flow_2012.3,30.5,5.5,0
flow_3012.5,114.5,4.5,0
flow_10.5,110.0,6.5,0
flow_30.3,106.0,3.0,0
flow_1012.10,109.0,5.5,0
flow_30.4,106.0,5.5,0
flow_20.2,29.0,3.5,0
flow_001.9,132.0,3.5,0
flow_001.10,129.0,3.0,0
flow_00.4,114.5,3.0,0
flow_10.6,123.0,4.0,0
flow_301.9,121.5,3.5,0
flow_30.5,119.0,3.0,0
flow_101.7,112.5,3.0,0
flow_30.6,113.5,3.0,0
flow_101.8,110.5,3.5,0
flow_001.11,131.5,3.5,0
flow_0012.8,129.0,4.0,0
flow_20.3,25.0,5.0,0
flow_001.12,113.5,3.0,0
flow_301.10,126.5,3.5,0
flow_101.9,125.0,3.5,0
flow_1012.11,111.5,3.5,0
flow_3012.6,112.5,4.0,0
flow_3012.7,110.0,4.0,0
flow_1012.12,110.5,4.0,0
flow_2012.4,40.5,5.0,0
flow_001.13,131.5,4.5,0
flow_00.5,114.5,3.5,0
flow_1012.13,125.5,4.5,0
flow_101.10,112.0,3.0,0
flow_301.11,129.0,7.0,0
flow_10.7,108.0,3.0,0
flow_301.12,114.0,3.5,0
flow_00.6,130.5,4.0,0
flow_001.14,129.0,3.0,0
flow_001.15,113.5,3.5,0
flow_10.8,124.0,4.0,0
flow_301.13,126.0,3.5,0
flow_1012.14,112.5,4.0,0
flow_10.9,106.0,3.0,0
flow_301.14,117.0,7.0,0
flow_001.16,126.5,3.5,0
flow_00.7,111.0,3.0,0
flow_001.17,110.0,3.0,0
flow_30.7,129.5,4.0,0
flow_3012.8,128.5,3.5,0
flow_1012.15,112.0,7.5,0
flow_3012.9,115.5,4.0,0
flow_10.10,111.5,5.0,0
flow_001.18,126.0,3.5,0
flow_0012.9,113.5,4.0,0
flow_0012.10,110.5,4.0,0
flow_301.15,130.5,3.5,0
flow_1012.16,128.0,6.5,0
flow_101.11,112.5,3.0,0
flow_30.8,130.0,3.5,0
flow_10.11,109.0,3.0,0
flow_00.8,124.5,4.0,0
flow_201.3,41.0,3.5,0
flow_001.19,110.0,3.0,0
flow_0012.11,104.5,4.0,0
flow_301.16,137.0,3.5,0
flow_101.12,126.0,3.5,0
flow_3012.10,135.5,4.0,0
flow_101.13,116.5,7.0,0
flow_3012.11,135.5,5.5,0
flow_0012.12,109.5,4.5,0
flow_001.20,106.5,3.0,0
flow_0012.13,104.5,3.5,0
flow_30.9,133.0,4.0,0
flow_101.14,130.0,3.0,0
flow_30.10,128.0,3.0,0
flow_101.15,129.0,3.0,0
flow_3012.12,115.5,4.0,0
flow_10.12,117.5,6.0,0
flow_001.21,109.5,3.5,0
flow_001.22,107.0,3.0,0
flow_00.9,102.5,3.0,0
flow_30.11,126.5,4.0,0
flow_10.13,131.0,4.0,0
flow_301.17,112.5,3.0,0
flow_10.14,113.0,2.5,0
flow_30.12,109.0,3.0,0
flow_101.16,131.0,3.5,0
flow_001.23,109.0,3.5,0
flow_001.24,107.0,3.0,0
flow_001.25,104.0,3.0,0
flow_301.18,125.5,3.5,0
flow_101.17,127.0,3.5,0
flow_3012.13,111.0,3.5,0
flow_101.18,116.0,6.5,0
flow_3012.14,111.0,5.0,0
flow_2012.5,33.0,4.5,0
flow_0012.14,110.0,4.5,0
flow_20.4,31.5,3.5,0
flow_00.10,106.0,3.5,0
flow_00.11,103.0,3.0,0
flow_3012.15,109.5,4.5,0
flow_301.19,106.5,3.0,0
flow_101.19,135.0,7.5,0
flow_301.20,103.5,3.0,0
flow_1012.17,134.0,5.0,0
flow_001.26,108.5,3.5,0
flow_201.4,41.5,3.5,0
flow_00.12,105.0,3.0,0
flow_00.13,102.5,3.0,0
flow_1012.18,136.5,4.0,0
flow_101.20,131.0,3.0,0
flow_301.21,112.5,7.0,0
flow_1012.19,115.5,4.0,0
flow_001.27,108.5,3.5,0
flow_0012.15,108.0,4.0,0
flow_001.28,103.5,3.0,0
flow_301.22,130.0,3.5,0
flow_101.21,131.5,3.5,0
flow_30.13,127.0,3.0,0
flow_10.15,127.5,3.0,0
flow_30.14,113.5,3.0,0
flow_1012.20,117.5,6.5,0
flow_0012.16,109.0,4.5,0
flow_001.29,106.0,2.5,0
flow_001.30,103.5,3.0,0
flow_301.23,131.0,3.5,0
flow_1012.21,134.0,6.5,0
flow_101.22,131.5,3.5,0
flow_10.16,115.0,3.0,0
flow_301.24,132.0,4.0,0
flow_001.31,109.0,3.5,0
flow_001.32,107.0,3.0,0
flow_0012.17,103.0,3.5,0
flow_1012.22,129.0,4.5,0
flow_3012.16,138.0,4.5,0
flow_301.25,135.5,3.0,0
flow_101.23,111.5,3.5,0
flow_10.17,103.5,3.0,0
flow_301.26,132.0,3.0,0
flow_0012.18,109.5,4.5,0
flow_00.14,105.5,3.0,0
flow_001.33,104.5,3.0,0
flow_30.15,135.5,4.0,0
flow_101.24,108.0,3.5,0
flow_301.27,135.0,3.0,0
flow_101.25,108.0,3.5,0
flow_301.28,133.0,3.5,0
flow_1012.23,107.5,6.5,0
flow_001.34,109.0,3.5,0
flow_0012.19,106.5,3.5,0
flow_00.15,102.5,3.0,0
flow_1012.24,109.0,4.5,0
flow_10.18,105.0,3.0,0
flow_301.29,138.5,7.5,0
flow_30.16,116.0,3.5,0
flow_101.26,103.0,3.0,0
flow_0012.20,108.5,4.5,0
flow_00.16,106.0,3.0,0
flow_201.5,38.0,7.0,0
flow_00.17,103.5,3.0,0
flow_3012.17,132.0,4.5,0
flow_10.19,110.0,6.5,0
flow_301.30,127.5,3.0,0
flow_101.27,108.0,3.5,0
flow_30.17,114.5,3.0,0
flow_10.20,103.0,3.0,0
flow_001.35,108.5,3.5,0
flow_001.36,106.5,3.0,0
flow_001.37,105.0,3.5,0
flow_3012.18,129.0,4.5,0
flow_301.31,112.0,3.0,0
flow_101.28,113.0,7.5,0
flow_301.32,109.5,3.0,0
flow_101.29,111.5,3.5,0
flow_001.38,108.5,3.5,0
flow_001.39,106.5,3.0,0
flow_00.18,102.5,3.0,0
flow_30.18,123.0,4.0,0
flow_10.21,124.0,4.0,0
flow_101.30,112.0,3.0,0
flow_301.33,112.5,3.0,0
flow_101.31,109.5,3.0,0
flow_301.34,110.0,3.0,0
flow_2012.6,32.0,4.0,0
flow_00.19,109.5,6.0,0
flow_00.20,107.0,3.5,0
flow_00.21,103.5,3.0,0
flow_10.22,124.5,4.0,0
flow_301.35,126.0,3.5,0
flow_10.23,111.5,3.0,0
flow_301.36,110.0,3.0,0
flow_1012.25,110.5,4.0,0
flow_301.37,108.5,7.0,0
flow_001.40,110.0,4.0,0
flow_2012.7,27.0,4.0,0
flow_001.41,109.5,4.0,0
flow_10.24,124.0,4.0,0
flow_301.38,109.5,3.5,0
flow_101.32,115.0,3.5,0
flow_1012.26,110.0,3.5,0
flow_3012.19,111.5,5.5,0
flow_2012.8,41.0,4.0,0
flow_001.42,128.5,7.0,0
flow_0012.21,116.0,4.0,0
flow_101.33,124.5,3.5,0
flow_301.39,125.5,3.5,0
flow_301.40,113.0,3.0,0
flow_101.34,111.0,3.5,0
flow_3012.20,110.5,4.0,0
flow_10.25,107.0,6.0,0
flow_20.5,36.5,4.0,0
flow_001.43,131.5,3.5,0
flow_001.44,129.0,3.0,0
flow_001.45,115.5,3.0,0
flow_30.19,123.5,4.0,0
flow_1012.27,112.0,7.5,0
flow_3012.21,113.0,4.0,0
flow_3012.22,110.5,4.0,0
flow_10.26,112.0,5.0,0
flow_001.46,132.0,3.5,0
flow_0012.22,130.0,4.0,0
flow_001.47,115.0,3.0,0
flow_301.41,125.0,3.5,0
flow_1012.28,128.5,6.5,0
flow_30.20,112.5,3.5,0
flow_10.27,113.5,3.5,0
flow_101.35,110.5,3.0,0
flow_00.22,130.0,4.0,0
flow_001.48,128.0,3.0,0
flow_201.6,26.0,3.0,0
flow_001.49,115.0,3.0,0
flow_30.21,129.0,4.0,0
flow_10.28,124.5,4.0,0
flow_101.36,113.0,3.0,0
flow_3012.23,131.0,5.0,0
flow_301.42,119.0,3.5,0
flow_0012.23,129.5,4.5,0
flow_20.6,43.0,7.0,0
flow_001.50,110.5,3.0,0
flow_201.7,25.5,2.5,0
flow_001.51,105.0,3.0,0
flow_3012.24,129.0,4.0,0
flow_10.29,133.0,6.5,0
flow_3012.25,115.0,5.5,0
flow_001.52,109.5,3.5,0
flow_00.23,105.5,3.0,0
flow_001.53,103.5,3.0,0
flow_301.43,130.0,3.5,0
flow_101.37,153.0,4.0,0
flow_3012.26,129.5,4.0,0
flow_301.44,116.0,3.0,0
flow_101.38,144.0,7.0,0
flow_0012.24,110.0,4.5,0
flow_001.54,107.5,3.0,0
flow_001.55,104.0,3.0,0
flow_10.30,157.5,4.0,0
flow_30.22,130.0,4.0,0
flow_301.45,128.5,3.0,0
flow_101.39,156.5,3.0,0
flow_301.46,114.0,3.0,0
flow_101.40,142.5,3.0,0
flow_001.56,109.0,3.5,0
flow_00.24,105.5,3.0,0
flow_00.25,102.5,3.0,0
flow_3012.27,128.5,4.5,0
flow_30.23,110.5,3.0,0
flow_101.41,160.0,7.5,0
flow_10.31,142.0,3.5,0
flow_301.47,109.5,3.0,0
flow_20.7,32.5,3.5,0
flow_001.57,108.5,3.5,0
flow_001.58,108.0,3.5,0
flow_001.59,105.5,3.5,0
flow_30.24,122.5,4.0,0
flow_101.42,158.5,3.5,0
flow_30.25,111.0,3.0,0
flow_101.43,156.0,3.0,0
flow_301.48,108.5,3.0,0
flow_101.44,144.5,3.5,0
flow_001.60,108.0,3.5,0
flow_201.8,43.5,4.0,0
flow_0012.25,108.0,4.0,0
flow_001.61,105.5,3.5,0
flow_101.45,157.0,3.5,0
flow_301.49,110.5,3.5,0
flow_101.46,140.0,3.0,0
flow_301.50,108.0,3.5,0
flow_101.47,116.5,3.0,0
flow_301.51,106.0,3.5,0
flow_2012.9,43.0,4.0,0
flow_0012.26,110.5,4.5,0
flow_20.8,33.0,3.0,0
flow_0012.27,111.5,7.0,0
flow_20.9,32.0,6.5,0
flow_10.32,127.0,4.0,0
flow_301.52,108.5,3.5,0
flow_101.48,112.0,3.0,0
flow_301.53,107.5,3.0,0
flow_101.49,109.5,3.0,0
flow_301.54,104.0,3.0,0
flow_00.26,123.5,4.0,0
flow_0012.28,112.0,3.5,0
flow_0012.29,110.0,4.0,0
flow_20.0,29.0,3.5,0
flow_0012.0,37.0,7.5,0
flow_2012.0,25.0,3.0,0
flow_00.0,35.0,3.5,0
flow_201.0,26.5,3.0,0
flow_101.0,37.0,3.5,0
flow_3012.0,35.0,5.5,0
flow_301.0,33.0,3.0,0
flow_10.0,23.5,2.0,0
flow_001.0,55.5,4.0,0
flow_001.1,54.0,3.5,0
flow_001.2,31.5,3.5,0
flow_3012.1,37.0,4.5,0
flow_3012.2,36.5,4.0,0
flow_301.1,36.5,3.5,0
flow_2012.1,38.0,5.0,0
flow_20.1,34.0,3.0,0
flow_001.3,52.0,8.0,0
flow_00.1,49.0,3.0,0
flow_201.1,33.5,2.5,0
flow_3012.3,55.0,5.0,0
flow_301.2,51.5,3.0,0
flow_301.3,51.0,3.0,0
flow_001.4,61.5,3.5,0
flow_201.2,52.0,3.5,0
flow_00.2,59.5,3.0,0
flow_201.3,31.5,3.0,0
flow_201.4,29.5,3.0,0
flow_0012.1,55.0,5.0,0
flow_3012.4,67.5,4.0,0
flow_301.4,68.0,3.0,0
flow_3012.5,67.5,4.0,0
flow_2012.2,43.0,4.0,0
flow_00.3,72.0,6.5,0
flow_2012.3,44.0,5.5,0
flow_301.5,83.5,3.5,0
flow_101.1,25.5,2.5,0
flow_3012.6,84.5,5.0,0
flow_3012.7,83.5,4.0,0
flow_20.2,61.0,4.0,0
flow_001.5,80.0,4.0,0
flow_00.4,75.0,3.0,0
flow_201.5,60.5,3.0,0
flow_00.5,74.0,3.0,0
flow_201.6,58.5,3.0,0
flow_301.6,99.0,3.5,0
flow_3012.8,97.0,3.5,0
flow_30.0,89.0,3.0,0
flow_001.6,93.0,3.5,0
flow_201.7,73.0,3.5,0
flow_0012.2,93.5,4.0,0
flow_001.7,92.0,3.0,0
flow_201.8,77.5,7.0,0
flow_301.7,108.0,3.5,0
flow_101.2,34.0,3.5,0
flow_10.1,24.0,2.5,0
flow_301.8,96.5,3.5,0
flow_1012.0,27.5,4.5,0
flow_30.1,95.5,5.5,0
flow_20.3,92.0,4.0,0
flow_00.6,108.0,4.0,0
flow_20.4,92.0,3.0,0
flow_0012.3,111.5,6.0,0
flow_30.2,107.5,4.0,0
flow_101.3,35.5,3.5,0
flow_30.3,105.5,3.0,0
flow_301.9,104.0,3.0,0
flow_001.8,130.0,3.5,0
flow_201.9,114.5,3.5,0
flow_0012.4,118.0,4.0,0
flow_2012.4,113.5,4.0,0
flow_0012.5,116.5,4.0,0
flow_3012.9,108.5,4.0,0
flow_101.4,35.5,4.0,0
flow_3012.10,110.0,5.5,0
flow_301.10,105.5,3.0,0
flow_00.7,132.0,4.0,0
flow_201.10,131.5,3.5,0
flow_201.11,114.0,3.0,0
flow_0012.6,116.5,6.0,0
flow_001.9,112.0,3.0,0
flow_301.11,109.0,3.5,0
flow_101.5,49.0,3.5,0
flow_301.12,106.5,3.0,0
flow_101.6,42.5,3.0,0
flow_101.7,30.0,3.0,0
flow_3012.11,106.5,6.0,0
flow_201.12,130.0,3.5,0
flow_001.10,126.0,3.5,0
flow_001.11,112.5,3.0,0
flow_201.13,131.5,3.5,0
flow_0012.7,111.5,4.5,0
flow_201.14,133.0,7.0,0
flow_1012.1,36.5,4.5,0
flow_30.4,110.0,5.5,0
flow_101.8,30.5,3.0,0
flow_301.13,108.0,3.0,0
flow_3012.12,105.5,3.5,0
flow_0012.8,125.5,4.5,0
flow_201.15,150.0,7.5,0
flow_0012.9,115.5,5.0,0
flow_00.8,107.5,3.5,0
flow_3012.13,109.0,4.5,0
flow_3012.14,107.0,4.0,0
flow_3012.15,105.0,4.0,0
flow_20.5,163.0,4.0,0
flow_001.12,108.0,3.5,0
flow_201.16,160.0,3.0,0
flow_001.13,108.0,3.5,0
flow_201.17,145.0,3.5,0
flow_001.14,105.5,3.5,0
flow_101.9,30.0,3.5,0
flow_301.14,109.0,3.5,0
flow_10.2,27.5,3.0,0
flow_301.15,106.0,3.0,0
flow_1012.2,28.5,4.0,0
flow_00.9,107.5,4.0,0
flow_201.18,154.5,3.5,0
flow_001.15,105.5,3.0,0
flow_201.19,140.5,3.0,0
flow_20.6,134.5,3.0,0
flow_001.16,103.5,3.0,0
flow_301.16,123.5,3.0,0
flow_30.5,110.5,3.0,0
flow_30.6,108.5,3.0,0
flow_2012.5,138.0,4.5,0
flow_0012.10,109.5,4.5,0
flow_0012.11,108.5,4.5,0
flow_0012.12,105.0,4.0,0
flow_201.20,141.0,7.0,0
flow_10.3,34.0,4.0,0
flow_301.17,125.0,3.5,0
flow_301.18,111.5,3.0,0
flow_3012.16,109.0,4.0,0
flow_20.7,135.5,4.0,0
flow_00.10,107.0,4.0,0
flow_00.11,105.0,3.0,0
flow_201.21,135.5,3.5,0
flow_201.22,131.0,3.5,0
flow_001.17,103.5,3.0,0
flow_301.19,123.5,3.5,0
flow_301.20,112.0,3.0,0
flow_301.21,110.0,3.0,0
flow_20.8,132.0,4.0,0
flow_2012.6,112.5,4.0,0
flow_0012.13,113.0,7.5,0
flow_0012.14,110.5,4.5,0
flow_3012.17,125.0,4.0,0
flow_301.22,112.0,3.0,0
flow_101.10,39.5,7.0,0
flow_30.7,107.5,3.0,0
flow_20.9,129.0,4.0,0
flow_001.18,125.0,3.5,0
flow_201.23,128.5,3.0,0
flow_001.19,112.0,3.0,0
flow_201.24,115.5,3.0,0
flow_0012.15,113.0,6.0,0
flow_101.11,28.0,3.0,0
flow_301.23,109.5,3.5,0
flow_301.24,107.0,3.0,0
flow_3012.18,103.0,3.5,0
flow_201.25,131.0,3.5,0
flow_0012.16,128.0,6.5,0
flow_001.20,112.5,3.0,0
flow_201.26,131.0,4.0,0
flow_001.21,111.0,3.0,0
flow_30.8,107.5,4.0,0
flow_101.12,47.0,3.5,0
flow_3012.19,107.5,4.0,0
flow_301.25,103.0,2.5,0
flow_101.13,42.5,7.0,0
flow_20.10,135.0,4.0,0
flow_001.22,126.0,3.5,0
flow_2012.7,130.5,4.0,0
flow_201.27,115.0,3.0,0
flow_001.23,116.5,7.0,0
flow_301.26,108.5,3.5,0
flow_1012.3,52.5,6.0,0
flow_101.14,28.0,3.0,0
flow_301.27,109.0,3.5,0
flow_2012.8,130.5,4.0,0
flow_20.11,127.0,3.0,0
flow_001.24,135.5,7.0,0
flow_2012.9,116.0,4.0,0
flow_00.12,133.5,5.5,0
flow_301.28,125.0,3.5,0
flow_10.4,22.5,2.0,0
flow_301.29,112.5,3.0,0
flow_3012.20,109.5,3.5,0
flow_20.12,129.0,4.0,0
flow_001.25,137.0,3.5,0
flow_00.13,130.5,3.0,0
flow_201.28,114.0,3.0,0
flow_20.13,108.5,3.0,0
flow_001.26,115.5,3.0,0
flow_3012.21,125.5,4.5,0
flow_30.9,110.5,3.0,0
flow_30.10,108.5,3.0,0
flow_2012.10,125.5,4.0,0
flow_00.14,133.0,6.5,0
flow_0012.17,129.5,4.0,0
flow_2012.11,114.5,5.5,0
flow_101.15,27.5,3.0,0
flow_301.30,125.5,3.5,0
flow_1012.4,26.5,3.5,0
flow_301.31,115.5,4.0,0
flow_1012.5,29.5,6.5,0
flow_20.14,127.0,4.0,0
flow_001.27,136.0,3.5,0
flow_201.29,112.0,2.5,0
flow_001.28,134.5,3.0,0
flow_0012.18,131.0,3.5,0
flow_2012.12,110.5,4.0,0
flow_301.32,131.5,3.5,0
flow_1012.6,44.5,6.5,0
flow_10.5,41.0,3.5,0
flow_30.11,129.5,3.5,0
flow_101.16,28.0,3.0,0
flow_2012.13,125.0,4.0,0
flow_0012.19,137.5,4.5,0
flow_2012.14,112.5,4.0,0
flow_00.15,134.0,6.0,0
flow_0012.20,114.5,4.5,0
flow_2012.15,113.0,6.5,0
flow_101.17,25.5,2.5,0
flow_301.33,136.0,3.5,0
flow_301.34,132.0,3.0,0
flow_30.12,113.0,3.0,0
flow_0012.21,127.0,4.5,0
flow_00.16,111.0,3.0,0
flow_201.30,129.5,7.5,0
flow_0012.22,110.5,4.0,0
flow_20.15,117.5,5.0,0
flow_301.35,132.0,3.5,0
flow_301.36,129.0,3.0,0
flow_301.37,115.5,3.0,0
flow_201.31,131.5,3.5,0
flow_001.29,126.0,3.5,0
flow_20.16,127.0,3.0,0
flow_001.30,112.5,3.0,0
flow_201.32,114.5,2.5,0
flow_00.17,106.0,3.0,0
flow_3012.22,131.5,4.5,0
flow_301.38,129.5,3.0,0
flow_101.18,36.0,4.0,0
flow_301.39,115.0,3.0,0
flow_201.33,129.5,3.5,0
flow_001.31,108.5,3.5,0
flow_201.34,113.5,3.0,0
flow_001.32,108.0,3.5,0
flow_2012.16,111.5,4.0,0
flow_00.18,106.5,6.5,0
flow_101.19,42.5,3.5,0
flow_3012.23,131.5,6.5,0
flow_301.40,112.5,3.0,0
flow_30.13,106.0,3.0,0
flow_101.20,43.0,4.0,0
flow_20.17,125.0,4.0,0
flow_001.33,108.0,3.5,0
flow_201.35,113.0,3.0,0
flow_001.34,109.0,3.5,0
flow_001.35,105.0,3.5,0
flow_201.36,112.5,4.0,0
flow_301.41,110.5,4.0,0
flow_3012.24,108.0,4.0,0
flow_301.42,103.5,3.0,0
flow_2012.17,125.5,4.5,0
flow_001.36,112.5,7.0,0
flow_201.37,111.0,3.5,0
flow_20.18,103.5,3.0,0
flow_001.37,110.5,3.0,0
flow_301.43,109.0,3.5,0
flow_30.14,105.0,3.0,0
flow_301.44,104.5,3.0,0
flow_201.38,108.5,3.5,0
flow_001.38,125.0,3.5,0
flow_2012.18,107.0,4.0,0
flow_0012.23,113.5,4.0,0
flow_2012.19,104.5,4.0,0
flow_00.19,112.5,6.0,0
flow_30.15,108.5,4.0,0
flow_101.21,44.0,3.5,0
flow_30.16,106.0,3.0,0
flow_30.17,102.5,3.0,0
flow_201.39,108.5,3.5,0
flow_001.39,125.5,3.5,0
flow_2012.20,107.0,4.0,0
flow_0012.24,112.5,4.0,0
flow_2012.21,104.0,4.0,0
flow_301.45,107.5,3.5,0
flow_301.46,106.5,3.0,0
flow_30.18,102.0,3.0,0
flow_001.40,130.5,3.5,0
flow_201.40,109.0,3.5,0
flow_201.41,107.0,3.0,0
flow_001.41,129.0,3.5,0
flow_201.42,104.0,3.0,0
flow_001.42,116.0,3.0,0
flow_30.19,108.5,4.0,0
flow_3012.25,106.5,3.5,0
flow_301.47,103.5,3.0,0
flow_20.19,107.0,4.0,0
flow_00.20,129.5,4.0,0
flow_001.43,128.5,3.0,0
flow_2012.22,109.5,5.0,0
flow_20.20,103.5,3.0,0
flow_301.48,109.5,3.5,0
flow_3012.26,106.5,3.5,0
flow_30.20,104.0,3.0,0
flow_20.21,107.5,4.0,0
flow_001.44,134.5,3.5,0
flow_201.43,106.0,3.0,0
flow_001.45,130.5,3.0,0
flow_201.44,104.0,3.0,0
flow_0012.25,118.0,6.0,0
flow_3012.27,109.0,4.5,0
flow_101.22,29.5,4.0,0
flow_3012.28,110.0,5.5,0
flow_301.49,106.0,3.0,0
flow_201.45,108.5,3.5,0
flow_001.46,131.5,3.5,0
flow_0012.26,130.5,4.5,0
flow_201.46,111.0,7.0,0
flow_001.47,117.0,3.5,0
flow_3012.29,109.0,4.5,0
flow_1012.7,36.5,4.5,0
flow_3012.30,107.0,4.0,0
flow_3012.31,104.0,4.0,0
flow_201.47,125.5,3.5,0
flow_0012.27,133.0,6.5,0
flow_001.48,114.0,3.0,0
flow_201.48,115.5,3.5,0
flow_0012.28,113.0,4.5,0
flow_30.21,107.5,4.0,0
flow_3012.32,106.0,3.5,0
flow_3012.33,104.5,4.0,0
flow_001.49,125.5,3.5,0
flow_201.49,131.5,3.5,0
flow_2012.23,129.5,4.0,0
flow_20.22,113.0,3.0,0
flow_001.50,116.0,6.5,0
flow_3012.34,109.5,4.5,0
flow_301.50,106.5,3.0,0
flow_30.22,102.0,3.0,0
flow_201.50,130.0,3.5,0
flow_001.51,131.5,4.0,0
flow_0012.29,112.0,3.5,0
flow_2012.24,130.0,4.5,0
flow_0012.30,110.0,4.0,0
flow_301.51,109.0,3.5,0
flow_30.23,105.0,3.0,0
flow_3012.35,102.0,3.5,0
flow_201.51,135.5,3.5,0
flow_001.52,124.5,3.5,0
flow_2012.25,134.5,4.0,0
flow_001.53,115.5,4.0,0
flow_2012.26,136.0,6.5,0
flow_1012.8,32.5,4.0,0
flow_3012.36,109.0,4.5,0
flow_10.6,29.0,3.0,0
flow_301.52,107.0,3.0,0
flow_301.53,104.5,3.0,0
flow_20.23,135.5,4.0,0
flow_0012.31,134.5,7.5,0
flow_2012.27,132.5,4.0,0
flow_201.52,115.0,2.5,0
flow_001.54,133.0,3.5,0
flow_301.54,109.0,3.5,0
flow_3012.37,107.5,4.0,0
flow_301.55,103.0,2.5,0
flow_201.53,128.0,3.5,0
flow_001.55,136.5,3.5,0
flow_0012.32,135.0,4.0,0
flow_00.21,129.0,3.0,0
flow_20.24,114.5,6.0,0
flow_201.54,112.0,3.5,0
flow_20.0,36.5,4.0,0
flow_001.0,33.0,3.5,0
flow_20.1,35.5,3.0,0
flow_001.1,33.5,3.5,0
flow_00.0,30.5,3.0,0
flow_201.0,36.0,3.0,0
flow_10.0,33.5,4.0,0
flow_101.0,33.5,2.5,0
flow_001.2,50.0,3.5,0
flow_201.1,53.0,3.5,0
flow_0012.0,40.5,3.5,0
flow_20.2,52.5,6.0,0
flow_001.3,39.0,2.5,0
flow_20.3,51.0,4.0,0
flow_101.1,44.0,3.5,0
flow_301.0,30.5,3.5,0
flow_1012.0,44.0,4.0,0
flow_101.2,44.5,3.5,0
flow_201.2,66.0,3.5,0
flow_0012.1,54.5,6.0,0
flow_2012.0,66.0,3.5,0
flow_00.1,42.0,4.0,0
flow_20.4,64.0,3.0,0
flow_101.3,60.0,3.5,0
flow_10.1,49.0,3.0,0
flow_101.4,40.0,2.5,0
flow_201.3,82.0,3.5,0
flow_001.4,61.0,3.5,0
flow_001.5,61.5,3.0,0
flow_201.4,83.5,3.5,0
flow_001.6,60.0,3.0,0
flow_201.5,68.0,3.5,0
flow_101.5,42.0,3.5,0
flow_10.2,37.0,3.0,0
flow_301.1,26.0,3.0,0
flow_1012.1,30.0,3.5,0
flow_001.7,78.0,3.5,0
flow_20.5,62.0,3.0,0
flow_201.6,87.0,4.0,0
flow_00.2,75.0,3.0,0
flow_20.6,51.0,3.0,0
flow_001.8,75.0,3.0,0
flow_1012.2,45.0,4.5,0
flow_101.6,39.5,3.0,0
flow_20.7,68.5,4.0,0
flow_00.3,92.5,4.0,0
flow_00.4,91.5,3.0,0
flow_201.7,65.0,3.0,0
flow_0012.2,92.0,4.0,0
flow_20.8,66.5,6.5,0
flow_101.7,41.0,3.5,0
flow_301.2,39.0,3.5,0
flow_301.3,33.0,3.0,0
flow_1012.3,43.0,6.0,0
flow_101.8,40.0,2.5,0
flow_2012.1,81.5,4.0,0
flow_001.9,111.5,7.0,0
flow_201.8,81.5,3.0,0
flow_201.9,80.5,3.0,0
flow_001.10,112.0,3.5,0
flow_1012.4,54.0,4.5,0
flow_10.3,44.0,3.0,0
flow_1012.5,40.0,3.5,0
flow_3012.0,26.0,3.5,0
flow_2012.2,98.5,4.5,0
flow_20.9,95.5,3.0,0
flow_00.5,130.0,7.0,0
flow_00.6,115.0,4.5,0
flow_0012.3,110.5,3.5,0
flow_101.9,53.5,3.5,0
flow_10.4,35.5,3.0,0
flow_1012.6,25.0,3.0,0
flow_2012.3,117.5,4.5,0
flow_201.10,110.5,3.0,0
flow_001.11,117.0,7.5,0
flow_201.11,103.0,3.5,0
flow_0012.4,114.0,5.5,0
flow_101.10,35.5,3.5,0
flow_1012.7,34.0,3.5,0
flow_10.5,24.0,2.0,0
flow_20.10,108.5,4.0,0
flow_001.12,116.0,3.5,0
flow_201.12,109.5,3.0,0
flow_001.13,86.0,3.5,0
flow_201.13,110.0,3.5,0
flow_001.14,77.0,3.0,0
flow_3012.1,37.0,4.5,0
flow_101.11,46.0,7.5,0
flow_3012.2,39.0,5.5,0
flow_1012.8,41.0,4.0,0
flow_2012.4,125.5,4.5,0
flow_20.11,111.0,3.0,0
flow_001.15,96.0,7.5,0
flow_2012.5,110.5,4.0,0
flow_00.7,83.0,6.0,0
flow_10.6,56.0,4.0,0
flow_301.4,41.0,3.5,0
flow_30.0,37.5,3.0,0
flow_101.12,57.5,3.0,0
flow_101.13,29.5,3.0,0
flow_00.8,97.5,4.0,0
flow_201.14,125.5,3.5,0
flow_0012.5,91.0,4.0,0
flow_001.16,81.0,2.5,0
flow_201.15,116.5,7.0,0
flow_101.14,47.5,3.5,0
flow_301.5,38.5,4.0,0
flow_3012.3,36.0,4.0,0
flow_101.15,44.5,7.0,0
flow_2012.6,129.5,4.5,0
flow_00.9,102.0,6.5,0
flow_201.16,113.0,3.0,0
flow_0012.6,99.5,5.0,0
flow_001.17,94.5,3.0,0
flow_101.16,60.5,3.5,0
flow_3012.4,26.5,4.0,0
flow_101.17,62.0,4.0,0
flow_001.18,110.5,3.5,0
flow_201.17,132.5,4.0,0
flow_20.12,126.5,3.0,0
flow_001.19,99.5,3.0,0
flow_201.18,115.5,3.0,0
flow_001.20,92.0,3.5,0
flow_10.7,78.5,4.0,0
flow_101.18,79.5,3.0,0
flow_10.8,77.0,3.0,0
flow_2012.7,131.0,4.0,0
flow_201.19,129.0,3.0,0
flow_001.21,111.5,7.0,0
flow_00.10,109.0,3.5,0
flow_201.20,115.5,3.0,0
flow_30.1,21.5,2.0,0
flow_10.9,94.5,4.0,0
flow_1012.9,95.5,4.0,0
flow_101.19,93.0,2.5,0
flow_2012.8,131.0,4.0,0
flow_0012.7,125.0,4.5,0
flow_2012.9,129.0,4.0,0
flow_0012.8,113.5,4.0,0
flow_00.11,108.0,3.0,0
flow_201.21,116.5,3.5,0
flow_1012.10,112.5,4.5,0
flow_10.10,108.5,3.0,0
flow_30.2,20.0,1.5,0
flow_101.20,100.5,3.0,0
flow_001.22,125.0,3.5,0
flow_201.22,128.5,3.5,0
flow_0012.9,112.0,3.5,0
flow_2012.10,112.5,4.0,0
flow_00.12,107.0,3.0,0
flow_201.23,109.0,3.0,0
flow_1012.11,111.0,4.5,0
flow_301.6,29.5,6.5,0
flow_1012.12,111.5,5.5,0
flow_101.21,109.0,3.0,0
flow_001.23,124.0,3.5,0
flow_201.24,109.0,3.5,0
flow_2012.11,107.5,4.0,0
flow_201.25,104.0,3.0,0
flow_001.24,116.5,7.0,0
flow_1012.13,109.5,4.5,0
flow_101.22,106.0,3.0,0
flow_101.23,103.5,3.0,0
flow_001.25,131.0,3.5,0
flow_201.26,109.0,3.5,0
flow_2012.12,107.0,4.0,0
flow_00.13,131.0,6.0,0
flow_2012.13,106.5,6.5,0
flow_1012.14,110.0,4.5,0
flow_101.24,107.5,3.0,0
flow_10.11,101.5,3.0,0
flow_2012.14,109.0,4.5,0
flow_20.13,105.0,3.0,0
flow_001.26,138.0,7.0,0
flow_2012.15,104.5,4.0,0
flow_101.25,108.5,3.5,0
flow_301.7,32.0,3.5,0
flow_10.12,105.0,3.0,0
flow_301.8,26.5,3.0,0
flow_101.26,104.5,3.0,0
flow_201.27,108.5,3.5,0
flow_001.27,155.0,4.0,0
flow_201.28,107.0,3.0,0
flow_001.28,140.5,3.5,0
flow_001.29,138.0,3.0,0
flow_2012.16,106.5,5.5,0
flow_1012.15,108.0,4.0,0
flow_101.27,106.5,3.0,0
flow_10.13,101.0,3.0,0
flow_00.14,152.0,4.0,0
flow_201.29,108.5,3.5,0
flow_00.15,138.5,3.0,0
flow_201.30,106.5,3.0,0
flow_201.31,103.5,3.0,0
flow_001.30,138.0,3.0,0
flow_10.14,107.5,4.0,0
flow_101.28,106.5,3.0,0
flow_301.9,26.5,3.0,0
flow_101.29,104.0,3.0,0
flow_301.10,26.5,2.5,0
flow_201.32,108.5,3.5,0
flow_001.31,153.5,3.5,0
flow_0012.10,140.0,3.5,0
flow_00.16,132.5,3.0,0
flow_201.33,111.5,7.0,0
flow_10.15,107.0,4.0,0
flow_101.30,106.5,3.0,0
flow_1012.16,103.5,3.5,0
flow_00.17,135.0,4.0,0
flow_201.34,125.0,3.5,0
flow_001.32,133.5,3.0,0
flow_201.35,113.0,3.0,0
flow_20.14,109.5,3.0,0
flow_001.33,113.5,3.5,0
flow_101.31,108.5,3.5,0
flow_301.11,40.0,3.5,0
flow_3012.5,39.5,3.5,0
flow_101.32,111.0,6.5,0
flow_001.34,110.0,3.5,0
flow_201.36,126.0,3.5,0
flow_201.37,112.5,3.0,0
flow_00.18,102.5,2.5,0
flow_001.35,109.5,3.5,0
flow_201.38,111.0,3.5,0
flow_101.33,125.5,3.5,0
flow_101.34,113.0,3.5,0
flow_101.35,110.5,3.5,0
flow_201.39,125.0,3.5,0
flow_001.36,108.5,3.5,0
flow_201.40,112.5,3.0,0
flow_001.37,108.5,3.5,0
flow_2012.17,111.5,4.5,0
flow_001.38,108.5,7.0,0
flow_301.12,42.0,3.5,0
flow_1012.17,128.5,6.5,0
flow_10.16,112.5,3.5,0
flow_30.3,42.0,3.5,0
flow_101.36,110.5,3.0,0
flow_201.41,125.5,3.5,0
flow_001.39,109.0,3.5,0
flow_001.40,107.0,3.0,0
flow_201.42,113.5,3.5,0
flow_0012.11,105.5,4.5,0
flow_201.43,112.0,7.5,0
flow_301.13,62.0,3.5,0
flow_1012.18,128.5,6.5,0
flow_101.37,114.0,3.0,0
flow_10.17,109.0,3.0,0
flow_301.14,27.0,3.0,0
flow_2012.18,108.5,4.0,0
flow_0012.12,110.0,4.5,0
flow_0012.13,107.5,4.0,0
flow_20.15,109.0,6.0,0
flow_001.41,104.0,3.0,0
flow_20.16,105.5,4.0,0
flow_10.18,124.0,3.5,0
flow_101.38,112.0,3.0,0
flow_10.19,104.5,2.5,0
flow_2012.19,108.0,4.0,0
flow_0012.14,109.0,4.5,0
flow_20.17,105.0,3.0,0
flow_00.19,105.5,3.0,0
flow_001.42,103.5,3.0,0
flow_201.44,106.0,3.5,0
flow_101.39,108.5,3.5,0
flow_301.15,35.5,3.5,0
flow_10.20,105.5,3.0,0
flow_301.16,35.5,3.0,0
flow_10.21,102.5,3.0,0
flow_3012.6,37.0,7.0,0
flow_00.20,107.5,4.0,0
flow_20.18,108.5,4.0,0
flow_201.45,107.0,3.0,0
flow_0012.15,109.5,5.0,0
flow_2012.20,104.5,4.0,0
flow_0012.16,105.0,4.0,0
flow_1012.19,108.5,4.5,0
flow_3012.7,46.0,5.0,0
flow_3012.8,44.0,4.0,0
flow_301.17,37.0,3.0,0
flow_101.40,111.5,4.5,0
flow_20.19,108.0,4.0,0
flow_001.43,108.0,3.5,0
flow_00.21,105.0,3.0,0
flow_201.46,107.0,3.0,0
flow_0012.17,104.5,4.0,0
flow_201.47,106.5,7.0,0
flow_10.22,123.0,4.0,0
flow_30.4,54.5,4.0,0
flow_101.41,111.5,3.0,0
flow_3012.9,56.5,5.0,0
flow_301.18,40.0,3.0,0
flow_2012.21,108.5,4.0,0
flow_00.22,111.0,6.5,0
flow_201.48,106.5,3.0,0
flow_00.23,108.5,4.0,0
flow_201.49,103.0,3.0,0
flow_001.44,104.0,3.0,0
flow_101.42,130.5,3.5,0
flow_301.19,49.5,3.5,0
flow_30.5,48.5,3.0,0
flow_101.43,128.0,3.0,0
flow_3012.10,38.0,4.0,0
flow_101.44,119.5,6.5,0
flow_0012.18,109.5,4.5,0
flow_00.24,105.5,3.0,0
flow_201.50,113.0,7.5,0
flow_001.45,103.5,3.0,0
flow_2012.22,112.5,4.5,0
flow_10.23,130.5,4.0,0
flow_30.6,54.0,4.0,0
flow_30.7,28.0,3.0,0
flow_1012.20,132.0,5.0,0
flow_30.8,30.5,6.0,0
flow_20.20,124.0,4.0,0
flow_001.46,108.5,3.5,0
flow_2012.23,112.0,3.5,0
flow_201.51,109.5,2.5,0
flow_001.47,110.5,6.5,0
flow_1012.21,137.5,4.5,0
flow_101.45,135.0,3.0,0
flow_101.46,133.0,3.5,0
flow_2012.24,126.5,4.5,0
flow_00.25,126.5,7.0,0
flow_2012.25,114.5,5.5,0
flow_101.47,137.0,3.5,0
flow_1012.22,131.0,3.5,0
flow_10.24,114.0,3.0,0
flow_001.48,135.5,3.5,0
flow_201.52,131.0,3.5,0
flow_0012.19,134.5,4.0,0
flow_2012.26,128.5,4.0,0
flow_20.21,114.0,3.0,0
flow_001.49,133.5,3.5,0
flow_101.48,130.0,3.5,0
flow_101.49,112.0,3.0,0
flow_1012.23,109.5,3.5,0
flow_20.22,130.0,4.0,0
flow_001.50,137.5,3.5,0
flow_20.23,127.0,3.0,0
flow_00.26,129.0,3.0,0
flow_001.51,135.5,3.5,0
flow_201.53,112.0,3.0,0
flow_1012.24,125.0,4.5,0
flow_10.25,110.5,3.0,0
flow_101.50,108.0,3.0,0
flow_20.24,124.0,4.0,0
flow_001.52,136.5,3.5,0
flow_00.27,133.0,3.0,0
flow_201.54,112.0,2.5,0
flow_001.53,132.0,3.0,0
flow_201.55,112.0,3.5,0
flow_30.9,26.5,3.5,0
flow_101.51,109.5,3.5,0
flow_101.52,107.0,3.0,0
flow_101.53,104.0,3.0,0
flow_2012.27,125.5,4.0,0
flow_201.56,112.5,3.0,0
flow_20.25,105.5,3.0,0
flow_001.54,141.0,7.5,0
flow_0012.20,137.0,6.0,0
flow_3012.11,32.5,4.0,0
flow_1012.25,109.5,4.5,0
flow_1012.26,108.0,4.0,0
flow_101.54,103.5,2.5,0
flow_0012.21,136.0,4.5,0
flow_20.26,111.0,6.5,0
flow_0012.22,116.0,5.5,0
flow_101.55,109.5,3.5,0
flow_101.56,107.0,3.0,0
flow_10.26,103.5,3.5,0
flow_3012.12,27.0,5.0,0
flow_00.28,130.0,4.0,0
flow_201.57,131.0,4.0,0
flow_201.58,128.5,3.0,0
flow_0012.23,131.0,5.5,0
flow_001.55,116.0,3.0,0
flow_101.57,109.0,3.5,0
flow_30.10,39.0,4.0,0
flow_101.58,108.0,3.5,0
flow_1012.27,103.5,3.5,0
flow_201.59,135.5,3.5,0
flow_0012.24,133.0,5.0,0
flow_00.29,128.5,3.5,0
flow_201.60,137.0,3.5,0
flow_20.27,131.5,3.0,0
flow_001.56,116.0,3.0,0
flow_10.0,25.0,2.5,0
flow_001.0,39.5,3.5,0
flow_0012.0,37.5,3.5,0
flow_001.1,37.0,3.0,0
flow_301.0,43.5,3.5,0
flow_101.0,45.0,3.5,0
flow_1012.0,44.5,4.0,0
flow_301.1,43.0,6.5,0
flow_101.1,44.5,3.5,0
flow_00.0,53.5,4.0,0
flow_201.0,40.5,3.5,0
flow_001.2,51.0,3.5,0
flow_0012.1,42.5,4.0,0
flow_2012.0,41.5,5.5,0
flow_1012.1,59.5,4.0,0
flow_3012.0,60.5,4.5,0
flow_3012.1,47.0,4.0,0
flow_101.2,64.0,4.0,0
flow_20.0,43.5,4.0,0
flow_001.3,59.5,3.5,0
flow_2012.1,37.5,3.5,0
flow_00.1,61.5,6.0,0
flow_001.4,60.5,3.5,0
flow_1012.2,72.5,4.0,0
flow_101.3,72.0,3.0,0
flow_301.2,43.0,7.0,0
flow_1012.3,63.5,4.0,0
flow_3012.2,43.5,4.0,0
flow_20.1,39.5,4.0,0
flow_001.5,75.5,3.5,0
flow_2012.2,39.0,4.0,0
flow_001.6,76.0,6.5,0
flow_301.3,50.5,3.5,0
flow_101.4,77.5,3.5,0
flow_3012.3,51.0,4.0,0
flow_10.1,72.0,6.0,0
flow_3012.4,47.0,6.5,0
flow_10.2,74.5,7.5,0
flow_201.1,45.5,3.5,0
flow_0012.2,96.5,5.5,0
flow_001.7,93.5,3.0,0
flow_00.2,88.0,3.0,0
flow_1012.4,85.5,4.5,0
flow_10.3,81.0,3.0,0
flow_301.4,63.0,7.0,0
flow_1012.5,81.5,4.0,0
flow_30.0,44.0,5.5,0
flow_0012.3,97.5,4.5,0
flow_001.8,81.0,3.0,0
flow_201.2,46.5,7.5,0
flow_001.9,77.0,3.5,0
flow_2012.3,47.0,5.5,0
flow_301.5,58.5,3.5,0
flow_101.5,98.5,3.5,0
flow_1012.6,91.0,4.0,0
flow_101.6,87.5,2.5,0
flow_301.6,55.0,7.0,0
flow_2012.4,35.0,4.0,0
flow_20.2,25.5,3.0,0
flow_0012.4,93.5,4.5,0
flow_001.10,82.0,3.0,0
flow_001.11,81.0,3.0,0
flow_301.7,58.0,3.5,0
flow_1012.7,104.0,6.5,0
flow_3012.5,56.5,3.5,0
flow_10.4,100.5,4.0,0
flow_3012.6,55.0,6.0,0
flow_20.3,33.5,4.0,0
flow_0012.5,100.5,7.5,0
flow_001.12,99.5,3.5,0
flow_201.3,38.0,3.0,0
flow_1012.8,118.5,4.5,0
flow_3012.7,68.0,4.5,0
flow_1012.9,112.5,4.0,0
flow_1012.10,109.5,4.0,0
flow_301.8,53.0,7.0,0
flow_20.4,29.5,3.5,0
flow_00.3,100.5,4.0,0
flow_001.13,100.0,3.0,0
flow_0012.6,101.5,4.0,0
flow_10.5,123.0,4.0,0
flow_301.9,58.0,3.5,0
flow_1012.11,111.5,3.5,0
flow_101.7,108.5,2.5,0
flow_301.10,59.0,6.5,0
flow_2012.5,29.5,4.0,0
flow_001.14,114.5,7.0,0
flow_001.15,104.0,3.5,0
flow_301.11,56.5,3.5,0
flow_3012.8,51.5,3.5,0
flow_1012.12,129.0,6.5,0
flow_301.12,51.0,3.0,0
flow_101.8,117.5,4.0,0
flow_001.16,113.5,3.5,0
flow_00.4,112.0,3.0,0
flow_001.17,112.0,3.0,0
flow_1012.13,128.5,4.5,0
flow_3012.9,68.5,4.5,0
flow_3012.10,65.5,4.0,0
flow_10.6,129.5,6.0,0
flow_3012.11,66.0,6.5,0
flow_001.18,118.0,3.5,0
flow_201.4,25.5,2.5,0
flow_0012.7,110.0,4.0,0
flow_0012.8,109.0,4.0,0
flow_101.9,136.5,3.5,0
flow_301.13,80.5,3.5,0
flow_3012.12,75.5,3.5,0
flow_10.7,134.5,6.0,0
flow_3012.13,78.5,6.5,0
flow_00.5,114.0,4.0,0
flow_201.5,39.0,3.5,0
flow_0012.9,113.0,4.0,0
flow_001.19,112.5,3.5,0
flow_3012.14,92.0,4.0,0
flow_301.14,93.0,3.5,0
flow_30.1,88.5,3.0,0
flow_101.10,142.0,7.5,0
flow_101.11,139.5,3.5,0
flow_201.6,38.0,3.5,0
flow_001.20,125.5,3.5,0
flow_00.6,108.5,3.0,0
flow_0012.10,106.0,4.0,0
flow_101.12,153.0,3.5,0
flow_301.15,105.0,3.5,0
flow_10.8,138.5,3.0,0
flow_30.2,101.5,3.0,0
flow_10.9,136.5,3.0,0
flow_301.16,102.0,3.0,0
flow_00.7,109.0,4.0,0
flow_201.7,45.5,3.5,0
flow_0012.11,107.5,4.0,0
flow_001.21,103.5,3.0,0
flow_201.8,49.0,7.0,0
flow_30.3,107.5,4.0,0
flow_101.13,152.5,3.5,0
flow_3012.15,107.5,4.0,0
flow_301.17,105.0,3.5,0
flow_101.14,144.0,7.0,0
flow_201.9,29.0,3.0,0
flow_0012.12,112.0,6.5,0
flow_001.22,108.5,3.0,0
flow_001.23,105.0,3.0,0
flow_30.4,108.0,4.0,0
flow_101.15,155.0,3.5,0
flow_3012.16,108.0,4.0,0
flow_301.18,94.0,3.0,0
flow_101.16,144.5,7.0,0
flow_20.5,25.0,3.0,0
flow_00.8,108.5,4.0,0
flow_0012.13,106.5,3.5,0
flow_00.9,102.0,3.0,0
flow_3012.17,97.0,4.5,0
flow_30.5,77.5,3.0,0
flow_101.17,162.5,7.5,0
flow_3012.18,73.5,4.0,0
flow_0012.14,109.0,4.5,0
flow_2012.6,24.0,2.5,0
flow_001.24,108.5,3.5,0
flow_00.10,103.5,3.0,0
flow_301.19,80.5,3.5,0
flow_101.18,165.0,4.0,0
flow_101.19,162.0,3.0,0
flow_3012.19,81.5,6.0,0
flow_301.20,69.0,3.0,0
flow_001.25,109.5,3.5,0
flow_2012.7,34.0,5.5,0
flow_00.11,108.0,3.5,0
flow_101.20,162.0,3.5,0
flow_301.21,85.0,3.5,0
flow_1012.14,158.0,4.0,0
flow_101.21,143.5,3.0,0
flow_301.22,76.5,7.0,0
flow_201.10,27.0,3.0,0
flow_001.26,125.5,3.5,0
flow_0012.15,112.5,4.0,0
flow_0012.16,110.5,4.0,0
flow_3012.20,93.0,4.5,0
flow_10.10,162.0,6.5,0
flow_3012.21,94.0,5.5,0
flow_201.11,39.0,4.0,0
flow_0012.17,128.0,7.0,0
flow_2012.8,36.0,4.0,0
flow_00.12,113.5,4.0,0
flow_101.22,181.5,4.0,0
flow_301.23,113.0,4.0,0
flow_101.23,168.0,3.0,0
flow_3012.22,114.0,5.5,0
flow_301.24,110.5,2.5,0
flow_20.6,32.0,4.0,0
flow_001.27,131.5,3.5,0
flow_20.7,31.0,3.5,0
flow_00.13,127.0,3.0,0
flow_00.14,114.5,3.0,0
flow_2012.9,28.0,5.5,0
flow_10.11,183.5,4.0,0
flow_3012.23,130.5,5.5,0
flow_1012.15,168.0,3.5,0
flow_3012.24,130.0,4.5,0
flow_10.12,164.5,4.5,0
flow_0012.18,131.0,4.5,0
flow_00.15,127.0,3.0,0
flow_20.8,21.0,1.5,0
flow_001.28,113.0,2.5,0
flow_30.6,135.5,4.0,0
flow_101.24,161.0,3.5,0
flow_3012.25,134.5,4.0,0
flow_101.25,144.5,6.5,0
flow_301.25,131.5,3.0,0
flow_001.29,128.0,3.5,0
flow_001.30,112.5,3.0,0
flow_00.16,108.5,3.0,0
flow_301.26,136.5,3.5,0
flow_101.26,159.0,3.5,0
flow_101.27,141.0,3.0,0
flow_301.27,132.0,3.0,0
flow_10.13,136.5,3.0,0
flow_301.28,116.5,3.5,0
flow_0012.19,125.5,4.5,0
flow_20.9,40.5,6.5,0
flow_0012.20,114.5,5.5,0
flow_10.14,152.0,4.0,0
flow_30.7,129.0,4.0,0
flow_30.8,111.5,3.0,0
flow_10.15,139.5,3.5,0
flow_30.9,108.5,3.0,0
flow_101.28,116.0,3.0,0
flow_201.12,56.5,3.5,0
flow_00.17,128.0,4.0,0
flow_001.31,112.0,3.0,0
flow_201.13,33.0,3.5,0
flow_001.32,110.0,3.0,0
flow_101.29,129.5,3.5,0
flow_301.29,124.5,3.5,0
flow_101.30,113.5,3.0,0
flow_301.30,111.0,3.0,0
flow_101.31,110.0,3.0,0
flow_301.31,107.0,3.0,0
flow_0012.21,125.5,4.5,0
flow_001.33,113.0,3.0,0
flow_201.14,24.5,2.0,0
flow_001.34,111.0,3.0,0
flow_3012.26,108.0,4.0,0
flow_1012.16,126.0,4.5,0
flow_3012.27,107.0,4.0,0
flow_301.32,104.0,3.0,0
flow_101.32,116.5,4.0,0
flow_2012.10,30.0,4.5,0
flow_001.35,130.5,7.0,0
flow_00.18,115.5,3.0,0
flow_3012.28,109.0,4.5,0
flow_101.33,133.0,7.5,0
flow_3012.29,110.5,5.5,0
flow_301.33,107.0,3.5,0
flow_00.19,130.5,4.0,0
flow_20.10,37.0,4.0,0
flow_201.15,30.0,2.5,0
flow_001.36,129.0,3.0,0
flow_001.37,115.5,3.0,0
flow_30.10,107.5,4.0,0
flow_101.34,136.5,3.5,0
flow_10.16,133.0,3.0,0
flow_30.11,106.0,3.0,0
flow_10.17,130.0,3.0,0
flow_30.12,103.0,3.0,0
flow_0012.22,130.0,4.5,0
flow_0012.23,113.5,4.0,0
flow_0012.24,110.5,4.0,0
flow_201.16,38.5,7.5,0
flow_301.34,109.0,3.5,0
flow_1012.17,140.0,6.5,0
flow_1012.18,137.0,4.5,0
flow_101.35,132.5,3.0,0
flow_301.35,113.0,4.0,0
flow_001.38,125.5,3.5,0
flow_0012.25,112.0,3.5,0
flow_001.39,110.0,3.0,0
flow_301.36,125.5,3.5,0
flow_101.36,137.5,3.5,0
flow_10.18,133.0,3.0,0
flow_30.13,111.5,3.0,0
flow_301.37,110.0,3.0,0
flow_101.37,134.5,4.0,0
flow_0012.26,125.0,4.0,0
flow_20.11,41.0,6.5,0
flow_0012.27,112.5,5.5,0
flow_0012.28,108.0,4.5,0
flow_101.38,136.0,3.5,0
flow_301.38,125.0,3.5,0
flow_10.19,130.0,3.0,0
flow_301.39,113.0,3.0,0
flow_101.39,112.5,3.0,0
flow_3012.30,112.5,5.5,0
flow_00.20,107.0,4.0,0
flow_201.17,58.0,4.0,0
flow_0012.29,107.5,4.0,0
flow_2012.11,57.5,4.5,0
flow_201.18,35.0,3.0,0
flow_001.40,106.5,3.5,0
flow_3012.31,125.0,4.5,0
flow_10.20,111.0,6.5,0
flow_301.40,112.0,3.0,0
flow_30.14,108.5,3.0,0
flow_101.40,109.0,3.5,0
flow_001.41,109.0,3.5,0
flow_201.19,50.0,3.5,0
flow_00.21,105.0,3.0,0
flow_20.12,31.5,3.0,0
flow_0012.30,104.0,3.5,0
flow_1012.19,125.0,4.5,0
flow_301.41,129.0,4.0,0
flow_1012.20,114.5,5.5,0
flow_101.41,111.0,3.0,0
flow_2012.12,45.0,4.5,0
flow_001.42,113.0,7.5,0
flow_001.43,110.5,3.0,0
flow_301.42,135.5,3.5,0
flow_101.42,124.5,3.5,0
flow_1012.21,113.0,4.0,0
flow_301.43,134.0,7.0,0
flow_1012.22,113.0,5.0,0
flow_2012.13,33.0,4.0,0
flow_0012.31,126.0,4.5,0
flow_20.13,25.5,2.5,0
flow_001.44,113.0,3.0,0
flow_001.45,110.5,3.0,0
flow_301.44,136.5,3.5,0
flow_101.43,126.0,3.5,0
flow_30.15,133.5,3.0,0
flow_101.44,113.5,3.5,0
flow_3012.32,132.5,4.0,0
flow_101.45,114.5,7.0,0
flow_0012.32,127.5,5.0,0
flow_001.46,112.0,3.0,0
flow_20.14,46.0,7.0,0
flow_20.15,42.0,4.0,0
flow_001.47,109.5,3.0,0
flow_2012.14,41.5,4.0,0
flow_101.46,125.0,3.5,0
flow_3012.33,139.5,6.5,0
flow_30.16,134.5,3.5,0
flow_101.47,115.5,3.5,0
flow_301.45,132.0,3.0,0
flow_0012.33,124.5,4.5,0
flow_001.48,113.0,3.0,0
flow_201.20,61.0,7.5,0
flow_0012.34,110.5,4.0,0
flow_101.48,130.5,3.5,0
flow_301.46,138.0,4.0,0
flow_3012.34,136.0,4.0,0
flow_30.17,130.5,3.0,0
flow_101.49,119.5,7.5,0
flow_00.22,124.0,4.0,0
flow_201.21,61.0,3.5,0
flow_00.23,108.5,3.0,0
flow_201.22,32.0,3.0,0
flow_001.49,104.5,3.0,0
flow_10.21,129.5,4.0,0
flow_301.47,133.5,3.5,0
flow_101.50,128.5,3.0,0
flow_10.22,113.0,3.0,0
flow_301.48,113.5,3.5,0
flow_301.49,107.5,3.5,0
flow_201.23,39.5,3.5,0
flow_0012.35,111.0,6.0,0
flow_001.50,107.0,3.0,0
flow_001.51,105.5,3.5,0
flow_301.50,108.0,3.5,0
flow_1012.23,133.5,6.0,0
flow_1012.24,130.0,4.0,0
flow_1012.25,117.5,4.0,0
flow_301.51,115.5,7.0,0
flow_001.52,108.5,3.5,0
flow_001.53,106.5,3.0,0
flow_201.24,25.0,2.5,0
flow_0012.36,104.0,4.0,0
flow_301.52,125.5,3.5,0
flow_101.51,132.5,4.0,0
flow_3012.35,112.5,4.0,0
flow_10.23,129.5,6.0,0
flow_1012.26,116.0,4.5,0
flow_3012.36,112.5,6.5,0
flow_001.54,109.5,3.5,0
flow_00.24,105.5,3.0,0
flow_001.55,104.0,3.0,0
flow_301.0,24.0,2.5,0
flow_20.0,28.5,3.5,0
flow_001.0,39.0,3.5,0
flow_001.1,29.0,3.0,0
flow_0012.0,27.5,3.5,0
flow_2012.0,32.5,6.0,0
flow_20.1,28.0,3.5,0
flow_0012.1,29.0,6.5,0
flow_101.0,44.5,3.5,0
flow_301.1,30.0,3.5,0
flow_30.0,21.0,1.5,0
flow_101.1,44.0,3.0,0
flow_101.2,43.0,3.0,0
flow_0012.2,42.5,4.5,0
flow_001.2,41.0,3.0,0
flow_201.0,49.5,7.5,0
flow_00.0,38.5,3.0,0
flow_201.1,49.5,3.5,0
flow_1012.0,60.5,4.5,0
flow_301.2,46.0,7.5,0
flow_1012.1,63.0,5.5,0
flow_3012.0,44.5,4.0,0
flow_2012.1,66.0,4.5,0
flow_20.2,61.0,3.0,0
flow_001.3,61.5,7.5,0
flow_201.2,60.5,3.0,0
flow_001.4,60.5,3.0,0
flow_10.0,78.5,4.0,0
flow_301.3,57.5,3.5,0
flow_10.1,78.0,3.0,0
flow_301.4,56.0,3.0,0
flow_1012.2,77.5,3.5,0
flow_301.5,59.0,6.5,0
flow_201.3,76.0,3.5,0
flow_001.5,75.5,3.5,0
flow_0012.3,71.5,4.5,0
flow_001.6,69.0,3.0,0
flow_201.4,78.0,7.0,0
flow_301.6,73.5,3.5,0
flow_1012.3,98.5,6.5,0
flow_3012.1,72.5,4.0,0
flow_10.2,97.0,4.0,0
flow_3012.2,67.0,6.0,0
flow_20.3,75.5,4.0,0
flow_001.7,83.5,3.5,0
flow_20.4,75.0,3.0,0
flow_0012.4,85.5,5.5,0
flow_2012.2,75.5,3.5,0
flow_30.1,80.5,4.0,0
flow_101.3,111.5,3.5,0
flow_10.3,108.5,3.0,0
flow_301.7,81.0,3.0,0
flow_10.4,100.5,3.0,0
flow_3012.3,62.0,6.0,0
flow_2012.3,93.0,4.5,0
flow_0012.5,94.0,4.5,0
flow_2012.4,93.5,4.0,0
flow_201.5,89.0,2.5,0
flow_00.1,97.0,6.0,0
flow_301.8,77.0,3.5,0
flow_101.4,120.0,3.5,0
flow_10.5,116.5,3.0,0
flow_301.9,76.5,3.0,0
flow_101.5,114.5,3.0,0
flow_301.10,75.0,3.0,0
flow_00.2,105.5,4.0,0
flow_201.6,107.5,3.5,0
flow_001.8,106.5,3.0,0
flow_201.7,107.0,3.0,0
flow_0012.6,106.5,4.0,0
flow_201.8,109.5,6.5,0
flow_10.6,129.0,4.0,0
flow_30.2,92.5,4.0,0
flow_30.3,91.0,3.5,0
flow_101.6,113.5,3.5,0
flow_3012.4,91.5,4.0,0
flow_1012.4,95.5,4.0,0
flow_0012.7,123.5,4.5,0
flow_001.9,122.0,3.0,0
flow_201.9,126.0,7.0,0
flow_001.10,116.0,3.0,0
flow_2012.5,119.0,5.5,0
flow_301.11,104.0,3.5,0
flow_101.7,109.0,3.5,0
flow_301.12,104.0,3.0,0
flow_101.8,94.0,3.0,0
flow_301.13,102.0,3.0,0
flow_101.9,83.0,3.5,0
flow_00.3,130.5,4.0,0
flow_201.10,129.0,3.5,0
flow_00.4,127.5,3.0,0
flow_201.11,112.5,3.0,0
flow_20.5,108.0,3.0,0
flow_001.11,114.5,2.5,0
flow_30.4,108.0,4.0,0
flow_101.10,99.0,3.5,0
flow_101.11,81.5,3.0,0
flow_301.14,107.5,3.0,0
flow_101.12,81.0,3.0,0
flow_3012.5,106.5,6.0,0
flow_00.5,128.0,4.0,0
flow_20.6,124.0,4.0,0
flow_00.6,111.0,3.0,0
flow_201.12,112.5,3.0,0
flow_20.7,107.5,3.0,0
flow_001.12,108.0,3.0,0
flow_10.7,96.5,4.0,0
flow_301.15,108.5,3.5,0
flow_1012.5,94.5,4.0,0
flow_101.13,91.0,3.0,0
flow_301.16,110.5,7.0,0
flow_2012.6,125.0,4.0,0
flow_20.8,111.5,3.0,0
flow_001.13,114.0,7.0,0
flow_00.7,109.5,3.5,0
flow_20.9,108.5,3.0,0
flow_3012.6,126.0,4.5,0
flow_101.14,112.5,7.5,0
flow_3012.7,116.5,5.5,0
flow_301.17,112.0,3.5,0
flow_001.14,125.5,3.5,0
flow_201.13,124.5,3.5,0
flow_2012.7,111.0,4.0,0
flow_00.8,114.5,6.5,0
flow_0012.8,112.0,5.0,0
flow_2012.8,107.5,6.5,0
flow_101.15,121.0,3.5,0
flow_301.18,125.5,3.5,0
flow_1012.6,121.5,4.0,0
flow_10.8,105.0,3.0,0
flow_301.19,117.0,7.0,0
flow_201.14,109.0,3.5,0
flow_001.15,125.5,3.5,0
flow_20.10,105.5,3.0,0
flow_001.16,112.5,3.0,0
flow_001.17,110.0,3.0,0
flow_201.15,104.0,3.0,0
flow_301.20,130.5,3.5,0
flow_101.16,116.5,3.5,0
flow_30.5,127.5,3.0,0
flow_101.17,116.5,3.5,0
flow_30.6,114.0,3.0,0
flow_1012.7,116.5,6.0,0
flow_20.11,108.0,4.0,0
flow_001.18,125.5,3.5,0
flow_2012.9,107.0,4.0,0
flow_0012.9,113.0,4.0,0
flow_0012.10,111.5,4.0,0
flow_3012.8,131.5,4.5,0
flow_10.9,123.0,6.5,0
flow_30.7,127.0,3.0,0
flow_30.8,114.0,3.0,0
flow_101.18,104.0,3.5,0
flow_201.16,125.0,3.5,0
flow_001.19,126.0,3.5,0
flow_2012.10,113.0,4.0,0
flow_00.9,113.0,6.0,0
flow_2012.11,114.5,6.5,0
flow_1012.8,107.0,4.5,0
flow_3012.9,129.5,4.5,0
flow_3012.10,113.5,4.0,0
flow_101.19,111.0,3.5,0
flow_301.21,112.5,3.5,0
flow_201.17,124.5,3.5,0
flow_001.20,126.0,3.5,0
flow_20.12,111.0,3.0,0
flow_00.10,112.0,3.0,0
flow_001.21,109.0,3.0,0
flow_20.13,109.5,3.0,0
flow_301.22,124.5,3.5,0
flow_101.20,127.0,3.5,0
flow_1012.9,126.0,4.0,0
flow_30.9,114.5,6.0,0
flow_101.21,115.5,3.0,0
flow_3012.11,109.5,5.0,0
flow_00.11,123.0,4.0,0
flow_201.18,126.0,3.5,0
flow_001.22,112.5,3.0,0
flow_2012.12,115.5,5.0,0
flow_20.14,110.5,3.5,0
flow_30.10,107.0,4.0,0
flow_101.22,131.5,3.5,0
flow_3012.12,107.5,4.0,0
flow_30.11,102.5,3.0,0
flow_1012.10,131.0,4.5,0
flow_101.23,117.0,3.0,0
flow_2012.13,125.5,4.5,0
flow_00.12,133.5,6.5,0
flow_201.19,112.5,3.0,0
flow_0012.11,131.5,5.0,0
flow_2012.14,108.0,3.5,0
flow_0012.12,117.5,4.0,0
flow_3012.13,109.5,4.5,0
flow_10.10,133.5,6.5,0
flow_3012.14,109.5,5.5,0
flow_20.15,107.5,4.0,0
flow_001.23,131.0,3.5,0
flow_00.13,128.0,3.0,0
flow_201.20,106.5,3.0,0
flow_201.21,104.0,3.0,0
flow_001.24,116.0,3.0,0
flow_101.24,152.5,4.0,0
flow_301.23,125.5,4.0,0
flow_1012.11,140.0,4.0,0
flow_301.24,115.5,6.5,0
flow_101.25,137.0,3.0,0
flow_001.25,130.0,3.5,0
flow_201.22,109.0,3.5,0
flow_001.26,112.0,3.0,0
flow_201.23,108.0,3.5,0
flow_001.27,110.0,3.0,0
flow_201.24,104.5,3.5,0
flow_3012.15,131.5,4.5,0
flow_30.12,127.0,3.0,0
flow_10.11,139.5,6.5,0
flow_101.26,132.0,3.5,0
flow_301.25,115.5,3.0,0
flow_101.27,117.0,3.0,0
flow_00.14,124.5,4.0,0
flow_201.25,110.0,4.0,0
flow_0012.13,113.0,4.0,0
flow_00.15,106.0,3.0,0
flow_201.26,109.5,6.5,0
flow_101.28,131.0,3.5,0
flow_301.26,131.5,3.5,0
flow_1012.12,129.0,4.0,0
flow_3012.16,130.5,4.5,0
flow_1012.13,115.5,4.0,0
flow_0012.14,108.5,4.0,0
flow_20.16,126.0,6.5,0
flow_0012.15,109.0,5.5,0
flow_101.29,130.0,3.5,0
flow_301.27,136.5,3.5,0
flow_30.13,134.0,3.0,0
flow_101.30,128.5,3.0,0
flow_3012.17,132.0,4.0,0
flow_101.31,119.0,7.0,0
flow_00.16,122.5,4.0,0
flow_201.27,136.0,3.5,0
flow_2012.15,135.0,4.0,0
flow_0012.16,113.0,4.0,0
flow_0012.17,110.5,4.0,0
flow_201.28,136.5,6.5,0
flow_10.12,109.5,4.0,0
flow_301.28,136.5,3.5,0
flow_101.32,107.0,3.0,0
flow_301.29,133.5,3.0,0
flow_1012.14,105.0,4.0,0
flow_30.14,118.0,6.0,0
flow_0012.18,126.0,4.5,0
flow_201.29,141.0,7.5,0
flow_001.28,114.0,3.5,0
flow_0012.19,110.0,4.0,0
flow_2012.16,140.0,4.5,0
flow_10.13,107.5,4.0,0
flow_301.30,127.5,3.5,0
flow_30.15,111.5,3.0,0
flow_101.33,106.0,3.0,0
flow_301.31,109.0,2.5,0
flow_101.34,105.0,3.5,0
flow_001.29,125.5,3.5,0
flow_201.30,154.0,3.5,0
flow_001.30,112.5,3.0,0
flow_201.31,141.5,3.5,0
flow_2012.17,138.0,4.0,0
flow_0012.20,110.5,4.0,0
flow_30.16,124.0,4.0,0
flow_101.35,109.0,3.5,0
flow_10.14,105.0,3.0,0
flow_30.17,111.5,3.0,0
flow_101.36,103.5,3.0,0
flow_301.32,109.0,3.0,0
flow_2012.18,153.0,4.0,0
flow_001.31,129.5,7.0,0
flow_2012.19,144.0,5.5,0
flow_2012.20,139.0,5.0,0
flow_101.37,109.5,3.5,0
flow_1012.15,106.0,3.5,0
flow_3012.18,114.5,7.0,0
flow_301.33,111.5,4.0,0
flow_101.38,103.5,3.5,0
flow_20.17,135.5,4.0,0
flow_001.32,137.5,3.5,0
flow_2012.21,114.0,4.0,0
flow_201.32,109.0,2.5,0
flow_001.33,137.0,6.5,0
flow_30.18,124.0,4.0,0
flow_10.15,108.5,4.0,0
flow_10.16,106.0,3.0,0
flow_301.34,112.5,3.0,0
flow_101.39,104.5,3.0,0
flow_301.35,110.5,3.5,0
flow_201.33,124.0,3.5,0
flow_0012.21,141.5,6.5,0
flow_001.34,136.5,3.0,0
flow_00.17,132.0,3.0,0
flow_201.34,113.0,4.0,0
flow_3012.19,125.5,4.5,0
flow_1012.16,109.0,4.5,0
flow_1012.17,106.5,4.0,0
flow_101.40,104.5,3.0,0
flow_301.36,116.5,4.0,0
flow_0012.22,136.0,4.0,0
flow_20.18,128.0,6.5,0
flow_001.35,134.5,3.0,0
flow_20.19,113.0,4.0,0
flow_00.18,130.0,3.0,0
flow_20.20,110.0,3.5,0
flow_30.19,129.5,4.0,0
flow_10.17,107.5,4.0,0
flow_301.37,129.0,3.0,0
flow_101.41,107.0,3.0,0
flow_10.18,102.5,3.0,0
flow_301.38,115.5,3.0,0
flow_201.35,125.5,3.5,0
flow_001.36,137.0,3.5,0
flow_201.36,112.0,3.0,0
flow_20.21,107.5,3.0,0
flow_001.37,136.0,3.5,0
flow_00.19,130.5,3.0,0
flow_3012.20,131.5,4.5,0
flow_301.39,129.0,3.0,0
flow_101.42,113.5,7.5,0
flow_30.20,113.0,3.0,0
flow_10.19,110.5,3.5,0
flow_001.38,133.5,3.5,0
flow_201.37,124.5,3.5,0
flow_0012.23,112.5,4.0,0
flow_00.20,105.0,3.0,0
flow_201.38,116.0,6.5,0
flow_301.40,127.0,3.5,0
flow_101.43,126.0,3.5,0
flow_30.21,110.5,3.0,0
flow_1012.18,115.5,7.0,0
flow_2012.22,132.0,4.5,0
flow_001.39,112.5,7.5,0
flow_2012.23,132.0,5.5,0
flow_0012.24,109.5,4.0,0
flow_301.41,132.0,3.5,0
flow_101.44,132.0,3.5,0
flow_301.42,129.0,3.0,0
flow_101.45,129.5,3.0,0
flow_3012.21,115.5,4.0,0
flow_101.46,119.5,7.0,0
flow_0012.25,124.0,4.0,0
flow_20.22,138.0,6.5,0
flow_001.40,112.0,3.0,0
flow_201.39,133.0,3.0,0
flow_2012.24,116.0,3.5,0
flow_0012.26,110.5,3.5,0
flow_10.20,130.5,4.0,0
flow_301.43,128.0,3.5,0
flow_101.47,128.0,3.0,0
flow_3012.22,114.5,4.5,0
flow_30.22,110.5,3.0,0
flow_00.21,124.0,4.0,0
flow_201.40,131.5,3.5,0
flow_00.22,111.0,3.0,0
flow_2012.25,130.0,5.5,0
flow_00.23,112.0,5.5,0
flow_30.23,124.0,4.0,0
flow_10.21,135.5,4.0,0
flow_101.48,134.5,3.0,0
flow_3012.23,115.0,5.0,0
flow_301.44,110.5,2.5,0
flow_201.41,137.0,3.5,0
flow_0012.27,128.0,6.5,0
flow_0012.28,114.5,4.5,0
flow_001.41,110.5,3.0,0
flow_201.42,140.5,4.0,0
flow_10.22,152.5,4.0,0
flow_301.45,125.5,3.5,0
flow_1012.19,139.0,4.0,0
flow_101.49,132.5,3.0,0
flow_301.46,115.5,7.0,0
flow_00.24,124.5,4.0,0
flow_201.43,153.0,3.5,0
flow_00.25,108.5,3.0,0
flow_2012.26,143.5,6.0,0
flow_00.26,107.0,5.5,0
flow_1012.20,137.5,4.5,0
flow_101.50,133.5,3.0,0
flow_301.47,132.0,7.5,0
flow_1012.21,116.0,4.0,0
flow_201.44,156.0,3.5,0
flow_0012.29,111.5,6.5,0
flow_0012.30,109.5,4.5,0
flow_001.42,105.0,3.0,0
flow_201.45,146.0,4.0,0
flow_101.51,130.0,3.5,0
flow_301.48,137.5,3.5,0
flow_1012.22,128.0,4.0,0
flow_30.24,138.0,6.0,0
flow_101.52,115.5,3.0,0
flow_3012.24,134.5,5.0,0
flow_201.46,157.5,3.5,0
flow_00.27,109.5,4.0,0
flow_0012.31,107.5,4.0,0
flow_001.43,103.0,3.0,0
flow_201.47,144.5,7.0,0
flow_30.25,136.0,4.0,0
flow_101.53,128.5,3.5,0
flow_301.49,133.5,3.0,0
flow_1012.23,114.5,4.5,0
flow_101.54,108.0,2.5,0
flow_20.23,157.0,4.0,0
flow_00.28,107.0,4.0,0
flow_001.44,106.5,3.0,0
flow_0012.32,102.0,3.5,0
flow_2012.27,160.0,5.0,0
flow_30.26,151.0,4.0,0
flow_10.23,107.5,4.0,0
flow_10.24,105.0,3.0,0
flow_301.50,140.5,3.0,0
flow_101.55,104.0,3.0,0
flow_3012.25,140.5,5.5,0
flow_201.48,164.5,3.5,0
flow_00.29,108.5,4.0,0
flow_0012.33,108.0,4.0,0
flow_00.30,102.0,3.0,0
flow_201.49,164.5,7.0,0
flow_1012.24,109.5,4.5,0
flow_101.56,106.5,3.0,0
flow_301.51,156.5,7.5,0
flow_1012.25,104.5,4.0,0
flow_001.45,108.0,3.5,0
flow_201.50,165.0,3.5,0
flow_00.31,105.0,3.0,0
flow_201.51,159.0,3.0,0
flow_00.32,101.5,3.0,0
flow_201.52,145.0,3.5,0
flow_301.52,164.5,3.5,0
flow_101.57,108.5,3.5,0
flow_301.53,160.0,3.0,0
flow_1012.26,110.0,6.0,0
flow_101.58,104.5,2.5,0
flow_20.24,155.5,4.0,0
flow_001.46,108.5,3.5,0
flow_00.33,105.0,3.0,0
flow_201.53,140.0,3.0,0
flow_201.54,133.5,3.0,0
flow_001.47,104.5,3.0,0
flow_101.0,24.5,2.5,0
flow_10.0,21.0,2.0,0
flow_201.0,33.0,3.5,0
flow_001.0,37.0,3.5,0
flow_2012.0,33.0,4.0,0
flow_00.0,37.5,5.0,0
flow_201.1,29.0,3.0,0
flow_101.1,45.5,3.5,0
flow_101.2,44.5,3.0,0
flow_101.3,31.5,3.0,0
flow_00.1,37.5,4.0,0
flow_201.2,41.0,3.5,0
flow_201.3,36.5,3.0,0
flow_2012.1,34.5,3.5,0
flow_0012.0,40.5,6.0,0
flow_1012.0,41.0,4.0,0
flow_10.1,21.5,2.0,0
flow_301.0,26.0,3.0,0
flow_20.0,50.5,4.0,0
flow_001.1,36.5,3.5,0
flow_20.1,50.5,3.0,0
flow_001.2,36.5,3.5,0
flow_201.4,50.0,2.5,0
flow_001.3,35.0,3.0,0
flow_3012.0,44.5,4.5,0
flow_1012.1,43.0,4.5,0
flow_30.0,29.5,3.5,0
flow_101.4,38.0,3.0,0
flow_301.1,29.5,2.5,0
flow_1012.2,39.5,4.5,0
flow_00.2,51.0,4.0,0
flow_201.5,68.0,3.5,0
flow_001.4,51.0,3.0,0
flow_201.6,61.0,3.0,0
flow_201.7,55.5,3.5,0
flow_001.5,50.5,3.5,0
flow_10.2,53.0,4.0,0
flow_301.2,27.5,3.0,0
flow_101.5,47.0,3.0,0
flow_101.6,47.0,3.0,0
flow_2012.2,64.0,4.0,0
flow_001.6,70.5,7.0,0
flow_201.8,59.5,3.0,0
flow_00.3,63.5,3.0,0
flow_201.9,51.0,3.0,0
flow_10.3,54.0,4.0,0
flow_301.3,25.0,2.0,0
flow_101.7,52.5,3.0,0
flow_10.4,35.0,3.0,0
flow_001.7,82.5,3.5,0
flow_201.10,65.0,3.5,0
flow_2012.3,65.5,4.0,0
flow_00.4,62.0,6.5,0
flow_201.11,62.0,3.0,0
flow_001.8,61.5,3.5,0
flow_1012.3,46.5,4.5,0
flow_2012.4,80.0,4.5,0
flow_201.12,78.5,3.0,0
flow_00.5,80.5,6.5,0
flow_00.6,69.0,4.0,0
flow_00.7,64.0,3.0,0
flow_1012.4,47.5,5.0,0
flow_1012.5,43.0,4.0,0
flow_101.8,42.0,3.0,0
flow_2012.5,91.0,4.5,0
flow_20.2,86.5,3.0,0
flow_001.9,83.5,7.0,0
flow_201.13,80.0,3.0,0
flow_001.10,83.5,3.5,0
flow_101.9,59.0,3.5,0
flow_1012.6,57.0,4.0,0
flow_10.5,53.0,3.0,0
flow_201.14,98.0,3.5,0
flow_0012.1,102.5,6.5,0
flow_2012.6,97.5,4.0,0
flow_0012.2,95.0,4.5,0
flow_2012.7,98.0,4.5,0
flow_101.10,72.0,3.5,0
flow_301.4,44.0,3.5,0
flow_10.6,59.0,3.0,0
flow_301.5,26.0,2.5,0
flow_1012.7,61.5,4.5,0
flow_001.11,111.5,3.5,0
flow_201.15,103.5,4.0,0
flow_20.3,88.0,3.0,0
flow_001.12,98.5,3.5,0
flow_2012.8,89.0,4.0,0
flow_0012.3,98.0,4.0,0
flow_101.11,77.5,3.5,0
flow_1012.8,77.5,4.0,0
flow_1012.9,70.0,4.0,0
flow_20.4,103.5,4.0,0
flow_0012.4,111.5,7.5,0
flow_2012.9,105.0,4.0,0
flow_2012.10,103.0,4.0,0
flow_101.12,79.5,3.5,0
flow_1012.10,66.5,4.0,0
flow_30.1,23.5,3.0,0
flow_10.7,63.0,3.0,0
flow_20.5,107.5,4.0,0
flow_001.13,132.0,4.0,0
flow_201.16,107.0,3.0,0
flow_0012.5,134.5,5.0,0
flow_001.14,117.5,3.0,0
flow_30.2,42.0,4.0,0
flow_101.13,82.5,3.5,0
flow_101.14,68.5,3.0,0
flow_1012.11,32.5,3.5,0
flow_20.6,124.0,4.0,0
flow_001.15,134.0,3.5,0
flow_2012.11,112.5,4.0,0
flow_20.7,108.5,3.0,0
flow_00.8,136.0,6.0,0
flow_00.9,134.0,4.0,0
flow_10.8,49.5,4.0,0
flow_30.3,37.5,3.5,0
flow_1012.12,50.5,3.5,0
flow_10.9,48.0,3.0,0
flow_2012.12,126.0,4.5,0
flow_201.17,111.0,2.5,0
flow_001.16,141.0,7.5,0
flow_201.18,110.0,3.0,0
flow_001.17,137.5,3.5,0
flow_10.10,62.5,4.0,0
flow_301.6,26.0,3.0,0
flow_101.15,59.0,3.0,0
flow_1012.13,58.0,3.5,0
flow_001.18,136.5,3.5,0
flow_201.19,125.5,3.5,0
flow_0012.6,135.5,4.0,0
flow_20.8,114.5,6.0,0
flow_0012.7,134.5,6.5,0
flow_301.7,38.5,3.5,0
flow_1012.14,56.0,5.5,0
flow_1012.15,53.5,4.0,0
flow_30.4,40.5,4.5,0
flow_101.16,52.5,3.0,0
flow_001.19,135.5,3.5,0
flow_201.20,131.0,3.5,0
flow_2012.13,129.5,4.0,0
flow_201.21,115.0,3.0,0
flow_001.20,119.5,7.5,0
flow_3012.1,47.5,4.0,0
flow_101.17,71.0,7.0,0
flow_101.18,71.5,3.5,0
flow_001.21,130.5,3.5,0
flow_201.22,129.5,3.5,0
flow_00.10,126.5,3.0,0
flow_20.9,111.0,3.0,0
flow_00.11,113.5,3.0,0
flow_201.23,109.5,3.0,0
flow_3012.2,43.5,4.5,0
flow_101.19,91.0,7.5,0
flow_101.20,90.0,3.0,0
flow_001.22,130.5,3.5,0
flow_201.24,125.0,3.5,0
flow_2012.14,112.0,3.5,0
flow_00.12,131.0,6.0,0
flow_201.25,110.0,3.0,0
flow_0012.8,115.5,5.0,0
flow_3012.3,38.5,4.5,0
flow_101.21,110.5,7.5,0
flow_10.11,108.0,3.5,0
flow_20.10,124.0,4.0,0
flow_001.23,126.5,3.5,0
flow_20.11,111.5,3.0,0
flow_001.24,114.0,3.5,0
flow_2012.15,109.0,4.0,0
flow_00.13,111.5,6.0,0
flow_30.5,26.0,3.0,0
flow_101.22,128.5,4.0,0
flow_1012.16,126.5,4.0,0
flow_10.12,117.0,3.0,0
flow_2012.16,110.0,4.5,0
flow_20.12,105.0,3.0,0
flow_001.25,129.5,7.5,0
flow_201.26,104.0,3.0,0
flow_001.26,117.0,3.5,0
flow_101.23,135.5,3.5,0
flow_10.13,132.0,3.0,0
flow_10.14,129.0,3.0,0
flow_001.27,128.5,3.5,0
flow_201.27,110.0,3.5,0
flow_001.28,113.5,3.5,0
flow_201.28,108.0,3.5,0
flow_001.29,110.5,3.5,0
flow_201.29,104.5,3.0,0
flow_1012.17,133.5,4.0,0
flow_3012.4,37.5,4.5,0
flow_30.6,35.0,3.0,0
flow_101.24,130.5,3.0,0
flow_101.25,113.5,3.0,0
flow_00.14,124.0,4.0,0
flow_20.13,107.5,4.0,0
flow_201.30,106.0,2.5,0
flow_001.30,112.0,3.0,0
flow_2012.17,103.0,3.5,0
flow_00.15,112.0,6.0,0
flow_101.26,127.0,3.5,0
flow_301.8,38.5,3.5,0
flow_101.27,110.5,3.5,0
flow_10.15,103.0,3.0,0
flow_0012.9,126.0,4.5,0
flow_20.14,110.5,6.5,0
flow_00.16,111.0,3.0,0
flow_20.15,108.5,4.0,0
flow_2012.18,104.5,3.5,0
flow_301.9,28.0,2.5,0
flow_3012.5,35.5,5.0,0
flow_101.28,114.5,8.0,0
flow_101.29,112.0,3.5,0
flow_0012.10,131.5,4.5,0
flow_00.17,127.5,3.0,0
flow_20.16,111.5,6.5,0
flow_201.31,109.0,3.5,0
flow_001.31,112.5,3.0,0
flow_2012.19,107.0,4.5,0
flow_10.16,125.0,4.0,0
flow_301.10,43.5,3.5,0
flow_101.30,112.5,3.0,0
flow_101.31,110.5,3.5,0
flow_20.17,107.5,4.0,0
flow_001.32,127.5,4.0,0
flow_201.32,106.5,3.0,0
flow_001.33,113.0,3.5,0
flow_2012.20,104.0,4.0,0
flow_00.18,113.0,6.0,0
flow_1012.18,125.5,4.5,0
flow_101.32,113.0,3.0,0
flow_301.11,40.0,4.0,0
flow_101.33,110.5,3.5,0
flow_3012.6,39.0,5.0,0
flow_2012.21,109.0,4.5,0
flow_20.18,105.0,3.0,0
flow_001.34,129.0,7.0,0
flow_00.19,114.0,3.5,0
flow_20.19,102.5,3.0,0
flow_101.34,125.5,3.5,0
flow_10.17,112.5,3.5,0
flow_1012.19,109.5,3.5,0
flow_001.35,131.5,3.5,0
flow_201.33,109.0,3.5,0
flow_201.34,106.5,3.0,0
flow_001.36,130.5,3.5,0
flow_201.35,103.0,3.0,0
flow_001.37,116.5,3.0,0
flow_10.18,124.0,4.0,0
flow_301.12,31.0,3.0,0
flow_10.19,108.5,3.0,0
flow_101.35,104.0,3.0,0
flow_2012.22,109.5,4.5,0
flow_001.38,132.5,7.5,0
flow_201.36,107.5,3.5,0
flow_0012.11,116.0,4.0,0
flow_2012.23,103.5,4.0,0
flow_101.36,109.0,3.5,0
flow_10.20,105.5,3.0,0
flow_10.21,102.5,3.0,0
flow_0012.12,131.0,4.0,0
flow_2012.24,108.5,4.0,0
flow_20.20,106.0,3.0,0
flow_001.39,129.0,3.0,0
flow_201.37,105.0,3.5,0
flow_001.40,117.0,3.5,0
flow_1012.20,108.5,4.0,0
flow_30.7,43.5,6.5,0
flow_101.37,107.5,3.0,0
flow_30.8,31.5,4.0,0
flow_10.22,104.0,3.0,0
flow_301.13,28.5,3.0,0
flow_0012.13,131.5,4.5,0
flow_2012.25,109.5,4.5,0
flow_001.41,129.0,3.0,0
flow_20.21,108.0,3.5,0
flow_201.38,104.0,3.0,0
flow_0012.14,115.5,5.0,0
flow_101.38,109.0,3.5,0
flow_3012.7,28.5,6.0,0
flow_1012.21,108.0,4.0,0
flow_101.39,103.5,3.0,0
flow_201.39,109.5,3.5,0
flow_0012.15,129.0,6.5,0
flow_20.22,107.5,3.5,0
flow_001.42,113.5,3.0,0
flow_001.43,112.0,3.5,0
flow_101.40,109.0,3.5,0
flow_101.41,107.0,3.0,0
flow_101.42,103.5,3.0,0
flow_2012.26,125.5,4.5,0
flow_00.20,127.0,6.5,0
flow_2012.27,114.5,5.5,0
flow_1012.22,109.0,4.5,0
flow_1012.23,106.5,3.5,0
flow_101.43,104.0,3.0,0
flow_001.44,134.5,4.0,0
flow_201.40,132.0,4.0,0
flow_20.23,127.5,3.0,0
flow_001.45,130.5,3.5,0
flow_201.41,115.0,2.5,0
flow_0012.16,117.5,5.5,0
flow_10.23,108.0,4.0,0
flow_1012.24,106.5,3.5,0
flow_101.44,104.5,3.0,0
flow_3012.8,27.5,4.5,0
flow_201.42,131.0,3.5,0
flow_001.46,132.5,4.0,0
flow_00.21,126.5,3.0,0
flow_201.43,128.5,3.0,0
flow_201.44,115.5,3.0,0
flow_001.47,116.0,3.0,0
flow_1012.25,108.5,4.0,0
flow_30.9,40.5,6.5,0
flow_101.45,106.0,2.5,0
flow_101.46,104.5,3.0,0
flow_20.24,130.0,4.0,0
flow_001.48,132.0,3.5,0
flow_001.49,128.0,3.0,0
flow_201.45,129.5,3.0,0
flow_20.25,113.5,3.0,0
flow_001.50,116.0,3.5,0
flow_101.47,109.0,3.5,0
flow_10.24,105.5,3.0,0
flow_1012.26,104.5,4.0,0
flow_2012.28,128.5,4.5,0
flow_20.26,111.5,3.0,0
flow_001.51,135.0,7.5,0
flow_00.22,130.0,3.5,0
flow_20.27,108.5,3.0,0
flow_30.10,30.0,3.5,0
flow_10.25,108.5,4.0,0
flow_10.26,106.5,3.5,0
flow_10.27,103.0,3.0,0
flow_00.23,134.5,4.0,0
flow_201.46,109.5,3.5,0
flow_001.52,114.0,3.0,0
flow_201.47,107.5,3.0,0
flow_00.24,108.0,3.0,0
flow_2012.29,106.5,6.5,0
flow_10.28,107.5,4.0,0
flow_3012.9,45.0,7.5,0
flow_101.48,111.0,3.0,0
flow_00.25,124.0,4.0,0
flow_20.28,107.5,4.0,0
flow_20.29,105.0,3.0,0
flow_001.53,112.0,3.0,0
flow_201.48,104.0,3.0,0
flow_0012.17,112.5,5.5,0
flow_1012.27,126.0,4.5,0
flow_30.11,20.5,2.0,0
flow_101.49,112.5,3.0,0
flow_101.50,110.0,3.0,0
flow_2012.30,108.5,4.0,0
flow_00.26,127.0,6.5,0
flow_2012.31,108.5,5.5,0
flow_00.27,116.5,7.0,0
flow_201.49,105.5,3.0,0
flow_101.51,126.0,3.5,0
flow_101.52,112.5,3.0,0
flow_10.29,108.0,3.0,0
flow_0012.18,133.0,5.0,0
flow_00.28,127.0,3.0,0
flow_20.30,111.5,7.0,0
flow_201.50,108.0,3.0,0
flow_0012.19,113.5,4.0,0
flow_101.53,126.0,3.5,0
flow_101.54,112.5,3.0,0
flow_101.55,111.0,3.5,0
flow_201.51,125.0,3.5,0
flow_0012.20,129.0,6.5,0
flow_20.31,112.5,3.5,0
flow_001.54,113.0,3.0,0
flow_001.55,111.0,3.0,0
flow_101.56,125.5,3.5,0
flow_3012.10,33.5,5.5,0
flow_101.57,112.5,3.5,0
flow_001.56,125.5,3.5,0
flow_201.52,131.5,3.5,0
flow_0012.21,112.5,4.0,0
flow_2012.32,129.5,4.0,0
flow_2012.33,116.5,4.0,0
flow_10.0,22.0,2.0,0
flow_3012.0,26.0,5.5,0
flow_20.0,35.0,4.0,0
flow_00.0,35.5,3.5,0
flow_20.1,22.5,2.5,0
flow_0012.0,37.0,4.0,0
flow_101.0,44.0,3.5,0
flow_301.0,44.0,3.5,0
flow_3012.1,44.5,4.0,0
flow_301.1,42.0,2.5,0
flow_101.1,48.0,7.0,0
flow_2012.0,42.0,4.5,0
flow_20.2,40.5,3.0,0
flow_001.0,40.5,7.5,0
flow_00.1,37.0,3.5,0
flow_30.0,59.0,4.0,0
flow_101.2,66.0,4.0,0
flow_301.2,58.5,3.0,0
flow_1012.0,66.5,5.0,0
flow_3012.2,57.5,3.5,0
flow_2012.1,42.5,4.5,0
flow_20.3,33.0,3.0,0
flow_00.2,55.0,6.5,0
flow_001.1,53.0,3.5,0
flow_201.0,31.5,2.5,0
flow_001.2,52.5,3.0,0
flow_101.3,83.5,3.5,0
flow_301.3,75.0,3.5,0
flow_1012.1,73.5,4.0,0
flow_101.4,72.0,3.0,0
flow_301.4,64.5,7.0,0
flow_20.4,47.5,4.0,0
flow_001.3,69.0,3.5,0
flow_001.4,64.0,3.0,0
flow_001.5,63.5,3.0,0
flow_3012.3,54.0,4.5,0
flow_1012.2,91.5,4.5,0
flow_1012.3,86.5,4.0,0
flow_101.5,77.0,2.5,0
flow_301.5,54.0,4.0,0
flow_00.3,73.0,4.0,0
flow_201.1,36.0,3.5,0
flow_001.6,64.5,3.5,0
flow_0012.1,61.0,4.0,0
flow_3012.4,68.0,4.5,0
flow_30.1,65.0,3.0,0
flow_101.6,99.5,7.5,0
flow_3012.5,65.0,4.0,0
flow_1012.4,100.0,4.0,0
flow_00.4,76.5,4.0,0
flow_201.2,31.5,3.0,0
flow_0012.2,77.5,4.0,0
flow_2012.2,32.0,4.0,0
flow_00.5,74.5,3.0,0
flow_30.2,68.0,4.0,0
flow_1012.5,117.0,7.5,0
flow_101.7,104.0,3.5,0
flow_301.6,73.5,3.0,0
flow_00.6,93.0,4.0,0
flow_2012.3,28.5,7.0,0
flow_001.7,98.0,3.0,0
flow_1012.6,121.5,4.5,0
flow_3012.6,87.5,4.5,0
flow_10.1,118.5,3.0,0
flow_301.7,87.5,3.0,0
flow_30.3,84.5,3.0,0
flow_101.8,114.0,3.0,0
flow_20.5,25.0,2.5,0
flow_0012.3,113.5,4.5,0
flow_00.7,109.5,3.0,0
flow_2012.4,30.5,4.5,0
flow_00.8,108.0,3.0,0
flow_30.4,101.5,4.0,0
flow_101.9,132.5,4.0,0
flow_101.10,129.5,3.5,0
flow_10.2,113.0,3.0,0
flow_301.8,103.0,3.0,0
flow_301.9,87.0,3.0,0
flow_001.8,124.5,3.5,0
flow_001.9,113.5,3.5,0
flow_001.10,110.5,3.5,0
flow_3012.7,96.0,4.5,0
flow_1012.7,126.5,4.5,0
flow_3012.8,83.0,4.0,0
flow_1012.8,127.0,4.5,0
flow_301.10,77.0,3.5,0
flow_101.11,114.0,3.5,0
flow_2012.5,45.0,4.5,0
flow_001.11,131.0,8.0,0
flow_0012.4,116.5,4.0,0
flow_301.11,93.0,3.5,0
flow_1012.9,129.0,6.5,0
flow_1012.10,114.5,4.5,0
flow_101.12,108.0,3.0,0
flow_301.12,80.5,4.5,0
flow_20.6,35.0,4.0,0
flow_001.12,131.0,3.5,0
flow_00.9,128.0,3.0,0
flow_201.3,34.5,2.5,0
flow_00.10,112.0,3.0,0
flow_201.4,31.0,3.0,0
flow_201.5,30.0,3.0,0
flow_3012.9,94.5,4.5,0
flow_30.5,75.5,3.0,0
flow_10.3,111.0,6.5,0
flow_101.13,108.5,3.5,0
flow_301.13,76.5,3.0,0
flow_101.14,102.0,3.0,0
flow_0012.5,126.5,4.5,0
flow_001.13,112.0,3.0,0
flow_201.6,43.5,7.5,0
flow_001.14,110.5,3.0,0
flow_201.7,27.5,3.0,0
flow_30.6,92.5,4.0,0
flow_101.15,108.5,3.5,0
flow_3012.10,93.0,3.5,0
flow_30.7,86.5,3.0,0
flow_101.16,111.5,7.0,0
flow_001.15,125.0,3.5,0
flow_001.16,112.5,3.0,0
flow_001.17,109.5,3.0,0
flow_1012.11,125.0,4.5,0
flow_3012.11,101.0,4.5,0
flow_30.8,87.0,3.0,0
flow_101.17,112.5,3.0,0
flow_10.4,108.0,3.0,0
flow_301.14,88.0,3.0,0
flow_0012.6,124.5,4.0,0
flow_2012.6,38.0,4.0,0
flow_20.7,36.5,3.0,0
flow_001.18,110.5,3.0,0
flow_0012.7,105.0,3.5,0
flow_2012.7,38.0,4.0,0
flow_101.18,124.5,3.5,0
flow_301.15,97.5,4.0,0
flow_1012.12,112.5,4.0,0
flow_101.19,109.0,3.0,0
flow_301.16,75.0,7.0,0
flow_201.8,55.5,3.5,0
flow_0012.8,112.0,6.5,0
flow_0012.9,109.0,4.5,0
flow_001.19,104.5,3.0,0
flow_101.20,124.0,3.5,0
flow_301.17,85.5,3.5,0
flow_1012.13,112.5,4.0,0
flow_101.21,109.0,3.0,0
flow_301.18,88.5,6.5,0
flow_2012.8,33.5,4.5,0
flow_201.9,28.0,2.5,0
flow_20.8,24.5,2.5,0
flow_001.20,114.0,4.5,0
flow_00.11,108.5,3.0,0
flow_2012.9,27.5,5.0,0
flow_30.9,82.5,4.0,0
flow_101.22,124.5,3.5,0
flow_30.10,77.0,3.5,0
flow_101.23,112.5,3.0,0
flow_101.24,108.0,3.5,0
flow_3012.12,77.5,5.5,0
flow_20.9,33.5,4.0,0
flow_0012.10,128.5,6.5,0
flow_001.21,114.0,3.0,0
flow_201.10,37.5,3.0,0
flow_001.22,112.0,3.0,0
flow_101.25,109.0,3.5,0
flow_301.19,86.0,3.5,0
flow_30.11,82.0,3.0,0
flow_3012.13,86.5,4.0,0
flow_101.26,111.0,7.0,0
flow_001.23,125.0,3.5,0
flow_201.11,26.0,3.0,0
flow_0012.11,113.0,4.0,0
flow_2012.10,25.0,3.5,0
flow_3012.14,102.5,4.5,0
flow_1012.14,126.5,4.5,0
flow_3012.15,102.5,4.0,0
flow_3012.16,100.5,4.0,0
flow_101.27,119.5,7.0,0
flow_001.24,130.5,3.5,0
flow_2012.11,36.5,5.5,0
flow_201.12,34.0,3.0,0
flow_001.25,131.0,3.5,0
flow_00.12,115.0,3.0,0
flow_201.13,27.0,2.5,0
flow_10.5,130.0,4.0,0
flow_301.20,116.5,3.5,0
flow_30.12,110.5,3.0,0
flow_101.28,128.5,3.0,0
flow_30.13,105.0,3.0,0
flow_1012.15,117.5,6.0,0
flow_001.26,130.5,3.5,0
flow_001.27,130.0,3.5,0
flow_201.14,26.0,3.0,0
flow_001.28,114.5,3.5,0
flow_3012.17,107.5,4.0,0
flow_301.21,106.0,3.0,0
flow_101.29,136.0,7.5,0
flow_3012.18,105.0,4.5,0
flow_1012.16,134.0,4.5,0
flow_001.29,126.5,3.5,0
flow_201.15,43.5,4.0,0
flow_001.30,112.5,3.5,0
flow_201.16,31.5,3.5,0
flow_00.13,107.0,3.0,0
flow_30.14,107.5,4.0,0
flow_101.30,137.5,3.5,0
flow_3012.19,108.0,4.0,0
flow_301.22,103.5,3.0,0
flow_101.31,138.5,7.0,0
flow_2012.12,39.0,4.5,0
flow_00.14,125.5,6.5,0
flow_2012.13,32.5,7.0,0
flow_30.15,107.5,4.0,0
flow_1012.17,156.5,7.5,0
flow_101.32,142.0,3.0,0
flow_301.23,111.0,3.0,0
flow_201.17,30.5,3.5,0
flow_001.31,137.5,3.5,0
flow_2012.14,29.5,3.5,0
flow_001.32,137.0,4.5,0
flow_301.24,126.0,3.5,0
flow_1012.18,160.0,6.5,0
flow_1012.19,142.5,4.5,0
flow_101.33,133.5,3.0,0
flow_301.25,118.5,4.0,0
flow_001.33,138.0,3.5,0
flow_0012.12,135.0,4.0,0
flow_00.15,129.0,3.0,0
flow_10.6,135.0,4.0,0
flow_30.16,130.0,4.0,0
flow_10.7,133.5,3.0,0
flow_301.26,129.0,3.0,0
flow_30.17,113.5,3.0,0
flow_10.8,130.0,3.0,0
flow_20.10,27.0,3.5,0
flow_00.16,135.5,4.0,0
flow_0012.13,136.0,4.0,0
flow_001.34,131.5,2.5,0
flow_10.9,133.5,4.0,0
flow_301.27,132.0,3.5,0
flow_30.18,127.0,3.0,0
flow_101.34,130.0,3.0,0
flow_301.28,115.0,3.0,0
flow_1012.20,117.5,5.0,0
flow_2012.15,31.0,4.0,0
flow_00.17,138.0,6.5,0
flow_201.18,29.5,3.0,0
flow_0012.14,136.5,4.5,0
flow_2012.16,29.0,4.0,0
flow_0012.15,133.0,4.0,0
flow_1012.21,128.0,4.0,0
flow_301.29,135.0,7.0,0
flow_101.35,112.5,3.0,0
flow_101.36,107.0,3.0,0
flow_3012.20,135.0,5.0,0
flow_0012.16,136.5,4.5,0
flow_2012.17,43.5,4.5,0
flow_201.19,42.0,3.0,0
flow_001.35,113.5,3.5,0
flow_0012.17,107.5,4.0,0
flow_10.10,107.0,4.0,0
flow_301.30,134.5,3.5,0
flow_10.11,106.0,3.0,0
flow_301.31,129.0,3.0,0
flow_101.37,103.5,3.0,0
flow_3012.21,119.0,6.0,0
flow_2012.18,38.0,4.5,0
flow_20.11,26.5,3.0,0
flow_20.12,25.0,2.5,0
flow_001.36,113.0,7.5,0
flow_00.18,109.5,3.5,0
flow_101.38,109.0,3.5,0
flow_301.32,126.5,3.5,0
flow_101.39,107.0,3.0,0
flow_301.33,112.5,3.0,0
flow_101.40,104.0,3.0,0
flow_301.34,110.5,3.5,0
flow_001.37,125.5,3.5,0
flow_0012.18,113.0,4.0,0
flow_20.13,21.5,2.0,0
flow_001.38,109.5,3.0,0
flow_301.35,125.0,3.5,0
flow_101.41,109.0,3.5,0
flow_101.42,108.0,3.5,0
flow_301.36,114.0,3.5,0
flow_1012.22,104.5,4.0,0
flow_3012.22,111.0,4.5,0
flow_201.20,40.5,3.5,0
flow_0012.19,127.5,6.5,0
flow_00.19,112.0,3.5,0
flow_201.21,40.0,4.0,0
flow_001.39,112.0,3.5,0
flow_30.19,124.0,4.0,0
flow_10.12,108.0,4.0,0
flow_301.37,109.5,3.0,0
flow_1012.23,109.5,5.0,0
flow_10.13,103.5,3.0,0
flow_201.22,49.0,3.5,0
flow_001.40,124.5,3.5,0
flow_00.20,110.5,3.0,0
flow_201.23,44.5,3.0,0
flow_001.41,110.0,3.0,0
flow_1012.24,108.0,4.0,0
flow_101.43,107.0,3.0,0
flow_301.38,130.0,7.0,0
flow_10.14,102.5,3.0,0
flow_301.39,116.0,3.0,0
flow_00.21,123.5,4.0,0
flow_201.24,37.0,3.5,0
flow_00.22,109.0,3.0,0
flow_2012.19,34.5,7.0,0
flow_00.23,107.0,5.0,0
flow_30.20,130.0,4.0,0
flow_101.44,108.0,3.5,0
flow_30.21,128.0,3.0,0
flow_1012.25,110.0,6.0,0
flow_2012.20,52.0,4.5,0
flow_20.14,49.0,3.0,0
flow_001.42,113.5,7.5,0
flow_201.25,48.5,3.0,0
flow_001.43,111.0,3.5,0
flow_301.40,137.0,3.5,0
flow_1012.26,128.0,6.5,0
flow_101.45,113.0,3.0,0
flow_10.15,109.0,3.0,0
flow_301.41,137.5,4.0,0
flow_201.26,65.0,3.5,0
flow_001.44,126.0,3.5,0
flow_201.27,64.0,3.0,0
flow_001.45,112.0,3.0,0
flow_00.24,108.0,3.0,0
flow_201.28,63.0,3.0,0
flow_301.42,153.0,3.5,0
flow_101.46,125.5,3.5,0
flow_30.22,138.5,3.0,0
flow_101.47,112.5,3.0,0
flow_30.23,136.5,3.0,0
flow_1012.27,112.0,6.0,0
flow_001.46,125.0,3.5,0
flow_201.29,80.5,3.5,0
flow_001.47,113.5,3.5,0
flow_201.30,79.5,3.5,0
flow_0012.20,110.5,4.0,0
flow_201.31,81.5,7.0,0
flow_10.16,124.5,4.0,0
flow_301.43,153.5,3.5,0
flow_1012.28,113.0,4.0,0
flow_301.44,144.0,6.5,0
flow_1012.29,114.0,5.0,0
flow_001.48,126.0,3.5,0
flow_2012.21,96.0,6.5,0
flow_00.25,115.0,5.0,0
flow_2012.22,95.0,4.5,0
flow_2012.23,79.0,6.5,0
flow_1012.30,125.5,4.5,0
flow_30.24,160.0,4.0,0
flow_1012.31,116.0,7.0,0
flow_2012.24,83.5,4.5,0
flow_201.32,83.0,3.0,0
flow_001.49,135.5,7.5,0
flow_00.26,130.5,3.5,0
flow_201.33,83.0,3.5,0
flow_1012.32,129.5,4.5,0
flow_101.48,111.5,3.0,0
flow_301.45,166.0,7.0,0
flow_101.49,109.5,3.0,0
flow_3012.23,163.5,5.0,0
flow_00.27,132.5,4.0,0
flow_201.34,88.5,3.5,0
flow_0012.21,131.5,4.0,0
flow_20.15,62.5,6.5,0
flow_001.50,116.0,3.0,0
flow_201.35,51.5,3.5,0
flow_10.17,124.0,4.0,0
flow_301.46,165.0,3.5,0
flow_301.47,159.0,3.0,0
flow_101.50,112.5,3.0,0
flow_101.51,110.0,3.0,0
flow_301.48,143.0,3.0,0
flow_201.36,67.0,3.5,0
flow_001.51,132.0,3.5,0
flow_20.16,64.0,3.0,0
flow_001.52,128.5,3.0,0
flow_201.37,54.5,2.5,0
flow_001.53,116.5,3.5,0
flow_30.25,155.5,4.0,0
flow_101.52,125.5,3.5,0
flow_3012.24,140.5,4.0,0
flow_1012.33,113.0,4.0,0
flow_30.26,136.0,3.0,0
flow_101.53,110.5,3.0,0
flow_0012.22,131.0,4.0,0
flow_001.54,129.0,3.0,0
flow_201.38,77.0,7.5,0
flow_0012.23,115.5,4.0,0
flow_20.17,71.0,6.0,0
flow_1012.34,125.5,4.5,0
flow_3012.25,153.0,4.5,0
flow_3012.26,140.5,4.0,0
flow_30.27,133.0,3.0,0
flow_101.54,116.5,4.0,0
flow_00.28,125.5,4.0,0
flow_201.39,75.5,3.5,0
flow_001.55,109.5,3.0,0
flow_201.40,62.5,3.0,0
flow_001.56,105.0,3.0,0
flow_2012.25,64.0,6.0,0
flow_101.55,130.0,3.5,0
flow_3012.27,133.0,6.5,0
flow_10.18,113.0,3.5,0
flow_301.49,111.0,3.0,0
flow_301.50,106.0,3.5,0
flow_201.41,72.0,3.5,0
flow_001.57,109.0,3.5,0
flow_001.58,107.0,3.0,0
flow_201.42,67.5,3.0,0
flow_20.18,64.0,3.0,0
flow_001.59,103.5,3.0,0
flow_301.0,24.5,2.5,0
flow_30.0,23.0,2.5,0
flow_101.0,26.0,3.0,0
flow_0012.0,25.5,3.5,0
flow_3012.0,42.0,4.5,0
flow_10.0,43.0,6.5,0
flow_30.1,30.0,3.0,0
flow_10.1,37.0,4.0,0
flow_10.2,34.5,3.0,0
flow_20.0,37.0,4.0,0
flow_2012.0,37.5,3.5,0
flow_20.1,35.0,3.0,0
flow_3012.1,52.0,4.5,0
flow_10.3,52.5,5.5,0
flow_301.1,51.5,3.0,0
flow_101.1,53.0,3.0,0
flow_301.2,51.0,3.0,0
flow_1012.0,53.5,4.5,0
flow_20.2,53.5,4.0,0
flow_001.0,36.5,3.5,0
flow_20.3,49.0,3.0,0
flow_001.1,25.0,2.5,0
flow_201.0,51.5,3.5,0
flow_3012.2,68.5,4.5,0
flow_101.2,71.0,7.0,0
flow_301.3,66.5,3.0,0
flow_3012.3,66.0,4.0,0
flow_10.4,69.5,5.5,0
flow_201.1,67.5,3.5,0
flow_001.2,25.0,2.5,0
flow_201.2,65.0,3.0,0
flow_20.4,63.5,3.0,0
flow_301.4,83.5,3.5,0
flow_101.3,85.0,3.5,0
flow_1012.1,77.0,4.0,0
flow_10.5,74.5,3.0,0
flow_301.5,86.5,7.0,0
flow_00.0,27.0,3.5,0
flow_201.3,77.5,3.5,0
flow_201.4,77.5,3.0,0
flow_201.5,79.0,4.0,0
flow_101.4,92.5,3.5,0
flow_301.6,96.0,3.5,0
flow_30.2,86.0,3.0,0
flow_101.5,74.0,3.0,0
flow_301.7,74.5,3.0,0
flow_101.6,71.5,3.0,0
flow_00.1,31.5,4.0,0
flow_201.6,91.0,3.5,0
flow_0012.1,27.0,3.5,0
flow_2012.1,92.0,4.0,0
flow_201.7,83.0,2.5,0
flow_001.3,28.0,3.0,0
flow_30.3,90.5,4.0,0
flow_101.7,88.5,3.5,0
flow_101.8,77.0,3.0,0
flow_301.8,91.5,3.0,0
flow_30.4,89.0,3.0,0
flow_101.9,76.5,3.0,0
flow_2012.2,101.5,4.5,0
flow_2012.3,100.5,4.0,0
flow_2012.4,99.0,4.0,0
flow_3012.4,108.0,4.5,0
flow_301.9,106.5,3.0,0
flow_101.10,97.0,7.5,0
flow_30.5,105.0,3.0,0
flow_1012.2,98.5,6.0,0
flow_001.4,27.5,3.0,0
flow_2012.5,111.0,6.0,0
flow_2012.6,108.5,4.0,0
flow_201.8,104.0,2.5,0
flow_301.10,122.0,3.5,0
flow_101.11,111.5,3.5,0
flow_10.6,109.5,3.0,0
flow_30.6,112.0,3.0,0
flow_30.7,106.0,3.0,0
flow_10.7,108.5,3.0,0
flow_20.5,107.5,4.0,0
flow_001.5,39.0,3.5,0
flow_201.9,108.5,3.5,0
flow_20.6,102.5,3.0,0
flow_10.8,124.0,4.0,0
flow_301.11,109.5,3.5,0
flow_10.9,111.0,3.0,0
flow_1012.3,109.5,3.5,0
flow_3012.5,111.0,6.0,0
flow_201.10,108.5,3.5,0
flow_0012.2,25.0,3.5,0
flow_20.7,108.0,5.0,0
flow_00.2,23.5,2.5,0
flow_201.11,105.0,3.0,0
flow_30.8,124.5,4.0,0
flow_101.12,125.5,3.5,0
flow_3012.6,112.5,4.0,0
flow_1012.4,113.5,4.0,0
flow_1012.5,110.5,4.0,0
flow_30.9,112.5,6.0,0
flow_20.8,107.5,4.0,0
flow_001.6,41.0,3.5,0
flow_201.12,106.5,3.0,0
flow_20.9,102.0,3.0,0
flow_001.7,24.5,2.0,0
flow_101.13,125.5,3.5,0
flow_301.12,127.5,4.0,0
flow_30.10,111.0,3.0,0
flow_101.14,110.0,3.0,0
flow_30.11,107.5,3.0,0
flow_101.15,105.0,3.0,0
flow_2012.7,109.5,4.5,0
flow_0012.3,42.0,4.5,0
flow_201.13,108.0,3.5,0
flow_201.14,105.0,3.5,0
flow_301.13,123.5,3.5,0
flow_101.16,108.5,3.5,0
flow_3012.7,113.0,4.0,0
flow_301.14,110.0,3.0,0
flow_101.17,110.5,7.0,0
flow_001.8,26.5,3.0,0
flow_2012.8,110.0,5.5,0
flow_20.10,106.0,3.0,0
flow_2012.9,105.5,3.5,0
flow_301.15,125.5,3.5,0
flow_1012.6,128.0,6.5,0
flow_10.10,112.5,3.5,0
flow_30.12,113.0,3.5,0
flow_101.18,110.5,3.0,0
flow_201.15,109.0,3.5,0
flow_0012.4,24.5,3.5,0
flow_201.16,110.5,4.0,0
flow_0012.5,26.5,4.0,0
flow_10.11,124.0,4.0,0
flow_301.16,129.5,3.5,0
flow_101.19,112.0,3.0,0
flow_3012.8,115.0,5.0,0
flow_30.13,110.0,3.0,0
flow_20.11,123.0,4.0,0
flow_001.9,33.0,3.5,0
flow_2012.10,112.5,4.0,0
flow_00.3,29.0,3.0,0
flow_0012.6,35.0,4.5,0
flow_201.17,112.0,3.5,0
flow_301.17,125.5,3.5,0
flow_101.20,132.5,3.5,0
flow_1012.7,128.0,3.5,0
flow_10.12,113.0,3.0,0
flow_301.18,116.0,6.5,0
flow_2012.11,126.5,4.5,0
flow_00.4,41.0,7.0,0
flow_201.18,112.5,3.0,0
flow_2012.12,109.5,3.5,0
flow_3012.9,131.0,4.0,0
flow_101.21,135.0,7.0,0
flow_3012.10,132.0,5.0,0
flow_1012.8,132.5,4.0,0
flow_0012.7,41.5,4.0,0
flow_00.5,23.5,2.0,0
flow_20.12,126.5,6.5,0
flow_201.19,113.0,3.0,0
flow_20.13,109.0,3.0,0
flow_101.22,136.5,3.5,0
flow_301.19,137.0,3.5,0
flow_30.14,134.0,3.0,0
flow_101.23,131.5,3.0,0
flow_3012.11,132.5,4.0,0
flow_10.13,117.0,6.0,0
flow_0012.8,29.5,4.0,0
flow_20.14,126.0,6.5,0
flow_201.20,112.5,3.0,0
flow_0012.9,28.0,5.0,0
flow_301.20,135.5,3.5,0
flow_10.14,130.5,4.0,0
flow_301.21,131.0,3.0,0
flow_10.15,127.0,3.0,0
flow_30.15,114.5,3.0,0
flow_101.24,115.5,3.0,0
flow_0012.10,46.5,4.5,0
flow_201.21,133.0,7.5,0
flow_201.22,116.5,3.5,0
flow_30.16,131.0,4.0,0
flow_101.25,130.0,3.5,0
flow_10.16,111.5,3.0,0
flow_301.22,128.5,3.0,0
flow_30.17,113.5,3.0,0
flow_101.26,109.0,2.5,0
flow_0012.11,26.0,3.5,0
flow_2012.13,131.5,4.5,0
flow_20.15,127.5,3.0,0
flow_201.23,116.0,3.0,0
flow_30.18,127.0,4.0,0
flow_101.27,125.0,3.5,0
flow_301.23,112.5,3.0,0
flow_101.28,110.0,3.0,0
flow_301.24,108.0,3.0,0
flow_101.29,105.0,3.0,0
flow_2012.14,131.5,4.5,0
flow_00.6,44.5,6.5,0
flow_2012.15,132.0,6.0,0
flow_2012.16,118.5,4.0,0
flow_101.30,108.5,3.5,0
flow_301.25,110.5,4.0,0
flow_1012.9,107.5,4.0,0
flow_30.19,109.0,6.0,0
flow_10.17,103.5,3.0,0
flow_301.26,106.5,3.5,0
flow_0012.12,26.0,3.5,0
flow_201.24,133.5,6.5,0
flow_201.25,131.0,3.0,0
flow_301.27,109.0,3.5,0
flow_101.31,109.5,3.5,0
flow_10.18,105.0,3.0,0
flow_301.28,107.5,3.0,0
flow_101.32,105.0,3.5,0
flow_3012.12,107.0,5.5,0
flow_201.26,137.5,3.5,0
flow_20.16,131.0,3.0,0
flow_2012.17,112.5,3.5,0
flow_30.20,107.5,4.0,0
flow_101.33,108.5,3.5,0
flow_301.29,106.5,3.0,0
flow_101.34,107.0,3.0,0
flow_101.35,105.0,3.5,0
flow_301.30,105.5,3.5,0
flow_201.27,126.0,3.5,0
flow_201.28,112.5,3.0,0
flow_201.29,110.0,3.0,0
flow_301.31,109.0,3.5,0
flow_1012.10,111.5,6.5,0
flow_101.36,108.0,3.0,0
flow_301.32,109.5,4.0,0
flow_1012.11,106.5,4.5,0
flow_20.17,124.0,4.0,0
flow_001.10,32.5,3.5,0
flow_201.30,112.5,3.0,0
flow_0012.13,36.0,6.0,0
flow_0012.14,27.5,4.0,0
flow_10.19,107.5,4.0,0
flow_301.33,125.5,3.5,0
flow_10.20,106.0,3.0,0
flow_3012.13,115.5,6.0,0
flow_00.7,25.0,2.5,0
flow_201.31,131.0,3.5,0
flow_201.32,129.0,3.5,0
flow_2012.18,113.5,4.0,0
flow_301.34,131.5,3.5,0
flow_101.37,126.0,3.5,0
flow_301.35,128.0,3.0,0
flow_101.38,112.5,3.0,0
flow_3012.14,115.5,4.0,0
flow_10.21,112.0,6.0,0
flow_201.33,127.0,3.5,0
flow_00.8,34.5,3.5,0
flow_0012.15,34.0,4.0,0
flow_201.34,117.0,7.0,0
flow_101.39,125.0,3.5,0
flow_301.36,132.0,3.5,0
flow_101.40,112.0,3.0,0
flow_301.37,130.5,3.5,0
flow_1012.12,111.0,4.0,0
flow_301.38,121.5,7.0,0
flow_201.35,131.5,3.5,0
flow_001.11,43.0,3.5,0
flow_00.9,40.5,3.0,0
flow_201.36,128.5,3.0,0
flow_001.12,40.5,3.0,0
flow_20.18,116.0,3.0,0
flow_30.21,130.0,4.0,0
flow_101.41,125.5,3.5,0
flow_3012.15,129.0,4.0,0
flow_1012.13,113.0,4.0,0
flow_3012.16,115.0,4.0,0
flow_00.10,45.5,4.0,0
flow_20.19,131.5,4.0,0
flow_20.20,128.0,3.5,0
flow_2012.19,115.0,3.5,0
flow_0012.16,50.5,6.0,0
flow_101.42,131.0,3.5,0
flow_301.39,129.5,3.5,0
flow_30.22,111.5,3.0,0
flow_101.43,128.0,3.0,0
flow_3012.17,107.0,3.5,0
flow_101.44,119.0,6.5,0
flow_0012.17,54.5,4.5,0
flow_00.11,39.5,3.0,0
flow_201.37,134.0,7.5,0
flow_0012.18,39.5,4.0,0
flow_20.21,117.0,5.5,0
flow_301.40,108.0,3.5,0
flow_101.45,128.5,3.5,0
flow_301.41,106.5,3.0,0
flow_101.46,112.0,3.0,0
flow_3012.18,104.0,4.0,0
flow_10.22,112.0,6.0,0
flow_20.22,130.0,4.0,0
flow_00.12,37.0,4.0,0
flow_00.13,36.5,3.0,0
flow_201.38,129.0,3.0,0
flow_20.23,114.5,3.0,0
flow_301.42,108.5,3.5,0
flow_101.47,125.0,3.5,0
flow_1012.14,112.5,4.0,0
flow_10.23,108.0,3.0,0
flow_30.23,108.5,6.0,0
flow_30.24,105.0,4.0,0
flow_20.24,127.0,4.0,0
flow_201.39,112.5,3.0,0
flow_201.40,110.5,3.5,0
flow_001.13,25.5,2.5,0
flow_3012.19,110.0,4.5,0
flow_301.43,106.5,3.0,0
flow_101.48,129.5,7.5,0
flow_3012.20,106.0,4.5,0
flow_10.24,118.5,5.5,0
flow_201.41,126.5,4.0,0
flow_20.25,110.5,3.0,0
flow_00.14,21.5,2.0,0
flow_201.42,109.5,3.0,0
flow_3012.21,109.5,4.5,0
flow_301.44,106.5,3.0,0
flow_101.49,134.0,7.5,0
flow_10.25,115.0,3.5,0
flow_301.45,103.5,3.0,0
flow_20.26,124.0,4.0,0
flow_201.43,110.0,3.0,0
flow_20.27,103.0,3.0,0
flow_001.14,27.0,3.0,0
flow_30.25,108.0,4.0,0
flow_101.50,130.5,3.5,0
flow_30.26,106.0,3.0,0
flow_3012.22,103.5,3.5,0
flow_1012.15,131.0,6.0,0
flow_2012.20,109.5,4.5,0
flow_201.44,106.5,3.0,0
flow_201.45,104.0,3.0,0
flow_1012.16,137.5,4.5,0
flow_3012.23,109.5,4.5,0
flow_3012.24,106.5,4.0,0
flow_301.46,103.5,3.0,0
flow_101.51,138.5,4.0,0
flow_00.15,36.0,4.0,0
flow_20.28,108.0,4.0,0
flow_001.15,32.5,3.0,0
flow_201.46,107.5,3.0,0
flow_20.29,103.0,3.0,0
flow_101.52,153.0,3.5,0
flow_301.47,109.0,3.5,0
flow_1012.17,142.5,4.5,0
flow_301.48,112.0,7.5,0
flow_1012.18,143.0,6.0,0
flow_20.30,107.5,4.0,0
flow_001.16,40.0,3.5,0
flow_20.31,105.5,3.0,0
flow_20.32,103.5,3.0,0
flow_101.53,153.0,3.5,0
flow_301.49,125.5,3.5,0
flow_3012.25,112.5,4.0,0
flow_30.27,109.0,3.0,0
flow_10.26,140.0,6.0,0
flow_101.54,135.5,3.5,0
flow_201.47,109.0,3.5,0
flow_201.48,107.0,3.0,0
flow_201.49,104.0,3.0,0
flow_30.28,124.0,4.0,0
flow_101.55,135.0,3.5,0
flow_10.27,129.5,3.0,0
flow_301.50,112.5,3.0,0
flow_301.51,110.0,3.0,0
flow_101.56,116.0,3.0,0
flow_20.33,107.0,4.0,0
flow_201.50,107.0,3.0,0
flow_20.34,102.5,3.0,0
flow_301.52,125.5,3.5,0
flow_101.57,129.5,3.5,0
flow_10.28,110.5,3.0,0
flow_301.53,112.0,3.0,0
flow_10.29,105.0,3.0,0
flow_301.54,110.0,3.0,0
flow_201.51,108.5,3.5,0
flow_2012.21,106.0,3.5,0
flow_201.52,104.0,3.0,0
flow_301.55,124.5,3.5,0
flow_101.58,108.5,3.5,0
flow_301.56,112.5,3.0,0
flow_101.59,106.5,3.0,0
flow_30.29,105.0,3.0,0
flow_101.60,104.0,3.5,0
flow_201.53,108.5,3.5,0
flow_20.35,105.5,3.0,0
flow_201.54,105.0,3.5,0
flow_30.30,107.5,4.0,0
flow_101.61,108.5,3.5,0
flow_30.31,105.5,3.0,0
flow_101.62,106.0,3.0,0
flow_10.30,101.5,3.0,0
flow_301.57,104.0,3.0,0
flow_201.55,108.5,3.5,0
flow_2012.22,106.5,3.5,0
flow_201.56,103.0,2.5,0
flow_3012.0,25.0,3.0,0
flow_3012.1,27.0,4.0,0
flow_00.0,36.5,4.0,0
flow_00.1,36.0,3.0,0
flow_2012.0,32.0,6.0,0
flow_0012.0,29.0,3.5,0
flow_3012.2,35.5,4.5,0
flow_101.0,46.0,7.5,0
flow_3012.3,31.5,5.5,0
flow_30.0,27.5,3.0,0
flow_2012.1,48.5,4.5,0
flow_20.0,25.5,2.5,0
flow_001.0,49.0,7.0,0
flow_00.2,47.5,3.5,0
flow_2012.2,29.0,6.5,0
flow_101.1,61.0,3.5,0
flow_301.0,44.0,3.5,0
flow_101.2,55.0,3.5,0
flow_301.1,40.5,3.5,0
flow_30.1,36.0,3.0,0
flow_1012.0,40.0,6.5,0
flow_201.0,41.5,3.5,0
flow_001.1,59.5,3.5,0
flow_2012.3,36.5,4.0,0
flow_001.2,63.0,7.0,0
flow_2012.4,38.5,6.0,0
flow_301.2,55.0,3.5,0
flow_101.3,41.0,3.5,0
flow_10.0,39.0,3.0,0
flow_301.3,54.5,3.0,0
flow_30.2,51.0,3.0,0
flow_101.4,39.0,2.5,0
flow_00.3,61.5,4.0,0
flow_201.1,49.5,3.5,0
flow_0012.1,63.0,4.0,0
flow_20.1,46.5,6.0,0
flow_0012.2,65.0,6.5,0
flow_20.2,48.5,7.5,0
flow_30.3,69.0,4.5,0
flow_10.1,57.5,4.0,0
flow_30.4,50.0,3.0,0
flow_101.5,58.5,3.0,0
flow_301.4,49.5,2.5,0
flow_2012.5,55.0,4.5,0
flow_00.4,59.0,6.5,0
flow_201.2,54.0,3.0,0
flow_0012.3,52.0,4.5,0
flow_001.3,42.0,3.0,0
flow_3012.4,67.5,4.5,0
flow_101.6,81.0,7.5,0
flow_301.5,41.5,3.0,0
flow_30.5,35.5,3.0,0
flow_101.7,80.0,3.0,0
flow_00.5,48.0,4.0,0
flow_201.3,72.5,3.5,0
flow_20.3,63.0,3.0,0
flow_001.4,41.5,3.0,0
flow_2012.6,65.0,4.0,0
flow_001.5,45.5,7.0,0
flow_101.8,97.0,3.5,0
flow_30.6,26.5,3.0,0
flow_301.6,56.0,4.0,0
flow_101.9,98.0,3.5,0
flow_10.2,88.5,2.5,0
flow_301.7,27.5,3.0,0
flow_0012.4,50.0,4.5,0
flow_20.4,83.0,6.5,0
flow_2012.7,82.0,4.0,0
flow_0012.5,29.5,6.5,0
flow_2012.8,80.5,3.5,0
flow_301.8,45.5,3.5,0
flow_1012.1,104.5,5.5,0
flow_1012.2,88.0,4.0,0
flow_101.10,81.0,2.5,0
flow_301.9,52.0,4.5,0
flow_201.4,96.5,3.5,0
flow_001.6,41.5,3.5,0
flow_2012.9,96.0,4.0,0
flow_201.5,95.0,3.0,0
flow_001.7,46.0,7.0,0
flow_3012.5,66.5,4.5,0
flow_10.3,100.0,6.5,0
flow_101.11,98.0,3.5,0
flow_301.10,66.5,3.5,0
flow_3012.6,64.5,3.5,0
flow_1012.3,98.5,4.0,0
flow_00.6,60.0,4.0,0
flow_201.6,112.5,3.5,0
flow_20.5,109.5,3.0,0
flow_001.8,60.5,3.0,0
flow_2012.10,109.0,4.0,0
flow_001.9,64.0,7.0,0
flow_301.11,78.5,3.5,0
flow_1012.4,102.0,6.5,0
flow_10.4,82.5,3.5,0
flow_10.5,81.0,3.0,0
flow_301.12,81.5,4.0,0
flow_201.7,105.0,3.5,0
flow_001.10,77.5,3.5,0
flow_2012.11,105.5,4.0,0
flow_20.6,92.5,3.0,0
flow_00.7,78.5,6.5,0
flow_001.11,78.0,3.5,0
flow_3012.7,100.0,4.5,0
flow_10.6,100.0,7.0,0
flow_301.13,98.5,3.0,0
flow_101.12,99.0,3.5,0
flow_10.7,96.5,3.0,0
flow_301.14,98.5,3.5,0
flow_201.8,109.0,3.5,0
flow_001.12,93.5,3.5,0
flow_0012.6,93.5,4.5,0
flow_00.8,70.5,3.0,0
flow_201.9,111.0,7.0,0
flow_101.13,108.5,3.5,0
flow_301.15,115.0,3.5,0
flow_3012.8,114.0,4.0,0
flow_301.16,106.5,3.0,0
flow_101.14,109.0,6.5,0
flow_2012.12,125.5,4.5,0
flow_201.10,112.0,3.0,0
flow_001.13,83.5,7.5,0
flow_2012.13,110.0,4.0,0
flow_301.17,123.5,3.5,0
flow_1012.5,124.0,6.5,0
flow_3012.9,112.0,3.5,0
flow_30.7,107.5,3.0,0
flow_101.15,116.0,3.5,0
flow_001.14,103.0,3.5,0
flow_201.11,125.5,3.5,0
flow_201.12,113.0,3.0,0
flow_001.15,104.5,3.5,0
flow_201.13,110.5,3.5,0
flow_001.16,103.0,3.5,0
flow_301.18,120.5,3.5,0
flow_1012.6,134.0,6.5,0
flow_10.8,127.0,3.5,0
flow_30.8,105.0,3.5,0
flow_101.16,115.5,3.0,0
flow_001.17,113.5,3.5,0
flow_201.14,126.0,3.5,0
flow_0012.7,96.5,4.0,0
flow_201.15,117.0,7.0,0
flow_0012.8,97.0,5.5,0
flow_10.9,121.0,4.0,0
flow_301.19,124.5,3.5,0
flow_101.17,122.0,3.0,0
flow_301.20,112.5,3.0,0
flow_301.21,110.0,3.0,0
flow_101.18,116.0,3.5,0
flow_2012.14,131.5,4.5,0
flow_001.18,115.5,7.5,0
flow_2012.15,133.0,5.5,0
flow_201.16,117.5,3.5,0
flow_101.19,130.5,3.5,0
flow_301.22,126.0,3.5,0
flow_30.9,111.5,3.0,0
flow_10.10,110.0,3.0,0
flow_301.23,109.5,3.0,0
flow_10.11,102.0,3.0,0
flow_2012.16,129.0,4.5,0
flow_201.17,112.0,3.0,0
flow_001.19,139.0,7.5,0
flow_201.18,110.0,3.0,0
flow_0012.9,127.0,5.0,0
flow_10.12,103.5,4.0,0
flow_30.10,125.0,4.0,0
flow_301.24,112.0,3.0,0
flow_1012.7,103.5,4.5,0
flow_1012.8,90.5,4.0,0
flow_2012.17,125.5,4.5,0
flow_20.7,110.5,3.0,0
flow_001.20,143.5,7.5,0
flow_201.19,110.5,3.0,0
flow_001.21,137.5,3.0,0
flow_1012.9,106.0,4.5,0
flow_30.11,133.0,6.5,0
flow_101.20,104.5,3.0,0
flow_301.25,129.0,3.5,0
flow_1012.10,104.0,4.0,0
flow_30.12,116.0,4.5,0
flow_201.20,125.0,3.5,0
flow_001.22,139.5,3.5,0
flow_201.21,112.5,3.0,0
flow_001.23,139.0,3.0,0
flow_0012.10,129.5,4.0,0
flow_20.8,109.0,6.0,0
flow_30.13,127.0,4.0,0
flow_101.21,108.5,3.5,0
flow_3012.10,113.0,4.0,0
flow_301.26,110.0,3.0,0
flow_101.22,111.0,7.0,0
flow_20.9,108.0,4.0,0
flow_001.24,147.5,3.5,0
flow_20.10,106.5,3.5,0
flow_001.25,141.5,3.5,0
flow_201.22,102.5,3.0,0
flow_001.26,138.0,3.5,0
flow_30.14,124.0,4.0,0
flow_101.23,125.5,3.5,0
flow_301.27,112.0,3.0,0
flow_101.24,113.5,3.5,0
flow_301.28,111.0,3.5,0
flow_1012.11,113.0,6.5,0
flow_20.11,108.0,4.0,0
flow_00.9,152.0,4.0,0
flow_001.27,138.5,3.5,0
flow_2012.18,111.0,5.5,0
flow_2012.19,107.0,4.5,0
flow_101.25,125.0,3.5,0
flow_301.29,125.5,3.5,0
flow_10.13,111.5,3.0,0
flow_301.30,112.5,3.0,0
flow_1012.12,110.0,4.0,0
flow_30.15,110.5,6.0,0
flow_001.28,134.0,3.5,0
flow_201.23,109.5,3.5,0
flow_00.10,128.0,3.0,0
flow_2012.20,110.5,7.0,0
flow_00.11,115.0,5.0,0
flow_1012.13,125.5,4.5,0
flow_301.31,113.5,7.5,0
flow_1012.14,116.0,5.5,0
flow_101.26,112.0,3.5,0
flow_00.12,124.5,4.0,0
flow_201.24,126.0,3.5,0
flow_001.29,112.0,3.0,0
flow_201.25,113.5,3.5,0
flow_0012.11,110.5,4.0,0
flow_20.12,112.0,6.0,0
flow_301.32,131.0,3.5,0
flow_101.27,125.5,3.5,0
flow_3012.11,128.5,4.0,0
flow_30.16,114.0,3.0,0
flow_10.14,114.5,6.0,0
flow_101.28,109.0,3.5,0
flow_2012.21,126.5,4.5,0
flow_201.26,112.0,3.0,0
flow_001.30,129.0,7.5,0
flow_001.31,116.0,3.0,0
flow_201.27,110.5,3.5,0
flow_30.17,130.0,4.0,0
flow_101.29,109.5,3.5,0
flow_10.15,105.0,3.0,0
flow_30.18,128.0,3.0,0
flow_3012.12,114.5,3.0,0
flow_1012.15,103.5,3.5,0
flow_201.28,124.5,3.5,0
flow_001.32,131.5,3.5,0
flow_00.13,127.5,3.0,0
flow_20.13,111.0,3.0,0
flow_001.33,115.0,3.0,0
flow_201.29,110.0,3.0,0
flow_10.16,107.5,4.0,0
flow_301.33,132.0,3.5,0
flow_1012.16,107.5,4.0,0
flow_30.19,131.0,6.0,0
flow_1012.17,108.0,6.5,0
flow_0012.12,130.5,4.5,0
flow_001.34,112.5,3.0,0
flow_201.30,129.0,7.5,0
flow_001.35,110.5,3.5,0
flow_2012.22,119.0,5.5,0
flow_301.34,136.0,3.5,0
flow_1012.18,111.0,6.0,0
flow_10.17,106.5,3.5,0
flow_301.35,136.5,3.5,0
flow_1012.19,104.5,4.0,0
flow_201.31,129.0,3.5,0
flow_001.36,125.0,3.5,0
flow_001.37,112.0,3.0,0
flow_201.32,112.0,3.0,0
flow_20.14,108.0,3.0,0
flow_001.38,110.0,3.0,0
flow_10.18,107.5,4.0,0
flow_301.36,153.0,3.5,0
flow_1012.20,106.0,3.5,0
flow_101.30,103.5,3.0,0
flow_301.37,141.0,6.5,0
flow_0012.13,126.0,4.5,0
flow_20.15,127.5,6.5,0
flow_001.39,111.5,3.5,0
flow_201.33,114.5,3.5,0
flow_20.16,109.5,3.0,0
flow_001.40,106.0,3.0,0
flow_10.19,107.5,4.0,0
flow_30.20,136.0,4.0,0
flow_101.31,107.0,3.0,0
flow_301.38,135.5,3.0,0
flow_30.21,130.5,3.0,0
flow_101.32,104.0,3.0,0
flow_2012.23,125.5,4.5,0
flow_001.41,112.0,7.0,0
flow_201.34,112.0,3.0,0
flow_20.17,108.0,3.0,0
flow_001.42,110.5,3.0,0
flow_101.33,109.5,3.5,0
flow_301.39,137.5,3.5,0
flow_10.20,105.0,3.0,0
flow_301.40,134.5,3.0,0
flow_1012.21,103.5,3.5,0
flow_301.41,135.5,6.5,0
flow_201.35,125.0,3.5,0
flow_0012.14,128.0,6.5,0
flow_0012.15,114.0,4.0,0
flow_20.18,113.0,5.0,0
flow_001.43,111.0,3.0,0
flow_10.21,107.0,4.0,0
flow_301.42,136.0,3.5,0
flow_101.34,106.0,3.0,0
flow_301.43,133.5,3.0,0
flow_1012.22,103.0,3.5,0
flow_301.44,119.0,6.5,0
flow_001.44,125.5,3.5,0
flow_201.36,126.0,3.5,0
flow_0012.16,113.5,4.0,0
flow_2012.24,114.0,4.5,0
flow_0012.17,110.5,4.0,0
flow_101.35,108.5,3.5,0
flow_301.45,129.5,3.5,0
flow_10.22,105.0,3.0,0
flow_30.22,110.5,3.0,0
flow_301.46,106.5,3.0,0
flow_1012.23,106.0,5.0,0
flow_00.14,124.0,4.0,0
flow_201.37,132.0,4.0,0
flow_00.15,111.0,3.0,0
flow_2012.25,131.5,5.0,0
flow_00.16,112.0,5.5,0
flow_3012.13,109.0,4.5,0
flow_101.36,114.0,7.5,0
flow_3012.14,111.0,5.5,0
flow_301.47,105.5,3.0,0
flow_00.17,124.0,4.0,0
flow_201.38,136.5,3.5,0
flow_001.45,110.0,3.0,0
flow_201.39,134.5,3.0,0
flow_0012.18,105.0,4.0,0
flow_20.19,133.0,6.0,0
flow_101.37,130.5,3.5,0
flow_301.48,109.0,3.5,0
flow_1012.24,129.0,4.0,0
flow_301.49,110.5,7.0,0
flow_1012.25,119.0,5.0,0
flow_00.18,107.5,4.0,0
flow_201.40,137.0,3.5,0
flow_001.46,105.5,2.5,0
flow_2012.26,139.5,5.0,0
flow_201.41,134.0,3.0,0
flow_3012.15,124.5,4.5,0
flow_101.38,134.5,7.0,0
flow_301.50,113.0,3.0,0
flow_30.23,107.5,3.0,0
flow_101.39,132.0,3.0,0
flow_00.19,123.0,4.0,0
flow_201.42,136.0,3.5,0
flow_0012.19,113.5,4.0,0
flow_2012.27,132.5,4.0,0
flow_20.20,114.0,3.0,0
flow_001.47,112.0,3.5,0
flow_101.40,137.5,3.5,0
flow_10.23,133.0,3.0,0
flow_301.51,127.0,4.0,0
flow_301.52,114.0,3.5,0
flow_101.41,132.0,3.0,0
flow_301.53,111.0,3.0,0
flow_201.43,129.5,3.5,0
flow_001.48,127.0,4.0,0
flow_00.20,110.5,3.0,0
flow_201.44,112.5,3.0,0
flow_001.49,110.0,3.0,0
flow_2012.28,110.0,5.5,0
flow_10.24,136.0,4.0,0
flow_301.54,125.0,3.5,0
flow_1012.26,135.0,4.0,0
flow_30.24,115.0,6.0,0
flow_3012.16,111.0,4.5,0
flow_1012.27,134.5,6.5,0
flow_001.50,125.0,3.5,0
flow_0012.20,112.0,3.5,0
flow_2012.29,112.0,5.5,0
flow_20.21,109.0,4.0,0
flow_0012.21,113.0,6.0,0
flow_101.42,134.0,3.5,0
flow_301.55,124.5,3.5,0
flow_30.25,110.5,3.0,0
flow_10.25,111.5,3.0,0
flow_10.26,109.0,3.0,0
flow_301.56,107.5,3.0,0
flow_001.51,125.0,3.5,0
flow_201.45,126.0,3.5,0
flow_00.21,112.5,3.0,0
flow_201.46,113.0,3.5,0
flow_20.22,108.0,3.0,0
flow_001.52,108.0,3.0,0
flow_10.27,123.5,4.0,0
flow_301.57,109.0,3.5,0
flow_1012.28,110.0,4.0,0
flow_301.58,110.5,6.5,0
flow_1012.29,109.0,5.5,0
flow_20.23,124.0,4.0,0
flow_00.22,108.5,4.0,0
flow_201.47,112.0,3.0,0
flow_20.24,107.5,3.0,0
flow_001.53,107.5,3.5,0
flow_001.54,104.0,3.5,0
flow_101.43,108.5,3.5,0
flow_301.59,125.5,3.5,0
flow_1012.30,107.5,4.0,0
flow_301.60,117.0,7.0,0
flow_1012.31,107.5,5.5,0
flow_00.23,108.0,4.0,0
flow_201.48,124.5,3.5,0
flow_20.25,111.0,3.0,0
flow_001.55,106.5,3.0,0
flow_2012.30,110.5,4.0,0
flow_001.56,107.5,6.5,0
flow_3012.17,131.0,4.0,0
flow_101.44,112.0,7.0,0
flow_3012.18,131.5,5.0,0
flow_30.26,116.0,3.5,0
flow_2012.31,126.0,4.5,0
flow_201.49,111.0,3.0,0
flow_001.57,113.0,7.5,0
flow_2012.32,107.0,4.0,0
flow_00.24,112.0,5.5,0
flow_30.27,129.0,4.0,0
flow_101.45,131.0,3.5,0
flow_30.28,126.5,3.0,0
flow_101.46,129.0,3.0,0
flow_30.29,114.5,3.0,0
flow_1012.32,118.0,6.0,0
flow_20.26,108.0,4.0,0
flow_001.58,125.0,3.5,0
flow_20.27,106.5,3.5,0
flow_001.59,112.5,3.0,0
flow_001.60,110.0,3.0,0
flow_201.50,104.0,3.0,0
flow_301.61,131.5,3.5,0
flow_1012.33,134.5,6.5,0
flow_101.47,130.0,3.0,0
flow_10.28,114.5,3.0,0
flow_301.62,132.0,3.5,0
flow_2012.33,109.5,4.5,0
flow_201.51,106.5,3.0,0
flow_001.61,129.0,7.5,0
flow_20.28,102.0,3.0,0
flow_001.62,115.5,3.0,0
flow_2012.0,36.5,4.5,0
flow_201.0,35.0,3.0,0
flow_001.0,40.5,7.5,0
flow_20.0,22.5,2.0,0
flow_001.1,29.0,3.0,0
flow_301.0,39.0,3.5,0
flow_1012.0,45.5,6.5,0
flow_101.0,42.5,3.0,0
flow_30.0,28.0,3.5,0
flow_101.1,42.0,3.0,0
flow_20.1,41.0,4.0,0
flow_001.2,46.5,3.5,0
flow_2012.1,39.0,3.5,0
flow_001.3,49.0,6.5,0
flow_2012.2,31.0,5.0,0
flow_10.0,47.5,4.0,0
flow_30.1,34.5,3.5,0
flow_101.2,48.0,3.0,0
flow_1012.1,45.0,3.5,0
flow_3012.0,37.0,5.5,0
flow_00.0,57.0,4.0,0
flow_201.1,44.0,3.5,0
flow_001.4,58.0,3.0,0
flow_20.2,36.0,3.0,0
flow_001.5,54.5,3.5,0
flow_301.1,54.0,3.5,0
flow_101.3,63.5,3.5,0
flow_10.1,61.5,3.0,0
flow_301.2,31.0,3.0,0
flow_301.3,29.5,3.5,0
flow_0012.0,71.0,4.0,0
flow_00.1,69.0,3.0,0
flow_001.6,68.0,3.0,0
flow_30.2,45.0,4.0,0
flow_101.4,45.0,4.0,0
flow_30.3,44.0,3.0,0
flow_3012.1,44.0,3.5,0
flow_00.2,85.0,4.0,0
flow_201.2,35.5,3.5,0
flow_001.7,82.0,3.0,0
flow_201.3,32.0,3.0,0
flow_20.3,29.5,3.0,0
flow_001.8,72.0,3.5,0
flow_20.4,27.5,3.0,0
flow_10.2,32.0,4.0,0
flow_301.4,62.0,3.5,0
flow_101.5,31.0,3.0,0
flow_10.3,27.0,2.5,0
flow_301.5,61.0,3.0,0
flow_3012.2,62.0,4.5,0
flow_00.3,87.0,4.0,0
flow_201.4,35.0,3.5,0
flow_201.5,32.0,3.0,0
flow_0012.1,82.5,5.0,0
flow_0012.2,79.0,4.5,0
flow_301.6,64.5,3.5,0
flow_101.6,49.0,3.5,0
flow_101.7,48.0,3.0,0
flow_301.7,65.5,3.5,0
flow_10.4,41.5,3.0,0
flow_301.8,64.0,3.0,0
flow_00.4,94.0,4.0,0
flow_201.6,53.0,3.5,0
flow_20.5,42.5,3.0,0
flow_001.9,73.0,3.0,0
flow_001.10,72.0,3.5,0
flow_301.9,80.0,3.5,0
flow_101.8,57.0,3.5,0
flow_1012.2,53.0,4.0,0
flow_301.10,84.5,6.5,0
flow_101.9,29.5,3.5,0
flow_201.7,43.0,3.5,0
flow_001.11,82.5,3.5,0
flow_201.8,43.0,3.0,0
flow_001.12,38.5,3.5,0
flow_201.9,42.5,3.5,0
flow_001.13,37.5,3.5,0
flow_301.11,100.0,3.5,0
flow_1012.3,42.0,6.5,0
flow_30.4,100.0,3.5,0
flow_101.10,42.0,3.5,0
flow_101.11,29.5,4.0,0
flow_0012.3,54.0,4.5,0
flow_201.10,51.5,7.0,0
flow_00.5,50.5,3.5,0
flow_0012.4,56.5,5.0,0
flow_3012.3,119.0,4.5,0
flow_30.5,116.5,3.0,0
flow_101.12,26.0,3.0,0
flow_301.12,111.5,3.0,0
flow_20.6,71.0,4.0,0
flow_001.14,57.5,3.5,0
flow_201.11,71.0,3.0,0
flow_2012.3,68.5,3.5,0
flow_0012.5,60.0,5.0,0
flow_0012.6,52.0,4.5,0
flow_3012.4,119.0,4.0,0
flow_1012.4,35.0,4.0,0
flow_30.6,103.0,3.5,0
flow_301.13,89.5,2.5,0
flow_101.13,27.5,3.5,0
flow_201.12,85.5,3.5,0
flow_001.15,67.0,3.5,0
flow_2012.4,73.0,4.0,0
flow_201.13,70.5,2.5,0
flow_001.16,71.0,7.0,0
flow_30.7,102.5,4.0,0
flow_101.14,43.0,3.5,0
flow_101.15,36.5,3.0,0
flow_3012.5,95.5,6.0,0
flow_3012.6,94.5,4.5,0
flow_001.17,81.5,3.5,0
flow_201.14,88.5,3.5,0
flow_2012.5,87.5,3.5,0
flow_20.7,85.5,3.0,0
flow_00.6,83.5,6.0,0
flow_00.7,78.5,4.0,0
flow_10.5,51.5,4.0,0
flow_301.14,109.0,3.5,0
flow_30.8,106.5,3.0,0
flow_101.16,49.5,3.0,0
flow_3012.7,106.5,4.0,0
flow_1012.5,46.0,3.5,0
flow_201.15,99.0,3.5,0
flow_001.18,89.0,3.5,0
flow_001.19,89.5,3.0,0
flow_201.16,83.5,3.0,0
flow_001.20,86.0,3.0,0
flow_201.17,83.0,3.5,0
flow_10.6,57.5,4.0,0
flow_301.15,110.0,4.0,0
flow_30.9,105.0,3.0,0
flow_101.17,52.0,3.0,0
flow_30.10,103.0,3.0,0
flow_1012.6,51.0,6.0,0
flow_201.18,99.0,3.5,0
flow_001.21,94.0,3.5,0
flow_0012.7,88.0,4.0,0
flow_201.19,98.5,7.0,0
flow_0012.8,88.0,5.5,0
flow_10.7,58.0,4.0,0
flow_30.11,108.0,4.0,0
flow_1012.7,27.5,3.5,0
flow_3012.8,108.5,4.0,0
flow_3012.9,105.0,4.0,0
flow_00.8,99.0,4.0,0
flow_20.8,114.0,4.0,0
flow_00.9,95.0,3.0,0
flow_2012.6,111.0,6.0,0
flow_301.16,108.5,3.5,0
flow_101.18,46.5,3.5,0
flow_3012.10,107.0,4.0,0
flow_10.8,49.0,6.0,0
flow_301.17,104.0,3.0,0
flow_101.19,45.5,3.5,0
flow_20.9,118.0,4.0,0
flow_001.22,117.5,3.5,0
flow_201.20,114.0,3.0,0
flow_001.23,113.0,3.5,0
flow_00.10,108.0,3.0,0
flow_201.21,113.5,3.0,0
flow_101.20,61.0,3.5,0
flow_301.18,110.0,3.5,0
flow_10.9,59.0,3.0,0
flow_301.19,107.5,3.5,0
flow_1012.8,60.0,4.0,0
flow_30.12,106.5,6.0,0
flow_20.10,125.5,4.0,0
flow_001.24,124.0,3.5,0
flow_2012.7,127.0,4.0,0
flow_001.25,116.5,7.0,0
flow_2012.8,119.0,5.5,0
flow_1012.9,76.0,4.0,0
flow_3012.11,111.0,5.0,0
flow_3012.12,109.0,4.5,0
flow_3012.13,105.5,4.0,0
flow_101.21,83.5,7.0,0
flow_00.11,130.5,4.0,0
flow_201.22,131.0,3.5,0
flow_20.11,127.5,3.0,0
flow_001.26,128.5,3.0,0
flow_2012.9,115.0,3.5,0
flow_0012.9,115.5,3.5,0
flow_301.20,108.0,3.5,0
flow_1012.10,99.0,6.5,0
flow_30.13,107.0,3.5,0
flow_101.22,98.0,3.5,0
flow_10.10,94.5,3.0,0
flow_20.12,127.5,4.0,0
flow_001.27,134.0,4.5,0
flow_201.23,112.5,3.0,0
flow_001.28,130.5,3.5,0
flow_201.24,108.0,3.5,0
flow_001.29,117.0,3.0,0
flow_30.14,124.5,4.0,0
flow_101.23,112.0,3.5,0
flow_3012.14,113.0,4.0,0
flow_30.15,108.0,3.0,0
flow_101.24,115.0,7.0,0
flow_2012.10,109.0,4.5,0
flow_201.25,105.5,2.5,0
flow_001.30,132.5,7.5,0
flow_2012.11,105.0,4.0,0
flow_0012.10,116.5,4.0,0
flow_10.11,127.0,4.0,0
flow_301.21,125.0,3.5,0
flow_301.22,112.0,3.0,0
flow_10.12,111.0,3.0,0
flow_101.25,123.5,3.5,0
flow_301.23,110.0,3.0,0
flow_2012.12,109.0,4.5,0
flow_001.31,135.0,7.0,0
flow_2012.13,109.0,5.0,0
flow_0012.11,132.5,4.0,0
flow_301.24,125.5,3.5,0
flow_1012.11,132.5,6.5,0
flow_3012.15,112.5,3.5,0
flow_30.16,107.5,3.0,0
flow_10.13,130.0,4.0,0
flow_20.13,123.5,4.0,0
flow_001.32,137.0,3.5,0
flow_00.12,130.0,3.0,0
flow_201.26,111.5,3.0,0
flow_0012.12,115.0,3.5,0
flow_201.27,113.5,6.5,0
flow_3012.16,125.0,4.5,0
flow_10.14,138.0,6.5,0
flow_301.25,110.5,2.5,0
flow_101.26,129.5,3.0,0
flow_301.26,107.0,3.0,0
flow_1012.12,118.0,4.5,0
flow_00.13,130.5,4.0,0
flow_201.28,126.0,3.5,0
flow_00.14,127.5,3.0,0
flow_201.29,112.5,3.0,0
flow_20.14,108.0,3.0,0
flow_001.33,116.5,3.5,0
flow_3012.17,109.0,4.5,0
flow_30.17,106.0,3.0,0
flow_10.15,136.0,6.5,0
flow_30.18,103.0,3.0,0
flow_10.16,132.0,4.5,0
flow_101.27,116.5,2.5,0
flow_20.15,123.5,4.0,0
flow_001.34,131.0,3.5,0
flow_00.15,127.5,3.0,0
flow_201.30,112.5,3.0,0
flow_0012.13,114.0,4.0,0
flow_201.31,114.5,7.0,0
flow_1012.13,129.0,4.5,0
flow_101.28,112.0,3.0,0
flow_10.17,107.5,3.0,0
flow_301.27,113.0,7.5,0
flow_301.28,111.5,3.5,0
flow_0012.14,126.5,4.5,0
flow_20.16,128.0,6.5,0
flow_0012.15,113.0,6.0,0
flow_20.17,117.0,8.0,0
flow_30.19,124.5,4.0,0
flow_101.29,126.0,3.5,0
flow_101.30,112.5,3.0,0
flow_301.29,114.0,3.5,0
flow_301.30,110.5,3.5,0
flow_101.31,108.0,3.5,0
flow_001.35,126.0,3.5,0
flow_201.32,130.5,3.5,0
flow_0012.16,113.0,4.0,0
flow_20.18,114.5,6.0,0
flow_001.36,109.0,2.5,0
flow_20.19,111.5,4.0,0
flow_10.18,107.5,4.0,0
flow_301.31,125.5,3.5,0
flow_3012.18,112.5,4.0,0
flow_1012.14,106.5,4.0,0
flow_301.32,111.0,3.0,0
flow_101.32,104.5,3.5,0
flow_201.33,124.0,3.5,0
flow_0012.17,128.0,6.5,0
flow_0012.18,114.5,4.5,0
flow_0012.19,111.5,4.0,0
flow_201.34,120.0,7.0,0
flow_301.33,125.0,3.5,0
flow_101.33,108.5,3.5,0
flow_1012.15,106.0,3.5,0
flow_30.20,114.5,6.0,0
flow_1012.16,106.5,6.5,0
flow_201.35,131.0,3.5,0
flow_001.37,125.5,3.5,0
flow_2012.14,128.5,3.5,0
flow_001.38,115.5,6.5,0
flow_2012.15,119.0,5.0,0
flow_301.34,131.0,3.5,0
flow_1012.17,111.5,6.5,0
flow_10.19,106.0,3.5,0
flow_301.35,131.5,4.0,0
flow_101.34,105.0,3.0,0
flow_201.36,131.0,3.5,0
flow_001.39,132.0,3.5,0
flow_201.37,127.5,3.0,0
flow_20.20,113.5,3.0,0
flow_001.40,130.5,3.5,0
flow_00.16,114.0,2.5,0
flow_3012.19,134.0,4.0,0
flow_1012.18,111.0,5.0,0
flow_101.35,107.5,3.0,0
flow_301.36,131.0,3.5,0
flow_1012.19,105.0,4.0,0
flow_301.37,120.0,7.0,0
flow_201.38,128.5,3.5,0
flow_2012.16,112.0,3.5,0
flow_0012.20,133.5,6.5,0
flow_0012.21,115.0,4.5,0
flow_001.41,111.0,3.0,0
flow_101.36,108.5,3.5,0
flow_301.38,131.5,3.5,0
flow_10.20,105.0,3.0,0
flow_301.39,130.0,3.5,0
flow_101.37,104.0,3.0,0
flow_3012.20,118.5,5.5,0
flow_00.17,124.5,4.0,0
flow_201.39,131.0,3.5,0
flow_2012.17,128.0,3.5,0
flow_0012.22,113.0,4.0,0
flow_001.42,110.5,3.0,0
flow_201.40,116.5,3.0,0
flow_101.38,109.0,3.5,0
flow_301.40,132.0,3.5,0
flow_101.39,107.0,3.0,0
flow_301.41,128.5,3.0,0
flow_301.42,115.5,3.0,0
flow_101.40,104.5,3.5,0
flow_0012.23,125.5,4.5,0
flow_20.21,127.5,6.5,0
flow_001.43,113.0,3.0,0
flow_201.41,114.5,3.5,0
flow_001.44,107.5,3.5,0
flow_201.42,112.0,3.0,0
flow_10.21,107.0,4.0,0
flow_301.43,130.5,3.5,0
flow_101.41,106.0,3.0,0
flow_301.44,112.5,3.0,0
flow_30.21,105.5,3.0,0
flow_101.42,103.0,3.0,0
flow_2012.18,124.0,4.0,0
flow_0012.24,109.0,4.5,0
flow_001.45,106.5,3.0,0
flow_20.22,112.5,3.5,0
flow_201.43,110.5,3.0,0
flow_0012.25,109.0,5.5,0
flow_3012.21,109.5,4.5,0
flow_301.45,107.0,3.0,0
flow_101.43,113.5,7.5,0
flow_10.22,110.5,3.5,0
flow_301.46,103.5,3.5,0
flow_0012.26,108.5,4.5,0
flow_00.18,105.5,3.0,0
flow_20.23,129.0,6.5,0
flow_201.44,114.5,3.5,0
flow_0012.27,104.5,4.0,0
flow_1012.20,125.5,4.5,0
flow_3012.22,109.0,4.5,0
flow_10.23,110.5,3.0,0
flow_301.47,107.5,3.0,0
flow_101.44,110.5,3.0,0
flow_301.48,105.0,3.5,0
flow_00.19,108.5,4.0,0
flow_201.45,130.5,4.0,0
flow_201.46,113.0,3.5,0
flow_001.46,107.0,3.0,0
flow_001.47,104.0,3.5,0
flow_201.47,110.0,3.5,0
flow_1012.21,125.5,4.5,0
flow_30.22,111.0,6.5,0
flow_3012.23,108.5,4.0,0
flow_1012.22,115.0,5.5,0
flow_3012.24,105.5,4.0,0
flow_1012.23,112.5,4.5,0
flow_00.20,108.0,4.0,0
flow_201.48,125.5,3.5,0
flow_001.48,107.0,3.0,0
flow_201.49,113.0,3.0,0
flow_201.50,110.0,3.5,0
flow_001.49,105.0,3.5,0
flow_3012.25,110.0,4.5,0
flow_301.49,106.5,3.0,0
flow_101.45,130.0,7.5,0
flow_10.24,114.5,3.5,0
flow_301.50,105.0,3.5,0
flow_001.50,108.0,3.5,0
flow_201.51,124.0,3.5,0
flow_001.51,106.0,3.0,0
flow_20.24,112.5,3.5,0
flow_00.21,102.5,3.0,0
flow_201.52,109.5,3.0,0
flow_1012.24,131.5,4.5,0
flow_101.46,129.5,3.0,0
flow_301.51,113.5,7.5,0
flow_30.23,109.0,3.5,0
flow_101.47,114.0,3.5,0
flow_2012.19,125.5,4.5,0
flow_0012.28,110.0,4.5,0
flow_001.52,107.5,3.0,0
flow_20.25,106.0,3.0,0
flow_201.53,114.0,3.5,0
flow_001.53,104.5,3.0,0
flow_30.24,124.0,4.0,0
flow_101.48,127.0,3.5,0
flow_3012.26,112.5,4.0,0
flow_301.52,110.0,3.0,0
flow_101.49,116.5,7.0,0
flow_00.22,108.5,4.0,0
flow_201.54,108.5,3.5,0
flow_001.54,106.5,3.0,0
flow_2012.20,109.5,5.0,0
flow_0012.29,104.5,4.0,0
flow_30.25,123.5,4.0,0
flow_101.50,131.5,3.5,0
flow_30.26,111.0,3.0,0
flow_101.51,129.0,3.0,0
flow_30.27,108.0,3.0,0
flow_101.52,116.0,3.5,0
flow_001.55,108.5,3.5,0
flow_201.55,126.0,3.5,0
flow_00.23,105.5,3.0,0
flow_201.56,112.5,3.0,0
flow_0012.30,103.5,3.5,0
flow_2012.21,111.5,4.0,0
flow_301.53,125.0,3.5,0
flow_101.53,131.0,3.5,0
flow_30.28,111.0,3.0,0
flow_10.25,127.0,3.0,0
flow_301.54,109.5,3.0,0
flow_101.54,113.0,3.0,0
flow_00.24,107.5,4.0,0
flow_201.57,125.0,3.5,0
flow_001.56,107.0,3.0,0
flow_2012.22,115.5,5.0,0
flow_2012.23,112.5,4.0,0
flow_30.29,124.5,4.0,0
flow_10.26,125.5,4.0,0
flow_301.55,110.0,3.0,0
flow_30.30,102.5,3.0,0
flow_101.55,113.0,3.0,0
flow_10.27,108.5,3.0,0
flow_20.26,124.0,4.0,0
flow_001.57,125.5,3.5,0
flow_001.58,112.0,3.0,0
flow_201.58,112.5,3.0,0
flow_001.59,109.5,3.0,0
flow_201.59,110.0,3.0,0
flow_301.0,25.5,2.5,0
flow_00.0,36.5,4.0,0
flow_0012.0,25.5,3.5,0
flow_0012.1,25.0,3.5,0
flow_30.0,32.5,3.5,0
flow_101.0,32.5,3.5,0
flow_10.0,27.0,3.0,0
flow_301.1,32.5,3.0,0
flow_3012.0,28.5,3.0,0
flow_3012.1,25.0,3.0,0
flow_001.0,42.0,3.5,0
flow_201.0,42.0,3.5,0
flow_00.1,37.5,3.0,0
flow_201.1,41.0,3.0,0
flow_20.0,38.0,3.0,0
flow_001.1,38.0,3.0,0
flow_30.1,40.0,4.0,0
flow_1012.0,34.0,6.5,0
flow_30.2,41.5,5.0,0
flow_30.3,40.0,3.5,0
flow_001.2,55.0,3.5,0
flow_201.2,52.5,3.5,0
flow_00.2,53.5,3.0,0
flow_201.3,27.0,3.0,0
flow_001.3,53.5,3.0,0
flow_201.4,25.0,2.5,0
flow_30.4,56.0,4.0,0
flow_101.1,41.5,3.5,0
flow_301.2,51.0,3.0,0
flow_101.2,42.0,3.0,0
flow_30.5,48.0,3.0,0
flow_101.3,41.0,3.5,0
flow_0012.2,72.0,4.5,0
flow_201.5,46.5,7.5,0
flow_0012.3,73.5,5.0,0
flow_001.4,70.5,3.0,0
flow_10.1,56.5,4.0,0
flow_301.3,67.0,3.5,0
flow_10.2,56.5,3.0,0
flow_30.6,63.5,3.0,0
flow_10.3,47.0,3.0,0
flow_301.4,62.5,3.0,0
flow_00.3,85.0,4.0,0
flow_201.6,65.0,3.5,0
flow_00.4,85.0,3.0,0
flow_201.7,58.0,3.0,0
flow_0012.4,85.5,4.0,0
flow_301.5,80.0,3.5,0
flow_101.4,65.0,3.5,0
flow_101.5,64.5,3.0,0
flow_301.6,81.0,3.5,0
flow_10.4,50.0,3.0,0
flow_30.7,77.5,3.0,0
flow_001.5,102.5,3.5,0
flow_201.8,27.0,3.0,0
flow_001.6,103.5,3.5,0
flow_0012.5,100.5,4.0,0
flow_3012.2,93.5,4.5,0
flow_10.5,71.0,6.5,0
flow_301.7,84.0,3.0,0
flow_10.6,69.5,4.0,0
flow_30.8,82.0,3.0,0
flow_00.5,107.0,4.0,0
flow_201.9,39.0,3.5,0
flow_001.7,107.0,3.0,0
flow_2012.0,41.0,5.0,0
flow_2012.1,32.5,5.0,0
flow_1012.1,89.5,4.5,0
flow_3012.3,76.0,4.5,0
flow_30.9,74.0,3.0,0
flow_101.6,89.0,3.0,0
flow_301.8,74.5,3.0,0
flow_101.7,86.5,3.5,0
flow_20.1,45.5,4.0,0
flow_001.8,125.5,3.5,0
flow_00.6,110.5,3.0,0
flow_001.9,108.5,2.5,0
flow_201.10,42.0,3.5,0
flow_201.11,39.5,4.0,0
flow_3012.4,93.5,4.5,0
flow_10.7,105.0,7.0,0
flow_30.10,83.0,3.0,0
flow_1012.2,104.0,5.0,0
flow_30.11,84.5,5.5,0
flow_001.10,124.5,3.5,0
flow_201.12,54.5,3.5,0
flow_2012.2,52.0,4.0,0
flow_0012.6,114.5,4.5,0
flow_2012.3,50.5,4.0,0
flow_101.8,120.5,3.5,0
flow_301.9,93.5,3.5,0
flow_101.9,88.0,3.0,0
flow_301.10,93.0,3.0,0
flow_101.10,73.5,3.5,0
flow_3012.5,95.5,6.5,0
flow_001.11,131.5,4.0,0
flow_2012.4,68.5,5.5,0
flow_00.7,129.0,3.0,0
flow_201.13,58.0,3.0,0
flow_2012.5,45.5,4.0,0
flow_001.12,121.0,6.5,0
flow_3012.6,105.0,4.5,0
flow_101.11,94.0,7.5,0
flow_3012.7,100.5,5.5,0
flow_1012.3,93.0,4.0,0
flow_00.8,129.5,4.0,0
flow_201.14,45.0,3.5,0
flow_00.9,127.5,3.0,0
flow_001.13,114.5,2.5,0
flow_2012.6,29.5,6.0,0
flow_10.8,109.0,4.0,0
flow_301.11,117.0,3.5,0
flow_101.12,100.5,3.5,0
flow_30.12,110.0,3.5,0
flow_3012.8,116.0,5.0,0
flow_201.15,41.0,3.5,0
flow_001.14,130.5,3.5,0
flow_201.16,35.0,3.0,0
flow_001.15,113.0,3.0,0
flow_201.17,27.5,3.0,0
flow_001.16,112.5,4.0,0
flow_30.13,124.5,4.0,0
flow_10.9,119.5,4.0,0
flow_301.12,112.0,3.0,0
flow_1012.4,120.0,5.0,0
flow_101.13,118.0,3.0,0
flow_201.18,44.5,3.5,0
flow_001.17,126.0,3.5,0
flow_2012.7,34.5,3.5,0
flow_0012.7,113.0,4.0,0
flow_0012.8,109.0,4.0,0
flow_10.10,127.5,4.0,0
flow_301.13,123.5,3.5,0
flow_10.11,127.0,3.0,0
flow_301.14,123.5,3.5,0
flow_10.12,114.0,3.0,0
flow_301.15,116.0,3.5,0
flow_201.19,46.0,3.5,0
flow_0012.9,110.5,6.5,0
flow_2012.8,42.5,3.5,0
flow_0012.10,107.0,4.5,0
flow_00.10,101.0,3.0,0
flow_1012.5,131.5,4.5,0
flow_3012.9,132.5,4.5,0
flow_1012.6,130.5,4.5,0
flow_101.14,111.5,2.5,0
flow_301.16,133.0,4.5,0
flow_201.20,58.0,3.5,0
flow_0012.11,111.5,6.5,0
flow_001.18,108.0,3.0,0
flow_00.11,103.0,3.0,0
flow_201.21,60.0,4.0,0
flow_1012.7,126.0,4.0,0
flow_3012.10,137.0,4.5,0
flow_3012.11,133.0,4.0,0
flow_301.17,115.5,3.0,0
flow_101.15,117.5,4.5,0
flow_201.22,71.0,3.5,0
flow_0012.12,111.5,6.5,0
flow_0012.13,108.5,4.0,0
flow_00.12,103.0,3.0,0
flow_201.23,59.0,4.5,0
flow_101.16,129.5,3.5,0
flow_301.18,131.0,3.5,0
flow_10.13,110.5,3.0,0
flow_30.14,126.5,3.0,0
flow_30.15,114.0,3.0,0
flow_1012.8,112.5,6.0,0
flow_0012.14,108.0,4.0,0
flow_001.19,105.5,2.5,0
flow_201.24,77.0,7.0,0
flow_0012.15,105.0,4.0,0
flow_301.19,130.0,3.5,0
flow_101.17,126.5,4.0,0
flow_101.18,113.5,3.5,0
flow_301.20,114.0,3.5,0
flow_1012.9,111.0,4.0,0
flow_30.16,112.0,6.0,0
flow_001.20,108.0,3.5,0
flow_201.25,95.0,4.0,0
flow_20.2,92.5,3.0,0
flow_2012.9,55.5,3.5,0
flow_0012.16,110.5,6.0,0
flow_10.14,124.5,4.0,0
flow_30.17,125.5,4.0,0
flow_10.15,111.5,3.0,0
flow_10.16,108.5,3.0,0
flow_301.21,113.5,3.5,0
flow_301.22,108.0,3.5,0
flow_201.26,64.5,3.5,0
flow_001.21,124.5,3.5,0
flow_2012.10,62.5,4.0,0
flow_20.3,54.5,3.0,0
flow_001.22,116.0,7.0,0
flow_3012.12,109.0,4.5,0
flow_10.17,127.5,6.5,0
flow_301.23,107.0,3.0,0
flow_101.19,113.0,3.5,0
flow_301.24,104.0,3.0,0
flow_1012.10,109.5,4.5,0
flow_001.23,131.0,3.5,0
flow_201.27,67.5,3.5,0
flow_20.4,55.5,3.0,0
flow_001.24,128.0,3.0,0
flow_00.13,113.0,3.0,0
flow_201.28,56.5,3.0,0
flow_301.25,108.5,3.5,0
flow_10.18,108.5,4.0,0
flow_1012.11,106.5,3.5,0
flow_301.26,110.5,6.5,0
flow_1012.12,106.5,5.0,0
flow_20.5,63.0,4.0,0
flow_001.25,130.5,3.5,0
flow_00.14,126.5,3.0,0
flow_201.29,57.5,3.0,0
flow_001.26,115.5,3.0,0
flow_201.30,33.5,3.0,0
flow_10.19,107.5,4.0,0
flow_301.27,123.5,3.5,0
flow_30.18,111.5,3.0,0
flow_101.20,107.0,3.0,0
flow_1012.13,104.0,3.5,0
flow_3012.13,110.5,4.0,0
flow_00.15,129.5,4.0,0
flow_201.31,35.5,3.5,0
flow_20.6,33.5,3.0,0
flow_001.27,129.0,3.0,0
flow_001.28,115.5,3.0,0
flow_2012.11,28.0,4.5,0
flow_301.28,125.5,3.5,0
flow_1012.14,111.5,6.5,0
flow_1012.15,109.0,4.5,0
flow_30.19,115.0,4.5,0
flow_101.21,104.5,3.0,0
flow_20.7,41.0,4.0,0
flow_001.29,129.5,3.5,0
flow_0012.17,113.5,4.0,0
flow_00.16,105.0,2.5,0
flow_2012.12,43.0,4.5,0
flow_201.32,41.5,3.5,0
flow_30.20,130.0,4.0,0
flow_101.22,109.0,3.5,0
flow_3012.14,130.0,4.0,0
flow_101.23,110.5,7.0,0
flow_3012.15,119.0,5.5,0
flow_00.17,108.0,4.0,0
flow_20.8,57.0,4.0,0
flow_001.30,106.5,3.0,0
flow_201.33,50.0,3.0,0
flow_201.34,43.0,3.0,0
flow_001.31,106.0,3.5,0
flow_3012.16,131.5,4.5,0
flow_101.24,128.5,7.5,0
flow_1012.16,115.0,3.5,0
flow_3012.17,132.5,5.5,0
flow_201.35,60.0,3.5,0
flow_001.32,109.0,3.5,0
flow_0012.18,107.0,4.0,0
flow_00.18,103.0,3.0,0
flow_20.9,61.5,6.0,0
flow_20.10,54.0,4.0,0
flow_10.20,130.5,4.0,0
flow_30.21,136.0,4.0,0
flow_301.29,133.0,3.5,0
flow_101.25,131.0,3.5,0
flow_3012.18,117.0,4.0,0
flow_101.26,119.5,6.5,0
flow_201.36,70.0,3.5,0
flow_0012.19,112.0,6.5,0
flow_001.33,108.5,3.0,0
flow_00.19,104.0,3.0,0
flow_201.37,65.5,3.5,0
flow_101.27,132.0,3.5,0
flow_301.30,132.5,4.0,0
flow_1012.17,129.5,4.0,0
flow_30.22,131.0,6.0,0
flow_101.28,115.0,3.0,0
flow_301.31,116.5,3.5,0
flow_201.38,82.5,3.5,0
flow_001.34,109.0,3.5,0
flow_0012.20,106.5,3.5,0
flow_201.39,76.0,6.5,0
flow_0012.21,107.5,5.0,0
flow_3012.19,127.5,4.5,0
flow_10.21,133.0,6.5,0
flow_301.32,112.0,3.0,0
flow_10.22,129.0,4.0,0
flow_101.29,116.0,2.5,0
flow_00.20,108.0,4.0,0
flow_2012.13,95.5,7.5,0
flow_201.40,94.5,3.5,0
flow_001.35,111.5,3.0,0
flow_3012.20,132.0,4.5,0
flow_1012.18,129.5,4.5,0
flow_3012.21,128.5,4.0,0
flow_30.23,114.5,3.0,0
flow_101.30,114.0,4.0,0
flow_2012.14,106.5,4.5,0
flow_00.21,127.5,6.5,0
flow_2012.15,91.0,5.5,0
flow_3012.22,130.0,4.5,0
flow_101.31,130.5,7.5,0
flow_301.33,113.0,3.0,0
flow_301.34,110.0,3.0,0
flow_1012.19,118.5,5.0,0
flow_001.36,136.5,4.0,0
flow_201.41,106.0,3.5,0
flow_001.37,134.5,3.0,0
flow_201.42,105.5,3.0,0
flow_001.38,130.5,2.5,0
flow_2012.16,105.5,5.5,0
flow_301.35,125.5,3.5,0
flow_1012.20,133.5,6.5,0
flow_30.24,113.0,3.5,0
flow_101.32,128.5,3.0,0
flow_101.33,116.0,3.0,0
flow_2012.17,117.5,4.5,0
flow_0012.22,138.5,5.0,0
flow_20.11,110.0,3.0,0
flow_00.22,134.0,3.0,0
flow_001.39,130.5,3.0,0
flow_201.43,110.5,3.0,0
flow_1012.21,132.0,4.5,0
flow_3012.23,131.5,4.5,0
flow_30.25,126.5,3.0,0
flow_101.34,129.5,3.0,0
flow_301.36,115.5,3.0,0
flow_1012.22,119.0,5.0,0
flow_0012.23,138.0,4.5,0
flow_001.40,135.5,3.0,0
flow_201.44,130.5,7.5,0
flow_001.41,134.0,4.0,0
flow_2012.18,133.5,6.0,0
flow_301.37,128.0,3.5,0
flow_101.35,131.5,3.5,0
flow_101.36,128.0,3.0,0
flow_10.23,112.5,3.0,0
flow_301.38,113.5,3.5,0
flow_301.39,111.0,3.5,0
flow_201.45,136.5,3.5,0
flow_0012.24,137.5,6.5,0
flow_001.42,130.5,3.0,0
flow_201.46,134.5,3.5,0
flow_001.43,116.0,3.0,0
flow_1012.23,127.0,4.0,0
flow_30.26,127.5,6.5,0
flow_101.37,109.5,3.0,0
flow_30.27,113.5,4.0,0
flow_101.38,105.5,3.5,0
flow_3012.24,114.0,5.0,0
flow_201.47,137.0,3.5,0
flow_0012.25,113.0,6.5,0
flow_001.44,108.5,3.0,0
flow_201.48,122.0,4.0,0
flow_0012.26,106.0,4.0,0
flow_301.40,126.0,3.5,0
flow_101.39,110.0,4.0,0
flow_10.24,104.5,3.0,0
flow_30.28,110.0,3.0,0
flow_10.25,101.0,3.0,0
flow_301.41,106.0,2.5,0
flow_20.12,136.0,4.0,0
flow_001.45,109.0,3.5,0
flow_2012.19,121.0,4.0,0
flow_201.49,116.0,3.0,0
flow_001.46,110.5,6.5,0
flow_30.29,107.5,4.0,0
flow_101.40,109.0,3.5,0
flow_301.42,106.5,3.0,0
flow_101.41,107.0,3.0,0
flow_301.43,105.0,3.5,0
flow_101.42,105.0,3.5,0
flow_001.47,125.5,3.5,0
flow_201.50,115.0,3.5,0
flow_00.23,111.5,3.0,0
flow_201.51,109.5,3.5,0
flow_001.48,110.5,3.0,0
flow_201.52,65.0,3.5,0
flow_3012.25,109.5,4.5,0
flow_10.26,110.5,6.5,0
flow_301.44,107.0,3.0,0
flow_30.30,101.5,3.0,0
flow_101.43,108.5,3.5,0
flow_101.44,105.5,3.0,0
flow_201.53,60.5,3.5,0
flow_001.49,125.0,3.5,0
flow_001.50,112.0,3.0,0
flow_201.54,50.5,3.0,0
flow_001.51,110.0,3.5,0
flow_10.27,107.0,4.0,0
flow_301.45,109.0,3.5,0
flow_30.31,104.5,3.0,0
flow_10.28,105.0,3.0,0
flow_10.29,103.0,3.0,0
flow_301.46,103.0,3.0,0
flow_20.13,39.5,4.0,0
flow_00.24,123.5,4.0,0
flow_00.25,111.0,3.0,0
flow_201.55,39.0,3.0,0
flow_00.26,108.5,3.0,0
flow_201.56,39.5,3.5,0
flow_30.32,108.0,4.0,0
flow_101.45,110.5,4.0,0
flow_30.33,106.5,3.5,0
flow_1012.24,109.5,5.5,0
flow_3012.26,104.0,3.5,0
flow_20.14,21.5,2.0,0
flow_001.52,124.0,3.5,0
flow_001.53,112.5,3.0,0
flow_201.57,25.0,2.5,0
flow_001.54,108.0,3.5,0
flow_10.30,124.0,4.0,0
flow_301.47,108.5,3.5,0
flow_101.46,112.0,3.0,0
flow_1012.25,109.5,3.5,0
flow_3012.27,110.0,5.0,0
flow_001.55,108.5,3.5,0
flow_201.58,38.0,3.5,0
flow_20.15,29.5,3.0,0
flow_001.56,107.5,3.0,0
flow_201.59,29.5,2.5,0
flow_0012.27,107.0,5.0,0
flow_30.34,124.0,4.0,0
flow_101.47,124.5,3.5,0
flow_30.35,111.5,3.5,0
flow_1012.26,115.5,5.5,0
flow_001.57,109.5,3.5,0
flow_201.60,33.0,3.5,0
flow_00.27,105.5,3.0,0
flow_0012.28,103.5,3.5,0
flow_10.31,129.0,4.0,0
flow_301.48,131.5,3.5,0
flow_1012.27,128.0,4.0,0
flow_101.48,115.0,3.0,0
flow_301.49,133.0,7.0,0
flow_20.16,42.0,4.0,0
flow_001.58,108.5,3.5,0
flow_20.17,36.5,3.0,0
flow_0012.29,110.5,6.0,0
flow_20.18,29.5,6.0,0
flow_10.0,23.5,2.5,0
flow_101.0,24.0,2.0,0
flow_30.0,21.0,1.5,0
flow_10.1,21.5,2.0,0
flow_20.0,36.0,4.0,0
flow_001.0,26.5,3.0,0
flow_001.1,25.0,2.5,0
flow_2012.0,34.0,5.0,0
flow_201.0,31.5,3.0,0
flow_001.2,27.0,3.0,0
flow_1012.0,39.5,4.0,0
flow_30.1,41.5,6.5,0
flow_101.1,38.5,3.0,0
flow_30.2,40.0,4.0,0
flow_10.2,37.0,3.0,0
flow_0012.0,42.5,4.0,0
flow_2012.1,49.5,4.5,0
flow_20.1,47.0,3.0,0
flow_00.0,41.5,3.0,0
flow_001.3,40.0,2.5,0
flow_201.1,35.0,2.5,0
flow_101.2,56.0,3.5,0
flow_301.0,46.0,3.5,0
flow_101.3,51.0,3.0,0
flow_301.1,27.5,3.0,0
flow_101.4,46.0,3.0,0
flow_301.2,26.5,3.0,0
flow_001.4,58.5,3.5,0
flow_201.2,52.0,3.5,0
flow_2012.2,33.5,3.5,0
flow_201.3,31.5,2.5,0
flow_00.1,60.5,6.0,0
flow_0012.1,59.5,4.5,0
flow_101.5,57.0,3.5,0
flow_301.3,44.0,3.5,0
flow_10.3,54.0,3.0,0
flow_30.3,41.5,3.0,0
flow_30.4,35.5,3.0,0
flow_1012.1,56.5,6.0,0
flow_201.4,50.0,3.5,0
flow_001.5,74.5,3.5,0
flow_0012.2,73.0,3.5,0
flow_001.6,69.0,3.0,0
flow_201.5,53.0,6.5,0
flow_10.4,66.5,4.0,0
flow_301.4,47.5,3.5,0
flow_101.6,57.5,3.5,0
flow_30.5,46.0,3.5,0
flow_3012.0,50.5,5.0,0
flow_201.6,70.5,3.5,0
flow_001.7,70.0,3.5,0
flow_201.7,69.5,3.0,0
flow_001.8,69.5,3.0,0
flow_2012.3,68.5,4.0,0
flow_001.9,72.5,7.0,0
flow_301.5,44.0,3.5,0
flow_101.7,78.5,4.0,0
flow_30.6,42.0,3.0,0
flow_10.5,75.0,3.0,0
flow_301.6,43.0,3.0,0
flow_1012.2,78.0,5.5,0
flow_2012.4,86.5,4.5,0
flow_20.2,83.5,3.0,0
flow_001.10,82.5,7.5,0
flow_001.11,80.0,3.5,0
flow_201.8,85.5,3.5,0
flow_10.6,91.0,4.0,0
flow_301.7,60.5,3.5,0
flow_101.8,91.5,3.0,0
flow_301.8,46.5,3.0,0
flow_101.9,88.0,3.0,0
flow_2012.5,101.5,4.5,0
flow_0012.3,96.5,4.5,0
flow_2012.6,84.0,4.0,0
flow_20.3,80.5,3.0,0
flow_001.12,100.0,4.0,0
flow_1012.3,105.5,4.5,0
flow_101.10,105.0,3.0,0
flow_101.11,104.0,3.0,0
flow_001.13,116.5,3.5,0
flow_201.9,96.5,3.5,0
flow_20.4,93.0,3.0,0
flow_00.2,114.5,3.0,0
flow_00.3,111.5,3.0,0
flow_2012.7,89.0,6.0,0
flow_1012.4,118.5,4.5,0
flow_3012.1,42.5,4.5,0
flow_1012.5,114.5,4.5,0
flow_301.9,34.5,7.0,0
flow_1012.6,103.5,5.5,0
flow_00.4,116.5,4.0,0
flow_2012.8,102.0,6.5,0
flow_201.10,101.0,3.0,0
flow_001.14,120.5,3.0,0
flow_10.7,107.0,4.0,0
flow_30.7,29.5,3.5,0
flow_101.12,107.0,3.0,0
flow_3012.2,28.5,5.5,0
flow_20.5,118.0,4.0,0
flow_001.15,128.0,3.5,0
flow_00.5,121.0,3.0,0
flow_201.11,112.0,3.0,0
flow_001.16,120.5,2.5,0
flow_201.12,110.0,3.0,0
flow_30.8,38.5,4.0,0
flow_101.13,114.5,3.5,0
flow_10.8,107.5,3.0,0
flow_301.10,38.5,3.0,0
flow_10.9,106.0,3.0,0
flow_301.11,37.5,3.0,0
flow_00.6,120.5,4.0,0
flow_201.13,125.5,3.5,0
flow_001.17,119.0,3.0,0
flow_2012.9,114.5,4.5,0
flow_0012.4,111.0,3.5,0
flow_301.12,46.5,3.5,0
flow_101.14,125.5,4.0,0
flow_10.10,110.5,3.0,0
flow_301.13,46.0,3.0,0
flow_10.11,108.5,3.0,0
flow_30.9,41.0,3.0,0
flow_201.14,131.0,3.5,0
flow_001.18,114.0,3.5,0
flow_001.19,112.5,3.0,0
flow_201.15,129.5,3.0,0
flow_20.6,118.5,7.0,0
flow_0012.5,113.0,5.0,0
flow_30.10,57.5,4.0,0
flow_101.15,126.5,4.0,0
flow_10.12,111.0,3.0,0
flow_301.14,57.0,3.0,0
flow_10.13,108.0,3.0,0
flow_301.15,54.0,3.0,0
flow_001.20,125.5,3.5,0
flow_201.16,132.5,4.0,0
flow_0012.6,108.5,4.0,0
flow_00.7,75.5,3.0,0
flow_201.17,132.5,7.0,0
flow_30.11,70.0,4.0,0
flow_10.14,124.5,4.0,0
flow_101.16,111.5,3.0,0
flow_3012.3,73.0,4.5,0
flow_30.12,69.5,3.0,0
flow_2012.10,136.0,4.5,0
flow_20.7,129.5,3.0,0
flow_00.8,97.0,6.5,0
flow_001.21,91.0,3.5,0
flow_201.18,115.0,3.0,0
flow_00.9,80.0,3.0,0
flow_101.17,130.0,3.5,0
flow_301.16,73.5,3.5,0
flow_301.17,69.5,3.0,0
flow_101.18,114.0,3.5,0
flow_301.18,69.0,3.0,0
flow_101.19,110.5,3.5,0
flow_201.19,131.5,3.5,0
flow_001.22,90.5,3.5,0
flow_00.10,88.5,3.0,0
flow_201.20,130.0,3.5,0
flow_001.23,88.5,3.0,0
flow_201.21,116.0,3.5,0
flow_1012.7,124.5,4.0,0
flow_3012.4,51.0,4.5,0
flow_10.15,111.0,3.0,0
flow_301.19,51.5,3.0,0
flow_101.20,110.0,3.0,0
flow_301.20,38.0,3.5,0
flow_001.24,105.0,3.5,0
flow_201.22,129.5,3.5,0
flow_001.25,102.0,3.0,0
flow_00.11,95.5,3.0,0
flow_201.23,114.5,3.5,0
flow_2012.11,113.5,6.0,0
flow_1012.8,125.0,4.0,0
flow_10.16,112.0,3.0,0
flow_301.21,58.0,7.0,0
flow_10.17,109.0,3.0,0
flow_30.13,56.5,3.5,0
flow_00.12,106.5,4.0,0
flow_201.24,125.5,3.5,0
flow_2012.12,113.5,4.0,0
flow_0012.7,107.0,4.5,0
flow_201.25,108.5,3.0,0
flow_001.26,79.5,3.0,0
flow_10.18,124.0,4.0,0
flow_301.22,74.0,3.5,0
flow_301.23,74.0,3.0,0
flow_101.21,113.0,3.0,0
flow_301.24,72.5,3.0,0
flow_101.22,110.0,3.5,0
flow_00.13,93.0,4.0,0
flow_201.26,109.5,3.5,0
flow_0012.8,79.0,4.5,0
flow_20.8,109.5,6.5,0
flow_001.27,76.5,3.0,0
flow_201.27,106.0,3.5,0
flow_101.23,109.5,3.5,0
flow_301.25,90.5,3.5,0
flow_30.14,87.5,3.0,0
flow_10.19,105.5,3.0,0
flow_101.24,102.5,2.5,0
flow_3012.5,91.0,5.0,0
flow_0012.9,94.0,4.5,0
flow_001.28,93.0,3.0,0
flow_201.28,113.5,7.5,0
flow_001.29,92.0,3.0,0
flow_201.29,111.0,3.5,0
flow_30.15,104.0,4.0,0
flow_101.25,109.5,3.5,0
flow_301.26,76.0,3.0,0
flow_3012.6,73.5,3.5,0
flow_1012.9,110.0,5.0,0
flow_00.14,107.0,4.0,0
flow_201.30,124.5,3.5,0
flow_0012.10,89.0,3.5,0
flow_00.15,83.0,3.0,0
flow_201.31,115.5,6.5,0
flow_3012.7,91.0,4.5,0
flow_30.16,79.0,3.0,0
flow_101.26,130.0,7.5,0
flow_3012.8,80.5,4.0,0
flow_20.9,130.0,4.0,0
flow_001.30,75.0,3.5,0
flow_2012.13,128.5,3.5,0
flow_20.10,114.0,3.0,0
flow_001.31,77.0,6.5,0
flow_101.27,136.5,3.5,0
flow_3012.9,98.0,5.5,0
flow_3012.10,69.5,4.0,0
flow_301.27,68.0,3.0,0
flow_101.28,140.5,4.0,0
flow_201.32,131.0,3.5,0
flow_001.32,93.5,3.5,0
flow_0012.11,78.5,4.0,0
flow_001.33,75.5,2.5,0
flow_201.33,133.0,7.0,0
flow_10.20,152.0,4.0,0
flow_301.28,57.0,3.5,0
flow_101.29,139.5,3.0,0
flow_301.29,56.5,3.0,0
flow_101.30,138.0,3.0,0
flow_301.30,53.5,3.0,0
flow_201.34,136.5,3.5,0
flow_001.34,80.5,3.5,0
flow_00.16,68.0,3.0,0
flow_201.35,134.0,3.0,0
flow_20.11,129.5,3.0,0
flow_00.17,67.0,3.0,0
flow_101.31,154.0,3.5,0
flow_101.32,141.5,3.5,0
flow_1012.10,137.5,3.5,0
flow_001.35,86.0,3.5,0
flow_20.12,135.0,4.0,0
flow_20.13,129.5,3.5,0
flow_001.36,86.0,3.0,0
flow_201.36,115.5,3.0,0
flow_001.37,85.5,3.5,0
flow_3012.11,40.5,4.5,0
flow_101.33,157.0,7.0,0
flow_3012.12,37.0,5.0,0
flow_1012.11,145.0,4.0,0
flow_2012.14,129.0,4.5,0
flow_0012.12,102.0,4.5,0
flow_20.14,111.5,3.0,0
flow_001.38,101.0,3.0,0
flow_201.37,110.0,3.0,0
flow_0012.13,102.5,5.0,0
flow_1012.12,156.5,4.0,0
flow_10.21,136.0,3.0,0
flow_30.17,46.5,6.5,0
flow_301.31,41.0,3.0,0
flow_10.22,114.0,3.0,0
flow_301.32,42.0,3.5,0
flow_001.39,109.0,3.5,0
flow_201.38,126.0,3.5,0
flow_201.39,112.5,3.0,0
flow_001.40,107.0,3.0,0
flow_2012.15,107.5,4.0,0
flow_001.41,108.0,7.0,0
flow_101.34,127.5,3.5,0
flow_301.33,23.5,2.0,0
flow_101.35,113.0,3.0,0
flow_101.36,110.5,3.5,0
flow_20.15,107.5,4.0,0
flow_001.42,109.0,3.5,0
flow_001.43,106.5,3.0,0
flow_201.40,107.5,3.0,0
flow_001.44,103.5,3.0,0
flow_201.41,104.0,3.0,0
flow_10.23,123.5,4.0,0
flow_301.34,42.5,3.5,0
flow_1012.13,113.5,4.0,0
flow_301.35,44.5,7.0,0
flow_1012.14,114.0,5.5,0
flow_201.42,108.5,3.5,0
flow_001.45,109.5,3.5,0
flow_20.16,105.5,3.0,0
flow_001.46,107.0,3.0,0
flow_2012.16,104.0,4.0,0
flow_001.47,108.0,7.0,0
flow_30.18,59.0,4.0,0
flow_1012.15,128.0,7.5,0
flow_10.24,111.5,3.5,0
flow_301.36,55.0,3.0,0
flow_2012.17,109.5,4.5,0
flow_0012.14,111.0,5.0,0
flow_001.48,107.5,3.0,0
flow_201.43,108.5,3.5,0
flow_0012.15,104.5,4.0,0
flow_201.44,109.0,7.0,0
flow_301.37,45.0,3.5,0
flow_1012.16,129.5,6.5,0
flow_10.25,113.5,3.5,0
flow_301.38,42.0,4.0,0
flow_10.26,110.5,3.0,0
flow_00.18,107.5,4.0,0
flow_201.45,108.5,3.5,0
flow_20.17,105.5,3.0,0
flow_00.19,105.0,3.0,0
flow_00.20,101.5,3.0,0
flow_201.46,105.5,3.5,0
flow_30.19,59.0,4.0,0
flow_10.27,125.0,4.0,0
flow_101.37,113.0,3.0,0
flow_3012.13,63.0,5.0,0
flow_301.39,50.5,3.0,0
flow_2012.18,109.5,4.5,0
flow_001.49,112.5,7.5,0
flow_2012.19,109.5,5.0,0
flow_0012.16,110.0,4.0,0
flow_30.20,53.0,4.0,0
flow_101.38,130.5,3.5,0
flow_10.28,128.0,3.0,0
flow_301.40,54.5,3.5,0
flow_10.29,114.0,3.0,0
flow_201.47,125.5,3.5,0
flow_001.50,127.0,4.0,0
flow_2012.20,114.0,4.5,0
flow_201.48,110.0,3.0,0
flow_001.51,116.5,7.0,0
flow_3012.14,29.0,4.0,0
flow_101.39,134.5,7.0,0
flow_101.40,131.5,3.0,0
flow_201.49,125.5,3.5,0
flow_001.52,131.5,3.5,0
flow_0012.17,128.5,4.0,0
flow_00.21,113.5,3.0,0
flow_201.50,116.0,7.0,0
flow_301.41,25.0,2.5,0
flow_10.30,136.0,4.0,0
flow_1012.17,132.0,4.0,0
flow_101.41,115.0,3.0,0
flow_301.42,26.5,3.0,0
flow_00.22,130.0,4.0,0
flow_201.51,130.5,3.5,0
flow_001.53,128.0,3.0,0
flow_201.52,128.5,3.5,0
flow_00.23,113.5,3.0,0
flow_201.53,116.0,3.5,0
flow_1012.18,130.5,4.0,0
flow_10.31,126.5,3.0,0
flow_301.43,39.0,7.0,0
flow_101.42,115.0,3.0,0
flow_301.44,40.5,4.0,0
flow_201.54,131.5,3.5,0
flow_0012.18,134.0,6.5,0
flow_20.18,129.0,3.5,0
flow_001.54,129.5,3.0,0
flow_00.24,112.0,3.0,0
flow_30.21,50.5,4.0,0
flow_101.43,129.5,3.5,0
flow_101.44,113.5,3.0,0
flow_10.32,107.5,3.0,0
flow_301.45,52.0,3.5,0
flow_30.22,37.5,3.0,0
flow_0012.19,126.5,4.5,0
flow_201.55,140.5,7.0,0
flow_0012.20,115.5,5.0,0
flow_00.25,107.5,3.5,0
flow_101.45,125.0,3.5,0
flow_301.46,56.0,3.5,0
flow_30.23,54.5,3.0,0
flow_101.46,110.0,3.0,0
flow_30.24,53.5,3.0,0
flow_10.33,105.0,3.0,0
flow_00.26,107.0,4.0,0
flow_201.56,157.5,3.5,0
flow_00.27,106.0,3.0,0
flow_201.57,140.5,3.0,0
flow_001.55,104.0,3.0,0
flow_201.58,139.0,3.5,0
flow_101.47,109.5,3.5,0
flow_301.47,73.0,3.5,0
flow_30.25,70.5,3.0,0
flow_101.48,107.5,3.5,0
flow_3012.15,71.0,4.0,0
flow_101.49,107.5,7.0,0
flow_201.59,152.5,3.5,0
flow_001.56,109.0,3.5,0
flow_201.60,140.0,3.0,0
flow_001.57,107.0,3.0,0
flow_2012.21,135.5,4.0,0
flow_00.28,106.0,6.0,0
flow_101.50,108.5,3.5,0
flow_301.48,89.0,4.0,0
flow_30.26,59.5,3.0,0
flow_10.34,106.0,3.0,0
flow_30.27,35.5,3.0,0
flow_1012.19,106.5,6.0,0
flow_001.58,109.0,3.5,0
flow_201.61,138.5,4.0,0
flow_2012.22,135.0,4.0,0
flow_201.62,133.0,3.5,0
flow_001.59,110.5,7.0,0
flow_1012.20,109.5,4.5,0
flow_30.28,22.5,2.0,0
flow_101.51,106.5,3.0,0
flow_1012.21,104.5,3.5,0
flow_00.29,123.0,4.0,0
flow_20.19,135.0,4.0,0
flow_201.63,131.5,3.0,0
flow_001.60,112.5,3.0,0
flow_00.30,107.5,3.0,0
flow_201.64,113.0,3.5,0
flow_1012.22,110.0,4.5,0
flow_101.52,106.5,3.0,0
flow_301.49,50.0,7.5,0
flow_101.53,104.0,3.0,0
flow_301.50,49.5,3.5,0
flow_001.61,124.0,3.5,0
flow_201.65,109.5,3.5,0
flow_20.20,105.0,3.0,0
flow_00.31,111.0,3.0,0
flow_201.66,104.0,3.0,0
flow_0012.21,112.5,5.5,0
flow_3012.16,58.0,4.0,0
flow_101.54,112.5,7.0,0
flow_301.51,56.0,3.0,0
flow_30.29,52.5,3.0,0
flow_1012.23,112.0,6.0,0
flow_00.32,124.5,4.0,0
flow_2012.23,112.0,7.5,0
flow_201.67,109.0,3.5,0
flow_001.62,118.5,3.5,0
flow_30.0,22.0,2.0,0
flow_1012.0,24.5,3.0,0
flow_30.1,21.0,2.0,0
flow_101.0,27.0,3.0,0
flow_001.0,40.0,3.5,0
flow_201.0,34.5,4.0,0
flow_001.1,39.0,3.0,0
flow_00.0,36.5,3.0,0
flow_201.1,33.0,3.5,0
flow_30.2,40.0,4.0,0
flow_301.0,41.0,3.0,0
flow_3012.0,40.0,3.5,0
flow_201.2,40.0,3.5,0
flow_001.2,47.5,3.5,0
flow_0012.0,46.5,4.0,0
flow_2012.0,40.0,4.0,0
flow_20.0,36.5,3.0,0
flow_001.3,46.5,3.5,0
flow_301.1,57.0,3.5,0
flow_301.2,53.0,3.0,0
flow_301.3,48.0,3.0,0
flow_1012.1,27.5,4.5,0
flow_001.4,64.0,3.5,0
flow_2012.1,59.5,6.5,0
flow_2012.2,57.5,4.5,0
flow_00.1,58.0,4.5,0
flow_201.3,52.5,3.0,0
flow_301.4,52.0,4.0,0
flow_301.5,50.5,3.0,0
flow_301.6,47.0,3.0,0
flow_2012.3,69.0,4.5,0
flow_001.5,78.5,7.0,0
flow_20.1,67.0,3.5,0
flow_2012.4,64.0,4.0,0
flow_00.2,77.0,5.5,0
flow_10.0,26.0,3.0,0
flow_3012.1,63.5,7.0,0
flow_301.7,61.5,3.0,0
flow_301.8,61.0,2.5,0
flow_201.4,75.5,3.5,0
flow_0012.1,91.0,6.5,0
flow_2012.5,70.5,4.0,0
flow_00.3,84.5,4.0,0
flow_201.5,69.0,3.0,0
flow_3012.2,76.0,4.0,0
flow_3012.3,77.5,4.0,0
flow_3012.4,67.5,4.5,0
flow_101.1,33.0,7.0,0
flow_00.4,102.5,4.0,0
flow_20.2,65.5,4.0,0
flow_2012.6,64.0,4.0,0
flow_0012.2,82.0,4.0,0
flow_00.5,72.5,2.5,0
flow_20.3,62.0,2.5,0
flow_10.1,23.5,2.5,0
flow_301.9,84.5,3.5,0
flow_3012.5,74.0,3.5,0
flow_3012.6,66.5,3.5,0
flow_00.6,90.0,4.0,0
flow_201.6,73.0,3.5,0
flow_201.7,72.5,3.0,0
flow_001.6,90.0,3.0,0
flow_001.7,71.0,3.5,0
flow_201.8,63.5,3.5,0
flow_301.10,85.5,4.0,0
flow_30.3,73.0,3.0,0
flow_301.11,72.5,2.5,0
flow_00.7,83.5,4.0,0
flow_20.4,67.5,4.0,0
flow_20.5,56.5,3.0,0
flow_001.8,83.5,2.5,0
flow_201.9,34.0,3.0,0
flow_001.9,78.5,3.5,0
flow_10.2,38.0,4.0,0
flow_301.12,91.5,3.5,0
flow_301.13,91.0,3.0,0
flow_301.14,89.0,3.0,0
flow_00.8,75.0,4.0,0
flow_201.10,51.5,3.5,0
flow_00.9,74.5,3.0,0
flow_201.11,50.5,3.0,0
flow_001.10,65.5,3.0,0
flow_201.12,49.5,3.0,0
flow_30.4,102.5,4.0,0
flow_301.15,96.5,3.0,0
flow_101.2,25.5,2.5,0
flow_3012.7,83.5,4.5,0
flow_201.13,66.5,3.5,0
flow_0012.3,86.0,6.5,0
flow_0012.4,84.5,4.5,0
flow_001.11,79.0,3.0,0
flow_201.14,69.0,4.0,0
flow_301.16,99.0,3.5,0
flow_1012.2,46.0,6.0,0
flow_30.5,97.0,3.5,0
flow_101.3,32.0,3.0,0
flow_00.10,83.5,4.0,0
flow_20.6,71.0,4.0,0
flow_001.12,83.5,2.5,0
flow_2012.7,74.0,4.5,0
flow_201.15,69.5,3.0,0
flow_3012.8,118.5,4.5,0
flow_30.6,110.5,3.0,0
flow_301.17,97.0,3.0,0
flow_20.7,84.5,4.0,0
flow_001.13,106.0,3.5,0
flow_2012.8,86.0,4.0,0
flow_0012.5,106.0,4.0,0
flow_20.8,82.5,3.0,0
flow_001.14,104.0,3.0,0
flow_301.18,109.0,3.5,0
flow_301.19,107.5,3.0,0
flow_301.20,106.0,3.0,0
flow_00.11,114.5,4.0,0
flow_201.16,92.0,3.5,0
flow_00.12,110.5,3.0,0
flow_2012.9,93.5,6.0,0
flow_301.21,123.5,3.5,0
flow_1012.3,28.5,4.5,0
flow_301.22,116.0,4.0,0
flow_001.15,129.5,3.5,0
flow_201.17,105.0,3.5,0
flow_001.16,128.5,3.0,0
flow_201.18,106.0,3.5,0
flow_20.9,68.0,3.0,0
flow_001.17,115.5,3.5,0
flow_30.7,130.0,4.0,0
flow_3012.9,128.5,3.5,0
flow_30.8,114.5,3.0,0
flow_00.13,126.0,4.0,0
flow_201.19,77.5,3.5,0
flow_0012.6,126.5,4.0,0
flow_00.14,113.5,3.0,0
flow_201.20,69.5,7.0,0
flow_3012.10,129.5,4.5,0
flow_301.23,112.0,3.0,0
flow_301.24,110.0,3.0,0
flow_001.18,129.5,3.5,0
flow_201.21,78.5,3.5,0
flow_2012.10,77.5,4.0,0
flow_201.22,65.0,3.0,0
flow_001.19,117.5,7.0,0
flow_1012.4,28.0,4.0,0
flow_301.25,128.5,6.5,0
flow_301.26,115.5,3.0,0
flow_101.4,25.5,2.5,0
flow_20.10,63.5,4.0,0
flow_001.20,132.5,3.5,0
flow_00.15,127.0,3.0,0
flow_20.11,62.5,3.0,0
flow_201.23,62.0,2.5,0
flow_001.21,116.0,3.0,0
flow_10.3,40.0,4.0,0
flow_301.27,131.5,3.5,0
flow_30.9,127.5,3.0,0
flow_101.5,38.0,3.0,0
flow_301.28,114.0,2.5,0
flow_101.6,31.5,3.0,0
flow_20.12,74.5,4.0,0
flow_00.16,127.0,4.0,0
flow_20.13,74.0,3.0,0
flow_00.17,111.0,3.0,0
flow_001.22,109.5,3.0,0
flow_201.24,75.5,3.0,0
flow_30.10,126.5,4.0,0
flow_101.7,43.0,3.5,0
flow_30.11,110.5,3.0,0
flow_3012.11,109.5,3.5,0
flow_20.14,80.0,4.0,0
flow_001.23,125.0,3.5,0
flow_0012.7,112.5,4.0,0
flow_2012.11,80.0,4.5,0
flow_2012.12,78.5,4.5,0
flow_30.12,124.5,4.0,0
flow_3012.12,113.0,4.0,0
flow_30.13,108.5,3.0,0
flow_201.25,79.5,3.5,0
flow_001.24,132.0,3.5,0
flow_20.15,79.0,3.0,0
flow_001.25,130.0,3.5,0
flow_201.26,78.0,3.0,0
flow_0012.8,118.5,5.5,0
flow_30.14,124.5,4.0,0
flow_301.29,110.0,3.0,0
flow_30.15,103.5,3.0,0
flow_0012.9,128.5,4.5,0
flow_00.18,111.0,3.0,0
flow_201.27,96.0,7.5,0
flow_001.26,109.0,2.5,0
flow_2012.13,95.5,4.0,0
flow_30.16,107.5,4.0,0
flow_101.8,35.0,3.5,0
flow_301.30,107.0,3.0,0
flow_3012.13,104.5,4.0,0
flow_2012.14,90.5,4.5,0
flow_20.16,89.5,3.0,0
flow_001.27,129.0,7.0,0
flow_20.17,80.5,3.0,0
flow_30.17,107.0,4.0,0
flow_30.18,105.5,3.0,0
flow_301.31,102.5,2.5,0
flow_0012.10,136.5,4.5,0
flow_001.28,134.0,3.0,0
flow_201.28,100.0,3.5,0
flow_001.29,133.0,3.0,0
flow_2012.15,102.5,5.5,0
flow_101.9,40.5,3.5,0
flow_301.32,109.0,3.5,0
flow_10.4,23.0,2.0,0
flow_301.33,106.5,3.0,0
flow_30.19,102.5,3.0,0
flow_20.18,111.5,4.0,0
flow_001.30,137.0,3.5,0
flow_20.19,111.0,3.0,0
flow_001.31,134.0,3.5,0
flow_0012.11,115.0,3.5,0
flow_2012.16,99.5,4.0,0
flow_3012.14,108.5,4.0,0
flow_10.5,42.0,6.5,0
flow_3012.15,110.5,6.0,0
flow_301.34,106.0,3.0,0
flow_20.20,77.5,4.0,0
flow_001.32,131.5,3.5,0
flow_2012.17,78.0,3.5,0
flow_00.19,130.5,6.0,0
flow_201.29,72.5,3.0,0
flow_001.33,117.0,3.5,0
flow_30.20,107.5,4.0,0
flow_301.35,106.0,3.0,0
flow_3012.16,103.5,3.5,0
flow_001.34,131.0,3.5,0
flow_201.30,82.0,3.5,0
flow_20.21,78.5,3.0,0
flow_001.35,129.0,3.0,0
flow_00.20,110.5,3.0,0
flow_201.31,71.0,2.5,0
flow_301.36,109.5,3.5,0
flow_301.37,108.0,3.5,0
flow_3012.17,106.0,4.5,0
flow_201.32,88.0,3.5,0
flow_001.36,110.5,3.5,0
flow_2012.18,89.0,4.0,0
flow_201.33,86.5,3.0,0
flow_001.37,113.0,7.5,0
flow_30.21,108.5,4.0,0
flow_101.10,46.5,3.5,0
flow_301.38,108.0,3.5,0
flow_30.22,102.5,3.0,0
flow_001.38,126.0,3.5,0
flow_201.34,105.5,3.5,0
flow_00.21,110.5,3.0,0
flow_20.22,102.0,3.0,0
flow_20.23,100.5,3.0,0
flow_001.39,109.5,3.0,0
flow_301.39,108.5,3.5,0
flow_101.11,43.5,4.0,0
flow_301.40,106.5,3.0,0
flow_301.41,104.0,3.5,0
flow_0012.12,124.0,4.0,0
flow_2012.19,109.0,4.5,0
flow_0012.13,112.0,3.5,0
flow_2012.20,83.0,4.5,0
flow_201.35,68.0,3.0,0
flow_001.40,111.0,3.0,0
flow_30.23,107.5,4.0,0
flow_301.42,107.0,3.0,0
flow_30.24,102.0,3.0,0
flow_2012.21,80.0,4.5,0
flow_201.36,75.5,3.0,0
flow_001.41,129.0,7.5,0
flow_201.37,56.0,3.0,0
flow_001.42,116.0,3.0,0
flow_10.6,23.5,2.0,0
flow_301.43,108.5,3.5,0
flow_3012.18,107.5,4.0,0
flow_3012.19,104.0,4.0,0
flow_00.22,131.5,4.0,0
flow_201.38,61.0,3.5,0
flow_20.24,27.0,3.0,0
flow_001.43,129.0,3.0,0
flow_201.39,25.0,2.5,0
flow_001.44,116.5,3.5,0
flow_30.25,108.0,4.0,0
flow_30.26,105.5,3.0,0
flow_301.44,105.5,3.5,0
flow_20.25,39.0,4.0,0
flow_001.45,128.0,3.5,0
flow_2012.22,38.0,3.5,0
flow_0012.14,112.5,3.5,0
flow_001.46,111.5,3.5,0
flow_201.40,38.5,3.5,0
flow_10.7,34.5,4.0,0
flow_301.45,109.0,3.5,0
flow_3012.20,107.0,3.5,0
flow_30.27,102.0,3.0,0
flow_2012.23,45.0,4.5,0
flow_201.41,44.0,3.0,0
flow_001.47,130.0,7.5,0
flow_201.42,43.0,3.0,0
flow_001.48,116.0,3.0,0
flow_30.28,107.5,4.0,0
flow_3012.21,106.5,3.5,0
flow_30.29,102.5,3.0,0
flow_00.23,129.5,4.0,0
flow_201.43,25.0,2.5,0
flow_001.49,129.0,3.0,0
flow_201.44,25.0,2.5,0
flow_00.24,111.5,3.0,0
flow_3012.22,108.0,4.0,0
flow_1012.5,43.5,4.5,0
flow_301.46,108.5,3.5,0
flow_3012.23,105.0,4.0,0
flow_201.45,44.5,3.5,0
flow_0012.15,129.0,6.5,0
flow_2012.24,43.5,3.5,0
flow_00.25,114.0,4.0,0
flow_2012.25,45.0,6.0,0
flow_10.8,41.0,3.5,0
flow_3012.24,112.5,7.5,0
flow_301.47,109.5,3.5,0
flow_2012.26,59.5,4.5,0
flow_0012.16,132.0,4.5,0
flow_20.26,58.0,3.0,0
flow_001.50,129.0,3.0,0
flow_001.51,115.5,3.0,0
flow_201.46,58.5,3.0,0
flow_30.30,110.5,3.0,0
flow_3012.25,128.0,5.0,0
flow_101.12,43.0,8.0,0
flow_3012.26,111.5,4.5,0
flow_2012.27,76.0,4.5,0
flow_001.52,136.0,7.5,0
flow_2012.28,78.5,5.5,0
flow_201.47,75.5,3.5,0
flow_30.31,123.5,4.0,0
flow_101.13,27.0,3.0,0
flow_30.32,111.5,3.0,0
flow_3012.27,109.0,3.5,0
flow_001.53,153.0,3.5,0
flow_201.48,91.0,3.5,0
flow_00.26,136.5,3.0,0
flow_201.49,90.0,3.0,0
flow_00.27,131.5,3.0,0
flow_20.27,87.5,3.0,0
flow_301.48,125.5,3.5,0
flow_301.49,112.0,3.0,0
flow_301.50,109.5,3.0,0
flow_2012.29,105.5,4.0,0
flow_201.50,105.0,3.0,0
flow_001.54,141.5,7.5,0
flow_2012.30,104.0,4.0,0
flow_3012.28,125.0,4.5,0
flow_301.51,112.0,3.0,0
flow_301.52,108.0,3.5,0
flow_001.55,158.0,3.5,0
flow_201.51,108.5,3.5,0
flow_0012.17,157.5,4.0,0
flow_20.28,109.0,5.5,0
flow_001.56,142.5,2.5,0
flow_201.52,106.0,3.0,0
flow_3012.29,109.0,4.5,0
flow_10.9,21.5,2.0,0
flow_30.33,105.5,3.0,0
flow_30.34,102.0,3.0,0
flow_2012.31,110.0,4.5,0
flow_001.57,161.0,7.5,0
flow_0012.18,144.0,4.0,0
flow_2012.32,110.0,5.5,0
flow_10.10,38.0,4.0,0
flow_30.35,108.0,4.0,0
flow_301.53,106.5,3.0,0
flow_101.14,27.0,3.0,0
flow_3012.30,107.0,6.0,0
flow_201.53,124.5,3.5,0
flow_0012.19,162.0,6.5,0
flow_001.58,158.0,3.0,0
flow_201.54,115.5,3.5,0
flow_0012.20,143.0,4.5,0
flow_3012.0,24.5,3.0,0
flow_30.0,21.0,1.5,0
flow_0012.0,30.0,4.0,0
flow_201.0,35.5,4.0,0
flow_00.0,22.0,2.0,0
flow_201.1,34.5,3.0,0
flow_10.0,40.5,4.0,0
flow_301.0,44.0,3.5,0
flow_101.0,37.5,3.0,0
flow_3012.1,45.5,5.0,0
flow_30.1,41.5,3.0,0
flow_201.2,50.5,3.5,0
flow_001.0,42.0,4.0,0
flow_20.0,39.0,3.0,0
flow_00.1,36.5,3.0,0
flow_201.3,38.0,3.0,0
flow_0012.1,36.5,6.5,0
flow_101.1,44.0,3.5,0
flow_301.1,51.0,3.5,0
flow_3012.2,47.0,3.5,0
flow_1012.0,44.0,4.0,0
flow_30.2,44.0,3.0,0
flow_101.2,43.5,3.5,0
flow_00.2,48.5,4.0,0
flow_20.1,46.0,4.0,0
flow_001.1,46.5,3.0,0
flow_2012.0,48.5,4.5,0
flow_201.4,47.0,3.0,0
flow_301.2,63.5,3.5,0
flow_101.3,45.0,3.5,0
flow_1012.1,43.5,4.0,0
flow_101.4,31.5,2.5,0
flow_301.3,67.0,6.5,0
flow_201.5,62.5,3.5,0
flow_001.2,59.5,3.5,0
flow_2012.1,62.5,4.0,0
flow_00.3,53.0,6.0,0
flow_201.6,60.5,3.0,0
flow_001.3,51.0,3.0,0
flow_3012.3,84.0,4.5,0
flow_30.3,81.0,3.0,0
flow_101.5,35.5,4.0,0
flow_301.4,82.0,3.0,0
flow_1012.2,33.0,5.0,0
flow_00.4,67.0,4.0,0
flow_2012.2,81.0,7.5,0
flow_00.5,68.5,5.0,0
flow_2012.3,83.5,7.0,0
flow_00.6,70.5,6.5,0
flow_101.6,44.5,3.5,0
flow_301.5,101.0,3.5,0
flow_1012.3,43.0,4.5,0
flow_10.1,39.0,3.0,0
flow_301.6,103.5,3.5,0
flow_00.7,81.5,4.0,0
flow_201.7,98.5,3.5,0
flow_20.2,95.0,3.0,0
flow_001.4,82.0,3.0,0
flow_201.8,97.0,3.0,0
flow_001.5,80.5,3.5,0
flow_301.7,118.5,3.5,0
flow_101.7,54.0,3.5,0
flow_3012.4,120.5,4.5,0
flow_301.8,115.0,3.0,0
flow_10.2,57.0,6.5,0
flow_10.3,51.0,4.5,0
flow_00.8,87.0,4.0,0
flow_201.9,114.5,3.5,0
flow_0012.2,86.0,4.0,0
flow_00.9,83.0,3.0,0
flow_201.10,114.5,7.0,0
flow_3012.5,131.5,4.5,0
flow_101.8,39.0,7.0,0
flow_3012.6,131.0,5.0,0
flow_301.9,117.0,3.0,0
flow_00.10,100.5,4.0,0
flow_201.11,127.5,3.5,0
flow_0012.3,98.5,4.0,0
flow_201.12,127.5,6.5,0
flow_001.6,97.0,3.5,0
flow_301.10,128.5,3.5,0
flow_101.9,41.5,3.5,0
flow_301.11,112.5,3.0,0
flow_1012.4,28.0,4.0,0
flow_301.12,114.5,7.0,0
flow_00.11,108.5,4.0,0
flow_201.13,134.5,3.5,0
flow_20.3,132.5,3.0,0
flow_001.7,105.0,3.0,0
flow_201.14,114.5,3.0,0
flow_001.8,103.0,3.0,0
flow_30.4,125.0,4.0,0
flow_101.10,43.5,3.5,0
flow_101.11,32.0,3.0,0
flow_3012.7,111.0,5.0,0
flow_30.5,104.5,3.5,0
flow_00.12,107.5,4.0,0
flow_20.4,121.0,4.0,0
flow_201.15,120.0,3.0,0
flow_001.9,104.5,3.0,0
flow_20.5,113.5,3.0,0
flow_001.10,93.0,3.0,0
flow_101.12,49.0,3.5,0
flow_301.13,110.0,4.0,0
flow_1012.5,47.0,4.5,0
flow_101.13,30.5,3.0,0
flow_301.14,111.0,4.0,0
flow_00.13,102.5,4.0,0
flow_201.16,131.5,4.0,0
flow_001.11,94.5,3.0,0
flow_201.17,117.0,3.0,0
flow_2012.4,134.0,5.5,0
flow_3012.8,126.0,4.5,0
flow_10.4,50.5,6.5,0
flow_301.15,112.0,3.0,0
flow_101.14,49.5,3.5,0
flow_3012.9,111.0,4.0,0
flow_00.14,114.0,4.0,0
flow_201.18,128.5,3.5,0
flow_0012.4,103.0,4.0,0
flow_201.19,117.0,7.0,0
flow_0012.5,96.0,5.5,0
flow_3012.10,126.0,4.5,0
flow_301.16,112.0,3.0,0
flow_101.15,69.5,7.5,0
flow_301.17,109.5,3.0,0
flow_101.16,69.5,3.0,0
flow_201.20,128.0,3.5,0
flow_001.12,107.0,3.5,0
flow_20.6,111.0,3.0,0
flow_20.7,111.0,5.0,0
flow_0012.6,110.0,7.0,0
flow_301.18,125.0,3.5,0
flow_3012.11,112.0,3.5,0
flow_1012.6,88.5,6.5,0
flow_30.6,108.0,3.0,0
flow_101.17,89.0,4.0,0
flow_201.21,125.0,3.5,0
flow_001.13,124.5,3.5,0
flow_0012.7,122.0,4.0,0
flow_2012.5,113.5,4.0,0
flow_201.22,110.5,3.0,0
flow_001.14,84.5,3.5,0
flow_301.19,125.0,3.5,0
flow_1012.7,100.5,6.5,0
flow_101.18,98.0,3.0,0
flow_301.20,114.5,3.5,0
flow_101.19,69.5,3.5,0
flow_001.15,99.0,3.5,0
flow_201.23,125.5,3.5,0
flow_2012.6,112.5,4.0,0
flow_201.24,108.5,2.5,0
flow_001.16,101.0,7.0,0
flow_3012.12,128.5,4.5,0
flow_301.21,112.0,3.0,0
flow_101.20,89.0,7.5,0
flow_301.22,109.5,3.0,0
flow_101.21,89.5,3.5,0
flow_201.25,126.0,4.0,0
flow_0012.8,121.0,7.0,0
flow_00.15,117.0,3.5,0
flow_201.26,115.5,4.0,0
flow_0012.9,118.0,4.5,0
flow_3012.13,125.5,4.5,0
flow_1012.8,104.5,4.5,0
flow_30.7,111.0,3.0,0
flow_30.8,109.0,3.0,0
flow_101.22,106.0,3.5,0
flow_101.23,104.5,3.5,0
flow_001.17,130.5,3.5,0
flow_201.27,128.5,3.5,0
flow_20.8,112.0,3.0,0
flow_001.18,128.5,3.0,0
flow_201.28,109.5,3.0,0
flow_001.19,115.5,3.0,0
flow_3012.14,126.0,4.5,0
flow_30.9,111.5,3.0,0
flow_101.24,107.5,7.5,0
flow_3012.15,110.5,4.0,0
flow_20.9,123.5,4.0,0
flow_00.16,129.5,4.0,0
flow_20.10,111.0,3.0,0
flow_001.20,112.5,3.0,0
flow_201.29,109.5,3.0,0
flow_001.21,110.5,3.5,0
flow_30.10,125.0,4.0,0
flow_101.25,123.0,3.5,0
flow_3012.16,112.0,4.0,0
flow_301.23,107.5,3.0,0
flow_101.26,117.0,7.0,0
flow_201.30,126.0,3.5,0
flow_001.22,127.0,4.0,0
flow_00.17,111.5,3.0,0
flow_201.31,113.5,3.5,0
flow_001.23,106.5,3.0,0
flow_201.32,110.5,3.5,0
flow_10.5,132.0,4.0,0
flow_301.24,109.0,3.5,0
flow_30.11,105.0,3.0,0
flow_101.27,54.0,3.0,0
flow_3012.17,104.0,4.0,0
flow_1012.9,48.0,4.0,0
flow_2012.7,125.5,4.5,0
flow_00.18,110.0,6.5,0
flow_201.33,111.5,3.0,0
flow_0012.10,108.5,4.5,0
flow_0012.11,105.5,4.0,0
flow_1012.10,58.0,4.5,0
flow_10.6,45.0,3.0,0
flow_30.12,111.0,6.5,0
flow_301.25,108.5,3.5,0
flow_1012.11,38.0,4.5,0
flow_201.34,129.0,3.5,0
flow_001.24,109.5,3.5,0
flow_0012.12,108.0,4.0,0
flow_001.25,103.5,3.0,0
flow_201.35,118.0,7.5,0
flow_301.26,125.5,3.5,0
flow_101.28,53.5,3.5,0
flow_101.29,37.0,3.0,0
flow_301.27,112.5,3.0,0
flow_30.13,108.5,3.0,0
flow_101.30,37.5,3.5,0
flow_00.19,107.5,4.0,0
flow_201.36,131.0,3.5,0
flow_0012.13,107.5,4.0,0
flow_001.26,103.5,3.0,0
flow_201.37,133.5,7.0,0
flow_30.14,124.0,4.0,0
flow_101.31,52.5,3.5,0
flow_301.28,112.5,3.0,0
flow_30.15,107.5,3.0,0
flow_101.32,52.5,3.5,0
flow_1012.12,52.0,6.0,0
flow_001.27,109.0,3.5,0
flow_2012.8,140.0,6.5,0
flow_201.38,135.5,3.0,0
flow_00.20,109.0,3.5,0
flow_201.39,133.0,3.0,0
flow_10.7,52.5,4.0,0
flow_301.29,125.0,3.5,0
flow_101.33,26.5,2.0,0
flow_301.30,113.0,3.0,0
flow_1012.13,27.5,4.0,0
flow_2012.9,138.0,4.5,0
flow_20.11,134.5,3.0,0
flow_001.28,129.5,7.5,0
flow_20.12,131.0,3.0,0
flow_001.29,116.0,3.0,0
flow_101.34,44.0,3.5,0
flow_301.31,132.0,3.5,0
flow_10.8,41.5,3.0,0
flow_301.32,129.0,3.0,0
flow_10.9,36.5,3.0,0
flow_301.33,116.5,3.5,0
flow_201.40,137.5,3.5,0
flow_001.30,133.0,4.0,0
flow_2012.10,134.0,4.0,0
flow_20.13,113.0,3.0,0
flow_00.21,130.5,6.0,0
flow_0012.14,118.0,5.5,0
flow_101.35,29.5,3.0,0
flow_3012.18,131.5,6.0,0
flow_301.34,113.5,3.0,0
flow_101.36,28.0,3.0,0
flow_301.35,111.0,3.0,0
flow_101.37,26.0,3.0,0
flow_2012.11,129.5,4.5,0
flow_20.14,110.5,3.0,0
flow_001.31,135.5,7.5,0
flow_201.41,107.0,3.0,0
flow_001.32,132.5,3.0,0
flow_3012.19,125.0,4.0,0
flow_1012.14,33.0,4.5,0
flow_301.36,113.5,3.5,0
flow_301.37,110.5,3.0,0
flow_201.42,108.0,3.5,0
flow_0012.15,140.0,6.5,0
flow_001.33,136.0,3.0,0
flow_201.43,109.0,4.0,0
flow_0012.16,134.0,4.5,0
flow_30.16,122.5,4.0,0
flow_101.38,42.5,3.5,0
flow_101.39,40.5,3.0,0
flow_301.38,112.5,3.0,0
flow_10.10,39.0,3.0,0
flow_3012.20,112.5,7.0,0
flow_2012.12,125.5,4.5,0
flow_201.44,112.0,3.0,0
flow_001.34,139.5,7.5,0
flow_00.22,134.5,3.5,0
flow_201.45,110.0,3.0,0
flow_1012.15,45.5,4.0,0
flow_301.39,113.0,7.0,0
flow_101.40,27.0,2.5,0
flow_30.17,108.5,3.5,0
flow_2012.13,126.0,4.5,0
flow_001.35,138.5,7.5,0
flow_2012.14,116.0,5.5,0
flow_201.46,111.5,3.0,0
flow_3012.21,125.5,4.5,0
flow_1012.16,34.5,4.5,0
flow_301.40,112.5,3.0,0
flow_3012.22,111.0,4.0,0
flow_201.47,126.0,3.5,0
flow_001.36,155.0,3.5,0
flow_00.23,138.5,3.0,0
flow_201.48,112.0,3.0,0
flow_20.15,107.5,3.0,0
flow_001.37,137.5,3.0,0
flow_301.41,124.5,3.5,0
flow_301.42,113.0,3.0,0
flow_301.43,110.0,3.5,0
flow_1012.17,29.0,5.0,0
flow_201.49,127.5,4.0,0
flow_0012.17,157.0,7.0,0
flow_001.38,138.5,3.0,0
flow_20.16,114.5,3.5,0
flow_001.39,134.5,3.0,0
flow_301.44,124.5,3.5,0
flow_101.41,36.5,3.5,0
flow_301.45,112.5,3.0,0
flow_101.42,34.5,3.0,0
flow_301.46,110.0,3.0,0
flow_101.43,25.0,2.5,0
flow_0012.18,138.0,5.0,0
flow_20.17,131.0,7.0,0
flow_00.24,133.0,3.0,0
flow_2012.15,117.0,5.5,0
flow_301.47,126.0,3.5,0
flow_101.44,43.0,3.5,0
flow_10.11,29.0,3.0,0
flow_301.48,110.5,3.0,0
flow_3012.23,104.5,3.5,0
flow_1012.18,29.5,4.5,0
flow_1012.19,28.5,4.5,0
flow_201.50,131.0,3.5,0
flow_001.40,153.0,3.5,0
flow_2012.16,128.0,3.5,0
flow_20.18,114.0,3.0,0
flow_001.41,141.0,6.5,0
flow_301.49,108.5,3.5,0
flow_3012.24,106.5,3.5,0
flow_10.12,25.0,5.0,0
flow_3012.25,107.0,6.0,0
flow_2012.17,131.0,4.5,0
flow_201.51,126.5,2.5,0
flow_001.42,158.0,7.0,0
flow_2012.18,116.0,4.0,0
flow_00.25,142.0,5.5,0
flow_301.50,108.5,3.5,0
flow_101.45,43.5,3.5,0
flow_10.13,42.5,3.0,0
flow_3012.26,110.5,7.0,0
flow_10.14,44.0,5.0,0
flow_2012.19,131.5,4.5,0
flow_0012.19,137.5,4.5,0
flow_2012.20,129.0,4.0,0
flow_0012.20,135.0,4.0,0
flow_201.52,115.5,3.5,0
flow_001.43,133.5,3.5,0
flow_3012.27,124.5,4.0,0
flow_10.15,61.5,6.5,0
flow_301.51,112.5,3.0,0
flow_1012.20,61.5,5.0,0
flow_10.16,48.5,3.0,0
flow_0012.21,136.0,4.0,0
flow_2012.21,129.0,4.5,0
flow_201.53,112.5,3.0,0
flow_001.44,134.5,3.0,0
flow_201.54,108.0,3.0,0
flow_001.45,131.5,3.0,0
flow_10.17,40.0,4.0,0
flow_301.52,130.5,3.5,0
flow_101.46,41.5,3.0,0
flow_3012.28,132.5,5.0,0
flow_3012.29,119.0,4.5,0
flow_20.19,108.5,4.0,0
flow_001.46,136.5,3.5,0
flow_201.55,106.5,3.0,0
flow_0012.22,135.0,5.0,0
flow_001.47,116.0,2.5,0
flow_10.18,58.5,4.0,0
flow_301.53,131.0,3.5,0
flow_101.47,49.0,3.0,0
flow_3012.30,132.0,5.0,0
flow_301.54,117.0,3.0,0
flow_201.56,125.5,3.5,0
flow_001.48,129.0,3.5,0
flow_00.26,108.5,3.0,0
flow_201.57,113.0,3.0,0
flow_20.20,108.0,3.0,0
flow_00.27,103.0,3.0,0
flow_3012.31,132.0,4.5,0
flow_101.48,73.5,7.5,0
flow_3012.32,133.0,5.5,0
flow_3012.33,119.0,5.0,0
flow_2012.22,125.5,4.5,0
flow_201.58,112.0,3.0,0
flow_001.49,113.5,7.5,0
flow_201.59,110.5,3.0,0
flow_001.50,111.0,3.5,0
flow_3012.34,130.5,4.5,0
flow_10.19,71.5,6.5,0
flow_301.55,113.0,3.0,0
flow_3012.35,108.5,4.0,0
flow_1012.21,67.0,5.0,0
flow_2012.23,126.0,4.5,0
flow_00.28,127.0,7.0,0
flow_201.60,112.5,3.0,0
flow_00.29,113.5,4.0,0
flow_00.30,110.0,3.0,0
flow_10.20,82.5,4.0,0
flow_301.56,108.5,3.5,0
flow_101.49,83.5,3.0,0
flow_301.57,106.5,3.0,0
flow_10.21,80.5,3.0,0
flow_301.58,103.5,3.0,0
flow_2012.24,130.5,4.0,0
flow_00.31,126.0,6.5,0
flow_201.61,130.0,3.5,0
flow_0012.23,116.0,5.5,0
flow_00.32,110.5,3.5,0
flow_101.50,86.5,3.5,0
flow_301.59,109.0,3.5,0
flow_10.22,84.5,3.0,0
flow_1012.22,85.0,3.5,0
flow_3012.36,110.0,7.0,0
flow_20.21,135.5,4.0,0
flow_00.33,123.0,4.0,0
flow_20.22,132.5,3.0,0
flow_001.51,112.5,3.0,0
flow_00.34,108.0,3.0,0
flow_201.62,116.5,3.5,0
flow_301.0,29.0,3.5,0
flow_3012.0,26.0,3.5,0
flow_20.0,36.5,4.0,0
flow_001.0,35.0,3.5,0
flow_20.1,28.5,3.0,0
flow_2012.0,28.5,3.5,0
flow_00.0,23.0,2.5,0
flow_1012.0,41.0,4.5,0
flow_101.0,36.5,3.0,0
flow_301.1,48.0,7.5,0
flow_101.1,33.5,3.0,0
flow_301.2,47.0,3.5,0
flow_00.1,39.0,4.0,0
flow_201.0,40.0,3.5,0
flow_00.2,33.0,3.0,0
flow_201.1,32.5,3.5,0
flow_20.2,28.5,3.0,0
flow_001.1,33.5,2.5,0
flow_30.0,61.5,4.0,0
flow_101.2,50.5,3.5,0
flow_301.3,62.0,3.0,0
flow_301.4,59.5,3.0,0
flow_20.3,42.5,4.0,0
flow_001.2,51.0,3.5,0
flow_20.4,39.5,3.0,0
flow_0012.0,54.5,6.0,0
flow_20.5,36.0,5.5,0
flow_3012.1,74.5,4.5,0
flow_301.5,73.0,3.0,0
flow_101.3,44.0,7.5,0
flow_301.6,71.0,3.0,0
flow_101.4,43.5,3.5,0
flow_201.2,51.0,3.5,0
flow_0012.1,74.0,6.5,0
flow_0012.2,69.5,4.0,0
flow_001.3,64.0,3.0,0
flow_201.3,56.0,4.0,0
flow_30.1,87.5,4.0,0
flow_10.0,56.5,4.0,0
flow_30.2,86.5,3.0,0
flow_10.1,56.0,3.0,0
flow_10.2,52.0,3.0,0
flow_301.7,86.5,3.0,0
flow_0012.3,78.0,4.5,0
flow_001.4,76.5,3.0,0
flow_201.4,76.0,7.5,0
flow_0012.4,76.5,4.0,0
flow_1012.1,66.5,4.5,0
flow_30.3,102.5,6.5,0
flow_101.5,65.5,3.0,0
flow_301.8,90.0,3.5,0
flow_101.6,52.0,3.5,0
flow_301.9,66.0,3.0,0
flow_201.5,95.5,3.5,0
flow_001.5,93.5,3.5,0
flow_2012.1,95.5,4.0,0
flow_00.3,95.0,6.0,0
flow_0012.5,93.0,4.5,0
flow_2012.2,96.5,6.5,0
flow_1012.2,69.5,4.5,0
flow_101.7,47.5,3.5,0
flow_301.10,86.5,7.5,0
flow_101.8,28.5,3.0,0
flow_301.11,85.0,3.5,0
flow_00.4,107.5,4.0,0
flow_20.6,110.0,4.0,0
flow_201.6,98.5,3.0,0
flow_2012.3,89.5,3.5,0
flow_0012.6,110.5,5.0,0
flow_10.3,42.5,4.0,0
flow_30.4,95.0,4.0,0
flow_30.5,79.5,3.5,0
flow_101.9,44.0,3.0,0
flow_301.12,79.5,3.0,0
flow_20.7,105.5,4.0,0
flow_001.6,126.5,3.5,0
flow_201.7,106.5,3.0,0
flow_20.8,102.5,3.0,0
flow_001.7,113.5,3.5,0
flow_001.8,110.5,3.0,0
flow_3012.2,91.0,4.5,0
flow_301.13,85.0,3.0,0
flow_3012.3,83.0,3.5,0
flow_201.8,123.5,4.0,0
flow_0012.7,129.0,7.0,0
flow_001.9,114.5,3.5,0
flow_201.9,124.5,4.0,0
flow_0012.8,113.0,4.5,0
flow_10.4,25.0,3.0,0
flow_30.6,100.5,4.0,0
flow_30.7,99.5,3.0,0
flow_101.10,25.5,2.5,0
flow_3012.4,84.5,3.5,0
flow_20.9,112.5,4.0,0
flow_001.10,125.5,3.5,0
flow_0012.9,113.0,4.0,0
flow_2012.4,113.5,4.0,0
flow_2012.5,110.5,4.0,0
flow_101.11,45.0,3.5,0
flow_301.14,93.5,3.5,0
flow_101.12,33.0,2.5,0
flow_301.15,94.5,3.5,0
flow_101.13,30.5,3.5,0
flow_301.16,86.5,3.0,0
flow_20.10,124.0,4.0,0
flow_001.11,131.0,3.5,0
flow_20.11,111.0,3.0,0
flow_001.12,128.0,3.0,0
flow_20.12,108.5,3.0,0
flow_00.5,114.5,3.0,0
flow_101.14,47.0,3.5,0
flow_301.17,103.0,3.5,0
flow_1012.3,47.5,4.0,0
flow_10.5,44.0,3.0,0
flow_30.8,87.0,6.0,0
flow_3012.5,87.0,5.5,0
flow_201.10,125.5,3.5,0
flow_0012.10,132.0,6.5,0
flow_001.13,113.5,3.0,0
flow_201.11,115.5,3.5,0
flow_0012.11,112.5,4.5,0
flow_301.18,98.0,3.5,0
flow_101.15,64.0,3.5,0
flow_301.19,74.5,3.0,0
flow_101.16,62.5,3.0,0
flow_30.9,67.0,3.0,0
flow_1012.4,64.0,6.5,0
flow_20.13,130.5,4.0,0
flow_00.6,125.0,4.0,0
flow_001.14,113.0,3.5,0
flow_201.12,130.0,3.5,0
flow_0012.12,110.0,4.0,0
flow_201.13,119.0,6.5,0
flow_3012.6,84.0,4.5,0
flow_1012.5,73.5,4.5,0
flow_10.6,70.0,3.0,0
flow_301.20,72.5,3.0,0
flow_10.7,61.5,3.0,0
flow_3012.7,74.0,5.5,0
flow_201.14,127.5,3.5,0
flow_001.15,125.0,3.5,0
flow_001.16,112.5,3.0,0
flow_201.15,113.0,3.0,0
flow_201.16,110.0,3.0,0
flow_001.17,110.0,3.5,0
flow_301.21,88.0,3.5,0
flow_10.8,31.5,3.5,0
flow_301.22,86.0,3.0,0
flow_3012.8,86.0,4.0,0
flow_00.7,107.5,4.0,0
flow_201.17,125.0,3.5,0
flow_0012.13,107.5,4.0,0
flow_2012.6,114.0,4.0,0
flow_0012.14,104.5,4.0,0
flow_3012.9,102.5,4.5,0
flow_301.23,101.5,3.0,0
flow_101.17,50.0,7.5,0
flow_3012.10,100.0,4.0,0
flow_201.18,131.0,3.5,0
flow_001.18,109.0,3.5,0
flow_00.8,104.5,3.0,0
flow_201.19,128.5,3.0,0
flow_0012.15,103.0,4.0,0
flow_2012.7,115.5,3.5,0
flow_301.24,109.0,3.5,0
flow_101.18,69.0,3.5,0
flow_301.25,107.0,3.0,0
flow_101.19,42.0,3.5,0
flow_3012.11,105.5,4.5,0
flow_10.9,42.0,6.5,0
flow_00.9,107.5,4.0,0
flow_201.20,128.5,3.5,0
flow_201.21,112.5,3.0,0
flow_001.19,107.5,3.0,0
flow_201.22,110.0,3.5,0
flow_0012.16,107.0,6.0,0
flow_301.26,109.5,3.5,0
flow_1012.6,56.0,7.0,0
flow_101.20,50.5,3.0,0
flow_301.27,109.5,4.0,0
flow_00.10,108.0,4.0,0
flow_201.23,124.5,3.5,0
flow_0012.17,107.5,4.0,0
flow_001.20,104.0,3.0,0
flow_201.24,117.5,7.0,0
flow_101.21,42.0,3.5,0
flow_301.28,125.0,3.5,0
flow_30.10,110.5,3.0,0
flow_101.22,27.0,3.0,0
flow_101.23,26.0,2.5,0
flow_301.29,110.0,3.0,0
flow_2012.8,131.5,4.5,0
flow_001.21,112.5,7.0,0
flow_2012.9,131.5,5.0,0
flow_201.25,117.5,3.0,0
flow_1012.7,44.0,4.5,0
flow_3012.12,126.5,4.5,0
flow_301.30,112.5,3.0,0
flow_101.24,43.5,3.0,0
flow_3012.13,110.5,3.5,0
flow_101.25,46.0,6.5,0
flow_20.14,129.0,4.0,0
flow_001.22,132.5,4.0,0
flow_20.15,111.0,3.0,0
flow_0012.18,131.5,5.5,0
flow_10.10,58.0,4.0,0
flow_30.11,124.5,4.0,0
flow_301.31,112.0,3.0,0
flow_101.26,58.5,3.0,0
flow_3012.14,110.5,4.0,0
flow_101.27,61.0,7.0,0
flow_00.11,135.0,4.0,0
flow_201.26,131.0,3.5,0
flow_20.16,127.0,3.0,0
flow_001.23,134.5,3.0,0
flow_001.24,131.5,3.0,0
flow_201.27,115.0,3.0,0
flow_30.12,124.0,4.0,0
flow_101.28,65.5,3.5,0
flow_3012.15,113.0,4.0,0
flow_301.32,106.5,3.0,0
flow_101.29,59.5,7.0,0
flow_001.25,136.5,3.5,0
flow_201.28,131.0,3.5,0
flow_00.12,133.0,3.0,0
flow_201.29,129.0,3.0,0
flow_001.26,130.5,2.5,0
flow_2012.10,117.5,5.0,0
flow_1012.8,64.0,4.5,0
flow_301.33,113.0,7.5,0
flow_101.30,54.0,3.5,0
flow_3012.16,110.5,4.0,0
flow_1012.9,52.5,4.0,0
flow_20.17,127.5,4.0,0
flow_001.27,137.0,3.5,0
flow_201.30,112.5,3.0,0
flow_001.28,135.5,3.0,0
flow_00.13,130.5,3.0,0
flow_201.31,110.5,3.5,0
flow_301.34,125.5,3.5,0
flow_101.31,66.0,3.5,0
flow_30.13,113.0,3.5,0
flow_101.32,66.5,3.5,0
flow_30.14,110.0,3.0,0
flow_101.33,65.0,3.5,0
flow_001.29,134.0,3.5,0
flow_201.32,124.5,3.5,0
flow_2012.11,112.5,4.0,0
flow_00.14,114.5,6.0,0
flow_201.33,106.0,3.0,0
flow_001.30,109.0,3.5,0
flow_3012.17,125.0,4.5,0
flow_30.15,110.5,3.0,0
flow_10.11,82.5,6.5,0
flow_30.16,108.5,3.0,0
flow_101.34,79.5,3.5,0
flow_00.15,107.0,4.0,0
flow_201.34,109.0,3.5,0
flow_001.31,107.0,3.0,0
flow_2012.12,110.5,5.0,0
flow_2012.13,107.5,4.5,0
flow_301.35,125.5,3.5,0
flow_301.36,112.0,3.0,0
flow_301.37,109.5,3.0,0
flow_00.16,123.5,4.0,0
flow_201.35,109.5,3.5,0
flow_20.18,105.0,3.0,0
flow_00.17,111.0,3.0,0
flow_2012.14,103.5,3.5,0
flow_0012.19,110.5,3.5,0
flow_30.17,124.0,4.0,0
flow_1012.10,30.5,7.0,0
flow_101.35,28.5,3.5,0
flow_301.38,114.5,3.0,0
flow_001.32,124.5,3.5,0
flow_201.36,108.0,3.5,0
flow_001.33,112.5,3.0,0
flow_201.37,107.0,3.0,0
flow_00.18,107.5,3.0,0
flow_20.19,102.0,3.0,0
flow_3012.18,126.5,4.5,0
flow_101.36,49.0,7.5,0
flow_301.39,114.0,3.5,0
flow_101.37,31.5,3.0,0
flow_301.40,110.5,3.5,0
flow_201.38,109.0,3.5,0
flow_001.34,126.0,3.5,0
flow_0012.20,112.5,4.0,0
flow_20.20,109.0,6.0,0
flow_001.35,111.5,3.5,0
flow_201.39,106.0,3.5,0
flow_1012.11,39.0,4.5,0
flow_30.18,128.0,6.5,0
flow_101.38,39.5,3.5,0
flow_30.19,114.0,4.0,0
flow_30.20,111.0,3.0,0
flow_101.39,35.0,3.5,0
flow_0012.21,126.0,4.5,0
flow_00.19,110.5,3.0,0
flow_201.40,113.0,7.5,0
flow_001.36,108.5,3.0,0
flow_201.41,110.0,3.0,0
flow_101.40,49.5,3.5,0
flow_301.41,126.0,3.5,0
flow_10.12,22.5,2.0,0
flow_301.42,113.5,3.5,0
flow_3012.19,110.5,4.0,0
flow_001.37,108.0,3.5,0
flow_201.42,124.5,3.5,0
flow_001.38,106.5,3.0,0
flow_201.43,113.0,3.0,0
flow_00.20,102.5,3.0,0
flow_201.44,111.5,3.5,0
flow_10.13,41.0,4.0,0
flow_301.43,127.0,4.0,0
flow_101.41,33.5,3.5,0
flow_301.44,110.5,3.5,0
flow_101.42,32.0,3.0,0
flow_301.45,105.0,3.5,0
flow_001.39,109.0,3.5,0
flow_201.45,125.5,3.5,0
flow_0012.22,107.5,4.0,0
flow_001.40,103.0,2.5,0
flow_201.46,116.5,7.0,0
flow_30.21,107.0,4.0,0
flow_10.14,35.5,4.0,0
flow_301.46,107.0,3.0,0
flow_301.47,104.0,3.0,0
flow_201.47,130.5,3.0,0
flow_0012.23,111.5,6.5,0
flow_2012.15,129.0,4.0,0
flow_0012.24,109.0,4.5,0
flow_2012.16,116.0,4.0,0
flow_10.15,24.0,2.5,0
flow_30.22,107.5,4.0,0
flow_301.48,106.0,3.0,0
flow_3012.20,103.5,3.5,0
flow_00.21,123.5,4.0,0
flow_2012.17,133.0,6.5,0
flow_0012.25,111.5,3.5,0
flow_20.21,131.0,3.5,0
flow_001.41,110.0,3.0,0
flow_301.49,108.5,3.5,0
flow_1012.12,38.0,5.5,0
flow_301.50,110.0,3.5,0
flow_20.22,133.5,4.0,0
flow_0012.26,129.0,7.5,0
flow_0012.27,115.0,4.5,0
flow_10.16,38.5,3.5,0
flow_301.51,127.5,4.0,0
flow_10.17,38.0,3.5,0
flow_301.52,113.5,3.5,0
flow_101.43,33.0,3.0,0
flow_301.53,111.5,3.0,0
flow_0012.28,131.5,4.5,0
flow_001.42,129.5,3.0,0
flow_201.48,158.5,4.0,0
flow_00.22,113.5,3.0,0
flow_201.49,144.0,3.0,0
flow_3012.21,126.0,4.5,0
flow_301.54,112.5,3.0,0
flow_101.44,47.5,7.5,0
flow_3012.22,110.0,4.0,0
flow_10.18,47.5,5.0,0
flow_00.23,130.5,4.0,0
flow_201.50,159.5,3.5,0
flow_00.24,128.0,3.0,0
flow_201.51,157.5,3.0,0
flow_001.43,115.0,3.0,0
flow_201.52,144.5,3.5,0
flow_301.55,124.5,3.5,0
flow_101.45,61.5,3.5,0
flow_301.56,112.5,3.0,0
flow_30.23,108.0,3.0,0
flow_10.19,21.5,2.0,0
flow_20.23,154.5,4.0,0
flow_0012.29,132.5,7.5,0
flow_0012.30,117.0,4.5,0
flow_301.57,125.0,3.5,0
flow_1012.13,37.0,6.0,0
flow_30.24,112.0,3.0,0
flow_101.46,24.0,2.5,0
flow_001.44,131.0,3.5,0
flow_201.53,165.5,3.5,0
flow_001.45,128.5,3.0,0
flow_201.54,163.0,3.0,0
flow_0012.31,114.5,3.5,0
flow_201.55,164.5,7.0,0
flow_30.25,129.0,4.5,0
flow_1012.14,30.5,6.0,0
flow_101.47,25.5,2.5,0
flow_301.58,117.0,3.0,0
flow_20.24,162.5,4.0,0
flow_001.46,128.5,3.5,0
flow_20.25,159.0,3.5,0
flow_0012.32,115.0,5.5,0
flow_20.26,142.0,5.5,0
flow_3012.23,131.5,4.5,0
flow_301.59,129.0,3.0,0
flow_101.48,43.0,4.0,0
flow_301.60,116.0,3.5,0
flow_1012.15,38.5,5.5,0
flow_001.47,131.5,3.5,0
flow_2012.18,136.0,6.5,0
flow_0012.33,129.5,4.0,0
flow_001.48,115.5,3.0,0
flow_201.56,135.0,4.0,0
flow_301.61,131.0,3.5,0
flow_101.49,41.5,3.5,0
flow_3012.24,128.5,3.5,0
flow_301.62,115.5,3.0,0
flow_101.50,42.0,6.5,0
flow_201.57,137.0,3.5,0
flow_0012.34,134.0,6.5,0
flow_00.25,128.5,3.5,0
flow_00.26,114.5,3.0,0
flow_201.58,138.0,3.5,0
flow_301.63,131.5,3.5,0
flow_101.51,52.0,3.5,0
flow_3012.25,129.0,4.0,0
flow_101.52,51.0,6.5,0
flow_3012.26,117.5,5.0,0
flow_001.49,128.0,3.5,0
flow_201.59,152.5,3.5,0
flow_2012.19,137.5,4.0,0
flow_201.60,115.0,3.0,0
flow_001.50,116.5,6.5,0
flow_301.0,26.5,2.5,0
flow_301.1,26.0,3.0,0
flow_101.0,26.5,3.0,0
flow_3012.0,27.5,4.0,0
flow_00.0,32.0,3.5,0
flow_201.0,40.0,3.5,0
flow_001.0,34.0,3.5,0
flow_001.1,32.5,3.5,0
flow_3012.1,41.0,4.0,0
flow_10.0,39.5,6.5,0
flow_30.0,40.0,3.0,0
flow_101.1,38.5,3.5,0
flow_3012.2,41.0,4.5,0
flow_00.1,47.5,4.0,0
flow_20.0,39.0,4.0,0
flow_201.1,38.5,3.0,0
flow_001.2,48.0,3.0,0
flow_201.2,37.5,3.0,0
flow_0012.0,46.0,6.0,0
flow_10.1,55.5,4.0,0
flow_3012.3,60.0,6.5,0
flow_301.2,58.5,3.0,0
flow_101.2,62.5,3.5,0
flow_201.3,54.5,3.5,0
flow_0012.1,53.0,6.5,0
flow_00.2,50.0,3.5,0
flow_20.1,49.5,3.5,0
flow_001.3,49.0,2.5,0
flow_301.3,76.0,4.0,0
flow_1012.0,80.0,5.5,0
flow_10.2,70.0,3.5,0
flow_30.1,76.5,3.5,0
flow_30.2,76.0,3.0,0
flow_101.3,61.0,3.0,0
flow_0012.2,63.0,4.5,0
flow_201.4,71.5,7.0,0
flow_001.4,60.5,3.0,0
flow_20.2,65.0,3.5,0
flow_001.5,59.5,3.0,0
flow_301.4,92.5,3.5,0
flow_101.4,78.0,3.5,0
flow_3012.4,92.0,4.0,0
flow_30.3,90.0,3.0,0
flow_101.5,78.0,6.5,0
flow_2012.0,84.0,4.5,0
flow_00.3,57.0,6.5,0
flow_201.5,79.5,2.5,0
flow_00.4,56.0,4.0,0
flow_0012.3,57.5,4.0,0
flow_1012.1,95.5,4.5,0
flow_30.4,110.0,6.5,0
flow_3012.5,108.0,4.0,0
flow_1012.2,97.5,6.0,0
flow_1012.3,96.0,4.0,0
flow_00.5,70.0,4.0,0
flow_2012.1,98.0,7.5,0
flow_0012.4,71.5,4.0,0
flow_00.6,59.0,3.0,0
flow_201.6,81.5,3.5,0
flow_10.3,109.0,4.0,0
flow_301.5,128.5,4.0,0
flow_30.5,125.5,3.0,0
flow_101.6,110.5,3.0,0
flow_3012.6,115.0,4.0,0
flow_101.7,110.5,7.0,0
flow_0012.5,78.5,4.5,0
flow_00.7,76.5,3.0,0
flow_201.7,101.0,7.0,0
flow_0012.6,78.0,4.0,0
flow_20.3,92.0,6.0,0
flow_301.6,129.0,3.5,0
flow_101.8,122.0,3.5,0
flow_1012.4,112.5,4.0,0
flow_3012.7,114.0,4.0,0
flow_1012.5,100.0,4.0,0
flow_201.8,107.0,3.5,0
flow_0012.7,91.5,6.5,0
flow_0012.8,88.5,4.5,0
flow_0012.9,87.5,4.0,0
flow_201.9,115.0,7.0,0
flow_10.4,115.5,4.0,0
flow_301.7,130.0,3.5,0
flow_30.6,127.0,3.0,0
flow_101.9,110.5,2.5,0
flow_301.8,115.0,3.0,0
flow_1012.6,109.0,5.5,0
flow_0012.10,103.0,4.5,0
flow_20.4,129.0,6.5,0
flow_001.6,101.5,2.5,0
flow_201.10,128.5,3.5,0
flow_201.11,113.5,3.0,0
flow_001.7,103.5,4.0,0
flow_30.7,130.0,4.0,0
flow_101.10,108.0,3.5,0
flow_3012.8,129.5,4.0,0
flow_30.8,113.0,3.0,0
flow_101.11,110.5,7.0,0
flow_00.8,107.5,4.0,0
flow_201.12,123.0,3.5,0
flow_001.8,106.5,3.0,0
flow_201.13,123.0,3.0,0
flow_0012.11,104.0,4.0,0
flow_201.14,125.0,7.0,0
flow_10.5,123.0,4.0,0
flow_301.9,128.0,3.5,0
flow_30.9,111.0,3.0,0
flow_101.12,113.0,3.0,0
flow_301.10,110.0,3.0,0
flow_101.13,109.5,3.0,0
flow_2012.2,135.0,4.0,0
flow_001.9,113.0,7.5,0
flow_2012.3,134.0,5.0,0
flow_0012.12,111.0,4.0,0
flow_3012.9,125.0,4.0,0
flow_101.14,128.0,7.0,0
flow_301.11,114.0,3.5,0
flow_301.12,109.5,3.5,0
flow_1012.7,118.5,5.5,0
flow_201.15,134.5,3.5,0
flow_0012.13,128.0,6.5,0
flow_2012.4,129.5,3.5,0
flow_001.10,115.5,3.5,0
flow_201.16,116.5,3.5,0
flow_301.13,110.5,3.5,0
flow_1012.8,135.0,6.5,0
flow_101.15,129.5,3.0,0
flow_10.6,115.0,3.0,0
flow_301.14,109.5,3.5,0
flow_00.9,123.5,4.0,0
flow_2012.5,127.5,7.5,0
flow_20.5,113.5,3.5,0
flow_001.11,129.0,3.5,0
flow_30.10,123.5,4.0,0
flow_101.16,131.0,3.5,0
flow_30.11,111.5,3.0,0
flow_1012.9,132.0,6.0,0
flow_20.6,130.0,4.0,0
flow_001.12,137.0,3.5,0
flow_201.17,128.0,3.0,0
flow_001.13,136.0,3.5,0
flow_001.14,130.5,3.0,0
flow_201.18,116.5,3.5,0
flow_301.15,131.5,3.5,0
flow_101.17,137.0,3.5,0
flow_1012.10,132.0,4.0,0
flow_301.16,132.5,6.5,0
flow_101.18,116.0,3.0,0
flow_20.7,131.0,4.0,0
flow_001.15,138.0,4.0,0
flow_2012.6,128.5,4.0,0
flow_001.16,138.5,7.0,0
flow_201.19,116.0,3.0,0
flow_3012.10,136.5,4.0,0
flow_10.7,133.5,6.5,0
flow_301.17,135.0,3.0,0
flow_1012.11,131.5,5.0,0
flow_101.19,113.5,2.5,0
flow_2012.7,129.0,4.0,0
flow_0012.14,154.0,4.5,0
flow_2012.8,113.0,4.0,0
flow_00.10,140.0,6.0,0
flow_0012.15,135.0,4.5,0
flow_2012.9,114.0,6.5,0
flow_10.8,110.0,3.0,0
flow_1012.12,128.5,5.0,0
flow_301.18,158.5,8.0,0
flow_30.12,142.5,3.0,0
flow_101.20,109.0,3.0,0
flow_0012.16,136.0,4.5,0
flow_001.17,130.5,3.0,0
flow_201.20,129.0,7.0,0
flow_00.11,111.0,3.0,0
flow_20.8,113.5,3.5,0
flow_10.9,123.0,4.0,0
flow_301.19,159.5,3.5,0
flow_101.21,112.0,3.0,0
flow_30.13,157.5,3.5,0
flow_30.14,142.5,3.0,0
flow_101.22,107.5,3.0,0
flow_0012.17,125.5,4.0,0
flow_20.9,130.0,6.5,0
flow_2012.10,113.5,4.0,0
flow_0012.18,114.5,5.5,0
flow_001.18,112.0,3.0,0
flow_301.20,156.5,3.5,0
flow_1012.13,111.0,6.0,0
flow_1012.14,109.5,4.5,0
flow_30.15,144.0,5.0,0
flow_101.23,105.0,3.0,0
flow_0012.19,125.5,4.5,0
flow_001.19,112.5,3.0,0
flow_201.21,135.5,7.5,0
flow_0012.20,107.0,4.0,0
flow_10.10,107.0,4.0,0
flow_301.21,156.0,3.5,0
flow_1012.15,106.5,4.0,0
flow_30.16,142.5,6.0,0
flow_1012.16,106.0,6.5,0
flow_30.17,140.0,7.5,0
flow_00.12,109.0,4.5,0
flow_201.22,156.0,4.0,0
flow_20.10,141.0,3.0,0
flow_001.20,109.0,3.5,0
flow_00.13,102.5,3.0,0
flow_3012.11,137.0,4.5,0
flow_101.24,112.5,7.5,0
flow_301.22,135.0,3.5,0
flow_3012.12,113.0,4.0,0
flow_1012.17,111.0,4.0,0
flow_001.21,109.0,3.5,0
flow_201.23,160.0,3.5,0
flow_2012.11,157.0,4.0,0
flow_001.22,111.5,7.0,0
flow_2012.12,147.5,5.5,0
flow_101.25,125.0,3.5,0
flow_301.23,125.5,3.5,0
flow_30.18,112.0,3.0,0
flow_101.26,113.0,3.0,0
flow_10.11,107.5,3.0,0
flow_30.19,109.0,3.0,0
flow_0012.21,124.5,4.0,0
flow_201.24,162.5,7.0,0
flow_001.23,113.0,3.0,0
flow_201.25,160.5,3.0,0
flow_001.24,110.5,3.5,0
flow_301.24,128.0,4.0,0
flow_1012.18,130.0,7.0,0
flow_3012.13,112.5,4.0,0
flow_1012.19,115.5,5.0,0
flow_101.27,111.0,3.0,0
flow_2012.13,163.5,4.5,0
flow_00.14,126.0,6.5,0
flow_201.26,159.0,3.0,0
flow_001.25,114.0,3.5,0
flow_2012.14,145.5,4.5,0
flow_10.12,124.0,4.0,0
flow_301.25,129.0,4.0,0
flow_10.13,111.5,3.0,0
flow_301.26,113.0,3.0,0
flow_101.28,110.0,3.0,0
flow_3012.14,112.0,5.0,0
flow_201.27,156.5,3.5,0
flow_001.26,131.5,3.5,0
flow_0012.22,129.5,4.0,0
flow_001.27,115.5,3.0,0
flow_201.28,141.5,7.0,0
flow_30.20,122.5,4.0,0
flow_10.14,124.5,4.0,0
flow_10.15,108.5,3.0,0
flow_3012.15,116.5,6.0,0
flow_201.29,135.0,3.5,0
flow_001.28,131.5,3.5,0
flow_2012.15,132.0,4.0,0
flow_00.15,131.0,6.0,0
flow_201.30,115.5,3.0,0
flow_001.29,117.0,3.5,0
flow_101.29,126.5,3.5,0
flow_301.27,131.5,3.5,0
flow_30.21,127.0,3.0,0
flow_101.30,115.0,4.0,0
flow_301.28,115.5,3.0,0
flow_101.31,112.0,3.5,0
flow_00.16,127.0,4.0,0
flow_201.31,131.0,3.5,0
flow_0012.23,112.5,4.0,0
flow_00.17,109.0,3.0,0
flow_20.11,131.0,6.0,0
flow_201.32,116.5,4.0,0
flow_1012.20,124.5,4.0,0
flow_101.32,111.5,3.0,0
flow_301.29,135.5,7.0,0
flow_101.33,109.0,3.0,0
flow_301.30,132.5,3.0,0
flow_201.33,126.0,3.5,0
flow_001.30,125.5,3.5,0
flow_201.34,112.5,3.0,0
flow_001.31,112.5,3.0,0
flow_2012.16,109.5,3.5,0
flow_0012.24,108.0,4.0,0
flow_301.31,137.0,3.5,0
flow_1012.21,127.5,6.5,0
flow_30.22,132.5,3.5,0
flow_10.16,113.0,3.5,0
flow_1012.22,111.0,4.0,0
flow_2012.17,126.0,4.5,0
flow_20.12,111.5,3.0,0
flow_00.18,112.0,6.5,0
flow_001.32,109.0,3.5,0
flow_201.35,107.0,3.0,0
flow_00.19,105.5,3.0,0
flow_1012.23,125.5,4.5,0
flow_3012.16,137.5,4.5,0
flow_1012.24,112.5,4.0,0
flow_101.34,106.5,3.0,0
flow_301.32,138.5,4.0,0
flow_0012.25,110.0,4.5,0
flow_00.20,104.5,3.0,0
flow_20.13,111.5,6.5,0
flow_201.36,108.5,3.5,0
flow_20.14,104.0,3.0,0
flow_001.33,104.0,3.0,0
flow_10.17,107.0,4.0,0
flow_30.23,152.0,4.0,0
flow_301.33,140.0,3.0,0
flow_101.35,107.0,3.0,0
flow_301.34,135.0,3.0,0
flow_101.36,104.0,3.0,0
flow_00.21,108.0,4.0,0
flow_201.37,109.0,3.5,0
flow_0012.26,108.0,4.0,0
flow_20.15,109.5,6.5,0
flow_2012.18,105.0,4.5,0
flow_0012.27,107.0,6.5,0
flow_101.37,108.5,3.5,0
flow_301.35,137.0,3.5,0
flow_10.18,105.0,3.0,0
flow_301.36,135.5,3.5,0
flow_30.24,130.0,3.0,0
flow_101.38,103.5,3.0,0
flow_20.16,107.5,4.0,0
flow_00.22,107.5,4.0,0
flow_00.23,105.5,3.0,0
flow_201.38,107.0,3.0,0
flow_001.34,103.5,3.0,0
flow_201.39,104.0,3.0,0
flow_1012.25,108.0,4.0,0
flow_301.37,138.0,7.0,0
flow_101.39,106.5,3.0,0
flow_10.19,100.5,3.0,0
flow_301.38,134.0,3.5,0
flow_00.24,107.5,4.0,0
flow_201.40,109.0,3.5,0
flow_20.17,105.5,3.0,0
flow_001.35,107.5,3.5,0
flow_201.41,105.0,3.5,0
flow_0012.28,106.5,6.0,0
flow_3012.17,136.0,4.5,0
flow_101.40,112.5,7.0,0
flow_3012.18,135.5,5.0,0
flow_1012.26,111.0,4.0,0
flow_3012.19,118.0,4.5,0
flow_201.42,108.5,3.5,0
flow_001.36,108.5,3.5,0
flow_2012.19,107.0,4.0,0
flow_201.43,103.0,3.0,0
flow_001.37,110.5,7.0,0
flow_301.39,128.0,3.5,0
flow_1012.27,129.0,6.5,0
flow_101.41,113.5,3.0,0
flow_301.40,115.5,3.5,0
flow_101.42,111.0,3.0,0
flow_201.44,109.0,3.5,0
flow_0012.29,129.5,7.0,0
flow_001.38,113.5,3.0,0
flow_00.25,109.0,3.0,0
flow_201.45,110.0,4.0,0
flow_101.43,124.5,3.5,0
flow_301.41,131.5,3.5,0
flow_30.25,128.5,3.0,0
flow_101.44,112.5,3.0,0
flow_3012.20,115.0,3.5,0
flow_1012.28,110.0,3.5,0
flow_00.26,124.0,4.0,0
flow_201.46,124.5,3.5,0
flow_001.39,113.0,3.0,0
flow_0012.30,110.0,3.5,0
flow_2012.20,116.5,5.5,0
flow_101.45,125.0,3.5,0
flow_301.42,132.0,3.5,0
flow_10.20,111.5,3.0,0
flow_301.43,129.5,3.0,0
flow_101.46,110.5,3.0,0
flow_3012.21,116.5,5.5,0
flow_201.47,130.5,3.5,0
flow_001.40,126.0,3.5,0
flow_201.48,128.0,3.0,0
flow_001.41,113.0,3.0,0
flow_201.49,115.5,3.0,0
flow_001.42,110.0,3.0,0
flow_3012.22,127.0,4.5,0
flow_30.26,110.5,3.0,0
flow_101.47,129.5,7.5,0
flow_3012.23,110.0,4.0,0
flow_10.21,114.5,5.0,0
flow_2012.21,131.0,4.0,0
flow_0012.31,126.0,4.5,0
flow_20.18,127.0,3.0,0
flow_001.43,112.5,3.0,0
flow_00.27,105.5,3.0,0
flow_201.50,115.5,3.0,0
flow_3012.24,126.0,4.5,0
flow_301.44,112.0,3.0,0
flow_101.48,130.5,7.5,0
flow_30.27,106.5,3.0,0
flow_1012.29,117.0,5.5,0
flow_2012.22,131.0,4.5,0
flow_0012.32,108.0,4.0,0
flow_20.19,128.0,3.5,0
flow_001.44,106.5,3.0,0
flow_201.51,115.0,2.5,0
flow_0012.33,105.5,5.5,0
flow_10.22,130.0,4.0,0
flow_301.45,109.5,3.5,0
flow_1012.30,128.5,4.0,0
flow_3012.25,107.5,4.0,0
flow_301.46,105.0,3.0,0
flow_101.49,117.0,3.5,0
flow_20.20,127.5,4.0,0
flow_00.28,108.5,4.0,0
flow_00.29,107.0,3.5,0
flow_2012.23,115.5,6.0,0
flow_00.30,106.5,5.5,0
flow_101.50,131.5,3.5,0
flow_301.47,109.5,3.5,0
flow_30.28,105.5,3.0,0
flow_101.51,128.5,3.0,0
flow_301.48,103.0,2.5,0
flow_1012.31,117.0,5.0,0
flow_2012.24,129.5,4.5,0
flow_0012.34,109.0,4.5,0
flow_201.52,113.0,3.0,0
flow_001.45,107.5,3.0,0
flow_2012.25,112.5,4.5,0
flow_001.46,109.0,7.0,0
flow_10.23,132.0,4.0,0
flow_301.49,109.5,3.5,0
flow_1012.32,129.0,4.0,0
flow_3012.26,107.0,4.0,0
flow_10.24,113.0,3.0,0
flow_301.50,104.0,2.5,0
flow_201.53,125.5,3.5,0
flow_0012.35,111.5,6.5,0
flow_2012.26,112.0,3.5,0
flow_0012.36,109.0,4.5,0
flow_20.21,110.0,3.0,0
flow_001.47,104.5,3.0,0
flow_301.51,109.0,3.5,0
flow_1012.33,129.0,6.5,0
flow_101.52,110.0,3.0,0
flow_301.52,108.5,3.5,0
flow_1012.34,106.5,4.5,0
flow_2012.27,125.5,4.5,0
flow_201.54,112.5,3.0,0
flow_001.48,113.5,7.5,0
flow_201.55,110.0,3.0,0
flow_00.31,110.0,3.5,0
flow_1012.0,25.5,3.5,0
flow_20.0,24.0,2.5,0
flow_001.0,33.5,4.0,0
flow_201.0,24.5,2.0,0
flow_201.1,25.0,2.5,0
flow_101.0,36.0,3.5,0
flow_301.0,38.0,3.5,0
flow_1012.1,35.5,3.5,0
flow_101.1,35.0,3.0,0
flow_301.1,39.0,6.5,0
flow_001.1,32.5,3.5,0
flow_201.2,41.0,3.5,0
flow_00.0,30.0,3.0,0
flow_2012.0,42.0,4.5,0
flow_201.3,40.0,3.0,0
flow_3012.0,47.5,4.5,0
flow_1012.2,53.5,4.5,0
flow_10.0,50.5,3.0,0
flow_301.2,34.0,3.5,0
flow_10.1,49.5,3.0,0
flow_301.3,33.0,3.5,0
flow_20.1,55.5,4.0,0
flow_0012.0,40.5,7.5,0
flow_20.2,43.0,5.0,0
flow_001.2,32.0,3.5,0
flow_20.3,40.0,3.5,0
flow_301.4,49.5,3.5,0
flow_1012.3,71.0,6.5,0
flow_101.2,70.0,3.5,0
flow_301.5,51.5,3.5,0
flow_101.3,68.5,3.5,0
flow_2012.1,57.0,4.5,0
flow_001.3,53.5,7.0,0
flow_201.4,50.0,3.0,0
flow_2012.2,42.0,4.0,0
flow_0012.1,49.5,4.0,0
flow_3012.1,58.5,4.5,0
flow_301.6,57.5,3.0,0
flow_101.4,81.5,7.5,0
flow_3012.2,42.0,4.5,0
flow_001.4,58.5,3.5,0
flow_201.5,50.0,3.5,0
flow_0012.2,42.0,4.0,0
flow_00.1,38.0,3.0,0
flow_201.6,46.5,7.0,0
flow_301.7,45.5,3.5,0
flow_101.5,95.5,3.5,0
flow_101.6,94.0,3.0,0
flow_301.8,35.0,3.0,0
flow_3012.3,35.0,4.0,0
flow_10.2,95.5,6.0,0
flow_0012.3,55.5,4.0,0
flow_20.4,64.0,6.5,0
flow_001.5,49.5,3.0,0
flow_201.7,63.5,3.5,0
flow_2012.3,57.5,4.0,0
flow_0012.4,46.5,4.0,0
flow_1012.4,111.5,4.5,0
flow_3012.4,53.5,5.0,0
flow_3012.5,51.5,4.0,0
flow_3012.6,50.5,4.0,0
flow_101.7,107.5,7.0,0
flow_00.2,40.5,4.0,0
flow_20.5,73.5,4.0,0
flow_201.8,74.0,3.0,0
flow_0012.5,44.5,5.0,0
flow_001.6,40.5,3.0,0
flow_3012.7,67.5,4.5,0
flow_301.9,66.0,3.0,0
flow_101.8,124.5,7.5,0
flow_301.10,65.5,3.0,0
flow_101.9,123.0,3.0,0
flow_0012.6,47.5,4.0,0
flow_20.6,83.5,6.5,0
flow_2012.4,76.0,4.0,0
flow_0012.7,26.0,3.5,0
flow_20.7,75.5,5.0,0
flow_10.3,138.0,4.0,0
flow_30.0,81.5,4.0,0
flow_301.11,82.5,3.0,0
flow_101.10,139.5,3.5,0
flow_30.1,76.0,3.0,0
flow_10.4,135.5,3.0,0
flow_201.9,90.5,3.5,0
flow_201.10,90.5,3.0,0
flow_0012.8,28.5,4.5,0
flow_20.8,91.0,3.5,0
flow_10.5,140.0,4.0,0
flow_30.2,92.5,4.0,0
flow_10.6,136.5,3.0,0
flow_301.12,93.0,3.0,0
flow_101.11,115.0,2.5,0
flow_301.13,85.5,3.0,0
flow_201.11,106.5,3.5,0
flow_001.7,45.0,3.5,0
flow_00.3,43.0,3.0,0
flow_2012.5,97.0,7.0,0
flow_00.4,37.0,5.5,0
flow_3012.8,103.0,4.5,0
flow_30.3,99.5,3.0,0
flow_101.12,135.5,7.5,0
flow_301.14,80.0,3.0,0
flow_101.13,132.5,3.0,0
flow_2012.6,115.0,4.5,0
flow_00.5,38.0,6.5,0
flow_201.12,114.0,3.0,0
flow_001.8,36.5,3.0,0
flow_2012.7,113.0,4.0,0
flow_1012.5,136.0,4.0,0
flow_30.4,98.5,6.5,0
flow_1012.6,131.5,5.5,0
flow_30.5,101.0,7.5,0
flow_20.9,127.0,4.0,0
flow_2012.8,112.5,4.0,0
flow_201.13,109.0,3.0,0
flow_10.7,133.0,4.0,0
flow_30.6,115.5,4.0,0
flow_301.15,112.5,3.0,0
flow_1012.7,132.5,5.0,0
flow_10.8,116.0,3.0,0
flow_20.10,123.5,4.0,0
flow_0012.9,41.5,7.5,0
flow_00.6,38.5,3.5,0
flow_201.14,117.0,3.0,0
flow_1012.8,131.5,4.5,0
flow_301.16,136.0,7.5,0
flow_1012.9,132.5,5.5,0
flow_10.9,117.5,4.0,0
flow_001.9,57.5,3.5,0
flow_201.15,125.0,3.5,0
flow_0012.10,32.0,4.0,0
flow_00.7,27.0,3.0,0
flow_201.16,129.0,4.5,0
flow_101.14,131.0,3.5,0
flow_301.17,149.0,3.5,0
flow_10.10,128.0,3.0,0
flow_301.18,136.5,3.0,0
flow_101.15,112.5,3.0,0
flow_3012.9,131.0,5.5,0
flow_201.17,131.5,3.5,0
flow_20.11,122.0,3.0,0
flow_001.10,44.5,4.0,0
flow_00.8,20.5,1.5,0
flow_201.18,114.5,2.5,0
flow_10.11,124.5,4.0,0
flow_30.7,145.0,4.0,0
flow_30.8,140.0,3.5,0
flow_1012.10,115.5,6.0,0
flow_201.19,109.0,3.5,0
flow_0012.11,28.5,5.0,0
flow_201.20,111.0,4.0,0
flow_301.19,153.5,3.5,0
flow_1012.11,132.5,6.5,0
flow_3012.10,152.5,3.5,0
flow_101.16,117.0,3.5,0
flow_301.20,144.5,3.5,0
flow_00.9,40.0,4.0,0
flow_201.21,128.5,3.5,0
flow_20.12,117.0,3.0,0
flow_20.13,104.5,3.0,0
flow_101.17,131.0,3.5,0
flow_301.21,157.5,3.5,0
flow_1012.12,127.5,3.5,0
flow_30.9,142.5,6.0,0
flow_101.18,116.5,3.5,0
flow_30.10,139.5,4.0,0
flow_20.14,122.5,4.0,0
flow_001.11,44.5,3.5,0
flow_00.10,42.0,3.0,0
flow_201.22,120.0,3.0,0
flow_201.23,115.0,3.0,0
flow_10.12,129.5,4.0,0
flow_301.22,133.0,3.5,0
flow_101.19,128.0,3.0,0
flow_3012.11,116.0,5.0,0
flow_1012.13,116.5,4.0,0
flow_3012.12,113.0,4.5,0
flow_201.24,127.5,3.5,0
flow_201.25,113.5,3.5,0
flow_201.26,110.5,3.5,0
flow_30.11,124.0,4.0,0
flow_10.13,130.5,4.0,0
flow_10.14,127.5,3.0,0
flow_3012.13,118.0,6.5,0
flow_00.11,34.0,3.5,0
flow_2012.9,129.0,7.5,0
flow_0012.12,25.0,3.5,0
flow_2012.10,115.5,4.5,0
flow_101.20,137.0,3.5,0
flow_301.23,128.0,3.5,0
flow_1012.14,133.0,4.0,0
flow_101.21,114.5,3.0,0
flow_301.24,116.0,6.5,0
flow_20.15,128.0,4.0,0
flow_001.12,39.5,3.5,0
flow_001.13,40.0,3.0,0
flow_201.27,113.5,3.5,0
flow_0012.13,39.0,4.0,0
flow_201.28,114.0,7.0,0
flow_3012.14,131.0,4.0,0
flow_101.22,131.0,7.0,0
flow_3012.15,132.0,5.0,0
flow_1012.15,116.0,4.0,0
flow_00.12,54.0,4.0,0
flow_201.29,124.5,3.5,0
flow_201.30,112.5,3.0,0
flow_001.14,55.5,3.0,0
flow_2012.11,109.5,3.5,0
flow_001.15,58.5,7.0,0
flow_101.23,131.5,3.5,0
flow_301.25,137.0,3.5,0
flow_101.24,129.0,3.0,0
flow_301.26,134.5,3.0,0
flow_10.15,113.5,3.0,0
flow_30.12,130.5,3.0,0
flow_00.13,70.0,4.0,0
flow_201.31,125.0,3.5,0
flow_001.16,57.0,3.0,0
flow_2012.12,115.0,5.0,0
flow_201.32,111.5,3.0,0
flow_3012.16,137.0,4.5,0
flow_101.25,135.0,7.0,0
flow_1012.16,133.5,4.0,0
flow_3012.17,139.0,5.5,0
flow_20.16,124.5,4.0,0
flow_001.17,59.5,3.5,0
flow_201.33,111.0,3.0,0
flow_201.34,107.5,3.0,0
flow_10.16,135.5,4.0,0
flow_301.27,154.0,4.0,0
flow_101.26,132.0,3.0,0
flow_301.28,141.0,3.5,0
flow_30.13,134.5,3.0,0
flow_101.27,116.5,3.5,0
flow_00.14,41.0,4.0,0
flow_201.35,108.5,3.5,0
flow_00.15,40.0,3.0,0
flow_201.36,108.5,3.5,0
flow_001.18,32.0,3.0,0
flow_201.37,104.5,3.0,0
flow_10.17,130.0,4.0,0
flow_301.29,137.0,3.5,0
flow_101.28,129.0,3.0,0
flow_301.30,133.5,3.5,0
flow_1012.17,114.0,4.0,0
flow_301.31,119.0,7.0,0
flow_20.17,107.0,4.0,0
flow_00.16,42.0,4.0,0
flow_2012.13,109.0,4.5,0
flow_201.38,104.0,3.0,0
flow_3012.18,129.5,4.5,0
flow_30.14,111.5,3.0,0
flow_101.29,130.5,7.5,0
flow_301.32,110.0,3.0,0
flow_1012.18,118.5,4.5,0
flow_201.39,108.5,3.5,0
flow_001.19,40.5,3.5,0
flow_001.20,41.0,3.0,0
flow_201.40,107.5,3.5,0
flow_001.21,36.5,3.0,0
flow_201.41,103.5,3.5,0
flow_3012.19,125.0,4.0,0
flow_10.18,133.0,6.5,0
flow_301.33,112.0,3.0,0
flow_30.15,106.0,3.0,0
flow_101.30,131.0,3.5,0
flow_20.18,107.5,4.0,0
flow_00.17,46.5,4.0,0
flow_0012.14,47.5,3.5,0
flow_2012.14,107.5,4.0,0
flow_2012.15,106.0,4.5,0
flow_1012.19,133.5,4.5,0
flow_3012.20,109.5,4.5,0
flow_301.34,107.5,3.0,0
flow_101.31,132.0,3.5,0
flow_3012.21,105.0,4.0,0
flow_1012.20,117.0,4.0,0
flow_201.42,108.5,3.5,0
flow_20.19,105.0,3.0,0
flow_001.22,62.5,4.0,0
flow_201.43,106.0,3.5,0
flow_3012.22,108.0,4.0,0
flow_1012.21,131.5,4.5,0
flow_1012.22,129.0,4.0,0
flow_101.32,115.5,3.0,0
flow_301.35,110.0,4.0,0
flow_201.44,108.5,3.5,0
flow_0012.15,46.0,6.5,0
flow_001.23,36.0,3.0,0
flow_00.18,22.5,2.0,0
flow_201.45,110.5,4.0,0
flow_3012.23,124.5,4.5,0
flow_30.16,110.5,3.0,0
flow_101.33,135.5,7.5,0
flow_301.36,110.0,3.0,0
flow_101.34,133.5,3.5,0
flow_0012.16,40.0,4.0,0
flow_20.20,126.5,6.5,0
flow_0012.17,41.0,5.5,0
flow_1012.23,134.0,4.5,0
flow_3012.24,125.5,4.5,0
flow_301.37,112.5,3.0,0
flow_101.35,130.0,3.0,0
flow_30.17,108.5,3.0,0
flow_1012.24,118.5,6.5,0
flow_201.46,136.0,3.5,0
flow_00.19,55.0,4.0,0
flow_001.24,46.0,3.0,0
flow_2012.16,138.0,5.5,0
flow_20.21,132.0,3.0,0
flow_30.18,124.5,4.0,0
flow_101.36,130.0,3.5,0
flow_30.19,111.0,3.0,0
flow_1012.25,116.0,5.5,0
flow_2012.17,137.0,4.5,0
flow_0012.18,34.0,4.5,0
flow_001.25,32.5,3.5,0
flow_201.47,136.0,3.0,0
flow_20.22,129.5,3.0,0
flow_10.19,130.0,4.0,0
flow_301.38,132.0,3.5,0
flow_1012.26,129.5,4.0,0
flow_301.39,134.0,7.0,0
flow_1012.27,119.5,5.5,0
flow_201.48,137.0,3.5,0
flow_201.49,134.5,3.0,0
flow_201.50,133.0,3.5,0
flow_30.20,135.0,4.0,0
flow_101.37,131.0,3.5,0
flow_301.40,131.5,3.0,0
flow_1012.28,132.0,5.0,0
flow_10.20,113.0,3.0,0
flow_00.20,39.0,4.0,0
flow_2012.18,139.5,7.5,0
flow_0012.19,39.0,3.5,0
flow_00.21,37.5,3.0,0
flow_201.51,135.5,3.0,0
flow_1012.29,127.0,4.5,0
flow_30.21,139.5,6.5,0
flow_101.38,113.5,3.5,0
flow_10.21,108.5,3.0,0
flow_301.41,136.5,3.5,0
flow_00.22,54.5,4.0,0
flow_20.23,135.5,4.0,0
flow_001.26,36.5,3.0,0
flow_2012.19,116.5,5.0,0
flow_2012.20,112.5,4.5,0
flow_3012.25,153.5,4.5,0
flow_10.22,127.0,5.5,0
flow_3012.26,142.5,5.5,0
flow_3012.27,139.5,4.0,0
flow_2012.21,124.0,4.0,0
flow_0012.20,36.5,4.0,0
flow_2012.22,112.0,3.5,0
flow_2012.23,110.5,4.0,0
flow_101.39,137.0,3.5,0
flow_301.42,153.0,3.5,0
flow_10.23,131.5,3.0,0
flow_301.43,140.5,3.0,0
flow_101.40,114.5,2.5,0
flow_301.44,134.5,3.0,0
flow_2012.24,125.5,4.5,0
flow_20.24,111.5,3.0,0
flow_001.27,30.0,6.5,0
flow_001.28,29.5,3.0,0
flow_201.52,111.5,3.5,0
flow_10.24,129.0,4.0,0
flow_301.45,136.5,3.5,0
flow_1012.30,128.0,3.5,0
flow_30.22,133.5,6.0,0
flow_1012.31,119.0,6.5,0
flow_3012.28,119.0,5.0,0
flow_00.23,36.5,4.0,0
flow_201.53,125.5,3.5,0
flow_001.29,36.0,2.5,0
flow_201.54,112.0,3.5,0
flow_0012.21,33.0,4.0,0
flow_3012.29,130.5,4.5,0
flow_10.25,133.0,7.0,0
flow_301.46,112.5,3.0,0
flow_30.23,106.0,3.0,0
flow_101.41,129.5,3.5,0
flow_101.42,117.0,3.0,0
flow_201.55,127.0,4.0,0
flow_2012.25,111.0,3.5,0
flow_0012.22,40.5,5.5,0
flow_20.25,107.0,2.5,0
flow_001.30,41.0,3.5,0
flow_101.43,130.5,3.5,0
flow_301.47,110.5,3.5,0
flow_1012.32,128.5,3.5,0
flow_3012.30,107.0,4.0,0
flow_10.26,112.0,3.0,0
flow_30.24,101.5,3.0,0
flow_001.31,52.0,3.5,0
flow_201.56,125.5,3.5,0
flow_20.26,111.0,3.0,0
flow_20.27,108.5,3.0,0
flow_00.24,42.5,2.5,0
flow_001.32,50.0,3.5,0
flow_101.44,109.0,3.5,0
flow_301.48,109.0,3.5,0
flow_1012.33,106.5,3.5,0
flow_3012.31,107.0,4.0,0
flow_301.49,104.0,3.0,0
flow_101.45,106.5,3.5,0
flow_0012.23,32.5,4.0,0
flow_0012.24,32.5,4.0,0
flow_00.25,29.0,3.0,0
flow_201.57,131.5,7.0,0
flow_0012.25,30.5,3.5,0
flow_101.0,24.0,2.5,0
flow_3012.0,24.5,3.5,0
flow_101.1,27.5,3.0,0
flow_001.0,39.5,3.5,0
flow_201.0,37.5,3.5,0
flow_00.0,37.5,3.0,0
flow_201.1,37.5,3.0,0
flow_201.2,33.5,3.0,0
flow_001.1,26.0,2.5,0
flow_101.2,43.0,3.5,0
flow_301.0,44.5,3.5,0
flow_1012.0,29.5,3.5,0
flow_1012.1,29.0,4.0,0
flow_301.1,51.5,7.5,0
flow_001.2,28.0,3.0,0
flow_2012.0,50.5,6.0,0
flow_201.3,45.5,3.0,0
flow_20.0,43.0,3.0,0
flow_301.2,55.0,3.5,0
flow_101.3,37.0,3.5,0
flow_301.3,54.5,3.0,0
flow_101.4,27.5,3.0,0
flow_301.4,53.5,3.0,0
flow_101.5,26.5,3.0,0
flow_001.3,29.5,3.5,0
flow_2012.1,63.0,6.5,0
flow_201.4,51.5,3.0,0
flow_201.5,51.5,3.0,0
flow_10.0,43.0,4.0,0
flow_301.5,71.0,3.5,0
flow_30.0,69.0,3.0,0
flow_101.6,44.0,3.0,0
flow_3012.1,70.5,4.0,0
flow_10.1,45.0,6.0,0
flow_20.1,66.0,4.0,0
flow_001.4,45.0,4.0,0
flow_00.1,38.0,3.0,0
flow_201.6,68.5,3.5,0
flow_001.5,36.5,3.0,0
flow_2012.2,68.0,5.0,0
flow_301.6,87.5,3.5,0
flow_101.7,61.5,4.0,0
flow_3012.2,87.5,4.0,0
flow_10.2,62.0,6.5,0
flow_301.7,83.0,3.0,0
flow_10.3,60.0,4.5,0
flow_2012.3,64.5,4.0,0
flow_001.6,57.5,7.0,0
flow_2012.4,66.5,5.0,0
flow_201.7,65.5,3.5,0
flow_3012.3,81.5,4.0,0
flow_10.4,77.5,6.5,0
flow_3012.4,83.5,5.5,0
flow_3012.5,84.0,4.5,0
flow_00.2,76.5,4.0,0
flow_2012.5,84.0,7.5,0
flow_20.2,80.5,3.5,0
flow_00.3,73.0,5.0,0
flow_101.8,99.0,4.0,0
flow_301.8,98.5,3.5,0
flow_10.5,96.5,3.0,0
flow_30.1,87.0,3.0,0
flow_101.9,89.5,2.5,0
flow_3012.6,80.5,5.0,0
flow_0012.0,93.0,4.5,0
flow_20.3,101.5,6.5,0
flow_001.7,87.0,3.0,0
flow_201.8,102.0,4.0,0
flow_0012.1,89.0,4.5,0
flow_10.6,106.5,4.0,0
flow_301.9,96.0,3.5,0
flow_1012.2,107.0,4.0,0
flow_10.7,101.0,3.0,0
flow_30.2,98.0,6.0,0
flow_301.10,94.5,3.5,0
flow_201.9,119.0,3.5,0
flow_001.8,98.0,3.5,0
flow_20.4,116.5,3.0,0
flow_001.9,97.0,3.5,0
flow_2012.6,116.0,4.0,0
flow_00.4,96.5,6.0,0
flow_10.8,119.5,4.0,0
flow_301.11,108.5,3.5,0
flow_3012.7,101.0,3.5,0
flow_1012.3,117.5,4.0,0
flow_30.3,87.5,3.0,0
flow_101.10,116.5,3.5,0
flow_20.5,129.5,4.0,0
flow_00.5,111.5,4.0,0
flow_20.6,127.5,3.0,0
flow_001.10,95.5,3.0,0
flow_001.11,94.5,3.0,0
flow_201.10,115.5,3.0,0
flow_101.11,129.0,3.5,0
flow_301.12,107.5,3.5,0
flow_3012.8,105.5,3.5,0
flow_10.9,130.0,6.0,0
flow_1012.4,116.5,4.5,0
flow_3012.9,106.5,6.5,0
flow_201.11,131.0,3.5,0
flow_001.12,111.5,3.5,0
flow_2012.7,128.5,4.0,0
flow_20.7,112.5,3.0,0
flow_00.6,112.5,6.0,0
flow_001.13,108.0,3.0,0
flow_10.10,109.5,4.0,0
flow_301.13,109.0,3.5,0
flow_1012.5,106.5,3.5,0
flow_30.4,108.5,6.0,0
flow_101.12,102.5,2.5,0
flow_301.14,106.0,3.0,0
flow_2012.8,130.0,5.0,0
flow_201.12,111.5,3.0,0
flow_001.14,113.5,7.5,0
flow_2012.9,108.5,4.0,0
flow_30.5,107.5,4.0,0
flow_101.13,108.0,3.0,0
flow_30.6,105.5,3.0,0
flow_101.14,107.0,3.0,0
flow_10.11,102.0,3.0,0
flow_301.15,103.5,3.0,0
flow_001.15,131.0,3.5,0
flow_201.13,109.0,3.5,0
flow_201.14,107.0,3.0,0
flow_001.16,130.5,3.5,0
flow_201.15,103.5,3.0,0
flow_001.17,116.5,3.5,0
flow_101.15,109.0,3.5,0
flow_301.16,109.0,3.5,0
flow_1012.6,106.5,4.0,0
flow_3012.10,108.5,4.5,0
flow_1012.7,104.0,4.0,0
flow_30.7,106.5,6.0,0
flow_001.18,131.5,3.5,0
flow_201.16,111.0,4.0,0
flow_001.19,128.5,3.0,0
flow_201.17,108.0,3.5,0
flow_001.20,116.0,3.0,0
flow_201.18,105.0,3.0,0
flow_301.17,108.5,3.5,0
flow_101.16,109.0,3.5,0
flow_30.8,105.5,3.0,0
flow_101.17,107.0,3.0,0
flow_30.9,102.0,3.0,0
flow_101.18,105.0,3.5,0
flow_00.7,130.5,4.0,0
flow_201.19,108.5,3.5,0
flow_00.8,127.5,3.0,0
flow_2012.10,110.5,6.0,0
flow_00.9,117.0,5.5,0
flow_1012.8,108.5,4.5,0
flow_10.12,105.5,3.0,0
flow_301.18,112.0,7.0,0
flow_101.19,103.5,3.0,0
flow_3012.11,113.5,5.0,0
flow_201.20,124.5,3.5,0
flow_0012.2,134.0,6.5,0
flow_00.10,129.0,3.5,0
flow_201.21,115.0,4.0,0
flow_00.11,113.0,3.0,0
flow_30.10,123.5,4.0,0
flow_101.20,109.0,3.5,0
flow_301.19,104.0,3.0,0
flow_1012.9,110.0,5.0,0
flow_10.13,104.0,3.5,0
flow_201.22,131.0,3.5,0
flow_001.21,109.0,3.5,0
flow_0012.3,107.0,4.0,0
flow_00.12,102.5,3.0,0
flow_20.8,131.0,6.0,0
flow_201.23,117.0,3.0,0
flow_1012.10,109.0,4.5,0
flow_301.20,125.0,7.5,0
flow_1012.11,111.0,5.5,0
flow_1012.12,107.5,5.0,0
flow_20.9,130.0,4.0,0
flow_00.13,108.0,4.0,0
flow_20.10,128.0,3.0,0
flow_2012.11,115.0,3.5,0
flow_0012.4,109.5,6.0,0
flow_30.11,142.5,4.0,0
flow_101.21,109.0,3.5,0
flow_10.14,105.0,3.0,0
flow_301.21,141.0,3.0,0
flow_101.22,104.0,3.0,0
flow_3012.12,140.5,5.5,0
flow_0012.5,125.5,4.5,0
flow_2012.12,132.0,4.5,0
flow_20.11,127.5,3.0,0
flow_001.22,112.5,3.0,0
flow_201.24,115.5,3.0,0
flow_001.23,110.0,3.0,0
flow_3012.13,153.5,4.5,0
flow_30.12,139.0,3.0,0
flow_101.23,112.5,7.0,0
flow_10.15,110.0,3.5,0
flow_301.22,138.0,3.0,0
flow_001.24,125.0,3.5,0
flow_201.25,129.0,3.5,0
flow_00.14,110.5,3.0,0
flow_201.26,112.5,3.0,0
flow_00.15,107.5,3.0,0
flow_201.27,108.5,3.5,0
flow_101.24,125.0,3.5,0
flow_301.23,153.5,3.5,0
flow_10.16,111.0,3.0,0
flow_301.24,137.0,3.0,0
flow_101.25,109.0,3.0,0
flow_3012.14,135.0,5.5,0
flow_2012.13,108.5,4.0,0
flow_20.12,104.5,3.0,0
flow_001.25,128.5,7.0,0
flow_2012.14,103.0,3.5,0
flow_0012.6,116.5,3.5,0
flow_1012.13,124.0,4.0,0
flow_3012.15,137.5,4.5,0
flow_1012.14,112.0,3.5,0
flow_30.13,135.5,6.0,0
flow_101.26,110.0,3.0,0
flow_3012.16,115.0,5.0,0
flow_201.28,109.0,3.5,0
flow_001.26,132.5,4.0,0
flow_2012.15,109.0,4.5,0
flow_00.16,131.5,6.5,0
flow_2012.16,108.0,7.0,0
flow_101.27,124.5,3.5,0
flow_3012.17,112.0,5.5,0
flow_10.17,113.0,3.5,0
flow_301.25,108.0,3.0,0
flow_301.26,105.5,3.0,0
flow_2012.17,108.5,4.0,0
flow_201.29,106.5,3.0,0
flow_001.27,140.0,7.0,0
flow_2012.18,104.5,4.0,0
flow_00.17,138.0,5.5,0
flow_1012.15,131.0,4.5,0
flow_101.28,128.5,3.0,0
flow_301.27,113.5,4.5,0
flow_1012.16,114.0,4.0,0
flow_20.13,107.5,4.0,0
flow_001.28,137.5,3.5,0
flow_201.30,107.0,3.0,0
flow_0012.7,138.0,5.0,0
flow_2012.19,105.0,4.0,0
flow_301.28,131.5,4.0,0
flow_1012.17,129.0,5.5,0
flow_101.29,113.0,3.0,0
flow_10.18,109.0,3.0,0
flow_301.29,131.5,4.0,0
flow_301.30,117.5,3.5,0
flow_001.29,152.5,3.5,0
flow_201.31,108.5,3.5,0
flow_00.18,139.0,3.0,0
flow_201.32,107.0,3.0,0
flow_201.33,104.0,3.0,0
flow_001.30,138.5,3.0,0
flow_101.30,126.5,3.5,0
flow_301.31,133.0,4.0,0
flow_101.31,112.5,3.0,0
flow_10.19,108.5,3.0,0
flow_301.32,130.0,3.5,0
flow_301.33,117.0,3.0,0
flow_0012.8,154.0,4.5,0
flow_20.14,110.5,6.5,0
flow_0012.9,139.5,5.5,0
flow_0012.10,135.5,4.5,0
flow_301.34,131.0,3.5,0
flow_101.32,127.5,4.0,0
flow_3012.18,129.5,4.0,0
flow_10.20,113.5,6.0,0
flow_3012.19,117.5,6.5,0
flow_201.34,130.5,3.5,0
flow_2012.20,127.5,3.5,0
flow_0012.11,139.5,5.0,0
flow_201.35,115.0,2.5,0
flow_001.31,136.5,3.5,0
flow_3012.20,130.5,4.5,0
flow_301.35,127.0,3.0,0
flow_101.33,133.0,7.5,0
flow_10.21,115.0,3.5,0
flow_30.14,111.5,3.0,0
flow_201.36,131.0,3.5,0
flow_001.32,134.5,3.5,0
flow_00.19,128.0,3.0,0
flow_201.37,129.0,3.0,0
flow_2012.21,116.0,3.5,0
flow_0012.12,116.0,4.0,0
flow_1012.18,132.0,4.5,0
flow_301.36,113.5,7.5,0
flow_1012.19,131.5,5.0,0
flow_101.34,117.0,3.0,0
flow_001.33,128.5,3.5,0
flow_201.38,131.5,3.5,0
flow_2012.22,129.0,4.0,0
flow_00.20,114.5,6.0,0
flow_2012.23,120.0,6.5,0
flow_30.15,129.0,4.0,0
flow_10.22,131.0,4.0,0
flow_10.23,129.0,3.5,0
flow_301.37,129.0,3.5,0
flow_101.35,116.0,3.0,0
flow_3012.21,118.5,5.0,0
flow_201.39,131.0,3.5,0
flow_001.34,131.0,3.5,0
flow_0012.13,129.0,4.0,0
flow_00.21,114.0,3.0,0
flow_20.15,131.0,6.0,0
flow_201.40,117.0,3.5,0
flow_30.16,130.0,4.0,0
flow_101.36,132.0,3.5,0
flow_3012.22,129.5,4.0,0
flow_10.24,131.0,6.0,0
flow_3012.23,118.5,6.5,0
flow_201.41,111.0,3.5,0
flow_0012.14,134.0,5.5,0
flow_2012.24,107.5,4.0,0
flow_20.16,102.0,3.0,0
flow_001.35,131.5,4.0,0
flow_101.37,136.0,3.5,0
flow_301.38,132.0,3.5,0
flow_101.38,133.5,3.0,0
flow_301.39,129.5,3.0,0
flow_101.39,112.5,3.0,0
flow_3012.24,118.0,6.0,0
flow_0012.15,136.0,4.5,0
flow_20.17,111.0,6.5,0
flow_001.36,131.5,3.0,0
flow_201.42,109.0,3.5,0
flow_001.37,115.0,3.0,0
flow_201.43,106.0,3.0,0
flow_1012.20,126.5,4.5,0
flow_3012.25,131.5,4.5,0
flow_10.25,111.0,3.0,0
flow_301.40,131.0,3.5,0
flow_3012.26,112.5,4.0,0
flow_1012.21,111.0,4.5,0
flow_2012.25,110.0,4.5,0
flow_20.18,105.0,3.0,0
flow_00.22,134.0,6.5,0
flow_00.23,130.0,4.0,0
flow_001.38,117.0,3.0,0
flow_10.26,123.0,4.0,0
flow_301.41,109.5,3.5,0
flow_10.27,110.5,3.0,0
flow_301.42,107.0,3.0,0
flow_10.28,109.5,3.0,0
flow_3012.27,106.0,6.0,0
flow_2012.26,125.0,4.5,0
flow_00.24,131.5,6.5,0
flow_0012.16,113.5,4.0,0
flow_2012.27,115.0,5.5,0
flow_3012.28,108.5,4.0,0
flow_10.29,127.0,6.5,0
flow_3012.29,109.0,5.5,0
flow_10.30,116.5,7.0,0
flow_201.44,131.5,4.0,0
flow_001.39,132.5,4.0,0
flow_201.45,128.5,3.0,0
flow_0012.17,131.5,6.0,0
flow_001.40,116.5,3.0,0
flow_30.17,123.0,4.0,0
flow_101.40,130.5,3.5,0
flow_301.43,112.0,3.0,0
flow_101.41,113.0,3.0,0
flow_10.31,108.0,3.0,0
flow_301.44,109.5,2.5,0
flow_00.25,126.0,4.0,0
flow_201.46,137.0,3.5,0
flow_0012.18,113.5,4.0,0
flow_20.19,137.5,6.5,0
flow_001.41,110.0,3.0,0
flow_201.47,134.0,3.5,0
flow_301.45,125.0,3.5,0
flow_101.42,126.0,3.5,0
flow_1012.22,112.5,4.0,0
flow_101.43,109.5,3.0,0
flow_30.18,115.0,6.0,0
flow_30.19,112.0,4.0,0
flow_20.20,135.5,4.0,0
flow_2012.28,134.5,3.5,0
flow_0012.19,129.0,7.5,0
flow_201.48,132.0,3.0,0
flow_001.42,117.0,3.5,0
flow_301.46,124.5,3.5,0
flow_1012.23,128.0,6.5,0
flow_101.44,113.5,3.0,0
flow_301.47,115.0,4.0,0
flow_101.45,111.5,3.5,0
flow_20.21,136.0,4.0,0
flow_001.43,131.0,3.5,0
flow_201.49,131.5,3.0,0
flow_001.44,128.0,3.0,0
flow_00.26,113.5,3.0,0
flow_201.50,115.5,3.0,0
flow_301.48,131.0,3.5,0
flow_101.46,126.0,3.5,0
flow_10.32,110.5,3.0,0
flow_30.20,127.5,3.0,0
flow_101.47,106.5,2.5,0
flow_30.21,114.5,3.0,0
flow_00.27,126.5,4.0,0
flow_20.22,128.5,4.0,0
flow_201.51,113.5,3.0,0
flow_001.45,112.5,3.0,0
flow_00.28,107.0,3.0,0
flow_20.23,108.0,3.0,0
flow_30.22,128.5,4.0,0
flow_101.48,108.5,3.5,0
flow_3012.30,113.5,3.5,0
flow_10.33,109.5,6.0,0
flow_301.49,111.0,3.0,0
flow_10.34,106.5,4.0,0
flow_001.46,124.0,3.5,0
flow_201.52,109.5,3.5,0
flow_00.29,111.0,3.0,0
flow_201.53,106.5,3.0,0
flow_00.30,110.0,3.0,0
flow_2012.29,107.5,6.5,0
flow_10.35,108.0,4.0,0
flow_301.50,125.0,3.5,0
flow_10.36,105.5,3.0,0
flow_301.51,112.0,3.0,0
flow_101.49,103.0,3.0,0
flow_301.52,110.5,3.5,0
flow_201.54,108.5,3.5,0
flow_001.47,125.0,3.5,0
flow_201.55,106.5,3.0,0
flow_20.24,102.0,3.0,0
flow_001.48,112.5,3.5,0
flow_001.49,107.0,3.5,0
flow_101.50,108.5,3.5,0
flow_301.53,125.0,3.5,0
flow_1012.24,106.5,4.0,0
flow_3012.31,112.0,4.0,0
flow_101.51,103.5,3.0,0
flow_301.54,108.0,3.0,0
flow_201.56,108.5,3.5,0
flow_0012.20,112.0,6.5,0
flow_20.25,107.0,3.5,0
flow_001.50,107.5,3.0,0
flow_0012.21,106.5,4.5,0
flow_301.55,108.5,3.5,0
flow_101.52,109.0,3.5,0
flow_3012.32,108.0,4.0,0
flow_101.53,111.0,7.0,0
flow_301.56,106.0,3.5,0
flow_201.57,125.0,3.5,0
flow_001.51,108.5,3.5,0
flow_2012.30,113.5,4.0,0
flow_201.58,110.5,3.0,0
flow_001.52,111.5,7.0,0
flow_30.0,21.0,1.5,0
flow_301.0,27.5,3.0,0
flow_00.0,37.0,4.0,0
flow_201.0,30.0,3.5,0
flow_001.0,27.5,2.5,0
flow_201.1,28.5,3.5,0
flow_301.1,43.5,3.5,0
flow_20.0,38.0,4.0,0
flow_301.2,34.5,3.5,0
flow_101.0,41.0,3.5,0
flow_3012.0,29.0,3.5,0
flow_3012.1,27.0,4.0,0
flow_2012.0,40.0,4.5,0
flow_201.2,36.5,2.5,0
flow_001.1,49.5,7.5,0
flow_201.3,36.0,3.0,0
flow_001.2,49.0,3.5,0
flow_1012.0,29.5,4.0,0
flow_301.3,46.0,7.0,0
flow_3012.2,37.0,3.5,0
flow_1012.1,27.5,4.5,0
flow_2012.1,54.5,4.5,0
flow_201.4,54.0,3.0,0
flow_001.3,69.5,7.5,0
flow_2012.2,53.0,4.0,0
flow_00.1,67.5,5.5,0
flow_301.4,55.5,3.5,0
flow_30.1,49.5,3.0,0
flow_101.1,40.5,4.0,0
flow_3012.3,45.0,4.0,0
flow_0012.0,83.5,4.5,0
flow_00.2,59.5,3.0,0
flow_201.5,66.5,7.5,0
flow_2012.3,67.0,4.0,0
flow_0012.1,61.5,4.5,0
flow_30.2,61.0,4.0,0
flow_301.5,51.5,3.0,0
flow_301.6,50.5,3.0,0
flow_201.6,75.5,3.5,0
flow_0012.2,80.0,6.5,0
flow_00.3,71.5,3.5,0
flow_201.7,77.0,3.5,0
flow_00.4,70.5,3.0,0
flow_3012.4,67.0,4.5,0
flow_10.0,45.0,6.5,0
flow_3012.5,52.5,6.0,0
flow_00.5,87.0,4.0,0
flow_201.8,96.5,4.0,0
flow_0012.3,89.0,4.0,0
flow_001.4,86.5,2.5,0
flow_201.9,98.5,7.0,0
flow_301.7,69.5,3.5,0
flow_101.2,66.0,4.0,0
flow_301.8,69.0,3.0,0
flow_101.3,65.5,3.0,0
flow_101.4,37.0,3.5,0
flow_301.9,66.0,4.5,0
flow_201.10,114.5,3.5,0
flow_001.5,97.5,3.5,0
flow_2012.4,110.5,4.0,0
flow_20.1,107.0,3.0,0
flow_001.6,94.0,7.0,0
flow_10.1,53.0,4.0,0
flow_301.10,51.5,3.5,0
flow_301.11,42.5,3.0,0
flow_301.12,43.0,3.5,0
flow_2012.5,126.0,4.0,0
flow_001.7,103.0,7.0,0
flow_2012.6,122.0,5.0,0
flow_201.11,115.0,3.0,0
flow_3012.6,57.0,4.5,0
flow_301.13,52.5,3.0,0
flow_301.14,53.5,3.5,0
flow_20.2,129.5,4.0,0
flow_001.8,123.5,3.5,0
flow_20.3,122.0,3.0,0
flow_001.9,122.5,3.0,0
flow_20.4,114.0,3.0,0
flow_001.10,122.5,3.5,0
flow_10.2,32.5,4.0,0
flow_301.15,70.5,4.0,0
flow_10.3,31.5,3.5,0
flow_3012.7,70.0,4.5,0
flow_1012.2,26.0,3.0,0
flow_3012.8,69.5,4.0,0
flow_0012.4,122.0,4.0,0
flow_20.5,130.5,6.5,0
flow_20.6,113.0,4.0,0
flow_001.11,122.5,3.0,0
flow_00.6,118.5,3.0,0
flow_20.7,107.0,3.5,0
flow_101.5,37.5,3.5,0
flow_301.16,81.5,3.5,0
flow_101.6,26.5,2.5,0
flow_301.17,78.0,3.0,0
flow_301.18,78.0,3.5,0
flow_201.12,108.5,3.5,0
flow_00.7,97.5,3.5,0
flow_0012.5,127.5,6.5,0
flow_00.8,96.5,3.0,0
flow_201.13,110.0,4.0,0
flow_301.19,94.0,3.5,0
flow_301.20,83.0,3.0,0
flow_301.21,82.5,3.0,0
flow_00.9,113.5,4.0,0
flow_201.14,125.5,3.5,0
flow_001.12,113.5,3.0,0
flow_201.15,112.5,3.0,0
flow_2012.7,109.0,3.5,0
flow_0012.6,110.5,3.5,0
flow_301.22,99.0,3.5,0
flow_301.23,98.0,3.0,0
flow_301.24,87.5,3.5,0
flow_2012.8,125.0,4.5,0
flow_00.10,97.0,6.5,0
flow_2012.9,115.0,5.5,0
flow_30.3,101.0,4.0,0
flow_101.7,43.0,3.5,0
flow_3012.9,103.0,4.0,0
flow_1012.3,45.0,4.5,0
flow_101.8,41.0,3.0,0
flow_301.25,102.5,3.5,0
flow_20.8,130.0,4.0,0
flow_001.13,118.5,4.0,0
flow_201.16,129.0,3.0,0
flow_001.14,118.5,3.5,0
flow_20.9,114.0,3.0,0
flow_001.15,115.5,3.0,0
flow_3012.10,109.0,4.5,0
flow_1012.4,57.5,4.5,0
flow_301.26,107.5,3.0,0
flow_101.9,49.0,3.0,0
flow_301.27,104.5,3.0,0
flow_201.17,130.5,3.5,0
flow_001.16,122.5,3.5,0
flow_20.10,127.0,3.0,0
flow_001.17,114.0,3.0,0
flow_2012.10,115.5,4.0,0
flow_0012.7,115.0,4.0,0
flow_301.28,108.5,3.5,0
flow_101.10,43.5,3.5,0
flow_301.29,107.0,3.0,0
flow_301.30,105.5,3.5,0
flow_2012.11,129.5,4.5,0
flow_20.11,110.5,3.0,0
flow_001.18,134.0,7.5,0
flow_2012.12,110.5,4.0,0
flow_301.31,109.0,3.5,0
flow_101.11,40.0,4.0,0
flow_1012.5,31.5,4.0,0
flow_3012.11,108.0,4.0,0
flow_30.4,102.0,3.0,0
flow_001.19,152.0,3.5,0
flow_201.18,125.5,3.5,0
flow_2012.13,113.0,4.0,0
flow_0012.8,141.0,4.0,0
flow_0012.9,138.5,4.0,0
flow_101.12,32.0,3.5,0
flow_3012.12,112.0,5.5,0
flow_301.32,108.0,3.0,0
flow_3012.13,103.0,3.0,0
flow_001.20,153.0,3.5,0
flow_201.19,130.0,4.0,0
flow_20.12,111.0,3.0,0
flow_001.21,140.0,3.0,0
flow_201.20,109.0,2.5,0
flow_001.22,117.0,3.0,0
flow_1012.6,45.5,4.5,0
flow_301.33,112.5,4.0,0
flow_30.5,109.0,3.0,0
flow_201.21,125.0,3.5,0
flow_001.23,132.5,3.5,0
flow_2012.14,113.5,4.0,0
flow_201.22,108.5,2.5,0
flow_001.24,134.0,7.0,0
flow_30.6,124.0,4.0,0
flow_3012.14,112.0,3.5,0
flow_301.34,109.0,2.5,0
flow_2012.15,126.0,4.5,0
flow_0012.10,137.5,4.5,0
flow_0012.11,135.0,4.0,0
flow_001.25,132.5,3.0,0
flow_201.23,116.5,4.0,0
flow_301.35,125.0,3.5,0
flow_3012.15,113.0,4.0,0
flow_3012.16,110.0,4.0,0
flow_2012.16,130.5,4.0,0
flow_0012.12,134.0,4.5,0
flow_201.24,129.0,3.0,0
flow_001.26,114.0,3.0,0
flow_0012.13,111.5,4.0,0
flow_201.25,119.5,6.5,0
flow_10.4,42.0,4.0,0
flow_301.36,126.0,3.5,0
flow_3012.17,112.5,4.0,0
flow_301.37,109.5,3.0,0
flow_201.26,129.5,3.5,0
flow_001.27,125.0,3.5,0
flow_00.11,111.0,3.0,0
flow_201.27,114.0,3.0,0
flow_20.13,108.5,3.0,0
flow_001.28,110.0,3.0,0
flow_1012.7,43.5,4.5,0
flow_30.7,127.0,6.5,0
flow_3012.18,111.0,4.0,0
flow_1012.8,43.0,5.5,0
flow_201.28,125.5,3.5,0
flow_001.29,127.0,4.0,0
flow_2012.17,113.0,4.0,0
flow_201.29,109.5,3.0,0
flow_001.30,116.0,6.5,0
flow_301.38,126.5,3.5,0
flow_3012.19,111.5,3.5,0
flow_301.39,109.5,3.0,0
flow_00.12,127.5,4.0,0
flow_201.30,125.0,3.5,0
flow_20.14,110.0,3.0,0
flow_001.31,113.0,3.0,0
flow_201.31,106.0,3.0,0
flow_0012.14,112.0,5.0,0
flow_3012.20,125.0,4.0,0
flow_301.40,112.0,3.0,0
flow_101.13,25.5,2.5,0
flow_301.41,110.0,3.0,0
flow_2012.18,109.5,4.5,0
flow_001.32,129.0,7.5,0
flow_2012.19,109.5,5.0,0
flow_2012.20,105.5,4.5,0
flow_301.42,125.0,3.5,0
flow_301.43,112.5,3.0,0
flow_30.8,108.5,3.0,0
flow_20.15,107.5,4.0,0
flow_001.33,136.5,3.5,0
flow_201.32,107.0,3.0,0
flow_001.34,136.0,3.5,0
flow_201.33,104.0,3.0,0
flow_001.35,132.5,3.5,0
flow_301.44,125.0,3.5,0
flow_101.14,34.5,3.5,0
flow_301.45,113.0,3.0,0
flow_3012.21,107.0,3.5,0
flow_2012.21,109.0,4.5,0
flow_201.34,107.0,3.0,0
flow_20.16,102.0,3.0,0
flow_001.36,141.5,7.5,0
flow_001.37,139.0,3.5,0
flow_3012.22,109.5,4.5,0
flow_10.5,37.0,6.5,0
flow_301.46,107.5,3.0,0
flow_3012.23,103.0,3.5,0
flow_00.13,152.0,4.0,0
flow_201.35,108.5,3.5,0
flow_001.38,141.0,3.0,0
flow_2012.22,110.0,5.0,0
flow_2012.23,107.0,4.5,0
flow_301.47,109.0,3.5,0
flow_30.9,105.5,3.0,0
flow_3012.24,104.5,4.0,0
flow_20.17,107.5,4.0,0
flow_001.39,156.5,3.5,0
flow_00.14,139.0,3.0,0
flow_201.36,106.0,3.0,0
flow_001.40,137.0,2.5,0
flow_201.37,104.5,3.5,0
flow_301.48,108.5,3.5,0
flow_301.49,107.0,3.0,0
flow_301.50,104.0,3.0,0
flow_201.38,108.5,3.5,0
flow_0012.15,156.0,6.5,0
flow_001.41,138.0,3.0,0
flow_201.39,109.5,4.0,0
flow_0012.16,117.5,4.5,0
flow_301.51,108.5,3.5,0
flow_101.15,38.5,3.5,0
flow_30.10,105.5,3.0,0
flow_101.16,26.0,2.5,0
flow_301.52,104.0,3.0,0
flow_20.18,124.0,4.0,0
flow_001.42,131.5,3.5,0
flow_201.40,112.0,3.0,0
flow_0012.17,131.5,5.0,0
flow_00.15,113.0,3.0,0
flow_3012.25,109.0,4.5,0
flow_30.11,105.0,3.0,0
flow_101.17,26.0,2.5,0
flow_30.12,102.0,3.0,0
flow_20.19,130.5,4.0,0
flow_0012.18,129.5,7.5,0
flow_2012.24,130.0,4.0,0
flow_0012.19,115.0,4.0,0
flow_2012.25,115.5,4.0,0
flow_3012.26,109.0,4.5,0
flow_3012.27,107.0,4.0,0
flow_301.53,102.5,2.5,0
flow_00.16,128.5,4.0,0
flow_20.20,130.5,4.0,0
flow_201.41,128.0,3.0,0
flow_00.17,113.0,3.5,0
flow_0012.20,109.5,3.5,0
flow_201.42,119.0,6.5,0
flow_30.13,108.5,4.0,0
flow_101.18,39.0,3.5,0
flow_3012.28,108.0,4.0,0
flow_301.54,103.5,3.0,0
flow_20.21,130.5,4.0,0
flow_001.43,125.5,3.5,0
flow_20.22,127.5,3.0,0
flow_001.44,112.5,3.5,0
flow_20.23,114.0,3.0,0
flow_0012.21,112.5,6.0,0
flow_301.55,108.5,3.5,0
flow_301.56,106.5,3.0,0
flow_301.57,104.0,3.0,0
flow_201.43,129.0,3.5,0
flow_0012.22,128.0,6.5,0
flow_0012.23,114.5,4.5,0
flow_20.24,115.5,4.5,0
flow_001.45,111.5,3.5,0
flow_30.14,108.0,4.0,0
flow_101.19,26.5,3.0,0
flow_3012.29,108.0,4.0,0
flow_301.58,103.5,3.0,0
flow_20.25,129.5,4.0,0
flow_001.46,124.5,3.5,0
flow_201.44,112.0,3.0,0
flow_001.47,111.5,3.0,0
flow_201.45,110.0,3.0,0
flow_0012.24,110.0,6.0,0
flow_301.59,109.0,3.5,0
flow_3012.30,106.5,3.5,0
flow_301.60,104.5,3.0,0
flow_101.20,26.0,3.0,0
flow_2012.26,125.5,4.5,0
flow_0012.25,111.5,5.0,0
flow_001.48,108.0,3.0,0
flow_201.46,114.0,3.5,0
flow_201.47,111.0,3.5,0
flow_001.49,106.0,3.5,0
flow_3012.31,109.5,4.5,0
flow_10.6,44.5,6.5,0
flow_3012.32,109.0,5.5,0
flow_201.48,124.5,3.5,0
flow_001.50,109.5,3.5,0
flow_00.18,105.5,3.0,0
flow_201.49,112.0,3.0,0
flow_20.26,107.0,3.0,0
flow_00.19,101.5,3.0,0
flow_301.61,125.0,3.5,0
flow_101.21,57.5,4.0,0
flow_1012.9,44.0,4.0,0
flow_301.62,116.0,6.5,0
flow_2012.27,124.5,4.5,0
flow_00.20,110.5,6.5,0
flow_201.50,113.0,3.5,0
flow_0012.26,110.5,5.5,0
flow_00.21,104.0,3.5,0
flow_30.15,131.0,4.0,0
flow_101.22,40.5,3.5,0
flow_3012.33,129.5,4.0,0
flow_30.16,114.0,3.0,0
flow_20.27,126.0,4.0,0
flow_001.51,109.0,3.5,0
flow_201.51,112.5,3.0,0
flow_001.52,108.0,3.5,0
flow_201.52,110.0,3.0,0
flow_001.53,104.0,3.5,0
flow_301.63,131.5,3.5,0
flow_101.23,42.0,3.5,0
flow_101.24,35.0,3.0,0
flow_30.17,113.0,3.0,0
flow_301.64,130.0,3.5,0
flow_101.25,34.0,3.0,0
flow_00.22,107.5,4.0,0
flow_201.53,125.0,3.5,0
flow_20.28,110.5,3.0,0
flow_001.54,108.0,3.5,0
flow_201.54,110.0,3.0,0
flow_001.55,105.0,3.5,0
flow_101.0,23.0,2.0,0
flow_301.0,25.5,2.5,0
flow_101.1,26.5,2.5,0
flow_20.0,31.5,4.0,0
flow_001.0,39.0,3.5,0
flow_2012.0,31.5,4.0,0
flow_201.0,26.5,2.5,0
flow_20.1,22.5,2.0,0
flow_001.1,38.0,3.5,0
flow_30.0,38.0,4.0,0
flow_10.0,36.0,4.0,0
flow_301.1,36.5,3.0,0
flow_10.1,30.0,3.0,0
flow_101.2,36.5,3.5,0
flow_001.2,54.5,3.5,0
flow_001.3,53.5,3.0,0
flow_001.4,53.5,3.5,0
flow_3012.0,43.5,4.5,0
flow_30.1,40.5,3.0,0
flow_101.3,54.0,7.5,0
flow_3012.1,42.0,4.0,0
flow_001.5,70.0,3.5,0
flow_201.1,42.0,3.5,0
flow_201.2,30.5,3.0,0
flow_0012.0,72.0,5.5,0
flow_0012.1,64.0,4.5,0
flow_3012.2,59.5,4.5,0
flow_30.2,56.5,3.0,0
flow_101.4,78.0,7.5,0
flow_30.3,47.0,3.0,0
flow_101.5,73.5,3.5,0
flow_00.0,78.5,4.0,0
flow_201.3,33.0,3.5,0
flow_00.1,77.5,3.0,0
flow_00.2,77.5,3.0,0
flow_101.6,76.5,3.0,0
flow_30.4,65.5,4.0,0
flow_30.5,64.0,3.0,0
flow_10.2,75.5,3.0,0
flow_301.2,63.5,3.0,0
flow_101.7,76.0,3.5,0
flow_001.6,87.0,3.5,0
flow_201.4,47.0,4.0,0
flow_001.7,86.5,3.0,0
flow_201.5,45.5,3.5,0
flow_001.8,85.0,3.0,0
flow_201.6,44.0,3.0,0
flow_10.3,88.5,4.0,0
flow_30.6,74.0,4.0,0
flow_101.8,91.0,3.5,0
flow_3012.3,78.0,5.5,0
flow_301.3,72.5,3.0,0
flow_201.7,60.5,3.5,0
flow_001.9,103.5,4.0,0
flow_001.10,101.5,3.0,0
flow_201.8,39.0,3.5,0
flow_0012.2,101.5,4.5,0
flow_301.4,87.5,3.5,0
flow_101.9,107.0,3.5,0
flow_1012.0,85.5,4.0,0
flow_10.4,83.0,3.0,0
flow_301.5,65.5,7.0,0
flow_00.3,108.0,4.0,0
flow_001.11,106.5,3.0,0
flow_001.12,103.0,3.0,0
flow_10.5,100.5,4.0,0
flow_30.7,72.0,4.0,0
flow_10.6,95.5,3.0,0
flow_3012.4,73.0,6.0,0
flow_201.9,39.0,3.5,0
flow_001.13,108.5,3.5,0
flow_00.4,105.5,3.0,0
flow_201.10,34.0,3.0,0
flow_001.14,103.5,3.0,0
flow_2012.1,29.0,5.0,0
flow_101.10,117.0,3.5,0
flow_30.8,90.0,4.0,0
flow_101.11,116.5,3.0,0
flow_301.6,89.5,3.0,0
flow_1012.1,115.0,4.0,0
flow_3012.5,90.0,4.5,0
flow_00.5,107.0,4.0,0
flow_201.11,38.0,3.5,0
flow_001.15,106.5,3.0,0
flow_00.6,102.0,3.0,0
flow_30.9,104.5,4.0,0
flow_101.12,127.0,3.5,0
flow_301.7,95.5,3.0,0
flow_101.13,127.0,3.0,0
flow_301.8,94.5,3.0,0
flow_1012.2,118.0,6.0,0
flow_20.2,32.0,3.5,0
flow_001.16,108.5,3.5,0
flow_001.17,106.5,3.0,0
flow_001.18,104.5,3.5,0
flow_101.14,129.5,3.5,0
flow_301.9,107.0,3.5,0
flow_3012.6,106.5,4.0,0
flow_1012.3,114.0,4.0,0
flow_101.15,110.5,3.0,0
flow_301.10,99.0,3.5,0
flow_0012.3,109.0,4.5,0
flow_20.3,28.0,5.5,0
flow_0012.4,110.0,6.0,0
flow_1012.4,125.0,4.0,0
flow_3012.7,114.0,4.5,0
flow_10.7,111.0,3.0,0
flow_301.11,112.5,3.0,0
flow_10.8,105.5,3.0,0
flow_301.12,108.0,3.0,0
flow_001.19,125.5,3.5,0
flow_201.12,35.0,3.5,0
flow_001.20,113.0,3.0,0
flow_00.7,109.5,3.0,0
flow_101.16,109.0,3.5,0
flow_301.13,109.0,3.5,0
flow_1012.5,107.5,4.0,0
flow_10.9,101.5,3.0,0
flow_30.10,109.0,6.0,0
flow_30.11,105.5,4.0,0
flow_001.21,124.0,3.5,0
flow_00.8,110.5,3.0,0
flow_20.4,20.5,1.5,0
flow_00.9,108.5,3.0,0
flow_30.12,107.0,4.0,0
flow_101.17,109.0,3.5,0
flow_301.14,107.0,3.0,0
flow_10.10,101.5,2.5,0
flow_101.18,108.5,3.5,0
flow_301.15,105.5,3.5,0
flow_2012.2,38.5,4.5,0
flow_001.22,129.5,7.5,0
flow_00.10,114.5,3.5,0
flow_10.11,107.0,4.0,0
flow_301.16,109.0,3.5,0
flow_101.19,106.5,3.0,0
flow_10.12,101.5,3.0,0
flow_301.17,108.0,3.5,0
flow_3012.8,105.5,6.5,0
flow_00.11,130.0,4.0,0
flow_0012.5,129.0,4.0,0
flow_2012.3,28.0,3.5,0
flow_0012.6,116.0,4.0,0
flow_101.20,110.0,3.5,0
flow_301.18,109.5,3.5,0
flow_1012.6,107.0,3.5,0
flow_301.19,110.5,6.5,0
flow_1012.7,108.0,5.0,0
flow_001.23,130.0,3.5,0
flow_0012.7,113.0,4.0,0
flow_20.5,21.5,2.0,0
flow_001.24,110.5,3.0,0
flow_101.21,108.0,3.5,0
flow_301.20,125.5,3.5,0
flow_10.13,105.0,3.0,0
flow_30.13,111.0,3.0,0
flow_10.14,102.5,3.0,0
flow_301.21,110.0,3.0,0
flow_00.12,124.0,4.0,0
flow_201.13,40.5,3.5,0
flow_001.25,113.0,3.0,0
flow_2012.4,42.5,5.0,0
flow_301.22,124.5,3.5,0
flow_101.22,110.0,3.5,0
flow_30.14,111.0,3.0,0
flow_1012.8,110.5,7.0,0
flow_001.26,132.0,3.5,0
flow_00.13,127.5,3.0,0
flow_201.14,24.5,2.5,0
flow_001.27,112.0,2.5,0
flow_101.23,125.0,3.5,0
flow_301.23,131.5,3.5,0
flow_3012.9,129.5,4.0,0
flow_101.24,117.0,7.0,0
flow_3012.10,120.0,5.5,0
flow_001.28,127.5,3.5,0
flow_001.29,113.0,3.0,0
flow_001.30,110.5,3.5,0
flow_301.24,131.0,3.5,0
flow_1012.9,133.0,6.5,0
flow_3012.11,128.5,3.5,0
flow_30.15,113.5,3.0,0
flow_101.25,131.5,3.5,0
flow_0012.8,125.0,4.0,0
flow_201.15,43.0,7.0,0
flow_2012.5,41.0,3.5,0
flow_0012.9,115.5,5.0,0
flow_0012.10,114.0,4.5,0
flow_101.26,137.0,3.5,0
flow_301.25,128.5,3.5,0
flow_3012.12,112.5,4.0,0
flow_301.26,109.5,3.0,0
flow_101.27,139.5,7.0,0
flow_001.31,125.0,3.5,0
flow_201.16,29.5,3.5,0
flow_201.17,28.5,3.5,0
flow_0012.11,115.0,5.5,0
flow_0012.12,110.5,4.5,0
flow_3012.13,126.5,4.5,0
flow_301.27,112.0,3.0,0
flow_101.28,157.0,7.5,0
flow_30.16,104.0,3.0,0
flow_1012.10,146.5,5.5,0
flow_0012.13,110.0,4.5,0
flow_00.14,105.5,3.0,0
flow_001.32,103.5,3.0,0
flow_101.29,159.5,3.5,0
flow_301.28,109.0,3.5,0
flow_1012.11,156.5,3.5,0
flow_101.30,143.0,3.0,0
flow_301.29,110.0,6.5,0
flow_0012.14,109.0,4.5,0
flow_001.33,107.5,3.0,0
flow_00.15,102.0,3.0,0
flow_3012.14,125.5,4.5,0
flow_10.15,160.0,6.5,0
flow_3012.15,114.5,5.5,0
flow_0012.15,108.5,4.0,0
flow_2012.6,26.5,3.5,0
flow_20.6,20.5,2.0,0
flow_00.16,105.5,3.5,0
flow_0012.16,104.5,4.0,0
flow_101.31,164.5,4.0,0
flow_301.30,131.5,4.0,0
flow_101.32,159.5,3.0,0
flow_301.31,129.0,3.0,0
flow_101.33,142.0,2.5,0
flow_3012.16,117.5,5.5,0
flow_20.7,35.0,4.0,0
flow_001.34,109.0,3.5,0
flow_001.35,107.0,3.0,0
flow_00.17,104.0,4.0,0
flow_2012.7,28.0,4.5,0
flow_1012.12,156.0,4.5,0
flow_301.32,135.0,7.5,0
flow_101.34,140.5,3.0,0
flow_3012.17,132.5,4.0,0
flow_1012.13,135.5,4.0,0
flow_001.36,108.5,3.5,0
flow_201.18,44.5,3.5,0
flow_00.18,105.5,3.0,0
flow_201.19,36.0,3.5,0
flow_001.37,103.5,3.0,0
flow_1012.14,134.0,4.0,0
flow_30.17,138.5,6.5,0
flow_101.35,130.0,3.0,0
flow_30.18,135.5,4.0,0
flow_10.16,114.0,3.0,0
flow_30.19,131.0,3.5,0
flow_201.20,38.0,3.5,0
flow_00.19,108.5,4.0,0
flow_20.8,35.0,3.0,0
flow_001.38,107.5,3.0,0
flow_20.9,34.0,3.0,0
flow_0012.17,106.5,5.5,0
flow_10.17,130.5,4.0,0
flow_3012.18,140.0,7.5,0
flow_1012.15,129.0,4.0,0
flow_10.18,112.5,3.0,0
flow_30.20,134.5,3.5,0
flow_20.10,31.0,4.0,0
flow_0012.18,112.0,7.5,0
flow_00.20,108.5,3.5,0
flow_101.36,110.5,3.5,0
flow_301.33,137.0,3.5,0
flow_1012.16,107.0,3.5,0
flow_3012.19,134.5,4.0,0
flow_10.19,103.5,3.0,0
flow_301.34,116.5,3.0,0
flow_20.11,25.0,3.0,0
flow_001.39,125.0,3.5,0
flow_201.21,26.0,2.5,0
flow_0012.19,115.0,5.5,0
flow_0012.20,112.0,4.5,0
flow_10.20,108.0,4.0,0
flow_301.35,131.0,3.5,0
flow_101.37,106.0,3.0,0
flow_301.36,128.5,3.0,0
flow_1012.17,104.5,4.0,0
flow_30.21,115.0,6.0,0
flow_0012.21,125.0,4.5,0
flow_201.22,50.5,7.0,0
flow_001.40,113.0,3.0,0
flow_0012.22,109.5,3.5,0
flow_3012.20,126.0,4.0,0
flow_301.37,112.0,3.0,0
flow_101.38,113.5,7.5,0
flow_3012.21,110.0,4.0,0
flow_10.21,112.0,5.5,0
flow_2012.8,29.5,4.0,0
flow_001.41,129.0,7.0,0
flow_2012.9,32.0,5.5,0
flow_0012.23,116.5,4.0,0
flow_30.22,123.0,4.0,0
flow_101.39,127.0,4.0,0
flow_301.38,111.5,3.0,0
flow_1012.18,115.0,5.0,0
flow_1012.19,112.5,4.0,0
flow_001.42,131.5,3.5,0
flow_2012.10,38.0,5.5,0
flow_201.23,37.0,3.0,0
flow_001.43,130.5,3.5,0
flow_201.24,35.5,3.0,0
flow_301.39,127.5,3.5,0
flow_101.40,126.0,3.5,0
flow_3012.22,112.5,4.0,0
flow_10.22,114.5,6.0,0
flow_301.40,110.0,3.0,0
flow_1012.20,112.5,5.0,0
flow_001.44,136.0,3.5,0
flow_00.21,129.5,3.0,0
flow_001.45,115.5,3.0,0
flow_301.41,124.5,3.5,0
flow_101.41,125.5,3.5,0
flow_3012.23,113.5,4.0,0
flow_301.42,109.5,3.0,0
flow_101.42,116.0,7.0,0
flow_201.25,40.5,3.5,0
flow_0012.24,134.0,6.5,0
flow_001.46,130.5,3.5,0
flow_001.47,117.0,3.5,0
flow_30.23,124.5,4.0,0
flow_101.43,130.5,3.5,0
flow_10.23,127.5,3.0,0
flow_301.43,112.0,3.0,0
flow_10.24,111.0,3.0,0
flow_301.44,110.0,3.0,0
flow_0012.25,131.0,4.0,0
flow_2012.11,44.0,4.5,0
flow_001.48,129.5,3.0,0
flow_0012.26,113.0,3.5,0
flow_301.45,126.0,3.5,0
flow_101.44,128.0,4.0,0
flow_1012.21,113.0,4.0,0
flow_10.25,108.0,3.0,0
flow_301.46,116.5,7.0,0
flow_001.49,126.5,3.5,0
flow_201.26,44.0,3.5,0
flow_2012.12,43.0,3.5,0
flow_0012.27,112.0,4.0,0
flow_201.27,43.0,3.0,0
flow_001.50,108.5,3.0,0
flow_10.26,123.5,4.0,0
flow_301.47,131.5,4.0,0
flow_1012.22,113.5,4.0,0
flow_301.48,117.0,7.0,0
flow_1012.23,114.0,5.5,0
flow_20.12,42.5,4.0,0
flow_001.51,108.5,3.5,0
flow_0012.28,107.5,4.0,0
flow_001.52,106.0,3.5,0
flow_10.27,123.5,4.0,0
flow_301.49,131.5,3.5,0
flow_10.28,111.0,3.0,0
flow_301.50,129.0,3.0,0
flow_1012.24,107.5,4.0,0
flow_301.51,120.0,7.0,0
flow_2012.13,39.0,4.5,0
flow_001.53,112.5,7.5,0
flow_201.28,24.5,2.5,0
flow_001.54,110.0,3.0,0
flow_10.29,107.5,4.0,0
flow_301.52,131.0,3.5,0
flow_301.53,128.5,3.0,0
flow_101.45,107.0,3.0,0
flow_10.30,102.5,3.0,0
flow_30.24,114.5,3.0,0
flow_0012.29,124.0,4.0,0
flow_00.22,111.5,3.0,0
flow_201.29,39.0,7.0,0
flow_0012.30,109.5,3.5,0
flow_2012.14,29.0,4.0,0
flow_30.25,130.5,4.0,0
flow_101.46,109.0,3.5,0
flow_301.54,129.5,3.0,0
flow_101.47,107.5,3.0,0
flow_1012.25,104.5,4.0,0
flow_301.55,120.0,7.0,0
flow_201.30,44.5,3.5,0
flow_0012.31,128.0,6.5,0
flow_0012.32,115.0,4.5,0
flow_0012.33,112.0,4.5,0
flow_10.31,107.5,3.5,0
flow_301.56,128.0,3.5,0
flow_101.48,105.5,2.5,0
flow_3012.24,114.0,5.0,0
flow_30.26,106.5,3.5,0
flow_2012.15,42.0,4.5,0
flow_20.13,28.5,3.0,0
flow_20.14,27.5,3.0,0
flow_001.55,131.0,8.0,0
flow_20.15,24.0,2.5,0
flow_001.56,117.5,3.5,0
flow_30.27,107.5,4.0,0
flow_101.49,124.0,4.0,0
flow_30.28,105.0,3.0,0
flow_101.50,112.0,3.0,0
flow_101.51,110.0,3.0,0
flow_301.57,103.0,3.0,0
flow_201.31,38.5,3.5,0
flow_00.23,131.5,4.0,0
flow_0012.34,129.0,4.0,0
flow_001.57,113.0,3.0,0
flow_2012.16,28.5,5.5,0
flow_30.0,22.0,2.0,0
flow_001.0,39.5,3.5,0
flow_001.1,26.5,2.5,0
flow_301.0,38.5,3.5,0
flow_101.0,33.0,3.5,0
flow_3012.0,28.5,3.5,0
flow_1012.0,32.0,4.0,0
flow_10.0,29.5,3.0,0
flow_301.1,25.0,2.5,0
flow_1012.1,29.0,4.5,0
flow_001.2,38.0,3.5,0
flow_00.0,36.0,3.0,0
flow_201.0,24.5,2.5,0
flow_00.1,35.0,3.0,0
flow_301.2,44.0,4.0,0
flow_1012.2,34.5,6.0,0
flow_3012.1,42.5,4.0,0
flow_1012.3,30.5,4.5,0
flow_101.1,29.0,3.5,0
flow_001.3,53.5,3.5,0
flow_201.1,44.5,3.5,0
flow_00.2,51.5,3.0,0
flow_201.2,43.5,3.0,0
flow_001.4,53.0,3.0,0
flow_201.3,43.0,3.5,0
flow_301.3,62.0,4.0,0
flow_101.2,44.0,3.5,0
flow_3012.2,62.0,4.0,0
flow_30.1,58.0,2.5,0
flow_101.3,29.5,4.0,0
flow_2012.0,46.5,4.5,0
flow_201.4,28.0,2.5,0
flow_001.5,74.0,7.5,0
flow_00.3,71.0,3.5,0
flow_3012.3,78.0,4.5,0
flow_1012.4,47.5,4.5,0
flow_3012.4,79.0,4.5,0
flow_3012.5,57.0,4.5,0
flow_00.4,87.5,4.0,0
flow_001.6,88.0,3.0,0
flow_00.5,69.0,3.0,0
flow_30.2,71.5,4.0,0
flow_101.4,39.5,3.5,0
flow_30.3,61.5,3.0,0
flow_101.5,34.5,3.0,0
flow_301.4,64.0,4.0,0
flow_0012.0,88.0,4.0,0
flow_20.0,26.0,5.0,0
flow_00.6,86.5,3.0,0
flow_0012.1,86.5,3.5,0
flow_3012.6,79.0,4.5,0
flow_301.5,73.5,3.0,0
flow_101.6,48.0,7.5,0
flow_10.1,36.5,3.5,0
flow_301.6,68.0,3.0,0
flow_20.1,32.5,4.0,0
flow_001.7,96.5,3.5,0
flow_001.8,87.0,3.0,0
flow_00.7,83.5,3.0,0
flow_201.5,29.0,3.0,0
flow_30.4,84.0,4.0,0
flow_101.7,55.5,3.5,0
flow_3012.7,85.0,4.0,0
flow_10.2,57.0,6.0,0
flow_1012.5,54.0,4.5,0
flow_3012.8,88.0,6.5,0
flow_2012.1,30.5,4.0,0
flow_001.9,102.5,7.0,0
flow_20.2,24.0,2.5,0
flow_2012.2,34.5,5.5,0
flow_3012.9,101.5,4.5,0
flow_1012.6,70.5,4.5,0
flow_3012.10,96.5,4.0,0
flow_30.5,93.5,3.0,0
flow_10.3,72.0,6.0,0
flow_101.8,70.5,3.5,0
flow_201.6,33.5,3.5,0
flow_001.10,123.0,3.5,0
flow_001.11,124.5,3.5,0
flow_201.7,27.0,3.0,0
flow_001.12,117.5,3.5,0
flow_3012.11,108.5,4.0,0
flow_10.4,89.5,6.5,0
flow_3012.12,110.5,6.0,0
flow_00.8,131.5,4.0,0
flow_2012.3,47.5,7.5,0
flow_201.8,32.0,3.0,0
flow_001.13,133.5,3.0,0
flow_30.6,106.5,4.0,0
flow_101.9,109.5,4.0,0
flow_10.5,92.5,3.0,0
flow_3012.13,102.5,6.5,0
flow_10.6,95.5,5.5,0
flow_00.9,137.0,4.0,0
flow_2012.4,54.0,7.5,0
flow_00.10,137.0,5.0,0
flow_20.3,50.0,3.5,0
flow_301.7,119.5,3.5,0
flow_101.10,110.5,3.5,0
flow_101.11,111.5,3.5,0
flow_301.8,111.5,3.5,0
flow_30.7,107.5,3.0,0
flow_101.12,110.5,3.5,0
flow_0012.2,154.0,4.5,0
flow_201.9,67.0,7.5,0
flow_0012.3,143.5,5.0,0
flow_0012.4,140.5,4.5,0
flow_301.9,117.0,3.5,0
flow_101.13,126.0,3.5,0
flow_101.14,125.0,3.0,0
flow_301.10,112.0,3.0,0
flow_1012.7,116.0,4.0,0
flow_301.11,115.0,7.0,0
flow_201.10,64.0,3.0,0
flow_0012.5,155.5,6.0,0
flow_001.14,139.0,3.0,0
flow_0012.6,116.5,3.5,0
flow_30.8,110.5,4.0,0
flow_101.15,132.5,4.0,0
flow_10.7,127.5,3.0,0
flow_301.12,109.5,3.0,0
flow_10.8,113.5,3.0,0
flow_301.13,106.0,3.0,0
flow_001.15,131.5,3.5,0
flow_001.16,128.5,3.0,0
flow_00.11,111.0,3.0,0
flow_301.14,122.0,3.5,0
flow_101.16,111.0,3.5,0
flow_3012.14,111.5,4.0,0
flow_301.15,108.0,3.0,0
flow_101.17,111.0,6.5,0
flow_201.11,26.0,3.0,0
flow_001.17,126.5,3.5,0
flow_201.12,26.0,2.5,0
flow_001.18,113.5,3.5,0
flow_0012.7,109.0,4.5,0
flow_1012.8,126.0,4.5,0
flow_3012.15,109.0,4.5,0
flow_1012.9,112.5,4.0,0
flow_30.9,109.0,6.0,0
flow_101.18,110.0,3.0,0
flow_301.16,105.5,3.0,0
flow_00.12,108.5,4.0,0
flow_201.13,47.0,3.5,0
flow_0012.8,106.5,4.0,0
flow_001.19,103.0,3.0,0
flow_3012.16,109.0,4.5,0
flow_10.9,127.5,6.5,0
flow_3012.17,108.5,5.5,0
flow_10.10,117.5,7.5,0
flow_2012.5,31.0,4.5,0
flow_201.14,30.0,3.0,0
flow_001.20,112.5,7.5,0
flow_001.21,111.0,3.5,0
flow_1012.10,132.0,4.5,0
flow_30.10,126.5,6.5,0
flow_101.19,129.0,3.0,0
flow_30.11,113.5,4.0,0
flow_101.20,116.0,3.5,0
flow_301.17,111.5,3.0,0
flow_001.22,125.0,3.5,0
flow_001.23,112.5,3.0,0
flow_00.13,108.5,3.0,0
flow_3012.18,125.5,4.5,0
flow_1012.11,134.0,5.0,0
flow_1012.12,130.0,4.0,0
flow_1012.13,116.0,4.0,0
flow_301.18,120.0,7.0,0
flow_201.15,34.0,3.5,0
flow_0012.9,128.0,6.5,0
flow_0012.10,114.0,4.0,0
flow_001.24,110.0,2.5,0
flow_30.12,130.5,4.0,0
flow_101.21,128.0,3.5,0
flow_301.19,128.5,3.0,0
flow_1012.14,115.5,5.0,0
flow_101.22,111.5,3.0,0
flow_2012.6,28.0,4.0,0
flow_001.25,129.0,7.0,0
flow_201.16,23.0,2.0,0
flow_00.14,114.5,3.5,0
flow_1012.15,125.5,4.5,0
flow_301.20,140.0,7.0,0
flow_1012.16,115.5,5.0,0
flow_101.23,108.5,2.5,0
flow_0012.11,132.0,4.5,0
flow_001.26,129.5,3.0,0
flow_00.15,111.5,3.0,0
flow_101.24,108.5,3.5,0
flow_301.21,159.0,3.5,0
flow_101.25,107.0,3.0,0
flow_301.22,157.0,3.0,0
flow_30.13,141.0,3.0,0
flow_10.11,104.5,3.0,0
flow_2012.7,41.0,4.5,0
flow_001.27,130.0,7.0,0
flow_0012.12,115.5,3.5,0
flow_2012.8,37.5,5.0,0
flow_3012.19,158.0,4.5,0
flow_1012.17,110.0,4.5,0
flow_10.12,105.5,3.0,0
flow_301.23,141.0,3.0,0
flow_101.26,104.5,3.0,0
flow_301.24,138.5,3.0,0
flow_201.17,29.5,3.5,0
flow_0012.13,134.0,6.5,0
flow_0012.14,130.5,4.0,0
flow_0012.15,116.0,4.0,0
flow_301.25,152.5,3.5,0
flow_1012.18,111.5,6.5,0
flow_3012.20,140.0,4.0,0
flow_10.13,107.5,4.5,0
flow_30.14,130.5,3.0,0
flow_2012.9,33.0,4.0,0
flow_00.16,132.5,6.5,0
flow_201.18,29.0,2.5,0
flow_00.17,129.0,4.0,0
flow_00.18,113.5,3.5,0
flow_2012.10,34.0,7.0,0
flow_101.27,124.5,3.5,0
flow_30.15,136.5,4.0,0
flow_10.14,111.0,3.0,0
flow_301.26,134.0,3.0,0
flow_101.28,108.5,2.5,0
flow_301.27,113.5,2.5,0
flow_00.19,125.0,4.0,0
flow_20.4,31.0,3.5,0
flow_0012.16,113.0,3.5,0
flow_201.19,29.0,6.0,0
flow_0012.17,114.0,6.0,0
flow_101.29,124.5,3.5,0
flow_301.28,110.0,3.5,0
flow_30.16,105.0,3.0,0
flow_10.15,111.0,3.0,0
flow_301.29,103.5,3.0,0
flow_1012.19,112.0,5.0,0
flow_201.20,39.5,3.5,0
flow_001.28,126.0,3.5,0
flow_00.20,108.0,3.0,0
flow_001.29,104.5,3.0,0
flow_3012.21,108.5,4.0,0
flow_1012.20,126.0,4.5,0
flow_101.30,112.5,3.0,0
flow_301.30,108.0,3.0,0
flow_30.17,102.5,3.0,0
flow_10.16,109.0,3.0,0
flow_001.30,107.5,3.5,0
flow_20.5,23.5,2.5,0
flow_0012.18,109.0,6.0,0
flow_0012.19,105.5,4.5,0
flow_30.18,108.0,4.0,0
flow_101.31,125.5,3.5,0
flow_10.17,111.0,3.0,0
flow_301.31,107.0,3.0,0
flow_1012.21,107.5,4.0,0
flow_301.32,107.5,6.5,0
flow_001.31,109.5,3.5,0
flow_0012.20,107.5,4.0,0
flow_001.32,104.0,3.0,0
flow_1012.22,109.5,4.5,0
flow_3012.22,108.5,4.5,0
flow_10.18,105.0,3.0,0
flow_301.33,106.5,3.0,0
flow_1012.23,104.5,4.0,0
flow_30.19,104.5,5.5,0
flow_2012.11,37.5,4.5,0
flow_201.21,25.5,2.5,0
flow_001.33,113.5,7.5,0
flow_0012.21,109.5,4.0,0
flow_3012.23,109.0,4.5,0
flow_301.34,107.0,3.0,0
flow_101.32,113.5,7.5,0
flow_301.35,104.0,3.0,0
flow_1012.24,113.0,5.0,0
flow_001.34,124.5,3.5,0
flow_00.21,111.0,3.0,0
flow_00.22,110.0,3.0,0
flow_2012.12,27.5,5.5,0
flow_101.33,125.5,3.5,0
flow_3012.24,112.0,5.5,0
flow_301.36,108.0,3.0,0
flow_101.34,115.0,3.5,0
flow_301.37,105.0,3.0,0
flow_00.23,124.0,4.0,0
flow_201.22,39.5,3.5,0
flow_00.24,111.5,3.0,0
flow_201.23,36.0,3.0,0
flow_00.25,109.0,3.0,0
flow_30.20,107.5,4.0,0
flow_10.19,130.5,4.0,0
flow_30.21,106.5,3.5,0
flow_1012.25,132.5,6.0,0
flow_30.22,104.5,5.5,0
flow_2012.13,36.5,4.5,0
flow_20.6,27.5,3.0,0
flow_00.26,126.0,6.0,0
flow_001.35,113.5,3.0,0
flow_001.36,111.0,3.0,0
flow_3012.25,109.0,4.5,0
flow_30.23,105.0,3.0,0
flow_101.35,140.5,7.0,0
flow_10.20,137.0,3.5,0
flow_301.38,103.5,3.0,0
flow_00.27,124.5,4.0,0
flow_00.28,108.5,3.0,0
flow_0012.22,106.0,4.0,0
flow_10.21,151.5,4.0,0
flow_301.39,109.0,3.5,0
flow_30.24,105.0,3.0,0
flow_101.36,140.0,3.0,0
flow_101.37,138.0,3.0,0
flow_301.40,104.5,3.0,0
flow_00.29,108.0,4.0,0
flow_201.24,37.5,3.5,0
flow_00.30,106.5,3.5,0
flow_00.31,103.0,3.0,0
flow_101.38,153.5,3.5,0
flow_301.41,109.0,3.5,0
flow_3012.26,106.0,4.0,0
flow_1012.26,139.0,4.0,0
flow_1012.27,133.5,4.0,0
flow_001.37,108.5,3.5,0
flow_001.38,106.5,3.0,0
flow_001.39,104.0,3.0,0
flow_101.39,136.0,3.5,0
flow_301.42,124.0,3.5,0
flow_301.43,112.5,3.0,0
flow_1012.28,135.0,6.0,0
flow_101.40,117.0,3.0,0
flow_20.7,38.0,4.0,0
flow_001.40,109.0,3.5,0
flow_00.32,105.0,3.0,0
flow_201.25,34.0,3.5,0
flow_001.41,103.0,3.0,0
flow_201.26,33.5,4.0,0
flow_10.22,128.0,4.0,0
flow_30.25,130.5,4.0,0
flow_10.23,108.5,3.0,0
flow_301.44,128.5,3.0,0
flow_301.45,115.5,3.0,0
flow_101.41,105.5,3.0,0
flow_00.33,108.0,4.0,0
flow_201.27,36.0,3.5,0
flow_001.42,107.0,3.0,0
flow_2012.14,27.5,4.0,0
flow_10.24,108.0,4.0,0
flow_30.26,130.5,4.0,0
flow_301.46,129.0,3.0,0
flow_1012.29,110.0,5.0,0
flow_101.42,105.0,3.0,0
flow_001.43,126.0,3.5,0
flow_201.28,36.0,3.5,0
flow_001.44,113.5,3.5,0
flow_001.45,110.5,3.5,0
flow_30.27,135.0,4.0,0
flow_101.43,109.0,3.5,0
flow_3012.27,134.5,3.5,0
flow_30.28,130.0,3.0,0
flow_101.44,110.0,6.5,0
flow_00.34,124.0,4.0,0
flow_201.29,31.0,3.5,0
flow_001.46,111.5,2.5,0
flow_001.47,111.5,3.5,0
flow_3012.28,137.5,4.5,0
flow_301.47,132.5,2.5,0
flow_101.45,129.0,7.5,0
flow_30.29,114.5,3.0,0
flow_10.25,114.5,3.5,0
flow_001.48,125.0,3.5,0
flow_0012.23,111.5,3.5,0
flow_001.49,110.0,3.0,0
flow_101.46,131.0,3.5,0
flow_301.48,131.5,4.0,0
flow_1012.30,128.5,4.0,0
flow_301.49,116.0,6.5,0
flow_1012.31,119.5,5.0,0
flow_20.8,25.5,2.5,0
flow_00.35,126.0,4.0,0
flow_001.50,113.0,3.0,0
flow_00.36,106.5,3.0,0
flow_3012.29,131.0,4.0,0
flow_301.50,128.0,3.0,0
flow_101.47,135.0,7.0,0
flow_301.51,115.5,3.0,0
flow_101.48,132.5,3.0,0
flow_001.51,109.0,3.5,0
flow_001.52,106.5,3.0,0
flow_0012.24,104.0,3.5,0
flow_101.0,28.0,3.5,0
flow_0012.0,39.5,4.5,0
flow_20.0,38.5,6.5,0
flow_2012.0,38.0,4.0,0
flow_0012.1,40.0,5.5,0
flow_30.0,32.5,3.5,0
flow_101.1,43.5,3.5,0
flow_101.2,34.5,3.0,0
flow_301.0,33.0,3.0,0
flow_101.3,27.5,3.0,0
flow_001.0,52.0,3.5,0
flow_20.1,44.0,4.0,0
flow_201.0,35.0,3.0,0
flow_0012.2,45.5,5.0,0
flow_001.1,43.0,3.0,0
flow_1012.0,43.5,4.0,0
flow_10.0,42.5,3.0,0
flow_101.4,33.0,3.0,0
flow_201.1,54.0,3.5,0
flow_0012.3,61.0,6.0,0
flow_0012.4,52.5,4.0,0
flow_20.2,57.5,4.5,0
flow_00.0,40.0,3.0,0
flow_101.5,50.5,3.5,0
flow_301.1,26.0,3.0,0
flow_1012.1,50.5,4.0,0
flow_1012.2,49.0,4.0,0
flow_00.1,55.5,4.0,0
flow_201.2,75.0,3.5,0
flow_001.2,56.0,3.0,0
flow_201.3,62.0,3.0,0
flow_0012.5,55.0,3.5,0
flow_201.4,56.5,6.5,0
flow_10.1,65.0,4.0,0
flow_101.6,65.5,3.0,0
flow_101.7,64.0,3.0,0
flow_2012.1,70.0,4.0,0
flow_00.2,74.5,6.5,0
flow_20.3,68.0,3.0,0
flow_001.3,72.5,3.0,0
flow_201.5,65.5,3.0,0
flow_0012.6,74.0,4.5,0
flow_10.2,81.0,4.0,0
flow_101.8,65.5,2.5,0
flow_10.3,64.5,3.0,0
flow_20.4,79.0,4.0,0
flow_001.4,88.5,3.5,0
flow_20.5,69.5,3.0,0
flow_0012.7,90.0,5.5,0
flow_301.2,38.0,3.5,0
flow_1012.3,86.5,6.5,0
flow_101.9,84.0,3.0,0
flow_101.10,83.0,3.0,0
flow_201.6,88.0,3.5,0
flow_0012.8,111.0,6.5,0
flow_001.5,108.0,3.0,0
flow_201.7,90.0,4.0,0
flow_0012.9,107.5,4.0,0
flow_3012.0,39.0,4.5,0
flow_101.11,94.5,7.5,0
flow_1012.4,90.0,4.0,0
flow_2012.2,108.0,4.0,0
flow_00.3,125.0,6.5,0
flow_2012.3,95.5,5.5,0
flow_0012.10,115.0,4.5,0
flow_0012.11,112.0,4.0,0
flow_101.12,100.0,3.5,0
flow_301.3,30.5,3.5,0
flow_10.4,94.0,3.0,0
flow_1012.5,67.5,4.0,0
flow_201.8,104.5,3.5,0
flow_0012.12,128.0,6.5,0
flow_00.4,112.5,3.5,0
flow_201.9,86.0,4.0,0
flow_001.6,110.5,3.0,0
flow_10.5,83.0,4.0,0
flow_3012.1,35.0,7.0,0
flow_10.6,84.5,5.0,0
flow_3012.2,37.0,6.5,0
flow_00.5,123.5,3.5,0
flow_201.10,105.5,4.0,0
flow_0012.13,113.5,4.0,0
flow_20.6,105.0,6.5,0
flow_2012.4,103.0,5.0,0
flow_0012.14,111.5,7.0,0
flow_101.13,86.0,3.5,0
flow_101.14,82.0,3.0,0
flow_101.15,71.0,3.5,0
flow_00.6,106.5,4.0,0
flow_201.11,119.0,3.5,0
flow_001.7,106.5,3.0,0
flow_2012.5,120.5,5.0,0
flow_2012.6,119.0,4.0,0
flow_1012.6,87.5,4.5,0
flow_1012.7,66.0,4.0,0
flow_101.16,65.0,3.0,0
flow_301.4,29.5,6.0,0
flow_20.7,131.5,4.0,0
flow_001.8,125.5,4.0,0
flow_201.12,131.5,3.0,0
flow_001.9,113.0,3.5,0
flow_001.10,109.5,3.0,0
flow_201.13,115.5,3.0,0
flow_101.17,50.5,3.5,0
flow_301.5,46.5,3.5,0
flow_10.7,26.5,2.5,0
flow_1012.8,23.5,2.5,0
flow_20.8,110.5,3.0,0
flow_0012.15,127.0,5.0,0
flow_2012.7,131.5,5.0,0
flow_001.11,114.0,3.5,0
flow_201.14,107.0,3.0,0
flow_0012.16,112.0,5.0,0
flow_1012.9,42.5,4.5,0
flow_101.18,26.0,3.0,0
flow_301.6,25.5,2.5,0
flow_2012.8,108.5,4.0,0
flow_201.15,106.5,3.0,0
flow_001.12,129.0,7.5,0
flow_2012.9,103.0,4.0,0
flow_00.7,116.5,5.5,0
flow_10.8,41.0,4.0,0
flow_101.19,42.5,3.0,0
flow_101.20,41.0,3.0,0
flow_001.13,130.5,3.5,0
flow_201.16,109.0,3.5,0
flow_0012.17,129.0,4.0,0
flow_001.14,115.5,3.0,0
flow_201.17,110.0,7.0,0
flow_3012.3,42.0,4.5,0
flow_10.9,60.0,6.5,0
flow_10.10,50.0,4.0,0
flow_101.21,49.5,2.5,0
flow_2012.10,125.0,4.5,0
flow_001.15,133.5,7.0,0
flow_2012.11,115.5,5.0,0
flow_0012.18,116.0,4.0,0
flow_3012.4,37.0,4.5,0
flow_1012.10,65.5,4.5,0
flow_101.22,54.0,3.0,0
flow_101.23,54.0,3.5,0
flow_001.16,131.0,3.5,0
flow_201.18,131.5,3.5,0
flow_0012.19,130.0,4.0,0
flow_00.8,113.5,3.0,0
flow_201.19,133.5,7.0,0
flow_101.24,70.0,3.5,0
flow_301.7,45.0,3.5,0
flow_1012.11,59.0,4.5,0
flow_101.25,57.0,3.0,0
flow_301.8,48.5,7.0,0
flow_201.20,136.5,3.5,0
flow_001.17,131.5,3.5,0
flow_2012.12,135.0,4.0,0
flow_00.9,130.5,6.0,0
flow_2012.13,135.0,6.5,0
flow_00.10,118.0,7.5,0
flow_101.26,69.5,4.0,0
flow_101.27,66.0,3.0,0
flow_101.28,54.0,3.5,0
flow_001.18,126.0,3.5,0
flow_201.21,137.0,3.5,0
flow_20.9,133.5,3.0,0
flow_001.19,113.5,3.5,0
flow_0012.20,109.5,3.5,0
flow_2012.14,132.5,4.0,0
flow_301.9,38.5,3.5,0
flow_1012.12,74.0,6.5,0
flow_10.11,64.5,3.5,0
flow_101.29,38.5,3.0,0
flow_201.22,136.5,3.5,0
flow_0012.21,128.5,6.5,0
flow_0012.22,112.0,4.5,0
flow_0012.23,107.0,4.5,0
flow_201.23,140.0,7.0,0
flow_1012.13,56.0,4.5,0
flow_301.10,42.5,7.5,0
flow_1012.14,57.5,5.5,0
flow_1012.15,57.0,4.5,0
flow_201.24,137.0,3.5,0
flow_0012.24,112.0,6.5,0
flow_2012.15,132.5,3.5,0
flow_20.10,113.5,3.0,0
flow_001.20,111.5,3.5,0
flow_101.30,64.5,3.5,0
flow_301.11,59.0,3.5,0
flow_101.31,64.0,3.0,0
flow_301.12,30.0,3.0,0
flow_101.32,64.5,3.5,0
flow_001.21,125.5,3.5,0
flow_201.25,129.5,3.5,0
flow_001.22,112.0,3.0,0
flow_201.26,112.5,3.0,0
flow_00.11,108.5,3.0,0
flow_201.27,110.5,3.5,0
flow_10.12,80.0,4.0,0
flow_301.13,42.0,3.5,0
flow_30.1,28.0,3.0,0
flow_101.33,78.5,3.0,0
flow_10.13,75.0,3.0,0
flow_001.23,125.0,3.5,0
flow_201.28,126.5,4.0,0
flow_0012.25,113.0,4.0,0
flow_2012.16,114.0,4.5,0
flow_0012.26,110.0,4.0,0
flow_20.11,112.0,6.0,0
flow_10.14,90.5,4.0,0
flow_30.2,39.0,4.0,0
flow_1012.16,94.5,4.5,0
flow_3012.5,26.0,3.5,0
flow_101.34,95.0,6.5,0
flow_201.29,125.5,3.5,0
flow_001.24,126.0,3.5,0
flow_2012.17,113.0,4.0,0
flow_00.12,114.0,6.5,0
flow_20.12,102.5,3.0,0
flow_001.25,111.0,3.5,0
flow_3012.6,38.0,4.5,0
flow_10.15,109.5,6.5,0
flow_10.16,104.5,4.0,0
flow_301.14,27.0,3.0,0
flow_1012.17,104.5,4.5,0
flow_0012.27,125.0,4.5,0
flow_2012.18,110.0,4.5,0
flow_0012.28,111.5,4.0,0
flow_001.26,106.5,3.0,0
flow_201.30,111.0,4.0,0
flow_10.17,107.5,4.0,0
flow_1012.18,105.5,3.5,0
flow_3012.7,25.0,3.0,0
flow_1012.19,105.0,4.0,0
flow_00.13,107.5,4.0,0
flow_201.31,125.0,3.5,0
flow_001.27,107.0,3.0,0
flow_2012.19,115.5,5.0,0
flow_20.13,110.5,3.5,0
flow_101.35,108.5,3.5,0
flow_1012.20,107.0,3.5,0
flow_101.36,104.0,3.0,0
flow_301.15,25.5,3.0,0
flow_2012.20,125.5,4.5,0
flow_001.28,129.0,7.0,0
flow_201.32,113.5,3.5,0
flow_001.29,116.0,3.0,0
flow_201.33,111.0,3.5,0
flow_3012.8,36.0,4.5,0
flow_101.37,112.5,7.0,0
flow_3012.9,31.0,5.0,0
flow_201.34,125.0,3.5,0
flow_0012.29,135.0,6.5,0
flow_001.30,130.0,3.0,0
flow_201.35,115.5,3.5,0
flow_001.31,118.0,3.5,0
flow_101.38,131.0,3.5,0
flow_101.39,127.5,3.0,0
flow_1012.21,114.5,3.5,0
flow_00.14,129.0,4.0,0
flow_201.36,130.5,3.5,0
flow_20.14,127.5,3.0,0
flow_00.15,127.0,3.0,0
flow_20.15,113.5,3.0,0
flow_0012.30,118.5,6.0,0
flow_301.16,24.0,2.0,0
flow_10.18,129.5,4.0,0
flow_10.19,126.5,3.0,0
flow_101.40,115.0,3.0,0
flow_201.37,127.5,3.5,0
flow_0012.31,134.0,6.5,0
flow_00.16,128.0,3.5,0
flow_201.38,115.0,4.0,0
flow_001.32,116.5,3.0,0
flow_101.41,133.0,4.0,0
flow_101.42,129.5,3.0,0
flow_101.43,115.5,3.0,0
flow_201.39,131.0,3.5,0
flow_0012.32,133.5,6.5,0
flow_001.33,111.5,3.0,0
flow_00.17,103.5,3.0,0
flow_20.16,130.0,3.5,0
flow_1012.22,131.5,4.5,0
flow_3012.10,40.5,4.5,0
flow_1012.23,129.0,4.0,0
flow_101.44,112.5,3.0,0
flow_2012.21,136.0,4.0,0
flow_0012.33,108.0,4.0,0
flow_201.40,135.0,3.0,0
flow_001.34,108.5,3.5,0
flow_2012.22,133.0,4.0,0
flow_001.35,107.0,6.5,0
flow_10.20,109.0,4.0,0
flow_101.45,106.5,3.0,0
flow_101.46,104.0,3.0,0
flow_001.36,108.5,3.5,0
flow_201.41,137.0,3.5,0
flow_2012.23,132.5,4.0,0
flow_001.37,111.0,7.0,0
flow_2012.24,119.0,5.0,0
flow_1012.24,108.0,4.0,0
flow_3012.11,24.5,3.0,0
flow_10.21,106.0,3.0,0
flow_101.47,105.0,3.0,0
flow_0012.34,124.5,4.0,0
flow_20.17,132.5,6.5,0
flow_001.38,112.5,3.0,0
flow_201.42,129.0,3.5,0
flow_001.39,109.5,3.0,0
flow_201.43,117.0,3.5,0
flow_301.17,41.5,3.5,0
flow_101.48,109.5,3.5,0
flow_1012.25,106.5,3.5,0
flow_10.22,102.0,3.0,0
flow_00.18,123.5,4.0,0
flow_20.18,128.0,4.0,0
flow_2012.25,112.0,4.0,0
flow_0012.35,113.5,4.0,0
flow_201.44,108.5,3.0,0
flow_001.40,112.0,3.5,0
flow_101.49,108.5,3.5,0
flow_301.18,26.0,2.5,0
flow_101.50,106.5,3.0,0
flow_101.51,104.0,3.0,0
flow_0012.36,124.5,4.5,0
flow_2012.26,109.0,4.5,0
flow_001.41,112.5,3.0,0
flow_201.45,108.0,3.0,0
flow_001.42,109.0,2.5,0
flow_20.19,104.5,3.0,0
flow_10.23,107.5,4.0,0
flow_301.19,25.5,2.5,0
flow_101.52,106.5,3.0,0
flow_10.24,102.0,3.0,0
flow_2012.27,109.0,4.5,0
flow_001.43,128.0,7.0,0
flow_201.46,107.5,3.0,0
flow_2012.28,104.0,4.0,0
flow_1012.26,109.5,4.5,0
flow_301.20,29.0,6.0,0
flow_1012.27,109.5,5.5,0
flow_10.25,103.0,3.5,0
flow_20.20,107.5,4.0,0
flow_001.44,136.0,4.0,0
flow_00.19,130.0,3.0,0
flow_20.21,104.5,3.0,0
flow_20.22,103.5,3.0,0
flow_001.45,116.5,3.0,0
flow_30.3,38.0,4.0,0
flow_101.53,109.5,3.5,0
flow_3012.12,39.5,4.0,0
flow_30.4,26.5,2.5,0
flow_101.54,111.0,7.0,0
flow_001.46,132.0,3.5,0
flow_201.47,109.5,3.5,0
flow_20.23,105.0,3.0,0
flow_001.47,130.0,3.5,0
flow_00.20,114.0,3.0,0
flow_201.48,104.0,3.0,0
flow_1012.28,125.5,4.5,0
flow_3012.13,43.0,4.5,0
flow_10.26,110.5,3.0,0
flow_301.21,38.5,3.0,0
flow_101.55,110.0,3.0,0
flow_3012.14,29.0,5.5,0
flow_0012.37,131.5,4.5,0
flow_00.21,126.5,3.0,0
flow_20.24,110.5,6.5,0
flow_2012.29,110.0,5.5,0
flow_0012.38,116.0,4.0,0
flow_1012.29,125.5,4.5,0
flow_101.56,112.5,3.0,0
flow_301.22,29.5,3.5,0
flow_101.57,110.0,3.0,0
flow_2012.30,125.0,4.5,0
flow_20.25,110.5,3.0,0
flow_001.48,135.0,7.0,0
flow_20.26,108.0,3.0,0
flow_0012.39,134.5,5.0,0
flow_301.23,42.0,3.5,0
flow_101.58,126.0,3.5,0
flow_10.27,110.5,3.0,0
flow_1012.30,110.5,4.0,0
flow_001.49,133.5,3.5,0
flow_201.49,126.0,3.5,0
flow_2012.31,114.0,4.5,0
flow_201.50,110.5,3.0,0
flow_001.50,118.5,7.0,0
flow_1012.0,25.0,3.0,0
flow_301.0,27.0,3.0,0
flow_101.0,26.0,3.0,0
flow_00.0,38.0,4.0,0
flow_00.1,35.5,3.0,0
flow_0012.0,35.5,3.5,0
flow_1012.1,44.0,4.0,0
flow_3012.0,32.0,4.0,0
flow_30.0,24.5,2.5,0
flow_101.1,45.0,3.5,0
flow_301.1,26.0,2.5,0
flow_1012.2,43.5,4.5,0
flow_001.0,53.5,3.5,0
flow_201.0,44.5,3.5,0
flow_001.1,52.5,3.0,0
flow_201.1,27.0,3.0,0
flow_001.2,52.5,3.5,0
flow_301.2,41.0,3.5,0
flow_1012.3,62.0,6.5,0
flow_1012.4,53.5,4.5,0
flow_10.0,49.5,3.0,0
flow_301.3,41.5,4.0,0
flow_001.3,69.5,3.5,0
flow_00.2,64.5,3.5,0
flow_2012.0,36.5,5.5,0
flow_2012.1,28.0,6.0,0
flow_301.4,48.0,3.5,0
flow_101.2,60.0,3.5,0
flow_10.1,57.0,3.0,0
flow_301.5,44.5,3.0,0
flow_30.1,40.5,3.0,0
flow_10.2,55.5,3.0,0
flow_0012.1,83.5,4.0,0
flow_2012.2,41.0,4.0,0
flow_00.3,82.0,3.0,0
flow_00.4,81.0,3.0,0
flow_101.3,73.5,3.5,0
flow_301.6,47.0,3.5,0
flow_301.7,46.5,3.0,0
flow_101.4,73.5,3.0,0
flow_30.2,43.5,3.0,0
flow_101.5,54.0,3.5,0
flow_20.0,24.0,2.5,0
flow_001.4,100.0,3.5,0
flow_00.5,98.5,3.0,0
flow_001.5,98.0,3.0,0
flow_30.3,62.0,4.0,0
flow_101.6,70.5,3.5,0
flow_301.8,63.5,3.5,0
flow_1012.5,74.0,5.0,0
flow_1012.6,70.0,4.5,0
flow_0012.2,107.0,4.0,0
flow_001.6,88.0,3.0,0
flow_201.2,28.5,3.0,0
flow_001.7,87.5,3.5,0
flow_201.3,27.0,3.0,0
flow_30.4,79.0,4.0,0
flow_10.3,66.0,4.0,0
flow_101.7,66.5,3.0,0
flow_10.4,64.5,3.0,0
flow_301.9,73.0,3.5,0
flow_301.10,58.5,3.0,0
flow_001.8,104.5,3.5,0
flow_00.6,102.5,3.0,0
flow_201.4,45.5,4.0,0
flow_00.7,101.0,3.0,0
flow_10.5,82.0,4.0,0
flow_301.11,69.5,3.5,0
flow_101.8,82.5,3.0,0
flow_301.12,61.5,3.5,0
flow_1012.7,82.0,4.0,0
flow_301.13,63.5,7.0,0
flow_201.5,25.0,2.5,0
flow_00.8,109.0,4.0,0
flow_0012.3,107.5,4.0,0
flow_00.9,103.0,3.0,0
flow_3012.1,59.5,4.0,0
flow_301.14,58.0,3.0,0
flow_101.9,103.0,7.0,0
flow_3012.2,56.5,3.5,0
flow_10.6,103.0,5.5,0
flow_2012.3,28.0,4.0,0
flow_001.9,113.5,7.0,0
flow_201.6,28.0,3.5,0
flow_0012.4,113.0,5.0,0
flow_3012.3,74.5,4.5,0
flow_30.5,55.0,3.0,0
flow_101.10,122.5,7.5,0
flow_301.15,54.0,2.5,0
flow_101.11,116.5,3.5,0
flow_001.10,125.0,3.5,0
flow_00.10,110.5,3.0,0
flow_001.11,110.0,3.0,0
flow_301.16,72.5,3.5,0
flow_101.12,132.0,3.5,0
flow_30.6,70.0,3.0,0
flow_101.13,128.5,3.5,0
flow_10.7,113.0,3.0,0
flow_301.17,69.5,3.0,0
flow_0012.5,126.0,4.5,0
flow_001.12,112.5,3.0,0
flow_001.13,110.0,3.0,0
flow_2012.4,28.0,4.5,0
flow_101.14,130.5,3.5,0
flow_301.18,88.0,3.5,0
flow_3012.4,85.0,4.0,0
flow_301.19,65.0,3.0,0
flow_101.15,133.5,7.0,0
flow_00.11,124.5,4.0,0
flow_0012.6,113.0,4.0,0
flow_001.14,110.0,3.0,0
flow_30.7,81.5,4.0,0
flow_10.8,136.0,4.0,0
flow_10.9,133.0,3.0,0
flow_3012.5,81.5,6.0,0
flow_20.1,20.5,2.0,0
flow_001.15,125.0,3.5,0
flow_00.12,109.0,3.0,0
flow_201.7,25.0,2.5,0
flow_00.13,105.0,3.0,0
flow_3012.6,98.5,4.0,0
flow_30.8,97.0,3.0,0
flow_101.16,156.5,7.0,0
flow_301.20,96.5,2.5,0
flow_101.17,142.0,3.5,0
flow_001.16,109.5,3.5,0
flow_00.14,105.0,3.0,0
flow_00.15,102.0,3.0,0
flow_10.10,153.0,4.0,0
flow_301.21,114.0,3.5,0
flow_101.18,137.5,3.0,0
flow_301.22,112.0,3.0,0
flow_101.19,134.5,3.5,0
flow_3012.7,114.0,6.5,0
flow_001.17,109.0,3.5,0
flow_00.16,105.0,3.0,0
flow_001.18,104.0,3.0,0
flow_3012.8,126.0,4.5,0
flow_10.11,139.0,6.5,0
flow_1012.8,136.5,4.0,0
flow_3012.9,114.5,5.5,0
flow_1012.9,133.0,4.0,0
flow_001.19,110.0,4.0,0
flow_001.20,107.0,3.0,0
flow_001.21,104.5,3.5,0
flow_30.9,130.0,4.0,0
flow_1012.10,139.5,7.5,0
flow_3012.10,130.0,4.0,0
flow_1012.11,136.5,4.5,0
flow_2012.5,31.0,4.0,0
flow_0012.7,109.0,4.5,0
flow_0012.8,107.5,4.0,0
flow_001.22,103.0,2.5,0
flow_101.20,136.5,3.5,0
flow_301.23,136.5,3.5,0
flow_10.12,130.0,3.0,0
flow_301.24,133.5,3.0,0
flow_101.21,113.0,3.0,0
flow_3012.11,118.0,5.5,0
flow_00.17,107.5,4.0,0
flow_201.8,24.5,2.5,0
flow_001.23,106.0,2.5,0
flow_001.24,103.5,3.0,0
flow_30.10,130.0,4.0,0
flow_101.22,127.0,3.5,0
flow_30.11,127.5,3.0,0
flow_101.23,112.0,3.0,0
flow_30.12,113.5,3.0,0
flow_101.24,110.0,3.0,0
flow_2012.6,45.0,4.5,0
flow_001.25,113.5,7.5,0
flow_001.26,111.0,3.5,0
flow_3012.12,131.0,4.0,0
flow_10.13,126.5,6.5,0
flow_301.25,128.0,3.0,0
flow_1012.12,115.0,5.0,0
flow_10.14,109.0,3.0,0
flow_001.27,126.0,3.5,0
flow_001.28,112.5,3.0,0
flow_001.29,111.0,3.5,0
flow_30.13,135.5,4.0,0
flow_1012.13,128.5,7.5,0
flow_3012.13,134.0,4.0,0
flow_301.26,116.0,3.0,0
flow_101.25,116.0,3.5,0
flow_00.18,123.5,4.0,0
flow_001.30,112.5,3.0,0
flow_00.19,108.0,3.0,0
flow_10.15,127.5,4.0,0
flow_301.27,130.0,3.5,0
flow_1012.14,114.5,4.5,0
flow_101.26,110.0,3.0,0
flow_301.28,117.0,7.0,0
flow_001.31,126.0,3.5,0
flow_001.32,112.5,3.0,0
flow_00.20,107.5,3.0,0
flow_101.27,125.5,3.5,0
flow_301.29,132.0,3.5,0
flow_30.14,127.0,3.0,0
flow_101.28,112.5,3.0,0
flow_10.16,107.5,3.0,0
flow_301.30,115.5,3.0,0
flow_001.33,124.5,3.5,0
flow_001.34,110.5,3.0,0
flow_001.35,104.5,3.0,0
flow_10.17,125.0,4.0,0
flow_301.31,131.5,3.5,0
flow_30.15,128.0,3.0,0
flow_10.18,112.0,3.5,0
flow_30.16,114.0,3.0,0
flow_1012.15,112.0,6.0,0
flow_2012.7,37.5,4.0,0
flow_0012.9,110.0,4.5,0
flow_00.21,105.5,3.0,0
flow_001.36,104.0,2.5,0
flow_301.32,128.5,3.5,0
flow_101.29,124.5,3.5,0
flow_101.30,111.5,3.0,0
flow_301.33,113.5,3.5,0
flow_101.31,107.5,3.5,0
flow_3012.14,114.5,7.0,0
flow_00.22,107.5,4.0,0
flow_201.9,32.0,3.5,0
flow_001.37,108.0,3.5,0
flow_0012.10,103.5,3.0,0
flow_301.34,125.0,3.5,0
flow_101.32,109.0,3.5,0
flow_3012.15,112.5,4.0,0
flow_10.19,109.0,6.0,0
flow_301.35,106.5,3.0,0
flow_1012.16,106.0,5.0,0
flow_001.38,109.0,3.5,0
flow_00.23,105.0,3.0,0
flow_001.39,104.0,3.0,0
flow_1012.17,109.0,4.5,0
flow_101.33,106.5,3.0,0
flow_301.36,112.5,7.0,0
flow_101.34,104.0,3.0,0
flow_3012.16,112.5,5.0,0
flow_001.40,108.5,3.5,0
flow_001.41,106.5,3.0,0
flow_001.42,104.0,3.0,0
flow_301.37,125.5,3.5,0
flow_1012.18,111.5,6.5,0
flow_101.35,108.0,3.0,0
flow_10.20,102.5,3.0,0
flow_301.38,115.0,4.0,0
flow_00.24,108.0,4.0,0
flow_001.43,106.5,3.0,0
flow_001.44,105.0,3.5,0
flow_101.36,109.0,3.5,0
flow_301.39,131.0,3.5,0
flow_10.21,105.5,3.0,0
flow_301.40,127.5,3.0,0
flow_101.37,103.5,3.0,0
flow_3012.17,118.0,5.5,0
flow_001.45,109.0,3.5,0
flow_201.10,30.0,3.5,0
flow_00.25,105.5,3.0,0
flow_201.11,29.5,3.5,0
flow_001.46,103.0,2.5,0
flow_3012.18,131.5,4.5,0
flow_301.41,128.0,3.0,0
flow_101.38,113.0,7.5,0
flow_301.42,116.0,3.0,0
flow_1012.19,112.5,5.0,0
flow_001.47,109.0,3.5,0
flow_00.26,106.0,3.0,0
flow_001.48,102.5,2.5,0
flow_10.22,124.0,4.0,0
flow_301.43,130.5,3.5,0
flow_101.39,114.0,3.5,0
flow_301.44,131.0,3.5,0
flow_301.45,114.0,3.0,0
flow_101.40,112.0,4.0,0
flow_20.2,22.0,2.0,0
flow_00.27,105.0,3.0,0
flow_001.49,111.0,4.0,0
flow_001.50,104.0,3.0,0
flow_30.17,124.5,4.0,0
flow_101.41,125.0,3.5,0
flow_101.42,111.5,3.0,0
flow_301.46,111.5,3.0,0
flow_301.47,107.5,3.0,0
flow_101.43,110.5,3.5,0
flow_00.28,107.0,4.0,0
flow_20.3,27.5,3.0,0
flow_201.12,47.5,4.5,0
flow_0012.11,110.0,5.5,0
flow_20.4,30.0,6.0,0
flow_301.48,109.5,3.5,0
flow_1012.20,127.5,6.5,0
flow_101.44,113.0,3.0,0
flow_30.18,107.5,3.5,0
flow_101.45,111.0,3.0,0
flow_001.51,126.5,4.0,0
flow_201.13,48.5,4.0,0
flow_001.52,113.0,3.0,0
flow_00.29,108.0,3.0,0
flow_1012.21,127.0,5.0,0
flow_101.46,110.0,3.0,0
flow_301.49,130.0,7.5,0
flow_101.47,104.5,3.0,0
flow_301.50,116.5,3.0,0
flow_00.30,124.0,4.0,0
flow_001.53,112.0,3.0,0
flow_001.54,110.5,3.5,0
flow_101.48,109.0,3.5,0
flow_301.51,132.5,3.5,0
flow_30.19,127.5,3.0,0
flow_10.23,106.0,3.0,0
flow_301.52,115.5,3.0,0
flow_1012.22,106.5,5.5,0
flow_001.55,125.0,3.5,0
flow_201.14,34.0,3.5,0
flow_201.15,33.5,2.5,0
flow_0012.12,114.5,5.5,0
flow_001.56,112.0,3.0,0
flow_301.53,132.0,3.5,0
flow_1012.23,112.0,6.5,0
flow_1012.24,109.0,4.5,0
flow_30.20,131.5,4.5,0
flow_1012.25,107.5,6.5,0
flow_0012.13,126.0,4.5,0
flow_001.57,112.5,3.0,0
flow_00.31,106.0,3.0,0
flow_3012.19,137.5,4.5,0
flow_101.49,112.0,7.5,0
flow_301.54,135.0,3.0,0
flow_101.50,110.5,3.5,0
flow_301.55,133.0,3.5,0
flow_0012.14,110.0,4.5,0
flow_001.58,107.5,3.0,0
flow_20.5,21.5,2.0,0
flow_001.59,104.5,3.5,0
flow_101.51,124.5,3.5,0
flow_301.56,136.0,3.5,0
flow_10.24,110.5,3.0,0
flow_301.57,132.0,3.0,0
flow_10.25,108.5,3.0,0
flow_301.58,113.5,3.5,0
flow_001.60,109.5,3.5,0
flow_001.61,107.0,3.0,0
flow_0012.15,104.5,4.0,0
flow_301.59,125.5,3.5,0
flow_1012.26,127.5,6.5,0
flow_101.52,113.5,3.0,0
flow_301.60,114.0,3.5,0
flow_101.53,111.0,3.0,0
flow_001.62,108.5,3.5,0
flow_201.16,43.5,3.5,0
flow_001.63,106.5,3.0,0
flow_00.32,102.0,3.0,0
flow_3012.20,131.0,4.0,0
flow_101.54,128.5,7.0,0
flow_1012.27,115.0,3.5,0
flow_3012.21,132.5,5.0,0
flow_3012.22,117.5,4.5,0
flow_0012.16,108.5,4.0,0
flow_00.33,105.0,3.0,0
flow_20.6,41.5,6.5,0
flow_001.64,104.5,3.0,0
flow_30.21,126.0,4.0,0
flow_101.55,131.0,3.5,0
flow_30.22,111.0,3.0,0
flow_101.56,129.0,3.5,0
flow_10.26,111.5,3.0,0
flow_301.61,110.0,3.0,0
flow_20.7,31.0,3.5,0
flow_0012.17,112.0,7.0,0
flow_0012.18,109.5,4.5,0
flow_001.65,106.0,3.0,0
flow_3012.23,124.5,4.0,0
flow_301.62,112.0,3.0,0
flow_101.57,130.0,7.0,0
flow_301.63,110.0,3.0,0
flow_1012.28,118.5,5.0,0
flow_001.66,108.5,3.5,0
flow_201.17,42.0,3.5,0
flow_0012.19,106.0,3.5,0
flow_00.34,101.5,3.0,0
flow_20.8,27.5,5.5,0
flow_20.0,28.0,3.5,0
flow_001.0,34.0,3.5,0
flow_00.0,22.5,2.0,0
flow_20.1,21.0,2.0,0
flow_10.0,42.5,4.0,0
flow_3012.0,29.5,7.0,0
flow_301.0,27.0,3.0,0
flow_101.0,34.0,3.0,0
flow_201.0,40.5,3.5,0
flow_0012.0,29.0,6.0,0
flow_001.1,25.5,2.5,0
flow_201.1,44.0,4.0,0
flow_3012.1,37.0,4.0,0
flow_101.1,54.0,7.0,0
flow_3012.2,38.0,5.0,0
flow_3012.3,37.5,4.5,0
flow_0012.1,33.0,4.5,0
flow_001.2,29.0,2.5,0
flow_201.2,64.5,7.5,0
flow_20.2,62.0,3.5,0
flow_3012.4,52.0,4.5,0
flow_301.1,46.5,3.0,0
flow_101.2,70.0,7.5,0
flow_3012.5,47.0,4.0,0
flow_2012.0,81.0,4.5,0
flow_20.3,77.5,3.0,0
flow_001.3,47.0,7.5,0
flow_001.4,46.0,3.0,0
flow_201.3,67.0,3.5,0
flow_101.3,74.0,3.5,0
flow_301.2,53.0,3.5,0
flow_301.3,48.5,3.0,0
flow_101.4,74.0,3.5,0
flow_1012.0,55.5,4.0,0
flow_301.4,51.5,6.5,0
flow_2012.1,83.5,4.5,0
flow_001.5,66.5,7.0,0
flow_201.4,83.5,3.0,0
flow_2012.2,82.0,4.0,0
flow_30.0,64.5,4.0,0
flow_101.5,65.0,3.5,0
flow_3012.6,65.0,4.0,0
flow_101.6,58.0,7.0,0
flow_301.5,61.5,3.5,0
flow_20.4,98.0,4.0,0
flow_001.6,87.5,4.0,0
flow_00.1,85.5,3.0,0
flow_201.5,99.5,3.5,0
flow_00.2,83.5,3.0,0
flow_201.6,93.5,3.5,0
flow_10.1,73.0,4.0,0
flow_301.6,77.5,3.5,0
flow_101.7,73.5,3.0,0
flow_301.7,77.0,3.0,0
flow_30.1,73.5,3.0,0
flow_101.8,73.5,3.0,0
flow_2012.3,108.0,4.5,0
flow_201.7,92.0,3.0,0
flow_001.7,107.0,7.5,0
flow_2012.4,91.0,4.5,0
flow_30.2,87.0,4.0,0
flow_101.9,79.0,3.5,0
flow_30.3,86.0,3.0,0
flow_1012.1,75.5,6.0,0
flow_001.8,126.5,3.5,0
flow_2012.5,108.5,5.5,0
flow_2012.6,100.0,4.0,0
flow_00.3,123.5,5.0,0
flow_2012.7,99.5,6.5,0
flow_301.8,107.5,3.5,0
flow_101.10,68.0,3.5,0
flow_3012.7,96.0,4.0,0
flow_30.4,92.0,3.0,0
flow_101.11,59.5,7.0,0
flow_0012.2,140.5,4.0,0
flow_001.9,140.0,3.0,0
flow_201.8,112.5,7.0,0
flow_001.10,134.5,3.5,0
flow_2012.8,113.5,5.5,0
flow_101.12,72.0,3.5,0
flow_3012.8,114.5,6.5,0
flow_30.5,110.0,3.5,0
flow_101.13,64.5,3.5,0
flow_301.9,109.5,3.0,0
flow_00.4,146.5,4.0,0
flow_20.5,124.5,4.0,0
flow_001.11,148.0,3.0,0
flow_0012.3,140.5,3.5,0
flow_2012.9,116.0,5.0,0
flow_2012.10,113.0,4.5,0
flow_101.14,72.0,3.5,0
flow_301.10,125.5,3.5,0
flow_3012.9,112.0,3.5,0
flow_10.2,53.0,6.0,0
flow_301.11,110.0,3.0,0
flow_10.3,44.5,4.0,0
flow_00.5,137.0,4.0,0
flow_20.6,124.0,4.0,0
flow_001.12,135.0,3.0,0
flow_2012.11,114.5,4.5,0
flow_201.9,110.5,2.5,0
flow_301.12,124.0,3.0,0
flow_10.4,45.0,4.0,0
flow_10.5,39.5,3.0,0
flow_301.13,112.5,3.0,0
flow_1012.2,40.0,4.0,0
flow_301.14,110.5,7.0,0
flow_2012.12,125.0,4.0,0
flow_00.6,153.5,6.5,0
flow_201.10,112.0,3.0,0
flow_00.7,138.0,4.0,0
flow_0012.4,116.5,4.0,0
flow_101.15,47.0,3.5,0
flow_301.15,109.0,3.5,0
flow_101.16,28.0,3.0,0
flow_301.16,107.0,3.0,0
flow_101.17,26.5,3.0,0
flow_3012.10,106.0,5.0,0
flow_2012.13,131.5,4.5,0
flow_0012.5,129.0,4.5,0
flow_201.11,128.5,3.0,0
flow_001.13,113.0,3.0,0
flow_201.12,114.0,3.0,0
flow_001.14,112.0,3.5,0
flow_101.18,44.0,3.5,0
flow_301.17,109.0,3.5,0
flow_1012.3,39.5,4.0,0
flow_101.19,38.0,3.0,0
flow_30.6,109.5,6.0,0
flow_301.18,104.5,3.5,0
flow_00.8,123.0,4.0,0
flow_201.13,126.0,3.5,0
flow_0012.6,113.0,4.0,0
flow_201.14,117.0,7.0,0
flow_0012.7,111.5,5.5,0
flow_3012.11,109.0,4.5,0
flow_30.7,106.0,3.0,0
flow_101.20,56.0,7.0,0
flow_10.6,53.5,3.5,0
flow_301.19,103.0,2.5,0
flow_0012.8,125.0,4.5,0
flow_201.15,135.5,7.5,0
flow_001.15,113.5,3.5,0
flow_0012.9,108.5,4.0,0
flow_101.21,48.5,3.5,0
flow_301.20,109.5,3.5,0
flow_1012.4,48.5,4.0,0
flow_30.8,108.5,6.0,0
flow_101.22,45.5,3.0,0
flow_3012.12,105.5,5.0,0
flow_001.16,108.0,3.5,0
flow_201.16,153.5,4.0,0
flow_201.17,140.5,3.0,0
flow_0012.10,109.0,6.0,0
flow_00.9,103.5,3.5,0
flow_10.7,60.5,4.0,0
flow_301.21,108.5,3.5,0
flow_101.23,44.5,3.0,0
flow_301.22,108.0,3.5,0
flow_101.24,43.5,3.5,0
flow_3012.13,107.0,6.0,0
flow_001.17,108.5,3.5,0
flow_201.18,159.0,3.5,0
flow_20.7,156.0,3.5,0
flow_001.18,107.5,3.0,0
flow_2012.14,144.5,4.0,0
flow_001.19,108.0,7.0,0
flow_30.9,108.0,4.0,0
flow_101.25,61.0,3.5,0
flow_301.23,107.5,3.5,0
flow_101.26,59.0,3.5,0
flow_101.27,34.5,3.5,0
flow_301.24,105.0,3.5,0
flow_001.20,108.0,3.5,0
flow_201.19,156.0,3.5,0
flow_0012.11,107.0,4.0,0
flow_001.21,103.0,3.0,0
flow_201.20,144.5,7.0,0
flow_101.28,50.5,3.5,0
flow_301.25,109.5,3.5,0
flow_1012.5,31.5,4.0,0
flow_10.8,23.5,2.5,0
flow_301.26,110.5,4.0,0
flow_201.21,159.5,3.5,0
flow_0012.12,111.5,6.5,0
flow_001.22,107.5,3.0,0
flow_201.22,159.5,4.0,0
flow_001.23,104.5,3.0,0
flow_30.10,124.0,4.0,0
flow_101.29,28.0,3.0,0
flow_101.30,27.5,3.0,0
flow_3012.14,115.5,5.0,0
flow_3012.15,112.0,4.5,0
flow_10.9,30.5,6.5,0
flow_20.8,163.5,4.0,0
flow_00.10,107.5,4.0,0
flow_20.9,159.0,3.0,0
flow_001.24,106.0,3.0,0
flow_201.23,140.5,3.0,0
flow_001.25,103.5,3.0,0
flow_3012.16,125.5,4.5,0
flow_101.31,48.0,7.0,0
flow_301.27,112.5,3.0,0
flow_301.28,110.0,3.0,0
flow_101.32,48.0,3.0,0
flow_0012.13,108.5,4.0,0
flow_20.10,140.5,6.5,0
flow_001.26,107.0,3.0,0
flow_20.11,135.0,4.0,0
flow_001.27,103.0,3.0,0
flow_2012.15,118.5,4.5,0
flow_3012.17,125.5,4.5,0
flow_30.11,111.5,3.0,0
flow_101.33,68.0,7.5,0
flow_10.10,63.5,3.5,0
flow_301.29,109.5,3.0,0
flow_0012.14,109.0,4.5,0
flow_00.11,105.5,3.0,0
flow_201.24,135.5,7.5,0
flow_20.12,130.5,3.5,0
flow_001.28,105.0,3.5,0
flow_10.11,81.0,4.0,0
flow_301.30,125.0,3.5,0
flow_1012.6,82.0,4.0,0
flow_101.34,73.5,2.5,0
flow_301.31,115.5,6.5,0
flow_00.12,107.0,4.0,0
flow_20.13,136.0,4.0,0
flow_0012.15,107.5,4.0,0
flow_2012.16,134.5,4.5,0
flow_0012.16,103.5,4.0,0
flow_10.12,76.0,4.0,0
flow_301.32,127.5,3.5,0
flow_3012.18,113.0,4.0,0
flow_1012.7,67.0,4.0,0
flow_301.33,111.5,3.0,0
flow_101.35,67.0,3.5,0
flow_00.13,108.0,4.0,0
flow_201.25,137.0,3.5,0
flow_201.26,132.0,3.0,0
flow_001.29,107.0,3.0,0
flow_201.27,115.5,3.0,0
flow_001.30,104.0,3.5,0
flow_30.12,124.5,4.0,0
flow_101.36,71.0,3.5,0
flow_301.34,112.0,3.0,0
flow_101.37,70.0,3.0,0
flow_10.13,52.5,3.0,0
flow_301.35,110.5,3.5,0
flow_2012.17,131.0,4.0,0
flow_20.14,128.5,3.0,0
flow_001.31,112.0,7.0,0
flow_201.28,115.0,3.0,0
flow_001.32,111.5,3.5,0
flow_1012.8,67.5,4.5,0
flow_30.13,127.5,6.5,0
flow_10.14,46.5,3.0,0
flow_3012.19,115.5,5.5,0
flow_00.14,123.5,4.0,0
flow_2012.18,134.5,7.5,0
flow_00.15,113.5,4.5,0
flow_201.29,131.5,3.5,0
flow_30.14,130.5,4.0,0
flow_101.38,56.5,3.5,0
flow_3012.20,130.0,4.0,0
flow_101.39,48.5,7.0,0
flow_3012.21,120.0,5.5,0
flow_2012.19,134.0,4.0,0
flow_20.15,128.5,3.0,0
flow_001.33,135.5,7.5,0
flow_201.30,114.5,2.5,0
flow_001.34,132.5,3.0,0
flow_10.15,57.0,4.0,0
flow_30.15,127.0,4.0,0
flow_30.16,110.5,3.0,0
flow_101.40,57.5,2.5,0
flow_30.17,108.0,3.0,0
flow_101.41,52.0,3.5,0
flow_2012.20,130.5,4.5,0
flow_00.16,138.5,6.5,0
flow_0012.17,136.0,4.0,0
flow_2012.21,115.0,5.5,0
flow_3012.22,124.5,4.0,0
flow_1012.9,68.0,4.5,0
flow_3012.23,112.5,4.0,0
flow_301.36,111.0,3.5,0
flow_00.17,151.5,4.0,0
flow_201.31,130.5,3.5,0
flow_201.32,128.5,3.0,0
flow_001.35,140.5,3.0,0
flow_00.18,135.5,3.0,0
flow_201.33,117.0,3.5,0
flow_3012.24,126.0,4.5,0
flow_301.37,113.0,3.0,0
flow_101.42,43.5,7.5,0
flow_3012.25,108.0,4.0,0
flow_0012.18,153.0,4.0,0
flow_2012.22,131.5,4.5,0
flow_2012.23,129.0,4.0,0
flow_20.16,113.5,3.0,0
flow_001.36,143.0,4.5,0
flow_101.43,62.5,3.5,0
flow_301.38,109.0,3.5,0
flow_3012.26,105.5,3.5,0
flow_1012.10,61.0,3.5,0
flow_3012.27,103.0,3.5,0
flow_201.34,128.5,3.5,0
flow_001.37,154.5,3.5,0
flow_2012.24,112.5,4.0,0
flow_201.35,110.0,3.0,0
flow_001.38,144.5,7.0,0
flow_101.44,55.0,4.0,0
flow_3012.28,112.0,5.5,0
flow_3012.29,109.0,4.5,0
flow_3012.30,105.5,4.0,0
flow_2012.25,125.5,4.5,0
flow_201.36,112.0,3.0,0
flow_001.39,161.5,7.5,0
flow_00.19,139.5,3.5,0
flow_201.37,108.5,3.0,0
flow_301.39,108.0,3.5,0
flow_101.45,76.5,4.0,0
flow_101.46,57.5,3.0,0
flow_3012.31,109.5,5.0,0
flow_3012.32,106.0,4.5,0
flow_20.17,108.5,4.0,0
flow_001.40,154.0,3.5,0
flow_20.18,106.0,3.0,0
flow_0012.19,144.0,6.0,0
flow_301.40,109.0,3.5,0
flow_101.47,69.5,4.0,0
flow_10.16,63.5,3.0,0
flow_301.41,107.0,3.0,0
flow_101.48,56.5,2.5,0
flow_301.42,105.0,3.5,0
flow_00.20,155.5,4.0,0
flow_201.38,126.0,3.5,0
flow_201.39,112.0,3.0,0
flow_001.41,140.5,3.0,0
flow_201.40,109.5,3.0,0
flow_001.42,140.0,3.5,0
flow_30.18,107.0,4.0,0
flow_10.17,68.0,4.0,0
flow_10.18,67.5,3.0,0
flow_301.43,106.5,3.0,0
flow_10.19,59.5,3.0,0
flow_3012.33,107.0,6.0,0
flow_001.43,152.5,3.0,0
flow_201.41,125.0,3.5,0
flow_2012.26,113.0,4.0,0
flow_20.19,108.5,3.0,0
flow_001.44,144.0,7.0,0
flow_3012.34,109.0,4.5,0
flow_10.20,66.0,6.5,0
flow_301.44,106.0,3.0,0
flow_101.49,46.5,3.5,0
flow_3012.35,105.0,4.0,0
flow_2012.27,125.0,4.0,0
flow_20.20,110.5,3.0,0
flow_001.45,159.5,7.0,0
flow_2012.28,112.0,4.5,0
flow_00.21,146.0,6.0,0
flow_10.21,52.0,4.0,0
flow_301.45,109.0,3.5,0
flow_1012.11,49.5,4.0,0
flow_3012.36,109.0,4.5,0
flow_30.19,102.5,3.0,0
flow_101.50,50.5,3.5,0
flow_20.21,124.0,4.0,0
flow_001.46,157.0,3.5,0
flow_20.22,111.0,3.0,0
flow_0012.20,141.0,6.0,0
flow_10.22,49.5,4.0,0
flow_30.20,108.5,4.0,0
flow_30.21,106.0,3.0,0
flow_101.51,50.0,3.0,0
flow_101.52,48.5,3.0,0
flow_301.46,104.0,3.0,0
flow_00.22,153.0,4.0,0
flow_201.42,129.0,4.0,0
flow_201.43,112.5,3.0,0
flow_001.47,140.5,3.0,0
flow_20.23,107.5,3.0,0
flow_001.48,135.5,3.0,0
flow_301.47,108.0,3.5,0
flow_1012.12,67.0,6.5,0
flow_30.22,107.5,3.5,0
flow_101.53,62.0,3.0,0
flow_1012.13,60.0,4.0,0
flow_2012.29,125.5,4.5,0
flow_00.23,138.5,6.5,0
flow_201.44,112.5,3.0,0
flow_0012.21,138.0,5.0,0
flow_00.24,132.0,3.5,0
flow_10.23,74.0,4.0,0
flow_301.48,125.5,3.5,0
flow_30.23,110.5,3.0,0
flow_10.24,75.0,3.0,0
flow_301.49,111.0,3.5,0
flow_1012.14,78.5,6.0,0
flow_0012.22,137.0,4.5,0
flow_201.45,134.5,7.0,0
flow_0012.23,134.5,5.0,0
flow_001.49,114.5,3.0,0
flow_3012.37,125.5,4.5,0
flow_101.54,95.5,7.0,0
flow_3012.38,115.0,5.0,0
flow_301.50,111.5,3.0,0
flow_0012.24,126.5,4.5,0
flow_20.24,155.0,6.5,0
flow_0012.25,115.0,5.5,0
flow_3012.39,126.0,4.5,0
flow_30.24,111.5,3.0,0
flow_101.55,118.0,7.0,0
flow_301.51,109.0,2.5,0
flow_1012.15,119.0,4.0,0
flow_201.46,164.0,3.5,0
flow_001.50,128.5,3.5,0
flow_00.25,110.5,3.0,0
flow_201.47,163.5,3.5,0
flow_001.51,109.5,2.5,0
flow_201.48,160.5,3.0,0
flow_30.0,21.0,1.5,0
flow_101.0,25.0,2.5,0
flow_001.0,38.5,3.5,0
flow_001.1,39.5,3.5,0
flow_00.0,36.0,3.0,0
flow_1012.0,40.5,4.0,0
flow_301.0,45.5,7.5,0
flow_1012.1,42.0,5.5,0
flow_1012.2,37.0,4.5,0
flow_001.2,54.5,3.5,0
flow_201.0,42.0,3.5,0
flow_001.3,54.0,3.0,0
flow_001.4,53.0,3.5,0
flow_301.1,60.0,3.5,0
flow_1012.3,53.5,6.5,0
flow_30.1,52.0,3.5,0
flow_101.1,51.5,3.0,0
flow_101.2,50.5,3.0,0
flow_201.1,42.5,3.5,0
flow_00.1,70.0,4.0,0
flow_001.5,69.5,3.0,0
flow_201.2,42.5,3.0,0
flow_2012.0,42.5,4.0,0
flow_001.6,72.5,7.0,0
flow_30.2,71.0,4.0,0
flow_10.0,66.5,4.0,0
flow_301.2,70.5,3.0,0
flow_301.3,70.0,3.5,0
flow_101.3,70.5,4.5,0
flow_101.4,68.5,4.0,0
flow_001.7,85.0,3.5,0
flow_201.3,59.0,3.5,0
flow_001.8,85.0,3.0,0
flow_201.4,58.5,3.0,0
flow_0012.0,84.5,4.0,0
flow_201.5,60.5,7.0,0
flow_3012.0,82.5,4.0,0
flow_101.5,87.0,7.5,0
flow_301.4,83.0,3.5,0
flow_3012.1,79.5,4.0,0
flow_1012.4,87.0,4.5,0
flow_20.0,58.5,4.0,0
flow_001.9,100.0,3.5,0
flow_2012.1,60.0,4.0,0
flow_001.10,98.5,7.0,0
flow_2012.2,46.0,5.5,0
flow_3012.2,95.5,4.5,0
flow_1012.5,101.0,4.5,0
flow_3012.3,95.0,4.5,0
flow_30.3,90.0,2.5,0
flow_101.6,106.0,4.5,0
flow_001.11,113.0,4.0,0
flow_201.6,60.5,3.5,0
flow_2012.3,55.5,4.0,0
flow_00.2,85.5,6.0,0
flow_201.7,47.5,3.0,0
flow_0012.1,86.0,5.5,0
flow_30.4,109.0,4.0,0
flow_1012.6,116.5,7.5,0
flow_30.5,109.0,5.5,0
flow_1012.7,117.0,7.0,0
flow_001.12,100.0,3.5,0
flow_201.8,64.5,3.5,0
flow_20.1,62.0,3.0,0
flow_001.13,100.0,3.0,0
flow_2012.4,63.5,4.0,0
flow_001.14,100.0,7.0,0
flow_301.5,116.5,3.5,0
flow_1012.8,132.5,6.5,0
flow_101.7,129.5,3.0,0
flow_301.6,115.0,3.5,0
flow_101.8,128.5,3.0,0
flow_0012.2,113.0,4.0,0
flow_2012.5,80.5,4.5,0
flow_001.15,112.5,3.0,0
flow_201.9,80.5,3.0,0
flow_0012.3,112.5,4.5,0
flow_201.10,83.5,7.0,0
flow_3012.4,126.5,4.5,0
flow_10.1,139.0,6.5,0
flow_1012.9,135.5,4.0,0
flow_3012.5,129.0,6.0,0
flow_20.2,94.5,4.0,0
flow_001.16,125.0,3.5,0
flow_001.17,112.5,3.0,0
flow_201.11,95.5,3.0,0
flow_0012.4,107.5,4.0,0
flow_201.12,97.5,7.0,0
flow_10.2,151.5,4.0,0
flow_301.7,136.5,3.5,0
flow_301.8,134.5,3.0,0
flow_101.9,138.0,3.0,0
flow_3012.6,115.0,3.5,0
flow_101.10,136.5,6.5,0
flow_00.3,107.5,4.0,0
flow_201.13,109.0,3.5,0
flow_20.3,105.0,3.0,0
flow_001.18,107.0,3.0,0
flow_00.4,102.5,3.0,0
flow_201.14,103.5,3.0,0
flow_3012.7,128.5,4.5,0
flow_10.3,138.0,6.5,0
flow_301.9,128.0,3.0,0
flow_101.11,133.0,3.5,0
flow_301.10,126.5,3.5,0
flow_1012.10,118.5,5.0,0
flow_20.4,107.5,4.0,0
flow_001.19,110.5,4.0,0
flow_00.5,104.5,3.0,0
flow_20.5,105.5,3.0,0
flow_20.6,102.0,3.0,0
flow_0012.5,105.5,6.0,0
flow_10.4,126.5,4.0,0
flow_301.11,131.5,3.5,0
flow_101.12,111.5,3.0,0
flow_301.12,130.5,3.5,0
flow_101.13,110.5,3.5,0
flow_301.13,117.5,4.0,0
flow_201.15,109.0,3.5,0
flow_001.20,109.0,3.5,0
flow_001.21,107.0,3.0,0
flow_201.16,107.5,3.5,0
flow_20.7,100.5,3.0,0
flow_00.6,101.5,3.0,0
flow_10.5,123.0,4.0,0
flow_1012.11,112.0,3.5,0
flow_3012.8,133.5,7.5,0
flow_1012.12,108.5,4.0,0
flow_2012.6,108.5,4.0,0
flow_00.7,110.5,6.5,0
flow_2012.7,109.0,5.5,0
flow_201.17,104.5,3.0,0
flow_301.14,137.5,4.0,0
flow_1012.13,112.0,5.5,0
flow_101.14,108.0,3.5,0
flow_301.15,136.5,4.0,0
flow_1012.14,105.5,5.0,0
flow_3012.9,118.5,4.0,0
flow_001.22,130.5,3.5,0
flow_00.8,126.5,3.0,0
flow_201.18,110.5,4.0,0
flow_0012.6,115.0,3.5,0
flow_2012.8,110.0,6.0,0
flow_101.15,108.5,3.5,0
flow_301.16,132.0,3.5,0
flow_3012.10,128.5,3.5,0
flow_10.6,108.5,6.0,0
flow_301.17,115.5,3.0,0
flow_101.16,105.0,3.5,0
flow_001.23,131.5,3.5,0
flow_201.19,126.0,3.5,0
flow_20.8,110.5,3.0,0
flow_001.24,129.0,3.0,0
flow_201.20,109.5,3.0,0
flow_001.25,115.5,3.0,0
flow_101.17,108.5,3.5,0
flow_301.18,131.5,3.5,0
flow_301.19,129.0,3.0,0
flow_101.18,108.0,3.5,0
flow_301.20,115.5,3.0,0
flow_10.7,104.5,3.0,0
flow_2012.9,125.0,4.5,0
flow_00.9,133.5,7.0,0
flow_201.21,112.0,3.0,0
flow_00.10,130.0,4.5,0
flow_201.22,110.0,3.0,0
flow_00.11,116.5,3.5,0
flow_30.6,130.0,4.0,0
flow_3012.11,129.0,4.0,0
flow_1012.15,113.0,7.5,0
flow_301.21,115.0,3.0,0
flow_101.19,113.0,4.0,0
flow_2012.10,125.0,4.0,0
flow_00.12,133.5,6.5,0
flow_2012.11,115.0,5.5,0
flow_201.23,111.0,3.0,0
flow_3012.12,110.5,4.5,0
flow_30.7,105.0,3.0,0
flow_101.20,129.5,7.5,0
flow_1012.16,116.0,3.5,0
flow_3012.13,104.0,4.0,0
flow_001.26,152.5,4.0,0
flow_2012.12,126.0,5.0,0
flow_0012.7,139.5,4.0,0
flow_00.13,115.5,2.5,0
flow_201.24,115.5,3.5,0
flow_10.8,129.5,4.0,0
flow_301.22,108.0,3.0,0
flow_101.21,128.0,3.0,0
flow_3012.14,109.0,4.5,0
flow_3012.15,106.5,4.0,0
flow_00.14,130.5,4.0,0
flow_201.25,129.5,3.5,0
flow_201.26,113.5,3.5,0
flow_001.27,130.5,3.5,0
flow_20.9,108.0,3.0,0
flow_0012.8,120.5,7.0,0
flow_30.8,109.0,4.0,0
flow_101.22,137.5,3.5,0
flow_10.9,134.0,3.0,0
flow_301.23,107.5,3.0,0
flow_101.23,131.5,3.0,0
flow_3012.16,107.5,5.5,0
flow_2012.13,125.5,4.5,0
flow_00.15,133.0,6.5,0
flow_201.27,113.0,3.0,0
flow_0012.9,132.5,5.5,0
flow_001.28,118.0,3.5,0
flow_10.10,136.0,4.0,0
flow_301.24,109.5,3.5,0
flow_10.11,134.0,3.0,0
flow_301.25,108.0,3.5,0
flow_30.9,102.0,3.0,0
flow_101.24,131.0,2.5,0
flow_001.29,130.5,3.5,0
flow_201.28,131.0,3.5,0
flow_00.16,126.5,3.0,0
flow_201.29,128.5,3.0,0
flow_001.30,116.5,3.5,0
flow_2012.14,119.5,6.0,0
flow_10.12,135.5,4.0,0
flow_301.26,109.0,3.5,0
flow_1012.17,131.0,4.0,0
flow_101.25,112.0,3.0,0
flow_301.27,111.0,7.0,0
flow_001.31,110.0,3.5,0
flow_201.30,130.5,3.5,0
flow_201.31,127.5,3.0,0
flow_00.17,102.0,3.0,0
flow_001.32,108.5,3.5,0
flow_201.32,116.0,3.5,0
flow_10.13,124.5,4.0,0
flow_301.28,125.0,3.5,0
flow_101.26,112.0,3.0,0
flow_301.29,112.5,3.0,0
flow_30.10,107.0,3.0,0
flow_10.14,106.5,3.0,0
flow_00.18,108.0,4.0,0
flow_2012.15,131.0,7.5,0
flow_201.33,114.0,3.0,0
flow_001.33,111.5,3.0,0
flow_101.27,108.5,3.5,0
flow_301.30,125.0,3.5,0
flow_301.31,112.0,3.0,0
flow_101.28,107.0,3.0,0
flow_101.29,103.5,3.0,0
flow_301.32,110.0,3.0,0
flow_0012.10,128.0,5.0,0
flow_001.34,111.5,3.0,0
flow_20.10,134.5,7.0,0
flow_201.34,131.0,3.5,0
flow_001.35,109.5,3.0,0
flow_201.35,117.5,3.5,0
flow_101.30,109.0,3.5,0
flow_301.33,125.5,3.5,0
flow_30.11,112.0,3.0,0
flow_101.31,107.0,3.0,0
flow_10.15,102.0,3.0,0
flow_30.12,109.0,3.0,0
flow_00.19,124.5,4.0,0
flow_2012.16,132.5,7.5,0
flow_201.36,114.5,3.5,0
flow_001.36,118.0,3.5,0
flow_3012.17,125.0,4.0,0
flow_1012.18,109.0,4.5,0
flow_10.16,105.5,3.0,0
flow_301.34,113.0,3.0,0
flow_101.32,103.5,3.0,0
flow_30.13,106.5,3.0,0
flow_2012.17,132.0,4.5,0
flow_201.37,129.0,3.0,0
flow_001.37,135.0,7.5,0
flow_2012.18,115.0,3.5,0
flow_1012.19,110.0,4.5,0
flow_30.14,110.5,6.5,0
flow_101.33,107.5,3.0,0
flow_301.35,108.5,3.5,0
flow_101.34,104.0,3.0,0
flow_301.36,106.0,3.0,0
flow_201.38,131.0,3.5,0
flow_001.38,153.5,3.5,0
flow_0012.11,140.5,4.0,0
flow_201.39,133.5,7.0,0
flow_0012.12,142.5,5.5,0
flow_301.37,109.0,3.5,0
flow_101.35,109.0,3.5,0
flow_10.17,105.5,3.0,0
flow_301.38,107.0,3.0,0
flow_101.36,103.5,3.0,0
flow_301.39,105.0,3.5,0
flow_0012.13,153.5,4.5,0
flow_2012.19,137.0,4.5,0
flow_2012.20,132.0,4.0,0
flow_0012.14,139.0,4.0,0
flow_00.20,130.5,3.0,0
flow_20.11,114.0,3.0,0
flow_301.40,109.0,3.5,0
flow_101.37,109.0,3.5,0
flow_301.41,107.0,3.0,0
flow_101.38,107.0,3.0,0
flow_10.18,102.0,3.0,0
flow_301.42,104.0,3.0,0
flow_0012.15,137.0,4.5,0
flow_20.12,133.0,6.5,0
flow_001.39,135.0,3.0,0
flow_201.40,128.5,3.0,0
flow_20.13,114.0,3.0,0
flow_001.40,133.0,3.5,0
flow_101.39,108.5,3.5,0
flow_301.43,109.5,3.5,0
flow_10.19,106.0,3.0,0
flow_301.44,107.5,3.5,0
flow_101.40,103.5,3.0,0
flow_3012.18,108.0,5.5,0
flow_201.41,128.5,3.5,0
flow_001.41,135.5,3.5,0
flow_20.14,110.5,3.0,0
flow_001.42,130.0,3.5,0
flow_2012.21,110.0,4.0,0
flow_00.21,114.5,6.0,0
flow_1012.20,108.5,4.5,0
flow_101.41,107.5,3.0,0
flow_301.45,113.0,7.5,0
flow_30.15,109.0,3.5,0
flow_101.42,104.5,3.5,0
flow_0012.16,109.0,4.0,0
flow_2012.22,125.5,4.5,0
flow_201.42,113.0,3.0,0
flow_001.43,107.5,3.0,0
flow_2012.23,108.0,4.0,0
flow_001.44,108.0,7.0,0
flow_10.20,108.5,4.0,0
flow_301.46,124.0,3.5,0
flow_30.16,110.5,3.0,0
flow_1012.21,110.5,7.0,0
flow_3012.19,111.5,4.0,0
flow_20.15,107.5,4.0,0
flow_00.22,108.0,4.0,0
flow_20.16,106.5,3.5,0
flow_001.45,107.0,3.0,0
flow_0012.17,103.5,3.5,0
flow_2012.24,105.0,4.0,0
flow_3012.20,125.5,4.5,0
flow_301.47,112.5,3.0,0
flow_101.43,130.0,7.5,0
flow_10.21,115.5,3.5,0
flow_301.48,110.0,3.0,0
flow_001.46,108.0,3.5,0
flow_201.43,108.5,3.5,0
flow_2012.25,106.0,3.5,0
flow_0012.18,108.0,4.0,0
flow_201.44,104.5,3.5,0
flow_001.47,105.0,3.0,0
flow_1012.22,131.0,4.0,0
flow_30.17,127.0,6.5,0
flow_101.44,128.5,3.0,0
flow_301.49,113.5,3.0,0
flow_1012.23,116.0,4.0,0
flow_00.23,107.5,4.0,0
flow_201.45,109.0,3.5,0
flow_00.24,105.5,3.0,0
flow_2012.26,110.5,6.0,0
flow_30.18,130.0,4.0,0
flow_101.45,131.0,3.5,0
flow_301.50,129.0,3.0,0
flow_101.46,129.0,3.0,0
flow_3012.21,113.0,3.5,0
flow_101.47,119.0,6.5,0
flow_201.46,125.5,3.5,0
flow_001.48,125.5,3.5,0
flow_001.49,113.0,3.0,0
flow_201.47,114.0,3.5,0
flow_001.50,109.5,3.0,0
flow_2012.27,114.0,6.5,0
flow_301.51,126.0,3.5,0
flow_1012.24,135.0,6.5,0
flow_101.48,130.0,3.0,0
flow_10.22,114.0,3.0,0
flow_301.52,115.0,3.5,0
flow_00.25,123.0,4.0,0
flow_2012.28,127.5,7.5,0
flow_00.26,115.0,5.0,0
flow_0012.19,111.0,4.0,0
flow_2012.29,117.0,7.0,0
flow_1012.25,130.0,4.5,0
flow_10.23,109.0,3.0,0
flow_301.53,135.5,7.5,0
flow_30.19,130.5,3.5,0
flow_101.49,104.5,3.0,0
flow_2012.30,131.0,4.0,0
flow_001.51,130.0,7.5,0
flow_2012.31,132.5,5.5,0
flow_20.17,116.0,3.5,0
flow_101.50,108.5,3.5,0
flow_301.54,137.0,3.5,0
flow_101.51,107.0,3.0,0
flow_301.55,135.0,3.0,0
flow_30.20,129.5,3.0,0
flow_101.52,105.0,3.5,0
flow_00.27,135.5,4.0,0
flow_201.48,131.5,3.5,0
flow_0012.20,135.0,4.0,0
flow_00.28,129.5,3.0,0
flow_201.49,133.0,7.0,0
flow_101.53,109.0,3.5,0
flow_301.56,137.0,3.5,0
flow_10.24,104.5,3.0,0
flow_301.57,132.5,3.0,0
flow_101.54,102.0,2.5,0
flow_301.58,116.0,3.0,0
flow_201.50,137.5,3.5,0
flow_001.52,138.0,3.5,0
flow_2012.32,133.0,4.0,0
flow_00.29,133.5,6.0,0
flow_2012.33,118.5,6.5,0
flow_10.25,107.5,4.0,0
flow_3012.22,135.5,6.5,0
flow_30.21,130.5,3.5,0
flow_1012.26,108.5,4.5,0
flow_101.55,103.0,2.5,0
flow_201.51,131.0,3.5,0
flow_001.53,137.0,3.5,0
flow_201.52,128.5,3.0,0
flow_001.54,135.0,3.0,0
flow_201.53,114.5,3.0,0
flow_0012.21,134.0,6.0,0
flow_301.59,137.0,3.5,0
flow_1012.27,112.0,6.5,0
flow_101.56,108.0,3.0,0
flow_301.60,136.0,4.0,0
flow_101.57,105.5,3.5,0
flow_20.18,126.5,4.0,0
flow_00.30,135.5,4.0,0
flow_00.31,133.5,3.0,0
flow_201.54,113.0,3.0,0
flow_001.55,130.0,2.5,0
flow_2012.34,111.5,5.0,0
flow_3012.23,135.0,4.5,0
flow_30.22,128.5,3.0,0
flow_10.26,111.5,6.5,0
flow_1012.28,109.5,5.5,0
flow_00.32,132.0,4.0,0
flow_20.19,123.5,4.0,0
flow_201.55,112.5,3.0,0
flow_0012.22,115.5,5.0,0
flow_001.56,110.5,2.5,0
flow_101.0,25.5,2.5,0
flow_10.0,20.5,2.0,0
flow_00.0,35.5,4.0,0
flow_201.0,34.0,3.5,0
flow_0012.0,29.0,3.5,0
flow_201.1,25.0,2.5,0
flow_3012.0,32.5,4.5,0
flow_10.1,28.5,4.5,0
flow_1012.0,29.0,4.0,0
flow_101.1,26.0,2.5,0
flow_301.0,27.0,3.0,0
flow_0012.1,44.5,4.5,0
flow_001.0,44.0,3.0,0
flow_201.2,29.5,3.5,0
flow_2012.0,27.0,3.5,0
flow_0012.2,44.0,4.0,0
flow_301.1,36.5,3.5,0
flow_1012.1,46.5,6.5,0
flow_3012.1,23.5,2.5,0
flow_1012.2,45.0,4.5,0
flow_2012.1,43.5,4.0,0
flow_001.1,65.0,7.5,0
flow_0012.3,50.5,4.0,0
flow_2012.2,41.0,5.5,0
flow_2012.3,39.0,4.5,0
flow_101.2,62.5,3.5,0
flow_3012.2,40.0,5.5,0
flow_1012.3,61.5,3.5,0
flow_101.3,59.0,3.0,0
flow_301.2,41.0,4.0,0
flow_0012.4,66.5,4.0,0
flow_20.0,55.0,6.5,0
flow_00.1,65.5,3.0,0
flow_201.3,54.0,3.0,0
flow_20.1,49.0,3.0,0
flow_001.2,67.0,3.5,0
flow_1012.4,76.5,4.5,0
flow_30.0,51.0,6.5,0
flow_101.4,74.0,2.5,0
flow_3012.3,43.5,4.5,0
flow_301.3,36.5,3.0,0
flow_2012.4,67.5,4.5,0
flow_00.2,84.0,6.5,0
flow_20.2,58.0,3.0,0
flow_20.3,57.0,3.0,0
flow_001.3,84.5,3.5,0
flow_00.3,70.0,3.0,0
flow_3012.4,46.0,4.5,0
flow_101.5,100.5,7.5,0
flow_3012.5,48.0,5.5,0
flow_301.4,46.0,3.5,0
flow_001.4,87.5,3.5,0
flow_201.4,76.0,3.5,0
flow_20.4,74.0,3.0,0
flow_001.5,88.0,3.5,0
flow_201.5,74.0,3.0,0
flow_0012.5,89.5,5.5,0
flow_101.6,87.0,3.5,0
flow_301.5,42.0,3.5,0
flow_1012.5,81.0,4.0,0
flow_3012.6,43.0,4.0,0
flow_10.2,68.0,3.0,0
flow_301.6,29.5,3.5,0
flow_201.6,91.5,3.5,0
flow_001.6,99.5,3.5,0
flow_20.5,89.5,3.0,0
flow_001.7,96.5,3.5,0
flow_201.7,89.0,3.0,0
flow_001.8,92.5,3.5,0
flow_101.7,80.5,3.5,0
flow_3012.7,34.5,5.5,0
flow_101.8,74.0,4.0,0
flow_20.6,106.0,4.0,0
flow_001.9,108.5,3.5,0
flow_20.7,104.0,3.0,0
flow_2012.5,103.0,3.5,0
flow_0012.6,108.0,6.5,0
flow_3012.8,43.5,4.5,0
flow_30.1,35.5,3.0,0
flow_101.9,95.0,7.5,0
flow_3012.9,34.5,4.0,0
flow_0012.7,111.5,4.0,0
flow_201.8,113.0,7.5,0
flow_2012.6,109.5,3.5,0
flow_0012.8,111.5,5.0,0
flow_301.7,41.5,3.5,0
flow_101.10,112.5,3.5,0
flow_10.3,110.0,3.0,0
flow_301.8,31.5,3.0,0
flow_30.2,25.5,2.5,0
flow_10.4,107.0,3.0,0
flow_00.4,112.5,4.0,0
flow_201.9,125.5,3.5,0
flow_001.10,114.5,3.0,0
flow_2012.7,115.0,5.0,0
flow_20.8,111.0,3.5,0
flow_1012.6,125.5,4.5,0
flow_3012.10,27.0,3.5,0
flow_1012.7,125.5,4.0,0
flow_10.5,121.5,3.0,0
flow_301.9,28.0,3.5,0
flow_001.11,134.0,3.5,0
flow_201.10,125.5,3.5,0
flow_20.9,110.5,3.0,0
flow_001.12,134.5,3.5,0
flow_201.11,110.0,3.0,0
flow_0012.9,133.5,5.5,0
flow_3012.11,31.5,4.0,0
flow_101.11,140.0,7.0,0
flow_10.6,133.0,3.0,0
flow_00.5,135.5,4.0,0
flow_20.10,124.0,4.0,0
flow_20.11,111.0,3.0,0
flow_0012.10,138.0,6.0,0
flow_20.12,112.5,5.5,0
flow_30.3,31.0,3.5,0
flow_101.12,138.0,3.5,0
flow_1012.8,139.5,4.0,0
flow_10.7,134.5,3.0,0
flow_2012.8,126.5,4.5,0
flow_201.12,109.5,3.0,0
flow_20.13,102.5,3.0,0
flow_001.13,156.5,7.5,0
flow_001.14,144.5,3.5,0
flow_10.8,133.0,4.0,0
flow_301.10,43.5,3.5,0
flow_101.13,113.0,3.0,0
flow_301.11,43.0,3.0,0
flow_101.14,110.0,3.0,0
flow_301.12,36.5,3.0,0
flow_0012.11,158.0,4.5,0
flow_20.14,110.5,6.5,0
flow_0012.12,142.5,5.5,0
flow_10.9,123.5,4.0,0
flow_301.13,52.0,3.5,0
flow_301.14,50.0,3.0,0
flow_101.15,113.0,3.0,0
flow_101.16,110.0,3.0,0
flow_301.15,43.0,3.0,0
flow_00.6,156.5,4.0,0
flow_201.13,130.5,4.0,0
flow_20.15,125.5,3.0,0
flow_0012.13,142.5,5.5,0
flow_10.10,124.0,4.0,0
flow_301.16,60.0,3.5,0
flow_101.17,109.0,3.0,0
flow_301.17,55.5,3.0,0
flow_10.11,103.0,3.0,0
flow_3012.12,54.5,7.0,0
flow_00.7,156.5,4.0,0
flow_201.14,137.5,3.5,0
flow_001.15,140.0,3.0,0
flow_2012.9,138.5,5.0,0
flow_201.15,132.0,2.5,0
flow_10.12,108.5,4.0,0
flow_301.18,66.0,3.5,0
flow_101.18,106.0,3.0,0
flow_3012.13,68.0,5.0,0
flow_301.19,64.0,2.5,0
flow_20.16,135.0,4.0,0
flow_00.8,159.0,4.0,0
flow_20.17,133.0,3.0,0
flow_00.9,156.0,3.5,0
flow_201.16,131.0,2.5,0
flow_001.16,143.0,3.0,0
flow_301.20,56.5,3.5,0
flow_101.19,125.5,3.5,0
flow_30.4,28.0,2.5,0
flow_1012.9,114.5,6.0,0
flow_101.20,111.0,3.0,0
flow_001.17,156.5,3.5,0
flow_201.17,136.5,3.5,0
flow_001.18,138.0,3.0,0
flow_201.18,135.0,3.0,0
flow_0012.14,133.0,4.0,0
flow_201.19,136.5,7.0,0
flow_10.13,124.0,4.0,0
flow_301.21,45.5,3.5,0
flow_10.14,111.5,3.0,0
flow_101.21,110.0,3.0,0
flow_3012.14,29.5,6.0,0
flow_201.20,136.5,3.5,0
flow_0012.15,140.5,6.5,0
flow_20.18,114.0,3.5,0
flow_001.19,135.0,3.0,0
flow_001.20,118.0,3.5,0
flow_301.22,37.5,3.5,0
flow_101.22,125.5,3.5,0
flow_10.15,111.0,3.0,0
flow_301.23,26.0,2.5,0
flow_1012.10,110.5,4.0,0
flow_3012.15,27.5,3.5,0
flow_00.10,127.5,4.0,0
flow_201.21,128.5,3.5,0
flow_0012.16,112.0,3.5,0
flow_001.21,106.5,2.5,0
flow_20.19,114.5,6.0,0
flow_201.22,110.5,3.0,0
flow_30.5,21.5,2.0,0
flow_101.23,125.5,3.5,0
flow_30.6,21.5,2.0,0
flow_10.16,112.0,3.0,0
flow_1012.11,109.0,3.5,0
flow_001.22,109.0,3.5,0
flow_201.23,124.5,3.5,0
flow_00.11,105.0,3.0,0
flow_201.24,113.0,3.0,0
flow_001.23,104.0,3.0,0
flow_201.25,110.0,3.0,0
flow_10.17,108.0,4.0,0
flow_3012.16,29.0,6.5,0
flow_30.7,25.0,3.0,0
flow_101.24,110.5,3.0,0
flow_201.26,125.0,3.5,0
flow_001.24,109.0,3.5,0
flow_201.27,112.0,3.0,0
flow_001.25,108.0,3.5,0
flow_201.28,109.5,3.0,0
flow_001.26,104.5,3.5,0
flow_1012.12,125.0,4.5,0
flow_3012.17,37.0,4.5,0
flow_3012.18,36.0,4.0,0
flow_301.24,34.0,3.0,0
flow_101.25,117.0,4.0,0
flow_0012.17,108.5,4.5,0
flow_00.12,105.0,3.0,0
flow_20.20,126.5,6.5,0
flow_20.21,112.5,4.0,0
flow_201.29,108.5,3.0,0
flow_1012.13,131.0,4.0,0
flow_3012.19,50.5,4.5,0
flow_10.18,132.5,8.0,0
flow_3012.20,46.0,5.5,0
flow_3012.21,44.5,8.0,0
flow_20.22,109.0,4.5,0
flow_201.30,107.5,3.5,0
flow_2012.10,103.0,3.0,0
flow_0012.18,131.5,5.5,0
flow_10.19,135.5,4.0,0
flow_30.8,44.5,4.0,0
flow_10.20,133.5,3.5,0
flow_101.26,133.0,3.5,0
flow_3012.22,28.5,5.0,0
flow_201.31,108.0,3.5,0
flow_001.27,137.5,3.5,0
flow_201.32,106.5,3.0,0
flow_001.28,137.0,3.5,0
flow_201.33,105.0,3.5,0
flow_001.29,133.5,3.0,0
flow_10.21,136.0,4.0,0
flow_301.25,34.0,4.0,0
flow_1012.14,135.5,4.0,0
flow_101.27,132.0,3.0,0
flow_2012.11,109.0,4.5,0
flow_00.13,139.0,6.5,0
flow_201.34,107.0,3.0,0
flow_00.14,136.0,4.0,0
flow_00.15,133.0,3.0,0
flow_101.28,134.5,3.5,0
flow_301.26,43.5,3.5,0
flow_30.9,23.5,2.5,0
flow_101.29,129.5,3.0,0
flow_1012.15,114.0,3.5,0
flow_0012.19,137.5,4.5,0
flow_2012.12,126.0,4.5,0
flow_201.35,113.5,3.0,0
flow_001.30,136.5,3.5,0
flow_20.23,108.0,3.0,0
flow_0012.20,135.5,6.5,0
flow_101.30,128.0,3.5,0
flow_1012.16,113.0,4.0,0
flow_3012.23,35.0,6.5,0
flow_1012.17,109.5,4.0,0
flow_301.27,38.0,7.0,0
flow_001.31,136.5,3.5,0
flow_201.36,124.5,3.5,0
flow_0012.21,132.0,4.0,0
flow_20.24,114.5,6.0,0
flow_0012.22,113.0,6.5,0
flow_101.31,110.0,3.5,0
flow_301.28,50.0,3.5,0
flow_10.22,105.5,3.0,0
flow_301.29,49.5,3.0,0
flow_30.10,31.0,3.0,0
flow_10.23,103.5,3.0,0
flow_0012.23,109.0,4.5,0
flow_001.32,106.5,3.0,0
flow_201.37,135.5,7.5,0
flow_00.16,102.0,3.0,0
flow_201.38,132.5,3.0,0
flow_3012.24,40.5,4.0,0
flow_10.24,111.5,6.5,0
flow_301.30,36.5,3.0,0
flow_101.32,107.5,3.0,0
flow_301.31,35.5,3.0,0
flow_101.33,105.0,3.0,0
flow_0012.24,108.0,4.0,0
flow_2012.13,137.0,4.5,0
flow_20.25,133.0,3.0,0
flow_001.33,107.0,3.0,0
flow_20.26,130.5,3.0,0
flow_001.34,105.0,3.5,0
flow_10.25,107.5,4.0,0
flow_301.32,43.0,3.5,0
flow_10.26,106.0,3.0,0
flow_301.33,43.0,3.0,0
flow_1012.18,104.0,4.0,0
flow_201.39,136.5,3.5,0
flow_0012.25,111.0,6.5,0
flow_2012.14,131.0,3.5,0
flow_0012.26,109.0,4.5,0
flow_2012.15,116.0,4.0,0
flow_1012.19,109.5,4.5,0
flow_101.34,106.5,3.0,0
flow_10.27,102.0,3.0,0
flow_20.27,129.5,4.0,0
flow_001.35,126.0,3.5,0
flow_001.36,112.0,3.0,0
flow_201.40,127.5,3.0,0
flow_001.37,110.5,3.0,0
flow_201.41,116.5,3.5,0
flow_101.35,108.5,3.5,0
flow_301.34,38.5,3.5,0
flow_101.36,107.0,3.0,0
flow_301.35,35.0,3.0,0
flow_101.37,103.5,3.0,0
flow_301.36,29.5,3.0,0
flow_2012.16,131.0,4.5,0
flow_201.42,109.5,3.0,0
flow_001.38,129.5,7.5,0
flow_201.43,105.0,3.0,0
flow_001.39,116.5,3.5,0
flow_3012.25,39.5,4.5,0
flow_10.28,111.0,6.5,0
flow_301.37,31.5,3.0,0
flow_1012.20,108.0,4.5,0
flow_101.38,103.5,3.0,0
flow_00.17,130.0,4.0,0
flow_201.44,108.0,3.5,0
flow_201.45,106.0,3.0,0
flow_001.40,129.0,3.0,0
flow_2012.17,103.5,3.5,0
flow_001.41,119.0,6.5,0
flow_30.11,42.0,4.0,0
flow_10.29,109.0,4.0,0
flow_30.12,41.0,3.0,0
flow_101.39,106.5,3.0,0
flow_301.38,35.0,3.0,0
flow_101.40,105.0,3.5,0
flow_00.18,129.5,4.0,0
flow_20.28,107.5,4.0,0
flow_201.46,107.0,3.0,0
flow_00.19,114.5,3.0,0
flow_0012.27,131.5,5.0,0
flow_1012.21,109.0,4.0,0
flow_3012.26,52.5,4.5,0
flow_1012.22,106.5,3.5,0
flow_10.30,102.5,3.0,0
flow_30.13,54.0,6.0,0
flow_301.39,51.5,3.0,0
flow_001.42,129.5,3.5,0
flow_201.47,125.5,3.5,0
flow_201.48,112.0,3.0,0
flow_001.43,112.5,3.0,0
flow_2012.18,109.5,3.5,0
flow_001.44,115.5,7.0,0
flow_301.40,58.5,3.5,0
flow_1012.23,112.0,6.5,0
flow_10.31,106.5,3.5,0
flow_301.41,59.5,3.5,0
flow_101.41,104.5,3.0,0
flow_001.45,125.0,3.5,0
flow_201.49,125.0,3.5,0
flow_00.20,108.5,3.0,0
flow_201.50,112.0,3.0,0
flow_00.21,103.5,3.0,0
flow_20.29,109.0,3.0,0
flow_301.42,73.5,3.5,0
flow_101.42,110.5,4.0,0
flow_30.14,49.5,3.0,0
flow_301.43,73.5,3.5,0
flow_101.43,108.0,3.5,0
flow_101.44,105.0,3.0,0
flow_201.51,125.0,3.5,0
flow_001.46,109.0,3.5,0
flow_0012.28,107.0,4.0,0
flow_001.47,103.5,3.0,0
flow_201.52,116.5,7.0,0
flow_1012.24,108.5,4.0,0
flow_3012.27,63.5,4.5,0
flow_30.15,50.5,3.5,0
flow_101.45,108.0,3.0,0
flow_30.16,49.5,3.0,0
flow_101.46,104.5,3.0,0
flow_2012.19,132.5,4.5,0
flow_201.53,129.0,3.0,0
flow_001.48,113.5,7.5,0
flow_00.22,108.0,3.5,0
flow_201.54,115.5,3.0,0
flow_1012.25,109.5,4.5,0
flow_301.44,51.0,7.5,0
flow_1012.26,111.0,5.5,0
flow_3012.28,50.5,4.0,0
flow_1012.27,107.0,4.5,0
flow_2012.20,130.0,4.5,0
flow_201.55,112.0,2.5,0
flow_001.49,129.0,7.5,0
flow_20.30,107.5,3.0,0
flow_0012.29,118.0,6.0,0
flow_3012.29,53.5,4.5,0
flow_1012.28,109.5,4.5,0
flow_30.17,46.5,3.0,0
flow_101.47,107.0,3.0,0
flow_301.45,46.0,3.5,0
flow_101.48,105.0,3.5,0
flow_00.23,129.5,4.0,0
flow_20.31,124.5,4.0,0
flow_20.32,111.0,3.0,0
flow_00.24,127.0,3.0,0
flow_00.25,114.5,3.0,0
flow_2012.21,112.5,6.0,0
flow_1012.29,108.5,4.5,0
flow_3012.30,41.5,4.0,0
flow_30.18,40.0,3.0,0
flow_101.49,108.0,3.0,0
flow_301.46,39.5,2.5,0
flow_101.50,105.0,3.0,0
flow_2012.22,126.5,4.5,0
flow_20.33,111.0,3.0,0
flow_001.50,135.0,7.5,0
flow_201.56,106.5,3.0,0
flow_001.51,133.0,3.5,0
