vehicle_id,travel_time,zone_time,total_collisions_in_episode
flow_3012.0,24.5,3.0,0
flow_201.0,24.0,2.5,0
flow_301.0,41.5,3.5,0
flow_301.1,26.5,2.5,0
flow_101.0,26.5,3.0,0
flow_001.0,38.5,4.0,0
flow_0012.0,33.0,4.0,0
flow_0012.1,27.0,3.5,0
flow_00.0,26.0,3.0,0
flow_001.1,27.0,2.5,0
flow_001.2,26.5,3.0,0
flow_3012.1,42.0,4.0,0
flow_101.1,41.0,7.0,0
flow_201.1,26.5,3.0,0
flow_201.2,26.0,2.5,0
flow_201.3,26.0,2.5,0
flow_301.2,35.5,3.5,0
flow_20.0,26.0,3.5,0
flow_201.4,25.0,2.5,0
flow_001.3,25.5,2.5,0
flow_201.5,25.0,2.5,0
flow_301.3,33.5,3.5,0
flow_1012.0,44.0,5.5,0
flow_301.4,26.0,3.0,0
flow_001.4,43.0,3.5,0
flow_3012.2,36.0,4.5,0
flow_301.5,28.0,3.0,0
flow_3012.3,24.0,3.0,0
flow_1012.1,28.5,5.5,0
flow_20.1,33.5,4.0,0
flow_0012.2,36.5,6.0,0
flow_10.0,33.0,4.0,0
flow_301.6,41.0,3.5,0
flow_201.6,38.5,3.5,0
flow_0012.3,42.5,6.5,0
flow_301.7,33.0,3.5,0
flow_10.1,22.5,2.0,0
flow_001.5,32.5,3.5,0
flow_201.7,24.5,2.5,0
flow_10.2,39.0,4.0,0
flow_301.8,43.5,3.5,0
flow_101.2,34.0,3.0,0
flow_201.8,26.0,2.5,0
flow_30.0,31.0,3.5,0
flow_101.3,42.0,3.5,0
flow_1012.2,41.5,3.5,0
flow_20.2,40.0,4.0,0
flow_2012.0,28.0,4.0,0
flow_1012.3,37.0,4.5,0
flow_00.1,38.0,4.0,0
flow_201.9,39.5,3.5,0
flow_001.6,34.5,3.0,0
flow_201.10,29.0,3.5,0
flow_1012.4,36.5,4.0,0
flow_00.2,21.5,2.0,0
flow_20.3,23.0,2.0,0
flow_201.11,25.0,2.5,0
flow_101.4,37.0,3.5,0
flow_101.5,30.0,3.0,0
flow_301.9,25.5,2.5,0
flow_2012.1,43.5,4.5,0
flow_00.3,35.5,6.5,0
flow_20.4,38.5,3.0,0
flow_00.4,31.5,4.0,0
flow_001.7,25.5,2.5,0
flow_1012.5,29.0,4.0,0
flow_1012.6,25.5,3.5,0
flow_3012.4,24.5,3.0,0
flow_20.5,27.0,3.5,0
flow_001.8,31.0,3.5,0
flow_001.9,30.0,3.0,0
flow_301.10,38.5,3.5,0
flow_001.10,26.0,3.0,0
flow_101.6,23.5,2.0,0
flow_1012.7,25.0,3.5,0
flow_101.7,35.0,3.5,0
flow_301.11,32.0,3.5,0
flow_301.12,32.0,3.0,0
flow_3012.5,29.5,3.0,0
flow_001.11,32.5,3.5,0
flow_201.12,43.0,3.5,0
flow_2012.2,30.0,3.5,0
flow_001.12,26.5,3.0,0
flow_301.13,39.0,3.5,0
flow_20.6,38.5,4.0,0
flow_201.13,38.5,3.0,0
flow_201.14,31.5,3.0,0
flow_301.14,26.0,2.5,0
flow_20.7,47.0,4.0,0
flow_2012.3,48.5,4.0,0
flow_3012.6,26.5,3.5,0
flow_201.15,27.0,3.0,0
flow_001.13,45.0,3.5,0
flow_10.3,27.0,3.5,0
flow_10.4,26.0,3.0,0
flow_3012.7,23.5,3.0,0
flow_0012.4,25.5,3.5,0
flow_10.5,34.5,4.0,0
flow_301.15,41.0,4.0,0
flow_30.1,36.5,3.0,0
flow_3012.8,38.5,4.0,0
flow_2012.4,25.0,3.0,0
flow_301.16,50.0,3.5,0
flow_0012.5,23.5,3.0,0
flow_101.8,24.5,2.5,0
flow_00.5,38.0,4.0,0
flow_001.14,27.5,2.5,0
flow_101.9,24.0,2.5,0
flow_101.10,26.0,3.0,0
flow_301.17,24.5,2.5,0
flow_001.15,25.5,2.5,0
flow_00.6,22.5,2.0,0
flow_301.18,31.5,3.0,0
flow_101.11,42.5,3.5,0
flow_3012.9,25.5,3.5,0
flow_301.19,25.0,2.5,0
flow_00.7,30.5,3.5,0
flow_20.8,22.0,2.0,0
flow_301.20,42.5,3.5,0
flow_3012.10,41.0,3.5,0
flow_20.9,38.0,4.0,0
flow_00.8,40.0,4.0,0
flow_00.9,38.0,3.0,0
flow_201.16,33.5,2.5,0
flow_1012.8,28.0,4.0,0
flow_001.16,34.5,3.5,0
flow_101.12,42.0,3.5,0
flow_3012.11,25.0,3.0,0
flow_10.6,34.0,5.0,0
flow_00.10,28.0,3.5,0
flow_201.17,41.0,3.5,0
flow_001.17,26.5,2.5,0
flow_10.7,28.0,3.5,0
flow_30.2,21.5,2.0,0
flow_001.18,25.5,2.5,0
flow_1012.9,42.0,4.5,0
flow_10.8,31.0,3.5,0
flow_301.21,31.0,7.0,0
flow_2012.5,27.0,4.0,0
flow_001.19,25.5,2.5,0
flow_201.18,26.5,3.0,0
flow_3012.12,25.5,3.5,0
flow_10.9,22.5,2.0,0
flow_0012.6,38.5,4.5,0
flow_20.10,41.0,6.5,0
flow_0012.7,35.5,5.5,0
flow_20.11,39.5,7.5,0
flow_30.3,34.0,4.0,0
flow_001.20,46.0,3.5,0
flow_201.19,38.0,3.5,0
flow_20.12,29.5,3.0,0
flow_001.21,41.5,3.0,0
flow_00.11,29.0,3.0,0
flow_3012.13,37.0,4.5,0
flow_3012.14,26.5,3.5,0
flow_2012.6,29.0,4.0,0
flow_001.22,51.5,7.0,0
flow_00.12,44.0,3.5,0
flow_1012.10,41.5,4.5,0
flow_101.13,25.5,2.5,0
flow_301.22,41.5,7.5,0
flow_201.20,41.5,3.5,0
flow_001.23,56.0,3.5,0
flow_0012.8,55.5,4.0,0
flow_2012.7,35.5,4.0,0
flow_001.24,32.0,3.0,0
flow_301.23,34.0,4.0,0
flow_00.13,22.0,2.0,0
flow_101.14,24.0,2.5,0
flow_201.21,42.5,3.5,0
flow_001.25,36.5,3.5,0
flow_201.22,34.0,3.0,0
flow_30.4,41.0,4.0,0
flow_0012.9,33.0,4.5,0
flow_201.23,41.5,4.0,0
flow_20.13,38.0,3.5,0
flow_101.15,45.5,3.5,0
flow_301.24,44.5,3.5,0
flow_10.10,41.0,3.0,0
flow_101.16,31.5,2.5,0
flow_00.14,37.5,4.0,0
flow_301.25,36.0,3.5,0
flow_101.17,24.5,2.5,0
flow_20.14,22.0,2.0,0
flow_101.0,26.0,3.0,0
flow_10.0,22.5,2.0,0
flow_10.1,37.5,4.0,0
flow_301.0,30.5,3.0,0
flow_30.0,29.0,3.0,0
flow_2012.0,37.5,4.0,0
flow_10.2,40.5,4.0,0
flow_30.1,31.5,3.5,0
flow_101.1,39.0,2.5,0
flow_101.2,39.0,3.0,0
flow_10.3,44.0,4.0,0
flow_20.0,32.5,3.5,0
flow_2012.1,25.0,3.0,0
flow_3012.0,24.5,3.0,0
flow_1012.0,37.0,4.5,0
flow_1012.1,29.5,4.0,0
flow_001.0,46.0,3.5,0
flow_001.1,33.0,3.5,0
flow_001.2,27.0,3.0,0
flow_101.3,44.5,4.0,0
flow_101.4,31.5,3.5,0
flow_3012.1,35.5,4.5,0
flow_10.4,41.0,6.5,0
flow_1012.2,38.5,4.0,0
flow_1012.3,32.5,4.0,0
flow_201.0,26.0,3.0,0
flow_00.0,20.5,1.5,0
flow_30.2,43.5,4.0,0
flow_101.5,45.5,4.0,0
flow_301.1,41.0,3.0,0
flow_101.6,41.0,3.0,0
flow_1012.4,37.5,4.0,0
flow_2012.2,32.5,4.0,0
flow_00.1,41.0,6.0,0
flow_0012.0,39.0,4.0,0
flow_2012.3,32.0,6.5,0
flow_0012.1,34.0,4.0,0
flow_1012.5,50.0,4.5,0
flow_10.5,42.0,3.0,0
flow_30.3,30.0,4.0,0
flow_101.7,32.5,2.5,0
flow_10.6,29.0,2.5,0
flow_301.2,31.5,3.0,0
flow_201.1,47.0,3.5,0
flow_001.3,47.5,3.5,0
flow_201.2,41.5,3.0,0
flow_201.3,40.0,3.0,0
flow_301.3,49.0,3.5,0
flow_101.8,29.5,3.5,0
flow_101.9,28.0,3.5,0
flow_301.4,25.0,2.5,0
flow_10.7,22.5,2.0,0
flow_201.4,58.0,3.5,0
flow_001.4,31.0,3.5,0
flow_2012.4,56.5,4.0,0
flow_10.8,21.0,1.5,0
flow_301.5,32.0,3.5,0
flow_201.5,41.0,3.5,0
flow_2012.5,41.0,4.0,0
flow_3012.2,35.0,4.5,0
flow_301.6,25.0,2.0,0
flow_2012.6,29.0,4.0,0
flow_0012.2,42.5,4.0,0
flow_0012.3,42.5,4.0,0
flow_301.7,38.5,3.5,0
flow_1012.6,47.5,6.5,0
flow_301.8,41.5,3.5,0
flow_201.6,41.5,3.5,0
flow_001.5,39.0,3.5,0
flow_2012.7,31.5,3.5,0
flow_00.2,34.0,6.0,0
flow_201.7,32.5,3.5,0
flow_301.9,48.0,3.5,0
flow_2012.8,39.5,4.5,0
flow_201.8,28.0,2.5,0
flow_001.6,46.0,7.5,0
flow_00.3,37.0,3.5,0
flow_201.9,28.0,3.5,0
flow_10.9,39.0,4.0,0
flow_30.4,37.5,4.0,0
flow_101.10,40.5,3.0,0
flow_10.10,37.0,3.0,0
flow_301.10,26.0,2.5,0
flow_2012.9,45.5,4.5,0
flow_00.4,33.0,5.5,0
flow_201.10,38.5,3.0,0
flow_001.7,32.5,3.0,0
flow_0012.4,28.0,3.5,0
flow_10.11,25.0,3.0,0
flow_101.11,25.0,2.5,0
flow_201.11,41.5,3.5,0
flow_001.8,26.5,2.5,0
flow_101.12,41.5,3.5,0
flow_201.12,30.5,3.5,0
flow_0012.5,34.5,5.5,0
flow_301.11,37.5,3.5,0
flow_2012.10,36.0,4.0,0
flow_00.5,35.5,6.5,0
flow_001.9,34.0,3.0,0
flow_001.10,31.5,3.0,0
flow_00.6,46.0,4.0,0
flow_10.12,34.5,4.0,0
flow_2012.11,27.5,4.0,0
flow_301.12,34.5,3.5,0
flow_101.13,42.5,3.5,0
flow_101.14,38.0,3.0,0
flow_10.13,37.0,3.0,0
flow_1012.7,27.5,4.0,0
flow_301.13,33.0,7.0,0
flow_20.1,37.0,4.0,0
flow_2012.12,27.0,3.0,0
flow_201.13,25.0,2.0,0
flow_10.14,23.5,2.5,0
flow_2012.13,45.0,4.5,0
flow_2012.14,31.5,4.0,0
flow_3012.3,29.0,4.0,0
flow_101.15,40.5,7.0,0
flow_0012.6,33.5,4.5,0
flow_2012.15,36.0,4.5,0
flow_201.14,34.5,3.0,0
flow_20.2,37.5,4.0,0
flow_00.7,38.0,4.0,0
flow_2012.16,39.5,4.0,0
flow_201.15,38.5,3.0,0
flow_30.5,26.0,3.0,0
flow_2012.17,35.5,4.5,0
flow_20.3,33.5,3.0,0
flow_201.16,33.0,2.5,0
flow_10.15,20.0,1.5,0
flow_201.17,51.0,3.5,0
flow_2012.18,45.5,3.5,0
flow_201.18,31.5,2.5,0
flow_3012.4,32.5,4.0,0
flow_101.16,28.5,3.5,0
flow_301.14,27.5,3.0,0
flow_301.15,25.0,2.5,0
flow_1012.8,31.5,4.0,0
flow_10.16,28.5,3.0,0
flow_20.4,30.0,3.5,0
flow_001.11,33.0,3.5,0
flow_20.5,22.5,2.5,0
flow_30.6,40.0,4.0,0
flow_301.16,40.5,3.0,0
flow_301.17,37.0,3.0,0
flow_00.8,41.0,4.0,0
flow_201.19,45.0,3.5,0
flow_00.9,35.5,3.0,0
flow_0012.7,35.5,3.5,0
flow_1012.9,28.0,4.0,0
flow_30.7,41.5,6.0,0
flow_30.8,27.5,3.5,0
flow_30.9,26.0,3.0,0
flow_0012.8,52.0,4.5,0
flow_001.12,36.5,3.0,0
flow_101.17,38.0,3.5,0
flow_101.18,33.0,3.5,0
flow_00.10,26.5,3.5,0
flow_2012.19,34.5,6.5,0
flow_201.20,32.5,3.0,0
flow_201.21,32.0,3.5,0
flow_101.19,26.0,3.0,0
flow_101.20,25.5,3.0,0
flow_201.22,46.5,3.5,0
flow_001.13,34.0,3.5,0
flow_201.23,46.5,3.0,0
flow_2012.20,45.0,3.5,0
flow_3012.5,25.5,3.5,0
flow_2012.21,62.5,4.5,0
flow_00.11,39.5,6.5,0
flow_001.14,26.5,3.0,0
flow_30.10,36.0,4.0,0
flow_3012.6,35.0,3.5,0
flow_3012.7,35.0,3.5,0
flow_001.15,25.5,2.5,0
flow_2012.22,24.5,3.0,0
flow_30.11,42.5,4.0,0
flow_301.18,44.0,3.0,0
flow_101.21,25.5,2.5,0
flow_001.16,27.5,3.0,0
flow_301.19,37.0,3.5,0
flow_201.24,27.0,3.0,0
flow_201.25,26.0,3.0,0
flow_001.17,39.5,3.5,0
flow_00.12,23.0,2.0,0
flow_001.18,27.0,3.0,0
flow_301.20,28.0,3.0,0
flow_101.22,33.0,3.5,0
flow_20.6,41.0,4.0,0
flow_00.13,35.5,4.0,0
flow_001.19,28.0,2.5,0
flow_001.20,27.0,2.5,0
flow_101.23,41.0,3.5,0
flow_301.21,23.5,2.0,0
flow_101.24,39.5,3.0,0
flow_1012.10,27.0,3.5,0
flow_00.14,20.5,1.5,0
flow_201.26,28.5,3.5,0
flow_30.12,40.5,4.0,0
flow_101.25,37.5,3.5,0
flow_30.13,36.5,3.0,0
flow_101.26,37.5,3.0,0
flow_301.22,33.5,2.5,0
flow_1012.11,38.0,5.0,0
flow_00.15,35.5,4.0,0
flow_30.0,21.0,1.5,0
flow_201.0,25.5,2.5,0
flow_001.0,26.0,3.0,0
flow_001.1,25.5,2.5,0
flow_201.1,44.0,3.5,0
flow_1012.0,44.5,4.5,0
flow_20.0,38.0,4.0,0
flow_20.1,36.5,3.0,0
flow_0012.0,34.5,7.5,0
flow_101.0,37.5,3.5,0
flow_301.0,35.5,3.5,0
flow_30.1,20.5,1.5,0
flow_2012.0,37.0,4.0,0
flow_2012.1,35.0,4.0,0
flow_001.2,33.0,7.0,0
flow_20.2,31.0,3.5,0
flow_201.2,31.0,2.5,0
flow_101.1,44.5,3.5,0
flow_00.0,20.5,1.5,0
flow_30.2,34.0,4.0,0
flow_30.3,33.0,3.0,0
flow_201.3,27.5,3.0,0
flow_001.3,43.5,3.5,0
flow_2012.2,23.5,3.0,0
flow_30.4,25.5,3.0,0
flow_101.2,39.0,3.5,0
flow_1012.1,28.0,3.0,0
flow_101.3,28.0,3.0,0
flow_20.3,34.5,4.0,0
flow_201.4,31.5,3.0,0
flow_201.5,31.5,3.5,0
flow_101.4,40.5,3.5,0
flow_1012.2,39.5,3.5,0
flow_101.5,40.5,3.5,0
flow_0012.1,40.5,4.5,0
flow_001.4,24.0,2.5,0
flow_10.0,46.5,4.0,0
flow_30.5,38.5,4.0,0
flow_101.6,47.0,3.0,0
flow_201.6,29.5,3.5,0
flow_001.5,35.5,3.5,0
flow_001.6,34.0,3.0,0
flow_001.7,33.0,3.0,0
flow_101.7,42.5,3.5,0
flow_3012.0,25.5,3.5,0
flow_1012.3,35.0,4.0,0
flow_101.8,32.0,2.5,0
flow_201.7,33.0,3.5,0
flow_0012.2,48.5,6.0,0
flow_001.8,40.0,3.0,0
flow_201.8,36.5,4.0,0
flow_101.9,44.0,3.5,0
flow_101.10,35.0,3.0,0
flow_001.9,43.0,4.0,0
flow_20.4,37.0,4.0,0
flow_101.11,41.5,3.5,0
flow_10.1,30.5,3.0,0
flow_2012.3,39.5,4.5,0
flow_301.1,25.0,2.5,0
flow_101.12,39.5,3.5,0
flow_101.13,38.5,3.0,0
flow_301.2,26.0,3.0,0
flow_1012.4,35.5,5.0,0
flow_001.10,24.0,2.5,0
flow_00.1,22.5,2.0,0
flow_101.14,44.5,3.5,0
flow_0012.3,43.5,4.5,0
flow_001.11,29.5,2.5,0
flow_0012.4,28.5,3.5,0
flow_101.15,44.0,3.5,0
flow_3012.1,34.5,6.0,0
flow_10.2,40.0,3.5,0
flow_301.3,25.5,2.5,0
flow_20.5,29.5,3.5,0
flow_001.12,39.0,3.5,0
flow_001.13,35.0,3.0,0
flow_201.9,27.5,3.0,0
flow_001.14,29.5,3.0,0
flow_30.6,24.5,3.0,0
flow_10.3,55.5,4.0,0
flow_101.16,39.0,3.0,0
flow_001.15,46.5,3.5,0
flow_001.16,37.5,3.0,0
flow_00.2,29.5,3.0,0
flow_101.17,28.0,3.0,0
flow_20.6,40.5,4.0,0
flow_00.3,34.5,4.0,0
flow_20.7,28.0,3.0,0
flow_201.10,26.5,3.0,0
flow_1012.5,32.0,4.0,0
flow_001.17,32.5,3.5,0
flow_2012.4,45.5,5.5,0
flow_201.11,44.0,3.0,0
flow_20.8,31.5,2.5,0
flow_301.4,42.0,3.5,0
flow_1012.6,41.5,6.5,0
flow_3012.2,38.0,4.0,0
flow_101.18,40.5,3.5,0
flow_001.18,34.0,3.5,0
flow_201.12,40.0,3.5,0
flow_20.9,32.0,3.5,0
flow_201.13,25.5,2.5,0
flow_101.19,52.5,3.5,0
flow_301.5,39.0,3.5,0
flow_3012.3,38.5,4.0,0
flow_001.19,32.5,3.5,0
flow_00.4,30.0,3.0,0
flow_201.14,28.0,3.5,0
flow_00.5,29.0,3.0,0
flow_20.10,38.0,4.0,0
flow_0012.5,39.0,7.5,0
flow_201.15,33.0,3.0,0
flow_101.20,28.0,3.0,0
flow_20.11,47.0,4.0,0
flow_001.20,34.5,3.5,0
flow_20.12,35.5,3.0,0
flow_301.6,47.5,4.0,0
flow_201.16,44.0,3.5,0
flow_20.13,32.5,3.0,0
flow_3012.4,34.5,4.5,0
flow_00.6,31.5,4.0,0
flow_201.17,27.0,3.0,0
flow_0012.6,26.0,3.5,0
flow_301.7,40.0,3.5,0
flow_101.21,37.5,4.0,0
flow_301.8,32.5,3.5,0
flow_001.21,34.0,3.5,0
flow_001.22,26.0,2.5,0
flow_301.9,26.5,3.0,0
flow_30.7,22.0,2.0,0
flow_201.18,25.5,2.5,0
flow_10.4,27.5,3.5,0
flow_3012.5,46.0,7.5,0
flow_301.10,43.0,3.5,0
flow_20.14,27.5,3.5,0
flow_00.7,42.0,4.0,0
flow_201.19,28.0,3.5,0
flow_10.5,24.5,3.0,0
flow_201.20,44.0,3.5,0
flow_201.21,44.5,3.5,0
flow_2012.5,26.0,3.0,0
flow_101.22,32.5,3.5,0
flow_101.23,27.0,3.0,0
flow_001.23,25.5,2.5,0
flow_1012.7,32.5,4.5,0
flow_20.15,29.0,3.5,0
flow_2012.6,30.5,4.0,0
flow_101.24,32.5,3.5,0
flow_301.11,31.5,3.0,0
flow_201.22,37.5,3.5,0
flow_0012.7,43.0,6.5,0
flow_0012.8,33.5,4.5,0
flow_20.16,24.5,3.0,0
flow_0012.9,31.5,6.5,0
flow_00.8,24.5,2.5,0
flow_1012.8,41.0,4.5,0
flow_101.25,39.5,3.0,0
flow_301.12,28.0,3.0,0
flow_2012.7,24.0,2.5,0
flow_00.9,25.0,4.5,0
flow_201.23,40.0,3.5,0
flow_001.24,40.5,3.5,0
flow_2012.8,41.0,4.0,0
flow_301.13,36.5,3.5,0
flow_10.6,36.0,4.0,0
flow_201.24,31.0,3.0,0
flow_001.25,45.5,4.0,0
flow_001.26,43.0,3.0,0
flow_201.25,26.5,2.5,0
flow_001.27,35.0,3.5,0
flow_301.14,25.0,2.5,0
flow_0012.10,27.5,4.0,0
flow_101.26,37.0,3.5,0
flow_301.15,41.5,3.5,0
flow_10.7,22.0,2.0,0
flow_301.16,41.0,3.0,0
flow_10.8,21.5,2.0,0
flow_001.28,33.0,3.5,0
flow_2012.9,44.5,5.5,0
flow_001.29,35.0,3.5,0
flow_3012.6,33.5,4.5,0
flow_001.30,52.5,4.0,0
flow_201.26,45.5,3.5,0
flow_001.31,28.0,3.0,0
flow_201.27,24.0,2.5,0
flow_10.9,21.5,2.0,0
flow_301.17,46.5,4.0,0
flow_0012.11,26.0,4.0,0
flow_30.8,36.0,4.0,0
flow_3012.7,25.0,3.5,0
flow_20.17,25.5,3.0,0
flow_00.10,40.5,4.0,0
flow_00.11,35.0,3.0,0
flow_201.28,24.5,2.0,0
flow_20.0,21.0,1.5,0
flow_001.0,25.0,2.5,0
flow_301.0,39.0,4.0,0
flow_20.1,33.5,4.0,0
flow_201.0,26.5,2.5,0
flow_1012.0,26.5,3.5,0
flow_10.0,20.5,1.5,0
flow_0012.0,32.0,4.0,0
flow_201.1,30.0,4.0,0
flow_201.2,30.0,3.5,0
flow_30.0,40.5,4.0,0
flow_301.1,32.0,3.0,0
flow_0012.1,38.5,4.5,0
flow_001.1,37.0,3.0,0
flow_10.1,23.0,2.0,0
flow_201.3,34.5,3.5,0
flow_0012.2,26.5,3.5,0
flow_201.4,26.0,3.0,0
flow_001.2,36.0,3.5,0
flow_001.3,36.0,3.0,0
flow_30.1,21.5,2.0,0
flow_101.0,44.0,3.5,0
flow_1012.1,42.0,3.5,0
flow_00.0,34.0,4.0,0
flow_20.2,31.5,3.5,0
flow_001.4,35.5,3.0,0
flow_2012.0,35.5,6.0,0
flow_2012.1,29.5,4.0,0
flow_101.1,43.0,3.5,0
flow_101.2,42.5,3.0,0
flow_101.3,26.0,2.5,0
flow_30.2,21.5,1.5,0
flow_10.2,33.0,4.0,0
flow_2012.2,24.0,2.5,0
flow_0012.3,41.0,4.5,0
flow_001.5,27.5,3.0,0
flow_10.3,21.0,1.5,0
flow_0012.4,24.5,3.0,0
flow_10.4,24.0,2.5,0
flow_301.2,27.0,3.0,0
flow_201.5,32.0,3.5,0
flow_0012.5,41.0,6.0,0
flow_20.3,22.5,2.0,0
flow_301.3,40.0,3.5,0
flow_101.4,26.0,3.0,0
flow_10.5,22.5,2.0,0
flow_2012.3,24.5,3.0,0
flow_10.6,21.5,2.0,0
flow_001.6,24.5,2.5,0
flow_201.6,30.0,3.5,0
flow_20.4,20.5,2.0,0
flow_30.3,31.0,4.0,0
flow_101.5,36.0,3.5,0
flow_101.6,25.5,2.5,0
flow_201.7,39.5,3.5,0
flow_0012.6,45.5,6.5,0
flow_1012.2,36.0,4.5,0
flow_10.7,27.5,3.0,0
flow_001.7,25.5,2.5,0
flow_00.1,21.0,1.5,0
flow_301.4,41.0,3.5,0
flow_1012.3,28.5,6.0,0
flow_301.5,36.0,4.0,0
flow_201.8,34.5,4.0,0
flow_30.4,24.0,2.5,0
flow_10.8,23.0,2.0,0
flow_301.6,25.0,2.5,0
flow_30.5,22.5,2.0,0
flow_10.9,30.0,3.5,0
flow_30.6,40.5,4.0,0
flow_0012.7,26.0,3.5,0
flow_201.9,36.5,3.5,0
flow_0012.8,45.0,6.5,0
flow_0012.9,35.0,4.0,0
flow_201.10,35.0,4.5,0
flow_30.7,30.5,3.5,0
flow_10.10,21.0,2.0,0
flow_101.7,28.0,3.0,0
flow_1012.4,25.5,3.0,0
flow_201.11,46.5,3.5,0
flow_20.5,31.0,3.0,0
flow_101.8,40.5,3.5,0
flow_30.8,21.0,1.5,0
flow_101.9,27.0,3.0,0
flow_201.12,35.0,3.5,0
flow_2012.4,27.0,3.5,0
flow_001.8,26.0,3.0,0
flow_30.9,31.0,3.5,0
flow_201.13,43.0,3.5,0
flow_001.9,37.0,3.5,0
flow_001.10,28.5,3.0,0
flow_10.11,34.0,4.0,0
flow_1012.5,35.0,3.5,0
flow_301.7,29.5,6.0,0
flow_1012.6,34.0,5.0,0
flow_0012.10,35.0,4.0,0
flow_0012.11,34.5,3.5,0
flow_00.2,28.5,2.5,0
flow_201.14,25.5,3.0,0
flow_301.8,45.0,3.5,0
flow_101.10,46.5,3.5,0
flow_101.11,37.5,3.0,0
flow_101.12,35.0,3.0,0
flow_201.15,35.5,4.0,0
flow_0012.12,52.0,7.0,0
flow_001.11,48.0,3.0,0
flow_201.16,37.0,4.0,0
flow_001.12,32.5,3.0,0
flow_301.9,26.0,3.0,0
flow_101.13,50.5,3.5,0
flow_1012.7,49.0,4.0,0
flow_101.14,26.5,2.5,0
flow_201.17,46.0,3.5,0
flow_2012.5,36.5,4.0,0
flow_20.6,26.0,2.5,0
flow_30.10,41.5,4.0,0
flow_10.12,40.5,3.0,0
flow_101.15,45.5,4.0,0
flow_001.13,25.5,2.5,0
flow_3012.0,33.5,4.0,0
flow_0012.13,34.0,4.5,0
flow_001.14,31.5,3.0,0
flow_201.18,48.5,4.5,0
flow_001.15,31.0,3.0,0
flow_3012.1,26.5,3.5,0
flow_30.11,24.0,2.5,0
flow_1012.8,25.0,3.0,0
flow_201.19,38.5,3.5,0
flow_20.7,36.5,3.0,0
flow_20.8,21.0,2.0,0
flow_3012.2,42.5,4.0,0
flow_101.16,42.0,7.5,0
flow_30.12,28.0,3.0,0
flow_3012.3,40.5,5.5,0
flow_20.9,34.5,3.5,0
flow_2012.6,25.5,3.5,0
flow_101.17,53.0,3.5,0
flow_1012.9,52.0,4.0,0
flow_101.18,51.5,3.0,0
flow_1012.10,42.0,4.5,0
flow_10.13,23.0,2.5,0
flow_1012.11,35.5,4.0,0
flow_20.10,20.5,1.5,0
flow_1012.12,38.5,4.5,0
flow_10.14,36.5,3.0,0
flow_101.19,25.5,2.5,0
flow_001.16,25.0,2.5,0
flow_10.15,42.5,4.0,0
flow_3012.4,24.5,3.0,0
flow_101.20,32.5,3.5,0
flow_10.16,27.0,3.0,0
flow_101.21,43.0,3.5,0
flow_1012.13,40.5,4.0,0
flow_20.11,19.5,1.5,0
flow_101.22,26.5,3.0,0
flow_001.17,42.5,3.5,0
flow_20.12,20.5,1.5,0
flow_301.10,30.5,3.5,0
flow_0012.14,36.0,4.5,0
flow_0012.15,35.5,4.0,0
flow_1012.14,24.5,3.0,0
flow_101.23,25.0,2.5,0
flow_20.13,36.5,4.0,0
flow_0012.16,28.0,7.0,0
flow_30.13,34.5,4.0,0
flow_30.14,21.0,2.0,0
flow_001.18,29.0,3.0,0
flow_001.19,28.0,3.0,0
flow_00.3,22.5,2.0,0
flow_101.24,36.5,3.5,0
flow_20.14,37.0,4.0,0
flow_20.15,30.5,3.0,0
flow_20.16,22.0,1.5,0
flow_30.0,21.5,2.0,0
flow_101.0,26.5,3.0,0
flow_201.0,30.5,3.5,0
flow_001.0,25.0,2.5,0
flow_00.0,24.0,2.0,0
flow_3012.0,37.0,4.5,0
flow_101.1,30.0,6.5,0
flow_10.0,27.0,3.5,0
flow_1012.0,24.0,3.0,0
flow_0012.0,35.0,5.0,0
flow_001.1,32.5,2.5,0
flow_001.2,30.5,3.0,0
flow_3012.1,32.0,4.0,0
flow_101.2,41.5,4.0,0
flow_20.0,21.5,2.0,0
flow_00.1,30.0,3.5,0
flow_001.3,31.0,3.0,0
flow_20.1,21.5,2.0,0
flow_30.1,28.0,3.5,0
flow_301.0,27.0,2.5,0
flow_201.1,39.0,3.5,0
flow_20.2,23.0,2.0,0
flow_0012.1,26.5,3.5,0
flow_101.3,40.5,3.5,0
flow_301.1,32.0,3.5,0
flow_20.3,41.5,4.0,0
flow_201.2,40.0,3.0,0
flow_2012.0,32.0,3.5,0
flow_101.4,33.5,3.5,0
flow_10.1,24.0,2.5,0
flow_201.3,36.0,3.5,0
flow_001.4,24.5,2.5,0
flow_0012.2,26.0,3.5,0
flow_30.2,38.5,4.0,0
flow_10.2,30.5,3.5,0
flow_301.2,26.0,2.5,0
flow_00.2,27.5,3.5,0
flow_201.4,32.0,3.5,0
flow_2012.1,25.5,3.0,0
flow_301.3,24.0,2.5,0
flow_20.4,21.5,2.0,0
flow_00.3,20.5,1.5,0
flow_101.5,44.0,3.5,0
flow_201.5,37.5,3.5,0
flow_20.5,35.5,3.0,0
flow_201.6,24.0,2.0,0
flow_301.4,35.5,3.5,0
flow_1012.1,42.0,6.0,0
flow_00.4,28.0,3.5,0
flow_201.7,33.5,3.5,0
flow_0012.3,26.0,3.5,0
flow_3012.2,41.5,4.0,0
flow_1012.2,32.5,4.5,0
flow_301.5,42.0,3.5,0
flow_301.6,26.5,3.0,0
flow_201.8,40.0,3.5,0
flow_0012.4,39.0,6.5,0
flow_3012.3,40.5,4.5,0
flow_301.7,29.5,2.5,0
flow_2012.2,27.5,4.0,0
flow_0012.5,42.0,4.5,0
flow_30.3,22.0,2.0,0
flow_3012.4,26.5,3.5,0
flow_001.5,41.5,3.5,0
flow_20.6,41.5,4.0,0
flow_201.9,33.0,2.5,0
flow_201.10,32.0,3.0,0
flow_101.6,26.5,3.0,0
flow_201.11,40.0,3.5,0
flow_00.5,21.5,2.0,0
flow_10.3,26.0,3.0,0
flow_30.4,28.5,3.0,0
flow_301.8,33.5,4.0,0
flow_301.9,28.0,2.5,0
flow_201.12,25.5,2.5,0
flow_1012.3,27.0,3.5,0
flow_3012.5,27.5,4.0,0
flow_00.6,34.5,4.0,0
flow_201.13,38.0,3.5,0
flow_2012.3,32.0,4.0,0
flow_201.14,32.0,3.0,0
flow_10.4,22.5,2.0,0
flow_2012.4,35.0,4.5,0
flow_001.6,43.5,7.5,0
flow_10.5,24.0,2.5,0
flow_301.10,26.0,3.0,0
flow_001.7,24.5,2.5,0
flow_2012.5,27.0,3.5,0
flow_1012.4,32.0,4.0,0
flow_3012.6,44.5,4.5,0
flow_10.6,22.0,2.0,0
flow_301.11,43.5,3.0,0
flow_201.15,44.0,3.5,0
flow_301.12,44.5,3.5,0
flow_10.7,20.0,1.5,0
flow_301.13,40.0,3.0,0
flow_3012.7,28.5,3.5,0
flow_30.5,36.0,4.0,0
flow_1012.5,48.0,7.5,0
flow_00.7,37.0,4.0,0
flow_001.8,30.5,3.0,0
flow_10.8,39.0,4.0,0
flow_30.6,22.0,2.0,0
flow_101.7,37.5,3.0,0
flow_001.9,24.5,2.5,0
flow_10.9,31.0,3.5,0
flow_0012.6,24.5,3.0,0
flow_10.10,33.5,4.0,0
flow_301.14,41.5,3.5,0
flow_101.8,34.0,2.5,0
flow_1012.6,27.5,3.5,0
flow_3012.8,36.0,5.0,0
flow_30.7,32.0,3.5,0
flow_101.9,27.0,2.5,0
flow_0012.7,25.0,3.5,0
flow_001.10,25.5,2.5,0
flow_201.16,26.0,3.0,0
flow_10.11,21.5,2.0,0
flow_2012.6,44.0,5.0,0
flow_201.17,41.5,3.0,0
flow_2012.7,41.0,4.0,0
flow_101.10,33.0,3.5,0
flow_3012.9,44.5,6.5,0
flow_3012.10,37.5,4.0,0
flow_101.11,36.5,4.0,0
flow_20.7,43.0,4.0,0
flow_001.11,46.5,3.5,0
flow_00.8,38.5,3.0,0
flow_101.12,38.5,3.5,0
flow_101.13,28.0,3.5,0
flow_0012.8,44.5,4.5,0
flow_00.9,42.0,3.0,0
flow_201.18,28.0,3.0,0
flow_001.12,37.0,3.5,0
flow_001.13,29.0,2.5,0
flow_001.14,29.0,3.5,0
flow_301.15,24.5,2.5,0
flow_00.10,45.5,4.0,0
flow_201.19,25.0,2.0,0
flow_30.8,37.5,4.0,0
flow_3012.11,38.0,3.5,0
flow_3012.12,34.5,4.0,0
flow_0012.9,43.0,4.5,0
flow_20.8,45.0,6.5,0
flow_001.15,40.5,3.0,0
flow_201.20,44.5,3.5,0
flow_0012.10,26.5,3.5,0
flow_101.14,25.5,2.5,0
flow_201.21,33.0,3.5,0
flow_20.9,30.5,3.0,0
flow_301.16,25.5,2.5,0
flow_101.15,47.0,4.0,0
flow_101.16,27.0,3.0,0
flow_0012.11,35.5,4.0,0
flow_001.16,36.0,3.0,0
flow_30.9,35.5,4.0,0
flow_101.17,25.0,2.5,0
flow_0012.12,24.5,3.0,0
flow_10.12,40.0,4.0,0
flow_00.11,36.0,4.0,0
flow_101.18,32.0,3.5,0
flow_101.19,28.0,3.5,0
flow_3012.13,25.0,3.5,0
flow_201.22,28.5,3.0,0
flow_00.12,25.5,3.0,0
flow_20.10,21.5,1.5,0
flow_0012.13,37.5,6.5,0
flow_3012.14,42.5,4.5,0
flow_3012.15,27.5,3.5,0
flow_20.11,42.5,4.0,0
flow_2012.8,24.0,3.0,0
flow_1012.7,30.0,4.0,0
flow_201.23,43.5,3.5,0
flow_001.17,31.0,3.5,0
flow_0012.14,26.0,3.0,0
flow_20.12,24.5,2.5,0
flow_1012.8,42.0,4.5,0
flow_30.10,25.0,4.5,0
flow_1012.9,28.0,5.5,0
flow_001.18,42.0,3.5,0
flow_001.19,27.0,3.0,0
flow_101.20,32.0,3.5,0
flow_201.24,38.5,3.5,0
flow_001.20,37.0,3.5,0
flow_001.21,26.5,3.0,0
flow_301.0,23.5,2.0,0
flow_001.0,34.5,3.5,0
flow_201.0,36.5,3.5,0
flow_30.0,38.5,4.0,0
flow_2012.0,43.5,4.5,0
flow_10.0,28.0,3.5,0
flow_301.1,24.5,2.5,0
flow_3012.0,27.0,4.0,0
flow_00.0,24.5,2.5,0
flow_101.0,34.0,3.5,0
flow_301.2,42.5,3.5,0
flow_301.3,42.0,3.0,0
flow_101.1,34.0,3.0,0
flow_101.2,34.5,3.5,0
flow_10.1,43.5,4.0,0
flow_301.4,24.5,2.5,0
flow_1012.0,33.0,6.0,0
flow_201.1,41.5,3.5,0
flow_20.0,37.5,3.0,0
flow_101.3,25.5,2.5,0
flow_10.2,20.5,1.5,0
flow_2012.1,37.5,4.5,0
flow_00.1,21.5,2.0,0
flow_301.5,30.0,3.5,0
flow_101.4,38.5,3.5,0
flow_1012.1,32.5,4.0,0
flow_2012.2,28.0,4.0,0
flow_00.2,27.5,5.5,0
flow_0012.0,27.5,4.0,0
flow_201.2,42.0,3.5,0
flow_0012.1,40.0,6.5,0
flow_00.3,28.5,3.5,0
flow_301.6,30.0,3.5,0
flow_101.5,34.0,3.5,0
flow_10.3,21.0,2.0,0
flow_001.1,41.0,3.5,0
flow_00.4,32.0,3.0,0
flow_1012.2,23.5,3.0,0
flow_001.2,47.5,4.0,0
flow_301.7,44.5,3.5,0
flow_101.6,24.5,2.5,0
flow_30.1,40.0,3.0,0
flow_301.8,32.0,2.5,0
flow_10.4,23.0,2.0,0
flow_2012.3,27.5,4.0,0
flow_0012.2,37.5,4.5,0
flow_201.3,25.5,3.0,0
flow_301.9,24.5,2.5,0
flow_0012.3,25.5,3.0,0
flow_2012.4,44.5,4.5,0
flow_00.5,23.5,2.5,0
flow_2012.5,37.5,6.0,0
flow_201.4,27.5,2.5,0
flow_30.2,41.5,4.0,0
flow_10.5,39.0,4.0,0
flow_301.10,36.5,2.5,0
flow_101.7,36.5,3.0,0
flow_101.8,26.0,2.5,0
flow_00.6,37.0,4.0,0
flow_201.5,30.0,3.5,0
flow_3012.1,28.0,4.0,0
flow_101.9,45.5,7.0,0
flow_10.6,38.5,3.5,0
flow_001.3,41.0,3.5,0
flow_001.4,34.0,3.0,0
flow_3012.2,43.5,4.0,0
flow_101.10,53.0,7.0,0
flow_1012.3,44.5,3.5,0
flow_001.5,24.0,2.0,0
flow_10.7,56.0,4.0,0
flow_00.7,33.5,4.0,0
flow_001.6,34.5,3.0,0
flow_001.7,32.0,2.5,0
flow_101.11,42.5,3.5,0
flow_10.8,21.0,1.5,0
flow_0012.4,24.5,3.0,0
flow_10.9,24.5,3.0,0
flow_201.6,32.0,3.5,0
flow_001.8,29.0,3.5,0
flow_001.9,25.5,2.5,0
flow_1012.4,36.0,4.0,0
flow_10.10,34.5,3.0,0
flow_20.1,40.5,4.0,0
flow_20.2,38.5,3.0,0
flow_20.3,34.5,3.0,0
flow_30.3,41.0,4.0,0
flow_101.12,42.5,3.5,0
flow_301.11,34.0,3.0,0
flow_201.7,52.5,3.5,0
flow_0012.5,42.0,6.5,0
flow_001.10,26.5,2.5,0
flow_201.8,52.5,4.0,0
flow_30.4,39.5,4.0,0
flow_101.13,27.5,3.0,0
flow_00.8,26.5,3.0,0
flow_2012.6,72.0,7.0,0
flow_20.4,52.0,3.5,0
flow_20.5,35.5,3.0,0
flow_301.12,28.5,3.0,0
flow_101.14,34.5,3.5,0
flow_101.15,34.5,3.5,0
flow_301.13,26.5,3.0,0
flow_0012.6,33.0,4.5,0
flow_301.14,44.5,3.5,0
flow_301.15,44.0,3.0,0
flow_30.5,31.5,3.0,0
flow_101.16,24.5,2.5,0
flow_20.6,22.0,2.0,0
flow_001.11,25.0,2.5,0
flow_10.11,22.0,2.0,0
flow_301.16,45.0,3.5,0
flow_301.17,46.0,3.5,0
flow_3012.3,29.0,3.5,0
flow_201.9,41.0,3.5,0
flow_30.6,31.0,3.5,0
flow_001.12,44.0,3.5,0
flow_201.10,41.0,3.5,0
flow_001.13,39.0,3.5,0
flow_2012.7,42.0,4.5,0
flow_201.11,39.5,3.0,0
flow_1012.5,28.5,4.0,0
flow_101.17,25.5,2.5,0
flow_301.18,27.5,3.0,0
flow_2012.8,57.0,4.5,0
flow_101.18,40.0,4.0,0
flow_101.19,26.0,3.0,0
flow_20.7,40.5,4.0,0
flow_1012.6,26.5,3.5,0
flow_3012.4,38.0,4.5,0
flow_101.20,27.5,3.5,0
flow_0012.7,26.0,3.0,0
flow_2012.9,26.0,3.5,0
flow_1012.7,25.0,3.5,0
flow_001.14,34.0,3.5,0
flow_001.15,33.5,3.5,0
flow_0012.8,28.5,4.0,0
flow_301.19,34.5,3.5,0
flow_201.12,39.0,3.5,0
flow_0012.9,34.5,5.5,0
flow_201.13,41.5,4.0,0
flow_1012.8,38.0,4.5,0
flow_1012.9,24.5,3.0,0
flow_2012.10,59.0,4.5,0
flow_201.14,31.5,3.0,0
flow_30.7,30.0,3.5,0
flow_101.21,37.5,3.5,0
flow_10.12,25.0,2.5,0
flow_301.20,25.0,2.5,0
flow_201.15,39.5,3.5,0
flow_301.21,38.0,3.5,0
flow_301.22,35.0,3.0,0
flow_10.13,23.0,2.5,0
flow_20.8,35.0,4.0,0
flow_001.16,26.0,3.0,0
flow_00.9,23.0,2.0,0
flow_30.8,25.0,3.0,0
flow_10.14,40.0,4.0,0
flow_101.22,37.0,3.0,0
flow_10.15,23.0,2.0,0
flow_001.17,32.0,3.5,0
flow_301.23,43.0,3.5,0
flow_101.23,26.5,3.0,0
flow_1012.10,26.5,3.5,0
flow_10.16,36.0,4.0,0
flow_0012.10,33.0,4.5,0
flow_101.24,42.5,3.5,0
flow_301.24,43.0,3.5,0
flow_30.9,40.0,3.0,0
flow_201.16,31.0,3.5,0
flow_00.10,22.5,2.0,0
flow_101.25,28.0,3.0,0
flow_00.11,23.0,2.0,0
flow_00.12,21.0,1.5,0
flow_3012.5,39.0,5.0,0
flow_301.25,25.5,2.5,0
flow_0012.11,38.0,4.5,0
flow_2012.11,28.0,3.5,0
flow_30.10,21.5,2.0,0
flow_201.17,26.5,3.0,0
flow_2012.12,26.5,3.5,0
flow_201.18,26.0,2.5,0
flow_30.0,21.5,2.0,0
flow_0012.0,32.5,4.5,0
flow_20.0,32.5,6.0,0
flow_201.0,32.5,3.5,0
flow_20.1,22.0,2.0,0
flow_1012.0,41.0,4.5,0
flow_1012.1,34.0,4.0,0
flow_00.0,20.5,2.0,0
flow_20.2,36.5,4.0,0
flow_201.1,25.0,2.5,0
flow_3012.0,39.5,4.5,0
flow_201.2,41.5,3.5,0
flow_201.3,27.0,3.0,0
flow_301.0,41.0,3.5,0
flow_101.0,25.5,2.5,0
flow_001.0,43.0,3.5,0
flow_0012.1,43.0,4.0,0
flow_001.1,28.0,3.0,0
flow_301.1,30.0,3.5,0
flow_10.0,31.0,3.5,0
flow_301.2,29.0,3.0,0
flow_2012.0,34.0,4.5,0
flow_20.3,20.5,1.5,0
flow_001.2,47.5,7.0,0
flow_001.3,33.5,3.0,0
flow_301.3,36.0,3.5,0
flow_1012.2,25.0,3.5,0
flow_201.4,40.0,3.5,0
flow_001.4,36.0,3.5,0
flow_2012.1,36.5,4.0,0
flow_101.1,39.0,3.5,0
flow_301.4,35.5,3.5,0
flow_3012.1,36.0,4.0,0
flow_301.5,33.5,2.5,0
flow_201.5,37.0,3.5,0
flow_2012.2,23.0,2.5,0
flow_301.6,51.5,3.5,0
flow_101.2,39.0,3.5,0
flow_301.7,50.5,3.5,0
flow_301.8,36.5,3.5,0
flow_20.4,28.5,3.5,0
flow_001.5,28.5,3.0,0
flow_20.5,24.5,2.5,0
flow_301.9,53.5,3.5,0
flow_1012.3,35.0,6.0,0
flow_301.10,51.0,3.5,0
flow_2012.3,38.5,4.5,0
flow_0012.2,25.0,3.0,0
flow_201.6,29.5,3.5,0
flow_2012.4,25.0,3.5,0
flow_301.11,68.0,3.5,0
flow_301.12,54.5,3.5,0
flow_3012.2,53.5,4.0,0
flow_00.1,36.5,4.0,0
flow_1012.4,45.5,4.5,0
flow_301.13,69.0,4.0,0
flow_3012.3,39.5,3.5,0
flow_1012.5,47.5,5.5,0
flow_00.2,35.0,4.0,0
flow_2012.5,25.5,3.0,0
flow_0012.3,34.5,3.5,0
flow_101.3,63.5,3.5,0
flow_301.14,46.5,3.5,0
flow_101.4,58.5,3.5,0
flow_301.15,39.0,3.5,0
flow_10.1,43.5,3.0,0
flow_301.16,37.5,3.5,0
flow_00.3,31.0,3.5,0
flow_201.7,33.5,3.5,0
flow_001.6,28.5,3.0,0
flow_201.8,33.5,3.5,0
flow_20.6,30.5,3.0,0
flow_301.17,54.5,3.5,0
flow_101.5,52.5,3.5,0
flow_3012.4,54.5,4.0,0
flow_301.18,45.5,2.5,0
flow_101.6,56.0,7.0,0
flow_201.9,42.0,3.5,0
flow_201.10,41.0,3.0,0
flow_2012.6,40.0,3.5,0
flow_101.7,64.5,4.0,0
flow_3012.5,27.5,4.5,0
flow_1012.6,45.0,4.0,0
flow_1012.7,40.0,4.5,0
flow_201.11,50.0,3.5,0
flow_0012.4,39.5,6.5,0
flow_201.12,38.5,4.0,0
flow_101.8,39.0,3.5,0
flow_00.4,30.5,3.5,0
flow_0012.5,29.0,3.5,0
flow_20.7,40.0,4.0,0
flow_001.7,36.5,3.5,0
flow_00.5,21.5,2.0,0
flow_1012.8,43.0,4.5,0
flow_301.19,42.0,7.0,0
flow_1012.9,40.5,5.5,0
flow_3012.6,35.5,4.0,0
flow_00.6,27.0,3.5,0
flow_2012.7,25.0,3.5,0
flow_10.2,56.0,4.0,0
flow_30.1,50.5,4.0,0
flow_101.9,46.5,3.0,0
flow_201.13,25.5,2.5,0
flow_30.2,36.0,4.0,0
flow_301.20,31.0,3.0,0
flow_3012.7,26.0,3.5,0
flow_2012.8,26.5,3.5,0
flow_3012.8,37.5,4.5,0
flow_20.8,32.0,4.0,0
flow_10.3,41.0,4.0,0
flow_10.4,32.5,3.0,0
flow_001.8,33.5,3.5,0
flow_201.14,43.5,3.5,0
flow_201.15,42.5,3.0,0
flow_20.9,38.0,3.0,0
flow_2012.9,51.5,4.5,0
flow_201.16,50.5,3.0,0
flow_001.9,44.5,7.5,0
flow_2012.10,51.0,4.5,0
flow_00.7,45.0,5.5,0
flow_10.5,42.0,4.0,0
flow_301.21,24.5,2.0,0
flow_10.6,30.5,3.0,0
flow_10.7,28.5,3.0,0
flow_1012.10,28.0,3.0,0
flow_20.10,65.5,4.0,0
flow_2012.11,67.0,4.0,0
flow_20.11,61.0,3.0,0
flow_00.8,24.0,2.5,0
flow_301.22,25.0,2.5,0
flow_10.8,20.5,1.5,0
flow_00.9,42.5,4.0,0
flow_201.17,83.0,4.0,0
flow_001.10,35.0,3.0,0
flow_201.18,70.5,3.5,0
flow_001.11,34.5,3.0,0
flow_201.19,52.5,4.0,0
flow_101.10,43.0,3.5,0
flow_301.23,44.0,3.5,0
flow_301.24,43.5,3.0,0
flow_101.11,24.0,2.0,0
flow_3012.9,37.0,3.5,0
flow_201.20,47.0,3.5,0
flow_00.10,20.0,1.5,0
flow_20.12,41.0,3.0,0
flow_201.21,40.5,3.0,0
flow_301.25,53.5,3.5,0
flow_1012.11,25.5,3.5,0
flow_2012.12,36.0,4.5,0
flow_201.22,27.5,2.5,0
flow_001.12,40.5,7.5,0
flow_30.3,35.0,4.0,0
flow_201.23,44.5,3.5,0
flow_001.13,44.0,3.5,0
flow_20.13,21.5,2.0,0
flow_3012.10,43.0,4.5,0
flow_30.4,39.5,3.0,0
flow_301.26,37.0,3.0,0
flow_001.14,41.5,3.5,0
flow_201.24,35.0,3.5,0
flow_001.15,37.0,3.0,0
flow_2012.13,25.0,3.5,0
flow_301.27,29.5,3.5,0
flow_301.28,27.5,3.5,0
flow_3012.11,34.0,4.5,0
flow_301.29,32.0,3.0,0
flow_101.12,26.0,3.0,0
flow_301.30,32.5,3.5,0
flow_00.11,28.5,3.5,0
flow_201.25,43.5,3.5,0
flow_201.26,25.0,2.5,0
flow_20.14,21.0,2.0,0
flow_301.31,40.5,3.5,0
flow_30.5,39.0,3.0,0
flow_101.13,25.5,2.5,0
flow_301.32,32.5,3.0,0
flow_001.16,45.0,3.5,0
flow_0012.6,44.0,4.0,0
flow_0012.7,27.0,3.5,0
flow_00.12,40.5,4.0,0
flow_001.17,40.5,3.0,0
flow_001.18,40.5,3.5,0
flow_1012.12,25.5,3.5,0
flow_001.19,44.0,3.5,0
flow_0012.8,25.0,3.0,0
flow_101.14,44.0,4.0,0
flow_301.33,35.5,3.5,0
flow_101.15,43.5,3.0,0
flow_301.34,26.5,3.0,0
flow_20.15,27.0,3.5,0
flow_001.20,44.5,3.5,0
flow_201.27,26.0,2.5,0
flow_301.35,32.0,3.5,0
flow_101.16,42.5,3.5,0
flow_301.36,31.5,3.0,0
flow_00.13,34.0,4.0,0
flow_201.28,28.5,3.5,0
flow_001.21,32.0,3.0,0
flow_00.14,28.0,2.5,0
flow_3012.12,36.0,4.5,0
flow_301.37,26.5,3.0,0
flow_201.29,45.0,3.5,0
flow_001.22,37.5,3.5,0
flow_0012.9,28.5,3.5,0
flow_10.9,39.0,4.0,0
flow_301.38,34.5,3.5,0
flow_101.17,34.5,3.0,0
flow_201.30,36.0,3.5,0
flow_0012.10,43.5,6.5,0
flow_201.31,38.0,4.0,0
flow_2012.14,55.0,4.5,0
flow_201.32,33.0,3.0,0
flow_00.15,38.0,4.0,0
flow_201.33,30.5,3.0,0
flow_3012.13,40.5,4.5,0
flow_3012.14,41.0,4.0,0
flow_00.16,24.0,2.5,0
flow_201.34,40.5,3.5,0
flow_2012.15,37.5,4.0,0
flow_101.18,27.0,3.0,0
flow_201.35,40.0,3.5,0
flow_001.23,24.5,2.5,0
flow_301.39,25.5,2.5,0
flow_301.40,26.0,2.5,0
flow_00.17,38.5,4.0,0
flow_201.36,32.5,3.5,0
flow_20.16,30.5,3.0,0
flow_0012.11,42.5,5.5,0
flow_20.17,32.0,6.0,0
flow_1012.0,26.5,3.5,0
flow_2012.0,38.5,4.5,0
flow_001.0,37.5,7.0,0
flow_3012.0,30.0,4.0,0
flow_101.0,42.5,7.0,0
flow_1012.1,27.0,3.0,0
flow_0012.0,26.0,3.5,0
flow_201.0,43.5,6.5,0
flow_1012.2,40.0,4.5,0
flow_30.0,39.5,6.5,0
flow_1012.3,35.0,5.5,0
flow_0012.1,27.0,3.5,0
flow_10.0,52.5,4.0,0
flow_301.0,32.0,3.5,0
flow_101.1,25.0,2.5,0
flow_201.1,26.5,3.0,0
flow_101.2,25.5,2.5,0
flow_10.1,22.0,2.0,0
flow_001.1,42.5,3.5,0
flow_101.3,42.0,3.5,0
flow_301.1,28.5,3.5,0
flow_101.4,31.5,3.5,0
flow_201.2,46.0,4.0,0
flow_101.5,34.0,3.5,0
flow_301.2,29.5,3.5,0
flow_201.3,32.5,3.5,0
flow_201.4,27.0,3.0,0
flow_101.6,42.5,3.5,0
flow_101.7,42.0,3.0,0
flow_20.0,34.5,4.0,0
flow_201.5,32.5,3.0,0
flow_1012.4,23.0,2.5,0
flow_201.6,41.5,3.5,0
flow_0012.2,33.5,6.0,0
flow_201.7,35.5,4.0,0
flow_0012.3,30.0,5.5,0
flow_3012.1,34.0,4.5,0
flow_301.3,32.0,3.0,0
flow_3012.2,30.5,3.5,0
flow_20.1,50.0,4.0,0
flow_101.8,34.0,3.5,0
flow_301.4,25.0,2.0,0
flow_20.2,34.5,4.0,0
flow_001.2,38.5,3.5,0
flow_00.0,36.5,3.0,0
flow_2012.1,27.0,3.5,0
flow_30.1,41.0,4.0,0
flow_101.9,28.5,3.0,0
flow_30.2,41.5,3.5,0
flow_101.10,25.0,2.5,0
flow_30.3,40.5,3.0,0
flow_001.3,32.5,3.5,0
flow_201.8,40.0,3.5,0
flow_3012.3,59.0,4.5,0
flow_3012.4,31.5,4.0,0
flow_001.4,42.0,3.5,0
flow_301.5,33.0,3.5,0
flow_30.4,21.0,2.0,0
flow_001.5,42.5,3.5,0
flow_301.6,28.5,3.0,0
flow_201.9,32.0,3.5,0
flow_201.10,28.0,3.0,0
flow_30.5,21.5,2.0,0
flow_301.7,24.0,2.5,0
flow_20.3,22.0,2.0,0
flow_1012.5,44.5,4.5,0
flow_101.11,25.5,2.5,0
flow_0012.4,44.0,4.5,0
flow_0012.5,43.5,4.0,0
flow_0012.6,42.5,4.0,0
flow_10.2,23.0,2.5,0
flow_301.8,34.5,3.5,0
flow_101.12,26.0,3.0,0
flow_201.11,48.5,3.5,0
flow_201.12,39.0,3.5,0
flow_201.13,37.0,3.0,0
flow_10.3,26.5,3.0,0
flow_201.14,55.0,3.5,0
flow_2012.2,36.5,4.5,0
flow_001.6,48.0,7.5,0
flow_101.13,44.0,3.5,0
flow_301.9,36.0,3.5,0
flow_10.4,21.5,1.5,0
flow_301.10,30.0,3.0,0
flow_30.6,26.0,2.5,0
flow_201.15,30.5,3.5,0
flow_201.16,29.5,3.0,0
flow_30.7,30.5,4.0,0
flow_101.14,39.0,3.5,0
flow_20.4,30.5,3.5,0
flow_201.17,31.5,3.0,0
flow_2012.3,28.5,3.5,0
flow_10.5,41.0,4.0,0
flow_3012.5,23.0,3.0,0
flow_1012.6,39.5,3.5,0
flow_101.15,36.0,3.0,0
flow_0012.7,30.0,4.0,0
flow_201.18,42.5,3.5,0
flow_001.7,33.5,3.5,0
flow_201.19,40.5,3.0,0
flow_20.5,27.0,2.5,0
flow_301.11,44.5,3.5,0
flow_30.8,40.5,3.0,0
flow_101.16,24.0,2.0,0
flow_301.12,34.0,2.5,0
flow_001.8,42.0,3.5,0
flow_201.20,24.5,2.5,0
flow_001.9,26.5,3.0,0
flow_00.1,20.0,2.0,0
flow_1012.7,28.5,4.0,0
flow_301.13,49.0,7.0,0
flow_301.14,48.5,3.5,0
flow_001.10,33.0,3.5,0
flow_301.15,49.0,3.5,0
flow_101.17,25.0,2.5,0
flow_201.21,28.5,3.0,0
flow_001.11,29.5,3.5,0
flow_201.22,28.0,3.0,0
flow_001.12,26.0,2.5,0
flow_30.9,21.5,2.0,0
flow_10.6,36.5,4.0,0
flow_101.18,24.5,2.0,0
flow_20.6,24.5,3.0,0
flow_201.23,25.5,2.5,0
flow_001.13,23.5,2.0,0
flow_30.10,35.0,4.0,0
flow_10.7,37.0,4.0,0
flow_3012.6,32.0,4.0,0
flow_001.14,37.0,3.5,0
flow_201.24,31.5,3.5,0
flow_1012.8,30.5,4.5,0
flow_301.16,25.5,2.5,0
flow_301.17,41.5,3.5,0
flow_301.18,33.0,3.5,0
flow_001.15,37.5,3.5,0
flow_201.25,32.0,3.5,0
flow_20.7,23.5,2.0,0
flow_00.2,24.5,2.5,0
flow_001.16,39.0,3.5,0
flow_1012.9,24.0,3.0,0
flow_201.26,43.0,3.5,0
flow_201.27,26.5,3.0,0
flow_101.19,40.0,3.5,0
flow_1012.10,36.0,4.0,0
flow_201.28,43.5,3.5,0
flow_001.17,25.5,2.5,0
flow_301.19,35.5,3.5,0
flow_2012.4,45.5,4.5,0
flow_00.3,45.0,6.5,0
flow_2012.5,46.5,5.5,0
flow_201.29,33.0,3.5,0
flow_001.18,64.0,4.0,0
flow_201.30,26.0,2.5,0
flow_101.20,40.5,3.5,0
flow_10.8,23.0,2.0,0
flow_001.19,28.5,3.0,0
flow_201.31,24.5,2.5,0
flow_30.11,23.5,2.5,0
flow_201.32,33.0,3.5,0
flow_301.20,27.5,3.0,0
flow_00.4,20.5,1.5,0
flow_301.21,33.0,3.5,0
flow_101.21,32.5,3.5,0
flow_301.22,27.5,3.0,0
flow_101.22,31.0,3.5,0
flow_201.33,42.0,3.5,0
flow_201.34,29.0,3.5,0
flow_201.35,27.5,3.0,0
flow_10.9,25.0,3.0,0
flow_3012.7,40.5,6.5,0
flow_301.23,26.0,2.5,0
flow_20.8,21.0,1.5,0
flow_10.10,21.0,1.5,0
flow_30.12,22.5,2.0,0
flow_001.20,43.0,3.5,0
flow_201.36,38.5,3.5,0
flow_0012.8,35.5,4.0,0
flow_0012.9,28.0,3.5,0
flow_301.24,39.0,3.5,0
flow_101.23,25.5,2.5,0
flow_101.24,26.0,3.0,0
flow_20.0,24.5,2.5,0
flow_10.0,28.5,3.5,0
flow_101.0,27.5,2.5,0
flow_001.0,41.0,3.5,0
flow_101.1,35.5,3.5,0
flow_10.1,22.5,2.0,0
flow_201.0,41.5,3.5,0
flow_101.2,43.5,3.5,0
flow_2012.0,39.0,4.5,0
flow_001.1,30.5,6.5,0
flow_001.2,29.0,3.0,0
flow_30.0,36.5,4.0,0
flow_10.2,21.5,2.0,0
flow_301.0,38.0,3.0,0
flow_00.0,45.0,4.0,0
flow_201.1,28.0,3.0,0
flow_20.1,22.0,2.0,0
flow_201.2,27.0,3.5,0
flow_101.3,33.0,3.5,0
flow_101.4,27.0,3.0,0
flow_00.1,35.5,4.0,0
flow_201.3,44.0,3.5,0
flow_201.4,27.5,3.0,0
flow_30.1,40.5,4.0,0
flow_1012.0,25.5,3.0,0
flow_0012.0,32.0,4.0,0
flow_00.2,29.5,3.0,0
flow_201.5,24.5,2.0,0
flow_10.3,39.0,4.0,0
flow_30.2,39.5,4.0,0
flow_10.4,28.0,3.0,0
flow_3012.0,40.0,5.0,0
flow_10.5,25.0,3.5,0
flow_30.3,35.5,3.0,0
flow_0012.1,30.0,4.0,0
flow_2012.1,45.0,4.5,0
flow_201.6,43.0,3.0,0
flow_20.2,40.5,3.0,0
flow_1012.1,37.5,4.0,0
flow_1012.2,29.0,3.5,0
flow_301.1,24.5,2.0,0
flow_20.3,50.0,4.0,0
flow_001.3,34.5,3.5,0
flow_20.4,47.0,3.0,0
flow_0012.2,27.0,3.5,0
flow_1012.3,34.0,4.5,0
flow_3012.1,40.0,4.5,0
flow_30.4,28.0,3.0,0
flow_10.6,29.5,3.0,0
flow_101.5,29.5,2.5,0
flow_3012.2,31.0,5.5,0
flow_20.5,21.0,1.5,0
flow_3012.3,32.5,4.5,0
flow_101.6,37.0,7.5,0
flow_1012.4,36.0,4.0,0
flow_0012.3,40.0,4.5,0
flow_001.4,26.0,2.5,0
flow_0012.4,25.0,3.0,0
flow_3012.4,31.5,4.0,0
flow_301.2,31.5,3.0,0
flow_30.5,28.0,2.5,0
flow_101.7,26.0,3.0,0
flow_001.5,37.5,3.5,0
flow_1012.5,27.5,4.0,0
flow_301.3,51.5,7.0,0
flow_20.6,23.5,2.5,0
flow_00.3,40.0,4.0,0
flow_00.4,31.5,3.0,0
flow_0012.5,30.5,3.5,0
flow_201.7,29.0,6.0,0
flow_1012.6,37.0,4.5,0
flow_001.6,41.5,3.5,0
flow_201.8,41.0,3.5,0
flow_101.8,39.5,3.5,0
flow_10.7,21.5,1.5,0
flow_00.5,38.0,4.0,0
flow_001.7,27.0,2.5,0
flow_301.4,45.5,4.0,0
flow_1012.7,45.0,5.5,0
flow_301.5,47.0,4.0,0
flow_30.6,38.0,3.0,0
flow_2012.2,41.5,4.0,0
flow_00.6,25.0,4.0,0
flow_201.9,36.0,3.0,0
flow_201.10,29.5,3.0,0
flow_301.6,32.5,3.5,0
flow_10.8,29.5,3.5,0
flow_1012.8,35.0,6.5,0
flow_301.7,29.5,3.5,0
flow_1012.9,29.5,4.5,0
flow_001.8,27.5,3.0,0
flow_0012.6,24.5,3.0,0
flow_301.8,25.5,2.5,0
flow_2012.3,36.0,4.5,0
flow_001.9,41.0,7.5,0
flow_00.7,28.5,3.0,0
flow_30.7,26.0,3.5,0
flow_1012.10,47.0,7.0,0
flow_101.9,26.0,2.5,0
flow_001.10,46.5,3.5,0
flow_201.11,34.5,3.5,0
flow_00.8,42.0,3.0,0
flow_201.12,35.5,3.5,0
flow_00.9,36.5,3.0,0
flow_201.13,33.0,3.5,0
flow_00.10,22.0,2.0,0
flow_101.10,26.5,3.0,0
flow_301.9,25.5,2.5,0
flow_001.11,24.0,2.0,0
flow_0012.7,44.5,4.5,0
flow_201.14,35.5,4.0,0
flow_0012.8,47.5,5.5,0
flow_10.9,34.5,4.0,0
flow_301.10,36.0,3.5,0
flow_3012.5,37.0,4.0,0
flow_101.11,27.5,3.0,0
flow_001.12,62.5,3.5,0
flow_201.15,37.0,3.5,0
flow_0012.9,63.5,4.0,0
flow_301.11,37.0,3.5,0
flow_101.12,43.5,3.5,0
flow_1012.11,29.5,3.5,0
flow_10.10,22.0,2.0,0
flow_001.13,27.5,3.0,0
flow_1012.12,42.0,4.5,0
flow_101.13,41.0,3.0,0
flow_1012.13,39.0,3.5,0
flow_3012.6,43.5,4.5,0
flow_10.11,59.0,6.5,0
flow_10.12,52.5,4.0,0
flow_1012.14,32.5,3.5,0
flow_00.11,29.5,3.5,0
flow_2012.4,47.0,7.5,0
flow_00.12,31.0,5.5,0
flow_20.7,22.0,2.0,0
flow_3012.7,45.5,4.5,0
flow_1012.15,24.0,3.0,0
flow_301.12,44.0,4.0,0
flow_201.16,33.5,3.5,0
flow_201.17,34.5,3.5,0
flow_001.14,25.0,2.5,0
flow_30.8,52.0,6.5,0
flow_1012.16,31.5,4.5,0
flow_201.18,39.5,3.5,0
flow_001.15,29.5,3.5,0
flow_20.8,36.5,3.0,0
flow_2012.5,31.0,3.5,0
flow_2012.6,37.0,4.5,0
flow_0012.10,43.5,5.0,0
flow_201.19,37.5,3.5,0
flow_1012.17,36.0,4.5,0
flow_301.13,30.5,7.0,0
flow_30.9,25.5,3.0,0
flow_20.9,27.0,3.5,0
flow_001.16,38.0,3.5,0
flow_0012.11,28.5,4.0,0
flow_201.20,25.5,2.5,0
flow_301.14,45.0,3.5,0
flow_1012.18,23.5,3.0,0
flow_20.10,30.5,4.0,0
flow_0012.12,47.0,7.5,0
flow_00.13,39.0,3.5,0
flow_201.21,43.5,3.5,0
flow_001.17,53.5,3.5,0
flow_301.15,44.5,3.5,0
flow_101.14,31.5,3.5,0
flow_101.15,29.0,3.0,0
flow_3012.8,44.0,6.0,0
flow_301.16,29.5,3.0,0
flow_20.11,27.5,3.5,0
flow_0012.13,26.5,3.5,0
flow_10.13,37.0,4.0,0
flow_301.17,42.0,3.5,0
flow_3012.9,42.5,4.0,0
flow_101.16,28.0,3.5,0
flow_20.12,22.0,1.5,0
flow_1012.19,27.5,4.0,0
flow_10.14,21.5,2.0,0
flow_201.22,38.5,3.5,0
flow_201.23,39.0,3.5,0
flow_2012.7,28.5,3.0,0
flow_30.10,22.5,2.0,0
flow_2012.8,46.5,4.5,0
flow_001.18,49.0,7.5,0
flow_2012.9,49.0,5.5,0
flow_001.19,55.5,4.0,0
flow_00.14,40.0,3.0,0
flow_301.18,40.0,3.5,0
flow_10.15,37.5,4.0,0
flow_10.16,24.0,2.5,0
flow_201.24,26.0,3.0,0
flow_001.20,35.5,3.5,0
flow_001.21,34.5,3.0,0
flow_001.22,33.5,3.0,0
flow_301.19,26.0,3.0,0
flow_1012.20,24.5,3.5,0
flow_001.23,37.5,3.5,0
flow_201.25,42.5,3.5,0
flow_0012.14,29.0,3.5,0
flow_20.13,23.5,2.5,0
flow_10.17,39.5,4.0,0
flow_10.18,32.5,3.0,0
flow_301.20,24.5,2.5,0
flow_20.14,34.5,4.0,0
flow_001.24,31.5,3.0,0
flow_20.15,34.0,3.0,0
flow_00.15,22.0,2.0,0
flow_201.26,28.5,3.0,0
flow_301.21,25.0,2.5,0
flow_001.25,43.0,3.5,0
flow_00.16,41.5,3.0,0
flow_001.26,36.0,3.0,0
flow_10.19,29.0,3.5,0
flow_3012.10,45.0,7.5,0
flow_30.11,36.5,3.5,0
flow_101.17,30.0,3.0,0
flow_00.17,38.5,4.0,0
flow_201.27,26.0,3.0,0
flow_20.16,21.0,2.0,0
flow_301.0,25.0,2.5,0
flow_0012.0,38.0,4.0,0
flow_00.0,22.0,2.0,0
flow_101.0,41.0,3.5,0
flow_20.0,41.0,4.0,0
flow_20.1,41.5,3.0,0
flow_301.1,30.0,3.5,0
flow_3012.0,24.5,3.0,0
flow_1012.0,40.5,6.5,0
flow_10.0,36.0,4.0,0
flow_1012.1,25.5,3.0,0
flow_001.0,26.0,3.0,0
flow_201.0,39.0,3.5,0
flow_001.1,26.0,2.5,0
flow_2012.0,40.0,5.5,0
flow_3012.1,43.0,4.0,0
flow_3012.2,32.5,4.0,0
flow_3012.3,31.0,4.0,0
flow_0012.1,28.0,4.0,0
flow_0012.2,27.0,3.5,0
flow_101.1,33.0,3.5,0
flow_10.1,29.0,3.0,0
flow_1012.2,28.0,3.0,0
flow_1012.3,27.5,3.5,0
flow_201.1,35.0,3.5,0
flow_2012.1,33.0,4.0,0
flow_101.2,25.5,2.5,0
flow_1012.4,24.5,3.0,0
flow_001.2,31.5,3.0,0
flow_301.2,39.0,3.5,0
flow_3012.4,27.5,4.0,0
flow_301.3,25.5,2.5,0
flow_2012.2,23.5,3.0,0
flow_3012.5,27.5,3.5,0
flow_101.3,32.5,6.5,0
flow_10.2,28.0,3.0,0
flow_2012.3,44.0,4.5,0
flow_301.4,44.0,3.5,0
flow_0012.3,28.5,4.0,0
flow_101.4,44.0,3.5,0
flow_10.3,23.0,2.0,0
flow_301.5,27.5,3.0,0
flow_3012.6,24.5,2.5,0
flow_0012.4,36.0,4.5,0
flow_20.2,28.0,6.0,0
flow_00.1,34.0,3.0,0
flow_201.2,26.5,3.0,0
flow_1012.5,31.0,4.0,0
flow_101.5,30.5,3.0,0
flow_2012.4,37.5,4.5,0
flow_0012.5,32.0,4.0,0
flow_20.3,36.0,3.5,0
flow_20.4,29.0,3.0,0
flow_101.6,29.5,3.0,0
flow_10.4,21.5,2.0,0
flow_301.6,33.5,3.5,0
flow_201.3,43.5,3.5,0
flow_2012.5,36.0,3.5,0
flow_0012.6,24.5,3.0,0
flow_201.4,35.5,6.0,0
flow_00.2,36.5,4.0,0
flow_001.3,41.5,3.5,0
flow_1012.6,38.0,4.5,0
flow_101.7,26.5,3.0,0
flow_20.5,42.0,4.0,0
flow_001.4,25.0,2.5,0
flow_1012.7,35.0,4.5,0
flow_101.8,26.5,2.5,0
flow_0012.7,42.0,5.0,0
flow_001.5,39.0,3.0,0
flow_001.6,35.5,3.5,0
flow_1012.8,29.0,4.5,0
flow_101.9,25.5,2.5,0
flow_301.7,45.5,7.0,0
flow_301.8,31.5,4.0,0
flow_001.7,51.0,3.5,0
flow_201.5,40.5,3.5,0
flow_00.3,48.5,3.0,0
flow_201.6,36.5,3.0,0
flow_0012.8,41.5,3.5,0
flow_3012.7,36.5,4.5,0
flow_201.7,28.5,3.0,0
flow_2012.6,26.0,3.5,0
flow_101.10,33.5,3.5,0
flow_00.4,20.5,1.5,0
flow_20.6,21.0,1.5,0
flow_301.9,39.5,3.5,0
flow_3012.8,26.5,3.5,0
flow_201.8,27.0,3.0,0
flow_0012.9,38.5,6.0,0
flow_00.5,36.0,3.0,0
flow_201.9,28.5,3.5,0
flow_001.8,36.0,3.0,0
flow_101.11,34.5,3.5,0
flow_10.5,20.5,2.0,0
flow_201.10,36.0,3.5,0
flow_0012.10,48.5,6.0,0
flow_001.9,26.5,2.5,0
flow_10.6,40.0,4.0,0
flow_101.12,35.0,2.5,0
flow_301.10,26.5,3.0,0
flow_1012.9,38.0,6.0,0
flow_20.7,23.0,2.0,0
flow_001.10,24.5,2.5,0
flow_201.11,26.5,3.0,0
flow_301.11,42.0,3.5,0
flow_1012.10,54.0,6.5,0
flow_1012.11,27.0,4.0,0
flow_301.12,42.5,7.0,0
flow_001.11,41.5,3.5,0
flow_201.12,26.5,3.0,0
flow_301.13,56.5,3.5,0
flow_1012.12,47.5,6.5,0
flow_101.13,33.0,3.5,0
flow_301.14,56.0,3.5,0
flow_101.14,27.0,3.0,0
flow_0012.11,40.0,4.0,0
flow_00.6,28.5,3.0,0
flow_201.13,29.0,3.5,0
flow_0012.12,30.5,4.0,0
flow_201.14,31.0,6.0,0
flow_301.15,71.0,3.5,0
flow_10.7,27.0,2.5,0
flow_30.0,55.0,3.0,0
flow_0012.13,47.5,4.5,0
flow_2012.7,38.5,4.5,0
flow_001.12,30.0,3.5,0
flow_1012.13,43.5,4.5,0
flow_3012.9,44.0,4.5,0
flow_10.8,41.0,3.0,0
flow_101.15,34.0,3.0,0
flow_001.13,35.5,3.5,0
flow_20.8,23.0,2.0,0
flow_3012.10,31.5,4.0,0
flow_20.9,35.5,4.0,0
flow_0012.14,42.0,7.5,0
flow_001.14,38.5,3.5,0
flow_201.15,29.0,3.0,0
flow_1012.14,39.0,4.0,0
flow_10.9,27.0,2.5,0
flow_301.16,43.0,7.0,0
flow_101.16,27.0,2.5,0
flow_3012.11,28.0,4.5,0
flow_0012.15,42.0,4.5,0
flow_20.10,44.0,7.0,0
flow_001.15,33.5,3.0,0
flow_00.7,27.5,3.0,0
flow_201.16,42.5,3.5,0
flow_301.17,35.5,3.5,0
flow_2012.8,61.5,4.0,0
flow_0012.16,32.5,4.0,0
flow_201.17,41.5,3.5,0
flow_201.18,33.5,3.0,0
flow_1012.15,36.5,4.5,0
flow_001.16,39.0,3.5,0
flow_201.19,25.5,2.5,0
flow_001.17,40.5,3.5,0
flow_0012.17,37.0,3.5,0
flow_201.20,29.0,5.5,0
flow_101.17,25.5,2.5,0
flow_301.18,24.5,2.5,0
flow_1012.16,28.5,5.0,0
flow_001.18,55.0,3.5,0
flow_201.21,30.0,3.5,0
flow_00.8,42.5,3.0,0
flow_0012.18,26.5,3.5,0
flow_101.18,25.5,2.5,0
flow_0012.19,35.0,4.5,0
flow_20.11,38.5,6.5,0
flow_301.19,41.5,3.5,0
flow_101.19,27.0,3.0,0
flow_0012.20,24.5,3.0,0
flow_20.12,25.0,4.5,0
flow_101.20,34.5,3.5,0
flow_1012.17,24.0,3.0,0
flow_2012.9,25.5,3.0,0
flow_0012.21,42.0,4.5,0
flow_20.13,23.5,2.5,0
flow_201.22,25.0,2.5,0
flow_30.1,42.0,4.0,0
flow_101.21,27.0,3.0,0
flow_301.20,43.0,3.0,0
flow_001.19,27.0,3.0,0
flow_001.20,23.5,2.0,0
flow_1012.18,25.5,3.5,0
flow_301.21,44.5,6.5,0
flow_3012.12,28.0,3.5,0
flow_0012.22,37.5,4.0,0
flow_0012.23,28.0,3.5,0
flow_20.14,28.0,5.0,0
flow_3012.13,29.0,4.0,0
flow_201.23,44.5,3.5,0
flow_00.9,33.5,4.0,0
flow_001.21,33.0,3.5,0
flow_2012.10,30.5,5.5,0
flow_101.22,26.5,3.0,0
flow_301.22,25.0,2.5,0
flow_00.10,30.5,3.5,0
flow_201.24,29.0,3.0,0
flow_001.22,27.0,3.0,0
flow_0012.24,46.5,5.0,0
flow_001.23,30.5,3.0,0
flow_00.11,27.5,2.5,0
flow_101.23,37.5,3.5,0
flow_301.23,32.5,3.5,0
flow_101.24,28.0,2.5,0
flow_201.25,26.5,3.0,0
flow_0012.25,39.5,6.0,0
flow_2012.11,25.5,3.0,0
flow_001.24,25.5,2.5,0
flow_201.26,32.5,3.5,0
flow_30.2,35.0,4.0,0
flow_20.15,24.5,2.5,0
flow_001.0,33.5,3.5,0
flow_20.0,22.0,2.0,0
flow_101.0,34.0,3.5,0
flow_1012.0,32.5,4.5,0
flow_10.0,28.5,3.0,0
flow_201.0,27.0,3.0,0
flow_1012.1,33.0,4.5,0
flow_301.0,44.0,4.0,0
flow_001.1,36.0,3.5,0
flow_101.1,39.0,3.5,0
flow_30.0,21.0,1.5,0
flow_001.2,34.0,3.5,0
flow_2012.0,24.5,3.0,0
flow_30.1,39.5,4.0,0
flow_101.2,46.0,4.0,0
flow_201.1,33.5,3.5,0
flow_001.3,44.5,3.5,0
flow_3012.0,40.5,4.0,0
flow_30.2,28.5,3.0,0
flow_20.1,38.0,4.0,0
flow_001.4,37.5,4.0,0
flow_20.2,25.5,2.5,0
flow_0012.0,33.5,6.0,0
flow_3012.1,32.0,4.5,0
flow_001.5,36.5,3.5,0
flow_201.2,48.0,4.0,0
flow_2012.1,35.5,3.5,0
flow_20.3,25.5,2.5,0
flow_0012.1,34.5,4.0,0
flow_301.1,39.5,3.5,0
flow_10.1,21.0,1.5,0
flow_201.3,33.5,3.5,0
flow_2012.2,26.0,3.0,0
flow_30.3,21.0,1.5,0
flow_101.3,41.0,3.5,0
flow_1012.2,25.5,3.5,0
flow_00.0,37.5,4.0,0
flow_3012.2,25.0,3.0,0
flow_3012.3,26.0,3.5,0
flow_20.4,20.5,1.5,0
flow_00.1,38.5,4.0,0
flow_001.6,27.0,2.5,0
flow_00.2,21.0,2.0,0
flow_20.5,21.0,1.5,0
flow_10.2,39.0,4.0,0
flow_30.4,21.0,1.5,0
flow_101.4,40.5,3.0,0
flow_10.3,34.5,3.0,0
flow_20.6,31.0,4.0,0
flow_0012.2,45.0,7.0,0
flow_00.3,29.0,3.5,0
flow_0012.3,26.0,3.0,0
flow_101.5,29.5,3.5,0
flow_301.2,24.5,2.0,0
flow_3012.4,43.5,4.0,0
flow_101.6,45.5,7.0,0
flow_301.3,25.5,3.0,0
flow_2012.3,24.5,3.0,0
flow_30.5,27.5,3.5,0
flow_301.4,25.0,2.5,0
flow_001.7,32.0,3.5,0
flow_201.4,43.5,3.5,0
flow_201.5,42.5,3.0,0
flow_2012.4,29.5,3.5,0
flow_001.8,30.5,6.5,0
flow_3012.5,32.0,4.0,0
flow_20.7,40.0,4.0,0
flow_001.9,40.0,3.5,0
flow_001.10,40.0,3.0,0
flow_201.6,34.5,3.0,0
flow_301.5,44.0,3.5,0
flow_1012.3,47.0,6.5,0
flow_101.7,45.0,3.5,0
flow_10.4,41.5,3.0,0
flow_301.6,46.0,3.5,0
flow_20.8,40.0,4.0,0
flow_00.4,20.0,1.5,0
flow_20.9,40.0,3.0,0
flow_3012.6,56.0,4.5,0
flow_30.6,46.0,3.0,0
flow_101.8,64.0,7.5,0
flow_301.7,46.0,3.0,0
flow_1012.4,58.0,4.5,0
flow_20.10,29.5,3.5,0
flow_00.5,27.0,3.5,0
flow_30.7,52.0,4.0,0
flow_101.9,42.5,3.5,0
flow_201.7,32.5,3.5,0
flow_3012.7,43.0,4.5,0
flow_101.10,35.5,4.0,0
flow_301.8,44.0,3.5,0
flow_301.9,37.0,3.5,0
flow_00.6,24.0,2.5,0
flow_301.10,37.0,3.5,0
flow_001.11,36.0,3.5,0
flow_3012.8,28.0,4.0,0
flow_10.5,39.0,6.0,0
flow_101.11,27.5,3.0,0
flow_2012.5,42.5,4.5,0
flow_001.12,48.0,7.0,0
flow_201.8,41.0,3.0,0
flow_201.9,30.5,3.0,0
flow_0012.4,47.0,5.5,0
flow_3012.9,32.0,4.0,0
flow_2012.6,31.0,4.0,0
flow_0012.5,30.5,4.5,0
flow_0012.6,29.5,4.0,0
flow_301.11,25.5,2.5,0
flow_301.12,27.0,3.0,0
flow_001.13,40.5,3.5,0
flow_201.10,27.0,3.0,0
flow_0012.7,41.5,4.5,0
flow_101.12,25.5,2.5,0
flow_001.14,30.0,3.5,0
flow_3012.10,44.0,4.5,0
flow_301.13,42.5,3.0,0
flow_30.8,27.5,2.5,0
flow_101.13,25.5,2.5,0
flow_00.7,24.0,3.0,0
flow_30.9,42.5,4.0,0
flow_101.14,35.5,3.5,0
flow_10.6,25.5,2.5,0
flow_0012.8,32.5,4.5,0
flow_201.11,45.5,4.0,0
flow_201.12,29.0,3.0,0
flow_30.10,35.5,4.0,0
flow_20.11,43.0,4.0,0
flow_00.8,21.0,1.5,0
flow_201.13,31.5,3.0,0
flow_1012.5,34.5,4.5,0
flow_30.11,36.0,6.5,0
flow_301.14,30.0,3.5,0
flow_001.15,24.5,2.5,0
flow_101.15,24.5,2.5,0
flow_101.16,40.0,3.5,0
flow_301.15,37.5,3.5,0
flow_10.7,35.5,3.0,0
flow_201.14,28.5,3.0,0
flow_101.17,41.5,3.5,0
flow_301.16,44.0,3.5,0
flow_20.12,21.5,2.0,0
flow_301.17,32.0,3.5,0
flow_101.18,35.0,3.5,0
flow_30.12,23.5,2.0,0
flow_101.19,33.5,3.5,0
flow_301.18,36.5,3.5,0
flow_3012.11,26.5,3.0,0
flow_10.8,23.5,2.0,0
flow_201.15,24.0,2.5,0
flow_1012.6,28.0,4.0,0
flow_201.16,25.0,2.5,0
flow_001.16,25.0,2.5,0
flow_201.17,26.0,3.0,0
flow_301.19,32.5,3.5,0
flow_00.9,27.5,3.5,0
flow_001.17,28.0,3.5,0
flow_2012.7,33.5,4.5,0
flow_201.18,32.0,3.0,0
flow_201.19,31.0,3.0,0
flow_301.20,43.0,3.5,0
flow_101.20,32.5,3.5,0
flow_1012.7,33.0,4.0,0
flow_1012.8,31.0,4.0,0
flow_0012.9,27.5,4.0,0
flow_1012.9,47.0,4.5,0
flow_20.13,24.0,2.0,0
flow_3012.12,35.5,4.5,0
flow_3012.13,26.0,3.5,0
flow_0012.10,36.0,5.0,0
flow_001.18,33.5,3.5,0
flow_30.13,39.5,4.0,0
flow_00.10,35.5,4.0,0
flow_00.0,39.0,4.0,0
flow_00.1,37.5,3.5,0
flow_001.0,35.0,2.5,0
flow_301.0,41.0,3.5,0
flow_30.0,33.5,3.0,0
flow_3012.0,38.5,4.5,0
flow_001.1,38.0,3.5,0
flow_00.2,34.5,3.0,0
flow_001.2,39.0,3.5,0
flow_30.1,38.0,4.0,0
flow_1012.0,37.0,7.5,0
flow_30.2,33.0,5.5,0
flow_2012.0,28.5,4.0,0
flow_201.0,27.5,3.0,0
flow_001.3,58.5,7.0,0
flow_201.1,27.0,3.0,0
flow_001.4,51.0,3.5,0
flow_1012.1,39.0,4.5,0
flow_101.0,37.5,3.0,0
flow_20.0,33.5,4.0,0
flow_00.3,54.0,4.0,0
flow_00.4,48.0,3.0,0
flow_00.5,23.5,2.5,0
flow_3012.1,46.0,5.0,0
flow_0012.0,28.0,4.0,0
flow_301.1,41.5,3.5,0
flow_1012.2,39.0,6.5,0
flow_30.3,38.5,3.5,0
flow_101.1,32.5,3.0,0
flow_2012.1,35.0,4.5,0
flow_0012.1,34.5,4.0,0
flow_2012.2,33.0,4.0,0
flow_0012.2,25.0,3.0,0
flow_20.1,27.0,3.0,0
flow_3012.2,59.5,4.5,0
flow_20.2,39.0,4.0,0
flow_00.6,39.5,4.0,0
flow_0012.3,38.5,4.0,0
flow_001.5,35.5,2.5,0
flow_3012.3,37.0,4.5,0
flow_0012.4,46.0,4.5,0
flow_301.2,37.5,3.5,0
flow_101.2,41.5,3.5,0
flow_301.3,38.0,3.0,0
flow_301.4,38.0,3.5,0
flow_001.6,43.5,3.5,0
flow_001.7,35.5,3.0,0
flow_301.5,50.0,4.5,0
flow_3012.4,39.5,3.5,0
flow_201.2,25.0,2.5,0
flow_3012.5,42.0,4.0,0
flow_1012.3,23.0,2.5,0
flow_301.6,28.5,5.5,0
flow_2012.3,40.5,4.5,0
flow_30.4,40.0,4.0,0
flow_30.5,20.0,2.0,0
flow_201.3,33.5,3.5,0
flow_20.3,32.0,3.0,0
flow_1012.4,42.0,4.5,0
flow_3012.6,23.5,3.0,0
flow_001.8,31.5,3.0,0
flow_3012.7,30.0,4.0,0
flow_301.7,28.5,2.5,0
flow_3012.8,28.0,3.5,0
flow_201.4,36.5,3.5,0
flow_20.4,34.5,3.0,0
flow_001.9,26.0,3.0,0
flow_20.5,33.5,3.0,0
flow_30.6,30.0,3.5,0
flow_101.3,45.5,3.5,0
flow_1012.5,47.0,4.0,0
flow_101.4,27.5,2.5,0
flow_301.8,27.5,3.0,0
flow_20.6,41.5,4.0,0
flow_001.10,43.5,3.5,0
flow_00.7,41.0,3.0,0
flow_20.7,41.5,3.0,0
flow_001.11,42.0,3.0,0
flow_20.8,23.0,2.0,0
flow_301.9,33.5,3.5,0
flow_301.10,27.5,3.0,0
flow_00.8,42.0,4.0,0
flow_201.5,40.0,3.5,0
flow_201.6,27.0,3.0,0
flow_201.7,28.0,3.5,0
flow_30.7,29.0,4.0,0
flow_3012.9,29.5,3.5,0
flow_201.8,25.5,2.5,0
flow_001.12,35.0,3.5,0
flow_00.9,33.0,3.0,0
flow_201.9,27.0,3.0,0
flow_2012.4,23.0,2.5,0
flow_3012.10,33.5,4.0,0
flow_10.0,33.0,6.5,0
flow_1012.6,27.5,4.0,0
flow_201.10,39.0,3.5,0
flow_3012.11,38.5,4.0,0
flow_301.11,38.0,3.0,0
flow_101.5,47.5,7.5,0
flow_101.6,38.5,3.5,0
flow_201.11,26.0,3.0,0
flow_001.13,29.5,3.5,0
flow_2012.5,45.5,6.5,0
flow_0012.5,26.0,3.5,0
flow_20.9,42.5,5.5,0
flow_2012.6,36.0,5.0,0
flow_101.7,33.5,3.5,0
flow_301.12,26.0,3.0,0
flow_001.14,39.5,3.5,0
flow_301.13,35.5,3.5,0
flow_301.14,26.0,3.0,0
flow_301.15,27.0,3.0,0
flow_2012.7,24.5,3.0,0
flow_301.16,37.0,3.5,0
flow_2012.8,29.0,4.0,0
flow_00.10,44.5,6.5,0
flow_201.12,27.0,2.5,0
flow_001.15,38.5,3.0,0
flow_00.11,28.5,3.0,0
flow_101.8,42.0,3.5,0
flow_1012.7,37.0,3.5,0
flow_001.16,46.0,3.5,0
flow_301.17,27.0,3.0,0
flow_301.18,26.0,2.5,0
flow_00.12,28.5,3.5,0
flow_201.13,26.0,3.0,0
flow_3012.12,42.5,4.5,0
flow_10.1,41.5,6.5,0
flow_00.13,38.0,4.0,0
flow_20.10,40.5,4.0,0
flow_001.17,32.5,3.0,0
flow_1012.8,31.0,4.5,0
flow_301.19,43.0,7.5,0
flow_301.20,35.5,3.5,0
flow_30.8,22.5,2.0,0
flow_201.14,26.0,3.0,0
flow_1012.9,38.0,4.0,0
flow_3012.13,37.0,4.5,0
flow_101.9,39.0,3.0,0
flow_101.10,26.5,3.0,0
flow_001.18,37.5,3.5,0
flow_301.21,40.0,3.5,0
flow_101.11,38.0,3.5,0
flow_301.22,40.0,3.0,0
flow_1012.10,26.5,3.5,0
flow_001.19,41.5,3.5,0
flow_001.20,41.5,3.0,0
flow_3012.14,43.0,4.0,0
flow_101.12,35.0,4.0,0
flow_20.11,42.0,4.0,0
flow_001.21,35.0,3.5,0
flow_201.15,26.5,3.0,0
flow_10.2,21.5,2.0,0
flow_00.14,21.0,2.0,0
flow_201.16,36.5,3.5,0
flow_20.12,30.5,3.0,0
flow_201.17,27.5,3.0,0
flow_30.9,39.5,4.0,0
flow_301.23,33.5,2.5,0
flow_10.3,20.5,1.5,0
flow_301.24,29.5,3.0,0
flow_0012.6,36.5,4.0,0
flow_001.22,36.5,3.0,0
flow_001.23,36.0,3.0,0
flow_30.10,42.0,4.0,0
flow_3012.15,33.5,3.5,0
flow_2012.9,43.5,4.5,0
flow_001.24,29.5,3.5,0
flow_0012.7,26.5,3.5,0
flow_301.25,41.5,3.5,0
flow_101.13,44.5,3.5,0
flow_101.14,42.5,3.0,0
flow_201.18,41.5,3.5,0
flow_20.13,23.5,2.0,0
flow_101.15,44.0,3.5,0
flow_301.26,41.0,3.5,0
flow_201.19,26.5,3.0,0
flow_201.20,27.0,3.0,0
flow_20.14,22.5,2.0,0
flow_2012.10,25.0,3.0,0
flow_1012.0,24.5,3.0,0
flow_00.0,24.0,3.0,0
flow_20.0,20.5,1.5,0
flow_30.0,37.5,4.0,0
flow_101.0,39.5,3.5,0
flow_3012.0,37.0,3.5,0
flow_301.0,36.5,3.0,0
flow_0012.0,36.0,4.0,0
flow_2012.0,25.0,3.0,0
flow_001.0,33.0,3.0,0
flow_0012.1,31.5,3.5,0
flow_001.1,27.0,3.0,0
flow_201.0,35.5,3.5,0
flow_301.1,33.0,3.5,0
flow_101.1,41.0,3.5,0
flow_301.2,32.0,3.0,0
flow_3012.1,30.5,3.5,0
flow_301.3,26.0,2.0,0
flow_2012.1,36.0,4.5,0
flow_00.1,41.5,6.5,0
flow_001.2,27.0,3.0,0
flow_301.4,43.5,3.5,0
flow_101.2,45.0,4.0,0
flow_301.5,31.5,3.5,0
flow_1012.1,27.5,4.0,0
flow_201.1,38.5,3.5,0
flow_0012.2,34.5,5.5,0
flow_201.2,39.0,4.0,0
flow_10.0,34.0,4.0,0
flow_30.1,36.5,4.0,0
flow_3012.2,30.0,3.5,0
flow_30.2,22.0,2.0,0
flow_001.3,37.5,3.5,0
flow_10.1,26.5,3.5,0
flow_3012.3,38.0,7.0,0
flow_301.6,31.0,3.5,0
flow_2012.2,42.5,4.5,0
flow_001.4,44.0,3.5,0
flow_201.3,35.5,3.5,0
flow_201.4,30.0,3.0,0
flow_201.5,28.5,3.0,0
flow_0012.3,28.5,6.0,0
flow_101.3,35.5,3.5,0
flow_301.7,45.0,3.5,0
flow_2012.3,42.0,4.0,0
flow_20.1,40.5,3.0,0
flow_0012.4,28.5,4.5,0
flow_301.8,34.0,3.5,0
flow_101.4,45.5,4.0,0
flow_201.6,59.0,3.5,0
flow_001.5,43.5,3.5,0
flow_20.2,32.5,3.0,0
flow_001.6,43.0,3.0,0
flow_101.5,32.5,3.5,0
flow_3012.4,25.5,3.5,0
flow_001.7,37.0,3.5,0
flow_201.7,39.5,3.5,0
flow_001.8,33.0,2.5,0
flow_201.8,37.5,3.0,0
flow_101.6,45.0,3.5,0
flow_20.3,25.0,3.0,0
flow_001.9,42.0,3.5,0
flow_20.4,24.0,2.5,0
flow_00.2,27.5,3.0,0
flow_001.10,32.5,3.5,0
flow_201.9,26.0,2.5,0
flow_10.2,41.0,4.0,0
flow_1012.2,40.5,3.5,0
flow_101.7,41.5,3.5,0
flow_2012.4,32.5,4.0,0
flow_2012.5,25.5,3.0,0
flow_10.3,37.5,4.0,0
flow_301.9,38.0,3.5,0
flow_10.4,24.5,2.5,0
flow_301.10,38.0,3.5,0
flow_00.3,35.0,4.0,0
flow_0012.5,34.5,3.5,0
flow_201.10,27.5,3.0,0
flow_10.5,22.0,2.0,0
flow_301.11,30.0,3.5,0
flow_0012.6,39.5,4.0,0
flow_00.4,23.5,2.0,0
flow_001.11,39.0,3.5,0
flow_301.12,41.0,3.5,0
flow_301.13,35.5,3.0,0
flow_101.8,25.5,2.5,0
flow_301.14,34.5,3.0,0
flow_3012.5,50.5,4.5,0
flow_30.3,25.0,2.5,0
flow_101.9,49.0,7.5,0
flow_101.10,43.0,3.5,0
flow_301.15,28.0,3.0,0
flow_00.5,32.0,3.5,0
flow_201.11,40.0,3.5,0
flow_001.12,26.5,2.5,0
flow_201.12,25.5,3.0,0
flow_101.11,41.5,3.5,0
flow_301.16,28.0,3.0,0
flow_101.12,36.5,3.5,0
flow_101.13,30.0,3.5,0
flow_001.13,27.5,3.0,0
flow_201.13,24.5,2.5,0
flow_301.17,28.0,3.0,0
flow_1012.3,46.0,6.0,0
flow_3012.6,24.5,3.0,0
flow_201.14,43.5,3.5,0
flow_0012.7,42.0,6.5,0
flow_00.6,32.0,3.5,0
flow_0012.8,31.0,3.5,0
flow_30.4,40.5,4.0,0
flow_00.7,30.5,4.0,0
flow_2012.6,26.5,3.5,0
flow_30.5,38.5,4.0,0
flow_3012.7,26.0,3.5,0
flow_001.14,39.5,3.5,0
flow_201.15,36.0,3.5,0
flow_201.16,32.5,3.5,0
flow_301.18,35.0,3.5,0
flow_001.15,44.0,3.5,0
flow_001.16,43.0,3.0,0
flow_0012.9,33.0,3.5,0
flow_10.6,22.0,2.0,0
flow_20.5,21.5,2.0,0
flow_301.19,40.5,3.5,0
flow_101.14,44.0,3.5,0
flow_301.20,35.0,3.0,0
flow_1012.4,46.0,6.0,0
flow_10.7,43.0,3.5,0
flow_2012.7,38.5,4.5,0
flow_20.6,21.5,1.5,0
flow_001.17,43.0,4.5,0
flow_0012.10,42.0,4.0,0
flow_1012.5,55.5,4.5,0
flow_10.8,53.5,3.0,0
flow_3012.8,27.5,4.5,0
flow_00.8,20.5,1.5,0
flow_30.6,41.5,4.0,0
flow_101.15,63.0,3.5,0
flow_101.16,61.0,3.0,0
flow_301.21,34.5,3.0,0
flow_301.22,27.0,3.0,0
flow_1012.6,54.5,5.5,0
flow_201.17,44.0,3.5,0
flow_0012.11,43.0,6.5,0
flow_201.18,37.0,4.0,0
flow_30.7,33.5,4.0,0
flow_101.17,26.5,3.0,0
flow_3012.9,24.5,3.0,0
flow_001.18,37.0,3.5,0
flow_201.19,55.0,3.5,0
flow_2012.8,52.5,4.0,0
flow_00.9,21.5,2.0,0
flow_201.20,28.0,2.5,0
flow_30.8,28.0,3.5,0
flow_101.18,43.5,3.5,0
flow_001.19,34.5,3.5,0
flow_2012.9,23.5,3.0,0
flow_10.9,41.5,4.0,0
flow_301.23,40.5,3.5,0
flow_30.9,25.0,2.5,0
flow_101.19,40.5,3.0,0
flow_101.20,40.5,3.5,0
flow_001.20,29.5,3.5,0
flow_2012.10,26.5,4.0,0
flow_001.21,28.0,3.5,0
flow_101.21,56.5,3.5,0
flow_301.24,25.5,2.5,0
flow_3012.10,24.0,3.0,0
flow_20.7,23.5,2.5,0
flow_001.22,42.5,3.5,0
flow_201.21,24.5,2.5,0
flow_10.10,25.5,3.0,0
flow_101.22,25.5,2.5,0
flow_10.11,20.5,2.0,0
flow_2012.11,32.0,4.0,0
flow_20.8,30.0,3.0,0
flow_20.9,26.5,3.0,0
flow_101.23,35.0,3.5,0
flow_301.25,42.5,3.5,0
flow_101.24,34.5,3.0,0
flow_301.26,42.5,3.5,0
flow_30.10,37.5,3.0,0
flow_201.22,30.0,3.5,0
flow_2012.12,28.0,3.0,0
flow_0012.12,44.0,6.5,0
flow_001.23,27.5,3.0,0
flow_3012.11,40.5,4.5,0
flow_3012.12,39.0,4.0,0
flow_3012.13,28.5,3.5,0
flow_2012.13,38.5,4.5,0
flow_201.23,27.0,2.5,0
flow_001.24,40.5,7.5,0
flow_001.25,39.5,3.0,0
flow_301.27,44.5,3.5,0
flow_30.11,34.0,3.0,0
flow_101.25,44.5,4.0,0
flow_101.26,43.0,3.5,0
flow_101.27,40.5,3.0,0
flow_0012.13,50.5,4.5,0
flow_0012.14,37.0,4.0,0
flow_1012.7,49.0,4.0,0
flow_3012.14,32.0,4.0,0
flow_30.12,29.5,3.0,0
flow_30.13,28.5,2.5,0
flow_101.28,48.5,3.0,0
flow_10.12,33.0,3.0,0
flow_2012.14,25.5,3.5,0
flow_30.14,30.0,3.5,0
flow_101.29,44.0,3.5,0
flow_1012.8,26.0,3.5,0
flow_2012.15,35.5,4.5,0
flow_201.24,26.0,3.0,0
flow_3012.15,38.0,4.0,0
flow_301.28,34.5,3.0,0
flow_101.30,25.0,2.5,0
flow_201.25,26.0,3.0,0
flow_201.26,24.5,2.0,0
flow_30.15,21.5,2.0,0
flow_101.31,32.0,3.5,0
flow_00.10,34.5,4.0,0
flow_201.27,44.0,3.5,0
flow_001.26,34.0,2.5,0
flow_201.28,37.0,3.0,0
flow_1012.9,33.0,4.5,0
flow_201.29,42.5,3.5,0
flow_201.30,42.5,3.0,0
flow_2012.16,36.0,3.5,0
flow_10.13,29.5,3.5,0
flow_001.27,43.5,3.5,0
flow_201.31,52.0,3.5,0
flow_201.32,48.5,3.5,0
flow_201.33,32.0,3.5,0
flow_101.32,26.0,3.0,0
flow_101.33,29.0,3.5,0
flow_201.34,38.0,3.5,0
flow_001.28,31.0,3.5,0
flow_001.29,30.5,3.0,0
flow_201.35,29.5,3.0,0
flow_101.34,36.5,3.5,0
flow_1012.10,25.0,3.0,0
flow_00.11,39.0,4.0,0
flow_201.36,44.5,3.5,0
flow_301.0,26.5,3.0,0
flow_0012.0,27.0,4.0,0
flow_3012.0,44.0,4.5,0
flow_3012.1,41.0,4.0,0
flow_30.0,35.5,3.0,0
flow_201.0,25.0,2.0,0
flow_001.0,34.0,3.5,0
flow_0012.1,29.5,3.5,0
flow_10.0,30.5,4.0,0
flow_3012.2,53.5,7.5,0
flow_0012.2,42.0,4.5,0
flow_001.1,38.5,3.0,0
flow_201.1,35.5,4.0,0
flow_2012.0,35.0,4.0,0
flow_3012.3,44.0,4.5,0
flow_301.1,24.0,2.0,0
flow_20.0,48.0,4.0,0
flow_201.2,40.5,3.0,0
flow_30.1,40.0,4.0,0
flow_101.0,28.5,3.0,0
flow_301.2,29.0,2.5,0
flow_1012.0,27.0,4.5,0
flow_301.3,26.0,3.0,0
flow_20.1,37.5,4.0,0
flow_0012.3,44.5,7.5,0
flow_0012.4,38.5,4.5,0
flow_1012.1,38.5,4.0,0
flow_30.2,40.5,6.5,0
flow_3012.4,26.0,3.5,0
flow_00.0,49.5,4.0,0
flow_201.3,26.5,3.0,0
flow_00.1,36.0,3.0,0
flow_201.4,26.0,2.5,0
flow_001.2,33.5,3.0,0
flow_101.1,24.5,2.5,0
flow_00.2,26.0,3.0,0
flow_2012.1,38.5,7.0,0
flow_2012.2,27.0,4.0,0
flow_30.3,28.0,3.5,0
flow_101.2,26.5,3.0,0
flow_30.4,23.5,2.5,0
flow_3012.5,45.0,4.5,0
flow_101.3,47.5,7.0,0
flow_3012.6,27.0,4.0,0
flow_20.2,35.0,4.0,0
flow_20.3,29.0,3.0,0
flow_001.3,25.0,2.5,0
flow_101.4,58.0,3.5,0
flow_3012.7,41.0,5.5,0
flow_10.1,44.5,5.5,0
flow_3012.8,36.0,4.5,0
flow_301.4,33.5,3.0,0
flow_2012.3,41.0,5.0,0
flow_201.5,29.5,2.5,0
flow_1012.2,58.0,4.0,0
flow_30.5,47.5,6.5,0
flow_101.5,45.0,3.0,0
flow_301.5,45.0,3.0,0
flow_30.6,39.0,3.0,0
flow_2012.4,40.5,4.5,0
flow_001.4,48.0,7.5,0
flow_30.7,50.0,4.0,0
flow_101.6,27.0,3.0,0
flow_301.6,43.5,3.0,0
flow_10.2,21.5,2.0,0
flow_301.7,40.5,3.0,0
flow_2012.5,40.0,4.0,0
flow_0012.5,29.0,4.0,0
flow_1012.3,37.0,4.0,0
flow_3012.9,58.0,4.0,0
flow_1012.4,29.5,4.0,0
flow_30.8,58.5,5.5,0
flow_3012.10,26.0,3.0,0
flow_001.5,44.0,3.5,0
flow_201.6,35.0,3.5,0
flow_101.7,26.0,3.0,0
flow_20.4,33.5,4.0,0
flow_001.6,32.5,3.5,0
flow_00.3,28.5,3.5,0
flow_0012.6,35.5,4.5,0
flow_20.5,35.0,4.0,0
flow_10.3,22.0,2.0,0
flow_301.8,38.0,3.5,0
flow_301.9,38.5,3.5,0
flow_301.10,32.5,3.0,0
flow_001.7,31.0,3.0,0
flow_30.9,47.5,4.0,0
flow_3012.11,45.0,3.5,0
flow_301.11,39.5,3.5,0
flow_3012.12,31.0,3.5,0
flow_0012.7,31.5,4.5,0
flow_201.7,51.0,7.5,0
flow_2012.6,48.0,3.5,0
flow_3012.13,28.5,4.0,0
flow_30.10,25.5,3.0,0
flow_101.8,34.5,7.0,0
flow_3012.14,27.5,4.0,0
flow_30.11,22.5,2.5,0
flow_3012.15,27.5,3.5,0
flow_0012.8,40.5,4.5,0
flow_001.8,31.0,3.0,0
flow_201.8,44.0,7.5,0
flow_201.9,43.0,3.5,0
flow_101.9,41.0,3.5,0
flow_3012.16,34.0,5.5,0
flow_10.4,38.5,3.5,0
flow_201.10,59.0,3.5,0
flow_20.6,21.5,1.5,0
flow_3012.17,44.0,4.0,0
flow_101.10,62.5,7.0,0
flow_30.12,30.5,3.0,0
flow_301.12,45.5,3.5,0
flow_101.11,55.0,3.5,0
flow_00.4,26.0,3.0,0
flow_3012.18,50.5,4.5,0
flow_10.5,70.5,6.5,0
flow_3012.19,42.0,5.5,0
flow_10.6,69.5,7.5,0
flow_001.9,40.5,3.5,0
flow_201.11,25.0,2.5,0
flow_001.10,29.0,3.0,0
flow_20.7,21.0,1.5,0
flow_001.11,27.5,3.0,0
flow_30.13,33.5,4.0,0
flow_101.12,72.5,3.5,0
flow_101.13,26.5,3.0,0
flow_0012.9,31.5,4.5,0
flow_101.14,24.5,2.0,0
flow_101.15,25.0,2.5,0
flow_00.5,21.0,1.5,0
flow_3012.20,38.5,4.5,0
flow_3012.21,33.5,4.5,0
flow_10.7,23.0,2.0,0
flow_301.13,29.0,3.5,0
flow_101.16,24.5,2.0,0
flow_20.8,22.0,2.0,0
flow_001.12,43.0,3.5,0
flow_00.6,39.5,3.5,0
flow_1012.5,43.5,4.5,0
flow_301.14,42.0,7.0,0
flow_0012.10,41.0,4.5,0
flow_20.9,21.5,2.0,0
flow_001.13,27.0,3.0,0
flow_3012.22,40.5,4.5,0
flow_001.14,25.0,2.0,0
flow_20.10,25.5,2.5,0
flow_201.12,38.0,3.5,0
flow_30.14,37.0,4.0,0
flow_101.17,25.5,2.5,0
flow_301.15,24.5,2.0,0
flow_301.16,42.0,3.5,0
flow_10.8,21.0,1.5,0
flow_30.15,21.5,2.0,0
flow_001.15,36.0,4.0,0
flow_1012.6,30.0,4.0,0
flow_30.16,42.5,6.5,0
flow_201.13,47.5,4.0,0
flow_301.17,44.5,3.5,0
flow_301.18,40.0,3.0,0
flow_0012.11,24.5,3.0,0
flow_30.17,33.0,4.0,0
flow_101.18,39.0,3.5,0
flow_30.18,32.5,3.0,0
flow_301.19,29.5,3.0,0
flow_001.16,26.5,3.0,0
flow_301.20,47.0,3.5,0
flow_101.19,39.5,3.5,0
flow_301.21,47.0,3.0,0
flow_30.19,43.5,3.0,0
flow_3012.23,33.0,4.5,0
flow_10.9,42.0,6.5,0
flow_201.14,34.5,3.5,0
flow_0012.12,35.5,5.5,0
flow_0012.13,34.0,4.5,0
flow_301.22,43.0,3.5,0
flow_20.11,33.5,4.0,0
flow_20.12,21.0,1.5,0
flow_3012.24,43.0,4.5,0
flow_10.10,27.5,6.0,0
flow_301.23,30.0,3.5,0
flow_201.15,25.0,2.5,0
flow_2012.7,27.0,4.0,0
flow_2012.8,25.0,3.0,0
flow_10.11,32.5,4.0,0
flow_3012.25,26.0,3.5,0
flow_30.20,23.5,2.0,0
flow_0012.14,30.0,4.0,0
flow_201.16,35.5,4.0,0
flow_2012.9,35.0,3.5,0
flow_301.24,32.5,3.5,0
flow_101.20,32.0,3.5,0
flow_301.25,28.0,3.0,0
flow_201.17,50.5,3.5,0
flow_2012.10,28.0,3.5,0
flow_301.26,41.5,3.5,0
flow_3012.26,25.0,3.0,0
flow_001.17,32.5,3.5,0
flow_001.18,31.5,3.0,0
flow_201.18,25.0,2.5,0
flow_0012.15,30.0,5.5,0
flow_2012.0,27.5,4.0,0
flow_00.0,31.0,6.0,0
flow_301.0,29.5,3.5,0
flow_1012.0,42.5,6.5,0
flow_10.0,38.5,3.5,0
flow_101.0,38.5,3.0,0
flow_301.1,33.0,4.0,0
flow_001.0,45.0,3.5,0
flow_20.0,23.5,2.5,0
flow_2012.1,35.5,6.0,0
flow_101.1,48.5,3.5,0
flow_301.2,41.5,3.5,0
flow_20.1,41.0,4.0,0
flow_101.2,33.0,3.5,0
flow_101.3,33.5,3.5,0
flow_001.1,39.5,3.5,0
flow_201.0,36.0,3.5,0
flow_001.2,32.5,3.0,0
flow_201.1,26.5,2.5,0
flow_1012.1,31.5,4.0,0
flow_10.1,23.0,2.0,0
flow_0012.0,41.5,4.0,0
flow_0012.1,25.5,3.0,0
flow_301.3,45.5,3.5,0
flow_1012.2,27.0,4.0,0
flow_30.0,35.5,5.0,0
flow_301.4,27.0,3.0,0
flow_2012.2,37.0,4.5,0
flow_201.2,26.5,2.5,0
flow_001.3,26.0,3.0,0
flow_3012.0,43.5,4.5,0
flow_3012.1,43.0,4.0,0
flow_301.5,30.0,3.5,0
flow_20.2,41.5,4.0,0
flow_001.4,42.5,3.5,0
flow_20.3,23.5,2.0,0
flow_00.1,40.5,3.0,0
flow_0012.2,40.0,3.5,0
flow_3012.2,47.0,4.5,0
flow_301.6,46.0,3.0,0
flow_30.1,22.0,1.5,0
flow_001.5,57.0,3.5,0
flow_201.3,26.0,3.0,0
flow_0012.3,60.5,6.0,0
flow_001.6,26.0,2.5,0
flow_201.4,45.5,3.5,0
flow_001.7,27.5,3.0,0
flow_201.5,43.0,3.0,0
flow_201.6,42.0,3.0,0
flow_30.2,41.0,4.0,0
flow_101.4,41.0,3.5,0
flow_3012.3,40.0,3.5,0
flow_1012.3,41.0,4.0,0
flow_3012.4,30.5,3.5,0
flow_201.7,49.0,3.5,0
flow_001.8,34.0,3.5,0
flow_20.4,44.0,3.0,0
flow_10.2,39.5,4.0,0
flow_301.7,33.0,4.0,0
flow_1012.4,28.0,4.0,0
flow_301.8,34.0,6.5,0
flow_20.5,21.0,1.5,0
flow_001.9,29.0,3.5,0
flow_30.3,24.5,2.5,0
flow_101.5,30.5,3.5,0
flow_00.2,38.0,4.0,0
flow_0012.4,38.5,3.5,0
flow_10.3,31.5,3.5,0
flow_301.9,33.0,3.5,0
flow_301.10,29.0,3.0,0
flow_301.11,27.0,3.0,0
flow_30.4,42.0,4.0,0
flow_1012.5,40.0,7.5,0
flow_001.10,43.5,3.5,0
flow_00.3,37.0,3.0,0
flow_201.8,33.5,4.0,0
flow_0012.5,39.0,4.0,0
flow_301.12,25.5,2.5,0
flow_30.5,21.5,2.0,0
flow_001.11,36.0,3.5,0
flow_001.12,35.0,3.0,0
flow_0012.6,34.0,3.5,0
flow_301.13,40.0,3.5,0
flow_30.6,37.5,3.0,0
flow_0012.7,35.0,4.5,0
flow_0012.8,29.5,4.0,0
flow_30.7,22.5,2.0,0
flow_1012.6,24.5,3.0,0
flow_001.13,39.5,3.5,0
flow_201.9,37.0,3.5,0
flow_001.14,28.0,2.5,0
flow_1012.7,42.0,4.5,0
flow_3012.5,42.5,4.5,0
flow_1012.8,30.0,4.0,0
flow_101.6,28.5,3.0,0
flow_0012.9,25.5,3.5,0
flow_301.14,34.5,3.5,0
flow_101.7,25.5,2.5,0
flow_0012.10,32.0,4.5,0
flow_101.8,46.0,4.0,0
flow_101.9,43.5,3.0,0
flow_1012.9,38.0,3.5,0
flow_30.8,25.0,4.5,0
flow_00.4,32.0,4.0,0
flow_201.10,36.5,3.5,0
flow_001.15,26.5,3.0,0
flow_201.11,27.0,3.0,0
flow_101.10,51.0,3.5,0
flow_301.15,40.5,3.5,0
flow_1012.10,45.5,3.5,0
flow_101.11,35.0,3.0,0
flow_301.16,29.0,3.5,0
flow_201.12,44.5,3.5,0
flow_3012.6,35.5,4.5,0
flow_10.4,38.5,6.5,0
flow_1012.11,31.5,4.0,0
flow_3012.7,38.0,6.0,0
flow_001.16,40.5,3.5,0
flow_001.17,37.0,3.0,0
flow_101.12,49.5,3.5,0
flow_301.17,42.5,3.5,0
flow_10.5,48.0,3.0,0
flow_001.18,42.0,3.5,0
flow_201.13,32.0,3.5,0
flow_20.6,29.5,3.0,0
flow_001.19,26.5,3.0,0
flow_301.18,35.0,3.5,0
flow_30.9,26.5,2.5,0
flow_201.14,44.5,3.5,0
flow_101.13,39.0,3.5,0
flow_30.10,21.5,2.0,0
flow_10.6,28.0,3.0,0
flow_1012.12,28.0,3.5,0
flow_201.15,36.5,3.5,0
flow_001.20,32.0,3.5,0
flow_2012.3,29.0,4.0,0
flow_201.16,27.5,2.5,0
flow_001.21,34.0,6.5,0
flow_30.11,29.5,3.5,0
flow_101.14,27.0,3.0,0
flow_301.19,27.0,2.5,0
flow_10.7,22.5,2.0,0
flow_201.17,45.0,3.5,0
flow_001.22,36.5,3.5,0
flow_00.5,34.0,3.0,0
flow_001.23,28.5,3.0,0
flow_2012.4,43.0,6.0,0
flow_0012.11,27.0,3.5,0
flow_2012.5,28.5,4.0,0
flow_201.18,25.5,2.5,0
flow_30.12,37.5,4.0,0
flow_10.8,28.0,3.5,0
flow_301.20,25.5,2.5,0
flow_3012.8,23.5,2.5,0
flow_00.6,20.5,1.5,0
flow_301.21,42.0,3.5,0
flow_001.24,38.0,3.5,0
flow_201.19,38.0,3.5,0
flow_201.20,27.5,3.0,0
flow_201.21,25.5,2.5,0
flow_301.22,27.5,3.0,0
flow_101.15,25.5,2.5,0
flow_001.25,37.5,3.5,0
flow_201.22,26.0,3.0,0
flow_20.7,23.5,2.0,0
flow_101.16,43.0,3.5,0
flow_00.7,41.0,4.0,0
flow_201.23,42.0,3.5,0
flow_20.8,41.5,3.0,0
flow_001.26,41.5,3.0,0
flow_101.17,43.0,4.0,0
flow_1012.13,39.0,3.5,0
flow_001.27,24.5,2.5,0
flow_201.24,33.0,3.5,0
flow_101.18,26.5,3.0,0
flow_101.19,26.0,3.0,0
flow_301.23,26.5,3.0,0
flow_20.9,37.5,4.0,0
flow_10.9,21.5,2.0,0
flow_001.28,27.0,3.0,0
flow_301.24,32.5,3.5,0
flow_10.10,22.0,2.0,0
flow_00.8,22.5,2.0,0
flow_201.25,38.5,3.5,0
flow_201.26,31.5,3.5,0
flow_301.25,36.0,3.5,0
flow_1012.14,26.5,4.0,0
flow_30.13,31.0,4.0,0
flow_30.14,27.0,3.0,0
flow_2012.6,41.0,5.0,0
flow_201.27,34.5,2.5,0
flow_301.26,28.0,3.0,0
flow_101.20,24.5,2.0,0
flow_10.11,21.0,1.5,0
flow_201.28,36.0,3.5,0
flow_0012.12,43.0,6.5,0
flow_0012.13,39.5,4.0,0
flow_00.9,28.5,3.0,0
flow_301.27,33.0,3.5,0
flow_301.28,24.5,2.0,0
flow_0012.14,25.5,3.5,0
flow_301.29,34.5,3.5,0
flow_3012.9,33.5,3.5,0
flow_301.30,26.0,2.5,0
flow_20.10,33.5,4.0,0
flow_001.29,37.0,3.5,0
flow_20.11,21.0,2.0,0
flow_001.30,26.5,3.0,0
flow_3012.10,26.5,3.5,0
flow_30.15,22.5,2.0,0
flow_20.12,36.5,4.0,0
flow_001.31,43.5,4.0,0
flow_2012.7,29.5,3.5,0
flow_0012.15,42.5,4.0,0
flow_20.13,27.0,3.0,0
flow_001.32,41.0,3.0,0
flow_3012.11,24.5,3.0,0
flow_1012.15,25.0,3.5,0
flow_3012.12,25.0,3.5,0
flow_001.33,27.0,3.0,0
flow_20.14,20.5,1.5,0
flow_301.0,26.0,3.0,0
flow_001.0,25.0,2.5,0
flow_301.1,42.0,3.5,0
flow_101.0,34.5,3.5,0
flow_3012.0,34.0,4.5,0
flow_101.1,38.0,6.5,0
flow_0012.0,32.5,4.0,0
flow_20.0,41.0,6.0,0
flow_001.1,32.0,3.0,0
flow_201.0,28.5,3.0,0
flow_10.0,51.0,4.0,0
flow_301.2,43.0,3.5,0
flow_101.2,49.0,3.0,0
flow_1012.0,40.0,4.5,0
flow_20.1,34.5,4.0,0
flow_00.0,38.0,4.0,0
flow_20.2,30.5,3.0,0
flow_00.1,21.5,2.0,0
flow_201.1,30.0,2.5,0
flow_301.3,26.5,3.0,0
flow_301.4,25.0,2.5,0
flow_2012.0,36.5,4.5,0
flow_301.5,42.5,3.5,0
flow_301.6,45.0,4.0,0
flow_3012.1,32.0,3.5,0
flow_001.2,40.0,3.5,0
flow_101.3,40.5,3.5,0
flow_1012.1,42.0,4.0,0
flow_3012.2,26.0,3.5,0
flow_20.3,21.5,2.0,0
flow_00.2,37.0,4.0,0
flow_301.7,37.0,3.5,0
flow_10.1,24.5,2.5,0
flow_101.4,41.5,3.5,0
flow_101.5,39.0,3.5,0
flow_10.2,33.0,3.0,0
flow_101.6,32.5,2.5,0
flow_0012.1,32.0,4.0,0
flow_00.3,29.5,3.0,0
flow_201.2,32.0,3.5,0
flow_0012.2,40.0,4.5,0
flow_201.3,29.0,3.5,0
flow_10.3,41.0,4.0,0
flow_301.8,45.0,3.5,0
flow_20.4,41.5,4.0,0
flow_001.3,43.5,3.5,0
flow_20.5,25.5,2.5,0
flow_30.0,26.0,3.5,0
flow_3012.3,25.0,3.0,0
flow_101.7,24.5,2.0,0
flow_2012.1,28.0,4.0,0
flow_001.4,27.0,3.0,0
flow_301.9,25.0,2.5,0
flow_0012.3,29.0,4.0,0
flow_101.8,40.0,3.5,0
flow_3012.4,34.0,6.0,0
flow_30.1,31.5,3.5,0
flow_3012.5,25.5,3.5,0
flow_201.4,38.0,3.5,0
flow_001.5,36.0,3.5,0
flow_001.6,26.5,2.5,0
flow_3012.6,43.0,4.5,0
flow_301.10,36.0,3.0,0
flow_10.4,23.0,2.0,0
flow_201.5,44.5,3.5,0
flow_201.6,34.5,3.0,0
flow_0012.4,46.0,5.0,0
flow_00.4,42.5,3.0,0
flow_201.7,27.5,3.0,0
flow_00.5,42.0,3.0,0
flow_001.7,56.5,3.5,0
flow_0012.5,38.5,4.0,0
flow_0012.6,27.5,4.0,0
flow_1012.2,33.0,4.5,0
flow_30.2,40.0,6.0,0
flow_0012.7,44.0,4.0,0
flow_2012.2,41.5,4.0,0
flow_201.8,28.0,3.0,0
flow_20.6,23.5,2.0,0
flow_301.11,45.0,3.5,0
flow_101.9,41.5,3.5,0
flow_3012.7,34.0,3.5,0
flow_301.12,32.5,2.5,0
flow_101.10,32.5,3.5,0
flow_001.8,39.5,3.5,0
flow_00.6,37.0,3.0,0
flow_0012.8,35.0,3.5,0
flow_3012.8,42.5,4.5,0
flow_3012.9,40.0,4.0,0
flow_201.9,44.5,3.5,0
flow_2012.3,44.0,3.5,0
flow_101.11,33.0,3.5,0
flow_3012.10,30.5,5.0,0
flow_101.12,28.0,3.5,0
flow_00.7,20.0,1.5,0
flow_101.13,28.5,3.0,0
flow_101.14,28.5,3.0,0
flow_301.13,26.5,3.0,0
flow_101.15,43.5,3.5,0
flow_3012.11,27.0,4.0,0
flow_001.9,29.5,3.5,0
flow_00.8,21.0,1.5,0
flow_1012.3,24.5,3.0,0
flow_301.14,27.0,3.0,0
flow_001.10,30.0,3.5,0
flow_2012.4,42.5,6.5,0
flow_10.5,38.5,4.0,0
flow_30.3,31.0,3.5,0
flow_101.16,29.5,2.5,0
flow_0012.9,37.5,4.5,0
flow_001.11,24.5,2.0,0
flow_10.6,30.5,3.5,0
flow_1012.4,25.5,3.5,0
flow_0012.10,25.0,3.0,0
flow_101.17,41.0,3.5,0
flow_301.15,30.5,3.5,0
flow_00.9,29.5,3.5,0
flow_0012.11,30.5,3.5,0
flow_301.16,37.5,3.5,0
flow_30.4,33.0,4.0,0
flow_001.12,25.0,2.5,0
flow_301.17,35.0,3.5,0
flow_1012.5,48.0,7.0,0
flow_10.7,27.0,3.5,0
flow_3012.12,39.0,4.0,0
flow_1012.6,35.0,4.5,0
flow_301.18,36.5,3.5,0
flow_201.10,32.0,3.5,0
flow_101.18,38.5,3.5,0
flow_301.19,31.5,3.5,0
flow_2012.5,40.0,4.5,0
flow_10.8,37.0,4.0,0
flow_10.9,37.0,3.0,0
flow_10.10,36.0,3.0,0
flow_001.13,44.0,3.5,0
flow_201.11,34.5,3.5,0
flow_201.12,36.5,3.5,0
flow_201.13,35.0,3.5,0
flow_30.5,31.0,3.5,0
flow_101.19,49.5,3.5,0
flow_101.20,49.0,3.0,0
flow_1012.7,46.5,3.5,0
flow_201.14,40.5,3.5,0
flow_201.15,32.0,3.5,0
flow_301.20,26.0,3.0,0
flow_001.14,37.0,3.5,0
flow_201.16,27.0,3.0,0
flow_101.21,26.0,3.0,0
flow_301.21,42.5,3.5,0
flow_3012.13,42.5,4.0,0
flow_301.22,41.5,3.0,0
flow_101.22,30.0,3.5,0
flow_301.23,60.5,4.0,0
flow_00.10,27.0,3.0,0
flow_201.17,35.5,3.5,0
flow_0012.12,25.5,3.0,0
flow_10.11,34.5,4.0,0
flow_0012.13,40.0,4.5,0
flow_0012.14,33.0,4.0,0
flow_0012.15,31.5,4.0,0
flow_301.24,37.5,3.5,0
flow_3012.14,25.5,3.5,0
flow_3012.15,42.5,4.5,0
flow_1012.8,28.5,4.0,0
flow_1012.9,27.5,4.0,0
flow_3012.16,39.0,4.0,0
flow_30.6,37.0,3.0,0
flow_20.7,31.5,3.5,0
flow_2012.6,24.5,3.0,0
flow_3012.17,55.0,4.0,0
flow_1012.10,27.5,4.0,0
flow_30.7,48.5,3.0,0
flow_2012.7,37.5,4.5,0
flow_201.18,27.0,2.5,0
flow_3012.0,26.5,3.5,0
flow_2012.0,38.5,4.5,0
flow_201.0,25.0,2.5,0
flow_1012.0,29.0,4.0,0
flow_301.0,35.5,4.0,0
flow_301.1,35.0,3.0,0
flow_001.0,26.5,3.0,0
flow_30.0,40.0,4.0,0
flow_10.0,40.0,4.0,0
flow_10.1,32.5,3.0,0
flow_301.2,31.5,3.0,0
flow_10.2,30.0,3.0,0
flow_20.0,25.5,3.0,0
flow_30.1,21.0,1.5,0
flow_0012.0,36.5,4.5,0
flow_201.1,42.0,7.5,0
flow_0012.1,31.5,5.5,0
flow_301.3,30.5,3.5,0
flow_301.4,26.0,2.5,0
flow_201.2,59.5,3.5,0
flow_001.1,32.0,3.5,0
flow_001.2,32.5,3.5,0
flow_2012.1,62.5,5.5,0
flow_30.2,34.5,4.0,0
flow_101.0,25.0,2.5,0
flow_2012.2,43.0,4.5,0
flow_20.1,31.5,3.0,0
flow_001.3,35.5,4.0,0
flow_001.4,28.0,3.0,0
flow_1012.1,31.5,4.0,0
flow_2012.3,36.5,4.5,0
flow_201.3,27.0,3.0,0
flow_001.5,47.5,7.5,0
flow_001.6,28.5,3.5,0
flow_001.7,30.5,4.0,0
flow_001.8,28.5,3.5,0
flow_301.5,38.5,3.5,0
flow_1012.2,45.0,6.0,0
flow_10.3,38.5,4.0,0
flow_1012.3,36.5,3.5,0
flow_1012.4,27.0,3.5,0
flow_001.9,42.5,3.5,0
flow_301.6,29.5,3.5,0
flow_1012.5,25.5,3.5,0
flow_001.10,44.0,3.5,0
flow_001.11,29.5,3.0,0
flow_001.12,26.5,2.5,0
flow_3012.1,32.0,4.0,0
flow_301.7,26.0,2.5,0
flow_30.3,23.0,2.0,0
flow_201.4,43.0,3.5,0
flow_001.13,35.0,4.5,0
flow_2012.4,36.5,4.0,0
flow_101.1,44.0,3.5,0
flow_301.8,31.0,3.5,0
flow_101.2,41.5,3.0,0
flow_301.9,29.5,3.5,0
flow_301.10,26.5,3.0,0
flow_001.14,47.0,4.0,0
flow_001.15,41.0,3.5,0
flow_001.16,38.5,3.5,0
flow_301.11,36.5,3.5,0
flow_1012.6,28.5,6.0,0
flow_101.3,25.0,2.5,0
flow_001.17,25.0,2.5,0
flow_30.4,22.5,2.5,0
flow_1012.7,34.5,6.0,0
flow_20.2,36.5,4.0,0
flow_001.18,36.5,3.5,0
flow_201.5,30.5,3.0,0
flow_201.6,34.5,3.5,0
flow_0012.2,28.5,5.5,0
flow_001.19,26.5,3.0,0
flow_201.7,38.0,3.5,0
flow_1012.8,29.0,4.0,0
flow_2012.5,57.0,4.5,0
flow_201.8,32.0,3.0,0
flow_001.20,50.0,7.5,0
flow_1012.9,42.5,4.0,0
flow_201.9,29.0,3.0,0
flow_001.21,25.5,2.5,0
flow_201.10,25.5,2.5,0
flow_001.22,43.5,3.5,0
flow_0012.3,35.0,4.5,0
flow_301.12,37.5,4.0,0
flow_3012.2,34.5,3.5,0
flow_30.5,27.0,2.5,0
flow_001.23,40.5,3.5,0
flow_2012.6,26.5,3.5,0
flow_201.11,24.5,2.0,0
flow_10.4,40.5,4.0,0
flow_301.13,24.5,2.5,0
flow_20.3,28.5,3.5,0
flow_1012.10,41.0,4.5,0
flow_101.4,26.5,2.5,0
flow_001.24,26.0,2.5,0
flow_30.6,36.0,4.0,0
flow_101.5,28.0,3.0,0
flow_0012.4,32.5,4.5,0
flow_201.12,26.0,3.0,0
flow_30.7,22.5,2.0,0
flow_001.25,37.5,3.5,0
flow_0012.5,35.5,3.5,0
flow_2012.7,26.5,3.5,0
flow_001.26,31.5,3.5,0
flow_2012.8,26.0,3.5,0
flow_10.5,39.5,4.0,0
flow_3012.3,27.5,3.5,0
flow_301.14,25.5,2.0,0
flow_0012.6,26.5,3.5,0
flow_10.6,22.0,2.0,0
flow_201.13,36.0,3.5,0
flow_0012.7,23.5,3.0,0
flow_10.7,31.5,4.0,0
flow_30.8,30.0,3.5,0
flow_101.6,31.5,3.0,0
flow_10.8,24.0,2.0,0
flow_101.7,45.0,3.5,0
flow_301.15,24.5,2.5,0
flow_1012.11,45.0,4.5,0
flow_10.9,36.5,3.0,0
flow_30.9,23.0,2.5,0
flow_301.16,41.5,3.5,0
flow_1012.12,45.0,6.5,0
flow_10.10,26.5,3.0,0
flow_0012.8,32.0,4.5,0
flow_10.11,32.5,4.0,0
flow_1012.13,34.0,3.5,0
flow_30.10,23.0,2.5,0
flow_101.8,25.5,2.5,0
flow_001.27,36.0,3.5,0
flow_101.9,41.5,3.5,0
flow_10.12,41.0,3.0,0
flow_1012.14,40.0,3.5,0
flow_001.28,39.0,3.5,0
flow_0012.9,24.5,3.0,0
flow_30.11,25.0,3.0,0
flow_10.13,57.5,4.0,0
flow_101.10,57.5,3.0,0
flow_1012.15,54.5,3.5,0
flow_00.0,25.5,3.0,0
flow_201.14,28.5,3.0,0
flow_10.14,38.0,4.0,0
flow_0012.10,39.0,4.5,0
flow_00.1,37.5,3.0,0
flow_201.15,28.0,3.0,0
flow_00.2,24.0,2.5,0
flow_10.15,23.5,2.5,0
flow_201.16,27.0,3.0,0
flow_10.16,29.5,3.5,0
flow_301.17,40.0,3.5,0
flow_0012.11,37.5,4.5,0
flow_001.29,36.5,3.0,0
flow_201.17,30.5,7.0,0
flow_20.4,26.0,3.0,0
flow_001.30,36.5,3.0,0
flow_301.18,37.0,3.5,0
flow_1012.16,44.0,6.5,0
flow_3012.4,24.5,3.0,0
flow_2012.9,40.5,4.0,0
flow_201.18,26.0,3.0,0
flow_0012.12,37.5,4.0,0
flow_00.3,32.0,3.0,0
flow_0012.13,28.5,3.5,0
flow_1012.17,36.0,4.5,0
flow_301.19,35.5,4.0,0
flow_1012.18,38.5,7.0,0
flow_001.31,33.5,3.5,0
flow_3012.5,31.0,4.5,0
flow_10.17,56.5,6.5,0
flow_1012.19,55.5,4.5,0
flow_1012.20,46.5,4.0,0
flow_201.19,29.5,3.5,0
flow_20.5,27.5,3.0,0
flow_2012.10,28.5,3.5,0
flow_10.0,23.0,2.0,0
flow_301.0,25.5,2.5,0
flow_2012.0,22.5,2.5,0
flow_0012.0,29.5,4.0,0
flow_101.0,41.5,3.5,0
flow_3012.0,24.5,3.0,0
flow_0012.1,29.5,4.0,0
flow_20.0,42.0,6.5,0
flow_301.1,42.0,3.5,0
flow_3012.1,38.0,4.0,0
flow_3012.2,35.0,4.0,0
flow_20.1,42.0,4.0,0
flow_201.0,37.0,3.0,0
flow_101.1,44.5,3.5,0
flow_10.1,42.5,3.0,0
flow_101.2,26.5,2.5,0
flow_2012.1,26.5,3.5,0
flow_3012.3,29.5,4.0,0
flow_101.3,44.5,7.0,0
flow_10.2,42.5,3.0,0
flow_10.3,59.5,4.0,0
flow_30.0,30.0,3.5,0
flow_101.4,54.5,3.0,0
flow_101.5,55.0,3.5,0
flow_001.0,43.0,3.5,0
flow_201.1,32.0,3.5,0
flow_0012.2,44.5,4.5,0
flow_30.1,33.5,4.0,0
flow_101.6,42.5,3.5,0
flow_10.4,29.5,3.0,0
flow_10.5,27.5,2.5,0
flow_201.2,29.5,3.5,0
flow_10.6,38.0,4.0,0
flow_301.2,43.0,3.5,0
flow_3012.4,32.0,4.0,0
flow_301.3,25.5,2.5,0
flow_2012.2,34.5,4.5,0
flow_001.1,40.0,7.0,0
flow_201.3,35.5,4.5,0
flow_301.4,41.0,3.5,0
flow_101.7,45.5,4.0,0
flow_30.2,20.5,1.5,0
flow_001.2,26.5,3.0,0
flow_201.4,43.0,3.5,0
flow_201.5,24.5,2.0,0
flow_3012.5,36.5,4.5,0
flow_101.8,42.0,7.5,0
flow_3012.6,37.0,5.0,0
flow_201.6,37.0,3.5,0
flow_201.7,36.0,3.0,0
flow_201.8,35.5,3.0,0
flow_30.3,43.5,4.0,0
flow_101.9,44.5,3.5,0
flow_201.9,53.0,3.5,0
flow_001.3,42.5,3.5,0
flow_001.4,34.0,3.0,0
flow_20.2,50.5,3.5,0
flow_00.0,25.5,3.5,0
flow_2012.3,55.5,6.0,0
flow_10.7,35.0,4.0,0
flow_3012.7,28.5,5.0,0
flow_2012.4,35.5,4.5,0
flow_201.10,34.0,2.5,0
flow_001.5,46.5,7.0,0
flow_20.3,21.5,1.5,0
flow_001.6,44.0,3.0,0
flow_1012.0,29.0,4.0,0
flow_30.4,41.0,6.5,0
flow_30.5,31.5,3.5,0
flow_001.7,34.5,3.5,0
flow_30.6,35.0,4.0,0
flow_101.10,41.5,4.0,0
flow_3012.8,24.5,3.0,0
flow_1012.1,24.0,2.5,0
flow_001.8,27.5,3.0,0
flow_201.11,24.5,2.5,0
flow_301.5,25.5,2.5,0
flow_3012.9,25.0,3.5,0
flow_10.8,24.0,4.5,0
flow_2012.5,29.5,4.0,0
flow_2012.6,27.0,4.0,0
flow_3012.10,34.5,4.5,0
flow_10.9,36.0,6.0,0
flow_1012.2,35.5,4.0,0
flow_20.4,39.0,4.0,0
flow_0012.3,29.5,7.0,0
flow_00.1,26.5,3.0,0
flow_201.12,44.0,3.0,0
flow_101.11,37.5,3.5,0
flow_10.10,31.0,3.0,0
flow_301.6,24.0,2.5,0
flow_101.12,32.0,3.0,0
flow_30.7,22.5,2.0,0
flow_201.13,33.5,3.5,0
flow_201.14,32.0,3.0,0
flow_00.2,21.5,2.0,0
flow_101.13,49.5,3.5,0
flow_301.7,35.5,3.5,0
flow_301.8,35.5,3.0,0
flow_3012.11,34.0,3.5,0
flow_30.8,49.0,4.0,0
flow_3012.12,49.5,3.5,0
flow_30.9,47.0,3.0,0
flow_001.9,41.5,4.0,0
flow_001.10,40.5,3.5,0
flow_3012.13,53.0,4.5,0
flow_30.10,51.5,3.5,0
flow_1012.3,29.0,4.5,0
flow_101.14,27.0,3.0,0
flow_1012.4,26.0,3.5,0
flow_201.15,34.0,3.5,0
flow_001.11,26.5,3.0,0
flow_30.11,36.0,4.0,0
flow_101.15,41.5,3.5,0
flow_1012.5,32.0,4.0,0
flow_3012.14,35.0,3.5,0
flow_3012.15,30.0,3.5,0
flow_201.16,40.5,3.5,0
flow_20.5,39.0,3.0,0
flow_20.6,34.0,3.0,0
flow_101.16,39.0,3.5,0
flow_1012.6,37.5,3.5,0
flow_101.17,37.0,3.0,0
flow_20.7,25.0,3.0,0
flow_201.17,26.5,3.0,0
flow_301.9,23.5,2.0,0
flow_10.11,38.5,4.0,0
flow_0012.4,28.5,4.0,0
flow_201.18,41.5,7.0,0
flow_20.8,39.0,3.5,0
flow_301.10,37.0,3.5,0
flow_10.12,42.5,4.0,0
flow_1012.7,35.5,4.0,0
flow_301.11,25.0,2.5,0
flow_20.9,56.5,4.0,0
flow_0012.5,44.0,7.5,0
flow_2012.7,33.0,3.5,0
flow_20.10,27.5,2.5,0
flow_101.18,42.0,3.5,0
flow_101.19,32.5,3.5,0
flow_201.19,36.0,3.5,0
flow_001.12,24.5,2.5,0
flow_101.20,41.0,3.5,0
flow_301.12,45.5,3.5,0
flow_301.13,42.0,3.0,0
flow_1012.8,27.5,4.0,0
flow_201.20,40.5,3.5,0
flow_1012.9,41.0,4.5,0
flow_1012.10,36.5,4.0,0
flow_1012.11,36.0,4.0,0
flow_001.13,30.0,3.5,0
flow_2012.8,46.0,6.5,0
flow_001.14,33.0,4.0,0
flow_30.12,38.0,4.0,0
flow_101.21,49.0,3.5,0
flow_30.13,22.0,2.0,0
flow_101.22,40.0,3.0,0
flow_1012.12,41.0,4.0,0
flow_201.21,44.5,3.5,0
flow_001.15,43.5,3.5,0
flow_001.16,32.5,3.5,0
flow_201.22,30.0,3.5,0
flow_201.23,27.0,3.0,0
flow_1012.13,56.5,4.0,0
flow_101.23,52.5,3.0,0
flow_2012.9,44.5,4.5,0
flow_20.11,33.5,3.0,0
flow_2012.10,33.5,3.5,0
flow_3012.16,39.0,4.0,0
flow_301.14,29.0,3.0,0
flow_30.14,25.0,2.5,0
flow_101.24,43.0,7.0,0
flow_20.12,39.0,4.0,0
flow_001.17,34.0,3.5,0
flow_2012.11,29.0,3.5,0
flow_20.13,21.5,2.0,0
flow_30.15,24.5,2.0,0
flow_00.3,27.0,3.5,0
flow_1012.14,29.5,4.0,0
flow_10.13,23.0,2.0,0
flow_2012.12,26.5,3.5,0
flow_0012.6,43.0,4.5,0
flow_001.18,27.0,3.0,0
flow_201.24,26.0,3.0,0
flow_101.25,39.0,3.5,0
flow_1012.15,32.0,4.0,0
flow_1012.16,29.0,4.0,0
flow_001.19,43.5,3.5,0
flow_2012.13,33.5,6.0,0
flow_20.14,30.0,3.5,0
flow_00.4,31.0,3.5,0
flow_101.26,45.0,3.5,0
flow_301.15,46.0,4.0,0
flow_1012.17,28.5,3.5,0
flow_0012.7,49.5,4.5,0
flow_201.25,42.0,3.5,0
flow_001.20,25.5,2.5,0
flow_2012.14,43.0,4.5,0
flow_301.16,33.5,3.5,0
flow_3012.17,35.0,4.5,0
flow_301.17,31.5,3.0,0
flow_201.26,48.5,3.5,0
flow_001.21,40.5,3.5,0
flow_20.15,43.5,3.0,0
flow_1012.18,45.5,4.5,0
flow_301.18,52.0,4.0,0
flow_101.27,25.5,2.5,0
flow_2012.15,31.5,4.0,0
flow_00.5,22.0,2.0,0
flow_201.27,27.5,3.0,0
flow_1012.19,30.0,4.5,0
flow_301.19,36.0,4.5,0
flow_30.16,30.0,3.5,0
flow_20.16,31.0,4.0,0
flow_001.22,40.0,3.5,0
flow_0012.8,25.0,3.0,0
flow_00.6,23.5,2.0,0
flow_201.28,26.0,3.0,0
flow_1012.20,34.5,4.0,0
flow_10.14,28.5,3.0,0
flow_0012.9,40.5,4.5,0
flow_101.28,30.0,3.5,0
flow_0012.10,24.0,3.0,0
flow_201.29,27.5,5.5,0
flow_1012.21,30.5,4.5,0
flow_201.30,44.0,3.5,0
flow_3012.18,35.0,4.5,0
flow_301.20,33.0,2.5,0
flow_101.29,49.5,7.5,0
flow_101.30,48.0,3.5,0
flow_20.17,22.0,2.0,0
flow_3012.0,25.5,3.5,0
flow_1012.0,24.5,3.0,0
flow_10.0,22.0,2.0,0
flow_101.0,26.5,3.0,0
flow_201.0,30.0,3.5,0
flow_001.0,42.5,4.0,0
flow_201.1,28.5,3.0,0
flow_2012.0,27.0,3.5,0
flow_20.0,23.0,2.0,0
flow_0012.0,33.5,5.0,0
flow_10.1,42.0,4.0,0
flow_101.1,43.5,3.0,0
flow_101.2,32.5,3.0,0
flow_0012.1,25.5,3.5,0
flow_30.0,22.5,2.0,0
flow_101.3,50.0,3.5,0
flow_10.2,24.0,2.5,0
flow_0012.2,45.0,4.5,0
flow_00.0,23.5,2.5,0
flow_0012.3,43.0,4.5,0
flow_301.0,33.5,3.5,0
flow_301.1,29.0,3.5,0
flow_1012.1,42.0,6.5,0
flow_101.4,39.5,3.0,0
flow_3012.1,26.0,4.0,0
flow_201.2,30.5,3.5,0
flow_0012.4,40.5,6.5,0
flow_0012.5,38.0,4.0,0
flow_20.1,31.5,5.5,0
flow_10.3,21.5,2.0,0
flow_201.3,47.5,3.5,0
flow_0012.6,49.5,6.5,0
flow_0012.7,46.5,4.5,0
flow_201.4,46.5,4.0,0
flow_10.4,32.5,3.5,0
flow_301.2,26.5,3.0,0
flow_00.1,30.5,4.0,0
flow_201.5,24.5,2.5,0
flow_201.6,26.5,2.5,0
flow_30.1,37.5,4.0,0
flow_101.5,23.5,2.0,0
flow_3012.2,33.0,4.5,0
flow_3012.3,28.0,4.0,0
flow_20.2,28.5,3.5,0
flow_201.7,28.0,3.0,0
flow_101.6,43.5,3.5,0
flow_301.3,30.5,3.0,0
flow_10.5,35.5,3.0,0
flow_3012.4,28.0,4.0,0
flow_001.1,38.5,3.5,0
flow_201.8,32.5,4.0,0
flow_3012.5,28.0,4.0,0
flow_0012.8,25.5,3.5,0
flow_30.2,27.5,3.5,0
flow_1012.2,26.5,3.5,0
flow_101.7,33.5,3.5,0
flow_101.8,27.0,3.0,0
flow_1012.3,26.0,3.5,0
flow_0012.9,23.0,2.5,0
flow_101.9,35.0,4.0,0
flow_3012.6,41.5,6.0,0
flow_301.4,35.5,3.0,0
flow_101.10,41.5,3.5,0
flow_301.5,35.5,3.5,0
flow_20.3,39.0,4.0,0
flow_20.4,39.0,3.0,0
flow_101.11,38.0,3.5,0
flow_301.6,24.5,2.5,0
flow_20.5,20.5,1.5,0
flow_301.7,43.5,3.5,0
flow_101.12,31.5,3.5,0
flow_301.8,29.5,3.0,0
flow_2012.1,42.5,4.5,0
flow_201.9,39.5,3.0,0
flow_201.10,32.0,3.0,0
flow_101.13,36.0,3.5,0
flow_1012.4,24.5,3.0,0
flow_101.14,25.5,3.0,0
flow_201.11,48.0,3.5,0
flow_0012.10,44.5,6.5,0
flow_2012.2,34.0,4.0,0
flow_1012.5,34.0,4.5,0
flow_1012.6,30.0,4.0,0
flow_1012.7,28.5,4.5,0
flow_1012.8,26.5,4.0,0
flow_201.12,28.0,3.0,0
flow_2012.3,25.0,3.0,0
flow_0012.11,26.5,3.5,0
flow_3012.7,36.0,4.5,0
flow_001.2,29.0,3.5,0
flow_00.2,22.0,2.0,0
flow_101.15,35.0,3.5,0
flow_001.3,43.0,4.0,0
flow_301.9,29.0,3.0,0
flow_2012.4,42.0,4.0,0
flow_20.6,40.5,3.0,0
flow_001.4,47.5,7.0,0
flow_201.13,26.5,2.5,0
flow_001.5,47.0,3.0,0
flow_301.10,28.0,3.0,0
flow_1012.9,39.5,6.0,0
flow_30.3,24.5,3.0,0
flow_1012.10,27.0,4.0,0
flow_0012.12,64.0,4.5,0
flow_001.6,35.5,3.0,0
flow_201.14,47.5,7.0,0
flow_10.6,25.5,2.5,0
flow_301.11,38.0,3.5,0
flow_00.3,37.0,4.0,0
flow_20.7,21.0,1.5,0
flow_001.7,38.5,3.0,0
flow_001.8,37.5,3.0,0
flow_10.7,33.0,4.0,0
flow_0012.13,24.0,3.0,0
flow_101.16,41.5,3.5,0
flow_201.15,44.0,3.5,0
flow_001.9,24.5,2.5,0
flow_2012.5,43.0,4.0,0
flow_201.16,38.5,3.0,0
flow_101.17,34.5,3.5,0
flow_301.12,26.0,3.0,0
flow_30.4,23.0,2.0,0
flow_00.4,38.0,4.0,0
flow_201.17,55.0,3.5,0
flow_0012.14,24.5,3.0,0
flow_2012.6,25.5,3.5,0
flow_10.8,33.0,4.0,0
flow_301.13,36.0,3.5,0
flow_10.9,30.5,3.5,0
flow_0012.15,24.5,3.0,0
flow_00.5,21.5,2.0,0
flow_1012.11,46.0,4.5,0
flow_301.14,26.5,3.0,0
flow_1012.12,28.0,4.5,0
flow_001.10,40.0,3.5,0
flow_001.11,27.5,3.0,0
flow_00.6,22.5,2.5,0
flow_201.18,26.5,3.0,0
flow_101.18,45.0,3.5,0
flow_101.19,44.0,3.0,0
flow_10.10,39.0,3.0,0
flow_20.8,31.5,4.0,0
flow_1012.13,44.0,4.5,0
flow_30.5,23.5,2.5,0
flow_101.20,42.5,3.0,0
flow_101.21,41.5,3.0,0
flow_201.19,41.0,3.5,0
flow_20.9,22.0,2.0,0
flow_3012.8,46.0,4.5,0
flow_101.22,26.5,3.0,0
flow_10.11,24.0,2.5,0
flow_2012.7,27.5,4.0,0
flow_001.12,26.5,2.5,0
flow_101.23,26.0,3.0,0
flow_301.15,35.5,3.5,0
flow_10.12,23.0,2.0,0
flow_30.6,31.5,3.0,0
flow_001.13,37.0,3.5,0
flow_201.20,43.0,4.0,0
flow_101.24,38.0,3.5,0
flow_3012.9,35.0,5.5,0
flow_00.7,41.0,4.0,0
flow_201.21,28.5,3.0,0
flow_0012.16,40.0,3.5,0
flow_00.8,33.0,3.0,0
flow_3012.10,31.5,4.0,0
flow_101.25,44.0,7.0,0
flow_1012.14,29.0,4.0,0
flow_3012.11,25.5,3.5,0
flow_201.22,40.0,4.0,0
flow_00.9,22.0,2.0,0
flow_10.13,42.5,4.0,0
flow_101.26,41.5,3.0,0
flow_10.14,29.0,2.5,0
flow_001.14,38.5,3.5,0
flow_001.15,38.0,3.0,0
flow_1012.15,34.5,4.5,0
flow_10.15,37.5,4.0,0
flow_301.16,37.0,3.5,0
flow_1012.16,40.0,4.5,0
flow_1012.17,37.0,4.0,0
flow_20.10,27.5,3.5,0
flow_20.11,26.0,3.0,0
flow_101.27,49.0,3.5,0
flow_101.28,26.0,2.5,0
flow_10.16,22.0,2.0,0
flow_20.12,31.0,3.5,0
flow_2012.8,31.0,3.5,0
flow_201.23,29.0,2.5,0
flow_10.17,21.5,2.0,0
flow_1012.18,28.5,4.0,0
flow_30.7,26.5,5.5,0
flow_001.16,37.5,3.5,0
flow_201.24,29.0,3.5,0
flow_101.29,27.0,3.0,0
flow_10.18,21.0,1.5,0
flow_20.13,31.0,3.5,0
flow_001.17,43.0,3.5,0
flow_001.18,41.5,3.0,0
flow_0012.17,37.0,3.5,0
flow_301.17,30.0,3.5,0
flow_3012.12,24.0,3.0,0
flow_10.19,22.5,2.0,0
flow_301.18,26.5,3.0,0
flow_2012.9,33.0,4.5,0
flow_001.19,58.5,4.0,0
flow_001.20,28.0,3.5,0
flow_1012.0,25.0,3.0,0
flow_10.0,22.0,2.0,0
flow_001.0,37.5,3.5,0
flow_001.1,29.5,3.0,0
flow_101.0,42.0,3.5,0
flow_301.0,25.0,2.5,0
flow_201.0,36.0,3.5,0
flow_20.0,22.0,2.0,0
flow_10.1,21.0,2.0,0
flow_20.1,34.5,4.0,0
flow_0012.0,35.0,6.5,0
flow_0012.1,33.0,4.5,0
flow_101.1,31.5,3.0,0
flow_001.2,49.5,3.5,0
flow_201.1,38.5,3.5,0
flow_20.2,22.5,2.0,0
flow_101.2,41.5,3.5,0
flow_10.2,36.0,3.0,0
flow_101.3,38.0,3.5,0
flow_301.1,36.0,3.5,0
flow_1012.1,38.0,4.0,0
flow_101.4,27.5,2.5,0
flow_001.3,41.5,3.5,0
flow_001.4,31.5,3.5,0
flow_00.0,27.0,2.5,0
flow_101.5,38.0,3.5,0
flow_3012.0,27.5,4.0,0
flow_101.6,29.5,6.5,0
flow_00.1,26.5,3.5,0
flow_201.2,25.5,2.5,0
flow_301.2,35.5,3.5,0
flow_10.3,26.0,3.0,0
flow_30.0,39.5,4.0,0
flow_301.3,38.5,3.0,0
flow_3012.1,39.0,4.0,0
flow_001.5,27.5,3.0,0
flow_201.3,25.5,2.5,0
flow_0012.2,24.5,3.0,0
flow_30.1,54.0,4.0,0
flow_10.4,32.0,4.0,0
flow_101.7,31.5,3.0,0
flow_3012.2,30.0,5.5,0
flow_20.3,41.5,4.0,0
flow_001.6,36.5,3.5,0
flow_2012.0,29.5,3.5,0
flow_2012.1,37.0,4.5,0
flow_0012.3,26.0,3.5,0
flow_301.4,32.5,3.5,0
flow_3012.3,27.0,4.0,0
flow_00.2,41.0,4.0,0
flow_0012.4,26.5,3.5,0
flow_201.4,26.0,3.0,0
flow_10.5,33.0,4.0,0
flow_301.5,43.5,3.5,0
flow_3012.4,37.0,4.0,0
flow_101.8,40.5,3.5,0
flow_101.9,38.5,3.0,0
flow_101.10,31.5,3.0,0
flow_0012.5,40.5,4.0,0
flow_3012.5,41.5,4.5,0
flow_301.6,29.5,2.5,0
flow_101.11,53.0,7.5,0
flow_201.5,28.5,3.0,0
flow_301.7,29.0,3.0,0
flow_101.12,38.5,3.5,0
flow_301.8,26.0,2.5,0
flow_201.6,43.5,3.5,0
flow_301.9,26.0,3.0,0
flow_101.13,27.0,3.0,0
flow_101.14,24.5,2.5,0
flow_201.7,24.5,2.5,0
flow_30.2,27.5,3.5,0
flow_1012.2,25.0,3.5,0
flow_001.7,42.5,3.5,0
flow_0012.6,40.5,3.5,0
flow_30.3,38.5,4.0,0
flow_101.15,25.5,2.5,0
flow_301.10,29.0,2.5,0
flow_001.8,37.0,3.5,0
flow_001.9,25.5,2.5,0
flow_101.16,41.0,3.5,0
flow_1012.3,40.5,3.5,0
flow_101.17,29.0,2.5,0
flow_301.11,25.0,2.5,0
flow_00.3,32.5,4.0,0
flow_001.10,25.0,2.5,0
flow_1012.4,46.0,4.5,0
flow_101.18,36.5,3.0,0
flow_1012.5,35.0,3.5,0
flow_201.8,32.5,3.5,0
flow_0012.7,40.0,6.0,0
flow_10.6,52.0,4.0,0
flow_1012.6,53.0,4.0,0
flow_3012.6,25.0,3.0,0
flow_1012.7,30.5,3.5,0
flow_00.4,33.5,4.0,0
flow_201.9,40.0,3.5,0
flow_2012.2,41.0,4.0,0
flow_301.12,23.5,2.0,0
flow_30.4,21.0,1.5,0
flow_3012.7,34.5,4.5,0
flow_1012.8,32.0,4.0,0
flow_1012.9,29.0,4.0,0
flow_301.13,35.0,4.0,0
flow_001.11,28.0,3.5,0
flow_001.12,26.0,3.0,0
flow_10.7,24.5,3.0,0
flow_3012.8,41.5,6.5,0
flow_30.5,40.0,3.5,0
flow_30.6,28.0,3.0,0
flow_001.13,44.0,3.5,0
flow_0012.8,25.0,3.0,0
flow_10.8,25.0,3.0,0
flow_30.7,29.0,3.5,0
flow_30.8,23.0,2.0,0
flow_10.9,21.0,1.5,0
flow_20.4,34.5,4.0,0
flow_001.14,25.0,2.5,0
flow_10.10,31.0,4.0,0
flow_301.14,28.5,3.0,0
flow_1012.10,28.5,3.5,0
flow_201.10,34.0,3.5,0
flow_001.15,42.5,3.5,0
flow_00.5,40.5,3.0,0
flow_20.5,22.0,2.0,0
flow_1012.11,24.5,3.0,0
flow_301.15,26.0,3.0,0
flow_00.6,35.5,4.0,0
flow_201.11,36.5,3.5,0
flow_001.16,37.0,3.0,0
flow_101.19,37.0,3.5,0
flow_301.16,24.5,2.0,0
flow_2012.3,39.5,5.0,0
flow_2012.4,34.0,4.0,0
flow_001.17,33.0,4.0,0
flow_101.20,46.0,4.0,0
flow_3012.9,30.5,6.5,0
flow_301.17,24.0,2.5,0
flow_301.18,42.0,3.5,0
flow_301.19,37.5,3.0,0
flow_10.11,22.0,2.0,0
flow_201.12,43.5,3.5,0
flow_1012.12,34.5,4.0,0
flow_201.13,42.0,3.5,0
flow_001.18,41.5,3.5,0
flow_001.19,26.5,3.0,0
flow_30.9,28.5,3.5,0
flow_20.6,37.5,4.0,0
flow_201.14,29.0,2.5,0
flow_10.12,41.5,4.0,0
flow_1012.13,36.0,3.5,0
flow_101.21,28.5,2.5,0
flow_0012.9,43.5,4.5,0
flow_001.20,43.5,3.0,0
flow_201.15,38.5,4.0,0
flow_2012.5,34.5,4.0,0
flow_20.7,44.5,4.0,0
flow_0012.10,40.5,7.5,0
flow_001.21,25.0,2.0,0
flow_201.16,41.5,3.0,0
flow_3012.10,40.0,4.5,0
flow_301.20,38.5,3.5,0
flow_301.21,37.5,3.5,0
flow_0012.11,35.5,4.5,0
flow_00.7,33.0,3.0,0
flow_00.8,27.0,3.0,0
flow_1012.14,40.0,4.0,0
flow_1012.15,25.5,3.5,0
flow_3012.11,25.5,3.5,0
flow_30.10,22.0,2.0,0
flow_20.8,26.5,3.5,0
flow_0012.12,33.0,7.0,0
flow_00.9,21.0,2.0,0
flow_20.9,21.0,1.5,0
flow_30.11,21.0,1.5,0
flow_101.22,27.5,3.0,0
flow_0012.13,41.5,4.5,0
flow_2012.6,26.0,3.5,0
flow_201.17,25.0,2.5,0
flow_101.23,42.5,3.5,0
flow_301.22,36.5,3.5,0
flow_3012.12,36.0,4.0,0
flow_301.23,34.5,3.0,0
flow_101.24,46.0,7.0,0
flow_3012.13,53.5,5.0,0
flow_301.24,40.5,3.0,0
flow_201.18,32.5,3.5,0
flow_3012.14,26.0,3.0,0
flow_1012.16,37.5,4.5,0
flow_1012.17,37.0,4.0,0
flow_101.25,34.0,3.0,0
flow_20.10,29.0,3.5,0
flow_10.13,43.5,4.0,0
flow_301.25,43.5,3.5,0
flow_001.22,26.5,3.0,0
flow_2012.0,25.5,3.0,0
flow_3012.0,24.0,3.0,0
flow_001.0,24.0,2.5,0
flow_10.0,21.0,1.5,0
flow_301.0,25.0,2.5,0
flow_2012.1,39.0,4.5,0
flow_201.0,35.0,2.5,0
flow_001.1,27.0,3.0,0
flow_10.1,36.0,4.0,0
flow_30.0,21.0,1.5,0
flow_10.2,27.5,3.0,0
flow_10.3,26.0,2.5,0
flow_201.1,31.0,3.0,0
flow_201.2,27.5,3.0,0
flow_20.0,25.5,2.5,0
flow_101.0,25.0,2.5,0
flow_301.1,29.5,3.5,0
flow_301.2,28.5,3.0,0
flow_101.1,37.5,3.5,0
flow_1012.0,33.0,3.5,0
flow_3012.1,25.0,3.0,0
flow_2012.2,39.5,4.5,0
flow_001.2,47.0,7.5,0
flow_10.4,28.5,3.5,0
flow_301.3,43.0,3.5,0
flow_30.1,36.5,3.0,0
flow_30.2,33.0,3.0,0
flow_0012.0,29.0,4.0,0
flow_3012.2,38.5,4.5,0
flow_30.3,34.0,3.0,0
flow_10.5,21.0,2.0,0
flow_001.3,39.0,3.5,0
flow_201.3,42.5,4.0,0
flow_0012.1,39.5,4.0,0
flow_001.4,32.5,3.0,0
flow_201.4,42.5,7.0,0
flow_301.4,27.0,3.0,0
flow_101.2,40.0,3.5,0
flow_10.6,37.5,3.0,0
flow_201.5,51.5,3.5,0
flow_0012.2,52.5,6.5,0
flow_301.5,25.5,2.5,0
flow_0012.3,45.5,4.5,0
flow_20.1,33.0,4.0,0
flow_001.5,27.5,3.0,0
flow_201.6,29.5,3.0,0
flow_2012.3,31.5,4.5,0
flow_3012.3,38.0,4.5,0
flow_0012.4,37.5,4.5,0
flow_30.4,35.5,4.0,0
flow_301.6,36.5,3.0,0
flow_101.3,24.5,2.5,0
flow_301.7,35.5,3.0,0
flow_201.7,41.0,3.5,0
flow_001.6,41.0,3.5,0
flow_1012.1,30.5,4.5,0
flow_10.7,27.0,2.5,0
flow_301.8,40.5,7.5,0
flow_3012.4,30.5,4.0,0
flow_001.7,26.0,2.5,0
flow_10.8,32.5,4.0,0
flow_201.8,42.5,3.5,0
flow_301.9,41.0,4.0,0
flow_301.10,39.5,3.5,0
flow_301.11,38.0,3.5,0
flow_201.9,27.0,3.0,0
flow_301.12,54.5,3.5,0
flow_101.4,38.0,3.5,0
flow_301.13,32.5,3.0,0
flow_1012.2,38.5,5.0,0
flow_3012.5,31.5,3.5,0
flow_10.9,28.0,3.5,0
flow_3012.6,39.0,7.5,0
flow_3012.7,33.0,4.5,0
flow_0012.5,38.0,4.5,0
flow_201.10,49.0,7.5,0
flow_1012.3,27.0,4.0,0
flow_001.8,37.0,3.5,0
flow_00.0,34.5,3.0,0
flow_3012.8,33.0,4.5,0
flow_1012.4,42.0,4.5,0
flow_3012.9,26.5,4.0,0
flow_101.5,36.5,4.5,0
flow_00.1,39.0,4.0,0
flow_00.2,23.0,2.0,0
flow_101.6,37.5,3.5,0
flow_00.3,33.5,4.0,0
flow_2012.4,23.0,2.5,0
flow_301.14,43.5,3.5,0
flow_1012.5,37.0,6.5,0
flow_301.15,40.0,3.0,0
flow_3012.10,44.5,4.5,0
flow_201.11,27.5,3.0,0
flow_2012.5,25.5,3.5,0
flow_1012.6,32.5,4.0,0
flow_30.5,49.5,6.0,0
flow_301.16,35.5,3.0,0
flow_1012.7,27.0,4.0,0
flow_20.2,36.5,4.0,0
flow_0012.6,28.0,3.5,0
flow_101.7,24.5,2.5,0
flow_201.12,33.0,3.5,0
flow_00.4,22.0,2.0,0
flow_00.5,22.0,2.0,0
flow_001.9,33.0,3.5,0
flow_301.17,44.5,3.5,0
flow_301.18,41.0,3.0,0
flow_301.19,41.5,3.5,0
flow_1012.8,37.0,4.0,0
flow_301.20,26.5,3.0,0
flow_301.21,25.5,2.5,0
flow_00.6,20.5,1.5,0
flow_20.3,20.5,1.5,0
flow_301.22,33.5,3.5,0
flow_301.23,33.5,3.5,0
flow_3012.11,32.0,3.5,0
flow_00.7,37.5,4.0,0
flow_20.4,36.0,4.0,0
flow_301.24,43.5,3.5,0
flow_101.8,35.0,3.5,0
flow_201.13,24.5,2.5,0
flow_101.9,38.5,3.5,0
flow_301.25,37.0,3.5,0
flow_3012.12,29.5,4.5,0
flow_301.26,26.0,2.5,0
flow_101.10,29.5,3.5,0
flow_001.10,44.0,3.5,0
flow_001.11,39.5,3.0,0
flow_301.27,33.0,3.5,0
flow_1012.9,42.5,5.5,0
flow_1012.10,41.0,4.0,0
flow_10.10,33.5,3.0,0
flow_001.12,25.5,2.5,0
flow_201.14,26.0,3.0,0
flow_301.28,35.5,3.5,0
flow_10.11,45.5,3.5,0
flow_1012.11,51.0,6.5,0
flow_101.11,25.0,2.5,0
flow_201.15,38.5,3.5,0
flow_301.29,32.5,3.5,0
flow_00.8,38.5,4.0,0
flow_00.9,35.0,3.0,0
flow_20.5,21.0,1.5,0
flow_10.12,36.5,4.0,0
flow_20.6,20.5,1.5,0
flow_001.13,27.0,3.5,0
flow_1012.12,41.5,4.5,0
flow_3012.13,30.5,4.5,0
flow_30.6,27.5,3.0,0
flow_101.12,28.0,3.0,0
flow_001.14,43.5,3.5,0
flow_2012.6,34.5,5.5,0
flow_201.16,26.0,2.5,0
flow_001.15,37.0,4.0,0
flow_301.30,45.5,3.5,0
flow_101.13,44.5,3.5,0
flow_1012.13,44.0,4.0,0
flow_101.14,30.0,3.0,0
flow_301.31,26.5,3.0,0
flow_001.16,54.5,3.5,0
flow_201.17,37.0,3.5,0
flow_0012.7,55.0,4.0,0
flow_00.10,52.0,3.0,0
flow_301.32,24.5,2.5,0
flow_201.18,27.5,3.0,0
flow_001.17,24.5,2.5,0
flow_20.7,21.5,2.0,0
flow_30.7,34.5,4.0,0
flow_30.8,33.0,3.0,0
flow_101.15,25.5,2.5,0
flow_201.19,41.0,3.5,0
flow_3012.14,44.0,4.5,0
flow_3012.15,37.0,3.5,0
flow_101.16,29.0,6.0,0
flow_301.33,24.0,2.0,0
flow_001.18,44.0,3.5,0
flow_001.19,43.5,3.0,0
flow_001.20,41.5,3.0,0
flow_30.9,30.5,4.0,0
flow_301.34,32.0,3.0,0
flow_3012.16,30.5,3.5,0
flow_30.10,26.5,3.0,0
flow_1012.14,27.5,4.5,0
flow_00.11,58.5,4.0,0
flow_00.12,42.5,3.0,0
flow_0012.8,30.5,3.5,0
flow_3012.17,43.5,4.0,0
flow_1012.15,38.0,4.0,0
flow_10.13,26.5,2.5,0
flow_30.11,23.0,2.0,0
flow_201.20,33.0,3.5,0
flow_001.21,48.5,3.5,0
flow_001.22,47.5,3.0,0
flow_0012.9,42.0,4.0,0
flow_3012.18,41.5,4.0,0
flow_1012.16,40.5,4.5,0
flow_301.35,35.0,3.5,0
flow_301.36,28.0,3.0,0
flow_2012.7,32.5,4.0,0
flow_201.21,24.5,2.0,0
flow_001.23,62.5,7.0,0
flow_001.24,53.0,3.0,0
flow_101.0,25.0,2.5,0
flow_20.0,20.0,1.5,0
flow_001.0,39.0,3.5,0
flow_201.0,44.5,3.5,0
flow_001.1,25.0,2.5,0
flow_301.0,36.5,4.0,0
flow_301.1,33.5,3.5,0
flow_30.0,22.5,2.0,0
flow_10.0,22.5,2.0,0
flow_001.2,33.5,4.0,0
flow_30.1,35.0,4.0,0
flow_10.1,21.0,1.5,0
flow_001.3,31.5,3.0,0
flow_301.2,27.0,3.0,0
flow_3012.0,39.0,4.0,0
flow_1012.0,35.0,4.5,0
flow_20.1,41.0,4.0,0
flow_20.2,40.0,3.0,0
flow_20.3,36.0,3.0,0
flow_10.2,29.5,3.5,0
flow_101.1,28.5,3.0,0
flow_1012.1,25.0,3.0,0
flow_301.3,26.0,2.5,0
flow_201.1,51.0,3.5,0
flow_001.4,37.0,3.5,0
flow_1012.2,26.0,3.5,0
flow_301.4,30.0,4.0,0
flow_3012.1,27.0,3.5,0
flow_00.0,37.0,4.0,0
flow_1012.3,23.0,2.5,0
flow_3012.2,26.5,3.5,0
flow_30.2,39.5,4.0,0
flow_3012.3,34.5,3.5,0
flow_201.2,44.0,3.5,0
flow_2012.0,26.0,3.0,0
flow_301.5,32.0,3.5,0
flow_301.6,31.5,3.0,0
flow_001.5,36.5,3.5,0
flow_001.6,36.5,3.0,0
flow_001.7,31.0,3.0,0
flow_301.7,44.5,3.5,0
flow_00.1,20.0,1.5,0
flow_201.3,37.0,4.0,0
flow_201.4,28.0,3.5,0
flow_1012.4,45.0,5.0,0
flow_101.2,30.5,3.0,0
flow_0012.0,29.0,4.0,0
flow_10.3,21.0,2.0,0
flow_301.8,39.5,3.5,0
flow_3012.4,24.5,2.5,0
flow_201.5,28.5,3.5,0
flow_2012.1,25.5,3.0,0
flow_301.9,28.5,3.0,0
flow_20.4,34.0,4.0,0
flow_2012.2,24.5,3.0,0
flow_10.4,36.0,4.0,0
flow_301.10,39.0,3.5,0
flow_301.11,38.5,3.0,0
flow_101.3,34.0,3.0,0
flow_0012.1,24.5,3.0,0
flow_00.2,22.0,2.0,0
flow_101.4,39.0,3.5,0
flow_301.12,34.0,3.5,0
flow_10.5,31.0,3.0,0
flow_00.3,41.5,4.0,0
flow_2012.3,29.0,6.5,0
flow_201.6,26.5,2.5,0
flow_00.4,45.0,5.0,0
flow_301.13,25.0,2.5,0
flow_1012.5,25.5,3.5,0
flow_2012.4,37.0,4.5,0
flow_201.7,33.5,2.5,0
flow_201.8,32.0,2.5,0
flow_001.8,26.0,3.0,0
flow_1012.6,32.5,4.5,0
flow_3012.5,39.0,4.5,0
flow_301.14,27.5,3.0,0
flow_3012.6,25.5,3.0,0
flow_201.9,47.5,3.5,0
flow_2012.5,30.0,3.5,0
flow_20.5,22.5,2.0,0
flow_10.6,20.5,1.5,0
flow_301.15,31.5,3.0,0
flow_10.7,23.0,2.0,0
flow_00.5,31.5,4.0,0
flow_201.10,32.0,3.5,0
flow_201.11,31.0,3.0,0
flow_20.6,28.5,2.5,0
flow_10.8,40.5,4.0,0
flow_301.16,42.0,3.5,0
flow_101.5,27.0,2.5,0
flow_2012.6,29.5,4.0,0
flow_0012.2,23.5,3.0,0
flow_201.12,27.0,3.0,0
flow_00.6,23.5,2.0,0
flow_1012.7,29.5,4.0,0
flow_101.6,26.0,3.0,0
flow_201.13,32.5,3.5,0
flow_00.7,21.5,1.5,0
flow_101.7,37.0,3.5,0
flow_301.17,41.5,3.5,0
flow_10.9,32.0,3.0,0
flow_301.18,41.0,3.0,0
flow_201.14,36.5,3.5,0
flow_001.9,26.0,3.0,0
flow_30.3,31.0,3.5,0
flow_101.8,31.0,3.5,0
flow_2012.7,27.0,4.0,0
flow_2012.8,25.5,3.5,0
flow_101.9,31.5,3.0,0
flow_301.19,39.5,3.5,0
flow_30.4,32.0,3.0,0
flow_101.10,30.0,3.0,0
flow_3012.7,33.0,4.0,0
flow_201.15,33.5,3.5,0
flow_201.16,33.5,3.5,0
flow_301.20,33.0,3.5,0
flow_101.11,45.5,3.5,0
flow_101.12,38.0,3.0,0
flow_101.13,37.0,3.0,0
flow_301.21,39.5,3.5,0
flow_10.10,22.0,2.0,0
flow_301.22,39.5,3.5,0
flow_201.17,35.0,3.5,0
flow_001.10,29.5,3.5,0
flow_201.18,34.0,3.0,0
flow_101.14,43.0,3.5,0
flow_301.23,34.5,3.5,0
flow_101.15,42.5,3.0,0
flow_301.24,31.0,3.0,0
flow_1012.8,42.0,4.0,0
flow_201.19,34.5,3.5,0
flow_3012.8,45.0,4.5,0
flow_10.11,44.0,6.5,0
flow_301.25,43.0,3.0,0
flow_101.16,33.0,3.5,0
flow_301.26,26.0,3.0,0
flow_20.7,29.5,3.5,0
flow_301.27,43.5,3.5,0
flow_101.17,30.0,3.5,0
flow_3012.9,43.0,4.0,0
flow_301.28,36.0,2.5,0
flow_2012.9,37.5,4.5,0
flow_001.11,47.0,7.0,0
flow_0012.3,37.0,4.0,0
flow_2012.10,25.0,3.0,0
flow_101.18,26.5,3.0,0
flow_3012.10,47.0,6.0,0
flow_301.29,27.0,3.0,0
flow_20.8,30.0,3.5,0
flow_001.12,28.0,3.0,0
flow_1012.9,38.0,4.5,0
flow_101.19,32.5,2.5,0
flow_001.13,34.0,3.5,0
flow_2012.11,26.0,3.5,0
flow_301.30,44.0,3.5,0
flow_3012.11,27.0,3.5,0
flow_10.12,23.0,3.0,0
flow_001.14,32.5,3.5,0
flow_30.5,32.5,4.0,0
flow_30.6,22.5,2.5,0
flow_2012.12,27.5,4.0,0
flow_201.20,29.0,3.5,0
flow_301.31,38.5,3.5,0
flow_10.13,21.0,1.5,0
flow_0012.4,31.5,4.0,0
flow_001.15,27.0,2.5,0
flow_3012.12,32.0,4.0,0
flow_10.14,41.0,6.5,0
flow_20.9,30.5,3.5,0
flow_20.10,24.5,2.5,0
flow_101.20,39.0,3.5,0
flow_1012.10,28.0,3.0,0
flow_101.21,26.0,3.0,0
flow_001.16,44.0,4.0,0
flow_201.21,27.0,3.0,0
flow_001.17,25.5,3.0,0
flow_101.22,36.0,3.5,0
flow_101.23,27.5,3.0,0
flow_00.8,28.0,3.5,0
flow_301.32,26.0,3.0,0
flow_2012.13,26.5,3.5,0
flow_2012.14,24.0,3.0,0
flow_301.33,32.5,3.5,0
flow_301.34,26.5,3.0,0
flow_301.35,26.0,2.5,0
flow_101.24,44.5,3.5,0
flow_301.36,26.0,3.0,0
flow_101.25,44.0,3.0,0
flow_101.26,43.0,3.0,0
flow_00.9,32.5,4.0,0
flow_201.22,41.5,3.5,0
flow_20.11,25.5,2.5,0
flow_00.0,32.5,4.0,0
flow_301.0,33.0,3.5,0
flow_20.0,35.0,4.0,0
flow_001.0,39.0,3.5,0
flow_201.0,38.0,3.5,0
flow_20.1,35.0,3.0,0
flow_301.1,44.0,3.5,0
flow_301.2,43.5,3.0,0
flow_001.1,44.0,3.5,0
flow_201.1,41.5,3.5,0
flow_001.2,44.5,3.0,0
flow_201.2,39.5,3.0,0
flow_001.3,29.0,3.5,0
flow_201.3,31.5,3.0,0
flow_101.0,44.0,3.5,0
flow_101.1,41.0,3.5,0
flow_10.0,37.5,3.0,0
flow_201.4,49.0,3.5,0
flow_001.4,24.0,2.5,0
flow_201.5,26.0,3.0,0
flow_3012.0,30.0,4.0,0
flow_101.2,42.5,7.5,0
flow_201.6,24.5,2.5,0
flow_10.1,24.0,2.5,0
flow_10.2,21.0,2.0,0
flow_301.3,25.5,2.5,0
flow_201.7,37.0,3.5,0
flow_2012.0,29.5,3.5,0
flow_101.3,25.0,2.5,0
flow_301.4,31.5,3.5,0
flow_101.4,24.0,2.5,0
flow_201.8,41.5,3.5,0
flow_30.0,37.0,4.0,0
flow_3012.1,37.0,3.5,0
flow_1012.0,38.5,7.5,0
flow_10.3,33.0,3.5,0
flow_00.1,40.0,4.0,0
flow_30.1,40.5,4.0,0
flow_101.5,43.5,3.5,0
flow_30.2,25.0,2.5,0
flow_10.4,20.5,1.5,0
flow_20.2,29.0,3.5,0
flow_30.3,33.5,4.0,0
flow_101.6,35.5,3.5,0
flow_10.5,26.5,2.5,0
flow_30.4,31.0,3.5,0
flow_201.9,27.0,3.0,0
flow_001.5,38.5,3.5,0
flow_00.2,37.0,3.0,0
flow_001.6,37.0,3.0,0
flow_3012.2,40.0,4.5,0
flow_00.3,53.5,4.0,0
flow_201.10,35.0,3.5,0
flow_00.4,53.0,3.0,0
flow_201.11,34.0,3.0,0
flow_00.5,44.5,3.0,0
flow_2012.1,36.5,7.0,0
flow_001.7,39.0,3.5,0
flow_10.6,29.5,3.5,0
flow_301.5,38.0,3.5,0
flow_30.5,29.0,3.0,0
flow_10.7,21.5,2.0,0
flow_301.6,30.0,3.5,0
flow_2012.2,30.0,4.5,0
flow_201.12,26.5,2.5,0
flow_001.8,27.5,3.0,0
flow_201.13,26.0,2.5,0
flow_3012.3,35.0,4.0,0
flow_20.3,37.5,4.0,0
flow_0012.0,41.5,7.5,0
flow_20.4,22.5,2.5,0
flow_001.9,36.0,3.0,0
flow_10.8,34.0,4.0,0
flow_101.7,36.5,3.0,0
flow_301.7,28.0,3.5,0
flow_1012.1,26.5,4.0,0
flow_0012.1,34.0,4.0,0
flow_00.6,35.5,5.5,0
flow_2012.3,27.5,4.0,0
flow_00.7,33.0,4.0,0
flow_2012.4,28.5,6.0,0
flow_101.8,39.0,3.5,0
flow_00.8,45.5,4.0,0
flow_20.5,40.0,4.0,0
flow_00.9,44.5,3.0,0
flow_20.6,29.0,3.0,0
flow_30.6,37.0,4.0,0
flow_101.9,31.5,3.5,0
flow_3012.4,36.5,3.5,0
flow_301.8,36.5,3.0,0
flow_001.10,34.0,3.5,0
flow_2012.5,27.5,4.0,0
flow_001.11,29.5,3.5,0
flow_30.7,37.0,4.0,0
flow_2012.6,40.0,4.5,0
flow_2012.7,25.0,3.5,0
flow_3012.5,24.5,3.0,0
flow_001.12,26.0,3.0,0
flow_301.9,27.5,3.0,0
flow_101.10,45.0,3.5,0
flow_101.11,45.0,3.5,0
flow_2012.8,36.5,4.5,0
flow_10.9,23.0,2.0,0
flow_001.13,47.0,4.0,0
flow_30.8,36.5,4.0,0
flow_101.12,32.5,3.5,0
flow_1012.2,30.0,3.5,0
flow_201.14,34.5,3.5,0
flow_20.7,22.0,2.0,0
flow_301.10,31.5,3.0,0
flow_10.10,20.5,1.5,0
flow_001.14,36.0,3.5,0
flow_201.15,23.5,2.0,0
flow_301.11,43.5,3.5,0
flow_101.13,26.0,3.0,0
flow_201.16,28.5,3.0,0
flow_00.10,21.5,2.0,0
flow_30.9,30.5,3.5,0
flow_101.14,44.5,3.5,0
flow_101.15,44.0,3.0,0
flow_101.16,43.5,3.5,0
flow_201.17,31.5,3.0,0
flow_001.15,31.5,3.0,0
flow_2012.9,31.0,3.5,0
flow_20.8,28.5,2.5,0
flow_1012.3,50.5,4.5,0
flow_3012.6,40.5,4.5,0
flow_30.10,39.0,3.0,0
flow_101.17,50.5,3.0,0
flow_101.18,51.0,3.5,0
flow_20.9,42.0,4.0,0
flow_2012.10,24.0,3.0,0
flow_301.12,32.0,3.5,0
flow_101.19,66.5,3.5,0
flow_10.11,24.0,2.5,0
flow_00.11,22.0,2.0,0
flow_101.20,37.0,4.0,0
flow_30.11,21.0,1.5,0
flow_101.21,24.5,2.5,0
flow_2012.11,29.5,4.5,0
flow_001.16,26.0,3.0,0
flow_1012.4,41.0,4.5,0
flow_101.22,39.0,3.0,0
flow_10.12,30.5,3.0,0
flow_0012.2,35.0,4.5,0
flow_101.23,33.0,3.5,0
flow_101.24,32.0,3.0,0
flow_20.10,25.5,3.0,0
flow_0012.3,32.0,7.0,0
flow_301.13,38.5,3.5,0
flow_201.18,37.5,3.5,0
flow_001.17,38.0,3.5,0
flow_00.12,21.0,2.0,0
flow_3012.7,31.0,4.0,0
flow_3012.8,26.5,3.5,0
flow_3012.9,26.5,3.5,0
flow_00.13,41.5,4.0,0
flow_201.19,40.0,3.5,0
flow_20.11,28.5,3.0,0
flow_1012.5,42.5,4.0,0
flow_30.12,24.5,3.0,0
flow_20.12,42.5,4.0,0
flow_301.14,33.0,3.5,0
flow_101.25,40.0,4.0,0
flow_101.26,27.5,3.0,0
flow_20.13,29.0,3.5,0
flow_20.14,27.5,3.0,0
flow_001.18,25.5,2.5,0
flow_1012.6,37.5,4.5,0
flow_2012.12,40.0,5.0,0
flow_101.27,40.0,3.5,0
flow_20.15,36.5,4.0,0
flow_3012.10,35.5,4.5,0
flow_10.13,22.5,2.0,0
flow_201.20,40.0,3.5,0
flow_3012.11,42.5,4.5,0
flow_301.15,38.0,3.0,0
flow_3012.12,38.0,4.0,0
flow_20.16,24.0,2.5,0
flow_301.16,54.5,3.5,0
flow_30.13,48.0,3.0,0
flow_2012.13,41.5,4.5,0
flow_20.17,35.5,3.0,0
flow_0012.4,43.5,4.5,0
flow_00.14,21.5,2.0,0
flow_1012.7,43.0,4.5,0
flow_101.28,26.5,2.5,0
flow_00.15,31.0,4.0,0
flow_001.19,32.0,3.0,0
flow_2012.14,25.5,3.5,0
flow_101.0,24.0,2.5,0
flow_301.0,24.5,2.5,0
flow_1012.0,25.0,3.5,0
flow_201.0,37.5,3.5,0
flow_101.1,30.5,3.5,0
flow_3012.0,40.0,6.5,0
flow_001.0,33.0,3.5,0
flow_201.1,36.0,3.5,0
flow_001.1,33.0,3.0,0
flow_301.1,45.0,3.5,0
flow_101.2,31.5,3.5,0
flow_30.0,42.5,3.0,0
flow_3012.1,31.0,3.5,0
flow_001.2,36.0,3.5,0
flow_1012.1,42.0,4.5,0
flow_30.1,34.0,5.5,0
flow_1012.2,35.5,5.5,0
flow_2012.0,40.5,4.0,0
flow_2012.1,36.5,3.5,0
flow_2012.2,34.0,3.5,0
flow_301.2,29.5,3.0,0
flow_101.3,38.0,3.5,0
flow_2012.3,51.0,4.0,0
flow_20.0,34.0,3.0,0
flow_2012.4,30.0,3.5,0
flow_10.0,34.0,4.0,0
flow_1012.3,34.0,3.5,0
flow_00.0,32.0,4.0,0
flow_2012.5,50.0,6.5,0
flow_201.2,48.5,3.0,0
flow_20.1,46.5,2.5,0
flow_001.3,37.5,3.0,0
flow_30.2,28.5,3.5,0
flow_101.4,32.5,3.5,0
flow_1012.4,32.0,3.5,0
flow_10.1,27.5,3.0,0
flow_00.1,52.5,4.0,0
flow_201.3,65.5,4.0,0
flow_001.4,52.0,3.0,0
flow_201.4,63.5,3.0,0
flow_201.5,62.0,3.0,0
flow_001.5,50.0,3.0,0
flow_1012.5,27.0,3.5,0
flow_301.3,39.0,7.0,0
flow_00.2,48.0,4.0,0
flow_201.6,72.5,3.5,0
flow_201.7,72.0,3.0,0
flow_001.6,49.0,3.0,0
flow_20.2,64.5,3.0,0
flow_001.7,47.5,3.0,0
flow_30.3,33.0,3.5,0
flow_201.8,83.0,3.5,0
flow_0012.0,36.5,6.5,0
flow_2012.6,38.5,3.5,0
flow_001.8,34.0,3.5,0
flow_30.4,31.0,3.5,0
flow_1012.6,28.0,6.5,0
flow_001.9,38.0,3.5,0
flow_1012.7,27.0,3.5,0
flow_201.9,39.0,3.5,0
flow_2012.7,38.0,3.5,0
flow_001.10,25.5,2.5,0
flow_201.10,27.5,2.5,0
flow_1012.8,24.0,3.0,0
flow_3012.2,26.0,3.5,0
flow_30.5,21.5,2.0,0
flow_0012.1,29.0,4.0,0
flow_2012.8,33.5,4.5,0
flow_101.5,30.0,3.5,0
flow_3012.3,27.5,4.5,0
flow_301.4,25.0,2.5,0
flow_101.6,26.5,2.5,0
flow_201.11,28.0,3.0,0
flow_10.2,40.5,4.0,0
flow_30.6,38.0,4.0,0
flow_001.11,43.0,3.5,0
flow_0012.2,28.0,3.0,0
flow_0012.3,29.0,4.0,0
flow_30.7,36.0,4.0,0
flow_10.3,38.0,4.0,0
flow_101.7,38.5,3.0,0
flow_3012.4,39.5,5.0,0
flow_00.3,40.5,4.0,0
flow_20.3,32.0,3.5,0
flow_00.4,40.0,3.0,0
flow_201.12,29.0,3.0,0
flow_2012.9,24.0,3.0,0
flow_101.8,31.0,3.0,0
flow_001.12,28.0,3.0,0
flow_2012.10,41.0,6.0,0
flow_30.8,38.0,4.0,0
flow_0012.4,33.0,4.5,0
flow_20.4,30.5,4.0,0
flow_101.9,26.0,3.0,0
flow_3012.5,30.5,6.0,0
flow_0012.5,34.0,4.5,0
flow_201.13,26.5,3.0,0
flow_201.14,26.0,2.5,0
flow_1012.9,42.0,4.5,0
flow_30.9,43.5,6.5,0
flow_101.10,27.0,2.5,0
flow_301.5,29.0,3.0,0
flow_201.15,40.0,3.5,0
flow_2012.11,38.0,4.0,0
flow_20.5,33.0,3.0,0
flow_101.11,33.5,3.5,0
flow_201.16,25.5,2.5,0
flow_30.10,42.0,4.0,0
flow_101.12,37.0,3.5,0
flow_3012.6,36.0,4.0,0
flow_001.13,38.5,3.5,0
flow_201.17,28.5,3.0,0
flow_0012.6,33.5,3.5,0
flow_2012.12,28.0,4.0,0
flow_30.11,31.5,4.0,0
flow_101.13,40.5,3.5,0
flow_2012.13,29.0,4.0,0
flow_1012.10,27.5,4.0,0
flow_301.6,34.5,4.0,0
flow_0012.7,43.5,4.5,0
flow_00.5,37.0,3.0,0
flow_0012.8,31.0,3.5,0
flow_1012.11,34.0,4.5,0
flow_3012.7,29.0,4.0,0
flow_1012.12,25.0,3.0,0
flow_301.7,28.0,5.0,0
flow_00.6,45.5,4.0,0
flow_101.14,36.5,3.5,0
flow_301.8,25.0,2.5,0
flow_101.15,25.0,2.5,0
flow_001.14,25.0,2.5,0
flow_201.18,23.5,2.0,0
flow_3012.8,32.0,4.0,0
flow_1012.13,43.0,4.5,0
flow_101.16,41.0,3.0,0
flow_301.9,31.0,3.5,0
flow_10.4,37.5,2.5,0
flow_20.6,35.5,4.0,0
flow_201.19,25.5,2.5,0
flow_3012.9,26.5,3.5,0
flow_101.17,54.0,7.0,0
flow_1012.14,27.5,3.5,0
flow_001.15,25.0,2.5,0
flow_201.20,42.0,3.5,0
flow_2012.14,37.5,3.5,0
flow_201.21,27.0,3.0,0
flow_101.18,45.5,3.5,0
flow_301.10,39.5,3.5,0
flow_3012.10,29.5,3.5,0
flow_10.5,46.5,5.5,0
flow_301.11,28.5,3.0,0
flow_1012.15,41.5,4.0,0
flow_00.7,26.5,3.0,0
flow_101.19,56.0,3.5,0
flow_10.6,48.0,3.0,0
flow_10.7,33.0,3.0,0
flow_2012.15,42.0,4.5,0
flow_20.7,32.5,3.0,0
flow_201.22,25.5,2.5,0
flow_3012.11,26.5,3.5,0
flow_20.8,30.5,3.5,0
flow_00.8,37.0,4.0,0
flow_00.9,36.0,3.0,0
flow_00.10,33.5,3.0,0
flow_30.12,39.5,4.0,0
flow_30.13,32.5,3.5,0
flow_30.14,27.0,3.0,0
flow_001.16,53.0,3.5,0
flow_001.17,39.5,3.0,0
flow_00.11,34.5,3.0,0
flow_1012.16,42.5,4.0,0
flow_3012.12,45.0,4.5,0
flow_301.12,32.0,3.5,0
flow_101.20,27.0,3.0,0
flow_301.13,31.0,3.0,0
flow_1012.17,27.5,4.5,0
flow_00.12,42.5,4.0,0
flow_201.23,41.0,3.5,0
flow_20.9,37.5,3.0,0
flow_3012.13,48.0,4.5,0
flow_101.21,46.0,7.5,0
flow_101.22,44.5,3.5,0
flow_301.14,45.0,3.5,0
flow_1012.18,55.0,6.5,0
flow_301.15,46.0,3.5,0
flow_101.23,27.0,3.0,0
flow_2012.16,39.0,4.5,0
flow_2012.17,38.0,3.5,0
flow_2012.18,38.0,4.0,0
flow_301.16,61.0,3.5,0
flow_101.24,25.5,2.5,0
flow_301.17,39.5,3.0,0
flow_3012.14,27.5,3.5,0
flow_0012.9,37.0,4.0,0
flow_2012.19,55.5,4.5,0
flow_20.10,25.0,2.5,0
flow_3012.15,41.0,4.5,0
flow_101.25,38.0,7.5,0
flow_1012.19,36.5,3.5,0
flow_20.11,28.0,3.5,0
flow_00.13,22.0,2.0,0
flow_10.8,52.0,4.0,0
flow_1012.20,49.5,4.0,0
flow_101.26,48.0,3.0,0
flow_201.24,42.5,3.5,0
flow_0012.10,26.5,4.0,0
flow_00.14,23.0,2.0,0
flow_101.27,62.5,3.5,0
flow_101.28,28.5,3.0,0
flow_10.9,24.5,3.0,0
flow_301.18,24.5,2.5,0
flow_1012.21,30.5,4.5,0
flow_10.10,21.5,2.0,0
flow_00.15,23.5,2.5,0
flow_201.25,33.0,3.5,0
flow_3012.16,26.0,3.5,0
flow_1012.22,40.5,4.5,0
flow_3012.17,25.0,3.5,0
flow_1012.23,40.5,4.0,0
flow_30.15,42.5,4.0,0
flow_0012.11,41.0,4.5,0
flow_001.18,31.0,3.0,0
flow_2012.0,24.0,3.0,0
flow_001.0,29.0,3.5,0
flow_00.0,26.0,3.0,0
flow_101.0,43.5,3.5,0
flow_301.0,24.5,2.5,0
flow_20.0,40.0,4.0,0
flow_001.1,33.0,3.5,0
flow_20.1,37.0,3.0,0
flow_201.0,30.0,2.5,0
flow_301.1,36.0,4.0,0
flow_1012.0,48.5,7.0,0
flow_30.0,34.0,3.0,0
flow_10.0,29.0,3.5,0
flow_001.2,29.5,3.5,0
flow_2012.1,25.0,3.5,0
flow_20.2,33.0,4.0,0
flow_001.3,45.0,3.5,0
flow_00.1,28.5,3.0,0
flow_001.4,25.0,2.5,0
flow_101.1,37.5,3.5,0
flow_101.2,32.5,3.5,0
flow_20.3,33.5,4.0,0
flow_2012.2,25.0,3.0,0
flow_001.5,27.0,3.0,0
flow_301.2,28.0,3.0,0
flow_1012.1,38.0,6.0,0
flow_101.3,36.5,3.0,0
flow_20.4,21.0,1.5,0
flow_10.1,20.5,1.5,0
flow_301.3,43.0,3.5,0
flow_201.1,40.0,3.5,0
flow_101.4,31.0,3.5,0
flow_3012.0,44.0,6.5,0
flow_00.2,22.5,2.0,0
flow_201.2,30.5,3.5,0
flow_2012.3,27.5,3.0,0
flow_20.5,25.0,2.5,0
flow_001.6,30.0,6.0,0
flow_3012.1,26.5,3.5,0
flow_1012.2,44.5,4.5,0
flow_101.5,32.0,3.0,0
flow_30.1,33.0,4.0,0
flow_30.2,25.5,2.5,0
flow_10.2,21.5,2.0,0
flow_301.4,39.5,3.5,0
flow_1012.3,40.0,6.0,0
flow_10.3,32.0,3.5,0
flow_10.4,25.5,2.5,0
flow_201.3,38.0,3.5,0
flow_301.5,40.5,3.5,0
flow_3012.2,29.5,4.0,0
flow_101.6,35.0,4.0,0
flow_3012.3,28.0,5.0,0
flow_201.4,38.5,3.5,0
flow_2012.4,37.5,4.0,0
flow_00.3,25.0,5.0,0
flow_1012.4,41.5,4.0,0
flow_10.5,40.0,3.0,0
flow_101.7,40.5,3.0,0
flow_2012.5,26.0,3.5,0
flow_001.7,36.5,6.5,0
flow_3012.4,41.0,4.5,0
flow_10.6,53.5,6.5,0
flow_10.7,50.0,4.0,0
flow_10.8,41.0,3.0,0
flow_001.8,38.5,3.5,0
flow_201.5,26.0,3.0,0
flow_001.9,27.5,3.0,0
flow_101.8,51.0,3.5,0
flow_301.6,30.5,3.5,0
flow_1012.5,51.0,4.0,0
flow_301.7,27.5,3.0,0
flow_201.6,31.0,3.5,0
flow_20.6,30.0,4.0,0
flow_0012.0,28.5,4.5,0
flow_301.8,40.0,3.5,0
flow_1012.6,38.5,6.0,0
flow_3012.5,35.5,3.5,0
flow_1012.7,37.0,4.0,0
flow_101.9,35.5,3.0,0
flow_20.7,41.0,4.0,0
flow_00.4,39.5,4.0,0
flow_101.10,26.5,3.0,0
flow_001.10,26.5,3.0,0
flow_201.7,39.5,3.5,0
flow_30.3,31.0,3.5,0
flow_1012.8,36.5,7.5,0
flow_10.9,23.0,2.0,0
flow_201.8,32.5,3.5,0
flow_30.4,40.5,4.0,0
flow_101.11,40.5,4.0,0
flow_1012.9,40.0,4.0,0
flow_001.11,42.0,3.5,0
flow_201.9,39.5,3.5,0
flow_20.8,38.0,3.0,0
flow_301.9,26.0,3.0,0
flow_201.10,26.5,3.0,0
flow_00.5,21.5,2.0,0
flow_201.11,25.0,2.5,0
flow_101.12,39.0,3.5,0
flow_301.10,29.0,3.5,0
flow_10.10,21.0,2.0,0
flow_3012.6,24.5,3.5,0
flow_2012.6,41.5,4.0,0
flow_0012.1,23.5,3.0,0
flow_20.9,40.0,3.5,0
flow_301.11,37.5,3.5,0
flow_101.13,37.5,3.5,0
flow_10.11,34.5,3.0,0
flow_301.12,23.5,2.0,0
flow_20.10,42.5,4.0,0
flow_001.12,24.0,2.5,0
flow_101.14,33.0,3.5,0
flow_201.12,30.5,3.0,0
flow_30.5,26.5,3.0,0
flow_3012.7,47.0,5.0,0
flow_301.13,25.5,2.5,0
flow_101.15,27.0,3.0,0
flow_00.6,21.5,2.0,0
flow_201.13,37.0,3.5,0
flow_0012.2,25.0,3.5,0
flow_1012.10,30.5,4.5,0
flow_301.14,43.5,7.5,0
flow_20.11,36.5,4.0,0
flow_201.14,36.0,3.0,0
flow_101.16,33.5,3.5,0
flow_301.15,39.5,3.5,0
flow_30.6,35.5,3.0,0
flow_3012.8,27.0,3.5,0
flow_001.13,25.5,2.5,0
flow_101.17,41.5,3.5,0
flow_2012.7,27.5,4.0,0
flow_00.7,21.0,2.0,0
flow_10.12,26.0,3.0,0
flow_301.16,32.0,3.5,0
flow_201.15,42.5,3.5,0
flow_0012.3,42.0,6.5,0
flow_001.14,40.0,3.0,0
flow_001.15,39.0,3.0,0
flow_10.13,28.0,3.5,0
flow_201.16,32.0,3.5,0
flow_201.17,28.5,3.0,0
flow_3012.9,41.5,4.5,0
flow_30.7,37.0,3.0,0
flow_301.17,38.5,3.5,0
flow_001.16,37.0,3.5,0
flow_00.8,32.5,3.0,0
flow_001.17,34.0,3.0,0
flow_201.18,27.5,3.0,0
flow_1012.11,36.5,4.0,0
flow_3012.10,42.0,4.5,0
flow_3012.11,24.0,3.0,0
flow_201.19,28.0,3.5,0
flow_301.18,27.0,3.0,0
flow_10.14,20.5,1.5,0
flow_20.12,25.5,3.0,0
flow_001.18,40.0,3.5,0
flow_101.18,43.5,3.5,0
flow_101.19,25.5,2.5,0
flow_2012.8,30.0,4.0,0
flow_00.9,38.0,6.5,0
flow_2012.9,32.0,6.0,0
flow_1012.12,37.5,4.5,0
flow_101.20,36.0,3.0,0
flow_10.15,34.0,3.0,0
flow_20.13,48.5,4.0,0
flow_101.21,41.5,3.5,0
flow_30.8,37.5,4.0,0
flow_301.19,35.0,3.0,0
flow_30.9,25.0,2.5,0
flow_2012.10,42.0,4.5,0
flow_101.22,24.0,2.0,0
flow_0012.4,43.0,4.5,0
flow_10.16,41.5,4.0,0
flow_1012.13,24.5,3.0,0
flow_201.20,29.5,3.5,0
flow_1012.14,43.0,4.0,0
flow_101.23,31.0,3.0,0
flow_101.24,30.0,3.0,0
flow_301.20,35.5,3.5,0
flow_101.25,45.0,3.5,0
flow_30.10,22.0,2.0,0
flow_10.17,43.0,3.0,0
flow_101.26,43.0,3.0,0
flow_20.14,23.5,2.5,0
flow_201.0,26.0,3.0,0
flow_00.0,40.0,4.0,0
flow_201.1,38.0,3.5,0
flow_20.0,35.5,3.0,0
flow_00.1,34.0,3.0,0
flow_201.2,37.0,3.0,0
flow_0012.0,33.0,6.5,0
flow_10.0,33.5,3.5,0
flow_00.2,45.5,4.0,0
flow_201.3,53.5,3.5,0
flow_20.1,24.5,2.5,0
flow_0012.1,35.0,6.0,0
flow_00.3,26.5,3.0,0
flow_10.1,21.0,1.5,0
flow_301.0,26.0,3.0,0
flow_2012.0,31.0,4.5,0
flow_101.0,40.5,3.5,0
flow_201.4,45.0,3.5,0
flow_001.0,30.0,3.5,0
flow_2012.1,42.5,4.0,0
flow_201.5,41.0,3.0,0
flow_30.0,41.0,4.0,0
flow_101.1,38.0,3.5,0
flow_301.1,27.0,3.0,0
flow_001.1,47.0,4.0,0
flow_001.2,29.0,3.5,0
flow_3012.0,33.5,4.0,0
flow_301.2,27.5,3.0,0
flow_301.3,26.5,3.0,0
flow_20.2,39.5,4.0,0
flow_001.3,31.0,3.5,0
flow_00.4,26.5,3.0,0
flow_201.6,27.5,2.5,0
flow_2012.2,36.5,4.5,0
flow_00.5,21.5,2.0,0
flow_301.4,24.5,2.5,0
flow_3012.1,42.5,4.0,0
flow_3012.2,37.5,4.0,0
flow_101.2,34.0,7.0,0
flow_001.4,28.0,3.0,0
flow_2012.3,26.5,3.5,0
flow_101.3,48.5,3.5,0
flow_101.4,26.5,3.0,0
flow_00.6,23.0,2.0,0
flow_20.3,41.5,4.0,0
flow_10.2,28.0,3.5,0
flow_301.5,44.0,3.5,0
flow_30.1,41.5,3.0,0
flow_101.5,27.5,2.5,0
flow_30.2,25.0,2.5,0
flow_101.6,26.0,2.5,0
flow_2012.4,37.5,4.0,0
flow_001.5,38.0,7.0,0
flow_00.7,23.5,2.5,0
flow_201.7,24.5,2.0,0
flow_301.6,31.5,3.5,0
flow_3012.3,31.5,4.0,0
flow_3012.4,26.5,3.5,0
flow_001.6,43.0,3.5,0
flow_001.7,41.0,3.0,0
flow_001.8,27.5,3.0,0
flow_30.3,22.5,2.0,0
flow_101.7,34.5,3.5,0
flow_1012.0,31.0,3.5,0
flow_301.7,26.0,3.0,0
flow_301.8,40.0,3.5,0
flow_101.8,38.5,3.5,0
flow_101.9,37.5,3.0,0
flow_301.9,38.5,3.0,0
flow_3012.5,35.5,4.0,0
flow_101.10,39.0,7.0,0
flow_201.8,43.5,3.5,0
flow_20.4,41.5,3.0,0
flow_10.3,51.0,4.0,0
flow_301.10,40.5,3.5,0
flow_3012.6,25.0,3.0,0
flow_20.5,21.5,2.0,0
flow_101.11,42.0,3.5,0
flow_301.11,26.5,3.0,0
flow_201.9,43.0,3.5,0
flow_20.6,34.0,3.0,0
flow_301.12,25.0,2.5,0
flow_101.12,44.5,3.5,0
flow_20.7,38.0,4.0,0
flow_2012.5,37.5,3.5,0
flow_1012.1,38.5,4.5,0
flow_1012.2,37.5,4.0,0
flow_101.13,30.5,2.5,0
flow_301.13,32.0,7.0,0
flow_201.10,45.0,3.5,0
flow_0012.2,46.0,6.5,0
flow_20.8,43.5,3.5,0
flow_201.11,38.5,3.5,0
flow_201.12,37.5,3.0,0
flow_0012.3,25.0,3.5,0
flow_20.9,37.0,5.0,0
flow_1012.3,25.0,3.5,0
flow_201.13,38.5,3.5,0
flow_001.9,25.5,2.5,0
flow_201.14,38.5,3.5,0
flow_201.15,38.0,3.0,0
flow_10.4,40.5,4.0,0
flow_301.14,37.0,3.5,0
flow_301.15,27.5,3.0,0
flow_101.14,25.5,2.5,0
flow_2012.6,39.0,4.0,0
flow_2012.7,26.5,3.5,0
flow_101.15,34.5,3.5,0
flow_101.16,34.5,3.0,0
flow_10.5,22.0,1.5,0
flow_201.16,43.0,3.5,0
flow_201.17,35.5,3.0,0
flow_201.18,34.5,3.0,0
flow_101.17,28.5,3.5,0
flow_1012.4,23.5,3.0,0
flow_001.10,26.0,3.0,0
flow_3012.7,41.5,4.5,0
flow_101.18,27.0,3.0,0
flow_201.19,38.0,3.5,0
flow_201.20,37.0,3.0,0
flow_1012.5,32.5,4.0,0
flow_10.6,30.5,3.0,0
flow_2012.8,35.5,4.0,0
flow_3012.8,27.0,4.0,0
flow_30.4,23.0,2.0,0
flow_101.19,43.5,6.5,0
flow_101.20,35.5,3.5,0
flow_3012.9,29.5,6.0,0
flow_301.16,26.0,2.5,0
flow_201.21,38.0,3.5,0
flow_201.22,38.5,3.0,0
flow_201.23,37.5,3.5,0
flow_3012.10,34.5,4.5,0
flow_101.21,45.0,7.5,0
flow_10.7,27.5,3.0,0
flow_20.10,49.0,4.0,0
flow_001.11,32.5,3.5,0
flow_2012.9,43.5,3.5,0
flow_30.5,31.0,3.5,0
flow_101.22,47.0,3.5,0
flow_301.17,25.0,2.5,0
flow_001.12,42.0,4.0,0
flow_00.8,38.0,3.0,0
flow_00.9,32.0,3.0,0
flow_201.24,24.5,2.5,0
flow_101.23,38.0,3.5,0
flow_301.18,28.0,3.5,0
flow_0012.4,51.0,4.0,0
flow_2012.10,24.0,3.0,0
flow_00.10,22.5,2.0,0
flow_101.24,32.0,3.5,0
flow_00.11,34.5,4.0,0
flow_201.25,32.5,3.5,0
flow_001.13,27.0,2.5,0
flow_101.25,32.0,3.5,0
flow_201.26,38.5,3.5,0
flow_20.11,36.5,3.0,0
flow_201.27,38.0,3.0,0
flow_101.26,30.0,3.5,0
flow_1012.6,27.5,3.5,0
flow_1012.7,23.5,3.0,0
flow_001.14,25.5,2.5,0
flow_301.19,34.5,3.5,0
flow_1012.8,40.5,6.5,0
flow_101.27,36.0,3.0,0
flow_201.28,40.5,3.5,0
flow_0012.5,24.5,3.5,0
flow_101.28,45.5,3.5,0
flow_2012.11,43.0,4.5,0
flow_2012.12,32.0,4.0,0
flow_1012.9,34.5,4.5,0
flow_10.8,21.5,2.0,0
flow_20.12,27.5,3.5,0
flow_201.29,26.0,2.5,0
flow_301.20,37.0,3.5,0
flow_101.29,29.0,3.0,0
flow_1012.10,26.0,3.5,0
flow_201.30,44.5,3.5,0
flow_001.15,24.5,2.5,0
flow_2012.13,36.0,5.0,0
flow_101.30,40.0,3.5,0
flow_10.9,22.0,1.5,0
flow_00.12,21.0,1.5,0
flow_201.31,25.0,2.5,0
flow_2012.14,24.5,3.0,0
flow_101.31,41.0,3.5,0
flow_101.32,34.0,3.0,0
flow_10.10,31.0,2.5,0
flow_101.33,50.5,3.5,0
flow_201.32,45.0,3.5,0
flow_0012.6,37.0,6.5,0
flow_301.0,26.0,3.0,0
flow_301.1,25.0,2.5,0
flow_201.0,25.5,2.5,0
flow_001.0,34.0,3.5,0
flow_3012.0,37.5,4.0,0
flow_101.0,40.0,7.0,0
flow_20.0,38.0,4.0,0
flow_001.1,34.5,3.5,0
flow_301.2,42.0,3.5,0
flow_101.1,31.5,3.0,0
flow_10.0,26.0,3.0,0
flow_101.2,25.0,2.5,0
flow_3012.1,27.5,4.5,0
flow_001.2,29.5,3.5,0
flow_201.1,38.5,3.5,0
flow_2012.0,32.5,4.0,0
flow_101.3,44.5,3.5,0
flow_301.3,35.5,3.5,0
flow_1012.0,35.0,4.0,0
flow_101.4,31.0,2.5,0
flow_001.3,44.5,4.0,0
flow_001.4,41.5,3.0,0
flow_30.0,25.5,3.0,0
flow_2012.1,38.5,4.5,0
flow_20.1,22.0,2.0,0
flow_101.5,33.0,3.5,0
flow_3012.2,42.0,5.5,0
flow_0012.0,42.0,4.5,0
flow_20.2,40.5,6.5,0
flow_2012.2,39.5,4.0,0
flow_201.2,34.5,3.0,0
flow_101.6,39.0,3.5,0
flow_1012.1,23.5,2.5,0
flow_201.3,39.0,3.5,0
flow_001.5,44.5,3.5,0
flow_201.4,27.5,3.0,0
flow_301.4,43.0,3.5,0
flow_3012.3,42.0,3.5,0
flow_00.0,26.5,3.5,0
flow_2012.3,45.5,7.0,0
flow_2012.4,44.5,4.5,0
flow_101.7,44.0,3.5,0
flow_1012.2,44.5,3.5,0
flow_101.8,42.0,3.5,0
flow_201.5,31.0,3.5,0
flow_2012.5,25.5,3.0,0
flow_301.5,37.5,3.5,0
flow_1012.3,44.0,6.5,0
flow_101.9,40.5,3.0,0
flow_10.1,30.5,3.0,0
flow_2012.6,28.0,4.0,0
flow_001.6,31.5,7.0,0
flow_00.1,25.0,3.0,0
flow_10.2,34.5,4.0,0
flow_00.2,31.0,3.5,0
flow_00.3,29.5,3.0,0
flow_101.10,36.0,3.5,0
flow_301.6,31.0,3.5,0
flow_301.7,27.0,3.0,0
flow_2012.7,29.5,4.0,0
flow_20.3,25.5,2.5,0
flow_001.7,39.0,7.0,0
flow_00.4,28.5,3.0,0
flow_101.11,27.0,3.0,0
flow_101.12,25.0,2.5,0
flow_20.4,22.0,2.0,0
flow_101.13,46.0,3.5,0
flow_101.14,42.0,3.0,0
flow_1012.4,25.0,3.0,0
flow_20.5,34.0,4.0,0
flow_101.15,34.5,3.5,0
flow_3012.4,25.0,3.5,0
flow_201.6,39.0,3.5,0
flow_101.16,25.5,2.5,0
flow_2012.8,43.0,4.5,0
flow_20.6,34.0,3.0,0
flow_10.3,40.5,4.0,0
flow_301.8,42.5,3.5,0
flow_101.17,41.0,3.0,0
flow_1012.5,33.0,3.5,0
flow_001.8,31.5,3.5,0
flow_201.7,27.5,3.0,0
flow_3012.5,43.5,4.0,0
flow_1012.6,53.0,5.0,0
flow_30.1,38.5,3.0,0
flow_101.18,44.0,3.0,0
flow_3012.6,39.0,4.0,0
flow_0012.1,33.0,4.5,0
flow_001.9,26.5,2.5,0
flow_201.8,41.0,4.0,0
flow_2012.9,32.0,4.0,0
flow_101.19,58.5,4.0,0
flow_3012.7,58.5,5.5,0
flow_101.20,25.5,2.5,0
flow_301.9,31.5,3.5,0
flow_001.10,27.5,3.0,0
flow_2012.10,52.0,6.0,0
flow_00.5,26.0,3.0,0
flow_301.10,26.5,3.0,0
flow_1012.7,30.0,6.0,0
flow_20.7,27.5,3.5,0
flow_001.11,32.0,3.5,0
flow_001.12,31.0,3.0,0
flow_2012.11,27.5,4.5,0
flow_1012.8,25.0,3.0,0
flow_301.11,26.0,3.0,0
flow_101.21,43.0,3.5,0
flow_0012.2,34.0,4.5,0
flow_1012.9,38.5,4.5,0
flow_301.12,37.0,4.5,0
flow_001.13,42.0,3.5,0
flow_00.6,36.5,3.0,0
flow_001.14,38.0,3.0,0
flow_101.22,31.0,3.5,0
flow_301.13,32.0,3.5,0
flow_30.2,22.5,2.0,0
flow_101.23,30.5,3.0,0
flow_101.24,29.5,3.5,0
flow_3012.8,27.0,4.0,0
flow_201.9,33.5,3.5,0
flow_10.4,43.0,4.0,0
flow_30.3,30.5,4.0,0
flow_101.25,43.0,3.0,0
flow_0012.3,28.0,4.0,0
flow_0012.4,28.0,4.0,0
flow_00.7,24.0,2.5,0
flow_301.14,26.0,3.0,0
flow_201.10,28.5,3.5,0
flow_301.15,42.0,3.5,0
flow_30.4,26.0,2.5,0
flow_101.26,24.0,2.5,0
flow_00.8,33.5,4.0,0
flow_00.9,22.0,2.0,0
flow_30.5,35.0,4.0,0
flow_101.27,43.0,3.5,0
flow_00.10,26.0,3.0,0
flow_3012.9,38.0,4.0,0
flow_30.6,28.5,3.0,0
flow_101.28,45.5,7.0,0
flow_101.29,37.5,3.5,0
flow_301.16,27.0,3.0,0
flow_201.11,32.5,3.5,0
flow_201.12,32.0,3.0,0
flow_20.8,25.5,2.5,0
flow_101.30,52.0,3.5,0
flow_10.5,40.5,3.0,0
flow_001.15,42.0,4.0,0
flow_00.11,38.5,3.0,0
flow_00.12,31.0,3.0,0
flow_301.17,42.0,3.5,0
flow_001.16,50.0,3.5,0
flow_201.13,27.0,3.0,0
flow_201.14,26.0,3.0,0
flow_301.18,28.0,3.5,0
flow_30.7,42.0,4.0,0
flow_101.31,44.5,3.5,0
flow_301.19,27.5,2.5,0
flow_101.32,37.5,3.0,0
flow_10.6,35.0,3.0,0
flow_001.17,27.0,3.0,0
flow_201.15,33.5,3.5,0
flow_00.13,33.0,4.0,0
flow_301.20,35.5,3.5,0
flow_1012.10,44.0,6.5,0
flow_3012.10,33.0,4.0,0
flow_101.33,45.0,4.0,0
flow_00.14,35.5,4.0,0
flow_2012.12,35.5,6.5,0
flow_001.18,38.0,3.5,0
flow_3012.11,24.5,3.0,0
flow_201.16,35.0,3.5,0
flow_0012.5,51.5,6.5,0
flow_0012.6,35.0,4.0,0
flow_201.17,33.0,4.0,0
flow_30.8,21.5,2.0,0
flow_10.7,32.5,3.5,0
flow_10.8,25.5,2.5,0
flow_20.9,22.5,2.0,0
flow_001.19,38.5,4.0,0
flow_3012.12,44.5,4.5,0
flow_1012.11,42.5,4.5,0
flow_1012.12,42.0,4.0,0
flow_30.9,45.0,6.0,0
flow_101.34,26.0,3.0,0
flow_20.10,23.0,2.0,0
flow_0012.7,26.5,3.5,0
flow_101.35,23.5,2.0,0
flow_201.18,38.0,3.5,0
flow_001.20,44.0,3.5,0
flow_201.19,39.5,3.5,0
flow_2012.13,26.5,3.5,0
flow_00.15,31.0,5.5,0
flow_30.10,27.0,3.5,0
flow_101.36,25.5,2.5,0
flow_201.0,26.5,3.0,0
flow_30.0,37.5,4.0,0
flow_301.0,34.5,3.0,0
flow_00.0,25.0,3.0,0
flow_001.0,25.5,2.5,0
flow_10.0,38.0,4.0,0
flow_301.1,39.5,3.5,0
flow_30.1,21.5,1.5,0
flow_20.0,23.5,2.5,0
flow_001.1,40.0,3.5,0
flow_00.1,21.0,2.0,0
flow_301.2,43.5,3.5,0
flow_101.0,44.0,3.5,0
flow_10.1,21.0,2.0,0
flow_301.3,37.0,3.0,0
flow_00.2,41.5,4.0,0
flow_20.1,37.0,4.0,0
flow_0012.0,37.5,4.0,0
flow_001.2,35.5,2.5,0
flow_101.1,38.5,3.5,0
flow_301.4,41.0,3.5,0
flow_30.2,40.0,3.0,0
flow_30.3,29.0,3.0,0
flow_2012.0,34.0,4.5,0
flow_00.3,54.5,6.0,0
flow_00.4,44.0,3.5,0
flow_30.4,43.0,4.0,0
flow_1012.0,40.0,7.5,0
flow_10.2,32.5,3.5,0
flow_301.5,26.5,3.0,0
flow_001.3,26.5,3.0,0
flow_001.4,26.0,2.5,0
flow_201.1,24.5,2.5,0
flow_301.6,25.5,2.5,0
flow_101.2,25.5,2.5,0
flow_00.5,41.0,4.0,0
flow_201.2,42.5,3.5,0
flow_201.3,28.0,3.0,0
flow_001.5,40.5,3.0,0
flow_201.4,27.5,3.0,0
flow_10.3,40.5,4.0,0
flow_10.4,40.5,3.0,0
flow_0012.1,41.5,4.0,0
flow_0012.2,32.0,4.0,0
flow_301.7,35.0,3.5,0
flow_101.3,32.5,3.5,0
flow_30.5,32.5,3.0,0
flow_3012.0,32.5,3.5,0
flow_2012.1,37.5,4.5,0
flow_001.6,39.0,7.5,0
flow_30.6,49.5,4.0,0
flow_1012.1,40.5,7.5,0
flow_301.8,53.0,3.0,0
flow_001.7,25.0,2.0,0
flow_301.9,55.0,3.5,0
flow_101.4,37.5,3.5,0
flow_1012.2,31.0,4.0,0
flow_10.5,27.0,2.5,0
flow_301.10,28.0,3.5,0
flow_2012.2,36.0,4.5,0
flow_00.6,20.5,1.5,0
flow_301.11,41.0,3.5,0
flow_2012.3,39.5,4.5,0
flow_001.8,25.5,2.5,0
flow_101.5,41.5,3.5,0
flow_301.12,43.0,3.5,0
flow_30.7,21.5,2.0,0
flow_101.6,26.5,2.5,0
flow_10.6,31.0,4.0,0
flow_3012.1,45.5,7.0,0
flow_301.13,43.5,3.0,0
flow_301.14,42.5,2.5,0
flow_101.7,27.0,3.0,0
flow_001.9,34.0,3.5,0
flow_201.5,44.5,3.5,0
flow_201.6,33.5,3.0,0
flow_20.2,23.5,2.5,0
flow_3012.2,39.0,4.5,0
flow_001.10,26.5,3.0,0
flow_00.7,20.5,1.5,0
flow_301.15,36.5,3.5,0
flow_101.8,41.5,3.5,0
flow_3012.3,26.5,3.5,0
flow_101.9,41.0,6.5,0
flow_201.7,38.0,3.5,0
flow_001.11,30.5,3.5,0
flow_00.8,28.0,3.0,0
flow_001.12,29.5,3.5,0
flow_001.13,28.0,3.5,0
flow_301.16,42.5,3.5,0
flow_101.10,37.5,3.5,0
flow_301.17,29.5,3.0,0
flow_1012.3,30.5,5.5,0
flow_0012.3,31.0,4.0,0
flow_201.8,26.5,2.5,0
flow_001.14,25.0,2.0,0
flow_10.7,34.0,4.0,0
flow_1012.4,26.0,3.0,0
flow_10.8,23.5,2.5,0
flow_001.15,43.0,3.5,0
flow_1012.5,35.5,4.5,0
flow_2012.4,39.0,4.5,0
flow_00.9,21.0,2.0,0
flow_20.3,35.5,3.0,0
flow_201.9,30.5,3.0,0
flow_101.11,26.0,3.0,0
flow_101.12,25.0,2.5,0
flow_10.9,22.5,2.0,0
flow_0012.4,29.5,4.0,0
flow_00.10,27.0,2.5,0
flow_201.10,47.0,7.0,0
flow_20.4,36.0,3.0,0
flow_10.10,27.0,3.5,0
flow_20.5,39.0,4.0,0
flow_001.16,33.5,3.5,0
flow_00.11,30.0,3.0,0
flow_2012.5,29.5,6.5,0
flow_101.13,40.0,3.5,0
flow_30.8,21.0,1.5,0
flow_00.12,42.5,4.0,0
flow_201.11,32.0,3.5,0
flow_0012.5,36.0,3.5,0
flow_2012.6,30.5,3.5,0
flow_201.12,27.0,3.0,0
flow_101.14,43.0,3.5,0
flow_301.18,35.5,3.5,0
flow_10.11,23.0,2.0,0
flow_20.6,39.5,4.0,0
flow_001.17,42.0,3.5,0
flow_20.7,38.5,3.0,0
flow_0012.6,37.5,7.0,0
flow_301.19,31.5,3.5,0
flow_301.20,26.5,2.5,0
flow_1012.6,25.5,3.5,0
flow_201.13,58.0,3.5,0
flow_001.18,44.0,3.5,0
flow_30.9,33.5,4.0,0
flow_10.12,39.5,4.0,0
flow_101.15,32.0,3.0,0
flow_0012.7,44.0,5.0,0
flow_30.10,27.0,3.5,0
flow_101.16,39.5,3.5,0
flow_10.13,35.0,3.0,0
flow_00.13,36.5,4.0,0
flow_2012.7,41.0,7.5,0
flow_20.8,26.0,3.0,0
flow_101.17,30.5,3.0,0
flow_301.21,43.5,3.5,0
flow_30.11,40.0,3.0,0
flow_20.9,41.0,4.0,0
flow_001.19,42.5,3.5,0
flow_001.20,38.0,3.0,0
flow_00.14,26.0,2.5,0
flow_201.14,41.5,3.5,0
flow_301.22,42.5,3.5,0
flow_001.21,35.0,3.5,0
flow_001.22,33.5,3.5,0
flow_001.23,32.0,3.5,0
flow_3012.4,33.0,4.5,0
flow_20.10,34.5,4.0,0
flow_00.15,29.5,3.5,0
flow_00.16,22.0,2.0,0
flow_101.18,34.5,3.5,0
flow_301.23,42.5,3.5,0
flow_10.14,33.5,3.0,0
flow_301.24,30.0,3.0,0
flow_201.15,37.0,3.5,0
flow_0012.8,39.0,6.5,0
flow_001.24,24.5,2.0,0
flow_30.12,29.0,3.5,0
flow_301.25,28.0,3.0,0
flow_30.13,21.0,2.0,0
flow_00.17,41.0,4.0,0
flow_001.25,30.0,2.5,0
flow_00.18,22.0,2.0,0
flow_30.14,20.5,1.5,0
flow_20.11,35.5,4.0,0
flow_301.26,32.0,3.5,0
flow_301.27,29.0,3.0,0
flow_201.16,29.0,3.0,0
flow_20.12,23.5,2.5,0
flow_001.26,25.5,2.5,0
flow_301.28,27.5,3.0,0
flow_10.15,27.5,3.0,0
flow_1012.7,47.0,6.0,0
flow_301.29,26.0,3.0,0
flow_1012.8,31.0,6.0,0
flow_201.17,43.0,3.5,0
flow_201.18,38.5,3.0,0
flow_001.27,25.0,2.5,0
flow_301.30,43.0,3.5,0
flow_3012.5,41.5,3.5,0
flow_3012.6,26.0,3.5,0
flow_101.19,29.0,6.0,0
flow_201.19,28.0,3.0,0
flow_001.28,27.0,3.0,0
flow_1012.9,38.0,4.5,0
flow_101.20,33.0,2.5,0
flow_001.29,32.5,3.5,0
flow_2012.8,44.0,5.5,0
flow_201.20,42.5,3.0,0
flow_001.30,26.5,2.5,0
flow_201.21,30.5,3.5,0
flow_301.31,31.5,3.0,0
flow_201.22,44.5,3.5,0
flow_10.16,35.5,4.0,0
flow_30.15,37.0,4.0,0
flow_30.16,36.5,4.0,0
flow_3012.7,31.0,3.5,0
flow_00.19,40.5,4.0,0
flow_201.23,25.5,2.5,0
flow_30.17,32.0,3.5,0
flow_101.21,35.5,4.0,0
flow_30.18,25.5,4.5,0
flow_1012.10,35.5,4.5,0
flow_301.32,39.5,3.5,0
flow_101.22,46.0,3.5,0
flow_301.33,27.5,3.0,0
flow_101.23,45.0,3.0,0
flow_101.24,44.0,3.5,0
flow_101.25,61.0,3.5,0
flow_101.26,36.0,3.0,0
flow_00.20,33.5,4.0,0
flow_201.24,32.5,3.5,0
flow_001.31,24.5,2.5,0
flow_30.19,23.5,2.5,0
flow_101.0,27.5,3.0,0
flow_00.0,21.5,2.0,0
flow_301.0,42.0,3.5,0
flow_201.0,24.5,2.5,0
flow_30.0,41.5,4.0,0
flow_101.1,25.0,2.5,0
flow_301.1,41.0,3.0,0
flow_301.2,25.5,2.5,0
flow_2012.0,25.5,3.5,0
flow_3012.0,25.5,3.5,0
flow_00.1,30.5,3.5,0
flow_201.1,39.5,3.5,0
flow_001.0,30.0,3.0,0
flow_201.2,34.0,3.5,0
flow_201.3,32.5,3.5,0
flow_301.3,43.5,3.5,0
flow_30.1,41.0,3.0,0
flow_30.2,39.5,3.0,0
flow_001.1,43.5,3.5,0
flow_3012.1,55.0,4.5,0
flow_301.4,38.5,3.0,0
flow_201.4,38.0,3.5,0
flow_0012.0,46.5,6.5,0
flow_2012.1,25.5,3.0,0
flow_101.2,31.0,3.5,0
flow_3012.2,36.5,6.0,0
flow_301.5,31.0,3.0,0
flow_001.2,26.5,3.0,0
flow_3012.3,37.0,4.5,0
flow_10.0,41.0,6.5,0
flow_301.6,35.5,3.0,0
flow_10.1,34.0,4.0,0
flow_201.5,40.0,3.5,0
flow_001.3,44.5,4.0,0
flow_301.7,25.0,2.0,0
flow_101.3,37.0,3.5,0
flow_30.3,23.0,2.0,0
flow_00.2,38.0,4.0,0
flow_201.6,38.5,3.5,0
flow_20.0,32.0,3.0,0
flow_20.1,29.0,3.0,0
flow_00.3,38.5,4.0,0
flow_201.7,48.5,4.0,0
flow_001.4,35.5,3.0,0
flow_001.5,35.0,3.0,0
flow_10.2,24.5,3.0,0
flow_301.8,24.5,2.5,0
flow_001.6,25.5,2.5,0
flow_101.4,26.5,3.0,0
flow_301.9,45.0,3.5,0
flow_1012.0,24.5,3.0,0
flow_3012.4,44.0,4.0,0
flow_301.10,35.5,3.0,0
flow_3012.5,51.5,4.5,0
flow_001.7,30.5,3.0,0
flow_10.3,27.0,3.5,0
flow_301.11,41.0,3.5,0
flow_20.2,36.5,4.0,0
flow_001.8,35.0,3.5,0
flow_0012.1,34.5,4.0,0
flow_001.9,26.5,2.5,0
flow_201.8,29.5,6.0,0
flow_10.4,39.5,4.0,0
flow_10.5,25.5,2.5,0
flow_3012.6,32.0,5.5,0
flow_201.9,45.5,3.5,0
flow_0012.2,45.0,6.5,0
flow_101.5,32.5,3.5,0
flow_20.3,26.5,3.5,0
flow_00.4,27.0,3.5,0
flow_001.10,26.0,3.0,0
flow_101.6,44.5,3.5,0
flow_10.6,42.0,3.0,0
flow_101.7,34.0,3.0,0
flow_001.11,26.0,3.0,0
flow_201.10,26.5,3.0,0
flow_0012.3,28.0,4.0,0
flow_101.8,48.0,3.5,0
flow_301.12,43.5,3.5,0
flow_30.4,27.5,2.5,0
flow_101.9,47.5,3.0,0
flow_2012.2,29.5,4.0,0
flow_201.11,27.5,2.5,0
flow_001.12,48.0,7.0,0
flow_0012.4,47.5,3.5,0
flow_10.7,37.0,4.0,0
flow_301.13,42.0,3.5,0
flow_10.8,35.5,3.0,0
flow_3012.7,39.0,5.5,0
flow_1012.1,34.5,3.5,0
flow_30.5,42.0,4.0,0
flow_10.9,36.5,4.0,0
flow_10.10,32.0,3.0,0
flow_10.11,26.0,3.0,0
flow_00.5,22.0,2.0,0
flow_301.14,44.0,3.5,0
flow_101.10,37.0,3.5,0
flow_101.11,31.0,3.0,0
flow_3012.8,47.0,5.5,0
flow_301.15,40.0,2.5,0
flow_001.13,32.0,3.5,0
flow_201.12,46.5,4.0,0
flow_00.6,21.0,2.0,0
flow_1012.2,29.0,4.0,0
flow_10.12,22.5,2.0,0
flow_301.16,52.5,7.0,0
flow_30.6,51.0,3.0,0
flow_001.14,42.5,3.5,0
flow_001.15,43.0,3.0,0
flow_001.16,36.5,3.0,0
flow_301.17,45.0,3.5,0
flow_10.13,21.5,2.0,0
flow_301.18,43.5,3.0,0
flow_3012.9,42.5,3.5,0
flow_2012.3,44.5,4.5,0
flow_201.13,42.0,3.0,0
flow_20.4,24.0,2.5,0
flow_001.17,30.5,3.0,0
flow_001.18,29.0,3.0,0
flow_30.7,50.5,4.0,0
flow_101.12,25.5,2.5,0
flow_301.19,52.0,3.0,0
flow_10.14,21.5,2.0,0
flow_101.13,26.0,3.0,0
flow_00.7,23.5,2.5,0
flow_201.14,44.5,3.5,0
flow_301.20,35.5,3.5,0
flow_101.14,40.0,3.5,0
flow_101.15,30.0,3.0,0
flow_101.16,29.0,3.5,0
flow_301.21,27.0,3.0,0
flow_201.15,42.5,3.5,0
flow_001.19,42.0,3.5,0
flow_201.16,25.0,2.5,0
flow_101.17,43.0,3.5,0
flow_101.18,24.5,2.5,0
flow_001.20,32.0,3.5,0
flow_201.17,30.5,3.5,0
flow_0012.5,30.5,3.5,0
flow_201.18,29.0,3.5,0
flow_101.19,41.5,3.5,0
flow_301.22,35.5,3.5,0
flow_301.23,34.0,3.0,0
flow_101.20,41.0,3.0,0
flow_20.5,42.0,4.0,0
flow_20.6,37.0,3.0,0
flow_20.7,25.5,2.5,0
flow_30.8,38.0,4.0,0
flow_101.21,28.5,3.0,0
flow_10.15,25.5,2.5,0
flow_001.21,35.0,3.5,0
flow_00.8,21.5,2.0,0
flow_30.9,31.0,3.5,0
flow_101.22,33.0,3.5,0
flow_00.9,21.5,2.0,0
flow_101.23,32.0,3.5,0
flow_30.10,30.5,3.5,0
flow_301.24,30.5,2.5,0
flow_201.19,28.0,3.0,0
flow_0012.6,33.0,6.0,0
flow_10.16,25.0,3.0,0
flow_3012.10,43.0,6.5,0
flow_3012.11,42.0,4.0,0
flow_30.11,25.5,2.5,0
flow_30.12,23.5,2.5,0
flow_201.20,25.5,2.5,0
flow_1012.3,43.0,4.5,0
flow_101.24,29.0,2.5,0
flow_001.22,39.0,3.5,0
flow_3012.12,33.5,4.0,0
flow_301.25,33.0,3.0,0
flow_101.25,45.5,7.0,0
flow_001.23,32.0,3.5,0
flow_201.21,24.5,2.5,0
flow_301.26,41.5,3.5,0
flow_101.26,39.5,3.5,0
flow_101.27,39.0,3.0,0
flow_2012.4,34.0,4.0,0
flow_20.8,20.5,2.0,0
flow_30.13,39.0,4.0,0
flow_101.28,25.5,2.5,0
flow_3012.13,44.0,4.5,0
flow_101.29,45.0,7.0,0
flow_3012.14,25.5,3.5,0
flow_2012.5,32.5,4.0,0
flow_00.10,41.0,6.5,0
flow_00.11,21.0,2.0,0
flow_301.27,41.0,3.5,0
flow_301.28,37.0,3.0,0
flow_301.29,26.5,3.0,0
flow_001.24,26.5,3.0,0
flow_10.17,37.0,4.0,0
flow_20.9,30.5,3.5,0
flow_20.10,29.5,3.0,0
flow_201.22,30.5,3.0,0
flow_301.30,37.0,3.5,0
flow_10.18,21.0,1.5,0
flow_301.31,36.5,3.0,0
flow_201.23,48.5,3.5,0
flow_20.11,46.0,3.0,0
flow_20.12,28.5,3.0,0
flow_101.0,24.5,2.5,0
flow_2012.0,24.5,3.0,0
flow_0012.0,26.5,3.5,0
flow_3012.0,35.5,4.5,0
flow_301.0,33.0,3.0,0
flow_0012.1,37.5,4.5,0
flow_001.0,25.0,2.0,0
flow_2012.1,25.5,3.5,0
flow_10.0,27.0,3.5,0
flow_3012.1,40.0,7.0,0
flow_3012.2,33.5,4.5,0
flow_20.0,34.5,4.0,0
flow_101.1,53.0,3.5,0
flow_301.1,45.0,3.5,0
flow_301.2,35.0,3.0,0
flow_101.2,53.0,3.0,0
flow_301.3,31.0,3.0,0
flow_1012.0,34.5,6.0,0
flow_0012.2,38.5,4.5,0
flow_2012.2,25.5,3.5,0
flow_301.4,48.5,3.5,0
flow_1012.1,41.5,6.5,0
flow_10.1,38.0,3.5,0
flow_30.0,48.0,3.5,0
flow_20.1,35.5,4.0,0
flow_20.2,31.0,3.5,0
flow_3012.3,43.5,4.5,0
flow_30.1,21.0,2.0,0
flow_201.0,30.5,3.0,0
flow_1012.2,38.5,4.0,0
flow_301.5,26.0,3.0,0
flow_201.1,34.0,3.5,0
flow_001.1,33.0,3.5,0
flow_201.2,33.0,3.5,0
flow_2012.3,32.5,4.0,0
flow_30.2,33.0,4.0,0
flow_3012.4,29.5,3.5,0
flow_30.3,22.5,2.0,0
flow_301.6,25.5,2.5,0
flow_0012.3,32.0,4.0,0
flow_20.3,26.0,3.0,0
flow_001.2,31.5,3.0,0
flow_30.4,29.0,3.5,0
flow_301.7,28.0,3.0,0
flow_001.3,27.5,3.0,0
flow_2012.4,45.5,6.5,0
flow_2012.5,35.5,4.5,0
flow_101.3,33.5,3.5,0
flow_3012.5,25.0,3.5,0
flow_101.4,26.5,3.0,0
flow_201.3,34.0,3.5,0
flow_001.4,42.5,3.5,0
flow_20.4,26.5,2.5,0
flow_201.4,27.0,3.0,0
flow_301.8,38.5,3.5,0
flow_1012.3,26.5,3.5,0
flow_201.5,44.0,3.5,0
flow_2012.6,26.5,3.0,0
flow_20.5,23.0,2.5,0
flow_301.9,45.0,3.5,0
flow_20.6,35.0,4.0,0
flow_001.5,25.5,2.5,0
flow_101.5,34.5,3.5,0
flow_201.6,37.5,3.5,0
flow_0012.4,43.0,6.5,0
flow_001.6,33.5,3.0,0
flow_00.0,32.0,3.0,0
flow_301.10,37.5,3.5,0
flow_301.11,29.0,2.5,0
flow_101.6,24.5,2.5,0
flow_301.12,29.0,3.5,0
flow_20.7,36.0,4.0,0
flow_001.7,48.0,3.5,0
flow_201.7,36.5,3.0,0
flow_0012.5,50.5,5.0,0
flow_0012.6,49.0,4.5,0
flow_3012.6,41.5,4.5,0
flow_301.13,33.5,3.0,0
flow_101.7,28.0,3.5,0
flow_301.14,33.5,3.0,0
flow_20.8,41.5,4.0,0
flow_001.8,64.5,3.5,0
flow_0012.7,52.0,4.0,0
flow_301.15,51.0,3.5,0
flow_3012.7,49.5,3.5,0
flow_1012.4,34.0,6.0,0
flow_301.16,49.5,3.0,0
flow_101.8,34.5,4.0,0
flow_001.9,26.0,2.5,0
flow_001.10,26.0,3.0,0
flow_201.8,23.5,2.0,0
flow_3012.8,65.5,4.0,0
flow_1012.5,33.0,4.5,0
flow_3012.9,66.0,4.0,0
flow_30.5,48.5,3.0,0
flow_001.11,35.0,3.5,0
flow_001.12,26.0,2.5,0
flow_30.6,53.0,4.0,0
flow_30.7,45.0,3.0,0
flow_00.1,31.0,3.5,0
flow_20.9,21.5,2.0,0
flow_301.17,43.0,3.5,0
flow_301.18,28.5,3.0,0
flow_30.8,25.0,2.5,0
flow_201.9,27.0,3.0,0
flow_0012.8,25.0,3.0,0
flow_10.2,24.0,3.0,0
flow_201.10,32.0,3.5,0
flow_001.13,41.0,3.5,0
flow_001.14,29.0,3.0,0
flow_301.19,24.0,2.5,0
flow_20.10,38.5,4.0,0
flow_2012.7,24.5,3.0,0
flow_101.9,26.0,3.0,0
flow_3012.10,25.0,3.5,0
flow_001.15,30.0,3.5,0
flow_1012.6,31.5,4.0,0
flow_101.10,30.5,3.0,0
flow_201.11,32.5,3.5,0
flow_0012.9,36.0,5.5,0
flow_30.9,36.5,4.0,0
flow_30.10,36.0,3.0,0
flow_30.11,21.0,2.0,0
flow_20.11,41.5,4.0,0
flow_201.12,36.5,2.5,0
flow_20.12,35.0,3.0,0
flow_1012.7,38.0,4.5,0
flow_30.12,21.5,2.0,0
flow_10.3,32.0,3.0,0
flow_2012.8,52.0,4.5,0
flow_20.13,43.0,3.0,0
flow_30.13,32.5,4.0,0
flow_101.11,31.5,3.0,0
flow_301.20,32.5,3.0,0
flow_3012.11,28.0,3.5,0
flow_00.2,31.5,3.5,0
flow_201.13,43.5,3.5,0
flow_00.3,31.0,3.0,0
flow_10.4,35.5,4.0,0
flow_301.21,36.5,3.5,0
flow_001.16,33.0,3.5,0
flow_201.14,38.5,3.5,0
flow_001.17,24.5,2.0,0
flow_301.22,40.5,3.5,0
flow_3012.12,28.0,3.5,0
flow_101.12,27.5,3.5,0
flow_0012.10,27.0,3.5,0
flow_201.15,25.0,2.5,0
flow_10.5,41.5,4.0,0
flow_201.16,39.0,3.5,0
flow_20.14,20.5,1.5,0
flow_101.13,26.5,3.0,0
flow_3012.13,47.0,6.5,0
flow_00.4,22.5,2.5,0
flow_2012.9,25.5,3.5,0
flow_00.5,24.0,3.5,0
flow_3012.14,41.5,4.5,0
flow_301.23,40.0,3.0,0
flow_101.14,42.0,7.0,0
flow_301.24,40.5,3.0,0
flow_001.18,45.5,3.5,0
flow_00.6,24.0,2.0,0
flow_301.25,57.5,3.5,0
flow_10.6,21.5,2.0,0
flow_101.15,43.5,4.0,0
flow_301.26,54.0,3.0,0
flow_2012.10,43.0,4.5,0
flow_00.7,35.5,6.5,0
flow_101.16,39.5,3.5,0
flow_1012.8,30.5,3.5,0
flow_3012.15,25.5,3.5,0
flow_301.27,26.5,3.0,0
flow_201.17,33.0,3.5,0
flow_001.19,26.5,3.0,0
flow_201.18,25.0,2.5,0
flow_10.7,21.0,2.0,0
flow_2012.11,33.5,4.0,0
flow_001.20,38.5,7.5,0
flow_001.21,37.0,3.0,0
flow_301.28,41.5,3.5,0
flow_101.17,38.5,3.5,0
flow_30.14,40.0,3.0,0
flow_101.18,37.5,3.0,0
flow_3012.16,41.0,4.0,0
flow_001.22,39.5,3.5,0
flow_001.23,28.0,3.0,0
flow_3012.17,57.0,4.0,0
flow_101.19,49.0,7.0,0
flow_301.29,55.0,3.0,0
flow_10.8,43.5,3.0,0
flow_001.24,42.0,3.5,0
flow_201.19,33.0,3.5,0
flow_001.25,32.5,3.0,0
flow_301.30,41.0,3.5,0
flow_1012.9,64.5,6.5,0
flow_3012.18,39.0,4.0,0
flow_101.20,56.0,3.5,0
flow_20.15,39.5,4.0,0
flow_1012.10,73.5,4.5,0
flow_101.21,71.5,3.0,0
flow_10.9,52.5,3.0,0
flow_001.26,43.0,3.5,0
flow_20.16,39.5,4.0,0
flow_201.20,26.0,3.0,0
flow_00.8,21.5,2.0,0
flow_20.17,22.0,2.0,0
flow_0012.11,26.0,3.0,0
flow_0012.12,24.0,2.5,0
flow_20.18,21.5,2.0,0
flow_1012.11,34.5,4.5,0
flow_30.15,23.5,2.0,0
flow_001.27,32.0,3.5,0
flow_001.28,31.5,3.0,0
flow_001.29,28.0,3.0,0
flow_101.0,25.0,2.5,0
flow_1012.0,25.0,3.0,0
flow_1012.1,30.0,4.0,0
flow_101.1,26.5,2.5,0
flow_20.0,39.0,4.0,0
flow_30.0,27.5,3.5,0
flow_101.2,38.5,3.5,0
flow_30.1,25.5,2.5,0
flow_3012.0,25.0,3.0,0
flow_201.0,24.5,2.5,0
flow_301.0,42.5,3.5,0
flow_101.3,40.0,3.5,0
flow_1012.2,39.5,4.0,0
flow_30.2,34.0,4.0,0
flow_201.1,38.5,3.5,0
flow_001.0,39.0,4.0,0
flow_001.1,31.5,3.5,0
flow_10.0,20.5,1.5,0
flow_20.1,36.0,4.0,0
flow_001.2,42.5,3.5,0
flow_001.3,42.0,3.0,0
flow_301.1,30.5,3.5,0
flow_10.1,21.5,1.5,0
flow_001.4,40.5,3.5,0
flow_101.4,36.5,3.5,0
flow_10.2,27.0,2.5,0
flow_101.5,27.0,2.5,0
flow_101.6,26.0,2.5,0
flow_00.0,34.0,4.0,0
flow_201.2,44.5,3.5,0
flow_201.3,44.0,3.0,0
flow_2012.0,42.0,3.5,0
flow_301.2,43.5,3.5,0
flow_301.3,26.5,3.0,0
flow_1012.3,44.0,4.5,0
flow_10.3,27.5,3.0,0
flow_001.5,36.0,3.5,0
flow_001.6,29.0,3.5,0
flow_101.7,24.5,2.5,0
flow_1012.4,24.5,3.0,0
flow_1012.5,39.0,4.5,0
flow_2012.1,39.0,4.5,0
flow_00.1,41.0,6.5,0
flow_00.2,38.0,4.0,0
flow_20.2,21.0,1.5,0
flow_1012.6,45.0,4.5,0
flow_301.4,37.5,4.0,0
flow_301.5,29.5,3.0,0
flow_0012.0,33.5,4.5,0
flow_0012.1,27.5,3.5,0
flow_20.3,25.5,3.5,0
flow_201.4,38.0,3.5,0
flow_201.5,30.0,3.0,0
flow_101.8,43.0,3.5,0
flow_201.6,41.5,3.5,0
flow_201.7,37.0,3.0,0
flow_1012.7,25.0,3.0,0
flow_301.6,30.5,6.0,0
flow_001.7,32.0,3.5,0
flow_1012.8,32.5,4.0,0
flow_301.7,35.0,7.5,0
flow_201.8,44.5,3.5,0
flow_1012.9,38.0,5.0,0
flow_101.9,31.5,3.0,0
flow_0012.2,24.5,3.0,0
flow_20.4,23.0,2.5,0
flow_2012.2,40.5,4.0,0
flow_101.10,29.0,3.0,0
flow_10.4,23.0,2.0,0
flow_301.8,26.5,3.0,0
flow_101.11,25.0,2.5,0
flow_2012.3,43.0,4.5,0
flow_0012.3,38.5,4.5,0
flow_101.12,34.0,3.5,0
flow_1012.10,26.5,3.5,0
flow_0012.4,27.0,4.0,0
flow_201.9,27.5,3.5,0
flow_201.10,26.5,2.5,0
flow_201.11,39.0,3.5,0
flow_101.13,25.5,2.5,0
flow_3012.1,25.0,3.0,0
flow_0012.5,34.5,4.5,0
flow_20.5,36.5,6.0,0
flow_001.8,35.0,3.0,0
flow_201.12,33.0,3.0,0
flow_001.9,35.5,3.5,0
flow_301.9,38.0,3.5,0
flow_101.14,45.5,3.5,0
flow_301.10,39.0,3.5,0
flow_301.11,38.5,3.5,0
flow_001.10,24.5,2.5,0
flow_301.12,34.0,3.5,0
flow_201.13,30.5,3.5,0
flow_2012.4,28.5,3.5,0
flow_20.6,25.0,2.5,0
flow_10.5,28.0,3.5,0
flow_301.13,24.5,2.5,0
flow_00.3,21.0,2.0,0
flow_301.14,30.0,3.5,0
flow_3012.2,25.0,3.0,0
flow_20.7,24.5,3.0,0
flow_20.8,21.0,1.5,0
flow_101.15,33.0,3.5,0
flow_301.15,31.5,3.0,0
flow_101.16,32.5,3.0,0
flow_101.17,31.0,3.0,0
flow_001.11,43.0,3.5,0
flow_001.12,28.0,3.0,0
flow_1012.11,29.5,4.0,0
flow_101.18,26.0,2.5,0
flow_301.16,27.5,3.0,0
flow_1012.12,25.5,3.5,0
flow_001.13,37.0,3.5,0
flow_0012.6,24.5,3.0,0
flow_1012.13,39.5,4.0,0
flow_2012.5,32.5,4.5,0
flow_00.4,32.0,4.0,0
flow_20.9,30.5,3.0,0
flow_0012.7,32.0,4.0,0
flow_3012.3,34.5,4.5,0
flow_1012.14,37.0,4.5,0
flow_101.19,27.5,3.5,0
flow_20.10,31.5,3.5,0
flow_201.14,25.0,2.5,0
flow_0012.8,26.5,4.0,0
flow_30.3,20.5,1.5,0
flow_20.11,42.0,4.0,0
flow_101.20,28.5,3.0,0
flow_3012.4,32.0,6.0,0
flow_10.6,22.0,2.0,0
flow_201.15,24.0,2.5,0
flow_101.21,32.0,3.5,0
flow_301.17,37.0,3.5,0
flow_1012.15,32.5,4.0,0
flow_10.7,25.5,3.0,0
flow_10.8,24.5,2.5,0
flow_001.14,27.0,3.0,0
flow_101.22,41.0,3.5,0
flow_1012.16,39.5,3.5,0
flow_101.23,34.0,2.5,0
flow_001.15,35.5,3.5,0
flow_2012.6,23.5,3.0,0
flow_30.4,37.0,4.0,0
flow_1012.17,47.5,7.5,0
flow_10.9,36.5,3.5,0
flow_0012.9,25.5,3.0,0
flow_00.5,22.0,2.0,0
flow_30.5,33.5,4.0,0
flow_1012.18,58.5,7.5,0
flow_2012.7,36.5,4.0,0
flow_001.16,45.0,7.0,0
flow_001.17,45.5,3.5,0
flow_0012.10,62.5,4.5,0
flow_10.10,34.0,4.0,0
flow_301.18,25.0,2.5,0
flow_101.24,34.0,2.5,0
flow_001.18,25.5,2.5,0
flow_2012.8,27.5,4.0,0
flow_1012.19,26.0,3.5,0
flow_1012.20,25.0,3.5,0
flow_2012.9,35.5,5.0,0
flow_101.25,38.5,3.5,0
flow_101.26,27.5,3.0,0
flow_201.16,36.5,3.5,0
flow_001.19,29.0,3.5,0
flow_2012.10,38.0,4.0,0
flow_2012.11,32.5,4.0,0
flow_301.19,24.5,2.5,0
flow_201.17,29.0,3.5,0
flow_00.0,33.0,4.0,0
flow_001.0,33.5,2.5,0
flow_0012.0,33.5,4.0,0
flow_2012.0,28.5,4.0,0
flow_301.0,29.0,3.0,0
flow_101.0,36.0,3.5,0
flow_101.1,36.0,3.0,0
flow_10.0,23.0,2.5,0
flow_001.1,32.0,3.5,0
flow_201.0,36.0,3.5,0
flow_001.2,27.0,3.0,0
flow_3012.0,29.5,4.0,0
flow_1012.0,26.5,3.5,0
flow_20.0,21.0,2.0,0
flow_1012.1,43.5,4.5,0
flow_201.1,44.0,3.5,0
flow_3012.1,35.5,4.5,0
flow_30.0,33.5,3.0,0
flow_001.3,39.0,3.5,0
flow_001.4,39.0,3.0,0
flow_0012.1,34.5,3.5,0
flow_201.2,42.5,3.5,0
flow_201.3,25.5,2.5,0
flow_3012.2,26.5,3.5,0
flow_101.2,35.0,4.0,0
flow_00.1,30.5,3.5,0
flow_20.1,33.5,4.0,0
flow_001.5,29.0,3.0,0
flow_101.3,31.0,3.5,0
flow_001.6,27.5,3.0,0
flow_0012.2,28.0,3.5,0
flow_00.2,22.0,2.0,0
flow_1012.2,32.0,4.0,0
flow_001.7,26.0,3.0,0
flow_2012.1,36.5,6.0,0
flow_1012.3,38.5,4.5,0
flow_101.4,30.0,3.0,0
flow_201.4,42.0,3.5,0
flow_20.2,30.0,3.0,0
flow_2012.2,30.5,3.5,0
flow_301.1,38.5,3.5,0
flow_201.5,47.5,3.5,0
flow_001.8,46.0,3.5,0
flow_2012.3,36.5,4.0,0
flow_2012.4,26.5,4.0,0
flow_3012.3,32.5,4.0,0
flow_301.2,32.5,3.0,0
flow_101.5,45.0,4.0,0
flow_1012.4,43.5,3.5,0
flow_20.3,20.5,1.5,0
flow_001.9,32.5,3.5,0
flow_101.6,36.0,3.5,0
flow_0012.3,24.0,3.0,0
flow_00.3,21.0,1.5,0
flow_001.10,39.5,3.5,0
flow_201.6,37.0,3.5,0
flow_2012.5,24.5,3.0,0
flow_101.7,34.0,3.5,0
flow_301.3,25.5,2.5,0
flow_00.4,38.5,4.0,0
flow_201.7,39.0,3.5,0
flow_201.8,27.0,2.5,0
flow_201.9,26.0,3.0,0
flow_0012.4,28.5,5.5,0
flow_30.1,42.5,4.0,0
flow_001.11,32.5,3.5,0
flow_201.10,34.5,3.5,0
flow_001.12,28.0,3.0,0
flow_201.11,34.5,3.0,0
flow_301.4,27.0,3.0,0
flow_101.8,29.0,3.5,0
flow_20.4,37.5,4.0,0
flow_0012.5,43.5,7.5,0
flow_0012.6,43.5,4.5,0
flow_10.1,35.5,3.5,0
flow_0012.7,33.5,4.0,0
flow_001.13,30.5,3.0,0
flow_00.5,29.5,3.0,0
flow_20.5,21.5,2.0,0
flow_201.12,31.5,4.0,0
flow_101.9,32.0,3.5,0
flow_301.5,38.5,4.0,0
flow_3012.4,36.0,3.5,0
flow_20.6,39.5,4.0,0
flow_001.14,40.5,3.5,0
flow_0012.8,41.0,4.0,0
flow_0012.9,39.5,4.0,0
flow_10.2,33.0,4.0,0
flow_101.10,25.5,2.5,0
flow_20.7,21.5,2.0,0
flow_1012.5,32.0,4.0,0
flow_001.15,41.5,3.5,0
flow_30.2,32.0,3.5,0
flow_301.6,25.0,2.5,0
flow_00.6,36.5,4.0,0
flow_20.8,39.5,4.0,0
flow_001.16,38.0,3.0,0
flow_20.9,21.5,2.0,0
flow_001.17,32.5,3.0,0
flow_101.11,32.0,3.5,0
flow_00.7,43.0,4.0,0
flow_101.12,35.0,3.5,0
flow_201.13,41.0,3.5,0
flow_001.18,44.0,3.5,0
flow_201.14,41.0,3.0,0
flow_10.3,39.0,4.0,0
flow_1012.6,31.0,3.5,0
flow_20.10,20.5,1.5,0
flow_00.8,35.5,4.0,0
flow_001.19,33.5,2.5,0
flow_2012.6,24.5,3.0,0
flow_10.4,38.0,4.0,0
flow_101.13,27.5,2.5,0
flow_001.20,39.0,3.5,0
flow_00.9,23.0,2.0,0
flow_101.14,40.0,3.5,0
flow_1012.7,25.0,3.5,0
flow_201.15,39.0,3.5,0
flow_101.15,42.5,3.5,0
flow_101.16,29.5,3.0,0
flow_20.11,39.0,4.0,0
flow_001.21,30.5,3.5,0
flow_201.16,39.5,3.0,0
flow_20.12,36.5,3.0,0
flow_3012.5,26.5,3.5,0
flow_10.5,38.5,6.0,0
flow_20.13,36.5,4.0,0
flow_001.22,36.0,3.5,0
flow_201.17,28.5,3.5,0
flow_001.23,26.5,2.5,0
flow_30.3,39.5,4.0,0
flow_30.4,38.5,3.0,0
flow_30.5,33.5,3.0,0
flow_00.10,41.5,4.0,0
flow_201.18,23.5,2.0,0
flow_001.24,26.0,2.5,0
flow_101.17,38.5,3.5,0
flow_301.7,26.0,3.0,0
flow_0012.10,29.0,4.0,0
flow_00.11,23.0,2.5,0
flow_101.18,29.5,3.5,0
flow_3012.6,46.5,6.5,0
flow_201.19,44.0,3.5,0
flow_0012.11,46.0,6.5,0
flow_101.19,36.5,3.5,0
flow_201.20,26.5,3.0,0
flow_001.25,25.0,2.5,0
flow_1012.8,24.5,3.0,0
flow_001.26,37.0,3.5,0
flow_301.8,41.5,3.5,0
flow_30.6,40.0,3.0,0
flow_301.9,41.0,3.0,0
flow_101.20,24.5,2.5,0
flow_0012.12,36.0,4.5,0
flow_00.12,20.5,2.0,0
flow_201.21,43.5,7.0,0
flow_201.22,41.0,3.5,0
flow_1012.9,32.0,4.0,0
flow_20.14,27.0,3.5,0
flow_0012.13,45.0,7.0,0
flow_2012.7,28.0,3.5,0
flow_00.13,29.0,3.5,0
flow_1012.10,38.5,4.5,0
flow_00.14,24.5,2.5,0
flow_201.23,30.0,3.5,0
flow_1012.11,43.0,4.5,0
flow_10.6,35.0,3.0,0
flow_201.24,32.0,3.5,0
flow_001.27,25.5,2.5,0
flow_20.15,35.5,4.0,0
flow_001.28,45.0,3.5,0
flow_2012.8,27.5,3.5,0
flow_20.16,21.5,2.0,0
flow_10.7,39.0,4.0,0
flow_20.17,25.0,3.0,0
flow_20.18,23.5,2.5,0
flow_0012.14,25.0,3.5,0
flow_10.8,36.5,4.0,0
flow_2012.9,32.5,4.5,0
flow_001.29,30.5,4.0,0
flow_001.30,31.0,3.5,0
flow_301.10,32.5,3.5,0
flow_3012.7,31.0,4.0,0
flow_00.15,40.0,4.0,0
flow_0012.15,25.0,3.0,0
flow_30.7,21.0,2.0,0
flow_20.0,23.0,2.0,0
flow_001.0,30.0,3.5,0
flow_10.0,35.5,4.0,0
flow_201.0,25.0,2.5,0
flow_00.0,20.5,1.5,0
flow_101.0,39.0,3.5,0
flow_1012.0,25.0,3.0,0
flow_1012.1,24.0,2.5,0
flow_0012.0,33.5,4.0,0
flow_001.1,26.0,2.5,0
flow_101.1,29.5,3.5,0
flow_001.2,33.0,3.5,0
flow_00.1,23.0,2.0,0
flow_201.1,25.5,2.5,0
flow_101.2,37.0,3.5,0
flow_001.3,44.5,3.5,0
flow_101.3,26.0,3.0,0
flow_001.4,38.5,4.0,0
flow_3012.0,35.5,4.0,0
flow_10.1,38.0,6.5,0
flow_101.4,34.5,3.0,0
flow_00.2,41.5,4.0,0
flow_30.0,21.0,1.5,0
flow_2012.0,27.0,3.5,0
flow_201.2,24.5,2.5,0
flow_001.5,48.5,7.0,0
flow_001.6,42.0,3.5,0
flow_301.0,26.0,3.0,0
flow_301.1,25.0,2.5,0
flow_0012.1,47.0,4.5,0
flow_00.3,42.5,3.0,0
flow_001.7,47.0,3.5,0
flow_10.2,37.5,4.0,0
flow_301.2,42.0,3.5,0
flow_1012.2,38.0,4.0,0
flow_3012.1,26.5,3.5,0
flow_001.8,57.5,3.5,0
flow_2012.1,26.0,4.0,0
flow_00.4,58.0,5.5,0
flow_10.3,38.0,4.0,0
flow_301.3,28.0,3.5,0
flow_0012.2,46.5,4.5,0
flow_301.4,33.5,3.5,0
flow_101.5,39.5,3.5,0
flow_10.4,34.0,3.0,0
flow_101.6,30.0,2.5,0
flow_301.5,27.0,3.0,0
flow_0012.3,38.5,4.5,0
flow_20.1,41.5,7.0,0
flow_20.2,40.5,4.5,0
flow_1012.3,38.5,4.5,0
flow_00.5,35.0,4.0,0
flow_00.6,34.5,3.0,0
flow_301.6,35.0,3.5,0
flow_10.5,21.0,1.5,0
flow_101.7,31.0,3.0,0
flow_301.7,42.5,3.5,0
flow_201.3,34.5,3.5,0
flow_301.8,38.5,3.5,0
flow_3012.2,37.0,4.0,0
flow_30.1,34.5,3.0,0
flow_101.8,29.0,4.0,0
flow_201.4,36.5,3.5,0
flow_001.9,25.5,2.5,0
flow_101.9,44.5,3.5,0
flow_301.9,39.0,3.5,0
flow_00.7,32.0,4.0,0
flow_001.10,25.5,2.5,0
flow_301.10,47.0,4.0,0
flow_301.11,42.5,3.0,0
flow_301.12,30.0,3.0,0
flow_0012.4,25.5,3.0,0
flow_0012.5,28.0,4.0,0
flow_30.2,22.0,2.0,0
flow_101.10,24.5,2.5,0
flow_3012.3,32.5,4.5,0
flow_101.11,33.5,4.0,0
flow_001.11,40.0,3.5,0
flow_0012.6,28.0,3.5,0
flow_001.12,25.5,2.5,0
flow_2012.2,38.0,4.0,0
flow_001.13,44.0,7.5,0
flow_301.13,45.0,3.5,0
flow_30.3,22.0,2.0,0
flow_20.3,38.0,4.0,0
flow_201.5,25.0,2.0,0
flow_1012.4,35.5,4.0,0
flow_101.12,26.5,2.5,0
flow_201.6,27.5,3.0,0
flow_1012.5,40.5,4.5,0
flow_1012.6,25.5,3.5,0
flow_3012.4,24.0,3.0,0
flow_2012.3,40.5,4.5,0
flow_301.14,42.0,3.5,0
flow_10.6,27.5,2.5,0
flow_2012.4,25.5,3.0,0
flow_301.15,42.0,3.5,0
flow_101.13,45.0,3.5,0
flow_10.7,43.0,3.0,0
flow_101.14,36.5,3.5,0
flow_001.14,31.0,3.5,0
flow_00.8,28.5,3.0,0
flow_10.8,45.5,4.0,0
flow_101.15,49.5,4.0,0
flow_1012.7,31.0,4.0,0
flow_201.7,41.0,3.5,0
flow_201.8,29.0,3.0,0
flow_20.4,25.5,2.5,0
flow_201.9,25.5,2.5,0
flow_10.9,35.5,4.0,0
flow_301.16,33.0,3.5,0
flow_001.15,35.5,3.5,0
flow_101.16,25.5,2.5,0
flow_2012.5,41.5,4.5,0
flow_00.9,40.0,6.5,0
flow_0012.7,39.0,4.0,0
flow_30.4,40.5,4.0,0
flow_301.17,32.0,3.0,0
flow_20.5,27.5,3.5,0
flow_20.6,26.5,3.0,0
flow_301.18,40.5,3.5,0
flow_201.10,28.0,3.0,0
flow_20.7,25.0,2.5,0
flow_101.17,43.5,3.5,0
flow_10.10,21.5,2.0,0
flow_201.11,42.0,3.5,0
flow_20.8,37.0,3.0,0
flow_20.9,36.5,3.0,0
flow_301.19,40.0,3.5,0
flow_301.20,28.5,3.0,0
flow_201.12,28.5,3.0,0
flow_001.16,26.0,3.0,0
flow_1012.8,28.5,4.0,0
flow_301.21,39.5,7.0,0
flow_3012.5,38.5,4.5,0
flow_20.10,23.5,2.0,0
flow_10.11,20.5,1.5,0
flow_301.22,45.0,3.5,0
flow_3012.6,45.0,4.5,0
flow_00.10,24.5,3.0,0
flow_001.17,25.0,2.5,0
flow_10.12,27.5,3.5,0
flow_101.18,24.5,2.0,0
flow_001.18,38.0,3.5,0
flow_10.13,42.0,4.0,0
flow_20.11,37.0,4.0,0
flow_201.13,30.5,3.0,0
flow_1012.9,26.5,3.5,0
flow_20.12,21.5,2.0,0
flow_0012.8,24.5,3.0,0
flow_201.14,38.0,3.5,0
flow_001.19,42.0,3.5,0
flow_001.20,38.5,3.0,0
flow_20.13,21.0,2.0,0
flow_301.23,45.5,3.5,0
flow_101.19,47.0,4.0,0
flow_30.5,22.5,2.0,0
flow_1012.10,25.0,3.0,0
flow_0012.9,28.0,4.0,0
flow_001.21,25.0,2.5,0
flow_3012.0,24.0,2.5,0
flow_201.0,25.0,2.5,0
flow_10.0,28.5,3.5,0
flow_10.1,24.0,2.0,0
flow_201.1,29.0,3.0,0
flow_001.0,28.5,3.0,0
flow_30.0,40.5,4.0,0
flow_101.0,25.0,2.0,0
flow_201.2,25.5,2.5,0
flow_301.0,42.5,3.5,0
flow_201.3,30.0,3.5,0
flow_001.1,24.5,2.5,0
flow_201.4,27.0,2.5,0
flow_00.0,23.5,2.0,0
flow_201.5,26.0,2.5,0
flow_10.2,37.5,4.0,0
flow_3012.1,24.5,3.0,0
flow_20.0,20.5,1.5,0
flow_101.1,27.0,3.0,0
flow_00.1,34.0,4.0,0
flow_201.6,41.5,3.5,0
flow_00.2,34.0,3.0,0
flow_1012.0,39.0,4.5,0
flow_101.2,32.5,3.0,0
flow_301.1,34.5,4.0,0
flow_101.3,32.5,3.5,0
flow_0012.0,34.5,4.5,0
flow_20.1,36.0,6.5,0
flow_00.3,32.0,3.0,0
flow_20.2,28.0,3.5,0
flow_001.2,32.5,3.0,0
flow_10.3,24.0,2.5,0
flow_201.7,32.5,3.5,0
flow_3012.2,40.5,4.0,0
flow_00.4,26.5,3.5,0
flow_001.3,27.0,3.0,0
flow_10.4,20.5,1.5,0
flow_2012.0,40.5,4.5,0
flow_001.4,45.5,7.5,0
flow_0012.1,43.0,3.5,0
flow_0012.2,61.0,4.5,0
flow_00.5,54.0,3.0,0
flow_20.3,32.0,6.5,0
flow_0012.3,53.0,3.5,0
flow_1012.1,33.0,4.5,0
flow_30.1,44.5,6.0,0
flow_301.2,44.0,3.5,0
flow_30.2,24.0,2.5,0
flow_0012.4,48.5,4.5,0
flow_00.6,44.0,3.0,0
flow_201.8,51.5,7.5,0
flow_301.3,42.5,3.5,0
flow_101.4,24.5,2.5,0
flow_301.4,32.0,4.0,0
flow_0012.5,39.0,4.5,0
flow_2012.1,31.5,4.0,0
flow_101.5,42.0,3.5,0
flow_0012.6,34.0,4.5,0
flow_001.5,25.5,2.5,0
flow_201.9,36.0,4.5,0
flow_201.10,31.0,3.5,0
flow_10.5,20.5,1.5,0
flow_00.7,35.0,4.0,0
flow_20.4,34.0,4.0,0
flow_001.6,36.5,3.0,0
flow_00.8,25.0,2.5,0
flow_3012.3,24.0,3.0,0
flow_001.7,43.5,3.5,0
flow_001.8,42.0,3.5,0
flow_0012.7,40.5,4.0,0
flow_101.6,25.5,2.5,0
flow_001.9,50.0,3.5,0
flow_0012.8,28.0,3.0,0
flow_00.9,23.0,2.0,0
flow_301.5,39.0,3.5,0
flow_101.7,30.0,3.5,0
flow_301.6,25.0,2.5,0
flow_101.8,25.5,2.5,0
flow_001.10,42.5,3.5,0
flow_001.11,41.5,3.0,0
flow_0012.9,41.0,3.5,0
flow_2012.2,26.5,3.5,0
flow_301.7,26.5,3.0,0
flow_001.12,54.5,3.5,0
flow_00.10,35.5,3.0,0
flow_1012.2,34.0,4.5,0
flow_30.3,23.0,2.0,0
flow_101.9,44.5,3.5,0
flow_1012.3,24.5,3.0,0
flow_00.11,32.5,4.0,0
flow_001.13,32.5,3.0,0
flow_00.12,24.0,2.0,0
flow_30.4,20.0,1.5,0
flow_1012.4,34.5,4.5,0
flow_0012.10,44.5,4.5,0
flow_001.14,43.0,3.0,0
flow_101.10,43.0,3.5,0
flow_2012.3,32.0,4.0,0
flow_001.15,36.0,4.5,0
flow_001.16,28.0,3.5,0
flow_10.6,22.0,2.0,0
flow_001.17,44.0,3.5,0
flow_201.11,39.0,3.5,0
flow_2012.4,32.5,4.0,0
flow_201.12,30.0,2.5,0
flow_001.18,40.0,4.0,0
flow_3012.4,37.0,4.5,0
flow_301.8,35.5,2.5,0
flow_001.19,40.5,3.5,0
flow_201.13,26.5,3.0,0
flow_201.14,25.0,2.5,0
flow_10.7,41.5,4.0,0
flow_201.15,42.0,3.5,0
flow_001.20,27.5,3.0,0
flow_2012.5,38.0,4.0,0
flow_00.13,22.0,2.0,0
flow_10.8,22.0,2.0,0
flow_30.5,40.5,4.0,0
flow_301.9,25.5,2.5,0
flow_0012.11,40.0,4.5,0
flow_001.21,30.0,2.5,0
flow_101.11,24.5,2.5,0
flow_1012.5,24.0,2.5,0
flow_001.22,36.0,3.5,0
flow_201.16,36.0,3.5,0
flow_00.14,32.5,3.0,0
flow_201.17,36.0,3.0,0
flow_00.15,27.5,3.0,0
flow_00.16,26.0,3.0,0
flow_10.9,31.5,4.0,0
flow_30.6,30.0,3.5,0
flow_30.7,29.0,3.5,0
flow_301.10,27.0,2.5,0
flow_2012.6,45.5,4.5,0
flow_10.10,21.5,2.0,0
flow_2012.7,25.0,3.0,0
flow_1012.6,25.0,3.0,0
flow_2012.8,37.0,4.0,0
flow_0012.12,29.0,4.0,0
flow_0012.13,34.0,5.0,0
flow_001.23,25.0,2.5,0
flow_201.18,31.0,4.5,0
flow_301.11,37.5,3.5,0
flow_20.5,26.5,3.0,0
flow_00.17,21.0,1.5,0
flow_001.24,36.5,3.5,0
flow_20.6,23.0,2.0,0
flow_3012.5,32.5,4.5,0
flow_001.25,43.5,3.5,0
flow_00.18,41.5,3.0,0
flow_10.11,32.0,4.0,0
flow_301.12,25.0,2.0,0
flow_3012.6,26.0,3.5,0
flow_20.7,36.0,4.0,0
flow_00.19,21.5,2.0,0
flow_30.8,39.0,4.0,0
flow_1012.7,47.0,7.5,0
flow_10.12,44.5,3.5,0
flow_00.20,36.0,4.0,0
flow_201.19,36.5,3.5,0
flow_0012.14,37.5,4.0,0
flow_30.9,28.0,3.5,0
flow_10.13,62.0,4.0,0
flow_101.12,61.5,3.0,0
flow_101.13,51.5,3.0,0
flow_201.20,42.0,3.5,0
flow_2012.9,34.0,3.5,0
flow_201.21,29.5,2.5,0
flow_2012.0,27.5,4.0,0
flow_001.0,40.5,6.5,0
flow_0012.0,39.0,3.5,0
flow_2012.1,30.5,5.0,0
flow_3012.0,40.5,4.5,0
flow_1012.0,41.0,4.5,0
flow_1012.1,40.0,4.0,0
flow_301.0,43.5,6.5,0
flow_00.0,56.0,4.0,0
flow_201.0,35.5,3.5,0
flow_00.1,50.5,3.0,0
flow_1012.2,42.0,4.5,0
flow_301.1,63.5,7.0,0
flow_1012.3,44.0,5.0,0
flow_101.0,37.0,3.0,0
flow_00.2,20.5,1.5,0
flow_30.0,43.0,4.0,0
flow_1012.4,55.5,7.5,0
flow_101.1,53.5,3.5,0
flow_001.1,32.5,3.5,0
flow_10.0,64.0,4.0,0
flow_301.2,33.0,3.5,0
flow_30.1,23.5,2.0,0
flow_101.2,62.5,3.0,0
flow_101.3,59.0,3.0,0
flow_00.3,30.5,4.0,0
flow_201.1,25.5,2.5,0
flow_201.2,26.5,3.0,0
flow_30.2,35.5,4.0,0
flow_101.4,76.5,3.5,0
flow_101.5,55.0,3.5,0
flow_301.3,26.0,3.0,0
flow_101.6,25.0,2.5,0
flow_00.4,23.5,2.0,0
flow_201.3,24.5,2.5,0
flow_10.1,43.0,4.0,0
flow_301.4,42.0,3.5,0
flow_1012.5,43.5,4.0,0
flow_101.7,44.5,3.5,0
flow_20.0,24.0,2.5,0
flow_2012.2,26.0,3.5,0
flow_0012.1,24.0,3.0,0
flow_10.2,54.0,4.0,0
flow_301.5,28.0,3.0,0
flow_3012.1,27.5,3.5,0
flow_301.6,26.0,2.5,0
flow_101.8,53.0,6.5,0
flow_00.5,34.0,4.0,0
flow_2012.3,24.5,3.0,0
flow_10.3,62.0,4.0,0
flow_301.7,34.0,3.5,0
flow_101.9,54.0,3.0,0
flow_101.10,44.0,3.0,0
flow_3012.2,33.0,4.5,0
flow_101.11,64.0,7.5,0
flow_0012.2,35.5,4.5,0
flow_00.6,21.0,2.0,0
flow_2012.4,40.5,4.5,0
flow_20.1,37.0,3.0,0
flow_20.2,34.5,3.0,0
flow_1012.6,38.0,4.5,0
flow_101.12,32.5,3.0,0
flow_0012.3,35.5,4.5,0
flow_2012.5,50.0,4.5,0
flow_20.3,30.0,3.0,0
flow_101.13,41.0,3.5,0
flow_1012.7,39.0,3.5,0
flow_3012.3,25.0,3.5,0
flow_00.7,30.5,3.5,0
flow_201.4,31.5,3.0,0
flow_001.2,28.5,3.0,0
flow_30.3,37.5,4.0,0
flow_10.4,33.5,4.0,0
flow_10.5,33.5,3.0,0
flow_101.14,31.5,3.5,0
flow_10.6,33.0,3.5,0
flow_3012.4,46.0,7.5,0
flow_10.7,27.5,5.0,0
flow_20.4,41.0,4.0,0
flow_30.4,24.5,3.0,0
flow_201.5,39.5,3.5,0
flow_201.6,36.5,3.0,0
flow_2012.6,36.5,4.0,0
flow_101.15,27.5,3.0,0
flow_3012.5,37.5,6.0,0
flow_001.3,41.0,3.5,0
flow_201.7,53.0,3.5,0
flow_0012.4,42.0,4.0,0
flow_201.8,54.0,7.0,0
flow_3012.6,46.0,5.0,0
flow_301.8,27.5,3.0,0
flow_101.16,42.0,7.5,0
flow_10.8,23.5,2.0,0
flow_1012.8,31.5,4.0,0
flow_30.5,26.5,3.5,0
flow_101.17,30.0,3.5,0
flow_30.6,25.0,2.5,0
flow_00.8,37.0,4.0,0
flow_201.9,26.5,3.0,0
flow_301.9,46.0,4.0,0
flow_0012.5,25.5,3.0,0
flow_3012.7,43.5,4.5,0
flow_101.18,44.5,7.5,0
flow_101.19,43.5,3.0,0
flow_201.10,34.0,3.5,0
flow_001.4,28.0,3.5,0
flow_10.9,40.5,4.0,0
flow_101.20,32.0,3.0,0
flow_101.21,32.0,3.0,0
flow_20.5,41.5,4.0,0
flow_201.11,25.0,2.5,0
flow_30.7,36.5,4.0,0
flow_10.10,38.5,4.0,0
flow_301.10,38.0,3.0,0
flow_1012.9,41.5,5.0,0
flow_101.22,39.0,3.0,0
flow_2012.7,27.5,4.0,0
flow_1012.10,48.5,4.5,0
flow_1012.11,36.5,4.0,0
flow_30.8,22.0,2.0,0
flow_101.23,31.0,3.0,0
flow_001.5,32.0,3.5,0
flow_001.6,29.5,3.0,0
flow_2012.8,27.5,4.0,0
flow_001.7,43.5,6.5,0
flow_3012.8,41.5,4.5,0
flow_301.11,41.0,3.0,0
flow_001.8,39.0,3.5,0
flow_201.12,25.5,2.5,0
flow_301.12,42.0,3.5,0
flow_1012.12,27.0,5.0,0
flow_30.9,32.0,3.5,0
flow_1012.13,25.5,4.0,0
flow_001.9,45.0,4.0,0
flow_001.10,39.5,3.5,0
flow_3012.9,40.0,4.0,0
flow_30.10,25.0,2.5,0
flow_10.11,43.5,6.5,0
flow_30.11,20.5,1.5,0
flow_00.9,21.0,2.0,0
flow_0012.6,26.0,3.5,0
flow_10.12,38.5,4.0,0
flow_1012.14,36.0,3.5,0
flow_101.24,35.5,3.0,0
flow_201.13,24.0,2.0,0
flow_201.14,25.0,2.5,0
flow_101.25,53.0,3.5,0
flow_3012.10,27.0,4.5,0
flow_001.11,32.5,3.5,0
flow_201.15,45.0,3.5,0
flow_0012.7,30.5,4.0,0
flow_0012.8,25.5,3.5,0
flow_101.26,32.0,3.5,0
flow_301.13,39.5,3.5,0
flow_001.12,44.0,3.5,0
flow_201.16,33.0,3.5,0
flow_30.12,38.0,4.0,0
flow_101.27,39.5,3.5,0
flow_30.13,34.0,3.0,0
flow_101.28,37.5,3.5,0
flow_101.29,36.0,3.5,0
flow_201.17,42.5,3.5,0
flow_001.13,41.0,3.5,0
flow_0012.9,24.5,3.0,0
flow_10.13,52.5,4.0,0
flow_301.14,24.0,2.5,0
flow_101.30,52.5,3.0,0
flow_101.31,51.5,3.0,0
flow_201.18,26.5,3.0,0
flow_30.14,30.5,3.5,0
flow_101.32,68.5,3.5,0
flow_101.33,68.0,3.0,0
flow_30.15,21.0,2.0,0
flow_101.34,52.5,3.0,0
flow_201.19,32.5,3.5,0
flow_2012.9,29.5,3.5,0
flow_101.35,69.0,3.5,0
flow_1012.15,56.0,4.0,0
flow_10.14,45.5,3.0,0
flow_0012.10,29.5,4.0,0
flow_2012.10,28.0,4.0,0
flow_201.20,25.5,2.5,0
flow_101.36,64.5,3.5,0
flow_101.37,46.0,3.0,0
flow_101.38,38.5,3.5,0
flow_201.21,32.0,3.5,0
flow_201.22,32.5,3.5,0
flow_3012.11,35.5,4.0,0
flow_1012.16,56.5,4.5,0
flow_101.39,54.0,3.5,0
flow_101.40,50.0,3.5,0
flow_201.23,29.5,3.5,0
flow_20.6,25.5,3.0,0
flow_101.41,63.0,3.5,0
flow_1012.17,45.5,3.5,0
flow_1012.18,45.5,4.0,0
flow_301.15,30.0,6.5,0
flow_001.14,25.5,2.5,0
flow_201.24,24.5,2.5,0
flow_301.16,35.0,3.5,0
flow_101.42,52.5,3.5,0
flow_10.15,50.5,3.0,0
flow_101.43,49.5,3.0,0
flow_2012.11,32.5,4.0,0
flow_0012.11,44.0,4.5,0
flow_1012.19,26.0,3.5,0
flow_301.17,41.5,6.5,0
flow_00.10,31.0,4.0,0
flow_2012.12,30.5,4.5,0
flow_101.44,38.5,4.0,0
flow_0012.12,28.5,4.0,0
flow_0012.0,25.5,3.5,0
flow_2012.0,24.5,3.0,0
flow_101.0,28.0,3.0,0
flow_301.0,42.5,3.5,0
flow_001.0,36.0,3.5,0
flow_20.0,21.5,2.0,0
flow_101.1,44.0,4.0,0
flow_101.2,41.5,3.5,0
flow_1012.0,42.5,4.5,0
flow_10.0,56.0,4.0,0
flow_30.0,21.0,1.5,0
flow_20.1,39.5,4.0,0
flow_0012.1,39.5,7.5,0
flow_001.1,36.5,3.0,0
flow_301.1,28.5,3.0,0
flow_101.3,25.0,2.5,0
flow_1012.1,24.5,3.0,0
flow_0012.2,37.5,4.5,0
flow_2012.1,35.0,4.5,0
flow_201.0,35.0,3.5,0
flow_30.1,35.5,4.0,0
flow_201.1,25.5,2.5,0
flow_3012.0,36.5,4.0,0
flow_1012.2,40.5,4.5,0
flow_101.4,33.0,3.5,0
flow_3012.1,27.5,4.5,0
flow_0012.3,37.5,4.5,0
flow_301.2,45.0,3.5,0
flow_101.5,44.5,3.5,0
flow_3012.2,32.0,4.0,0
flow_1012.3,34.5,4.0,0
flow_101.6,29.0,3.0,0
flow_101.7,46.5,3.5,0
flow_30.2,43.5,4.0,0
flow_30.3,24.0,2.5,0
flow_101.8,40.0,3.0,0
flow_101.9,35.5,3.0,0
flow_001.2,25.0,2.5,0
flow_3012.3,43.0,4.5,0
flow_301.3,37.0,3.0,0
flow_101.10,46.0,7.5,0
flow_3012.4,30.5,3.5,0
flow_10.1,46.0,5.5,0
flow_201.2,42.5,3.5,0
flow_20.2,38.5,3.0,0
flow_2012.2,43.0,4.0,0
flow_301.4,43.5,3.5,0
flow_101.11,40.5,3.5,0
flow_30.4,42.0,3.0,0
flow_3012.5,34.5,3.5,0
flow_2012.3,58.5,4.5,0
flow_00.0,39.5,6.5,0
flow_301.5,45.5,3.5,0
flow_30.5,27.5,3.0,0
flow_101.12,26.0,3.0,0
flow_00.1,38.0,4.0,0
flow_001.3,39.5,3.0,0
flow_00.2,36.5,3.0,0
flow_001.4,52.0,3.5,0
flow_001.5,35.5,3.0,0
flow_201.3,25.0,2.5,0
flow_10.2,23.5,2.5,0
flow_001.6,32.5,3.5,0
flow_001.7,26.5,3.0,0
flow_3012.6,34.5,4.5,0
flow_30.6,21.0,2.0,0
flow_101.13,25.5,2.5,0
flow_00.3,21.5,2.0,0
flow_201.4,41.5,3.5,0
flow_2012.4,31.0,3.5,0
flow_2012.5,30.0,3.5,0
flow_101.14,42.5,3.5,0
flow_3012.7,25.0,3.0,0
flow_2012.6,44.0,4.5,0
flow_2012.7,36.0,4.0,0
flow_20.3,34.0,3.0,0
flow_301.6,31.5,3.0,0
flow_3012.8,28.0,3.5,0
flow_001.8,41.5,3.5,0
flow_001.9,41.0,3.0,0
flow_1012.4,38.5,4.5,0
flow_3012.9,40.0,4.5,0
flow_30.7,23.0,2.0,0
flow_2012.8,29.5,4.0,0
flow_001.10,41.5,7.0,0
flow_0012.4,31.5,3.5,0
flow_301.7,43.5,3.5,0
flow_1012.5,41.0,6.5,0
flow_30.8,43.0,3.5,0
flow_001.11,41.0,3.5,0
flow_00.4,23.0,2.0,0
flow_101.15,35.5,3.5,0
flow_301.8,32.5,3.5,0
flow_2012.9,39.5,4.5,0
flow_001.12,43.5,7.5,0
flow_00.5,40.0,3.5,0
flow_101.16,42.0,3.5,0
flow_301.9,24.5,2.5,0
flow_101.17,33.5,3.0,0
flow_1012.6,31.0,4.0,0
flow_201.5,39.0,3.5,0
flow_2012.10,36.5,3.5,0
flow_10.3,21.0,2.0,0
flow_2012.11,39.0,4.0,0
flow_0012.5,35.5,4.5,0
flow_00.6,33.0,3.0,0
flow_001.13,28.5,3.0,0
flow_10.4,21.5,2.0,0
flow_301.10,27.0,3.0,0
flow_00.7,26.0,3.0,0
flow_20.4,21.5,2.0,0
flow_301.11,30.5,3.5,0
flow_30.9,26.5,3.0,0
flow_30.10,25.0,2.5,0
flow_301.12,36.0,3.5,0
flow_1012.7,45.0,6.5,0
flow_10.5,23.5,2.5,0
flow_001.14,32.5,3.5,0
flow_201.6,31.5,3.0,0
flow_001.15,27.0,2.5,0
flow_20.5,21.0,1.5,0
flow_001.16,25.5,2.5,0
flow_301.13,25.0,2.5,0
flow_2012.12,32.0,4.0,0
flow_3012.10,36.0,4.5,0
flow_3012.11,26.0,3.5,0
flow_00.8,41.5,4.0,0
flow_00.9,31.0,3.5,0
flow_0012.6,33.0,4.0,0
flow_30.11,25.0,2.5,0
flow_30.12,22.0,2.0,0
flow_201.7,36.5,3.5,0
flow_301.14,42.0,3.5,0
flow_101.18,45.0,3.5,0
flow_10.6,22.0,2.0,0
flow_001.17,37.0,3.5,0
flow_00.10,24.5,2.5,0
flow_20.6,20.5,1.5,0
flow_2012.13,38.5,4.0,0
flow_20.7,37.0,3.0,0
flow_20.8,36.5,3.0,0
flow_3012.12,39.0,4.5,0
flow_301.15,39.0,3.0,0
flow_101.19,38.5,4.5,0
flow_1012.8,37.5,4.0,0
flow_201.8,45.5,4.0,0
flow_201.9,31.0,3.5,0
flow_30.13,27.5,3.5,0
flow_1012.9,57.0,7.5,0
flow_101.20,52.5,3.0,0
flow_301.16,32.5,3.0,0
flow_00.11,40.5,4.0,0
flow_20.9,23.5,2.5,0
flow_201.10,31.5,3.5,0
flow_001.18,41.5,3.0,0
flow_001.19,31.5,3.0,0
flow_1012.10,66.0,4.5,0
flow_3012.13,25.0,3.5,0
flow_101.21,54.0,3.5,0
flow_00.12,21.5,2.0,0
flow_2012.14,23.5,3.0,0
flow_10.7,48.5,4.0,0
flow_10.8,45.5,3.0,0
flow_1012.11,43.0,4.5,0
flow_00.13,22.5,2.0,0
flow_301.17,39.0,3.5,0
flow_301.18,24.5,2.0,0
flow_00.14,33.0,3.5,0
flow_301.19,43.0,3.5,0
flow_101.22,35.5,3.5,0
flow_1012.12,30.5,3.5,0
flow_20.10,22.0,2.0,0
flow_301.20,36.5,3.5,0
flow_3012.14,27.5,3.5,0
flow_00.15,38.0,4.0,0
flow_0012.7,29.5,3.5,0
flow_30.14,40.5,4.0,0
flow_101.23,34.5,3.5,0
flow_30.15,22.0,2.0,0
flow_10.9,22.0,2.0,0
flow_201.11,44.0,3.5,0
flow_20.11,27.5,2.5,0
flow_201.12,27.0,2.5,0
flow_101.24,27.5,3.0,0
flow_1012.13,26.0,3.0,0
flow_3012.15,35.5,6.5,0
flow_30.16,21.5,2.0,0
flow_10.10,21.5,2.0,0
flow_30.17,38.0,4.0,0
flow_30.18,29.0,3.0,0
flow_10.11,20.0,1.5,0
flow_2012.15,33.0,4.5,0
flow_00.16,31.0,4.0,0
flow_2012.16,44.5,4.5,0
flow_301.21,36.0,3.5,0
flow_301.22,36.5,3.0,0
flow_1012.14,26.5,4.0,0
flow_201.13,36.0,3.5,0
flow_00.0,28.0,3.5,0
flow_201.0,33.5,3.5,0
flow_201.1,32.0,3.0,0
flow_10.0,37.0,4.0,0
flow_101.0,36.5,3.0,0
flow_201.2,39.5,3.5,0
flow_301.0,36.5,3.5,0
flow_0012.0,32.0,4.0,0
flow_2012.0,27.0,4.0,0
flow_10.1,21.5,2.0,0
flow_301.1,40.5,3.5,0
flow_3012.0,40.5,4.0,0
flow_3012.1,39.5,4.0,0
flow_201.3,41.5,3.5,0
flow_30.0,25.0,3.0,0
flow_101.1,45.0,3.5,0
flow_101.2,44.0,3.0,0
flow_001.0,44.5,3.5,0
flow_2012.1,25.5,3.5,0
flow_001.1,32.0,6.0,0
flow_101.3,41.0,3.5,0
flow_101.4,41.0,3.0,0
flow_1012.0,28.0,3.5,0
flow_001.2,49.5,3.5,0
flow_201.4,38.0,3.5,0
flow_0012.1,50.0,4.0,0
flow_00.1,46.0,3.0,0
flow_101.5,45.5,3.5,0
flow_101.6,26.0,2.5,0
flow_201.5,42.0,3.5,0
flow_0012.2,66.5,6.0,0
flow_001.3,38.5,3.0,0
flow_201.6,40.0,4.0,0
flow_10.2,34.0,4.0,0
flow_301.2,45.0,3.5,0
flow_3012.2,45.0,4.0,0
flow_301.3,37.5,3.0,0
flow_001.4,45.0,3.5,0
flow_201.7,31.5,3.0,0
flow_001.5,42.5,3.0,0
flow_101.7,40.5,3.5,0
flow_201.8,41.5,3.5,0
flow_001.6,39.5,3.5,0
flow_00.2,25.0,2.5,0
flow_0012.3,25.0,3.0,0
flow_10.3,30.5,3.5,0
flow_301.4,43.0,3.5,0
flow_30.1,25.5,2.5,0
flow_20.0,36.0,4.0,0
flow_2012.2,26.0,3.0,0
flow_30.2,38.5,4.0,0
flow_10.4,38.0,4.0,0
flow_20.1,39.0,4.0,0
flow_20.2,24.5,2.5,0
flow_101.8,41.0,3.5,0
flow_101.9,41.0,3.0,0
flow_101.10,41.0,3.5,0
flow_20.3,27.5,3.0,0
flow_2012.3,44.0,5.0,0
flow_1012.1,27.5,4.0,0
flow_1012.2,26.0,3.5,0
flow_3012.3,29.5,4.5,0
flow_2012.4,40.0,4.5,0
flow_001.7,26.5,2.5,0
flow_101.11,43.5,3.5,0
flow_00.3,21.5,2.0,0
flow_10.5,27.0,3.5,0
flow_201.9,25.5,2.5,0
flow_301.5,44.0,3.5,0
flow_10.6,20.5,1.5,0
flow_30.3,42.0,3.0,0
flow_3012.4,27.5,3.5,0
flow_20.4,35.0,4.0,0
flow_201.10,27.0,3.0,0
flow_20.5,23.5,2.0,0
flow_301.6,40.0,3.5,0
flow_10.7,23.5,2.5,0
flow_1012.3,46.5,6.5,0
flow_301.7,42.0,3.5,0
flow_20.6,34.0,4.0,0
flow_3012.5,47.5,4.5,0
flow_201.11,41.5,3.5,0
flow_20.7,22.5,2.0,0
flow_30.4,29.5,3.5,0
flow_101.12,24.5,2.0,0
flow_201.12,26.0,2.5,0
flow_101.13,26.0,3.0,0
flow_1012.4,26.0,3.5,0
flow_20.8,20.0,1.5,0
flow_20.9,42.0,4.0,0
flow_3012.6,27.5,4.0,0
flow_101.14,41.5,7.0,0
flow_1012.5,27.0,3.5,0
flow_301.8,40.5,6.5,0
flow_001.8,43.5,3.5,0
flow_001.9,42.0,3.0,0
flow_301.9,26.5,3.0,0
flow_101.15,41.0,3.5,0
flow_10.8,20.5,2.0,0
flow_201.13,25.5,2.5,0
flow_001.10,26.0,3.0,0
flow_2012.5,24.0,3.0,0
flow_301.10,34.5,3.5,0
flow_0012.4,25.5,3.5,0
flow_30.5,21.5,2.0,0
flow_101.16,29.5,3.5,0
flow_10.9,26.5,3.0,0
flow_20.10,35.5,4.0,0
flow_001.11,43.5,3.5,0
flow_201.14,32.5,3.0,0
flow_20.11,27.5,3.0,0
flow_001.12,27.0,3.0,0
flow_101.17,32.5,3.5,0
flow_301.11,29.5,3.5,0
flow_1012.6,31.0,4.0,0
flow_301.12,27.0,3.0,0
flow_201.15,44.5,3.5,0
flow_0012.5,43.0,6.5,0
flow_0012.6,35.5,4.5,0
flow_201.16,34.5,4.5,0
flow_1012.7,28.0,4.0,0
flow_301.13,45.5,6.5,0
flow_1012.8,25.5,3.5,0
flow_001.13,44.0,3.5,0
flow_201.17,34.0,3.5,0
flow_0012.7,37.0,3.5,0
flow_201.18,30.5,6.0,0
flow_301.14,65.0,3.5,0
flow_30.6,25.5,2.5,0
flow_001.14,35.5,3.5,0
flow_001.15,26.5,3.0,0
flow_101.18,35.0,3.5,0
flow_3012.7,34.5,5.5,0
flow_201.19,38.0,3.5,0
flow_201.20,38.5,3.5,0
flow_001.16,26.0,2.5,0
flow_201.21,30.0,4.0,0
flow_301.15,38.0,3.5,0
flow_301.16,37.5,3.0,0
flow_001.17,31.5,3.0,0
flow_201.22,24.5,2.5,0
flow_0012.8,25.5,3.5,0
flow_301.17,43.0,3.5,0
flow_1012.9,38.0,6.5,0
flow_301.18,44.5,3.5,0
flow_201.23,41.5,3.5,0
flow_101.19,37.5,3.5,0
flow_20.12,32.0,4.0,0
flow_0012.9,26.5,3.5,0
flow_30.7,40.0,4.0,0
flow_101.20,39.0,3.5,0
flow_3012.8,23.5,2.5,0
flow_1012.10,26.0,3.5,0
flow_201.24,24.5,2.5,0
flow_101.21,25.5,2.5,0
flow_1012.11,23.5,3.0,0
flow_20.13,42.5,4.0,0
flow_001.18,34.5,3.5,0
flow_201.25,42.0,3.0,0
flow_201.26,42.5,3.5,0
flow_10.10,39.0,4.0,0
flow_30.8,30.5,3.5,0
flow_301.19,32.0,3.0,0
flow_301.20,31.0,3.0,0
flow_20.14,38.5,4.0,0
flow_0012.10,46.0,7.5,0
flow_001.19,43.5,3.0,0
flow_10.11,22.0,2.0,0
flow_301.21,29.0,3.5,0
flow_30.9,26.0,3.0,0
flow_0012.11,62.5,4.5,0
flow_301.22,24.5,2.5,0
flow_00.4,21.5,2.0,0
flow_001.20,25.0,2.5,0
flow_301.23,36.0,3.5,0
flow_101.22,26.0,3.0,0
flow_0012.12,42.5,4.0,0
flow_2012.6,43.0,4.0,0
flow_00.5,32.0,3.0,0
flow_20.15,40.5,3.0,0
flow_001.21,32.0,2.5,0
flow_201.27,41.0,3.0,0
flow_101.23,28.5,3.5,0
flow_001.22,42.0,3.5,0
flow_00.6,39.0,3.0,0
flow_301.0,24.5,2.5,0
flow_20.0,31.5,4.0,0
flow_00.0,21.5,2.0,0
flow_001.0,25.0,2.5,0
flow_30.0,27.0,3.5,0
flow_20.1,26.5,3.5,0
flow_00.1,35.5,4.0,0
flow_001.1,33.5,3.0,0
flow_001.2,30.5,3.5,0
flow_101.0,32.5,3.5,0
flow_10.0,25.0,2.5,0
flow_201.0,38.0,3.5,0
flow_20.2,33.5,3.0,0
flow_30.1,21.0,1.5,0
flow_101.1,37.0,3.5,0
flow_00.2,42.5,4.0,0
flow_2012.0,24.5,3.0,0
flow_3012.0,39.0,4.5,0
flow_1012.0,37.0,4.5,0
flow_301.1,35.0,3.0,0
flow_301.2,27.5,3.0,0
flow_201.1,40.5,3.5,0
flow_001.3,28.5,3.0,0
flow_301.3,33.5,3.5,0
flow_301.4,33.0,3.0,0
flow_00.3,31.5,4.0,0
flow_2012.1,46.0,6.5,0
flow_2012.2,41.5,4.5,0
flow_2012.3,40.0,4.5,0
flow_301.5,36.0,3.5,0
flow_201.2,54.5,3.5,0
flow_001.4,58.0,3.5,0
flow_0012.0,49.5,3.5,0
flow_00.4,31.0,3.0,0
flow_3012.1,35.0,4.5,0
flow_10.1,41.5,6.5,0
flow_101.2,26.5,3.0,0
flow_001.5,50.5,3.5,0
flow_201.3,43.5,3.5,0
flow_101.3,39.5,3.5,0
flow_3012.2,34.0,6.0,0
flow_101.4,29.5,3.0,0
flow_001.6,32.0,3.5,0
flow_1012.1,33.0,4.5,0
flow_0012.1,43.5,4.5,0
flow_101.5,29.0,3.5,0
flow_2012.4,27.5,4.0,0
flow_1012.2,38.0,4.5,0
flow_101.6,37.0,3.0,0
flow_1012.3,35.5,4.0,0
flow_001.7,30.0,3.5,0
flow_201.4,43.5,3.5,0
flow_201.5,34.0,3.0,0
flow_101.7,49.0,3.5,0
flow_201.6,23.5,2.0,0
flow_2012.5,37.5,4.0,0
flow_001.8,42.5,7.0,0
flow_2012.6,35.0,5.5,0
flow_201.7,32.0,3.0,0
flow_101.8,43.0,3.5,0
flow_301.6,42.0,3.5,0
flow_001.9,49.0,3.5,0
flow_00.5,40.5,3.0,0
flow_201.8,26.5,3.0,0
flow_001.10,30.0,2.5,0
flow_101.9,31.5,3.5,0
flow_101.10,32.0,3.0,0
flow_0012.2,48.0,4.5,0
flow_2012.7,35.5,4.5,0
flow_20.3,25.5,2.5,0
flow_001.11,48.0,3.0,0
flow_0012.3,41.5,3.5,0
flow_00.6,50.5,4.0,0
flow_0012.4,44.0,3.5,0
flow_00.7,31.0,3.0,0
flow_301.7,29.5,3.5,0
flow_1012.4,42.0,6.5,0
flow_1012.5,33.0,5.0,0
flow_1012.6,31.0,4.5,0
flow_001.12,35.0,3.5,0
flow_101.11,46.0,3.5,0
flow_301.8,46.5,4.0,0
flow_301.9,28.5,3.5,0
flow_301.10,27.0,3.5,0
flow_001.13,41.0,3.5,0
flow_201.9,43.5,4.0,0
flow_20.4,40.0,3.0,0
flow_20.5,36.5,4.0,0
flow_001.14,38.5,3.5,0
flow_001.15,38.5,3.0,0
flow_0012.5,35.5,3.5,0
flow_10.2,35.5,4.0,0
flow_101.12,24.5,2.5,0
flow_00.8,34.5,4.0,0
flow_001.16,34.5,2.5,0
flow_101.13,44.5,3.5,0
flow_00.9,23.0,2.0,0
flow_201.10,41.5,3.5,0
flow_201.11,29.0,3.0,0
flow_001.17,25.0,2.5,0
flow_2012.8,29.5,4.5,0
flow_301.11,42.0,3.5,0
flow_1012.7,41.5,6.5,0
flow_10.3,21.0,2.0,0
flow_30.2,38.0,3.5,0
flow_001.18,34.5,3.5,0
flow_201.12,24.0,2.0,0
flow_201.13,39.0,3.5,0
flow_20.6,27.5,3.0,0
flow_201.14,27.0,3.0,0
flow_001.19,28.0,3.5,0
flow_30.3,40.0,4.0,0
flow_101.14,30.5,3.5,0
flow_00.10,41.5,4.0,0
flow_20.7,21.5,2.0,0
flow_00.11,26.0,2.5,0
flow_201.15,24.0,2.5,0
flow_101.15,26.5,3.0,0
flow_20.8,39.0,4.0,0
flow_001.20,43.5,3.5,0
flow_001.21,26.0,2.5,0
flow_10.4,28.5,3.5,0
flow_10.5,23.5,2.0,0
flow_001.22,34.0,3.5,0
flow_2012.9,45.0,7.0,0
flow_3012.3,25.5,3.0,0
flow_001.23,34.5,3.5,0
flow_201.16,25.0,2.5,0
flow_001.24,25.5,2.5,0
flow_301.12,40.5,3.5,0
flow_1012.8,44.5,6.5,0
flow_10.6,23.0,2.0,0
flow_0012.6,26.0,3.5,0
flow_201.17,43.0,6.5,0
flow_10.7,21.0,1.5,0
flow_101.16,43.0,3.5,0
flow_3012.4,25.5,3.5,0
flow_0012.7,25.5,3.5,0
flow_301.13,40.0,3.5,0
flow_1012.9,45.0,6.5,0
flow_10.8,21.0,2.0,0
flow_201.18,39.0,4.0,0
flow_0012.8,42.0,7.0,0
flow_0012.9,29.0,4.5,0
flow_3012.5,29.5,4.0,0
flow_101.17,28.0,3.0,0
flow_00.12,24.0,2.5,0
flow_201.19,45.0,3.5,0
flow_001.25,26.0,2.5,0
flow_201.20,42.5,3.5,0
flow_201.21,41.0,3.5,0
flow_10.9,25.5,2.5,0
flow_301.14,39.0,3.5,0
flow_2012.10,55.5,4.5,0
flow_0012.10,28.0,4.0,0
flow_201.22,55.5,3.5,0
flow_201.23,48.5,3.0,0
flow_3012.6,36.5,4.5,0
flow_301.15,36.0,3.0,0
flow_30.4,33.0,3.0,0
flow_20.9,55.0,4.0,0
flow_20.10,41.5,3.0,0
flow_2012.11,37.0,3.5,0
flow_301.16,49.5,3.5,0
flow_101.18,34.0,3.5,0
flow_30.5,42.5,3.0,0
flow_101.19,29.0,3.0,0
flow_301.17,39.5,3.0,0
flow_201.24,47.0,3.5,0
flow_001.26,43.5,3.5,0
flow_20.11,36.0,3.0,0
flow_0012.11,45.0,7.0,0
flow_20.12,39.0,5.5,0
flow_301.18,42.5,3.5,0
flow_3012.7,42.5,4.0,0
flow_101.20,25.0,2.5,0
flow_2012.12,34.0,4.0,0
flow_20.13,32.0,3.0,0
flow_001.27,66.5,7.5,0
flow_0012.12,61.5,4.0,0
flow_3012.8,33.5,4.5,0
flow_30.6,26.5,2.5,0
flow_101.21,39.5,7.0,0
flow_101.22,36.5,3.0,0
flow_20.14,40.0,4.0,0
flow_201.25,41.0,3.0,0
flow_00.13,20.5,1.5,0
flow_3012.9,39.0,4.5,0
flow_001.28,29.0,3.5,0
flow_001.29,42.5,3.5,0
flow_201.26,26.5,3.0,0
flow_0012.13,26.5,3.5,0
flow_301.19,24.5,2.5,0
flow_00.14,21.0,2.0,0
flow_10.0,24.0,2.5,0
flow_1012.0,26.0,3.5,0
flow_1012.1,25.5,3.5,0
flow_201.0,32.5,3.5,0
flow_001.0,28.0,3.5,0
flow_2012.0,35.0,6.0,0
flow_3012.0,43.0,4.5,0
flow_101.0,43.0,7.0,0
flow_30.0,22.0,2.0,0
flow_00.0,39.5,4.0,0
flow_201.1,35.5,3.5,0
flow_0012.0,40.5,4.0,0
flow_001.1,26.0,2.5,0
flow_3012.1,37.5,4.5,0
flow_30.1,34.5,3.0,0
flow_101.1,42.0,7.5,0
flow_301.0,34.5,3.0,0
flow_101.2,33.5,3.0,0
flow_001.2,44.0,3.5,0
flow_0012.1,43.0,4.0,0
flow_201.2,27.0,3.0,0
flow_10.1,20.5,1.5,0
flow_30.2,21.5,1.5,0
flow_001.3,45.5,3.5,0
flow_201.3,37.0,3.5,0
flow_20.0,28.5,3.0,0
flow_301.1,39.0,3.5,0
flow_101.3,43.0,4.0,0
flow_10.2,35.0,3.0,0
flow_301.2,38.0,3.0,0
flow_301.3,31.5,3.0,0
flow_00.1,21.0,1.5,0
flow_3012.2,45.5,4.5,0
flow_10.3,40.5,6.5,0
flow_1012.2,39.0,4.0,0
flow_3012.3,38.0,5.5,0
flow_3012.4,31.0,4.5,0
flow_00.2,21.0,1.5,0
flow_20.1,21.0,1.5,0
flow_101.4,50.5,3.5,0
flow_301.4,43.5,3.5,0
flow_1012.3,44.0,4.5,0
flow_20.2,39.0,4.0,0
flow_001.4,32.0,3.5,0
flow_201.4,28.5,2.5,0
flow_1012.4,36.5,4.5,0
flow_20.3,30.0,3.5,0
flow_1012.5,37.0,4.5,0
flow_2012.1,27.5,4.0,0
flow_201.5,25.0,2.5,0
flow_20.4,21.5,2.0,0
flow_30.3,35.5,4.0,0
flow_301.5,29.5,3.0,0
flow_20.5,42.0,4.0,0
flow_0012.2,33.5,6.0,0
flow_101.5,26.0,3.0,0
flow_201.6,30.0,3.5,0
flow_301.6,30.0,3.5,0
flow_301.7,29.5,3.0,0
flow_101.6,25.5,2.5,0
flow_301.8,27.0,3.0,0
flow_001.5,42.0,3.5,0
flow_201.7,44.0,3.5,0
flow_001.6,34.5,3.0,0
flow_201.8,41.5,3.0,0
flow_101.7,43.0,3.5,0
flow_301.9,37.0,4.0,0
flow_1012.6,38.5,4.0,0
flow_001.7,40.0,3.5,0
flow_201.9,39.5,3.5,0
flow_20.6,29.0,3.0,0
flow_20.7,29.5,3.0,0
flow_1012.7,29.0,4.0,0
flow_301.10,40.0,7.0,0
flow_2012.2,38.0,4.5,0
flow_0012.3,24.5,3.0,0
flow_2012.3,38.5,4.0,0
flow_201.10,28.5,2.5,0
flow_001.8,27.0,3.0,0
flow_101.8,35.5,3.5,0
flow_301.11,32.0,3.5,0
flow_1012.8,34.5,4.0,0
flow_2012.4,47.0,4.5,0
flow_00.3,27.5,6.0,0
flow_201.11,44.5,3.0,0
flow_201.12,41.0,3.5,0
flow_201.13,57.0,3.5,0
flow_301.12,25.5,2.5,0
flow_0012.4,33.5,4.5,0
flow_2012.5,38.0,4.5,0
flow_0012.5,34.5,4.5,0
flow_30.4,22.5,2.5,0
flow_101.9,27.0,3.0,0
flow_101.10,27.0,3.0,0
flow_001.9,32.0,3.5,0
flow_201.14,45.0,3.5,0
flow_3012.5,27.0,3.5,0
flow_101.11,36.5,6.5,0
flow_2012.6,42.5,4.5,0
flow_201.15,32.5,3.0,0
flow_30.5,33.5,4.0,0
flow_101.12,33.0,3.5,0
flow_301.13,25.0,2.5,0
flow_0012.6,25.5,3.5,0
flow_3012.6,25.0,3.5,0
flow_2012.7,31.5,4.0,0
flow_301.14,37.0,3.5,0
flow_1012.9,42.0,6.5,0
flow_30.6,39.5,4.0,0
flow_201.16,41.0,3.5,0
flow_2012.8,34.5,3.5,0
flow_20.8,28.0,2.5,0
flow_001.10,26.5,3.0,0
flow_20.9,47.0,4.0,0
flow_20.10,23.5,2.0,0
flow_301.15,35.0,3.5,0
flow_1012.10,46.5,6.5,0
flow_101.13,44.0,3.5,0
flow_00.4,25.5,3.0,0
flow_201.17,42.5,4.0,0
flow_2012.9,27.5,3.5,0
flow_101.14,44.0,3.5,0
flow_10.4,43.0,3.0,0
flow_101.15,25.5,2.5,0
flow_20.11,34.0,4.0,0
flow_001.11,26.5,3.0,0
flow_201.18,29.5,3.0,0
flow_001.12,24.5,2.0,0
flow_101.16,27.5,3.0,0
flow_20.12,40.5,4.0,0
flow_0012.7,42.5,7.5,0
flow_0012.8,38.5,4.5,0
flow_101.17,32.0,3.5,0
flow_301.16,24.0,2.5,0
flow_201.19,59.0,3.5,0
flow_001.13,51.5,3.5,0
flow_2012.10,43.5,4.0,0
flow_0012.9,46.5,4.0,0
flow_0012.10,42.5,4.0,0
flow_10.5,38.0,4.0,0
flow_30.7,20.5,1.5,0
flow_101.18,34.5,3.0,0
flow_101.19,29.0,3.5,0
flow_001.14,32.5,3.5,0
flow_00.5,26.5,2.5,0
flow_001.15,25.0,2.5,0
flow_101.20,46.5,3.5,0
flow_1012.11,34.5,3.5,0
flow_3012.7,29.0,6.0,0
flow_10.6,29.0,2.5,0
flow_301.17,29.5,3.5,0
flow_201.20,28.5,3.0,0
flow_001.16,33.0,3.5,0
flow_2012.11,28.0,4.5,0
flow_101.21,43.0,3.5,0
flow_201.21,42.5,3.5,0
flow_101.22,32.0,3.5,0
flow_301.18,41.5,3.5,0
flow_301.19,41.0,3.0,0
flow_301.20,40.0,3.0,0
flow_2012.12,43.0,4.5,0
flow_3012.8,32.0,4.0,0
flow_301.21,30.5,2.5,0
flow_30.8,28.0,3.0,0
flow_301.22,26.5,2.5,0
flow_201.22,26.0,3.0,0
flow_001.17,29.5,3.5,0
flow_0012.11,24.0,3.0,0
flow_101.23,41.5,3.5,0
flow_10.7,33.5,3.0,0
flow_00.6,22.5,2.5,0
flow_201.23,31.5,3.5,0
flow_20.13,21.5,2.0,0
flow_101.24,44.0,4.0,0
flow_3012.9,28.5,5.0,0
flow_101.25,28.5,3.5,0
flow_201.24,38.0,3.5,0
flow_201.25,38.0,3.5,0
flow_201.26,37.0,3.5,0
flow_201.27,35.5,3.5,0
flow_101.26,41.5,3.5,0
flow_2012.13,42.5,4.5,0
flow_0012.12,36.5,4.5,0
flow_0012.13,36.0,4.0,0
flow_201.28,33.0,6.5,0
flow_101.27,25.5,2.5,0
flow_301.23,33.0,3.5,0
flow_101.28,26.0,3.0,0
flow_201.29,46.5,3.5,0
flow_001.18,39.5,3.5,0
flow_001.19,35.5,3.0,0
flow_2012.14,43.0,6.0,0
flow_201.30,37.0,3.0,0
flow_101.29,24.5,2.5,0
flow_201.31,54.5,4.0,0
flow_2012.15,50.5,4.0,0
flow_2012.16,35.5,4.0,0
flow_30.9,32.0,4.0,0
flow_101.30,26.0,3.0,0
flow_201.32,50.0,3.5,0
flow_301.0,25.0,2.5,0
flow_301.1,26.5,3.0,0
flow_001.0,28.0,3.0,0
flow_001.1,28.0,3.5,0
flow_201.0,26.0,3.0,0
flow_301.2,45.0,3.5,0
flow_30.0,43.5,4.0,0
flow_1012.0,27.0,4.0,0
flow_101.0,25.5,2.5,0
flow_3012.0,45.5,5.0,0
flow_001.2,24.0,2.5,0
flow_301.3,50.0,3.5,0
flow_101.1,38.0,3.5,0
flow_1012.1,36.5,3.5,0
flow_301.4,49.0,7.0,0
flow_001.3,34.5,3.5,0
flow_201.1,34.5,3.5,0
flow_2012.0,25.0,3.5,0
flow_1012.2,37.0,4.5,0
flow_30.1,60.0,7.0,0
flow_301.5,59.5,3.5,0
flow_3012.1,40.0,3.5,0
flow_001.4,36.0,3.5,0
flow_2012.1,23.5,3.0,0
flow_301.6,48.0,3.5,0
flow_101.2,34.5,3.5,0
flow_101.3,33.0,3.0,0
flow_301.7,44.5,3.0,0
flow_301.8,41.0,3.5,0
flow_20.0,41.0,4.0,0
flow_201.2,42.0,3.0,0
flow_301.9,42.0,3.0,0
flow_3012.2,25.0,3.0,0
flow_301.10,26.0,2.5,0
flow_00.0,41.5,4.0,0
flow_00.1,40.5,3.0,0
flow_00.2,30.5,3.0,0
flow_101.4,35.0,3.5,0
flow_3012.3,25.5,3.5,0
flow_00.3,41.0,4.0,0
flow_001.5,41.0,3.0,0
flow_001.6,36.5,3.0,0
flow_301.11,43.5,3.5,0
flow_00.4,23.0,2.0,0
flow_201.3,26.5,3.0,0
flow_10.0,22.5,2.0,0
flow_301.12,44.5,3.5,0
flow_201.4,31.0,3.5,0
flow_001.7,29.0,3.5,0
flow_3012.4,33.0,4.5,0
flow_001.8,32.5,3.5,0
flow_0012.0,32.0,4.0,0
flow_00.5,29.5,3.0,0
flow_001.9,28.0,2.5,0
flow_1012.3,30.5,4.5,0
flow_30.2,43.5,6.5,0
flow_001.10,45.0,3.5,0
flow_001.11,40.5,3.0,0
flow_101.5,27.0,3.0,0
flow_301.13,32.0,3.5,0
flow_20.1,41.5,4.0,0
flow_201.5,33.0,3.0,0
flow_20.2,24.5,2.5,0
flow_10.1,40.0,4.0,0
flow_301.14,36.5,3.5,0
flow_30.3,33.5,3.0,0
flow_101.6,37.0,3.0,0
flow_1012.4,36.5,3.5,0
flow_001.12,36.5,3.5,0
flow_201.6,42.0,3.5,0
flow_001.13,28.0,3.5,0
flow_201.7,27.0,3.0,0
flow_101.7,39.0,3.5,0
flow_301.15,25.5,2.5,0
flow_101.8,37.0,3.0,0
flow_1012.5,27.0,3.5,0
flow_30.4,39.0,4.0,0
flow_1012.6,45.0,7.5,0
flow_1012.7,44.0,4.5,0
flow_00.6,31.5,3.5,0
flow_301.16,51.5,3.5,0
flow_1012.8,46.5,6.5,0
flow_101.9,33.5,3.0,0
flow_301.17,25.5,2.5,0
flow_2012.2,44.0,4.5,0
flow_00.7,41.5,6.5,0
flow_001.14,25.0,2.5,0
flow_1012.9,35.0,4.5,0
flow_301.18,47.0,7.5,0
flow_101.10,25.0,2.5,0
flow_301.19,39.0,3.5,0
flow_201.8,37.0,3.5,0
flow_001.15,36.0,3.5,0
flow_00.8,30.0,3.0,0
flow_00.9,26.0,2.5,0
flow_1012.10,43.5,4.5,0
flow_301.20,54.0,7.5,0
flow_10.2,22.0,2.0,0
flow_301.21,53.5,3.5,0
flow_0012.1,28.0,4.0,0
flow_201.9,43.0,6.5,0
flow_101.11,26.0,2.5,0
flow_1012.11,24.5,3.0,0
flow_3012.5,71.5,6.0,0
flow_301.22,61.5,3.0,0
flow_201.10,38.0,3.5,0
flow_0012.2,46.5,7.0,0
flow_301.23,76.5,3.5,0
flow_3012.6,76.5,4.0,0
flow_001.16,26.5,3.0,0
flow_2012.3,39.0,4.5,0
flow_201.11,37.5,3.0,0
flow_20.3,25.0,3.5,0
flow_0012.3,28.0,4.0,0
flow_301.24,44.0,3.5,0
flow_30.5,43.0,3.0,0
flow_101.12,25.5,2.5,0
flow_301.25,36.0,2.5,0
flow_20.4,24.0,2.5,0
flow_001.17,44.5,3.5,0
flow_001.18,41.5,3.0,0
flow_0012.4,37.0,4.0,0
flow_30.6,53.0,4.0,0
flow_101.13,36.5,3.5,0
flow_301.26,42.5,2.5,0
flow_2012.4,33.5,4.0,0
flow_0012.5,54.0,4.5,0
flow_201.12,31.0,3.5,0
flow_3012.7,24.0,3.0,0
flow_1012.12,24.0,2.5,0
flow_0012.6,24.0,3.0,0
flow_1012.13,39.0,4.5,0
flow_301.27,27.0,3.0,0
flow_101.14,27.0,3.0,0
flow_101.15,35.0,3.5,0
flow_201.13,44.5,3.5,0
flow_201.14,26.0,2.5,0
flow_1012.14,44.5,4.5,0
flow_30.7,22.5,2.5,0
flow_101.16,27.5,2.5,0
flow_1012.15,27.5,3.5,0
flow_3012.8,25.0,3.5,0
flow_20.5,42.5,4.0,0
flow_2012.5,25.5,3.0,0
flow_0012.7,35.0,6.0,0
flow_001.19,35.5,3.5,0
flow_101.17,34.0,3.5,0
flow_301.28,31.5,3.5,0
flow_10.3,21.5,2.0,0
flow_301.29,30.0,3.0,0
flow_2012.6,43.5,4.5,0
flow_00.10,33.5,5.5,0
flow_0012.8,25.0,3.0,0
flow_30.8,40.5,4.0,0
flow_101.18,43.5,3.5,0
flow_301.30,43.0,3.5,0
flow_301.31,42.0,3.5,0
flow_3012.9,26.5,3.5,0
flow_101.19,39.5,6.5,0
flow_10.4,26.0,2.5,0
flow_201.15,25.5,2.5,0
flow_30.9,30.5,3.5,0
flow_10.5,20.5,1.5,0
flow_001.20,32.0,3.5,0
flow_001.21,27.0,3.0,0
flow_101.20,39.0,3.5,0
flow_301.32,41.0,3.5,0
flow_1012.16,36.0,4.0,0
flow_101.21,29.0,2.5,0
flow_301.33,40.5,7.0,0
flow_201.16,38.5,3.5,0
flow_001.22,35.0,3.5,0
flow_301.34,38.0,3.5,0
flow_1012.17,51.5,7.0,0
flow_101.22,48.0,3.5,0
flow_10.6,41.0,3.0,0
flow_20.6,31.0,3.5,0
flow_201.17,30.0,2.5,0
flow_201.18,29.0,3.0,0
flow_101.23,60.0,3.5,0
flow_201.19,30.5,3.0,0
flow_001.23,35.5,3.5,0
flow_001.24,27.5,3.0,0
flow_2012.7,31.5,6.0,0
flow_10.7,28.5,3.5,0
flow_301.35,30.0,3.5,0
flow_3012.10,26.0,3.5,0
flow_0012.9,27.5,4.0,0
flow_10.8,37.5,4.0,0
flow_301.36,41.0,3.5,0
flow_301.37,32.5,3.5,0
flow_00.11,31.0,4.0,0
flow_20.7,29.0,3.5,0
flow_2012.8,29.0,3.5,0
flow_3012.11,28.0,4.0,0
flow_301.38,27.0,2.5,0
flow_201.20,43.0,3.5,0
flow_001.25,26.0,3.0,0
flow_001.26,25.5,3.0,0
flow_3012.12,41.5,4.5,0
flow_30.10,38.0,3.0,0
flow_101.24,25.5,2.5,0
flow_301.39,28.0,2.5,0
flow_301.40,24.5,2.0,0
flow_101.25,45.0,3.5,0
flow_301.41,31.0,3.0,0
flow_2012.9,38.5,4.5,0
flow_201.21,35.0,3.0,0
flow_301.42,36.5,3.5,0
flow_10.9,22.0,2.0,0
flow_3012.13,36.0,5.5,0
flow_301.43,33.5,3.0,0
flow_201.22,38.0,3.5,0
flow_001.27,25.5,2.5,0
flow_10.0,22.5,2.0,0
flow_101.0,26.0,3.0,0
flow_201.0,34.5,3.5,0
flow_201.1,30.0,3.0,0
flow_201.2,27.0,3.0,0
flow_3012.0,24.5,3.0,0
flow_20.0,43.0,4.0,0
flow_20.1,45.0,3.0,0
flow_2012.0,26.0,3.5,0
flow_101.1,35.0,3.5,0
flow_20.2,34.5,4.0,0
flow_001.0,40.5,3.5,0
flow_301.0,25.5,2.5,0
flow_301.1,25.0,2.5,0
flow_10.1,38.5,4.0,0
flow_30.0,38.5,4.0,0
flow_101.2,41.5,3.5,0
flow_1012.0,39.0,4.0,0
flow_20.3,37.5,4.0,0
flow_001.1,38.5,3.5,0
flow_00.0,24.5,2.5,0
flow_201.3,34.0,2.5,0
flow_0012.0,25.5,3.0,0
flow_20.4,27.5,5.0,0
flow_301.2,25.0,2.5,0
flow_101.3,48.5,4.0,0
flow_10.2,45.0,3.0,0
flow_10.3,29.0,3.0,0
flow_301.3,25.5,2.5,0
flow_2012.1,36.0,4.5,0
flow_201.4,26.5,3.0,0
flow_001.2,26.0,3.0,0
flow_101.4,37.5,3.5,0
flow_3012.1,34.0,5.5,0
flow_301.4,28.0,3.5,0
flow_001.3,27.0,3.0,0
flow_301.5,42.0,3.5,0
flow_3012.2,40.0,3.5,0
flow_30.1,32.5,3.0,0
flow_2012.2,40.0,4.5,0
flow_0012.1,37.0,4.5,0
flow_001.4,32.0,3.0,0
flow_001.5,32.0,3.5,0
flow_301.6,44.5,3.5,0
flow_101.5,27.5,3.5,0
flow_10.4,21.5,2.0,0
flow_201.5,32.5,3.5,0
flow_20.5,20.5,2.0,0
flow_30.2,30.5,3.5,0
flow_30.3,23.0,2.5,0
flow_001.6,33.0,3.5,0
flow_101.6,25.5,2.5,0
flow_301.7,36.5,3.5,0
flow_301.8,26.5,3.0,0
flow_30.4,23.0,2.0,0
flow_001.7,27.0,3.0,0
flow_30.5,21.0,1.5,0
flow_101.7,27.0,3.0,0
flow_20.6,22.5,2.0,0
flow_001.8,32.5,3.5,0
flow_0012.2,28.0,4.0,0
flow_30.6,25.5,3.0,0
flow_301.9,26.0,3.0,0
flow_001.9,24.5,2.5,0
flow_3012.3,28.0,4.0,0
flow_1012.1,30.0,4.0,0
flow_3012.4,25.5,3.5,0
flow_10.5,25.0,3.0,0
flow_30.7,20.5,1.5,0
flow_3012.5,38.0,4.5,0
flow_1012.2,31.5,4.0,0
flow_301.10,37.5,3.5,0
flow_20.7,34.0,4.0,0
flow_001.10,32.0,3.5,0
flow_201.6,26.5,2.5,0
flow_101.8,30.0,3.5,0
flow_301.11,30.0,3.5,0
flow_001.11,35.0,3.5,0
flow_30.8,35.0,4.0,0
flow_30.9,21.0,1.5,0
flow_201.7,40.5,3.5,0
flow_301.12,30.5,3.5,0
flow_20.8,25.0,3.0,0
flow_3012.6,36.5,4.5,0
flow_301.13,32.0,3.0,0
flow_101.9,44.5,7.0,0
flow_3012.7,26.5,4.0,0
flow_1012.3,25.5,3.5,0
flow_301.14,30.5,3.5,0
flow_00.1,30.5,4.0,0
flow_201.8,40.5,3.5,0
flow_2012.3,34.0,3.5,0
flow_201.9,25.5,2.5,0
flow_1012.4,43.0,4.0,0
flow_101.10,43.5,3.0,0
flow_101.11,32.0,3.0,0
flow_201.10,29.0,3.5,0
flow_10.6,42.5,4.0,0
flow_301.15,41.0,3.5,0
flow_301.16,38.5,3.0,0
flow_30.10,31.0,3.0,0
flow_00.2,23.5,2.5,0
flow_201.11,34.0,3.5,0
flow_10.7,22.0,2.0,0
flow_301.17,36.5,3.5,0
flow_201.12,28.5,3.5,0
flow_001.12,27.0,3.0,0
flow_301.18,33.5,3.5,0
flow_101.12,26.0,3.0,0
flow_2012.4,37.5,4.5,0
flow_0012.3,26.5,3.5,0
flow_301.19,39.5,3.5,0
flow_1012.5,47.0,7.0,0
flow_301.20,42.0,4.0,0
flow_001.13,43.5,3.5,0
flow_20.9,21.0,1.5,0
flow_001.14,25.0,2.5,0
flow_30.11,39.5,4.0,0
flow_3012.8,24.0,3.0,0
flow_0012.4,25.5,3.5,0
flow_301.21,24.5,2.0,0
flow_3012.9,25.5,3.5,0
flow_001.15,42.0,3.5,0
flow_00.3,41.0,3.0,0
flow_101.13,40.0,3.5,0
flow_301.22,43.0,3.5,0
flow_301.23,42.5,3.5,0
flow_001.16,44.5,3.5,0
flow_201.13,26.0,3.0,0
flow_001.17,44.0,3.0,0
flow_00.4,28.0,2.5,0
flow_3012.10,35.5,4.5,0
flow_10.8,26.5,5.0,0
flow_301.24,28.5,3.5,0
flow_001.18,47.5,3.5,0
flow_201.14,31.5,3.5,0
flow_201.15,30.5,3.0,0
flow_101.14,42.0,3.5,0
flow_201.16,33.5,3.5,0
flow_3012.11,42.0,4.0,0
flow_30.12,21.5,2.0,0
flow_2012.5,29.0,4.0,0
flow_001.19,34.0,7.0,0
flow_30.13,22.0,2.0,0
flow_301.25,26.5,3.0,0
flow_00.5,30.5,3.5,0
flow_2012.6,27.0,4.0,0
flow_10.9,30.5,3.5,0
flow_3012.12,44.0,7.5,0
flow_301.26,27.0,3.0,0
flow_2012.7,32.0,4.0,0
flow_201.17,32.0,3.0,0
flow_301.27,40.0,3.5,0
flow_101.15,44.0,3.5,0
flow_101.16,28.0,3.0,0
flow_3012.13,38.0,5.5,0
flow_2012.8,26.5,3.5,0
flow_10.10,32.5,4.0,0
flow_30.14,39.0,4.0,0
flow_1012.6,35.5,4.0,0
flow_10.11,31.5,3.0,0
flow_0012.5,26.0,3.5,0
flow_00.6,21.5,2.0,0
flow_101.17,43.0,3.5,0
flow_101.18,27.0,2.5,0
flow_201.18,32.0,3.5,0
flow_001.20,39.5,3.5,0
flow_201.19,32.0,3.0,0
flow_201.20,30.5,3.0,0
flow_001.21,25.0,2.5,0
flow_3012.14,46.0,4.5,0
flow_10.12,33.0,5.0,0
flow_20.10,41.5,4.0,0
flow_001.22,24.5,2.5,0
flow_10.13,22.0,2.0,0
flow_301.28,31.5,3.5,0
flow_3012.15,30.5,3.5,0
flow_301.29,30.0,3.0,0
flow_0012.6,29.0,4.0,0
flow_2012.9,43.5,4.5,0
flow_201.21,39.0,3.0,0
flow_30.15,38.5,4.0,0
flow_101.19,24.5,2.5,0
flow_201.22,41.5,3.5,0
flow_001.23,38.0,3.5,0
flow_0012.7,29.0,3.5,0
flow_001.24,26.0,2.5,0
flow_20.11,31.0,6.0,0
flow_301.0,24.5,2.5,0
flow_0012.0,32.0,4.0,0
flow_30.0,39.0,4.0,0
flow_101.0,34.0,3.5,0
flow_301.1,39.5,3.0,0
flow_001.0,32.5,3.5,0
flow_30.1,39.5,4.0,0
flow_3012.0,38.0,3.5,0
flow_301.2,37.5,3.0,0
flow_2012.0,33.0,4.5,0
flow_3012.1,55.0,4.5,0
flow_30.2,45.5,3.0,0
flow_101.1,44.0,7.0,0
flow_301.3,38.5,3.0,0
flow_2012.1,43.5,4.5,0
flow_2012.2,41.5,4.0,0
flow_3012.2,34.5,4.5,0
flow_3012.3,25.0,3.5,0
flow_1012.0,26.5,3.5,0
flow_001.1,29.5,3.5,0
flow_10.0,40.0,4.0,0
flow_301.4,44.5,3.5,0
flow_301.5,44.5,3.0,0
flow_101.2,42.0,3.0,0
flow_10.1,28.0,2.5,0
flow_301.6,43.5,3.0,0
flow_0012.1,25.5,3.5,0
flow_201.0,39.5,3.5,0
flow_201.1,26.0,2.5,0
flow_20.0,22.5,2.0,0
flow_0012.2,36.0,4.5,0
flow_20.1,21.0,2.0,0
flow_001.2,35.0,3.0,0
flow_00.0,27.0,2.5,0
flow_2012.3,41.5,4.5,0
flow_001.3,30.5,7.0,0
flow_2012.4,44.0,6.0,0
flow_00.1,27.0,3.5,0
flow_30.3,22.0,2.0,0
flow_101.3,25.0,2.5,0
flow_00.2,20.0,1.5,0
flow_20.2,22.0,2.0,0
flow_201.2,26.0,3.0,0
flow_001.4,26.0,3.0,0
flow_10.2,38.0,4.0,0
flow_301.7,43.5,3.5,0
flow_101.4,36.5,3.0,0
flow_00.3,37.0,4.0,0
flow_20.3,35.5,4.0,0
flow_0012.3,38.5,4.0,0
flow_20.4,28.0,5.5,0
flow_0012.4,27.5,5.0,0
flow_20.5,44.0,4.0,0
flow_001.5,38.5,3.5,0
flow_201.3,34.5,3.0,0
flow_001.6,24.5,2.0,0
flow_20.6,27.0,2.5,0
flow_10.3,36.0,4.0,0
flow_001.7,41.5,3.5,0
flow_201.4,42.5,3.5,0
flow_001.8,41.5,3.0,0
flow_201.5,32.5,3.5,0
flow_0012.5,28.5,3.5,0
flow_301.8,24.0,2.5,0
flow_10.4,42.0,4.0,0
flow_101.5,35.5,3.0,0
flow_301.9,25.5,3.0,0
flow_001.9,42.5,3.5,0
flow_201.6,47.5,3.5,0
flow_001.10,29.0,3.0,0
flow_2012.5,48.5,5.0,0
flow_301.10,46.0,3.5,0
flow_301.11,39.0,3.0,0
flow_30.4,37.0,3.0,0
flow_001.11,45.0,3.5,0
flow_00.4,24.5,2.5,0
flow_001.12,27.5,3.0,0
flow_301.12,32.5,3.5,0
flow_001.13,32.0,3.5,0
flow_001.14,25.5,3.0,0
flow_101.6,27.5,3.0,0
flow_10.5,25.0,2.5,0
flow_0012.6,32.5,4.0,0
flow_1012.1,32.5,4.5,0
flow_301.13,47.0,4.0,0
flow_0012.7,29.5,4.5,0
flow_001.15,27.5,3.0,0
flow_301.14,38.5,3.5,0
flow_201.7,28.0,3.0,0
flow_2012.6,26.0,3.5,0
flow_0012.8,46.5,6.0,0
flow_20.7,21.5,2.0,0
flow_00.5,43.5,3.5,0
flow_00.6,44.0,3.0,0
flow_101.7,36.5,3.5,0
flow_301.15,26.0,3.0,0
flow_3012.4,24.5,3.0,0
flow_001.16,31.5,3.0,0
flow_201.8,43.0,3.5,0
flow_001.17,31.0,3.0,0
flow_0012.9,26.0,3.5,0
flow_301.16,26.0,3.0,0
flow_00.7,39.5,4.0,0
flow_201.9,25.5,2.5,0
flow_201.10,25.0,2.5,0
flow_10.6,40.0,4.0,0
flow_3012.5,33.5,6.0,0
flow_10.7,34.5,5.0,0
flow_10.8,33.5,4.0,0
flow_2012.7,24.5,3.0,0
flow_001.18,29.5,6.0,0
flow_1012.2,32.0,4.5,0
flow_0012.10,45.5,4.5,0
flow_2012.8,44.0,4.5,0
flow_20.8,41.5,3.0,0
flow_201.11,35.5,3.5,0
flow_0012.11,34.5,5.5,0
flow_301.17,31.0,3.0,0
flow_2012.9,26.5,3.5,0
flow_201.12,41.0,3.5,0
flow_2012.10,39.0,4.0,0
flow_001.19,28.0,3.5,0
flow_201.13,33.5,3.5,0
flow_10.9,38.5,4.0,0
flow_10.10,38.5,3.0,0
flow_00.8,31.0,3.5,0
flow_201.14,48.5,3.5,0
flow_001.20,29.0,3.0,0
flow_201.15,49.0,3.0,0
flow_201.16,48.0,3.5,0
flow_3012.6,38.0,4.0,0
flow_2012.11,65.5,4.5,0
flow_2012.12,37.0,4.0,0
flow_201.17,25.5,2.5,0
flow_3012.7,37.0,4.5,0
flow_10.11,44.5,6.5,0
flow_301.18,35.5,2.5,0
flow_301.19,31.5,3.0,0
flow_301.20,34.5,3.5,0
flow_301.21,33.0,3.5,0
flow_3012.8,25.5,3.0,0
flow_30.5,35.0,4.0,0
flow_001.21,37.5,3.5,0
flow_0012.12,24.5,3.0,0
flow_20.9,41.5,4.0,0
flow_0012.13,45.5,7.5,0
flow_001.22,43.5,3.5,0
flow_10.12,27.5,3.5,0
flow_101.8,27.5,2.5,0
flow_3012.9,27.0,4.0,0
flow_10.13,27.0,3.5,0
flow_0012.14,58.5,5.0,0
flow_001.23,49.5,3.0,0
flow_001.24,36.5,3.0,0
flow_30.6,23.5,2.5,0
flow_101.9,44.0,3.5,0
flow_0012.15,54.0,4.5,0
flow_001.25,49.0,3.0,0
flow_001.26,49.0,3.0,0
flow_3012.10,38.5,5.0,0
flow_201.18,35.0,3.5,0
flow_001.27,64.0,3.5,0
flow_0012.16,50.5,4.0,0
flow_001.28,49.5,3.0,0
flow_1012.3,41.5,4.5,0
flow_301.22,30.0,6.5,0
flow_001.29,67.0,3.5,0
flow_201.19,32.5,3.5,0
flow_20.10,21.0,1.5,0
flow_001.30,25.5,2.5,0
flow_101.10,29.0,3.0,0
flow_30.7,30.0,3.5,0
flow_2012.13,40.0,4.5,0
flow_0012.17,45.0,5.0,0
flow_201.20,40.0,3.5,0
flow_1012.4,41.5,4.5,0
flow_30.8,44.0,6.5,0
flow_00.9,29.0,3.5,0
flow_201.21,24.5,2.5,0
flow_1012.5,44.0,4.5,0
flow_20.11,21.0,1.5,0
flow_1012.6,26.5,3.5,0
flow_0012.18,24.0,3.0,0
flow_00.10,36.5,4.0,0
flow_001.31,29.0,3.0,0
flow_101.11,42.5,3.5,0
flow_201.22,29.0,3.0,0
flow_001.32,35.0,3.5,0
flow_0012.19,26.5,3.5,0
flow_201.23,29.5,6.0,0
