vehicle_id,travel_time,zone_time,total_collisions_in_episode
flow_00.0,23.5,3.0,0
flow_10.0,24.5,3.0,0
flow_30.0,32.0,4.0,0
flow_30.1,32.0,4.0,0
flow_30.2,29.0,4.0,0
flow_10.1,25.5,3.5,0
flow_20.0,53.0,4.0,0
flow_00.1,40.0,4.5,0
flow_20.1,45.5,4.0,0
flow_00.2,24.5,3.0,0
flow_20.2,45.0,4.5,0
flow_20.3,41.5,4.0,0
flow_20.4,35.0,4.0,0
flow_00.3,24.5,3.0,0
flow_20.5,34.5,4.5,0
flow_20.6,33.0,4.0,0
flow_30.3,48.0,4.0,0
flow_10.2,31.0,4.0,0
flow_30.4,33.0,4.0,0
flow_10.3,24.5,3.0,0
flow_30.5,33.0,4.0,0
flow_10.4,24.5,3.0,0
flow_30.6,27.0,4.0,0
flow_10.5,25.0,3.0,0
flow_20.7,57.5,4.5,0
flow_00.4,53.0,4.5,0
flow_20.8,57.5,4.0,0
flow_00.5,53.0,4.0,0
flow_20.9,56.5,4.0,0
flow_00.6,52.0,4.0,0
flow_20.10,55.5,4.0,0
flow_00.7,50.5,4.0,0
flow_00.8,49.0,4.5,0
flow_20.11,55.0,4.5,0
flow_20.12,53.0,4.0,0
flow_00.9,35.0,4.0,0
flow_20.13,51.0,4.0,0
flow_30.7,52.5,4.0,0
flow_10.6,47.5,4.5,0
flow_30.8,37.5,4.0,0
flow_10.7,45.0,4.0,0
flow_10.8,37.0,4.0,0
flow_10.9,36.5,4.0,0
flow_10.10,29.5,4.5,0
flow_10.11,26.5,3.5,0
flow_20.14,77.5,4.5,0
flow_00.10,55.0,4.5,0
flow_20.15,74.0,4.0,0
flow_00.11,50.0,4.0,0
flow_20.16,60.0,4.0,0
flow_20.17,58.5,3.5,0
flow_00.12,27.0,3.5,0
flow_20.18,58.0,4.0,0
flow_20.19,57.0,4.0,0
flow_20.20,55.5,4.0,0
flow_30.9,39.0,4.0,0
flow_10.12,52.5,4.5,0
flow_10.13,53.0,4.5,0
flow_10.14,48.5,4.5,0
flow_10.15,47.0,4.0,0
flow_10.16,46.0,4.0,0
flow_30.10,24.0,3.0,0
flow_10.17,45.0,4.5,0
flow_10.18,44.0,4.0,0
flow_00.13,45.0,4.0,0
flow_20.21,80.0,4.5,0
flow_20.22,76.0,4.0,0
flow_00.14,41.0,4.0,0
flow_20.23,67.5,4.0,0
flow_20.24,38.5,3.5,0
flow_20.25,37.0,4.0,0
flow_20.26,23.5,3.0,0
flow_30.11,35.5,4.5,0
flow_10.19,67.5,4.0,0
flow_10.20,67.5,4.0,0
flow_10.21,67.0,4.0,0
flow_10.22,65.0,3.5,0
flow_10.23,56.0,4.0,0
flow_10.24,55.5,4.0,0
flow_30.12,25.5,3.5,0
flow_10.25,54.0,4.0,0
flow_00.15,51.5,4.0,0
flow_20.27,47.0,4.5,0
flow_00.16,51.0,3.5,0
flow_20.28,46.5,3.5,0
flow_00.17,50.0,3.5,0
flow_20.29,43.5,3.5,0
flow_20.30,43.5,4.0,0
flow_00.18,44.0,4.0,0
flow_20.31,42.0,4.0,0
flow_00.19,43.5,4.5,0
flow_20.32,40.5,4.0,0
flow_00.20,26.0,3.5,0
flow_20.33,24.5,3.0,0
flow_10.26,78.5,4.0,0
flow_30.13,42.5,4.5,0
flow_10.27,78.5,3.5,0
flow_30.14,40.0,4.0,0
flow_10.28,77.5,4.0,0
flow_10.29,69.5,3.5,0
flow_10.30,63.5,4.0,0
flow_10.31,41.5,4.0,0
flow_30.15,25.0,3.5,0
flow_10.32,40.0,3.5,0
flow_00.21,52.5,4.5,0
flow_20.34,33.0,4.0,0
flow_00.22,42.5,4.0,0
flow_20.35,32.0,3.5,0
flow_00.23,38.0,4.0,0
flow_20.36,28.5,4.0,0
flow_00.24,36.5,3.5,0
flow_00.25,33.0,4.0,0
flow_20.37,25.5,3.5,0
flow_00.26,28.5,4.0,0
flow_00.27,27.0,4.0,0
flow_10.33,61.5,4.5,0
flow_10.34,61.0,4.0,0
flow_30.16,24.0,3.0,0
flow_10.35,41.0,4.5,0
flow_10.36,37.0,4.0,0
flow_10.37,35.5,4.5,0
flow_10.38,27.0,4.0,0
flow_20.38,52.5,4.0,0
flow_00.28,52.5,4.5,0
flow_00.29,51.5,3.5,0
flow_20.39,53.0,4.0,0
flow_00.30,51.0,4.0,0
flow_20.40,51.5,4.0,0
flow_20.41,50.0,3.5,0
flow_00.31,50.5,4.0,0
flow_20.42,48.5,4.0,0
flow_00.32,49.0,4.5,0
flow_20.43,46.5,4.0,0
flow_00.33,47.5,4.0,0
flow_00.34,46.0,4.0,0
flow_20.44,41.5,4.0,0
flow_30.17,31.5,4.5,0
flow_10.39,43.0,5.0,0
flow_30.18,28.0,3.5,0
flow_10.40,41.0,4.0,0
flow_10.41,39.5,4.0,0
flow_30.19,24.0,3.0,0
flow_10.42,38.0,4.0,0
flow_10.43,37.0,4.0,0
flow_10.44,36.0,5.0,0
flow_10.45,34.0,4.5,0
flow_20.45,67.0,4.5,0
flow_00.35,72.5,4.5,0
flow_20.46,66.5,4.0,0
flow_00.36,71.5,4.0,0
flow_20.47,65.0,3.5,0
flow_00.37,70.5,4.0,0
flow_20.48,64.5,4.0,0
flow_00.38,67.5,4.0,0
flow_20.49,58.0,4.0,0
flow_00.39,66.5,4.5,0
flow_00.40,61.0,4.0,0
flow_20.50,58.0,4.5,0
flow_00.41,58.5,4.5,0
flow_20.51,47.0,4.5,0
flow_30.20,52.5,4.0,0
flow_10.46,57.5,4.0,0
flow_30.21,53.0,4.0,0
flow_10.47,58.5,4.0,0
flow_30.22,51.5,4.0,0
flow_10.48,52.5,4.0,0
flow_10.49,51.0,4.5,0
flow_30.23,48.0,4.0,0
flow_30.24,36.0,4.5,0
flow_10.50,32.5,4.0,0
flow_10.51,26.0,3.5,0
flow_00.42,84.0,4.5,0
flow_20.52,72.0,4.5,0
flow_00.43,82.5,3.5,0
flow_20.53,71.5,4.0,0
flow_00.44,82.0,4.0,0
flow_20.54,70.5,4.0,0
flow_00.45,81.0,3.5,0
flow_20.55,67.5,4.0,0
flow_00.46,79.0,4.0,0
flow_20.56,59.0,4.5,0
flow_00.47,61.0,3.5,0
flow_20.57,38.0,4.5,0
flow_00.48,58.0,4.0,0
flow_20.58,27.0,4.0,0
flow_10.52,36.0,4.0,0
flow_30.25,43.5,4.0,0
flow_10.53,36.5,4.0,0
flow_30.26,29.5,4.5,0
flow_10.54,33.5,4.0,0
flow_30.27,25.0,3.5,0
flow_10.55,25.5,3.5,0
flow_20.59,49.0,4.0,0
flow_00.49,83.0,4.5,0
flow_00.50,73.5,4.0,0
flow_20.60,49.5,4.0,0
flow_00.51,71.5,4.0,0
flow_20.61,46.0,4.0,0
flow_00.52,70.0,3.5,0
flow_20.62,33.5,4.0,0
flow_00.53,68.5,4.0,0
flow_00.54,60.0,3.5,0
flow_00.55,58.0,4.0,0
flow_10.56,38.5,4.0,0
flow_30.28,55.0,4.5,0
flow_10.57,39.5,4.0,0
flow_30.29,40.5,4.0,0
flow_10.58,36.5,4.0,0
flow_30.30,31.0,4.0,0
flow_30.31,25.5,3.0,0
flow_10.59,24.0,3.0,0
flow_30.32,25.5,3.5,0
flow_00.56,83.5,4.0,0
flow_20.63,54.0,4.5,0
flow_00.57,84.5,4.0,0
flow_20.64,54.0,4.5,0
flow_00.58,82.5,4.0,0
flow_20.65,52.5,4.5,0
flow_00.59,81.5,4.0,0
flow_20.66,42.0,4.0,0
flow_00.60,79.5,4.0,0
flow_20.67,40.0,4.0,0
flow_00.61,61.0,4.0,0
flow_20.68,36.0,4.0,0
flow_00.62,59.0,4.5,0
flow_20.69,35.5,4.0,0
flow_30.33,51.0,4.0,0
flow_10.60,33.5,4.5,0
flow_30.34,31.5,4.0,0
flow_10.61,32.0,4.0,0
flow_10.62,28.5,4.0,0
flow_30.35,29.0,4.5,0
flow_10.63,28.0,4.5,0
flow_30.36,27.0,4.0,0
flow_30.37,25.0,3.0,0
flow_10.64,26.5,3.5,0
flow_30.38,26.5,3.5,0
flow_00.63,83.0,4.0,0
flow_20.70,57.5,4.5,0
flow_00.64,82.5,3.5,0
flow_20.71,48.5,4.0,0
flow_00.65,82.0,4.0,0
flow_20.72,48.5,4.0,0
flow_20.73,33.5,3.5,0
flow_00.66,81.5,4.0,0
flow_00.67,78.5,4.0,0
flow_20.74,26.0,3.5,0
flow_00.68,61.0,4.0,0
flow_20.75,25.0,3.5,0
flow_00.69,58.5,4.0,0
flow_10.65,52.5,4.5,0
flow_30.39,52.5,4.5,0
flow_10.66,52.0,4.0,0
flow_30.40,52.0,4.0,0
flow_10.67,48.0,4.0,0
flow_30.41,25.5,3.0,0
flow_10.68,47.0,3.5,0
flow_30.42,24.5,3.0,0
flow_10.69,45.5,4.0,0
flow_10.70,45.0,4.5,0
flow_10.71,37.0,4.0,0
flow_00.70,84.0,4.5,0
flow_20.76,55.0,5.0,0
flow_00.71,82.5,4.0,0
flow_20.77,53.0,4.0,0
flow_00.72,82.5,4.0,0
flow_20.78,49.0,4.0,0
flow_00.73,81.5,4.0,0
flow_20.79,47.0,4.0,0
flow_00.74,79.0,4.0,0
flow_20.80,45.5,4.0,0
flow_20.81,44.0,4.0,0
flow_00.75,60.5,4.0,0
flow_20.82,43.0,4.0,0
flow_00.76,58.5,4.0,0
flow_10.72,53.0,4.5,0
flow_30.43,47.5,5.0,0
flow_30.44,45.0,4.0,0
flow_10.73,42.0,4.0,0
flow_30.45,44.0,4.0,0
flow_10.74,38.0,3.5,0
flow_30.46,42.5,3.5,0
flow_10.75,36.5,4.0,0
flow_10.76,29.5,4.0,0
flow_30.47,42.0,4.0,0
flow_10.77,28.0,3.5,0
flow_10.78,25.5,3.5,0
flow_00.77,83.0,4.0,0
flow_20.83,69.0,4.5,0
flow_20.84,68.0,4.0,0
flow_00.78,84.0,4.0,0
flow_20.85,67.5,4.0,0
flow_00.79,83.0,4.0,0
flow_20.86,66.0,3.5,0
flow_00.80,82.0,4.0,0
flow_20.87,64.0,4.0,0
flow_00.81,79.5,4.5,0
flow_20.88,60.0,4.0,0
flow_00.82,61.0,4.0,0
flow_00.83,59.0,4.5,0
flow_20.89,60.5,4.5,0
flow_10.79,37.0,4.0,0
flow_30.48,24.5,3.0,0
flow_10.80,35.5,4.0,0
flow_30.49,24.5,3.0,0
flow_10.81,31.5,4.0,0
flow_30.50,25.5,3.0,0
flow_10.82,23.5,3.0,0
flow_10.83,24.5,3.0,0
flow_20.90,83.0,4.0,0
flow_00.84,84.0,4.5,0
flow_00.85,82.5,3.5,0
flow_20.91,74.0,4.0,0
flow_20.92,72.0,4.0,0
flow_00.86,82.5,4.0,0
flow_00.87,81.5,4.0,0
flow_20.93,61.5,4.0,0
flow_00.88,79.5,4.0,0
flow_20.94,61.0,4.5,0
flow_00.89,61.0,4.0,0
flow_20.95,59.5,4.5,0
flow_00.90,58.5,4.0,0
flow_20.96,56.5,4.0,0
flow_10.84,51.0,4.0,0
flow_30.51,45.0,4.0,0
flow_10.85,51.5,4.0,0
flow_30.52,44.5,4.0,0
flow_10.86,50.0,3.5,0
flow_30.53,43.0,3.5,0
flow_30.54,41.5,4.0,0
flow_10.87,49.0,4.0,0
flow_30.55,40.5,4.0,0
flow_10.88,41.0,4.0,0
flow_30.56,39.0,3.5,0
flow_10.89,39.5,4.5,0
flow_30.57,24.5,3.0,0
flow_10.90,28.5,4.0,0
flow_20.97,80.5,4.5,0
flow_00.91,84.0,4.0,0
flow_20.98,70.5,4.0,0
flow_00.92,83.5,4.0,0
flow_20.99,64.0,4.0,0
flow_00.93,82.0,3.5,0
flow_20.100,51.0,3.5,0
flow_00.94,81.0,4.0,0
flow_00.95,79.0,4.0,0
flow_20.101,42.0,4.0,0
flow_20.102,39.5,4.0,0
flow_00.96,61.0,4.0,0
flow_20.103,34.5,4.0,0
flow_00.97,58.0,4.0,0
flow_30.58,50.0,4.5,0
flow_10.91,30.0,4.0,0
flow_30.59,46.0,3.5,0
flow_10.92,28.5,4.0,0
flow_30.60,32.0,3.5,0
flow_10.93,26.0,3.5,0
flow_30.61,25.5,3.5,0
flow_10.94,26.0,3.5,0
flow_30.62,25.0,3.0,0
flow_00.98,84.0,4.5,0
flow_20.104,61.5,4.5,0
flow_00.99,83.0,4.0,0
flow_20.105,60.5,4.0,0
flow_20.106,60.5,4.0,0
flow_00.100,84.0,4.5,0
flow_00.101,82.0,4.0,0
flow_20.107,60.0,4.0,0
flow_20.108,57.5,4.0,0
flow_00.102,80.0,4.0,0
flow_20.109,56.0,4.0,0
flow_00.103,61.0,4.5,0
flow_20.110,56.0,4.5,0
flow_00.104,60.0,4.5,0
flow_30.63,47.5,4.0,0
flow_10.95,55.5,4.5,0
flow_30.64,42.5,3.5,0
flow_10.96,51.0,4.0,0
flow_10.97,29.0,3.5,0
flow_10.98,29.0,4.5,0
flow_10.99,28.5,4.5,0
flow_10.100,26.5,3.5,0
flow_00.105,82.5,4.0,0
flow_20.111,79.5,4.0,0
flow_20.112,78.5,3.5,0
flow_00.106,82.5,3.5,0
flow_00.107,82.0,4.0,0
flow_20.113,78.5,4.0,0
flow_00.108,81.0,4.0,0
flow_00.109,79.0,4.0,0
flow_20.114,80.0,4.5,0
flow_20.115,59.5,4.5,0
flow_00.110,60.0,3.5,0
flow_20.116,49.0,4.5,0
flow_00.111,58.0,4.0,0
flow_20.117,26.5,3.5,0
flow_10.101,52.0,4.0,0
flow_30.65,39.5,4.5,0
flow_10.102,51.5,3.5,0
flow_30.66,32.5,4.0,0
flow_10.103,53.0,4.5,0
flow_10.104,51.0,4.0,0
flow_30.67,24.5,3.0,0
flow_10.105,37.0,4.5,0
flow_00.112,83.5,4.0,0
flow_20.118,51.5,4.5,0
flow_20.119,50.5,4.0,0
flow_00.113,83.5,4.0,0
flow_20.120,49.5,4.0,0
flow_00.114,83.0,4.0,0
flow_20.121,40.0,4.0,0
flow_00.115,82.5,4.5,0
flow_20.122,36.5,4.0,0
flow_00.116,81.0,4.5,0
flow_20.123,26.5,4.0,0
flow_00.117,62.5,4.5,0
flow_00.118,59.5,4.5,0
flow_30.68,27.5,4.0,0
flow_10.106,39.5,4.0,0
flow_10.107,38.5,3.5,0
flow_10.108,38.5,4.0,0
flow_10.109,37.0,4.0,0
flow_10.110,35.5,3.5,0
flow_30.69,24.5,3.0,0
flow_10.111,35.0,4.5,0
flow_10.112,34.0,4.0,0
flow_00.119,83.5,4.0,0
flow_20.124,48.0,4.0,0
flow_20.125,33.5,4.0,0
flow_00.120,83.5,4.0,0
flow_20.126,32.0,3.5,0
flow_00.121,82.0,4.0,0
flow_00.122,80.5,3.5,0
flow_20.127,31.0,4.0,0
flow_00.123,78.5,3.5,0
flow_20.128,31.0,4.5,0
flow_00.124,60.5,4.0,0
flow_20.129,29.5,4.0,0
flow_00.125,58.0,4.0,0
flow_10.113,58.0,4.5,0
flow_30.70,54.0,4.5,0
flow_30.71,45.5,3.5,0
flow_10.114,54.5,4.0,0
flow_10.115,53.5,4.0,0
flow_30.72,46.0,4.0,0
flow_10.116,52.0,3.5,0
flow_30.73,39.0,3.5,0
flow_10.117,51.5,4.0,0
flow_30.74,30.0,4.0,0
flow_10.118,47.0,4.0,0
flow_30.75,24.5,3.0,0
flow_10.119,45.5,4.0,0
flow_20.130,47.5,4.5,0
flow_00.126,84.0,4.5,0
flow_00.127,83.5,4.0,0
flow_20.131,43.0,4.0,0
flow_20.132,42.0,4.0,0
flow_00.128,83.0,4.0,0
flow_20.133,40.5,4.0,0
flow_00.129,82.0,4.0,0
flow_20.134,39.0,4.0,0
flow_00.130,80.5,4.5,0
flow_20.135,34.0,4.5,0
flow_00.131,62.0,4.5,0
flow_00.132,59.0,4.5,0
flow_30.76,52.5,4.0,0
flow_10.120,73.0,4.5,0
flow_30.77,49.5,4.0,0
flow_10.121,63.0,4.0,0
flow_10.122,61.5,4.0,0
flow_10.123,54.0,4.0,0
flow_10.124,52.5,3.5,0
flow_10.125,47.5,4.0,0
flow_10.126,33.0,4.5,0
flow_20.136,53.5,4.5,0
flow_00.133,84.5,4.5,0
flow_20.137,53.0,4.0,0
flow_00.134,83.5,4.0,0
flow_20.138,41.0,4.0,0
flow_00.135,83.0,4.0,0
flow_00.136,81.5,4.0,0
flow_20.139,40.0,4.0,0
flow_20.140,38.5,4.0,0
flow_00.137,79.5,4.0,0
flow_20.141,37.0,4.5,0
flow_00.138,61.0,4.0,0
flow_20.142,35.5,4.0,0
flow_00.139,58.0,4.0,0
flow_10.127,58.0,4.0,0
flow_30.78,48.0,4.5,0
flow_10.128,57.5,3.5,0
flow_30.79,33.0,4.5,0
flow_10.129,56.0,3.5,0
flow_10.130,40.0,4.0,0
flow_00.140,84.0,4.5,0
flow_20.143,62.5,4.5,0
flow_00.141,83.5,4.0,0
flow_20.144,61.0,4.0,0
flow_00.142,83.0,4.0,0
flow_20.145,61.0,4.0,0
flow_00.143,82.0,4.0,0
flow_20.146,51.0,4.5,0
flow_00.144,79.5,4.5,0
flow_20.147,37.0,4.5,0
flow_00.145,61.5,4.0,0
flow_20.148,33.5,4.5,0
flow_00.146,58.5,4.5,0
flow_10.131,40.5,4.0,0
flow_30.80,30.5,4.0,0
flow_30.81,30.5,4.0,0
flow_10.132,39.5,4.0,0
flow_10.133,37.5,3.5,0
flow_10.134,35.0,4.5,0
flow_30.82,25.0,3.0,0
flow_30.83,25.5,3.0,0
flow_00.147,84.0,4.5,0
flow_20.149,49.5,4.5,0
flow_00.148,83.5,4.0,0
flow_20.150,44.5,4.0,0
flow_00.149,82.5,4.0,0
flow_20.151,31.5,4.0,0
flow_00.150,81.0,4.0,0
flow_20.152,30.5,4.5,0
flow_00.151,79.0,4.0,0
flow_20.153,28.5,4.5,0
flow_20.154,27.0,4.0,0
flow_00.152,61.5,4.0,0
flow_00.153,58.0,4.0,0
flow_20.155,25.0,3.0,0
flow_10.135,54.0,4.5,0
flow_30.84,54.0,4.5,0
flow_10.136,52.5,4.0,0
flow_30.85,53.0,4.0,0
flow_10.137,52.0,3.5,0
flow_30.86,52.0,3.5,0
flow_10.138,50.5,4.0,0
flow_30.87,37.0,4.0,0
flow_00.0,24.0,3.0,0
flow_00.1,24.5,3.0,0
flow_30.0,26.0,3.0,0
flow_10.0,35.0,4.0,0
flow_30.1,25.0,3.5,0
flow_10.1,35.0,4.0,0
flow_30.2,25.0,3.0,0
flow_30.3,25.0,3.0,0
flow_30.4,25.0,3.0,0
flow_00.2,51.0,4.5,0
flow_20.0,48.0,4.5,0
flow_20.1,47.5,4.0,0
flow_00.3,51.0,4.0,0
flow_00.4,47.0,4.0,0
flow_20.2,47.0,4.0,0
flow_20.3,45.5,4.0,0
flow_00.5,45.5,3.5,0
flow_00.6,45.0,4.0,0
flow_20.4,45.5,4.5,0
flow_00.7,25.0,3.0,0
flow_20.5,44.0,4.0,0
flow_20.6,42.0,4.5,0
flow_30.5,53.0,4.0,0
flow_10.2,26.0,3.5,0
flow_10.3,25.5,3.0,0
flow_30.6,53.5,4.0,0
flow_30.7,53.0,4.0,0
flow_30.8,51.5,4.0,0
flow_30.9,45.5,4.5,0
flow_30.10,26.5,3.5,0
flow_00.8,25.0,3.0,0
flow_20.7,67.0,4.5,0
flow_20.8,65.5,4.0,0
flow_00.9,27.5,3.5,0
flow_00.10,25.5,3.5,0
flow_20.9,52.5,4.5,0
flow_20.10,42.0,4.5,0
flow_00.11,24.5,3.0,0
flow_20.11,38.0,4.0,0
flow_00.12,24.5,3.0,0
flow_20.12,36.5,4.5,0
flow_20.13,35.5,4.5,0
flow_30.11,50.5,4.0,0
flow_10.4,41.0,4.5,0
flow_10.5,39.0,4.0,0
flow_30.12,46.5,4.0,0
flow_30.13,36.0,4.0,0
flow_30.14,34.5,4.5,0
flow_30.15,31.5,4.0,0
flow_30.16,30.5,4.0,0
flow_30.17,29.0,4.0,0
flow_20.14,59.5,4.0,0
flow_00.13,51.5,4.5,0
flow_20.15,58.5,4.0,0
flow_00.14,50.5,4.0,0
flow_00.15,49.0,3.5,0
flow_20.16,56.5,4.0,0
flow_20.17,54.5,4.0,0
flow_00.16,48.0,4.0,0
flow_00.17,47.0,4.0,0
flow_20.18,28.5,4.0,0
flow_00.18,45.0,4.0,0
flow_20.19,27.5,4.0,0
flow_00.19,44.0,4.5,0
flow_10.6,27.0,3.5,0
flow_30.18,49.0,4.5,0
flow_30.19,43.0,4.0,0
flow_30.20,41.5,4.0,0
flow_10.7,25.5,3.5,0
flow_30.21,41.5,4.0,0
flow_30.22,40.0,4.0,0
flow_30.23,39.0,4.5,0
flow_30.24,27.5,4.0,0
flow_00.20,69.0,4.0,0
flow_20.20,51.5,4.5,0
flow_20.21,30.5,4.0,0
flow_00.21,65.0,4.0,0
flow_20.22,30.0,4.5,0
flow_00.22,64.0,4.0,0
flow_20.23,29.0,4.0,0
flow_00.23,54.5,4.0,0
flow_20.24,27.0,4.0,0
flow_00.24,50.0,4.0,0
flow_20.25,23.0,2.5,0
flow_00.25,48.5,4.0,0
flow_30.25,51.5,4.5,0
flow_30.26,51.0,4.0,0
flow_30.27,49.5,4.0,0
flow_30.28,44.5,4.0,0
flow_30.29,45.0,4.5,0
flow_30.30,28.5,4.5,0
flow_20.26,47.0,4.5,0
flow_00.26,54.5,4.5,0
flow_20.27,47.0,4.0,0
flow_00.27,48.0,4.0,0
flow_00.28,42.5,4.0,0
flow_20.28,29.5,4.0,0
flow_00.29,37.5,3.5,0
flow_00.30,36.5,4.0,0
flow_00.31,31.5,4.5,0
flow_00.32,30.0,4.0,0
flow_10.8,27.0,3.5,0
flow_30.31,51.5,5.0,0
flow_30.32,42.0,4.0,0
flow_30.33,37.5,4.0,0
flow_30.34,35.0,4.0,0
flow_30.35,33.5,4.0,0
flow_30.36,31.5,3.5,0
flow_00.33,56.0,4.5,0
flow_20.29,54.0,4.5,0
flow_00.34,56.5,4.0,0
flow_20.30,53.5,4.5,0
flow_00.35,55.5,4.0,0
flow_20.31,48.0,4.5,0
flow_00.36,53.5,4.0,0
flow_20.32,44.0,4.5,0
flow_00.37,52.5,4.0,0
flow_20.33,37.5,4.0,0
flow_00.38,51.0,4.0,0
flow_20.34,33.0,4.5,0
flow_00.39,50.5,4.5,0
flow_20.35,29.5,4.5,0
flow_30.37,51.5,4.0,0
flow_10.9,45.5,4.0,0
flow_30.38,51.0,3.5,0
flow_10.10,46.0,4.0,0
flow_30.39,50.5,3.5,0
flow_10.11,45.0,4.0,0
flow_30.40,49.5,4.0,0
flow_10.12,38.0,4.5,0
flow_30.41,47.5,3.5,0
flow_10.13,36.5,4.0,0
flow_30.42,46.0,3.5,0
flow_10.14,35.0,4.5,0
flow_30.43,43.5,4.0,0
flow_20.36,52.0,4.5,0
flow_00.40,71.0,4.5,0
flow_20.37,47.5,4.0,0
flow_00.41,38.0,4.0,0
flow_20.38,38.0,4.0,0
flow_20.39,37.5,3.5,0
flow_00.42,24.0,3.0,0
flow_20.40,37.0,4.5,0
flow_20.41,34.5,4.5,0
flow_00.43,23.5,2.5,0
flow_20.42,33.0,4.0,0
flow_30.44,69.5,4.0,0
flow_10.15,44.5,4.5,0
flow_30.45,69.0,4.0,0
flow_10.16,43.0,4.0,0
flow_30.46,69.0,4.0,0
flow_30.47,67.0,4.0,0
flow_30.48,65.0,4.0,0
flow_30.49,57.0,4.5,0
flow_30.50,50.5,4.0,0
flow_00.44,50.5,4.5,0
flow_20.43,47.5,4.5,0
flow_00.45,50.0,4.0,0
flow_20.44,26.5,4.0,0
flow_00.46,48.5,4.0,0
flow_20.45,26.5,4.0,0
flow_00.47,48.0,4.0,0
flow_00.48,46.5,4.0,0
flow_20.46,24.5,3.0,0
flow_00.49,45.0,4.5,0
flow_00.50,44.5,4.5,0
flow_30.51,68.5,4.5,0
flow_10.17,49.5,4.5,0
flow_10.18,48.0,4.0,0
flow_30.52,59.5,4.0,0
flow_30.53,56.5,4.0,0
flow_30.54,53.5,4.0,0
flow_30.55,49.5,4.5,0
flow_10.19,26.0,3.5,0
flow_30.56,48.5,4.0,0
flow_10.20,25.5,3.0,0
flow_30.57,42.0,5.0,0
flow_00.51,70.5,4.5,0
flow_20.47,57.0,5.0,0
flow_20.48,55.0,4.0,0
flow_00.52,70.0,4.5,0
flow_00.53,68.5,3.5,0
flow_20.49,54.0,4.0,0
flow_20.50,52.5,4.0,0
flow_00.54,67.0,4.0,0
flow_20.51,51.0,4.0,0
flow_00.55,65.5,4.0,0
flow_20.52,42.0,3.5,0
flow_00.56,61.0,4.0,0
flow_00.57,59.0,4.0,0
flow_20.53,42.0,4.5,0
flow_30.58,63.5,4.0,0
flow_10.21,43.0,4.5,0
flow_30.59,61.5,4.0,0
flow_30.60,56.0,3.5,0
flow_30.61,54.5,4.0,0
flow_30.62,43.0,4.0,0
flow_10.22,23.5,3.0,0
flow_30.63,28.0,3.5,0
flow_30.64,27.0,4.0,0
flow_00.58,83.0,4.0,0
flow_20.54,59.0,4.5,0
flow_00.59,69.5,3.5,0
flow_20.55,52.0,4.0,0
flow_00.60,62.0,4.0,0
flow_20.56,51.5,4.5,0
flow_00.61,60.5,4.0,0
flow_20.57,40.5,4.5,0
flow_00.62,58.5,4.0,0
flow_20.58,27.5,3.5,0
flow_00.63,57.0,4.0,0
flow_00.64,57.0,4.0,0
flow_30.65,55.5,5.0,0
flow_30.66,54.5,4.5,0
flow_30.67,53.0,4.0,0
flow_30.68,29.5,4.0,0
flow_30.69,24.5,3.0,0
flow_00.65,81.0,4.0,0
flow_20.59,50.5,4.0,0
flow_20.60,31.0,4.0,0
flow_00.66,71.5,4.0,0
flow_20.61,30.5,3.5,0
flow_00.67,70.5,4.0,0
flow_20.62,29.5,4.0,0
flow_00.68,71.0,4.0,0
flow_20.63,28.0,4.0,0
flow_00.69,68.5,4.5,0
flow_00.70,61.0,4.0,0
flow_00.71,60.0,4.5,0
flow_10.23,41.0,4.0,0
flow_30.70,51.0,4.5,0
flow_10.24,27.0,3.5,0
flow_30.71,50.0,4.0,0
flow_30.72,45.0,4.5,0
flow_30.73,30.5,4.0,0
flow_00.72,83.5,4.0,0
flow_20.64,52.5,4.5,0
flow_20.65,37.5,4.0,0
flow_00.73,84.0,4.0,0
flow_20.66,37.0,4.0,0
flow_00.74,83.5,4.0,0
flow_20.67,34.5,3.5,0
flow_00.75,77.0,4.0,0
flow_20.68,31.0,4.0,0
flow_00.76,76.5,4.0,0
flow_00.77,61.5,4.5,0
flow_20.69,23.5,3.0,0
flow_00.78,59.0,4.0,0
flow_30.74,53.5,4.5,0
flow_10.25,50.5,4.5,0
flow_30.75,50.0,4.0,0
flow_30.76,43.0,4.5,0
flow_10.26,24.5,3.0,0
flow_30.77,34.0,4.5,0
flow_00.79,83.5,4.0,0
flow_20.70,50.5,4.5,0
flow_20.71,47.0,4.0,0
flow_00.80,83.5,4.0,0
flow_20.72,43.5,4.0,0
flow_00.81,82.5,4.0,0
flow_00.82,81.0,4.0,0
flow_20.73,43.0,4.0,0
flow_20.74,41.5,4.0,0
flow_00.83,79.5,4.0,0
flow_00.84,60.5,4.0,0
flow_20.75,34.5,4.0,0
flow_20.76,32.0,4.0,0
flow_00.85,59.0,4.5,0
flow_30.78,40.5,4.0,0
flow_30.79,35.5,4.5,0
flow_20.77,57.0,4.0,0
flow_00.86,84.0,4.5,0
flow_20.78,57.0,4.0,0
flow_00.87,77.0,4.0,0
flow_00.88,56.5,4.0,0
flow_20.79,57.0,4.0,0
flow_00.89,55.5,4.0,0
flow_20.80,56.0,4.0,0
flow_00.90,53.5,4.0,0
flow_20.81,54.0,4.0,0
flow_00.91,52.0,3.5,0
flow_20.82,48.0,4.0,0
flow_00.92,49.5,4.0,0
flow_20.83,36.0,4.5,0
flow_10.27,48.5,4.5,0
flow_30.80,50.5,4.5,0
flow_10.28,38.5,4.0,0
flow_30.81,51.0,4.5,0
flow_30.82,40.5,4.5,0
flow_10.29,25.5,3.5,0
flow_30.83,39.0,4.0,0
flow_30.84,36.0,5.0,0
flow_10.30,27.0,4.0,0
flow_30.85,27.0,3.5,0
flow_20.84,60.0,4.0,0
flow_00.93,56.0,4.5,0
flow_20.85,60.5,4.0,0
flow_00.94,52.0,4.0,0
flow_20.86,54.0,4.0,0
flow_00.95,34.0,4.0,0
flow_20.87,53.5,4.0,0
flow_00.96,29.5,4.5,0
flow_20.88,52.0,4.0,0
flow_00.97,25.0,3.5,0
flow_20.89,51.5,4.0,0
flow_20.90,50.5,4.5,0
flow_00.98,27.0,4.0,0
flow_30.86,49.0,4.0,0
flow_10.31,40.0,4.0,0
flow_30.87,47.5,3.5,0
flow_10.32,24.5,3.0,0
flow_30.88,24.5,3.0,0
flow_30.89,26.0,3.5,0
flow_30.90,25.0,3.5,0
flow_00.99,45.5,4.0,0
flow_20.91,76.0,4.5,0
flow_20.92,75.0,4.0,0
flow_00.100,35.0,4.0,0
flow_00.101,27.5,3.5,0
flow_20.93,74.0,4.0,0
flow_20.94,72.5,4.0,0
flow_00.102,27.5,4.0,0
flow_20.95,70.5,4.0,0
flow_00.103,26.0,3.5,0
flow_20.96,60.5,4.0,0
flow_00.104,25.5,3.0,0
flow_20.97,58.0,4.0,0
flow_10.33,32.0,4.0,0
flow_30.91,53.5,5.0,0
flow_30.92,45.5,4.0,0
flow_30.93,42.0,4.0,0
flow_30.94,37.5,4.5,0
flow_30.95,28.0,4.0,0
flow_10.34,24.5,3.0,0
flow_20.98,74.5,4.5,0
flow_00.105,38.5,4.5,0
flow_00.106,33.0,3.5,0
flow_20.99,67.5,4.0,0
flow_20.100,65.0,4.5,0
flow_20.101,63.0,4.0,0
flow_00.107,28.0,4.0,0
flow_20.102,59.5,4.5,0
flow_20.103,58.0,4.0,0
flow_20.104,47.5,4.5,0
flow_30.96,46.0,4.0,0
flow_10.35,52.0,4.5,0
flow_10.36,47.5,4.0,0
flow_30.97,26.5,3.5,0
flow_30.98,26.0,3.5,0
flow_10.37,24.5,3.0,0
flow_30.99,25.0,3.0,0
flow_20.105,70.5,4.0,0
flow_00.108,51.5,4.0,0
flow_20.106,67.5,3.5,0
flow_00.109,51.5,4.0,0
flow_20.107,67.0,4.0,0
flow_00.110,48.5,4.0,0
flow_00.111,40.0,3.5,0
flow_20.108,63.0,4.0,0
flow_20.109,61.5,4.5,0
flow_00.112,38.5,4.5,0
flow_00.113,29.5,4.0,0
flow_20.110,60.5,4.0,0
flow_00.114,27.0,4.0,0
flow_20.111,59.5,5.0,0
flow_30.100,51.0,4.0,0
flow_10.38,42.0,4.0,0
flow_30.101,49.0,4.0,0
flow_10.39,25.0,3.5,0
flow_30.102,38.5,4.0,0
flow_30.103,37.0,4.5,0
flow_10.40,25.5,3.5,0
flow_30.104,24.5,3.0,0
flow_00.115,50.5,4.0,0
flow_20.112,84.0,4.5,0
flow_00.116,26.0,3.5,0
flow_20.113,83.5,4.0,0
flow_00.117,24.5,3.0,0
flow_20.114,77.0,4.0,0
flow_20.115,64.0,4.0,0
flow_20.116,62.5,4.0,0
flow_20.117,59.0,4.0,0
flow_00.118,25.0,3.0,0
flow_20.118,57.5,4.0,0
flow_10.41,35.5,4.5,0
flow_30.105,54.5,4.0,0
flow_30.106,53.5,4.0,0
flow_10.42,34.0,4.5,0
flow_30.107,52.0,3.5,0
flow_10.43,32.5,4.5,0
flow_30.108,51.5,4.0,0
flow_30.109,48.0,4.0,0
flow_30.110,42.5,3.5,0
flow_00.119,49.5,4.0,0
flow_20.119,75.0,4.5,0
flow_00.120,49.0,4.0,0
flow_20.120,75.0,4.0,0
flow_00.121,31.5,4.0,0
flow_20.121,62.5,4.0,0
flow_20.122,60.0,4.5,0
flow_20.123,49.0,4.0,0
flow_20.124,47.5,4.5,0
flow_20.125,46.0,4.0,0
flow_30.111,50.5,4.0,0
flow_30.112,31.5,3.5,0
flow_30.113,30.5,4.0,0
flow_30.114,24.0,2.5,0
flow_30.115,25.5,3.0,0
flow_20.126,71.5,4.5,0
flow_00.122,52.0,4.5,0
flow_20.127,71.0,4.0,0
flow_00.123,46.5,4.0,0
flow_20.128,70.0,4.0,0
flow_00.124,46.0,4.0,0
flow_20.129,68.5,3.5,0
flow_00.125,41.0,4.0,0
flow_20.130,67.0,4.0,0
flow_00.126,40.0,4.0,0
flow_20.131,60.0,3.5,0
flow_00.127,34.0,4.5,0
flow_20.132,58.5,4.0,0
flow_30.116,55.0,4.5,0
flow_10.44,26.5,3.5,0
flow_30.117,51.0,4.0,0
flow_30.118,47.0,4.0,0
flow_30.119,45.5,3.5,0
flow_30.120,29.5,4.0,0
flow_30.121,29.0,4.5,0
flow_20.133,84.0,4.5,0
flow_00.128,53.0,4.5,0
flow_20.134,83.0,4.0,0
flow_00.129,43.5,4.0,0
flow_20.135,82.5,4.0,0
flow_00.130,44.0,4.0,0
flow_20.136,81.5,4.0,0
flow_00.131,42.5,4.0,0
flow_20.137,79.0,4.0,0
flow_00.132,33.0,4.5,0
flow_20.138,61.5,4.0,0
flow_20.139,58.5,4.5,0
flow_30.122,50.0,4.0,0
flow_30.123,49.0,4.0,0
flow_30.124,48.0,4.0,0
flow_30.125,49.0,5.0,0
flow_30.126,46.0,5.0,0
flow_30.127,41.0,4.5,0
flow_30.128,39.0,4.0,0
flow_00.133,50.0,4.0,0
flow_20.140,85.5,4.5,0
flow_00.134,48.5,3.5,0
flow_20.141,83.5,4.0,0
flow_20.142,82.5,4.0,0
flow_00.135,47.5,3.5,0
flow_00.136,42.5,4.0,0
flow_20.143,81.5,4.0,0
flow_20.144,79.5,4.5,0
flow_00.137,43.0,4.0,0
flow_20.145,61.0,4.0,0
flow_00.138,37.0,4.5,0
flow_20.146,58.0,4.0,0
flow_00.139,36.0,4.0,0
flow_30.129,51.5,4.5,0
flow_10.45,35.5,4.5,0
flow_30.130,49.0,4.0,0
flow_10.46,25.0,3.0,0
flow_30.131,44.0,4.0,0
flow_10.47,24.5,3.0,0
flow_30.132,42.0,4.0,0
flow_30.133,41.0,4.0,0
flow_30.134,40.0,4.0,0
flow_30.135,39.0,4.0,0
flow_00.140,59.5,4.0,0
flow_20.147,83.5,4.0,0
flow_20.148,83.0,4.0,0
flow_00.141,60.0,4.0,0
flow_00.142,44.0,4.0,0
flow_20.149,82.5,4.0,0
flow_00.143,42.5,3.5,0
flow_20.150,76.5,4.0,0
flow_00.144,41.5,4.0,0
flow_20.151,73.0,4.0,0
flow_00.145,40.0,4.0,0
flow_20.152,60.0,4.0,0
flow_00.146,39.0,4.0,0
flow_20.153,58.5,4.5,0
flow_30.136,63.5,4.0,0
flow_30.137,62.0,4.0,0
flow_30.138,58.5,3.5,0
flow_30.139,57.0,4.0,0
flow_00.0,25.0,3.0,0
flow_30.0,33.5,4.0,0
flow_30.1,30.5,4.0,0
flow_20.0,44.0,4.5,0
flow_00.1,52.0,4.5,0
flow_20.1,43.0,4.0,0
flow_00.2,51.5,4.0,0
flow_00.3,50.0,4.0,0
flow_20.2,42.5,4.0,0
flow_00.4,30.5,3.5,0
flow_20.3,42.0,4.0,0
flow_20.4,40.5,4.0,0
flow_00.5,30.0,4.0,0
flow_00.6,28.5,4.5,0
flow_20.5,27.5,4.0,0
flow_00.7,27.5,4.0,0
flow_30.2,45.5,4.5,0
flow_10.0,35.5,4.5,0
flow_30.3,42.0,4.0,0
flow_10.1,34.5,4.5,0
flow_30.4,40.5,4.0,0
flow_10.2,28.0,4.0,0
flow_30.5,39.0,3.5,0
flow_30.6,39.5,4.0,0
flow_30.7,38.0,4.5,0
flow_30.8,36.0,4.0,0
flow_00.8,50.5,4.0,0
flow_20.6,37.5,4.5,0
flow_00.9,47.5,4.0,0
flow_20.7,26.0,3.5,0
flow_00.10,47.5,3.5,0
flow_20.8,26.0,3.5,0
flow_00.11,25.5,3.5,0
flow_20.9,25.0,3.5,0
flow_00.12,25.5,3.5,0
flow_20.10,25.5,3.0,0
flow_30.9,61.0,4.0,0
flow_10.3,26.5,3.5,0
flow_30.10,61.5,4.0,0
flow_30.11,42.5,4.0,0
flow_30.12,38.5,3.5,0
flow_30.13,37.5,4.0,0
flow_30.14,37.0,4.0,0
flow_30.15,36.5,4.5,0
flow_20.11,51.0,4.5,0
flow_00.13,55.5,4.5,0
flow_00.14,55.0,4.0,0
flow_20.12,42.0,4.5,0
flow_00.15,53.0,4.0,0
flow_00.16,52.0,3.5,0
flow_00.17,50.5,4.0,0
flow_20.13,25.5,3.5,0
flow_00.18,47.5,3.5,0
flow_20.14,25.5,3.5,0
flow_00.19,35.0,4.0,0
flow_10.4,51.0,4.0,0
flow_30.16,61.5,4.5,0
flow_30.17,60.0,4.0,0
flow_30.18,58.5,3.5,0
flow_30.19,59.0,4.0,0
flow_30.20,57.5,4.5,0
flow_30.21,56.0,4.0,0
flow_10.5,25.0,3.0,0
flow_30.22,55.5,4.5,0
flow_00.20,58.0,4.5,0
flow_20.15,52.5,4.5,0
flow_00.21,57.0,3.5,0
flow_20.16,52.0,4.0,0
flow_00.22,56.5,3.5,0
flow_20.17,50.5,4.0,0
flow_00.23,29.5,4.0,0
flow_20.18,50.0,4.0,0
flow_00.24,27.5,4.0,0
flow_20.19,50.0,4.5,0
flow_20.20,40.5,4.5,0
flow_20.21,38.5,4.5,0
flow_30.23,80.5,4.0,0
flow_10.6,49.5,4.5,0
flow_30.24,79.0,4.0,0
flow_10.7,45.5,4.5,0
flow_30.25,72.5,3.5,0
flow_10.8,38.5,4.5,0
flow_30.26,55.5,4.0,0
flow_30.27,54.5,4.0,0
flow_30.28,53.0,4.0,0
flow_30.29,51.5,4.0,0
flow_00.25,46.0,4.5,0
flow_20.22,53.5,4.5,0
flow_00.26,45.5,4.0,0
flow_20.23,48.0,4.0,0
flow_00.27,44.0,4.0,0
flow_20.24,34.0,4.0,0
flow_20.25,31.0,4.0,0
flow_00.28,43.0,4.0,0
flow_20.26,30.0,4.0,0
flow_00.29,40.5,4.0,0
flow_20.27,28.5,4.0,0
flow_00.30,27.0,4.0,0
flow_20.28,27.5,4.0,0
flow_00.31,26.0,4.0,0
flow_30.30,65.0,4.5,0
flow_10.9,54.0,4.0,0
flow_30.31,64.0,3.5,0
flow_10.10,38.5,4.5,0
flow_30.32,60.5,4.0,0
flow_30.33,39.5,4.0,0
flow_30.34,32.5,4.5,0
flow_10.11,27.0,4.0,0
flow_30.35,26.0,3.5,0
flow_00.32,51.0,4.5,0
flow_20.29,51.5,4.5,0
flow_20.30,48.0,3.5,0
flow_00.33,41.0,4.0,0
flow_20.31,47.0,3.5,0
flow_00.34,41.0,4.0,0
flow_00.35,39.5,4.0,0
flow_20.32,47.5,4.0,0
flow_20.33,45.5,4.0,0
flow_00.36,32.5,4.0,0
flow_00.37,31.5,4.0,0
flow_20.34,25.5,3.5,0
flow_00.38,30.0,4.0,0
flow_10.12,48.5,4.0,0
flow_30.36,47.0,4.5,0
flow_10.13,29.0,3.5,0
flow_30.37,46.0,4.0,0
flow_30.38,45.5,4.0,0
flow_30.39,44.0,3.5,0
flow_30.40,44.0,4.5,0
flow_30.41,39.0,4.0,0
flow_30.42,37.5,4.0,0
flow_00.39,55.5,4.0,0
flow_20.35,53.5,4.5,0
flow_00.40,55.0,4.0,0
flow_20.36,44.0,4.0,0
flow_00.41,55.0,4.0,0
flow_20.37,42.5,4.0,0
flow_00.42,53.5,4.0,0
flow_20.38,32.5,4.0,0
flow_00.43,51.0,4.0,0
flow_20.39,32.0,4.5,0
flow_00.44,43.5,4.0,0
flow_20.40,30.5,4.5,0
flow_00.45,39.5,4.5,0
flow_10.14,38.0,4.5,0
flow_30.43,50.0,4.5,0
flow_10.15,28.0,3.5,0
flow_30.44,50.5,4.0,0
flow_10.16,27.0,3.5,0
flow_30.45,42.0,4.0,0
flow_30.46,40.5,3.5,0
flow_30.47,29.5,4.0,0
flow_30.48,27.5,4.0,0
flow_30.49,26.0,3.5,0
flow_20.41,52.0,4.0,0
flow_00.46,49.5,4.0,0
flow_20.42,51.5,3.5,0
flow_00.47,49.0,4.0,0
flow_20.43,51.5,4.0,0
flow_00.48,48.5,4.0,0
flow_00.49,47.5,4.0,0
flow_20.44,47.5,4.5,0
flow_00.50,39.5,4.0,0
flow_20.45,45.0,4.0,0
flow_00.51,38.5,4.0,0
flow_20.46,35.0,4.5,0
flow_00.52,36.5,4.0,0
flow_20.47,29.5,4.5,0
flow_30.50,49.0,4.0,0
flow_10.17,26.5,3.5,0
flow_30.51,41.0,3.5,0
flow_10.18,24.5,3.0,0
flow_30.52,40.5,3.5,0
flow_30.53,36.0,4.0,0
flow_30.54,35.0,4.0,0
flow_30.55,34.5,4.0,0
flow_30.56,33.0,4.5,0
flow_00.53,62.0,4.0,0
flow_20.48,43.5,4.5,0
flow_20.49,30.5,4.0,0
flow_00.54,62.0,4.0,0
flow_20.50,30.0,4.0,0
flow_00.55,61.0,4.0,0
flow_00.56,59.5,3.5,0
flow_20.51,29.0,4.0,0
flow_00.57,58.5,4.0,0
flow_00.58,40.5,4.0,0
flow_00.59,39.0,4.0,0
flow_10.19,49.0,4.5,0
flow_30.57,60.5,5.0,0
flow_10.20,48.0,3.5,0
flow_30.58,58.5,4.0,0
flow_10.21,47.5,3.5,0
flow_30.59,57.0,4.0,0
flow_10.22,46.5,3.5,0
flow_30.60,56.0,4.0,0
flow_10.23,24.5,3.0,0
flow_30.61,54.5,3.5,0
flow_30.62,53.5,4.5,0
flow_30.63,52.0,4.5,0
flow_20.52,45.0,4.5,0
flow_00.60,65.5,4.5,0
flow_20.53,44.0,3.5,0
flow_00.61,64.5,4.0,0
flow_20.54,43.0,3.5,0
flow_00.62,63.0,4.0,0
flow_00.63,53.0,4.5,0
flow_20.55,41.0,4.0,0
flow_00.64,51.5,4.0,0
flow_20.56,34.0,4.5,0
flow_00.65,49.5,4.0,0
flow_00.66,48.0,3.5,0
flow_30.64,77.0,4.5,0
flow_10.24,47.0,4.5,0
flow_30.65,76.0,4.0,0
flow_10.25,37.0,4.0,0
flow_30.66,75.0,4.0,0
flow_30.67,74.0,3.5,0
flow_30.68,72.0,4.0,0
flow_30.69,58.0,3.5,0
flow_30.70,57.0,4.0,0
flow_00.67,74.0,4.5,0
flow_20.57,52.0,4.5,0
flow_00.68,72.5,3.5,0
flow_20.58,43.5,4.0,0
flow_00.69,71.5,3.5,0
flow_20.59,41.0,4.0,0
flow_00.70,70.5,3.5,0
flow_20.60,32.0,3.5,0
flow_00.71,69.5,4.0,0
flow_20.61,31.0,4.0,0
flow_00.72,57.5,4.5,0
flow_20.62,30.0,4.5,0
flow_00.73,43.0,4.5,0
flow_30.71,83.0,4.5,0
flow_10.26,53.5,4.5,0
flow_10.27,53.0,4.0,0
flow_30.72,83.0,4.0,0
flow_30.73,78.0,4.0,0
flow_10.28,53.5,4.0,0
flow_30.74,77.5,4.0,0
flow_10.29,52.0,4.0,0
flow_30.75,76.0,4.5,0
flow_30.76,61.0,4.0,0
flow_30.77,58.5,4.5,0
flow_20.63,47.5,4.0,0
flow_00.74,51.0,5.0,0
flow_20.64,46.0,4.0,0
flow_00.75,35.5,4.5,0
flow_20.65,41.5,4.0,0
flow_00.76,33.5,4.0,0
flow_00.77,32.0,4.0,0
flow_20.66,24.5,3.0,0
flow_00.78,28.5,4.0,0
flow_30.78,84.0,4.5,0
flow_10.30,49.5,4.5,0
flow_30.79,83.5,4.0,0
flow_10.31,48.5,4.0,0
flow_30.80,82.5,4.0,0
flow_10.32,46.0,4.0,0
flow_30.81,81.5,4.0,0
flow_30.82,80.0,4.5,0
flow_30.83,62.0,4.5,0
flow_30.84,59.0,4.0,0
flow_00.79,54.5,4.5,0
flow_20.67,46.0,4.5,0
flow_00.80,53.5,4.0,0
flow_20.68,39.0,4.0,0
flow_20.69,38.0,4.0,0
flow_00.81,54.0,4.5,0
flow_20.70,36.5,4.0,0
flow_00.82,52.5,4.0,0
flow_20.71,35.0,4.0,0
flow_00.83,42.0,4.0,0
flow_20.72,33.5,3.5,0
flow_00.84,40.5,4.0,0
flow_00.85,39.5,4.0,0
flow_20.73,32.5,4.0,0
flow_10.33,50.5,4.0,0
flow_30.85,84.5,4.0,0
flow_10.34,48.0,3.5,0
flow_30.86,84.0,4.0,0
flow_10.35,31.0,4.0,0
flow_10.36,29.5,3.5,0
flow_30.87,85.5,4.5,0
flow_30.88,84.0,5.0,0
flow_10.37,25.5,3.5,0
flow_30.89,81.5,4.5,0
flow_30.90,62.5,4.5,0
flow_30.91,59.5,4.0,0
flow_00.86,64.0,4.0,0
flow_20.74,57.5,4.0,0
flow_20.75,57.5,4.0,0
flow_00.87,54.5,4.0,0
flow_20.76,56.5,4.0,0
flow_00.88,55.0,4.5,0
flow_20.77,55.0,4.0,0
flow_00.89,37.5,4.0,0
flow_20.78,54.0,4.0,0
flow_00.90,36.0,4.0,0
flow_20.79,49.0,3.5,0
flow_00.91,35.0,4.0,0
flow_20.80,48.0,4.0,0
flow_00.92,33.5,4.0,0
flow_10.38,48.0,4.0,0
flow_30.92,84.5,4.0,0
flow_10.39,33.5,4.0,0
flow_30.93,83.5,4.0,0
flow_10.40,26.0,3.5,0
flow_30.94,83.0,4.5,0
flow_30.95,82.0,4.0,0
flow_30.96,80.0,4.0,0
flow_30.97,61.0,4.0,0
flow_30.98,58.5,4.5,0
flow_20.81,69.0,4.0,0
flow_00.93,58.0,4.0,0
flow_20.82,67.5,3.5,0
flow_00.94,53.0,4.0,0
flow_00.95,51.5,3.5,0
flow_20.83,68.0,4.0,0
flow_00.96,50.5,4.0,0
flow_20.84,67.0,4.0,0
flow_00.97,49.5,3.5,0
flow_20.85,48.0,4.0,0
flow_00.98,48.5,4.0,0
flow_20.86,47.0,4.0,0
flow_00.99,47.0,4.5,0
flow_20.87,46.5,4.5,0
flow_30.99,84.0,4.5,0
flow_10.41,42.5,4.5,0
flow_30.100,82.5,4.0,0
flow_30.101,81.5,3.5,0
flow_30.102,79.5,3.5,0
flow_10.42,25.5,3.5,0
flow_30.103,79.5,4.5,0
flow_30.104,60.5,4.0,0
flow_30.105,58.0,4.5,0
flow_00.100,73.5,4.5,0
flow_20.88,56.0,4.5,0
flow_00.101,72.5,4.0,0
flow_20.89,55.5,4.0,0
flow_00.102,71.5,4.0,0
flow_20.90,49.5,4.0,0
flow_00.103,70.0,4.0,0
flow_20.91,49.0,4.0,0
flow_00.104,57.5,4.0,0
flow_20.92,48.0,4.0,0
flow_00.105,56.5,4.0,0
flow_20.93,46.5,4.0,0
flow_00.106,55.5,4.0,0
flow_20.94,45.0,4.5,0
flow_10.43,52.5,4.5,0
flow_30.106,83.0,4.5,0
flow_10.44,50.5,3.5,0
flow_30.107,83.0,4.0,0
flow_30.108,81.5,4.0,0
flow_30.109,80.5,4.0,0
flow_30.110,78.5,4.0,0
flow_30.111,60.5,4.0,0
flow_10.45,26.5,3.5,0
flow_30.112,58.5,4.0,0
flow_20.95,70.0,4.5,0
flow_00.107,81.5,4.5,0
flow_00.108,63.0,4.0,0
flow_20.96,67.0,4.0,0
flow_00.109,48.0,3.5,0
flow_20.97,61.0,4.0,0
flow_00.110,47.0,4.0,0
flow_20.98,53.0,4.0,0
flow_00.111,46.5,4.0,0
flow_20.99,50.5,4.5,0
flow_00.112,40.5,4.0,0
flow_20.100,47.5,4.5,0
flow_20.101,34.5,4.0,0
flow_10.46,53.5,4.0,0
flow_30.113,84.5,4.5,0
flow_10.47,27.5,3.5,0
flow_30.114,84.0,4.0,0
flow_10.48,26.0,3.5,0
flow_30.115,83.0,4.0,0
flow_30.116,81.5,4.5,0
flow_10.49,24.5,3.0,0
flow_30.117,80.0,4.0,0
flow_30.118,62.0,4.5,0
flow_30.119,59.0,4.5,0
flow_20.102,59.0,4.5,0
flow_00.113,55.0,4.5,0
flow_00.114,48.5,4.0,0
flow_20.103,59.5,4.0,0
flow_20.104,58.0,4.0,0
flow_00.115,48.0,4.0,0
flow_20.105,36.0,4.0,0
flow_00.116,29.0,4.0,0
flow_20.106,34.5,4.0,0
flow_00.117,28.0,4.5,0
flow_20.107,33.0,3.5,0
flow_00.118,24.5,3.0,0
flow_20.108,31.5,4.0,0
flow_30.120,83.5,4.5,0
flow_10.50,43.0,4.0,0
flow_30.121,82.5,3.5,0
flow_10.51,42.5,3.5,0
flow_30.122,81.5,3.5,0
flow_10.52,42.0,4.0,0
flow_30.123,80.5,3.5,0
flow_10.53,37.5,3.5,0
flow_30.124,79.0,4.0,0
flow_30.125,59.5,4.0,0
flow_30.126,58.0,4.0,0
flow_20.109,55.5,4.0,0
flow_00.119,51.5,4.5,0
flow_00.120,49.0,3.5,0
flow_20.110,55.0,3.5,0
flow_00.121,48.0,3.5,0
flow_20.111,54.0,4.0,0
flow_00.122,47.5,3.5,0
flow_20.112,43.0,3.5,0
flow_20.113,41.5,4.0,0
flow_00.123,47.0,4.0,0
flow_20.114,36.5,4.0,0
flow_00.124,45.5,4.5,0
flow_00.125,43.5,4.0,0
flow_20.115,35.0,3.5,0
flow_10.54,39.5,4.0,0
flow_30.127,83.5,4.0,0
flow_30.128,69.5,3.5,0
flow_30.129,70.0,4.0,0
flow_30.130,69.0,4.5,0
flow_30.131,53.0,4.0,0
flow_30.132,48.5,4.5,0
flow_30.133,46.0,4.5,0
flow_00.126,69.5,4.5,0
flow_20.116,31.5,4.0,0
flow_00.127,69.0,4.0,0
flow_00.128,55.5,3.5,0
flow_00.129,53.0,3.5,0
flow_00.130,50.5,4.0,0
flow_20.117,26.5,3.5,0
flow_00.131,49.5,4.0,0
flow_20.118,26.0,3.5,0
flow_00.132,50.0,4.5,0
flow_30.134,50.0,4.5,0
flow_30.135,47.0,4.0,0
flow_30.136,46.5,4.0,0
flow_30.137,42.0,4.0,0
flow_30.138,41.0,4.5,0
flow_30.139,39.5,4.0,0
flow_30.140,38.0,4.5,0
flow_00.133,71.5,4.0,0
flow_20.119,53.0,4.5,0
flow_00.134,71.0,4.0,0
flow_20.120,50.0,4.0,0
flow_00.135,70.5,3.5,0
flow_00.136,69.0,4.0,0
flow_00.137,67.0,4.0,0
flow_00.138,58.5,3.5,0
flow_00.139,42.0,4.0,0
flow_30.141,62.5,4.0,0
flow_10.55,54.5,5.0,0
flow_30.142,62.5,4.0,0
flow_10.56,50.0,4.5,0
flow_30.143,62.0,4.0,0
flow_10.57,37.5,4.5,0
flow_30.144,60.5,4.0,0
flow_10.58,35.5,4.0,0
flow_30.145,59.0,4.0,0
flow_30.146,58.0,4.0,0
flow_30.147,56.0,4.0,0
flow_00.140,68.0,4.5,0
flow_20.121,31.5,4.0,0
flow_00.141,67.5,4.0,0
flow_20.122,26.0,3.5,0
flow_00.142,65.5,4.0,0
flow_20.123,26.5,3.5,0
flow_00.143,29.0,4.0,0
flow_00.144,26.0,3.5,0
flow_10.59,39.0,4.0,0
flow_30.148,82.0,4.5,0
flow_10.60,34.5,3.5,0
flow_30.149,81.0,4.0,0
flow_30.150,79.5,4.0,0
flow_30.151,69.5,4.0,0
flow_30.152,67.5,4.5,0
flow_30.153,62.5,4.5,0
flow_30.154,60.0,4.5,0
flow_00.145,52.5,4.0,0
flow_20.124,49.0,4.0,0
flow_00.146,35.5,4.0,0
flow_20.125,43.0,4.0,0
flow_00.147,34.5,4.0,0
flow_20.126,42.5,4.0,0
flow_00.148,33.5,4.0,0
flow_20.127,41.5,4.0,0
flow_20.128,40.0,4.5,0
flow_00.149,32.5,4.0,0
flow_20.129,38.5,4.0,0
flow_20.130,37.0,4.0,0
flow_30.155,83.5,4.0,0
flow_10.61,52.5,4.5,0
flow_30.156,65.5,4.0,0
flow_10.62,46.5,4.0,0
flow_30.157,64.5,3.5,0
flow_10.63,45.0,4.0,0
flow_30.158,62.5,4.0,0
flow_10.64,36.5,3.5,0
flow_30.159,61.5,4.0,0
flow_30.160,59.0,4.0,0
flow_30.161,57.5,4.0,0
flow_00.150,47.0,4.5,0
flow_20.131,63.0,4.5,0
flow_00.151,46.0,3.5,0
flow_20.132,60.5,4.0,0
flow_00.152,45.0,3.5,0
flow_20.133,44.0,4.0,0
flow_20.134,43.0,3.5,0
flow_00.153,43.0,3.5,0
flow_00.154,43.0,4.5,0
flow_20.135,41.0,4.5,0
flow_00.155,41.0,4.0,0
flow_20.136,40.0,5.0,0
flow_00.156,29.5,4.5,0
flow_20.137,38.5,4.5,0
flow_30.162,84.5,4.5,0
flow_30.163,72.0,4.0,0
flow_30.164,71.5,4.0,0
flow_30.165,70.5,4.0,0
flow_30.0,25.0,3.5,0
flow_10.0,24.0,3.0,0
flow_10.1,23.5,3.0,0
flow_10.2,25.5,3.0,0
flow_10.3,24.5,3.5,0
flow_00.0,55.0,4.5,0
flow_20.0,39.5,4.5,0
flow_00.1,53.5,4.0,0
flow_00.2,52.5,4.0,0
flow_00.3,49.0,4.5,0
flow_00.4,48.0,4.0,0
flow_20.1,24.5,3.0,0
flow_00.5,46.5,4.5,0
flow_00.6,41.5,4.0,0
flow_10.4,51.0,4.0,0
flow_30.1,51.0,5.0,0
flow_10.5,50.0,3.5,0
flow_30.2,49.0,4.0,0
flow_10.6,47.0,3.5,0
flow_30.3,47.5,4.0,0
flow_10.7,43.5,4.0,0
flow_30.4,46.5,4.0,0
flow_30.5,45.0,4.0,0
flow_10.8,37.0,4.0,0
flow_30.6,44.5,4.5,0
flow_10.9,32.5,4.5,0
flow_30.7,43.0,4.0,0
flow_10.10,31.0,4.0,0
flow_00.7,68.0,4.5,0
flow_00.8,66.0,4.0,0
flow_00.9,59.5,4.0,0
flow_00.10,58.0,4.5,0
flow_00.11,52.0,4.0,0
flow_00.12,51.0,4.5,0
flow_00.13,50.0,4.5,0
flow_30.8,67.0,4.0,0
flow_10.11,55.5,4.0,0
flow_10.12,55.0,4.0,0
flow_30.9,68.0,4.0,0
flow_10.13,48.5,3.5,0
flow_30.10,66.5,4.5,0
flow_10.14,38.5,4.0,0
flow_30.11,65.5,4.0,0
flow_10.15,37.5,4.0,0
flow_30.12,64.0,4.0,0
flow_30.13,60.0,4.0,0
flow_10.16,25.5,3.5,0
flow_30.14,58.5,4.5,0
flow_00.14,75.0,4.5,0
flow_00.15,75.0,4.5,0
flow_00.16,73.0,4.0,0
flow_00.17,72.0,4.0,0
flow_00.18,70.5,4.0,0
flow_00.19,60.5,4.5,0
flow_00.20,58.5,4.0,0
flow_30.15,84.0,4.5,0
flow_10.17,48.0,4.5,0
flow_30.16,83.0,4.0,0
flow_10.18,46.5,4.0,0
flow_30.17,82.0,4.0,0
flow_10.19,45.0,4.0,0
flow_30.18,80.5,3.5,0
flow_10.20,43.0,3.5,0
flow_30.19,74.0,4.0,0
flow_10.21,43.5,4.5,0
flow_30.20,61.5,4.0,0
flow_10.22,39.5,4.5,0
flow_30.21,58.5,4.0,0
flow_10.23,27.5,4.0,0
flow_00.21,83.0,4.0,0
flow_00.22,78.5,5.0,0
flow_00.23,75.5,4.0,0
flow_00.24,74.0,4.5,0
flow_00.25,72.0,4.0,0
flow_00.26,61.5,4.5,0
flow_00.27,59.0,4.0,0
flow_10.24,48.0,4.0,0
flow_30.22,74.5,4.5,0
flow_10.25,32.5,4.0,0
flow_30.23,74.0,4.0,0
flow_10.26,31.5,4.0,0
flow_30.24,73.0,4.0,0
flow_10.27,30.0,4.0,0
flow_30.25,70.0,4.0,0
flow_10.28,26.5,4.0,0
flow_30.26,66.5,4.5,0
flow_30.27,61.0,4.0,0
flow_30.28,59.0,4.5,0
flow_20.2,45.5,4.5,0
flow_00.28,85.0,4.5,0
flow_20.3,45.0,4.0,0
flow_00.29,84.0,4.0,0
flow_20.4,41.5,4.0,0
flow_00.30,82.5,4.0,0
flow_00.31,81.5,4.0,0
flow_20.5,29.5,3.5,0
flow_00.32,79.5,4.0,0
flow_20.6,24.5,3.0,0
flow_00.33,60.5,4.0,0
flow_00.34,59.0,4.0,0
flow_20.7,26.0,3.5,0
flow_30.29,85.0,4.5,0
flow_10.29,45.5,4.5,0
flow_30.30,83.0,4.0,0
flow_10.30,43.5,4.0,0
flow_30.31,82.0,4.0,0
flow_10.31,34.5,3.5,0
flow_30.32,81.0,4.0,0
flow_10.32,26.0,3.5,0
flow_30.33,79.5,4.5,0
flow_30.34,61.0,4.0,0
flow_30.35,59.0,4.5,0
flow_00.35,84.5,4.0,0
flow_20.8,51.5,4.5,0
flow_20.9,31.5,4.0,0
flow_00.36,83.5,4.0,0
flow_00.37,80.0,3.5,0
flow_20.10,24.0,2.5,0
flow_00.38,79.0,4.0,0
flow_00.39,77.0,4.0,0
flow_00.40,60.5,4.0,0
flow_00.41,58.5,4.0,0
flow_10.33,48.5,4.0,0
flow_30.36,85.0,4.5,0
flow_10.34,49.0,4.0,0
flow_30.37,84.0,4.0,0
flow_10.35,48.5,4.0,0
flow_30.38,74.0,4.5,0
flow_10.36,47.0,3.5,0
flow_30.39,67.5,4.5,0
flow_10.37,46.5,4.0,0
flow_30.40,65.5,4.0,0
flow_10.38,45.0,4.5,0
flow_30.41,58.0,4.5,0
flow_10.39,28.5,4.0,0
flow_30.42,52.5,4.0,0
flow_20.11,34.0,4.5,0
flow_00.42,84.5,4.5,0
flow_00.43,83.0,3.5,0
flow_20.12,33.5,4.0,0
flow_00.44,81.0,3.5,0
flow_20.13,26.5,4.0,0
flow_00.45,80.5,3.5,0
flow_00.46,79.0,3.5,0
flow_00.47,61.0,4.0,0
flow_20.14,25.0,3.0,0
flow_00.48,58.0,4.0,0
flow_30.43,77.5,4.0,0
flow_10.40,50.5,4.5,0
flow_10.41,49.5,3.5,0
flow_30.44,77.5,4.0,0
flow_30.45,76.0,4.0,0
flow_10.42,42.5,4.0,0
flow_10.43,39.5,3.5,0
flow_30.46,75.0,3.5,0
flow_10.44,38.0,4.0,0
flow_30.47,73.5,4.0,0
flow_10.45,36.5,4.0,0
flow_30.48,60.5,3.5,0
flow_10.46,35.0,3.5,0
flow_30.49,58.0,4.0,0
flow_00.49,84.0,4.5,0
flow_00.50,83.0,4.0,0
flow_20.15,26.5,3.5,0
flow_00.51,82.5,4.0,0
flow_00.52,81.5,4.0,0
flow_00.53,79.5,4.0,0
flow_00.54,60.5,4.0,0
flow_00.55,58.0,4.0,0
flow_30.50,84.0,4.5,0
flow_10.47,61.0,4.5,0
flow_10.48,28.5,3.5,0
flow_30.51,83.5,4.0,0
flow_10.49,27.0,4.0,0
flow_30.52,82.5,4.0,0
flow_10.50,26.0,3.5,0
flow_30.53,81.5,4.0,0
flow_30.54,79.0,4.0,0
flow_30.55,61.5,4.0,0
flow_30.56,58.5,4.0,0
flow_00.56,84.0,4.0,0
flow_20.16,49.0,4.5,0
flow_00.57,83.5,4.0,0
flow_00.58,79.0,3.5,0
flow_00.59,78.0,4.0,0
flow_00.60,76.0,4.0,0
flow_00.61,61.0,4.0,0
flow_00.62,58.5,4.5,0
flow_10.51,52.5,4.5,0
flow_30.57,85.5,4.5,0
flow_30.58,83.5,4.0,0
flow_10.52,52.5,4.0,0
flow_30.59,82.0,4.0,0
flow_10.53,51.5,4.0,0
flow_10.54,49.5,3.5,0
flow_30.60,81.5,4.0,0
flow_10.55,48.5,4.0,0
flow_30.61,79.0,4.0,0
flow_10.56,37.5,4.0,0
flow_30.62,61.0,4.0,0
flow_10.57,36.5,4.0,0
flow_30.63,58.5,4.0,0
flow_00.63,84.0,4.0,0
flow_20.17,26.0,3.0,0
flow_20.18,26.0,3.5,0
flow_00.64,84.0,4.0,0
flow_00.65,69.5,3.5,0
flow_00.66,64.5,4.0,0
flow_00.67,59.0,4.0,0
flow_00.68,56.5,4.5,0
flow_00.69,55.0,4.0,0
flow_30.64,83.5,4.0,0
flow_10.58,60.5,4.0,0
flow_10.59,57.0,4.0,0
flow_30.65,84.0,4.0,0
flow_30.66,82.5,4.0,0
flow_10.60,43.5,4.5,0
flow_30.67,82.5,4.5,0
flow_10.61,34.5,4.5,0
flow_30.68,80.0,4.0,0
flow_10.62,25.5,3.5,0
flow_30.69,61.5,4.0,0
flow_30.70,58.5,4.5,0
flow_20.19,37.5,4.0,0
flow_00.70,81.0,4.5,0
flow_00.71,80.0,4.0,0
flow_00.72,80.5,4.0,0
flow_00.73,63.5,4.0,0
flow_00.74,62.5,4.0,0
flow_00.75,60.5,4.5,0
flow_00.76,58.5,4.0,0
flow_30.71,83.5,4.0,0
flow_10.63,54.5,4.5,0
flow_30.72,83.0,4.0,0
flow_10.64,55.0,4.0,0
flow_30.73,82.5,4.0,0
flow_10.65,46.0,4.0,0
flow_30.74,81.5,4.0,0
flow_10.66,39.5,4.0,0
flow_30.75,79.5,4.5,0
flow_10.67,36.5,4.5,0
flow_30.76,62.0,4.5,0
flow_30.77,59.5,4.5,0
flow_00.77,83.0,4.0,0
flow_20.20,32.5,4.5,0
flow_00.78,83.0,3.5,0
flow_00.79,71.0,3.5,0
flow_00.80,71.5,4.5,0
flow_00.81,58.5,4.0,0
flow_00.82,58.0,4.5,0
flow_00.83,57.0,4.5,0
flow_30.78,84.0,4.5,0
flow_10.68,57.0,5.0,0
flow_30.79,82.5,3.5,0
flow_10.69,55.5,4.5,0
flow_30.80,82.0,4.0,0
flow_10.70,54.5,4.0,0
flow_30.81,80.5,3.5,0
flow_10.71,47.0,3.5,0
flow_10.72,46.0,4.0,0
flow_30.82,79.5,4.0,0
flow_10.73,44.5,4.0,0
flow_30.83,61.5,4.0,0
flow_30.84,58.0,4.0,0
flow_10.74,39.0,4.0,0
flow_20.21,38.5,4.5,0
flow_00.84,82.0,4.0,0
flow_00.85,81.0,4.0,0
flow_00.86,80.5,3.5,0
flow_00.87,80.0,4.0,0
flow_00.88,77.0,4.0,0
flow_00.89,60.0,4.5,0
flow_00.90,54.0,4.5,0
flow_30.85,84.0,4.5,0
flow_10.75,66.0,4.5,0
flow_10.76,64.5,4.0,0
flow_30.86,84.0,4.0,0
flow_30.87,83.0,4.5,0
flow_10.77,64.0,4.0,0
flow_30.88,81.5,4.0,0
flow_10.78,63.5,4.5,0
flow_30.89,79.5,4.0,0
flow_10.79,55.5,4.0,0
flow_30.90,61.5,4.0,0
flow_10.80,54.5,4.5,0
flow_30.91,58.5,4.5,0
flow_10.81,45.5,4.0,0
flow_20.22,53.0,4.0,0
flow_00.91,65.0,4.5,0
flow_00.92,64.5,4.5,0
flow_00.93,59.0,4.0,0
flow_00.94,57.5,4.5,0
flow_00.95,56.0,4.0,0
flow_20.23,23.5,3.0,0
flow_00.96,54.5,4.0,0
flow_00.97,53.0,3.5,0
flow_30.92,84.5,4.5,0
flow_10.82,56.5,4.5,0
flow_10.83,55.5,4.0,0
flow_30.93,84.0,4.0,0
flow_30.94,82.0,4.0,0
flow_10.84,48.0,4.0,0
flow_30.95,81.0,3.5,0
flow_10.85,46.5,4.0,0
flow_10.86,45.0,4.5,0
flow_30.96,79.5,4.0,0
flow_10.87,43.5,4.0,0
flow_30.97,62.0,4.0,0
flow_10.88,42.0,4.0,0
flow_30.98,59.0,4.5,0
flow_20.24,43.0,4.0,0
flow_00.98,79.5,4.5,0
flow_20.25,35.0,4.0,0
flow_00.99,79.0,4.5,0
flow_20.26,33.5,4.0,0
flow_00.100,78.5,4.0,0
flow_00.101,76.5,4.5,0
flow_00.102,75.0,4.0,0
flow_00.103,61.0,4.5,0
flow_00.104,59.0,4.0,0
flow_30.99,84.0,4.5,0
flow_10.89,68.0,4.5,0
flow_10.90,67.0,4.0,0
flow_30.100,84.0,4.0,0
flow_10.91,66.5,4.0,0
flow_30.101,83.0,4.5,0
flow_10.92,65.5,4.0,0
flow_30.102,82.5,4.5,0
flow_10.93,59.5,4.0,0
flow_30.103,79.5,4.0,0
flow_10.94,52.0,4.0,0
flow_30.104,61.5,4.0,0
flow_30.105,58.5,4.0,0
flow_10.95,52.0,4.5,0
flow_00.105,84.5,4.5,0
flow_00.106,83.0,3.5,0
flow_00.107,83.0,4.0,0
flow_00.108,75.0,4.5,0
flow_00.109,46.5,4.0,0
flow_00.110,26.5,4.0,0
flow_00.111,25.5,3.5,0
flow_30.106,85.5,4.5,0
flow_10.96,76.0,4.5,0
flow_30.107,84.0,4.0,0
flow_10.97,75.0,4.0,0
flow_30.108,83.5,4.5,0
flow_10.98,74.0,4.5,0
flow_30.109,82.5,4.5,0
flow_10.99,63.0,4.5,0
flow_30.110,80.0,4.0,0
flow_10.100,61.0,4.0,0
flow_30.111,61.0,4.0,0
flow_10.101,59.5,4.0,0
flow_30.112,58.5,4.0,0
flow_10.102,57.5,4.0,0
flow_00.112,51.5,4.0,0
flow_00.113,51.0,4.0,0
flow_00.114,43.0,4.0,0
flow_00.115,41.5,4.0,0
flow_00.116,40.5,4.0,0
flow_00.117,39.0,4.0,0
flow_00.118,35.0,4.0,0
flow_10.103,82.5,4.5,0
flow_30.113,84.5,4.5,0
flow_10.104,82.0,4.0,0
flow_30.114,83.0,4.0,0
flow_30.115,81.5,3.5,0
flow_10.105,81.0,4.0,0
flow_10.106,80.0,4.0,0
flow_30.116,82.0,4.0,0
flow_10.107,78.5,4.0,0
flow_30.117,80.0,4.5,0
flow_10.108,61.0,4.0,0
flow_30.118,61.5,4.0,0
flow_30.119,59.0,4.5,0
flow_10.109,59.0,4.5,0
flow_00.119,55.0,4.0,0
flow_00.120,54.5,3.5,0
flow_00.121,53.5,3.5,0
flow_00.122,53.0,4.0,0
flow_00.123,39.0,3.5,0
flow_00.124,37.5,4.0,0
flow_00.125,29.5,4.0,0
flow_10.110,83.5,4.0,0
flow_30.120,84.0,4.5,0
flow_30.121,82.5,3.5,0
flow_10.111,82.0,4.0,0
flow_30.122,82.5,4.0,0
flow_10.112,78.5,4.0,0
flow_30.123,80.5,3.5,0
flow_10.113,74.0,4.0,0
flow_10.114,67.5,4.0,0
flow_30.124,79.5,4.0,0
flow_10.115,60.5,4.0,0
flow_30.125,61.0,4.0,0
flow_10.116,48.0,4.0,0
flow_30.126,58.5,4.0,0
flow_00.126,56.0,4.5,0
flow_00.127,54.5,4.0,0
flow_00.128,41.0,3.5,0
flow_00.129,40.0,4.0,0
flow_00.130,38.5,4.0,0
flow_00.131,37.5,4.0,0
flow_20.27,26.5,3.5,0
flow_00.132,36.5,4.0,0
flow_30.127,84.0,4.5,0
flow_10.117,74.0,4.5,0
flow_30.128,82.5,4.0,0
flow_10.118,73.0,4.0,0
flow_10.119,71.5,4.0,0
flow_30.129,83.5,4.5,0
flow_10.120,71.0,4.0,0
flow_30.130,82.0,4.0,0
flow_30.131,79.0,4.0,0
flow_10.121,68.0,4.0,0
flow_30.132,61.0,4.0,0
flow_10.122,61.0,4.5,0
flow_30.133,58.5,4.5,0
flow_10.123,59.0,4.0,0
flow_00.133,56.0,4.5,0
flow_20.28,46.5,5.0,0
flow_20.29,44.5,4.0,0
flow_00.134,56.5,4.5,0
flow_20.30,43.0,4.0,0
flow_00.135,54.5,4.5,0
flow_20.31,41.0,4.0,0
flow_00.136,40.5,4.0,0
flow_00.137,39.5,4.0,0
flow_00.138,38.5,4.5,0
flow_00.139,37.0,4.0,0
flow_10.124,83.5,4.5,0
flow_30.134,84.0,4.5,0
flow_10.125,67.0,3.5,0
flow_30.135,83.0,4.0,0
flow_10.126,66.0,3.5,0
flow_30.136,82.0,4.0,0
flow_10.127,55.5,3.5,0
flow_30.137,80.5,3.5,0
flow_30.138,79.5,4.0,0
flow_10.128,52.0,4.0,0
flow_10.129,50.5,4.5,0
flow_30.139,63.0,4.5,0
flow_10.130,50.5,4.5,0
flow_30.140,60.0,4.5,0
flow_20.32,32.5,4.0,0
flow_00.140,59.5,4.0,0
flow_00.141,59.0,4.0,0
flow_00.142,59.5,4.0,0
flow_00.143,58.5,4.5,0
flow_00.144,57.0,4.5,0
flow_00.145,55.0,4.0,0
flow_20.33,24.5,3.0,0
flow_00.146,52.5,4.5,0
flow_30.141,84.0,4.5,0
flow_10.131,48.5,4.0,0
flow_30.142,82.5,4.0,0
flow_10.132,46.5,3.5,0
flow_10.133,44.5,3.5,0
flow_30.143,84.5,4.5,0
flow_10.134,44.0,4.0,0
flow_30.144,83.0,4.5,0
flow_30.145,80.5,4.0,0
flow_30.146,61.5,4.5,0
flow_30.147,59.5,4.5,0
flow_20.34,51.0,4.5,0
flow_00.147,76.5,4.5,0
flow_00.148,61.5,4.5,0
flow_20.35,40.0,4.5,0
flow_00.149,60.0,3.5,0
flow_00.150,55.0,4.0,0
flow_00.151,41.5,3.5,0
flow_00.152,40.0,4.0,0
flow_00.153,38.5,4.0,0
flow_30.148,84.0,4.5,0
flow_10.135,45.0,4.0,0
flow_30.149,82.5,3.5,0
flow_10.136,46.5,4.5,0
flow_30.150,81.5,3.5,0
flow_10.137,45.0,4.0,0
flow_30.151,81.5,4.0,0
flow_10.138,43.5,4.0,0
flow_30.152,79.5,4.0,0
flow_10.139,43.0,4.0,0
flow_10.140,41.0,4.5,0
flow_30.153,62.5,4.5,0
flow_10.141,39.5,4.0,0
flow_30.154,59.5,4.5,0
flow_00.154,63.0,4.0,0
flow_20.36,27.5,4.0,0
flow_00.155,40.0,3.5,0
flow_00.156,39.5,4.0,0
flow_00.157,40.0,4.0,0
flow_20.37,26.0,4.0,0
flow_00.158,38.5,4.5,0
flow_00.159,37.5,4.5,0
flow_00.160,35.0,4.5,0
flow_10.142,64.5,4.5,0
flow_30.155,84.5,4.5,0
flow_10.143,45.0,4.0,0
flow_30.156,83.0,4.0,0
flow_30.157,82.0,4.0,0
flow_10.144,45.0,4.0,0
flow_30.158,81.0,3.5,0
flow_10.145,37.0,3.5,0
flow_10.146,35.5,4.0,0
flow_30.159,79.0,4.0,0
flow_30.160,60.5,3.5,0
flow_10.147,35.0,4.5,0
flow_10.148,33.5,4.0,0
flow_30.161,58.5,4.0,0
flow_20.38,36.5,4.5,0
flow_00.161,59.0,4.5,0
flow_00.162,57.5,4.0,0
flow_00.163,57.0,4.0,0
flow_00.164,51.5,4.0,0
flow_00.165,50.0,4.0,0
flow_00.166,40.0,4.0,0
flow_00.167,30.5,4.0,0
flow_10.149,59.0,4.0,0
flow_30.162,84.5,4.5,0
flow_10.150,51.5,3.5,0
flow_30.163,83.0,4.0,0
flow_10.151,50.5,3.5,0
flow_30.164,82.0,4.0,0
flow_10.152,49.5,3.5,0
flow_30.165,81.5,4.0,0
flow_10.153,48.0,3.5,0
flow_00.0,25.5,3.5,0
flow_10.0,33.5,4.5,0
flow_30.0,31.0,4.0,0
flow_10.1,33.0,4.5,0
flow_30.1,31.0,4.0,0
flow_10.2,32.5,4.5,0
flow_30.2,29.0,4.0,0
flow_10.3,30.5,4.0,0
flow_30.3,26.0,3.5,0
flow_10.4,29.5,4.5,0
flow_10.5,28.0,4.0,0
flow_20.0,34.0,4.5,0
flow_00.1,39.5,4.5,0
flow_00.2,38.5,4.0,0
flow_00.3,33.0,3.5,0
flow_20.1,22.5,2.5,0
flow_00.4,24.5,3.0,0
flow_10.6,45.5,4.5,0
flow_30.4,54.0,4.5,0
flow_30.5,46.0,4.0,0
flow_10.7,45.5,4.0,0
flow_30.6,41.0,4.0,0
flow_10.8,32.0,4.0,0
flow_10.9,30.5,4.0,0
flow_30.7,32.0,4.0,0
flow_30.8,28.0,4.0,0
flow_10.10,30.0,4.0,0
flow_10.11,28.5,4.0,0
flow_30.9,26.5,3.5,0
flow_10.12,27.5,4.0,0
flow_00.5,49.5,4.0,0
flow_20.2,55.0,4.5,0
flow_00.6,49.5,4.0,0
flow_20.3,45.5,4.0,0
flow_00.7,38.5,4.0,0
flow_20.4,44.5,3.5,0
flow_00.8,27.0,4.0,0
flow_20.5,44.0,4.0,0
flow_00.9,25.5,4.0,0
flow_20.6,40.5,4.5,0
flow_20.7,37.5,4.0,0
flow_30.10,54.0,4.5,0
flow_10.13,53.5,4.5,0
flow_30.11,49.0,4.0,0
flow_10.14,54.5,4.5,0
flow_30.12,45.5,3.5,0
flow_10.15,49.0,4.5,0
flow_30.13,34.0,3.5,0
flow_10.16,41.0,4.5,0
flow_30.14,32.5,4.0,0
flow_10.17,34.0,4.0,0
flow_30.15,31.0,4.5,0
flow_10.18,32.5,4.5,0
flow_00.10,50.5,4.5,0
flow_20.8,42.0,4.5,0
flow_00.11,50.0,4.0,0
flow_20.9,39.0,4.0,0
flow_00.12,49.0,4.0,0
flow_20.10,38.0,4.0,0
flow_00.13,48.5,3.5,0
flow_20.11,38.0,4.0,0
flow_00.14,34.0,4.0,0
flow_20.12,36.5,4.0,0
flow_20.13,30.0,4.5,0
flow_20.14,28.5,4.0,0
flow_10.19,52.5,4.0,0
flow_30.16,52.5,4.5,0
flow_30.17,50.5,4.0,0
flow_10.20,53.0,4.0,0
flow_10.21,52.0,4.0,0
flow_30.18,50.0,4.0,0
flow_30.19,48.5,4.0,0
flow_10.22,51.5,4.0,0
flow_30.20,47.0,4.0,0
flow_10.23,50.0,4.0,0
flow_30.21,42.5,4.0,0
flow_10.24,48.5,4.0,0
flow_30.22,38.5,4.0,0
flow_10.25,43.5,4.5,0
flow_20.15,53.5,4.0,0
flow_00.15,54.0,4.5,0
flow_00.16,53.5,4.0,0
flow_20.16,53.0,4.5,0
flow_00.17,53.5,4.0,0
flow_20.17,48.0,4.0,0
flow_00.18,52.0,4.0,0
flow_20.18,46.5,4.0,0
flow_20.19,45.0,4.0,0
flow_00.19,38.0,4.0,0
flow_00.20,36.0,4.5,0
flow_00.21,35.0,4.0,0
flow_10.26,66.5,4.0,0
flow_30.23,61.0,4.5,0
flow_10.27,60.5,4.0,0
flow_30.24,59.0,3.5,0
flow_10.28,51.0,3.5,0
flow_30.25,59.5,4.5,0
flow_10.29,50.0,4.0,0
flow_30.26,58.0,4.0,0
flow_10.30,48.5,4.0,0
flow_30.27,49.5,4.5,0
flow_30.28,47.0,4.0,0
flow_10.31,37.0,4.0,0
flow_30.29,46.0,4.5,0
flow_10.32,33.0,4.5,0
flow_20.20,51.0,4.5,0
flow_00.22,61.0,4.5,0
flow_20.21,49.0,3.5,0
flow_00.23,61.0,4.5,0
flow_00.24,59.5,4.0,0
flow_20.22,38.5,4.0,0
flow_00.25,57.5,4.0,0
flow_20.23,37.5,4.0,0
flow_00.26,56.5,4.0,0
flow_00.27,55.0,4.0,0
flow_20.24,38.5,5.0,0
flow_20.25,34.5,5.0,0
flow_00.28,54.0,4.5,0
flow_20.26,31.5,4.5,0
flow_10.33,58.0,4.5,0
flow_30.30,71.5,4.0,0
flow_10.34,58.0,4.0,0
flow_30.31,71.5,4.0,0
flow_10.35,56.5,4.0,0
flow_30.32,70.0,4.0,0
flow_30.33,68.0,4.0,0
flow_10.36,44.0,3.5,0
flow_30.34,65.0,4.0,0
flow_10.37,40.5,4.0,0
flow_30.35,46.0,3.5,0
flow_10.38,40.5,4.5,0
flow_30.36,45.0,4.0,0
flow_10.39,39.0,4.5,0
flow_20.27,47.5,4.5,0
flow_00.29,79.5,4.5,0
flow_20.28,46.5,3.5,0
flow_00.30,77.5,4.5,0
flow_00.31,74.0,4.5,0
flow_20.29,48.0,4.5,0
flow_20.30,39.5,4.0,0
flow_00.32,63.5,4.5,0
flow_20.31,38.0,4.0,0
flow_00.33,62.0,4.0,0
flow_20.32,36.5,3.5,0
flow_00.34,60.5,4.5,0
flow_00.35,58.5,4.0,0
flow_10.40,59.0,4.5,0
flow_30.37,69.5,4.5,0
flow_10.41,52.5,4.0,0
flow_30.38,69.5,4.0,0
flow_30.39,68.0,4.0,0
flow_10.42,30.0,4.0,0
flow_30.40,66.5,3.5,0
flow_10.43,27.0,4.0,0
flow_30.41,65.0,3.5,0
flow_30.42,59.0,4.0,0
flow_30.43,48.0,3.5,0
flow_00.36,84.0,4.5,0
flow_20.33,44.5,4.5,0
flow_00.37,83.0,4.0,0
flow_20.34,40.5,4.0,0
flow_00.38,78.0,4.0,0
flow_20.35,39.0,4.0,0
flow_00.39,51.0,3.5,0
flow_20.36,39.0,4.0,0
flow_00.40,49.5,3.5,0
flow_20.37,37.5,4.0,0
flow_00.41,48.5,4.0,0
flow_20.38,36.0,4.0,0
flow_00.42,35.5,4.0,0
flow_20.39,30.0,4.0,0
flow_10.44,43.5,4.5,0
flow_30.44,74.0,4.5,0
flow_10.45,29.0,3.5,0
flow_30.45,65.0,4.5,0
flow_10.46,24.0,3.0,0
flow_30.46,46.0,4.0,0
flow_30.47,42.5,4.0,0
flow_30.48,38.5,4.0,0
flow_30.49,38.0,4.5,0
flow_10.47,25.0,3.0,0
flow_30.50,37.0,4.0,0
flow_00.43,51.0,4.0,0
flow_20.40,47.0,4.0,0
flow_00.44,51.5,4.0,0
flow_20.41,26.5,4.0,0
flow_00.45,51.0,4.0,0
flow_20.42,25.0,3.0,0
flow_00.46,49.5,4.5,0
flow_00.47,49.0,4.5,0
flow_00.48,47.5,4.0,0
flow_20.43,25.5,3.5,0
flow_00.49,46.0,4.5,0
flow_10.48,51.5,4.0,0
flow_30.51,51.5,4.0,0
flow_30.52,51.5,4.0,0
flow_10.49,52.5,4.0,0
flow_10.50,51.5,3.5,0
flow_30.53,49.5,4.0,0
flow_10.51,50.0,4.0,0
flow_30.54,48.0,4.0,0
flow_10.52,48.5,4.0,0
flow_30.55,40.5,4.0,0
flow_10.53,47.0,4.0,0
flow_30.56,39.0,4.0,0
flow_10.54,45.5,4.0,0
flow_30.57,34.5,4.5,0
flow_20.44,45.0,4.0,0
flow_00.50,70.5,4.0,0
flow_20.45,42.5,3.5,0
flow_00.51,70.5,4.0,0
flow_00.52,68.5,3.5,0
flow_20.46,38.5,4.0,0
flow_00.53,67.5,4.0,0
flow_20.47,34.5,3.5,0
flow_00.54,64.0,4.0,0
flow_00.55,59.5,3.5,0
flow_20.48,24.5,3.0,0
flow_00.56,55.5,3.5,0
flow_10.55,71.5,4.5,0
flow_30.58,59.5,4.0,0
flow_10.56,71.0,4.0,0
flow_30.59,60.0,4.0,0
flow_10.57,70.5,4.0,0
flow_30.60,60.0,4.5,0
flow_10.58,69.5,4.0,0
flow_30.61,59.0,4.5,0
flow_10.59,67.5,4.0,0
flow_30.62,56.0,4.5,0
flow_10.60,60.0,4.0,0
flow_30.63,35.0,4.5,0
flow_10.61,58.5,4.0,0
flow_30.64,32.5,4.5,0
flow_20.49,53.0,4.5,0
flow_00.57,82.5,4.0,0
flow_20.50,52.5,4.0,0
flow_00.58,82.5,4.0,0
flow_20.51,51.5,4.0,0
flow_00.59,81.5,3.5,0
flow_20.52,51.0,3.5,0
flow_00.60,70.5,4.0,0
flow_20.53,48.5,4.0,0
flow_00.61,65.5,4.0,0
flow_20.54,48.0,4.0,0
flow_00.62,60.5,4.0,0
flow_20.55,34.5,3.5,0
flow_00.63,59.5,4.5,0
flow_30.65,56.5,4.0,0
flow_10.62,84.0,4.0,0
flow_30.66,55.0,3.5,0
flow_10.63,85.0,4.5,0
flow_30.67,40.0,3.5,0
flow_10.64,83.0,4.0,0
flow_10.65,81.0,4.0,0
flow_30.68,39.5,4.0,0
flow_10.66,80.0,4.0,0
flow_30.69,35.5,4.0,0
flow_10.67,61.0,4.0,0
flow_30.70,27.5,4.0,0
flow_10.68,59.0,4.0,0
flow_30.71,26.0,4.0,0
flow_00.64,76.5,4.0,0
flow_20.56,44.5,4.0,0
flow_20.57,44.0,3.5,0
flow_20.58,40.0,4.0,0
flow_00.65,79.0,5.0,0
flow_00.66,77.0,4.5,0
flow_20.59,39.5,4.0,0
flow_00.67,75.5,5.0,0
flow_20.60,38.5,4.5,0
flow_00.68,73.5,5.0,0
flow_20.61,37.0,4.0,0
flow_00.69,62.0,4.5,0
flow_20.62,32.5,4.0,0
flow_00.70,59.0,4.0,0
flow_30.72,48.5,4.5,0
flow_10.69,84.5,4.0,0
flow_10.70,83.5,4.0,0
flow_30.73,41.0,4.0,0
flow_10.71,82.5,3.5,0
flow_30.74,36.5,4.0,0
flow_10.72,81.0,3.5,0
flow_10.73,81.0,4.5,0
flow_10.74,61.0,4.0,0
flow_10.75,60.0,4.5,0
flow_20.63,55.5,4.5,0
flow_00.71,84.0,4.5,0
flow_00.72,78.5,4.0,0
flow_20.64,50.0,4.0,0
flow_20.65,37.0,4.0,0
flow_00.73,78.0,4.0,0
flow_00.74,77.0,4.0,0
flow_00.75,76.0,4.5,0
flow_20.66,25.5,3.5,0
flow_00.76,61.5,4.0,0
flow_00.77,59.0,4.5,0
flow_10.76,83.5,4.0,0
flow_30.75,53.0,4.5,0
flow_10.77,84.5,4.0,0
flow_30.76,48.5,4.0,0
flow_30.77,39.0,4.0,0
flow_10.78,83.5,4.0,0
flow_30.78,35.0,4.0,0
flow_10.79,82.5,4.5,0
flow_30.79,34.0,4.0,0
flow_10.80,80.5,4.5,0
flow_30.80,33.0,4.0,0
flow_10.81,60.5,4.0,0
flow_30.81,31.5,4.0,0
flow_10.82,59.5,4.5,0
flow_00.78,83.5,4.0,0
flow_20.67,34.5,4.0,0
flow_00.79,84.5,4.0,0
flow_00.80,83.5,4.0,0
flow_20.68,25.0,3.5,0
flow_00.81,82.5,4.5,0
flow_00.82,80.0,4.0,0
flow_00.83,62.5,4.5,0
flow_00.84,59.5,4.0,0
flow_10.83,84.0,4.5,0
flow_30.82,56.5,4.5,0
flow_10.84,82.5,4.0,0
flow_30.83,55.5,4.0,0
flow_10.85,82.0,4.0,0
flow_30.84,54.5,4.0,0
flow_10.86,80.5,4.0,0
flow_30.85,53.5,3.5,0
flow_10.87,79.0,4.0,0
flow_30.86,53.0,4.0,0
flow_10.88,60.5,4.0,0
flow_30.87,52.0,4.0,0
flow_10.89,57.5,4.0,0
flow_30.88,50.5,4.5,0
flow_20.69,34.5,4.0,0
flow_00.85,83.5,4.0,0
flow_00.86,83.0,3.5,0
flow_20.70,33.0,4.0,0
flow_20.71,30.5,4.0,0
flow_00.87,82.5,4.0,0
flow_20.72,29.0,4.0,0
flow_00.88,81.0,4.0,0
flow_20.73,28.5,4.0,0
flow_00.89,79.0,4.0,0
flow_00.90,60.5,4.0,0
flow_20.74,28.5,4.0,0
flow_00.91,58.0,4.0,0
flow_20.75,27.5,4.0,0
flow_10.90,85.0,4.5,0
flow_30.89,77.0,4.5,0
flow_30.90,75.5,4.5,0
flow_10.91,86.0,4.5,0
flow_10.92,84.0,4.5,0
flow_30.91,75.5,4.5,0
flow_10.93,82.5,4.5,0
flow_30.92,74.0,4.5,0
flow_10.94,80.0,4.0,0
flow_30.93,40.0,4.5,0
flow_10.95,61.5,4.5,0
flow_30.94,38.5,4.0,0
flow_10.96,59.0,4.0,0
flow_00.92,83.5,4.5,0
flow_20.76,53.5,4.5,0
flow_00.93,83.5,4.0,0
flow_20.77,45.5,4.0,0
flow_00.94,82.0,4.0,0
flow_20.78,39.0,4.0,0
flow_00.95,80.5,3.5,0
flow_00.96,78.5,3.5,0
flow_00.97,60.0,4.0,0
flow_00.98,59.0,4.0,0
flow_10.97,83.5,4.0,0
flow_30.95,55.0,4.5,0
flow_10.98,83.5,4.0,0
flow_30.96,55.5,4.5,0
flow_10.99,82.5,4.0,0
flow_30.97,52.5,4.0,0
flow_10.100,81.5,3.5,0
flow_30.98,51.5,4.0,0
flow_30.99,50.0,4.0,0
flow_10.101,80.5,4.5,0
flow_30.100,45.0,4.0,0
flow_10.102,61.5,4.0,0
flow_10.103,59.0,4.0,0
flow_30.101,44.5,4.0,0
flow_00.99,84.0,4.5,0
flow_20.79,51.0,4.5,0
flow_20.80,50.0,4.0,0
flow_00.100,85.0,4.5,0
flow_20.81,37.5,4.0,0
flow_00.101,83.5,4.5,0
flow_00.102,82.0,4.5,0
flow_00.103,79.5,4.0,0
flow_00.104,61.0,4.0,0
flow_00.105,58.5,4.0,0
flow_10.104,83.5,4.0,0
flow_30.102,68.0,4.5,0
flow_10.105,83.5,4.0,0
flow_30.103,67.5,4.0,0
flow_10.106,82.0,4.0,0
flow_30.104,67.5,4.0,0
flow_10.107,81.0,3.5,0
flow_30.105,66.5,4.0,0
flow_10.108,76.0,4.0,0
flow_30.106,65.0,4.0,0
flow_10.109,52.0,4.0,0
flow_30.107,61.5,4.0,0
flow_10.110,50.5,4.0,0
flow_30.108,59.0,4.5,0
flow_20.82,45.0,4.5,0
flow_00.106,84.0,4.0,0
flow_00.107,83.0,4.0,0
flow_20.83,38.5,4.0,0
flow_20.84,37.5,4.0,0
flow_00.108,82.0,3.5,0
flow_00.109,80.5,3.5,0
flow_20.85,35.5,3.5,0
flow_00.110,78.5,4.0,0
flow_20.86,25.5,3.0,0
flow_00.111,60.0,3.5,0
flow_00.112,58.0,4.0,0
flow_30.109,84.5,4.5,0
flow_10.111,71.0,4.5,0
flow_30.110,82.0,4.0,0
flow_10.112,70.0,4.0,0
flow_10.113,68.5,3.5,0
flow_30.111,81.5,4.0,0
flow_10.114,67.5,4.0,0
flow_30.112,70.5,4.0,0
flow_10.115,66.0,4.0,0
flow_30.113,69.0,4.0,0
flow_10.116,53.0,4.0,0
flow_30.114,51.5,4.0,0
flow_10.117,42.5,4.0,0
flow_30.115,37.0,4.0,0
flow_00.113,83.0,4.0,0
flow_20.87,38.5,4.0,0
flow_00.114,83.0,4.0,0
flow_00.115,82.5,4.0,0
flow_00.116,81.5,3.5,0
flow_00.117,78.5,4.0,0
flow_00.118,59.5,4.0,0
flow_00.119,58.5,4.0,0
flow_20.88,25.5,3.5,0
flow_10.118,68.5,4.0,0
flow_30.116,63.0,4.5,0
flow_10.119,67.5,3.5,0
flow_30.117,62.0,4.0,0
flow_10.120,60.0,3.5,0
flow_30.118,62.5,4.5,0
flow_10.121,42.0,4.0,0
flow_30.119,54.0,4.0,0
flow_10.122,40.5,4.0,0
flow_30.120,43.0,4.0,0
flow_10.123,40.5,4.5,0
flow_30.121,42.5,4.5,0
flow_10.124,39.0,4.5,0
flow_30.122,31.5,4.5,0
flow_00.120,84.0,4.5,0
flow_20.89,39.5,4.5,0
flow_00.121,84.0,4.0,0
flow_20.90,38.5,4.0,0
flow_00.122,83.0,4.0,0
flow_20.91,24.5,3.0,0
flow_00.123,81.5,4.0,0
flow_00.124,80.0,4.0,0
flow_00.125,61.0,4.0,0
flow_20.92,24.5,3.0,0
flow_00.126,59.5,4.5,0
flow_30.123,50.5,4.5,0
flow_10.125,65.0,4.5,0
flow_30.124,40.5,4.0,0
flow_10.126,60.0,4.0,0
flow_30.125,39.0,4.0,0
flow_10.127,56.0,4.0,0
flow_30.126,37.0,4.0,0
flow_10.128,54.5,4.0,0
flow_10.129,53.5,4.5,0
flow_30.127,25.0,3.5,0
flow_10.130,52.0,4.0,0
flow_10.131,50.5,4.0,0
flow_20.93,54.5,4.5,0
flow_00.127,87.5,5.0,0
flow_00.128,86.0,4.5,0
flow_20.94,27.0,3.5,0
flow_00.129,84.0,4.5,0
flow_00.130,82.0,4.0,0
flow_00.131,81.5,4.5,0
flow_20.95,24.0,3.0,0
flow_00.132,62.5,4.5,0
flow_00.133,59.5,4.5,0
flow_10.132,55.0,4.0,0
flow_30.128,54.0,4.5,0
flow_30.129,42.5,4.5,0
flow_10.133,53.0,4.5,0
flow_30.130,41.5,4.5,0
flow_10.134,51.5,4.0,0
flow_10.135,47.5,4.5,0
flow_30.131,40.5,4.5,0
flow_10.136,42.5,4.0,0
flow_30.132,35.0,4.0,0
flow_10.137,34.5,4.5,0
flow_30.133,29.5,4.5,0
flow_10.138,30.0,4.0,0
flow_30.134,28.0,4.0,0
flow_00.134,83.5,4.0,0
flow_20.96,40.5,4.5,0
flow_00.135,83.0,4.0,0
flow_20.97,34.5,4.0,0
flow_00.136,82.5,3.5,0
flow_20.98,33.0,4.0,0
flow_00.137,81.0,3.5,0
flow_20.99,29.5,4.0,0
flow_00.138,79.0,4.0,0
flow_20.100,28.5,4.0,0
flow_00.139,60.5,4.0,0
flow_20.101,28.0,4.0,0
flow_00.140,58.5,4.0,0
flow_20.102,27.0,4.0,0
flow_30.135,52.5,4.0,0
flow_10.139,54.0,4.5,0
flow_10.140,53.0,4.0,0
flow_30.136,41.5,3.5,0
flow_10.141,49.0,4.0,0
flow_30.137,40.5,3.5,0
flow_10.142,48.0,3.5,0
flow_30.138,37.0,4.0,0
flow_10.143,45.0,4.0,0
flow_30.139,33.0,4.0,0
flow_10.144,44.0,4.0,0
flow_10.145,43.0,4.0,0
flow_20.103,35.0,4.0,0
flow_00.141,84.0,4.5,0
flow_20.104,32.0,4.0,0
flow_00.142,83.0,4.0,0
flow_00.143,82.0,4.0,0
flow_00.144,81.5,4.0,0
flow_00.145,80.0,4.5,0
flow_00.146,61.0,4.0,0
flow_20.105,24.0,2.5,0
flow_00.147,58.5,4.0,0
flow_10.146,69.0,4.0,0
flow_30.140,51.5,4.5,0
flow_10.147,62.0,4.0,0
flow_30.141,51.0,4.0,0
flow_10.148,61.0,3.5,0
flow_30.142,48.0,3.5,0
flow_10.149,59.5,4.0,0
flow_30.143,47.5,3.5,0
flow_10.150,37.5,4.0,0
flow_30.144,47.0,4.5,0
flow_30.145,46.0,4.5,0
flow_30.146,44.5,4.5,0
flow_00.148,83.0,4.0,0
flow_20.106,52.0,4.5,0
flow_00.149,83.5,4.0,0
flow_00.150,82.5,4.0,0
flow_00.151,81.5,4.5,0
flow_00.152,79.5,4.0,0
flow_00.153,60.5,4.5,0
flow_00.154,58.5,4.0,0
flow_30.147,67.0,4.0,0
flow_10.151,38.0,4.0,0
flow_10.152,28.5,4.0,0
flow_30.148,67.5,4.0,0
flow_10.153,28.0,4.0,0
flow_30.149,68.0,4.5,0
flow_30.150,66.5,4.0,0
flow_30.151,65.0,4.0,0
flow_30.152,61.5,4.5,0
flow_30.153,58.5,4.0,0
flow_20.107,43.5,4.5,0
flow_00.155,84.5,4.5,0
flow_00.156,82.5,4.0,0
flow_20.108,35.5,3.5,0
flow_20.109,35.5,4.0,0
flow_00.157,83.0,4.0,0
flow_00.158,81.5,4.0,0
flow_00.159,81.0,4.5,0
flow_00.160,61.5,4.5,0
flow_00.161,59.5,4.5,0
flow_30.154,83.5,4.0,0
flow_10.154,52.5,4.5,0
flow_30.155,79.0,4.0,0
flow_10.155,42.5,4.5,0
flow_30.156,77.5,4.0,0
flow_10.156,33.5,4.0,0
flow_30.157,62.5,3.5,0
flow_10.157,33.0,4.0,0
flow_30.0,23.5,3.0,0
flow_10.0,25.0,3.5,0
flow_10.1,27.5,3.5,0
flow_00.0,53.0,4.0,0
flow_00.1,53.5,4.0,0
flow_00.2,52.0,4.0,0
flow_20.0,23.5,3.0,0
flow_00.3,44.0,4.0,0
flow_00.4,38.5,4.0,0
flow_00.5,37.0,4.0,0
flow_20.1,25.0,3.5,0
flow_00.6,33.0,4.0,0
flow_30.1,50.5,4.0,0
flow_10.2,53.5,4.5,0
flow_10.3,52.0,3.5,0
flow_30.2,50.0,4.0,0
flow_30.3,49.5,4.0,0
flow_10.4,53.0,4.0,0
flow_30.4,48.5,4.0,0
flow_10.5,51.5,4.0,0
flow_30.5,47.5,4.0,0
flow_10.6,50.0,4.5,0
flow_30.6,46.0,4.5,0
flow_10.7,48.5,4.0,0
flow_30.7,44.0,4.0,0
flow_10.8,47.5,4.5,0
flow_00.7,58.5,4.0,0
flow_20.2,49.5,4.0,0
flow_00.8,54.5,3.5,0
flow_20.3,47.5,3.5,0
flow_00.9,42.0,3.5,0
flow_20.4,30.5,4.0,0
flow_00.10,39.0,4.0,0
flow_00.11,38.0,4.0,0
flow_10.9,52.0,4.5,0
flow_30.8,70.0,4.5,0
flow_30.9,69.5,4.0,0
flow_10.10,38.0,4.0,0
flow_10.11,36.5,4.0,0
flow_30.10,69.0,4.5,0
flow_10.12,34.0,3.5,0
flow_30.11,67.5,4.0,0
flow_30.12,68.0,4.5,0
flow_30.13,51.5,5.0,0
flow_30.14,50.0,5.0,0
flow_20.5,38.0,4.5,0
flow_00.12,46.0,4.5,0
flow_20.6,25.0,3.0,0
flow_00.13,38.5,4.5,0
flow_00.14,37.5,4.5,0
flow_00.15,36.0,4.0,0
flow_00.16,35.0,4.5,0
flow_00.17,31.0,4.5,0
flow_00.18,29.0,4.0,0
flow_30.15,73.5,4.5,0
flow_10.13,47.5,4.0,0
flow_30.16,74.0,4.0,0
flow_10.14,44.0,4.0,0
flow_30.17,73.0,4.0,0
flow_10.15,43.0,4.0,0
flow_30.18,71.0,4.0,0
flow_10.16,35.5,4.0,0
flow_10.17,34.0,4.0,0
flow_30.19,67.0,4.5,0
flow_10.18,32.5,4.0,0
flow_30.20,61.0,4.0,0
flow_30.21,57.5,4.5,0
flow_10.19,31.5,4.0,0
flow_00.19,53.5,4.0,0
flow_20.7,50.0,4.5,0
flow_00.20,53.0,4.0,0
flow_20.8,49.0,3.5,0
flow_00.21,49.5,4.0,0
flow_20.9,39.0,4.0,0
flow_20.10,34.5,4.0,0
flow_00.22,48.5,4.5,0
flow_00.23,31.5,4.0,0
flow_00.24,30.0,4.0,0
flow_00.25,28.5,4.0,0
flow_10.20,55.5,4.0,0
flow_30.22,81.5,4.0,0
flow_10.21,51.0,3.5,0
flow_30.23,80.5,4.0,0
flow_10.22,45.0,3.5,0
flow_30.24,53.5,4.5,0
flow_10.23,39.0,3.5,0
flow_30.25,51.5,4.5,0
flow_10.24,37.5,4.0,0
flow_30.26,48.5,4.5,0
flow_10.25,36.0,4.0,0
flow_30.27,42.0,4.5,0
flow_10.26,32.0,4.0,0
flow_00.26,53.0,4.0,0
flow_20.11,52.5,4.5,0
flow_00.27,46.5,4.0,0
flow_20.12,44.5,4.0,0
flow_00.28,41.0,4.0,0
flow_00.29,40.0,3.5,0
flow_00.30,38.5,4.0,0
flow_00.31,36.0,5.0,0
flow_10.27,57.5,4.0,0
flow_30.28,46.5,4.5,0
flow_10.28,53.0,3.5,0
flow_30.29,44.5,4.0,0
flow_30.30,39.0,4.0,0
flow_10.29,54.0,4.0,0
flow_10.30,52.0,3.5,0
flow_30.31,36.0,3.5,0
flow_30.32,34.5,4.0,0
flow_10.31,51.0,4.0,0
flow_30.33,28.5,4.0,0
flow_10.32,50.5,4.0,0
flow_10.33,49.0,4.5,0
flow_20.13,53.5,4.0,0
flow_00.32,51.5,4.5,0
flow_20.14,45.5,4.0,0
flow_00.33,45.5,4.0,0
flow_20.15,25.5,3.0,0
flow_00.34,44.0,4.0,0
flow_00.35,42.5,4.0,0
flow_20.16,25.5,3.0,0
flow_00.36,41.0,4.0,0
flow_20.17,25.5,3.0,0
flow_00.37,40.0,3.5,0
flow_00.38,38.0,4.0,0
flow_10.34,70.5,4.0,0
flow_30.34,50.5,4.5,0
flow_10.35,69.0,3.5,0
flow_30.35,42.5,4.0,0
flow_10.36,69.0,4.0,0
flow_30.36,31.5,4.0,0
flow_10.37,68.0,4.0,0
flow_30.37,30.0,4.0,0
flow_10.38,64.0,4.0,0
flow_10.39,60.5,4.5,0
flow_10.40,44.0,4.0,0
flow_00.39,64.0,4.5,0
flow_20.18,44.5,4.5,0
flow_20.19,27.0,4.0,0
flow_00.40,63.5,4.0,0
flow_20.20,24.5,3.0,0
flow_00.41,63.0,4.0,0
flow_00.42,41.5,3.5,0
flow_00.43,34.0,4.0,0
flow_00.44,27.0,4.0,0
flow_00.45,25.5,3.5,0
flow_30.38,49.5,4.5,0
flow_10.41,70.5,4.5,0
flow_30.39,40.5,4.0,0
flow_10.42,70.5,4.0,0
flow_10.43,69.0,3.5,0
flow_30.40,28.0,3.5,0
flow_10.44,63.0,4.0,0
flow_10.45,62.0,3.5,0
flow_10.46,59.5,4.0,0
flow_30.41,24.5,3.0,0
flow_10.47,58.5,4.0,0
flow_00.46,51.0,4.0,0
flow_20.21,49.5,4.5,0
flow_20.22,44.5,3.5,0
flow_00.47,51.0,4.0,0
flow_20.23,43.0,3.5,0
flow_00.48,49.0,4.0,0
flow_20.24,42.0,3.5,0
flow_00.49,47.5,3.5,0
flow_20.25,41.0,3.5,0
flow_00.50,43.0,4.0,0
flow_20.26,39.5,3.5,0
flow_00.51,41.5,4.0,0
flow_20.27,35.0,4.0,0
flow_00.52,30.5,4.0,0
flow_30.42,51.5,4.5,0
flow_10.48,84.0,4.5,0
flow_10.49,81.5,4.0,0
flow_30.43,51.0,4.0,0
flow_10.50,57.5,4.0,0
flow_30.44,51.0,4.0,0
flow_10.51,36.5,4.0,0
flow_30.45,38.0,4.0,0
flow_10.52,35.5,4.0,0
flow_30.46,27.5,4.0,0
flow_10.53,30.0,4.0,0
flow_10.54,28.5,4.0,0
flow_20.28,43.0,4.5,0
flow_00.53,57.0,4.5,0
flow_20.29,37.0,3.5,0
flow_00.54,56.5,4.0,0
flow_20.30,37.0,4.0,0
flow_00.55,55.5,4.0,0
flow_20.31,36.5,4.5,0
flow_00.56,56.5,4.5,0
flow_20.32,32.0,4.5,0
flow_00.57,54.0,4.0,0
flow_00.58,53.0,4.5,0
flow_00.59,51.5,4.5,0
flow_10.55,54.5,4.0,0
flow_30.47,55.5,5.0,0
flow_10.56,54.0,3.5,0
flow_10.57,53.5,3.5,0
flow_30.48,24.0,3.0,0
flow_10.58,52.0,4.0,0
flow_10.59,50.5,3.5,0
flow_30.49,26.0,3.5,0
flow_10.60,49.0,3.5,0
flow_10.61,48.0,4.0,0
flow_20.33,45.5,4.0,0
flow_00.60,76.0,4.5,0
flow_00.61,75.0,4.0,0
flow_20.34,46.0,4.0,0
flow_00.62,70.5,4.0,0
flow_20.35,44.5,3.5,0
flow_20.36,43.0,4.0,0
flow_00.63,69.5,3.5,0
flow_20.37,41.0,3.5,0
flow_00.64,68.0,4.0,0
flow_00.65,60.0,3.5,0
flow_20.38,39.0,4.0,0
flow_20.39,32.5,4.0,0
flow_00.66,58.0,4.0,0
flow_10.62,73.0,4.5,0
flow_30.50,37.0,5.0,0
flow_30.51,36.0,4.0,0
flow_10.63,74.5,4.5,0
flow_30.52,34.5,4.0,0
flow_10.64,72.5,4.0,0
flow_10.65,70.5,4.0,0
flow_10.66,68.5,4.0,0
flow_10.67,59.5,4.0,0
flow_30.53,23.0,2.5,0
flow_10.68,57.0,4.0,0
flow_00.67,84.0,4.5,0
flow_20.40,55.0,4.5,0
flow_20.41,50.5,4.0,0
flow_00.68,84.0,4.0,0
flow_00.69,82.5,4.0,0
flow_20.42,35.0,4.0,0
flow_00.70,81.5,4.0,0
flow_20.43,34.5,4.5,0
flow_00.71,79.0,4.0,0
flow_00.72,61.5,4.0,0
flow_00.73,58.5,4.5,0
flow_10.69,83.0,4.0,0
flow_30.54,50.5,4.0,0
flow_10.70,82.5,4.0,0
flow_30.55,46.5,4.0,0
flow_30.56,26.5,3.5,0
flow_10.71,82.0,4.0,0
flow_10.72,81.0,4.0,0
flow_30.57,26.0,3.5,0
flow_10.73,75.0,4.0,0
flow_10.74,60.5,4.0,0
flow_10.75,58.5,4.0,0
flow_20.44,35.5,4.0,0
flow_00.74,84.0,4.5,0
flow_00.75,83.0,4.0,0
flow_00.76,82.0,4.0,0
flow_00.77,81.0,3.5,0
flow_00.78,78.0,4.0,0
flow_00.79,61.0,4.0,0
flow_00.80,58.5,4.0,0
flow_30.58,48.5,4.5,0
flow_10.76,85.5,4.5,0
flow_10.77,83.5,4.0,0
flow_30.59,48.0,4.0,0
flow_10.78,82.0,3.5,0
flow_30.60,31.0,4.0,0
flow_10.79,81.0,4.0,0
flow_30.61,30.0,4.0,0
flow_10.80,79.0,4.0,0
flow_30.62,30.0,4.0,0
flow_10.81,60.0,4.0,0
flow_30.63,28.5,4.5,0
flow_10.82,58.0,4.0,0
flow_20.45,38.0,4.0,0
flow_00.81,84.5,4.5,0
flow_20.46,26.5,3.5,0
flow_00.82,84.0,4.0,0
flow_00.83,82.5,4.0,0
flow_00.84,61.5,4.0,0
flow_20.47,23.5,3.0,0
flow_00.85,61.0,4.5,0
flow_00.86,59.0,4.0,0
flow_00.87,53.5,4.5,0
flow_10.83,84.0,4.0,0
flow_30.64,53.0,4.5,0
flow_30.65,51.0,4.0,0
flow_10.84,84.5,4.5,0
flow_10.85,81.5,4.0,0
flow_30.66,33.5,4.0,0
flow_10.86,79.5,4.0,0
flow_10.87,76.5,3.5,0
flow_30.67,25.0,3.0,0
flow_10.88,59.5,4.0,0
flow_10.89,58.0,4.0,0
flow_20.48,47.5,4.5,0
flow_00.88,81.0,5.0,0
flow_20.49,45.0,4.0,0
flow_00.89,80.0,4.5,0
flow_20.50,43.0,4.0,0
flow_00.90,76.0,4.5,0
flow_20.51,38.0,4.0,0
flow_00.91,66.0,4.0,0
flow_00.92,53.0,4.0,0
flow_20.52,37.0,4.5,0
flow_00.93,44.5,4.0,0
flow_20.53,35.5,4.0,0
flow_20.54,34.0,4.5,0
flow_30.68,46.5,4.5,0
flow_10.90,84.5,4.5,0
flow_10.91,83.5,4.0,0
flow_30.69,46.5,4.0,0
flow_10.92,79.5,4.0,0
flow_30.70,41.5,4.0,0
flow_30.71,40.0,4.0,0
flow_10.93,78.5,4.0,0
flow_10.94,70.5,4.0,0
flow_30.72,33.5,4.5,0
flow_10.95,60.5,4.0,0
flow_30.73,26.0,3.5,0
flow_10.96,58.5,4.0,0
flow_20.55,40.0,4.0,0
flow_00.94,45.5,4.0,0
flow_00.95,45.0,3.5,0
flow_20.56,40.0,4.0,0
flow_00.96,44.5,4.0,0
flow_20.57,37.0,4.0,0
flow_00.97,44.0,4.0,0
flow_00.98,29.0,4.5,0
flow_00.99,28.0,4.5,0
flow_10.97,84.0,4.5,0
flow_30.74,50.5,4.5,0
flow_10.98,83.5,4.0,0
flow_30.75,49.5,4.0,0
flow_30.76,49.0,4.0,0
flow_10.99,84.0,4.5,0
flow_10.100,82.5,4.0,0
flow_30.77,25.5,3.5,0
flow_10.101,79.5,4.5,0
flow_10.102,62.5,4.5,0
flow_10.103,59.5,4.5,0
flow_20.58,41.0,4.0,0
flow_00.100,56.0,5.0,0
flow_00.101,53.5,4.0,0
flow_20.59,25.5,3.0,0
flow_00.102,51.0,4.0,0
flow_00.103,39.0,4.5,0
flow_00.104,30.0,4.0,0
flow_00.105,27.5,4.0,0
flow_30.78,51.0,4.5,0
flow_10.104,85.5,4.5,0
flow_30.79,34.0,3.5,0
flow_10.105,82.0,4.0,0
flow_30.80,31.5,3.5,0
flow_10.106,81.5,4.0,0
flow_30.81,29.5,4.0,0
flow_10.107,80.5,4.0,0
flow_10.108,79.0,4.5,0
flow_10.109,61.5,4.0,0
flow_10.110,58.5,4.5,0
flow_00.106,42.5,4.0,0
flow_20.60,54.0,4.5,0
flow_00.107,27.5,3.5,0
flow_20.61,53.0,3.5,0
flow_00.108,27.0,3.5,0
flow_20.62,42.0,4.0,0
flow_00.109,25.5,3.5,0
flow_20.63,41.5,4.0,0
flow_20.64,31.5,4.0,0
flow_30.82,38.5,4.0,0
flow_10.111,84.5,4.5,0
flow_10.112,83.5,4.0,0
flow_30.83,40.0,4.0,0
flow_10.113,82.0,4.0,0
flow_30.84,39.0,4.0,0
flow_10.114,78.5,4.0,0
flow_30.85,37.5,4.0,0
flow_10.115,74.0,4.0,0
flow_10.116,61.0,4.0,0
flow_10.117,58.0,4.0,0
flow_00.110,48.0,4.5,0
flow_20.65,45.5,4.0,0
flow_00.111,48.0,4.0,0
flow_20.66,42.5,4.0,0
flow_00.112,46.0,4.0,0
flow_00.113,39.5,4.0,0
flow_00.114,37.0,4.0,0
flow_20.67,25.5,3.5,0
flow_00.115,26.5,3.5,0
flow_10.118,84.5,4.5,0
flow_30.86,53.5,4.5,0
flow_30.87,53.0,4.0,0
flow_10.119,85.5,4.5,0
flow_30.88,52.5,4.0,0
flow_10.120,83.5,4.5,0
flow_30.89,51.0,4.0,0
flow_10.121,82.0,4.0,0
flow_30.90,49.5,4.0,0
flow_10.122,79.5,4.0,0
flow_30.91,48.0,4.0,0
flow_10.123,62.5,4.5,0
flow_30.92,44.5,4.0,0
flow_10.124,59.5,4.0,0
flow_00.116,30.5,4.0,0
flow_20.68,50.5,4.0,0
flow_00.117,31.0,4.0,0
flow_20.69,47.0,4.0,0
flow_20.70,41.5,4.0,0
flow_00.118,31.0,4.5,0
flow_00.119,29.5,4.5,0
flow_20.71,41.0,4.5,0
flow_00.120,28.0,4.5,0
flow_20.72,39.5,4.0,0
flow_00.121,26.0,3.5,0
flow_00.122,24.5,3.0,0
flow_10.125,84.0,4.5,0
flow_30.93,49.0,4.5,0
flow_10.126,83.5,4.0,0
flow_30.94,50.0,4.5,0
flow_10.127,82.0,4.0,0
flow_30.95,48.5,4.5,0
flow_10.128,81.0,3.5,0
flow_30.96,47.5,4.0,0
flow_10.129,79.0,4.0,0
flow_30.97,46.0,4.5,0
flow_10.130,60.0,4.0,0
flow_30.98,44.0,4.0,0
flow_10.131,58.5,4.0,0
flow_30.99,43.0,4.0,0
flow_20.73,50.5,4.0,0
flow_00.123,50.0,4.0,0
flow_00.124,49.5,3.5,0
flow_20.74,38.5,4.0,0
flow_20.75,38.0,4.0,0
flow_00.125,37.0,4.0,0
flow_20.76,37.0,4.0,0
flow_00.126,34.0,4.5,0
flow_20.77,35.5,4.0,0
flow_00.127,26.0,3.5,0
flow_20.78,34.5,4.0,0
flow_20.79,33.0,4.5,0
flow_10.132,83.5,4.0,0
flow_30.100,68.0,4.5,0
flow_30.101,67.0,3.5,0
flow_10.133,83.5,4.0,0
flow_30.102,65.5,3.5,0
flow_10.134,82.5,4.0,0
flow_30.103,65.0,3.5,0
flow_10.135,81.5,4.0,0
flow_30.104,64.0,4.0,0
flow_10.136,79.5,4.5,0
flow_30.105,60.0,4.0,0
flow_10.137,61.5,4.0,0
flow_30.106,55.5,4.0,0
flow_10.138,58.0,4.0,0
flow_00.128,52.5,4.0,0
flow_20.80,58.5,4.0,0
flow_00.129,43.0,3.5,0
flow_20.81,57.5,4.0,0
flow_20.82,56.5,3.5,0
flow_00.130,26.0,3.0,0
flow_20.83,52.5,4.0,0
flow_00.131,24.5,3.0,0
flow_20.84,48.5,4.0,0
flow_20.85,39.0,4.0,0
flow_00.132,25.0,3.5,0
flow_20.86,37.5,4.0,0
flow_30.107,82.0,4.5,0
flow_10.139,78.0,5.0,0
flow_30.108,75.5,4.0,0
flow_10.140,66.5,4.0,0
flow_10.141,62.5,4.0,0
flow_30.109,70.0,4.5,0
flow_30.110,56.0,4.5,0
flow_10.142,61.0,4.5,0
flow_30.111,54.5,4.0,0
flow_10.143,60.0,4.5,0
flow_30.112,53.5,4.5,0
flow_10.144,49.0,4.5,0
flow_30.113,49.0,4.5,0
flow_10.145,39.5,4.5,0
flow_20.87,64.5,4.5,0
flow_00.133,50.0,4.5,0
flow_00.134,45.0,4.0,0
flow_20.88,57.5,4.5,0
flow_20.89,44.5,4.0,0
flow_00.135,39.0,4.0,0
flow_20.90,43.0,4.0,0
flow_00.136,32.0,4.5,0
flow_00.137,30.5,4.0,0
flow_20.91,34.0,4.0,0
flow_00.138,29.0,4.5,0
flow_20.92,25.5,3.5,0
flow_00.139,28.5,4.5,0
flow_10.146,34.0,4.0,0
flow_30.114,49.5,4.5,0
flow_30.115,49.0,4.0,0
flow_10.147,34.5,4.0,0
flow_30.116,48.0,4.0,0
flow_10.148,33.5,4.0,0
flow_30.117,47.0,4.0,0
flow_10.149,32.5,4.5,0
flow_30.118,42.5,4.0,0
flow_10.150,31.0,4.0,0
flow_30.119,39.0,4.0,0
flow_10.151,30.5,4.5,0
flow_30.120,34.5,4.0,0
flow_10.152,28.0,4.5,0
flow_20.93,48.5,4.0,0
flow_00.140,54.0,4.5,0
flow_20.94,40.5,3.5,0
flow_00.141,52.0,3.5,0
flow_20.95,28.5,4.0,0
flow_00.142,27.0,3.5,0
flow_20.96,26.0,3.5,0
flow_20.97,25.5,3.5,0
flow_30.121,56.0,4.0,0
flow_10.153,50.5,4.0,0
flow_10.154,50.0,3.5,0
flow_30.122,52.0,4.0,0
flow_10.155,47.0,3.5,0
flow_30.123,51.0,4.0,0
flow_30.124,50.0,3.5,0
flow_10.156,43.5,3.5,0
flow_30.125,46.0,4.0,0
flow_10.157,38.5,4.0,0
flow_30.126,35.5,3.5,0
flow_10.158,37.5,4.0,0
flow_30.127,34.0,3.5,0
flow_10.159,36.5,4.0,0
flow_20.98,24.5,3.0,0
flow_00.143,36.0,4.5,0
flow_00.144,25.5,3.5,0
flow_20.99,25.0,3.0,0
flow_20.100,24.5,3.0,0
flow_10.160,62.0,4.5,0
flow_10.161,62.5,4.0,0
flow_10.162,56.0,4.0,0
flow_10.163,49.0,4.5,0
flow_00.0,25.0,3.0,0
flow_20.0,28.5,4.0,0
flow_30.0,34.5,4.5,0
flow_10.0,28.5,4.0,0
flow_10.1,25.0,3.5,0
flow_30.1,25.5,3.5,0
flow_10.2,25.5,3.5,0
flow_30.2,25.0,3.0,0
flow_10.3,27.0,3.5,0
flow_00.1,49.5,4.0,0
flow_20.1,53.5,4.5,0
flow_00.2,50.0,4.0,0
flow_20.2,51.0,4.0,0
flow_00.3,49.0,4.0,0
flow_20.3,32.5,3.5,0
flow_00.4,47.5,3.5,0
flow_20.4,32.0,4.0,0
flow_20.5,28.0,4.0,0
flow_00.5,45.0,4.0,0
flow_00.6,39.5,4.0,0
flow_00.7,38.0,4.0,0
flow_10.4,52.5,4.0,0
flow_30.3,51.5,4.5,0
flow_30.4,49.5,4.0,0
flow_10.5,53.5,4.5,0
flow_10.6,51.0,3.5,0
flow_30.5,41.0,4.0,0
flow_10.7,50.0,4.0,0
flow_30.6,36.0,4.0,0
flow_10.8,37.0,4.0,0
flow_10.9,33.5,4.0,0
flow_00.8,53.0,4.5,0
flow_20.6,41.5,4.5,0
flow_00.9,53.0,4.0,0
flow_20.7,42.0,4.0,0
flow_00.10,52.0,4.0,0
flow_20.8,41.0,4.0,0
flow_00.11,51.5,4.0,0
flow_20.9,40.0,4.0,0
flow_00.12,46.5,4.0,0
flow_20.10,37.5,4.5,0
flow_20.11,32.0,4.0,0
flow_00.13,26.5,4.0,0
flow_10.10,54.5,4.5,0
flow_30.7,50.5,4.5,0
flow_10.11,48.0,4.0,0
flow_30.8,42.0,4.0,0
flow_10.12,43.5,3.5,0
flow_10.13,43.5,4.0,0
flow_10.14,42.5,4.0,0
flow_10.15,35.0,4.0,0
flow_30.9,26.5,3.5,0
flow_10.16,27.5,4.0,0
flow_00.14,49.0,4.5,0
flow_20.12,48.0,4.0,0
flow_00.15,33.0,4.0,0
flow_20.13,49.0,4.5,0
flow_20.14,47.0,3.5,0
flow_00.16,31.0,4.0,0
flow_20.15,46.0,4.0,0
flow_00.17,28.0,4.0,0
flow_00.18,26.5,4.0,0
flow_20.16,45.0,4.0,0
flow_20.17,43.0,4.0,0
flow_00.19,26.0,3.5,0
flow_20.18,42.0,4.5,0
flow_30.10,55.5,4.5,0
flow_10.17,38.0,4.5,0
flow_30.11,43.5,4.5,0
flow_10.18,30.5,4.0,0
flow_30.12,42.0,4.0,0
flow_30.13,40.5,4.0,0
flow_30.14,39.5,4.0,0
flow_30.15,38.5,4.0,0
flow_20.19,67.0,4.5,0
flow_00.20,54.0,4.5,0
flow_00.21,53.0,3.5,0
flow_20.20,50.0,3.5,0
flow_20.21,49.5,4.0,0
flow_00.22,50.5,4.0,0
flow_00.23,49.5,3.5,0
flow_20.22,49.0,4.0,0
flow_20.23,47.5,4.0,0
flow_00.24,49.0,4.0,0
flow_20.24,43.5,4.0,0
flow_00.25,40.0,4.0,0
flow_20.25,35.5,4.5,0
flow_00.26,31.0,4.5,0
flow_10.19,50.5,4.0,0
flow_30.16,51.5,4.5,0
flow_10.20,50.5,4.0,0
flow_30.17,38.0,4.5,0
flow_10.21,49.5,3.5,0
flow_30.18,36.5,4.5,0
flow_10.22,49.0,4.0,0
flow_10.23,43.5,4.0,0
flow_10.24,40.5,4.0,0
flow_10.25,36.0,4.0,0
flow_00.27,49.5,4.5,0
flow_20.26,58.5,4.5,0
flow_20.27,57.0,4.0,0
flow_00.28,49.5,4.0,0
flow_00.29,48.5,4.0,0
flow_20.28,56.5,4.0,0
flow_00.30,47.0,4.0,0
flow_20.29,49.5,4.0,0
flow_00.31,45.0,4.0,0
flow_20.30,41.0,4.0,0
flow_00.32,44.0,3.5,0
flow_20.31,37.0,4.0,0
flow_00.33,39.5,4.0,0
flow_20.32,36.5,4.5,0
flow_10.26,62.0,4.5,0
flow_30.19,44.0,4.5,0
flow_30.20,34.0,3.5,0
flow_10.27,56.5,4.0,0
flow_10.28,44.0,4.0,0
flow_30.21,34.0,4.0,0
flow_10.29,39.0,4.0,0
flow_10.30,24.5,3.0,0
flow_30.22,25.0,3.0,0
flow_00.34,65.0,4.5,0
flow_20.33,61.0,4.5,0
flow_00.35,64.5,4.0,0
flow_20.34,48.0,4.0,0
flow_00.36,55.0,4.0,0
flow_20.35,46.5,4.0,0
flow_00.37,52.0,3.5,0
flow_20.36,28.5,4.0,0
flow_00.38,47.0,4.0,0
flow_20.37,26.0,3.5,0
flow_00.39,45.5,3.5,0
flow_00.40,44.5,4.0,0
flow_10.31,52.5,4.5,0
flow_30.23,35.5,5.0,0
flow_10.32,50.5,4.0,0
flow_30.24,29.0,4.0,0
flow_10.33,49.0,3.5,0
flow_30.25,25.5,3.5,0
flow_10.34,40.5,3.5,0
flow_10.35,39.5,3.5,0
flow_30.26,24.5,3.0,0
flow_10.36,38.0,3.5,0
flow_10.37,37.5,4.0,0
flow_20.38,45.5,4.5,0
flow_00.41,71.0,4.5,0
flow_20.39,32.5,4.0,0
flow_00.42,71.0,4.0,0
flow_00.43,69.5,4.0,0
flow_00.44,68.0,4.0,0
flow_00.45,64.0,4.0,0
flow_00.46,60.0,3.5,0
flow_00.47,58.0,4.0,0
flow_30.27,47.0,4.0,0
flow_10.38,64.0,4.5,0
flow_10.39,58.5,4.0,0
flow_10.40,46.0,4.0,0
flow_30.28,25.0,3.5,0
flow_10.41,45.0,4.0,0
flow_30.29,25.0,3.5,0
flow_10.42,44.0,4.0,0
flow_10.43,43.0,4.5,0
flow_10.44,41.5,4.0,0
flow_00.48,83.0,4.0,0
flow_20.40,52.0,4.0,0
flow_20.41,51.0,3.5,0
flow_00.49,83.0,4.0,0
flow_00.50,81.5,4.0,0
flow_20.42,45.5,3.5,0
flow_00.51,66.5,4.0,0
flow_20.43,45.5,4.0,0
flow_20.44,44.0,4.0,0
flow_00.52,41.0,4.5,0
flow_20.45,42.0,4.0,0
flow_00.53,39.5,4.0,0
flow_00.54,38.0,4.5,0
flow_20.46,41.0,4.5,0
flow_30.30,45.5,4.0,0
flow_10.45,66.5,4.5,0
flow_30.31,36.0,3.5,0
flow_10.46,65.5,4.0,0
flow_10.47,65.0,4.0,0
flow_30.32,24.0,2.5,0
flow_10.48,64.5,4.5,0
flow_10.49,63.0,4.5,0
flow_10.50,60.5,4.5,0
flow_30.33,24.5,3.0,0
flow_10.51,48.5,4.5,0
flow_20.47,60.5,4.0,0
flow_00.55,60.0,4.5,0
flow_20.48,47.5,4.0,0
flow_00.56,55.5,4.0,0
flow_20.49,37.5,3.5,0
flow_00.57,44.0,4.0,0
flow_20.50,34.5,4.0,0
flow_00.58,43.5,4.0,0
flow_00.59,42.5,4.5,0
flow_00.60,36.5,4.0,0
flow_20.51,26.0,3.5,0
flow_00.61,35.0,4.0,0
flow_30.34,45.5,4.0,0
flow_10.52,69.5,4.5,0
flow_10.53,68.5,4.0,0
flow_30.35,46.0,4.0,0
flow_10.54,67.0,3.5,0
flow_30.36,44.5,4.0,0
flow_10.55,66.5,4.0,0
flow_30.37,29.0,4.0,0
flow_10.56,64.5,4.0,0
flow_30.38,27.5,4.0,0
flow_10.57,56.5,4.0,0
flow_10.58,54.5,4.0,0
flow_20.52,53.5,4.5,0
flow_00.62,61.5,4.5,0
flow_20.53,52.5,3.5,0
flow_00.63,61.0,4.0,0
flow_20.54,52.5,4.0,0
flow_00.64,60.5,4.0,0
flow_20.55,50.0,3.5,0
flow_00.65,58.0,4.5,0
flow_20.56,48.0,4.0,0
flow_00.66,57.0,4.0,0
flow_20.57,47.0,4.5,0
flow_00.67,55.5,4.5,0
flow_20.58,45.5,4.0,0
flow_00.68,44.0,4.5,0
flow_30.39,50.5,4.0,0
flow_10.59,77.5,4.5,0
flow_30.40,32.5,3.5,0
flow_10.60,77.5,4.0,0
flow_10.61,71.5,4.0,0
flow_10.62,68.5,4.5,0
flow_10.63,62.0,4.0,0
flow_10.64,52.5,4.5,0
flow_10.65,48.5,4.0,0
flow_20.59,71.0,4.5,0
flow_00.69,68.0,4.5,0
flow_20.60,70.5,4.0,0
flow_00.70,67.5,4.0,0
flow_20.61,69.0,4.0,0
flow_00.71,66.0,4.0,0
flow_20.62,63.0,4.0,0
flow_00.72,60.0,4.5,0
flow_20.63,59.0,4.5,0
flow_00.73,58.0,4.0,0
flow_20.64,57.5,4.5,0
flow_00.74,56.0,4.5,0
flow_20.65,56.0,4.5,0
flow_00.75,52.5,4.5,0
flow_10.66,72.0,4.0,0
flow_30.41,33.0,4.0,0
flow_10.67,66.5,3.5,0
flow_10.68,61.0,3.5,0
flow_10.69,58.5,4.0,0
flow_10.70,57.5,4.0,0
flow_10.71,56.0,4.0,0
flow_10.72,55.0,4.5,0
flow_00.76,75.5,4.0,0
flow_20.66,82.5,5.0,0
flow_20.67,80.5,4.0,0
flow_00.77,75.5,4.0,0
flow_00.78,67.5,4.0,0
flow_20.68,67.5,4.0,0
flow_00.79,66.0,3.5,0
flow_20.69,66.0,4.0,0
flow_20.70,64.0,4.0,0
flow_00.80,64.5,4.0,0
flow_20.71,60.0,3.5,0
flow_00.81,60.0,3.5,0
flow_20.72,58.5,4.0,0
flow_00.82,58.0,4.0,0
flow_30.42,39.0,4.0,0
flow_10.73,80.0,4.5,0
flow_10.74,78.5,3.5,0
flow_30.43,30.5,4.0,0
flow_10.75,78.5,4.0,0
flow_10.76,73.5,4.0,0
flow_30.44,26.0,3.5,0
flow_10.77,72.5,4.0,0
flow_10.78,59.5,4.0,0
flow_10.79,57.0,4.0,0
flow_30.45,24.0,3.0,0
flow_00.83,83.5,4.0,0
flow_20.73,84.5,4.5,0
flow_20.74,84.0,4.0,0
flow_00.84,82.0,4.0,0
flow_00.85,80.0,4.0,0
flow_20.75,84.0,4.0,0
flow_20.76,82.5,4.0,0
flow_00.86,71.0,4.5,0
flow_20.77,81.0,4.5,0
flow_00.87,59.5,4.5,0
flow_20.78,62.0,4.5,0
flow_00.88,37.5,4.5,0
flow_20.79,59.5,4.5,0
flow_00.89,36.5,4.5,0
flow_10.80,83.5,4.0,0
flow_30.46,46.0,4.0,0
flow_10.81,82.5,3.5,0
flow_30.47,46.5,4.0,0
flow_10.82,82.0,3.5,0
flow_30.48,45.5,4.0,0
flow_30.49,44.0,4.0,0
flow_10.83,81.5,4.0,0
flow_30.50,43.0,4.0,0
flow_10.84,79.5,4.0,0
flow_10.85,61.5,4.0,0
flow_30.51,42.0,4.5,0
flow_10.86,59.0,4.0,0
flow_30.52,30.5,4.5,0
flow_20.80,83.5,4.0,0
flow_00.90,46.5,4.0,0
flow_20.81,83.5,4.0,0
flow_00.91,26.0,3.5,0
flow_20.82,61.5,3.5,0
flow_00.92,25.0,3.5,0
flow_20.83,58.0,4.0,0
flow_20.84,42.0,4.0,0
flow_20.85,40.5,4.0,0
flow_20.86,39.0,4.0,0
flow_00.93,25.0,3.5,0
flow_10.87,84.5,4.5,0
flow_30.53,46.5,5.0,0
flow_10.88,82.5,3.5,0
flow_30.54,45.0,4.0,0
flow_10.89,82.0,3.5,0
flow_30.55,27.5,3.5,0
flow_10.90,81.5,3.5,0
flow_10.91,79.5,4.0,0
flow_30.56,24.0,3.0,0
flow_10.92,61.0,4.0,0
flow_10.93,58.0,4.0,0
flow_20.87,64.5,4.0,0
flow_00.94,49.5,4.5,0
flow_20.88,64.5,4.0,0
flow_00.95,29.5,4.0,0
flow_00.96,27.0,4.0,0
flow_20.89,64.0,3.5,0
flow_00.97,25.5,3.5,0
flow_20.90,62.5,4.0,0
flow_20.91,60.5,3.5,0
flow_00.98,25.5,3.5,0
flow_00.99,24.5,3.0,0
flow_20.92,59.5,4.0,0
flow_20.93,56.5,4.5,0
flow_30.57,50.5,4.0,0
flow_10.94,84.5,4.5,0
flow_30.58,48.5,4.0,0
flow_10.95,83.5,4.0,0
flow_30.59,46.0,3.5,0
flow_10.96,82.0,4.0,0
flow_30.60,27.5,4.0,0
flow_10.97,81.0,4.0,0
flow_10.98,79.0,4.5,0
flow_10.99,61.5,4.0,0
flow_10.100,59.0,4.5,0
flow_00.100,53.5,4.5,0
flow_20.94,82.5,4.5,0
flow_20.95,80.5,3.5,0
flow_00.101,52.0,4.0,0
flow_20.96,79.5,3.5,0
flow_00.102,37.5,4.0,0
flow_20.97,73.5,4.0,0
flow_00.103,36.0,4.0,0
flow_00.104,34.5,4.0,0
flow_20.98,70.5,4.5,0
flow_20.99,62.5,4.5,0
flow_20.100,60.0,4.5,0
flow_30.61,37.0,4.0,0
flow_10.101,85.0,4.5,0
flow_10.102,83.5,4.0,0
flow_30.62,37.0,4.5,0
flow_10.103,82.5,4.0,0
flow_10.104,81.5,4.0,0
flow_10.105,79.0,4.0,0
flow_10.106,61.0,4.0,0
flow_10.107,58.5,4.5,0
flow_20.101,83.5,4.0,0
flow_00.105,55.0,4.5,0
flow_20.102,79.0,4.0,0
flow_00.106,47.0,4.0,0
flow_20.103,79.0,3.5,0
flow_00.107,26.0,3.5,0
flow_20.104,74.0,4.0,0
flow_20.105,72.5,3.5,0
flow_20.106,59.5,3.5,0
flow_20.107,57.5,4.0,0
flow_10.108,83.5,4.0,0
flow_30.63,36.0,4.5,0
flow_30.64,31.0,4.0,0
flow_10.109,84.0,4.0,0
flow_30.65,28.5,3.5,0
flow_10.110,84.0,4.5,0
flow_10.111,82.5,4.5,0
flow_10.112,80.0,4.0,0
flow_10.113,61.5,4.5,0
flow_10.114,59.0,4.0,0
flow_20.108,73.5,4.5,0
flow_00.108,47.0,4.0,0
flow_20.109,67.0,4.0,0
flow_00.109,47.5,4.0,0
flow_20.110,61.5,3.5,0
flow_00.110,46.5,4.0,0
flow_20.111,60.5,3.5,0
flow_00.111,31.0,4.0,0
flow_20.112,59.0,4.0,0
flow_00.112,24.0,3.0,0
flow_20.113,59.0,4.5,0
flow_20.114,48.5,4.0,0
flow_10.115,83.0,4.0,0
flow_30.66,46.5,4.5,0
flow_30.67,31.5,4.0,0
flow_10.116,83.5,4.0,0
flow_30.68,27.5,3.5,0
flow_10.117,84.0,4.5,0
flow_10.118,82.0,4.0,0
flow_10.119,79.5,4.0,0
flow_10.120,61.0,4.0,0
flow_10.121,59.0,4.5,0
flow_00.113,46.5,4.5,0
flow_20.115,69.0,4.5,0
flow_00.114,45.0,3.5,0
flow_20.116,67.0,3.5,0
flow_00.115,44.5,3.5,0
flow_20.117,66.0,3.5,0
flow_00.116,43.5,3.5,0
flow_20.118,65.5,4.0,0
flow_20.119,59.5,4.0,0
flow_00.117,42.0,4.0,0
flow_20.120,58.0,4.0,0
flow_00.118,35.0,4.0,0
flow_20.121,56.5,3.5,0
flow_00.119,33.5,4.0,0
flow_10.122,84.0,4.5,0
flow_30.69,29.5,4.0,0
flow_10.123,83.5,4.0,0
flow_10.124,82.5,4.0,0
flow_10.125,81.5,4.0,0
flow_10.126,79.5,4.5,0
flow_10.127,60.5,4.0,0
flow_10.128,58.5,4.5,0
flow_20.122,74.5,4.5,0
flow_00.120,53.5,4.5,0
flow_20.123,61.5,4.0,0
flow_00.121,36.0,4.0,0
flow_20.124,60.0,4.0,0
flow_00.122,35.0,4.0,0
flow_20.125,58.5,3.5,0
flow_20.126,57.5,3.5,0
flow_20.127,41.5,4.0,0
flow_00.123,24.5,3.0,0
flow_20.128,40.0,4.0,0
flow_10.129,83.0,4.0,0
flow_30.70,36.5,4.5,0
flow_10.130,83.5,4.0,0
flow_30.71,27.0,4.0,0
flow_10.131,82.5,4.0,0
flow_30.72,25.5,3.5,0
flow_10.132,82.5,4.0,0
flow_10.133,80.0,4.0,0
flow_10.134,61.5,4.0,0
flow_10.135,60.0,4.0,0
flow_20.129,66.5,4.0,0
flow_00.124,53.0,4.0,0
flow_00.125,52.5,3.5,0
flow_20.130,66.5,4.0,0
flow_00.126,41.5,4.0,0
flow_20.131,66.5,4.0,0
flow_20.132,56.0,4.0,0
flow_00.127,32.5,3.5,0
flow_20.133,55.0,4.0,0
flow_00.128,31.0,4.0,0
flow_20.134,54.0,4.0,0
flow_00.129,28.0,4.5,0
flow_20.135,49.5,4.0,0
flow_00.130,26.5,3.5,0
flow_30.73,51.0,4.5,0
flow_10.136,85.0,4.5,0
flow_30.74,40.0,3.5,0
flow_10.137,84.5,4.0,0
flow_10.138,83.5,4.5,0
flow_30.75,41.0,4.0,0
flow_10.139,82.0,4.0,0
flow_30.76,39.0,4.0,0
flow_10.140,79.5,4.5,0
flow_30.77,35.0,4.0,0
flow_30.78,24.5,3.5,0
flow_10.141,61.0,4.0,0
flow_10.142,58.5,4.5,0
flow_20.136,72.0,4.5,0
flow_00.131,53.0,4.5,0
flow_20.137,63.0,4.0,0
flow_00.132,52.0,4.0,0
flow_20.138,61.5,4.0,0
flow_00.133,51.0,4.0,0
flow_20.139,60.0,3.5,0
flow_00.134,39.0,4.0,0
flow_20.140,56.5,4.0,0
flow_00.135,37.5,4.5,0
flow_20.141,52.5,4.5,0
flow_00.136,36.0,4.0,0
flow_20.142,44.5,4.0,0
flow_00.137,29.0,4.0,0
flow_10.143,83.5,4.0,0
flow_30.79,43.0,5.0,0
flow_10.144,82.5,3.5,0
flow_30.80,34.5,4.0,0
flow_10.145,83.0,4.0,0
flow_10.146,83.5,5.0,0
flow_10.147,81.5,5.0,0
flow_10.148,62.5,4.5,0
flow_30.81,28.5,4.0,0
flow_10.149,60.0,4.5,0
flow_00.138,53.0,4.5,0
flow_20.143,70.0,4.5,0
flow_00.139,52.5,4.0,0
flow_20.144,65.5,4.0,0
flow_00.140,51.5,4.0,0
flow_20.145,64.5,4.0,0
flow_20.146,63.0,4.0,0
flow_00.141,51.5,4.0,0
flow_20.147,61.5,4.0,0
flow_00.142,50.5,4.5,0
flow_20.148,60.0,4.0,0
flow_00.143,27.0,4.0,0
flow_20.149,58.5,4.5,0
flow_30.82,41.5,4.0,0
flow_10.150,85.0,4.5,0
flow_30.83,41.5,3.5,0
flow_10.151,84.5,4.0,0
flow_30.84,37.0,3.5,0
flow_10.152,83.5,4.0,0
flow_30.85,30.0,4.0,0
flow_10.153,82.5,4.0,0
flow_10.154,80.0,4.5,0
flow_30.86,30.0,4.5,0
flow_10.155,62.0,4.5,0
flow_10.156,59.5,5.0,0
flow_00.144,53.0,4.0,0
flow_20.150,84.5,4.5,0
flow_00.145,47.5,4.0,0
flow_20.151,82.5,4.0,0
flow_00.146,43.0,4.0,0
flow_20.152,63.0,4.5,0
flow_00.147,33.0,4.0,0
flow_20.153,61.0,4.5,0
flow_00.148,30.0,4.0,0
flow_20.154,56.0,4.0,0
flow_00.149,28.0,3.5,0
flow_20.155,54.5,4.5,0
flow_00.150,26.0,4.0,0
flow_20.156,53.0,4.5,0
flow_10.157,83.0,4.0,0
flow_30.87,42.0,4.0,0
flow_10.158,83.0,4.0,0
flow_30.88,42.5,4.0,0
flow_10.159,81.5,3.5,0
flow_30.89,42.0,4.0,0
flow_10.160,81.5,4.0,0
flow_30.90,40.0,4.0,0
flow_00.0,25.0,3.0,0
flow_20.0,24.5,3.0,0
flow_30.0,33.0,4.5,0
flow_30.1,34.0,4.5,0
flow_30.2,32.5,4.5,0
flow_30.3,27.5,4.0,0
flow_30.4,25.5,3.5,0
flow_00.1,46.5,4.5,0
flow_20.1,53.0,4.5,0
flow_20.2,51.5,4.0,0
flow_00.2,46.0,4.0,0
flow_20.3,38.0,4.0,0
flow_00.3,40.0,4.5,0
flow_20.4,38.0,4.0,0
flow_20.5,36.5,4.5,0
flow_20.6,35.0,4.0,0
flow_00.4,25.0,3.0,0
flow_20.7,33.5,4.0,0
flow_30.5,47.5,4.0,0
flow_10.0,34.0,4.5,0
flow_30.6,47.0,3.5,0
flow_30.7,46.0,3.5,0
flow_30.8,44.5,4.0,0
flow_30.9,43.5,3.5,0
flow_30.10,28.5,4.0,0
flow_20.8,59.0,4.5,0
flow_00.5,52.0,4.5,0
flow_20.9,58.0,3.5,0
flow_00.6,52.5,4.0,0
flow_20.10,58.0,4.0,0
flow_00.7,51.0,4.0,0
flow_00.8,49.5,3.5,0
flow_20.11,44.5,4.0,0
flow_20.12,44.0,4.5,0
flow_00.9,26.0,3.5,0
flow_20.13,35.0,4.5,0
flow_00.10,25.0,3.5,0
flow_10.1,48.0,4.5,0
flow_30.11,44.5,4.5,0
flow_10.2,26.0,3.5,0
flow_30.12,36.5,4.0,0
flow_30.13,24.0,3.0,0
flow_00.11,48.5,4.0,0
flow_20.14,41.5,4.5,0
flow_00.12,48.0,4.0,0
flow_20.15,37.0,4.0,0
flow_00.13,47.5,4.0,0
flow_20.16,36.0,4.0,0
flow_00.14,39.5,4.0,0
flow_20.17,34.5,4.0,0
flow_00.15,38.5,4.0,0
flow_20.18,28.5,4.0,0
flow_00.16,37.5,4.0,0
flow_20.19,27.0,4.0,0
flow_00.17,36.5,4.0,0
flow_10.3,25.5,3.0,0
flow_30.14,46.0,4.5,0
flow_10.4,25.5,3.0,0
flow_30.15,46.0,4.0,0
flow_10.5,25.0,3.5,0
flow_30.16,43.5,4.0,0
flow_30.17,32.5,4.5,0
flow_10.6,24.5,3.0,0
flow_30.18,24.5,3.0,0
flow_20.20,54.0,4.5,0
flow_00.18,45.0,4.5,0
flow_20.21,54.5,4.0,0
flow_00.19,46.5,4.5,0
flow_20.22,54.0,4.0,0
flow_00.20,44.5,4.0,0
flow_00.21,35.0,4.0,0
flow_20.23,53.0,4.0,0
flow_20.24,50.5,4.0,0
flow_00.22,26.0,3.5,0
flow_20.25,49.5,4.0,0
flow_00.23,25.0,3.5,0
flow_20.26,48.5,4.5,0
flow_30.19,50.5,4.5,0
flow_10.7,25.5,3.5,0
flow_30.20,49.5,4.5,0
flow_30.21,38.0,4.5,0
flow_30.22,36.5,4.5,0
flow_30.23,35.0,4.5,0
flow_10.8,24.0,3.0,0
flow_30.24,30.0,4.0,0
flow_30.25,28.5,4.5,0
flow_20.27,74.0,4.5,0
flow_00.24,53.5,4.5,0
flow_20.28,73.0,4.0,0
flow_00.25,50.0,4.5,0
flow_20.29,72.5,4.0,0
flow_00.26,48.5,4.0,0
flow_20.30,71.5,4.0,0
flow_00.27,25.5,3.0,0
flow_20.31,69.5,4.0,0
flow_20.32,61.5,4.0,0
flow_20.33,58.5,4.5,0
flow_10.9,41.5,4.5,0
flow_30.26,47.5,4.5,0
flow_30.27,46.5,3.5,0
flow_10.10,25.0,3.0,0
flow_30.28,46.5,4.0,0
flow_30.29,30.0,4.5,0
flow_30.30,28.5,4.0,0
flow_30.31,28.0,4.0,0
flow_30.32,27.0,4.0,0
flow_20.34,83.5,4.0,0
flow_00.28,48.0,4.5,0
flow_00.29,47.0,3.5,0
flow_20.35,83.5,4.0,0
flow_00.30,30.5,4.0,0
flow_20.36,83.0,4.0,0
flow_20.37,81.5,4.0,0
flow_00.31,30.5,4.0,0
flow_20.38,80.0,4.5,0
flow_20.39,61.5,4.0,0
flow_20.40,58.5,4.5,0
flow_30.33,50.5,4.0,0
flow_10.11,42.5,4.5,0
flow_30.34,38.5,3.5,0
flow_30.35,37.0,3.5,0
flow_30.36,35.5,3.5,0
flow_30.37,25.0,3.0,0
flow_10.12,25.5,3.5,0
flow_00.32,48.0,4.0,0
flow_20.41,84.0,4.5,0
flow_00.33,41.0,4.0,0
flow_20.42,84.0,4.0,0
flow_00.34,34.5,4.0,0
flow_20.43,83.5,4.5,0
flow_00.35,33.0,4.0,0
flow_20.44,82.0,4.0,0
flow_00.36,31.5,4.0,0
flow_20.45,79.5,4.0,0
flow_00.37,30.0,4.0,0
flow_20.46,61.5,4.0,0
flow_00.38,28.5,3.5,0
flow_20.47,59.0,4.5,0
flow_30.38,52.0,4.0,0
flow_30.39,48.5,4.0,0
flow_30.40,46.5,4.0,0
flow_30.41,45.0,4.0,0
flow_30.42,38.5,3.5,0
flow_30.43,37.5,4.0,0
flow_30.44,36.5,4.5,0
flow_00.39,54.0,4.5,0
flow_20.48,84.0,4.5,0
flow_00.40,53.5,4.0,0
flow_20.49,84.0,4.0,0
flow_00.41,53.0,4.0,0
flow_20.50,82.5,4.0,0
flow_00.42,51.5,3.5,0
flow_20.51,82.0,4.0,0
flow_00.43,50.0,4.0,0
flow_20.52,80.0,4.5,0
flow_00.44,31.0,4.0,0
flow_20.53,61.5,4.0,0
flow_00.45,30.5,4.0,0
flow_20.54,58.5,4.5,0
flow_10.13,50.5,4.5,0
flow_30.45,62.5,4.5,0
flow_10.14,39.0,3.5,0
flow_30.46,59.5,4.0,0
flow_30.47,47.0,4.0,0
flow_30.48,40.5,4.5,0
flow_30.49,39.5,5.0,0
flow_10.15,25.5,3.5,0
flow_30.50,31.5,5.0,0
flow_00.46,56.5,4.5,0
flow_20.55,84.5,4.5,0
flow_00.47,55.5,3.5,0
flow_20.56,83.5,4.0,0
flow_20.57,82.0,4.0,0
flow_00.48,47.0,4.0,0
flow_00.49,29.5,4.0,0
flow_20.58,81.5,4.0,0
flow_20.59,79.0,4.0,0
flow_00.50,26.0,3.5,0
flow_20.60,60.5,3.5,0
flow_20.61,58.5,4.0,0
flow_30.51,49.5,4.0,0
flow_10.16,54.0,4.5,0
flow_10.17,52.5,4.0,0
flow_30.52,50.5,4.0,0
flow_30.53,50.0,4.0,0
flow_30.54,48.0,4.0,0
flow_30.55,46.5,4.0,0
flow_10.18,24.5,3.0,0
flow_30.56,39.5,4.0,0
flow_30.57,38.0,4.5,0
flow_20.62,85.5,4.5,0
flow_00.51,33.0,5.0,0
flow_00.52,31.5,4.0,0
flow_20.63,84.5,4.5,0
flow_00.53,29.5,4.5,0
flow_20.64,84.0,4.5,0
flow_00.54,28.5,4.0,0
flow_20.65,83.5,4.5,0
flow_00.55,27.0,4.0,0
flow_20.66,80.5,4.5,0
flow_00.56,25.0,3.5,0
flow_20.67,62.0,4.0,0
flow_20.68,59.0,4.5,0
flow_10.19,36.5,4.0,0
flow_30.58,64.0,4.0,0
flow_30.59,59.0,4.0,0
flow_10.20,34.0,4.0,0
flow_10.21,32.5,4.0,0
flow_30.60,59.0,3.5,0
flow_30.61,55.0,4.0,0
flow_30.62,42.0,3.5,0
flow_30.63,39.5,4.0,0
flow_10.22,24.5,3.0,0
flow_30.64,36.5,4.0,0
flow_20.69,83.5,4.0,0
flow_00.57,56.0,5.0,0
flow_00.58,54.5,4.0,0
flow_20.70,84.5,4.5,0
flow_00.59,47.0,4.0,0
flow_20.71,83.0,4.0,0
flow_00.60,35.5,3.5,0
flow_20.72,81.5,4.0,0
flow_20.73,79.0,4.0,0
flow_00.61,34.0,4.0,0
flow_20.74,61.0,4.0,0
flow_00.62,33.0,4.0,0
flow_20.75,58.0,4.0,0
flow_00.63,31.0,4.0,0
flow_30.65,61.0,4.5,0
flow_10.23,49.5,4.5,0
flow_30.66,53.0,4.0,0
flow_30.67,48.0,3.5,0
flow_30.68,42.0,4.0,0
flow_30.69,39.0,4.0,0
flow_30.70,38.5,4.5,0
flow_30.71,36.5,4.5,0
flow_20.76,83.0,4.0,0
flow_00.64,55.5,4.0,0
flow_20.77,82.5,3.5,0
flow_00.65,56.5,4.0,0
flow_20.78,82.0,4.0,0
flow_00.66,55.0,4.0,0
flow_00.67,54.5,4.0,0
flow_20.79,82.5,4.0,0
flow_00.68,53.0,4.5,0
flow_20.80,80.0,4.0,0
flow_00.69,43.5,4.0,0
flow_20.81,61.5,4.0,0
flow_00.70,42.5,4.5,0
flow_20.82,59.0,4.0,0
flow_30.72,61.0,4.5,0
flow_30.73,42.0,4.0,0
flow_10.24,24.0,2.5,0
flow_30.74,40.0,4.0,0
flow_30.75,35.5,4.5,0
flow_30.76,33.5,4.5,0
flow_30.77,32.5,4.5,0
flow_30.78,31.0,4.5,0
flow_00.71,66.5,4.0,0
flow_20.83,84.0,4.5,0
flow_00.72,54.5,3.5,0
flow_20.84,83.5,4.0,0
flow_20.85,81.5,3.5,0
flow_00.73,27.0,3.5,0
flow_20.86,81.0,3.5,0
flow_20.87,80.5,4.5,0
flow_20.88,62.0,4.0,0
flow_20.89,59.0,4.5,0
flow_30.79,56.0,4.0,0
flow_10.25,43.5,4.5,0
flow_30.80,54.5,4.0,0
flow_10.26,42.0,4.0,0
flow_30.81,54.0,3.5,0
flow_10.27,40.5,4.0,0
flow_30.82,53.0,4.0,0
flow_30.83,52.5,4.0,0
flow_30.84,51.0,4.5,0
flow_10.28,25.5,3.5,0
flow_30.85,49.5,4.0,0
flow_00.74,44.5,4.0,0
flow_20.90,84.5,4.5,0
flow_20.91,83.0,4.0,0
flow_00.75,45.0,4.0,0
flow_20.92,82.5,4.0,0
flow_00.76,44.5,4.0,0
flow_00.77,38.0,4.0,0
flow_20.93,81.5,4.0,0
flow_00.78,36.5,4.0,0
flow_20.94,80.0,4.5,0
flow_20.95,61.5,4.0,0
flow_20.96,58.0,4.0,0
flow_30.86,74.5,4.0,0
flow_30.87,74.5,4.0,0
flow_30.88,63.5,3.5,0
flow_30.89,53.5,4.0,0
flow_30.90,53.5,4.5,0
flow_30.91,52.0,4.0,0
flow_30.92,50.0,4.0,0
flow_20.97,84.0,4.5,0
flow_00.79,45.0,4.5,0
flow_00.80,43.0,3.5,0
flow_20.98,83.0,4.0,0
flow_00.81,42.5,3.5,0
flow_20.99,83.0,4.0,0
flow_00.82,41.0,3.5,0
flow_20.100,82.5,4.0,0
flow_00.83,40.0,3.5,0
flow_20.101,79.5,4.0,0
flow_00.84,32.0,4.0,0
flow_20.102,60.5,4.0,0
flow_00.85,30.5,4.0,0
flow_20.103,58.0,4.0,0
flow_30.93,76.5,4.0,0
flow_10.29,38.0,4.5,0
flow_30.94,75.0,4.0,0
flow_30.95,75.0,3.5,0
flow_30.96,74.0,4.0,0
flow_30.97,71.0,3.5,0
flow_30.98,60.0,4.0,0
flow_30.99,58.0,4.0,0
flow_20.104,83.5,4.0,0
flow_00.86,58.0,4.5,0
flow_20.105,83.5,4.0,0
flow_00.87,55.0,4.5,0
flow_20.106,82.5,4.0,0
flow_00.88,53.5,4.5,0
flow_00.89,52.5,4.0,0
flow_20.107,84.0,4.5,0
flow_00.90,51.0,4.0,0
flow_20.108,81.0,4.5,0
flow_00.91,46.5,4.0,0
flow_20.109,63.0,5.0,0
flow_00.92,39.5,4.5,0
flow_20.110,60.0,4.5,0
flow_30.100,84.0,4.0,0
flow_30.101,84.5,4.0,0
flow_30.102,84.0,4.0,0
flow_30.103,79.0,4.5,0
flow_30.104,74.5,4.5,0
flow_30.105,62.5,4.5,0
flow_30.106,60.0,4.5,0
flow_20.111,84.5,4.5,0
flow_00.93,65.5,4.0,0
flow_00.94,64.0,4.0,0
flow_20.112,83.0,4.0,0
flow_20.113,82.0,4.0,0
flow_00.95,58.0,3.5,0
flow_20.114,81.0,3.5,0
flow_00.96,57.5,4.0,0
flow_20.115,79.5,4.0,0
flow_00.97,56.5,4.0,0
flow_20.116,61.5,4.0,0
flow_00.98,56.0,4.5,0
flow_20.117,59.0,4.5,0
flow_00.99,54.5,4.0,0
flow_30.107,83.5,4.0,0
flow_10.30,52.0,4.5,0
flow_30.108,83.0,4.0,0
flow_10.31,46.0,4.0,0
flow_30.109,77.5,3.5,0
flow_10.32,35.0,4.0,0
flow_30.110,75.0,3.5,0
flow_30.111,72.5,4.0,0
flow_30.112,59.5,4.0,0
flow_30.113,57.0,4.0,0
flow_20.118,84.5,4.5,0
flow_00.100,62.0,4.5,0
flow_20.119,83.0,4.0,0
flow_00.101,61.0,4.0,0
flow_20.120,83.0,4.0,0
flow_00.102,57.0,4.0,0
flow_00.103,55.5,3.5,0
flow_20.121,82.0,4.0,0
flow_20.122,74.5,4.0,0
flow_00.104,54.0,4.0,0
flow_00.105,53.0,4.0,0
flow_20.123,61.5,4.0,0
flow_20.124,58.0,4.0,0
flow_00.106,52.5,4.0,0
flow_30.114,83.0,4.0,0
flow_10.33,49.5,5.0,0
flow_30.115,69.5,3.5,0
flow_10.34,48.0,4.0,0
flow_30.116,69.0,4.0,0
flow_10.35,47.0,4.0,0
flow_30.117,67.5,4.0,0
flow_10.36,38.0,4.5,0
flow_30.118,49.0,4.0,0
flow_10.37,25.5,3.5,0
flow_30.119,46.0,4.0,0
flow_30.120,36.0,4.0,0
flow_20.125,85.0,4.5,0
flow_00.107,78.0,5.0,0
flow_20.126,83.5,4.0,0
flow_00.108,71.5,4.5,0
flow_00.109,69.5,4.0,0
flow_20.127,84.5,4.5,0
flow_00.110,68.5,4.0,0
flow_20.128,83.0,4.5,0
flow_00.111,67.0,4.5,0
flow_20.129,80.0,4.0,0
flow_00.112,60.5,4.0,0
flow_20.130,61.0,4.0,0
flow_00.113,58.5,4.5,0
flow_20.131,58.5,4.0,0
flow_30.121,55.0,4.0,0
flow_10.38,45.0,4.5,0
flow_10.39,27.0,3.5,0
flow_30.122,57.0,4.0,0
flow_30.123,55.5,4.0,0
flow_10.40,25.5,3.5,0
flow_30.124,54.0,4.0,0
flow_30.125,52.5,4.0,0
flow_30.126,51.5,4.5,0
flow_30.127,50.5,4.5,0
flow_00.114,83.5,4.5,0
flow_20.132,78.0,4.5,0
flow_00.115,83.0,4.0,0
flow_20.133,77.5,4.0,0
flow_00.116,81.0,4.0,0
flow_20.134,76.5,4.0,0
flow_00.117,73.5,3.5,0
flow_20.135,74.0,4.0,0
flow_00.118,70.0,4.0,0
flow_20.136,73.5,4.5,0
flow_20.137,61.0,4.0,0
flow_00.119,61.5,4.0,0
flow_20.138,58.5,4.5,0
flow_00.120,58.0,4.5,0
flow_10.41,27.0,3.5,0
flow_30.128,75.0,4.5,0
flow_30.129,74.0,4.0,0
flow_30.130,74.0,4.0,0
flow_30.131,72.5,4.0,0
flow_30.132,70.0,4.0,0
flow_10.42,23.5,3.0,0
flow_30.133,59.5,3.5,0
flow_30.134,57.5,4.0,0
flow_00.121,83.5,4.5,0
flow_20.139,85.0,4.5,0
flow_00.122,80.0,4.0,0
flow_20.140,83.0,4.0,0
flow_20.141,82.0,4.0,0
flow_00.123,80.5,4.0,0
flow_00.124,79.0,4.0,0
flow_20.142,82.0,4.0,0
flow_00.125,76.5,4.0,0
flow_20.143,80.0,4.5,0
flow_00.126,60.0,4.5,0
flow_20.144,61.5,4.0,0
flow_00.127,58.5,4.0,0
flow_20.145,58.5,4.5,0
flow_30.135,83.0,4.0,0
flow_30.136,85.5,4.5,0
flow_30.137,83.5,4.0,0
flow_30.138,82.0,4.5,0
flow_30.139,79.5,4.0,0
flow_30.140,61.0,4.5,0
flow_30.141,59.0,4.0,0
flow_00.128,83.5,4.5,0
flow_20.146,84.0,4.5,0
flow_00.129,83.0,4.0,0
flow_20.147,83.5,4.0,0
flow_00.130,82.0,4.0,0
flow_20.148,82.5,4.0,0
flow_00.131,81.5,4.0,0
flow_20.149,82.0,4.0,0
flow_00.132,79.0,4.5,0
flow_20.150,78.0,4.0,0
flow_00.133,60.5,4.0,0
flow_20.151,61.5,4.0,0
flow_00.134,59.0,4.5,0
flow_20.152,59.0,4.0,0
flow_10.43,45.5,4.0,0
flow_30.142,85.0,4.0,0
flow_10.44,46.0,4.0,0
flow_30.143,84.5,4.0,0
flow_30.144,83.5,4.0,0
flow_30.145,81.5,4.0,0
flow_30.146,80.5,4.0,0
flow_30.147,61.5,4.5,0
flow_30.148,60.5,4.5,0
flow_20.153,82.0,4.0,0
flow_00.135,84.5,4.5,0
flow_00.136,84.0,4.0,0
flow_20.154,82.0,4.0,0
flow_00.137,82.5,4.0,0
flow_20.155,81.5,4.0,0
flow_20.156,73.0,4.0,0
flow_00.138,82.5,4.0,0
flow_20.157,69.5,4.0,0
flow_00.139,80.5,4.5,0
flow_20.158,60.5,3.5,0
flow_00.140,61.5,4.0,0
flow_00.141,59.5,4.5,0
flow_20.159,59.0,4.0,0
flow_30.149,83.5,4.0,0
flow_30.150,84.0,4.0,0
flow_30.151,83.5,4.0,0
flow_30.152,81.0,4.0,0
flow_30.153,79.0,3.5,0
flow_30.154,59.0,3.5,0
flow_10.45,24.0,3.0,0
flow_30.155,57.0,4.0,0
flow_00.142,84.0,4.0,0
flow_20.160,84.0,4.5,0
flow_00.143,83.5,3.5,0
flow_20.161,84.5,4.5,0
flow_00.144,83.5,4.0,0
flow_20.162,83.0,4.5,0
flow_20.163,54.0,4.0,0
flow_00.145,83.5,4.5,0
flow_20.164,52.5,3.5,0
flow_00.146,78.0,4.0,0
flow_00.147,61.0,4.0,0
flow_20.165,45.5,4.0,0
flow_00.148,58.5,4.0,0
flow_20.166,44.5,4.5,0
flow_10.46,49.5,4.0,0
flow_30.156,83.5,4.0,0
flow_30.157,82.0,4.0,0
flow_30.158,81.5,3.5,0
flow_30.159,80.5,4.0,0
flow_10.0,33.0,4.0,0
flow_10.1,33.5,4.0,0
flow_10.2,30.5,4.0,0
flow_30.0,25.5,3.5,0
flow_10.3,25.5,3.5,0
flow_20.0,51.5,4.5,0
flow_00.0,37.5,4.5,0
flow_20.1,41.5,4.0,0
flow_00.1,37.0,4.0,0
flow_00.2,36.0,4.0,0
flow_20.2,25.0,3.0,0
flow_00.3,35.5,4.0,0
flow_00.4,34.0,4.0,0
flow_20.3,27.0,4.0,0
flow_00.5,32.5,4.0,0
flow_00.6,31.5,4.0,0
flow_30.1,28.5,4.0,0
flow_10.4,54.5,4.5,0
flow_10.5,53.5,4.0,0
flow_10.6,51.0,4.0,0
flow_10.7,50.5,4.0,0
flow_10.8,48.5,4.5,0
flow_10.9,47.0,4.0,0
flow_10.10,36.0,4.5,0
flow_00.7,56.0,4.0,0
flow_20.4,51.5,4.0,0
flow_00.8,57.0,4.0,0
flow_20.5,51.5,4.0,0
flow_00.9,55.5,4.0,0
flow_20.6,45.5,4.0,0
flow_20.7,43.5,4.0,0
flow_00.10,55.0,4.0,0
flow_20.8,34.5,4.0,0
flow_00.11,53.0,4.0,0
flow_20.9,30.0,4.0,0
flow_00.12,51.5,4.5,0
flow_00.13,50.0,4.0,0
flow_10.11,55.5,4.0,0
flow_10.12,56.0,4.5,0
flow_10.13,54.5,4.0,0
flow_10.14,43.5,4.5,0
flow_10.15,36.5,4.0,0
flow_10.16,28.5,4.5,0
flow_10.17,28.0,4.5,0
flow_00.14,75.0,4.5,0
flow_20.10,46.5,4.0,0
flow_00.15,74.5,4.0,0
flow_20.11,39.5,3.5,0
flow_00.16,53.5,4.0,0
flow_20.12,36.0,4.0,0
flow_00.17,51.5,4.0,0
flow_20.13,34.5,4.0,0
flow_00.18,51.0,4.0,0
flow_20.14,34.0,4.5,0
flow_00.19,49.5,4.0,0
flow_20.15,33.0,4.5,0
flow_00.20,49.0,4.5,0
flow_20.16,30.0,4.5,0
flow_10.18,52.0,4.0,0
flow_30.2,34.0,4.5,0
flow_10.19,52.5,4.0,0
flow_10.20,51.0,3.5,0
flow_30.3,26.5,3.5,0
flow_10.21,49.5,4.0,0
flow_10.22,48.5,4.0,0
flow_00.21,73.5,4.5,0
flow_20.17,55.0,4.5,0
flow_00.22,73.0,4.0,0
flow_20.18,44.0,4.0,0
flow_00.23,72.5,4.0,0
flow_20.19,43.0,4.0,0
flow_20.20,41.0,4.0,0
flow_00.24,72.5,4.5,0
flow_20.21,39.5,4.5,0
flow_00.25,69.0,4.0,0
flow_20.22,35.0,4.0,0
flow_00.26,61.5,4.5,0
flow_20.23,34.0,4.0,0
flow_00.27,59.5,4.5,0
flow_10.23,50.0,4.0,0
flow_10.24,39.0,3.5,0
flow_10.25,38.0,4.0,0
flow_10.26,36.0,4.0,0
flow_30.4,25.0,3.0,0
flow_10.27,35.0,4.0,0
flow_10.28,30.5,4.5,0
flow_00.28,84.0,4.5,0
flow_20.24,55.0,4.5,0
flow_00.29,83.5,4.0,0
flow_20.25,50.0,4.5,0
flow_00.30,83.5,4.5,0
flow_20.26,44.0,4.5,0
flow_00.31,70.5,4.0,0
flow_20.27,42.5,4.0,0
flow_00.32,69.0,4.0,0
flow_20.28,37.5,4.5,0
flow_00.33,60.0,4.0,0
flow_20.29,26.5,3.5,0
flow_00.34,56.5,4.0,0
flow_30.5,53.5,4.5,0
flow_10.29,51.5,4.0,0
flow_10.30,51.0,4.0,0
flow_30.6,53.5,4.0,0
flow_10.31,46.5,4.0,0
flow_30.7,39.0,3.5,0
flow_10.32,44.5,3.5,0
flow_10.33,41.5,4.0,0
flow_10.34,37.0,3.5,0
flow_10.35,35.0,4.0,0
flow_00.35,81.5,4.0,0
flow_20.30,50.0,4.0,0
flow_20.31,50.0,4.0,0
flow_00.36,77.5,4.0,0
flow_20.32,48.5,3.5,0
flow_00.37,63.0,4.5,0
flow_00.38,60.0,4.0,0
flow_20.33,48.0,4.0,0
flow_20.34,46.5,4.0,0
flow_00.39,51.5,4.5,0
flow_20.35,44.5,3.5,0
flow_00.40,50.5,4.5,0
flow_20.36,27.0,4.0,0
flow_00.41,44.5,4.0,0
flow_30.8,41.5,4.0,0
flow_10.36,57.0,4.5,0
flow_30.9,41.0,3.5,0
flow_10.37,41.5,4.0,0
flow_10.38,27.5,4.0,0
flow_30.10,40.5,3.5,0
flow_30.11,39.5,4.0,0
flow_10.39,22.5,2.5,0
flow_30.12,39.0,4.0,0
flow_00.42,69.0,4.5,0
flow_20.37,53.0,4.5,0
flow_00.43,67.5,4.0,0
flow_20.38,53.0,4.0,0
flow_20.39,51.5,4.0,0
flow_00.44,56.5,4.0,0
flow_20.40,49.5,4.0,0
flow_00.45,54.5,4.0,0
flow_20.41,48.5,4.0,0
flow_00.46,42.0,4.0,0
flow_20.42,40.0,4.0,0
flow_00.47,38.0,4.0,0
flow_20.43,32.5,4.0,0
flow_00.48,32.0,4.0,0
flow_30.13,52.0,4.0,0
flow_10.40,24.0,3.0,0
flow_30.14,52.0,4.0,0
flow_30.15,49.0,3.5,0
flow_10.41,24.0,2.5,0
flow_10.42,28.0,4.0,0
flow_00.49,58.5,4.5,0
flow_20.44,58.5,4.5,0
flow_00.50,54.5,4.0,0
flow_20.45,38.5,4.0,0
flow_00.51,51.5,4.0,0
flow_20.46,34.5,4.5,0
flow_00.52,48.0,4.0,0
flow_20.47,24.0,2.5,0
flow_00.53,42.0,4.5,0
flow_00.54,30.5,4.0,0
flow_00.55,29.0,4.0,0
flow_10.43,55.0,4.5,0
flow_10.44,54.0,4.0,0
flow_10.45,52.0,3.5,0
flow_10.46,49.5,4.0,0
flow_10.47,42.5,4.0,0
flow_10.48,26.5,4.0,0
flow_20.48,41.0,4.5,0
flow_00.56,26.0,3.5,0
flow_20.49,35.0,4.0,0
flow_00.57,24.5,3.0,0
flow_20.50,33.5,3.5,0
flow_20.51,33.0,4.0,0
flow_20.52,31.5,4.0,0
flow_20.53,30.0,4.0,0
flow_00.58,27.0,3.5,0
flow_20.54,27.0,4.0,0
flow_10.49,51.0,4.0,0
flow_30.16,29.0,4.0,0
flow_10.50,47.0,4.0,0
flow_10.51,46.0,4.0,0
flow_10.52,43.5,3.5,0
flow_10.53,39.0,4.0,0
flow_10.54,27.5,4.0,0
flow_20.55,53.5,4.5,0
flow_00.59,51.0,4.5,0
flow_00.60,50.0,4.0,0
flow_20.56,47.0,4.0,0
flow_20.57,43.5,4.0,0
flow_00.61,50.0,4.0,0
flow_00.62,49.0,4.0,0
flow_20.58,39.0,4.0,0
flow_00.63,47.5,4.0,0
flow_00.64,46.0,4.0,0
flow_00.65,26.0,3.5,0
flow_10.55,52.5,4.0,0
flow_30.17,38.5,4.5,0
flow_10.56,51.5,4.0,0
flow_30.18,30.5,4.0,0
flow_30.19,29.0,4.0,0
flow_10.57,49.0,4.0,0
flow_10.58,39.5,4.5,0
flow_10.59,38.0,4.5,0
flow_10.60,36.5,4.5,0
flow_10.61,35.5,4.5,0
flow_00.66,45.5,4.5,0
flow_20.59,37.5,4.5,0
flow_00.67,32.0,4.0,0
flow_20.60,32.5,4.0,0
flow_00.68,30.5,4.0,0
flow_20.61,29.5,4.0,0
flow_00.69,27.5,4.0,0
flow_20.62,25.5,3.5,0
flow_00.70,25.0,3.5,0
flow_10.62,57.0,4.5,0
flow_10.63,56.5,4.0,0
flow_10.64,56.0,4.0,0
flow_10.65,56.0,4.0,0
flow_10.66,54.5,4.0,0
flow_10.67,52.0,4.0,0
flow_10.68,51.0,4.0,0
flow_00.71,50.5,4.0,0
flow_20.63,38.5,4.0,0
flow_00.72,52.0,4.5,0
flow_20.64,37.5,4.5,0
flow_20.65,35.5,4.5,0
flow_00.73,50.0,4.0,0
flow_20.66,34.0,4.0,0
flow_00.74,50.0,4.5,0
flow_20.67,33.0,4.5,0
flow_00.75,48.5,4.0,0
flow_20.68,31.5,4.0,0
flow_00.76,32.0,4.5,0
flow_20.69,31.0,4.5,0
flow_30.20,48.5,4.5,0
flow_10.69,77.0,4.5,0
flow_30.21,48.0,4.0,0
flow_10.70,76.5,4.0,0
flow_30.22,42.0,4.0,0
flow_10.71,75.0,4.0,0
flow_30.23,31.5,3.5,0
flow_10.72,74.0,4.0,0
flow_30.24,26.0,3.5,0
flow_10.73,71.0,4.0,0
flow_10.74,61.5,4.0,0
flow_10.75,59.0,4.5,0
flow_00.77,45.5,4.5,0
flow_20.70,56.5,4.5,0
flow_00.78,26.5,3.5,0
flow_20.71,38.5,4.0,0
flow_20.72,34.0,4.0,0
flow_00.79,26.0,3.5,0
flow_20.73,28.5,4.0,0
flow_00.80,24.0,3.0,0
flow_00.81,27.0,4.0,0
flow_10.76,83.5,4.0,0
flow_30.25,46.5,4.5,0
flow_10.77,68.0,4.0,0
flow_30.26,45.0,4.0,0
flow_10.78,67.0,4.0,0
flow_10.79,65.5,4.0,0
flow_10.80,64.0,4.0,0
flow_10.81,61.5,4.0,0
flow_10.82,59.0,4.5,0
flow_20.74,45.5,4.5,0
flow_00.82,45.0,4.5,0
flow_20.75,43.0,3.5,0
flow_00.83,44.0,4.0,0
flow_00.84,38.5,4.0,0
flow_20.76,30.5,4.0,0
flow_00.85,39.5,4.5,0
flow_00.86,38.0,4.5,0
flow_20.77,26.5,3.5,0
flow_00.87,37.0,4.5,0
flow_20.78,25.5,3.5,0
flow_00.88,33.5,4.5,0
flow_10.83,85.0,4.5,0
flow_10.84,77.5,4.0,0
flow_10.85,70.0,4.0,0
flow_10.86,68.5,4.0,0
flow_10.87,67.0,4.0,0
flow_10.88,61.5,4.5,0
flow_10.89,60.0,4.5,0
flow_00.89,57.0,4.0,0
flow_20.79,53.0,4.5,0
flow_00.90,37.5,4.0,0
flow_20.80,51.5,4.0,0
flow_00.91,36.5,4.0,0
flow_20.81,46.5,4.0,0
flow_00.92,35.5,3.5,0
flow_20.82,36.5,4.5,0
flow_00.93,35.0,4.0,0
flow_00.94,34.0,4.5,0
flow_00.95,32.0,4.0,0
flow_10.90,84.5,4.0,0
flow_30.27,28.0,4.0,0
flow_30.28,27.0,4.0,0
flow_10.91,83.5,4.0,0
flow_10.92,83.0,3.5,0
flow_10.93,82.0,4.0,0
flow_10.94,80.5,4.0,0
flow_10.95,60.5,4.0,0
flow_30.29,24.0,3.0,0
flow_10.96,58.5,4.0,0
flow_20.83,53.0,4.0,0
flow_00.96,57.5,4.5,0
flow_00.97,57.0,4.0,0
flow_20.84,53.0,4.0,0
flow_00.98,56.5,4.0,0
flow_20.85,52.5,4.0,0
flow_00.99,55.0,4.0,0
flow_20.86,51.5,4.0,0
flow_00.100,48.5,4.0,0
flow_20.87,50.5,4.0,0
flow_20.88,47.0,4.0,0
flow_00.101,40.5,4.0,0
flow_20.89,31.5,4.0,0
flow_00.102,28.5,4.0,0
flow_10.97,83.5,4.0,0
flow_10.98,83.0,3.5,0
flow_10.99,81.5,3.5,0
flow_30.30,24.0,3.0,0
flow_10.100,80.5,4.0,0
flow_10.101,78.0,3.5,0
flow_10.102,60.5,4.0,0
flow_10.103,58.0,4.0,0
flow_00.103,54.0,4.5,0
flow_20.90,52.5,4.5,0
flow_20.91,31.5,4.0,0
flow_00.104,53.5,4.0,0
flow_20.92,28.0,4.0,0
flow_00.105,53.0,4.0,0
flow_20.93,26.5,3.5,0
flow_00.106,52.0,4.0,0
flow_20.94,25.0,3.5,0
flow_00.107,37.5,4.5,0
flow_20.95,24.0,2.5,0
flow_10.104,83.5,4.5,0
flow_30.31,50.0,4.5,0
flow_10.105,84.0,4.0,0
flow_10.106,82.5,4.0,0
flow_10.107,82.5,4.5,0
flow_10.108,80.5,4.0,0
flow_10.109,61.5,4.5,0
flow_10.110,59.0,4.0,0
flow_00.108,53.5,4.0,0
flow_20.96,50.5,4.5,0
flow_00.109,34.0,3.5,0
flow_20.97,43.0,4.0,0
flow_00.110,24.5,3.0,0
flow_20.98,42.0,4.0,0
flow_00.111,24.5,3.0,0
flow_20.99,41.0,4.0,0
flow_20.100,39.5,4.0,0
flow_00.112,24.5,3.0,0
flow_10.111,84.0,4.5,0
flow_10.112,84.5,4.0,0
flow_30.32,25.0,3.0,0
flow_10.113,83.5,4.5,0
flow_10.114,82.5,4.5,0
flow_10.115,80.0,4.0,0
flow_10.116,61.0,4.0,0
flow_10.117,59.0,4.0,0
flow_00.113,51.0,4.5,0
flow_00.114,38.5,4.0,0
flow_00.115,33.0,4.0,0
flow_00.116,32.0,4.0,0
flow_00.117,30.0,4.0,0
flow_00.118,27.5,4.5,0
flow_20.101,25.5,3.5,0
flow_10.118,83.5,4.0,0
flow_10.119,84.0,4.0,0
flow_10.120,82.5,4.0,0
flow_10.121,81.0,3.5,0
flow_10.122,80.0,4.0,0
flow_10.123,61.0,4.0,0
flow_10.124,58.5,4.0,0
flow_00.119,42.5,4.5,0
flow_20.102,52.5,4.5,0
flow_00.120,42.0,4.0,0
flow_20.103,51.5,4.0,0
flow_00.121,39.5,4.0,0
flow_20.104,50.0,3.5,0
flow_20.105,49.0,4.0,0
flow_00.122,37.0,4.0,0
flow_00.123,35.5,4.0,0
flow_20.106,33.5,3.5,0
flow_00.124,34.0,4.0,0
flow_30.33,40.5,4.5,0
flow_10.125,84.5,4.5,0
flow_10.126,83.0,4.0,0
flow_30.34,27.0,3.5,0
flow_10.127,83.0,4.0,0
flow_10.128,82.0,4.0,0
flow_10.129,79.0,4.0,0
flow_10.130,61.0,4.0,0
flow_30.35,23.5,3.0,0
flow_10.131,58.5,4.0,0
flow_20.107,51.5,4.0,0
flow_00.125,54.0,4.5,0
flow_00.126,43.0,4.0,0
flow_20.108,52.5,4.5,0
flow_20.109,47.5,4.0,0
flow_00.127,43.0,4.0,0
flow_00.128,37.0,4.0,0
flow_20.110,46.5,4.5,0
flow_20.111,44.5,4.0,0
flow_00.129,36.5,4.5,0
flow_20.112,44.0,4.5,0
flow_00.130,35.5,4.5,0
flow_20.113,42.5,4.0,0
flow_00.131,31.5,4.5,0
flow_10.132,84.5,4.5,0
flow_30.36,45.0,4.5,0
flow_10.133,84.0,4.0,0
flow_10.134,83.0,4.0,0
flow_10.135,81.5,4.0,0
flow_10.136,79.0,4.0,0
flow_30.37,24.0,3.0,0
flow_10.137,57.5,4.0,0
flow_10.138,56.5,4.0,0
flow_20.114,68.0,4.5,0
flow_00.132,57.0,4.5,0
flow_20.115,67.0,4.0,0
flow_00.133,56.0,4.0,0
flow_00.134,55.0,4.0,0
flow_20.116,68.0,4.5,0
flow_00.135,53.5,3.5,0
flow_20.117,66.5,4.5,0
flow_00.136,52.0,3.5,0
flow_20.118,65.0,5.0,0
flow_00.137,50.5,4.0,0
flow_20.119,62.0,4.5,0
flow_00.138,49.5,3.5,0
flow_20.120,59.5,4.5,0
flow_10.139,76.0,4.5,0
flow_10.140,75.0,4.0,0
flow_10.141,73.5,4.0,0
flow_10.142,63.0,4.0,0
flow_10.143,48.5,4.0,0
flow_10.144,47.0,4.0,0
flow_10.145,45.5,4.5,0
flow_20.121,83.5,4.0,0
flow_00.139,55.5,4.5,0
flow_20.122,84.0,4.0,0
flow_00.140,55.0,4.0,0
flow_20.123,82.5,3.5,0
flow_00.141,40.0,4.0,0
flow_20.124,77.0,4.0,0
flow_00.142,37.5,4.0,0
flow_20.125,75.5,3.5,0
flow_00.143,36.5,4.0,0
flow_20.126,60.0,3.5,0
flow_00.144,35.0,4.0,0
flow_20.127,54.5,3.5,0
flow_00.145,33.0,4.0,0
flow_10.146,70.5,4.0,0
flow_10.147,62.0,4.0,0
flow_10.148,60.5,3.5,0
flow_10.149,44.5,4.0,0
flow_10.150,44.5,4.5,0
flow_10.151,43.0,4.5,0
flow_30.38,26.5,3.5,0
flow_10.152,35.0,4.0,0
flow_00.146,58.0,4.0,0
flow_20.128,83.0,4.5,0
flow_20.129,81.5,4.0,0
flow_00.147,58.5,4.0,0
flow_20.130,78.5,4.0,0
flow_00.148,58.0,4.0,0
flow_20.131,73.0,4.0,0
flow_00.149,56.5,4.0,0
flow_20.132,65.0,4.0,0
flow_00.150,48.5,4.0,0
flow_20.133,60.5,4.0,0
flow_00.151,47.5,4.0,0
flow_20.134,58.5,4.0,0
flow_00.152,45.0,4.0,0
flow_30.39,23.5,3.0,0
flow_10.153,59.5,4.5,0
flow_10.154,58.0,3.5,0
flow_10.155,59.0,4.0,0
flow_10.156,58.0,4.5,0
flow_30.0,29.0,4.0,0
flow_10.0,25.5,3.5,0
flow_10.1,25.5,3.0,0
flow_30.1,27.0,4.0,0
flow_30.2,26.5,4.0,0
flow_30.3,24.5,3.0,0
flow_10.2,25.0,3.5,0
flow_00.0,44.5,4.0,0
flow_20.0,52.5,4.5,0
flow_00.1,44.0,4.0,0
flow_20.1,41.5,4.0,0
flow_00.2,43.0,4.0,0
flow_20.2,37.5,4.0,0
flow_20.3,36.0,4.0,0
flow_00.3,38.0,4.0,0
flow_20.4,34.5,4.0,0
flow_00.4,33.5,4.5,0
flow_20.5,33.5,4.0,0
flow_00.5,32.0,4.5,0
flow_20.6,32.0,4.0,0
flow_10.3,50.5,4.0,0
flow_30.4,41.0,4.5,0
flow_10.4,32.0,4.0,0
flow_30.5,42.0,4.0,0
flow_30.6,38.0,4.0,0
flow_10.5,27.0,4.0,0
flow_30.7,37.0,4.0,0
flow_30.8,35.5,4.5,0
flow_30.9,32.5,4.0,0
flow_10.6,25.0,3.0,0
flow_30.10,31.0,4.5,0
flow_20.7,58.0,4.5,0
flow_00.6,41.5,4.5,0
flow_20.8,54.0,4.0,0
flow_00.7,42.5,4.5,0
flow_20.9,53.0,4.0,0
flow_00.8,41.0,4.5,0
flow_20.10,52.0,3.5,0
flow_20.11,51.5,4.0,0
flow_20.12,50.0,4.0,0
flow_20.13,48.5,4.0,0
flow_30.11,56.0,4.0,0
flow_10.7,52.0,4.0,0
flow_30.12,51.5,4.0,0
flow_10.8,51.0,4.0,0
flow_30.13,37.0,3.5,0
flow_10.9,50.5,4.0,0
flow_30.14,28.0,4.0,0
flow_10.10,49.5,4.0,0
flow_10.11,37.5,4.5,0
flow_30.15,27.0,4.0,0
flow_10.12,36.0,4.0,0
flow_30.16,24.5,3.0,0
flow_20.14,73.0,4.0,0
flow_00.9,49.5,4.5,0
flow_00.10,28.5,3.5,0
flow_20.15,73.5,4.0,0
flow_20.16,70.5,3.5,0
flow_00.11,26.0,3.5,0
flow_20.17,68.5,3.5,0
flow_20.18,62.0,3.5,0
flow_00.12,24.5,3.0,0
flow_20.19,43.0,4.0,0
flow_20.20,42.5,4.0,0
flow_10.13,53.5,4.0,0
flow_30.17,52.5,4.5,0
flow_10.14,45.5,4.0,0
flow_30.18,41.0,4.0,0
flow_30.19,40.0,4.0,0
flow_10.15,41.0,4.0,0
flow_30.20,34.5,4.5,0
flow_10.16,36.0,4.0,0
flow_30.21,33.0,4.0,0
flow_30.22,31.0,4.0,0
flow_10.17,23.0,2.5,0
flow_20.21,66.5,4.0,0
flow_00.13,48.0,4.5,0
flow_20.22,66.5,4.0,0
flow_00.14,40.0,4.5,0
flow_20.23,66.0,4.0,0
flow_00.15,30.5,4.0,0
flow_20.24,59.0,4.0,0
flow_20.25,57.5,4.0,0
flow_20.26,56.0,3.5,0
flow_20.27,54.0,4.0,0
flow_00.16,26.5,3.5,0
flow_30.23,50.5,4.5,0
flow_10.18,53.0,4.5,0
flow_10.19,53.0,4.5,0
flow_30.24,51.0,4.0,0
flow_10.20,51.5,4.0,0
flow_10.21,50.5,4.0,0
flow_30.25,46.0,5.0,0
flow_10.22,48.5,4.0,0
flow_30.26,39.0,5.0,0
flow_30.27,37.0,4.5,0
flow_10.23,45.0,4.0,0
flow_30.28,35.0,4.0,0
flow_10.24,42.5,4.5,0
flow_30.29,33.5,4.5,0
flow_20.28,79.5,4.0,0
flow_00.17,43.5,4.5,0
flow_20.29,78.5,4.0,0
flow_00.18,42.0,4.0,0
flow_20.30,77.0,3.5,0
flow_20.31,77.0,4.0,0
flow_00.19,23.5,3.0,0
flow_20.32,74.5,4.0,0
flow_20.33,61.5,4.5,0
flow_00.20,25.5,3.5,0
flow_20.34,59.0,4.0,0
flow_10.25,68.5,4.5,0
flow_30.30,58.5,4.5,0
flow_30.31,57.5,4.0,0
flow_10.26,58.0,4.0,0
flow_30.32,54.0,4.0,0
flow_10.27,45.0,4.0,0
flow_30.33,31.5,4.0,0
flow_10.28,24.5,3.0,0
flow_10.29,25.0,3.5,0
flow_20.35,84.0,4.5,0
flow_00.21,42.5,4.5,0
flow_00.22,40.0,4.0,0
flow_20.36,84.5,4.5,0
flow_20.37,83.0,4.0,0
flow_00.23,36.5,4.0,0
flow_20.38,81.5,4.0,0
flow_00.24,35.0,4.0,0
flow_20.39,79.0,4.0,0
flow_00.25,34.0,4.0,0
flow_20.40,61.0,4.0,0
flow_00.26,28.5,4.0,0
flow_20.41,58.5,4.0,0
flow_00.27,26.0,4.0,0
flow_10.30,55.0,4.5,0
flow_30.34,43.5,4.5,0
flow_30.35,42.0,3.5,0
flow_10.31,48.0,4.0,0
flow_10.32,44.5,4.0,0
flow_30.36,36.0,3.5,0
flow_10.33,40.0,3.5,0
flow_30.37,35.5,4.0,0
flow_30.38,34.0,4.0,0
flow_10.34,24.5,3.0,0
flow_30.39,32.5,4.0,0
flow_10.35,24.5,3.0,0
flow_30.40,34.0,5.0,0
flow_00.28,46.0,4.0,0
flow_20.42,86.0,5.0,0
flow_00.29,39.0,3.5,0
flow_20.43,84.5,4.0,0
flow_00.30,37.0,3.5,0
flow_00.31,32.5,4.0,0
flow_20.44,85.5,5.0,0
flow_20.45,83.0,4.5,0
flow_00.32,31.0,4.0,0
flow_20.46,81.5,4.5,0
flow_20.47,62.5,4.0,0
flow_20.48,61.0,5.0,0
flow_30.41,57.0,4.5,0
flow_10.36,52.5,4.5,0
flow_30.42,57.0,4.0,0
flow_10.37,52.0,4.0,0
flow_30.43,55.5,3.5,0
flow_10.38,51.0,4.0,0
flow_10.39,49.5,4.0,0
flow_30.44,55.5,4.0,0
flow_10.40,42.5,4.0,0
flow_30.45,54.0,4.5,0
flow_30.46,52.5,4.0,0
flow_10.41,41.5,4.0,0
flow_30.47,51.0,4.0,0
flow_10.42,40.5,4.5,0
flow_20.49,83.5,4.0,0
flow_00.33,49.5,4.0,0
flow_20.50,82.0,4.0,0
flow_00.34,49.0,4.0,0
flow_20.51,82.0,3.5,0
flow_00.35,48.0,3.5,0
flow_00.36,46.5,4.0,0
flow_20.52,82.0,4.5,0
flow_00.37,46.0,4.0,0
flow_20.53,79.5,4.0,0
flow_00.38,44.0,4.0,0
flow_20.54,61.5,4.5,0
flow_20.55,58.5,4.0,0
flow_00.39,44.0,4.5,0
flow_30.48,75.5,4.0,0
flow_10.43,65.5,4.5,0
flow_30.49,75.5,4.0,0
flow_10.44,62.0,4.0,0
flow_30.50,74.0,3.5,0
flow_10.45,60.5,4.0,0
flow_10.46,57.0,3.5,0
flow_30.51,73.0,3.5,0
flow_10.47,56.0,4.0,0
flow_30.52,72.0,4.0,0
flow_10.48,54.5,4.0,0
flow_30.53,61.5,4.0,0
flow_10.49,49.0,3.5,0
flow_30.54,59.0,4.5,0
flow_20.56,84.0,4.5,0
flow_00.40,69.0,4.5,0
flow_00.41,67.5,4.0,0
flow_20.57,83.5,4.0,0
flow_20.58,82.0,4.0,0
flow_00.42,65.0,4.0,0
flow_20.59,81.0,3.5,0
flow_00.43,64.0,4.0,0
flow_00.44,57.0,4.0,0
flow_20.60,79.5,4.0,0
flow_00.45,45.0,4.5,0
flow_20.61,61.5,4.5,0
flow_00.46,43.5,4.0,0
flow_20.62,59.5,4.5,0
flow_10.50,73.0,4.5,0
flow_30.55,80.0,4.5,0
flow_30.56,79.5,4.5,0
flow_10.51,70.5,4.0,0
flow_30.57,78.5,4.0,0
flow_10.52,70.0,4.0,0
flow_30.58,77.5,4.0,0
flow_10.53,68.5,4.0,0
flow_30.59,76.0,4.0,0
flow_10.54,67.0,4.0,0
flow_30.60,61.0,4.5,0
flow_10.55,61.0,4.0,0
flow_10.56,59.0,4.0,0
flow_30.61,59.0,4.0,0
flow_20.63,83.5,4.0,0
flow_00.47,62.0,4.5,0
flow_20.64,83.0,4.0,0
flow_00.48,62.5,4.5,0
flow_20.65,82.5,3.5,0
flow_00.49,63.5,4.5,0
flow_20.66,81.5,4.0,0
flow_00.50,41.5,5.0,0
flow_20.67,79.5,4.0,0
flow_00.51,40.0,4.5,0
flow_20.68,60.5,4.0,0
flow_00.52,37.0,4.5,0
flow_20.69,58.5,4.5,0
flow_00.53,35.5,4.0,0
flow_30.62,83.0,4.0,0
flow_10.57,84.0,4.0,0
flow_30.63,84.0,4.0,0
flow_10.58,85.5,4.5,0
flow_30.64,83.0,4.0,0
flow_10.59,83.5,3.5,0
flow_10.60,75.0,4.0,0
flow_30.65,82.0,4.0,0
flow_30.66,79.0,4.0,0
flow_10.61,69.0,4.5,0
flow_30.67,61.5,4.5,0
flow_10.62,61.5,4.5,0
flow_10.63,52.5,4.0,0
flow_30.68,60.0,4.0,0
flow_20.70,83.5,4.5,0
flow_00.54,56.5,4.5,0
flow_00.55,50.0,4.0,0
flow_20.71,85.0,4.5,0
flow_00.56,46.0,3.5,0
flow_20.72,83.5,4.5,0
flow_00.57,44.5,4.0,0
flow_20.73,81.5,4.0,0
flow_00.58,37.5,4.0,0
flow_20.74,81.0,5.0,0
flow_00.59,36.0,3.5,0
flow_20.75,62.0,5.0,0
flow_00.60,35.5,4.0,0
flow_20.76,60.0,4.5,0
flow_30.69,83.0,4.0,0
flow_10.64,73.5,4.0,0
flow_10.65,67.5,4.0,0
flow_30.70,84.5,4.0,0
flow_30.71,83.0,4.0,0
flow_10.66,67.0,3.5,0
flow_30.72,72.5,4.5,0
flow_10.67,66.0,4.0,0
flow_30.73,62.5,4.0,0
flow_10.68,63.0,4.5,0
flow_30.74,60.0,4.5,0
flow_10.69,54.5,4.5,0
flow_30.75,39.0,4.0,0
flow_10.70,53.5,4.5,0
flow_00.61,60.5,4.0,0
flow_20.77,85.5,4.5,0
flow_00.62,60.0,4.0,0
flow_20.78,85.0,4.5,0
flow_00.63,58.5,3.5,0
flow_20.79,85.0,4.5,0
flow_00.64,45.5,4.0,0
flow_20.80,83.0,4.5,0
flow_00.65,30.0,4.0,0
flow_20.81,81.5,4.5,0
flow_20.82,62.0,4.0,0
flow_20.83,59.5,4.5,0
flow_30.76,63.0,4.0,0
flow_10.71,77.0,4.5,0
flow_30.77,60.0,4.0,0
flow_10.72,76.5,4.0,0
flow_10.73,75.0,4.0,0
flow_30.78,53.0,3.5,0
flow_10.74,62.5,4.0,0
flow_30.79,51.0,4.0,0
flow_10.75,61.5,4.5,0
flow_30.80,50.0,4.0,0
flow_10.76,59.5,4.0,0
flow_30.81,49.5,4.5,0
flow_10.77,58.5,4.5,0
flow_30.82,44.0,4.0,0
flow_00.66,38.0,4.0,0
flow_20.84,85.0,4.5,0
flow_20.85,83.0,3.5,0
flow_00.67,39.0,4.0,0
flow_20.86,83.0,3.5,0
flow_00.68,37.5,4.0,0
flow_20.87,82.0,4.0,0
flow_00.69,36.5,4.0,0
flow_00.70,34.5,3.5,0
flow_20.88,80.0,4.0,0
flow_00.71,33.0,4.0,0
flow_20.89,61.0,4.5,0
flow_20.90,59.0,4.5,0
flow_00.72,32.5,4.5,0
flow_10.78,66.5,4.0,0
flow_30.83,67.5,4.5,0
flow_10.79,54.5,4.0,0
flow_30.84,65.0,4.0,0
flow_10.80,53.5,3.5,0
flow_30.85,64.0,4.0,0
flow_10.81,49.0,3.5,0
flow_30.86,62.5,3.5,0
flow_30.87,60.5,4.0,0
flow_10.82,40.0,4.5,0
flow_30.88,56.5,4.0,0
flow_10.83,39.0,4.0,0
flow_30.89,45.5,4.0,0
flow_10.84,31.5,4.5,0
flow_00.73,56.5,4.5,0
flow_20.91,85.0,4.5,0
flow_00.74,52.0,3.5,0
flow_20.92,83.0,4.0,0
flow_00.75,35.5,3.5,0
flow_20.93,82.0,3.5,0
flow_00.76,35.5,3.5,0
flow_20.94,81.0,4.0,0
flow_20.95,79.5,4.0,0
flow_00.77,35.0,4.0,0
flow_00.78,31.0,4.5,0
flow_20.96,60.5,4.0,0
flow_20.97,58.5,4.0,0
flow_30.90,71.5,4.5,0
flow_10.85,53.0,4.5,0
flow_30.91,70.0,4.0,0
flow_10.86,44.0,4.0,0
flow_30.92,69.5,4.0,0
flow_10.87,43.5,4.0,0
flow_30.93,57.5,4.0,0
flow_10.88,37.5,4.0,0
flow_30.94,43.0,4.0,0
flow_10.89,35.0,4.0,0
flow_30.95,41.5,4.0,0
flow_10.90,24.5,3.0,0
flow_30.96,39.0,4.0,0
flow_20.98,84.0,4.5,0
flow_00.79,44.5,4.5,0
flow_00.80,32.5,4.0,0
flow_20.99,84.5,4.0,0
flow_20.100,83.0,4.0,0
flow_20.101,81.5,4.0,0
flow_20.102,79.0,4.0,0
flow_20.103,60.0,3.5,0
flow_00.81,25.5,3.5,0
flow_20.104,60.0,4.5,0
flow_30.97,65.5,4.0,0
flow_10.91,53.5,4.5,0
flow_30.98,64.5,4.0,0
flow_10.92,53.0,4.0,0
flow_30.99,63.5,3.5,0
flow_10.93,52.0,4.0,0
flow_10.94,50.5,3.5,0
flow_30.100,64.0,4.5,0
flow_10.95,26.5,4.0,0
flow_30.101,62.0,4.0,0
flow_30.102,60.0,4.0,0
flow_10.96,27.0,3.5,0
flow_30.103,58.0,4.0,0
flow_00.82,52.0,4.5,0
flow_20.105,84.5,4.5,0
flow_00.83,48.0,4.0,0
flow_20.106,84.0,4.0,0
flow_00.84,46.5,4.0,0
flow_20.107,82.5,4.0,0
flow_00.85,41.5,3.5,0
flow_20.108,81.0,3.5,0
flow_00.86,41.0,4.0,0
flow_20.109,80.0,4.0,0
flow_00.87,39.5,4.0,0
flow_20.110,60.5,4.0,0
flow_00.88,31.0,3.5,0
flow_20.111,58.0,4.0,0
flow_30.104,84.0,4.0,0
flow_10.97,52.0,4.5,0
flow_10.98,49.5,4.0,0
flow_30.105,84.5,4.0,0
flow_30.106,74.0,4.0,0
flow_10.99,45.0,4.5,0
flow_30.107,67.5,4.0,0
flow_10.100,42.5,4.5,0
flow_30.108,66.0,4.0,0
flow_10.101,37.0,4.0,0
flow_30.109,42.0,4.0,0
flow_10.102,24.5,3.0,0
flow_30.110,35.5,4.0,0
flow_00.89,57.0,4.0,0
flow_20.112,84.5,4.5,0
flow_00.90,56.5,3.5,0
flow_20.113,83.5,4.0,0
flow_00.91,27.5,4.0,0
flow_20.114,84.0,4.5,0
flow_00.92,25.5,3.5,0
flow_20.115,82.5,4.0,0
flow_20.116,81.0,4.5,0
flow_20.117,62.5,4.5,0
flow_20.118,60.0,4.5,0
flow_30.111,61.0,4.5,0
flow_10.103,28.0,4.0,0
flow_30.112,60.0,3.5,0
flow_10.104,24.5,3.0,0
flow_30.113,43.5,4.0,0
flow_30.114,43.5,4.0,0
flow_10.105,27.0,4.0,0
flow_30.115,42.5,4.5,0
flow_10.106,26.0,3.5,0
flow_30.116,41.0,4.5,0
flow_30.117,33.0,4.5,0
flow_00.93,51.5,4.0,0
flow_20.119,84.5,4.5,0
flow_00.94,47.5,4.0,0
flow_20.120,85.0,4.5,0
flow_00.95,47.5,4.0,0
flow_20.121,83.5,4.5,0
flow_20.122,82.0,4.0,0
flow_00.96,46.5,4.5,0
flow_20.123,79.5,4.0,0
flow_00.97,45.0,4.0,0
flow_20.124,60.5,4.0,0
flow_00.98,34.0,4.0,0
flow_20.125,58.0,4.0,0
flow_10.107,53.0,4.0,0
flow_30.118,56.5,4.5,0
flow_10.108,46.5,4.0,0
flow_30.119,54.5,4.0,0
flow_30.120,53.5,4.0,0
flow_10.109,41.0,4.5,0
flow_30.121,32.0,4.5,0
flow_10.110,39.5,4.5,0
flow_10.111,38.5,5.0,0
flow_10.112,37.5,4.5,0
flow_10.113,35.5,4.5,0
flow_00.99,42.0,4.5,0
flow_20.126,85.0,4.5,0
flow_00.100,30.0,4.0,0
flow_20.127,83.0,4.0,0
flow_00.101,29.0,4.0,0
flow_20.128,82.0,3.5,0
flow_00.102,28.0,4.0,0
flow_20.129,81.0,4.0,0
flow_00.103,26.5,4.0,0
flow_20.130,79.5,4.0,0
flow_20.131,61.5,4.0,0
flow_20.132,58.5,4.5,0
flow_30.122,52.5,4.0,0
flow_10.114,61.5,4.5,0
flow_30.123,53.0,4.0,0
flow_10.115,59.0,4.0,0
flow_30.124,50.5,3.5,0
flow_10.116,57.5,4.0,0
flow_30.125,49.5,4.0,0
flow_10.117,50.0,4.0,0
flow_10.118,46.5,4.0,0
flow_30.126,49.5,4.0,0
flow_30.127,48.0,4.5,0
flow_10.119,43.5,4.0,0
flow_10.120,42.0,4.5,0
flow_00.104,45.5,4.5,0
flow_20.133,85.0,4.5,0
flow_00.105,44.5,4.0,0
flow_20.134,83.5,4.0,0
flow_00.106,43.0,3.5,0
flow_20.135,82.5,4.0,0
flow_20.136,81.0,4.0,0
flow_00.107,32.5,4.0,0
flow_00.108,31.0,4.0,0
flow_20.137,79.5,4.0,0
flow_20.138,61.0,4.5,0
flow_00.109,31.0,4.5,0
flow_20.139,59.0,4.5,0
flow_00.110,28.0,4.5,0
flow_10.121,67.5,4.0,0
flow_30.128,41.5,4.5,0
flow_10.122,67.0,4.0,0
flow_30.129,41.0,4.0,0
flow_10.123,67.0,3.5,0
flow_30.130,40.5,4.0,0
flow_10.124,65.0,4.0,0
flow_30.131,39.0,4.5,0
flow_30.132,37.5,4.0,0
flow_10.125,63.5,4.0,0
flow_30.133,35.5,4.0,0
flow_10.126,60.0,4.0,0
flow_30.134,34.5,4.0,0
flow_10.127,52.5,4.0,0
flow_20.140,82.5,4.0,0
flow_00.111,52.0,4.5,0
flow_20.141,82.5,4.0,0
flow_00.112,52.0,4.0,0
flow_20.142,81.0,3.5,0
flow_00.113,50.5,4.0,0
flow_00.114,45.0,4.0,0
flow_20.143,81.5,4.0,0
flow_00.115,41.0,4.0,0
flow_20.144,79.5,4.5,0
flow_00.116,39.5,4.0,0
flow_20.145,60.5,4.0,0
flow_20.146,58.0,4.0,0
flow_00.117,38.5,4.0,0
flow_10.128,74.5,4.5,0
flow_30.135,61.0,4.5,0
flow_10.129,74.0,4.0,0
flow_30.136,60.5,4.0,0
flow_10.130,73.0,3.5,0
flow_30.137,57.0,4.0,0
flow_10.131,72.0,3.5,0
flow_30.138,46.5,3.5,0
flow_10.132,70.0,3.5,0
flow_30.139,35.5,4.0,0
flow_10.133,60.0,4.0,0
flow_30.140,33.5,4.0,0
flow_10.134,58.0,4.0,0
flow_30.141,31.0,4.0,0
flow_00.118,61.0,4.0,0
flow_20.147,84.0,4.5,0
flow_00.119,60.5,3.5,0
flow_20.148,84.5,4.0,0
flow_20.149,83.0,4.0,0
flow_00.120,62.0,4.5,0
flow_20.150,81.5,4.0,0
flow_00.121,60.5,4.0,0
flow_20.151,79.0,4.0,0
flow_00.122,54.0,4.5,0
flow_20.152,61.5,4.5,0
flow_00.123,39.0,4.5,0
flow_00.124,37.5,4.5,0
flow_20.153,60.5,4.5,0
flow_30.142,43.0,4.0,0
flow_10.135,84.0,4.5,0
flow_30.143,37.5,3.5,0
flow_10.136,83.5,4.0,0
flow_30.144,34.5,3.0,0
flow_10.137,82.0,4.0,0
flow_10.138,80.0,3.5,0
flow_30.145,30.5,3.5,0
flow_10.139,79.0,4.0,0
flow_10.140,60.5,4.5,0
flow_10.141,58.0,4.0,0
flow_00.125,52.0,4.5,0
flow_20.154,85.5,4.5,0
flow_00.126,52.0,4.0,0
flow_20.155,85.5,4.5,0
flow_00.127,50.5,4.0,0
flow_20.156,83.5,4.0,0
flow_00.128,45.5,3.5,0
flow_20.157,83.0,4.5,0
flow_00.129,41.5,4.0,0
flow_20.158,80.5,4.5,0
flow_00.130,27.5,3.5,0
flow_20.159,61.5,4.0,0
flow_20.160,59.0,4.0,0
flow_00.131,27.5,4.0,0
flow_10.142,85.0,4.5,0
flow_30.146,45.0,4.5,0
flow_30.147,43.5,3.5,0
flow_10.143,84.5,4.0,0
flow_30.148,43.5,4.0,0
flow_10.144,84.0,4.5,0
flow_10.145,82.0,4.0,0
flow_30.149,42.5,4.5,0
flow_30.150,41.0,4.0,0
flow_10.146,81.0,4.5,0
flow_30.151,39.0,4.5,0
flow_10.147,62.0,4.5,0
flow_30.152,38.0,4.0,0
flow_10.148,60.0,4.0,0
flow_00.132,51.5,4.5,0
flow_20.161,84.0,4.5,0
flow_20.162,83.0,4.0,0
flow_00.133,34.5,4.0,0
flow_00.134,31.5,4.0,0
flow_20.163,82.5,4.0,0
flow_00.135,26.5,3.5,0
flow_20.164,81.0,4.0,0
flow_00.136,25.5,3.5,0
flow_20.165,79.0,4.0,0
flow_20.166,60.0,4.0,0
flow_00.137,24.5,3.0,0
flow_20.167,53.5,4.0,0
flow_10.149,84.5,4.5,0
flow_30.153,65.0,5.0,0
flow_10.150,84.0,4.0,0
flow_30.154,63.0,4.0,0
flow_10.151,82.5,4.0,0
flow_30.155,61.5,4.0,0
flow_30.156,60.0,3.5,0
flow_10.152,82.0,4.0,0
flow_10.0,32.5,4.5,0
flow_30.0,26.0,3.5,0
flow_30.1,25.5,3.5,0
flow_10.1,27.0,4.0,0
flow_30.2,25.0,3.5,0
flow_10.2,26.0,3.5,0
flow_30.3,23.0,2.5,0
flow_10.3,25.0,3.5,0
flow_10.4,25.5,3.0,0
flow_20.0,48.5,4.0,0
flow_20.1,28.5,3.5,0
flow_10.5,52.5,4.5,0
flow_30.4,56.5,4.5,0
flow_10.6,52.0,4.0,0
flow_30.5,56.0,4.5,0
flow_10.7,42.5,4.0,0
flow_30.6,55.0,4.5,0
flow_30.7,53.0,4.0,0
flow_10.8,42.0,4.0,0
flow_30.8,48.0,3.5,0
flow_10.9,41.0,4.5,0
flow_30.9,47.0,4.0,0
flow_10.10,40.5,4.5,0
flow_30.10,33.0,4.5,0
flow_10.11,39.5,4.5,0
flow_20.2,36.5,4.5,0
flow_20.3,36.0,4.0,0
flow_20.4,34.5,4.0,0
flow_20.5,33.5,3.5,0
flow_20.6,25.0,3.5,0
flow_30.11,58.0,4.0,0
flow_10.12,56.0,4.5,0
flow_30.12,58.0,4.0,0
flow_10.13,55.0,4.0,0
flow_30.13,57.5,4.0,0
flow_10.14,43.5,4.0,0
flow_30.14,52.5,4.0,0
flow_10.15,41.0,4.0,0
flow_30.15,51.5,4.0,0
flow_10.16,36.0,4.0,0
flow_30.16,48.0,4.0,0
flow_10.17,29.5,4.0,0
flow_30.17,47.0,4.0,0
flow_10.18,28.5,4.5,0
flow_20.7,54.5,4.5,0
flow_20.8,53.5,4.0,0
flow_20.9,52.5,4.0,0
flow_20.10,52.0,4.0,0
flow_20.11,47.0,4.0,0
flow_20.12,45.5,3.5,0
flow_20.13,44.5,4.0,0
flow_30.18,65.0,4.0,0
flow_10.19,55.0,4.5,0
flow_30.19,56.0,4.0,0
flow_10.20,51.5,4.0,0
flow_30.20,55.0,4.0,0
flow_10.21,50.0,4.0,0
flow_10.22,39.5,4.0,0
flow_10.23,37.0,4.5,0
flow_10.24,30.5,4.0,0
flow_10.25,29.0,4.5,0
flow_20.14,63.0,4.0,0
flow_20.15,27.5,4.0,0
flow_20.16,26.5,4.0,0
flow_00.0,25.5,3.5,0
flow_20.17,26.0,3.5,0
flow_30.21,49.0,4.0,0
flow_10.26,42.5,4.5,0
flow_10.27,31.5,4.0,0
flow_30.22,47.0,4.0,0
flow_10.28,24.0,3.0,0
flow_30.23,42.5,4.0,0
flow_30.24,41.0,3.5,0
flow_10.29,24.5,3.0,0
flow_30.25,27.0,4.0,0
flow_10.30,25.0,3.5,0
flow_20.18,51.5,4.5,0
flow_00.1,28.0,4.0,0
flow_20.19,51.5,4.0,0
flow_20.20,50.5,4.0,0
flow_20.21,50.0,4.0,0
flow_00.2,25.5,3.5,0
flow_20.22,43.5,4.0,0
flow_20.23,41.5,4.0,0
flow_20.24,39.5,4.0,0
flow_30.26,51.0,4.0,0
flow_10.31,50.0,4.5,0
flow_30.27,50.5,3.5,0
flow_10.32,50.5,4.5,0
flow_30.28,46.0,4.0,0
flow_10.33,49.0,4.5,0
flow_30.29,44.5,4.0,0
flow_10.34,36.5,4.0,0
flow_30.30,43.0,3.5,0
flow_10.35,35.0,4.5,0
flow_30.31,31.5,4.0,0
flow_10.36,33.5,4.0,0
flow_10.37,32.0,4.0,0
flow_30.32,30.5,4.0,0
flow_00.3,43.0,4.0,0
flow_20.25,64.5,4.0,0
flow_20.26,63.5,3.5,0
flow_20.27,63.0,3.5,0
flow_20.28,62.0,4.0,0
flow_20.29,61.0,4.0,0
flow_20.30,59.0,4.0,0
flow_20.31,57.5,4.0,0
flow_30.33,48.5,4.5,0
flow_10.38,59.0,4.5,0
flow_30.34,47.0,4.0,0
flow_10.39,50.0,4.0,0
flow_30.35,42.5,4.0,0
flow_10.40,49.5,4.5,0
flow_10.41,38.0,4.0,0
flow_30.36,40.0,4.5,0
flow_10.42,36.5,3.5,0
flow_30.37,34.5,5.0,0
flow_10.43,35.0,4.0,0
flow_30.38,25.5,3.0,0
flow_10.44,34.0,4.5,0
flow_20.32,84.0,4.5,0
flow_20.33,83.0,4.0,0
flow_20.34,81.5,3.5,0
flow_20.35,80.0,4.0,0
flow_20.36,78.5,4.0,0
flow_00.4,26.5,3.5,0
flow_20.37,60.5,4.0,0
flow_20.38,58.0,4.0,0
flow_10.45,55.5,4.0,0
flow_30.39,51.0,4.5,0
flow_30.40,50.0,4.0,0
flow_10.46,44.0,4.0,0
flow_30.41,46.0,4.0,0
flow_10.47,44.0,4.5,0
flow_30.42,45.5,4.0,0
flow_10.48,42.0,4.0,0
flow_30.43,44.5,4.0,0
flow_30.44,34.0,4.5,0
flow_10.49,43.5,4.5,0
flow_10.50,41.5,5.0,0
flow_10.51,40.0,5.0,0
flow_00.5,54.0,4.5,0
flow_20.39,84.5,4.5,0
flow_20.40,83.5,3.5,0
flow_00.6,43.5,4.0,0
flow_20.41,81.5,3.5,0
flow_00.7,43.0,4.5,0
flow_20.42,82.0,4.0,0
flow_20.43,79.5,4.0,0
flow_20.44,60.0,4.0,0
flow_20.45,57.5,3.5,0
flow_30.45,35.0,4.5,0
flow_10.52,63.5,4.5,0
flow_10.53,62.5,4.0,0
flow_30.46,31.5,4.0,0
flow_30.47,28.5,4.0,0
flow_10.54,64.0,4.5,0
flow_30.48,27.0,3.5,0
flow_10.55,62.0,4.5,0
flow_10.56,58.5,4.0,0
flow_10.57,57.0,4.5,0
flow_10.58,55.0,4.0,0
flow_00.8,47.0,4.0,0
flow_20.46,85.0,4.5,0
flow_00.9,37.0,4.0,0
flow_20.47,84.0,4.0,0
flow_20.48,82.5,3.5,0
flow_20.49,81.5,4.0,0
flow_20.50,79.0,4.0,0
flow_20.51,60.5,4.0,0
flow_20.52,58.0,4.0,0
flow_10.59,80.0,4.5,0
flow_30.49,49.5,4.5,0
flow_30.50,34.0,4.0,0
flow_10.60,80.0,4.0,0
flow_30.51,25.0,3.5,0
flow_10.61,79.5,4.5,0
flow_10.62,77.5,4.0,0
flow_10.63,75.5,4.0,0
flow_10.64,58.0,4.0,0
flow_10.65,47.0,4.0,0
flow_20.53,84.0,4.0,0
flow_20.54,82.5,3.5,0
flow_20.55,82.0,3.5,0
flow_20.56,80.5,4.0,0
flow_20.57,78.5,3.5,0
flow_20.58,60.5,4.0,0
flow_20.59,58.0,4.0,0
flow_30.52,38.0,4.5,0
flow_10.66,72.5,4.5,0
flow_10.67,72.0,4.0,0
flow_30.53,29.0,4.0,0
flow_10.68,70.5,4.0,0
flow_10.69,72.0,4.5,0
flow_30.54,26.5,3.5,0
flow_10.70,70.0,4.5,0
flow_10.71,63.0,5.0,0
flow_10.72,60.0,5.0,0
flow_20.60,83.0,4.0,0
flow_00.10,42.0,4.5,0
flow_20.61,82.5,3.5,0
flow_00.11,41.5,4.5,0
flow_20.62,82.0,3.5,0
flow_00.12,30.5,4.0,0
flow_20.63,80.0,3.5,0
flow_20.64,70.5,3.5,0
flow_20.65,60.5,4.0,0
flow_20.66,58.0,3.5,0
flow_30.55,50.5,4.5,0
flow_10.73,84.0,4.5,0
flow_30.56,49.5,3.5,0
flow_10.74,84.0,4.0,0
flow_10.75,82.5,4.0,0
flow_10.76,81.0,4.0,0
flow_30.57,24.0,3.0,0
flow_10.77,80.0,4.5,0
flow_10.78,61.5,4.0,0
flow_10.79,59.0,4.5,0
flow_20.67,84.0,4.0,0
flow_00.13,47.5,4.5,0
flow_20.68,83.0,3.5,0
flow_00.14,30.0,4.0,0
flow_20.69,82.5,4.0,0
flow_20.70,81.0,4.0,0
flow_20.71,70.5,4.0,0
flow_20.72,46.0,4.5,0
flow_20.73,41.0,4.5,0
flow_10.80,83.5,4.0,0
flow_30.58,42.0,4.0,0
flow_30.59,38.0,3.5,0
flow_10.81,83.5,4.0,0
flow_30.60,37.5,3.5,0
flow_10.82,83.0,4.0,0
flow_30.61,37.0,4.0,0
flow_10.83,82.0,4.0,0
flow_10.84,80.0,4.0,0
flow_10.85,61.5,4.0,0
flow_10.86,59.5,4.0,0
flow_20.74,62.0,4.0,0
flow_00.15,52.0,4.5,0
flow_20.75,61.5,3.5,0
flow_00.16,52.0,4.0,0
flow_20.76,62.5,4.0,0
flow_00.17,37.0,4.5,0
flow_20.77,61.0,3.5,0
flow_00.18,35.0,4.0,0
flow_20.78,55.5,4.0,0
flow_00.19,32.5,4.5,0
flow_00.20,28.5,4.0,0
flow_20.79,52.0,4.5,0
flow_20.80,50.5,4.5,0
flow_10.87,83.5,4.0,0
flow_30.62,53.0,4.5,0
flow_10.88,82.5,3.5,0
flow_30.63,30.5,4.5,0
flow_10.89,82.0,4.0,0
flow_10.90,81.0,3.5,0
flow_10.91,79.0,4.0,0
flow_30.64,25.0,3.0,0
flow_10.92,61.0,4.0,0
flow_10.93,58.0,4.0,0
flow_20.81,71.0,4.0,0
flow_00.21,34.5,4.5,0
flow_20.82,71.0,4.0,0
flow_20.83,65.0,3.5,0
flow_20.84,56.0,3.5,0
flow_20.85,49.0,4.0,0
flow_20.86,47.5,4.0,0
flow_20.87,46.0,4.0,0
flow_30.65,44.0,4.5,0
flow_10.94,84.5,4.5,0
flow_30.66,44.0,4.0,0
flow_10.95,83.5,4.0,0
flow_10.96,82.0,4.0,0
flow_30.67,43.0,4.0,0
flow_30.68,41.5,4.0,0
flow_10.97,81.0,3.5,0
flow_30.69,39.5,4.0,0
flow_10.98,79.5,4.0,0
flow_10.99,61.0,4.0,0
flow_30.70,25.0,3.0,0
flow_10.100,58.5,4.0,0
flow_00.22,25.5,3.5,0
flow_20.88,67.5,4.5,0
flow_20.89,62.5,4.0,0
flow_20.90,61.0,3.5,0
flow_20.91,57.5,4.0,0
flow_00.23,25.5,3.5,0
flow_20.92,46.0,4.0,0
flow_20.93,33.5,4.0,0
flow_20.94,29.0,4.0,0
flow_30.71,51.0,4.5,0
flow_10.101,84.5,4.5,0
flow_10.102,83.5,4.0,0
flow_30.72,51.0,4.0,0
flow_30.73,45.0,4.0,0
flow_10.103,82.5,4.0,0
flow_30.74,44.5,3.5,0
flow_10.104,81.5,4.0,0
flow_30.75,43.5,4.0,0
flow_10.105,80.0,4.0,0
flow_10.106,61.0,4.0,0
flow_30.76,42.5,4.5,0
flow_10.107,58.0,4.0,0
flow_30.77,41.0,4.0,0
flow_00.24,47.5,4.0,0
flow_20.95,53.5,4.5,0
flow_20.96,52.0,3.5,0
flow_00.25,33.0,4.0,0
flow_20.97,51.5,3.5,0
flow_20.98,51.0,4.0,0
flow_20.99,45.0,4.0,0
flow_20.100,30.0,4.0,0
flow_20.101,29.0,4.5,0
flow_10.108,84.0,4.5,0
flow_30.78,66.5,4.5,0
flow_30.79,65.5,3.5,0
flow_10.109,83.0,4.0,0
flow_30.80,45.5,4.0,0
flow_10.110,83.5,4.5,0
flow_30.81,43.5,3.5,0
flow_10.111,82.5,4.5,0
flow_30.82,39.5,4.0,0
flow_10.112,80.0,4.0,0
flow_30.83,28.0,4.0,0
flow_10.113,61.5,4.5,0
flow_30.84,26.5,4.0,0
flow_10.114,59.0,4.0,0
flow_20.102,39.0,4.5,0
flow_20.103,34.5,4.5,0
flow_00.26,24.5,3.0,0
flow_20.104,33.0,4.0,0
flow_20.105,31.0,4.5,0
flow_20.106,25.5,3.5,0
flow_10.115,83.5,4.0,0
flow_30.85,46.5,4.5,0
flow_10.116,83.5,4.0,0
flow_30.86,45.0,4.0,0
flow_10.117,82.0,4.0,0
flow_30.87,44.0,4.0,0
flow_10.118,80.5,3.5,0
flow_30.88,34.5,4.0,0
flow_10.119,78.5,4.0,0
flow_30.89,34.0,4.5,0
flow_10.120,61.0,3.5,0
flow_30.90,33.5,4.5,0
flow_10.121,58.0,4.0,0
flow_30.91,31.5,4.5,0
flow_20.107,54.0,4.5,0
flow_20.108,51.0,4.0,0
flow_20.109,47.0,4.0,0
flow_20.110,45.5,3.5,0
flow_20.111,44.0,4.0,0
flow_20.112,33.5,4.0,0
flow_30.92,27.5,4.0,0
flow_10.122,84.5,4.5,0
flow_30.93,27.5,4.0,0
flow_10.123,83.5,4.0,0
flow_10.124,83.5,4.5,0
flow_10.125,82.0,4.0,0
flow_10.126,80.0,4.0,0
flow_30.94,25.5,3.5,0
flow_10.127,61.5,4.0,0
flow_10.128,58.5,4.0,0
flow_00.27,53.0,4.0,0
flow_20.113,48.5,4.5,0
flow_20.114,48.0,3.5,0
flow_20.115,46.5,3.5,0
flow_20.116,46.0,4.0,0
flow_20.117,44.5,3.5,0
flow_20.118,43.0,4.0,0
flow_20.119,42.5,4.5,0
flow_10.129,83.5,4.0,0
flow_30.95,45.5,4.5,0
flow_30.96,44.5,3.5,0
flow_10.130,84.0,4.0,0
flow_30.97,44.0,3.5,0
flow_10.131,82.5,4.0,0
flow_30.98,43.5,3.5,0
flow_10.132,81.5,4.0,0
flow_30.99,42.0,4.0,0
flow_10.133,80.5,4.5,0
flow_30.100,40.0,4.0,0
flow_10.134,62.5,4.5,0
flow_30.101,39.0,4.0,0
flow_10.135,60.0,4.5,0
flow_20.120,68.0,4.0,0
flow_00.28,47.5,4.5,0
flow_00.29,40.0,4.0,0
flow_20.121,49.0,3.5,0
flow_20.122,48.5,3.5,0
flow_00.30,25.5,3.0,0
flow_20.123,47.5,4.0,0
flow_20.124,46.5,4.0,0
flow_00.31,24.5,3.0,0
flow_20.125,45.0,4.0,0
flow_20.126,43.0,4.5,0
flow_10.136,84.0,4.5,0
flow_30.102,65.5,4.5,0
flow_10.137,83.0,4.0,0
flow_30.103,60.0,4.0,0
flow_10.138,82.5,4.0,0
flow_30.104,44.5,4.0,0
flow_30.105,40.5,3.5,0
flow_10.139,81.5,4.0,0
flow_10.140,79.0,4.0,0
flow_30.106,33.5,4.0,0
flow_10.141,61.0,4.0,0
flow_30.107,32.0,4.0,0
flow_10.142,58.5,4.0,0
flow_30.108,31.0,4.0,0
flow_20.127,68.0,4.0,0
flow_20.128,63.0,4.0,0
flow_20.129,63.5,3.5,0
flow_20.130,62.5,4.0,0
flow_20.131,50.0,4.0,0
flow_20.132,49.0,4.5,0
flow_20.133,43.0,4.0,0
flow_10.143,84.5,4.5,0
flow_30.109,59.0,5.0,0
flow_10.144,83.5,4.0,0
flow_30.110,57.5,4.5,0
flow_10.145,83.5,4.5,0
flow_30.111,56.0,4.5,0
flow_10.146,82.0,4.0,0
flow_30.112,55.5,4.5,0
flow_10.147,79.5,4.0,0
flow_30.113,53.5,4.0,0
flow_10.148,61.5,4.0,0
flow_30.114,46.5,4.5,0
flow_10.149,58.5,4.5,0
flow_30.115,33.5,4.5,0
flow_00.32,35.0,4.0,0
flow_20.134,69.0,4.5,0
flow_00.33,29.5,4.0,0
flow_20.135,69.0,4.5,0
flow_00.34,27.0,4.0,0
flow_20.136,67.5,4.0,0
flow_20.137,65.5,4.0,0
flow_00.35,27.0,4.0,0
flow_20.138,64.0,4.0,0
flow_00.36,26.0,3.5,0
flow_20.139,61.0,4.5,0
flow_00.37,26.5,4.0,0
flow_20.140,59.5,4.0,0
flow_10.150,84.0,4.5,0
flow_30.116,53.5,4.5,0
flow_10.151,82.5,3.5,0
flow_30.117,35.5,4.0,0
flow_10.152,81.5,3.5,0
flow_30.118,34.5,4.0,0
flow_10.153,81.0,3.5,0
flow_30.119,24.5,3.0,0
flow_10.154,78.5,3.5,0
flow_10.155,60.0,4.0,0
flow_30.120,26.5,3.5,0
flow_10.156,57.5,3.5,0
flow_20.141,83.5,4.0,0
flow_00.38,52.0,4.0,0
flow_20.142,84.0,4.0,0
flow_20.143,79.5,4.0,0
flow_20.144,75.0,4.0,0
flow_20.145,74.0,4.0,0
flow_20.146,55.0,4.0,0
flow_00.39,25.0,3.0,0
flow_20.147,47.5,4.0,0
flow_30.121,49.0,4.0,0
flow_10.157,84.0,4.5,0
flow_30.122,44.0,3.5,0
flow_10.158,83.0,4.0,0
flow_30.123,43.5,3.5,0
flow_10.159,82.0,4.0,0
flow_30.124,39.5,3.5,0
flow_10.160,81.5,4.0,0
flow_10.161,79.0,4.0,0
flow_30.125,38.5,4.0,0
flow_30.126,36.5,4.0,0
flow_10.162,61.0,4.0,0
flow_30.127,35.5,4.0,0
flow_10.163,58.0,4.0,0
flow_20.148,72.0,4.0,0
flow_00.40,53.5,4.5,0
flow_20.149,70.5,4.0,0
flow_20.150,69.5,3.5,0
flow_20.151,59.0,3.5,0
flow_20.152,58.5,4.0,0
flow_20.153,56.5,4.0,0
flow_20.154,48.5,4.5,0
flow_10.164,84.0,4.5,0
flow_30.128,64.0,5.0,0
flow_10.165,83.5,4.0,0
flow_30.129,62.0,4.0,0
flow_30.130,55.5,4.0,0
flow_10.166,83.5,4.5,0
flow_30.131,49.0,3.5,0
flow_10.167,82.0,4.0,0
flow_20.0,24.5,3.0,0
flow_00.0,26.0,3.5,0
flow_10.0,33.0,4.0,0
flow_30.0,36.0,4.5,0
flow_10.1,32.0,4.0,0
flow_30.1,36.5,4.5,0
flow_30.2,34.0,4.0,0
flow_30.3,28.0,4.5,0
flow_30.4,26.5,4.0,0
flow_10.2,24.5,3.0,0
flow_30.5,26.0,3.5,0
flow_20.1,55.0,4.5,0
flow_00.1,54.5,4.5,0
flow_20.2,54.5,4.0,0
flow_00.2,46.0,4.0,0
flow_00.3,36.5,4.0,0
flow_20.3,54.0,4.0,0
flow_20.4,53.5,4.5,0
flow_00.4,27.5,4.0,0
flow_20.5,52.0,4.0,0
flow_00.5,26.5,3.5,0
flow_20.6,50.5,4.5,0
flow_00.6,25.0,3.5,0
flow_20.7,50.5,4.5,0
flow_10.3,53.0,4.5,0
flow_30.6,54.5,4.0,0
flow_10.4,42.5,4.0,0
flow_30.7,54.0,4.0,0
flow_30.8,52.5,4.0,0
flow_10.5,26.5,3.5,0
flow_30.9,51.0,4.0,0
flow_30.10,50.5,4.0,0
flow_30.11,35.5,4.0,0
flow_30.12,34.0,4.0,0
flow_20.8,74.0,4.5,0
flow_00.7,50.0,4.0,0
flow_00.8,49.5,3.5,0
flow_20.9,74.0,4.0,0
flow_20.10,65.0,4.0,0
flow_00.9,43.5,4.0,0
flow_20.11,61.0,4.0,0
flow_00.10,42.5,4.0,0
flow_20.12,59.0,4.0,0
flow_00.11,37.0,4.0,0
flow_20.13,49.5,4.0,0
flow_00.12,30.5,4.5,0
flow_20.14,45.5,4.0,0
flow_00.13,29.0,4.0,0
flow_10.6,35.0,4.5,0
flow_30.13,60.5,5.0,0
flow_30.14,50.5,4.0,0
flow_30.15,46.0,4.0,0
flow_10.7,24.5,3.0,0
flow_30.16,38.5,4.0,0
flow_30.17,27.0,4.0,0
flow_10.8,23.0,2.5,0
flow_30.18,23.5,3.0,0
flow_00.14,54.0,4.0,0
flow_20.15,70.5,4.5,0
flow_20.16,70.0,4.0,0
flow_00.15,54.0,4.0,0
flow_20.17,69.0,4.0,0
flow_00.16,52.5,4.0,0
flow_20.18,67.5,3.5,0
flow_00.17,46.0,4.0,0
flow_20.19,56.0,4.0,0
flow_00.18,45.0,4.0,0
flow_20.20,34.5,3.5,0
flow_00.19,44.0,4.0,0
flow_00.20,43.0,4.0,0
flow_30.19,47.5,4.5,0
flow_10.9,50.0,4.5,0
flow_30.20,47.5,4.0,0
flow_10.10,36.5,4.5,0
flow_30.21,46.5,4.0,0
flow_30.22,45.5,4.0,0
flow_30.23,44.5,4.0,0
flow_30.24,42.5,4.5,0
flow_30.25,31.5,4.0,0
flow_00.21,65.0,4.5,0
flow_20.21,52.5,4.5,0
flow_00.22,64.5,4.0,0
flow_20.22,52.0,4.0,0
flow_00.23,63.5,4.0,0
flow_20.23,51.0,4.0,0
flow_00.24,62.5,3.5,0
flow_20.24,48.0,4.0,0
flow_00.25,61.0,4.0,0
flow_20.25,46.5,4.5,0
flow_20.26,42.0,4.0,0
flow_00.26,55.5,4.5,0
flow_00.27,26.5,4.0,0
flow_20.27,41.0,4.0,0
flow_10.11,45.0,4.0,0
flow_30.26,56.5,4.0,0
flow_30.27,55.5,4.0,0
flow_10.12,45.5,4.0,0
flow_30.28,55.0,3.5,0
flow_30.29,47.5,4.0,0
flow_10.13,23.5,3.0,0
flow_30.30,44.0,4.0,0
flow_30.31,32.0,4.0,0
flow_30.32,31.0,4.5,0
flow_00.28,46.0,4.0,0
flow_20.28,66.5,4.5,0
flow_20.29,64.5,4.0,0
flow_00.29,47.0,4.0,0
flow_20.30,63.5,4.0,0
flow_00.30,46.5,4.0,0
flow_00.31,45.0,4.0,0
flow_20.31,55.0,4.0,0
flow_00.32,44.0,4.0,0
flow_20.32,53.5,4.0,0
flow_00.33,40.5,3.5,0
flow_20.33,46.5,4.0,0
flow_00.34,38.5,4.0,0
flow_20.34,40.5,4.5,0
flow_30.33,48.5,4.5,0
flow_30.34,49.0,4.0,0
flow_30.35,47.5,4.0,0
flow_30.36,27.0,4.0,0
flow_00.35,47.5,4.5,0
flow_20.35,47.0,4.5,0
flow_20.36,42.0,4.0,0
flow_00.36,46.0,4.0,0
flow_00.37,40.5,4.0,0
flow_00.38,39.5,4.0,0
flow_20.37,24.0,3.0,0
flow_00.39,38.0,4.0,0
flow_00.40,35.0,4.0,0
flow_00.41,32.0,4.0,0
flow_30.37,48.0,4.5,0
flow_10.14,45.0,4.5,0
flow_30.38,41.5,4.0,0
flow_30.39,40.5,4.0,0
flow_30.40,38.0,4.0,0
flow_30.41,37.0,4.5,0
flow_30.42,36.0,4.5,0
flow_30.43,34.5,4.0,0
flow_00.42,51.0,4.0,0
flow_20.38,53.0,4.5,0
flow_20.39,52.0,4.0,0
flow_00.43,42.5,3.5,0
flow_20.40,51.5,4.0,0
flow_00.44,38.5,3.5,0
flow_20.41,44.5,4.0,0
flow_00.45,32.5,4.0,0
flow_20.42,40.5,4.0,0
flow_20.43,31.5,4.5,0
flow_00.46,29.0,4.5,0
flow_20.44,29.5,4.5,0
flow_00.47,27.5,4.0,0
flow_30.44,56.0,4.0,0
flow_10.15,40.5,4.5,0
flow_30.45,57.0,4.0,0
flow_30.46,55.5,4.0,0
flow_30.47,53.5,4.0,0
flow_30.48,52.0,3.5,0
flow_30.49,47.5,4.0,0
flow_30.50,39.0,4.0,0
flow_00.48,51.5,4.5,0
flow_20.45,45.5,4.5,0
flow_00.49,49.5,4.0,0
flow_20.46,38.5,4.0,0
flow_20.47,37.0,4.0,0
flow_00.50,38.5,4.0,0
flow_00.51,33.0,4.5,0
flow_20.48,37.5,4.0,0
flow_00.52,27.0,4.0,0
flow_00.53,25.5,3.5,0
flow_20.49,26.0,3.5,0
flow_30.51,64.0,4.5,0
flow_30.52,63.5,4.0,0
flow_30.53,62.5,4.0,0
flow_30.54,63.5,4.5,0
flow_30.55,53.5,4.5,0
flow_10.16,24.5,3.0,0
flow_30.56,52.0,4.5,0
flow_30.57,48.5,4.5,0
flow_20.50,52.5,4.0,0
flow_00.54,53.0,4.0,0
flow_20.51,53.5,4.0,0
flow_00.55,49.0,4.0,0
flow_20.52,52.5,4.0,0
flow_00.56,48.5,4.5,0
flow_20.53,51.5,4.0,0
flow_00.57,35.0,4.0,0
flow_20.54,49.5,4.0,0
flow_00.58,32.5,4.0,0
flow_00.59,30.5,3.5,0
flow_20.55,45.0,4.0,0
flow_00.60,27.0,4.0,0
flow_20.56,32.5,4.5,0
flow_30.58,71.5,4.5,0
flow_10.17,26.0,3.5,0
flow_30.59,70.0,4.0,0
flow_30.60,68.5,3.5,0
flow_30.61,63.0,4.0,0
flow_30.62,61.5,4.0,0
flow_30.63,59.5,4.0,0
flow_30.64,57.5,4.5,0
flow_00.61,53.0,4.5,0
flow_20.57,53.0,4.5,0
flow_00.62,46.0,3.5,0
flow_20.58,47.0,4.5,0
flow_00.63,46.0,4.0,0
flow_20.59,41.5,4.5,0
flow_00.64,40.0,4.0,0
flow_20.60,40.0,4.0,0
flow_00.65,39.0,4.5,0
flow_20.61,35.0,4.0,0
flow_00.66,38.5,4.5,0
flow_00.67,36.5,4.5,0
flow_30.65,84.0,4.5,0
flow_10.18,50.5,4.0,0
flow_30.66,76.0,4.0,0
flow_30.67,74.5,4.0,0
flow_30.68,63.0,3.5,0
flow_30.69,50.0,4.0,0
flow_30.70,48.0,3.5,0
flow_10.19,24.5,3.0,0
flow_30.71,46.0,4.0,0
flow_00.68,61.0,4.5,0
flow_20.62,51.0,4.5,0
flow_00.69,54.0,4.0,0
flow_20.63,49.5,4.0,0
flow_00.70,53.5,4.0,0
flow_20.64,42.5,4.0,0
flow_20.65,41.0,4.0,0
flow_00.71,25.0,3.0,0
flow_20.66,40.0,4.5,0
flow_20.67,38.0,4.0,0
flow_20.68,37.5,4.5,0
flow_30.72,63.5,4.5,0
flow_10.20,53.0,4.5,0
flow_30.73,62.5,3.5,0
flow_10.21,41.0,4.0,0
flow_30.74,59.0,3.5,0
flow_10.22,26.5,4.0,0
flow_30.75,58.0,4.0,0
flow_10.23,23.5,3.0,0
flow_30.76,50.5,3.5,0
flow_30.77,48.5,4.0,0
flow_30.78,44.0,4.5,0
flow_00.72,41.5,4.0,0
flow_20.69,62.5,4.5,0
flow_00.73,40.5,3.5,0
flow_20.70,62.0,4.0,0
flow_20.71,59.0,4.0,0
flow_00.74,37.0,4.0,0
flow_20.72,49.5,4.0,0
flow_00.75,33.5,4.5,0
flow_00.76,30.0,4.0,0
flow_20.73,49.5,4.5,0
flow_00.77,26.0,3.5,0
flow_20.74,48.0,4.0,0
flow_00.78,25.0,3.5,0
flow_20.75,47.0,4.5,0
flow_30.79,60.5,4.5,0
flow_30.80,58.5,4.0,0
flow_30.81,57.5,4.0,0
flow_30.82,56.0,4.0,0
flow_30.83,51.0,3.5,0
flow_30.84,50.0,4.0,0
flow_30.85,49.5,4.5,0
flow_00.79,51.0,4.5,0
flow_20.76,72.0,4.5,0
flow_00.80,50.0,3.5,0
flow_20.77,63.0,4.0,0
flow_00.81,49.5,4.0,0
flow_20.78,55.5,4.0,0
flow_00.82,48.0,3.5,0
flow_20.79,55.0,4.0,0
flow_00.83,47.0,4.0,0
flow_20.80,53.5,4.0,0
flow_00.84,38.5,4.0,0
flow_20.81,52.5,4.0,0
flow_00.85,36.5,3.5,0
flow_20.82,49.0,4.0,0
flow_10.24,44.0,4.0,0
flow_30.86,72.5,4.0,0
flow_10.25,44.5,4.0,0
flow_30.87,70.0,4.0,0
flow_10.26,37.0,4.0,0
flow_30.88,64.5,4.0,0
flow_30.89,63.0,4.0,0
flow_10.27,28.0,4.0,0
flow_30.90,49.5,3.5,0
flow_30.91,42.0,4.0,0
flow_30.92,34.5,4.5,0
flow_00.86,63.5,4.5,0
flow_20.83,75.0,4.5,0
flow_20.84,74.0,4.0,0
flow_00.87,63.0,4.0,0
flow_20.85,72.5,3.5,0
flow_00.88,62.0,4.0,0
flow_00.89,60.0,3.5,0
flow_20.86,73.0,4.0,0
flow_00.90,59.5,4.0,0
flow_20.87,71.0,4.5,0
flow_00.91,55.0,4.5,0
flow_20.88,61.5,4.0,0
flow_00.92,46.0,4.5,0
flow_20.89,58.5,4.5,0
flow_30.93,61.0,4.5,0
flow_30.94,59.5,4.0,0
flow_30.95,42.0,4.0,0
flow_30.96,34.5,4.0,0
flow_30.97,27.0,4.0,0
flow_00.93,71.0,4.0,0
flow_20.90,84.0,4.5,0
flow_20.91,83.0,4.0,0
flow_00.94,58.0,4.0,0
flow_20.92,82.0,4.0,0
flow_00.95,57.0,4.0,0
flow_20.93,81.5,4.0,0
flow_00.96,55.0,4.0,0
flow_20.94,79.0,4.0,0
flow_00.97,39.5,4.5,0
flow_20.95,61.0,4.0,0
flow_00.98,38.0,4.5,0
flow_20.96,58.5,4.0,0
flow_00.99,36.5,4.0,0
flow_10.28,31.5,4.0,0
flow_30.98,51.5,4.5,0
flow_30.99,48.5,3.5,0
flow_30.100,47.0,4.0,0
flow_30.101,44.0,4.5,0
flow_30.102,42.5,4.0,0
flow_30.103,39.0,4.5,0
flow_30.104,38.0,4.0,0
flow_00.100,61.0,4.5,0
flow_20.97,84.5,4.5,0
flow_00.101,61.5,4.0,0
flow_20.98,84.0,4.0,0
flow_00.102,59.5,4.0,0
flow_20.99,82.5,4.0,0
flow_00.103,45.0,4.0,0
flow_20.100,82.0,4.0,0
flow_00.104,43.0,4.5,0
flow_20.101,79.5,4.5,0
flow_00.105,40.5,4.0,0
flow_20.102,62.5,4.5,0
flow_00.106,36.0,4.5,0
flow_20.103,59.5,4.0,0
flow_10.29,53.0,4.5,0
flow_30.105,51.5,4.0,0
flow_30.106,50.5,3.5,0
flow_10.30,48.5,4.0,0
flow_30.107,50.0,3.5,0
flow_10.31,35.0,4.0,0
flow_30.108,30.0,4.0,0
flow_10.32,24.5,3.0,0
flow_30.109,26.0,3.5,0
flow_30.110,23.5,3.0,0
flow_00.107,47.0,4.0,0
flow_20.104,85.0,4.5,0
flow_20.105,83.5,4.0,0
flow_20.106,76.5,4.0,0
flow_00.108,24.0,3.0,0
flow_20.107,74.5,4.0,0
flow_00.109,25.0,3.5,0
flow_20.108,73.5,4.0,0
flow_20.109,61.0,4.0,0
flow_20.110,59.5,4.5,0
flow_00.110,29.0,4.0,0
flow_30.111,47.0,4.0,0
flow_10.33,43.5,4.5,0
flow_30.112,35.5,4.0,0
flow_10.34,26.5,3.5,0
flow_30.113,35.0,4.0,0
flow_10.35,27.0,4.0,0
flow_10.36,24.5,3.0,0
flow_00.111,52.0,4.0,0
flow_20.111,84.0,4.5,0
flow_20.112,83.0,4.0,0
flow_00.112,53.5,4.0,0
flow_20.113,83.0,4.0,0
flow_00.113,52.0,4.0,0
flow_20.114,81.5,4.0,0
flow_00.114,50.5,4.0,0
flow_20.115,79.5,4.5,0
flow_20.116,61.0,4.0,0
flow_00.115,37.0,4.5,0
flow_00.116,35.0,5.0,0
flow_20.117,59.0,4.5,0
flow_30.114,42.0,4.5,0
flow_10.37,42.0,4.5,0
flow_30.115,42.0,4.0,0
flow_30.116,40.5,4.0,0
flow_30.117,39.5,4.5,0
flow_30.118,38.0,4.0,0
flow_30.119,36.0,4.0,0
flow_30.120,35.0,4.0,0
flow_00.117,48.5,4.0,0
flow_20.118,83.5,4.0,0
flow_00.118,48.5,4.0,0
flow_20.119,83.5,4.0,0
flow_00.119,48.0,4.0,0
flow_20.120,83.0,4.0,0
flow_00.120,48.0,4.0,0
flow_20.121,82.5,4.5,0
flow_20.122,80.0,4.0,0
flow_00.121,45.5,5.0,0
flow_00.122,44.0,4.5,0
flow_20.123,62.5,4.5,0
flow_00.123,42.5,4.5,0
flow_20.124,60.0,4.5,0
flow_30.121,61.0,4.0,0
flow_30.122,61.0,4.0,0
flow_30.123,59.0,3.5,0
flow_30.124,58.0,4.0,0
flow_30.125,56.5,4.0,0
flow_30.126,56.0,4.0,0
flow_30.127,54.5,4.0,0
flow_20.125,84.0,4.5,0
flow_00.124,68.5,4.5,0
flow_00.125,67.0,4.0,0
flow_20.126,83.5,4.0,0
flow_20.127,83.0,4.0,0
flow_00.126,66.5,4.0,0
flow_00.127,64.5,4.0,0
flow_20.128,81.5,4.0,0
flow_00.128,50.0,4.0,0
flow_20.129,75.5,4.0,0
flow_20.130,61.5,4.0,0
flow_00.129,50.0,4.0,0
flow_20.131,58.5,4.5,0
flow_00.130,34.0,4.0,0
flow_30.128,79.5,4.0,0
flow_10.38,53.0,4.0,0
flow_30.129,79.0,3.5,0
flow_10.39,53.5,4.0,0
flow_30.130,77.5,3.5,0
flow_10.40,49.0,4.0,0
flow_30.131,55.5,4.0,0
flow_10.41,47.5,4.0,0
flow_30.132,56.5,4.0,0
flow_30.133,54.5,4.5,0
flow_30.134,53.0,4.0,0
flow_00.131,55.5,4.5,0
flow_20.132,84.5,4.5,0
flow_20.133,83.0,4.0,0
flow_00.132,55.0,3.5,0
flow_00.133,53.5,3.5,0
flow_20.134,77.5,4.0,0
flow_00.134,46.0,4.0,0
flow_20.135,77.0,4.0,0
flow_00.135,45.0,3.5,0
flow_20.136,73.0,4.0,0
flow_00.136,44.0,4.0,0
flow_20.137,54.0,4.0,0
flow_00.137,43.0,4.0,0
flow_20.138,52.0,4.5,0
flow_30.135,79.5,4.5,0
flow_30.136,78.0,4.0,0
flow_30.137,75.5,4.0,0
flow_30.138,32.0,4.0,0
flow_10.42,24.5,3.0,0
flow_30.139,30.0,4.0,0
flow_30.140,25.5,3.5,0
flow_00.138,68.5,4.0,0
flow_20.139,69.0,4.0,0
flow_00.139,68.0,4.0,0
flow_20.140,69.5,4.0,0
flow_00.140,67.5,4.0,0
flow_20.141,53.5,4.0,0
flow_00.141,65.0,4.0,0
flow_20.142,52.5,4.0,0
flow_20.143,51.0,4.0,0
flow_00.142,64.0,4.5,0
flow_00.143,61.0,4.0,0
flow_20.144,50.0,4.0,0
flow_20.145,48.5,4.5,0
flow_00.144,59.5,4.5,0
flow_10.43,52.0,4.5,0
flow_30.141,51.5,4.5,0
flow_30.142,28.0,4.0,0
flow_10.44,29.0,4.0,0
flow_30.143,26.0,3.5,0
flow_30.144,24.5,3.0,0
flow_20.146,73.5,4.5,0
flow_00.145,85.5,4.5,0
flow_00.146,84.0,4.0,0
flow_20.147,74.0,4.0,0
flow_20.148,64.0,4.0,0
flow_00.147,84.0,4.5,0
flow_20.149,62.0,4.0,0
flow_00.148,82.5,4.0,0
flow_20.150,51.5,4.0,0
flow_00.149,74.0,4.0,0
flow_20.151,49.0,3.5,0
flow_00.150,61.5,4.5,0
flow_20.152,48.0,4.0,0
flow_00.151,58.5,4.0,0
flow_10.45,23.5,3.0,0
flow_30.145,48.0,4.5,0
flow_30.146,45.0,4.0,0
flow_30.147,38.0,4.0,0
flow_30.148,27.5,4.0,0
flow_30.149,26.5,3.5,0
flow_30.150,25.0,3.0,0
flow_00.152,84.0,4.5,0
flow_20.153,63.0,4.5,0
flow_00.153,83.5,4.0,0
flow_20.154,63.0,4.0,0
flow_00.154,82.0,4.0,0
flow_20.155,62.0,4.0,0
flow_00.155,81.0,3.5,0
flow_20.156,61.5,4.0,0
flow_00.156,72.0,4.0,0
flow_20.157,55.0,4.5,0
flow_00.157,62.5,4.5,0
flow_20.158,46.0,4.5,0
flow_00.158,59.5,4.5,0
flow_20.159,36.5,4.5,0
flow_10.46,38.5,4.5,0
flow_30.151,54.5,4.5,0
flow_30.152,40.0,4.0,0
flow_30.153,27.0,3.5,0
flow_20.0,23.5,3.0,0
flow_20.1,23.5,2.5,0
flow_10.0,32.0,4.0,0
flow_10.1,31.0,3.5,0
flow_30.0,27.5,4.0,0
flow_10.2,30.0,4.0,0
flow_30.1,25.5,3.5,0
flow_10.3,27.0,3.5,0
flow_30.2,24.0,3.0,0
flow_10.4,25.5,3.5,0
flow_30.3,25.0,3.5,0
flow_00.0,45.5,4.0,0
flow_20.2,49.0,4.5,0
flow_20.3,42.0,4.0,0
flow_00.1,41.0,4.0,0
flow_00.2,40.5,4.0,0
flow_20.4,42.0,4.0,0
flow_20.5,40.5,4.0,0
flow_00.3,32.5,4.0,0
flow_20.6,38.0,4.5,0
flow_10.5,50.0,4.0,0
flow_30.4,52.5,4.5,0
flow_10.6,43.5,3.5,0
flow_30.5,55.0,4.5,0
flow_10.7,29.0,3.5,0
flow_30.6,46.0,4.5,0
flow_10.8,24.0,2.5,0
flow_30.7,44.5,4.5,0
flow_30.8,32.0,4.0,0
flow_30.9,31.0,4.5,0
flow_10.9,26.5,3.5,0
flow_30.10,27.5,4.0,0
flow_00.4,54.0,4.5,0
flow_20.7,56.0,4.5,0
flow_00.5,53.5,3.5,0
flow_20.8,43.0,4.0,0
flow_00.6,47.5,4.0,0
flow_20.9,43.5,4.5,0
flow_00.7,46.5,4.0,0
flow_20.10,41.5,4.0,0
flow_20.11,37.0,4.0,0
flow_00.8,28.0,4.0,0
flow_20.12,37.0,4.5,0
flow_20.13,35.5,4.5,0
flow_30.11,53.5,4.5,0
flow_10.10,50.5,5.0,0
flow_30.12,38.0,4.0,0
flow_10.11,32.0,4.5,0
flow_30.13,36.5,3.5,0
flow_10.12,30.0,4.0,0
flow_10.13,28.5,4.0,0
flow_30.14,36.0,4.0,0
flow_30.15,34.5,4.0,0
flow_10.14,25.0,3.5,0
flow_30.16,34.0,4.0,0
flow_10.15,24.5,3.0,0
flow_30.17,32.0,4.0,0
flow_00.9,48.5,4.0,0
flow_20.14,57.0,4.5,0
flow_20.15,56.0,4.0,0
flow_00.10,48.5,4.0,0
flow_00.11,37.0,3.5,0
flow_20.16,36.0,4.0,0
flow_00.12,36.0,4.0,0
flow_20.17,34.5,3.5,0
flow_20.18,33.5,4.0,0
flow_00.13,35.0,4.0,0
flow_20.19,32.5,4.0,0
flow_30.18,51.0,4.5,0
flow_10.16,49.0,4.5,0
flow_30.19,47.0,4.0,0
flow_10.17,46.5,4.0,0
flow_30.20,46.0,4.0,0
flow_10.18,38.5,4.0,0
flow_30.21,45.0,4.0,0
flow_10.19,33.0,4.0,0
flow_10.20,31.5,4.5,0
flow_30.22,38.5,4.5,0
flow_30.23,36.0,4.0,0
flow_10.21,30.5,4.0,0
flow_10.22,29.0,4.0,0
flow_30.24,35.0,4.5,0
flow_00.14,53.0,4.0,0
flow_20.20,45.0,4.0,0
flow_00.15,50.5,4.0,0
flow_20.21,44.5,3.5,0
flow_20.22,43.0,3.5,0
flow_00.16,44.5,4.0,0
flow_00.17,34.5,3.5,0
flow_20.23,42.0,4.0,0
flow_20.24,37.0,3.5,0
flow_00.18,35.0,4.0,0
flow_20.25,36.0,4.0,0
flow_30.25,52.5,4.5,0
flow_10.23,46.5,4.5,0
flow_30.26,51.5,4.0,0
flow_10.24,40.5,4.0,0
flow_10.25,39.0,4.0,0
flow_30.27,44.0,4.0,0
flow_10.26,27.5,3.5,0
flow_30.28,27.0,3.5,0
flow_30.29,25.5,3.5,0
flow_10.27,25.5,3.5,0
flow_30.30,25.0,3.5,0
flow_20.26,50.5,4.0,0
flow_00.19,50.5,4.5,0
flow_20.27,51.0,4.0,0
flow_00.20,49.5,4.0,0
flow_00.21,48.5,4.0,0
flow_20.28,50.5,4.0,0
flow_20.29,49.5,4.0,0
flow_00.22,41.0,4.0,0
flow_20.30,48.0,4.5,0
flow_00.23,34.5,4.0,0
flow_20.31,39.5,4.0,0
flow_20.32,35.0,4.5,0
flow_10.28,49.5,4.5,0
flow_30.31,52.0,4.5,0
flow_30.32,47.0,3.5,0
flow_10.29,49.5,4.0,0
flow_10.30,48.5,4.0,0
flow_30.33,47.0,4.0,0
flow_30.34,45.5,4.5,0
flow_10.31,47.5,4.0,0
flow_10.32,45.5,4.0,0
flow_30.35,46.0,4.5,0
flow_10.33,31.5,3.5,0
flow_30.36,45.0,4.5,0
flow_10.34,29.0,3.5,0
flow_30.37,39.5,4.5,0
flow_20.33,60.5,4.5,0
flow_00.24,25.5,3.5,0
flow_20.34,57.0,4.0,0
flow_20.35,47.0,4.0,0
flow_00.25,27.0,4.0,0
flow_20.36,45.5,3.5,0
flow_00.26,25.5,3.5,0
flow_20.37,44.5,4.0,0
flow_20.38,43.5,4.0,0
flow_20.39,32.0,4.0,0
flow_30.38,62.5,4.5,0
flow_10.35,55.5,4.5,0
flow_30.39,58.5,4.0,0
flow_10.36,56.0,4.0,0
flow_30.40,57.0,4.0,0
flow_10.37,51.0,4.5,0
flow_10.38,49.5,4.0,0
flow_30.41,53.5,4.5,0
flow_10.39,48.0,4.0,0
flow_30.42,52.5,4.5,0
flow_10.40,44.0,4.0,0
flow_30.43,50.5,4.0,0
flow_10.41,27.0,4.0,0
flow_30.44,49.0,4.5,0
flow_00.27,37.5,4.0,0
flow_20.40,57.5,4.5,0
flow_20.41,57.0,4.0,0
flow_00.28,25.5,3.0,0
flow_20.42,57.0,4.0,0
flow_00.29,24.0,2.5,0
flow_20.43,55.5,4.0,0
flow_00.30,23.5,2.5,0
flow_20.44,54.5,4.5,0
flow_20.45,53.0,4.5,0
flow_30.45,57.0,4.0,0
flow_10.42,54.0,4.5,0
flow_10.43,32.5,4.0,0
flow_30.46,44.5,4.0,0
flow_30.47,39.5,4.5,0
flow_30.48,35.5,4.0,0
flow_30.49,34.0,4.5,0
flow_10.44,24.5,3.0,0
flow_30.50,32.5,4.0,0
flow_30.51,31.0,4.0,0
flow_20.46,53.5,4.5,0
flow_20.47,32.0,4.0,0
flow_20.48,27.5,4.0,0
flow_00.31,24.0,3.0,0
flow_20.49,27.0,4.0,0
flow_00.32,24.5,3.0,0
flow_00.33,25.0,3.5,0
flow_20.50,24.5,3.0,0
flow_30.52,56.5,4.5,0
flow_10.45,54.0,4.5,0
flow_10.46,53.0,4.0,0
flow_30.53,55.5,4.0,0
flow_30.54,53.5,4.0,0
flow_10.47,44.5,4.0,0
flow_30.55,53.0,4.0,0
flow_30.56,51.5,4.0,0
flow_10.48,40.5,5.0,0
flow_30.57,50.5,4.0,0
flow_10.49,30.5,5.0,0
flow_10.50,26.5,3.5,0
flow_30.58,44.0,4.0,0
flow_20.51,50.0,4.5,0
flow_00.34,52.0,4.0,0
flow_20.52,48.5,3.5,0
flow_00.35,42.5,4.0,0
flow_00.36,30.0,3.5,0
flow_20.53,47.5,3.5,0
flow_20.54,47.0,4.0,0
flow_20.55,45.0,3.5,0
flow_20.56,44.0,4.0,0
flow_00.37,24.5,3.0,0
flow_20.57,37.5,4.0,0
flow_10.51,51.5,4.0,0
flow_30.59,69.0,4.0,0
flow_30.60,68.5,4.0,0
flow_10.52,53.0,4.0,0
flow_10.53,51.5,4.0,0
flow_30.61,69.5,4.5,0
flow_10.54,48.0,3.5,0
flow_30.62,67.0,4.0,0
flow_10.55,42.5,4.0,0
flow_30.63,65.0,4.0,0
flow_30.64,55.0,4.0,0
flow_10.56,36.0,4.0,0
flow_30.65,54.0,4.5,0
flow_10.57,34.5,4.0,0
flow_00.38,46.5,4.0,0
flow_20.58,64.0,4.5,0
flow_00.39,46.5,4.0,0
flow_20.59,47.5,4.0,0
flow_00.40,45.5,4.0,0
flow_20.60,32.0,4.0,0
flow_00.41,33.5,3.5,0
flow_20.61,27.0,3.5,0
flow_00.42,32.5,4.0,0
flow_00.43,31.0,4.0,0
flow_20.62,24.0,3.0,0
flow_00.44,29.5,4.0,0
flow_30.66,77.0,4.5,0
flow_10.58,60.5,4.5,0
flow_30.67,77.0,4.0,0
flow_10.59,60.0,4.0,0
flow_10.60,59.5,4.0,0
flow_30.68,70.5,4.5,0
flow_30.69,69.0,4.0,0
flow_10.61,58.5,4.0,0
flow_30.70,67.5,4.0,0
flow_10.62,48.5,4.5,0
flow_30.71,53.0,4.5,0
flow_10.63,47.0,4.5,0
flow_30.72,51.5,4.0,0
flow_10.64,45.5,4.0,0
flow_00.45,57.0,4.5,0
flow_00.46,55.0,4.0,0
flow_20.63,22.5,2.5,0
flow_00.47,54.0,4.0,0
flow_00.48,53.0,4.0,0
flow_00.49,44.5,4.0,0
flow_00.50,40.5,4.0,0
flow_00.51,39.5,4.5,0
flow_30.73,75.5,4.0,0
flow_10.65,69.5,4.0,0
flow_10.66,69.0,4.0,0
flow_30.74,65.5,4.0,0
flow_10.67,68.0,3.5,0
flow_30.75,65.5,4.0,0
flow_10.68,54.5,4.0,0
flow_30.76,44.5,4.0,0
flow_10.69,53.5,4.0,0
flow_30.77,42.5,4.0,0
flow_10.70,43.5,4.5,0
flow_30.78,26.5,3.5,0
flow_10.71,33.0,4.5,0
flow_20.64,33.5,4.0,0
flow_00.52,67.0,5.0,0
flow_20.65,33.5,4.0,0
flow_00.53,44.5,4.5,0
flow_00.54,29.0,4.0,0
flow_20.66,23.5,3.0,0
flow_00.55,25.5,3.5,0
flow_10.72,32.5,4.5,0
flow_30.79,52.5,4.5,0
flow_30.80,42.5,4.0,0
flow_10.73,32.5,4.0,0
flow_30.81,42.5,4.0,0
flow_10.74,32.5,4.5,0
flow_10.75,30.5,4.5,0
flow_30.82,41.5,4.0,0
flow_30.83,34.5,4.0,0
flow_10.76,29.5,4.5,0
flow_10.77,24.0,3.0,0
flow_20.67,53.5,4.5,0
flow_00.56,51.5,4.5,0
flow_20.68,53.5,4.0,0
flow_00.57,37.0,4.0,0
flow_00.58,27.0,4.0,0
flow_20.69,53.0,4.5,0
flow_00.59,25.5,3.5,0
flow_20.70,42.5,4.0,0
flow_20.71,41.5,4.0,0
flow_20.72,40.5,4.5,0
flow_20.73,39.0,4.0,0
flow_30.84,53.0,4.0,0
flow_10.78,49.5,4.5,0
flow_10.79,40.5,4.0,0
flow_30.85,53.5,4.0,0
flow_10.80,39.0,4.0,0
flow_30.86,52.0,3.5,0
flow_10.81,38.0,3.5,0
flow_30.87,51.5,4.0,0
flow_10.82,37.0,4.0,0
flow_30.88,51.0,4.0,0
flow_10.83,36.0,3.5,0
flow_30.89,49.5,4.5,0
flow_10.84,34.0,4.0,0
flow_30.90,47.5,4.0,0
flow_20.74,47.5,4.5,0
flow_00.60,38.0,4.5,0
flow_20.75,44.5,4.0,0
flow_00.61,32.5,4.0,0
flow_20.76,32.0,3.5,0
flow_00.62,31.5,3.5,0
flow_00.63,30.5,4.0,0
flow_20.77,25.5,3.5,0
flow_20.78,24.0,3.0,0
flow_10.85,53.5,4.0,0
flow_30.91,72.5,4.5,0
flow_10.86,52.5,4.0,0
flow_30.92,72.5,4.0,0
flow_30.93,71.0,4.0,0
flow_10.87,49.5,4.0,0
flow_30.94,63.0,4.0,0
flow_30.95,40.5,4.0,0
flow_30.96,27.5,4.0,0
flow_20.79,46.5,4.5,0
flow_00.64,54.0,4.5,0
flow_00.65,34.5,4.0,0
flow_20.80,47.0,4.0,0
flow_00.66,31.5,4.0,0
flow_20.81,40.5,4.5,0
flow_20.82,37.5,4.0,0
flow_20.83,36.0,4.5,0
flow_00.67,25.5,3.5,0
flow_20.84,35.0,4.0,0
flow_20.85,33.0,4.0,0
flow_30.97,55.0,4.5,0
flow_10.88,53.0,4.5,0
flow_30.98,43.5,4.0,0
flow_10.89,34.5,4.0,0
flow_30.99,43.5,4.5,0
flow_10.90,26.0,3.5,0
flow_30.100,41.5,4.0,0
flow_30.101,29.5,4.5,0
flow_30.102,28.5,4.0,0
flow_00.68,55.0,4.5,0
flow_20.86,60.0,4.5,0
flow_20.87,58.0,4.0,0
flow_00.69,54.0,4.0,0
flow_20.88,57.5,4.0,0
flow_00.70,38.5,4.0,0
flow_20.89,56.5,4.0,0
flow_00.71,28.0,4.0,0
flow_20.90,54.5,4.0,0
flow_20.91,53.5,4.0,0
flow_20.92,52.0,4.0,0
flow_30.103,49.0,4.0,0
flow_10.91,58.5,5.0,0
flow_30.104,36.0,4.0,0
flow_10.92,56.5,4.0,0
flow_10.93,53.0,4.0,0
flow_30.105,33.5,4.5,0
flow_10.94,40.5,4.5,0
flow_10.95,38.5,4.5,0
flow_30.106,23.5,3.0,0
flow_10.96,33.5,4.5,0
flow_10.97,31.0,4.5,0
flow_20.93,78.0,4.0,0
flow_00.72,52.5,4.5,0
flow_00.73,52.5,4.0,0
flow_20.94,78.0,4.0,0
flow_00.74,38.0,4.0,0
flow_20.95,77.5,4.0,0
flow_20.96,76.5,4.5,0
flow_00.75,35.5,4.5,0
flow_20.97,75.0,4.5,0
flow_20.98,62.0,4.5,0
flow_00.76,25.5,3.5,0
flow_20.99,59.5,4.5,0
flow_30.107,52.5,4.0,0
flow_10.98,56.5,4.5,0
flow_10.99,55.0,4.0,0
flow_30.108,52.5,4.0,0
flow_10.100,53.5,4.5,0
flow_30.109,54.5,4.5,0
flow_10.101,51.5,4.0,0
flow_30.110,50.0,4.5,0
flow_10.102,50.0,4.0,0
flow_30.111,48.5,4.5,0
flow_10.103,45.5,4.0,0
flow_30.112,47.0,4.0,0
flow_10.104,44.0,4.0,0
flow_30.113,45.5,4.0,0
flow_20.100,83.5,4.0,0
flow_00.77,45.5,4.0,0
flow_20.101,84.0,4.5,0
flow_20.102,82.5,3.5,0
flow_20.103,81.5,4.0,0
flow_20.104,78.5,3.5,0
flow_20.105,59.5,4.0,0
flow_20.106,57.5,4.0,0
flow_30.114,63.5,4.0,0
flow_10.105,71.0,4.5,0
flow_30.115,63.0,3.5,0
flow_10.106,56.0,4.0,0
flow_30.116,63.0,4.0,0
flow_10.107,43.5,4.5,0
flow_30.117,53.5,4.0,0
flow_10.108,36.0,4.0,0
flow_30.118,52.0,4.0,0
flow_10.109,28.5,4.0,0
flow_30.119,51.0,4.0,0
flow_10.110,27.0,4.0,0
flow_30.120,49.5,4.0,0
flow_00.78,49.0,4.5,0
flow_20.107,84.0,4.5,0
flow_00.79,44.5,3.5,0
flow_20.108,83.5,4.0,0
flow_00.80,37.0,3.5,0
flow_20.109,84.0,4.5,0
flow_20.110,82.0,4.0,0
flow_20.111,80.0,4.5,0
flow_20.112,61.0,4.5,0
flow_00.81,26.0,3.5,0
flow_20.113,60.0,4.0,0
flow_10.111,54.0,4.5,0
flow_30.121,75.5,4.5,0
flow_10.112,48.0,4.0,0
flow_30.122,74.5,4.0,0
flow_30.123,70.5,3.5,0
flow_10.113,40.5,4.5,0
flow_30.124,69.0,4.0,0
flow_10.114,39.0,4.5,0
flow_30.125,67.5,3.5,0
flow_10.115,37.5,4.0,0
flow_30.126,61.0,4.0,0
flow_10.116,36.0,4.5,0
flow_30.127,58.5,4.0,0
flow_10.117,35.0,4.0,0
flow_20.114,84.0,4.5,0
flow_00.82,44.0,4.5,0
flow_20.115,84.0,4.0,0
flow_00.83,29.5,4.5,0
flow_20.116,82.5,4.0,0
flow_20.117,82.0,4.0,0
flow_20.118,80.0,4.0,0
flow_20.119,61.0,4.0,0
flow_20.120,59.0,4.5,0
flow_10.118,59.0,4.0,0
flow_30.128,84.0,4.0,0
flow_30.129,79.5,4.0,0
flow_10.119,59.5,4.0,0
flow_10.120,34.0,4.0,0
flow_30.130,80.5,4.0,0
flow_10.121,27.0,3.5,0
flow_30.131,79.0,4.5,0
flow_10.122,26.0,3.5,0
flow_30.132,54.0,4.0,0
flow_10.123,24.5,3.0,0
flow_30.133,50.0,4.0,0
flow_30.134,35.5,4.0,0
flow_00.84,41.5,4.5,0
flow_20.121,84.0,4.5,0
flow_00.85,28.5,3.5,0
flow_20.122,83.0,3.5,0
flow_00.86,27.0,4.0,0
flow_20.123,81.5,3.5,0
flow_20.124,81.5,3.5,0
flow_00.87,24.0,2.5,0
flow_20.125,79.0,4.0,0
flow_20.126,60.0,4.0,0
flow_20.127,58.0,4.0,0
flow_00.88,27.0,4.0,0
flow_30.135,61.5,4.5,0
flow_10.124,53.5,5.0,0
flow_30.136,47.0,4.0,0
flow_10.125,42.0,4.0,0
flow_30.137,40.5,4.0,0
flow_10.126,40.5,4.0,0
flow_10.127,40.0,4.0,0
flow_30.138,28.5,4.5,0
flow_10.128,38.5,4.0,0
flow_30.139,26.5,3.5,0
flow_10.129,38.0,4.0,0
flow_30.140,27.0,4.0,0
flow_10.130,32.0,5.0,0
flow_00.89,49.5,4.0,0
flow_20.128,79.5,4.5,0
flow_20.129,80.0,4.0,0
flow_00.90,45.0,4.5,0
flow_20.130,71.5,4.0,0
flow_20.131,64.0,4.0,0
flow_00.91,25.5,3.5,0
flow_20.132,53.5,4.0,0
flow_20.133,37.0,4.0,0
flow_20.134,34.0,4.0,0
flow_30.141,36.0,4.0,0
flow_10.131,56.5,4.5,0
flow_10.132,55.5,4.0,0
flow_30.142,35.0,4.5,0
flow_30.143,33.0,4.0,0
flow_10.133,31.0,4.0,0
flow_30.144,31.5,4.0,0
flow_10.134,28.5,4.0,0
flow_30.145,30.0,4.0,0
flow_10.135,27.0,3.5,0
flow_30.146,28.5,4.0,0
flow_10.136,25.5,3.5,0
flow_20.135,58.0,4.0,0
flow_00.92,50.0,5.0,0
flow_20.136,57.5,4.0,0
flow_00.93,49.0,4.0,0
flow_20.137,52.0,4.0,0
flow_20.138,39.0,4.0,0
flow_20.139,33.5,4.5,0
flow_20.140,33.0,4.5,0
flow_20.141,31.5,4.5,0
flow_30.147,45.5,4.5,0
flow_10.137,41.0,4.5,0
flow_10.138,37.5,4.0,0
flow_30.148,45.5,4.0,0
flow_10.139,38.0,4.5,0
flow_30.149,41.5,4.5,0
flow_10.140,35.5,4.5,0
flow_30.150,40.0,4.5,0
flow_10.141,34.0,4.5,0
flow_30.151,38.5,4.5,0
flow_10.142,32.5,4.0,0
flow_30.152,37.5,4.5,0
flow_10.143,31.0,4.0,0
flow_30.153,36.0,4.5,0
flow_00.94,47.5,4.0,0
flow_20.142,58.0,5.0,0
flow_00.95,31.0,3.5,0
flow_20.143,57.0,4.0,0
flow_00.96,31.0,4.0,0
flow_20.144,55.0,4.0,0
flow_00.97,30.0,4.0,0
flow_20.145,54.0,4.5,0
flow_00.98,28.0,4.0,0
flow_20.146,53.0,4.5,0
flow_20.147,51.5,4.0,0
flow_20.148,49.0,4.0,0
flow_30.154,58.5,4.0,0
flow_10.144,56.5,4.5,0
flow_30.155,58.5,4.0,0
flow_10.145,55.5,4.0,0
flow_30.156,56.0,3.5,0
flow_10.146,55.5,4.0,0
flow_30.157,55.0,4.0,0
flow_10.147,55.0,4.0,0
flow_20.0,23.5,3.0,0
flow_10.0,33.0,4.5,0
flow_30.0,33.0,4.5,0
flow_10.1,32.0,4.0,0
flow_30.1,26.0,3.5,0
flow_10.2,30.5,3.5,0
flow_30.2,25.5,3.0,0
flow_10.3,31.0,4.5,0
flow_30.3,24.5,3.0,0
flow_30.4,25.5,3.5,0
flow_00.0,51.0,4.0,0
flow_20.1,48.0,4.5,0
flow_20.2,25.0,3.0,0
flow_00.1,45.5,4.0,0
flow_00.2,42.0,4.0,0
flow_20.3,27.5,3.5,0
flow_00.3,37.5,4.0,0
flow_00.4,35.0,4.5,0
flow_20.4,27.0,4.0,0
flow_00.5,34.0,4.5,0
flow_00.6,28.0,4.0,0
flow_10.4,40.5,4.0,0
flow_30.5,29.5,4.0,0
flow_10.5,38.0,4.0,0
flow_30.6,30.5,5.0,0
flow_10.6,37.5,4.0,0
flow_30.7,29.0,4.5,0
flow_10.7,36.0,4.0,0
flow_30.8,27.0,4.0,0
flow_10.8,31.5,4.0,0
flow_30.9,25.5,3.5,0
flow_10.9,30.0,4.0,0
flow_10.10,27.0,4.0,0
flow_30.10,26.0,3.5,0
flow_20.5,46.5,4.0,0
flow_00.7,53.0,4.5,0
flow_00.8,42.5,4.0,0
flow_20.6,37.0,4.5,0
flow_20.7,35.0,4.5,0
flow_00.9,42.0,4.5,0
flow_00.10,41.0,4.5,0
flow_10.11,47.0,4.0,0
flow_30.11,50.5,4.5,0
flow_10.12,48.0,4.0,0
flow_30.12,47.5,5.0,0
flow_10.13,45.0,4.5,0
flow_30.13,45.5,4.5,0
flow_10.14,40.0,4.0,0
flow_30.14,45.0,5.0,0
flow_10.15,31.0,4.5,0
flow_30.15,43.0,4.5,0
flow_10.16,29.5,4.0,0
flow_30.16,41.0,4.5,0
flow_10.17,25.5,3.5,0
flow_00.11,45.0,4.0,0
flow_20.8,51.0,4.5,0
flow_00.12,41.5,3.5,0
flow_20.9,49.0,4.0,0
flow_00.13,27.5,4.0,0
flow_20.10,47.5,3.5,0
flow_00.14,26.5,3.5,0
flow_20.11,47.5,4.5,0
flow_20.12,35.0,4.0,0
flow_00.15,27.0,4.0,0
flow_20.13,33.5,4.5,0
flow_10.18,51.0,4.5,0
flow_30.17,32.0,4.5,0
flow_10.19,50.0,3.5,0
flow_10.20,49.5,4.0,0
flow_10.21,48.5,3.5,0
flow_10.22,32.5,4.0,0
flow_10.23,31.5,4.0,0
flow_30.18,26.0,3.5,0
flow_00.16,52.5,4.5,0
flow_20.14,56.0,4.5,0
flow_20.15,55.0,4.0,0
flow_00.17,52.5,4.0,0
flow_00.18,48.5,4.0,0
flow_20.16,55.0,4.5,0
flow_00.19,47.0,4.0,0
flow_20.17,33.5,4.0,0
flow_00.20,45.0,4.0,0
flow_00.21,43.0,3.5,0
flow_00.22,42.0,3.5,0
flow_30.19,54.0,4.5,0
flow_10.24,25.5,3.0,0
flow_30.20,55.0,4.0,0
flow_30.21,54.0,4.0,0
flow_10.25,25.0,3.0,0
flow_30.22,52.5,4.0,0
flow_30.23,51.0,4.5,0
flow_30.24,41.5,4.0,0
flow_10.26,23.5,3.0,0
flow_30.25,39.0,4.0,0
flow_00.23,68.0,4.0,0
flow_20.18,45.5,4.5,0
flow_00.24,67.5,4.0,0
flow_20.19,30.0,3.5,0
flow_00.25,55.5,3.5,0
flow_20.20,29.0,4.0,0
flow_00.26,55.0,4.0,0
flow_20.21,29.0,4.0,0
flow_00.27,53.0,4.0,0
flow_20.22,27.5,4.0,0
flow_00.28,51.0,4.0,0
flow_20.23,24.5,3.5,0
flow_00.29,50.0,4.0,0
flow_10.27,50.5,4.0,0
flow_30.26,57.5,4.5,0
flow_10.28,50.0,3.5,0
flow_30.27,52.5,4.0,0
flow_30.28,51.0,4.0,0
flow_10.29,50.0,4.0,0
flow_30.29,48.5,3.5,0
flow_10.30,46.0,4.5,0
flow_30.30,47.5,4.0,0
flow_10.31,44.0,4.0,0
flow_10.32,43.0,4.0,0
flow_30.31,35.0,4.0,0
flow_10.33,42.0,4.0,0
flow_30.32,33.5,4.5,0
flow_00.30,75.5,4.0,0
flow_20.24,51.0,4.0,0
flow_20.25,46.5,3.5,0
flow_00.31,75.5,3.5,0
flow_00.32,74.5,3.5,0
flow_20.26,47.5,4.0,0
flow_00.33,71.0,4.0,0
flow_20.27,41.5,4.0,0
flow_00.34,67.0,3.5,0
flow_20.28,36.0,4.0,0
flow_00.35,60.0,4.0,0
flow_20.29,30.0,4.0,0
flow_00.36,58.0,4.0,0
flow_20.30,27.0,4.0,0
flow_10.34,66.5,4.5,0
flow_30.33,58.0,4.5,0
flow_10.35,60.5,4.0,0
flow_30.34,59.5,4.5,0
flow_10.36,53.5,4.0,0
flow_30.35,58.0,4.5,0
flow_10.37,53.0,4.5,0
flow_30.36,53.5,4.5,0
flow_10.38,52.0,4.0,0
flow_30.37,52.0,4.5,0
flow_30.38,25.5,3.5,0
flow_10.39,50.5,4.5,0
flow_00.37,78.5,4.5,0
flow_20.31,53.5,4.5,0
flow_20.32,40.5,4.0,0
flow_00.38,58.5,4.0,0
flow_20.33,39.0,4.0,0
flow_00.39,57.5,4.0,0
flow_20.34,38.0,3.5,0
flow_00.40,57.5,4.5,0
flow_20.35,36.5,4.0,0
flow_00.41,56.0,4.5,0
flow_00.42,54.5,4.5,0
flow_20.36,29.0,4.5,0
flow_20.37,26.5,4.0,0
flow_10.40,55.5,4.5,0
flow_30.39,44.0,4.5,0
flow_10.41,54.5,4.0,0
flow_30.40,43.0,4.0,0
flow_30.41,41.5,3.5,0
flow_10.42,27.5,3.5,0
flow_10.43,26.5,4.0,0
flow_30.42,41.5,4.0,0
flow_30.43,40.0,4.5,0
flow_30.44,36.5,4.0,0
flow_30.45,35.0,4.5,0
flow_00.43,54.5,4.5,0
flow_20.38,51.5,4.5,0
flow_20.39,51.0,4.0,0
flow_00.44,54.5,4.0,0
flow_20.40,50.0,4.0,0
flow_00.45,37.0,4.0,0
flow_00.46,36.0,3.5,0
flow_20.41,46.5,4.0,0
flow_00.47,26.0,3.5,0
flow_20.42,42.0,4.5,0
flow_20.43,36.0,4.5,0
flow_00.48,26.5,3.5,0
flow_30.46,60.0,4.0,0
flow_10.44,51.5,4.5,0
flow_30.47,60.0,3.5,0
flow_10.45,50.0,4.0,0
flow_30.48,59.5,4.0,0
flow_10.46,29.5,4.0,0
flow_30.49,57.5,4.0,0
flow_10.47,28.0,4.0,0
flow_30.50,56.5,4.0,0
flow_10.48,24.5,3.0,0
flow_30.51,56.0,4.5,0
flow_30.52,49.0,4.0,0
flow_00.49,48.0,4.5,0
flow_20.44,54.0,4.5,0
flow_00.50,44.0,3.5,0
flow_20.45,33.0,3.5,0
flow_00.51,41.0,3.5,0
flow_20.46,27.5,4.0,0
flow_00.52,41.5,4.0,0
flow_00.53,39.5,4.0,0
flow_00.54,38.0,4.0,0
flow_20.47,23.5,3.0,0
flow_00.55,28.5,4.0,0
flow_30.53,73.5,4.5,0
flow_10.49,51.5,4.5,0
flow_10.50,50.5,4.0,0
flow_30.54,71.0,4.0,0
flow_10.51,49.0,4.0,0
flow_30.55,69.0,4.0,0
flow_10.52,48.0,3.5,0
flow_30.56,61.5,4.0,0
flow_10.53,47.5,4.0,0
flow_30.57,54.0,4.5,0
flow_10.54,45.5,4.5,0
flow_30.58,53.0,4.5,0
flow_10.55,45.5,4.5,0
flow_30.59,51.0,4.0,0
flow_20.48,38.0,4.5,0
flow_00.56,55.0,4.0,0
flow_20.49,24.0,3.0,0
flow_00.57,56.0,4.5,0
flow_00.58,54.5,4.0,0
flow_20.50,25.0,3.5,0
flow_00.59,53.0,4.0,0
flow_00.60,51.0,3.5,0
flow_20.51,25.0,3.5,0
flow_00.61,50.0,4.0,0
flow_20.52,25.0,3.0,0
flow_00.62,47.0,4.0,0
flow_30.60,76.5,4.5,0
flow_10.56,71.0,4.5,0
flow_30.61,76.0,4.0,0
flow_10.57,72.5,4.5,0
flow_30.62,68.5,4.0,0
flow_10.58,69.5,4.5,0
flow_30.63,56.0,4.0,0
flow_10.59,68.0,4.0,0
flow_10.60,53.0,4.5,0
flow_30.64,26.0,3.5,0
flow_10.61,51.5,4.0,0
flow_10.62,50.5,4.5,0
flow_00.63,60.5,4.0,0
flow_20.53,52.5,4.5,0
flow_20.54,51.0,3.5,0
flow_00.64,57.0,4.0,0
flow_00.65,55.5,4.0,0
flow_20.55,50.0,3.5,0
flow_20.56,42.0,4.0,0
flow_00.66,54.5,3.5,0
flow_00.67,53.5,4.0,0
flow_20.57,42.0,4.0,0
flow_00.68,52.0,3.5,0
flow_20.58,40.5,4.0,0
flow_00.69,50.0,4.0,0
flow_20.59,32.5,4.5,0
flow_10.63,74.5,4.0,0
flow_30.65,57.0,5.0,0
flow_10.64,74.5,4.0,0
flow_30.66,44.0,4.0,0
flow_10.65,71.5,3.5,0
flow_30.67,42.5,4.0,0
flow_30.68,41.0,3.5,0
flow_10.66,72.0,4.0,0
flow_10.67,70.0,4.0,0
flow_30.69,40.0,4.0,0
flow_30.70,38.5,4.0,0
flow_10.68,46.5,4.5,0
flow_30.71,36.5,4.0,0
flow_10.69,45.0,4.0,0
flow_00.70,76.0,4.5,0
flow_20.60,59.0,4.5,0
flow_00.71,75.5,4.0,0
flow_20.61,58.5,4.0,0
flow_00.72,75.0,4.0,0
flow_20.62,58.0,4.0,0
flow_00.73,65.5,3.5,0
flow_20.63,29.0,4.0,0
flow_00.74,60.5,4.0,0
flow_20.64,26.5,3.5,0
flow_00.75,56.0,4.5,0
flow_20.65,25.5,3.5,0
flow_00.76,55.5,4.5,0
flow_10.70,70.5,4.0,0
flow_30.72,63.0,4.5,0
flow_10.71,70.0,4.0,0
flow_30.73,57.5,3.5,0
flow_30.74,44.0,3.5,0
flow_10.72,65.5,3.5,0
flow_10.73,46.5,4.0,0
flow_30.75,44.5,4.0,0
flow_10.74,45.5,4.0,0
flow_30.76,40.0,4.0,0
flow_10.75,44.5,4.0,0
flow_30.77,35.5,4.0,0
flow_10.76,34.0,4.5,0
flow_30.78,29.5,4.0,0
flow_00.77,80.0,4.5,0
flow_20.66,47.0,4.5,0
flow_20.67,45.5,3.5,0
flow_00.78,80.0,4.0,0
flow_20.68,44.5,3.5,0
flow_00.79,76.5,4.0,0
flow_20.69,34.5,3.5,0
flow_00.80,71.0,3.5,0
flow_20.70,31.5,4.0,0
flow_00.81,70.5,4.0,0
flow_20.71,30.5,4.0,0
flow_00.82,61.5,4.5,0
flow_20.72,28.5,4.0,0
flow_00.83,59.0,4.5,0
flow_10.77,53.5,4.0,0
flow_30.79,55.5,4.5,0
flow_10.78,50.5,3.5,0
flow_30.80,55.0,4.0,0
flow_30.81,48.5,4.0,0
flow_10.79,41.5,4.0,0
flow_10.80,39.5,3.5,0
flow_30.82,48.0,4.5,0
flow_30.83,46.5,4.0,0
flow_10.81,39.5,4.5,0
flow_30.84,44.0,4.5,0
flow_10.82,38.5,4.5,0
flow_30.85,43.0,4.0,0
flow_10.83,38.0,5.0,0
flow_20.73,43.0,4.0,0
flow_00.84,85.0,4.5,0
flow_00.85,84.0,4.0,0
flow_20.74,40.0,3.5,0
flow_20.75,38.5,3.5,0
flow_00.86,82.5,3.5,0
flow_20.76,38.0,4.0,0
flow_00.87,82.0,4.0,0
flow_20.77,36.0,3.5,0
flow_00.88,79.5,4.0,0
flow_00.89,60.5,4.0,0
flow_20.78,27.5,4.0,0
flow_00.90,58.0,4.0,0
flow_20.79,26.0,3.5,0
flow_10.84,51.0,4.5,0
flow_30.86,64.5,4.5,0
flow_30.87,63.5,4.0,0
flow_10.85,40.5,4.0,0
flow_10.86,36.5,4.0,0
flow_30.88,45.0,4.0,0
flow_10.87,35.0,4.0,0
flow_30.89,43.5,3.5,0
flow_10.88,33.5,3.5,0
flow_30.90,42.5,4.0,0
flow_30.91,29.5,4.0,0
flow_10.89,28.5,4.0,0
flow_30.92,25.5,3.5,0
flow_00.91,84.0,4.5,0
flow_20.80,53.0,4.5,0
flow_00.92,84.0,4.0,0
flow_20.81,52.5,4.0,0
flow_20.82,51.0,4.0,0
flow_00.93,83.0,4.0,0
flow_20.83,49.0,3.5,0
flow_00.94,82.0,4.0,0
flow_00.95,79.5,4.0,0
flow_20.84,44.5,4.0,0
flow_20.85,43.0,4.0,0
flow_00.96,60.5,4.5,0
flow_00.97,58.5,4.0,0
flow_20.86,42.0,4.0,0
flow_10.90,52.0,4.0,0
flow_30.93,51.5,4.5,0
flow_10.91,51.5,3.5,0
flow_30.94,51.0,4.0,0
flow_30.95,49.5,4.0,0
flow_10.92,51.0,3.5,0
flow_10.93,49.5,3.5,0
flow_30.96,45.5,3.5,0
flow_10.94,48.0,3.5,0
flow_30.97,44.0,4.0,0
flow_10.95,47.0,4.0,0
flow_30.98,43.5,4.0,0
flow_10.96,28.0,4.0,0
flow_30.99,42.5,4.0,0
flow_00.98,83.5,4.0,0
flow_20.87,68.5,4.5,0
flow_00.99,83.0,3.5,0
flow_20.88,66.5,4.0,0
flow_20.89,65.5,4.0,0
flow_00.100,84.0,4.0,0
flow_20.90,55.0,3.5,0
flow_00.101,82.5,4.0,0
flow_20.91,44.0,4.0,0
flow_00.102,80.5,4.5,0
flow_20.92,43.0,4.5,0
flow_00.103,62.0,4.5,0
flow_20.93,40.0,4.0,0
flow_00.104,59.5,4.5,0
flow_30.100,65.5,4.5,0
flow_10.97,55.0,4.5,0
flow_30.101,65.0,4.0,0
flow_10.98,55.5,4.0,0
flow_10.99,54.0,4.0,0
flow_30.102,65.0,4.0,0
flow_30.103,63.5,4.0,0
flow_10.100,28.0,4.0,0
flow_10.101,26.5,3.5,0
flow_30.104,56.5,4.5,0
flow_30.105,47.0,4.0,0
flow_10.102,25.5,3.0,0
flow_30.106,45.5,4.0,0
flow_00.105,84.0,4.0,0
flow_20.94,66.5,4.5,0
flow_00.106,83.0,3.5,0
flow_20.95,64.0,4.0,0
flow_00.107,82.0,3.5,0
flow_20.96,64.0,4.5,0
flow_00.108,81.5,4.0,0
flow_20.97,59.0,4.5,0
flow_00.109,79.0,3.5,0
flow_20.98,52.0,4.5,0
flow_00.110,61.0,4.0,0
flow_20.99,46.5,4.0,0
flow_00.111,58.5,4.5,0
flow_20.100,31.0,4.0,0
flow_30.107,70.5,4.0,0
flow_10.103,40.5,4.5,0
flow_10.104,39.5,4.0,0
flow_30.108,71.5,4.0,0
flow_10.105,39.0,4.0,0
flow_10.106,37.5,3.5,0
flow_30.109,73.0,4.5,0
flow_30.110,69.0,5.0,0
flow_10.107,30.0,4.0,0
flow_30.111,67.5,5.0,0
flow_10.108,28.5,4.0,0
flow_30.112,61.5,4.5,0
flow_10.109,27.0,3.5,0
flow_30.113,59.5,4.0,0
flow_00.112,84.0,4.0,0
flow_20.101,48.5,4.5,0
flow_20.102,47.0,4.0,0
flow_00.113,84.0,4.0,0
flow_20.103,45.5,4.0,0
flow_00.114,82.5,3.5,0
flow_00.115,81.0,4.0,0
flow_20.104,45.0,4.0,0
flow_00.116,78.5,4.0,0
flow_20.105,43.5,4.0,0
flow_00.117,60.0,3.5,0
flow_20.106,42.0,4.0,0
flow_20.107,38.5,4.0,0
flow_00.118,58.5,4.0,0
flow_30.114,83.0,4.0,0
flow_10.110,55.5,5.0,0
flow_10.111,54.0,4.0,0
flow_30.115,84.5,4.5,0
flow_10.112,51.5,4.0,0
flow_30.116,83.5,4.0,0
flow_10.113,50.5,3.5,0
flow_30.117,82.0,4.5,0
flow_10.114,49.5,4.0,0
flow_30.118,79.5,4.0,0
flow_10.115,48.0,4.0,0
flow_30.119,61.5,4.5,0
flow_10.116,47.0,4.0,0
flow_30.120,59.5,4.5,0
flow_20.108,59.0,4.0,0
flow_00.119,84.5,4.5,0
flow_00.120,83.5,4.0,0
flow_20.109,59.5,4.0,0
flow_00.121,81.5,3.5,0
flow_20.110,59.0,4.0,0
flow_00.122,81.0,4.0,0
flow_20.111,58.5,4.0,0
flow_00.123,79.0,4.0,0
flow_20.112,57.0,4.5,0
flow_00.124,60.5,4.0,0
flow_20.113,55.5,4.5,0
flow_00.125,58.5,4.5,0
flow_20.114,47.5,4.5,0
flow_10.117,73.0,4.5,0
flow_30.121,84.5,4.5,0
flow_10.118,71.5,4.0,0
flow_30.122,84.0,4.0,0
flow_30.123,82.5,4.0,0
flow_10.119,71.0,4.0,0
flow_30.124,81.0,4.0,0
flow_10.120,70.0,4.0,0
flow_30.125,78.5,4.0,0
flow_10.121,65.0,4.0,0
flow_30.126,61.0,4.0,0
flow_10.122,58.5,4.0,0
flow_30.127,58.5,4.0,0
flow_10.123,57.0,4.0,0
flow_20.115,65.5,4.0,0
flow_00.126,83.0,4.5,0
flow_20.116,53.0,3.5,0
flow_00.127,84.0,4.5,0
flow_20.117,53.0,4.0,0
flow_00.128,67.0,4.5,0
flow_20.118,41.5,3.5,0
flow_00.129,57.0,4.0,0
flow_20.119,39.5,4.0,0
flow_00.130,51.0,4.0,0
flow_20.120,38.5,4.0,0
flow_00.131,49.5,4.0,0
flow_20.121,37.0,3.5,0
flow_00.132,40.5,4.0,0
flow_30.128,83.5,4.0,0
flow_10.124,84.0,4.5,0
flow_30.129,82.5,3.5,0
flow_10.125,81.0,4.0,0
flow_10.126,80.0,4.0,0
flow_30.130,83.0,4.0,0
flow_10.127,78.5,3.5,0
flow_30.131,81.0,3.5,0
flow_10.128,77.5,4.0,0
flow_30.132,80.0,4.0,0
flow_10.129,60.5,4.5,0
flow_30.133,60.5,4.0,0
flow_30.134,58.5,4.0,0
flow_10.130,60.5,5.0,0
flow_20.122,63.0,4.0,0
flow_00.133,57.0,4.5,0
flow_00.134,56.0,4.0,0
flow_20.123,65.5,5.0,0
flow_00.135,51.5,4.0,0
flow_20.124,63.0,4.0,0
flow_00.136,39.5,3.5,0
flow_20.125,61.5,4.5,0
flow_00.137,25.5,3.5,0
flow_20.126,58.5,4.5,0
flow_20.127,52.5,4.0,0
flow_00.138,25.5,3.0,0
flow_20.128,52.0,4.5,0
flow_30.135,85.0,4.5,0
flow_10.131,85.5,5.0,0
flow_30.136,84.5,4.0,0
flow_10.132,84.0,4.0,0
flow_30.137,82.5,4.0,0
flow_10.133,82.5,4.0,0
flow_30.138,81.0,3.5,0
flow_10.134,82.0,4.0,0
flow_30.139,79.0,4.0,0
flow_10.135,79.5,4.0,0
flow_30.140,61.0,4.0,0
flow_10.136,61.0,4.0,0
flow_10.137,58.5,4.0,0
flow_30.141,59.0,4.0,0
flow_20.129,76.5,4.5,0
flow_00.139,49.5,4.5,0
flow_20.130,70.0,4.0,0
flow_00.140,48.5,4.0,0
flow_20.131,51.5,4.0,0
flow_00.141,39.5,4.0,0
flow_00.142,39.0,4.0,0
flow_20.132,52.0,4.5,0
flow_00.143,30.0,4.0,0
flow_20.133,50.5,4.5,0
flow_00.144,28.5,4.5,0
flow_20.134,49.0,4.5,0
flow_00.145,27.0,4.0,0
flow_20.135,48.0,4.0,0
flow_30.142,84.0,4.0,0
flow_10.138,84.5,4.5,0
flow_30.143,84.0,4.0,0
flow_10.139,84.5,4.0,0
flow_10.140,83.0,4.0,0
flow_30.144,83.0,4.0,0
flow_30.145,81.5,4.0,0
flow_10.141,82.0,4.5,0
flow_30.146,79.0,4.0,0
flow_10.142,80.0,4.0,0
flow_30.147,60.0,4.0,0
flow_10.143,60.5,4.0,0
flow_30.148,57.5,4.0,0
flow_10.144,58.0,4.0,0
flow_20.136,71.5,4.0,0
flow_00.146,27.0,4.0,0
flow_20.137,62.5,3.5,0
flow_20.138,59.0,3.5,0
flow_00.147,25.0,3.0,0
flow_20.139,58.5,3.5,0
flow_20.140,46.5,4.0,0
flow_20.141,45.5,4.0,0
flow_20.142,44.0,4.0,0
flow_30.149,84.0,4.5,0
flow_10.145,84.0,4.5,0
flow_30.150,83.0,3.5,0
flow_10.146,83.5,4.0,0
flow_30.151,81.5,3.5,0
flow_10.147,83.0,4.0,0
flow_30.152,80.5,4.0,0
flow_10.148,81.5,4.0,0
flow_10.149,79.0,4.0,0
flow_30.153,79.5,4.0,0
flow_10.150,60.5,3.5,0
flow_30.154,60.5,4.0,0
flow_10.151,58.0,4.0,0
flow_30.155,59.0,4.0,0
flow_20.143,69.5,4.0,0
flow_00.148,52.5,4.5,0
flow_00.149,49.0,3.5,0
flow_20.144,69.5,3.5,0
flow_20.145,62.0,4.0,0
flow_00.150,49.0,4.0,0
flow_20.146,61.5,4.0,0
flow_00.151,43.0,4.5,0
flow_20.147,60.5,4.5,0
flow_00.152,41.5,4.5,0
flow_00.153,26.0,4.0,0
flow_20.148,59.0,4.0,0
flow_20.149,57.0,4.5,0
flow_10.152,84.0,4.5,0
flow_30.156,85.0,4.5,0
flow_10.153,83.0,3.5,0
flow_30.157,83.5,4.0,0
flow_10.154,82.0,3.5,0
flow_30.158,82.0,3.5,0
flow_30.159,81.5,4.0,0
flow_10.155,82.0,4.0,0
flow_00.0,23.5,3.0,0
flow_10.0,26.5,3.5,0
flow_30.0,31.5,4.0,0
flow_30.1,31.5,4.0,0
flow_30.2,30.5,4.0,0
flow_10.1,25.0,3.0,0
flow_10.2,23.5,3.0,0
flow_30.3,24.5,3.0,0
flow_10.3,23.5,2.5,0
flow_00.1,51.0,4.5,0
flow_20.0,55.0,4.5,0
flow_20.1,53.5,4.0,0
flow_00.2,52.0,4.5,0
flow_20.2,52.5,3.5,0
flow_00.3,50.5,4.0,0
flow_20.3,52.5,4.0,0
flow_00.4,49.0,4.0,0
flow_00.5,47.0,4.0,0
flow_20.4,39.5,4.5,0
flow_00.6,41.5,3.5,0
flow_20.5,38.0,4.0,0
flow_00.7,40.5,4.0,0
flow_20.6,36.0,4.5,0
flow_30.4,35.0,4.0,0
flow_10.4,42.0,4.0,0
flow_30.5,34.0,4.0,0
flow_10.5,39.5,3.5,0
flow_10.6,33.0,4.0,0
flow_20.7,57.0,4.5,0
flow_00.8,54.5,4.5,0
flow_00.9,52.5,4.0,0
flow_20.8,58.0,4.5,0
flow_00.10,51.5,4.0,0
flow_20.9,47.5,4.5,0
flow_00.11,50.5,4.0,0
flow_20.10,35.0,4.0,0
flow_20.11,33.5,4.5,0
flow_20.12,32.5,4.0,0
flow_20.13,27.5,4.0,0
flow_10.7,52.5,4.5,0
flow_30.6,46.0,4.5,0
flow_30.7,34.5,4.0,0
flow_10.8,52.5,4.0,0
flow_10.9,48.0,4.0,0
flow_30.8,26.0,3.5,0
flow_10.10,46.5,4.0,0
flow_10.11,41.5,4.0,0
flow_10.12,39.5,4.0,0
flow_10.13,38.0,4.5,0
flow_20.14,52.0,4.0,0
flow_00.12,56.0,4.5,0
flow_00.13,50.0,4.0,0
flow_20.15,52.0,4.0,0
flow_20.16,51.5,4.0,0
flow_00.14,50.0,4.0,0
flow_20.17,50.5,4.5,0
flow_00.15,50.0,4.5,0
flow_20.18,48.5,4.0,0
flow_00.16,48.0,4.5,0
flow_20.19,42.0,4.5,0
flow_00.17,46.5,4.5,0
flow_20.20,40.0,4.0,0
flow_00.18,37.0,4.5,0
flow_30.9,32.5,4.0,0
flow_10.14,53.5,4.0,0
flow_30.10,30.0,4.0,0
flow_10.15,50.0,4.5,0
flow_10.16,46.0,4.0,0
flow_30.11,27.0,4.0,0
flow_10.17,43.0,4.0,0
flow_10.18,38.5,3.5,0
flow_30.12,26.0,3.5,0
flow_10.19,29.5,3.5,0
flow_30.13,26.0,3.5,0
flow_10.20,29.0,4.0,0
flow_20.21,64.5,4.5,0
flow_00.19,41.0,4.5,0
flow_20.22,63.5,4.0,0
flow_00.20,41.0,4.0,0
flow_00.21,40.0,4.0,0
flow_20.23,64.0,4.5,0
flow_00.22,37.5,4.0,0
flow_20.24,54.5,4.5,0
flow_00.23,34.0,4.0,0
flow_20.25,52.5,4.0,0
flow_20.26,51.0,4.0,0
flow_00.24,32.5,4.5,0
flow_20.27,50.0,4.0,0
flow_00.25,31.0,4.5,0
flow_30.14,48.0,4.0,0
flow_10.21,56.0,4.5,0
flow_10.22,54.5,4.0,0
flow_30.15,42.0,4.0,0
flow_10.23,54.5,4.0,0
flow_10.24,52.5,4.0,0
flow_30.16,24.5,3.0,0
flow_10.25,49.0,3.5,0
flow_10.26,45.5,4.0,0
flow_30.17,27.0,4.0,0
flow_10.27,30.5,4.0,0
flow_20.28,74.5,4.5,0
flow_00.26,56.0,4.5,0
flow_20.29,74.5,4.0,0
flow_00.27,56.0,4.0,0
flow_20.30,73.0,4.0,0
flow_00.28,55.5,4.5,0
flow_20.31,71.5,3.5,0
flow_00.29,53.5,4.0,0
flow_20.32,69.5,4.0,0
flow_00.30,52.0,4.0,0
flow_20.33,60.0,4.5,0
flow_00.31,51.0,4.0,0
flow_20.34,58.5,4.5,0
flow_00.32,46.5,4.0,0
flow_10.28,54.5,4.0,0
flow_30.18,49.5,4.5,0
flow_10.29,41.0,3.5,0
flow_30.19,45.0,4.0,0
flow_10.30,39.0,3.5,0
flow_10.31,38.5,4.0,0
flow_30.20,25.5,3.5,0
flow_10.32,37.5,4.0,0
flow_10.33,28.0,4.0,0
flow_20.35,83.5,4.5,0
flow_00.33,64.5,4.5,0
flow_00.34,64.0,4.0,0
flow_20.36,83.5,4.0,0
flow_20.37,66.5,4.0,0
flow_00.35,63.5,4.0,0
flow_00.36,63.0,4.0,0
flow_20.38,55.0,4.0,0
flow_20.39,48.5,4.5,0
flow_00.37,54.5,4.0,0
flow_20.40,35.0,4.0,0
flow_00.38,44.0,4.0,0
flow_20.41,34.5,4.5,0
flow_00.39,45.0,4.5,0
flow_30.21,52.0,4.0,0
flow_10.34,38.5,4.0,0
flow_30.22,36.0,4.0,0
flow_10.35,38.5,4.0,0
flow_30.23,35.5,4.0,0
flow_10.36,36.5,4.0,0
flow_30.24,34.5,4.0,0
flow_10.37,34.5,4.0,0
flow_10.38,30.5,3.5,0
flow_30.25,26.5,4.0,0
flow_10.39,29.5,4.0,0
flow_00.40,67.0,4.0,0
flow_20.42,59.0,4.0,0
flow_20.43,54.5,3.5,0
flow_00.41,67.0,4.0,0
flow_20.44,47.5,3.5,0
flow_00.42,65.5,4.0,0
flow_20.45,47.0,3.5,0
flow_00.43,65.5,4.0,0
flow_20.46,45.5,4.0,0
flow_00.44,63.5,4.5,0
flow_20.47,44.5,4.0,0
flow_00.45,37.5,4.0,0
flow_20.48,43.5,4.0,0
flow_00.46,30.0,4.0,0
flow_30.26,34.5,4.0,0
flow_10.40,35.5,4.0,0
flow_10.41,25.0,3.0,0
flow_30.27,26.0,3.5,0
flow_10.42,24.5,3.0,0
flow_10.43,25.0,3.0,0
flow_00.47,55.5,4.5,0
flow_20.49,69.5,4.5,0
flow_00.48,55.0,4.0,0
flow_20.50,69.0,4.0,0
flow_00.49,53.0,4.0,0
flow_20.51,68.5,4.0,0
flow_00.50,42.5,3.5,0
flow_20.52,66.5,4.0,0
flow_00.51,27.5,4.0,0
flow_20.53,64.5,4.0,0
flow_20.54,39.5,4.0,0
flow_00.52,25.5,3.5,0
flow_20.55,34.0,4.0,0
flow_10.44,50.5,4.0,0
flow_30.28,52.5,4.0,0
flow_30.29,26.0,3.0,0
flow_10.45,50.5,4.0,0
flow_10.46,45.0,4.0,0
flow_30.30,25.5,3.5,0
flow_30.31,28.0,4.0,0
flow_30.32,26.5,3.5,0
flow_10.47,26.5,3.5,0
flow_00.53,49.0,4.0,0
flow_20.56,59.5,4.5,0
flow_00.54,49.5,4.0,0
flow_20.57,47.5,4.0,0
flow_00.55,42.5,4.0,0
flow_20.58,47.0,4.0,0
flow_20.59,44.5,4.0,0
flow_00.56,41.5,4.0,0
flow_20.60,32.0,4.0,0
flow_00.57,39.5,4.5,0
flow_00.58,26.0,3.5,0
flow_20.61,26.0,3.5,0
flow_10.48,52.5,4.0,0
flow_30.33,52.5,4.5,0
flow_10.49,52.5,3.5,0
flow_30.34,52.0,4.0,0
flow_10.50,52.0,4.0,0
flow_30.35,51.0,4.0,0
flow_30.36,38.0,4.0,0
flow_10.51,52.0,4.0,0
flow_10.52,50.0,4.0,0
flow_30.37,30.0,4.5,0
flow_10.53,48.0,3.5,0
flow_30.38,29.0,4.5,0
flow_10.54,47.0,4.0,0
flow_00.59,53.0,4.0,0
flow_00.60,53.5,4.0,0
flow_00.61,52.5,4.0,0
flow_20.62,25.5,3.5,0
flow_00.62,50.0,3.5,0
flow_00.63,50.0,4.5,0
flow_00.64,48.5,4.0,0
flow_00.65,37.5,4.0,0
flow_30.39,38.0,4.0,0
flow_10.55,74.0,4.5,0
flow_10.56,72.0,4.0,0
flow_10.57,70.5,3.5,0
flow_10.58,70.0,4.0,0
flow_10.59,67.5,4.0,0
flow_10.60,60.0,4.0,0
flow_30.40,23.0,2.5,0
flow_10.61,57.5,4.0,0
flow_20.63,48.0,4.5,0
flow_00.66,61.5,4.5,0
flow_00.67,60.5,4.0,0
flow_20.64,48.0,4.0,0
flow_00.68,60.5,4.0,0
flow_20.65,48.0,4.5,0
flow_00.69,59.0,4.0,0
flow_00.70,58.0,4.5,0
flow_00.71,57.0,4.0,0
flow_20.66,24.0,2.5,0
flow_00.72,56.0,4.5,0
flow_30.41,44.5,4.5,0
flow_10.62,85.0,4.5,0
flow_10.63,84.0,4.0,0
flow_30.42,42.5,4.5,0
flow_30.43,40.5,4.5,0
flow_10.64,84.0,4.0,0
flow_10.65,80.0,4.5,0
flow_30.44,37.0,4.5,0
flow_10.66,71.0,4.0,0
flow_10.67,62.0,4.5,0
flow_10.68,58.5,4.0,0
flow_00.73,81.0,4.5,0
flow_20.67,51.0,4.0,0
flow_20.68,50.0,3.5,0
flow_00.74,77.5,4.0,0
flow_20.69,42.0,3.5,0
flow_00.75,61.5,4.0,0
flow_20.70,33.5,3.5,0
flow_00.76,56.0,4.0,0
flow_00.77,52.5,4.0,0
flow_20.71,33.0,4.0,0
flow_20.72,31.5,4.0,0
flow_00.78,52.5,4.0,0
flow_00.79,50.5,4.5,0
flow_20.73,25.5,3.5,0
flow_10.69,75.0,4.0,0
flow_30.45,38.5,4.0,0
flow_10.70,74.5,4.0,0
flow_30.46,39.0,4.0,0
flow_30.47,38.0,3.5,0
flow_10.71,74.0,4.0,0
flow_10.72,72.5,4.0,0
flow_10.73,70.5,4.0,0
flow_10.74,60.0,4.0,0
flow_10.75,58.0,4.0,0
flow_20.74,45.5,4.5,0
flow_00.80,71.0,5.0,0
flow_20.75,39.0,4.0,0
flow_00.81,66.5,4.0,0
flow_20.76,37.5,4.0,0
flow_00.82,59.5,4.0,0
flow_00.83,51.0,4.5,0
flow_00.84,49.5,4.0,0
flow_00.85,48.0,4.0,0
flow_00.86,46.5,4.0,0
flow_10.76,83.0,4.0,0
flow_30.48,42.0,4.0,0
flow_10.77,83.0,3.5,0
flow_10.78,81.0,3.5,0
flow_30.49,26.0,3.5,0
flow_10.79,76.0,3.5,0
flow_10.80,74.0,3.5,0
flow_10.81,60.0,4.0,0
flow_10.82,58.5,4.0,0
flow_00.87,68.5,4.0,0
flow_20.77,49.5,4.5,0
flow_00.88,67.5,3.5,0
flow_20.78,46.0,4.0,0
flow_00.89,62.0,4.0,0
flow_20.79,24.5,3.0,0
flow_00.90,42.0,4.0,0
flow_20.80,25.0,3.5,0
flow_00.91,40.5,4.0,0
flow_00.92,39.5,4.0,0
flow_00.93,38.5,4.0,0
flow_10.83,84.5,4.5,0
flow_30.50,37.0,4.5,0
flow_10.84,83.0,4.0,0
flow_10.85,83.5,4.5,0
flow_10.86,79.5,4.0,0
flow_30.51,25.0,3.0,0
flow_10.87,78.5,4.5,0
flow_10.88,60.5,4.0,0
flow_30.52,25.5,3.0,0
flow_10.89,58.0,4.5,0
flow_20.81,53.5,4.5,0
flow_00.94,64.5,4.5,0
flow_00.95,63.5,4.0,0
flow_20.82,51.5,4.5,0
flow_00.96,62.0,4.0,0
flow_20.83,41.5,4.5,0
flow_00.97,61.5,4.0,0
flow_20.84,40.0,4.0,0
flow_00.98,59.5,4.0,0
flow_20.85,36.0,4.5,0
flow_00.99,58.0,3.5,0
flow_20.86,35.5,4.5,0
flow_00.100,56.5,4.0,0
flow_20.87,30.5,4.0,0
flow_10.90,84.5,4.0,0
flow_30.53,54.5,4.0,0
flow_30.54,54.0,4.0,0
flow_10.91,84.5,4.5,0
flow_30.55,52.5,3.5,0
flow_10.92,83.0,4.0,0
flow_30.56,34.0,3.5,0
flow_10.93,82.0,4.0,0
flow_10.94,80.0,4.0,0
flow_30.57,30.0,4.5,0
flow_10.95,62.5,4.5,0
flow_10.96,60.5,4.5,0
flow_00.101,81.0,4.0,0
flow_20.88,58.0,4.5,0
flow_00.102,81.5,4.0,0
flow_20.89,57.0,4.5,0
flow_00.103,80.5,4.0,0
flow_20.90,48.5,3.5,0
flow_00.104,79.5,3.5,0
flow_20.91,48.0,4.0,0
flow_00.105,77.0,4.0,0
flow_20.92,44.5,3.5,0
flow_00.106,60.5,3.5,0
flow_20.93,34.0,4.0,0
flow_00.107,58.5,4.0,0
flow_20.94,33.0,4.5,0
flow_10.97,84.0,4.5,0
flow_30.58,51.0,4.0,0
flow_10.98,82.5,3.5,0
flow_10.99,83.0,4.0,0
flow_10.100,81.0,3.5,0
flow_10.101,79.5,4.0,0
flow_10.102,60.0,4.0,0
flow_10.103,58.0,4.0,0
flow_30.59,26.0,4.0,0
flow_20.95,57.0,4.0,0
flow_00.108,84.0,4.5,0
flow_00.109,83.5,4.0,0
flow_20.96,57.5,4.0,0
flow_20.97,56.0,3.5,0
flow_00.110,83.5,4.5,0
flow_20.98,55.5,4.0,0
flow_00.111,82.0,4.0,0
flow_00.112,79.5,4.0,0
flow_20.99,51.5,4.0,0
flow_00.113,61.0,4.0,0
flow_20.100,37.0,4.5,0
flow_20.101,32.0,4.0,0
flow_00.114,59.5,4.0,0
flow_10.104,82.0,4.0,0
flow_30.60,42.5,4.0,0
flow_10.105,82.0,3.5,0
flow_30.61,43.5,4.0,0
flow_10.106,82.0,3.5,0
flow_10.107,81.0,4.0,0
flow_10.108,80.0,4.0,0
flow_10.109,61.5,4.5,0
flow_10.110,59.0,4.0,0
flow_00.115,84.0,4.5,0
flow_20.102,58.5,4.5,0
flow_00.116,82.5,4.0,0
flow_20.103,33.0,4.0,0
flow_20.104,26.0,3.5,0
flow_00.117,82.5,4.0,0
flow_00.118,81.5,4.0,0
flow_00.119,79.5,4.0,0
flow_00.120,61.0,4.0,0
flow_00.121,58.0,4.0,0
flow_30.62,25.5,3.0,0
flow_10.111,84.0,4.5,0
flow_10.112,84.0,4.0,0
flow_30.63,24.5,3.0,0
flow_10.113,82.0,4.0,0
flow_30.64,24.0,3.0,0
flow_10.114,80.5,3.5,0
flow_10.115,78.5,3.5,0
flow_10.116,59.5,3.5,0
flow_10.117,57.5,4.0,0
flow_00.122,84.0,4.5,0
flow_20.105,56.5,5.0,0
flow_00.123,83.5,4.0,0
flow_20.106,35.5,4.0,0
flow_00.124,82.5,4.0,0
flow_20.107,34.0,4.0,0
flow_20.108,32.5,4.0,0
flow_00.125,82.0,4.0,0
flow_20.109,31.5,4.0,0
flow_00.126,81.0,4.5,0
flow_20.110,30.5,4.0,0
flow_00.127,62.5,4.5,0
flow_00.128,59.0,4.0,0
flow_20.111,29.5,4.0,0
flow_10.118,85.0,4.5,0
flow_30.65,54.5,4.5,0
flow_10.119,84.0,4.0,0
flow_30.66,52.5,4.5,0
flow_10.120,82.5,4.0,0
flow_30.67,51.0,4.0,0
flow_10.121,82.0,4.0,0
flow_30.68,48.5,4.5,0
flow_30.69,38.0,4.0,0
flow_10.122,80.0,4.0,0
flow_30.70,35.5,4.0,0
flow_10.123,61.5,4.0,0
flow_30.71,34.0,4.0,0
flow_10.124,59.0,4.0,0
flow_00.129,83.0,4.0,0
flow_20.112,42.0,4.0,0
flow_00.130,82.0,3.5,0
flow_20.113,34.0,4.0,0
flow_00.131,81.5,4.0,0
flow_20.114,27.5,4.0,0
flow_00.132,80.5,3.5,0
flow_20.115,26.0,4.0,0
flow_00.133,78.5,4.0,0
flow_00.134,60.0,4.0,0
flow_00.135,57.0,4.0,0
flow_30.72,31.5,4.0,0
flow_10.125,84.5,4.5,0
flow_10.126,83.0,3.5,0
flow_30.73,34.0,4.5,0
flow_10.127,82.5,4.0,0
flow_10.128,82.0,3.5,0
flow_10.129,81.0,4.5,0
flow_10.130,61.5,4.0,0
flow_10.131,58.5,4.0,0
flow_20.116,52.0,4.5,0
flow_00.136,84.0,4.5,0
flow_20.117,44.5,4.0,0
flow_00.137,85.0,4.5,0
flow_20.118,41.0,4.0,0
flow_00.138,84.0,4.5,0
flow_20.119,37.0,4.0,0
flow_00.139,82.5,4.5,0
flow_00.140,79.5,4.0,0
flow_20.120,36.5,5.0,0
flow_00.141,61.0,4.0,0
flow_20.121,35.0,4.5,0
flow_00.142,59.0,4.0,0
flow_20.122,33.5,4.5,0
flow_30.74,40.0,4.0,0
flow_10.132,84.0,4.0,0
flow_10.133,83.0,3.5,0
flow_10.134,83.0,4.0,0
flow_10.135,81.5,4.5,0
flow_10.136,79.5,4.0,0
flow_10.137,61.0,4.0,0
flow_10.138,59.5,4.5,0
flow_20.123,45.5,4.0,0
flow_00.143,85.5,4.5,0
flow_20.124,46.0,3.5,0
flow_00.144,87.0,5.0,0
flow_20.125,45.0,3.5,0
flow_00.145,85.0,4.5,0
flow_20.126,44.0,4.0,0
flow_00.146,83.0,4.5,0
flow_20.127,42.0,4.0,0
flow_00.147,81.0,4.0,0
flow_20.128,40.5,4.5,0
flow_00.148,62.0,4.5,0
flow_20.129,39.0,4.0,0
flow_00.149,59.5,4.5,0
flow_30.75,50.5,4.5,0
flow_10.139,84.5,4.5,0
flow_10.140,85.0,4.5,0
flow_30.76,24.0,2.5,0
flow_10.141,83.0,4.0,0
flow_10.142,82.0,4.0,0
flow_30.77,24.5,3.0,0
flow_10.143,79.5,4.5,0
flow_10.144,60.5,4.0,0
flow_10.145,58.5,4.0,0
flow_00.150,84.5,4.5,0
flow_20.130,52.0,4.5,0
flow_20.131,49.5,4.0,0
flow_00.151,84.0,4.0,0
flow_20.132,48.5,3.5,0
flow_00.152,83.0,4.5,0
flow_20.133,48.0,4.0,0
flow_00.153,82.0,4.0,0
flow_20.134,47.0,4.0,0
flow_00.154,81.0,4.0,0
flow_20.135,46.0,4.5,0
flow_00.155,62.5,4.5,0
flow_20.136,36.0,4.0,0
flow_00.156,60.0,4.5,0
flow_30.78,48.0,4.0,0
flow_10.146,85.5,4.5,0
flow_30.79,30.0,4.0,0
flow_10.147,84.0,3.5,0
flow_30.80,29.5,4.0,0
flow_10.148,82.5,3.5,0
flow_10.149,81.5,4.0,0
flow_10.150,79.0,3.5,0
flow_10.151,61.5,4.0,0
flow_10.152,59.5,4.0,0
flow_20.137,54.0,4.5,0
flow_00.157,84.0,4.5,0
flow_20.138,38.0,3.5,0
flow_00.158,84.0,4.0,0
flow_20.139,37.0,3.5,0
flow_00.159,82.5,4.0,0
flow_20.140,36.0,3.5,0
flow_00.160,81.5,4.0,0
flow_20.141,34.5,3.5,0
flow_00.161,79.5,4.5,0
flow_00.162,61.5,4.0,0
flow_00.163,58.5,4.5,0
flow_10.153,84.5,4.5,0
flow_10.154,83.5,4.5,0
flow_10.155,83.0,4.0,0
flow_10.156,81.5,4.5,0
flow_20.0,23.0,2.5,0
flow_00.0,24.5,3.0,0
flow_10.0,36.0,4.5,0
flow_30.0,24.5,3.0,0
flow_10.1,35.5,4.0,0
flow_10.2,34.5,4.0,0
flow_30.1,24.5,3.0,0
flow_10.3,26.5,3.5,0
flow_10.4,26.0,3.5,0
flow_30.2,27.0,4.0,0
flow_00.1,52.5,4.5,0
flow_20.1,50.0,4.5,0
flow_00.2,37.5,4.0,0
flow_20.2,50.0,4.0,0
flow_00.3,36.0,3.5,0
flow_20.3,49.0,4.0,0
flow_00.4,35.5,3.5,0
flow_20.4,48.0,4.0,0
flow_20.5,46.5,4.0,0
flow_00.5,33.0,4.0,0
flow_20.6,45.0,4.0,0
flow_00.6,30.5,4.5,0
flow_20.7,43.5,4.0,0
flow_00.7,29.0,4.0,0
flow_10.5,52.5,4.0,0
flow_30.3,52.5,4.0,0
flow_10.6,53.0,4.0,0
flow_30.4,52.5,4.0,0
flow_10.7,52.5,4.0,0
flow_30.5,51.5,4.0,0
flow_10.8,50.5,4.0,0
flow_30.6,50.0,4.0,0
flow_10.9,49.0,4.0,0
flow_30.7,49.0,4.5,0
flow_10.10,35.5,4.0,0
flow_30.8,48.0,4.0,0
flow_10.11,32.5,4.0,0
flow_30.9,47.0,4.5,0
flow_20.8,70.0,4.5,0
flow_00.8,54.5,4.5,0
flow_20.9,68.5,4.0,0
flow_00.9,45.0,4.0,0
flow_20.10,66.0,4.5,0
flow_00.10,44.0,4.0,0
flow_00.11,34.5,4.0,0
flow_20.11,60.5,4.5,0
flow_00.12,29.0,4.0,0
flow_20.12,48.0,4.0,0
flow_20.13,47.0,4.5,0
flow_20.14,36.0,4.0,0
flow_30.10,67.5,4.0,0
flow_10.12,60.0,4.5,0
flow_30.11,67.0,4.5,0
flow_10.13,47.5,4.0,0
flow_10.14,45.0,4.0,0
flow_30.12,61.0,4.0,0
flow_10.15,34.0,4.0,0
flow_30.13,60.0,4.5,0
flow_30.14,58.5,4.5,0
flow_10.16,34.0,4.5,0
flow_30.15,54.0,4.5,0
flow_10.17,33.0,4.5,0
flow_10.18,31.5,4.5,0
flow_30.16,51.5,4.5,0
flow_20.15,59.5,4.0,0
flow_00.13,50.0,4.5,0
flow_20.16,51.0,3.5,0
flow_00.14,42.5,4.0,0
flow_20.17,50.5,3.5,0
flow_00.15,37.0,4.0,0
flow_00.16,31.0,4.0,0
flow_20.18,50.5,4.5,0
flow_00.17,29.5,4.0,0
flow_20.19,49.0,4.0,0
flow_20.20,48.0,4.5,0
flow_20.21,45.0,4.0,0
flow_30.17,67.5,4.5,0
flow_10.19,57.5,4.5,0
flow_10.20,55.5,4.0,0
flow_30.18,37.5,4.5,0
flow_30.19,36.5,4.5,0
flow_10.21,55.5,4.5,0
flow_30.20,35.0,4.0,0
flow_10.22,51.0,4.0,0
flow_10.23,49.0,4.5,0
flow_30.21,27.5,4.0,0
flow_10.24,34.5,4.0,0
flow_30.22,27.0,4.0,0
flow_20.22,64.0,4.0,0
flow_00.18,38.0,4.5,0
flow_00.19,30.5,4.0,0
flow_20.23,64.0,4.0,0
flow_20.24,62.5,3.5,0
flow_00.20,29.5,4.0,0
flow_20.25,61.5,3.5,0
flow_00.21,24.5,3.0,0
flow_20.26,52.0,3.5,0
flow_20.27,47.0,4.0,0
flow_00.22,27.5,3.5,0
flow_20.28,36.0,4.0,0
flow_30.23,47.5,4.0,0
flow_10.25,39.0,4.0,0
flow_10.26,38.5,3.5,0
flow_30.24,42.5,4.0,0
flow_10.27,40.0,4.5,0
flow_10.28,35.5,4.0,0
flow_10.29,31.5,4.5,0
flow_30.25,24.5,3.0,0
flow_10.30,28.5,4.0,0
flow_20.29,62.0,4.5,0
flow_00.23,52.0,4.5,0
flow_20.30,61.5,4.0,0
flow_00.24,51.5,4.0,0
flow_20.31,54.5,4.0,0
flow_00.25,51.0,4.0,0
flow_20.32,53.0,3.5,0
flow_00.26,49.5,4.0,0
flow_20.33,52.5,4.0,0
flow_00.27,49.5,4.5,0
flow_00.28,47.0,4.0,0
flow_20.34,48.0,4.0,0
flow_20.35,46.5,4.5,0
flow_00.29,46.0,4.0,0
flow_10.31,52.5,4.0,0
flow_30.26,42.5,4.5,0
flow_10.32,51.5,3.5,0
flow_30.27,38.0,4.0,0
flow_10.33,51.0,3.5,0
flow_30.28,32.5,4.0,0
flow_10.34,46.0,4.0,0
flow_10.35,45.0,4.0,0
flow_30.29,23.5,3.0,0
flow_10.36,38.0,4.0,0
flow_10.37,36.5,4.5,0
flow_20.36,63.5,4.5,0
flow_00.30,71.0,4.5,0
flow_00.31,70.0,3.5,0
flow_20.37,60.0,4.0,0
flow_00.32,66.5,3.5,0
flow_20.38,58.5,4.0,0
flow_00.33,65.5,3.5,0
flow_20.39,57.0,3.5,0
flow_00.34,64.5,4.0,0
flow_20.40,56.5,4.0,0
flow_00.35,60.0,4.0,0
flow_20.41,41.5,4.5,0
flow_00.36,56.5,4.0,0
flow_20.42,27.0,4.0,0
flow_30.30,48.0,4.0,0
flow_10.38,62.0,4.5,0
flow_10.39,61.0,4.0,0
flow_30.31,41.5,3.5,0
flow_30.32,40.5,3.5,0
flow_10.40,57.0,4.0,0
flow_30.33,40.0,4.0,0
flow_10.41,50.0,4.0,0
flow_10.42,48.0,4.0,0
flow_30.34,39.0,4.0,0
flow_10.43,40.5,4.0,0
flow_30.35,38.0,4.0,0
flow_30.36,36.0,4.5,0
flow_10.44,40.0,4.5,0
flow_00.37,80.5,4.5,0
flow_20.43,52.5,4.5,0
flow_00.38,68.5,4.0,0
flow_20.44,27.0,4.0,0
flow_20.45,25.5,3.5,0
flow_00.39,57.0,3.5,0
flow_00.40,56.5,3.5,0
flow_20.46,25.0,3.5,0
flow_00.41,53.5,4.0,0
flow_20.47,24.5,3.0,0
flow_00.42,53.0,4.5,0
flow_00.43,51.0,4.0,0
flow_10.45,65.5,4.5,0
flow_30.37,48.0,4.5,0
flow_10.46,65.5,4.0,0
flow_30.38,48.5,4.0,0
flow_30.39,27.5,4.0,0
flow_10.47,65.0,4.0,0
flow_10.48,63.5,4.0,0
flow_30.40,24.5,3.0,0
flow_10.49,61.5,4.0,0
flow_10.50,59.5,4.5,0
flow_10.51,58.0,4.0,0
flow_20.48,52.5,4.5,0
flow_00.44,74.0,4.5,0
flow_00.45,70.5,4.0,0
flow_20.49,51.0,4.0,0
flow_20.50,49.5,4.0,0
flow_00.46,65.0,4.0,0
flow_20.51,45.0,3.5,0
flow_00.47,63.5,4.0,0
flow_20.52,38.5,4.0,0
flow_00.48,58.5,4.0,0
flow_20.53,37.0,4.0,0
flow_00.49,37.0,4.0,0
flow_00.50,35.5,4.0,0
flow_20.54,27.0,4.0,0
flow_10.52,50.0,4.5,0
flow_30.41,55.0,4.5,0
flow_30.42,47.5,4.0,0
flow_10.53,49.5,4.0,0
flow_30.43,36.0,4.0,0
flow_10.54,34.0,4.5,0
flow_10.55,32.5,4.0,0
flow_30.44,32.5,4.0,0
flow_10.56,26.0,3.5,0
flow_30.45,24.5,3.0,0
flow_10.57,24.5,3.0,0
flow_00.51,57.0,5.0,0
flow_20.55,49.5,5.0,0
flow_00.52,48.5,4.0,0
flow_20.56,25.5,3.0,0
flow_00.53,47.0,4.0,0
flow_00.54,44.5,4.0,0
flow_20.57,28.0,4.0,0
flow_00.55,37.5,4.5,0
flow_30.46,53.5,4.0,0
flow_10.58,50.5,4.5,0
flow_30.47,46.0,4.0,0
flow_10.59,50.5,4.0,0
flow_30.48,40.5,4.0,0
flow_10.60,49.5,4.0,0
flow_30.49,39.0,3.5,0
flow_10.61,48.0,4.0,0
flow_10.62,47.0,4.0,0
flow_30.50,34.0,4.0,0
flow_10.63,45.0,4.0,0
flow_10.64,43.5,4.0,0
flow_30.51,31.0,4.5,0
flow_20.58,47.5,4.0,0
flow_00.56,51.5,4.5,0
flow_00.57,51.0,4.0,0
flow_20.59,23.5,3.0,0
flow_00.58,51.0,4.0,0
flow_00.59,49.5,4.0,0
flow_20.60,25.5,3.0,0
flow_00.60,49.5,4.5,0
flow_00.61,47.5,4.5,0
flow_00.62,46.0,4.5,0
flow_10.65,69.5,4.5,0
flow_30.52,55.5,4.5,0
flow_10.66,68.5,4.0,0
flow_30.53,54.5,4.0,0
flow_30.54,53.0,4.0,0
flow_10.67,68.5,4.0,0
flow_10.68,67.0,4.0,0
flow_30.55,52.5,4.0,0
flow_10.69,65.5,4.5,0
flow_30.56,51.5,4.0,0
flow_10.70,60.5,4.0,0
flow_30.57,51.5,4.5,0
flow_10.71,59.0,4.5,0
flow_30.58,49.5,4.5,0
flow_20.61,40.5,4.0,0
flow_00.63,69.0,4.5,0
flow_20.62,39.0,3.5,0
flow_00.64,47.5,4.0,0
flow_00.65,40.5,3.5,0
flow_20.63,38.5,3.5,0
flow_00.66,39.5,4.0,0
flow_20.64,26.0,3.5,0
flow_00.67,40.5,4.5,0
flow_20.65,26.0,3.5,0
flow_00.68,38.5,4.5,0
flow_20.66,25.5,3.5,0
flow_00.69,37.0,4.0,0
flow_10.72,76.5,4.0,0
flow_30.59,70.5,4.5,0
flow_30.60,70.0,4.0,0
flow_10.73,77.5,4.0,0
flow_10.74,70.5,4.0,0
flow_30.61,70.5,4.5,0
flow_10.75,69.0,3.5,0
flow_30.62,69.0,4.0,0
flow_10.76,67.0,4.0,0
flow_30.63,67.0,3.5,0
flow_10.77,35.5,4.0,0
flow_30.64,61.0,4.0,0
flow_30.65,58.5,4.0,0
flow_00.70,60.5,4.0,0
flow_20.67,50.5,4.0,0
flow_00.71,60.5,3.5,0
flow_20.68,30.0,4.0,0
flow_00.72,59.5,3.5,0
flow_00.73,58.5,4.0,0
flow_20.69,29.0,4.5,0
flow_00.74,57.0,3.5,0
flow_00.75,56.0,4.0,0
flow_00.76,54.5,4.0,0
flow_30.66,83.5,4.0,0
flow_10.78,39.0,4.5,0
flow_10.79,38.0,3.5,0
flow_30.67,83.0,4.0,0
flow_30.68,82.5,4.0,0
flow_10.80,38.5,4.0,0
flow_30.69,81.0,3.5,0
flow_10.81,35.0,4.5,0
flow_30.70,78.5,4.0,0
flow_10.82,26.0,3.5,0
flow_30.71,60.5,3.5,0
flow_30.72,58.0,4.0,0
flow_00.77,80.5,4.5,0
flow_20.70,32.5,4.5,0
flow_00.78,79.0,3.5,0
flow_00.79,79.0,4.0,0
flow_00.80,77.5,4.0,0
flow_20.71,25.5,3.5,0
flow_00.81,75.5,4.0,0
flow_00.82,60.5,4.5,0
flow_00.83,58.0,4.0,0
flow_30.73,83.0,4.0,0
flow_10.83,47.5,4.0,0
flow_10.84,47.5,4.0,0
flow_30.74,83.5,4.0,0
flow_10.85,46.5,3.5,0
flow_30.75,83.5,4.5,0
flow_10.86,44.5,3.5,0
flow_30.76,82.0,4.0,0
flow_10.87,39.0,3.5,0
flow_30.77,80.0,4.0,0
flow_10.88,36.0,4.0,0
flow_30.78,50.0,4.5,0
flow_10.89,35.0,4.0,0
flow_30.79,48.5,4.0,0
flow_00.84,83.0,4.0,0
flow_20.72,47.5,4.5,0
flow_00.85,83.0,3.5,0
flow_20.73,46.0,4.0,0
flow_00.86,81.5,3.5,0
flow_20.74,44.0,4.0,0
flow_00.87,80.0,3.5,0
flow_00.88,78.5,3.5,0
flow_20.75,26.5,3.5,0
flow_00.89,61.0,4.0,0
flow_20.76,25.0,3.5,0
flow_00.90,59.0,4.5,0
flow_30.80,68.5,4.0,0
flow_10.90,62.5,4.5,0
flow_30.81,69.0,4.0,0
flow_10.91,61.5,4.0,0
flow_10.92,60.0,4.0,0
flow_30.82,68.5,4.0,0
flow_30.83,67.5,4.0,0
flow_10.93,47.0,4.0,0
flow_10.94,45.5,4.5,0
flow_30.84,66.0,4.0,0
flow_10.95,41.5,4.0,0
flow_30.85,56.0,4.5,0
flow_10.96,40.0,4.0,0
flow_30.86,55.0,4.0,0
flow_20.77,53.0,4.0,0
flow_00.91,85.0,4.5,0
flow_00.92,83.5,4.0,0
flow_20.78,53.0,4.0,0
flow_20.79,52.0,3.5,0
flow_00.93,83.5,4.0,0
flow_20.80,49.0,4.0,0
flow_00.94,82.0,4.0,0
flow_00.95,80.0,4.0,0
flow_20.81,48.0,4.5,0
flow_00.96,61.0,4.0,0
flow_20.82,38.0,4.5,0
flow_00.97,58.5,4.0,0
flow_20.83,27.5,4.0,0
flow_10.97,62.5,4.0,0
flow_30.87,81.0,5.0,0
flow_30.88,79.5,4.0,0
flow_10.98,55.0,4.0,0
flow_10.99,44.5,3.5,0
flow_30.89,79.0,4.5,0
flow_30.90,77.0,4.0,0
flow_10.100,44.0,4.0,0
flow_30.91,74.5,4.0,0
flow_10.101,43.0,4.0,0
flow_30.92,60.5,4.0,0
flow_10.102,41.5,4.5,0
flow_30.93,58.0,4.0,0
flow_10.103,40.0,4.0,0
flow_00.98,83.0,4.0,0
flow_20.84,53.0,4.0,0
flow_00.99,83.0,4.0,0
flow_20.85,52.5,4.0,0
flow_00.100,81.0,3.5,0
flow_20.86,51.0,3.5,0
flow_00.101,80.0,3.5,0
flow_20.87,50.0,3.5,0
flow_00.102,78.5,3.5,0
flow_20.88,49.5,4.0,0
flow_00.103,59.5,4.0,0
flow_20.89,48.0,4.0,0
flow_00.104,57.5,4.0,0
flow_20.90,46.5,4.0,0
flow_30.94,83.5,4.5,0
flow_10.104,67.0,4.5,0
flow_30.95,82.5,4.0,0
flow_10.105,67.0,4.5,0
flow_30.96,81.5,4.0,0
flow_10.106,63.0,4.5,0
flow_30.97,80.0,3.5,0
flow_10.107,58.5,4.0,0
flow_30.98,78.5,4.0,0
flow_10.108,57.5,4.5,0
flow_30.99,60.0,4.0,0
flow_10.109,51.5,4.0,0
flow_30.100,58.0,4.0,0
flow_10.110,43.0,4.5,0
flow_20.91,72.5,4.5,0
flow_00.105,85.5,4.5,0
flow_20.92,71.5,3.5,0
flow_00.106,81.0,4.0,0
flow_20.93,69.5,3.5,0
flow_00.107,79.5,4.0,0
flow_00.108,79.0,4.0,0
flow_20.94,69.5,4.0,0
flow_00.109,77.5,4.0,0
flow_20.95,68.0,4.0,0
flow_20.96,60.0,4.5,0
flow_00.110,61.0,4.5,0
flow_20.97,58.0,4.0,0
flow_00.111,58.5,4.0,0
flow_10.111,66.0,4.5,0
flow_30.101,84.5,4.5,0
flow_10.112,63.5,4.0,0
flow_30.102,84.0,4.0,0
flow_10.113,53.0,4.0,0
flow_30.103,83.0,4.0,0
flow_10.114,41.5,4.0,0
flow_30.104,82.0,4.0,0
flow_10.115,37.5,4.0,0
flow_30.105,79.5,4.0,0
flow_30.106,62.0,4.0,0
flow_30.107,50.5,4.5,0
flow_00.112,84.0,4.0,0
flow_20.98,84.0,4.5,0
flow_00.113,84.0,3.5,0
flow_20.99,83.0,4.0,0
flow_20.100,82.0,4.0,0
flow_00.114,85.0,4.5,0
flow_20.101,81.0,4.0,0
flow_00.115,83.0,4.0,0
flow_20.102,73.0,4.0,0
flow_00.116,81.0,4.5,0
flow_20.103,60.0,3.5,0
flow_00.117,62.0,4.5,0
flow_20.104,58.0,4.0,0
flow_00.118,59.5,4.5,0
flow_10.116,38.0,4.0,0
flow_30.108,74.5,4.5,0
flow_30.109,69.0,4.0,0
flow_10.117,24.5,3.0,0
flow_30.110,69.0,4.5,0
flow_30.111,66.0,4.0,0
flow_10.118,25.0,3.5,0
flow_30.112,65.5,4.5,0
flow_10.119,25.5,3.0,0
flow_30.113,46.0,4.5,0
flow_30.114,44.5,4.5,0
flow_00.119,83.5,4.5,0
flow_20.105,83.5,4.0,0
flow_20.106,83.5,4.0,0
flow_00.120,84.0,4.0,0
flow_00.121,82.5,4.0,0
flow_20.107,81.5,4.0,0
flow_00.122,81.5,4.0,0
flow_20.108,80.5,4.0,0
flow_00.123,79.0,4.0,0
flow_20.109,79.0,4.0,0
flow_00.124,60.5,4.0,0
flow_20.110,57.5,4.0,0
flow_00.125,58.5,4.5,0
flow_20.111,56.0,4.5,0
flow_10.120,42.0,4.5,0
flow_30.115,66.0,4.5,0
flow_10.121,39.0,4.0,0
flow_30.116,59.5,4.0,0
flow_10.122,38.5,4.0,0
flow_30.117,51.5,4.0,0
flow_10.123,37.0,4.0,0
flow_30.118,50.0,4.0,0
flow_10.124,36.0,4.0,0
flow_30.119,40.5,4.0,0
flow_10.125,35.0,4.5,0
flow_10.126,33.0,4.5,0
flow_20.112,70.5,4.0,0
flow_00.126,84.0,4.5,0
flow_20.113,69.5,3.5,0
flow_00.127,83.0,4.0,0
flow_00.128,82.0,4.0,0
flow_20.114,69.0,4.0,0
flow_00.129,80.5,3.5,0
flow_20.115,60.5,4.0,0
flow_00.130,78.5,3.5,0
flow_20.116,60.0,4.5,0
flow_20.117,52.5,4.0,0
flow_00.131,61.5,4.5,0
flow_20.118,46.0,4.5,0
flow_00.132,59.0,4.0,0
flow_30.120,47.0,4.5,0
flow_10.127,60.0,5.0,0
flow_30.121,45.5,3.5,0
flow_10.128,58.5,4.0,0
flow_10.129,57.0,4.0,0
flow_30.122,44.0,4.0,0
flow_30.123,31.5,4.0,0
flow_10.130,56.0,3.5,0
flow_30.124,30.0,3.5,0
flow_30.125,29.0,4.0,0
flow_30.126,27.5,4.0,0
flow_20.119,72.5,4.5,0
flow_00.133,86.5,5.0,0
flow_00.134,84.5,4.0,0
flow_00.135,83.0,4.0,0
flow_00.136,81.5,3.5,0
flow_20.120,26.0,3.5,0
flow_00.137,79.5,4.0,0
flow_20.121,26.5,3.5,0
flow_00.138,60.0,4.0,0
flow_00.139,59.0,4.0,0
flow_20.122,27.0,4.0,0
flow_10.131,54.0,4.5,0
flow_30.127,52.5,5.0,0
flow_10.132,54.0,3.5,0
flow_30.128,48.0,4.0,0
flow_10.133,52.5,4.0,0
flow_30.129,46.5,4.0,0
flow_10.134,51.5,3.5,0
flow_30.130,45.5,4.0,0
flow_10.135,50.5,4.0,0
flow_30.131,44.5,4.5,0
flow_30.132,36.0,4.0,0
flow_10.136,50.0,4.5,0
flow_30.133,35.0,4.5,0
flow_10.137,48.5,4.5,0
flow_00.140,83.0,4.0,0
flow_20.123,51.0,4.0,0
flow_00.141,82.0,4.0,0
flow_20.124,52.5,4.5,0
flow_00.142,82.5,3.5,0
flow_20.125,50.5,4.0,0
flow_00.143,82.0,4.5,0
flow_20.126,42.5,4.5,0
flow_20.127,41.0,4.0,0
flow_00.144,80.0,4.0,0
flow_20.128,39.5,4.5,0
flow_00.145,62.5,5.0,0
flow_20.129,38.0,4.0,0
flow_00.146,59.5,4.5,0
flow_10.138,73.0,4.0,0
flow_30.134,59.0,4.5,0
flow_30.135,58.5,4.0,0
flow_10.139,66.5,4.0,0
flow_30.136,59.0,4.0,0
flow_10.140,60.0,4.5,0
flow_30.137,57.5,4.0,0
flow_10.141,59.0,4.5,0
flow_30.138,56.0,4.0,0
flow_10.142,44.0,4.0,0
flow_30.139,54.0,4.0,0
flow_10.143,38.5,4.5,0
flow_30.140,52.5,4.0,0
flow_10.144,37.0,4.0,0
flow_00.147,84.0,4.0,0
flow_20.130,64.0,4.0,0
flow_00.148,83.0,4.0,0
flow_20.131,62.5,4.0,0
flow_00.149,81.0,3.5,0
flow_20.132,63.0,3.5,0
flow_00.150,80.5,3.5,0
flow_20.133,62.0,4.0,0
flow_00.151,78.0,4.0,0
flow_20.134,60.0,4.0,0
flow_00.152,59.5,3.5,0
flow_20.135,58.5,4.0,0
flow_00.153,57.5,3.5,0
flow_20.136,56.5,4.0,0
flow_10.145,61.5,4.0,0
flow_30.141,79.5,4.0,0
flow_30.142,78.0,4.0,0
flow_10.146,62.0,4.0,0
flow_30.143,75.0,4.0,0
flow_10.147,62.0,4.0,0
flow_30.144,73.5,4.0,0
flow_10.148,60.0,4.0,0
flow_30.145,71.5,4.0,0
flow_10.149,59.0,4.5,0
flow_30.146,61.0,4.0,0
flow_10.150,57.5,4.0,0
flow_30.147,58.5,4.0,0
flow_10.151,56.0,4.5,0
flow_00.154,83.0,4.0,0
flow_20.137,82.5,4.0,0
flow_00.155,83.0,3.5,0
flow_20.138,82.0,3.5,0
flow_20.139,62.5,3.5,0
flow_00.156,83.0,4.0,0
flow_20.140,57.5,4.0,0
flow_00.157,82.0,4.0,0
flow_20.141,43.0,3.5,0
flow_00.158,80.0,4.0,0
flow_20.142,42.0,4.0,0
flow_00.159,62.0,4.0,0
flow_20.143,40.5,4.5,0
flow_00.160,59.0,4.5,0
flow_30.148,83.0,4.5,0
flow_10.152,81.5,4.5,0
flow_30.149,83.0,4.0,0
flow_10.153,81.0,4.0,0
flow_30.150,81.5,3.5,0
flow_10.154,79.0,3.5,0
flow_10.155,78.0,4.0,0
flow_30.151,81.0,3.5,0
flow_10.0,34.5,4.5,0
flow_10.1,35.0,4.0,0
flow_10.2,33.5,4.5,0
flow_10.3,32.0,4.0,0
flow_10.4,32.0,4.5,0
flow_10.5,30.0,4.5,0
flow_10.6,28.5,4.0,0
flow_20.0,47.5,4.5,0
flow_20.1,38.0,3.5,0
flow_20.2,35.5,3.5,0
flow_20.3,34.5,4.0,0
flow_20.4,31.0,4.0,0
flow_20.5,30.5,4.0,0
flow_20.6,29.0,4.0,0
flow_00.0,25.0,3.5,0
flow_10.7,47.0,4.5,0
flow_30.0,44.0,4.5,0
flow_30.1,41.0,3.5,0
flow_10.8,46.5,4.0,0
flow_10.9,46.0,4.0,0
flow_30.2,32.5,4.0,0
flow_30.3,27.5,4.0,0
flow_10.10,45.0,4.0,0
flow_30.4,26.0,3.5,0
flow_10.11,43.5,4.0,0
flow_20.7,54.5,4.5,0
flow_00.1,41.5,4.5,0
flow_20.8,51.5,4.0,0
flow_00.2,23.0,2.5,0
flow_20.9,45.0,4.0,0
flow_20.10,42.5,4.0,0
flow_00.3,24.0,3.0,0
flow_20.11,42.0,4.5,0
flow_20.12,40.5,4.0,0
flow_30.5,53.5,4.5,0
flow_10.12,49.5,4.5,0
flow_30.6,51.5,4.0,0
flow_10.13,48.0,4.0,0
flow_30.7,44.0,3.5,0
flow_10.14,45.5,4.0,0
flow_30.8,39.5,3.5,0
flow_10.15,26.5,4.0,0
flow_30.9,38.0,3.5,0
flow_10.16,25.5,3.5,0
flow_30.10,33.0,4.5,0
flow_00.4,50.5,4.0,0
flow_20.13,50.5,4.0,0
flow_00.5,25.0,3.0,0
flow_20.14,44.5,4.0,0
flow_10.17,50.0,4.0,0
flow_30.11,45.0,4.5,0
flow_30.12,39.0,4.0,0
flow_10.18,50.5,4.0,0
flow_10.19,49.5,4.0,0
flow_30.13,35.0,4.0,0
flow_10.20,47.5,4.0,0
flow_10.21,42.0,4.0,0
flow_30.14,25.5,3.5,0
flow_10.22,40.0,3.5,0
flow_10.23,41.0,4.5,0
flow_20.15,53.0,4.0,0
flow_00.6,52.0,4.5,0
flow_20.16,53.0,3.5,0
flow_00.7,46.5,4.0,0
flow_20.17,51.5,4.0,0
flow_20.18,46.5,4.0,0
flow_20.19,34.5,4.0,0
flow_20.20,27.5,4.0,0
flow_10.24,61.5,4.0,0
flow_30.15,52.5,4.0,0
flow_10.25,55.0,4.0,0
flow_30.16,53.0,4.0,0
flow_10.26,48.0,4.0,0
flow_10.27,45.5,3.5,0
flow_10.28,30.0,4.0,0
flow_10.29,29.0,4.0,0
flow_10.30,27.0,4.0,0
flow_20.21,54.5,4.5,0
flow_20.22,54.0,4.0,0
flow_20.23,37.5,4.0,0
flow_20.24,35.5,4.0,0
flow_20.25,28.5,4.5,0
flow_20.26,26.5,4.0,0
flow_10.31,53.5,4.5,0
flow_30.17,51.0,4.5,0
flow_30.18,50.0,3.5,0
flow_10.32,53.5,4.0,0
flow_10.33,52.0,4.0,0
flow_30.19,50.5,4.0,0
flow_30.20,49.0,3.5,0
flow_10.34,51.5,4.0,0
flow_10.35,36.5,4.0,0
flow_30.21,48.5,4.0,0
flow_30.22,46.0,4.5,0
flow_30.23,44.5,4.0,0
flow_00.8,46.0,4.0,0
flow_20.27,49.5,4.5,0
flow_00.9,31.0,4.0,0
flow_20.28,46.5,4.0,0
flow_00.10,30.5,3.5,0
flow_20.29,46.0,4.5,0
flow_20.30,45.5,4.5,0
flow_20.31,44.5,4.5,0
flow_20.32,43.0,4.5,0
flow_20.33,41.0,4.5,0
flow_10.36,40.0,4.5,0
flow_30.24,72.0,4.5,0
flow_10.37,36.5,3.5,0
flow_30.25,54.5,4.0,0
flow_30.26,53.5,3.5,0
flow_10.38,27.5,4.0,0
flow_30.27,52.0,4.0,0
flow_10.39,28.0,4.0,0
flow_30.28,46.0,3.5,0
flow_10.40,26.5,3.5,0
flow_30.29,36.5,4.0,0
flow_10.41,25.0,3.5,0
flow_30.30,31.0,4.5,0
flow_20.34,66.0,4.5,0
flow_20.35,61.0,4.0,0
flow_20.36,60.0,4.0,0
flow_20.37,58.5,3.5,0
flow_00.11,26.5,3.5,0
flow_20.38,57.0,4.0,0
flow_20.39,57.0,4.0,0
flow_20.40,55.0,4.0,0
flow_30.31,39.0,4.0,0
flow_10.42,36.5,4.5,0
flow_10.43,28.0,3.5,0
flow_30.32,32.0,4.0,0
flow_10.44,27.0,3.5,0
flow_30.33,31.5,4.5,0
flow_10.45,26.0,3.5,0
flow_30.34,29.0,4.5,0
flow_10.46,26.0,3.5,0
flow_00.12,40.0,4.5,0
flow_20.41,74.5,4.5,0
flow_00.13,30.5,4.0,0
flow_20.42,66.5,4.0,0
flow_20.43,64.5,4.0,0
flow_20.44,63.0,4.0,0
flow_20.45,39.0,4.0,0
flow_20.46,28.5,4.5,0
flow_20.47,27.0,4.0,0
flow_10.47,54.0,4.5,0
flow_30.35,53.0,4.5,0
flow_30.36,51.5,4.0,0
flow_10.48,54.0,4.0,0
flow_10.49,53.5,4.5,0
flow_30.37,51.5,4.0,0
flow_30.38,48.0,3.5,0
flow_10.50,45.0,4.0,0
flow_10.51,42.5,4.0,0
flow_30.39,45.0,4.0,0
flow_10.52,41.0,4.0,0
flow_30.40,43.5,4.0,0
flow_30.41,42.0,4.0,0
flow_00.14,44.0,4.0,0
flow_20.48,39.0,4.5,0
flow_00.15,39.5,3.5,0
flow_20.49,38.5,4.0,0
flow_00.16,31.0,4.0,0
flow_20.50,38.0,4.0,0
flow_20.51,36.5,4.0,0
flow_00.17,25.5,3.5,0
flow_10.53,48.0,4.0,0
flow_30.42,66.0,4.5,0
flow_10.54,41.5,3.5,0
flow_30.43,65.5,4.0,0
flow_10.55,39.5,3.5,0
flow_30.44,63.5,4.0,0
flow_30.45,62.0,3.5,0
flow_10.56,29.5,3.5,0
flow_30.46,60.5,4.0,0
flow_10.57,29.0,4.0,0
flow_30.47,59.0,3.5,0
flow_30.48,57.0,4.0,0
flow_00.18,53.5,4.5,0
flow_20.52,54.0,4.5,0
flow_00.19,49.5,4.0,0
flow_20.53,51.0,4.5,0
flow_00.20,42.0,4.0,0
flow_20.54,50.0,4.5,0
flow_00.21,41.0,3.5,0
flow_20.55,48.5,4.5,0
flow_20.56,47.5,4.0,0
flow_20.57,46.0,4.5,0
flow_20.58,44.0,4.0,0
flow_30.49,74.0,4.0,0
flow_10.58,48.5,4.5,0
flow_30.50,73.5,3.5,0
flow_10.59,47.5,4.0,0
flow_10.60,29.5,3.5,0
flow_30.51,74.0,4.0,0
flow_30.52,72.0,4.5,0
flow_30.53,70.5,4.0,0
flow_30.54,61.5,4.5,0
flow_30.55,59.5,4.5,0
flow_00.22,39.0,4.0,0
flow_20.59,64.0,4.5,0
flow_00.23,38.5,3.5,0
flow_20.60,63.5,4.0,0
flow_20.61,61.5,4.0,0
flow_00.24,28.0,4.0,0
flow_20.62,57.0,4.0,0
flow_00.25,27.0,4.0,0
flow_20.63,55.5,4.0,0
flow_20.64,54.0,4.0,0
flow_20.65,52.5,4.0,0
flow_30.56,83.0,4.0,0
flow_10.61,53.5,4.5,0
flow_30.57,83.0,4.0,0
flow_10.62,53.0,4.0,0
flow_30.58,77.5,3.5,0
flow_10.63,52.0,4.0,0
flow_30.59,76.5,3.5,0
flow_10.64,50.5,3.5,0
flow_30.60,74.5,4.0,0
flow_10.65,50.0,4.0,0
flow_10.66,48.0,3.5,0
flow_30.61,60.0,4.0,0
flow_30.62,57.5,4.0,0
flow_10.67,47.0,4.0,0
flow_20.66,64.0,4.0,0
flow_00.26,32.0,4.0,0
flow_20.67,53.5,4.0,0
flow_00.27,30.0,3.5,0
flow_20.68,53.0,4.0,0
flow_20.69,41.0,4.0,0
flow_20.70,40.0,4.0,0
flow_20.71,39.0,4.0,0
flow_20.72,38.0,4.5,0
flow_30.63,83.0,4.5,0
flow_10.68,73.0,4.5,0
flow_30.64,82.0,3.5,0
flow_10.69,72.5,4.0,0
flow_30.65,82.0,4.0,0
flow_10.70,72.5,4.5,0
flow_30.66,80.5,3.5,0
flow_10.71,71.5,4.5,0
flow_30.67,78.0,4.0,0
flow_10.72,70.5,4.5,0
flow_30.68,59.5,4.0,0
flow_10.73,62.5,5.0,0
flow_30.69,58.0,4.0,0
flow_10.74,60.0,4.5,0
flow_00.28,52.5,4.0,0
flow_20.73,63.5,4.5,0
flow_00.29,28.5,4.0,0
flow_20.74,62.5,4.0,0
flow_20.75,55.0,3.5,0
flow_20.76,49.5,3.5,0
flow_20.77,48.5,4.0,0
flow_20.78,38.5,4.0,0
flow_20.79,30.0,4.0,0
flow_10.75,83.5,4.0,0
flow_30.70,84.0,4.5,0
flow_30.71,83.5,4.0,0
flow_10.76,82.0,4.0,0
flow_10.77,81.0,4.0,0
flow_30.72,83.0,4.0,0
flow_30.73,81.0,4.0,0
flow_10.78,80.5,4.0,0
flow_30.74,79.0,4.0,0
flow_10.79,65.5,4.0,0
flow_30.75,60.5,4.0,0
flow_10.80,57.0,4.0,0
flow_10.81,55.5,4.0,0
flow_30.76,59.5,4.5,0
flow_20.80,55.5,4.0,0
flow_00.30,36.5,4.5,0
flow_20.81,55.5,4.0,0
flow_00.31,26.0,3.5,0
flow_20.82,49.5,3.5,0
flow_20.83,47.0,3.5,0
flow_20.84,45.5,4.0,0
flow_20.85,25.5,3.5,0
flow_10.82,80.5,4.0,0
flow_30.77,84.5,4.5,0
flow_30.78,83.5,4.0,0
flow_10.83,80.0,3.5,0
flow_30.79,83.0,4.0,0
flow_10.84,76.0,4.0,0
flow_30.80,82.0,4.0,0
flow_10.85,67.5,4.0,0
flow_30.81,79.5,4.0,0
flow_10.86,67.0,4.5,0
flow_30.82,61.5,4.0,0
flow_10.87,62.5,5.0,0
flow_30.83,59.0,4.0,0
flow_10.88,60.0,4.5,0
flow_00.32,47.5,4.5,0
flow_20.86,49.0,4.5,0
flow_20.87,47.5,3.5,0
flow_20.88,46.5,3.5,0
flow_20.89,46.0,4.0,0
flow_20.90,44.5,4.0,0
flow_20.91,31.0,4.0,0
flow_00.33,22.5,2.5,0
flow_10.89,78.5,4.0,0
flow_30.84,84.0,4.0,0
flow_10.90,74.5,3.5,0
flow_30.85,84.5,4.0,0
flow_10.91,71.5,3.5,0
flow_30.86,83.5,4.0,0
flow_10.92,61.5,3.5,0
flow_30.87,82.0,4.0,0
flow_10.93,60.0,3.5,0
flow_30.88,79.5,4.0,0
flow_10.94,59.5,4.0,0
flow_30.89,61.5,4.0,0
flow_10.95,53.5,4.0,0
flow_30.90,58.5,4.0,0
flow_20.92,51.0,4.0,0
flow_20.93,49.0,4.0,0
flow_20.94,32.5,4.0,0
flow_10.96,75.5,4.0,0
flow_30.91,84.5,4.5,0
flow_30.92,83.0,4.0,0
flow_10.97,73.5,4.0,0
flow_10.98,64.5,4.0,0
flow_30.93,83.0,4.0,0
flow_30.94,82.0,4.0,0
flow_10.99,64.5,4.0,0
flow_30.95,79.5,4.0,0
flow_10.100,59.0,4.0,0
flow_30.96,62.0,4.0,0
flow_10.101,58.0,4.5,0
flow_30.97,59.0,4.5,0
flow_10.102,54.0,4.0,0
flow_20.95,52.0,4.0,0
flow_00.34,31.5,4.0,0
flow_20.96,46.5,4.0,0
flow_20.97,45.5,4.0,0
flow_20.98,42.5,4.0,0
flow_20.99,41.0,4.5,0
flow_20.100,39.0,4.0,0
flow_20.101,37.5,4.5,0
flow_30.98,84.0,4.0,0
flow_10.103,73.0,4.5,0
flow_10.104,72.5,4.0,0
flow_30.99,85.0,4.5,0
flow_10.105,72.0,4.0,0
flow_30.100,83.0,4.0,0
flow_30.101,82.0,4.5,0
flow_10.106,72.0,4.5,0
flow_10.107,64.0,4.0,0
flow_30.102,81.0,4.5,0
flow_10.108,61.5,4.5,0
flow_30.103,62.5,4.5,0
flow_10.109,59.0,4.0,0
flow_30.104,60.0,5.0,0
flow_00.35,49.0,4.0,0
flow_20.102,63.5,4.0,0
flow_00.36,36.5,3.5,0
flow_20.103,63.0,4.0,0
flow_20.104,61.5,3.5,0
flow_00.37,24.0,3.0,0
flow_20.105,61.0,4.0,0
flow_20.106,60.0,4.0,0
flow_20.107,45.5,4.0,0
flow_20.108,43.5,4.0,0
flow_30.105,84.0,4.0,0
flow_10.110,65.5,4.5,0
flow_10.111,65.0,4.0,0
flow_30.106,83.5,4.0,0
flow_30.107,82.0,3.5,0
flow_30.108,80.5,4.0,0
flow_10.112,52.0,5.0,0
flow_30.109,78.5,4.0,0
flow_10.113,44.5,5.0,0
flow_30.110,59.5,3.5,0
flow_10.114,26.5,3.5,0
flow_30.111,58.5,4.0,0
flow_20.109,69.0,4.0,0
flow_20.110,69.0,4.0,0
flow_20.111,68.0,4.0,0
flow_20.112,69.0,4.5,0
flow_20.113,67.0,4.5,0
flow_20.114,62.5,5.0,0
flow_20.115,50.0,4.5,0
flow_10.115,53.0,4.5,0
flow_30.112,85.5,4.5,0
flow_10.116,52.0,4.0,0
flow_30.113,85.0,4.5,0
flow_10.117,51.5,4.0,0
flow_30.114,83.0,4.0,0
flow_30.115,81.5,4.0,0
flow_10.118,51.0,4.0,0
flow_30.116,79.0,4.0,0
flow_10.119,50.5,4.5,0
flow_30.117,61.0,4.5,0
flow_10.120,38.5,4.5,0
flow_30.118,58.5,4.0,0
flow_10.121,33.0,4.0,0
flow_00.38,50.0,4.0,0
flow_20.116,72.0,4.5,0
flow_20.117,70.5,3.5,0
flow_00.39,49.5,4.5,0
flow_20.118,70.0,3.5,0
flow_20.119,60.5,4.0,0
flow_20.120,59.5,4.0,0
flow_20.121,58.5,4.5,0
flow_00.40,23.5,3.0,0
flow_20.122,57.0,4.5,0
flow_30.119,84.0,4.5,0
flow_10.122,59.0,4.5,0
flow_30.120,83.5,4.0,0
flow_10.123,59.0,4.0,0
flow_30.121,82.5,4.0,0
flow_10.124,46.5,4.0,0
flow_10.125,45.5,4.0,0
flow_30.122,82.5,4.0,0
flow_30.123,81.0,5.0,0
flow_10.126,27.5,4.0,0
flow_30.124,61.5,4.5,0
flow_10.127,26.0,3.5,0
flow_30.125,59.0,4.5,0
flow_20.123,82.0,4.5,0
flow_00.41,35.0,4.0,0
flow_20.124,79.5,4.0,0
flow_20.125,76.5,4.0,0
flow_20.126,75.5,4.0,0
flow_20.127,73.5,4.0,0
flow_20.128,60.5,4.0,0
flow_20.129,58.0,4.0,0
flow_30.126,83.5,4.5,0
flow_30.127,73.0,4.0,0
flow_10.128,24.5,3.0,0
flow_30.128,66.5,4.0,0
flow_30.129,65.5,4.0,0
flow_30.130,63.5,4.5,0
flow_10.129,25.5,3.5,0
flow_30.131,61.0,4.0,0
flow_30.132,59.5,4.5,0
flow_00.42,24.0,2.5,0
flow_20.130,85.0,4.5,0
flow_20.131,84.5,4.0,0
flow_20.132,82.5,4.0,0
flow_20.133,81.5,4.0,0
flow_20.134,76.5,4.5,0
flow_20.135,61.5,4.0,0
flow_20.136,58.5,4.5,0
flow_30.133,71.0,4.0,0
flow_10.130,34.5,4.5,0
flow_30.134,71.0,4.0,0
flow_10.131,34.0,4.0,0
flow_30.135,64.5,4.0,0
flow_10.132,34.5,4.5,0
flow_30.136,40.0,4.0,0
flow_10.133,31.5,4.5,0
flow_10.134,30.0,4.5,0
flow_30.137,38.0,4.5,0
flow_00.43,48.0,4.0,0
flow_20.137,84.5,4.5,0
flow_00.44,47.5,4.0,0
flow_20.138,84.0,4.0,0
flow_20.139,83.0,4.0,0
flow_00.45,27.0,3.5,0
flow_20.140,82.5,4.5,0
flow_20.141,81.0,4.0,0
flow_20.142,62.5,4.5,0
flow_20.143,59.5,4.5,0
flow_10.135,53.5,4.0,0
flow_30.138,46.0,4.0,0
flow_10.136,31.5,4.0,0
flow_30.139,42.0,3.5,0
flow_10.137,30.5,3.5,0
flow_30.140,33.5,4.0,0
flow_10.138,30.0,4.0,0
flow_30.141,31.5,4.0,0
flow_10.139,28.5,4.0,0
flow_30.142,24.0,3.0,0
flow_10.140,28.5,4.0,0
flow_20.144,83.0,4.0,0
flow_00.46,54.0,4.5,0
flow_20.145,82.5,4.0,0
flow_00.47,48.0,4.0,0
flow_20.146,80.5,4.5,0
flow_20.147,71.0,4.0,0
flow_20.148,67.5,4.0,0
flow_00.48,26.0,3.5,0
flow_20.149,60.5,4.0,0
flow_00.49,25.0,3.5,0
flow_20.150,58.0,4.0,0
flow_30.143,40.0,4.0,0
flow_10.141,53.5,4.5,0
flow_10.142,33.5,4.0,0
flow_30.144,40.0,3.5,0
flow_10.143,32.5,4.0,0
flow_30.145,39.0,3.5,0
flow_10.144,27.0,3.5,0
flow_30.146,38.0,4.0,0
flow_20.0,24.5,3.0,0
flow_00.0,26.0,3.5,0
flow_30.0,33.5,4.0,0
flow_30.1,33.5,4.5,0
flow_30.2,32.0,4.5,0
flow_30.3,24.5,3.0,0
flow_30.4,25.5,3.0,0
flow_00.1,42.5,4.5,0
flow_20.1,48.5,4.5,0
flow_00.2,34.0,3.5,0
flow_20.2,44.5,4.0,0
flow_00.3,34.0,4.0,0
flow_20.3,40.5,4.0,0
flow_00.4,32.5,4.0,0
flow_20.4,33.0,4.0,0
flow_00.5,31.0,4.0,0
flow_20.5,31.0,4.0,0
flow_00.6,25.5,3.5,0
flow_20.6,30.0,4.5,0
flow_30.5,39.0,4.5,0
flow_10.0,34.5,4.5,0
flow_30.6,31.5,4.0,0
flow_10.1,34.5,4.5,0
flow_30.7,29.0,4.0,0
flow_30.8,24.5,3.0,0
flow_10.2,25.0,3.5,0
flow_20.7,34.5,4.5,0
flow_00.7,48.0,4.5,0
flow_00.8,37.5,4.0,0
flow_20.8,24.5,3.0,0
flow_00.9,36.0,4.0,0
flow_00.10,28.5,4.0,0
flow_00.11,26.5,4.0,0
flow_00.12,25.5,3.0,0
flow_30.9,52.0,4.0,0
flow_10.3,51.5,4.5,0
flow_10.4,49.0,4.0,0
flow_30.10,45.0,4.0,0
flow_10.5,43.5,4.0,0
flow_30.11,44.0,4.0,0
flow_10.6,32.0,3.5,0
flow_30.12,43.5,4.0,0
flow_30.13,42.0,4.0,0
flow_10.7,27.0,3.5,0
flow_10.8,25.5,3.5,0
flow_30.14,39.5,4.5,0
flow_30.15,38.5,4.5,0
flow_00.13,44.5,4.0,0
flow_20.9,43.0,4.5,0
flow_20.10,37.5,4.0,0
flow_00.14,41.5,4.0,0
flow_00.15,41.0,4.0,0
flow_20.11,25.5,3.5,0
flow_00.16,39.5,4.5,0
flow_00.17,38.0,4.0,0
flow_00.18,33.0,4.0,0
flow_00.19,32.0,4.0,0
flow_30.16,61.5,4.0,0
flow_10.9,55.0,4.5,0
flow_30.17,55.0,3.5,0
flow_10.10,54.0,4.0,0
flow_30.18,54.5,3.5,0
flow_10.11,45.0,3.5,0
flow_30.19,50.0,4.0,0
flow_10.12,44.5,4.0,0
flow_30.20,42.5,4.5,0
flow_10.13,27.0,3.5,0
flow_30.21,41.5,4.0,0
flow_10.14,25.5,3.5,0
flow_30.22,40.5,4.5,0
flow_00.20,52.5,4.5,0
flow_20.12,54.0,4.5,0
flow_00.21,45.5,3.5,0
flow_20.13,32.0,4.0,0
flow_00.22,39.0,4.0,0
flow_20.14,30.5,4.0,0
flow_00.23,33.5,4.0,0
flow_00.24,32.0,4.0,0
flow_20.15,24.5,3.0,0
flow_00.25,25.0,3.5,0
flow_30.23,64.5,4.0,0
flow_10.15,52.0,4.5,0
flow_30.24,64.5,4.0,0
flow_10.16,44.5,4.0,0
flow_30.25,63.0,4.0,0
flow_10.17,40.5,4.0,0
flow_30.26,62.0,3.5,0
flow_10.18,34.0,4.0,0
flow_30.27,60.5,4.0,0
flow_10.19,32.5,4.0,0
flow_30.28,41.0,3.5,0
flow_10.20,31.5,3.5,0
flow_30.29,39.5,3.5,0
flow_10.21,30.5,4.0,0
flow_00.26,41.0,4.0,0
flow_20.16,34.5,4.0,0
flow_00.27,41.0,4.0,0
flow_20.17,27.5,3.5,0
flow_00.28,39.5,3.5,0
flow_00.29,38.5,3.5,0
flow_00.30,35.5,4.0,0
flow_00.31,30.5,4.0,0
flow_00.32,30.0,4.0,0
flow_30.30,65.0,4.0,0
flow_10.22,34.0,4.0,0
flow_10.23,32.5,3.5,0
flow_30.31,65.5,4.0,0
flow_10.24,31.5,3.5,0
flow_30.32,61.0,4.0,0
flow_30.33,61.0,4.5,0
flow_30.34,59.5,4.0,0
flow_10.25,25.5,3.5,0
flow_30.35,58.5,4.5,0
flow_30.36,56.5,4.0,0
flow_00.33,55.0,4.0,0
flow_20.18,37.0,4.5,0
flow_00.34,56.0,4.5,0
flow_00.35,34.5,4.5,0
flow_00.36,32.5,4.0,0
flow_00.37,25.5,3.5,0
flow_00.38,25.0,3.5,0
flow_10.26,53.0,4.0,0
flow_30.37,82.0,4.5,0
flow_30.38,81.0,4.0,0
flow_10.27,36.5,4.0,0
flow_10.28,36.0,4.0,0
flow_30.39,79.0,4.5,0
flow_10.29,26.5,3.5,0
flow_30.40,77.5,4.5,0
flow_30.41,76.0,4.0,0
flow_30.42,62.0,4.5,0
flow_10.30,23.5,3.0,0
flow_30.43,59.5,4.5,0
flow_00.39,52.5,4.0,0
flow_20.19,51.0,4.5,0
flow_00.40,51.5,4.0,0
flow_20.20,44.5,4.0,0
flow_00.41,48.5,3.5,0
flow_20.21,27.0,4.0,0
flow_00.42,43.0,4.0,0
flow_20.22,26.5,4.0,0
flow_00.43,42.0,4.0,0
flow_20.23,26.5,3.5,0
flow_00.44,39.0,4.0,0
flow_20.24,25.0,3.5,0
flow_00.45,37.0,4.0,0
flow_10.31,45.5,4.0,0
flow_30.44,85.0,4.5,0
flow_10.32,24.5,3.5,0
flow_30.45,83.0,4.0,0
flow_30.46,73.5,4.0,0
flow_30.47,72.5,3.5,0
flow_30.48,70.5,4.0,0
flow_30.49,60.5,3.5,0
flow_30.50,54.0,4.0,0
flow_00.46,46.5,4.0,0
flow_20.25,49.5,4.5,0
flow_00.47,46.5,4.0,0
flow_20.26,46.0,4.0,0
flow_00.48,42.0,4.0,0
flow_20.27,45.5,4.0,0
flow_00.49,35.0,3.5,0
flow_20.28,44.5,4.0,0
flow_00.50,33.5,4.0,0
flow_20.29,33.0,4.0,0
flow_00.51,33.5,4.5,0
flow_00.52,25.5,3.5,0
flow_10.33,34.5,4.0,0
flow_30.51,79.5,4.5,0
flow_10.34,33.5,4.0,0
flow_30.52,78.5,4.0,0
flow_30.53,69.0,4.0,0
flow_10.35,27.0,4.0,0
flow_30.54,65.0,3.5,0
flow_10.36,26.0,3.5,0
flow_30.55,53.5,4.0,0
flow_10.37,25.5,3.0,0
flow_30.56,44.5,4.0,0
flow_10.38,25.5,3.5,0
flow_30.57,43.5,4.0,0
flow_00.53,50.5,4.5,0
flow_20.30,54.0,4.5,0
flow_00.54,49.5,3.5,0
flow_20.31,45.5,4.0,0
flow_00.55,46.5,4.0,0
flow_20.32,39.0,4.0,0
flow_00.56,43.0,3.5,0
flow_20.33,34.0,4.0,0
flow_00.57,39.0,4.0,0
flow_00.58,37.5,4.0,0
flow_00.59,27.5,4.0,0
flow_10.39,51.0,4.5,0
flow_30.58,61.0,4.5,0
flow_30.59,62.0,4.0,0
flow_10.40,52.0,4.5,0
flow_10.41,50.5,4.0,0
flow_30.60,61.5,4.5,0
flow_10.42,45.0,4.0,0
flow_30.61,60.5,4.5,0
flow_10.43,43.5,4.0,0
flow_30.62,58.0,4.0,0
flow_10.44,33.0,4.0,0
flow_30.63,58.0,4.5,0
flow_30.64,56.5,4.5,0
flow_00.60,54.5,4.0,0
flow_20.34,53.5,4.5,0
flow_00.61,53.5,4.0,0
flow_20.35,54.0,4.5,0
flow_20.36,52.5,4.0,0
flow_00.62,54.0,4.0,0
flow_20.37,47.5,4.0,0
flow_00.63,48.0,4.0,0
flow_20.38,46.5,4.0,0
flow_00.64,46.5,4.0,0
flow_20.39,45.0,4.0,0
flow_00.65,45.5,4.0,0
flow_20.40,27.5,4.0,0
flow_00.66,44.5,4.0,0
flow_10.45,46.0,4.0,0
flow_30.65,81.5,4.5,0
flow_10.46,45.0,3.5,0
flow_30.66,80.5,4.5,0
flow_30.67,80.0,4.0,0
flow_10.47,42.0,4.0,0
flow_30.68,77.5,4.5,0
flow_10.48,41.5,4.5,0
flow_30.69,76.0,4.0,0
flow_10.49,40.0,4.5,0
flow_30.70,60.5,4.0,0
flow_10.50,39.0,4.0,0
flow_30.71,58.5,4.0,0
flow_10.51,37.0,4.5,0
flow_00.67,69.0,4.5,0
flow_20.41,35.0,4.0,0
flow_00.68,67.5,3.5,0
flow_00.69,67.5,4.0,0
flow_00.70,66.5,4.0,0
flow_00.71,64.0,4.0,0
flow_00.72,59.5,4.5,0
flow_00.73,57.5,4.0,0
flow_30.72,83.5,4.0,0
flow_10.52,63.0,4.5,0
flow_10.53,61.5,4.0,0
flow_30.73,84.0,4.0,0
flow_30.74,83.5,4.5,0
flow_10.54,24.0,2.5,0
flow_30.75,82.0,4.0,0
flow_30.76,79.5,4.0,0
flow_30.77,61.0,4.0,0
flow_30.78,59.0,4.5,0
flow_20.42,53.5,4.5,0
flow_00.74,85.0,4.5,0
flow_00.75,83.5,4.0,0
flow_20.43,44.0,4.0,0
flow_00.76,82.0,3.5,0
flow_00.77,80.0,4.0,0
flow_20.44,33.0,4.5,0
flow_00.78,78.0,4.0,0
flow_20.45,30.5,5.0,0
flow_00.79,60.0,3.5,0
flow_00.80,57.5,3.5,0
flow_10.55,49.0,4.0,0
flow_30.79,84.0,4.5,0
flow_30.80,83.5,4.0,0
flow_10.56,47.5,4.0,0
flow_30.81,82.5,4.0,0
flow_10.57,26.5,3.5,0
flow_30.82,81.0,3.5,0
flow_10.58,26.0,3.5,0
flow_30.83,81.0,4.5,0
flow_10.59,24.5,3.0,0
flow_30.84,62.0,4.5,0
flow_30.85,59.0,4.5,0
flow_00.81,84.0,4.0,0
flow_20.46,53.0,4.5,0
flow_00.82,83.0,3.5,0
flow_20.47,51.5,4.0,0
flow_00.83,82.0,3.5,0
flow_20.48,40.5,4.0,0
flow_00.84,81.5,4.0,0
flow_00.85,79.0,3.5,0
flow_20.49,41.0,4.5,0
flow_20.50,36.5,4.0,0
flow_00.86,60.0,4.0,0
flow_20.51,33.5,4.5,0
flow_00.87,58.5,4.0,0
flow_10.60,54.0,4.5,0
flow_30.86,86.0,5.0,0
flow_10.61,46.5,4.0,0
flow_30.87,84.0,4.0,0
flow_10.62,42.5,4.0,0
flow_30.88,82.5,4.0,0
flow_10.63,38.0,3.5,0
flow_30.89,81.0,3.5,0
flow_30.90,79.0,4.0,0
flow_10.64,35.5,4.0,0
flow_30.91,60.0,4.0,0
flow_10.65,34.5,4.5,0
flow_30.92,58.0,4.0,0
flow_10.66,33.5,4.5,0
flow_00.88,83.5,4.5,0
flow_20.52,52.5,4.5,0
flow_20.53,47.0,4.0,0
flow_00.89,83.5,4.0,0
flow_20.54,46.0,3.5,0
flow_00.90,83.0,4.0,0
flow_20.55,36.0,3.5,0
flow_00.91,79.0,3.5,0
flow_00.92,73.0,4.0,0
flow_20.56,35.0,4.0,0
flow_20.57,34.0,4.0,0
flow_00.93,60.5,4.5,0
flow_00.94,58.0,4.0,0
flow_20.58,31.0,4.5,0
flow_10.67,58.0,4.5,0
flow_30.93,84.5,4.5,0
flow_30.94,82.5,4.0,0
flow_10.68,50.5,3.5,0
flow_30.95,81.5,3.5,0
flow_10.69,43.0,4.0,0
flow_30.96,80.0,3.5,0
flow_10.70,41.5,3.5,0
flow_30.97,77.5,3.5,0
flow_10.71,34.0,4.0,0
flow_30.98,60.0,4.0,0
flow_10.72,31.0,4.5,0
flow_30.99,58.0,4.0,0
flow_10.73,29.5,4.0,0
flow_00.95,84.5,4.5,0
flow_20.59,33.0,4.5,0
flow_00.96,84.0,4.0,0
flow_00.97,83.0,4.0,0
flow_00.98,81.5,4.0,0
flow_20.60,25.0,3.0,0
flow_00.99,80.5,4.5,0
flow_20.61,25.5,3.0,0
flow_00.100,62.0,4.0,0
flow_00.101,59.5,4.5,0
flow_30.100,83.5,4.0,0
flow_10.74,56.0,4.5,0
flow_30.101,83.0,3.5,0
flow_10.75,55.5,4.0,0
flow_30.102,82.5,4.0,0
flow_10.76,44.0,4.0,0
flow_30.103,82.0,4.0,0
flow_10.77,32.0,4.5,0
flow_30.104,80.0,4.5,0
flow_30.105,61.5,4.0,0
flow_30.106,59.5,4.5,0
flow_00.102,84.5,4.0,0
flow_20.62,55.0,4.5,0
flow_00.103,84.5,4.0,0
flow_20.63,51.0,4.0,0
flow_00.104,83.0,4.0,0
flow_20.64,43.5,4.0,0
flow_00.105,81.5,4.0,0
flow_20.65,37.5,4.0,0
flow_00.106,79.0,3.5,0
flow_00.107,60.0,4.0,0
flow_00.108,58.0,4.0,0
flow_10.78,52.0,4.0,0
flow_30.107,85.0,4.5,0
flow_30.108,85.0,4.0,0
flow_10.79,52.5,4.0,0
flow_30.109,83.0,4.0,0
flow_10.80,49.5,4.0,0
flow_30.110,82.0,4.0,0
flow_10.81,36.0,4.5,0
flow_30.111,81.0,4.5,0
flow_10.82,25.0,3.5,0
flow_30.112,61.5,4.0,0
flow_30.113,58.5,4.5,0
flow_00.109,83.0,4.0,0
flow_20.66,35.5,4.5,0
flow_00.110,83.0,4.0,0
flow_20.67,30.0,4.0,0
flow_20.68,28.5,4.0,0
flow_00.111,82.0,3.5,0
flow_00.112,80.5,4.0,0
flow_20.69,28.5,4.0,0
flow_00.113,80.0,4.0,0
flow_20.70,24.5,3.0,0
flow_00.114,61.5,4.5,0
flow_00.115,59.5,4.5,0
flow_10.83,52.5,4.5,0
flow_30.114,81.0,4.5,0
flow_30.115,75.5,4.0,0
flow_10.84,53.5,4.0,0
flow_30.116,74.5,4.0,0
flow_10.85,50.5,4.0,0
flow_30.117,71.0,3.5,0
flow_10.86,49.0,4.0,0
flow_30.118,70.0,4.0,0
flow_10.87,48.0,4.5,0
flow_30.119,52.0,3.5,0
flow_10.88,46.5,4.0,0
flow_30.120,48.5,4.0,0
flow_10.89,42.5,4.0,0
flow_20.71,46.5,4.0,0
flow_00.116,84.0,4.5,0
flow_20.72,34.5,3.5,0
flow_00.117,84.0,4.0,0
flow_00.118,82.5,4.0,0
flow_00.119,81.0,4.0,0
flow_20.73,26.5,3.5,0
flow_00.120,78.5,4.0,0
flow_00.121,59.5,3.5,0
flow_20.74,26.5,3.5,0
flow_00.122,58.0,4.0,0
flow_10.90,62.0,4.5,0
flow_30.121,74.0,4.5,0
flow_10.91,61.0,3.5,0
flow_30.122,73.0,4.0,0
flow_10.92,61.0,4.0,0
flow_30.123,73.0,4.0,0
flow_30.124,70.5,4.0,0
flow_10.93,60.5,4.0,0
flow_10.94,58.0,4.0,0
flow_30.125,50.0,4.5,0
flow_10.95,57.0,4.5,0
flow_30.126,39.5,4.5,0
flow_10.96,53.0,4.0,0
flow_30.127,26.5,3.5,0
flow_20.75,38.5,4.0,0
flow_00.123,85.0,4.5,0
flow_00.124,83.5,4.0,0
flow_20.76,36.5,3.5,0
flow_20.77,36.5,3.5,0
flow_00.125,85.0,4.5,0
flow_20.78,35.0,4.0,0
flow_00.126,82.5,4.5,0
flow_20.79,31.5,4.0,0
flow_00.127,80.5,4.0,0
flow_00.128,61.5,4.0,0
flow_00.129,59.0,4.0,0
flow_10.97,72.0,4.0,0
flow_30.128,48.5,4.5,0
flow_10.98,72.5,4.5,0
flow_30.129,42.0,4.0,0
flow_10.99,69.5,4.0,0
flow_30.130,34.5,4.0,0
flow_10.100,68.0,4.0,0
flow_30.131,29.5,4.5,0
flow_10.101,64.5,4.0,0
flow_10.102,60.5,4.0,0
flow_10.103,58.0,4.0,0
flow_00.130,85.0,4.5,0
flow_20.80,56.5,4.5,0
flow_00.131,84.0,4.0,0
flow_20.81,45.5,4.0,0
flow_20.82,33.0,4.0,0
flow_00.132,84.0,4.5,0
flow_00.133,82.0,4.0,0
flow_20.83,32.0,4.5,0
flow_20.84,30.5,4.0,0
flow_00.134,80.0,4.5,0
flow_00.135,61.0,4.0,0
flow_20.85,24.5,3.0,0
flow_00.136,58.5,4.0,0
flow_10.104,84.5,4.5,0
flow_30.132,49.0,4.5,0
flow_10.105,84.0,4.0,0
flow_30.133,48.0,4.0,0
flow_10.106,84.0,4.5,0
flow_30.134,48.5,4.5,0
flow_10.107,82.5,4.5,0
flow_30.135,44.5,4.5,0
flow_10.108,79.5,4.5,0
flow_30.136,43.5,4.0,0
flow_10.109,61.0,4.0,0
flow_30.137,42.0,4.5,0
flow_10.110,59.0,4.0,0
flow_30.138,30.0,4.0,0
flow_00.137,84.0,4.0,0
flow_20.86,44.0,4.5,0
flow_20.87,42.5,3.5,0
flow_00.138,83.5,4.0,0
flow_00.139,82.5,3.5,0
flow_20.88,42.5,4.0,0
flow_00.140,81.5,4.0,0
flow_20.89,41.5,4.0,0
flow_00.141,79.0,4.0,0
flow_00.142,60.0,3.5,0
flow_20.90,40.0,4.5,0
flow_20.91,32.0,4.5,0
flow_00.143,60.0,4.5,0
flow_30.139,55.0,4.5,0
flow_10.111,86.0,4.5,0
flow_30.140,54.0,3.5,0
flow_10.112,73.5,4.0,0
flow_30.141,37.0,3.5,0
flow_10.113,70.5,4.0,0
flow_10.114,35.0,4.0,0
flow_30.142,37.5,4.0,0
flow_10.115,32.5,4.0,0
flow_30.143,36.0,4.5,0
flow_30.144,34.0,4.0,0
flow_10.116,32.0,4.5,0
flow_30.145,32.5,4.0,0
flow_00.144,84.0,4.0,0
flow_20.92,42.5,4.5,0
flow_00.145,82.5,4.0,0
flow_20.93,31.5,4.0,0
flow_20.94,28.5,4.0,0
flow_00.146,84.0,4.0,0
flow_00.147,82.5,4.5,0
flow_00.148,80.0,4.0,0
flow_00.149,60.5,4.5,0
flow_00.150,58.5,4.0,0
flow_10.117,39.0,4.0,0
flow_30.146,58.0,4.5,0
flow_10.118,38.5,3.5,0
flow_30.147,57.5,4.0,0
flow_10.119,33.5,3.5,0
flow_30.148,33.5,3.5,0
flow_30.149,33.0,3.5,0
flow_10.120,25.5,3.0,0
flow_30.150,28.0,3.5,0
flow_00.151,83.5,4.5,0
flow_20.95,54.0,4.5,0
flow_00.152,82.5,3.5,0
flow_20.96,53.5,4.0,0
flow_00.153,82.5,4.0,0
flow_00.154,81.0,4.0,0
flow_00.155,80.0,4.5,0
flow_00.156,60.5,4.0,0
flow_00.157,58.0,4.0,0
flow_10.121,43.5,4.5,0
flow_30.151,49.0,4.5,0
flow_10.122,43.5,4.0,0
flow_30.152,50.5,4.5,0
flow_10.123,40.0,4.0,0
flow_30.153,49.0,4.5,0
flow_10.124,33.5,4.5,0
flow_30.154,47.5,4.5,0
flow_10.125,28.0,4.0,0
flow_30.155,46.0,4.0,0
flow_10.126,27.0,4.0,0
flow_30.156,44.5,4.5,0
flow_10.127,26.0,3.5,0
flow_30.157,43.5,4.5,0
flow_00.158,82.5,4.0,0
flow_20.97,51.5,4.5,0
flow_00.159,81.5,3.5,0
flow_20.98,28.0,4.0,0
flow_20.99,26.5,4.0,0
flow_00.160,82.5,4.0,0
flow_00.161,80.5,4.0,0
flow_00.162,78.5,4.0,0
flow_00.163,59.5,4.0,0
flow_20.100,25.5,3.5,0
flow_00.164,57.0,4.0,0
flow_30.158,67.5,4.0,0
flow_10.128,44.0,4.5,0
flow_30.159,67.0,3.5,0
flow_10.129,42.5,4.0,0
flow_30.160,47.5,4.5,0
flow_10.130,44.0,4.5,0
flow_10.131,42.0,4.0,0
flow_30.161,46.0,4.5,0
flow_10.0,26.5,3.5,0
flow_30.0,36.0,4.5,0
flow_30.1,28.0,3.5,0
flow_30.2,22.0,2.5,0
flow_00.0,44.5,4.0,0
flow_20.0,51.0,4.5,0
flow_00.1,39.0,4.0,0
flow_20.1,51.0,4.0,0
flow_20.2,49.5,4.0,0
flow_20.3,40.0,4.0,0
flow_20.4,24.5,3.0,0
flow_10.1,49.0,4.0,0
flow_30.3,48.5,4.0,0
flow_10.2,49.5,4.0,0
flow_30.4,49.5,4.0,0
flow_10.3,45.5,4.0,0
flow_30.5,42.5,4.0,0
flow_10.4,44.0,3.5,0
flow_30.6,28.0,4.0,0
flow_10.5,44.0,4.0,0
flow_10.6,42.5,4.0,0
flow_30.7,26.0,3.5,0
flow_10.7,41.5,4.0,0
flow_20.5,51.5,4.0,0
flow_00.2,48.5,4.5,0
flow_20.6,33.5,4.0,0
flow_00.3,38.0,4.0,0
flow_20.7,27.5,4.0,0
flow_20.8,26.5,4.0,0
flow_00.4,24.5,3.0,0
flow_20.9,25.5,3.0,0
flow_00.5,23.5,2.5,0
flow_20.10,26.0,3.5,0
flow_10.8,66.0,4.5,0
flow_30.8,55.0,4.5,0
flow_10.9,63.5,4.0,0
flow_30.9,54.0,4.0,0
flow_10.10,63.0,4.0,0
flow_30.10,46.0,4.0,0
flow_10.11,61.5,4.0,0
flow_30.11,31.5,4.0,0
flow_10.12,59.5,4.0,0
flow_30.12,29.0,4.0,0
flow_10.13,47.0,4.0,0
flow_10.14,43.0,4.5,0
flow_20.11,54.0,4.5,0
flow_00.6,48.0,4.5,0
flow_00.7,45.0,4.0,0
flow_20.12,53.5,4.0,0
flow_00.8,38.5,4.0,0
flow_20.13,47.5,4.5,0
flow_00.9,32.0,3.5,0
flow_20.14,26.5,3.5,0
flow_00.10,29.5,4.0,0
flow_10.15,63.5,4.0,0
flow_30.13,31.0,4.0,0
flow_10.16,58.0,4.0,0
flow_10.17,48.0,4.0,0
flow_10.18,45.5,4.0,0
flow_10.19,44.0,4.0,0
flow_10.20,42.5,4.0,0
flow_10.21,41.0,4.0,0
flow_00.11,54.0,4.5,0
flow_20.15,46.5,4.0,0
flow_20.16,45.0,4.0,0
flow_00.12,36.0,4.0,0
flow_20.17,39.5,3.5,0
flow_00.13,30.5,3.5,0
flow_20.18,39.0,4.0,0
flow_00.14,28.0,4.0,0
flow_20.19,35.0,4.0,0
flow_00.15,27.5,4.0,0
flow_20.20,30.5,4.0,0
flow_30.14,52.0,4.0,0
flow_10.22,67.5,4.5,0
flow_30.15,33.0,4.0,0
flow_10.23,67.5,4.5,0
flow_30.16,27.0,3.5,0
flow_10.24,64.0,4.5,0
flow_10.25,57.0,4.0,0
flow_30.17,25.5,3.5,0
flow_10.26,56.0,4.0,0
flow_10.27,54.5,4.5,0
flow_10.28,53.5,4.0,0
flow_00.16,50.5,4.5,0
flow_20.21,41.5,4.0,0
flow_20.22,39.5,3.5,0
flow_00.17,42.0,4.0,0
flow_00.18,29.0,3.5,0
flow_20.23,39.0,3.5,0
flow_20.24,36.5,4.0,0
flow_20.25,36.0,4.0,0
flow_10.29,75.0,4.5,0
flow_30.18,50.5,4.5,0
flow_30.19,34.5,4.0,0
flow_10.30,72.5,4.5,0
flow_10.31,71.0,4.5,0
flow_30.20,35.0,4.0,0
flow_30.21,33.0,4.0,0
flow_10.32,53.5,4.5,0
flow_30.22,30.5,4.0,0
flow_10.33,51.0,4.0,0
flow_30.23,29.0,4.0,0
flow_10.34,49.5,4.5,0
flow_10.35,47.0,4.0,0
flow_20.26,49.5,4.0,0
flow_00.19,47.0,4.5,0
flow_00.20,47.5,4.0,0
flow_20.27,44.0,4.5,0
flow_00.21,46.5,4.0,0
flow_20.28,42.5,4.0,0
flow_20.29,41.0,4.5,0
flow_00.22,47.0,4.5,0
flow_20.30,40.0,4.0,0
flow_00.23,45.5,4.5,0
flow_00.24,43.0,4.5,0
flow_20.31,40.0,4.5,0
flow_00.25,42.5,4.5,0
flow_20.32,38.0,4.5,0
flow_10.36,73.5,4.5,0
flow_30.24,46.5,4.5,0
flow_30.25,31.5,4.0,0
flow_10.37,57.0,4.0,0
flow_30.26,30.5,4.0,0
flow_10.38,49.0,4.0,0
flow_10.39,47.0,4.0,0
flow_30.27,24.5,3.0,0
flow_10.40,34.5,4.0,0
flow_10.41,34.0,5.0,0
flow_00.26,67.0,4.5,0
flow_20.33,62.5,4.5,0
flow_00.27,66.5,4.0,0
flow_20.34,62.0,4.0,0
flow_00.28,64.5,4.0,0
flow_20.35,60.5,4.0,0
flow_00.29,63.5,4.0,0
flow_20.36,59.0,3.5,0
flow_20.37,58.0,4.0,0
flow_00.30,62.0,4.0,0
flow_00.31,59.5,3.5,0
flow_20.38,57.0,4.5,0
flow_00.32,50.5,4.0,0
flow_20.39,48.0,4.0,0
flow_10.42,49.0,4.5,0
flow_30.28,54.0,5.0,0
flow_10.43,36.0,3.5,0
flow_30.29,27.5,4.0,0
flow_10.44,35.5,3.5,0
flow_30.30,24.0,3.0,0
flow_10.45,30.5,4.0,0
flow_10.46,30.0,4.5,0
flow_30.31,24.5,3.0,0
flow_10.47,27.0,4.0,0
flow_30.32,25.0,3.5,0
flow_20.40,73.5,4.5,0
flow_00.33,73.0,4.5,0
flow_20.41,66.0,3.5,0
flow_00.34,68.0,4.0,0
flow_20.42,65.0,3.5,0
flow_00.35,37.0,4.0,0
flow_20.43,63.0,4.5,0
flow_20.44,51.0,4.5,0
flow_20.45,49.5,4.5,0
flow_20.46,48.0,4.0,0
flow_10.48,52.0,4.0,0
flow_30.33,50.5,4.0,0
flow_10.49,49.5,3.5,0
flow_30.34,48.0,3.5,0
flow_10.50,44.0,3.5,0
flow_30.35,48.5,4.0,0
flow_10.51,37.5,3.5,0
flow_30.36,47.5,4.5,0
flow_10.52,27.5,4.0,0
flow_30.37,34.0,4.5,0
flow_20.47,72.5,4.0,0
flow_00.36,40.0,4.5,0
flow_00.37,39.5,4.0,0
flow_20.48,62.0,4.0,0
flow_00.38,38.0,3.5,0
flow_20.49,60.5,4.0,0
flow_00.39,37.0,3.5,0
flow_20.50,53.0,3.5,0
flow_20.51,52.0,4.0,0
flow_00.40,32.5,4.0,0
flow_20.52,47.5,4.0,0
flow_20.53,47.5,4.5,0
flow_10.53,48.0,4.5,0
flow_30.38,48.5,5.0,0
flow_10.54,47.0,4.0,0
flow_30.39,44.5,4.0,0
flow_10.55,45.5,3.5,0
flow_30.40,24.5,3.0,0
flow_10.56,45.5,4.0,0
flow_10.57,34.5,4.0,0
flow_30.41,27.0,4.0,0
flow_10.58,31.5,4.0,0
flow_10.59,30.5,4.0,0
flow_00.41,45.5,4.0,0
flow_20.54,62.5,4.5,0
flow_00.42,41.5,3.5,0
flow_20.55,61.5,4.0,0
flow_20.56,53.5,4.0,0
flow_00.43,40.5,4.5,0
flow_20.57,39.5,3.5,0
flow_00.44,38.5,4.5,0
flow_20.58,38.5,4.0,0
flow_00.45,37.0,4.0,0
flow_20.59,37.0,4.0,0
flow_00.46,35.5,4.0,0
flow_20.60,37.5,4.5,0
flow_30.42,51.0,4.0,0
flow_10.60,55.5,4.5,0
flow_30.43,29.5,4.0,0
flow_10.61,52.0,4.0,0
flow_10.62,32.5,3.5,0
flow_10.63,24.0,2.5,0
flow_20.61,58.5,4.5,0
flow_00.47,54.5,4.5,0
flow_00.48,47.0,4.0,0
flow_20.62,48.5,4.0,0
flow_00.49,45.0,4.0,0
flow_20.63,48.5,4.5,0
flow_00.50,37.5,3.5,0
flow_20.64,47.0,4.0,0
flow_00.51,33.0,4.0,0
flow_20.65,43.5,4.0,0
flow_20.66,42.0,4.0,0
flow_00.52,26.0,3.5,0
flow_20.67,41.0,4.5,0
flow_10.64,52.5,4.5,0
flow_30.44,53.0,4.5,0
flow_10.65,45.5,4.0,0
flow_30.45,49.0,4.0,0
flow_30.46,47.5,3.5,0
flow_10.66,32.0,3.5,0
flow_30.47,46.0,4.0,0
flow_30.48,45.0,3.5,0
flow_10.67,26.5,3.5,0
flow_10.68,24.5,3.0,0
flow_30.49,44.5,4.0,0
flow_30.50,36.5,4.5,0
flow_00.53,51.0,4.0,0
flow_20.68,66.5,4.5,0
flow_20.69,66.0,4.0,0
flow_00.54,52.0,4.0,0
flow_00.55,37.5,4.0,0
flow_20.70,64.5,4.0,0
flow_20.71,63.5,4.0,0
flow_00.56,23.5,3.0,0
flow_20.72,62.5,4.5,0
flow_20.73,60.0,4.0,0
flow_20.74,58.0,4.5,0
flow_30.51,40.5,4.0,0
flow_10.69,42.0,4.5,0
flow_30.52,41.0,3.5,0
flow_10.70,32.0,4.0,0
flow_30.53,34.5,3.5,0
flow_10.71,31.5,4.0,0
flow_30.54,33.0,3.5,0
flow_10.72,31.0,4.5,0
flow_30.55,32.5,4.0,0
flow_10.73,29.0,4.0,0
flow_30.56,31.0,4.0,0
flow_10.74,28.0,4.0,0
flow_10.75,26.5,3.5,0
flow_30.57,30.5,4.5,0
flow_20.75,83.0,4.0,0
flow_00.57,35.0,4.5,0
flow_00.58,32.0,4.0,0
flow_20.76,83.0,4.0,0
flow_00.59,31.5,4.0,0
flow_20.77,81.5,3.5,0
flow_20.78,81.0,4.0,0
flow_20.79,79.0,4.0,0
flow_00.60,25.5,3.5,0
flow_20.80,60.5,4.0,0
flow_00.61,25.5,3.5,0
flow_20.81,58.5,4.0,0
flow_30.58,55.0,4.5,0
flow_10.76,42.0,4.5,0
flow_30.59,55.5,4.0,0
flow_10.77,42.0,4.0,0
flow_10.78,40.5,4.0,0
flow_30.60,54.5,4.0,0
flow_10.79,39.5,3.5,0
flow_30.61,53.5,4.0,0
flow_10.80,38.5,4.0,0
flow_30.62,51.0,4.5,0
flow_10.81,36.5,3.5,0
flow_30.63,35.0,4.0,0
flow_10.82,30.0,4.0,0
flow_30.64,29.5,4.0,0
flow_20.82,83.0,4.0,0
flow_00.62,45.5,4.5,0
flow_00.63,25.0,3.0,0
flow_20.83,83.5,4.0,0
flow_20.84,82.5,4.0,0
flow_20.85,81.0,4.0,0
flow_20.86,79.5,4.5,0
flow_20.87,60.5,4.0,0
flow_20.88,58.0,4.0,0
flow_00.64,25.0,3.0,0
flow_30.65,54.5,4.0,0
flow_10.83,49.5,4.5,0
flow_10.84,48.5,4.0,0
flow_30.66,54.5,4.5,0
flow_10.85,43.5,4.0,0
flow_30.67,48.5,4.0,0
flow_30.68,45.0,4.0,0
flow_10.86,37.0,4.0,0
flow_30.69,41.0,4.0,0
flow_10.87,35.5,4.0,0
flow_30.70,39.5,4.0,0
flow_10.88,34.5,4.0,0
flow_30.71,37.5,4.5,0
flow_10.89,32.5,4.5,0
flow_00.65,50.5,4.5,0
flow_20.89,84.0,4.5,0
flow_00.66,49.0,3.5,0
flow_20.90,83.5,3.5,0
flow_00.67,49.0,3.5,0
flow_20.91,83.0,4.0,0
flow_00.68,23.5,3.0,0
flow_20.92,82.0,4.5,0
flow_20.93,80.0,4.0,0
flow_00.69,24.5,3.0,0
flow_20.94,61.5,4.5,0
flow_20.95,59.0,4.0,0
flow_10.90,56.5,4.0,0
flow_30.72,65.0,4.5,0
flow_10.91,57.0,4.0,0
flow_30.73,37.5,4.5,0
flow_10.92,56.5,4.0,0
flow_30.74,36.0,4.5,0
flow_30.75,34.0,4.0,0
flow_10.93,56.0,4.5,0
flow_30.76,32.5,4.0,0
flow_10.94,54.5,4.5,0
flow_30.77,31.5,4.0,0
flow_10.95,53.0,4.5,0
flow_30.78,29.5,4.0,0
flow_10.96,34.0,4.0,0
flow_00.70,37.0,4.5,0
flow_20.96,85.0,4.5,0
flow_20.97,84.0,4.0,0
flow_20.98,82.5,3.5,0
flow_20.99,81.0,3.5,0
flow_20.100,79.0,3.5,0
flow_20.101,60.5,4.0,0
flow_20.102,58.0,4.5,0
flow_10.97,57.0,4.0,0
flow_30.79,56.5,4.5,0
flow_30.80,51.5,4.0,0
flow_10.98,51.5,4.0,0
flow_30.81,47.5,4.0,0
flow_10.99,38.0,4.0,0
flow_30.82,45.5,4.0,0
flow_10.100,37.0,4.0,0
flow_30.83,38.0,4.0,0
flow_10.101,33.0,4.5,0
flow_30.84,36.0,4.0,0
flow_10.102,24.5,3.0,0
flow_30.85,35.5,4.0,0
flow_20.103,84.0,4.5,0
flow_00.71,46.5,4.0,0
flow_20.104,82.5,3.5,0
flow_00.72,42.0,3.5,0
flow_00.73,39.5,3.5,0
flow_20.105,82.0,4.0,0
flow_20.106,81.0,3.5,0
flow_20.107,79.0,4.0,0
flow_00.74,27.0,4.0,0
flow_20.108,60.0,4.0,0
flow_00.75,23.5,3.0,0
flow_20.109,60.0,4.5,0
flow_10.103,53.0,4.5,0
flow_30.86,61.5,4.5,0
flow_30.87,60.0,4.0,0
flow_10.104,52.5,4.0,0
flow_30.88,41.0,4.0,0
flow_10.105,53.0,4.5,0
flow_30.89,40.0,4.0,0
flow_10.106,45.0,4.0,0
flow_10.107,43.5,4.0,0
flow_30.90,37.0,4.5,0
flow_10.108,41.5,4.0,0
flow_30.91,35.0,4.0,0
flow_30.92,33.5,4.0,0
flow_10.109,41.0,4.5,0
flow_20.110,83.5,4.0,0
flow_00.76,36.5,4.5,0
flow_20.111,83.5,4.0,0
flow_00.77,28.0,4.0,0
flow_20.112,82.5,4.0,0
flow_20.113,82.5,4.0,0
flow_00.78,23.0,2.5,0
flow_20.114,80.0,4.0,0
flow_20.115,61.5,4.5,0
flow_20.116,60.0,4.5,0
flow_10.110,66.0,4.5,0
flow_30.93,51.5,4.5,0
flow_10.111,65.5,4.0,0
flow_30.94,38.5,4.5,0
flow_10.112,64.0,4.0,0
flow_30.95,23.5,3.0,0
flow_10.113,63.5,4.0,0
flow_10.114,61.0,4.5,0
flow_30.96,24.5,3.0,0
flow_10.115,59.5,4.0,0
flow_10.116,57.5,4.0,0
flow_20.117,83.5,4.0,0
flow_00.79,54.5,4.5,0
flow_20.118,83.0,4.0,0
flow_00.80,35.5,4.0,0
flow_20.119,82.5,3.5,0
flow_20.120,81.0,4.0,0
flow_20.121,79.5,4.0,0
flow_20.122,61.0,4.0,0
flow_20.123,58.0,4.5,0
flow_10.117,82.0,4.0,0
flow_30.97,54.0,4.5,0
flow_30.98,53.5,4.0,0
flow_10.118,83.0,4.0,0
flow_30.99,44.0,4.0,0
flow_10.119,82.5,4.0,0
flow_30.100,37.0,3.5,0
flow_10.120,81.0,4.0,0
flow_30.101,30.5,4.0,0
flow_10.121,79.0,4.0,0
flow_10.122,61.0,4.0,0
flow_30.102,25.0,3.5,0
flow_10.123,58.0,4.0,0
flow_20.124,84.0,4.0,0
flow_00.81,43.5,4.5,0
flow_20.125,83.5,4.0,0
flow_00.82,43.5,4.0,0
flow_00.83,42.0,4.0,0
flow_20.126,82.5,4.0,0
flow_20.127,81.0,4.0,0
flow_00.84,36.5,3.5,0
flow_20.128,79.5,4.0,0
flow_00.85,36.5,4.0,0
flow_20.129,60.0,4.0,0
flow_00.86,35.0,4.5,0
flow_20.130,58.5,4.5,0
flow_00.87,33.5,4.0,0
flow_30.103,48.5,4.0,0
flow_10.124,83.0,4.0,0
flow_30.104,49.5,4.0,0
flow_10.125,83.5,4.0,0
flow_10.126,82.0,4.0,0
flow_30.105,48.5,4.0,0
flow_10.127,80.5,4.0,0
flow_30.106,47.0,3.5,0
flow_10.128,78.5,3.5,0
flow_30.107,44.0,4.0,0
flow_30.108,42.0,4.0,0
flow_10.129,61.0,4.0,0
flow_30.109,41.5,3.5,0
flow_10.130,58.0,4.5,0
flow_00.88,55.5,4.0,0
flow_20.131,84.5,4.5,0
flow_20.132,83.5,4.0,0
flow_00.89,55.5,4.0,0
flow_20.133,82.5,4.0,0
flow_00.90,55.0,3.5,0
flow_20.134,81.0,3.5,0
flow_00.91,44.0,4.0,0
flow_20.135,79.5,4.0,0
flow_00.92,35.0,4.5,0
flow_20.136,60.5,4.5,0
flow_00.93,32.0,4.0,0
flow_20.137,59.0,4.5,0
flow_10.131,83.0,4.0,0
flow_30.110,67.5,4.5,0
flow_30.111,68.0,4.0,0
flow_10.132,84.0,4.0,0
flow_30.112,63.0,4.0,0
flow_10.133,82.5,4.0,0
flow_30.113,59.5,3.5,0
flow_10.134,81.5,4.0,0
flow_10.135,72.5,4.0,0
flow_30.114,58.0,4.0,0
flow_10.136,60.0,3.5,0
flow_30.115,53.5,4.5,0
flow_10.137,58.0,4.0,0
flow_30.116,51.0,4.0,0
flow_20.138,83.0,4.0,0
flow_00.94,42.5,4.5,0
flow_20.139,82.5,3.5,0
flow_00.95,43.0,4.0,0
flow_20.140,83.0,4.0,0
flow_00.96,42.0,4.0,0
flow_00.97,40.5,4.0,0
flow_20.141,81.5,4.0,0
flow_20.142,79.5,4.0,0
flow_20.143,61.0,4.0,0
flow_20.144,58.5,4.0,0
flow_10.138,84.5,4.5,0
flow_30.117,69.5,4.5,0
flow_10.139,83.5,4.0,0
flow_30.118,65.5,4.0,0
flow_30.119,61.0,4.0,0
flow_10.140,78.5,4.0,0
flow_30.120,43.5,4.0,0
flow_10.141,77.5,4.0,0
flow_10.142,76.0,4.0,0
flow_30.121,43.5,4.5,0
flow_10.143,61.5,4.0,0
flow_30.122,33.0,4.0,0
flow_10.144,59.0,4.0,0
flow_30.123,32.0,4.0,0
flow_20.145,83.0,4.0,0
flow_00.98,49.0,4.0,0
flow_20.146,83.0,3.5,0
flow_00.99,48.0,4.0,0
flow_20.147,81.5,3.5,0
flow_00.100,47.5,4.0,0
flow_20.148,80.5,3.5,0
flow_00.101,41.0,4.5,0
flow_20.149,75.0,4.0,0
flow_00.102,39.0,4.0,0
flow_20.150,60.0,4.0,0
flow_00.103,39.0,4.5,0
flow_20.151,58.0,4.0,0
flow_10.145,83.5,4.5,0
flow_30.124,57.5,4.5,0
flow_10.146,84.0,4.0,0
flow_30.125,38.5,4.0,0
flow_10.147,82.0,4.0,0
flow_30.126,31.0,4.0,0
flow_10.148,81.0,3.5,0
flow_30.127,26.5,3.5,0
flow_10.149,79.0,4.0,0
flow_30.128,25.0,3.5,0
flow_10.150,60.0,4.0,0
flow_10.151,57.5,3.5,0
flow_30.129,25.0,3.5,0
flow_00.104,47.0,4.5,0
flow_20.152,67.0,4.5,0
flow_00.105,47.0,4.0,0
flow_20.153,45.0,4.0,0
flow_00.106,45.5,4.0,0
flow_20.154,39.0,4.0,0
flow_00.107,39.5,3.5,0
flow_20.155,35.0,4.0,0
flow_00.108,40.0,4.5,0
flow_20.156,23.5,3.0,0
flow_00.109,39.0,4.5,0
flow_00.110,37.5,4.5,0
flow_10.152,84.0,4.5,0
flow_30.130,52.5,4.5,0
flow_10.153,82.0,3.5,0
flow_30.131,47.0,4.0,0
flow_30.132,40.0,3.5,0
flow_10.154,82.0,4.0,0
flow_30.133,39.0,3.5,0
flow_10.155,81.0,3.5,0
flow_00.0,24.5,3.0,0
flow_20.0,25.5,3.5,0
flow_30.0,30.5,4.5,0
flow_10.0,25.0,3.5,0
flow_30.1,22.0,2.0,0
flow_30.2,25.0,3.5,0
flow_10.1,26.0,3.5,0
flow_30.3,25.0,3.5,0
flow_20.1,34.0,4.0,0
flow_00.1,57.0,5.0,0
flow_20.2,27.5,3.5,0
flow_00.2,42.5,4.5,0
flow_00.3,41.5,4.5,0
flow_00.4,39.5,4.0,0
flow_00.5,36.0,4.0,0
flow_20.3,25.5,3.5,0
flow_00.6,31.0,4.0,0
flow_20.4,25.0,3.5,0
flow_30.4,45.0,4.5,0
flow_10.2,55.0,4.5,0
flow_30.5,39.0,4.0,0
flow_10.3,51.5,4.0,0
flow_10.4,50.0,4.0,0
flow_30.6,28.5,4.0,0
flow_10.5,49.0,4.0,0
flow_30.7,26.0,3.5,0
flow_10.6,49.0,4.5,0
flow_10.7,47.5,4.5,0
flow_10.8,45.5,4.5,0
flow_00.7,54.0,4.5,0
flow_20.5,52.5,4.5,0
flow_00.8,53.5,4.0,0
flow_20.6,37.0,3.5,0
flow_20.7,35.5,3.5,0
flow_00.9,53.0,4.0,0
flow_20.8,34.5,4.0,0
flow_00.10,52.0,4.0,0
flow_20.9,33.0,4.0,0
flow_00.11,51.0,4.5,0
flow_20.10,31.5,3.5,0
flow_00.12,38.5,4.0,0
flow_20.11,30.5,4.0,0
flow_00.13,30.0,4.5,0
flow_10.9,70.0,4.0,0
flow_30.8,47.5,4.5,0
flow_10.10,70.0,4.0,0
flow_30.9,42.0,4.0,0
flow_10.11,69.5,4.0,0
flow_30.10,35.5,4.0,0
flow_30.11,32.0,4.0,0
flow_10.12,68.0,4.0,0
flow_30.12,28.5,4.0,0
flow_10.13,66.0,4.0,0
flow_10.14,41.5,4.5,0
flow_10.15,29.0,4.0,0
flow_20.12,56.0,4.5,0
flow_00.14,55.0,4.5,0
flow_00.15,53.5,4.0,0
flow_20.13,56.5,4.0,0
flow_20.14,55.0,4.0,0
flow_00.16,31.5,4.0,0
flow_20.15,47.5,3.5,0
flow_00.17,30.0,4.0,0
flow_20.16,42.5,3.5,0
flow_20.17,42.0,4.5,0
flow_00.18,24.5,3.0,0
flow_20.18,40.5,4.5,0
flow_30.13,27.0,4.0,0
flow_10.16,52.0,4.5,0
flow_30.14,26.0,3.5,0
flow_10.17,47.5,4.0,0
flow_10.18,46.5,4.0,0
flow_10.19,25.5,3.5,0
flow_30.15,24.5,3.0,0
flow_10.20,26.0,3.5,0
flow_00.19,43.0,4.5,0
flow_20.19,66.5,4.5,0
flow_00.20,41.0,4.0,0
flow_20.20,66.5,4.0,0
flow_00.21,40.0,4.0,0
flow_20.21,65.0,4.0,0
flow_20.22,63.5,4.0,0
flow_00.22,40.5,4.0,0
flow_20.23,56.5,4.0,0
flow_20.24,51.5,4.0,0
flow_20.25,50.0,4.0,0
flow_30.16,51.0,4.5,0
flow_10.21,53.0,4.5,0
flow_30.17,47.0,3.5,0
flow_10.22,47.0,4.0,0
flow_10.23,48.0,4.5,0
flow_20.26,75.0,4.0,0
flow_00.23,47.0,4.5,0
flow_20.27,70.5,4.0,0
flow_00.24,47.0,4.5,0
flow_20.28,69.5,4.0,0
flow_00.25,36.5,4.5,0
flow_20.29,69.0,4.0,0
flow_00.26,34.5,4.0,0
flow_20.30,67.0,4.0,0
flow_00.27,34.0,4.5,0
flow_20.31,52.5,4.0,0
flow_00.28,33.0,4.0,0
flow_20.32,51.5,4.5,0
flow_00.29,31.5,4.5,0
flow_10.24,25.5,3.0,0
flow_30.18,53.5,4.0,0
flow_30.19,54.5,4.0,0
flow_30.20,47.0,4.0,0
flow_30.21,47.0,4.0,0
flow_30.22,42.5,4.0,0
flow_30.23,41.0,4.0,0
flow_30.24,39.5,4.5,0
flow_20.33,68.0,4.0,0
flow_00.30,55.5,4.0,0
flow_20.34,64.5,4.0,0
flow_00.31,56.5,4.0,0
flow_20.35,64.0,4.0,0
flow_00.32,53.0,3.5,0
flow_20.36,62.5,4.0,0
flow_00.33,51.5,4.0,0
flow_20.37,58.5,4.0,0
flow_00.34,50.5,4.0,0
flow_20.38,57.5,4.0,0
flow_00.35,49.0,4.0,0
flow_20.39,45.0,4.0,0
flow_00.36,48.5,4.0,0
flow_30.25,59.0,4.5,0
flow_10.25,54.5,4.5,0
flow_30.26,50.0,4.0,0
flow_10.26,46.5,4.0,0
flow_30.27,47.0,4.0,0
flow_10.27,46.0,3.5,0
flow_10.28,42.5,4.0,0
flow_30.28,32.0,4.0,0
flow_10.29,31.5,4.5,0
flow_30.29,23.0,2.5,0
flow_10.30,26.0,4.0,0
flow_00.37,74.0,4.5,0
flow_20.40,71.5,4.5,0
flow_00.38,72.0,4.0,0
flow_20.41,49.0,4.0,0
flow_00.39,71.5,4.0,0
flow_20.42,42.5,4.0,0
flow_20.43,34.0,4.0,0
flow_00.40,71.5,4.0,0
flow_20.44,27.5,4.0,0
flow_00.41,65.0,4.0,0
flow_00.42,61.0,4.0,0
flow_00.43,50.0,4.5,0
flow_10.31,24.0,2.5,0
flow_30.30,52.5,4.5,0
flow_30.31,53.5,4.5,0
flow_30.32,46.0,4.5,0
flow_30.33,43.5,4.5,0
flow_30.34,38.5,4.0,0
flow_30.35,37.0,4.5,0
flow_10.32,25.5,3.5,0
flow_30.36,35.5,4.5,0
flow_20.45,41.5,4.5,0
flow_00.44,75.0,4.0,0
flow_20.46,37.5,4.0,0
flow_00.45,74.5,4.0,0
flow_00.46,73.5,3.5,0
flow_20.47,25.5,3.5,0
flow_00.47,72.5,4.0,0
flow_00.48,71.0,4.0,0
flow_00.49,62.5,4.5,0
flow_00.50,60.0,4.5,0
flow_30.37,60.5,4.5,0
flow_10.33,48.5,4.0,0
flow_30.38,50.5,3.5,0
flow_10.34,28.5,4.0,0
flow_30.39,49.5,3.5,0
flow_30.40,48.0,3.5,0
flow_30.41,26.0,3.5,0
flow_30.42,25.5,3.5,0
flow_00.51,83.5,4.0,0
flow_20.48,57.0,5.0,0
flow_00.52,82.5,3.5,0
flow_20.49,43.5,4.5,0
flow_00.53,82.5,4.0,0
flow_20.50,42.5,4.0,0
flow_00.54,78.0,3.5,0
flow_20.51,37.5,4.5,0
flow_00.55,76.0,4.0,0
flow_20.52,36.0,4.0,0
flow_00.56,51.0,3.5,0
flow_20.53,34.0,4.5,0
flow_00.57,49.0,4.0,0
flow_10.35,46.5,4.5,0
flow_30.43,52.0,4.5,0
flow_10.36,46.0,4.0,0
flow_30.44,51.5,4.0,0
flow_10.37,43.0,4.0,0
flow_30.45,51.0,4.5,0
flow_30.46,49.5,4.0,0
flow_30.47,25.5,3.0,0
flow_30.48,24.5,3.0,0
flow_00.58,67.5,4.5,0
flow_20.54,47.0,4.5,0
flow_00.59,54.0,4.0,0
flow_20.55,37.5,4.0,0
flow_20.56,35.5,4.0,0
flow_00.60,53.5,4.0,0
flow_20.57,34.5,3.5,0
flow_00.61,51.0,4.0,0
flow_20.58,27.5,4.0,0
flow_00.62,50.0,4.0,0
flow_20.59,26.0,3.5,0
flow_00.63,44.5,4.0,0
flow_00.64,35.5,4.5,0
flow_10.38,50.0,4.0,0
flow_30.49,48.0,4.5,0
flow_30.50,39.0,3.5,0
flow_10.39,49.5,3.5,0
flow_30.51,39.0,4.0,0
flow_10.40,25.0,3.5,0
flow_30.52,36.5,3.5,0
flow_30.53,28.0,4.0,0
flow_30.54,27.0,4.0,0
flow_00.65,61.5,4.5,0
flow_20.60,55.5,4.5,0
flow_20.61,54.0,4.0,0
flow_00.66,51.5,4.0,0
flow_20.62,54.0,4.0,0
flow_00.67,50.5,4.0,0
flow_20.63,52.5,4.0,0
flow_00.68,49.5,4.0,0
flow_20.64,45.5,4.0,0
flow_00.69,47.5,4.0,0
flow_20.65,44.0,3.5,0
flow_00.70,46.5,4.0,0
flow_20.66,43.0,4.0,0
flow_00.71,42.5,4.0,0
flow_10.41,23.0,2.5,0
flow_30.55,50.5,4.5,0
flow_30.56,48.5,4.0,0
flow_30.57,47.0,4.0,0
flow_30.58,45.5,3.5,0
flow_30.59,44.0,4.0,0
flow_30.60,43.5,4.0,0
flow_30.61,41.5,4.0,0
flow_00.72,60.5,4.5,0
flow_20.67,67.5,4.5,0
flow_00.73,54.0,4.0,0
flow_20.68,66.5,4.0,0
flow_00.74,53.0,4.0,0
flow_20.69,66.5,4.0,0
flow_00.75,52.0,3.5,0
flow_20.70,65.5,4.0,0
flow_00.76,51.0,4.0,0
flow_20.71,64.0,4.0,0
flow_00.77,49.5,4.0,0
flow_20.72,61.0,4.5,0
flow_00.78,48.5,4.0,0
flow_20.73,59.0,4.0,0
flow_10.42,46.0,4.5,0
flow_30.62,68.5,4.5,0
flow_30.63,67.5,4.0,0
flow_10.43,40.5,4.0,0
flow_30.64,37.5,3.5,0
flow_10.44,38.0,4.0,0
flow_30.65,37.0,3.5,0
flow_10.45,29.5,4.5,0
flow_30.66,26.0,3.5,0
flow_10.46,27.5,4.0,0
flow_10.47,25.0,3.0,0
flow_00.79,73.5,4.0,0
flow_20.74,83.5,4.5,0
flow_20.75,81.0,4.0,0
flow_00.80,74.5,4.0,0
flow_20.76,66.5,4.0,0
flow_00.81,74.0,4.5,0
flow_00.82,72.5,4.0,0
flow_20.77,55.5,4.0,0
flow_00.83,61.0,4.0,0
flow_20.78,44.0,4.0,0
flow_00.84,54.5,4.0,0
flow_20.79,43.5,4.0,0
flow_20.80,41.5,4.5,0
flow_00.85,43.0,4.5,0
flow_10.48,52.5,4.0,0
flow_30.67,49.0,4.5,0
flow_30.68,48.5,4.0,0
flow_10.49,51.5,4.0,0
flow_10.50,32.5,4.5,0
flow_30.69,47.5,4.0,0
flow_10.51,31.0,4.0,0
flow_30.70,38.5,4.0,0
flow_30.71,37.5,4.5,0
flow_30.72,35.5,4.0,0
flow_10.52,24.5,3.0,0
flow_30.73,35.5,5.0,0
flow_20.81,67.5,4.5,0
flow_00.86,69.0,4.5,0
flow_20.82,66.5,4.0,0
flow_00.87,68.0,4.0,0
flow_20.83,64.0,4.0,0
flow_00.88,54.5,3.5,0
flow_20.84,63.0,4.0,0
flow_00.89,46.0,4.0,0
flow_20.85,49.0,4.0,0
flow_00.90,27.5,4.0,0
flow_20.86,47.0,3.5,0
flow_00.91,26.5,3.5,0
flow_20.87,44.0,4.0,0
flow_30.74,58.5,4.0,0
flow_10.53,50.0,4.0,0
flow_30.75,57.5,4.0,0
flow_10.54,50.0,3.5,0
flow_30.76,57.0,4.0,0
flow_10.55,42.5,4.0,0
flow_10.56,37.5,3.5,0
flow_30.77,56.0,4.0,0
flow_30.78,54.5,4.0,0
flow_10.57,37.0,4.0,0
flow_10.58,33.0,4.0,0
flow_30.79,53.5,4.0,0
flow_10.59,31.5,3.5,0
flow_30.80,52.0,4.5,0
flow_20.88,69.0,4.5,0
flow_00.92,52.5,4.5,0
flow_00.93,52.0,4.0,0
flow_20.89,69.0,4.0,0
flow_20.90,66.0,4.0,0
flow_00.94,51.5,4.0,0
flow_20.91,64.5,3.5,0
flow_00.95,49.5,3.5,0
flow_20.92,63.5,4.0,0
flow_00.96,42.0,4.0,0
flow_20.93,60.0,4.5,0
flow_00.97,41.0,4.5,0
flow_00.98,36.5,4.0,0
flow_20.94,58.5,4.5,0
flow_30.81,76.0,4.0,0
flow_10.60,58.0,4.5,0
flow_30.82,76.5,4.0,0
flow_10.61,58.5,4.0,0
flow_30.83,75.0,4.0,0
flow_10.62,49.0,4.0,0
flow_30.84,74.5,4.0,0
flow_10.63,28.0,4.0,0
flow_30.85,72.5,4.0,0
flow_10.64,27.0,4.0,0
flow_30.86,60.5,4.0,0
flow_30.87,58.0,4.0,0
flow_00.99,51.0,4.0,0
flow_20.95,84.5,4.5,0
flow_00.100,40.5,4.0,0
flow_20.96,78.0,4.5,0
flow_00.101,35.5,4.0,0
flow_20.97,54.5,4.0,0
flow_00.102,30.0,4.0,0
flow_20.98,39.5,4.0,0
flow_20.99,37.5,4.5,0
flow_00.103,29.0,4.5,0
flow_20.100,36.0,4.0,0
flow_00.104,26.0,3.5,0
flow_20.101,35.0,4.5,0
flow_30.88,84.0,4.0,0
flow_10.65,53.5,4.5,0
flow_30.89,83.0,4.0,0
flow_10.66,26.0,3.5,0
flow_30.90,82.0,3.5,0
flow_10.67,25.5,3.0,0
flow_30.91,73.5,4.0,0
flow_30.92,72.0,4.0,0
flow_30.93,60.0,3.5,0
flow_30.94,58.0,4.0,0
flow_20.102,61.0,4.5,0
flow_00.105,31.0,4.5,0
flow_00.106,29.0,4.0,0
flow_20.103,60.5,4.0,0
flow_00.107,24.5,3.0,0
flow_20.104,53.0,4.5,0
flow_20.105,50.5,4.0,0
flow_00.108,24.5,3.0,0
flow_20.106,47.0,4.0,0
flow_00.109,25.0,3.0,0
flow_20.107,46.5,4.0,0
flow_20.108,42.5,4.5,0
flow_30.95,84.0,4.5,0
flow_10.68,51.0,4.0,0
flow_10.69,45.5,3.5,0
flow_30.96,83.5,4.0,0
flow_30.97,82.5,4.0,0
flow_30.98,79.5,3.5,0
flow_10.70,25.5,3.5,0
flow_30.99,78.5,4.0,0
flow_10.71,24.5,3.0,0
flow_30.100,62.0,4.5,0
flow_30.101,60.0,5.0,0
flow_00.110,53.5,4.0,0
flow_20.109,56.5,5.0,0
flow_00.111,53.5,4.5,0
flow_20.110,54.0,4.5,0
flow_20.111,52.5,4.5,0
flow_00.112,49.0,4.0,0
flow_00.113,37.0,4.0,0
flow_20.112,44.0,4.0,0
flow_00.114,36.0,4.0,0
flow_20.113,43.0,4.0,0
flow_00.115,34.5,4.0,0
flow_20.114,39.0,4.0,0
flow_00.116,32.5,3.5,0
flow_20.115,38.0,4.0,0
flow_30.102,83.0,4.0,0
flow_10.72,53.5,4.5,0
flow_30.103,83.0,3.5,0
flow_30.104,81.0,3.5,0
flow_30.105,72.0,4.0,0
flow_30.106,52.5,4.0,0
flow_30.107,51.0,4.0,0
flow_10.73,25.5,3.5,0
flow_30.108,50.0,4.0,0
flow_00.117,58.5,4.5,0
flow_20.116,63.0,4.5,0
flow_00.118,57.5,4.0,0
flow_20.117,63.5,4.0,0
flow_00.119,57.5,4.0,0
flow_20.118,62.5,4.0,0
flow_00.120,55.5,3.5,0
flow_20.119,60.5,4.0,0
flow_00.121,53.5,4.0,0
flow_20.120,46.5,4.0,0
flow_00.122,46.5,4.0,0
flow_00.123,45.5,4.0,0
flow_10.74,50.5,4.5,0
flow_30.109,76.0,4.5,0
flow_10.75,48.0,4.0,0
flow_30.110,75.5,4.0,0
flow_30.111,72.5,4.5,0
flow_10.76,37.0,4.5,0
flow_30.112,71.0,4.0,0
flow_10.77,33.0,4.5,0
flow_30.113,69.0,4.0,0
flow_30.114,61.0,4.0,0
flow_30.115,58.5,4.5,0
flow_20.121,42.5,4.0,0
flow_00.124,72.0,4.0,0
flow_00.125,71.0,4.0,0
flow_20.122,34.0,4.0,0
flow_00.126,70.0,3.5,0
flow_20.123,33.0,4.0,0
flow_00.127,68.5,4.0,0
flow_20.124,31.5,4.0,0
flow_00.128,67.0,4.0,0
flow_20.125,30.0,4.0,0
flow_00.129,61.0,4.0,0
flow_20.126,24.5,3.0,0
flow_00.130,58.5,4.0,0
flow_10.78,46.5,4.5,0
flow_30.116,85.5,4.5,0
flow_10.79,45.0,4.0,0
flow_30.117,68.5,4.0,0
flow_10.80,44.0,4.0,0
flow_30.118,61.5,4.5,0
flow_10.81,41.0,3.5,0
flow_30.119,60.0,4.5,0
flow_30.120,59.0,4.5,0
flow_30.121,45.5,5.0,0
flow_30.122,41.5,4.5,0
flow_00.131,84.0,4.0,0
flow_20.127,49.5,4.5,0
flow_00.132,83.5,3.5,0
flow_20.128,48.5,4.0,0
flow_00.133,82.5,3.5,0
flow_20.129,32.0,4.0,0
flow_00.134,81.0,3.5,0
flow_20.130,31.0,4.0,0
flow_20.131,30.0,4.0,0
flow_20.132,27.0,4.0,0
flow_00.135,84.5,5.0,0
flow_20.133,26.5,3.5,0
flow_00.136,64.5,5.0,0
flow_00.137,62.0,4.5,0
flow_10.82,49.5,4.0,0
flow_30.123,62.0,4.5,0
flow_30.124,54.5,4.0,0
flow_10.83,24.0,3.0,0
flow_30.125,52.0,4.0,0
flow_30.126,51.0,4.5,0
flow_30.127,49.5,4.0,0
flow_30.128,38.5,4.5,0
flow_10.84,25.0,3.0,0
flow_30.129,30.5,4.5,0
flow_20.134,52.0,4.5,0
flow_00.138,85.0,4.5,0
flow_20.135,51.5,4.0,0
flow_00.139,84.0,4.5,0
flow_00.140,82.0,3.5,0
flow_20.136,50.5,4.0,0
flow_00.141,81.0,4.0,0
flow_20.137,43.5,4.0,0
flow_00.142,79.5,4.0,0
flow_20.138,42.0,4.5,0
flow_20.139,40.5,4.0,0
flow_00.143,61.0,4.5,0
flow_00.144,58.5,4.0,0
flow_20.140,39.5,4.0,0
flow_30.130,56.0,4.5,0
flow_30.131,46.0,4.0,0
flow_30.132,42.5,4.0,0
flow_30.133,36.0,4.0,0
flow_30.134,35.5,4.0,0
flow_30.135,31.5,4.5,0
flow_10.85,25.0,3.0,0
flow_30.136,30.0,4.5,0
flow_20.141,61.5,4.0,0
flow_00.145,81.5,4.5,0
flow_00.146,77.0,4.0,0
flow_20.142,55.0,4.0,0
flow_00.147,69.0,4.0,0
flow_20.143,53.0,4.0,0
flow_00.148,67.0,4.0,0
flow_20.144,43.0,4.0,0
flow_20.145,42.0,4.0,0
flow_00.149,66.0,4.5,0
flow_20.146,40.5,4.0,0
flow_00.150,55.0,4.5,0
flow_20.147,39.0,4.5,0
flow_00.151,54.5,4.5,0
flow_30.137,55.5,4.5,0
flow_30.138,54.5,3.5,0
flow_30.139,46.5,4.0,0
flow_30.140,46.0,4.5,0
flow_30.141,44.0,4.0,0
flow_10.86,25.5,3.5,0
flow_30.142,26.0,3.5,0
flow_30.143,25.0,3.5,0
flow_00.152,78.0,4.5,0
flow_20.148,51.0,4.5,0
flow_00.153,77.5,4.0,0
flow_20.149,42.5,3.5,0
flow_20.150,40.0,4.0,0
flow_00.154,78.5,4.5,0
flow_20.151,39.5,4.0,0
flow_00.155,77.0,4.5,0
flow_20.152,38.5,4.0,0
flow_00.156,75.0,4.0,0
flow_20.153,37.0,4.0,0
flow_00.157,62.0,4.5,0
flow_20.154,35.5,4.0,0
flow_00.158,59.0,4.5,0
flow_30.144,48.5,4.5,0
flow_10.87,50.5,4.5,0
flow_10.88,50.0,4.0,0
flow_30.145,42.5,4.0,0
flow_10.89,49.5,4.0,0
flow_30.146,33.0,4.5,0
flow_10.90,48.0,4.0,0
flow_30.147,26.0,4.0,0
flow_00.0,24.0,3.0,0
flow_20.0,24.0,2.5,0
flow_30.0,27.0,4.0,0
flow_10.0,25.5,3.5,0
flow_30.1,24.5,3.0,0
flow_10.1,23.5,3.0,0
flow_20.1,48.0,4.5,0
flow_00.1,51.5,4.5,0
flow_00.2,50.5,4.0,0
flow_20.2,50.0,4.5,0
flow_00.3,50.0,4.0,0
flow_20.3,48.0,4.5,0
flow_20.4,42.0,4.0,0
flow_00.4,50.5,4.5,0
flow_20.5,39.5,4.0,0
flow_00.5,49.0,4.5,0
flow_20.6,32.5,4.0,0
flow_00.6,48.0,5.0,0
flow_20.7,31.5,4.5,0
flow_00.7,34.5,4.5,0
flow_30.2,45.0,4.0,0
flow_10.2,48.0,4.0,0
flow_10.3,40.5,4.0,0
flow_10.4,35.5,4.0,0
flow_10.5,26.0,3.5,0
flow_30.3,26.0,4.0,0
flow_20.8,57.0,4.5,0
flow_00.8,53.5,4.5,0
flow_20.9,56.5,4.0,0
flow_00.9,53.5,4.0,0
flow_20.10,55.5,4.0,0
flow_00.10,51.5,4.0,0
flow_00.11,50.0,3.5,0
flow_20.11,54.5,4.0,0
flow_20.12,53.0,4.0,0
flow_00.12,40.0,4.0,0
flow_20.13,51.5,3.5,0
flow_00.13,26.0,3.5,0
flow_20.14,50.0,4.0,0
flow_30.4,50.5,4.5,0
flow_10.6,54.5,4.5,0
flow_30.5,49.5,3.5,0
flow_10.7,32.0,4.5,0
flow_30.6,48.0,4.0,0
flow_10.8,25.0,3.5,0
flow_30.7,47.0,3.5,0
flow_30.8,33.5,4.0,0
flow_10.9,26.0,3.5,0
flow_30.9,32.0,4.0,0
flow_10.10,24.5,3.0,0
flow_30.10,31.0,4.0,0
flow_20.15,76.0,4.5,0
flow_00.14,53.5,4.5,0
flow_00.15,38.5,4.0,0
flow_20.16,75.5,4.0,0
flow_00.16,36.5,3.5,0
flow_20.17,75.0,4.0,0
flow_20.18,73.0,3.5,0
flow_00.17,36.5,4.0,0
flow_20.19,71.0,4.0,0
flow_00.18,35.5,4.5,0
flow_20.20,61.0,4.0,0
flow_00.19,33.5,4.5,0
flow_20.21,58.0,4.0,0
flow_00.20,32.0,4.0,0
flow_10.11,25.5,3.5,0
flow_30.11,51.5,4.0,0
flow_30.12,49.5,3.5,0
flow_30.13,48.0,4.0,0
flow_30.14,31.0,4.0,0
flow_30.15,31.0,4.5,0
flow_10.12,24.5,3.0,0
flow_30.16,29.0,4.5,0
flow_00.21,57.5,4.5,0
flow_20.22,84.5,4.5,0
flow_20.23,82.5,4.0,0
flow_00.22,57.5,4.0,0
flow_00.23,56.0,4.0,0
flow_20.24,82.5,4.0,0
flow_20.25,74.5,4.0,0
flow_00.24,55.0,3.5,0
flow_00.25,53.5,4.0,0
flow_20.26,74.0,4.0,0
flow_00.26,52.0,4.0,0
flow_20.27,61.0,4.0,0
flow_20.28,58.0,4.0,0
flow_00.27,50.5,4.0,0
flow_10.13,44.0,4.0,0
flow_30.17,49.0,4.0,0
flow_10.14,39.5,4.0,0
flow_30.18,39.5,4.0,0
flow_30.19,29.5,4.0,0
flow_30.20,25.5,3.5,0
flow_20.29,83.5,4.0,0
flow_00.28,77.0,4.5,0
flow_20.30,82.5,3.5,0
flow_00.29,76.0,4.0,0
flow_20.31,82.0,4.0,0
flow_00.30,75.0,4.0,0
flow_00.31,74.0,4.0,0
flow_20.32,82.0,4.0,0
flow_00.32,72.0,4.0,0
flow_20.33,80.0,4.5,0
flow_00.33,57.5,3.5,0
flow_20.34,63.0,4.5,0
flow_00.34,54.0,4.0,0
flow_20.35,60.0,4.5,0
flow_10.15,39.0,4.0,0
flow_30.21,50.5,4.5,0
flow_10.16,32.0,4.0,0
flow_30.22,30.5,4.5,0
flow_10.17,31.0,4.0,0
flow_30.23,29.0,4.0,0
flow_10.18,30.5,4.5,0
flow_10.19,26.5,3.5,0
flow_20.36,83.5,4.0,0
flow_00.35,80.0,4.5,0
flow_20.37,82.5,3.5,0
flow_00.36,79.5,4.0,0
flow_20.38,82.0,4.0,0
flow_00.37,78.5,4.0,0
flow_20.39,80.5,3.5,0
flow_00.38,75.5,4.0,0
flow_20.40,79.0,4.0,0
flow_00.39,74.5,4.0,0
flow_20.41,60.5,3.5,0
flow_00.40,60.5,3.5,0
flow_00.41,57.5,4.0,0
flow_20.42,59.0,4.0,0
flow_10.20,50.5,4.5,0
flow_30.24,51.0,4.0,0
flow_30.25,49.5,4.0,0
flow_10.21,51.5,4.0,0
flow_30.26,44.5,3.5,0
flow_10.22,48.0,4.0,0
flow_30.27,44.0,4.0,0
flow_30.28,43.0,4.0,0
flow_30.29,42.0,4.0,0
flow_30.30,40.5,4.5,0
flow_00.42,84.0,4.0,0
flow_20.43,84.5,4.5,0
flow_20.44,83.0,4.0,0
flow_00.43,84.5,4.5,0
flow_20.45,82.5,4.0,0
flow_00.44,83.0,4.0,0
flow_20.46,81.5,4.0,0
flow_00.45,82.0,4.0,0
flow_20.47,79.0,4.0,0
flow_00.46,79.5,4.0,0
flow_00.47,61.5,4.0,0
flow_20.48,61.0,4.0,0
flow_00.48,58.5,4.0,0
flow_20.49,59.5,4.5,0
flow_10.23,38.0,4.0,0
flow_30.31,65.5,4.5,0
flow_10.24,37.5,3.5,0
flow_30.32,63.5,4.0,0
flow_10.25,27.5,4.0,0
flow_30.33,62.5,3.5,0
flow_30.34,58.0,4.0,0
flow_30.35,53.5,4.0,0
flow_30.36,52.5,4.5,0
flow_30.37,47.5,4.0,0
flow_00.49,84.0,4.0,0
flow_20.50,84.0,4.5,0
flow_00.50,82.5,4.0,0
flow_20.51,83.0,4.0,0
flow_00.51,81.5,3.5,0
flow_20.52,82.5,4.0,0
flow_00.52,80.5,3.5,0
flow_20.53,81.0,3.5,0
flow_00.53,78.5,4.0,0
flow_20.54,81.0,4.5,0
flow_00.54,59.5,3.5,0
flow_20.55,62.0,4.5,0
flow_20.56,59.0,4.0,0
flow_00.55,59.0,4.5,0
flow_30.38,50.5,4.0,0
flow_10.26,46.5,4.5,0
flow_30.39,50.0,3.5,0
flow_10.27,43.5,4.0,0
flow_10.28,39.5,4.0,0
flow_30.40,27.0,3.5,0
flow_10.29,39.0,4.0,0
flow_10.30,28.5,4.5,0
flow_10.31,27.5,4.0,0
flow_30.41,25.5,3.5,0
flow_10.32,27.0,4.0,0
flow_00.56,83.5,4.5,0
flow_20.57,84.5,4.0,0
flow_20.58,83.0,4.0,0
flow_00.57,83.0,4.0,0
flow_20.59,82.5,3.5,0
flow_00.58,84.0,4.5,0
flow_20.60,81.0,4.0,0
flow_00.59,81.5,4.0,0
flow_20.61,79.5,4.0,0
flow_00.60,80.0,4.0,0
flow_20.62,61.0,4.0,0
flow_00.61,61.5,4.5,0
flow_00.62,59.5,4.0,0
flow_20.63,60.5,4.5,0
flow_10.33,51.5,4.0,0
flow_30.42,48.0,4.0,0
flow_30.43,48.0,4.0,0
flow_10.34,52.0,4.0,0
flow_30.44,31.0,4.0,0
flow_10.35,49.0,4.0,0
flow_30.45,29.5,4.0,0
flow_10.36,47.5,4.0,0
flow_10.37,44.5,4.0,0
flow_30.46,26.0,3.5,0
flow_00.63,84.5,4.5,0
flow_20.64,85.0,4.5,0
flow_20.65,83.0,4.0,0
flow_00.64,84.5,4.0,0
flow_00.65,83.5,4.0,0
flow_20.66,84.0,4.5,0
flow_00.66,81.5,4.0,0
flow_20.67,82.5,4.5,0
flow_00.67,79.5,4.0,0
flow_20.68,80.5,4.0,0
flow_00.68,61.0,4.0,0
flow_20.69,61.5,4.5,0
flow_00.69,58.0,4.0,0
flow_20.70,59.0,4.0,0
flow_30.47,52.0,4.0,0
flow_10.38,49.5,4.0,0
flow_30.48,44.5,4.0,0
flow_10.39,51.0,4.5,0
flow_30.49,36.0,4.0,0
flow_10.40,49.5,4.0,0
flow_10.41,45.0,4.0,0
flow_30.50,35.5,4.0,0
flow_10.42,31.5,3.5,0
flow_30.51,34.5,4.5,0
flow_30.52,33.0,4.0,0
flow_30.53,32.5,4.5,0
flow_20.71,84.0,4.5,0
flow_00.70,85.0,4.5,0
flow_20.72,83.0,4.0,0
flow_00.71,84.0,4.5,0
flow_00.72,82.5,4.0,0
flow_20.73,83.0,4.0,0
flow_00.73,81.5,4.0,0
flow_20.74,81.5,4.0,0
flow_20.75,79.5,4.5,0
flow_00.74,74.0,4.5,0
flow_20.76,61.0,4.0,0
flow_00.75,61.5,4.5,0
flow_00.76,56.5,4.0,0
flow_20.77,59.5,4.5,0
flow_30.54,48.0,4.0,0
flow_10.43,42.5,4.5,0
flow_10.44,30.0,4.0,0
flow_30.55,47.5,3.5,0
flow_30.56,46.5,3.5,0
flow_30.57,34.5,3.5,0
flow_30.58,34.0,4.0,0
flow_10.45,24.5,3.0,0
flow_30.59,33.0,3.5,0
flow_30.60,27.0,3.5,0
flow_00.77,81.5,4.0,0
flow_20.78,84.5,4.5,0
flow_00.78,81.0,3.5,0
flow_20.79,84.0,4.0,0
flow_20.80,82.5,4.0,0
flow_00.79,80.0,4.0,0
flow_20.81,81.5,4.0,0
flow_00.80,77.0,4.0,0
flow_20.82,79.0,4.0,0
flow_00.81,75.5,4.0,0
flow_00.82,60.5,3.5,0
flow_20.83,61.5,4.0,0
flow_00.83,58.5,4.0,0
flow_20.84,59.5,4.5,0
flow_30.61,51.5,4.0,0
flow_10.46,51.0,4.5,0
flow_10.47,42.0,3.5,0
flow_30.62,36.5,3.5,0
flow_10.48,40.5,3.5,0
flow_30.63,35.5,3.5,0
flow_10.49,40.0,3.5,0
flow_30.64,34.0,4.0,0
flow_30.65,34.0,4.5,0
flow_30.66,32.5,4.0,0
flow_10.50,24.5,3.0,0
flow_30.67,30.0,4.0,0
flow_00.84,84.0,4.5,0
flow_20.85,84.0,4.5,0
flow_20.86,83.0,4.0,0
flow_00.85,84.5,4.0,0
flow_20.87,82.0,4.0,0
flow_00.86,83.0,4.0,0
flow_00.87,81.0,3.5,0
flow_20.88,82.5,4.0,0
flow_00.88,79.5,4.0,0
flow_20.89,80.0,4.0,0
flow_00.89,60.5,4.5,0
flow_20.90,61.0,4.0,0
flow_00.90,57.5,4.0,0
flow_20.91,58.5,4.5,0
flow_30.68,51.5,4.0,0
flow_10.51,47.5,4.5,0
flow_30.69,30.5,3.5,0
flow_10.52,47.0,4.0,0
flow_30.70,30.0,4.0,0
flow_10.53,39.0,4.0,0
flow_30.71,29.0,4.0,0
flow_10.54,34.5,4.0,0
flow_30.72,24.5,3.0,0
flow_00.91,84.0,4.5,0
flow_20.92,86.5,5.0,0
flow_00.92,84.0,4.0,0
flow_20.93,84.5,4.0,0
flow_20.94,83.0,4.0,0
flow_00.93,83.0,4.0,0
flow_20.95,82.0,4.0,0
flow_00.94,82.0,4.0,0
flow_20.96,79.5,4.0,0
flow_00.95,80.0,4.0,0
flow_20.97,61.5,4.0,0
flow_00.96,62.0,4.5,0
flow_20.98,58.5,4.5,0
flow_00.97,59.5,4.0,0
flow_10.55,51.5,4.0,0
flow_30.73,47.5,4.5,0
flow_30.74,46.0,3.5,0
flow_10.56,48.5,4.0,0
flow_30.75,45.0,3.5,0
flow_10.57,47.5,3.5,0
flow_30.76,32.5,3.5,0
flow_30.77,27.5,4.0,0
flow_00.98,80.0,4.0,0
flow_20.99,84.0,4.5,0
flow_20.100,83.0,4.0,0
flow_00.99,71.0,4.0,0
flow_00.100,63.5,4.0,0
flow_20.101,83.0,4.0,0
flow_00.101,58.5,4.0,0
flow_20.102,81.5,4.0,0
flow_00.102,57.5,4.0,0
flow_20.103,79.5,4.0,0
flow_20.104,61.5,4.0,0
flow_00.103,58.5,4.5,0
flow_20.105,59.0,4.5,0
flow_00.104,56.5,4.5,0
flow_10.58,53.5,4.5,0
flow_30.78,25.0,3.0,0
flow_10.59,35.0,4.0,0
flow_10.60,27.0,4.0,0
flow_30.79,25.0,3.5,0
flow_10.61,27.5,3.5,0
flow_10.62,26.0,3.5,0
flow_30.80,26.5,3.5,0
flow_10.63,25.0,3.0,0
flow_30.81,24.5,3.0,0
flow_20.106,84.5,4.5,0
flow_00.105,81.0,4.5,0
flow_20.107,83.0,4.0,0
flow_00.106,80.5,4.0,0
flow_20.108,82.5,4.0,0
flow_00.107,79.5,4.0,0
flow_20.109,81.5,4.0,0
flow_00.108,78.0,4.0,0
flow_20.110,79.0,4.0,0
flow_00.109,76.5,4.0,0
flow_20.111,60.5,3.5,0
flow_00.110,61.0,4.0,0
flow_00.111,58.0,4.0,0
flow_20.112,58.0,4.0,0
flow_10.64,48.0,4.0,0
flow_30.82,53.0,5.0,0
flow_30.83,42.0,4.0,0
flow_10.65,49.0,4.0,0
flow_10.66,47.5,4.0,0
flow_30.84,39.0,4.0,0
flow_10.67,42.0,4.0,0
flow_30.85,37.5,4.0,0
flow_30.86,36.0,4.0,0
flow_10.68,41.5,4.0,0
flow_30.87,34.5,4.0,0
flow_10.69,40.0,4.0,0
flow_10.70,39.0,4.0,0
flow_30.88,34.0,5.0,0
flow_20.113,81.5,4.0,0
flow_00.112,84.0,4.0,0
flow_20.114,79.5,4.0,0
flow_00.113,84.0,4.5,0
flow_00.114,83.0,4.0,0
flow_20.115,79.0,3.5,0
flow_00.115,81.5,4.0,0
flow_20.116,78.0,4.0,0
flow_00.116,79.5,4.0,0
flow_20.117,76.0,4.0,0
flow_20.118,61.5,4.0,0
flow_00.117,61.5,4.5,0
flow_00.118,35.5,4.0,0
flow_20.119,58.5,4.5,0
flow_30.89,58.0,4.0,0
flow_10.71,65.5,4.5,0
flow_10.72,63.5,3.5,0
flow_30.90,52.5,4.0,0
flow_30.91,43.5,3.5,0
flow_10.73,62.0,4.0,0
flow_30.92,42.0,4.0,0
flow_10.74,59.5,4.5,0
flow_30.93,40.5,3.5,0
flow_30.94,39.0,3.5,0
flow_30.95,38.0,4.0,0
flow_00.119,60.5,4.0,0
flow_20.120,81.5,4.0,0
flow_20.121,81.5,4.0,0
flow_00.120,61.0,4.0,0
flow_20.122,68.5,4.0,0
flow_00.121,60.5,4.0,0
flow_20.123,66.0,4.0,0
flow_00.122,59.0,3.5,0
flow_00.123,57.5,4.0,0
flow_20.124,65.5,4.0,0
flow_00.124,56.0,3.5,0
flow_20.125,61.0,4.0,0
flow_00.125,55.5,4.0,0
flow_20.126,50.0,4.5,0
flow_30.96,55.5,4.0,0
flow_10.75,44.5,4.0,0
flow_30.97,56.0,4.0,0
flow_10.76,26.5,4.0,0
flow_30.98,55.5,4.0,0
flow_10.77,25.0,3.5,0
flow_30.99,55.0,4.5,0
flow_30.100,53.5,4.5,0
flow_30.101,52.0,4.5,0
flow_30.102,50.5,4.5,0
flow_20.127,75.0,4.5,0
flow_00.126,81.0,4.5,0
flow_00.127,80.0,4.0,0
flow_20.128,55.5,4.0,0
flow_20.129,54.5,4.0,0
flow_00.128,80.0,4.0,0
flow_20.130,53.5,3.5,0
flow_00.129,78.0,4.0,0
flow_00.130,76.5,4.0,0
flow_20.131,53.0,4.0,0
flow_20.132,44.0,4.0,0
flow_00.131,61.5,4.5,0
flow_00.132,58.5,4.0,0
flow_20.133,42.5,4.0,0
flow_30.103,74.5,4.0,0
flow_10.78,48.5,4.0,0
flow_10.79,39.5,4.0,0
flow_30.104,76.0,4.5,0
flow_10.80,27.5,3.5,0
flow_30.105,74.5,3.5,0
flow_30.106,73.0,4.0,0
flow_30.107,71.0,4.0,0
flow_10.81,25.5,3.5,0
flow_30.108,60.5,4.0,0
flow_10.82,26.0,3.5,0
flow_30.109,59.0,4.5,0
flow_20.134,68.0,4.5,0
flow_00.133,85.0,4.5,0
flow_20.135,62.5,4.0,0
flow_00.134,84.5,4.5,0
flow_20.136,52.5,4.0,0
flow_00.135,83.0,4.0,0
flow_20.137,37.5,3.5,0
flow_00.136,81.5,4.0,0
flow_00.137,79.0,4.0,0
flow_20.138,35.0,4.0,0
flow_00.138,60.5,4.0,0
flow_20.139,24.0,3.0,0
flow_00.139,58.5,4.0,0
flow_30.110,83.5,4.0,0
flow_10.83,38.5,4.5,0
flow_30.111,83.5,4.0,0
flow_10.84,26.0,3.5,0
flow_10.85,25.0,3.5,0
flow_30.112,82.5,4.0,0
flow_30.113,81.5,4.0,0
flow_30.114,79.0,4.0,0
flow_30.115,61.0,4.0,0
flow_30.116,58.0,4.0,0
flow_10.86,25.5,3.5,0
flow_20.140,52.0,4.0,0
flow_00.140,85.0,4.5,0
flow_00.141,83.5,4.0,0
flow_20.141,52.0,4.0,0
flow_20.142,51.0,4.0,0
flow_00.142,84.0,4.0,0
flow_20.143,50.5,4.0,0
flow_00.143,82.5,4.5,0
flow_00.144,79.5,4.0,0
flow_20.144,49.5,4.5,0
flow_00.145,61.0,4.5,0
flow_20.145,46.0,4.0,0
flow_00.146,59.0,4.0,0
flow_20.146,40.5,4.5,0
flow_30.117,83.0,4.0,0
flow_10.87,38.5,4.5,0
flow_30.118,84.0,4.5,0
flow_10.88,24.5,3.0,0
flow_30.119,83.0,4.0,0
flow_30.120,76.5,4.5,0
flow_30.121,73.5,4.0,0
flow_30.122,60.0,4.0,0
flow_30.123,59.0,4.0,0
flow_00.147,82.5,4.0,0
flow_20.147,43.5,4.0,0
flow_00.148,82.5,3.5,0
flow_20.148,44.0,4.0,0
flow_00.149,82.5,4.0,0
flow_20.149,43.0,4.0,0
flow_20.150,42.5,4.0,0
flow_00.150,82.0,4.0,0
flow_20.151,41.0,4.0,0
flow_00.151,80.5,4.5,0
flow_00.152,60.5,4.0,0
flow_20.152,29.5,4.0,0
flow_20.153,26.5,3.5,0
flow_00.153,59.0,4.5,0
flow_30.124,83.0,4.0,0
flow_10.89,44.5,4.5,0
flow_30.125,66.0,4.0,0
flow_10.90,27.0,3.5,0
flow_30.126,58.0,4.0,0
flow_30.127,33.5,3.5,0
flow_30.128,24.5,3.0,0
flow_00.154,83.0,4.0,0
flow_20.154,45.0,4.5,0
flow_20.155,44.0,4.0,0
flow_00.155,84.0,4.0,0
flow_00.156,83.0,4.0,0
flow_20.156,35.5,4.5,0
flow_20.157,28.0,4.0,0
flow_00.157,82.0,4.5,0
flow_20.158,25.5,3.5,0
flow_00.158,80.0,4.0,0
flow_00.159,61.5,4.0,0
flow_00.160,59.0,4.5,0
flow_30.129,54.0,4.5,0
flow_10.91,57.0,5.0,0
flow_30.130,43.5,4.0,0
flow_10.92,41.0,4.0,0
flow_30.131,34.0,4.0,0
flow_10.93,38.5,4.5,0
flow_10.94,37.0,4.5,0
flow_30.132,32.0,5.0,0
flow_10.95,28.5,4.0,0
flow_20.159,46.5,4.5,0
flow_00.161,85.0,4.5,0
flow_00.162,84.5,4.0,0
flow_20.160,47.5,4.5,0
flow_00.163,83.0,4.0,0
flow_20.161,43.0,4.0,0
flow_20.162,32.5,4.0,0
flow_00.164,82.5,4.0,0
flow_00.165,80.0,4.0,0
flow_20.163,25.5,3.5,0
flow_00.166,61.5,4.0,0
flow_00.167,58.5,4.0,0
flow_10.96,52.5,4.5,0
flow_30.133,45.5,4.5,0
flow_10.97,47.5,4.0,0
flow_30.134,45.0,4.0,0
flow_10.98,46.0,3.5,0
flow_30.135,44.0,4.0,0
flow_10.99,36.0,4.0,0
flow_30.136,42.5,4.0,0
flow_20.0,24.0,3.0,0
flow_10.0,34.5,5.0,0
flow_30.0,25.0,3.0,0
flow_30.1,24.5,3.0,0
flow_30.2,27.0,4.0,0
flow_30.3,25.5,3.5,0
flow_20.1,48.5,4.0,0
flow_00.0,52.0,4.5,0
flow_20.2,49.0,4.0,0
flow_00.1,43.0,4.0,0
flow_20.3,47.5,4.0,0
flow_00.2,42.5,4.5,0
flow_20.4,40.5,4.0,0
flow_00.3,38.5,4.5,0
flow_20.5,34.0,4.0,0
flow_00.4,34.0,4.0,0
flow_20.6,33.0,4.0,0
flow_00.5,33.5,4.5,0
flow_20.7,29.0,4.0,0
flow_00.6,31.5,4.0,0
flow_30.4,48.0,4.0,0
flow_10.1,44.5,4.5,0
flow_10.2,43.5,4.0,0
flow_30.5,49.0,4.0,0
flow_10.3,42.5,4.0,0
flow_10.4,40.0,4.5,0
flow_30.6,24.0,3.0,0
flow_10.5,35.5,4.0,0
flow_10.6,33.5,4.5,0
flow_10.7,32.0,4.0,0
flow_00.7,56.5,4.5,0
flow_20.8,55.0,4.5,0
flow_00.8,56.0,4.0,0
flow_20.9,54.0,3.5,0
flow_20.10,48.0,4.0,0
flow_00.9,24.5,3.0,0
flow_20.11,37.0,4.0,0
flow_20.12,36.0,3.5,0
flow_20.13,25.0,3.5,0
flow_00.10,25.0,3.0,0
flow_30.7,54.0,4.5,0
flow_10.8,58.5,4.5,0
flow_30.8,53.5,4.0,0
flow_10.9,54.5,4.0,0
flow_10.10,53.0,4.0,0
flow_30.9,52.5,4.0,0
flow_10.11,51.5,3.5,0
flow_30.10,50.5,4.0,0
flow_10.12,51.0,4.0,0
flow_30.11,50.0,4.0,0
flow_10.13,47.0,3.5,0
flow_30.12,48.0,4.5,0
flow_10.14,40.5,4.0,0
flow_30.13,48.0,4.5,0
flow_00.11,49.5,4.0,0
flow_20.14,47.0,4.5,0
flow_20.15,45.5,3.5,0
flow_00.12,42.5,4.0,0
flow_20.16,32.0,4.0,0
flow_00.13,25.0,3.0,0
flow_30.14,71.0,4.0,0
flow_10.15,67.0,4.5,0
flow_30.15,70.0,3.5,0
flow_10.16,44.5,4.0,0
flow_30.16,62.5,3.5,0
flow_10.17,44.5,4.5,0
flow_30.17,50.5,3.5,0
flow_10.18,24.0,2.5,0
flow_30.18,25.5,3.5,0
flow_00.14,51.5,4.0,0
flow_20.17,54.5,4.5,0
flow_00.15,51.5,4.0,0
flow_20.18,54.0,4.0,0
flow_20.19,52.5,4.0,0
flow_00.16,51.5,4.0,0
flow_20.20,52.0,4.0,0
flow_00.17,44.0,4.0,0
flow_00.18,32.0,4.5,0
flow_20.21,24.5,3.0,0
flow_00.19,29.5,4.5,0
flow_20.22,23.5,2.5,0
flow_00.20,28.0,4.0,0
flow_10.19,51.0,4.0,0
flow_30.19,48.0,4.5,0
flow_10.20,49.5,3.5,0
flow_30.20,36.5,3.5,0
flow_30.21,35.5,3.5,0
flow_10.21,49.0,3.5,0
flow_10.22,47.5,4.0,0
flow_30.22,35.5,3.5,0
flow_10.23,37.0,4.0,0
flow_30.23,27.0,4.0,0
flow_10.24,33.5,4.0,0
flow_10.25,32.0,4.5,0
flow_20.23,41.0,4.5,0
flow_00.21,53.5,4.5,0
flow_20.24,40.5,4.0,0
flow_00.22,53.0,4.0,0
flow_20.25,39.5,4.0,0
flow_00.23,47.5,4.0,0
flow_20.26,36.5,4.0,0
flow_00.24,43.0,4.0,0
flow_20.27,24.5,3.0,0
flow_00.25,28.0,4.0,0
flow_10.26,57.5,4.0,0
flow_30.24,34.5,4.0,0
flow_30.25,33.5,3.5,0
flow_10.27,59.0,4.5,0
flow_10.28,53.0,4.5,0
flow_30.26,25.0,3.5,0
flow_10.29,49.0,4.0,0
flow_30.27,25.5,3.0,0
flow_10.30,48.5,4.0,0
flow_10.31,46.0,4.5,0
flow_10.32,36.5,4.0,0
flow_00.26,42.5,4.5,0
flow_20.28,44.0,4.0,0
flow_20.29,43.0,3.5,0
flow_00.27,42.0,4.0,0
flow_00.28,41.0,4.0,0
flow_20.30,31.0,4.0,0
flow_00.29,40.0,3.5,0
flow_20.31,30.0,4.0,0
flow_00.30,39.0,4.0,0
flow_20.32,29.0,4.0,0
flow_00.31,37.0,3.5,0
flow_20.33,27.5,4.0,0
flow_00.32,36.0,4.0,0
flow_20.34,26.5,3.5,0
flow_10.33,48.0,4.0,0
flow_30.28,40.0,4.5,0
flow_10.34,47.5,4.0,0
flow_10.35,46.5,4.0,0
flow_10.36,44.5,3.5,0
flow_30.29,24.5,3.0,0
flow_10.37,44.0,4.0,0
flow_10.38,43.0,4.0,0
flow_10.39,40.0,4.5,0
flow_00.33,62.0,4.5,0
flow_20.35,51.5,4.5,0
flow_20.36,50.5,4.0,0
flow_00.34,61.5,4.0,0
flow_00.35,60.0,4.0,0
flow_20.37,50.0,4.0,0
flow_00.36,59.0,3.5,0
flow_20.38,49.0,3.5,0
flow_00.37,58.0,4.0,0
flow_20.39,47.5,4.0,0
flow_20.40,46.0,4.5,0
flow_00.38,54.5,4.0,0
flow_20.41,45.5,4.5,0
flow_00.39,54.0,4.5,0
flow_30.30,41.5,4.0,0
flow_10.40,64.5,4.5,0
flow_30.31,39.0,3.5,0
flow_10.41,64.0,4.0,0
flow_30.32,38.5,4.0,0
flow_10.42,63.0,4.0,0
flow_10.43,61.5,3.5,0
flow_30.33,38.5,4.0,0
flow_10.44,50.0,4.0,0
flow_30.34,35.5,4.0,0
flow_10.45,49.0,4.0,0
flow_10.46,45.5,4.0,0
flow_00.40,74.5,4.5,0
flow_20.42,70.5,4.5,0
flow_00.41,68.5,4.0,0
flow_20.43,68.5,4.0,0
flow_00.42,64.0,4.0,0
flow_20.44,65.0,4.0,0
flow_20.45,63.5,3.5,0
flow_00.43,63.0,3.5,0
flow_20.46,62.0,4.0,0
flow_00.44,43.5,4.0,0
flow_20.47,60.0,4.0,0
flow_00.45,36.0,3.5,0
flow_20.48,58.0,4.0,0
flow_00.46,25.5,3.0,0
flow_30.35,48.0,4.0,0
flow_10.47,63.0,4.5,0
flow_30.36,47.5,3.5,0
flow_10.48,49.5,4.5,0
flow_30.37,48.0,4.0,0
flow_10.49,41.5,4.0,0
flow_30.38,46.5,3.5,0
flow_10.50,40.0,4.0,0
flow_30.39,45.0,4.0,0
flow_10.51,38.5,4.0,0
flow_30.40,43.0,4.0,0
flow_10.52,37.5,4.0,0
flow_10.53,35.5,4.0,0
flow_30.41,43.0,4.0,0
flow_20.49,82.5,4.0,0
flow_00.47,53.0,4.5,0
flow_20.50,80.5,4.0,0
flow_00.48,51.5,4.5,0
flow_20.51,56.5,4.0,0
flow_00.49,50.0,3.5,0
flow_20.52,55.5,4.0,0
flow_00.50,49.0,4.0,0
flow_20.53,54.5,4.0,0
flow_00.51,47.5,4.0,0
flow_20.54,53.0,4.0,0
flow_00.52,46.5,4.5,0
flow_20.55,51.5,4.0,0
flow_00.53,45.0,4.0,0
flow_30.42,68.5,4.5,0
flow_10.54,58.5,4.0,0
flow_30.43,68.0,4.0,0
flow_10.55,58.0,3.5,0
flow_10.56,56.5,3.5,0
flow_30.44,61.5,3.5,0
flow_30.45,57.0,4.0,0
flow_10.57,56.5,4.0,0
flow_30.46,55.5,3.5,0
flow_10.58,55.0,3.5,0
flow_10.59,53.0,4.0,0
flow_30.47,36.0,4.0,0
flow_10.60,52.5,4.5,0
flow_30.48,36.0,4.5,0
flow_20.56,76.0,4.0,0
flow_00.54,72.0,5.0,0
flow_20.57,77.5,4.0,0
flow_00.55,70.5,4.0,0
flow_20.58,76.5,4.0,0
flow_00.56,69.0,4.0,0
flow_20.59,62.5,4.0,0
flow_00.57,68.0,4.0,0
flow_20.60,62.0,4.5,0
flow_00.58,67.0,4.5,0
flow_20.61,59.5,4.0,0
flow_00.59,61.0,4.0,0
flow_20.62,56.0,4.0,0
flow_00.60,59.0,4.5,0
flow_30.49,57.5,4.0,0
flow_10.61,78.5,4.5,0
flow_30.50,31.5,3.5,0
flow_10.62,78.5,4.0,0
flow_30.51,26.5,3.5,0
flow_10.63,77.5,4.0,0
flow_10.64,76.0,4.0,0
flow_10.65,72.5,4.0,0
flow_10.66,54.0,4.5,0
flow_10.67,52.5,4.5,0
flow_00.61,84.5,4.5,0
flow_20.63,74.0,4.5,0
flow_00.62,84.0,4.0,0
flow_20.64,64.5,4.5,0
flow_00.63,83.0,4.0,0
flow_20.65,50.0,4.0,0
flow_00.64,81.5,4.0,0
flow_20.66,43.5,4.5,0
flow_00.65,80.0,4.5,0
flow_20.67,32.5,4.0,0
flow_20.68,31.0,4.5,0
flow_00.66,61.5,4.0,0
flow_00.67,58.5,4.5,0
flow_10.68,71.5,4.0,0
flow_30.52,42.0,4.0,0
flow_30.53,41.5,3.5,0
flow_10.69,71.5,4.5,0
flow_30.54,40.5,3.5,0
flow_10.70,70.5,4.0,0
flow_30.55,33.5,4.0,0
flow_10.71,69.0,4.5,0
flow_10.72,67.5,4.5,0
flow_30.56,30.5,4.0,0
flow_10.73,61.0,4.5,0
flow_30.57,29.0,4.5,0
flow_10.74,58.5,4.0,0
flow_30.58,27.5,4.0,0
flow_20.69,49.0,4.0,0
flow_00.68,84.0,4.5,0
flow_00.69,83.5,4.0,0
flow_20.70,50.0,4.0,0
flow_00.70,82.0,4.0,0
flow_20.71,50.0,4.0,0
flow_00.71,81.5,4.0,0
flow_20.72,48.0,4.0,0
flow_00.72,79.0,4.5,0
flow_20.73,46.5,4.0,0
flow_00.73,61.0,4.0,0
flow_20.74,46.5,4.5,0
flow_00.74,58.5,4.5,0
flow_20.75,45.0,4.5,0
flow_30.59,52.5,4.0,0
flow_10.75,84.0,4.5,0
flow_10.76,62.5,4.0,0
flow_30.60,52.5,4.0,0
flow_10.77,61.5,4.0,0
flow_30.61,52.5,4.0,0
flow_10.78,59.0,4.0,0
flow_30.62,51.5,4.5,0
flow_10.79,49.5,4.0,0
flow_30.63,49.5,4.0,0
flow_10.80,48.0,4.0,0
flow_30.64,48.0,4.5,0
flow_10.81,46.5,4.0,0
flow_30.65,46.0,4.0,0
flow_00.75,83.0,4.5,0
flow_20.76,69.5,4.5,0
flow_00.76,82.0,3.5,0
flow_20.77,69.5,4.5,0
flow_00.77,81.0,3.5,0
flow_20.78,69.0,4.0,0
flow_00.78,81.5,4.0,0
flow_20.79,67.5,4.5,0
flow_00.79,79.0,4.0,0
flow_20.80,66.0,4.0,0
flow_00.80,60.5,4.5,0
flow_20.81,60.5,4.5,0
flow_00.81,59.0,4.5,0
flow_20.82,36.0,4.0,0
flow_30.66,71.5,4.0,0
flow_10.82,74.0,4.5,0
flow_10.83,73.0,4.0,0
flow_30.67,63.0,4.0,0
flow_10.84,72.0,4.0,0
flow_30.68,61.0,4.0,0
flow_30.69,59.5,4.0,0
flow_10.85,72.0,4.0,0
flow_10.86,69.5,4.5,0
flow_30.70,25.0,3.5,0
flow_10.87,62.5,4.5,0
flow_30.71,24.5,3.0,0
flow_10.88,60.0,5.0,0
flow_00.82,84.5,4.5,0
flow_20.83,57.5,4.0,0
flow_00.83,84.0,4.0,0
flow_20.84,33.5,4.0,0
flow_20.85,32.5,4.0,0
flow_00.84,83.5,4.0,0
flow_00.85,82.0,4.0,0
flow_20.86,31.5,4.0,0
flow_00.86,79.5,4.0,0
flow_20.87,25.5,3.5,0
flow_00.87,61.0,4.0,0
flow_00.88,59.5,4.5,0
flow_10.89,83.5,4.0,0
flow_30.72,44.5,4.5,0
flow_10.90,84.5,4.0,0
flow_10.91,82.0,3.5,0
flow_10.92,81.0,4.0,0
flow_10.93,78.5,4.0,0
flow_10.94,60.5,4.0,0
flow_10.95,58.0,4.0,0
flow_20.88,49.5,4.0,0
flow_00.89,85.5,4.5,0
flow_20.89,49.5,4.0,0
flow_00.90,85.0,4.0,0
flow_20.90,48.5,4.0,0
flow_00.91,83.5,4.0,0
flow_20.91,48.0,3.5,0
flow_00.92,83.0,4.5,0
flow_20.92,46.5,4.0,0
flow_00.93,80.5,4.0,0
flow_20.93,44.5,4.0,0
flow_00.94,61.5,4.0,0
flow_20.94,43.5,4.0,0
flow_00.95,59.5,4.0,0
flow_30.73,45.0,4.5,0
flow_10.96,84.0,4.0,0
flow_10.97,84.0,4.0,0
flow_10.98,82.5,3.5,0
flow_10.99,81.0,4.0,0
flow_10.100,79.0,4.0,0
flow_10.101,60.0,3.5,0
flow_10.102,59.0,4.0,0
flow_00.96,83.5,4.0,0
flow_20.95,68.0,4.5,0
flow_00.97,83.0,4.0,0
flow_20.96,49.0,4.0,0
flow_20.97,48.0,4.0,0
flow_00.98,83.0,4.0,0
flow_20.98,47.0,3.5,0
flow_00.99,81.5,4.0,0
flow_20.99,46.0,4.0,0
flow_00.100,79.5,4.0,0
flow_00.101,61.0,4.0,0
flow_20.100,45.0,3.5,0
flow_20.101,43.5,4.0,0
flow_00.102,59.0,4.5,0
flow_10.103,83.5,4.0,0
flow_30.74,36.0,4.0,0
flow_30.75,35.5,4.0,0
flow_10.104,83.5,4.0,0
flow_10.105,82.0,3.5,0
flow_10.106,82.0,4.0,0
flow_10.107,80.0,4.0,0
flow_10.108,60.0,4.0,0
flow_10.109,58.0,4.0,0
flow_20.102,68.5,4.0,0
flow_00.103,84.0,4.5,0
flow_00.104,83.0,4.0,0
flow_20.103,68.5,4.0,0
flow_20.104,55.0,4.0,0
flow_00.105,82.5,4.0,0
flow_20.105,54.5,4.0,0
flow_00.106,82.0,4.0,0
flow_20.106,53.0,4.0,0
flow_00.107,79.5,4.5,0
flow_20.107,51.5,3.5,0
flow_00.108,61.0,4.0,0
flow_00.109,58.5,4.0,0
flow_20.108,51.0,4.0,0
flow_30.76,40.5,4.0,0
flow_10.110,84.0,4.5,0
flow_10.111,82.5,4.0,0
flow_10.112,82.5,4.0,0
flow_10.113,82.5,4.5,0
flow_10.114,80.0,4.5,0
flow_30.77,24.0,2.5,0
flow_10.115,61.5,4.5,0
flow_10.116,60.0,4.5,0
flow_20.109,68.5,4.0,0
flow_00.110,83.5,4.5,0
flow_20.110,65.5,4.0,0
flow_00.111,83.0,4.0,0
flow_20.111,66.0,4.0,0
flow_00.112,83.5,4.5,0
flow_20.112,64.5,4.0,0
flow_00.113,82.0,4.0,0
flow_20.113,62.5,4.0,0
flow_00.114,80.0,4.0,0
flow_00.115,61.5,4.0,0
flow_20.114,60.5,4.5,0
flow_00.116,58.5,4.0,0
flow_20.115,53.0,4.5,0
flow_30.78,48.5,4.0,0
flow_10.117,84.5,4.5,0
flow_30.79,40.5,4.0,0
flow_10.118,84.0,4.5,0
flow_30.80,39.5,3.5,0
flow_10.119,83.5,4.0,0
flow_30.81,34.0,4.0,0
flow_10.120,82.0,4.5,0
flow_30.82,30.5,4.5,0
flow_10.121,80.0,4.0,0
flow_10.122,61.0,4.5,0
flow_30.83,24.5,3.0,0
flow_10.123,59.0,4.0,0
flow_00.117,84.0,4.5,0
flow_20.116,77.5,4.5,0
flow_00.118,77.0,3.5,0
flow_20.117,76.0,4.0,0
flow_20.118,75.5,3.5,0
flow_00.119,76.5,4.0,0
flow_20.119,74.5,4.0,0
flow_00.120,76.5,4.0,0
flow_20.120,72.0,4.0,0
flow_00.121,62.5,4.0,0
flow_20.121,60.5,4.0,0
flow_00.122,60.5,4.0,0
flow_20.122,58.5,4.0,0
flow_00.123,58.5,4.0,0
flow_10.124,83.0,4.0,0
flow_30.84,53.0,4.5,0
flow_10.125,83.0,4.0,0
flow_30.85,50.0,4.0,0
flow_10.126,82.5,3.5,0
flow_30.86,49.0,4.5,0
flow_10.127,81.5,4.0,0
flow_30.87,47.0,4.0,0
flow_10.128,79.5,4.0,0
flow_30.88,40.0,4.0,0
flow_30.89,36.5,4.0,0
flow_10.129,61.0,4.5,0
flow_10.130,60.5,4.5,0
flow_20.123,84.0,4.0,0
flow_00.124,83.5,4.5,0
flow_20.124,83.0,4.0,0
flow_00.125,83.0,4.0,0
flow_20.125,82.0,3.5,0
flow_00.126,74.5,4.0,0
flow_20.126,81.0,4.0,0
flow_00.127,70.0,4.0,0
flow_20.127,80.0,4.5,0
flow_00.128,69.5,4.5,0
flow_20.128,61.0,4.0,0
flow_00.129,61.0,4.0,0
flow_20.129,59.0,4.5,0
flow_00.130,54.0,4.5,0
flow_10.131,84.0,4.0,0
flow_30.90,51.5,4.5,0
flow_10.132,83.0,4.0,0
flow_30.91,28.0,4.0,0
flow_30.92,26.0,3.5,0
flow_10.133,84.0,4.0,0
flow_10.134,81.5,4.0,0
flow_10.135,80.0,4.0,0
flow_10.136,61.0,4.5,0
flow_10.137,59.0,4.0,0
flow_00.131,78.5,4.0,0
flow_20.130,84.5,4.0,0
flow_20.131,83.5,4.0,0
flow_00.132,80.0,4.0,0
flow_20.132,82.5,3.5,0
flow_00.133,79.0,4.0,0
flow_20.133,81.5,4.0,0
flow_00.134,78.0,4.0,0
flow_00.135,76.0,4.0,0
flow_20.134,70.0,4.5,0
flow_20.135,61.0,4.0,0
flow_00.136,62.0,4.5,0
flow_00.137,58.5,4.0,0
flow_20.136,60.0,4.5,0
flow_30.93,38.0,4.0,0
flow_10.138,84.5,4.5,0
flow_10.139,84.0,4.0,0
flow_10.140,82.5,4.0,0
flow_10.141,81.5,4.0,0
flow_10.142,79.5,4.0,0
flow_10.143,60.0,4.0,0
flow_10.144,58.5,4.0,0
flow_20.137,82.5,4.0,0
flow_00.138,84.5,4.5,0
flow_20.138,83.0,4.0,0
flow_00.139,83.0,4.0,0
flow_20.139,82.0,4.0,0
flow_00.140,82.5,4.0,0
flow_00.141,80.0,4.0,0
flow_20.140,81.5,4.0,0
flow_20.141,79.5,4.0,0
flow_00.142,78.5,4.0,0
flow_20.142,60.0,4.0,0
flow_00.143,61.0,4.0,0
flow_20.143,57.5,4.0,0
flow_00.144,58.0,4.0,0
flow_10.145,83.5,4.5,0
flow_30.94,45.5,4.5,0
flow_30.95,28.0,4.0,0
flow_10.146,85.0,4.5,0
flow_30.96,27.0,4.0,0
flow_10.147,83.5,4.5,0
flow_10.148,81.0,4.0,0
flow_30.97,25.0,3.5,0
flow_10.149,79.5,4.0,0
flow_10.150,60.0,3.5,0
flow_10.151,57.5,4.0,0
flow_00.145,84.0,4.5,0
flow_20.144,83.5,4.5,0
flow_00.146,83.0,4.0,0
flow_20.145,83.5,4.0,0
flow_20.146,82.0,4.0,0
flow_00.147,83.0,4.0,0
flow_20.147,79.5,4.0,0
flow_00.148,82.5,4.5,0
flow_20.148,78.0,4.5,0
flow_00.149,80.0,4.0,0
flow_00.150,61.0,4.0,0
flow_20.149,61.5,4.5,0
flow_00.151,58.0,4.0,0
flow_20.150,37.0,4.5,0
flow_30.98,51.0,4.0,0
flow_10.152,84.0,4.0,0
flow_30.99,45.5,3.5,0
flow_10.153,83.5,4.0,0
flow_30.100,35.0,4.0,0
flow_10.154,83.5,4.0,0
flow_30.101,29.0,4.0,0
flow_10.155,82.0,4.0,0
flow_10.156,79.5,4.0,0
flow_10.157,60.5,4.0,0
flow_30.102,25.5,3.5,0
flow_10.158,58.0,4.0,0
flow_20.151,49.5,4.5,0
flow_00.152,84.5,4.5,0
flow_00.153,83.0,4.0,0
flow_20.152,50.0,4.0,0
flow_20.153,48.0,4.0,0
flow_00.154,78.0,4.0,0
flow_00.155,77.0,4.0,0
flow_20.154,40.0,4.0,0
flow_20.155,29.0,4.0,0
flow_00.156,76.0,4.5,0
flow_20.156,26.0,3.5,0
flow_00.157,61.0,4.0,0
flow_00.158,58.5,4.0,0
flow_30.103,48.0,4.5,0
flow_10.159,85.5,4.5,0
flow_30.104,47.0,3.5,0
flow_10.160,85.0,4.0,0
flow_30.105,41.5,3.5,0
flow_10.161,83.5,4.0,0
flow_30.106,40.0,3.5,0
flow_10.162,82.0,3.5,0
flow_20.0,23.5,3.0,0
flow_30.0,24.5,3.0,0
flow_10.0,30.5,4.5,0
flow_10.1,25.0,3.5,0
flow_30.1,26.0,3.5,0
flow_10.2,25.5,3.5,0
flow_20.1,43.0,4.0,0
flow_00.0,50.5,4.5,0
flow_00.1,50.0,4.0,0
flow_20.2,43.5,4.0,0
flow_20.3,24.0,3.0,0
flow_20.4,25.5,3.5,0
flow_00.2,26.0,3.5,0
flow_30.2,49.0,4.0,0
flow_10.3,41.0,4.5,0
flow_30.3,46.5,3.5,0
flow_10.4,35.5,4.0,0
flow_30.4,43.0,4.0,0
flow_10.5,32.0,4.0,0
flow_10.6,31.0,4.0,0
flow_30.5,39.5,4.0,0
flow_10.7,30.0,4.0,0
flow_30.6,31.0,4.0,0
flow_30.7,26.5,4.0,0
flow_10.8,29.0,4.5,0
flow_10.9,31.0,4.5,0
flow_20.5,53.0,4.5,0
flow_00.3,50.0,4.5,0
flow_00.4,31.5,4.0,0
flow_20.6,32.5,4.0,0
flow_20.7,30.5,4.5,0
flow_00.5,30.5,4.5,0
flow_20.8,29.5,4.0,0
flow_20.9,28.0,4.5,0
flow_20.10,26.0,3.5,0
flow_30.8,53.0,4.0,0
flow_10.10,46.0,4.5,0
flow_30.9,53.0,4.0,0
flow_10.11,28.0,4.0,0
flow_30.10,53.0,4.5,0
flow_10.12,28.5,4.5,0
flow_10.13,26.5,3.5,0
flow_30.11,52.0,4.5,0
flow_30.12,50.5,4.0,0
flow_30.13,49.5,4.5,0
flow_30.14,48.0,4.5,0
flow_20.11,52.0,4.5,0
flow_20.12,41.0,4.0,0
flow_20.13,40.5,4.5,0
flow_20.14,30.5,4.5,0
flow_20.15,28.5,4.5,0
flow_20.16,24.5,3.0,0
flow_30.15,72.5,4.5,0
flow_10.14,45.0,4.5,0
flow_10.15,45.5,4.0,0
flow_30.16,71.5,4.5,0
flow_10.16,42.0,4.0,0
flow_30.17,65.5,4.5,0
flow_30.18,64.0,4.5,0
flow_30.19,55.0,4.0,0
flow_30.20,53.5,4.5,0
flow_10.17,25.5,3.5,0
flow_30.21,52.5,4.0,0
flow_20.17,51.5,4.5,0
flow_00.6,54.0,4.5,0
flow_00.7,53.0,4.0,0
flow_20.18,38.5,4.0,0
flow_20.19,38.0,4.0,0
flow_20.20,26.0,3.5,0
flow_20.21,27.5,3.5,0
flow_30.22,78.0,4.5,0
flow_10.18,41.5,4.5,0
flow_30.23,77.5,4.0,0
flow_10.19,35.5,4.0,0
flow_10.20,33.5,4.0,0
flow_30.24,76.5,4.0,0
flow_10.21,26.5,3.5,0
flow_30.25,75.0,4.0,0
flow_30.26,74.0,4.5,0
flow_10.22,26.5,4.0,0
flow_30.27,61.0,4.0,0
flow_30.28,58.5,4.5,0
flow_10.23,29.0,4.5,0
flow_20.22,52.5,4.5,0
flow_20.23,53.5,4.5,0
flow_20.24,52.0,4.0,0
flow_20.25,50.0,4.0,0
flow_20.26,49.5,4.5,0
flow_20.27,48.5,4.5,0
flow_20.28,47.5,4.0,0
flow_30.29,84.0,4.0,0
flow_10.24,55.0,5.0,0
flow_30.30,83.0,4.0,0
flow_10.25,49.5,4.0,0
flow_30.31,82.5,3.5,0
flow_10.26,48.0,4.0,0
flow_30.32,81.5,4.0,0
flow_10.27,47.0,4.0,0
flow_30.33,79.0,4.0,0
flow_10.28,46.5,4.5,0
flow_30.34,60.0,3.5,0
flow_10.29,45.0,4.0,0
flow_10.30,43.0,4.5,0
flow_30.35,58.5,4.5,0
flow_20.29,72.0,4.5,0
flow_20.30,72.0,4.0,0
flow_20.31,70.0,4.0,0
flow_20.32,68.5,4.5,0
flow_20.33,64.0,4.0,0
flow_20.34,60.5,4.5,0
flow_20.35,54.5,4.0,0
flow_30.36,81.0,4.0,0
flow_10.31,70.0,4.5,0
flow_30.37,82.5,4.0,0
flow_10.32,69.0,4.0,0
flow_30.38,81.5,4.0,0
flow_10.33,67.5,4.0,0
flow_30.39,79.5,4.0,0
flow_10.34,46.0,4.0,0
flow_30.40,76.0,4.0,0
flow_10.35,45.0,4.5,0
flow_30.41,59.0,4.0,0
flow_10.36,43.5,4.0,0
flow_30.42,39.5,4.0,0
flow_10.37,41.0,4.5,0
flow_00.8,40.5,4.0,0
flow_20.36,79.0,4.0,0
flow_20.37,78.5,3.5,0
flow_20.38,71.0,3.5,0
flow_20.39,69.0,4.0,0
flow_20.40,67.5,3.5,0
flow_20.41,60.0,4.0,0
flow_20.42,58.5,4.0,0
flow_30.43,64.5,4.0,0
flow_10.38,65.0,4.0,0
flow_10.39,64.0,4.0,0
flow_30.44,66.0,4.0,0
flow_10.40,62.5,4.0,0
flow_30.45,57.0,4.0,0
flow_10.41,61.5,3.5,0
flow_30.46,56.0,4.0,0
flow_10.42,59.5,4.0,0
flow_30.47,55.0,4.0,0
flow_10.43,59.5,4.0,0
flow_30.48,54.0,4.0,0
flow_10.44,46.5,4.5,0
flow_20.43,83.5,4.0,0
flow_00.9,40.5,4.5,0
flow_00.10,28.0,3.5,0
flow_20.44,84.0,4.0,0
flow_20.45,82.5,4.0,0
flow_20.46,81.0,4.0,0
flow_20.47,79.0,4.0,0
flow_20.48,60.0,4.0,0
flow_20.49,58.0,4.5,0
flow_30.49,45.0,4.0,0
flow_10.45,58.5,4.5,0
flow_10.46,57.5,3.5,0
flow_30.50,46.5,4.0,0
flow_10.47,57.5,4.0,0
flow_10.48,57.0,4.0,0
flow_10.49,55.5,4.5,0
flow_10.50,54.0,4.0,0
flow_30.51,25.5,3.5,0
flow_10.51,53.0,4.5,0
flow_00.11,41.0,4.0,0
flow_20.50,84.5,4.5,0
flow_20.51,84.0,4.0,0
flow_00.12,41.0,4.5,0
flow_20.52,82.0,3.5,0
flow_20.53,81.5,4.0,0
flow_00.13,26.5,3.5,0
flow_20.54,81.0,4.5,0
flow_20.55,62.0,5.0,0
flow_20.56,60.0,4.5,0
flow_10.52,77.0,4.0,0
flow_30.52,54.0,4.5,0
flow_30.53,48.5,3.5,0
flow_10.53,72.5,4.0,0
flow_30.54,32.0,4.0,0
flow_10.54,71.5,4.0,0
flow_10.55,70.5,4.0,0
flow_30.55,31.5,4.0,0
flow_10.56,68.0,4.0,0
flow_10.57,60.5,4.0,0
flow_10.58,58.0,4.0,0
flow_30.56,25.5,3.5,0
flow_20.57,83.5,4.5,0
flow_20.58,83.0,4.0,0
flow_20.59,82.0,3.5,0
flow_20.60,80.5,3.5,0
flow_20.61,79.0,4.0,0
flow_00.14,28.0,4.5,0
flow_20.62,60.0,4.5,0
flow_00.15,26.5,4.0,0
flow_20.63,57.5,4.0,0
flow_30.57,46.5,4.0,0
flow_10.59,85.0,4.5,0
flow_30.58,46.5,4.0,0
flow_10.60,83.5,4.0,0
flow_10.61,82.5,4.0,0
flow_30.59,46.0,4.0,0
flow_10.62,82.0,4.0,0
flow_30.60,45.5,4.0,0
flow_10.63,79.5,4.5,0
flow_30.61,44.0,4.5,0
flow_10.64,61.5,4.0,0
flow_30.62,43.5,4.5,0
flow_30.63,36.0,4.5,0
flow_10.65,59.5,4.0,0
flow_20.64,83.5,4.0,0
flow_00.16,24.0,3.0,0
flow_20.65,84.0,4.0,0
flow_20.66,83.0,4.0,0
flow_20.67,81.5,4.0,0
flow_20.68,79.5,4.5,0
flow_20.69,61.5,4.0,0
flow_20.70,58.5,4.0,0
flow_10.66,84.0,4.5,0
flow_30.64,62.0,4.5,0
flow_10.67,83.0,4.0,0
flow_30.65,56.0,4.5,0
flow_10.68,82.5,4.0,0
flow_30.66,55.0,4.5,0
flow_10.69,81.5,4.0,0
flow_30.67,53.0,4.0,0
flow_30.68,51.5,4.0,0
flow_10.70,80.0,4.5,0
flow_30.69,47.5,4.0,0
flow_10.71,62.0,4.5,0
flow_30.70,46.5,4.0,0
flow_10.72,60.0,4.5,0
flow_20.71,84.5,4.0,0
flow_00.17,34.0,4.5,0
flow_20.72,84.0,3.5,0
flow_20.73,83.5,4.0,0
flow_20.74,82.0,4.0,0
flow_20.75,80.0,4.0,0
flow_20.76,61.0,4.0,0
flow_20.77,60.5,4.5,0
flow_10.73,83.5,4.0,0
flow_30.71,68.5,4.0,0
flow_30.72,67.5,4.0,0
flow_10.74,84.0,4.0,0
flow_10.75,82.5,4.0,0
flow_30.73,67.0,3.5,0
flow_10.76,81.5,4.0,0
flow_30.74,68.0,4.5,0
flow_10.77,79.0,4.0,0
flow_30.75,26.0,3.5,0
flow_10.78,61.5,4.0,0
flow_10.79,58.5,4.5,0
flow_20.78,83.0,4.0,0
flow_00.18,48.0,4.5,0
flow_00.19,47.0,4.0,0
flow_20.79,83.5,4.5,0
flow_20.80,82.0,3.5,0
flow_00.20,46.0,4.0,0
flow_20.81,80.0,4.0,0
flow_00.21,44.0,3.5,0
flow_20.82,78.5,3.5,0
flow_00.22,38.0,4.0,0
flow_20.83,59.0,3.5,0
flow_20.84,57.0,4.0,0
flow_10.80,84.5,4.5,0
flow_30.76,51.0,4.5,0
flow_10.81,83.5,4.0,0
flow_30.77,47.0,4.0,0
flow_10.82,83.5,4.5,0
flow_30.78,48.5,5.0,0
flow_10.83,83.0,4.5,0
flow_30.79,43.5,5.0,0
flow_10.84,80.5,4.0,0
flow_30.80,42.0,5.0,0
flow_30.81,26.5,4.0,0
flow_10.85,63.5,5.0,0
flow_10.86,60.5,4.5,0
flow_20.85,82.5,4.0,0
flow_00.23,43.5,4.5,0
flow_20.86,86.0,4.5,0
flow_20.87,83.5,4.5,0
flow_20.88,82.5,4.5,0
flow_20.89,80.0,4.5,0
flow_20.90,61.5,4.5,0
flow_00.24,25.5,3.5,0
flow_20.91,59.5,4.0,0
flow_10.87,83.5,4.0,0
flow_30.82,44.0,4.5,0
flow_10.88,82.5,3.5,0
flow_30.83,40.0,4.0,0
flow_10.89,82.5,4.0,0
flow_30.84,38.5,4.0,0
flow_10.90,81.0,3.5,0
flow_30.85,32.0,4.0,0
flow_10.91,79.0,4.0,0
flow_30.86,31.0,4.0,0
flow_10.92,60.0,3.5,0
flow_10.93,58.5,4.0,0
flow_30.87,32.0,5.0,0
flow_30.88,30.0,4.5,0
flow_20.92,84.0,4.5,0
flow_00.25,52.5,4.0,0
flow_20.93,84.5,4.0,0
flow_20.94,83.0,4.0,0
flow_20.95,81.5,4.0,0
flow_20.96,79.5,4.0,0
flow_20.97,60.5,4.0,0
flow_00.26,25.0,3.0,0
flow_20.98,58.0,4.0,0
flow_30.89,53.5,4.5,0
flow_10.94,84.5,4.5,0
flow_30.90,50.5,4.0,0
flow_10.95,83.5,4.0,0
flow_30.91,50.5,4.0,0
flow_10.96,83.0,4.5,0
flow_30.92,47.5,3.5,0
flow_10.97,81.5,4.0,0
flow_30.93,46.5,4.0,0
flow_10.98,79.5,4.0,0
flow_30.94,45.0,4.0,0
flow_10.99,61.5,4.0,0
flow_30.95,45.0,4.0,0
flow_10.100,59.0,4.5,0
flow_20.99,84.5,4.0,0
flow_20.100,84.5,4.0,0
flow_00.27,23.0,2.5,0
flow_20.101,83.0,4.0,0
flow_20.102,82.5,4.5,0
flow_20.103,80.5,4.5,0
flow_20.104,61.5,4.0,0
flow_20.105,59.5,4.5,0
flow_10.101,85.0,4.5,0
flow_30.96,71.5,4.5,0
flow_10.102,83.0,4.0,0
flow_30.97,54.5,4.0,0
flow_30.98,43.0,4.0,0
flow_10.103,82.5,4.0,0
flow_10.104,81.5,4.0,0
flow_30.99,32.0,3.5,0
flow_10.105,80.0,4.5,0
flow_10.106,61.5,4.0,0
flow_10.107,58.5,4.5,0
flow_20.106,83.5,4.0,0
flow_00.28,42.0,4.5,0
flow_20.107,82.5,4.0,0
flow_20.108,83.0,4.0,0
flow_00.29,24.5,3.0,0
flow_20.109,81.5,4.0,0
flow_20.110,79.0,4.0,0
flow_20.111,60.5,4.5,0
flow_20.112,58.5,4.0,0
flow_30.100,49.5,4.0,0
flow_10.108,84.0,4.5,0
flow_30.101,43.0,4.0,0
flow_10.109,83.0,4.0,0
flow_30.102,42.0,3.5,0
flow_10.110,82.0,4.0,0
flow_10.111,81.0,3.5,0
flow_30.103,23.5,3.0,0
flow_10.112,79.5,4.0,0
flow_30.104,25.0,3.5,0
flow_10.113,61.0,4.0,0
flow_10.114,58.0,4.0,0
flow_20.113,82.0,4.0,0
flow_00.30,50.0,4.0,0
flow_20.114,82.0,3.5,0
flow_00.31,39.0,3.5,0
flow_20.115,81.0,3.5,0
flow_20.116,80.5,4.0,0
flow_20.117,78.0,4.0,0
flow_20.118,60.5,4.5,0
flow_20.119,58.5,4.0,0
flow_10.115,83.5,4.0,0
flow_30.105,53.5,4.0,0
flow_10.116,82.5,3.5,0
flow_30.106,52.0,3.5,0
flow_30.107,51.0,4.0,0
flow_10.117,83.0,4.0,0
flow_10.118,81.0,4.0,0
flow_30.108,50.0,4.0,0
flow_10.119,79.0,4.0,0
flow_30.109,50.0,4.0,0
flow_10.120,61.0,4.0,0
flow_30.110,48.5,4.5,0
flow_10.121,58.5,4.0,0
flow_30.111,46.5,4.5,0
flow_00.32,48.0,4.0,0
flow_20.120,85.5,5.0,0
flow_00.33,37.0,4.0,0
flow_20.121,85.0,4.5,0
flow_00.34,33.5,4.0,0
flow_20.122,83.0,4.5,0
flow_00.35,28.0,4.0,0
flow_20.123,82.0,4.5,0
flow_00.36,27.0,3.5,0
flow_20.124,79.5,4.5,0
flow_20.125,61.5,4.5,0
flow_00.37,27.0,4.0,0
flow_20.126,59.5,4.5,0
flow_10.122,84.0,4.5,0
flow_30.112,55.0,4.5,0
flow_10.123,83.0,4.0,0
flow_30.113,52.5,3.5,0
flow_30.114,45.5,3.5,0
flow_10.124,82.5,4.0,0
flow_10.125,83.5,4.5,0
flow_30.115,43.0,5.0,0
flow_10.126,80.5,4.5,0
flow_30.116,41.0,4.5,0
flow_10.127,62.5,4.5,0
flow_30.117,38.0,4.5,0
flow_30.118,36.0,4.0,0
flow_10.128,59.5,4.5,0
flow_00.38,54.5,4.5,0
flow_20.127,86.0,4.5,0
flow_00.39,45.5,4.0,0
flow_20.128,84.5,4.0,0
flow_20.129,83.0,4.0,0
flow_20.130,81.5,4.0,0
flow_20.131,79.5,4.0,0
flow_00.40,24.0,3.0,0
flow_20.132,60.5,3.5,0
flow_20.133,59.0,4.0,0
flow_10.129,84.0,4.5,0
flow_30.119,58.5,4.5,0
flow_10.130,83.0,4.0,0
flow_30.120,58.0,4.5,0
flow_10.131,83.5,4.5,0
flow_30.121,56.5,4.5,0
flow_10.132,82.0,4.0,0
flow_30.122,30.0,4.0,0
flow_10.133,79.5,4.0,0
flow_30.123,28.0,4.5,0
flow_30.124,27.0,4.0,0
flow_10.134,62.0,4.5,0
flow_10.135,59.0,4.0,0
flow_20.134,85.0,4.5,0
flow_20.135,84.5,4.0,0
flow_20.136,82.5,4.0,0
flow_20.137,81.0,3.5,0
flow_20.138,78.5,3.5,0
flow_20.139,61.0,3.5,0
flow_20.140,58.0,4.0,0
flow_10.136,83.0,4.0,0
flow_30.125,55.5,4.5,0
flow_10.137,83.0,3.5,0
flow_30.126,54.5,4.0,0
flow_10.138,82.0,4.0,0
flow_30.127,53.0,4.0,0
flow_10.139,81.5,4.0,0
flow_30.128,44.5,4.0,0
flow_10.140,80.0,4.5,0
flow_10.141,61.5,4.0,0
flow_30.129,24.5,3.0,0
flow_10.142,58.5,4.5,0
flow_20.141,84.5,4.5,0
flow_00.41,40.0,4.5,0
flow_20.142,82.5,4.0,0
flow_00.42,39.0,4.0,0
flow_00.43,36.0,4.0,0
flow_20.143,83.0,4.0,0
flow_20.144,81.5,4.0,0
flow_00.44,33.5,4.0,0
flow_00.45,32.0,4.0,0
flow_20.145,80.0,4.0,0
flow_00.46,31.0,4.5,0
flow_20.146,62.5,4.5,0
flow_20.147,59.5,4.5,0
flow_30.130,43.5,4.0,0
flow_10.143,83.5,4.0,0
flow_10.144,82.5,3.5,0
flow_30.131,43.0,3.5,0
flow_30.132,38.5,3.5,0
flow_10.145,82.5,4.0,0
flow_10.146,81.0,3.5,0
flow_30.133,37.5,4.0,0
flow_10.147,79.0,4.0,0
flow_30.134,37.0,4.0,0
flow_30.135,35.5,4.0,0
flow_10.148,62.0,4.5,0
flow_30.136,34.0,4.0,0
flow_10.149,59.0,4.5,0
flow_20.148,84.0,4.0,0
flow_20.149,82.5,4.0,0
flow_00.47,25.5,3.5,0
flow_20.150,82.0,3.5,0
flow_00.48,24.0,3.0,0
flow_20.151,81.5,4.0,0
flow_20.152,79.0,4.0,0
flow_00.49,24.0,3.0,0
flow_20.153,61.0,4.0,0
flow_20.154,58.5,4.5,0
flow_10.150,84.0,4.5,0
flow_30.137,58.5,4.5,0
flow_30.138,51.5,3.5,0
flow_10.151,84.0,4.0,0
flow_30.139,51.5,4.0,0
flow_10.152,82.5,4.0,0
flow_10.153,81.5,4.0,0
flow_30.140,43.5,4.0,0
flow_30.141,28.5,4.0,0
flow_10.154,80.0,4.5,0
flow_30.142,27.0,3.5,0
flow_10.155,61.5,4.0,0
flow_10.156,58.5,4.5,0
flow_30.143,27.0,3.5,0
flow_00.50,54.0,4.0,0
flow_20.155,84.5,4.5,0
flow_20.156,84.0,4.0,0
flow_00.51,54.5,4.0,0
flow_00.52,43.0,4.0,0
flow_20.157,84.0,4.5,0
flow_00.53,32.0,4.0,0
flow_20.158,82.0,4.0,0
flow_20.159,80.0,4.0,0
flow_20.160,61.0,4.0,0
flow_20.161,59.5,4.5,0
flow_30.144,48.0,4.0,0
flow_10.157,85.0,4.5,0
flow_30.145,47.5,3.5,0
flow_10.158,84.0,4.0,0
flow_30.146,45.5,3.5,0
flow_10.159,82.5,4.0,0
flow_10.160,81.0,4.0,0
flow_30.147,40.0,4.0,0
flow_00.0,27.5,4.0,0
flow_00.1,26.0,3.5,0
flow_10.0,36.0,4.5,0
flow_30.0,36.0,4.5,0
flow_10.1,35.5,4.0,0
flow_30.1,34.0,4.0,0
flow_30.2,33.0,4.5,0
flow_10.2,35.0,4.0,0
flow_30.3,31.5,4.0,0
flow_10.3,24.5,3.0,0
flow_30.4,27.5,4.0,0
flow_10.4,25.0,3.5,0
flow_30.5,26.5,4.0,0
flow_30.6,25.0,3.5,0
flow_20.0,53.0,4.5,0
flow_00.2,50.5,4.0,0
flow_00.3,50.0,4.0,0
flow_20.1,51.0,4.0,0
flow_00.4,49.0,3.5,0
flow_20.2,51.5,4.5,0
flow_00.5,41.5,3.5,0
flow_20.3,41.5,4.5,0
flow_00.6,32.0,4.0,0
flow_20.4,28.0,4.0,0
flow_30.7,50.5,4.0,0
flow_10.5,56.5,5.0,0
flow_30.8,50.5,3.5,0
flow_10.6,52.0,4.0,0
flow_30.9,49.0,4.0,0
flow_10.7,51.0,4.0,0
flow_30.10,47.0,3.5,0
flow_10.8,50.0,4.0,0
flow_30.11,46.0,4.0,0
flow_10.9,49.5,4.5,0
flow_30.12,44.5,4.5,0
flow_10.10,48.5,4.5,0
flow_30.13,43.5,4.0,0
flow_00.7,51.5,4.0,0
flow_00.8,46.5,4.0,0
flow_20.5,25.5,3.5,0
flow_00.9,26.5,4.0,0
flow_00.10,25.5,3.5,0
flow_30.14,65.0,4.5,0
flow_10.11,50.5,4.5,0
flow_30.15,54.5,4.5,0
flow_10.12,52.0,4.5,0
flow_30.16,51.0,4.5,0
flow_10.13,50.5,4.5,0
flow_30.17,48.0,4.0,0
flow_10.14,49.0,4.5,0
flow_30.18,45.0,4.0,0
flow_10.15,43.0,4.0,0
flow_30.19,36.0,3.5,0
flow_10.16,30.0,4.5,0
flow_30.20,32.5,4.0,0
flow_00.11,49.5,4.0,0
flow_00.12,49.5,4.0,0
flow_00.13,49.5,4.0,0
flow_00.14,48.0,4.0,0
flow_00.15,47.0,4.0,0
flow_00.16,45.0,4.0,0
flow_00.17,43.0,4.0,0
flow_30.21,40.0,4.5,0
flow_10.17,53.5,4.5,0
flow_10.18,51.0,4.0,0
flow_30.22,39.5,4.0,0
flow_30.23,39.0,4.0,0
flow_10.19,39.5,4.0,0
flow_10.20,38.5,4.0,0
flow_30.24,40.0,4.5,0
flow_10.21,35.5,4.0,0
flow_30.25,37.5,4.5,0
flow_10.22,31.5,4.0,0
flow_30.26,35.5,5.0,0
flow_10.23,30.0,4.0,0
flow_20.6,40.0,4.5,0
flow_00.18,70.0,4.5,0
flow_00.19,70.5,4.0,0
flow_20.7,27.5,4.0,0
flow_00.20,68.5,4.0,0
flow_00.21,67.5,4.0,0
flow_00.22,66.5,4.5,0
flow_00.23,62.0,4.5,0
flow_00.24,52.0,4.5,0
flow_10.24,55.5,4.0,0
flow_30.27,53.0,4.5,0
flow_10.25,56.0,4.0,0
flow_30.28,52.5,4.0,0
flow_10.26,54.5,3.5,0
flow_30.29,51.5,4.0,0
flow_10.27,52.5,4.0,0
flow_30.30,52.5,4.5,0
flow_10.28,37.0,3.5,0
flow_30.31,50.5,4.0,0
flow_10.29,34.0,4.0,0
flow_30.32,48.5,4.5,0
flow_10.30,33.0,4.5,0
flow_30.33,40.0,4.5,0
flow_20.8,32.5,4.0,0
flow_00.25,73.5,4.5,0
flow_20.9,33.0,4.0,0
flow_00.26,73.0,4.5,0
flow_00.27,69.5,4.0,0
flow_00.28,63.0,4.0,0
flow_20.10,25.0,3.0,0
flow_00.29,32.5,4.0,0
flow_00.30,31.5,4.0,0
flow_20.11,23.5,3.0,0
flow_00.31,30.5,4.0,0
flow_10.31,58.5,4.5,0
flow_30.34,61.5,4.5,0
flow_10.32,51.5,4.0,0
flow_30.35,54.5,4.0,0
flow_10.33,50.0,4.0,0
flow_30.36,53.0,4.0,0
flow_10.34,49.0,3.5,0
flow_30.37,44.5,4.0,0
flow_30.38,43.0,4.0,0
flow_10.35,49.5,4.5,0
flow_30.39,41.5,3.5,0
flow_10.36,27.5,4.0,0
flow_30.40,41.5,4.0,0
flow_20.12,50.5,4.5,0
flow_00.32,50.5,4.5,0
flow_00.33,49.5,4.0,0
flow_20.13,27.5,4.0,0
flow_20.14,26.0,3.5,0
flow_00.34,49.0,4.0,0
flow_00.35,47.5,4.5,0
flow_20.15,25.5,3.0,0
flow_00.36,46.5,4.0,0
flow_20.16,24.5,3.5,0
flow_00.37,44.0,4.0,0
flow_00.38,42.5,4.0,0
flow_30.41,66.0,4.0,0
flow_10.37,52.5,4.5,0
flow_30.42,56.0,3.5,0
flow_10.38,49.5,4.0,0
flow_10.39,44.0,3.5,0
flow_30.43,52.0,3.5,0
flow_30.44,40.5,3.5,0
flow_30.45,36.5,4.0,0
flow_30.46,35.0,3.5,0
flow_00.39,69.0,4.5,0
flow_20.17,50.0,4.5,0
flow_20.18,31.0,4.0,0
flow_00.40,68.5,4.0,0
flow_20.19,30.0,3.5,0
flow_00.41,61.0,4.0,0
flow_20.20,29.0,4.0,0
flow_00.42,57.5,3.5,0
flow_00.43,55.5,3.5,0
flow_00.44,51.0,4.0,0
flow_00.45,50.0,4.0,0
flow_10.40,37.5,4.5,0
flow_30.47,53.0,4.5,0
flow_10.41,29.0,4.0,0
flow_30.48,51.5,4.0,0
flow_30.49,52.0,4.5,0
flow_30.50,44.5,4.0,0
flow_30.51,43.5,4.5,0
flow_30.52,42.0,4.0,0
flow_10.42,25.0,3.0,0
flow_30.53,41.5,4.5,0
flow_00.46,66.5,4.0,0
flow_20.21,50.5,4.5,0
flow_20.22,39.5,4.0,0
flow_00.47,27.0,3.5,0
flow_20.23,33.5,4.0,0
flow_00.48,25.5,3.5,0
flow_20.24,32.5,4.0,0
flow_00.49,24.5,3.0,0
flow_20.25,31.5,4.0,0
flow_00.50,26.0,3.5,0
flow_30.54,66.0,4.5,0
flow_10.43,53.0,4.5,0
flow_10.44,52.5,4.0,0
flow_30.55,67.0,4.5,0
flow_10.45,51.0,4.0,0
flow_30.56,65.5,4.5,0
flow_30.57,63.5,4.0,0
flow_10.46,44.5,4.0,0
flow_10.47,30.5,4.5,0
flow_30.58,62.5,4.5,0
flow_10.48,29.5,4.0,0
flow_30.59,54.5,4.5,0
flow_10.49,28.0,4.5,0
flow_30.60,50.5,4.0,0
flow_20.26,37.5,4.0,0
flow_00.51,52.5,4.5,0
flow_20.27,37.5,3.5,0
flow_00.52,49.0,4.0,0
flow_20.28,31.5,4.0,0
flow_00.53,48.0,4.0,0
flow_00.54,47.0,4.0,0
flow_20.29,31.5,4.0,0
flow_00.55,44.5,4.0,0
flow_20.30,30.0,4.5,0
flow_00.56,43.0,4.0,0
flow_20.31,28.5,4.0,0
flow_00.57,41.5,3.5,0
flow_10.50,53.0,4.5,0
flow_30.61,74.0,4.5,0
flow_30.62,71.5,4.0,0
flow_30.63,70.0,4.0,0
flow_30.64,64.5,3.5,0
flow_10.51,26.0,3.5,0
flow_30.65,56.5,4.0,0
flow_30.66,50.0,4.5,0
flow_10.52,26.0,3.5,0
flow_30.67,47.5,4.0,0
flow_00.58,66.5,4.0,0
flow_20.32,53.0,4.5,0
flow_00.59,67.5,4.0,0
flow_20.33,44.0,4.0,0
flow_00.60,60.0,4.0,0
flow_00.61,55.5,3.5,0
flow_00.62,56.5,4.5,0
flow_00.63,54.0,4.5,0
flow_00.64,34.0,4.5,0
flow_10.53,53.5,4.5,0
flow_30.68,60.5,4.5,0
flow_10.54,53.5,3.5,0
flow_30.69,48.0,4.0,0
flow_10.55,50.5,3.5,0
flow_30.70,47.0,4.0,0
flow_10.56,50.0,3.5,0
flow_30.71,46.0,3.5,0
flow_10.57,44.0,3.5,0
flow_30.72,41.0,4.5,0
flow_10.58,43.5,4.0,0
flow_30.73,39.5,4.0,0
flow_10.59,41.5,3.5,0
flow_30.74,37.0,4.5,0
flow_00.65,43.5,4.0,0
flow_20.34,31.5,4.5,0
flow_20.35,30.0,4.0,0
flow_20.36,27.5,4.0,0
flow_00.66,25.0,3.0,0
flow_00.67,24.5,3.0,0
flow_30.75,55.0,4.0,0
flow_10.60,61.5,4.5,0
flow_10.61,61.0,4.0,0
flow_30.76,55.5,4.0,0
flow_10.62,52.0,3.5,0
flow_30.77,54.5,4.0,0
flow_10.63,51.0,3.5,0
flow_30.78,53.5,4.0,0
flow_10.64,50.0,3.5,0
flow_30.79,50.5,4.0,0
flow_10.65,48.0,4.0,0
flow_30.80,41.5,4.0,0
flow_10.66,39.0,4.0,0
flow_30.81,34.5,4.5,0
flow_20.37,40.0,4.5,0
flow_00.68,49.0,4.5,0
flow_20.38,34.5,4.0,0
flow_00.69,47.5,4.0,0
flow_20.39,28.5,3.5,0
flow_00.70,28.5,4.0,0
flow_00.71,27.0,3.5,0
flow_00.72,26.0,3.5,0
flow_00.73,26.0,3.5,0
flow_10.67,56.5,4.0,0
flow_30.82,60.0,4.5,0
flow_30.83,59.5,4.0,0
flow_10.68,57.0,4.0,0
flow_10.69,55.5,4.0,0
flow_30.84,51.0,4.5,0
flow_10.70,55.0,4.0,0
flow_30.85,43.5,4.5,0
flow_10.71,49.5,4.0,0
flow_30.86,31.0,4.0,0
flow_10.72,45.5,4.0,0
flow_10.73,36.5,4.0,0
flow_00.74,53.5,4.5,0
flow_20.40,47.5,4.5,0
flow_20.41,46.5,3.5,0
flow_00.75,55.0,4.5,0
flow_20.42,41.5,3.5,0
flow_00.76,53.5,4.5,0
flow_20.43,40.0,4.0,0
flow_00.77,53.0,4.5,0
flow_20.44,39.5,3.5,0
flow_00.78,51.0,4.0,0
flow_20.45,34.0,4.5,0
flow_00.79,49.5,4.5,0
flow_00.80,48.0,4.0,0
flow_20.46,33.0,4.0,0
flow_30.87,52.0,4.5,0
flow_10.74,61.5,4.5,0
flow_10.75,46.5,4.0,0
flow_30.88,50.0,4.5,0
flow_30.89,47.0,4.0,0
flow_10.76,42.0,4.0,0
flow_10.77,34.0,3.5,0
flow_30.90,38.5,4.5,0
flow_10.78,29.0,3.5,0
flow_30.91,37.0,4.0,0
flow_30.92,35.5,4.0,0
flow_30.93,34.5,4.0,0
flow_10.79,25.5,3.5,0
flow_00.81,72.5,4.5,0
flow_20.47,28.0,4.0,0
flow_00.82,72.0,4.0,0
flow_20.48,27.5,4.0,0
flow_00.83,70.5,4.0,0
flow_00.84,69.5,3.5,0
flow_00.85,68.5,4.0,0
flow_00.86,60.0,4.5,0
flow_00.87,57.5,4.0,0
flow_30.94,59.5,4.0,0
flow_10.80,52.0,4.5,0
flow_30.95,36.5,3.5,0
flow_10.81,35.5,4.0,0
flow_10.82,34.0,4.0,0
flow_30.96,27.0,3.5,0
flow_30.97,26.5,4.0,0
flow_10.83,25.0,3.5,0
flow_30.98,27.5,4.0,0
flow_30.99,26.5,4.0,0
flow_00.88,85.0,4.5,0
flow_20.49,39.5,4.5,0
flow_20.50,38.5,4.0,0
flow_00.89,84.0,4.0,0
flow_00.90,82.5,4.0,0
flow_20.51,23.5,3.0,0
flow_00.91,81.0,4.0,0
flow_00.92,79.0,4.0,0
flow_20.52,23.0,2.5,0
flow_00.93,61.0,4.0,0
flow_00.94,59.0,4.0,0
flow_10.84,51.5,4.0,0
flow_30.100,52.5,4.5,0
flow_30.101,51.5,4.0,0
flow_10.85,52.5,4.5,0
flow_30.102,50.5,4.0,0
flow_10.86,41.5,4.0,0
flow_30.103,49.5,3.5,0
flow_10.87,39.5,4.5,0
flow_10.88,37.5,4.0,0
flow_30.104,37.0,4.0,0
flow_10.89,36.5,4.0,0
flow_30.105,34.5,4.0,0
flow_30.106,31.5,4.0,0
flow_10.90,29.0,4.0,0
flow_20.53,47.5,4.0,0
flow_00.95,85.5,4.5,0
flow_00.96,85.0,4.5,0
flow_00.97,83.5,3.5,0
flow_00.98,83.0,4.0,0
flow_00.99,81.0,4.0,0
flow_00.100,62.0,4.5,0
flow_20.54,28.0,4.5,0
flow_00.101,59.0,4.0,0
flow_10.91,51.5,4.0,0
flow_30.107,58.0,4.5,0
flow_30.108,57.5,4.0,0
flow_10.92,46.0,4.5,0
flow_30.109,56.0,4.0,0
flow_10.93,44.5,3.5,0
flow_30.110,42.5,4.0,0
flow_10.94,44.0,4.5,0
flow_30.111,41.5,4.0,0
flow_10.95,42.5,4.0,0
flow_30.112,40.5,4.0,0
flow_10.96,41.5,4.5,0
flow_30.113,39.0,4.0,0
flow_10.97,39.5,4.0,0
flow_20.55,53.5,4.0,0
flow_00.102,84.5,4.0,0
flow_20.56,49.0,4.0,0
flow_00.103,84.5,4.5,0
flow_20.57,44.5,3.5,0
flow_00.104,83.0,3.5,0
flow_20.58,40.5,3.5,0
flow_00.105,66.5,4.0,0
flow_20.59,39.5,4.0,0
flow_00.106,50.5,4.0,0
flow_20.60,30.0,4.0,0
flow_10.98,64.5,4.5,0
flow_30.114,63.5,4.5,0
flow_30.115,62.0,4.0,0
flow_10.99,55.5,4.0,0
flow_10.100,46.0,4.0,0
flow_30.116,56.0,4.0,0
flow_10.101,33.5,3.5,0
flow_30.117,55.0,4.0,0
flow_10.102,28.0,4.0,0
flow_30.118,54.0,4.5,0
flow_30.119,52.5,4.0,0
flow_30.120,47.0,4.5,0
flow_20.61,48.0,4.5,0
flow_00.107,43.0,4.0,0
flow_00.108,41.5,3.5,0
flow_20.62,26.0,3.5,0
flow_00.109,41.5,4.0,0
flow_00.110,38.5,4.5,0
flow_00.111,25.0,3.5,0
flow_30.121,70.5,4.0,0
flow_10.103,54.0,4.5,0
flow_30.122,68.5,4.0,0
flow_10.104,53.5,4.0,0
flow_30.123,56.5,4.0,0
flow_10.105,50.5,4.0,0
flow_30.124,55.5,3.5,0
flow_10.106,47.0,4.0,0
flow_30.125,54.5,4.0,0
flow_10.107,37.5,4.0,0
flow_30.126,43.5,3.5,0
flow_30.127,34.5,3.5,0
flow_00.112,51.5,4.0,0
flow_20.63,26.0,3.5,0
flow_00.113,51.0,4.0,0
flow_00.114,44.0,4.0,0
flow_20.64,24.5,3.0,0
flow_00.115,38.5,3.5,0
flow_00.116,37.5,4.0,0
flow_00.117,30.0,4.5,0
flow_00.118,28.5,4.0,0
flow_10.108,37.0,4.0,0
flow_30.128,50.5,4.5,0
flow_10.109,36.5,3.5,0
flow_30.129,50.5,4.0,0
flow_10.110,36.0,3.5,0
flow_30.130,28.0,4.0,0
flow_10.111,34.5,4.0,0
flow_30.131,27.5,4.0,0
flow_10.112,32.5,3.5,0
flow_30.132,27.0,4.0,0
flow_10.113,29.5,3.5,0
flow_30.133,25.0,3.5,0
flow_10.114,29.0,4.0,0
flow_00.119,53.5,4.5,0
flow_20.65,49.0,4.5,0
flow_20.66,48.5,4.5,0
flow_00.120,50.5,4.0,0
flow_20.67,47.0,3.5,0
flow_00.121,40.0,4.0,0
flow_00.122,29.5,4.0,0
flow_00.123,28.5,4.0,0
flow_20.68,25.5,3.5,0
flow_00.124,27.5,4.0,0
flow_00.125,26.0,3.5,0
flow_30.134,53.0,4.5,0
flow_10.115,55.5,4.5,0
flow_30.135,51.5,3.5,0
flow_10.116,53.0,4.0,0
flow_30.136,30.5,3.5,0
flow_10.117,52.5,4.5,0
flow_30.137,28.0,4.0,0
flow_10.118,46.0,4.0,0
flow_30.138,27.0,3.5,0
flow_10.119,43.0,4.0,0
flow_30.139,26.0,3.5,0
flow_10.120,33.5,4.0,0
flow_10.121,32.0,4.5,0
flow_20.69,49.0,4.0,0
flow_00.126,47.5,4.0,0
flow_00.127,43.5,3.5,0
flow_00.128,42.5,3.5,0
flow_00.129,40.5,3.5,0
flow_00.130,36.5,3.5,0
flow_00.131,30.5,4.0,0
flow_00.132,24.5,3.0,0
flow_30.140,54.5,4.5,0
flow_10.122,57.5,4.5,0
flow_10.123,56.5,3.5,0
flow_30.141,53.5,3.5,0
flow_30.142,52.0,3.5,0
flow_10.124,56.0,4.0,0
flow_10.125,54.5,3.5,0
flow_30.143,48.5,3.5,0
flow_30.144,42.5,4.0,0
flow_10.126,55.0,4.5,0
flow_30.145,41.0,3.5,0
flow_10.127,46.0,4.5,0
flow_30.146,39.5,3.5,0
flow_10.128,34.5,4.5,0
flow_00.133,39.5,4.0,0
flow_20.70,50.0,4.5,0
flow_00.134,39.5,3.5,0
flow_20.71,49.5,4.0,0
flow_00.135,39.0,4.0,0
flow_20.72,31.5,4.0,0
flow_00.136,36.0,4.0,0
flow_00.137,34.5,4.0,0
flow_00.138,33.5,4.5,0
flow_00.139,30.5,4.0,0
flow_30.147,53.5,4.0,0
flow_10.129,59.5,4.5,0
flow_10.130,56.0,4.0,0
flow_30.148,52.0,4.0,0
flow_10.131,52.5,4.0,0
flow_30.149,51.0,4.0,0
flow_30.150,47.0,4.0,0
flow_10.132,50.5,4.5,0
flow_30.151,44.5,4.0,0
flow_10.133,47.5,4.0,0
flow_30.152,43.5,4.0,0
flow_10.134,35.0,4.5,0
flow_10.135,33.5,4.0,0
flow_30.153,42.5,4.5,0
flow_00.140,57.5,4.5,0
flow_20.73,45.5,4.5,0
flow_00.141,56.5,4.0,0
flow_20.74,45.0,4.0,0
flow_00.142,57.0,4.0,0
flow_00.143,55.0,4.0,0
flow_00.144,52.5,3.5,0
flow_00.145,52.0,4.0,0
flow_00.146,50.5,4.5,0
flow_30.154,61.0,4.0,0
flow_10.136,59.0,4.5,0
flow_30.155,52.0,4.0,0
flow_10.137,58.5,4.5,0
flow_10.138,52.5,4.0,0
flow_30.156,43.0,4.0,0
flow_10.139,51.0,4.0,0
flow_30.157,41.5,4.0,0
flow_10.140,50.5,4.5,0
flow_30.158,40.5,4.5,0
flow_10.141,49.0,4.0,0
flow_30.159,39.0,4.0,0
flow_10.142,47.5,4.5,0
flow_30.160,38.5,4.5,0
flow_00.147,50.0,4.0,0
flow_20.75,35.0,4.5,0
flow_00.148,40.0,4.0,0
flow_00.149,39.0,3.5,0
flow_00.150,40.0,4.5,0
flow_00.151,38.5,4.0,0
flow_20.76,24.0,3.0,0
flow_30.161,63.0,4.5,0
flow_10.143,74.5,5.0,0
flow_30.162,63.0,4.0,0
flow_10.144,68.5,4.0,0
flow_30.163,63.0,4.5,0
flow_10.145,67.5,4.5,0
flow_10.146,66.0,4.0,0
flow_30.164,61.0,4.0,0
flow_00.0,24.5,3.0,0
flow_20.0,25.0,3.5,0
flow_00.1,25.5,3.0,0
flow_20.1,25.5,3.0,0
flow_30.0,26.5,3.5,0
flow_30.1,23.5,3.0,0
flow_00.2,51.5,4.5,0
flow_20.2,52.0,4.5,0
flow_00.3,50.5,3.5,0
flow_20.3,51.0,4.0,0
flow_00.4,48.0,3.5,0
flow_20.4,32.0,3.5,0
flow_00.5,47.0,3.5,0
flow_20.5,27.0,3.5,0
flow_20.6,25.5,3.0,0
flow_00.6,46.5,4.0,0
flow_00.7,37.0,4.0,0
flow_20.7,26.0,3.5,0
flow_00.8,35.5,4.5,0
flow_10.0,44.5,4.0,0
flow_30.2,40.0,4.0,0
flow_30.3,40.0,4.0,0
flow_10.1,45.5,4.5,0
flow_30.4,39.5,4.0,0
flow_10.2,33.5,4.5,0
flow_10.3,30.5,4.0,0
flow_30.5,39.0,4.5,0
flow_30.6,37.0,4.0,0
flow_10.4,27.5,4.0,0
flow_30.7,36.0,4.5,0
flow_30.8,35.5,4.5,0
flow_20.8,53.0,4.0,0
flow_00.9,60.5,4.5,0
flow_00.10,55.0,4.0,0
flow_20.9,43.0,4.0,0
flow_00.11,54.0,4.0,0
flow_20.10,41.5,4.0,0
flow_00.12,52.5,4.0,0
flow_20.11,39.0,4.0,0
flow_00.13,51.5,4.0,0
flow_20.12,37.5,4.0,0
flow_00.14,43.0,4.0,0
flow_20.13,36.5,4.0,0
flow_00.15,41.5,4.0,0
flow_30.9,59.5,4.0,0
flow_30.10,61.5,4.5,0
flow_30.11,59.5,4.5,0
flow_30.12,58.0,4.0,0
flow_10.5,24.5,3.0,0
flow_30.13,56.5,4.5,0
flow_30.14,55.0,4.0,0
flow_30.15,55.0,4.5,0
flow_00.16,57.0,4.0,0
flow_20.14,55.0,4.5,0
flow_00.17,56.0,4.0,0
flow_20.15,39.0,4.0,0
flow_00.18,53.0,3.5,0
flow_20.16,29.0,4.0,0
flow_20.17,27.5,4.0,0
flow_00.19,51.0,4.0,0
flow_20.18,26.5,4.0,0
flow_00.20,49.0,4.5,0
flow_20.19,25.0,3.5,0
flow_00.21,48.0,4.0,0
flow_00.22,46.5,4.5,0
flow_30.16,79.5,4.5,0
flow_30.17,66.5,4.0,0
flow_30.18,66.5,4.0,0
flow_30.19,65.5,4.0,0
flow_30.20,61.0,4.0,0
flow_30.21,59.0,4.0,0
flow_30.22,58.0,4.0,0
flow_00.23,70.0,4.0,0
flow_20.20,53.5,4.0,0
flow_00.24,70.5,4.0,0
flow_20.21,53.0,4.0,0
flow_00.25,68.5,4.0,0
flow_20.22,52.5,4.0,0
flow_00.26,67.0,3.5,0
flow_20.23,47.0,4.0,0
flow_00.27,54.5,4.0,0
flow_20.24,45.0,4.0,0
flow_00.28,47.0,4.0,0
flow_20.25,38.0,4.5,0
flow_00.29,27.0,4.0,0
flow_20.26,36.0,4.5,0
flow_30.23,84.5,4.5,0
flow_10.6,53.5,5.0,0
flow_30.24,82.5,4.0,0
flow_10.7,32.5,4.5,0
flow_30.25,75.5,3.5,0
flow_10.8,31.5,4.0,0
flow_30.26,75.5,4.0,0
flow_30.27,74.0,4.0,0
flow_30.28,60.5,4.5,0
flow_30.29,59.0,4.0,0
flow_20.27,59.5,4.0,0
flow_00.30,53.5,4.5,0
flow_20.28,56.0,3.5,0
flow_00.31,50.0,4.0,0
flow_20.29,55.5,4.0,0
flow_20.30,54.0,3.5,0
flow_00.32,51.0,4.5,0
flow_20.31,52.5,3.5,0
flow_00.33,40.5,4.5,0
flow_00.34,37.0,4.0,0
flow_20.32,49.0,4.0,0
flow_00.35,29.5,4.5,0
flow_20.33,36.5,4.0,0
flow_30.30,83.5,4.5,0
flow_30.31,83.0,4.0,0
flow_10.9,26.5,3.5,0
flow_30.32,81.5,4.0,0
flow_30.33,79.0,3.5,0
flow_30.34,77.5,4.0,0
flow_30.35,59.0,4.0,0
flow_30.36,49.5,4.0,0
flow_00.36,48.0,4.5,0
flow_20.34,56.0,4.5,0
flow_00.37,48.0,4.0,0
flow_20.35,37.5,4.0,0
flow_00.38,46.5,3.5,0
flow_20.36,23.5,3.0,0
flow_00.39,45.0,4.0,0
flow_00.40,43.5,3.5,0
flow_20.37,25.0,3.5,0
flow_00.41,43.0,4.0,0
flow_20.38,26.0,3.5,0
flow_00.42,34.0,4.5,0
flow_30.37,72.0,4.5,0
flow_30.38,65.0,3.5,0
flow_30.39,54.5,4.0,0
flow_10.10,25.5,3.5,0
flow_30.40,50.0,4.0,0
flow_30.41,44.0,4.5,0
flow_30.42,40.5,4.0,0
flow_30.43,39.5,4.0,0
flow_20.39,41.5,4.5,0
flow_00.43,50.5,4.5,0
flow_00.44,49.5,3.5,0
flow_20.40,37.5,4.0,0
flow_00.45,31.0,4.0,0
flow_00.46,28.5,3.5,0
flow_00.47,30.0,4.5,0
flow_30.44,58.0,4.0,0
flow_10.11,52.5,4.5,0
flow_10.12,33.5,3.5,0
flow_30.45,51.5,4.5,0
flow_30.46,44.5,4.5,0
flow_30.47,26.5,3.5,0
flow_00.48,53.0,4.0,0
flow_20.41,52.5,4.0,0
flow_20.42,37.5,4.0,0
flow_00.49,45.5,4.0,0
flow_00.50,43.0,4.0,0
flow_20.43,32.0,4.0,0
flow_20.44,30.5,4.0,0
flow_00.51,42.0,4.0,0
flow_20.45,26.5,4.0,0
flow_00.52,38.0,4.0,0
flow_00.53,33.5,4.0,0
flow_00.54,29.5,4.5,0
flow_10.13,36.5,4.0,0
flow_30.48,54.5,4.5,0
flow_10.14,34.0,4.0,0
flow_30.49,52.5,4.0,0
flow_10.15,28.5,3.5,0
flow_30.50,48.5,4.0,0
flow_10.16,26.5,4.0,0
flow_30.51,35.5,4.0,0
flow_30.52,24.0,3.0,0
flow_00.55,42.0,4.0,0
flow_20.46,45.0,4.5,0
flow_20.47,35.5,4.0,0
flow_00.56,36.0,4.0,0
flow_20.48,34.5,3.5,0
flow_20.49,32.0,4.0,0
flow_00.57,24.5,3.0,0
flow_00.58,25.0,3.5,0
flow_20.50,25.5,3.5,0
flow_10.17,40.5,4.5,0
flow_30.53,52.5,4.5,0
flow_30.54,52.5,4.5,0
flow_30.55,44.5,4.0,0
flow_10.18,30.5,5.0,0
flow_30.56,41.0,4.0,0
flow_30.57,38.5,4.0,0
flow_30.58,37.0,4.0,0
flow_30.59,30.0,4.5,0
flow_00.59,53.5,4.0,0
flow_20.51,53.0,4.5,0
flow_00.60,52.0,3.5,0
flow_20.52,47.0,4.0,0
flow_20.53,46.0,4.0,0
flow_00.61,52.5,3.5,0
flow_00.62,48.5,4.0,0
flow_20.54,34.0,4.0,0
flow_00.63,45.5,4.0,0
flow_20.55,33.0,4.0,0
flow_00.64,30.0,4.5,0
flow_20.56,26.0,3.5,0
flow_00.65,25.5,3.5,0
flow_10.19,52.0,4.0,0
flow_30.60,47.0,4.5,0
flow_10.20,48.5,3.5,0
flow_30.61,45.5,4.0,0
flow_10.21,25.0,3.5,0
flow_30.62,44.0,4.5,0
flow_30.63,42.5,4.5,0
flow_10.22,26.5,3.5,0
flow_30.64,41.0,5.0,0
flow_30.65,39.5,4.5,0
flow_30.66,38.0,4.0,0
flow_20.57,54.5,4.5,0
flow_00.66,49.5,4.5,0
flow_20.58,54.0,4.0,0
flow_00.67,49.5,4.0,0
flow_20.59,49.0,4.0,0
flow_00.68,46.5,3.5,0
flow_20.60,45.5,3.5,0
flow_00.69,44.0,4.0,0
flow_20.61,44.0,4.0,0
flow_00.70,41.0,4.0,0
flow_20.62,33.0,3.5,0
flow_00.71,34.5,4.5,0
flow_30.67,62.0,4.0,0
flow_10.23,43.5,4.0,0
flow_30.68,38.5,3.5,0
flow_30.69,38.5,4.0,0
flow_10.24,23.5,3.0,0
flow_30.70,34.0,3.5,0
flow_30.71,33.0,4.0,0
flow_10.25,25.5,3.0,0
flow_30.72,31.5,4.0,0
flow_30.73,30.0,3.5,0
flow_00.72,50.5,4.5,0
flow_20.63,53.5,4.5,0
flow_00.73,50.5,4.0,0
flow_20.64,53.0,4.0,0
flow_00.74,49.0,3.5,0
flow_20.65,49.5,4.0,0
flow_00.75,48.5,3.5,0
flow_20.66,48.0,4.0,0
flow_00.76,47.5,4.0,0
flow_20.67,47.5,4.0,0
flow_00.77,45.5,4.5,0
flow_20.68,46.0,4.0,0
flow_00.78,44.5,4.0,0
flow_20.69,42.0,4.0,0
flow_30.74,53.5,4.0,0
flow_10.26,30.0,4.0,0
flow_30.75,48.5,3.5,0
flow_10.27,29.5,4.0,0
flow_30.76,47.5,3.5,0
flow_30.77,44.0,4.0,0
flow_30.78,43.0,3.5,0
flow_30.79,31.5,4.0,0
flow_10.28,25.0,3.0,0
flow_00.79,70.5,4.5,0
flow_20.70,59.0,4.5,0
flow_00.80,70.5,4.0,0
flow_20.71,59.0,4.0,0
flow_00.81,68.5,4.0,0
flow_20.72,58.0,4.0,0
flow_20.73,54.5,4.0,0
flow_00.82,69.5,4.5,0
flow_00.83,67.0,4.0,0
flow_20.74,49.0,4.0,0
flow_00.84,61.5,4.0,0
flow_20.75,47.0,4.0,0
flow_00.85,52.5,4.0,0
flow_20.76,29.0,4.0,0
flow_30.80,40.5,4.0,0
flow_10.29,40.0,4.0,0
flow_30.81,40.0,3.5,0
flow_30.82,39.0,3.5,0
flow_30.83,38.5,4.0,0
flow_30.84,36.5,3.5,0
flow_10.30,27.0,3.5,0
flow_30.85,34.0,4.0,0
flow_20.77,52.5,4.5,0
flow_00.86,77.0,4.5,0
flow_20.78,51.5,4.0,0
flow_00.87,75.5,4.0,0
flow_20.79,47.0,4.0,0
flow_00.88,71.0,4.5,0
flow_20.80,46.0,4.0,0
flow_00.89,68.5,4.5,0
flow_20.81,34.5,4.0,0
flow_00.90,64.5,4.0,0
flow_00.91,60.0,4.5,0
flow_20.82,33.0,4.0,0
flow_00.92,58.0,4.0,0
flow_10.31,52.5,4.5,0
flow_30.86,51.5,4.5,0
flow_30.87,50.5,4.0,0
flow_10.32,39.0,4.0,0
flow_30.88,44.5,4.0,0
flow_10.33,38.0,4.0,0
flow_30.89,42.5,3.5,0
flow_10.34,36.0,4.5,0
flow_30.90,40.0,4.0,0
flow_30.91,39.0,4.5,0
flow_00.93,84.0,4.5,0
flow_20.83,45.5,4.5,0
flow_00.94,78.0,4.0,0
flow_20.84,45.0,4.0,0
flow_20.85,44.0,4.0,0
flow_00.95,61.5,4.0,0
flow_20.86,42.5,4.0,0
flow_00.96,49.0,4.0,0
flow_20.87,41.5,4.0,0
flow_00.97,43.5,4.5,0
flow_00.98,38.5,4.0,0
flow_20.88,30.0,4.0,0
flow_00.99,37.0,4.0,0
flow_20.89,28.5,4.5,0
flow_30.92,50.5,4.0,0
flow_10.35,26.5,3.5,0
flow_30.93,49.5,3.5,0
flow_30.94,49.5,4.0,0
flow_30.95,45.5,4.0,0
flow_10.36,25.0,3.0,0
flow_30.96,42.5,3.5,0
flow_30.97,41.0,3.5,0
flow_30.98,41.5,4.5,0
flow_20.90,52.5,4.0,0
flow_00.100,62.5,4.5,0
flow_00.101,61.5,3.5,0
flow_20.91,53.5,4.0,0
flow_00.102,52.0,3.5,0
flow_20.92,52.5,4.0,0
flow_00.103,48.0,3.5,0
flow_20.93,52.0,4.0,0
flow_00.104,47.5,4.0,0
flow_20.94,50.5,4.0,0
flow_20.95,49.0,4.0,0
flow_00.105,45.0,5.0,0
flow_20.96,47.0,4.0,0
flow_00.106,37.0,5.0,0
flow_30.99,65.5,4.0,0
flow_10.37,41.0,4.0,0
flow_30.100,63.5,4.0,0
flow_10.38,26.0,3.0,0
flow_30.101,62.5,3.5,0
flow_30.102,61.0,4.0,0
flow_30.103,60.0,4.0,0
flow_30.104,58.5,4.0,0
flow_30.105,54.0,4.0,0
flow_20.97,72.5,4.5,0
flow_00.107,54.0,4.5,0
flow_20.98,69.0,4.0,0
flow_00.108,52.0,4.0,0
flow_20.99,68.5,4.0,0
flow_00.109,37.5,4.0,0
flow_20.100,67.0,4.0,0
flow_00.110,35.5,4.5,0
flow_00.111,34.0,4.0,0
flow_20.101,57.0,4.5,0
flow_20.102,56.0,4.0,0
flow_00.112,26.0,3.5,0
flow_20.103,54.5,4.5,0
flow_30.106,72.0,4.0,0
flow_10.39,28.0,4.0,0
flow_30.107,72.0,4.0,0
flow_10.40,23.5,3.0,0
flow_30.108,59.0,4.0,0
flow_30.109,55.5,4.0,0
flow_10.41,25.0,3.5,0
flow_30.110,55.0,4.0,0
flow_30.111,54.0,4.5,0
flow_10.42,24.5,3.0,0
flow_30.112,43.5,4.0,0
flow_00.113,38.5,4.0,0
flow_20.104,80.5,4.5,0
flow_00.114,37.5,3.5,0
flow_20.105,77.5,4.0,0
flow_00.115,36.5,3.5,0
flow_20.106,76.0,4.0,0
flow_00.116,32.0,4.0,0
flow_20.107,75.0,4.0,0
flow_20.108,73.0,4.0,0
flow_00.117,31.5,4.5,0
flow_00.118,30.5,4.5,0
flow_20.109,62.0,4.0,0
flow_00.119,29.0,4.0,0
flow_20.110,59.0,4.5,0
flow_10.43,52.5,4.5,0
flow_30.113,69.0,4.5,0
flow_10.44,42.0,4.0,0
flow_30.114,53.0,4.5,0
flow_10.45,37.0,4.0,0
flow_30.115,51.5,4.0,0
flow_10.46,35.5,3.5,0
flow_00.120,51.5,4.5,0
flow_20.111,84.5,4.5,0
flow_20.112,83.0,4.0,0
flow_00.121,49.5,4.0,0
flow_20.113,83.0,4.0,0
flow_00.122,49.0,4.0,0
flow_00.123,40.5,4.0,0
flow_20.114,79.0,4.0,0
flow_00.124,39.0,4.0,0
flow_20.115,77.0,4.0,0
flow_00.125,36.5,4.0,0
flow_20.116,61.5,4.0,0
flow_00.126,32.0,4.0,0
flow_20.117,58.5,4.5,0
flow_30.116,30.5,4.0,0
flow_10.47,52.5,4.0,0
flow_30.117,24.5,3.0,0
flow_10.48,25.5,3.5,0
flow_20.118,83.0,4.0,0
flow_00.127,58.5,4.5,0
flow_20.119,83.0,4.0,0
flow_00.128,58.5,4.0,0
flow_20.120,83.0,4.0,0
flow_00.129,56.0,4.5,0
flow_20.121,75.0,4.0,0
flow_00.130,54.0,4.0,0
flow_00.131,52.5,4.0,0
flow_20.122,73.5,4.5,0
flow_00.132,51.5,4.0,0
flow_20.123,61.0,4.0,0
flow_00.133,50.0,4.0,0
flow_20.124,58.5,4.5,0
flow_30.118,54.5,4.5,0
flow_30.119,54.0,4.5,0
flow_30.120,52.5,4.0,0
flow_10.49,24.0,3.0,0
flow_30.121,46.5,4.0,0
flow_30.122,36.0,4.0,0
flow_20.125,84.0,4.5,0
flow_00.134,75.5,4.5,0
flow_00.135,75.0,4.0,0
flow_20.126,75.5,4.0,0
flow_00.136,65.0,4.0,0
flow_20.127,70.5,4.0,0
flow_00.137,64.0,3.5,0
flow_20.128,70.0,4.0,0
flow_00.138,63.0,4.0,0
flow_20.129,63.0,4.0,0
flow_20.130,54.0,4.0,0
flow_00.139,61.0,4.0,0
flow_00.140,58.5,4.0,0
flow_20.131,51.5,4.0,0
flow_30.123,57.0,5.0,0
flow_30.124,51.5,4.0,0
flow_10.50,25.5,3.5,0
flow_30.125,50.5,4.0,0
flow_30.126,41.5,4.0,0
flow_30.127,40.0,4.5,0
flow_30.128,36.0,4.5,0
flow_30.129,33.5,4.5,0
flow_00.141,83.0,4.0,0
flow_20.132,70.5,4.0,0
flow_00.142,83.0,3.5,0
flow_20.133,69.0,4.0,0
flow_20.134,68.0,4.0,0
flow_00.143,82.5,4.0,0
flow_00.144,70.0,4.0,0
flow_20.135,67.0,3.5,0
flow_00.145,67.0,3.5,0
flow_20.136,66.0,4.0,0
flow_00.146,61.0,4.5,0
flow_20.137,61.0,4.0,0
flow_00.147,58.5,4.0,0
flow_20.138,53.5,4.0,0
flow_30.130,58.0,4.0,0
flow_10.51,51.0,4.5,0
flow_30.131,57.5,4.0,0
flow_10.52,39.5,4.0,0
flow_30.132,56.5,3.5,0
flow_30.133,50.0,4.0,0
flow_10.53,25.0,3.5,0
flow_30.134,34.0,4.0,0
flow_30.135,29.5,4.0,0
flow_30.136,28.5,4.5,0
flow_00.148,84.0,4.5,0
flow_20.139,76.5,4.5,0
flow_00.149,83.0,4.0,0
flow_20.140,73.0,4.0,0
flow_20.141,67.5,4.0,0
flow_00.150,83.5,4.5,0
flow_20.142,61.5,3.5,0
flow_00.151,82.0,4.0,0
flow_00.152,75.0,4.0,0
flow_20.143,61.0,4.0,0
flow_00.153,60.5,4.0,0
flow_20.144,59.5,3.5,0
flow_20.145,56.0,4.0,0
flow_00.154,59.0,4.5,0
flow_30.137,52.5,4.0,0
flow_10.54,47.5,4.0,0
flow_30.138,53.0,3.5,0
flow_10.55,48.0,4.0,0
flow_30.139,52.5,4.0,0
flow_10.56,38.0,3.5,0
flow_10.57,37.0,4.0,0
flow_30.140,51.5,4.0,0
flow_30.141,38.5,4.0,0
flow_10.58,36.5,4.0,0
flow_30.142,35.5,4.5,0
flow_20.146,81.0,4.5,0
flow_00.155,84.5,4.5,0
flow_00.156,83.5,4.0,0
flow_20.147,74.5,4.0,0
flow_00.157,82.5,4.0,0
flow_20.148,72.0,4.0,0
flow_00.158,81.0,3.5,0
flow_20.149,71.0,4.0,0
flow_00.159,79.0,4.0,0
flow_20.150,64.0,4.5,0
flow_00.160,60.5,4.0,0
flow_20.151,61.0,4.0,0
flow_00.161,58.5,4.0,0
flow_20.152,55.5,4.5,0
flow_30.143,43.5,4.0,0
flow_10.59,55.5,4.5,0
flow_30.144,38.0,3.5,0
flow_30.145,35.0,4.0,0
flow_30.146,33.5,4.0,0
flow_20.0,24.0,3.0,0
flow_10.0,27.5,4.0,0
flow_30.0,31.5,4.5,0
flow_30.1,30.0,4.5,0
flow_30.2,27.0,4.0,0
flow_30.3,25.5,3.5,0
flow_10.1,23.5,3.0,0
flow_30.4,26.0,3.5,0
flow_10.2,26.5,3.5,0
flow_30.5,23.5,3.0,0
flow_00.0,48.0,4.5,0
flow_20.1,50.0,4.5,0
flow_00.1,45.5,4.0,0
flow_20.2,50.5,4.5,0
flow_00.2,42.5,4.0,0
flow_20.3,49.5,4.5,0
flow_00.3,30.5,3.5,0
flow_20.4,48.0,4.0,0
flow_20.5,46.5,4.0,0
flow_20.6,44.5,4.0,0
flow_20.7,43.5,4.5,0
flow_10.3,54.5,4.5,0
flow_30.6,52.0,4.5,0
flow_10.4,46.0,4.0,0
flow_30.7,50.5,4.5,0
flow_10.5,45.0,4.0,0
flow_30.8,49.5,4.0,0
flow_30.9,48.0,4.0,0
flow_10.6,42.5,4.0,0
flow_30.10,45.0,4.0,0
flow_10.7,33.5,4.5,0
flow_10.8,31.0,4.0,0
flow_30.11,24.0,2.5,0
flow_10.9,29.5,4.0,0
flow_20.8,68.5,4.0,0
flow_00.4,54.0,4.5,0
flow_20.9,56.5,4.0,0
flow_00.5,49.5,4.0,0
flow_00.6,41.5,4.0,0
flow_20.10,56.0,4.0,0
flow_00.7,36.5,3.5,0
flow_20.11,54.5,4.5,0
flow_20.12,53.5,4.5,0
flow_00.8,26.0,3.5,0
flow_20.13,52.0,4.5,0
flow_20.14,50.5,4.0,0
flow_10.10,55.0,4.0,0
flow_30.12,49.0,4.5,0
flow_10.11,54.0,3.5,0
flow_30.13,48.5,4.5,0
flow_10.12,54.5,4.0,0
flow_30.14,45.5,3.5,0
flow_30.15,44.0,4.0,0
flow_10.13,41.5,3.5,0
flow_30.16,41.5,3.5,0
flow_10.14,40.0,4.0,0
flow_30.17,40.5,4.0,0
flow_10.15,38.0,3.5,0
flow_30.18,39.0,4.0,0
flow_10.16,28.5,4.0,0
flow_20.15,74.5,4.0,0
flow_00.9,44.5,4.5,0
flow_20.16,74.0,3.5,0
flow_00.10,42.5,4.0,0
flow_00.11,41.0,4.0,0
flow_20.17,74.0,4.0,0
flow_20.18,72.0,3.5,0
flow_00.12,26.5,3.5,0
flow_20.19,70.5,4.0,0
flow_20.20,60.5,4.5,0
flow_20.21,58.5,4.0,0
flow_30.19,61.5,4.5,0
flow_10.17,37.0,4.5,0
flow_10.18,31.0,4.0,0
flow_30.20,59.0,4.5,0
flow_10.19,29.0,4.0,0
flow_30.21,55.0,4.0,0
flow_30.22,54.0,4.0,0
flow_30.23,52.0,4.5,0
flow_30.24,50.5,4.0,0
flow_30.25,49.5,4.5,0
flow_20.22,63.5,4.0,0
flow_00.13,34.0,4.5,0
flow_20.23,52.0,4.0,0
flow_00.14,26.5,4.0,0
flow_20.24,52.0,4.5,0
flow_20.25,48.5,4.0,0
flow_20.26,47.5,4.0,0
flow_20.27,46.0,4.0,0
flow_20.28,45.0,4.0,0
flow_30.26,75.0,4.5,0
flow_10.20,53.5,4.5,0
flow_30.27,65.5,3.5,0
flow_10.21,51.0,4.0,0
flow_30.28,58.5,3.5,0
flow_10.22,49.5,4.0,0
flow_10.23,47.5,4.0,0
flow_10.24,40.0,4.0,0
flow_30.29,24.5,3.0,0
flow_10.25,31.0,4.0,0
flow_20.29,69.0,4.0,0
flow_00.15,48.0,4.5,0
flow_20.30,68.5,3.5,0
flow_00.16,26.5,3.5,0
flow_20.31,68.5,4.0,0
flow_20.32,67.0,3.5,0
flow_20.33,52.0,4.0,0
flow_20.34,49.5,4.0,0
flow_20.35,48.5,4.0,0
flow_30.30,54.5,4.5,0
flow_10.26,37.5,4.5,0
flow_30.31,51.0,4.0,0
flow_30.32,49.5,4.5,0
flow_30.33,31.0,4.0,0
flow_30.34,29.0,4.0,0
flow_30.35,28.5,4.0,0
flow_10.27,24.0,3.0,0
flow_30.36,27.0,4.0,0
flow_00.17,51.0,4.5,0
flow_20.36,66.0,4.5,0
flow_00.18,46.0,3.5,0
flow_20.37,64.5,4.0,0
flow_00.19,41.0,3.5,0
flow_20.38,50.5,4.0,0
flow_00.20,36.5,4.0,0
flow_20.39,25.0,3.5,0
flow_00.21,24.5,3.0,0
flow_10.28,50.5,4.5,0
flow_30.37,53.0,4.5,0
flow_30.38,51.5,4.0,0
flow_10.29,50.5,4.0,0
flow_30.39,51.5,4.0,0
flow_10.30,50.0,4.0,0
flow_30.40,50.0,4.0,0
flow_10.31,48.5,4.0,0
flow_30.41,48.5,4.5,0
flow_10.32,48.5,5.0,0
flow_30.42,41.0,4.0,0
flow_10.33,47.0,4.5,0
flow_30.43,40.0,4.0,0
flow_00.22,52.0,4.0,0
flow_20.40,44.5,4.5,0
flow_00.23,51.0,4.0,0
flow_20.41,45.0,4.0,0
flow_00.24,44.0,3.5,0
flow_20.42,43.5,4.0,0
flow_20.43,42.5,4.5,0
flow_00.25,45.5,4.5,0
flow_20.44,41.5,4.5,0
flow_00.26,44.0,4.5,0
flow_00.27,42.0,4.5,0
flow_20.45,39.5,4.0,0
flow_20.46,30.0,4.0,0
flow_00.28,31.5,4.5,0
flow_30.44,64.0,4.5,0
flow_10.34,48.5,5.0,0
flow_30.45,62.5,4.0,0
flow_10.35,41.5,4.0,0
flow_30.46,61.5,4.0,0
flow_30.47,60.0,4.0,0
flow_30.48,58.0,3.5,0
flow_10.36,26.5,3.5,0
flow_30.49,56.5,4.0,0
flow_10.37,26.0,3.5,0
flow_30.50,55.0,4.0,0
flow_00.29,47.0,4.5,0
flow_20.47,46.5,4.5,0
flow_00.30,47.0,4.0,0
flow_20.48,41.5,4.0,0
flow_00.31,46.0,4.0,0
flow_20.49,33.0,4.0,0
flow_20.50,29.0,4.0,0
flow_00.32,45.5,4.0,0
flow_00.33,39.5,4.5,0
flow_20.51,24.0,3.0,0
flow_30.51,81.5,4.5,0
flow_10.38,53.5,4.5,0
flow_30.52,81.0,4.0,0
flow_10.39,53.5,4.0,0
flow_10.40,52.5,4.0,0
flow_30.53,80.0,4.0,0
flow_30.54,79.0,4.0,0
flow_10.41,41.5,4.0,0
flow_10.42,25.5,3.5,0
flow_30.55,77.5,4.0,0
flow_30.56,61.0,4.0,0
flow_30.57,58.5,4.0,0
flow_10.43,27.0,4.0,0
flow_20.52,49.0,4.5,0
flow_00.34,55.0,4.5,0
flow_20.53,44.0,3.5,0
flow_00.35,38.5,4.0,0
flow_20.54,40.0,3.5,0
flow_00.36,36.0,3.5,0
flow_20.55,37.0,3.5,0
flow_00.37,35.0,4.0,0
flow_20.56,24.5,3.0,0
flow_10.44,52.0,4.0,0
flow_30.58,58.0,4.5,0
flow_30.59,43.5,4.0,0
flow_10.45,53.0,4.0,0
flow_10.46,50.5,4.0,0
flow_30.60,40.0,4.5,0
flow_10.47,49.5,3.5,0
flow_30.61,30.0,4.0,0
flow_10.48,47.5,4.0,0
flow_10.49,46.5,4.0,0
flow_30.62,24.0,3.0,0
flow_10.50,36.5,4.0,0
flow_20.57,49.5,4.0,0
flow_00.38,55.0,4.5,0
flow_20.58,50.0,4.0,0
flow_00.39,55.5,4.5,0
flow_20.59,40.5,3.5,0
flow_00.40,28.0,4.0,0
flow_20.60,41.0,4.5,0
flow_00.41,27.0,4.0,0
flow_20.61,40.0,4.5,0
flow_00.42,26.0,3.5,0
flow_20.62,38.0,4.5,0
flow_20.63,37.0,4.5,0
flow_30.63,44.5,4.0,0
flow_10.51,61.0,4.5,0
flow_10.52,61.0,4.0,0
flow_30.64,45.0,4.0,0
flow_10.53,59.5,4.0,0
flow_30.65,43.5,4.0,0
flow_30.66,37.5,4.0,0
flow_10.54,59.0,4.0,0
flow_30.67,35.0,3.5,0
flow_10.55,58.0,4.5,0
flow_30.68,33.0,4.0,0
flow_10.56,52.5,4.5,0
flow_30.69,33.0,4.5,0
flow_10.57,51.5,4.0,0
flow_00.43,36.5,4.0,0
flow_20.64,61.5,4.5,0
flow_20.65,60.5,4.0,0
flow_00.44,32.5,4.0,0
flow_20.66,59.5,4.0,0
flow_20.67,59.0,4.0,0
flow_20.68,57.5,4.0,0
flow_20.69,56.5,4.0,0
flow_20.70,54.5,4.0,0
flow_30.70,36.5,4.0,0
flow_10.58,61.5,4.5,0
flow_30.71,37.0,3.5,0
flow_10.59,56.0,4.0,0
flow_30.72,35.5,3.5,0
flow_10.60,55.5,4.0,0
flow_10.61,54.5,4.0,0
flow_30.73,36.0,4.5,0
flow_30.74,35.0,4.0,0
flow_10.62,54.0,4.5,0
flow_30.75,33.0,4.5,0
flow_10.63,51.5,4.0,0
flow_10.64,50.0,4.0,0
flow_30.76,32.5,4.5,0
flow_20.71,80.0,4.0,0
flow_00.45,50.5,4.5,0
flow_20.72,64.0,4.0,0
flow_00.46,47.5,4.0,0
flow_00.47,42.0,4.0,0
flow_20.73,63.5,3.5,0
flow_20.74,54.0,4.0,0
flow_00.48,27.0,4.0,0
flow_20.75,47.5,4.0,0
flow_20.76,46.0,4.0,0
flow_20.77,40.5,4.0,0
flow_30.77,57.0,4.5,0
flow_10.65,69.5,4.5,0
flow_30.78,53.0,4.0,0
flow_10.66,70.0,4.0,0
flow_30.79,52.0,4.0,0
flow_10.67,69.0,4.5,0
flow_30.80,51.0,3.5,0
flow_10.68,55.0,4.0,0
flow_30.81,48.5,4.0,0
flow_10.69,48.5,4.0,0
flow_30.82,41.5,4.0,0
flow_10.70,41.5,4.0,0
flow_30.83,40.5,4.0,0
flow_00.49,48.0,4.0,0
flow_20.78,67.0,4.5,0
flow_00.50,43.0,4.0,0
flow_20.79,68.0,4.5,0
flow_20.80,65.5,4.0,0
flow_20.81,60.0,4.0,0
flow_20.82,54.5,4.0,0
flow_20.83,45.0,4.0,0
flow_00.51,24.5,3.0,0
flow_20.84,43.0,4.0,0
flow_10.71,52.0,4.0,0
flow_30.84,66.5,4.0,0
flow_30.85,66.0,4.0,0
flow_10.72,46.0,4.0,0
flow_10.73,29.0,3.5,0
flow_30.86,61.5,3.5,0
flow_30.87,60.0,4.0,0
flow_10.74,25.5,3.5,0
flow_30.88,59.5,4.0,0
flow_30.89,57.5,4.0,0
flow_10.75,27.0,4.0,0
flow_30.90,43.0,4.5,0
flow_20.85,68.5,4.5,0
flow_20.86,68.0,4.0,0
flow_00.52,24.5,3.0,0
flow_20.87,67.5,4.0,0
flow_20.88,66.0,4.0,0
flow_20.89,65.0,4.5,0
flow_20.90,61.0,4.0,0
flow_20.91,58.0,4.0,0
flow_30.91,67.0,4.0,0
flow_10.76,52.5,4.5,0
flow_30.92,63.0,4.0,0
flow_10.77,40.5,4.0,0
flow_10.78,35.5,4.0,0
flow_30.93,62.5,3.5,0
flow_30.94,61.0,4.0,0
flow_10.79,34.5,3.5,0
flow_30.95,36.0,3.5,0
flow_10.80,33.5,4.0,0
flow_30.96,31.5,4.0,0
flow_30.97,30.5,4.5,0
flow_00.53,43.0,4.5,0
flow_20.92,86.0,5.0,0
flow_20.93,84.5,4.0,0
flow_20.94,82.5,4.0,0
flow_20.95,81.0,3.5,0
flow_20.96,78.5,4.0,0
flow_00.54,24.5,3.0,0
flow_20.97,60.5,3.5,0
flow_20.98,58.5,4.0,0
flow_30.98,55.0,4.0,0
flow_10.81,51.5,4.5,0
flow_30.99,55.0,4.0,0
flow_10.82,51.0,4.0,0
flow_30.100,54.0,4.0,0
flow_10.83,49.5,3.5,0
flow_10.84,49.5,4.0,0
flow_30.101,54.0,4.0,0
flow_10.85,48.0,4.0,0
flow_30.102,52.5,4.5,0
flow_10.86,46.0,3.5,0
flow_30.103,51.0,4.0,0
flow_30.104,49.5,4.0,0
flow_10.87,41.5,4.0,0
flow_00.55,50.0,4.0,0
flow_20.99,83.5,4.0,0
flow_20.100,83.0,4.0,0
flow_00.56,40.0,4.0,0
flow_00.57,31.0,3.5,0
flow_20.101,82.5,3.5,0
flow_20.102,81.0,4.0,0
flow_20.103,80.0,4.5,0
flow_20.104,61.5,4.5,0
flow_20.105,59.0,4.5,0
flow_30.105,74.5,4.0,0
flow_10.88,67.5,4.5,0
flow_30.106,74.5,3.5,0
flow_10.89,67.0,4.0,0
flow_30.107,73.5,3.5,0
flow_10.90,61.0,4.0,0
flow_30.108,60.5,4.0,0
flow_10.91,54.5,4.0,0
flow_10.92,53.0,4.0,0
flow_30.109,60.5,4.0,0
flow_30.110,45.5,4.0,0
flow_10.93,52.0,4.0,0
flow_10.94,51.0,4.0,0
flow_30.111,42.0,4.5,0
flow_00.58,52.5,4.0,0
flow_20.106,85.0,4.5,0
flow_20.107,83.5,4.0,0
flow_00.59,37.0,4.0,0
flow_20.108,74.0,4.0,0
flow_00.60,33.0,4.0,0
flow_20.109,52.0,4.0,0
flow_20.110,51.0,4.0,0
flow_20.111,49.5,4.0,0
flow_00.61,25.0,3.0,0
flow_20.112,45.5,4.0,0
flow_30.112,54.0,4.5,0
flow_10.95,76.5,4.5,0
flow_10.96,69.0,4.0,0
flow_30.113,54.5,4.0,0
flow_30.114,53.0,4.0,0
flow_10.97,69.0,4.0,0
flow_30.115,52.0,3.5,0
flow_10.98,68.0,4.0,0
flow_30.116,50.5,4.0,0
flow_10.99,66.0,4.0,0
flow_30.117,39.0,4.0,0
flow_10.100,62.0,4.5,0
flow_10.101,59.0,4.0,0
flow_20.113,71.5,4.0,0
flow_00.62,45.5,4.5,0
flow_00.63,33.0,4.0,0
flow_20.114,73.5,4.0,0
flow_00.64,31.5,4.0,0
flow_20.115,72.0,4.0,0
flow_20.116,69.5,4.0,0
flow_20.117,67.5,4.0,0
flow_00.65,25.5,3.5,0
flow_20.118,61.5,4.5,0
flow_00.66,24.5,3.0,0
flow_20.119,59.5,4.5,0
flow_30.118,53.5,4.0,0
flow_10.102,84.5,4.5,0
flow_10.103,83.5,4.0,0
flow_30.119,54.0,4.0,0
flow_30.120,53.5,4.0,0
flow_10.104,84.0,4.5,0
flow_30.121,52.5,4.0,0
flow_10.105,82.0,4.5,0
flow_30.122,51.0,4.0,0
flow_10.106,80.0,4.0,0
flow_10.107,61.5,4.5,0
flow_30.123,50.0,4.5,0
flow_10.108,58.5,4.0,0
flow_30.124,48.5,4.0,0
flow_20.120,85.0,4.5,0
flow_20.121,83.5,4.0,0
flow_20.122,82.5,4.0,0
flow_20.123,80.5,3.5,0
flow_00.67,25.5,3.5,0
flow_20.124,79.0,4.0,0
flow_20.125,59.5,4.0,0
flow_00.68,26.0,3.5,0
flow_20.126,57.5,4.0,0
flow_10.109,83.5,4.0,0
flow_30.125,69.5,4.5,0
flow_10.110,82.5,3.5,0
flow_30.126,42.5,4.0,0
flow_10.111,82.0,4.0,0
flow_30.127,25.0,3.5,0
flow_10.112,82.0,4.0,0
flow_10.113,79.5,4.0,0
flow_10.114,61.0,4.0,0
flow_10.115,58.0,4.0,0
flow_20.127,83.5,4.5,0
flow_00.69,48.5,4.5,0
flow_20.128,83.5,4.0,0
flow_00.70,40.5,4.0,0
flow_20.129,82.0,4.0,0
flow_00.71,24.5,3.0,0
flow_20.130,81.5,4.0,0
flow_20.131,80.5,4.5,0
flow_00.72,26.0,3.5,0
flow_20.132,62.0,4.5,0
flow_20.133,59.0,4.5,0
flow_30.128,51.5,4.0,0
flow_10.116,84.5,4.5,0
flow_30.129,50.0,4.0,0
flow_10.117,84.5,4.5,0
flow_10.118,83.5,4.5,0
flow_30.130,51.0,4.5,0
flow_10.119,82.0,4.0,0
flow_30.131,47.0,4.0,0
flow_30.132,44.5,4.0,0
flow_10.120,80.0,4.0,0
flow_30.133,42.5,4.0,0
flow_10.121,61.5,4.0,0
flow_30.134,41.5,4.5,0
flow_10.122,50.0,4.0,0
flow_20.134,84.0,4.0,0
flow_00.73,40.5,4.5,0
flow_00.74,39.5,4.0,0
flow_20.135,84.0,3.5,0
flow_20.136,82.0,3.5,0
flow_00.75,38.5,4.0,0
flow_20.137,81.5,4.0,0
flow_20.138,80.0,4.0,0
flow_20.139,60.5,4.0,0
flow_00.76,24.0,3.0,0
flow_20.140,58.5,4.0,0
flow_10.123,74.5,4.5,0
flow_10.124,74.5,4.0,0
flow_10.125,73.0,4.0,0
flow_10.126,72.0,3.5,0
flow_30.135,25.0,3.0,0
flow_10.127,71.0,4.0,0
flow_10.128,60.5,4.0,0
flow_10.129,58.0,4.0,0
flow_00.77,51.0,4.5,0
flow_20.141,86.5,5.0,0
flow_00.78,50.0,4.0,0
flow_20.142,85.5,4.0,0
flow_20.143,83.5,4.0,0
flow_00.79,50.0,4.0,0
flow_00.80,38.0,4.0,0
flow_20.144,82.5,4.0,0
flow_00.81,34.0,4.0,0
flow_20.145,80.0,4.0,0
flow_20.146,60.5,4.0,0
flow_00.82,33.5,4.0,0
flow_20.147,59.5,4.5,0
flow_10.130,84.0,4.5,0
flow_30.136,52.5,4.5,0
flow_10.131,83.5,4.0,0
flow_30.137,51.5,4.0,0
flow_10.132,82.0,4.0,0
flow_30.138,44.0,4.0,0
flow_10.133,81.0,4.0,0
flow_30.139,41.0,4.0,0
flow_30.140,38.0,3.5,0
flow_10.134,79.0,4.0,0
flow_30.141,25.5,3.0,0
flow_10.135,61.0,4.0,0
flow_10.136,58.0,4.0,0
flow_20.148,84.0,4.5,0
flow_00.83,55.0,4.5,0
flow_20.149,83.0,4.0,0
flow_00.84,52.0,4.5,0
flow_20.150,81.5,4.0,0
flow_00.85,51.0,4.5,0
flow_20.151,80.0,3.5,0
flow_00.86,41.0,4.5,0
flow_20.152,76.5,4.0,0
flow_20.153,61.0,4.5,0
flow_20.154,58.5,4.0,0
flow_30.142,54.5,4.5,0
flow_10.137,84.5,4.5,0
flow_10.138,84.0,4.0,0
flow_30.143,55.0,4.0,0
flow_30.144,37.0,4.0,0
flow_10.139,82.5,4.0,0
flow_10.140,82.0,4.0,0
flow_10.141,79.0,4.0,0
flow_30.145,25.5,3.0,0
flow_10.142,61.5,4.0,0
flow_30.146,25.0,3.5,0
flow_10.143,58.5,4.5,0
flow_20.155,83.5,4.5,0
flow_00.87,39.5,4.0,0
flow_00.88,37.5,3.5,0
flow_20.156,83.5,4.0,0
flow_20.157,82.0,4.0,0
flow_00.89,37.0,4.0,0
flow_00.90,33.0,4.0,0
flow_20.158,81.5,4.0,0
flow_00.91,32.0,4.0,0
flow_20.159,79.5,4.0,0
flow_00.92,30.5,4.0,0
flow_20.160,62.0,4.5,0
flow_20.161,59.0,4.0,0
flow_00.93,30.0,4.0,0
flow_30.147,49.0,4.0,0
flow_10.144,84.5,4.5,0
flow_30.148,48.5,3.5,0
flow_10.145,83.0,4.0,0
flow_10.146,82.0,4.0,0
flow_10.147,80.5,3.5,0
flow_20.0,24.5,3.0,0
flow_10.0,35.5,4.5,0
flow_30.0,35.0,4.5,0
flow_10.1,33.0,4.0,0
flow_10.2,33.0,4.5,0
flow_30.1,23.5,3.0,0
flow_10.3,25.0,3.0,0
flow_20.1,48.0,4.5,0
flow_00.0,45.5,4.5,0
flow_20.2,38.0,4.0,0
flow_00.1,39.0,4.0,0
flow_20.3,37.0,3.5,0
flow_20.4,31.5,3.5,0
flow_20.5,30.0,3.5,0
flow_20.6,29.0,4.0,0
flow_20.7,27.5,4.0,0
flow_30.2,49.5,4.5,0
flow_10.4,45.5,4.5,0
flow_30.3,49.0,4.0,0
flow_10.5,42.5,4.0,0
flow_30.4,48.5,4.0,0
flow_10.6,41.5,4.0,0
flow_10.7,40.5,3.5,0
flow_30.5,34.0,4.0,0
flow_30.6,30.0,4.5,0
flow_10.8,29.5,4.0,0
flow_10.9,26.5,4.0,0
flow_30.7,25.0,3.0,0
flow_00.2,34.5,4.0,0
flow_20.8,55.0,4.5,0
flow_00.3,34.0,3.5,0
flow_20.9,53.0,4.0,0
flow_20.10,53.5,4.5,0
flow_20.11,52.0,4.0,0
flow_20.12,50.5,4.5,0
flow_20.13,48.5,4.0,0
flow_20.14,47.0,4.0,0
flow_30.8,49.5,4.0,0
flow_10.10,44.5,4.5,0
flow_30.9,36.0,4.0,0
flow_10.11,43.5,4.0,0
flow_10.12,43.0,4.0,0
flow_10.13,42.5,4.0,0
flow_30.10,24.5,3.0,0
flow_10.14,42.0,4.5,0
flow_10.15,40.0,4.5,0
flow_10.16,31.0,4.5,0
flow_00.4,37.0,4.0,0
flow_20.15,76.0,5.0,0
flow_00.5,37.5,4.0,0
flow_20.16,74.5,4.5,0
flow_00.6,23.5,3.0,0
flow_20.17,55.5,4.5,0
flow_20.18,54.5,4.5,0
flow_00.7,24.0,2.5,0
flow_20.19,53.0,4.5,0
flow_20.20,44.5,4.5,0
flow_20.21,39.0,4.0,0
flow_10.17,55.0,4.0,0
flow_30.11,54.5,4.5,0
flow_10.18,55.0,4.0,0
flow_30.12,54.0,4.0,0
flow_30.13,45.0,4.0,0
flow_10.19,55.0,4.0,0
flow_30.14,37.0,3.5,0
flow_10.20,51.5,4.0,0
flow_10.21,50.0,4.5,0
flow_30.15,30.5,4.5,0
flow_10.22,49.0,4.0,0
flow_10.23,43.0,4.0,0
flow_20.22,60.5,4.0,0
flow_20.23,59.5,4.5,0
flow_20.24,52.5,4.0,0
flow_20.25,51.0,4.0,0
flow_20.26,45.5,3.5,0
flow_20.27,42.5,4.0,0
flow_30.16,30.0,4.0,0
flow_10.24,69.5,4.5,0
flow_10.25,68.0,4.0,0
flow_30.17,25.0,3.5,0
flow_10.26,67.5,4.0,0
flow_30.18,24.5,3.0,0
flow_10.27,66.5,4.0,0
flow_10.28,65.0,4.0,0
flow_30.19,26.0,3.5,0
flow_10.29,61.0,4.0,0
flow_30.20,27.0,3.5,0
flow_10.30,59.0,4.5,0
flow_20.28,50.5,4.0,0
flow_00.8,44.5,4.5,0
flow_20.29,47.5,3.5,0
flow_20.30,43.0,4.0,0
flow_20.31,42.0,4.5,0
flow_20.32,33.5,4.5,0
flow_20.33,32.0,4.0,0
flow_30.21,52.0,4.0,0
flow_10.31,84.0,4.5,0
flow_30.22,51.5,4.0,0
flow_10.32,83.5,4.0,0
flow_10.33,82.5,4.0,0
flow_30.23,53.0,4.5,0
flow_10.34,81.0,4.0,0
flow_30.24,51.0,4.0,0
flow_10.35,50.0,4.5,0
flow_30.25,28.5,4.0,0
flow_10.36,43.5,4.0,0
flow_30.26,26.5,3.5,0
flow_10.37,40.5,4.5,0
flow_20.34,41.5,4.0,0
flow_00.9,39.0,4.5,0
flow_20.35,41.0,3.5,0
flow_00.10,39.0,4.0,0
flow_20.36,40.5,3.5,0
flow_20.37,39.5,4.0,0
flow_20.38,34.0,3.5,0
flow_20.39,27.5,4.0,0
flow_20.40,26.0,3.5,0
flow_10.38,63.0,4.0,0
flow_30.27,47.5,4.0,0
flow_10.39,54.5,4.0,0
flow_10.40,46.0,4.0,0
flow_10.41,45.0,3.5,0
flow_10.42,44.0,4.0,0
flow_30.28,25.5,3.5,0
flow_10.43,28.0,4.0,0
flow_00.11,54.5,4.5,0
flow_20.41,52.5,5.0,0
flow_00.12,44.0,4.0,0
flow_20.42,51.5,4.0,0
flow_20.43,49.5,4.0,0
flow_00.13,38.5,4.0,0
flow_20.44,48.5,4.0,0
flow_20.45,47.5,4.0,0
flow_20.46,42.0,4.0,0
flow_20.47,40.0,4.5,0
flow_10.44,52.5,4.5,0
flow_30.29,54.5,4.5,0
flow_30.30,54.5,4.0,0
flow_10.45,53.0,4.0,0
flow_30.31,53.5,4.0,0
flow_10.46,48.5,4.5,0
flow_30.32,52.5,4.0,0
flow_10.47,43.0,4.5,0
flow_30.33,51.0,4.5,0
flow_10.48,36.5,4.0,0
flow_30.34,49.5,4.0,0
flow_10.49,35.0,4.0,0
flow_30.35,46.0,4.0,0
flow_10.50,33.5,4.0,0
flow_20.48,66.5,4.5,0
flow_20.49,66.0,4.0,0
flow_20.50,64.5,4.0,0
flow_20.51,62.5,4.0,0
flow_20.52,50.0,4.0,0
flow_20.53,48.0,4.0,0
flow_20.54,46.0,4.0,0
flow_30.36,66.0,4.5,0
flow_10.51,59.0,4.5,0
flow_30.37,46.0,4.0,0
flow_10.52,58.0,4.0,0
flow_30.38,45.0,4.0,0
flow_10.53,46.5,4.5,0
flow_30.39,45.0,4.0,0
flow_10.54,45.5,4.5,0
flow_30.40,41.5,4.0,0
flow_10.55,44.5,4.0,0
flow_30.41,36.0,4.5,0
flow_10.56,43.0,4.5,0
flow_30.42,34.5,4.0,0
flow_10.57,41.5,4.0,0
flow_20.55,69.0,4.0,0
flow_00.14,48.0,4.5,0
flow_20.56,65.5,3.5,0
flow_00.15,44.5,4.0,0
flow_20.57,63.5,3.5,0
flow_00.16,26.0,3.5,0
flow_20.58,62.5,4.0,0
flow_20.59,62.5,4.0,0
flow_20.60,60.0,4.0,0
flow_20.61,58.5,4.5,0
flow_30.43,60.0,4.0,0
flow_10.58,66.0,4.5,0
flow_30.44,59.0,4.0,0
flow_10.59,65.5,4.0,0
flow_10.60,65.5,4.0,0
flow_30.45,49.5,4.0,0
flow_30.46,42.5,4.0,0
flow_10.61,64.0,4.0,0
flow_30.47,40.5,3.5,0
flow_10.62,63.0,4.0,0
flow_30.48,39.0,4.0,0
flow_10.63,60.5,4.0,0
flow_30.49,37.5,4.5,0
flow_10.64,58.5,4.5,0
flow_00.17,24.0,3.0,0
flow_20.62,84.0,4.5,0
flow_20.63,82.0,4.0,0
flow_00.18,26.0,3.5,0
flow_20.64,72.0,4.0,0
flow_20.65,69.5,4.0,0
flow_20.66,68.0,4.0,0
flow_20.67,60.0,4.0,0
flow_20.68,58.0,4.0,0
flow_30.50,63.0,4.5,0
flow_10.65,86.0,5.0,0
flow_30.51,63.0,4.0,0
flow_10.66,84.5,4.5,0
flow_30.52,57.5,4.0,0
flow_10.67,82.5,4.0,0
flow_10.68,81.0,4.0,0
flow_30.53,56.5,4.0,0
flow_30.54,55.5,4.5,0
flow_10.69,79.5,4.5,0
flow_30.55,54.0,4.0,0
flow_10.70,61.5,4.0,0
flow_10.71,58.0,4.0,0
flow_30.56,52.5,4.5,0
flow_20.69,83.5,4.0,0
flow_00.19,54.0,4.5,0
flow_00.20,44.5,4.0,0
flow_20.70,83.5,4.0,0
flow_20.71,79.0,4.0,0
flow_20.72,69.5,4.5,0
flow_20.73,62.0,4.0,0
flow_20.74,60.0,4.5,0
flow_20.75,59.5,4.5,0
flow_10.72,83.0,4.0,0
flow_30.57,77.5,4.0,0
flow_30.58,77.0,4.0,0
flow_10.73,83.5,4.0,0
flow_30.59,67.5,3.5,0
flow_10.74,82.5,4.0,0
flow_30.60,60.0,3.5,0
flow_10.75,81.5,4.0,0
flow_30.61,59.5,4.0,0
flow_10.76,79.5,4.0,0
flow_10.77,61.0,4.0,0
flow_10.78,59.0,4.5,0
flow_00.21,45.5,4.0,0
flow_20.76,77.0,4.5,0
flow_00.22,26.5,3.5,0
flow_20.77,76.5,4.5,0
flow_20.78,75.5,4.0,0
flow_00.23,28.0,4.0,0
flow_20.79,74.0,4.0,0
flow_00.24,26.5,3.5,0
flow_20.80,72.0,4.0,0
flow_00.25,25.0,3.5,0
flow_20.81,60.0,4.0,0
flow_00.26,25.0,3.0,0
flow_20.82,58.0,4.5,0
flow_30.62,34.0,4.5,0
flow_10.79,84.5,4.5,0
flow_10.80,69.0,4.0,0
flow_30.63,32.0,4.5,0
flow_10.81,68.5,4.0,0
flow_30.64,31.0,5.0,0
flow_10.82,61.5,4.0,0
flow_30.65,29.0,4.5,0
flow_10.83,51.0,4.0,0
flow_30.66,26.5,3.5,0
flow_10.84,38.5,4.0,0
flow_30.67,25.0,3.5,0
flow_10.85,36.5,4.0,0
flow_00.27,41.5,4.5,0
flow_20.83,86.0,4.5,0
flow_00.28,41.5,4.0,0
flow_20.84,85.0,4.5,0
flow_00.29,39.5,4.0,0
flow_20.85,83.5,4.0,0
flow_00.30,38.5,4.0,0
flow_20.86,83.5,5.0,0
flow_00.31,33.5,4.5,0
flow_20.87,80.5,4.5,0
flow_20.88,63.0,4.5,0
flow_20.89,60.0,4.5,0
flow_30.68,51.0,4.0,0
flow_10.86,57.5,4.5,0
flow_10.87,52.0,4.0,0
flow_30.69,40.0,3.5,0
flow_10.88,51.0,4.0,0
flow_30.70,38.5,4.0,0
flow_10.89,50.0,3.5,0
flow_10.90,49.0,4.0,0
flow_30.71,35.0,5.0,0
flow_30.72,33.5,4.5,0
flow_10.91,37.0,3.5,0
flow_30.73,31.5,4.5,0
flow_10.92,31.0,4.0,0
flow_00.32,41.5,4.5,0
flow_20.90,85.0,4.5,0
flow_20.91,83.5,4.0,0
flow_20.92,83.0,4.0,0
flow_20.93,81.0,4.0,0
flow_20.94,79.5,4.0,0
flow_20.95,60.0,3.5,0
flow_20.96,58.5,4.0,0
flow_10.93,56.0,4.0,0
flow_30.74,46.5,4.5,0
flow_30.75,46.0,4.0,0
flow_10.94,51.5,4.0,0
flow_30.76,34.0,3.5,0
flow_10.95,41.5,4.0,0
flow_30.77,30.0,4.0,0
flow_10.96,35.5,4.0,0
flow_30.78,28.0,4.0,0
flow_10.97,34.5,4.5,0
flow_30.79,26.5,4.0,0
flow_10.98,34.0,4.5,0
flow_30.80,26.0,3.5,0
flow_10.99,32.0,4.5,0
flow_20.97,84.0,4.5,0
flow_00.33,51.5,4.5,0
flow_20.98,83.5,4.0,0
flow_00.34,49.5,4.0,0
flow_20.99,82.0,4.0,0
flow_00.35,28.5,4.0,0
flow_20.100,80.5,3.5,0
flow_20.101,79.0,4.0,0
flow_20.102,59.5,4.0,0
flow_20.103,57.5,4.0,0
flow_30.81,48.5,4.5,0
flow_10.100,56.5,4.5,0
flow_10.101,47.5,4.0,0
flow_30.82,45.5,4.0,0
flow_10.102,39.5,4.0,0
flow_30.83,37.5,4.0,0
flow_10.103,38.5,3.5,0
flow_30.84,25.0,3.5,0
flow_10.104,37.5,4.0,0
flow_10.105,37.0,4.0,0
flow_20.104,83.5,4.5,0
flow_20.105,85.5,4.5,0
flow_20.106,83.5,4.5,0
flow_20.107,81.5,4.0,0
flow_20.108,80.0,4.5,0
flow_20.109,61.0,4.0,0
flow_20.110,59.5,4.5,0
flow_30.85,44.5,4.5,0
flow_10.106,55.5,4.5,0
flow_30.86,44.5,4.0,0
flow_10.107,38.0,4.0,0
flow_30.87,43.0,3.5,0
flow_10.108,37.0,4.0,0
flow_10.109,36.0,4.0,0
flow_30.88,43.0,4.5,0
flow_30.89,41.5,4.0,0
flow_10.110,35.5,4.5,0
flow_30.90,39.5,4.0,0
flow_30.91,38.0,4.0,0
flow_10.111,26.5,3.5,0
flow_20.111,84.5,4.5,0
flow_20.112,84.0,4.0,0
flow_20.113,84.5,4.5,0
flow_20.114,83.0,4.0,0
flow_00.36,24.0,3.0,0
flow_20.115,80.5,4.0,0
flow_20.116,61.5,4.0,0
flow_20.117,58.5,4.0,0
flow_30.92,58.5,4.0,0
flow_10.112,46.0,4.5,0
flow_30.93,58.5,4.0,0
flow_10.113,46.5,4.0,0
flow_30.94,58.5,3.5,0
flow_10.114,37.0,4.0,0
flow_30.95,54.5,4.0,0
flow_10.115,35.0,4.0,0
flow_30.96,52.5,4.0,0
flow_10.116,33.5,4.5,0
flow_30.97,50.5,4.0,0
flow_10.117,32.0,4.0,0
flow_30.98,44.0,3.5,0
flow_10.118,31.5,4.5,0
flow_00.37,27.5,4.0,0
flow_20.118,83.5,4.0,0
flow_20.119,83.5,3.5,0
flow_20.120,83.0,4.0,0
flow_20.121,81.0,4.0,0
flow_20.122,79.0,4.0,0
flow_20.123,60.5,4.0,0
flow_20.124,60.0,4.5,0
flow_30.99,69.0,4.5,0
flow_10.119,57.0,5.0,0
flow_30.100,69.0,4.0,0
flow_10.120,55.5,4.5,0
flow_30.101,68.0,4.0,0
flow_10.121,54.5,4.5,0
flow_30.102,62.0,4.0,0
flow_10.122,45.5,4.5,0
flow_30.103,52.5,4.5,0
flow_10.123,29.0,4.5,0
flow_30.104,50.5,4.5,0
flow_30.105,50.0,5.0,0
flow_20.125,84.0,4.5,0
flow_20.126,82.5,3.5,0
flow_20.127,82.5,4.0,0
flow_20.128,82.0,4.0,0
flow_20.129,80.0,4.5,0
flow_20.130,61.0,4.0,0
flow_20.131,58.5,4.5,0
flow_10.124,54.5,4.5,0
flow_30.106,70.0,4.5,0
flow_30.107,57.0,4.0,0
flow_10.125,54.5,4.0,0
flow_10.126,51.0,4.0,0
flow_30.108,51.5,4.0,0
flow_10.127,50.0,3.5,0
flow_30.109,50.5,4.0,0
flow_10.128,49.5,4.0,0
flow_30.110,50.0,4.5,0
flow_30.111,48.0,4.0,0
flow_10.129,48.5,4.0,0
flow_10.130,46.5,4.0,0
flow_30.112,45.5,4.0,0
flow_20.132,83.5,4.0,0
flow_20.133,83.0,4.0,0
flow_20.134,82.0,3.5,0
flow_20.135,80.5,3.5,0
flow_20.136,78.5,4.0,0
flow_20.137,60.0,4.0,0
flow_20.138,57.5,4.0,0
flow_10.131,72.0,4.5,0
flow_30.113,71.5,4.5,0
flow_10.132,70.5,4.0,0
flow_30.114,69.5,4.0,0
flow_10.133,57.5,4.0,0
flow_30.115,69.5,4.5,0
flow_10.134,54.0,4.0,0
flow_30.116,61.0,4.0,0
flow_10.135,53.0,4.0,0
flow_30.117,59.5,4.5,0
flow_10.136,50.5,3.5,0
flow_30.118,58.0,4.0,0
flow_10.137,43.5,4.0,0
flow_30.119,34.5,4.5,0
flow_20.139,83.5,4.5,0
flow_00.38,50.5,4.0,0
flow_20.140,83.0,4.0,0
flow_00.39,41.0,4.0,0
flow_20.141,81.5,4.0,0
flow_20.142,81.0,4.0,0
flow_20.143,79.0,4.0,0
flow_20.144,60.5,4.5,0
flow_20.145,58.5,4.0,0
flow_10.138,69.5,4.5,0
flow_30.120,61.0,4.5,0
flow_30.121,59.5,4.0,0
flow_10.139,69.5,4.0,0
flow_30.122,58.0,3.5,0
flow_10.140,68.0,4.0,0
flow_30.123,52.0,4.0,0
flow_10.141,62.0,3.5,0
flow_30.124,51.0,4.0,0
flow_10.142,60.5,4.0,0
flow_30.125,49.5,3.5,0
flow_10.143,37.0,4.0,0
flow_30.126,35.0,4.0,0
flow_20.146,85.0,4.5,0
flow_00.40,48.5,4.5,0
flow_20.147,85.0,4.5,0
flow_20.148,84.0,4.5,0
flow_20.149,82.0,4.0,0
flow_20.150,80.0,4.5,0
flow_20.151,61.0,4.0,0
flow_20.152,59.0,4.0,0
flow_30.127,58.5,4.5,0
flow_10.144,55.0,4.5,0
flow_30.128,58.0,4.0,0
flow_10.145,51.5,4.0,0
flow_10.146,47.5,4.0,0
flow_30.129,51.5,4.0,0
flow_10.147,46.5,4.0,0
flow_30.130,47.5,4.0,0
flow_30.131,44.5,4.0,0
flow_10.148,45.5,4.0,0
flow_30.132,28.0,4.0,0
flow_10.149,45.0,4.0,0
flow_30.133,26.5,3.5,0
flow_10.150,43.5,4.0,0
flow_20.153,84.0,4.0,0
flow_00.41,55.0,4.5,0
flow_20.154,83.0,4.0,0
flow_00.42,35.5,4.0,0
flow_20.155,82.5,3.5,0
flow_20.156,81.5,4.0,0
flow_20.157,80.5,4.0,0
flow_20.158,61.5,4.5,0
flow_20.159,58.5,4.0,0
flow_10.151,67.5,4.0,0
flow_30.134,43.0,4.0,0
flow_30.135,26.5,3.5,0
flow_10.152,70.0,4.5,0
flow_10.153,68.5,4.5,0
flow_10.154,58.5,4.0,0
flow_10.155,27.0,3.5,0
flow_00.43,47.0,4.5,0
flow_20.160,86.5,5.0,0
flow_20.161,85.5,4.5,0
flow_20.162,83.5,4.5,0
flow_20.163,82.0,4.0,0
flow_20.164,81.5,4.5,0
flow_20.165,62.5,5.0,0
flow_20.166,60.0,4.5,0
flow_10.156,43.5,4.5,0
flow_30.136,51.0,4.5,0
flow_30.137,49.5,3.5,0
flow_30.138,48.5,3.5,0
flow_30.139,30.5,4.0,0
flow_30.0,32.0,4.0,0
flow_10.0,26.0,3.5,0
flow_30.1,32.5,4.0,0
flow_30.2,31.5,4.0,0
flow_30.3,30.0,4.0,0
flow_30.4,29.5,4.0,0
flow_30.5,27.5,4.0,0
flow_30.6,26.5,3.5,0
flow_00.0,44.0,4.0,0
flow_20.0,56.0,4.5,0
flow_20.1,55.0,4.0,0
flow_00.1,24.5,3.0,0
flow_20.2,54.0,4.0,0
flow_20.3,53.0,4.0,0
flow_20.4,51.0,4.0,0
flow_00.2,26.0,3.5,0
flow_20.5,49.5,3.5,0
flow_00.3,24.0,3.0,0
flow_20.6,49.0,4.0,0
flow_10.1,47.5,4.5,0
flow_30.7,52.0,4.5,0
flow_30.8,51.5,4.0,0
flow_10.2,47.0,4.0,0
flow_10.3,39.0,4.5,0
flow_30.9,38.0,4.5,0
flow_10.4,37.5,4.0,0
flow_30.10,29.5,4.5,0
flow_10.5,36.5,4.5,0
flow_30.11,27.0,4.0,0
flow_10.6,35.0,4.0,0
flow_10.7,34.0,4.0,0
flow_20.7,74.0,4.0,0
flow_00.4,50.5,4.5,0
flow_00.5,46.0,3.5,0
flow_20.8,73.5,3.5,0
flow_20.9,72.5,3.5,0
flow_20.10,71.0,4.0,0
flow_20.11,70.0,3.5,0
flow_20.12,60.5,4.0,0
flow_20.13,58.5,4.5,0
flow_30.12,45.5,4.0,0
flow_10.8,55.0,4.5,0
flow_30.13,43.5,4.0,0
flow_10.9,54.5,4.0,0
flow_30.14,36.0,3.5,0
flow_10.10,48.5,4.0,0
flow_10.11,48.0,4.0,0
flow_10.12,46.5,4.5,0
flow_10.13,45.5,4.0,0
flow_30.15,25.5,3.5,0
flow_10.14,40.5,4.5,0
flow_00.6,28.5,4.0,0
flow_20.14,84.0,4.0,0
flow_00.7,25.5,3.0,0
flow_20.15,83.0,3.5,0
flow_20.16,82.5,4.0,0
flow_20.17,81.0,4.0,0
flow_20.18,79.0,4.0,0
flow_20.19,61.0,4.5,0
flow_20.20,58.5,4.0,0
flow_30.16,45.5,4.5,0
flow_10.15,66.0,4.5,0
flow_30.17,42.5,4.0,0
flow_10.16,66.0,4.0,0
flow_30.18,41.0,3.5,0
flow_10.17,64.5,4.0,0
flow_30.19,40.5,3.5,0
flow_10.18,64.5,4.0,0
flow_30.20,39.5,4.0,0
flow_10.19,62.5,4.5,0
flow_30.21,39.0,4.5,0
flow_10.20,60.5,4.5,0
flow_30.22,36.5,4.5,0
flow_10.21,58.5,4.0,0
flow_00.8,34.0,4.0,0
flow_20.21,84.5,4.0,0
flow_00.9,28.5,4.0,0
flow_20.22,83.5,4.0,0
flow_20.23,81.5,3.5,0
flow_20.24,82.0,4.0,0
flow_20.25,80.0,4.0,0
flow_20.26,62.0,4.5,0
flow_20.27,59.5,4.0,0
flow_10.22,84.5,4.5,0
flow_30.23,53.5,4.5,0
flow_30.24,47.5,4.0,0
flow_10.23,83.5,4.0,0
flow_10.24,83.0,4.5,0
flow_30.25,42.0,4.0,0
flow_10.25,81.5,4.0,0
flow_30.26,24.5,3.0,0
flow_10.26,79.0,3.5,0
flow_30.27,24.5,3.0,0
flow_10.27,61.0,4.0,0
flow_10.28,58.5,4.5,0
flow_20.28,83.5,4.0,0
flow_00.10,52.5,4.5,0
flow_20.29,83.0,4.0,0
flow_00.11,29.5,4.0,0
flow_20.30,83.0,4.0,0
flow_20.31,82.0,4.5,0
flow_20.32,80.5,4.5,0
flow_20.33,60.5,4.5,0
flow_20.34,59.0,4.5,0
flow_10.29,84.0,4.5,0
flow_30.28,55.0,4.5,0
flow_30.29,47.5,4.0,0
flow_10.30,84.0,4.0,0
flow_30.30,46.5,3.5,0
flow_10.31,82.5,4.0,0
flow_30.31,40.5,4.0,0
flow_10.32,81.0,4.0,0
flow_30.32,38.5,4.0,0
flow_10.33,68.0,4.0,0
flow_10.34,56.5,4.0,0
flow_30.33,39.5,4.5,0
flow_10.35,55.0,4.0,0
flow_30.34,37.5,4.0,0
flow_20.35,83.5,4.5,0
flow_00.12,33.5,4.0,0
flow_20.36,82.5,4.0,0
flow_00.13,32.5,4.0,0
flow_20.37,81.5,3.5,0
flow_20.38,80.0,4.0,0
flow_00.14,26.0,3.5,0
flow_20.39,78.0,3.5,0
flow_20.40,59.5,4.0,0
flow_20.41,57.5,4.0,0
flow_30.35,57.0,4.0,0
flow_10.36,55.0,4.0,0
flow_30.36,57.0,3.5,0
flow_10.37,56.0,4.0,0
flow_30.37,57.0,4.0,0
flow_10.38,51.5,4.0,0
flow_30.38,55.5,3.5,0
flow_10.39,50.0,3.5,0
flow_30.39,54.5,4.0,0
flow_10.40,47.5,4.5,0
flow_30.40,52.5,4.0,0
flow_10.41,42.0,4.5,0
flow_30.41,36.5,4.5,0
flow_10.42,40.5,4.5,0
flow_00.15,24.0,3.0,0
flow_20.42,85.0,4.5,0
flow_20.43,83.5,4.0,0
flow_20.44,83.5,4.0,0
flow_00.16,24.0,3.0,0
flow_20.45,82.0,4.0,0
flow_20.46,79.5,4.0,0
flow_20.47,60.5,4.0,0
flow_20.48,58.5,4.0,0
flow_10.43,65.0,4.0,0
flow_30.42,62.0,4.5,0
flow_10.44,63.5,3.5,0
flow_30.43,58.0,4.0,0
flow_30.44,52.5,4.5,0
flow_10.45,64.5,4.5,0
flow_10.46,63.5,4.5,0
flow_10.47,61.5,4.0,0
flow_30.45,24.5,3.0,0
flow_10.48,60.0,4.5,0
flow_30.46,25.5,3.0,0
flow_10.49,46.5,4.0,0
flow_00.17,41.5,4.5,0
flow_20.49,86.0,4.5,0
flow_20.50,84.5,4.0,0
flow_20.51,82.5,3.5,0
flow_20.52,76.0,4.0,0
flow_20.53,75.0,4.0,0
flow_20.54,61.5,4.0,0
flow_20.55,59.0,4.5,0
flow_10.50,71.5,4.5,0
flow_30.47,51.0,4.5,0
flow_10.51,65.0,4.0,0
flow_30.48,51.0,4.0,0
flow_30.49,49.5,4.0,0
flow_10.52,55.0,4.0,0
flow_10.53,50.5,4.0,0
flow_30.50,49.0,4.5,0
flow_30.51,47.5,4.0,0
flow_10.54,50.0,4.5,0
flow_10.55,48.5,4.0,0
flow_30.52,46.5,4.5,0
flow_10.56,47.5,4.5,0
flow_30.53,46.0,4.5,0
flow_20.56,76.0,4.0,0
flow_20.57,70.0,4.0,0
flow_20.58,69.0,4.0,0
flow_20.59,67.5,4.5,0
flow_20.60,65.5,4.0,0
flow_20.61,55.0,4.5,0
flow_20.62,54.0,4.0,0
flow_30.54,70.0,4.0,0
flow_10.57,73.0,4.5,0
flow_30.55,56.5,4.0,0
flow_10.58,71.0,4.0,0
flow_30.56,44.5,3.5,0
flow_10.59,63.5,4.5,0
flow_10.60,62.5,4.5,0
flow_30.57,42.5,4.5,0
flow_10.61,48.0,4.0,0
flow_30.58,41.0,4.0,0
flow_10.62,46.0,4.5,0
flow_10.63,44.5,4.0,0
flow_20.63,80.5,4.5,0
flow_20.64,68.0,4.0,0
flow_20.65,67.5,3.5,0
flow_00.18,25.5,3.5,0
flow_20.66,60.0,4.0,0
flow_20.67,59.5,4.0,0
flow_20.68,58.0,4.0,0
flow_20.69,49.5,4.5,0
flow_30.59,44.5,4.5,0
flow_10.64,69.0,5.0,0
flow_30.60,43.5,3.5,0
flow_10.65,53.0,4.0,0
flow_10.66,49.0,4.5,0
flow_30.61,44.5,4.0,0
flow_30.62,42.5,4.5,0
flow_10.67,39.0,4.5,0
flow_10.68,36.5,4.0,0
flow_30.63,27.5,4.0,0
flow_10.69,35.5,4.0,0
flow_30.64,27.0,4.0,0
flow_10.70,28.0,4.0,0
flow_20.70,74.5,4.0,0
flow_20.71,72.0,4.0,0
flow_20.72,72.0,4.0,0
flow_20.73,71.5,4.5,0
flow_20.74,69.5,4.5,0
flow_20.75,60.5,4.5,0
flow_20.76,58.5,4.0,0
flow_00.19,28.5,4.0,0
flow_30.65,53.5,4.0,0
flow_10.71,52.5,4.5,0
flow_10.72,51.0,3.5,0
flow_30.66,51.5,4.5,0
flow_30.67,50.0,3.5,0
flow_10.73,51.0,4.0,0
flow_30.68,45.0,4.0,0
flow_10.74,50.0,4.0,0
flow_30.69,38.0,4.0,0
flow_10.75,48.0,4.0,0
flow_30.70,26.5,4.0,0
flow_10.76,47.5,4.0,0
flow_10.77,33.5,4.5,0
flow_30.71,26.5,3.5,0
flow_00.20,52.5,4.0,0
flow_20.77,84.5,4.5,0
flow_00.21,51.0,3.5,0
flow_20.78,83.0,4.0,0
flow_00.22,50.5,4.0,0
flow_20.79,82.5,4.0,0
flow_00.23,43.5,3.5,0
flow_20.80,80.5,4.0,0
flow_20.81,74.5,3.5,0
flow_00.24,32.0,4.0,0
flow_20.82,57.5,4.0,0
flow_20.83,54.5,4.5,0
flow_30.72,51.0,4.5,0
flow_10.78,59.0,4.5,0
flow_30.73,46.0,4.0,0
flow_10.79,58.5,4.0,0
flow_10.80,57.5,4.0,0
flow_30.74,46.0,4.5,0
flow_30.75,42.5,4.0,0
flow_10.81,53.5,4.0,0
flow_30.76,40.5,4.5,0
flow_10.82,52.5,4.0,0
flow_30.77,38.0,4.5,0
flow_10.83,38.0,4.5,0
flow_10.84,36.0,4.0,0
flow_30.78,31.0,4.5,0
flow_00.25,43.5,4.0,0
flow_20.84,81.0,4.5,0
flow_00.26,36.5,3.5,0
flow_20.85,81.5,4.0,0
flow_20.86,74.5,4.0,0
flow_00.27,24.5,3.0,0
flow_20.87,70.5,4.0,0
flow_20.88,57.0,4.0,0
flow_20.89,55.5,4.0,0
flow_20.90,55.0,4.0,0
flow_30.79,54.0,4.5,0
flow_10.85,52.5,4.5,0
flow_30.80,53.5,4.0,0
flow_10.86,52.5,4.0,0
flow_10.87,44.5,4.0,0
flow_30.81,25.0,3.5,0
flow_10.88,41.5,4.0,0
flow_10.89,40.0,4.5,0
flow_10.90,38.5,4.0,0
flow_30.82,24.5,3.0,0
flow_10.91,37.0,4.0,0
flow_00.28,31.0,4.0,0
flow_20.91,80.5,4.5,0
flow_20.92,79.0,4.0,0
flow_20.93,77.5,3.5,0
flow_20.94,76.0,4.0,0
flow_20.95,76.0,4.5,0
flow_20.96,61.0,4.5,0
flow_20.97,58.0,4.0,0
flow_30.83,42.0,4.5,0
flow_10.92,61.0,5.0,0
flow_30.84,41.0,3.5,0
flow_10.93,59.0,4.0,0
flow_10.94,57.5,4.0,0
flow_30.85,41.5,4.0,0
flow_10.95,57.0,4.0,0
flow_30.86,36.5,4.5,0
flow_10.96,54.0,4.5,0
flow_30.87,35.0,4.5,0
flow_10.97,48.0,4.0,0
flow_30.88,33.5,4.0,0
flow_10.98,46.5,4.5,0
flow_30.89,32.0,4.0,0
flow_20.98,82.5,4.0,0
flow_00.29,43.5,4.5,0
flow_20.99,83.0,4.0,0
flow_00.30,43.0,4.0,0
flow_20.100,81.0,3.5,0
flow_00.31,41.5,4.0,0
flow_20.101,80.0,3.5,0
flow_00.32,28.5,4.5,0
flow_20.102,78.0,4.0,0
flow_20.103,60.0,4.0,0
flow_20.104,58.0,4.0,0
flow_10.99,71.5,4.5,0
flow_30.90,57.5,4.5,0
flow_30.91,56.5,4.0,0
flow_10.100,72.0,4.0,0
flow_30.92,56.0,4.0,0
flow_10.101,71.5,4.5,0
flow_10.102,67.5,4.0,0
flow_30.93,55.5,4.0,0
flow_10.103,66.0,4.0,0
flow_30.94,48.5,4.0,0
flow_10.104,60.0,3.5,0
flow_30.95,39.5,4.0,0
flow_10.105,58.0,4.0,0
flow_30.96,38.5,4.0,0
flow_20.105,83.0,4.0,0
flow_00.33,29.5,4.0,0
flow_20.106,83.5,4.0,0
flow_00.34,23.5,2.5,0
flow_20.107,82.5,4.0,0
flow_20.108,80.5,3.5,0
flow_20.109,66.5,4.0,0
flow_20.110,53.0,4.0,0
flow_20.111,52.0,4.0,0
flow_30.97,61.5,4.5,0
flow_10.106,86.0,5.0,0
flow_30.98,56.0,4.0,0
flow_10.107,84.0,4.0,0
flow_10.108,79.0,4.0,0
flow_30.99,43.0,4.0,0
flow_30.100,41.5,4.0,0
flow_10.109,78.0,4.0,0
flow_10.110,72.0,4.0,0
flow_30.101,40.5,4.0,0
flow_30.102,39.0,4.5,0
flow_10.111,61.5,4.0,0
flow_30.103,37.5,4.0,0
flow_10.112,59.5,4.5,0
flow_20.112,78.5,4.5,0
flow_00.35,52.5,4.5,0
flow_20.113,78.0,4.0,0
flow_20.114,76.5,3.5,0
flow_20.115,74.5,4.0,0
flow_20.116,73.0,3.5,0
flow_20.117,61.0,4.0,0
flow_20.118,58.0,4.0,0
flow_30.104,62.0,4.5,0
flow_10.113,84.5,4.5,0
flow_30.105,61.0,3.5,0
flow_10.114,83.0,4.0,0
flow_30.106,61.0,4.0,0
flow_10.115,77.0,4.0,0
flow_30.107,59.5,3.5,0
flow_10.116,71.5,4.0,0
flow_30.108,58.5,4.0,0
flow_10.117,69.0,4.0,0
flow_30.109,56.0,4.0,0
flow_10.118,61.0,4.0,0
flow_30.110,54.5,4.0,0
flow_10.119,57.0,4.5,0
flow_00.36,48.0,4.5,0
flow_20.119,85.5,5.0,0
flow_20.120,83.5,4.0,0
flow_00.37,42.0,4.0,0
flow_20.121,82.5,4.0,0
flow_00.38,40.0,4.0,0
flow_20.122,81.5,4.0,0
flow_00.39,41.5,5.0,0
flow_20.123,80.0,4.5,0
flow_20.124,60.0,4.0,0
flow_00.40,40.0,4.5,0
flow_00.41,30.5,4.5,0
flow_20.125,58.0,4.0,0
flow_30.111,80.5,4.5,0
flow_10.120,69.5,4.5,0
flow_30.112,79.5,3.5,0
flow_10.121,50.5,4.0,0
flow_30.113,78.5,3.5,0
flow_10.122,46.5,4.0,0
flow_30.114,77.0,3.5,0
flow_10.123,45.5,3.5,0
flow_10.124,44.0,4.0,0
flow_30.115,64.5,4.0,0
flow_30.116,60.0,4.0,0
flow_10.125,41.5,4.0,0
flow_30.117,57.5,4.0,0
flow_10.126,37.0,3.5,0
flow_20.126,84.0,4.5,0
flow_00.42,27.5,3.5,0
flow_20.127,83.0,3.5,0
flow_00.43,24.5,3.0,0
flow_20.128,66.5,4.0,0
flow_20.129,66.0,4.5,0
flow_20.130,64.0,4.5,0
flow_20.131,61.5,4.5,0
flow_20.132,55.0,4.5,0
flow_10.127,63.5,4.5,0
flow_30.118,85.0,4.5,0
flow_10.128,52.5,4.0,0
flow_30.119,84.0,4.0,0
flow_10.129,43.5,4.0,0
flow_30.120,83.0,4.0,0
flow_10.130,42.5,3.5,0
flow_30.121,81.5,4.0,0
flow_10.131,34.0,4.0,0
flow_30.122,79.5,4.0,0
flow_10.132,32.5,3.5,0
flow_30.123,61.0,4.0,0
flow_10.133,30.5,4.0,0
flow_30.124,58.5,4.0,0
flow_20.133,79.0,4.0,0
flow_00.44,29.5,4.0,0
flow_20.134,79.5,3.5,0
flow_20.135,79.0,4.0,0
flow_20.136,77.0,3.5,0
flow_20.137,75.5,4.0,0
flow_20.138,60.5,4.0,0
flow_20.139,58.0,4.0,0
flow_10.134,50.5,4.0,0
flow_30.125,85.0,4.5,0
flow_30.126,84.0,4.0,0
flow_10.135,40.5,4.0,0
flow_10.136,37.0,4.0,0
flow_30.127,83.5,4.0,0
flow_10.137,36.5,4.0,0
flow_30.128,83.0,4.0,0
flow_30.129,82.0,4.5,0
flow_30.130,62.5,4.5,0
flow_30.131,59.0,4.0,0
flow_00.45,27.0,3.5,0
flow_20.140,84.0,4.5,0
flow_20.141,85.5,4.5,0
flow_20.142,83.5,4.5,0
flow_00.46,25.0,3.0,0
flow_20.143,82.0,4.0,0
flow_20.144,80.0,4.0,0
flow_20.145,61.5,4.0,0
flow_20.146,59.0,4.0,0
flow_30.132,84.0,4.0,0
flow_10.138,54.0,4.5,0
flow_30.133,82.0,3.5,0
flow_10.139,54.0,4.0,0
flow_30.134,82.0,3.5,0
flow_10.140,53.5,4.0,0
flow_30.135,82.0,4.5,0
flow_10.141,52.5,4.0,0
flow_30.136,79.5,4.0,0
flow_10.142,51.0,4.0,0
flow_30.137,61.0,4.5,0
flow_10.143,49.0,4.0,0
flow_30.138,58.5,4.0,0
flow_10.144,47.5,4.5,0
flow_20.147,84.0,4.0,0
flow_00.47,40.0,4.0,0
flow_20.148,83.5,3.5,0
flow_20.149,83.0,4.0,0
flow_20.150,81.5,4.0,0
flow_20.151,80.0,4.0,0
flow_20.152,61.5,4.5,0
flow_20.153,59.5,4.5,0
flow_30.139,83.0,4.5,0
flow_10.145,73.5,4.5,0
flow_30.140,83.5,4.0,0
flow_10.146,72.5,4.0,0
flow_30.141,82.0,4.0,0
flow_10.147,72.5,4.0,0
flow_30.142,81.0,4.0,0
flow_10.148,70.5,4.0,0
flow_30.143,79.5,4.5,0
flow_10.149,69.5,4.5,0
flow_30.144,61.0,4.5,0
flow_10.150,61.0,4.0,0
flow_30.145,58.5,4.5,0
flow_10.151,59.0,4.0,0
flow_20.154,83.5,4.0,0
flow_20.155,82.5,3.5,0
flow_20.156,81.0,3.5,0
flow_00.48,24.5,3.0,0
flow_20.157,80.0,3.5,0
flow_20.158,78.5,3.5,0
flow_20.159,59.5,3.5,0
flow_20.160,59.0,4.5,0
flow_10.152,78.5,4.5,0
flow_30.146,85.5,4.5,0
flow_10.153,74.5,4.0,0
flow_30.147,81.5,4.0,0
flow_30.148,70.5,4.0,0
flow_10.154,74.5,4.0,0
flow_30.149,68.0,4.0,0
flow_10.155,67.0,4.0,0
flow_30.150,66.5,4.0,0
flow_10.156,64.5,4.0,0
flow_10.157,60.0,3.5,0
flow_30.151,61.0,4.0,0
flow_10.158,52.0,4.0,0
flow_30.152,46.0,4.0,0
flow_00.49,39.5,4.0,0
flow_20.161,84.0,4.5,0
flow_20.162,83.5,4.0,0
flow_00.50,40.5,4.0,0
flow_20.163,82.5,4.0,0
flow_00.51,36.0,4.0,0
flow_20.164,80.5,3.5,0
flow_00.52,34.5,4.0,0
flow_20.165,78.0,4.0,0
flow_00.53,33.5,4.0,0
flow_20.166,60.0,4.5,0
flow_20.167,57.5,4.0,0
flow_10.159,76.0,4.5,0
flow_30.153,72.5,4.5,0
flow_10.160,75.5,4.0,0
flow_30.154,68.0,4.0,0
flow_30.155,59.0,4.0,0
flow_10.161,75.0,4.0,0
flow_30.156,57.5,3.5,0
flow_10.162,73.5,4.0,0
flow_30.0,27.5,4.0,0
flow_30.1,28.0,4.0,0
flow_30.2,25.5,3.5,0
flow_30.3,24.5,3.0,0
flow_30.4,24.5,3.0,0
flow_00.0,43.5,4.5,0
flow_20.0,41.5,4.5,0
flow_00.1,42.5,4.0,0
flow_00.2,42.0,4.0,0
flow_00.3,41.5,4.0,0
flow_00.4,40.5,4.5,0
flow_00.5,38.5,4.5,0
flow_00.6,37.0,4.0,0
flow_30.5,46.0,4.5,0
flow_10.0,44.5,4.5,0
flow_30.6,43.0,3.5,0
flow_10.1,36.0,4.5,0
flow_30.7,40.5,4.0,0
flow_10.2,29.5,4.5,0
flow_10.3,28.0,4.0,0
flow_30.8,40.5,4.0,0
flow_10.4,26.5,4.0,0
flow_30.9,38.0,4.0,0
flow_30.10,37.0,4.0,0
flow_10.5,26.5,4.0,0
flow_30.11,35.0,4.0,0
flow_00.7,61.5,4.0,0
flow_20.1,55.5,4.5,0
flow_00.8,62.0,4.0,0
flow_20.2,54.0,4.0,0
flow_20.3,38.0,4.0,0
flow_00.9,62.0,4.0,0
flow_00.10,52.5,4.5,0
flow_00.11,44.0,4.0,0
flow_00.12,37.5,4.0,0
flow_00.13,36.0,3.5,0
flow_30.12,61.0,4.5,0
flow_10.6,55.5,5.0,0
flow_30.13,60.5,4.0,0
flow_10.7,43.0,4.5,0
flow_10.8,41.5,4.5,0
flow_30.14,60.0,4.0,0
flow_10.9,39.5,4.0,0
flow_30.15,59.5,4.0,0
flow_10.10,38.5,4.5,0
flow_30.16,57.5,4.0,0
flow_10.11,37.0,4.0,0
flow_30.17,48.5,4.0,0
flow_30.18,39.0,4.0,0
flow_10.12,32.0,4.5,0
flow_00.14,59.5,4.0,0
flow_20.4,32.0,4.5,0
flow_00.15,51.5,3.5,0
flow_00.16,50.5,4.0,0
flow_00.17,49.5,4.5,0
flow_20.5,22.5,2.5,0
flow_00.18,47.5,4.5,0
flow_00.19,46.0,4.5,0
flow_10.13,57.0,4.0,0
flow_30.19,64.0,4.5,0
flow_10.14,56.5,3.5,0
flow_30.20,64.0,4.0,0
flow_10.15,55.5,3.5,0
flow_30.21,63.5,4.5,0
flow_10.16,56.0,4.0,0
flow_30.22,56.0,4.0,0
flow_30.23,54.0,3.5,0
flow_10.17,54.0,4.0,0
flow_30.24,52.5,4.0,0
flow_10.18,52.5,4.0,0
flow_30.25,51.5,4.0,0
flow_10.19,51.5,4.0,0
flow_00.20,52.5,4.0,0
flow_20.6,51.0,4.5,0
flow_00.21,51.5,4.0,0
flow_20.7,27.0,3.5,0
flow_00.22,50.5,4.0,0
flow_00.23,49.5,4.0,0
flow_00.24,48.5,4.5,0
flow_00.25,39.0,4.0,0
flow_00.26,35.5,4.0,0
flow_10.20,76.0,4.5,0
flow_30.26,79.5,5.0,0
flow_10.21,75.0,3.5,0
flow_30.27,78.0,4.5,0
flow_10.22,74.5,4.0,0
flow_30.28,77.5,4.5,0
flow_10.23,72.0,4.0,0
flow_30.29,74.0,4.5,0
flow_10.24,71.5,4.5,0
flow_30.30,73.5,4.5,0
flow_10.25,61.0,4.0,0
flow_30.31,61.5,4.5,0
flow_10.26,58.5,4.5,0
flow_30.32,59.0,4.5,0
flow_20.8,33.5,4.0,0
flow_00.27,36.0,4.0,0
flow_00.28,37.0,4.5,0
flow_30.33,83.0,4.0,0
flow_10.27,81.0,4.0,0
flow_30.34,83.5,4.0,0
flow_10.28,80.0,4.0,0
flow_30.35,82.0,4.0,0
flow_10.29,70.0,4.0,0
flow_10.30,70.0,4.0,0
flow_30.36,83.0,4.5,0
flow_10.31,51.5,4.0,0
flow_30.37,80.5,4.0,0
flow_30.38,62.0,4.5,0
flow_10.32,47.5,4.5,0
flow_30.39,59.5,4.5,0
flow_10.33,45.5,4.5,0
flow_00.29,55.0,4.5,0
flow_20.9,23.5,3.0,0
flow_00.30,54.0,4.0,0
flow_00.31,49.0,4.0,0
flow_20.10,24.5,3.0,0
flow_00.32,48.5,4.5,0
flow_00.33,47.0,4.0,0
flow_00.34,46.0,4.5,0
flow_00.35,33.5,4.5,0
flow_10.34,69.0,4.0,0
flow_30.40,83.5,4.0,0
flow_30.41,83.0,4.0,0
flow_10.35,69.5,4.0,0
flow_30.42,81.5,4.0,0
flow_10.36,68.5,4.0,0
flow_10.37,65.5,3.5,0
flow_30.43,74.0,3.5,0
flow_10.38,64.5,4.0,0
flow_30.44,60.5,4.0,0
flow_10.39,60.0,4.0,0
flow_30.45,58.5,4.0,0
flow_10.40,57.5,4.0,0
flow_30.46,57.0,4.0,0
flow_00.36,55.0,4.0,0
flow_00.37,47.5,4.0,0
flow_00.38,48.0,4.0,0
flow_00.39,46.5,4.0,0
flow_00.40,45.0,4.0,0
flow_00.41,44.0,4.0,0
flow_00.42,41.5,4.0,0
flow_10.41,83.0,4.0,0
flow_30.47,75.5,4.5,0
flow_10.42,81.5,4.0,0
flow_30.48,40.5,4.0,0
flow_10.43,80.0,4.0,0
flow_30.49,37.5,4.0,0
flow_10.44,76.5,4.0,0
flow_30.50,36.0,4.0,0
flow_10.45,75.5,4.5,0
flow_30.51,35.5,4.5,0
flow_30.52,34.0,4.0,0
flow_10.46,62.0,4.5,0
flow_30.53,32.5,4.5,0
flow_10.47,61.0,5.0,0
flow_00.43,68.0,4.5,0
flow_00.44,63.5,4.0,0
flow_20.11,25.0,3.0,0
flow_00.45,62.5,4.0,0
flow_00.46,61.0,4.0,0
flow_00.47,60.0,4.0,0
flow_00.48,40.0,4.5,0
flow_20.12,25.5,3.5,0
flow_00.49,32.5,4.0,0
flow_30.54,53.0,4.5,0
flow_10.48,68.0,4.5,0
flow_10.49,57.0,4.0,0
flow_30.55,43.5,4.0,0
flow_10.50,45.0,4.0,0
flow_30.56,39.5,4.5,0
flow_10.51,38.5,4.0,0
flow_30.57,34.5,4.0,0
flow_10.52,35.0,4.0,0
flow_30.58,30.0,4.5,0
flow_30.59,28.0,4.0,0
flow_00.50,55.5,4.0,0
flow_00.51,51.5,4.0,0
flow_00.52,50.5,4.0,0
flow_00.53,44.0,4.0,0
flow_00.54,43.0,4.5,0
flow_00.55,41.5,4.0,0
flow_00.56,31.0,4.5,0
flow_10.53,37.5,4.0,0
flow_30.60,33.5,4.5,0
flow_30.61,27.0,4.0,0
flow_10.54,38.0,4.0,0
flow_30.62,25.5,3.5,0
flow_10.55,36.5,4.0,0
flow_10.56,35.5,4.0,0
flow_30.63,26.5,3.5,0
flow_10.57,34.0,4.0,0
flow_10.58,32.5,4.0,0
flow_30.64,26.5,3.5,0
flow_20.13,41.0,4.0,0
flow_00.57,52.5,4.5,0
flow_20.14,40.5,3.5,0
flow_00.58,52.0,4.0,0
flow_00.59,50.5,3.5,0
flow_20.15,22.5,2.5,0
flow_00.60,50.5,4.0,0
flow_00.61,37.0,4.5,0
flow_00.62,35.5,4.0,0
flow_20.16,26.0,3.5,0
flow_00.63,34.0,4.5,0
flow_10.59,51.5,4.0,0
flow_30.65,54.5,4.5,0
flow_10.60,46.0,4.0,0
flow_30.66,39.5,4.0,0
flow_30.67,31.5,4.0,0
flow_10.61,45.5,4.0,0
flow_30.68,29.5,4.0,0
flow_10.62,44.0,4.5,0
flow_30.69,28.5,4.0,0
flow_10.63,42.5,4.0,0
flow_30.70,27.0,4.0,0
flow_10.64,37.0,4.5,0
flow_10.65,33.0,4.0,0
flow_20.17,31.0,4.0,0
flow_00.64,49.5,4.0,0
flow_00.65,48.0,4.0,0
flow_00.66,47.5,4.0,0
flow_00.67,46.0,3.5,0
flow_00.68,45.0,4.0,0
flow_00.69,43.5,4.0,0
flow_00.70,42.0,4.0,0
flow_10.66,58.0,4.5,0
flow_30.71,57.0,5.0,0
flow_10.67,48.0,4.0,0
flow_30.72,53.0,4.0,0
flow_10.68,47.0,4.0,0
flow_30.73,52.0,3.5,0
flow_10.69,46.0,3.5,0
flow_30.74,50.0,4.0,0
flow_10.70,44.5,3.5,0
flow_30.75,49.0,4.0,0
flow_10.71,43.5,4.0,0
flow_30.76,41.0,4.0,0
flow_10.72,40.0,4.0,0
flow_30.77,41.0,4.5,0
flow_00.71,67.5,4.0,0
flow_20.18,44.0,4.5,0
flow_00.72,67.0,4.5,0
flow_00.73,65.5,3.5,0
flow_00.74,66.0,4.5,0
flow_00.75,63.5,4.0,0
flow_00.76,60.5,4.5,0
flow_00.77,60.0,4.5,0
flow_10.73,62.5,4.5,0
flow_30.78,64.5,4.5,0
flow_10.74,60.5,3.5,0
flow_30.79,63.0,4.0,0
flow_10.75,51.5,4.0,0
flow_30.80,62.0,4.0,0
flow_10.76,47.5,3.5,0
flow_30.81,62.5,4.5,0
flow_10.77,46.5,4.0,0
flow_30.82,60.5,4.0,0
flow_10.78,39.5,4.0,0
flow_30.83,58.5,4.0,0
flow_10.79,38.5,4.0,0
flow_30.84,57.5,4.0,0
flow_00.78,72.5,4.5,0
flow_00.79,64.5,3.5,0
flow_00.80,45.0,3.5,0
flow_00.81,38.0,4.0,0
flow_00.82,37.0,3.5,0
flow_00.83,32.5,4.0,0
flow_00.84,28.0,4.0,0
flow_30.85,82.5,4.5,0
flow_10.80,65.5,4.5,0
flow_10.81,61.5,4.0,0
flow_30.86,82.5,4.0,0
flow_30.87,69.5,4.0,0
flow_10.82,59.0,4.0,0
flow_30.88,65.0,4.0,0
flow_10.83,49.5,4.0,0
flow_30.89,62.5,4.0,0
flow_10.84,46.0,4.0,0
flow_10.85,43.5,4.0,0
flow_30.90,61.0,4.0,0
flow_10.86,43.0,4.0,0
flow_30.91,59.5,4.5,0
flow_20.19,41.5,4.0,0
flow_00.85,55.0,4.5,0
flow_00.86,54.0,3.5,0
flow_00.87,54.0,4.0,0
flow_00.88,52.5,4.0,0
flow_00.89,50.5,4.0,0
flow_00.90,49.0,4.0,0
flow_20.20,24.5,3.0,0
flow_00.91,48.0,4.0,0
flow_10.87,65.5,4.0,0
flow_30.92,84.5,4.5,0
flow_10.88,56.5,3.5,0
flow_30.93,83.5,4.0,0
flow_10.89,57.0,4.0,0
flow_30.94,84.0,4.5,0
flow_10.90,51.5,4.5,0
flow_30.95,82.5,4.5,0
flow_30.96,58.5,4.0,0
flow_10.91,49.0,4.5,0
flow_30.97,57.0,4.5,0
flow_10.92,47.5,4.5,0
flow_10.93,31.5,4.0,0
flow_30.98,55.5,4.0,0
flow_00.92,74.0,4.0,0
flow_20.21,41.0,4.5,0
flow_00.93,73.5,3.5,0
flow_00.94,73.5,4.0,0
flow_00.95,72.0,4.0,0
flow_00.96,71.0,4.5,0
flow_00.97,62.0,4.5,0
flow_00.98,59.5,4.5,0
flow_30.99,76.5,4.5,0
flow_10.94,46.5,4.5,0
flow_30.100,77.0,4.0,0
flow_10.95,46.5,4.0,0
flow_30.101,75.5,4.0,0
flow_10.96,45.0,4.0,0
flow_10.97,43.5,4.0,0
flow_30.102,74.5,4.0,0
flow_30.103,71.0,4.0,0
flow_10.98,43.0,4.0,0
flow_30.104,61.0,4.0,0
flow_10.99,41.5,4.5,0
flow_30.105,58.0,4.0,0
flow_10.100,40.0,4.0,0
flow_00.99,85.0,4.5,0
flow_00.100,84.5,4.0,0
flow_00.101,83.0,4.0,0
flow_00.102,81.5,4.5,0
flow_00.103,79.0,4.0,0
flow_00.104,60.0,4.5,0
flow_00.105,57.5,4.0,0
flow_30.106,83.0,4.0,0
flow_10.101,64.5,4.5,0
flow_30.107,82.5,3.5,0
flow_10.102,64.0,4.0,0
flow_10.103,63.0,4.0,0
flow_30.108,82.5,4.0,0
flow_10.104,62.0,3.5,0
flow_30.109,81.5,4.0,0
flow_10.105,56.5,4.0,0
flow_30.110,79.5,4.0,0
flow_10.106,46.0,4.5,0
flow_30.111,62.0,4.5,0
flow_10.107,45.0,4.5,0
flow_30.112,59.0,4.5,0
flow_00.106,83.0,4.0,0
flow_00.107,83.0,3.5,0
flow_00.108,81.5,3.5,0
flow_00.109,81.0,4.0,0
flow_00.110,79.0,4.0,0
flow_00.111,61.5,4.5,0
flow_00.112,59.0,4.5,0
flow_10.108,64.5,4.5,0
flow_30.113,85.0,4.5,0
flow_30.114,83.0,4.0,0
flow_10.109,64.5,4.0,0
flow_10.110,62.5,3.5,0
flow_30.115,82.5,4.0,0
flow_10.111,62.0,4.0,0
flow_30.116,81.5,4.0,0
flow_10.112,60.0,3.5,0
flow_30.117,79.0,4.0,0
flow_30.118,60.5,3.5,0
flow_10.113,58.5,4.0,0
flow_10.114,57.0,4.0,0
flow_30.119,58.5,4.0,0
flow_00.113,83.5,4.5,0
flow_20.22,52.5,4.5,0
flow_00.114,82.5,3.5,0
flow_00.115,71.5,4.0,0
flow_00.116,52.0,4.0,0
flow_20.23,24.5,3.0,0
flow_00.117,51.5,4.5,0
flow_20.24,26.0,3.5,0
flow_00.118,50.5,4.5,0
flow_00.119,49.0,4.5,0
flow_10.115,83.0,4.5,0
flow_30.120,84.5,4.5,0
flow_10.116,79.0,3.5,0
flow_30.121,83.0,4.0,0
flow_10.117,70.0,3.5,0
flow_30.122,82.0,4.0,0
flow_10.118,70.0,3.5,0
flow_30.123,82.0,4.0,0
flow_10.119,68.0,4.0,0
flow_30.124,79.5,4.5,0
flow_10.120,60.5,4.0,0
flow_30.125,61.0,4.0,0
flow_10.121,58.5,4.0,0
flow_30.126,59.0,4.5,0
flow_20.25,49.5,4.0,0
flow_00.120,73.0,4.5,0
flow_20.26,49.0,3.5,0
flow_00.121,70.5,4.0,0
flow_00.122,67.0,4.0,0
flow_20.27,40.0,3.5,0
flow_20.28,38.0,3.5,0
flow_00.123,56.5,3.5,0
flow_00.124,56.0,4.0,0
flow_00.125,55.0,4.0,0
flow_00.126,52.5,4.5,0
flow_30.127,84.0,4.5,0
flow_10.122,77.0,4.5,0
flow_10.123,77.0,4.0,0
flow_30.128,84.0,4.0,0
flow_10.124,53.5,4.0,0
flow_30.129,83.0,4.0,0
flow_30.130,81.5,4.0,0
flow_10.125,45.0,4.0,0
flow_10.126,43.5,4.0,0
flow_30.131,80.5,4.5,0
flow_10.127,42.0,4.0,0
flow_30.132,62.0,4.5,0
flow_30.133,58.5,4.0,0
flow_10.128,42.5,4.5,0
flow_00.127,79.0,4.5,0
flow_00.128,77.5,3.5,0
flow_00.129,77.5,4.0,0
flow_00.130,76.0,4.0,0
flow_00.131,52.5,4.0,0
flow_00.132,47.5,4.5,0
flow_00.133,38.0,4.0,0
flow_10.129,61.5,4.0,0
flow_30.134,84.0,4.5,0
flow_10.130,55.5,3.5,0
flow_30.135,83.5,4.0,0
flow_10.131,54.5,3.5,0
flow_30.136,82.5,4.0,0
flow_10.132,53.5,4.0,0
flow_30.137,81.5,4.0,0
flow_10.133,52.0,3.5,0
flow_30.138,79.5,4.5,0
flow_10.134,51.5,4.0,0
flow_30.139,62.0,4.0,0
flow_10.135,49.5,4.5,0
flow_30.140,59.0,4.5,0
flow_00.134,62.5,4.5,0
flow_20.29,27.0,4.0,0
flow_00.135,54.5,4.5,0
flow_00.136,49.5,4.0,0
flow_00.137,41.0,4.0,0
flow_00.138,30.0,4.0,0
flow_00.139,29.0,4.0,0
flow_00.140,27.5,4.0,0
flow_30.141,83.5,4.0,0
flow_10.136,72.0,4.5,0
flow_10.137,67.5,4.0,0
flow_30.142,83.5,4.0,0
flow_10.138,66.5,4.0,0
flow_30.143,82.5,4.0,0
flow_10.139,65.5,3.5,0
flow_30.144,83.0,4.5,0
flow_10.140,64.0,4.0,0
flow_30.145,80.5,4.0,0
flow_10.141,60.5,4.5,0
flow_30.146,62.0,4.5,0
flow_10.142,44.0,4.0,0
flow_30.147,59.0,4.0,0
flow_20.30,52.5,4.0,0
flow_00.141,50.0,4.0,0
flow_20.31,27.5,3.5,0
flow_00.142,46.5,3.5,0
flow_00.143,46.5,4.0,0
flow_00.144,41.5,4.0,0
flow_00.145,40.5,4.0,0
flow_00.146,36.0,4.0,0
flow_00.147,34.5,4.5,0
flow_10.143,62.0,4.0,0
flow_30.148,86.0,5.0,0
flow_10.144,61.0,4.0,0
flow_30.149,84.0,4.0,0
flow_10.145,61.0,3.5,0
flow_30.150,82.5,4.0,0
flow_10.146,60.0,4.0,0
flow_30.151,81.5,4.0,0
flow_10.147,59.5,4.0,0
flow_30.152,80.5,4.5,0
flow_10.148,57.5,4.0,0
flow_30.153,61.5,4.0,0
flow_10.149,40.5,4.0,0
flow_30.154,59.0,4.5,0
flow_20.32,47.5,4.5,0
flow_00.148,60.0,4.0,0
flow_00.149,55.5,3.5,0
flow_00.150,54.5,3.5,0
flow_00.151,53.5,4.0,0
flow_20.33,24.5,3.0,0
flow_00.152,52.5,4.0,0
flow_00.153,51.0,4.0,0
flow_20.34,25.5,3.0,0
flow_00.154,44.0,4.0,0
flow_30.155,86.0,5.0,0
flow_30.156,84.0,4.0,0
flow_10.150,71.0,5.5,0
flow_10.151,63.5,5.0,0
flow_30.157,83.0,4.0,0
flow_10.152,61.5,4.5,0
flow_30.158,81.5,4.0,0
flow_10.153,58.5,4.5,0
flow_30.159,79.5,4.0,0
flow_10.154,56.0,4.0,0
flow_30.160,61.5,4.0,0
flow_10.155,52.5,4.5,0
flow_30.161,58.5,4.5,0
flow_10.156,47.0,4.5,0
flow_20.35,29.5,4.0,0
flow_00.155,64.5,4.0,0
flow_00.156,63.5,4.0,0
flow_00.157,62.0,3.5,0
flow_00.158,60.5,4.0,0
flow_00.159,57.0,4.0,0
flow_00.160,55.5,4.0,0
flow_00.161,55.0,4.5,0
flow_30.162,83.5,4.0,0
flow_10.157,71.5,4.5,0
flow_10.158,61.5,3.5,0
flow_30.163,83.0,4.0,0
flow_10.159,62.0,4.0,0
flow_30.164,83.0,4.0,0
flow_10.160,56.5,4.0,0
flow_30.165,82.0,4.0,0
flow_00.0,26.5,3.5,0
flow_30.0,36.0,4.5,0
flow_10.0,25.5,3.5,0
flow_10.1,24.5,3.0,0
flow_30.1,24.5,3.0,0
flow_00.1,54.0,4.5,0
flow_20.0,49.5,4.5,0
flow_20.1,40.5,4.0,0
flow_00.2,55.0,4.5,0
flow_20.2,38.5,4.0,0
flow_00.3,48.5,4.0,0
flow_00.4,47.0,4.0,0
flow_20.3,38.0,4.0,0
flow_00.5,46.0,4.5,0
flow_20.4,32.0,4.5,0
flow_30.2,53.5,4.0,0
flow_10.2,50.0,4.5,0
flow_10.3,31.0,4.0,0
flow_30.3,51.5,4.0,0
flow_10.4,28.0,3.5,0
flow_30.4,38.5,4.0,0
flow_30.5,28.5,3.5,0
flow_10.5,27.0,3.5,0
flow_00.6,48.5,4.0,0
flow_20.5,54.5,4.5,0
flow_00.7,38.0,4.0,0
flow_20.6,54.0,4.0,0
flow_00.8,34.5,4.0,0
flow_20.7,53.5,4.5,0
flow_00.9,33.5,3.5,0
flow_20.8,52.0,4.5,0
flow_00.10,31.0,4.0,0
flow_20.9,49.5,4.0,0
flow_20.10,37.5,4.5,0
flow_00.11,31.0,4.5,0
flow_00.12,29.5,4.5,0
flow_20.11,28.0,4.5,0
flow_30.6,34.5,4.0,0
flow_10.6,48.5,4.5,0
flow_10.7,47.5,4.0,0
flow_30.7,25.5,3.5,0
flow_10.8,47.5,4.0,0
flow_10.9,47.5,4.5,0
flow_10.10,46.0,4.5,0
flow_30.8,23.5,3.0,0
flow_10.11,44.5,4.5,0
flow_10.12,42.5,4.5,0
flow_20.12,30.5,4.0,0
flow_00.13,51.0,4.5,0
flow_00.14,46.0,4.0,0
flow_20.13,30.5,4.0,0
flow_20.14,28.5,4.0,0
flow_00.15,45.5,4.0,0
flow_20.15,26.0,3.5,0
flow_00.16,41.5,4.0,0
flow_00.17,40.0,4.0,0
flow_20.16,24.5,3.0,0
flow_00.18,38.5,3.5,0
flow_20.17,26.0,3.5,0
flow_00.19,38.5,4.0,0
flow_10.13,43.5,4.0,0
flow_10.14,27.5,3.5,0
flow_10.15,25.0,3.5,0
flow_30.9,23.5,3.0,0
flow_10.16,25.5,3.5,0
flow_00.20,63.5,4.5,0
flow_20.18,51.0,4.5,0
flow_00.21,63.0,4.0,0
flow_20.19,47.5,4.0,0
flow_00.22,62.0,4.0,0
flow_20.20,46.5,4.0,0
flow_20.21,45.0,3.5,0
flow_00.23,61.0,4.0,0
flow_00.24,59.0,4.0,0
flow_00.25,58.0,4.0,0
flow_00.26,56.5,4.5,0
flow_10.17,54.5,4.5,0
flow_30.10,51.5,4.5,0
flow_30.11,50.5,4.0,0
flow_10.18,50.5,4.0,0
flow_10.19,49.5,4.0,0
flow_10.20,48.5,3.5,0
flow_10.21,30.0,4.0,0
flow_30.12,26.5,3.5,0
flow_10.22,30.0,4.0,0
flow_10.23,28.5,4.0,0
flow_20.22,51.0,4.0,0
flow_00.27,81.5,4.5,0
flow_20.23,47.0,3.5,0
flow_00.28,81.5,4.0,0
flow_20.24,45.5,3.5,0
flow_00.29,76.0,4.0,0
flow_20.25,45.0,3.5,0
flow_00.30,75.5,4.0,0
flow_20.26,44.5,4.0,0
flow_00.31,74.0,4.0,0
flow_00.32,61.0,4.0,0
flow_20.27,27.5,4.0,0
flow_00.33,58.5,4.0,0
flow_20.28,27.0,4.0,0
flow_10.24,53.5,4.0,0
flow_30.13,56.0,5.0,0
flow_30.14,36.5,4.0,0
flow_30.15,31.5,4.0,0
flow_30.16,27.0,4.0,0
flow_10.25,27.0,3.5,0
flow_10.26,28.5,4.0,0
flow_00.34,84.0,4.5,0
flow_20.29,51.5,4.5,0
flow_20.30,50.5,3.5,0
flow_00.35,84.0,4.0,0
flow_20.31,50.0,4.0,0
flow_00.36,80.0,4.5,0
flow_00.37,74.5,4.0,0
flow_20.32,49.5,4.0,0
flow_00.38,62.5,4.0,0
flow_20.33,49.5,4.0,0
flow_00.39,60.5,4.0,0
flow_20.34,47.5,4.5,0
flow_00.40,57.5,4.5,0
flow_20.35,47.0,4.5,0
flow_10.27,41.0,4.5,0
flow_30.17,44.0,4.5,0
flow_30.18,31.5,4.0,0
flow_30.19,24.5,3.0,0
flow_10.28,24.5,3.0,0
flow_10.29,26.5,3.5,0
flow_20.36,70.0,4.0,0
flow_00.41,82.0,4.5,0
flow_20.37,71.0,4.0,0
flow_00.42,77.5,4.0,0
flow_00.43,76.0,4.0,0
flow_20.38,70.5,4.5,0
flow_00.44,74.5,3.5,0
flow_20.39,69.0,4.5,0
flow_00.45,73.5,4.0,0
flow_20.40,67.0,4.0,0
flow_20.41,61.0,4.5,0
flow_00.46,62.0,4.0,0
flow_20.42,58.5,4.0,0
flow_00.47,54.5,4.5,0
flow_10.30,52.0,4.0,0
flow_30.20,33.0,4.0,0
flow_10.31,52.5,3.5,0
flow_10.32,49.5,3.5,0
flow_10.33,45.0,4.0,0
flow_30.21,25.5,3.5,0
flow_10.34,44.0,3.5,0
flow_10.35,43.0,4.0,0
flow_10.36,42.0,4.0,0
flow_00.48,70.0,4.5,0
flow_20.43,85.0,4.5,0
flow_00.49,69.0,3.5,0
flow_20.44,83.5,4.0,0
flow_00.50,68.0,3.5,0
flow_20.45,82.0,4.0,0
flow_20.46,81.5,4.5,0
flow_00.51,62.0,4.0,0
flow_20.47,79.0,4.0,0
flow_00.52,54.5,4.5,0
flow_20.48,60.5,4.0,0
flow_00.53,53.0,4.0,0
flow_20.49,58.0,4.0,0
flow_00.54,51.0,4.5,0
flow_30.22,45.5,4.0,0
flow_10.37,68.0,4.5,0
flow_30.23,31.5,4.0,0
flow_10.38,67.5,4.0,0
flow_10.39,56.0,4.5,0
flow_10.40,55.0,4.5,0
flow_10.41,53.0,4.0,0
flow_10.42,40.0,4.5,0
flow_30.24,25.5,3.5,0
flow_10.43,28.5,4.0,0
flow_00.55,72.0,4.5,0
flow_20.50,84.5,4.0,0
flow_20.51,83.0,4.0,0
flow_00.56,55.5,4.0,0
flow_00.57,50.5,4.0,0
flow_20.52,83.0,3.5,0
flow_00.58,46.0,3.5,0
flow_20.53,82.0,4.0,0
flow_00.59,39.5,4.0,0
flow_20.54,79.5,4.0,0
flow_00.60,38.5,3.5,0
flow_20.55,61.5,4.0,0
flow_00.61,30.5,4.0,0
flow_20.56,59.0,4.5,0
flow_10.44,50.5,4.0,0
flow_30.25,54.5,5.0,0
flow_10.45,50.5,3.5,0
flow_30.26,43.0,4.0,0
flow_10.46,39.0,3.5,0
flow_10.47,39.5,4.5,0
flow_10.48,39.0,4.5,0
flow_10.49,28.5,4.0,0
flow_20.57,84.0,4.5,0
flow_00.62,53.0,4.5,0
flow_00.63,51.5,4.0,0
flow_20.58,84.0,4.0,0
flow_00.64,51.5,4.0,0
flow_20.59,84.0,4.5,0
flow_00.65,39.5,4.0,0
flow_20.60,82.0,4.0,0
flow_00.66,32.5,4.0,0
flow_20.61,81.0,4.5,0
flow_00.67,25.0,3.5,0
flow_20.62,60.5,4.0,0
flow_20.63,58.5,4.0,0
flow_30.27,44.5,4.0,0
flow_10.50,44.5,4.5,0
flow_30.28,36.0,4.0,0
flow_10.51,43.5,4.0,0
flow_30.29,35.0,4.0,0
flow_10.52,42.0,4.0,0
flow_10.53,41.0,3.5,0
flow_10.54,39.5,4.0,0
flow_10.55,38.5,4.5,0
flow_30.30,26.5,3.5,0
flow_10.56,37.0,4.0,0
flow_20.64,84.0,4.5,0
flow_00.68,44.0,4.5,0
flow_20.65,83.0,4.0,0
flow_00.69,42.0,4.5,0
flow_20.66,82.5,3.5,0
flow_00.70,39.0,4.0,0
flow_20.67,80.5,4.0,0
flow_00.71,35.0,4.5,0
flow_20.68,78.5,3.5,0
flow_00.72,31.5,4.5,0
flow_20.69,61.0,4.0,0
flow_20.70,58.5,4.5,0
flow_00.73,27.5,4.0,0
flow_30.31,52.5,4.5,0
flow_10.57,59.0,4.5,0
flow_10.58,58.5,4.0,0
flow_30.32,26.5,3.5,0
flow_10.59,58.0,4.0,0
flow_10.60,56.5,3.5,0
flow_10.61,55.0,4.0,0
flow_10.62,54.5,4.0,0
flow_10.63,52.5,4.0,0
flow_20.71,84.5,4.0,0
flow_00.74,46.5,4.5,0
flow_20.72,83.0,4.0,0
flow_00.75,46.0,4.0,0
flow_20.73,82.5,3.5,0
flow_00.76,45.0,4.0,0
flow_00.77,43.5,4.0,0
flow_20.74,83.0,4.5,0
flow_00.78,32.5,4.0,0
flow_20.75,80.5,4.0,0
flow_00.79,30.5,3.5,0
flow_20.76,61.5,4.5,0
flow_00.80,28.5,4.0,0
flow_20.77,59.5,4.0,0
flow_10.64,56.0,4.5,0
flow_30.33,35.5,4.5,0
flow_10.65,52.5,4.0,0
flow_30.34,32.0,4.0,0
flow_10.66,48.0,4.0,0
flow_10.67,37.0,4.0,0
flow_10.68,35.5,4.0,0
flow_10.69,28.0,4.0,0
flow_20.78,84.5,4.5,0
flow_00.81,55.5,4.5,0
flow_20.79,83.5,4.0,0
flow_00.82,55.0,4.0,0
flow_20.80,82.5,4.0,0
flow_00.83,50.5,4.5,0
flow_20.81,82.0,4.0,0
flow_00.84,49.0,4.0,0
flow_20.82,80.0,4.0,0
flow_00.85,39.5,4.0,0
flow_20.83,60.0,3.5,0
flow_00.86,35.5,4.0,0
flow_20.84,58.0,4.0,0
flow_30.35,46.5,4.0,0
flow_10.70,54.0,4.5,0
flow_30.36,47.0,4.0,0
flow_10.71,53.0,4.0,0
flow_10.72,44.5,4.0,0
flow_10.73,45.5,4.5,0
flow_10.74,41.0,5.0,0
flow_10.75,35.5,4.5,0
flow_10.76,30.0,4.5,0
flow_20.85,84.5,4.5,0
flow_00.87,55.5,4.5,0
flow_00.88,54.5,4.0,0
flow_20.86,84.0,4.0,0
flow_00.89,53.5,4.0,0
flow_20.87,83.0,4.0,0
flow_20.88,81.5,4.0,0
flow_00.90,53.0,4.0,0
flow_20.89,79.5,4.0,0
flow_00.91,52.5,4.5,0
flow_00.92,50.5,4.5,0
flow_20.90,63.0,4.5,0
flow_00.93,49.0,4.0,0
flow_20.91,60.0,4.5,0
flow_30.37,47.0,4.0,0
flow_10.77,56.5,5.0,0
flow_10.78,55.0,4.0,0
flow_30.38,25.0,3.0,0
flow_10.79,51.5,4.5,0
flow_10.80,41.0,4.5,0
flow_10.81,38.0,4.5,0
flow_10.82,33.0,4.0,0
flow_10.83,32.0,4.0,0
flow_20.92,84.5,4.5,0
flow_00.94,75.5,5.0,0
flow_00.95,74.5,4.0,0
flow_20.93,85.5,4.5,0
flow_00.96,72.5,4.0,0
flow_20.94,83.5,4.0,0
flow_20.95,81.5,4.0,0
flow_00.97,71.5,4.0,0
flow_00.98,71.0,4.5,0
flow_20.96,81.0,4.5,0
flow_00.99,61.5,4.5,0
flow_20.97,62.0,4.5,0
flow_00.100,59.0,4.0,0
flow_20.98,59.0,4.5,0
flow_30.39,46.0,4.0,0
flow_10.84,58.0,4.5,0
flow_30.40,25.5,3.5,0
flow_10.85,50.0,4.5,0
flow_10.86,49.0,4.0,0
flow_10.87,45.0,4.5,0
flow_10.88,40.0,4.0,0
flow_10.89,33.5,4.5,0
flow_00.101,73.5,4.0,0
flow_20.99,84.0,4.5,0
flow_20.100,83.5,4.0,0
flow_00.102,64.0,4.0,0
flow_20.101,81.5,4.0,0
flow_00.103,58.5,4.5,0
flow_20.102,81.0,4.0,0
flow_00.104,57.0,4.0,0
flow_20.103,79.0,4.0,0
flow_00.105,48.0,4.0,0
flow_20.104,60.5,4.5,0
flow_00.106,46.5,4.0,0
flow_20.105,58.0,4.0,0
flow_00.107,44.5,4.0,0
flow_10.90,49.0,4.0,0
flow_30.41,39.0,4.0,0
flow_10.91,43.0,4.0,0
flow_30.42,33.5,4.0,0
flow_10.92,41.5,3.5,0
flow_10.93,29.0,4.0,0
flow_10.94,24.5,3.0,0
flow_20.106,83.5,4.0,0
flow_00.108,58.5,4.5,0
flow_20.107,82.5,3.5,0
flow_00.109,58.0,4.0,0
flow_00.110,57.5,4.0,0
flow_20.108,83.0,4.0,0
flow_00.111,56.0,3.5,0
flow_20.109,81.5,4.0,0
flow_20.110,79.5,4.0,0
flow_00.112,55.5,4.0,0
flow_20.111,61.0,4.0,0
flow_00.113,53.5,4.0,0
flow_00.114,49.0,4.0,0
flow_20.112,59.0,4.5,0
flow_30.43,46.5,4.0,0
flow_10.95,48.5,4.0,0
flow_10.96,43.0,3.5,0
flow_30.44,36.0,4.0,0
flow_30.45,25.0,3.0,0
flow_10.97,42.0,3.5,0
flow_10.98,41.5,4.0,0
flow_10.99,28.0,4.0,0
flow_10.100,26.5,4.0,0
flow_30.46,24.0,3.0,0
flow_20.113,83.5,4.0,0
flow_00.115,75.5,4.5,0
flow_00.116,74.0,4.0,0
flow_20.114,84.5,4.0,0
flow_00.117,73.0,4.0,0
flow_20.115,83.0,4.0,0
flow_20.116,81.5,4.0,0
flow_00.118,72.0,4.0,0
flow_20.117,79.5,4.0,0
flow_00.119,70.5,4.0,0
flow_00.120,57.5,4.0,0
flow_20.118,61.5,4.0,0
flow_20.119,58.0,4.0,0
flow_00.121,35.0,4.5,0
flow_30.47,23.5,3.0,0
flow_10.101,53.0,4.0,0
flow_10.102,48.5,4.0,0
flow_10.103,48.0,4.0,0
flow_10.104,46.5,4.0,0
flow_10.105,45.0,3.5,0
flow_30.48,23.5,3.0,0
flow_10.106,35.5,4.0,0
flow_10.107,31.0,4.0,0
flow_00.122,60.0,4.0,0
flow_20.120,84.0,4.5,0
flow_20.121,83.0,4.0,0
flow_00.123,60.5,4.0,0
flow_20.122,82.0,4.0,0
flow_00.124,60.0,4.5,0
flow_20.123,81.0,3.5,0
flow_00.125,39.5,4.0,0
flow_20.124,80.0,4.5,0
flow_20.125,61.5,4.0,0
flow_00.126,26.0,3.5,0
flow_20.126,58.5,4.5,0
flow_30.49,39.5,4.0,0
flow_10.108,56.5,4.5,0
flow_30.50,29.0,4.0,0
flow_10.109,57.0,4.5,0
flow_10.110,51.0,4.5,0
flow_10.111,50.0,4.0,0
flow_30.51,24.5,3.0,0
flow_10.112,49.5,4.5,0
flow_10.113,44.5,5.0,0
flow_10.114,42.5,4.5,0
flow_20.127,84.0,4.5,0
flow_00.127,54.0,4.5,0
flow_20.128,84.5,4.0,0
flow_00.128,52.5,4.0,0
flow_00.129,51.0,4.0,0
flow_20.129,83.5,4.5,0
flow_00.130,49.5,4.0,0
flow_20.130,82.0,4.0,0
flow_00.131,47.5,4.0,0
flow_20.131,80.0,4.5,0
flow_00.132,46.5,4.0,0
flow_20.132,62.0,4.0,0
flow_00.133,33.0,4.0,0
flow_20.133,59.0,4.5,0
flow_30.52,53.5,4.0,0
flow_10.115,66.5,4.0,0
flow_30.53,53.0,4.0,0
flow_10.116,67.5,4.5,0
flow_30.54,52.0,3.5,0
flow_10.117,60.5,4.0,0
flow_30.55,51.0,4.0,0
flow_10.118,59.0,4.0,0
flow_30.56,49.5,3.5,0
flow_10.119,57.5,4.0,0
flow_30.57,44.5,4.0,0
flow_10.120,52.0,4.0,0
flow_10.121,50.0,4.0,0
flow_20.134,84.0,4.5,0
flow_00.134,54.5,4.5,0
flow_20.135,82.5,4.0,0
flow_00.135,53.5,4.0,0
flow_20.136,82.0,4.0,0
flow_00.136,52.5,4.0,0
flow_20.137,80.5,3.5,0
flow_00.137,51.0,4.0,0
flow_20.138,79.5,4.0,0
flow_00.138,51.0,4.5,0
flow_20.139,61.0,4.5,0
flow_00.139,50.5,4.5,0
flow_20.140,58.0,4.5,0
flow_00.140,48.5,4.0,0
flow_30.58,48.5,4.0,0
flow_10.122,56.5,4.0,0
flow_30.59,39.0,3.5,0
flow_10.123,56.5,3.5,0
flow_30.60,38.0,3.5,0
flow_10.124,47.0,3.5,0
flow_30.61,37.0,4.0,0
flow_10.125,38.5,4.0,0
flow_10.126,37.5,3.5,0
flow_10.127,37.5,4.0,0
flow_10.128,36.5,4.5,0
flow_00.141,72.0,4.0,0
flow_20.141,84.5,4.5,0
flow_20.142,83.5,4.0,0
flow_00.142,73.0,4.0,0
flow_20.143,83.0,4.0,0
flow_00.143,73.0,4.5,0
flow_20.144,82.0,4.0,0
flow_00.144,71.5,4.5,0
flow_20.145,79.5,4.0,0
flow_00.145,69.5,4.0,0
flow_00.146,60.5,4.0,0
flow_20.146,61.5,4.0,0
flow_00.147,58.5,4.0,0
flow_20.147,59.5,4.5,0
flow_30.62,46.0,4.0,0
flow_10.129,61.0,4.0,0
flow_30.63,45.5,3.5,0
flow_10.130,60.0,4.0,0
flow_10.131,59.0,3.5,0
flow_10.132,60.0,4.5,0
flow_10.133,57.5,4.0,0
flow_10.134,56.0,4.5,0
flow_10.135,54.5,4.0,0
flow_20.148,84.0,4.5,0
flow_00.148,84.0,4.5,0
flow_20.149,83.5,4.0,0
flow_00.149,83.0,4.0,0
flow_20.150,82.5,4.0,0
flow_00.150,83.5,4.5,0
flow_20.151,81.0,3.5,0
flow_00.151,82.0,4.0,0
flow_20.152,79.5,4.0,0
flow_00.152,77.0,4.0,0
flow_20.153,60.5,4.0,0
flow_00.153,61.0,4.0,0
flow_20.154,57.5,4.0,0
flow_00.154,58.5,4.5,0
flow_10.136,79.5,4.0,0
flow_30.64,29.0,4.0,0
flow_10.137,79.5,4.0,0
flow_30.65,24.0,2.5,0
flow_10.138,79.0,4.0,0
flow_10.139,78.0,4.5,0
flow_10.140,63.5,4.5,0
flow_10.141,61.5,4.0,0
flow_10.142,50.5,4.5,0
flow_20.155,83.5,4.5,0
flow_00.155,84.0,4.5,0
flow_20.156,83.0,4.0,0
flow_00.156,83.0,4.0,0
flow_20.157,81.5,4.0,0
flow_00.157,82.5,4.0,0
flow_00.158,81.0,3.5,0
flow_20.158,81.5,4.0,0
flow_20.159,79.0,4.5,0
flow_00.159,76.0,4.0,0
flow_20.160,60.5,4.0,0
flow_00.160,61.5,4.0,0
flow_20.161,58.0,4.0,0
flow_00.161,59.5,4.5,0
flow_30.66,31.0,4.0,0
flow_10.143,47.5,4.0,0
flow_30.67,31.5,4.0,0
flow_10.144,47.0,4.0,0
flow_30.68,30.0,4.0,0
flow_20.0,24.5,3.0,0
flow_30.0,35.0,4.5,0
flow_10.0,38.0,5.0,0
flow_30.1,35.0,4.0,0
flow_10.1,33.0,4.5,0
flow_30.2,30.0,4.0,0
flow_10.2,31.5,4.5,0
flow_30.3,26.0,4.0,0
flow_10.3,27.0,4.0,0
flow_10.4,25.5,3.5,0
flow_30.4,26.0,3.5,0
flow_30.5,25.0,3.5,0
flow_20.1,29.5,4.0,0
flow_00.0,41.5,4.5,0
flow_20.2,28.5,4.0,0
flow_20.3,24.5,3.0,0
flow_10.5,54.0,4.5,0
flow_30.6,31.0,4.0,0
flow_30.7,28.5,4.0,0
flow_10.6,24.5,3.0,0
flow_10.7,27.5,4.0,0
flow_20.4,51.0,4.5,0
flow_00.1,25.5,3.5,0
flow_20.5,43.0,4.0,0
flow_20.6,42.0,4.0,0
flow_20.7,40.5,3.5,0
flow_20.8,30.0,4.0,0
flow_20.9,28.5,4.0,0
flow_20.10,27.0,3.5,0
flow_10.8,52.0,4.5,0
flow_30.8,50.5,4.5,0
flow_10.9,51.0,3.5,0
flow_30.9,47.0,4.0,0
flow_10.10,50.0,3.5,0
flow_30.10,44.5,4.0,0
flow_30.11,43.0,3.5,0
flow_10.11,47.5,3.5,0
flow_30.12,40.0,4.0,0
flow_10.12,45.0,4.0,0
flow_30.13,35.5,4.0,0
flow_10.13,44.0,3.5,0
flow_30.14,30.0,4.0,0
flow_10.14,32.0,4.0,0
flow_20.11,52.5,4.0,0
flow_20.12,52.0,3.5,0
flow_00.2,27.5,4.0,0
flow_20.13,51.0,4.0,0
flow_20.14,50.0,3.5,0
flow_00.3,26.5,3.5,0
flow_20.15,43.5,4.0,0
flow_30.15,48.0,4.5,0
flow_10.15,45.0,4.5,0
flow_10.16,32.0,4.0,0
flow_30.16,49.0,4.5,0
flow_10.17,31.0,4.0,0
flow_30.17,48.0,4.5,0
flow_10.18,24.5,3.0,0
flow_30.18,46.5,4.0,0
flow_10.19,25.0,3.5,0
flow_30.19,38.5,4.0,0
flow_30.20,37.0,4.5,0
flow_10.20,25.0,3.0,0
flow_30.21,35.5,4.0,0
flow_20.16,52.0,4.5,0
flow_20.17,48.5,4.0,0
flow_20.18,45.0,4.0,0
flow_20.19,40.5,4.0,0
flow_00.4,25.5,3.5,0
flow_20.20,39.0,4.0,0
flow_20.21,39.0,4.0,0
flow_20.22,37.0,4.0,0
flow_30.22,60.0,4.0,0
flow_10.21,49.5,4.5,0
flow_30.23,59.0,3.5,0
flow_10.22,39.0,4.0,0
flow_10.23,37.5,3.5,0
flow_30.24,59.0,4.0,0
flow_30.25,57.5,4.0,0
flow_10.24,37.0,3.5,0
flow_30.26,42.5,3.5,0
flow_10.25,36.0,4.0,0
flow_30.27,25.0,3.5,0
flow_10.26,32.5,4.0,0
flow_10.27,31.0,4.0,0
flow_20.23,61.5,4.0,0
flow_20.24,61.0,3.5,0
flow_20.25,58.0,3.5,0
flow_20.26,57.5,3.5,0
flow_00.5,28.5,4.0,0
flow_20.27,54.0,4.0,0
flow_20.28,48.0,4.5,0
flow_20.29,43.0,4.0,0
flow_10.28,57.5,4.5,0
flow_30.28,56.0,5.0,0
flow_10.29,57.0,4.0,0
flow_30.29,50.0,4.0,0
flow_30.30,48.5,4.0,0
flow_10.30,58.0,4.5,0
flow_30.31,47.5,4.0,0
flow_10.31,58.0,5.0,0
flow_30.32,25.0,3.5,0
flow_10.32,56.5,5.0,0
flow_10.33,43.0,4.5,0
flow_10.34,36.0,4.5,0
flow_20.30,67.0,4.0,0
flow_00.6,46.5,4.0,0
flow_20.31,68.0,4.0,0
flow_20.32,66.5,4.0,0
flow_20.33,65.5,3.5,0
flow_20.34,53.5,3.5,0
flow_20.35,49.5,4.0,0
flow_20.36,35.0,4.0,0
flow_30.33,47.0,4.5,0
flow_10.35,56.5,4.5,0
flow_10.36,55.0,3.5,0
flow_30.34,44.0,4.0,0
flow_10.37,54.5,4.0,0
flow_30.35,41.5,4.0,0
flow_10.38,53.0,3.5,0
flow_30.36,40.0,3.5,0
flow_30.37,26.5,4.0,0
flow_10.39,53.5,4.0,0
flow_10.40,51.0,4.0,0
flow_30.38,25.0,3.0,0
flow_10.41,40.0,4.0,0
flow_20.37,26.0,3.5,0
flow_00.7,52.0,4.0,0
flow_00.8,40.0,4.0,0
flow_00.9,39.0,4.0,0
flow_00.10,27.5,4.0,0
flow_20.38,27.0,3.5,0
flow_30.39,36.5,4.0,0
flow_10.42,65.5,4.5,0
flow_30.40,37.0,4.0,0
flow_10.43,66.0,4.0,0
flow_10.44,65.0,4.5,0
flow_30.41,23.0,2.5,0
flow_10.45,51.0,4.0,0
flow_10.46,44.5,4.0,0
flow_10.47,35.0,4.0,0
flow_30.42,26.5,3.5,0
flow_20.39,42.5,4.5,0
flow_20.40,37.5,3.5,0
flow_20.41,36.5,3.5,0
flow_20.42,32.0,4.0,0
flow_20.43,30.5,3.5,0
flow_20.44,30.0,4.0,0
flow_20.45,26.0,3.5,0
flow_30.43,53.0,4.5,0
flow_10.48,49.5,4.5,0
flow_30.44,52.5,4.0,0
flow_10.49,42.5,4.5,0
flow_10.50,41.0,4.5,0
flow_10.51,40.0,4.0,0
flow_30.45,25.5,3.5,0
flow_10.52,34.0,4.0,0
flow_10.53,27.5,4.0,0
flow_30.46,26.5,3.5,0
flow_00.11,34.0,4.5,0
flow_20.46,52.5,4.5,0
flow_20.47,52.0,4.0,0
flow_20.48,51.0,4.0,0
flow_20.49,50.0,4.0,0
flow_20.50,42.0,4.0,0
flow_20.51,40.0,4.0,0
flow_20.52,39.5,4.0,0
flow_30.47,52.0,4.5,0
flow_10.54,55.0,4.5,0
flow_30.48,35.5,3.5,0
flow_10.55,46.0,4.0,0
flow_10.56,44.5,4.0,0
flow_30.49,36.5,4.0,0
flow_10.57,40.0,3.5,0
flow_30.50,36.0,4.5,0
flow_10.58,34.0,4.0,0
flow_30.51,34.0,4.5,0
flow_30.52,27.0,4.0,0
flow_30.53,26.0,3.5,0
flow_20.53,57.5,4.0,0
flow_00.12,47.5,4.5,0
flow_00.13,45.5,3.5,0
flow_20.54,58.0,4.0,0
flow_20.55,57.0,4.0,0
flow_20.56,56.0,4.0,0
flow_20.57,55.5,4.5,0
flow_20.58,54.0,4.5,0
flow_20.59,49.0,4.5,0
flow_30.54,51.5,4.0,0
flow_10.59,51.5,4.5,0
flow_10.60,51.0,4.0,0
flow_30.55,51.5,3.5,0
flow_10.61,50.0,4.0,0
flow_30.56,50.5,3.5,0
flow_10.62,49.5,4.0,0
flow_30.57,42.0,4.0,0
flow_10.63,48.0,4.0,0
flow_30.58,40.5,3.5,0
flow_10.64,45.5,3.5,0
flow_30.59,37.0,4.0,0
flow_10.65,40.0,4.0,0
flow_30.60,36.5,4.5,0
flow_00.14,26.5,3.5,0
flow_20.60,65.5,4.5,0
flow_00.15,25.0,3.5,0
flow_20.61,65.0,4.0,0
flow_20.62,55.0,4.0,0
flow_20.63,53.0,3.5,0
flow_20.64,50.5,4.0,0
flow_00.16,29.0,4.5,0
flow_20.65,45.0,4.0,0
flow_20.66,44.5,4.0,0
flow_10.66,65.5,4.0,0
flow_30.61,60.5,4.5,0
flow_10.67,65.5,4.0,0
flow_30.62,58.0,4.5,0
flow_30.63,50.0,3.5,0
flow_10.68,55.5,4.0,0
flow_30.64,45.5,4.0,0
flow_10.69,54.0,3.5,0
flow_10.70,49.0,4.0,0
flow_30.65,45.0,4.0,0
flow_10.71,48.5,4.0,0
flow_30.66,44.0,4.0,0
flow_30.67,41.5,4.5,0
flow_10.72,40.5,4.0,0
flow_00.17,42.5,4.5,0
flow_20.67,71.0,4.5,0
flow_20.68,70.5,4.0,0
flow_20.69,69.5,4.0,0
flow_20.70,68.0,4.0,0
flow_20.71,66.0,4.5,0
flow_20.72,30.0,4.0,0
flow_30.68,67.5,4.5,0
flow_10.73,59.5,4.5,0
flow_10.74,57.0,4.0,0
flow_30.69,67.0,4.0,0
flow_10.75,55.5,4.0,0
flow_30.70,66.5,4.0,0
flow_10.76,50.5,4.0,0
flow_30.71,66.0,4.5,0
flow_10.77,49.0,4.0,0
flow_30.72,64.0,4.5,0
flow_30.73,61.0,4.0,0
flow_10.78,48.5,4.0,0
flow_10.79,46.5,4.0,0
flow_30.74,58.5,4.0,0
flow_00.18,54.5,4.5,0
flow_20.73,33.0,4.5,0
flow_00.19,51.0,3.5,0
flow_20.74,31.5,4.0,0
flow_00.20,48.0,3.5,0
flow_20.75,31.5,4.5,0
flow_20.76,30.0,4.0,0
flow_20.77,28.5,4.5,0
flow_20.78,27.5,4.0,0
flow_30.75,83.0,4.0,0
flow_10.80,70.0,5.0,0
flow_30.76,64.5,4.0,0
flow_10.81,65.0,4.0,0
flow_10.82,60.5,4.0,0
flow_30.77,62.5,4.0,0
flow_10.83,56.0,3.5,0
flow_30.78,61.5,4.0,0
flow_30.79,56.0,4.0,0
flow_10.84,52.0,4.0,0
flow_30.80,48.0,4.0,0
flow_10.85,47.5,4.0,0
flow_10.86,46.0,4.0,0
flow_30.81,40.0,4.0,0
flow_20.79,53.0,4.0,0
flow_20.80,46.5,4.0,0
flow_00.21,23.5,3.0,0
flow_20.81,38.5,3.5,0
flow_20.82,31.5,4.0,0
flow_10.87,72.0,4.5,0
flow_30.82,66.5,4.5,0
flow_30.83,64.5,4.0,0
flow_10.88,72.0,4.0,0
flow_30.84,64.0,4.0,0
flow_10.89,71.0,4.0,0
flow_10.90,69.5,4.0,0
flow_30.85,59.0,4.0,0
flow_10.91,68.0,4.0,0
flow_30.86,58.5,4.5,0
flow_30.87,57.0,4.0,0
flow_10.92,61.5,4.0,0
flow_10.93,59.0,4.5,0
flow_30.88,47.5,4.5,0
flow_20.83,36.5,4.0,0
flow_00.22,45.5,4.0,0
flow_20.84,25.5,3.0,0
flow_00.23,25.5,3.5,0
flow_20.85,23.5,3.0,0
flow_20.86,24.5,3.0,0
flow_30.89,71.0,4.0,0
flow_10.94,84.0,4.5,0
flow_30.90,63.5,3.5,0
flow_10.95,83.0,4.0,0
flow_10.96,80.5,4.0,0
flow_30.91,64.0,4.0,0
flow_30.92,59.5,4.0,0
flow_10.97,80.5,4.0,0
flow_10.98,74.5,4.0,0
flow_30.93,59.0,4.5,0
flow_10.99,61.5,4.0,0
flow_30.94,57.5,4.0,0
flow_30.95,56.5,4.5,0
flow_10.100,61.0,4.5,0
flow_20.87,52.0,4.5,0
flow_20.88,46.0,3.5,0
flow_20.89,43.5,3.5,0
flow_20.90,42.5,3.5,0
flow_20.91,41.0,3.5,0
flow_20.92,33.5,3.5,0
flow_20.93,32.5,4.0,0
flow_30.96,77.0,4.0,0
flow_10.101,83.5,4.0,0
flow_30.97,78.0,4.0,0
flow_10.102,84.5,4.0,0
flow_30.98,76.5,4.0,0
flow_10.103,83.0,4.0,0
flow_30.99,69.5,4.0,0
flow_10.104,81.0,4.0,0
flow_30.100,59.5,4.0,0
flow_10.105,77.5,4.0,0
flow_10.106,61.5,4.0,0
flow_30.101,59.5,4.5,0
flow_30.102,58.0,4.5,0
flow_10.107,59.5,4.0,0
flow_20.94,55.5,4.5,0
flow_00.24,26.0,3.5,0
flow_00.25,24.5,3.0,0
flow_20.95,55.0,4.5,0
flow_20.96,53.5,4.0,0
flow_20.97,52.5,4.0,0
flow_20.98,51.5,4.5,0
flow_20.99,49.5,4.0,0
flow_20.100,47.0,4.0,0
flow_10.108,84.5,4.5,0
flow_30.103,83.0,4.5,0
flow_10.109,83.0,4.0,0
flow_30.104,82.5,4.0,0
flow_30.105,81.0,4.0,0
flow_10.110,83.0,4.0,0
flow_30.106,79.5,3.5,0
flow_10.111,78.0,4.0,0
flow_30.107,78.0,4.0,0
flow_10.112,77.5,4.5,0
flow_30.108,60.5,3.5,0
flow_10.113,61.5,4.0,0
flow_30.109,59.0,4.0,0
flow_10.114,58.5,4.5,0
flow_20.101,73.5,4.5,0
flow_20.102,72.5,4.0,0
flow_20.103,43.0,4.0,0
flow_20.104,41.5,4.0,0
flow_20.105,38.0,4.0,0
flow_20.106,37.0,4.0,0
flow_20.107,31.0,4.0,0
flow_30.110,84.0,4.5,0
flow_10.115,84.5,4.5,0
flow_30.111,83.0,3.5,0
flow_10.116,83.5,4.0,0
flow_30.112,81.5,3.5,0
flow_10.117,82.5,4.0,0
flow_30.113,80.0,3.5,0
flow_10.118,81.5,4.0,0
flow_30.114,74.5,3.5,0
flow_10.119,79.0,4.5,0
flow_30.115,60.0,4.0,0
flow_10.120,62.5,4.5,0
flow_30.116,57.0,4.0,0
flow_10.121,53.0,4.0,0
flow_20.108,35.0,4.5,0
flow_00.26,24.5,3.0,0
flow_20.109,36.0,4.5,0
flow_20.110,34.5,4.5,0
flow_30.117,84.0,4.5,0
flow_10.122,79.0,4.5,0
flow_30.118,83.0,4.0,0
flow_10.123,78.0,4.0,0
flow_10.124,76.5,4.0,0
flow_30.119,82.5,4.0,0
flow_30.120,82.0,4.0,0
flow_10.125,76.5,4.0,0
flow_30.121,79.0,4.0,0
flow_10.126,71.0,4.0,0
flow_10.127,61.0,4.0,0
flow_30.122,62.0,4.0,0
flow_10.128,58.5,4.5,0
flow_30.123,60.0,4.5,0
flow_20.111,42.0,4.0,0
flow_20.112,43.0,4.0,0
flow_20.113,41.5,4.0,0
flow_20.114,40.0,4.0,0
flow_20.115,39.5,4.0,0
flow_20.116,37.5,4.0,0
flow_20.117,37.5,4.5,0
flow_30.124,84.5,4.0,0
flow_10.129,85.0,4.5,0
flow_10.130,83.0,4.0,0
flow_30.125,84.0,4.0,0
flow_30.126,73.5,3.5,0
flow_10.131,70.5,4.0,0
flow_10.132,68.0,3.5,0
flow_30.127,64.0,4.0,0
flow_10.133,33.0,4.0,0
flow_30.128,55.5,4.0,0
flow_10.134,31.5,3.5,0
flow_30.129,54.0,4.0,0
flow_30.130,36.0,4.0,0
flow_10.135,30.5,4.0,0
flow_20.118,61.5,4.5,0
flow_00.27,48.0,4.5,0
flow_20.119,61.0,4.0,0
flow_20.120,53.5,4.0,0
flow_20.121,44.0,4.0,0
flow_20.122,38.0,4.0,0
flow_10.136,56.5,4.5,0
flow_30.131,55.0,4.5,0
flow_10.137,55.5,3.5,0
flow_30.132,48.5,4.0,0
flow_10.138,54.5,4.0,0
flow_30.133,47.5,4.0,0
flow_10.139,53.0,3.5,0
flow_30.134,47.0,4.0,0
flow_10.140,48.0,4.0,0
flow_30.135,46.0,4.5,0
flow_10.141,47.0,3.5,0
flow_30.136,44.5,4.0,0
flow_10.142,40.0,4.0,0
flow_30.137,44.5,4.5,0
flow_20.123,53.0,4.0,0
flow_00.28,51.0,4.5,0
flow_20.124,43.0,4.0,0
flow_00.29,24.5,3.0,0
flow_20.125,41.5,4.0,0
flow_20.126,36.5,4.0,0
flow_20.127,36.0,4.5,0
flow_20.128,34.0,4.0,0
flow_20.129,31.0,4.5,0
flow_30.138,67.0,4.0,0
flow_10.143,42.5,4.0,0
flow_30.139,50.5,3.5,0
flow_10.144,42.5,4.0,0
flow_30.140,47.0,3.5,0
flow_10.145,41.5,4.0,0
flow_30.141,46.0,4.0,0
flow_10.146,37.5,3.5,0
flow_10.147,36.5,4.0,0
flow_30.142,26.5,4.0,0
flow_10.148,27.0,4.0,0
flow_30.143,25.5,3.5,0
flow_10.149,25.0,3.0,0
flow_20.130,28.0,4.0,0
flow_00.30,32.5,4.5,0
flow_20.131,23.5,3.0,0
flow_00.31,25.5,3.5,0
flow_10.150,44.0,4.0,0
flow_30.144,54.0,4.5,0
flow_30.145,54.0,4.0,0
flow_10.151,27.5,4.0,0
flow_30.146,52.5,4.0,0
flow_30.147,51.0,4.0,0
flow_30.148,50.0,4.5,0
flow_30.149,39.5,4.5,0
flow_30.150,38.0,4.5,0
flow_20.132,53.0,4.5,0
flow_20.133,54.5,4.5,0
flow_20.134,53.5,4.5,0
flow_20.135,49.5,4.0,0
flow_20.136,44.5,4.0,0
flow_20.137,35.0,4.5,0
flow_20.138,33.5,4.0,0
flow_30.151,62.0,4.0,0
flow_10.152,44.5,4.5,0
flow_30.152,63.0,4.0,0
flow_10.153,36.5,4.0,0
flow_30.153,38.0,4.0,0
flow_30.154,36.5,4.5,0
flow_20.0,24.5,3.0,0
flow_00.0,24.0,3.0,0
flow_10.0,35.0,4.5,0
flow_10.1,33.5,3.5,0
flow_10.2,29.0,4.0,0
flow_10.3,27.5,3.5,0
flow_10.4,26.0,3.5,0
flow_10.5,26.0,3.5,0
flow_00.1,49.5,4.5,0
flow_20.1,53.5,4.5,0
flow_20.2,52.5,4.0,0
flow_00.2,41.0,4.0,0
flow_20.3,51.5,4.0,0
flow_00.3,27.5,4.0,0
flow_20.4,50.0,3.5,0
flow_20.5,49.0,4.0,0
flow_00.4,25.5,3.5,0
flow_00.5,24.5,3.0,0
flow_20.6,48.5,4.0,0
flow_20.7,40.0,4.0,0
flow_10.6,44.5,4.5,0
flow_10.7,39.5,4.0,0
flow_10.8,28.5,3.5,0
flow_10.9,27.0,4.0,0
flow_10.10,27.0,4.0,0
flow_10.11,25.5,3.0,0
flow_00.6,52.5,4.0,0
flow_20.8,61.0,4.5,0
flow_20.9,52.5,4.0,0
flow_00.7,46.0,4.0,0
flow_20.10,45.0,4.0,0
flow_00.8,37.0,4.0,0
flow_20.11,42.0,3.5,0
flow_00.9,36.0,4.0,0
flow_20.12,41.0,4.0,0
flow_00.10,34.5,4.0,0
flow_20.13,39.5,3.5,0
flow_00.11,33.0,3.5,0
flow_00.12,32.0,4.0,0
flow_20.14,33.0,4.0,0
flow_30.0,48.5,4.0,0
flow_10.12,51.5,4.5,0
flow_30.1,47.0,3.5,0
flow_10.13,47.0,4.0,0
flow_30.2,26.5,3.5,0
flow_10.14,42.0,3.5,0
flow_10.15,37.0,4.0,0
flow_30.3,27.0,3.5,0
flow_30.4,25.5,3.5,0
flow_10.16,35.0,4.0,0
flow_30.5,23.5,2.5,0
flow_20.15,49.0,4.5,0
flow_00.13,59.0,4.5,0
flow_00.14,55.5,4.0,0
flow_20.16,49.5,4.5,0
flow_20.17,44.0,4.0,0
flow_00.15,54.0,4.5,0
flow_20.18,42.0,4.0,0
flow_00.16,35.5,4.0,0
flow_20.19,37.5,4.0,0
flow_00.17,35.0,4.5,0
flow_00.18,34.0,4.5,0
flow_20.20,30.5,4.0,0
flow_00.19,32.0,4.0,0
flow_10.17,38.5,4.0,0
flow_30.6,34.0,4.5,0
flow_30.7,33.0,4.0,0
flow_10.18,34.5,4.0,0
flow_30.8,32.0,4.0,0
flow_10.19,24.0,3.0,0
flow_30.9,31.5,4.0,0
flow_30.10,28.0,4.0,0
flow_10.20,25.0,3.5,0
flow_30.11,27.0,4.0,0
flow_20.21,46.5,4.0,0
flow_00.20,47.0,4.5,0
flow_20.22,46.5,4.0,0
flow_00.21,45.0,4.0,0
flow_20.23,45.5,4.0,0
flow_00.22,26.0,3.5,0
flow_20.24,43.0,3.5,0
flow_00.23,27.0,3.5,0
flow_20.25,41.5,4.0,0
flow_20.26,29.0,3.5,0
flow_00.24,28.0,4.0,0
flow_20.27,28.0,4.0,0
flow_30.12,42.5,4.0,0
flow_10.21,53.0,4.5,0
flow_30.13,27.5,3.5,0
flow_10.22,52.0,4.0,0
flow_30.14,26.0,3.5,0
flow_30.15,25.0,3.5,0
flow_10.23,56.5,6.0,0
flow_10.24,55.0,5.5,0
flow_30.16,25.5,3.5,0
flow_10.25,36.0,5.0,0
flow_20.28,53.5,4.0,0
flow_20.29,54.5,4.0,0
flow_20.30,53.0,4.0,0
flow_20.31,46.5,4.0,0
flow_00.25,25.5,3.5,0
flow_20.32,46.0,4.5,0
flow_20.33,40.5,4.0,0
flow_20.34,40.0,4.5,0
flow_10.26,54.0,4.5,0
flow_30.17,51.0,4.0,0
flow_10.27,52.5,4.0,0
flow_30.18,46.5,3.5,0
flow_30.19,45.5,3.5,0
flow_10.28,28.5,3.5,0
flow_10.29,27.0,4.0,0
flow_30.20,44.5,4.0,0
flow_10.30,26.5,4.0,0
flow_30.21,41.0,4.0,0
flow_30.22,28.5,4.0,0
flow_00.26,54.0,4.5,0
flow_20.35,65.0,4.5,0
flow_20.36,64.0,4.0,0
flow_00.27,53.5,4.0,0
flow_00.28,51.0,4.0,0
flow_20.37,63.5,4.0,0
flow_20.38,61.5,4.0,0
flow_00.29,45.0,4.0,0
flow_20.39,60.5,4.0,0
flow_00.30,43.5,4.0,0
flow_00.31,42.0,3.5,0
flow_20.40,60.0,4.0,0
flow_00.32,41.0,4.0,0
flow_20.41,58.0,4.5,0
flow_10.31,45.5,4.0,0
flow_30.23,53.5,4.5,0
flow_30.24,52.0,4.0,0
flow_10.32,46.0,4.0,0
flow_30.25,47.5,4.0,0
flow_10.33,40.0,4.0,0
flow_10.34,38.5,3.5,0
flow_30.26,41.0,3.5,0
flow_30.27,39.5,4.0,0
flow_10.35,29.5,4.0,0
flow_10.36,29.0,4.5,0
flow_00.33,66.0,4.0,0
flow_20.42,83.0,4.5,0
flow_00.34,65.5,3.5,0
flow_20.43,63.0,4.0,0
flow_00.35,65.0,4.0,0
flow_20.44,62.0,4.0,0
flow_00.36,63.5,4.0,0
flow_20.45,61.5,4.0,0
flow_20.46,61.0,4.5,0
flow_00.37,56.0,4.5,0
flow_20.47,58.5,4.0,0
flow_00.38,54.5,4.0,0
flow_00.39,50.5,4.5,0
flow_20.48,59.0,5.0,0
flow_10.37,33.5,4.0,0
flow_30.28,28.0,4.0,0
flow_30.29,23.5,3.0,0
flow_10.38,33.5,4.0,0
flow_10.39,31.0,4.0,0
flow_10.40,26.0,3.5,0
flow_30.30,26.5,3.5,0
flow_00.40,74.0,4.5,0
flow_20.49,79.5,4.5,0
flow_00.41,47.0,4.0,0
flow_20.50,71.5,4.5,0
flow_00.42,38.0,4.0,0
flow_20.51,70.5,5.0,0
flow_00.43,37.0,4.0,0
flow_00.44,36.0,4.0,0
flow_20.52,70.5,5.5,0
flow_20.53,62.5,5.0,0
flow_20.54,61.0,5.0,0
flow_10.41,42.0,4.5,0
flow_30.31,53.5,4.5,0
flow_10.42,30.0,3.5,0
flow_10.43,29.5,4.0,0
flow_10.44,28.0,4.0,0
flow_30.32,25.0,3.5,0
flow_10.45,23.5,3.0,0
flow_00.45,49.5,4.0,0
flow_20.55,76.0,4.5,0
flow_20.56,75.0,3.5,0
flow_00.46,50.0,4.0,0
flow_20.57,59.5,3.5,0
flow_00.47,41.0,4.0,0
flow_20.58,51.5,3.5,0
flow_00.48,40.5,4.0,0
flow_00.49,29.5,4.0,0
flow_20.59,46.0,4.0,0
flow_20.60,44.0,4.0,0
flow_20.61,41.5,4.0,0
flow_00.50,27.0,4.0,0
flow_30.33,53.5,4.5,0
flow_10.46,42.5,4.5,0
flow_30.34,29.0,3.5,0
flow_10.47,42.0,4.0,0
flow_30.35,28.0,4.0,0
flow_10.48,29.5,3.5,0
flow_30.36,26.5,3.5,0
flow_30.37,26.0,3.5,0
flow_20.62,67.5,4.5,0
flow_00.51,52.0,4.5,0
flow_00.52,51.5,4.0,0
flow_20.63,67.5,4.0,0
flow_00.53,52.0,4.5,0
flow_20.64,69.5,5.0,0
flow_00.54,50.5,4.0,0
flow_20.65,68.0,5.0,0
flow_00.55,36.0,4.0,0
flow_20.66,66.0,4.5,0
flow_00.56,34.5,4.0,0
flow_20.67,63.0,4.5,0
flow_00.57,33.5,4.0,0
flow_20.68,60.5,4.5,0
flow_10.49,49.0,4.0,0
flow_30.38,43.5,4.5,0
flow_10.50,42.5,4.0,0
flow_10.51,41.5,3.5,0
flow_10.52,38.5,4.0,0
flow_10.53,30.5,4.5,0
flow_30.39,25.0,3.0,0
flow_20.69,83.5,4.0,0
flow_00.58,59.0,4.5,0
flow_20.70,83.0,3.5,0
flow_00.59,58.5,4.0,0
flow_20.71,81.5,3.5,0
flow_00.60,56.5,4.0,0
flow_20.72,81.0,3.5,0
flow_00.61,55.5,4.0,0
flow_00.62,54.5,4.5,0
flow_20.73,76.5,4.5,0
flow_00.63,53.0,4.0,0
flow_20.74,63.5,5.0,0
flow_00.64,51.5,4.0,0
flow_20.75,60.0,4.5,0
flow_30.40,46.5,4.0,0
flow_10.54,49.5,4.5,0
flow_10.55,39.0,3.5,0
flow_30.41,34.0,4.0,0
flow_10.56,38.5,3.5,0
flow_30.42,24.5,3.0,0
flow_10.57,37.5,4.0,0
flow_10.58,36.0,3.5,0
flow_30.43,25.5,3.0,0
flow_10.59,34.0,4.0,0
flow_30.44,24.5,3.0,0
flow_10.60,30.0,4.5,0
flow_00.65,76.0,4.5,0
flow_20.76,84.5,4.5,0
flow_20.77,82.5,4.0,0
flow_00.66,76.0,4.0,0
flow_20.78,82.0,4.0,0
flow_00.67,74.5,4.0,0
flow_20.79,80.0,3.5,0
flow_00.68,66.0,3.5,0
flow_20.80,67.0,4.0,0
flow_00.69,64.0,4.0,0
flow_00.70,58.0,3.5,0
flow_20.81,55.5,4.0,0
flow_20.82,52.0,4.0,0
flow_00.71,57.0,4.0,0
flow_30.45,42.0,4.0,0
flow_10.61,40.5,4.5,0
flow_30.46,36.5,3.5,0
flow_10.62,40.5,4.0,0
flow_10.63,39.0,4.0,0
flow_10.64,38.0,3.5,0
flow_10.65,40.0,5.0,0
flow_30.47,25.0,3.0,0
flow_10.66,34.5,4.5,0
flow_10.67,28.0,4.5,0
flow_00.72,79.0,4.0,0
flow_20.83,79.0,4.5,0
flow_00.73,78.0,3.5,0
flow_20.84,78.0,4.0,0
flow_00.74,71.0,3.5,0
flow_20.85,62.5,4.0,0
flow_00.75,65.5,4.0,0
flow_20.86,55.0,4.0,0
flow_00.76,61.5,4.0,0
flow_20.87,53.5,4.5,0
flow_00.77,52.5,3.5,0
flow_20.88,49.0,4.0,0
flow_00.78,51.5,4.0,0
flow_20.89,47.5,4.5,0
flow_10.68,48.0,4.0,0
flow_10.69,42.5,4.0,0
flow_10.70,38.5,4.0,0
flow_10.71,38.5,4.0,0
flow_10.72,30.5,4.5,0
flow_10.73,24.5,3.0,0
flow_20.90,73.0,4.5,0
flow_00.79,64.5,4.5,0
flow_00.80,62.5,4.0,0
flow_20.91,65.0,4.0,0
flow_00.81,61.5,4.0,0
flow_20.92,63.5,4.0,0
flow_00.82,61.0,4.0,0
flow_20.93,59.0,4.0,0
flow_00.83,50.5,4.0,0
flow_20.94,58.5,4.5,0
flow_00.84,35.5,4.0,0
flow_20.95,55.5,4.0,0
flow_20.96,50.0,4.5,0
flow_00.85,28.5,4.5,0
flow_10.74,44.5,4.0,0
flow_30.48,34.0,4.0,0
flow_10.75,43.5,3.5,0
flow_30.49,32.0,5.0,0
flow_10.76,44.5,4.0,0
flow_30.50,30.5,4.5,0
flow_10.77,43.0,4.5,0
flow_10.78,39.5,4.5,0
flow_10.79,37.5,4.0,0
flow_10.80,36.5,4.5,0
flow_00.86,41.0,4.0,0
flow_20.97,75.5,4.0,0
flow_20.98,67.5,4.0,0
flow_20.99,66.0,3.5,0
flow_00.87,25.5,3.5,0
flow_20.100,65.5,4.0,0
flow_00.88,25.0,3.5,0
flow_20.101,63.5,3.5,0
flow_20.102,60.0,4.0,0
flow_20.103,57.5,4.0,0
flow_10.81,61.5,4.5,0
flow_10.82,63.0,4.5,0
flow_10.83,61.0,4.5,0
flow_30.51,24.5,3.0,0
flow_10.84,59.5,4.0,0
flow_10.85,56.0,3.5,0
flow_10.86,51.5,3.5,0
flow_30.52,25.0,3.5,0
flow_10.87,39.0,4.0,0
flow_00.89,29.5,4.0,0
flow_20.104,84.0,4.5,0
flow_20.105,83.0,4.0,0
flow_20.106,82.5,4.0,0
flow_20.107,81.0,3.5,0
flow_20.108,79.0,4.0,0
flow_20.109,61.0,4.0,0
flow_20.110,59.0,4.0,0
flow_30.53,53.0,4.0,0
flow_10.88,67.0,5.0,0
flow_30.54,41.5,4.0,0
flow_10.89,65.5,4.0,0
flow_10.90,64.5,4.0,0
flow_10.91,25.5,3.5,0
flow_10.92,24.5,3.0,0
flow_20.111,84.5,4.5,0
flow_00.90,42.5,4.5,0
flow_20.112,83.0,4.0,0
flow_00.91,42.0,4.0,0
flow_00.92,32.0,4.0,0
flow_20.113,83.5,4.0,0
flow_20.114,81.5,4.0,0
flow_00.93,32.0,4.5,0
flow_00.94,28.5,4.0,0
flow_20.115,80.5,4.5,0
flow_20.116,61.5,4.0,0
flow_00.95,28.0,4.0,0
flow_20.117,58.5,4.0,0
flow_30.55,45.5,4.0,0
flow_10.93,53.0,4.5,0
flow_30.56,27.5,3.5,0
flow_10.94,48.5,4.0,0
flow_30.57,26.0,3.5,0
flow_10.95,45.5,4.0,0
flow_10.96,42.5,4.0,0
flow_10.97,26.0,3.5,0
flow_30.58,25.5,3.5,0
flow_10.98,25.0,3.5,0
flow_00.96,45.5,4.0,0
flow_20.118,84.0,4.5,0
flow_20.119,82.5,3.5,0
flow_00.97,42.0,3.5,0
flow_00.98,40.5,4.0,0
flow_20.120,83.0,4.0,0
flow_20.121,82.0,4.0,0
flow_20.122,79.5,4.0,0
flow_20.123,61.5,4.0,0
flow_20.124,59.0,4.5,0
flow_10.99,46.5,4.0,0
flow_30.59,44.0,4.0,0
flow_10.100,28.0,3.5,0
flow_30.60,39.0,4.0,0
flow_10.101,23.5,3.0,0
flow_30.61,37.5,4.0,0
flow_30.62,28.5,4.5,0
flow_30.63,25.5,3.5,0
flow_10.102,23.5,3.0,0
flow_20.125,84.0,4.5,0
flow_00.99,52.0,4.5,0
flow_20.126,83.0,4.0,0
flow_00.100,37.0,4.0,0
flow_20.127,82.5,4.0,0
flow_00.101,36.5,4.0,0
flow_20.128,81.5,4.0,0
flow_00.102,35.5,4.0,0
flow_00.103,29.5,4.0,0
flow_20.129,79.5,4.5,0
flow_00.104,28.5,4.0,0
flow_20.130,61.0,4.0,0
flow_00.105,28.0,4.5,0
flow_20.131,59.5,4.5,0
flow_30.64,53.5,4.0,0
flow_10.103,46.5,4.5,0
flow_30.65,35.0,3.5,0
flow_10.104,29.5,4.0,0
flow_30.66,37.0,4.5,0
flow_30.67,35.0,4.0,0
flow_30.68,26.0,3.5,0
flow_00.106,52.0,4.0,0
flow_20.132,84.5,4.5,0
flow_00.107,52.0,3.5,0
flow_20.133,83.0,4.0,0
flow_20.134,82.5,4.0,0
flow_00.108,50.0,4.0,0
flow_20.135,81.5,4.0,0
flow_00.109,48.5,4.0,0
flow_20.136,79.0,4.0,0
flow_00.110,43.0,4.0,0
flow_20.137,61.0,4.0,0
flow_00.111,37.5,4.0,0
flow_00.112,35.5,4.0,0
flow_20.138,59.0,4.5,0
flow_10.105,52.5,4.5,0
flow_30.69,56.5,5.0,0
flow_10.106,53.0,4.0,0
flow_30.70,38.5,4.0,0
flow_10.107,52.5,4.0,0
flow_30.71,38.0,4.0,0
flow_10.108,51.0,4.0,0
flow_10.109,41.5,4.0,0
flow_10.110,40.5,4.0,0
flow_10.111,37.0,4.0,0
flow_00.113,54.5,4.0,0
flow_20.139,84.0,4.5,0
flow_20.140,83.0,4.0,0
flow_00.114,51.0,4.0,0
flow_20.141,81.5,4.0,0
flow_00.115,50.0,4.0,0
flow_20.142,80.0,3.5,0
flow_00.116,49.5,4.0,0
flow_00.117,48.0,4.0,0
flow_20.143,79.5,4.0,0
flow_20.144,61.0,4.5,0
flow_00.118,47.0,4.0,0
flow_20.145,58.0,4.0,0
flow_00.119,45.0,4.0,0
flow_10.112,59.5,4.0,0
flow_30.72,53.5,4.0,0
flow_10.113,57.5,4.0,0
flow_30.73,54.0,4.0,0
flow_10.114,56.5,4.0,0
flow_30.74,30.0,4.0,0
flow_10.115,46.5,4.0,0
flow_10.116,45.0,4.0,0
flow_10.117,44.0,4.5,0
flow_30.75,26.0,3.5,0
flow_10.118,37.5,4.0,0
flow_20.146,84.0,4.5,0
flow_00.120,71.0,4.5,0
flow_00.121,70.0,3.5,0
flow_20.147,83.5,4.0,0
flow_00.122,70.0,4.0,0
flow_20.148,83.0,4.0,0
flow_00.123,68.0,3.5,0
flow_20.149,82.0,4.0,0
flow_00.124,66.5,4.0,0
flow_20.150,79.5,4.0,0
flow_20.151,61.0,4.0,0
flow_00.125,61.0,4.0,0
flow_00.126,50.5,4.0,0
flow_20.152,59.0,4.5,0
flow_30.76,44.0,4.0,0
flow_10.119,63.5,4.5,0
flow_10.120,59.5,4.0,0
flow_30.77,45.0,4.0,0
flow_10.121,54.0,3.5,0
flow_30.78,44.0,4.0,0
flow_30.79,35.0,4.0,0
flow_10.122,43.0,4.5,0
flow_10.123,40.5,4.5,0
flow_30.80,33.5,4.0,0
flow_10.124,24.5,3.0,0
flow_30.81,33.0,4.5,0
flow_00.127,69.0,4.5,0
flow_20.153,85.5,4.5,0
flow_20.154,84.0,4.0,0
flow_00.128,69.5,4.0,0
flow_20.155,82.5,4.0,0
flow_00.129,60.5,4.5,0
flow_20.156,81.5,3.5,0
flow_00.130,50.5,4.0,0
flow_20.157,80.0,4.0,0
flow_00.131,49.5,4.5,0
flow_20.158,60.5,3.5,0
flow_00.132,47.5,4.0,0
flow_20.159,58.5,4.0,0
flow_00.133,46.5,4.5,0
flow_10.125,49.0,4.5,0
flow_30.82,43.5,5.0,0
flow_10.126,41.0,3.5,0
flow_30.83,41.0,4.5,0
flow_10.127,34.5,3.5,0
flow_10.128,33.5,3.5,0
flow_30.84,25.5,3.5,0
flow_10.129,32.5,4.0,0
flow_10.130,31.5,4.0,0
flow_30.85,25.5,3.5,0
flow_10.131,30.5,4.0,0
flow_20.160,83.0,4.0,0
flow_00.134,72.0,4.5,0
flow_20.161,82.5,3.5,0
flow_00.135,71.0,4.0,0
flow_00.136,70.5,4.0,0
flow_20.162,83.5,4.0,0
flow_00.137,69.5,4.0,0
flow_20.163,82.5,4.0,0
flow_00.138,67.0,4.0,0
flow_20.164,80.0,4.5,0
flow_00.139,60.5,4.0,0
flow_20.165,61.0,4.0,0
flow_00.140,52.0,4.0,0
flow_20.166,59.0,4.5,0
flow_30.86,53.5,4.0,0
flow_10.132,57.0,4.5,0
flow_10.133,56.0,4.0,0
flow_10.134,55.0,4.0,0
flow_10.135,54.0,4.0,0
flow_00.0,23.5,3.0,0
flow_20.0,24.0,3.0,0
flow_30.0,34.0,4.0,0
flow_10.0,26.5,3.5,0
flow_30.1,24.5,3.0,0
flow_30.2,25.0,3.5,0
flow_00.1,54.5,4.5,0
flow_20.1,52.0,4.5,0
flow_20.2,51.5,4.0,0
flow_00.2,54.5,4.5,0
flow_20.3,46.0,4.0,0
flow_00.3,45.0,4.0,0
flow_20.4,44.5,4.0,0
flow_00.4,44.0,4.0,0
flow_00.5,30.0,4.5,0
flow_20.5,43.0,4.5,0
flow_00.6,28.5,4.0,0
flow_20.6,25.0,3.0,0
flow_00.7,27.5,4.0,0
flow_30.3,51.0,4.0,0
flow_10.1,41.5,4.5,0
flow_10.2,40.0,3.5,0
flow_30.4,36.5,4.0,0
flow_30.5,24.0,2.5,0
flow_00.8,52.5,4.0,0
flow_20.7,54.0,4.5,0
flow_00.9,48.0,4.0,0
flow_20.8,47.0,4.0,0
flow_00.10,39.0,4.0,0
flow_20.9,47.0,4.5,0
flow_00.11,39.0,4.0,0
flow_20.10,27.5,4.0,0
flow_00.12,37.0,4.0,0
flow_20.11,25.0,3.5,0
flow_00.13,36.5,4.0,0
flow_20.12,26.5,3.5,0
flow_00.14,35.0,4.0,0
flow_10.3,33.0,4.0,0
flow_30.6,51.0,4.5,0
flow_30.7,51.0,4.0,0
flow_30.8,50.0,4.0,0
flow_30.9,48.5,3.5,0
flow_30.10,47.0,4.0,0
flow_30.11,46.5,4.5,0
flow_30.12,45.0,4.0,0
flow_00.15,59.0,4.0,0
flow_20.13,55.0,5.0,0
flow_00.16,60.0,4.0,0
flow_20.14,53.0,4.0,0
flow_00.17,44.0,4.0,0
flow_20.15,51.5,4.0,0
flow_00.18,39.0,4.0,0
flow_20.16,50.0,4.0,0
flow_20.17,49.0,4.0,0
flow_00.19,38.5,4.5,0
flow_00.20,36.5,4.5,0
flow_20.18,48.0,4.0,0
flow_00.21,31.0,4.0,0
flow_20.19,46.0,4.5,0
flow_10.4,25.5,3.0,0
flow_30.13,71.5,4.5,0
flow_30.14,70.0,4.0,0
flow_30.15,68.5,3.5,0
flow_10.5,26.5,3.5,0
flow_30.16,67.5,4.0,0
flow_30.17,66.0,3.5,0
flow_30.18,60.0,4.0,0
flow_30.19,58.0,4.5,0
flow_00.22,56.0,4.0,0
flow_20.20,72.0,4.5,0
flow_00.23,56.0,3.5,0
flow_20.21,71.5,4.0,0
flow_20.22,70.5,4.0,0
flow_20.23,68.5,3.5,0
flow_20.24,68.5,4.5,0
flow_20.25,61.5,4.0,0
flow_20.26,59.0,5.0,0
flow_30.20,85.5,4.5,0
flow_10.6,37.5,5.0,0
flow_30.21,84.0,4.5,0
flow_30.22,83.0,4.0,0
flow_30.23,81.5,4.0,0
flow_30.24,79.0,3.5,0
flow_30.25,61.0,4.0,0
flow_30.26,58.5,4.0,0
flow_20.27,82.5,4.0,0
flow_00.24,54.5,4.5,0
flow_00.25,47.5,3.5,0
flow_20.28,82.5,4.0,0
flow_20.29,74.0,4.0,0
flow_00.26,46.0,3.5,0
flow_20.30,72.0,3.5,0
flow_00.27,43.0,3.5,0
flow_20.31,71.5,4.0,0
flow_20.32,61.0,3.5,0
flow_20.33,58.0,4.0,0
flow_30.27,84.0,4.5,0
flow_30.28,84.0,4.0,0
flow_30.29,83.0,4.0,0
flow_30.30,81.0,4.0,0
flow_30.31,79.0,4.0,0
flow_30.32,59.5,4.5,0
flow_30.33,57.5,4.0,0
flow_20.34,84.5,4.5,0
flow_00.28,52.0,4.5,0
flow_00.29,50.5,4.0,0
flow_20.35,85.0,4.5,0
flow_00.30,34.5,3.5,0
flow_20.36,84.0,4.5,0
flow_00.31,33.5,4.0,0
flow_20.37,82.5,4.5,0
flow_20.38,80.5,4.0,0
flow_20.39,61.5,4.5,0
flow_20.40,59.5,4.5,0
flow_30.34,83.0,4.5,0
flow_10.7,32.5,4.0,0
flow_30.35,82.0,3.5,0
flow_10.8,27.0,3.5,0
flow_10.9,25.5,3.5,0
flow_30.36,82.0,4.0,0
flow_30.37,80.0,3.5,0
flow_30.38,79.0,4.0,0
flow_30.39,56.5,4.0,0
flow_10.10,24.5,3.0,0
flow_30.40,54.5,4.0,0
flow_00.32,44.5,4.5,0
flow_20.41,85.5,4.5,0
flow_00.33,44.0,4.0,0
flow_20.42,84.5,4.5,0
flow_00.34,42.5,3.5,0
flow_20.43,83.5,4.5,0
flow_00.35,42.5,3.5,0
flow_20.44,81.5,4.0,0
flow_20.45,79.0,3.5,0
flow_00.36,32.5,4.0,0
flow_20.46,60.5,3.5,0
flow_00.37,30.5,4.5,0
flow_20.47,58.5,4.0,0
flow_10.11,30.0,4.0,0
flow_30.41,81.5,4.5,0
flow_30.42,80.0,4.0,0
flow_30.43,79.0,3.5,0
flow_30.44,76.5,4.0,0
flow_30.45,75.0,4.0,0
flow_30.46,60.5,4.0,0
flow_30.47,58.5,4.0,0
flow_00.38,43.5,4.5,0
flow_20.48,86.5,5.0,0
flow_00.39,42.0,4.0,0
flow_20.49,84.0,4.0,0
flow_00.40,41.0,4.0,0
flow_20.50,82.5,4.0,0
flow_20.51,81.0,3.5,0
flow_00.41,40.0,4.0,0
flow_20.52,78.5,4.0,0
flow_00.42,38.5,4.0,0
flow_00.43,37.5,4.5,0
flow_20.53,61.0,3.5,0
flow_20.54,58.0,4.0,0
flow_00.44,34.5,4.0,0
flow_30.48,84.0,4.5,0
flow_10.12,33.5,4.0,0
flow_30.49,83.5,4.0,0
flow_30.50,83.0,4.0,0
flow_30.51,81.5,4.0,0
flow_30.52,80.0,4.5,0
flow_30.53,60.5,4.0,0
flow_30.54,59.5,4.5,0
flow_20.55,84.0,4.5,0
flow_00.45,50.0,4.5,0
flow_20.56,83.0,4.0,0
flow_00.46,47.5,4.0,0
flow_00.47,46.0,4.0,0
flow_20.57,82.5,4.0,0
flow_00.48,40.5,3.5,0
flow_20.58,81.5,4.0,0
flow_00.49,29.0,4.0,0
flow_20.59,79.0,4.0,0
flow_00.50,28.0,4.0,0
flow_20.60,61.0,4.0,0
flow_20.61,58.5,4.0,0
flow_30.55,83.0,4.0,0
flow_10.13,43.0,4.5,0
flow_30.56,65.5,4.0,0
flow_30.57,64.0,3.5,0
flow_30.58,51.0,4.0,0
flow_30.59,40.0,3.5,0
flow_30.60,36.0,4.0,0
flow_30.61,34.5,4.5,0
flow_00.51,51.5,4.5,0
flow_20.62,84.5,4.5,0
flow_20.63,83.0,4.0,0
flow_00.52,51.5,4.0,0
flow_20.64,82.0,4.0,0
flow_00.53,39.5,4.0,0
flow_00.54,30.5,4.0,0
flow_20.65,81.5,4.0,0
flow_20.66,72.0,4.0,0
flow_20.67,61.0,4.0,0
flow_20.68,58.0,4.0,0
flow_10.14,38.5,4.0,0
flow_30.62,53.0,4.5,0
flow_30.63,51.5,4.5,0
flow_30.64,48.5,3.5,0
flow_30.65,47.0,4.0,0
flow_30.66,37.0,3.5,0
flow_10.15,23.0,2.5,0
flow_30.67,35.5,3.5,0
flow_30.68,34.5,4.0,0
flow_20.69,84.0,4.5,0
flow_00.55,48.5,4.0,0
flow_20.70,81.0,4.0,0
flow_00.56,48.0,4.0,0
flow_00.57,46.5,4.0,0
flow_20.71,81.0,4.0,0
flow_00.58,42.5,3.5,0
flow_20.72,79.5,4.0,0
flow_00.59,41.5,4.0,0
flow_20.73,78.0,4.5,0
flow_00.60,40.0,3.5,0
flow_20.74,61.0,4.0,0
flow_00.61,38.5,3.5,0
flow_20.75,58.5,4.0,0
flow_30.69,60.5,4.0,0
flow_10.16,49.0,4.5,0
flow_30.70,61.0,4.5,0
flow_30.71,45.0,4.0,0
flow_30.72,44.0,4.5,0
flow_30.73,42.0,4.0,0
flow_10.17,24.5,3.0,0
flow_30.74,40.5,4.5,0
flow_30.75,39.5,4.0,0
flow_20.76,84.0,4.5,0
flow_00.62,62.5,4.0,0
flow_20.77,83.0,4.0,0
flow_00.63,62.0,4.0,0
flow_00.64,61.0,3.5,0
flow_20.78,82.5,4.0,0
flow_20.79,81.5,4.0,0
flow_00.65,61.5,4.0,0
flow_20.80,79.5,4.0,0
flow_00.66,60.0,4.0,0
flow_20.81,61.0,4.0,0
flow_00.67,56.0,4.5,0
flow_20.82,59.0,4.5,0
flow_00.68,37.5,4.0,0
flow_30.76,53.0,4.0,0
flow_10.18,48.5,4.0,0
flow_30.77,38.0,3.5,0
flow_10.19,24.5,3.0,0
flow_30.78,24.5,3.0,0
flow_20.83,83.5,4.0,0
flow_00.69,63.5,4.5,0
flow_20.84,83.0,4.0,0
flow_00.70,52.5,4.0,0
flow_20.85,83.5,4.5,0
flow_00.71,43.5,4.5,0
flow_20.86,82.0,4.0,0
flow_00.72,37.5,4.0,0
flow_20.87,79.5,4.0,0
flow_00.73,36.0,4.0,0
flow_20.88,61.5,4.0,0
flow_00.74,34.5,4.0,0
flow_20.89,60.5,4.5,0
flow_10.20,50.5,4.5,0
flow_30.79,53.0,4.5,0
flow_30.80,39.5,3.5,0
flow_10.21,44.5,4.5,0
flow_30.81,38.0,3.5,0
flow_10.22,36.0,4.0,0
flow_30.82,36.0,4.0,0
flow_30.83,34.5,3.5,0
flow_30.84,32.0,3.5,0
flow_30.85,30.5,4.0,0
flow_00.75,49.5,4.0,0
flow_20.90,85.0,4.5,0
flow_00.76,38.5,3.5,0
flow_00.77,27.5,4.0,0
flow_20.91,86.0,4.5,0
flow_20.92,84.0,4.5,0
flow_00.78,25.5,3.5,0
flow_20.93,83.5,4.5,0
flow_20.94,80.5,4.5,0
flow_00.79,25.5,3.0,0
flow_20.95,62.0,4.0,0
flow_00.80,25.5,3.0,0
flow_20.96,59.0,4.5,0
flow_10.23,52.5,4.5,0
flow_30.86,58.0,4.5,0
flow_30.87,56.5,3.5,0
flow_10.24,39.5,4.5,0
flow_30.88,56.0,4.0,0
flow_10.25,28.5,4.0,0
flow_30.89,56.0,4.5,0
flow_10.26,24.5,3.0,0
flow_30.90,55.5,4.5,0
flow_30.91,53.5,4.5,0
flow_30.92,51.5,4.5,0
flow_00.81,50.5,4.0,0
flow_20.97,84.5,4.5,0
flow_20.98,83.5,4.0,0
flow_00.82,52.0,4.0,0
flow_20.99,82.5,4.0,0
flow_00.83,51.0,4.0,0
flow_20.100,81.5,4.0,0
flow_00.84,49.5,4.0,0
flow_20.101,79.5,4.0,0
flow_00.85,48.0,4.0,0
flow_20.102,60.5,4.0,0
flow_00.86,45.5,4.0,0
flow_20.103,58.0,4.0,0
flow_00.87,35.0,4.0,0
flow_30.93,75.5,4.0,0
flow_30.94,75.5,4.0,0
flow_10.27,24.0,3.0,0
flow_30.95,73.5,3.5,0
flow_30.96,58.0,3.5,0
flow_30.97,57.0,4.0,0
flow_30.98,43.0,3.5,0
flow_30.99,39.0,4.0,0
flow_00.88,60.0,4.5,0
flow_20.104,84.5,4.5,0
flow_20.105,83.5,4.0,0
flow_00.89,56.5,4.0,0
flow_00.90,55.0,4.0,0
flow_20.106,82.5,4.0,0
flow_20.107,81.0,3.5,0
flow_00.91,54.0,3.5,0
flow_00.92,47.5,4.5,0
flow_20.108,80.5,4.5,0
flow_20.109,61.5,4.5,0
flow_00.93,39.5,4.0,0
flow_00.94,27.0,4.0,0
flow_20.110,59.0,4.5,0
flow_30.100,60.0,4.0,0
flow_10.28,43.0,4.5,0
flow_30.101,59.5,3.5,0
flow_30.102,50.0,3.5,0
flow_30.103,44.5,4.0,0
flow_30.104,43.5,4.0,0
flow_30.105,42.5,4.0,0
flow_30.106,41.0,4.0,0
flow_20.111,83.0,4.0,0
flow_00.95,49.0,4.0,0
flow_00.96,48.5,3.5,0
flow_20.112,82.5,3.5,0
flow_00.97,44.5,3.5,0
flow_20.113,82.5,4.0,0
flow_00.98,42.0,3.5,0
flow_20.114,80.5,3.5,0
flow_00.99,41.0,4.0,0
flow_20.115,79.0,4.0,0
flow_00.100,35.5,4.0,0
flow_20.116,61.0,4.0,0
flow_00.101,34.5,4.5,0
flow_20.117,58.0,4.0,0
flow_30.107,66.0,4.0,0
flow_10.29,30.0,4.0,0
flow_30.108,65.5,4.0,0
flow_30.109,51.5,4.0,0
flow_30.110,51.5,4.0,0
flow_30.111,37.5,4.0,0
flow_30.112,25.5,3.5,0
flow_00.102,60.0,4.0,0
flow_20.118,84.0,4.5,0
flow_20.119,83.0,4.0,0
flow_00.103,60.0,4.0,0
flow_20.120,82.5,4.0,0
flow_00.104,57.5,4.0,0
flow_00.105,55.0,3.5,0
flow_20.121,82.0,4.0,0
flow_00.106,40.0,4.0,0
flow_20.122,80.0,4.5,0
flow_20.123,61.5,4.0,0
flow_00.107,25.0,3.5,0
flow_20.124,58.5,4.5,0
flow_30.113,53.5,4.0,0
flow_30.114,41.5,4.5,0
flow_30.115,36.5,3.5,0
flow_30.116,26.5,4.0,0
flow_30.117,24.0,2.5,0
flow_00.108,52.5,4.5,0
flow_20.125,85.0,4.5,0
flow_20.126,83.5,4.0,0
flow_00.109,51.5,4.0,0
flow_20.127,82.5,4.0,0
flow_00.110,37.5,4.0,0
flow_20.128,81.5,4.0,0
flow_00.111,32.5,4.0,0
flow_20.129,79.5,4.0,0
flow_20.130,61.5,4.0,0
flow_20.131,58.0,4.0,0
flow_30.118,41.0,4.0,0
flow_10.30,24.5,3.0,0
flow_30.119,41.0,4.0,0
flow_10.31,26.0,3.5,0
flow_30.120,37.5,3.5,0
flow_30.121,36.0,4.0,0
flow_30.122,27.0,3.5,0
flow_30.123,25.5,3.5,0
flow_20.132,84.0,4.5,0
flow_00.112,52.0,4.5,0
flow_20.133,83.5,4.0,0
flow_00.113,50.5,4.0,0
flow_20.134,83.0,4.0,0
flow_00.114,39.0,4.0,0
flow_00.115,38.5,4.0,0
flow_20.135,83.0,4.5,0
flow_20.136,80.5,4.0,0
flow_00.116,25.0,3.5,0
flow_20.137,62.0,4.5,0
flow_20.138,59.0,4.0,0
flow_30.124,39.0,4.5,0
flow_10.32,43.0,4.5,0
flow_30.125,37.5,3.5,0
flow_10.33,40.5,4.0,0
flow_30.126,37.0,3.5,0
flow_30.127,35.5,4.0,0
flow_30.128,25.5,3.0,0
flow_30.129,25.5,3.0,0
flow_20.139,84.0,4.5,0
flow_00.117,54.5,4.5,0
flow_20.140,83.5,4.0,0
flow_00.118,53.0,4.0,0
flow_20.141,82.0,4.0,0
flow_00.119,52.5,4.0,0
flow_20.142,81.0,3.5,0
flow_00.120,50.0,4.0,0
flow_20.143,79.0,4.0,0
flow_00.121,46.5,4.0,0
flow_20.144,60.5,3.5,0
flow_00.122,37.0,4.0,0
flow_20.145,57.5,4.0,0
flow_00.123,29.0,4.5,0
flow_30.130,49.0,4.0,0
flow_10.34,32.5,4.0,0
flow_30.131,46.0,3.5,0
flow_10.35,28.0,4.0,0
flow_30.132,42.5,3.5,0
flow_10.36,25.5,3.5,0
flow_30.133,25.5,3.5,0
flow_30.134,24.0,3.0,0
flow_20.146,83.5,4.0,0
flow_00.124,48.0,4.5,0
flow_20.147,83.0,4.0,0
flow_00.125,48.0,4.0,0
flow_20.148,82.5,4.0,0
flow_00.126,47.0,4.0,0
flow_20.149,81.5,4.0,0
flow_00.127,45.5,4.0,0
flow_20.150,79.0,4.0,0
flow_00.128,44.0,4.0,0
flow_20.151,61.0,4.0,0
flow_00.129,42.5,4.0,0
flow_20.152,58.5,4.5,0
flow_30.135,48.0,4.0,0
flow_10.37,44.5,4.5,0
flow_30.136,44.5,3.5,0
flow_30.137,28.0,4.0,0
flow_30.138,28.0,4.0,0
flow_30.139,27.0,4.0,0
flow_30.140,26.0,3.5,0
flow_20.153,84.0,4.5,0
flow_00.130,47.5,4.5,0
flow_20.154,83.0,4.0,0
flow_00.131,48.0,4.0,0
flow_20.155,82.0,4.0,0
flow_00.132,46.5,4.0,0
flow_00.133,45.0,3.5,0
flow_20.156,81.5,4.0,0
flow_20.157,79.5,4.5,0
flow_00.134,45.5,4.5,0
flow_00.135,43.0,4.0,0
flow_20.158,62.0,4.5,0
flow_00.136,37.5,4.5,0
flow_20.159,59.0,4.5,0
flow_10.38,51.5,4.0,0
flow_30.141,52.5,4.5,0
flow_30.142,51.5,4.0,0
flow_30.143,51.0,4.0,0
flow_30.144,49.0,3.5,0
flow_30.145,48.0,3.5,0
flow_30.146,46.5,4.0,0
flow_10.39,27.0,4.0,0
flow_30.147,45.5,4.0,0
flow_20.160,83.5,4.0,0
flow_00.137,58.5,4.0,0
flow_00.138,57.5,3.5,0
flow_20.161,83.5,4.0,0
flow_00.139,48.0,3.5,0
flow_20.162,82.0,4.0,0
flow_20.163,80.5,3.5,0
flow_00.140,29.5,4.0,0
flow_20.164,79.5,4.0,0
flow_00.141,28.0,4.0,0
flow_20.165,61.0,4.0,0
flow_20.166,58.0,4.0,0
flow_30.148,71.0,4.5,0
flow_10.40,53.0,4.0,0
flow_30.149,70.0,4.0,0
flow_30.150,64.0,4.0,0
flow_30.151,59.5,3.5,0
flow_10.0,36.0,4.5,0
flow_10.1,25.0,3.0,0
flow_00.0,37.0,4.5,0
flow_20.0,53.5,4.5,0
flow_20.1,52.5,4.0,0
flow_00.1,37.5,4.0,0
flow_20.2,52.0,4.0,0
flow_00.2,36.5,4.0,0
flow_20.3,51.0,4.0,0
flow_00.3,30.0,4.0,0
flow_20.4,37.0,4.0,0
flow_00.4,28.0,4.0,0
flow_20.5,27.0,4.0,0
flow_00.5,27.0,4.0,0
flow_10.2,49.5,4.0,0
flow_30.0,56.0,4.5,0
flow_10.3,49.0,3.5,0
flow_10.4,48.0,3.5,0
flow_10.5,47.5,3.5,0
flow_10.6,42.5,4.0,0
flow_10.7,42.5,4.5,0
flow_10.8,41.0,4.0,0
flow_00.6,54.5,4.5,0
flow_20.6,43.5,4.0,0
flow_00.7,53.5,4.0,0
flow_20.7,41.5,4.0,0
flow_00.8,47.5,4.0,0
flow_20.8,37.0,4.0,0
flow_00.9,44.5,4.0,0
flow_20.9,29.5,4.0,0
flow_00.10,33.5,4.5,0
flow_20.10,25.5,3.5,0
flow_00.11,32.0,4.0,0
flow_00.12,30.5,4.5,0
flow_10.9,59.5,4.5,0
flow_10.10,59.0,4.0,0
flow_10.11,57.5,3.5,0
flow_10.12,57.5,4.0,0
flow_10.13,52.5,4.0,0
flow_10.14,52.5,4.0,0
flow_10.15,51.0,4.5,0
flow_20.11,42.0,4.0,0
flow_00.13,56.0,4.5,0
flow_00.14,56.0,4.0,0
flow_20.12,42.5,3.5,0
flow_20.13,41.0,3.5,0
flow_00.15,46.0,4.0,0
flow_20.14,27.0,3.5,0
flow_00.16,41.0,4.0,0
flow_00.17,41.0,4.5,0
flow_20.15,28.0,4.0,0
flow_00.18,39.0,4.0,0
flow_20.16,27.0,4.0,0
flow_00.19,37.5,4.5,0
flow_10.16,76.5,4.5,0
flow_30.1,31.0,4.5,0
flow_10.17,76.0,4.0,0
flow_10.18,75.5,4.0,0
flow_10.19,74.0,4.0,0
flow_10.20,72.5,4.5,0
flow_10.21,61.0,4.0,0
flow_10.22,45.5,4.0,0
flow_00.20,63.0,4.5,0
flow_20.17,49.0,4.5,0
flow_00.21,62.0,4.0,0
flow_20.18,43.5,3.5,0
flow_20.19,35.0,4.0,0
flow_00.22,62.5,4.5,0
flow_00.23,61.5,4.0,0
flow_00.24,59.0,4.0,0
flow_00.25,57.5,4.0,0
flow_00.26,56.0,4.0,0
flow_10.23,66.0,4.0,0
flow_30.2,47.5,4.5,0
flow_10.24,46.5,4.0,0
flow_30.3,34.0,4.5,0
flow_10.25,45.0,3.5,0
flow_10.26,43.0,4.0,0
flow_10.27,36.0,4.0,0
flow_10.28,34.5,4.0,0
flow_30.4,23.0,2.5,0
flow_10.29,29.5,4.0,0
flow_20.20,45.0,4.0,0
flow_00.27,81.5,4.5,0
flow_20.21,45.0,4.0,0
flow_00.28,81.5,4.0,0
flow_20.22,44.5,4.0,0
flow_00.29,80.5,4.0,0
flow_20.23,34.0,3.5,0
flow_00.30,79.0,4.0,0
flow_20.24,32.5,3.5,0
flow_00.31,77.5,4.0,0
flow_00.32,60.5,4.0,0
flow_00.33,58.5,4.0,0
flow_10.30,54.0,4.0,0
flow_30.5,30.5,4.5,0
flow_10.31,51.5,4.0,0
flow_10.32,50.5,4.0,0
flow_10.33,45.0,4.5,0
flow_10.34,43.5,4.0,0
flow_10.35,42.0,4.5,0
flow_10.36,40.5,4.0,0
flow_00.34,84.0,4.5,0
flow_20.25,42.0,4.5,0
flow_00.35,83.0,4.0,0
flow_20.26,40.5,4.0,0
flow_20.27,31.0,4.0,0
flow_00.36,83.0,4.0,0
flow_20.28,25.0,3.5,0
flow_00.37,82.0,4.0,0
flow_00.38,80.0,4.0,0
flow_00.39,61.5,4.0,0
flow_20.29,25.5,3.5,0
flow_00.40,59.5,4.0,0
flow_10.37,44.0,4.0,0
flow_10.38,44.5,4.0,0
flow_10.39,43.5,4.0,0
flow_10.40,42.0,4.0,0
flow_10.41,41.5,4.0,0
flow_10.42,35.0,4.0,0
flow_10.43,31.0,4.0,0
flow_00.41,83.5,4.0,0
flow_20.30,50.0,4.0,0
flow_00.42,82.5,3.5,0
flow_20.31,49.0,4.0,0
flow_20.32,48.0,3.5,0
flow_00.43,82.5,4.0,0
flow_20.33,46.5,3.5,0
flow_00.44,82.0,4.0,0
flow_20.34,46.5,4.0,0
flow_00.45,79.5,4.5,0
flow_00.46,61.0,4.0,0
flow_20.35,45.0,4.0,0
flow_20.36,43.5,4.0,0
flow_00.47,58.5,4.5,0
flow_30.6,37.0,4.0,0
flow_10.44,56.0,4.5,0
flow_10.45,49.5,4.0,0
flow_10.46,31.5,4.0,0
flow_10.47,31.5,4.0,0
flow_10.48,30.0,4.5,0
flow_10.49,27.0,4.0,0
flow_10.50,25.0,3.0,0
flow_20.37,68.5,4.0,0
flow_00.48,84.5,4.5,0
flow_00.49,83.0,4.0,0
flow_20.38,69.0,4.0,0
flow_20.39,67.5,4.0,0
flow_00.50,82.5,4.0,0
flow_00.51,81.5,4.0,0
flow_20.40,66.5,4.0,0
flow_20.41,64.5,4.0,0
flow_00.52,79.5,4.0,0
flow_00.53,61.0,4.0,0
flow_20.42,61.0,4.0,0
flow_00.54,58.0,4.0,0
flow_20.43,58.5,4.0,0
flow_10.51,48.5,4.5,0
flow_30.7,30.0,4.5,0
flow_10.52,47.5,4.0,0
flow_10.53,45.5,3.5,0
flow_10.54,44.5,4.0,0
flow_10.55,43.5,4.0,0
flow_00.55,83.5,4.0,0
flow_20.44,83.5,4.0,0
flow_00.56,82.5,3.5,0
flow_20.45,65.5,3.5,0
flow_00.57,82.0,4.0,0
flow_20.46,65.0,4.0,0
flow_20.47,63.5,3.5,0
flow_00.58,82.0,4.0,0
flow_20.48,62.5,4.0,0
flow_00.59,79.5,4.5,0
flow_20.49,59.5,3.5,0
flow_00.60,61.0,4.0,0
flow_20.50,58.5,4.0,0
flow_00.61,59.0,4.5,0
flow_10.56,45.5,4.0,0
flow_10.57,40.0,3.5,0
flow_10.58,25.5,3.0,0
flow_20.51,83.5,4.5,0
flow_00.62,84.0,4.5,0
flow_00.63,83.0,4.0,0
flow_20.52,83.0,4.0,0
flow_00.64,82.0,4.0,0
flow_20.53,82.0,4.0,0
flow_00.65,81.5,4.0,0
flow_20.54,77.5,4.0,0
flow_00.66,79.0,4.0,0
flow_20.55,76.0,4.0,0
flow_20.56,60.5,4.0,0
flow_00.67,61.5,4.0,0
flow_20.57,58.0,4.0,0
flow_00.68,58.5,4.0,0
flow_10.59,51.5,4.0,0
flow_10.60,51.5,4.0,0
flow_10.61,46.5,3.5,0
flow_10.62,41.0,3.5,0
flow_10.63,40.0,4.0,0
flow_10.64,39.0,4.0,0
flow_10.65,37.5,4.0,0
flow_00.69,84.0,4.5,0
flow_20.58,84.5,4.5,0
flow_00.70,83.0,4.0,0
flow_20.59,74.0,4.0,0
flow_00.71,81.5,3.5,0
flow_20.60,73.5,4.0,0
flow_00.72,80.5,3.5,0
flow_20.61,72.0,4.0,0
flow_00.73,78.5,3.5,0
flow_20.62,67.5,4.5,0
flow_00.74,61.0,4.0,0
flow_20.63,61.0,4.0,0
flow_20.64,49.5,4.5,0
flow_00.75,59.0,4.0,0
flow_10.66,51.0,4.0,0
flow_30.8,49.5,4.0,0
flow_30.9,38.0,3.5,0
flow_10.67,37.5,3.5,0
flow_10.68,37.0,4.0,0
flow_30.10,33.5,4.0,0
flow_10.69,27.5,4.0,0
flow_10.70,24.5,3.0,0
flow_00.76,83.0,4.0,0
flow_20.65,75.0,4.5,0
flow_00.77,82.5,3.5,0
flow_20.66,44.5,4.0,0
flow_00.78,82.0,4.0,0
flow_20.67,37.5,4.0,0
flow_20.68,35.5,3.5,0
flow_00.79,81.5,4.0,0
flow_00.80,79.0,4.0,0
flow_20.69,32.5,4.0,0
flow_00.81,61.5,4.0,0
flow_00.82,58.5,4.0,0
flow_10.71,51.5,4.0,0
flow_10.72,50.5,4.5,0
flow_10.73,49.0,4.0,0
flow_10.74,47.5,4.0,0
flow_10.75,46.0,4.0,0
flow_10.76,45.5,4.5,0
flow_10.77,43.5,4.0,0
flow_20.70,54.0,4.5,0
flow_00.83,84.0,4.5,0
flow_20.71,53.5,3.5,0
flow_00.84,84.0,4.0,0
flow_20.72,53.5,4.0,0
flow_00.85,83.0,4.0,0
flow_00.86,82.0,4.0,0
flow_00.87,80.0,4.0,0
flow_20.73,25.5,3.5,0
flow_00.88,62.0,4.5,0
flow_00.89,59.0,4.0,0
flow_10.78,70.0,4.5,0
flow_10.79,70.5,4.5,0
flow_10.80,69.5,4.5,0
flow_10.81,68.0,4.5,0
flow_10.82,58.0,4.5,0
flow_10.83,51.0,4.0,0
flow_10.84,49.0,4.0,0
flow_20.74,48.5,4.5,0
flow_00.90,86.0,5.0,0
flow_20.75,47.0,3.5,0
flow_00.91,85.0,4.5,0
flow_20.76,46.5,3.5,0
flow_00.92,83.5,4.5,0
flow_20.77,45.5,4.0,0
flow_00.93,82.0,4.0,0
flow_20.78,44.5,4.0,0
flow_00.94,80.0,4.0,0
flow_00.95,61.0,4.0,0
flow_20.79,43.5,4.5,0
flow_00.96,58.0,4.0,0
flow_20.80,43.0,4.5,0
flow_10.85,75.0,4.0,0
flow_10.86,70.5,4.5,0
flow_10.87,66.0,4.0,0
flow_10.88,50.0,4.5,0
flow_10.89,49.0,4.5,0
flow_10.90,47.5,4.5,0
flow_30.11,25.5,3.5,0
flow_10.91,46.5,4.5,0
flow_00.97,83.5,4.0,0
flow_20.81,67.0,4.5,0
flow_00.98,82.5,3.5,0
flow_20.82,43.5,4.0,0
flow_20.83,42.5,4.0,0
flow_00.99,82.5,4.0,0
flow_20.84,37.0,3.5,0
flow_00.100,81.0,3.5,0
flow_20.85,35.5,4.0,0
flow_00.101,77.0,4.0,0
flow_20.86,34.0,4.0,0
flow_00.102,59.5,3.5,0
flow_20.87,24.0,3.0,0
flow_00.103,53.0,4.0,0
flow_30.12,48.5,4.0,0
flow_10.92,64.0,4.5,0
flow_30.13,36.5,4.0,0
flow_10.93,65.0,4.0,0
flow_10.94,63.0,4.0,0
flow_10.95,62.0,4.0,0
flow_10.96,53.5,4.0,0
flow_30.14,24.5,3.0,0
flow_10.97,50.5,4.5,0
flow_10.98,47.5,4.0,0
flow_20.88,50.0,4.0,0
flow_00.104,79.0,4.5,0
flow_20.89,49.5,4.0,0
flow_00.105,77.5,4.0,0
flow_00.106,77.0,4.0,0
flow_20.90,44.0,4.0,0
flow_00.107,75.0,4.0,0
flow_20.91,35.5,4.5,0
flow_00.108,74.0,4.0,0
flow_20.92,30.5,4.0,0
flow_00.109,61.0,4.0,0
flow_00.110,58.0,4.0,0
flow_10.99,67.0,4.5,0
flow_10.100,62.0,4.5,0
flow_10.101,61.0,4.5,0
flow_10.102,25.0,3.0,0
flow_10.103,25.5,3.0,0
flow_00.111,83.5,4.0,0
flow_20.93,38.0,4.5,0
flow_00.112,82.5,3.5,0
flow_20.94,34.5,4.0,0
flow_00.113,82.0,4.0,0
flow_20.95,29.0,4.0,0
flow_00.114,72.0,3.5,0
flow_20.96,25.5,3.5,0
flow_00.115,71.0,4.0,0
flow_20.97,24.0,3.0,0
flow_00.116,61.5,4.0,0
flow_00.117,58.5,4.0,0
flow_10.104,49.5,4.0,0
flow_30.15,42.5,4.5,0
flow_30.16,37.5,4.0,0
flow_30.17,36.5,4.0,0
flow_30.18,35.0,4.0,0
flow_00.118,83.5,4.0,0
flow_20.98,44.0,4.5,0
flow_00.119,83.0,4.0,0
flow_20.99,26.5,3.5,0
flow_00.120,82.0,4.0,0
flow_20.100,25.0,3.0,0
flow_00.121,78.0,3.5,0
flow_00.122,76.5,3.5,0
flow_00.123,60.0,4.0,0
flow_20.101,24.0,3.0,0
flow_00.124,57.5,3.5,0
flow_30.19,52.0,4.5,0
flow_10.105,52.5,4.5,0
flow_30.20,48.0,4.0,0
flow_10.106,37.5,4.0,0
flow_10.107,37.0,4.0,0
flow_10.108,35.5,4.5,0
flow_10.109,34.5,4.5,0
flow_10.110,33.0,4.0,0
flow_10.111,31.5,4.5,0
flow_00.125,84.0,4.5,0
flow_20.102,53.5,4.0,0
flow_00.126,82.5,4.0,0
flow_20.103,53.5,4.5,0
flow_00.127,81.5,3.5,0
flow_20.104,47.5,4.0,0
flow_00.128,79.5,4.0,0
flow_20.105,41.0,4.5,0
flow_00.129,66.5,4.0,0
flow_20.106,40.0,4.0,0
flow_00.130,58.5,4.0,0
flow_20.107,36.5,4.5,0
flow_00.131,57.0,4.0,0
flow_20.108,35.5,4.5,0
flow_10.112,55.5,4.5,0
flow_10.113,39.5,4.0,0
flow_10.114,37.5,3.5,0
flow_30.21,24.5,3.0,0
flow_10.115,26.0,3.5,0
flow_00.132,83.0,4.5,0
flow_20.109,60.5,4.5,0
flow_00.133,79.5,4.0,0
flow_20.110,58.0,4.0,0
flow_00.134,78.0,4.0,0
flow_00.135,60.0,4.0,0
flow_20.111,23.0,2.5,0
flow_00.136,55.5,4.0,0
flow_00.137,48.5,4.0,0
flow_00.138,39.5,4.5,0
flow_20.112,27.0,4.0,0
flow_30.22,55.0,4.5,0
flow_10.116,50.0,4.5,0
flow_30.23,54.0,4.0,0
flow_10.117,45.0,4.0,0
flow_30.24,34.0,3.5,0
flow_10.118,41.5,4.0,0
flow_10.119,40.0,4.5,0
flow_10.120,39.0,4.0,0
flow_30.25,24.0,3.0,0
flow_10.121,37.0,4.5,0
flow_10.122,36.0,4.0,0
flow_20.113,47.5,4.0,0
flow_00.139,61.0,4.5,0
flow_00.140,56.0,4.0,0
flow_20.114,45.5,4.0,0
flow_00.141,54.0,4.0,0
flow_20.115,44.0,4.0,0
flow_00.142,53.0,4.0,0
flow_20.116,37.0,4.5,0
flow_20.117,35.5,4.0,0
flow_00.143,52.0,4.0,0
flow_20.118,34.0,4.0,0
flow_00.144,41.5,4.0,0
flow_20.119,33.0,4.0,0
flow_00.145,41.0,4.5,0
flow_30.26,37.0,4.5,0
flow_10.123,58.5,4.5,0
flow_30.27,34.0,3.5,0
flow_10.124,55.0,4.0,0
flow_10.125,54.0,4.0,0
flow_10.126,43.5,4.0,0
flow_10.127,31.5,4.0,0
flow_10.128,30.0,4.0,0
flow_10.129,28.0,4.0,0
flow_20.120,59.0,4.5,0
flow_00.146,41.5,4.5,0
flow_00.147,39.0,4.0,0
flow_20.121,58.5,4.0,0
flow_20.122,57.0,4.0,0
flow_00.148,39.0,4.0,0
flow_20.123,40.5,3.5,0
flow_00.149,37.5,4.0,0
flow_20.124,37.0,4.0,0
flow_00.150,36.5,4.0,0
flow_20.125,27.0,4.0,0
flow_00.151,31.5,4.0,0
flow_10.130,50.5,4.5,0
flow_10.131,49.5,4.0,0
flow_10.132,48.5,4.0,0
flow_10.133,47.5,3.5,0
flow_10.134,46.5,4.0,0
flow_30.28,25.0,3.5,0
flow_10.135,32.5,4.5,0
flow_00.152,50.5,4.0,0
flow_20.126,54.0,4.5,0
flow_20.127,53.5,4.0,0
flow_00.153,51.0,4.0,0
flow_20.128,52.5,4.0,0
flow_00.154,50.5,4.0,0
flow_00.155,49.0,4.0,0
flow_20.129,51.5,4.0,0
flow_00.156,47.5,4.0,0
flow_20.130,38.5,4.0,0
flow_00.157,45.5,3.5,0
flow_20.131,37.5,3.5,0
flow_00.158,44.0,4.0,0
flow_20.132,36.0,4.0,0
flow_10.136,54.0,5.0,0
flow_10.137,52.5,4.0,0
flow_30.29,26.5,3.5,0
flow_10.138,50.5,4.0,0
flow_10.139,37.5,3.5,0
flow_10.140,36.5,4.0,0
flow_10.141,35.0,4.0,0
flow_10.142,34.0,4.0,0
flow_20.133,61.5,4.5,0
flow_00.159,71.0,4.5,0
flow_00.160,69.5,4.0,0
flow_20.134,62.0,4.0,0
flow_00.161,69.0,4.0,0
flow_20.135,60.5,4.0,0
flow_20.136,59.0,4.0,0
flow_00.162,68.0,4.0,0
flow_00.163,66.5,4.5,0
flow_20.137,59.0,4.5,0
flow_00.164,60.5,4.0,0
flow_20.138,57.5,4.5,0
flow_20.139,55.5,4.5,0
flow_00.165,59.5,4.5,0
flow_10.143,60.0,4.0,0
flow_30.30,24.5,3.0,0
flow_10.144,59.5,3.5,0
flow_10.145,51.0,3.5,0
flow_10.146,39.0,4.0,0
flow_20.0,22.5,2.5,0
flow_30.0,34.0,4.5,0
flow_30.1,26.0,3.5,0
flow_10.0,22.5,2.5,0
flow_30.2,26.0,3.5,0
flow_30.3,25.5,3.0,0
flow_10.1,25.5,3.0,0
flow_30.4,24.5,3.5,0
flow_20.1,51.0,4.0,0
flow_00.0,49.5,4.0,0
flow_00.1,44.5,3.5,0
flow_20.2,51.5,4.0,0
flow_00.2,40.0,3.5,0
flow_20.3,34.0,4.0,0
flow_00.3,39.5,3.5,0
flow_20.4,33.0,4.5,0
flow_00.4,38.0,4.0,0
flow_20.5,31.5,4.0,0
flow_20.6,30.0,4.5,0
flow_20.7,28.5,4.0,0
flow_10.2,53.0,4.0,0
flow_30.5,51.5,4.0,0
flow_30.6,50.5,3.5,0
flow_10.3,48.0,4.5,0
flow_30.7,49.5,3.5,0
flow_10.4,46.5,4.0,0
flow_30.8,48.5,4.0,0
flow_10.5,45.0,4.0,0
flow_30.9,47.5,3.5,0
flow_10.6,31.0,4.0,0
flow_30.10,33.0,4.0,0
flow_30.11,31.0,4.0,0
flow_10.7,26.5,3.5,0
flow_20.8,53.5,4.0,0
flow_00.5,53.5,4.0,0
flow_20.9,47.0,4.0,0
flow_00.6,44.0,4.0,0
flow_00.7,37.0,4.0,0
flow_20.10,47.5,4.5,0
flow_00.8,35.5,4.0,0
flow_20.11,41.5,4.0,0
flow_20.12,40.0,4.0,0
flow_20.13,31.0,4.5,0
flow_20.14,29.5,4.0,0
flow_10.8,51.0,4.0,0
flow_30.12,58.0,4.5,0
flow_30.13,46.0,4.0,0
flow_10.9,45.0,4.0,0
flow_30.14,36.0,3.5,0
flow_10.10,27.5,3.5,0
flow_10.11,26.5,4.0,0
flow_30.15,28.0,4.0,0
flow_30.16,26.5,3.5,0
flow_30.17,25.5,3.5,0
flow_00.9,53.0,4.0,0
flow_20.15,55.0,4.5,0
flow_00.10,47.0,4.0,0
flow_20.16,55.5,4.0,0
flow_00.11,46.0,4.0,0
flow_20.17,52.0,4.5,0
flow_00.12,45.0,4.0,0
flow_20.18,48.5,4.5,0
flow_00.13,43.5,4.0,0
flow_20.19,46.5,4.0,0
flow_00.14,42.0,3.5,0
flow_20.20,45.5,4.5,0
flow_20.21,44.0,4.0,0
flow_00.15,41.0,4.0,0
flow_30.18,44.0,4.0,0
flow_10.12,55.0,4.5,0
flow_10.13,53.5,4.0,0
flow_30.19,29.0,4.0,0
flow_10.14,52.5,3.5,0
flow_30.20,28.5,4.0,0
flow_10.15,51.5,4.0,0
flow_30.21,28.0,4.0,0
flow_10.16,35.0,3.5,0
flow_30.22,27.0,4.0,0
flow_10.17,34.5,4.0,0
flow_10.18,34.5,5.0,0
flow_00.16,66.0,4.5,0
flow_20.22,71.0,5.0,0
flow_00.17,59.5,4.0,0
flow_20.23,69.0,4.0,0
flow_00.18,58.5,4.0,0
flow_20.24,68.0,4.0,0
flow_00.19,57.5,4.0,0
flow_20.25,67.0,4.5,0
flow_00.20,52.0,4.0,0
flow_20.26,65.0,4.5,0
flow_00.21,51.0,4.0,0
flow_20.27,62.0,4.5,0
flow_00.22,48.5,4.0,0
flow_20.28,59.5,4.5,0
flow_30.23,51.0,4.0,0
flow_10.19,52.5,4.5,0
flow_30.24,50.5,3.5,0
flow_10.20,41.5,4.0,0
flow_30.25,50.0,3.5,0
flow_10.21,25.0,3.5,0
flow_30.26,31.0,4.0,0
flow_10.22,25.0,3.5,0
flow_30.27,30.0,4.5,0
flow_10.23,25.0,3.0,0
flow_30.28,26.5,3.5,0
flow_00.23,74.5,4.5,0
flow_20.29,85.0,4.5,0
flow_00.24,55.0,4.0,0
flow_20.30,84.0,4.0,0
flow_00.25,54.0,4.0,0
flow_20.31,83.0,4.0,0
flow_20.32,78.0,4.0,0
flow_00.26,46.0,4.0,0
flow_20.33,69.5,4.0,0
flow_00.27,42.0,4.0,0
flow_00.28,30.5,4.0,0
flow_20.34,61.0,4.0,0
flow_00.29,30.0,4.5,0
flow_20.35,60.0,5.0,0
flow_10.24,53.0,4.0,0
flow_30.29,53.5,4.0,0
flow_10.25,43.5,3.5,0
flow_30.30,34.5,4.0,0
flow_10.26,39.5,3.5,0
flow_30.31,23.0,3.0,0
flow_10.27,37.0,4.5,0
flow_10.28,24.5,3.0,0
flow_00.30,55.0,4.5,0
flow_20.36,85.5,4.5,0
flow_00.31,54.5,4.0,0
flow_20.37,84.0,4.0,0
flow_00.32,54.0,4.0,0
flow_20.38,83.0,4.0,0
flow_00.33,41.5,4.0,0
flow_20.39,82.0,4.0,0
flow_20.40,79.5,4.0,0
flow_00.34,40.0,4.5,0
flow_20.41,61.0,4.0,0
flow_00.35,38.5,4.0,0
flow_20.42,58.0,4.0,0
flow_00.36,33.0,4.5,0
flow_30.32,49.0,4.0,0
flow_10.29,49.0,4.0,0
flow_10.30,48.5,3.5,0
flow_30.33,50.0,4.0,0
flow_10.31,48.0,4.0,0
flow_30.34,42.0,4.0,0
flow_10.32,46.5,4.0,0
flow_30.35,35.5,4.5,0
flow_10.33,46.0,4.0,0
flow_30.36,34.0,4.5,0
flow_10.34,44.5,4.5,0
flow_30.37,29.5,4.5,0
flow_10.35,43.5,4.0,0
flow_20.43,83.0,4.5,0
flow_00.37,51.0,4.5,0
flow_00.38,49.0,3.5,0
flow_20.44,83.0,4.0,0
flow_00.39,41.5,3.5,0
flow_20.45,82.0,4.0,0
flow_20.46,80.5,3.5,0
flow_00.40,40.5,3.5,0
flow_20.47,66.5,4.0,0
flow_00.41,38.0,4.5,0
flow_20.48,59.5,4.0,0
flow_00.42,36.0,4.0,0
flow_20.49,57.0,3.5,0
flow_00.43,27.0,4.0,0
flow_30.38,53.5,4.5,0
flow_10.36,69.0,4.0,0
flow_10.37,69.5,4.0,0
flow_30.39,54.5,4.5,0
flow_10.38,67.5,4.0,0
flow_30.40,51.0,4.0,0
flow_30.41,47.0,4.5,0
flow_10.39,61.0,4.5,0
flow_30.42,39.0,4.0,0
flow_10.40,55.0,4.5,0
flow_30.43,38.0,4.5,0
flow_10.41,46.5,4.0,0
flow_20.50,84.0,4.5,0
flow_00.44,47.5,4.5,0
flow_20.51,72.5,4.0,0
flow_00.45,46.0,4.0,0
flow_20.52,60.5,4.0,0
flow_00.46,43.0,4.0,0
flow_20.53,45.5,3.5,0
flow_00.47,41.5,3.5,0
flow_00.48,32.0,4.0,0
flow_30.44,42.5,4.0,0
flow_10.42,38.0,4.5,0
flow_10.43,31.0,4.0,0
flow_30.45,43.0,4.0,0
flow_10.44,28.0,4.0,0
flow_30.46,38.5,4.0,0
flow_10.45,28.0,4.0,0
flow_10.46,26.5,3.5,0
flow_00.49,53.5,4.5,0
flow_20.54,54.5,4.5,0
flow_00.50,52.0,4.0,0
flow_20.55,54.5,4.0,0
flow_00.51,45.0,4.0,0
flow_20.56,42.0,4.0,0
flow_00.52,44.0,4.0,0
flow_20.57,41.0,4.0,0
flow_00.53,43.0,4.0,0
flow_20.58,39.0,4.5,0
flow_00.54,41.5,3.5,0
flow_20.59,34.0,4.0,0
flow_00.55,40.0,4.0,0
flow_20.60,32.5,4.5,0
flow_10.47,51.5,4.5,0
flow_30.47,45.0,4.0,0
flow_30.48,44.0,3.5,0
flow_10.48,33.5,4.5,0
flow_10.49,32.0,4.0,0
flow_30.49,46.0,4.5,0
flow_30.50,44.0,4.0,0
flow_30.51,38.5,4.0,0
flow_30.52,34.0,4.0,0
flow_00.56,66.0,4.5,0
flow_20.61,56.5,4.5,0
flow_20.62,56.0,4.0,0
flow_00.57,49.0,4.0,0
flow_20.63,56.0,4.5,0
flow_00.58,48.5,4.5,0
flow_00.59,46.5,4.0,0
flow_20.64,55.5,4.5,0
flow_00.60,46.0,4.5,0
flow_20.65,48.0,4.0,0
flow_20.66,46.5,4.5,0
flow_00.61,45.5,4.5,0
flow_20.67,45.0,4.0,0
flow_00.62,39.0,4.0,0
flow_10.50,53.0,4.5,0
flow_30.53,49.0,4.5,0
flow_10.51,36.5,4.0,0
flow_30.54,48.0,4.0,0
flow_10.52,26.5,4.0,0
flow_30.55,40.0,4.0,0
flow_30.56,36.0,4.0,0
flow_10.53,23.5,3.0,0
flow_30.57,35.0,4.0,0
flow_30.58,34.0,4.0,0
flow_00.63,59.5,4.5,0
flow_20.68,70.5,4.5,0
flow_20.69,70.5,4.0,0
flow_00.64,39.5,5.0,0
flow_20.70,69.0,4.0,0
flow_00.65,31.5,5.0,0
flow_20.71,69.5,4.5,0
flow_00.66,29.5,4.5,0
flow_20.72,67.5,4.5,0
flow_00.67,28.0,4.0,0
flow_20.73,62.0,4.5,0
flow_20.74,59.0,4.5,0
flow_10.54,44.5,4.5,0
flow_30.59,44.0,4.0,0
flow_30.60,40.0,3.5,0
flow_10.55,39.0,4.0,0
flow_30.61,36.5,4.0,0
flow_10.56,33.0,4.0,0
flow_30.62,35.0,4.0,0
flow_10.57,31.5,4.5,0
flow_30.63,34.0,4.0,0
flow_30.64,32.5,4.0,0
flow_30.65,30.5,4.5,0
flow_00.68,52.5,4.0,0
flow_20.75,85.0,4.5,0
flow_00.69,51.0,3.5,0
flow_20.76,84.0,4.0,0
flow_00.70,50.0,3.5,0
flow_20.77,83.5,4.5,0
flow_00.71,48.0,4.0,0
flow_20.78,82.5,4.5,0
flow_00.72,48.0,4.0,0
flow_20.79,79.5,4.0,0
flow_00.73,46.5,4.0,0
flow_20.80,61.5,4.5,0
flow_00.74,34.0,4.5,0
flow_20.81,59.0,4.0,0
flow_10.58,36.0,4.0,0
flow_30.66,56.5,4.5,0
flow_30.67,55.0,3.5,0
flow_10.59,26.5,3.5,0
flow_30.68,49.5,3.5,0
flow_10.60,25.0,3.5,0
flow_30.69,48.5,4.0,0
flow_10.61,26.0,3.5,0
flow_30.70,47.5,3.5,0
flow_10.62,25.0,3.5,0
flow_30.71,46.0,3.5,0
flow_30.72,45.0,4.0,0
flow_20.82,83.0,4.0,0
flow_00.75,49.5,4.0,0
flow_00.76,49.0,3.5,0
flow_20.83,83.5,4.0,0
flow_00.77,45.0,3.5,0
flow_20.84,82.5,4.0,0
flow_00.78,36.5,3.5,0
flow_20.85,81.0,3.5,0
flow_00.79,29.5,4.0,0
flow_20.86,80.0,4.5,0
flow_20.87,61.0,4.0,0
flow_20.88,58.5,4.0,0
flow_00.80,26.0,3.5,0
flow_10.63,33.0,4.0,0
flow_30.73,71.0,4.5,0
flow_10.64,32.5,4.0,0
flow_30.74,71.5,4.0,0
flow_10.65,31.0,3.5,0
flow_30.75,70.5,4.0,0
flow_10.66,30.0,3.5,0
flow_30.76,67.5,4.0,0
flow_10.67,29.5,4.0,0
flow_30.77,65.5,4.0,0
flow_10.68,28.0,4.0,0
flow_30.78,56.5,4.0,0
flow_10.69,24.5,3.0,0
flow_30.79,55.0,4.0,0
flow_20.89,83.5,4.5,0
flow_00.81,42.5,4.5,0
flow_20.90,82.5,3.5,0
flow_00.82,43.0,4.0,0
flow_20.91,82.0,4.0,0
flow_00.83,34.5,4.0,0
flow_20.92,81.0,4.0,0
flow_00.84,33.5,4.5,0
flow_20.93,78.5,4.0,0
flow_00.85,32.0,4.0,0
flow_20.94,60.0,4.0,0
flow_00.86,30.5,4.0,0
flow_20.95,57.5,4.0,0
flow_00.87,30.0,4.0,0
flow_30.80,81.5,4.5,0
flow_10.70,51.5,4.5,0
flow_10.71,38.0,4.0,0
flow_30.81,81.0,4.0,0
flow_30.82,80.0,4.0,0
flow_10.72,24.5,3.0,0
flow_30.83,79.0,4.0,0
flow_30.84,77.5,4.5,0
flow_10.73,23.5,3.0,0
flow_30.85,60.5,4.0,0
flow_30.86,59.0,4.0,0
flow_00.88,55.0,4.5,0
flow_20.96,84.5,4.5,0
flow_20.97,82.5,4.0,0
flow_00.89,54.5,4.0,0
flow_20.98,82.0,4.0,0
flow_00.90,54.5,4.0,0
flow_20.99,80.5,3.5,0
flow_00.91,49.0,3.5,0
flow_20.100,79.0,4.0,0
flow_00.92,38.5,4.0,0
flow_20.101,60.5,4.0,0
flow_00.93,37.0,4.0,0
flow_20.102,58.5,4.0,0
flow_00.94,36.0,4.0,0
flow_10.74,38.0,4.5,0
flow_30.87,85.5,5.0,0
flow_10.75,37.0,3.5,0
flow_30.88,83.0,4.0,0
flow_30.89,81.5,4.0,0
flow_10.76,37.0,4.0,0
flow_30.90,80.5,3.5,0
flow_10.77,35.5,4.0,0
flow_10.78,28.0,3.5,0
flow_30.91,79.0,4.0,0
flow_10.79,26.5,3.5,0
flow_30.92,60.5,4.5,0
flow_10.80,25.0,3.5,0
flow_30.93,58.5,4.0,0
flow_00.95,61.5,4.0,0
flow_20.103,84.5,4.5,0
flow_20.104,84.0,4.0,0
flow_00.96,60.5,4.0,0
flow_20.105,78.0,3.5,0
flow_00.97,60.5,4.0,0
flow_20.106,76.5,4.0,0
flow_00.98,51.5,4.0,0
flow_20.107,60.5,3.5,0
flow_00.99,37.0,4.0,0
flow_00.100,35.0,4.5,0
flow_20.108,60.0,4.0,0
flow_20.109,58.0,4.5,0
flow_00.101,34.0,4.0,0
flow_30.94,84.0,4.5,0
flow_10.81,52.0,4.0,0
flow_30.95,84.0,4.0,0
flow_10.82,52.5,4.5,0
flow_30.96,83.0,4.0,0
flow_10.83,51.0,3.5,0
flow_30.97,81.5,4.0,0
flow_10.84,49.5,4.0,0
flow_30.98,79.5,4.0,0
flow_10.85,48.5,4.0,0
flow_30.99,60.5,4.0,0
flow_10.86,48.0,4.0,0
flow_30.100,60.0,4.5,0
flow_20.110,83.5,4.5,0
flow_00.102,56.5,4.5,0
flow_00.103,56.0,4.0,0
flow_20.111,70.5,4.0,0
flow_20.112,69.0,4.0,0
flow_00.104,55.5,4.0,0
flow_20.113,67.5,3.5,0
flow_00.105,50.5,4.0,0
flow_20.114,66.0,4.0,0
flow_00.106,48.5,4.0,0
flow_20.115,60.5,4.0,0
flow_00.107,47.5,4.0,0
flow_00.108,45.5,4.0,0
flow_20.116,58.5,4.0,0
flow_30.101,84.0,4.5,0
flow_10.87,49.5,4.5,0
flow_30.102,83.0,4.0,0
flow_10.88,30.5,4.0,0
flow_30.103,82.5,4.0,0
flow_30.104,83.0,4.0,0
flow_30.105,80.0,4.5,0
flow_10.89,25.0,3.5,0
flow_30.106,61.0,4.0,0
flow_10.90,25.5,3.0,0
flow_30.107,58.5,4.5,0
flow_00.109,71.5,4.5,0
flow_20.117,80.5,4.5,0
flow_20.118,73.0,4.0,0
flow_00.110,73.5,4.5,0
flow_20.119,72.0,4.0,0
flow_00.111,71.5,4.5,0
flow_20.120,69.0,4.0,0
flow_00.112,69.5,4.0,0
flow_00.113,55.5,4.0,0
flow_20.121,60.5,4.0,0
flow_00.114,46.0,4.0,0
flow_20.122,59.5,4.0,0
flow_00.115,44.0,4.0,0
flow_20.123,57.5,4.0,0
flow_10.91,52.0,4.5,0
flow_30.108,85.5,4.5,0
flow_10.92,51.0,4.0,0
flow_30.109,84.0,4.5,0
flow_30.110,82.5,3.5,0
flow_10.93,50.5,4.0,0
flow_30.111,81.0,4.0,0
flow_10.94,43.5,3.5,0
flow_30.112,79.0,4.0,0
flow_10.95,37.5,4.0,0
flow_10.96,26.0,3.5,0
flow_30.113,61.5,4.0,0
flow_30.114,59.5,4.5,0
flow_20.124,83.5,4.5,0
flow_00.116,71.5,4.5,0
flow_20.125,82.0,3.5,0
flow_00.117,71.0,4.5,0
flow_20.126,81.5,4.0,0
flow_00.118,70.5,4.0,0
flow_20.127,79.0,4.0,0
flow_00.119,68.5,4.0,0
flow_20.128,75.5,4.0,0
flow_00.120,66.5,4.0,0
flow_20.129,60.5,4.0,0
flow_00.121,61.0,4.0,0
flow_20.130,59.0,4.0,0
flow_00.122,57.0,4.0,0
flow_30.115,83.5,4.0,0
flow_10.97,54.0,4.0,0
flow_10.98,41.5,4.0,0
flow_30.116,84.0,4.0,0
flow_30.117,83.0,4.0,0
flow_10.99,41.5,4.0,0
flow_30.118,82.0,4.0,0
flow_10.100,26.0,3.5,0
flow_30.119,80.5,4.5,0
flow_30.120,61.0,4.5,0
flow_30.121,59.0,4.5,0
flow_20.131,83.5,4.0,0
flow_00.123,82.0,4.5,0
flow_00.124,76.5,4.0,0
flow_20.132,83.5,4.0,0
flow_00.125,75.0,3.5,0
flow_20.133,82.0,4.0,0
flow_20.134,80.5,3.5,0
flow_00.126,69.0,3.5,0
flow_20.135,78.0,3.5,0
flow_00.127,62.5,3.5,0
flow_00.128,51.0,4.0,0
flow_20.136,61.5,4.5,0
flow_20.137,58.0,4.0,0
flow_30.122,84.5,4.5,0
flow_10.101,49.0,4.5,0
flow_30.123,83.0,4.0,0
flow_10.102,45.0,4.0,0
flow_30.124,82.0,4.0,0
flow_10.103,44.0,3.5,0
flow_30.125,81.0,4.0,0
flow_10.104,38.5,3.5,0
flow_30.126,79.0,4.0,0
flow_30.127,60.0,4.0,0
flow_30.128,58.0,4.0,0
flow_20.138,84.0,4.5,0
flow_00.129,53.0,4.5,0
flow_20.139,84.0,4.0,0
flow_00.130,44.5,4.5,0
flow_00.131,43.0,3.5,0
flow_20.140,83.5,4.5,0
flow_00.132,42.5,4.0,0
flow_20.141,83.0,4.5,0
flow_00.133,41.5,4.0,0
flow_20.142,80.5,4.5,0
flow_00.134,40.0,4.0,0
flow_20.143,62.0,4.5,0
flow_00.135,27.5,4.0,0
flow_20.144,59.5,4.5,0
flow_10.105,51.5,4.5,0
flow_30.129,85.5,4.5,0
flow_10.106,51.5,4.0,0
flow_30.130,85.5,4.5,0
flow_10.107,50.5,4.0,0
flow_30.131,84.0,4.0,0
flow_10.108,46.0,4.0,0
flow_30.132,83.0,4.5,0
flow_10.109,45.0,4.0,0
flow_30.133,82.0,4.5,0
flow_10.110,33.5,4.0,0
flow_30.134,62.5,4.5,0
flow_10.111,31.5,4.5,0
flow_30.135,60.0,4.5,0
flow_20.145,77.5,4.0,0
flow_00.136,53.5,4.0,0
flow_20.146,78.5,4.0,0
flow_00.137,53.5,3.5,0
flow_20.147,66.5,4.0,0
flow_00.138,52.0,3.5,0
flow_20.148,64.5,4.0,0
flow_00.139,52.0,4.0,0
flow_20.149,36.0,4.0,0
flow_00.140,43.5,4.0,0
flow_00.141,42.5,4.0,0
flow_00.142,41.5,4.0,0
flow_10.112,51.5,4.5,0
flow_30.136,85.5,4.5,0
flow_10.113,50.5,4.0,0
flow_30.137,84.5,4.0,0
flow_10.114,49.0,4.0,0
flow_30.138,82.5,4.0,0
flow_10.115,31.0,4.0,0
flow_30.139,82.0,4.0,0
flow_30.140,79.0,4.0,0
flow_10.116,27.5,3.5,0
flow_30.141,59.5,3.5,0
flow_10.117,26.0,3.5,0
flow_30.142,58.0,4.0,0
flow_00.143,58.5,4.5,0
flow_20.150,42.0,4.5,0
flow_00.144,56.0,4.0,0
flow_20.151,36.5,4.0,0
flow_00.145,55.0,4.0,0
flow_20.152,35.5,4.0,0
flow_00.146,55.0,4.0,0
flow_20.153,32.0,4.0,0
flow_00.147,51.5,4.0,0
flow_20.154,31.0,4.0,0
flow_00.148,47.0,4.5,0
flow_20.155,30.0,4.5,0
flow_00.149,42.0,4.0,0
flow_10.118,52.0,4.0,0
flow_30.143,84.0,4.5,0
flow_10.119,46.0,3.5,0
flow_30.144,83.5,4.0,0
flow_10.120,43.0,3.5,0
flow_30.145,82.5,4.0,0
flow_10.121,40.5,3.5,0
flow_30.146,80.5,3.5,0
flow_10.122,39.5,3.5,0
flow_30.147,79.0,4.0,0
flow_10.123,37.5,4.0,0
flow_30.148,60.5,4.0,0
flow_10.124,36.5,4.0,0
flow_30.149,59.0,4.0,0
flow_20.156,44.5,4.0,0
flow_00.150,63.0,4.5,0
flow_20.157,40.0,4.0,0
flow_00.151,54.0,4.0,0
flow_00.152,52.5,3.5,0
flow_20.158,38.5,3.5,0
flow_00.153,51.0,4.0,0
flow_20.159,24.5,3.0,0
flow_00.154,51.5,4.0,0
flow_00.155,50.0,4.5,0
flow_20.160,27.5,3.5,0
flow_00.156,47.5,4.0,0
flow_10.125,62.5,4.5,0
flow_30.150,85.0,4.5,0
flow_30.151,83.5,4.0,0
flow_10.126,45.0,4.5,0
flow_30.152,82.0,4.0,0
flow_10.127,40.5,4.0,0
flow_30.153,81.0,3.5,0
flow_10.128,31.5,4.0,0
flow_00.0,23.0,2.5,0
flow_20.0,24.5,3.0,0
flow_00.1,23.5,3.0,0
flow_20.1,25.5,3.5,0
flow_10.0,29.0,4.0,0
flow_30.0,30.0,4.5,0
flow_30.1,29.5,4.5,0
flow_10.1,25.5,3.0,0
flow_30.2,28.0,4.0,0
flow_10.2,25.5,3.0,0
flow_30.3,26.5,4.0,0
flow_30.4,25.0,3.5,0
flow_30.5,27.0,4.0,0
flow_00.2,51.5,4.5,0
flow_20.2,41.5,4.5,0
flow_00.3,51.0,4.0,0
flow_20.3,41.5,4.0,0
flow_00.4,50.0,4.0,0
flow_20.4,36.5,4.0,0
flow_00.5,48.5,4.0,0
flow_20.5,29.0,4.0,0
flow_00.6,49.5,5.0,0
flow_00.7,45.0,5.0,0
flow_00.8,43.0,4.5,0
flow_10.3,51.0,4.5,0
flow_30.6,50.0,4.5,0
flow_10.4,48.5,4.0,0
flow_30.7,43.0,4.0,0
flow_30.8,39.5,4.0,0
flow_10.5,39.0,4.5,0
flow_30.9,34.5,4.0,0
flow_10.6,28.0,4.5,0
flow_30.10,31.0,4.5,0
flow_10.7,25.0,3.0,0
flow_30.11,29.0,4.0,0
flow_30.12,28.5,4.5,0
flow_20.6,29.0,4.0,0
flow_00.9,66.5,4.0,0
flow_20.7,23.5,3.0,0
flow_00.10,64.5,4.0,0
flow_00.11,56.0,4.0,0
flow_20.8,25.0,3.5,0
flow_00.12,39.0,4.0,0
flow_00.13,38.0,4.0,0
flow_20.9,25.0,3.0,0
flow_00.14,36.5,4.0,0
flow_00.15,28.5,4.0,0
flow_30.13,53.5,4.5,0
flow_10.8,26.0,3.5,0
flow_30.14,52.5,3.5,0
flow_30.15,48.5,4.0,0
flow_30.16,47.0,3.5,0
flow_10.9,24.5,3.0,0
flow_30.17,45.5,4.0,0
flow_30.18,45.0,3.5,0
flow_30.19,43.5,4.0,0
flow_10.10,27.0,4.0,0
flow_20.10,50.5,4.0,0
flow_00.16,55.0,4.5,0
flow_20.11,50.5,3.5,0
flow_00.17,48.0,4.0,0
flow_20.12,49.5,3.5,0
flow_00.18,40.5,4.0,0
flow_20.13,48.5,3.5,0
flow_00.19,32.5,4.0,0
flow_00.20,31.0,4.0,0
flow_20.14,48.0,4.0,0
flow_20.15,46.0,4.0,0
flow_20.16,44.5,3.5,0
flow_30.20,68.5,4.5,0
flow_10.11,53.5,4.5,0
flow_30.21,58.0,3.5,0
flow_10.12,49.0,3.5,0
flow_30.22,51.5,4.0,0
flow_10.13,22.5,2.5,0
flow_30.23,39.0,4.0,0
flow_30.24,37.5,4.0,0
flow_30.25,36.0,4.0,0
flow_10.14,25.0,3.5,0
flow_30.26,34.5,4.0,0
flow_00.21,48.5,4.5,0
flow_20.17,71.0,4.5,0
flow_00.22,46.5,4.0,0
flow_20.18,71.5,4.0,0
flow_00.23,46.0,4.0,0
flow_20.19,70.5,4.5,0
flow_00.24,45.0,4.0,0
flow_20.20,70.0,4.5,0
flow_00.25,38.0,4.0,0
flow_20.21,68.0,4.0,0
flow_00.26,38.0,4.0,0
flow_20.22,61.5,4.5,0
flow_00.27,35.5,4.5,0
flow_20.23,57.5,4.0,0
flow_30.27,50.0,4.0,0
flow_10.15,43.5,4.5,0
flow_10.16,43.0,4.0,0
flow_30.28,44.0,3.5,0
flow_10.17,42.0,4.0,0
flow_30.29,42.0,3.5,0
flow_10.18,40.5,4.0,0
flow_30.30,40.5,4.0,0
flow_10.19,39.0,4.0,0
flow_30.31,33.0,3.5,0
flow_10.20,30.5,4.0,0
flow_30.32,33.5,4.5,0
flow_30.33,32.5,4.5,0
flow_20.24,83.0,4.5,0
flow_00.28,59.5,4.5,0
flow_00.29,58.0,4.0,0
flow_20.25,82.5,4.0,0
flow_00.30,51.5,4.0,0
flow_20.26,77.0,4.0,0
flow_00.31,51.0,3.5,0
flow_20.27,65.5,4.0,0
flow_00.32,50.0,4.0,0
flow_20.28,53.5,4.0,0
flow_00.33,46.5,4.0,0
flow_20.29,46.0,4.0,0
flow_20.30,44.5,4.0,0
flow_00.34,45.0,4.0,0
flow_10.21,42.5,4.5,0
flow_30.34,56.5,4.0,0
flow_10.22,35.5,3.5,0
flow_30.35,57.0,4.0,0
flow_10.23,28.5,4.0,0
flow_30.36,55.5,4.0,0
flow_10.24,27.5,3.5,0
flow_30.37,53.0,4.5,0
flow_10.25,26.0,3.5,0
flow_30.38,50.5,4.5,0
flow_10.26,26.0,3.5,0
flow_30.39,49.0,4.0,0
flow_10.27,25.0,3.0,0
flow_30.40,33.5,4.5,0
flow_00.35,70.0,4.0,0
flow_20.31,69.0,4.5,0
flow_20.32,67.5,4.0,0
flow_00.36,67.5,4.0,0
flow_20.33,62.5,3.5,0
flow_00.37,66.0,4.0,0
flow_00.38,64.5,4.0,0
flow_20.34,63.0,4.0,0
flow_00.39,62.5,4.0,0
flow_20.35,61.0,4.0,0
flow_20.36,58.0,3.5,0
flow_00.40,61.0,4.5,0
flow_00.41,59.0,4.0,0
flow_20.37,58.0,4.5,0
flow_30.41,54.0,4.0,0
flow_10.28,51.0,4.5,0
flow_10.29,50.5,4.5,0
flow_30.42,51.5,4.5,0
flow_10.30,50.5,4.0,0
flow_30.43,52.5,4.5,0
flow_10.31,48.5,4.0,0
flow_30.44,48.0,5.0,0
flow_10.32,48.0,4.5,0
flow_30.45,42.0,4.5,0
flow_10.33,44.0,4.5,0
flow_30.46,30.0,4.5,0
flow_10.34,33.5,4.5,0
flow_30.47,28.5,4.5,0
flow_00.42,83.5,4.0,0
flow_20.38,70.5,4.5,0
flow_20.39,65.5,4.5,0
flow_00.43,85.5,4.5,0
flow_20.40,64.5,4.0,0
flow_00.44,84.0,4.0,0
flow_20.41,61.5,4.0,0
flow_00.45,82.0,4.0,0
flow_20.42,60.0,4.0,0
flow_00.46,80.5,4.5,0
flow_20.43,57.0,4.0,0
flow_00.47,62.0,4.5,0
flow_00.48,59.0,4.5,0
flow_20.44,58.0,4.5,0
flow_10.35,57.0,4.5,0
flow_30.48,42.5,4.0,0
flow_10.36,54.5,4.0,0
flow_30.49,39.0,3.5,0
flow_30.50,37.5,3.5,0
flow_10.37,55.0,4.5,0
flow_30.51,31.5,4.0,0
flow_10.38,50.0,4.0,0
flow_30.52,30.5,4.0,0
flow_10.39,48.5,4.5,0
flow_30.53,29.0,3.5,0
flow_10.40,47.5,4.5,0
flow_30.54,27.5,4.0,0
flow_10.41,46.5,4.0,0
flow_00.49,84.5,4.5,0
flow_20.45,82.5,4.5,0
flow_00.50,83.0,4.0,0
flow_20.46,78.0,4.0,0
flow_20.47,68.0,3.5,0
flow_00.51,82.5,4.0,0
flow_00.52,81.0,4.0,0
flow_20.48,60.0,4.0,0
flow_00.53,79.0,4.0,0
flow_20.49,56.5,4.5,0
flow_00.54,60.0,4.5,0
flow_20.50,47.5,4.5,0
flow_00.55,57.5,4.0,0
flow_20.51,41.0,4.0,0
flow_30.55,54.5,4.0,0
flow_10.42,72.5,4.5,0
flow_10.43,70.5,4.0,0
flow_30.56,49.0,4.0,0
flow_10.44,63.5,3.5,0
flow_30.57,48.5,3.5,0
flow_10.45,62.0,4.0,0
flow_30.58,39.5,4.0,0
flow_30.59,36.0,4.0,0
flow_10.46,53.5,4.0,0
flow_10.47,46.0,4.0,0
flow_30.60,35.0,4.0,0
flow_30.61,33.5,4.0,0
flow_10.48,45.0,4.5,0
flow_20.52,55.5,4.0,0
flow_00.56,83.5,4.0,0
flow_00.57,84.0,4.0,0
flow_20.53,57.5,4.0,0
flow_20.54,56.0,4.0,0
flow_00.58,84.0,4.0,0
flow_20.55,54.5,3.5,0
flow_00.59,83.0,4.5,0
flow_20.56,53.5,4.0,0
flow_00.60,80.0,4.0,0
flow_20.57,52.0,4.0,0
flow_00.61,61.5,4.5,0
flow_20.58,50.0,4.0,0
flow_00.62,59.5,4.0,0
flow_30.62,59.5,4.5,0
flow_10.49,71.5,4.5,0
flow_30.63,58.0,4.0,0
flow_10.50,71.5,4.5,0
flow_30.64,57.0,3.5,0
flow_10.51,70.0,4.0,0
flow_30.65,56.5,4.0,0
flow_10.52,68.0,4.0,0
flow_30.66,50.5,4.0,0
flow_10.53,67.0,4.0,0
flow_30.67,49.5,4.0,0
flow_10.54,61.5,4.0,0
flow_30.68,48.5,4.0,0
flow_10.55,59.0,4.5,0
flow_20.59,75.5,4.0,0
flow_00.63,85.0,4.5,0
flow_20.60,75.0,4.0,0
flow_00.64,84.5,4.0,0
flow_00.65,83.0,4.0,0
flow_20.61,75.0,3.5,0
flow_20.62,73.0,4.0,0
flow_00.66,83.5,5.0,0
flow_20.63,72.0,4.0,0
flow_00.67,81.0,4.5,0
flow_20.64,61.0,4.0,0
flow_00.68,61.5,4.5,0
flow_20.65,58.5,4.5,0
flow_00.69,59.0,4.0,0
flow_10.56,84.5,4.0,0
flow_30.69,75.5,4.5,0
flow_10.57,77.0,3.5,0
flow_30.70,72.0,4.0,0
flow_30.71,62.5,4.0,0
flow_10.58,54.5,3.5,0
flow_30.72,61.0,3.5,0
flow_10.59,52.0,4.0,0
flow_30.73,60.5,4.0,0
flow_10.60,51.5,4.0,0
flow_30.74,59.0,4.0,0
flow_10.61,48.0,4.5,0
flow_30.75,55.5,4.0,0
flow_10.62,46.5,4.0,0
flow_20.66,83.5,4.0,0
flow_00.70,84.5,4.5,0
flow_20.67,76.5,4.0,0
flow_00.71,83.5,4.5,0
flow_20.68,75.5,3.5,0
flow_00.72,82.0,3.5,0
flow_00.73,80.5,4.0,0
flow_20.69,73.0,4.0,0
flow_00.74,78.5,3.5,0
flow_20.70,71.5,4.0,0
flow_00.75,60.5,4.0,0
flow_20.71,60.5,4.5,0
flow_00.76,58.5,4.0,0
flow_20.72,58.5,4.0,0
flow_10.63,67.0,4.0,0
flow_30.76,81.5,4.5,0
flow_10.64,66.5,3.5,0
flow_30.77,81.5,4.0,0
flow_30.78,80.0,4.0,0
flow_10.65,57.5,4.0,0
flow_30.79,75.5,3.5,0
flow_10.66,35.0,4.0,0
flow_30.80,74.0,3.5,0
flow_10.67,31.5,4.0,0
flow_30.81,60.5,4.0,0
flow_10.68,30.5,4.5,0
flow_30.82,55.0,4.0,0
flow_10.69,29.5,4.5,0
flow_00.77,83.5,4.5,0
flow_20.73,83.5,4.5,0
flow_00.78,82.5,3.5,0
flow_20.74,81.0,4.0,0
flow_00.79,82.0,3.5,0
flow_20.75,77.0,4.0,0
flow_00.80,80.5,4.0,0
flow_20.76,70.5,3.5,0
flow_00.81,79.5,4.0,0
flow_20.77,68.0,4.0,0
flow_00.82,60.5,4.5,0
flow_20.78,61.0,4.0,0
flow_00.83,58.5,4.0,0
flow_20.79,59.0,4.5,0
flow_30.83,80.5,4.5,0
flow_10.70,50.5,4.0,0
flow_10.71,48.0,4.0,0
flow_30.84,81.5,4.0,0
flow_10.72,43.5,3.5,0
flow_30.85,77.0,4.0,0
flow_10.73,42.5,4.0,0
flow_30.86,75.5,4.0,0
flow_30.87,73.5,4.0,0
flow_10.74,24.5,3.0,0
flow_30.88,60.0,4.0,0
flow_30.89,58.0,4.0,0
flow_10.75,25.5,3.0,0
flow_20.80,81.5,4.0,0
flow_00.84,83.5,4.5,0
flow_20.81,83.0,4.0,0
flow_00.85,85.0,4.5,0
flow_00.86,84.0,4.5,0
flow_20.82,82.5,4.5,0
flow_00.87,82.0,4.5,0
flow_20.83,81.5,4.5,0
flow_00.88,80.0,4.5,0
flow_20.84,79.0,4.0,0
flow_20.85,61.5,4.5,0
flow_00.89,62.0,4.5,0
flow_20.86,59.0,4.0,0
flow_00.90,59.5,4.5,0
flow_30.90,84.0,4.5,0
flow_10.76,47.0,4.5,0
flow_30.91,83.5,4.0,0
flow_10.77,42.5,4.0,0
flow_30.92,82.0,4.0,0
flow_10.78,40.5,3.5,0
flow_30.93,80.5,3.5,0
flow_10.79,41.0,4.5,0
flow_30.94,79.5,4.0,0
flow_10.80,39.5,4.0,0
flow_30.95,61.0,4.5,0
flow_10.81,38.5,4.5,0
flow_30.96,59.5,4.5,0
flow_00.91,83.5,4.0,0
flow_20.87,85.0,4.5,0
flow_00.92,84.0,4.0,0
flow_20.88,85.0,4.0,0
flow_00.93,83.0,4.0,0
flow_20.89,83.0,4.0,0
flow_20.90,81.5,3.5,0
flow_00.94,82.0,4.0,0
flow_20.91,79.5,4.0,0
flow_00.95,81.0,4.5,0
flow_20.92,60.0,4.0,0
flow_00.96,62.0,4.5,0
flow_00.97,59.0,4.0,0
flow_20.93,58.5,4.0,0
flow_30.97,84.5,4.5,0
flow_10.82,37.5,4.0,0
flow_30.98,72.5,4.0,0
flow_10.83,37.5,4.0,0
flow_30.99,72.0,4.0,0
flow_30.100,66.5,4.0,0
flow_30.101,65.0,4.0,0
flow_30.102,60.5,4.5,0
flow_10.84,27.0,4.0,0
flow_30.103,58.0,4.0,0
flow_00.98,84.5,4.0,0
flow_20.94,84.0,4.5,0
flow_00.99,83.5,4.0,0
flow_20.95,81.0,4.0,0
flow_00.100,82.5,4.0,0
flow_20.96,76.5,4.5,0
flow_00.101,81.5,4.0,0
flow_20.97,73.5,4.0,0
flow_20.98,72.0,4.0,0
flow_00.102,80.0,4.5,0
flow_20.99,47.0,3.5,0
flow_00.103,61.0,4.0,0
flow_00.104,58.5,4.5,0
flow_20.100,44.5,4.0,0
flow_30.104,83.5,4.0,0
flow_30.105,83.5,4.0,0
flow_30.106,83.5,4.0,0
flow_10.85,24.5,3.0,0
flow_30.107,82.0,4.0,0
flow_30.108,79.5,4.0,0
flow_30.109,61.5,4.0,0
flow_10.86,27.0,4.0,0
flow_30.110,59.0,4.5,0
flow_10.87,25.5,3.0,0
flow_00.105,84.0,4.5,0
flow_20.101,70.5,4.5,0
flow_00.106,84.0,4.0,0
flow_20.102,70.5,4.0,0
flow_00.107,82.0,4.0,0
flow_20.103,53.0,4.0,0
flow_00.108,81.0,3.5,0
flow_20.104,47.0,4.5,0
flow_00.109,79.0,4.0,0
flow_20.105,42.5,4.0,0
flow_00.110,60.5,4.0,0
flow_20.106,40.5,4.0,0
flow_00.111,58.5,4.0,0
flow_20.107,39.5,4.5,0
flow_30.111,85.0,4.5,0
flow_30.112,84.0,4.0,0
flow_30.113,83.0,4.0,0
flow_10.88,24.0,3.0,0
flow_30.114,82.0,4.0,0
flow_30.115,82.5,5.0,0
flow_30.116,63.5,4.5,0
flow_30.117,60.5,4.5,0
flow_00.112,85.0,4.5,0
flow_20.108,54.5,4.5,0
flow_00.113,83.5,4.0,0
flow_20.109,53.0,4.0,0
flow_00.114,83.0,4.0,0
flow_20.110,51.5,4.0,0
flow_00.115,82.0,4.0,0
flow_20.111,46.0,4.0,0
flow_00.116,80.0,4.0,0
flow_20.112,45.0,4.0,0
flow_20.113,43.5,4.0,0
flow_00.117,61.5,4.0,0
flow_20.114,42.0,4.0,0
flow_00.118,59.0,4.5,0
flow_10.89,46.0,4.0,0
flow_30.118,86.0,4.5,0
flow_10.90,29.0,4.0,0
flow_30.119,84.0,4.0,0
flow_30.120,83.0,3.5,0
flow_30.121,81.5,3.5,0
flow_30.122,80.5,4.5,0
flow_30.123,60.5,4.0,0
flow_10.91,26.5,3.5,0
flow_30.124,59.0,4.0,0
flow_20.115,68.0,4.5,0
flow_00.119,85.5,5.0,0
flow_00.120,84.0,4.0,0
flow_20.116,59.5,4.5,0
flow_00.121,82.0,4.0,0
flow_00.122,80.5,3.5,0
flow_20.117,56.5,4.5,0
flow_20.118,54.0,4.0,0
flow_00.123,78.5,3.5,0
flow_20.119,53.0,4.0,0
flow_00.124,59.5,4.0,0
flow_20.120,52.0,4.5,0
flow_00.125,58.5,4.0,0
flow_20.121,39.0,4.0,0
flow_10.92,48.5,4.5,0
flow_30.125,85.0,4.5,0
flow_30.126,84.0,3.5,0
flow_10.93,44.0,4.0,0
flow_10.94,42.5,4.0,0
flow_30.127,83.0,4.0,0
flow_30.128,81.5,4.0,0
flow_10.95,39.0,4.5,0
flow_10.96,35.0,4.0,0
flow_30.129,79.5,4.0,0
flow_30.130,60.5,4.0,0
flow_10.97,34.5,4.5,0
flow_30.131,58.0,4.0,0
flow_10.98,32.5,4.0,0
flow_20.122,63.5,4.0,0
flow_00.126,84.0,4.5,0
flow_00.127,83.0,4.0,0
flow_20.123,63.0,4.0,0
flow_20.124,56.0,3.5,0
flow_00.128,82.5,4.0,0
flow_00.129,75.0,3.5,0
flow_20.125,35.0,4.0,0
flow_20.126,33.5,4.0,0
flow_00.130,68.0,4.0,0
flow_00.131,61.5,4.0,0
flow_00.132,59.0,4.0,0
flow_20.127,28.5,4.0,0
flow_30.132,83.5,4.5,0
flow_10.99,45.0,4.5,0
flow_30.133,83.0,4.0,0
flow_10.100,44.0,4.0,0
flow_30.134,82.0,4.0,0
flow_10.101,32.0,4.0,0
flow_10.102,30.5,4.0,0
flow_30.135,81.5,4.0,0
flow_10.103,29.5,4.0,0
flow_30.136,79.5,4.5,0
flow_30.137,60.0,4.0,0
flow_30.138,57.5,4.0,0
flow_00.133,85.0,4.5,0
flow_20.128,40.5,4.5,0
flow_00.134,84.0,4.0,0
flow_20.129,39.5,4.0,0
flow_00.135,69.5,4.5,0
flow_20.130,40.5,4.5,0
flow_00.136,63.0,4.0,0
flow_20.131,39.0,4.5,0
flow_00.137,55.5,4.0,0
flow_20.132,36.5,4.0,0
flow_00.138,46.5,4.0,0
flow_20.133,30.5,4.5,0
flow_00.139,44.0,4.5,0
flow_20.134,29.0,4.0,0
flow_10.104,43.5,4.0,0
flow_30.139,82.5,4.0,0
flow_30.140,82.5,3.5,0
flow_10.105,43.0,4.0,0
flow_10.106,41.5,4.0,0
flow_30.141,82.5,4.0,0
flow_30.142,81.5,4.5,0
flow_30.143,79.0,4.0,0
flow_30.144,60.5,4.0,0
flow_30.145,58.5,4.0,0
flow_20.135,52.0,4.5,0
flow_00.140,70.5,4.0,0
flow_20.136,51.5,4.0,0
flow_00.141,63.5,4.0,0
flow_20.137,42.5,4.0,0
flow_00.142,41.5,4.0,0
flow_20.138,41.5,4.0,0
flow_00.143,33.0,4.0,0
flow_20.139,40.5,4.0,0
flow_00.144,25.5,3.0,0
flow_20.140,39.5,4.0,0
flow_20.141,33.0,4.5,0
flow_30.146,84.5,4.5,0
flow_30.147,83.0,4.0,0
flow_30.148,81.5,3.5,0
flow_30.149,81.0,4.0,0
flow_30.150,78.5,3.5,0
flow_30.151,60.0,4.0,0
flow_10.107,26.0,3.5,0
flow_30.152,58.0,4.0,0
flow_00.145,52.0,4.0,0
flow_20.142,59.0,4.5,0
flow_00.146,51.5,3.5,0
flow_20.143,60.0,4.5,0
flow_20.144,58.0,4.0,0
flow_00.147,53.5,4.5,0
flow_20.145,57.0,4.0,0
flow_00.148,51.5,4.0,0
flow_20.146,55.0,4.0,0
flow_00.149,38.0,4.5,0
flow_00.150,30.0,4.0,0
flow_20.147,54.5,4.0,0
flow_20.148,52.5,4.5,0
flow_30.153,83.5,4.5,0
flow_10.108,53.0,4.5,0
flow_10.109,47.5,4.0,0
flow_30.154,84.5,4.5,0
flow_10.110,46.0,4.0,0
flow_30.155,82.5,4.0,0
flow_30.156,81.0,4.0,0
flow_10.111,44.0,3.5,0
flow_10.112,34.0,3.5,0
flow_30.157,79.0,4.5,0
flow_30.158,60.0,4.0,0
flow_10.113,33.0,4.0,0
flow_10.114,26.5,3.5,0
flow_30.159,59.0,4.5,0
flow_00.151,52.0,4.0,0
flow_20.149,77.0,4.5,0
flow_00.152,52.0,4.0,0
flow_20.150,76.0,4.0,0
flow_00.153,51.5,4.0,0
flow_20.151,74.0,4.0,0
flow_20.152,72.5,4.0,0
flow_00.154,51.0,4.0,0
flow_20.153,69.5,4.5,0
flow_00.155,50.0,4.5,0
flow_20.154,60.5,4.0,0
flow_00.156,48.0,4.0,0
flow_20.155,58.0,4.5,0
flow_00.157,47.0,4.5,0
flow_10.115,42.5,4.5,0
flow_30.160,84.0,4.5,0
flow_30.161,83.0,4.0,0
flow_10.116,42.0,4.0,0
flow_30.162,82.5,4.0,0
flow_10.117,24.5,3.0,0
flow_30.163,81.0,4.0,0
flow_10.118,24.0,3.0,0
flow_30.164,80.0,4.0,0
flow_30.165,60.5,4.0,0
flow_10.119,25.0,3.0,0
flow_30.166,58.5,4.0,0
flow_20.156,83.5,4.0,0
flow_00.158,72.5,4.5,0
flow_20.157,83.0,4.0,0
flow_00.159,72.5,4.0,0
flow_00.160,70.5,3.5,0
flow_20.158,76.0,4.0,0
flow_20.159,67.0,3.5,0
flow_00.161,49.0,3.5,0
flow_20.160,65.5,4.0,0
flow_00.162,49.5,4.5,0
flow_20.161,60.0,4.0,0
flow_00.163,47.5,4.5,0
flow_20.162,56.5,4.0,0
flow_00.164,47.0,4.5,0
flow_30.167,84.0,4.5,0
flow_10.120,38.5,4.0,0
flow_30.168,82.5,3.5,0
flow_10.121,39.5,4.0,0
flow_30.169,82.5,4.0,0
flow_10.122,31.5,4.0,0
flow_30.170,81.0,4.5,0
flow_10.123,29.0,4.0,0
flow_20.0,24.5,3.0,0
flow_10.0,29.0,4.0,0
flow_30.0,29.5,4.5,0
flow_30.1,26.0,3.5,0
flow_10.1,26.0,3.5,0
flow_30.2,25.0,3.5,0
flow_10.2,25.0,3.5,0
flow_30.3,24.5,3.0,0
flow_10.3,25.0,3.5,0
flow_00.0,51.0,4.0,0
flow_00.1,51.0,3.5,0
flow_00.2,50.0,3.5,0
flow_00.3,43.5,3.5,0
flow_00.4,42.0,4.0,0
flow_20.1,23.5,3.0,0
flow_00.5,40.5,4.0,0
flow_00.6,34.0,4.0,0
flow_10.4,51.0,4.5,0
flow_30.4,32.5,4.0,0
flow_10.5,44.5,3.5,0
flow_10.6,41.5,3.5,0
flow_10.7,40.5,3.5,0
flow_10.8,39.5,4.0,0
flow_10.9,35.0,4.0,0
flow_30.5,24.0,3.0,0
flow_10.10,33.5,3.5,0
flow_20.2,55.0,4.5,0
flow_00.7,55.0,4.5,0
flow_00.8,53.5,4.0,0
flow_20.3,55.0,4.0,0
flow_00.9,52.0,4.0,0
flow_20.4,53.0,4.0,0
flow_00.10,51.0,3.5,0
flow_20.5,47.5,3.5,0
flow_00.11,49.5,4.0,0
flow_20.6,29.5,3.5,0
flow_00.12,48.0,3.5,0
flow_00.13,46.5,3.5,0
flow_30.6,44.0,4.0,0
flow_10.11,58.5,4.5,0
flow_10.12,56.0,4.0,0
flow_30.7,43.5,4.0,0
flow_30.8,35.0,3.5,0
flow_10.13,55.0,4.0,0
flow_30.9,32.5,3.5,0
flow_10.14,54.0,4.0,0
flow_10.15,52.5,4.0,0
flow_30.10,31.5,4.0,0
flow_10.16,51.5,4.0,0
flow_30.11,31.5,4.5,0
flow_10.17,50.0,4.0,0
flow_30.12,29.5,4.0,0
flow_00.14,72.5,4.5,0
flow_20.7,33.0,4.0,0
flow_00.15,72.0,4.0,0
flow_20.8,26.0,3.5,0
flow_00.16,67.5,3.5,0
flow_20.9,24.0,2.5,0
flow_00.17,67.0,4.0,0
flow_00.18,65.5,4.0,0
flow_00.19,60.0,4.5,0
flow_00.20,57.5,4.0,0
flow_10.18,75.0,4.0,0
flow_30.13,55.0,4.5,0
flow_10.19,75.0,4.0,0
flow_30.14,54.0,4.0,0
flow_10.20,73.5,3.5,0
flow_30.15,54.5,4.5,0
flow_10.21,72.5,4.0,0
flow_30.16,52.5,4.0,0
flow_10.22,65.0,4.0,0
flow_30.17,51.5,4.5,0
flow_10.23,57.5,4.0,0
flow_30.18,47.5,4.0,0
flow_10.24,56.0,4.0,0
flow_30.19,46.0,4.0,0
flow_00.21,72.0,4.0,0
flow_00.22,72.0,4.0,0
flow_00.23,69.0,4.0,0
flow_00.24,60.5,4.5,0
flow_00.25,59.0,4.0,0
flow_00.26,53.0,4.5,0
flow_00.27,54.5,5.0,0
flow_10.25,83.0,4.5,0
flow_30.20,70.5,4.5,0
flow_10.26,82.0,4.0,0
flow_30.21,69.5,4.0,0
flow_10.27,73.5,4.0,0
flow_30.22,60.5,4.0,0
flow_10.28,72.5,3.5,0
flow_30.23,60.0,4.0,0
flow_10.29,63.0,4.0,0
flow_30.24,55.0,4.0,0
flow_10.30,61.0,4.0,0
flow_30.25,53.5,4.0,0
flow_10.31,58.5,4.0,0
flow_30.26,52.0,4.0,0
flow_20.10,42.0,4.0,0
flow_00.28,74.0,4.5,0
flow_20.11,25.5,3.5,0
flow_00.29,52.5,4.0,0
flow_00.30,51.0,4.0,0
flow_00.31,38.0,4.0,0
flow_00.32,32.5,4.0,0
flow_00.33,31.0,4.0,0
flow_10.32,83.5,4.0,0
flow_30.27,78.5,4.5,0
flow_30.28,77.0,4.0,0
flow_10.33,83.5,4.0,0
flow_10.34,82.5,4.0,0
flow_30.29,77.0,4.0,0
flow_10.35,80.5,3.5,0
flow_30.30,75.5,4.0,0
flow_10.36,79.0,3.5,0
flow_30.31,74.0,4.5,0
flow_10.37,60.5,4.0,0
flow_30.32,61.5,4.0,0
flow_10.38,58.0,4.0,0
flow_30.33,59.0,4.5,0
flow_00.34,52.5,4.0,0
flow_20.12,48.5,4.5,0
flow_20.13,40.0,4.0,0
flow_00.35,53.0,4.0,0
flow_00.36,51.0,3.5,0
flow_00.37,39.5,4.0,0
flow_00.38,38.0,4.0,0
flow_20.14,28.0,4.0,0
flow_00.39,36.5,4.0,0
flow_00.40,35.0,3.5,0
flow_30.34,84.0,4.5,0
flow_10.39,84.0,4.5,0
flow_30.35,82.5,3.5,0
flow_10.40,83.0,4.0,0
flow_10.41,82.0,4.0,0
flow_30.36,83.0,4.0,0
flow_10.42,74.0,3.5,0
flow_30.37,82.5,4.5,0
flow_10.43,68.5,4.0,0
flow_30.38,80.5,4.0,0
flow_10.44,60.0,4.0,0
flow_30.39,62.0,4.5,0
flow_10.45,49.5,4.0,0
flow_30.40,59.0,4.0,0
flow_20.15,52.5,4.5,0
flow_00.41,62.5,4.5,0
flow_20.16,52.0,4.0,0
flow_00.42,61.5,4.0,0
flow_20.17,51.0,4.0,0
flow_00.43,54.0,4.0,0
flow_00.44,49.0,4.5,0
flow_00.45,46.0,4.5,0
flow_00.46,39.5,4.5,0
flow_00.47,33.5,4.5,0
flow_10.46,76.0,4.0,0
flow_30.41,84.5,4.5,0
flow_30.42,83.0,4.0,0
flow_10.47,77.5,4.5,0
flow_30.43,82.5,4.0,0
flow_10.48,76.0,4.0,0
flow_30.44,81.0,4.0,0
flow_10.49,73.5,4.0,0
flow_30.45,79.0,4.0,0
flow_10.50,71.5,4.0,0
flow_30.46,60.5,3.5,0
flow_10.51,61.0,4.5,0
flow_30.47,58.0,4.0,0
flow_10.52,59.0,4.0,0
flow_00.48,56.5,4.0,0
flow_20.18,38.5,4.0,0
flow_00.49,53.5,4.0,0
flow_20.19,36.5,4.5,0
flow_00.50,52.0,4.0,0
flow_00.51,52.5,4.0,0
flow_00.52,49.0,4.0,0
flow_00.53,39.5,4.0,0
flow_00.54,38.5,4.0,0
flow_10.53,84.0,4.0,0
flow_10.54,83.0,3.5,0
flow_30.48,87.0,5.0,0
flow_30.49,85.0,4.5,0
flow_10.55,83.0,4.0,0
flow_30.50,83.5,4.5,0
flow_10.56,81.5,4.0,0
flow_30.51,82.0,4.0,0
flow_10.57,79.5,4.0,0
flow_30.52,80.0,4.0,0
flow_10.58,60.0,4.0,0
flow_10.59,57.5,4.0,0
flow_30.53,64.0,5.0,0
flow_30.54,61.0,5.0,0
flow_20.20,36.0,4.0,0
flow_00.55,46.5,4.0,0
flow_20.21,27.5,4.0,0
flow_00.56,44.0,4.5,0
flow_00.57,43.0,4.0,0
flow_00.58,34.5,4.0,0
flow_00.59,30.0,4.0,0
flow_00.60,26.0,3.5,0
flow_30.55,84.0,4.5,0
flow_10.60,84.5,4.5,0
flow_30.56,84.0,4.0,0
flow_10.61,82.0,4.5,0
flow_30.57,83.0,4.0,0
flow_10.62,80.5,4.5,0
flow_10.63,77.0,4.5,0
flow_30.58,83.0,4.5,0
flow_30.59,80.5,4.0,0
flow_10.64,75.0,4.5,0
flow_10.65,62.0,4.5,0
flow_30.60,62.5,4.5,0
flow_10.66,60.0,4.5,0
flow_30.61,60.0,4.5,0
flow_00.61,52.0,4.0,0
flow_20.22,50.0,4.5,0
flow_00.62,51.0,3.5,0
flow_20.23,30.0,4.5,0
flow_00.63,43.5,3.5,0
flow_20.24,27.5,4.0,0
flow_20.25,26.0,3.5,0
flow_00.64,42.0,4.0,0
flow_00.65,26.5,3.5,0
flow_20.26,25.0,3.5,0
flow_00.66,25.5,3.5,0
flow_20.27,26.0,3.5,0
flow_10.67,83.5,4.0,0
flow_30.62,84.0,4.5,0
flow_30.63,83.0,4.0,0
flow_10.68,83.5,4.0,0
flow_30.64,82.0,4.0,0
flow_10.69,78.5,4.0,0
flow_10.70,72.0,3.5,0
flow_30.65,81.5,4.0,0
flow_30.66,79.0,4.0,0
flow_10.71,70.5,4.0,0
flow_30.67,60.5,3.5,0
flow_10.72,60.0,3.5,0
flow_10.73,54.0,4.0,0
flow_30.68,58.5,4.0,0
flow_00.67,38.0,4.0,0
flow_20.28,26.0,3.5,0
flow_00.68,35.5,3.5,0
flow_20.29,25.5,3.0,0
flow_00.69,26.0,3.5,0
flow_00.70,24.0,2.5,0
flow_30.69,84.0,4.5,0
flow_10.74,81.0,4.5,0
flow_10.75,79.5,4.0,0
flow_30.70,84.0,4.0,0
flow_10.76,76.5,4.0,0
flow_30.71,83.5,4.5,0
flow_10.77,75.0,4.0,0
flow_30.72,84.5,5.0,0
flow_10.78,73.5,4.5,0
flow_30.73,81.5,4.5,0
flow_10.79,61.5,4.0,0
flow_30.74,62.5,4.5,0
flow_10.80,58.5,4.5,0
flow_30.75,60.0,4.0,0
flow_20.30,49.0,4.0,0
flow_00.71,42.5,4.0,0
flow_20.31,49.0,4.0,0
flow_00.72,44.0,4.5,0
flow_00.73,31.5,4.0,0
flow_00.74,30.0,4.5,0
flow_00.75,29.0,4.0,0
flow_00.76,26.0,3.5,0
flow_30.76,84.0,4.5,0
flow_10.81,84.5,4.5,0
flow_10.82,82.5,3.5,0
flow_30.77,83.5,4.0,0
flow_30.78,82.0,4.0,0
flow_10.83,83.5,4.0,0
flow_30.79,81.5,4.0,0
flow_10.84,82.0,4.0,0
flow_30.80,79.0,4.0,0
flow_10.85,79.5,4.0,0
flow_30.81,61.0,4.0,0
flow_10.86,61.5,4.0,0
flow_30.82,58.0,4.0,0
flow_10.87,59.5,4.5,0
flow_20.32,30.5,4.0,0
flow_00.77,55.5,4.5,0
flow_00.78,55.0,4.0,0
flow_00.79,54.0,4.5,0
flow_00.80,44.5,4.0,0
flow_00.81,42.0,4.0,0
flow_20.33,24.0,3.0,0
flow_00.82,39.0,4.0,0
flow_00.83,38.0,4.0,0
flow_10.88,83.5,4.0,0
flow_30.83,84.0,4.5,0
flow_10.89,83.5,4.0,0
flow_30.84,85.0,4.5,0
flow_10.90,82.0,3.5,0
flow_30.85,83.5,4.5,0
flow_10.91,80.5,4.0,0
flow_30.86,82.0,4.0,0
flow_30.87,79.5,4.0,0
flow_10.92,64.5,4.5,0
flow_30.88,61.0,4.0,0
flow_10.93,60.5,4.0,0
flow_10.94,55.0,4.0,0
flow_30.89,58.5,4.0,0
flow_20.34,55.0,4.5,0
flow_00.84,61.5,4.5,0
flow_00.85,60.0,4.0,0
flow_20.35,54.0,4.0,0
flow_00.86,53.5,3.5,0
flow_20.36,38.5,4.0,0
flow_00.87,44.5,4.0,0
flow_00.88,41.5,4.0,0
flow_00.89,40.5,4.0,0
flow_00.90,39.0,4.0,0
flow_10.95,68.5,4.5,0
flow_30.90,84.0,4.5,0
flow_30.91,82.5,3.5,0
flow_10.96,67.5,4.0,0
flow_10.97,66.5,3.5,0
flow_30.92,83.0,4.0,0
flow_10.98,65.5,3.5,0
flow_30.93,82.0,4.0,0
flow_30.94,79.5,4.0,0
flow_10.99,65.5,4.5,0
flow_30.95,61.0,4.0,0
flow_10.100,61.0,4.5,0
flow_10.101,54.5,4.0,0
flow_30.96,58.5,4.0,0
flow_20.37,42.5,4.5,0
flow_00.91,66.5,4.5,0
flow_00.92,49.5,4.0,0
flow_20.38,24.5,3.0,0
flow_00.93,48.0,4.0,0
flow_00.94,46.5,4.0,0
flow_00.95,47.0,4.5,0
flow_00.96,45.5,4.5,0
flow_00.97,42.0,4.5,0
flow_10.102,80.0,4.0,0
flow_30.97,85.0,4.5,0
flow_30.98,83.0,4.0,0
flow_10.103,80.0,4.0,0
flow_30.99,82.0,4.0,0
flow_10.104,79.0,4.0,0
flow_30.100,81.0,3.5,0
flow_10.105,78.0,4.0,0
flow_30.101,80.0,4.5,0
flow_10.106,76.5,4.5,0
flow_30.102,61.5,4.0,0
flow_10.107,61.5,4.0,0
flow_30.103,58.5,4.5,0
flow_10.108,59.0,4.0,0
flow_00.98,67.0,4.5,0
flow_20.39,47.5,4.5,0
flow_00.99,66.0,3.5,0
flow_20.40,41.5,3.5,0
flow_00.100,63.5,3.5,0
flow_00.101,64.5,4.0,0
flow_00.102,62.5,4.5,0
flow_00.103,60.5,4.0,0
flow_00.104,58.5,4.5,0
flow_10.109,84.0,4.0,0
flow_30.104,84.0,4.5,0
flow_30.105,82.5,4.0,0
flow_10.110,85.0,4.5,0
flow_30.106,82.0,4.0,0
flow_10.111,81.5,4.0,0
flow_30.107,80.5,3.5,0
flow_10.112,75.0,4.0,0
flow_30.108,79.5,4.0,0
flow_10.113,74.0,4.0,0
flow_30.109,60.5,3.5,0
flow_10.114,59.0,4.5,0
flow_30.110,57.5,3.5,0
flow_10.115,57.5,4.0,0
flow_00.105,81.0,4.5,0
flow_20.41,31.0,4.5,0
flow_00.106,78.0,4.0,0
flow_20.42,28.0,4.0,0
flow_00.107,74.0,4.0,0
flow_00.108,73.0,4.0,0
flow_00.109,30.5,4.0,0
flow_00.110,24.0,3.0,0
flow_10.116,84.0,4.5,0
flow_30.111,86.0,5.0,0
flow_10.117,78.0,4.0,0
flow_30.112,85.5,4.5,0
flow_10.118,75.5,4.0,0
flow_30.113,84.0,4.5,0
flow_30.114,82.5,4.5,0
flow_10.119,76.5,4.5,0
flow_30.115,80.5,4.0,0
flow_10.120,66.0,4.5,0
flow_30.116,62.0,4.5,0
flow_10.121,55.0,4.5,0
flow_30.117,59.0,4.0,0
flow_10.122,35.0,4.0,0
flow_00.111,50.5,4.0,0
flow_20.43,32.5,4.5,0
flow_00.112,50.5,3.5,0
flow_00.113,46.5,3.5,0
flow_00.114,46.5,4.5,0
flow_00.115,43.5,4.0,0
flow_00.116,39.0,4.5,0
flow_10.123,59.5,4.0,0
flow_30.118,84.0,4.5,0
flow_30.119,82.5,3.5,0
flow_10.124,60.0,4.0,0
flow_30.120,82.0,4.0,0
flow_10.125,60.0,4.5,0
flow_30.121,81.5,4.0,0
flow_10.126,51.0,4.0,0
flow_30.122,79.0,4.0,0
flow_10.127,50.5,4.0,0
flow_30.123,62.0,4.0,0
flow_10.128,36.5,4.5,0
flow_30.124,59.0,4.5,0
flow_10.129,26.5,4.0,0
flow_00.117,55.0,4.5,0
flow_20.44,43.0,4.0,0
flow_20.45,28.5,4.0,0
flow_00.118,54.5,4.0,0
flow_20.46,27.5,4.0,0
flow_00.119,54.0,4.0,0
flow_20.47,26.0,3.5,0
flow_00.120,52.5,4.0,0
flow_00.121,51.0,4.0,0
flow_20.48,27.0,3.5,0
flow_00.122,33.0,4.5,0
flow_00.123,28.0,4.0,0
flow_10.130,46.0,4.0,0
flow_30.125,84.5,4.5,0
flow_30.126,84.0,4.0,0
flow_10.131,41.0,4.0,0
flow_30.127,82.5,4.0,0
flow_10.132,28.0,4.0,0
flow_30.128,81.0,3.5,0
flow_10.133,26.5,4.0,0
flow_30.129,79.0,4.0,0
flow_30.130,61.0,4.0,0
flow_10.134,25.0,3.0,0
flow_30.131,58.5,4.0,0
flow_20.49,44.0,4.0,0
flow_00.124,54.0,4.5,0
flow_00.125,52.5,4.0,0
flow_00.126,51.0,3.5,0
flow_00.127,50.5,4.0,0
flow_20.50,24.5,3.0,0
flow_00.128,38.5,3.5,0
flow_00.129,37.0,4.0,0
flow_20.51,24.5,3.0,0
flow_00.130,28.5,4.5,0
flow_10.135,51.5,4.0,0
flow_30.132,84.0,4.5,0
flow_30.133,83.0,4.0,0
flow_10.136,40.5,4.0,0
flow_30.134,82.0,4.0,0
flow_10.137,38.5,4.0,0
flow_30.135,81.5,4.0,0
flow_10.138,31.0,4.0,0
flow_30.136,80.0,4.5,0
flow_10.139,31.5,4.5,0
flow_30.137,62.0,4.5,0
flow_10.140,30.0,4.5,0
flow_30.138,59.0,4.5,0
flow_00.131,52.5,4.0,0
flow_20.52,39.0,4.5,0
flow_00.132,49.0,4.0,0
flow_00.133,40.5,4.0,0
flow_00.134,34.5,4.0,0
flow_20.53,24.0,3.0,0
flow_00.135,25.5,3.5,0
flow_20.54,25.5,3.0,0
flow_30.139,83.5,4.0,0
flow_10.141,54.5,4.5,0
flow_10.142,45.0,4.0,0
flow_30.140,83.5,4.0,0
flow_10.143,44.5,4.0,0
flow_30.141,83.0,4.0,0
flow_30.142,81.5,4.0,0
flow_10.144,31.0,4.0,0
flow_30.143,79.0,4.0,0
flow_10.145,30.0,4.0,0
flow_30.144,60.5,3.5,0
flow_10.146,28.5,4.0,0
flow_30.145,57.5,4.0,0
flow_00.136,53.5,4.5,0
flow_20.55,51.5,4.5,0
flow_20.56,49.5,4.0,0
flow_00.137,25.5,3.5,0
flow_00.138,26.5,3.5,0
flow_20.57,29.0,4.5,0
flow_20.58,27.5,4.0,0
flow_00.139,25.5,3.0,0
flow_20.59,26.0,3.5,0
flow_00.140,25.0,3.0,0
flow_10.147,53.5,4.5,0
flow_30.146,84.5,4.5,0
flow_30.147,83.0,4.0,0
flow_10.148,37.0,4.0,0
flow_30.148,82.5,4.0,0
flow_10.149,33.5,4.0,0
flow_30.149,81.0,3.5,0
flow_10.150,29.0,4.5,0
flow_30.150,79.5,4.0,0
flow_10.151,25.5,3.5,0
flow_30.151,61.0,4.0,0
flow_30.152,58.5,4.0,0
flow_00.141,51.5,4.0,0
flow_20.60,47.5,4.5,0
flow_00.142,50.0,3.5,0
flow_20.61,42.5,4.0,0
flow_00.143,39.0,3.5,0
flow_20.62,37.0,4.0,0
flow_00.144,38.5,4.0,0
flow_20.63,30.5,4.0,0
flow_00.145,29.5,4.0,0
flow_00.146,28.5,4.0,0
flow_00.147,27.0,4.0,0
flow_30.153,84.5,4.5,0
flow_10.152,52.5,5.0,0
flow_30.154,83.5,4.0,0
flow_10.153,50.0,4.5,0
flow_30.155,83.0,4.0,0
flow_10.154,28.0,4.5,0
flow_30.156,81.5,4.0,0
flow_10.155,26.5,3.5,0
flow_30.157,79.5,4.5,0
flow_10.156,26.0,3.5,0
flow_30.158,61.5,4.0,0
flow_30.159,58.5,4.5,0
flow_20.64,27.5,4.0,0
flow_00.148,55.0,5.0,0
flow_00.149,54.0,4.0,0
flow_20.65,27.0,4.0,0
flow_00.150,52.0,4.0,0
flow_00.151,51.5,4.5,0
flow_00.152,50.0,4.5,0
flow_00.153,25.5,3.5,0
flow_30.160,83.5,4.0,0
flow_10.157,49.0,4.5,0
flow_30.161,82.5,3.5,0
flow_10.158,43.0,4.0,0
flow_30.162,81.5,3.5,0
flow_10.159,41.0,4.0,0
flow_30.163,81.5,4.0,0
flow_10.160,41.0,4.0,0
flow_10.0,24.0,3.0,0
flow_30.0,31.0,4.5,0
flow_30.1,29.5,4.5,0
flow_30.2,27.5,4.0,0
flow_30.3,27.0,4.0,0
flow_10.1,27.5,4.0,0
flow_30.4,25.0,3.5,0
flow_10.2,27.0,4.0,0
flow_20.0,49.5,4.5,0
flow_00.0,44.0,4.5,0
flow_00.1,37.0,4.0,0
flow_20.1,37.0,4.0,0
flow_00.2,31.0,4.0,0
flow_00.3,27.0,4.0,0
flow_00.4,25.5,3.5,0
flow_00.5,27.5,3.5,0
flow_30.5,54.5,4.5,0
flow_10.3,54.5,4.5,0
flow_10.4,53.5,4.0,0
flow_30.6,54.0,4.0,0
flow_10.5,48.5,4.0,0
flow_30.7,47.0,4.0,0
flow_10.6,47.5,4.0,0
flow_30.8,28.5,4.0,0
flow_10.7,46.5,4.5,0
flow_10.8,35.0,4.5,0
flow_30.9,24.5,3.0,0
flow_10.9,33.5,4.0,0
flow_00.6,51.5,4.0,0
flow_00.7,52.5,4.0,0
flow_00.8,51.0,4.0,0
flow_00.9,49.5,3.5,0
flow_20.2,24.5,3.0,0
flow_00.10,48.5,4.0,0
flow_00.11,48.0,4.0,0
flow_00.12,46.0,4.0,0
flow_10.10,58.0,4.0,0
flow_30.10,42.5,4.0,0
flow_10.11,58.0,4.0,0
flow_30.11,41.5,4.0,0
flow_30.12,30.0,4.0,0
flow_10.12,47.0,4.0,0
flow_30.13,25.5,3.5,0
flow_10.13,45.5,4.0,0
flow_10.14,40.0,4.0,0
flow_10.15,40.0,4.5,0
flow_10.16,38.0,4.0,0
flow_00.13,71.0,4.0,0
flow_20.3,48.0,4.0,0
flow_00.14,70.5,3.5,0
flow_20.4,44.5,4.0,0
flow_20.5,41.5,3.5,0
flow_00.15,70.5,4.0,0
flow_00.16,69.0,4.0,0
flow_00.17,67.0,4.0,0
flow_20.6,23.0,2.5,0
flow_00.18,60.5,4.0,0
flow_00.19,58.0,4.0,0
flow_30.14,40.5,4.0,0
flow_10.17,64.5,5.0,0
flow_10.18,63.5,4.0,0
flow_30.15,34.0,4.0,0
flow_30.16,32.5,4.0,0
flow_10.19,63.0,4.5,0
flow_30.17,31.5,4.0,0
flow_10.20,62.0,4.5,0
flow_30.18,30.0,4.0,0
flow_10.21,60.0,4.0,0
flow_10.22,48.5,4.5,0
flow_30.19,29.5,4.0,0
flow_10.23,47.0,4.0,0
flow_30.20,27.5,4.0,0
flow_00.20,84.0,4.5,0
flow_20.7,33.0,4.0,0
flow_00.21,82.5,4.0,0
flow_20.8,33.5,4.0,0
flow_00.22,81.5,4.0,0
flow_00.23,80.5,3.5,0
flow_00.24,75.5,3.5,0
flow_00.25,59.5,4.0,0
flow_00.26,58.0,4.5,0
flow_10.24,73.5,4.5,0
flow_30.21,54.0,4.5,0
flow_10.25,72.0,3.5,0
flow_30.22,53.0,4.0,0
flow_10.26,71.0,3.5,0
flow_30.23,52.0,4.0,0
flow_10.27,59.0,3.5,0
flow_30.24,50.5,3.5,0
flow_10.28,58.0,4.0,0
flow_30.25,47.0,4.0,0
flow_30.26,45.5,3.5,0
flow_10.29,50.0,4.0,0
flow_10.30,48.5,4.0,0
flow_30.27,44.5,4.0,0
flow_20.9,33.5,4.5,0
flow_00.27,84.0,4.5,0
flow_00.28,83.0,4.0,0
flow_00.29,82.5,4.0,0
flow_00.30,81.0,3.5,0
flow_20.10,23.5,3.0,0
flow_00.31,79.5,4.0,0
flow_00.32,62.5,4.5,0
flow_00.33,60.0,4.5,0
flow_10.31,74.0,4.0,0
flow_30.28,68.0,4.5,0
flow_30.29,62.0,3.5,0
flow_30.30,61.0,3.5,0
flow_10.32,69.5,4.5,0
flow_10.33,64.5,4.0,0
flow_30.31,60.5,3.5,0
flow_10.34,63.0,4.0,0
flow_30.32,59.5,4.0,0
flow_10.35,61.5,4.0,0
flow_30.33,57.5,3.5,0
flow_10.36,54.0,4.5,0
flow_30.34,47.5,4.0,0
flow_10.37,46.5,4.5,0
flow_00.34,84.0,4.5,0
flow_20.11,46.0,4.0,0
flow_00.35,84.0,4.0,0
flow_00.36,83.0,4.0,0
flow_00.37,81.5,4.0,0
flow_20.12,24.0,3.0,0
flow_00.38,79.5,4.0,0
flow_00.39,60.5,4.0,0
flow_00.40,57.5,4.0,0
flow_30.35,72.5,4.0,0
flow_10.38,70.5,4.5,0
flow_30.36,71.5,3.5,0
flow_10.39,70.0,4.0,0
flow_30.37,28.0,3.5,0
flow_10.40,70.5,4.5,0
flow_10.41,68.5,4.0,0
flow_10.42,66.5,4.5,0
flow_30.38,25.5,3.5,0
flow_10.43,60.5,4.5,0
flow_10.44,59.0,4.5,0
flow_00.41,85.0,4.5,0
flow_00.42,83.5,4.0,0
flow_00.43,82.5,4.0,0
flow_00.44,81.5,4.0,0
flow_00.45,79.5,4.5,0
flow_00.46,61.5,4.0,0
flow_00.47,58.5,4.0,0
flow_30.39,44.5,4.0,0
flow_10.45,85.0,5.0,0
flow_10.46,83.0,4.0,0
flow_10.47,81.0,4.0,0
flow_10.48,80.0,3.5,0
flow_30.40,25.5,3.5,0
flow_10.49,79.0,4.0,0
flow_10.50,61.0,4.0,0
flow_30.41,24.5,3.0,0
flow_10.51,58.5,4.0,0
flow_00.48,84.5,4.5,0
flow_00.49,85.5,4.5,0
flow_00.50,83.5,4.0,0
flow_00.51,82.0,4.0,0
flow_00.52,80.0,4.5,0
flow_00.53,61.5,4.0,0
flow_00.54,58.5,4.5,0
flow_30.42,39.0,4.0,0
flow_10.52,84.5,4.5,0
flow_30.43,26.0,3.5,0
flow_10.53,84.0,4.0,0
flow_10.54,83.0,4.0,0
flow_10.55,82.0,4.0,0
flow_30.44,24.0,3.0,0
flow_10.56,80.5,4.5,0
flow_10.57,61.5,4.0,0
flow_30.45,26.0,3.5,0
flow_10.58,59.5,4.5,0
flow_20.13,50.5,4.0,0
flow_00.55,84.5,4.5,0
flow_00.56,83.0,4.0,0
flow_20.14,30.0,4.0,0
flow_20.15,25.0,3.5,0
flow_00.57,84.0,4.5,0
flow_00.58,82.5,4.0,0
flow_00.59,80.0,4.0,0
flow_00.60,61.5,4.0,0
flow_00.61,59.0,4.0,0
flow_10.59,84.5,4.5,0
flow_30.46,51.5,4.5,0
flow_10.60,83.0,3.5,0
flow_30.47,51.5,4.0,0
flow_10.61,83.0,4.0,0
flow_30.48,51.5,4.5,0
flow_10.62,81.5,3.5,0
flow_30.49,42.0,4.0,0
flow_10.63,79.5,4.0,0
flow_30.50,27.5,4.0,0
flow_10.64,61.0,4.5,0
flow_10.65,59.0,4.0,0
flow_00.62,84.0,4.5,0
flow_20.16,43.0,4.5,0
flow_00.63,82.5,3.5,0
flow_00.64,82.5,4.0,0
flow_20.17,25.5,3.0,0
flow_00.65,81.0,3.5,0
flow_00.66,78.5,4.0,0
flow_00.67,60.5,4.0,0
flow_00.68,58.0,4.0,0
flow_10.66,83.5,4.0,0
flow_30.51,47.5,4.0,0
flow_30.52,46.5,3.5,0
flow_10.67,83.5,4.0,0
flow_30.53,45.5,3.5,0
flow_10.68,82.0,4.0,0
flow_30.54,45.5,3.5,0
flow_10.69,81.5,4.0,0
flow_10.70,79.0,4.0,0
flow_30.55,46.5,4.5,0
flow_10.71,60.5,4.0,0
flow_30.56,44.5,4.5,0
flow_10.72,59.5,4.5,0
flow_30.57,31.5,4.0,0
flow_00.69,83.5,4.5,0
flow_20.18,42.5,4.5,0
flow_00.70,84.5,4.5,0
flow_00.71,83.0,4.0,0
flow_00.72,81.0,4.0,0
flow_00.73,79.0,4.0,0
flow_00.74,60.0,4.0,0
flow_00.75,58.0,4.0,0
flow_10.73,84.5,4.5,0
flow_30.58,48.0,4.5,0
flow_30.59,47.0,4.0,0
flow_10.74,83.5,4.0,0
flow_30.60,45.0,4.0,0
flow_10.75,83.0,4.5,0
flow_10.76,81.0,4.0,0
flow_30.61,44.5,4.0,0
flow_30.62,41.5,4.0,0
flow_10.77,79.5,4.5,0
flow_30.63,40.0,3.5,0
flow_10.78,61.0,4.0,0
flow_30.64,33.5,4.0,0
flow_10.79,58.0,4.5,0
flow_00.76,83.0,4.0,0
flow_00.77,83.0,4.0,0
flow_20.19,24.5,3.0,0
flow_00.78,82.0,4.0,0
flow_00.79,80.5,3.5,0
flow_00.80,78.0,4.0,0
flow_00.81,60.0,4.0,0
flow_00.82,57.5,3.5,0
flow_30.65,60.0,4.5,0
flow_10.80,84.5,4.5,0
flow_10.81,83.0,4.0,0
flow_30.66,59.0,4.0,0
flow_10.82,82.5,4.0,0
flow_30.67,58.5,4.0,0
flow_10.83,81.0,3.5,0
flow_30.68,54.5,4.0,0
flow_10.84,79.5,4.0,0
flow_30.69,53.5,4.5,0
flow_10.85,61.0,4.5,0
flow_30.70,52.0,4.0,0
flow_10.86,59.0,4.0,0
flow_30.71,50.5,4.5,0
flow_20.20,40.0,4.5,0
flow_00.83,85.5,4.5,0
flow_20.21,37.5,3.5,0
flow_00.84,84.0,4.0,0
flow_20.22,32.5,4.0,0
flow_00.85,83.5,4.0,0
flow_00.86,83.0,4.0,0
flow_00.87,80.5,4.0,0
flow_00.88,61.5,4.5,0
flow_00.89,60.0,4.0,0
flow_10.87,83.0,4.0,0
flow_30.72,76.5,4.5,0
flow_10.88,82.5,3.5,0
flow_30.73,69.5,4.0,0
flow_10.89,81.5,3.5,0
flow_30.74,61.5,4.0,0
flow_10.90,80.5,3.5,0
flow_30.75,60.0,4.0,0
flow_10.91,79.5,4.0,0
flow_30.76,59.0,4.0,0
flow_10.92,60.5,4.0,0
flow_30.77,58.0,4.0,0
flow_10.93,58.5,4.0,0
flow_30.78,57.0,4.5,0
flow_00.90,84.0,4.0,0
flow_20.23,46.0,4.5,0
flow_00.91,84.5,4.0,0
flow_20.24,25.5,3.0,0
flow_00.92,83.0,4.0,0
flow_00.93,81.5,4.0,0
flow_00.94,80.0,4.0,0
flow_00.95,61.5,4.5,0
flow_00.96,62.0,5.5,0
flow_30.79,77.0,4.0,0
flow_10.94,84.0,4.5,0
flow_30.80,76.0,3.5,0
flow_10.95,85.0,4.0,0
flow_30.81,71.0,3.5,0
flow_10.96,83.0,4.0,0
flow_30.82,69.5,3.5,0
flow_10.97,81.5,4.0,0
flow_30.83,68.5,4.0,0
flow_10.98,79.5,4.5,0
flow_10.99,61.0,4.0,0
flow_30.84,60.5,4.0,0
flow_10.100,58.5,4.0,0
flow_30.85,58.5,4.0,0
flow_00.97,83.0,4.0,0
flow_20.25,50.0,4.5,0
flow_00.98,83.5,4.0,0
flow_20.26,49.0,4.0,0
flow_00.99,82.5,4.0,0
flow_20.27,35.0,4.0,0
flow_00.100,81.0,4.0,0
flow_20.28,32.5,4.0,0
flow_20.29,31.0,4.5,0
flow_00.101,79.5,4.0,0
flow_00.102,60.5,4.0,0
flow_00.103,58.5,4.0,0
flow_10.101,85.0,4.5,0
flow_30.86,84.5,4.5,0
flow_10.102,84.0,4.0,0
flow_30.87,69.5,4.0,0
flow_10.103,84.0,4.5,0
flow_30.88,69.5,4.5,0
flow_10.104,82.0,4.0,0
flow_30.89,69.0,4.5,0
flow_10.105,80.0,4.5,0
flow_30.90,61.0,4.5,0
flow_10.106,60.5,4.0,0
flow_30.91,47.0,4.5,0
flow_10.107,59.5,4.5,0
flow_30.92,45.5,4.5,0
flow_00.104,84.0,4.0,0
flow_00.105,85.5,4.0,0
flow_20.30,23.5,3.0,0
flow_00.106,83.5,4.0,0
flow_00.107,82.0,4.0,0
flow_00.108,79.5,4.0,0
flow_00.109,61.0,4.0,0
flow_00.110,58.5,3.5,0
flow_10.108,84.0,4.0,0
flow_30.93,69.5,5.0,0
flow_10.109,78.0,4.0,0
flow_30.94,59.5,4.0,0
flow_30.95,49.0,4.0,0
flow_10.110,78.5,4.0,0
flow_10.111,72.0,4.0,0
flow_30.96,48.0,4.0,0
flow_10.112,70.5,3.5,0
flow_30.97,28.5,4.0,0
flow_10.113,61.0,4.0,0
flow_10.114,58.5,4.0,0
flow_00.111,83.0,4.0,0
flow_00.112,82.5,3.5,0
flow_00.113,82.0,3.5,0
flow_00.114,81.5,4.0,0
flow_00.115,80.5,4.5,0
flow_00.116,60.5,4.0,0
flow_00.117,58.0,4.5,0
flow_10.115,79.5,4.0,0
flow_30.98,50.0,4.5,0
flow_30.99,48.5,4.0,0
flow_10.116,80.0,4.0,0
flow_30.100,43.0,4.0,0
flow_10.117,76.0,4.0,0
flow_30.101,39.0,4.0,0
flow_10.118,61.0,4.5,0
flow_10.119,59.5,4.0,0
flow_30.102,32.0,4.0,0
flow_10.120,58.0,4.0,0
flow_30.103,24.5,3.0,0
flow_10.121,57.0,4.0,0
flow_20.31,36.0,4.0,0
flow_00.118,84.5,4.5,0
flow_00.119,84.0,4.0,0
flow_00.120,82.0,4.0,0
flow_00.121,81.5,4.0,0
flow_00.122,79.5,4.5,0
flow_00.123,61.5,4.5,0
flow_00.124,59.0,4.0,0
flow_10.122,82.0,4.5,0
flow_30.104,52.5,4.5,0
flow_10.123,82.0,4.0,0
flow_10.124,69.0,4.0,0
flow_30.105,26.0,3.5,0
flow_10.125,66.0,3.5,0
flow_10.126,66.0,4.5,0
flow_10.127,61.0,4.0,0
flow_10.128,58.5,4.5,0
flow_00.125,83.5,4.0,0
flow_20.32,55.5,4.5,0
flow_00.126,83.0,4.0,0
flow_20.33,34.0,4.0,0
flow_20.34,32.5,4.0,0
flow_00.127,82.5,4.0,0
flow_20.35,31.5,4.0,0
flow_00.128,81.5,4.0,0
flow_00.129,79.0,4.0,0
flow_00.130,60.0,3.5,0
flow_20.36,24.5,3.0,0
flow_00.131,58.5,4.0,0
flow_10.129,84.0,4.0,0
flow_30.106,41.0,4.5,0
flow_30.107,40.5,4.0,0
flow_10.130,84.0,4.0,0
flow_10.131,83.5,3.5,0
flow_30.108,28.0,4.0,0
flow_10.132,81.5,4.0,0
flow_10.133,80.5,4.0,0
flow_10.134,62.0,4.5,0
flow_30.109,25.0,3.5,0
flow_10.135,59.5,4.0,0
flow_00.132,84.5,4.5,0
flow_00.133,84.0,4.0,0
flow_00.134,83.5,4.5,0
flow_00.135,82.0,4.0,0
flow_00.136,79.5,4.0,0
flow_00.137,61.5,4.0,0
flow_00.138,58.5,4.5,0
flow_30.110,52.0,4.5,0
flow_10.136,85.5,4.5,0
flow_30.111,50.5,3.5,0
flow_10.137,84.5,4.5,0
flow_30.112,39.5,3.5,0
flow_10.138,83.0,4.0,0
flow_10.139,81.5,4.0,0
flow_30.113,40.0,4.0,0
flow_10.140,79.0,3.5,0
flow_30.114,35.5,4.0,0
flow_10.141,60.0,4.0,0
flow_30.115,31.0,4.0,0
flow_10.142,57.5,4.0,0
flow_20.37,27.5,4.0,0
flow_00.139,84.0,4.5,0
flow_00.140,85.5,4.5,0
flow_00.141,84.0,4.5,0
flow_20.38,25.5,3.5,0
flow_00.142,82.0,4.0,0
flow_00.143,80.0,4.5,0
flow_20.39,26.5,3.5,0
flow_00.144,61.5,4.0,0
flow_00.145,59.0,4.5,0
flow_10.143,83.0,4.0,0
flow_30.116,53.5,4.5,0
flow_10.144,83.5,4.0,0
flow_30.117,53.0,4.0,0
flow_10.145,82.0,4.0,0
flow_30.118,52.0,4.0,0
flow_30.119,50.5,4.0,0
flow_10.146,81.0,4.0,0
flow_30.120,41.5,4.0,0
flow_10.147,79.5,4.0,0
flow_10.148,61.5,4.0,0
flow_10.149,59.5,4.5,0
flow_20.40,34.5,4.0,0
flow_00.146,84.0,4.5,0
flow_20.41,32.0,4.0,0
flow_00.147,84.5,4.5,0
flow_20.42,31.0,3.5,0
flow_00.148,83.0,4.0,0
flow_20.43,27.0,3.5,0
flow_00.149,82.0,4.0,0
flow_20.44,25.5,3.5,0
flow_00.150,79.5,4.0,0
flow_00.151,61.0,4.0,0
flow_00.152,58.5,4.5,0
flow_10.150,83.5,4.0,0
flow_30.121,54.0,4.5,0
flow_30.122,54.0,4.0,0
flow_10.151,84.5,4.0,0
flow_30.123,45.0,4.0,0
flow_10.152,83.0,4.0,0
flow_30.124,44.0,4.0,0
flow_10.153,82.0,4.5,0
flow_30.125,43.0,4.0,0
flow_10.154,80.0,4.0,0
flow_30.126,30.5,3.5,0
flow_10.155,62.0,4.5,0
flow_30.127,25.0,3.5,0
flow_10.156,59.0,4.5,0
flow_20.45,37.0,4.0,0
flow_00.153,84.0,4.5,0
flow_00.154,83.0,4.0,0
flow_00.155,82.0,4.0,0
flow_00.156,80.5,3.5,0
flow_20.46,25.0,3.5,0
flow_00.157,78.5,4.0,0
flow_00.158,60.0,4.0,0
flow_00.159,58.0,4.0,0
flow_10.157,83.5,4.0,0
flow_30.128,49.0,4.5,0
flow_30.129,46.0,4.0,0
flow_10.158,84.0,4.0,0
flow_30.130,43.5,4.0,0
flow_10.159,82.5,4.0,0
flow_30.131,34.5,3.5,0
flow_10.160,81.5,4.5,0
flow_10.161,79.5,4.0,0
flow_30.132,35.0,4.0,0
flow_10.162,61.5,4.5,0
flow_30.133,24.5,3.0,0
flow_10.163,59.0,4.5,0
flow_00.160,83.0,4.0,0
flow_20.47,37.5,4.0,0
flow_20.48,30.5,3.5,0
flow_00.161,83.5,4.0,0
flow_20.49,29.5,4.0,0
flow_00.162,82.0,4.0,0
flow_00.163,81.0,4.0,0
flow_00.164,79.0,4.0,0
flow_20.50,28.0,4.0,0
flow_00.165,60.5,3.5,0
flow_20.51,25.5,3.5,0
flow_00.166,58.0,4.0,0
flow_10.164,83.5,4.5,0
flow_30.134,37.5,4.0,0
flow_10.165,83.0,4.0,0
flow_30.135,37.5,4.0,0
flow_10.166,82.0,4.0,0
flow_30.136,37.0,4.0,0
flow_10.167,80.5,3.5,0
flow_30.137,26.0,3.5,0
flow_20.0,23.5,3.0,0
flow_30.0,33.0,4.5,0
flow_30.1,32.5,4.0,0
flow_30.2,31.5,4.0,0
flow_10.0,24.5,3.0,0
flow_20.1,55.0,4.5,0
flow_20.2,53.5,4.0,0
flow_20.3,54.5,4.5,0
flow_20.4,52.5,4.5,0
flow_20.5,51.5,4.5,0
flow_20.6,50.0,4.5,0
flow_20.7,44.5,4.5,0
flow_30.3,53.5,4.0,0
flow_10.1,25.5,3.5,0
flow_30.4,54.5,4.0,0
flow_30.5,53.0,4.0,0
flow_10.2,26.5,3.5,0
flow_30.6,52.0,4.0,0
flow_30.7,50.5,4.0,0
flow_10.3,26.0,3.5,0
flow_30.8,49.5,4.0,0
flow_30.9,48.0,4.0,0
flow_20.8,68.0,4.5,0
flow_00.0,55.5,5.0,0
flow_20.9,65.0,4.0,0
flow_00.1,31.0,4.5,0
flow_20.10,61.0,4.0,0
flow_20.11,53.5,4.0,0
flow_20.12,52.0,4.5,0
flow_20.13,51.0,4.0,0
flow_00.2,24.0,3.0,0
flow_20.14,46.0,4.5,0
flow_30.10,63.0,4.0,0
flow_10.4,55.0,4.5,0
flow_30.11,62.0,3.5,0
flow_10.5,54.0,4.0,0
flow_30.12,62.5,4.0,0
flow_10.6,53.5,4.0,0
flow_30.13,57.5,4.0,0
flow_10.7,52.5,4.0,0
flow_30.14,39.0,4.0,0
flow_10.8,51.0,4.0,0
flow_30.15,32.0,4.0,0
flow_10.9,49.5,4.0,0
flow_30.16,23.5,3.0,0
flow_10.10,48.5,4.5,0
flow_20.15,70.5,4.0,0
flow_20.16,71.5,4.0,0
flow_20.17,62.5,4.0,0
flow_20.18,61.5,4.0,0
flow_20.19,60.0,4.0,0
flow_20.20,58.0,4.0,0
flow_20.21,57.0,4.0,0
flow_10.11,72.5,4.0,0
flow_30.17,48.0,4.0,0
flow_10.12,63.0,4.0,0
flow_30.18,46.5,4.0,0
flow_30.19,45.5,4.0,0
flow_10.13,46.0,4.0,0
flow_30.20,44.5,3.5,0
flow_10.14,38.0,4.0,0
flow_30.21,38.5,4.0,0
flow_30.22,35.5,4.0,0
flow_10.15,39.0,4.5,0
flow_30.23,34.0,4.0,0
flow_20.22,81.0,4.5,0
flow_00.3,40.5,4.0,0
flow_00.4,31.5,3.5,0
flow_20.23,81.0,4.0,0
flow_20.24,80.5,4.0,0
flow_00.5,25.0,3.5,0
flow_20.25,80.0,4.0,0
flow_20.26,77.5,4.0,0
flow_20.27,61.5,4.5,0
flow_00.6,27.0,4.0,0
flow_20.28,60.0,4.5,0
flow_10.16,41.5,4.0,0
flow_30.24,37.5,4.0,0
flow_10.17,39.5,3.5,0
flow_30.25,25.0,3.5,0
flow_10.18,38.5,3.5,0
flow_10.19,28.5,3.5,0
flow_30.26,24.5,3.0,0
flow_20.29,83.5,4.0,0
flow_00.7,24.5,3.0,0
flow_20.30,83.5,4.0,0
flow_20.31,82.0,4.0,0
flow_20.32,82.0,4.0,0
flow_20.33,80.5,4.5,0
flow_20.34,62.5,4.5,0
flow_20.35,59.5,4.5,0
flow_10.20,37.5,4.5,0
flow_30.27,55.5,4.5,0
flow_10.21,37.0,4.0,0
flow_30.28,52.0,4.0,0
flow_10.22,36.0,4.0,0
flow_30.29,51.0,4.0,0
flow_10.23,33.5,3.5,0
flow_30.30,50.0,4.0,0
flow_30.31,45.0,4.0,0
flow_10.24,27.0,3.5,0
flow_10.25,25.0,3.5,0
flow_30.32,44.0,4.0,0
flow_30.33,42.5,4.0,0
flow_00.8,30.0,4.0,0
flow_20.36,84.0,4.5,0
flow_20.37,83.0,4.0,0
flow_00.9,32.5,4.5,0
flow_20.38,82.0,4.0,0
flow_00.10,27.0,3.5,0
flow_20.39,80.5,3.5,0
flow_20.40,79.0,4.0,0
flow_20.41,60.0,4.0,0
flow_20.42,58.0,4.0,0
flow_10.26,50.5,4.0,0
flow_30.34,68.5,4.5,0
flow_30.35,68.5,4.0,0
flow_10.27,48.5,4.0,0
flow_30.36,67.0,4.0,0
flow_10.28,48.0,4.0,0
flow_30.37,57.5,4.0,0
flow_10.29,43.0,4.0,0
flow_30.38,56.0,4.0,0
flow_10.30,42.5,4.0,0
flow_30.39,45.5,4.0,0
flow_10.31,41.0,4.5,0
flow_30.40,42.5,4.0,0
flow_10.32,39.5,4.0,0
flow_20.43,79.0,4.5,0
flow_00.11,46.0,4.5,0
flow_20.44,75.0,3.5,0
flow_00.12,25.5,3.0,0
flow_20.45,52.5,4.0,0
flow_20.46,51.0,3.5,0
flow_00.13,25.5,3.0,0
flow_20.47,49.5,4.0,0
flow_20.48,48.5,4.0,0
flow_30.41,66.0,4.0,0
flow_10.33,64.0,4.0,0
flow_30.42,66.0,3.5,0
flow_10.34,65.5,4.5,0
flow_30.43,59.0,3.5,0
flow_10.35,64.0,4.5,0
flow_30.44,58.5,3.5,0
flow_10.36,62.0,4.0,0
flow_30.45,54.0,4.0,0
flow_10.37,60.5,4.0,0
flow_10.38,58.0,4.0,0
flow_30.46,52.5,4.0,0
flow_30.47,51.5,4.0,0
flow_10.39,53.0,4.0,0
flow_20.49,53.5,4.0,0
flow_20.50,53.5,4.0,0
flow_20.51,39.5,3.5,0
flow_20.52,30.0,4.0,0
flow_20.53,25.0,3.5,0
flow_10.40,76.0,4.5,0
flow_30.48,74.0,4.5,0
flow_30.49,73.5,4.0,0
flow_10.41,72.0,4.0,0
flow_30.50,73.5,4.0,0
flow_10.42,61.5,4.5,0
flow_30.51,70.0,4.0,0
flow_10.43,60.5,4.5,0
flow_30.52,64.5,4.0,0
flow_10.44,59.0,4.0,0
flow_30.53,60.5,4.0,0
flow_10.45,58.0,4.5,0
flow_30.54,59.0,4.5,0
flow_10.46,56.0,4.5,0
flow_00.14,52.5,4.0,0
flow_20.54,52.5,4.0,0
flow_20.55,51.5,3.5,0
flow_00.15,24.5,3.0,0
flow_20.56,52.5,4.0,0
flow_20.57,51.0,4.0,0
flow_20.58,44.5,3.5,0
flow_20.59,35.0,4.5,0
flow_20.60,31.5,4.0,0
flow_10.47,78.0,4.0,0
flow_30.55,61.5,4.5,0
flow_30.56,60.5,3.5,0
flow_10.48,77.5,3.5,0
flow_30.57,60.0,3.5,0
flow_10.49,77.5,4.0,0
flow_10.50,74.5,4.0,0
flow_30.58,60.0,4.0,0
flow_10.51,73.0,4.0,0
flow_30.59,58.0,4.0,0
flow_10.52,60.5,3.5,0
flow_30.60,57.0,4.0,0
flow_10.53,58.0,4.0,0
flow_30.61,55.5,4.0,0
flow_20.61,54.0,4.5,0
flow_00.16,34.5,4.5,0
flow_20.62,53.0,3.5,0
flow_00.17,24.0,3.0,0
flow_20.63,43.0,4.0,0
flow_20.64,31.5,4.0,0
flow_20.65,30.0,4.0,0
flow_20.66,29.0,4.0,0
flow_00.18,25.5,3.5,0
flow_10.54,83.5,4.5,0
flow_30.62,69.0,4.5,0
flow_10.55,82.5,3.5,0
flow_30.63,68.5,4.0,0
flow_10.56,70.0,4.0,0
flow_30.64,68.5,4.0,0
flow_10.57,64.0,3.5,0
flow_30.65,67.5,4.0,0
flow_30.66,52.0,4.0,0
flow_10.58,64.0,4.5,0
flow_10.59,61.0,4.0,0
flow_30.67,51.0,4.0,0
flow_30.68,41.5,4.5,0
flow_10.60,59.0,4.5,0
flow_20.67,52.5,4.5,0
flow_20.68,51.0,5.0,0
flow_20.69,49.0,4.0,0
flow_20.70,47.5,4.5,0
flow_20.71,46.0,4.0,0
flow_20.72,44.5,4.5,0
flow_20.73,43.0,4.0,0
flow_10.61,84.0,4.5,0
flow_30.69,59.5,4.5,0
flow_30.70,58.0,4.0,0
flow_10.62,83.5,4.0,0
flow_10.63,82.0,4.0,0
flow_30.71,57.5,3.5,0
flow_30.72,56.0,4.0,0
flow_10.64,79.0,3.5,0
flow_30.73,28.5,4.0,0
flow_10.65,73.5,4.0,0
flow_10.66,61.0,3.5,0
flow_30.74,28.0,4.0,0
flow_10.67,58.0,4.0,0
flow_20.74,68.0,4.5,0
flow_20.75,68.0,4.0,0
flow_00.19,22.5,2.5,0
flow_20.76,67.0,4.0,0
flow_20.77,66.0,4.0,0
flow_20.78,64.0,4.0,0
flow_20.79,45.0,4.0,0
flow_20.80,44.0,4.5,0
flow_30.75,44.5,4.0,0
flow_10.68,84.5,4.5,0
flow_10.69,83.0,4.0,0
flow_30.76,45.0,4.0,0
flow_30.77,43.5,3.5,0
flow_10.70,73.0,4.0,0
flow_30.78,42.0,3.5,0
flow_10.71,71.0,4.0,0
flow_30.79,41.5,4.0,0
flow_10.72,64.0,4.0,0
flow_30.80,30.5,4.0,0
flow_10.73,60.5,4.0,0
flow_10.74,58.0,4.0,0
flow_20.81,70.0,4.5,0
flow_20.82,65.0,4.0,0
flow_20.83,62.0,3.5,0
flow_20.84,58.0,4.0,0
flow_20.85,52.0,3.5,0
flow_20.86,51.5,4.0,0
flow_00.20,26.5,3.5,0
flow_20.87,49.5,4.5,0
flow_30.81,37.0,4.0,0
flow_10.75,76.0,4.5,0
flow_30.82,34.5,3.5,0
flow_10.76,76.0,4.0,0
flow_30.83,34.5,3.5,0
flow_10.77,63.0,4.5,0
flow_30.84,33.0,4.0,0
flow_10.78,51.0,4.0,0
flow_30.85,31.0,4.0,0
flow_10.79,50.5,4.0,0
flow_10.80,47.5,4.0,0
flow_10.81,46.5,4.5,0
flow_20.88,74.5,4.0,0
flow_00.21,53.5,4.5,0
flow_20.89,66.0,4.0,0
flow_00.22,44.0,4.0,0
flow_20.90,63.5,4.0,0
flow_00.23,33.5,4.0,0
flow_20.91,46.0,4.5,0
flow_20.92,33.5,4.0,0
flow_20.93,33.0,4.5,0
flow_00.24,23.5,3.0,0
flow_20.94,31.5,4.0,0
flow_10.82,71.0,4.0,0
flow_30.86,47.5,4.0,0
flow_30.87,24.5,3.5,0
flow_10.83,71.5,4.0,0
flow_10.84,71.0,4.0,0
flow_10.85,69.5,4.0,0
flow_30.88,28.5,4.0,0
flow_10.86,62.0,4.5,0
flow_10.87,58.5,4.0,0
flow_10.88,56.5,4.5,0
flow_20.95,56.0,4.0,0
flow_20.96,56.5,4.0,0
flow_20.97,55.0,3.5,0
flow_20.98,54.0,4.0,0
flow_20.99,53.0,4.0,0
flow_20.100,50.0,4.0,0
flow_00.25,24.0,3.0,0
flow_20.101,46.0,4.5,0
flow_10.89,82.0,4.5,0
flow_30.89,44.5,4.0,0
flow_10.90,81.5,4.0,0
flow_30.90,32.5,4.0,0
flow_10.91,81.0,4.0,0
flow_30.91,30.5,4.0,0
flow_10.92,79.0,3.5,0
flow_30.92,29.0,4.5,0
flow_10.93,77.0,4.0,0
flow_30.93,27.5,4.5,0
flow_10.94,60.0,3.5,0
flow_30.94,26.5,4.0,0
flow_10.95,57.5,3.5,0
flow_00.26,51.5,4.5,0
flow_20.102,69.5,4.5,0
flow_20.103,65.5,4.0,0
flow_00.27,41.0,4.0,0
flow_20.104,65.0,4.0,0
flow_00.28,27.5,4.0,0
flow_20.105,64.0,4.0,0
flow_20.106,60.0,4.0,0
flow_20.107,47.0,4.0,0
flow_20.108,47.0,4.5,0
flow_30.95,53.0,4.0,0
flow_10.96,84.5,4.5,0
flow_10.97,83.0,4.0,0
flow_30.96,53.5,4.0,0
flow_30.97,48.5,4.0,0
flow_10.98,83.0,4.0,0
flow_10.99,81.5,4.0,0
flow_30.98,48.0,4.0,0
flow_30.99,46.5,4.0,0
flow_10.100,79.5,4.0,0
flow_30.100,36.5,4.0,0
flow_10.101,61.5,4.0,0
flow_30.101,32.5,4.5,0
flow_10.102,59.0,4.5,0
flow_20.109,72.0,4.0,0
flow_00.29,29.0,4.0,0
flow_00.30,28.5,4.0,0
flow_20.110,72.5,4.5,0
flow_20.111,71.0,4.0,0
flow_20.112,69.5,4.0,0
flow_20.113,67.5,4.0,0
flow_20.114,56.0,4.0,0
flow_00.31,25.0,3.5,0
flow_20.115,54.5,3.5,0
flow_30.102,52.5,4.0,0
flow_10.103,84.5,4.5,0
flow_30.103,46.0,3.5,0
flow_10.104,85.0,4.5,0
flow_30.104,45.5,4.0,0
flow_10.105,83.5,4.5,0
flow_30.105,42.5,3.5,0
flow_10.106,82.5,4.5,0
flow_10.107,80.0,4.0,0
flow_10.108,61.0,4.0,0
flow_10.109,59.0,4.0,0
flow_20.116,64.0,4.0,0
flow_00.32,53.0,4.5,0
flow_20.117,53.5,3.5,0
flow_00.33,32.5,4.5,0
flow_20.118,46.5,3.5,0
flow_20.119,37.5,4.0,0
flow_20.120,30.0,4.0,0
flow_20.121,26.0,4.0,0
flow_30.106,47.5,4.0,0
flow_10.110,85.0,4.5,0
flow_10.111,83.0,4.0,0
flow_30.107,40.5,4.0,0
flow_10.112,81.5,3.5,0
flow_30.108,39.5,4.0,0
flow_10.113,80.5,3.5,0
flow_30.109,33.5,3.5,0
flow_10.114,78.5,4.0,0
flow_10.115,60.5,4.0,0
flow_30.110,35.0,5.0,0
flow_30.111,32.5,4.5,0
flow_10.116,58.5,4.0,0
flow_30.112,30.5,4.5,0
flow_20.122,53.0,4.5,0
flow_00.34,45.0,4.0,0
flow_20.123,52.5,4.0,0
flow_20.124,50.5,4.0,0
flow_20.125,49.5,3.5,0
flow_20.126,48.5,4.0,0
flow_20.127,47.5,4.5,0
flow_20.128,46.0,4.0,0
flow_30.113,54.0,4.5,0
flow_10.117,84.5,4.5,0
flow_10.118,84.0,4.0,0
flow_30.114,55.0,4.0,0
flow_30.115,52.0,4.0,0
flow_10.119,84.0,4.5,0
flow_30.116,51.0,4.0,0
flow_10.120,81.0,4.5,0
flow_30.117,49.5,4.5,0
flow_10.121,79.0,4.0,0
flow_30.118,44.0,4.0,0
flow_10.122,62.0,4.5,0
flow_30.119,36.5,4.0,0
flow_10.123,59.0,4.0,0
flow_20.129,63.5,4.5,0
flow_20.130,63.5,4.0,0
flow_20.131,63.0,4.0,0
flow_20.132,62.5,4.0,0
flow_20.133,60.5,4.5,0
flow_20.134,59.5,4.0,0
flow_20.135,42.0,4.5,0
flow_10.124,82.0,4.0,0
flow_30.120,62.5,4.5,0
flow_10.125,82.0,4.0,0
flow_30.121,57.5,4.0,0
flow_10.126,74.5,4.0,0
flow_30.122,56.5,4.5,0
flow_10.127,73.0,4.0,0
flow_10.128,72.5,4.5,0
flow_10.129,61.5,4.0,0
flow_10.130,58.0,4.0,0
flow_20.136,68.5,4.5,0
flow_00.35,39.5,5.0,0
flow_20.137,67.0,4.0,0
flow_20.138,66.5,4.0,0
flow_20.139,56.5,4.5,0
flow_00.36,26.5,3.5,0
flow_20.140,54.5,4.0,0
flow_20.141,53.0,4.5,0
flow_20.142,52.0,4.5,0
flow_10.131,84.0,4.5,0
flow_30.123,54.0,4.5,0
flow_30.124,53.0,4.0,0
flow_10.132,84.0,4.0,0
flow_10.133,78.0,4.0,0
flow_30.125,52.5,4.0,0
flow_30.126,29.0,4.0,0
flow_10.134,70.5,4.0,0
flow_30.127,27.5,4.0,0
flow_10.135,67.0,4.0,0
flow_30.128,25.5,3.5,0
flow_10.136,61.0,4.0,0
flow_10.137,58.5,4.0,0
flow_20.143,76.5,4.0,0
flow_20.144,71.0,4.0,0
flow_20.145,71.0,4.0,0
flow_20.146,69.5,4.0,0
flow_20.147,67.5,4.0,0
flow_20.148,60.0,4.0,0
flow_20.149,58.0,4.0,0
flow_30.129,46.5,4.5,0
flow_10.138,84.5,4.5,0
flow_10.139,82.0,4.0,0
flow_10.140,80.5,4.0,0
flow_10.141,62.5,4.0,0
flow_30.130,24.5,3.0,0
flow_10.142,59.0,4.0,0
flow_10.143,58.5,4.0,0
flow_10.144,56.5,4.0,0
flow_20.150,84.5,4.5,0
flow_00.37,35.5,4.5,0
flow_20.151,84.5,4.5,0
flow_00.38,25.0,3.5,0
flow_20.152,83.0,4.0,0
flow_20.153,81.5,4.0,0
flow_20.154,79.5,4.0,0
flow_20.155,60.5,4.5,0
flow_20.156,42.0,4.0,0
flow_30.131,56.0,5.0,0
flow_10.145,84.0,4.5,0
flow_10.146,81.5,4.0,0
flow_30.132,52.0,4.0,0
flow_10.147,73.5,4.0,0
flow_30.133,48.5,4.0,0
flow_30.134,46.5,4.0,0
flow_10.148,70.5,4.0,0
flow_10.149,69.0,4.0,0
flow_30.135,41.0,4.5,0
flow_10.150,60.5,4.0,0
flow_30.136,33.5,4.0,0
flow_10.151,58.5,4.0,0
flow_30.137,32.0,4.5,0
flow_20.157,62.0,4.5,0
flow_20.158,63.0,4.5,0
flow_00.39,23.5,3.0,0
flow_20.159,61.0,4.0,0
flow_20.160,59.5,4.0,0
flow_20.161,58.0,4.0,0
flow_00.40,26.0,3.5,0
flow_20.162,56.5,4.0,0
flow_20.163,55.5,4.0,0
flow_30.138,57.0,4.0,0
flow_10.152,84.0,4.5,0
flow_10.153,83.0,4.0,0
flow_30.139,58.0,4.0,0
flow_10.154,82.0,4.0,0
flow_30.140,57.0,4.0,0
flow_30.141,55.0,4.0,0
flow_10.155,82.0,4.0,0
flow_10.0,29.0,4.0,0
flow_30.0,23.5,3.0,0
flow_00.0,50.5,4.5,0
flow_20.0,55.0,4.5,0
flow_20.1,49.0,4.0,0
flow_00.1,50.5,4.0,0
flow_00.2,49.5,4.0,0
flow_20.2,33.0,4.0,0
flow_20.3,31.5,4.0,0
flow_00.3,48.5,4.0,0
flow_20.4,30.0,3.5,0
flow_00.4,40.0,4.0,0
flow_00.5,38.5,3.5,0
flow_20.5,29.0,4.0,0
flow_00.6,38.5,4.5,0
flow_30.1,44.5,4.0,0
flow_10.1,25.0,3.5,0
flow_30.2,44.5,4.0,0
flow_10.2,26.0,3.5,0
flow_30.3,25.0,3.0,0
flow_00.7,55.5,4.0,0
flow_20.6,54.0,4.5,0
flow_20.7,50.0,4.0,0
flow_00.8,49.5,4.0,0
flow_00.9,48.5,4.0,0
flow_20.8,42.0,4.0,0
flow_00.10,43.0,4.0,0
flow_20.9,39.5,4.5,0
flow_00.11,42.0,4.0,0
flow_20.10,38.0,4.0,0
flow_00.12,28.0,4.0,0
flow_20.11,37.0,4.5,0
flow_00.13,25.0,3.0,0
flow_30.4,49.0,4.5,0
flow_30.5,46.5,4.0,0
flow_30.6,45.0,3.5,0
flow_30.7,44.0,3.5,0
flow_30.8,44.0,4.0,0
flow_30.9,42.5,4.0,0
flow_30.10,40.0,3.5,0
flow_20.12,49.0,4.5,0
flow_00.14,43.5,4.5,0
flow_20.13,46.5,4.0,0
flow_00.15,42.5,4.0,0
flow_00.16,37.5,4.0,0
flow_20.14,45.5,4.0,0
flow_00.17,38.0,4.0,0
flow_20.15,43.5,4.0,0
flow_00.18,36.5,4.5,0
flow_20.16,39.5,4.5,0
flow_00.19,35.0,4.0,0
flow_20.17,37.5,4.0,0
flow_00.20,33.5,4.0,0
flow_20.18,36.0,4.0,0
flow_30.11,67.0,4.5,0
flow_30.12,66.0,4.0,0
flow_30.13,64.5,3.5,0
flow_30.14,63.0,3.5,0
flow_30.15,62.5,4.5,0
flow_30.16,61.5,4.5,0
flow_30.17,59.0,4.0,0
flow_20.19,61.5,4.0,0
flow_00.21,56.5,4.0,0
flow_00.22,55.5,4.0,0
flow_20.20,62.5,4.0,0
flow_20.21,61.0,4.0,0
flow_00.23,56.5,4.0,0
flow_00.24,43.5,4.0,0
flow_20.22,60.0,4.0,0
flow_00.25,42.0,3.5,0
flow_20.23,59.5,4.0,0
flow_00.26,41.0,4.0,0
flow_20.24,57.5,4.5,0
flow_00.27,40.0,4.0,0
flow_20.25,56.0,4.0,0
flow_30.18,85.5,4.5,0
flow_10.3,51.0,5.0,0
flow_30.19,83.5,4.0,0
flow_30.20,83.0,3.5,0
flow_30.21,82.5,4.5,0
flow_10.4,24.5,3.0,0
flow_30.22,80.0,4.0,0
flow_30.23,61.0,4.0,0
flow_30.24,59.5,4.0,0
flow_00.28,67.5,4.5,0
flow_20.26,83.0,5.0,0
flow_20.27,80.5,4.0,0
flow_00.29,67.0,4.5,0
flow_20.28,79.5,4.0,0
flow_00.30,66.0,4.0,0
flow_20.29,66.5,4.0,0
flow_00.31,64.0,4.5,0
flow_20.30,65.5,4.5,0
flow_00.32,61.0,4.0,0
flow_20.31,61.0,4.0,0
flow_00.33,60.0,4.5,0
flow_20.32,57.5,4.5,0
flow_00.34,53.5,4.0,0
flow_30.25,85.0,4.5,0
flow_30.26,84.0,4.0,0
flow_30.27,83.0,4.0,0
flow_30.28,81.5,4.0,0
flow_30.29,70.0,4.0,0
flow_30.30,62.0,4.5,0
flow_30.31,57.5,4.5,0
flow_00.35,77.0,4.0,0
flow_20.33,77.5,4.5,0
flow_20.34,72.5,4.0,0
flow_00.36,64.5,4.5,0
flow_20.35,71.5,4.0,0
flow_00.37,60.0,4.0,0
flow_00.38,57.5,4.0,0
flow_20.36,69.5,4.0,0
flow_00.39,48.0,3.5,0
flow_20.37,61.5,4.5,0
flow_00.40,47.0,4.0,0
flow_20.38,42.0,4.5,0
flow_00.41,46.5,4.5,0
flow_20.39,40.0,4.0,0
flow_30.32,82.5,4.0,0
flow_10.5,38.5,4.5,0
flow_30.33,72.5,4.0,0
flow_30.34,71.5,3.5,0
flow_10.6,26.5,3.5,0
flow_30.35,62.0,4.0,0
flow_30.36,57.0,4.0,0
flow_30.37,45.0,4.0,0
flow_30.38,35.5,4.5,0
flow_20.40,59.0,4.0,0
flow_00.42,72.0,4.0,0
flow_20.41,51.0,4.0,0
flow_00.43,70.0,4.5,0
flow_20.42,45.0,3.5,0
flow_00.44,68.0,3.5,0
flow_00.45,66.0,4.0,0
flow_20.43,45.5,4.0,0
flow_00.46,40.0,3.5,0
flow_20.44,38.5,4.0,0
flow_00.47,39.5,4.0,0
flow_20.45,36.5,4.0,0
flow_20.46,36.0,4.5,0
flow_30.39,58.5,4.0,0
flow_30.40,58.0,4.0,0
flow_30.41,53.0,4.0,0
flow_30.42,48.5,4.5,0
flow_30.43,47.0,4.5,0
flow_30.44,45.0,4.0,0
flow_30.45,43.0,4.5,0
flow_00.48,51.0,4.0,0
flow_20.47,61.5,4.5,0
flow_20.48,61.0,4.0,0
flow_00.49,52.0,4.5,0
flow_20.49,60.0,4.0,0
flow_00.50,45.5,4.0,0
flow_20.50,57.5,3.5,0
flow_00.51,43.5,4.0,0
flow_20.51,56.5,4.0,0
flow_00.52,40.5,4.0,0
flow_20.52,55.5,3.5,0
flow_00.53,38.5,4.0,0
flow_00.54,36.0,4.0,0
flow_20.53,54.5,4.0,0
flow_10.7,49.5,4.5,0
flow_30.46,69.0,4.5,0
flow_30.47,68.0,4.0,0
flow_30.48,61.0,4.0,0
flow_30.49,56.5,4.0,0
flow_30.50,55.0,4.5,0
flow_30.51,53.5,4.0,0
flow_30.52,51.5,4.5,0
flow_20.54,80.5,4.5,0
flow_00.55,62.5,4.5,0
flow_00.56,61.0,4.0,0
flow_20.55,78.0,4.0,0
flow_20.56,70.0,4.0,0
flow_00.57,60.5,4.0,0
flow_20.57,68.5,3.5,0
flow_00.58,59.5,4.0,0
flow_20.58,67.0,4.0,0
flow_00.59,58.0,4.5,0
flow_20.59,61.0,4.0,0
flow_00.60,51.5,4.0,0
flow_20.60,58.5,4.0,0
flow_00.61,41.0,4.5,0
flow_30.53,63.5,4.0,0
flow_30.54,64.0,4.0,0
flow_30.55,56.0,4.0,0
flow_30.56,54.5,4.0,0
flow_30.57,53.5,3.5,0
flow_30.58,52.5,4.0,0
flow_30.59,51.0,4.5,0
flow_20.61,84.5,4.5,0
flow_00.62,67.0,4.5,0
flow_20.62,84.0,4.0,0
flow_00.63,67.0,4.0,0
flow_00.64,65.5,4.0,0
flow_20.63,83.0,4.0,0
flow_20.64,79.0,4.0,0
flow_00.65,64.0,3.5,0
flow_00.66,62.0,4.0,0
flow_20.65,78.0,4.5,0
flow_00.67,60.0,4.0,0
flow_20.66,61.5,4.0,0
flow_00.68,58.5,4.0,0
flow_20.67,58.5,4.0,0
flow_30.60,75.5,4.5,0
flow_10.8,51.5,4.5,0
flow_30.61,76.5,4.0,0
flow_30.62,74.5,4.5,0
flow_30.63,70.5,4.0,0
flow_30.64,63.0,4.5,0
flow_30.65,61.5,4.5,0
flow_30.66,59.0,4.5,0
flow_20.68,83.5,4.0,0
flow_00.69,83.0,4.0,0
flow_20.69,83.0,4.0,0
flow_00.70,81.5,4.0,0
flow_20.70,81.0,4.0,0
flow_00.71,80.5,4.0,0
flow_00.72,79.5,4.5,0
flow_20.71,79.0,4.0,0
flow_00.73,77.0,4.0,0
flow_20.72,67.5,4.0,0
flow_00.74,61.0,4.5,0
flow_20.73,60.5,4.5,0
flow_00.75,59.0,4.0,0
flow_20.74,53.5,4.0,0
flow_30.67,82.5,4.0,0
flow_10.9,41.5,4.0,0
flow_30.68,82.5,4.0,0
flow_30.69,66.0,4.0,0
flow_10.10,45.5,5.0,0
flow_30.70,63.5,3.5,0
flow_30.71,62.0,4.0,0
flow_30.72,57.5,4.0,0
flow_10.11,24.5,3.0,0
flow_30.73,56.5,4.5,0
flow_20.75,78.5,4.5,0
flow_00.76,85.0,5.0,0
flow_00.77,83.5,4.0,0
flow_20.76,78.0,4.0,0
flow_00.78,82.0,4.0,0
flow_20.77,72.0,4.0,0
flow_00.79,80.5,3.5,0
flow_20.78,51.5,4.0,0
flow_00.80,78.0,3.5,0
flow_20.79,51.0,4.5,0
flow_00.81,61.0,4.5,0
flow_20.80,48.5,4.0,0
flow_00.82,58.5,4.5,0
flow_20.81,37.0,4.5,0
flow_30.74,79.5,4.5,0
flow_10.12,36.0,4.5,0
flow_30.75,79.5,4.0,0
flow_30.76,78.5,4.0,0
flow_30.77,59.5,4.0,0
flow_30.78,50.5,4.0,0
flow_30.79,47.0,4.5,0
flow_30.80,33.0,4.0,0
flow_00.83,84.5,4.5,0
flow_20.82,63.0,5.0,0
flow_00.84,83.5,4.0,0
flow_20.83,35.0,4.0,0
flow_00.85,82.0,4.0,0
flow_20.84,33.0,3.5,0
flow_00.86,81.0,4.0,0
flow_20.85,32.0,4.0,0
flow_00.87,79.5,4.5,0
flow_00.88,61.0,4.0,0
flow_00.89,58.5,4.5,0
flow_30.81,49.5,4.5,0
flow_30.82,37.0,4.0,0
flow_30.83,34.0,4.0,0
flow_30.84,27.0,3.5,0
flow_20.86,38.5,4.5,0
flow_00.90,85.0,4.5,0
flow_00.91,85.0,4.0,0
flow_20.87,25.0,3.5,0
flow_00.92,83.0,4.0,0
flow_20.88,24.5,3.0,0
flow_00.93,83.5,4.5,0
flow_20.89,25.0,3.5,0
flow_00.94,82.0,4.5,0
flow_00.95,63.0,5.0,0
flow_00.96,60.0,4.5,0
flow_30.85,46.0,4.5,0
flow_30.86,45.5,4.0,0
flow_30.87,45.0,4.0,0
flow_30.88,44.5,4.0,0
flow_30.89,43.5,4.5,0
flow_30.90,41.5,4.0,0
flow_30.91,40.0,4.5,0
flow_00.97,84.0,4.0,0
flow_20.90,55.5,4.5,0
flow_00.98,83.0,3.5,0
flow_20.91,54.0,4.0,0
flow_20.92,52.5,4.0,0
flow_00.99,83.0,4.0,0
flow_00.100,81.5,4.0,0
flow_20.93,37.0,4.0,0
flow_20.94,35.5,4.0,0
flow_00.101,80.0,4.0,0
flow_00.102,61.0,4.0,0
flow_20.95,24.0,3.0,0
flow_00.103,58.5,4.0,0
flow_30.92,65.5,4.5,0
flow_10.13,51.5,4.5,0
flow_30.93,62.5,4.0,0
flow_30.94,61.0,4.0,0
flow_10.14,23.5,3.0,0
flow_30.95,60.0,3.5,0
flow_30.96,59.5,5.0,0
flow_30.97,58.0,5.0,0
flow_30.98,57.0,4.5,0
flow_00.104,84.5,4.5,0
flow_20.96,51.5,4.5,0
flow_20.97,50.5,4.0,0
flow_00.105,83.5,4.0,0
flow_00.106,82.0,4.0,0
flow_20.98,43.5,4.0,0
flow_00.107,80.5,3.5,0
flow_20.99,37.0,4.0,0
flow_00.108,78.0,3.5,0
flow_20.100,36.0,4.0,0
flow_20.101,31.5,4.0,0
flow_00.109,61.0,4.0,0
flow_00.110,58.5,4.0,0
flow_20.102,30.5,4.0,0
flow_10.15,38.0,4.0,0
flow_30.99,58.0,4.0,0
flow_10.16,29.0,3.5,0
flow_30.100,57.5,4.0,0
flow_30.101,57.0,3.5,0
flow_10.17,23.5,3.0,0
flow_30.102,55.5,4.0,0
flow_30.103,53.5,4.0,0
flow_30.104,52.5,3.5,0
flow_30.105,45.5,4.0,0
flow_20.103,55.0,4.0,0
flow_00.111,84.5,4.5,0
flow_00.112,83.5,3.5,0
flow_20.104,57.5,4.5,0
flow_00.113,82.5,4.0,0
flow_20.105,56.0,4.5,0
flow_00.114,81.0,4.0,0
flow_20.106,29.0,4.0,0
flow_00.115,79.0,4.0,0
flow_00.116,60.5,4.0,0
flow_00.117,57.5,4.0,0
flow_30.106,72.5,4.5,0
flow_30.107,71.5,3.5,0
flow_30.108,71.0,4.0,0
flow_30.109,70.0,4.0,0
flow_30.110,68.5,4.0,0
flow_30.111,60.5,4.0,0
flow_30.112,58.5,4.0,0
flow_00.118,84.0,4.5,0
flow_20.107,48.5,4.5,0
flow_20.108,46.0,4.0,0
flow_00.119,84.0,4.0,0
flow_20.109,45.5,4.0,0
flow_00.120,83.0,4.0,0
flow_00.121,81.5,4.0,0
flow_20.110,44.5,4.0,0
flow_00.122,79.5,4.0,0
flow_20.111,45.0,4.5,0
flow_00.123,61.0,4.0,0
flow_20.112,34.0,4.5,0
flow_00.124,58.5,4.0,0
flow_20.113,33.0,4.0,0
flow_10.18,25.0,3.0,0
flow_30.113,75.5,4.5,0
flow_30.114,75.0,4.0,0
flow_30.115,68.5,3.5,0
flow_10.19,25.5,3.5,0
flow_30.116,68.0,3.5,0
flow_30.117,67.5,4.5,0
flow_30.118,60.5,4.0,0
flow_30.119,58.0,4.0,0
flow_00.125,84.0,4.5,0
flow_20.114,59.0,4.5,0
flow_00.126,84.0,4.0,0
flow_20.115,58.0,4.0,0
flow_00.127,82.5,4.0,0
flow_20.116,56.5,4.0,0
flow_00.128,81.5,4.0,0
flow_20.117,55.0,4.0,0
flow_00.129,80.0,4.5,0
flow_20.118,54.0,4.0,0
flow_00.130,61.0,4.0,0
flow_20.119,52.5,4.0,0
flow_00.131,58.0,4.0,0
flow_20.120,51.0,4.0,0
flow_30.120,83.5,4.0,0
flow_30.121,82.5,4.0,0
flow_30.122,82.0,3.5,0
flow_30.123,79.5,4.0,0
flow_10.20,24.0,3.0,0
flow_30.124,79.0,4.5,0
flow_30.125,60.5,4.0,0
flow_30.126,58.5,4.0,0
flow_00.132,83.5,4.0,0
flow_20.121,76.0,4.0,0
flow_00.133,84.0,4.0,0
flow_20.122,76.5,4.0,0
flow_00.134,82.5,4.0,0
flow_20.123,76.0,4.0,0
flow_20.124,74.5,4.0,0
flow_00.135,80.5,4.0,0
flow_00.136,78.0,4.0,0
flow_20.125,73.0,4.0,0
flow_00.137,61.5,4.0,0
flow_20.126,61.0,4.0,0
flow_00.138,58.5,4.0,0
flow_20.127,50.5,4.5,0
flow_30.127,84.0,4.0,0
flow_10.21,42.0,4.5,0
flow_30.128,83.0,4.0,0
flow_10.22,41.0,4.0,0
flow_30.129,71.5,3.5,0
flow_30.130,70.5,4.0,0
flow_30.131,69.5,4.0,0
flow_30.132,60.5,4.0,0
flow_30.133,52.0,4.5,0
flow_20.128,65.5,4.0,0
flow_00.139,85.0,4.5,0
flow_00.140,84.5,4.0,0
flow_20.129,66.0,4.0,0
flow_20.130,61.5,4.0,0
flow_00.141,75.0,4.5,0
flow_00.142,67.5,4.0,0
flow_20.131,61.0,4.0,0
flow_20.132,59.5,4.0,0
flow_00.143,62.5,4.5,0
flow_20.133,57.5,4.0,0
flow_00.144,60.5,4.0,0
flow_20.134,56.0,4.0,0
flow_00.145,59.0,4.5,0
flow_10.23,52.0,4.0,0
flow_30.134,75.0,4.0,0
flow_30.135,73.5,4.0,0
flow_30.136,72.5,3.5,0
flow_30.137,60.0,4.0,0
flow_10.24,25.5,3.5,0
flow_30.138,59.5,4.0,0
flow_30.139,58.5,4.0,0
flow_30.140,58.0,4.5,0
flow_00.146,80.5,4.0,0
flow_20.135,82.5,4.5,0
flow_20.136,81.5,4.0,0
flow_00.147,79.5,4.0,0
flow_00.148,73.5,4.0,0
flow_20.137,81.5,4.5,0
flow_00.149,65.5,3.5,0
flow_20.138,80.0,4.0,0
flow_00.150,57.5,4.0,0
flow_20.139,78.5,4.5,0
flow_00.151,56.0,4.5,0
flow_20.140,61.5,4.0,0
flow_00.152,52.5,4.0,0
flow_20.141,58.5,4.0,0
flow_10.25,42.0,4.5,0
flow_30.141,84.5,5.0,0
flow_10.26,28.5,3.5,0
flow_30.142,83.0,4.0,0
flow_30.143,82.0,4.0,0
flow_30.144,80.5,4.0,0
flow_30.145,79.0,4.5,0
flow_10.27,26.5,3.5,0
flow_30.146,62.0,4.5,0
flow_30.147,59.0,4.0,0
flow_20.142,84.0,4.5,0
flow_00.153,81.0,5.0,0
flow_20.143,83.0,4.0,0
flow_00.154,75.5,4.0,0
flow_00.155,74.0,4.0,0
flow_20.144,82.5,4.0,0
flow_00.156,57.0,4.0,0
flow_20.145,76.5,4.0,0
flow_00.157,55.5,4.0,0
flow_20.146,52.5,3.5,0
flow_00.158,54.0,4.0,0
flow_20.147,51.5,4.0,0
flow_00.159,53.0,4.5,0
flow_20.148,44.5,4.5,0
flow_10.28,49.5,4.5,0
flow_30.148,84.5,4.5,0
flow_30.149,83.0,3.5,0
flow_30.150,80.0,4.0,0
flow_30.151,78.5,4.0,0
flow_10.29,25.5,3.5,0
flow_30.152,74.5,4.0,0
flow_30.153,60.0,4.0,0
flow_30.154,57.5,4.0,0
flow_00.160,78.0,4.0,0
flow_20.149,63.0,4.5,0
flow_00.161,77.5,3.5,0
flow_20.150,52.5,4.0,0
flow_20.151,49.0,4.0,0
flow_00.162,77.5,4.0,0
flow_00.163,76.5,4.0,0
flow_20.152,36.0,4.0,0
flow_00.164,74.5,4.0,0
flow_20.153,35.5,4.5,0
flow_00.165,61.0,4.0,0
flow_20.154,31.0,4.5,0
flow_00.166,58.5,4.0,0
flow_30.155,83.0,4.0,0
flow_30.156,83.0,3.5,0
flow_30.157,82.5,4.0,0
flow_30.158,82.0,4.0,0
flow_20.0,25.0,3.5,0
flow_20.1,25.5,3.5,0
flow_10.0,29.0,4.0,0
flow_30.0,27.5,4.0,0
flow_10.1,27.5,4.0,0
flow_30.1,23.5,3.0,0
flow_20.2,52.0,4.5,0
flow_00.0,55.5,4.5,0
flow_20.3,51.5,4.0,0
flow_00.1,54.5,4.0,0
flow_20.4,49.5,4.0,0
flow_00.2,55.0,4.5,0
flow_20.5,49.0,4.0,0
flow_00.3,51.0,4.5,0
flow_20.6,48.0,4.0,0
flow_00.4,37.5,4.5,0
flow_20.7,45.0,4.0,0
flow_00.5,36.0,4.5,0
flow_20.8,39.0,4.5,0
flow_00.6,35.5,5.0,0
flow_10.2,42.5,4.0,0
flow_30.2,52.0,4.5,0
flow_10.3,42.5,3.5,0
flow_30.3,38.5,4.0,0
flow_10.4,34.5,4.0,0
flow_30.4,28.5,4.5,0
flow_30.5,27.5,4.0,0
flow_10.5,29.0,4.0,0
flow_30.6,24.0,3.0,0
flow_20.9,61.5,4.0,0
flow_00.7,59.0,4.5,0
flow_00.8,58.5,4.0,0
flow_20.10,62.5,4.0,0
flow_00.9,57.0,4.0,0
flow_20.11,61.0,4.0,0
flow_20.12,60.0,4.0,0
flow_00.10,49.5,4.0,0
flow_20.13,59.0,4.5,0
flow_00.11,48.0,4.5,0
flow_20.14,57.5,4.0,0
flow_00.12,46.5,4.0,0
flow_20.15,57.0,4.5,0
flow_00.13,46.0,4.0,0
flow_30.7,53.5,4.5,0
flow_10.6,47.5,4.5,0
flow_30.8,51.0,4.0,0
flow_10.7,46.5,4.0,0
flow_30.9,49.5,4.0,0
flow_10.8,44.5,3.5,0
flow_10.9,43.5,4.0,0
flow_30.10,31.0,4.0,0
flow_30.11,28.0,4.0,0
flow_10.10,42.5,4.0,0
flow_10.11,41.0,4.0,0
flow_10.12,39.5,4.0,0
flow_20.16,70.0,4.5,0
flow_00.14,70.5,4.5,0
flow_00.15,69.5,4.0,0
flow_20.17,70.5,4.0,0
flow_20.18,69.0,4.0,0
flow_00.16,69.0,4.0,0
flow_00.17,67.5,3.5,0
flow_20.19,66.5,4.0,0
flow_20.20,65.5,4.0,0
flow_00.18,67.0,4.5,0
flow_20.21,60.5,4.5,0
flow_00.19,61.5,4.0,0
flow_20.22,58.5,4.5,0
flow_00.20,59.0,4.5,0
flow_30.12,47.0,4.5,0
flow_10.13,66.0,4.5,0
flow_30.13,46.5,4.0,0
flow_10.14,59.5,4.0,0
flow_30.14,28.0,4.0,0
flow_10.15,53.5,4.0,0
flow_30.15,25.5,3.5,0
flow_10.16,53.5,4.5,0
flow_10.17,50.5,4.5,0
flow_10.18,49.0,4.0,0
flow_10.19,41.5,4.5,0
flow_20.23,83.5,4.0,0
flow_00.21,84.0,4.5,0
flow_00.22,83.5,4.0,0
flow_20.24,81.5,4.0,0
flow_20.25,79.5,4.0,0
flow_00.23,83.0,4.5,0
flow_20.26,78.5,3.5,0
flow_00.24,81.5,4.0,0
flow_20.27,77.5,4.0,0
flow_00.25,80.0,4.5,0
flow_20.28,60.5,4.0,0
flow_00.26,60.5,4.0,0
flow_20.29,58.0,3.5,0
flow_00.27,58.5,4.5,0
flow_30.16,32.5,4.0,0
flow_10.20,65.0,4.0,0
flow_10.21,64.0,4.0,0
flow_30.17,32.5,4.0,0
flow_10.22,63.5,3.5,0
flow_10.23,60.5,4.0,0
flow_10.24,56.5,4.0,0
flow_10.25,55.0,4.0,0
flow_30.18,25.0,3.0,0
flow_10.26,53.5,4.0,0
flow_00.28,83.5,4.0,0
flow_20.30,84.0,4.0,0
flow_00.29,82.0,3.5,0
flow_20.31,83.5,3.5,0
flow_00.30,81.5,3.5,0
flow_20.32,83.0,4.0,0
flow_00.31,80.5,3.5,0
flow_20.33,82.0,4.0,0
flow_00.32,78.5,4.0,0
flow_20.34,76.0,4.0,0
flow_00.33,60.5,4.0,0
flow_20.35,46.5,4.0,0
flow_00.34,58.0,4.0,0
flow_20.36,43.5,4.0,0
flow_10.27,79.0,4.5,0
flow_30.19,52.0,4.0,0
flow_30.20,51.5,4.0,0
flow_10.28,69.5,4.0,0
flow_10.29,57.0,4.0,0
flow_30.21,51.5,3.5,0
flow_10.30,56.5,4.0,0
flow_30.22,37.5,4.0,0
flow_10.31,55.0,4.0,0
flow_30.23,25.5,3.5,0
flow_10.32,54.0,4.5,0
flow_30.24,25.0,3.5,0
flow_10.33,53.0,4.0,0
flow_20.37,68.0,4.5,0
flow_00.35,85.0,4.5,0
flow_00.36,83.0,4.0,0
flow_20.38,68.0,4.0,0
flow_00.37,83.0,4.0,0
flow_20.39,65.5,4.0,0
flow_00.38,81.5,4.0,0
flow_20.40,64.5,4.5,0
flow_00.39,79.5,4.0,0
flow_20.41,60.5,4.0,0
flow_00.40,61.0,4.0,0
flow_20.42,48.0,4.5,0
flow_20.43,45.5,4.0,0
flow_00.41,59.0,4.5,0
flow_10.34,78.0,4.0,0
flow_30.25,53.0,4.5,0
flow_10.35,77.5,4.0,0
flow_30.26,43.5,4.0,0
flow_10.36,77.5,3.5,0
flow_30.27,37.0,4.0,0
flow_30.28,35.5,4.0,0
flow_10.37,76.0,4.0,0
flow_30.29,34.0,4.0,0
flow_10.38,74.0,4.0,0
flow_30.30,29.0,4.0,0
flow_10.39,61.0,4.0,0
flow_30.31,28.0,4.0,0
flow_10.40,59.0,4.5,0
flow_20.44,55.5,4.5,0
flow_00.42,84.0,4.5,0
flow_20.45,55.0,4.0,0
flow_00.43,84.5,4.5,0
flow_20.46,51.5,4.0,0
flow_00.44,75.0,4.5,0
flow_00.45,73.5,4.0,0
flow_20.47,52.5,4.5,0
flow_00.46,72.0,4.5,0
flow_20.48,32.0,4.5,0
flow_00.47,60.5,4.0,0
flow_00.48,58.0,4.5,0
flow_10.41,83.5,4.0,0
flow_30.32,54.0,4.0,0
flow_10.42,84.0,4.0,0
flow_30.33,48.0,4.0,0
flow_10.43,82.0,3.5,0
flow_30.34,37.0,4.0,0
flow_30.35,31.0,3.5,0
flow_10.44,83.0,4.0,0
flow_30.36,30.0,4.0,0
flow_10.45,80.5,4.5,0
flow_30.37,25.0,3.5,0
flow_10.46,63.5,5.0,0
flow_10.47,60.5,4.5,0
flow_00.49,83.5,4.0,0
flow_20.49,47.5,4.0,0
flow_00.50,82.0,3.5,0
flow_20.50,44.0,4.0,0
flow_00.51,83.0,4.0,0
flow_20.51,45.5,4.5,0
flow_00.52,82.0,4.0,0
flow_20.52,43.5,4.5,0
flow_00.53,79.0,4.0,0
flow_20.53,42.5,4.5,0
flow_00.54,60.5,3.5,0
flow_20.54,41.0,4.0,0
flow_00.55,58.0,4.0,0
flow_20.55,36.5,4.5,0
flow_10.48,84.0,4.5,0
flow_30.38,53.5,4.0,0
flow_10.49,83.5,4.0,0
flow_30.39,39.0,4.0,0
flow_10.50,83.5,4.5,0
flow_10.51,81.5,4.0,0
flow_30.40,24.0,2.5,0
flow_10.52,80.0,4.5,0
flow_10.53,61.0,4.0,0
flow_10.54,58.0,4.0,0
flow_30.41,26.5,3.5,0
flow_00.56,84.5,4.5,0
flow_20.56,61.5,4.5,0
flow_00.57,84.0,4.0,0
flow_20.57,58.5,4.0,0
flow_00.58,83.0,4.0,0
flow_20.58,57.0,4.5,0
flow_20.59,36.5,4.0,0
flow_00.59,82.5,4.0,0
flow_00.60,80.0,4.0,0
flow_20.60,27.0,4.0,0
flow_00.61,60.5,4.0,0
flow_20.61,25.5,3.5,0
flow_00.62,58.5,4.0,0
flow_10.55,84.5,4.0,0
flow_30.42,38.0,4.5,0
flow_10.56,83.5,4.0,0
flow_30.43,38.5,4.0,0
flow_10.57,82.5,3.5,0
flow_30.44,37.5,4.0,0
flow_10.58,82.0,4.0,0
flow_30.45,36.5,4.0,0
flow_10.59,80.0,4.0,0
flow_10.60,61.0,4.0,0
flow_10.61,58.5,4.0,0
flow_20.62,53.0,4.0,0
flow_00.63,83.5,4.0,0
flow_20.63,53.0,3.5,0
flow_00.64,83.5,4.0,0
flow_00.65,82.5,4.0,0
flow_20.64,38.0,4.0,0
flow_00.66,81.0,4.0,0
flow_20.65,28.5,3.5,0
flow_00.67,79.0,4.0,0
flow_20.66,26.5,3.5,0
flow_00.68,60.5,3.5,0
flow_20.67,25.0,3.5,0
flow_00.69,58.0,4.0,0
flow_10.62,83.0,4.0,0
flow_30.46,51.0,4.5,0
flow_30.47,38.0,3.5,0
flow_10.63,84.0,4.0,0
flow_30.48,35.5,3.5,0
flow_10.64,83.0,4.0,0
flow_10.65,81.0,3.5,0
flow_10.66,79.5,4.0,0
flow_10.67,60.5,4.5,0
flow_10.68,58.5,4.5,0
flow_30.49,25.5,3.5,0
flow_00.70,83.5,4.0,0
flow_20.68,45.5,4.5,0
flow_20.69,44.0,3.5,0
flow_00.71,83.0,4.0,0
flow_20.70,32.0,3.5,0
flow_00.72,82.0,4.0,0
flow_20.71,31.5,4.0,0
flow_00.73,81.0,4.0,0
flow_00.74,79.0,4.0,0
flow_20.72,31.0,4.5,0
flow_00.75,60.0,3.5,0
flow_20.73,30.0,4.0,0
flow_00.76,58.0,4.0,0
flow_20.74,28.5,4.0,0
flow_10.69,83.0,4.0,0
flow_30.50,51.0,4.5,0
flow_30.51,34.5,4.0,0
flow_10.70,83.5,4.0,0
flow_30.52,28.5,4.5,0
flow_10.71,83.0,4.0,0
flow_30.53,27.0,4.0,0
flow_10.72,82.5,4.5,0
flow_10.73,80.5,4.5,0
flow_10.74,61.5,4.5,0
flow_10.75,59.0,4.0,0
flow_20.75,50.0,4.0,0
flow_00.77,84.0,4.5,0
flow_20.76,51.0,4.0,0
flow_00.78,84.0,4.0,0
flow_20.77,49.5,4.0,0
flow_00.79,82.5,4.0,0
flow_20.78,40.0,3.5,0
flow_00.80,81.5,4.0,0
flow_20.79,38.5,4.0,0
flow_00.81,79.5,4.0,0
flow_00.82,61.0,4.0,0
flow_20.80,37.5,4.0,0
flow_20.81,33.5,4.0,0
flow_00.83,58.0,4.0,0
flow_10.76,84.0,4.0,0
flow_30.54,32.0,4.0,0
flow_10.77,83.5,3.5,0
flow_30.55,31.5,4.0,0
flow_10.78,82.5,3.5,0
flow_10.79,81.0,4.0,0
flow_30.56,26.0,3.5,0
flow_10.80,79.5,3.5,0
flow_10.81,60.5,4.0,0
flow_10.82,58.0,4.0,0
flow_30.57,24.5,3.0,0
flow_00.84,83.5,4.5,0
flow_20.82,51.0,4.5,0
flow_00.85,82.5,3.5,0
flow_20.83,50.5,4.0,0
flow_20.84,49.0,4.0,0
flow_00.86,84.5,4.5,0
flow_20.85,26.0,3.5,0
flow_00.87,83.0,4.5,0
flow_20.86,23.5,3.0,0
flow_00.88,80.5,4.0,0
flow_00.89,61.0,4.5,0
flow_00.90,59.0,4.0,0
flow_10.83,84.5,4.0,0
flow_30.58,47.0,4.5,0
flow_10.84,83.0,4.0,0
flow_30.59,44.0,4.0,0
flow_10.85,83.0,3.5,0
flow_30.60,25.0,3.5,0
flow_10.86,83.5,4.5,0
flow_10.87,81.0,4.5,0
flow_10.88,61.0,4.5,0
flow_30.61,24.0,3.0,0
flow_10.89,58.5,4.0,0
flow_20.87,34.0,4.0,0
flow_00.91,84.0,4.5,0
flow_00.92,82.5,3.5,0
flow_20.88,34.5,4.0,0
flow_00.93,82.0,4.0,0
flow_20.89,33.0,4.0,0
flow_00.94,81.0,3.5,0
flow_20.90,30.0,4.5,0
flow_00.95,78.5,4.0,0
flow_20.91,29.0,4.5,0
flow_00.96,61.0,4.0,0
flow_20.92,26.5,3.5,0
flow_00.97,58.5,4.0,0
flow_30.62,46.5,4.5,0
flow_10.90,84.5,4.5,0
flow_10.91,83.5,4.0,0
flow_30.63,40.0,4.0,0
flow_10.92,83.0,4.5,0
flow_10.93,81.5,4.0,0
flow_10.94,70.0,4.5,0
flow_30.64,24.0,3.0,0
flow_10.95,52.0,4.0,0
flow_10.96,49.0,4.0,0
flow_20.93,51.0,4.5,0
flow_00.98,84.5,4.5,0
flow_00.99,83.0,4.0,0
flow_20.94,51.5,4.0,0
flow_00.100,82.0,4.0,0
flow_20.95,50.0,4.0,0
flow_20.96,48.5,3.5,0
flow_00.101,82.0,4.0,0
flow_20.97,47.5,4.0,0
flow_00.102,80.0,4.5,0
flow_20.98,46.0,4.5,0
flow_00.103,62.0,4.5,0
flow_20.99,42.5,4.0,0
flow_00.104,59.0,4.0,0
flow_10.97,67.0,4.0,0
flow_30.65,45.0,4.5,0
flow_10.98,65.5,3.5,0
flow_30.66,37.0,4.0,0
flow_10.99,65.0,3.5,0
flow_30.67,37.0,4.0,0
flow_10.100,62.0,4.0,0
flow_30.68,30.5,4.5,0
flow_10.101,60.5,3.5,0
flow_10.102,59.0,4.0,0
flow_30.69,24.5,3.0,0
flow_10.103,57.5,4.0,0
flow_00.105,84.5,4.5,0
flow_20.100,60.0,4.5,0
flow_20.101,58.5,4.0,0
flow_00.106,86.0,4.5,0
flow_20.102,57.0,4.0,0
flow_00.107,84.0,4.5,0
flow_20.103,55.0,3.5,0
flow_00.108,83.5,4.5,0
flow_20.104,53.5,3.5,0
flow_00.109,81.0,4.5,0
flow_20.105,53.0,4.0,0
flow_00.110,62.5,4.0,0
flow_20.106,48.0,4.0,0
flow_00.111,59.5,4.5,0
flow_30.70,45.5,4.0,0
flow_10.104,83.5,4.0,0
flow_10.105,83.0,4.0,0
flow_30.71,47.0,4.0,0
flow_10.106,82.0,3.5,0
flow_30.72,24.0,3.0,0
flow_10.107,81.0,4.0,0
flow_10.108,78.0,3.5,0
flow_10.109,61.5,4.5,0
flow_10.110,59.0,4.5,0
flow_20.107,73.5,4.0,0
flow_00.112,84.5,4.5,0
flow_00.113,83.0,4.0,0
flow_20.108,71.0,3.5,0
flow_20.109,69.5,3.5,0
flow_00.114,82.0,4.0,0
flow_20.110,64.0,3.5,0
flow_00.115,81.5,4.0,0
flow_20.111,63.5,3.5,0
flow_00.116,79.5,4.5,0
flow_20.112,39.5,4.0,0
flow_00.117,61.0,4.0,0
flow_20.113,38.0,4.0,0
flow_00.118,59.0,4.5,0
flow_10.111,83.5,4.0,0
flow_30.73,55.0,4.5,0
flow_10.112,84.5,4.0,0
flow_30.74,44.5,4.5,0
flow_10.113,82.5,4.0,0
flow_30.75,39.5,4.5,0
flow_10.114,81.5,4.0,0
flow_30.76,37.5,4.0,0
flow_10.115,79.0,4.0,0
flow_30.77,37.5,4.5,0
flow_10.116,60.0,4.0,0
flow_30.78,27.0,4.0,0
flow_10.117,58.0,4.5,0
flow_20.114,59.5,4.0,0
flow_00.119,86.0,5.0,0
flow_20.115,60.0,4.0,0
flow_00.120,84.0,4.0,0
flow_20.116,55.5,4.0,0
flow_00.121,82.5,4.0,0
flow_00.122,81.0,3.5,0
flow_20.117,56.0,4.0,0
flow_00.123,79.5,4.0,0
flow_20.118,54.5,4.5,0
flow_00.124,61.0,4.0,0
flow_20.119,53.0,4.0,0
flow_00.125,58.0,4.0,0
flow_20.120,44.5,4.0,0
flow_10.118,82.0,4.0,0
flow_30.79,56.5,4.5,0
flow_10.119,82.5,4.0,0
flow_30.80,56.0,4.5,0
flow_10.120,80.5,4.0,0
flow_30.81,54.0,4.0,0
flow_10.121,66.0,4.0,0
flow_30.82,54.5,4.5,0
flow_10.122,60.5,4.0,0
flow_10.123,58.5,4.0,0
flow_30.83,44.5,4.5,0
flow_10.124,48.5,3.5,0
flow_30.84,30.0,4.5,0
flow_20.121,70.0,4.5,0
flow_00.126,84.5,4.5,0
flow_20.122,69.5,4.0,0
flow_00.127,79.5,4.0,0
flow_20.123,69.0,4.0,0
flow_00.128,67.0,4.0,0
flow_20.124,67.0,3.5,0
flow_00.129,66.0,4.0,0
flow_20.125,65.5,4.0,0
flow_00.130,64.0,4.0,0
flow_20.126,60.0,4.0,0
flow_00.131,61.0,4.5,0
flow_20.127,58.0,4.0,0
flow_00.132,58.0,4.0,0
flow_10.125,68.0,4.0,0
flow_30.85,50.5,4.5,0
flow_30.86,40.5,4.0,0
flow_10.126,68.5,4.0,0
flow_10.127,66.0,4.0,0
flow_10.128,51.5,4.0,0
flow_10.129,46.0,4.0,0
flow_10.130,43.0,4.0,0
flow_10.131,37.0,4.0,0
flow_20.128,83.0,4.0,0
flow_00.133,74.0,4.5,0
flow_20.129,83.5,4.0,0
flow_00.134,72.5,4.0,0
flow_00.135,72.0,4.0,0
flow_20.130,83.0,4.0,0
flow_20.131,81.5,4.0,0
flow_00.136,71.0,3.5,0
flow_20.132,66.5,4.0,0
flow_00.137,69.0,4.0,0
flow_20.133,60.5,4.5,0
flow_00.138,61.5,4.0,0
flow_20.134,54.5,4.0,0
flow_00.139,59.0,4.0,0
flow_10.132,64.0,4.5,0
flow_10.133,63.0,4.0,0
flow_30.87,26.5,3.5,0
flow_10.134,61.5,3.5,0
flow_30.88,25.0,3.5,0
flow_10.135,61.0,4.0,0
flow_10.136,52.0,4.0,0
flow_30.89,24.5,3.0,0
flow_10.137,50.0,4.0,0
flow_10.138,36.5,4.0,0
flow_30.90,25.0,3.5,0
flow_20.135,59.0,4.5,0
flow_00.140,84.5,4.5,0
flow_00.141,84.0,4.0,0
flow_20.136,59.0,4.0,0
flow_20.137,52.0,4.0,0
flow_00.142,80.0,4.0,0
flow_20.138,48.5,3.5,0
flow_00.143,79.0,4.0,0
flow_20.139,47.0,3.5,0
flow_00.144,77.0,4.0,0
flow_00.145,61.0,4.0,0
flow_20.140,47.0,4.5,0
flow_20.141,44.0,4.5,0
flow_00.146,59.5,4.5,0
flow_10.139,61.5,4.0,0
flow_30.91,50.5,4.0,0
flow_10.140,60.0,3.5,0
flow_30.92,49.5,4.0,0
flow_10.141,51.5,4.0,0
flow_30.93,48.0,3.5,0
flow_10.142,47.0,3.5,0
flow_30.94,36.5,4.0,0
flow_10.143,41.0,4.0,0
flow_10.144,40.5,4.0,0
flow_30.95,23.0,2.5,0
flow_10.145,38.5,4.0,0
flow_00.147,84.0,4.5,0
flow_20.142,69.0,4.5,0
flow_00.148,82.0,3.5,0
flow_20.143,69.5,4.0,0
flow_20.144,68.0,4.0,0
flow_00.149,83.0,4.0,0
flow_20.145,66.5,4.5,0
flow_00.150,83.0,4.5,0
flow_20.146,66.0,4.5,0
flow_00.151,82.0,4.5,0
flow_20.147,61.5,4.0,0
flow_00.152,63.5,4.5,0
flow_20.148,59.0,4.5,0
flow_00.153,60.5,5.0,0
flow_10.146,64.5,4.0,0
flow_10.147,64.5,4.0,0
flow_10.148,64.5,4.5,0
flow_10.149,59.0,4.5,0
flow_10.150,51.0,4.0,0
flow_10.151,46.0,4.5,0
flow_10.152,46.0,4.5,0
flow_00.154,83.5,4.0,0
flow_20.149,83.0,4.0,0
flow_00.155,83.5,4.0,0
flow_20.150,84.0,4.5,0
flow_20.151,82.0,3.5,0
flow_00.156,82.5,4.0,0
flow_20.152,64.0,4.0,0
flow_00.157,81.0,3.5,0
flow_00.158,75.5,4.0,0
flow_20.153,63.5,4.0,0
flow_20.154,60.5,4.0,0
flow_00.159,56.0,4.0,0
flow_20.155,58.0,4.5,0
flow_00.160,55.0,4.5,0
flow_30.96,44.5,4.0,0
flow_10.153,62.0,4.0,0
flow_30.97,37.0,4.0,0
flow_10.154,59.5,4.0,0
flow_10.155,58.5,4.0,0
flow_10.156,57.0,4.0,0
flow_10.157,49.5,4.0,0
flow_10.158,48.5,4.0,0
flow_10.159,46.5,4.0,0
flow_30.98,29.0,4.5,0
flow_20.156,83.0,4.5,0
flow_20.157,82.0,3.5,0
flow_00.161,78.5,5.0,0
flow_00.162,77.0,4.0,0
flow_00.163,76.0,4.5,0
flow_20.158,83.0,4.5,0
flow_20.159,79.0,4.0,0
flow_00.164,69.5,4.0,0
flow_20.160,77.0,4.5,0
flow_00.165,61.5,3.5,0
flow_20.161,61.0,4.0,0
flow_00.166,58.5,4.0,0
flow_00.167,54.5,4.0,0
flow_20.162,59.0,4.0,0
flow_10.160,70.5,4.0,0
flow_30.99,45.0,4.5,0
flow_10.161,70.5,3.5,0
flow_30.100,44.5,4.0,0
flow_10.162,68.5,3.5,0
flow_30.101,38.5,4.0,0
flow_30.102,36.5,3.5,0
flow_10.163,67.5,4.0,0
flow_20.0,25.0,3.5,0
flow_30.0,28.5,4.0,0
flow_10.0,33.5,4.5,0
flow_10.1,29.5,4.0,0
flow_10.2,28.5,4.0,0
flow_10.3,27.0,4.0,0
flow_30.1,25.0,3.0,0
flow_30.2,24.5,3.0,0
flow_20.1,44.5,4.5,0
flow_20.2,43.5,4.0,0
flow_00.0,24.5,3.0,0
flow_20.3,42.0,3.5,0
flow_20.4,41.5,3.5,0
flow_10.4,45.5,4.5,0
flow_30.3,54.0,4.5,0
flow_10.5,44.5,3.5,0
flow_30.4,53.5,4.0,0
flow_10.6,44.0,4.0,0
flow_30.5,51.0,4.0,0
flow_30.6,48.5,4.0,0
flow_30.7,46.5,4.0,0
flow_30.8,40.0,4.5,0
flow_30.9,36.5,4.5,0
flow_20.5,47.0,4.5,0
flow_00.1,45.5,4.0,0
flow_00.2,45.0,3.5,0
flow_20.6,47.0,4.0,0
flow_00.3,44.5,3.5,0
flow_20.7,45.0,4.0,0
flow_20.8,38.0,4.0,0
flow_20.9,31.0,4.0,0
flow_20.10,30.5,4.0,0
flow_20.11,29.0,4.0,0
flow_30.10,59.5,4.0,0
flow_10.7,51.0,4.5,0
flow_10.8,50.5,4.0,0
flow_30.11,60.0,4.0,0
flow_10.9,45.5,3.5,0
flow_30.12,58.5,4.0,0
flow_30.13,57.0,4.0,0
flow_10.10,46.5,4.0,0
flow_30.14,49.0,4.0,0
flow_10.11,45.0,4.5,0
flow_10.12,43.0,4.0,0
flow_30.15,42.0,4.0,0
flow_30.16,37.5,4.0,0
flow_10.13,30.5,4.0,0
flow_20.12,49.5,4.0,0
flow_00.4,51.5,4.5,0
flow_00.5,47.5,4.0,0
flow_20.13,45.0,4.5,0
flow_00.6,38.0,4.0,0
flow_20.14,44.0,4.0,0
flow_00.7,35.5,3.5,0
flow_20.15,26.0,3.5,0
flow_00.8,34.5,4.0,0
flow_20.16,25.0,3.5,0
flow_00.9,33.5,4.0,0
flow_20.17,25.5,3.5,0
flow_00.10,29.5,4.5,0
flow_10.14,46.5,4.5,0
flow_30.17,63.0,4.5,0
flow_10.15,43.5,4.0,0
flow_30.18,60.0,4.0,0
flow_10.16,43.0,3.5,0
flow_30.19,58.5,4.0,0
flow_10.17,33.5,4.0,0
flow_30.20,51.5,4.0,0
flow_10.18,32.5,4.0,0
flow_30.21,48.0,4.0,0
flow_10.19,24.5,3.0,0
flow_30.22,47.0,4.5,0
flow_30.23,45.5,4.5,0
flow_20.18,51.5,4.5,0
flow_00.11,50.5,4.0,0
flow_20.19,47.5,4.0,0
flow_00.12,41.0,3.5,0
flow_00.13,38.5,3.5,0
flow_20.20,30.5,4.0,0
flow_00.14,38.5,4.0,0
flow_20.21,25.0,3.0,0
flow_00.15,24.5,3.0,0
flow_20.22,24.5,3.0,0
flow_30.24,68.0,4.0,0
flow_10.20,37.5,4.5,0
flow_30.25,68.0,3.5,0
flow_10.21,37.0,4.0,0
flow_10.22,37.0,4.0,0
flow_30.26,64.0,4.5,0
flow_30.27,62.0,4.0,0
flow_10.23,34.0,4.5,0
flow_10.24,32.0,4.0,0
flow_30.28,62.0,4.5,0
flow_10.25,31.0,4.0,0
flow_30.29,60.0,4.5,0
flow_10.26,29.5,4.0,0
flow_30.30,58.5,4.5,0
flow_20.23,50.5,4.0,0
flow_00.16,54.0,4.5,0
flow_00.17,53.0,4.5,0
flow_20.24,51.5,4.0,0
flow_20.25,24.5,3.0,0
flow_00.18,53.5,4.5,0
flow_00.19,51.5,4.5,0
flow_00.20,39.0,4.0,0
flow_20.26,26.0,3.5,0
flow_00.21,36.5,4.5,0
flow_20.27,26.0,3.5,0
flow_10.27,54.0,4.0,0
flow_30.31,82.5,4.5,0
flow_30.32,78.5,4.0,0
flow_10.28,43.0,4.0,0
flow_30.33,77.0,3.5,0
flow_10.29,38.5,4.5,0
flow_30.34,77.0,4.0,0
flow_10.30,31.0,4.0,0
flow_30.35,75.5,4.0,0
flow_30.36,61.0,4.0,0
flow_30.37,58.5,4.0,0
flow_00.22,42.5,4.0,0
flow_20.28,52.5,4.5,0
flow_00.23,33.5,4.0,0
flow_20.29,52.0,4.0,0
flow_00.24,33.5,4.0,0
flow_20.30,42.0,4.5,0
flow_20.31,30.5,4.5,0
flow_20.32,29.0,4.0,0
flow_20.33,27.0,4.0,0
flow_30.38,84.5,4.5,0
flow_10.31,54.5,4.5,0
flow_30.39,83.0,4.0,0
flow_10.32,50.0,4.0,0
flow_30.40,82.0,4.0,0
flow_10.33,49.0,4.0,0
flow_30.41,76.5,3.5,0
flow_10.34,49.0,4.0,0
flow_30.42,75.0,4.0,0
flow_10.35,46.5,4.0,0
flow_30.43,60.0,4.0,0
flow_10.36,43.0,4.0,0
flow_30.44,58.0,4.0,0
flow_10.37,30.5,4.5,0
flow_20.34,47.0,4.0,0
flow_00.25,44.0,4.5,0
flow_00.26,37.0,3.5,0
flow_20.35,46.5,3.5,0
flow_20.36,45.0,3.5,0
flow_00.27,28.5,4.0,0
flow_20.37,44.0,4.0,0
flow_20.38,41.5,3.5,0
flow_20.39,42.5,5.0,0
flow_20.40,28.0,4.0,0
flow_30.45,75.5,4.0,0
flow_10.38,55.5,4.5,0
flow_10.39,55.5,4.0,0
flow_30.46,76.5,4.0,0
flow_30.47,75.0,4.0,0
flow_10.40,55.5,4.5,0
flow_30.48,64.5,4.0,0
flow_10.41,54.0,4.0,0
flow_30.49,63.0,3.5,0
flow_10.42,49.0,4.5,0
flow_30.50,59.5,4.0,0
flow_10.43,38.5,4.0,0
flow_30.51,57.5,4.0,0
flow_10.44,38.0,4.5,0
flow_20.41,48.5,4.0,0
flow_00.28,51.0,4.5,0
flow_20.42,48.5,3.5,0
flow_00.29,28.5,4.0,0
flow_00.30,24.5,3.0,0
flow_20.43,47.5,4.5,0
flow_20.44,44.5,4.0,0
flow_00.31,26.0,3.5,0
flow_20.45,41.0,4.5,0
flow_20.46,39.0,4.0,0
flow_00.32,25.5,3.0,0
flow_20.47,38.0,4.5,0
flow_10.45,63.0,4.5,0
flow_30.52,47.5,4.5,0
flow_30.53,46.5,4.0,0
flow_10.46,50.0,4.0,0
flow_10.47,48.0,4.0,0
flow_30.54,46.5,4.0,0
flow_30.55,43.5,4.5,0
flow_10.48,47.0,4.0,0
flow_10.49,44.5,4.0,0
flow_30.56,40.0,4.5,0
flow_10.50,43.5,4.5,0
flow_30.57,38.0,4.5,0
flow_10.51,41.0,4.0,0
flow_30.58,36.5,4.5,0
flow_20.48,53.5,4.0,0
flow_00.33,53.0,4.0,0
flow_20.49,51.5,4.0,0
flow_00.34,54.5,4.5,0
flow_20.50,50.5,3.5,0
flow_00.35,52.5,4.5,0
flow_00.36,50.5,4.0,0
flow_00.37,47.5,4.0,0
flow_00.38,30.0,4.5,0
flow_00.39,28.5,4.0,0
flow_10.52,63.0,4.5,0
flow_30.59,61.0,4.5,0
flow_10.53,63.0,4.0,0
flow_30.60,60.5,4.0,0
flow_10.54,63.0,4.5,0
flow_30.61,60.0,4.0,0
flow_30.62,53.5,4.0,0
flow_10.55,62.0,4.5,0
flow_10.56,28.5,4.0,0
flow_30.63,53.0,4.5,0
flow_30.64,51.5,4.0,0
flow_30.65,47.5,4.5,0
flow_20.51,46.5,4.5,0
flow_00.40,46.0,4.5,0
flow_00.41,44.0,4.0,0
flow_20.52,35.0,5.0,0
flow_00.42,35.0,4.0,0
flow_00.43,34.0,4.0,0
flow_00.44,32.5,4.0,0
flow_00.45,31.0,4.0,0
flow_00.46,29.5,4.0,0
flow_20.53,27.5,4.0,0
flow_10.57,40.5,4.0,0
flow_30.66,73.0,4.5,0
flow_10.58,41.0,4.0,0
flow_30.67,72.0,4.0,0
flow_30.68,71.5,4.0,0
flow_10.59,35.5,4.0,0
flow_10.60,34.0,4.0,0
flow_30.69,54.5,4.0,0
flow_30.70,52.5,4.5,0
flow_10.61,26.0,3.5,0
flow_30.71,50.5,4.0,0
flow_10.62,26.0,3.5,0
flow_30.72,39.0,4.0,0
flow_00.47,55.0,4.0,0
flow_20.54,54.0,4.5,0
flow_20.55,53.5,4.0,0
flow_00.48,50.0,4.0,0
flow_20.56,51.0,4.0,0
flow_00.49,41.5,4.0,0
flow_20.57,49.5,4.0,0
flow_00.50,30.5,4.5,0
flow_20.58,48.0,4.0,0
flow_00.51,29.5,4.5,0
flow_20.59,47.0,4.0,0
flow_00.52,27.5,4.0,0
flow_20.60,46.0,4.0,0
flow_30.73,64.5,4.5,0
flow_10.63,52.0,4.5,0
flow_30.74,38.0,4.5,0
flow_10.64,52.5,4.0,0
flow_10.65,49.5,4.0,0
flow_30.75,37.0,4.5,0
flow_10.66,44.0,3.5,0
flow_30.76,35.0,4.5,0
flow_10.67,42.5,4.0,0
flow_30.77,24.5,3.0,0
flow_10.68,41.0,4.0,0
flow_10.69,34.5,4.0,0
flow_20.61,70.5,4.5,0
flow_00.53,55.0,4.5,0
flow_20.62,69.5,3.5,0
flow_00.54,34.0,4.0,0
flow_20.63,59.5,4.0,0
flow_00.55,33.0,4.0,0
flow_20.64,58.5,3.5,0
flow_20.65,58.0,4.0,0
flow_20.66,56.5,4.5,0
flow_20.67,52.0,4.0,0
flow_30.78,49.0,4.0,0
flow_10.70,60.5,4.5,0
flow_30.79,48.0,4.0,0
flow_10.71,59.0,4.0,0
flow_30.80,47.5,3.5,0
flow_10.72,56.0,4.0,0
flow_30.81,46.5,3.5,0
flow_10.73,26.0,3.5,0
flow_30.82,45.5,4.0,0
flow_30.83,44.0,3.5,0
flow_30.84,42.5,4.0,0
flow_20.68,72.0,4.5,0
flow_00.56,44.0,4.5,0
flow_20.69,36.5,4.0,0
flow_20.70,36.0,4.0,0
flow_20.71,34.5,3.5,0
flow_20.72,25.5,3.5,0
flow_20.73,25.0,3.5,0
flow_30.85,68.5,4.0,0
flow_10.74,38.0,4.5,0
flow_30.86,68.0,3.5,0
flow_10.75,30.5,4.0,0
flow_10.76,28.5,4.0,0
flow_30.87,67.0,4.0,0
flow_10.77,28.5,4.0,0
flow_30.88,62.5,4.0,0
flow_10.78,27.0,4.0,0
flow_30.89,61.5,4.5,0
flow_10.79,24.5,3.5,0
flow_30.90,51.5,4.0,0
flow_20.74,46.5,4.5,0
flow_00.57,48.0,4.5,0
flow_00.58,29.0,4.0,0
flow_20.75,46.5,4.0,0
flow_00.59,28.0,4.0,0
flow_20.76,43.5,4.0,0
flow_20.77,37.0,4.0,0
flow_20.78,35.5,4.0,0
flow_20.79,32.5,4.0,0
flow_10.80,51.5,4.0,0
flow_30.91,54.0,4.5,0
flow_30.92,51.0,4.0,0
flow_10.81,52.5,4.0,0
flow_10.82,51.0,4.0,0
flow_30.93,50.5,4.0,0
flow_10.83,48.5,4.0,0
flow_30.94,48.0,4.0,0
flow_10.84,46.0,4.5,0
flow_30.95,41.5,4.0,0
flow_30.96,31.5,4.0,0
flow_10.85,40.5,4.5,0
flow_10.86,39.5,4.0,0
flow_20.80,50.0,4.0,0
flow_00.60,54.5,4.5,0
flow_20.81,49.0,3.5,0
flow_00.61,26.0,3.5,0
flow_20.82,47.5,3.5,0
flow_20.83,48.0,4.0,0
flow_20.84,46.5,4.0,0
flow_00.62,25.5,3.5,0
flow_20.85,44.0,4.5,0
flow_20.86,42.5,4.0,0
flow_30.97,51.0,4.0,0
flow_10.87,64.5,4.5,0
flow_10.88,63.5,4.0,0
flow_30.98,51.0,4.0,0
flow_30.99,42.0,3.5,0
flow_10.89,63.0,4.0,0
flow_10.90,61.0,3.5,0
flow_30.100,34.5,4.0,0
flow_30.101,25.5,3.0,0
flow_10.91,60.5,4.0,0
flow_10.92,58.0,4.0,0
flow_30.102,24.5,3.0,0
flow_10.93,55.0,4.0,0
flow_20.87,67.5,4.5,0
flow_00.63,41.0,4.0,0
flow_20.88,68.0,4.0,0
flow_20.89,67.0,4.0,0
flow_20.90,65.0,4.0,0
flow_20.91,63.5,4.0,0
flow_20.92,59.5,4.0,0
flow_20.93,57.5,4.0,0
flow_00.64,25.5,3.5,0
flow_10.94,81.0,4.5,0
flow_30.103,53.0,4.5,0
flow_30.104,53.0,4.0,0
flow_10.95,81.5,4.0,0
flow_10.96,76.0,4.0,0
flow_30.105,52.0,4.0,0
flow_10.97,75.0,3.5,0
flow_30.106,44.0,4.0,0
flow_30.107,41.5,4.0,0
flow_10.98,72.5,4.0,0
flow_10.99,60.5,3.5,0
flow_10.100,59.0,4.0,0
flow_20.94,82.5,4.0,0
flow_00.65,50.5,4.5,0
flow_00.66,50.0,4.0,0
flow_20.95,84.0,4.5,0
flow_00.67,48.5,4.0,0
flow_20.96,82.0,3.5,0
flow_20.97,81.0,4.0,0
flow_00.68,48.0,4.0,0
flow_00.69,46.5,4.0,0
flow_20.98,80.5,4.5,0
flow_20.99,62.0,4.5,0
flow_00.70,46.0,4.0,0
flow_20.100,59.5,4.5,0
flow_00.71,44.5,4.5,0
flow_10.101,67.5,4.0,0
flow_30.108,53.0,4.0,0
flow_30.109,47.0,4.0,0
flow_10.102,67.5,4.0,0
flow_10.103,60.0,3.5,0
flow_30.110,45.5,3.5,0
flow_10.104,59.0,4.0,0
flow_30.111,37.5,4.0,0
flow_30.112,34.0,4.0,0
flow_10.105,57.5,4.0,0
flow_30.113,32.5,4.0,0
flow_10.106,25.5,3.5,0
flow_30.114,31.0,4.0,0
flow_00.72,69.0,4.0,0
flow_20.101,84.5,4.5,0
flow_20.102,83.5,4.0,0
flow_00.73,68.5,4.0,0
flow_20.103,83.0,4.0,0
flow_00.74,68.0,4.0,0
flow_20.104,78.0,4.0,0
flow_00.75,60.0,4.0,0
flow_20.105,77.0,4.0,0
flow_00.76,56.0,4.5,0
flow_20.106,60.0,3.5,0
flow_00.77,49.5,4.0,0
flow_20.107,58.5,4.0,0
flow_00.78,29.0,4.5,0
flow_30.115,56.5,4.5,0
flow_10.107,42.5,4.0,0
flow_30.116,51.5,4.0,0
flow_10.108,41.5,4.0,0
flow_30.117,50.5,4.0,0
flow_10.109,34.5,4.0,0
flow_30.118,44.0,3.5,0
flow_10.110,33.5,3.5,0
flow_10.111,32.5,4.0,0
flow_30.119,41.0,4.0,0
flow_10.112,31.5,4.5,0
flow_30.120,36.0,4.0,0
flow_30.121,35.0,4.5,0
flow_20.108,83.5,4.0,0
flow_00.79,54.0,4.0,0
flow_00.80,53.0,3.5,0
flow_20.109,83.5,4.0,0
flow_20.110,82.5,4.0,0
flow_00.81,51.0,4.0,0
flow_00.82,46.0,4.0,0
flow_20.111,81.5,4.0,0
flow_00.83,27.0,3.5,0
flow_20.112,79.5,4.0,0
flow_20.113,60.5,4.0,0
flow_00.84,26.0,3.5,0
flow_20.114,58.0,4.0,0
flow_30.122,58.5,4.0,0
flow_10.113,29.5,4.0,0
flow_30.123,58.5,3.5,0
flow_10.114,29.5,4.0,0
flow_30.124,52.5,3.5,0
flow_10.115,25.5,3.0,0
flow_30.125,51.5,3.5,0
flow_30.126,50.5,4.0,0
flow_30.127,49.5,4.5,0
flow_30.128,48.0,4.0,0
flow_00.85,46.5,4.5,0
flow_20.115,81.0,4.5,0
flow_20.116,81.0,4.0,0
flow_20.117,80.0,4.0,0
flow_20.118,79.0,4.0,0
flow_20.119,77.0,4.5,0
flow_00.86,26.0,3.5,0
flow_20.120,62.0,4.5,0
flow_00.87,24.5,3.0,0
flow_20.121,59.5,4.0,0
flow_10.116,44.0,4.0,0
flow_30.129,75.5,5.0,0
flow_10.117,39.0,4.0,0
flow_30.130,74.0,4.5,0
flow_30.131,65.0,4.0,0
flow_10.118,37.5,4.0,0
flow_30.132,62.0,4.0,0
flow_10.119,37.0,4.0,0
flow_30.133,58.5,4.5,0
flow_10.120,25.0,3.5,0
flow_30.134,53.0,4.0,0
flow_30.135,33.5,4.0,0
flow_20.122,83.5,4.0,0
flow_00.88,51.5,4.0,0
flow_20.123,84.0,4.0,0
flow_00.89,31.0,4.0,0
flow_20.124,82.0,4.0,0
flow_20.125,81.5,4.0,0
flow_00.90,28.5,4.0,0
flow_20.126,79.0,4.0,0
flow_00.91,27.5,4.0,0
flow_20.127,61.0,4.0,0
flow_00.92,26.0,3.5,0
flow_20.128,58.0,4.0,0
flow_30.136,58.5,4.5,0
flow_10.121,47.5,4.5,0
flow_30.137,58.0,4.0,0
flow_10.122,47.5,4.0,0
flow_30.138,57.0,3.5,0
flow_10.123,46.0,4.0,0
flow_30.139,56.5,4.0,0
flow_10.124,45.0,4.0,0
flow_30.140,48.5,4.0,0
flow_10.125,43.5,4.0,0
flow_10.126,41.5,3.5,0
flow_30.141,47.5,4.5,0
flow_30.142,45.5,4.0,0
flow_10.127,41.0,4.0,0
flow_20.129,83.5,4.0,0
flow_00.93,54.5,4.5,0
flow_20.130,83.0,3.5,0
flow_00.94,30.5,4.0,0
flow_20.131,82.5,4.0,0
flow_20.132,81.0,4.0,0
flow_20.133,79.0,4.0,0
flow_00.95,26.0,3.5,0
flow_20.134,60.0,4.0,0
flow_20.135,57.5,4.0,0
flow_30.143,70.0,4.0,0
flow_10.128,65.5,4.5,0
flow_30.144,69.0,3.5,0
flow_10.129,62.5,4.0,0
flow_30.145,69.0,3.5,0
flow_10.130,53.0,4.0,0
flow_30.146,67.5,3.5,0
flow_10.131,48.5,3.5,0
flow_10.132,48.0,4.0,0
flow_30.147,67.0,4.0,0
flow_30.148,61.5,4.5,0
flow_10.133,47.5,4.0,0
flow_30.149,59.0,4.0,0
flow_10.134,46.0,4.0,0
flow_00.96,49.0,4.0,0
flow_20.136,84.5,4.5,0
flow_00.97,43.5,3.5,0
flow_20.137,84.5,4.0,0
flow_20.138,83.5,4.0,0
flow_20.139,82.0,4.0,0
flow_20.140,80.0,4.5,0
flow_20.141,60.5,4.0,0
flow_20.142,58.5,4.5,0
flow_30.150,79.5,4.0,0
flow_10.135,72.0,4.5,0
flow_30.151,74.5,4.0,0
flow_10.136,69.5,4.0,0
flow_30.152,73.5,4.0,0
flow_10.137,68.5,4.0,0
flow_30.153,72.5,3.5,0
flow_10.138,69.0,4.5,0
flow_30.154,71.0,4.0,0
flow_10.139,50.0,4.0,0
flow_30.155,61.0,4.0,0
flow_10.140,49.5,4.5,0
flow_30.156,58.0,4.0,0
flow_10.141,44.0,4.0,0
flow_00.98,25.5,3.0,0
flow_20.143,84.0,4.0,0
flow_20.144,84.5,4.0,0
flow_20.145,82.0,3.5,0
flow_00.99,26.5,3.5,0
flow_20.146,80.5,3.5,0
flow_20.147,79.0,4.0,0
flow_20.148,61.0,3.5,0
flow_20.149,58.5,4.0,0
flow_10.142,67.0,4.0,0
flow_30.157,84.0,4.5,0
flow_30.158,83.5,4.0,0
flow_10.143,62.0,4.0,0
flow_30.159,82.5,4.0,0
flow_10.144,61.5,4.0,0
flow_30.160,81.0,3.5,0
