vehicle_id,travel_time,zone_time,total_collisions_in_episode
flow_00.0,20.0,1.5,0
flow_0012.0,25.0,3.5,0
flow_00.1,22.0,2.0,0
flow_2012.0,25.0,3.0,0
flow_00.2,26.0,5.0,0
flow_1012.0,51.0,4.0,0
flow_1012.1,52.0,4.0,0
flow_10.0,48.0,3.0,0
flow_1012.2,48.5,3.5,0
flow_10.1,45.0,2.5,0
flow_101.0,45.0,2.5,0
flow_1012.3,44.0,3.5,0
flow_10.2,41.0,2.5,0
flow_10.3,40.0,2.5,0
flow_101.1,36.0,2.5,0
flow_101.2,35.5,2.5,0
flow_2012.1,61.5,4.0,0
flow_20.0,47.5,3.0,0
flow_001.0,77.5,7.0,0
flow_20.1,44.0,3.0,0
flow_0012.1,65.5,5.0,0
flow_0012.2,64.5,4.0,0
flow_001.1,62.5,2.5,0
flow_201.0,49.5,4.0,0
flow_20.2,34.0,3.0,0
flow_001.2,55.0,3.0,0
flow_0012.3,48.5,4.5,0
flow_001.3,46.0,3.0,0
flow_0012.4,43.5,3.5,0
flow_0012.5,42.5,4.0,0
flow_20.3,21.0,2.0,0
flow_30.0,68.0,4.0,0
flow_10.4,66.0,4.0,0
flow_301.0,59.0,3.0,0
flow_1012.4,69.5,5.0,0
flow_10.5,42.5,3.0,0
flow_301.1,55.0,3.5,0
flow_10.6,37.0,3.0,0
flow_301.2,44.5,3.0,0
flow_3012.0,28.5,3.5,0
flow_1012.5,28.0,4.5,0
flow_30.1,25.5,2.5,0
flow_1012.6,26.0,4.0,0
flow_3012.1,25.5,3.5,0
flow_1012.7,24.0,3.0,0
flow_201.1,71.5,3.5,0
flow_001.4,73.0,3.5,0
flow_001.5,71.5,3.0,0
flow_20.4,71.0,3.0,0
flow_2012.2,49.0,4.5,0
flow_20.5,35.0,3.0,0
flow_001.6,73.5,7.0,0
flow_201.2,34.0,2.5,0
flow_001.7,63.0,3.0,0
flow_20.6,28.5,3.0,0
flow_2012.3,36.5,5.0,0
flow_001.8,56.5,4.0,0
flow_201.3,28.5,2.5,0
flow_00.3,30.5,3.0,0
flow_001.9,48.5,3.5,0
flow_201.4,27.5,3.0,0
flow_00.4,25.5,3.0,0
flow_00.5,22.5,2.5,0
flow_30.2,68.5,4.0,0
flow_101.3,72.5,3.5,0
flow_30.3,65.0,3.0,0
flow_101.4,60.5,3.0,0
flow_3012.2,66.5,4.5,0
flow_30.4,31.0,3.0,0
flow_101.5,63.5,7.0,0
flow_301.3,30.5,3.0,0
flow_30.5,27.5,2.5,0
flow_101.6,63.0,3.0,0
flow_101.7,63.0,3.5,0
flow_10.7,49.5,3.0,0
flow_101.8,54.0,3.5,0
flow_1012.8,50.0,3.5,0
flow_10.8,46.5,2.5,0
flow_10.9,45.5,2.5,0
flow_101.9,44.0,2.5,0
flow_101.10,30.5,3.0,0
flow_101.11,29.0,3.0,0
flow_00.6,67.0,4.0,0
flow_20.7,55.0,4.0,0
flow_001.10,54.0,3.0,0
flow_2012.4,28.0,4.0,0
flow_00.7,54.0,4.5,0
flow_001.11,45.0,3.0,0
flow_00.8,41.5,2.5,0
flow_0012.6,41.5,3.0,0
flow_2012.5,26.5,5.0,0
flow_001.12,42.5,3.0,0
flow_00.9,29.0,2.5,0
flow_0012.7,39.0,4.0,0
flow_00.10,28.0,2.5,0
flow_001.13,27.5,2.5,0
flow_1012.9,72.5,4.5,0
flow_3012.3,73.0,4.5,0
flow_1012.10,42.5,3.5,0
flow_3012.4,73.5,4.5,0
flow_3012.5,47.5,4.0,0
flow_30.6,32.0,2.5,0
flow_3012.6,45.5,4.0,0
flow_101.12,48.5,7.0,0
flow_301.4,30.0,3.0,0
flow_30.7,28.0,4.0,0
flow_1012.11,41.5,4.5,0
flow_101.13,38.0,2.5,0
flow_30.8,27.0,3.0,0
flow_10.10,37.0,3.0,0
flow_30.9,26.5,2.5,0
flow_101.14,36.0,3.0,0
flow_101.15,28.5,3.0,0
flow_30.10,23.0,2.5,0
flow_1012.12,26.0,3.5,0
flow_3012.7,25.0,3.5,0
flow_00.11,65.5,4.0,0
flow_201.5,59.5,3.5,0
flow_0012.8,66.5,4.0,0
flow_20.8,59.5,6.0,0
flow_0012.9,68.5,6.5,0
flow_001.14,61.5,3.5,0
flow_201.6,62.0,3.5,0
flow_001.15,60.5,3.0,0
flow_00.12,57.0,3.0,0
flow_201.7,58.0,3.0,0
flow_20.9,55.0,3.0,0
flow_00.13,55.0,3.0,0
flow_201.8,54.0,2.5,0
flow_20.10,51.5,3.5,0
flow_0012.10,50.0,5.0,0
flow_00.14,47.0,3.5,0
flow_00.15,46.0,3.0,0
flow_0012.11,44.5,3.0,0
flow_2012.6,53.0,6.0,0
flow_0012.12,43.5,3.5,0
flow_20.11,32.0,5.5,0
flow_001.16,34.5,3.0,0
flow_301.5,73.5,3.5,0
flow_1012.13,59.5,6.5,0
flow_3012.8,57.0,4.0,0
flow_3012.9,45.5,4.5,0
flow_101.16,58.5,4.0,0
flow_301.6,25.0,2.5,0
flow_10.11,51.5,3.0,0
flow_1012.14,31.5,3.5,0
flow_3012.10,26.0,3.0,0
flow_301.7,28.0,3.0,0
flow_1012.15,24.5,3.0,0
flow_301.8,29.5,6.0,0
flow_101.17,26.0,3.0,0
flow_3012.11,30.0,4.5,0
flow_30.11,25.5,3.0,0
flow_30.12,25.0,2.5,0
flow_20.12,61.0,4.0,0
flow_00.16,78.5,4.0,0
flow_201.9,53.0,3.0,0
flow_2012.7,45.0,3.5,0
flow_0012.13,82.0,5.0,0
flow_0012.14,80.0,4.0,0
flow_001.17,78.0,3.0,0
flow_00.17,74.0,3.0,0
flow_201.10,36.5,3.5,0
flow_001.18,73.0,2.5,0
flow_201.11,34.0,3.0,0
flow_0012.15,73.0,4.0,0
flow_2012.8,24.5,3.0,0
flow_00.18,72.5,5.5,0
flow_001.19,71.0,3.0,0
flow_201.12,25.0,2.5,0
flow_001.20,69.5,2.5,0
flow_00.19,63.0,2.5,0
flow_001.21,54.5,2.5,0
flow_2012.9,26.0,4.0,0
flow_001.22,36.5,4.0,0
flow_30.13,71.5,4.0,0
flow_1012.16,79.0,7.5,0
flow_10.12,76.0,3.5,0
flow_301.9,77.0,3.5,0
flow_101.18,71.0,3.0,0
flow_30.14,73.5,3.0,0
flow_101.19,71.0,3.0,0
flow_3012.12,50.0,4.5,0
flow_101.20,73.5,4.0,0
flow_1012.17,71.5,4.0,0
flow_1012.18,70.0,3.5,0
flow_101.21,39.5,2.5,0
flow_101.22,39.5,3.0,0
flow_1012.19,37.0,3.5,0
flow_20.13,63.5,4.0,0
flow_0012.16,83.5,7.5,0
flow_20.14,48.0,5.0,0
flow_001.23,82.0,3.5,0
flow_2012.10,47.0,4.5,0
flow_20.15,43.0,3.0,0
flow_001.24,83.0,4.0,0
flow_2012.11,43.0,4.0,0
flow_2012.12,42.0,4.5,0
flow_2012.13,28.0,4.5,0
flow_001.25,91.5,4.5,0
flow_001.26,90.5,3.5,0
flow_00.20,87.0,3.0,0
flow_0012.17,40.5,3.5,0
flow_00.21,37.5,2.5,0
flow_0012.18,38.5,3.5,0
flow_3012.13,60.5,4.5,0
flow_10.13,63.5,6.5,0
flow_10.14,62.0,4.0,0
flow_301.10,61.0,3.5,0
flow_10.15,60.5,3.0,0
flow_301.11,41.0,3.5,0
flow_101.23,59.0,2.5,0
flow_10.16,52.0,2.5,0
flow_301.12,39.5,3.0,0
flow_3012.14,30.0,6.5,0
flow_30.15,26.0,3.5,0
flow_30.16,24.0,2.5,0
flow_10.17,42.0,3.0,0
flow_101.24,46.5,3.5,0
flow_10.18,42.0,2.5,0
flow_1012.20,41.0,3.0,0
flow_1012.21,40.5,3.5,0
flow_101.25,38.0,2.5,0
flow_101.26,36.5,3.0,0
flow_00.22,83.0,4.0,0
flow_20.16,35.0,4.0,0
flow_00.23,82.0,3.0,0
flow_201.13,36.0,3.0,0
flow_20.17,30.0,3.0,0
flow_00.24,70.0,3.0,0
flow_001.27,70.5,3.0,0
flow_0012.19,50.0,3.0,0
flow_00.25,46.5,2.5,0
flow_20.18,20.5,2.0,0
flow_00.26,38.0,2.5,0
flow_001.28,43.5,3.0,0
flow_00.27,32.0,2.5,0
flow_20.19,20.5,1.5,0
flow_00.28,30.0,2.5,0
flow_00.29,27.5,3.0,0
flow_20.20,20.5,1.5,0
flow_00.30,24.0,2.5,0
flow_3012.15,72.0,4.5,0
flow_30.17,69.5,3.0,0
flow_101.27,88.0,7.5,0
flow_1012.22,86.5,3.5,0
flow_3012.16,71.5,4.5,0
flow_30.18,52.5,3.0,0
flow_101.28,85.5,3.0,0
flow_301.13,52.5,3.0,0
flow_1012.23,86.5,4.5,0
flow_101.29,83.0,2.5,0
flow_10.19,70.0,2.5,0
flow_301.14,50.5,3.5,0
flow_3012.17,46.5,4.5,0
flow_10.20,55.0,6.0,0
flow_3012.18,44.0,7.0,0
flow_10.21,53.0,8.0,0
flow_3012.19,45.5,7.5,0
flow_301.15,43.5,3.5,0
flow_001.29,64.0,3.5,0
flow_20.21,61.0,4.0,0
flow_00.31,56.0,3.0,0
flow_20.22,59.0,3.0,0
flow_201.14,49.0,2.5,0
flow_20.23,28.0,2.5,0
flow_001.30,49.0,3.5,0
flow_0012.20,49.0,6.0,0
flow_001.31,42.0,3.0,0
flow_0012.21,38.5,3.5,0
flow_20.24,23.0,2.5,0
flow_00.32,21.5,1.5,0
flow_20.25,21.5,2.0,0
flow_20.26,23.5,2.0,0
flow_30.19,87.5,4.0,0
flow_101.30,83.5,3.5,0
flow_301.16,88.0,3.0,0
flow_101.31,80.5,3.0,0
flow_3012.20,88.5,4.0,0
flow_30.20,85.0,3.0,0
flow_101.32,83.5,7.0,0
flow_3012.21,85.5,4.0,0
flow_30.21,53.0,3.0,0
flow_101.33,83.0,4.0,0
flow_30.22,51.0,3.0,0
flow_1012.24,65.5,4.5,0
flow_301.17,52.5,6.5,0
flow_1012.25,32.5,6.0,0
flow_301.18,55.0,4.0,0
flow_30.23,23.0,2.0,0
flow_001.32,72.5,3.5,0
flow_201.15,73.5,3.5,0
flow_0012.22,32.0,4.0,0
flow_20.27,51.5,5.0,0
flow_20.28,51.0,3.5,0
flow_20.29,36.0,3.0,0
flow_20.30,35.0,3.0,0
flow_00.33,21.5,2.0,0
flow_20.31,33.0,3.0,0
flow_201.16,27.5,2.0,0
flow_20.32,21.5,2.0,0
flow_001.33,25.5,2.5,0
flow_0012.23,26.0,3.5,0
flow_00.34,22.5,2.5,0
flow_2012.14,25.5,3.5,0
flow_201.17,25.5,2.5,0
flow_2012.15,25.0,3.0,0
flow_0012.24,26.5,4.0,0
flow_1012.26,68.0,4.5,0
flow_30.24,67.5,6.5,0
flow_1012.27,69.5,5.5,0
flow_1012.28,68.5,4.0,0
flow_101.34,66.5,2.5,0
flow_10.22,63.5,2.5,0
flow_301.19,58.5,7.0,0
flow_101.35,61.5,2.5,0
flow_301.20,42.5,3.0,0
flow_10.23,58.5,2.5,0
flow_3012.22,43.5,6.0,0
flow_1012.29,60.5,4.0,0
flow_1012.30,52.5,3.5,0
flow_10.24,46.0,3.0,0
flow_301.21,46.5,4.0,0
flow_1012.31,47.5,4.0,0
flow_30.25,45.5,4.0,0
flow_101.36,44.5,2.5,0
flow_30.26,40.5,3.5,0
flow_1012.32,35.0,6.0,0
flow_201.18,71.5,3.5,0
flow_001.34,72.5,3.5,0
flow_00.35,59.0,3.0,0
flow_201.19,71.0,3.0,0
flow_00.36,59.0,3.0,0
flow_201.20,70.0,3.5,0
flow_2012.16,67.5,3.5,0
flow_0012.25,57.5,3.5,0
flow_2012.17,67.5,4.0,0
flow_20.33,41.0,2.5,0
flow_001.35,62.5,4.5,0
flow_201.21,42.5,3.0,0
flow_201.22,40.5,3.0,0
flow_001.36,54.0,3.5,0
flow_001.37,41.0,3.0,0
flow_00.37,32.0,2.5,0
flow_201.23,36.5,3.0,0
flow_001.38,35.0,3.5,0
flow_0012.26,25.5,3.5,0
flow_30.27,86.0,4.0,0
flow_10.25,77.5,4.0,0
flow_30.28,75.5,3.0,0
flow_101.37,55.0,3.0,0
flow_10.26,49.5,3.0,0
flow_301.22,73.5,2.5,0
flow_30.29,71.0,3.0,0
flow_10.27,33.0,2.5,0
flow_1012.33,31.5,3.0,0
flow_3012.23,72.0,3.5,0
flow_301.23,65.5,3.0,0
flow_30.30,61.5,2.5,0
flow_10.28,21.0,2.0,0
flow_301.24,62.5,3.0,0
flow_301.25,61.5,3.0,0
flow_3012.24,49.5,3.0,0
flow_301.26,48.5,2.5,0
flow_301.27,47.5,3.0,0
flow_3012.25,32.5,3.5,0
flow_3012.26,29.0,3.5,0
flow_2012.18,71.5,4.5,0
flow_20.34,48.5,3.0,0
flow_001.39,78.5,7.0,0
flow_2012.19,44.5,4.5,0
flow_0012.27,78.0,4.0,0
flow_00.38,69.5,3.0,0
flow_0012.28,68.5,3.0,0
flow_00.39,65.5,2.5,0
flow_20.35,23.0,2.5,0
flow_0012.29,66.5,3.5,0
flow_20.36,24.0,3.0,0
flow_001.40,64.5,2.5,0
flow_00.40,58.5,2.5,0
flow_001.41,49.0,2.5,0
flow_00.41,45.5,2.5,0
flow_0012.30,47.0,3.5,0
flow_0012.31,45.0,3.5,0
flow_00.42,28.5,3.0,0
flow_201.24,31.5,6.5,0
flow_10.29,56.5,4.0,0
flow_30.31,55.5,4.0,0
flow_301.28,56.5,3.0,0
flow_3012.27,28.5,3.5,0
flow_1012.34,61.0,5.0,0
flow_10.30,45.0,3.5,0
flow_10.31,38.5,3.0,0
flow_30.32,21.0,1.5,0
flow_30.33,21.0,2.0,0
flow_301.29,27.5,3.0,0
flow_301.30,25.5,2.5,0
flow_101.38,24.0,2.5,0
flow_10.32,22.0,2.0,0
flow_301.31,25.0,2.5,0
flow_201.25,77.0,3.5,0
flow_0012.32,78.5,6.5,0
flow_001.42,77.5,3.5,0
flow_201.26,74.0,3.5,0
flow_001.43,76.5,3.5,0
flow_2012.20,76.0,5.0,0
flow_2012.21,48.5,4.5,0
flow_00.43,78.0,6.5,0
flow_2012.22,35.5,7.5,0
flow_00.44,80.5,8.0,0
flow_20.37,33.5,3.5,0
flow_0012.33,79.5,5.5,0
flow_00.45,77.0,3.5,0
flow_001.44,67.0,3.0,0
flow_00.46,53.5,3.0,0
flow_001.45,52.0,2.5,0
flow_0012.34,49.5,3.0,0
flow_2012.23,25.5,3.5,0
flow_3012.28,73.5,4.5,0
flow_30.34,69.5,3.0,0
flow_10.33,73.0,6.5,0
flow_10.34,72.0,4.0,0
flow_301.32,30.5,3.0,0
flow_10.35,66.0,3.0,0
flow_10.36,60.0,3.0,0
flow_101.39,52.0,3.0,0
flow_10.37,48.0,2.5,0
flow_1012.35,47.0,3.0,0
flow_10.38,46.0,2.5,0
flow_1012.36,32.5,3.0,0
flow_101.40,32.0,2.5,0
flow_1012.37,30.5,3.0,0
flow_3012.29,28.0,5.0,0
flow_10.39,27.0,2.5,0
flow_301.33,27.5,3.0,0
flow_1012.38,27.5,4.5,0
flow_00.47,94.5,4.0,0
flow_20.38,61.0,4.0,0
flow_201.27,50.0,3.0,0
flow_2012.24,45.0,3.5,0
flow_0012.35,78.0,5.0,0
flow_20.39,42.5,2.5,0
flow_001.46,77.5,3.5,0
flow_201.28,26.5,2.5,0
flow_001.47,76.5,3.0,0
flow_2012.25,27.0,4.0,0
flow_00.48,77.5,6.5,0
flow_00.49,76.5,5.0,0
flow_2012.26,32.0,9.0,0
flow_001.48,81.0,3.0,0
flow_00.50,80.0,3.0,0
flow_001.49,72.0,2.5,0
flow_201.0,26.5,3.0,0
flow_00.0,20.5,1.5,0
flow_2012.0,23.0,2.5,0
flow_101.0,55.0,3.5,0
flow_301.0,47.5,3.5,0
flow_1012.0,54.5,4.0,0
flow_30.0,42.0,6.0,0
flow_101.1,48.5,3.0,0
flow_3012.0,29.5,4.5,0
flow_3012.1,25.5,3.5,0
flow_30.1,22.0,2.0,0
flow_10.0,21.5,2.0,0
flow_301.1,25.0,2.5,0
flow_301.2,26.5,3.0,0
flow_10.1,21.0,1.5,0
flow_30.2,24.0,2.0,0
flow_30.3,22.5,2.0,0
flow_1012.1,25.0,3.5,0
flow_3012.2,26.5,3.5,0
flow_201.1,74.0,4.0,0
flow_0012.0,74.5,5.0,0
flow_2012.1,68.5,3.5,0
flow_0012.1,74.0,4.0,0
flow_0012.2,59.5,4.0,0
flow_20.0,68.5,6.0,0
flow_20.1,67.5,3.5,0
flow_001.0,49.0,3.5,0
flow_001.1,48.0,3.5,0
flow_20.2,65.0,3.5,0
flow_2012.2,54.5,3.5,0
flow_0012.3,49.0,5.5,0
flow_001.2,36.5,3.0,0
flow_201.2,52.5,3.5,0
flow_2012.3,50.0,3.5,0
flow_2012.4,26.5,4.0,0
flow_201.3,24.0,2.0,0
flow_001.3,29.5,6.5,0
flow_0012.4,27.5,3.5,0
flow_20.3,23.0,2.5,0
flow_3012.3,71.0,4.5,0
flow_301.3,61.0,3.0,0
flow_30.4,34.0,3.0,0
flow_101.2,79.5,7.5,0
flow_10.2,52.0,3.0,0
flow_10.3,50.5,3.0,0
flow_1012.2,50.5,3.0,0
flow_3012.4,39.0,5.5,0
flow_3012.5,38.5,4.5,0
flow_301.4,33.0,2.5,0
flow_101.3,40.5,4.0,0
flow_10.4,36.5,3.0,0
flow_101.4,34.0,2.5,0
flow_101.5,32.5,3.0,0
flow_1012.3,26.5,3.0,0
flow_3012.6,27.0,4.0,0
flow_0012.5,64.5,4.5,0
flow_2012.5,72.5,4.5,0
flow_0012.6,63.5,4.0,0
flow_00.1,60.0,3.0,0
flow_20.4,73.0,6.0,0
flow_20.5,72.0,4.0,0
flow_001.4,56.0,2.5,0
flow_00.2,54.0,2.5,0
flow_20.6,66.5,3.5,0
flow_201.4,60.0,2.5,0
flow_001.5,53.0,2.5,0
flow_2012.6,59.5,4.0,0
flow_0012.7,52.5,3.5,0
flow_00.3,43.0,2.5,0
flow_201.5,53.0,3.0,0
flow_001.6,43.5,2.5,0
flow_2012.7,41.5,4.5,0
flow_00.4,31.0,3.5,0
flow_201.6,36.0,3.0,0
flow_00.5,27.0,3.0,0
flow_201.7,31.5,3.5,0
flow_20.7,27.5,2.5,0
flow_201.8,29.0,3.0,0
flow_1012.4,66.5,4.5,0
flow_30.5,74.0,6.5,0
flow_10.5,58.5,3.0,0
flow_30.6,70.0,4.0,0
flow_10.6,57.0,3.0,0
flow_30.7,68.5,3.0,0
flow_301.5,57.0,2.5,0
flow_1012.5,60.0,5.0,0
flow_3012.7,53.0,3.5,0
flow_1012.6,59.0,4.5,0
flow_1012.7,57.5,4.0,0
flow_1012.8,55.5,4.0,0
flow_10.7,52.0,3.0,0
flow_301.6,37.0,4.0,0
flow_101.6,49.0,3.0,0
flow_10.8,46.0,2.5,0
flow_101.7,46.0,2.5,0
flow_10.9,39.5,2.5,0
flow_301.7,25.5,2.5,0
flow_1012.9,31.5,3.0,0
flow_101.8,25.5,2.5,0
flow_2012.8,63.5,4.0,0
flow_20.8,55.5,3.0,0
flow_001.7,71.5,7.5,0
flow_20.9,38.5,3.0,0
flow_00.6,65.5,3.0,0
flow_00.7,62.0,3.0,0
flow_201.9,30.5,2.5,0
flow_0012.8,41.0,3.5,0
flow_00.8,33.0,2.5,0
flow_20.10,23.5,2.5,0
flow_001.8,35.0,3.5,0
flow_0012.9,33.0,3.5,0
flow_2012.9,25.5,3.5,0
flow_20.11,22.5,2.5,0
flow_001.9,26.5,3.0,0
flow_0012.10,25.0,3.0,0
flow_2012.10,27.0,4.0,0
flow_001.10,25.5,3.0,0
flow_201.10,26.5,3.0,0
flow_3012.8,30.5,4.0,0
flow_1012.10,58.5,4.5,0
flow_1012.11,54.0,4.5,0
flow_1012.12,32.5,4.0,0
flow_301.8,25.0,2.5,0
flow_301.9,25.0,2.5,0
flow_2012.11,72.5,4.5,0
flow_0012.11,66.5,4.5,0
flow_0012.12,67.0,4.0,0
flow_00.9,52.5,3.0,0
flow_20.12,70.0,6.5,0
flow_201.11,68.5,3.5,0
flow_00.10,24.0,2.0,0
flow_2012.12,63.0,4.0,0
flow_2012.13,61.0,4.0,0
flow_201.12,60.0,3.0,0
flow_2012.14,58.0,3.5,0
flow_20.13,52.5,3.5,0
flow_0012.13,28.5,4.5,0
flow_2012.15,52.0,3.5,0
flow_20.14,48.0,2.5,0
flow_20.15,46.5,2.5,0
flow_201.13,48.0,3.0,0
flow_201.14,35.5,3.5,0
flow_10.10,59.0,4.0,0
flow_30.8,59.0,4.0,0
flow_301.10,51.5,2.5,0
flow_1012.13,62.0,4.5,0
flow_10.11,58.5,3.0,0
flow_301.11,41.5,3.5,0
flow_101.9,58.0,2.5,0
flow_301.12,41.0,3.0,0
flow_3012.9,39.0,3.5,0
flow_1012.14,59.5,4.5,0
flow_30.9,36.5,2.5,0
flow_10.12,39.0,3.0,0
flow_10.13,37.5,2.5,0
flow_3012.10,39.5,6.5,0
flow_3012.11,25.5,3.0,0
flow_10.14,21.0,2.0,0
flow_3012.12,25.5,3.5,0
flow_0012.14,63.0,4.5,0
flow_20.16,79.0,6.5,0
flow_2012.16,71.5,4.0,0
flow_0012.15,64.0,5.5,0
flow_2012.17,71.5,4.0,0
flow_0012.16,63.5,4.5,0
flow_201.15,72.0,3.5,0
flow_001.11,64.0,3.5,0
flow_0012.17,60.5,4.5,0
flow_00.11,46.0,2.5,0
flow_20.17,66.5,4.0,0
flow_20.18,64.5,3.0,0
flow_2012.18,55.0,3.0,0
flow_0012.18,39.5,6.0,0
flow_0012.19,40.5,5.0,0
flow_001.12,37.0,3.0,0
flow_201.16,59.5,3.5,0
flow_001.13,35.5,3.0,0
flow_2012.19,54.5,4.0,0
flow_201.17,52.0,2.5,0
flow_20.19,50.0,2.5,0
flow_001.14,38.0,3.5,0
flow_301.13,75.0,3.5,0
flow_1012.15,75.5,6.5,0
flow_10.15,72.0,3.5,0
flow_30.10,74.5,3.5,0
flow_1012.16,73.5,4.5,0
flow_101.10,71.0,2.5,0
flow_301.14,74.5,4.5,0
flow_3012.13,65.5,4.0,0
flow_1012.17,72.5,4.5,0
flow_30.11,57.5,3.0,0
flow_10.16,58.5,3.0,0
flow_30.12,50.0,2.5,0
flow_3012.14,44.0,3.0,0
flow_1012.18,43.0,6.5,0
flow_101.11,31.0,3.0,0
flow_101.12,28.5,3.0,0
flow_10.17,21.5,1.5,0
flow_3012.15,26.0,3.5,0
flow_0012.20,74.5,4.5,0
flow_2012.20,97.5,4.5,0
flow_201.18,89.0,3.0,0
flow_20.20,75.0,3.0,0
flow_001.15,71.5,3.5,0
flow_001.16,57.5,3.5,0
flow_2012.21,76.5,4.0,0
flow_201.19,75.0,3.0,0
flow_20.21,71.5,2.5,0
flow_001.17,37.5,6.5,0
flow_001.18,36.0,3.0,0
flow_2012.22,69.0,4.5,0
flow_00.12,30.0,4.0,0
flow_201.20,42.5,2.5,0
flow_20.22,34.0,2.5,0
flow_2012.23,26.0,3.5,0
flow_00.13,21.0,1.5,0
flow_301.15,69.0,3.5,0
flow_10.18,73.5,3.5,0
flow_1012.19,78.0,6.5,0
flow_101.13,69.5,3.0,0
flow_1012.20,51.5,3.5,0
flow_10.19,46.5,2.5,0
flow_101.14,33.5,3.0,0
flow_3012.16,24.5,3.0,0
flow_10.20,22.0,2.0,0
flow_30.13,21.5,2.0,0
flow_10.21,21.5,2.0,0
flow_001.19,65.0,3.5,0
flow_201.21,74.0,3.5,0
flow_00.14,55.5,3.0,0
flow_0012.21,60.0,4.5,0
flow_20.23,74.5,6.5,0
flow_20.24,73.5,4.5,0
flow_20.25,72.0,3.5,0
flow_0012.22,63.5,6.5,0
flow_20.26,74.0,6.0,0
flow_0012.23,63.0,7.0,0
flow_001.20,45.0,3.0,0
flow_201.22,78.5,3.5,0
flow_0012.24,46.5,4.5,0
flow_2012.24,77.0,3.5,0
flow_20.27,70.5,2.5,0
flow_2012.25,71.0,3.5,0
flow_2012.26,70.0,3.5,0
flow_3012.17,73.0,4.5,0
flow_10.22,70.5,6.5,0
flow_301.16,63.5,3.0,0
flow_10.23,37.0,4.0,0
flow_30.14,61.5,3.0,0
flow_1012.21,28.0,3.5,0
flow_3012.18,62.0,4.0,0
flow_10.24,24.0,3.0,0
flow_3012.19,60.5,4.0,0
flow_3012.20,24.5,3.0,0
flow_30.15,21.0,1.5,0
flow_1012.22,26.0,5.5,0
flow_101.15,26.5,2.5,0
flow_1012.23,26.0,3.5,0
flow_00.15,55.0,4.0,0
flow_201.23,116.0,3.5,0
flow_201.24,102.0,3.0,0
flow_001.21,56.0,3.0,0
flow_00.16,52.5,3.0,0
flow_201.25,91.5,3.0,0
flow_0012.25,38.5,4.0,0
flow_20.28,84.0,6.0,0
flow_2012.27,82.0,4.5,0
flow_0012.26,33.0,7.0,0
flow_20.29,62.0,4.0,0
flow_2012.28,57.0,4.0,0
flow_201.26,35.5,2.5,0
flow_2012.29,33.0,3.5,0
flow_2012.30,31.5,3.5,0
flow_30.16,63.0,4.0,0
flow_1012.24,74.5,7.5,0
flow_10.25,73.0,3.5,0
flow_301.17,68.5,3.0,0
flow_1012.25,74.5,4.5,0
flow_30.17,63.0,3.5,0
flow_101.16,73.0,3.5,0
flow_1012.26,70.0,3.5,0
flow_3012.21,64.5,4.0,0
flow_1012.27,69.0,3.5,0
flow_3012.22,62.5,3.5,0
flow_101.17,67.5,2.5,0
flow_301.18,54.5,3.0,0
flow_3012.23,51.0,3.5,0
flow_301.19,49.5,2.5,0
flow_101.18,70.5,6.5,0
flow_301.20,43.0,3.0,0
flow_1012.28,69.5,4.5,0
flow_3012.24,36.5,3.0,0
flow_30.18,29.0,2.5,0
flow_101.19,68.5,3.5,0
flow_3012.25,30.0,4.5,0
flow_2012.31,73.5,4.5,0
flow_0012.27,69.5,4.5,0
flow_2012.32,63.0,4.0,0
flow_2012.33,54.0,4.0,0
flow_20.30,50.5,2.5,0
flow_001.22,57.5,7.0,0
flow_2012.34,48.0,4.0,0
flow_00.17,56.5,4.5,0
flow_201.27,44.5,2.5,0
flow_00.18,51.0,3.5,0
flow_201.28,36.0,3.0,0
flow_0012.28,42.5,4.0,0
flow_2012.35,35.5,4.0,0
flow_001.23,43.0,3.5,0
flow_00.19,39.5,3.0,0
flow_00.20,39.0,3.0,0
flow_001.24,37.0,2.5,0
flow_001.25,36.5,3.0,0
flow_00.21,32.5,2.5,0
flow_3012.26,51.5,4.0,0
flow_101.20,91.0,7.0,0
flow_3012.27,54.0,5.0,0
flow_1012.29,85.0,4.0,0
flow_30.19,54.0,4.0,0
flow_1012.30,88.0,6.5,0
flow_10.26,82.0,3.5,0
flow_30.20,52.0,6.0,0
flow_30.21,48.5,4.0,0
flow_30.22,43.5,3.5,0
flow_1012.31,79.0,5.5,0
flow_101.21,76.0,3.5,0
flow_301.21,47.5,3.0,0
flow_1012.32,64.5,4.5,0
flow_1012.33,52.5,4.0,0
flow_101.22,45.0,2.5,0
flow_301.22,52.5,4.5,0
flow_0012.29,81.5,4.5,0
flow_00.22,78.5,3.0,0
flow_20.31,66.5,6.5,0
flow_20.32,59.5,4.0,0
flow_001.26,78.5,3.0,0
flow_2012.36,55.0,4.0,0
flow_2012.37,48.5,4.0,0
flow_201.29,38.0,3.0,0
flow_001.27,74.0,4.0,0
flow_00.23,54.0,5.0,0
flow_2012.38,28.5,4.5,0
flow_0012.30,53.5,4.0,0
flow_2012.39,29.5,6.5,0
flow_00.24,40.0,3.5,0
flow_2012.40,28.5,5.5,0
flow_001.28,41.5,3.0,0
flow_2012.41,27.0,4.0,0
flow_00.25,40.0,5.5,0
flow_1012.34,93.5,4.5,0
flow_10.27,80.0,3.0,0
flow_301.23,103.0,7.5,0
flow_10.28,78.0,3.0,0
flow_30.23,101.0,3.5,0
flow_301.24,100.5,2.5,0
flow_1012.35,78.5,5.0,0
flow_10.29,75.0,3.0,0
flow_301.25,102.5,3.5,0
flow_101.23,75.5,2.5,0
flow_1012.36,73.5,3.5,0
flow_3012.28,102.0,4.5,0
flow_3012.29,100.0,4.0,0
flow_1012.37,65.5,4.0,0
flow_1012.38,39.0,4.0,0
flow_301.26,92.0,4.0,0
flow_10.30,21.0,2.0,0
flow_301.27,87.0,3.0,0
flow_3012.30,78.5,3.5,0
flow_0012.31,83.5,4.5,0
flow_2012.42,63.5,4.5,0
flow_20.33,60.5,3.0,0
flow_001.29,71.0,3.5,0
flow_20.34,57.5,3.0,0
flow_2012.43,62.5,4.5,0
flow_00.26,55.5,5.5,0
flow_00.27,54.5,4.0,0
flow_00.28,29.5,3.5,0
flow_0012.32,25.0,3.0,0
flow_2012.44,65.0,7.0,0
flow_20.35,62.0,3.5,0
flow_20.36,60.5,3.0,0
flow_2012.45,59.0,4.0,0
flow_201.30,56.5,3.0,0
flow_2012.46,46.0,3.0,0
flow_0012.33,27.5,5.5,0
flow_20.37,44.0,2.5,0
flow_001.30,26.0,3.0,0
flow_201.31,30.0,2.5,0
flow_3012.31,65.5,4.0,0
flow_30.24,63.5,3.0,0
flow_10.31,60.5,6.5,0
flow_10.32,50.5,4.0,0
flow_301.28,59.5,3.0,0
flow_101.24,49.5,3.0,0
flow_3012.32,59.0,4.0,0
flow_301.29,31.5,3.0,0
flow_101.25,49.5,4.0,0
flow_10.33,38.5,3.0,0
flow_301.30,30.0,3.5,0
flow_3012.33,29.0,4.0,0
flow_10.34,35.0,2.5,0
flow_1012.39,40.0,4.0,0
flow_301.31,30.5,3.5,0
flow_1012.40,37.5,4.5,0
flow_301.32,32.0,4.0,0
flow_3012.34,30.5,4.0,0
flow_301.33,29.0,3.0,0
flow_2012.47,74.0,4.5,0
flow_00.29,73.0,7.0,0
flow_201.32,71.5,3.0,0
flow_00.30,63.5,4.5,0
flow_201.33,71.0,3.0,0
flow_20.38,63.5,2.5,0
flow_00.31,60.0,3.5,0
flow_001.31,59.5,2.5,0
flow_2012.48,66.0,4.0,0
flow_00.32,44.0,4.5,0
flow_2012.49,49.0,7.0,0
flow_20.39,40.5,3.5,0
flow_201.34,39.0,3.0,0
flow_201.35,36.5,3.0,0
flow_2012.50,34.0,3.5,0
flow_2012.51,26.0,3.5,0
flow_20.40,22.0,2.0,0
flow_301.34,72.0,3.5,0
flow_101.26,74.0,3.5,0
flow_1012.41,61.5,4.0,0
flow_3012.35,73.0,4.0,0
flow_3012.36,61.0,4.0,0
flow_30.25,51.5,3.0,0
flow_10.35,61.5,6.0,0
flow_10.36,46.5,4.0,0
flow_30.26,30.5,3.0,0
flow_10.37,40.5,3.5,0
flow_301.35,30.0,2.5,0
flow_10.38,37.0,3.0,0
flow_301.36,28.5,3.0,0
flow_10.39,35.5,3.0,0
flow_10.40,23.5,2.5,0
flow_30.27,21.5,2.0,0
flow_1012.42,25.5,3.5,0
flow_00.33,71.0,4.0,0
flow_201.36,74.0,3.5,0
flow_20.41,72.0,3.0,0
flow_00.34,60.0,3.0,0
flow_00.35,60.0,3.0,0
flow_2012.52,71.0,6.5,0
flow_00.36,54.5,5.5,0
flow_201.37,69.0,3.0,0
flow_001.32,42.0,3.0,0
flow_0012.34,41.0,3.5,0
flow_2012.53,67.5,4.5,0
flow_2012.54,66.5,4.5,0
flow_2012.55,65.0,4.0,0
flow_20.42,38.5,3.0,0
flow_20.43,35.5,3.0,0
flow_001.33,26.0,3.0,0
flow_2012.56,37.0,5.0,0
flow_2012.57,35.0,4.5,0
flow_00.37,28.5,6.0,0
flow_201.38,27.5,3.0,0
flow_3012.37,59.0,4.0,0
flow_0012.0,25.0,3.5,0
flow_00.0,21.0,2.0,0
flow_30.0,49.0,4.0,0
flow_101.0,53.5,3.5,0
flow_101.1,31.0,3.0,0
flow_3012.0,50.5,5.0,0
flow_1012.0,26.5,3.5,0
flow_3012.1,24.5,3.0,0
flow_30.1,20.5,1.5,0
flow_3012.2,24.5,3.0,0
flow_10.0,21.5,2.0,0
flow_20.0,58.0,4.0,0
flow_0012.1,78.5,7.5,0
flow_00.1,75.0,3.5,0
flow_20.1,60.5,4.0,0
flow_001.0,75.0,2.5,0
flow_201.0,62.5,3.0,0
flow_001.1,76.0,3.0,0
flow_00.2,74.0,3.5,0
flow_2012.0,62.5,6.0,0
flow_201.1,52.5,3.5,0
flow_001.2,74.0,3.0,0
flow_00.3,67.5,2.5,0
flow_201.2,49.0,3.5,0
flow_00.4,58.5,2.5,0
flow_201.3,40.0,3.5,0
flow_2012.1,40.0,6.0,0
flow_201.4,35.0,3.0,0
flow_001.3,54.0,3.0,0
flow_00.5,32.5,3.0,0
flow_0012.2,39.5,3.5,0
flow_30.2,70.0,4.0,0
flow_10.1,68.5,4.0,0
flow_301.0,59.5,3.0,0
flow_10.2,69.0,3.5,0
flow_3012.3,59.5,3.5,0
flow_1012.1,66.5,4.0,0
flow_3012.4,56.5,4.0,0
flow_10.3,67.0,6.0,0
flow_1012.2,64.5,4.5,0
flow_3012.5,46.5,6.5,0
flow_3012.6,35.0,4.0,0
flow_10.4,49.0,6.5,0
flow_3012.7,33.5,6.5,0
flow_101.2,54.5,4.0,0
flow_101.3,44.0,3.0,0
flow_101.4,44.5,3.5,0
flow_1012.3,41.5,4.0,0
flow_2012.2,57.5,4.0,0
flow_20.2,55.5,3.0,0
flow_001.4,85.5,7.5,0
flow_20.3,30.0,3.0,0
flow_001.5,84.0,3.0,0
flow_201.5,30.0,3.0,0
flow_001.6,82.5,3.0,0
flow_20.4,22.5,2.0,0
flow_0012.3,79.0,6.0,0
flow_0012.4,77.5,4.0,0
flow_001.7,71.0,2.5,0
flow_0012.5,64.5,3.5,0
flow_0012.6,63.5,3.5,0
flow_00.6,52.0,2.5,0
flow_00.7,48.5,2.5,0
flow_201.6,28.5,3.5,0
flow_00.8,46.5,2.5,0
flow_201.7,27.0,3.0,0
flow_20.5,22.0,2.0,0
flow_001.8,41.5,2.5,0
flow_0012.7,33.0,3.5,0
flow_30.3,67.0,4.0,0
flow_101.5,67.0,3.5,0
flow_30.4,25.0,2.5,0
flow_10.5,63.5,3.0,0
flow_10.6,62.5,3.0,0
flow_1012.4,64.0,4.0,0
flow_10.7,51.5,4.5,0
flow_3012.8,29.0,4.5,0
flow_101.6,27.5,3.0,0
flow_101.7,26.0,2.5,0
flow_301.1,26.0,3.0,0
flow_1012.5,25.0,3.5,0
flow_1012.6,28.0,4.0,0
flow_301.2,26.5,3.0,0
flow_201.8,72.5,3.5,0
flow_0012.8,80.0,6.5,0
flow_00.9,75.5,3.5,0
flow_0012.9,74.5,3.5,0
flow_001.9,73.5,2.5,0
flow_001.10,72.5,3.0,0
flow_20.6,21.5,2.0,0
flow_001.11,72.0,3.0,0
flow_001.12,70.5,3.5,0
flow_001.13,69.5,3.0,0
flow_0012.10,67.0,3.5,0
flow_0012.11,64.5,3.5,0
flow_2012.3,24.5,3.0,0
flow_00.10,64.5,5.5,0
flow_00.11,44.5,3.5,0
flow_00.12,32.5,3.0,0
flow_3012.9,73.0,4.5,0
flow_301.3,67.0,3.0,0
flow_301.4,64.5,3.0,0
flow_3012.10,58.5,3.0,0
flow_10.8,23.0,2.5,0
flow_30.5,56.0,2.5,0
flow_30.6,49.5,2.5,0
flow_3012.11,48.5,3.0,0
flow_1012.7,27.5,4.0,0
flow_301.5,32.0,6.0,0
flow_10.9,24.0,3.0,0
flow_1012.8,28.5,4.5,0
flow_301.6,26.0,2.5,0
flow_1012.9,23.5,3.0,0
flow_201.9,57.0,3.5,0
flow_0012.12,81.5,6.0,0
flow_001.14,79.5,3.0,0
flow_20.7,58.5,3.5,0
flow_001.15,78.5,3.0,0
flow_2012.4,60.0,4.5,0
flow_2012.5,52.5,4.5,0
flow_201.10,29.0,3.0,0
flow_20.8,25.0,2.5,0
flow_001.16,84.0,4.5,0
flow_201.11,24.0,2.0,0
flow_001.17,82.0,3.5,0
flow_001.18,79.0,3.5,0
flow_00.13,54.5,2.5,0
flow_001.19,59.5,3.5,0
flow_001.20,46.0,2.5,0
flow_001.21,45.0,3.0,0
flow_001.22,44.0,3.0,0
flow_3012.12,59.5,4.5,0
flow_101.8,49.5,7.5,0
flow_3012.13,44.0,5.5,0
flow_1012.10,33.0,4.0,0
flow_30.7,41.0,4.0,0
flow_101.9,31.5,3.0,0
flow_301.7,42.0,3.0,0
flow_101.10,25.5,2.5,0
flow_101.11,24.5,2.0,0
flow_10.10,23.0,2.0,0
flow_00.14,73.0,4.0,0
flow_201.12,52.0,3.5,0
flow_001.23,71.0,3.0,0
flow_2012.6,39.0,5.0,0
flow_0012.13,70.5,3.5,0
flow_0012.14,69.5,3.5,0
flow_001.24,67.0,2.5,0
flow_201.13,39.5,4.0,0
flow_0012.15,68.0,4.0,0
flow_00.15,55.0,3.0,0
flow_001.25,27.5,2.5,0
flow_00.16,25.0,2.5,0
flow_001.26,26.0,2.5,0
flow_00.17,22.5,2.0,0
flow_201.14,26.5,3.0,0
flow_0012.16,29.0,4.0,0
flow_30.8,68.0,4.0,0
flow_101.12,65.5,3.5,0
flow_30.9,61.5,3.5,0
flow_1012.11,68.5,6.0,0
flow_1012.12,59.0,4.0,0
flow_1012.13,58.0,4.0,0
flow_1012.14,57.0,4.5,0
flow_10.11,52.5,3.0,0
flow_301.8,63.0,4.0,0
flow_1012.15,55.0,4.5,0
flow_101.13,51.5,2.5,0
flow_30.10,51.5,4.0,0
flow_3012.14,49.0,3.5,0
flow_1012.16,53.5,4.0,0
flow_1012.17,47.0,4.5,0
flow_10.12,36.5,3.0,0
flow_30.11,51.5,6.5,0
flow_10.13,35.0,3.0,0
flow_301.9,45.5,4.0,0
flow_301.10,42.0,3.5,0
flow_00.18,66.5,4.0,0
flow_201.15,73.5,3.5,0
flow_001.27,67.0,3.0,0
flow_201.16,71.5,3.5,0
flow_0012.17,68.0,4.5,0
flow_001.28,54.0,2.5,0
flow_201.17,54.0,7.0,0
flow_2012.7,48.0,3.5,0
flow_0012.18,42.5,4.0,0
flow_0012.19,41.5,4.5,0
flow_20.9,36.0,4.5,0
flow_10.14,66.0,4.0,0
flow_301.11,75.0,3.5,0
flow_10.15,65.5,3.0,0
flow_3012.15,66.5,6.0,0
flow_10.16,65.5,5.5,0
flow_301.12,46.0,3.0,0
flow_101.14,63.5,3.5,0
flow_3012.16,36.0,5.0,0
flow_101.15,65.5,4.0,0
flow_10.17,62.5,3.0,0
flow_1012.18,63.0,3.5,0
flow_10.18,39.5,2.5,0
flow_301.13,25.5,2.5,0
flow_201.18,76.5,4.0,0
flow_20.10,70.0,3.5,0
flow_00.19,65.5,4.0,0
flow_0012.20,76.5,7.5,0
flow_001.29,58.5,2.5,0
flow_00.20,35.0,2.5,0
flow_201.19,71.5,3.0,0
flow_00.21,33.0,3.0,0
flow_201.20,62.0,3.5,0
flow_20.11,51.0,3.0,0
flow_00.22,24.5,2.5,0
flow_20.12,40.0,3.0,0
flow_20.13,31.0,2.5,0
flow_001.30,25.5,3.0,0
flow_201.21,32.0,3.0,0
flow_00.23,23.0,2.5,0
flow_0012.21,28.0,4.5,0
flow_201.22,30.0,3.5,0
flow_00.24,22.5,2.0,0
flow_001.31,26.0,2.5,0
flow_301.14,71.0,3.5,0
flow_101.16,70.5,3.5,0
flow_30.12,69.5,3.0,0
flow_10.19,61.5,3.0,0
flow_3012.17,55.0,3.5,0
flow_1012.19,26.5,3.5,0
flow_3012.18,50.0,4.0,0
flow_301.15,27.5,2.5,0
flow_30.13,20.5,1.5,0
flow_1012.20,25.0,3.5,0
flow_101.17,24.5,2.5,0
flow_101.18,26.0,3.0,0
flow_2012.8,73.5,4.5,0
flow_0012.22,75.5,5.0,0
flow_001.32,73.0,3.0,0
flow_00.25,66.0,3.0,0
flow_201.23,48.0,3.5,0
flow_2012.9,43.5,6.5,0
flow_0012.23,66.5,4.0,0
flow_0012.24,47.0,4.0,0
flow_0012.25,45.0,4.5,0
flow_00.26,32.0,3.0,0
flow_0012.26,31.5,3.5,0
flow_0012.27,30.5,4.0,0
flow_001.33,25.5,2.5,0
flow_201.24,24.5,2.5,0
flow_001.34,26.0,3.0,0
flow_30.14,31.0,4.0,0
flow_1012.21,45.0,7.0,0
flow_30.15,33.5,5.5,0
flow_10.20,31.0,3.5,0
flow_301.16,30.5,3.0,0
flow_3012.19,31.0,4.0,0
flow_3012.20,25.0,3.5,0
flow_30.16,21.0,2.0,0
flow_101.19,24.5,2.5,0
flow_00.27,58.5,4.0,0
flow_201.25,71.5,3.5,0
flow_201.26,65.0,3.0,0
flow_001.35,59.5,3.0,0
flow_0012.28,58.5,4.0,0
flow_2012.10,27.0,3.5,0
flow_00.28,55.0,2.5,0
flow_001.36,43.0,3.0,0
flow_00.29,38.5,2.5,0
flow_0012.29,33.0,3.5,0
flow_0012.30,28.5,4.0,0
flow_00.30,21.5,1.5,0
flow_20.14,22.5,2.0,0
flow_001.37,25.5,2.5,0
flow_3012.21,54.5,4.5,0
flow_30.17,49.0,3.0,0
flow_10.21,41.5,6.5,0
flow_1012.22,42.0,5.5,0
flow_101.20,28.0,3.0,0
flow_10.22,24.0,2.5,0
flow_301.17,54.5,3.0,0
flow_30.18,52.0,3.0,0
flow_30.19,51.0,2.5,0
flow_301.18,47.5,3.0,0
flow_3012.22,46.0,4.0,0
flow_30.20,41.0,2.5,0
flow_301.19,41.5,3.0,0
flow_30.21,28.0,2.5,0
flow_30.22,27.0,2.5,0
flow_1012.23,27.5,5.5,0
flow_0012.31,72.0,4.5,0
flow_001.38,65.5,3.0,0
flow_201.27,58.5,7.5,0
flow_0012.32,63.0,4.5,0
flow_001.39,60.0,3.0,0
flow_201.28,62.5,4.5,0
flow_20.15,45.5,3.0,0
flow_001.40,52.5,3.0,0
flow_00.31,48.5,2.5,0
flow_0012.33,41.5,3.5,0
flow_00.32,36.0,2.5,0
flow_0012.34,33.0,3.5,0
flow_20.16,20.5,2.0,0
flow_20.17,22.0,2.0,0
flow_3012.23,75.5,4.5,0
flow_1012.24,59.5,5.0,0
flow_3012.24,71.0,4.0,0
flow_3012.25,40.0,4.0,0
flow_101.21,64.0,7.0,0
flow_3012.26,40.0,5.0,0
flow_301.20,37.0,3.0,0
flow_101.22,46.0,4.0,0
flow_10.23,42.0,3.0,0
flow_1012.25,30.5,3.5,0
flow_10.24,27.0,2.5,0
flow_101.23,26.5,2.5,0
flow_301.21,27.5,3.0,0
flow_20.18,67.5,4.0,0
flow_00.33,60.0,4.0,0
flow_001.41,52.0,3.0,0
flow_2012.11,71.0,5.0,0
flow_2012.12,70.0,4.0,0
flow_00.34,54.0,5.5,0
flow_0012.35,49.0,3.5,0
flow_2012.13,71.0,7.0,0
flow_201.29,70.0,3.5,0
flow_001.42,50.5,3.0,0
flow_2012.14,69.5,4.5,0
flow_00.35,45.0,3.5,0
flow_201.30,65.5,2.5,0
flow_201.31,57.5,3.0,0
flow_00.36,43.5,3.0,0
flow_0012.36,48.0,5.0,0
flow_201.32,60.0,3.5,0
flow_001.43,29.5,3.0,0
flow_2012.15,51.5,4.0,0
flow_0012.37,28.5,3.0,0
flow_00.37,25.0,2.5,0
flow_301.22,73.5,3.5,0
flow_10.25,33.5,4.0,0
flow_10.26,32.5,3.0,0
flow_3012.27,77.5,5.5,0
flow_301.23,71.5,3.0,0
flow_101.24,37.0,3.0,0
flow_301.24,57.5,3.0,0
flow_30.23,53.0,3.0,0
flow_301.25,52.0,2.5,0
flow_30.24,28.0,2.5,0
flow_3012.28,28.0,3.0,0
flow_30.25,24.5,2.5,0
flow_1012.26,28.0,5.0,0
flow_301.26,29.5,3.0,0
flow_301.27,28.5,3.0,0
flow_201.33,97.0,3.5,0
flow_0012.38,74.5,6.0,0
flow_2012.16,85.0,3.5,0
flow_2012.17,79.0,4.0,0
flow_2012.18,64.0,3.5,0
flow_00.38,24.5,4.0,0
flow_2012.19,65.5,6.5,0
flow_2012.20,65.0,4.0,0
flow_201.34,50.5,2.5,0
flow_20.19,48.0,3.0,0
flow_001.44,30.0,3.5,0
flow_2012.21,48.5,3.5,0
flow_20.20,45.0,2.5,0
flow_20.21,43.5,2.5,0
flow_001.45,25.0,2.5,0
flow_20.22,42.0,2.5,0
flow_20.23,32.0,2.5,0
flow_20.24,27.5,2.5,0
flow_0012.39,28.0,6.0,0
flow_3012.29,54.0,4.5,0
flow_10.27,58.0,4.5,0
flow_30.26,35.5,3.0,0
flow_10.28,39.5,3.0,0
flow_301.28,35.0,2.5,0
flow_30.27,28.0,2.5,0
flow_301.29,28.5,2.5,0
flow_3012.30,26.5,3.0,0
flow_1012.27,28.5,5.5,0
flow_3012.31,26.5,3.5,0
flow_30.28,20.5,1.5,0
flow_1012.28,21.5,2.5,0
flow_00.39,69.5,4.0,0
flow_201.35,72.5,3.5,0
flow_0012.40,56.5,4.0,0
flow_2012.22,64.0,4.0,0
flow_0012.41,52.5,4.0,0
flow_00.40,45.0,2.5,0
flow_201.36,65.5,3.5,0
flow_001.46,45.0,3.0,0
flow_20.25,62.0,3.0,0
flow_0012.42,47.0,6.0,0
flow_00.41,42.0,3.5,0
flow_20.26,54.0,5.5,0
flow_00.42,32.5,3.0,0
flow_20.27,51.0,4.0,0
flow_201.37,50.5,3.0,0
flow_0012.43,35.0,5.0,0
flow_0012.44,33.5,5.0,0
flow_001.47,30.0,2.5,0
flow_201.38,47.0,4.0,0
flow_001.48,29.0,3.0,0
flow_00.43,25.5,2.5,0
flow_101.25,73.5,3.5,0
flow_00.0,21.0,1.5,0
flow_20.0,20.5,1.5,0
flow_3012.0,55.5,4.5,0
flow_1012.0,48.0,4.5,0
flow_10.0,31.5,3.0,0
flow_30.0,50.0,3.0,0
flow_301.0,49.0,3.5,0
flow_30.1,31.5,3.0,0
flow_301.1,28.5,3.5,0
flow_10.1,20.0,1.5,0
flow_30.2,21.0,1.5,0
flow_30.3,20.5,1.5,0
flow_10.2,21.5,2.0,0
flow_0012.0,27.5,4.0,0
flow_201.0,61.5,7.0,0
flow_0012.1,31.0,5.5,0
flow_00.1,28.0,3.0,0
flow_2012.0,25.5,3.5,0
flow_2012.1,25.0,3.0,0
flow_201.1,25.0,2.5,0
flow_2012.2,25.5,3.5,0
flow_3012.1,67.5,4.0,0
flow_1012.1,71.5,4.5,0
flow_1012.2,28.0,4.0,0
flow_30.4,69.0,5.5,0
flow_301.2,68.0,3.5,0
flow_301.3,67.0,3.5,0
flow_3012.2,58.5,3.5,0
flow_3012.3,57.5,4.0,0
flow_3012.4,57.5,4.0,0
flow_3012.5,56.0,4.0,0
flow_1012.3,26.5,3.5,0
flow_301.4,57.5,6.0,0
flow_301.5,55.5,3.5,0
flow_30.5,52.0,3.0,0
flow_301.6,39.0,2.5,0
flow_30.6,33.0,2.5,0
flow_101.0,26.0,3.0,0
flow_2012.3,34.0,4.5,0
flow_20.1,29.0,3.0,0
flow_20.2,25.5,2.5,0
flow_2012.4,31.5,4.0,0
flow_00.2,21.0,1.5,0
flow_3012.6,79.5,4.5,0
flow_101.1,76.0,7.5,0
flow_3012.7,75.0,5.0,0
flow_3012.8,72.0,4.5,0
flow_1012.4,25.0,3.5,0
flow_3012.9,70.0,4.0,0
flow_3012.10,69.0,4.5,0
flow_3012.11,67.5,4.0,0
flow_301.7,64.0,2.5,0
flow_30.7,60.5,2.5,0
flow_301.8,61.5,3.0,0
flow_30.8,57.5,2.5,0
flow_3012.12,58.5,3.5,0
flow_301.9,56.0,3.0,0
flow_10.3,21.0,1.5,0
flow_301.10,32.0,3.0,0
flow_30.9,26.5,2.5,0
flow_2012.5,67.5,4.5,0
flow_00.3,60.0,6.5,0
flow_201.2,67.0,3.0,0
flow_0012.2,37.5,5.0,0
flow_001.0,34.5,2.5,0
flow_201.3,59.0,3.5,0
flow_0012.3,29.0,4.5,0
flow_0012.4,27.5,4.0,0
flow_301.11,75.0,3.5,0
flow_3012.13,74.0,3.5,0
flow_1012.5,74.5,6.5,0
flow_10.4,71.5,4.0,0
flow_301.12,74.5,3.5,0
flow_1012.6,72.0,4.0,0
flow_30.10,74.5,5.0,0
flow_101.2,66.5,3.0,0
flow_3012.14,73.0,4.5,0
flow_3012.15,71.5,4.0,0
flow_30.11,67.5,2.5,0
flow_101.3,67.0,4.0,0
flow_3012.16,69.0,4.5,0
flow_1012.7,67.0,3.5,0
flow_30.12,66.5,4.0,0
flow_101.4,65.5,2.5,0
flow_30.13,65.0,3.0,0
flow_1012.8,67.0,5.5,0
flow_3012.17,64.5,3.5,0
flow_3012.18,63.0,4.0,0
flow_30.14,33.0,3.0,0
flow_101.5,47.5,4.0,0
flow_201.4,30.0,3.5,0
flow_2012.6,29.5,3.5,0
flow_0012.5,24.0,2.5,0
flow_001.1,25.0,2.5,0
flow_00.4,22.0,2.0,0
flow_001.2,25.0,2.5,0
flow_30.15,78.5,4.0,0
flow_10.5,72.0,4.0,0
flow_30.16,78.0,3.0,0
flow_101.6,73.0,3.0,0
flow_10.6,22.0,2.0,0
flow_30.17,76.5,3.0,0
flow_3012.19,76.5,3.5,0
flow_30.18,73.5,2.5,0
flow_1012.9,30.5,6.0,0
flow_301.13,78.5,3.0,0
flow_3012.20,77.5,3.5,0
flow_30.19,72.0,2.5,0
flow_3012.21,77.0,4.0,0
flow_301.14,72.0,2.5,0
flow_3012.22,71.0,3.0,0
flow_30.20,66.5,2.5,0
flow_101.7,26.5,3.0,0
flow_3012.23,36.0,4.0,0
flow_00.5,48.0,4.0,0
flow_201.5,32.0,3.5,0
flow_00.6,29.0,3.0,0
flow_201.6,31.5,3.0,0
flow_20.3,23.0,2.0,0
flow_0012.6,27.0,5.0,0
flow_20.4,21.0,2.0,0
flow_00.7,21.0,1.5,0
flow_301.15,80.5,3.5,0
flow_1012.10,76.0,6.5,0
flow_101.8,62.5,3.0,0
flow_301.16,81.5,3.5,0
flow_10.7,42.0,3.0,0
flow_3012.24,81.5,4.5,0
flow_3012.25,80.5,4.0,0
flow_30.21,77.5,2.5,0
flow_101.9,45.5,4.0,0
flow_301.17,76.5,2.5,0
flow_10.8,27.0,2.5,0
flow_30.22,73.5,2.5,0
flow_30.23,71.5,2.5,0
flow_10.9,23.5,2.5,0
flow_10.10,21.0,2.0,0
flow_301.18,59.0,3.0,0
flow_3012.26,45.0,4.0,0
flow_301.19,44.0,3.0,0
flow_30.24,40.0,2.5,0
flow_301.20,33.5,2.5,0
flow_0012.7,65.0,4.0,0
flow_00.8,54.0,3.0,0
flow_201.7,70.5,7.5,0
flow_00.9,42.0,3.0,0
flow_0012.8,27.5,3.5,0
flow_00.10,22.0,2.0,0
flow_20.5,20.0,1.5,0
flow_2012.7,23.5,2.5,0
flow_10.11,63.0,4.0,0
flow_30.25,77.5,4.0,0
flow_101.10,49.5,3.0,0
flow_3012.27,79.5,4.5,0
flow_1012.11,27.0,3.0,0
flow_301.21,80.0,3.5,0
flow_3012.28,78.0,4.0,0
flow_30.26,76.0,3.0,0
flow_3012.29,75.0,3.5,0
flow_30.27,71.5,2.5,0
flow_3012.30,71.5,3.5,0
flow_30.28,56.5,3.0,0
flow_3012.31,70.0,3.5,0
flow_3012.32,57.0,3.5,0
flow_30.29,52.0,2.5,0
flow_00.11,64.5,4.0,0
flow_201.8,59.5,3.5,0
flow_00.12,32.5,3.0,0
flow_20.6,21.5,2.0,0
flow_0012.9,24.0,2.5,0
flow_30.30,66.0,4.0,0
flow_1012.12,75.0,7.5,0
flow_30.31,65.0,5.0,0
flow_1012.13,50.5,7.0,0
flow_1012.14,40.5,4.5,0
flow_10.12,25.5,2.5,0
flow_301.22,71.5,3.5,0
flow_3012.33,70.0,3.5,0
flow_30.32,66.5,3.0,0
flow_301.23,67.0,3.0,0
flow_3012.34,55.5,3.0,0
flow_1012.15,28.0,4.5,0
flow_3012.35,23.5,3.0,0
flow_2012.8,61.5,4.5,0
flow_0012.10,66.0,4.5,0
flow_2012.9,59.0,4.0,0
flow_2012.10,33.0,4.0,0
flow_201.9,31.0,2.5,0
flow_301.24,58.5,3.5,0
flow_30.33,56.5,3.0,0
flow_30.34,56.0,3.0,0
flow_301.25,53.0,3.0,0
flow_301.26,52.0,3.0,0
flow_3012.36,49.5,3.5,0
flow_301.27,45.5,2.5,0
flow_30.35,42.0,2.5,0
flow_10.13,20.5,1.5,0
flow_30.36,41.0,2.5,0
flow_3012.37,25.0,3.0,0
flow_301.28,29.5,3.5,0
flow_301.29,26.0,2.5,0
flow_20.7,69.0,4.0,0
flow_001.3,57.5,3.5,0
flow_2012.11,67.5,4.0,0
flow_00.13,58.5,6.0,0
flow_2012.12,62.0,6.5,0
flow_2012.13,24.0,3.0,0
flow_30.37,60.0,4.0,0
flow_1012.16,74.0,7.5,0
flow_1012.17,68.5,4.5,0
flow_10.14,64.5,3.0,0
flow_30.38,57.0,6.5,0
flow_301.30,56.0,3.5,0
flow_3012.38,44.5,4.0,0
flow_1012.18,52.5,5.5,0
flow_3012.39,45.0,4.0,0
flow_30.39,20.5,2.0,0
flow_101.11,54.0,4.0,0
flow_10.15,43.0,3.0,0
flow_301.31,24.5,2.0,0
flow_30.40,22.0,2.0,0
flow_0012.11,56.0,4.5,0
flow_00.14,36.5,3.0,0
flow_001.4,36.0,2.5,0
flow_0012.12,24.5,3.0,0
flow_201.10,24.5,2.5,0
flow_1012.19,33.0,4.5,0
flow_3012.40,75.5,4.5,0
flow_30.41,70.0,3.0,0
flow_30.42,61.5,3.0,0
flow_301.32,61.5,2.5,0
flow_30.43,57.5,2.5,0
flow_30.44,54.0,2.5,0
flow_3012.41,54.0,3.0,0
flow_301.33,53.5,2.5,0
flow_101.12,27.5,5.0,0
flow_3012.42,53.0,4.0,0
flow_1012.20,26.0,3.5,0
flow_301.34,53.5,3.5,0
flow_3012.43,47.0,4.0,0
flow_30.45,43.5,2.5,0
flow_3012.44,30.5,3.0,0
flow_30.46,28.0,2.5,0
flow_2012.14,49.5,4.0,0
flow_20.8,48.0,3.0,0
flow_001.5,53.5,7.0,0
flow_201.11,32.0,2.5,0
flow_0012.13,54.5,4.0,0
flow_2012.15,31.0,3.5,0
flow_20.9,21.0,1.5,0
flow_001.6,33.5,3.0,0
flow_00.15,29.5,3.0,0
flow_001.7,27.5,2.5,0
flow_201.12,27.0,3.0,0
flow_3012.45,61.5,4.5,0
flow_301.35,53.0,3.0,0
flow_101.13,69.5,7.5,0
flow_10.16,48.5,3.5,0
flow_301.36,53.0,3.5,0
flow_101.14,34.5,3.0,0
flow_3012.46,46.0,4.0,0
flow_3012.47,42.5,4.0,0
flow_30.47,29.0,3.0,0
flow_30.48,28.5,2.5,0
flow_3012.48,28.0,3.5,0
flow_1012.21,28.5,6.0,0
flow_10.17,24.5,2.5,0
flow_301.37,27.0,3.0,0
flow_3012.49,26.0,3.5,0
flow_10.18,25.5,5.0,0
flow_20.10,63.5,4.0,0
flow_001.8,50.5,3.5,0
flow_0012.14,26.0,3.5,0
flow_201.13,55.5,6.0,0
flow_2012.16,38.0,3.5,0
flow_0012.15,28.5,4.5,0
flow_10.19,64.0,4.0,0
flow_301.38,57.0,3.5,0
flow_1012.22,51.0,3.5,0
flow_10.20,44.5,3.0,0
flow_30.49,58.5,6.0,0
flow_30.50,47.0,4.0,0
flow_3012.50,39.0,4.0,0
flow_3012.51,37.5,3.5,0
flow_3012.52,35.5,4.0,0
flow_30.51,31.5,3.0,0
flow_30.52,30.5,2.5,0
flow_3012.53,30.5,3.5,0
flow_30.53,27.0,2.5,0
flow_301.39,28.0,3.0,0
flow_301.40,25.0,2.5,0
flow_20.11,64.5,4.0,0
flow_0012.16,69.5,7.5,0
flow_00.16,33.0,3.5,0
flow_201.14,64.0,3.0,0
flow_00.17,28.5,3.0,0
flow_201.15,42.0,3.5,0
flow_201.16,41.0,3.5,0
flow_20.12,24.0,2.0,0
flow_201.17,24.0,2.5,0
flow_201.18,26.0,3.0,0
flow_20.0,21.0,1.5,0
flow_201.0,25.0,2.5,0
flow_2012.0,25.0,3.0,0
flow_0012.0,26.0,3.5,0
flow_30.0,25.5,3.0,0
flow_101.0,53.5,3.5,0
flow_10.0,50.5,3.0,0
flow_30.1,21.0,2.0,0
flow_1012.0,51.0,3.5,0
flow_1012.1,51.0,4.0,0
flow_3012.0,27.0,4.0,0
flow_1012.2,50.0,4.0,0
flow_301.0,27.5,3.0,0
flow_3012.1,26.5,3.5,0
flow_0012.1,23.5,3.0,0
flow_00.0,21.5,2.0,0
flow_001.0,25.5,2.5,0
flow_0012.2,25.5,3.5,0
flow_2012.1,24.5,3.0,0
flow_20.1,21.0,1.5,0
flow_00.1,21.0,1.5,0
flow_3012.2,71.0,4.5,0
flow_10.1,68.5,6.5,0
flow_30.2,59.5,3.0,0
flow_10.2,52.5,4.0,0
flow_30.3,48.0,3.0,0
flow_1012.3,53.0,4.5,0
flow_3012.3,47.0,3.5,0
flow_1012.4,52.0,3.5,0
flow_30.4,46.0,5.5,0
flow_101.1,26.0,2.5,0
flow_10.3,22.0,2.0,0
flow_301.1,44.5,3.0,0
flow_301.2,44.0,3.0,0
flow_30.5,40.5,2.5,0
flow_30.6,39.5,2.5,0
flow_101.2,24.5,2.0,0
flow_30.7,34.5,2.5,0
flow_3012.4,39.0,3.5,0
flow_30.8,32.0,2.5,0
flow_301.3,32.0,3.0,0
flow_301.4,30.5,3.5,0
flow_20.2,44.0,4.0,0
flow_30.9,73.5,4.0,0
flow_1012.5,59.0,7.5,0
flow_3012.5,75.5,4.0,0
flow_3012.6,74.5,4.0,0
flow_1012.6,58.0,4.5,0
flow_3012.7,74.5,4.5,0
flow_3012.8,72.5,4.0,0
flow_30.10,55.0,3.0,0
flow_30.11,39.5,2.5,0
flow_101.3,61.5,7.0,0
flow_1012.7,52.0,4.0,0
flow_30.12,24.0,3.5,0
flow_1012.8,46.0,6.5,0
flow_101.4,40.0,3.0,0
flow_30.13,21.0,1.5,0
flow_2012.2,29.5,4.0,0
flow_00.2,71.5,6.5,0
flow_001.1,63.0,3.0,0
flow_00.3,30.0,3.0,0
flow_001.2,28.5,2.5,0
flow_2012.3,25.5,3.5,0
flow_301.5,73.5,3.5,0
flow_1012.9,67.5,6.5,0
flow_10.4,54.5,3.5,0
flow_301.6,67.5,3.5,0
flow_101.5,56.5,3.5,0
flow_301.7,67.5,3.5,0
flow_30.14,65.5,4.0,0
flow_1012.10,55.0,4.5,0
flow_1012.11,55.5,7.0,0
flow_10.5,53.5,3.5,0
flow_301.8,70.5,3.0,0
flow_10.6,52.0,3.0,0
flow_101.6,51.5,2.5,0
flow_301.9,68.5,3.0,0
flow_3012.9,66.5,4.0,0
flow_301.10,60.5,2.5,0
flow_301.11,59.5,3.0,0
flow_3012.10,57.0,3.0,0
flow_301.12,57.0,3.0,0
flow_0012.3,60.0,4.0,0
flow_201.1,26.0,3.0,0
flow_201.2,25.0,2.5,0
flow_2012.4,24.0,3.0,0
flow_3012.11,102.5,4.5,0
flow_101.7,68.5,7.5,0
flow_30.15,85.5,3.5,0
flow_10.7,40.0,3.5,0
flow_3012.12,92.0,5.5,0
flow_301.13,84.0,3.0,0
flow_3012.13,80.5,3.5,0
flow_1012.12,31.0,5.0,0
flow_3012.14,78.5,3.5,0
flow_301.14,77.0,3.0,0
flow_101.8,33.5,4.0,0
flow_301.15,57.0,3.0,0
flow_3012.15,56.0,3.5,0
flow_30.16,42.5,2.5,0
flow_30.17,41.0,2.5,0
flow_3012.16,26.0,3.5,0
flow_30.18,22.5,2.0,0
flow_10.8,25.5,5.0,0
flow_20.3,65.5,4.0,0
flow_201.3,66.5,3.0,0
flow_201.4,49.5,3.0,0
flow_30.19,72.5,4.0,0
flow_101.9,65.5,3.5,0
flow_10.9,61.0,3.0,0
flow_301.16,73.0,3.0,0
flow_10.10,56.5,3.0,0
flow_3012.17,74.5,6.0,0
flow_1012.13,51.0,3.5,0
flow_10.11,48.5,2.5,0
flow_301.17,74.5,3.5,0
flow_3012.18,72.5,3.5,0
flow_30.20,69.5,2.5,0
flow_1012.14,36.0,4.5,0
flow_10.12,27.5,3.0,0
flow_3012.19,70.5,3.5,0
flow_1012.15,25.5,3.0,0
flow_30.21,68.0,3.5,0
flow_301.18,68.0,3.0,0
flow_3012.20,66.5,3.5,0
flow_30.22,50.5,3.0,0
flow_30.23,49.5,3.0,0
flow_3012.21,33.0,3.0,0
flow_001.3,73.5,3.5,0
flow_201.5,47.0,3.5,0
flow_20.4,26.5,2.5,0
flow_20.5,25.5,2.5,0
flow_20.6,23.0,2.0,0
flow_2012.5,23.0,2.5,0
flow_30.24,78.5,4.0,0
flow_101.10,74.0,3.5,0
flow_30.25,76.5,3.0,0
flow_101.11,45.0,3.0,0
flow_3012.22,78.0,4.0,0
flow_10.13,44.0,6.5,0
flow_3012.23,79.5,7.0,0
flow_30.26,69.5,3.0,0
flow_3012.24,78.5,4.5,0
flow_10.14,27.0,3.5,0
flow_3012.25,59.0,3.5,0
flow_301.19,58.0,2.5,0
flow_30.27,55.0,2.5,0
flow_3012.26,42.5,3.0,0
flow_30.28,39.5,2.5,0
flow_10.15,21.5,2.0,0
flow_30.29,33.0,3.0,0
flow_301.20,43.5,4.0,0
flow_20.7,64.0,4.0,0
flow_00.4,71.5,4.0,0
flow_20.8,60.0,3.0,0
flow_001.4,52.5,3.0,0
flow_2012.6,59.0,4.0,0
flow_201.6,26.0,3.0,0
flow_20.9,22.5,2.0,0
flow_30.30,71.5,4.0,0
flow_101.12,59.0,3.5,0
flow_30.31,53.0,3.0,0
flow_30.32,41.0,3.0,0
flow_30.33,30.5,2.5,0
flow_30.34,26.0,2.5,0
flow_1012.16,27.0,4.0,0
flow_3012.27,25.0,3.5,0
flow_1012.17,25.5,3.5,0
flow_301.21,26.5,3.0,0
flow_001.5,67.5,3.5,0
flow_20.10,21.5,2.0,0
flow_3012.28,72.5,4.5,0
flow_301.22,67.5,3.0,0
flow_101.13,72.5,7.5,0
flow_301.23,61.0,3.0,0
flow_1012.18,47.0,5.0,0
flow_1012.19,43.0,4.5,0
flow_30.35,63.0,5.5,0
flow_3012.29,62.0,3.5,0
flow_301.24,53.0,3.0,0
flow_30.36,41.5,3.0,0
flow_3012.30,41.0,3.5,0
flow_3012.31,40.5,3.5,0
flow_301.25,41.0,3.0,0
flow_3012.32,29.5,3.5,0
flow_3012.33,29.0,4.0,0
flow_30.37,24.0,2.5,0
flow_0012.4,47.5,4.5,0
flow_001.6,47.5,3.0,0
flow_00.5,22.0,2.0,0
flow_00.6,20.5,1.5,0
flow_201.7,25.5,2.5,0
flow_3012.34,71.5,4.0,0
flow_101.14,74.0,7.5,0
flow_301.26,41.5,3.5,0
flow_30.38,37.5,3.0,0
flow_10.16,55.5,3.5,0
flow_30.39,26.0,2.5,0
flow_1012.20,57.5,5.0,0
flow_1012.21,47.0,4.0,0
flow_30.40,26.5,5.5,0
flow_1012.22,44.5,6.5,0
flow_101.15,42.5,3.0,0
flow_301.27,31.5,3.0,0
flow_3012.35,30.0,3.0,0
flow_1012.23,25.5,3.5,0
flow_301.28,34.0,4.5,0
flow_3012.36,31.5,3.5,0
flow_1012.24,29.0,5.0,0
flow_1012.25,27.5,4.0,0
flow_0012.5,51.5,4.0,0
flow_20.11,67.0,6.5,0
flow_2012.7,23.5,3.0,0
flow_0012.6,27.0,3.5,0
flow_3012.37,79.5,4.5,0
flow_10.17,45.0,6.5,0
flow_301.29,78.0,3.0,0
flow_3012.38,76.0,3.5,0
flow_3012.39,76.0,3.5,0
flow_301.30,75.0,3.0,0
flow_3012.40,72.0,3.5,0
flow_30.41,53.5,2.5,0
flow_3012.41,30.5,3.0,0
flow_30.42,20.0,1.5,0
flow_101.16,25.0,2.5,0
flow_2012.8,44.0,4.5,0
flow_001.7,75.0,7.5,0
flow_00.7,21.0,1.5,0
flow_301.31,56.5,3.5,0
flow_1012.26,24.5,3.5,0
flow_3012.42,48.0,4.0,0
flow_3012.43,47.0,4.0,0
flow_301.32,45.0,2.5,0
flow_301.33,33.5,3.0,0
flow_10.18,21.0,1.5,0
flow_301.34,26.5,2.5,0
flow_101.17,26.0,3.0,0
flow_101.18,26.0,2.5,0
flow_3012.44,24.0,3.0,0
flow_0012.7,67.0,4.5,0
flow_20.12,55.5,6.5,0
flow_001.8,58.0,3.0,0
flow_00.8,51.5,3.0,0
flow_201.8,24.5,2.0,0
flow_201.9,25.0,2.5,0
flow_201.10,26.5,3.0,0
flow_2012.9,28.0,4.0,0
flow_201.11,26.0,3.0,0
flow_301.35,73.5,3.5,0
flow_101.19,60.5,3.5,0
flow_101.20,52.0,3.0,0
flow_301.36,67.5,3.0,0
flow_101.21,34.0,3.0,0
flow_3012.45,62.0,6.0,0
flow_301.37,59.5,3.0,0
flow_101.22,31.0,3.5,0
flow_301.38,48.5,3.0,0
flow_3012.46,41.5,3.5,0
flow_3012.47,42.5,4.5,0
flow_3012.48,41.0,4.0,0
flow_301.39,39.0,3.0,0
flow_3012.49,36.5,3.5,0
flow_30.43,32.0,2.5,0
flow_301.40,32.5,2.5,0
flow_30.44,29.0,2.5,0
flow_3012.50,29.5,3.5,0
flow_20.13,58.0,4.0,0
flow_00.9,56.5,4.0,0
flow_00.10,46.0,3.0,0
flow_2012.10,38.5,5.5,0
flow_0012.8,28.0,3.0,0
flow_201.12,24.5,2.5,0
flow_001.9,25.5,2.5,0
flow_2012.0,24.5,3.0,0
flow_0012.0,25.0,3.5,0
flow_201.0,25.0,2.5,0
flow_001.0,25.0,2.5,0
flow_001.1,24.5,2.0,0
flow_2012.1,25.0,3.0,0
flow_00.0,23.5,3.0,0
flow_00.1,21.5,2.0,0
flow_30.0,52.5,4.0,0
flow_1012.0,54.5,7.5,0
flow_30.1,54.0,5.0,0
flow_10.0,50.0,3.5,0
flow_301.0,50.0,3.0,0
flow_101.0,40.5,3.0,0
flow_1012.1,38.5,3.5,0
flow_10.1,32.0,2.5,0
flow_3012.0,29.5,4.5,0
flow_00.2,61.0,4.0,0
flow_201.1,60.5,3.5,0
flow_001.2,51.0,3.0,0
flow_2012.2,63.0,5.0,0
flow_2012.3,61.5,4.0,0
flow_00.3,53.5,5.0,0
flow_201.2,59.5,3.0,0
flow_00.4,34.0,3.5,0
flow_201.3,60.0,3.5,0
flow_00.5,32.5,3.0,0
flow_201.4,58.0,3.5,0
flow_00.6,24.0,2.5,0
flow_20.0,54.5,5.5,0
flow_0012.1,28.5,4.5,0
flow_2012.4,54.5,4.5,0
flow_2012.5,53.5,4.0,0
flow_20.1,50.0,3.0,0
flow_00.7,23.5,2.5,0
flow_001.3,28.0,3.0,0
flow_20.2,45.5,3.0,0
flow_2012.6,30.5,4.0,0
flow_0012.2,25.0,3.0,0
flow_301.1,73.0,3.5,0
flow_1012.2,60.0,6.5,0
flow_1012.3,58.5,4.5,0
flow_10.2,48.5,3.0,0
flow_301.2,52.5,4.0,0
flow_101.1,48.5,2.5,0
flow_3012.1,42.0,4.0,0
flow_101.2,47.5,6.0,0
flow_101.3,30.5,3.5,0
flow_201.5,78.0,3.5,0
flow_001.4,40.5,3.5,0
flow_20.3,73.0,3.0,0
flow_2012.7,78.0,4.0,0
flow_00.8,43.0,6.5,0
flow_2012.8,75.0,3.5,0
flow_20.4,72.0,2.5,0
flow_20.5,71.5,2.5,0
flow_001.5,25.5,2.5,0
flow_201.6,70.5,3.0,0
flow_201.7,67.0,3.5,0
flow_20.6,63.0,2.5,0
flow_201.8,64.0,3.0,0
flow_2012.9,62.5,3.0,0
flow_201.9,60.5,2.5,0
flow_201.10,32.0,3.0,0
flow_201.11,29.5,3.0,0
flow_30.2,69.5,4.0,0
flow_10.3,58.0,4.0,0
flow_3012.2,71.0,4.0,0
flow_1012.4,48.5,4.0,0
flow_10.4,43.0,3.0,0
flow_301.3,71.0,3.5,0
flow_1012.5,41.5,4.0,0
flow_3012.3,70.5,4.0,0
flow_3012.4,62.5,4.5,0
flow_3012.5,52.5,4.0,0
flow_30.3,48.0,2.5,0
flow_10.5,23.5,2.5,0
flow_3012.6,49.0,4.0,0
flow_1012.6,26.0,3.5,0
flow_3012.7,27.5,4.0,0
flow_3012.8,26.0,3.5,0
flow_10.6,25.0,4.0,0
flow_3012.9,27.5,4.5,0
flow_20.7,74.0,4.0,0
flow_001.6,68.0,3.5,0
flow_2012.10,75.0,4.0,0
flow_20.8,70.0,3.0,0
flow_001.7,65.0,6.5,0
flow_20.9,67.0,3.0,0
flow_2012.11,73.5,4.5,0
flow_201.12,45.0,2.5,0
flow_201.13,44.0,3.0,0
flow_2012.12,39.5,3.0,0
flow_2012.13,37.0,3.5,0
flow_001.8,29.5,6.0,0
flow_2012.14,36.5,5.5,0
flow_2012.15,34.0,4.5,0
flow_20.10,30.5,3.0,0
flow_00.9,32.0,5.5,0
flow_3012.10,71.5,4.5,0
flow_1012.7,70.5,4.5,0
flow_10.7,61.0,3.0,0
flow_301.4,71.5,3.0,0
flow_10.8,49.5,3.0,0
flow_30.4,53.0,3.0,0
flow_301.5,53.0,2.5,0
flow_3012.11,51.0,3.0,0
flow_1012.8,51.5,5.0,0
flow_1012.9,50.5,4.5,0
flow_101.4,44.0,3.0,0
flow_301.6,39.0,3.5,0
flow_101.5,43.5,3.0,0
flow_301.7,37.5,3.0,0
flow_101.6,31.0,3.5,0
flow_1012.10,29.5,3.5,0
flow_3012.12,37.5,5.0,0
flow_10.9,27.0,4.0,0
flow_30.5,27.0,3.0,0
flow_3012.13,31.5,5.0,0
flow_1012.11,29.0,4.0,0
flow_3012.14,25.5,3.5,0
flow_2012.16,74.0,4.5,0
flow_0012.3,71.5,4.5,0
flow_00.10,68.5,3.0,0
flow_201.14,59.0,3.0,0
flow_2012.17,49.5,3.5,0
flow_0012.4,42.5,4.0,0
flow_201.15,50.5,3.0,0
flow_001.9,36.5,3.0,0
flow_2012.18,48.0,4.0,0
flow_00.11,36.5,6.5,0
flow_2012.19,47.5,7.5,0
flow_201.16,42.5,3.0,0
flow_001.10,34.5,3.5,0
flow_2012.20,24.0,3.0,0
flow_00.12,23.0,3.0,0
flow_301.8,71.5,3.5,0
flow_101.7,67.5,3.5,0
flow_1012.12,46.5,3.5,0
flow_30.6,73.5,6.0,0
flow_10.10,43.0,3.0,0
flow_301.9,68.5,3.0,0
flow_30.7,58.5,3.0,0
flow_3012.15,52.5,3.5,0
flow_10.11,23.0,2.0,0
flow_301.10,32.5,3.0,0
flow_30.8,23.0,2.5,0
flow_30.9,21.5,2.0,0
flow_3012.16,24.5,3.0,0
flow_1012.13,25.0,3.0,0
flow_1012.14,24.5,3.0,0
flow_301.11,29.0,6.0,0
flow_201.17,71.5,3.5,0
flow_0012.5,59.5,6.5,0
flow_2012.21,72.0,4.0,0
flow_2012.22,71.0,4.0,0
flow_201.18,61.5,2.5,0
flow_20.11,57.0,2.5,0
flow_001.11,64.5,4.5,0
flow_201.19,57.0,2.5,0
flow_20.12,53.0,2.5,0
flow_001.12,56.0,3.5,0
flow_00.13,45.5,3.0,0
flow_20.13,51.5,2.5,0
flow_0012.6,47.5,5.0,0
flow_20.14,54.0,5.0,0
flow_001.13,46.5,2.5,0
flow_2012.23,53.5,4.5,0
flow_0012.7,47.0,4.0,0
flow_0012.8,45.5,4.0,0
flow_00.14,27.0,3.0,0
flow_201.20,57.0,4.0,0
flow_00.15,27.0,2.5,0
flow_2012.24,56.5,5.0,0
flow_10.12,62.5,4.0,0
flow_301.12,62.0,3.5,0
flow_101.8,43.5,3.0,0
flow_301.13,62.0,3.0,0
flow_10.13,27.5,2.5,0
flow_30.10,59.0,3.0,0
flow_301.14,33.5,2.5,0
flow_3012.17,29.5,3.0,0
flow_101.9,23.5,2.0,0
flow_301.15,24.5,2.5,0
flow_20.15,84.5,4.0,0
flow_0012.9,76.0,7.5,0
flow_001.14,76.5,4.0,0
flow_00.16,65.0,3.0,0
flow_201.21,88.0,3.0,0
flow_00.17,58.0,3.0,0
flow_2012.25,90.5,6.0,0
flow_201.22,88.0,3.0,0
flow_20.16,85.5,2.5,0
flow_001.15,35.0,3.0,0
flow_20.17,85.5,3.0,0
flow_001.16,34.5,3.0,0
flow_201.23,84.5,2.5,0
flow_0012.10,35.5,6.0,0
flow_0012.11,34.0,4.0,0
flow_201.24,83.5,4.0,0
flow_201.25,79.0,3.0,0
flow_1012.15,70.0,4.5,0
flow_30.11,70.5,6.5,0
flow_10.14,47.5,3.0,0
flow_3012.18,63.5,6.0,0
flow_10.15,43.5,5.5,0
flow_30.12,52.5,3.5,0
flow_1012.16,44.0,4.0,0
flow_3012.19,51.0,3.5,0
flow_301.16,50.0,3.0,0
flow_301.17,36.0,3.0,0
flow_1012.17,26.5,4.0,0
flow_30.13,21.0,1.5,0
flow_301.18,26.5,3.0,0
flow_1012.18,26.5,4.0,0
flow_20.18,123.0,4.0,0
flow_0012.12,76.0,7.5,0
flow_0012.13,62.0,4.5,0
flow_001.17,60.5,3.5,0
flow_201.26,130.5,3.5,0
flow_001.18,50.0,3.0,0
flow_201.27,101.5,3.5,0
flow_20.19,96.0,3.0,0
flow_001.19,49.5,3.0,0
flow_201.28,86.5,2.5,0
flow_001.20,47.5,3.5,0
flow_20.20,81.5,2.5,0
flow_001.21,46.0,3.0,0
flow_201.29,67.5,3.0,0
flow_001.22,34.5,3.0,0
flow_201.30,66.5,2.5,0
flow_201.31,65.5,3.0,0
flow_2012.26,62.5,3.5,0
flow_20.21,58.0,2.5,0
flow_2012.27,56.0,2.5,0
flow_3012.20,73.0,4.0,0
flow_10.16,63.5,6.5,0
flow_30.14,72.0,3.0,0
flow_101.10,57.0,3.0,0
flow_10.17,54.5,3.0,0
flow_301.19,62.0,3.0,0
flow_10.18,53.5,2.5,0
flow_301.20,33.0,3.0,0
flow_101.11,54.0,3.0,0
flow_10.19,51.0,2.5,0
flow_101.12,49.0,2.0,0
flow_1012.19,36.5,3.0,0
flow_3012.21,25.5,3.5,0
flow_30.15,22.0,2.0,0
flow_101.13,35.5,3.0,0
flow_30.16,21.5,1.5,0
flow_101.14,35.0,3.0,0
flow_1012.20,32.5,3.5,0
flow_301.21,26.0,3.0,0
flow_101.15,32.0,3.0,0
flow_30.17,23.5,2.0,0
flow_0012.14,64.0,4.0,0
flow_201.32,87.5,7.5,0
flow_2012.28,81.5,4.0,0
flow_0012.15,60.5,5.5,0
flow_0012.16,56.0,4.5,0
flow_0012.17,50.5,4.5,0
flow_20.22,84.0,6.0,0
flow_2012.29,82.0,4.5,0
flow_0012.18,47.5,7.5,0
flow_0012.19,40.0,5.0,0
flow_00.18,30.0,3.5,0
flow_201.33,87.0,3.5,0
flow_201.34,85.5,3.0,0
flow_2012.30,84.0,3.5,0
flow_20.23,81.0,2.5,0
flow_2012.31,82.5,4.0,0
flow_10.20,63.0,4.0,0
flow_301.22,70.5,3.5,0
flow_1012.21,63.5,3.5,0
flow_101.16,62.5,3.0,0
flow_301.23,66.0,6.5,0
flow_1012.22,62.0,3.5,0
flow_3012.22,65.5,4.0,0
flow_1012.23,60.5,4.0,0
flow_10.21,56.5,2.5,0
flow_30.18,64.5,4.5,0
flow_10.22,55.0,2.5,0
flow_30.19,63.5,3.5,0
flow_10.23,54.0,2.5,0
flow_3012.23,54.0,6.0,0
flow_30.20,53.5,3.5,0
flow_30.21,36.0,3.5,0
flow_101.17,60.5,4.0,0
flow_101.18,58.0,3.5,0
flow_10.24,51.5,2.5,0
flow_10.25,50.0,2.5,0
flow_301.24,25.0,2.5,0
flow_10.26,33.5,2.5,0
flow_20.24,127.5,4.0,0
flow_00.19,71.0,4.0,0
flow_20.25,123.0,3.0,0
flow_0012.20,57.0,6.0,0
flow_0012.21,55.5,4.5,0
flow_00.20,51.5,3.0,0
flow_201.35,131.0,3.5,0
flow_001.23,51.0,2.5,0
flow_20.26,97.0,3.0,0
flow_20.27,93.5,2.5,0
flow_001.24,27.0,3.0,0
flow_2012.32,95.0,5.0,0
flow_201.36,90.0,3.0,0
flow_20.28,86.5,2.5,0
flow_001.25,28.5,3.5,0
flow_201.37,86.5,3.0,0
flow_201.38,85.0,3.0,0
flow_20.29,81.0,2.5,0
flow_10.27,78.0,4.0,0
flow_3012.24,63.5,7.5,0
flow_30.22,58.0,3.5,0
flow_101.19,83.5,3.0,0
flow_30.23,56.5,3.0,0
flow_301.25,55.5,2.5,0
flow_10.28,82.0,3.5,0
flow_1012.24,87.0,5.5,0
flow_30.24,56.5,3.5,0
flow_30.25,54.5,3.0,0
flow_101.20,82.0,2.5,0
flow_30.26,29.0,3.0,0
flow_3012.25,28.0,3.5,0
flow_1012.25,84.0,6.0,0
flow_3012.26,27.5,4.0,0
flow_10.29,84.0,6.0,0
flow_101.21,83.0,3.5,0
flow_301.26,25.0,2.5,0
flow_101.22,80.5,3.5,0
flow_10.30,74.5,3.0,0
flow_3012.27,27.0,6.0,0
flow_20.30,129.0,4.0,0
flow_001.26,72.0,3.5,0
flow_2012.33,88.0,4.0,0
flow_0012.22,71.0,4.0,0
flow_20.31,78.0,3.0,0
flow_2012.34,84.0,4.0,0
flow_20.32,76.5,3.0,0
flow_001.27,57.5,3.5,0
flow_20.33,75.5,2.5,0
flow_0012.23,60.5,5.5,0
flow_001.28,54.5,3.0,0
flow_201.39,80.0,3.0,0
flow_20.34,76.5,3.0,0
flow_001.29,54.0,3.0,0
flow_0012.24,49.0,6.0,0
flow_2012.35,78.5,4.0,0
flow_201.40,76.5,3.0,0
flow_001.30,49.5,3.5,0
flow_20.35,71.0,3.0,0
flow_2012.36,76.0,3.5,0
flow_001.31,48.0,6.5,0
flow_3012.28,70.0,4.5,0
flow_30.27,65.5,3.0,0
flow_101.23,118.0,7.5,0
flow_30.28,65.5,3.0,0
flow_10.31,112.0,3.5,0
flow_1012.26,92.5,3.5,0
flow_3012.29,67.5,4.0,0
flow_301.27,65.0,2.5,0
flow_101.24,90.5,3.0,0
flow_10.32,86.5,2.5,0
flow_301.28,59.0,3.5,0
flow_101.25,86.5,2.5,0
flow_301.29,58.0,3.5,0
flow_3012.30,55.5,4.0,0
flow_10.33,74.0,5.0,0
flow_3012.31,57.5,7.0,0
flow_10.34,71.5,7.5,0
flow_3012.32,57.0,7.0,0
flow_3012.33,40.0,4.5,0
flow_2012.37,85.5,4.5,0
flow_00.21,92.5,6.5,0
flow_2012.38,86.0,5.5,0
flow_00.22,74.0,7.5,0
flow_0012.25,54.5,5.5,0
flow_2012.39,88.0,7.0,0
flow_2012.40,86.5,4.5,0
flow_201.41,84.0,2.5,0
flow_201.42,82.5,2.5,0
flow_001.32,46.0,3.5,0
flow_00.23,43.0,3.0,0
flow_2012.41,84.0,6.0,0
flow_20.36,81.0,3.5,0
flow_00.24,34.0,5.5,0
flow_20.37,80.0,3.0,0
flow_001.33,25.0,2.5,0
flow_201.43,80.5,3.0,0
flow_201.44,79.0,3.0,0
flow_3012.34,51.5,4.5,0
flow_30.29,33.5,3.0,0
flow_101.26,125.5,7.5,0
flow_30.30,25.5,2.5,0
flow_1012.27,113.5,4.5,0
flow_10.35,106.5,3.0,0
flow_301.30,29.5,3.5,0
flow_101.27,86.5,2.5,0
flow_3012.35,29.5,4.5,0
flow_30.31,26.5,3.0,0
flow_10.36,76.5,3.5,0
flow_1012.28,75.0,3.5,0
flow_1012.29,73.0,3.5,0
flow_3012.36,24.0,3.0,0
flow_2012.42,127.0,4.5,0
flow_201.45,88.5,3.0,0
flow_001.34,59.5,7.5,0
flow_201.46,86.0,3.5,0
flow_2012.43,82.0,3.5,0
flow_2012.44,82.0,4.0,0
flow_2012.45,80.5,3.5,0
flow_0012.26,23.5,3.0,0
flow_20.38,78.5,5.0,0
flow_2012.46,79.0,4.5,0
flow_201.47,76.0,3.0,0
flow_201.48,76.0,3.0,0
flow_2012.47,73.0,3.5,0
flow_2012.48,71.0,3.5,0
flow_201.49,31.0,2.5,0
flow_00.25,27.0,6.0,0
flow_0012.27,26.0,3.5,0
flow_201.50,32.5,6.0,0
flow_301.31,75.0,4.0,0
flow_101.28,54.5,3.5,0
flow_3012.37,74.5,4.0,0
flow_1012.30,55.0,4.0,0
flow_1012.31,48.0,4.0,0
flow_30.32,76.0,6.0,0
flow_3012.38,72.0,5.0,0
flow_301.32,69.5,2.5,0
flow_30.33,67.0,2.5,0
flow_30.34,25.5,2.5,0
flow_301.33,34.5,3.0,0
flow_301.34,26.0,3.0,0
flow_101.29,28.0,3.5,0
flow_001.35,47.5,3.5,0
flow_201.51,76.0,3.5,0
flow_20.39,73.5,3.0,0
flow_001.36,37.0,3.0,0
flow_201.52,74.0,3.0,0
flow_2012.49,73.0,3.5,0
flow_0012.28,26.5,3.5,0
flow_00.26,21.0,2.0,0
flow_20.40,71.5,3.0,0
flow_2012.50,71.0,5.5,0
flow_20.41,69.0,3.0,0
flow_20.42,68.0,3.0,0
flow_001.37,25.5,2.5,0
flow_201.53,67.0,3.0,0
flow_2012.51,65.0,3.0,0
flow_0012.29,24.5,3.5,0
flow_20.43,63.0,3.0,0
flow_00.27,22.0,2.0,0
flow_20.44,61.0,3.0,0
flow_201.54,31.5,2.5,0
flow_201.55,29.5,2.5,0
flow_30.35,71.0,4.0,0
flow_0012.0,23.5,3.0,0
flow_201.0,24.0,2.5,0
flow_20.0,22.0,2.0,0
flow_10.0,49.0,4.0,0
flow_30.0,48.5,4.0,0
flow_30.1,47.5,3.0,0
flow_10.1,43.0,3.0,0
flow_30.2,42.0,3.0,0
flow_101.0,38.5,3.0,0
flow_10.2,23.0,2.0,0
flow_10.3,21.0,2.0,0
flow_301.0,26.0,3.0,0
flow_10.4,20.5,1.5,0
flow_301.1,25.5,2.5,0
flow_1012.0,25.5,3.5,0
flow_3012.0,25.5,3.5,0
flow_101.1,29.5,3.5,0
flow_20.1,30.0,3.5,0
flow_001.0,53.0,3.5,0
flow_00.0,22.5,2.0,0
flow_0012.1,25.0,3.5,0
flow_2012.0,24.5,3.0,0
flow_00.1,23.5,3.5,0
flow_20.2,21.0,1.5,0
flow_101.2,78.5,4.0,0
flow_101.3,77.0,3.5,0
flow_1012.1,73.5,3.0,0
flow_10.5,60.5,2.5,0
flow_30.3,22.0,2.0,0
flow_1012.2,46.5,4.0,0
flow_3012.1,25.0,3.5,0
flow_2012.1,73.0,4.5,0
flow_201.1,63.5,3.0,0
flow_001.1,30.0,7.0,0
flow_2012.2,60.5,4.0,0
flow_2012.3,41.0,3.5,0
flow_0012.2,27.5,4.0,0
flow_001.2,25.0,2.5,0
flow_3012.2,71.0,4.5,0
flow_30.4,68.0,3.0,0
flow_10.6,71.0,7.0,0
flow_1012.3,70.5,5.0,0
flow_101.4,69.0,3.0,0
flow_10.7,66.5,3.0,0
flow_10.8,66.0,2.5,0
flow_10.9,40.0,2.5,0
flow_101.5,40.5,3.0,0
flow_301.2,26.0,3.0,0
flow_30.5,23.0,2.0,0
flow_101.6,25.0,2.5,0
flow_10.10,21.5,1.5,0
flow_3012.3,27.0,4.0,0
flow_10.11,25.0,3.5,0
flow_101.7,25.5,2.5,0
flow_0012.3,67.5,4.0,0
flow_0012.4,61.5,3.5,0
flow_0012.5,23.5,3.0,0
flow_2012.4,26.0,3.5,0
flow_10.12,68.0,4.0,0
flow_301.3,68.0,3.5,0
flow_101.8,62.5,2.5,0
flow_10.13,60.0,3.0,0
flow_301.4,66.5,3.5,0
flow_30.6,63.5,3.0,0
flow_30.7,62.0,3.0,0
flow_1012.4,58.5,6.0,0
flow_101.9,56.5,3.0,0
flow_301.5,60.5,3.0,0
flow_10.14,44.5,3.0,0
flow_101.10,41.0,2.5,0
flow_3012.4,53.0,5.0,0
flow_301.6,31.0,3.0,0
flow_101.11,42.5,3.5,0
flow_1012.5,41.0,3.5,0
flow_101.12,40.5,3.0,0
flow_1012.6,27.5,3.5,0
flow_20.3,47.5,4.0,0
flow_2012.5,46.5,4.0,0
flow_001.3,28.5,5.5,0
flow_2012.6,36.5,5.0,0
flow_001.4,26.5,3.0,0
flow_201.2,27.0,3.0,0
flow_301.7,42.0,3.5,0
flow_101.13,65.5,3.5,0
flow_1012.7,65.0,3.5,0
flow_10.15,52.0,3.0,0
flow_10.16,50.5,2.5,0
flow_1012.8,50.0,3.5,0
flow_10.17,28.0,2.5,0
flow_301.8,26.0,3.0,0
flow_30.8,21.0,1.5,0
flow_101.14,24.5,2.5,0
flow_1012.9,24.5,3.0,0
flow_1012.10,25.0,3.5,0
flow_0012.6,57.5,4.5,0
flow_2012.7,48.0,4.5,0
flow_001.5,57.0,3.0,0
flow_001.6,32.5,3.0,0
flow_001.7,30.5,3.0,0
flow_2012.8,24.5,3.0,0
flow_2012.9,24.5,3.0,0
flow_0012.7,27.0,4.0,0
flow_10.18,62.0,4.0,0
flow_301.9,55.0,3.5,0
flow_101.15,48.0,3.0,0
flow_3012.5,43.5,5.0,0
flow_10.19,40.5,3.0,0
flow_10.20,37.0,3.0,0
flow_101.16,25.5,2.0,0
flow_10.21,20.5,1.5,0
flow_1012.11,24.0,3.0,0
flow_101.17,25.5,2.5,0
flow_2012.10,47.0,4.5,0
flow_2012.11,24.5,3.0,0
flow_30.9,61.5,4.0,0
flow_1012.12,75.0,7.5,0
flow_1012.13,57.5,4.5,0
flow_10.22,47.0,3.5,0
flow_30.10,48.5,6.5,0
flow_30.11,45.5,4.0,0
flow_1012.14,46.0,4.5,0
flow_1012.15,39.5,4.0,0
flow_1012.16,25.5,3.5,0
flow_1012.17,25.5,3.5,0
flow_101.18,25.5,2.5,0
flow_2012.12,62.0,4.5,0
flow_001.8,71.0,7.5,0
flow_0012.8,31.0,4.0,0
flow_001.9,24.5,2.5,0
flow_30.12,44.0,4.0,0
flow_101.19,74.0,4.0,0
flow_10.23,72.5,3.0,0
flow_1012.18,72.5,3.0,0
flow_3012.6,48.5,6.0,0
flow_30.13,22.5,2.0,0
flow_101.20,66.5,3.0,0
flow_1012.19,51.5,3.5,0
flow_1012.20,51.0,4.0,0
flow_1012.21,49.5,3.5,0
flow_1012.22,46.5,4.0,0
flow_1012.23,41.0,4.0,0
flow_1012.24,28.0,4.0,0
flow_30.14,22.5,2.5,0
flow_1012.25,29.0,4.5,0
flow_10.24,22.5,2.0,0
flow_20.4,63.0,4.0,0
flow_00.2,70.0,4.0,0
flow_001.10,70.0,3.0,0
flow_2012.13,53.0,5.0,0
flow_20.5,37.5,3.0,0
flow_00.3,63.0,3.0,0
flow_0012.9,54.0,4.0,0
flow_001.11,25.0,2.5,0
flow_0012.10,24.5,3.0,0
flow_301.10,73.0,3.5,0
flow_1012.26,67.0,6.5,0
flow_1012.27,39.0,4.5,0
flow_101.21,26.0,2.5,0
flow_301.11,75.0,4.0,0
flow_1012.28,25.5,3.5,0
flow_101.22,25.0,2.5,0
flow_1012.29,25.5,3.5,0
flow_10.25,22.0,2.0,0
flow_1012.30,25.0,3.5,0
flow_1012.31,25.0,3.0,0
flow_1012.32,27.5,4.0,0
flow_001.12,71.0,3.5,0
flow_001.13,65.5,3.0,0
flow_201.3,25.5,2.5,0
flow_301.12,60.5,3.5,0
flow_101.23,74.0,4.0,0
flow_3012.7,60.5,4.0,0
flow_1012.33,75.0,4.5,0
flow_3012.8,29.5,4.0,0
flow_30.15,22.0,2.0,0
flow_1012.34,73.5,4.5,0
flow_101.24,52.0,3.0,0
flow_1012.35,37.5,3.5,0
flow_10.26,32.5,2.5,0
flow_30.16,21.0,2.0,0
flow_10.27,26.0,2.5,0
flow_101.25,26.5,2.5,0
flow_10.28,24.0,2.0,0
flow_10.29,23.0,2.0,0
flow_101.26,25.5,2.5,0
flow_0012.11,73.5,4.5,0
flow_001.14,55.0,3.0,0
flow_00.4,52.5,3.0,0
flow_001.15,53.5,3.0,0
flow_201.4,26.5,3.0,0
flow_00.5,43.0,3.0,0
flow_20.6,22.0,2.0,0
flow_20.7,21.0,2.0,0
flow_001.16,24.5,2.5,0
flow_30.17,57.0,4.0,0
flow_1012.36,75.0,7.5,0
flow_3012.9,46.0,3.5,0
flow_101.27,68.0,3.5,0
flow_10.30,66.5,3.0,0
flow_30.18,20.5,1.5,0
flow_101.28,66.0,2.5,0
flow_101.29,65.0,3.0,0
flow_1012.37,55.5,3.0,0
flow_101.30,54.5,2.5,0
flow_301.13,27.5,3.0,0
flow_101.31,49.0,3.5,0
flow_10.31,39.5,2.5,0
flow_301.14,26.0,3.0,0
flow_101.32,39.0,2.5,0
flow_1012.38,36.5,3.0,0
flow_10.32,26.0,2.5,0
flow_101.33,26.5,2.5,0
flow_20.8,36.0,4.0,0
flow_001.17,52.0,3.5,0
flow_00.6,49.5,3.0,0
flow_00.7,49.0,3.0,0
flow_001.18,49.0,2.5,0
flow_0012.12,37.5,3.5,0
flow_10.33,72.0,4.0,0
flow_10.34,62.5,3.0,0
flow_1012.39,60.0,3.5,0
flow_10.35,55.0,2.5,0
flow_3012.10,25.5,3.5,0
flow_10.36,53.0,2.5,0
flow_101.34,57.5,3.0,0
flow_101.35,53.5,2.5,0
flow_101.36,53.0,2.5,0
flow_10.37,49.5,2.5,0
flow_10.38,47.5,2.5,0
flow_10.39,46.0,2.5,0
flow_1012.40,32.5,3.5,0
flow_101.37,30.5,3.0,0
flow_1012.41,25.5,3.0,0
flow_00.8,58.5,4.0,0
flow_201.5,75.5,4.0,0
flow_00.9,28.5,3.0,0
flow_0012.13,26.0,4.0,0
flow_0012.14,26.0,3.5,0
flow_20.9,21.0,1.5,0
flow_1012.42,72.0,4.5,0
flow_3012.11,53.5,4.5,0
flow_1012.43,72.0,4.0,0
flow_30.19,46.0,6.5,0
flow_101.38,70.5,3.0,0
flow_10.40,67.0,2.5,0
flow_30.20,28.0,4.0,0
flow_1012.44,68.5,3.5,0
flow_10.41,28.0,3.0,0
flow_101.39,27.5,2.5,0
flow_301.15,26.5,3.0,0
flow_10.42,24.5,2.5,0
flow_101.40,26.5,3.0,0
flow_10.43,22.0,2.0,0
flow_20.10,42.0,4.0,0
flow_00.10,30.5,3.5,0
flow_20.11,28.0,3.0,0
flow_2012.14,25.0,3.5,0
flow_201.6,26.0,3.0,0
flow_20.12,21.5,2.0,0
flow_0012.15,25.0,3.0,0
flow_2012.15,29.5,4.5,0
flow_2012.0,23.5,3.0,0
flow_201.0,25.0,2.5,0
flow_20.0,23.5,2.0,0
flow_201.1,26.0,2.5,0
flow_20.1,21.5,2.0,0
flow_001.0,24.5,2.5,0
flow_001.1,25.5,2.5,0
flow_201.2,26.0,2.5,0
flow_10.0,48.0,4.0,0
flow_1012.0,23.0,2.5,0
flow_201.3,74.0,4.0,0
flow_0012.0,59.5,7.0,0
flow_20.2,65.0,3.5,0
flow_20.3,34.5,3.0,0
flow_201.4,48.0,3.0,0
flow_2012.1,31.5,3.0,0
flow_20.4,30.0,2.5,0
flow_2012.2,29.5,3.5,0
flow_2012.3,29.0,4.0,0
flow_2012.4,29.5,4.5,0
flow_20.5,21.5,2.0,0
flow_10.1,50.5,4.0,0
flow_30.0,55.0,4.0,0
flow_10.2,27.0,2.5,0
flow_3012.0,25.0,3.0,0
flow_20.6,69.0,4.0,0
flow_001.2,77.0,4.0,0
flow_001.3,70.0,3.5,0
flow_201.5,70.5,3.5,0
flow_2012.5,69.5,4.0,0
flow_2012.6,70.0,4.5,0
flow_2012.7,47.0,4.5,0
flow_201.6,31.5,2.5,0
flow_2012.8,44.5,5.0,0
flow_20.7,28.0,2.5,0
flow_201.7,26.5,2.5,0
flow_201.8,25.5,2.5,0
flow_20.8,21.5,2.0,0
flow_3012.1,71.5,4.0,0
flow_1012.1,71.5,4.5,0
flow_30.1,54.0,3.0,0
flow_10.3,29.5,3.0,0
flow_10.4,28.0,3.0,0
flow_30.2,41.5,3.0,0
flow_30.3,33.0,3.0,0
flow_2012.9,54.0,4.0,0
flow_001.4,78.0,7.0,0
flow_2012.10,55.0,5.0,0
flow_20.9,44.5,3.0,0
flow_2012.11,49.0,4.5,0
flow_001.5,83.5,4.5,0
flow_2012.12,48.5,5.0,0
flow_201.9,46.0,3.5,0
flow_001.6,42.0,4.0,0
flow_2012.13,46.0,4.5,0
flow_2012.14,31.0,4.5,0
flow_2012.15,30.0,4.0,0
flow_20.10,26.0,2.5,0
flow_001.7,45.5,7.0,0
flow_10.5,59.5,4.0,0
flow_30.4,48.0,4.0,0
flow_101.0,45.0,3.0,0
flow_3012.2,24.5,3.0,0
flow_30.5,21.5,2.0,0
flow_101.1,27.0,3.0,0
flow_201.10,69.0,3.5,0
flow_0012.1,66.0,6.5,0
flow_2012.16,66.0,3.5,0
flow_00.0,26.0,3.5,0
flow_20.11,51.0,3.0,0
flow_20.12,50.5,3.0,0
flow_2012.17,49.0,3.0,0
flow_20.13,45.5,2.5,0
flow_201.11,46.0,2.5,0
flow_2012.18,36.0,3.5,0
flow_201.12,32.5,2.5,0
flow_001.8,26.0,3.0,0
flow_0012.2,25.0,3.0,0
flow_20.14,21.5,2.0,0
flow_30.6,42.0,4.0,0
flow_1012.2,59.0,7.5,0
flow_3012.3,26.0,3.0,0
flow_10.6,45.5,3.5,0
flow_10.7,34.0,3.0,0
flow_1012.3,24.5,3.0,0
flow_1012.4,26.0,3.5,0
flow_201.13,66.5,3.5,0
flow_201.14,64.5,3.0,0
flow_0012.3,26.5,4.5,0
flow_20.15,51.0,5.0,0
flow_20.16,48.5,3.5,0
flow_2012.19,41.0,3.0,0
flow_2012.20,29.5,3.5,0
flow_2012.21,28.5,3.5,0
flow_2012.22,27.0,4.0,0
flow_2012.23,25.5,3.5,0
flow_001.9,32.5,6.5,0
flow_201.15,25.5,2.5,0
flow_0012.4,25.5,3.0,0
flow_20.17,25.0,4.0,0
flow_001.10,27.5,3.5,0
flow_2012.24,28.0,4.5,0
flow_10.8,25.5,3.0,0
flow_30.7,64.5,4.0,0
flow_30.8,48.0,3.0,0
flow_1012.5,24.0,3.0,0
flow_3012.4,48.0,3.5,0
flow_301.0,26.0,3.0,0
flow_10.9,20.0,1.5,0
flow_101.2,28.0,3.5,0
flow_101.3,26.5,3.0,0
flow_001.11,73.0,3.5,0
flow_201.16,73.0,3.5,0
flow_2012.25,73.5,4.0,0
flow_20.18,71.0,3.0,0
flow_001.12,67.5,7.0,0
flow_20.19,69.5,3.0,0
flow_2012.26,68.0,3.5,0
flow_0012.5,58.5,5.5,0
flow_2012.27,67.0,4.0,0
flow_201.17,63.0,2.5,0
flow_2012.28,61.0,3.0,0
flow_2012.29,59.5,3.5,0
flow_20.20,55.0,2.5,0
flow_001.13,28.5,5.5,0
flow_20.21,43.0,2.5,0
flow_2012.30,42.0,3.5,0
flow_201.18,29.0,2.5,0
flow_201.19,29.5,3.5,0
flow_301.1,45.0,3.5,0
flow_101.4,72.5,3.5,0
flow_30.9,27.5,3.0,0
flow_1012.6,73.5,5.5,0
flow_1012.7,24.5,3.0,0
flow_2012.31,67.5,4.0,0
flow_201.20,67.5,3.0,0
flow_20.22,64.5,3.0,0
flow_201.21,65.5,2.5,0
flow_20.23,52.5,2.5,0
flow_201.22,25.0,2.5,0
flow_20.24,25.0,3.0,0
flow_0012.6,27.5,4.0,0
flow_001.14,25.5,2.5,0
flow_3012.5,73.0,4.5,0
flow_30.10,29.5,3.0,0
flow_3012.6,26.0,3.5,0
flow_301.2,23.5,2.0,0
flow_30.11,23.0,2.0,0
flow_00.1,72.0,4.0,0
flow_201.23,73.0,4.0,0
flow_0012.7,64.0,4.0,0
flow_00.2,38.0,3.0,0
flow_201.24,65.5,7.0,0
flow_20.25,62.0,3.0,0
flow_001.15,37.0,3.0,0
flow_2012.32,50.0,3.5,0
flow_20.26,46.5,3.0,0
flow_201.25,46.5,2.5,0
flow_201.26,25.5,2.5,0
flow_201.27,26.0,3.0,0
flow_2012.33,25.0,3.5,0
flow_001.16,25.5,2.5,0
flow_30.12,61.0,4.0,0
flow_1012.8,58.5,7.5,0
flow_30.13,49.0,5.0,0
flow_101.5,48.0,3.5,0
flow_301.3,43.5,3.0,0
flow_1012.9,30.0,4.5,0
flow_1012.10,24.5,3.0,0
flow_201.28,63.5,3.5,0
flow_0012.8,75.5,6.5,0
flow_201.29,40.0,4.0,0
flow_001.17,26.0,3.0,0
flow_201.30,38.5,3.5,0
flow_201.31,37.5,3.5,0
flow_201.32,35.0,3.5,0
flow_2012.34,33.0,3.5,0
flow_20.27,29.5,2.5,0
flow_00.3,22.0,2.0,0
flow_2012.35,30.0,4.0,0
flow_20.28,23.0,2.5,0
flow_1012.11,52.0,4.0,0
flow_3012.7,65.5,4.5,0
flow_10.10,39.0,3.0,0
flow_30.14,59.0,3.0,0
flow_101.6,37.0,2.5,0
flow_3012.8,60.5,4.5,0
flow_30.15,55.5,3.0,0
flow_3012.9,35.5,3.5,0
flow_3012.10,34.5,3.5,0
flow_20.29,51.5,4.0,0
flow_001.18,58.0,3.5,0
flow_2012.36,52.5,4.0,0
flow_201.33,51.0,3.0,0
flow_20.30,47.5,2.5,0
flow_001.19,46.5,6.5,0
flow_2012.37,48.0,3.5,0
flow_20.31,42.5,2.5,0
flow_2012.38,43.5,3.5,0
flow_2012.39,41.5,3.5,0
flow_20.32,29.0,2.5,0
flow_20.33,27.5,2.0,0
flow_00.4,20.5,1.5,0
flow_3012.11,52.0,4.5,0
flow_30.16,48.5,3.0,0
flow_101.7,57.5,7.0,0
flow_1012.12,40.5,4.0,0
flow_101.8,38.5,2.5,0
flow_1012.13,35.0,3.0,0
flow_30.17,21.5,2.0,0
flow_101.9,25.0,2.5,0
flow_301.4,26.0,3.0,0
flow_201.34,65.0,4.0,0
flow_201.35,62.5,3.0,0
flow_20.34,59.5,3.0,0
flow_2012.40,45.5,3.5,0
flow_20.35,20.5,1.5,0
flow_2012.41,27.5,3.5,0
flow_201.36,25.5,2.5,0
flow_20.36,21.5,2.0,0
flow_201.37,26.0,2.5,0
flow_10.11,70.0,4.0,0
flow_301.5,61.5,3.5,0
flow_30.18,59.5,3.0,0
flow_10.12,23.5,2.5,0
flow_3012.12,46.0,3.5,0
flow_30.19,37.5,3.0,0
flow_301.6,33.5,2.5,0
flow_10.13,20.5,1.5,0
flow_301.7,32.5,3.0,0
flow_3012.13,27.5,3.5,0
flow_001.20,48.5,3.5,0
flow_201.38,72.5,3.5,0
flow_00.5,34.5,3.0,0
flow_201.39,61.0,3.5,0
flow_00.6,33.0,3.0,0
flow_2012.42,59.5,6.0,0
flow_201.40,58.0,3.0,0
flow_2012.43,52.0,3.5,0
flow_201.41,43.0,3.0,0
flow_001.21,25.0,2.5,0
flow_201.42,24.5,2.5,0
flow_20.37,21.5,2.0,0
flow_1012.14,54.5,4.5,0
flow_30.20,67.5,6.5,0
flow_10.14,21.0,2.0,0
flow_30.21,56.5,4.0,0
flow_301.8,26.0,2.5,0
flow_30.22,23.5,2.5,0
flow_30.23,21.0,1.5,0
flow_20.38,57.0,4.0,0
flow_001.22,66.5,3.5,0
flow_00.7,22.5,2.5,0
flow_2012.44,59.5,4.5,0
flow_201.43,48.5,3.0,0
flow_20.39,45.5,2.5,0
flow_201.44,42.5,2.5,0
flow_001.23,24.0,2.5,0
flow_20.40,23.0,2.5,0
flow_2012.45,40.5,4.0,0
flow_201.45,24.0,2.5,0
flow_2012.46,25.0,3.0,0
flow_2012.0,23.5,3.0,0
flow_201.0,26.5,3.0,0
flow_201.1,25.0,2.5,0
flow_30.0,37.5,4.0,0
flow_101.0,28.5,3.0,0
flow_30.1,29.0,3.0,0
flow_101.1,28.0,3.0,0
flow_301.0,29.0,3.0,0
flow_1012.0,24.0,3.0,0
flow_10.0,21.5,1.5,0
flow_1012.1,26.5,3.5,0
flow_101.2,25.5,2.5,0
flow_10.1,22.5,2.0,0
flow_30.2,21.0,1.5,0
flow_0012.0,74.0,4.5,0
flow_00.0,65.5,3.0,0
flow_201.2,69.5,7.5,0
flow_001.0,65.5,3.0,0
flow_201.3,63.5,3.5,0
flow_0012.1,67.0,4.5,0
flow_001.1,63.0,2.5,0
flow_20.0,59.5,5.5,0
flow_0012.2,53.0,4.0,0
flow_2012.1,57.5,5.0,0
flow_2012.2,54.5,4.5,0
flow_0012.3,47.0,3.5,0
flow_0012.4,40.5,4.0,0
flow_0012.5,39.5,4.0,0
flow_00.1,34.5,3.0,0
flow_201.4,56.5,7.0,0
flow_20.1,32.0,3.5,0
flow_2012.3,32.0,3.5,0
flow_20.2,29.5,2.5,0
flow_00.2,26.0,5.5,0
flow_101.3,73.5,3.5,0
flow_3012.0,25.5,3.5,0
flow_10.2,74.0,5.0,0
flow_101.4,72.0,3.0,0
flow_301.1,28.0,3.5,0
flow_10.3,67.0,2.5,0
flow_1012.2,71.5,4.0,0
flow_101.5,65.0,2.5,0
flow_10.4,62.0,2.5,0
flow_1012.3,49.5,4.0,0
flow_101.6,41.5,2.5,0
flow_1012.4,37.5,3.5,0
flow_1012.5,29.5,4.0,0
flow_10.5,22.5,2.0,0
flow_2012.4,78.0,4.0,0
flow_00.3,48.5,6.5,0
flow_20.3,61.5,3.0,0
flow_001.2,38.0,3.0,0
flow_2012.5,55.5,4.0,0
flow_00.4,27.5,4.5,0
flow_2012.6,41.0,6.5,0
flow_00.5,29.0,6.0,0
flow_2012.7,43.5,7.0,0
flow_00.6,26.0,4.5,0
flow_2012.8,45.5,7.5,0
flow_2012.9,44.5,4.5,0
flow_201.5,40.5,2.5,0
flow_20.4,36.5,3.0,0
flow_001.3,33.5,3.5,0
flow_20.5,36.5,2.5,0
flow_0012.6,29.5,6.0,0
flow_10.6,61.5,4.0,0
flow_301.2,70.0,3.5,0
flow_1012.6,51.5,3.5,0
flow_3012.1,52.0,4.0,0
flow_3012.2,51.5,4.0,0
flow_301.3,49.0,2.5,0
flow_101.7,56.0,4.0,0
flow_3012.3,50.0,4.0,0
flow_101.8,58.0,3.5,0
flow_101.9,56.5,3.0,0
flow_10.7,53.5,3.0,0
flow_101.10,49.5,3.5,0
flow_101.11,44.5,3.5,0
flow_101.12,43.5,3.5,0
flow_3012.4,27.5,4.5,0
flow_101.13,45.0,4.0,0
flow_001.4,68.5,3.5,0
flow_201.6,76.5,3.5,0
flow_20.6,69.5,3.0,0
flow_00.7,49.0,3.0,0
flow_001.5,48.5,3.0,0
flow_201.7,71.5,3.5,0
flow_0012.7,49.0,4.0,0
flow_20.7,67.5,6.0,0
flow_2012.10,66.0,4.5,0
flow_0012.8,51.5,7.0,0
flow_001.6,47.0,3.5,0
flow_201.8,67.5,3.0,0
flow_00.8,45.0,3.0,0
flow_20.8,65.0,3.0,0
flow_00.9,30.5,3.0,0
flow_2012.11,66.0,3.5,0
flow_20.9,63.0,2.5,0
flow_201.9,44.0,2.5,0
flow_2012.12,38.5,3.5,0
flow_201.10,36.5,2.5,0
flow_10.8,89.5,4.0,0
flow_301.4,76.0,3.5,0
flow_1012.7,89.5,4.0,0
flow_101.14,86.5,3.0,0
flow_301.5,79.0,7.0,0
flow_1012.8,85.5,4.0,0
flow_10.9,49.5,2.5,0
flow_30.3,59.5,5.0,0
flow_101.15,48.5,2.5,0
flow_301.6,48.0,3.0,0
flow_10.10,23.0,2.0,0
flow_30.4,21.0,1.5,0
flow_301.7,46.0,3.0,0
flow_10.11,20.5,2.0,0
flow_1012.9,24.5,3.0,0
flow_10.12,24.0,2.0,0
flow_1012.10,25.0,3.0,0
flow_201.11,83.5,3.5,0
flow_0012.9,65.5,6.5,0
flow_001.7,53.5,3.0,0
flow_201.12,84.0,4.0,0
flow_20.10,77.5,3.0,0
flow_001.8,53.0,3.5,0
flow_20.11,71.5,3.0,0
flow_0012.10,48.5,5.5,0
flow_00.10,42.5,3.0,0
flow_00.11,37.0,3.0,0
flow_201.13,76.0,3.0,0
flow_201.14,72.5,3.0,0
flow_001.9,37.5,3.0,0
flow_2012.13,58.5,4.0,0
flow_201.15,54.5,3.0,0
flow_2012.14,52.5,3.5,0
flow_2012.15,42.5,4.0,0
flow_00.12,22.5,2.5,0
flow_3012.5,69.5,4.0,0
flow_1012.11,72.5,4.5,0
flow_3012.6,66.5,3.5,0
flow_1012.12,50.5,4.0,0
flow_1012.13,49.5,4.0,0
flow_10.13,32.5,3.0,0
flow_301.8,47.5,4.0,0
flow_10.14,31.0,3.0,0
flow_3012.7,47.5,4.5,0
flow_1012.14,25.0,3.5,0
flow_3012.8,46.0,3.5,0
flow_1012.15,25.5,3.0,0
flow_30.5,46.5,5.5,0
flow_301.9,42.5,3.0,0
flow_3012.9,42.0,3.5,0
flow_1012.16,25.0,3.0,0
flow_3012.10,28.0,4.0,0
flow_30.6,22.0,2.0,0
flow_0012.11,72.5,4.5,0
flow_00.13,64.0,3.0,0
flow_201.16,78.5,7.5,0
flow_0012.12,65.5,4.5,0
flow_0012.13,61.5,4.5,0
flow_001.10,50.0,3.0,0
flow_201.17,84.0,4.0,0
flow_001.11,46.0,3.5,0
flow_2012.16,84.5,4.5,0
flow_201.18,77.0,3.0,0
flow_20.12,71.0,2.5,0
flow_001.12,43.5,4.0,0
flow_201.19,70.5,3.0,0
flow_2012.17,68.0,3.5,0
flow_0012.14,28.5,5.0,0
flow_201.20,61.5,3.0,0
flow_20.13,57.5,2.5,0
flow_20.14,57.0,2.5,0
flow_3012.11,74.0,4.5,0
flow_1012.17,69.0,4.5,0
flow_30.7,71.5,3.0,0
flow_10.15,65.5,3.0,0
flow_10.16,63.5,3.0,0
flow_3012.12,40.0,6.0,0
flow_3012.13,33.0,4.5,0
flow_30.8,22.5,2.0,0
flow_101.16,71.0,3.5,0
flow_1012.18,68.0,3.5,0
flow_30.9,20.5,2.0,0
flow_101.17,66.0,2.5,0
flow_1012.19,67.0,5.0,0
flow_101.18,65.0,2.5,0
flow_1012.20,57.5,3.5,0
flow_1012.21,57.5,4.0,0
flow_1012.22,57.0,4.0,0
flow_301.10,34.5,7.0,0
flow_20.15,100.0,4.0,0
flow_001.13,64.5,3.5,0
flow_2012.18,97.0,3.5,0
flow_0012.15,65.0,4.0,0
flow_00.14,62.0,3.0,0
flow_201.21,84.5,3.5,0
flow_20.16,75.0,3.0,0
flow_001.14,39.0,3.0,0
flow_00.15,35.0,2.5,0
flow_201.22,73.5,2.0,0
flow_0012.16,25.5,3.5,0
flow_201.23,76.5,5.5,0
flow_2012.19,71.0,3.5,0
flow_201.24,70.0,2.5,0
flow_001.15,26.0,2.5,0
flow_201.25,69.0,3.0,0
flow_201.26,68.0,3.0,0
flow_20.17,49.5,2.5,0
flow_001.16,26.0,3.0,0
flow_2012.20,51.5,5.0,0
flow_20.18,33.5,3.0,0
flow_30.10,62.5,4.0,0
flow_101.19,102.5,3.5,0
flow_10.17,83.5,2.5,0
flow_30.11,39.5,3.0,0
flow_101.20,90.5,3.5,0
flow_301.11,63.0,3.5,0
flow_1012.23,81.5,3.5,0
flow_10.18,76.5,2.5,0
flow_30.12,21.5,2.0,0
flow_1012.24,77.0,5.5,0
flow_1012.25,48.0,4.5,0
flow_3012.14,25.5,3.5,0
flow_101.21,49.0,3.5,0
flow_10.19,46.5,3.0,0
flow_1012.26,46.5,3.5,0
flow_1012.27,40.0,3.5,0
flow_101.22,38.5,3.0,0
flow_10.20,34.0,2.5,0
flow_20.19,77.5,4.0,0
flow_00.16,56.5,4.0,0
flow_201.27,78.5,3.0,0
flow_001.17,55.0,3.0,0
flow_2012.21,77.5,4.0,0
flow_0012.17,50.5,4.0,0
flow_00.17,34.5,3.0,0
flow_00.18,32.0,3.0,0
flow_201.28,77.5,3.5,0
flow_201.29,75.5,3.0,0
flow_201.30,74.5,3.0,0
flow_20.20,64.0,2.5,0
flow_20.21,63.0,2.5,0
flow_201.31,62.5,2.5,0
flow_001.18,24.5,2.5,0
flow_201.32,61.5,3.0,0
flow_20.22,58.5,2.5,0
flow_201.33,57.5,2.5,0
flow_20.23,29.5,2.5,0
flow_20.24,27.0,2.5,0
flow_0012.18,28.5,5.5,0
flow_30.13,67.0,4.0,0
flow_1012.28,68.5,7.5,0
flow_3012.15,68.0,4.0,0
flow_3012.16,68.0,4.5,0
flow_3012.17,55.5,4.0,0
flow_30.14,44.0,3.0,0
flow_101.23,74.0,7.0,0
flow_101.24,74.0,3.0,0
flow_1012.29,58.5,3.5,0
flow_101.25,56.5,2.5,0
flow_101.26,56.5,3.0,0
flow_101.27,57.0,3.5,0
flow_101.28,55.5,3.5,0
flow_1012.30,53.5,3.5,0
flow_1012.31,41.0,4.0,0
flow_001.19,70.0,3.5,0
flow_201.34,75.5,3.5,0
flow_001.20,69.5,3.0,0
flow_201.35,75.5,3.0,0
flow_20.25,72.0,3.0,0
flow_001.21,68.5,3.0,0
flow_20.26,70.0,2.5,0
flow_0012.19,70.5,6.5,0
flow_20.27,73.0,5.5,0
flow_001.22,67.5,3.0,0
flow_2012.22,50.5,5.0,0
flow_001.23,50.5,4.0,0
flow_00.19,47.0,3.0,0
flow_00.20,43.5,3.0,0
flow_2012.23,27.0,5.0,0
flow_20.28,24.0,2.5,0
flow_00.21,37.5,5.5,0
flow_20.29,21.5,2.0,0
flow_00.22,27.5,3.5,0
flow_0012.20,25.5,3.5,0
flow_101.29,83.0,3.5,0
flow_301.12,61.5,3.5,0
flow_3012.18,48.0,4.0,0
flow_101.30,85.0,6.5,0
flow_3012.19,50.5,5.0,0
flow_10.21,81.5,3.5,0
flow_101.31,82.0,2.5,0
flow_10.22,79.0,3.0,0
flow_1012.32,79.5,3.5,0
flow_10.23,76.5,2.5,0
flow_301.13,25.5,3.0,0
flow_101.32,76.0,2.5,0
flow_101.33,75.5,3.0,0
flow_10.24,73.0,2.5,0
flow_1012.33,72.5,3.5,0
flow_1012.34,72.0,4.5,0
flow_20.30,73.0,4.0,0
flow_0012.21,76.5,7.5,0
flow_001.24,75.5,3.5,0
flow_00.23,72.5,3.0,0
flow_201.36,77.5,3.0,0
flow_20.31,74.5,3.0,0
flow_0012.22,75.5,5.0,0
flow_20.32,77.0,5.5,0
flow_001.25,72.5,2.5,0
flow_201.37,50.0,3.0,0
flow_001.26,70.5,3.0,0
flow_201.38,41.5,3.0,0
flow_0012.23,71.0,5.5,0
flow_2012.24,40.0,4.0,0
flow_001.27,70.0,3.0,0
flow_00.24,62.5,3.0,0
flow_20.33,22.5,2.0,0
flow_001.28,56.0,3.0,0
flow_10.25,84.0,4.0,0
flow_301.14,61.0,3.5,0
flow_1012.35,80.5,4.0,0
flow_101.34,78.0,3.0,0
flow_301.15,64.0,6.5,0
flow_1012.36,78.0,4.0,0
flow_1012.37,77.0,4.0,0
flow_101.35,74.5,3.0,0
flow_301.16,69.0,4.0,0
flow_1012.38,73.5,4.0,0
flow_10.26,69.5,2.5,0
flow_301.17,67.5,3.5,0
flow_1012.39,72.0,4.0,0
flow_101.36,69.5,3.0,0
flow_301.18,57.5,4.0,0
flow_1012.40,69.5,4.5,0
flow_1012.41,68.0,4.5,0
flow_10.27,32.0,3.0,0
flow_301.19,43.0,4.5,0
flow_1012.42,31.5,4.0,0
flow_20.34,52.5,4.0,0
flow_001.29,47.0,3.5,0
flow_2012.25,46.5,4.0,0
flow_001.30,50.5,6.5,0
flow_2012.26,48.5,5.0,0
flow_001.31,48.0,4.0,0
flow_201.39,25.0,2.5,0
flow_001.32,32.0,3.0,0
flow_201.40,26.5,3.0,0
flow_0012.24,24.5,3.0,0
flow_301.20,76.5,3.5,0
flow_1012.43,78.0,6.0,0
flow_10.28,74.5,3.5,0
flow_30.15,77.5,3.5,0
flow_1012.44,76.0,4.0,0
flow_10.29,72.5,3.0,0
flow_30.16,79.5,6.0,0
flow_3012.20,79.5,5.5,0
flow_3012.21,79.5,4.5,0
flow_3012.22,44.0,4.0,0
flow_301.21,41.0,2.5,0
flow_30.17,38.5,2.5,0
flow_101.37,83.0,4.0,0
flow_10.30,80.0,3.0,0
flow_30.18,30.5,2.5,0
flow_101.38,80.0,2.5,0
flow_10.31,77.0,2.5,0
flow_30.19,21.5,2.0,0
flow_301.22,26.0,3.0,0
flow_10.32,76.0,2.5,0
flow_10.33,74.5,2.5,0
flow_20.35,66.0,4.0,0
flow_001.33,72.0,3.5,0
flow_00.25,70.0,3.0,0
flow_201.41,67.0,3.0,0
flow_20.36,55.5,3.0,0
flow_001.34,62.0,3.0,0
flow_00.26,52.5,3.0,0
flow_201.42,57.0,3.0,0
flow_001.35,36.0,3.0,0
flow_0012.25,31.0,3.5,0
flow_00.27,26.5,2.5,0
flow_0012.26,31.0,4.0,0
flow_20.37,21.0,1.5,0
flow_201.43,25.0,2.5,0
flow_00.28,21.0,1.5,0
flow_10.34,120.5,4.0,0
flow_30.20,72.0,4.0,0
flow_30.21,62.0,3.0,0
flow_101.39,103.5,3.0,0
flow_10.35,89.0,3.0,0
flow_301.23,32.5,2.5,0
flow_1012.45,88.0,3.5,0
flow_3012.23,32.0,3.5,0
flow_10.36,84.5,2.5,0
flow_301.24,30.5,3.0,0
flow_1012.46,84.5,4.0,0
flow_101.40,78.0,3.0,0
flow_101.41,75.5,2.5,0
flow_1012.47,65.0,3.0,0
flow_10.37,62.0,2.5,0
flow_10.38,60.5,2.5,0
flow_301.25,25.5,3.0,0
flow_101.42,59.5,2.0,0
flow_1012.48,30.0,3.0,0
flow_30.22,25.0,5.0,0
flow_101.43,26.5,2.5,0
flow_10.39,24.0,2.0,0
flow_0012.27,71.0,4.0,0
flow_2012.27,76.0,4.5,0
flow_0012.28,52.0,3.5,0
flow_001.36,52.5,3.5,0
flow_201.44,78.5,4.0,0
flow_0012.29,48.5,4.5,0
flow_2012.28,78.0,4.0,0
flow_00.29,43.0,3.5,0
flow_201.45,40.5,3.0,0
flow_0012.30,43.5,3.5,0
flow_001.37,42.0,3.0,0
flow_201.46,42.0,6.5,0
flow_20.38,37.5,3.5,0
flow_2012.29,35.5,3.5,0
flow_0012.31,24.0,3.0,0
flow_2012.30,35.5,3.5,0
flow_20.39,32.0,2.5,0
flow_20.40,31.0,2.5,0
flow_001.38,25.0,2.5,0
flow_2012.31,28.5,4.5,0
flow_30.23,38.5,4.0,0
flow_101.44,71.0,3.5,0
flow_301.26,35.0,3.0,0
flow_1012.49,73.5,5.0,0
flow_101.45,70.5,2.5,0
flow_1012.50,70.5,4.0,0
flow_101.46,68.5,3.0,0
flow_10.40,64.5,2.5,0
flow_1012.51,64.5,3.0,0
flow_10.41,61.0,2.5,0
flow_1012.52,52.5,3.5,0
flow_10.42,40.5,2.5,0
flow_10.43,36.5,2.5,0
flow_1012.53,30.0,3.5,0
flow_101.47,26.0,2.0,0
flow_101.48,26.5,3.0,0
flow_3012.24,28.0,5.5,0
flow_00.30,31.0,3.5,0
flow_201.47,66.0,3.5,0
flow_20.41,56.5,3.0,0
flow_00.31,25.5,3.0,0
flow_2012.32,58.5,3.5,0
flow_2012.33,52.5,4.0,0
flow_201.48,47.0,2.5,0
flow_20.42,43.0,2.5,0
flow_001.39,29.0,3.5,0
flow_2012.34,32.5,3.0,0
flow_2012.35,26.0,3.5,0
flow_00.32,23.5,2.0,0
flow_001.40,26.0,3.0,0
flow_201.49,25.5,2.5,0
flow_0012.32,25.0,3.0,0
flow_2012.36,27.0,4.0,0
flow_2012.0,24.5,3.0,0
flow_201.0,27.0,3.0,0
flow_20.0,22.5,2.0,0
flow_301.0,56.5,3.5,0
flow_301.1,53.5,3.0,0
flow_3012.0,46.5,4.0,0
flow_1012.0,28.0,5.0,0
flow_30.0,43.5,2.5,0
flow_301.2,43.5,2.5,0
flow_3012.1,42.0,3.5,0
flow_1012.1,28.0,5.0,0
flow_1012.2,26.5,4.0,0
flow_301.3,45.0,4.0,0
flow_1012.3,29.0,5.5,0
flow_301.4,46.5,4.0,0
flow_301.5,45.0,3.5,0
flow_3012.2,41.0,3.5,0
flow_3012.3,36.0,3.5,0
flow_20.1,38.0,4.0,0
flow_001.0,57.5,3.5,0
flow_20.2,37.5,3.0,0
flow_0012.0,59.5,5.5,0
flow_001.1,58.5,3.0,0
flow_20.3,41.0,5.5,0
flow_2012.1,30.5,4.5,0
flow_00.0,47.5,4.0,0
flow_20.4,28.0,3.0,0
flow_0012.1,41.5,4.0,0
flow_2012.2,28.5,4.0,0
flow_2012.3,27.5,4.0,0
flow_00.1,29.5,5.5,0
flow_201.1,26.0,3.0,0
flow_0012.2,25.5,3.5,0
flow_00.2,21.5,2.0,0
flow_201.2,28.0,3.5,0
flow_001.2,27.0,3.0,0
flow_201.3,25.5,2.5,0
flow_3012.4,61.5,4.5,0
flow_1012.4,73.0,4.5,0
flow_30.1,58.0,3.0,0
flow_101.0,72.0,3.0,0
flow_3012.5,59.0,4.0,0
flow_301.6,56.0,2.5,0
flow_101.1,75.0,4.5,0
flow_10.0,48.0,5.0,0
flow_3012.6,52.0,4.5,0
flow_30.2,48.0,3.0,0
flow_10.1,32.5,3.5,0
flow_301.7,47.0,2.5,0
flow_30.3,36.0,2.5,0
flow_101.2,31.5,2.5,0
flow_10.2,28.0,2.5,0
flow_301.8,36.5,2.5,0
flow_101.3,29.5,3.0,0
flow_30.4,28.0,3.5,0
flow_3012.7,38.5,5.5,0
flow_00.3,73.0,4.0,0
flow_20.5,65.0,4.0,0
flow_001.3,68.0,2.5,0
flow_20.6,68.0,3.5,0
flow_201.4,63.5,3.0,0
flow_0012.3,70.0,5.5,0
flow_2012.4,62.5,3.5,0
flow_2012.5,56.0,4.0,0
flow_2012.6,40.0,4.5,0
flow_2012.7,37.5,4.0,0
flow_001.4,70.5,7.0,0
flow_2012.8,30.0,5.0,0
flow_0012.4,47.5,4.0,0
flow_00.4,44.5,3.0,0
flow_201.5,25.0,2.5,0
flow_20.7,22.0,2.0,0
flow_001.5,43.5,3.0,0
flow_0012.5,25.0,3.5,0
flow_3012.8,71.5,4.5,0
flow_1012.5,45.0,4.5,0
flow_301.9,66.5,3.0,0
flow_101.4,37.0,3.5,0
flow_301.10,65.5,3.0,0
flow_101.5,35.5,3.5,0
flow_3012.9,65.0,4.0,0
flow_101.6,39.5,7.0,0
flow_3012.10,68.0,6.0,0
flow_1012.6,36.0,4.0,0
flow_3012.11,62.0,5.5,0
flow_1012.7,34.5,4.0,0
flow_3012.12,60.5,4.5,0
flow_3012.13,59.0,4.0,0
flow_30.5,41.5,3.0,0
flow_3012.14,41.0,3.5,0
flow_301.11,38.0,2.5,0
flow_301.12,34.5,3.0,0
flow_20.8,67.0,4.0,0
flow_00.5,66.0,4.0,0
flow_201.6,68.5,3.0,0
flow_20.9,57.5,2.5,0
flow_201.7,69.5,3.5,0
flow_0012.6,27.0,4.5,0
flow_00.6,23.5,2.5,0
flow_00.7,22.5,2.0,0
flow_201.8,26.0,3.0,0
flow_0012.7,27.0,4.0,0
flow_0012.8,26.0,3.5,0
flow_3012.15,72.5,4.5,0
flow_301.13,67.0,3.0,0
flow_101.7,67.0,7.5,0
flow_30.6,63.0,3.0,0
flow_3012.16,63.5,3.5,0
flow_1012.8,64.0,6.0,0
flow_10.3,41.0,3.5,0
flow_301.14,59.5,3.0,0
flow_30.7,56.5,3.0,0
flow_101.8,40.0,3.0,0
flow_30.8,43.5,2.5,0
flow_101.9,39.0,3.5,0
flow_301.15,42.5,2.5,0
flow_30.9,35.0,2.5,0
flow_3012.17,35.5,3.5,0
flow_101.10,26.5,3.0,0
flow_301.16,35.5,3.0,0
flow_30.10,25.5,2.5,0
flow_101.11,26.0,2.5,0
flow_301.17,25.5,2.5,0
flow_1012.9,25.0,3.5,0
flow_201.9,72.0,3.5,0
flow_0012.9,49.5,6.5,0
flow_2012.9,68.5,4.0,0
flow_00.8,42.0,4.5,0
flow_20.10,66.0,3.0,0
flow_001.6,41.5,3.0,0
flow_00.9,36.5,3.0,0
flow_001.7,36.0,2.5,0
flow_201.10,24.5,2.5,0
flow_001.8,35.5,3.5,0
flow_0012.10,30.0,3.5,0
flow_2012.10,27.5,4.0,0
flow_0012.11,26.0,3.5,0
flow_2012.11,25.0,3.5,0
flow_3012.18,54.0,4.5,0
flow_10.4,71.0,6.5,0
flow_301.18,48.5,3.0,0
flow_101.12,65.0,3.5,0
flow_301.19,47.5,3.0,0
flow_10.5,42.5,3.0,0
flow_3012.19,47.0,3.5,0
flow_1012.10,36.5,4.0,0
flow_3012.20,40.0,3.5,0
flow_3012.21,26.5,3.5,0
flow_30.11,21.0,1.5,0
flow_30.12,22.5,2.5,0
flow_1012.11,25.5,3.5,0
flow_301.20,26.5,3.0,0
flow_30.13,22.5,2.0,0
flow_301.21,25.0,2.0,0
flow_201.11,51.0,3.5,0
flow_001.9,44.0,4.0,0
flow_2012.12,51.5,4.0,0
flow_20.11,46.5,3.0,0
flow_001.10,42.5,7.0,0
flow_2012.13,48.0,4.0,0
flow_2012.14,47.0,4.5,0
flow_20.12,44.0,3.0,0
flow_001.11,49.0,4.0,0
flow_201.12,43.5,3.0,0
flow_00.10,22.0,2.0,0
flow_2012.15,23.5,3.0,0
flow_10.6,54.5,4.0,0
flow_301.22,71.5,3.5,0
flow_101.13,35.5,3.0,0
flow_3012.22,73.5,4.5,0
flow_3012.23,72.0,4.5,0
flow_30.14,68.5,3.0,0
flow_3012.24,69.0,3.5,0
flow_301.23,67.0,3.0,0
flow_3012.25,65.5,4.0,0
flow_301.24,63.5,2.5,0
flow_301.25,25.0,2.5,0
flow_20.13,57.5,4.0,0
flow_00.11,63.0,4.0,0
flow_00.12,62.5,3.0,0
flow_2012.16,61.5,5.5,0
flow_201.13,60.5,3.0,0
flow_001.12,67.0,3.0,0
flow_00.13,59.5,3.0,0
flow_201.14,60.0,3.5,0
flow_20.14,56.0,2.5,0
flow_001.13,59.5,2.5,0
flow_2012.17,54.5,4.5,0
flow_20.15,49.5,3.5,0
flow_001.14,62.0,3.5,0
flow_2012.18,51.5,4.5,0
flow_00.14,61.5,5.0,0
flow_20.16,36.5,3.0,0
flow_00.15,60.5,3.5,0
flow_00.16,59.5,3.5,0
flow_0012.12,28.5,3.5,0
flow_2012.19,27.0,3.5,0
flow_1012.12,48.5,4.5,0
flow_301.26,67.0,7.5,0
flow_1012.13,45.0,5.5,0
flow_1012.14,43.5,4.5,0
flow_301.27,66.5,3.5,0
flow_301.28,65.5,3.0,0
flow_3012.26,26.0,3.0,0
flow_3012.27,25.0,3.5,0
flow_10.7,22.0,2.0,0
flow_101.14,26.5,2.5,0
flow_201.15,52.5,3.5,0
flow_0012.13,74.5,6.5,0
flow_2012.20,46.5,3.5,0
flow_00.17,70.0,4.0,0
flow_2012.21,48.0,6.0,0
flow_201.16,26.0,2.5,0
flow_00.18,42.0,3.0,0
flow_001.15,68.5,4.0,0
flow_2012.22,31.0,7.0,0
flow_20.17,20.5,2.0,0
flow_001.16,26.0,3.0,0
flow_201.17,25.5,2.5,0
flow_301.29,72.0,3.5,0
flow_1012.15,62.5,6.0,0
flow_101.15,60.0,3.0,0
flow_30.15,73.5,3.5,0
flow_101.16,43.0,3.0,0
flow_30.16,72.0,3.0,0
flow_10.8,37.5,2.5,0
flow_30.17,66.5,3.0,0
flow_30.18,63.5,3.0,0
flow_3012.28,61.5,4.0,0
flow_3012.29,50.0,4.5,0
flow_30.19,27.0,3.0,0
flow_301.30,27.0,2.5,0
flow_00.19,66.0,4.0,0
flow_20.18,58.0,4.0,0
flow_0012.14,68.0,4.0,0
flow_2012.23,59.5,4.0,0
flow_0012.15,41.0,4.5,0
flow_201.18,58.0,4.5,0
flow_001.17,26.0,2.5,0
flow_2012.24,56.5,4.0,0
flow_00.20,25.5,3.0,0
flow_201.19,43.0,3.0,0
flow_0012.16,25.0,3.5,0
flow_20.19,44.5,5.5,0
flow_20.20,42.5,4.0,0
flow_201.20,25.5,2.5,0
flow_30.20,70.5,4.0,0
flow_10.9,60.0,4.0,0
flow_301.31,72.5,3.0,0
flow_101.17,60.0,3.0,0
flow_301.32,72.0,3.5,0
flow_101.18,59.5,3.5,0
flow_1012.16,44.0,4.0,0
flow_30.21,72.5,6.5,0
flow_3012.30,71.5,5.0,0
flow_301.33,69.0,2.5,0
flow_301.34,69.0,3.5,0
flow_3012.31,66.5,3.5,0
flow_30.22,65.5,3.0,0
flow_301.35,63.0,3.0,0
flow_30.23,60.0,2.5,0
flow_3012.32,58.5,3.0,0
flow_30.24,31.5,2.5,0
flow_3012.33,31.5,4.0,0
flow_201.21,49.5,3.5,0
flow_001.18,75.5,3.5,0
flow_20.21,42.0,3.0,0
flow_0012.17,68.5,7.0,0
flow_001.19,50.0,3.5,0
flow_201.22,47.0,3.0,0
flow_001.20,48.5,2.5,0
flow_2012.25,44.0,4.0,0
flow_20.22,29.5,2.5,0
flow_20.23,25.0,2.5,0
flow_0012.18,25.5,3.5,0
flow_0012.19,25.5,3.0,0
flow_2012.26,24.0,3.0,0
flow_00.21,21.5,2.0,0
flow_201.23,24.0,2.5,0
flow_00.22,21.0,2.0,0
flow_30.25,75.5,4.0,0
flow_1012.17,78.5,7.5,0
flow_10.10,75.5,3.5,0
flow_301.36,79.0,3.0,0
flow_10.11,35.0,3.0,0
flow_301.37,78.0,3.0,0
flow_10.12,32.0,2.5,0
flow_3012.34,78.0,3.5,0
flow_3012.35,77.0,4.0,0
flow_30.26,73.5,3.0,0
flow_3012.36,73.5,3.5,0
flow_3012.37,72.0,3.5,0
flow_301.38,70.0,2.0,0
flow_301.39,69.0,2.5,0
flow_30.27,65.0,2.5,0
flow_3012.38,63.0,2.5,0
flow_3012.39,31.5,3.5,0
flow_1012.18,26.5,3.5,0
flow_0012.20,64.5,4.5,0
flow_20.24,72.5,6.5,0
flow_00.23,60.5,3.0,0
flow_2012.27,73.5,6.0,0
flow_201.24,69.5,3.0,0
flow_001.21,48.0,3.0,0
flow_201.25,68.5,3.0,0
flow_20.25,63.5,2.5,0
flow_001.22,47.5,3.5,0
flow_00.24,43.0,3.0,0
flow_0012.21,40.5,3.0,0
flow_2012.28,66.0,6.0,0
flow_2012.29,62.5,4.0,0
flow_20.26,46.0,3.0,0
flow_001.23,44.0,3.5,0
flow_2012.30,48.0,4.0,0
flow_201.26,45.0,2.5,0
flow_201.27,38.5,3.0,0
flow_201.28,38.0,3.5,0
flow_001.24,26.5,3.0,0
flow_30.28,74.5,4.0,0
flow_101.19,64.0,3.5,0
flow_1012.19,63.5,3.5,0
flow_3012.40,75.0,4.0,0
flow_1012.20,63.0,3.5,0
flow_3012.41,74.5,4.0,0
flow_10.13,42.0,2.5,0
flow_30.29,71.5,3.0,0
flow_30.30,71.0,2.5,0
flow_101.20,37.5,3.0,0
flow_10.14,33.5,2.5,0
flow_30.31,69.5,2.5,0
flow_10.15,25.0,2.5,0
flow_301.40,68.5,3.0,0
flow_30.32,65.5,2.5,0
flow_30.33,64.0,2.5,0
flow_30.34,62.5,3.0,0
flow_30.35,59.5,2.5,0
flow_30.36,57.0,2.5,0
flow_301.41,29.0,2.0,0
flow_30.37,24.5,2.0,0
flow_101.21,24.5,2.5,0
flow_20.27,73.0,4.0,0
flow_001.25,67.5,3.5,0
flow_00.25,43.5,3.0,0
flow_20.28,61.0,3.0,0
flow_001.26,33.5,2.5,0
flow_0012.22,32.0,3.0,0
flow_00.26,29.0,2.5,0
flow_201.29,27.0,3.0,0
flow_0012.23,30.5,4.0,0
flow_2012.31,26.5,4.0,0
flow_00.27,21.5,2.0,0
flow_001.27,25.0,2.5,0
flow_00.28,22.0,2.0,0
flow_20.29,21.0,1.5,0
flow_1012.21,61.0,4.5,0
flow_10.16,55.5,3.0,0
flow_301.42,80.5,7.5,0
flow_1012.22,56.0,4.0,0
flow_101.22,54.0,2.5,0
flow_301.43,82.0,4.0,0
flow_3012.42,80.5,4.0,0
flow_1012.23,30.0,4.0,0
flow_30.38,77.5,3.0,0
flow_30.39,75.0,2.5,0
flow_301.44,80.5,3.5,0
flow_3012.43,75.5,3.5,0
flow_30.40,70.0,3.0,0
flow_3012.44,75.0,4.0,0
flow_1012.24,27.5,6.0,0
flow_30.41,73.0,6.0,0
flow_3012.45,72.5,5.0,0
flow_00.29,46.5,4.0,0
flow_201.30,42.5,3.5,0
flow_00.30,44.0,3.0,0
flow_2012.32,43.5,5.5,0
flow_201.31,27.5,3.0,0
flow_001.28,47.5,2.5,0
flow_0012.24,23.5,3.0,0
flow_001.29,25.0,2.5,0
flow_001.30,24.5,2.5,0
flow_3012.46,118.0,4.5,0
flow_1012.25,41.5,4.5,0
flow_3012.47,85.5,4.0,0
flow_1012.26,40.5,4.0,0
flow_3012.48,82.5,4.5,0
flow_3012.49,81.0,4.5,0
flow_301.45,79.0,3.0,0
flow_101.23,47.5,7.5,0
flow_10.17,43.5,3.0,0
flow_301.46,77.5,3.0,0
flow_3012.50,76.5,4.5,0
flow_10.18,40.5,5.5,0
flow_3012.51,79.0,7.0,0
flow_301.47,78.5,3.5,0
flow_3012.52,76.5,3.5,0
flow_3012.53,76.5,4.5,0
flow_3012.54,75.0,4.5,0
flow_0012.25,40.0,4.5,0
flow_2012.33,74.5,4.5,0
flow_00.31,32.0,3.5,0
flow_201.32,44.5,3.0,0
flow_001.31,33.0,3.0,0
flow_00.32,29.0,2.5,0
flow_001.32,29.0,2.5,0
flow_001.33,27.0,3.0,0
flow_201.33,25.5,2.5,0
flow_0012.26,24.5,3.0,0
flow_2012.34,24.5,3.0,0
flow_00.33,22.0,2.0,0
flow_20.30,20.5,2.0,0
flow_2012.35,25.5,3.0,0
flow_30.42,84.5,4.0,0
flow_101.24,79.5,4.0,0
flow_00.0,22.0,2.0,0
flow_201.0,25.5,2.5,0
flow_0012.0,25.0,3.5,0
flow_2012.0,25.5,3.5,0
flow_00.1,21.5,2.0,0
flow_101.0,47.5,3.5,0
flow_301.0,49.5,4.0,0
flow_10.0,45.5,3.0,0
flow_301.1,45.0,3.5,0
flow_3012.0,37.5,3.5,0
flow_1012.0,40.0,4.0,0
flow_3012.1,38.0,4.5,0
flow_301.2,27.0,3.0,0
flow_3012.2,25.0,3.0,0
flow_301.3,28.0,3.0,0
flow_3012.3,26.0,3.5,0
flow_30.0,21.0,1.5,0
flow_2012.1,68.0,4.5,0
flow_00.2,72.5,6.5,0
flow_20.0,56.0,3.0,0
flow_00.3,72.0,4.0,0
flow_0012.1,62.5,3.5,0
flow_20.1,43.0,2.5,0
flow_2012.2,51.5,4.5,0
flow_20.2,31.0,2.5,0
flow_001.0,30.0,3.5,0
flow_20.3,30.5,2.5,0
flow_0012.2,28.5,6.0,0
flow_20.4,25.5,4.0,0
flow_0012.3,31.0,7.0,0
flow_2012.3,26.5,3.5,0
flow_20.5,23.5,2.5,0
flow_001.1,31.5,4.0,0
flow_1012.1,49.0,4.5,0
flow_3012.4,46.5,4.5,0
flow_30.1,34.5,3.0,0
flow_10.1,42.0,3.0,0
flow_10.2,29.0,3.0,0
flow_3012.5,24.0,3.0,0
flow_3012.6,24.5,3.0,0
flow_1012.2,27.5,4.0,0
flow_301.4,26.0,2.5,0
flow_301.5,26.0,3.0,0
flow_3012.7,24.5,3.0,0
flow_201.1,74.0,3.5,0
flow_001.2,47.5,3.5,0
flow_0012.4,47.0,4.0,0
flow_00.4,39.0,3.0,0
flow_201.2,66.0,6.5,0
flow_00.5,37.0,2.5,0
flow_00.6,29.0,2.5,0
flow_201.3,47.0,3.5,0
flow_201.4,46.5,3.0,0
flow_2012.4,44.0,3.5,0
flow_201.5,43.0,2.5,0
flow_001.3,27.5,3.0,0
flow_001.4,26.0,3.0,0
flow_201.6,43.5,3.0,0
flow_20.6,26.0,2.5,0
flow_201.7,25.0,2.5,0
flow_00.7,23.5,2.5,0
flow_3012.8,73.0,4.5,0
flow_101.1,69.5,7.5,0
flow_3012.9,75.5,5.5,0
flow_30.2,70.5,3.5,0
flow_101.2,56.0,4.0,0
flow_301.6,59.5,3.0,0
flow_10.3,35.5,3.0,0
flow_301.7,54.5,3.0,0
flow_10.4,28.5,3.0,0
flow_3012.10,49.0,4.5,0
flow_301.8,33.5,2.5,0
flow_30.3,30.5,2.5,0
flow_30.4,27.0,2.5,0
flow_10.5,20.5,1.5,0
flow_301.9,29.0,3.0,0
flow_10.6,22.0,2.0,0
flow_00.8,65.5,4.0,0
flow_201.8,71.0,3.5,0
flow_00.9,65.0,3.0,0
flow_20.7,64.0,3.0,0
flow_0012.5,60.0,3.5,0
flow_2012.5,65.0,3.5,0
flow_201.9,64.5,3.0,0
flow_00.10,21.5,2.0,0
flow_20.8,64.0,3.0,0
flow_2012.6,61.0,3.5,0
flow_2012.7,46.0,4.0,0
flow_20.9,31.0,2.5,0
flow_201.10,25.0,2.5,0
flow_0012.6,24.5,3.5,0
flow_301.10,69.0,3.5,0
flow_1012.3,74.0,6.5,0
flow_10.7,70.0,3.5,0
flow_301.11,66.0,3.5,0
flow_1012.4,72.0,4.5,0
flow_30.5,58.0,4.5,0
flow_3012.11,56.0,3.5,0
flow_1012.5,69.5,7.0,0
flow_1012.6,68.5,4.5,0
flow_1012.7,67.5,4.5,0
flow_1012.8,59.0,4.5,0
flow_10.8,55.5,3.0,0
flow_301.12,66.5,7.5,0
flow_1012.9,53.5,4.0,0
flow_1012.10,52.5,4.5,0
flow_101.3,48.0,2.5,0
flow_10.9,30.0,3.0,0
flow_301.13,67.5,4.5,0
flow_2012.8,65.5,4.0,0
flow_00.11,66.5,6.5,0
flow_20.10,62.5,3.0,0
flow_001.5,66.0,3.5,0
flow_0012.7,63.5,3.5,0
flow_2012.9,53.5,4.5,0
flow_0012.8,64.0,4.0,0
flow_00.12,60.0,2.5,0
flow_20.11,54.5,5.5,0
flow_001.6,60.0,2.5,0
flow_201.11,54.0,3.5,0
flow_001.7,58.0,3.0,0
flow_201.12,53.5,3.5,0
flow_20.12,49.5,3.0,0
flow_001.8,39.0,3.0,0
flow_2012.10,49.5,3.5,0
flow_20.13,45.5,2.5,0
flow_20.14,44.5,2.5,0
flow_001.9,27.0,3.0,0
flow_201.13,43.5,2.5,0
flow_2012.11,41.5,3.0,0
flow_00.13,26.0,5.0,0
flow_2012.12,35.0,6.0,0
flow_10.10,71.0,4.0,0
flow_3012.12,93.5,7.5,0
flow_10.11,62.5,5.5,0
flow_3012.13,95.5,7.0,0
flow_30.6,73.0,3.5,0
flow_3012.14,93.0,4.5,0
flow_30.7,62.0,3.0,0
flow_101.4,66.5,3.5,0
flow_1012.11,66.0,4.5,0
flow_301.14,62.0,6.5,0
flow_1012.12,59.0,5.5,0
flow_3012.15,55.5,4.0,0
flow_1012.13,58.0,4.5,0
flow_3012.16,53.5,4.0,0
flow_30.8,41.5,2.5,0
flow_10.12,50.5,4.0,0
flow_3012.17,40.5,3.0,0
flow_3012.18,40.0,3.5,0
flow_2012.13,78.0,4.5,0
flow_001.10,75.0,7.5,0
flow_2012.14,77.5,5.5,0
flow_20.15,65.0,3.0,0
flow_20.16,38.0,3.0,0
flow_001.11,66.0,4.0,0
flow_00.14,53.5,3.0,0
flow_2012.15,39.5,5.0,0
flow_0012.9,52.5,4.0,0
flow_0012.10,31.5,4.0,0
flow_201.14,36.0,4.5,0
flow_0012.11,29.0,5.5,0
flow_201.15,38.0,4.0,0
flow_20.17,34.5,3.0,0
flow_001.12,24.0,2.5,0
flow_20.18,33.5,3.0,0
flow_2012.16,24.0,2.5,0
flow_3012.19,83.5,4.5,0
flow_30.9,38.0,3.0,0
flow_101.5,70.0,7.5,0
flow_30.10,37.5,3.0,0
flow_1012.14,71.0,4.5,0
flow_30.11,30.0,5.5,0
flow_101.6,41.5,3.0,0
flow_3012.20,29.5,5.0,0
flow_101.7,24.5,2.5,0
flow_10.13,21.5,2.0,0
flow_101.8,25.5,2.5,0
flow_20.19,71.5,4.0,0
flow_001.13,25.0,2.5,0
flow_201.16,67.0,3.0,0
flow_2012.17,66.5,4.0,0
flow_20.20,63.5,2.5,0
flow_2012.18,64.5,3.5,0
flow_201.17,62.5,2.5,0
flow_2012.19,61.0,3.5,0
flow_2012.20,60.0,4.0,0
flow_2012.21,59.0,4.0,0
flow_2012.22,58.5,4.0,0
flow_2012.23,57.0,4.5,0
flow_2012.24,55.0,4.5,0
flow_201.18,30.5,2.5,0
flow_2012.25,27.0,3.0,0
flow_101.9,32.0,3.5,0
flow_1012.15,31.0,3.5,0
flow_3012.21,75.0,6.5,0
flow_30.12,69.5,4.0,0
flow_301.15,63.5,3.0,0
flow_301.16,57.0,3.5,0
flow_30.13,49.5,3.0,0
flow_301.17,39.5,2.5,0
flow_101.10,25.5,2.5,0
flow_3012.22,36.0,4.5,0
flow_3012.23,31.5,4.0,0
flow_30.14,27.5,2.5,0
flow_10.14,28.0,6.0,0
flow_301.18,27.5,2.5,0
flow_30.15,24.0,2.5,0
flow_2012.26,76.5,4.5,0
flow_001.14,73.0,7.5,0
flow_0012.12,47.5,3.5,0
flow_2012.27,78.0,5.0,0
flow_00.15,34.5,2.5,0
flow_201.19,79.0,3.5,0
flow_20.21,75.5,3.0,0
flow_001.15,27.5,2.5,0
flow_2012.28,76.5,3.5,0
flow_201.20,74.5,2.5,0
flow_2012.29,73.5,3.5,0
flow_20.22,69.5,2.5,0
flow_001.16,24.5,2.5,0
flow_201.21,69.0,2.5,0
flow_00.16,21.5,2.0,0
flow_201.22,69.5,3.0,0
flow_20.23,65.0,2.5,0
flow_20.24,61.5,2.5,0
flow_2012.30,35.0,3.5,0
flow_10.15,70.0,4.0,0
flow_30.16,56.5,4.0,0
flow_101.11,31.0,3.0,0
flow_3012.24,40.0,4.5,0
flow_101.12,31.0,3.5,0
flow_30.17,20.5,1.5,0
flow_10.16,21.5,2.0,0
flow_101.13,28.0,3.5,0
flow_30.18,22.0,2.0,0
flow_101.14,26.5,2.5,0
flow_30.19,23.5,2.0,0
flow_00.17,51.5,4.0,0
flow_20.25,77.0,4.0,0
flow_20.26,75.0,3.0,0
flow_00.18,46.5,3.0,0
flow_201.23,76.0,3.0,0
flow_0012.13,28.5,5.0,0
flow_20.27,74.5,3.5,0
flow_20.28,73.5,3.0,0
flow_20.29,67.0,3.0,0
flow_2012.31,65.0,3.0,0
flow_201.24,64.5,3.0,0
flow_201.25,42.0,3.0,0
flow_2012.32,39.0,3.5,0
flow_201.26,38.0,2.5,0
flow_001.17,28.5,4.0,0
flow_2012.33,38.5,4.5,0
flow_2012.34,34.0,4.0,0
flow_201.27,30.0,2.5,0
flow_1012.16,62.0,4.5,0
flow_10.17,33.5,3.0,0
flow_30.20,73.0,6.5,0
flow_3012.25,73.0,5.5,0
flow_10.18,35.5,5.0,0
flow_3012.26,53.0,6.5,0
flow_10.19,28.5,6.0,0
flow_301.19,36.0,3.5,0
flow_301.20,26.0,2.5,0
flow_101.15,24.5,2.5,0
flow_3012.27,26.5,4.0,0
flow_20.30,73.5,4.0,0
flow_001.18,66.0,3.5,0
flow_20.31,72.5,3.0,0
flow_0012.14,49.0,5.5,0
flow_20.32,75.0,5.5,0
flow_20.33,77.5,8.0,0
flow_0012.15,43.0,7.0,0
flow_20.34,75.5,5.0,0
flow_2012.35,64.5,4.0,0
flow_201.28,63.0,3.0,0
flow_20.35,59.0,2.5,0
flow_2012.36,58.5,3.0,0
flow_2012.37,58.5,3.0,0
flow_00.19,22.0,2.0,0
flow_201.29,50.5,3.0,0
flow_20.36,38.5,2.5,0
flow_30.21,67.0,4.0,0
flow_101.16,47.5,3.5,0
flow_30.22,65.5,3.0,0
flow_1012.17,42.5,6.0,0
flow_1012.18,25.5,3.0,0
flow_301.21,74.0,6.0,0
flow_301.22,71.0,3.0,0
flow_3012.28,69.0,3.5,0
flow_10.20,22.5,2.5,0
flow_3012.29,25.5,3.5,0
flow_101.17,27.5,3.5,0
flow_3012.30,26.5,4.0,0
flow_201.30,81.0,3.0,0
flow_0012.16,48.5,6.0,0
flow_2012.38,58.5,3.5,0
flow_0012.17,47.0,4.0,0
flow_2012.39,55.0,4.0,0
flow_0012.18,37.5,4.0,0
flow_0012.19,26.5,3.5,0
flow_20.37,41.0,5.5,0
flow_2012.40,27.5,4.0,0
flow_2012.41,25.5,3.5,0
flow_3012.31,74.5,4.5,0
flow_30.23,67.5,3.0,0
flow_101.18,75.0,7.5,0
flow_1012.19,74.5,3.5,0
flow_3012.32,45.5,4.0,0
flow_3012.33,40.5,4.0,0
flow_1012.20,73.5,3.5,0
flow_3012.34,32.0,4.0,0
flow_1012.21,73.0,3.5,0
flow_10.21,42.0,2.5,0
flow_30.24,30.5,3.5,0
flow_10.22,40.5,2.5,0
flow_1012.22,40.5,3.0,0
flow_3012.35,29.0,5.5,0
flow_1012.23,31.0,3.5,0
flow_101.19,28.5,2.5,0
flow_301.23,30.0,6.0,0
flow_3012.36,28.0,3.5,0
flow_1012.24,29.0,4.0,0
flow_001.19,63.5,3.5,0
flow_201.31,61.5,3.5,0
flow_2012.42,61.0,3.5,0
flow_20.38,58.5,3.0,0
flow_0012.20,53.5,4.5,0
flow_001.20,39.5,3.5,0
flow_00.20,35.5,3.0,0
flow_20.39,58.5,3.0,0
flow_201.32,57.0,2.5,0
flow_00.21,34.5,3.0,0
flow_20.40,36.5,2.5,0
flow_00.22,33.5,3.0,0
flow_2012.43,34.0,3.0,0
flow_201.33,34.5,3.0,0
flow_2012.44,32.5,4.0,0
flow_2012.45,29.5,3.5,0
flow_20.41,25.5,2.5,0
flow_30.25,66.5,4.0,0
flow_1012.25,72.5,7.5,0
flow_30.26,64.0,4.0,0
flow_101.20,61.5,3.5,0
flow_301.24,64.5,3.0,0
flow_1012.26,48.5,6.0,0
flow_3012.37,65.5,4.5,0
flow_1012.27,46.0,5.0,0
flow_1012.28,31.5,4.5,0
flow_1012.29,26.5,4.0,0
flow_301.25,71.0,7.0,0
flow_101.21,27.5,3.0,0
flow_3012.38,71.0,4.5,0
flow_1012.30,26.0,3.5,0
flow_10.23,21.5,2.0,0
flow_301.26,53.5,3.5,0
flow_30.27,46.5,3.0,0
flow_30.28,33.5,2.5,0
flow_00.23,67.0,4.0,0
flow_20.42,52.5,4.0,0
flow_201.34,48.0,2.5,0
flow_0012.21,58.0,4.5,0
flow_00.24,53.0,3.0,0
flow_201.35,33.5,3.5,0
flow_001.21,51.5,3.0,0
flow_2012.46,26.5,3.5,0
flow_00.25,51.0,5.5,0
flow_001.22,25.0,2.0,0
flow_201.36,25.5,2.5,0
flow_2012.47,23.5,2.5,0
flow_2012.48,24.0,3.0,0
flow_00.26,21.5,2.0,0
flow_20.43,21.0,2.0,0
flow_2012.49,24.5,3.0,0
flow_301.27,82.5,3.5,0
flow_101.22,62.5,3.5,0
flow_3012.39,82.5,4.0,0
flow_30.29,74.0,3.0,0
flow_301.28,63.0,2.5,0
flow_30.30,58.5,2.5,0
flow_30.31,53.5,2.5,0
flow_301.29,43.5,2.5,0
flow_301.30,42.5,2.5,0
flow_3012.40,40.0,3.0,0
flow_3012.41,39.5,4.0,0
flow_30.32,35.5,2.5,0
flow_30.33,33.0,3.0,0
flow_101.23,28.5,3.5,0
flow_301.31,29.5,2.5,0
flow_30.34,25.5,2.5,0
flow_3012.42,26.5,3.5,0
flow_00.27,65.5,4.0,0
flow_201.37,32.5,3.5,0
flow_201.38,32.0,3.5,0
flow_00.28,56.0,3.5,0
flow_0012.22,62.5,6.0,0
flow_001.23,45.5,2.5,0
flow_2012.50,30.0,5.5,0
flow_201.39,25.5,2.5,0
flow_001.24,24.5,2.5,0
flow_2012.51,24.0,3.0,0
flow_201.40,25.5,2.5,0
flow_0012.23,25.5,3.5,0
flow_20.0,21.5,2.0,0
flow_201.0,27.5,3.0,0
flow_0012.0,27.5,4.0,0
flow_00.0,21.0,2.0,0
flow_30.0,47.0,4.0,0
flow_101.0,33.0,3.5,0
flow_1012.0,26.5,3.5,0
flow_30.1,49.5,5.5,0
flow_30.2,48.0,4.0,0
flow_101.1,24.5,2.0,0
flow_1012.1,23.5,3.0,0
flow_2012.0,59.5,4.0,0
flow_00.1,66.0,6.5,0
flow_2012.1,53.0,5.5,0
flow_001.0,70.0,4.0,0
flow_20.1,46.5,3.0,0
flow_00.2,63.0,3.0,0
flow_201.1,54.0,4.0,0
flow_201.2,35.0,2.5,0
flow_0012.1,65.0,4.5,0
flow_20.2,34.5,4.5,0
flow_001.1,62.5,3.0,0
flow_2012.2,29.5,4.0,0
flow_00.3,62.5,5.5,0
flow_0012.2,62.0,4.0,0
flow_0012.3,60.0,4.0,0
flow_0012.4,59.0,4.0,0
flow_00.4,55.0,2.5,0
flow_20.3,26.5,5.5,0
flow_001.2,54.0,2.0,0
flow_20.4,25.5,3.0,0
flow_1012.2,74.0,4.5,0
flow_30.3,69.5,6.5,0
flow_10.0,63.5,3.0,0
flow_30.4,66.5,4.0,0
flow_1012.3,49.0,4.0,0
flow_10.1,29.0,3.0,0
flow_1012.4,25.5,3.5,0
flow_1012.5,27.0,4.0,0
flow_3012.0,24.5,3.0,0
flow_101.2,29.5,6.0,0
flow_2012.3,62.0,4.0,0
flow_201.3,50.0,3.0,0
flow_001.3,106.0,7.0,0
flow_2012.4,42.0,4.0,0
flow_00.5,93.0,6.0,0
flow_201.4,36.0,2.5,0
flow_00.6,86.5,4.0,0
flow_00.7,84.5,3.0,0
flow_001.4,83.0,3.0,0
flow_001.5,81.0,2.5,0
flow_00.8,80.0,2.5,0
flow_0012.5,78.0,3.0,0
flow_0012.6,77.0,3.5,0
flow_00.9,72.5,2.5,0
flow_001.6,75.0,3.0,0
flow_001.7,73.5,3.5,0
flow_001.8,34.0,3.5,0
flow_10.2,76.0,4.0,0
flow_3012.1,49.0,6.5,0
flow_10.3,78.0,4.5,0
flow_3012.2,34.0,7.0,0
flow_101.3,82.5,3.5,0
flow_10.4,74.0,3.0,0
flow_101.4,73.5,2.5,0
flow_101.5,67.0,3.5,0
flow_10.5,32.0,2.5,0
flow_101.6,32.0,2.5,0
flow_10.6,30.0,2.5,0
flow_20.5,69.5,4.0,0
flow_0012.7,82.0,8.0,0
flow_001.9,78.0,3.5,0
flow_00.10,74.5,3.0,0
flow_201.5,43.5,3.0,0
flow_20.6,22.0,2.0,0
flow_001.10,75.5,3.0,0
flow_0012.8,74.5,4.0,0
flow_0012.9,72.5,4.0,0
flow_00.11,69.0,2.5,0
flow_20.7,22.5,2.0,0
flow_001.11,69.0,2.5,0
flow_00.12,64.5,2.5,0
flow_00.13,61.5,2.5,0
flow_00.14,54.0,3.0,0
flow_0012.10,62.0,3.5,0
flow_00.15,30.0,2.5,0
flow_001.12,28.5,2.5,0
flow_3012.3,35.5,4.0,0
flow_1012.6,71.5,4.5,0
flow_3012.4,34.5,3.5,0
flow_1012.7,70.5,4.0,0
flow_1012.8,63.0,4.0,0
flow_10.7,57.5,3.0,0
flow_301.0,38.0,4.0,0
flow_101.7,49.0,3.0,0
flow_30.5,35.5,3.0,0
flow_1012.9,50.0,5.0,0
flow_10.8,45.5,3.0,0
flow_301.1,38.0,3.5,0
flow_101.8,33.0,2.5,0
flow_1012.10,33.0,4.0,0
flow_301.2,31.0,7.0,0
flow_1012.11,24.5,3.0,0
flow_00.16,72.5,4.0,0
flow_201.6,25.5,2.5,0
flow_0012.11,74.0,4.0,0
flow_00.17,70.0,3.0,0
flow_001.13,70.5,2.5,0
flow_001.14,70.0,3.0,0
flow_00.18,66.0,2.5,0
flow_0012.12,67.0,3.5,0
flow_001.15,64.5,2.5,0
flow_201.7,28.0,3.5,0
flow_0012.13,66.0,4.5,0
flow_001.16,61.5,2.5,0
flow_001.17,61.5,3.0,0
flow_0012.14,60.5,4.5,0
flow_00.19,30.0,3.0,0
flow_00.20,27.0,3.0,0
flow_30.6,35.0,4.0,0
flow_1012.12,73.5,7.5,0
flow_101.9,66.0,3.5,0
flow_101.10,61.5,3.0,0
flow_101.11,25.5,2.5,0
flow_20.8,53.0,4.0,0
flow_0012.15,79.0,7.5,0
flow_00.21,76.0,3.5,0
flow_201.8,52.5,3.0,0
flow_0012.16,78.5,4.5,0
flow_2012.5,30.0,3.5,0
flow_001.18,77.5,3.5,0
flow_001.19,77.0,3.0,0
flow_001.20,76.0,3.5,0
flow_001.21,74.5,3.5,0
flow_001.22,73.5,3.0,0
flow_2012.6,26.0,4.0,0
flow_00.22,69.0,5.5,0
flow_001.23,64.0,3.5,0
flow_001.24,62.5,3.5,0
flow_301.3,25.5,2.5,0
flow_101.12,24.5,2.5,0
flow_0012.17,110.0,4.5,0
flow_001.25,87.5,3.0,0
flow_0012.18,82.0,3.5,0
flow_00.23,79.0,2.5,0
flow_001.26,79.0,2.5,0
flow_0012.19,77.0,3.0,0
flow_0012.20,59.0,4.0,0
flow_00.24,50.5,2.5,0
flow_0012.21,50.0,3.0,0
flow_0012.22,25.5,3.5,0
flow_001.27,24.5,2.5,0
flow_3012.5,51.0,4.0,0
flow_301.4,34.5,3.0,0
flow_3012.6,33.5,3.5,0
flow_30.7,21.0,1.5,0
flow_301.5,26.0,3.0,0
flow_101.13,26.0,3.0,0
flow_201.9,73.5,4.0,0
flow_0012.23,75.5,7.0,0
flow_001.28,67.5,3.5,0
flow_00.25,52.5,2.5,0
flow_00.26,51.5,3.0,0
flow_0012.24,37.0,3.0,0
flow_2012.7,25.5,4.0,0
flow_00.27,21.5,2.0,0
flow_001.29,26.0,2.5,0
flow_00.28,23.0,2.0,0
flow_20.9,21.0,1.5,0
flow_0012.25,24.5,3.5,0
flow_301.6,43.5,3.5,0
flow_101.14,68.5,3.5,0
flow_30.8,42.5,3.0,0
flow_301.7,26.5,3.0,0
flow_1012.13,26.5,4.5,0
flow_101.15,26.5,3.0,0
flow_2012.8,73.0,4.5,0
flow_00.29,74.0,6.5,0
flow_20.10,71.0,3.0,0
flow_00.30,73.5,4.0,0
flow_20.11,70.0,3.0,0
flow_001.30,71.5,2.5,0
flow_001.31,70.5,3.0,0
flow_00.31,67.0,2.5,0
flow_00.32,58.0,3.0,0
flow_0012.26,69.5,4.0,0
flow_0012.27,55.0,3.5,0
flow_00.33,38.0,2.0,0
flow_00.34,32.5,2.5,0
flow_001.32,41.5,3.0,0
flow_0012.28,27.5,3.0,0
flow_00.35,25.5,2.5,0
flow_10.9,64.5,4.0,0
flow_101.16,57.5,3.0,0
flow_10.10,47.0,3.0,0
flow_30.9,21.5,2.0,0
flow_3012.7,24.5,3.0,0
flow_301.8,25.5,2.5,0
flow_20.12,21.0,1.5,0
flow_001.33,76.0,3.5,0
flow_001.34,69.0,3.0,0
flow_001.35,62.5,3.0,0
flow_00.36,48.0,2.5,0
flow_00.37,43.5,2.5,0
flow_201.10,27.0,3.0,0
flow_2012.9,25.5,3.0,0
flow_3012.8,68.5,4.0,0
flow_30.10,56.0,3.0,0
flow_301.9,32.5,2.5,0
flow_10.11,22.0,2.0,0
flow_1012.14,25.0,3.5,0
flow_1012.15,24.5,3.0,0
flow_0012.29,69.5,4.5,0
flow_2012.10,57.5,4.5,0
flow_201.11,55.5,3.0,0
flow_001.36,63.5,3.5,0
flow_0012.30,62.0,4.0,0
flow_2012.11,50.5,4.0,0
flow_001.37,61.0,3.5,0
flow_201.12,48.5,3.5,0
flow_20.13,36.0,3.0,0
flow_00.38,38.5,3.0,0
flow_001.38,38.5,3.0,0
flow_2012.12,25.0,3.0,0
flow_001.39,33.0,6.0,0
flow_00.39,27.0,3.0,0
flow_0012.31,27.0,3.0,0
flow_001.40,26.5,2.5,0
flow_00.40,22.5,2.0,0
flow_00.41,22.0,2.0,0
flow_30.11,69.0,4.0,0
flow_3012.9,69.0,3.5,0
flow_1012.16,63.5,7.5,0
flow_10.12,58.5,3.5,0
flow_301.10,54.0,2.5,0
flow_3012.10,42.0,3.5,0
flow_1012.17,24.5,3.0,0
flow_301.11,26.5,2.5,0
flow_301.12,25.5,2.5,0
flow_201.13,72.5,3.5,0
flow_001.41,72.5,3.5,0
flow_0012.32,71.5,4.0,0
flow_201.14,57.0,7.0,0
flow_0012.33,74.0,5.0,0
flow_00.42,60.5,3.5,0
flow_00.43,59.5,3.0,0
flow_0012.34,52.5,3.0,0
flow_001.42,53.0,2.5,0
flow_001.43,51.5,3.0,0
flow_00.44,47.5,2.5,0
flow_00.45,43.5,2.5,0
flow_0012.35,42.5,3.0,0
flow_001.44,41.5,2.5,0
flow_00.46,30.0,2.5,0
flow_00.47,27.5,2.5,0
flow_10.13,68.5,4.0,0
flow_30.12,71.5,4.0,0
flow_10.14,52.5,3.0,0
flow_3012.11,73.0,6.0,0
flow_301.13,49.0,3.0,0
flow_30.13,35.0,3.0,0
flow_101.17,58.5,3.0,0
flow_301.14,32.0,2.5,0
flow_101.18,52.5,3.0,0
flow_2012.13,63.0,4.0,0
flow_00.48,76.5,6.5,0
flow_20.14,43.5,3.0,0
flow_00.49,76.5,4.0,0
flow_0012.36,67.0,4.0,0
flow_001.45,62.5,2.5,0
flow_00.50,59.5,2.5,0
flow_00.51,58.5,3.0,0
flow_0012.37,56.0,3.5,0
flow_00.52,53.5,2.5,0
flow_001.46,49.5,3.0,0
flow_0012.38,47.0,3.5,0
flow_0012.39,46.5,4.0,0
flow_0012.40,44.0,4.0,0
flow_00.53,28.5,3.0,0
flow_00.54,22.5,2.0,0
flow_201.15,25.5,2.5,0
flow_3012.12,70.0,4.5,0
flow_1012.18,67.0,4.5,0
flow_1012.19,44.5,3.5,0
flow_30.14,71.0,6.0,0
flow_3012.13,70.0,4.5,0
flow_30.15,60.5,3.5,0
flow_10.15,21.5,2.0,0
flow_1012.20,23.5,2.5,0
flow_10.16,21.0,1.5,0
flow_201.16,72.0,3.5,0
flow_001.47,52.0,3.5,0
flow_20.15,42.5,3.0,0
flow_0012.41,54.5,7.0,0
flow_001.48,52.5,3.0,0
flow_00.55,44.5,3.0,0
flow_0012.42,40.0,3.5,0
flow_0012.43,32.0,3.5,0
flow_00.56,26.5,2.5,0
flow_0012.44,25.5,3.0,0
flow_20.0,21.5,2.0,0
flow_2012.0,23.5,3.0,0
flow_301.0,52.5,3.5,0
flow_30.0,47.5,3.0,0
flow_30.1,32.5,3.0,0
flow_3012.0,32.5,3.0,0
flow_101.0,29.0,5.5,0
flow_30.2,21.0,1.5,0
flow_30.3,22.0,2.0,0
flow_1012.0,24.0,3.0,0
flow_301.1,26.0,3.0,0
flow_301.2,26.0,2.5,0
flow_301.3,27.0,2.5,0
flow_2012.1,55.5,4.0,0
flow_201.0,49.0,3.0,0
flow_001.0,64.5,7.0,0
flow_2012.2,47.5,4.0,0
flow_2012.3,46.5,4.0,0
flow_001.1,65.5,7.0,0
flow_2012.4,37.0,5.5,0
flow_001.2,65.0,4.0,0
flow_0012.0,36.0,3.5,0
flow_0012.1,34.0,3.5,0
flow_30.4,72.5,4.0,0
flow_10.0,63.5,4.0,0
flow_301.4,74.5,3.5,0
flow_30.5,73.0,3.0,0
flow_1012.1,53.5,5.5,0
flow_301.5,73.5,2.5,0
flow_301.6,72.5,3.0,0
flow_1012.2,27.0,5.5,0
flow_30.6,71.0,3.5,0
flow_10.1,23.5,2.0,0
flow_301.7,70.5,2.5,0
flow_3012.1,48.5,3.5,0
flow_301.8,48.5,3.5,0
flow_301.9,47.0,3.5,0
flow_3012.2,32.0,4.0,0
flow_3012.3,25.5,3.5,0
flow_00.0,71.0,4.0,0
flow_201.1,47.5,3.5,0
flow_0012.2,71.5,4.0,0
flow_001.3,42.0,3.0,0
flow_00.1,26.5,2.5,0
flow_2012.5,25.5,3.5,0
flow_201.2,25.5,2.5,0
flow_30.7,71.0,4.0,0
flow_10.2,67.5,4.0,0
flow_30.8,70.5,3.0,0
flow_10.3,48.0,3.0,0
flow_101.1,35.0,3.0,0
flow_1012.3,24.0,2.5,0
flow_3012.4,73.5,5.5,0
flow_30.9,70.0,3.5,0
flow_301.10,66.0,3.0,0
flow_30.10,62.0,3.0,0
flow_10.4,21.0,1.5,0
flow_301.11,58.0,3.0,0
flow_30.11,45.5,2.5,0
flow_30.12,44.0,2.5,0
flow_101.2,25.0,2.5,0
flow_30.13,33.0,3.0,0
flow_3012.5,29.5,3.0,0
flow_301.12,29.5,3.5,0
flow_301.13,28.0,3.5,0
flow_20.1,68.5,4.0,0
flow_00.2,51.0,4.0,0
flow_20.2,68.5,3.0,0
flow_2012.6,67.5,3.5,0
flow_201.3,53.0,3.0,0
flow_201.4,41.0,3.0,0
flow_0012.3,25.0,3.0,0
flow_00.3,20.5,1.5,0
flow_30.14,73.5,4.0,0
flow_101.3,65.0,3.5,0
flow_10.5,57.0,3.0,0
flow_301.14,74.5,3.0,0
flow_10.6,52.0,3.0,0
flow_1012.4,50.5,3.5,0
flow_3012.6,73.5,6.0,0
flow_30.15,69.5,3.5,0
flow_301.15,37.5,3.0,0
flow_30.16,24.0,2.5,0
flow_3012.7,29.5,4.0,0
flow_101.4,25.5,2.5,0
flow_101.5,24.5,2.0,0
flow_30.17,21.0,1.5,0
flow_2012.7,31.5,4.0,0
flow_00.4,55.5,6.5,0
flow_201.5,30.5,2.5,0
flow_10.7,60.5,4.0,0
flow_301.16,36.0,3.5,0
flow_10.8,54.5,3.0,0
flow_10.9,48.5,3.0,0
flow_10.10,47.0,3.0,0
flow_10.11,21.0,2.0,0
flow_301.17,24.0,2.5,0
flow_3012.8,23.5,2.5,0
flow_101.6,25.5,2.5,0
flow_301.18,24.0,2.5,0
flow_2012.8,67.0,4.5,0
flow_20.3,27.5,3.0,0
flow_001.4,29.0,3.5,0
flow_0012.4,26.0,3.5,0
flow_201.6,29.5,6.5,0
flow_201.7,29.5,3.5,0
flow_10.12,41.0,4.0,0
flow_301.19,72.5,3.5,0
flow_30.18,70.0,3.0,0
flow_10.13,37.0,3.0,0
flow_10.14,34.0,3.0,0
flow_301.20,70.5,3.0,0
flow_3012.9,70.5,4.0,0
flow_3012.10,68.5,4.0,0
flow_3012.11,67.0,3.5,0
flow_30.19,64.5,3.0,0
flow_10.15,22.0,2.0,0
flow_3012.12,59.0,4.5,0
flow_3012.13,58.0,4.0,0
flow_301.21,56.0,3.0,0
flow_3012.14,54.5,3.0,0
flow_301.22,52.0,2.5,0
flow_30.20,30.5,2.5,0
flow_3012.15,28.0,3.0,0
flow_00.5,70.5,4.0,0
flow_201.8,46.0,3.5,0
flow_001.5,49.0,3.0,0
flow_20.4,21.0,2.0,0
flow_201.9,26.0,3.0,0
flow_001.6,27.5,3.0,0
flow_00.6,20.5,1.5,0
flow_201.10,27.0,3.0,0
flow_301.23,75.5,3.5,0
flow_101.7,47.0,3.5,0
flow_301.24,75.0,3.0,0
flow_301.25,62.0,3.0,0
flow_3012.16,45.0,3.5,0
flow_301.26,42.0,3.0,0
flow_301.27,35.0,3.0,0
flow_30.21,31.5,3.0,0
flow_30.22,27.0,3.0,0
flow_101.8,26.5,3.0,0
flow_10.16,21.5,2.0,0
flow_10.17,22.0,2.0,0
flow_301.28,25.5,2.5,0
flow_20.5,55.5,4.0,0
flow_001.7,62.5,3.5,0
flow_2012.9,51.5,3.5,0
flow_001.8,46.0,6.5,0
flow_00.7,42.5,3.5,0
flow_301.29,63.5,3.5,0
flow_1012.5,75.0,6.5,0
flow_101.9,30.5,3.0,0
flow_301.30,65.5,3.5,0
flow_30.23,63.0,3.0,0
flow_101.10,29.5,3.0,0
flow_10.18,23.0,2.0,0
flow_301.31,51.0,3.0,0
flow_101.11,24.5,2.0,0
flow_301.32,42.5,3.0,0
flow_301.33,40.5,3.5,0
flow_301.34,32.0,3.0,0
flow_3012.17,30.5,3.5,0
flow_3012.18,30.0,3.5,0
flow_301.35,27.5,2.5,0
flow_301.36,26.5,2.5,0
flow_30.24,22.5,2.0,0
flow_00.8,62.5,4.0,0
flow_201.11,66.0,3.5,0
flow_0012.5,61.5,3.5,0
flow_00.9,26.5,2.5,0
flow_20.6,67.5,6.0,0
flow_2012.10,65.0,5.0,0
flow_201.12,43.0,3.0,0
flow_001.9,30.5,3.5,0
flow_2012.11,44.0,4.5,0
flow_001.10,25.0,2.5,0
flow_201.13,27.5,3.0,0
flow_10.19,42.5,4.0,0
flow_301.37,75.0,3.5,0
flow_10.20,30.0,3.0,0
flow_301.38,75.5,3.0,0
flow_30.25,61.5,3.0,0
flow_301.39,61.5,2.5,0
flow_3012.19,60.0,3.0,0
flow_3012.20,58.5,3.5,0
flow_30.26,44.5,2.5,0
flow_30.27,43.0,2.5,0
flow_101.12,29.0,5.5,0
flow_30.28,42.5,2.5,0
flow_3012.21,43.0,3.5,0
flow_30.29,33.0,3.0,0
flow_3012.22,38.0,4.0,0
flow_3012.23,30.0,3.5,0
flow_301.40,25.0,2.0,0
flow_3012.24,24.0,3.0,0
flow_0012.6,70.0,4.0,0
flow_20.7,75.0,6.5,0
flow_001.11,62.5,3.0,0
flow_00.10,26.5,3.0,0
flow_2012.12,40.0,5.0,0
flow_20.8,23.5,2.0,0
flow_001.12,27.0,2.5,0
flow_201.14,25.5,2.5,0
flow_2012.13,23.5,2.5,0
flow_0012.7,25.0,3.0,0
flow_201.15,25.5,2.5,0
flow_30.30,64.0,4.0,0
flow_301.41,64.5,3.0,0
flow_301.42,64.0,3.0,0
flow_301.43,55.5,3.0,0
flow_3012.25,54.5,3.5,0
flow_3012.26,53.5,4.0,0
flow_30.31,49.5,2.5,0
flow_30.32,47.5,2.5,0
flow_301.44,46.0,2.0,0
flow_30.33,40.0,2.0,0
flow_201.16,60.5,3.5,0
flow_001.13,56.5,3.5,0
flow_00.11,24.5,2.5,0
flow_20.9,57.0,3.0,0
flow_201.17,36.5,3.0,0
flow_201.18,24.5,2.0,0
flow_0012.8,25.0,3.0,0
flow_1012.6,57.5,4.0,0
flow_30.34,74.0,6.5,0
flow_1012.7,46.0,5.5,0
flow_30.35,75.5,7.0,0
flow_101.13,44.0,3.0,0
flow_30.36,64.0,4.5,0
flow_10.21,42.0,2.5,0
flow_301.45,59.5,3.0,0
flow_1012.8,30.5,4.0,0
flow_30.37,61.0,3.5,0
flow_301.46,46.5,2.5,0
flow_3012.27,42.0,3.5,0
flow_30.38,38.5,2.5,0
flow_3012.28,39.5,3.5,0
flow_3012.29,39.5,4.0,0
flow_10.22,26.0,5.5,0
flow_3012.30,40.5,6.5,0
flow_10.23,28.5,6.5,0
flow_2012.14,67.5,4.5,0
flow_0012.9,56.5,4.5,0
flow_20.10,45.5,3.0,0
flow_00.12,41.0,3.0,0
flow_00.13,22.0,2.0,0
flow_10.24,69.0,4.0,0
flow_301.47,86.5,3.5,0
flow_101.14,60.5,3.0,0
flow_301.48,79.5,3.0,0
flow_101.15,59.5,3.0,0
flow_3012.31,81.0,6.0,0
flow_30.39,77.5,3.5,0
flow_10.25,54.0,3.5,0
flow_10.26,46.0,3.0,0
flow_3012.32,77.0,6.5,0
flow_10.27,48.0,6.0,0
flow_101.16,36.5,3.0,0
flow_301.49,78.0,4.0,0
flow_3012.33,60.0,4.5,0
flow_30.40,33.5,2.5,0
flow_301.50,38.0,3.0,0
flow_30.41,33.0,2.5,0
flow_301.51,31.5,2.0,0
flow_3012.34,31.0,3.0,0
flow_2012.15,69.5,4.0,0
flow_0012.10,61.5,4.0,0
flow_00.14,29.0,3.0,0
flow_2012.16,71.5,6.0,0
flow_201.19,63.0,3.0,0
flow_001.14,32.5,3.0,0
flow_301.52,78.0,3.5,0
flow_1012.9,70.0,6.5,0
flow_3012.35,77.0,4.0,0
flow_10.28,68.0,4.0,0
flow_3012.36,78.5,6.0,0
flow_30.42,73.0,3.5,0
flow_101.17,73.5,3.5,0
flow_10.29,63.5,4.0,0
flow_3012.37,76.0,5.0,0
flow_301.53,73.5,3.0,0
flow_101.18,45.0,3.0,0
flow_3012.38,74.5,6.0,0
flow_3012.39,73.0,4.5,0
flow_30.43,71.0,3.0,0
flow_3012.40,69.0,3.5,0
flow_301.54,67.5,2.5,0
flow_3012.41,59.0,4.0,0
flow_2012.17,64.0,4.0,0
flow_201.20,56.5,2.5,0
flow_001.15,72.0,7.5,0
flow_201.21,40.5,3.0,0
flow_201.22,37.5,3.0,0
flow_001.16,25.5,2.5,0
flow_0012.0,24.5,3.0,0
flow_001.0,25.5,2.5,0
flow_2012.0,24.5,3.0,0
flow_0012.1,26.5,3.5,0
flow_20.0,24.0,2.0,0
flow_2012.1,25.5,3.5,0
flow_301.0,28.0,3.0,0
flow_101.0,24.5,2.5,0
flow_30.0,25.5,2.5,0
flow_101.1,23.5,2.0,0
flow_301.1,26.0,3.0,0
flow_00.0,54.0,4.0,0
flow_201.0,59.0,3.5,0
flow_20.1,58.0,3.0,0
flow_001.1,39.5,3.0,0
flow_001.2,37.5,3.0,0
flow_00.1,34.0,2.5,0
flow_201.1,50.5,3.5,0
flow_201.2,48.5,3.5,0
flow_2012.2,47.5,4.0,0
flow_201.3,44.5,2.5,0
flow_20.2,41.5,2.5,0
flow_20.3,40.0,2.5,0
flow_20.4,26.5,2.5,0
flow_0012.2,26.0,4.5,0
flow_20.5,21.0,2.0,0
flow_2012.3,23.0,3.0,0
flow_101.2,61.5,3.5,0
flow_301.2,50.5,3.5,0
flow_3012.0,44.0,4.0,0
flow_10.0,43.5,6.0,0
flow_10.1,21.5,2.0,0
flow_00.2,36.5,4.0,0
flow_20.6,71.5,4.0,0
flow_201.4,71.0,3.0,0
flow_201.5,67.5,3.5,0
flow_2012.4,66.0,3.5,0
flow_201.6,60.0,2.5,0
flow_00.3,25.5,5.5,0
flow_201.7,59.5,2.5,0
flow_2012.5,57.5,4.0,0
flow_2012.6,56.0,4.5,0
flow_201.8,52.0,2.5,0
flow_201.9,52.0,3.0,0
flow_2012.7,50.0,3.5,0
flow_201.10,48.5,3.0,0
flow_2012.8,30.0,3.0,0
flow_2012.9,27.5,3.0,0
flow_301.3,59.5,4.0,0
flow_10.2,64.5,3.5,0
flow_1012.0,69.0,7.0,0
flow_30.1,51.5,3.5,0
flow_101.3,54.0,2.5,0
flow_1012.1,44.0,3.5,0
flow_3012.1,25.0,3.5,0
flow_30.2,22.0,2.0,0
flow_3012.2,25.5,3.5,0
flow_30.3,22.0,2.0,0
flow_201.11,75.5,3.5,0
flow_001.3,48.5,3.5,0
flow_00.4,42.0,3.0,0
flow_201.12,73.5,3.0,0
flow_20.7,71.0,3.0,0
flow_201.13,70.5,2.5,0
flow_201.14,62.5,3.0,0
flow_20.8,59.0,2.5,0
flow_20.9,53.0,2.5,0
flow_2012.10,51.5,2.5,0
flow_20.10,48.5,2.5,0
flow_2012.11,48.5,3.0,0
flow_20.11,24.0,2.0,0
flow_20.12,22.5,2.0,0
flow_001.4,25.0,2.5,0
flow_20.13,21.0,1.5,0
flow_10.3,61.5,4.0,0
flow_301.4,36.0,3.5,0
flow_30.4,25.0,2.5,0
flow_101.4,47.5,3.0,0
flow_1012.2,42.0,3.5,0
flow_10.4,25.0,2.5,0
flow_301.5,23.5,2.0,0
flow_10.5,21.0,1.5,0
flow_1012.3,26.5,3.5,0
flow_20.14,69.5,4.0,0
flow_001.5,59.5,3.5,0
flow_00.5,51.5,3.0,0
flow_20.15,53.5,3.5,0
flow_201.15,47.0,3.0,0
flow_001.6,43.5,3.0,0
flow_00.6,26.0,2.5,0
flow_2012.12,42.0,6.5,0
flow_201.16,40.0,3.0,0
flow_00.7,21.5,2.0,0
flow_201.17,33.5,3.5,0
flow_2012.13,26.0,3.5,0
flow_001.7,26.5,3.0,0
flow_00.8,23.0,2.0,0
flow_10.6,63.5,4.0,0
flow_30.5,59.0,4.0,0
flow_301.6,56.0,3.0,0
flow_101.5,50.5,3.0,0
flow_3012.3,55.0,3.5,0
flow_30.6,52.0,2.5,0
flow_1012.4,36.5,4.0,0
flow_10.7,20.5,1.5,0
flow_10.8,21.0,2.0,0
flow_10.9,21.0,1.5,0
flow_30.7,21.5,1.5,0
flow_00.9,44.0,4.0,0
flow_2012.14,72.5,7.5,0
flow_20.16,71.0,3.5,0
flow_201.18,70.5,2.5,0
flow_001.8,25.5,2.5,0
flow_2012.15,72.5,4.5,0
flow_2012.16,71.5,4.5,0
flow_20.17,65.5,3.0,0
flow_20.18,64.5,2.5,0
flow_20.19,63.0,2.5,0
flow_2012.17,61.0,3.5,0
flow_20.20,51.0,2.5,0
flow_20.21,42.5,2.5,0
flow_201.19,39.5,2.5,0
flow_201.20,32.0,2.5,0
flow_10.10,28.0,3.5,0
flow_3012.4,73.0,7.0,0
flow_301.7,72.5,3.0,0
flow_30.8,48.0,3.0,0
flow_30.9,22.5,2.0,0
flow_101.6,26.5,3.0,0
flow_3012.5,29.0,5.5,0
flow_3012.6,27.5,4.5,0
flow_30.10,22.0,2.0,0
flow_101.7,25.5,2.5,0
flow_3012.7,26.0,4.0,0
flow_2012.18,78.0,4.5,0
flow_20.22,76.5,3.0,0
flow_20.23,69.0,3.0,0
flow_20.24,67.5,3.0,0
flow_001.9,24.5,2.5,0
flow_2012.19,67.5,4.5,0
flow_20.25,64.5,3.5,0
flow_201.21,62.0,2.5,0
flow_201.22,61.0,3.0,0
flow_20.26,58.0,3.0,0
flow_201.23,57.0,2.5,0
flow_2012.20,50.0,3.5,0
flow_2012.21,51.5,4.0,0
flow_201.24,31.5,2.5,0
flow_2012.22,29.5,3.5,0
flow_30.11,62.0,4.0,0
flow_10.11,30.0,3.5,0
flow_301.8,37.0,3.0,0
flow_3012.8,24.5,3.0,0
flow_1012.5,25.5,3.5,0
flow_3012.9,26.5,3.5,0
flow_3012.10,26.0,3.5,0
flow_101.8,25.5,2.5,0
flow_301.9,25.5,2.5,0
flow_2012.23,76.5,4.5,0
flow_2012.24,75.0,4.0,0
flow_2012.25,74.5,4.0,0
flow_20.27,70.5,2.5,0
flow_20.28,69.5,3.0,0
flow_2012.26,69.5,3.5,0
flow_20.29,66.0,2.5,0
flow_2012.27,65.5,3.0,0
flow_201.25,64.0,2.5,0
flow_001.10,26.5,3.0,0
flow_201.26,65.0,3.0,0
flow_20.30,56.0,2.5,0
flow_001.11,26.0,3.0,0
flow_20.31,28.5,3.0,0
flow_2012.28,54.5,3.5,0
flow_201.27,29.0,3.0,0
flow_10.12,54.5,4.0,0
flow_301.10,57.0,3.5,0
flow_10.13,54.5,3.0,0
flow_1012.6,42.0,4.0,0
flow_3012.11,38.5,6.5,0
flow_3012.12,37.0,4.5,0
flow_30.12,34.5,3.0,0
flow_30.13,33.0,3.0,0
flow_3012.13,29.5,3.5,0
flow_30.14,23.0,2.5,0
flow_301.11,25.0,2.5,0
flow_101.9,27.5,3.0,0
flow_2012.29,75.0,4.0,0
flow_00.10,48.5,6.5,0
flow_20.32,73.5,3.0,0
flow_2012.30,76.0,4.5,0
flow_2012.31,74.5,4.5,0
flow_20.33,60.5,2.5,0
flow_2012.32,73.5,4.0,0
flow_00.11,28.5,6.0,0
flow_2012.33,61.5,3.5,0
flow_2012.34,61.0,4.0,0
flow_00.12,28.0,5.5,0
flow_2012.35,62.5,7.0,0
flow_2012.36,61.0,4.5,0
flow_20.34,57.0,3.0,0
flow_201.28,50.0,2.5,0
flow_201.29,35.5,3.0,0
flow_1012.7,36.5,4.5,0
flow_10.14,33.0,3.0,0
flow_30.15,74.0,6.5,0
flow_3012.14,60.5,5.5,0
flow_3012.15,54.0,4.5,0
flow_301.12,48.0,3.0,0
flow_1012.8,23.5,3.0,0
flow_3012.16,25.5,3.0,0
flow_3012.17,25.0,3.0,0
flow_20.35,79.0,4.0,0
flow_001.12,48.0,3.5,0
flow_00.13,35.0,3.0,0
flow_201.30,79.5,3.0,0
flow_20.36,75.5,3.0,0
flow_001.13,25.0,2.5,0
flow_2012.37,75.0,5.5,0
flow_201.31,67.0,3.0,0
flow_20.37,63.5,3.0,0
flow_20.38,60.0,2.5,0
flow_201.32,58.5,2.5,0
flow_20.39,40.0,2.5,0
flow_201.33,55.0,3.0,0
flow_201.34,42.5,3.0,0
flow_201.35,33.0,4.0,0
flow_201.36,31.5,4.0,0
flow_3012.18,45.5,4.0,0
flow_1012.9,25.0,3.5,0
flow_3012.19,23.5,3.0,0
flow_201.37,61.5,3.5,0
flow_001.14,61.0,3.5,0
flow_00.14,36.0,3.0,0
flow_201.38,37.0,3.0,0
flow_2012.38,36.0,3.5,0
flow_20.40,27.5,3.0,0
flow_2012.39,28.0,3.5,0
flow_201.39,27.0,3.0,0
flow_2012.40,27.5,4.0,0
flow_2012.41,26.0,3.5,0
flow_2012.42,25.5,3.0,0
flow_2012.43,25.0,3.5,0
flow_20.41,24.0,2.0,0
flow_20.42,22.5,2.0,0
flow_30.16,25.0,2.5,0
flow_101.10,64.0,3.5,0
flow_10.15,57.5,3.0,0
flow_1012.10,52.0,3.5,0
flow_30.17,21.5,1.5,0
flow_1012.11,25.5,3.5,0
flow_301.13,29.0,3.5,0
flow_0012.3,29.5,4.0,0
flow_201.40,74.5,7.0,0
flow_0012.4,32.0,5.5,0
flow_2012.44,60.5,4.0,0
flow_20.43,57.0,3.0,0
flow_2012.45,43.5,3.0,0
flow_2012.46,43.0,3.5,0
flow_201.41,41.0,2.5,0
flow_2012.47,39.5,3.5,0
flow_2012.48,39.0,4.0,0
flow_2012.49,37.5,3.5,0
flow_20.44,34.0,3.0,0
flow_0012.5,24.5,3.0,0
flow_2012.50,35.5,3.5,0
flow_201.42,32.5,3.0,0
flow_00.15,22.0,2.0,0
flow_201.43,31.0,3.0,0
flow_1012.12,45.5,4.5,0
flow_30.18,69.0,6.5,0
flow_3012.20,67.0,4.0,0
flow_1012.13,37.0,6.0,0
flow_30.19,40.5,3.5,0
flow_301.14,28.0,3.5,0
flow_00.16,27.5,3.5,0
flow_0012.6,24.5,3.0,0
flow_2012.51,80.5,7.0,0
flow_201.44,79.0,3.0,0
flow_201.45,78.5,3.0,0
flow_20.45,63.5,2.5,0
flow_20.46,58.0,2.5,0
flow_201.46,58.0,3.0,0
flow_2012.52,56.0,3.5,0
flow_2012.53,42.0,4.0,0
flow_201.47,38.5,2.0,0
flow_20.47,36.0,2.0,0
flow_201.48,31.5,2.0,0
flow_2012.54,25.0,3.0,0
flow_201.49,25.5,3.0,0
flow_301.15,74.0,3.5,0
flow_3012.21,24.5,3.0,0
flow_3012.22,24.0,3.0,0
flow_301.16,27.5,3.5,0
flow_10.16,21.0,1.5,0
flow_301.17,24.5,2.0,0
flow_2012.55,67.5,4.0,0
flow_00.17,71.5,6.5,0
flow_2012.56,66.5,5.0,0
flow_00.18,49.5,7.0,0
flow_20.48,66.0,3.0,0
flow_2012.57,45.0,3.5,0
flow_0012.7,27.5,3.5,0
flow_201.50,39.5,3.0,0
flow_20.49,37.5,3.0,0
flow_201.51,37.0,3.0,0
flow_2012.58,35.0,3.0,0
flow_201.52,36.5,3.5,0
flow_2012.59,33.0,4.0,0
flow_20.50,27.5,2.5,0
flow_001.15,28.0,3.5,0
flow_2012.60,26.0,4.0,0
flow_2012.0,25.0,3.5,0
flow_201.0,26.0,3.0,0
flow_00.0,21.0,1.5,0
flow_10.0,52.0,4.0,0
flow_30.0,44.0,4.0,0
flow_30.1,41.5,3.0,0
flow_301.0,42.0,3.0,0
flow_30.2,38.0,2.5,0
flow_3012.0,37.5,3.0,0
flow_30.3,34.0,2.5,0
flow_30.4,31.0,2.5,0
flow_301.1,24.0,2.5,0
flow_10.1,20.5,1.5,0
flow_3012.1,28.0,5.5,0
flow_2012.1,69.5,4.0,0
flow_0012.0,67.5,4.5,0
flow_0012.1,65.5,4.5,0
flow_00.1,62.5,3.0,0
flow_201.1,64.0,4.5,0
flow_00.2,57.0,3.0,0
flow_2012.2,65.5,5.0,0
flow_201.2,30.5,3.0,0
flow_001.0,42.0,3.5,0
flow_201.3,29.0,3.5,0
flow_201.4,26.0,3.0,0
flow_001.1,25.5,2.5,0
flow_301.2,45.5,3.5,0
flow_101.0,44.0,3.5,0
flow_101.1,39.0,3.0,0
flow_00.3,55.5,4.0,0
flow_201.5,70.5,3.5,0
flow_00.4,28.5,3.0,0
flow_201.6,59.5,3.0,0
flow_20.0,43.5,3.0,0
flow_20.1,35.5,2.5,0
flow_0012.2,30.0,6.0,0
flow_00.5,23.0,2.0,0
flow_2012.3,25.5,3.5,0
flow_001.2,27.0,3.5,0
flow_2012.4,28.0,4.5,0
flow_2012.5,26.5,3.5,0
flow_201.7,27.5,3.0,0
flow_2012.6,25.5,3.5,0
flow_1012.0,48.5,4.0,0
flow_30.5,68.5,6.5,0
flow_10.2,32.0,3.0,0
flow_30.6,60.0,4.0,0
flow_101.2,25.5,2.0,0
flow_30.7,53.5,3.5,0
flow_30.8,31.0,2.5,0
flow_301.3,44.5,3.0,0
flow_301.4,29.5,2.5,0
flow_301.5,26.0,2.5,0
flow_30.9,21.0,2.0,0
flow_101.3,25.5,2.5,0
flow_101.4,25.0,2.5,0
flow_2012.7,73.0,4.5,0
flow_00.6,67.5,6.5,0
flow_201.8,71.5,3.0,0
flow_2012.8,73.0,4.5,0
flow_2012.9,71.5,4.0,0
flow_201.9,68.0,2.5,0
flow_20.2,65.0,2.5,0
flow_201.10,65.0,2.5,0
flow_20.3,61.5,2.5,0
flow_0012.3,24.5,3.0,0
flow_201.11,26.0,3.0,0
flow_001.3,25.0,2.5,0
flow_00.7,22.0,1.5,0
flow_30.10,59.0,4.0,0
flow_10.3,43.5,4.0,0
flow_101.5,43.0,3.0,0
flow_3012.2,53.0,5.0,0
flow_3012.3,37.0,4.5,0
flow_10.4,46.0,5.5,0
flow_30.11,22.0,2.0,0
flow_10.5,44.5,4.0,0
flow_1012.1,27.5,3.5,0
flow_10.6,25.0,2.5,0
flow_1012.2,24.5,3.0,0
flow_3012.4,27.0,4.0,0
flow_0012.4,72.0,4.0,0
flow_20.4,71.0,6.5,0
flow_00.8,39.5,3.0,0
flow_201.12,66.5,3.0,0
flow_00.9,22.5,2.0,0
flow_2012.10,68.5,6.0,0
flow_0012.5,25.0,3.5,0
flow_20.5,67.5,5.5,0
flow_201.13,65.5,3.5,0
flow_20.6,64.0,3.0,0
flow_201.14,62.0,2.0,0
flow_001.4,27.0,3.0,0
flow_001.5,26.5,2.5,0
flow_201.15,63.0,3.5,0
flow_20.7,58.5,2.5,0
flow_201.16,59.0,3.0,0
flow_20.8,55.5,2.5,0
flow_2012.11,54.0,3.0,0
flow_001.6,29.0,6.0,0
flow_3012.5,42.0,4.0,0
flow_1012.3,49.0,4.5,0
flow_30.12,40.0,3.0,0
flow_30.13,39.0,3.0,0
flow_30.14,21.0,1.5,0
flow_30.15,20.5,2.0,0
flow_301.6,27.0,3.0,0
flow_3012.6,25.5,3.5,0
flow_2012.12,85.0,4.5,0
flow_0012.6,49.5,4.5,0
flow_20.9,81.0,3.5,0
flow_001.7,45.5,3.0,0
flow_2012.13,81.5,4.0,0
flow_201.17,78.0,2.5,0
flow_2012.14,77.5,3.5,0
flow_201.18,76.5,2.5,0
flow_20.10,72.5,2.5,0
flow_20.11,71.5,2.5,0
flow_2012.15,70.0,2.5,0
flow_20.12,68.0,2.5,0
flow_2012.16,63.0,3.0,0
flow_20.13,29.0,2.5,0
flow_2012.17,56.5,4.0,0
flow_2012.18,27.5,3.0,0
flow_2012.19,26.0,3.5,0
flow_301.7,74.5,3.5,0
flow_101.6,69.0,3.5,0
flow_301.8,69.5,3.0,0
flow_1012.4,26.5,4.0,0
flow_10.7,22.5,2.5,0
flow_30.16,69.5,4.5,0
flow_30.17,39.5,3.5,0
flow_3012.7,38.0,3.5,0
flow_30.18,30.5,2.5,0
flow_301.9,25.5,2.5,0
flow_2012.20,72.5,4.5,0
flow_20.14,69.0,3.0,0
flow_00.10,49.5,6.5,0
flow_00.11,48.5,4.0,0
flow_201.19,70.0,3.0,0
flow_0012.7,29.0,4.5,0
flow_201.20,69.5,3.5,0
flow_201.21,69.0,3.0,0
flow_20.15,59.0,2.5,0
flow_201.22,59.5,2.5,0
flow_001.8,26.5,3.0,0
flow_20.16,49.0,2.5,0
flow_00.12,21.5,2.0,0
flow_20.17,47.5,2.5,0
flow_20.18,42.5,2.5,0
flow_201.23,34.0,2.0,0
flow_201.24,35.0,3.0,0
flow_20.19,30.0,2.5,0
flow_101.7,55.0,3.5,0
flow_1012.5,46.0,3.5,0
flow_10.8,21.5,2.0,0
flow_30.19,21.0,1.5,0
flow_30.20,21.0,2.0,0
flow_20.20,77.5,4.0,0
flow_00.13,41.0,4.0,0
flow_00.14,41.5,3.0,0
flow_2012.21,80.0,6.0,0
flow_20.21,58.0,3.5,0
flow_001.9,35.5,3.5,0
flow_2012.22,59.0,5.0,0
flow_2012.23,58.5,4.5,0
flow_201.25,55.5,3.0,0
flow_001.10,26.0,3.0,0
flow_20.22,52.5,3.0,0
flow_2012.24,57.5,5.0,0
flow_201.26,39.5,2.5,0
flow_20.23,30.5,2.5,0
flow_001.11,24.5,2.5,0
flow_3012.8,66.0,4.5,0
flow_301.10,44.5,3.0,0
flow_101.8,77.0,7.5,0
flow_101.9,67.5,3.5,0
flow_101.10,24.5,2.5,0
flow_101.11,24.5,2.5,0
flow_0012.8,73.0,4.0,0
flow_2012.25,55.5,4.5,0
flow_20.24,51.5,3.0,0
flow_001.12,42.5,3.0,0
flow_201.27,52.5,3.0,0
flow_20.25,50.5,3.0,0
flow_20.26,49.0,3.0,0
flow_2012.26,47.0,3.0,0
flow_201.28,39.0,2.5,0
flow_2012.27,35.5,3.0,0
flow_201.29,32.0,3.0,0
flow_201.30,24.0,2.5,0
flow_3012.9,73.5,4.5,0
flow_30.21,48.5,3.0,0
flow_101.12,74.0,7.0,0
flow_3012.10,45.5,4.5,0
flow_1012.6,24.5,3.0,0
flow_301.11,25.0,2.5,0
flow_201.31,71.0,3.5,0
flow_0012.9,60.0,6.5,0
flow_0012.10,36.0,4.5,0
flow_201.32,76.0,4.0,0
flow_2012.28,76.5,4.0,0
flow_2012.29,71.0,4.0,0
flow_20.27,67.0,3.0,0
flow_201.33,67.0,3.0,0
flow_2012.30,63.0,3.5,0
flow_201.34,55.0,2.5,0
flow_201.35,54.0,3.0,0
flow_20.28,51.0,2.5,0
flow_2012.31,30.5,2.5,0
flow_2012.32,26.5,4.0,0
flow_3012.11,46.0,4.0,0
flow_10.9,42.5,6.5,0
flow_10.10,33.5,4.0,0
flow_301.12,25.5,2.5,0
flow_1012.7,31.0,5.5,0
flow_1012.8,28.0,4.0,0
flow_101.13,24.5,2.5,0
flow_10.11,20.5,1.5,0
flow_2012.33,66.0,4.5,0
flow_20.29,63.5,3.0,0
flow_001.13,73.5,7.0,0
flow_201.36,51.0,3.0,0
flow_001.14,32.5,3.0,0
flow_2012.34,38.0,3.5,0
flow_20.30,35.0,2.5,0
flow_201.37,35.0,3.0,0
flow_2012.35,25.0,3.0,0
flow_0012.11,23.5,3.0,0
flow_10.12,70.5,4.0,0
flow_301.13,70.0,4.0,0
flow_1012.9,58.0,4.0,0
flow_101.14,28.0,2.5,0
flow_30.22,51.5,6.0,0
flow_30.23,50.0,4.0,0
flow_301.14,47.5,3.0,0
flow_10.13,20.5,1.5,0
flow_10.14,21.5,2.0,0
flow_20.31,62.5,4.0,0
flow_00.15,50.5,4.0,0
flow_201.38,63.0,3.0,0
flow_2012.36,61.5,3.5,0
flow_0012.12,51.0,5.0,0
flow_20.32,38.5,2.5,0
flow_001.15,43.0,4.0,0
flow_2012.37,38.5,4.5,0
flow_201.39,38.0,3.5,0
flow_201.40,36.0,3.5,0
flow_001.16,25.0,2.5,0
flow_2012.38,35.5,5.5,0
flow_2012.39,34.0,4.5,0
flow_2012.40,31.5,4.0,0
flow_20.33,26.0,3.0,0
flow_20.34,24.5,2.5,0
flow_20.35,23.0,2.5,0
flow_10.15,69.5,4.0,0
flow_3012.12,74.5,7.5,0
flow_3012.13,45.0,4.5,0
flow_30.24,37.0,3.5,0
flow_101.15,76.5,3.5,0
flow_301.15,30.0,2.5,0
flow_1012.10,58.0,4.5,0
flow_10.16,39.5,3.0,0
flow_1012.11,24.5,3.0,0
flow_00.16,45.5,4.0,0
flow_201.41,72.5,3.5,0
flow_0012.13,47.0,4.0,0
flow_20.36,74.5,6.0,0
flow_2012.41,72.5,4.5,0
flow_0012.14,28.0,5.0,0
flow_20.37,48.0,3.5,0
flow_2012.42,44.0,3.5,0
flow_201.42,42.5,3.0,0
flow_2012.43,40.5,3.0,0
flow_20.38,37.0,2.5,0
flow_201.43,24.0,2.5,0
flow_3012.14,66.0,4.5,0
flow_1012.12,64.5,4.5,0
flow_3012.15,59.5,4.0,0
flow_10.17,56.5,6.5,0
flow_30.25,21.5,2.0,0
flow_101.16,51.5,3.5,0
flow_1012.13,32.5,5.0,0
flow_1012.14,24.5,3.0,0
flow_301.16,25.0,2.5,0
flow_20.39,69.0,4.0,0
flow_2012.44,66.0,3.5,0
flow_0012.15,77.5,7.5,0
flow_0012.16,40.0,4.5,0
flow_0012.17,34.5,4.5,0
flow_20.40,68.0,6.5,0
flow_201.44,67.0,4.0,0
flow_20.41,58.0,3.5,0
flow_201.45,56.5,2.5,0
flow_20.42,54.0,3.0,0
flow_2012.45,54.0,3.5,0
flow_20.43,50.5,2.5,0
flow_201.46,49.0,2.5,0
flow_2012.46,41.0,3.5,0
flow_2012.47,38.0,4.0,0
flow_2012.48,35.0,3.5,0
flow_101.17,73.0,3.5,0
flow_301.17,42.5,3.5,0
flow_0012.0,25.5,3.5,0
flow_20.0,22.0,2.0,0
flow_201.0,26.5,3.0,0
flow_0012.1,24.5,3.0,0
flow_20.1,23.5,2.5,0
flow_10.0,45.0,4.0,0
flow_10.1,43.5,3.0,0
flow_1012.0,34.0,3.5,0
flow_3012.0,25.0,3.5,0
flow_1012.1,32.0,4.0,0
flow_10.2,28.0,3.0,0
flow_10.3,27.0,2.5,0
flow_301.0,25.0,2.5,0
flow_3012.1,25.0,3.0,0
flow_10.4,20.0,1.5,0
flow_3012.2,27.5,5.5,0
flow_00.0,63.0,4.0,0
flow_201.1,72.0,3.5,0
flow_0012.2,34.5,4.0,0
flow_2012.0,73.0,4.0,0
flow_20.2,67.0,3.0,0
flow_00.1,21.5,1.5,0
flow_2012.1,67.5,3.5,0
flow_0012.3,25.5,3.5,0
flow_201.2,72.0,6.5,0
flow_2012.2,71.0,4.5,0
flow_2012.3,70.5,4.5,0
flow_201.3,67.0,3.0,0
flow_20.3,64.0,2.5,0
flow_001.0,25.5,2.5,0
flow_201.4,64.0,2.5,0
flow_2012.4,61.0,3.0,0
flow_2012.5,60.5,3.5,0
flow_00.2,24.5,4.5,0
flow_30.0,62.5,4.0,0
flow_101.0,72.5,3.5,0
flow_30.1,61.5,3.0,0
flow_1012.2,75.5,6.0,0
flow_1012.3,74.0,4.0,0
flow_101.1,69.5,2.5,0
flow_10.5,61.0,2.5,0
flow_301.1,52.5,3.5,0
flow_3012.3,53.0,4.0,0
flow_301.2,28.5,2.5,0
flow_101.2,64.0,6.5,0
flow_1012.4,26.0,3.5,0
flow_001.1,72.0,3.5,0
flow_201.5,86.5,4.0,0
flow_00.3,59.5,3.0,0
flow_2012.6,86.0,7.0,0
flow_20.4,83.5,3.5,0
flow_00.4,61.0,5.0,0
flow_201.6,84.0,3.0,0
flow_0012.4,65.5,5.0,0
flow_0012.5,64.0,4.5,0
flow_0012.6,54.0,4.5,0
flow_001.2,45.0,3.0,0
flow_201.7,91.5,4.5,0
flow_0012.7,44.5,4.5,0
flow_001.3,41.0,2.5,0
flow_20.5,91.0,4.0,0
flow_001.4,41.5,3.5,0
flow_2012.7,93.5,6.5,0
flow_201.8,90.5,2.5,0
flow_001.5,32.0,3.5,0
flow_3012.4,71.0,4.5,0
flow_1012.5,63.5,4.5,0
flow_1012.6,63.0,4.0,0
flow_101.3,57.5,3.0,0
flow_301.3,73.5,4.0,0
flow_1012.7,35.5,4.0,0
flow_30.2,73.5,4.5,0
flow_1012.8,32.5,7.0,0
flow_30.3,70.0,6.5,0
flow_1012.9,34.5,7.0,0
flow_301.4,70.5,3.5,0
flow_1012.10,27.5,5.0,0
flow_1012.11,26.0,3.5,0
flow_301.5,46.0,6.5,0
flow_3012.5,45.0,4.0,0
flow_00.5,75.5,4.0,0
flow_20.6,136.5,4.0,0
flow_00.6,65.5,3.0,0
flow_201.9,137.5,3.0,0
flow_00.7,58.5,3.0,0
flow_201.10,136.5,3.0,0
flow_00.8,28.5,2.5,0
flow_201.11,134.5,3.0,0
flow_2012.8,97.0,3.0,0
flow_0012.8,27.5,3.5,0
flow_201.12,96.5,3.5,0
flow_201.13,94.5,3.0,0
flow_20.7,90.0,2.5,0
flow_2012.9,87.5,3.5,0
flow_2012.10,84.0,4.0,0
flow_2012.11,82.0,4.0,0
flow_20.8,77.5,3.0,0
flow_001.6,26.5,3.0,0
flow_20.9,33.0,3.0,0
flow_1012.12,54.5,4.5,0
flow_3012.6,92.5,4.5,0
flow_3012.7,79.5,4.0,0
flow_10.6,23.0,2.0,0
flow_301.6,78.0,3.0,0
flow_30.4,74.5,2.5,0
flow_3012.8,76.0,3.5,0
flow_301.7,73.0,2.0,0
flow_30.5,69.5,2.0,0
flow_30.6,43.5,2.5,0
flow_101.4,26.5,3.0,0
flow_3012.9,39.5,3.5,0
flow_30.7,23.0,2.5,0
flow_3012.10,32.0,3.5,0
flow_1012.13,28.5,5.5,0
flow_3012.11,25.0,3.5,0
flow_3012.12,25.5,3.5,0
flow_1012.14,25.5,3.0,0
flow_0012.9,76.0,4.5,0
flow_20.10,82.0,6.5,0
flow_001.7,75.5,3.0,0
flow_2012.12,82.5,5.0,0
flow_20.11,78.0,3.5,0
flow_001.8,70.0,3.5,0
flow_2012.13,80.0,4.5,0
flow_20.12,76.0,3.0,0
flow_00.9,69.5,4.5,0
flow_0012.10,60.5,4.5,0
flow_00.10,56.5,3.0,0
flow_201.14,80.0,7.0,0
flow_2012.14,78.0,3.5,0
flow_0012.11,41.5,4.5,0
flow_2012.15,78.0,4.0,0
flow_0012.12,39.5,4.5,0
flow_20.13,72.5,2.5,0
flow_2012.16,78.0,4.0,0
flow_001.9,42.5,4.5,0
flow_201.15,74.0,3.0,0
flow_00.11,40.0,3.5,0
flow_201.16,72.0,3.5,0
flow_3012.13,67.0,4.5,0
flow_1012.15,31.5,4.5,0
flow_3012.14,63.0,4.0,0
flow_301.8,54.5,3.0,0
flow_30.8,50.5,2.5,0
flow_30.9,49.0,2.5,0
flow_3012.15,41.0,3.0,0
flow_30.10,36.0,2.5,0
flow_1012.16,29.0,5.0,0
flow_1012.17,25.0,3.0,0
flow_301.9,24.5,2.5,0
flow_00.12,86.5,4.0,0
flow_201.17,85.0,3.5,0
flow_0012.13,87.0,3.5,0
flow_00.13,85.0,3.0,0
flow_201.18,86.0,6.5,0
flow_001.10,85.5,3.0,0
flow_2012.17,87.0,4.5,0
flow_201.19,83.5,3.0,0
flow_001.11,72.0,3.5,0
flow_2012.18,84.0,4.5,0
flow_00.14,71.0,4.5,0
flow_20.14,80.5,3.0,0
flow_00.15,69.5,3.0,0
flow_201.20,79.5,2.5,0
flow_0012.14,62.5,4.0,0
flow_201.21,82.5,6.5,0
flow_2012.19,80.0,3.5,0
flow_0012.15,62.5,6.0,0
flow_201.22,81.0,3.5,0
flow_201.23,80.0,3.5,0
flow_30.11,71.0,4.0,0
flow_10.7,52.5,4.0,0
flow_10.8,35.5,3.0,0
flow_3012.16,42.5,5.5,0
flow_30.12,39.0,3.5,0
flow_30.13,38.0,3.0,0
flow_101.5,25.0,2.5,0
flow_30.14,37.0,3.0,0
flow_301.10,25.5,2.5,0
flow_101.6,25.0,2.5,0
flow_2012.20,125.5,4.5,0
flow_201.24,88.5,3.0,0
flow_001.12,76.5,7.5,0
flow_00.16,70.5,3.5,0
flow_201.25,84.0,3.0,0
flow_0012.16,64.5,3.5,0
flow_2012.21,84.5,4.0,0
flow_201.26,83.5,3.0,0
flow_001.13,58.0,3.0,0
flow_201.27,81.5,3.0,0
flow_001.14,58.0,3.5,0
flow_201.28,81.0,3.5,0
flow_001.15,57.0,3.5,0
flow_201.29,80.0,3.5,0
flow_20.15,78.5,4.0,0
flow_0012.17,35.0,5.0,0
flow_001.16,28.5,3.0,0
flow_2012.22,79.0,4.0,0
flow_201.30,77.0,3.0,0
flow_201.31,74.5,3.0,0
flow_2012.23,34.0,3.0,0
flow_3012.17,62.0,4.5,0
flow_10.9,65.5,6.5,0
flow_30.15,56.5,3.0,0
flow_101.7,65.0,3.5,0
flow_301.11,57.0,3.0,0
flow_1012.18,63.5,4.0,0
flow_30.16,37.5,2.5,0
flow_3012.18,42.0,4.0,0
flow_10.10,39.5,4.0,0
flow_10.11,34.0,3.0,0
flow_301.12,38.0,2.5,0
flow_101.8,33.0,2.5,0
flow_10.12,33.0,3.5,0
flow_3012.19,40.0,5.0,0
flow_301.13,27.0,3.0,0
flow_10.13,22.5,2.0,0
flow_3012.20,28.0,5.5,0
flow_30.17,24.5,2.5,0
flow_301.14,27.5,3.0,0
flow_301.15,26.0,2.5,0
flow_201.32,79.0,3.5,0
flow_0012.18,59.5,6.5,0
flow_0012.19,50.0,4.0,0
flow_20.16,81.0,4.5,0
flow_00.17,39.5,3.0,0
flow_2012.24,80.5,4.0,0
flow_20.17,79.5,3.0,0
flow_201.33,80.0,3.5,0
flow_20.18,74.0,2.5,0
flow_201.34,78.5,3.5,0
flow_2012.25,74.5,3.0,0
flow_00.18,23.5,3.0,0
flow_2012.26,75.5,6.5,0
flow_201.35,74.0,3.0,0
flow_2012.27,72.5,3.5,0
flow_2012.28,71.0,4.0,0
flow_1012.19,74.0,4.5,0
flow_30.18,73.0,6.5,0
flow_1012.20,69.0,6.0,0
flow_1012.21,68.0,5.0,0
flow_101.9,39.0,3.0,0
flow_301.16,33.0,3.5,0
flow_1012.22,38.0,4.5,0
flow_301.17,34.5,4.0,0
flow_10.14,22.0,2.0,0
flow_30.19,22.0,2.0,0
flow_30.20,21.5,2.0,0
flow_20.19,82.0,4.0,0
flow_001.17,51.0,3.5,0
flow_20.20,80.5,3.5,0
flow_2012.29,78.5,3.5,0
flow_0012.20,48.5,6.0,0
flow_20.21,77.0,3.0,0
flow_001.18,48.0,3.0,0
flow_2012.30,77.0,3.5,0
flow_201.36,75.0,2.5,0
flow_001.19,50.0,4.0,0
flow_00.19,33.0,3.0,0
flow_201.37,74.0,3.0,0
flow_201.38,74.0,3.5,0
flow_001.20,34.5,3.0,0
flow_00.20,26.5,2.5,0
flow_201.39,72.0,3.5,0
flow_20.22,68.5,2.5,0
flow_201.40,67.5,2.5,0
flow_2012.31,65.5,3.0,0
flow_201.41,30.5,2.5,0
flow_201.42,29.0,2.5,0
flow_3012.21,51.5,4.5,0
flow_10.15,74.5,6.5,0
flow_301.18,51.5,3.0,0
flow_101.10,63.5,3.0,0
flow_30.21,49.0,3.0,0
flow_101.11,48.5,3.0,0
flow_3012.22,43.5,4.0,0
flow_10.16,48.0,4.0,0
flow_30.22,29.0,3.0,0
flow_101.12,47.5,3.0,0
flow_1012.23,45.5,4.0,0
flow_1012.24,44.0,4.5,0
flow_1012.25,26.0,3.5,0
flow_1012.26,24.5,3.0,0
flow_1012.27,24.0,3.0,0
flow_3012.23,26.0,3.5,0
flow_00.21,27.0,3.5,0
flow_20.23,75.0,4.0,0
flow_2012.32,76.0,4.0,0
flow_20.24,74.0,3.0,0
flow_201.43,74.0,3.5,0
flow_2012.33,71.5,3.5,0
flow_0012.21,26.0,3.5,0
flow_201.44,73.0,5.5,0
flow_001.21,25.0,2.5,0
flow_201.45,73.0,3.5,0
flow_201.46,72.0,3.5,0
flow_2012.34,68.5,3.0,0
flow_20.25,66.0,2.5,0
flow_201.47,66.5,3.0,0
flow_201.48,64.5,2.5,0
flow_201.49,34.5,3.0,0
flow_301.19,70.5,3.5,0
flow_1012.28,69.5,6.5,0
flow_3012.24,62.0,4.0,0
flow_10.17,36.5,4.0,0
flow_301.20,28.0,3.0,0
flow_10.18,21.0,1.5,0
flow_30.23,21.0,1.5,0
flow_30.24,21.5,2.0,0
flow_3012.25,26.0,4.0,0
flow_0012.22,61.5,4.5,0
flow_201.50,84.5,7.5,0
flow_0012.23,60.5,5.5,0
flow_0012.24,59.0,5.0,0
flow_00.22,55.5,3.0,0
flow_20.26,87.0,5.5,0
flow_201.51,85.5,3.5,0
flow_00.23,51.0,3.0,0
flow_0012.25,29.0,4.0,0
flow_20.27,81.5,3.0,0
flow_2012.35,87.0,4.5,0
flow_2012.36,81.0,3.5,0
flow_2012.37,80.5,4.0,0
flow_20.28,75.0,3.0,0
flow_2012.38,80.0,4.0,0
flow_2012.39,76.0,4.0,0
flow_0012.26,25.5,3.5,0
flow_201.52,78.0,5.5,0
flow_10.19,70.5,4.0,0
flow_30.25,69.5,4.0,0
flow_30.26,68.5,3.0,0
flow_10.20,67.0,3.0,0
flow_301.21,68.0,2.5,0
flow_1012.29,61.0,5.0,0
flow_1012.30,61.5,4.5,0
flow_10.21,55.5,3.0,0
flow_30.27,64.5,5.5,0
flow_10.22,54.0,2.5,0
flow_30.28,62.0,4.0,0
flow_30.29,60.5,3.5,0
flow_101.13,46.0,2.5,0
flow_30.30,51.5,3.0,0
flow_1012.31,47.0,6.0,0
flow_3012.26,43.0,3.5,0
flow_3012.27,41.5,4.0,0
flow_1012.32,31.5,4.0,0
flow_301.22,40.5,3.0,0
flow_101.14,31.5,3.5,0
flow_30.31,38.0,3.0,0
flow_30.32,27.0,2.5,0
flow_30.33,25.5,2.5,0
flow_20.29,121.0,4.0,0
flow_201.53,85.5,3.0,0
flow_201.54,81.5,3.5,0
flow_201.55,79.5,3.5,0
flow_2012.40,77.5,3.5,0
flow_2012.41,73.5,4.0,0
flow_20.30,69.5,2.5,0
flow_2012.42,70.0,3.5,0
flow_20.31,66.0,2.5,0
flow_00.24,20.5,1.5,0
flow_20.32,53.5,2.5,0
flow_201.56,58.5,3.0,0
flow_20.33,47.5,2.5,0
flow_2012.43,29.0,2.5,0
flow_20.34,25.0,2.0,0
flow_2012.44,24.5,3.0,0
flow_101.15,69.0,3.5,0
flow_301.23,73.0,3.5,0
flow_30.34,70.5,3.0,0
flow_101.16,60.5,3.0,0
flow_30.35,59.5,3.0,0
flow_1012.33,36.5,6.0,0
flow_10.23,28.0,3.5,0
flow_30.36,59.0,5.5,0
flow_301.24,57.5,3.0,0
flow_101.17,28.5,3.0,0
flow_1012.34,27.0,4.0,0
flow_3012.28,58.5,4.5,0
flow_301.25,57.5,3.5,0
flow_3012.29,44.0,4.0,0
flow_1012.35,29.5,4.5,0
flow_301.26,42.5,3.5,0
flow_1012.36,26.5,4.0,0
flow_30.37,42.5,6.0,0
flow_3012.30,32.0,5.0,0
flow_201.57,71.5,3.5,0
flow_001.22,41.0,4.0,0
flow_0012.27,35.5,4.0,0
flow_201.58,73.0,7.0,0
flow_201.59,71.5,3.0,0
flow_20.35,70.0,4.0,0
flow_0012.28,27.5,4.5,0
flow_201.60,60.5,3.5,0
flow_20.36,52.0,2.5,0
flow_201.61,56.5,3.5,0
flow_2012.45,52.0,3.0,0
flow_201.62,32.5,2.0,0
flow_00.25,24.0,4.0,0
flow_2012.46,25.5,3.5,0
flow_3012.31,71.0,4.5,0
flow_101.18,54.0,7.0,0
flow_301.27,72.0,3.5,0
flow_3012.32,38.0,4.0,0
flow_1012.37,49.5,4.0,0
flow_3012.33,35.5,4.0,0
flow_10.24,46.5,5.0,0
flow_101.19,45.5,3.0,0
flow_301.28,24.5,2.5,0
flow_3012.34,26.0,3.5,0
flow_30.38,22.5,2.0,0
flow_1012.38,24.0,3.0,0
flow_0012.29,73.5,4.0,0
flow_2012.47,58.5,4.0,0
flow_0012.30,72.5,4.0,0
flow_201.63,55.5,4.0,0
flow_2012.48,54.0,3.5,0
flow_20.37,52.0,3.0,0
flow_20.38,43.0,3.0,0
flow_20.39,41.5,3.0,0
flow_00.26,21.5,1.5,0
flow_20.40,24.5,2.5,0
flow_00.27,21.5,2.0,0
flow_001.23,27.0,3.0,0
flow_201.64,26.5,3.0,0
flow_2012.49,25.0,3.5,0
flow_301.29,74.0,3.5,0
flow_0012.0,24.0,3.0,0
flow_00.0,21.5,2.0,0
flow_201.0,24.5,2.5,0
flow_0012.1,26.0,3.5,0
flow_2012.0,24.5,3.0,0
flow_00.1,22.5,2.5,0
flow_001.0,26.5,3.0,0
flow_3012.0,41.0,4.5,0
flow_301.0,40.0,3.0,0
flow_101.0,46.5,8.0,0
flow_10.0,44.5,5.5,0
flow_3012.1,41.0,4.5,0
flow_301.1,37.0,3.0,0
flow_1012.0,29.5,4.5,0
flow_10.1,22.5,2.0,0
flow_1012.1,24.5,3.0,0
flow_20.0,63.0,4.0,0
flow_2012.1,65.0,4.0,0
flow_0012.2,80.5,8.0,0
flow_20.1,61.5,3.0,0
flow_001.1,70.5,3.5,0
flow_2012.2,63.0,4.5,0
flow_00.2,67.5,5.5,0
flow_201.1,57.5,3.0,0
flow_00.3,66.0,4.0,0
flow_2012.3,58.5,5.5,0
flow_201.2,57.0,3.0,0
flow_001.2,65.0,3.5,0
flow_2012.4,59.0,5.0,0
flow_20.2,52.5,3.0,0
flow_2012.5,57.5,4.5,0
flow_00.4,61.5,6.5,0
flow_201.3,52.0,2.0,0
flow_001.3,60.5,4.0,0
flow_0012.3,59.0,4.0,0
flow_2012.6,51.0,3.0,0
flow_2012.7,35.0,3.5,0
flow_001.4,60.0,5.5,0
flow_101.1,73.0,3.5,0
flow_1012.2,74.0,4.0,0
flow_1012.3,73.5,4.5,0
flow_10.2,67.0,2.5,0
flow_1012.4,72.0,4.0,0
flow_10.3,63.0,2.5,0
flow_101.2,63.0,2.5,0
flow_3012.2,28.0,5.0,0
flow_101.3,64.5,3.5,0
flow_1012.5,46.0,4.0,0
flow_1012.6,29.0,3.5,0
flow_101.4,27.0,2.5,0
flow_10.4,23.5,2.0,0
flow_20.3,79.5,4.0,0
flow_0012.4,88.0,7.5,0
flow_00.5,84.5,3.5,0
flow_201.4,84.0,3.0,0
flow_001.5,85.5,3.0,0
flow_2012.8,84.0,4.5,0
flow_201.5,81.0,2.5,0
flow_001.6,87.5,3.5,0
flow_00.6,84.0,3.0,0
flow_201.6,77.5,2.5,0
flow_0012.5,84.5,3.5,0
flow_2012.9,72.5,5.0,0
flow_0012.6,58.5,3.5,0
flow_0012.7,57.5,4.0,0
flow_00.7,43.0,2.5,0
flow_00.8,38.0,2.5,0
flow_201.7,75.5,6.5,0
flow_2012.10,50.5,4.0,0
flow_201.8,49.0,2.5,0
flow_001.7,42.0,4.0,0
flow_101.5,73.0,3.5,0
flow_30.0,51.0,4.0,0
flow_301.2,31.5,3.0,0
flow_101.6,73.5,3.5,0
flow_30.1,30.5,3.0,0
flow_101.7,55.5,3.5,0
flow_1012.7,51.5,4.0,0
flow_10.5,42.5,2.5,0
flow_10.6,40.5,2.5,0
flow_301.3,26.0,3.0,0
flow_1012.8,38.5,4.5,0
flow_101.8,25.0,2.5,0
flow_301.4,26.5,3.0,0
flow_2012.11,69.5,4.5,0
flow_00.9,90.0,6.5,0
flow_20.4,61.5,3.0,0
flow_0012.8,90.0,6.0,0
flow_20.5,63.0,5.5,0
flow_001.8,74.5,3.5,0
flow_0012.9,73.5,3.5,0
flow_2012.12,62.5,5.0,0
flow_0012.10,72.0,4.0,0
flow_00.10,68.0,2.5,0
flow_201.9,65.0,4.0,0
flow_00.11,61.5,2.5,0
flow_20.6,62.5,3.0,0
flow_001.9,61.0,2.5,0
flow_00.12,58.0,2.5,0
flow_201.10,55.5,2.5,0
flow_0012.11,58.5,3.5,0
flow_2012.13,39.5,3.5,0
flow_001.10,58.0,3.0,0
flow_001.11,56.0,3.0,0
flow_00.13,32.0,2.5,0
flow_1012.9,67.0,4.5,0
flow_301.5,74.5,7.5,0
flow_101.9,66.5,3.0,0
flow_1012.10,64.0,4.0,0
flow_30.2,69.0,5.5,0
flow_101.10,28.5,3.0,0
flow_1012.11,26.5,3.5,0
flow_3012.3,60.5,4.5,0
flow_30.3,53.5,3.5,0
flow_30.4,50.5,3.0,0
flow_1012.12,27.0,5.0,0
flow_30.5,52.5,6.0,0
flow_301.6,44.5,3.0,0
flow_101.11,27.0,3.0,0
flow_101.12,26.5,3.0,0
flow_3012.4,34.5,6.0,0
flow_301.7,31.5,3.0,0
flow_301.8,30.0,3.0,0
flow_3012.5,29.0,4.0,0
flow_1012.13,26.0,4.0,0
flow_20.7,68.0,4.0,0
flow_001.12,78.0,3.5,0
flow_001.13,77.5,3.0,0
flow_201.11,68.5,3.0,0
flow_2012.14,68.0,4.0,0
flow_00.14,78.5,6.0,0
flow_2012.15,68.0,6.5,0
flow_20.8,62.0,3.5,0
flow_001.14,82.5,3.5,0
flow_2012.16,43.5,4.5,0
flow_0012.12,81.5,3.5,0
flow_001.15,80.5,2.5,0
flow_0012.13,78.5,3.5,0
flow_00.15,75.0,2.5,0
flow_001.16,70.0,2.5,0
flow_00.16,63.0,2.5,0
flow_201.12,26.0,3.0,0
flow_001.17,44.5,2.0,0
flow_3012.6,74.5,4.5,0
flow_101.13,56.5,7.0,0
flow_301.9,70.5,3.0,0
flow_10.7,46.0,3.5,0
flow_10.8,45.5,3.0,0
flow_30.6,21.5,2.0,0
flow_1012.14,25.5,3.5,0
flow_301.10,25.5,2.5,0
flow_30.7,21.0,1.5,0
flow_2012.17,71.5,4.5,0
flow_20.9,62.5,3.0,0
flow_001.18,97.5,7.5,0
flow_2012.18,60.0,4.0,0
flow_20.10,31.0,3.0,0
flow_001.19,95.5,4.0,0
flow_2012.19,32.5,4.0,0
flow_0012.14,93.0,3.5,0
flow_2012.20,31.0,4.0,0
flow_001.20,93.5,3.5,0
flow_001.21,90.0,3.5,0
flow_0012.15,88.5,4.0,0
flow_00.17,85.0,2.5,0
flow_00.18,83.0,2.5,0
flow_001.22,82.5,2.5,0
flow_001.23,83.0,3.0,0
flow_001.24,81.0,3.5,0
flow_101.14,60.0,3.5,0
flow_301.11,50.0,3.5,0
flow_10.9,58.5,3.0,0
flow_30.8,48.0,3.0,0
flow_10.10,57.0,3.0,0
flow_301.12,36.5,3.0,0
flow_1012.15,57.5,3.5,0
flow_1012.16,26.5,4.0,0
flow_1012.17,25.5,3.5,0
flow_30.9,26.5,5.5,0
flow_1012.18,26.5,4.5,0
flow_3012.7,24.5,3.0,0
flow_101.15,27.5,3.0,0
flow_00.19,124.0,4.0,0
flow_201.13,44.0,3.5,0
flow_201.14,31.0,3.0,0
flow_0012.16,88.0,5.5,0
flow_001.25,80.5,2.5,0
flow_0012.17,78.5,3.5,0
flow_001.26,76.5,2.5,0
flow_00.20,72.5,2.5,0
flow_2012.21,24.5,3.0,0
flow_20.11,21.5,2.0,0
flow_001.27,79.0,6.5,0
flow_0012.18,76.0,3.5,0
flow_2012.22,25.0,3.5,0
flow_00.21,76.5,4.5,0
flow_0012.19,75.5,4.5,0
flow_0012.20,74.0,4.0,0
flow_001.28,70.5,2.5,0
flow_2012.23,25.0,3.5,0
flow_3012.8,61.0,4.5,0
flow_10.11,64.5,6.5,0
flow_3012.9,55.0,5.5,0
flow_30.10,47.0,3.5,0
flow_10.12,46.5,8.0,0
flow_10.13,37.5,4.5,0
flow_301.13,46.0,3.0,0
flow_10.14,31.0,3.5,0
flow_301.14,37.5,3.0,0
flow_10.15,29.5,3.0,0
flow_3012.10,39.5,6.0,0
flow_30.11,35.5,3.5,0
flow_3012.11,36.0,3.5,0
flow_1012.19,24.5,3.0,0
flow_3012.12,29.0,4.0,0
flow_301.15,27.5,2.5,0
flow_2012.24,43.0,4.5,0
flow_00.22,87.0,7.0,0
flow_20.12,35.0,3.0,0
flow_0012.21,87.5,6.0,0
flow_20.13,37.5,5.5,0
flow_001.29,84.5,3.0,0
flow_201.15,30.5,3.0,0
flow_0012.22,84.5,4.5,0
flow_0012.23,83.5,4.0,0
flow_0012.24,82.0,4.5,0
flow_00.23,78.0,3.0,0
flow_00.24,77.0,3.0,0
flow_00.25,76.0,3.0,0
flow_001.30,74.0,2.5,0
flow_201.16,24.0,2.0,0
flow_001.31,74.5,3.0,0
flow_001.32,73.0,3.0,0
flow_00.26,32.0,3.0,0
flow_20.14,20.5,1.5,0
flow_30.12,65.5,4.0,0
flow_101.16,66.5,3.5,0
flow_10.16,65.0,3.0,0
flow_30.13,63.5,3.0,0
flow_30.14,62.0,3.0,0
flow_3012.13,55.5,3.0,0
flow_1012.20,68.5,6.0,0
flow_1012.21,58.0,4.0,0
flow_301.16,50.5,4.0,0
flow_30.15,46.0,3.0,0
flow_30.16,44.5,3.0,0
flow_301.17,29.5,3.5,0
flow_2012.25,64.0,4.5,0
flow_201.17,59.5,3.0,0
flow_001.33,83.0,7.5,0
flow_2012.26,59.5,4.0,0
flow_20.15,52.0,3.0,0
flow_001.34,85.0,3.5,0
flow_2012.27,52.5,4.5,0
flow_00.27,84.5,4.0,0
flow_201.18,32.5,3.5,0
flow_001.35,84.5,3.0,0
flow_201.19,31.0,3.0,0
flow_001.36,83.5,3.0,0
flow_001.37,82.5,3.5,0
flow_001.38,81.0,3.5,0
flow_001.39,79.5,3.0,0
flow_00.28,76.0,2.5,0
flow_0012.25,75.5,3.0,0
flow_0012.26,74.5,3.5,0
flow_20.16,25.0,4.5,0
flow_10.17,39.0,4.0,0
flow_301.18,45.0,3.5,0
flow_1012.22,40.5,4.0,0
flow_30.17,41.0,2.5,0
flow_3012.14,47.5,4.5,0
flow_101.17,41.0,3.0,0
flow_3012.15,43.0,4.0,0
flow_10.18,37.5,4.5,0
flow_3012.16,44.0,7.0,0
flow_30.18,30.5,3.5,0
flow_2012.28,68.5,4.5,0
flow_00.29,121.5,6.5,0
flow_2012.29,71.0,6.0,0
flow_00.30,90.0,7.5,0
flow_2012.30,73.5,7.0,0
flow_2012.31,72.0,5.0,0
flow_20.17,68.0,3.0,0
flow_001.40,92.0,4.0,0
flow_2012.32,70.0,4.5,0
flow_0012.27,91.0,4.0,0
flow_00.31,88.0,3.0,0
flow_201.20,70.5,3.5,0
flow_001.41,88.0,3.0,0
flow_2012.33,70.5,5.0,0
flow_20.18,64.5,3.0,0
flow_2012.34,69.5,4.5,0
flow_00.32,90.0,6.0,0
flow_001.42,89.5,3.5,0
flow_10.19,60.0,4.0,0
flow_30.19,32.5,3.5,0
flow_30.20,32.0,3.0,0
flow_1012.23,63.5,5.0,0
flow_1012.24,61.5,4.0,0
flow_1012.25,46.5,4.0,0
flow_10.20,42.5,2.5,0
flow_301.19,42.5,4.5,0
flow_3012.17,40.5,3.5,0
flow_1012.26,33.0,4.5,0
flow_30.21,28.0,3.5,0
flow_1012.27,32.5,5.0,0
flow_3012.18,24.5,3.0,0
flow_2012.35,116.0,4.5,0
flow_001.43,139.5,7.5,0
flow_20.19,91.5,3.5,0
flow_2012.36,118.0,5.5,0
flow_001.44,141.5,4.0,0
flow_2012.37,91.0,4.5,0
flow_0012.28,140.0,4.0,0
flow_2012.38,88.5,4.5,0
flow_00.33,139.0,4.0,0
flow_2012.39,89.0,7.0,0
flow_00.34,107.0,6.0,0
flow_2012.40,90.5,7.0,0
flow_00.35,105.5,7.5,0
flow_0012.29,97.5,5.5,0
flow_2012.41,92.5,7.0,0
flow_20.20,89.5,3.5,0
flow_00.36,96.0,4.0,0
flow_001.45,94.0,3.0,0
flow_201.21,91.0,3.0,0
flow_1012.28,47.0,4.0,0
flow_3012.19,74.0,4.5,0
flow_1012.29,45.5,4.0,0
flow_3012.20,74.0,4.0,0
flow_1012.30,39.5,3.5,0
flow_101.18,33.0,3.0,0
flow_301.20,76.0,4.0,0
flow_30.22,71.0,3.0,0
flow_30.23,71.0,3.0,0
flow_301.21,65.0,3.0,0
flow_3012.21,63.0,4.0,0
flow_301.22,62.0,3.0,0
flow_301.23,54.5,3.0,0
flow_30.24,28.5,3.0,0
flow_3012.22,23.5,2.5,0
flow_3012.23,24.0,3.0,0
flow_00.37,140.5,4.0,0
flow_201.22,124.5,4.0,0
flow_20.21,120.5,3.0,0
flow_00.38,139.0,3.0,0
flow_001.46,137.0,3.0,0
flow_2012.42,94.0,5.5,0
flow_20.22,89.0,3.0,0
flow_001.47,94.0,3.5,0
flow_2012.43,89.5,4.0,0
flow_00.39,90.0,4.5,0
flow_20.23,85.5,2.5,0
flow_00.40,88.0,3.5,0
flow_0012.30,87.0,3.5,0
flow_2012.44,88.5,6.0,0
flow_00.41,86.0,3.0,0
flow_201.23,87.5,3.5,0
flow_00.42,84.0,3.0,0
flow_201.24,86.5,3.5,0
flow_20.24,80.5,3.0,0
flow_00.43,83.0,3.0,0
flow_20.25,71.5,2.5,0
flow_0012.31,83.5,6.5,0
flow_20.26,60.5,5.5,0
flow_3012.24,71.5,4.5,0
flow_101.19,70.0,7.5,0
flow_301.24,71.5,3.5,0
flow_30.25,68.5,3.0,0
flow_101.20,51.0,3.5,0
flow_3012.25,67.0,4.0,0
flow_30.26,43.5,3.0,0
flow_3012.26,48.0,4.0,0
flow_101.21,38.0,7.0,0
flow_3012.27,41.5,4.5,0
flow_301.25,35.5,2.5,0
flow_101.22,39.0,4.0,0
flow_1012.31,37.5,3.5,0
flow_1012.32,25.0,3.0,0
flow_1012.33,25.0,3.0,0
flow_3012.28,25.0,3.5,0
flow_2012.45,85.0,4.5,0
flow_001.48,134.5,7.5,0
flow_2012.46,76.0,5.5,0
flow_2012.47,60.5,4.5,0
flow_201.25,43.0,3.0,0
flow_001.49,98.5,4.0,0
flow_201.26,39.0,3.0,0
flow_0012.32,96.0,4.0,0
flow_20.27,39.0,5.0,0
flow_001.50,93.5,2.5,0
flow_00.44,89.5,2.5,0
flow_20.28,37.5,3.5,0
flow_0012.33,90.0,3.5,0
flow_00.45,86.5,2.5,0
flow_0012.34,87.0,3.5,0
flow_00.46,83.0,2.5,0
flow_001.51,84.0,2.5,0
flow_00.47,80.5,2.5,0
flow_3012.29,70.0,4.5,0
flow_1012.34,74.5,4.5,0
flow_101.23,74.5,3.0,0
flow_301.26,71.0,3.5,0
flow_1012.35,48.5,4.0,0
flow_10.21,46.0,3.0,0
flow_301.27,61.0,7.0,0
flow_101.24,37.0,2.5,0
flow_3012.30,34.0,4.5,0
flow_3012.31,28.5,4.5,0
flow_101.25,25.0,2.5,0
flow_1012.36,26.0,3.5,0
flow_00.48,128.0,4.0,0
flow_201.27,61.5,3.5,0
flow_00.49,84.0,3.0,0
flow_2012.48,64.0,6.0,0
flow_00.50,80.5,5.5,0
flow_20.29,45.0,3.5,0
flow_00.51,78.5,4.0,0
flow_201.28,43.5,2.5,0
flow_20.30,29.5,2.5,0
flow_00.52,77.0,3.5,0
flow_00.53,75.5,3.0,0
flow_0012.35,74.0,3.0,0
flow_00.54,71.5,2.5,0
flow_001.52,70.0,2.0,0
flow_001.53,70.0,3.0,0
flow_001.54,68.5,2.5,0
flow_00.55,29.5,3.0,0
flow_001.55,67.5,3.5,0
flow_0012.36,29.5,3.5,0
flow_20.0,20.5,1.5,0
flow_20.1,21.5,2.0,0
flow_0012.0,23.5,3.0,0
flow_1012.0,29.5,4.0,0
flow_10.0,26.0,2.5,0
flow_30.0,57.5,6.5,0
flow_3012.0,37.5,4.5,0
flow_10.1,28.5,5.5,0
flow_1012.1,27.5,4.0,0
flow_3012.1,39.5,6.5,0
flow_30.1,32.0,3.5,0
flow_30.2,24.5,2.5,0
flow_101.0,29.0,3.0,0
flow_3012.2,24.5,3.0,0
flow_3012.3,24.5,3.0,0
flow_1012.2,24.0,3.0,0
flow_00.0,64.5,4.0,0
flow_201.0,46.0,3.5,0
flow_20.2,44.0,3.0,0
flow_001.0,56.5,3.0,0
flow_201.1,38.0,3.0,0
flow_0012.1,58.0,5.0,0
flow_2012.0,28.0,3.0,0
flow_00.1,49.5,3.5,0
flow_2012.1,27.0,4.5,0
flow_0012.2,26.5,3.5,0
flow_00.2,21.0,1.5,0
flow_201.2,24.0,2.0,0
flow_0012.3,24.5,3.0,0
flow_30.3,64.5,4.0,0
flow_101.1,71.0,3.5,0
flow_30.4,64.0,3.0,0
flow_101.2,35.0,3.0,0
flow_10.2,29.0,2.5,0
flow_3012.4,68.5,6.5,0
flow_10.3,32.0,6.0,0
flow_3012.5,57.0,7.0,0
flow_301.0,54.5,3.5,0
flow_101.3,37.0,3.5,0
flow_301.1,53.5,3.5,0
flow_10.4,34.5,3.0,0
flow_301.2,52.0,3.0,0
flow_101.4,35.0,3.0,0
flow_30.5,48.5,3.0,0
flow_3012.6,53.5,5.0,0
flow_301.3,48.5,2.5,0
flow_10.5,33.5,3.0,0
flow_101.5,38.0,4.0,0
flow_301.4,48.0,3.0,0
flow_101.6,34.5,3.0,0
flow_00.3,70.0,4.0,0
flow_201.3,73.5,3.5,0
flow_20.3,66.0,3.0,0
flow_001.1,70.0,3.0,0
flow_2012.2,67.0,4.0,0
flow_0012.4,71.0,4.0,0
flow_0012.5,51.0,4.0,0
flow_20.4,67.5,6.5,0
flow_001.2,48.0,2.5,0
flow_2012.3,65.0,5.0,0
flow_20.5,43.0,3.0,0
flow_2012.4,49.0,4.5,0
flow_00.4,38.5,5.0,0
flow_20.6,42.5,2.5,0
flow_00.5,20.0,1.5,0
flow_201.4,43.5,3.5,0
flow_20.7,39.5,2.5,0
flow_0012.6,25.5,3.0,0
flow_00.6,22.0,2.0,0
flow_30.6,93.5,4.0,0
flow_1012.3,83.5,7.5,0
flow_30.7,90.0,5.0,0
flow_10.6,82.0,3.5,0
flow_301.5,87.5,3.0,0
flow_101.7,32.0,2.5,0
flow_3012.7,87.0,4.0,0
flow_30.8,80.0,3.0,0
flow_3012.8,85.0,4.5,0
flow_10.7,31.0,6.5,0
flow_301.6,80.5,2.5,0
flow_3012.9,78.0,3.0,0
flow_1012.4,24.5,3.0,0
flow_3012.10,77.5,3.5,0
flow_30.9,73.5,2.5,0
flow_3012.11,73.0,3.0,0
flow_30.10,69.5,2.5,0
flow_30.11,28.0,3.0,0
flow_301.7,34.5,3.5,0
flow_2012.5,67.5,4.5,0
flow_001.3,75.0,7.5,0
flow_201.5,68.0,3.5,0
flow_201.6,54.5,3.5,0
flow_001.4,73.5,3.5,0
flow_00.7,53.0,3.0,0
flow_201.7,54.5,3.5,0
flow_00.8,24.0,2.5,0
flow_201.8,53.0,3.5,0
flow_2012.6,51.0,4.0,0
flow_201.9,49.0,2.5,0
flow_201.10,46.0,2.5,0
flow_201.11,46.0,3.5,0
flow_201.12,45.0,3.5,0
flow_2012.7,43.0,3.5,0
flow_20.8,38.5,2.5,0
flow_20.9,30.0,2.5,0
flow_20.10,27.5,2.5,0
flow_10.8,69.5,4.0,0
flow_301.8,75.0,3.5,0
flow_30.12,72.5,3.0,0
flow_10.9,58.0,3.0,0
flow_301.9,73.5,3.0,0
flow_3012.12,71.5,3.5,0
flow_30.13,68.0,2.5,0
flow_30.14,67.5,2.5,0
flow_1012.5,26.0,4.0,0
flow_30.15,69.0,6.0,0
flow_30.16,66.0,3.5,0
flow_3012.13,59.0,3.5,0
flow_30.17,56.0,3.0,0
flow_101.8,26.5,3.0,0
flow_3012.14,48.5,4.0,0
flow_30.18,43.5,3.0,0
flow_101.9,28.5,3.5,0
flow_3012.15,28.0,4.0,0
flow_301.10,26.5,3.0,0
flow_2012.8,74.0,4.0,0
flow_00.9,70.5,6.5,0
flow_201.13,59.5,3.5,0
flow_001.5,44.5,3.5,0
flow_20.11,52.0,2.5,0
flow_201.14,56.5,3.0,0
flow_001.6,43.0,3.5,0
flow_00.10,39.0,3.0,0
flow_2012.9,45.5,4.0,0
flow_001.7,25.5,2.5,0
flow_0012.7,23.5,2.5,0
flow_2012.10,23.5,3.0,0
flow_101.10,77.5,3.5,0
flow_3012.16,73.5,5.0,0
flow_3012.17,73.0,4.0,0
flow_301.11,70.5,3.0,0
flow_30.19,40.5,2.5,0
flow_101.11,37.0,4.5,0
flow_10.10,34.0,3.0,0
flow_30.20,38.5,2.5,0
flow_301.12,36.5,3.0,0
flow_30.21,26.5,2.5,0
flow_301.13,29.0,3.0,0
flow_3012.18,25.0,3.5,0
flow_301.14,27.0,3.0,0
flow_30.22,22.0,2.0,0
flow_101.12,25.5,2.5,0
flow_10.11,21.5,1.5,0
flow_0012.8,66.5,5.0,0
flow_00.11,46.0,3.0,0
flow_201.15,75.5,7.5,0
flow_2012.11,47.5,3.5,0
flow_0012.9,25.5,3.0,0
flow_2012.12,28.0,3.5,0
flow_0012.10,26.0,3.5,0
flow_00.12,22.5,2.5,0
flow_2012.13,27.0,4.0,0
flow_201.16,25.0,2.5,0
flow_20.12,21.5,2.0,0
flow_0012.11,28.0,4.5,0
flow_0012.12,25.5,3.5,0
flow_30.23,71.0,4.0,0
flow_10.12,69.0,4.0,0
flow_10.13,49.5,3.0,0
flow_30.24,71.5,3.0,0
flow_10.14,35.5,3.0,0
flow_30.25,70.0,3.0,0
flow_301.15,70.0,2.5,0
flow_1012.6,38.5,5.5,0
flow_1012.7,37.0,4.0,0
flow_30.26,72.0,6.0,0
flow_30.27,71.5,4.0,0
flow_301.16,71.5,3.5,0
flow_301.17,70.0,3.0,0
flow_301.18,68.0,3.0,0
flow_101.13,26.5,3.0,0
flow_3012.19,68.0,5.0,0
flow_3012.20,68.0,5.0,0
flow_301.19,64.5,3.5,0
flow_101.14,27.0,3.5,0
flow_201.17,52.0,3.5,0
flow_0012.13,78.0,6.5,0
flow_0012.14,76.0,4.5,0
flow_00.13,73.0,3.5,0
flow_201.18,57.5,4.0,0
flow_00.14,59.5,3.0,0
flow_00.15,48.5,3.0,0
flow_2012.14,54.5,6.5,0
flow_00.16,48.0,5.5,0
flow_2012.15,49.5,7.0,0
flow_2012.16,48.5,4.5,0
flow_001.8,50.5,3.5,0
flow_201.19,25.0,2.5,0
flow_00.17,40.0,3.0,0
flow_2012.17,26.5,3.5,0
flow_20.13,23.5,2.5,0
flow_00.18,42.0,5.5,0
flow_3012.21,85.0,4.5,0
flow_30.28,81.5,3.0,0
flow_101.15,71.5,7.0,0
flow_301.20,82.5,3.0,0
flow_101.16,67.0,3.5,0
flow_30.29,77.0,2.5,0
flow_3012.22,82.0,4.0,0
flow_101.17,68.0,4.0,0
flow_30.30,75.5,3.0,0
flow_3012.23,80.5,4.5,0
flow_301.21,74.5,2.5,0
flow_101.18,55.5,3.5,0
flow_301.22,74.0,3.0,0
flow_101.19,51.5,3.5,0
flow_1012.8,50.0,4.0,0
flow_30.31,60.5,5.5,0
flow_1012.9,45.0,7.0,0
flow_101.20,42.0,3.5,0
flow_301.23,59.5,3.5,0
flow_1012.10,43.0,4.5,0
flow_0012.15,89.0,4.5,0
flow_001.9,88.5,3.0,0
flow_201.20,75.5,4.0,0
flow_001.10,88.0,3.0,0
flow_2012.18,64.5,5.0,0
flow_2012.19,61.0,4.5,0
flow_00.19,83.0,5.5,0
flow_2012.20,52.5,7.0,0
flow_001.11,45.0,3.5,0
flow_201.21,27.5,3.5,0
flow_2012.21,26.0,3.5,0
flow_0012.16,28.5,3.5,0
flow_2012.22,25.5,3.0,0
flow_001.12,30.0,6.0,0
flow_201.22,26.5,3.0,0
flow_001.13,29.0,3.5,0
flow_3012.24,107.0,4.5,0
flow_1012.11,85.5,4.5,0
flow_3012.25,88.5,4.0,0
flow_1012.12,79.5,4.0,0
flow_3012.26,87.5,4.0,0
flow_3012.27,86.0,4.0,0
flow_30.32,82.0,2.5,0
flow_101.21,75.0,7.0,0
flow_3012.28,83.5,4.5,0
flow_1012.13,70.0,4.0,0
flow_3012.29,83.0,4.5,0
flow_3012.30,61.5,4.5,0
flow_301.24,57.5,3.0,0
flow_10.15,66.0,7.0,0
flow_30.33,41.5,2.5,0
flow_101.22,60.0,4.0,0
flow_30.34,36.0,2.5,0
flow_10.16,55.0,3.0,0
flow_30.35,34.5,2.5,0
flow_101.23,25.5,2.5,0
flow_10.17,22.0,2.0,0
flow_301.25,30.0,2.5,0
flow_3012.31,28.5,4.0,0
flow_00.20,60.0,4.0,0
flow_201.23,68.5,3.5,0
flow_0012.17,56.5,4.0,0
flow_00.21,51.5,3.0,0
flow_20.14,70.0,6.0,0
flow_201.24,69.0,3.5,0
flow_20.15,66.0,3.0,0
flow_001.14,52.5,3.0,0
flow_20.16,65.0,2.5,0
flow_001.15,51.0,3.0,0
flow_001.16,29.0,3.5,0
flow_201.25,64.0,2.5,0
flow_20.17,61.5,2.5,0
flow_20.18,60.0,2.5,0
flow_201.26,42.5,2.5,0
flow_2012.23,41.5,3.5,0
flow_20.19,38.0,2.5,0
flow_0012.18,28.5,5.5,0
flow_00.22,24.5,3.0,0
flow_00.23,23.5,2.5,0
flow_201.27,44.0,3.0,0
flow_1012.14,75.0,4.5,0
flow_30.36,77.5,7.0,0
flow_1012.15,73.5,6.0,0
flow_3012.32,78.0,4.5,0
flow_1012.16,70.0,4.0,0
flow_30.37,78.0,6.0,0
flow_101.24,60.5,2.5,0
flow_30.38,76.5,3.5,0
flow_101.25,55.5,2.5,0
flow_10.18,50.5,2.5,0
flow_301.26,73.0,2.5,0
flow_30.39,58.5,3.0,0
flow_3012.33,58.0,3.5,0
flow_1012.17,52.5,6.0,0
flow_30.40,48.5,3.0,0
flow_3012.34,55.5,4.5,0
flow_10.19,53.5,6.5,0
flow_101.26,45.0,4.0,0
flow_3012.35,45.5,4.5,0
flow_30.41,42.0,3.5,0
flow_101.27,46.5,3.5,0
flow_30.42,40.5,3.0,0
flow_101.28,38.0,3.5,0
flow_0012.19,72.0,4.5,0
flow_00.24,70.0,3.0,0
flow_201.28,81.0,7.0,0
flow_0012.20,68.0,4.0,0
flow_0012.21,65.0,3.5,0
flow_00.25,51.0,2.5,0
flow_201.29,56.5,6.5,0
flow_00.26,49.5,2.5,0
flow_2012.24,49.5,4.5,0
flow_0012.22,33.5,4.0,0
flow_0012.23,32.5,3.5,0
flow_20.20,29.5,6.0,0
flow_0012.24,34.0,6.5,0
flow_2012.25,25.0,3.5,0
flow_0012.25,33.0,4.5,0
flow_00.27,26.5,2.5,0
flow_201.30,25.0,2.5,0
flow_20.21,21.0,2.0,0
flow_30.43,82.5,4.0,0
flow_10.20,77.0,4.0,0
flow_10.21,70.5,3.0,0
flow_3012.36,85.0,6.0,0
flow_1012.18,67.0,3.5,0
flow_30.44,81.0,3.5,0
flow_10.22,63.5,3.0,0
flow_10.23,55.5,3.0,0
flow_301.27,81.0,2.5,0
flow_10.24,50.0,2.5,0
flow_1012.19,47.5,3.0,0
flow_3012.37,82.5,6.0,0
flow_30.45,76.0,3.5,0
flow_101.29,41.5,3.0,0
flow_3012.38,77.0,4.0,0
flow_30.46,64.5,3.0,0
flow_10.25,35.5,5.0,0
flow_30.47,57.0,3.0,0
flow_10.26,26.5,3.0,0
flow_30.48,53.5,3.0,0
flow_30.49,52.5,3.0,0
flow_3012.39,40.5,3.0,0
flow_30.50,33.0,2.5,0
flow_20.22,72.0,4.0,0
flow_0012.26,66.5,7.5,0
flow_0012.27,66.0,4.5,0
flow_00.28,57.0,3.0,0
flow_201.31,78.0,3.0,0
flow_201.32,77.5,3.5,0
flow_001.17,25.0,2.5,0
flow_201.33,72.0,3.5,0
flow_20.23,60.5,3.0,0
flow_201.34,70.5,3.5,0
flow_2012.26,58.5,3.5,0
flow_20.24,47.5,2.5,0
flow_201.35,47.5,2.0,0
flow_2012.27,43.0,3.0,0
flow_2012.28,40.0,3.5,0
flow_3012.40,78.5,4.5,0
flow_1012.20,63.5,4.5,0
flow_1012.21,59.0,4.0,0
flow_3012.41,45.5,4.0,0
flow_101.30,51.0,3.0,0
flow_301.28,39.5,3.5,0
flow_1012.22,32.5,4.0,0
flow_301.29,41.5,7.0,0
flow_301.30,33.5,3.0,0
flow_301.31,33.0,3.0,0
flow_30.51,30.0,2.5,0
flow_101.31,24.5,2.5,0
flow_30.52,28.5,2.5,0
flow_3012.42,28.0,3.0,0
flow_3012.43,24.0,2.5,0
flow_101.32,25.0,2.5,0
flow_301.32,25.0,2.5,0
flow_2012.29,71.0,4.5,0
flow_001.18,66.0,7.5,0
flow_2012.30,73.0,5.5,0
flow_201.36,69.5,3.0,0
flow_00.29,61.0,3.0,0
flow_201.37,51.5,3.0,0
flow_20.25,27.0,3.5,0
flow_0012.28,59.5,5.0,0
flow_001.19,39.5,2.5,0
flow_0012.29,39.0,3.5,0
flow_2012.31,25.0,3.0,0
flow_0012.30,31.5,4.0,0
flow_2012.32,26.0,3.5,0
flow_0012.31,30.0,4.0,0
flow_001.20,29.0,3.0,0
flow_2012.33,27.0,4.5,0
flow_2012.34,25.0,3.5,0
flow_30.53,71.5,4.0,0
flow_1012.23,66.0,7.5,0
flow_30.54,73.5,5.0,0
flow_101.33,54.5,3.5,0
flow_3012.44,72.5,4.0,0
flow_301.33,70.5,2.5,0
flow_101.34,56.0,3.5,0
flow_30.55,40.5,3.0,0
flow_3012.45,60.5,4.5,0
flow_101.35,58.0,4.0,0
flow_3012.46,43.0,4.5,0
flow_301.34,40.5,2.5,0
flow_101.36,46.0,4.0,0
flow_301.35,38.5,3.0,0
flow_3012.47,33.0,3.0,0
flow_1012.24,28.5,4.5,0
flow_1012.25,27.5,4.5,0
flow_301.36,32.0,6.0,0
flow_30.56,24.0,2.5,0
flow_0012.32,58.5,4.5,0
flow_201.38,71.5,7.5,0
flow_0012.33,57.5,5.5,0
flow_00.30,31.0,3.5,0
flow_201.39,69.0,4.0,0
flow_00.31,21.5,2.0,0
flow_20.26,60.5,5.0,0
flow_0012.34,33.0,4.5,0
flow_2012.35,61.0,5.0,0
flow_20.27,42.0,3.0,0
flow_001.21,27.0,3.0,0
flow_20.28,33.0,3.0,0
flow_2012.36,43.0,4.5,0
flow_001.22,29.5,3.5,0
flow_201.40,33.0,3.0,0
flow_00.32,25.0,2.5,0
flow_20.29,30.5,2.5,0
flow_201.41,30.5,3.0,0
flow_00.33,21.5,2.0,0
flow_20.30,27.5,2.5,0
flow_1012.26,62.5,4.0,0
flow_3012.48,62.5,4.5,0
flow_10.27,60.0,3.0,0
flow_301.37,61.5,3.0,0
flow_30.57,58.5,3.0,0
flow_101.37,60.5,3.0,0
flow_10.28,58.5,2.5,0
flow_3012.49,62.0,6.0,0
flow_3012.50,52.5,4.0,0
flow_30.58,49.0,3.0,0
flow_101.38,65.5,3.5,0
flow_301.38,48.5,3.0,0
flow_1012.27,66.0,4.5,0
flow_101.39,63.0,3.0,0
flow_10.29,54.5,2.5,0
flow_301.39,43.5,3.5,0
flow_30.59,37.5,3.0,0
flow_10.30,45.0,2.5,0
flow_3012.51,36.0,4.0,0
flow_30.60,33.5,3.0,0
flow_10.31,29.5,5.5,0
flow_3012.52,34.0,3.5,0
flow_10.32,25.5,4.5,0
flow_2012.37,71.5,4.5,0
flow_0012.35,70.0,4.5,0
flow_00.34,66.0,3.0,0
flow_201.42,59.0,4.0,0
flow_001.23,52.0,3.0,0
flow_2012.38,54.0,6.0,0
flow_201.43,50.0,3.0,0
flow_20.31,40.0,3.0,0
flow_001.24,48.0,4.0,0
flow_00.35,41.0,3.0,0
flow_2012.39,41.5,4.5,0
flow_001.25,42.0,3.5,0
flow_0012.36,41.5,3.5,0
flow_20.32,21.5,1.5,0
flow_0012.37,24.0,3.0,0
flow_30.61,79.0,4.0,0
flow_10.33,65.0,4.0,0
flow_001.0,25.5,2.5,0
flow_00.0,21.0,2.0,0
flow_20.0,21.0,1.5,0
flow_00.1,23.0,2.5,0
flow_3012.0,54.0,4.5,0
flow_1012.0,55.0,4.5,0
flow_1012.1,54.0,4.0,0
flow_3012.1,54.0,4.0,0
flow_1012.2,45.0,4.0,0
flow_1012.3,34.5,3.5,0
flow_10.0,30.5,3.0,0
flow_301.0,59.5,6.5,0
flow_3012.2,58.0,3.5,0
flow_3012.3,57.0,3.5,0
flow_3012.4,56.5,4.0,0
flow_3012.5,41.5,4.0,0
flow_301.1,38.0,2.5,0
flow_3012.6,34.0,3.5,0
flow_3012.7,33.0,3.5,0
flow_30.0,24.5,2.5,0
flow_2012.0,70.5,4.5,0
flow_0012.0,73.0,4.5,0
flow_0012.1,67.0,4.0,0
flow_20.1,51.0,6.5,0
flow_0012.2,69.5,7.0,0
flow_001.1,37.5,3.0,0
flow_201.0,34.5,3.5,0
flow_0012.3,31.0,4.5,0
flow_20.2,21.5,2.0,0
flow_001.2,29.0,3.0,0
flow_20.3,21.0,2.0,0
flow_20.4,21.0,1.5,0
flow_201.1,26.0,3.0,0
flow_3012.8,73.5,4.0,0
flow_10.1,63.5,6.5,0
flow_30.1,72.0,3.0,0
flow_101.0,60.0,3.0,0
flow_3012.9,67.5,4.0,0
flow_301.2,64.5,2.5,0
flow_30.2,62.5,2.5,0
flow_101.1,62.5,4.0,0
flow_1012.4,53.0,4.5,0
flow_1012.5,44.5,4.0,0
flow_10.2,36.0,3.0,0
flow_301.3,71.0,4.0,0
flow_3012.10,68.0,3.5,0
flow_1012.6,33.5,5.0,0
flow_10.3,26.0,3.0,0
flow_3012.11,70.0,6.5,0
flow_30.3,67.0,3.5,0
flow_10.4,24.5,2.5,0
flow_301.4,66.5,2.5,0
flow_30.4,62.0,2.5,0
flow_101.2,30.0,3.5,0
flow_00.2,50.0,4.0,0
flow_201.2,72.0,3.5,0
flow_20.5,62.5,3.0,0
flow_001.3,49.5,3.0,0
flow_201.3,58.5,2.5,0
flow_001.4,48.0,3.5,0
flow_0012.4,32.5,3.5,0
flow_201.4,62.5,7.0,0
flow_0012.5,36.0,6.0,0
flow_001.5,32.5,3.0,0
flow_201.5,53.0,4.0,0
flow_0012.6,33.5,5.0,0
flow_00.3,29.5,3.0,0
flow_201.6,54.5,4.0,0
flow_20.6,45.0,3.0,0
flow_20.7,38.5,3.0,0
flow_2012.1,31.0,3.0,0
flow_30.5,81.5,4.0,0
flow_10.5,72.5,4.0,0
flow_101.3,73.5,3.0,0
flow_3012.12,86.0,5.0,0
flow_3012.13,77.5,4.0,0
flow_3012.14,74.5,4.5,0
flow_301.5,71.5,3.5,0
flow_30.6,59.5,2.5,0
flow_101.4,71.0,4.0,0
flow_1012.7,66.5,4.0,0
flow_3012.15,62.0,4.0,0
flow_3012.16,60.0,4.5,0
flow_301.6,55.5,2.5,0
flow_10.6,68.0,5.5,0
flow_1012.8,41.5,4.5,0
flow_10.7,22.5,2.0,0
flow_301.7,50.5,3.5,0
flow_301.8,49.5,3.0,0
flow_1012.9,26.5,4.0,0
flow_3012.17,46.5,3.5,0
flow_2012.2,69.0,4.5,0
flow_00.4,73.0,6.5,0
flow_201.7,57.5,3.0,0
flow_0012.7,71.5,5.0,0
flow_001.6,66.0,3.0,0
flow_00.5,58.5,2.5,0
flow_201.8,54.5,3.5,0
flow_0012.8,59.5,3.5,0
flow_2012.3,50.0,4.0,0
flow_00.6,56.5,3.0,0
flow_00.7,55.0,3.0,0
flow_201.9,36.5,3.5,0
flow_00.8,28.5,2.5,0
flow_00.9,21.5,2.0,0
flow_2012.4,28.5,5.5,0
flow_0012.9,25.5,3.0,0
flow_30.7,84.0,4.0,0
flow_101.5,74.0,3.5,0
flow_10.8,72.0,3.0,0
flow_30.8,77.5,3.0,0
flow_10.9,51.0,3.0,0
flow_30.9,49.5,3.0,0
flow_30.10,49.0,3.0,0
flow_10.10,34.5,3.0,0
flow_30.11,47.5,3.0,0
flow_301.9,47.0,3.0,0
flow_10.11,22.0,2.0,0
flow_3012.18,25.5,3.5,0
flow_10.12,21.0,1.5,0
flow_001.7,72.5,3.5,0
flow_201.10,62.0,3.5,0
flow_00.10,70.5,3.0,0
flow_201.11,29.0,2.5,0
flow_0012.10,72.0,4.0,0
flow_001.8,41.5,2.5,0
flow_001.9,40.5,3.0,0
flow_0012.11,39.5,3.0,0
flow_20.8,25.0,5.0,0
flow_2012.5,25.0,3.5,0
flow_0012.12,40.0,7.0,0
flow_00.11,31.0,3.5,0
flow_001.10,25.0,2.5,0
flow_201.12,26.5,3.0,0
flow_0012.13,27.0,5.0,0
flow_3012.19,66.5,4.5,0
flow_101.6,48.0,7.5,0
flow_3012.20,66.5,5.5,0
flow_1012.10,36.5,4.0,0
flow_3012.21,64.5,4.5,0
flow_301.10,55.5,3.0,0
flow_3012.22,50.5,4.0,0
flow_301.11,47.0,2.5,0
flow_1012.11,25.5,3.5,0
flow_301.12,49.5,4.0,0
flow_3012.23,49.5,4.0,0
flow_3012.24,37.0,4.0,0
flow_301.13,33.5,2.5,0
flow_30.12,30.0,2.5,0
flow_301.14,34.5,3.0,0
flow_101.7,26.0,3.0,0
flow_0012.14,70.0,4.5,0
flow_20.9,38.0,6.5,0
flow_001.11,67.0,3.0,0
flow_2012.6,36.5,5.0,0
flow_0012.15,54.5,4.0,0
flow_20.10,33.5,4.0,0
flow_0012.16,53.0,6.5,0
flow_0012.17,47.0,4.5,0
flow_001.12,35.0,2.5,0
flow_201.13,41.0,3.5,0
flow_0012.18,28.5,4.0,0
flow_0012.19,26.0,3.5,0
flow_20.11,22.0,2.0,0
flow_001.13,25.5,2.5,0
flow_301.15,79.0,3.5,0
flow_101.8,74.0,3.5,0
flow_3012.25,79.0,4.0,0
flow_1012.12,73.5,4.0,0
flow_1012.13,72.5,4.0,0
flow_10.13,61.0,2.5,0
flow_10.14,54.0,3.0,0
flow_301.16,83.5,4.5,0
flow_1012.14,51.5,3.5,0
flow_10.15,33.5,3.0,0
flow_30.13,73.0,3.0,0
flow_3012.26,83.0,5.0,0
flow_3012.27,71.0,3.5,0
flow_10.16,22.0,2.0,0
flow_301.17,58.0,3.0,0
flow_3012.28,56.0,3.5,0
flow_3012.29,55.5,3.5,0
flow_30.14,34.0,2.5,0
flow_3012.30,32.5,3.0,0
flow_30.15,30.0,2.5,0
flow_2012.7,62.5,4.0,0
flow_001.14,72.5,7.0,0
flow_2012.8,55.5,5.0,0
flow_0012.20,72.0,3.5,0
flow_0012.21,71.5,3.5,0
flow_001.15,56.0,3.5,0
flow_20.12,22.0,2.0,0
flow_001.16,43.0,3.5,0
flow_20.13,22.0,2.0,0
flow_0012.22,25.5,3.5,0
flow_00.12,22.5,2.0,0
flow_0012.23,28.0,4.0,0
flow_101.9,72.5,3.5,0
flow_301.18,80.0,3.5,0
flow_301.19,79.0,3.0,0
flow_101.10,62.5,3.0,0
flow_30.16,76.0,3.0,0
flow_101.11,62.5,3.5,0
flow_1012.15,60.5,3.5,0
flow_30.17,53.0,3.0,0
flow_3012.31,58.0,4.5,0
flow_101.12,61.0,3.5,0
flow_301.20,53.0,2.5,0
flow_30.18,50.5,2.5,0
flow_10.17,37.5,3.0,0
flow_30.19,48.5,2.5,0
flow_101.13,52.0,3.5,0
flow_3012.32,48.0,3.5,0
flow_1012.16,38.5,3.5,0
flow_30.20,43.5,2.5,0
flow_30.21,42.0,2.5,0
flow_101.14,25.0,2.5,0
flow_30.22,39.5,3.0,0
flow_30.23,28.5,2.5,0
flow_3012.33,27.5,3.5,0
flow_1012.17,28.5,5.0,0
flow_0012.24,57.0,4.5,0
flow_00.13,55.0,3.0,0
flow_201.14,64.5,7.5,0
flow_00.14,54.0,3.0,0
flow_201.15,62.0,3.5,0
flow_001.17,53.5,2.5,0
flow_2012.9,57.0,4.5,0
flow_00.15,53.0,3.0,0
flow_001.18,37.0,3.0,0
flow_2012.10,24.5,3.0,0
flow_201.16,24.5,2.0,0
flow_00.16,21.5,2.0,0
flow_0012.25,24.5,3.0,0
flow_301.21,75.0,4.0,0
flow_1012.18,28.5,4.5,0
flow_30.24,74.0,3.5,0
flow_1012.19,26.0,4.5,0
flow_301.22,78.5,3.5,0
flow_1012.20,28.0,5.5,0
flow_30.25,79.5,3.5,0
flow_101.15,26.5,2.5,0
flow_3012.34,78.5,3.5,0
flow_10.18,25.5,5.0,0
flow_301.23,77.5,2.5,0
flow_10.19,23.0,2.0,0
flow_301.24,77.0,3.5,0
flow_3012.35,58.5,3.5,0
flow_30.26,50.5,3.0,0
flow_30.27,48.5,2.5,0
flow_30.28,45.0,2.5,0
flow_301.25,45.5,2.5,0
flow_00.17,35.0,4.0,0
flow_201.17,55.0,3.5,0
flow_201.18,54.0,3.0,0
flow_201.19,51.5,3.0,0
flow_001.19,26.0,3.0,0
flow_201.20,25.5,2.5,0
flow_2012.11,28.0,4.0,0
flow_2012.12,26.5,3.5,0
flow_20.14,21.0,2.0,0
flow_001.20,24.5,2.5,0
flow_2012.13,25.5,3.5,0
flow_30.29,85.5,4.0,0
flow_3012.36,81.5,3.5,0
flow_1012.21,76.5,7.5,0
flow_3012.37,78.0,3.5,0
flow_1012.22,75.5,4.5,0
flow_1012.23,74.5,4.5,0
flow_30.30,78.0,4.0,0
flow_101.16,72.5,3.0,0
flow_30.31,76.0,3.0,0
flow_101.17,40.0,3.5,0
flow_301.26,69.0,3.0,0
flow_101.18,38.5,3.5,0
flow_30.32,65.0,3.0,0
flow_3012.38,69.5,4.5,0
flow_301.27,49.5,3.0,0
flow_101.19,26.5,3.0,0
flow_301.28,48.0,2.5,0
flow_3012.39,41.0,3.5,0
flow_1012.24,25.0,3.5,0
flow_30.33,38.0,2.5,0
flow_3012.40,31.5,3.0,0
flow_101.20,30.0,6.0,0
flow_2012.14,49.0,4.5,0
flow_001.21,67.5,7.0,0
flow_201.21,44.5,3.0,0
flow_201.22,45.0,3.5,0
flow_0012.26,48.5,6.0,0
flow_001.22,39.0,3.0,0
flow_20.15,20.5,1.5,0
flow_20.16,22.0,2.0,0
flow_301.29,73.0,3.5,0
flow_3012.41,72.0,3.5,0
flow_1012.25,65.0,6.5,0
flow_301.30,42.5,3.0,0
flow_101.21,64.0,3.5,0
flow_30.34,39.0,2.5,0
flow_10.20,40.5,3.0,0
flow_3012.42,42.0,4.0,0
flow_30.35,38.0,3.0,0
flow_301.31,35.0,3.0,0
flow_3012.43,27.0,3.5,0
flow_30.36,22.0,2.0,0
flow_301.32,25.0,2.5,0
flow_20.17,61.0,4.0,0
flow_00.18,66.5,4.0,0
flow_20.18,55.0,3.0,0
flow_001.23,55.0,3.0,0
flow_2012.15,55.5,4.0,0
flow_201.23,34.5,2.5,0
flow_001.24,29.5,4.0,0
flow_00.19,23.0,2.5,0
flow_201.24,29.0,3.0,0
flow_00.20,21.5,2.0,0
flow_20.19,22.5,2.0,0
flow_201.25,25.5,2.5,0
flow_30.37,70.0,4.0,0
flow_101.22,74.0,3.5,0
flow_30.38,67.5,3.0,0
flow_10.21,56.0,3.5,0
flow_1012.26,68.5,6.5,0
flow_30.39,62.5,6.0,0
flow_10.22,48.0,3.0,0
flow_30.40,56.5,4.0,0
flow_101.23,45.5,3.0,0
flow_30.41,55.0,3.0,0
flow_3012.44,59.5,6.0,0
flow_10.23,41.0,3.5,0
flow_30.42,54.5,3.0,0
flow_3012.45,47.0,3.0,0
flow_1012.27,43.5,6.0,0
flow_3012.46,37.0,3.5,0
flow_10.24,35.5,5.5,0
flow_301.33,35.0,2.5,0
flow_3012.47,34.0,3.5,0
flow_1012.28,31.0,4.5,0
flow_3012.48,34.5,4.0,0
flow_3012.49,33.0,4.0,0
flow_001.25,61.0,3.5,0
flow_201.26,65.0,3.5,0
flow_0012.27,36.5,3.5,0
flow_201.27,47.0,7.0,0
flow_0012.28,39.5,5.5,0
flow_001.26,28.5,3.0,0
flow_201.28,36.5,4.0,0
flow_0012.29,30.0,5.0,0
flow_2012.16,25.5,3.5,0
flow_30.43,74.5,4.0,0
flow_10.25,38.0,4.0,0
flow_10.26,27.0,3.0,0
flow_301.34,69.5,3.0,0
flow_101.24,26.0,2.5,0
flow_3012.50,70.5,5.5,0
flow_1012.29,27.0,3.5,0
flow_30.44,70.0,5.5,0
flow_301.35,65.5,3.0,0
flow_101.25,27.0,3.0,0
flow_3012.51,65.5,4.0,0
flow_30.45,61.0,2.5,0
flow_101.26,30.5,4.0,0
flow_30.46,39.5,3.0,0
flow_3012.52,61.0,4.5,0
flow_301.36,40.5,3.0,0
flow_3012.53,38.0,3.5,0
flow_30.47,34.5,2.5,0
flow_10.27,21.0,2.0,0
flow_30.48,31.0,2.5,0
flow_201.29,47.0,3.5,0
flow_001.27,74.0,3.5,0
flow_001.28,73.0,3.0,0
flow_201.30,47.5,3.5,0
flow_001.29,68.0,3.5,0
flow_2012.17,42.5,6.5,0
flow_00.21,39.0,3.0,0
flow_201.31,38.5,3.0,0
flow_201.32,31.5,3.0,0
flow_00.22,22.0,2.0,0
flow_201.33,30.0,3.0,0
flow_20.20,26.5,2.5,0
flow_201.34,26.5,2.5,0
flow_2012.18,24.0,3.0,0
flow_2012.19,25.0,3.5,0
flow_0012.30,23.0,2.5,0
flow_3012.54,78.5,4.0,0
flow_10.28,67.0,6.5,0
flow_301.37,79.5,3.0,0
flow_10.29,56.0,4.0,0
flow_10.30,54.0,3.5,0
flow_3012.55,81.0,3.5,0
flow_1012.30,43.0,3.5,0
flow_1012.31,35.5,4.0,0
flow_3012.56,81.5,4.0,0
flow_3012.57,81.0,4.0,0
flow_30.49,76.5,2.5,0
flow_30.50,75.5,2.5,0
flow_301.38,75.5,3.0,0
flow_30.51,73.0,2.5,0
flow_30.52,71.5,2.5,0
flow_30.53,54.0,3.0,0
flow_101.27,27.0,3.0,0
flow_30.54,44.5,2.5,0
flow_30.55,29.0,2.5,0
flow_00.23,70.0,4.0,0
flow_201.35,52.0,3.5,0
flow_001.30,70.5,3.0,0
flow_2012.20,47.5,5.0,0
flow_201.36,40.0,2.5,0
flow_00.24,65.5,3.0,0
flow_2012.21,41.0,4.5,0
flow_201.37,39.5,3.0,0
flow_001.31,68.0,4.0,0
flow_201.38,39.0,3.5,0
flow_0012.31,65.5,5.0,0
flow_0012.32,55.5,4.0,0
flow_001.32,38.5,2.5,0
flow_201.39,34.0,4.5,0
flow_001.33,33.0,3.0,0
flow_2012.22,33.5,4.0,0
flow_00.25,32.5,4.5,0
flow_0012.33,24.0,3.0,0
flow_0012.0,24.0,3.0,0
flow_00.0,21.0,1.5,0
flow_20.0,21.0,1.5,0
flow_00.1,22.5,2.0,0
flow_001.0,25.0,2.0,0
flow_00.2,21.0,1.5,0
flow_201.0,26.5,3.0,0
flow_001.1,24.0,2.5,0
flow_1012.0,28.0,4.0,0
flow_30.0,53.0,6.5,0
flow_30.1,45.0,4.0,0
flow_30.2,31.0,3.5,0
flow_1012.1,26.0,3.5,0
flow_30.3,21.5,2.0,0
flow_10.0,21.0,1.5,0
flow_00.3,42.5,4.0,0
flow_20.1,70.0,4.0,0
flow_20.2,62.5,3.5,0
flow_20.3,61.5,3.0,0
flow_201.1,61.0,3.0,0
flow_001.2,25.5,2.5,0
flow_201.2,59.5,3.0,0
flow_20.4,55.5,3.0,0
flow_2012.0,38.0,3.5,0
flow_20.5,23.0,2.5,0
flow_2012.1,31.0,4.0,0
flow_00.4,23.0,2.0,0
flow_001.3,27.0,3.0,0
flow_2012.2,26.5,4.0,0
flow_30.4,48.0,4.0,0
flow_101.0,58.5,3.5,0
flow_301.0,44.5,3.5,0
flow_1012.2,62.0,5.0,0
flow_10.1,58.0,3.5,0
flow_301.1,42.0,3.5,0
flow_10.2,57.0,3.0,0
flow_1012.3,57.0,4.0,0
flow_3012.0,24.5,3.0,0
flow_1012.4,56.5,4.0,0
flow_10.3,50.5,3.0,0
flow_3012.1,26.0,3.5,0
flow_1012.5,55.0,4.5,0
flow_3012.2,26.0,4.5,0
flow_10.4,53.0,5.5,0
flow_101.1,50.0,3.5,0
flow_1012.6,48.5,4.0,0
flow_10.5,22.0,2.0,0
flow_1012.7,47.0,3.5,0
flow_2012.3,69.0,4.0,0
flow_001.4,79.5,7.0,0
flow_201.3,66.0,3.0,0
flow_20.6,59.0,3.0,0
flow_00.5,74.5,3.5,0
flow_20.7,55.0,2.5,0
flow_0012.1,57.5,5.5,0
flow_20.8,57.5,5.5,0
flow_00.6,49.5,3.5,0
flow_00.7,47.5,3.0,0
flow_201.4,39.0,3.5,0
flow_2012.4,37.0,4.0,0
flow_2012.5,33.0,4.0,0
flow_2012.6,30.0,4.0,0
flow_001.5,26.0,3.0,0
flow_20.9,26.0,2.5,0
flow_201.5,30.5,3.5,0
flow_0012.2,27.0,3.5,0
flow_3012.3,75.0,4.5,0
flow_1012.8,67.0,4.5,0
flow_30.5,72.5,3.0,0
flow_101.2,51.0,3.0,0
flow_301.2,72.0,3.0,0
flow_30.6,69.0,2.5,0
flow_101.3,50.5,3.0,0
flow_10.6,44.0,2.5,0
flow_30.7,67.5,2.5,0
flow_101.4,28.0,3.0,0
flow_301.3,64.0,3.0,0
flow_301.4,58.5,2.5,0
flow_30.8,52.0,2.5,0
flow_101.5,25.0,2.5,0
flow_30.9,50.5,2.5,0
flow_301.5,50.5,2.5,0
flow_1012.9,29.0,5.5,0
flow_301.6,40.5,3.0,0
flow_3012.4,39.5,3.5,0
flow_301.7,32.0,3.0,0
flow_3012.5,29.5,3.0,0
flow_20.10,71.5,4.0,0
flow_0012.3,74.0,6.5,0
flow_20.11,63.5,4.5,0
flow_0012.4,77.0,6.5,0
flow_001.6,75.5,3.0,0
flow_00.8,72.5,3.0,0
flow_201.6,52.0,3.0,0
flow_00.9,71.0,2.5,0
flow_0012.5,39.5,3.0,0
flow_2012.7,55.0,6.5,0
flow_00.10,32.5,3.0,0
flow_201.7,53.5,3.0,0
flow_201.8,53.0,3.5,0
flow_20.12,47.5,2.5,0
flow_001.7,26.0,3.0,0
flow_2012.8,47.0,3.5,0
flow_201.9,44.5,3.0,0
flow_20.13,40.5,2.5,0
flow_1012.10,65.5,4.0,0
flow_30.10,76.5,6.5,0
flow_1012.11,41.5,5.5,0
flow_101.6,41.0,3.0,0
flow_301.8,81.0,4.0,0
flow_30.11,66.0,3.0,0
flow_3012.6,66.5,3.5,0
flow_1012.12,26.5,3.5,0
flow_3012.7,46.5,3.5,0
flow_10.7,27.0,5.5,0
flow_30.12,36.5,3.0,0
flow_30.13,27.5,3.0,0
flow_30.14,22.5,2.0,0
flow_1012.13,27.0,5.5,0
flow_30.15,24.5,2.5,0
flow_00.11,63.5,4.0,0
flow_201.10,89.0,3.5,0
flow_00.12,48.0,3.0,0
flow_201.11,82.0,3.0,0
flow_001.8,46.0,3.0,0
flow_2012.9,81.0,5.0,0
flow_0012.6,37.0,4.0,0
flow_2012.10,80.0,4.5,0
flow_2012.11,78.5,4.0,0
flow_20.14,57.0,3.0,0
flow_2012.12,79.0,5.0,0
flow_2012.13,44.0,3.0,0
flow_0012.7,27.5,6.0,0
flow_20.15,22.0,2.0,0
flow_201.12,24.5,2.0,0
flow_201.13,27.5,3.5,0
flow_301.9,71.5,3.5,0
flow_1012.14,77.5,6.5,0
flow_10.8,73.5,3.5,0
flow_30.16,71.5,3.5,0
flow_101.7,58.5,2.5,0
flow_30.17,71.0,3.0,0
flow_10.9,57.0,2.5,0
flow_30.18,69.5,3.0,0
flow_30.19,49.5,3.0,0
flow_101.8,57.5,3.0,0
flow_101.9,47.0,3.0,0
flow_3012.8,52.5,5.0,0
flow_301.10,49.0,2.5,0
flow_30.20,46.5,2.5,0
flow_101.10,34.5,4.0,0
flow_30.21,45.5,2.5,0
flow_30.22,24.0,2.5,0
flow_1012.15,28.0,4.5,0
flow_30.23,25.0,3.5,0
flow_1012.16,29.0,6.5,0
flow_0012.8,73.5,4.5,0
flow_001.9,72.0,3.0,0
flow_201.14,78.0,7.5,0
flow_00.13,49.0,3.0,0
flow_2012.14,79.5,6.0,0
flow_00.14,27.0,5.5,0
flow_201.15,76.5,3.0,0
flow_201.16,71.0,3.5,0
flow_00.15,20.5,1.5,0
flow_20.16,45.5,3.0,0
flow_201.17,50.0,3.5,0
flow_2012.15,46.5,3.5,0
flow_20.17,41.5,3.0,0
flow_2012.16,23.5,3.0,0
flow_30.24,71.0,4.0,0
flow_10.10,75.5,4.0,0
flow_101.11,63.0,3.0,0
flow_301.11,62.0,3.0,0
flow_1012.17,58.0,4.0,0
flow_3012.9,54.5,3.5,0
flow_10.11,50.0,2.5,0
flow_301.12,28.0,3.0,0
flow_1012.18,49.0,4.5,0
flow_101.12,45.0,2.5,0
flow_30.25,24.0,2.0,0
flow_1012.19,25.5,3.5,0
flow_10.12,21.0,2.0,0
flow_1012.20,26.5,3.5,0
flow_20.18,63.5,4.0,0
flow_00.16,61.5,4.0,0
flow_20.19,62.5,3.0,0
flow_20.20,61.5,3.0,0
flow_001.10,63.5,3.5,0
flow_001.11,62.0,3.5,0
flow_00.17,58.5,3.0,0
flow_20.21,61.5,3.0,0
flow_20.22,60.0,3.0,0
flow_2012.17,50.5,3.0,0
flow_0012.9,60.5,6.0,0
flow_001.12,60.0,3.0,0
flow_00.18,48.0,3.0,0
flow_201.18,44.5,3.0,0
flow_2012.18,34.0,6.0,0
flow_20.23,24.0,2.0,0
flow_001.13,44.0,3.0,0
flow_00.19,25.5,2.5,0
flow_2012.19,28.0,4.5,0
flow_101.13,68.5,3.5,0
flow_301.13,72.5,3.5,0
flow_10.13,64.0,3.0,0
flow_301.14,64.0,3.0,0
flow_1012.21,51.0,4.0,0
flow_30.26,65.5,6.0,0
flow_1012.22,52.5,6.5,0
flow_10.14,45.5,3.5,0
flow_30.27,67.0,7.5,0
flow_30.28,66.5,5.0,0
flow_101.14,46.0,2.5,0
flow_10.15,43.0,3.0,0
flow_301.15,61.5,3.0,0
flow_30.29,55.5,3.0,0
flow_101.15,44.0,3.0,0
flow_30.30,51.5,3.0,0
flow_101.16,35.0,3.0,0
flow_30.31,52.0,3.0,0
flow_301.16,33.5,2.5,0
flow_3012.10,27.5,3.0,0
flow_30.32,22.5,2.0,0
flow_101.17,25.5,2.5,0
flow_0012.10,72.5,4.0,0
flow_2012.20,69.0,4.5,0
flow_0012.11,59.5,4.0,0
flow_20.24,69.0,6.0,0
flow_0012.12,48.0,6.5,0
flow_001.14,43.5,3.5,0
flow_201.19,59.5,3.5,0
flow_20.25,52.5,3.0,0
flow_2012.21,61.0,4.0,0
flow_201.20,51.0,2.5,0
flow_20.26,48.0,2.5,0
flow_20.27,46.5,2.5,0
flow_20.28,45.5,2.5,0
flow_201.21,45.5,2.5,0
flow_201.22,39.0,3.0,0
flow_0012.13,26.5,4.5,0
flow_3012.11,71.5,4.5,0
flow_101.18,72.0,7.5,0
flow_3012.12,70.0,5.5,0
flow_1012.23,71.5,4.0,0
flow_10.16,68.0,2.5,0
flow_10.17,67.0,3.0,0
flow_301.17,61.5,3.5,0
flow_10.18,43.0,3.0,0
flow_301.18,49.5,3.5,0
flow_30.33,44.5,3.0,0
flow_30.34,30.5,2.5,0
flow_101.19,43.5,3.0,0
flow_10.19,39.5,2.5,0
flow_10.20,38.5,2.5,0
flow_1012.24,39.0,3.5,0
flow_101.20,37.5,3.0,0
flow_301.19,25.0,3.0,0
flow_101.21,36.5,3.5,0
flow_101.22,35.0,3.5,0
flow_1012.25,28.5,3.5,0
flow_20.29,70.0,4.0,0
flow_001.15,64.5,3.5,0
flow_20.30,69.0,3.0,0
flow_001.16,64.5,3.0,0
flow_00.20,62.0,3.0,0
flow_201.23,70.0,3.0,0
flow_001.17,57.5,2.5,0
flow_00.21,34.0,2.5,0
flow_201.24,69.5,3.5,0
flow_20.31,65.5,2.5,0
flow_201.25,55.5,2.5,0
flow_001.18,36.0,3.0,0
flow_201.26,43.5,3.0,0
flow_0012.14,36.5,6.0,0
flow_20.32,42.5,3.5,0
flow_2012.22,42.0,4.0,0
flow_201.27,38.0,2.5,0
flow_201.28,38.0,2.5,0
flow_20.33,33.0,2.5,0
flow_001.19,25.5,2.5,0
flow_001.20,26.0,3.0,0
flow_201.29,26.0,3.0,0
flow_101.23,73.5,3.5,0
flow_301.20,56.0,3.5,0
flow_1012.26,74.0,4.0,0
flow_10.21,56.0,3.0,0
flow_301.21,58.5,7.0,0
flow_10.22,54.5,2.5,0
flow_3012.13,58.5,5.0,0
flow_30.35,56.5,3.5,0
flow_101.24,37.0,3.0,0
flow_3012.14,58.0,4.5,0
flow_3012.15,51.5,4.0,0
flow_30.36,44.0,3.0,0
flow_101.25,42.0,4.0,0
flow_3012.16,44.0,4.0,0
flow_10.23,41.5,4.0,0
flow_3012.17,38.0,7.5,0
flow_1012.27,34.5,3.5,0
flow_10.24,31.5,3.0,0
flow_301.22,36.5,3.5,0
flow_2012.23,71.0,4.5,0
flow_00.22,54.5,6.5,0
flow_20.34,69.0,3.0,0
flow_2012.24,69.0,4.0,0
flow_201.30,67.5,3.0,0
flow_2012.25,66.0,3.5,0
flow_20.35,62.5,2.5,0
flow_201.31,62.5,2.5,0
flow_2012.26,60.5,3.0,0
flow_20.36,57.0,2.5,0
flow_2012.27,58.5,3.5,0
flow_0012.15,23.0,2.5,0
flow_20.37,39.5,3.0,0
flow_2012.28,45.5,4.0,0
flow_2012.29,29.5,3.0,0
flow_20.38,22.5,2.0,0
flow_001.21,28.5,5.5,0
flow_10.25,80.0,4.0,0
flow_3012.18,85.5,4.5,0
flow_101.26,76.0,4.0,0
flow_3012.19,88.0,5.5,0
flow_3012.20,83.5,4.5,0
flow_30.37,55.5,3.0,0
flow_101.27,81.5,4.5,0
flow_3012.21,41.5,4.5,0
flow_1012.28,69.0,3.5,0
flow_10.26,48.0,3.0,0
flow_301.23,25.5,2.5,0
flow_101.28,36.5,3.0,0
flow_101.29,31.0,3.5,0
flow_10.27,21.5,2.0,0
flow_2012.30,74.0,4.5,0
flow_001.22,69.5,7.5,0
flow_2012.31,77.0,5.5,0
flow_2012.32,68.5,4.5,0
flow_2012.33,67.0,4.5,0
flow_2012.34,65.5,4.5,0
flow_00.23,21.0,2.0,0
flow_201.32,63.5,3.0,0
flow_20.39,61.0,2.5,0
flow_201.33,60.0,2.5,0
flow_201.34,59.0,3.0,0
flow_201.35,58.0,3.0,0
flow_201.36,52.0,3.0,0
flow_001.23,25.0,2.5,0
flow_201.37,45.5,3.0,0
flow_2012.35,33.0,4.0,0
flow_20.40,28.5,3.0,0
flow_1012.29,73.5,4.5,0
flow_30.38,73.0,6.5,0
flow_101.30,72.5,3.0,0
flow_301.24,72.0,3.5,0
flow_1012.30,72.0,4.0,0
flow_30.39,71.5,4.5,0
flow_1012.31,62.0,6.5,0
flow_10.28,32.5,3.5,0
flow_30.40,63.0,6.5,0
flow_10.29,28.0,3.0,0
flow_30.41,53.0,4.5,0
flow_301.25,51.0,3.0,0
flow_3012.22,50.5,3.5,0
flow_301.26,45.0,3.0,0
flow_301.27,43.5,3.5,0
flow_30.42,39.5,3.0,0
flow_101.31,26.0,3.0,0
flow_3012.23,37.5,4.0,0
flow_101.32,27.5,3.0,0
flow_00.24,70.5,4.0,0
flow_201.38,75.5,3.5,0
flow_00.25,57.5,3.0,0
flow_201.39,74.5,3.0,0
flow_20.41,69.0,3.0,0
flow_2012.36,62.5,3.0,0
flow_00.26,23.5,3.5,0
flow_2012.37,65.0,6.0,0
flow_20.42,62.0,3.5,0
flow_0012.16,28.0,5.0,0
flow_0012.17,27.0,4.0,0
flow_201.40,70.0,7.0,0
flow_0012.18,27.0,4.0,0
flow_20.43,66.0,5.5,0
flow_0012.19,27.0,5.0,0
flow_2012.38,66.0,4.0,0
flow_20.44,62.5,3.0,0
flow_00.27,24.5,2.5,0
flow_1012.32,74.5,4.5,0
flow_101.33,68.0,3.0,0
flow_301.28,66.0,7.5,0
flow_10.30,36.5,3.0,0
flow_301.29,50.5,3.5,0
flow_1012.33,33.0,4.0,0
flow_101.34,29.5,2.5,0
flow_10.31,27.0,2.5,0
flow_301.30,49.5,4.0,0
flow_3012.24,44.0,5.0,0
flow_10.32,29.0,6.0,0
flow_3012.25,36.5,7.0,0
flow_301.31,33.5,3.5,0
flow_101.35,34.0,3.5,0
flow_3012.26,34.0,4.5,0
flow_3012.27,33.0,4.0,0
flow_301.32,27.0,2.5,0
flow_101.36,24.5,2.5,0
flow_0012.20,57.5,4.0,0
flow_20.45,103.5,6.5,0
flow_2012.39,87.5,4.0,0
flow_2012.40,85.0,3.5,0
flow_2012.41,84.5,4.0,0
flow_20.46,76.5,3.0,0
flow_201.41,75.5,2.5,0
flow_2012.42,73.0,3.0,0
flow_2012.43,72.0,3.5,0
flow_20.47,68.0,2.0,0
flow_2012.44,68.0,3.0,0
flow_20.48,64.5,2.5,0
flow_00.28,21.0,2.0,0
flow_20.49,50.0,2.0,0
flow_2012.45,29.0,3.0,0
flow_20.50,23.0,2.5,0
flow_2012.46,27.5,4.0,0
flow_1012.34,72.0,4.0,0
flow_3012.28,74.5,4.5,0
flow_1012.35,72.0,4.0,0
flow_10.33,69.0,3.0,0
flow_30.43,71.0,6.0,0
flow_3012.29,51.5,5.5,0
flow_10.34,43.5,5.5,0
flow_301.33,49.5,3.0,0
flow_301.34,48.5,2.5,0
flow_3012.30,46.5,3.5,0
flow_301.35,40.5,2.5,0
flow_301.36,39.5,3.0,0
flow_30.44,28.0,2.5,0
flow_301.37,28.5,2.5,0
flow_10.35,22.0,2.0,0
flow_101.37,26.0,2.5,0
flow_301.38,29.5,3.5,0
flow_20.51,69.5,4.0,0
flow_001.24,71.5,3.5,0
flow_00.29,69.0,3.0,0
flow_20.52,69.0,3.0,0
flow_201.42,70.5,3.5,0
flow_2012.47,67.0,3.0,0
flow_0012.21,50.5,6.0,0
flow_0012.22,48.5,4.5,0
flow_2012.48,68.5,4.5,0
flow_201.43,66.5,3.5,0
flow_20.53,62.5,3.0,0
flow_001.25,44.5,3.5,0
flow_20.54,62.0,3.0,0
flow_20.55,57.5,3.0,0
flow_0012.23,26.5,4.5,0
flow_201.44,60.5,3.5,0
flow_2012.49,59.5,3.5,0
flow_2012.50,58.0,4.0,0
flow_2012.51,36.0,3.5,0
flow_101.38,69.5,3.5,0
flow_201.0,25.5,2.5,0
flow_10.0,25.5,3.0,0
flow_301.0,55.5,3.5,0
flow_101.0,25.0,2.5,0
flow_3012.0,51.5,4.5,0
flow_1012.0,25.0,3.5,0
flow_3012.1,50.0,3.5,0
flow_3012.2,49.0,4.0,0
flow_10.1,25.0,3.5,0
flow_301.1,47.5,3.0,0
flow_301.2,46.0,3.0,0
flow_30.0,42.0,2.5,0
flow_301.3,42.5,2.5,0
flow_30.1,37.0,2.5,0
flow_30.2,36.0,2.5,0
flow_101.1,26.0,3.0,0
flow_1012.1,28.0,4.0,0
flow_0012.0,59.0,4.5,0
flow_20.0,34.0,5.5,0
flow_001.0,50.5,3.0,0
flow_00.0,46.5,3.0,0
flow_00.1,32.0,2.5,0
flow_2012.0,23.5,3.0,0
flow_0012.1,23.0,2.5,0
flow_10.2,47.5,4.0,0
flow_30.3,69.0,4.0,0
flow_30.4,68.0,3.0,0
flow_3012.3,66.5,3.5,0
flow_3012.4,66.0,3.5,0
flow_30.5,61.0,2.5,0
flow_301.4,65.5,3.0,0
flow_301.5,63.0,3.0,0
flow_301.6,61.0,3.5,0
flow_3012.5,49.5,3.0,0
flow_3012.6,38.5,3.5,0
flow_1012.2,25.0,3.5,0
flow_10.3,22.5,2.0,0
flow_30.6,29.0,3.0,0
flow_0012.2,43.0,4.0,0
flow_2012.1,71.5,4.5,0
flow_201.1,57.0,3.0,0
flow_301.7,73.5,3.5,0
flow_1012.3,33.5,5.5,0
flow_3012.7,72.5,3.5,0
flow_3012.8,72.0,4.0,0
flow_10.4,21.5,2.0,0
flow_301.8,73.0,3.5,0
flow_3012.9,64.0,4.5,0
flow_301.9,61.5,2.5,0
flow_30.7,58.0,2.5,0
flow_3012.10,52.0,3.0,0
flow_3012.11,49.5,3.0,0
flow_3012.12,49.5,3.5,0
flow_301.10,47.0,3.0,0
flow_3012.13,44.5,3.0,0
flow_30.8,28.0,2.0,0
flow_301.11,29.0,2.5,0
flow_20.1,59.0,4.0,0
flow_0012.3,58.0,7.5,0
flow_2012.2,50.5,3.5,0
flow_00.2,57.5,3.5,0
flow_201.2,45.0,2.5,0
flow_001.1,57.0,2.5,0
flow_30.9,75.5,4.0,0
flow_1012.4,73.5,7.5,0
flow_3012.14,76.0,4.0,0
flow_1012.5,26.0,3.5,0
flow_3012.15,74.5,4.0,0
flow_3012.16,73.0,4.0,0
flow_10.5,23.0,2.5,0
flow_301.12,71.0,2.5,0
flow_301.13,65.5,3.0,0
flow_3012.17,61.5,3.5,0
flow_30.10,56.0,2.5,0
flow_30.11,49.5,2.5,0
flow_301.14,49.5,2.5,0
flow_30.12,37.5,2.5,0
flow_3012.18,37.5,3.0,0
flow_30.13,27.5,2.5,0
flow_301.15,28.5,3.0,0
flow_0012.4,70.0,4.0,0
flow_2012.3,46.0,4.5,0
flow_0012.5,65.0,3.5,0
flow_2012.4,45.0,4.0,0
flow_0012.6,45.5,4.0,0
flow_00.3,41.5,2.5,0
flow_00.4,41.0,2.5,0
flow_201.3,39.0,4.0,0
flow_2012.5,39.0,4.0,0
flow_1012.6,70.5,4.5,0
flow_3012.19,70.5,4.5,0
flow_101.2,66.5,3.0,0
flow_301.16,61.0,3.0,0
flow_3012.20,60.0,4.0,0
flow_1012.7,26.0,3.5,0
flow_301.17,61.5,5.5,0
flow_3012.21,61.0,4.0,0
flow_30.14,49.0,2.5,0
flow_30.15,48.5,3.0,0
flow_301.18,47.5,2.5,0
flow_30.16,44.0,2.5,0
flow_3012.22,44.5,3.0,0
flow_301.19,33.5,2.5,0
flow_3012.23,32.5,3.0,0
flow_30.17,21.0,2.0,0
flow_2012.6,66.5,4.0,0
flow_0012.7,65.5,4.0,0
flow_00.5,24.5,2.5,0
flow_20.2,49.0,3.0,0
flow_201.4,41.5,2.5,0
flow_201.5,44.0,3.5,0
flow_00.6,20.5,1.5,0
flow_201.6,31.0,3.5,0
flow_00.7,20.5,1.5,0
flow_201.7,25.5,2.5,0
flow_10.6,62.5,4.0,0
flow_301.20,57.0,3.5,0
flow_10.7,54.0,3.0,0
flow_301.21,57.0,3.0,0
flow_3012.24,57.5,4.0,0
flow_301.22,55.0,2.5,0
flow_30.18,52.5,2.5,0
flow_301.23,51.5,2.5,0
flow_3012.25,49.0,3.0,0
flow_301.24,48.0,3.0,0
flow_3012.26,47.0,3.5,0
flow_3012.27,46.5,4.0,0
flow_301.25,43.0,2.5,0
flow_3012.28,41.5,3.5,0
flow_3012.29,29.5,3.5,0
flow_3012.30,27.5,3.5,0
flow_00.8,60.5,4.0,0
flow_20.3,53.5,4.0,0
flow_20.4,21.0,1.5,0
flow_0012.8,24.5,3.0,0
flow_2012.7,25.0,3.0,0
flow_201.8,25.0,2.5,0
flow_10.8,60.0,4.0,0
flow_301.26,76.5,3.5,0
flow_301.27,74.5,3.0,0
flow_30.19,72.5,3.0,0
flow_3012.31,73.5,3.5,0
flow_3012.32,72.0,4.0,0
flow_30.20,22.5,2.0,0
flow_20.5,57.5,4.0,0
flow_001.2,69.5,3.5,0
flow_001.3,59.5,3.5,0
flow_201.9,26.0,2.5,0
flow_001.4,50.5,3.5,0
flow_20.6,21.5,2.0,0
flow_001.5,44.0,3.5,0
flow_0012.9,41.0,5.5,0
flow_201.10,25.5,2.5,0
flow_001.6,25.5,2.5,0
flow_3012.33,70.5,4.5,0
flow_101.3,44.0,7.5,0
flow_3012.34,71.5,5.5,0
flow_30.21,64.0,3.0,0
flow_10.9,34.0,3.5,0
flow_30.22,62.5,3.0,0
flow_30.23,61.5,3.0,0
flow_30.24,60.0,2.5,0
flow_301.28,60.5,2.5,0
flow_3012.35,58.5,3.5,0
flow_3012.36,57.0,3.5,0
flow_301.29,55.0,2.5,0
flow_1012.8,24.5,3.5,0
flow_30.25,55.0,6.0,0
flow_301.30,52.0,3.0,0
flow_3012.37,34.0,3.5,0
flow_1012.9,28.0,4.5,0
flow_20.7,34.5,4.0,0
flow_00.9,37.5,4.0,0
flow_2012.8,25.0,3.5,0
flow_0012.10,24.5,3.0,0
flow_20.8,22.0,2.0,0
flow_00.10,22.0,2.0,0
flow_30.26,78.5,4.0,0
flow_1012.10,60.5,7.5,0
flow_101.4,25.0,2.5,0
flow_301.31,84.0,3.5,0
flow_301.32,82.5,3.5,0
flow_30.27,78.5,3.0,0
flow_3012.38,79.5,3.5,0
flow_1012.11,25.5,3.0,0
flow_30.28,74.5,2.5,0
flow_301.33,79.0,3.0,0
flow_30.29,74.0,2.5,0
flow_30.30,72.5,2.5,0
flow_3012.39,60.0,3.5,0
flow_30.31,56.0,2.5,0
flow_3012.40,54.5,3.0,0
flow_30.32,30.5,2.0,0
flow_2012.9,37.0,4.5,0
flow_001.7,70.0,7.5,0
flow_2012.10,30.5,5.5,0
flow_001.8,72.0,4.0,0
flow_00.11,56.0,5.0,0
flow_2012.11,28.5,4.5,0
flow_0012.11,52.5,4.0,0
flow_001.9,47.5,2.5,0
flow_00.12,41.0,2.5,0
flow_0012.12,41.5,3.5,0
flow_3012.41,75.0,4.0,0
flow_1012.12,70.5,4.5,0
flow_1012.13,52.0,3.5,0
flow_10.10,48.0,3.0,0
flow_301.34,78.5,4.0,0
flow_1012.14,44.5,4.0,0
flow_30.33,78.0,4.5,0
flow_3012.42,77.5,3.5,0
flow_30.34,74.0,2.5,0
flow_30.35,73.0,2.5,0
flow_3012.43,73.0,3.0,0
flow_3012.44,72.0,3.5,0
flow_3012.45,70.0,3.5,0
flow_3012.46,69.5,4.0,0
flow_10.11,26.0,5.0,0
flow_301.35,59.0,2.5,0
flow_30.36,52.0,2.5,0
flow_3012.47,34.5,3.5,0
flow_00.13,51.5,4.0,0
flow_201.11,39.5,3.5,0
flow_001.10,51.5,3.0,0
flow_001.11,27.5,3.0,0
flow_00.14,23.5,2.5,0
flow_001.12,28.0,3.5,0
flow_201.12,25.5,2.5,0
flow_3012.48,77.0,4.5,0
flow_1012.15,68.0,4.5,0
flow_1012.16,54.5,4.5,0
flow_101.5,37.5,3.0,0
flow_301.36,81.5,4.5,0
flow_301.37,79.5,3.0,0
flow_3012.49,77.0,4.0,0
flow_3012.50,75.5,4.0,0
flow_301.38,74.5,3.0,0
flow_3012.51,69.0,3.5,0
flow_301.39,67.5,2.5,0
flow_30.37,65.5,2.5,0
flow_3012.52,64.5,3.0,0
flow_30.38,62.5,2.5,0
flow_30.39,60.0,2.5,0
flow_301.40,34.0,2.5,0
flow_2012.12,24.0,3.0,0
flow_0012.13,62.5,4.5,0
flow_001.13,27.5,3.0,0
flow_00.15,23.5,2.0,0
flow_3012.53,77.0,4.5,0
flow_30.40,75.0,3.0,0
flow_101.6,51.5,7.5,0
flow_30.41,73.5,3.0,0
flow_30.42,72.5,3.0,0
flow_3012.54,71.5,3.5,0
flow_30.43,68.5,2.5,0
flow_3012.55,68.0,3.0,0
flow_301.41,68.0,3.0,0
flow_101.7,25.5,2.5,0
flow_3012.56,67.0,4.0,0
flow_301.42,64.5,3.0,0
flow_3012.57,63.5,3.5,0
flow_3012.58,61.5,3.5,0
flow_3012.59,31.0,3.5,0
flow_10.12,26.5,5.5,0
flow_3012.60,31.0,6.5,0
flow_201.13,73.5,3.5,0
flow_20.9,65.5,3.0,0
flow_2012.13,57.5,3.5,0
flow_2012.14,56.5,3.5,0
flow_2012.15,23.0,3.0,0
flow_0012.14,25.5,3.5,0
flow_2012.16,25.5,3.0,0
flow_201.14,26.0,3.0,0
flow_2012.17,24.5,3.0,0
flow_2012.18,25.0,3.5,0
flow_30.44,75.0,4.0,0
flow_101.8,73.5,3.5,0
flow_10.13,71.0,3.0,0
flow_30.45,74.0,3.0,0
flow_10.14,44.0,3.0,0
flow_301.43,73.0,2.5,0
flow_3012.61,72.0,3.5,0
flow_1012.17,43.5,3.5,0
flow_1012.18,31.0,3.5,0
flow_301.44,75.5,4.5,0
flow_30.46,72.5,3.0,0
flow_301.45,71.5,2.5,0
flow_3012.62,70.5,3.5,0
flow_30.47,67.0,2.5,0
flow_101.9,28.5,4.0,0
flow_3012.63,68.0,3.5,0
flow_301.46,66.5,3.0,0
flow_30.48,62.0,2.5,0
flow_30.49,32.0,2.5,0
flow_00.16,72.0,4.0,0
flow_20.10,60.0,4.0,0
flow_00.17,62.5,3.5,0
flow_0012.15,35.0,3.5,0
flow_2012.19,55.0,5.5,0
flow_201.15,53.5,3.5,0
flow_20.11,31.5,3.0,0
flow_30.50,78.0,4.0,0
flow_10.15,36.5,4.0,0
flow_301.0,43.5,3.5,0
flow_30.0,43.5,3.0,0
flow_1012.0,27.5,4.5,0
flow_301.1,47.0,3.5,0
flow_301.2,46.5,3.0,0
flow_3012.0,44.5,3.5,0
flow_30.1,34.5,2.5,0
flow_3012.1,43.5,4.0,0
flow_30.2,34.5,2.5,0
flow_301.3,71.5,3.5,0
flow_30.3,65.5,3.5,0
flow_1012.1,76.0,7.0,0
flow_101.0,41.5,3.0,0
flow_10.0,38.5,3.0,0
flow_30.4,43.0,3.0,0
flow_301.4,34.0,2.5,0
flow_101.1,38.0,2.5,0
flow_10.1,35.0,2.5,0
flow_10.2,33.5,2.5,0
flow_101.2,33.0,2.5,0
flow_301.5,25.5,2.5,0
flow_301.6,25.5,2.5,0
flow_1012.2,26.5,5.0,0
flow_30.5,24.5,2.5,0
flow_30.6,23.0,2.0,0
flow_10.3,21.5,2.0,0
flow_0012.0,71.5,4.5,0
flow_0012.1,33.5,4.5,0
flow_00.0,22.0,2.0,0
flow_2012.0,24.5,3.0,0
flow_301.7,72.5,3.5,0
flow_101.3,71.0,3.5,0
flow_3012.2,71.0,3.5,0
flow_1012.3,66.5,3.5,0
flow_1012.4,31.5,3.5,0
flow_30.7,71.5,6.0,0
flow_3012.3,62.0,4.5,0
flow_30.8,50.5,3.0,0
flow_3012.4,49.0,3.5,0
flow_301.8,48.0,2.5,0
flow_30.9,43.5,2.5,0
flow_30.10,42.0,2.5,0
flow_30.11,40.5,2.5,0
flow_3012.5,28.5,3.0,0
flow_30.12,25.5,2.0,0
flow_301.9,27.0,2.5,0
flow_101.4,27.0,3.0,0
flow_00.1,38.0,4.0,0
flow_20.0,71.5,4.0,0
flow_20.1,49.0,3.5,0
flow_00.2,21.5,2.0,0
flow_001.0,24.5,2.5,0
flow_3012.6,45.5,4.5,0
flow_101.5,71.0,7.5,0
flow_3012.7,48.0,5.0,0
flow_10.4,52.5,3.0,0
flow_30.13,33.0,3.5,0
flow_30.14,30.5,3.0,0
flow_3012.8,25.5,3.0,0
flow_101.6,25.5,2.5,0
flow_301.10,25.5,2.5,0
flow_3012.9,26.0,3.5,0
flow_00.3,60.0,4.0,0
flow_20.2,54.5,4.0,0
flow_2012.1,51.0,4.5,0
flow_0012.2,28.5,4.5,0
flow_00.4,20.5,1.5,0
flow_30.15,70.5,4.0,0
flow_30.16,64.0,3.0,0
flow_30.17,62.5,3.0,0
flow_3012.10,59.0,3.5,0
flow_3012.11,53.5,4.0,0
flow_301.11,52.5,2.5,0
flow_3012.12,51.0,3.5,0
flow_30.18,47.0,2.5,0
flow_3012.13,44.5,3.0,0
flow_3012.14,44.0,3.5,0
flow_3012.15,42.5,4.5,0
flow_3012.16,41.5,4.5,0
flow_301.12,29.5,2.5,0
flow_3012.17,27.5,3.5,0
flow_301.13,25.5,2.0,0
flow_00.5,62.5,4.0,0
flow_0012.3,63.5,4.0,0
flow_00.6,29.5,3.0,0
flow_001.1,25.5,2.5,0
flow_20.3,23.0,2.0,0
flow_20.4,21.0,1.5,0
flow_001.2,27.0,3.0,0
flow_3012.18,71.5,4.5,0
flow_1012.5,65.0,4.5,0
flow_30.19,69.5,3.0,0
flow_101.7,62.5,3.0,0
flow_301.14,70.0,3.0,0
flow_101.8,49.0,3.0,0
flow_3012.19,69.5,4.0,0
flow_30.20,65.5,3.0,0
flow_1012.6,41.0,4.0,0
flow_301.15,67.0,3.0,0
flow_3012.20,64.5,3.5,0
flow_10.5,22.5,2.0,0
flow_301.16,63.0,3.0,0
flow_301.17,62.0,3.0,0
flow_3012.21,60.0,3.5,0
flow_30.21,57.5,2.5,0
flow_101.9,29.0,5.5,0
flow_301.18,57.0,3.0,0
flow_1012.7,27.5,4.0,0
flow_301.19,34.0,3.5,0
flow_00.7,43.5,4.0,0
flow_201.0,33.5,3.5,0
flow_0012.4,40.5,4.0,0
flow_0012.5,32.0,4.0,0
flow_20.5,23.5,2.5,0
flow_001.3,31.0,2.5,0
flow_0012.6,26.0,3.5,0
flow_301.20,79.0,3.5,0
flow_101.10,60.5,3.5,0
flow_10.6,51.0,3.0,0
flow_30.22,78.0,3.0,0
flow_3012.22,78.0,3.5,0
flow_30.23,73.5,3.0,0
flow_3012.23,78.0,4.0,0
flow_30.24,72.0,3.0,0
flow_101.11,30.5,4.0,0
flow_3012.24,73.0,3.5,0
flow_1012.8,25.5,3.0,0
flow_30.25,71.5,5.0,0
flow_301.21,65.0,3.0,0
flow_1012.9,26.0,4.0,0
flow_301.22,65.5,3.5,0
flow_3012.25,64.5,3.5,0
flow_301.23,51.5,3.0,0
flow_001.4,57.5,3.5,0
flow_201.1,75.0,4.0,0
flow_0012.7,50.5,4.0,0
flow_00.8,33.0,3.0,0
flow_201.2,64.5,7.0,0
flow_20.6,61.5,3.0,0
flow_2012.2,55.0,3.5,0
flow_00.9,25.0,3.0,0
flow_20.7,20.5,2.0,0
flow_201.3,25.0,2.5,0
flow_1012.10,68.0,4.0,0
flow_30.26,86.5,6.5,0
flow_101.12,49.0,3.0,0
flow_3012.26,86.0,5.0,0
flow_1012.11,48.0,3.5,0
flow_3012.27,85.0,4.0,0
flow_1012.12,45.0,4.0,0
flow_3012.28,83.5,4.5,0
flow_1012.13,36.5,4.5,0
flow_301.24,84.0,3.5,0
flow_101.13,25.5,2.5,0
flow_30.27,81.0,3.0,0
flow_30.28,80.5,2.5,0
flow_30.29,76.0,2.5,0
flow_301.25,81.5,3.5,0
flow_301.26,69.0,2.5,0
flow_30.30,55.0,2.5,0
flow_30.31,50.5,2.5,0
flow_3012.29,33.0,3.0,0
flow_0012.8,73.0,4.5,0
flow_00.10,30.0,3.0,0
flow_001.5,24.5,2.5,0
flow_301.27,73.0,3.5,0
flow_301.28,72.0,3.0,0
flow_3012.30,70.0,3.5,0
flow_301.29,61.5,3.0,0
flow_10.7,22.0,2.0,0
flow_301.30,52.0,3.5,0
flow_301.31,39.5,3.0,0
flow_3012.31,37.5,3.5,0
flow_301.32,33.0,2.5,0
flow_30.32,23.0,2.0,0
flow_10.8,20.0,1.5,0
flow_30.33,21.5,1.5,0
flow_3012.32,24.0,3.0,0
flow_301.33,27.0,3.0,0
flow_0012.9,60.5,4.5,0
flow_20.8,24.0,2.5,0
flow_20.9,23.0,2.0,0
flow_201.4,27.0,3.0,0
flow_20.10,23.0,2.0,0
flow_0012.10,27.5,4.5,0
flow_001.6,25.0,2.5,0
flow_20.11,20.5,1.5,0
flow_0012.11,24.5,3.0,0
flow_30.34,73.5,4.0,0
flow_101.14,72.0,3.5,0
flow_301.34,74.0,3.5,0
flow_3012.33,71.5,3.5,0
flow_1012.14,75.0,5.0,0
flow_1012.15,74.0,4.5,0
flow_3012.34,71.0,3.5,0
flow_10.9,33.0,4.0,0
flow_3012.35,65.5,6.5,0
flow_3012.36,64.0,4.0,0
flow_30.35,59.0,3.0,0
flow_3012.37,60.0,4.0,0
flow_301.35,38.0,2.5,0
flow_30.36,29.0,2.5,0
flow_00.11,51.5,4.0,0
flow_0012.12,50.5,3.5,0
flow_00.12,35.5,3.0,0
flow_001.7,34.0,2.5,0
flow_001.8,24.5,2.5,0
flow_2012.3,28.5,5.0,0
flow_30.37,69.5,3.0,0
flow_3012.38,75.0,5.0,0
flow_101.15,52.0,8.0,0
flow_301.36,70.0,3.0,0
flow_10.10,48.5,3.0,0
flow_30.38,67.0,2.5,0
flow_10.11,29.5,3.0,0
flow_301.37,67.5,2.5,0
flow_301.38,54.0,2.5,0
flow_301.39,53.0,3.0,0
flow_30.39,48.0,2.5,0
flow_3012.39,46.0,3.0,0
flow_30.40,40.5,2.5,0
flow_3012.40,45.5,3.5,0
flow_10.12,26.0,5.0,0
flow_301.40,32.5,3.0,0
flow_30.41,28.5,2.5,0
flow_3012.41,27.0,3.5,0
flow_1012.16,25.5,3.5,0
flow_301.41,29.5,5.5,0
flow_20.12,33.5,4.0,0
flow_001.9,73.0,3.5,0
flow_2012.4,34.0,3.5,0
flow_20.13,27.5,2.5,0
flow_00.13,73.0,4.5,0
flow_0012.13,41.0,4.0,0
flow_20.14,30.0,6.0,0
flow_001.10,25.5,2.5,0
flow_301.42,71.0,3.5,0
flow_30.42,72.0,3.5,0
flow_30.43,69.5,3.5,0
flow_30.44,57.0,3.0,0
flow_301.43,49.5,3.0,0
flow_101.16,25.5,2.5,0
flow_301.44,48.5,3.0,0
flow_3012.42,41.0,3.5,0
flow_301.45,37.5,3.0,0
flow_3012.43,35.5,3.0,0
flow_30.45,32.0,2.5,0
flow_3012.44,33.5,3.5,0
flow_30.46,29.5,2.5,0
flow_10.13,23.0,2.5,0
flow_001.11,32.5,3.5,0
flow_20.15,20.5,1.5,0
flow_0012.14,26.0,3.5,0
flow_10.14,50.5,4.0,0
flow_301.46,70.0,3.5,0
flow_1012.17,50.0,4.0,0
flow_30.47,70.0,6.0,0
flow_101.17,43.5,3.0,0
flow_30.48,69.5,4.0,0
flow_101.18,42.5,3.0,0
flow_30.49,68.0,3.5,0
flow_3012.45,65.5,3.5,0
flow_1012.18,44.5,5.0,0
flow_301.47,66.5,3.0,0
flow_1012.19,26.5,4.0,0
flow_10.15,22.5,2.0,0
flow_30.50,66.0,5.5,0
flow_3012.46,65.0,5.0,0
flow_301.48,64.0,3.0,0
flow_301.49,63.0,3.5,0
flow_101.19,26.0,3.0,0
flow_301.50,62.0,3.5,0
flow_3012.47,59.0,3.5,0
flow_2012.5,25.5,3.5,0
flow_2012.6,28.5,4.0,0
flow_30.51,83.5,4.0,0
flow_001.0,25.5,2.5,0
flow_0012.0,24.0,3.0,0
flow_1012.0,54.5,4.0,0
flow_10.0,53.0,3.0,0
flow_10.1,50.0,3.0,0
flow_1012.1,48.5,3.5,0
flow_1012.2,44.0,3.5,0
flow_101.0,33.0,2.0,0
flow_1012.3,26.0,3.5,0
flow_10.2,22.0,2.0,0
flow_301.0,25.5,2.5,0
flow_101.1,25.5,3.0,0
flow_10.3,22.0,2.0,0
flow_2012.0,57.0,4.5,0
flow_0012.1,56.5,5.0,0
flow_2012.1,50.5,4.0,0
flow_0012.2,46.5,4.0,0
flow_001.1,40.0,3.0,0
flow_001.2,39.0,3.0,0
flow_001.3,38.5,3.0,0
flow_0012.3,38.0,4.0,0
flow_0012.4,25.5,3.5,0
flow_301.1,72.5,3.5,0
flow_101.2,25.5,2.5,0
flow_30.0,65.5,3.0,0
flow_101.3,26.5,2.5,0
flow_301.2,51.5,3.0,0
flow_10.4,22.0,1.5,0
flow_101.4,26.5,3.0,0
flow_1012.4,24.5,3.0,0
flow_301.3,25.5,2.5,0
flow_10.5,22.0,2.0,0
flow_2012.2,69.0,4.5,0
flow_001.4,60.0,7.5,0
flow_201.0,24.5,2.5,0
flow_0012.5,24.5,3.0,0
flow_00.0,22.0,2.0,0
flow_101.5,68.5,3.5,0
flow_10.6,66.5,3.0,0
flow_301.4,74.5,4.0,0
flow_1012.5,67.5,3.5,0
flow_3012.0,51.0,7.0,0
flow_101.6,67.0,3.0,0
flow_1012.6,65.0,3.0,0
flow_1012.7,60.0,3.5,0
flow_1012.8,53.0,3.5,0
flow_1012.9,38.0,3.5,0
flow_10.7,35.5,2.5,0
flow_101.7,34.0,2.5,0
flow_10.8,29.0,2.5,0
flow_1012.10,28.0,2.5,0
flow_10.9,25.5,2.0,0
flow_0012.6,68.0,5.0,0
flow_10.10,63.0,4.0,0
flow_301.5,57.5,3.5,0
flow_10.11,56.0,3.0,0
flow_1012.11,57.5,4.0,0
flow_3012.1,41.5,6.0,0
flow_3012.2,37.5,4.0,0
flow_1012.12,56.0,4.0,0
flow_10.12,35.5,2.5,0
flow_101.8,37.0,3.0,0
flow_101.9,35.5,3.0,0
flow_10.13,21.0,2.0,0
flow_101.10,34.5,3.0,0
flow_10.14,21.5,2.0,0
flow_10.15,21.5,1.5,0
flow_10.16,22.0,2.0,0
flow_201.1,40.0,3.5,0
flow_001.5,66.0,3.5,0
flow_00.1,42.0,3.0,0
flow_001.6,42.0,3.0,0
flow_001.7,31.5,3.0,0
flow_00.2,28.0,2.5,0
flow_0012.7,28.0,3.0,0
flow_10.17,62.0,4.0,0
flow_30.1,62.0,4.0,0
flow_10.18,32.5,3.0,0
flow_101.11,24.0,2.5,0
flow_10.19,21.5,2.0,0
flow_3012.3,25.0,3.0,0
flow_1012.13,28.0,4.0,0
flow_30.2,23.0,2.5,0
flow_1012.14,26.5,3.5,0
flow_1012.15,24.5,3.0,0
flow_101.12,25.0,2.5,0
flow_2012.3,63.5,4.0,0
flow_0012.8,74.5,4.5,0
flow_20.0,45.0,3.0,0
flow_001.8,69.5,3.0,0
flow_001.9,56.0,3.0,0
flow_001.10,50.0,3.0,0
flow_3012.4,59.5,4.0,0
flow_10.20,71.5,6.5,0
flow_30.3,56.0,3.0,0
flow_1012.16,72.0,5.5,0
flow_3012.5,53.0,4.0,0
flow_1012.17,71.0,4.0,0
flow_101.13,70.0,3.0,0
flow_301.6,38.5,3.5,0
flow_1012.18,70.0,4.0,0
flow_3012.6,38.5,4.0,0
flow_10.21,68.0,3.5,0
flow_1012.19,67.0,3.5,0
flow_1012.20,67.0,4.0,0
flow_1012.21,66.0,4.0,0
flow_101.14,62.5,3.0,0
flow_10.22,57.0,2.5,0
flow_301.7,26.0,3.0,0
flow_10.23,42.0,2.5,0
flow_30.4,21.0,2.0,0
flow_101.15,34.0,2.5,0
flow_20.1,54.5,4.0,0
flow_001.11,61.0,3.5,0
flow_00.3,23.0,2.0,0
flow_20.2,44.0,3.0,0
flow_2012.4,28.0,3.0,0
flow_2012.5,23.5,3.0,0
flow_1012.22,78.5,4.5,0
flow_30.5,22.0,2.0,0
flow_10.24,75.5,3.0,0
flow_1012.23,76.5,3.5,0
flow_3012.7,25.5,3.0,0
flow_10.25,76.0,4.0,0
flow_10.26,71.5,3.0,0
flow_101.16,76.5,3.5,0
flow_10.27,70.5,3.0,0
flow_1012.24,73.0,4.0,0
flow_1012.25,70.5,4.5,0
flow_1012.26,69.0,4.0,0
flow_30.6,21.5,1.5,0
flow_101.17,67.0,2.5,0
flow_10.28,64.0,2.5,0
flow_1012.27,32.0,3.5,0
flow_10.29,28.0,2.5,0
flow_00.4,63.5,4.0,0
flow_001.12,45.5,3.0,0
flow_0012.9,33.5,3.5,0
flow_20.3,20.5,1.5,0
flow_001.13,25.5,2.5,0
flow_3012.8,56.0,4.0,0
flow_30.7,22.0,2.0,0
flow_101.18,78.5,7.0,0
flow_10.30,77.0,3.5,0
flow_10.31,76.0,3.0,0
flow_301.8,24.0,2.5,0
flow_10.32,74.5,3.0,0
flow_10.33,73.0,3.0,0
flow_10.34,71.5,3.0,0
flow_101.19,71.5,2.5,0
flow_1012.28,69.5,3.0,0
flow_1012.29,68.5,3.5,0
flow_1012.30,67.0,3.5,0
flow_30.8,27.5,6.0,0
flow_1012.31,70.5,7.5,0
flow_101.20,67.0,3.5,0
flow_0012.10,74.0,4.5,0
flow_00.5,23.5,2.0,0
flow_00.6,21.0,1.5,0
flow_001.14,26.0,3.0,0
flow_30.9,57.5,4.0,0
flow_10.35,81.5,4.0,0
flow_101.21,80.0,3.0,0
flow_1012.32,78.5,3.5,0
flow_3012.9,54.0,5.0,0
flow_10.36,75.5,2.5,0
flow_301.9,38.5,3.5,0
flow_1012.33,78.0,4.5,0
flow_30.10,39.0,5.0,0
flow_1012.34,80.0,7.5,0
flow_101.22,71.5,3.5,0
flow_10.37,69.0,3.0,0
flow_101.23,66.5,3.0,0
flow_10.38,61.5,2.5,0
flow_10.39,55.5,2.5,0
flow_1012.35,50.0,3.5,0
flow_3012.10,29.0,5.5,0
flow_1012.36,35.5,4.0,0
flow_2012.6,60.5,4.5,0
flow_001.15,67.5,7.5,0
flow_00.7,41.5,3.5,0
flow_201.2,24.5,2.0,0
flow_20.4,22.0,2.0,0
flow_10.40,78.5,4.0,0
flow_30.11,45.0,4.0,0
flow_10.41,78.5,3.0,0
flow_3012.11,38.0,6.5,0
flow_10.42,79.5,5.5,0
flow_1012.37,78.5,4.0,0
flow_3012.12,40.0,7.0,0
flow_101.24,80.0,2.5,0
flow_101.25,79.5,3.0,0
flow_101.26,67.5,3.5,0
flow_101.27,67.0,3.5,0
flow_1012.38,62.0,3.5,0
flow_101.28,61.0,3.0,0
flow_1012.39,55.0,3.5,0
flow_10.43,48.0,2.5,0
flow_20.5,63.0,4.0,0
flow_001.16,32.0,3.5,0
flow_001.17,24.5,2.0,0
flow_00.8,21.0,1.5,0
flow_101.29,85.0,3.5,0
flow_301.10,74.5,3.5,0
flow_10.44,81.0,3.0,0
flow_301.11,73.0,3.0,0
flow_301.12,72.5,3.0,0
flow_10.45,77.0,2.5,0
flow_101.30,82.5,3.5,0
flow_301.13,63.0,3.0,0
flow_10.46,76.0,2.5,0
flow_10.47,74.0,2.5,0
flow_10.48,73.0,2.5,0
flow_101.31,73.0,2.5,0
flow_101.32,71.5,3.0,0
flow_1012.40,70.0,3.5,0
flow_10.49,67.5,2.5,0
flow_101.33,65.0,2.0,0
flow_10.50,27.5,2.0,0
flow_10.51,24.5,2.5,0
flow_10.52,23.0,2.5,0
flow_2012.7,69.0,4.5,0
flow_20.6,63.5,3.0,0
flow_001.18,75.0,7.5,0
flow_2012.8,51.5,4.0,0
flow_20.7,22.5,2.5,0
flow_00.9,62.0,5.5,0
flow_00.10,60.5,3.5,0
flow_00.11,54.5,3.0,0
flow_201.3,25.0,2.5,0
flow_00.12,46.5,3.0,0
flow_001.19,30.0,3.0,0
flow_10.53,70.0,4.0,0
flow_301.14,73.0,3.5,0
flow_101.34,70.5,3.0,0
flow_301.15,71.0,3.5,0
flow_10.54,69.0,3.0,0
flow_3012.13,49.5,6.5,0
flow_30.12,47.0,3.5,0
flow_101.35,74.5,3.0,0
flow_10.55,70.0,2.5,0
flow_101.36,70.0,2.5,0
flow_10.56,67.0,2.5,0
flow_1012.41,66.5,3.0,0
flow_101.37,64.5,3.0,0
flow_1012.42,52.5,3.5,0
flow_101.38,49.0,3.0,0
flow_1012.43,47.0,3.0,0
flow_201.4,64.5,3.5,0
flow_001.20,42.5,3.5,0
flow_00.13,28.5,3.0,0
flow_00.14,21.5,2.0,0
flow_001.21,25.5,3.0,0
flow_10.57,83.5,4.0,0
flow_301.16,75.0,3.5,0
flow_101.39,82.0,3.0,0
flow_1012.44,79.0,3.5,0
flow_3012.14,44.0,5.0,0
flow_101.40,80.0,3.5,0
flow_10.58,73.5,2.5,0
flow_101.41,78.5,3.5,0
flow_301.17,25.5,2.5,0
flow_101.42,74.0,2.5,0
flow_1012.45,57.5,3.5,0
flow_10.59,53.5,2.5,0
flow_1012.46,54.5,3.5,0
flow_101.43,46.0,2.5,0
flow_1012.47,45.5,3.5,0
flow_10.60,30.5,3.0,0
flow_10.61,27.5,2.5,0
flow_101.44,25.5,2.0,0
flow_201.5,53.0,3.5,0
flow_0012.11,60.5,6.5,0
flow_0012.12,48.5,4.0,0
flow_20.8,52.5,4.0,0
flow_00.15,45.0,3.0,0
flow_20.9,48.0,3.5,0
flow_001.22,40.5,3.0,0
flow_20.10,23.0,2.5,0
flow_20.11,20.5,1.5,0
flow_001.23,25.5,2.5,0
flow_30.13,33.0,4.0,0
flow_201.0,25.5,2.5,0
flow_00.0,21.0,1.5,0
flow_201.1,25.5,2.5,0
flow_201.2,27.0,3.0,0
flow_001.0,25.0,2.5,0
flow_20.0,20.5,1.5,0
flow_001.1,24.0,2.5,0
flow_201.3,24.5,2.0,0
flow_001.2,26.0,3.0,0
flow_1012.0,47.5,4.5,0
flow_3012.0,49.0,4.5,0
flow_1012.1,47.0,4.0,0
flow_10.0,31.5,3.0,0
flow_30.0,40.5,6.0,0
flow_3012.1,38.5,5.5,0
flow_10.1,33.0,5.5,0
flow_30.1,25.0,2.0,0
flow_10.2,21.5,2.0,0
flow_00.1,67.5,4.0,0
flow_20.1,69.0,4.0,0
flow_001.3,63.5,3.0,0
flow_2012.0,40.5,5.0,0
flow_2012.1,28.5,4.0,0
flow_20.2,22.0,2.0,0
flow_001.4,66.0,4.5,0
flow_001.5,64.5,3.0,0
flow_2012.2,26.5,3.5,0
flow_00.2,58.0,5.5,0
flow_0012.0,50.0,5.0,0
flow_0012.1,24.5,3.0,0
flow_2012.3,26.0,3.5,0
flow_30.2,45.0,4.0,0
flow_101.0,72.5,3.5,0
flow_301.0,44.0,3.0,0
flow_10.3,54.5,3.5,0
flow_101.1,53.5,3.0,0
flow_301.1,44.0,3.0,0
flow_10.4,51.5,3.0,0
flow_301.2,35.5,3.0,0
flow_101.2,41.0,2.5,0
flow_10.5,38.5,2.5,0
flow_1012.2,37.0,3.0,0
flow_10.6,21.0,1.5,0
flow_10.7,21.5,2.0,0
flow_1012.3,28.0,4.0,0
flow_201.4,61.5,3.5,0
flow_001.6,73.0,3.5,0
flow_20.3,30.0,3.0,0
flow_001.7,41.0,3.0,0
flow_20.4,29.0,3.0,0
flow_2012.4,24.5,3.0,0
flow_2012.5,25.0,3.0,0
flow_20.5,21.0,1.5,0
flow_1012.4,71.5,4.5,0
flow_3012.2,74.0,4.5,0
flow_1012.5,71.0,4.0,0
flow_101.3,69.5,3.0,0
flow_301.3,57.0,4.0,0
flow_1012.6,69.5,4.0,0
flow_3012.3,50.0,3.5,0
flow_10.8,67.0,3.0,0
flow_10.9,63.0,3.0,0
flow_30.3,46.0,3.0,0
flow_301.4,51.5,3.5,0
flow_3012.4,42.0,3.0,0
flow_1012.7,61.5,3.5,0
flow_1012.8,59.5,3.5,0
flow_10.10,30.5,3.0,0
flow_301.5,28.0,3.0,0
flow_30.4,21.0,2.0,0
flow_101.4,27.0,3.0,0
flow_1012.9,26.0,3.5,0
flow_1012.10,26.0,3.5,0
flow_00.3,56.5,7.0,0
flow_2012.6,78.0,5.0,0
flow_2012.7,53.0,6.5,0
flow_201.5,50.0,3.5,0
flow_001.8,51.0,4.0,0
flow_2012.8,50.5,4.5,0
flow_0012.2,25.5,3.5,0
flow_00.4,22.0,2.0,0
flow_20.6,48.0,3.0,0
flow_201.6,52.5,6.5,0
flow_2012.9,48.5,3.5,0
flow_201.7,46.5,3.0,0
flow_00.5,20.5,1.5,0
flow_201.8,44.0,2.5,0
flow_2012.10,44.5,5.5,0
flow_20.7,40.0,3.5,0
flow_10.11,64.0,4.0,0
flow_3012.5,77.0,7.5,0
flow_3012.6,75.5,4.5,0
flow_3012.7,73.0,4.5,0
flow_301.6,70.5,3.0,0
flow_101.5,71.0,4.0,0
flow_3012.8,72.0,4.5,0
flow_30.5,68.5,3.0,0
flow_101.6,73.5,4.0,0
flow_3012.9,70.0,4.5,0
flow_10.12,71.0,4.5,0
flow_301.7,67.0,3.0,0
flow_10.13,65.0,2.5,0
flow_1012.11,69.5,4.0,0
flow_301.8,64.5,6.5,0
flow_3012.10,61.5,3.5,0
flow_1012.12,60.5,4.5,0
flow_301.9,62.0,3.0,0
flow_101.7,50.0,3.5,0
flow_001.9,58.0,3.5,0
flow_20.8,58.0,4.0,0
flow_20.9,57.0,3.5,0
flow_0012.3,59.0,5.5,0
flow_20.10,58.5,5.5,0
flow_0012.4,43.5,7.0,0
flow_00.6,39.0,3.5,0
flow_201.9,64.0,3.5,0
flow_001.10,28.0,3.0,0
flow_2012.11,64.5,4.5,0
flow_0012.5,26.0,3.5,0
flow_20.11,40.0,3.5,0
flow_20.12,37.0,3.0,0
flow_2012.12,33.5,3.5,0
flow_2012.13,27.0,4.0,0
flow_301.10,75.0,3.5,0
flow_1012.13,93.5,6.5,0
flow_101.8,77.5,3.0,0
flow_30.6,66.0,3.5,0
flow_101.9,77.5,3.0,0
flow_301.11,55.5,3.0,0
flow_1012.14,60.0,4.0,0
flow_3012.11,47.0,4.0,0
flow_10.14,48.0,3.0,0
flow_30.7,40.5,3.0,0
flow_30.8,39.0,3.0,0
flow_1012.15,50.5,6.0,0
flow_10.15,47.5,3.5,0
flow_30.9,32.5,6.0,0
flow_10.16,46.5,3.0,0
flow_30.10,25.5,3.0,0
flow_101.10,46.0,2.5,0
flow_301.12,25.0,2.5,0
flow_10.17,43.0,2.5,0
flow_30.11,22.5,2.0,0
flow_1012.16,45.5,5.0,0
flow_3012.12,24.5,3.0,0
flow_101.11,46.0,5.5,0
flow_2012.14,51.5,4.5,0
flow_001.11,78.0,7.5,0
flow_001.12,55.5,3.0,0
flow_001.13,44.0,3.0,0
flow_00.7,41.0,3.0,0
flow_001.14,39.5,2.5,0
flow_001.15,39.5,3.0,0
flow_00.8,35.5,2.5,0
flow_00.9,27.0,2.5,0
flow_20.13,22.0,2.0,0
flow_001.16,27.0,2.5,0
flow_10.18,83.5,4.0,0
flow_301.13,68.5,3.5,0
flow_301.14,65.5,3.0,0
flow_101.12,84.0,3.5,0
flow_10.19,79.5,3.0,0
flow_30.12,53.0,3.0,0
flow_101.13,79.5,2.5,0
flow_3012.13,57.0,6.0,0
flow_10.20,79.5,3.0,0
flow_301.15,54.5,3.5,0
flow_101.14,79.5,3.0,0
flow_3012.14,47.5,5.5,0
flow_10.21,78.0,3.5,0
flow_1012.17,76.0,3.5,0
flow_1012.18,75.0,3.5,0
flow_10.22,73.0,2.5,0
flow_10.23,68.5,2.5,0
flow_1012.19,66.0,2.5,0
flow_101.15,33.0,2.0,0
flow_2012.15,56.0,4.5,0
flow_001.17,78.0,7.0,0
flow_201.10,51.0,3.0,0
flow_2012.16,49.5,3.5,0
flow_001.18,80.0,4.0,0
flow_2012.17,52.0,6.5,0
flow_2012.18,48.5,4.0,0
flow_00.10,82.5,4.5,0
flow_0012.6,81.5,3.5,0
flow_00.11,78.5,3.0,0
flow_20.14,23.0,2.5,0
flow_00.12,77.0,3.0,0
flow_00.13,72.5,2.5,0
flow_001.19,73.0,2.5,0
flow_2012.19,26.5,4.0,0
flow_001.20,75.0,3.5,0
flow_2012.20,29.0,5.0,0
flow_101.16,79.5,3.5,0
flow_301.16,72.5,3.5,0
flow_3012.15,63.0,4.5,0
flow_101.17,83.5,7.0,0
flow_3012.16,63.0,5.5,0
flow_3012.17,30.0,5.0,0
flow_10.24,86.0,6.0,0
flow_3012.18,31.5,7.5,0
flow_10.25,88.0,7.5,0
flow_301.17,27.0,3.0,0
flow_30.13,23.0,2.0,0
flow_10.26,86.5,4.5,0
flow_101.18,84.5,3.0,0
flow_30.14,21.0,2.0,0
flow_101.19,80.0,3.0,0
flow_1012.20,77.5,3.5,0
flow_10.27,65.0,2.5,0
flow_1012.21,64.5,3.5,0
flow_20.15,73.0,4.0,0
flow_001.21,123.0,3.5,0
flow_00.14,107.0,3.0,0
flow_20.16,72.0,3.0,0
flow_00.15,79.5,3.0,0
flow_201.11,59.5,3.0,0
flow_001.22,79.0,2.5,0
flow_2012.21,50.5,5.5,0
flow_0012.7,78.0,3.5,0
flow_20.17,37.5,3.5,0
flow_001.23,76.5,2.5,0
flow_001.24,72.0,3.0,0
flow_201.12,25.0,2.5,0
flow_001.25,64.5,3.0,0
flow_001.26,63.5,3.0,0
flow_0012.8,60.5,3.5,0
flow_2012.22,28.0,5.5,0
flow_001.27,51.0,3.0,0
flow_20.18,21.0,2.0,0
flow_001.28,42.0,3.0,0
flow_301.18,71.5,3.5,0
flow_1012.22,114.0,6.5,0
flow_10.28,106.5,3.5,0
flow_30.15,68.5,3.5,0
flow_101.20,92.5,3.0,0
flow_301.19,59.5,3.0,0
flow_10.29,66.5,2.5,0
flow_30.16,53.0,2.5,0
flow_101.21,66.0,2.5,0
flow_301.20,41.5,2.5,0
flow_1012.23,67.0,4.5,0
flow_101.22,65.0,3.0,0
flow_1012.24,62.0,3.5,0
flow_1012.25,61.0,3.5,0
flow_1012.26,59.5,3.5,0
flow_1012.27,46.0,3.5,0
flow_10.30,35.0,3.0,0
flow_301.21,33.0,6.5,0
flow_10.31,30.0,3.0,0
flow_1012.28,28.0,3.5,0
flow_301.22,29.5,6.0,0
flow_2012.23,74.5,4.5,0
flow_20.19,72.0,3.0,0
flow_00.16,69.5,6.5,0
flow_0012.9,52.5,6.0,0
flow_20.20,70.5,5.5,0
flow_001.29,51.5,3.5,0
flow_20.21,53.0,4.0,0
flow_20.22,39.0,3.5,0
flow_001.30,28.5,3.5,0
flow_0012.10,28.0,5.0,0
flow_0012.11,27.5,4.0,0
flow_201.13,40.0,3.5,0
flow_101.23,75.0,3.5,0
flow_301.23,60.0,3.5,0
flow_1012.29,74.5,4.0,0
flow_101.24,73.0,3.0,0
flow_301.24,57.5,7.0,0
flow_1012.30,64.0,4.0,0
flow_10.32,48.5,3.0,0
flow_1012.31,62.0,4.0,0
flow_10.33,48.5,2.5,0
flow_10.34,37.0,3.0,0
flow_101.25,36.5,3.0,0
flow_10.35,33.0,2.5,0
flow_10.36,32.0,3.0,0
flow_101.26,30.0,2.5,0
flow_30.17,22.0,2.0,0
flow_1012.32,30.5,4.5,0
flow_10.37,22.5,2.5,0
flow_301.25,26.5,3.0,0
flow_001.31,51.0,3.5,0
flow_201.14,61.0,4.0,0
flow_2012.24,56.5,4.0,0
flow_201.15,46.5,3.0,0
flow_001.32,45.5,6.5,0
flow_20.23,43.5,2.5,0
flow_0012.12,46.0,5.0,0
flow_001.33,42.5,3.0,0
flow_00.17,39.5,3.0,0
flow_00.18,38.0,3.0,0
flow_201.16,25.0,2.5,0
flow_0012.13,38.5,3.5,0
flow_2012.25,25.5,3.0,0
flow_0012.14,35.5,3.5,0
flow_2012.26,26.0,3.5,0
flow_00.19,34.0,5.5,0
flow_0012.15,33.5,4.5,0
flow_2012.27,27.5,4.0,0
flow_201.17,27.0,3.0,0
flow_001.34,34.5,3.0,0
flow_3012.19,49.5,4.5,0
flow_30.18,41.5,3.0,0
flow_10.38,73.0,6.5,0
flow_1012.33,72.5,6.0,0
flow_10.39,69.5,3.5,0
flow_10.40,67.5,3.0,0
flow_301.26,38.0,3.5,0
flow_101.27,68.5,3.0,0
flow_3012.20,39.0,6.0,0
flow_30.19,24.0,2.5,0
flow_101.28,70.0,4.0,0
flow_10.41,66.5,3.0,0
flow_1012.34,66.5,3.5,0
flow_1012.35,66.5,4.0,0
flow_101.29,63.5,3.0,0
flow_10.42,59.5,2.5,0
flow_10.43,58.5,2.5,0
flow_301.27,26.0,3.0,0
flow_0012.16,74.0,4.5,0
flow_00.20,65.0,3.0,0
flow_00.21,51.0,3.0,0
flow_0012.17,50.5,3.5,0
flow_001.35,48.5,3.0,0
flow_00.22,45.0,2.5,0
flow_00.23,44.5,2.5,0
flow_00.24,42.5,3.0,0
flow_2012.28,26.0,4.0,0
flow_00.25,43.5,5.5,0
flow_0012.18,38.0,4.0,0
flow_001.36,37.0,3.0,0
flow_00.26,33.5,2.5,0
flow_2012.29,27.0,3.5,0
flow_00.27,25.0,4.5,0
flow_3012.21,71.0,4.0,0
flow_30.20,62.5,3.0,0
flow_10.44,88.0,6.5,0
flow_101.30,83.0,3.0,0
flow_10.45,79.5,3.0,0
flow_301.28,48.5,3.0,0
flow_101.31,79.5,2.5,0
flow_3012.22,38.0,4.5,0
flow_101.32,81.5,3.5,0
flow_10.46,79.0,3.0,0
flow_101.33,79.5,3.0,0
flow_10.47,75.5,2.5,0
flow_1012.36,74.5,3.0,0
flow_10.48,72.0,2.5,0
flow_10.49,70.5,2.5,0
flow_101.34,71.0,3.0,0
flow_10.50,32.0,2.5,0
flow_00.28,65.0,4.0,0
flow_2012.30,76.0,7.5,0
flow_20.24,55.5,3.5,0
flow_001.37,69.5,3.0,0
flow_20.25,54.5,3.0,0
flow_20.26,54.0,2.5,0
flow_2012.31,55.5,4.0,0
flow_201.18,52.0,2.5,0
flow_201.19,51.0,3.0,0
flow_20.27,39.0,2.5,0
flow_00.29,21.0,1.5,0
flow_201.20,33.0,2.5,0
flow_20.28,29.5,2.5,0
flow_201.21,32.5,3.0,0
flow_20.29,26.0,2.5,0
flow_00.30,21.5,2.0,0
flow_30.21,70.0,4.0,0
flow_1012.37,82.5,7.5,0
flow_1012.38,81.5,4.5,0
flow_10.51,77.5,3.5,0
flow_301.29,75.0,3.5,0
flow_1012.39,79.0,4.5,0
flow_1012.40,78.5,4.5,0
flow_1012.41,77.0,4.5,0
flow_10.52,71.0,3.0,0
flow_101.35,75.5,3.0,0
flow_301.30,79.5,7.5,0
flow_301.31,78.5,3.0,0
flow_10.53,69.0,3.0,0
flow_1012.42,74.0,5.0,0
flow_10.54,68.5,2.5,0
flow_301.32,61.0,3.5,0
flow_3012.23,47.0,4.5,0
flow_30.22,33.0,3.0,0
flow_101.36,71.5,4.0,0
flow_00.31,61.5,4.0,0
flow_201.22,58.0,3.5,0
flow_00.32,32.0,3.0,0
flow_201.23,51.0,3.0,0
flow_00.33,23.5,2.0,0
flow_201.24,32.5,3.5,0
flow_00.34,21.5,2.0,0
flow_0012.19,25.0,3.5,0
flow_201.25,25.5,2.5,0
flow_10.55,83.0,4.0,0
flow_30.23,60.0,4.0,0
flow_101.37,82.0,3.0,0
flow_3012.24,63.5,5.0,0
flow_30.24,59.5,3.0,0
flow_101.38,84.0,3.5,0
flow_301.33,45.0,2.5,0
flow_10.56,81.5,3.0,0
flow_301.34,45.0,3.0,0
flow_1012.43,82.5,4.0,0
flow_30.25,22.5,2.0,0
flow_101.39,80.0,3.0,0
flow_10.57,75.5,2.5,0
flow_10.58,75.0,2.5,0
flow_1012.44,74.0,2.5,0
flow_101.40,72.5,2.5,0
flow_10.59,71.5,2.5,0
flow_101.41,70.0,2.5,0
flow_301.35,25.0,2.5,0
flow_1012.45,34.0,3.5,0
flow_201.26,72.5,3.5,0
flow_0012.20,75.5,6.5,0
flow_00.35,62.0,3.5,0
flow_201.27,72.5,3.5,0
flow_00.36,44.0,3.0,0
flow_2012.32,72.5,4.5,0
flow_2012.33,62.5,4.0,0
flow_2012.34,61.0,3.5,0
flow_001.38,46.5,6.5,0
flow_2012.35,62.0,5.5,0
flow_20.30,31.5,3.0,0
flow_001.39,46.0,4.0,0
flow_00.37,42.5,3.0,0
flow_001.40,42.5,2.5,0
flow_2012.36,26.5,4.0,0
flow_001.41,45.0,3.5,0
flow_101.42,78.5,3.5,0
flow_2012.0,24.0,3.0,0
flow_001.0,28.5,3.5,0
flow_00.0,23.5,2.0,0
flow_3012.0,37.5,4.5,0
flow_101.0,43.0,7.0,0
flow_3012.1,40.0,5.0,0
flow_101.1,37.5,3.5,0
flow_101.2,33.5,3.0,0
flow_10.0,24.0,2.5,0
flow_101.3,24.0,2.0,0
flow_30.0,21.5,2.0,0
flow_1012.0,25.5,3.5,0
flow_10.1,22.0,2.0,0
flow_20.0,68.5,4.0,0
flow_00.1,62.5,4.0,0
flow_20.1,64.0,3.0,0
flow_0012.0,65.5,5.5,0
flow_20.2,65.0,5.5,0
flow_2012.1,63.5,4.5,0
flow_0012.1,68.5,7.0,0
flow_2012.2,57.5,3.5,0
flow_0012.2,30.5,5.0,0
flow_0012.3,29.0,4.5,0
flow_201.0,58.0,4.5,0
flow_2012.3,55.5,3.5,0
flow_0012.4,28.0,4.5,0
flow_20.3,53.0,3.0,0
flow_20.4,51.5,3.0,0
flow_20.5,50.0,3.0,0
flow_001.1,26.5,2.5,0
flow_2012.4,49.5,3.5,0
flow_0012.5,26.0,3.5,0
flow_101.4,71.0,3.5,0
flow_301.0,55.0,3.5,0
flow_1012.1,56.0,4.0,0
flow_10.2,50.5,3.0,0
flow_301.1,54.0,7.0,0
flow_1012.2,49.0,4.0,0
flow_3012.2,52.0,4.0,0
flow_1012.3,33.0,4.0,0
flow_30.1,51.0,5.0,0
flow_301.2,50.5,3.0,0
flow_301.3,41.5,3.0,0
flow_3012.3,24.0,3.0,0
flow_001.2,53.5,3.5,0
flow_201.1,87.5,3.5,0
flow_00.2,21.0,1.5,0
flow_201.2,69.5,3.0,0
flow_201.3,62.0,3.5,0
flow_20.6,57.5,3.0,0
flow_201.4,56.5,2.5,0
flow_001.3,25.5,2.5,0
flow_00.3,20.5,2.0,0
flow_20.7,52.5,2.5,0
flow_2012.5,54.0,4.5,0
flow_201.5,45.5,2.5,0
flow_201.6,44.0,3.0,0
flow_0012.6,26.5,4.5,0
flow_201.7,46.0,4.0,0
flow_201.8,45.0,3.0,0
flow_201.9,39.5,3.0,0
flow_201.10,26.0,2.5,0
flow_3012.4,71.0,5.0,0
flow_10.3,61.0,7.0,0
flow_1012.4,59.5,4.0,0
flow_3012.5,50.5,6.0,0
flow_10.4,59.0,3.5,0
flow_301.4,43.5,3.0,0
flow_10.5,58.0,3.0,0
flow_101.5,38.0,2.5,0
flow_1012.5,33.5,3.5,0
flow_1012.6,25.5,3.5,0
flow_10.6,22.5,2.0,0
flow_30.2,23.5,2.5,0
flow_00.4,21.5,2.0,0
flow_201.11,70.0,3.5,0
flow_20.8,68.5,3.0,0
flow_0012.7,26.0,4.5,0
flow_20.9,60.0,5.0,0
flow_20.10,59.0,4.0,0
flow_201.12,56.5,3.0,0
flow_2012.6,45.0,3.0,0
flow_20.11,38.5,2.5,0
flow_00.5,22.0,2.0,0
flow_201.13,38.5,2.5,0
flow_2012.7,38.0,3.5,0
flow_201.14,37.0,2.5,0
flow_2012.8,35.0,3.5,0
flow_20.12,30.0,2.5,0
flow_0012.8,24.5,3.0,0
flow_30.3,55.0,4.0,0
flow_101.6,70.0,3.5,0
flow_3012.6,43.0,4.0,0
flow_10.7,72.0,6.0,0
flow_1012.7,51.5,4.5,0
flow_3012.7,30.5,7.0,0
flow_10.8,36.5,3.5,0
flow_101.7,36.0,3.0,0
flow_101.8,25.5,2.5,0
flow_001.4,71.0,3.5,0
flow_201.15,58.5,3.5,0
flow_2012.9,55.0,3.5,0
flow_0012.9,66.0,4.0,0
flow_0012.10,61.0,4.5,0
flow_0012.11,46.0,4.0,0
flow_201.16,60.0,7.0,0
flow_0012.12,44.5,5.5,0
flow_201.17,62.0,4.0,0
flow_001.5,25.5,2.5,0
flow_201.18,61.0,3.0,0
flow_2012.10,59.5,4.0,0
flow_201.19,57.5,2.5,0
flow_2012.11,57.0,3.5,0
flow_2012.12,56.0,4.0,0
flow_201.20,45.0,2.5,0
flow_001.6,29.0,3.5,0
flow_301.5,63.0,3.5,0
flow_1012.8,66.0,6.5,0
flow_3012.8,53.5,3.5,0
flow_3012.9,28.5,3.5,0
flow_101.9,60.0,4.0,0
flow_101.10,59.0,3.0,0
flow_101.11,26.0,3.0,0
flow_10.9,22.0,2.0,0
flow_10.10,22.5,2.0,0
flow_30.4,20.5,1.5,0
flow_2012.13,93.5,4.5,0
flow_001.7,77.0,4.0,0
flow_2012.14,96.0,5.5,0
flow_00.6,59.0,3.5,0
flow_201.21,88.5,3.0,0
flow_20.13,83.0,2.5,0
flow_0012.13,33.0,5.5,0
flow_20.14,83.0,6.0,0
flow_20.15,77.5,4.0,0
flow_2012.15,68.5,3.5,0
flow_201.22,67.0,2.5,0
flow_0012.14,27.0,4.0,0
flow_201.23,64.0,3.5,0
flow_20.16,55.0,3.0,0
flow_201.24,36.5,2.5,0
flow_2012.16,35.0,3.5,0
flow_001.8,29.5,5.5,0
flow_30.5,58.0,4.0,0
flow_101.12,58.0,3.5,0
flow_1012.9,43.5,4.0,0
flow_101.13,43.0,3.0,0
flow_301.6,24.0,2.5,0
flow_101.14,31.5,3.0,0
flow_3012.10,24.5,3.0,0
flow_1012.10,25.0,3.0,0
flow_30.6,25.0,5.0,0
flow_10.11,20.5,1.5,0
flow_2012.17,81.0,4.0,0
flow_201.25,81.0,3.0,0
flow_001.9,41.0,7.0,0
flow_2012.18,67.0,4.0,0
flow_201.26,62.0,3.0,0
flow_20.17,59.5,3.0,0
flow_201.27,58.5,3.0,0
flow_201.28,50.5,2.5,0
flow_2012.19,48.5,3.0,0
flow_20.18,40.0,2.5,0
flow_2012.20,40.0,3.0,0
flow_201.29,39.0,2.5,0
flow_2012.21,36.5,3.5,0
flow_201.30,32.0,3.5,0
flow_201.31,29.5,3.5,0
flow_1012.11,72.5,4.0,0
flow_30.7,58.5,6.5,0
flow_101.15,73.0,3.0,0
flow_3012.11,44.5,5.0,0
flow_301.7,42.0,3.0,0
flow_101.16,65.0,4.0,0
flow_10.12,61.0,3.0,0
flow_301.8,40.0,3.0,0
flow_3012.12,35.5,4.5,0
flow_101.17,65.0,4.0,0
flow_101.18,30.5,3.0,0
flow_3012.13,24.5,3.0,0
flow_301.9,26.0,2.5,0
flow_30.8,22.0,2.0,0
flow_2012.22,52.5,4.0,0
flow_00.7,70.0,6.5,0
flow_201.32,52.5,3.0,0
flow_2012.23,53.5,4.5,0
flow_201.33,50.5,3.0,0
flow_20.19,48.0,2.5,0
flow_201.34,47.0,2.5,0
flow_2012.24,46.5,3.5,0
flow_201.35,47.5,3.5,0
flow_2012.25,39.5,4.0,0
flow_201.36,38.0,2.5,0
flow_2012.26,36.5,3.5,0
flow_001.10,24.0,2.5,0
flow_3012.14,72.5,4.5,0
flow_10.13,75.0,7.0,0
flow_301.10,70.0,3.0,0
flow_1012.12,71.5,4.5,0
flow_10.14,68.5,3.0,0
flow_301.11,72.0,3.5,0
flow_10.15,52.0,2.5,0
flow_1012.13,47.0,3.0,0
flow_3012.15,65.0,4.5,0
flow_1012.14,34.5,3.5,0
flow_3012.16,63.0,4.0,0
flow_3012.17,60.5,4.0,0
flow_30.9,58.0,3.0,0
flow_3012.18,57.0,3.5,0
flow_3012.19,56.5,4.0,0
flow_301.12,53.0,2.0,0
flow_101.19,27.0,3.0,0
flow_30.10,46.5,3.5,0
flow_3012.20,53.5,5.5,0
flow_30.11,33.5,3.0,0
flow_101.20,28.5,3.5,0
flow_2012.27,74.5,4.5,0
flow_20.20,72.5,3.0,0
flow_001.11,61.0,7.5,0
flow_20.21,69.5,2.5,0
flow_2012.28,74.0,4.0,0
flow_00.8,32.5,6.0,0
flow_20.22,68.5,2.5,0
flow_001.12,29.5,3.5,0
flow_2012.29,53.0,4.0,0
flow_201.37,35.0,2.0,0
flow_00.9,23.0,2.5,0
flow_201.38,25.0,2.5,0
flow_00.10,21.5,2.0,0
flow_20.23,21.0,1.5,0
flow_201.39,25.0,2.5,0
flow_30.12,75.0,4.0,0
flow_101.21,74.5,3.5,0
flow_3012.21,72.5,3.5,0
flow_30.13,62.5,3.0,0
flow_1012.15,53.5,4.0,0
flow_10.16,39.0,3.0,0
flow_101.22,38.5,2.5,0
flow_30.14,59.5,3.0,0
flow_301.13,64.5,3.0,0
flow_101.23,38.5,3.0,0
flow_30.15,52.5,3.0,0
flow_101.24,33.0,3.0,0
flow_30.16,46.0,3.0,0
flow_101.25,27.5,3.0,0
flow_3012.22,46.0,4.5,0
flow_3012.23,44.0,4.5,0
flow_30.17,40.5,3.0,0
flow_101.26,32.5,4.5,0
flow_301.14,35.5,2.5,0
flow_101.27,31.0,3.5,0
flow_1012.16,29.5,3.5,0
flow_3012.24,27.5,4.5,0
flow_3012.25,25.5,3.5,0
flow_20.24,35.5,4.0,0
flow_001.13,42.5,3.5,0
flow_00.11,33.0,3.0,0
flow_20.25,22.5,2.0,0
flow_0012.15,34.5,4.0,0
flow_20.26,20.5,1.5,0
flow_001.14,24.5,2.5,0
flow_20.27,23.5,2.5,0
flow_20.28,21.5,2.0,0
flow_001.15,27.0,3.0,0
flow_3012.26,68.0,4.5,0
flow_10.17,64.5,6.5,0
flow_10.18,55.5,4.0,0
flow_301.15,55.0,3.5,0
flow_10.19,41.5,3.0,0
flow_301.16,41.5,3.5,0
flow_1012.17,41.5,4.0,0
flow_30.18,21.0,2.0,0
flow_10.20,21.0,1.5,0
flow_3012.27,24.0,2.5,0
flow_3012.28,26.0,3.5,0
flow_101.28,24.0,2.0,0
flow_10.21,21.0,2.0,0
flow_201.40,57.0,3.5,0
flow_0012.16,70.5,6.5,0
flow_001.16,62.5,3.0,0
flow_20.29,33.5,3.0,0
flow_001.17,63.0,3.0,0
flow_20.30,21.0,2.0,0
flow_001.18,60.5,3.0,0
flow_201.41,26.0,3.0,0
flow_0012.17,25.0,3.0,0
flow_2012.30,24.5,3.0,0
flow_201.42,25.0,2.5,0
flow_101.29,68.0,3.5,0
flow_301.17,60.5,3.5,0
flow_30.19,58.0,3.0,0
flow_101.30,60.0,3.0,0
flow_30.20,57.0,3.0,0
flow_101.31,44.5,3.0,0
flow_301.18,57.0,2.5,0
flow_1012.18,33.5,5.5,0
flow_30.21,33.5,3.5,0
flow_3012.29,33.0,3.5,0
flow_30.22,26.0,3.0,0
flow_101.32,25.5,2.5,0
flow_3012.30,25.5,3.5,0
flow_30.23,21.0,1.5,0
flow_1012.19,27.5,5.5,0
flow_2012.31,72.5,4.5,0
flow_201.43,71.5,3.0,0
flow_001.19,76.0,7.5,0
flow_2012.32,72.0,4.0,0
flow_20.31,68.0,3.0,0
flow_00.12,64.5,6.0,0
flow_20.32,63.5,3.0,0
flow_00.13,56.5,4.0,0
flow_201.44,62.0,2.5,0
flow_0012.18,56.5,5.0,0
flow_001.20,55.0,3.5,0
flow_201.45,64.5,3.5,0
flow_0012.19,46.0,4.5,0
flow_001.21,43.5,3.0,0
flow_201.46,67.0,4.0,0
flow_20.33,56.5,3.0,0
flow_001.22,26.5,2.5,0
flow_20.34,46.0,3.0,0
flow_0012.20,26.5,5.0,0
flow_00.14,22.5,2.0,0
flow_201.47,42.0,3.0,0
flow_101.33,59.5,3.5,0
flow_301.19,74.5,3.5,0
flow_1012.20,54.0,3.5,0
flow_30.24,69.5,6.0,0
flow_101.34,27.0,2.5,0
flow_10.22,22.0,2.0,0
flow_301.20,67.5,3.0,0
flow_30.25,60.0,3.0,0
flow_301.21,62.0,3.0,0
flow_3012.31,49.0,3.5,0
flow_30.26,33.0,2.5,0
flow_30.27,31.5,2.5,0
flow_101.35,24.5,2.5,0
flow_3012.32,32.0,4.0,0
flow_1012.21,25.0,3.5,0
flow_30.28,31.5,5.5,0
flow_301.22,30.5,3.5,0
flow_3012.33,28.0,3.5,0
flow_301.23,28.0,2.5,0
flow_201.48,88.0,3.5,0
flow_001.23,69.5,3.5,0
flow_001.24,69.0,3.0,0
flow_201.49,84.0,3.0,0
flow_20.35,80.0,3.0,0
flow_00.15,63.5,2.5,0
flow_001.25,69.5,3.5,0
flow_201.50,78.5,2.5,0
flow_20.36,75.5,2.5,0
flow_001.26,64.5,3.0,0
flow_00.16,61.0,2.5,0
flow_20.37,71.5,2.5,0
flow_201.51,70.0,2.5,0
flow_00.17,21.0,2.0,0
flow_201.52,55.0,3.0,0
flow_20.38,51.0,2.5,0
flow_2012.33,51.5,3.0,0
flow_0012.21,25.0,3.0,0
flow_00.18,20.5,2.0,0
flow_201.53,53.0,3.0,0
flow_2012.34,44.5,5.5,0
flow_10.23,70.0,4.0,0
flow_301.24,71.0,3.5,0
flow_30.29,69.0,3.0,0
flow_10.24,69.0,3.0,0
flow_301.25,69.0,3.0,0
flow_1012.22,71.5,5.5,0
flow_30.30,68.0,3.0,0
flow_101.36,25.0,2.5,0
flow_30.31,53.0,3.0,0
flow_10.25,22.5,2.0,0
flow_301.26,25.5,3.0,0
flow_1012.23,26.0,3.5,0
flow_1012.24,26.0,3.5,0
flow_101.37,26.0,2.5,0
flow_301.27,26.5,3.0,0
flow_2012.35,67.0,4.0,0
flow_201.54,66.5,3.0,0
flow_20.39,60.5,3.0,0
flow_20.40,59.5,2.5,0
flow_20.41,58.0,2.5,0
flow_2012.36,56.5,3.0,0
flow_201.55,56.5,3.0,0
flow_20.42,52.5,2.5,0
flow_2012.37,50.0,3.5,0
flow_201.56,47.0,2.5,0
flow_00.19,22.5,2.5,0
flow_20.43,46.0,2.5,0
flow_2012.38,44.5,3.5,0
flow_2012.39,30.5,4.0,0
flow_2012.40,27.5,4.0,0
flow_00.20,23.0,2.5,0
flow_2012.41,27.0,5.5,0
flow_301.28,74.5,3.5,0
flow_201.0,26.0,3.0,0
flow_30.0,50.0,4.0,0
flow_10.0,45.5,4.0,0
flow_30.1,49.5,3.0,0
flow_10.1,33.5,3.0,0
flow_301.0,50.0,3.0,0
flow_10.2,23.5,2.0,0
flow_301.1,42.0,3.0,0
flow_30.2,38.5,2.5,0
flow_30.3,38.0,2.5,0
flow_301.2,37.0,2.5,0
flow_301.3,37.5,3.5,0
flow_3012.0,35.0,3.5,0
flow_3012.1,33.5,4.0,0
flow_30.4,29.5,2.5,0
flow_301.4,29.5,2.5,0
flow_3012.2,29.0,3.5,0
flow_301.5,24.5,2.0,0
flow_00.0,67.0,4.0,0
flow_201.1,65.0,3.5,0
flow_00.1,61.5,3.0,0
flow_2012.0,68.0,6.0,0
flow_00.2,57.0,5.5,0
flow_201.2,57.0,3.0,0
flow_20.0,43.0,3.0,0
flow_001.0,51.5,3.0,0
flow_00.3,48.5,3.0,0
flow_201.3,44.0,2.5,0
flow_00.4,48.0,3.0,0
flow_2012.1,45.5,5.0,0
flow_2012.2,39.5,4.5,0
flow_001.1,40.5,4.0,0
flow_20.1,21.0,2.0,0
flow_00.5,22.0,2.0,0
flow_201.4,25.0,2.5,0
flow_30.5,70.0,4.0,0
flow_101.0,71.5,3.5,0
flow_1012.0,60.0,3.5,0
flow_3012.3,60.5,4.0,0
flow_1012.1,51.0,4.0,0
flow_101.1,49.5,2.5,0
flow_10.3,42.5,2.5,0
flow_301.6,61.0,4.0,0
flow_30.6,58.0,3.0,0
flow_30.7,55.0,3.0,0
flow_301.7,54.0,2.5,0
flow_301.8,54.5,3.0,0
flow_30.8,51.0,2.5,0
flow_3012.4,50.5,3.0,0
flow_3012.5,49.0,3.0,0
flow_10.4,22.0,2.0,0
flow_301.9,48.5,3.0,0
flow_301.10,33.5,3.0,0
flow_3012.6,29.0,3.5,0
flow_201.5,55.5,3.5,0
flow_0012.0,64.5,6.5,0
flow_2012.3,54.0,3.5,0
flow_0012.1,61.0,4.5,0
flow_0012.2,59.5,4.5,0
flow_00.6,46.0,3.0,0
flow_201.6,26.5,3.0,0
flow_0012.3,42.5,4.0,0
flow_00.7,37.0,2.5,0
flow_20.2,25.5,4.0,0
flow_00.8,23.5,2.5,0
flow_001.2,29.0,3.5,0
flow_00.9,21.0,1.5,0
flow_2012.4,25.5,3.5,0
flow_3012.7,74.5,4.5,0
flow_10.5,73.5,6.5,0
flow_1012.2,68.5,4.0,0
flow_3012.8,74.0,5.5,0
flow_301.11,62.0,3.0,0
flow_101.2,68.5,3.0,0
flow_3012.9,63.5,5.0,0
flow_30.9,59.5,3.0,0
flow_10.6,67.5,3.0,0
flow_301.12,59.5,2.5,0
flow_10.7,60.5,3.0,0
flow_101.3,60.5,3.0,0
flow_30.10,57.0,3.0,0
flow_3012.10,62.0,5.0,0
flow_30.11,56.5,3.0,0
flow_101.4,60.5,3.5,0
flow_30.12,55.0,2.5,0
flow_101.5,58.0,3.0,0
flow_10.8,54.5,2.5,0
flow_301.13,53.5,2.5,0
flow_10.9,37.0,3.0,0
flow_3012.11,54.5,6.0,0
flow_201.7,56.0,3.5,0
flow_20.3,50.5,3.0,0
flow_00.10,21.0,1.5,0
flow_2012.5,32.5,3.5,0
flow_20.4,29.5,2.5,0
flow_0012.4,26.0,3.5,0
flow_0012.5,26.5,3.5,0
flow_001.3,24.5,2.0,0
flow_3012.12,84.0,4.0,0
flow_1012.3,72.0,4.5,0
flow_3012.13,82.5,4.0,0
flow_301.14,80.0,2.5,0
flow_101.6,74.5,4.0,0
flow_3012.14,80.5,4.0,0
flow_30.13,76.5,2.5,0
flow_101.7,47.5,3.5,0
flow_3012.15,79.0,4.0,0
flow_1012.4,47.5,4.0,0
flow_30.14,73.0,3.0,0
flow_3012.16,77.5,4.5,0
flow_30.15,71.5,3.0,0
flow_101.8,40.0,4.0,0
flow_10.10,28.0,3.0,0
flow_3012.17,73.5,4.5,0
flow_301.15,71.5,2.5,0
flow_30.16,68.5,3.0,0
flow_101.9,34.0,4.5,0
flow_10.11,22.5,2.0,0
flow_301.16,32.0,2.5,0
flow_301.17,30.0,3.0,0
flow_00.11,70.0,4.0,0
flow_201.8,72.5,3.5,0
flow_20.5,70.5,3.0,0
flow_00.12,65.0,3.5,0
flow_20.6,67.0,3.0,0
flow_001.4,64.5,3.0,0
flow_001.5,64.0,3.0,0
flow_201.9,66.0,3.5,0
flow_2012.6,56.0,3.5,0
flow_0012.6,63.0,3.5,0
flow_20.7,52.5,3.0,0
flow_20.8,51.0,2.5,0
flow_001.6,57.0,3.0,0
flow_20.9,49.5,2.5,0
flow_001.7,49.5,3.0,0
flow_001.8,39.5,3.0,0
flow_2012.7,50.0,4.5,0
flow_00.13,37.0,4.0,0
flow_2012.8,38.0,7.0,0
flow_20.10,33.5,3.5,0
flow_20.11,32.5,3.0,0
flow_001.9,42.5,3.5,0
flow_201.10,32.0,3.0,0
flow_3012.18,75.0,4.0,0
flow_10.12,66.0,6.5,0
flow_30.17,73.5,3.0,0
flow_10.13,64.5,4.0,0
flow_1012.5,57.5,3.5,0
flow_3012.19,78.0,4.0,0
flow_30.18,74.5,3.0,0
flow_30.19,73.0,2.5,0
flow_101.10,60.5,4.0,0
flow_10.14,49.5,3.0,0
flow_30.20,71.0,2.5,0
flow_1012.6,49.5,4.0,0
flow_3012.20,72.5,4.0,0
flow_3012.21,71.0,4.0,0
flow_3012.22,69.5,4.0,0
flow_30.21,65.5,2.5,0
flow_101.11,38.5,4.0,0
flow_301.18,65.5,2.5,0
flow_1012.7,35.5,4.0,0
flow_101.12,34.0,2.5,0
flow_301.19,68.0,4.0,0
flow_00.14,53.0,4.0,0
flow_201.11,64.0,3.5,0
flow_2012.9,55.5,4.0,0
flow_0012.7,54.5,4.0,0
flow_20.12,54.5,3.0,0
flow_001.10,54.5,3.5,0
flow_201.12,53.5,2.5,0
flow_001.11,47.5,3.5,0
flow_00.15,25.5,2.5,0
flow_201.13,50.0,3.0,0
flow_201.14,32.0,3.0,0
flow_2012.10,22.5,2.5,0
flow_0012.8,23.5,3.0,0
flow_2012.11,25.5,3.5,0
flow_3012.23,84.0,4.0,0
flow_1012.8,74.0,4.5,0
flow_3012.24,81.5,3.5,0
flow_1012.9,66.0,4.0,0
flow_3012.25,80.5,4.0,0
flow_1012.10,48.0,4.0,0
flow_1012.11,47.0,4.0,0
flow_10.15,43.0,2.5,0
flow_301.20,83.0,4.0,0
flow_1012.12,42.0,4.5,0
flow_30.22,82.5,4.5,0
flow_1012.13,44.5,7.5,0
flow_101.13,37.0,3.0,0
flow_301.21,86.5,3.0,0
flow_10.16,34.5,3.0,0
flow_30.23,84.5,3.0,0
flow_101.14,24.0,2.0,0
flow_3012.26,86.0,4.5,0
flow_3012.27,85.0,4.0,0
flow_3012.28,81.5,4.0,0
flow_00.16,67.0,4.0,0
flow_20.13,65.5,4.0,0
flow_20.14,53.5,3.0,0
flow_00.17,67.5,3.0,0
flow_001.12,66.5,2.5,0
flow_0012.9,49.5,3.0,0
flow_2012.12,47.0,5.0,0
flow_20.15,34.5,4.0,0
flow_001.13,35.5,3.0,0
flow_00.18,24.0,2.5,0
flow_201.15,33.5,3.0,0
flow_201.16,32.0,3.0,0
flow_2012.13,29.5,3.5,0
flow_00.19,21.0,1.5,0
flow_201.17,29.0,2.5,0
flow_2012.14,24.5,3.0,0
flow_30.24,116.5,4.0,0
flow_101.15,69.0,3.5,0
flow_30.25,111.5,3.0,0
flow_1012.14,40.5,6.0,0
flow_301.22,97.0,3.0,0
flow_1012.15,27.0,4.5,0
flow_30.26,94.5,4.5,0
flow_301.23,93.5,3.0,0
flow_30.27,88.5,3.0,0
flow_3012.29,86.5,3.5,0
flow_3012.30,84.5,4.0,0
flow_1012.16,24.5,3.0,0
flow_10.17,21.0,2.0,0
flow_301.24,84.0,3.0,0
flow_3012.31,82.5,3.5,0
flow_301.25,81.0,2.5,0
flow_2012.15,59.0,4.5,0
flow_20.16,45.5,3.0,0
flow_001.14,56.5,7.0,0
flow_20.17,41.0,3.0,0
flow_0012.10,54.0,5.0,0
flow_2012.16,40.5,3.5,0
flow_20.18,35.0,2.5,0
flow_2012.17,35.0,3.0,0
flow_20.19,32.5,2.5,0
flow_0012.11,25.0,3.5,0
flow_001.15,26.0,3.0,0
flow_201.18,26.0,3.0,0
flow_0012.12,26.5,3.5,0
flow_30.28,124.5,4.0,0
flow_101.16,72.0,3.5,0
flow_30.29,86.5,3.0,0
flow_101.17,70.5,3.0,0
flow_301.26,83.5,3.0,0
flow_1012.17,72.0,5.5,0
flow_3012.32,81.5,3.5,0
flow_1012.18,62.5,5.0,0
flow_10.18,40.0,3.0,0
flow_301.27,82.5,3.5,0
flow_1012.19,41.0,4.5,0
flow_30.30,82.0,4.5,0
flow_3012.33,81.5,3.5,0
flow_1012.20,40.0,7.5,0
flow_1012.21,36.0,5.0,0
flow_30.31,82.5,4.5,0
flow_3012.34,82.5,3.5,0
flow_1012.22,28.0,5.0,0
flow_3012.35,81.5,3.5,0
flow_301.28,80.5,3.0,0
flow_2012.18,40.5,4.0,0
flow_00.20,73.5,6.5,0
flow_201.19,40.5,3.0,0
flow_00.21,72.5,4.0,0
flow_001.16,68.0,3.0,0
flow_2012.19,35.0,4.5,0
flow_00.22,64.0,4.0,0
flow_0012.13,46.5,3.5,0
flow_2012.20,29.5,6.5,0
flow_00.23,32.0,3.0,0
flow_0012.14,30.5,3.5,0
flow_00.24,21.5,2.0,0
flow_30.32,124.5,4.0,0
flow_1012.23,39.5,7.5,0
flow_10.19,21.5,2.0,0
flow_30.33,91.0,4.0,0
flow_3012.36,90.5,4.0,0
flow_301.29,88.0,2.5,0
flow_3012.37,86.0,3.5,0
flow_301.30,85.0,2.5,0
flow_30.34,79.5,3.0,0
flow_3012.38,84.5,3.5,0
flow_30.35,79.0,2.5,0
flow_10.20,20.5,1.5,0
flow_301.31,77.5,2.5,0
flow_3012.39,77.0,3.5,0
flow_301.32,75.0,3.0,0
flow_1012.24,25.5,3.5,0
flow_30.36,34.5,5.0,0
flow_20.20,71.0,4.0,0
flow_00.25,72.5,4.0,0
flow_00.26,61.0,3.5,0
flow_2012.21,69.0,6.0,0
flow_0012.15,62.0,4.0,0
flow_201.20,57.5,3.5,0
flow_001.17,60.0,3.5,0
flow_001.18,31.0,3.5,0
flow_2012.22,53.0,6.0,0
flow_00.27,29.5,3.0,0
flow_201.21,43.0,3.0,0
flow_2012.23,42.0,4.0,0
flow_20.21,33.5,3.0,0
flow_00.28,31.5,6.0,0
flow_00.29,29.0,4.5,0
flow_00.30,28.0,3.0,0
flow_301.33,77.5,3.5,0
flow_101.18,64.5,4.0,0
flow_10.21,57.5,3.0,0
flow_301.34,78.0,3.5,0
flow_3012.40,76.5,3.5,0
flow_30.37,71.0,2.5,0
flow_301.35,76.0,3.0,0
flow_3012.41,71.5,3.5,0
flow_1012.25,27.5,4.0,0
flow_30.38,70.0,2.5,0
flow_101.19,26.0,2.5,0
flow_3012.42,69.5,3.5,0
flow_30.39,66.0,3.0,0
flow_3012.43,65.5,3.5,0
flow_3012.44,65.0,4.0,0
flow_1012.26,27.5,4.0,0
flow_3012.45,62.5,4.0,0
flow_3012.46,30.5,3.5,0
flow_3012.47,29.5,4.0,0
flow_101.20,36.0,7.0,0
flow_0012.16,64.0,4.0,0
flow_2012.24,64.0,4.0,0
flow_00.31,55.0,3.0,0
flow_201.22,59.0,3.5,0
flow_001.19,56.0,3.0,0
flow_2012.25,42.0,5.0,0
flow_00.32,48.0,3.5,0
flow_001.20,46.5,2.5,0
flow_201.23,25.0,2.5,0
flow_0012.17,44.5,5.5,0
flow_201.24,25.5,2.5,0
flow_20.22,21.0,2.0,0
flow_10.22,74.5,4.0,0
flow_3012.48,78.0,7.5,0
flow_3012.49,77.5,4.0,0
flow_10.23,80.0,6.5,0
flow_3012.50,79.0,6.5,0
flow_30.40,76.0,3.5,0
flow_101.21,84.0,3.5,0
flow_3012.51,78.0,4.5,0
flow_1012.27,84.0,4.0,0
flow_1012.28,84.5,4.5,0
flow_30.41,79.5,6.5,0
flow_1012.29,84.5,7.5,0
flow_30.42,81.5,8.0,0
flow_3012.52,79.5,5.0,0
flow_1012.30,88.0,7.0,0
flow_101.22,85.0,3.5,0
flow_201.25,73.0,3.5,0
flow_0012.18,72.0,6.5,0
flow_201.26,75.0,3.5,0
flow_20.23,56.5,3.0,0
flow_201.27,50.5,2.5,0
flow_20.24,32.0,2.5,0
flow_00.33,22.5,2.0,0
flow_00.34,22.5,2.0,0
flow_10.24,130.0,4.0,0
flow_301.36,131.0,3.5,0
flow_10.25,129.5,3.0,0
flow_3012.53,133.0,6.0,0
flow_1012.31,131.5,4.0,0
flow_3012.54,132.0,4.0,0
flow_10.26,129.5,5.5,0
flow_301.37,129.5,3.0,0
flow_3012.55,99.5,3.5,0
flow_1012.32,100.0,4.0,0
flow_30.43,95.5,4.0,0
flow_1012.33,94.5,4.5,0
flow_101.23,88.5,3.0,0
flow_30.44,93.5,3.0,0
flow_101.24,73.5,3.0,0
flow_3012.56,95.0,4.0,0
flow_10.27,74.0,6.0,0
flow_1012.34,72.5,4.5,0
flow_3012.57,95.0,7.0,0
flow_3012.58,94.5,5.0,0
flow_10.28,74.0,5.0,0
flow_3012.59,94.5,7.0,0
flow_00.35,64.0,4.0,0
flow_201.28,69.0,3.5,0
flow_0012.19,65.0,4.0,0
flow_2012.26,68.0,4.0,0
flow_0012.20,63.5,3.5,0
flow_00.36,30.0,3.0,0
flow_201.29,68.5,6.0,0
flow_001.21,28.5,2.0,0
flow_20.25,65.5,3.0,0
flow_00.37,25.5,2.5,0
flow_20.26,59.0,3.0,0
flow_00.38,21.0,1.5,0
flow_201.30,59.0,3.0,0
flow_201.31,28.0,2.5,0
flow_2012.27,26.5,3.5,0
flow_2012.28,24.0,3.0,0
flow_001.22,27.0,3.0,0
flow_00.39,24.0,2.5,0
flow_10.29,121.0,4.0,0
flow_301.38,136.5,3.5,0
flow_301.39,88.0,3.0,0
flow_101.25,90.0,3.5,0
flow_10.30,85.0,3.0,0
flow_301.40,86.0,3.5,0
flow_101.26,84.0,2.5,0
flow_3012.60,85.0,5.5,0
flow_301.41,84.0,3.0,0
flow_101.27,74.0,3.5,0
flow_3012.61,83.5,4.5,0
flow_30.45,79.0,3.0,0
flow_101.28,69.5,4.0,0
flow_301.42,79.0,3.0,0
flow_1012.35,64.5,4.0,0
flow_1012.36,56.0,4.5,0
flow_101.29,44.0,3.0,0
flow_10.31,40.5,2.5,0
flow_301.43,84.5,4.5,0
flow_3012.62,83.0,4.0,0
flow_30.46,80.5,3.0,0
flow_10.32,41.5,6.0,0
flow_00.40,72.0,4.0,0
flow_2012.29,76.0,7.5,0
flow_00.41,74.0,5.0,0
flow_20.27,55.5,3.5,0
flow_00.42,67.0,3.5,0
flow_20.28,54.5,3.0,0
flow_001.23,56.0,2.5,0
flow_0012.21,54.0,3.5,0
flow_2012.30,42.0,4.0,0
flow_00.43,25.0,2.5,0
flow_201.32,41.5,3.0,0
flow_2012.31,42.0,4.0,0
flow_201.33,35.5,2.5,0
flow_201.34,35.0,3.0,0
flow_2012.32,33.5,3.5,0
flow_201.35,32.0,3.0,0
flow_201.36,31.0,3.0,0
flow_0012.22,26.5,4.0,0
flow_301.44,127.5,3.5,0
flow_2012.0,24.0,2.5,0
flow_0012.0,24.5,3.0,0
flow_201.0,27.0,3.0,0
flow_001.0,26.0,3.0,0
flow_20.0,20.0,1.5,0
flow_0012.1,25.5,3.5,0
flow_00.0,22.0,2.0,0
flow_30.0,52.5,4.0,0
flow_3012.0,51.5,4.0,0
flow_301.0,41.5,3.0,0
flow_101.0,25.5,2.5,0
flow_3012.1,33.0,4.0,0
flow_3012.2,29.0,4.5,0
flow_101.1,24.5,2.5,0
flow_00.1,67.5,4.0,0
flow_00.2,62.0,3.0,0
flow_201.1,26.0,3.0,0
flow_0012.2,50.5,4.5,0
flow_001.1,47.5,2.5,0
flow_00.3,44.0,2.5,0
flow_201.2,26.0,3.0,0
flow_00.4,43.0,2.5,0
flow_0012.3,43.5,3.5,0
flow_00.5,36.5,2.5,0
flow_0012.4,41.0,4.0,0
flow_0012.5,38.5,3.5,0
flow_2012.1,24.5,3.0,0
flow_001.2,38.5,5.0,0
flow_001.3,37.5,3.5,0
flow_001.4,33.0,3.5,0
flow_00.6,29.0,3.0,0
flow_10.0,71.0,4.0,0
flow_301.1,75.0,3.5,0
flow_10.1,65.5,3.0,0
flow_301.2,66.0,3.0,0
flow_3012.3,62.0,3.5,0
flow_1012.0,66.0,4.0,0
flow_3012.4,53.0,4.0,0
flow_3012.5,46.5,4.0,0
flow_301.3,43.0,2.5,0
flow_30.1,28.5,2.5,0
flow_101.2,60.5,4.0,0
flow_101.3,58.0,3.0,0
flow_301.4,27.0,3.0,0
flow_1012.1,54.5,4.5,0
flow_3012.6,26.0,3.5,0
flow_10.2,51.5,4.5,0
flow_30.2,23.0,2.0,0
flow_101.4,51.5,3.0,0
flow_10.3,40.0,3.0,0
flow_10.4,28.5,3.0,0
flow_30.3,22.5,2.0,0
flow_101.5,30.5,3.0,0
flow_00.7,57.5,4.0,0
flow_201.3,61.5,3.5,0
flow_201.4,47.0,3.0,0
flow_20.1,25.5,2.5,0
flow_001.5,53.5,3.5,0
flow_001.6,52.0,3.5,0
flow_0012.6,49.5,3.5,0
flow_00.8,43.0,2.5,0
flow_2012.2,27.0,4.0,0
flow_001.7,45.5,3.0,0
flow_201.5,25.5,2.5,0
flow_001.8,44.0,3.5,0
flow_001.9,40.0,3.0,0
flow_00.9,31.0,3.5,0
flow_2012.3,28.0,5.0,0
flow_201.6,25.5,2.5,0
flow_00.10,30.0,3.0,0
flow_201.7,25.5,2.5,0
flow_0012.7,32.0,4.5,0
flow_2012.4,25.5,3.5,0
flow_00.11,31.0,5.0,0
flow_001.10,30.0,3.5,0
flow_1012.2,56.5,4.5,0
flow_1012.3,51.0,3.5,0
flow_10.5,33.0,3.0,0
flow_3012.7,25.5,3.5,0
flow_3012.8,25.5,3.5,0
flow_30.4,22.0,2.0,0
flow_1012.4,24.5,3.0,0
flow_3012.9,25.5,3.0,0
flow_30.5,23.5,2.0,0
flow_2012.5,74.5,4.5,0
flow_001.11,78.0,4.0,0
flow_201.8,51.5,3.0,0
flow_2012.6,43.0,3.5,0
flow_201.9,40.0,2.5,0
flow_20.2,21.5,2.0,0
flow_001.12,81.0,4.0,0
flow_001.13,80.5,3.0,0
flow_001.14,80.0,3.0,0
flow_0012.8,77.0,3.5,0
flow_001.15,77.0,3.0,0
flow_0012.9,75.5,4.0,0
flow_2012.7,27.0,4.0,0
flow_20.3,23.0,2.0,0
flow_001.16,58.5,3.5,0
flow_00.12,37.5,2.5,0
flow_0012.10,38.0,3.5,0
flow_00.13,34.5,2.5,0
flow_10.6,60.5,4.0,0
flow_30.6,56.0,4.0,0
flow_1012.5,62.0,4.0,0
flow_3012.10,59.0,4.5,0
flow_3012.11,53.5,4.5,0
flow_30.7,40.0,3.0,0
flow_301.5,32.5,2.5,0
flow_101.6,65.0,4.5,0
flow_10.7,54.5,3.0,0
flow_10.8,53.0,3.0,0
flow_1012.6,53.0,3.5,0
flow_101.7,38.0,2.5,0
flow_3012.12,26.5,3.5,0
flow_101.8,28.5,3.5,0
flow_1012.7,26.0,3.5,0
flow_30.8,21.5,2.0,0
flow_2012.8,60.0,4.5,0
flow_00.14,73.0,6.5,0
flow_201.10,55.5,3.0,0
flow_20.4,50.0,3.0,0
flow_001.17,68.0,3.5,0
flow_001.18,67.5,3.0,0
flow_00.15,60.0,3.0,0
flow_00.16,57.5,2.5,0
flow_0012.11,54.0,3.0,0
flow_00.17,40.5,2.5,0
flow_201.11,27.5,3.0,0
flow_001.19,39.5,2.0,0
flow_0012.12,38.0,2.5,0
flow_0012.13,37.0,3.5,0
flow_0012.14,33.5,4.0,0
flow_201.12,27.5,3.5,0
flow_00.18,24.0,2.5,0
flow_001.20,28.5,3.0,0
flow_1012.8,67.5,4.5,0
flow_301.6,58.0,7.5,0
flow_1012.9,70.0,5.0,0
flow_10.9,54.0,3.5,0
flow_30.9,52.5,3.0,0
flow_30.10,52.0,3.0,0
flow_101.9,54.5,3.0,0
flow_30.11,46.0,2.5,0
flow_3012.13,32.0,3.5,0
flow_1012.10,46.0,6.0,0
flow_3012.14,31.5,3.5,0
flow_3012.15,29.5,4.0,0
flow_101.10,48.5,7.0,0
flow_10.10,47.0,3.0,0
flow_301.7,26.0,3.0,0
flow_101.11,31.0,2.5,0
flow_301.8,26.5,3.0,0
flow_1012.11,30.5,4.5,0
flow_201.13,68.0,3.5,0
flow_001.21,63.5,3.5,0
flow_0012.15,45.0,4.0,0
flow_001.22,41.5,2.5,0
flow_201.14,72.5,7.0,0
flow_001.23,41.0,2.5,0
flow_201.15,66.0,3.0,0
flow_0012.16,42.0,4.0,0
flow_00.19,37.5,2.5,0
flow_001.24,28.0,2.5,0
flow_201.16,69.5,4.0,0
flow_20.5,67.0,3.0,0
flow_001.25,28.0,3.0,0
flow_20.6,61.0,3.0,0
flow_20.7,58.0,3.0,0
flow_201.17,25.0,2.0,0
flow_3012.16,68.0,4.5,0
flow_10.11,63.5,6.5,0
flow_30.12,65.0,3.0,0
flow_1012.12,59.0,6.0,0
flow_3012.17,66.5,4.0,0
flow_3012.18,59.5,4.0,0
flow_1012.13,58.0,4.5,0
flow_1012.14,55.5,4.0,0
flow_30.13,52.0,6.0,0
flow_3012.19,51.5,4.5,0
flow_1012.15,54.5,7.0,0
flow_3012.20,51.0,4.5,0
flow_301.9,47.5,2.5,0
flow_10.12,54.5,4.0,0
flow_30.14,46.0,3.0,0
flow_101.12,53.5,3.0,0
flow_3012.21,43.0,4.0,0
flow_101.13,56.0,3.5,0
flow_101.14,51.5,3.0,0
flow_10.13,45.0,2.5,0
flow_2012.9,73.0,4.5,0
flow_0012.17,69.5,4.5,0
flow_0012.18,59.0,4.0,0
flow_20.8,56.5,6.0,0
flow_0012.19,55.5,6.5,0
flow_00.20,51.0,3.5,0
flow_20.9,49.5,8.0,0
flow_2012.10,40.0,5.5,0
flow_20.10,26.0,3.0,0
flow_2012.11,36.5,4.0,0
flow_001.26,55.0,4.0,0
flow_00.21,50.5,3.0,0
flow_0012.20,50.0,3.5,0
flow_00.22,47.0,2.5,0
flow_001.27,50.0,3.0,0
flow_001.28,41.0,3.5,0
flow_10.14,79.0,4.0,0
flow_301.10,73.5,3.5,0
flow_101.15,71.5,3.0,0
flow_301.11,74.0,3.0,0
flow_3012.22,56.0,4.0,0
flow_301.12,43.0,3.0,0
flow_301.13,37.5,3.0,0
flow_3012.23,35.0,3.0,0
flow_301.14,33.5,2.5,0
flow_101.16,26.5,3.0,0
flow_101.17,26.0,3.0,0
flow_301.15,25.5,2.5,0
flow_1012.16,24.5,3.0,0
flow_20.11,67.5,4.0,0
flow_001.29,80.5,3.5,0
flow_00.23,76.0,3.0,0
flow_201.18,64.0,3.0,0
flow_00.24,73.5,3.0,0
flow_2012.12,60.0,6.0,0
flow_00.25,73.5,5.5,0
flow_201.19,58.5,3.0,0
flow_00.26,60.0,4.0,0
flow_201.20,57.5,3.0,0
flow_00.27,46.0,3.0,0
flow_0012.21,55.5,4.0,0
flow_00.28,45.0,3.0,0
flow_201.21,59.5,4.0,0
flow_20.12,46.0,3.0,0
flow_0012.22,47.0,4.0,0
flow_201.22,49.0,6.5,0
flow_2012.13,46.5,3.5,0
flow_0012.23,48.5,5.5,0
flow_201.23,43.5,3.0,0
flow_001.30,44.5,3.5,0
flow_3012.24,52.5,4.5,0
flow_10.15,64.5,6.5,0
flow_3012.25,39.5,6.0,0
flow_10.16,66.5,8.0,0
flow_301.16,36.0,3.0,0
flow_30.15,25.0,2.5,0
flow_101.18,63.5,4.0,0
flow_10.17,55.5,3.5,0
flow_301.17,26.0,2.5,0
flow_1012.17,44.5,4.5,0
flow_10.18,27.0,3.0,0
flow_10.19,22.0,2.0,0
flow_101.19,26.0,3.0,0
flow_3012.26,27.0,4.0,0
flow_2012.14,89.5,4.0,0
flow_0012.24,91.0,4.5,0
flow_20.13,77.0,3.0,0
flow_00.29,87.0,3.0,0
flow_20.14,69.5,3.0,0
flow_001.31,71.5,3.0,0
flow_20.15,69.0,3.0,0
flow_001.32,56.0,3.5,0
flow_2012.15,48.0,4.0,0
flow_00.30,47.5,5.5,0
flow_2012.16,33.5,7.0,0
flow_20.16,28.5,3.5,0
flow_00.31,47.0,7.5,0
flow_00.32,42.5,4.5,0
flow_001.33,34.5,3.0,0
flow_2012.17,34.0,5.0,0
flow_00.33,33.5,4.0,0
flow_2012.18,35.5,7.0,0
flow_00.34,23.5,2.5,0
flow_20.17,33.0,3.5,0
flow_10.20,54.5,4.0,0
flow_1012.18,41.0,4.0,0
flow_3012.27,75.0,7.5,0
flow_10.21,37.5,3.0,0
flow_30.16,72.5,3.5,0
flow_30.17,57.0,3.0,0
flow_1012.19,37.5,6.5,0
flow_10.22,22.5,2.0,0
flow_301.18,45.0,3.0,0
flow_30.18,29.0,2.5,0
flow_10.23,22.0,2.0,0
flow_2012.19,77.5,4.5,0
flow_00.35,74.5,6.5,0
flow_201.24,26.5,3.0,0
flow_0012.25,76.0,6.0,0
flow_001.34,62.0,3.0,0
flow_0012.26,61.0,3.5,0
flow_0012.27,61.0,4.0,0
flow_001.35,58.0,2.5,0
flow_201.25,26.0,3.0,0
flow_001.36,58.5,3.0,0
flow_001.37,53.5,3.5,0
flow_0012.28,48.5,3.0,0
flow_0012.29,39.0,3.5,0
flow_00.36,29.0,2.5,0
flow_00.37,20.5,1.5,0
flow_201.26,26.5,3.0,0
flow_3012.28,58.0,4.0,0
flow_10.24,74.0,6.5,0
flow_30.19,38.0,3.0,0
flow_101.20,73.5,3.0,0
flow_301.19,37.0,3.0,0
flow_1012.20,74.0,4.5,0
flow_10.25,59.0,3.0,0
flow_10.26,37.0,3.0,0
flow_301.20,38.5,3.5,0
flow_101.21,24.5,2.5,0
flow_3012.29,26.5,3.5,0
flow_2012.20,61.0,4.0,0
flow_201.27,55.5,3.0,0
flow_001.38,70.5,7.5,0
flow_20.18,48.0,3.0,0
flow_001.39,70.0,3.5,0
flow_201.28,47.0,2.5,0
flow_001.40,58.5,3.0,0
flow_201.29,46.5,2.5,0
flow_00.38,55.5,3.0,0
flow_20.19,38.0,2.5,0
flow_001.41,45.0,3.0,0
flow_001.42,34.5,3.0,0
flow_001.43,33.0,3.5,0
flow_00.39,30.0,3.0,0
flow_00.40,28.5,2.5,0
flow_0012.30,26.5,3.0,0
flow_001.44,26.0,2.5,0
flow_20.20,22.5,2.0,0
flow_001.45,24.5,2.0,0
flow_2012.21,24.5,3.0,0
flow_30.20,70.0,4.0,0
flow_1012.21,65.0,7.5,0
flow_30.21,66.0,5.0,0
flow_1012.22,45.0,7.0,0
flow_3012.30,25.5,3.5,0
flow_101.22,23.5,2.0,0
flow_101.23,26.0,3.0,0
flow_1012.23,26.0,3.5,0
flow_101.24,29.0,3.5,0
flow_0012.31,74.5,4.5,0
flow_00.41,72.0,3.0,0
flow_20.21,73.5,6.5,0
flow_00.42,70.5,3.0,0
flow_20.22,70.5,4.0,0
flow_201.30,64.0,3.0,0
flow_0012.32,73.5,4.5,0
flow_2012.22,63.0,4.0,0
flow_00.43,50.0,3.0,0
flow_201.31,61.0,3.5,0
flow_0012.33,50.5,3.5,0
flow_20.23,50.5,6.0,0
flow_001.46,49.0,3.0,0
flow_201.32,49.5,3.5,0
flow_0012.34,47.5,4.5,0
flow_20.24,40.0,4.0,0
flow_001.47,46.5,3.0,0
flow_00.44,41.5,3.0,0
flow_0012.35,46.0,4.0,0
flow_00.45,35.0,3.0,0
flow_00.46,32.0,2.5,0
flow_101.25,70.0,3.5,0
flow_301.21,64.5,4.0,0
flow_10.27,68.5,3.0,0
flow_30.22,55.5,3.0,0
flow_301.22,54.5,2.5,0
flow_1012.24,70.0,5.0,0
flow_1012.25,68.5,4.0,0
flow_10.28,65.0,2.5,0
flow_10.29,64.0,3.0,0
flow_301.23,30.0,3.5,0
flow_10.30,62.5,2.5,0
flow_1012.26,34.5,3.5,0
flow_10.31,25.5,2.5,0
flow_101.26,25.0,2.5,0
flow_3012.31,23.0,2.5,0
flow_001.48,79.5,3.5,0
flow_20.25,69.5,4.0,0
flow_2012.23,65.5,4.0,0
flow_00.47,81.0,6.0,0
flow_0012.36,71.5,4.5,0
flow_2012.24,63.0,6.5,0
flow_0012.37,69.0,4.0,0
flow_0012.38,68.5,4.5,0
flow_001.49,66.0,3.0,0
flow_201.33,57.0,4.5,0
flow_20.26,53.0,3.5,0
flow_001.50,65.0,3.0,0
flow_001.51,64.0,3.5,0
flow_0012.39,61.5,3.5,0
flow_2012.25,55.0,4.0,0
flow_0012.40,60.0,3.5,0
flow_2012.26,53.5,4.5,0
flow_20.27,50.0,3.0,0
flow_001.52,60.0,3.0,0
flow_2012.27,51.5,4.0,0
flow_00.48,57.5,4.5,0
flow_20.28,47.5,2.5,0
flow_201.34,47.0,2.5,0
flow_001.53,35.5,3.0,0
flow_1012.27,65.0,4.5,0
flow_30.23,67.5,7.0,0
flow_10.32,56.0,3.0,0
flow_30.24,54.5,4.5,0
flow_30.25,31.5,3.0,0
flow_10.33,21.0,1.5,0
flow_30.26,28.5,3.0,0
flow_301.24,27.0,3.0,0
flow_10.34,22.0,2.0,0
flow_30.27,22.0,2.0,0
flow_3012.32,26.0,3.5,0
flow_30.28,21.0,2.0,0
flow_101.27,26.5,3.0,0
flow_2012.28,91.5,4.0,0
flow_20.29,78.0,3.0,0
flow_001.54,83.0,7.0,0
flow_2012.29,66.0,4.0,0
flow_0012.41,55.5,3.5,0
flow_00.49,45.5,3.0,0
flow_20.30,64.0,3.0,0
flow_20.31,61.0,3.0,0
flow_00.50,45.0,2.5,0
flow_001.55,43.5,2.0,0
flow_201.35,60.0,2.5,0
flow_00.51,30.0,2.5,0
flow_2012.30,57.5,6.5,0
flow_20.32,26.0,3.0,0
flow_001.56,30.5,3.0,0
flow_0012.42,30.0,3.5,0
flow_001.57,27.5,3.0,0
flow_0012.43,25.5,3.5,0
flow_00.0,20.5,1.5,0
flow_201.0,26.0,3.0,0
flow_20.0,22.0,2.0,0
flow_201.1,25.5,2.5,0
flow_3012.0,50.5,4.5,0
flow_1012.0,42.5,4.5,0
flow_10.0,40.0,3.0,0
flow_30.0,26.5,3.0,0
flow_1012.1,33.0,3.5,0
flow_3012.1,26.0,3.5,0
flow_301.0,28.0,3.0,0
flow_30.1,23.0,2.0,0
flow_30.2,22.5,2.0,0
flow_3012.2,26.0,3.5,0
flow_30.3,21.5,2.0,0
flow_30.4,21.5,2.0,0
flow_2012.0,64.5,4.0,0
flow_001.0,78.5,7.0,0
flow_2012.1,67.0,5.0,0
flow_201.2,64.5,3.0,0
flow_20.1,62.0,2.5,0
flow_001.1,77.0,3.5,0
flow_20.2,60.5,2.5,0
flow_001.2,77.5,3.5,0
flow_0012.0,68.0,3.5,0
flow_00.1,65.0,2.5,0
flow_2012.2,36.5,4.0,0
flow_20.3,29.5,2.5,0
flow_20.4,28.5,2.5,0
flow_00.2,61.0,3.0,0
flow_20.5,25.0,3.0,0
flow_001.3,55.0,2.5,0
flow_20.6,25.5,2.5,0
flow_0012.1,56.5,6.5,0
flow_0012.2,36.0,4.0,0
flow_00.3,34.0,3.0,0
flow_001.4,34.5,3.0,0
flow_10.1,70.5,4.0,0
flow_30.5,66.5,4.0,0
flow_30.6,66.0,3.0,0
flow_101.0,64.5,3.5,0
flow_30.7,64.0,3.0,0
flow_101.1,63.0,3.0,0
flow_301.1,53.0,2.5,0
flow_101.2,61.5,3.0,0
flow_3012.3,53.5,4.0,0
flow_30.8,42.0,3.0,0
flow_101.3,59.0,4.0,0
flow_3012.4,37.0,4.0,0
flow_301.2,34.5,2.5,0
flow_101.4,56.0,4.0,0
flow_301.3,34.0,3.0,0
flow_3012.5,31.5,3.5,0
flow_30.9,28.5,2.5,0
flow_1012.2,30.0,5.0,0
flow_101.5,26.5,3.0,0
flow_3012.6,30.0,4.0,0
flow_301.4,27.0,2.5,0
flow_1012.3,26.0,4.0,0
flow_30.10,27.0,5.0,0
flow_2012.3,67.0,4.5,0
flow_00.4,83.0,6.5,0
flow_20.7,66.0,3.0,0
flow_00.5,68.5,4.0,0
flow_201.3,59.0,3.0,0
flow_00.6,28.5,3.0,0
flow_201.4,45.5,3.0,0
flow_20.8,41.0,3.0,0
flow_00.7,28.0,3.0,0
flow_20.9,39.5,2.5,0
flow_001.5,26.5,3.0,0
flow_20.10,38.5,2.5,0
flow_001.6,27.5,3.0,0
flow_001.7,26.5,3.0,0
flow_001.8,24.5,2.0,0
flow_201.5,26.0,3.0,0
flow_0012.3,25.0,3.0,0
flow_2012.4,26.5,3.5,0
flow_00.8,21.0,2.0,0
flow_30.11,73.0,4.0,0
flow_101.6,71.0,3.5,0
flow_30.12,71.5,3.0,0
flow_30.13,70.0,3.0,0
flow_301.5,70.5,3.0,0
flow_3012.7,68.5,3.5,0
flow_10.2,25.0,4.5,0
flow_3012.8,70.5,6.5,0
flow_30.14,67.5,3.5,0
flow_3012.9,67.5,4.0,0
flow_30.15,64.0,2.5,0
flow_30.16,63.5,2.5,0
flow_30.17,61.0,2.5,0
flow_301.6,59.5,2.5,0
flow_30.18,31.0,2.5,0
flow_301.7,30.0,2.5,0
flow_0012.4,60.0,4.5,0
flow_2012.5,69.0,4.5,0
flow_20.11,34.5,3.0,0
flow_001.9,54.0,3.0,0
flow_20.12,32.5,3.0,0
flow_001.10,53.5,3.0,0
flow_0012.5,49.0,3.5,0
flow_00.9,39.0,2.5,0
flow_2012.6,30.0,4.0,0
flow_201.6,29.0,3.0,0
flow_00.10,25.0,2.5,0
flow_20.13,22.0,2.0,0
flow_0012.6,26.5,4.5,0
flow_00.11,23.0,2.0,0
flow_20.14,24.0,2.5,0
flow_001.11,26.0,2.5,0
flow_001.12,26.5,3.0,0
flow_001.13,26.0,2.5,0
flow_00.12,23.5,2.5,0
flow_201.7,25.0,2.5,0
flow_301.8,76.0,3.5,0
flow_101.7,74.0,4.0,0
flow_10.3,45.5,3.0,0
flow_301.9,74.5,3.0,0
flow_10.4,44.0,3.0,0
flow_30.19,70.5,3.0,0
flow_301.10,75.0,3.5,0
flow_10.5,42.5,3.0,0
flow_301.11,71.0,3.0,0
flow_1012.4,37.5,5.0,0
flow_301.12,72.5,3.5,0
flow_3012.10,71.0,3.5,0
flow_30.20,68.0,3.0,0
flow_3012.11,67.5,3.5,0
flow_301.13,66.0,2.5,0
flow_101.8,26.5,3.0,0
flow_3012.12,55.0,3.5,0
flow_3012.13,54.0,4.0,0
flow_10.6,25.0,3.5,0
flow_3012.14,36.0,6.5,0
flow_20.15,64.0,4.0,0
flow_001.14,72.0,3.5,0
flow_20.16,63.0,3.0,0
flow_2012.7,53.5,3.5,0
flow_0012.7,74.5,6.0,0
flow_20.17,51.5,3.0,0
flow_001.15,59.0,3.0,0
flow_20.18,24.0,2.0,0
flow_00.13,57.0,3.0,0
flow_001.16,56.5,2.5,0
flow_001.17,51.5,3.0,0
flow_001.18,26.5,3.0,0
flow_001.19,24.5,2.5,0
flow_30.21,79.0,4.0,0
flow_101.9,74.5,3.5,0
flow_3012.15,79.5,4.0,0
flow_30.22,76.0,3.0,0
flow_10.7,74.0,6.0,0
flow_30.23,75.0,2.5,0
flow_10.8,72.5,4.0,0
flow_10.9,56.5,3.5,0
flow_301.14,75.0,2.5,0
flow_3012.16,72.5,3.0,0
flow_1012.5,54.5,4.0,0
flow_10.10,27.0,3.0,0
flow_1012.6,40.5,4.5,0
flow_301.15,76.0,4.0,0
flow_3012.17,72.0,3.5,0
flow_1012.7,29.0,4.0,0
flow_30.24,65.5,4.5,0
flow_1012.8,28.5,4.0,0
flow_30.25,64.5,3.0,0
flow_101.10,28.0,3.5,0
flow_301.16,63.5,3.0,0
flow_3012.18,61.5,3.5,0
flow_1012.9,27.0,4.0,0
flow_30.26,34.0,2.5,0
flow_0012.8,73.0,4.5,0
flow_201.8,62.0,7.5,0
flow_0012.9,70.0,5.5,0
flow_001.20,68.0,3.5,0
flow_20.19,62.5,3.5,0
flow_201.9,60.5,3.0,0
flow_001.21,63.5,3.5,0
flow_00.14,60.5,3.0,0
flow_20.20,54.5,2.5,0
flow_20.21,53.0,3.0,0
flow_00.15,51.0,3.0,0
flow_00.16,49.5,3.0,0
flow_20.22,45.5,2.5,0
flow_201.10,44.5,2.5,0
flow_0012.10,48.5,5.5,0
flow_00.17,30.0,3.0,0
flow_20.23,45.0,3.0,0
flow_20.24,43.5,3.0,0
flow_20.25,42.0,3.0,0
flow_201.11,41.0,2.5,0
flow_2012.8,39.5,3.5,0
flow_0012.11,29.0,6.0,0
flow_3012.19,80.5,4.5,0
flow_101.11,78.0,7.5,0
flow_3012.20,83.0,5.5,0
flow_1012.10,77.0,4.0,0
flow_3012.21,81.5,5.0,0
flow_3012.22,80.0,4.5,0
flow_30.27,76.0,3.0,0
flow_30.28,74.0,2.5,0
flow_101.12,79.0,4.0,0
flow_30.29,73.0,2.5,0
flow_101.13,37.5,3.0,0
flow_1012.11,34.0,4.0,0
flow_10.11,25.5,3.0,0
flow_301.17,76.5,6.5,0
flow_3012.23,74.0,3.5,0
flow_30.30,71.5,3.0,0
flow_101.14,25.5,3.0,0
flow_3012.24,73.5,4.0,0
flow_3012.25,71.5,4.0,0
flow_2012.9,81.5,4.5,0
flow_20.26,78.0,3.0,0
flow_001.22,80.5,7.5,0
flow_2012.10,74.5,4.0,0
flow_00.18,60.0,6.0,0
flow_2012.11,65.0,6.5,0
flow_20.27,24.0,2.5,0
flow_001.23,65.5,4.0,0
flow_001.24,64.5,3.0,0
flow_00.19,44.0,3.0,0
flow_201.12,26.0,3.0,0
flow_00.20,43.5,3.0,0
flow_2012.12,29.0,5.0,0
flow_20.28,25.5,3.0,0
flow_001.25,47.0,3.5,0
flow_001.26,43.0,3.0,0
flow_3012.26,85.0,4.5,0
flow_101.15,81.5,7.0,0
flow_3012.27,86.0,5.0,0
flow_10.12,82.0,3.5,0
flow_301.18,83.5,3.0,0
flow_3012.28,82.0,4.0,0
flow_10.13,84.5,5.5,0
flow_301.19,81.0,3.0,0
flow_30.31,77.0,2.5,0
flow_10.14,67.5,4.0,0
flow_30.32,75.5,2.5,0
flow_1012.12,58.5,6.5,0
flow_10.15,51.5,3.5,0
flow_30.33,78.0,5.5,0
flow_301.20,75.5,3.5,0
flow_10.16,33.0,3.0,0
flow_3012.29,70.5,4.0,0
flow_1012.13,25.5,3.5,0
flow_30.34,70.0,5.0,0
flow_30.35,69.0,3.5,0
flow_2012.13,57.5,4.0,0
flow_0012.12,90.5,4.5,0
flow_2012.14,53.0,4.5,0
flow_20.29,48.5,3.0,0
flow_00.21,92.5,6.5,0
flow_00.22,87.5,4.5,0
flow_00.23,86.0,3.5,0
flow_2012.15,54.0,6.0,0
flow_2012.16,52.5,4.5,0
flow_2012.17,36.5,4.0,0
flow_20.30,35.5,3.0,0
flow_001.27,53.0,4.0,0
flow_20.31,30.5,3.0,0
flow_2012.18,35.0,5.0,0
flow_001.28,38.0,4.0,0
flow_201.13,30.0,2.5,0
flow_20.32,26.0,2.5,0
flow_001.29,31.0,3.5,0
flow_00.24,27.5,3.0,0
flow_3012.30,84.5,4.0,0
flow_1012.14,75.0,4.5,0
flow_30.36,81.0,3.0,0
flow_10.17,61.5,3.0,0
flow_3012.31,80.5,3.5,0
flow_1012.15,61.0,3.5,0
flow_1012.16,47.5,4.0,0
flow_101.16,37.5,2.5,0
flow_30.37,82.5,5.5,0
flow_3012.32,80.5,4.5,0
flow_301.21,76.5,3.0,0
flow_101.17,31.0,3.5,0
flow_3012.33,77.0,4.5,0
flow_3012.34,73.0,4.5,0
flow_3012.35,54.5,4.5,0
flow_30.38,49.5,3.0,0
flow_3012.36,35.5,3.5,0
flow_301.22,33.0,2.5,0
flow_30.39,21.0,2.0,0
flow_0012.13,77.0,4.5,0
flow_2012.19,77.0,4.5,0
flow_0012.14,69.5,4.0,0
flow_2012.20,51.5,4.0,0
flow_00.25,66.0,3.0,0
flow_20.33,39.0,3.0,0
flow_201.14,33.0,2.5,0
flow_0012.15,68.5,5.5,0
flow_00.26,55.5,3.5,0
flow_20.34,23.0,2.0,0
flow_0012.16,47.0,4.5,0
flow_2012.21,26.5,3.5,0
flow_0012.17,47.0,4.0,0
flow_0012.18,30.5,4.5,0
flow_20.35,22.0,2.0,0
flow_2012.22,26.5,4.0,0
flow_00.27,22.5,2.0,0
flow_201.15,26.0,2.5,0
flow_201.16,27.0,3.0,0
flow_10.18,61.0,4.0,0
flow_301.23,53.5,3.5,0
flow_101.18,40.0,3.0,0
flow_301.24,51.0,3.0,0
flow_301.25,35.5,3.0,0
flow_101.19,29.0,3.0,0
flow_3012.37,32.5,3.5,0
flow_301.26,25.5,2.5,0
flow_3012.38,24.5,3.0,0
flow_301.27,25.0,2.5,0
flow_201.17,71.5,3.5,0
flow_001.30,72.0,3.5,0
flow_2012.23,71.5,4.0,0
flow_201.18,70.5,3.0,0
flow_001.31,76.5,7.0,0
flow_201.19,60.0,3.0,0
flow_001.32,50.0,3.5,0
flow_001.33,41.0,3.0,0
flow_201.20,61.5,4.0,0
flow_20.36,47.5,3.0,0
flow_001.34,40.0,3.0,0
flow_00.28,36.0,2.5,0
flow_201.21,52.5,3.5,0
flow_2012.24,49.0,3.5,0
flow_0012.19,35.5,3.5,0
flow_2012.25,48.0,4.0,0
flow_2012.26,42.5,4.0,0
flow_00.29,24.5,4.0,0
flow_2012.27,26.0,3.5,0
flow_1012.17,63.5,4.5,0
flow_3012.39,72.5,4.5,0
flow_1012.18,50.0,4.0,0
flow_30.40,73.5,6.0,0
flow_3012.40,71.5,4.5,0
flow_3012.41,70.5,3.5,0
flow_1012.19,25.0,3.5,0
flow_3012.42,66.5,4.0,0
flow_30.41,62.5,2.5,0
flow_101.20,25.5,2.5,0
flow_30.42,59.5,2.5,0
flow_10.19,22.0,2.0,0
flow_30.43,57.5,2.5,0
flow_301.28,57.0,2.5,0
flow_30.44,53.5,2.5,0
flow_101.21,26.0,2.5,0
flow_301.29,53.5,2.5,0
flow_3012.43,52.0,3.5,0
flow_30.45,28.5,2.5,0
flow_301.30,27.0,2.0,0
flow_00.30,50.5,3.0,0
flow_20.37,48.5,7.0,0
flow_0012.20,72.5,5.0,0
flow_20.38,37.5,4.0,0
flow_201.22,34.0,3.0,0
flow_0012.21,54.5,5.0,0
flow_2012.28,31.0,3.5,0
flow_2012.29,30.0,3.5,0
flow_0012.22,48.5,4.0,0
flow_00.31,38.0,3.5,0
flow_201.23,29.5,3.0,0
flow_0012.23,27.5,4.0,0
flow_20.39,29.0,5.0,0
flow_20.40,28.0,3.5,0
flow_001.35,25.5,2.5,0
flow_0012.24,26.0,3.5,0
flow_001.36,27.0,3.0,0
flow_0012.25,24.5,3.0,0
flow_3012.44,77.5,5.0,0
flow_10.20,60.5,7.0,0
flow_3012.45,77.5,6.0,0
flow_3012.46,76.0,4.5,0
flow_301.31,74.0,3.0,0
flow_30.46,70.5,2.5,0
flow_101.22,60.0,4.0,0
flow_301.32,71.0,2.5,0
flow_1012.20,46.0,5.5,0
flow_10.21,33.0,3.0,0
flow_301.33,73.5,3.5,0
flow_3012.47,71.0,3.5,0
flow_1012.21,27.0,4.0,0
flow_3012.48,69.5,3.5,0
flow_10.22,23.5,3.0,0
flow_301.34,68.5,2.5,0
flow_3012.49,66.5,3.5,0
flow_301.35,64.5,2.5,0
flow_30.47,33.5,2.5,0
flow_2012.30,72.0,4.0,0
flow_00.32,48.5,6.5,0
flow_2012.31,54.0,5.5,0
flow_00.33,49.5,7.0,0
flow_201.24,53.5,3.0,0
flow_0012.26,46.5,6.0,0
flow_20.41,52.5,3.0,0
flow_001.37,43.0,3.5,0
flow_0012.27,41.5,4.0,0
flow_0012.28,41.0,4.0,0
flow_00.34,37.0,2.5,0
flow_001.38,38.0,2.5,0
flow_001.39,36.5,3.0,0
flow_001.40,36.0,3.5,0
flow_001.41,36.5,4.0,0
flow_00.35,22.0,2.0,0
flow_30.48,77.5,4.0,0
flow_10.23,68.0,4.0,0
flow_301.36,77.0,3.0,0
flow_1012.22,70.0,4.5,0
flow_10.24,67.0,3.0,0
flow_30.49,77.5,3.0,0
flow_1012.23,57.5,4.5,0
flow_1012.24,53.0,3.5,0
flow_10.25,28.0,3.0,0
flow_301.37,85.5,6.5,0
flow_3012.50,68.0,4.0,0
flow_301.38,49.5,2.5,0
flow_301.39,39.5,3.0,0
flow_30.50,31.5,2.5,0
flow_3012.51,26.5,3.0,0
flow_30.51,23.5,2.0,0
flow_3012.52,22.5,2.5,0
flow_101.23,28.5,5.5,0
flow_00.36,68.5,4.0,0
flow_20.42,54.0,4.0,0
flow_00.37,68.0,3.0,0
flow_201.25,42.0,3.0,0
flow_0012.29,55.0,3.5,0
flow_201.26,44.5,6.5,0
flow_0012.30,54.0,5.0,0
flow_00.38,45.5,3.5,0
flow_201.27,44.5,3.5,0
flow_00.39,42.5,3.0,0
flow_2012.32,35.5,4.5,0
flow_0012.31,42.0,3.5,0
flow_00.40,39.5,2.5,0
flow_201.28,32.0,3.5,0
flow_20.43,30.0,3.0,0
flow_001.42,39.0,3.0,0
flow_001.43,32.5,3.0,0
flow_2012.33,32.0,5.0,0
flow_2012.34,30.5,4.5,0
flow_001.44,37.5,4.5,0
flow_10.26,70.0,4.0,0
flow_301.40,67.5,3.5,0
flow_1012.25,58.5,4.0,0
flow_10.27,55.0,3.0,0
flow_301.41,63.0,7.0,0
flow_101.24,43.5,3.0,0
flow_301.42,62.0,3.0,0
flow_3012.53,60.0,3.5,0
flow_30.52,47.0,3.0,0
flow_10.28,21.0,2.0,0
flow_3012.54,48.5,3.5,0
flow_30.53,35.0,2.5,0
flow_3012.55,35.5,4.0,0
flow_301.43,34.0,3.0,0
flow_101.25,25.5,3.0,0
flow_30.54,27.5,2.5,0
flow_30.55,26.0,2.5,0
flow_301.44,26.0,2.5,0
flow_1012.26,28.5,5.5,0
flow_00.41,83.0,4.0,0
flow_201.29,68.0,3.5,0
flow_0012.32,85.0,4.0,0
flow_20.44,48.5,6.5,0
flow_001.45,82.0,3.0,0
flow_001.46,81.5,3.0,0
flow_00.42,77.5,2.5,0
flow_0012.33,74.0,3.0,0
flow_00.43,27.0,2.5,0
flow_2012.35,23.5,3.0,0
flow_2012.36,24.5,3.0,0
flow_20.0,21.0,1.5,0
flow_20.1,22.0,2.0,0
flow_2012.0,28.0,4.0,0
flow_20.2,22.0,2.0,0
flow_2012.1,26.5,3.5,0
flow_30.0,51.0,4.0,0
flow_10.0,51.0,4.0,0
flow_301.0,41.0,2.5,0
flow_30.1,30.5,3.0,0
flow_30.2,20.5,1.5,0
flow_10.1,20.0,1.5,0
flow_20.3,70.0,4.0,0
flow_001.0,67.5,3.5,0
flow_2012.2,70.5,3.5,0
flow_20.4,68.0,3.0,0
flow_001.1,60.5,6.5,0
flow_20.5,66.5,2.5,0
flow_001.2,41.0,3.5,0
flow_201.0,57.0,3.0,0
flow_2012.3,52.0,3.5,0
flow_2012.4,50.5,4.0,0
flow_2012.5,49.0,4.0,0
flow_20.6,32.0,2.5,0
flow_20.7,22.0,2.0,0
flow_2012.6,24.5,3.0,0
flow_201.1,26.5,3.0,0
flow_301.1,34.5,3.5,0
flow_101.0,66.0,3.5,0
flow_3012.0,34.5,4.0,0
flow_101.1,55.0,7.0,0
flow_3012.1,38.0,6.0,0
flow_101.2,56.5,4.0,0
flow_101.3,35.0,3.0,0
flow_1012.0,29.0,4.0,0
flow_1012.1,28.0,3.5,0
flow_101.4,26.5,3.0,0
flow_2012.7,75.0,4.5,0
flow_001.3,50.0,7.5,0
flow_2012.8,65.5,5.5,0
flow_00.0,49.0,3.5,0
flow_20.8,50.0,3.5,0
flow_201.2,50.0,3.0,0
flow_001.4,48.0,3.0,0
flow_2012.9,44.0,4.0,0
flow_0012.0,43.5,4.0,0
flow_20.9,41.5,3.0,0
flow_201.3,41.0,2.5,0
flow_2012.10,27.0,3.5,0
flow_2012.11,25.5,3.0,0
flow_0012.1,23.5,3.0,0
flow_201.4,27.5,3.5,0
flow_201.5,26.0,3.0,0
flow_3012.2,71.5,4.5,0
flow_10.2,38.5,6.5,0
flow_1012.2,37.0,4.0,0
flow_30.3,22.0,2.0,0
flow_3012.3,24.5,3.0,0
flow_1012.3,23.5,3.0,0
flow_30.4,21.0,2.0,0
flow_10.3,21.0,1.5,0
flow_201.6,68.5,3.5,0
flow_0012.2,42.0,6.5,0
flow_0012.3,29.0,4.0,0
flow_201.7,72.5,4.0,0
flow_20.10,70.0,3.0,0
flow_001.5,24.5,2.0,0
flow_20.11,54.0,3.0,0
flow_2012.12,47.0,3.5,0
flow_201.8,38.5,2.5,0
flow_20.12,31.0,2.5,0
flow_20.13,29.5,2.5,0
flow_20.14,26.5,2.5,0
flow_00.1,22.0,2.0,0
flow_2012.13,25.5,3.5,0
flow_30.5,63.5,4.0,0
flow_10.4,61.0,4.0,0
flow_10.5,57.0,3.0,0
flow_301.2,64.0,3.0,0
flow_101.5,55.0,3.5,0
flow_1012.4,26.0,3.5,0
flow_3012.4,66.0,6.0,0
flow_3012.5,38.0,4.5,0
flow_101.6,25.5,2.5,0
flow_2012.14,74.0,4.5,0
flow_0012.4,70.5,4.5,0
flow_00.2,67.5,3.0,0
flow_201.9,59.5,3.0,0
flow_20.15,56.0,3.0,0
flow_001.6,69.5,3.5,0
flow_20.16,56.0,2.5,0
flow_001.7,32.5,3.5,0
flow_201.10,54.0,2.5,0
flow_001.8,24.5,2.0,0
flow_201.11,51.5,3.0,0
flow_201.12,33.5,3.0,0
flow_20.17,22.0,2.0,0
flow_00.3,22.5,2.0,0
flow_3012.6,65.5,4.5,0
flow_3012.7,64.5,4.0,0
flow_1012.5,24.5,3.0,0
flow_30.6,40.5,3.0,0
flow_30.7,31.5,3.0,0
flow_301.3,29.0,3.0,0
flow_301.4,26.0,3.0,0
flow_10.6,21.0,1.5,0
flow_00.4,59.0,4.0,0
flow_2012.15,78.5,7.5,0
flow_20.18,75.0,3.5,0
flow_00.5,46.5,4.0,0
flow_201.13,76.5,3.0,0
flow_2012.16,74.5,3.5,0
flow_201.14,73.0,2.5,0
flow_20.19,69.0,2.5,0
flow_2012.17,69.0,3.0,0
flow_2012.18,63.0,3.5,0
flow_2012.19,57.0,4.0,0
flow_20.20,42.5,2.5,0
flow_20.21,41.5,2.5,0
flow_20.22,34.0,2.5,0
flow_2012.20,31.0,3.5,0
flow_2012.21,28.5,3.5,0
flow_301.5,39.5,3.5,0
flow_1012.6,71.5,6.5,0
flow_30.8,29.0,3.5,0
flow_30.9,27.5,3.0,0
flow_201.15,73.0,3.5,0
flow_0012.5,69.5,6.5,0
flow_20.23,74.0,3.5,0
flow_001.9,55.0,3.0,0
flow_001.10,40.0,3.0,0
flow_20.24,68.5,3.5,0
flow_201.16,66.5,2.5,0
flow_001.11,33.0,3.5,0
flow_20.25,63.5,2.5,0
flow_001.12,31.5,3.0,0
flow_201.17,64.0,2.5,0
flow_20.26,53.5,2.5,0
flow_2012.22,46.0,3.5,0
flow_201.18,35.0,2.5,0
flow_00.6,23.0,2.5,0
flow_2012.23,35.0,3.5,0
flow_20.27,32.5,2.5,0
flow_201.19,31.5,2.5,0
flow_20.28,26.0,2.5,0
flow_101.7,72.0,3.5,0
flow_1012.7,60.5,4.0,0
flow_1012.8,47.5,4.0,0
flow_10.7,43.0,2.5,0
flow_101.8,41.5,2.5,0
flow_1012.9,28.5,3.5,0
flow_301.6,25.5,2.5,0
flow_20.29,67.5,4.0,0
flow_00.7,61.0,4.0,0
flow_20.30,55.0,3.0,0
flow_2012.24,54.5,3.5,0
flow_0012.6,44.0,6.0,0
flow_201.20,44.5,3.5,0
flow_20.31,40.5,2.5,0
flow_20.32,40.0,2.5,0
flow_20.33,38.0,2.5,0
flow_20.34,36.0,2.5,0
flow_2012.25,34.0,3.0,0
flow_2012.26,34.0,3.5,0
flow_201.21,33.0,2.5,0
flow_2012.27,30.0,3.0,0
flow_0012.7,27.5,5.0,0
flow_201.22,29.5,3.0,0
flow_2012.28,27.5,3.5,0
flow_10.8,69.0,4.0,0
flow_30.10,66.5,4.0,0
flow_30.11,37.0,3.0,0
flow_10.9,35.0,3.0,0
flow_30.12,22.0,2.0,0
flow_30.13,20.0,1.5,0
flow_10.10,22.5,2.0,0
flow_2012.29,74.5,4.0,0
flow_0012.8,36.0,4.5,0
flow_00.8,28.5,3.0,0
flow_2012.30,76.5,6.0,0
flow_201.23,74.0,3.0,0
flow_001.13,25.5,2.5,0
flow_201.24,73.5,3.0,0
flow_2012.31,71.5,4.0,0
flow_20.35,67.5,2.5,0
flow_201.25,64.0,2.5,0
flow_20.36,48.0,2.5,0
flow_201.26,49.5,2.5,0
flow_2012.32,48.5,3.5,0
flow_201.27,45.5,2.5,0
flow_20.37,34.0,2.5,0
flow_00.9,20.0,1.5,0
flow_201.28,33.5,3.0,0
flow_2012.33,31.0,4.5,0
flow_30.14,55.0,4.0,0
flow_10.11,54.0,4.0,0
flow_30.15,51.5,3.5,0
flow_101.9,55.0,3.0,0
flow_3012.8,24.5,3.0,0
flow_3012.9,24.5,3.0,0
flow_30.16,20.5,1.5,0
flow_2012.34,66.5,4.5,0
flow_00.10,55.0,6.5,0
flow_20.38,54.0,3.0,0
flow_2012.35,33.5,3.5,0
flow_20.39,31.0,2.5,0
flow_20.40,29.5,2.5,0
flow_001.14,30.0,5.5,0
flow_00.11,26.0,3.0,0
flow_20.41,28.5,2.5,0
flow_2012.36,28.0,3.5,0
flow_20.42,23.5,2.5,0
flow_001.15,24.5,2.0,0
flow_201.29,24.5,2.5,0
flow_201.30,25.0,2.0,0
flow_20.43,22.0,2.0,0
flow_201.31,25.5,2.5,0
flow_301.7,64.0,3.5,0
flow_1012.10,70.5,6.5,0
flow_1012.11,69.5,4.5,0
flow_30.17,31.0,4.5,0
flow_1012.12,54.0,6.5,0
flow_10.12,22.0,2.0,0
flow_201.32,74.0,3.5,0
flow_001.16,70.5,3.5,0
flow_20.44,72.5,3.0,0
flow_001.17,65.0,3.5,0
flow_20.45,71.5,3.0,0
flow_0012.9,57.0,6.0,0
flow_00.12,34.5,3.5,0
flow_201.33,62.5,3.0,0
flow_00.13,30.0,3.0,0
flow_20.46,58.0,3.0,0
flow_2012.37,58.0,3.0,0
flow_2012.38,46.5,3.5,0
flow_20.47,43.0,3.0,0
flow_201.34,42.5,2.5,0
flow_2012.39,25.5,3.5,0
flow_10.13,46.0,4.0,0
flow_3012.10,26.0,3.5,0
flow_3012.11,25.0,3.5,0
flow_10.14,21.5,2.0,0
flow_2012.40,71.0,4.5,0
flow_201.35,59.5,3.0,0
flow_2012.41,50.5,4.0,0
flow_201.36,47.5,2.5,0
flow_2012.42,25.0,3.0,0
flow_201.37,25.0,2.5,0
flow_2012.43,24.5,3.0,0
flow_20.48,21.0,2.0,0
flow_201.38,25.0,2.5,0
flow_1012.13,40.0,4.5,0
flow_30.18,73.5,6.5,0
flow_301.8,50.5,3.5,0
flow_30.19,47.5,3.0,0
flow_30.20,39.0,3.0,0
flow_301.9,29.5,3.0,0
flow_30.21,22.5,2.0,0
flow_101.10,26.0,3.0,0
flow_201.39,39.5,3.5,0
flow_00.14,69.5,4.0,0
flow_201.40,36.5,3.5,0
flow_2012.44,33.5,3.5,0
flow_0012.10,25.5,3.5,0
flow_201.41,32.0,3.5,0
flow_201.42,25.5,2.5,0
flow_201.43,25.0,2.5,0
flow_10.15,65.5,4.0,0
flow_301.10,55.5,3.5,0
flow_101.11,52.5,3.0,0
flow_301.11,26.0,3.0,0
flow_1012.14,54.5,6.0,0
flow_10.16,42.5,3.0,0
flow_2012.45,74.5,4.5,0
flow_0012.11,71.5,4.5,0
flow_2012.46,73.0,4.0,0
flow_0012.12,52.5,4.0,0
flow_20.49,70.5,3.0,0
flow_20.50,67.5,3.0,0
flow_20.51,66.0,3.0,0
flow_2012.47,63.5,3.0,0
flow_201.44,63.0,2.5,0
flow_201.45,62.0,3.0,0
flow_2012.48,38.5,3.0,0
flow_2012.49,35.0,3.0,0
flow_201.46,29.5,3.0,0
flow_2012.50,25.0,3.5,0
flow_3012.12,54.0,4.0,0
flow_10.0,54.0,4.0,0
flow_30.0,44.5,4.0,0
flow_10.1,53.0,3.0,0
flow_30.1,44.0,3.0,0
flow_10.2,52.5,3.0,0
flow_101.0,51.5,2.5,0
flow_101.1,51.5,3.0,0
flow_101.2,50.5,3.0,0
flow_101.3,47.5,3.0,0
flow_10.3,45.0,3.0,0
flow_101.4,44.0,3.0,0
flow_10.4,41.0,2.5,0
flow_1012.0,38.0,3.0,0
flow_10.5,35.5,2.5,0
flow_001.0,74.0,3.5,0
flow_00.0,28.5,3.0,0
flow_10.6,64.5,4.0,0
flow_30.2,43.5,4.0,0
flow_101.5,66.0,3.0,0
flow_1012.1,65.0,3.5,0
flow_10.7,61.5,2.5,0
flow_1012.2,62.0,3.5,0
flow_10.8,58.0,2.5,0
flow_1012.3,59.0,3.5,0
flow_1012.4,57.0,3.5,0
flow_3012.0,26.5,3.5,0
flow_10.9,54.0,2.5,0
flow_30.3,23.5,2.5,0
flow_101.6,55.5,3.0,0
flow_10.10,48.5,2.5,0
flow_101.7,49.0,2.5,0
flow_10.11,28.5,2.5,0
flow_10.12,25.5,2.5,0
flow_201.0,37.5,3.5,0
flow_001.1,71.0,3.5,0
flow_001.2,42.0,3.0,0
flow_00.1,20.0,1.5,0
flow_00.2,20.5,1.5,0
flow_30.4,47.5,4.0,0
flow_101.8,75.5,3.5,0
flow_1012.5,74.0,4.5,0
flow_10.13,46.5,3.0,0
flow_10.14,45.0,2.5,0
flow_1012.6,45.0,3.5,0
flow_1012.7,45.5,4.0,0
flow_101.9,42.0,2.5,0
flow_30.5,23.5,2.0,0
flow_101.10,41.0,3.0,0
flow_1012.8,39.0,3.0,0
flow_10.15,37.0,2.5,0
flow_10.16,35.0,2.5,0
flow_3012.1,27.5,5.0,0
flow_101.11,38.0,3.0,0
flow_101.12,35.5,3.5,0
flow_00.3,44.5,4.0,0
flow_201.1,71.5,3.5,0
flow_00.4,37.5,3.0,0
flow_201.2,72.0,4.0,0
flow_0012.0,25.5,3.5,0
flow_10.17,78.0,4.0,0
flow_30.6,49.5,4.0,0
flow_101.13,79.0,3.0,0
flow_1012.9,66.0,3.5,0
flow_3012.2,41.5,5.0,0
flow_10.18,56.0,2.5,0
flow_301.0,38.0,3.0,0
flow_1012.10,57.0,4.0,0
flow_1012.11,55.5,4.0,0
flow_30.7,28.0,6.0,0
flow_1012.12,57.0,7.0,0
flow_1012.13,55.0,4.5,0
flow_1012.14,53.0,4.0,0
flow_1012.15,42.0,4.0,0
flow_10.19,37.5,2.5,0
flow_1012.16,38.5,3.5,0
flow_1012.17,35.0,4.0,0
flow_2012.0,67.5,4.5,0
flow_00.5,63.0,7.0,0
flow_201.3,53.0,3.0,0
flow_00.6,62.0,4.5,0
flow_201.4,31.0,3.0,0
flow_2012.1,28.5,3.5,0
flow_101.14,80.0,3.5,0
flow_301.1,75.5,3.5,0
flow_101.15,79.5,3.5,0
flow_301.2,74.0,3.5,0
flow_301.3,73.0,3.5,0
flow_30.8,71.5,3.0,0
flow_1012.18,76.5,6.5,0
flow_101.16,73.5,3.0,0
flow_10.20,71.0,3.0,0
flow_301.4,63.0,2.5,0
flow_1012.19,71.5,3.5,0
flow_101.17,68.5,2.5,0
flow_301.5,58.0,6.0,0
flow_3012.3,49.5,3.5,0
flow_1012.20,69.5,4.5,0
flow_101.18,69.0,3.5,0
flow_301.6,39.5,3.5,0
flow_101.19,67.5,3.0,0
flow_1012.21,65.5,3.5,0
flow_101.20,61.5,3.0,0
flow_10.21,33.0,2.5,0
flow_0012.1,62.0,4.5,0
flow_00.7,45.5,3.0,0
flow_00.8,30.5,3.0,0
flow_2012.2,24.5,3.0,0
flow_001.3,24.5,2.5,0
flow_30.9,39.5,4.0,0
flow_1012.22,82.0,7.5,0
flow_10.22,79.5,3.5,0
flow_10.23,78.5,3.0,0
flow_101.21,76.0,2.5,0
flow_101.22,73.5,3.0,0
flow_10.24,70.0,2.5,0
flow_101.23,71.0,3.0,0
flow_30.10,20.0,1.5,0
flow_101.24,69.0,3.0,0
flow_10.25,39.0,2.5,0
flow_1012.23,29.0,3.5,0
flow_101.25,25.0,2.5,0
flow_0012.2,66.0,5.0,0
flow_00.9,60.5,3.0,0
flow_0012.3,65.0,4.5,0
flow_201.5,30.0,3.5,0
flow_20.0,21.0,2.0,0
flow_301.7,73.5,3.5,0
flow_101.26,64.0,3.5,0
flow_1012.24,63.5,4.0,0
flow_30.11,57.0,6.0,0
flow_101.27,61.0,3.0,0
flow_301.8,44.0,3.5,0
flow_3012.4,42.0,4.0,0
flow_1012.25,56.5,5.0,0
flow_10.26,53.0,3.0,0
flow_101.28,53.0,3.0,0
flow_101.29,48.0,3.0,0
flow_1012.26,47.0,3.5,0
flow_3012.5,25.0,3.5,0
flow_10.27,47.0,5.5,0
flow_10.28,45.5,4.0,0
flow_10.29,42.5,3.5,0
flow_101.30,42.5,3.0,0
flow_10.30,33.5,3.0,0
flow_0012.4,69.5,4.5,0
flow_20.1,43.0,6.5,0
flow_2012.3,40.5,4.0,0
flow_201.6,26.5,2.5,0
flow_00.10,21.0,1.5,0
flow_201.7,25.5,2.5,0
flow_0012.5,25.5,3.5,0
flow_30.12,25.0,3.0,0
flow_1012.27,81.5,6.5,0
flow_101.31,74.5,3.0,0
flow_1012.28,70.5,3.5,0
flow_1012.29,68.5,3.5,0
flow_101.32,67.0,3.0,0
flow_101.33,66.5,3.0,0
flow_301.9,25.5,2.5,0
flow_1012.30,66.0,4.5,0
flow_101.34,56.0,3.0,0
flow_301.10,27.5,3.5,0
flow_30.13,23.5,2.5,0
flow_1012.31,53.0,4.0,0
flow_101.35,49.0,3.0,0
flow_1012.32,48.0,3.5,0
flow_3012.6,24.5,3.0,0
flow_101.36,40.0,6.0,0
flow_20.2,68.0,4.0,0
flow_00.11,49.5,4.0,0
flow_201.8,50.0,3.5,0
flow_2012.4,28.5,3.5,0
flow_0012.6,54.5,5.5,0
flow_0012.7,41.0,4.5,0
flow_2012.5,23.0,2.5,0
flow_00.12,21.0,2.0,0
flow_001.4,26.0,3.0,0
flow_00.13,22.5,2.0,0
flow_3012.7,35.0,4.0,0
flow_10.31,84.5,6.5,0
flow_101.37,64.5,3.5,0
flow_10.32,51.0,3.0,0
flow_1012.33,48.5,3.0,0
flow_1012.34,46.0,3.5,0
flow_10.33,32.5,2.5,0
flow_101.38,46.0,3.5,0
flow_10.34,26.5,2.5,0
flow_1012.35,25.5,3.0,0
flow_301.11,27.0,5.0,0
flow_101.39,25.5,2.5,0
flow_30.14,24.0,2.5,0
flow_101.40,27.5,3.0,0
flow_101.41,25.0,2.5,0
flow_201.9,73.5,3.5,0
flow_001.5,67.0,3.5,0
flow_00.14,63.5,3.0,0
flow_20.3,63.5,3.0,0
flow_00.15,49.0,3.0,0
flow_00.16,26.5,3.0,0
flow_00.17,21.0,1.5,0
flow_301.12,75.0,3.5,0
flow_1012.36,76.0,6.5,0
flow_3012.8,73.5,3.5,0
flow_1012.37,74.0,4.5,0
flow_3012.9,71.5,4.0,0
flow_30.15,55.5,2.5,0
flow_10.35,71.5,4.0,0
flow_1012.38,71.0,3.5,0
flow_10.36,69.0,3.0,0
flow_3012.10,56.5,4.0,0
flow_301.13,31.0,3.0,0
flow_101.42,69.5,3.0,0
flow_101.43,68.5,3.0,0
flow_1012.39,60.0,3.5,0
flow_1012.40,58.0,4.5,0
flow_101.44,54.0,3.0,0
flow_101.45,48.0,3.0,0
flow_10.37,28.0,3.0,0
flow_20.4,70.5,4.0,0
flow_00.18,49.5,4.0,0
flow_0012.8,46.0,4.0,0
flow_2012.6,40.0,4.0,0
flow_0012.9,32.0,4.0,0
flow_2012.7,25.5,3.5,0
flow_00.19,22.0,2.0,0
flow_0012.10,25.5,3.0,0
flow_101.46,62.5,3.5,0
flow_301.14,68.0,3.5,0
flow_10.38,50.5,3.0,0
flow_30.16,45.5,3.0,0
flow_1012.41,49.0,3.5,0
flow_10.39,34.5,2.5,0
flow_10.40,31.0,2.5,0
flow_1012.42,29.5,3.0,0
flow_10.41,21.0,1.5,0
flow_0012.11,68.0,4.5,0
flow_00.20,58.5,3.0,0
flow_0012.12,34.5,3.5,0
flow_00.21,24.5,2.5,0
flow_3012.11,75.0,4.5,0
flow_301.15,69.5,3.0,0
flow_101.47,68.5,7.5,0
flow_3012.12,45.0,4.0,0
flow_10.42,43.0,5.5,0
flow_101.48,36.5,3.0,0
flow_10.43,28.5,2.5,0
flow_1012.43,28.0,3.0,0
flow_3012.13,27.0,3.5,0
flow_1012.44,28.0,3.5,0
flow_10.44,24.5,2.5,0
flow_1012.45,26.5,3.5,0
flow_1012.46,26.0,3.5,0
flow_20.5,63.0,4.0,0
flow_001.6,71.5,3.5,0
flow_2012.8,48.5,3.5,0
flow_20.6,37.0,3.0,0
flow_001.7,66.0,7.0,0
flow_0012.13,25.5,3.5,0
flow_0012.14,23.5,3.0,0
flow_0012.15,25.5,3.5,0
flow_301.16,64.5,3.5,0
flow_101.49,64.0,3.5,0
flow_3012.14,49.0,4.0,0
flow_10.45,65.0,6.0,0
flow_1012.47,64.0,4.5,0
flow_101.50,62.5,3.0,0
flow_1012.48,60.0,3.0,0
flow_101.51,59.5,2.5,0
flow_10.46,56.0,2.5,0
flow_301.17,29.5,3.5,0
flow_10.47,55.5,2.5,0
flow_1012.49,54.0,3.0,0
flow_10.48,50.0,2.0,0
flow_101.52,50.0,2.5,0
flow_1012.50,49.0,3.0,0
flow_1012.51,30.5,3.5,0
flow_10.49,26.5,2.5,0
flow_001.8,70.5,3.5,0
flow_201.10,68.5,3.5,0
flow_0012.16,42.0,4.0,0
flow_001.9,40.0,3.0,0
flow_301.18,63.0,3.5,0
flow_20.0,22.0,2.0,0
flow_2012.0,24.0,3.0,0
flow_0012.0,25.5,3.5,0
flow_201.0,25.5,2.5,0
flow_101.0,32.5,3.5,0
flow_10.0,21.5,2.0,0
flow_3012.0,23.5,3.0,0
flow_2012.1,71.5,4.0,0
flow_201.1,69.0,3.0,0
flow_001.0,59.0,7.0,0
flow_20.1,64.0,3.0,0
flow_0012.1,60.0,6.0,0
flow_20.2,51.5,5.0,0
flow_001.1,60.0,3.0,0
flow_2012.2,52.0,4.5,0
flow_00.0,52.0,3.5,0
flow_201.2,51.5,3.5,0
flow_001.2,51.5,2.5,0
flow_2012.3,51.5,6.0,0
flow_20.3,48.5,3.5,0
flow_00.1,52.5,3.5,0
flow_0012.2,51.5,3.5,0
flow_3012.1,67.0,4.5,0
flow_10.1,67.5,6.5,0
flow_30.0,64.5,3.0,0
flow_0012.3,73.0,4.5,0
flow_2012.4,69.5,5.0,0
flow_0012.4,69.5,4.0,0
flow_2012.5,62.5,4.0,0
flow_20.4,58.5,3.0,0
flow_201.3,60.5,3.5,0
flow_2012.6,56.5,3.0,0
flow_2012.7,55.5,3.0,0
flow_0012.5,25.5,3.5,0
flow_201.4,54.5,3.0,0
flow_201.5,45.0,3.0,0
flow_2012.8,41.0,3.5,0
flow_00.2,25.0,4.5,0
flow_201.6,39.5,2.5,0
flow_20.5,36.5,2.5,0
flow_20.6,34.5,2.5,0
flow_201.7,31.0,2.5,0
flow_201.8,32.0,3.5,0
flow_301.0,68.0,3.5,0
flow_1012.0,69.5,6.5,0
flow_101.1,43.0,3.0,0
flow_10.2,25.0,2.5,0
flow_3012.2,25.0,3.0,0
flow_101.2,25.0,3.0,0
flow_301.1,24.5,2.5,0
flow_301.2,25.0,2.5,0
flow_3012.3,26.5,3.5,0
flow_2012.9,75.5,4.0,0
flow_20.7,73.5,3.0,0
flow_001.3,45.5,7.0,0
flow_20.8,72.5,3.0,0
flow_2012.10,72.0,3.0,0
flow_201.9,70.5,2.5,0
flow_20.9,66.5,2.5,0
flow_001.4,30.0,3.5,0
flow_201.10,68.5,3.0,0
flow_201.11,68.5,3.5,0
flow_201.12,60.0,3.5,0
flow_20.10,50.5,2.5,0
flow_20.11,49.5,2.5,0
flow_201.13,35.5,3.0,0
flow_2012.11,31.0,3.5,0
flow_00.3,26.0,5.5,0
flow_20.12,28.5,2.5,0
flow_10.3,69.5,4.0,0
flow_1012.1,70.0,4.0,0
flow_101.3,63.5,3.0,0
flow_101.4,62.5,3.0,0
flow_10.4,38.0,2.5,0
flow_1012.2,37.5,3.0,0
flow_10.5,25.5,2.5,0
flow_20.13,75.0,4.0,0
flow_00.4,56.5,4.0,0
flow_20.14,74.5,3.0,0
flow_001.5,52.0,3.0,0
flow_20.15,48.5,3.0,0
flow_001.6,46.0,3.0,0
flow_00.5,24.5,2.5,0
flow_2012.12,47.5,6.5,0
flow_20.16,41.0,3.5,0
flow_2012.13,42.0,4.0,0
flow_2012.14,41.0,4.0,0
flow_201.14,37.5,2.5,0
flow_201.15,37.5,2.5,0
flow_2012.15,35.0,3.0,0
flow_201.16,34.0,2.5,0
flow_20.17,30.5,2.5,0
flow_001.7,24.5,2.5,0
flow_2012.16,34.5,5.0,0
flow_30.1,37.0,4.0,0
flow_101.5,35.0,3.5,0
flow_1012.3,25.5,3.5,0
flow_10.6,22.0,2.0,0
flow_20.18,77.0,4.0,0
flow_2012.17,67.0,3.5,0
flow_00.6,23.5,2.5,0
flow_201.17,63.0,3.0,0
flow_20.19,55.0,2.5,0
flow_20.20,45.0,2.5,0
flow_201.18,44.5,2.5,0
flow_2012.18,42.5,3.0,0
flow_20.21,40.0,2.5,0
flow_0012.6,27.5,5.0,0
flow_20.22,41.0,5.0,0
flow_20.23,39.5,3.5,0
flow_20.24,29.0,3.5,0
flow_20.25,22.5,2.0,0
flow_10.7,35.5,4.0,0
flow_30.2,65.5,4.0,0
flow_3012.4,52.0,4.0,0
flow_30.3,48.0,3.0,0
flow_10.8,23.5,2.5,0
flow_3012.5,49.5,3.5,0
flow_3012.6,33.5,4.0,0
flow_30.4,21.0,2.0,0
flow_101.6,31.0,4.0,0
flow_301.3,24.5,2.5,0
flow_0012.7,23.0,2.5,0
flow_2012.19,73.0,4.5,0
flow_201.19,72.5,3.0,0
flow_20.26,71.0,3.0,0
flow_2012.20,63.0,3.5,0
flow_2012.21,44.5,3.5,0
flow_2012.22,43.5,4.0,0
flow_2012.23,43.0,4.5,0
flow_201.20,40.0,3.0,0
flow_2012.24,38.5,3.5,0
flow_2012.25,37.0,3.5,0
flow_201.21,38.5,3.5,0
flow_2012.26,34.5,3.5,0
flow_20.27,29.0,2.5,0
flow_201.22,27.5,2.0,0
flow_001.8,25.5,2.5,0
flow_101.7,41.0,3.5,0
flow_101.8,29.5,3.0,0
flow_1012.4,23.5,2.5,0
flow_10.9,21.5,1.5,0
flow_301.4,26.0,3.0,0
flow_1012.5,25.5,3.5,0
flow_00.7,47.5,4.0,0
flow_20.28,74.0,4.0,0
flow_2012.27,74.5,3.5,0
flow_2012.28,75.5,4.0,0
flow_2012.29,73.5,4.0,0
flow_20.29,70.0,2.5,0
flow_2012.30,70.5,3.5,0
flow_201.23,70.0,3.0,0
flow_20.30,64.0,3.0,0
flow_201.24,68.5,3.5,0
flow_2012.31,64.0,3.0,0
flow_20.31,50.5,2.5,0
flow_2012.32,51.5,3.5,0
flow_201.25,31.0,2.5,0
flow_2012.33,28.0,3.0,0
flow_00.8,24.5,5.0,0
flow_3012.7,54.0,4.5,0
flow_101.9,70.0,7.5,0
flow_3012.8,38.0,5.0,0
flow_201.26,75.5,3.5,0
flow_20.32,73.5,3.0,0
flow_2012.34,73.0,3.5,0
flow_201.27,72.0,2.5,0
flow_2012.35,70.5,3.5,0
flow_20.33,67.5,2.5,0
flow_00.9,22.5,2.0,0
flow_2012.36,67.0,3.5,0
flow_201.28,66.0,3.0,0
flow_201.29,66.0,3.0,0
flow_201.30,64.5,3.5,0
flow_2012.37,61.0,3.0,0
flow_00.10,22.5,2.5,0
flow_20.34,57.5,2.5,0
flow_20.35,29.5,2.5,0
flow_2012.38,26.0,2.5,0
flow_301.5,59.0,3.5,0
flow_101.10,55.0,3.5,0
flow_3012.9,57.0,3.5,0
flow_30.5,54.0,3.0,0
flow_10.10,46.5,6.0,0
flow_30.6,21.0,1.5,0
flow_10.11,21.0,1.5,0
flow_201.31,76.0,3.5,0
flow_2012.39,74.5,3.5,0
flow_20.36,72.5,3.0,0
flow_20.37,71.0,2.5,0
flow_2012.40,72.0,3.5,0
flow_201.32,70.5,3.0,0
flow_20.38,64.5,2.5,0
flow_2012.41,69.5,4.0,0
flow_2012.42,65.5,3.5,0
flow_2012.43,65.0,4.0,0
flow_20.39,54.5,3.0,0
flow_20.40,42.5,3.0,0
flow_00.11,20.5,1.5,0
flow_201.33,29.5,2.5,0
flow_20.41,25.0,2.5,0
flow_2012.44,26.0,3.5,0
flow_0012.8,25.5,3.0,0
flow_101.11,61.5,3.5,0
flow_301.6,31.5,3.5,0
flow_1012.6,61.0,4.0,0
flow_1012.7,25.0,3.5,0
flow_2012.45,67.0,4.0,0
flow_2012.46,64.5,4.0,0
flow_201.34,57.0,2.5,0
flow_2012.47,56.0,3.5,0
flow_201.35,54.5,2.5,0
flow_20.42,50.0,2.5,0
flow_2012.48,54.5,3.5,0
flow_201.36,49.5,2.0,0
flow_20.43,47.5,2.5,0
flow_20.44,46.0,2.5,0
flow_2012.49,45.5,3.5,0
flow_0012.9,26.5,3.5,0
flow_20.45,41.5,2.5,0
flow_20.46,28.5,2.5,0
flow_2012.50,25.5,3.0,0
flow_30.7,65.0,4.0,0
flow_30.8,60.0,3.0,0
flow_10.12,21.5,2.0,0
flow_101.12,25.0,2.5,0
flow_201.37,73.5,3.5,0
flow_001.9,42.5,3.5,0
flow_201.38,73.0,3.0,0
flow_001.10,42.0,3.5,0
flow_00.12,30.5,3.0,0
flow_2012.51,71.5,6.5,0
flow_20.47,69.0,3.5,0
flow_20.48,67.0,3.0,0
flow_001.11,33.0,3.0,0
flow_201.39,67.0,2.5,0
flow_2012.52,65.0,3.0,0
flow_201.40,64.0,2.5,0
flow_20.49,61.0,2.5,0
flow_201.41,60.5,2.5,0
flow_201.42,61.5,3.5,0
flow_201.43,59.0,3.5,0
flow_201.44,34.5,3.0,0
flow_301.7,52.0,3.5,0
flow_3012.10,24.5,3.0,0
flow_3012.11,25.0,3.5,0
flow_30.9,20.5,2.0,0
flow_20.50,78.0,4.0,0
flow_001.12,73.5,3.5,0
flow_2012.53,78.0,3.5,0
flow_201.45,77.5,3.0,0
flow_001.13,73.0,7.0,0
flow_201.46,77.0,3.5,0
flow_001.14,44.5,3.5,0
flow_2012.54,76.0,4.0,0
flow_0012.10,44.5,4.0,0
flow_2012.55,75.0,4.5,0
flow_00.13,36.5,4.5,0
flow_201.47,73.0,3.0,0
flow_201.48,71.5,3.0,0
flow_201.49,70.0,3.0,0
flow_2012.56,67.5,3.0,0
flow_20.51,63.5,2.5,0
flow_2012.57,63.0,3.0,0
flow_20.52,29.0,2.5,0
flow_20.53,26.0,2.0,0
flow_2012.58,26.0,3.0,0
flow_10.13,55.0,4.0,0
flow_1012.8,56.0,4.0,0
flow_10.14,53.0,3.0,0
flow_101.13,46.0,2.5,0
flow_30.10,21.0,1.5,0
flow_20.54,69.5,4.0,0
flow_201.50,70.5,3.0,0
flow_201.51,70.0,3.0,0
flow_2012.59,68.0,3.0,0
flow_20.55,65.5,2.5,0
flow_001.15,26.5,2.5,0
flow_20.56,63.5,2.5,0
flow_2012.60,68.0,4.0,0
flow_20.57,62.0,2.5,0
flow_2012.61,60.5,3.0,0
flow_201.52,59.5,2.5,0
flow_20.58,53.5,2.5,0
flow_201.53,58.5,2.5,0
flow_201.54,30.5,2.5,0
flow_2012.62,28.5,3.5,0
flow_201.55,25.5,2.0,0
flow_301.8,48.5,3.5,0
flow_101.14,32.5,3.5,0
flow_00.0,23.0,2.5,0
flow_201.0,24.5,2.5,0
flow_001.0,29.5,3.5,0
flow_00.1,22.0,2.0,0
flow_00.2,23.0,2.0,0
flow_20.0,20.0,1.5,0
flow_00.3,21.5,2.0,0
flow_201.1,25.0,2.5,0
flow_30.0,39.0,4.0,0
flow_101.0,35.0,3.5,0
flow_30.1,38.5,3.0,0
flow_10.0,33.0,3.0,0
flow_30.2,38.0,3.0,0
flow_301.0,37.0,2.5,0
flow_10.1,20.5,1.5,0
flow_3012.0,27.0,4.0,0
flow_10.2,24.0,3.0,0
flow_201.2,72.5,3.5,0
flow_00.4,71.0,4.0,0
flow_201.3,70.0,3.0,0
flow_001.1,63.0,3.0,0
flow_00.5,59.0,3.0,0
flow_201.4,65.5,3.0,0
flow_2012.0,61.5,3.5,0
flow_20.1,57.5,2.5,0
flow_00.6,51.0,2.5,0
flow_0012.0,61.5,4.0,0
flow_201.5,50.5,2.5,0
flow_20.2,39.5,2.5,0
flow_001.2,52.5,3.5,0
flow_0012.1,38.5,6.0,0
flow_001.3,27.0,3.0,0
flow_201.6,43.0,3.0,0
flow_001.4,25.5,2.5,0
flow_201.7,43.0,3.5,0
flow_2012.1,28.0,3.5,0
flow_201.8,25.5,2.5,0
flow_001.5,28.0,3.5,0
flow_0012.2,26.0,3.5,0
flow_30.3,58.0,4.0,0
flow_101.1,67.5,3.5,0
flow_3012.1,59.5,4.0,0
flow_30.4,54.5,3.0,0
flow_10.3,69.5,6.0,0
flow_1012.0,68.5,5.5,0
flow_3012.2,56.0,3.5,0
flow_30.5,50.0,2.5,0
flow_10.4,45.0,3.5,0
flow_10.5,34.5,3.0,0
flow_1012.1,33.0,3.0,0
flow_3012.3,43.5,6.5,0
flow_10.6,29.5,3.0,0
flow_30.6,28.0,3.0,0
flow_10.7,28.0,2.5,0
flow_10.8,25.0,2.5,0
flow_301.1,25.5,2.5,0
flow_1012.2,25.5,3.5,0
flow_301.2,26.5,3.0,0
flow_0012.3,74.0,4.5,0
flow_2012.2,57.5,4.5,0
flow_2012.3,60.0,5.0,0
flow_2012.4,58.0,4.5,0
flow_20.3,31.0,3.0,0
flow_201.9,38.0,3.5,0
flow_001.6,61.0,4.5,0
flow_20.4,23.5,2.0,0
flow_0012.4,48.5,6.0,0
flow_001.7,39.0,3.0,0
flow_0012.5,35.5,3.5,0
flow_0012.6,35.5,3.5,0
flow_20.5,24.5,3.5,0
flow_001.8,33.0,2.5,0
flow_00.7,31.0,2.5,0
flow_0012.7,30.5,3.5,0
flow_00.8,26.5,2.5,0
flow_30.7,40.5,4.0,0
flow_1012.3,66.5,7.5,0
flow_3012.4,42.0,4.0,0
flow_1012.4,66.5,4.5,0
flow_10.9,62.0,4.0,0
flow_3012.5,42.5,4.5,0
flow_301.3,39.5,3.0,0
flow_30.8,28.5,2.5,0
flow_101.2,57.5,3.0,0
flow_101.3,49.5,3.0,0
flow_10.10,45.0,3.0,0
flow_10.11,44.0,2.5,0
flow_1012.5,44.5,3.5,0
flow_10.12,40.5,3.0,0
flow_30.9,21.0,1.5,0
flow_101.4,46.0,3.5,0
flow_1012.6,30.5,4.5,0
flow_30.10,22.5,2.0,0
flow_10.13,23.5,2.0,0
flow_101.5,31.0,3.5,0
flow_20.6,66.5,4.0,0
flow_00.9,50.5,4.0,0
flow_001.9,51.5,3.0,0
flow_2012.5,61.5,5.0,0
flow_2012.6,60.0,4.0,0
flow_001.10,56.5,4.5,0
flow_00.10,54.0,3.0,0
flow_001.11,49.0,2.5,0
flow_0012.8,42.5,3.0,0
flow_20.7,23.0,2.5,0
flow_001.12,42.5,2.5,0
flow_001.13,38.5,3.0,0
flow_0012.9,29.5,4.0,0
flow_2012.7,27.5,4.5,0
flow_001.14,24.5,2.5,0
flow_00.11,22.0,1.5,0
flow_3012.6,74.5,4.5,0
flow_10.14,42.5,7.0,0
flow_301.4,67.5,3.0,0
flow_101.6,31.0,3.5,0
flow_3012.7,59.5,4.0,0
flow_30.11,37.5,3.0,0
flow_101.7,26.5,3.0,0
flow_1012.7,25.0,3.5,0
flow_10.15,21.0,1.5,0
flow_301.5,24.5,2.5,0
flow_101.8,23.5,2.0,0
flow_2012.8,38.0,4.5,0
flow_00.12,67.5,6.5,0
flow_201.10,27.0,3.0,0
flow_001.15,67.0,3.5,0
flow_001.16,65.5,3.0,0
flow_00.13,57.5,2.5,0
flow_001.17,49.5,3.0,0
flow_001.18,42.5,3.0,0
flow_00.14,37.0,2.5,0
flow_201.11,26.5,3.0,0
flow_201.12,26.0,3.0,0
flow_001.19,39.0,3.0,0
flow_00.15,35.0,2.5,0
flow_2012.9,27.0,5.5,0
flow_00.16,37.5,6.0,0
flow_201.13,26.5,3.0,0
flow_2012.10,25.5,3.0,0
flow_0012.10,33.5,5.0,0
flow_20.8,22.0,2.0,0
flow_00.17,31.5,4.5,0
flow_1012.8,70.5,4.0,0
flow_3012.8,50.5,4.5,0
flow_3012.9,37.5,4.0,0
flow_10.16,64.5,6.0,0
flow_101.9,47.0,3.5,0
flow_1012.9,27.5,3.5,0
flow_3012.10,25.5,3.5,0
flow_10.17,20.5,2.0,0
flow_101.10,25.5,2.5,0
flow_301.6,24.5,2.5,0
flow_101.11,25.0,2.5,0
flow_1012.10,25.5,3.0,0
flow_10.18,21.5,1.5,0
flow_00.18,78.0,4.0,0
flow_2012.11,75.5,5.0,0
flow_0012.11,74.0,4.0,0
flow_0012.12,72.5,3.5,0
flow_001.20,71.0,3.0,0
flow_201.14,52.0,4.0,0
flow_00.19,57.5,2.5,0
flow_20.9,45.5,3.5,0
flow_00.20,56.0,2.5,0
flow_201.15,45.5,3.0,0
flow_0012.13,57.0,4.5,0
flow_001.21,54.0,2.5,0
flow_00.21,23.0,2.5,0
flow_201.16,47.5,3.5,0
flow_2012.12,36.5,4.0,0
flow_3012.11,62.5,4.0,0
flow_10.19,55.0,6.5,0
flow_301.7,59.0,3.0,0
flow_101.12,50.5,3.0,0
flow_30.12,50.5,3.0,0
flow_10.20,48.5,3.0,0
flow_301.8,49.5,2.5,0
flow_10.21,25.0,2.5,0
flow_30.13,43.0,2.5,0
flow_10.22,23.0,2.5,0
flow_3012.12,40.0,4.5,0
flow_10.23,23.0,2.5,0
flow_30.14,34.0,3.0,0
flow_30.15,32.5,3.0,0
flow_3012.13,28.0,3.0,0
flow_30.16,24.5,2.5,0
flow_10.24,25.0,5.0,0
flow_2012.13,64.0,4.0,0
flow_00.22,71.5,6.5,0
flow_201.17,64.0,3.0,0
flow_00.23,70.0,4.0,0
flow_20.10,38.0,3.0,0
flow_001.22,70.0,3.0,0
flow_201.18,26.5,2.5,0
flow_001.23,69.5,3.5,0
flow_0012.14,67.0,3.5,0
flow_00.24,63.0,3.0,0
flow_001.24,57.5,3.0,0
flow_00.25,53.5,2.5,0
flow_00.26,51.5,2.5,0
flow_00.27,50.0,2.5,0
flow_0012.15,50.0,3.5,0
flow_001.25,48.0,2.5,0
flow_00.28,28.5,2.5,0
flow_0012.16,28.5,3.5,0
flow_1012.11,40.0,4.5,0
flow_301.9,77.0,7.5,0
flow_30.17,68.5,3.5,0
flow_101.13,26.0,3.0,0
flow_3012.14,66.0,6.0,0
flow_3012.15,30.5,4.5,0
flow_301.10,27.5,3.0,0
flow_3012.16,27.5,3.5,0
flow_3012.17,26.0,3.5,0
flow_3012.18,24.5,3.0,0
flow_3012.19,23.5,2.5,0
flow_00.29,72.0,4.0,0
flow_201.19,67.0,3.5,0
flow_0012.17,51.0,4.0,0
flow_2012.14,51.0,4.0,0
flow_20.11,46.5,3.0,0
flow_00.30,42.0,3.0,0
flow_001.26,41.5,2.5,0
flow_2012.15,34.5,5.5,0
flow_00.31,40.5,3.0,0
flow_2012.16,27.5,4.5,0
flow_0012.18,25.0,3.0,0
flow_2012.17,24.0,2.5,0
flow_0012.19,25.5,3.5,0
flow_201.20,26.0,3.0,0
flow_30.18,68.5,4.0,0
flow_10.25,42.0,4.0,0
flow_30.19,68.5,3.5,0
flow_101.14,25.5,2.5,0
flow_301.11,60.0,3.0,0
flow_1012.12,25.5,3.5,0
flow_3012.20,52.0,3.5,0
flow_3012.21,50.5,4.0,0
flow_30.20,35.0,2.5,0
flow_3012.22,32.0,3.0,0
flow_301.12,27.0,2.0,0
flow_1012.13,26.5,3.5,0
flow_3012.23,25.0,3.5,0
flow_30.21,22.5,2.0,0
flow_101.15,26.0,3.0,0
flow_10.26,24.0,2.5,0
flow_20.12,52.5,4.0,0
flow_001.27,71.0,3.5,0
flow_00.32,59.0,3.0,0
flow_201.21,49.5,3.0,0
flow_20.13,46.5,3.0,0
flow_001.28,56.5,3.0,0
flow_0012.20,55.0,3.5,0
flow_20.14,23.5,2.5,0
flow_001.29,54.0,2.5,0
flow_0012.21,50.0,3.5,0
flow_00.33,47.0,2.5,0
flow_201.22,24.5,2.0,0
flow_001.30,24.5,2.5,0
flow_00.34,22.0,2.0,0
flow_30.22,62.5,4.0,0
flow_1012.14,76.0,7.5,0
flow_10.27,69.5,3.5,0
flow_301.13,55.0,3.0,0
flow_101.16,70.0,3.0,0
flow_10.28,67.5,2.5,0
flow_30.23,54.5,3.0,0
flow_30.24,48.5,3.0,0
flow_1012.15,70.5,5.0,0
flow_10.29,67.0,3.0,0
flow_301.14,51.5,3.5,0
flow_30.25,41.5,3.0,0
flow_101.17,66.0,3.0,0
flow_1012.16,58.5,4.5,0
flow_10.30,55.5,3.0,0
flow_301.15,46.5,3.5,0
flow_10.31,53.5,3.0,0
flow_3012.24,47.5,4.0,0
flow_301.16,45.0,2.5,0
flow_2012.18,74.0,4.5,0
flow_20.15,68.0,3.0,0
flow_001.31,70.5,7.5,0
flow_20.16,45.5,3.0,0
flow_00.35,67.0,3.5,0
flow_0012.22,66.5,3.0,0
flow_0012.23,57.5,3.5,0
flow_2012.19,47.0,4.5,0
flow_0012.24,55.0,3.5,0
flow_00.36,45.5,2.5,0
flow_0012.25,46.0,3.0,0
flow_0012.26,45.0,3.5,0
flow_00.37,35.0,3.0,0
flow_20.17,23.5,3.0,0
flow_0012.27,31.0,3.0,0
flow_0012.28,30.5,3.5,0
flow_2012.20,23.0,2.5,0
flow_00.38,20.5,2.0,0
flow_3012.25,92.5,4.5,0
flow_301.17,60.5,2.5,0
flow_101.18,66.0,7.5,0
flow_30.26,58.5,3.0,0
flow_101.19,60.5,3.5,0
flow_30.27,52.5,3.0,0
flow_30.28,50.5,3.0,0
flow_101.20,45.5,3.0,0
flow_1012.17,30.5,4.5,0
flow_1012.18,30.0,4.0,0
flow_1012.19,29.0,4.0,0
flow_301.18,60.0,6.5,0
flow_30.29,56.0,3.0,0
flow_3012.26,56.0,3.5,0
flow_3012.27,54.5,3.5,0
flow_301.19,26.5,2.5,0
flow_20.18,69.5,4.0,0
flow_001.32,66.0,3.5,0
flow_20.19,45.0,3.5,0
flow_001.33,58.5,3.0,0
flow_201.23,44.0,3.0,0
flow_001.34,57.5,3.0,0
flow_2012.21,43.5,4.5,0
flow_201.24,40.0,2.5,0
flow_20.20,29.0,2.5,0
flow_001.35,61.0,7.0,0
flow_0012.29,59.5,4.5,0
flow_00.39,53.5,3.0,0
flow_0012.30,58.5,4.5,0
flow_001.36,52.5,2.5,0
flow_0012.31,52.0,3.5,0
flow_2012.22,24.5,3.0,0
flow_001.37,51.5,3.0,0
flow_0012.32,49.5,3.5,0
flow_2012.23,26.5,4.0,0
flow_0012.33,48.0,3.5,0
flow_301.20,55.0,3.5,0
flow_101.21,74.5,3.5,0
flow_3012.28,54.5,4.0,0
flow_301.21,34.5,3.0,0
flow_101.22,78.0,7.0,0
flow_101.23,76.5,3.5,0
flow_1012.20,76.0,3.5,0
flow_101.24,62.5,2.5,0
flow_10.32,55.0,2.5,0
flow_101.25,36.0,2.5,0
flow_101.26,35.5,3.0,0
flow_1012.21,31.5,3.5,0
flow_30.30,22.5,2.0,0
flow_101.27,29.5,2.5,0
flow_1012.22,27.0,3.0,0
flow_10.33,23.5,2.5,0
flow_3012.29,26.5,4.0,0
flow_20.21,44.0,4.0,0
flow_001.38,86.5,4.0,0
flow_00.40,82.0,3.0,0
flow_201.25,45.0,3.0,0
flow_0012.34,82.5,4.0,0
flow_20.22,46.0,6.5,0
flow_0012.35,82.5,7.0,0
flow_2012.24,26.0,3.5,0
flow_00.41,80.0,3.5,0
flow_0012.36,79.5,3.5,0
flow_001.39,79.0,3.0,0
flow_00.42,76.0,2.5,0
flow_201.26,27.0,3.0,0
flow_0012.37,76.5,3.5,0
flow_001.40,73.0,2.5,0
flow_00.43,70.5,2.5,0
flow_00.44,67.0,2.5,0
flow_0012.38,33.5,3.0,0
flow_30.31,71.5,4.0,0
flow_101.28,75.0,3.5,0
flow_3012.30,73.0,4.0,0
flow_101.29,79.0,6.5,0
flow_3012.31,56.0,5.0,0
flow_1012.23,76.0,4.0,0
flow_3012.32,44.5,4.5,0
flow_10.34,56.0,3.5,0
flow_301.22,41.5,2.5,0
flow_10.35,49.5,3.0,0
flow_301.23,40.5,3.0,0
flow_10.36,45.0,3.0,0
flow_301.24,37.0,3.0,0
flow_301.25,35.5,3.5,0
flow_10.37,20.5,1.5,0
flow_301.26,33.0,3.0,0
flow_3012.33,32.0,4.5,0
flow_10.38,22.5,2.0,0
flow_101.30,26.5,2.5,0
flow_0012.39,80.0,4.5,0
flow_20.23,62.0,6.5,0
flow_001.41,80.5,3.5,0
flow_201.27,31.0,3.5,0
flow_0012.40,75.5,4.0,0
flow_0012.41,74.0,4.5,0
flow_0012.42,71.0,4.0,0
flow_20.24,23.0,2.5,0
flow_001.42,68.5,2.5,0
flow_0012.43,68.0,3.5,0
flow_001.43,61.0,3.0,0
flow_00.45,50.0,2.5,0
flow_00.46,49.0,2.5,0
flow_001.44,49.0,3.0,0
flow_201.28,24.5,2.5,0
flow_001.45,47.5,3.5,0
flow_001.46,32.0,3.0,0
flow_00.47,27.0,2.5,0
flow_30.32,36.0,4.0,0
flow_1012.24,75.0,7.5,0
flow_30.33,33.5,5.5,0
flow_101.31,66.0,3.0,0
flow_30.34,32.0,3.5,0
flow_1012.25,68.0,4.0,0
flow_10.39,65.5,3.0,0
flow_101.32,66.0,2.5,0
flow_1012.26,66.0,4.0,0
flow_3012.34,24.5,3.0,0
flow_101.33,55.5,6.0,0
flow_30.35,21.5,2.0,0
flow_101.34,55.0,3.5,0
flow_1012.27,39.5,3.5,0
flow_1012.28,40.0,3.5,0
flow_3012.35,26.0,3.5,0
flow_1012.29,37.0,4.0,0
flow_0012.44,76.0,4.5,0
flow_20.25,73.0,6.5,0
flow_0012.45,67.0,6.0,0
flow_0012.46,55.5,5.0,0
flow_0012.47,54.0,5.0,0
flow_201.29,84.0,4.5,0
flow_001.47,27.0,3.0,0
flow_201.30,83.0,3.5,0
flow_0012.48,27.0,4.0,0
flow_20.26,82.5,4.5,0
flow_001.48,25.5,2.5,0
flow_20.27,81.0,3.5,0
flow_00.48,24.5,2.5,0
flow_201.31,75.0,2.5,0
flow_20.28,72.5,2.5,0
flow_2012.25,30.0,3.0,0
flow_201.32,27.0,3.0,0
flow_101.0,43.5,3.5,0
flow_301.0,54.5,3.5,0
flow_1012.0,44.0,4.0,0
flow_301.1,54.0,7.0,0
flow_1012.1,47.0,5.5,0
flow_1012.2,36.0,4.5,0
flow_30.0,56.0,5.5,0
flow_3012.0,54.0,4.0,0
flow_3012.1,53.0,4.0,0
flow_301.2,51.0,2.5,0
flow_10.0,21.5,2.0,0
flow_30.1,48.0,2.5,0
flow_301.3,41.5,3.5,0
flow_3012.2,31.5,3.0,0
flow_3012.3,32.5,4.0,0
flow_301.4,29.0,2.5,0
flow_30.2,25.0,2.5,0
flow_001.0,72.0,3.5,0
flow_001.1,67.0,3.5,0
flow_001.2,65.5,3.5,0
flow_001.3,57.0,3.5,0
flow_0012.0,54.5,3.5,0
flow_00.0,51.0,2.5,0
flow_00.1,49.5,2.5,0
flow_001.4,31.0,2.5,0
flow_201.0,25.5,2.5,0
flow_00.2,21.0,1.5,0
flow_3012.4,60.5,4.5,0
flow_10.1,55.5,6.5,0
flow_30.3,53.0,3.0,0
flow_101.1,48.5,3.5,0
flow_30.4,50.0,3.0,0
flow_10.2,43.5,3.0,0
flow_301.5,49.5,2.5,0
flow_10.3,26.5,2.5,0
flow_301.6,50.0,3.0,0
flow_3012.5,41.5,4.0,0
flow_101.2,24.5,2.5,0
flow_10.4,20.0,1.5,0
flow_2012.0,70.0,4.5,0
flow_00.3,57.5,6.5,0
flow_201.1,51.5,3.0,0
flow_0012.1,40.5,5.0,0
flow_0012.2,25.0,3.0,0
flow_2012.1,26.5,3.5,0
flow_201.2,25.0,2.5,0
flow_0012.3,27.0,4.0,0
flow_3012.6,61.5,4.5,0
flow_10.5,71.5,6.5,0
flow_3012.7,60.5,5.5,0
flow_30.5,57.5,3.5,0
flow_10.6,64.0,7.5,0
flow_101.3,62.5,4.0,0
flow_3012.8,51.5,4.5,0
flow_10.7,49.5,4.0,0
flow_30.6,39.5,3.0,0
flow_3012.9,40.0,4.0,0
flow_1012.3,28.5,3.5,0
flow_30.7,36.5,3.0,0
flow_301.7,30.5,2.5,0
flow_3012.10,24.0,2.5,0
flow_301.8,25.0,2.5,0
flow_2012.2,73.0,4.0,0
flow_00.4,48.0,6.5,0
flow_201.3,31.5,3.0,0
flow_00.5,41.5,4.0,0
flow_20.0,20.5,1.5,0
flow_00.6,21.0,1.5,0
flow_30.8,66.5,4.0,0
flow_101.4,31.0,3.5,0
flow_3012.11,68.0,4.0,0
flow_30.9,44.0,3.0,0
flow_3012.12,44.0,3.5,0
flow_30.10,41.0,2.5,0
flow_3012.13,26.0,3.5,0
flow_3012.14,25.0,3.5,0
flow_3012.15,27.0,3.5,0
flow_3012.16,26.0,3.5,0
flow_10.8,23.5,2.0,0
flow_2012.3,68.0,4.5,0
flow_00.7,26.0,5.5,0
flow_2012.4,61.0,5.5,0
flow_201.4,55.5,3.0,0
flow_2012.5,52.0,3.5,0
flow_20.1,47.5,2.5,0
flow_20.2,36.5,2.5,0
flow_20.3,21.0,1.5,0
flow_00.8,21.0,1.5,0
flow_10.9,61.5,4.0,0
flow_301.9,69.0,3.5,0
flow_30.11,63.0,3.0,0
flow_10.10,23.0,2.0,0
flow_301.10,63.0,3.0,0
flow_301.11,62.5,3.0,0
flow_30.12,58.5,2.5,0
flow_301.12,60.0,2.5,0
flow_3012.17,57.0,3.0,0
flow_30.13,54.0,2.5,0
flow_30.14,40.0,2.5,0
flow_10.11,22.0,2.0,0
flow_30.15,36.5,2.0,0
flow_3012.18,36.5,3.0,0
flow_1012.4,25.0,3.5,0
flow_30.16,34.5,3.5,0
flow_30.17,29.5,3.0,0
flow_30.18,25.5,2.5,0
flow_101.5,29.0,3.5,0
flow_101.6,27.5,3.0,0
flow_20.4,50.0,4.0,0
flow_00.9,50.0,4.0,0
flow_001.5,39.5,3.0,0
flow_2012.6,25.5,3.5,0
flow_20.5,21.5,2.0,0
flow_00.10,21.5,2.0,0
flow_201.5,26.5,3.0,0
flow_30.19,70.0,4.0,0
flow_1012.5,62.0,7.5,0
flow_301.13,75.5,3.0,0
flow_3012.19,74.0,3.5,0
flow_301.14,73.0,2.5,0
flow_1012.6,27.0,5.0,0
flow_301.15,76.5,4.0,0
flow_3012.20,73.0,3.5,0
flow_1012.7,30.0,6.5,0
flow_3012.21,68.0,4.0,0
flow_10.12,26.5,5.0,0
flow_3012.22,65.5,7.0,0
flow_10.13,27.0,5.5,0
flow_301.16,57.0,3.0,0
flow_3012.23,49.0,4.0,0
flow_2012.7,51.0,4.0,0
flow_0012.4,62.0,4.5,0
flow_00.11,45.0,3.0,0
flow_201.6,49.5,3.5,0
flow_00.12,21.0,1.5,0
flow_201.7,25.0,2.5,0
flow_20.6,22.0,2.0,0
flow_101.7,67.0,3.5,0
flow_301.17,97.0,3.5,0
flow_1012.8,46.5,4.0,0
flow_30.20,97.0,6.5,0
flow_3012.24,71.0,5.0,0
flow_1012.9,25.5,3.5,0
flow_3012.25,56.0,4.0,0
flow_3012.26,55.5,4.0,0
flow_30.21,51.5,3.0,0
flow_30.22,50.5,3.0,0
flow_301.18,35.0,3.0,0
flow_10.14,21.0,1.5,0
flow_301.19,33.0,3.0,0
flow_301.20,32.0,3.5,0
flow_30.23,30.0,3.0,0
flow_30.24,28.0,2.5,0
flow_001.6,37.0,3.5,0
flow_201.8,73.0,3.5,0
flow_00.13,20.5,1.5,0
flow_2012.8,23.5,3.0,0
flow_20.7,22.5,2.0,0
flow_001.7,24.5,2.5,0
flow_001.8,25.5,2.5,0
flow_30.25,71.5,4.0,0
flow_10.15,65.0,4.0,0
flow_10.16,36.5,3.0,0
flow_3012.27,76.0,6.0,0
flow_301.21,74.0,3.0,0
flow_301.22,64.0,3.5,0
flow_301.23,60.0,3.5,0
flow_3012.28,57.0,3.0,0
flow_30.26,54.5,2.5,0
flow_301.24,54.0,2.5,0
flow_3012.29,53.0,3.5,0
flow_301.25,52.0,2.5,0
flow_30.27,40.5,2.5,0
flow_101.8,25.5,2.5,0
flow_301.26,40.5,2.5,0
flow_3012.30,32.0,3.0,0
flow_1012.10,26.0,3.5,0
flow_20.8,63.0,4.0,0
flow_00.14,60.0,4.0,0
flow_00.15,47.0,3.0,0
flow_2012.9,65.0,6.0,0
flow_0012.5,42.5,4.0,0
flow_00.16,38.0,3.0,0
flow_20.9,51.5,3.0,0
flow_001.9,38.0,3.0,0
flow_001.10,27.5,3.0,0
flow_2012.10,24.5,3.0,0
flow_20.10,21.5,2.0,0
flow_20.11,21.5,2.0,0
flow_30.28,77.0,4.0,0
flow_1012.11,60.0,7.5,0
flow_1012.12,53.0,4.5,0
flow_1012.13,26.0,3.5,0
flow_301.27,85.5,4.0,0
flow_301.28,75.5,3.0,0
flow_30.29,72.5,3.0,0
flow_301.29,72.5,3.0,0
flow_30.30,69.5,2.5,0
flow_3012.31,70.0,3.0,0
flow_301.30,68.0,2.5,0
flow_3012.32,67.0,3.5,0
flow_3012.33,66.0,4.0,0
flow_301.31,65.5,3.0,0
flow_001.11,66.0,3.5,0
flow_201.9,57.0,3.5,0
flow_001.12,40.0,3.0,0
flow_00.17,36.0,3.0,0
flow_20.12,22.5,2.0,0
flow_001.13,37.5,3.0,0
flow_001.14,36.5,3.0,0
flow_001.15,28.0,3.0,0
flow_201.10,27.0,3.0,0
flow_201.11,25.5,2.5,0
flow_20.13,22.0,2.0,0
flow_201.12,24.5,2.5,0
flow_001.16,25.5,2.5,0
flow_3012.34,109.0,4.0,0
flow_30.31,83.5,3.0,0
flow_30.32,78.0,3.0,0
flow_30.33,75.5,3.0,0
flow_3012.35,74.5,3.0,0
flow_3012.36,74.0,3.5,0
flow_30.34,70.5,2.5,0
flow_3012.37,70.5,3.5,0
flow_1012.14,23.5,3.0,0
flow_301.32,71.5,4.0,0
flow_301.33,70.5,3.0,0
flow_3012.38,68.0,3.5,0
flow_3012.39,67.0,3.5,0
flow_30.35,31.5,2.5,0
flow_101.9,30.0,4.0,0
flow_3012.40,31.0,4.0,0
flow_20.14,52.5,4.0,0
flow_001.17,44.5,3.5,0
flow_001.18,37.5,3.0,0
flow_00.18,35.0,3.0,0
flow_201.13,25.5,2.5,0
flow_00.19,22.0,2.0,0
flow_2012.11,24.0,2.5,0
flow_2012.12,23.0,2.5,0
flow_101.10,76.5,3.5,0
flow_301.34,76.0,3.5,0
flow_1012.15,47.0,4.0,0
flow_301.35,79.0,7.0,0
flow_3012.41,72.5,3.5,0
flow_30.36,70.0,3.0,0
flow_3012.42,59.5,3.5,0
flow_30.37,45.5,2.5,0
flow_30.38,44.5,2.5,0
flow_301.36,34.5,2.5,0
flow_30.39,22.5,2.0,0
flow_1012.16,26.0,3.5,0
flow_3012.43,25.0,3.5,0
flow_201.14,44.0,3.5,0
flow_001.19,75.0,3.5,0
flow_2012.13,37.0,4.5,0
flow_2012.14,31.0,4.0,0
flow_20.15,21.0,1.5,0
flow_301.37,53.5,3.5,0
flow_1012.17,62.5,6.5,0
flow_10.17,58.5,3.5,0
flow_30.40,54.0,3.5,0
flow_10.18,41.5,3.0,0
flow_3012.44,56.5,4.5,0
flow_30.41,49.5,3.0,0
flow_10.19,23.0,2.0,0
flow_30.42,48.5,3.0,0
flow_3012.45,48.5,3.5,0
flow_3012.46,48.0,4.0,0
flow_30.43,34.5,2.5,0
flow_30.44,33.0,2.5,0
flow_30.45,23.5,2.0,0
flow_1012.18,26.0,4.0,0
flow_20.16,63.0,4.0,0
flow_2012.15,49.5,3.5,0
flow_0012.6,24.0,3.0,0
flow_00.20,22.0,2.0,0
flow_00.21,21.5,1.5,0
flow_201.15,23.5,2.0,0
flow_001.20,24.0,2.0,0
flow_20.17,21.5,2.0,0
flow_0012.7,25.5,3.0,0
flow_1012.19,66.5,4.0,0
flow_10.20,34.5,3.0,0
flow_30.46,63.5,6.5,0
flow_301.38,60.0,3.0,0
flow_3012.47,55.5,3.5,0
flow_3012.48,45.0,3.5,0
flow_301.39,29.5,2.5,0
flow_301.40,28.5,3.0,0
flow_3012.49,26.0,3.0,0
flow_3012.50,24.5,3.0,0
flow_101.11,25.5,2.5,0
flow_301.41,27.0,3.0,0
flow_301.42,25.5,2.5,0
flow_00.22,72.0,4.0,0
flow_201.16,25.5,2.5,0
flow_0012.8,70.0,4.0,0
flow_00.23,68.0,3.0,0
flow_001.21,52.0,3.0,0
flow_0012.9,25.5,3.5,0
flow_2012.0,23.0,2.5,0
flow_00.0,22.0,2.5,0
flow_301.0,50.5,3.5,0
flow_1012.0,57.5,6.5,0
flow_3012.0,43.5,4.0,0
flow_10.0,55.5,4.0,0
flow_101.0,32.5,3.0,0
flow_101.1,26.0,2.5,0
flow_101.2,26.0,2.5,0
flow_3012.1,24.5,3.0,0
flow_30.0,22.0,2.0,0
flow_301.1,25.0,2.5,0
flow_30.1,23.0,2.0,0
flow_1012.1,27.0,4.0,0
flow_20.0,20.5,1.5,0
flow_001.0,74.5,3.5,0
flow_0012.0,62.5,4.0,0
flow_00.1,20.5,1.5,0
flow_3012.2,52.0,4.0,0
flow_10.1,73.5,6.5,0
flow_30.2,38.0,3.0,0
flow_101.3,69.5,3.0,0
flow_101.4,69.0,3.0,0
flow_1012.2,67.0,3.0,0
flow_10.2,64.5,2.5,0
flow_10.3,63.0,2.5,0
flow_1012.3,55.0,3.0,0
flow_10.4,37.5,3.0,0
flow_10.5,35.5,2.5,0
flow_10.6,34.0,3.0,0
flow_1012.4,31.0,3.0,0
flow_10.7,23.0,2.0,0
flow_101.5,24.5,2.0,0
flow_2012.1,71.0,4.5,0
flow_00.2,48.5,6.5,0
flow_201.0,57.0,3.0,0
flow_00.3,37.0,3.0,0
flow_001.1,50.5,4.0,0
flow_201.1,25.5,2.5,0
flow_10.8,67.0,4.0,0
flow_301.2,43.0,3.5,0
flow_101.6,50.5,3.0,0
flow_101.7,43.5,3.0,0
flow_101.8,36.5,3.0,0
flow_101.9,35.5,3.0,0
flow_10.9,31.5,3.0,0
flow_1012.5,31.5,3.5,0
flow_101.10,27.5,2.0,0
flow_101.11,25.5,2.5,0
flow_00.4,68.0,4.0,0
flow_20.1,63.0,4.0,0
flow_20.2,49.5,3.0,0
flow_00.5,58.0,3.5,0
flow_2012.2,50.5,4.0,0
flow_0012.1,72.0,6.0,0
flow_3012.3,61.5,4.5,0
flow_301.3,31.0,3.0,0
flow_101.12,70.5,7.5,0
flow_10.10,68.0,3.5,0
flow_10.11,64.5,3.0,0
flow_10.12,63.5,3.0,0
flow_101.13,62.5,3.0,0
flow_1012.6,58.5,3.5,0
flow_10.13,54.0,2.5,0
flow_301.4,26.5,3.0,0
flow_10.14,53.0,2.5,0
flow_101.14,54.0,3.0,0
flow_1012.7,45.0,3.0,0
flow_1012.8,44.5,3.5,0
flow_10.15,42.0,2.5,0
flow_10.16,30.5,2.5,0
flow_00.6,22.0,2.0,0
flow_20.3,31.5,3.5,0
flow_20.4,30.5,3.0,0
flow_3012.4,74.5,5.0,0
flow_301.5,72.0,3.0,0
flow_30.3,26.5,2.5,0
flow_101.15,67.5,7.5,0
flow_101.16,66.5,3.0,0
flow_30.4,21.0,2.0,0
flow_101.17,65.5,3.0,0
flow_101.18,62.0,3.0,0
flow_1012.9,60.0,3.5,0
flow_3012.5,25.0,3.5,0
flow_1012.10,59.5,4.0,0
flow_10.17,55.5,2.5,0
flow_1012.11,54.0,3.0,0
flow_10.18,48.5,2.5,0
flow_1012.12,53.0,3.5,0
flow_101.19,38.5,2.5,0
flow_10.19,36.0,2.5,0
flow_101.20,29.5,2.5,0
flow_00.7,69.5,4.0,0
flow_201.2,52.0,3.5,0
flow_00.8,59.5,3.0,0
flow_00.9,45.0,3.0,0
flow_2012.3,28.5,4.5,0
flow_0012.2,26.0,3.5,0
flow_00.10,22.0,2.0,0
flow_2012.4,26.5,5.0,0
flow_3012.6,24.5,3.0,0
flow_10.20,74.5,3.0,0
flow_1012.13,79.0,5.0,0
flow_1012.14,75.5,4.0,0
flow_101.21,72.5,2.5,0
flow_10.21,70.5,2.5,0
flow_10.22,68.5,2.5,0
flow_101.22,68.0,3.0,0
flow_1012.15,66.0,3.0,0
flow_101.23,65.0,2.5,0
flow_101.24,64.5,3.0,0
flow_10.23,60.5,2.5,0
flow_10.24,59.0,2.5,0
flow_10.25,28.0,2.5,0
flow_10.26,25.5,2.5,0
flow_101.25,26.5,3.0,0
flow_20.5,27.0,3.5,0
flow_001.2,43.5,3.5,0
flow_001.3,42.5,3.0,0
flow_0012.3,24.0,3.0,0
flow_2012.5,26.0,3.5,0
flow_201.3,27.5,3.0,0
flow_10.27,70.5,4.0,0
flow_30.5,65.0,4.0,0
flow_101.26,70.0,2.5,0
flow_30.6,64.0,3.0,0
flow_301.6,28.0,2.5,0
flow_101.27,70.0,3.0,0
flow_101.28,69.0,3.0,0
flow_10.28,64.5,2.5,0
flow_101.29,65.0,2.5,0
flow_301.7,26.0,3.0,0
flow_1012.16,67.0,5.0,0
flow_101.30,63.0,2.5,0
flow_10.29,56.5,2.5,0
flow_101.31,56.0,2.5,0
flow_1012.17,56.5,4.0,0
flow_10.30,52.0,2.5,0
flow_10.31,30.0,2.5,0
flow_1012.18,27.0,3.0,0
flow_10.32,23.5,2.5,0
flow_0012.4,26.0,3.5,0
flow_20.6,57.5,6.0,0
flow_201.4,24.5,2.5,0
flow_2012.6,25.5,3.0,0
flow_2012.7,24.5,3.0,0
flow_20.7,21.5,1.5,0
flow_10.33,70.0,4.0,0
flow_301.8,77.5,3.5,0
flow_10.34,71.0,3.5,0
flow_301.9,76.5,3.0,0
flow_101.32,69.5,3.0,0
flow_10.35,67.0,2.5,0
flow_301.10,76.0,3.5,0
flow_1012.19,68.0,4.0,0
flow_10.36,65.0,3.5,0
flow_3012.7,27.0,4.0,0
flow_1012.20,64.5,3.5,0
flow_10.37,61.0,2.5,0
flow_101.33,62.5,3.0,0
flow_10.38,58.5,2.5,0
flow_10.39,56.5,2.5,0
flow_101.34,58.5,3.0,0
flow_1012.21,32.5,4.0,0
flow_10.40,27.5,2.5,0
flow_2012.8,74.0,4.5,0
flow_001.4,59.0,8.0,0
flow_2012.9,77.0,6.0,0
flow_201.5,64.5,3.0,0
flow_001.5,49.0,4.0,0
flow_2012.10,60.0,5.0,0
flow_201.6,38.0,3.5,0
flow_20.8,26.5,2.5,0
flow_001.6,41.5,3.5,0
flow_20.9,21.0,1.5,0
flow_10.41,73.5,3.0,0
flow_101.35,78.5,4.0,0
flow_301.11,24.0,2.5,0
flow_101.36,74.0,3.0,0
flow_1012.22,72.5,3.5,0
flow_10.42,69.5,2.5,0
flow_1012.23,68.5,3.0,0
flow_101.37,68.0,2.5,0
flow_301.12,27.5,5.5,0
flow_101.38,67.0,3.0,0
flow_1012.24,64.0,3.0,0
flow_1012.25,63.5,3.0,0
flow_101.39,61.5,2.5,0
flow_101.40,60.0,2.5,0
flow_10.43,29.0,2.5,0
flow_10.44,25.5,2.5,0
flow_10.45,24.0,2.5,0
flow_001.7,66.0,3.5,0
flow_201.7,70.5,4.0,0
flow_0012.5,59.5,4.0,0
flow_20.10,64.5,6.0,0
flow_0012.6,50.0,6.5,0
flow_00.11,42.0,3.5,0
flow_20.11,64.0,8.0,0
flow_00.12,27.0,3.0,0
flow_201.8,57.0,4.0,0
flow_201.9,33.5,3.5,0
flow_2012.11,26.5,3.5,0
flow_201.10,26.0,2.5,0
flow_201.11,24.5,2.5,0
flow_10.46,69.5,4.0,0
flow_301.13,62.0,3.5,0
flow_101.41,72.0,3.5,0
flow_3012.8,66.0,5.0,0
flow_10.47,71.0,3.0,0
flow_301.14,27.5,3.0,0
flow_10.48,70.0,3.0,0
flow_1012.26,69.0,3.5,0
flow_101.42,70.5,3.5,0
flow_10.49,63.5,2.5,0
flow_101.43,68.5,3.5,0
flow_1012.27,54.5,3.0,0
flow_10.50,48.5,2.5,0
flow_1012.28,53.5,4.0,0
flow_101.44,47.5,2.5,0
flow_101.45,33.5,3.0,0
flow_20.12,55.0,4.0,0
flow_001.8,74.0,3.5,0
flow_2012.12,51.5,4.0,0
flow_201.12,48.5,3.0,0
flow_001.9,27.0,3.0,0
flow_2012.13,27.5,4.0,0
flow_00.13,22.0,2.0,0
flow_1012.29,78.5,4.0,0
flow_10.51,76.5,3.0,0
flow_101.46,76.5,3.0,0
flow_30.7,21.5,2.0,0
flow_101.47,76.0,3.0,0
flow_10.52,72.0,2.5,0
flow_101.48,72.5,2.5,0
flow_10.53,69.0,2.5,0
flow_1012.30,68.5,3.0,0
flow_3012.9,27.0,4.5,0
flow_1012.31,69.0,4.0,0
flow_1012.32,66.5,4.0,0
flow_10.54,63.5,2.5,0
flow_1012.33,63.5,3.5,0
flow_1012.34,31.0,4.0,0
flow_101.49,27.0,2.5,0
flow_1012.35,25.0,3.0,0
flow_20.13,57.0,4.0,0
flow_001.10,53.0,3.5,0
flow_201.13,57.5,3.0,0
flow_2012.14,44.0,3.5,0
flow_201.14,41.0,3.0,0
flow_20.14,25.5,2.5,0
flow_2012.15,25.0,3.0,0
flow_201.15,27.0,3.0,0
flow_00.14,22.5,2.0,0
flow_3012.10,68.5,4.5,0
flow_10.55,73.0,6.5,0
flow_101.50,72.5,3.5,0
flow_301.15,64.0,3.5,0
flow_101.51,71.5,3.0,0
flow_101.52,70.5,3.5,0
flow_3012.11,27.0,4.5,0
flow_10.56,69.0,4.5,0
flow_1012.36,69.0,4.0,0
flow_1012.37,69.0,4.0,0
flow_10.57,63.5,3.0,0
flow_301.16,31.0,3.5,0
flow_30.8,27.0,3.0,0
flow_101.53,68.0,3.5,0
flow_10.58,62.5,3.0,0
flow_3012.12,29.5,4.5,0
flow_101.54,65.5,6.5,0
flow_1012.38,63.5,4.0,0
flow_3012.13,32.5,5.5,0
flow_2012.16,68.0,4.5,0
flow_00.15,72.5,6.5,0
flow_20.15,56.0,3.0,0
flow_2012.17,56.0,4.0,0
flow_2012.18,55.0,4.0,0
flow_201.16,53.0,2.5,0
flow_00.16,20.5,1.5,0
flow_00.17,22.0,2.0,0
flow_10.59,83.5,4.0,0
flow_30.9,57.0,4.0,0
flow_1012.39,83.0,3.5,0
flow_101.55,81.5,3.0,0
flow_101.56,80.0,2.5,0
flow_101.57,79.5,3.0,0
flow_1012.40,66.5,3.0,0
flow_1012.41,65.0,3.5,0
flow_10.60,61.5,3.0,0
flow_10.61,60.0,2.5,0
flow_10.62,49.0,2.5,0
flow_30.10,20.5,1.5,0
flow_10.63,47.0,2.5,0
flow_10.64,46.0,3.0,0
flow_101.58,30.0,3.0,0
flow_301.17,25.5,2.5,0
flow_101.59,26.0,3.0,0
flow_00.18,35.0,4.0,0
flow_201.17,68.0,3.5,0
flow_201.18,56.0,3.0,0
flow_201.19,39.5,3.5,0
flow_20.16,35.5,2.5,0
flow_20.17,20.5,1.5,0
flow_001.11,24.5,2.0,0
flow_201.20,27.5,3.0,0
flow_10.65,72.0,4.0,0
flow_001.0,24.5,2.5,0
flow_20.0,22.5,2.0,0
flow_001.1,27.0,3.0,0
flow_30.0,54.0,4.0,0
flow_101.0,52.0,3.5,0
flow_3012.0,49.0,4.0,0
flow_301.0,38.0,2.5,0
flow_30.1,31.5,2.5,0
flow_101.1,55.5,7.0,0
flow_10.0,53.0,3.0,0
flow_101.2,47.5,3.0,0
flow_101.3,44.5,3.5,0
flow_10.1,34.0,2.5,0
flow_10.2,34.5,3.0,0
flow_101.4,25.0,2.5,0
flow_1012.0,25.0,3.0,0
flow_1012.1,26.5,3.5,0
flow_101.5,25.0,2.5,0
flow_00.0,68.0,4.0,0
flow_201.0,74.0,3.5,0
flow_20.1,71.0,3.0,0
flow_00.1,64.5,3.0,0
flow_00.2,60.5,3.0,0
flow_201.1,67.0,3.0,0
flow_00.3,54.0,3.0,0
flow_2012.0,55.0,6.5,0
flow_20.2,52.0,3.5,0
flow_001.2,57.0,3.0,0
flow_201.2,44.5,3.0,0
flow_0012.0,57.0,4.0,0
flow_2012.1,38.5,3.5,0
flow_201.3,37.0,3.0,0
flow_001.3,57.0,3.5,0
flow_2012.2,36.5,4.0,0
flow_001.4,59.0,4.5,0
flow_00.4,57.0,3.5,0
flow_00.5,56.0,3.0,0
flow_0012.1,26.0,3.0,0
flow_301.1,75.5,4.0,0
flow_1012.2,70.0,5.5,0
flow_30.2,66.5,3.5,0
flow_101.6,67.5,3.0,0
flow_10.3,59.0,3.0,0
flow_301.2,68.0,3.0,0
flow_101.7,60.0,2.5,0
flow_301.3,66.5,3.5,0
flow_1012.3,49.5,4.5,0
flow_30.3,66.5,4.5,0
flow_30.4,65.0,3.5,0
flow_30.5,55.5,3.0,0
flow_3012.1,45.5,3.0,0
flow_30.6,42.0,2.5,0
flow_30.7,41.0,2.5,0
flow_10.4,20.5,1.5,0
flow_30.8,39.5,2.5,0
flow_30.9,35.0,2.5,0
flow_10.5,20.5,2.0,0
flow_3012.2,31.0,5.5,0
flow_001.5,72.5,3.5,0
flow_201.4,72.0,4.0,0
flow_20.3,68.5,3.0,0
flow_001.6,73.5,3.5,0
flow_20.4,60.5,3.0,0
flow_2012.3,68.0,4.5,0
flow_001.7,68.0,7.0,0
flow_2012.4,43.0,4.0,0
flow_00.6,53.0,5.0,0
flow_20.5,37.5,3.0,0
flow_0012.2,46.0,4.5,0
flow_001.8,44.0,2.5,0
flow_20.6,38.0,6.0,0
flow_001.9,32.0,3.0,0
flow_0012.3,31.5,3.5,0
flow_001.10,29.5,3.0,0
flow_20.7,21.0,1.5,0
flow_001.11,26.0,2.5,0
flow_00.7,22.5,2.0,0
flow_3012.3,76.5,4.0,0
flow_101.8,78.0,7.5,0
flow_3012.4,80.5,5.5,0
flow_1012.4,77.0,4.0,0
flow_3012.5,69.5,5.0,0
flow_1012.5,61.5,4.0,0
flow_101.9,59.5,3.0,0
flow_301.4,69.5,4.0,0
flow_1012.6,59.5,4.0,0
flow_3012.6,68.5,4.0,0
flow_1012.7,53.0,4.5,0
flow_30.10,54.0,4.5,0
flow_1012.8,53.0,7.0,0
flow_30.11,52.5,6.5,0
flow_1012.9,55.5,7.5,0
flow_10.6,37.5,3.5,0
flow_30.12,50.5,8.0,0
flow_10.7,36.5,3.0,0
flow_301.5,26.5,2.5,0
flow_0012.4,70.0,4.5,0
flow_201.5,79.0,7.5,0
flow_001.12,59.0,3.0,0
flow_00.8,56.0,3.0,0
flow_201.6,74.5,3.0,0
flow_20.8,71.0,2.5,0
flow_001.13,50.0,2.5,0
flow_20.9,50.5,3.0,0
flow_001.14,40.5,3.0,0
flow_20.10,29.5,3.0,0
flow_0012.5,33.0,6.0,0
flow_2012.5,31.0,4.0,0
flow_2012.6,28.0,4.5,0
flow_30.13,70.5,4.0,0
flow_1012.10,88.0,7.5,0
flow_10.8,79.5,3.5,0
flow_30.14,71.0,5.0,0
flow_1012.11,79.0,3.5,0
flow_3012.7,49.0,4.0,0
flow_3012.8,49.5,4.0,0
flow_301.6,31.5,3.0,0
flow_101.10,81.0,7.0,0
flow_301.7,28.0,2.5,0
flow_1012.12,80.0,4.5,0
flow_101.11,78.0,2.5,0
flow_1012.13,72.5,3.5,0
flow_3012.9,25.0,3.5,0
flow_1012.14,71.0,3.5,0
flow_1012.15,51.0,4.0,0
flow_1012.16,41.0,4.0,0
flow_10.9,37.5,2.5,0
flow_301.8,34.0,4.0,0
flow_2012.7,73.0,4.5,0
flow_001.15,74.5,7.5,0
flow_2012.8,56.5,5.0,0
flow_0012.6,73.0,4.0,0
flow_00.9,70.0,3.0,0
flow_00.10,44.0,3.0,0
flow_0012.7,44.0,3.5,0
flow_00.11,41.0,2.5,0
flow_20.11,24.5,3.0,0
flow_001.16,41.0,2.5,0
flow_2012.9,26.0,4.0,0
flow_001.17,32.5,3.5,0
flow_0012.8,30.5,3.5,0
flow_00.12,21.5,2.0,0
flow_30.15,69.5,4.0,0
flow_1012.17,86.0,7.5,0
flow_30.16,68.5,5.0,0
flow_10.10,81.0,3.5,0
flow_1012.18,66.5,3.5,0
flow_10.11,52.0,2.5,0
flow_101.12,50.5,3.0,0
flow_10.12,44.0,2.5,0
flow_10.13,43.0,2.5,0
flow_1012.19,40.5,3.0,0
flow_1012.20,39.0,3.5,0
flow_101.13,37.0,2.5,0
flow_101.14,37.5,3.0,0
flow_10.14,33.5,2.5,0
flow_10.15,30.0,2.5,0
flow_10.16,26.5,2.5,0
flow_2012.10,71.0,5.0,0
flow_201.7,60.5,3.0,0
flow_001.18,78.0,8.0,0
flow_20.12,58.5,3.0,0
flow_00.13,75.0,3.0,0
flow_20.13,53.5,2.5,0
flow_00.14,74.5,3.0,0
flow_001.19,69.0,2.5,0
flow_2012.11,53.0,6.0,0
flow_20.14,49.5,3.0,0
flow_00.15,49.0,3.0,0
flow_201.8,30.0,2.5,0
flow_2012.12,28.5,3.0,0
flow_0012.9,51.5,5.0,0
flow_00.16,47.5,3.5,0
flow_201.9,28.5,3.5,0
flow_0012.10,25.5,3.5,0
flow_301.9,62.0,3.5,0
flow_101.15,69.5,3.5,0
flow_1012.21,65.0,4.0,0
flow_10.17,61.0,3.0,0
flow_30.17,61.0,6.0,0
flow_3012.10,52.5,5.5,0
flow_1012.22,53.5,3.5,0
flow_101.16,49.5,2.5,0
flow_301.10,41.5,3.0,0
flow_1012.23,41.0,4.0,0
flow_3012.11,41.0,4.0,0
flow_1012.24,40.5,4.5,0
flow_1012.25,39.0,4.0,0
flow_101.17,24.5,2.0,0
flow_301.11,41.5,4.5,0
flow_3012.12,27.5,4.0,0
flow_3012.13,25.5,4.0,0
flow_10.18,28.0,6.0,0
flow_10.19,23.0,2.5,0
flow_0012.11,71.0,4.5,0
flow_2012.13,55.0,4.5,0
flow_20.15,43.5,3.0,0
flow_00.17,69.5,3.0,0
flow_00.18,68.0,3.0,0
flow_20.16,38.0,3.0,0
flow_00.19,65.0,3.0,0
flow_001.20,64.0,3.0,0
flow_201.10,24.5,2.0,0
flow_001.21,59.0,3.5,0
flow_20.17,23.0,2.0,0
flow_0012.12,59.5,5.5,0
flow_0012.13,58.5,4.5,0
flow_2012.14,23.5,3.0,0
flow_001.22,50.0,6.0,0
flow_0012.14,47.0,4.0,0
flow_0012.15,39.0,4.0,0
flow_001.23,31.5,2.5,0
flow_201.11,32.0,4.0,0
flow_1012.26,70.5,4.5,0
flow_30.18,67.0,6.5,0
flow_101.18,68.0,2.5,0
flow_30.19,59.0,4.0,0
flow_10.20,57.0,3.0,0
flow_3012.14,52.0,4.5,0
flow_10.21,58.5,5.5,0
flow_301.12,51.0,3.0,0
flow_101.19,54.5,3.5,0
flow_10.22,45.0,3.0,0
flow_10.23,42.5,2.5,0
flow_10.24,41.0,3.0,0
flow_10.25,33.0,2.5,0
flow_101.20,33.5,3.0,0
flow_30.20,21.5,2.0,0
flow_3012.15,26.0,3.5,0
flow_1012.27,25.0,3.0,0
flow_20.18,72.5,4.0,0
flow_001.24,78.5,3.5,0
flow_2012.15,69.5,4.0,0
flow_20.19,58.0,3.0,0
flow_001.25,81.5,6.5,0
flow_201.12,50.0,2.5,0
flow_20.20,47.0,2.5,0
flow_001.26,72.5,3.5,0
flow_00.20,39.5,2.5,0
flow_201.13,48.0,3.0,0
flow_201.14,48.5,3.5,0
flow_001.27,24.5,2.5,0
flow_2012.16,40.5,5.5,0
flow_201.15,26.5,2.5,0
flow_20.21,22.0,2.0,0
flow_001.28,26.0,3.0,0
flow_30.21,45.0,4.0,0
flow_1012.28,73.5,7.5,0
flow_3012.16,32.0,4.0,0
flow_10.26,71.5,3.5,0
flow_10.27,64.0,3.0,0
flow_3012.17,28.0,6.0,0
flow_10.28,66.5,6.0,0
flow_101.21,64.0,3.0,0
flow_10.29,61.5,3.0,0
flow_1012.29,61.5,3.5,0
flow_1012.30,59.0,4.0,0
flow_1012.31,33.0,4.0,0
flow_10.30,25.0,3.0,0
flow_101.22,25.0,2.5,0
flow_3012.18,26.5,3.5,0
flow_201.16,59.0,3.5,0
flow_0012.16,71.5,6.5,0
flow_001.29,69.5,3.0,0
flow_00.21,59.0,3.0,0
flow_20.22,33.5,3.0,0
flow_2012.17,29.0,4.5,0
flow_00.22,62.0,5.5,0
flow_00.23,60.5,4.0,0
flow_001.30,26.0,3.0,0
flow_3012.19,54.0,4.5,0
flow_301.13,28.5,3.0,0
flow_101.23,79.5,7.5,0
flow_1012.32,79.0,4.0,0
flow_1012.33,77.5,3.5,0
flow_10.31,75.5,3.0,0
flow_301.14,31.5,4.0,0
flow_1012.34,77.5,4.5,0
flow_10.32,68.5,3.0,0
flow_1012.35,73.0,4.5,0
flow_10.33,67.5,3.0,0
flow_10.34,66.0,2.5,0
flow_101.24,64.0,2.5,0
flow_101.25,64.0,3.0,0
flow_1012.36,49.0,4.0,0
flow_1012.37,36.0,5.0,0
flow_20.23,65.0,4.0,0
flow_00.24,59.5,4.0,0
flow_201.17,39.0,3.0,0
flow_00.25,40.0,3.5,0
flow_00.26,37.5,3.0,0
flow_20.24,20.5,1.5,0
flow_20.25,21.0,1.5,0
flow_3012.20,63.0,4.5,0
flow_1012.38,78.5,5.0,0
flow_3012.21,62.0,4.0,0
flow_30.22,39.5,3.0,0
flow_101.26,79.5,4.0,0
flow_30.23,21.5,2.0,0
flow_101.27,79.0,3.0,0
flow_10.35,76.0,2.5,0
flow_101.28,77.0,3.0,0
flow_10.36,73.5,2.5,0
flow_1012.39,72.0,3.0,0
flow_10.37,70.0,2.5,0
flow_1012.40,69.0,3.0,0
flow_3012.22,27.5,4.0,0
flow_1012.41,67.5,3.5,0
flow_101.29,67.0,3.0,0
flow_301.15,28.0,3.5,0
flow_10.38,63.0,2.5,0
flow_301.16,27.5,3.0,0
flow_10.39,32.5,2.5,0
flow_301.17,26.5,3.0,0
flow_00.27,55.0,4.0,0
flow_201.18,69.5,3.5,0
flow_0012.17,56.5,4.0,0
flow_2012.18,42.5,4.0,0
flow_2012.19,39.5,4.0,0
flow_0012.18,54.5,4.5,0
flow_001.31,44.5,3.5,0
flow_0012.19,33.0,3.5,0
flow_2012.20,24.5,3.0,0
flow_0012.20,25.5,3.5,0
flow_201.19,28.0,3.5,0
flow_00.28,21.5,2.0,0
flow_3012.23,72.5,4.5,0
flow_10.40,79.5,6.5,0
flow_30.24,67.5,3.0,0
flow_101.30,77.5,3.5,0
flow_3012.24,67.0,4.0,0
flow_301.18,53.0,2.5,0
flow_30.25,47.0,2.5,0
flow_101.31,79.5,4.0,0
flow_30.26,28.0,2.5,0
flow_101.32,79.0,3.0,0
flow_10.41,74.5,2.5,0
flow_30.27,22.0,2.0,0
flow_10.42,73.5,2.5,0
flow_10.43,72.5,2.5,0
flow_101.33,72.5,3.0,0
flow_1012.42,71.5,3.5,0
flow_30.28,25.5,5.0,0
flow_1012.43,72.0,7.0,0
flow_30.29,28.0,5.5,0
flow_101.34,71.5,3.5,0
flow_30.30,26.5,3.5,0
flow_20.26,23.0,2.5,0
flow_0012.21,35.0,6.0,0
flow_0012.22,34.0,4.5,0
flow_00.29,21.5,1.5,0
flow_2012.21,25.5,3.0,0
flow_00.30,21.0,2.0,0
flow_201.20,24.5,2.5,0
flow_001.32,25.5,2.5,0
flow_10.44,85.5,4.0,0
flow_30.31,64.5,4.0,0
flow_101.35,81.5,3.0,0
flow_3012.25,53.0,5.0,0
flow_30.32,32.0,3.0,0
flow_101.36,85.0,3.5,0
flow_301.19,26.5,3.0,0
flow_101.37,78.0,3.0,0
flow_1012.44,75.5,3.5,0
flow_1012.45,71.0,3.5,0
flow_10.45,67.0,2.5,0
flow_30.33,23.0,2.5,0
flow_10.46,66.5,2.5,0
flow_3012.26,25.0,3.5,0
flow_1012.46,66.5,3.5,0
flow_101.38,65.0,3.0,0
flow_3012.27,27.0,4.5,0
flow_10.47,55.0,3.5,0
flow_301.20,26.0,2.5,0
flow_1012.47,55.5,4.0,0
flow_10.48,25.0,2.5,0
flow_20.27,39.5,4.0,0
flow_0012.23,71.5,7.5,0
flow_2012.22,40.5,3.5,0
flow_00.31,71.0,3.5,0
flow_001.33,71.5,3.0,0
flow_001.34,69.0,3.0,0
flow_00.32,66.0,2.5,0
flow_0012.24,59.5,3.0,0
flow_001.35,59.5,3.0,0
flow_001.36,56.0,3.0,0
flow_201.21,24.5,2.5,0
flow_001.37,33.0,3.0,0
flow_0012.25,24.5,3.0,0
flow_301.21,76.5,3.5,0
flow_1012.48,75.5,6.5,0
flow_1012.49,74.5,4.5,0
flow_10.49,70.5,3.0,0
flow_10.50,70.0,3.0,0
flow_301.22,82.0,4.5,0
flow_10.51,68.0,3.0,0
flow_301.23,72.5,3.5,0
flow_101.39,49.5,2.5,0
flow_3012.28,61.0,5.5,0
flow_30.34,42.5,3.0,0
flow_101.40,46.0,3.5,0
flow_30.35,37.5,2.5,0
flow_101.41,43.5,3.0,0
flow_10.52,40.0,2.5,0
flow_1012.50,39.5,3.0,0
flow_1012.51,39.0,3.5,0
flow_10.53,24.0,2.5,0
flow_2012.23,37.0,4.5,0
flow_20.28,33.0,3.0,0
flow_001.38,76.0,7.5,0
flow_00.33,64.0,3.5,0
flow_201.22,34.5,3.0,0
flow_00.34,59.0,3.0,0
flow_2012.24,28.0,6.0,0
flow_00.35,59.5,5.5,0
flow_201.23,25.5,3.0,0
flow_001.39,52.5,3.5,0
flow_0012.26,48.5,4.0,0
flow_00.36,41.5,2.5,0
flow_201.24,28.0,3.5,0
flow_001.40,41.0,2.5,0
flow_201.25,26.5,3.0,0
flow_0012.0,24.5,3.0,0
flow_20.0,21.5,2.0,0
flow_0012.1,27.0,3.5,0
flow_2012.0,26.5,3.5,0
flow_1012.0,51.5,4.5,0
flow_3012.0,48.0,4.5,0
flow_3012.1,37.0,4.0,0
flow_3012.2,33.0,4.0,0
flow_301.0,29.5,3.0,0
flow_101.0,52.5,6.5,0
flow_3012.3,29.0,4.0,0
flow_1012.1,47.5,3.5,0
flow_1012.2,43.5,4.0,0
flow_10.0,40.0,2.5,0
flow_10.1,35.5,2.5,0
flow_301.1,33.0,4.0,0
flow_1012.3,31.5,3.5,0
flow_3012.4,33.5,4.0,0
flow_30.0,32.0,3.5,0
flow_101.1,26.0,2.5,0
flow_301.2,27.0,2.0,0
flow_3012.5,27.5,3.5,0
flow_20.1,71.0,4.0,0
flow_001.0,71.5,3.5,0
flow_20.2,61.5,3.0,0
flow_001.1,69.5,3.0,0
flow_0012.2,68.0,3.5,0
flow_2012.1,62.0,4.0,0
flow_2012.2,48.0,4.0,0
flow_001.2,70.5,5.5,0
flow_2012.3,41.0,5.0,0
flow_201.0,40.0,3.5,0
flow_001.3,73.0,4.0,0
flow_2012.4,27.5,4.5,0
flow_001.4,74.5,4.0,0
flow_00.0,71.0,3.0,0
flow_20.3,22.5,2.5,0
flow_201.1,27.0,3.0,0
flow_0012.3,41.5,5.0,0
flow_20.4,23.0,2.0,0
flow_001.5,36.0,2.5,0
flow_1012.4,68.0,4.5,0
flow_30.1,70.0,7.0,0
flow_101.2,38.5,3.0,0
flow_1012.5,36.5,3.5,0
flow_3012.6,71.0,5.0,0
flow_30.2,67.5,3.5,0
flow_30.3,66.0,3.0,0
flow_1012.6,26.5,3.5,0
flow_3012.7,66.5,4.0,0
flow_3012.8,64.5,3.5,0
flow_301.3,54.0,2.5,0
flow_301.4,50.0,3.0,0
flow_3012.9,50.0,4.0,0
flow_301.5,39.5,3.0,0
flow_3012.10,36.5,3.5,0
flow_20.5,72.0,4.0,0
flow_00.1,68.5,4.0,0
flow_2012.5,73.5,4.0,0
flow_0012.4,62.0,4.0,0
flow_201.2,73.5,3.5,0
flow_001.6,61.5,3.5,0
flow_20.6,70.0,3.0,0
flow_00.2,58.0,3.0,0
flow_20.7,69.0,2.5,0
flow_2012.6,68.5,3.0,0
flow_0012.5,61.0,6.0,0
flow_20.8,65.5,2.5,0
flow_001.7,61.0,3.5,0
flow_2012.7,68.0,4.0,0
flow_00.3,60.5,5.5,0
flow_2012.8,68.0,7.0,0
flow_20.9,65.0,3.5,0
flow_20.10,64.5,3.0,0
flow_20.11,63.0,3.0,0
flow_0012.6,28.0,5.0,0
flow_3012.11,68.5,4.5,0
flow_101.3,66.5,7.0,0
flow_3012.12,70.5,5.0,0
flow_1012.7,65.5,3.5,0
flow_10.2,64.0,3.0,0
flow_301.6,71.0,3.5,0
flow_1012.8,64.5,4.0,0
flow_1012.9,63.5,4.0,0
flow_101.4,54.0,3.0,0
flow_301.7,76.5,4.5,0
flow_3012.13,75.0,3.5,0
flow_1012.10,52.0,4.5,0
flow_1012.11,44.0,4.0,0
flow_101.5,43.0,3.5,0
flow_301.8,76.5,3.5,0
flow_1012.12,34.0,4.5,0
flow_101.6,29.0,2.5,0
flow_10.3,22.0,2.0,0
flow_301.9,78.5,4.0,0
flow_30.4,76.5,3.0,0
flow_2012.9,84.5,4.5,0
flow_20.12,81.0,3.0,0
flow_00.4,74.5,4.0,0
flow_00.5,71.5,3.5,0
flow_2012.10,84.5,6.5,0
flow_20.13,81.0,3.5,0
flow_20.14,80.0,3.0,0
flow_0012.7,29.0,5.0,0
flow_20.15,83.0,5.5,0
flow_00.6,22.5,2.0,0
flow_20.16,81.0,4.0,0
flow_201.3,80.0,3.0,0
flow_201.4,78.5,3.0,0
flow_20.17,74.5,2.5,0
flow_001.8,26.0,3.0,0
flow_00.7,23.0,2.5,0
flow_20.18,74.5,2.5,0
flow_20.19,72.5,3.0,0
flow_2012.11,36.5,3.5,0
flow_10.4,63.5,4.0,0
flow_30.5,123.0,4.0,0
flow_101.7,49.5,3.5,0
flow_3012.14,107.5,5.5,0
flow_3012.15,62.5,4.5,0
flow_30.6,58.5,3.0,0
flow_10.5,48.5,5.0,0
flow_301.10,27.0,2.5,0
flow_1012.13,46.5,5.5,0
flow_1012.14,35.0,5.0,0
flow_3012.16,25.0,3.5,0
flow_101.8,29.0,3.5,0
flow_3012.17,27.0,4.5,0
flow_10.6,21.5,2.0,0
flow_10.7,21.5,2.0,0
flow_201.5,79.0,3.5,0
flow_00.8,72.0,4.0,0
flow_20.20,77.0,3.0,0
flow_001.9,52.0,3.0,0
flow_00.9,48.5,3.0,0
flow_20.21,76.0,3.0,0
flow_00.10,47.5,2.5,0
flow_20.22,75.0,2.5,0
flow_00.11,26.0,2.5,0
flow_2012.12,78.0,6.0,0
flow_20.23,74.5,3.5,0
flow_20.24,73.0,3.0,0
flow_2012.13,72.5,3.5,0
flow_201.6,70.0,2.0,0
flow_201.7,69.5,2.5,0
flow_20.25,66.5,2.5,0
flow_0012.8,25.5,4.0,0
flow_201.8,70.0,6.5,0
flow_0012.9,28.5,4.5,0
flow_30.7,69.0,4.0,0
flow_1012.15,37.0,6.5,0
flow_1012.16,36.0,4.5,0
flow_301.11,70.5,3.0,0
flow_30.8,68.0,3.0,0
flow_301.12,66.5,2.5,0
flow_30.9,64.0,2.5,0
flow_301.13,64.5,3.0,0
flow_3012.18,63.0,3.5,0
flow_301.14,61.0,2.5,0
flow_101.9,30.0,4.0,0
flow_3012.19,61.0,4.0,0
flow_3012.20,60.0,4.0,0
flow_30.10,56.5,3.0,0
flow_301.15,55.5,2.5,0
flow_2012.14,85.5,4.5,0
flow_001.10,61.0,7.0,0
flow_2012.15,86.5,5.0,0
flow_20.26,82.5,3.5,0
flow_001.11,57.5,4.0,0
flow_201.9,82.5,3.0,0
flow_2012.16,81.5,4.0,0
flow_20.27,77.5,2.5,0
flow_0012.10,27.5,4.0,0
flow_00.12,21.0,1.5,0
flow_201.10,76.5,2.0,0
flow_201.11,77.5,3.0,0
flow_20.28,73.5,2.5,0
flow_201.12,74.0,2.5,0
flow_2012.17,72.0,3.5,0
flow_0012.11,25.0,3.0,0
flow_201.13,73.0,5.5,0
flow_2012.18,34.0,3.5,0
flow_30.11,79.5,4.0,0
flow_101.10,67.5,3.5,0
flow_30.12,74.0,3.0,0
flow_3012.21,79.0,4.0,0
flow_10.8,60.5,6.0,0
flow_10.9,32.0,4.0,0
flow_101.11,31.0,3.5,0
flow_3012.22,81.5,5.0,0
flow_3012.23,80.0,5.0,0
flow_3012.24,70.5,4.5,0
flow_3012.25,69.0,4.5,0
flow_30.13,48.5,3.0,0
flow_30.14,47.0,3.0,0
flow_3012.26,47.0,3.5,0
flow_30.15,43.5,2.5,0
flow_301.16,45.0,3.0,0
flow_3012.27,34.5,3.0,0
flow_00.13,70.0,4.0,0
flow_201.14,79.5,3.5,0
flow_001.12,70.0,3.0,0
flow_201.15,78.5,3.0,0
flow_001.13,59.0,3.0,0
flow_2012.19,80.0,6.0,0
flow_20.29,76.0,3.5,0
flow_001.14,47.5,3.5,0
flow_2012.20,77.5,4.5,0
flow_00.14,40.5,5.0,0
flow_2012.21,78.0,7.0,0
flow_201.16,77.0,3.5,0
flow_001.15,45.5,3.5,0
flow_2012.22,77.0,4.5,0
flow_2012.23,76.0,4.5,0
flow_2012.24,75.0,4.0,0
flow_201.17,72.5,2.5,0
flow_001.16,42.0,7.0,0
flow_2012.25,72.0,4.5,0
flow_3012.28,79.0,4.0,0
flow_101.12,63.5,7.5,0
flow_3012.29,82.5,5.5,0
flow_301.17,78.0,3.0,0
flow_30.16,75.5,3.0,0
flow_101.13,54.5,4.0,0
flow_101.14,46.0,3.0,0
flow_30.17,74.0,3.5,0
flow_3012.30,78.5,5.0,0
flow_101.15,47.0,4.0,0
flow_301.18,73.5,2.5,0
flow_1012.17,46.0,4.5,0
flow_1012.18,45.0,4.5,0
flow_1012.19,36.5,4.0,0
flow_101.16,35.0,3.0,0
flow_301.19,71.0,7.0,0
flow_1012.20,34.5,4.5,0
flow_3012.31,65.0,4.0,0
flow_10.10,32.5,4.0,0
flow_301.20,63.5,3.0,0
flow_00.15,78.5,4.0,0
flow_201.18,85.0,3.5,0
flow_20.30,81.5,3.0,0
flow_00.16,62.0,3.0,0
flow_20.31,80.5,3.0,0
flow_2012.26,79.5,3.0,0
flow_0012.12,66.0,6.5,0
flow_001.17,56.0,3.5,0
flow_00.17,51.5,3.0,0
flow_201.19,81.5,3.5,0
flow_2012.27,81.0,6.5,0
flow_20.32,78.0,3.5,0
flow_001.18,38.0,3.5,0
flow_2012.28,80.0,4.5,0
flow_00.18,31.0,3.5,0
flow_20.33,77.0,3.0,0
flow_00.19,29.5,3.0,0
flow_201.20,76.5,3.0,0
flow_00.20,28.0,2.5,0
flow_201.21,75.0,3.5,0
flow_20.34,70.5,2.5,0
flow_20.35,34.5,2.5,0
flow_30.18,98.5,4.0,0
flow_10.11,43.0,4.0,0
flow_1012.21,44.5,4.0,0
flow_3012.32,101.0,4.0,0
flow_1012.22,30.0,4.0,0
flow_30.19,93.5,6.0,0
flow_301.21,91.5,3.5,0
flow_3012.33,89.0,3.5,0
flow_3012.34,88.0,3.5,0
flow_30.20,84.5,3.0,0
flow_10.12,26.5,5.5,0
flow_3012.35,86.0,4.0,0
flow_30.21,73.0,2.5,0
flow_10.13,27.5,3.0,0
flow_101.17,32.0,7.0,0
flow_301.22,61.0,3.0,0
flow_301.23,39.5,3.0,0
flow_10.14,27.0,2.5,0
flow_30.22,35.5,3.0,0
flow_101.18,25.0,2.0,0
flow_301.24,32.0,3.0,0
flow_2012.29,80.0,4.5,0
flow_20.36,78.0,3.0,0
flow_001.19,77.5,7.5,0
flow_00.21,51.0,3.5,0
flow_20.37,78.5,3.0,0
flow_201.22,77.0,3.0,0
flow_20.38,73.0,3.0,0
flow_00.22,39.5,3.0,0
flow_001.20,44.0,3.0,0
flow_201.23,73.5,2.5,0
flow_001.21,27.0,2.5,0
flow_201.24,72.5,3.0,0
flow_2012.30,70.0,3.5,0
flow_0012.13,28.0,4.0,0
flow_2012.31,68.5,3.5,0
flow_20.39,64.0,2.5,0
flow_2012.32,68.5,4.0,0
flow_201.25,64.5,3.0,0
flow_201.26,31.0,3.0,0
flow_2012.33,27.0,3.5,0
flow_301.25,74.0,3.5,0
flow_101.19,75.5,3.5,0
flow_30.23,46.5,3.0,0
flow_1012.23,77.5,7.0,0
flow_101.20,75.5,3.5,0
flow_301.26,38.5,3.0,0
flow_1012.24,73.5,4.5,0
flow_1012.25,72.0,4.5,0
flow_10.15,64.5,3.0,0
flow_101.21,39.0,2.0,0
flow_1012.26,37.0,3.0,0
flow_101.22,35.5,2.5,0
flow_10.16,31.0,2.5,0
flow_1012.27,31.5,3.0,0
flow_20.40,73.5,4.0,0
flow_001.22,51.0,3.5,0
flow_00.23,40.5,3.0,0
flow_201.27,74.0,3.0,0
flow_00.24,39.5,3.0,0
flow_2012.34,77.5,6.5,0
flow_00.25,31.0,6.0,0
flow_201.28,75.5,3.0,0
flow_20.41,73.0,3.0,0
flow_001.23,30.0,3.5,0
flow_201.29,72.0,2.5,0
flow_20.42,69.0,2.5,0
flow_20.43,68.0,2.5,0
flow_2012.35,67.5,3.0,0
flow_201.30,65.0,2.0,0
flow_20.44,61.5,2.0,0
flow_001.24,29.0,6.0,0
flow_201.31,61.5,2.0,0
flow_2012.36,33.0,3.0,0
flow_0012.14,25.0,3.5,0
flow_2012.37,29.5,3.5,0
flow_30.24,48.0,4.0,0
flow_101.23,36.0,3.5,0
flow_30.25,29.5,3.0,0
flow_101.24,29.5,3.0,0
flow_301.27,29.5,2.5,0
flow_3012.36,28.0,3.5,0
flow_1012.28,24.5,3.0,0
flow_3012.37,24.0,2.5,0
flow_101.25,26.0,3.0,0
flow_30.26,22.0,2.0,0
flow_101.26,27.0,3.0,0
flow_30.27,21.5,2.0,0
flow_2012.38,74.5,4.0,0
flow_0012.15,70.0,4.0,0
flow_0012.16,62.0,4.0,0
flow_0012.17,41.5,4.5,0
flow_001.25,37.5,2.5,0
flow_201.32,83.0,7.5,0
flow_20.45,79.0,3.0,0
flow_001.26,29.0,3.0,0
flow_2012.39,80.5,4.0,0
flow_20.46,76.5,3.0,0
flow_2012.40,76.5,3.5,0
flow_20.47,73.5,2.5,0
flow_001.27,28.5,3.5,0
flow_201.33,74.0,3.0,0
flow_20.48,72.5,3.5,0
flow_0012.18,28.5,4.5,0
flow_2012.41,73.0,3.5,0
flow_2012.42,71.5,4.0,0
flow_3012.38,72.5,4.5,0
flow_1012.29,56.5,4.5,0
flow_3012.39,72.0,4.0,0
flow_10.17,57.0,6.0,0
flow_301.28,62.5,3.0,0
flow_1012.30,56.5,5.0,0
flow_10.18,48.0,3.5,0
flow_30.28,58.0,3.0,0
flow_301.29,43.5,2.5,0
flow_1012.31,53.5,6.0,0
flow_10.19,47.0,3.0,0
flow_30.29,46.0,5.0,0
flow_1012.32,51.5,5.0,0
flow_30.30,44.5,3.5,0
flow_10.20,41.0,3.0,0
flow_101.27,48.5,3.5,0
flow_30.31,21.5,1.5,0
flow_1012.33,43.5,5.5,0
flow_1012.34,28.5,4.5,0
flow_10.21,24.5,2.5,0
flow_201.34,118.5,4.0,0
flow_0012.19,60.0,7.0,0
flow_20.49,89.0,3.5,0
flow_2012.43,83.5,3.5,0
flow_20.50,81.5,3.0,0
flow_201.35,79.5,3.0,0
flow_2012.44,77.5,3.0,0
flow_20.51,74.0,2.5,0
flow_201.36,73.0,2.0,0
flow_20.52,70.0,2.5,0
flow_20.53,68.5,2.0,0
flow_2012.45,67.5,2.5,0
flow_2012.46,66.5,3.0,0
flow_2012.47,30.0,3.5,0
flow_201.37,27.5,3.0,0
flow_3012.40,49.0,4.5,0
flow_10.22,71.0,6.5,0
flow_3012.41,39.0,5.5,0
flow_10.23,48.0,7.5,0
flow_1012.35,25.0,3.5,0
flow_101.28,26.0,3.0,0
flow_301.30,27.5,3.0,0
flow_101.29,26.0,3.0,0
flow_00.26,69.0,4.0,0
flow_201.38,73.5,3.5,0
flow_20.54,72.0,3.0,0
flow_001.28,67.5,3.0,0
flow_00.27,62.0,3.0,0
flow_20.55,71.0,3.0,0
flow_201.39,70.0,2.5,0
flow_001.29,37.5,3.0,0
flow_2012.48,70.5,4.0,0
flow_001.30,35.5,7.0,0
flow_2012.49,73.0,5.5,0
flow_00.28,26.5,4.0,0
flow_2012.50,71.5,4.5,0
flow_201.40,67.5,3.0,0
flow_0012.20,27.5,3.5,0
flow_20.56,68.5,5.5,0
flow_001.31,25.5,2.5,0
flow_2012.51,68.0,5.0,0
flow_2012.52,67.0,4.5,0
flow_201.41,65.0,3.0,0
flow_1012.36,68.0,4.0,0
flow_30.32,65.5,6.5,0
flow_101.30,67.5,3.0,0
flow_1012.37,60.5,3.5,0
flow_3012.42,61.0,5.0,0
flow_10.24,48.5,2.5,0
flow_301.31,59.0,3.5,0
flow_10.25,47.0,2.5,0
flow_30.33,55.5,3.0,0
flow_10.26,38.0,2.5,0
flow_301.32,55.5,2.5,0
flow_1012.38,39.5,4.5,0
flow_3012.43,33.5,4.0,0
flow_10.27,30.0,3.0,0
flow_1012.39,25.5,3.0,0
flow_30.34,21.0,2.0,0
flow_101.31,26.5,2.5,0
flow_301.33,27.0,3.0,0
flow_20.57,85.5,4.0,0
flow_0012.21,67.0,7.5,0
flow_2012.53,84.0,4.0,0
flow_2012.54,83.5,4.0,0
flow_20.58,79.5,3.0,0
flow_001.32,60.0,4.5,0
flow_00.29,51.5,4.5,0
flow_2012.55,82.0,4.5,0
flow_20.59,78.5,3.0,0
flow_00.30,45.0,3.5,0
flow_201.42,76.5,3.0,0
flow_20.60,73.5,2.5,0
flow_0012.22,35.5,6.0,0
flow_0012.23,28.0,4.0,0
flow_201.43,80.5,3.5,0
flow_2012.56,79.5,4.0,0
flow_2012.57,78.5,4.0,0
flow_2012.58,77.5,4.5,0
flow_001.0,24.5,2.5,0
flow_201.0,24.5,2.5,0
flow_20.0,22.5,2.0,0
flow_1012.0,38.5,4.0,0
flow_3012.0,49.5,4.5,0
flow_1012.1,36.5,4.0,0
flow_101.0,27.5,2.5,0
flow_10.0,23.5,2.5,0
flow_301.0,39.5,6.5,0
flow_3012.1,32.0,4.5,0
flow_10.1,21.5,2.0,0
flow_101.1,24.0,2.5,0
flow_101.2,26.0,3.0,0
flow_101.3,25.5,2.5,0
flow_001.1,55.0,3.5,0
flow_201.1,63.0,3.5,0
flow_00.0,31.0,3.0,0
flow_201.2,56.5,3.0,0
flow_201.3,48.5,3.0,0
flow_20.1,32.0,2.5,0
flow_201.4,33.0,2.5,0
flow_20.2,21.0,1.5,0
flow_201.5,26.0,3.0,0
flow_20.3,22.0,2.0,0
flow_20.4,21.0,1.5,0
flow_001.2,26.5,3.0,0
flow_30.0,48.0,4.0,0
flow_101.4,73.0,3.5,0
flow_30.1,47.5,3.0,0
flow_1012.2,68.5,6.0,0
flow_10.2,62.0,3.5,0
flow_301.1,43.0,3.0,0
flow_30.2,27.5,3.0,0
flow_10.3,61.5,3.0,0
flow_3012.2,27.5,3.5,0
flow_1012.3,56.0,5.0,0
flow_1012.4,55.5,4.5,0
flow_3012.3,28.5,4.0,0
flow_1012.5,54.0,4.0,0
flow_101.5,51.5,2.5,0
flow_101.6,46.0,2.5,0
flow_1012.6,55.5,4.5,0
flow_101.7,45.0,3.0,0
flow_001.3,67.5,3.5,0
flow_201.6,75.0,4.0,0
flow_20.5,71.5,3.0,0
flow_00.1,65.0,3.0,0
flow_001.4,67.5,3.5,0
flow_2012.0,76.0,6.0,0
flow_201.7,68.5,3.0,0
flow_001.5,26.0,3.0,0
flow_201.8,26.5,3.0,0
flow_1012.7,66.0,4.0,0
flow_3012.4,50.0,4.5,0
flow_3012.5,30.0,4.0,0
flow_1012.8,64.5,4.0,0
flow_30.3,27.5,3.0,0
flow_1012.9,66.0,6.0,0
flow_10.4,64.0,3.5,0
flow_10.5,62.5,3.0,0
flow_1012.10,61.5,3.0,0
flow_101.8,59.5,2.5,0
flow_10.6,55.0,2.5,0
flow_1012.11,57.0,4.0,0
flow_101.9,54.5,2.5,0
flow_101.10,54.5,3.5,0
flow_101.11,47.0,3.5,0
flow_101.12,34.0,3.0,0
flow_00.2,34.5,4.0,0
flow_20.6,27.5,3.5,0
flow_0012.0,24.5,3.0,0
flow_201.9,26.0,2.5,0
flow_20.7,20.5,2.0,0
flow_201.10,25.5,2.5,0
flow_3012.6,66.5,4.5,0
flow_101.13,44.0,7.0,0
flow_301.2,51.5,3.0,0
flow_30.4,48.0,3.0,0
flow_1012.12,46.0,6.0,0
flow_10.7,28.5,3.0,0
flow_30.5,22.0,2.0,0
flow_10.8,22.0,2.5,0
flow_1012.13,30.0,4.5,0
flow_3012.7,26.5,3.5,0
flow_3012.8,26.0,3.5,0
flow_10.9,21.5,2.0,0
flow_30.6,21.5,2.0,0
flow_0012.1,44.5,4.5,0
flow_201.11,77.0,7.5,0
flow_201.12,76.0,3.0,0
flow_10.10,70.5,4.0,0
flow_10.11,69.5,3.0,0
flow_301.3,72.5,4.0,0
flow_1012.14,59.0,4.0,0
flow_3012.9,52.5,6.0,0
flow_10.12,55.5,3.0,0
flow_30.7,22.5,2.0,0
flow_10.13,48.5,3.0,0
flow_10.14,48.5,3.0,0
flow_10.15,47.0,2.5,0
flow_101.14,44.0,2.5,0
flow_1012.15,41.0,3.0,0
flow_10.16,31.5,3.0,0
flow_101.15,42.5,3.5,0
flow_1012.16,32.0,3.5,0
flow_101.16,29.5,2.5,0
flow_001.6,66.5,3.5,0
flow_0012.2,48.0,3.5,0
flow_2012.1,24.5,3.0,0
flow_0012.3,25.0,3.5,0
flow_3012.10,74.5,4.5,0
flow_10.17,74.0,7.0,0
flow_3012.11,32.5,6.5,0
flow_10.18,75.5,7.0,0
flow_101.17,71.5,3.5,0
flow_10.19,69.5,3.0,0
flow_301.4,26.0,2.5,0
flow_101.18,69.5,3.0,0
flow_10.20,68.5,3.5,0
flow_3012.12,29.0,5.0,0
flow_101.19,61.0,3.5,0
flow_1012.17,48.5,3.0,0
flow_1012.18,46.0,3.5,0
flow_10.21,38.5,2.5,0
flow_101.20,38.5,2.5,0
flow_1012.19,35.0,3.5,0
flow_3012.13,24.5,3.5,0
flow_00.3,57.5,4.0,0
flow_201.13,50.0,3.5,0
flow_001.7,43.0,3.0,0
flow_0012.4,23.5,3.0,0
flow_20.8,20.5,1.5,0
flow_10.22,68.5,4.0,0
flow_301.5,60.5,3.5,0
flow_1012.20,70.5,4.0,0
flow_101.21,68.0,2.5,0
flow_30.8,59.5,6.0,0
flow_30.9,55.0,4.0,0
flow_101.22,65.5,2.5,0
flow_30.10,45.5,3.5,0
flow_101.23,63.0,3.0,0
flow_1012.21,61.0,3.0,0
flow_101.24,48.0,2.5,0
flow_1012.22,47.0,3.0,0
flow_1012.23,46.0,3.5,0
flow_10.23,42.5,2.5,0
flow_101.25,40.5,2.5,0
flow_1012.24,32.0,3.0,0
flow_101.26,29.5,2.5,0
flow_1012.25,27.0,3.5,0
flow_20.9,37.5,4.0,0
flow_201.14,26.0,2.5,0
flow_201.15,25.0,2.5,0
flow_20.10,22.0,2.0,0
flow_201.16,25.5,2.5,0
flow_20.11,22.0,2.0,0
flow_3012.14,65.0,4.5,0
flow_301.6,60.5,3.0,0
flow_101.27,74.0,7.5,0
flow_1012.26,59.0,4.0,0
flow_3012.15,52.0,4.0,0
flow_30.11,46.0,3.0,0
flow_1012.27,61.5,6.0,0
flow_1012.28,58.0,4.5,0
flow_101.28,55.5,3.0,0
flow_101.29,47.5,2.5,0
flow_1012.29,43.0,3.5,0
flow_30.12,22.5,2.0,0
flow_1012.30,23.5,3.0,0
flow_30.13,25.5,5.0,0
flow_101.30,26.0,2.5,0
flow_001.8,50.5,3.5,0
flow_20.12,49.5,4.0,0
flow_0012.5,52.0,4.0,0
flow_001.9,49.5,2.5,0
flow_0012.6,49.0,3.5,0
flow_0012.7,48.0,3.5,0
flow_20.13,22.5,2.5,0
flow_001.10,43.5,2.5,0
flow_00.4,25.0,2.5,0
flow_20.14,22.0,1.5,0
flow_001.11,26.5,3.0,0
flow_201.17,25.0,2.5,0
flow_001.12,27.0,3.0,0
flow_201.18,25.0,2.5,0
flow_3012.16,73.0,4.5,0
flow_10.24,73.5,6.5,0
flow_1012.31,57.0,4.0,0
flow_3012.17,66.0,5.5,0
flow_1012.32,56.5,3.5,0
flow_3012.18,54.0,4.5,0
flow_101.31,47.0,3.0,0
flow_10.25,41.0,3.0,0
flow_301.7,36.5,3.0,0
flow_10.26,40.5,2.5,0
flow_1012.33,40.0,3.0,0
flow_1012.34,39.0,3.0,0
flow_1012.35,37.5,3.5,0
flow_101.32,33.0,3.0,0
flow_101.33,31.0,3.0,0
flow_201.19,44.5,3.5,0
flow_001.13,34.5,3.5,0
flow_20.15,25.0,2.5,0
flow_201.20,24.5,2.5,0
flow_20.16,21.5,2.0,0
flow_00.5,21.5,1.5,0
flow_20.17,22.5,2.0,0
flow_3012.19,59.0,4.5,0
flow_301.8,56.5,3.0,0
flow_101.34,76.0,7.5,0
flow_30.14,31.5,3.0,0
flow_3012.20,31.5,3.5,0
flow_1012.36,77.0,6.0,0
flow_10.27,74.5,3.5,0
flow_1012.37,74.5,4.0,0
flow_101.35,74.0,3.0,0
flow_10.28,58.5,2.5,0
flow_101.36,57.5,2.0,0
flow_1012.38,44.5,3.0,0
flow_101.37,39.5,2.5,0
flow_201.21,57.5,3.5,0
flow_001.14,54.0,3.5,0
flow_201.22,38.0,3.0,0
flow_0012.8,56.5,6.0,0
flow_2012.2,37.0,3.5,0
flow_20.18,27.0,2.5,0
flow_20.19,24.0,2.5,0
flow_20.20,22.0,2.0,0
flow_201.23,24.5,2.5,0
flow_0012.9,23.5,3.0,0
flow_10.29,67.5,4.0,0
flow_30.15,45.5,4.0,0
flow_10.30,65.0,3.0,0
flow_3012.21,39.5,6.0,0
flow_101.38,67.5,3.0,0
flow_10.31,63.5,3.0,0
flow_101.39,62.5,3.5,0
flow_10.32,54.5,2.5,0
flow_1012.39,42.0,3.0,0
flow_1012.40,35.5,4.0,0
flow_10.33,32.5,2.5,0
flow_10.34,26.0,2.5,0
flow_2012.3,44.0,4.0,0
flow_00.6,63.0,6.5,0
flow_20.21,40.0,3.0,0
flow_001.15,45.0,3.5,0
flow_001.16,27.0,3.0,0
flow_0012.10,23.5,2.5,0
flow_00.7,22.5,2.0,0
flow_00.8,21.0,1.5,0
flow_2012.4,25.0,3.0,0
flow_001.17,27.5,4.5,0
flow_1012.41,76.0,5.0,0
flow_10.35,65.0,3.0,0
flow_301.9,63.0,4.0,0
flow_10.36,59.5,3.0,0
flow_10.37,58.0,2.5,0
flow_301.10,63.5,3.5,0
flow_30.16,58.0,2.5,0
flow_1012.42,59.5,3.5,0
flow_10.38,56.0,2.5,0
flow_30.17,25.5,4.5,0
flow_10.39,49.5,2.5,0
flow_1012.43,49.5,3.0,0
flow_1012.44,47.0,3.5,0
flow_101.40,31.5,2.5,0
flow_1012.45,25.5,3.5,0
flow_30.18,26.0,5.5,0
flow_101.41,26.0,2.5,0
flow_00.9,60.5,4.0,0
flow_201.24,59.0,3.5,0
flow_00.10,22.5,2.0,0
flow_201.25,58.5,3.0,0
flow_2012.5,45.5,4.0,0
flow_0012.11,24.0,3.0,0
flow_001.18,25.0,2.5,0
flow_00.11,21.5,2.0,0
flow_30.19,57.0,4.0,0
flow_1012.46,78.5,7.5,0
flow_3012.22,46.5,4.0,0
flow_1012.47,77.5,4.5,0
flow_3012.23,35.5,3.5,0
flow_10.40,69.0,3.5,0
flow_1012.48,57.0,4.0,0
flow_10.41,43.0,3.0,0
flow_3012.24,29.5,5.0,0
flow_1012.49,43.5,3.5,0
flow_3012.25,26.5,3.5,0
flow_10.42,41.0,3.0,0
flow_1012.50,25.5,3.0,0
flow_1012.51,26.0,3.5,0
flow_301.11,26.0,3.0,0
flow_1012.52,27.0,4.0,0
flow_20.22,50.0,4.0,0
flow_001.19,25.0,2.0,0
flow_00.12,22.5,2.0,0
flow_101.42,68.5,3.5,0
flow_001.0,24.5,2.0,0
flow_201.0,24.5,2.5,0
flow_001.1,26.0,3.0,0
flow_0012.0,25.0,3.0,0
flow_30.0,53.0,4.0,0
flow_10.0,39.0,4.0,0
flow_10.1,36.0,3.0,0
flow_301.0,53.5,3.0,0
flow_30.1,50.0,3.0,0
flow_3012.0,51.0,3.5,0
flow_10.2,25.0,5.5,0
flow_301.1,43.0,3.0,0
flow_10.3,20.5,2.0,0
flow_301.2,42.0,3.0,0
flow_301.3,31.5,3.0,0
flow_3012.1,30.0,4.0,0
flow_30.2,24.5,2.5,0
flow_3012.2,29.5,4.0,0
flow_3012.3,25.0,3.0,0
flow_2012.0,71.5,4.5,0
flow_00.0,75.0,6.5,0
flow_20.0,69.5,3.0,0
flow_0012.1,42.0,5.5,0
flow_2012.1,70.0,4.0,0
flow_20.1,61.5,3.0,0
flow_201.1,57.0,2.5,0
flow_2012.2,56.5,3.5,0
flow_2012.3,53.0,4.0,0
flow_2012.4,48.5,3.5,0
flow_201.2,37.5,2.5,0
flow_20.2,35.5,2.5,0
flow_001.2,33.5,4.5,0
flow_00.1,30.0,3.0,0
flow_2012.5,34.5,5.0,0
flow_0012.2,29.5,3.5,0
flow_00.2,26.5,2.5,0
flow_20.3,28.5,3.5,0
flow_1012.0,69.5,4.5,0
flow_3012.4,75.0,4.5,0
flow_10.4,67.5,3.0,0
flow_301.4,74.0,3.0,0
flow_101.0,70.0,4.0,0
flow_30.3,65.0,3.5,0
flow_3012.5,70.0,6.0,0
flow_101.1,70.5,4.0,0
flow_1012.1,31.0,3.5,0
flow_3012.6,67.0,5.0,0
flow_1012.2,27.0,3.5,0
flow_30.4,66.0,3.0,0
flow_301.5,70.5,4.5,0
flow_3012.7,67.0,4.0,0
flow_30.5,46.5,3.0,0
flow_301.6,58.0,3.0,0
flow_101.2,25.0,2.5,0
flow_301.7,32.0,3.0,0
flow_001.3,27.5,3.0,0
flow_2012.6,74.0,6.0,0
flow_2012.7,68.0,4.0,0
flow_20.4,38.5,3.0,0
flow_001.4,30.5,3.5,0
flow_2012.8,40.5,4.5,0
flow_0012.3,29.5,4.0,0
flow_20.5,35.0,3.0,0
flow_2012.9,39.5,4.5,0
flow_201.3,34.5,2.5,0
flow_001.5,28.0,3.0,0
flow_20.6,32.0,2.5,0
flow_001.6,24.5,2.5,0
flow_201.4,25.5,2.5,0
flow_10.5,60.5,4.0,0
flow_301.8,80.5,3.5,0
flow_10.6,59.5,3.0,0
flow_301.9,81.0,3.5,0
flow_3012.8,78.5,3.5,0
flow_1012.3,61.0,4.0,0
flow_10.7,40.0,2.5,0
flow_1012.4,60.0,4.0,0
flow_30.6,79.5,5.5,0
flow_10.8,23.0,2.5,0
flow_3012.9,79.5,5.5,0
flow_30.7,75.5,3.5,0
flow_3012.10,75.5,3.5,0
flow_30.8,67.5,2.5,0
flow_3012.11,58.0,3.0,0
flow_3012.12,36.5,3.5,0
flow_301.10,33.5,3.0,0
flow_3012.13,25.5,3.5,0
flow_20.7,69.0,4.0,0
flow_001.7,55.5,3.5,0
flow_001.8,55.0,3.0,0
flow_20.8,43.5,3.5,0
flow_20.9,35.5,3.0,0
flow_2012.10,35.5,3.5,0
flow_20.10,32.0,2.5,0
flow_201.5,24.5,2.5,0
flow_2012.11,26.0,3.5,0
flow_301.11,72.5,3.5,0
flow_1012.5,63.5,6.0,0
flow_10.9,60.5,3.5,0
flow_30.9,71.0,3.5,0
flow_30.10,69.5,3.0,0
flow_101.3,60.5,3.0,0
flow_10.10,56.5,2.5,0
flow_30.11,67.5,3.0,0
flow_101.4,57.0,2.5,0
flow_3012.14,69.0,4.5,0
flow_1012.6,39.5,3.5,0
flow_10.11,25.0,2.5,0
flow_301.12,69.5,3.5,0
flow_1012.7,27.0,4.0,0
flow_10.12,23.0,2.5,0
flow_30.12,61.5,6.0,0
flow_301.13,60.0,3.5,0
flow_30.13,52.5,3.0,0
flow_1012.8,29.5,6.0,0
flow_30.14,55.0,5.5,0
flow_1012.9,30.5,7.0,0
flow_30.15,58.5,8.0,0
flow_0012.4,62.5,4.5,0
flow_20.11,63.0,6.5,0
flow_0012.5,52.0,5.5,0
flow_20.12,65.0,7.0,0
flow_001.9,41.5,3.5,0
flow_20.13,63.5,4.5,0
flow_001.10,37.5,3.5,0
flow_20.14,62.0,3.5,0
flow_00.3,21.0,2.0,0
flow_20.15,59.5,3.0,0
flow_2012.12,54.5,4.0,0
flow_2012.13,53.5,4.0,0
flow_0012.6,26.0,3.5,0
flow_2012.14,24.0,3.0,0
flow_201.6,27.0,3.0,0
flow_301.14,101.5,3.5,0
flow_1012.10,80.0,6.5,0
flow_101.5,78.5,3.5,0
flow_10.13,71.5,3.0,0
flow_301.15,90.5,3.5,0
flow_30.16,86.0,3.0,0
flow_10.14,70.5,3.0,0
flow_30.17,84.0,2.5,0
flow_101.6,70.5,3.0,0
flow_3012.15,86.0,4.5,0
flow_10.15,56.5,4.0,0
flow_301.16,83.0,2.5,0
flow_301.17,81.5,3.0,0
flow_3012.16,80.0,3.5,0
flow_1012.11,55.5,6.0,0
flow_10.16,46.5,3.5,0
flow_3012.17,82.5,7.0,0
flow_30.18,78.0,3.5,0
flow_30.19,73.0,3.0,0
flow_101.7,53.0,3.5,0
flow_301.18,72.0,2.5,0
flow_1012.12,54.5,5.5,0
flow_0012.7,51.0,4.0,0
flow_20.16,76.0,6.5,0
flow_001.11,48.5,3.0,0
flow_201.7,47.0,3.0,0
flow_00.4,39.5,3.0,0
flow_20.17,44.0,3.0,0
flow_00.5,37.0,3.0,0
flow_201.8,40.0,3.0,0
flow_00.6,21.5,2.0,0
flow_20.18,37.5,3.0,0
flow_00.7,22.0,2.0,0
flow_2012.15,27.5,6.0,0
flow_20.19,21.0,2.0,0
flow_2012.16,23.0,2.5,0
flow_2012.17,24.5,3.0,0
flow_10.17,97.5,4.0,0
flow_301.19,84.0,3.5,0
flow_1012.13,97.0,3.5,0
flow_301.20,85.5,6.5,0
flow_1012.14,94.0,5.0,0
flow_101.8,91.0,3.0,0
flow_30.20,85.0,3.5,0
flow_101.9,90.5,3.0,0
flow_30.21,82.5,3.5,0
flow_10.18,87.5,3.5,0
flow_3012.18,88.0,5.5,0
flow_301.21,82.0,2.5,0
flow_10.19,78.5,3.0,0
flow_30.22,79.5,2.5,0
flow_10.20,72.5,3.0,0
flow_30.23,79.5,2.5,0
flow_101.10,51.5,3.0,0
flow_301.22,77.5,3.0,0
flow_101.11,50.5,2.5,0
flow_30.24,75.0,2.5,0
flow_1012.15,43.0,6.5,0
flow_101.12,40.5,3.0,0
flow_20.20,71.0,4.0,0
flow_001.12,72.0,3.5,0
flow_20.21,30.5,3.5,0
flow_0012.8,74.0,5.0,0
flow_2012.18,31.0,3.5,0
flow_00.8,59.0,3.0,0
flow_20.22,22.0,2.0,0
flow_001.13,58.0,3.0,0
flow_001.14,57.0,2.5,0
flow_20.23,21.5,2.0,0
flow_0012.9,45.0,5.5,0
flow_001.15,27.0,2.5,0
flow_2012.19,26.5,4.5,0
flow_001.16,26.0,3.0,0
flow_00.9,22.5,2.0,0
flow_301.23,127.0,3.5,0
flow_101.13,81.0,3.5,0
flow_1012.16,80.0,4.0,0
flow_101.14,77.0,3.0,0
flow_301.24,131.0,7.0,0
flow_101.15,75.5,3.0,0
flow_30.25,89.0,3.0,0
flow_3012.19,97.5,5.0,0
flow_10.21,73.5,3.5,0
flow_10.22,72.0,3.0,0
flow_3012.20,91.0,6.5,0
flow_3012.21,90.5,4.5,0
flow_30.26,86.5,3.0,0
flow_30.27,85.0,2.5,0
flow_101.16,74.0,3.5,0
flow_1012.17,73.5,5.0,0
flow_1012.18,65.5,4.0,0
flow_301.25,92.5,7.0,0
flow_1012.19,63.0,5.5,0
flow_001.17,64.0,3.5,0
flow_2012.20,71.0,6.5,0
flow_2012.21,55.5,4.0,0
flow_2012.22,53.5,4.0,0
flow_001.18,72.0,7.0,0
flow_2012.23,56.5,5.5,0
flow_00.10,71.5,3.5,0
flow_201.9,35.5,3.5,0
flow_2012.24,26.5,4.0,0
flow_001.19,76.5,7.0,0
flow_0012.10,75.0,3.5,0
flow_2012.25,26.0,3.5,0
flow_00.11,63.0,3.0,0
flow_001.20,74.0,3.0,0
flow_00.12,61.5,2.5,0
flow_0012.11,59.0,3.5,0
flow_30.28,138.0,4.0,0
flow_101.17,101.0,3.5,0
flow_3012.22,139.0,4.0,0
flow_301.26,136.5,3.0,0
flow_101.18,93.5,7.0,0
flow_3012.23,95.5,4.0,0
flow_1012.20,92.0,4.5,0
flow_1012.21,82.0,4.5,0
flow_30.29,94.0,6.5,0
flow_101.19,57.0,3.0,0
flow_30.30,91.5,4.5,0
flow_101.20,52.5,3.5,0
flow_1012.22,50.0,3.0,0
flow_3012.24,91.0,4.5,0
flow_3012.25,89.5,4.0,0
flow_3012.26,87.5,4.0,0
flow_3012.27,86.0,4.0,0
flow_101.21,44.0,6.5,0
flow_3012.28,87.5,5.0,0
flow_301.27,82.5,2.5,0
flow_0012.12,63.0,4.5,0
flow_2012.26,43.0,4.5,0
flow_00.13,62.5,3.5,0
flow_201.10,26.0,2.5,0
flow_0012.13,43.5,4.5,0
flow_0012.14,26.0,3.5,0
flow_201.11,31.5,6.5,0
flow_2012.27,27.0,3.5,0
flow_0012.15,26.0,4.0,0
flow_201.12,26.5,3.0,0
flow_001.21,25.5,2.5,0
flow_0012.16,25.0,3.0,0
flow_20.24,21.0,2.0,0
flow_001.22,26.0,2.5,0
flow_20.25,21.0,2.0,0
flow_2012.28,25.0,3.5,0
flow_10.23,79.0,4.0,0
flow_301.28,84.5,3.0,0
flow_30.31,81.5,3.0,0
flow_10.24,78.5,3.0,0
flow_101.22,79.0,3.0,0
flow_301.29,82.5,3.0,0
flow_30.32,80.0,3.0,0
flow_101.23,78.0,3.0,0
flow_1012.23,77.0,4.0,0
flow_3012.29,80.0,4.0,0
flow_1012.24,75.0,3.5,0
flow_30.33,74.5,3.0,0
flow_3012.30,79.0,4.0,0
flow_10.25,70.5,3.0,0
flow_1012.25,70.5,3.5,0
flow_3012.31,75.5,3.5,0
flow_1012.26,70.5,4.0,0
flow_1012.27,68.5,4.0,0
flow_1012.28,66.5,4.0,0
flow_10.26,62.0,2.5,0
flow_101.24,29.5,2.0,0
flow_301.30,83.5,4.5,0
flow_301.31,83.0,3.5,0
flow_1012.29,31.5,5.5,0
flow_20.26,63.5,4.0,0
flow_001.23,74.0,3.5,0
flow_2012.29,59.5,4.0,0
flow_20.27,56.0,3.0,0
flow_00.14,75.0,6.0,0
flow_2012.30,56.5,3.0,0
flow_0012.17,75.0,5.5,0
flow_0012.18,75.0,4.5,0
flow_001.24,72.5,3.0,0
flow_201.13,59.5,3.5,0
flow_001.25,70.5,3.0,0
flow_00.15,66.5,3.0,0
flow_201.14,59.0,3.0,0
flow_20.28,55.5,2.5,0
flow_001.26,31.5,2.5,0
flow_2012.31,43.0,4.0,0
flow_00.16,31.0,5.0,0
flow_2012.32,35.5,7.0,0
flow_2012.33,29.5,4.5,0
flow_201.15,26.5,2.5,0
flow_001.27,37.0,3.5,0
flow_1012.30,76.0,4.5,0
flow_3012.32,132.5,5.0,0
flow_30.34,128.0,3.0,0
flow_10.27,74.5,3.0,0
flow_10.28,73.0,3.0,0
flow_1012.31,72.0,3.5,0
flow_3012.33,95.5,6.5,0
flow_3012.34,93.0,4.5,0
flow_30.35,89.5,3.0,0
flow_101.25,42.5,3.5,0
flow_3012.35,90.5,4.0,0
flow_301.32,88.5,3.0,0
flow_3012.36,86.0,3.0,0
flow_1012.32,25.5,3.5,0
flow_30.36,81.5,2.5,0
flow_3012.37,86.0,4.0,0
flow_3012.38,81.0,3.0,0
flow_3012.39,79.0,3.0,0
flow_30.37,31.0,2.5,0
flow_101.26,29.5,5.5,0
flow_20.29,73.5,4.0,0
flow_00.17,55.0,4.0,0
flow_201.16,73.5,2.5,0
flow_001.28,40.5,3.0,0
flow_00.18,22.0,2.0,0
flow_20.30,64.5,2.5,0
flow_201.17,74.5,3.5,0
flow_20.31,60.0,2.5,0
flow_001.29,27.0,3.0,0
flow_201.18,36.5,2.5,0
flow_2012.34,32.5,3.0,0
flow_20.32,29.5,2.5,0
flow_20.33,26.0,2.5,0
flow_00.19,21.5,2.0,0
flow_301.33,80.0,3.5,0
flow_1012.33,66.0,6.5,0
flow_30.38,79.0,3.5,0
flow_10.29,33.5,3.5,0
flow_10.30,32.0,3.0,0
flow_30.39,78.0,3.0,0
flow_3012.40,77.0,3.5,0
flow_1012.34,33.0,4.0,0
flow_3012.41,76.0,3.5,0
flow_10.31,33.0,5.5,0
flow_1012.35,31.0,4.0,0
flow_3012.42,79.5,6.5,0
flow_1012.36,30.0,3.5,0
flow_1012.37,28.5,4.0,0
flow_301.34,81.5,4.0,0
flow_101.27,24.5,2.5,0
flow_301.35,82.0,3.5,0
flow_30.40,78.0,3.0,0
flow_3012.43,78.0,3.0,0
flow_00.20,48.0,4.0,0
flow_201.19,68.5,4.0,0
flow_001.30,50.0,3.5,0
flow_2012.35,60.0,5.5,0
flow_2012.36,28.0,4.5,0
flow_00.21,47.5,6.0,0
flow_2012.37,28.0,5.5,0
flow_0012.19,26.0,3.5,0
flow_3012.44,124.5,4.0,0
flow_301.36,124.0,3.0,0
flow_30.41,88.5,3.0,0
flow_101.28,78.5,7.5,0
flow_1012.38,79.0,6.0,0
flow_3012.45,88.0,3.5,0
flow_3012.46,86.5,4.0,0
flow_301.37,86.0,3.0,0
flow_101.29,82.5,4.0,0
flow_301.38,83.5,3.0,0
flow_101.30,79.0,3.5,0
flow_3012.47,84.5,5.0,0
flow_30.42,77.0,3.0,0
flow_3012.48,82.5,4.5,0
flow_10.32,74.5,6.5,0
flow_1012.39,71.0,6.0,0
flow_30.43,80.0,6.0,0
flow_10.33,65.5,3.5,0
flow_3012.49,78.0,4.5,0
flow_20.34,66.0,4.0,0
flow_001.31,73.5,3.5,0
flow_00.22,61.5,3.0,0
flow_201.20,55.5,3.5,0
flow_201.21,52.5,3.0,0
flow_20.35,28.5,3.0,0
flow_00.23,20.5,1.5,0
flow_00.24,20.5,1.5,0
flow_2012.38,28.0,5.0,0
flow_001.32,24.5,2.0,0
flow_201.22,25.0,2.5,0
flow_001.33,25.5,3.0,0
flow_30.44,84.0,4.0,0
flow_101.31,107.5,3.5,0
flow_3012.50,83.5,4.0,0
flow_10.34,102.0,6.0,0
flow_3012.51,86.0,6.5,0
flow_10.35,104.5,8.0,0
flow_3012.52,88.0,7.0,0
flow_10.36,105.5,8.0,0
flow_1012.40,94.0,4.5,0
flow_3012.53,89.5,7.0,0
flow_1012.41,82.5,4.0,0
flow_3012.54,88.0,4.5,0
flow_1012.42,81.0,4.5,0
flow_10.37,74.5,3.0,0
flow_30.45,87.0,4.5,0
flow_301.39,85.5,2.5,0
flow_10.38,68.5,3.0,0
flow_30.46,85.0,3.5,0
flow_1012.43,77.5,5.0,0
flow_101.32,62.0,2.5,0
flow_301.40,85.0,3.0,0
flow_0012.20,72.0,4.5,0
flow_2012.39,60.5,5.0,0
flow_201.23,58.0,3.0,0
flow_001.34,47.5,3.5,0
flow_0012.21,46.0,4.0,0
flow_00.25,37.5,2.5,0
flow_201.24,24.5,2.5,0
flow_0012.22,35.0,5.0,0
flow_001.35,31.5,2.5,0
flow_001.36,30.5,3.0,0
flow_20.36,21.5,2.0,0
flow_00.26,22.0,2.0,0
flow_0012.23,25.0,3.5,0
flow_201.0,24.5,2.5,0
flow_001.0,24.5,2.5,0
flow_2012.0,26.5,4.0,0
flow_20.0,23.0,2.5,0
flow_0012.0,26.0,4.5,0
flow_201.1,26.5,3.0,0
flow_00.0,20.5,1.5,0
flow_3012.0,47.5,4.0,0
flow_301.0,26.0,2.5,0
flow_301.1,27.0,3.0,0
flow_30.0,24.0,2.0,0
flow_30.1,23.0,2.5,0
flow_1012.0,25.5,3.5,0
flow_30.2,22.0,2.0,0
flow_1012.1,25.5,3.5,0
flow_10.0,21.5,2.0,0
flow_301.2,27.5,3.0,0
flow_001.1,33.0,3.5,0
flow_201.2,71.0,3.5,0
flow_0012.1,27.5,3.5,0
flow_201.3,71.5,3.5,0
flow_20.1,69.0,3.0,0
flow_201.4,69.0,2.5,0
flow_20.2,66.5,2.5,0
flow_20.3,65.0,2.5,0
flow_2012.1,64.5,3.0,0
flow_2012.2,62.0,3.5,0
flow_201.5,59.5,2.5,0
flow_00.1,21.5,2.0,0
flow_20.4,56.0,2.5,0
flow_201.6,56.0,3.0,0
flow_20.5,49.5,2.5,0
flow_001.2,25.5,2.5,0
flow_0012.2,24.5,3.0,0
flow_2012.3,34.0,4.0,0
flow_2012.4,30.5,4.5,0
flow_301.3,70.0,3.5,0
flow_3012.1,64.0,3.5,0
flow_1012.2,73.0,6.5,0
flow_301.4,53.5,3.0,0
flow_101.0,60.5,3.5,0
flow_301.5,36.5,3.0,0
flow_1012.3,53.0,5.0,0
flow_1012.4,48.5,4.5,0
flow_30.3,37.5,6.0,0
flow_1012.5,49.5,7.0,0
flow_1012.6,27.0,3.5,0
flow_101.1,27.0,3.0,0
flow_1012.7,25.0,3.0,0
flow_3012.2,28.0,5.5,0
flow_3012.3,26.0,3.5,0
flow_10.1,23.5,3.0,0
flow_00.2,69.0,4.0,0
flow_2012.5,77.0,7.5,0
flow_00.3,70.0,5.0,0
flow_201.7,76.0,3.5,0
flow_0012.3,68.0,4.5,0
flow_00.4,64.5,2.5,0
flow_201.8,77.5,3.5,0
flow_0012.4,63.5,4.5,0
flow_2012.6,76.5,3.5,0
flow_201.9,75.5,3.0,0
flow_001.3,65.5,4.0,0
flow_20.6,71.5,3.0,0
flow_2012.7,76.5,5.0,0
flow_00.5,57.5,5.5,0
flow_001.4,30.5,3.0,0
flow_2012.8,74.0,5.0,0
flow_20.7,70.5,3.5,0
flow_00.6,30.0,3.5,0
flow_201.10,70.0,2.5,0
flow_2012.9,68.0,3.5,0
flow_0012.5,32.5,5.0,0
flow_00.7,28.5,3.5,0
flow_20.8,65.5,2.5,0
flow_3012.4,71.5,4.5,0
flow_301.6,69.0,3.0,0
flow_101.2,80.0,7.5,0
flow_30.4,66.0,3.0,0
flow_1012.8,80.5,5.5,0
flow_30.5,64.0,5.0,0
flow_3012.5,58.0,4.0,0
flow_1012.9,64.0,7.0,0
flow_101.3,56.0,3.5,0
flow_301.7,25.5,3.0,0
flow_1012.10,57.5,5.0,0
flow_1012.11,56.5,4.5,0
flow_30.6,29.5,6.0,0
flow_1012.12,57.5,7.0,0
flow_10.2,40.5,3.5,0
flow_30.7,24.0,2.0,0
flow_10.3,36.5,3.5,0
flow_20.9,82.5,4.0,0
flow_0012.6,79.5,7.5,0
flow_00.8,55.5,3.5,0
flow_201.11,85.5,3.0,0
flow_20.10,82.0,3.0,0
flow_001.5,55.0,3.5,0
flow_201.12,82.0,3.0,0
flow_20.11,78.5,3.0,0
flow_001.6,26.0,2.5,0
flow_20.12,77.5,3.0,0
flow_00.9,21.0,1.5,0
flow_20.13,76.0,2.5,0
flow_201.13,75.0,2.5,0
flow_2012.10,73.0,3.0,0
flow_201.14,72.0,2.5,0
flow_201.15,71.5,2.5,0
flow_2012.11,68.5,3.0,0
flow_20.14,29.5,2.5,0
flow_3012.6,74.5,4.5,0
flow_30.8,68.5,3.5,0
flow_101.4,86.5,7.5,0
flow_301.8,64.5,2.5,0
flow_1012.13,77.5,4.0,0
flow_101.5,75.0,2.5,0
flow_301.9,60.5,3.5,0
flow_1012.14,65.0,4.5,0
flow_30.9,60.0,4.5,0
flow_3012.7,54.5,3.0,0
flow_1012.15,65.5,7.0,0
flow_10.4,61.5,3.5,0
flow_30.10,41.5,3.0,0
flow_10.5,61.0,3.0,0
flow_3012.8,36.0,6.0,0
flow_30.11,32.5,3.5,0
flow_10.6,59.5,5.5,0
flow_1012.16,58.5,4.0,0
flow_00.10,58.5,4.0,0
flow_201.16,75.5,3.5,0
flow_0012.7,59.5,4.0,0
flow_2012.12,76.5,4.0,0
flow_20.15,71.5,3.0,0
flow_2012.13,76.0,4.5,0
flow_001.7,55.0,4.5,0
flow_2012.14,74.0,4.5,0
flow_201.17,70.0,2.5,0
flow_001.8,56.5,3.5,0
flow_00.11,27.0,3.0,0
flow_201.18,70.5,3.5,0
flow_20.16,66.5,2.5,0
flow_2012.15,65.5,3.0,0
flow_201.19,67.5,3.5,0
flow_201.20,66.0,3.5,0
flow_0012.8,28.0,4.5,0
flow_001.9,27.0,3.0,0
flow_201.21,68.5,4.5,0
flow_30.12,68.5,4.0,0
flow_101.6,77.0,4.0,0
flow_301.10,70.0,3.0,0
flow_1012.17,78.5,5.0,0
flow_1012.18,77.5,4.5,0
flow_1012.19,55.5,4.5,0
flow_301.11,78.0,7.5,0
flow_10.7,36.5,3.5,0
flow_1012.20,43.0,6.0,0
flow_301.12,79.0,4.0,0
flow_1012.21,31.5,4.0,0
flow_1012.22,30.0,4.5,0
flow_101.7,27.0,2.5,0
flow_301.13,83.5,4.0,0
flow_1012.23,28.0,4.0,0
flow_1012.24,26.5,3.5,0
flow_301.14,86.0,6.5,0
flow_20.17,84.0,4.0,0
flow_0012.9,75.5,7.5,0
flow_20.18,85.0,5.0,0
flow_2012.16,82.5,3.5,0
flow_0012.10,76.5,7.5,0
flow_001.10,63.5,3.5,0
flow_201.22,85.0,3.0,0
flow_2012.17,83.0,3.5,0
flow_0012.11,55.0,4.5,0
flow_2012.18,81.5,4.0,0
flow_00.12,53.0,6.0,0
flow_201.23,81.0,3.0,0
flow_00.13,42.5,4.0,0
flow_201.24,78.5,3.0,0
flow_001.11,41.0,3.0,0
flow_2012.19,78.5,4.0,0
flow_2012.20,77.5,4.0,0
flow_2012.21,76.0,4.0,0
flow_20.19,71.5,3.0,0
flow_20.20,33.5,3.0,0
flow_30.13,130.0,4.0,0
flow_1012.25,75.0,7.5,0
flow_301.15,118.0,3.0,0
flow_301.16,107.0,3.5,0
flow_30.14,94.0,3.0,0
flow_101.8,24.5,2.5,0
flow_3012.9,75.0,3.5,0
flow_30.15,62.5,2.5,0
flow_30.16,43.0,2.5,0
flow_101.9,30.0,3.5,0
flow_301.17,52.0,3.0,0
flow_101.10,29.0,3.0,0
flow_3012.10,27.0,3.5,0
flow_1012.26,24.0,2.5,0
flow_301.18,27.5,4.5,0
flow_1012.27,26.5,4.0,0
flow_30.17,27.5,4.5,0
flow_201.25,78.5,3.5,0
flow_001.12,74.0,3.5,0
flow_20.21,77.0,3.0,0
flow_20.22,74.5,3.0,0
flow_201.26,74.5,2.5,0
flow_001.13,25.5,2.5,0
flow_201.27,74.5,3.0,0
flow_20.23,70.0,2.5,0
flow_001.14,26.5,2.5,0
flow_00.14,23.5,2.5,0
flow_20.24,70.0,2.5,0
flow_20.25,68.0,2.5,0
flow_201.28,67.0,2.5,0
flow_20.26,64.0,2.5,0
flow_001.15,25.5,2.5,0
flow_20.27,62.5,2.5,0
flow_2012.22,60.5,3.0,0
flow_00.15,22.0,2.0,0
flow_20.28,27.0,3.0,0
flow_201.29,33.0,3.5,0
flow_10.8,71.5,4.0,0
flow_301.19,73.5,3.5,0
flow_10.9,71.0,3.0,0
flow_3012.11,75.5,5.5,0
flow_3012.12,45.0,4.5,0
flow_101.11,76.5,4.0,0
flow_3012.13,28.5,4.5,0
flow_1012.28,75.5,3.5,0
flow_101.12,74.5,3.0,0
flow_10.10,68.5,3.0,0
flow_101.13,66.0,2.5,0
flow_10.11,63.5,2.5,0
flow_101.14,64.0,2.5,0
flow_1012.29,36.5,3.0,0
flow_10.12,21.5,2.0,0
flow_00.16,54.0,4.0,0
flow_201.30,75.0,3.5,0
flow_001.16,28.5,2.5,0
flow_201.31,74.5,3.0,0
flow_20.29,72.0,3.0,0
flow_001.17,28.5,3.0,0
flow_201.32,73.0,3.0,0
flow_2012.23,71.0,3.5,0
flow_20.30,68.0,2.5,0
flow_2012.24,68.5,3.5,0
flow_0012.12,26.5,3.5,0
flow_201.33,69.0,3.5,0
flow_20.31,64.5,3.0,0
flow_2012.25,64.5,3.5,0
flow_201.34,63.0,2.5,0
flow_201.35,61.5,2.5,0
flow_201.36,32.0,2.5,0
flow_2012.26,29.5,3.5,0
flow_1012.30,60.0,4.0,0
flow_30.18,59.0,6.5,0
flow_10.13,58.0,3.0,0
flow_1012.31,57.0,3.5,0
flow_3012.14,59.0,6.0,0
flow_10.14,54.5,3.0,0
flow_301.20,54.5,3.0,0
flow_1012.32,56.5,3.5,0
flow_1012.33,55.5,4.0,0
flow_101.15,51.0,2.5,0
flow_10.15,40.5,2.5,0
flow_30.19,57.0,3.5,0
flow_301.21,61.5,7.5,0
flow_10.16,22.0,2.0,0
flow_30.20,33.0,3.0,0
flow_3012.15,33.5,4.0,0
flow_1012.34,24.0,3.0,0
flow_2012.27,75.5,4.0,0
flow_20.32,73.0,3.0,0
flow_001.18,64.0,7.0,0
flow_20.33,72.0,3.0,0
flow_001.19,63.5,3.0,0
flow_00.17,36.0,2.5,0
flow_201.37,73.0,3.0,0
flow_201.38,72.0,3.5,0
flow_0012.13,37.5,5.0,0
flow_20.34,71.0,3.5,0
flow_001.20,35.0,3.0,0
flow_00.18,28.5,2.5,0
flow_201.39,72.0,3.5,0
flow_00.19,26.5,3.0,0
flow_0012.14,31.0,4.0,0
flow_201.40,73.0,6.5,0
flow_2012.28,70.0,3.5,0
flow_201.41,74.5,4.0,0
flow_201.42,69.5,2.5,0
flow_20.35,66.5,3.0,0
flow_0012.15,29.5,5.5,0
flow_301.22,69.5,3.5,0
flow_10.17,71.5,4.0,0
flow_10.18,70.0,3.5,0
flow_30.21,50.0,3.5,0
flow_101.16,70.5,2.5,0
flow_3012.16,32.5,5.0,0
flow_10.19,73.0,6.0,0
flow_3012.17,32.0,4.5,0
flow_3012.18,31.0,7.0,0
flow_30.22,24.5,3.0,0
flow_10.20,71.0,7.5,0
flow_101.17,54.0,3.5,0
flow_101.18,36.5,3.0,0
flow_301.23,25.5,2.5,0
flow_1012.35,25.5,3.5,0
flow_3012.19,24.5,3.0,0
flow_2012.29,86.0,4.5,0
flow_201.43,83.5,3.0,0
flow_001.21,74.0,7.5,0
flow_00.20,71.5,3.5,0
flow_20.36,78.5,3.0,0
flow_201.44,83.5,3.5,0
flow_0012.16,69.5,5.0,0
flow_001.22,69.5,3.5,0
flow_201.45,84.0,3.0,0
flow_001.23,68.0,3.5,0
flow_2012.30,84.5,4.5,0
flow_00.21,62.0,5.0,0
flow_0012.17,59.0,4.0,0
flow_2012.31,86.0,7.0,0
flow_2012.32,85.0,5.0,0
flow_201.46,81.5,2.5,0
flow_001.24,35.5,3.5,0
flow_20.37,77.0,2.5,0
flow_201.47,81.5,3.5,0
flow_001.25,34.5,3.0,0
flow_301.24,43.0,3.5,0
flow_1012.36,65.0,6.5,0
flow_1012.37,61.0,4.5,0
flow_10.21,53.0,3.0,0
flow_301.25,47.0,4.0,0
flow_10.22,41.0,3.0,0
flow_3012.20,47.0,4.0,0
flow_30.23,38.0,3.0,0
flow_301.26,33.5,2.5,0
flow_101.19,26.0,3.0,0
flow_301.27,24.5,2.0,0
flow_20.38,124.5,4.0,0
flow_0012.18,84.0,7.5,0
flow_20.39,90.0,5.0,0
flow_00.22,47.5,3.5,0
flow_20.40,87.5,3.5,0
flow_001.26,48.5,3.0,0
flow_2012.33,88.0,4.5,0
flow_201.48,85.5,3.0,0
flow_001.27,50.0,3.5,0
flow_00.23,41.5,3.0,0
flow_201.49,84.0,3.5,0
flow_00.24,36.0,3.0,0
flow_201.50,82.5,3.0,0
flow_201.51,80.5,3.0,0
flow_2012.34,78.5,3.5,0
flow_20.41,75.5,2.5,0
flow_0012.19,38.5,5.0,0
flow_001.28,37.0,3.0,0
flow_00.25,34.5,3.0,0
flow_201.52,76.5,3.0,0
flow_2012.35,75.5,3.5,0
flow_0012.20,29.5,4.0,0
flow_2012.36,35.5,4.0,0
flow_30.24,71.5,4.0,0
flow_101.20,66.5,3.5,0
flow_30.25,67.0,3.0,0
flow_101.21,66.5,3.0,0
flow_101.22,58.5,3.5,0
flow_301.28,68.0,3.5,0
flow_1012.38,57.5,3.5,0
flow_101.23,55.5,2.5,0
flow_301.29,69.5,6.5,0
flow_101.24,54.0,2.5,0
flow_3012.21,60.5,5.0,0
flow_301.30,27.5,2.5,0
flow_101.25,52.5,3.5,0
flow_1012.39,50.0,3.5,0
flow_10.23,35.5,3.0,0
flow_10.24,26.5,3.0,0
flow_00.26,65.0,4.0,0
flow_201.53,80.0,3.5,0
flow_00.27,45.5,3.0,0
flow_201.54,78.5,3.0,0
flow_20.42,75.5,3.0,0
flow_001.29,44.0,3.0,0
flow_201.55,76.5,3.0,0
flow_0012.21,43.0,6.0,0
flow_201.56,79.0,4.0,0
flow_201.57,77.5,3.5,0
flow_20.43,73.5,3.0,0
flow_2012.37,73.0,3.5,0
flow_20.44,70.0,2.5,0
flow_2012.38,70.0,3.5,0
flow_20.45,66.0,2.5,0
flow_00.28,20.5,1.5,0
flow_201.58,66.5,2.5,0
flow_20.46,33.0,3.0,0
flow_1012.40,70.5,4.0,0
flow_10.25,69.0,3.0,0
flow_30.26,52.0,6.5,0
flow_10.26,67.0,3.0,0
flow_30.27,40.5,4.0,0
flow_3012.22,41.5,5.0,0
flow_301.31,26.0,2.5,0
flow_101.26,71.0,4.0,0
flow_101.27,39.5,3.5,0
flow_101.28,33.5,3.0,0
flow_101.29,32.0,3.0,0
flow_10.27,26.5,3.0,0
flow_3012.23,25.5,3.5,0
flow_101.30,29.5,6.0,0
flow_1012.41,27.0,3.5,0
flow_2012.39,79.5,4.0,0
flow_00.29,72.5,6.5,0
flow_201.59,80.5,3.5,0
flow_001.30,57.0,3.5,0
flow_2012.40,79.5,4.0,0
flow_2012.41,77.5,4.5,0
flow_201.60,75.5,3.0,0
flow_001.31,42.0,7.0,0
flow_00.30,39.5,3.0,0
flow_201.61,74.5,3.5,0
flow_201.62,74.0,3.5,0
flow_0012.22,38.5,4.5,0
flow_2012.42,72.5,4.0,0
flow_2012.43,71.0,4.0,0
flow_20.47,68.0,3.0,0
flow_2012.44,67.0,3.5,0
flow_201.63,64.0,2.5,0
flow_2012.45,30.0,3.0,0
flow_0012.23,23.5,3.0,0
flow_2012.46,28.5,3.5,0
flow_301.32,50.5,3.5,0
flow_1012.42,77.0,6.5,0
flow_3012.24,51.5,4.0,0
flow_1012.43,75.5,4.5,0
flow_30.28,46.0,3.0,0
flow_101.31,66.5,3.0,0
flow_10.28,63.0,2.5,0
flow_1012.44,64.0,3.5,0
flow_3012.25,29.0,5.5,0
flow_1012.45,56.5,4.0,0
flow_10.29,52.5,2.5,0
flow_10.30,47.5,2.5,0
flow_301.33,31.0,4.0,0
flow_30.29,27.0,3.0,0
flow_3012.26,27.0,3.0,0
flow_1012.46,47.0,4.0,0
flow_10.31,43.0,3.0,0
flow_10.32,38.5,3.0,0
flow_301.34,28.0,3.0,0
flow_30.30,23.5,2.0,0
flow_101.32,38.0,2.5,0
flow_10.33,22.0,2.0,0
flow_001.32,70.0,3.5,0
flow_201.64,77.0,4.0,0
flow_00.31,65.5,3.0,0
flow_201.65,75.5,3.5,0
flow_0012.24,66.5,4.0,0
flow_2012.47,74.5,3.5,0
flow_001.33,61.5,3.0,0
flow_201.66,74.5,3.5,0
flow_001.34,60.5,3.5,0
flow_201.67,73.0,3.5,0
flow_20.48,69.0,2.5,0
flow_001.35,55.0,3.5,0
flow_201.68,69.5,3.0,0
flow_2012.48,67.5,3.5,0
flow_20.49,63.5,2.5,0
flow_0012.25,47.0,5.0,0
flow_00.32,39.0,3.5,0
flow_2012.49,63.5,3.0,0
flow_0012.26,32.5,3.5,0
flow_20.50,55.5,2.5,0
flow_2012.50,55.5,3.5,0
flow_201.69,31.5,3.0,0
flow_2012.51,29.0,3.5,0
flow_0012.0,24.5,3.0,0
flow_201.0,26.5,3.0,0
flow_20.0,21.5,2.0,0
flow_301.0,47.0,3.5,0
flow_1012.0,50.0,6.5,0
flow_10.0,46.5,3.5,0
flow_30.0,45.5,3.5,0
flow_1012.1,44.0,4.5,0
flow_301.1,49.5,4.0,0
flow_3012.0,48.5,4.0,0
flow_3012.1,45.0,4.0,0
flow_30.1,39.0,2.5,0
flow_301.2,44.0,3.0,0
flow_30.2,38.5,2.5,0
flow_10.1,23.0,2.0,0
flow_3012.2,32.5,2.5,0
flow_10.2,24.0,2.5,0
flow_301.3,26.0,2.5,0
flow_001.0,69.5,3.5,0
flow_201.1,67.0,3.5,0
flow_001.1,52.5,3.0,0
flow_0012.1,36.0,4.0,0
flow_2012.0,27.0,4.0,0
flow_2012.1,24.5,3.0,0
flow_001.2,23.0,2.0,0
flow_201.2,26.0,3.0,0
flow_00.0,21.5,2.0,0
flow_001.3,26.5,3.0,0
flow_201.3,25.0,2.5,0
flow_1012.2,68.0,4.5,0
flow_3012.3,72.0,4.5,0
flow_1012.3,67.5,4.0,0
flow_3012.4,71.5,4.0,0
flow_301.4,70.5,3.0,0
flow_101.0,58.0,3.5,0
flow_3012.5,70.5,4.0,0
flow_10.3,57.0,6.0,0
flow_1012.4,56.5,5.0,0
flow_3012.6,70.5,7.0,0
flow_30.3,63.0,3.5,0
flow_101.1,57.5,3.5,0
flow_30.4,61.5,3.0,0
flow_30.5,55.0,3.0,0
flow_101.2,57.5,3.0,0
flow_30.6,53.5,3.0,0
flow_1012.5,57.0,6.5,0
flow_1012.6,44.5,4.5,0
flow_101.3,33.0,2.5,0
flow_301.5,50.0,3.5,0
flow_0012.2,71.5,4.0,0
flow_2012.2,71.5,4.0,0
flow_2012.3,72.0,4.0,0
flow_0012.3,56.0,4.0,0
flow_0012.4,55.0,4.0,0
flow_00.1,51.5,2.5,0
flow_201.4,73.5,4.0,0
flow_00.2,51.0,3.0,0
flow_2012.4,57.0,4.5,0
flow_20.1,32.0,3.0,0
flow_00.3,54.5,6.0,0
flow_0012.5,51.0,5.0,0
flow_2012.5,32.0,4.0,0
flow_0012.6,50.0,4.0,0
flow_20.2,32.0,5.0,0
flow_001.4,51.0,3.5,0
flow_201.5,30.0,3.0,0
flow_201.6,28.5,3.5,0
flow_301.6,97.0,3.5,0
flow_1012.7,75.5,6.5,0
flow_101.4,73.5,3.0,0
flow_30.7,75.5,3.5,0
flow_30.8,74.0,3.5,0
flow_301.7,72.5,2.5,0
flow_3012.7,66.5,3.5,0
flow_301.8,65.0,2.5,0
flow_101.5,28.5,5.5,0
flow_3012.8,64.5,4.0,0
flow_301.9,62.5,2.5,0
flow_3012.9,61.5,3.5,0
flow_30.9,57.0,2.5,0
flow_3012.10,58.5,3.5,0
flow_3012.11,56.5,4.0,0
flow_30.10,29.0,2.5,0
flow_101.6,26.5,3.0,0
flow_301.10,27.5,2.5,0
flow_2012.6,54.5,4.5,0
flow_001.5,75.0,7.5,0
flow_201.7,49.0,3.5,0
flow_20.3,27.0,3.0,0
flow_0012.7,76.0,5.5,0
flow_00.4,74.0,3.5,0
flow_0012.8,74.0,4.0,0
flow_001.6,72.5,3.0,0
flow_0012.9,70.0,3.5,0
flow_0012.10,68.5,3.5,0
flow_001.7,64.5,2.5,0
flow_201.8,30.0,4.0,0
flow_0012.11,62.0,4.0,0
flow_001.8,49.0,2.5,0
flow_00.5,46.0,2.5,0
flow_0012.12,46.5,3.5,0
flow_30.11,72.0,4.0,0
flow_10.4,71.0,4.0,0
flow_301.11,73.0,3.0,0
flow_101.7,71.0,3.0,0
flow_1012.8,50.5,4.0,0
flow_10.5,47.5,2.5,0
flow_301.12,76.5,7.0,0
flow_30.12,75.5,5.0,0
flow_1012.9,49.0,4.5,0
flow_101.8,48.0,3.5,0
flow_3012.12,76.0,4.5,0
flow_3012.13,74.5,4.0,0
flow_3012.14,74.0,4.5,0
flow_301.13,70.0,3.0,0
flow_30.13,67.0,2.5,0
flow_101.9,54.5,4.0,0
flow_101.10,46.5,3.5,0
flow_3012.15,70.5,6.0,0
flow_30.14,47.0,3.5,0
flow_3012.16,69.5,4.5,0
flow_10.6,42.0,5.5,0
flow_00.6,66.5,4.0,0
flow_2012.7,58.5,7.5,0
flow_20.4,39.0,3.5,0
flow_00.7,56.5,4.0,0
flow_20.5,33.0,3.0,0
flow_0012.13,57.5,6.5,0
flow_001.9,42.5,3.0,0
flow_0012.14,36.5,3.5,0
flow_201.9,27.0,3.0,0
flow_0012.15,26.5,4.0,0
flow_201.10,28.5,3.5,0
flow_001.10,24.5,2.5,0
flow_30.15,83.0,4.0,0
flow_10.7,84.0,4.0,0
flow_10.8,72.5,3.0,0
flow_1012.10,72.5,3.5,0
flow_3012.17,85.0,6.0,0
flow_301.14,84.5,3.5,0
flow_101.11,73.0,3.0,0
flow_30.16,80.5,3.0,0
flow_10.9,69.5,2.5,0
flow_101.12,57.5,3.0,0
flow_3012.18,84.5,5.5,0
flow_301.15,80.5,2.5,0
flow_101.13,59.5,3.5,0
flow_1012.11,57.0,3.5,0
flow_3012.19,81.0,4.5,0
flow_30.17,79.0,3.0,0
flow_1012.12,26.0,3.5,0
flow_3012.20,79.5,3.5,0
flow_30.18,74.0,3.0,0
flow_30.19,68.0,3.0,0
flow_301.16,67.0,2.5,0
flow_2012.8,69.5,4.5,0
flow_00.8,37.0,6.5,0
flow_2012.9,56.5,5.5,0
flow_2012.10,34.5,4.5,0
flow_0012.16,24.5,3.0,0
flow_2012.11,24.5,3.0,0
flow_00.9,21.0,2.0,0
flow_00.10,21.0,2.0,0
flow_00.11,21.0,1.5,0
flow_2012.12,24.0,3.0,0
flow_00.12,21.5,2.0,0
flow_3012.21,84.5,4.0,0
flow_1012.13,71.0,4.0,0
flow_1012.14,51.0,4.0,0
flow_10.10,32.5,3.0,0
flow_301.17,87.0,4.5,0
flow_30.20,84.5,5.0,0
flow_1012.15,29.5,4.5,0
flow_3012.22,83.5,3.5,0
flow_301.18,82.5,3.0,0
flow_30.21,78.5,2.5,0
flow_3012.23,78.0,3.0,0
flow_30.22,65.0,2.5,0
flow_301.19,77.5,3.0,0
flow_101.14,26.0,3.0,0
flow_3012.24,60.5,4.5,0
flow_3012.25,59.0,4.0,0
flow_30.23,55.5,2.5,0
flow_20.6,59.5,4.0,0
flow_001.11,57.5,3.5,0
flow_00.13,55.0,3.0,0
flow_2012.13,23.5,3.0,0
flow_001.12,24.5,2.5,0
flow_00.14,21.0,2.0,0
flow_20.7,22.5,2.0,0
flow_2012.14,23.5,2.5,0
flow_3012.26,84.5,4.5,0
flow_10.11,70.5,6.5,0
flow_3012.27,83.0,5.5,0
flow_301.20,82.0,3.5,0
flow_101.15,74.0,4.0,0
flow_301.21,80.0,3.5,0
flow_3012.28,78.5,3.5,0
flow_1012.16,75.0,5.0,0
flow_301.22,78.0,3.0,0
flow_30.24,74.0,2.5,0
flow_101.16,64.5,3.5,0
flow_3012.29,73.0,3.0,0
flow_1012.17,64.5,5.5,0
flow_30.25,71.0,2.5,0
flow_10.12,49.5,3.5,0
flow_30.26,70.0,2.5,0
flow_101.17,50.5,3.5,0
flow_3012.30,71.0,4.5,0
flow_30.27,31.5,3.0,0
flow_3012.31,65.0,4.5,0
flow_10.13,26.5,4.5,0
flow_0012.17,67.0,4.5,0
flow_001.13,66.0,3.0,0
flow_201.11,64.5,7.5,0
flow_20.8,44.0,3.5,0
flow_001.14,59.0,3.5,0
flow_20.9,38.5,3.0,0
flow_001.15,44.5,3.5,0
flow_001.16,39.0,3.5,0
flow_2012.15,40.5,5.5,0
flow_0012.18,38.0,4.0,0
flow_2012.16,31.5,4.5,0
flow_001.17,39.0,3.5,0
flow_00.15,31.5,3.0,0
flow_00.16,30.5,3.0,0
flow_30.28,77.0,4.0,0
flow_10.14,70.5,4.0,0
flow_10.15,69.5,3.0,0
flow_3012.32,82.5,6.0,0
flow_3012.33,79.0,4.5,0
flow_30.29,75.5,3.0,0
flow_101.18,72.0,3.5,0
flow_30.30,69.5,3.0,0
flow_10.16,69.5,3.0,0
flow_30.31,58.5,3.0,0
flow_3012.34,72.0,5.5,0
flow_10.17,71.0,6.0,0
flow_301.23,58.5,3.0,0
flow_101.19,29.5,3.0,0
flow_1012.18,28.0,3.5,0
flow_10.18,25.5,2.5,0
flow_301.24,61.5,6.0,0
flow_10.19,24.0,2.5,0
flow_3012.35,55.5,5.0,0
flow_3012.36,55.0,4.5,0
flow_201.12,62.5,3.5,0
flow_00.17,46.0,4.0,0
flow_0012.19,32.0,4.0,0
flow_2012.17,56.0,4.0,0
flow_0012.20,30.5,4.0,0
flow_201.13,41.5,3.5,0
flow_201.14,38.0,3.0,0
flow_20.10,34.0,2.5,0
flow_001.18,26.5,3.0,0
flow_2012.18,28.0,5.5,0
flow_20.11,22.0,2.0,0
flow_30.32,93.0,4.0,0
flow_101.20,77.5,3.5,0
flow_10.20,74.5,3.0,0
flow_301.25,88.0,3.0,0
flow_30.33,83.5,3.0,0
flow_101.21,74.5,3.0,0
flow_30.34,64.5,2.5,0
flow_3012.37,52.0,3.5,0
flow_1012.19,77.0,6.5,0
flow_10.21,74.0,3.5,0
flow_301.26,52.5,3.5,0
flow_1012.20,75.0,4.0,0
flow_3012.38,51.5,3.5,0
flow_10.22,71.5,3.0,0
flow_301.27,50.0,3.0,0
flow_1012.21,72.5,4.0,0
flow_10.23,68.5,3.0,0
flow_30.35,50.0,5.0,0
flow_3012.39,49.0,4.0,0
flow_1012.22,57.5,3.5,0
flow_3012.40,48.5,4.0,0
flow_301.28,45.0,2.5,0
flow_10.24,58.0,5.5,0
flow_1012.23,47.0,4.5,0
flow_3012.41,35.5,3.5,0
flow_2012.19,54.0,4.0,0
flow_201.15,54.5,3.0,0
flow_20.12,51.0,3.0,0
flow_001.19,74.0,7.5,0
flow_001.20,72.5,3.0,0
flow_20.13,43.0,2.5,0
flow_00.18,63.0,2.5,0
flow_00.19,53.5,3.0,0
flow_0012.21,39.0,3.0,0
flow_2012.20,48.0,6.5,0
flow_2012.21,35.0,4.5,0
flow_00.20,37.0,5.0,0
flow_2012.22,36.0,7.0,0
flow_2012.23,35.0,4.5,0
flow_0012.22,24.5,3.0,0
flow_301.29,79.5,3.5,0
flow_1012.24,87.5,6.5,0
flow_1012.25,62.5,4.0,0
flow_1012.26,46.5,4.0,0
flow_301.30,87.5,7.0,0
flow_1012.27,39.0,5.5,0
flow_3012.42,86.5,3.5,0
flow_1012.28,37.5,4.5,0
flow_101.22,36.0,3.5,0
flow_301.31,88.0,3.5,0
flow_10.25,31.0,3.0,0
flow_101.23,35.5,3.5,0
flow_301.32,78.5,3.0,0
flow_1012.29,27.5,3.5,0
flow_3012.43,76.0,4.5,0
flow_30.36,75.0,3.0,0
flow_101.24,27.0,3.0,0
flow_301.33,61.5,3.0,0
flow_1012.30,27.5,4.0,0
flow_301.34,64.0,4.0,0
flow_001.21,72.5,3.5,0
flow_201.16,27.5,3.0,0
flow_0012.23,73.5,4.5,0
flow_2012.24,26.5,3.5,0
flow_0012.24,72.0,4.0,0
flow_001.22,70.0,3.0,0
flow_00.21,66.5,2.5,0
flow_00.22,64.5,2.5,0
flow_001.23,64.5,2.5,0
flow_0012.25,62.5,3.0,0
flow_00.23,60.0,2.5,0
flow_001.24,58.5,3.0,0
flow_201.17,25.5,2.5,0
flow_0012.26,40.0,3.5,0
flow_2012.25,25.0,3.5,0
flow_001.25,36.5,3.5,0
flow_00.24,29.5,3.0,0
flow_1012.31,71.0,4.0,0
flow_301.35,103.0,7.0,0
flow_1012.32,63.5,5.0,0
flow_3012.44,102.0,4.0,0
flow_10.26,61.5,4.0,0
flow_3012.45,103.5,6.5,0
flow_3012.46,100.0,4.0,0
flow_3012.47,88.0,4.0,0
flow_3012.48,77.0,4.5,0
flow_3012.49,75.0,4.5,0
flow_301.36,63.0,2.5,0
flow_30.37,60.5,2.5,0
flow_101.25,69.5,7.5,0
flow_30.38,45.0,2.5,0
flow_1012.33,56.5,6.0,0
flow_3012.50,45.5,3.5,0
flow_3012.51,34.5,4.0,0
flow_10.27,51.5,6.0,0
flow_001.26,79.0,3.5,0
flow_201.18,67.0,3.5,0
flow_001.27,76.5,3.0,0
flow_201.19,67.5,3.5,0
flow_2012.26,65.5,4.0,0
flow_0012.27,74.0,3.5,0
flow_0012.28,72.0,4.0,0
flow_00.25,47.5,2.5,0
flow_20.14,67.0,6.0,0
flow_2012.27,66.5,5.0,0
flow_20.15,62.5,3.0,0
flow_001.28,47.0,3.0,0
flow_201.20,62.0,2.5,0
flow_00.26,45.0,3.0,0
flow_2012.28,63.0,5.0,0
flow_2012.29,61.5,4.0,0
flow_201.21,60.0,3.0,0
flow_001.29,34.5,4.0,0
flow_201.22,58.5,3.0,0
flow_201.23,48.5,3.0,0
flow_2012.30,34.5,3.5,0
flow_30.39,79.0,4.0,0
flow_101.26,92.0,3.5,0
flow_3012.52,62.5,4.0,0
flow_101.27,92.5,7.0,0
flow_1012.34,78.0,4.0,0
flow_3012.53,65.0,5.5,0
flow_3012.54,60.5,4.5,0
flow_1012.35,74.0,3.5,0
flow_3012.55,57.5,4.0,0
flow_1012.36,73.0,4.0,0
flow_30.40,55.0,4.0,0
flow_1012.37,73.5,6.5,0
flow_3012.56,29.5,3.5,0
flow_1012.38,65.5,4.0,0
flow_30.41,29.0,6.0,0
flow_3012.57,26.5,4.0,0
flow_1012.39,59.5,6.5,0
flow_10.28,54.5,3.5,0
flow_301.37,28.5,3.0,0
flow_30.42,22.5,2.0,0
flow_101.28,54.0,3.0,0
flow_2012.31,79.5,4.0,0
flow_001.30,76.5,7.5,0
flow_2012.32,68.5,5.5,0
flow_201.24,48.0,3.0,0
flow_20.16,34.0,3.0,0
flow_001.31,72.0,4.0,0
flow_2012.33,34.5,3.5,0
flow_0012.29,56.0,4.0,0
flow_2012.34,30.5,4.0,0
flow_001.32,57.5,4.5,0
flow_0012.30,42.0,3.5,0
flow_00.27,33.5,3.0,0
flow_201.25,25.5,2.5,0
flow_001.33,33.5,3.0,0
flow_00.28,29.5,2.5,0
flow_001.34,30.0,2.5,0
flow_20.17,22.5,2.0,0
flow_001.35,25.5,3.0,0
flow_301.38,73.5,4.0,0
flow_10.29,90.0,3.5,0
flow_1012.40,102.0,7.0,0
flow_30.43,73.0,3.5,0
flow_1012.41,83.0,4.5,0
flow_3012.58,72.0,3.5,0
flow_3012.59,72.0,4.0,0
flow_30.44,68.0,2.5,0
flow_10.30,84.5,6.0,0
flow_10.31,83.0,4.0,0
flow_101.29,82.0,3.0,0
flow_30.45,70.0,3.0,0
flow_3012.60,74.5,5.0,0
flow_10.32,53.5,3.5,0
flow_3012.61,70.5,4.0,0
flow_30.46,66.5,3.0,0
flow_10.33,56.0,6.0,0
flow_30.47,65.5,3.0,0
flow_101.30,54.5,3.5,0
flow_30.48,64.5,3.0,0
flow_1012.42,57.5,6.5,0
flow_30.49,66.0,6.0,0
flow_20.18,47.0,4.0,0
flow_001.36,73.0,3.5,0
flow_001.37,65.0,3.0,0
flow_2012.35,50.0,5.0,0
flow_0012.31,63.5,4.0,0
flow_00.29,51.5,2.5,0
flow_201.26,44.0,3.5,0
flow_0012.32,53.0,4.0,0
flow_20.19,43.5,5.0,0
flow_00.30,34.0,4.0,0
flow_0012.33,41.5,7.0,0
flow_201.27,47.0,3.5,0
flow_0012.34,25.5,3.5,0
flow_2012.36,38.0,3.5,0
flow_20.20,28.0,2.5,0
flow_001.38,25.5,2.5,0
flow_0012.0,22.0,2.5,0
flow_00.0,21.5,2.0,0
flow_2012.0,27.5,5.5,0
flow_001.0,27.0,3.0,0
flow_2012.1,24.5,3.5,0
flow_00.1,24.0,3.0,0
flow_20.0,20.5,2.0,0
flow_0012.1,25.0,3.0,0
flow_2012.2,27.0,4.0,0
flow_101.0,46.5,3.5,0
flow_301.0,34.0,3.5,0
flow_1012.0,42.0,4.0,0
flow_3012.0,25.5,3.0,0
flow_101.1,40.5,3.5,0
flow_10.0,35.0,3.0,0
flow_10.1,34.0,3.0,0
flow_301.1,24.5,2.5,0
flow_101.2,34.0,2.5,0
flow_1012.1,33.0,3.0,0
flow_10.2,28.0,3.0,0
flow_101.3,32.5,3.0,0
flow_1012.2,27.5,3.0,0
flow_10.3,21.0,2.0,0
flow_2012.3,68.5,4.5,0
flow_20.1,54.5,3.0,0
flow_001.1,81.0,7.5,0
flow_2012.4,56.0,4.0,0
flow_20.2,49.0,3.0,0
flow_001.2,62.5,4.5,0
flow_2012.5,33.0,4.5,0
flow_00.2,59.0,5.0,0
flow_20.3,21.0,2.0,0
flow_001.3,43.5,2.5,0
flow_001.4,40.0,3.0,0
flow_0012.2,39.0,3.5,0
flow_00.3,36.0,2.5,0
flow_20.4,21.5,2.0,0
flow_001.5,33.0,2.5,0
flow_00.4,21.5,2.0,0
flow_1012.3,60.5,4.5,0
flow_101.4,60.0,3.0,0
flow_10.4,56.5,3.0,0
flow_1012.4,48.5,3.5,0
flow_3012.1,24.5,3.0,0
flow_10.5,36.5,3.5,0
flow_10.6,25.0,2.5,0
flow_30.0,20.5,1.5,0
flow_10.7,21.5,2.0,0
flow_10.8,20.5,2.0,0
flow_301.2,26.5,3.0,0
flow_30.1,21.0,1.5,0
flow_301.3,26.0,3.0,0
flow_0012.3,71.5,4.5,0
flow_2012.6,69.5,4.5,0
flow_20.5,67.5,3.0,0
flow_00.5,69.5,3.0,0
flow_001.6,74.0,4.0,0
flow_201.0,66.5,3.0,0
flow_20.6,62.5,2.5,0
flow_0012.4,63.5,6.0,0
flow_20.7,65.0,5.5,0
flow_001.7,59.0,3.0,0
flow_20.8,64.0,4.0,0
flow_001.8,47.0,3.0,0
flow_20.9,62.0,3.5,0
flow_0012.5,48.5,5.5,0
flow_001.9,39.5,2.5,0
flow_20.10,64.0,6.0,0
flow_2012.7,63.0,5.0,0
flow_20.11,60.0,3.5,0
flow_00.6,21.0,2.0,0
flow_20.12,58.0,3.0,0
flow_20.13,54.0,3.0,0
flow_20.14,33.5,2.5,0
flow_301.4,62.0,3.5,0
flow_3012.2,60.0,4.0,0
flow_1012.5,41.0,6.5,0
flow_301.5,40.0,3.0,0
flow_101.5,38.0,3.5,0
flow_1012.6,36.5,3.5,0
flow_3012.3,35.0,4.0,0
flow_10.9,34.0,3.0,0
flow_1012.7,33.5,3.5,0
flow_1012.8,33.5,4.0,0
flow_201.1,73.0,3.5,0
flow_001.10,76.0,3.5,0
flow_201.2,69.5,3.5,0
flow_20.15,65.5,3.0,0
flow_001.11,76.0,3.5,0
flow_001.12,74.5,3.0,0
flow_00.7,54.5,3.0,0
flow_20.16,65.0,2.5,0
flow_20.17,63.5,3.0,0
flow_2012.8,46.5,3.0,0
flow_0012.6,56.0,6.0,0
flow_00.8,53.5,3.5,0
flow_201.3,45.0,3.0,0
flow_00.9,52.5,3.0,0
flow_2012.9,39.0,5.0,0
flow_00.10,30.5,6.0,0
flow_201.4,25.5,3.0,0
flow_00.11,29.0,4.0,0
flow_0012.7,24.5,2.5,0
flow_0012.8,25.0,3.0,0
flow_00.12,22.5,2.0,0
flow_201.5,29.0,6.0,0
flow_30.2,65.0,4.0,0
flow_3012.4,43.0,3.5,0
flow_3012.5,43.0,4.0,0
flow_301.6,26.0,3.0,0
flow_3012.6,25.5,3.5,0
flow_10.10,25.5,5.5,0
flow_2012.10,71.5,4.5,0
flow_201.6,58.5,3.0,0
flow_001.13,51.0,3.5,0
flow_20.18,57.0,2.5,0
flow_0012.9,53.0,5.5,0
flow_20.19,59.0,5.5,0
flow_0012.10,51.5,7.0,0
flow_20.20,59.5,8.0,0
flow_00.13,41.0,3.5,0
flow_2012.11,59.5,7.0,0
flow_20.21,49.5,3.5,0
flow_001.14,46.0,3.0,0
flow_20.22,33.0,3.5,0
flow_20.23,28.0,2.5,0
flow_20.24,26.5,2.5,0
flow_20.25,22.5,2.0,0
flow_30.3,39.5,4.0,0
flow_10.11,65.5,4.0,0
flow_101.6,64.0,3.0,0
flow_301.7,26.0,2.5,0
flow_101.7,63.0,3.0,0
flow_10.12,50.5,2.5,0
flow_1012.9,63.5,4.0,0
flow_10.13,28.0,2.5,0
flow_30.4,21.0,1.5,0
flow_101.8,27.0,3.0,0
flow_301.8,25.0,2.5,0
flow_10.14,20.5,1.5,0
flow_2012.12,66.5,4.5,0
flow_00.14,74.5,6.5,0
flow_0012.11,74.0,4.0,0
flow_2012.13,68.5,5.5,0
flow_0012.12,73.0,4.0,0
flow_2012.14,68.5,5.0,0
flow_00.15,68.0,3.0,0
flow_20.26,65.5,3.0,0
flow_0012.13,68.0,3.5,0
flow_2012.15,63.5,4.0,0
flow_20.27,46.0,3.0,0
flow_001.15,68.0,3.5,0
flow_00.16,67.5,5.0,0
flow_2012.16,39.5,4.5,0
flow_0012.14,66.5,4.0,0
flow_2012.17,34.0,7.0,0
flow_00.17,55.0,2.5,0
flow_0012.15,66.5,4.0,0
flow_201.7,36.0,4.5,0
flow_001.16,56.5,3.0,0
flow_201.8,34.5,3.0,0
flow_0012.16,30.0,4.5,0
flow_301.9,53.5,3.5,0
flow_101.9,63.0,3.5,0
flow_30.5,25.0,2.5,0
flow_1012.10,63.0,5.5,0
flow_1012.11,62.0,4.0,0
flow_101.10,60.0,2.5,0
flow_10.15,57.0,3.0,0
flow_301.10,32.0,3.0,0
flow_10.16,55.5,2.5,0
flow_3012.7,29.0,5.5,0
flow_3012.8,28.5,4.5,0
flow_101.11,59.5,3.5,0
flow_1012.12,49.5,3.5,0
flow_3012.9,26.0,4.0,0
flow_1012.13,48.5,3.5,0
flow_10.17,45.0,3.0,0
flow_10.18,44.0,3.0,0
flow_1012.14,44.0,4.0,0
flow_20.28,77.5,4.0,0
flow_001.17,66.0,3.5,0
flow_2012.18,74.0,3.5,0
flow_0012.17,60.5,4.0,0
flow_0012.18,60.0,4.0,0
flow_0012.19,58.5,4.0,0
flow_001.18,34.0,2.5,0
flow_00.18,30.0,2.5,0
flow_201.9,81.0,7.0,0
flow_20.29,62.5,3.0,0
flow_0012.20,33.0,5.5,0
flow_00.19,27.0,3.0,0
flow_201.10,60.0,3.0,0
flow_001.19,25.5,2.5,0
flow_201.11,51.0,3.0,0
flow_20.30,47.5,2.5,0
flow_201.12,47.0,2.5,0
flow_0012.21,28.0,5.0,0
flow_001.20,26.5,3.0,0
flow_201.13,49.5,3.5,0
flow_30.6,50.5,4.0,0
flow_101.12,85.0,3.5,0
flow_3012.10,47.5,4.0,0
flow_101.13,83.5,7.0,0
flow_1012.15,81.5,3.5,0
flow_3012.11,49.5,5.5,0
flow_30.7,31.5,3.5,0
flow_3012.12,48.0,4.5,0
flow_10.19,56.5,3.0,0
flow_10.20,52.0,3.0,0
flow_101.14,52.5,3.0,0
flow_1012.16,39.5,3.5,0
flow_301.11,25.5,2.5,0
flow_101.15,25.0,2.5,0
flow_2012.19,95.0,4.5,0
flow_0012.22,73.5,4.5,0
flow_2012.20,94.0,4.0,0
flow_0012.23,72.5,4.0,0
flow_201.14,94.0,3.5,0
flow_001.21,41.5,3.5,0
flow_0012.24,40.5,4.0,0
flow_201.15,95.5,6.5,0
flow_00.20,20.5,1.5,0
flow_20.31,94.0,3.5,0
flow_2012.21,91.0,4.5,0
flow_2012.22,88.5,4.0,0
flow_00.21,25.5,4.5,0
flow_2012.23,88.5,6.5,0
flow_00.22,28.0,5.5,0
flow_2012.24,89.0,7.5,0
flow_00.23,29.0,7.0,0
flow_201.16,88.5,3.5,0
flow_30.8,62.0,4.0,0
flow_101.16,31.5,3.5,0
flow_10.21,20.5,1.5,0
flow_30.9,43.5,3.0,0
flow_301.12,27.0,2.5,0
flow_3012.13,25.0,3.5,0
flow_3012.14,25.0,3.5,0
flow_3012.15,24.5,3.0,0
flow_201.17,134.0,3.5,0
flow_00.24,61.5,4.0,0
flow_201.18,124.5,3.0,0
flow_001.22,49.5,3.0,0
flow_20.32,89.5,3.0,0
flow_20.33,86.5,2.5,0
flow_001.23,49.0,3.5,0
flow_00.25,45.0,2.5,0
flow_20.34,84.5,2.5,0
flow_001.24,38.0,3.0,0
flow_20.35,83.5,2.5,0
flow_0012.25,38.5,6.0,0
flow_001.25,36.5,3.0,0
flow_201.19,87.0,3.0,0
flow_0012.26,30.5,5.0,0
flow_2012.25,88.0,4.0,0
flow_00.26,28.5,4.0,0
flow_201.20,85.0,2.5,0
flow_201.21,83.5,3.0,0
flow_201.22,82.0,3.5,0
flow_201.23,80.0,3.5,0
flow_2012.26,35.5,3.5,0
flow_0012.27,28.0,5.0,0
flow_10.22,27.5,3.5,0
flow_30.10,61.0,4.0,0
flow_30.11,54.0,3.0,0
flow_3012.16,54.0,3.5,0
flow_30.12,52.0,2.5,0
flow_30.13,50.5,2.5,0
flow_101.17,25.5,2.5,0
flow_30.14,49.5,2.5,0
flow_101.18,25.5,2.5,0
flow_30.15,25.5,2.5,0
flow_30.16,22.5,2.0,0
flow_301.13,25.0,2.5,0
flow_301.14,24.5,2.0,0
flow_1012.17,26.5,3.5,0
flow_0012.28,72.0,4.0,0
flow_2012.27,80.5,4.5,0
flow_2012.28,80.5,4.0,0
flow_00.27,54.5,6.5,0
flow_201.24,78.5,3.0,0
flow_001.26,53.5,3.5,0
flow_2012.29,79.5,4.5,0
flow_2012.30,77.0,4.5,0
flow_201.25,74.5,2.5,0
flow_001.27,49.5,4.0,0
flow_201.26,73.5,3.0,0
flow_0012.29,48.0,4.0,0
flow_201.27,75.5,4.0,0
flow_00.28,43.5,3.5,0
flow_001.28,41.0,2.5,0
flow_2012.31,75.5,4.5,0
flow_20.36,69.0,2.5,0
flow_201.28,73.5,3.0,0
flow_001.29,37.5,3.5,0
flow_00.29,26.5,2.5,0
flow_201.29,70.5,3.0,0
flow_2012.32,36.0,3.5,0
flow_1012.18,35.0,4.0,0
flow_301.15,73.5,7.0,0
flow_30.17,65.5,3.0,0
flow_30.18,65.0,3.0,0
flow_301.16,55.5,3.0,0
flow_30.19,48.5,2.5,0
flow_101.19,26.5,3.0,0
flow_101.20,27.0,3.0,0
flow_301.17,50.0,3.0,0
flow_30.20,36.0,2.5,0
flow_3012.17,36.0,3.0,0
flow_1012.19,24.5,3.0,0
flow_30.21,24.5,3.0,0
flow_3012.18,36.5,4.0,0
flow_3012.19,24.0,3.0,0
flow_20.37,79.0,4.0,0
flow_001.30,45.5,3.5,0
flow_20.38,77.5,3.0,0
flow_0012.30,42.5,6.0,0
flow_00.30,29.5,3.5,0
flow_201.30,83.5,3.0,0
flow_2012.33,81.0,3.5,0
flow_2012.34,80.5,4.0,0
flow_2012.35,79.5,4.0,0
flow_2012.36,78.0,4.0,0
flow_201.31,76.0,2.5,0
flow_201.32,75.5,3.5,0
flow_2012.37,72.5,3.0,0
flow_2012.38,71.0,3.0,0
flow_20.39,67.0,2.5,0
flow_2012.39,34.5,3.0,0
flow_001.31,28.0,6.0,0
flow_30.22,71.5,4.0,0
flow_101.21,60.0,3.5,0
flow_301.18,71.5,3.0,0
flow_101.22,48.0,3.0,0
flow_301.19,57.0,3.5,0
flow_101.23,48.5,3.5,0
flow_3012.20,52.5,4.0,0
flow_301.20,50.0,2.5,0
flow_3012.21,48.0,3.0,0
flow_301.21,47.0,2.5,0
flow_10.23,21.0,2.0,0
flow_301.22,34.0,3.0,0
flow_301.23,25.5,2.5,0
flow_101.24,26.0,3.0,0
flow_20.40,75.5,4.0,0
flow_001.32,35.0,3.5,0
flow_00.31,34.0,3.0,0
flow_2012.40,80.0,7.0,0
flow_20.41,76.5,3.5,0
flow_20.42,75.0,3.0,0
flow_20.43,74.0,2.5,0
flow_201.33,74.0,3.0,0
flow_2012.41,71.5,3.5,0
flow_0012.31,25.5,3.5,0
flow_201.34,72.5,3.5,0
flow_0012.32,28.0,4.5,0
flow_201.35,73.5,3.5,0
flow_2012.42,72.0,3.5,0
flow_20.44,69.0,3.0,0
flow_20.45,67.0,2.5,0
flow_30.23,67.5,4.0,0
flow_101.25,71.5,3.5,0
flow_10.24,69.5,3.0,0
flow_301.24,67.0,3.0,0
flow_10.25,61.5,3.0,0
flow_30.24,47.0,3.0,0
flow_10.26,61.5,3.0,0
flow_301.25,27.0,3.0,0
flow_3012.22,24.5,3.0,0
flow_101.26,51.5,6.0,0
flow_101.27,45.0,4.0,0
flow_10.27,41.0,3.0,0
flow_20.46,83.5,4.0,0
flow_0012.33,80.5,7.5,0
flow_0012.34,80.0,4.5,0
flow_00.32,70.5,3.5,0
flow_00.33,65.0,3.0,0
flow_201.36,90.0,3.5,0
flow_20.47,86.5,3.5,0
flow_00.34,64.0,3.0,0
flow_20.48,85.5,3.0,0
flow_00.35,51.5,3.0,0
flow_201.37,84.0,2.5,0
flow_0012.35,50.5,4.5,0
flow_2012.43,83.0,3.5,0
flow_201.38,81.5,3.0,0
flow_001.33,50.5,3.5,0
flow_2012.44,81.0,4.5,0
flow_0012.36,30.0,4.0,0
flow_2012.45,80.0,4.0,0
flow_2012.46,78.5,4.5,0
flow_201.39,76.5,3.0,0
flow_20.49,72.5,2.5,0
flow_001.34,30.5,4.0,0
flow_1012.20,42.0,4.0,0
flow_3012.23,68.5,4.5,0
flow_1012.21,32.5,4.0,0
flow_30.25,69.0,4.5,0
flow_301.26,64.0,3.0,0
flow_30.26,54.5,3.0,0
flow_30.27,51.0,3.0,0
flow_1012.22,27.5,5.0,0
flow_1012.23,27.5,4.0,0
flow_301.27,59.0,4.0,0
flow_301.28,52.5,3.0,0
flow_30.28,49.0,3.0,0
flow_301.29,49.0,2.5,0
flow_3012.24,47.5,3.5,0
flow_301.30,46.5,3.0,0
flow_2012.47,81.5,4.0,0
flow_0012.37,78.5,4.5,0
flow_2012.48,78.0,4.0,0
flow_0012.38,65.5,4.0,0
flow_20.50,75.0,3.0,0
flow_001.35,65.0,3.0,0
flow_2012.49,75.5,3.5,0
flow_201.40,72.5,2.0,0
flow_00.36,65.0,5.5,0
flow_201.41,71.5,2.5,0
flow_00.37,53.5,3.5,0
flow_0012.39,50.5,3.5,0
flow_201.42,74.0,6.0,0
flow_0012.40,53.0,5.5,0
flow_0012.41,44.0,4.5,0
flow_20.51,76.5,6.0,0
flow_001.36,32.5,2.5,0
flow_20.52,75.5,4.0,0
flow_2012.50,73.5,3.5,0
flow_0012.42,33.0,6.0,0
flow_2012.51,72.5,4.0,0
flow_2012.52,71.0,3.5,0
flow_10.28,66.5,4.0,0
flow_2012.0,23.5,3.0,0
flow_20.0,22.0,2.0,0
flow_20.1,21.0,2.0,0
flow_20.2,21.0,1.5,0
flow_30.0,52.5,4.0,0
flow_1012.0,51.0,7.5,0
flow_101.0,49.5,3.5,0
flow_1012.1,49.0,3.5,0
flow_1012.2,25.5,3.5,0
flow_10.0,21.5,2.0,0
flow_201.0,73.0,3.5,0
flow_001.0,66.5,3.5,0
flow_2012.1,72.0,3.5,0
flow_0012.0,60.5,4.0,0
flow_201.1,72.5,3.5,0
flow_001.1,59.5,3.0,0
flow_2012.2,71.0,4.0,0
flow_0012.1,25.0,3.0,0
flow_2012.3,69.5,4.0,0
flow_2012.4,69.0,4.0,0
flow_0012.2,28.0,4.0,0
flow_2012.5,68.0,4.5,0
flow_2012.6,65.5,4.0,0
flow_20.3,62.0,2.5,0
flow_20.4,62.0,2.5,0
flow_2012.7,60.0,3.0,0
flow_20.5,56.5,2.5,0
flow_2012.8,30.0,3.5,0
flow_20.6,26.0,2.0,0
flow_2012.9,25.0,3.0,0
flow_1012.3,60.5,4.5,0
flow_101.1,58.5,3.0,0
flow_10.1,33.0,3.0,0
flow_10.2,23.5,2.0,0
flow_10.3,23.0,2.5,0
flow_301.0,25.5,2.5,0
flow_101.2,26.5,3.0,0
flow_3012.0,25.0,3.5,0
flow_10.4,21.5,2.0,0
flow_00.0,48.5,4.0,0
flow_201.2,72.0,3.5,0
flow_2012.10,71.5,4.0,0
flow_20.7,67.5,3.0,0
flow_2012.11,69.0,3.5,0
flow_2012.12,67.5,4.0,0
flow_201.3,66.0,2.5,0
flow_201.4,64.0,2.5,0
flow_201.5,65.0,3.5,0
flow_2012.13,62.0,3.5,0
flow_20.8,59.5,2.5,0
flow_001.2,26.0,3.0,0
flow_2012.14,61.0,5.5,0
flow_201.6,58.0,3.0,0
flow_2012.15,31.5,3.0,0
flow_201.7,29.5,2.5,0
flow_001.3,25.5,3.0,0
flow_101.3,28.0,3.0,0
flow_301.1,64.5,4.0,0
flow_301.2,61.5,3.0,0
flow_301.3,54.0,3.5,0
flow_301.4,53.0,3.5,0
flow_30.1,49.0,3.0,0
flow_00.1,70.0,4.0,0
flow_201.8,75.0,3.5,0
flow_00.2,69.0,3.0,0
flow_2012.16,78.0,6.0,0
flow_201.9,76.5,3.0,0
flow_001.4,70.0,3.0,0
flow_201.10,75.5,3.5,0
flow_00.3,35.0,3.0,0
flow_201.11,75.5,3.5,0
flow_201.12,74.0,3.5,0
flow_2012.17,71.0,3.5,0
flow_20.9,67.5,2.5,0
flow_20.10,66.5,2.5,0
flow_2012.18,63.0,3.5,0
flow_20.11,47.5,2.0,0
flow_20.12,46.0,2.5,0
flow_00.4,21.5,2.0,0
flow_2012.19,33.5,4.5,0
flow_3012.1,75.5,4.5,0
flow_10.5,67.0,6.5,0
flow_3012.2,44.5,5.5,0
flow_10.6,36.5,8.0,0
flow_10.7,35.0,4.5,0
flow_30.2,20.5,1.5,0
flow_201.13,78.0,3.5,0
flow_001.5,66.0,3.5,0
flow_0012.3,61.5,4.0,0
flow_201.14,81.5,7.0,0
flow_201.15,82.0,3.5,0
flow_2012.20,79.0,3.5,0
flow_20.13,75.5,2.5,0
flow_2012.21,76.0,3.0,0
flow_00.5,25.0,5.0,0
flow_201.16,75.0,3.0,0
flow_2012.22,73.0,3.5,0
flow_201.17,72.0,3.0,0
flow_2012.23,70.0,3.5,0
flow_20.14,67.0,2.5,0
flow_2012.24,66.5,3.5,0
flow_2012.25,34.5,4.0,0
flow_30.3,66.0,4.0,0
flow_1012.4,54.5,7.0,0
flow_3012.3,66.0,4.0,0
flow_1012.5,43.5,4.0,0
flow_30.4,60.0,4.0,0
flow_101.4,31.5,3.0,0
flow_30.5,49.5,3.0,0
flow_101.5,30.5,3.0,0
flow_101.6,29.0,3.0,0
flow_101.7,28.0,3.0,0
flow_3012.4,25.5,3.5,0
flow_3012.5,25.0,3.5,0
flow_30.6,21.0,2.0,0
flow_101.8,25.5,2.5,0
flow_10.8,21.0,1.5,0
flow_0012.4,33.5,4.5,0
flow_20.15,79.0,6.0,0
flow_00.6,21.0,2.0,0
flow_20.16,77.0,3.5,0
flow_2012.26,77.0,3.5,0
flow_201.18,75.5,2.5,0
flow_20.17,72.5,2.5,0
flow_20.18,71.0,2.5,0
flow_2012.27,70.0,3.0,0
flow_20.19,66.0,2.5,0
flow_201.19,67.0,2.5,0
flow_2012.28,66.0,3.5,0
flow_00.7,22.5,2.5,0
flow_20.20,63.0,2.5,0
flow_2012.29,61.0,3.0,0
flow_201.20,29.5,2.5,0
flow_2012.30,29.0,3.5,0
flow_10.9,57.0,4.0,0
flow_301.5,68.0,3.5,0
flow_101.9,27.0,2.5,0
flow_30.7,57.0,3.0,0
flow_301.6,25.0,2.5,0
flow_10.10,20.5,1.5,0
flow_301.7,27.0,3.0,0
flow_30.8,23.0,2.5,0
flow_3012.6,23.5,3.0,0
flow_201.21,75.0,3.5,0
flow_0012.5,55.5,6.5,0
flow_20.21,74.5,3.5,0
flow_20.22,74.0,3.0,0
flow_20.23,56.5,3.0,0
flow_2012.31,51.0,3.0,0
flow_2012.32,51.0,3.5,0
flow_2012.33,47.5,4.0,0
flow_201.22,42.0,2.5,0
flow_20.24,30.0,2.5,0
flow_20.25,28.5,2.5,0
flow_20.26,25.0,2.5,0
flow_201.23,25.0,2.5,0
flow_001.6,25.5,2.5,0
flow_201.24,25.5,3.0,0
flow_1012.6,57.5,4.5,0
flow_30.9,63.0,6.5,0
flow_101.10,34.5,3.0,0
flow_301.8,42.0,3.5,0
flow_0012.6,61.5,4.5,0
flow_2012.34,74.0,4.5,0
flow_20.27,71.0,3.0,0
flow_001.7,61.0,3.0,0
flow_20.28,70.0,3.0,0
flow_00.8,33.5,3.0,0
flow_2012.35,62.5,3.5,0
flow_20.29,39.5,3.0,0
flow_0012.7,26.5,5.0,0
flow_001.8,25.0,2.5,0
flow_201.25,45.5,3.5,0
flow_20.30,42.0,3.0,0
flow_001.9,26.0,2.5,0
flow_2012.36,27.0,3.0,0
flow_201.26,25.5,2.5,0
flow_001.10,25.5,2.5,0
flow_1012.7,26.0,3.5,0
flow_30.10,21.5,2.0,0
flow_2012.37,66.5,4.5,0
flow_001.11,65.5,7.5,0
flow_2012.38,69.0,5.5,0
flow_20.31,65.0,3.5,0
flow_20.32,64.0,3.0,0
flow_201.27,64.5,3.0,0
flow_20.33,60.0,2.5,0
flow_20.34,59.0,2.5,0
flow_201.28,60.0,3.0,0
flow_20.35,54.5,3.0,0
flow_201.29,59.5,3.0,0
flow_2012.39,53.5,3.0,0
flow_20.36,54.0,2.5,0
flow_201.30,32.5,3.0,0
flow_201.31,29.0,3.0,0
flow_301.9,70.5,3.5,0
flow_1012.8,76.5,6.5,0
flow_10.11,72.0,3.5,0
flow_10.12,22.0,2.0,0
flow_20.37,66.5,4.0,0
flow_2012.40,67.0,3.5,0
flow_0012.8,56.0,7.5,0
flow_2012.41,67.5,4.0,0
flow_20.38,63.5,2.5,0
flow_20.39,62.5,2.5,0
flow_001.12,59.0,4.0,0
flow_20.40,60.5,2.5,0
flow_2012.42,60.5,3.5,0
flow_0012.9,58.0,6.5,0
flow_20.41,59.0,3.0,0
flow_001.13,35.0,3.0,0
flow_2012.43,59.0,4.0,0
flow_001.14,32.0,6.5,0
flow_2012.44,60.5,5.0,0
flow_2012.45,60.0,4.5,0
flow_201.32,56.5,3.0,0
flow_2012.46,33.0,3.5,0
flow_3012.7,74.0,4.5,0
flow_10.13,67.0,6.5,0
flow_30.11,59.5,3.0,0
flow_1012.9,67.5,5.5,0
flow_1012.10,66.5,4.0,0
flow_101.11,25.5,2.5,0
flow_1012.11,25.5,3.0,0
flow_10.14,21.5,2.0,0
flow_001.15,72.0,3.5,0
flow_201.33,81.0,4.0,0
flow_2012.47,77.5,4.0,0
flow_2012.48,74.5,4.0,0
flow_00.9,21.0,2.0,0
flow_201.34,74.0,3.0,0
flow_2012.49,73.0,4.0,0
flow_20.42,69.0,2.5,0
flow_201.35,65.0,2.5,0
flow_201.36,64.5,3.0,0
flow_2012.50,62.0,3.0,0
flow_20.43,55.0,2.5,0
flow_201.37,53.5,2.5,0
flow_201.38,53.0,3.0,0
flow_2012.51,30.5,3.0,0
flow_201.39,28.0,2.5,0
flow_301.10,29.5,3.5,0
flow_1012.12,63.5,6.5,0
flow_101.12,61.0,3.0,0
flow_301.11,31.0,3.5,0
flow_101.13,58.0,3.0,0
flow_10.15,53.0,2.5,0
flow_301.12,25.5,3.0,0
flow_3012.8,24.5,3.0,0
flow_10.16,22.5,2.5,0
flow_30.12,20.5,1.5,0
flow_201.40,75.5,3.5,0
flow_001.16,64.5,3.5,0
flow_0012.10,59.0,4.0,0
flow_20.44,77.0,6.0,0
flow_001.17,58.0,3.0,0
flow_20.45,75.5,4.0,0
flow_20.46,74.0,3.5,0
flow_0012.11,56.5,5.0,0
flow_0012.12,56.0,4.0,0
flow_0012.13,47.5,4.5,0
flow_0012.14,37.0,4.0,0
flow_201.41,86.0,7.0,0
flow_201.42,85.0,3.0,0
flow_2012.52,83.0,3.5,0
flow_001.18,24.5,2.0,0
flow_201.43,83.0,3.0,0
flow_2012.53,81.5,4.0,0
flow_101.14,67.0,3.5,0
flow_30.13,43.0,4.0,0
flow_30.14,21.5,2.0,0
flow_3012.9,26.0,3.5,0
flow_1012.13,26.5,3.5,0
flow_1012.14,26.0,3.5,0
flow_101.15,26.0,2.5,0
flow_00.10,60.0,4.0,0
flow_201.44,127.0,3.5,0
flow_20.47,124.0,3.0,0
flow_00.11,50.5,3.0,0
flow_2012.54,124.0,3.5,0
flow_0012.15,28.5,3.5,0
flow_201.45,95.5,3.5,0
flow_201.46,93.0,3.5,0
flow_20.48,88.5,2.5,0
flow_2012.55,86.0,3.0,0
flow_2012.56,79.0,3.0,0
flow_2012.57,77.0,3.5,0
flow_20.49,71.0,2.5,0
flow_201.47,76.5,3.0,0
flow_00.12,22.0,2.0,0
flow_201.48,70.5,2.5,0
flow_20.50,28.5,2.5,0
flow_20.51,26.0,2.5,0
flow_20.52,24.0,2.0,0
flow_10.17,31.0,3.5,0
flow_301.13,69.0,3.5,0
flow_3012.10,26.0,3.5,0
flow_1012.15,24.5,3.0,0
flow_3012.11,27.5,4.0,0
flow_3012.12,24.5,3.0,0
flow_3012.13,24.5,3.0,0
flow_3012.14,28.0,4.0,0
flow_201.49,71.0,3.5,0
flow_0012.16,51.0,6.5,0
flow_0012.17,28.5,4.0,0
flow_20.53,73.5,4.5,0
flow_201.50,72.0,3.0,0
flow_20.54,71.0,3.0,0
flow_201.51,69.0,2.5,0
flow_20.55,67.5,2.5,0
flow_201.52,66.5,2.5,0
flow_20.56,63.0,2.5,0
flow_201.53,64.5,2.5,0
flow_201.54,63.0,3.0,0
flow_2012.58,60.5,3.0,0
flow_2012.59,61.5,4.0,0
flow_0012.18,26.0,3.5,0
flow_30.15,68.5,4.0,0
flow_10.18,33.0,4.0,0
