time,id,x,y,speed,headway,leader_id,target_accel_with_noise_with_failsafe,target_accel_no_noise_no_failsafe,target_accel_with_noise_no_failsafe,target_accel_no_noise_with_failsafe,realized_accel,road_grade,edge_id,lane_number,distance,relative_position,follower_id,leader_rel_speed,waiting_time
0.5,flow_00.0,-1.6,44.9,0.0,1000.0,,,,,,0,0,E#T-X,0,0.0,5.1,,-1001.0,0.0
1.0,flow_00.0,-1.6,44.65,0.5,1000.0,,1.0,1.0,1.0,1.0,1.0,0,E#T-X,0,0.25,5.35,,-1001.5,0.0
1.5,flow_00.0,-1.6,44.150000019290125,0.9999999614197531,1000.0,,0.9999999228395062,0.9999999228395062,0.9999999228395062,0.9999999228395062,0.9999999228395062,0,E#T-X,0,0.7499999807098767,5.849999980709876,,-1001.9999999614198,0.0
2.0,flow_00.0,-1.6,43.400000347222175,1.4999993441358979,1000.0,,0.9999987654322893,0.9999987654322893,0.9999987654322893,0.9999987654322893,0.9999987654322895,0,E#T-X,0,1.4999996527778254,6.599999652777825,,-1002.4999993441359,0.0
2.5,flow_00.0,-1.6,42.40000223765149,1.9999962191413634,1000.0,,0.999993750010931,0.999993750010931,0.999993750010931,0.999993750010931,0.999993750010931,0,E#T-X,0,2.4999977623485075,7.599997762348507,,-1002.9999962191414,0.0
3.0,flow_00.0,-1.6,41.15000906631508,2.499986342672837,1000.0,,0.9999802470629471,0.9999802470629471,0.9999802470629471,0.9999802470629471,0.9999802470629473,0,E#T-X,0,3.7499909336849253,8.849990933684925,,-1003.4999863426729,0.0
3.5,flow_00.0,-1.6,39.65002795104237,2.9999622305454148,1000.0,,0.9999517757451555,0.9999517757451555,0.9999517757451555,0.9999517757451555,0.9999517757451555,0,E#T-X,0,5.249972048957632,10.349972048957632,,-1003.9999622305454,0.0
4.0,flow_00.0,-1.6,37.900071834510705,3.499912233063331,1000.0,,0.9999000050358322,0.9999000050358322,0.9999000050358322,0.9999000050358322,0.9999000050358324,0,E#T-X,0,6.9999281654892975,12.099928165489297,flow_001.0,-1004.4999122330634,0.0
4.5,flow_00.0,-1.6,35.900162028919944,3.9998196111815183,1000.0,,0.9998147562363746,0.9998147562363746,0.9998147562363746,0.9998147562363746,0.9998147562363746,0,E#T-X,0,8.999837971080057,14.099837971080056,flow_001.0,-1004.9998196111815,0.0
5.0,flow_00.0,-1.6,33.65033122142289,4.499661614994119,1000.0,,0.9996840076252022,0.9996840076252022,0.9996840076252022,0.9996840076252022,0.999684007625202,0,E#T-X,0,11.249668778577115,16.349668778577115,flow_001.0,-1005.4996616149941,0.0
5.5,flow_00.0,-1.6,31.150626938361807,4.999408566122158,1000.0,,0.9994939022560778,0.9994939022560778,0.9994939022560778,0.9994939022560778,0.9994939022560771,0,E#T-X,0,13.749373061638194,18.849373061638193,flow_001.0,-1005.9994085661222,0.0
6.0,flow_00.0,-1.6,28.401115465280828,5.499022946161957,1000.0,,0.9992287600795975,0.9992287600795975,0.9992287600795975,0.9992287600795975,0.9992287600795979,0,E#T-X,0,16.498884534719174,21.598884534719172,flow_001.0,-1006.499022946162,0.0
6.5,flow_00.0,-1.6,25.40188621826279,5.9984584940360826,1000.0,,0.9988710957482514,0.9988710957482514,0.9988710957482514,0.9988710957482514,0.9988710957482514,0,E#T-X,0,19.49811378173721,24.59811378173721,flow_001.0,-1006.9984584940361,0.0
7.0,flow_00.0,-1.6,22.236893907225515,6.329984622074545,1000.0,,0.9984016436394725,0.9984016436394725,0.9984016436394725,0.9984016436394725,0.6630522560769254,0,E#T-X,0,22.663106092774484,27.763106092774485,flow_001.0,-1007.3299846220746,0.0
7.5,flow_00.0,-1.6,19.321002261753883,5.831783290943267,1000.0,,0.9980178998201525,0.9980178998201525,0.9980178998201525,0.9980178998201525,-0.9964026622625557,0,E#T-X,0,25.578997738246116,30.678997738246117,flow_001.0,-1006.8317832909432,0.0
8.0,flow_00.0,-1.6,17.004878760051923,4.632247003403915,1000.0,,0.9985720253753197,0.9985720253753197,0.9985720253753197,0.9985720253753197,-2.399072575078705,0,E#T-X,0,27.895121239948075,32.99512123994808,flow_001.0,-1005.6322470034039,0.0
8.5,flow_00.0,-1.6,15.336715052644124,3.3363274148156044,1000.0,,0.9994315636825025,0.9994315636825025,0.9994315636825025,0.9994315636825025,-2.591839177176621,0,E#T-X,0,29.563284947355875,34.663284947355876,flow_001.0,-1004.3363274148156,0.0
9.0,flow_00.0,-1.6,14.198371839969731,2.276686425348788,1000.0,,0.999847035857107,0.999847035857107,0.999847035857107,0.999847035857107,-2.119281978933633,0,E#T-X,0,30.701628160030268,35.80162816003027,flow_001.0,-1003.2766864253488,0.0
9.5,flow_00.0,-1.6,13.45693359459002,1.4828764907594174,1000.0,,0.9999668313455811,0.9999668313455811,0.9999668313455811,0.9999668313455811,-1.587619869178741,0,E#T-X,0,31.44306640540998,36.54306640540998,flow_001.0,-1002.4828764907594,0.0
10.0,flow_00.0,-1.6,13.00886721523112,0.8961327587177949,1000.0,,0.9999940305419966,0.9999940305419966,0.9999940305419966,0.9999940305419966,-1.1734874640832451,0,E#T-X,0,31.891132784768878,36.99113278476888,flow_001.0,-1001.8961327587178,0.0
10.5,flow_00.0,-1.6,12.851651896032372,0.3144306383974972,1000.0,,0.9999992038325921,0.9999992038325921,0.9999992038325921,0.9999992038325921,-1.1634042406405953,0,E#T-X,0,32.048348103967626,37.14834810396763,flow_001.0,-1001.3144306383975,0.0
11.0,flow_00.0,-1.6,12.851651896032372,0.0,1000.0,,0.9999999879325805,0.9999999879325805,0.9999999879325805,0.9999999879325805,-0.6288612767949944,0,E#T-X,0,32.048348103967626,37.14834810396763,flow_001.0,-1001.0,0.5
11.5,flow_00.0,-1.6,12.601651896032372,0.5,1000.0,,1.0,1.0,1.0,1.0,1.0,0,E#T-X,0,32.298348103967626,37.39834810396763,flow_001.0,-1001.5,0.0
12.0,flow_00.0,-1.6,12.601651896032372,0.0,1000.0,,0.9999999228395062,0.9999999228395062,0.9999999228395062,0.9999999228395062,-1.0,0,E#T-X,0,32.298348103967626,37.39834810396763,flow_001.0,-1001.0,0.5
12.5,flow_00.0,-1.6,12.351651896032372,0.5,1000.0,,1.0,1.0,1.0,1.0,1.0,0,E#T-X,0,32.548348103967626,37.64834810396763,flow_001.0,-1001.5,0.0
13.0,flow_00.0,-1.6,12.100000000000001,0.5033037920647445,1000.0,,0.9999999228395062,0.9999999228395062,0.9999999228395062,0.9999999228395062,0.00660758412948903,0,E#T-X,0,32.8,37.9,flow_001.0,-1001.5033037920648,0.0
13.5,flow_00.0,-1.6,12.100000000000001,0.0,1000.0,,0.9999999207798261,0.9999999207798261,0.9999999207798261,0.9999999207798261,-1.006607584129489,0,E#T-X,0,32.8,37.9,flow_001.0,-1001.0,0.5
14.0,flow_00.0,-1.6,12.100000000000001,0.0,1000.0,,1.0,1.0,1.0,1.0,0.0,0,E#T-X,0,32.8,37.9,flow_001.0,-1001.0,1.0
14.5,flow_00.0,-1.6,12.100000000000001,0.0,1000.0,,1.0,1.0,1.0,1.0,0.0,0,E#T-X,0,32.8,37.9,flow_001.0,-1001.0,1.5
15.0,flow_00.0,-1.6,12.100000000000001,0.0,1000.0,,1.0,1.0,1.0,1.0,0.0,0,E#T-X,0,32.8,37.9,flow_001.0,-1001.0,2.0
15.5,flow_00.0,-1.6,12.100000000000001,0.0,1000.0,,1.0,1.0,1.0,1.0,0.0,0,E#T-X,0,32.8,37.9,flow_001.0,-1001.0,2.5
16.0,flow_00.0,-1.6,12.100000000000001,0.0,1000.0,,1.0,1.0,1.0,1.0,0.0,0,E#T-X,0,32.8,37.9,flow_001.0,-1001.0,3.0
16.5,flow_00.0,-1.6,12.100000000000001,0.0,1000.0,,1.0,1.0,1.0,1.0,0.0,0,E#T-X,0,32.8,37.9,flow_001.0,-1001.0,3.5
17.0,flow_00.0,-1.6,12.100000000000001,0.0,1000.0,,1.0,1.0,1.0,1.0,0.0,0,E#T-X,0,32.8,37.9,flow_001.0,-1001.0,4.0
17.5,flow_00.0,-1.6,12.100000000000001,0.0,1000.0,,1.0,1.0,1.0,1.0,0.0,0,E#T-X,0,32.8,37.9,flow_001.0,-1001.0,4.5
18.0,flow_00.0,-1.6,12.100000000000001,0.0,3.1205963515529294,flow_301.0,1.0,1.0,1.0,1.0,0.0,0,E#T-X,0,32.8,37.9,flow_001.0,3.8416575624181504,5.0
18.5,flow_00.0,-1.6,12.100000000000001,0.0,5.618080038827378,flow_301.0,0.5892431652953848,0.5892431652953848,0.5892431652953848,0.5892431652953848,0.0,0,E#T-X,0,32.8,37.9,flow_001.0,4.994967374548894,5.5
19.0,flow_00.0,-1.6,12.100000000000001,0.0,8.57994937650529,flow_301.0,0.8732686249545072,0.8732686249545072,0.8732686249545072,0.8732686249545072,0.0,0,E#T-X,0,32.8,37.9,flow_001.0,5.923738675355826,6.0
19.5,flow_00.0,-1.6,12.100000000000001,0.0,11.855084738483493,flow_301.0,0.9456636401425305,0.9456636401425305,0.9456636401425305,0.9456636401425305,0.0,0,E#T-X,0,32.8,37.9,flow_001.0,6.550270723956405,6.5
20.0,flow_00.0,-1.6,12.100000000000001,0.0,15.305504996505766,flow_301.0,0.9715389665236464,0.9715389665236464,0.9715389665236464,0.9715389665236464,0.0,0,E#T-X,0,32.8,37.9,flow_001.0,6.900840516044547,7.0
20.5,flow_00.0,-1.6,12.100000000000001,0.0,18.839976775204384,flow_301.0,0.9829248446186769,0.9829248446186769,0.9829248446186769,0.9829248446186769,0.0,0,E#T-X,0,32.8,37.9,flow_001.0,7.070165138400601,7.5
21.0,flow_00.0,-1.6,12.100000000000001,0.0,22.412464075071043,flow_301.0,0.9887306396756934,0.9887306396756934,0.9887306396756934,0.9887306396756934,0.0,0,E#T-X,0,32.8,37.9,flow_001.0,7.144974599733326,8.0
21.5,flow_00.0,-1.6,12.100000000000001,0.0,26.234147001451973,flow_301.0,0.9920369255076915,0.9920369255076915,0.9920369255076915,0.9920369255076915,0.0,0,E#T-X,0,32.8,37.9,flow_001.0,7.643365852761852,8.5
22.0,flow_00.0,-1.6,12.100000000000001,0.0,30.30477652718572,flow_301.0,0.9941879934400037,0.9941879934400037,0.9941879934400037,0.9941879934400037,0.0,0,E#T-X,0,32.8,37.9,flow_001.0,8.141259051467495,9.0
22.5,flow_00.0,-1.6,12.100000000000001,0.0,34.62405017282197,flow_301.0,0.9956445019890684,0.9956445019890684,0.9956445019890684,0.9956445019890684,0.0,0,E#T-X,0,32.8,37.9,flow_001.0,8.63854729127249,9.5
23.0,flow_00.0,-1.6,12.100000000000001,0.0,39.19160504811984,flow_301.0,0.9966633991623004,0.9966633991623004,0.9966633991623004,0.9966633991623004,0.0,0,E#T-X,0,32.8,37.9,flow_001.0,9.135109750595758,10.0
23.5,flow_00.0,-1.6,12.100000000000001,0.0,44.007010558938404,flow_301.0,0.9973958026564445,0.9973958026564445,0.9973958026564445,0.9973958026564445,0.0,0,E#T-X,0,32.8,37.9,flow_001.0,9.63081102163712,10.5
24.0,flow_00.0,-1.6,12.100000000000001,0.0,49.06976081354101,flow_301.0,0.9979345425322874,0.9979345425322874,0.9979345425322874,0.9979345425322874,0.0,0,E#T-X,0,32.8,37.9,flow_001.0,10.125500509205205,11.0
24.5,flow_00.0,-1.6,12.100000000000001,0.0,54.37926676827361,flow_301.0,0.9983387610345463,0.9983387610345463,0.9983387610345463,0.9983387610345463,0.0,0,E#T-X,0,32.8,37.9,flow_001.0,10.619011909465206,11.5
25.0,flow_00.0,-1.6,12.100000000000001,0.0,1000.0,,0.9986473255201691,0.9986473255201691,0.9986473255201691,0.9986473255201691,0.0,0,E#T-X,0,32.8,37.9,flow_001.0,-1001.0,12.0
25.5,flow_00.0,-1.6,11.850000000000001,0.5,1000.0,,1.0,1.0,1.0,1.0,1.0,0,:X_1,0,33.05,0.14999999999999858,flow_001.0,-1001.5,0.0
26.0,flow_00.0,-1.6,10.950017785112163,1.7999644297756765,1000.0,,,,,,2.599928859551353,0,:X_1,0,33.94998221488783,1.0499822148878368,flow_001.0,-1002.7999644297756,0.0
26.5,flow_00.0,-1.6,9.40049222585921,3.0990511185059058,1000.0,,,,,,2.5981733774604585,0,:X_1,0,35.49950777414079,2.5995077741407897,flow_001.0,-1004.0990511185059,0.0
27.0,flow_00.0,-1.6,7.203808078765366,4.393368294187687,1000.0,,,,,,2.588634351363563,0,:X_1,0,37.69619192123463,4.796191921234634,flow_1012.0,-1005.3933682941877,0.0
27.5,flow_00.0,-1.6,4.367096731550243,5.673422694430247,1000.0,,,,,,2.5601088004851196,0,:X_1,0,40.53290326844976,7.632903268449757,flow_1012.0,-1006.6734226944302,0.0
28.0,flow_00.0,-1.6,0.9060535706920909,6.922086321716305,1000.0,,,,,,2.4973272545721166,0,:X_1,0,43.99394642930791,11.093946429307909,flow_1012.0,-1007.9220863217163,0.0
28.5,flow_00.0,-1.6,-3.1509346520089743,8.113976445402129,1000.0,,,,,,2.3837802473716465,0,:X_1,0,48.050934652008976,15.150934652008974,flow_1012.0,-1009.1139764454022,0.0
29.0,flow_00.0,-1.6,-7.759665628136133,9.217461952254322,1000.0,,,,,,2.2069710137043863,0,:X_1,0,52.65966562813613,19.759665628136133,flow_1012.0,-1010.2174619522543,0.0
29.5,flow_00.0,-1.6,-12.85968361337985,10.200035970487436,1000.0,,,,,,1.9651480364662284,0,E#X-D,0,57.75968361337985,0.8596836133798504,flow_1012.0,-1011.2000359704874,0.0
30.0,flow_00.0,-1.6,-18.206360711497183,10.693354196234669,1000.0,,0.9866364514944644,0.9866364514944644,0.9866364514944644,0.9866364514944644,0.9866364514944657,0,E#X-D,0,63.10636071149718,6.206360711497185,flow_1012.0,-1011.6933541962346,0.0
30.5,flow_00.0,-1.6,-23.799002184662115,11.185282946329862,1000.0,,0.983857500190384,0.983857500190384,0.983857500190384,0.983857500190384,0.9838575001903855,0,E#X-D,0,68.6990021846621,11.799002184662115,flow_1012.0,-1012.1852829463298,0.0
31.0,flow_00.0,-1.6,-29.63681259274381,11.675620816163391,1000.0,,0.9806757396670597,0.9806757396670597,0.9806757396670597,0.9806757396670597,0.9806757396670598,0,E#X-D,0,74.53681259274381,17.63681259274381,flow_1012.0,-1012.6756208161634,0.0
31.5,flow_00.0,-1.6,-35.71888745282853,12.164149720169448,1000.0,,0.9770578080121144,0.9770578080121144,0.9770578080121144,0.9770578080121144,0.9770578080121126,0,E#X-D,0,80.61888745282853,23.718887452828533,flow_1012.0,-1013.1641497201695,0.0
32.0,flow_00.0,-1.6,-42.005069840796104,12.572364775935146,1000.0,,0.9729702512463847,0.9729702512463847,0.9729702512463847,0.9729702512463847,0.8164301115313961,0,E#X-D,0,86.9050698407961,30.005069840796104,flow_1012.0,-1013.5723647759352,0.0
32.5,flow_00.0,-1.6,-48.437985231953505,12.865830782314806,1000.0,,0.9691551349920968,0.9691551349920968,0.9691551349920968,0.9691551349920968,0.5869320127593198,0,E#X-D,0,93.3379852319535,36.437985231953505,flow_1012.0,-1013.8658307823148,0.0
0.5,flow_10.0,44.9,1.6,0.0,1000.0,,,,,,0,0,E#R-X,0,0.0,5.1,,-1001.0,0.0
1.0,flow_10.0,44.65,1.6,0.5,1000.0,,1.0,1.0,1.0,1.0,1.0,0,E#R-X,0,0.25,5.35,,-1001.5,0.0
1.5,flow_10.0,44.150000019290125,1.6,0.9999999614197531,1000.0,,0.9999999228395062,0.9999999228395062,0.9999999228395062,0.9999999228395062,0.9999999228395062,0,E#R-X,0,0.7499999807098767,5.849999980709876,,-1001.9999999614198,0.0
2.0,flow_10.0,43.400000347222175,1.6,1.4999993441358979,1000.0,,0.9999987654322893,0.9999987654322893,0.9999987654322893,0.9999987654322893,0.9999987654322895,0,E#R-X,0,1.4999996527778254,6.599999652777825,,-1002.4999993441359,0.0
2.5,flow_10.0,42.40000223765149,1.6,1.9999962191413634,1000.0,,0.999993750010931,0.999993750010931,0.999993750010931,0.999993750010931,0.999993750010931,0,E#R-X,0,2.4999977623485075,7.599997762348507,,-1002.9999962191414,0.0
3.0,flow_10.0,41.15000906631508,1.6,2.499986342672837,1000.0,,0.9999802470629471,0.9999802470629471,0.9999802470629471,0.9999802470629471,0.9999802470629473,0,E#R-X,0,3.7499909336849253,8.849990933684925,,-1003.4999863426729,0.0
3.5,flow_10.0,39.65002795104237,1.6,2.9999622305454148,1000.0,,0.9999517757451555,0.9999517757451555,0.9999517757451555,0.9999517757451555,0.9999517757451555,0,E#R-X,0,5.249972048957632,10.349972048957632,,-1003.9999622305454,0.0
4.0,flow_10.0,37.900071834510705,1.6,3.499912233063331,1000.0,,0.9999000050358322,0.9999000050358322,0.9999000050358322,0.9999000050358322,0.9999000050358324,0,E#R-X,0,6.9999281654892975,12.099928165489297,flow_101.0,-1004.4999122330634,0.0
4.5,flow_10.0,35.900162028919944,1.6,3.9998196111815183,1000.0,,0.9998147562363746,0.9998147562363746,0.9998147562363746,0.9998147562363746,0.9998147562363746,0,E#R-X,0,8.999837971080057,14.099837971080056,flow_101.0,-1004.9998196111815,0.0
5.0,flow_10.0,33.65033122142289,1.6,4.499661614994119,1000.0,,0.9996840076252022,0.9996840076252022,0.9996840076252022,0.9996840076252022,0.999684007625202,0,E#R-X,0,11.249668778577115,16.349668778577115,flow_101.0,-1005.4996616149941,0.0
5.5,flow_10.0,31.150626938361807,1.6,4.999408566122158,1000.0,,0.9994939022560778,0.9994939022560778,0.9994939022560778,0.9994939022560778,0.9994939022560771,0,E#R-X,0,13.749373061638194,18.849373061638193,flow_101.0,-1005.9994085661222,0.0
6.0,flow_10.0,28.401115465280828,1.6,5.499022946161957,1000.0,,0.9992287600795975,0.9992287600795975,0.9992287600795975,0.9992287600795975,0.9992287600795979,0,E#R-X,0,16.498884534719174,21.598884534719172,flow_101.0,-1006.499022946162,0.0
6.5,flow_10.0,25.40188621826279,1.6,5.9984584940360826,1000.0,,0.9988710957482514,0.9988710957482514,0.9988710957482514,0.9988710957482514,0.9988710957482514,0,E#R-X,0,19.49811378173721,24.59811378173721,flow_101.0,-1006.9984584940361,0.0
7.0,flow_10.0,22.23445389393834,1.6,6.334864648648894,1000.0,,0.9984016436394725,0.9984016436394725,0.9984016436394725,0.9984016436394725,0.6728123092256233,0,E#R-X,0,22.66554610606166,27.76554610606166,flow_101.0,-1007.3348646486489,0.0
7.5,flow_10.0,19.316073058811785,1.6,5.83676167025311,1000.0,,0.9980117804416955,0.9980117804416955,0.9980117804416955,0.9980117804416955,-0.9962059567915684,0,E#R-X,0,25.583926941188217,30.683926941188215,flow_101.0,-1006.836761670253,0.0
8.0,flow_10.0,17.000056761823537,1.6,4.632032593976497,1000.0,,0.99856714308996,0.99856714308996,0.99856714308996,0.99856714308996,-2.409458152553226,0,E#R-X,0,27.899943238176462,32.99994323817646,flow_101.0,-1005.6320325939765,0.0
8.5,flow_10.0,15.333174727086664,1.6,3.3337640694737463,1000.0,,0.9994316689183793,0.9994316689183793,0.9994316689183793,0.9994316689183793,-2.5965370490055015,0,E#R-X,0,29.566825272913334,34.666825272913336,flow_101.0,-1004.3337640694738,0.0
9.0,flow_10.0,14.196002646533593,1.6,2.2743441611061495,1000.0,,0.9998475054132655,0.9998475054132655,0.9998475054132655,0.9998475054132655,-2.1188398167351936,0,E#R-X,0,30.703997353466406,35.80399735346641,flow_101.0,-1003.2743441611061,0.0
9.5,flow_10.0,13.4554386964546,1.6,1.48112790015799,1000.0,,0.9999669676312694,0.9999669676312694,0.9999669676312694,0.9999669676312694,-1.586432521896319,0,E#R-X,0,31.4445613035454,36.5445613035454,flow_101.0,-1002.481127900158,0.0
10.0,flow_10.0,13.008056971984907,1.6,0.8947634489393794,1000.0,,0.9999940586486932,0.9999940586486932,0.9999940586486932,0.9999940586486932,-1.1727289024372212,0,E#R-X,0,31.891943028015092,36.99194302801509,flow_101.0,-1001.8947634489393,0.0
10.5,flow_10.0,12.851807593312273,1.6,0.3124987573452691,1000.0,,0.9999992086876923,0.9999992086876923,0.9999992086876923,0.9999992086876923,-1.1645293831882206,0,E#R-X,0,32.048192406687726,37.14819240668773,flow_101.0,-1001.3124987573452,0.0
11.0,flow_10.0,12.851807593312273,1.6,0.0,1000.0,,0.9999999882264303,0.9999999882264303,0.9999999882264303,0.9999999882264303,-0.6249975146905382,0,E#R-X,0,32.048192406687726,37.14819240668773,flow_101.0,-1001.0,0.5
11.5,flow_10.0,12.601807593312273,1.6,0.5,1000.0,,1.0,1.0,1.0,1.0,1.0,0,E#R-X,0,32.298192406687726,37.39819240668773,flow_101.0,-1001.5,0.0
12.0,flow_10.0,12.601807593312273,1.6,0.0,1000.0,,0.9999999228395062,0.9999999228395062,0.9999999228395062,0.9999999228395062,-1.0,0,E#R-X,0,32.298192406687726,37.39819240668773,flow_101.0,-1001.0,0.5
12.5,flow_10.0,12.351807593312273,1.6,0.5,1000.0,,1.0,1.0,1.0,1.0,1.0,0,E#R-X,0,32.548192406687726,37.64819240668773,flow_101.0,-1001.5,0.0
13.0,flow_10.0,12.100000000000001,1.6,0.5036151866245462,1000.0,,0.9999999228395062,0.9999999228395062,0.9999999228395062,0.9999999228395062,0.00723037324909237,0,E#R-X,0,32.8,37.9,flow_101.0,-1001.5036151866245,0.0
13.5,flow_10.0,12.100000000000001,1.6,0.0,1000.0,,0.9999999205835897,0.9999999205835897,0.9999999205835897,0.9999999205835897,-1.0072303732490924,0,E#R-X,0,32.8,37.9,flow_101.0,-1001.0,0.5
14.0,flow_10.0,12.100000000000001,1.6,0.0,1000.0,,1.0,1.0,1.0,1.0,0.0,0,E#R-X,0,32.8,37.9,flow_101.0,-1001.0,1.0
14.5,flow_10.0,12.100000000000001,1.6,0.0,1000.0,,1.0,1.0,1.0,1.0,0.0,0,E#R-X,0,32.8,37.9,flow_101.0,-1001.0,1.5
15.0,flow_10.0,12.100000000000001,1.6,0.0,1000.0,,1.0,1.0,1.0,1.0,0.0,0,E#R-X,0,32.8,37.9,flow_101.0,-1001.0,2.0
15.5,flow_10.0,12.100000000000001,1.6,0.0,1000.0,,1.0,1.0,1.0,1.0,0.0,0,E#R-X,0,32.8,37.9,flow_101.0,-1001.0,2.5
16.0,flow_10.0,12.100000000000001,1.6,0.0,1000.0,,1.0,1.0,1.0,1.0,0.0,0,E#R-X,0,32.8,37.9,flow_101.0,-1001.0,3.0
16.5,flow_10.0,12.100000000000001,1.6,0.0,1000.0,,1.0,1.0,1.0,1.0,0.0,0,E#R-X,0,32.8,37.9,flow_101.0,-1001.0,3.5
17.0,flow_10.0,12.100000000000001,1.6,0.0,1000.0,,1.0,1.0,1.0,1.0,0.0,0,E#R-X,0,32.8,37.9,flow_101.0,-1001.0,4.0
17.5,flow_10.0,12.100000000000001,1.6,0.0,1000.0,,1.0,1.0,1.0,1.0,0.0,0,E#R-X,0,32.8,37.9,flow_101.0,-1001.0,4.5
18.0,flow_10.0,12.100000000000001,1.6,0.0,1000.0,,1.0,1.0,1.0,1.0,0.0,0,E#R-X,0,32.8,37.9,flow_101.0,-1001.0,5.0
18.5,flow_10.0,12.100000000000001,1.6,0.0,1000.0,,1.0,1.0,1.0,1.0,0.0,0,E#R-X,0,32.8,37.9,flow_101.0,-1001.0,5.5
19.0,flow_10.0,12.100000000000001,1.6,0.0,1000.0,,1.0,1.0,1.0,1.0,0.0,0,E#R-X,0,32.8,37.9,flow_101.0,-1001.0,6.0
19.5,flow_10.0,12.100000000000001,1.6,0.0,1000.0,,1.0,1.0,1.0,1.0,0.0,0,E#R-X,0,32.8,37.9,flow_101.0,-1001.0,6.5
20.0,flow_10.0,11.850000000000001,1.6,0.5,1000.0,,1.0,1.0,1.0,1.0,1.0,0,:X_4,0,33.05,0.14999999999999858,flow_101.0,-1001.5,0.0
20.5,flow_10.0,10.950015962934053,1.6,1.7999680741318982,1000.0,,,,,,2.5999361482637964,0,:X_4,0,33.949984037065946,1.0499840370659477,flow_101.0,-1002.7999680741319,0.0
21.0,flow_10.0,9.400441808142997,1.6,3.09914830958211,1000.0,,,,,,2.598360470900424,0,:X_4,0,35.499558191857,2.5995581918570028,flow_101.0,-1004.0991483095821,0.0
21.5,flow_10.0,7.203418572915876,1.6,4.394046470454244,1000.0,,,,,,2.5897963217442674,0,:X_4,0,37.696581427084126,4.796581427084124,flow_101.0,-1005.3940464704542,0.0
22.0,flow_10.0,4.365354807512002,1.6,5.676127530807749,1000.0,,,,,,2.56416212070701,0,:X_4,0,40.534645192488,7.634645192487999,,-1006.6761275308078,0.0
22.5,flow_10.0,0.9003888130861171,1.6,6.9299319888517665,1000.0,,,,,,2.507608916088035,0,:X_4,0,43.99961118691388,11.099611186913883,,-1007.9299319888518,0.0
23.0,flow_10.0,-3.16578354765074,1.6,8.132344721473716,1000.0,,,,,,2.404825465243899,0,:X_4,0,48.06578354765074,15.16578354765074,,-1009.1323447214737,0.0
23.5,flow_10.0,-7.7928076695906405,1.6,9.2540482438798,1000.0,,,,,,2.2434070448121695,0,:X_4,0,52.692807669590636,19.79280766959064,,-1010.2540482438798,0.0
24.0,flow_10.0,-12.92476042642106,1.6,10.263905513660841,1000.0,,,,,,2.019714539562081,0,E#X-L,0,57.82476042642106,0.9247604264210594,,-1011.2639055136608,0.0
24.5,flow_10.0,-18.303287828382,1.6,10.757054803921882,1000.0,,0.9862985805220813,0.9862985805220813,0.9862985805220813,0.9862985805220813,0.9862985805220816,0,E#X-L,0,63.203287828382,6.303287828382,,-1011.7570548039218,0.0
25.0,flow_10.0,-23.92768258140027,1.6,11.248789506036532,1000.0,,0.9834694042293,0.9834694042293,0.9834694042293,0.9834694042293,0.9834694042293002,0,E#X-L,0,68.82768258140027,11.927682581400266,,-1012.2487895060366,0.0
25.5,flow_10.0,-29.797135614240297,1.6,11.738906065680064,1000.0,,0.9802331192870645,0.9802331192870645,0.9802331192870645,0.9802331192870645,0.9802331192870639,0,E#X-L,0,74.6971356142403,17.797135614240297,,-1012.7389060656801,0.0
26.0,flow_10.0,-35.910727731046926,1.6,12.227184233613258,1000.0,,0.9765563358663858,0.9765563358663858,0.9765563358663858,0.9765563358663858,0.9765563358663876,0,E#X-L,0,80.81072773104692,23.910727731046926,,-1013.2271842336132,0.0
26.5,flow_10.0,-42.26337207858236,1.6,12.705288695070859,1000.0,,0.9724056095471495,0.9724056095471495,0.9724056095471495,0.9724056095471495,0.9562089229152022,0,E#X-L,0,87.16337207858236,30.263372078582357,,-1013.7052886950709,0.0
27.0,flow_10.0,-48.79266951322313,1.6,13.058594869281553,1000.0,,0.9678298465829746,0.9678298465829746,0.9678298465829746,0.9678298465829746,0.7066123484213875,0,E#X-L,0,93.69266951322314,36.79266951322313,,-1014.0585948692816,0.0
0.5,flow_20.0,1.6,-44.9,0.0,1000.0,,,,,,0,0,E#D-X,0,0.0,5.1,,-1001.0,0.0
1.0,flow_20.0,1.6,-44.65,0.5,1000.0,,1.0,1.0,1.0,1.0,1.0,0,E#D-X,0,0.25,5.35,,-1001.5,0.0
1.5,flow_20.0,1.6,-44.150000019290125,0.9999999614197531,1000.0,,0.9999999228395062,0.9999999228395062,0.9999999228395062,0.9999999228395062,0.9999999228395062,0,E#D-X,0,0.7499999807098767,5.849999980709876,,-1001.9999999614198,0.0
2.0,flow_20.0,1.6,-43.400000347222175,1.4999993441358979,1000.0,,0.9999987654322893,0.9999987654322893,0.9999987654322893,0.9999987654322893,0.9999987654322895,0,E#D-X,0,1.4999996527778254,6.599999652777825,,-1002.4999993441359,0.0
2.5,flow_20.0,1.6,-42.40000223765149,1.9999962191413634,1000.0,,0.999993750010931,0.999993750010931,0.999993750010931,0.999993750010931,0.999993750010931,0,E#D-X,0,2.4999977623485075,7.599997762348507,,-1002.9999962191414,0.0
3.0,flow_20.0,1.6,-41.15000906631508,2.499986342672837,1000.0,,0.9999802470629471,0.9999802470629471,0.9999802470629471,0.9999802470629471,0.9999802470629473,0,E#D-X,0,3.7499909336849253,8.849990933684925,,-1003.4999863426729,0.0
3.5,flow_20.0,1.6,-39.65002795104237,2.9999622305454148,1000.0,,0.9999517757451555,0.9999517757451555,0.9999517757451555,0.9999517757451555,0.9999517757451555,0,E#D-X,0,5.249972048957632,10.349972048957632,,-1003.9999622305454,0.0
4.0,flow_20.0,1.6,-37.900071834510705,3.499912233063331,1000.0,,0.9999000050358322,0.9999000050358322,0.9999000050358322,0.9999000050358322,0.9999000050358324,0,E#D-X,0,6.9999281654892975,12.099928165489297,flow_201.0,-1004.4999122330634,0.0
4.5,flow_20.0,1.6,-35.900162028919944,3.9998196111815183,1000.0,,0.9998147562363746,0.9998147562363746,0.9998147562363746,0.9998147562363746,0.9998147562363746,0,E#D-X,0,8.999837971080057,14.099837971080056,flow_201.0,-1004.9998196111815,0.0
5.0,flow_20.0,1.6,-33.65033122142289,4.499661614994119,1000.0,,0.9996840076252022,0.9996840076252022,0.9996840076252022,0.9996840076252022,0.999684007625202,0,E#D-X,0,11.249668778577115,16.349668778577115,flow_201.0,-1005.4996616149941,0.0
5.5,flow_20.0,1.6,-31.150626938361807,4.999408566122158,1000.0,,0.9994939022560778,0.9994939022560778,0.9994939022560778,0.9994939022560778,0.9994939022560771,0,E#D-X,0,13.749373061638194,18.849373061638193,flow_201.0,-1005.9994085661222,0.0
6.0,flow_20.0,1.6,-28.401115465280828,5.499022946161957,1000.0,,0.9992287600795975,0.9992287600795975,0.9992287600795975,0.9992287600795975,0.9992287600795979,0,E#D-X,0,16.498884534719174,21.598884534719172,flow_201.0,-1006.499022946162,0.0
6.5,flow_20.0,1.6,-25.40188621826279,5.9984584940360826,1000.0,,0.9988710957482514,0.9988710957482514,0.9988710957482514,0.9988710957482514,0.9988710957482514,0,E#D-X,0,19.49811378173721,24.59811378173721,flow_201.0,-1006.9984584940361,0.0
7.0,flow_20.0,1.6,-22.25413335724413,6.295505722037314,1000.0,,0.9984016436394725,0.9984016436394725,0.9984016436394725,0.9984016436394725,0.5940944560024626,0,E#D-X,0,22.64586664275587,27.745866642755868,flow_201.0,-1007.2955057220373,0.0
7.5,flow_20.0,1.6,-19.355719472550195,5.796827769387876,1000.0,,0.9980607335988829,0.9980607335988829,0.9980607335988829,0.9980607335988829,-0.9973559052988765,0,E#D-X,0,25.544280527449807,30.644280527449805,flow_201.0,-1006.7968277693878,0.0
8.0,flow_20.0,1.6,-17.039057662562904,4.633323619974583,1000.0,,0.9986059557168542,0.9986059557168542,0.9986059557168542,0.9986059557168542,-2.327008298826586,0,E#D-X,0,27.860942337437095,32.960942337437096,flow_201.0,-1005.6333236199746,0.0
8.5,flow_20.0,1.6,-15.361890593619023,3.354334137887766,1000.0,,0.9994310350394084,0.9994310350394084,0.9994310350394084,0.9994310350394084,-2.5579789641736337,0,E#D-X,0,29.538109406380975,34.63810940638098,flow_201.0,-1004.3543341378878,0.0
9.0,flow_20.0,1.6,-14.215234972375008,2.2933112424880266,1000.0,,0.9998437067328774,0.9998437067328774,0.9998437067328774,0.9998437067328774,-2.1220457907994783,0,E#D-X,0,30.68476502762499,35.78476502762499,flow_201.0,-1003.293311242488,0.0
9.5,flow_20.0,1.6,-13.467581566323652,1.4953068121027113,1000.0,,0.9999658518656428,0.9999658518656428,0.9999658518656428,0.9999658518656428,-1.5960088607706306,0,E#D-X,0,31.432418433676347,36.53241843367635,flow_201.0,-1002.4953068121027,0.0
10.0,flow_20.0,1.6,-13.014659303514016,0.9058445256192738,1000.0,,0.9999938278534632,0.9999938278534632,0.9999938278534632,0.9999938278534632,-1.1789245729668751,0,E#D-X,0,31.885340696485983,36.985340696485984,flow_201.0,-1001.9058445256193,0.0
10.5,flow_20.0,1.6,-12.850651880005131,0.3280148470177726,1000.0,,0.9999991687538682,0.9999991687538682,0.9999991687538682,0.9999991687538682,-1.1556593572030023,0,E#D-X,0,32.04934811999487,37.14934811999487,flow_201.0,-1001.3280148470178,0.0
11.0,flow_20.0,1.6,-12.850651880005131,0.0,1000.0,,0.9999999857081323,0.9999999857081323,0.9999999857081323,0.9999999857081323,-0.6560296940355452,0,E#D-X,0,32.04934811999487,37.14934811999487,flow_201.0,-1001.0,0.5
11.5,flow_20.0,1.6,-12.600651880005131,0.5,1000.0,,1.0,1.0,1.0,1.0,1.0,0,E#D-X,0,32.29934811999487,37.39934811999487,flow_201.0,-1001.5,0.0
12.0,flow_20.0,1.6,-12.600651880005131,0.0,1000.0,,0.9999999228395062,0.9999999228395062,0.9999999228395062,0.9999999228395062,-1.0,0,E#D-X,0,32.29934811999487,37.39934811999487,flow_201.0,-1001.0,0.5
12.5,flow_20.0,1.6,-12.350651880005131,0.5,1000.0,,1.0,1.0,1.0,1.0,1.0,0,E#D-X,0,32.54934811999487,37.64934811999487,flow_201.0,-1001.5,0.0
13.0,flow_20.0,1.6,-12.100000000000001,0.5013037600102621,1000.0,,0.9999999228395062,0.9999999228395062,0.9999999228395062,0.9999999228395062,0.0026075200205242233,0,E#D-X,0,32.8,37.9,flow_201.0,-1001.5013037600103,0.0
13.5,flow_20.0,1.6,-12.100000000000001,0.0,1000.0,,0.9999999220315628,0.9999999220315628,0.9999999220315628,0.9999999220315628,-1.0026075200205242,0,E#D-X,0,32.8,37.9,flow_201.0,-1001.0,0.5
14.0,flow_20.0,1.6,-12.100000000000001,0.0,1000.0,,1.0,1.0,1.0,1.0,0.0,0,E#D-X,0,32.8,37.9,flow_201.0,-1001.0,1.0
14.5,flow_20.0,1.6,-12.100000000000001,0.0,1000.0,,1.0,1.0,1.0,1.0,0.0,0,E#D-X,0,32.8,37.9,flow_201.0,-1001.0,1.5
15.0,flow_20.0,1.6,-12.100000000000001,0.0,1000.0,,1.0,1.0,1.0,1.0,0.0,0,E#D-X,0,32.8,37.9,flow_201.0,-1001.0,2.0
15.5,flow_20.0,1.6,-12.100000000000001,0.0,1000.0,,1.0,1.0,1.0,1.0,0.0,0,E#D-X,0,32.8,37.9,flow_201.0,-1001.0,2.5
16.0,flow_20.0,1.6,-12.100000000000001,0.0,1000.0,,1.0,1.0,1.0,1.0,0.0,0,E#D-X,0,32.8,37.9,flow_201.0,-1001.0,3.0
16.5,flow_20.0,1.6,-12.100000000000001,0.0,1000.0,,1.0,1.0,1.0,1.0,0.0,0,E#D-X,0,32.8,37.9,flow_201.0,-1001.0,3.5
17.0,flow_20.0,1.6,-12.100000000000001,0.0,1000.0,,1.0,1.0,1.0,1.0,0.0,0,E#D-X,0,32.8,37.9,flow_201.0,-1001.0,4.0
17.5,flow_20.0,1.6,-12.100000000000001,0.0,1000.0,,1.0,1.0,1.0,1.0,0.0,0,E#D-X,0,32.8,37.9,flow_201.0,-1001.0,4.5
18.0,flow_20.0,1.6,-12.100000000000001,0.0,1000.0,,1.0,1.0,1.0,1.0,0.0,0,E#D-X,0,32.8,37.9,flow_201.0,-1001.0,5.0
18.5,flow_20.0,1.6,-12.100000000000001,0.0,1000.0,,1.0,1.0,1.0,1.0,0.0,0,E#D-X,0,32.8,37.9,flow_201.0,-1001.0,5.5
19.0,flow_20.0,1.6,-12.100000000000001,0.0,1000.0,,1.0,1.0,1.0,1.0,0.0,0,E#D-X,0,32.8,37.9,flow_201.0,-1001.0,6.0
19.5,flow_20.0,1.6,-12.100000000000001,0.0,1000.0,,1.0,1.0,1.0,1.0,0.0,0,E#D-X,0,32.8,37.9,flow_201.0,-1001.0,6.5
20.0,flow_20.0,1.6,-12.100000000000001,0.0,1000.0,,1.0,1.0,1.0,1.0,0.0,0,E#D-X,0,32.8,37.9,flow_201.0,-1001.0,7.0
20.5,flow_20.0,1.6,-12.095556437214839,0.008887125570323345,1000.0,,1.0,1.0,1.0,1.0,0.01777425114064669,0,E#D-X,0,32.80444356278516,37.90444356278516,flow_201.0,-1001.0088871255704,7.5
21.0,flow_20.0,1.6,-12.095556437214839,0.0,1000.0,,0.9999999999999923,0.9999999999999923,0.9999999999999923,0.9999999999999923,-0.01777425114064669,0,E#D-X,0,32.80444356278516,37.90444356278516,flow_201.0,-1001.0,8.0
21.5,flow_20.0,1.6,-12.095556437214839,0.0,1000.0,,1.0,1.0,1.0,1.0,0.0,0,E#D-X,0,32.80444356278516,37.90444356278516,flow_201.0,-1001.0,8.5
22.0,flow_20.0,1.6,-12.095556437214839,0.0,1000.0,,1.0,1.0,1.0,1.0,0.0,0,E#D-X,0,32.80444356278516,37.90444356278516,flow_201.0,-1001.0,9.0
22.5,flow_20.0,1.6,-12.095556437214839,0.0,1000.0,,1.0,1.0,1.0,1.0,0.0,0,E#D-X,0,32.80444356278516,37.90444356278516,flow_201.0,-1001.0,9.5
23.0,flow_20.0,1.6,-12.095556437214839,0.0,1000.0,,1.0,1.0,1.0,1.0,0.0,0,E#D-X,0,32.80444356278516,37.90444356278516,flow_201.0,-1001.0,10.0
23.5,flow_20.0,1.6,-12.095556437214839,0.0,1000.0,,1.0,1.0,1.0,1.0,0.0,0,E#D-X,0,32.80444356278516,37.90444356278516,flow_201.0,-1001.0,10.5
24.0,flow_20.0,1.6,-12.095556437214839,0.0,1000.0,,1.0,1.0,1.0,1.0,0.0,0,E#D-X,0,32.80444356278516,37.90444356278516,flow_201.0,-1001.0,11.0
24.5,flow_20.0,1.6,-12.095556437214839,0.0,2.981559484154235,flow_101.0,1.0,1.0,1.0,1.0,0.0,0,E#D-X,0,32.80444356278516,37.90444356278516,flow_201.0,3.71153374548952,11.5
25.0,flow_20.0,1.6,-12.095556437214839,0.0,5.412562644777234,flow_101.0,0.5500409047574139,0.5500409047574139,0.5500409047574139,0.5500409047574139,0.0,0,E#D-X,0,32.80444356278516,37.90444356278516,flow_201.0,4.862006321245998,12.0
25.5,flow_20.0,1.6,-12.095556437214839,0.0,8.300265514646924,flow_101.0,0.8634618168706589,0.8634618168706589,0.8634618168706589,0.8634618168706589,0.0,0,E#D-X,0,32.80444356278516,37.90444356278516,flow_201.0,5.77540573973938,12.5
26.0,flow_20.0,1.6,-12.095556437214839,0.0,11.486773692985903,flow_101.0,0.941940135076969,0.941940135076969,0.941940135076969,0.941940135076969,0.0,0,E#D-X,0,32.80444356278516,37.90444356278516,flow_201.0,6.373016356677958,13.0
26.5,flow_20.0,1.6,-12.095556437214839,0.0,14.833133598159861,flow_101.0,0.9696845610076337,0.9696845610076337,0.9696845610076337,0.9696845610076337,0.0,0,E#D-X,0,32.80444356278516,37.90444356278516,flow_201.0,6.692719810347916,13.5
27.0,flow_20.0,1.6,-12.095556437214839,0.0,18.252269195162725,flow_101.0,0.9818199876173973,0.9818199876173973,0.9818199876173973,0.9818199876173973,0.0,0,E#D-X,0,32.80444356278516,37.90444356278516,flow_201.0,6.839492775009097,14.0
27.5,flow_20.0,1.6,-12.095556437214839,0.0,21.702862477235236,flow_101.0,0.9879932280884065,0.9879932280884065,0.9879932280884065,0.9879932280884065,0.0,0,E#D-X,0,32.80444356278516,37.90444356278516,flow_201.0,6.901186564145025,14.5
28.0,flow_20.0,1.6,-12.095556437214839,0.0,25.402755675452738,flow_101.0,0.9915076877452823,0.9915076877452823,0.9915076877452823,0.9915076877452823,0.0,0,E#D-X,0,32.80444356278516,37.90444356278516,flow_201.0,7.399786396435,15.0
28.5,flow_20.0,1.6,-12.095556437214839,0.0,29.351723468921527,flow_101.0,0.9938013326741474,0.9938013326741474,0.9938013326741474,0.9938013326741474,0.0,0,E#D-X,0,32.80444356278516,37.90444356278516,flow_201.0,7.897935586937576,15.5
29.0,flow_20.0,1.6,-11.848047148233512,0.49501857796265236,33.301981066510535,flow_101.0,0.9953570631469328,0.9953570631469328,0.9953570631469328,0.9953570631469328,0.9900371559253047,0,:X_7,0,33.05195285176649,0.1519528517664881,flow_3012.0,7.900515195178018,0.0
29.5,flow_20.0,1.6,-11.133617418975444,1.4288594585161345,37.03378484930436,flow_101.0,,,,,1.8676817611069643,0,:X_7,0,33.76638258102455,0.8663825810245553,flow_3012.0,7.463607565587655,0.0
30.0,flow_20.0,1.6,-9.795662909136338,2.675909019678213,40.39013391046906,flow_101.0,,,,,2.4940991223241573,0,:X_7,0,35.10433709086366,2.204337090863662,flow_3012.0,6.712698122329391,0.0
30.5,flow_20.0,1.6,-7.947663357443249,3.6959991033861774,43.484039871923144,flow_101.0,,,,,2.0401801674159286,0,:X_7,0,36.95233664255675,4.052336642556751,flow_3012.0,6.187811922908183,0.0
31.0,flow_20.0,1.6,-5.899896034696775,4.095534645492946,46.625232605079255,flow_101.0,,,,,0.7990710842135371,0,:X_7,0,39.000103965303225,6.100103965303225,flow_3012.0,6.282385466312209,0.0
31.5,flow_20.0,1.6,-3.465268781539571,4.869254506314409,1000.0,,,,,,1.5474397216429256,0,:X_7,0,41.43473121846043,8.53473121846043,flow_3012.0,-1005.8692545063144,0.0
32.0,flow_20.0,1.6,-0.405727160297241,6.11908324248466,1000.0,,,,,,2.499657472340502,0,:X_7,0,44.49427283970276,11.594272839702759,flow_3012.0,-1007.1190832424846,0.0
32.5,flow_20.0,1.6,3.2453495475227285,7.302153415639936,1000.0,,,,,,2.3661403463105533,0,:X_7,0,48.14534954752273,15.245349547522727,flow_3012.0,-1008.30215341564,0.0
33.0,flow_20.0,1.6,7.433482894317514,8.37626669358957,1000.0,,,,,,2.148226555899269,0,:X_7,0,52.33348289431751,19.433482894317514,flow_3012.0,-1009.3762666935895,0.0
33.5,flow_20.0,1.6,12.083432474275643,9.299899159916258,1000.0,,,,,,1.847264932653374,0,E#X-T,0,56.983432474275645,0.08343247427564293,flow_3012.0,-1010.2998991599162,0.0
34.0,flow_20.0,1.6,16.981073351869707,9.79528175518813,1000.0,,0.9907651905437432,0.9907651905437432,0.9907651905437432,0.9907651905437432,0.990765190543744,0,E#X-T,0,61.88107335186971,4.981073351869708,flow_3012.0,-1010.7952817551882,0.0
34.5,flow_20.0,1.6,22.125872892634465,10.289599081529513,1000.0,,0.9886346526827674,0.9886346526827674,0.9886346526827674,0.9886346526827674,0.9886346526827658,0,E#X-T,0,67.02587289263447,10.125872892634465,flow_3012.0,-1011.2895990815296,0.0
35.0,flow_20.0,1.6,27.517212650851,10.782679516433072,1000.0,,0.9861608698071204,0.9861608698071204,0.9861608698071204,0.9861608698071204,0.9861608698071187,0,E#X-T,0,72.417212650851,15.517212650851,flow_3012.0,-1011.7826795164331,0.0
35.5,flow_20.0,1.6,33.08277902037716,11.131132739052328,1000.0,,0.9833113283419226,0.9833113283419226,0.9833113283419226,0.9833113283419226,0.6969064452385112,0,E#X-T,0,77.98277902037717,21.082779020377163,flow_3012.0,-1012.1311327390523,0.0
36.0,flow_20.0,1.6,38.764723602292854,11.363889163831383,1000.0,,0.9810472415274585,0.9810472415274585,0.9810472415274585,0.9810472415274585,0.46551284955810956,0,E#X-T,0,83.66472360229285,26.764723602292854,flow_3012.0,-1012.3638891638313,0.0
36.5,flow_20.0,1.6,44.52188302675418,11.514318848922661,1000.0,,0.9794115838456587,0.9794115838456587,0.9794115838456587,0.9794115838456587,0.3008593701825575,0,E#X-T,0,89.42188302675419,32.52188302675418,flow_3012.0,-1012.5143188489227,0.0
0.5,flow_30.0,-44.9,-1.6,0.0,1000.0,,,,,,0,0,E#L-X,0,0.0,5.1,,-1001.0,0.0
1.0,flow_30.0,-44.65,-1.6,0.5,1000.0,,1.0,1.0,1.0,1.0,1.0,0,E#L-X,0,0.25,5.35,,-1001.5,0.0
1.5,flow_30.0,-44.150000019290125,-1.6,0.9999999614197531,1000.0,,0.9999999228395062,0.9999999228395062,0.9999999228395062,0.9999999228395062,0.9999999228395062,0,E#L-X,0,0.7499999807098767,5.849999980709876,,-1001.9999999614198,0.0
2.0,flow_30.0,-43.400000347222175,-1.6,1.4999993441358979,1000.0,,0.9999987654322893,0.9999987654322893,0.9999987654322893,0.9999987654322893,0.9999987654322895,0,E#L-X,0,1.4999996527778254,6.599999652777825,,-1002.4999993441359,0.0
2.5,flow_30.0,-42.40000223765149,-1.6,1.9999962191413634,1000.0,,0.999993750010931,0.999993750010931,0.999993750010931,0.999993750010931,0.999993750010931,0,E#L-X,0,2.4999977623485075,7.599997762348507,,-1002.9999962191414,0.0
3.0,flow_30.0,-41.15000906631508,-1.6,2.499986342672837,1000.0,,0.9999802470629471,0.9999802470629471,0.9999802470629471,0.9999802470629471,0.9999802470629473,0,E#L-X,0,3.7499909336849253,8.849990933684925,,-1003.4999863426729,0.0
3.5,flow_30.0,-39.65002795104237,-1.6,2.9999622305454148,1000.0,,0.9999517757451555,0.9999517757451555,0.9999517757451555,0.9999517757451555,0.9999517757451555,0,E#L-X,0,5.249972048957632,10.349972048957632,,-1003.9999622305454,0.0
4.0,flow_30.0,-37.900071834510705,-1.6,3.499912233063331,1000.0,,0.9999000050358322,0.9999000050358322,0.9999000050358322,0.9999000050358322,0.9999000050358324,0,E#L-X,0,6.9999281654892975,12.099928165489297,flow_301.0,-1004.4999122330634,0.0
4.5,flow_30.0,-35.900162028919944,-1.6,3.9998196111815183,1000.0,,0.9998147562363746,0.9998147562363746,0.9998147562363746,0.9998147562363746,0.9998147562363746,0,E#L-X,0,8.999837971080057,14.099837971080056,flow_301.0,-1004.9998196111815,0.0
5.0,flow_30.0,-33.65033122142289,-1.6,4.499661614994119,1000.0,,0.9996840076252022,0.9996840076252022,0.9996840076252022,0.9996840076252022,0.999684007625202,0,E#L-X,0,11.249668778577115,16.349668778577115,flow_301.0,-1005.4996616149941,0.0
5.5,flow_30.0,-31.150626938361807,-1.6,4.999408566122158,1000.0,,0.9994939022560778,0.9994939022560778,0.9994939022560778,0.9994939022560778,0.9994939022560771,0,E#L-X,0,13.749373061638194,18.849373061638193,flow_301.0,-1005.9994085661222,0.0
6.0,flow_30.0,-28.401115465280828,-1.6,5.499022946161957,1000.0,,0.9992287600795975,0.9992287600795975,0.9992287600795975,0.9992287600795975,0.9992287600795979,0,E#L-X,0,16.498884534719174,21.598884534719172,flow_301.0,-1006.499022946162,0.0
6.5,flow_30.0,-25.40188621826279,-1.6,5.9984584940360826,1000.0,,0.9988710957482514,0.9988710957482514,0.9988710957482514,0.9988710957482514,0.9988710957482514,0,E#L-X,0,19.49811378173721,24.59811378173721,flow_301.0,-1006.9984584940361,0.0
7.0,flow_30.0,-22.234958637582448,-1.6,6.333855161360684,1000.0,,0.9984016436394725,0.9984016436394725,0.9984016436394725,0.9984016436394725,0.6707933346492023,0,E#L-X,0,22.665041362417554,27.765041362417552,flow_301.0,-1007.3338551613607,0.0
7.5,flow_30.0,-19.31709303613717,-1.6,5.835731202890562,1000.0,,0.998013047463346,0.998013047463346,0.998013047463346,0.998013047463346,-0.9962479169402432,0,E#L-X,0,25.582906963862833,30.682906963862834,flow_301.0,-1006.8357312028905,0.0
8.0,flow_30.0,-17.001053922989534,-1.6,4.632078226295263,1000.0,,0.9985681546928986,0.9985681546928986,0.9985681546928986,0.9985681546928986,-2.4073059531905976,0,E#L-X,0,27.898946077010464,32.998946077010466,flow_301.0,-1005.6320782262952,0.0
8.5,flow_30.0,-15.333906616835641,-1.6,3.3342946123077892,1000.0,,0.9994316465224675,0.9994316465224675,0.9994316465224675,0.9994316465224675,-2.595567227974948,0,E#L-X,0,29.566093383164358,34.66609338316436,flow_301.0,-1004.3342946123078,0.0
9.0,flow_30.0,-14.19649238478722,-1.6,2.2748284640968404,1000.0,,0.9998474083167419,0.9998474083167419,0.9998474083167419,0.9998474083167419,-2.1189322964218977,0,E#L-X,0,30.70350761521278,35.80350761521278,flow_301.0,-1003.2748284640968,0.0
9.5,flow_30.0,-13.45574768606788,-1.6,1.4814893974386796,1000.0,,0.9999669394863899,0.9999669394863899,0.9999669394863899,0.9999669394863899,-1.5866781333163216,0,E#L-X,0,31.444252313932118,36.54425231393212,flow_301.0,-1002.4814893974387,0.0
10.0,flow_30.0,-13.0082243860384,-1.6,0.8950466000589559,1000.0,,0.9999940528461726,0.9999940528461726,0.9999940528461726,0.9999940528461726,-1.1728855947594474,0,E#L-X,0,31.8917756139616,36.9917756139616,flow_301.0,-1001.895046600059,0.0
10.5,flow_30.0,-12.851775098356853,-1.6,0.31289857536309773,1000.0,,0.9999992076855622,0.9999992076855622,0.9999992076855622,0.9999992076855622,-1.1642960493917163,0,E#L-X,0,32.048224901643145,37.14822490164315,flow_301.0,-1001.3128985753631,0.0
11.0,flow_30.0,-12.851775098356853,-1.6,0.0,1000.0,,0.9999999881660611,0.9999999881660611,0.9999999881660611,0.9999999881660611,-0.6257971507261955,0,E#L-X,0,32.048224901643145,37.14822490164315,flow_301.0,-1001.0,0.5
11.5,flow_30.0,-12.601775098356853,-1.6,0.5,1000.0,,1.0,1.0,1.0,1.0,1.0,0,E#L-X,0,32.298224901643145,37.39822490164315,flow_301.0,-1001.5,0.0
12.0,flow_30.0,-12.601775098356853,-1.6,0.0,1000.0,,0.9999999228395062,0.9999999228395062,0.9999999228395062,0.9999999228395062,-1.0,0,E#L-X,0,32.298224901643145,37.39822490164315,flow_301.0,-1001.0,0.5
12.5,flow_30.0,-12.351775098356853,-1.6,0.5,1000.0,,1.0,1.0,1.0,1.0,1.0,0,E#L-X,0,32.548224901643145,37.64822490164315,flow_301.0,-1001.5,0.0
13.0,flow_30.0,-12.100000000000001,-1.6,0.5035501967137066,1000.0,,0.9999999228395062,0.9999999228395062,0.9999999228395062,0.9999999228395062,0.0071003934274131986,0,E#L-X,0,32.8,37.9,flow_301.0,-1001.5035501967137,0.0
13.5,flow_30.0,-12.100000000000001,-1.6,0.0,1000.0,,0.9999999206245755,0.9999999206245755,0.9999999206245755,0.9999999206245755,-1.0071003934274132,0,E#L-X,0,32.8,37.9,flow_301.0,-1001.0,0.5
14.0,flow_30.0,-11.850000000000001,-1.6,0.5,1000.0,,1.0,1.0,1.0,1.0,1.0,0,:X_10,0,33.05,0.14999999999999858,flow_301.0,-1001.5,0.0
14.5,flow_30.0,-10.950016339584527,-1.6,1.7999673208309486,1000.0,,,,,,2.599934641661897,0,:X_10,0,33.94998366041547,1.0499836604154729,flow_301.0,-1002.799967320831,0.0
15.0,flow_30.0,-9.400452229909039,-1.6,3.0991282193509773,1000.0,,,,,,2.5983217970400574,0,:X_10,0,35.49954777009096,2.5995477700909615,flow_301.0,-1004.099128219351,0.0
15.5,flow_30.0,-7.203499097294111,-1.6,4.393906265229855,1000.0,,,,,,2.589556091757756,0,:X_10,0,37.696500902705885,4.796500902705889,flow_301.0,-1005.3939062652298,0.0
16.0,flow_30.0,-4.365715050139004,-1.6,5.675568094310214,1000.0,,,,,,2.5633236581607175,0,:X_10,0,40.534284949861,7.634284949860996,,-1006.6755680943102,0.0
16.5,flow_30.0,-0.9015611788049771,-1.6,6.9283077426680535,1000.0,,,,,,2.505479296715679,0,:X_10,0,43.99843882119502,11.098438821195023,,-1007.928307742668,0.0
17.0,flow_30.0,3.1627065686534426,-1.6,8.12853549491684,1000.0,,,,,,2.4004555044975717,0,:X_10,0,48.06270656865344,15.162706568653443,,-1009.1285354949168,0.0
17.5,flow_30.0,7.7859267722602326,-1.6,9.246440407213576,1000.0,,,,,,2.235809824593474,0,:X_10,0,52.68592677226023,19.785926772260233,,-1010.2464404072135,0.0
18.0,flow_30.0,12.911213796272676,-1.6,10.250574048024886,1000.0,,,,,,2.0082672816226186,0,E#X-R,0,57.811213796272675,0.9112137962726763,,-1011.2505740480249,0.0
18.5,flow_30.0,18.283093227117917,-1.6,10.743758861690484,1000.0,,0.9863696273311962,0.9863696273311962,0.9863696273311962,0.9863696273311962,0.9863696273311966,0,E#X-R,0,63.183093227117915,6.283093227117918,,-1011.7437588616905,0.0
19.0,flow_30.0,23.900860403328117,-1.6,11.235534352420402,1000.0,,0.9835509814598344,0.9835509814598344,0.9835509814598344,0.9835509814598344,0.9835509814598353,0,E#X-R,0,68.80086040332812,11.90086040332812,,-1012.2355343524204,0.0
19.5,flow_30.0,29.763709110776105,-1.6,11.725697414895969,1000.0,,0.9803261249511322,0.9803261249511322,0.9803261249511322,0.9803261249511322,0.9803261249511337,0,E#X-R,0,74.6637091107761,17.763709110776105,,-1012.725697414896,0.0
20.0,flow_30.0,35.870723236579835,-1.6,12.214028251607456,1000.0,,0.9766616734229759,0.9766616734229759,0.9766616734229759,0.9766616734229759,0.9766616734229743,0,E#X-R,0,80.77072323657984,23.870723236579835,,-1013.2140282516075,0.0
20.5,flow_30.0,42.20940990269882,-1.6,12.677373332237968,1000.0,,0.9725241800392032,0.9725241800392032,0.9725241800392032,0.9725241800392032,0.9266901612610248,0,E#X-R,0,87.10940990269881,30.20940990269882,,-1013.677373332238,0.0
21.0,flow_30.0,48.71830890872994,-1.6,13.017798012062244,1000.0,,0.9681116461290163,0.9681116461290163,0.9681116461290163,0.9681116461290163,0.6808493596485512,0,E#X-R,0,93.61830890872994,36.71830890872994,,-1014.0177980120623,0.0
4.0,flow_001.0,-1.6,44.9,0.0,1.9999281654892975,flow_00.0,,,,,0,0,E#T-X,0,0.0,5.1,,3.499912233063331,0.0
4.5,flow_001.0,-1.6,44.9,0.0,3.9998379710800567,flow_00.0,-7.183838103563822e-05,-7.183838103563822e-05,-7.183838103563822e-05,-7.183838103563822e-05,0,0,E#T-X,0,0.0,5.1,,3.9998196111815183,0.5
5.0,flow_001.0,-1.6,44.71250506371142,0.37498987257715694,6.062173842288537,flow_00.0,0.7499797451543139,0.7499797451543139,0.7499797451543139,0.7499797451543139,0.7499797451543139,0,E#T-X,0,0.18749493628857827,5.287494936288578,,4.124671742416963,0.0
5.5,flow_001.0,-1.6,44.30222105364671,0.8205680201294177,8.151594115284906,flow_00.0,0.8911562951045213,0.8911562951045213,0.8911562951045213,0.8911562951045213,0.8911562951045214,0,E#T-X,0,0.5977789463532872,5.697778946353287,,4.17884054599274,0.0
6.0,flow_001.0,-1.6,43.65698643520929,1.2904692368748374,10.255870969928466,flow_00.0,0.9398024334908395,0.9398024334908395,0.9398024334908395,0.9398024334908395,0.9398024334908395,0,E#T-X,0,1.2430135647907061,6.343013564790706,,4.20855370928712,0.0
6.5,flow_001.0,-1.6,42.77125992248071,1.771453025457177,12.369373704217917,flow_00.0,0.9619675771646793,0.9619675771646793,0.9619675771646793,0.9619675771646793,0.9619675771646792,0,E#T-X,0,2.1287400775192946,7.228740077519294,,4.227005468578906,0.0
7.0,flow_001.0,-1.6,41.64207233670965,2.2583751715421045,14.405178429484138,flow_00.0,0.9738442921698552,0.9738442921698552,0.9738442921698552,0.9738442921698552,0.9738442921698551,0,E#T-X,0,3.2579276632903476,8.357927663290347,,4.07160945053244,0.0
7.5,flow_001.0,-1.6,40.267711843773085,2.748720985873127,15.946709582019206,flow_00.0,0.9806916286620454,0.9806916286620454,0.9806916286620454,0.9806916286620454,0.9806916286620453,0,E#T-X,0,4.632288156226911,9.732288156226911,,3.0830623050701402,0.0
8.0,flow_001.0,-1.6,38.64730137097963,3.240820945586909,16.64242261092771,flow_00.0,0.9841999194275638,0.9841999194275638,0.9841999194275638,0.9841999194275638,0.9841999194275637,0,E#T-X,0,6.252698629020365,11.352698629020365,flow_0012.0,1.391426057817006,0.0
8.5,flow_001.0,-1.6,36.78735855090374,3.7198856401517935,16.450643498259616,flow_00.0,0.9581293891297693,0.9581293891297693,0.9581293891297693,0.9581293891297693,0.9581293891297689,0,E#T-X,0,8.112641449096262,13.212641449096262,flow_0012.0,-0.3835582253361891,0.0
9.0,flow_001.0,-1.6,34.714167742925426,4.146381615956633,15.515795902955691,flow_00.0,0.8529919516096787,0.8529919516096787,0.8529919516096787,0.8529919516096787,0.8529919516096793,0,E#T-X,0,10.185832257074578,15.285832257074578,flow_0012.0,-1.8696951906078452,0.0
9.5,flow_001.0,-1.6,32.481103678237474,4.466128129375893,14.024170083647455,flow_00.0,0.6394930268385199,0.6394930268385199,0.6394930268385199,0.6394930268385199,0.6394930268385206,0,E#T-X,0,12.418896321762526,17.518896321762526,flow_0012.0,-2.9832516386164762,0.0
10.0,flow_001.0,-1.6,30.17833051819901,4.605546320076928,12.169463302967891,flow_00.0,0.2788363814020689,0.2788363814020689,0.2788363814020689,0.2788363814020689,0.2788363814020691,0,E#T-X,0,14.721669481800989,19.82166948180099,flow_0012.0,-3.709413561359133,0.0
10.5,flow_001.0,-1.6,27.937009253075612,4.482642530246799,10.08535735704324,flow_00.0,-0.24580757966025824,-0.24580757966025824,-0.24580757966025824,-0.24580757966025824,-0.24580757966025857,0,E#T-X,0,16.96299074692439,22.062990746924388,flow_0012.0,-4.168211891849301,0.0
11.0,flow_001.0,-1.6,25.935195064738338,4.0036283766745475,8.083543168705965,flow_00.0,-0.9580283071445022,-0.9580283071445022,-0.9580283071445022,-0.9580283071445022,-0.9580283071445024,0,E#T-X,0,18.96480493526166,24.064804935261662,flow_0012.0,-4.0036283766745475,0.0
11.5,flow_001.0,-1.6,24.285808756139062,3.2987726171985545,6.68415686010669,flow_00.0,-1.409711518951986,-1.409711518951986,-1.409711518951986,-1.409711518951986,-1.409711518951986,0,E#T-X,0,20.614191243860937,25.714191243860938,flow_0012.0,-2.7987726171985545,0.0
12.0,flow_001.0,-1.6,22.846570554068713,2.8784764041407085,5.244918658036337,flow_00.0,-0.8405924261156922,-0.8405924261156922,-0.8405924261156922,-0.8405924261156922,-0.8405924261156921,0,E#T-X,0,22.053429445931293,27.15342944593129,flow_0012.0,-2.8784764041407085,0.0
12.5,flow_001.0,-1.6,21.777558188758256,2.138024730620903,4.425906292725884,flow_00.0,-1.480903347039611,-1.480903347039611,-1.480903347039611,-1.480903347039611,-1.480903347039611,0,E#T-X,0,23.122441811241742,28.222441811241744,flow_0012.0,-1.638024730620903,0.0
13.0,flow_001.0,-1.6,20.85418989226036,1.846736592995788,3.75418989226036,flow_00.0,-0.5825762752502299,-0.5825762752502299,-0.5825762752502299,-0.5825762752502299,-0.5825762752502301,0,E#T-X,0,24.04581010773964,29.14581010773964,flow_0012.0,-1.3434328009310434,0.0
13.5,flow_001.0,-1.6,20.099721218427597,1.5089373476655321,2.999721218427595,flow_00.0,-0.6755984906605116,-0.6755984906605116,-0.6755984906605116,-0.6755984906605116,-0.6755984906605117,0,E#T-X,0,24.800278781572402,29.900278781572403,flow_0012.0,-1.5089373476655321,0.0
14.0,flow_001.0,-1.6,19.642579657462026,0.9142831219311414,2.5425796574620243,flow_00.0,-1.1893084514687815,-1.1893084514687815,-1.1893084514687815,-1.1893084514687815,-1.1893084514687815,0,E#T-X,0,25.257420342537976,30.357420342537974,flow_0012.0,-0.9142831219311414,0.0
14.5,flow_001.0,-1.6,19.345300505398,0.5945583041280533,2.2453005053979993,flow_00.0,-0.639449635606176,-0.639449635606176,-0.639449635606176,-0.639449635606176,-0.6394496356061761,0,E#T-X,0,25.554699494601998,30.654699494602,flow_0012.0,-0.5945583041280533,0.0
15.0,flow_001.0,-1.6,19.170014707451642,0.35057159589271125,2.0700147074516444,flow_00.0,-0.48797341647068415,-0.48797341647068415,-0.48797341647068415,-0.48797341647068415,-0.48797341647068415,0,E#T-X,0,25.729985292548356,30.829985292548354,flow_0012.0,-0.35057159589271125,0.0
15.5,flow_001.0,-1.6,19.08099679773288,0.178035819437536,1.9809967977328782,flow_00.0,-0.3450715529103505,-0.3450715529103505,-0.3450715529103505,-0.3450715529103505,-0.3450715529103505,0,E#T-X,0,25.81900320226712,30.91900320226712,flow_0012.0,-0.178035819437536,0.0
16.0,flow_001.0,-1.6,19.047786075614972,0.06642144423581392,1.947786075614971,flow_00.0,-0.22322875040344414,-0.22322875040344414,-0.22322875040344414,-0.22322875040344414,-0.22322875040344414,0,E#T-X,0,25.852213924385026,30.952213924385028,flow_0012.0,-0.06642144423581392,0.5
16.5,flow_001.0,-1.6,19.046447417820364,0.0026773155892267364,1.9464474178203588,flow_00.0,-0.12748825729317437,-0.12748825729317437,-0.12748825729317437,-0.12748825729317437,-0.12748825729317437,0,E#T-X,0,25.85355258217964,30.95355258217964,flow_0012.0,-0.0026773155892267364,1.0
17.0,flow_001.0,-1.6,19.046447417820364,0.0,1.9464474178203588,flow_00.0,-0.058614587908543236,-0.058614587908543236,-0.058614587908543236,-0.058614587908543236,-0.005354631178453473,0,E#T-X,0,25.85355258217964,30.95355258217964,flow_0012.0,0.0,1.5
17.5,flow_001.0,-1.6,19.046447417820364,0.0,1.9464474178203588,flow_00.0,-0.05578293811260826,-0.05578293811260826,-0.05578293811260826,-0.05578293811260826,0.0,0,E#T-X,0,25.85355258217964,30.95355258217964,flow_0012.0,0.0,2.0
18.0,flow_001.0,-1.6,19.046447417820364,0.0,1.9464474178203588,flow_00.0,-0.05578293811260826,-0.05578293811260826,-0.05578293811260826,-0.05578293811260826,0.0,0,E#T-X,0,25.85355258217964,30.95355258217964,flow_0012.0,0.0,2.5
18.5,flow_001.0,-1.6,19.046447417820364,0.0,1.9464474178203588,flow_00.0,-0.05578293811260826,-0.05578293811260826,-0.05578293811260826,-0.05578293811260826,0.0,0,E#T-X,0,25.85355258217964,30.95355258217964,flow_0012.0,0.0,3.0
19.0,flow_001.0,-1.6,19.046447417820364,0.0,1.9464474178203588,flow_00.0,-0.05578293811260826,-0.05578293811260826,-0.05578293811260826,-0.05578293811260826,0.0,0,E#T-X,0,25.85355258217964,30.95355258217964,flow_0012.0,0.0,3.5
19.5,flow_001.0,-1.6,19.046447417820364,0.0,1.9464474178203588,flow_00.0,-0.05578293811260826,-0.05578293811260826,-0.05578293811260826,-0.05578293811260826,0.0,0,E#T-X,0,25.85355258217964,30.95355258217964,flow_0012.0,0.0,4.0
20.0,flow_001.0,-1.6,19.046447417820364,0.0,1.9464474178203588,flow_00.0,-0.05578293811260826,-0.05578293811260826,-0.05578293811260826,-0.05578293811260826,0.0,0,E#T-X,0,25.85355258217964,30.95355258217964,flow_0012.0,0.0,4.5
20.5,flow_001.0,-1.6,19.046447417820364,0.0,1.9464474178203588,flow_00.0,-0.05578293811260826,-0.05578293811260826,-0.05578293811260826,-0.05578293811260826,0.0,0,E#T-X,0,25.85355258217964,30.95355258217964,flow_0012.0,0.0,5.0
21.0,flow_001.0,-1.6,19.046447417820364,0.0,1.9464474178203588,flow_00.0,-0.05578293811260826,-0.05578293811260826,-0.05578293811260826,-0.05578293811260826,0.0,0,E#T-X,0,25.85355258217964,30.95355258217964,flow_0012.0,0.0,5.5
21.5,flow_001.0,-1.6,19.046447417820364,0.0,1.9464474178203588,flow_00.0,-0.05578293811260826,-0.05578293811260826,-0.05578293811260826,-0.05578293811260826,0.0,0,E#T-X,0,25.85355258217964,30.95355258217964,flow_0012.0,0.0,6.0
22.0,flow_001.0,-1.6,19.046447417820364,0.0,1.9464474178203588,flow_00.0,-0.05578293811260826,-0.05578293811260826,-0.05578293811260826,-0.05578293811260826,0.0,0,E#T-X,0,25.85355258217964,30.95355258217964,flow_0012.0,0.0,6.5
22.5,flow_001.0,-1.6,19.046447417820364,0.0,1.9464474178203588,flow_00.0,-0.05578293811260826,-0.05578293811260826,-0.05578293811260826,-0.05578293811260826,0.0,0,E#T-X,0,25.85355258217964,30.95355258217964,flow_0012.0,0.0,7.0
23.0,flow_001.0,-1.6,19.046447417820364,0.0,1.9464474178203588,flow_00.0,-0.05578293811260826,-0.05578293811260826,-0.05578293811260826,-0.05578293811260826,0.0,0,E#T-X,0,25.85355258217964,30.95355258217964,flow_0012.0,0.0,7.5
23.5,flow_001.0,-1.6,19.046447417820364,0.0,1.9464474178203588,flow_00.0,-0.05578293811260826,-0.05578293811260826,-0.05578293811260826,-0.05578293811260826,0.0,0,E#T-X,0,25.85355258217964,30.95355258217964,flow_0012.0,0.0,8.0
24.0,flow_001.0,-1.6,19.046447417820364,0.0,1.9464474178203588,flow_00.0,-0.05578293811260826,-0.05578293811260826,-0.05578293811260826,-0.05578293811260826,0.0,0,E#T-X,0,25.85355258217964,30.95355258217964,flow_0012.0,0.0,8.5
24.5,flow_001.0,-1.6,19.046447417820364,0.0,1.9464474178203588,flow_00.0,-0.05578293811260826,-0.05578293811260826,-0.05578293811260826,-0.05578293811260826,0.0,0,E#T-X,0,25.85355258217964,30.95355258217964,flow_0012.0,0.0,9.0
25.0,flow_001.0,-1.6,19.046447417820364,0.0,1.9464474178203588,flow_00.0,-0.05578293811260826,-0.05578293811260826,-0.05578293811260826,-0.05578293811260826,0.0,0,E#T-X,0,25.85355258217964,30.95355258217964,flow_0012.0,0.0,9.5
25.5,flow_001.0,-1.6,19.046447417820364,0.0,2.196447417820359,flow_00.0,-0.05578293811260826,-0.05578293811260826,-0.05578293811260826,-0.05578293811260826,0.0,0,E#T-X,0,25.85355258217964,30.95355258217964,flow_0012.0,0.5,10.0
26.0,flow_001.0,-1.6,19.003727884736758,0.08543906616720509,3.053710099624592,flow_00.0,0.17087813233441018,0.17087813233441018,0.17087813233441018,0.17087813233441018,0.17087813233441018,0,E#T-X,0,25.896272115263244,30.996272115263242,flow_0012.0,1.7145253636084714,10.5
26.5,flow_001.0,-1.6,18.821012011083187,0.36543174730714256,4.420519785223977,flow_00.0,0.5599853622798749,0.5599853622798749,0.5599853622798749,0.5599853622798749,0.5599853622798749,0,E#T-X,0,26.078987988916815,31.178987988916813,flow_0012.0,2.7336193711987633,0.0
27.0,flow_001.0,-1.6,18.439470609291195,0.7630828035839874,6.235662530525833,flow_00.0,0.7953021125536895,0.7953021125536895,0.7953021125536895,0.7953021125536895,0.7953021125536897,0,E#T-X,0,26.460529390708807,31.560529390708805,flow_0012.0,3.6302854906036996,0.0
27.5,flow_001.0,-1.6,17.833647170092803,1.2116468783967824,1000.0,,0.8971281496255898,0.8971281496255898,0.8971281496255898,0.8971281496255898,0.8971281496255901,0,E#T-X,0,27.066352829907196,32.1663528299072,flow_0012.0,-1002.2116468783968,0.0
28.0,flow_001.0,-1.6,16.977824396105163,1.7116455479752766,1000.0,,0.9999973391569883,0.9999973391569883,0.9999973391569883,0.9999973391569883,0.9999973391569883,0,E#T-X,0,27.922175603894836,33.02217560389484,flow_0012.0,-1002.7116455479753,0.0
28.5,flow_001.0,-1.6,15.872004271290578,2.2116402496291676,1000.0,,0.999989403307782,0.999989403307782,0.999989403307782,0.999989403307782,0.9999894033077821,0,E#T-X,0,29.02799572870942,34.12799572870942,flow_0012.0,-1003.2116402496291,0.0
29.0,flow_001.0,-1.6,14.516191530837169,2.711625480906824,1000.0,,0.9999704625553127,0.9999704625553127,0.9999704625553127,0.9999704625553127,0.9999704625553125,0,E#T-X,0,30.38380846916283,35.48380846916283,flow_0012.0,-1003.7116254809068,0.0
29.5,flow_001.0,-1.6,12.910395477212738,3.211592107248867,1000.0,,0.9999332526840864,0.9999332526840864,0.9999332526840864,0.9999332526840864,0.9999332526840865,0,E#T-X,0,31.98960452278726,37.08960452278726,flow_0012.0,-1004.2115921072489,0.0
30.0,flow_001.0,-1.6706988682894695,11.057348422807074,3.7115264373249426,1000.0,,0.9998686601521507,0.9998686601521507,0.9998686601521507,0.9998686601521507,0.9998686601521509,0,:X_0,0,33.845367741449735,0.9453677414497363,flow_0012.0,-1004.7115264373249,0.0
30.5,flow_001.0,-1.849823446531835,8.669020712908866,4.7904189152726335,1000.0,,,,,,2.157784955895382,0,:X_0,0,36.240577199086054,3.340577199086053,flow_0012.0,-1005.7904189152727,0.0
31.0,flow_001.0,-2.7211379710083703,6.059128432162034,5.557057760397647,1000.0,,,,,,1.5332776902500278,0,:X_0,0,39.019106079284875,6.119106079284877,,-1006.5570577603977,0.0
31.5,flow_001.0,-4.589256211449542,3.774624329199332,5.978280245282372,1000.0,,,,,,0.8424449697694492,0,:X_0,0,42.00824620192606,9.108246201926063,,-1006.9782802452823,0.0
32.0,flow_001.0,-7.215645623241525,2.2501582039100336,6.162399561625592,1000.0,,,,,,0.36823863268643997,0,:X_0,0,45.08944598273886,12.189445982738858,,-1007.1623995616256,0.0
32.5,flow_001.0,-10.250655269902786,1.731200854757291,6.232337420816442,1000.0,,,,,,0.13987571838170076,0,:X_0,0,48.205614693147076,15.30561469314708,,-1007.2323374208164,0.0
33.0,flow_001.0,-13.374237430775146,1.6,6.257245475256128,1000.0,,,,,,0.04981610887937116,0,E#X-L,0,51.33423743077515,1.3742374307751462,,-1007.2572454752561,0.0
33.5,flow_001.0,-16.752387030477543,1.6,6.756299199404798,1000.0,,0.998107448297339,0.998107448297339,0.998107448297339,0.998107448297339,0.9981074482973398,0,E#X-L,0,54.712387030477544,4.752387030477545,,-1007.7562991994048,0.0
34.0,flow_001.0,-20.379893512446344,1.6,7.255012963937598,1000.0,,0.9974275290655996,0.9974275290655996,0.9974275290655996,0.9974275290655996,0.9974275290656003,0,E#X-L,0,58.339893512446345,8.379893512446344,,-1008.2550129639376,0.0
34.5,flow_001.0,-24.25654491242168,1.6,7.753302799950679,1000.0,,0.9965796720261617,0.9965796720261617,0.9965796720261617,0.9965796720261617,0.9965796720261615,0,E#X-L,0,62.21654491242168,12.256544912421683,flow_2012.0,-1008.7533027999507,0.0
35.0,flow_001.0,-28.382080986024924,1.6,8.251072147206484,1000.0,,0.9955386945116095,0.9955386945116095,0.9955386945116095,0.9955386945116095,0.9955386945116107,0,E#X-L,0,66.34208098602492,16.382080986024924,flow_2012.0,-1009.2510721472065,0.0
35.5,flow_001.0,-32.7561865310833,1.6,8.74821109011676,1000.0,,0.9942778858205524,0.9942778858205524,0.9942778858205524,0.9942778858205524,0.9942778858205514,0,E#X-L,0,70.71618653108331,20.756186531083305,flow_2012.0,-1009.7482110901168,0.0
36.0,flow_001.0,-37.378484352636534,1.6,9.244595643106459,1000.0,,0.9927691059793974,0.9927691059793974,0.9927691059793974,0.9927691059793974,0.9927691059793986,0,E#X-L,0,75.33848435263653,25.378484352636534,flow_2012.0,-1010.2445956431064,0.0
36.5,flow_001.0,-42.24852790035828,1.6,9.740087095443506,1000.0,,0.990982904674094,0.990982904674094,0.990982904674094,0.990982904674094,0.9909829046740946,0,E#X-L,0,80.20852790035829,30.248527900358287,flow_2012.0,-1010.7400870954435,0.0
37.0,flow_001.0,-47.36579361368422,1.6,10.23453142665186,1000.0,,0.9888886624167055,0.9888886624167055,0.9888886624167055,0.9888886624167055,0.9888886624167057,0,E#X-L,0,85.32579361368423,35.36579361368422,flow_2012.0,-1011.2345314266519,0.0
4.0,flow_101.0,44.9,1.6,0.0,1.9999281654892975,flow_10.0,,,,,0,0,E#R-X,0,0.0,5.1,,3.499912233063331,0.0
4.5,flow_101.0,44.9,1.6,0.0,3.9998379710800567,flow_10.0,-7.183838103563822e-05,-7.183838103563822e-05,-7.183838103563822e-05,-7.183838103563822e-05,0,0,E#R-X,0,0.0,5.1,,3.9998196111815183,0.5
5.0,flow_101.0,44.71250506371142,1.6,0.37498987257715694,6.062173842288537,flow_10.0,0.7499797451543139,0.7499797451543139,0.7499797451543139,0.7499797451543139,0.7499797451543139,0,E#R-X,0,0.18749493628857827,5.287494936288578,,4.124671742416963,0.0
5.5,flow_101.0,44.30222105364671,1.6,0.8205680201294177,8.151594115284906,flow_10.0,0.8911562951045213,0.8911562951045213,0.8911562951045213,0.8911562951045213,0.8911562951045214,0,E#R-X,0,0.5977789463532872,5.697778946353287,,4.17884054599274,0.0
6.0,flow_101.0,43.65698643520929,1.6,1.2904692368748374,10.255870969928466,flow_10.0,0.9398024334908395,0.9398024334908395,0.9398024334908395,0.9398024334908395,0.9398024334908395,0,E#R-X,0,1.2430135647907061,6.343013564790706,,4.20855370928712,0.0
6.5,flow_101.0,42.77125992248071,1.6,1.771453025457177,12.369373704217917,flow_10.0,0.9619675771646793,0.9619675771646793,0.9619675771646793,0.9619675771646793,0.9619675771646792,0,E#R-X,0,2.1287400775192946,7.228740077519294,,4.227005468578906,0.0
7.0,flow_101.0,41.64207233670965,1.6,2.2583751715421045,14.407618442771312,flow_10.0,0.9738442921698552,0.9738442921698552,0.9738442921698552,0.9738442921698552,0.9738442921698551,0,E#R-X,0,3.2579276632903476,8.357927663290347,,4.07648947710679,0.0
7.5,flow_101.0,40.26771021163866,1.6,2.748724250141997,15.95163715282687,flow_10.0,0.9806981571997854,0.9806981571997854,0.9806981571997854,0.9806981571997854,0.980698157199785,0,E#R-X,0,4.632289788361346,9.732289788361346,,3.088037420111113,0.0
8.0,flow_101.0,38.6472956776779,1.6,3.2408290679214975,16.64723891585437,flow_10.0,0.9842096355590013,0.9842096355590013,0.9842096355590013,0.9842096355590013,0.9842096355590009,0,E#R-X,0,6.252704322322094,11.352704322322094,flow_1012.0,1.3912035260549995,0.0
8.5,flow_101.0,36.78734458805896,1.6,3.719902179237906,16.45416986097229,flow_10.0,0.9581462226328173,0.9581462226328173,0.9581462226328173,0.9581462226328173,0.9581462226328172,0,E#R-X,0,8.112655411941047,13.212655411941046,flow_1012.0,-0.38613810976415985,0.0
9.0,flow_101.0,34.71417562400528,1.6,4.146337928107358,15.518172977471682,flow_10.0,0.8528714977389038,0.8528714977389038,0.8528714977389038,0.8528714977389038,0.8528714977389038,0,E#R-X,0,10.185824375994725,15.285824375994725,flow_1012.0,-1.8719937670012086,0.0
9.5,flow_101.0,32.48117956651497,1.6,4.465992114980608,14.025740870060371,flow_10.0,0.6393083737465011,0.6393083737465011,0.6393083737465011,0.6393083737465011,0.6393083737465002,0,E#R-X,0,12.41882043348503,17.51882043348503,flow_1012.0,-2.9848642148226183,0.0
10.0,flow_101.0,30.178513892904633,1.6,4.605331347220668,12.17045692091973,flow_10.0,0.27867846448011924,0.27867846448011924,0.27867846448011924,0.27867846448011924,0.27867846448011946,0,E#R-X,0,14.721486107095364,19.821486107095364,flow_1012.0,-3.7105678982812886,0.0
10.5,flow_101.0,27.93732397324166,1.6,4.4823798393259535,10.085516379929388,flow_10.0,-0.24590301578942797,-0.24590301578942797,-0.24590301578942797,-0.24590301578942797,-0.24590301578942864,0,E#R-X,0,16.962676026758338,22.06267602675834,flow_1012.0,-4.169881081980685,0.0
11.0,flow_101.0,25.93578832044725,1.6,4.003071305588819,8.083980727134978,flow_10.0,-0.9586170674742678,-0.9586170674742678,-0.9586170674742678,-0.9586170674742678,-0.9586170674742682,0,E#R-X,0,18.964211679552747,24.06421167955275,flow_1012.0,-4.003071305588819,0.0
11.5,flow_101.0,24.28638703222165,1.6,3.2988025764512026,6.684579438909378,flow_10.0,-1.4085374582752332,-1.4085374582752332,-1.4085374582752332,-1.4085374582752332,-1.4085374582752337,0,E#R-X,0,20.61361296777835,25.71361296777835,flow_1012.0,-2.7988025764512026,0.0
12.0,flow_101.0,22.847086287282693,1.6,2.878601489877915,5.24527869397042,flow_10.0,-0.8404021731465755,-0.8404021731465755,-0.8404021731465755,-0.8404021731465755,-0.8404021731465754,0,E#R-X,0,22.052913712717306,27.152913712717307,flow_1012.0,-2.878601489877915,0.0
12.5,flow_101.0,21.77798916186263,1.6,2.138194250840125,4.4261815685503585,flow_10.0,-1.4808144780755792,-1.4808144780755792,-1.4808144780755792,-1.4808144780755792,-1.4808144780755796,0,E#R-X,0,23.12201083813737,28.22201083813737,flow_1012.0,-1.638194250840125,0.0
13.0,flow_101.0,20.854548124500234,1.6,1.8468820747248031,3.7545481245002286,flow_10.0,-0.5826243522306439,-0.5826243522306439,-0.5826243522306439,-0.5826243522306439,-0.5826243522306438,0,E#R-X,0,24.045451875499772,29.14545187549977,flow_1012.0,-1.343266888100257,0.0
13.5,flow_101.0,20.09994404576478,1.6,1.5092081574708986,2.999944045764778,flow_10.0,-0.675347834507809,-0.675347834507809,-0.675347834507809,-0.675347834507809,-0.675347834507809,0,E#R-X,0,24.80005595423522,29.90005595423522,flow_1012.0,-1.5092081574708986,0.0
14.0,flow_101.0,19.642734848223775,1.6,0.914418395082003,2.542734848223777,flow_10.0,-1.1895795247777914,-1.1895795247777914,-1.1895795247777914,-1.1895795247777914,-1.1895795247777914,0,E#R-X,0,25.257265151776224,30.35726515177622,flow_1012.0,-0.914418395082003,0.0
14.5,flow_101.0,19.34539751541905,1.6,0.5946746656094564,2.24539751541905,flow_10.0,-0.6394874589450932,-0.6394874589450932,-0.6394874589450932,-0.6394874589450932,-0.6394874589450932,0,E#R-X,0,25.554602484580947,30.65460248458095,flow_1012.0,-0.5946746656094564,0.0
15.0,flow_101.0,19.170068346059296,1.6,0.3506583387195098,2.070068346059294,flow_10.0,-0.48803265377989313,-0.48803265377989313,-0.48803265377989313,-0.48803265377989313,-0.48803265377989313,0,E#R-X,0,25.729931653940703,30.829931653940704,flow_1012.0,-0.3506583387195098,0.0
15.5,flow_101.0,19.08102089410063,1.6,0.17809490391733135,1.9810208941006273,flow_10.0,-0.3451268696043569,-0.3451268696043569,-0.3451268696043569,-0.3451268696043569,-0.3451268696043569,0,E#R-X,0,25.818979105899373,30.91897910589937,flow_1012.0,-0.17809490391733135,0.0
16.0,flow_101.0,19.047792081696045,1.6,0.06645762480916506,1.9477920816960435,flow_10.0,-0.22327455821633257,-0.22327455821633257,-0.22327455821633257,-0.22327455821633257,-0.22327455821633257,0,E#R-X,0,25.852207918303954,30.952207918303955,flow_1012.0,-0.06645762480916506,0.5
16.5,flow_101.0,19.046443992201233,1.6,0.002696178989624376,1.9464439922012318,flow_10.0,-0.12752289163908137,-0.12752289163908137,-0.12752289163908137,-0.12752289163908137,-0.12752289163908137,0,E#R-X,0,25.853556007798765,30.953556007798767,flow_1012.0,-0.002696178989624376,1.0
17.0,flow_101.0,19.046443992201233,1.6,0.0,1.9464439922012318,flow_10.0,-0.058638300360427276,-0.058638300360427276,-0.058638300360427276,-0.058638300360427276,-0.005392357979248752,0,E#R-X,0,25.853556007798765,30.953556007798767,flow_1012.0,0.0,1.5
17.5,flow_101.0,19.046443992201233,1.6,0.0,1.9464439922012318,flow_10.0,-0.05578665433914631,-0.05578665433914631,-0.05578665433914631,-0.05578665433914631,0.0,0,E#R-X,0,25.853556007798765,30.953556007798767,flow_1012.0,0.0,2.0
18.0,flow_101.0,19.046443992201233,1.6,0.0,1.9464439922012318,flow_10.0,-0.05578665433914631,-0.05578665433914631,-0.05578665433914631,-0.05578665433914631,0.0,0,E#R-X,0,25.853556007798765,30.953556007798767,flow_1012.0,0.0,2.5
18.5,flow_101.0,19.046443992201233,1.6,0.0,1.9464439922012318,flow_10.0,-0.05578665433914631,-0.05578665433914631,-0.05578665433914631,-0.05578665433914631,0.0,0,E#R-X,0,25.853556007798765,30.953556007798767,flow_1012.0,0.0,3.0
19.0,flow_101.0,19.046443992201233,1.6,0.0,1.9464439922012318,flow_10.0,-0.05578665433914631,-0.05578665433914631,-0.05578665433914631,-0.05578665433914631,0.0,0,E#R-X,0,25.853556007798765,30.953556007798767,flow_1012.0,0.0,3.5
19.5,flow_101.0,19.046443992201233,1.6,0.0,1.9464439922012318,flow_10.0,-0.05578665433914631,-0.05578665433914631,-0.05578665433914631,-0.05578665433914631,0.0,0,E#R-X,0,25.853556007798765,30.953556007798767,flow_1012.0,0.0,4.0
20.0,flow_101.0,19.046443992201233,1.6,0.0,2.1964439922012318,flow_10.0,-0.05578665433914631,-0.05578665433914631,-0.05578665433914631,-0.05578665433914631,0.0,0,E#R-X,0,25.853556007798765,30.953556007798767,flow_1012.0,0.5,4.5
20.5,flow_101.0,19.00372510567588,1.6,0.08543777305071604,3.0537091427418233,flow_10.0,0.17087554610143207,0.17087554610143207,0.17087554610143207,0.17087554610143207,0.17087554610143207,0,E#R-X,0,25.896274894324122,30.996274894324124,flow_1012.0,1.714530301081182,5.0
21.0,flow_101.0,18.82100988667424,1.6,0.3654304380032716,4.42056807853124,flow_10.0,0.5599853299051111,0.5599853299051111,0.5599853299051111,0.5599853299051111,0.5599853299051111,0,E#R-X,0,26.07899011332576,31.17899011332576,flow_1012.0,2.733717871578839,0.0
21.5,flow_101.0,18.439468021410512,1.6,0.7630837305274571,6.236049448494633,flow_10.0,0.7953065850483712,0.7953065850483712,0.7953065850483712,0.7953065850483712,0.7953065850483712,0,E#R-X,0,26.460531978589486,31.560531978589488,flow_1012.0,3.6309627399267868,0.0
22.0,flow_101.0,17.833640927492098,1.6,1.2116541878368352,1000.0,,0.8971409146187561,0.8971409146187561,0.8971409146187561,0.8971409146187561,0.8971409146187561,0,E#R-X,0,27.0663590725079,32.1663590725079,flow_1012.0,-1002.2116541878369,0.0
22.5,flow_101.0,16.977814498800484,1.6,1.7116528573832253,1000.0,,0.99999733909278,0.99999733909278,0.99999733909278,0.99999733909278,0.9999973390927801,0,E#R-X,0,27.922185501199515,33.022185501199516,flow_1012.0,-1002.7116528573832,0.0
23.0,flow_101.0,15.87199071932718,1.6,2.2116475589466114,1000.0,,0.9999894031267724,0.9999894031267724,0.9999894031267724,0.9999894031267724,0.9999894031267722,0,E#R-X,0,29.02800928067282,34.12800928067282,flow_1012.0,-1003.2116475589467,0.0
23.5,flow_101.0,14.516174324312665,1.6,2.7116327900290282,1000.0,,0.999970462164834,0.999970462164834,0.999970462164834,0.999970462164834,0.9999704621648338,0,E#R-X,0,30.383825675687334,35.483825675687335,flow_1012.0,-1003.7116327900291,0.0
24.0,flow_101.0,12.910374616307045,1.6,3.2115994160112384,1000.0,,0.9999332519644202,0.9999332519644202,0.9999332519644202,0.9999332519644202,0.9999332519644204,0,E#R-X,0,31.989625383692953,37.089625383692955,flow_1012.0,-1004.2115994160113,0.0
24.5,flow_101.0,11.057323978253839,1.670700701630962,3.71153374548952,1000.0,,0.999868658956563,0.999868658956563,0.999868658956563,0.999868658956563,0.9998686589565633,0,:X_3,0,33.84539225643771,0.9453922564377137,flow_3012.0,-1004.7115337454895,0.0
25.0,flow_101.0,8.633305405324672,1.8525020946006496,4.862006321245998,1000.0,,,,,,2.3009451515129555,0,:X_3,0,36.27639541706071,3.3763954170607127,flow_3012.0,-1005.862006321246,0.0
25.5,flow_101.0,5.925605057525953,2.777628629508251,5.77540573973938,1000.0,,,,,,1.8267988369867645,0,:X_3,0,39.164098286930404,6.264098286930403,flow_3012.0,-1006.7754057397394,0.0
26.0,flow_101.0,3.529852240015529,4.828588920873704,6.373016356677958,1000.0,,,,,,1.195221233877156,0,:X_3,0,42.35060646526938,9.45060646526938,flow_3012.0,-1007.3730163566779,0.0
26.5,flow_101.0,2.0025199978487023,7.770355204818907,6.692719810347916,1000.0,,,,,,0.6394069073399162,0,:X_3,0,45.696966370443334,12.79696637044334,flow_3012.0,-1007.692719810348,0.0
27.0,flow_101.0,1.6630648276242268,11.159135631676977,6.839492775009097,1000.0,,,,,,0.29354592932236123,0,:X_3,0,49.11671275794789,16.21671275794789,flow_3012.0,-1007.8394927750091,0.0
27.5,flow_101.0,1.6,14.6073060400204,6.901186564145025,1000.0,,,,,,0.12338757827185631,0,E#X-T,0,52.5673060400204,2.6073060400204007,flow_3012.0,-1007.9011865641451,0.0
28.0,flow_101.0,1.6,18.3071992382379,7.399786396435,1000.0,,0.9971996645799511,0.9971996645799511,0.9971996645799511,0.9971996645799511,0.9971996645799504,0,E#X-T,0,56.2671992382379,6.307199238237901,flow_3012.0,-1008.399786396435,0.0
28.5,flow_101.0,1.6,22.25616703170669,7.897935586937576,1000.0,,0.9962983810051522,0.9962983810051522,0.9962983810051522,0.9962983810051522,0.9962983810051522,0,E#X-T,0,60.21616703170669,10.256167031706688,flow_3012.0,-1008.8979355869376,0.0
29.0,flow_101.0,1.6,26.453933918277023,8.39553377314067,1000.0,,0.995196372406187,0.995196372406187,0.995196372406187,0.995196372406187,0.9951963724061876,0,E#X-T,0,64.41393391827702,14.453933918277023,,-1009.3955337731406,0.0
29.5,flow_101.0,1.6,30.900167430328917,8.892467024103789,1000.0,,0.9938665019262365,0.9938665019262365,0.9938665019262365,0.9938665019262365,0.993866501926238,0,E#X-T,0,68.86016743032891,18.900167430328917,,-1009.8924670241038,0.0
30.0,flow_101.0,1.6,35.59447100133272,9.388607142007604,1000.0,,0.9922802358076286,0.9922802358076286,0.9922802358076286,0.9922802358076286,0.9922802358076304,0,E#X-T,0,73.55447100133273,23.59447100133272,,-1010.3886071420076,0.0
30.5,flow_101.0,1.6,40.5363765144799,9.88381102629436,1000.0,,0.9904077685735124,0.9904077685735124,0.9904077685735124,0.9904077685735124,0.9904077685735118,0,E#X-T,0,78.4963765144799,28.5363765144799,,-1010.8838110262943,0.0
31.0,flow_101.0,1.6,45.72533657038248,10.377920111805155,1000.0,,0.9882181710215882,0.9882181710215882,0.9882181710215882,0.9882181710215882,0.9882181710215896,0,E#X-T,0,83.68533657038247,33.72533657038248,,-1011.3779201118051,0.0
4.0,flow_201.0,1.6,-44.9,0.0,1.9999281654892975,flow_20.0,,,,,0,0,E#D-X,0,0.0,5.1,,3.499912233063331,0.0
4.5,flow_201.0,1.6,-44.9,0.0,3.9998379710800567,flow_20.0,-7.183838103563822e-05,-7.183838103563822e-05,-7.183838103563822e-05,-7.183838103563822e-05,0,0,E#D-X,0,0.0,5.1,,3.9998196111815183,0.5
5.0,flow_201.0,1.6,-44.71250506371142,0.37498987257715694,6.062173842288537,flow_20.0,0.7499797451543139,0.7499797451543139,0.7499797451543139,0.7499797451543139,0.7499797451543139,0,E#D-X,0,0.18749493628857827,5.287494936288578,,4.124671742416963,0.0
5.5,flow_201.0,1.6,-44.30222105364671,0.8205680201294177,8.151594115284906,flow_20.0,0.8911562951045213,0.8911562951045213,0.8911562951045213,0.8911562951045213,0.8911562951045214,0,E#D-X,0,0.5977789463532872,5.697778946353287,,4.17884054599274,0.0
6.0,flow_201.0,1.6,-43.65698643520929,1.2904692368748374,10.255870969928466,flow_20.0,0.9398024334908395,0.9398024334908395,0.9398024334908395,0.9398024334908395,0.9398024334908395,0,E#D-X,0,1.2430135647907061,6.343013564790706,,4.20855370928712,0.0
6.5,flow_201.0,1.6,-42.77125992248071,1.771453025457177,12.369373704217917,flow_20.0,0.9619675771646793,0.9619675771646793,0.9619675771646793,0.9619675771646793,0.9619675771646792,0,E#D-X,0,2.1287400775192946,7.228740077519294,,4.227005468578906,0.0
7.0,flow_201.0,1.6,-41.64207233670965,2.2583751715421045,14.38793897946552,flow_20.0,0.9738442921698552,0.9738442921698552,0.9738442921698552,0.9738442921698552,0.9738442921698551,0,E#D-X,0,3.2579276632903476,8.357927663290347,,4.03713055049521,0.0
7.5,flow_201.0,1.6,-40.267723398977594,2.7486978754641105,15.912003926427403,flow_20.0,0.9806454078440117,0.9806454078440117,0.9806454078440117,0.9806454078440117,0.9806454078440119,0,E#D-X,0,4.632276601022403,9.732276601022402,,3.048129893923765,0.0
8.0,flow_201.0,1.6,-38.647341653416234,3.2407634911227348,16.608283990853327,flow_20.0,0.9841312313172489,0.9841312313172489,0.9841312313172489,0.9841312313172489,0.9841312313172486,0,E#D-X,0,6.25265834658377,11.35265834658377,flow_2012.0,1.3925601288518479,0.0
8.5,flow_201.0,1.6,-36.787461097422586,3.7197611119872867,16.425570503803563,flow_20.0,0.9579952417291034,0.9579952417291034,0.9579952417291034,0.9579952417291034,0.9579952417291038,0,E#D-X,0,8.112538902577413,13.212538902577412,flow_2012.0,-0.36542697409952085,0.0
9.0,flow_201.0,1.6,-34.71412209104499,4.146678012755192,15.498887118669984,flow_20.0,0.8538338015358109,0.8538338015358109,0.8538338015358109,0.8538338015358109,0.8538338015358109,0,E#D-X,0,10.185877908955009,15.285877908955008,flow_2012.0,-1.8533667702671655,0.0
9.5,flow_201.0,1.6,-32.48058157408001,4.46708103392996,14.01300000775636,flow_20.0,0.6408060423495343,0.6408060423495343,0.6408060423495343,0.6408060423495343,0.640806042349535,0,E#D-X,0,12.419418425919988,17.519418425919987,flow_2012.0,-2.971774221827248,0.0
10.0,flow_201.0,1.6,-30.177049411424534,4.607064325310957,12.162390107910518,flow_20.0,0.2799665827619956,0.2799665827619956,0.2799665827619956,0.2799665827619956,0.27996658276199504,0,E#D-X,0,14.722950588575467,19.822950588575466,flow_2012.0,-3.7012197996916836,0.0
10.5,flow_201.0,1.6,-27.93479955661528,4.484499709618508,10.084147676610147,flow_20.0,-0.24512923138489806,-0.24512923138489806,-0.24512923138489806,-0.24512923138489806,-0.2451292313848974,0,E#D-X,0,16.965200443384724,22.06520044338472,flow_2012.0,-4.156484862600736,0.0
11.0,flow_201.0,1.6,-25.93103360504644,4.007531903137675,8.08038172504131,flow_20.0,-0.9539356129616676,-0.9539356129616676,-0.9539356129616676,-0.9539356129616676,-0.9539356129616667,0,E#D-X,0,18.96896639495356,24.06896639495356,flow_2012.0,-4.007531903137675,0.0
11.5,flow_201.0,1.6,-24.281770113365244,3.2985269833623927,6.681118233360113,flow_20.0,-1.4180098395505647,-1.4180098395505647,-1.4180098395505647,-1.4180098395505647,-1.4180098395505647,0,E#D-X,0,20.618229886634758,25.718229886634756,flow_2012.0,-2.7985269833623927,0.0
12.0,flow_201.0,1.6,-22.84298628620405,2.877567654322394,5.242334406198918,flow_20.0,-0.8419186580799971,-0.8419186580799971,-0.8419186580799971,-0.8419186580799971,-0.8419186580799973,0,E#D-X,0,22.057013713795953,27.15701371379595,flow_2012.0,-2.877567654322394,0.0
12.5,flow_201.0,1.6,-21.774582430550243,2.1368077113076094,4.423930550545112,flow_20.0,-1.4815198860295695,-1.4815198860295695,-1.4815198860295695,-1.4815198860295695,-1.4815198860295693,0,E#D-X,0,23.12541756944976,28.225417569449757,flow_2012.0,-1.6368077113076094,0.0
13.0,flow_201.0,1.6,-20.85173632200527,1.845692217089947,3.751736322005268,flow_20.0,-0.5822309884353247,-0.5822309884353247,-0.5822309884353247,-0.5822309884353247,-0.5822309884353247,0,E#D-X,0,24.048263677994733,29.14826367799473,flow_2012.0,-1.344388457079685,0.0
13.5,flow_201.0,1.6,-20.098183063974254,1.5071065160620294,2.9981830639742526,flow_20.0,-0.6771714020558351,-0.6771714020558351,-0.6771714020558351,-0.6771714020558351,-0.6771714020558353,0,E#D-X,0,24.801816936025745,29.901816936025746,flow_2012.0,-1.5071065160620294,0.0
14.0,flow_201.0,1.6,-19.641510567589464,0.9133449927695834,2.5415105675894623,flow_20.0,-1.187523046584892,-1.187523046584892,-1.187523046584892,-1.187523046584892,-1.187523046584892,0,E#D-X,0,25.258489432410535,30.358489432410536,flow_2012.0,-0.9133449927695834,0.0
14.5,flow_201.0,1.6,-19.34463266598707,0.5937558032047829,2.2446326659870692,flow_20.0,-0.6391783791296007,-0.6391783791296007,-0.6391783791296007,-0.6391783791296007,-0.6391783791296008,0,E#D-X,0,25.555367334012928,30.65536733401293,flow_2012.0,-0.5937558032047829,0.0
15.0,flow_201.0,1.6,-19.1696456409186,0.3499740501369451,2.0696456409185977,flow_20.0,-0.4875635061356757,-0.4875635061356757,-0.4875635061356757,-0.4875635061356757,-0.4875635061356757,0,E#D-X,0,25.730354359081403,30.8303543590814,flow_2012.0,-0.3499740501369451,0.0
15.5,flow_201.0,1.6,-19.080831133001496,0.17762901583420976,1.9808311330014945,flow_20.0,-0.3446900686054707,-0.3446900686054707,-0.3446900686054707,-0.3446900686054707,-0.3446900686054707,0,E#D-X,0,25.819168866998503,30.919168866998504,flow_2012.0,-0.17762901583420976,0.0
16.0,flow_201.0,1.6,-19.047744909916172,0.06617244617064705,1.947744909916171,flow_20.0,-0.22291313932712542,-0.22291313932712542,-0.22291313932712542,-0.22291313932712542,-0.22291313932712542,0,E#D-X,0,25.85225509008383,30.952255090083828,flow_2012.0,-0.06617244617064705,0.5
16.5,flow_201.0,1.6,-19.046471123198092,0.0025475734361578573,1.9464711231980907,flow_20.0,-0.12724974546897838,-0.12724974546897838,-0.12724974546897838,-0.12724974546897838,-0.12724974546897838,0,E#D-X,0,25.85352887680191,30.953528876801908,flow_2012.0,-0.0025475734361578573,1.0
17.0,flow_201.0,1.6,-19.046471123198092,0.0,1.9464711231980907,flow_20.0,-0.058451355199486965,-0.058451355199486965,-0.058451355199486965,-0.058451355199486965,-0.0050951468723157145,0,E#D-X,0,25.85352887680191,30.953528876801908,flow_2012.0,0.0,1.5
17.5,flow_201.0,1.6,-19.046471123198092,0.0,1.9464711231980907,flow_20.0,-0.055757222261342276,-0.055757222261342276,-0.055757222261342276,-0.055757222261342276,0.0,0,E#D-X,0,25.85352887680191,30.953528876801908,flow_2012.0,0.0,2.0
18.0,flow_201.0,1.6,-19.046471123198092,0.0,1.9464711231980907,flow_20.0,-0.055757222261342276,-0.055757222261342276,-0.055757222261342276,-0.055757222261342276,0.0,0,E#D-X,0,25.85352887680191,30.953528876801908,flow_2012.0,0.0,2.5
18.5,flow_201.0,1.6,-19.046471123198092,0.0,1.9464711231980907,flow_20.0,-0.055757222261342276,-0.055757222261342276,-0.055757222261342276,-0.055757222261342276,0.0,0,E#D-X,0,25.85352887680191,30.953528876801908,flow_2012.0,0.0,3.0
19.0,flow_201.0,1.6,-19.046471123198092,0.0,1.9464711231980907,flow_20.0,-0.055757222261342276,-0.055757222261342276,-0.055757222261342276,-0.055757222261342276,0.0,0,E#D-X,0,25.85352887680191,30.953528876801908,flow_2012.0,0.0,3.5
19.5,flow_201.0,1.6,-19.046471123198092,0.0,1.9464711231980907,flow_20.0,-0.055757222261342276,-0.055757222261342276,-0.055757222261342276,-0.055757222261342276,0.0,0,E#D-X,0,25.85352887680191,30.953528876801908,flow_2012.0,0.0,4.0
20.0,flow_201.0,1.6,-19.046471123198092,0.0,1.9464711231980907,flow_20.0,-0.055757222261342276,-0.055757222261342276,-0.055757222261342276,-0.055757222261342276,0.0,0,E#D-X,0,25.85352887680191,30.953528876801908,flow_2012.0,0.0,4.5
20.5,flow_201.0,1.6,-19.046471123198092,0.0,1.9509146859832533,flow_20.0,-0.055757222261342276,-0.055757222261342276,-0.055757222261342276,-0.055757222261342276,0.0,0,E#D-X,0,25.85352887680191,30.953528876801908,flow_2012.0,0.008887125570323345,5.0
21.0,flow_201.0,1.6,-19.046471123198092,0.0,1.9509146859832533,flow_20.0,-0.050953341429750276,-0.050953341429750276,-0.050953341429750276,-0.050953341429750276,0.0,0,E#D-X,0,25.85352887680191,30.953528876801908,flow_2012.0,0.0,5.5
21.5,flow_201.0,1.6,-19.046471123198092,0.0,1.9509146859832533,flow_20.0,-0.050953341429750276,-0.050953341429750276,-0.050953341429750276,-0.050953341429750276,0.0,0,E#D-X,0,25.85352887680191,30.953528876801908,flow_2012.0,0.0,6.0
22.0,flow_201.0,1.6,-19.046471123198092,0.0,1.9509146859832533,flow_20.0,-0.050953341429750276,-0.050953341429750276,-0.050953341429750276,-0.050953341429750276,0.0,0,E#D-X,0,25.85352887680191,30.953528876801908,flow_2012.0,0.0,6.5
22.5,flow_201.0,1.6,-19.046471123198092,0.0,1.9509146859832533,flow_20.0,-0.050953341429750276,-0.050953341429750276,-0.050953341429750276,-0.050953341429750276,0.0,0,E#D-X,0,25.85352887680191,30.953528876801908,flow_2012.0,0.0,7.0
23.0,flow_201.0,1.6,-19.046471123198092,0.0,1.9509146859832533,flow_20.0,-0.050953341429750276,-0.050953341429750276,-0.050953341429750276,-0.050953341429750276,0.0,0,E#D-X,0,25.85352887680191,30.953528876801908,flow_2012.0,0.0,7.5
23.5,flow_201.0,1.6,-19.046471123198092,0.0,1.9509146859832533,flow_20.0,-0.050953341429750276,-0.050953341429750276,-0.050953341429750276,-0.050953341429750276,0.0,0,E#D-X,0,25.85352887680191,30.953528876801908,flow_2012.0,0.0,8.0
24.0,flow_201.0,1.6,-19.046471123198092,0.0,1.9509146859832533,flow_20.0,-0.050953341429750276,-0.050953341429750276,-0.050953341429750276,-0.050953341429750276,0.0,0,E#D-X,0,25.85352887680191,30.953528876801908,flow_2012.0,0.0,8.5
24.5,flow_201.0,1.6,-19.046471123198092,0.0,1.9509146859832533,flow_20.0,-0.050953341429750276,-0.050953341429750276,-0.050953341429750276,-0.050953341429750276,0.0,0,E#D-X,0,25.85352887680191,30.953528876801908,flow_2012.0,0.0,9.0
25.0,flow_201.0,1.6,-19.046471123198092,0.0,1.9509146859832533,flow_20.0,-0.050953341429750276,-0.050953341429750276,-0.050953341429750276,-0.050953341429750276,0.0,0,E#D-X,0,25.85352887680191,30.953528876801908,flow_2012.0,0.0,9.5
25.5,flow_201.0,1.6,-19.046471123198092,0.0,1.9509146859832533,flow_20.0,-0.050953341429750276,-0.050953341429750276,-0.050953341429750276,-0.050953341429750276,0.0,0,E#D-X,0,25.85352887680191,30.953528876801908,flow_2012.0,0.0,10.0
26.0,flow_201.0,1.6,-19.046471123198092,0.0,1.9509146859832533,flow_20.0,-0.050953341429750276,-0.050953341429750276,-0.050953341429750276,-0.050953341429750276,0.0,0,E#D-X,0,25.85352887680191,30.953528876801908,flow_2012.0,0.0,10.5
26.5,flow_201.0,1.6,-19.046471123198092,0.0,1.9509146859832533,flow_20.0,-0.050953341429750276,-0.050953341429750276,-0.050953341429750276,-0.050953341429750276,0.0,0,E#D-X,0,25.85352887680191,30.953528876801908,flow_2012.0,0.0,11.0
27.0,flow_201.0,1.6,-19.046471123198092,0.0,1.9509146859832533,flow_20.0,-0.050953341429750276,-0.050953341429750276,-0.050953341429750276,-0.050953341429750276,0.0,0,E#D-X,0,25.85352887680191,30.953528876801908,flow_2012.0,0.0,11.5
27.5,flow_201.0,1.6,-19.046471123198092,0.0,1.9509146859832533,flow_20.0,-0.050953341429750276,-0.050953341429750276,-0.050953341429750276,-0.050953341429750276,0.0,0,E#D-X,0,25.85352887680191,30.953528876801908,flow_2012.0,0.0,12.0
28.0,flow_201.0,1.6,-19.046471123198092,0.0,1.9509146859832533,flow_20.0,-0.050953341429750276,-0.050953341429750276,-0.050953341429750276,-0.050953341429750276,0.0,0,E#D-X,0,25.85352887680191,30.953528876801908,flow_2012.0,0.0,12.5
28.5,flow_201.0,1.6,-19.046471123198092,0.0,1.9509146859832533,flow_20.0,-0.050953341429750276,-0.050953341429750276,-0.050953341429750276,-0.050953341429750276,0.0,0,E#D-X,0,25.85352887680191,30.953528876801908,flow_2012.0,0.0,13.0
29.0,flow_201.0,1.6,-19.046471123198092,0.0,2.19842397496458,flow_20.0,-0.050953341429750276,-0.050953341429750276,-0.050953341429750276,-0.050953341429750276,0.0,0,E#D-X,0,25.85352887680191,30.953528876801908,flow_2012.0,0.49501857796265236,13.5
29.5,flow_201.0,1.6,-19.003379034578995,0.08618417723819677,2.8697616156035473,flow_20.0,0.17236835447639354,0.17236835447639354,0.17236835447639354,0.17236835447639354,0.17236835447639354,0,E#D-X,0,25.896620965421008,30.996620965421005,flow_2012.0,1.3426752812779377,14.0
30.0,flow_201.0,1.6,-18.836486677788134,0.33378471358171985,4.040823768651794,flow_20.0,0.49520107268704616,0.49520107268704616,0.49520107268704616,0.49520107268704616,0.49520107268704616,0,E#D-X,0,26.06351332221187,31.163513322211866,flow_2012.0,2.342124306096493,0.0
30.5,flow_201.0,1.6,-18.481737142574957,0.7094990704263573,5.53407378513171,flow_20.0,0.7514287136892748,0.7514287136892748,0.7514287136892748,0.7514287136892748,0.7514287136892749,0,E#D-X,0,26.41826285742504,31.518262857425043,flow_2012.0,2.98650003295982,0.0
31.0,flow_201.0,1.6,-17.90963970975809,1.144194865633737,1000.0,,0.8693915904147596,0.8693915904147596,0.8693915904147596,0.8693915904147596,0.8693915904147596,0,E#D-X,0,26.99036029024191,32.09036029024191,flow_2012.0,-1002.1441948656337,0.0
31.5,flow_201.0,1.6,-17.087542805940366,1.6441938076354514,1000.0,,0.9999978840034289,0.9999978840034289,0.9999978840034289,0.9999978840034289,0.9999978840034287,0,E#D-X,0,27.812457194059633,32.912457194059634,flow_2012.0,-1002.6441938076355,0.0
32.0,flow_201.0,1.6,-16.01544815774828,2.1441892963841704,1000.0,,0.999990977497438,0.999990977497438,0.999990977497438,0.999990977497438,0.999990977497438,0,E#D-X,0,28.884551842251717,33.98455184225172,flow_2012.0,-1003.1441892963842,0.0
32.5,flow_201.0,1.6,-14.693360033459037,2.644176248578485,1000.0,,0.9999739043886298,0.9999739043886298,0.9999739043886298,0.9999739043886298,0.9999739043886295,0,E#D-X,0,30.206639966540962,35.30663996654096,flow_2012.0,-1003.6441762485784,0.0
33.0,flow_201.0,1.6,-13.121286996645686,3.1441460736267004,1000.0,,0.9999396500964305,0.9999396500964305,0.9999396500964305,0.9999396500964305,0.9999396500964304,0,E#D-X,0,31.778713003354312,36.878713003354314,flow_2012.0,-1004.1441460736266,0.0
33.5,flow_201.0,1.6524056886367011,-11.301257484843987,3.644085748833162,1000.0,,0.9998793504129234,0.9998793504129234,0.9998793504129234,0.9998793504129234,0.9998793504129235,0,:X_6,0,33.600755877770894,0.7007558777708951,flow_0012.0,-1004.6440857488332,0.0
34.0,flow_201.0,1.834020903041473,-8.87972129278036,4.857027254008319,1000.0,,,,,,2.4258830103503133,0,:X_6,0,36.02926950477505,3.1292695047750545,flow_0012.0,-1005.8570272540084,0.0
34.5,flow_201.0,2.7083727216487876,-6.08930083973923,5.914145087037663,1000.0,,,,,,2.114235666058688,0,:X_6,0,38.986342048293885,6.086342048293886,flow_0012.0,-1006.9141450870377,0.0
35.0,flow_201.0,4.827017904453012,-3.5314589613548746,6.7240342239430255,1000.0,,,,,,1.6197782738107254,0,:X_6,0,42.348359160265396,9.4483591602654,flow_0012.0,-1007.724034223943,0.0
35.5,flow_201.0,8.027350338147487,-1.8979487246389384,7.255088702844223,1000.0,,,,,,1.0621089578023941,0,:X_6,0,45.975903511687505,13.07590351168751,flow_0012.0,-1008.2550887028442,0.0
36.0,flow_201.0,11.794479546439288,-1.6154140340170535,7.555967692744397,1000.0,,,,,,0.6017579798003485,0,:X_6,0,49.75388735805971,16.85388735805971,flow_0012.0,-1008.5559676927444,0.0
36.5,flow_201.0,15.64840062348065,-1.6,7.709026530841883,1000.0,,,,,,0.30611767619497243,0,E#X-R,0,53.60840062348065,3.6484006234806508,flow_0012.0,-1008.7090265308419,0.0
37.0,flow_201.0,19.751823822005125,-1.6,8.206846397048949,1000.0,,0.9956397324141306,0.9956397324141306,0.9956397324141306,0.9956397324141306,0.9956397324141317,0,E#X-R,0,57.71182382200513,7.751823822005125,flow_0012.0,-1009.2068463970489,0.0
37.5,flow_201.0,24.10384691680799,-1.6,8.704046189605723,1000.0,,0.9943995851135492,0.9943995851135492,0.9943995851135492,0.9943995851135492,0.9943995851135483,0,E#X-R,0,62.06384691680799,12.103846916807987,flow_0012.0,-1009.7040461896057,0.0
38.0,flow_201.0,28.7040985173981,-1.6,9.200503201180227,1000.0,,0.9929140231490092,0.9929140231490092,0.9929140231490092,0.9929140231490092,0.9929140231490088,0,E#X-R,0,66.6640985173981,16.7040985173981,flow_0012.0,-1010.2005032011803,0.0
38.5,flow_201.0,33.55213854481677,-1.6,9.69608005483734,1000.0,,0.9911537073142246,0.9911537073142246,0.9911537073142246,0.9911537073142246,0.9911537073142256,0,E#X-R,0,71.51213854481676,21.55213854481677,flow_0012.0,-1010.6960800548374,0.0
39.0,flow_201.0,38.64745060116756,-1.6,10.190624112701586,1000.0,,0.9890881157284912,0.9890881157284912,0.9890881157284912,0.9890881157284912,0.9890881157284923,0,E#X-R,0,76.60745060116756,26.647450601167563,flow_0012.0,-1011.1906241127016,0.0
39.5,flow_201.0,43.98943408425441,-1.6,10.6839669661737,1000.0,,0.986685706944226,0.986685706944226,0.986685706944226,0.986685706944226,0.9866857069442254,0,E#X-R,0,81.94943408425442,31.989434084254412,flow_0012.0,-1011.6839669661737,0.0
40.0,flow_201.0,49.577396094537626,-1.6,11.175924020566427,1000.0,,0.9839141087854564,0.9839141087854564,0.9839141087854564,0.9839141087854564,0.9839141087854557,0,E#X-R,0,87.53739609453763,37.577396094537626,flow_0012.0,-1012.1759240205664,0.0
4.0,flow_301.0,-44.9,-1.6,0.0,1.9999281654892975,flow_30.0,,,,,0,0,E#L-X,0,0.0,5.1,,3.499912233063331,0.0
4.5,flow_301.0,-44.9,-1.6,0.0,3.9998379710800567,flow_30.0,-7.183838103563822e-05,-7.183838103563822e-05,-7.183838103563822e-05,-7.183838103563822e-05,0,0,E#L-X,0,0.0,5.1,,3.9998196111815183,0.5
5.0,flow_301.0,-44.71250506371142,-1.6,0.37498987257715694,6.062173842288537,flow_30.0,0.7499797451543139,0.7499797451543139,0.7499797451543139,0.7499797451543139,0.7499797451543139,0,E#L-X,0,0.18749493628857827,5.287494936288578,,4.124671742416963,0.0
5.5,flow_301.0,-44.30222105364671,-1.6,0.8205680201294177,8.151594115284906,flow_30.0,0.8911562951045213,0.8911562951045213,0.8911562951045213,0.8911562951045213,0.8911562951045214,0,E#L-X,0,0.5977789463532872,5.697778946353287,,4.17884054599274,0.0
6.0,flow_301.0,-43.65698643520929,-1.6,1.2904692368748374,10.255870969928466,flow_30.0,0.9398024334908395,0.9398024334908395,0.9398024334908395,0.9398024334908395,0.9398024334908395,0,E#L-X,0,1.2430135647907061,6.343013564790706,,4.20855370928712,0.0
6.5,flow_301.0,-42.77125992248071,-1.6,1.771453025457177,12.369373704217917,flow_30.0,0.9619675771646793,0.9619675771646793,0.9619675771646793,0.9619675771646793,0.9619675771646792,0,E#L-X,0,2.1287400775192946,7.228740077519294,,4.227005468578906,0.0
7.0,flow_301.0,-41.64207233670965,-1.6,2.2583751715421045,14.407113699127205,flow_30.0,0.9738442921698552,0.9738442921698552,0.9738442921698552,0.9738442921698552,0.9738442921698551,0,E#L-X,0,3.2579276632903476,8.357927663290347,,4.075479989818579,0.0
7.5,flow_301.0,-40.26771054919563,-1.6,2.748723575028055,15.950617513058459,flow_30.0,0.9806968069719006,0.9806968069719006,0.9806968069719006,0.9806968069719006,0.9806968069719009,0,E#L-X,0,4.632289450804375,9.732289450804375,,3.087007627862507,0.0
8.0,flow_301.0,-38.64729685523584,-1.6,3.2408273879195773,16.646242932246302,flow_30.0,0.9842076257830447,0.9842076257830447,0.9842076257830447,0.9842076257830447,0.9842076257830445,0,E#L-X,0,6.252703144764164,11.352703144764163,flow_3012.0,1.391250838375686,0.0
8.5,flow_301.0,-36.78734746510996,-1.6,3.7198987802517545,16.45344084827432,flow_30.0,0.9581427846643544,0.9581427846643544,0.9581427846643544,0.9581427846643544,0.9581427846643544,0,E#L-X,0,8.11265253489004,13.21265253489004,flow_3012.0,-0.38560416794396524,0.0
9.0,flow_301.0,-34.714173964859405,-1.6,4.146347000501106,15.517681580072187,flow_30.0,0.8528964404987037,0.8528964404987037,0.8528964404987037,0.8528964404987037,0.8528964404987036,0,E#L-X,0,10.185826035140593,15.285826035140593,flow_3012.0,-1.871518536404266,0.0
9.5,flow_301.0,-32.48116382787482,-1.6,4.466020273969159,14.025416141806947,flow_30.0,0.6393465469361046,0.6393465469361046,0.6393465469361046,0.6393465469361046,0.639346546936105,0,E#L-X,0,12.418836172125173,17.518836172125173,flow_3012.0,-2.984530876530479,0.0
10.0,flow_301.0,-30.178475918405013,-1.6,4.605375818939631,12.170251532366613,flow_30.0,0.2787110899409446,0.2787110899409446,0.2787110899409446,0.2787110899409446,0.27871108994094485,0,E#L-X,0,14.721524081594987,19.821524081594987,flow_3012.0,-3.710329218880675,0.0
10.5,flow_301.0,-27.937258830152317,-1.6,4.482434176505384,10.085483731795467,flow_30.0,-0.24588328486849376,-0.24588328486849376,-0.24588328486849376,-0.24588328486849376,-0.2458832848684942,0,E#L-X,0,16.962741169847682,22.06274116984768,flow_3012.0,-4.169535601142286,0.0
11.0,flow_301.0,-25.935665512650353,-1.6,4.003186635003936,8.0838904142935,flow_30.0,-0.958495083002896,-0.958495083002896,-0.958495083002896,-0.958495083002896,-0.9584950830028962,0,E#L-X,0,18.964334487349646,24.064334487349647,flow_3012.0,-4.003186635003936,0.0
11.5,flow_301.0,-24.28626727432474,-1.6,3.2987964766512268,6.684492175967886,flow_30.0,-1.4087803167054185,-1.4087803167054185,-1.4087803167054185,-1.4087803167054185,-1.4087803167054185,0,E#L-X,0,20.613732725675263,25.71373272567526,flow_3012.0,-2.7987964766512268,0.0
12.0,flow_301.0,-22.84697943118466,-1.6,2.878575686280156,5.245204332827807,flow_30.0,-0.840441580742142,-0.840441580742142,-0.840441580742142,-0.840441580742142,-0.8404415807421417,0,E#L-X,0,22.05302056881534,27.15302056881534,flow_3012.0,-2.878575686280156,0.0
12.5,flow_301.0,-21.77789981161375,-1.6,2.1381592391418174,4.426124713256897,flow_30.0,-1.480832894276677,-1.480832894276677,-1.480832894276677,-1.480832894276677,-1.480832894276677,0,E#L-X,0,23.12210018838625,28.22210018838625,flow_3012.0,-1.6381592391418174,0.0
13.0,flow_301.0,-20.854473797812556,-1.6,1.8468520276023883,3.7544737978125546,flow_30.0,-0.5826144230788581,-0.5826144230788581,-0.5826144230788581,-0.5826144230788581,-0.5826144230788581,0,E#L-X,0,24.045526202187446,29.145526202187444,flow_3012.0,-1.3433018308886817,0.0
13.5,flow_301.0,-20.099897847391272,-1.6,1.5091519008425647,2.9998978473912707,flow_30.0,-0.6754002535196475,-0.6754002535196475,-0.6754002535196475,-0.6754002535196475,-0.6754002535196473,0,E#L-X,0,24.80010215260873,29.900102152608728,flow_3012.0,-1.5091519008425647,0.0
14.0,flow_301.0,-19.64270266651859,-1.6,0.914390361745365,2.79270266651859,flow_30.0,-1.1895230781943993,-1.1895230781943993,-1.1895230781943993,-1.1895230781943993,-1.1895230781943993,0,E#L-X,0,25.25729733348141,30.35729733348141,flow_3012.0,-0.41439036174536503,0.0
14.5,flow_301.0,-19.23743854100309,-1.6,0.8105282510310048,3.2874222014185612,flow_30.0,-0.2077242214287206,-0.2077242214287206,-0.2077242214287206,-0.2077242214287206,-0.2077242214287205,0,E#L-X,0,25.66256145899691,30.76256145899691,flow_3012.0,0.9894390697999438,0.0
15.0,flow_301.0,-18.724809702643874,-1.6,1.0252576767184358,4.324357472734839,flow_30.0,0.42945885137486184,0.42945885137486184,0.42945885137486184,0.42945885137486184,0.42945885137486206,0,E#L-X,0,26.175190297356124,31.275190297356126,flow_3012.0,2.0738705426325414,0.0
15.5,flow_301.0,-18.024394804922768,-1.6,1.4008297954422106,5.8208957076286545,flow_30.0,0.7511442374475494,0.7511442374475494,0.7511442374475494,0.7511442374475494,0.7511442374475497,0,E#L-X,0,26.875605195077235,31.975605195077232,flow_3012.0,2.9930764697876446,0.0
16.0,flow_301.0,-17.10349457179081,-1.6,1.8418004662639071,1000.0,,0.8819413416433932,0.8819413416433932,0.8819413416433932,0.8819413416433932,0.881941341643393,0,E#L-X,0,27.796505428209187,32.89650542820919,flow_3012.0,-1002.8418004662639,0.0
16.5,flow_301.0,-15.932597890269136,-1.6,2.3417933630433514,1000.0,,0.9999857935588885,0.9999857935588885,0.9999857935588885,0.9999857935588885,0.9999857935588885,0,E#L-X,0,28.967402109730862,34.067402109730864,flow_3012.0,-1003.3417933630434,0.0
17.0,flow_301.0,-14.511710490912222,-1.6,2.8417747987138267,1000.0,,0.9999628713409504,0.9999628713409504,0.9999628713409504,0.9999628713409504,0.9999628713409505,0,E#L-X,0,30.388289509087777,35.48828950908778,flow_3012.0,-1003.8417747987138,0.0
17.5,flow_301.0,-12.84084322015783,-1.6,3.3417345415087807,1000.0,,0.999919485589908,0.999919485589908,0.999919485589908,0.999919485589908,0.9999194855899081,0,E#L-X,0,32.05915677984217,37.15915677984217,flow_3012.0,-1004.3417345415088,0.0
18.0,flow_301.0,-10.923117377678501,-1.6807661966741123,3.8416575624181504,1000.0,,0.9998460418187393,0.9998460418187393,0.9998460418187393,0.9998460418187393,0.9998460418187394,0,:X_9,0,33.979985561051244,1.0799855610512452,flow_3012.0,-1004.8416575624182,0.0
18.5,flow_301.0,-8.43280928528202,-1.8675393036038486,4.994967374548894,1000.0,,,,,,2.3066196242614874,0,:X_9,0,36.47746924832569,3.5774692483256922,flow_3012.0,-1005.9949673745489,0.0
19.0,flow_301.0,-5.672136170025831,-2.8848654665275335,5.923738675355826,1000.0,,,,,,1.8575426016138632,0,:X_9,0,39.4393385860036,6.5393385860036055,,-1006.9237386753558,0.0
19.5,flow_301.0,-3.2697034626433767,-5.082956614304254,6.550270723956405,1000.0,,,,,,1.2530640972011593,0,:X_9,0,42.71447394798181,9.814473947981808,,-1007.5502707239564,0.0
20.0,flow_301.0,-1.883815147175281,-8.215798037662918,6.900840516044547,1000.0,,,,,,0.7011395841762837,0,:X_9,0,46.16489420600408,13.264894206004081,,-1007.9008405160446,0.0
20.5,flow_301.0,-1.6194457108234277,-11.74072385568763,7.070165138400601,1000.0,,,,,,0.3386492447121068,0,:X_9,0,49.69997677520438,16.79997677520438,,-1008.0701651384006,0.0
21.0,flow_301.0,-1.6,-15.312464075071045,7.144974599733326,1000.0,,,,,,0.14961892266545007,0,E#X-D,0,53.27246407507104,3.312464075071045,,-1008.1449745997334,0.0
21.5,flow_301.0,-1.6,-19.13414700145197,7.643365852761852,1000.0,,0.9967825060570538,0.9967825060570538,0.9967825060570538,0.9967825060570538,0.9967825060570537,0,E#X-D,0,57.09414700145197,7.1341470014519714,,-1008.6433658527618,0.0
22.0,flow_301.0,-1.6,-23.204776527185718,8.141259051467495,1000.0,,0.9957863974112867,0.9957863974112867,0.9957863974112867,0.9957863974112867,0.995786397411285,0,E#X-D,0,61.16477652718572,11.204776527185718,,-1009.1412590514675,0.0
22.5,flow_301.0,-1.6,-27.524050172821962,8.63854729127249,1000.0,,0.994576479609991,0.994576479609991,0.994576479609991,0.994576479609991,0.9945764796099894,0,E#X-D,0,65.48405017282197,15.524050172821962,,-1009.6385472912725,0.0
23.0,flow_301.0,-1.6,-32.091605048119845,9.135109750595758,1000.0,,0.9931249186465362,0.9931249186465362,0.9931249186465362,0.9931249186465362,0.9931249186465365,0,E#X-D,0,70.05160504811984,20.091605048119842,,-1010.1351097505958,0.0
23.5,flow_301.0,-1.6,-36.9070105589384,9.63081102163712,1000.0,,0.9914025420827233,0.9914025420827233,0.9914025420827233,0.9914025420827233,0.9914025420827244,0,E#X-D,0,74.8670105589384,24.907010558938403,,-1010.6308110216371,0.0
24.0,flow_301.0,-1.6,-41.96976081354101,10.125500509205205,1000.0,,0.9893789751361698,0.9893789751361698,0.9893789751361698,0.9893789751361698,0.9893789751361695,0,E#X-D,0,79.92976081354101,29.969760813541004,,-1011.1255005092052,0.0
24.5,flow_301.0,-1.6,-47.27926676827361,10.619011909465206,1000.0,,0.9870228005200011,0.9870228005200011,0.9870228005200011,0.9870228005200011,0.9870228005200019,0,E#X-D,0,85.23926676827361,35.27926676827361,,-1011.6190119094653,0.0
8.0,flow_0012.0,-1.6,44.9,0.0,1.2526986290203652,flow_001.0,,,,,0,0,E#T-X,0,0.0,5.1,,3.240820945586909,0.0
8.5,flow_0012.0,-1.6,44.9,0.0,3.1126414490962624,flow_001.0,-1.5489821082000277,-1.5489821082000277,-1.5489821082000277,-1.5489821082000277,0,0,E#T-X,0,0.0,5.1,,3.7198856401517935,0.5
9.0,flow_0012.0,-1.6,44.75321476004167,0.29357047991665625,5.03904701711625,flow_001.0,0.5871409598333125,0.5871409598333125,0.5871409598333125,0.5871409598333125,0.5871409598333125,0,E#T-X,0,0.14678523995832826,5.246785239958328,,3.852811136039977,0.0
9.5,flow_0012.0,-1.6,44.395812013049486,0.7148054939843724,6.914708334812012,flow_001.0,0.8424700281354323,0.8424700281354323,0.8424700281354323,0.8424700281354323,0.8424700281354324,0,E#T-X,0,0.5041879869505141,5.604187986950514,,3.7513226353915208,0.0
10.0,flow_0012.0,-1.6,43.809324076891976,1.1729758723150172,8.630993558692966,flow_001.0,0.9163407566612893,0.9163407566612893,0.9163407566612893,0.9163407566612893,0.9163407566612896,0,E#T-X,0,1.090675923108023,6.190675923108023,,3.432570447761911,0.0
10.5,flow_0012.0,-1.6,42.986260615936956,1.6461269219100452,10.049251362861343,flow_001.0,0.946302099190056,0.946302099190056,0.946302099190056,0.946302099190056,0.9463020991900559,0,E#T-X,0,1.913739384063046,7.0137393840630455,,2.8365156083367538,0.0
11.0,flow_0012.0,-1.6,41.92310164146804,2.12631794893783,10.987906576729703,flow_001.0,0.9603820540555696,0.9603820540555696,0.9603820540555696,0.9603820540555696,0.9603820540555694,0,E#T-X,0,2.97689835853196,8.07689835853196,,1.8773104277367176,0.0
11.5,flow_0012.0,-1.6,40.62285638487492,2.6004905131862404,11.337047628735858,flow_001.0,0.9483451284968208,0.9483451284968208,0.9483451284968208,0.9483451284968208,0.948345128496821,0,E#T-X,0,4.27714361512508,9.37714361512508,,0.6982821040123142,0.0
12.0,flow_0012.0,-1.6,39.10159375201986,3.0425252657101205,11.25502319795115,flow_001.0,0.8840695050477606,0.8840695050477606,0.8840695050477606,0.8840695050477606,0.8840695050477603,0,E#T-X,0,5.798406247980141,10.898406247980141,,-0.164048861569412,0.0
12.5,flow_0012.0,-1.6,37.38467659905804,3.4338343059236336,10.607118410299787,flow_001.0,0.782618080427026,0.782618080427026,0.782618080427026,0.782618080427026,0.7826180804270262,0,E#T-X,0,7.515323400941957,12.615323400941957,,-1.2958095753027306,0.0
13.0,flow_0012.0,-1.6,35.53460858424642,3.7001360296232435,9.680418691986059,flow_001.0,0.5326034473992198,0.5326034473992198,0.5326034473992198,0.5326034473992198,0.5326034473992198,0,E#T-X,0,9.36539141575358,14.46539141575358,,-1.8533994366274555,0.0
13.5,flow_0012.0,-1.6,33.62733873286023,3.814539702772377,8.527617514432634,flow_001.0,0.22880734629826716,0.22880734629826716,0.22880734629826716,0.22880734629826716,0.22880734629826716,0,E#T-X,0,11.27266126713977,16.37266126713977,,-2.3056023551068447,0.0
14.0,flow_0012.0,-1.6,31.77422468277864,3.706228100163183,7.131645025316615,flow_001.0,-0.2166232052183883,-0.2166232052183883,-0.2166232052183883,-0.2166232052183883,-0.2166232052183883,0,E#T-X,0,13.12577531722136,18.22577531722136,,-2.7919449782320416,0.0
14.5,flow_0012.0,-1.6,30.155913039700398,3.236623286156488,5.810612534302397,flow_001.0,-0.9392096280133897,-0.9392096280133897,-0.9392096280133897,-0.9392096280133897,-0.9392096280133897,0,E#T-X,0,14.744086960299603,19.844086960299602,,-2.642064982028435,0.0
15.0,flow_0012.0,-1.6,28.85165759998063,2.6085108794395353,4.681642892528984,flow_001.0,-1.2562248134339056,-1.2562248134339056,-1.2562248134339056,-1.2562248134339056,-1.2562248134339056,0,E#T-X,0,16.048342400019372,21.14834240001937,,-2.257939283546824,0.0
15.5,flow_0012.0,-1.6,27.858407014213356,1.9865011715345589,3.7774102164804724,flow_001.0,-1.244019415809953,-1.244019415809953,-1.244019415809953,-1.244019415809953,-1.244019415809953,0,E#T-X,0,17.04159298578665,22.141592985786648,,-1.8084653520970229,0.0
16.0,flow_0012.0,-1.6,27.136170105887906,1.44447381665089,3.088384030272934,flow_001.0,-1.0840547097673379,-1.0840547097673379,-1.0840547097673379,-1.0840547097673379,-1.0840547097673379,0,E#T-X,0,17.763829894112092,22.863829894112094,,-1.378052372415076,0.0
16.5,flow_0012.0,-1.6,26.638950868297243,0.9944384751813226,2.592503450476883,flow_001.0,-0.9000706829391347,-0.9000706829391347,-0.9000706829391347,-0.9000706829391347,-0.9000706829391347,0,E#T-X,0,18.261049131702755,23.361049131702757,,-0.9917611595920959,0.0
17.0,flow_0012.0,-1.6,26.320982321286998,0.6359370940204898,2.2745349034666376,flow_001.0,-0.7170027623216655,-0.7170027623216655,-0.7170027623216655,-0.7170027623216655,-0.7170027623216655,0,E#T-X,0,18.579017678713,23.679017678713002,,-0.6359370940204898,0.0
17.5,flow_0012.0,-1.6,26.132148215192576,0.3776682121888452,2.0857007973722155,flow_001.0,-0.5165377636632892,-0.5165377636632892,-0.5165377636632892,-0.5165377636632892,-0.5165377636632892,0,E#T-X,0,18.767851784807426,23.867851784807424,,-0.3776682121888452,0.0
18.0,flow_0012.0,-1.6,26.034313969756113,0.19566849087292415,1.9878665519357526,flow_001.0,-0.36399944263184214,-0.36399944263184214,-0.36399944263184214,-0.36399944263184214,-0.36399944263184214,0,E#T-X,0,18.865686030243886,23.965686030243887,,-0.19566849087292415,0.0
18.5,flow_0012.0,-1.6,25.995837044794897,0.07695384992243154,1.9493896269745363,flow_001.0,-0.23742928190098522,-0.23742928190098522,-0.23742928190098522,-0.23742928190098522,-0.23742928190098522,0,E#T-X,0,18.904162955205102,24.004162955205103,,-0.07695384992243154,0.5
19.0,flow_0012.0,-1.6,25.991810725019988,0.008052639549819829,1.945363307199628,flow_001.0,-0.13780242074522342,-0.13780242074522342,-0.13780242074522342,-0.13780242074522342,-0.13780242074522342,0,E#T-X,0,18.90818927498001,24.008189274980012,,-0.008052639549819829,1.0
19.5,flow_0012.0,-1.6,25.991810725019988,0.0,1.945363307199628,flow_001.0,-0.06551654398768314,-0.06551654398768314,-0.06551654398768314,-0.06551654398768314,-0.016105279099639658,0,E#T-X,0,18.90818927498001,24.008189274980012,,0.0,1.5
20.0,flow_0012.0,-1.6,25.991810725019988,0.0,1.945363307199628,flow_001.0,-0.05695999786184447,-0.05695999786184447,-0.05695999786184447,-0.05695999786184447,0.0,0,E#T-X,0,18.90818927498001,24.008189274980012,,0.0,2.0
20.5,flow_0012.0,-1.6,25.991810725019988,0.0,1.945363307199628,flow_001.0,-0.05695999786184447,-0.05695999786184447,-0.05695999786184447,-0.05695999786184447,0.0,0,E#T-X,0,18.90818927498001,24.008189274980012,,0.0,2.5
21.0,flow_0012.0,-1.6,25.991810725019988,0.0,1.945363307199628,flow_001.0,-0.05695999786184447,-0.05695999786184447,-0.05695999786184447,-0.05695999786184447,0.0,0,E#T-X,0,18.90818927498001,24.008189274980012,,0.0,3.0
21.5,flow_0012.0,-1.6,25.991810725019988,0.0,1.945363307199628,flow_001.0,-0.05695999786184447,-0.05695999786184447,-0.05695999786184447,-0.05695999786184447,0.0,0,E#T-X,0,18.90818927498001,24.008189274980012,,0.0,3.5
22.0,flow_0012.0,-1.6,25.991810725019988,0.0,1.945363307199628,flow_001.0,-0.05695999786184447,-0.05695999786184447,-0.05695999786184447,-0.05695999786184447,0.0,0,E#T-X,0,18.90818927498001,24.008189274980012,,0.0,4.0
22.5,flow_0012.0,-1.6,25.991810725019988,0.0,1.945363307199628,flow_001.0,-0.05695999786184447,-0.05695999786184447,-0.05695999786184447,-0.05695999786184447,0.0,0,E#T-X,0,18.90818927498001,24.008189274980012,,0.0,4.5
23.0,flow_0012.0,-1.6,25.991810725019988,0.0,1.945363307199628,flow_001.0,-0.05695999786184447,-0.05695999786184447,-0.05695999786184447,-0.05695999786184447,0.0,0,E#T-X,0,18.90818927498001,24.008189274980012,,0.0,5.0
23.5,flow_0012.0,-1.6,25.991810725019988,0.0,1.945363307199628,flow_001.0,-0.05695999786184447,-0.05695999786184447,-0.05695999786184447,-0.05695999786184447,0.0,0,E#T-X,0,18.90818927498001,24.008189274980012,,0.0,5.5
24.0,flow_0012.0,-1.6,25.991810725019988,0.0,1.945363307199628,flow_001.0,-0.05695999786184447,-0.05695999786184447,-0.05695999786184447,-0.05695999786184447,0.0,0,E#T-X,0,18.90818927498001,24.008189274980012,,0.0,6.0
24.5,flow_0012.0,-1.6,25.991810725019988,0.0,1.945363307199628,flow_001.0,-0.05695999786184447,-0.05695999786184447,-0.05695999786184447,-0.05695999786184447,0.0,0,E#T-X,0,18.90818927498001,24.008189274980012,,0.0,6.5
25.0,flow_0012.0,-1.6,25.991810725019988,0.0,1.945363307199628,flow_001.0,-0.05695999786184447,-0.05695999786184447,-0.05695999786184447,-0.05695999786184447,0.0,0,E#T-X,0,18.90818927498001,24.008189274980012,,0.0,7.0
25.5,flow_0012.0,-1.6,25.991810725019988,0.0,1.945363307199628,flow_001.0,-0.05695999786184447,-0.05695999786184447,-0.05695999786184447,-0.05695999786184447,0.0,0,E#T-X,0,18.90818927498001,24.008189274980012,,0.0,7.5
26.0,flow_0012.0,-1.6,25.991810725019988,0.0,1.98808284028323,flow_001.0,-0.05695999786184447,-0.05695999786184447,-0.05695999786184447,-0.05695999786184447,0.0,0,E#T-X,0,18.90818927498001,24.008189274980012,,0.08543906616720509,8.0
26.5,flow_0012.0,-1.6,25.991810725019988,0.0,2.170798713936801,flow_001.0,-0.012024526316588346,-0.012024526316588346,-0.012024526316588346,-0.012024526316588346,0.0,0,E#T-X,0,18.90818927498001,24.008189274980012,,0.36543174730714256,8.5
27.0,flow_0012.0,-1.6,25.954018303085366,0.07558484386925007,2.5145476937941673,flow_001.0,0.15116968773850015,0.15116968773850015,0.15116968773850015,0.15116968773850015,0.15116968773850015,0,E#T-X,0,18.945981696914636,24.045981696914637,,0.6874979597147373,9.0
27.5,flow_0012.0,-1.6,25.83309569272233,0.24184522072606074,2.999448522629528,flow_001.0,0.33252075371362133,0.33252075371362133,0.33252075371362133,0.33252075371362133,0.33252075371362133,0,E#T-X,0,19.066904307277667,24.16690430727767,,0.9698016576707217,0.0
28.0,flow_0012.0,-1.6,25.59015677127614,0.4858778428923831,3.6123323751709755,flow_001.0,0.48806524433264475,0.48806524433264475,0.48806524433264475,0.48806524433264475,0.48806524433264475,0,E#T-X,0,19.309843228723864,24.40984322872386,,1.2257677050828935,0.0
28.5,flow_0012.0,-1.6,25.193583221523568,0.7931470995051491,4.321578950232986,flow_001.0,0.6145385132255319,0.6145385132255319,0.6145385132255319,0.6145385132255319,0.6145385132255319,0,E#T-X,0,19.706416778476438,24.806416778476436,,1.4184931501240186,0.0
29.0,flow_0012.0,-1.6,24.619921355172554,1.1473237327020178,5.103729824335385,flow_001.0,0.7083532663937373,0.7083532663937373,0.7083532663937373,0.7083532663937373,0.7083532663937375,0,E#T-X,0,20.280078644827448,25.380078644827446,,1.564301748204806,0.0
29.5,flow_0012.0,-1.6,23.85221783748288,1.535407035379349,5.941822360270141,flow_001.0,0.7761666053546625,0.7761666053546625,0.7761666053546625,0.7761666053546625,0.7761666053546623,0,E#T-X,0,21.047782162517123,26.14778216251712,,1.6761850718695182,0.0
30.0,flow_0012.0,-1.6,22.8782338609914,1.9479679529829554,6.823601602441137,flow_001.0,0.8251218352072128,0.8251218352072128,0.8251218352072128,0.8251218352072128,0.8251218352072129,0,E#T-X,0,22.021766139008598,27.1217661390086,,1.7635584843419871,0.0
30.5,flow_0012.0,-1.6,21.689044411763412,2.3783788984559813,8.029621610849468,flow_001.0,0.8608218909460517,0.8608218909460517,0.8608218909460517,0.8608218909460517,0.8608218909460517,0,E#T-X,0,23.210955588236587,28.310955588236588,,2.4120400168166523,0.0
31.0,flow_0012.0,-1.6,20.265943875767473,2.8462010719918673,1000.0,,0.9356443470717724,0.9356443470717724,0.9356443470717724,0.9356443470717724,0.9356443470717721,0,E#T-X,0,24.634056124232522,29.734056124232524,,-1003.8462010719919,0.0
31.5,flow_0012.0,-1.6,18.592863594074483,3.3461605633859883,1000.0,,0.9999189827882417,0.9999189827882417,0.9999189827882417,0.9999189827882417,0.999918982788242,0,E#T-X,0,26.30713640592552,31.407136405925517,,-1004.346160563386,0.0
32.0,flow_0012.0,-1.6,16.675455129983206,3.834816928182554,1000.0,,0.999845224545854,0.999845224545854,0.999845224545854,0.999845224545854,0.9773127295931312,0,E#T-X,0,28.224544870016793,33.324544870016794,,-1004.8348169281826,0.0
32.5,flow_0012.0,-1.6,15.10056631597945,3.1497776280075076,1000.0,,0.9997330109042726,0.9997330109042726,0.9997330109042726,0.9997330109042726,-1.3700786003500927,0,E#T-X,0,29.79943368402055,34.89943368402055,,-1004.1497776280075,0.0
33.0,flow_0012.0,-1.6,14.041839889134899,2.1174528536891035,1000.0,,0.9998784836944827,0.9998784836944827,0.9998784836944827,0.9998784836944827,-2.064649548636808,0,E#T-X,0,30.8581601108651,35.9581601108651,,-1003.1174528536891,0.0
33.5,flow_0012.0,-1.6,13.358418948104351,1.3668418820610981,5.429990337062183,flow_201.0,0.999975181817244,0.999975181817244,0.999975181817244,0.999975181817244,-1.5012219432560108,0,E#T-X,0,31.541581051895648,36.64158105189565,,2.2772438667720643,0.0
34.0,flow_0012.0,-1.6,12.462253017917085,1.7923318603745375,6.962338033879076,flow_201.0,0.8509799566268788,0.8509799566268788,0.8509799566268788,0.8509799566268788,0.8509799566268788,0,E#T-X,0,32.43774698208291,37.537746982082915,,3.064695393633781,0.0
34.5,flow_0012.0,-1.6,11.33670367338148,2.2510663867772993,8.793877384009258,flow_201.0,0.9174690528055234,0.9174690528055234,0.9174690528055234,0.9174690528055234,0.9174690528055236,0,:X_2,0,33.56328017547156,0.6632801754715629,,3.6630787002603635,0.0
35.0,flow_0012.0,-1.6,9.593248168156677,3.4868261047899543,10.412481443585792,flow_201.0,,,,,2.47151943602531,0,:X_2,0,35.30669322786654,2.40669322786654,,3.2372081191530713,0.0
35.5,flow_0012.0,-1.6,7.264825769334802,4.656731404305564,11.711660092855123,flow_201.0,,,,,2.3398105990312192,0,:X_2,0,37.63505893001932,4.735058930019322,,2.5983572985386587,0.0
36.0,flow_0012.0,-1.6,4.42547512811588,5.678563007076958,12.649546924501909,flow_201.0,,,,,2.0436632055427886,0,:X_2,0,40.4743404335578,7.5743404335578015,,1.8774046856674387,0.0
36.5,flow_0012.0,-1.3004277231213495,1.2268178232657359,6.46669523742143,13.270712571212133,flow_201.0,,,,,1.576264460688943,0,:X_2,0,43.707688052268516,10.807688052268517,,1.2423312934204533,0.0
37.0,flow_0012.0,0.9318149029154508,-1.1681802880272103,6.989842311196364,13.879214614138426,flow_201.0,,,,,1.0462941475498688,0,:X_2,0,47.2026092078667,14.302609207866698,,1.2170040858525848,0.0
37.5,flow_0012.0,4.5358855980060895,-1.6,7.3269162799810195,14.567779568950778,flow_201.0,,,,,0.6741479375693107,0,:X_2,0,50.86606734785721,17.96606734785721,,1.3771299096247036,0.0
38.0,flow_0012.0,8.308234117858056,-1.6,7.544513327679991,15.395774505700896,flow_201.0,,,,,0.43519409539794296,0,:X_2,0,54.63832401169721,21.738324011697205,,1.6559898735002365,0.0
38.5,flow_0012.0,12.154710041752324,-1.6,7.692772060110239,16.397428503064447,flow_201.0,,,,,0.29651746486049646,0,E#X-R,0,58.48471004175232,0.15471004175232395,,2.003307994727101,0.0
39.0,flow_0012.0,16.239258732453226,-1.6,8.169097381401807,17.408191868714336,flow_201.0,0.9526506425831364,0.9526506425831364,0.9526506425831364,0.9526506425831364,0.9526506425831354,0,E#X-R,0,62.56925873245323,4.239258732453227,,2.0215267312997796,0.0
39.5,flow_0012.0,20.562742805857145,-1.6,8.646968146807836,18.426691278397268,flow_201.0,0.9557415308120596,0.9557415308120596,0.9557415308120596,0.9557415308120596,0.9557415308120589,0,E#X-R,0,66.89274280585714,8.562742805857145,,2.036998819365863,0.0
40.0,flow_0012.0,25.125706565863748,-1.6,9.125927520013208,19.451689528673878,flow_201.0,0.9579187464107456,0.9579187464107456,0.9579187464107456,0.9579187464107456,0.9579187464107441,0,E#X-R,0,71.45570656586375,13.125706565863748,,2.0499965005532186,0.0
40.5,flow_0012.0,29.928489325089128,-1.6,9.605565518450762,1000.0,,0.959275996875107,0.959275996875107,0.959275996875107,0.959275996875107,0.9592759968751068,0,E#X-R,0,76.25848932508913,17.928489325089128,,-1010.6055655184508,0.0
41.0,flow_0012.0,34.97864455999578,-1.6,10.100310469813303,1000.0,,0.9894899027250832,0.9894899027250832,0.9894899027250832,0.9894899027250832,0.989489902725083,0,E#X-R,0,81.30864455999577,22.97864455999578,,-1011.1003104698133,0.0
41.5,flow_0012.0,40.27558765920229,-1.6,10.593886198413035,1000.0,,0.9871514571994628,0.9871514571994628,0.9871514571994628,0.9871514571994628,0.9871514571994631,0,E#X-R,0,86.60558765920229,28.275587659202294,,-1011.5938861984131,0.0
42.0,flow_0012.0,45.8186432064806,-1.6,11.086111094556612,1000.0,,0.9844497922871543,0.9844497922871543,0.9844497922871543,0.9844497922871543,0.9844497922871547,0,E#X-R,0,92.1486432064806,33.8186432064806,,-1012.0861110945566,0.0
8.0,flow_1012.0,44.9,1.6,0.0,1.252704322322094,flow_101.0,,,,,0,0,E#R-X,0,0.0,5.1,,3.2408290679214975,0.0
8.5,flow_1012.0,44.9,1.6,0.0,3.112655411941047,flow_101.0,-1.5489589389796348,-1.5489589389796348,-1.5489589389796348,-1.5489589389796348,0,0,E#R-X,0,0.0,5.1,,3.719902179237906,0.5
9.0,flow_1012.0,44.7532138340359,1.6,0.29357233192820364,5.039038210030624,flow_101.0,0.5871446638564073,0.5871446638564073,0.5871446638564073,0.5871446638564073,0.5871446638564073,0,E#R-X,0,0.14678616596410166,5.246786165964101,,3.8527655961791543,0.0
9.5,flow_1012.0,44.39581029870128,1.6,0.7148070706692389,6.914630732186309,flow_101.0,0.8424694774820705,0.8424694774820705,0.8424694774820705,0.8424694774820705,0.8424694774820705,0,E#R-X,0,0.5041897012987206,5.60418970129872,,3.7511850443113692,0.0
10.0,flow_1012.0,43.80932204365506,1.6,1.1729765100924494,8.630808150750418,flow_101.0,0.9163388788464213,0.9163388788464213,0.9163388788464213,0.9163388788464213,0.9163388788464211,0,E#R-X,0,1.0906779563449458,6.190677956344945,,3.4323548371282184,0.0
10.5,flow_1012.0,42.9862588405657,1.6,1.6461264061787109,10.04893486732404,flow_101.0,0.9462997921725227,0.9462997921725227,0.9462997921725227,0.9462997921725227,0.9462997921725229,0,E#R-X,0,1.9137411594343012,7.013741159434301,,2.8362534331472427,0.0
11.0,flow_1012.0,41.92310074771883,1.6,2.126316185693744,10.987312427271576,flow_101.0,0.9603795590300662,0.9603795590300662,0.9603795590300662,0.9603795590300662,0.9603795590300663,0,E#R-X,0,2.9768992522811732,8.076899252281173,,1.8767551198950754,0.0
11.5,flow_1012.0,40.622862749630116,1.6,2.600475996177423,11.336475717408465,flow_101.0,0.948319620967358,0.948319620967358,0.948319620967358,0.948319620967358,0.9483196209673581,0,E#R-X,0,4.277137250369885,9.377137250369884,,0.6983265802737795,0.0
12.0,flow_1012.0,39.101609433123116,1.6,3.042506633013997,11.254523145840425,flow_101.0,0.8840612736731482,0.8840612736731482,0.8840612736731482,0.8840612736731482,0.8840612736731481,0,E#R-X,0,5.798390566876883,10.898390566876882,,-0.1639051431360823,0.0
12.5,flow_1012.0,37.384702314361306,1.6,3.4338142375236216,10.606713152498676,flow_101.0,0.7826152090192491,0.7826152090192491,0.7826152090192491,0.7826152090192491,0.7826152090192489,0,E#R-X,0,7.515297685638693,12.615297685638692,,-1.2956199866834965,0.0
13.0,flow_1012.0,35.53464370602721,1.6,3.7001172166681853,9.680095581526984,flow_101.0,0.5326059582891274,0.5326059582891274,0.5326059582891274,0.5326059582891274,0.5326059582891274,0,E#R-X,0,9.365356293972786,14.465356293972786,,-1.8532351419433821,0.0
13.5,flow_1012.0,33.627383372391336,1.6,3.8145206672717658,8.527439326626553,flow_101.0,0.2288069012071614,0.2288069012071614,0.2288069012071614,0.2288069012071614,0.22880690120716096,0,E#R-X,0,11.272616627608668,16.372616627608668,,-2.305312509800867,0.0
14.0,flow_1012.0,31.774259969249268,1.6,3.7062468062841303,7.13152512102549,flow_101.0,-0.21654772197527072,-0.21654772197527072,-0.21654772197527072,-0.21654772197527072,-0.21654772197527095,0,E#R-X,0,13.125740030750732,18.225740030750732,,-2.791828411202127,0.0
14.5,flow_1012.0,30.15594196334759,1.6,3.2366360118033572,5.810544447928539,flow_101.0,-0.9392215889615465,-0.9392215889615465,-0.9392215889615465,-0.9392215889615465,-0.9392215889615461,0,E#R-X,0,14.74405803665241,19.84405803665241,,-2.641961346193901,0.0
15.0,flow_1012.0,28.8516790989145,1.6,2.608525728866182,4.681610752855203,flow_101.0,-1.2562205658743504,-1.2562205658743504,-1.2562205658743504,-1.2562205658743504,-1.2562205658743508,0,E#R-X,0,16.048320901085503,21.1483209010855,,-2.257867390146672,0.0
15.5,flow_1012.0,27.858421108157007,1.6,1.9865159815149804,3.777400214056378,flow_101.0,-1.2440194947024028,-1.2440194947024028,-1.2440194947024028,-1.2440194947024028,-1.2440194947024028,0,E#R-X,0,17.041578891842995,22.141578891842993,,-1.808421077597649,0.0
16.0,flow_1012.0,27.136177612388423,1.6,1.4444869915371747,3.088385530692374,flow_101.0,-1.0840579799556114,-1.0840579799556114,-1.0840579799556114,-1.0840579799556114,-1.0840579799556114,0,E#R-X,0,17.763822387611583,22.86382238761158,,-1.3780293667280097,0.0
16.5,flow_1012.0,26.6389528925141,1.6,0.9944494397486363,2.5925089003128683,flow_101.0,-0.9000751035770769,-0.9000751035770769,-0.9000751035770769,-0.9000751035770769,-0.9000751035770769,0,E#R-X,0,18.2610471074859,23.3610471074859,,-0.9917532607590119,0.0
17.0,flow_1012.0,26.32098014097536,1.6,0.6359455030774809,2.2745361487741285,flow_101.0,-0.7170078733423109,-0.7170078733423109,-0.7170078733423109,-0.7170078733423109,-0.7170078733423109,0,E#R-X,0,18.57901985902464,23.67901985902464,,-0.6359455030774809,0.0
17.5,flow_1012.0,26.132144873635852,1.6,0.37767053467901907,2.0857008814346187,flow_101.0,-0.5165499367969236,-0.5165499367969236,-0.5165499367969236,-0.5165499367969236,-0.5165499367969236,0,E#R-X,0,18.767855126364147,23.867855126364148,,-0.37767053467901907,0.0
18.0,flow_1012.0,26.034310290229616,1.6,0.1956691668124721,1.9878662980283828,flow_101.0,-0.36400273573309394,-0.36400273573309394,-0.36400273573309394,-0.36400273573309394,-0.36400273573309394,0,E#R-X,0,18.865689709770386,23.965689709770384,,-0.1956691668124721,0.0
18.5,flow_1012.0,25.995833325667405,1.6,0.07695392912442811,1.9493893334661685,flow_101.0,-0.23743047537608797,-0.23743047537608797,-0.23743047537608797,-0.23743047537608797,-0.23743047537608797,0,E#R-X,0,18.9041666743326,24.0041666743326,,-0.07695392912442811,0.5
19.0,flow_1012.0,25.991807074978325,1.6,0.008052501378150778,1.9453630827770922,flow_101.0,-0.13780285549255467,-0.13780285549255467,-0.13780285549255467,-0.13780285549255467,-0.13780285549255467,0,E#R-X,0,18.908192925021673,24.008192925021675,,-0.008052501378150778,1.0
19.5,flow_1012.0,25.991807074978325,1.6,0.0,1.9453630827770922,flow_101.0,-0.06551664223365539,-0.06551664223365539,-0.06551664223365539,-0.06551664223365539,-0.016105002756301556,0,E#R-X,0,18.908192925021673,24.008192925021675,,0.0,1.5
20.0,flow_1012.0,25.991807074978325,1.6,0.0,1.9453630827770922,flow_101.0,-0.05696024172959202,-0.05696024172959202,-0.05696024172959202,-0.05696024172959202,0.0,0,E#R-X,0,18.908192925021673,24.008192925021675,,0.0,2.0
20.5,flow_1012.0,25.991807074978325,1.6,0.0,1.9880819693024492,flow_101.0,-0.05696024172959202,-0.05696024172959202,-0.05696024172959202,-0.05696024172959202,0.0,0,E#R-X,0,18.908192925021673,24.008192925021675,,0.08543777305071604,2.5
21.0,flow_1012.0,25.991807074978325,1.6,0.0,2.1707971883040855,flow_101.0,-0.012025413054780332,-0.012025413054780332,-0.012025413054780332,-0.012025413054780332,0.0,0,E#R-X,0,18.908192925021673,24.008192925021675,,0.3654304380032716,3.0
21.5,flow_1012.0,25.954014951322083,1.6,0.07558424731248464,2.514546929911571,flow_101.0,0.15116849462496929,0.15116849462496929,0.15116849462496929,0.15116849462496929,0.15116849462496929,0,E#R-X,0,18.94598504867792,24.045985048677917,,0.6874994832149726,3.5
22.0,flow_1012.0,25.833092663273312,1.6,0.2418445760975399,2.9994517357812143,flow_101.0,0.3325206575701105,0.3325206575701105,0.3325206575701105,0.3325206575701105,0.3325206575701105,0,E#R-X,0,19.066907336726686,24.166907336726688,,0.9698096117392954,0.0
22.5,flow_1012.0,25.590153649825773,1.6,0.48587802689507187,3.6123391510252922,flow_101.0,0.48806690159506394,0.48806690159506394,0.48806690159506394,0.48806690159506394,0.48806690159506394,0,E#R-X,0,19.309846350174226,24.409846350174224,,1.2257748304881533,0.0
23.0,flow_1012.0,25.193579532996957,1.6,0.7931482336576406,4.321588813669777,flow_101.0,0.6145404135251376,0.6145404135251376,0.6145404135251376,0.6145404135251376,0.6145404135251376,0,E#R-X,0,19.706420467003042,24.806420467003043,,1.4184993252889706,0.0
23.5,flow_1012.0,24.619916671642123,1.6,1.1473257227096694,5.103742347329458,flow_101.0,0.7083549781040572,0.7083549781040572,0.7083549781040572,0.7083549781040572,0.7083549781040575,0,E#R-X,0,20.280083328357875,25.380083328357877,,1.5643070673193589,0.0
24.0,flow_1012.0,23.852211802202326,1.6,1.5354097388795949,5.941837185895281,flow_101.0,0.7761680323398508,0.7761680323398508,0.7761680323398508,0.7761680323398508,0.776168032339851,0,E#R-X,0,21.047788197797672,26.147788197797674,,1.6761896771316436,0.0
24.5,flow_1012.0,22.878226184263422,1.6,1.9479712358778092,6.823618440701136,flow_101.0,0.8251229939964284,0.8251229939964284,0.8251229939964284,0.8251229939964284,0.8251229939964286,0,E#R-X,0,22.02177381573658,27.121773815736578,,1.763562509611711,0.0
25.0,flow_1012.0,21.689034859546894,1.6,2.378382649433058,8.065430276607607,flow_101.0,0.8608228271104982,0.8608228271104982,0.8608228271104982,0.8608228271104982,0.8608228271104981,0,E#R-X,0,23.210965140453105,28.310965140453106,,2.4836236718129396,0.0
25.5,flow_1012.0,20.26522592557023,1.6,2.8476178679533337,4.845573330059091,flow_00.0,0.9384704370405506,0.9384704370405506,0.9384704370405506,0.9384704370405506,0.938470437040551,0,E#R-X,0,24.63477407442977,29.734774074429772,,-2.3476178679533337,0.0
26.0,flow_1012.0,19.20269170956283,1.6,2.125068432014795,4.683021328939537,flow_00.0,-1.4450988718770779,-1.4450988718770779,-1.4450988718770779,-1.4450988718770779,-1.4450988718770779,0,E#R-X,0,25.69730829043717,30.79730829043717,,-0.3251040022391183,0.0
26.5,flow_1012.0,18.111573337604053,1.6,2.1822367439175543,5.141428516233704,flow_00.0,0.11433662380551934,0.11433662380551934,0.11433662380551934,0.11433662380551934,0.11433662380551901,0,E#R-X,0,26.78842666239595,31.888426662395947,,0.9168143745883515,0.0
27.0,flow_1012.0,16.877579159449155,1.6,2.467988356309795,6.104118485172652,flow_00.0,0.5715032247844816,0.5715032247844816,0.5715032247844816,0.5715032247844816,0.5715032247844816,0,E#R-X,0,28.022420840550843,33.122420840550845,,1.9253799378778922,0.0
27.5,flow_1012.0,15.436478089593521,1.6,2.882202139711264,7.49972876253214,flow_00.0,0.8284275668029373,0.8284275668029373,0.8284275668029373,0.8284275668029373,0.8284275668029375,0,E#R-X,0,29.463521910406477,34.56352191040648,,2.7912205547189832,0.0
28.0,flow_1012.0,13.76317738213421,1.6,3.3466014149186276,9.28747121593098,flow_00.0,0.9287985504147273,0.9287985504147273,0.9287985504147273,0.9287985504147273,0.9287985504147276,0,E#R-X,0,31.13682261786579,36.23682261786579,,3.5754849067976777,0.0
28.5,flow_1012.0,11.851505018762085,1.6,3.8233374950917574,11.432443286597302,flow_00.0,0.953472160346259,0.953472160346259,0.953472160346259,0.953472160346259,0.9534721603462595,0,:X_5,0,33.04849136541167,0.1484913654116724,,4.290638950310371,0.0
29.0,flow_1012.0,9.375637806780073,1.6,4.9516138501161615,13.56536733766638,flow_00.0,,,,,2.2565527100488083,0,:X_5,0,35.52429829046975,2.624298290469753,,4.26584810213816,0.0
29.5,flow_1012.0,6.4382062646692235,1.6,5.874720032356014,15.72802530673209,flow_00.0,,,,,1.8462123644797046,0,:X_5,0,38.461658306647756,5.56165830664776,,4.325315938131422,0.0
30.0,flow_1012.0,3.1792034023936715,1.6,6.517847012277122,17.81577889871086,flow_00.0,,,,,1.2862539598422167,0,:X_5,0,41.72058181278632,8.82058181278632,,4.175507183957547,0.0
30.5,flow_1012.0,-0.1000880522050751,0.6866255756376316,6.891033600025498,19.962903571863045,flow_00.0,,,,,0.7463731754967515,0,:X_5,0,45.16609861279907,12.26609861279907,,4.294249346304364,0.0
31.0,flow_1012.0,-1.5718457584281114,-2.3803444733194734,7.082425061943261,22.259501448973108,flow_00.0,,,,,0.38278292383552603,0,:X_5,0,48.707311143770696,15.8073111437707,,4.5931957542201305,0.0
31.5,flow_1012.0,-1.6,-5.964527608497079,7.174726854799967,24.75421288165785,flow_00.0,,,,,0.18460358571341295,0,:X_5,0,52.29467457117068,19.394674571170682,,4.98942286536948,0.0
32.0,flow_1012.0,-1.6,-9.573848595684467,7.218466201733378,27.431162168758732,flow_00.0,,,,,0.08747869386682083,0,:X_5,0,55.90390767203737,23.00390767203737,,5.353898574201768,0.0
32.5,flow_1012.0,-1.6,-13.19336619656849,7.238917049062234,30.244619035385014,flow_00.0,,,,,0.04090169465771254,0,E#X-D,0,59.52336619656849,1.1933661965684905,,5.626913733252572,0.0
33.0,flow_1012.0,-1.6,-17.060883991781875,7.735035590426769,1000.0,,0.9922370827290685,0.9922370827290685,0.9922370827290685,0.9922370827290685,0.9922370827290692,0,E#X-D,0,63.39088399178188,5.060883991781875,,-1008.7350355904267,0.0
33.5,flow_1012.0,-1.6,-21.177296934616518,8.232825885669286,1000.0,,0.9955805904850336,0.9955805904850336,0.9955805904850336,0.9955805904850336,0.9955805904850337,0,E#X-D,0,67.50729693461652,9.177296934616518,,-1009.2328258856693,0.0
34.0,flow_1012.0,-1.6,-25.54229196076743,8.729990052301819,1000.0,,0.9943283332650673,0.9943283332650673,0.9943283332650673,0.9943283332650673,0.9943283332650665,0,E#X-D,0,71.87229196076743,13.542291960767427,,-1009.7299900523018,0.0
34.5,flow_1012.0,-1.6,-30.155494277149167,9.226404632763483,1000.0,,0.9928291609233281,0.9928291609233281,0.9928291609233281,0.9928291609233281,0.9928291609233284,0,E#X-D,0,76.48549427714917,18.155494277149167,,-1010.2264046327634,0.0
35.0,flow_1012.0,-1.6,-35.01646001074416,9.721931467189988,1000.0,,0.9910536688530093,0.9910536688530093,0.9910536688530093,0.9910536688530093,0.9910536688530094,0,E#X-D,0,81.34646001074415,23.01646001074416,,-1010.72193146719,0.0
35.5,flow_1012.0,-1.6,-40.124668563759215,10.2164171060301,1000.0,,0.9889712776802265,0.9889712776802265,0.9889712776802265,0.9889712776802265,0.9889712776802249,0,E#X-D,0,86.45466856375921,28.12466856375921,,-1011.2164171060301,0.0
36.0,flow_1012.0,-1.6,-45.47951471619289,10.709692304867355,1000.0,,0.9865503976745097,0.9865503976745097,0.9865503976745097,0.9865503976745097,0.9865503976745096,0,E#X-D,0,91.8095147161929,33.47951471619289,,-1011.7096923048673,0.0
8.0,flow_2012.0,1.6,-44.9,0.0,1.25265834658377,flow_201.0,,,,,0,0,E#D-X,0,0.0,5.1,,3.2407634911227348,0.0
8.5,flow_2012.0,1.6,-44.9,0.0,3.1125389025774126,flow_201.0,-1.5491460489287867,-1.5491460489287867,-1.5491460489287867,-1.5491460489287867,0,0,E#D-X,0,0.0,5.1,,3.7197611119872867,0.5
9.0,flow_2012.0,1.6,-44.75322156123454,0.29355687753091997,5.039099470189549,flow_201.0,0.5871137550618399,0.5871137550618399,0.5871137550618399,0.5871137550618399,0.5871137550618399,0,E#D-X,0,0.14677843876545982,5.2467784387654595,,3.853121135224272,0.0
9.5,flow_2012.0,1.6,-44.39582479555738,0.7147935313543118,6.915243221477372,flow_201.0,0.8424733076467836,0.8424733076467836,0.8424733076467836,0.8424733076467836,0.8424733076467836,0,E#D-X,0,0.5041752044426158,5.604175204442615,,3.7522875025756477,0.0
10.0,flow_2012.0,1.6,-43.80933960537062,1.1729703803735294,8.632290193946087,flow_201.0,0.9163536980384351,0.9163536980384351,0.9163536980384351,0.9163536980384351,0.9163536980384352,0,E#D-X,0,1.0906603946293805,6.19066039462938,,3.4340939449374277,0.0
10.5,flow_2012.0,1.6,-42.98627485793845,1.646129494864343,10.051475301323169,flow_201.0,0.946318228981627,0.946318228981627,0.946318228981627,0.946318228981627,0.9463182289816272,0,E#D-X,0,1.9137251420615522,7.013725142061552,,2.8383702147541654,0.0
11.0,flow_2012.0,1.6,-41.92311021566122,2.126329284554458,10.99207661061478,flow_201.0,0.9603995793802296,0.9603995793802296,0.9603995793802296,0.9603995793802296,0.9603995793802298,0,E#D-X,0,2.9768897843387805,8.07688978433878,,1.8812026185832171,0.0
11.5,flow_2012.0,1.6,-40.62281464297222,2.6005911453779964,11.341044529606977,flow_201.0,0.9485237216470768,0.9485237216470768,0.9485237216470768,0.9485237216470768,0.948523721647077,0,E#D-X,0,4.277185357027779,9.377185357027779,,0.6979358379843963,0.0
12.0,flow_2012.0,1.6,-39.10148787611599,3.042653533712464,11.25850158991194,flow_201.0,0.8841247766689354,0.8841247766689354,0.8841247766689354,0.8841247766689354,0.8841247766689353,0,E#D-X,0,5.798512123884011,10.89851212388401,,-0.16508587939007002,0.0
12.5,flow_2012.0,1.6,-37.38450252838064,3.4339706954707108,10.60992009783039,flow_201.0,0.7826343235164939,0.7826343235164939,0.7826343235164939,0.7826343235164939,0.7826343235164934,0,E#D-X,0,7.515497471619367,12.615497471619367,,-1.2971629841631014,0.0
13.0,flow_2012.0,1.6,-35.5343724731079,3.70026011054546,9.682636151102633,flow_201.0,0.5325788301494983,0.5325788301494983,0.5325788301494983,0.5325788301494983,0.5325788301494985,0,E#D-X,0,9.365627526892098,14.465627526892098,,-1.854567893455513,0.0
13.5,flow_2012.0,1.6,-33.627042223106336,3.8146605000031344,8.528859159132082,flow_201.0,0.2288007789153491,0.2288007789153491,0.2288007789153491,0.2288007789153491,0.22880077891534878,0,E#D-X,0,11.272957776893664,16.372957776893664,,-2.307553983941105,0.0
14.0,flow_2012.0,1.6,-31.773990928508173,3.7061025891963255,7.132480360918709,flow_201.0,-0.21711582161361764,-0.21711582161361764,-0.21711582161361764,-0.21711582161361764,-0.21711582161361775,0,E#D-X,0,13.126009071491827,18.226009071491827,,-2.792757596426742,0.0
14.5,flow_2012.0,1.6,-30.155722290564064,3.236537275888219,5.811089624576994,flow_201.0,-0.9391306266162123,-0.9391306266162123,-0.9391306266162123,-0.9391306266162123,-0.9391306266162127,0,E#D-X,0,14.744277709435936,19.844277709435936,,-2.642781472683436,0.0
15.0,flow_2012.0,1.6,-28.851516485048098,2.6084116110319435,4.681870844129495,flow_201.0,-1.2562513297125508,-1.2562513297125508,-1.2562513297125508,-1.2562513297125508,-1.2562513297125513,0,E#D-X,0,16.048483514951904,21.148483514951906,,-2.2584375608949983,0.0
15.5,flow_2012.0,1.6,-27.8583152694333,1.9864024312295885,3.7774841364318057,flow_201.0,-1.24401835960471,-1.24401835960471,-1.24401835960471,-1.24401835960471,-1.24401835960471,0,E#D-X,0,17.0416847305667,22.1416847305667,,-1.8087734153953787,0.0
16.0,flow_2012.0,1.6,-27.136122278694206,1.4443859814781934,3.0883773687780334,flow_201.0,-1.0840328995027901,-1.0840328995027901,-1.0840328995027901,-1.0840328995027901,-1.0840328995027901,0,E#D-X,0,17.763877721305796,22.863877721305794,,-1.3782135353075464,0.0
16.5,flow_2012.0,1.6,-26.638939586143312,0.9943653851017922,2.5924684629452166,flow_201.0,-0.9000411927528026,-0.9000411927528026,-0.9000411927528026,-0.9000411927528026,-0.9000411927528025,0,E#D-X,0,18.26106041385669,23.36106041385669,,-0.9918178116656343,0.0
17.0,flow_2012.0,1.6,-26.3209990321277,0.6358811080312217,2.274527908929606,flow_201.0,-0.7169685541411409,-0.7169685541411409,-0.7169685541411409,-0.7169685541411409,-0.716968554141141,0,E#D-X,0,18.579000967872304,23.6790009678723,,-0.6358811080312217,0.0
17.5,flow_2012.0,1.6,-26.13217222582397,0.37765361260745645,2.0857011026258796,flow_201.0,-0.5164549908475304,-0.5164549908475304,-0.5164549908475304,-0.5164549908475304,-0.5164549908475304,0,E#D-X,0,18.767827774176027,23.86782777417603,,-0.37765361260745645,0.0
18.0,flow_2012.0,1.6,-26.034339832373494,0.19566478690096523,1.9878687091753982,flow_201.0,-0.36397765141298244,-0.36397765141298244,-0.36397765141298244,-0.36397765141298244,-0.36397765141298244,0,E#D-X,0,18.86566016762651,23.96566016762651,,-0.19566478690096523,0.0
18.5,flow_2012.0,1.6,-25.995862886041714,0.07695389266355396,1.9493917628436215,flow_201.0,-0.23742178847482254,-0.23742178847482254,-0.23742178847482254,-0.23742178847482254,-0.23742178847482254,0,E#D-X,0,18.904137113958285,24.004137113958286,,-0.07695389266355396,0.5
19.0,flow_2012.0,1.6,-25.991835934003102,0.008053904077222562,1.9453648108050103,flow_201.0,-0.1377999771726628,-0.1377999771726628,-0.1377999771726628,-0.1377999771726628,-0.1377999771726628,0,E#D-X,0,18.9081640659969,24.008164065996898,,-0.008053904077222562,1.0
19.5,flow_2012.0,1.6,-25.991835934003102,0.0,1.9453648108050103,flow_201.0,-0.06551624765307029,-0.06551624765307029,-0.06551624765307029,-0.06551624765307029,-0.016107808154445125,0,E#D-X,0,18.9081640659969,24.008164065996898,,0.0,1.5
20.0,flow_2012.0,1.6,-25.991835934003102,0.0,1.9453648108050103,flow_201.0,-0.05695836397793874,-0.05695836397793874,-0.05695836397793874,-0.05695836397793874,0.0,0,E#D-X,0,18.9081640659969,24.008164065996898,,0.0,2.0
20.5,flow_2012.0,1.6,-25.991835934003102,0.0,1.9453648108050103,flow_201.0,-0.05695836397793874,-0.05695836397793874,-0.05695836397793874,-0.05695836397793874,0.0,0,E#D-X,0,18.9081640659969,24.008164065996898,,0.0,2.5
21.0,flow_2012.0,1.6,-25.991835934003102,0.0,1.9453648108050103,flow_201.0,-0.05695836397793874,-0.05695836397793874,-0.05695836397793874,-0.05695836397793874,0.0,0,E#D-X,0,18.9081640659969,24.008164065996898,,0.0,3.0
21.5,flow_2012.0,1.6,-25.991835934003102,0.0,1.9453648108050103,flow_201.0,-0.05695836397793874,-0.05695836397793874,-0.05695836397793874,-0.05695836397793874,0.0,0,E#D-X,0,18.9081640659969,24.008164065996898,,0.0,3.5
22.0,flow_2012.0,1.6,-25.991835934003102,0.0,1.9453648108050103,flow_201.0,-0.05695836397793874,-0.05695836397793874,-0.05695836397793874,-0.05695836397793874,0.0,0,E#D-X,0,18.9081640659969,24.008164065996898,,0.0,4.0
22.5,flow_2012.0,1.6,-25.991835934003102,0.0,1.9453648108050103,flow_201.0,-0.05695836397793874,-0.05695836397793874,-0.05695836397793874,-0.05695836397793874,0.0,0,E#D-X,0,18.9081640659969,24.008164065996898,,0.0,4.5
23.0,flow_2012.0,1.6,-25.991835934003102,0.0,1.9453648108050103,flow_201.0,-0.05695836397793874,-0.05695836397793874,-0.05695836397793874,-0.05695836397793874,0.0,0,E#D-X,0,18.9081640659969,24.008164065996898,,0.0,5.0
23.5,flow_2012.0,1.6,-25.991835934003102,0.0,1.9453648108050103,flow_201.0,-0.05695836397793874,-0.05695836397793874,-0.05695836397793874,-0.05695836397793874,0.0,0,E#D-X,0,18.9081640659969,24.008164065996898,,0.0,5.5
24.0,flow_2012.0,1.6,-25.991835934003102,0.0,1.9453648108050103,flow_201.0,-0.05695836397793874,-0.05695836397793874,-0.05695836397793874,-0.05695836397793874,0.0,0,E#D-X,0,18.9081640659969,24.008164065996898,,0.0,6.0
24.5,flow_2012.0,1.6,-25.991835934003102,0.0,1.9453648108050103,flow_201.0,-0.05695836397793874,-0.05695836397793874,-0.05695836397793874,-0.05695836397793874,0.0,0,E#D-X,0,18.9081640659969,24.008164065996898,,0.0,6.5
25.0,flow_2012.0,1.6,-25.991835934003102,0.0,1.9453648108050103,flow_201.0,-0.05695836397793874,-0.05695836397793874,-0.05695836397793874,-0.05695836397793874,0.0,0,E#D-X,0,18.9081640659969,24.008164065996898,,0.0,7.0
25.5,flow_2012.0,1.6,-25.991835934003102,0.0,1.9453648108050103,flow_201.0,-0.05695836397793874,-0.05695836397793874,-0.05695836397793874,-0.05695836397793874,0.0,0,E#D-X,0,18.9081640659969,24.008164065996898,,0.0,7.5
26.0,flow_2012.0,1.6,-25.991835934003102,0.0,1.9453648108050103,flow_201.0,-0.05695836397793874,-0.05695836397793874,-0.05695836397793874,-0.05695836397793874,0.0,0,E#D-X,0,18.9081640659969,24.008164065996898,,0.0,8.0
26.5,flow_2012.0,1.6,-25.991835934003102,0.0,1.9453648108050103,flow_201.0,-0.05695836397793874,-0.05695836397793874,-0.05695836397793874,-0.05695836397793874,0.0,0,E#D-X,0,18.9081640659969,24.008164065996898,,0.0,8.5
27.0,flow_2012.0,1.6,-25.991835934003102,0.0,1.9453648108050103,flow_201.0,-0.05695836397793874,-0.05695836397793874,-0.05695836397793874,-0.05695836397793874,0.0,0,E#D-X,0,18.9081640659969,24.008164065996898,,0.0,9.0
27.5,flow_2012.0,1.6,-25.991835934003102,0.0,1.9453648108050103,flow_201.0,-0.05695836397793874,-0.05695836397793874,-0.05695836397793874,-0.05695836397793874,0.0,0,E#D-X,0,18.9081640659969,24.008164065996898,,0.0,9.5
28.0,flow_2012.0,1.6,-25.991835934003102,0.0,1.9453648108050103,flow_201.0,-0.05695836397793874,-0.05695836397793874,-0.05695836397793874,-0.05695836397793874,0.0,0,E#D-X,0,18.9081640659969,24.008164065996898,,0.0,10.0
28.5,flow_2012.0,1.6,-25.991835934003102,0.0,1.9453648108050103,flow_201.0,-0.05695836397793874,-0.05695836397793874,-0.05695836397793874,-0.05695836397793874,0.0,0,E#D-X,0,18.9081640659969,24.008164065996898,,0.0,10.5
29.0,flow_2012.0,1.6,-25.991835934003102,0.0,1.9453648108050103,flow_201.0,-0.05695836397793874,-0.05695836397793874,-0.05695836397793874,-0.05695836397793874,0.0,0,E#D-X,0,18.9081640659969,24.008164065996898,,0.0,11.0
29.5,flow_2012.0,1.6,-25.991835934003102,0.0,1.9884568994241079,flow_201.0,-0.05695836397793874,-0.05695836397793874,-0.05695836397793874,-0.05695836397793874,0.0,0,E#D-X,0,18.9081640659969,24.008164065996898,,0.08618417723819677,11.5
30.0,flow_2012.0,1.6,-25.991835934003102,0.0,2.1553492562149685,flow_201.0,-0.01164380756046235,-0.01164380756046235,-0.01164380756046235,-0.01164380756046235,0.0,0,E#D-X,0,18.9081640659969,24.008164065996898,,0.33378471358171985,12.0
30.5,flow_2012.0,1.6,-25.95709660617489,0.06947865565642197,2.4753594635999328,flow_201.0,0.13895731131284395,0.13895731131284395,0.13895731131284395,0.13895731131284395,0.13895731131284395,0,E#D-X,0,18.942903393825112,24.04290339382511,,0.6400204147699353,12.5
31.0,flow_2012.0,1.6,-25.844042260456153,0.2261086914374667,2.934402550698067,flow_201.0,0.31326007156208946,0.31326007156208946,0.31326007156208946,0.31326007156208946,0.31326007156208946,0,E#D-X,0,19.055957739543842,24.155957739543844,,0.9180861741962704,0.0
31.5,flow_2012.0,1.6,-25.614119354037594,0.4598458128371242,3.5265765480972284,flow_201.0,0.46747424279931504,0.46747424279931504,0.46747424279931504,0.46747424279931504,0.46747424279931504,0,E#D-X,0,19.285880645962408,24.385880645962406,,1.184347994798327,0.0
32.0,flow_2012.0,1.6,-25.23483447433026,0.7585697594146704,4.2193863165819785,flow_201.0,0.5974478931550924,0.5974478931550924,0.5974478931550924,0.5974478931550924,0.5974478931550924,0,E#D-X,0,19.665165525669742,24.76516552566974,,1.3856195369695001,0.0
32.5,flow_2012.0,1.6,-24.68174945598944,1.1061700366816414,4.988389422530403,flow_201.0,0.6952005545339417,0.6952005545339417,0.6952005545339417,0.6952005545339417,0.6952005545339419,0,E#D-X,0,20.21825054401056,25.31825054401056,,1.5380062118968438,0.0
33.0,flow_2012.0,1.6,-23.93709499483587,1.4893089223071372,5.815807998190184,flow_201.0,0.7662777712509914,0.7662777712509914,0.7662777712509914,0.7662777712509914,0.7662777712509916,0,E#D-X,0,20.96290500516413,26.06290500516413,,1.6548371513195632,0.0
33.5,flow_2012.0,1.6,-22.98801714299484,1.8981557036820575,6.688773020765737,flow_201.0,0.817693562749841,0.817693562749841,0.817693562749841,0.817693562749841,0.8176935627498407,0,E#D-X,0,21.911982857005157,27.011982857005158,,1.7459300451511046,0.0
34.0,flow_2012.0,1.6,-21.82514187361527,2.325750538759145,7.954411378390322,flow_201.0,0.8551896701541748,0.8551896701541748,0.8551896701541748,0.8551896701541748,0.855189670154175,0,E#D-X,0,23.074858126384733,28.17485812638473,,2.5312767152491737,0.0
34.5,flow_2012.0,1.6,-20.428080249057395,2.7941232491157546,21.584625161479075,flow_001.0,0.9367454207132193,0.9367454207132193,0.9367454207132193,0.9367454207132193,0.9367454207132191,0,E#D-X,0,24.47191975094261,29.57191975094261,,4.959179550834924,0.0
35.0,flow_2012.0,1.6,-18.78318383816952,3.2897928217757397,24.065264824194443,flow_001.0,0.9913391453199702,0.9913391453199702,0.9913391453199702,0.9913391453199702,0.9913391453199702,0,E#D-X,0,26.116816161830478,31.21681616183048,,4.961279325430745,0.0
35.5,flow_2012.0,1.6,-16.890050286258422,3.786267103822192,26.54623681734173,flow_001.0,0.992948564092904,0.992948564092904,0.992948564092904,0.992948564092904,0.9929485640929041,0,E#D-X,0,28.009949713741577,33.10994971374158,,4.961943986294568,0.0
36.0,flow_2012.0,1.6,-15.252017290958001,3.2760659906008374,29.530501643594533,flow_001.0,0.9940701243223599,0.9940701243223599,0.9940701243223599,0.9940701243223599,-1.0204022264427088,0,E#D-X,0,29.647982709041997,34.747982709042,,5.968529652505621,0.0
36.5,flow_2012.0,1.6,-13.61398429565758,3.2760659906008374,32.76251219601587,flow_001.0,0.9952709013233277,0.9952709013233277,0.9952709013233277,0.9952709013233277,0.0,0,E#D-X,0,31.286015704342418,36.38601570434242,,6.464021104842669,0.0
37.0,flow_2012.0,1.6,-13.10095130035716,1.0260659906008374,37.36674491404138,flow_001.0,0.9961312531089027,0.9961312531089027,0.9961312531089027,0.9961312531089027,-4.5,0,E#D-X,0,31.79904869964284,36.89904869964284,,9.208465436051021,0.0
37.5,flow_2012.0,1.6,-12.577948642232606,1.0460053162491028,1000.0,,0.9971338635913413,0.9971338635913413,0.9971338635913413,0.9971338635913413,0.03987865129653079,0,E#D-X,0,32.32205135776739,37.422051357767394,,-1002.0460053162491,0.0
38.0,flow_2012.0,1.6,-12.029361010219056,1.097175264027107,1000.0,,0.999998522081286,0.999998522081286,0.999998522081286,0.999998522081286,0.10233989555600864,0,E#D-X,0,32.87063898978094,37.970638989780944,,-1002.0971752640271,0.0
38.5,flow_2012.0,1.6,-9.593702424997007,1.1752623267153406,1000.0,,0.9999982109642777,0.9999982109642777,0.9999982109642777,0.9999982109642777,0.15617412537646702,0,:X_8,0,33.45827015313861,0.5582701531386149,,-1002.1752623267154,0.0
39.0,flow_2012.0,1.6,-7.981783626469707,0.7479425353281403,1000.0,,,,,,-0.8546395827744007,0,:X_8,0,33.83224142080268,0.932241420802685,,-1001.7479425353281,0.0
39.5,flow_2012.0,1.6,-7.593615636224298,0.18011288845482343,1000.0,,,,,,-1.1356592937466337,0,:X_8,0,33.922297865030096,1.0222978650300967,,-1001.1801128884548,0.0
40.0,flow_2012.0,1.6,-4.403770457803506,1.4801123308643427,1000.0,,,,,,2.5999988848190387,0,:X_8,0,34.66235403046227,1.762354030462268,,-1002.4801123308644,0.0
40.5,flow_2012.0,-0.27479431748265226,0.9171969401829666,2.7800825858038416,1000.0,,,,,,2.599940509878998,0,:X_8,0,36.05239532336419,3.152395323364189,,-1003.7800825858038,0.0
41.0,flow_2012.0,-8.949707277367544,1.6,4.079850419221661,1000.0,,,,,,2.5995356668356395,0,:X_8,0,38.092320532975016,5.192320532975019,,-1005.0798504192217,0.0
41.5,flow_2012.0,-13.981790309849718,1.6,5.378939553749397,1000.0,,,,,,2.598178269055472,0,E#X-L,0,40.78179030984971,1.9817903098497176,,-1006.3789395537494,0.0
42.0,flow_2012.0,-16.92100171698609,1.6,5.878422814272748,1000.0,,0.9989665210467027,0.9989665210467027,0.9989665210467027,0.9989665210467027,0.998966521046702,0,E#X-L,0,43.72100171698609,4.921001716986092,,-1006.8784228142728,0.0
42.5,flow_2012.0,-20.10984457254845,1.6,6.377685711124718,1000.0,,0.9985257937039397,0.9985257937039397,0.9985257937039397,0.9985257937039397,0.9985257937039389,0,E#X-L,0,46.90984457254845,8.10984457254845,,-1007.3776857111247,0.0
43.0,flow_2012.0,-23.548176796796398,1.6,6.876664448495893,1000.0,,0.9979574747423497,0.9979574747423497,0.9979574747423497,0.9979574747423497,0.9979574747423499,0,E#X-L,0,50.348176796796395,11.548176796796398,,-1007.876664448496,0.0
43.5,flow_2012.0,-27.235818834763357,1.6,7.375284075933924,1000.0,,0.9972392548760624,0.9972392548760624,0.9972392548760624,0.9972392548760624,0.997239254876062,0,E#X-L,0,54.035818834763354,15.235818834763359,,-1008.3752840759339,0.0
44.0,flow_2012.0,-31.172547664112813,1.6,7.873457658698911,1000.0,,0.9963471655299742,0.9963471655299742,0.9963471655299742,0.9963471655299742,0.9963471655299738,0,E#X-L,0,57.97254766411281,19.172547664112813,,-1008.873457658699,0.0
44.5,flow_2012.0,-35.358090405290206,1.6,8.371085482354784,1000.0,,0.995255647311746,0.995255647311746,0.995255647311746,0.995255647311746,0.9952556473117475,0,E#X-L,0,62.1580904052902,23.358090405290206,,-1009.3710854823548,0.0
45.0,flow_2012.0,-39.79211755519067,1.6,8.868054299800937,1000.0,,0.9939376348923051,0.9939376348923051,0.9939376348923051,0.9939376348923051,0.9939376348923048,0,E#X-L,0,66.59211755519067,27.792117555190675,,-1009.868054299801,0.0
45.5,flow_2012.0,-44.474235870201284,1.6,9.36423663002121,1000.0,,0.9923646604405454,0.9923646604405454,0.9923646604405454,0.9923646604405454,0.9923646604405469,0,E#X-L,0,71.27423587020128,32.474235870201284,,-1010.3642366300212,0.0
46.0,flow_2012.0,-49.40398092964563,1.6,9.859490118888685,1000.0,,0.9905069777349478,0.9905069777349478,0.9905069777349478,0.9905069777349478,0.9905069777349489,0,E#X-L,0,76.20398092964562,37.40398092964563,,-1010.8594901188886,0.0
8.0,flow_3012.0,-44.9,-1.6,0.0,1.2527031447641637,flow_301.0,,,,,0,0,E#L-X,0,0.0,5.1,,3.2408273879195773,0.0
8.5,flow_3012.0,-44.9,-1.6,0.0,3.1126525348900405,flow_301.0,-1.5489637310937692,-1.5489637310937692,-1.5489637310937692,-1.5489637310937692,0,0,E#L-X,0,0.0,5.1,,3.7198987802517545,0.5
9.0,flow_3012.0,-44.753214024838826,-1.6,0.29357195032235595,5.039040059979415,flow_301.0,0.5871439006447119,0.5871439006447119,0.5871439006447119,0.5871439006447119,0.5871439006447119,0,E#L-X,0,0.14678597516117797,5.246785975161178,,3.8527750501787503,0.0
9.5,flow_3012.0,-44.39581065139056,-1.6,0.7148067468965192,6.914646823515736,flow_301.0,0.8424695931483266,0.8424695931483266,0.8424695931483266,0.8424695931483266,0.8424695931483266,0,E#L-X,0,0.5041893486094375,5.604189348609437,,3.7512135270726397,0.0
10.0,flow_3012.0,-43.8093224608856,-1.6,1.1729763810099232,8.630846542480588,flow_301.0,0.916339268226808,0.916339268226808,0.916339268226808,0.916339268226808,0.9163392682268079,0,E#L-X,0,1.0906775391143988,6.190677539114398,,3.432399437929708,0.0
10.5,flow_3012.0,-42.98625920290809,-1.6,1.6461265159550276,10.049000372755767,flow_301.0,0.9463002698902087,0.9463002698902087,0.9463002698902087,0.9463002698902087,0.9463002698902088,0,E#L-X,0,1.9137407970919122,7.013740797091912,,2.8363076605503563,0.0
11.0,flow_3012.0,-41.92310092606869,-1.6,2.1263165536787962,10.987435413418337,flow_301.0,0.9603800754475369,0.9603800754475369,0.9603800754475369,0.9603800754475369,0.9603800754475373,0,E#L-X,0,2.9768990739313104,8.07689907393131,,1.8768700813251398,0.0
11.5,flow_3012.0,-40.62286142368737,-1.6,2.6004790047626387,11.33659414936263,flow_301.0,0.948324902167685,0.948324902167685,0.948324902167685,0.948324902167685,0.948324902167685,0,E#L-X,0,4.27713857631263,9.37713857631263,,0.6983174718885881,0.0
12.0,flow_3012.0,-39.101606175126825,-1.6,3.0425104971210852,11.254626743942167,flow_301.0,0.884062984716893,0.884062984716893,0.884062984716893,0.884062984716893,0.884062984716893,0,E#L-X,0,5.798393824873173,10.898393824873173,,-0.1639348108409293,0.0
12.5,flow_3012.0,-37.38469697291244,-1.6,3.4338184044287794,10.606797161298687,flow_301.0,0.7826158146153884,0.7826158146153884,0.7826158146153884,0.7826158146153884,0.7826158146153883,0,E#L-X,0,7.515303027087564,12.615303027087563,,-1.295659165286962,0.0
13.0,flow_3012.0,-35.534636406043845,-1.6,3.7001211337371798,9.68016260823129,flow_301.0,0.5326054586168009,0.5326054586168009,0.5326054586168009,0.5326054586168009,0.5326054586168008,0,E#L-X,0,9.365363593956154,14.465363593956154,,-1.8532691061347915,0.0
13.5,flow_3012.0,-33.62737408388895,-1.6,3.814524644309797,8.527476236497677,flow_301.0,0.22880702114523443,0.22880702114523443,0.22880702114523443,0.22880702114523443,0.22880702114523466,0,E#L-X,0,11.272625916111052,16.37262591611105,,-2.3053727434672324,0.0
14.0,flow_3012.0,-31.774252625037942,-1.6,3.706242917702012,7.131549958519351,flow_301.0,-0.2165634532155697,-0.2165634532155697,-0.2165634532155697,-0.2165634532155697,-0.2165634532155698,0,E#L-X,0,13.125747374962058,18.225747374962058,,-2.7918525559566474,0.0
14.5,flow_3012.0,-30.155935940942555,-1.6,3.2366333681907733,5.918497399939465,flow_301.0,-0.9392190990224774,-0.9392190990224774,-0.9392190990224774,-0.9392190990224774,-0.9392190990224778,0,E#L-X,0,14.744064059057445,19.844064059057445,,-2.4261051171597687,0.0
15.0,flow_3012.0,-28.796334212750914,-1.6,2.7192034563832825,5.071524510107039,flow_301.0,-1.034859823614981,-1.034859823614981,-1.034859823614981,-1.034859823614981,-1.0348598236149815,0,E#L-X,0,16.103665787249085,21.203665787249086,,-1.6939457796648467,0.0
15.5,flow_3012.0,-27.61010697392604,-1.6,2.372454477649744,4.585712169003273,flow_301.0,-0.6934979574670769,-0.6934979574670769,-0.6934979574670769,-0.6934979574670769,-0.693497957467077,0,E#L-X,0,17.289893026073962,22.38989302607396,,-0.9716246822075334,0.0
16.0,flow_3012.0,-26.50954318033307,-1.6,2.2011275871859417,4.406048608542257,flow_301.0,-0.34265378092760457,-0.34265378092760457,-0.34265378092760457,-0.34265378092760457,-0.3426537809276047,0,E#L-X,0,18.39045681966693,23.49045681966693,,-0.35932712092203456,0.0
16.5,flow_3012.0,-25.42255344312798,-1.6,2.1739794744101726,4.489955552858845,flow_301.0,-0.05429622555153857,-0.05429622555153857,-0.05429622555153857,-0.05429622555153857,-0.054296225551538235,0,E#L-X,0,19.477446556872017,24.57744655687202,,0.1678138886331788,0.0
17.0,flow_3012.0,-24.286478253734437,-1.6,2.272150378787091,4.774767762822215,flow_301.0,0.196341808753837,0.196341808753837,0.196341808753837,0.196341808753837,0.19634180875383667,0,E#L-X,0,20.61352174626556,25.713521746265563,,0.5696244199267357,0.0
17.5,flow_3012.0,-23.054103860645817,-1.6,2.4647487861772377,5.213260640487988,flow_301.0,0.3851968147802938,0.3851968147802938,0.3851968147802938,0.3851968147802938,0.38519681478029355,0,E#L-X,0,21.84589613935418,26.945896139354183,,0.876985755331543,0.0
18.0,flow_3012.0,-21.68978515399084,-1.6,2.728637413309952,5.769770715042085,flow_301.0,0.5277772542654283,0.5277772542654283,0.5277772542654283,0.5277772542654283,0.5277772542654287,0,E#L-X,0,23.21021484600916,28.31021484600916,,1.1130201491081984,0.0
18.5,flow_3012.0,-20.166888358210638,-1.6,3.0457935915604044,6.7443576065363295,flow_301.0,0.6343123565009048,0.6343123565009048,0.6343123565009048,0.6343123565009048,0.6343123565009048,0,E#L-X,0,24.733111641789364,29.833111641789362,,1.9491737829884896,0.0
19.0,flow_3012.0,-18.431806793598415,-1.6,3.4701631292244466,1000.0,,0.8487390753280847,0.8487390753280847,0.8487390753280847,0.8487390753280847,0.8487390753280843,0,E#L-X,0,26.468193206401587,31.568193206401585,,-1004.4701631292245,0.0
19.5,flow_3012.0,-16.50985236778277,-1.6,3.8439088516312916,1000.0,,0.9998209746442674,0.9998209746442674,0.9998209746442674,0.9998209746442674,0.74749144481369,0,E#L-X,0,28.39014763221723,33.49014763221723,,-1004.8439088516313,0.0
20.0,flow_3012.0,-14.986187628262321,-1.6,3.0473294790409002,1000.0,,0.9997304698798442,0.9997304698798442,0.9997304698798442,0.9997304698798442,-1.5931587451807827,0,E#L-X,0,29.913812371737677,35.01381237173768,,-1004.0473294790409,0.0
20.5,flow_3012.0,-13.966388940394395,-1.6,2.039597375735856,1000.0,,0.9998935384872671,0.9998935384872671,0.9998935384872671,0.9998935384872671,-2.0154642066100887,0,E#L-X,0,30.933611059605603,36.033611059605605,,-1003.0395973757359,0.0
21.0,flow_3012.0,-13.311390046184783,-1.6,1.3099977884192204,1000.0,,0.9999786354987305,0.9999786354987305,0.9999786354987305,0.9999786354987305,-1.4591991746332709,0,E#L-X,0,31.588609953815215,36.68860995381522,,-1002.3099977884192,0.0
21.5,flow_3012.0,-12.933465580646683,-1.6,0.755848931076206,1000.0,,0.9999963642230584,0.9999963642230584,0.9999963642230584,0.9999963642230584,-1.108297714686029,0,E#L-X,0,31.966534419353316,37.06653441935332,,-1001.7558489310762,0.0
22.0,flow_3012.0,-12.88565576013439,-1.6,0.09561964102458442,1000.0,,0.9999995970464427,0.9999995970464427,0.9999995970464427,0.9999995970464427,-1.3204585801032431,0,E#L-X,0,32.01434423986561,37.11434423986561,,-1001.0956196410245,0.5
22.5,flow_3012.0,-12.596693249206403,-1.6,0.5779250218559712,1000.0,,0.9999999998967943,0.9999999998967943,0.9999999998967943,0.9999999998967943,0.9646107616627735,0,E#L-X,0,32.303306750793595,37.4033067507936,,-1001.577925021856,0.0
23.0,flow_3012.0,-12.560066117541744,-1.6,0.07325426332931934,1000.0,,0.9999998622787444,0.9999998622787444,0.9999998622787444,0.9999998622787444,-1.0093415170533038,0,E#L-X,0,32.339933882458254,37.439933882458256,,-1001.0732542633293,0.5
23.5,flow_3012.0,-12.560066117541744,-1.6,0.0,1000.0,,0.9999999999644494,0.9999999999644494,0.9999999999644494,0.9999999999644494,-0.14650852665863867,0,E#L-X,0,32.339933882458254,37.439933882458256,,-1001.0,1.0
24.0,flow_3012.0,-12.310066117541744,-1.6,0.5,1000.0,,1.0,1.0,1.0,1.0,1.0,0,E#L-X,0,32.589933882458254,37.689933882458256,,-1001.5,0.0
24.5,flow_3012.0,-12.100000000000001,-1.6,0.42013223508348857,4.416207767624652,flow_101.0,0.9999999228395062,0.9999999228395062,0.9999999228395062,0.9999999228395062,-0.15973552983302286,0,E#L-X,0,32.8,37.9,,3.2914015104060317,0.0
25.0,flow_3012.0,-12.100000000000001,-1.6,0.0,6.84721092824765,flow_101.0,0.7949021639631437,0.7949021639631437,0.7949021639631437,0.7949021639631437,-0.8402644701669771,0,E#L-X,0,32.8,37.9,,4.862006321245998,0.5
25.5,flow_3012.0,-12.100000000000001,-1.6,0.0,9.734913798117342,flow_101.0,0.9146835888849865,0.9146835888849865,0.9146835888849865,0.9146835888849865,0.0,0,E#L-X,0,32.8,37.9,,5.77540573973938,1.0
26.0,flow_3012.0,-12.100000000000001,-1.6,0.0,12.921421976456319,flow_101.0,0.9577919031038129,0.9577919031038129,0.9577919031038129,0.9577919031038129,0.0,0,E#L-X,0,32.8,37.9,,6.373016356677958,1.5
26.5,flow_3012.0,-12.100000000000001,-1.6,0.0,16.267781881630277,flow_101.0,0.9760426171980019,0.9760426171980019,0.9760426171980019,0.9760426171980019,0.0,0,E#L-X,0,32.8,37.9,,6.692719810347916,2.0
27.0,flow_3012.0,-12.100000000000001,-1.6,0.0,19.686712757947895,flow_101.0,0.9848851685072059,0.9848851685072059,0.9848851685072059,0.9848851685072059,0.0,0,E#L-X,0,32.8,37.9,,6.839492775009097,2.5
27.5,flow_3012.0,-12.100000000000001,-1.6,0.0,23.137306040020405,flow_101.0,0.9896791947787441,0.9896791947787441,0.9896791947787441,0.9896791947787441,0.0,0,E#L-X,0,32.8,37.9,,6.901186564145025,3.0
28.0,flow_3012.0,-12.100000000000001,-1.6,0.0,26.8371992382379,flow_101.0,0.9925280422219032,0.9925280422219032,0.9925280422219032,0.9925280422219032,0.0,0,E#L-X,0,32.8,37.9,,7.399786396435,3.5
28.5,flow_3012.0,-12.100000000000001,-1.6,0.0,30.78616703170669,flow_101.0,0.9944462591520437,0.9944462591520437,0.9944462591520437,0.9944462591520437,0.0,0,E#L-X,0,32.8,37.9,,7.897935586937576,4.0
29.0,flow_3012.0,-12.100000000000001,-1.6,0.0,1.0000000000000013,flow_20.0,0.9957796472837342,0.9957796472837342,0.9957796472837342,0.9957796472837342,0.0,0,E#L-X,0,32.8,37.9,,0.49501857796265236,4.5
29.5,flow_3012.0,-12.100000000000001,-1.6,0.0,1.0000000000000013,flow_20.0,-2.9999999999999893,-2.9999999999999893,-2.9999999999999893,-2.9999999999999893,0.0,0,E#L-X,0,32.8,37.9,,1.4288594585161345,5.0
30.0,flow_3012.0,-12.100000000000001,-1.6,0.0,1.0000000000000013,flow_20.0,-2.9999999999999893,-2.9999999999999893,-2.9999999999999893,-2.9999999999999893,0.0,0,E#L-X,0,32.8,37.9,,2.675909019678213,5.5
30.5,flow_3012.0,-12.100000000000001,-1.6,0.0,1.0000000000000013,flow_20.0,-2.9999999999999893,-2.9999999999999893,-2.9999999999999893,-2.9999999999999893,0.0,0,E#L-X,0,32.8,37.9,,3.6959991033861774,6.0
31.0,flow_3012.0,-12.100000000000001,-1.6,0.0,2.630451369792087,flow_20.0,-2.9999999999999893,-2.9999999999999893,-2.9999999999999893,-2.9999999999999893,0.0,0,E#L-X,0,32.8,37.9,,4.095534645492946,6.5
31.5,flow_3012.0,-12.100000000000001,-1.6,0.0,5.065078622949292,flow_20.0,0.42190470219116893,0.42190470219116893,0.42190470219116893,0.42190470219116893,0.0,0,E#L-X,0,32.8,37.9,,4.869254506314409,7.0
32.0,flow_3012.0,-12.100000000000001,-1.6,0.0,8.124620244191622,flow_20.0,0.844085104089362,0.844085104089362,0.844085104089362,0.844085104089362,0.0,0,E#L-X,0,32.8,37.9,,6.11908324248466,7.5
32.5,flow_3012.0,-12.100000000000001,-1.6,0.0,11.775349547522728,flow_20.0,0.9394026196127422,0.9394026196127422,0.9394026196127422,0.9394026196127422,0.0,0,E#L-X,0,32.8,37.9,,7.302153415639936,8.0
33.0,flow_3012.0,-12.100000000000001,-1.6,0.0,15.963482894317515,flow_20.0,0.9711522214482778,0.9711522214482778,0.9711522214482778,0.9711522214482778,0.0,0,E#L-X,0,32.8,37.9,,8.37626669358957,8.5
33.5,flow_3012.0,-12.100000000000001,-1.6,0.0,20.61343247427564,flow_20.0,0.9843034326118427,0.9843034326118427,0.9843034326118427,0.9843034326118427,0.0,0,E#L-X,0,32.8,37.9,,9.299899159916258,9.0
34.0,flow_3012.0,-12.100000000000001,-1.6,0.0,25.511073351869705,flow_20.0,0.9905863215125852,0.9905863215125852,0.9905863215125852,0.9905863215125852,0.0,0,E#L-X,0,32.8,37.9,,9.79528175518813,9.5
34.5,flow_3012.0,-12.100000000000001,-1.6,0.0,30.655872892634466,flow_20.0,0.9938538588714888,0.9938538588714888,0.9938538588714888,0.9938538588714888,0.0,0,E#L-X,0,32.8,37.9,,10.289599081529513,10.0
35.0,flow_3012.0,-12.100000000000001,-1.6,0.0,36.047212650851,flow_20.0,0.9957436962086543,0.9957436962086543,0.9957436962086543,0.9957436962086543,0.0,0,E#L-X,0,32.8,37.9,,10.782679516433072,10.5
35.5,flow_3012.0,-12.100000000000001,-1.6,0.0,41.61277902037716,flow_20.0,0.9969216597970777,0.9969216597970777,0.9969216597970777,0.9969216597970777,0.0,0,E#L-X,0,32.8,37.9,,11.131132739052328,11.0
36.0,flow_3012.0,-12.100000000000001,-1.6,0.0,47.294723602292855,flow_20.0,0.997690028876207,0.997690028876207,0.997690028876207,0.997690028876207,0.0,0,E#L-X,0,32.8,37.9,,11.363889163831383,11.5
36.5,flow_3012.0,-12.100000000000001,-1.6,0.0,53.05188302675418,flow_20.0,0.9982117237535875,0.9982117237535875,0.9982117237535875,0.9982117237535875,0.0,0,E#L-X,0,32.8,37.9,,11.514318848922661,12.0
37.0,flow_3012.0,-12.100000000000001,-1.6,0.0,1000.0,,0.9985787895748399,0.9985787895748399,0.9985787895748399,0.9985787895748399,0.0,0,E#L-X,0,32.8,37.9,,-1001.0,12.5
37.5,flow_3012.0,-12.100000000000001,-1.6,0.0,1000.0,,1.0,1.0,1.0,1.0,0.0,0,E#L-X,0,32.8,37.9,,-1001.0,13.0
38.0,flow_3012.0,-12.100000000000001,-1.6,0.0,1000.0,,1.0,1.0,1.0,1.0,0.0,0,E#L-X,0,32.8,37.9,,-1001.0,13.5
38.5,flow_3012.0,-12.100000000000001,-1.6,0.0,1000.0,,1.0,1.0,1.0,1.0,0.0,0,E#L-X,0,32.8,37.9,,-1001.0,14.0
39.0,flow_3012.0,-12.05472921791381,-1.6,0.09054156417238876,1000.0,,1.0,1.0,1.0,1.0,0.18108312834477752,0,E#L-X,0,32.84527078208619,37.94527078208619,,-1001.0905415641724,14.5
39.5,flow_3012.0,-11.992871362553618,-1.6,0.12371536355829187,1000.0,,0.9999999999170327,0.9999999999170327,0.9999999999170327,0.9999999999170327,0.06634759877180621,0,:X_11,0,32.907128463865334,0.007128463865335277,,-1001.1237153635583,0.0
40.0,flow_3012.0,-11.930811816919705,-1.6,0.1241160689901439,1000.0,,,,,,0.0008014108637040551,0,:X_11,0,32.96918649836041,0.06918649836040722,,-1001.1241160689901,0.0
40.5,flow_3012.0,-11.790344773668311,-1.6,0.28092724580801215,1000.0,,,,,,0.31362235363573654,0,:X_11,0,33.10965012126441,0.2096501212644133,,-1001.280927245808,0.0
41.0,flow_3012.0,-11.277197903645872,-1.6,1.0262687499758067,1000.0,,,,,,1.4906830083355893,0,:X_11,0,33.622784496252315,0.7227844962523167,,-1002.0262687499758,0.0
41.5,flow_3012.0,-10.130956048224682,-1.6,2.2924278892739127,1000.0,,,,,,2.532318278596212,0,:X_11,0,34.76899844088927,1.868998440889273,,-1003.2924278892739,0.0
42.0,flow_3012.0,-8.444747103207856,-1.6,3.3723357722610117,1000.0,,,,,,2.159815765974198,0,:X_11,0,36.455166327019775,3.555166327019779,,-1004.3723357722611,0.0
42.5,flow_3012.0,-6.2548083677206305,-1.6,4.379770821741148,1000.0,,,,,,2.014870098960272,0,:X_11,0,38.645051737890356,5.745051737890353,,-1005.3797708217412,0.0
43.0,flow_3012.0,-3.477297471610573,-1.6,5.554886528432705,1000.0,,,,,,2.3502314133831153,0,:X_11,0,41.4224950021067,8.522495002106705,,-1006.5548865284327,0.0
43.5,flow_3012.0,-0.3198910196705318,-0.8826158091795815,6.560311041298015,1000.0,,,,,,2.0108490257306197,0,:X_11,0,44.70265052275571,11.802650522755712,,-1007.5603110412981,0.0
44.0,flow_3012.0,1.493484774420518,2.047310291287202,7.32508002758827,1000.0,,,,,,1.5295379725805098,0,:X_11,0,48.36519053654985,15.465190536549848,,-1008.3250800275882,0.0
44.5,flow_3012.0,1.6,5.95229685232739,7.834507152535741,1000.0,,,,,,1.0188542498949413,0,:X_11,0,52.282444112817714,19.38244411281772,,-1008.8345071525357,0.0
45.0,flow_3012.0,1.6,10.020074307119792,8.135356810277383,1000.0,,,,,,0.6016993154832839,0,:X_11,0,56.35012251795641,23.45012251795641,,-1009.1353568102774,0.0
45.5,flow_3012.0,1.6,14.169067410431872,8.297889784950922,1000.0,,,,,,0.3250659493470778,0,E#X-T,0,60.49906741043187,2.1690674104318717,,-1009.2978897849509,0.0
46.0,flow_3012.0,1.6,18.56654902896716,8.794963237070572,1000.0,,0.9941469042393023,0.9941469042393023,0.9941469042393023,0.9941469042393023,0.994146904239301,0,E#X-T,0,64.89654902896716,6.566549028967158,,-1009.7949632370705,0.0
46.5,flow_3012.0,1.6,23.212183969807594,9.29126988168087,1000.0,,0.9926132892205951,0.9926132892205951,0.9926132892205951,0.9926132892205951,0.9926132892205963,0,E#X-T,0,69.5421839698076,11.212183969807594,,-1010.2912698816808,0.0
47.0,flow_3012.0,1.6,28.105518765247062,9.78666959087894,1000.0,,0.9907994183961416,0.9907994183961416,0.9907994183961416,0.9907994183961416,0.9907994183961399,0,E#X-T,0,74.43551876524705,16.105518765247062,,-1010.7866695908789,0.0
47.5,flow_3012.0,1.6,33.246022203276894,10.281006876059665,1000.0,,0.9886745703614502,0.9886745703614502,0.9886745703614502,0.9886745703614502,0.9886745703614501,0,E#X-T,0,79.57602220327689,21.246022203276894,,-1011.2810068760597,0.0
48.0,flow_3012.0,1.6,38.633077400490336,10.774110394426875,1000.0,,0.9862070367344214,0.9862070367344214,0.9862070367344214,0.9862070367344214,0.9862070367344202,0,E#X-T,0,84.96307740049033,26.633077400490333,,-1011.7741103944269,0.0
48.5,flow_3012.0,1.6,44.26597367667091,11.265792552361157,1000.0,,0.983364315868563,0.983364315868563,0.983364315868563,0.983364315868563,0.9833643158685632,0,E#X-T,0,90.59597367667091,32.26597367667091,,-1012.2657925523612,0.0
52.0,flow_00.1,-1.6,44.9,0.0,1000.0,,,,,,0,0,E#T-X,0,0.0,5.1,,-1001.0,0.0
52.5,flow_00.1,-1.6,44.65,0.5,1000.0,,1.0,1.0,1.0,1.0,1.0,0,E#T-X,0,0.25,5.35,,-1001.5,0.0
53.0,flow_00.1,-1.6,44.150000019290125,0.9999999614197531,1000.0,,0.9999999228395062,0.9999999228395062,0.9999999228395062,0.9999999228395062,0.9999999228395062,0,E#T-X,0,0.7499999807098767,5.849999980709876,,-1001.9999999614198,0.0
53.5,flow_00.1,-1.6,43.400000347222175,1.4999993441358979,1000.0,,0.9999987654322893,0.9999987654322893,0.9999987654322893,0.9999987654322893,0.9999987654322895,0,E#T-X,0,1.4999996527778254,6.599999652777825,,-1002.4999993441359,0.0
54.0,flow_00.1,-1.6,42.40000223765149,1.9999962191413634,1000.0,,0.999993750010931,0.999993750010931,0.999993750010931,0.999993750010931,0.999993750010931,0,E#T-X,0,2.4999977623485075,7.599997762348507,,-1002.9999962191414,0.0
54.5,flow_00.1,-1.6,41.15000906631508,2.499986342672837,1000.0,,0.9999802470629471,0.9999802470629471,0.9999802470629471,0.9999802470629471,0.9999802470629473,0,E#T-X,0,3.7499909336849253,8.849990933684925,,-1003.4999863426729,0.0
55.0,flow_00.1,-1.6,39.65002795104237,2.9999622305454148,1000.0,,0.9999517757451555,0.9999517757451555,0.9999517757451555,0.9999517757451555,0.9999517757451555,0,E#T-X,0,5.249972048957632,10.349972048957632,,-1003.9999622305454,0.0
55.5,flow_00.1,-1.6,37.900071834510705,3.499912233063331,1000.0,,0.9999000050358322,0.9999000050358322,0.9999000050358322,0.9999000050358322,0.9999000050358324,0,E#T-X,0,6.9999281654892975,12.099928165489297,flow_001.1,-1004.4999122330634,0.0
56.0,flow_00.1,-1.6,35.900162028919944,3.9998196111815183,1000.0,,0.9998147562363746,0.9998147562363746,0.9998147562363746,0.9998147562363746,0.9998147562363746,0,E#T-X,0,8.999837971080057,14.099837971080056,flow_001.1,-1004.9998196111815,0.0
56.5,flow_00.1,-1.6,33.65033122142289,4.499661614994119,1000.0,,0.9996840076252022,0.9996840076252022,0.9996840076252022,0.9996840076252022,0.999684007625202,0,E#T-X,0,11.249668778577115,16.349668778577115,flow_001.1,-1005.4996616149941,0.0
57.0,flow_00.1,-1.6,31.150626938361807,4.999408566122158,1000.0,,0.9994939022560778,0.9994939022560778,0.9994939022560778,0.9994939022560778,0.9994939022560771,0,E#T-X,0,13.749373061638194,18.849373061638193,flow_001.1,-1005.9994085661222,0.0
57.5,flow_00.1,-1.6,28.401115465280828,5.499022946161957,1000.0,,0.9992287600795975,0.9992287600795975,0.9992287600795975,0.9992287600795975,0.9992287600795979,0,E#T-X,0,16.498884534719174,21.598884534719172,flow_001.1,-1006.499022946162,0.0
58.0,flow_00.1,-1.6,25.40188621826279,5.9984584940360826,1000.0,,0.9988710957482514,0.9988710957482514,0.9988710957482514,0.9988710957482514,0.9988710957482514,0,E#T-X,0,19.49811378173721,24.59811378173721,flow_001.1,-1006.9984584940361,0.0
58.5,flow_00.1,-1.6,22.25600571487739,6.291761006770795,1000.0,,0.9984016436394725,0.9984016436394725,0.9984016436394725,0.9984016436394725,0.5866050254694244,0,E#T-X,0,22.64399428512261,27.74399428512261,flow_001.1,-1007.2917610067708,0.0
59.0,flow_00.1,-1.6,19.35947868784479,5.793054054065201,1000.0,,0.9980653435692165,0.9980653435692165,0.9980653435692165,0.9980653435692165,-0.9974139054111877,0,E#T-X,0,25.540521312155214,30.64052131215521,flow_001.1,-1006.7930540540652,0.0
59.5,flow_00.1,-1.6,17.0427811671329,4.633395041423778,1000.0,,0.9986095822461474,0.9986095822461474,0.9986095822461474,0.9986095822461474,-2.319318025282845,0,E#T-X,0,27.857218832867098,32.9572188328671,flow_001.1,-1005.6333950414238,0.0
60.0,flow_00.1,-1.6,15.364642013047273,3.3562783081712535,1000.0,,0.999430999956824,0.999430999956824,0.999430999956824,0.999430999956824,-2.5542334665050497,0,E#T-X,0,29.535357986952725,34.63535798695273,flow_001.1,-1004.3562783081712,0.0
60.5,flow_00.1,-1.6,14.217079611473224,2.295124803148097,4.9565021281435016,flow_301.1,0.9998433440677507,0.9998433440677507,0.9998433440677507,0.9998433440677507,-2.1223070100463133,0,E#T-X,0,30.682920388526775,35.782920388526776,flow_001.1,3.2038721968519033,0.0
61.0,flow_00.1,-1.6,12.860230928332996,2.7136973662804618,6.349151945003271,flow_301.1,0.8371451262647299,0.8371451262647299,0.8371451262647299,0.8371451262647299,0.8371451262647298,0,E#T-X,0,32.039769071667,37.139769071667004,flow_001.1,2.7852996337195384,0.0
61.5,flow_00.1,-1.6,11.278205658198388,3.164050540269211,7.516625174868666,flow_301.1,0.9007063479774986,0.9007063479774986,0.9007063479774986,0.9007063479774986,0.9007063479774988,0,:X_1,0,33.62179434180161,0.721794341801612,flow_001.1,2.334946459730789,0.0
62.0,flow_00.1,-1.6,9.132912224835056,4.290586866726663,8.120830241505335,flow_301.1,,,,,2.253072652914904,0,:X_1,0,35.76708777516494,2.8670877751649435,flow_001.1,1.208410133273337,0.0
62.5,flow_00.1,-1.6,6.50520787849212,5.255408692685872,8.2426243951624,flow_301.1,,,,,1.9296436519184184,0,:X_1,0,38.39479212150788,5.49479212150788,flow_001.1,0.24358830731412784,0.0
63.0,flow_00.1,-1.6,3.5229086669199923,5.964598423144254,8.009212893088588,flow_301.1,,,,,1.4183794609167641,0,:X_1,0,41.37709133308,8.477091333080008,flow_001.1,-0.46560142314425423,0.0
63.5,flow_00.1,-1.6,0.3491809566303843,6.347455420579218,7.584983682798981,flow_301.1,,,,,0.7657139948699268,0,:X_1,0,44.550819043369614,11.650819043369616,flow_001.1,-0.8484584205792176,0.0
64.0,flow_00.1,-1.6,-2.8703854921610272,6.439132897582822,7.364633513271128,flow_301.1,,,,,0.1833549540072088,0,:X_1,0,47.770385492161026,14.870385492161027,flow_001.1,-0.44070033905570405,0.0
64.5,flow_00.1,-1.6,-6.1538694651687464,6.56696794601544,7.329966237347598,flow_301.1,,,,,0.2556700968652361,0,:X_1,0,51.053869465168745,18.153869465168746,flow_001.1,-0.06933455184706272,0.0
65.0,flow_00.1,-1.6,-9.531791080549851,6.755843230762209,7.450311175778165,flow_301.1,,,,,0.37775056949353747,0,:X_1,0,54.43179108054985,21.53179108054985,flow_001.1,0.24068987686113275,0.0
65.5,flow_00.1,-1.6,-13.032737221108945,7.001892281118192,7.696892006636858,flow_301.1,,,,,0.49209810071196536,0,E#X-D,0,57.932737221108944,1.0327372211089454,flow_001.1,0.4931616617173846,0.0
66.0,flow_00.1,-1.6,-16.539697180750668,7.013919919283447,8.186485029437204,flow_301.1,0.02405527633051152,0.02405527633051152,0.02405527633051152,0.02405527633051152,0.024055276330511077,0,E#X-D,0,61.43969718075067,4.539697180750669,flow_001.1,0.9791860456006907,0.0
66.5,flow_00.1,-1.6,-20.152049534299756,7.224704707098179,8.819425812880725,flow_301.1,0.4215695756294633,0.4215695756294633,0.4215695756294633,0.4215695756294633,0.42156957562946396,0,E#X-D,0,65.05204953429975,8.152049534299758,flow_001.1,1.2658815668870416,0.0
67.0,flow_00.1,-1.6,-23.916651682501794,7.529204296404068,9.548512796711519,flow_301.1,0.608999178611779,0.608999178611779,0.608999178611779,0.608999178611779,0.6089991786117785,0,E#X-D,0,68.81665168250179,11.916651682501792,flow_001.1,1.4581739676615877,0.0
67.5,flow_00.1,-1.6,-27.86041446806461,7.887525571125644,10.346425478869966,flow_301.1,0.716642549443151,0.716642549443151,0.716642549443151,0.716642549443151,0.7166425494431508,0,E#X-D,0,72.76041446806461,15.860414468064613,flow_001.1,1.5958253643168971,0.0
68.0,flow_00.1,-1.6,-32.0003157703747,8.279802604620173,11.195703312658644,flow_301.1,0.7845540669890566,0.7845540669890566,0.7845540669890566,0.7845540669890566,0.7845540669890578,0,E#X-D,0,76.9003157703747,20.000315770374698,flow_001.1,1.6985556675773523,0.0
68.5,flow_00.1,-1.6,-36.34768681648336,8.69474209221734,1000.0,,0.8298789751943326,0.8298789751943326,0.8298789751943326,0.8298789751943326,0.8298789751943332,0,E#X-D,0,81.24768681648337,24.347686816483368,flow_1012.1,-1009.6947420922173,0.0
69.0,flow_00.1,-1.6,-40.94329393072237,9.191214228478007,1000.0,,0.9929442725213358,0.9929442725213358,0.9929442725213358,0.9929442725213358,0.9929442725213349,0,E#X-D,0,85.84329393072237,28.94329393072237,flow_1012.1,-1010.191214228478,0.0
69.5,flow_00.1,-1.6,-45.78669838962937,9.686808917814002,1000.0,,0.9911893786719901,0.9911893786719901,0.9911893786719901,0.9911893786719901,0.9911893786719901,0,E#X-D,0,90.68669838962937,33.78669838962937,flow_1012.1,-1010.686808917814,0.0
52.0,flow_10.1,44.9,1.6,0.0,1000.0,,,,,,0,0,E#R-X,0,0.0,5.1,,-1001.0,0.0
52.5,flow_10.1,44.65,1.6,0.5,1000.0,,1.0,1.0,1.0,1.0,1.0,0,E#R-X,0,0.25,5.35,,-1001.5,0.0
53.0,flow_10.1,44.150000019290125,1.6,0.9999999614197531,1000.0,,0.9999999228395062,0.9999999228395062,0.9999999228395062,0.9999999228395062,0.9999999228395062,0,E#R-X,0,0.7499999807098767,5.849999980709876,,-1001.9999999614198,0.0
53.5,flow_10.1,43.400000347222175,1.6,1.4999993441358979,1000.0,,0.9999987654322893,0.9999987654322893,0.9999987654322893,0.9999987654322893,0.9999987654322895,0,E#R-X,0,1.4999996527778254,6.599999652777825,,-1002.4999993441359,0.0
54.0,flow_10.1,42.40000223765149,1.6,1.9999962191413634,1000.0,,0.999993750010931,0.999993750010931,0.999993750010931,0.999993750010931,0.999993750010931,0,E#R-X,0,2.4999977623485075,7.599997762348507,,-1002.9999962191414,0.0
54.5,flow_10.1,41.15000906631508,1.6,2.499986342672837,1000.0,,0.9999802470629471,0.9999802470629471,0.9999802470629471,0.9999802470629471,0.9999802470629473,0,E#R-X,0,3.7499909336849253,8.849990933684925,,-1003.4999863426729,0.0
55.0,flow_10.1,39.65002795104237,1.6,2.9999622305454148,1000.0,,0.9999517757451555,0.9999517757451555,0.9999517757451555,0.9999517757451555,0.9999517757451555,0,E#R-X,0,5.249972048957632,10.349972048957632,,-1003.9999622305454,0.0
55.5,flow_10.1,37.900071834510705,1.6,3.499912233063331,1000.0,,0.9999000050358322,0.9999000050358322,0.9999000050358322,0.9999000050358322,0.9999000050358324,0,E#R-X,0,6.9999281654892975,12.099928165489297,flow_101.1,-1004.4999122330634,0.0
56.0,flow_10.1,35.900162028919944,1.6,3.9998196111815183,1000.0,,0.9998147562363746,0.9998147562363746,0.9998147562363746,0.9998147562363746,0.9998147562363746,0,E#R-X,0,8.999837971080057,14.099837971080056,flow_101.1,-1004.9998196111815,0.0
56.5,flow_10.1,33.65033122142289,1.6,4.499661614994119,1000.0,,0.9996840076252022,0.9996840076252022,0.9996840076252022,0.9996840076252022,0.999684007625202,0,E#R-X,0,11.249668778577115,16.349668778577115,flow_101.1,-1005.4996616149941,0.0
57.0,flow_10.1,31.150626938361807,1.6,4.999408566122158,1000.0,,0.9994939022560778,0.9994939022560778,0.9994939022560778,0.9994939022560778,0.9994939022560771,0,E#R-X,0,13.749373061638194,18.849373061638193,flow_101.1,-1005.9994085661222,0.0
57.5,flow_10.1,28.401115465280828,1.6,5.499022946161957,1000.0,,0.9992287600795975,0.9992287600795975,0.9992287600795975,0.9992287600795975,0.9992287600795979,0,E#R-X,0,16.498884534719174,21.598884534719172,flow_101.1,-1006.499022946162,0.0
58.0,flow_10.1,25.40188621826279,1.6,5.9984584940360826,1000.0,,0.9988710957482514,0.9988710957482514,0.9988710957482514,0.9988710957482514,0.9988710957482514,0,E#R-X,0,19.49811378173721,24.59811378173721,flow_101.1,-1006.9984584940361,0.0
58.5,flow_10.1,22.247348469926713,1.6,6.309075496672156,1000.0,,0.9984016436394725,0.9984016436394725,0.9984016436394725,0.9984016436394725,0.6212340052721466,0,E#R-X,0,22.652651530073292,27.75265153007329,flow_101.1,-1007.3090754966721,0.0
59.0,flow_10.1,19.342078571796517,1.6,5.810539796260385,1000.0,,0.9980439593382412,0.9980439593382412,0.9980439593382412,0.9980439593382412,-0.9970714008235415,0,E#R-X,0,25.557921428203485,30.657921428203483,flow_101.1,-1006.8105397962604,0.0
59.5,flow_10.1,17.02558323386144,1.6,4.63299067587015,1000.0,,0.9985927187506799,0.9985927187506799,0.9985927187506799,0.9985927187506799,-2.355098240780471,0,E#R-X,0,27.87441676613856,32.97441676613856,flow_101.1,-1005.6329906758701,0.0
60.0,flow_10.1,15.351948391847415,1.6,3.3472696840280483,1000.0,,0.9994311985618619,0.9994311985618619,0.9994311985618619,0.9994311985618619,-2.5714419836842026,0,E#R-X,0,29.548051608152583,34.648051608152585,flow_101.1,-1004.347269684028,0.0
60.5,flow_10.1,14.208572174845742,1.6,2.2867524340033505,1000.0,,0.9998450192358973,0.9998450192358973,0.9998450192358973,0.9998450192358973,-2.1210345000493955,0,E#R-X,0,30.691427825154257,35.79142782515426,flow_101.1,-1003.2867524340033,0.0
61.0,flow_10.1,13.463372818152493,1.6,1.490398713386492,1000.0,,0.9999662408439429,0.9999662408439429,0.9999662408439429,0.9999662408439429,-1.592707441233717,0,E#R-X,0,31.436627181847506,36.53662718184751,flow_101.1,-1002.4903987133865,0.0
61.5,flow_10.1,13.012365591364869,1.6,0.9020144535752416,1000.0,,0.9999939084915775,0.9999939084915775,0.9999939084915775,0.9999939084915775,-1.1767685196225008,0,E#R-X,0,31.88763440863513,36.98763440863513,flow_101.1,-1001.9020144535752,0.0
62.0,flow_10.1,12.43896792144281,1.6,1.1467953398441195,1000.0,,0.9999991827235827,0.9999991827235827,0.9999991827235827,0.9999991827235827,0.4895617725377559,0,E#R-X,0,32.46103207855719,37.56103207855719,flow_101.1,-1002.1467953398442,0.0
62.5,flow_10.1,11.615570785345454,1.6,1.6467942721947122,1000.0,,0.9999978647011853,0.9999978647011853,0.9999978647011853,0.9999978647011853,0.9999978647011853,0,:X_4,0,33.284429214654544,0.3844292146545456,flow_001.1,-1002.6467942721947,0.0
63.0,flow_10.1,10.179411416317446,1.6,2.8723187380560162,1000.0,,,,,,2.451048931722608,0,:X_4,0,34.720588583682556,1.8205885836825537,flow_001.1,-1003.872318738056,0.0
63.5,flow_10.1,8.233623407072,1.6,3.8915760184908903,1000.0,,,,,,2.038514560869748,0,:X_4,0,36.666376592927996,3.766376592927999,flow_001.1,-1004.8915760184909,0.0
64.0,flow_10.1,6.10547624030499,1.6,4.256294333534024,1000.0,,,,,,0.7294366300862674,0,:X_4,0,38.79452375969501,5.89452375969501,flow_001.1,-1005.256294333534,0.0
64.5,flow_10.1,3.7365877914503347,1.6,4.73777689770931,1000.0,,,,,,0.9629651283505716,0,:X_4,0,41.163412208549666,8.263412208549665,flow_2012.1,-1005.7377768977093,0.0
65.0,flow_10.1,0.736626089712523,1.6,5.9999234034756235,1000.0,,,,,,2.5242930115326274,0,:X_4,0,44.163373910287476,11.263373910287477,flow_2012.1,-1006.9999234034756,0.0
65.5,flow_10.1,-2.8679331860788757,1.6,7.209118551582799,1000.0,,,,,,2.4183902962143513,0,:X_4,0,47.76793318607888,14.867933186078876,flow_2012.1,-1008.2091185515828,0.0
66.0,flow_10.1,-7.032361348553962,1.6,8.32885632495017,1000.0,,,,,,2.2394755467347416,0,:X_4,0,51.93236134855396,19.032361348553962,flow_2012.1,-1009.3288563249502,0.0
66.5,flow_10.1,-11.69218415344141,1.6,9.319645609774893,1000.0,,,,,,1.9815785696494466,0,:X_4,0,56.59218415344141,23.69218415344141,flow_2012.1,-1010.3196456097749,0.0
67.0,flow_10.1,-16.76706806948912,1.6,10.149767832095417,1000.0,,,,,,1.660244444641048,0,E#X-L,0,61.66706806948912,4.76706806948912,flow_2012.1,-1011.1497678320954,0.0
67.5,flow_10.1,-22.088676471818392,1.6,10.643216804658541,1000.0,,0.9868979451262476,0.9868979451262476,0.9868979451262476,0.9868979451262476,0.9868979451262483,0,E#X-L,0,66.9886764718184,10.088676471818392,flow_2012.1,-1011.6432168046586,0.0
68.0,flow_10.1,-27.65632440508208,1.6,11.13529586652738,1000.0,,0.9841581237376801,0.9841581237376801,0.9841581237376801,0.9841581237376801,0.9841581237376786,0,E#X-L,0,72.55632440508208,15.656324405082081,flow_001.1,-1012.1352958665274,0.0
68.5,flow_10.1,-33.421586545037755,1.6,11.530524279911347,1000.0,,0.981018871719013,0.981018871719013,0.981018871719013,0.981018871719013,0.790456826767933,0,E#X-L,0,78.32158654503775,21.421586545037755,flow_001.1,-1012.5305242799113,0.0
69.0,flow_10.1,-39.323359843196315,1.6,11.803546596317114,1000.0,,0.9781771634629082,0.9781771634629082,0.9781771634629082,0.9781771634629082,0.5460446328115331,0,E#X-L,0,84.2233598431963,27.32335984319631,flow_001.1,-1012.8035465963171,0.0
69.5,flow_10.1,-45.3163145150143,1.6,11.985909343635976,1000.0,,0.976035682968495,0.976035682968495,0.976035682968495,0.976035682968495,0.3647254946377245,0,E#X-L,0,90.21631451501429,33.3163145150143,flow_001.1,-1012.985909343636,0.0
52.0,flow_201.1,1.6,-44.9,0.0,1000.0,,,,,,0,0,E#D-X,0,0.0,5.1,,-1001.0,0.0
52.5,flow_201.1,1.6,-44.65,0.5,1000.0,,1.0,1.0,1.0,1.0,1.0,0,E#D-X,0,0.25,5.35,,-1001.5,0.0
53.0,flow_201.1,1.6,-44.150000019290125,0.9999999614197531,1000.0,,0.9999999228395062,0.9999999228395062,0.9999999228395062,0.9999999228395062,0.9999999228395062,0,E#D-X,0,0.7499999807098767,5.849999980709876,,-1001.9999999614198,0.0
53.5,flow_201.1,1.6,-43.400000347222175,1.4999993441358979,1000.0,,0.9999987654322893,0.9999987654322893,0.9999987654322893,0.9999987654322893,0.9999987654322895,0,E#D-X,0,1.4999996527778254,6.599999652777825,,-1002.4999993441359,0.0
54.0,flow_201.1,1.6,-42.40000223765149,1.9999962191413634,1000.0,,0.999993750010931,0.999993750010931,0.999993750010931,0.999993750010931,0.999993750010931,0,E#D-X,0,2.4999977623485075,7.599997762348507,,-1002.9999962191414,0.0
54.5,flow_201.1,1.6,-41.15000906631508,2.499986342672837,1000.0,,0.9999802470629471,0.9999802470629471,0.9999802470629471,0.9999802470629471,0.9999802470629473,0,E#D-X,0,3.7499909336849253,8.849990933684925,,-1003.4999863426729,0.0
55.0,flow_201.1,1.6,-39.65002795104237,2.9999622305454148,1000.0,,0.9999517757451555,0.9999517757451555,0.9999517757451555,0.9999517757451555,0.9999517757451555,0,E#D-X,0,5.249972048957632,10.349972048957632,,-1003.9999622305454,0.0
55.5,flow_201.1,1.6,-37.900071834510705,3.499912233063331,1000.0,,0.9999000050358322,0.9999000050358322,0.9999000050358322,0.9999000050358322,0.9999000050358324,0,E#D-X,0,6.9999281654892975,12.099928165489297,flow_2012.1,-1004.4999122330634,0.0
56.0,flow_201.1,1.6,-35.900162028919944,3.9998196111815183,1000.0,,0.9998147562363746,0.9998147562363746,0.9998147562363746,0.9998147562363746,0.9998147562363746,0,E#D-X,0,8.999837971080057,14.099837971080056,flow_2012.1,-1004.9998196111815,0.0
56.5,flow_201.1,1.6,-33.65033122142289,4.499661614994119,1000.0,,0.9996840076252022,0.9996840076252022,0.9996840076252022,0.9996840076252022,0.999684007625202,0,E#D-X,0,11.249668778577115,16.349668778577115,flow_2012.1,-1005.4996616149941,0.0
57.0,flow_201.1,1.6,-31.150626938361807,4.999408566122158,1000.0,,0.9994939022560778,0.9994939022560778,0.9994939022560778,0.9994939022560778,0.9994939022560771,0,E#D-X,0,13.749373061638194,18.849373061638193,flow_2012.1,-1005.9994085661222,0.0
57.5,flow_201.1,1.6,-28.401115465280828,5.499022946161957,1000.0,,0.9992287600795975,0.9992287600795975,0.9992287600795975,0.9992287600795975,0.9992287600795979,0,E#D-X,0,16.498884534719174,21.598884534719172,flow_2012.1,-1006.499022946162,0.0
58.0,flow_201.1,1.6,-25.40188621826279,5.9984584940360826,1000.0,,0.9988710957482514,0.9988710957482514,0.9988710957482514,0.9988710957482514,0.9988710957482514,0,E#D-X,0,19.49811378173721,24.59811378173721,flow_2012.1,-1006.9984584940361,0.0
58.5,flow_201.1,1.6,-22.15305656033488,6.4976593158558185,1000.0,,0.9984016436394725,0.9984016436394725,0.9984016436394725,0.9984016436394725,0.9984016436394718,0,E#D-X,0,22.746943439665124,27.84694343966512,flow_2012.1,-1007.4976593158558,0.0
59.0,flow_201.1,1.6,-18.69136406033488,6.923384999999999,1000.0,,0.997799391793814,0.997799391793814,0.997799391793814,0.997799391793814,0.8514513682883607,0,E#D-X,0,26.208635939665122,31.30863593966512,flow_2012.1,-1007.923385,0.0
59.5,flow_201.1,1.6,-15.229671560334879,6.923384999999999,1000.0,,0.9971634599992146,0.9971634599992146,0.9971634599992146,0.9971634599992146,0.0,0,E#D-X,0,29.67032843966512,34.77032843966512,flow_2012.1,-1007.923385,0.0
60.0,flow_201.1,1.6173515735036907,-11.768645686617456,6.923384999999999,1000.0,,0.9971634599992146,0.9971634599992146,0.9971634599992146,0.9971634599992146,0.0,0,:X_6,0,33.13202093966512,0.23202093966511939,flow_2012.1,-1007.923385,0.0
60.5,flow_201.1,1.8762325691052915,-8.316899078596114,6.923384999999999,1000.0,,,,,,0.0,0,:X_6,0,36.593713439665116,3.693713439665119,flow_2012.1,-1007.923385,0.0
61.0,flow_201.1,3.2240903289510285,-5.170816709027358,6.923384999999999,1000.0,,,,,,0.0,0,:X_6,0,40.055405939665114,7.155405939665118,,-1007.923385,0.0
61.5,flow_201.1,5.779979816192222,-2.8910804391999005,6.923384999999999,1000.0,,,,,,0.0,0,:X_6,0,43.51709843966512,10.617098439665117,,-1007.923385,0.0
62.0,flow_201.1,9.027356340341198,-1.82294827447441,6.923384999999999,1000.0,,,,,,0.0,0,:X_6,0,46.97879093966512,14.078790939665117,,-1007.923385,0.0
62.5,flow_201.1,12.480483439665118,-1.6,6.923384999999999,1000.0,,,,,,0.0,0,E#X-R,0,50.440483439665115,0.4804834396651181,,-1007.923385,0.0
63.0,flow_201.1,16.19146680466492,-1.6,7.421966729999606,1000.0,,0.9971634599992146,0.9971634599992146,0.9971634599992146,0.9971634599992146,0.9971634599992143,0,E#X-R,0,54.15146680466492,4.1914668046649215,,-1008.4219667299996,0.0
63.5,flow_201.1,20.15151361959028,-1.6,7.920093629850713,1000.0,,0.9962537997022141,0.9962537997022141,0.9962537997022141,0.9962537997022141,0.996253799702215,0,E#X-R,0,58.11151361959028,8.151513619590279,,-1008.9200936298507,0.0
64.0,flow_201.1,24.360345993985106,-1.6,8.417664748789658,1000.0,,0.9951422378778888,0.9951422378778888,0.9951422378778888,0.9951422378778888,0.9951422378778894,0,E#X-R,0,62.32034599398511,12.360345993985108,,-1009.4176647487897,0.0
64.5,flow_201.1,28.817628761663563,-1.6,8.914565535356914,1000.0,,0.993801573134512,0.993801573134512,0.993801573134512,0.993801573134512,0.9938015731345118,0,E#X-R,0,66.77762876166356,16.817628761663563,,-1009.9145655353569,0.0
65.0,flow_201.1,33.522962332415375,-1.6,9.410667141503621,1000.0,,0.9922032122934145,0.9922032122934145,0.9922032122934145,0.9922032122934145,0.9922032122934148,0,E#X-R,0,71.48296233241538,21.522962332415375,,-1010.4106671415036,0.0
65.5,flow_201.1,38.475875227303085,-1.6,9.905825789775422,1000.0,,0.9903172965436008,0.9903172965436008,0.9903172965436008,0.9903172965436008,0.9903172965436013,0,E#X-R,0,76.43587522730309,26.475875227303085,,-1010.9058257897755,0.0
66.0,flow_201.1,43.67581633481473,-1.6,10.399882215023288,1000.0,,0.98811285049573,0.98811285049573,0.98811285049573,0.98811285049573,0.9881128504957317,0,E#X-R,0,81.63581633481473,31.67581633481473,,-1011.3998822150232,0.0
66.5,flow_201.1,49.122146931326164,-1.6,10.892661193022866,1000.0,,0.9855579559991569,0.9855579559991569,0.9855579559991569,0.9855579559991569,0.9855579559991554,0,E#X-R,0,87.08214693132616,37.122146931326164,,-1011.8926611930228,0.0
52.0,flow_301.1,-44.9,-1.6,0.0,1000.0,,,,,,0,0,E#L-X,0,0.0,5.1,,-1001.0,0.0
52.5,flow_301.1,-44.65,-1.6,0.5,1000.0,,1.0,1.0,1.0,1.0,1.0,0,E#L-X,0,0.25,5.35,,-1001.5,0.0
53.0,flow_301.1,-44.150000019290125,-1.6,0.9999999614197531,1000.0,,0.9999999228395062,0.9999999228395062,0.9999999228395062,0.9999999228395062,0.9999999228395062,0,E#L-X,0,0.7499999807098767,5.849999980709876,,-1001.9999999614198,0.0
53.5,flow_301.1,-43.400000347222175,-1.6,1.4999993441358979,1000.0,,0.9999987654322893,0.9999987654322893,0.9999987654322893,0.9999987654322893,0.9999987654322895,0,E#L-X,0,1.4999996527778254,6.599999652777825,,-1002.4999993441359,0.0
54.0,flow_301.1,-42.40000223765149,-1.6,1.9999962191413634,1000.0,,0.999993750010931,0.999993750010931,0.999993750010931,0.999993750010931,0.999993750010931,0,E#L-X,0,2.4999977623485075,7.599997762348507,,-1002.9999962191414,0.0
54.5,flow_301.1,-41.15000906631508,-1.6,2.499986342672837,1000.0,,0.9999802470629471,0.9999802470629471,0.9999802470629471,0.9999802470629471,0.9999802470629473,0,E#L-X,0,3.7499909336849253,8.849990933684925,,-1003.4999863426729,0.0
55.0,flow_301.1,-39.65002795104237,-1.6,2.9999622305454148,1000.0,,0.9999517757451555,0.9999517757451555,0.9999517757451555,0.9999517757451555,0.9999517757451555,0,E#L-X,0,5.249972048957632,10.349972048957632,,-1003.9999622305454,0.0
55.5,flow_301.1,-37.900071834510705,-1.6,3.499912233063331,1000.0,,0.9999000050358322,0.9999000050358322,0.9999000050358322,0.9999000050358322,0.9999000050358324,0,E#L-X,0,6.9999281654892975,12.099928165489297,flow_3012.1,-1004.4999122330634,0.0
56.0,flow_301.1,-35.900162028919944,-1.6,3.9998196111815183,1000.0,,0.9998147562363746,0.9998147562363746,0.9998147562363746,0.9998147562363746,0.9998147562363746,0,E#L-X,0,8.999837971080057,14.099837971080056,flow_3012.1,-1004.9998196111815,0.0
56.5,flow_301.1,-33.65033122142289,-1.6,4.499661614994119,1000.0,,0.9996840076252022,0.9996840076252022,0.9996840076252022,0.9996840076252022,0.999684007625202,0,E#L-X,0,11.249668778577115,16.349668778577115,flow_3012.1,-1005.4996616149941,0.0
57.0,flow_301.1,-31.150626938361807,-1.6,4.999408566122158,1000.0,,0.9994939022560778,0.9994939022560778,0.9994939022560778,0.9994939022560778,0.9994939022560771,0,E#L-X,0,13.749373061638194,18.849373061638193,flow_3012.1,-1005.9994085661222,0.0
57.5,flow_301.1,-28.401115465280828,-1.6,5.499022946161957,1000.0,,0.9992287600795975,0.9992287600795975,0.9992287600795975,0.9992287600795975,0.9992287600795979,0,E#L-X,0,16.498884534719174,21.598884534719172,flow_3012.1,-1006.499022946162,0.0
58.0,flow_301.1,-25.40188621826279,-1.6,5.9984584940360826,1000.0,,0.9988710957482514,0.9988710957482514,0.9988710957482514,0.9988710957482514,0.9988710957482514,0,E#L-X,0,19.49811378173721,24.59811378173721,flow_3012.1,-1006.9984584940361,0.0
58.5,flow_301.1,-22.248139752728846,-1.6,6.307492931067885,1000.0,,0.9984016436394725,0.9984016436394725,0.9984016436394725,0.9984016436394725,0.6180688740636047,0,E#L-X,0,22.651860247271152,27.751860247271154,flow_3012.1,-1007.3074929310679,0.0
59.0,flow_301.1,-19.335165404289977,-1.6,5.825948696877737,1000.0,,0.9980459212092848,0.9980459212092848,0.9980459212092848,0.9980459212092848,-0.9630884683802954,0,E#L-X,0,25.564834595710025,30.664834595710023,flow_3012.1,-1006.8259486968777,0.0
59.5,flow_301.1,-16.70018527383141,-1.6,5.269960260917133,1000.0,,0.9985777314564216,0.9985777314564216,0.9985777314564216,0.9985777314564216,-1.1119768719212075,0,E#L-X,0,28.19981472616859,33.29981472616859,flow_3012.1,-1006.2699602609172,0.0
60.0,flow_301.1,-13.950686773831407,-1.6,5.498997,1000.0,,0.9990477645563969,0.9990477645563969,0.9990477645563969,0.9990477645563969,0.4580734781657334,0,E#L-X,0,30.94931322616859,36.04931322616859,flow_3012.1,-1006.498997,0.0
60.5,flow_301.1,-11.203483363629173,-1.659738747727812,5.498997,1000.0,,0.9988711170542365,0.9988711170542365,0.9988711170542365,0.9988711170542365,0.0,0,:X_9,0,33.69881172616859,0.7988117261685943,flow_3012.1,-1006.498997,0.0
61.0,flow_301.1,-8.46188452978279,-1.8653586602662908,5.498997,1000.0,,,,,,0.0,0,:X_9,0,36.448310226168594,3.5483102261685944,flow_3012.1,-1006.498997,0.0
61.5,flow_301.1,-5.894561102263529,-2.7907626105808148,5.498997,1000.0,,,,,,0.0,0,:X_9,0,39.197808726168596,6.297808726168594,,-1006.498997,0.0
62.0,flow_301.1,-3.818192938077047,-4.546655793880221,5.498997,1000.0,,,,,,0.0,0,:X_9,0,41.94730722616859,9.047307226168595,,-1006.498997,0.0
62.5,flow_301.1,-2.410206707190582,-6.857136975893096,5.498997,1000.0,,,,,,0.0,0,:X_9,0,44.69680572616859,11.796805726168595,,-1006.498997,0.0
63.0,flow_301.1,-1.787985519964298,-9.493526400476027,5.498997,1000.0,,,,,,0.0,0,:X_9,0,47.44630422616859,14.546304226168594,,-1006.498997,0.0
63.5,flow_301.1,-1.6,-12.235802726168597,5.498997,1000.0,,,,,,0.0,0,E#X-D,0,50.195802726168594,0.23580272616859688,,-1006.498997,0.0
64.0,flow_301.1,-1.6,-15.235019005432155,5.998432558527118,1000.0,,0.9988711170542365,0.9988711170542365,0.9988711170542365,0.9988711170542365,0.9988711170542359,0,E#X-D,0,53.19501900543216,3.235019005432156,,-1006.9984325585272,0.0
64.5,flow_301.1,-1.6,-18.483835702516345,6.4976333941683775,1000.0,,0.9984016712825191,0.9984016712825191,0.9984016712825191,0.9984016712825191,0.9984016712825188,0,E#X-D,0,56.443835702516346,6.483835702516345,,-1007.4976333941684,0.0
65.0,flow_301.1,-1.6,-21.982102256328016,6.996533107623342,1000.0,,0.9977994269099284,0.9977994269099284,0.9977994269099284,0.9977994269099284,0.9977994269099284,0,E#X-D,0,59.94210225632801,9.982102256328016,,-1007.9965331076233,0.0
65.5,flow_301.1,-1.6,-25.729629227745804,7.495053942835576,1000.0,,0.9970416704244699,0.9970416704244699,0.9970416704244699,0.9970416704244699,0.9970416704244691,0,E#X-D,0,63.689629227745804,13.729629227745804,,-1008.4950539428356,0.0
66.0,flow_301.1,-1.6,-29.726182210187872,7.993105964884138,1000.0,,0.9961040440971226,0.9961040440971226,0.9961040440971226,0.9961040440971226,0.9961040440971232,0,E#X-D,0,67.68618221018787,17.726182210187872,,-1008.9931059648842,0.0
66.5,flow_301.1,-1.6,-33.97147534718049,8.49058627398522,1000.0,,0.9949606182021673,0.9949606182021673,0.9949606182021673,0.9949606182021673,0.9949606182021657,0,E#X-D,0,71.93147534718048,21.971475347180483,,-1009.4905862739852,0.0
67.0,flow_301.1,-1.6,-38.465164479213314,8.987378264065656,1000.0,,0.9935839801608707,0.9935839801608707,0.9935839801608707,0.9935839801608707,0.9935839801608708,0,E#X-D,0,76.42516447921331,26.46516447921331,,-1009.9873782640657,0.0
67.5,flow_301.1,-1.6,-43.20683994693458,9.483350935442541,1000.0,,0.991945342753768,0.991945342753768,0.991945342753768,0.991945342753768,0.9919453427537697,0,E#X-D,0,81.16683994693457,31.20683994693458,,-1010.4833509354426,0.0
68.0,flow_301.1,-1.6,-48.19601908303334,9.978358272197525,1000.0,,0.99001467350997,0.99001467350997,0.99001467350997,0.99001467350997,0.9900146735099682,0,E#X-D,0,86.15601908303334,36.19601908303334,,-1010.9783582721975,0.0
55.5,flow_001.1,-1.6,44.9,0.0,1.9999281654892975,flow_00.1,,,,,0,0,E#T-X,0,0.0,5.1,,3.499912233063331,0.0
56.0,flow_001.1,-1.6,44.9,0.0,3.9998379710800567,flow_00.1,-7.183838103563822e-05,-7.183838103563822e-05,-7.183838103563822e-05,-7.183838103563822e-05,0,0,E#T-X,0,0.0,5.1,,3.9998196111815183,0.5
56.5,flow_001.1,-1.6,44.71250506371142,0.37498987257715694,6.062173842288537,flow_00.1,0.7499797451543139,0.7499797451543139,0.7499797451543139,0.7499797451543139,0.7499797451543139,0,E#T-X,0,0.18749493628857827,5.287494936288578,,4.124671742416963,0.0
57.0,flow_001.1,-1.6,44.30222105364671,0.8205680201294177,8.151594115284906,flow_00.1,0.8911562951045213,0.8911562951045213,0.8911562951045213,0.8911562951045213,0.8911562951045214,0,E#T-X,0,0.5977789463532872,5.697778946353287,,4.17884054599274,0.0
57.5,flow_001.1,-1.6,43.65698643520929,1.2904692368748374,10.255870969928466,flow_00.1,0.9398024334908395,0.9398024334908395,0.9398024334908395,0.9398024334908395,0.9398024334908395,0,E#T-X,0,1.2430135647907061,6.343013564790706,,4.20855370928712,0.0
58.0,flow_001.1,-1.6,42.77125992248071,1.771453025457177,12.369373704217917,flow_00.1,0.9619675771646793,0.9619675771646793,0.9619675771646793,0.9619675771646793,0.9619675771646792,0,E#T-X,0,2.1287400775192946,7.228740077519294,,4.227005468578906,0.0
58.5,flow_001.1,-1.6,41.64207233670965,2.2583751715421045,14.386066621832263,flow_00.1,0.9738442921698552,0.9738442921698552,0.9738442921698552,0.9738442921698552,0.9738442921698551,0,E#T-X,0,3.2579276632903476,8.357927663290347,,4.033385835228691,0.0
59.0,flow_001.1,-1.6,40.2677246564771,2.748695360465114,15.908245968632308,flow_00.1,0.9806403778460183,0.9806403778460183,0.9806403778460183,0.9806403778460183,0.9806403778460187,0,E#T-X,0,4.632275343522904,9.732275343522904,,3.044358693600087,0.0
59.5,flow_001.1,-1.6,38.64734603456343,3.2407572438273475,16.604564867430522,flow_00.1,0.9841237667244673,0.9841237667244673,0.9841237667244673,0.9841237667244673,0.9841237667244673,0,E#T-X,0,6.252653965436577,11.352653965436577,,1.3926377975964308,0.0
60.0,flow_001.1,-1.6,36.78747264149351,3.719746786139826,16.422830628446235,flow_00.1,0.9579790846249568,0.9579790846249568,0.9579790846249568,0.9579790846249568,0.9579790846249567,0,E#T-X,0,8.11252735850649,13.21252735850649,,-0.3634684779685724,0.0
60.5,flow_001.1,-1.6,34.71411819182576,4.1467088993355,15.497038580352536,flow_00.1,0.8539242263913471,0.8539242263913471,0.8539242263913471,0.8539242263913471,0.8539242263913476,0,E#T-X,0,10.18588180817424,15.28588180817424,flow_0012.1,-1.8515840961874028,0.0
61.0,flow_001.1,-1.6,32.48052636128372,4.4671836610840705,14.62029543295073,flow_00.1,0.6409495234971408,0.6409495234971408,0.6409495234971408,0.6409495234971408,0.6409495234971416,0,E#T-X,0,12.419473638716275,17.519473638716274,flow_0012.1,-1.7534862948036087,0.0
61.5,flow_001.1,-1.6,30.10631112505625,4.748430472454947,13.828105466857863,flow_00.1,0.5624936227417536,0.5624936227417536,0.5624936227417536,0.5624936227417536,0.5624936227417532,0,E#T-X,0,14.793688874943749,19.89368887494375,flow_0012.1,-1.584379932185736,0.0
62.0,flow_001.1,-1.6,27.608325485852628,4.995971278407247,13.475413261017575,flow_00.1,0.49508161190460076,0.49508161190460076,0.49508161190460076,0.49508161190460076,0.49508161190460065,0,E#T-X,0,17.291674514147374,22.391674514147372,flow_0012.1,-0.7053844116805843,0.0
62.5,flow_001.1,-1.6,24.95847934815502,5.299692275395217,1.4022977723078838,flow_10.1,0.607441993975939,0.607441993975939,0.607441993975939,0.607441993975939,0.6074419939759395,0,E#T-X,0,19.941520651844982,25.04152065184498,flow_0012.1,-3.652898003200505,0.0
63.0,flow_001.1,-1.6,23.433633210457412,3.049692275395217,1.3136110036382802,flow_10.1,-116.53995749976839,-116.53995749976839,-116.53995749976839,-116.53995749976839,-4.5,0,E#T-X,0,21.46636678954259,26.566366789542588,flow_0012.1,-0.17737353733920092,0.0
63.5,flow_001.1,-1.6,23.033787072759804,0.7996922753952171,2.8595528751861194,flow_10.1,-15.098209177804534,-15.098209177804534,-15.098209177804534,-15.098209177804534,-4.5,0,E#T-X,0,21.8662129272402,26.966212927240196,flow_0012.1,3.091883743095673,0.0
64.0,flow_001.1,-1.6,22.50623466342389,1.055104818671831,4.46014763261722,flow_10.1,0.5108250865532279,0.5108250865532279,0.5108250865532279,0.5108250865532279,0.5108250865532278,0,E#T-X,0,22.39376533657611,27.49376533657611,flow_0012.1,3.201189514862193,0.0
64.5,flow_001.1,-1.6,21.778951785395726,1.4545657560563234,6.101753203443712,flow_10.1,0.7989218747689848,0.7989218747689848,0.7989218747689848,0.7989218747689848,0.7989218747689848,0,E#T-X,0,23.121048214604272,28.221048214604274,flow_0012.1,3.2832111416529863,0.0
65.0,flow_001.1,-1.6,20.828529343728125,1.90084488333521,8.151292463513919,flow_10.1,0.8925582545577732,0.8925582545577732,0.8925582545577732,0.8925582545577732,0.8925582545577733,0,E#T-X,0,24.071470656271877,29.17147065627188,flow_0012.1,4.099078520140413,0.0
65.5,flow_001.1,-1.6,19.643161297033693,2.3707360933888584,10.570483692610887,flow_10.1,0.9397824201072968,0.9397824201072968,0.9397824201072968,0.9397824201072968,0.9397824201072966,0,E#T-X,0,25.256838702966306,30.356838702966307,flow_0012.1,4.838382458193941,0.0
66.0,flow_001.1,-1.6,18.216752737080274,2.8528171199068377,13.308503295132553,flow_10.1,0.964162053035959,0.964162053035959,0.964162053035959,0.964162053035959,0.9641620530359587,0,E#T-X,0,26.68324726291973,31.783247262919726,flow_0012.1,5.476039205043332,0.0
66.5,flow_001.1,-1.6,16.546010629426135,3.341484215308273,16.297583992365862,flow_10.1,0.9773341908028707,0.9773341908028707,0.9773341908028707,0.9773341908028707,0.9773341908028703,0,E#T-X,0,28.353989370573863,33.453989370573865,flow_0012.1,5.97816139446662,0.0
67.0,flow_001.1,-1.6,14.629071900642295,3.833877457567681,19.45552917962973,flow_10.1,0.9847864845188162,0.9847864845188162,0.9847864845188162,0.9847864845188162,0.9847864845188159,0,E#T-X,0,30.270928099357704,35.370928099357705,flow_0012.1,6.315890374527736,0.0
67.5,flow_001.1,-1.6,12.464841738719052,4.328460323846487,22.613518210537443,flow_10.1,0.9891657325576122,0.9891657325576122,0.9891657325576122,0.9891657325576122,0.9891657325576126,0,E#T-X,0,32.43515826128095,37.53515826128095,flow_0012.1,6.314756480812054,0.0
68.0,flow_001.1,-1.7456297230259141,10.058270359654479,4.824332590667692,25.768999848467285,flow_10.1,0.9917445336424092,0.9917445336424092,0.9917445336424092,0.9917445336424092,0.9917445336424091,0,:X_0,0,34.847324556614794,1.9473245566147952,flow_2012.1,6.310963275859689,0.0
68.5,flow_001.1,-2.1926613474444943,7.308254996949377,5.630725405476496,28.71889928568471,flow_10.1,,,,,1.6127856296176084,0,:X_0,0,37.66268725935304,4.762687259353044,flow_2012.1,5.899798874434851,0.0
69.0,flow_001.1,-3.68282191663432,4.701659403442173,6.097848585491972,31.57174829109728,flow_10.1,,,,,0.9342463600309525,0,:X_0,0,40.71161155209903,7.81161155209903,flow_2012.1,5.705698010825142,0.0
69.5,flow_001.1,-6.101262490006355,2.747650674104306,6.314714186477729,34.407345869676405,flow_10.1,,,,,0.43373120197151316,0,:X_0,0,43.868968645337894,10.968968645337894,flow_2012.1,5.671195157158247,0.0
70.0,flow_001.1,-9.118214522153778,1.8161339108384666,6.401884551352366,1000.0,,,,,,0.17434072974927517,0,:X_0,0,47.06991092101408,14.169910921014077,flow_2012.1,-1007.4018845513524,0.0
70.5,flow_001.1,-12.327502038518169,1.6,6.435182235008183,1000.0,,,,,,0.06659536731163307,0,E#X-L,0,50.28750203851817,0.32750203851816906,flow_2012.1,-1007.4351822350081,0.0
71.0,flow_001.1,-15.794563860292998,1.6,6.9341236435496585,1000.0,,0.9978828170829518,0.9978828170829518,0.9978828170829518,0.9978828170829518,0.9978828170829512,0,E#X-L,0,53.754563860293,3.7945638602929983,flow_2012.1,-1007.9341236435497,0.0
71.5,flow_001.1,-19.510912137153262,1.6,7.43269655372053,1000.0,,0.9971458203417435,0.9971458203417435,0.9971458203417435,0.9971458203417435,0.9971458203417427,0,E#X-L,0,57.47091213715326,7.510912137153263,flow_2012.1,-1008.4326965537206,0.0
72.0,flow_001.1,-23.476318436358955,1.6,7.930812598411385,1000.0,,0.9962320893817093,0.9962320893817093,0.9962320893817093,0.9962320893817093,0.99623208938171,0,E#X-L,0,61.43631843635896,11.476318436358955,flow_2012.1,-1008.9308125984114,0.0
72.5,flow_001.1,-27.690503707232992,1.6,8.428370541748077,1000.0,,0.9951158866733854,0.9951158866733854,0.9951158866733854,0.9951158866733854,0.9951158866733838,0,E#X-L,0,65.650503707233,15.690503707232994,flow_2012.1,-1009.4283705417481,0.0
73.0,flow_001.1,-32.15313147302696,1.6,8.925255531587927,1000.0,,0.9937699796796999,0.9937699796796999,0.9937699796796999,0.9937699796796999,0.9937699796797013,0,E#X-L,0,70.11313147302695,20.153131473026956,flow_2012.1,-1009.9252555315879,0.0
73.5,flow_001.1,-36.86380067546227,1.6,9.421338404870637,1000.0,,0.9921657465654192,0.9921657465654192,0.9921657465654192,0.9921657465654192,0.9921657465654192,0,E#X-L,0,74.82380067546228,24.863800675462276,flow_2012.1,-1010.4213384048707,0.0
74.0,flow_001.1,-41.82203820360357,1.6,9.91647505628258,1000.0,,0.9902733028238875,0.9902733028238875,0.9902733028238875,0.9902733028238875,0.990273302823887,0,E#X-L,0,79.78203820360356,29.822038203603565,flow_2012.1,-1010.9164750562826,0.0
74.5,flow_001.1,-47.02729114445617,1.6,10.410505881705207,1000.0,,0.9880616508452548,0.9880616508452548,0.9880616508452548,0.9880616508452548,0.9880616508452533,0,E#X-L,0,84.98729114445618,35.02729114445617,flow_2012.1,-1011.4105058817053,0.0
55.5,flow_101.1,44.9,1.6,0.0,1.9999281654892975,flow_10.1,,,,,0,0,E#R-X,0,0.0,5.1,,3.499912233063331,0.0
56.0,flow_101.1,44.9,1.6,0.0,3.9998379710800567,flow_10.1,-7.183838103563822e-05,-7.183838103563822e-05,-7.183838103563822e-05,-7.183838103563822e-05,0,0,E#R-X,0,0.0,5.1,,3.9998196111815183,0.5
56.5,flow_101.1,44.71250506371142,1.6,0.37498987257715694,6.062173842288537,flow_10.1,0.7499797451543139,0.7499797451543139,0.7499797451543139,0.7499797451543139,0.7499797451543139,0,E#R-X,0,0.18749493628857827,5.287494936288578,,4.124671742416963,0.0
57.0,flow_101.1,44.30222105364671,1.6,0.8205680201294177,8.151594115284906,flow_10.1,0.8911562951045213,0.8911562951045213,0.8911562951045213,0.8911562951045213,0.8911562951045214,0,E#R-X,0,0.5977789463532872,5.697778946353287,,4.17884054599274,0.0
57.5,flow_101.1,43.65698643520929,1.6,1.2904692368748374,10.255870969928466,flow_10.1,0.9398024334908395,0.9398024334908395,0.9398024334908395,0.9398024334908395,0.9398024334908395,0,E#R-X,0,1.2430135647907061,6.343013564790706,,4.20855370928712,0.0
58.0,flow_101.1,42.77125992248071,1.6,1.771453025457177,12.369373704217917,flow_10.1,0.9619675771646793,0.9619675771646793,0.9619675771646793,0.9619675771646793,0.9619675771646792,0,E#R-X,0,2.1287400775192946,7.228740077519294,,4.227005468578906,0.0
58.5,flow_101.1,41.64207233670965,1.6,2.2583751715421045,14.394723866782943,flow_10.1,0.9738442921698552,0.9738442921698552,0.9738442921698552,0.9738442921698552,0.9738442921698551,0,E#R-X,0,3.2579276632903476,8.357927663290347,,4.050700325130052,0.0
59.0,flow_101.1,40.26771884626999,1.6,2.7487069808793185,15.925640274473476,flow_10.1,0.980663618674428,0.980663618674428,0.980663618674428,0.980663618674428,0.980663618674428,0,E#R-X,0,4.632281153730007,9.732281153730007,,3.0618328153810666,0.0
59.5,flow_101.1,38.64732578747564,1.6,3.240786117588708,16.621742553614197,flow_10.1,0.9841582734187789,0.9841582734187789,0.9841582734187789,0.9841582734187789,0.984158273418779,0,E#R-X,0,6.2526742125243615,11.352674212524361,,1.3922045582814415,0.0
60.0,flow_101.1,36.78741992915102,1.6,3.7198117166492395,16.435471537303606,flow_10.1,0.9580511981210632,0.9580511981210632,0.9580511981210632,0.9580511981210632,0.9580511981210629,0,E#R-X,0,8.112580070848981,13.212580070848981,,-0.37254203262119123,0.0
60.5,flow_101.1,34.71413795983662,1.6,4.1465639386288045,15.505565784990875,flow_10.1,0.8535044439591296,0.8535044439591296,0.8535044439591296,0.8535044439591296,0.8535044439591299,0,E#R-X,0,10.185862040163384,15.285862040163384,flow_1012.1,-1.859811504625454,0.0
61.0,flow_101.1,32.48078410578508,1.6,4.466707708103076,14.017411287632584,flow_10.1,0.6402875389485425,0.6402875389485425,0.6402875389485425,0.6402875389485425,0.6402875389485434,0,E#R-X,0,12.419215894214924,17.519215894214923,flow_1012.1,-2.976308994716584,0.0
61.5,flow_101.1,30.177550568256194,1.6,4.6064670750577665,12.165184976891325,flow_10.1,0.2795187339093813,0.2795187339093813,0.2795187339093813,0.2795187339093813,0.27951873390938076,0,E#R-X,0,14.722449431743806,19.822449431743806,flow_1012.1,-3.704452621482525,0.0
62.0,flow_101.1,27.93566630227819,1.6,4.483768531956011,10.49669838083538,flow_10.1,-0.24539708620351064,-0.24539708620351064,-0.24539708620351064,-0.24539708620351064,-0.24539708620351064,0,E#R-X,0,16.964333697721813,22.06433369772181,flow_1012.1,-3.3369731921118917,0.0
62.5,flow_101.1,25.80367985158154,1.6,4.263972901393304,9.188109066236084,flow_10.1,-0.4395912611254156,-0.4395912611254156,-0.4395912611254156,-0.4395912611254156,-0.4395912611254147,0,E#R-X,0,19.096320148418464,24.19632014841846,flow_1012.1,-2.617178629198592,0.0
63.0,flow_101.1,23.768476677167126,1.6,4.070406348828835,8.589065260849672,flow_10.1,-0.3871331051289365,-0.3871331051289365,-0.3871331051289365,-0.3871331051289365,-0.38713310512893706,0,E#R-X,0,21.131523322832876,26.231523322832878,flow_1012.1,-1.1980876107728191,0.0
63.5,flow_101.1,21.703579709931155,1.6,4.129793934471925,8.469956302859156,flow_10.1,0.11877517128617865,0.11877517128617865,0.11877517128617865,0.11877517128617865,0.11877517128617932,0,E#R-X,0,23.196420290068843,28.29642029006884,flow_1012.1,-0.2382179159810347,0.0
64.0,flow_101.1,19.537432319954846,1.6,4.332294779952628,1000.0,,0.4050016909614058,0.4050016909614058,0.4050016909614058,0.4050016909614058,0.4050016909614058,0,E#R-X,0,25.362567680045153,30.462567680045154,flow_1012.1,-1005.3322947799526,0.0
64.5,flow_101.1,17.121393654370472,1.6,4.832077331168751,1000.0,,0.999565102432246,0.999565102432246,0.999565102432246,0.999565102432246,0.9995651024322463,0,E#R-X,0,27.778606345629527,32.87860634562953,flow_1012.1,-1005.8320773311688,0.0
65.0,flow_101.1,14.455523252509053,1.6,5.331740803722841,1000.0,,0.9993269451081798,0.9993269451081798,0.9993269451081798,0.9993269451081798,0.9993269451081801,0,E#R-X,0,30.444476747490945,35.54447674749095,flow_1012.1,-1006.3317408037228,0.0
65.5,flow_101.1,11.541224191059953,1.6344081856705035,5.831241963919172,1000.0,,0.9990023203926635,0.9990023203926635,0.9990023203926635,0.9990023203926635,0.9990023203926626,0,:X_3,0,33.36009772945053,0.4600977294505313,flow_3012.1,-1006.8312419639192,0.0
66.0,flow_101.1,8.583100992508768,1.8562674255618423,5.933293519694726,1000.0,,,,,,0.20410311155110783,0,:X_3,0,36.326744489297894,3.4267444892978944,flow_3012.1,-1006.9332935196948,0.0
66.5,flow_101.1,5.790575112460001,2.8347566831899993,5.967963961601282,1000.0,,,,,,0.06934088381311199,0,:X_3,0,39.31072647009854,6.410726470098536,flow_3012.1,-1006.9679639616013,0.0
67.0,flow_101.1,3.5657710855604576,4.793468271896441,5.979281333148749,1000.0,,,,,,0.022634743094933185,0,:X_3,0,42.30036713667291,9.40036713667291,flow_3012.1,-1006.9792813331487,0.0
67.5,flow_101.1,2.1676622719678216,7.40043651079208,5.982925287202928,1000.0,,,,,,0.00728790810835811,0,:X_3,0,45.29182978027437,12.391829780274374,flow_3012.1,-1006.9829252872029,0.0
68.0,flow_101.1,1.7253480886292856,10.328692151609527,5.984093301425719,1000.0,,,,,,0.0023360284455815616,0,:X_3,0,48.283876430987235,15.383876430987234,flow_3012.1,-1006.9840933014257,0.0
68.5,flow_101.1,1.6,13.316110005292508,5.984467148610542,1000.0,,,,,,0.0007476943696467231,0,E#X-T,0,51.27611000529251,1.3161100052925079,flow_3012.1,-1006.9844671486105,0.0
69.0,flow_101.1,1.6,16.557947705634593,6.483675400684171,1000.0,,0.9984165041472577,0.9984165041472577,0.9984165041472577,0.9984165041472577,0.9984165041472579,0,E#X-T,0,54.5179477056346,4.557947705634593,flow_3012.1,-1007.4836754006842,0.0
69.5,flow_101.1,1.6,20.049239974689495,6.982584538109806,1000.0,,0.9978182748512688,0.9978182748512688,0.9978182748512688,0.9978182748512688,0.9978182748512694,0,E#X-T,0,58.00923997468949,8.049239974689495,flow_3012.1,-1007.9825845381098,0.0
70.0,flow_101.1,1.6,23.78979854158138,7.481117133783766,1000.0,,0.9970651913479205,0.9970651913479205,0.9970651913479205,0.9970651913479205,0.9970651913479198,0,E#X-T,0,61.74979854158138,11.789798541581378,flow_3012.1,-1008.4811171337838,0.0
70.5,flow_101.1,1.6,27.779390343719776,7.9791836042767965,1000.0,,0.9961329409860625,0.9961329409860625,0.9961329409860625,0.9961329409860625,0.9961329409860618,0,E#X-T,0,65.73939034371978,15.779390343719776,flow_3012.1,-1008.9791836042768,0.0
71.0,flow_101.1,1.6,32.01773105507766,8.476681422715762,1000.0,,0.994995636877932,0.994995636877932,0.994995636877932,0.994995636877932,0.9949956368779311,0,E#X-T,0,69.97773105507765,20.017731055077657,flow_3012.1,-1009.4766814227157,0.0
71.5,flow_101.1,1.6,36.50447824307062,8.973494375985926,1000.0,,0.9936259065403258,0.9936259065403258,0.9936259065403258,0.9936259065403258,0.993625906540327,0,E#X-T,0,74.46447824307063,24.504478243070622,flow_3012.1,-1009.973494375986,0.0
72.0,flow_101.1,1.6,41.23922418094973,9.469491875758225,1000.0,,0.9919949995445998,0.9919949995445998,0.9919949995445998,0.9919949995445998,0.9919949995445982,0,E#X-T,0,79.19922418094973,29.239224180949734,flow_3012.1,-1010.4694918757582,0.0
72.5,flow_101.1,1.6,46.22148834790029,9.96452833390111,1000.0,,0.9900729162857725,0.9900729162857725,0.9900729162857725,0.9900729162857725,0.9900729162857722,0,E#X-T,0,84.18148834790028,34.22148834790029,flow_3012.1,-1010.9645283339011,0.0
55.5,flow_2012.1,1.6,-44.9,0.0,1.9999281654892975,flow_201.1,,,,,0,0,E#D-X,0,0.0,5.1,,3.499912233063331,0.0
56.0,flow_2012.1,1.6,-44.9,0.0,3.9998379710800567,flow_201.1,-7.183838103563822e-05,-7.183838103563822e-05,-7.183838103563822e-05,-7.183838103563822e-05,0,0,E#D-X,0,0.0,5.1,,3.9998196111815183,0.5
56.5,flow_2012.1,1.6,-44.71250506371142,0.37498987257715694,6.062173842288537,flow_201.1,0.7499797451543139,0.7499797451543139,0.7499797451543139,0.7499797451543139,0.7499797451543139,0,E#D-X,0,0.18749493628857827,5.287494936288578,,4.124671742416963,0.0
57.0,flow_2012.1,1.6,-44.30222105364671,0.8205680201294177,8.151594115284906,flow_201.1,0.8911562951045213,0.8911562951045213,0.8911562951045213,0.8911562951045213,0.8911562951045214,0,E#D-X,0,0.5977789463532872,5.697778946353287,,4.17884054599274,0.0
57.5,flow_2012.1,1.6,-43.65698643520929,1.2904692368748374,10.255870969928466,flow_201.1,0.9398024334908395,0.9398024334908395,0.9398024334908395,0.9398024334908395,0.9398024334908395,0,E#D-X,0,1.2430135647907061,6.343013564790706,,4.20855370928712,0.0
58.0,flow_2012.1,1.6,-42.77125992248071,1.771453025457177,12.369373704217917,flow_201.1,0.9619675771646793,0.9619675771646793,0.9619675771646793,0.9619675771646793,0.9619675771646792,0,E#D-X,0,2.1287400775192946,7.228740077519294,,4.227005468578906,0.0
58.5,flow_2012.1,1.6,-41.64207233670965,2.2583751715421045,14.489015776374774,flow_201.1,0.9738442921698552,0.9738442921698552,0.9738442921698552,0.9738442921698552,0.9738442921698551,0,E#D-X,0,3.2579276632903476,8.357927663290347,,4.239284144313714,0.0
59.0,flow_2012.1,1.6,-40.26765623631297,2.7488322007933563,16.576292175978097,flow_201.1,0.9809140585025038,0.9809140585025038,0.9809140585025038,0.9809140585025038,0.9809140585025036,0,E#D-X,0,4.632343763687025,9.732343763687025,,4.1745527992066425,0.0
59.5,flow_2012.1,1.6,-38.6468971192664,3.2415182340931596,18.417225558931516,flow_201.1,0.9853720665996065,0.9853720665996065,0.9853720665996065,0.9853720665996065,0.9853720665996066,0,E#D-X,0,6.253102880733605,11.353102880733605,,3.681866765906839,0.0
60.0,flow_2012.1,1.6,-36.77912024188183,3.735553754769137,20.011141181546947,flow_201.1,0.9880710413519542,0.9880710413519542,0.9880710413519542,0.9880710413519542,0.9880710413519544,0,E#D-X,0,8.120879758118173,13.220879758118173,,3.187831245230862,0.0
60.5,flow_2012.1,1.6,-34.663900681593795,4.230439120576067,21.357614121258912,flow_201.1,0.9897707316138593,0.9897707316138593,0.9897707316138593,0.9897707316138593,0.9897707316138602,0,E#D-X,0,10.236099318406206,15.336099318406205,flow_20.1,2.692945879423932,0.0
61.0,flow_2012.1,1.6,-32.30097224834711,4.7258568664933795,1000.0,,0.9908354918346249,0.9908354918346249,0.9908354918346249,0.9908354918346249,0.9908354918346252,0,E#D-X,0,12.599027751652896,17.699027751652896,flow_20.1,-1005.7258568664934,0.0
61.5,flow_2012.1,1.6,-29.688197764232676,5.225548968228863,1000.0,,0.9993842034709677,0.9993842034709677,0.9993842034709677,0.9993842034709677,0.9993842034709672,0,E#D-X,0,15.211802235767328,20.311802235767328,flow_20.1,-1006.2255489682288,0.0
62.0,flow_2012.1,1.6,-26.825653415120314,5.725088698224708,1000.0,,0.9990794599916886,0.9990794599916886,0.9990794599916886,0.9990794599916886,0.9990794599916892,0,E#D-X,0,18.074346584879684,23.174346584879682,flow_20.1,-1006.7250886982247,0.0
62.5,flow_2012.1,1.6,-23.713440642603395,6.224425545033851,12.613440642603393,flow_10.1,0.9986736936182863,0.9986736936182863,0.9986736936182863,0.9986736936182863,0.9986736936182865,0,E#D-X,0,21.18655935739661,26.28655935739661,flow_20.1,-4.577631272839139,0.0
63.0,flow_2012.1,1.6,-20.971256063470836,5.484369158265109,9.871256063470836,flow_10.1,-1.480112773537484,-1.480112773537484,-1.480112773537484,-1.480112773537484,-1.4801127735374848,0,E#D-X,0,23.928743936529166,29.028743936529164,flow_20.1,-2.6120504202090924,0.0
63.5,flow_2012.1,1.6,-18.435421214346405,5.0716696982488605,7.335421214346406,flow_10.1,-0.825398920032497,-0.825398920032497,-0.825398920032497,-0.825398920032497,-0.8253989200324963,0,E#D-X,0,26.464578785653593,31.564578785653595,flow_20.1,-1.1800936797579702,0.0
64.0,flow_2012.1,1.6,-16.359101482899327,4.152639462894163,5.259101482899327,flow_10.1,-0.6833840198017136,-0.6833840198017136,-0.6833840198017136,-0.6833840198017136,-1.8380604707093955,0,E#D-X,0,28.540898517100672,33.64089851710067,flow_20.1,0.10365487063986123,0.0
64.5,flow_2012.1,1.6,-14.889409660968006,2.9393836438626475,3.789409660968006,flow_10.1,-0.2919750403808984,-0.2919750403808984,-0.2919750403808984,-0.2919750403808984,-2.4265116380630305,0,E#D-X,0,30.010590339031992,35.110590339031994,flow_20.1,1.7983932538466623,0.0
65.0,flow_2012.1,1.6,-13.902842043242451,1.9731352354511091,2.802842043242451,flow_10.1,0.4611952202845544,0.4611952202845544,0.4611952202845544,0.4611952202845544,-1.9324968168230767,0,E#D-X,0,30.997157956757547,36.09715795675755,flow_20.1,4.026788168024514,0.0
65.5,flow_2012.1,1.6,-13.272059938603476,1.2615642092779464,2.1720599386034762,flow_10.1,0.4908113606647133,0.4908113606647133,0.4908113606647133,0.4908113606647133,-1.4231420523463254,0,E#D-X,0,31.627940061396522,36.727940061396524,flow_20.1,5.947554342304853,0.0
66.0,flow_2012.1,1.6,-12.915069429867309,0.7139810174723284,0.9967952877308367,flow_10.1,0.15215203512647235,0.15215203512647235,0.15215203512647235,0.15215203512647235,-1.095166383611236,0,E#D-X,0,31.98493057013269,37.08493057013269,flow_20.1,7.614875307477842,0.0
66.5,flow_2012.1,1.6,-12.915069429867309,0.0,1.5072535833087186,flow_10.1,-3.0257617898674605,-3.0257617898674605,-3.0257617898674605,-3.0257617898674605,-1.427962034944657,0,E#D-X,0,31.98493057013269,37.08493057013269,flow_20.1,9.319645609774893,0.5
67.0,flow_2012.1,1.6,-12.915069429867309,0.0,6.5821374993564294,flow_10.1,-0.7607080153178676,-0.7607080153178676,-0.7607080153178676,-0.7607080153178676,0.0,0,E#D-X,0,31.98493057013269,37.08493057013269,flow_20.1,10.149767832095417,1.0
67.5,flow_2012.1,1.6,-12.688151039899282,0.4538367799360481,11.676827511717674,flow_10.1,0.9076735598720962,0.9076735598720962,0.9076735598720962,0.9076735598720962,0.9076735598720962,0,E#D-X,0,32.21184896010072,37.31184896010072,flow_20.1,10.189380024722492,0.0
68.0,flow_2012.1,1.6,-12.688151039899282,0.0,1.5881510398992815,flow_001.1,0.9706633150584898,0.9706633150584898,0.9706633150584898,0.9706633150584898,-0.9076735598720962,0,E#D-X,0,32.21184896010072,37.31184896010072,flow_20.1,4.824332590667692,0.5
68.5,flow_2012.1,1.6,-12.688151039899282,0.0,1.5881510398992815,flow_001.1,-0.5859021384609508,-0.5859021384609508,-0.5859021384609508,-0.5859021384609508,0.0,0,E#D-X,0,32.21184896010072,37.31184896010072,flow_20.1,5.630725405476496,1.0
69.0,flow_2012.1,1.6,-12.688151039899282,0.0,1.5881510398992815,flow_001.1,-0.5859021384609508,-0.5859021384609508,-0.5859021384609508,-0.5859021384609508,0.0,0,E#D-X,0,32.21184896010072,37.31184896010072,flow_20.1,6.097848585491972,1.5
69.5,flow_2012.1,1.6,-12.688151039899282,0.0,1.954644858371517,flow_001.1,-0.5859021384609508,-0.5859021384609508,-0.5859021384609508,-0.5859021384609508,0.0,0,E#D-X,0,32.21184896010072,37.31184896010072,flow_20.1,6.314714186477729,2.0
70.0,flow_2012.1,1.6,-12.688151039899282,0.0,1.5881510398992815,flow_001.1,-0.046945967404165234,-0.046945967404165234,-0.046945967404165234,-0.046945967404165234,0.0,0,E#D-X,0,32.21184896010072,37.31184896010072,flow_20.1,6.401884551352366,2.5
70.5,flow_2012.1,1.6,-12.688151039899282,0.0,1.915653078417451,flow_001.1,-0.5859021384609508,-0.5859021384609508,-0.5859021384609508,-0.5859021384609508,0.0,0,E#D-X,0,32.21184896010072,37.31184896010072,flow_20.1,6.435182235008183,3.0
71.0,flow_2012.1,1.6,-12.688151039899282,0.0,5.38271490019228,flow_001.1,-0.08999942192785904,-0.08999942192785904,-0.08999942192785904,-0.08999942192785904,0.0,0,E#D-X,0,32.21184896010072,37.31184896010072,flow_20.1,6.9341236435496585,3.5
71.5,flow_2012.1,1.6,-12.645256257177856,0.08578956544285199,9.05616839433112,flow_001.1,0.8619433801552793,0.8619433801552793,0.8619433801552793,0.8619433801552793,0.17157913088570398,0,E#D-X,0,32.25474374282214,37.354743742822144,flow_20.1,7.346906988277678,4.0
72.0,flow_2012.1,1.6,-12.645256257177856,0.0,13.021574693536811,flow_001.1,0.9512279496849013,0.9512279496849013,0.9512279496849013,0.9512279496849013,-0.17157913088570398,0,E#D-X,0,32.25474374282214,37.354743742822144,flow_20.1,7.930812598411385,4.5
72.5,flow_2012.1,1.6,-12.40115382558536,0.4882048631849935,16.991657532818355,flow_001.1,0.976409726369987,0.976409726369987,0.976409726369987,0.976409726369987,0.976409726369987,0,E#D-X,0,32.49884617441464,37.59884617441464,flow_20.1,7.940165678563083,0.0
73.0,flow_2012.1,1.6,-12.100000000000001,0.6023076511707217,21.15313147302696,flow_001.1,0.986145505096491,0.986145505096491,0.986145505096491,0.986145505096491,0.2282055759714564,0,E#D-X,0,32.8,37.9,flow_20.1,8.322947880417205,0.0
73.5,flow_2012.1,1.6,-12.100000000000001,0.0,25.86380067546228,flow_001.1,0.9910603905224145,0.9910603905224145,0.9910603905224145,0.9910603905224145,-1.2046153023414434,0,E#D-X,0,32.8,37.9,flow_20.1,9.421338404870637,0.5
74.0,flow_2012.1,1.6,-12.098974933569522,0.00205013286096317,30.82101313717309,flow_001.1,0.9940203563696776,0.9940203563696776,0.9940203563696776,0.9940203563696776,0.00410026572192634,0,E#D-X,0,32.801025066430476,37.90102506643048,flow_20.1,9.914424923421617,1.0
74.5,flow_2012.1,1.6,-12.09540850665789,0.00713285382325812,36.02269965111406,flow_001.1,0.9957891849144983,0.9957891849144983,0.9957891849144983,0.9957891849144983,0.0101654419245899,0,E#D-X,0,32.80459149334211,37.90459149334211,flow_20.1,10.40337302788195,1.5
75.0,flow_2012.1,1.6,-12.083353306552368,0.02411040021103626,1000.0,,0.9969174688270532,0.9969174688270532,0.9969174688270532,0.9969174688270532,0.03395509277555628,0,E#D-X,0,32.81664669344763,37.91664669344763,flow_20.1,-1001.024110400211,2.0
75.5,flow_2012.1,1.6,-12.046322348846203,0.0740619154123314,1000.0,,0.9999999999995828,0.9999999999995828,0.9999999999995828,0.9999999999995828,0.09990303040259027,0,E#D-X,0,32.853677651153795,37.9536776511538,flow_20.1,-1001.0740619154124,2.5
76.0,flow_2012.1,1.6,-11.862556500993781,0.15641952258123046,1000.0,,0.9999999999628555,0.9999999999628555,0.9999999999628555,0.9999999999628555,0.16471521433779812,0,:X_8,0,32.93188741244441,0.03188741244441218,flow_20.1,-1001.1564195225812,0.0
76.5,flow_2012.1,1.6,-11.298323720019482,0.2618082853197871,1000.0,,,,,,0.21077752547711331,0,:X_8,0,33.062791555104305,0.16279155510430574,flow_20.1,-1001.2618082853198,0.0
77.0,flow_2012.1,1.6,-10.34052075427539,0.4444278329640162,1000.0,,,,,,0.3652390952884582,0,:X_8,0,33.28500547158631,0.3850054715863138,flow_20.1,-1001.444427832964,0.0
77.5,flow_2012.1,1.6,-8.514090608748983,0.8474774255954118,1000.0,,,,,,0.8060991852627912,0,:X_8,0,33.70874418438402,0.8087441843840197,flow_20.1,-1001.8474774255955,0.0
78.0,flow_2012.1,1.6,-7.972926293715647,0.25110434234339396,1000.0,,,,,,-1.1927461665040358,0,:X_8,0,33.834296355555715,0.9342963555557167,flow_20.1,-1001.2511043423434,0.0
78.5,flow_2012.1,1.6,-4.6300856422709895,1.5511033895279343,1000.0,,,,,,2.599998094369081,0,:X_8,0,34.609848050319684,1.7098480503196838,flow_20.1,-1002.551103389528,0.0
79.0,flow_2012.1,-0.21021511508942736,0.8824235235096916,2.8510613572634074,1000.0,,,,,,2.5999159354709462,0,:X_8,0,36.035378728951386,3.1353787289513875,flow_20.1,-1003.8510613572635,0.0
79.5,flow_2012.1,-9.029160802558142,1.6,4.1507506457206915,1000.0,,,,,,2.5993785769145683,0,:X_8,0,38.11075405181173,5.210754051811733,,-1005.1507506457207,0.0
80.0,flow_2012.1,-14.035534808168748,1.6,5.44956151271403,1000.0,,,,,,2.597621733986678,0,E#X-L,0,40.835534808168745,2.035534808168748,,-1006.449561512714,0.0
80.5,flow_2012.1,-17.010043356311677,1.6,5.949017096285859,1000.0,,0.9989111671436568,0.9989111671436568,0.9989111671436568,0.9989111671436568,0.9989111671436568,0,E#X-L,0,43.810043356311674,5.0100433563116775,,-1006.9490170962858,0.0
81.0,flow_2012.1,-20.23416532759136,1.6,6.4482439425593645,1000.0,,0.9984536925470106,0.9984536925470106,0.9984536925470106,0.9984536925470106,0.9984536925470113,0,E#X-L,0,47.03416532759135,8.23416532759136,,-1007.4482439425593,0.0
81.5,flow_2012.1,-23.707753692722505,1.6,6.9471767302622895,1000.0,,0.9978655754058495,0.9978655754058495,0.9978655754058495,0.9978655754058495,0.9978655754058501,0,E#X-L,0,50.5077536927225,11.707753692722504,,-1007.9471767302623,0.0
82.0,flow_2012.1,-27.43062312492085,1.6,7.44573886439669,1000.0,,0.9971242682688,0.9971242682688,0.9971242682688,0.9971242682688,0.9971242682688004,0,E#X-L,0,54.23062312492085,15.43062312492085,,-1008.4457388643967,0.0
82.5,flow_2012.1,-31.402543950409022,1.6,7.943841650976343,1000.0,,0.9962055731593071,0.9962055731593071,0.9962055731593071,0.9962055731593071,0.9962055731593065,0,E#X-L,0,58.20254395040902,19.402543950409022,,-1008.9438416509763,0.0
83.0,flow_2012.1,-35.623235703956595,1.6,8.441383507095152,1000.0,,0.9950837122376169,0.9950837122376169,0.9950837122376169,0.9950837122376169,0.9950837122376175,0,E#X-L,0,62.42323570395659,23.6232357039566,,-1009.4413835070951,0.0
83.5,flow_2012.1,-40.09236031129766,1.6,8.938249214682125,1000.0,,0.9937314151739457,0.9937314151739457,0.9937314151739457,0.9937314151739457,0.9937314151739471,0,E#X-L,0,66.89236031129767,28.09236031129766,,-1009.9382492146822,0.0
84.0,flow_2012.1,-44.80951492498338,1.6,9.434309227371445,1000.0,,0.9921200253786385,0.9921200253786385,0.9921200253786385,0.9921200253786385,0.9921200253786395,0,E#X-L,0,71.60951492498339,32.80951492498338,,-1010.4343092273715,0.0
84.5,flow_2012.1,-49.77422444547012,1.6,9.929419040973476,1000.0,,0.9902196272040641,0.9902196272040641,0.9902196272040641,0.9902196272040641,0.9902196272040626,0,E#X-L,0,76.57422444547012,37.77422444547012,,-1010.9294190409735,0.0
55.5,flow_3012.1,-44.9,-1.6,0.0,1.9999281654892975,flow_301.1,,,,,0,0,E#L-X,0,0.0,5.1,,3.499912233063331,0.0
56.0,flow_3012.1,-44.9,-1.6,0.0,3.9998379710800567,flow_301.1,-7.183838103563822e-05,-7.183838103563822e-05,-7.183838103563822e-05,-7.183838103563822e-05,0,0,E#L-X,0,0.0,5.1,,3.9998196111815183,0.5
56.5,flow_3012.1,-44.71250506371142,-1.6,0.37498987257715694,6.062173842288537,flow_301.1,0.7499797451543139,0.7499797451543139,0.7499797451543139,0.7499797451543139,0.7499797451543139,0,E#L-X,0,0.18749493628857827,5.287494936288578,,4.124671742416963,0.0
57.0,flow_3012.1,-44.30222105364671,-1.6,0.8205680201294177,8.151594115284906,flow_301.1,0.8911562951045213,0.8911562951045213,0.8911562951045213,0.8911562951045213,0.8911562951045214,0,E#L-X,0,0.5977789463532872,5.697778946353287,,4.17884054599274,0.0
57.5,flow_3012.1,-43.65698643520929,-1.6,1.2904692368748374,10.255870969928466,flow_301.1,0.9398024334908395,0.9398024334908395,0.9398024334908395,0.9398024334908395,0.9398024334908395,0,E#L-X,0,1.2430135647907061,6.343013564790706,,4.20855370928712,0.0
58.0,flow_3012.1,-42.77125992248071,-1.6,1.771453025457177,12.369373704217917,flow_301.1,0.9619675771646793,0.9619675771646793,0.9619675771646793,0.9619675771646793,0.9619675771646792,0,E#L-X,0,2.1287400775192946,7.228740077519294,,4.227005468578906,0.0
58.5,flow_3012.1,-41.64207233670965,-1.6,2.2583751715421045,14.393932583980806,flow_301.1,0.9738442921698552,0.9738442921698552,0.9738442921698552,0.9738442921698552,0.9738442921698551,0,E#L-X,0,3.2579276632903476,8.357927663290347,,4.04911775952578,0.0
59.0,flow_3012.1,-40.26771937689477,-1.6,2.7487059196297796,15.932553972604786,flow_301.1,0.9806614961753504,0.9806614961753504,0.9806614961753504,0.9806614961753504,0.9806614961753501,0,E#L-X,0,4.6322806231052365,9.732280623105236,,3.0772427772479576,0.0
59.5,flow_3012.1,-38.64732342758852,-1.6,3.240791898612495,16.94713815375711,flow_301.1,0.9841719579654301,0.9841719579654301,0.9841719579654301,0.9841719579654301,0.9841719579654304,0,E#L-X,0,6.252676572411485,11.352676572411484,,2.0291683623046386,0.0
60.0,flow_3012.1,-36.782648805420436,-1.6,3.729349244336158,17.83196203158903,flow_301.1,0.9771146914473265,0.9771146914473265,0.9771146914473265,0.9771146914473265,0.9771146914473263,0,E#L-X,0,8.117351194579564,13.217351194579564,,1.7696477556638421,0.0
60.5,flow_3012.1,-34.67527618039201,-1.6,4.214745250056847,18.474087906560605,flow_301.1,0.9707920114413779,0.9707920114413779,0.9707920114413779,0.9707920114413779,0.9707920114413779,0,E#L-X,0,10.224723819607988,15.324723819607987,flow_30.1,1.2842517499431532,0.0
61.0,flow_3012.1,-32.32975033245274,-1.6,4.691051695878549,18.878060558621335,flow_301.1,0.9526128916434049,0.9526128916434049,0.9526128916434049,0.9526128916434049,0.9526128916434047,0,E#L-X,0,12.57024966754726,17.67024966754726,flow_30.1,0.8079453041214508,0.0
61.5,flow_3012.1,-29.752934207136768,-1.6,5.153632250631945,1000.0,,0.9251611095067926,0.9251611095067926,0.9251611095067926,0.9251611095067926,0.9251611095067922,0,E#L-X,0,15.147065792863232,20.247065792863232,flow_30.1,-1006.153632250632,0.0
62.0,flow_3012.1,-26.926335807017065,-1.6,5.653196800239407,1000.0,,0.9991290992149229,0.9991290992149229,0.9991290992149229,0.9991290992149229,0.9991290992149224,0,E#L-X,0,17.973664192982937,23.073664192982935,flow_30.1,-1006.6531968002394,0.0
62.5,flow_3012.1,-23.85005263970326,-1.6,6.152566334627601,1000.0,,0.9987390687763902,0.9987390687763902,0.9987390687763902,0.9987390687763902,0.9987390687763895,0,E#L-X,0,21.049947360296734,26.149947360296736,flow_30.1,-1007.1525663346276,0.0
63.0,flow_3012.1,-20.779600900865,-1.6,6.140903477676529,1000.0,,0.9982309496234739,0.9982309496234739,0.9982309496234739,0.9982309496234739,-0.02332571390214433,0,E#L-X,0,24.120399099135,29.220399099135,flow_30.1,-1007.1409034776765,0.0
63.5,flow_3012.1,-18.135293060417087,-1.6,5.288615680895826,1000.0,,0.9982443252385635,0.9982443252385635,0.9982443252385635,0.9982443252385635,-1.7045755935614064,0,E#L-X,0,26.764706939582915,31.864706939582913,flow_30.1,-1006.2886156808959,0.0
64.0,flow_3012.1,-16.13898835778832,-1.6,3.9926094052575274,1000.0,,0.9990342093100258,0.9990342093100258,0.9990342093100258,0.9990342093100258,-2.5920125512765972,0,E#L-X,0,28.761011642211677,33.86101164221168,flow_30.1,-1004.9926094052576,0.0
64.5,flow_3012.1,-14.739414247123754,-1.6,2.799148221329137,1000.0,,0.9996862799445735,0.9996862799445735,0.9996862799445735,0.9996862799445735,-2.386922367856781,0,E#L-X,0,30.160585752876244,35.260585752876246,flow_30.1,-1003.7991482213291,0.0
65.0,flow_3012.1,-13.804838535141911,-1.6,1.8691514239636788,1000.0,,0.9999242088380984,0.9999242088380984,0.9999242088380984,0.9999242088380984,-1.8599935947309163,0,E#L-X,0,31.095161464858087,36.19516146485809,flow_30.1,-1002.8691514239637,0.0
65.5,flow_3012.1,-13.211995936600367,-1.6,1.185685197083089,5.042909177237835,flow_101.1,0.9999849307053458,0.9999849307053458,0.9999849307053458,0.9999849307053458,-1.3669324537611796,0,E#L-X,0,31.68800406339963,36.78800406339963,flow_30.1,4.6455567668360835,0.0
66.0,flow_3012.1,-12.889484104316686,-1.6,0.6450236645673614,7.687044104801517,flow_101.1,0.8427087965428527,0.8427087965428527,0.8427087965428527,0.8427087965428527,-1.0813230650314554,0,E#L-X,0,32.01051589568331,37.110515895683314,flow_30.1,5.288269855127365,0.0
66.5,flow_3012.1,-12.333895477423567,-1.6,1.1111772537862363,10.11543745870904,flow_101.1,0.93230717843775,0.93230717843775,0.93230717843775,0.93230717843775,0.9323071784377499,0,E#L-X,0,32.56610452257643,37.66610452257643,flow_30.1,4.856786707815046,0.0
67.0,flow_3012.1,-11.538069135296118,-1.6,1.5916301883869737,12.309263031089927,flow_101.1,0.9609058692014746,0.9609058692014746,0.9609058692014746,0.9609058692014746,0.9609058692014747,0,:X_11,0,33.36191961676992,0.46191961676991866,flow_30.1,4.387651144761775,0.0
67.5,flow_3012.1,-10.103456358960981,-1.6,2.869155687541078,13.866147830920848,flow_101.1,,,,,2.5550509983082086,0,:X_11,0,34.79649746054046,1.8964974605404576,flow_30.1,3.11376959966185,0.0
68.0,flow_3012.1,-8.060909090335945,-1.6,4.0849950659284975,14.814881437482528,flow_101.1,,,,,2.431678756774839,0,:X_11,0,36.838994993504706,3.938994993504706,flow_30.1,1.8990982354972212,0.0
68.5,flow_3012.1,-5.491973386019528,-1.6,5.13774630238268,15.23824186059646,flow_101.1,,,,,2.1055024729083645,0,:X_11,0,39.407868144696046,6.507868144696046,flow_30.1,0.8467208462278624,0.0
69.0,flow_3012.1,-2.5351915961929947,-1.6,5.913419585437235,15.52336976821993,flow_101.1,,,,,1.5513465661091104,0,:X_11,0,42.364577937414666,9.464577937414663,flow_30.1,0.5702558152469361,0.0
69.5,flow_3012.1,0.4637435222884303,-0.5169196895987325,6.405631024065054,15.811846525242306,flow_101.1,,,,,0.9844228772556374,0,:X_11,0,45.56739344944719,12.66739344944719,flow_30.1,0.5769535140447521,0.0
70.0,flow_3012.1,1.6,2.5789443710533497,6.683560645252513,16.21062476950793,flow_101.1,,,,,0.5558592423749182,0,:X_11,0,48.909173772073444,16.009173772073446,flow_30.1,0.7975564885312529,0.0
70.5,flow_3012.1,1.6,5.998490938872038,6.838926604942342,16.780753269175158,flow_101.1,,,,,0.31073191937965916,0,:X_11,0,52.328637074544616,19.428637074544618,flow_30.1,1.1402569993344542,0.0
71.0,flow_3012.1,1.6,9.465768712067469,6.934386691203193,17.551900634931442,flow_101.1,,,,,0.19092017252170201,0,:X_11,0,55.79583042014622,22.895830420146215,flow_30.1,1.5422947315125688,0.0
71.5,flow_3012.1,1.6,12.966392812231163,7.001124784169899,18.53808543083946,flow_101.1,,,,,0.13347618593341082,0,E#X-T,0,59.29639281223116,0.9663928122311631,flow_30.1,1.972369591816027,0.0
72.0,flow_3012.1,1.6,16.70798281004197,7.48317999562161,19.531241370907765,flow_101.1,0.9641104229034214,0.9641104229034214,0.9641104229034214,0.9641104229034214,0.9641104229034223,0,E#X-T,0,63.03798281004197,4.707982810041968,flow_30.1,1.9863118801366149,0.0
72.5,flow_3012.1,1.6,20.690961985802453,7.96595835152097,20.530526362097838,flow_101.1,0.9655567117987202,0.9655567117987202,0.9655567117987202,0.9655567117987202,0.9655567117987207,0,E#X-T,0,67.02096198580244,8.690961985802453,flow_30.1,1.9985699823801406,0.0
73.0,flow_3012.1,1.6,24.91557137370432,8.449218775803734,1000.0,,0.9665208485655286,0.9665208485655286,0.9665208485655286,0.9665208485655286,0.9665208485655281,0,E#X-T,0,71.24557137370432,12.91557137370432,,-1009.4492187758037,0.0
73.5,flow_3012.1,1.6,29.3886077888106,8.946072830212556,1000.0,,0.9937081088176425,0.9937081088176425,0.9937081088176425,0.9937081088176425,0.9937081088176427,0,E#X-T,0,75.7186077888106,17.3886077888106,,-1009.9460728302125,0.0
74.0,flow_3012.1,1.6,34.109667303888656,9.442119030156121,1000.0,,0.9920923998871307,0.9920923998871307,0.9920923998871307,0.9920923998871307,0.9920923998871309,0,E#X-T,0,80.43966730388865,22.10966730388866,,-1010.4421190301562,0.0
74.5,flow_3012.1,1.6,39.078273619431734,9.93721263108615,1000.0,,0.9901872018600566,0.9901872018600566,0.9901872018600566,0.9901872018600566,0.9901872018600564,0,E#X-T,0,85.40827361943172,27.078273619431734,,-1010.9372126310861,0.0
75.0,flow_3012.1,1.6,44.29387030349606,10.431193368128646,1000.0,,0.9879614740849956,0.9879614740849956,0.9879614740849956,0.9879614740849956,0.9879614740849938,0,E#X-T,0,90.62387030349606,32.29387030349606,,-1011.4311933681287,0.0
75.5,flow_3012.1,1.6,49.75581279882394,10.923884990655765,1000.0,,0.9853832450542372,0.9853832450542372,0.9853832450542372,0.9853832450542372,0.985383245054237,0,E#X-T,0,96.08581279882394,37.75581279882394,,-1011.9238849906558,0.0
60.5,flow_0012.1,-1.6,44.9,0.0,5.185881808174241,flow_001.1,,,,,0,0,E#T-X,0,0.0,5.1,,4.1467088993355,0.0
61.0,flow_0012.1,-1.6,44.68718388566503,0.42563222866993955,7.2066575243813045,flow_001.1,0.8512644573398791,0.8512644573398791,0.8512644573398791,0.8512644573398791,0.8512644573398791,0,E#T-X,0,0.21281611433497005,5.31281611433497,,4.041551432414131,0.0
61.5,flow_0012.1,-1.6,44.24362228087095,0.887123209588164,9.137311155814697,flow_001.1,0.9229819618364491,0.9229819618364491,0.9229819618364491,0.9229819618364491,0.922981961836449,0,E#T-X,0,0.6563777191290523,5.756377719129052,,3.861307262866783,0.0
62.0,flow_0012.1,-1.6,43.56203828427065,1.3631679932005998,10.953712798418021,flow_001.1,0.9520895672248713,0.9520895672248713,0.9520895672248713,0.9520895672248713,0.9520895672248715,0,E#T-X,0,1.3379617157293522,6.437961715729352,,3.6328032852066476,0.0
62.5,flow_0012.1,-1.6,42.63878981022664,1.8464969480880198,12.680310462071619,flow_001.1,0.96665790977484,0.96665790977484,0.96665790977484,0.96665790977484,0.96665790977484,0,E#T-X,0,2.2612101897733616,7.361210189773361,,3.4531953273071974,0.0
63.0,flow_0012.1,-1.6,41.47176420582628,2.3340512088007164,13.038130995368869,flow_001.1,0.9751085214253931,0.9751085214253931,0.9751085214253931,0.9751085214253931,0.9751085214253932,0,E#T-X,0,3.4282357941737196,8.52823579417372,,0.7156410665945008,0.0
63.5,flow_0012.1,-1.6,40.07436344058153,2.7948015304895093,12.040576367821723,flow_001.1,0.9215006433775856,0.9215006433775856,0.9215006433775856,0.9215006433775856,0.9215006433775859,0,E#T-X,0,4.825636559418474,9.925636559418473,,-1.9951092550942922,0.0
64.0,flow_0012.1,-1.6,38.51320540726187,3.122316066639309,11.006970743837982,flow_001.1,0.6550290722995986,0.6550290722995986,0.6550290722995986,0.6550290722995986,0.6550290722995991,0,E#T-X,0,6.386794592738129,11.486794592738129,,-2.067211247967478,0.0
64.5,flow_0012.1,-1.6,36.82625082420816,3.373909166107421,10.047299038812435,flow_001.1,0.5031861989362241,0.5031861989362241,0.5031861989362241,0.5031861989362241,0.5031861989362243,0,E#T-X,0,8.07374917579184,13.173749175791839,,-1.9193434100510975,0.0
65.0,flow_0012.1,-1.6,35.048531438139946,3.5554387721364233,9.220002094411829,flow_001.1,0.36305921205800495,0.36305921205800495,0.36305921205800495,0.36305921205800495,0.36305921205800473,0,E#T-X,0,9.85146856186005,14.95146856186005,,-1.6545938888012133,0.0
65.5,flow_0012.1,-1.6,33.20706405800891,3.6829347602620883,8.563902760975214,flow_001.1,0.25499197625132974,0.25499197625132974,0.25499197625132974,0.25499197625132974,0.25499197625132997,0,E#T-X,0,11.692935941991093,16.792935941991093,,-1.31219866687323,0.0
66.0,flow_0012.1,-1.6,31.31545016463732,3.783227786743176,8.098697427557045,flow_001.1,0.2005860529621758,0.2005860529621758,0.2005860529621758,0.2005860529621758,0.20058605296217547,0,E#T-X,0,13.584549835362681,18.68454983536268,,-0.9304106668363383,0.0
66.5,flow_0012.1,-1.6,29.37260658770804,3.8856871538585573,7.8265959582819065,flow_001.1,0.2049187342307628,0.2049187342307628,0.2049187342307628,0.2049187342307628,0.20491873423076257,0,E#T-X,0,15.527393412291959,20.62739341229196,,-0.5442029385502845,0.0
67.0,flow_0012.1,-1.6,27.3657289961772,4.013755183061681,7.736657095534905,flow_001.1,0.256136058406247,0.256136058406247,0.256136058406247,0.256136058406247,0.25613605840624754,0,E#T-X,0,17.534271003822802,22.6342710038228,,-0.17987772549400027,0.0
67.5,flow_0012.1,-1.6,25.275152601257723,4.181152789838945,7.810310862538675,flow_001.1,0.33479521355452824,0.33479521355452824,0.33479521355452824,0.33479521355452824,0.33479521355452846,0,E#T-X,0,19.624847398742276,24.724847398742273,,0.14730753400754182,0.0
68.0,flow_0012.1,-1.6,23.07877244917984,4.392760304155776,8.026097005794632,flow_001.1,0.423215028633661,0.423215028633661,0.423215028633661,0.423215028633661,0.42321502863366156,0,E#T-X,0,21.82122755082016,26.921227550820163,,0.4315722865119156,0.0
68.5,flow_0012.1,-1.6,20.755030677332496,4.647483543694684,8.51771793668554,flow_001.1,0.5094464790778163,0.5094464790778163,0.5094464790778163,0.5094464790778163,0.5094464790778162,0,E#T-X,0,24.144969322667507,29.244969322667504,,0.9832418617818117,0.0
69.0,flow_0012.1,-1.6,18.31758208673307,4.874897181198856,1000.0,,0.684240226336422,0.684240226336422,0.684240226336422,0.684240226336422,0.4548272750083431,0,E#T-X,0,26.58241791326693,31.68241791326693,,-1005.8748971811989,0.0
69.5,flow_0012.1,-1.6,16.278099586213166,4.078965001039805,1000.0,,0.9993027687853541,0.9993027687853541,0.9993027687853541,0.9993027687853541,-1.5918643603181017,0,E#T-X,0,28.621900413786832,33.721900413786834,,-1005.0789650010398,0.0
70.0,flow_0012.1,-1.6,14.833982803880097,2.8882335646661357,1000.0,,0.9996582449845127,0.9996582449845127,0.9996582449845127,0.9996582449845127,-2.3814628727473384,0,E#T-X,0,30.0660171961199,35.1660171961199,,-1003.8882335646662,0.0
70.5,flow_0012.1,-1.6,13.866559340622352,1.9348469265154864,2.766559340622352,flow_30.1,0.9999140899001318,0.9999140899001318,0.9999140899001318,0.9999140899001318,-1.9067732763012986,0,E#T-X,0,31.033440659377646,36.13344065937765,,2.508513440519303,0.0
71.0,flow_0012.1,-1.6,13.249724733994668,1.2336692132553695,1.2868595293942202,flow_30.1,0.47736993504585934,0.47736993504585934,0.47736993504585934,0.47736993504585934,-1.4023554265202338,0,E#T-X,0,31.65027526600533,36.75027526600533,,4.494435954665815,0.0
71.5,flow_0012.1,-1.6,12.986752860510393,0.5259437469685542,4.518397594182155,flow_30.1,-1.4154509325736306,-1.4154509325736306,-1.4154509325736306,-1.4154509325736306,-1.4154509325736306,0,E#T-X,0,31.913247139489606,37.01324713948961,,6.4630761295758665,0.0
72.0,flow_0012.1,-1.6,12.522762401429837,0.9279809181611132,8.157675983299193,flow_30.1,0.8040743423851179,0.8040743423851179,0.8040743423851179,0.8040743423851179,0.804074342385118,0,E#T-X,0,32.37723759857016,37.47723759857016,,7.278556778234071,0.0
72.5,flow_0012.1,-1.6,11.823794701107753,1.3979268195091168,12.136002933934229,flow_30.1,0.9398918026960074,0.9398918026960074,0.9398918026960074,0.9398918026960074,0.9398918026960073,0,:X_2,0,33.07620100832472,0.17620100832472474,,7.957349639261501,0.0
73.0,flow_0012.1,-1.6,10.480461096795548,2.6866017887582525,15.996218393216608,flow_30.1,,,,,2.5773499384982714,0,:X_2,0,34.41950190270385,1.519501902703851,,7.720430918564762,0.0
73.5,flow_0012.1,-1.6,8.506278243074409,3.948269565443262,19.690028270197836,flow_30.1,,,,,2.5233355533700186,0,:X_2,0,36.39363668542548,3.493636685425482,,7.387619753962463,0.0
74.0,flow_0012.1,-1.6,5.949359978793943,5.113712007555804,23.04602036335188,flow_30.1,,,,,2.3308848842250836,0,:X_2,0,38.95049268920339,6.050492689203384,,6.71198418630808,0.0
74.5,flow_0012.1,-1.6,2.909121214263976,6.080329470519282,26.162667549495538,flow_30.1,,,,,1.933234925926957,0,:X_2,0,41.99065742446302,9.090657424463025,,6.2332943722873155,0.0
75.0,flow_0012.1,-0.6175315919959667,-0.2817270434360617,6.768082600044195,29.178342417374513,flow_30.1,,,,,1.3755062590498266,0,:X_2,0,45.37469872448512,12.474698724485123,,6.031349735757949,0.0
75.5,flow_0012.1,2.635345478660909,-1.6,7.181749563677997,32.228900228126605,flow_30.1,,,,,0.8273339272676026,0,:X_2,0,48.96557350632412,16.06557350632412,,6.101115621504187,0.0
76.0,flow_0012.1,6.3343592568826885,-1.6,7.397847415795313,35.35940607818434,flow_30.1,,,,,0.4321957042346334,0,:X_2,0,52.664497214221775,19.764497214221777,,6.26101170011548,0.0
76.5,flow_0012.1,10.084832130527381,-1.6,7.500763100601595,1000.0,,,,,,0.20583136961256265,0,:X_2,0,56.41487876452257,23.514878764522575,,-1008.5007631006016,0.0
77.0,flow_0012.1,13.858869163076886,-1.6,7.54798079710862,1000.0,,,,,,0.09443539301405046,0,E#X-R,0,60.18886916307689,1.8588691630768857,,-1008.5479807971086,0.0
77.5,flow_0012.1,17.881857768300286,-1.6,8.045977210446798,1000.0,,0.9959928266763566,0.9959928266763566,0.9959928266763566,0.9959928266763566,0.9959928266763569,0,E#X-R,0,64.21185776830028,5.881857768300285,,-1009.0459772104468,0.0
78.0,flow_0012.1,22.153552862356808,-1.6,8.543390188113046,1000.0,,0.9948259553324955,0.9948259553324955,0.9948259553324955,0.9948259553324955,0.9948259553324945,0,E#X-R,0,68.4835528623568,10.153552862356808,,-1009.543390188113,0.0
78.5,flow_0012.1,26.673603675724365,-1.6,9.040101626735119,1000.0,,0.9934228772441447,0.9934228772441447,0.9934228772441447,0.9934228772441447,0.9934228772441465,0,E#X-R,0,73.00360367572436,14.673603675724367,,-1010.0401016267351,0.0
79.0,flow_0012.1,31.441593155689453,-1.6,9.53597895993017,1000.0,,0.9917546663901008,0.9917546663901008,0.9917546663901008,0.9917546663901008,0.9917546663901007,0,E#X-R,0,77.77159315568946,19.441593155689453,,-1010.5359789599302,0.0
79.5,flow_0012.1,36.45703042729697,-1.6,10.030874543215042,1000.0,,0.9897911665697445,0.9897911665697445,0.9897911665697445,0.9897911665697445,0.989791166569745,0,E#X-R,0,82.78703042729697,24.457030427296974,,-1011.0308745432151,0.0
80.0,flow_0012.1,41.71934298554232,-1.6,10.52462511649069,1000.0,,0.9875011465512952,0.9875011465512952,0.9875011465512952,0.9875011465512952,0.9875011465512955,0,E#X-R,0,88.04934298554232,29.71934298554232,,-1011.5246251164907,0.0
80.5,flow_0012.1,47.2278686638924,-1.6,11.01705135670017,1000.0,,0.9848524804189631,0.9848524804189631,0.9848524804189631,0.9848524804189631,0.9848524804189616,0,E#X-R,0,93.5578686638924,35.2278686638924,,-1012.0170513567002,0.0
60.5,flow_1012.1,44.9,1.6,0.0,5.185862040163384,flow_101.1,,,,,0,0,E#R-X,0,0.0,5.1,,4.1465639386288045,0.0
61.0,flow_1012.1,44.68718416914841,1.6,0.4256316617031743,7.206400063363336,flow_101.1,0.8512633234063486,0.8512633234063486,0.8512633234063486,0.8512633234063486,0.8512633234063486,0,E#R-X,0,0.2128158308515875,5.312815830851587,,4.041076046399902,0.0
61.5,flow_1012.1,44.24362422366235,1.6,0.8871198909721234,9.066073655406157,flow_101.1,0.9229764585378982,0.9229764585378982,0.9229764585378982,0.9229764585378982,0.9229764585378982,0,E#R-X,0,0.656375776337649,5.756375776337649,,3.719347184085643,0.0
62.0,flow_1012.1,43.562230853166746,1.6,1.3627867409912127,10.626564550888556,flow_101.1,0.9513337000381784,0.9513337000381784,0.9513337000381784,0.9513337000381784,0.9513337000381785,0,E#R-X,0,1.3377691468332555,6.437769146833255,,3.1209817909647986,0.0
62.5,flow_1012.1,42.63969407053394,1.6,1.8450735652656,11.836014218952407,flow_101.1,0.9645736485487749,0.9645736485487749,0.9645736485487749,0.9645736485487749,0.9645736485487748,0,E#R-X,0,2.260305929466056,7.3603059294660556,,2.418899336127704,0.0
63.0,flow_1012.1,41.474464497486764,1.6,2.3304591460943596,12.705987820319642,flow_101.1,0.970771161657519,0.970771161657519,0.970771161657519,0.970771161657519,0.970771161657519,0,E#R-X,0,3.4255355025132364,8.525535502513236,,1.7399472027344758,0.0
63.5,flow_1012.1,40.070325339857135,1.6,2.8082783152592645,13.366745629925973,flow_101.1,0.9556383383298103,0.9556383383298103,0.9556383383298103,0.9556383383298103,0.9556383383298099,0,E#R-X,0,4.829674660142869,9.929674660142869,,1.3215156192126605,0.0
64.0,flow_1012.1,38.431380188182885,1.6,3.277890303348493,13.89394786822804,flow_101.1,0.9392239761784575,0.9392239761784575,0.9392239761784575,0.9392239761784575,0.9392239761784573,0,E#R-X,0,6.468619811817115,11.568619811817115,,1.0544044766041347,0.0
64.5,flow_1012.1,36.56183547162455,1.6,3.7390894331166744,14.440441817254076,flow_101.1,0.9223982595363626,0.9223982595363626,0.9223982595363626,0.9223982595363626,0.9223982595363625,0,E#R-X,0,8.338164528375453,13.438164528375452,,1.0929878980520766,0.0
65.0,flow_1012.1,34.46221708888173,1.6,4.199236765485636,15.006693836372676,flow_101.1,0.9202946647379234,0.9202946647379234,0.9202946647379234,0.9202946647379234,0.9202946647379227,0,E#R-X,0,10.437782911118271,15.53778291111827,,1.1325040382372054,0.0
65.5,flow_1012.1,32.13281941379118,1.6,4.658795350181104,15.59291714324171,flow_101.1,0.9191171693909371,0.9191171693909371,0.9191171693909371,0.9191171693909371,0.9191171693909368,0,E#R-X,0,12.767180586208822,17.86718058620882,,1.1724466137380682,0.0
66.0,flow_1012.1,29.573735483571053,1.6,5.118167860440251,16.00047997286895,flow_101.1,0.9187450205182933,0.9187450205182933,0.9187450205182933,0.9187450205182933,0.9187450205182941,0,E#R-X,0,15.326264516428948,20.426264516428947,,0.8151256592544751,0.0
66.5,flow_1012.1,26.793496365184858,1.6,5.560478236772386,43.375545899484614,flow_00.1,0.884620752664271,0.884620752664271,0.884620752664271,0.884620752664271,0.8846207526642704,0,E#R-X,0,18.10650363481514,23.206503634815142,,1.6642264703257927,0.0
67.0,flow_1012.1,23.765453507262734,1.6,6.056085715844247,44.11210518976453,flow_00.1,0.9912149581437213,0.9912149581437213,0.9912149581437213,0.9912149581437213,0.991214958143722,0,E#R-X,0,21.134546492737265,26.234546492737266,,1.473118580559821,0.0
67.5,flow_1012.1,20.707347639845096,1.6,6.116211734835279,44.99776210790971,flow_00.1,0.9883268295665975,0.9883268295665975,0.9883268295665975,0.9883268295665975,0.12025203798206263,0,E#R-X,0,24.192652360154902,29.292652360154904,,1.771313836290365,0.0
68.0,flow_1012.1,18.067680149764108,1.6,5.279334980161978,46.497995920138806,flow_00.1,0.9915354725164498,0.9915354725164498,0.9915354725164498,0.9915354725164498,-1.6737535093466018,0,E#R-X,0,26.83231985023589,31.932319850235892,,3.000467624458195,0.0
68.5,flow_1012.1,16.08682536810315,1.6,3.961709563321919,48.864512184586516,flow_00.1,0.997190886422852,0.997190886422852,0.997190886422852,0.997190886422852,-2.635250833680118,0,E#R-X,0,28.81317463189685,33.91317463189685,,4.7330325288954205,0.0
69.0,flow_1012.1,14.703465440808003,1.6,2.7667198545902942,52.07675937153037,flow_00.1,0.9980206557415764,0.9980206557415764,0.9980206557415764,0.9980206557415764,-2.389979417463249,0,E#R-X,0,30.196534559191996,35.296534559192,,6.424494373887713,0.0
69.5,flow_1012.1,13.781447683013731,1.6,1.844035515588546,55.9981460726431,flow_00.1,0.9984527281538725,0.9984527281538725,0.9984527281538725,0.9984527281538725,-1.8453686780034966,0,E#R-X,0,31.118552316986268,36.21855231698627,,7.842773402225456,0.0
70.0,flow_1012.1,13.197840758715152,1.6,1.1672138485971564,1000.0,,0.9987101298124799,0.9987101298124799,0.9987101298124799,0.9987101298124799,-1.3536433339827791,0,E#R-X,0,31.702159241284846,36.80215924128485,,-1002.1672138485972,0.0
70.5,flow_1012.1,12.884108228660473,1.6,0.6274650601093545,1000.0,,0.9999977085166404,0.9999977085166404,0.9999977085166404,0.9999977085166404,-1.0794975769756037,0,E#R-X,0,32.015891771339525,37.11589177133953,,-1001.6274650601093,0.0
71.0,flow_1012.1,12.884108228660473,1.6,0.0,1000.0,,0.9999998086303022,0.9999998086303022,0.9999998086303022,0.9999998086303022,-1.254930120218709,0,E#R-X,0,32.015891771339525,37.11589177133953,,-1001.0,0.5
71.5,flow_1012.1,12.634108228660473,1.6,0.5,1000.0,,1.0,1.0,1.0,1.0,1.0,0,E#R-X,0,32.265891771339525,37.36589177133953,,-1001.5,0.0
72.0,flow_1012.1,12.634108228660473,1.6,0.0,1000.0,,0.9999999228395062,0.9999999228395062,0.9999999228395062,0.9999999228395062,-1.0,0,E#R-X,0,32.265891771339525,37.36589177133953,,-1001.0,0.5
72.5,flow_1012.1,12.384108228660473,1.6,0.5,1000.0,,1.0,1.0,1.0,1.0,1.0,0,E#R-X,0,32.515891771339525,37.61589177133953,,-1001.5,0.0
73.0,flow_1012.1,12.100000000000001,1.6,0.5682164573209463,1000.0,,0.9999999228395062,0.9999999228395062,0.9999999228395062,0.9999999228395062,0.13643291464189256,0,E#R-X,0,32.8,37.9,,-1001.568216457321,0.0
73.5,flow_1012.1,11.751617691844398,1.6,0.6967525201816206,1000.0,,0.9999998713024695,0.9999998713024695,0.9999998713024695,0.9999998713024695,0.25707212572134863,0,:X_5,0,33.14837626009081,0.24837626009080793,,-1001.6967525201816,0.0
74.0,flow_1012.1,11.211704780210056,1.6,1.079799529702961,1000.0,,,,,,0.7660940190426808,0,:X_5,0,33.68827602494229,0.7882760249422884,,-1002.079799529703,0.0
74.5,flow_1012.1,10.262322537571881,1.6,1.8987182507006284,1000.0,,,,,,1.6378374419953348,0,:X_5,0,34.6376351502926,1.7376351502926026,,-1002.8987182507007,0.0
75.0,flow_1012.1,8.731140880857676,1.6,3.0622887454292718,1000.0,,,,,,2.3271409894572868,0,:X_5,0,36.16877952300724,3.2687795230072387,,-1004.0622887454293,0.0
75.5,flow_1012.1,6.854235926195242,1.6,3.753718504724751,1000.0,,,,,,1.3828595185909585,0,:X_5,0,38.04563877536961,5.145638775369614,,-1004.7537185047247,0.0
76.0,flow_1012.1,4.794865523658327,1.6,4.118640514471652,1000.0,,,,,,0.7298440194938021,0,:X_5,0,40.104959032605436,7.20495903260544,,-1005.1186405144716,0.0
76.5,flow_1012.1,2.3496845476562944,1.5599158793750119,4.900748157633605,1000.0,,,,,,1.5642152863239058,0,:X_5,0,42.55533311142224,9.655333111422243,,-1005.9007481576336,0.0
77.0,flow_1012.1,-0.46905764713260933,0.5144397646714489,6.035848979549819,1000.0,,,,,,2.2702016438324275,0,:X_5,0,45.57325760119715,12.673257601197152,,-1007.0358489795498,0.0
77.5,flow_1012.1,-1.6,-2.7355666504898934,6.985069273176674,1000.0,,,,,,1.8984405872537113,0,:X_5,0,49.06579223778549,16.16579223778549,,-1007.9850692731767,0.0
78.0,flow_1012.1,-1.6,-6.581785633609346,7.692250656749825,1000.0,,,,,,1.4143627671463008,0,:X_5,0,52.9119175661604,20.011917566160403,,-1008.6922506567498,0.0
78.5,flow_1012.1,-1.6,-10.66094874670695,8.158127572410292,1000.0,,,,,,0.9317538313209344,0,:X_5,0,56.99098135236555,24.09098135236555,,-1009.1581275724103,0.0
79.0,flow_1012.1,-1.6,-14.87794154665577,8.433920388580438,1000.0,,,,,,0.5515856323402915,0,E#X-D,0,61.20794154665577,2.8779415466557694,,-1009.4339203885804,0.0
79.5,flow_1012.1,-1.6,-19.343340129517713,8.93079716572389,1000.0,,0.9937535542869044,0.9937535542869044,0.9937535542869044,0.9937535542869044,0.9937535542869043,0,E#X-D,0,65.67334012951771,7.343340129517714,,-1009.9307971657239,0.0
80.0,flow_1012.1,-1.6,-24.056775280250974,9.426870301466517,1000.0,,0.9921462714852544,0.9921462714852544,0.9921462714852544,0.9921462714852544,0.9921462714852538,0,E#X-D,0,70.38677528025097,12.056775280250973,,-1010.4268703014665,0.0
80.5,flow_1012.1,-1.6,-29.017773040464988,9.92199552042803,1000.0,,0.9902504379230289,0.9902504379230289,0.9902504379230289,0.9902504379230289,0.9902504379230272,0,E#X-D,0,75.34777304046499,17.017773040464988,,-1010.921995520428,0.0
81.0,flow_1012.1,-1.6,-34.225779561804714,10.41601304267946,1000.0,,0.988035044502858,0.988035044502858,0.988035044502858,0.988035044502858,0.9880350445028583,0,E#X-D,0,80.55577956180471,22.225779561804718,,-1011.4160130426794,0.0
81.5,flow_1012.1,-1.6,-39.68015311951588,10.908747115422322,1000.0,,0.9854681454857249,0.9854681454857249,0.9854681454857249,0.9854681454857249,0.9854681454857257,0,E#X-D,0,86.01015311951588,27.68015311951588,,-1011.9087471154223,0.0
82.0,flow_1012.1,-1.6,-45.38015594212084,11.400005645209912,1000.0,,0.9825170595751814,0.9825170595751814,0.9825170595751814,0.9825170595751814,0.98251705957518,0,E#X-D,0,91.71015594212083,33.38015594212084,,-1012.40000564521,0.0
60.5,flow_20.1,1.6,-44.9,0.0,5.236099318406206,flow_2012.1,,,,,0,0,E#D-X,0,0.0,5.1,,4.230439120576067,0.0
61.0,flow_20.1,1.6,-44.68647407179929,0.4270518564014284,7.385501823452182,flow_2012.1,0.8541037128028568,0.8541037128028568,0.8541037128028568,0.8541037128028568,0.8541037128028568,0,E#D-X,0,0.21352592820071425,5.313525928200714,,4.298805010091951,0.0
61.5,flow_20.1,1.6,-44.241281425810634,0.8903852919773101,9.553083661577958,flow_2012.1,0.9266668711517635,0.9266668711517635,0.9266668711517635,0.9266668711517635,0.9266668711517634,0,E#D-X,0,0.6587185741893693,5.758718574189369,,4.335163676251553,0.0
62.0,flow_20.1,1.6,-43.55704650808071,1.3684698354598401,11.731393092960394,flow_2012.1,0.9561690869650603,0.9561690869650603,0.9561690869650603,0.9561690869650603,0.9561690869650601,0,E#D-X,0,1.342953491919289,6.442953491919289,,4.356618862764868,0.0
62.5,flow_20.1,1.6,-42.63007876365073,1.8539354888599628,13.916638121047338,flow_2012.1,0.9709313068002453,0.9709313068002453,0.9709313068002453,0.9709313068002453,0.9709313068002454,0,E#D-X,0,2.26992123634927,7.36992123634927,,4.370490056173888,0.0
63.0,flow_20.1,1.6,-41.458278012586206,2.343601502129049,15.48702194911537,flow_2012.1,0.9793320265381722,0.9793320265381722,0.9793320265381722,0.9793320265381722,0.9793320265381724,0,E#D-X,0,3.4417219874137945,8.541721987413794,,3.1407676561360596,0.0
63.5,flow_20.1,1.6,-40.040655882242675,2.835244260687068,16.605234667896266,flow_2012.1,0.9832855171160374,0.9832855171160374,0.9832855171160374,0.9832855171160374,0.9832855171160375,0,E#D-X,0,4.859344117757329,9.959344117757329,,2.2364254375617927,0.0
64.0,flow_20.1,1.6,-38.37762993422302,3.3260518960392904,17.0185284513237,flow_2012.1,0.9816152707044452,0.9816152707044452,0.9816152707044452,0.9816152707044452,0.9816152707044452,0,E#D-X,0,6.522370065776974,11.622370065776973,,0.8265875668548723,0.0
64.5,flow_20.1,1.6,-36.47989465639184,3.795470555662368,16.590484995423836,flow_2012.1,0.9388373192461552,0.9388373192461552,0.9388373192461552,0.9388373192461552,0.9388373192461552,0,E#D-X,0,8.420105343608158,13.520105343608158,,-0.8560869117997205,0.0
65.0,flow_20.1,1.6,-34.37829387440026,4.203201563983159,15.475451831157812,flow_2012.1,0.8154620166415818,0.8154620166415818,0.8154620166415818,0.8154620166415818,0.8154620166415816,0,E#D-X,0,10.521706125599737,15.621706125599736,,-2.2300663285320494,0.0
65.5,flow_20.1,1.6,-32.131802921091065,4.4929819066183985,13.859742982487589,flow_2012.1,0.5795606852704795,0.5795606852704795,0.5795606852704795,0.5795606852704795,0.5795606852704793,0,E#D-X,0,12.768197078908935,17.868197078908935,,-3.231417697340452,0.0
66.0,flow_20.1,1.6,-29.836202747407377,4.59120034736738,11.921133317540068,flow_2012.1,0.19643688149796368,0.19643688149796368,0.19643688149796368,0.19643688149796368,0.1964368814979629,0,E#D-X,0,15.063797252592623,20.163797252592623,,-3.8772193298950515,0.0
66.5,flow_20.1,1.6,-27.628598477777793,4.4152085392591705,9.713529047910484,flow_2012.1,-0.35198361621641816,-0.35198361621641816,-0.35198361621641816,-0.35198361621641816,-0.35198361621641894,0,E#D-X,0,17.271401522222206,22.371401522222207,,-4.4152085392591705,0.0
67.0,flow_20.1,1.6,-25.71852904466812,3.8201388662193416,7.803459614800815,flow_2012.1,-1.190139346079658,-1.190139346079658,-1.190139346079658,-1.190139346079658,-1.1901393460796577,0,E#D-X,0,19.181470955331875,24.281470955331876,,-3.8201388662193416,0.0
67.5,flow_20.1,1.6,-24.128034803912435,3.180988481511368,6.439883764013157,flow_2012.1,-1.2783007694159472,-1.2783007694159472,-1.2783007694159472,-1.2783007694159472,-1.2783007694159476,0,E#D-X,0,20.771965196087564,25.87196519608756,,-2.7271517015753197,0.0
68.0,flow_20.1,1.6,-22.74621190247378,2.763645802877314,5.0580608625745,flow_2012.1,-0.8346853572681077,-0.8346853572681077,-0.8346853572681077,-0.8346853572681077,-0.8346853572681079,0,E#D-X,0,22.153788097526217,27.25378809752622,,-2.763645802877314,0.0
68.5,flow_20.1,1.6,-21.721445235240694,2.0495333344661786,4.033294195341412,flow_2012.1,-1.4282249368222701,-1.4282249368222701,-1.4282249368222701,-1.4282249368222701,-1.4282249368222706,0,E#D-X,0,23.178554764759305,28.278554764759306,,-2.0495333344661786,0.0
69.0,flow_20.1,1.6,-20.957342788124187,1.528204894233005,3.269191748224909,flow_2012.1,-1.042656880466347,-1.042656880466347,-1.042656880466347,-1.042656880466347,-1.042656880466347,0,E#D-X,0,23.94265721187581,29.04265721187581,,-1.528204894233005,0.0
69.5,flow_20.1,1.6,-20.413062162149174,1.0885612519500354,2.7249111222498925,flow_2012.1,-0.8792872845659392,-0.8792872845659392,-0.8792872845659392,-0.8792872845659392,-0.8792872845659394,0,E#D-X,0,24.486937837850824,29.586937837850826,,-1.0885612519500354,0.0
70.0,flow_20.1,1.6,-20.048453307112826,0.7292177100726973,2.3603022672135445,flow_2012.1,-0.7186870837546762,-0.7186870837546762,-0.7186870837546762,-0.7186870837546762,-0.7186870837546762,0,E#D-X,0,24.851546692887176,29.951546692887174,,-0.7292177100726973,0.0
70.5,flow_20.1,1.6,-19.82339239181446,0.4501218305967359,2.1352413519151767,flow_2012.1,-0.5581917589519229,-0.5581917589519229,-0.5581917589519229,-0.5581917589519229,-0.5581917589519229,0,E#D-X,0,25.07660760818554,30.17660760818554,,-0.4501218305967359,0.0
71.0,flow_20.1,1.6,-19.700102873289307,0.24657903705030038,2.0119518333900253,flow_2012.1,-0.407085587092871,-0.407085587092871,-0.407085587092871,-0.407085587092871,-0.407085587092871,0,E#D-X,0,25.199897126710695,30.299897126710693,,-0.24657903705030038,0.0
71.5,flow_20.1,1.6,-19.64544762868244,0.10931048921374337,2.000191371504581,flow_2012.1,-0.274537095673114,-0.274537095673114,-0.274537095673114,-0.274537095673114,-0.274537095673114,0,E#D-X,0,25.254552371317565,30.354552371317563,,-0.023520923770891378,0.0
72.0,flow_20.1,1.6,-19.61909036559094,0.052714526183004595,1.9738341084130795,flow_2012.1,-0.11319192606147754,-0.11319192606147754,-0.11319192606147754,-0.11319192606147754,-0.11319192606147754,0,E#D-X,0,25.280909634409063,30.380909634409065,,-0.052714526183004595,0.5
72.5,flow_20.1,1.6,-19.613412824083227,0.01135508301542032,2.212258998497866,flow_2012.1,-0.08271888633516855,-0.08271888633516855,-0.08271888633516855,-0.08271888633516855,-0.08271888633516855,0,E#D-X,0,25.28658717591677,30.386587175916773,,0.4768497801695732,1.0
73.0,flow_20.1,1.6,-19.563936125819744,0.09895339652696822,2.4639361258197425,flow_2012.1,0.1751966270230958,0.1751966270230958,0.1751966270230958,0.1751966270230958,0.1751966270230958,0,E#D-X,0,25.336063874180255,30.436063874180256,,0.5033542546437535,1.5
73.5,flow_20.1,1.6,-19.442381960267525,0.2431083311044363,2.3423819602675238,flow_2012.1,0.28830986915493617,0.28830986915493617,0.28830986915493617,0.28830986915493617,0.28830986915493617,0,E#D-X,0,25.457618039732473,30.557618039732475,,-0.2431083311044363,0.0
74.0,flow_20.1,1.6,-19.3050446922819,0.27467453597125363,2.2060697587123776,flow_2012.1,0.06313240973363465,0.06313240973363465,0.06313240973363465,0.06313240973363465,0.06313240973363465,0,E#D-X,0,25.594955307718102,30.6949553077181,,-0.27262440311029046,0.0
74.5,flow_20.1,1.6,-19.190690580987397,0.22870822258900708,2.095282074329507,flow_2012.1,-0.0919326267644931,-0.0919326267644931,-0.0919326267644931,-0.0919326267644931,-0.0919326267644931,0,E#D-X,0,25.709309419012605,30.809309419012603,,-0.22157536876574896,0.0
75.0,flow_20.1,1.6,-19.114465558502175,0.15245004497044673,2.031112251949807,flow_2012.1,-0.1525163552371207,-0.1525163552371207,-0.1525163552371207,-0.1525163552371207,-0.1525163552371207,0,E#D-X,0,25.785534441497823,30.885534441497825,,-0.12833964475941048,0.0
75.5,flow_20.1,1.6,-19.071090158341942,0.08675080032046684,2.0247678094957386,flow_2012.1,-0.1313984892999598,-0.1313984892999598,-0.1313984892999598,-0.1313984892999598,-0.1313984892999598,0,E#D-X,0,25.82890984165806,30.928909841658058,,-0.01268888490813544,0.5
76.0,flow_20.1,1.6,-19.04336961723132,0.055441082221244165,2.0752570296757327,flow_2012.1,-0.06261943619844534,-0.06261943619844534,-0.06261943619844534,-0.06261943619844534,-0.06261943619844534,0,E#D-X,0,25.856630382768678,30.95663038276868,,0.1009784403599863,1.0
76.5,flow_20.1,1.6,-19.010352436862966,0.06603436073670588,2.1731439919672724,flow_2012.1,0.021186557030923425,0.021186557030923425,0.021186557030923425,0.021186557030923425,0.021186557030923425,0,E#D-X,0,25.889647563137032,30.989647563137034,,0.19577392458308124,1.5
77.0,flow_20.1,1.6,-18.952145658942186,0.11641355584156204,2.337151130528497,flow_2012.1,0.10075839020971233,0.10075839020971233,0.10075839020971233,0.10075839020971233,0.10075839020971233,0,E#D-X,0,25.947854341057813,31.047854341057814,,0.3280142771224542,0.0
77.5,flow_20.1,1.6,-18.8459363601811,0.21241859752218123,2.654680544565114,flow_2012.1,0.19201008336123837,0.19201008336123837,0.19201008336123837,0.19201008336123837,0.19201008336123837,0,E#D-X,0,26.054063639818906,31.154063639818904,,0.6350588280732306,0.0
78.0,flow_20.1,1.6,-18.65483019781297,0.3822123247362493,2.5891265533686862,flow_2012.1,0.3395874544281361,0.3395874544281361,0.3395874544281361,0.3395874544281361,0.3395874544281361,0,E#D-X,0,26.24516980218703,31.34516980218703,,-0.13110798239285532,0.0
78.5,flow_20.1,1.6,-18.429012989903963,0.45163441581801095,3.1388610402236488,flow_2012.1,0.13884418216352334,0.13884418216352334,0.13884418216352334,0.13884418216352334,0.13884418216352334,0,E#D-X,0,26.47098701009604,31.570987010096037,,1.0994689737099232,0.0
79.0,flow_20.1,1.6,-18.08152989965809,0.6949661804917445,4.2169086286094775,flow_2012.1,0.48666352934746715,0.48666352934746715,0.48666352934746715,0.48666352934746715,0.48666352934746715,0,E#D-X,0,26.818470100341912,31.91847010034191,,2.1560951767716627,0.0
79.5,flow_20.1,1.6,-17.54506107574771,1.0729376478207646,1000.0,,0.75594293465804,0.75594293465804,0.75594293465804,0.75594293465804,0.7559429346580402,0,E#D-X,0,27.354938924252288,32.45493892425229,,-1002.0729376478207,0.0
80.0,flow_20.1,1.6,-16.758592660865226,1.5729368297649748,1000.0,,0.9999983638884203,0.9999983638884203,0.9999983638884203,0.9999983638884203,0.9999983638884204,0,E#D-X,0,28.141407339134773,33.241407339134774,,-1002.572936829765,0.0
80.5,flow_20.1,1.6,-15.722126135279218,2.072933051172015,1000.0,,0.9999924428140802,0.9999924428140802,0.9999924428140802,0.9999924428140802,0.9999924428140803,0,E#D-X,0,29.17787386472078,34.27787386472078,,-1003.072933051172,0.0
81.0,flow_20.1,1.6,-14.43566530865958,2.572921653239279,1000.0,,0.9999772041345285,0.9999772041345285,0.9999772041345285,0.9999772041345285,0.9999772041345283,0,E#D-X,0,30.46433469134042,35.56433469134042,,-1003.5729216532393,0.0
81.5,flow_20.1,1.6,-12.899218007786253,3.0728946017466594,1000.0,,0.9999458970147608,0.9999458970147608,0.9999458970147608,0.9999458970147608,0.9999458970147606,0,E#D-X,0,32.000781992213746,37.10078199221375,,-1004.0728946017466,0.0
82.0,flow_20.1,1.6,-11.11279822673665,3.5728395620992046,1000.0,,0.9998899207050909,0.9998899207050909,0.9998899207050909,0.9998899207050909,0.9998899207050904,0,:X_7,0,33.78720177326335,0.8872017732633495,,-1004.5728395620993,0.0
82.5,flow_20.1,1.6,-8.680612292214722,4.8643718690438575,1000.0,,,,,,2.583064613889306,0,:X_7,0,36.21938770778527,3.3193877077852783,,-1005.8643718690439,0.0
83.0,flow_20.1,1.6,-5.611460537638182,6.13830350915308,1000.0,,,,,,2.5478632802184453,0,:X_7,0,39.28853946236182,6.388539462361818,,-1007.138303509153,0.0
83.5,flow_20.1,1.6,-1.9232813109437892,7.376358453388785,1000.0,,,,,,2.4761098884714094,0,:X_7,0,42.97671868905621,10.07671868905621,,-1008.3763584533888,0.0
84.0,flow_20.1,1.6,2.353130775419544,8.552824172726666,1000.0,,,,,,2.3529314386757623,0,:X_7,0,47.25313077541954,14.353130775419544,,-1009.5528241727267,0.0
84.5,flow_20.1,1.6,7.171650214776022,9.637038878712955,1000.0,,,,,,2.1684294119725784,0,:X_7,0,52.07165021477602,19.171650214776022,,-1010.6370388787129,0.0
85.0,flow_20.1,1.6,12.47105569969613,10.598810969840217,1000.0,,,,,,1.923544182254524,0,E#X-T,0,57.37105569969613,0.47105569969613015,,-1011.5988109698402,0.0
85.5,flow_20.1,1.6,18.01656639883313,11.091021398274,1000.0,,0.9844208568675653,0.9844208568675653,0.9844208568675653,0.9844208568675653,0.9844208568675654,0,E#X-T,0,62.916566398833126,6.01656639883313,,-1012.091021398274,0.0
86.0,flow_20.1,1.6,23.807406836856767,11.581680876047272,1000.0,,0.9813189555465441,0.9813189555465441,0.9813189555465441,0.9813189555465441,0.9813189555465449,0,E#X-T,0,68.70740683685676,11.807406836856767,,-1012.5816808760472,0.0
86.5,flow_20.1,1.6,29.842694099797736,12.07057452588194,1000.0,,0.9777872996693338,0.9777872996693338,0.9777872996693338,0.9777872996693338,0.977787299669334,0,E#X-T,0,74.74269409979773,17.842694099797736,,-1013.070574525882,0.0
87.0,flow_20.1,1.6,36.121429470331215,12.557470741066961,1000.0,,0.9737924303700426,0.9737924303700426,0.9737924303700426,0.9737924303700426,0.9737924303700431,0,E#X-T,0,81.02142947033121,24.121429470331215,,-1013.5574707410669,0.0
87.5,flow_20.1,1.6,42.596427384690855,12.949995828719278,1000.0,,0.9693010387380752,0.9693010387380752,0.9693010387380752,0.9693010387380752,0.7850501753046331,0,E#X-T,0,87.49642738469086,30.596427384690855,,-1013.9499958287192,0.0
88.0,flow_20.1,1.6,49.213362917668086,13.233871065954457,1000.0,,0.9652788984316103,0.9652788984316103,0.9652788984316103,0.9652788984316103,0.5677504744703583,0,E#X-T,0,94.11336291766808,37.213362917668086,,-1014.2338710659544,0.0
60.5,flow_30.1,-44.9,-1.6,0.0,5.224723819607988,flow_3012.1,,,,,0,0,E#L-X,0,0.0,5.1,,4.214745250056847,0.0
61.0,flow_30.1,-44.68663307061156,-1.6,0.4267338587768652,7.356882738158828,flow_3012.1,0.8534677175537304,0.8534677175537304,0.8534677175537304,0.8534677175537304,0.8534677175537304,0,E#L-X,0,0.2133669293884326,5.313366929388432,,4.264317837101684,0.0
61.5,flow_30.1,-44.24174233774124,-1.6,0.8897814657406502,9.488808130604475,flow_3012.1,0.9260952139275701,0.9260952139275701,0.9260952139275701,0.9260952139275701,0.92609521392757,0,E#L-X,0,0.6582576622587579,5.758257662258758,,4.263850784891295,0.0
62.0,flow_30.1,-43.557958284238595,-1.6,1.3675681070052943,11.63162247722153,flow_3012.1,0.9555732825292881,0.9555732825292881,0.9555732825292881,0.9555732825292881,0.9555732825292882,0,E#L-X,0,1.3420417157614049,6.4420417157614045,,4.285628693234113,0.0
62.5,flow_30.1,-42.63156658603776,-1.6,1.8527833964016682,13.781513946334497,flow_3012.1,0.970430578792748,0.970430578792748,0.970430578792748,0.970430578792748,0.9704305787927479,0,E#L-X,0,2.2684334139622386,7.368433413962238,,4.299782938225933,0.0
63.0,flow_30.1,-41.46044361907968,-1.6,2.3422459339161614,15.680842718214683,flow_3012.1,0.9789250750289865,0.9789250750289865,0.9789250750289865,0.9789250750289865,0.9789250750289864,0,E#L-X,0,3.439556380920319,8.539556380920319,,3.798657543760368,0.0
63.5,flow_30.1,-40.04339682000689,-1.6,2.8340935981455866,16.9081037595898,flow_3012.1,0.9836953284588503,0.9836953284588503,0.9836953284588503,0.9836953284588503,0.9836953284588503,0,E#L-X,0,4.856603179993112,9.956603179993111,,2.4545220827502394,0.0
64.0,flow_30.1,-38.37986785535791,-1.6,3.327057929297955,17.24087949756959,flow_3012.1,0.9859286623047363,0.9859286623047363,0.9859286623047363,0.9859286623047363,0.9859286623047367,0,E#L-X,0,6.520132144642089,11.620132144642088,,0.6655514759595724,0.0
64.5,flow_30.1,-36.48283054835555,-1.6,3.7940746140047237,16.743416301231797,flow_3012.1,0.9340333694135371,0.9340333694135371,0.9340333694135371,0.9340333694135371,0.9340333694135374,0,E#L-X,0,8.417169451644451,13.51716945164445,,-0.9949263926755867,0.0
65.0,flow_30.1,-34.383838134072136,-1.6,4.197984828566826,15.578999598930224,flow_3012.1,0.8078204291242046,0.8078204291242046,0.8078204291242046,0.8078204291242046,0.8078204291242042,0,E#L-X,0,10.516161865927865,15.616161865927864,,-2.328833404603147,0.0
65.5,flow_30.1,-32.14188150439006,-1.6,4.48391325936415,13.929885567789693,flow_3012.1,0.5718568615946488,0.5718568615946488,0.5718568615946488,0.5718568615946488,0.5718568615946484,0,E#L-X,0,12.75811849560994,17.85811849560994,,-3.298228062281061,0.0
66.0,flow_30.1,-29.85205204374669,-1.6,4.579658921286742,11.962567939430002,flow_3012.1,0.19149132384518452,0.19149132384518452,0.19149132384518452,0.19149132384518452,0.19149132384518452,0,E#L-X,0,15.047947956253312,20.14794795625331,,-3.934635256719381,0.0
66.5,flow_30.1,-27.651645635587453,-1.6,4.40081281631846,10.31775015816389,flow_3012.1,-0.35769220993656436,-0.35769220993656436,-0.35769220993656436,-0.35769220993656436,-0.35769220993656425,0,E#L-X,0,17.248354364412542,22.348354364412543,,-3.289635562532224,0.0
67.0,flow_30.1,-25.55728149814141,-1.6,4.188728274892093,9.01920111491133,flow_3012.1,-0.424169082852733,-0.424169082852733,-0.424169082852733,-0.424169082852733,-0.4241690828527336,0,E#L-X,0,19.34271850185859,24.44271850185859,,-2.5970980865051194,0.0
67.5,flow_30.1,-23.560276570433697,-1.6,3.9940098554154275,8.456774030974156,flow_3012.1,-0.3894368389533317,-0.3894368389533317,-0.3894368389533317,-0.3894368389533317,-0.3894368389533316,0,E#L-X,0,21.339723429566305,26.439723429566303,,-1.1248541678743496,0.0
68.0,flow_30.1,-21.52756402343485,-1.6,4.065425093997691,8.46655901693956,flow_3012.1,0.14283047716452646,0.14283047716452646,0.14283047716452646,0.14283047716452646,0.14283047716452657,0,E#L-X,0,23.37243597656515,28.472435976565148,,0.019569971930806673,0.0
68.5,flow_30.1,-19.371871791315257,-1.6,4.3113844642391905,1000.0,,0.49191874048299933,0.49191874048299933,0.49191874048299933,0.49191874048299933,0.49191874048299944,0,E#L-X,0,25.52812820868474,30.628128208684743,,-1005.3113844642392,0.0
69.0,flow_30.1,-17.17249889468801,-1.6,4.398745793254497,1000.0,,0.9995734381700235,0.9995734381700235,0.9995734381700235,0.9995734381700235,0.17472265803061227,0,E#L-X,0,27.727501105311987,32.82750110531199,,-1005.3987457932545,0.0
69.5,flow_30.1,-15.450700667168121,-1.6,3.4435964550397786,1000.0,,0.9995377994700008,0.9995377994700008,0.9995377994700008,0.9995377994700008,-1.910298676429436,0,E#L-X,0,29.449299332831878,34.54929933283188,,-1004.4435964550398,0.0
70.0,flow_30.1,-13.478945841074143,-1.6,3.9435096521879562,1000.0,,0.9998263942963553,0.9998263942963553,0.9998263942963553,0.9998263942963553,0.9998263942963552,0,E#L-X,0,31.421054158925855,36.52105415892586,,-1004.9435096521879,0.0
70.5,flow_30.1,-11.25726565755675,-1.6,4.443360367034789,1000.0,,0.9997014296936663,0.9997014296936663,0.9997014296936663,0.9997014296936663,0.9997014296936664,0,:X_10,0,33.64273434244325,0.7427343424432493,,-1005.4433603670348,0.0
71.0,flow_30.1,-8.393213073596158,-1.6,5.728105167921185,1000.0,,,,,,2.5694896017727906,0,:X_10,0,36.50678692640384,3.6067869264038417,,-1006.7281051679212,0.0
71.5,flow_30.1,-4.898703135323948,-1.6,6.989019876544421,1000.0,,,,,,2.5218294172464724,0,:X_10,0,40.00129686467605,7.101296864676052,,-1007.9890198765444,0.0
72.0,flow_30.1,-0.7954342871263549,-1.6,8.206537696395184,1000.0,,,,,,2.4350356397015265,0,:X_10,0,44.104565712873644,11.204565712873645,,-1009.2065376963952,0.0
72.5,flow_30.1,3.882203942258954,-1.6,9.355276458770618,1000.0,,,,,,2.2974775247508674,0,:X_10,0,48.78220394225895,15.882203942258954,,-1010.3552764587706,0.0
73.0,flow_30.1,9.08572029592046,-1.6,10.407032707323015,1000.0,,,,,,2.103512497104795,0,:X_10,0,53.98572029592046,21.08572029592046,,-1011.407032707323,0.0
73.5,flow_30.1,14.753664955623321,-1.6,11.335889319405725,1000.0,,,,,,1.857713224165419,0,E#X-R,0,59.65366495562332,2.7536649556233215,,-1012.3358893194057,0.0
74.0,flow_30.1,20.666513052555263,-1.6,11.825696193863884,1000.0,,0.9796137489163173,0.9796137489163173,0.9796137489163173,0.9796137489163173,0.9796137489163179,0,E#X-R,0,65.56651305255527,8.666513052555263,,-1012.8256961938639,0.0
74.5,flow_30.1,26.823324973958563,-1.6,12.313623842806598,1000.0,,0.9758552978854281,0.9758552978854281,0.9758552978854281,0.9758552978854281,0.9758552978854276,0,E#X-R,0,71.72332497395857,14.823324973958563,,-1013.3136238428066,0.0
75.0,flow_30.1,33.22304114185964,-1.6,12.799432335802145,1000.0,,0.9716169859910954,0.9716169859910954,0.9716169859910954,0.9716169859910954,0.9716169859910941,0,E#X-R,0,78.12304114185963,21.223041141859635,,-1013.7994323358022,0.0
75.5,flow_30.1,39.864473734450726,-1.6,13.282865185182184,1000.0,,0.9668656987600783,0.9668656987600783,0.9668656987600783,0.9668656987600783,0.9668656987600777,0,E#X-R,0,84.76447373445072,27.864473734450726,,-1014.2828651851822,0.0
76.0,flow_30.1,46.69390329240612,-1.6,13.658859115910793,1000.0,,0.9615689685845051,0.9615689685845051,0.9615689685845051,0.9615689685845051,0.75198786145722,0,E#X-R,0,91.59390329240611,34.69390329240612,,-1014.6588591159108,0.0
103.5,flow_00.2,-1.6,44.9,0.0,1000.0,,,,,,0,0,E#T-X,0,0.0,5.1,,-1001.0,0.0
104.0,flow_00.2,-1.6,44.65,0.5,1000.0,,1.0,1.0,1.0,1.0,1.0,0,E#T-X,0,0.25,5.35,,-1001.5,0.0
104.5,flow_00.2,-1.6,44.150000019290125,0.9999999614197531,1000.0,,0.9999999228395062,0.9999999228395062,0.9999999228395062,0.9999999228395062,0.9999999228395062,0,E#T-X,0,0.7499999807098767,5.849999980709876,,-1001.9999999614198,0.0
105.0,flow_00.2,-1.6,43.400000347222175,1.4999993441358979,1000.0,,0.9999987654322893,0.9999987654322893,0.9999987654322893,0.9999987654322893,0.9999987654322895,0,E#T-X,0,1.4999996527778254,6.599999652777825,,-1002.4999993441359,0.0
105.5,flow_00.2,-1.6,42.40000223765149,1.9999962191413634,1000.0,,0.999993750010931,0.999993750010931,0.999993750010931,0.999993750010931,0.999993750010931,0,E#T-X,0,2.4999977623485075,7.599997762348507,,-1002.9999962191414,0.0
106.0,flow_00.2,-1.6,41.15000906631508,2.499986342672837,1000.0,,0.9999802470629471,0.9999802470629471,0.9999802470629471,0.9999802470629471,0.9999802470629473,0,E#T-X,0,3.7499909336849253,8.849990933684925,,-1003.4999863426729,0.0
106.5,flow_00.2,-1.6,39.65002795104237,2.9999622305454148,1000.0,,0.9999517757451555,0.9999517757451555,0.9999517757451555,0.9999517757451555,0.9999517757451555,0,E#T-X,0,5.249972048957632,10.349972048957632,,-1003.9999622305454,0.0
107.0,flow_00.2,-1.6,37.900071834510705,3.499912233063331,1000.0,,0.9999000050358322,0.9999000050358322,0.9999000050358322,0.9999000050358322,0.9999000050358324,0,E#T-X,0,6.9999281654892975,12.099928165489297,flow_001.2,-1004.4999122330634,0.0
107.5,flow_00.2,-1.6,35.900162028919944,3.9998196111815183,1000.0,,0.9998147562363746,0.9998147562363746,0.9998147562363746,0.9998147562363746,0.9998147562363746,0,E#T-X,0,8.999837971080057,14.099837971080056,flow_001.2,-1004.9998196111815,0.0
108.0,flow_00.2,-1.6,33.65033122142289,4.499661614994119,1000.0,,0.9996840076252022,0.9996840076252022,0.9996840076252022,0.9996840076252022,0.999684007625202,0,E#T-X,0,11.249668778577115,16.349668778577115,flow_001.2,-1005.4996616149941,0.0
108.5,flow_00.2,-1.6,31.150626938361807,4.999408566122158,1000.0,,0.9994939022560778,0.9994939022560778,0.9994939022560778,0.9994939022560778,0.9994939022560771,0,E#T-X,0,13.749373061638194,18.849373061638193,flow_001.2,-1005.9994085661222,0.0
109.0,flow_00.2,-1.6,28.401115465280828,5.499022946161957,1000.0,,0.9992287600795975,0.9992287600795975,0.9992287600795975,0.9992287600795975,0.9992287600795979,0,E#T-X,0,16.498884534719174,21.598884534719172,flow_001.2,-1006.499022946162,0.0
109.5,flow_00.2,-1.6,25.40188621826279,5.9984584940360826,1000.0,,0.9988710957482514,0.9988710957482514,0.9988710957482514,0.9988710957482514,0.9988710957482514,0,E#T-X,0,19.49811378173721,24.59811378173721,flow_001.2,-1006.9984584940361,0.0
110.0,flow_00.2,-1.6,22.236116133707846,6.331540169109883,1000.0,,0.9984016436394725,0.9984016436394725,0.9984016436394725,0.9984016436394725,0.6661633501476008,0,E#T-X,0,22.663883866292153,27.763883866292154,flow_001.2,-1007.3315401691099,0.0
110.5,flow_00.2,-1.6,19.319431459151637,5.833369349112413,1000.0,,0.9980159507558449,0.9980159507558449,0.9980159507558449,0.9980159507558449,-0.9963416399949399,0,E#T-X,0,25.58056854084836,30.680568540848363,flow_001.2,-1006.8333693491124,0.0
111.0,flow_00.2,-1.6,17.00334128386403,4.632180350575213,1000.0,,0.9985704712881232,0.9985704712881232,0.9985704712881232,0.9985704712881232,-2.4023779970743995,0,E#T-X,0,27.896658716135967,32.99665871613597,flow_001.2,-1005.6321803505753,0.0
111.5,flow_00.2,-1.6,15.335585929562825,3.3355107086024107,5.705601665605993,flow_301.2,0.9994315963984356,0.9994315963984356,0.9994315963984356,0.9994315963984356,-2.593339283945605,0,E#T-X,0,29.564414070437174,34.664414070437175,flow_001.2,3.7486712913975895,0.0
112.0,flow_00.2,-1.6,13.448587073630847,3.7739977118639625,7.360693809674016,flow_301.2,0.8769740065231039,0.8769740065231039,0.8769740065231039,0.8769740065231039,0.8769740065231035,0,E#T-X,0,31.45141292636915,36.55141292636915,flow_001.2,3.3101842881360377,0.0
112.5,flow_00.2,-1.6,11.330107889049756,4.236958369162179,8.784305625092925,flow_301.2,0.9259213145964316,0.9259213145964316,0.9259213145964316,0.9259213145964316,0.9259213145964322,0,:X_1,0,33.56989211095024,0.6698921109502436,flow_001.2,2.8472236308378216,0.0
113.0,flow_00.2,-1.6,8.639021534045028,5.382172710009456,9.635310270088198,flow_301.2,,,,,2.2904286816945554,0,:X_1,0,36.26097846595497,3.3609784659549717,flow_001.2,1.702009289990544,0.0
113.5,flow_00.2,-1.6,5.444431038816257,6.389180990457542,9.982199984357742,flow_301.2,,,,,2.014016560896172,0,:X_1,0,39.455568961183744,6.555568961183743,flow_001.2,0.6950010095424579,0.0
114.0,flow_00.2,-1.6,1.85106370524551,7.1867346671414944,9.930923650786996,flow_301.2,,,,,1.5951073533679043,0,:X_1,0,43.04893629475449,10.14893629475449,flow_001.2,-0.10255266714149425,0.0
114.5,flow_00.2,-1.6,-2.0061657724101174,7.7144589553112555,9.865007828093987,flow_301.2,,,,,1.055448576339522,0,:X_1,0,46.90616577241012,14.006165772410117,flow_001.2,-0.1318316453860211,0.0
115.0,flow_00.2,-1.6,-6.0668048306492075,8.121278116478182,9.844662110848347,flow_301.2,,,,,0.813638322333853,0,:X_1,0,50.96680483064921,18.066804830649208,flow_001.2,-0.04069143449128099,0.0
115.5,flow_00.2,-1.6,-10.296150616180604,8.45869157106279,9.904293755170924,flow_301.2,,,,,0.6748269091692158,0,:X_1,0,55.1961506161806,22.296150616180604,flow_001.2,0.11926328864515767,0.0
116.0,flow_00.2,-1.6,-14.680168600582071,8.768035968802934,10.05758214842627,flow_301.2,,,,,0.6186887954802884,0,E#X-D,0,59.58016860058207,2.6801686005820713,flow_001.2,0.30657678651069276,0.0
116.5,flow_00.2,-1.6,-19.081229037565507,8.80212087396687,10.441735097935545,flow_301.2,0.06816981032787495,0.06816981032787495,0.06816981032787495,0.06816981032787495,0.06816981032787339,0,E#X-D,0,63.981229037565505,7.081229037565507,flow_001.2,0.7683058990185518,0.0
117.0,flow_00.2,-1.6,-23.582170648833088,9.001883222535163,10.97341758605614,flow_301.2,0.3995246971365839,0.3995246971365839,0.3995246971365839,0.3995246971365839,0.39952469713658445,0,E#X-D,0,68.48217064883309,11.582170648833088,flow_001.2,1.063364976241191,0.0
117.5,flow_00.2,-1.6,-28.226603874265656,9.288866450865136,11.608440695097855,flow_301.2,0.5739664566599443,0.5739664566599443,0.5739664566599443,0.5739664566599443,0.5739664566599458,0,E#X-D,0,73.12660387426565,16.226603874265656,flow_001.2,1.270046218083431,0.0
118.0,flow_00.2,-1.6,-33.041015259502444,9.628822770473585,1000.0,,0.6799126392168978,0.6799126392168978,0.6799126392168978,0.6799126392168978,0.6799126392168979,0,E#X-D,0,77.94101525950245,21.041015259502448,,-1010.6288227704736,0.0
118.5,flow_00.2,-1.6,-38.10277358052211,10.123516642039343,1000.0,,0.9893877431315151,0.9893877431315151,0.9893877431315151,0.9893877431315151,0.9893877431315161,0,E#X-D,0,83.00277358052212,26.10277358052212,,-1011.1235166420394,0.0
119.0,flow_00.2,-1.6,-43.41129014351895,10.61703312599366,1000.0,,0.987032967908631,0.987032967908631,0.987032967908631,0.987032967908631,0.9870329679086325,0,E#X-D,0,88.31129014351895,31.411290143518947,,-1011.6170331259937,0.0
119.5,flow_00.2,-1.6,-48.9658850669157,11.109189846793509,1000.0,,0.984313441599698,0.984313441599698,0.984313441599698,0.984313441599698,0.9843134415996992,0,E#X-D,0,93.8658850669157,36.9658850669157,,-1012.1091898467935,0.0
103.5,flow_10.2,44.9,1.6,0.0,1000.0,,,,,,0,0,E#R-X,0,0.0,5.1,,-1001.0,0.0
104.0,flow_10.2,44.65,1.6,0.5,1000.0,,1.0,1.0,1.0,1.0,1.0,0,E#R-X,0,0.25,5.35,,-1001.5,0.0
104.5,flow_10.2,44.150000019290125,1.6,0.9999999614197531,1000.0,,0.9999999228395062,0.9999999228395062,0.9999999228395062,0.9999999228395062,0.9999999228395062,0,E#R-X,0,0.7499999807098767,5.849999980709876,,-1001.9999999614198,0.0
105.0,flow_10.2,43.400000347222175,1.6,1.4999993441358979,1000.0,,0.9999987654322893,0.9999987654322893,0.9999987654322893,0.9999987654322893,0.9999987654322895,0,E#R-X,0,1.4999996527778254,6.599999652777825,,-1002.4999993441359,0.0
105.5,flow_10.2,42.40000223765149,1.6,1.9999962191413634,1000.0,,0.999993750010931,0.999993750010931,0.999993750010931,0.999993750010931,0.999993750010931,0,E#R-X,0,2.4999977623485075,7.599997762348507,,-1002.9999962191414,0.0
106.0,flow_10.2,41.15000906631508,1.6,2.499986342672837,1000.0,,0.9999802470629471,0.9999802470629471,0.9999802470629471,0.9999802470629471,0.9999802470629473,0,E#R-X,0,3.7499909336849253,8.849990933684925,,-1003.4999863426729,0.0
106.5,flow_10.2,39.65002795104237,1.6,2.9999622305454148,1000.0,,0.9999517757451555,0.9999517757451555,0.9999517757451555,0.9999517757451555,0.9999517757451555,0,E#R-X,0,5.249972048957632,10.349972048957632,,-1003.9999622305454,0.0
107.0,flow_10.2,37.900071834510705,1.6,3.499912233063331,1000.0,,0.9999000050358322,0.9999000050358322,0.9999000050358322,0.9999000050358322,0.9999000050358324,0,E#R-X,0,6.9999281654892975,12.099928165489297,flow_101.2,-1004.4999122330634,0.0
107.5,flow_10.2,35.900162028919944,1.6,3.9998196111815183,1000.0,,0.9998147562363746,0.9998147562363746,0.9998147562363746,0.9998147562363746,0.9998147562363746,0,E#R-X,0,8.999837971080057,14.099837971080056,flow_101.2,-1004.9998196111815,0.0
108.0,flow_10.2,33.65033122142289,1.6,4.499661614994119,1000.0,,0.9996840076252022,0.9996840076252022,0.9996840076252022,0.9996840076252022,0.999684007625202,0,E#R-X,0,11.249668778577115,16.349668778577115,flow_101.2,-1005.4996616149941,0.0
108.5,flow_10.2,31.150626938361807,1.6,4.999408566122158,1000.0,,0.9994939022560778,0.9994939022560778,0.9994939022560778,0.9994939022560778,0.9994939022560771,0,E#R-X,0,13.749373061638194,18.849373061638193,flow_101.2,-1005.9994085661222,0.0
109.0,flow_10.2,28.401115465280828,1.6,5.499022946161957,1000.0,,0.9992287600795975,0.9992287600795975,0.9992287600795975,0.9992287600795975,0.9992287600795979,0,E#R-X,0,16.498884534719174,21.598884534719172,flow_101.2,-1006.499022946162,0.0
109.5,flow_10.2,25.40188621826279,1.6,5.9984584940360826,1000.0,,0.9988710957482514,0.9988710957482514,0.9988710957482514,0.9988710957482514,0.9988710957482514,0,E#R-X,0,19.49811378173721,24.59811378173721,flow_101.2,-1006.9984584940361,0.0
110.0,flow_10.2,22.22796659625328,1.6,6.347839244019011,1000.0,,0.9984016436394725,0.9984016436394725,0.9984016436394725,0.9984016436394725,0.6987614999658565,0,E#R-X,0,22.672033403746717,27.77203340374672,flow_101.2,-1007.347839244019,0.0
110.5,flow_10.2,19.30294883320558,1.6,5.850035526095405,1000.0,,0.9979954418424115,0.9979954418424115,0.9979954418424115,0.9979954418424115,-0.9956074358472122,0,E#R-X,0,25.597051166794422,30.69705116679442,flow_101.2,-1006.8500355260954,0.0
111.0,flow_10.2,16.9872556802434,1.6,4.631386305924362,1000.0,,0.9985540642518058,0.9985540642518058,0.9985540642518058,0.9985540642518058,-2.4372984403420848,0,E#R-X,0,27.912744319756598,33.0127443197566,flow_101.2,-1005.6313863059244,0.0
111.5,flow_10.2,15.32378959983992,1.6,3.3269321608069666,1000.0,,0.9994319860393965,0.9994319860393965,0.9994319860393965,0.9994319860393965,-2.6089082902347913,0,E#R-X,0,29.57621040016008,34.67621040016008,flow_101.2,-1004.326932160807,0.0
112.0,flow_10.2,14.189724682877916,1.6,2.2681298339240077,1000.0,,0.999848751609334,0.999848751609334,0.999848751609334,0.999848751609334,-2.117604653765918,0,E#R-X,0,30.710275317122083,35.810275317122084,flow_101.2,-1003.268129833924,0.0
112.5,flow_10.2,13.451478781366085,1.6,1.4764918030236684,1000.0,,0.9999673271795881,0.9999673271795881,0.9999673271795881,0.9999673271795881,-1.5832760618006785,0,E#R-X,0,31.448521218633914,36.548521218633915,flow_101.2,-1002.4764918030237,0.0
113.0,flow_10.2,12.515283406289882,1.6,1.8723907501524106,1000.0,,0.9999941326885502,0.9999941326885502,0.9999941326885502,0.9999941326885502,0.7917978942574844,0,E#R-X,0,32.38471659371012,37.48471659371012,flow_101.2,-1002.8723907501524,0.0
113.5,flow_10.2,11.329091824721097,1.6,2.3723831631375725,1000.0,,0.9999848259703239,0.9999848259703239,0.9999848259703239,0.9999848259703239,0.9999848259703237,0,:X_4,0,33.5709081752789,0.6709081752789032,flow_001.2,-1003.3723831631376,0.0
114.0,flow_10.2,9.56257914167534,1.6,3.533025366091516,1000.0,,,,,,2.321284405907887,0,:X_4,0,35.33742085832466,2.4374208583246615,flow_001.2,-1004.5330253660915,0.0
114.5,flow_10.2,7.4112638874080075,1.6,4.302630508534662,1000.0,,,,,,1.539210284886292,0,:X_4,0,37.488736112591994,4.5887361125919925,flow_001.2,-1005.3026305085347,0.0
115.0,flow_10.2,4.8154156001995485,1.6,5.191696574416917,1000.0,,,,,,1.7781321317645098,0,:X_4,0,40.08458439980045,7.1845843998004515,flow_001.2,-1006.1916965744169,0.0
115.5,flow_10.2,1.5811478437937634,1.6,6.46853551281157,1000.0,,,,,,2.5536778767893065,0,:X_4,0,43.31885215620623,10.418852156206237,flow_2012.2,-1007.4685355128115,0.0
116.0,flow_10.2,-2.2767639042458185,1.6,7.715823496079163,1000.0,,,,,,2.4945759665351854,0,:X_4,0,47.17676390424582,14.276763904245819,flow_2012.2,-1008.7158234960791,0.0
116.5,flow_10.2,-6.733402444397768,1.6,8.9132770803039,1000.0,,,,,,2.394907168449473,0,:X_4,0,51.63340244439777,18.73340244439777,flow_2012.2,-1009.9132770803039,0.0
117.0,flow_10.2,-11.751476578445171,1.6,10.03614826809481,1000.0,,,,,,2.2457423755818198,0,:X_4,0,56.65147657844517,23.75147657844517,flow_2012.2,-1011.0361482680948,0.0
117.5,flow_10.2,-17.280706877975096,1.6,11.058460599059847,1000.0,,,,,,2.044624661930076,0,E#X-L,0,62.1807068779751,5.280706877975096,flow_001.2,-1012.0584605990598,0.0
118.0,flow_10.2,-23.055321518788972,1.6,11.549229281627753,1000.0,,0.9815373651358125,0.9815373651358125,0.9815373651358125,0.9815373651358125,0.9815373651358108,0,E#X-L,0,67.95532151878896,11.055321518788972,flow_001.2,-1012.5492292816277,0.0
118.5,flow_10.2,-29.074444962876406,1.6,12.038246888174866,1000.0,,0.9780352130942257,0.9780352130942257,0.9780352130942257,0.9780352130942257,0.9780352130942269,0,E#X-L,0,73.9744449628764,17.074444962876406,flow_001.2,-1013.0382468881749,0.0
119.0,flow_10.2,-35.337086422686355,1.6,12.52528291961989,1000.0,,0.9740720628900483,0.9740720628900483,0.9740720628900483,0.9740720628900483,0.9740720628900483,0,E#X-L,0,80.23708642268635,23.33708642268635,flow_001.2,-1013.5252829196199,0.0
119.5,flow_10.2,-41.84213152898012,1.6,13.010090212587537,1000.0,,0.9696145859352938,0.9696145859352938,0.9696145859352938,0.9696145859352938,0.9696145859352931,0,E#X-L,0,86.74213152898011,29.84213152898012,flow_001.2,-1014.0100902125876,0.0
120.0,flow_10.2,-48.588334111792584,1.6,13.492405165624936,1000.0,,0.9646299060747985,0.9646299060747985,0.9646299060747985,0.9646299060747985,0.9646299060747978,0,E#X-L,0,93.48833411179258,36.588334111792584,flow_001.2,-1014.492405165625,0.0
103.5,flow_201.2,1.6,-44.9,0.0,1000.0,,,,,,0,0,E#D-X,0,0.0,5.1,,-1001.0,0.0
104.0,flow_201.2,1.6,-44.65,0.5,1000.0,,1.0,1.0,1.0,1.0,1.0,0,E#D-X,0,0.25,5.35,,-1001.5,0.0
104.5,flow_201.2,1.6,-44.150000019290125,0.9999999614197531,1000.0,,0.9999999228395062,0.9999999228395062,0.9999999228395062,0.9999999228395062,0.9999999228395062,0,E#D-X,0,0.7499999807098767,5.849999980709876,,-1001.9999999614198,0.0
105.0,flow_201.2,1.6,-43.400000347222175,1.4999993441358979,1000.0,,0.9999987654322893,0.9999987654322893,0.9999987654322893,0.9999987654322893,0.9999987654322895,0,E#D-X,0,1.4999996527778254,6.599999652777825,,-1002.4999993441359,0.0
105.5,flow_201.2,1.6,-42.40000223765149,1.9999962191413634,1000.0,,0.999993750010931,0.999993750010931,0.999993750010931,0.999993750010931,0.999993750010931,0,E#D-X,0,2.4999977623485075,7.599997762348507,,-1002.9999962191414,0.0
106.0,flow_201.2,1.6,-41.15000906631508,2.499986342672837,1000.0,,0.9999802470629471,0.9999802470629471,0.9999802470629471,0.9999802470629471,0.9999802470629473,0,E#D-X,0,3.7499909336849253,8.849990933684925,,-1003.4999863426729,0.0
106.5,flow_201.2,1.6,-39.65002795104237,2.9999622305454148,1000.0,,0.9999517757451555,0.9999517757451555,0.9999517757451555,0.9999517757451555,0.9999517757451555,0,E#D-X,0,5.249972048957632,10.349972048957632,,-1003.9999622305454,0.0
107.0,flow_201.2,1.6,-37.900071834510705,3.499912233063331,1000.0,,0.9999000050358322,0.9999000050358322,0.9999000050358322,0.9999000050358322,0.9999000050358324,0,E#D-X,0,6.9999281654892975,12.099928165489297,flow_2012.2,-1004.4999122330634,0.0
107.5,flow_201.2,1.6,-35.900162028919944,3.9998196111815183,1000.0,,0.9998147562363746,0.9998147562363746,0.9998147562363746,0.9998147562363746,0.9998147562363746,0,E#D-X,0,8.999837971080057,14.099837971080056,flow_2012.2,-1004.9998196111815,0.0
108.0,flow_201.2,1.6,-33.65033122142289,4.499661614994119,1000.0,,0.9996840076252022,0.9996840076252022,0.9996840076252022,0.9996840076252022,0.999684007625202,0,E#D-X,0,11.249668778577115,16.349668778577115,flow_2012.2,-1005.4996616149941,0.0
108.5,flow_201.2,1.6,-31.150626938361807,4.999408566122158,1000.0,,0.9994939022560778,0.9994939022560778,0.9994939022560778,0.9994939022560778,0.9994939022560771,0,E#D-X,0,13.749373061638194,18.849373061638193,flow_2012.2,-1005.9994085661222,0.0
109.0,flow_201.2,1.6,-28.401115465280828,5.499022946161957,1000.0,,0.9992287600795975,0.9992287600795975,0.9992287600795975,0.9992287600795975,0.9992287600795979,0,E#D-X,0,16.498884534719174,21.598884534719172,flow_2012.2,-1006.499022946162,0.0
109.5,flow_201.2,1.6,-25.40188621826279,5.9984584940360826,1000.0,,0.9988710957482514,0.9988710957482514,0.9988710957482514,0.9988710957482514,0.9988710957482514,0,E#D-X,0,19.49811378173721,24.59811378173721,flow_2012.2,-1006.9984584940361,0.0
110.0,flow_201.2,1.6,-22.25848423462753,6.286803967270512,1000.0,,0.9984016436394725,0.9984016436394725,0.9984016436394725,0.9984016436394725,0.5766909464688581,0,E#D-X,0,22.641515765372468,27.74151576537247,flow_2012.2,-1007.2868039672705,0.0
110.5,flow_201.2,1.6,-19.356105725377745,5.804757018499573,1000.0,,0.9980714333368947,0.9980714333368947,0.9980714333368947,0.9980714333368947,-0.9640938975418774,0,E#D-X,0,25.543894274622254,30.643894274622255,flow_2012.2,-1006.8047570184996,0.0
111.0,flow_201.2,1.6,-16.8585109600208,4.9951895307138825,1000.0,,0.998598312622772,0.998598312622772,0.998598312622772,0.998598312622772,-1.6191349755713809,0,E#D-X,0,28.041489039979197,33.1414890399792,flow_2012.2,-1005.9951895307139,0.0
111.5,flow_201.2,1.6,-14.259393460020803,5.1982349999999995,1000.0,,0.9992313602046625,0.9992313602046625,0.9992313602046625,0.9992313602046625,0.406090938572234,0,E#D-X,0,30.640606539979196,35.7406065399792,flow_2012.2,-1006.198235,0.0
112.0,flow_201.2,1.625406097652987,-11.66125203129351,5.1982349999999995,1000.0,,0.9990985562804694,0.9990985562804694,0.9990985562804694,0.9990985562804694,0.0,0,:X_6,0,33.239724039979194,0.3397240399791954,flow_2012.2,-1006.198235,0.0
112.5,flow_201.2,1.8197798400017204,-9.069602133310394,5.1982349999999995,1000.0,,,,,,0.0,0,:X_6,0,35.83884153997919,2.938841539979195,flow_2012.2,-1006.198235,0.0
113.0,flow_201.2,2.4947162931214146,-6.594306943531202,5.1982349999999995,1000.0,,,,,,0.0,0,:X_6,0,38.43795903997919,5.537959039979195,,-1006.198235,0.0
113.5,flow_201.2,3.91034369913146,-4.468966671342826,5.1982349999999995,1000.0,,,,,,0.0,0,:X_6,0,41.037076539979196,8.137076539979194,,-1006.198235,0.0
114.0,flow_201.2,5.888722620474974,-2.842534544430815,5.1982349999999995,1000.0,,,,,,0.0,0,:X_6,0,43.636194039979195,10.736194039979194,,-1006.198235,0.0
114.5,flow_201.2,8.286013053495347,-1.8785490209878488,5.1982349999999995,1000.0,,,,,,0.0,0,:X_6,0,46.23531153997919,13.335311539979195,,-1006.198235,0.0
115.0,flow_201.2,10.877662951478465,-1.684175278639115,5.1982349999999995,1000.0,,,,,,0.0,0,:X_6,0,48.83442903997919,15.934429039979195,,-1006.198235,0.0
115.5,flow_201.2,13.473546539979196,-1.6,5.1982349999999995,1000.0,,,,,,0.0,0,E#X-R,0,51.4335465399792,1.4735465399791963,,-1006.198235,0.0
116.0,flow_201.2,16.322438679049313,-1.6,5.697784278140234,1000.0,,0.9990985562804694,0.9990985562804694,0.9990985562804694,0.9990985562804694,0.9990985562804688,0,E#X-R,0,54.282438679049314,4.322438679049313,,-1006.6977842781403,0.0
116.5,flow_201.2,19.421005521911997,-1.6,6.197133685725369,1000.0,,0.9986988151702697,0.9986988151702697,0.9986988151702697,0.9986988151702697,0.99869881517027,0,E#X-R,0,57.381005521912,7.421005521911997,,-1007.1971336857254,0.0
117.0,flow_201.2,22.7691171477986,-1.6,6.696223251773206,1000.0,,0.9981791320956733,0.9981791320956733,0.9981791320956733,0.9981791320956733,0.9981791320956734,0,E#X-R,0,60.729117147798604,10.7691171477986,,-1007.6962232517732,0.0
117.5,flow_201.2,26.36660822667413,-1.6,7.194982157751065,1000.0,,0.9975178119557186,0.9975178119557186,0.9975178119557186,0.9975178119557186,0.9975178119557189,0,E#X-R,0,64.32660822667413,14.366608226674131,,-1008.194982157751,0.0
118.0,flow_201.2,30.213272175355335,-1.6,7.693327897362409,1000.0,,0.9966914792226882,0.9966914792226882,0.9966914792226882,0.9966914792226882,0.9966914792226884,0,E#X-R,0,68.17327217535534,18.213272175355335,,-1008.6933278973625,0.0
118.5,flow_201.2,34.30885490928741,-1.6,8.191165467864149,1000.0,,0.9956751410034802,0.9956751410034802,0.9956751410034802,0.9956751410034802,0.9956751410034794,0,E#X-R,0,72.26885490928741,22.30885490928741,,-1009.1911654678642,0.0
119.0,flow_201.2,38.65304820965399,-1.6,8.68838660073316,1000.0,,0.9944422657380215,0.9944422657380215,0.9944422657380215,0.9944422657380215,0.994442265738023,0,E#X-R,0,76.613048209654,26.653048209653992,,-1009.6883866007331,0.0
119.5,flow_201.2,43.245482729939454,-1.6,9.184869040570929,1000.0,,0.9929648796755356,0.9929648796755356,0.9929648796755356,0.9929648796755356,0.9929648796755366,0,E#X-R,0,81.20548272993946,31.245482729939457,,-1010.1848690405709,0.0
120.0,flow_201.2,48.085720671041486,-1.6,9.680475882204059,1000.0,,0.9912136832662592,0.9912136832662592,0.9912136832662592,0.9912136832662592,0.9912136832662597,0,E#X-R,0,86.0457206710415,36.085720671041486,,-1010.6804758822041,0.0
103.5,flow_301.2,-44.9,-1.6,0.0,1000.0,,,,,,0,0,E#L-X,0,0.0,5.1,,-1001.0,0.0
104.0,flow_301.2,-44.65,-1.6,0.5,1000.0,,1.0,1.0,1.0,1.0,1.0,0,E#L-X,0,0.25,5.35,,-1001.5,0.0
104.5,flow_301.2,-44.150000019290125,-1.6,0.9999999614197531,1000.0,,0.9999999228395062,0.9999999228395062,0.9999999228395062,0.9999999228395062,0.9999999228395062,0,E#L-X,0,0.7499999807098767,5.849999980709876,,-1001.9999999614198,0.0
105.0,flow_301.2,-43.400000347222175,-1.6,1.4999993441358979,1000.0,,0.9999987654322893,0.9999987654322893,0.9999987654322893,0.9999987654322893,0.9999987654322895,0,E#L-X,0,1.4999996527778254,6.599999652777825,,-1002.4999993441359,0.0
105.5,flow_301.2,-42.40000223765149,-1.6,1.9999962191413634,1000.0,,0.999993750010931,0.999993750010931,0.999993750010931,0.999993750010931,0.999993750010931,0,E#L-X,0,2.4999977623485075,7.599997762348507,,-1002.9999962191414,0.0
106.0,flow_301.2,-41.15000906631508,-1.6,2.499986342672837,1000.0,,0.9999802470629471,0.9999802470629471,0.9999802470629471,0.9999802470629471,0.9999802470629473,0,E#L-X,0,3.7499909336849253,8.849990933684925,,-1003.4999863426729,0.0
106.5,flow_301.2,-39.65002795104237,-1.6,2.9999622305454148,1000.0,,0.9999517757451555,0.9999517757451555,0.9999517757451555,0.9999517757451555,0.9999517757451555,0,E#L-X,0,5.249972048957632,10.349972048957632,,-1003.9999622305454,0.0
107.0,flow_301.2,-37.900071834510705,-1.6,3.499912233063331,1000.0,,0.9999000050358322,0.9999000050358322,0.9999000050358322,0.9999000050358322,0.9999000050358324,0,E#L-X,0,6.9999281654892975,12.099928165489297,flow_3012.2,-1004.4999122330634,0.0
107.5,flow_301.2,-35.900162028919944,-1.6,3.9998196111815183,1000.0,,0.9998147562363746,0.9998147562363746,0.9998147562363746,0.9998147562363746,0.9998147562363746,0,E#L-X,0,8.999837971080057,14.099837971080056,flow_3012.2,-1004.9998196111815,0.0
108.0,flow_301.2,-33.65033122142289,-1.6,4.499661614994119,1000.0,,0.9996840076252022,0.9996840076252022,0.9996840076252022,0.9996840076252022,0.999684007625202,0,E#L-X,0,11.249668778577115,16.349668778577115,flow_3012.2,-1005.4996616149941,0.0
108.5,flow_301.2,-31.150626938361807,-1.6,4.999408566122158,1000.0,,0.9994939022560778,0.9994939022560778,0.9994939022560778,0.9994939022560778,0.9994939022560771,0,E#L-X,0,13.749373061638194,18.849373061638193,flow_3012.2,-1005.9994085661222,0.0
109.0,flow_301.2,-28.401115465280828,-1.6,5.499022946161957,1000.0,,0.9992287600795975,0.9992287600795975,0.9992287600795975,0.9992287600795975,0.9992287600795979,0,E#L-X,0,16.498884534719174,21.598884534719172,flow_3012.2,-1006.499022946162,0.0
109.5,flow_301.2,-25.40188621826279,-1.6,5.9984584940360826,1000.0,,0.9988710957482514,0.9988710957482514,0.9988710957482514,0.9988710957482514,0.9988710957482514,0,E#L-X,0,19.49811378173721,24.59811378173721,flow_3012.2,-1006.9984584940361,0.0
110.0,flow_301.2,-22.15305656033488,-1.6,6.4976593158558185,1000.0,,0.9984016436394725,0.9984016436394725,0.9984016436394725,0.9984016436394725,0.9984016436394718,0,E#L-X,0,22.746943439665124,27.84694343966512,flow_3012.2,-1007.4976593158558,0.0
110.5,flow_301.2,-18.654777054458513,-1.6,6.996559011752725,1000.0,,0.997799391793814,0.997799391793814,0.997799391793814,0.997799391793814,0.9977993917938139,0,E#L-X,0,26.245222945541485,31.345222945541483,flow_3012.2,-1007.9965590117528,0.0
111.0,flow_301.2,-15.112686054458514,-1.6,7.084182,1000.0,,0.9970416266122695,0.9970416266122695,0.9970416266122695,0.9970416266122695,0.17524597649454954,0,E#L-X,0,29.787313945541484,34.887313945541486,flow_3012.2,-1008.084182,0.0
111.5,flow_301.2,-11.571828790616033,-1.6321128407037977,7.084182,1000.0,,0.9968906198504686,0.9968906198504686,0.9968906198504686,0.9968906198504686,0.0,0,:X_9,0,33.329404945541484,0.429404945541485,flow_3012.2,-1008.084182,0.0
112.0,flow_301.2,-8.0399146779232,-1.8970063991557597,7.084182,1000.0,,,,,,0.0,0,:X_9,0,36.87149594554148,3.971495945541485,flow_3012.2,-1008.084182,0.0
112.5,flow_301.2,-4.9147335051585825,-3.4744827949560526,7.084182,1000.0,,,,,,0.0,0,:X_9,0,40.41358694554148,7.513586945541485,,-1008.084182,0.0
113.0,flow_301.2,-2.7123061227347876,-6.180434285074076,7.084182,1000.0,,,,,,0.0,0,:X_9,0,43.95567794554148,11.055677945541486,,-1008.084182,0.0
113.5,flow_301.2,-1.784136755872857,-9.544843255028576,7.084182,1000.0,,,,,,0.0,0,:X_9,0,47.49776894554148,14.597768945541485,,-1008.084182,0.0
114.0,flow_301.2,-1.6,-13.079859945541486,7.084182,1000.0,,,,,,0.0,0,E#X-D,0,51.03985994554149,1.079859945541486,,-1008.084182,0.0
114.5,flow_301.2,-1.6,-16.871173600504104,7.582627309925234,1000.0,,0.9968906198504686,0.9968906198504686,0.9968906198504686,0.9968906198504686,0.9968906198504683,0,E#X-D,0,54.8311736005041,4.871173600504103,,-1008.5826273099252,0.0
115.0,flow_301.2,-1.6,-20.911466941497554,8.080586681986901,1000.0,,0.9959187441233315,0.9959187441233315,0.9959187441233315,0.9959187441233315,0.9959187441233333,0,E#X-D,0,58.87146694149756,8.911466941497554,,-1009.0805866819869,0.0
115.5,flow_301.2,-1.6,-25.20044437135153,8.577954859707948,1000.0,,0.9947363554420942,0.9947363554420942,0.9947363554420942,0.9947363554420942,0.9947363554420932,0,E#X-D,0,63.16044437135153,13.200444371351528,,-1009.5779548597079,0.0
116.0,flow_301.2,-1.6,-29.73775074900834,9.074612755313627,1000.0,,0.9933157912113586,0.9933157912113586,0.9933157912113586,0.9933157912113586,0.9933157912113586,0,E#X-D,0,67.69775074900835,17.73775074900834,,-1010.0746127553136,0.0
116.5,flow_301.2,-1.6,-34.522964135501056,9.570426772985423,1000.0,,0.9916280353435922,0.9916280353435922,0.9916280353435922,0.9916280353435922,0.9916280353435916,0,E#X-D,0,72.48296413550105,22.522964135501052,,-1010.5704267729855,0.0
117.0,flow_301.2,-1.6,-39.55558823488923,10.065248198776354,1000.0,,0.9896428515818612,0.9896428515818612,0.9896428515818612,0.9896428515818612,0.9896428515818627,0,E#X-D,0,77.51558823488924,27.55558823488923,,-1011.0652481987763,0.0
117.5,flow_301.2,-1.6,-44.83504456936351,10.558912668948567,1000.0,,0.9873289403444269,0.9873289403444269,0.9873289403444269,0.9873289403444269,0.9873289403444261,0,E#X-D,0,82.79504456936351,32.83504456936351,,-1011.5589126689486,0.0
107.0,flow_001.2,-1.6,44.9,0.0,1.9999281654892975,flow_00.2,,,,,0,0,E#T-X,0,0.0,5.1,,3.499912233063331,0.0
107.5,flow_001.2,-1.6,44.9,0.0,3.9998379710800567,flow_00.2,-7.183838103563822e-05,-7.183838103563822e-05,-7.183838103563822e-05,-7.183838103563822e-05,0,0,E#T-X,0,0.0,5.1,,3.9998196111815183,0.5
108.0,flow_001.2,-1.6,44.71250506371142,0.37498987257715694,6.062173842288537,flow_00.2,0.7499797451543139,0.7499797451543139,0.7499797451543139,0.7499797451543139,0.7499797451543139,0,E#T-X,0,0.18749493628857827,5.287494936288578,,4.124671742416963,0.0
108.5,flow_001.2,-1.6,44.30222105364671,0.8205680201294177,8.151594115284906,flow_00.2,0.8911562951045213,0.8911562951045213,0.8911562951045213,0.8911562951045213,0.8911562951045214,0,E#T-X,0,0.5977789463532872,5.697778946353287,,4.17884054599274,0.0
109.0,flow_001.2,-1.6,43.65698643520929,1.2904692368748374,10.255870969928466,flow_00.2,0.9398024334908395,0.9398024334908395,0.9398024334908395,0.9398024334908395,0.9398024334908395,0,E#T-X,0,1.2430135647907061,6.343013564790706,,4.20855370928712,0.0
109.5,flow_001.2,-1.6,42.77125992248071,1.771453025457177,12.369373704217917,flow_00.2,0.9619675771646793,0.9619675771646793,0.9619675771646793,0.9619675771646793,0.9619675771646792,0,E#T-X,0,2.1287400775192946,7.228740077519294,,4.227005468578906,0.0
110.0,flow_001.2,-1.6,41.64207233670965,2.2583751715421045,14.405956203001807,flow_00.2,0.9738442921698552,0.9738442921698552,0.9738442921698552,0.9738442921698552,0.9738442921698551,0,E#T-X,0,3.2579276632903476,8.357927663290347,,4.073164997567778,0.0
110.5,flow_001.2,-1.6,40.26771132342729,2.7487220265647174,15.948279864275657,flow_00.2,0.9806937100452261,0.9806937100452261,0.9806937100452261,0.9806937100452261,0.9806937100452258,0,E#T-X,0,4.632288676572706,9.732288676572706,,3.0846473225476956,0.0
111.0,flow_001.2,-1.6,38.64729955597718,3.2408235349002332,16.643958272113146,flow_00.2,0.9842030166710312,0.9842030166710312,0.9842030166710312,0.9842030166710312,0.9842030166710316,0,E#T-X,0,6.252700444022823,11.352700444022823,,1.39135681567498,0.0
111.5,flow_001.2,-1.6,36.78735408516616,3.7198909416220354,16.451768155603332,flow_00.2,0.9581348134436042,0.9581348134436042,0.9581348134436042,0.9581348134436042,0.9581348134436043,0,E#T-X,0,8.112645914833841,13.21264591483384,,-0.38438023301962465,0.0
112.0,flow_001.2,-1.6,34.714170216886316,4.146367736559686,16.26558314325547,flow_00.2,0.8529535898753009,0.8529535898753009,0.8529535898753009,0.8529535898753009,0.8529535898753009,0,E#T-X,0,10.185829783113684,15.285829783113684,,-0.37237002469572333,0.0
112.5,flow_001.2,-1.6,32.43447228351291,4.559395866746808,16.104364394463154,flow_00.2,0.8260562603742452,0.8260562603742452,0.8260562603742452,0.8260562603742452,0.8260562603742443,0,E#T-X,0,12.46552771648709,17.56552771648709,,-0.32243749758462936,0.0
113.0,flow_001.2,-1.6,29.954319075995805,4.960306415034214,16.315297541950777,flow_00.2,0.8018210965748125,0.8018210965748125,0.8018210965748125,0.8018210965748125,0.8018210965748125,0,E#T-X,0,14.945680924004195,20.045680924004195,,0.4218662949752421,0.0
113.5,flow_001.2,-1.6,27.259368615575063,5.389900920841485,3.989666000352281,flow_10.2,0.8591890116145409,0.8591890116145409,0.8591890116145409,0.8591890116145409,0.8591890116145411,0,E#T-X,0,17.640631384424935,22.740631384424937,,-3.0175177577039123,0.0
114.0,flow_001.2,-1.6,25.68941815515432,3.1399009208414848,4.186228222977304,flow_10.2,-11.366885268058875,-11.366885268058875,-11.366885268058875,-11.366885268058875,-4.5,0,E#T-X,0,19.210581844845677,24.31058184484568,,0.3931244452500313,0.0
114.5,flow_001.2,-1.6,24.176100114712977,3.0266360808826884,4.824225436803287,flow_10.2,-0.22652967991759243,-0.22652967991759243,-0.22652967991759243,-0.22652967991759243,-0.22652967991759265,0,E#T-X,0,20.723899885287025,25.823899885287023,,1.2759944276519737,0.0
115.0,flow_001.2,-1.6,22.540664022171164,3.2708721850836247,5.784637631469936,flow_10.2,0.4884722084018721,0.4884722084018721,0.4884722084018721,0.4884722084018721,0.48847220840187244,0,E#T-X,0,22.359335977828835,27.459335977828836,,1.9208243893332924,0.0
115.5,flow_001.2,-1.6,20.709967944446227,3.6613921554498723,7.188209310150784,flow_10.2,0.7810399407324949,0.7810399407324949,0.7810399407324949,0.7810399407324949,0.7810399407324953,0,E#T-X,0,24.190032055553772,29.290032055553773,,2.807143357361698,0.0
116.0,flow_001.2,-1.6,18.648680792237393,4.12257430441766,8.984833905981532,flow_10.2,0.9223642979355751,0.9223642979355751,0.9223642979355751,0.9223642979355751,0.9223642979355757,0,E#T-X,0,26.251319207762606,31.351319207762604,,3.593249191661503,0.0
116.5,flow_001.2,-1.6,16.349870183951296,4.5976212165722,11.142661837847381,flow_10.2,0.9500938243090813,0.9500938243090813,0.9500938243090813,0.9500938243090813,0.9500938243090804,0,E#T-X,0,28.550129816048702,33.650129816048704,,4.315655863731699,0.0
117.0,flow_001.2,-1.6,13.809251677355178,5.081237013192232,13.620117465298666,flow_10.2,0.9672315932400628,0.9672315932400628,0.9672315932400628,0.9672315932400628,0.9672315932400632,0,E#T-X,0,31.09074832264482,36.19074832264482,,4.954911254902577,0.0
117.5,flow_001.2,-1.6729725214457116,11.027033047390512,5.5700442904030965,16.36493641012872,flow_10.2,0.9776145544217283,0.9776145544217283,0.9776145544217283,0.9776145544217283,0.977614554421729,0,:X_0,0,33.87577046784637,0.9757704678463739,flow_2012.2,5.488416308656751,0.0
118.0,flow_001.2,-1.9523316750489301,7.876306949884347,6.340145370176073,18.96947836585456,flow_10.2,,,,,1.5402021595459523,0,:X_0,0,37.04584315293441,4.14584315293441,flow_2012.2,5.20908391145168,0.0
118.5,flow_001.2,-3.5018837029003773,4.886709849306433,6.813880397314391,21.5816616112848,flow_10.2,,,,,0.9474700542766374,0,:X_0,0,40.452783351591606,7.552783351591605,flow_2012.2,5.224366490860475,0.0
119.0,flow_001.2,-6.20628559327489,2.7007653601451382,7.06241412210828,24.313096010040603,flow_10.2,,,,,0.49706744958777804,0,:X_0,0,43.983990412645745,11.083990412645745,flow_2012.2,5.46286879751161,0.0
119.5,flow_001.2,-9.620779184861421,1.7784415611353934,7.179866530322872,27.228207851172936,flow_10.2,,,,,0.23490481642918404,0,:X_0,0,47.57392367780718,14.673923677807181,flow_2012.2,5.8302236822646645,0.0
120.0,flow_001.2,-13.229713999024543,1.6,7.231580642434721,30.35862011276804,flow_10.2,,,,,0.10342822422369657,0,E#X-L,0,51.18971399902455,1.2297139990245434,flow_2012.2,6.260824523190215,0.0
120.5,flow_001.2,-17.093575216351766,1.6,7.72772243465444,1000.0,,0.9922835844394402,0.9922835844394402,0.9922835844394402,0.9922835844394402,0.9922835844394395,0,E#X-L,0,55.05357521635177,5.093575216351764,flow_2012.2,-1008.7277224346544,0.0
121.0,flow_001.2,-21.206335753746913,1.6,8.225521074790299,1000.0,,0.9955972802717163,0.9955972802717163,0.9955972802717163,0.9955972802717163,0.995597280271717,0,E#X-L,0,59.166335753746914,9.206335753746913,flow_2012.2,-1009.2255210747903,0.0
121.5,flow_001.2,-25.567683400113616,1.6,8.722695292733407,1000.0,,0.9943484358862159,0.9943484358862159,0.9943484358862159,0.9943484358862159,0.9943484358862165,0,E#X-L,0,63.52768340011362,13.567683400113616,flow_2012.2,-1009.7226952927334,0.0
122.0,flow_001.2,-30.177244321141668,1.6,9.219121842056104,1000.0,,0.9928530986453946,0.9928530986453946,0.9928530986453946,0.9928530986453946,0.9928530986453943,0,E#X-L,0,68.13724432114167,18.177244321141668,flow_2012.2,-1010.2191218420561,0.0
122.5,flow_001.2,-35.034575712743084,1.6,9.714662783202835,1000.0,,0.9910818822934601,0.9910818822934601,0.9910818822934601,0.9910818822934601,0.9910818822934608,0,E#X-L,0,72.99457571274309,23.034575712743084,flow_2012.2,-1010.7146627832028,0.0
123.0,flow_001.2,-40.13915816023888,1.6,10.209164894991586,1000.0,,0.9890042235775018,0.9890042235775018,0.9890042235775018,0.9890042235775018,0.9890042235775027,0,E#X-L,0,78.09915816023889,28.13915816023888,flow_2012.2,-1011.2091648949915,0.0
123.5,flow_001.2,-45.490387744307455,1.6,10.702459168137155,1000.0,,0.9865885462911378,0.9865885462911378,0.9865885462911378,0.9865885462911378,0.9865885462911379,0,E#X-L,0,83.45038774430745,33.490387744307455,flow_2012.2,-1011.7024591681371,0.0
107.0,flow_101.2,44.9,1.6,0.0,1.9999281654892975,flow_10.2,,,,,0,0,E#R-X,0,0.0,5.1,,3.499912233063331,0.0
107.5,flow_101.2,44.9,1.6,0.0,3.9998379710800567,flow_10.2,-7.183838103563822e-05,-7.183838103563822e-05,-7.183838103563822e-05,-7.183838103563822e-05,0,0,E#R-X,0,0.0,5.1,,3.9998196111815183,0.5
108.0,flow_101.2,44.71250506371142,1.6,0.37498987257715694,6.062173842288537,flow_10.2,0.7499797451543139,0.7499797451543139,0.7499797451543139,0.7499797451543139,0.7499797451543139,0,E#R-X,0,0.18749493628857827,5.287494936288578,,4.124671742416963,0.0
108.5,flow_101.2,44.30222105364671,1.6,0.8205680201294177,8.151594115284906,flow_10.2,0.8911562951045213,0.8911562951045213,0.8911562951045213,0.8911562951045213,0.8911562951045214,0,E#R-X,0,0.5977789463532872,5.697778946353287,,4.17884054599274,0.0
109.0,flow_101.2,43.65698643520929,1.6,1.2904692368748374,10.255870969928466,flow_10.2,0.9398024334908395,0.9398024334908395,0.9398024334908395,0.9398024334908395,0.9398024334908395,0,E#R-X,0,1.2430135647907061,6.343013564790706,,4.20855370928712,0.0
109.5,flow_101.2,42.77125992248071,1.6,1.771453025457177,12.369373704217917,flow_10.2,0.9619675771646793,0.9619675771646793,0.9619675771646793,0.9619675771646793,0.9619675771646792,0,E#R-X,0,2.1287400775192946,7.228740077519294,,4.227005468578906,0.0
110.0,flow_101.2,41.64207233670965,1.6,2.2583751715421045,14.414105740456371,flow_10.2,0.9738442921698552,0.9738442921698552,0.9738442921698552,0.9738442921698552,0.9738442921698551,0,E#R-X,0,3.2579276632903476,8.357927663290347,,4.089464072476906,0.0
110.5,flow_101.2,40.26770587629049,1.6,2.74873292083832,15.964757043084912,flow_10.2,0.9807154985924313,0.9807154985924313,0.9807154985924313,0.9807154985924313,0.9807154985924313,0,E#R-X,0,4.632294123709508,9.732294123709508,,3.1013026052570845,0.0
111.0,flow_101.2,38.64728055052972,1.6,3.2408506515215363,16.66002487028632,flow_10.2,0.9842354613664323,0.9842354613664323,0.9842354613664323,0.9842354613664323,0.9842354613664321,0,E#R-X,0,6.252719449470277,11.352719449470277,,1.390535654402826,0.0
111.5,flow_101.2,36.787308138129276,1.6,3.719944824800895,16.463518538289357,flow_10.2,0.9581883465587179,0.9581883465587179,0.9581883465587179,0.9581883465587179,0.9581883465587175,0,E#R-X,0,8.112691861870724,13.212691861870724,,-0.3930126639939284,0.0
112.0,flow_101.2,34.71419828806713,1.6,4.146219700124293,15.524473605189215,flow_10.2,0.8525497506467967,0.8525497506467967,0.8525497506467967,0.8525497506467967,0.8525497506467961,0,E#R-X,0,10.18580171193287,15.28580171193287,,-1.8780898662002854,0.0
112.5,flow_101.2,32.481383717733436,1.6,4.465629140667387,14.029904936367352,flow_10.2,0.6388188810861878,0.6388188810861878,0.6388188810861878,0.6388188810861878,0.6388188810861877,0,E#R-X,0,12.418616282266564,17.518616282266564,,-2.9891373376437187,0.0
113.0,flow_101.2,30.17900388310718,1.6,4.604759669252518,12.663720476817296,flow_10.2,0.2782610571702615,0.2782610571702615,0.2782610571702615,0.2782610571702615,0.27826105717026195,0,E#R-X,0,14.720996116892822,19.82099611689282,,-2.7323689191001073,0.0
113.5,flow_101.2,27.84166940125626,1.6,4.674668963701831,11.512577576535165,flow_10.2,0.13981858889862575,0.13981858889862575,0.13981858889862575,0.13981858889862575,0.13981858889862586,0,E#R-X,0,17.058330598743737,22.15833059874374,,-2.3022858005642584,0.0
114.0,flow_101.2,25.485563901680337,1.6,4.712210999151851,10.922984760005,flow_10.2,0.07508407090004077,0.07508407090004077,0.07508407090004077,0.07508407090004077,0.07508407090003999,0,E#R-X,0,19.414436098319662,24.514436098319663,,-1.1791856330603347,0.0
114.5,flow_101.2,23.04860602840757,1.6,4.873915746545539,10.63734214099956,flow_10.2,0.32340949478737735,0.32340949478737735,0.32340949478737735,0.32340949478737735,0.3234094947873771,0,E#R-X,0,21.851393971592437,26.951393971592434,,-0.5712852380108773,0.0
115.0,flow_101.2,20.503600130811737,1.6,5.090011795191658,1000.0,,0.4321920972922366,0.4321920972922366,0.4321920972922366,0.4321920972922366,0.43219209729223707,0,E#R-X,0,24.396399869188265,29.496399869188263,,-1006.0900117951917,0.0
115.5,flow_101.2,17.81627213081174,1.6,5.374656,1000.0,,0.999171313743871,0.999171313743871,0.999171313743871,0.999171313743871,0.5692884096166839,0,E#R-X,0,27.08372786918826,32.18372786918826,,-1006.374656,0.0
116.0,flow_101.2,15.128944130811739,1.6,5.374656,1000.0,,0.9989698091872345,0.9989698091872345,0.9989698091872345,0.9989698091872345,0.0,0,E#R-X,0,29.77105586918826,34.87105586918826,,-1006.374656,0.0
116.5,flow_101.2,12.441616130811738,1.6,5.374656,1000.0,,0.9989698091872345,0.9989698091872345,0.9989698091872345,0.9989698091872345,0.0,0,E#R-X,0,32.45838386918826,37.55838386918826,,-1006.374656,0.0
117.0,flow_101.2,9.760740352569197,1.7679444735573102,5.374656,1000.0,,0.9989698091872345,0.9989698091872345,0.9989698091872345,0.9989698091872345,0.0,0,:X_3,0,35.14571186918826,2.2457118691882627,flow_3012.2,-1006.374656,0.0
117.5,flow_101.2,7.151377219083747,2.25903271500303,5.374656,1000.0,,,,,,0.0,0,:X_3,0,37.83303986918826,4.933039869188263,flow_3012.2,-1006.374656,0.0
118.0,flow_101.2,4.8383899788662585,3.5491297984418813,5.374656,1000.0,,,,,,0.0,0,:X_3,0,40.52036786918826,7.620367869188263,flow_3012.2,-1006.374656,0.0
118.5,flow_101.2,3.017199494715324,5.497473131837674,5.374656,1000.0,,,,,,0.0,0,:X_3,0,43.20769586918826,10.307695869188262,flow_3012.2,-1006.374656,0.0
119.0,flow_101.2,1.9217875571292888,7.951195872030393,5.374656,1000.0,,,,,,0.0,0,:X_3,0,45.895023869188265,12.995023869188262,flow_3012.2,-1006.374656,0.0
119.5,flow_101.2,1.7030267476655498,10.626310031126001,5.374656,1000.0,,,,,,0.0,0,:X_3,0,48.58235186918826,15.682351869188263,flow_3012.2,-1006.374656,0.0
120.0,flow_101.2,1.6,13.309679869188265,5.374656,1000.0,,,,,,0.0,0,E#X-T,0,51.269679869188266,1.3096798691882654,flow_3012.2,-1006.374656,0.0
120.5,flow_101.2,1.6,16.246750321485074,5.8741409045936175,1000.0,,0.9989698091872345,0.9989698091872345,0.9989698091872345,0.9989698091872345,0.9989698091872352,0,E#X-T,0,54.206750321485075,4.246750321485074,flow_3012.2,-1006.8741409045937,0.0
121.0,flow_101.2,1.6,19.433453294863696,6.373405946757247,1000.0,,0.9985300843272588,0.9985300843272588,0.9985300843272588,0.9985300843272588,0.9985300843272586,0,E#X-T,0,57.3934532948637,7.433453294863697,flow_3012.2,-1007.3734059467572,0.0
121.5,flow_101.2,1.6,22.86964700619132,6.87238742265525,1000.0,,0.9979629517960075,0.9979629517960075,0.9979629517960075,0.9979629517960075,0.9979629517960067,0,E#X-T,0,60.82964700619132,10.869647006191322,flow_3012.2,-1007.8723874226553,0.0
122.0,flow_101.2,1.6,26.555152246716,7.371010481049351,1000.0,,0.9972461167882007,0.9972461167882007,0.9972461167882007,0.9972461167882007,0.997246116788201,0,E#X-T,0,64.515152246716,14.555152246715997,flow_3012.2,-1008.3710104810493,0.0
122.5,flow_101.2,1.6,30.48974639341242,7.869188293392851,1000.0,,0.9963556246870007,0.9963556246870007,0.9963556246870007,0.9963556246870007,0.9963556246870002,0,E#X-T,0,68.44974639341243,18.48974639341242,flow_3012.2,-1008.8691882933929,0.0
123.0,flow_101.2,1.6,34.67315702245998,8.366821258095122,1000.0,,0.9952659294045443,0.9952659294045443,0.9952659294045443,0.9952659294045443,0.9952659294045425,0,E#X-T,0,72.63315702245998,22.673157022459982,flow_3012.2,-1009.3668212580951,0.0
123.5,flow_101.2,1.6,39.1050551460357,8.863796247151441,1000.0,,0.9939499781126386,0.9939499781126386,0.9939499781126386,0.9939499781126386,0.9939499781126386,0,E#X-T,0,77.0650551460357,27.105055146035703,flow_3012.2,-1009.8637962471514,0.0
124.0,flow_101.2,1.6,43.78504809823875,9.359985904406079,1000.0,,0.9923793145092752,0.9923793145092752,0.9923793145092752,0.9923793145092752,0.9923793145092752,0,E#X-T,0,81.74504809823874,31.785048098238743,flow_3012.2,-1010.3599859044061,0.0
124.5,flow_101.2,1.6,48.712672101127815,9.855248005778142,1000.0,,0.9905242027441252,0.9905242027441252,0.9905242027441252,0.9905242027441252,0.9905242027441261,0,E#X-T,0,86.67267210112782,36.712672101127815,flow_3012.2,-1010.8552480057781,0.0
107.0,flow_2012.2,1.6,-44.9,0.0,1.9999281654892975,flow_201.2,,,,,0,0,E#D-X,0,0.0,5.1,,3.499912233063331,0.0
107.5,flow_2012.2,1.6,-44.9,0.0,3.9998379710800567,flow_201.2,-7.183838103563822e-05,-7.183838103563822e-05,-7.183838103563822e-05,-7.183838103563822e-05,0,0,E#D-X,0,0.0,5.1,,3.9998196111815183,0.5
108.0,flow_2012.2,1.6,-44.71250506371142,0.37498987257715694,6.062173842288537,flow_201.2,0.7499797451543139,0.7499797451543139,0.7499797451543139,0.7499797451543139,0.7499797451543139,0,E#D-X,0,0.18749493628857827,5.287494936288578,,4.124671742416963,0.0
108.5,flow_2012.2,1.6,-44.30222105364671,0.8205680201294177,8.151594115284906,flow_201.2,0.8911562951045213,0.8911562951045213,0.8911562951045213,0.8911562951045213,0.8911562951045214,0,E#D-X,0,0.5977789463532872,5.697778946353287,,4.17884054599274,0.0
109.0,flow_2012.2,1.6,-43.65698643520929,1.2904692368748374,10.255870969928466,flow_201.2,0.9398024334908395,0.9398024334908395,0.9398024334908395,0.9398024334908395,0.9398024334908395,0,E#D-X,0,1.2430135647907061,6.343013564790706,,4.20855370928712,0.0
109.5,flow_2012.2,1.6,-42.77125992248071,1.771453025457177,12.369373704217917,flow_201.2,0.9619675771646793,0.9619675771646793,0.9619675771646793,0.9619675771646793,0.9619675771646792,0,E#D-X,0,2.1287400775192946,7.228740077519294,,4.227005468578906,0.0
110.0,flow_2012.2,1.6,-41.64207233670965,2.2583751715421045,14.383588102082122,flow_201.2,0.9738442921698552,0.9738442921698552,0.9738442921698552,0.9738442921698552,0.9738442921698551,0,E#D-X,0,3.2579276632903476,8.357927663290347,,4.0284287957284075,0.0
110.5,flow_2012.2,1.6,-40.267726321838225,2.748692029742855,15.91162059646048,flow_201.2,0.9806337164015011,0.9806337164015011,0.9806337164015011,0.9806337164015011,0.9806337164015009,0,E#D-X,0,4.632273678161775,9.732273678161775,,3.056064988756718,0.0
111.0,flow_2012.2,1.6,-38.647347689289816,3.240757265096814,16.788836729269015,flow_201.2,0.9841304707079181,0.9841304707079181,0.9841304707079181,0.9841304707079181,0.9841304707079184,0,E#D-X,0,6.252652310710182,11.352652310710182,,1.7544322656170683,0.0
111.5,flow_2012.2,1.6,-36.78456343278582,3.72556851300799,17.52516997276502,flow_201.2,0.9696224958223514,0.9696224958223514,0.9696224958223514,0.9696224958223514,0.9696224958223514,0,E#D-X,0,8.115436567214177,13.215436567214176,,1.4726664869920096,0.0
112.0,flow_2012.2,1.6,-34.68172865417162,4.205669557228409,18.021452694150817,flow_201.2,0.9602020884408382,0.9602020884408382,0.9602020884408382,0.9602020884408382,0.9602020884408375,0,E#D-X,0,10.21827134582838,15.31827134582838,,0.9925654427715909,0.0
112.5,flow_2012.2,1.6,-32.34458849139917,4.674280325544899,18.283430031378366,flow_201.2,0.9372215366329806,0.9372215366329806,0.9372215366329806,0.9372215366329806,0.9372215366329808,0,E#D-X,0,12.555411508600828,17.655411508600828,,0.5239546744551005,0.0
113.0,flow_2012.2,1.6,-29.781676410424947,5.125824161948453,1000.0,,0.9030876728071069,0.9030876728071069,0.9030876728071069,0.9030876728071069,0.9030876728071071,0,E#D-X,0,15.118323589575054,20.218323589575053,,-1006.1258241619485,0.0
113.5,flow_2012.2,1.6,-26.968977393317953,5.625398034213987,15.868977393317955,flow_10.2,0.9991477445310686,0.9991477445310686,0.9991477445310686,0.9991477445310686,0.9991477445310686,0,E#D-X,0,17.93102260668205,23.031022606682047,,-3.2530148710764144,0.0
114.0,flow_2012.2,1.6,-24.132829802491496,5.6722951816529115,13.032829802491499,flow_10.2,0.09379429487784885,0.09379429487784885,0.09379429487784885,0.09379429487784885,0.09379429487784918,0,E#D-X,0,20.767170197508506,25.867170197508504,,-2.1392698155613954,0.0
114.5,flow_2012.2,1.6,-21.281645348829432,5.702368907324127,10.181645348829433,flow_10.2,0.060147451342429825,0.060147451342429825,0.060147451342429825,0.060147451342429825,0.06014745134243071,0,E#D-X,0,23.61835465117057,28.718354651170568,,-1.3997383987894647,0.0
115.0,flow_2012.2,1.6,-18.592096413551914,5.379097870555036,7.492096413551915,flow_10.2,-0.16024094147882872,-0.16024094147882872,-0.16024094147882872,-0.16024094147882872,-0.6465420735381819,0,E#D-X,0,26.307903586448084,31.407903586448086,,-0.18740129613811884,0.0
115.5,flow_2012.2,1.6,-16.46939410598806,4.2454046151277085,5.369394105988059,flow_10.2,-0.0823149801247074,-0.0823149801247074,-0.0823149801247074,-0.0823149801247074,-2.2673865108546547,0,E#D-X,0,28.43060589401194,33.53060589401194,,2.2231308976838617,0.0
116.0,flow_2012.2,1.6,-14.96543977434547,3.00790866328518,3.8654397743454694,flow_10.2,0.8010863293905484,0.8010863293905484,0.8010863293905484,0.8010863293905484,-2.4749919036850567,0,E#D-X,0,29.93456022565453,35.03456022565453,,4.707914832793983,0.0
116.5,flow_2012.2,1.6,-13.95273951474055,2.025400519209837,1.7355064684478836,flow_10.2,0.7321904361389748,0.7321904361389748,0.7321904361389748,0.7321904361389748,-1.9650162881506859,0,E#D-X,0,30.94726048525945,36.04726048525945,,6.887876561094062,0.0
117.0,flow_2012.2,1.6,-13.302905173173642,1.2996686831338136,1.9543817516188127,flow_10.2,-0.32804965107878914,-0.32804965107878914,-0.32804965107878914,-0.32804965107878914,-1.4514636721520473,0,E#D-X,0,31.597094826826357,36.69709482682636,,8.736479584960996,0.0
117.5,flow_2012.2,1.6,-12.929384457083223,0.7470414321808432,1.8293844570832234,flow_001.2,-0.047231397010958354,-0.047231397010958354,-0.047231397010958354,-0.047231397010958354,-1.1052545019059408,0,E#D-X,0,31.970615542916775,37.07061554291678,,4.823002858222253,0.0
118.0,flow_2012.2,1.6,-12.88900093809977,0.08076703796691043,1.7890009380997696,flow_001.2,-0.1952263560945584,-0.1952263560945584,-0.1952263560945584,-0.1952263560945584,-1.3325487884278655,0,E#D-X,0,32.01099906190023,37.11099906190023,,6.259378332209162,0.5
118.5,flow_2012.2,1.6,-12.88900093809977,0.0,1.7890009380997696,flow_001.2,-0.24979520684389,-0.24979520684389,-0.24979520684389,-0.24979520684389,-0.16153407593382085,0,E#D-X,0,32.01099906190023,37.11099906190023,,6.813880397314391,1.0
119.0,flow_2012.2,1.6,-12.88900093809977,0.0,2.2705165238798566,flow_001.2,-0.2497952067913547,-0.2497952067913547,-0.2497952067913547,-0.2497952067913547,0.0,0,E#D-X,0,32.01099906190023,37.11099906190023,,7.06241412210828,1.5
119.5,flow_2012.2,1.6,-12.832978129227541,0.11204561774446004,1.7329781292275412,flow_001.2,0.22409123548892007,0.22409123548892007,0.22409123548892007,0.22409123548892007,0.22409123548892007,0,E#D-X,0,32.06702187077246,37.16702187077246,,7.067820912578412,0.0
120.0,flow_2012.2,1.6,-12.832978129227541,0.0,2.962692128252085,flow_001.2,-0.33190677418591075,-0.33190677418591075,-0.33190677418591075,-0.33190677418591075,-0.22409123548892007,0,E#D-X,0,32.06702187077246,37.16702187077246,,7.231580642434721,0.5
120.5,flow_2012.2,1.6,-12.696905205675257,0.27214584710456946,6.690480422027021,flow_001.2,0.5442916942091389,0.5442916942091389,0.5442916942091389,0.5442916942091389,0.5442916942091389,0,E#D-X,0,32.20309479432474,37.30309479432474,flow_20.2,7.455576587549871,0.0
121.0,flow_2012.2,1.6,-12.560832282122973,0.27214584710456946,10.667168035869887,flow_001.2,0.9106395358560778,0.9106395358560778,0.9106395358560778,0.9106395358560778,0.0,0,E#D-X,0,32.339167717877025,37.43916771787703,flow_20.2,7.953375227685729,0.0
121.5,flow_2012.2,1.6,-12.420381607713182,0.28090134881958745,14.888065007826798,flow_001.2,0.9648470479188718,0.9648470479188718,0.9648470479188718,0.9648470479188718,0.017511003430035976,0,E#D-X,0,32.47961839228682,37.57961839228682,flow_20.2,8.44179394391382,0.0
122.0,flow_2012.2,1.6,-12.254002528523017,0.33275815838032474,19.331246849664687,flow_001.2,0.9819538873765261,0.9819538873765261,0.9819538873765261,0.9819538873765261,0.10371361912147459,0,E#D-X,0,32.64599747147698,37.74599747147698,flow_20.2,8.88636368367578,0.0
122.5,flow_2012.2,1.6,-12.022216125586283,0.46357280587347144,23.956791838329366,flow_001.2,0.9892961288553107,0.9892961288553107,0.9892961288553107,0.9892961288553107,0.2616292949862934,0,E#D-X,0,32.877783874413716,37.97778387441372,flow_20.2,9.251089977329363,0.0
123.0,flow_2012.2,1.6,-10.544250604223503,0.719911000396328,28.701418785627,flow_001.2,0.9930304261297089,0.9930304261297089,0.9930304261297089,0.9930304261297089,0.5126763890457132,0,:X_8,0,33.23773937461188,0.3377393746118784,flow_20.2,9.489253894595258,0.0
123.5,flow_2012.2,1.6,-9.623893199911482,0.42705280875071416,33.83912196532022,flow_001.2,,,,,-0.5857163832912278,0,:X_8,0,33.451265778987235,0.5512657789872355,flow_20.2,10.27540635938644,0.0
124.0,flow_2012.2,1.6,-9.551451180499797,0.033613645868867614,1000.0,,,,,,-0.7868783257636931,0,:X_8,0,33.46807260192167,0.5680726019216693,flow_20.2,-1001.0336136458689,0.5
124.5,flow_2012.2,1.6,-6.677331528501979,1.3336132944883412,1000.0,,,,,,2.599999297238947,0,:X_8,0,34.13487924916584,1.2348792491658398,flow_20.2,-1002.3336132944884,0.0
125.0,flow_2012.2,1.2139178043458252,-1.0521917662968447,2.6335832962860133,1000.0,,,,,,2.599940003595344,0,:X_8,0,35.451670897308844,2.5516708973088464,flow_20.2,-1003.633583296286,0.0
125.5,flow_2012.2,-6.044624564292835,1.6,3.9333188819106057,1000.0,,,,,,2.599471171249185,0,:X_8,0,37.41833033826415,4.51833033826415,flow_20.2,-1004.9333188819106,0.0
126.0,flow_2012.2,-13.234442355303706,1.6,5.232224034079113,1000.0,,,,,,2.597810304337015,0,E#X-L,0,40.0344423553037,1.234442355303706,,-1006.2322240340791,0.0
126.5,flow_2012.2,-16.100323059197233,1.6,5.731761407787056,1000.0,,0.9990747474158851,0.9990747474158851,0.9990747474158851,0.9990747474158851,0.9990747474158859,0,E#X-L,0,42.900323059197234,4.100323059197234,,-1006.7317614077871,0.0
127.0,flow_2012.2,-19.215870637953092,1.6,6.231095157511715,1000.0,,0.9986674994493175,0.9986674994493175,0.9986674994493175,0.9986674994493175,0.9986674994493168,0,E#X-L,0,46.015870637953086,7.215870637953092,,-1007.2310951575117,0.0
127.5,flow_2012.2,-22.5809529387024,1.6,6.730164601498613,1000.0,,0.998138887973797,0.998138887973797,0.998138887973797,0.998138887973797,0.9981388879737967,0,E#X-L,0,49.38095293870239,10.5809529387024,,-1007.7301646014986,0.0
128.0,flow_2012.2,-26.195402014916553,1.6,7.228898152428311,1000.0,,0.9974671018593957,0.9974671018593957,0.9974671018593957,0.9974671018593957,0.9974671018593959,0,E#X-L,0,52.99540201491655,14.195402014916555,,-1008.2288981524283,0.0
128.5,flow_2012.2,-30.059008254477433,1.6,7.727212479121755,1000.0,,0.996628653386889,0.996628653386889,0.996628653386889,0.996628653386889,0.9966286533868889,0,E#X-L,0,56.85900825447743,18.059008254477433,,-1008.7272124791217,0.0
129.0,flow_2012.2,-34.171514104614744,1.6,8.225011700274614,1000.0,,0.9955984423057161,0.9955984423057161,0.9955984423057161,0.9955984423057161,0.9955984423057167,0,E#X-L,0,60.97151410461474,22.17151410461474,,-1009.2250117002746,0.0
129.5,flow_2012.2,-38.53260741367047,1.6,8.722186618111458,1000.0,,0.9943498356736883,0.9943498356736883,0.9943498356736883,0.9943498356736883,0.9943498356736882,0,E#X-L,0,65.33260741367047,26.53260741367047,,-1009.7221866181114,0.0
130.0,flow_2012.2,-43.141914414131364,1.6,9.218614000921793,1000.0,,0.9928547656206708,0.9928547656206708,0.9928547656206708,0.9928547656206708,0.9928547656206703,0,E#X-L,0,69.94191441413136,31.141914414131364,,-1010.2186140009218,0.0
130.5,flow_2012.2,-47.99899237638517,1.6,9.714155924507606,1000.0,,0.9910838471716253,0.9910838471716253,0.9910838471716253,0.9910838471716253,0.9910838471716268,0,E#X-L,0,74.79899237638517,35.99899237638517,,-1010.7141559245076,0.0
107.0,flow_3012.2,-44.9,-1.6,0.0,1.9999281654892975,flow_301.2,,,,,0,0,E#L-X,0,0.0,5.1,,3.499912233063331,0.0
107.5,flow_3012.2,-44.9,-1.6,0.0,3.9998379710800567,flow_301.2,-7.183838103563822e-05,-7.183838103563822e-05,-7.183838103563822e-05,-7.183838103563822e-05,0,0,E#L-X,0,0.0,5.1,,3.9998196111815183,0.5
108.0,flow_3012.2,-44.71250506371142,-1.6,0.37498987257715694,6.062173842288537,flow_301.2,0.7499797451543139,0.7499797451543139,0.7499797451543139,0.7499797451543139,0.7499797451543139,0,E#L-X,0,0.18749493628857827,5.287494936288578,,4.124671742416963,0.0
108.5,flow_3012.2,-44.30222105364671,-1.6,0.8205680201294177,8.151594115284906,flow_301.2,0.8911562951045213,0.8911562951045213,0.8911562951045213,0.8911562951045213,0.8911562951045214,0,E#L-X,0,0.5977789463532872,5.697778946353287,,4.17884054599274,0.0
109.0,flow_3012.2,-43.65698643520929,-1.6,1.2904692368748374,10.255870969928466,flow_301.2,0.9398024334908395,0.9398024334908395,0.9398024334908395,0.9398024334908395,0.9398024334908395,0,E#L-X,0,1.2430135647907061,6.343013564790706,,4.20855370928712,0.0
109.5,flow_3012.2,-42.77125992248071,-1.6,1.771453025457177,12.369373704217917,flow_301.2,0.9619675771646793,0.9619675771646793,0.9619675771646793,0.9619675771646793,0.9619675771646792,0,E#L-X,0,2.1287400775192946,7.228740077519294,,4.227005468578906,0.0
110.0,flow_3012.2,-41.64207233670965,-1.6,2.2583751715421045,14.489015776374774,flow_301.2,0.9738442921698552,0.9738442921698552,0.9738442921698552,0.9738442921698552,0.9738442921698551,0,E#L-X,0,3.2579276632903476,8.357927663290347,,4.239284144313714,0.0
110.5,flow_3012.2,-40.26765623631297,-1.6,2.7488322007933563,16.61287918185446,flow_301.2,0.9809140585025038,0.9809140585025038,0.9809140585025038,0.9809140585025038,0.9809140585025036,0,E#L-X,0,4.632343763687025,9.732343763687025,,4.247726810959369,0.0
111.0,flow_3012.2,-38.646881106783454,-1.6,3.241550259059045,18.53419505232494,flow_301.2,0.9854361165313771,0.9854361165313771,0.9854361165313771,0.9854361165313771,0.9854361165313774,0,E#L-X,0,6.2531188932165485,11.353118893216548,,3.842631740940955,0.0
111.5,flow_3012.2,-36.77905112390313,-1.6,3.7356599657606475,20.208456069444615,flow_301.2,0.9882194134032045,0.9882194134032045,0.9882194134032045,0.9882194134032045,0.988219413403205,0,E#L-X,0,8.120948876096872,13.220948876096871,,3.3485220342393527,0.0
112.0,flow_3012.2,-34.66372993749134,-1.6,4.230642372823581,21.635225883032824,flow_301.2,0.9899648141258686,0.9899648141258686,0.9899648141258686,0.9899648141258686,0.9899648141258677,0,E#L-X,0,10.236270062508662,15.336270062508662,,2.853539627176419,0.0
112.5,flow_3012.2,-32.3006439979118,-1.6,4.726171879159075,1000.0,,0.9910590126709882,0.9910590126709882,0.9910590126709882,0.9910590126709882,0.9910590126709877,0,E#L-X,0,12.599356002088202,17.6993560020882,,-1005.7261718791591,0.0
113.0,flow_3012.2,-29.687712048515934,-1.6,5.225863898791733,1000.0,,0.9993840392653152,0.9993840392653152,0.9993840392653152,0.9993840392653152,0.9993840392653155,0,E#L-X,0,15.212287951484067,20.312287951484066,,-1006.2258638987918,0.0
113.5,flow_3012.2,-26.825010289605768,-1.6,5.72540351782033,1000.0,,0.9990792380571943,0.9990792380571943,0.9990792380571943,0.9990792380571943,0.9990792380571936,0,E#L-X,0,18.074989710394235,23.174989710394232,,-1006.7254035178204,0.0
114.0,flow_3012.2,-23.712640180229933,-1.6,6.22474021875167,1000.0,,0.99867340186268,0.99867340186268,0.99867340186268,0.99867340186268,0.9986734018626802,0,E#L-X,0,21.187359819770066,26.287359819770067,,-1007.2247402187517,0.0
114.5,flow_3012.2,-20.623008952640525,-1.6,6.179262455178819,1000.0,,0.998146468773943,0.998146468773943,0.998146468773943,0.998146468773943,-0.09095552714570232,0,E#L-X,0,24.276991047359473,29.376991047359475,,-1007.1792624551788,0.0
115.0,flow_3012.2,-17.99519677859876,-1.6,5.255624348083529,1000.0,,0.998200045414268,0.998200045414268,0.998200045414268,0.998200045414268,-1.847276214190579,0,E#L-X,0,26.904803221401238,32.00480322140124,,-1006.2556243480835,0.0
115.5,flow_3012.2,-16.034870765393784,-1.6,3.9206520264099542,1000.0,,0.9990580838465211,0.9990580838465211,0.9990580838465211,0.9990580838465211,-2.66994464334715,0,E#L-X,0,28.865129234606215,33.965129234606216,,-1004.9206520264099,0.0
116.0,flow_3012.2,-14.66811338945066,-1.6,2.733514751886246,1000.0,,0.9997082921101681,0.9997082921101681,0.9997082921101681,0.9997082921101681,-2.374274549047416,0,E#L-X,0,30.23188661054934,35.33188661054934,,-1003.7335147518862,0.0
116.5,flow_3012.2,-13.75847392191023,-1.6,1.8192789350808527,1000.0,,0.9999310712077408,0.9999310712077408,0.9999310712077408,0.9999310712077408,-1.828471633610787,0,E#L-X,0,31.14152607808977,36.24152607808977,,-1002.8192789350809,0.0
117.0,flow_3012.2,-13.18394791245639,-1.6,1.1490520189076792,6.800475292831589,flow_101.2,0.9999864757825493,0.9999864757825493,0.9999864757825493,0.9999864757825493,-1.340453832346347,0,E#L-X,0,31.71605208754361,36.81605208754361,,4.225603981092321,0.0
117.5,flow_3012.2,-12.879009361706899,-1.6,0.6098771014989834,9.182864742082097,flow_101.2,0.9135047489992485,0.9135047489992485,0.9135047489992485,0.9135047489992485,-1.0783498348173914,0,E#L-X,0,32.0209906382931,37.1209906382931,,4.764778898501016,0.0
118.0,flow_3012.2,-12.879009361706899,-1.6,0.0,11.870192742082098,flow_101.2,0.9525643145980992,0.9525643145980992,0.9525643145980992,0.9525643145980992,-1.2197542029979669,0,E#L-X,0,32.0209906382931,37.1209906382931,,5.374656,0.5
118.5,flow_3012.2,-12.6361065194534,-1.6,0.4858056845070015,14.314617899828598,flow_101.2,0.971611369014003,0.971611369014003,0.971611369014003,0.971611369014003,0.971611369014003,0,E#L-X,0,32.2638934805466,37.3638934805466,,4.8888503154929985,0.0
119.0,flow_3012.2,-12.148083926525082,-1.6,0.9760451858566311,16.51392330690028,flow_101.2,0.9804790026992592,0.9804790026992592,0.9804790026992592,0.9804790026992592,0.9804790026992592,0,E#L-X,0,32.751916073474916,37.85191607347492,,4.398610814143368,0.0
119.5,flow_3012.2,-12.100000000000001,-1.6,0.09616785305016434,19.152351869188266,flow_101.2,0.9853312658037755,0.9853312658037755,0.9853312658037755,0.9853312658037755,-1.7597546656129337,0,E#L-X,0,32.8,37.9,,5.278488146949836,0.5
120.0,flow_3012.2,-11.804637504296924,-1.6,0.5907154773224812,21.54432213052703,flow_101.2,0.9890952485446338,0.9890952485446338,0.9890952485446338,0.9890952485446338,0.9890952485446337,0,:X_11,0,33.095357738661235,0.19535773866123662,,4.7839405226775185,0.0
120.5,flow_3012.2,-10.860949044853765,-1.6,1.8873309615958016,23.537727102025933,flow_101.2,,,,,2.593230968546641,0,:X_11,0,34.03902321945914,1.1390232194591374,flow_30.2,3.986809942997816,0.0
121.0,flow_3012.2,-9.272837124669483,-1.6,3.1761464998859563,25.13635682546158,flow_101.2,,,,,2.5776310765803094,0,:X_11,0,35.62709646940211,2.727096469402116,flow_30.2,3.1972594468712905,0.0
121.5,flow_3012.2,-7.056831200415029,-1.6,4.4319039298128295,26.35659857188279,flow_101.2,,,,,2.5115148598537465,0,:X_11,0,37.84304843430853,4.943048434308531,flow_30.2,2.4404834928424206,0.0
122.0,flow_3012.2,-4.256069983556454,-1.6,5.601386037647432,27.241410793583754,flow_101.2,,,,,2.338964215669204,0,:X_11,0,40.64374145313224,7.743741453132246,flow_30.2,1.769624443401919,0.0
122.5,flow_3012.2,-1.0034493616357794,-1.2009198297695411,6.609674159045288,27.87116786075753,flow_101.2,,,,,2.016576242795713,0,:X_11,0,43.94857853265489,11.04857853265489,flow_30.2,1.2595141343475627,0.0
123.0,flow_3012.2,1.3284282135285468,1.3458199074963237,7.391964647578852,28.358596166015666,flow_101.2,,,,,1.564580977067127,0,:X_11,0,47.644560856444315,14.744560856444316,flow_30.2,0.9748566105162704,0.0
123.5,flow_3012.2,1.6,5.280747243297075,7.932699998911986,28.824144290135393,flow_101.2,,,,,1.0814707026662695,0,:X_11,0,51.61091085590031,18.71091085590031,flow_30.2,0.9310962482394549,0.0
124.0,flow_3012.2,1.6,9.416637631415096,8.271579359853122,29.368347562411873,flow_101.2,,,,,0.677758721882272,0,:X_11,0,55.74670053582687,22.84670053582687,flow_30.2,1.0884065445529565,0.0
124.5,flow_3012.2,1.6,13.65269146586624,8.471981860078738,30.059980635261574,flow_101.2,,,,,0.400805000451232,0,E#X-T,0,59.98269146586624,1.6526914658662406,flow_30.2,1.3832661456994035,0.0
125.0,flow_3012.2,1.6,18.12814208065122,8.950901229569958,1000.0,,0.9578387389824375,0.9578387389824375,0.9578387389824375,0.9578387389824375,0.9578387389824385,0,E#X-T,0,64.45814208065121,6.1281420806512195,,-1009.9509012295699,0.0
125.5,flow_3012.2,1.6,22.851611524039534,9.446938886776632,1000.0,,0.9920753144133468,0.9920753144133468,0.9920753144133468,0.9920753144133468,0.9920753144133485,0,E#X-T,0,69.18161152403954,10.851611524039535,,-1010.4469388867766,0.0
126.0,flow_3012.2,1.6,27.82262275498138,9.942022461883688,1000.0,,0.9901671502141123,0.9901671502141123,0.9901671502141123,0.9901671502141123,0.9901671502141127,0,E#X-T,0,74.15262275498138,15.82262275498138,flow_20.2,-1010.9420224618837,0.0
126.5,flow_3012.2,1.6,33.040618523299656,10.435991536636545,1000.0,,0.987938149505712,0.987938149505712,0.987938149505712,0.987938149505712,0.9879381495057125,0,E#X-T,0,79.37061852329965,21.040618523299653,flow_20.2,-1011.4359915366365,0.0
127.0,flow_3012.2,1.6,38.50495337478662,10.928669702973938,1000.0,,0.9853563326747872,0.9853563326747872,0.9853563326747872,0.9853563326747872,0.9853563326747867,0,E#X-T,0,84.83495337478662,26.504953374786623,flow_20.2,-1011.9286697029739,0.0
127.5,flow_3012.2,1.6,44.214885474590936,11.41986419960862,1000.0,,0.9823889932693651,0.9823889932693651,0.9823889932693651,0.9823889932693651,0.9823889932693639,0,E#X-T,0,90.54488547459093,32.214885474590936,flow_20.2,-1012.4198641996086,0.0
120.5,flow_0012.2,-1.6,44.9,0.0,1000.0,,,,,,0,0,E#T-X,0,0.0,5.1,,-1001.0,0.0
121.0,flow_0012.2,-1.6,44.65,0.5,1000.0,,1.0,1.0,1.0,1.0,1.0,0,E#T-X,0,0.25,5.35,,-1001.5,0.0
121.5,flow_0012.2,-1.6,44.150000019290125,0.9999999614197531,1000.0,,0.9999999228395062,0.9999999228395062,0.9999999228395062,0.9999999228395062,0.9999999228395062,0,E#T-X,0,0.7499999807098767,5.849999980709876,,-1001.9999999614198,0.0
122.0,flow_0012.2,-1.6,43.400000347222175,1.4999993441358979,1000.0,,0.9999987654322893,0.9999987654322893,0.9999987654322893,0.9999987654322893,0.9999987654322895,0,E#T-X,0,1.4999996527778254,6.599999652777825,,-1002.4999993441359,0.0
122.5,flow_0012.2,-1.6,42.40000223765149,1.9999962191413634,1000.0,,0.999993750010931,0.999993750010931,0.999993750010931,0.999993750010931,0.999993750010931,0,E#T-X,0,2.4999977623485075,7.599997762348507,,-1002.9999962191414,0.0
123.0,flow_0012.2,-1.6,41.15000906631508,2.499986342672837,1000.0,,0.9999802470629471,0.9999802470629471,0.9999802470629471,0.9999802470629471,0.9999802470629473,0,E#T-X,0,3.7499909336849253,8.849990933684925,,-1003.4999863426729,0.0
123.5,flow_0012.2,-1.6,39.65002795104237,2.9999622305454148,1000.0,,0.9999517757451555,0.9999517757451555,0.9999517757451555,0.9999517757451555,0.9999517757451555,0,E#T-X,0,5.249972048957632,10.349972048957632,,-1003.9999622305454,0.0
124.0,flow_0012.2,-1.6,37.900071834510705,3.499912233063331,1000.0,,0.9999000050358322,0.9999000050358322,0.9999000050358322,0.9999000050358322,0.9999000050358324,0,E#T-X,0,6.9999281654892975,12.099928165489297,,-1004.4999122330634,0.0
124.5,flow_0012.2,-1.6,35.900162028919944,3.9998196111815183,1000.0,,0.9998147562363746,0.9998147562363746,0.9998147562363746,0.9998147562363746,0.9998147562363746,0,E#T-X,0,8.999837971080057,14.099837971080056,,-1004.9998196111815,0.0
125.0,flow_0012.2,-1.6,33.65033122142289,4.499661614994119,1000.0,,0.9996840076252022,0.9996840076252022,0.9996840076252022,0.9996840076252022,0.999684007625202,0,E#T-X,0,11.249668778577115,16.349668778577115,,-1005.4996616149941,0.0
125.5,flow_0012.2,-1.6,31.150626938361807,4.999408566122158,1000.0,,0.9994939022560778,0.9994939022560778,0.9994939022560778,0.9994939022560778,0.9994939022560771,0,E#T-X,0,13.749373061638194,18.849373061638193,,-1005.9994085661222,0.0
126.0,flow_0012.2,-1.6,28.401115465280828,5.499022946161957,1000.0,,0.9992287600795975,0.9992287600795975,0.9992287600795975,0.9992287600795975,0.9992287600795979,0,E#T-X,0,16.498884534719174,21.598884534719172,,-1006.499022946162,0.0
126.5,flow_0012.2,-1.6,25.40188621826279,5.9984584940360826,1000.0,,0.9988710957482514,0.9988710957482514,0.9988710957482514,0.9988710957482514,0.9988710957482514,0,E#T-X,0,19.49811378173721,24.59811378173721,,-1006.9984584940361,0.0
127.0,flow_0012.2,-1.6,22.24203055616658,6.31971132419242,1000.0,,0.9984016436394725,0.9984016436394725,0.9984016436394725,0.9984016436394725,0.6425056603126755,0,E#T-X,0,22.657969443833423,27.75796944383342,,-1007.3197113241924,0.0
127.5,flow_0012.2,-1.6,19.331366486093515,5.8213281401461305,1000.0,,0.9980307359887618,0.9980307359887618,0.9980307359887618,0.9980307359887618,-0.9967663680925796,0,E#T-X,0,25.568633513906484,30.668633513906485,,-1006.8213281401461,0.0
128.0,flow_0012.2,-1.6,17.01504265703955,4.632647658107933,1000.0,,0.9985822380931826,0.9985822380931826,0.9985822380931826,0.9985822380931826,-2.377360964076395,0,E#T-X,0,27.884957342960448,32.98495734296045,,-1005.6326476581079,0.0
128.5,flow_0012.2,-1.6,15.344186613673457,3.3417120867321817,1000.0,,0.9994313669950343,0.9994313669950343,0.9994313669950343,0.9994313669950343,-2.5818711427515026,0,E#T-X,0,29.55581338632654,34.65581338632654,,-1004.3417120867322,0.0
129.0,flow_0012.2,-1.6,14.20337358949697,2.2816260483529818,1000.0,,0.999846045956784,0.999846045956784,0.999846045956784,0.999846045956784,-2.1201720767584,0,E#T-X,0,30.69662641050303,35.79662641050303,,-1003.281626048353,0.0
129.5,flow_0012.2,-1.6,13.460090453693574,1.4865662716067867,1000.0,,0.9999665425493117,0.9999665425493117,0.9999665425493117,0.9999665425493117,-1.5901195534923902,0,E#T-X,0,31.439909546306424,36.539909546306426,,-1002.4865662716068,0.0
130.0,flow_0012.2,-1.6,13.010580642389101,0.8990196226089431,1000.0,,0.9999939709056399,0.9999939709056399,0.9999939709056399,0.9999939709056399,-1.1750932979956872,0,E#T-X,0,31.889419357610898,36.9894193576109,,-1001.899019622609,0.0
130.5,flow_0012.2,-1.6,12.851335583053803,0.3184901186706023,1000.0,,0.999999193523596,0.999999193523596,0.999999193523596,0.999999193523596,-1.1610590078766816,0,E#T-X,0,32.048664416946195,37.1486644169462,,-1001.3184901186706,0.0
131.0,flow_0012.2,-1.6,12.851335583053803,0.0,1000.0,,0.9999999872972184,0.9999999872972184,0.9999999872972184,0.9999999872972184,-0.6369802373412046,0,E#T-X,0,32.048664416946195,37.1486644169462,,-1001.0,0.5
131.5,flow_0012.2,-1.6,12.601335583053803,0.5,1000.0,,1.0,1.0,1.0,1.0,1.0,0,E#T-X,0,32.298664416946195,37.3986644169462,,-1001.5,0.0
132.0,flow_0012.2,-1.6,12.601335583053803,0.0,1000.0,,0.9999999228395062,0.9999999228395062,0.9999999228395062,0.9999999228395062,-1.0,0,E#T-X,0,32.298664416946195,37.3986644169462,,-1001.0,0.5
132.5,flow_0012.2,-1.6,12.351335583053803,0.5,1.251335583053803,flow_30.2,1.0,1.0,1.0,1.0,1.0,0,E#T-X,0,32.548664416946195,37.6486644169462,,0.33530393704649986,0.0
133.0,flow_0012.2,-1.6,12.351335583053803,0.0,1.251335583053803,flow_30.2,-2.775905395196485,-2.775905395196485,-2.775905395196485,-2.775905395196485,-1.0,0,E#T-X,0,32.548664416946195,37.6486644169462,,1.598483752873948,0.5
133.5,flow_0012.2,-1.6,12.351335583053803,0.0,1.251335583053803,flow_30.2,-1.5545382069834495,-1.5545382069834495,-1.5545382069834495,-1.5545382069834495,0.0,0,E#T-X,0,32.548664416946195,37.6486644169462,,2.836490515469609,1.0
134.0,flow_0012.2,-1.6,12.351335583053803,0.0,1.0101938171533233,flow_30.2,-1.5545382069834495,-1.5545382069834495,-1.5545382069834495,-1.5545382069834495,0.0,0,E#T-X,0,32.548664416946195,37.6486644169462,,3.833194223701028,1.5
134.5,flow_0012.2,-1.6,12.351335583053803,0.0,3.460475676548691,flow_30.2,-2.9196796945524968,-2.9196796945524968,-2.9196796945524968,-2.9196796945524968,0.0,0,E#T-X,0,32.548664416946195,37.6486644169462,,4.9005637187907345,2.0
135.0,flow_0012.2,-1.6,12.184843643726417,0.3329838786547747,6.373154717929957,flow_30.2,0.6659677573095494,0.6659677573095494,0.6659677573095494,0.6659677573095494,0.6659677573095494,0,E#T-X,0,32.71515635627358,37.81515635627358,,5.825358082762529,0.0
135.5,flow_0012.2,-1.6,11.942331046418321,0.48502238615877713,9.810529837307756,flow_30.2,0.901519298221243,0.901519298221243,0.901519298221243,0.901519298221243,0.3040770150080049,0,:X_2,0,32.95766754935297,0.05766754935297058,,6.874750238755598,0.0
136.0,flow_0012.2,-1.6,11.522929001899907,0.8387836643072353,13.624742292000377,flow_30.2,,,,,0.7075225562969163,0,:X_2,0,33.377059381506584,0.4770593815065882,,7.629120647376662,0.0
136.5,flow_0012.2,-1.6,10.770248501165433,1.50532434619772,17.593985651067335,flow_30.2,,,,,1.3330813637809693,0,:X_2,0,34.129721554605446,1.2297215546054483,,7.938486718133913,0.0
137.0,flow_0012.2,-1.6,9.41747116487163,2.705488792815076,21.369952449816566,flow_30.2,,,,,2.4003288932347124,0,:X_2,0,35.48246595101298,2.5824659510129866,,7.551933597498461,0.0
137.5,flow_0012.2,-1.6,7.678604274070171,3.477649099407149,25.00642238660873,flow_30.2,,,,,1.544320613184146,0,:X_2,0,37.22129050071656,4.321290500716561,,7.272939873584329,0.0
138.0,flow_0012.2,-1.6,5.695391143236115,3.9663296798978287,28.644429311438266,flow_30.2,,,,,0.9773611609813591,0,:X_2,0,39.204455340665476,6.304455340665475,,7.2760138496590745,0.0
138.5,flow_0012.2,-1.6,3.136667292861482,5.117323091812747,31.895068410578585,flow_30.2,,,,,2.3019868238298358,0,:X_2,0,41.76311688657185,8.863116886571849,,6.501278198280636,0.0
139.0,flow_0012.2,-0.895342227674158,0.23420699425200797,6.05124224687311,34.80823036493473,flow_30.2,,,,,1.8678383101207263,0,:X_2,0,44.7887380100084,11.888738010008403,,5.826323908712284,0.0
139.5,flow_0012.2,1.8284432503333914,-1.4209182000889045,6.6929719006499875,37.48684002791984,flow_30.2,,,,,1.2834593075537555,0,:X_2,0,48.13522396033339,15.235223960333396,,5.357219325970234,0.0
140.0,flow_0012.2,5.336206544891262,-1.6,7.062289693474052,1000.0,,,,,,0.7386355856481295,0,:X_2,0,51.66636880707042,18.76636880707042,,-1008.0622896934741,0.0
140.5,flow_0012.2,8.960287623269053,-1.6,7.247985665303017,1000.0,,,,,,0.3713919436579296,0,:X_2,0,55.29036163972193,22.39036163972193,,-1008.247985665303,0.0
141.0,flow_0012.2,12.626844223151004,-1.6,7.332965166858144,1000.0,,,,,,0.1699590031102538,0,E#X-R,0,58.956844223151,0.6268442231510036,,-1008.3329651668581,0.0
141.5,flow_0012.2,16.542434377984193,-1.6,7.831180309666382,1000.0,,0.9964302856164763,0.9964302856164763,0.9964302856164763,0.9964302856164763,0.9964302856164764,0,E#X-R,0,62.87243437798419,4.542434377984195,,-1008.8311803096664,0.0
142.0,flow_0012.2,20.70686371548524,-1.6,8.32885867500209,1000.0,,0.9953567306714175,0.9953567306714175,0.9953567306714175,0.9953567306714175,0.995356730671416,0,E#X-R,0,67.03686371548524,8.706863715485241,,-1009.328858675002,0.0
142.5,flow_0012.2,25.11980781187562,-1.6,8.825888192780763,1000.0,,0.994059035557344,0.994059035557344,0.994059035557344,0.994059035557344,0.9940590355573455,0,E#X-R,0,71.44980781187562,13.119807811875623,,-1009.8258881927808,0.0
143.0,flow_0012.2,29.780879120017158,-1.6,9.32214261628307,1000.0,,0.9925088470046137,0.9925088470046137,0.9925088470046137,0.9925088470046137,0.9925088470046148,0,E#X-R,0,76.11087912001716,17.780879120017158,,-1010.322142616283,0.0
143.5,flow_0012.2,34.68961955864892,-1.6,9.817480877263536,1000.0,,0.9906765219609313,0.9906765219609313,0.9906765219609313,0.9906765219609313,0.9906765219609319,0,E#X-R,0,81.01961955864893,22.689619558648925,,-1010.8174808772635,0.0
144.0,flow_0012.2,39.845492815384134,-1.6,10.31174651347041,1000.0,,0.9885312724137502,0.9885312724137502,0.9885312724137502,0.9885312724137502,0.9885312724137485,0,E#X-R,0,86.17549281538413,27.84549281538413,,-1011.3117465134704,0.0
144.5,flow_0012.2,45.24787640578395,-1.6,10.804767180799637,1000.0,,0.9860413346584529,0.9860413346584529,0.9860413346584529,0.9860413346584529,0.9860413346584522,0,E#X-R,0,91.57787640578394,33.24787640578395,,-1011.8047671807997,0.0
120.5,flow_1012.2,44.9,1.6,0.0,1000.0,,,,,,0,0,E#R-X,0,0.0,5.1,,-1001.0,0.0
121.0,flow_1012.2,44.65,1.6,0.5,1000.0,,1.0,1.0,1.0,1.0,1.0,0,E#R-X,0,0.25,5.35,,-1001.5,0.0
121.5,flow_1012.2,44.150000019290125,1.6,0.9999999614197531,1000.0,,0.9999999228395062,0.9999999228395062,0.9999999228395062,0.9999999228395062,0.9999999228395062,0,E#R-X,0,0.7499999807098767,5.849999980709876,,-1001.9999999614198,0.0
122.0,flow_1012.2,43.400000347222175,1.6,1.4999993441358979,1000.0,,0.9999987654322893,0.9999987654322893,0.9999987654322893,0.9999987654322893,0.9999987654322895,0,E#R-X,0,1.4999996527778254,6.599999652777825,,-1002.4999993441359,0.0
122.5,flow_1012.2,42.40000223765149,1.6,1.9999962191413634,1000.0,,0.999993750010931,0.999993750010931,0.999993750010931,0.999993750010931,0.999993750010931,0,E#R-X,0,2.4999977623485075,7.599997762348507,,-1002.9999962191414,0.0
123.0,flow_1012.2,41.15000906631508,1.6,2.499986342672837,1000.0,,0.9999802470629471,0.9999802470629471,0.9999802470629471,0.9999802470629471,0.9999802470629473,0,E#R-X,0,3.7499909336849253,8.849990933684925,,-1003.4999863426729,0.0
123.5,flow_1012.2,39.65002795104237,1.6,2.9999622305454148,1000.0,,0.9999517757451555,0.9999517757451555,0.9999517757451555,0.9999517757451555,0.9999517757451555,0,E#R-X,0,5.249972048957632,10.349972048957632,,-1003.9999622305454,0.0
124.0,flow_1012.2,37.900071834510705,1.6,3.499912233063331,1000.0,,0.9999000050358322,0.9999000050358322,0.9999000050358322,0.9999000050358322,0.9999000050358324,0,E#R-X,0,6.9999281654892975,12.099928165489297,,-1004.4999122330634,0.0
124.5,flow_1012.2,35.900162028919944,1.6,3.9998196111815183,1000.0,,0.9998147562363746,0.9998147562363746,0.9998147562363746,0.9998147562363746,0.9998147562363746,0,E#R-X,0,8.999837971080057,14.099837971080056,,-1004.9998196111815,0.0
125.0,flow_1012.2,33.65033122142289,1.6,4.499661614994119,1000.0,,0.9996840076252022,0.9996840076252022,0.9996840076252022,0.9996840076252022,0.999684007625202,0,E#R-X,0,11.249668778577115,16.349668778577115,,-1005.4996616149941,0.0
125.5,flow_1012.2,31.150626938361807,1.6,4.999408566122158,1000.0,,0.9994939022560778,0.9994939022560778,0.9994939022560778,0.9994939022560778,0.9994939022560771,0,E#R-X,0,13.749373061638194,18.849373061638193,,-1005.9994085661222,0.0
126.0,flow_1012.2,28.401115465280828,1.6,5.499022946161957,1000.0,,0.9992287600795975,0.9992287600795975,0.9992287600795975,0.9992287600795975,0.9992287600795979,0,E#R-X,0,16.498884534719174,21.598884534719172,,-1006.499022946162,0.0
126.5,flow_1012.2,25.40188621826279,1.6,5.9984584940360826,1000.0,,0.9988710957482514,0.9988710957482514,0.9988710957482514,0.9988710957482514,0.9988710957482514,0,E#R-X,0,19.49811378173721,24.59811378173721,,-1006.9984584940361,0.0
127.0,flow_1012.2,22.226097474902588,1.6,6.351577486720404,1000.0,,0.9984016436394725,0.9984016436394725,0.9984016436394725,0.9984016436394725,0.7062379853686434,0,E#R-X,0,22.67390252509741,27.773902525097412,,-1007.3515774867204,0.0
127.5,flow_1012.2,19.29916235751419,1.6,5.853870234776794,1000.0,,0.9979907157322386,0.9979907157322386,0.9979907157322386,0.9979907157322386,-0.9954145038872202,0,E#R-X,0,25.600837642485807,30.70083764248581,,-1006.8538702347768,0.0
128.0,flow_1012.2,16.983572668870032,1.6,4.631179377288314,1000.0,,0.9985502692686081,0.9985502692686081,0.9985502692686081,0.9985502692686081,-2.4453817149769606,0,E#R-X,0,27.916427331129967,33.01642733112997,,-1005.6311793772883,0.0
128.5,flow_1012.2,15.321092987104564,1.6,3.3249593635309322,1000.0,,0.9994320875472122,0.9994320875472122,0.9994320875472122,0.9994320875472122,-2.6124400275147632,0,E#R-X,0,29.578907012895435,34.678907012895436,,-1004.324959363531,0.0
129.0,flow_1012.2,14.18792153631832,1.6,2.2663429015724845,1000.0,,0.9998491100381834,0.9998491100381834,0.9998491100381834,0.9998491100381834,-2.1172329239168954,0,E#R-X,0,30.712078463681678,35.81207846368168,,-1003.2663429015724,0.0
129.5,flow_1012.2,13.450341774660068,1.6,1.4751595233165047,1000.0,,0.9999674300223069,0.9999674300223069,0.9999674300223069,0.9999674300223069,-1.5823667565119597,0,E#R-X,0,31.44965822533993,36.54965822533993,,-1002.4751595233165,0.0
130.0,flow_1012.2,13.005299963515782,1.6,0.8900836222885693,1000.0,,0.9999941538368592,0.9999941538368592,0.9999941538368592,0.9999941538368592,-1.1701518020558708,0,E#R-X,0,31.894700036484217,36.99470003648422,,-1001.8900836222886,0.0
130.5,flow_1012.2,12.852367312150129,1.6,0.3058653027313075,1000.0,,0.9999992251132744,0.9999992251132744,0.9999992251132744,0.9999992251132744,-1.1684366391145236,0,E#R-X,0,32.04763268784987,37.14763268784987,,-1001.3058653027313,0.0
131.0,flow_1012.2,12.851440550759477,1.6,0.0018535227812974675,1000.0,,0.9999999891947248,0.9999999891947248,0.9999999891947248,0.9999999891947248,-0.6080235599000201,0,E#R-X,0,32.04855944924052,37.14855944924052,,-1001.0018535227813,0.5
131.5,flow_1012.2,12.600513789368826,1.6,0.5018535227812975,1000.0,,1.0,1.0,1.0,1.0,1.0,0,E#R-X,0,32.29948621063117,37.399486210631174,,-1001.5018535227813,0.0
132.0,flow_1012.2,12.600513789368826,1.6,0.0,1000.0,,0.9999999216889784,0.9999999216889784,0.9999999216889784,0.9999999216889784,-1.003707045562595,0,E#R-X,0,32.29948621063117,37.399486210631174,,-1001.0,0.5
132.5,flow_1012.2,12.350513789368826,1.6,0.5,1000.0,,1.0,1.0,1.0,1.0,1.0,0,E#R-X,0,32.54948621063117,37.649486210631174,,-1001.5,0.0
133.0,flow_1012.2,12.098457899251656,1.6,0.5041117802343409,1000.0,,0.9999999228395062,0.9999999228395062,0.9999999228395062,0.9999999228395062,0.008223560468681779,0,E#R-X,0,32.80154210074834,37.901542100748344,,-1001.5041117802343,0.0
133.5,flow_1012.2,11.816283215590815,1.6,0.5643404203799818,1000.0,,0.9999999202698895,0.9999999202698895,0.9999999202698895,0.9999999202698895,0.12045728029128178,0,:X_5,0,33.08371231093833,0.18371231093833273,,-1001.56434042038,0.0
134.0,flow_1012.2,11.389484773573658,1.6,0.8535760991028103,1000.0,,,,,,0.578471357445657,0,:X_5,0,33.510500360489736,0.6105003604897379,,-1001.8535760991028,0.0
134.5,flow_1012.2,10.63532213688512,1.6,1.5082885459263542,1000.0,,,,,,1.3094248936470878,0,:X_5,0,34.26464463345291,1.364644633452915,,-1002.5082885459263,0.0
135.0,flow_1012.2,9.255500672998894,1.6,2.7595757309605817,1000.0,,,,,,2.502574370068455,0,:X_5,0,35.644432498933206,2.7444324989332056,,-1003.7595757309606,0.0
135.5,flow_1012.2,7.348949158159344,1.6,3.813010181302105,1000.0,,,,,,2.1068689006830468,0,:X_5,0,37.55093758958426,4.650937589584258,,-1004.8130101813022,0.0
136.0,flow_1012.2,4.959149804924917,1.6,4.779482324094934,1000.0,,,,,,1.9329442855856573,0,:X_5,0,39.94067875163172,7.040678751631725,,-1005.7794823240949,0.0
136.5,flow_1012.2,2.0855838256220656,1.4894890201658844,5.775954841357293,1000.0,,,,,,1.992945034524718,0,:X_5,0,42.82865617231037,9.92865617231037,,-1006.7759548413572,0.0
137.0,flow_1012.2,-0.7972287227650685,-0.05199619942084155,6.811327845089277,1000.0,,,,,,2.0707460074639688,0,:X_5,0,46.23432009485501,13.33432009485501,,-1007.8113278450893,0.0
137.5,flow_1012.2,-1.6,-3.71933794592303,7.6304389674169455,1000.0,,,,,,1.6382222446553367,0,:X_5,0,50.04953957856348,17.14953957856348,,-1008.6304389674169,0.0
138.0,flow_1012.2,-1.6,-7.82362033861486,8.208364908298815,1000.0,,,,,,1.1558518817637395,0,:X_5,0,54.153722032712885,21.253722032712886,,-1009.2083649082988,0.0
138.5,flow_1012.2,-1.6,-12.110730602842551,8.57401714025933,1000.0,,,,,,0.7313044639210311,0,E#X-D,0,58.44073060284255,0.1107306028425512,,-1009.5740171402593,0.0
139.0,flow_1012.2,-1.6,-16.646071187056148,9.07068116842719,1000.0,,0.9933280563357216,0.9933280563357216,0.9933280563357216,0.9933280563357216,0.9933280563357201,0,E#X-D,0,62.97607118705614,4.646071187056147,,-1010.0706811684272,0.0
139.5,flow_1012.2,-1.6,-21.429322404912863,9.566502435713435,1000.0,,0.9916425345724882,0.9916425345724882,0.9916425345724882,0.9916425345724882,0.9916425345724882,0,E#X-D,0,67.75932240491287,9.429322404912863,,-1010.5665024357135,0.0
140.0,flow_1012.2,-1.6,-26.45998857998474,10.06133235014375,1000.0,,0.9896598288606306,0.9896598288606306,0.9896598288606306,0.9896598288606306,0.9896598288606313,0,E#X-D,0,72.78998857998474,14.459988579984739,,-1011.0613323501437,0.0
140.5,flow_1012.2,-1.6,-31.737491916896897,10.555006673824318,1000.0,,0.9873486473611351,0.9873486473611351,0.9873486473611351,0.9873486473611351,0.9873486473611344,0,E#X-D,0,78.0674919168969,19.737491916896897,,-1011.5550066738243,0.0
141.0,flow_1012.2,-1.6,-37.26116445769,11.047345081586204,1000.0,,0.9846768155237742,0.9846768155237742,0.9846768155237742,0.9846768155237742,0.9846768155237733,0,E#X-D,0,83.59116445769,25.26116445769,,-1012.0473450815862,0.0
141.5,flow_1012.2,-1.6,-43.030239869699415,11.53815082401882,1000.0,,0.981611484865229,0.981611484865229,0.981611484865229,0.981611484865229,0.9816114848652298,0,E#X-D,0,89.36023986969941,31.03023986969941,,-1012.5381508240188,0.0
142.0,flow_1012.2,-1.6,-49.04384512414031,12.027210508881803,1000.0,,0.9781193697259666,0.9781193697259666,0.9781193697259666,0.9781193697259666,0.9781193697259667,0,E#X-D,0,95.3738451241403,37.04384512414031,,-1013.0272105088818,0.0
120.5,flow_20.2,1.6,-44.9,0.0,27.20309479432474,flow_2012.2,,,,,0,0,E#D-X,0,0.0,5.1,,0.27214584710456946,0.0
121.0,flow_20.2,1.6,-44.65135133607324,0.4972973278535224,27.090519053950267,flow_2012.2,0.9945946557070448,0.9945946557070448,0.9945946557070448,0.9945946557070448,0.9945946557070448,0,E#D-X,0,0.24864866392676088,5.3486486639267605,,-0.22515148074895291,0.0
121.5,flow_20.2,1.6,-44.15490562117088,0.9928914298047127,26.7345240134577,flow_2012.2,0.9911882039023807,0.9911882039023807,0.9911882039023807,0.9911882039023807,0.9911882039023806,0,E#D-X,0,0.7450943788291173,5.845094378829117,,-0.7119900809851252,0.0
122.0,flow_20.2,1.6,-43.4122267091187,1.4853578241043666,26.15822418059568,flow_2012.2,0.9849327885993079,0.9849327885993079,0.9849327885993079,0.9849327885993079,0.9849327885993078,0,E#D-X,0,1.4877732908813002,6.5877732908813,,-1.1525996657240418,0.0
122.5,flow_20.2,1.6,-42.42594615707996,1.9725611040774784,25.40373003149368,flow_2012.2,0.9744065599462235,0.9744065599462235,0.9744065599462235,0.9744065599462235,0.9744065599462237,0,E#D-X,0,2.474053842920039,7.574053842920039,,-1.508988298204007,0.0
123.0,flow_20.2,1.6,-41.20009589242882,2.451700529302276,24.537835267040702,flow_2012.2,0.9582788504495953,0.9582788504495953,0.9582788504495953,0.9582788504495953,0.9582788504495952,0,E#D-X,0,3.699904107571177,8.799904107571177,,-1.731789528905948,0.0
123.5,flow_20.2,1.6,-39.740140577900384,2.9199106290568744,23.29140635688762,flow_2012.2,0.936420199509197,0.936420199509197,0.936420199509197,0.936420199509197,0.9364201995091967,0,E#D-X,0,5.159859422099615,10.259859422099614,,-2.49285782030616,0.0
124.0,flow_20.2,1.6,-38.058906892669086,3.362467370462592,21.62697949459076,flow_2012.2,0.8851134828114349,0.8851134828114349,0.8851134828114349,0.8851134828114349,0.8851134828114349,0,E#D-X,0,6.841093107330911,11.94109310733091,,-3.328853724593724,0.0
124.5,flow_20.2,1.6,-36.18043888218257,3.75693602097304,20.415318131348414,flow_2012.2,0.7889373010208958,0.7889373010208958,0.7889373010208958,0.7889373010208958,0.788937301020896,0,E#D-X,0,8.719561117817431,13.81956111781743,,-2.423322726484699,0.0
125.0,flow_20.2,1.6,-34.1058680701897,4.149141623985733,19.65753896749855,flow_2012.2,0.7844112060253865,0.7844112060253865,0.7844112060253865,0.7844112060253865,0.7844112060253856,0,E#D-X,0,10.794131929810296,15.894131929810296,,-1.5155583276997193,0.0
125.5,flow_20.2,1.6,-31.830541455671742,4.550653229035923,19.348871793935892,flow_2012.2,0.8030232101003811,0.8030232101003811,0.8030232101003811,0.8030232101003811,0.8030232101003811,0,E#D-X,0,13.069458544328258,18.169458544328258,,-0.6173343471253174,0.0
126.0,flow_20.2,1.6,-29.344914099678014,4.971254711987447,52.1675368546594,flow_3012.2,0.8412029659030469,0.8412029659030469,0.8412029659030469,0.8412029659030469,0.8412029659030473,0,E#D-X,0,15.555085900321982,20.655085900321982,,4.9707677498962415,0.0
126.5,flow_20.2,1.6,-26.609842697943648,5.470142803468744,54.650461221243305,flow_3012.2,0.9977761829625946,0.9977761829625946,0.9977761829625946,0.9977761829625946,0.9977761829625944,0,E#D-X,0,18.290157302056357,23.390157302056355,,4.9658487331678005,0.0
127.0,flow_20.2,1.6,-23.625382460687597,5.968920474512099,57.13033583547422,flow_3012.2,0.99755534208671,0.99755534208671,0.99755534208671,0.99755534208671,0.9975553420867094,0,E#D-X,0,21.274617539312402,26.374617539312403,,4.959749228461839,0.0
127.5,flow_20.2,1.6,-20.622471624870855,6.005821671633481,59.83735709946179,flow_3012.2,0.9972073577714742,0.9972073577714742,0.9972073577714742,0.9972073577714742,0.07380239424276525,0,E#D-X,0,24.277528375129144,29.377528375129145,,5.4140425279751385,0.0
128.0,flow_20.2,1.6,-18.023423685410727,5.19809587892026,1000.0,,0.9972766216689257,0.9972766216689257,0.9972766216689257,0.9972766216689257,-1.6154515854264435,0,E#D-X,0,26.876576314589272,31.976576314589273,,-1006.1980958789203,0.0
128.5,flow_20.2,1.6,-16.060093491861608,3.9266603870982424,1000.0,,0.9990986527784455,0.9990986527784455,0.9990986527784455,0.9990986527784455,-2.5428709836440344,0,E#D-X,0,28.83990650813839,33.93990650813839,,-1004.9266603870982,0.0
129.0,flow_20.2,1.6,-14.685802092458836,2.7485827988055456,1000.0,,0.9997064998375712,0.9997064998375712,0.9997064998375712,0.9997064998375712,-2.3561551765853936,0,E#D-X,0,30.214197907541163,35.314197907541164,,-1003.7485827988055,0.0
129.5,flow_20.2,1.6,-13.769948339080976,1.831707506755718,1000.0,,0.9999295387605825,0.9999295387605825,0.9999295387605825,0.9999295387605825,-1.833750584099655,0,E#D-X,0,31.130051660919023,36.230051660919024,,-1002.8317075067557,0.0
130.0,flow_20.2,1.6,-13.190811976023241,1.1582727261154764,1000.0,,0.9999861024104171,0.9999861024104171,0.9999861024104171,0.9999861024104171,-1.3468695612804833,0,E#D-X,0,31.709188023976758,36.80918802397676,,-1002.1582727261155,0.0
130.5,flow_20.2,1.6,-12.88137829748868,0.6188673570691171,1000.0,,0.9999977779271063,0.9999977779271063,0.9999977779271063,0.9999977779271063,-1.0788107380927185,0,E#D-X,0,32.01862170251132,37.11862170251132,,-1001.6188673570691,0.0
131.0,flow_20.2,1.6,-12.32194466422775,1.1188672665218622,1000.0,,0.99999981890549,0.99999981890549,0.99999981890549,0.99999981890549,0.9999998189054902,0,E#D-X,0,32.57805533577225,37.67805533577225,,-1002.1188672665219,0.0
131.5,flow_20.2,1.6,-11.512511514659217,1.618866299137063,1000.0,,0.9999980652304018,0.9999980652304018,0.9999980652304018,0.9999980652304018,0.9999980652304017,0,:X_7,0,33.38748848534078,0.4874884853407835,,-1002.618866299137,0.0
132.0,flow_20.2,1.6,-10.053629527883448,2.9177639735515353,1000.0,,,,,,2.5977953488289445,0,:X_7,0,34.84637047211655,1.9463704721165511,,-1003.9177639735516,0.0
132.5,flow_20.2,1.6,-7.948615089239107,4.210028877288684,1000.0,,,,,,2.584529807474297,0,:X_7,0,36.95138491076089,4.051384910760893,,-1005.2100288772887,0.0
133.0,flow_20.2,1.6,-5.207931176139393,5.4813678261994285,1000.0,,,,,,2.5426778978214895,0,:X_7,0,39.69206882386061,6.792068823860607,,-1006.4813678261994,0.0
133.5,flow_20.2,1.6,-1.8550638967599475,6.7057345587588895,1000.0,,,,,,2.448733465118922,0,:X_7,0,43.04493610324005,10.144936103240052,,-1007.7057345587589,0.0
134.0,flow_20.2,1.6,2.0677547427153407,7.845637278950576,1000.0,,,,,,2.279805440383374,0,:X_7,0,46.96775474271534,14.06775474271534,,-1008.8456372789506,0.0
134.5,flow_20.2,1.6,6.496857074598523,8.858204663766363,1000.0,,,,,,2.025134769631574,0,:X_7,0,51.39685707459852,18.496857074598523,,-1009.8582046637664,0.0
135.0,flow_20.2,1.6,11.350369536969556,9.707024924742063,1000.0,,,,,,1.6976405219513993,0,:X_7,0,56.25036953696956,23.350369536969556,,-1010.7070249247421,0.0
135.5,flow_20.2,1.6,16.537702772924252,10.374666471909391,1000.0,,,,,,1.335283094334656,0,E#X-T,0,61.437702772924254,4.537702772924252,,-1011.3746664719093,0.0
136.0,flow_20.2,1.6,21.971460387174137,10.867515228499768,1000.0,,0.985697513180753,0.985697513180753,0.985697513180753,0.985697513180753,0.985697513180753,0,E#X-T,0,66.87146038717414,9.971460387174137,,-1011.8675152284998,0.0
136.5,flow_20.2,1.6,27.5778171635585,11.21271355276873,1000.0,,0.9827798864508399,0.9827798864508399,0.9827798864508399,0.9827798864508399,0.6903966485379236,0,E#X-T,0,72.4778171635585,15.577817163558501,,-1012.2127135527687,0.0
137.0,flow_20.2,1.6,33.29972114328909,11.443807959461179,1000.0,,0.9804854791979287,0.9804854791979287,0.9804854791979287,0.9804854791979287,0.46218881338489837,0,E#X-T,0,78.19972114328908,21.29972114328909,,-1012.4438079594612,0.0
137.5,flow_20.2,1.6,39.096522438266376,11.593602589954564,1000.0,,0.9788262770593672,0.9788262770593672,0.9788262770593672,0.9788262770593672,0.29958926098677097,0,E#X-T,0,83.99652243826637,27.096522438266373,,-1012.5936025899546,0.0
138.0,flow_20.2,1.6,44.940800014812424,11.688555153092103,1000.0,,0.9776956989338794,0.9776956989338794,0.9776956989338794,0.9776956989338794,0.18990512627507883,0,E#X-T,0,89.84080001481243,32.940800014812424,,-1012.6885551530921,0.0
120.5,flow_30.2,-44.9,-1.6,0.0,29.03902321945914,flow_3012.2,,,,,0,0,E#L-X,0,0.0,5.1,,1.8873309615958016,0.0
121.0,flow_30.2,-44.65118586702248,-1.6,0.49762826595504883,30.37828233642459,flow_3012.2,0.9952565319100977,0.9952565319100977,0.9952565319100977,0.9952565319100977,0.9952565319100977,0,E#L-X,0,0.24881413297752442,5.348814132977524,,2.6785182339309075,0.0
121.5,flow_30.2,-44.15345536438765,-1.6,0.9954610052696398,32.09650379869618,flow_3012.2,0.9956654786291819,0.9956654786291819,0.9956654786291819,0.9956654786291819,0.9956654786291819,0,E#L-X,0,0.7465446356123442,5.846544635612344,,3.43644292454319,0.0
122.0,flow_30.2,-43.40669586374264,-1.6,1.493519001290027,1000.0,,0.9961159920407744,0.9961159920407744,0.9961159920407744,0.9961159920407744,0.9961159920407745,0,E#L-X,0,1.4933041362573576,6.593304136257357,,-1002.49351900129,0.0
122.5,flow_30.2,-42.40993789876798,-1.6,1.9935159299493288,1000.0,,0.9999938573186037,0.9999938573186037,0.9999938573186037,0.9999938573186037,0.9999938573186036,0,E#L-X,0,2.490062101232022,7.5900621012320215,,-1002.9935159299494,0.0
123.0,flow_30.2,-41.16318480833548,-1.6,2.4935061808649985,1000.0,,0.9999805018313392,0.9999805018313392,0.9999805018313392,0.9999805018313392,0.9999805018313395,0,E#L-X,0,3.7368151916645207,8.83681519166452,,-1003.493506180865,0.0
123.5,flow_30.2,-39.6664436494508,-1.6,2.993482317769362,1000.0,,0.9999522738087275,0.9999522738087275,0.9999522738087275,0.9999522738087275,0.9999522738087272,0,E#L-X,0,5.233556350549202,10.333556350549202,,-1003.9934823177693,0.0
124.0,flow_30.2,-37.91972727401702,-1.6,3.4934327508675547,1000.0,,0.9999008661963849,0.9999008661963849,0.9999008661963849,0.9999008661963849,0.9999008661963851,0,E#L-X,0,6.98027272598298,12.08027272598298,,-1004.4934327508676,0.0
124.5,flow_30.2,-35.923056867528544,-1.6,3.993340812976953,1000.0,,0.9998161242187972,0.9998161242187972,0.9998161242187972,0.9998161242187972,0.9998161242187971,0,E#L-X,0,8.976943132471456,14.076943132471456,,-1004.993340812977,0.0
125.0,flow_30.2,-33.67646494854022,-1.6,4.4931838379766464,1000.0,,0.9996860499993859,0.9996860499993859,0.9996860499993859,0.9996860499993859,0.9996860499993865,0,E#L-X,0,11.223535051459779,16.32353505145978,,-1005.4931838379766,0.0
125.5,flow_30.2,-31.179998826974163,-1.6,4.992932243132114,1000.0,,0.9994968103109354,0.9994968103109354,0.9994968103109354,0.9994968103109354,0.9994968103109354,0,E#L-X,0,13.720001173025837,18.820001173025837,,-1005.9929322431321,0.0
126.0,flow_30.2,-28.433724518249925,-1.6,5.492548617448481,1000.0,,0.9992327486327339,0.9992327486327339,0.9992327486327339,0.9992327486327339,0.9992327486327337,0,E#L-X,0,16.466275481750074,21.566275481750075,,-1006.4925486174485,0.0
126.5,flow_30.2,-25.437731108807554,-1.6,5.991986818884743,1000.0,,0.9988764028725233,0.9988764028725233,0.9988764028725233,0.9988764028725233,0.9988764028725239,0,E#L-X,0,19.462268891192444,24.562268891192446,,-1006.9919868188847,0.0
127.0,flow_30.2,-22.282108906788483,-1.6,6.311244404038134,1000.0,,0.9984085302854776,0.9984085302854776,0.9984085302854776,0.9984085302854776,0.638515170306782,0,E#L-X,0,22.61789109321151,27.717891093211513,,-1007.3112444040381,0.0
127.5,flow_30.2,-19.371078765187875,-1.6,5.8220602832012345,1000.0,,0.9980412681932762,0.9980412681932762,0.9980412681932762,0.9980412681932762,-0.9783682416737989,0,E#L-X,0,25.52892123481213,30.62892123481213,,-1006.8220602832013,0.0
128.0,flow_30.2,-17.04707265085458,-1.6,4.648012228666577,1000.0,,0.9985815247162015,0.9985815247162015,0.9985815247162015,0.9985815247162015,-2.3480961090693153,0,E#L-X,0,27.852927349145418,32.95292734914542,,-1005.6480122286666,0.0
128.5,flow_30.2,-15.366935611463333,-1.6,3.3602740787824916,1000.0,,0.9994237857039208,0.9994237857039208,0.9994237857039208,0.9994237857039208,-2.5754762997681704,0,E#L-X,0,29.533064388536665,34.63306438853667,,-1004.3602740787825,0.0
129.0,flow_30.2,-14.218557491184,-1.6,2.29675624055867,1000.0,,0.999842596716257,0.999842596716257,0.999842596716257,0.999842596716257,-2.127035676447643,0,E#L-X,0,30.681442508815998,35.781442508816,,-1003.2967562405587,0.0
129.5,flow_30.2,-13.469703690276589,-1.6,1.4977076018148265,1000.0,,0.9999656462143591,0.9999656462143591,0.9999656462143591,0.9999656462143591,-1.5980972774876872,0,E#L-X,0,31.43029630972341,36.53029630972341,,-1002.4977076018148,0.0
130.0,flow_30.2,-13.015852373663463,-1.6,0.9077026332262487,1000.0,,0.9999937881191407,0.9999937881191407,0.9999937881191407,0.9999937881191407,-1.1800099371771557,0,E#L-X,0,31.884147626336535,36.98414762633654,,-1001.9077026332262,0.0
130.5,flow_30.2,-12.850550950624609,-1.6,0.3306028460777155,1000.0,,0.9999991619125016,0.9999991619125016,0.9999991619125016,0.9999991619125016,-1.1541995742970663,0,E#L-X,0,32.04944904937539,37.14944904937539,,-1001.3306028460777,0.0
131.0,flow_30.2,-12.850550950624609,-1.6,0.0,1000.0,,0.9999999852517214,0.9999999852517214,0.9999999852517214,0.9999999852517214,-0.661205692155431,0,E#L-X,0,32.04944904937539,37.14944904937539,,-1001.0,0.5
131.5,flow_30.2,-12.600550950624609,-1.6,0.5,1000.0,,1.0,1.0,1.0,1.0,1.0,0,E#L-X,0,32.29944904937539,37.39944904937539,,-1001.5,0.0
132.0,flow_30.2,-12.323225849441734,-1.6,0.5546502023657524,1000.0,,0.9999999228395062,0.9999999228395062,0.9999999228395062,0.9999999228395062,0.10930040473150471,0,E#L-X,0,32.576774150558265,37.676774150558266,,-1001.5546502023658,0.0
132.5,flow_30.2,-11.905573880918482,-1.6,0.8353039370464999,1000.0,,0.9999998831599635,0.9999998831599635,0.9999998831599635,0.9999998831599635,0.561307469361495,0,:X_10,0,32.99442611908152,0.09442611908151832,,-1001.8353039370465,0.0
133.0,flow_30.2,-11.106332004481509,-1.6,1.598483752873948,1000.0,,,,,,1.5263596316548962,0,:X_10,0,33.79366799551849,0.8936679955184923,,-1002.5984837528739,0.0
133.5,flow_30.2,-9.688086746746702,-1.6,2.836490515469609,1000.0,,,,,,2.4760135251913225,0,:X_10,0,35.21191325325329,2.311913253253297,,-1003.8364905154696,0.0
134.0,flow_30.2,-7.771489634896189,-1.6,3.833194223701028,1000.0,,,,,,1.993407416462838,0,:X_10,0,37.12851036510381,4.228510365103811,,-1004.8331942237011,0.0
134.5,flow_30.2,-5.321207775500822,-1.6,4.9005637187907345,1000.0,,,,,,2.1347389901794127,0,:X_10,0,39.578792224499175,6.678792224499178,,-1005.9005637187907,0.0
135.0,flow_30.2,-2.2420367947921704,-1.6,6.158341961417303,1000.0,,,,,,2.5155564852531374,0,:X_10,0,42.65796320520783,9.75796320520783,,-1007.1583419614172,0.0
135.5,flow_30.2,1.4378495176650166,-1.6,7.359772624914375,1000.0,,,,,,2.4028613269941435,0,:X_10,0,46.33784951766501,13.437849517665017,,-1008.3597726249144,0.0
136.0,flow_30.2,5.671801673506966,-1.6,8.467904311683897,1000.0,,,,,,2.2162633735390447,0,:X_10,0,50.57180167350697,17.671801673506966,,-1009.4679043116839,0.0
136.5,flow_30.2,10.393707205672783,-1.6,9.443811064331634,1000.0,,,,,,1.9518135052954726,0,:X_10,0,55.29370720567278,22.393707205672783,,-1010.4438110643316,0.0
137.0,flow_30.2,15.522418400829551,-1.6,10.257422390313538,1000.0,,,,,,1.6272226519638089,0,E#X-R,0,60.42241840082955,3.522418400829551,,-1011.2574223903135,0.0
137.5,flow_30.2,20.89771288732529,-1.6,10.750588972991478,1000.0,,0.9863331653558814,0.9863331653558814,0.9863331653558814,0.9863331653558814,0.9863331653558802,0,E#X-R,0,65.79771288732529,8.89771288732529,,-1011.7505889729915,0.0
138.0,flow_30.2,26.518884652103743,-1.6,11.242343529556903,1000.0,,0.9835091131308517,0.9835091131308517,0.9835091131308517,0.9835091131308517,0.9835091131308502,0,E#X-R,0,71.41888465210374,14.518884652103743,,-1012.2423435295569,0.0
138.5,flow_30.2,32.32818529715043,-1.6,11.618601290093382,1000.0,,0.9802783890000406,0.9802783890000406,0.9802783890000406,0.9802783890000406,0.7525155210729579,0,E#X-R,0,77.22818529715043,20.328185297150434,,-1012.6186012900934,0.0
139.0,flow_30.2,38.26696837494313,-1.6,11.877566155585393,1000.0,,0.9775027012728655,0.9775027012728655,0.9775027012728655,0.9775027012728655,0.5179297309840223,0,E#X-R,0,83.16696837494312,26.26696837494313,,-1012.8775661555854,0.0
139.5,flow_30.2,44.29206398825324,-1.6,12.050191226620221,1000.0,,0.9754288879034528,0.9754288879034528,0.9754288879034528,0.9754288879034528,0.34525014206965565,0,E#X-R,0,89.19206398825324,32.29206398825324,,-1013.0501912266202,0.0
