vehicle_id,travel_time,zone_time,total_collisions_in_episode
flow_10.0,20.5,1.5,0
flow_0012.0,30.5,4.5,0
flow_001.0,27.0,2.5,0
flow_001.1,26.0,2.5,0
flow_30.0,41.0,4.0,0
flow_3012.0,36.5,3.5,0
flow_1012.0,45.5,7.5,0
flow_1012.1,40.5,4.5,0
flow_001.2,42.5,3.5,0
flow_201.0,45.5,3.5,0
flow_301.0,51.0,3.5,0
flow_101.0,47.0,3.5,0
flow_10.1,36.5,3.0,0
flow_301.1,46.5,3.0,0
flow_10.2,31.5,3.0,0
flow_3012.1,49.5,6.0,0
flow_201.1,35.0,3.5,0
flow_301.2,63.5,3.5,0
flow_30.1,60.5,3.0,0
flow_3012.2,54.5,3.5,0
flow_20.0,42.0,4.0,0
flow_2012.0,24.0,2.5,0
flow_30.2,63.0,4.0,0
flow_101.1,32.0,3.5,0
flow_30.3,62.0,3.0,0
flow_301.3,64.5,3.5,0
flow_1012.2,30.5,6.0,0
flow_00.0,32.0,3.5,0
flow_201.2,30.5,3.5,0
flow_0012.1,32.0,4.0,0
flow_0012.2,31.0,4.0,0
flow_30.4,78.5,4.0,0
flow_10.3,42.0,4.0,0
flow_101.2,38.0,3.0,0
flow_301.4,80.0,3.0,0
flow_30.5,75.5,3.0,0
flow_101.3,37.5,3.0,0
flow_20.1,28.0,3.5,0
flow_3012.3,87.5,4.5,0
flow_30.6,84.0,3.0,0
flow_10.4,57.0,7.0,0
flow_101.4,55.0,3.5,0
flow_301.5,85.0,3.0,0
flow_1012.3,51.5,4.5,0
flow_001.3,29.0,3.5,0
flow_3012.4,102.5,4.5,0
flow_30.7,93.0,3.0,0
flow_10.5,64.0,6.5,0
flow_101.5,59.0,3.5,0
flow_301.6,93.0,2.5,0
flow_1012.4,39.5,4.0,0
flow_00.1,24.0,2.5,0
flow_20.2,31.5,3.5,0
flow_201.3,27.0,2.5,0
flow_201.4,27.0,3.0,0
flow_301.7,106.0,3.5,0
flow_101.6,51.5,3.5,0
flow_301.8,107.0,3.0,0
flow_101.7,52.0,3.5,0
flow_3012.5,105.0,4.5,0
flow_1012.5,51.0,4.5,0
flow_201.5,34.0,3.5,0
flow_001.4,25.0,2.5,0
flow_101.8,67.0,3.5,0
flow_301.9,109.5,3.5,0
flow_30.8,105.0,3.0,0
flow_10.6,65.0,3.0,0
flow_301.10,103.5,3.0,0
flow_1012.6,67.0,5.0,0
flow_201.6,27.5,3.0,0
flow_20.3,21.0,2.0,0
flow_3012.6,109.5,4.5,0
flow_301.11,107.5,3.0,0
flow_101.9,86.0,7.5,0
flow_3012.7,104.5,4.0,0
flow_10.7,81.5,5.0,0
flow_001.5,40.0,3.5,0
flow_00.2,37.5,3.0,0
flow_0012.3,34.5,3.5,0
flow_3012.8,108.5,4.0,0
flow_1012.7,91.5,4.0,0
flow_3012.9,107.0,4.0,0
flow_3012.10,105.0,4.0,0
flow_101.10,94.0,7.5,0
flow_001.6,32.5,3.5,0
flow_001.7,30.5,3.0,0
flow_301.12,108.5,3.5,0
flow_1012.8,108.0,6.5,0
flow_3012.11,107.0,4.0,0
flow_301.13,104.0,3.0,0
flow_101.11,110.0,3.5,0
flow_0012.4,41.0,4.5,0
flow_00.3,38.5,3.0,0
flow_001.8,38.5,3.0,0
flow_3012.12,109.0,4.5,0
flow_301.14,106.5,3.0,0
flow_101.12,129.5,7.0,0
flow_3012.13,104.5,4.0,0
flow_2012.1,26.5,3.5,0
flow_20.4,23.5,2.5,0
flow_00.4,49.5,6.0,0
flow_00.5,27.0,3.0,0
flow_201.7,24.5,2.0,0
flow_00.6,23.0,2.0,0
flow_30.9,107.5,4.0,0
flow_101.13,148.5,3.5,0
flow_30.10,106.0,3.0,0
flow_101.14,147.5,3.0,0
flow_101.15,144.0,3.0,0
flow_3012.14,107.0,6.0,0
flow_00.7,24.5,2.5,0
flow_001.9,26.5,3.0,0
flow_00.8,24.0,2.0,0
flow_201.8,26.5,3.0,0
flow_30.11,108.0,4.0,0
flow_101.16,159.5,3.5,0
flow_30.12,106.0,3.0,0
flow_1012.9,152.5,6.0,0
flow_3012.15,105.0,4.0,0
flow_00.9,41.5,4.0,0
flow_20.5,22.0,2.0,0
flow_3012.16,109.5,4.5,0
flow_1012.10,163.0,4.5,0
flow_3012.17,107.0,4.0,0
flow_10.8,145.5,6.0,0
flow_301.15,104.0,3.0,0
flow_1012.11,134.0,5.0,0
flow_201.9,25.0,2.5,0
flow_001.10,44.0,4.0,0
flow_00.10,35.0,3.0,0
flow_10.9,147.5,4.0,0
flow_301.16,109.5,3.5,0
flow_10.10,137.5,3.0,0
flow_301.17,107.0,3.0,0
flow_101.17,133.0,2.5,0
flow_3012.18,105.5,5.0,0
flow_3012.19,108.5,4.0,0
flow_30.13,105.5,3.0,0
flow_101.18,137.5,7.0,0
flow_101.19,117.0,3.0,0
flow_301.18,105.5,3.5,0
flow_00.11,33.0,4.0,0
flow_0012.5,24.5,3.0,0
flow_3012.20,109.0,4.5,0
flow_101.20,135.5,7.0,0
flow_3012.21,110.0,5.0,0
flow_30.14,104.0,3.5,0
flow_201.10,34.5,3.5,0
flow_0012.6,46.5,5.5,0
flow_30.15,107.5,4.0,0
flow_101.21,154.0,3.5,0
flow_301.19,107.0,3.0,0
flow_30.16,102.0,3.0,0
flow_10.11,142.0,3.5,0
flow_101.22,137.5,3.5,0
flow_0012.7,44.5,4.5,0
flow_001.11,31.5,3.0,0
flow_201.11,29.0,3.5,0
flow_2012.2,28.0,4.0,0
flow_3012.22,108.0,4.0,0
flow_30.17,105.5,3.0,0
flow_101.23,140.0,7.0,0
flow_3012.23,104.5,4.0,0
flow_10.12,139.5,5.5,0
flow_0012.8,39.0,4.0,0
flow_20.6,39.0,6.5,0
flow_00.12,37.5,3.0,0
flow_2012.3,35.0,5.5,0
flow_30.18,107.0,4.0,0
flow_10.13,151.5,4.0,0
flow_10.14,139.5,3.0,0
flow_301.20,106.5,3.0,0
flow_30.19,102.0,3.0,0
flow_101.24,137.5,3.0,0
flow_201.12,52.5,3.5,0
flow_20.7,50.5,3.0,0
flow_3012.24,109.5,4.5,0
flow_101.25,157.0,7.5,0
flow_301.21,106.5,3.0,0
flow_10.15,140.0,3.5,0
flow_301.22,103.0,3.0,0
flow_101.26,153.5,3.5,0
flow_301.23,109.0,3.5,0
flow_1012.12,138.5,4.0,0
flow_101.27,116.0,3.0,0
flow_301.24,111.0,7.0,0
flow_001.12,40.0,3.5,0
flow_201.13,37.5,3.5,0
flow_301.25,125.5,3.5,0
flow_101.28,132.5,4.0,0
flow_1012.13,129.0,4.0,0
flow_101.29,113.0,3.0,0
flow_301.26,116.0,6.5,0
flow_201.14,27.5,3.0,0
flow_201.15,24.0,2.5,0
flow_301.27,131.5,3.5,0
flow_1012.14,129.0,6.5,0
flow_1012.15,114.0,4.0,0
flow_101.30,111.0,3.0,0
flow_301.28,134.0,4.0,0
flow_201.16,38.5,3.5,0
flow_10.16,124.0,4.0,0
flow_30.20,137.0,4.0,0
flow_101.31,109.5,3.0,0
flow_30.21,134.5,3.5,0
flow_3012.25,132.0,4.0,0
flow_101.32,110.5,7.0,0
flow_00.13,22.5,2.0,0
flow_001.13,29.0,3.5,0
flow_2012.4,23.0,2.5,0
flow_10.17,107.5,4.0,0
flow_30.22,136.0,4.0,0
flow_30.23,133.5,3.0,0
flow_101.33,107.0,3.0,0
flow_30.24,130.0,3.0,0
flow_1012.16,107.0,6.0,0
flow_0012.9,34.0,4.5,0
flow_201.17,28.0,3.0,0
flow_101.34,108.5,3.5,0
flow_301.29,137.0,3.5,0
flow_10.18,105.5,3.0,0
flow_30.25,131.0,3.0,0
flow_101.35,104.5,3.0,0
flow_3012.26,118.5,5.5,0
flow_20.8,32.5,4.0,0
flow_10.19,107.0,4.0,0
flow_30.26,127.5,4.0,0
flow_301.30,111.5,3.0,0
flow_101.36,106.0,3.0,0
flow_101.37,103.5,3.0,0
flow_301.31,106.5,3.5,0
flow_001.14,28.0,3.5,0
flow_2012.5,41.5,6.5,0
flow_00.14,26.5,3.0,0
flow_10.20,108.0,4.0,0
flow_301.32,108.0,3.5,0
flow_10.21,105.0,3.0,0
flow_30.27,105.5,3.0,0
flow_10.22,102.0,3.0,0
flow_301.33,103.5,3.0,0
flow_2012.6,41.5,4.5,0
flow_001.15,45.0,7.5,0
flow_001.16,32.5,3.0,0
flow_301.34,108.5,3.5,0
flow_101.38,110.0,4.0,0
flow_30.28,104.5,3.0,0
flow_101.39,107.0,3.0,0
flow_10.23,101.0,3.0,0
flow_30.29,100.5,3.0,0
flow_201.18,33.0,3.5,0
flow_001.17,43.0,3.5,0
flow_001.18,26.0,3.0,0
flow_101.40,108.5,3.5,0
flow_301.35,109.0,3.5,0
flow_101.41,107.0,3.0,0
flow_301.36,107.0,3.0,0
flow_10.24,101.5,3.0,0
flow_30.30,101.5,3.0,0
flow_201.19,40.5,3.5,0
flow_2012.7,39.5,3.5,0
flow_201.20,37.0,3.0,0
flow_10.25,107.5,4.0,0
flow_30.31,108.0,4.0,0
flow_101.42,106.5,3.0,0
flow_301.37,107.0,3.0,0
flow_30.32,102.0,3.0,0
flow_101.43,104.0,3.0,0
flow_20.9,41.5,4.0,0
flow_20.10,37.0,3.0,0
flow_2012.8,30.5,3.5,0
flow_301.38,108.5,3.5,0
flow_101.44,108.5,3.5,0
flow_3012.27,107.5,4.0,0
flow_30.33,101.5,3.0,0
flow_10.26,110.0,6.0,0
flow_10.27,106.0,4.0,0
flow_0012.10,31.0,4.5,0
flow_101.45,110.5,4.0,0
flow_301.39,110.5,4.0,0
flow_10.28,105.5,3.0,0
flow_301.40,108.5,3.5,0
flow_10.29,103.0,3.0,0
flow_3012.28,106.5,5.5,0
flow_20.11,38.0,4.0,0
flow_0012.11,23.5,2.5,0
flow_1012.17,108.5,4.0,0
flow_30.34,110.5,6.5,0
flow_1012.18,109.0,5.5,0
flow_00.15,22.0,2.0,0
flow_2012.9,26.5,4.0,0
flow_20.12,22.5,2.5,0
flow_10.30,123.5,4.0,0
flow_301.41,130.0,3.5,0
flow_30.35,126.5,3.0,0
flow_101.46,112.0,3.0,0
flow_3012.29,116.0,3.5,0
flow_101.47,114.5,6.5,0
flow_201.21,33.5,3.5,0
flow_0012.12,29.0,6.0,0
flow_001.19,25.0,2.5,0
flow_1012.19,126.0,4.5,0
flow_30.36,133.5,6.5,0
flow_10.31,111.0,3.0,0
flow_301.42,129.5,3.0,0
flow_101.48,109.0,3.0,0
flow_301.43,118.0,3.0,0
flow_2012.10,40.5,4.5,0
flow_001.20,35.5,4.0,0
flow_201.22,26.0,2.5,0
flow_001.21,34.5,3.0,0
flow_10.32,123.5,4.0,0
flow_301.44,131.0,3.5,0
flow_101.49,113.0,3.0,0
flow_3012.30,132.0,5.0,0
flow_301.45,116.5,3.0,0
flow_2012.11,31.5,4.0,0
flow_0012.13,51.0,4.5,0
flow_00.16,49.0,3.0,0
flow_201.23,32.5,3.5,0
flow_0012.14,51.5,4.5,0
flow_3012.31,131.5,4.5,0
flow_10.33,133.5,6.5,0
flow_101.50,130.0,3.5,0
flow_301.46,129.5,3.5,0
flow_301.47,116.0,3.5,0
flow_101.51,117.5,3.0,0
flow_201.24,37.0,3.5,0
flow_001.22,35.5,3.5,0
flow_00.17,31.0,3.0,0
flow_001.23,31.5,3.0,0
flow_301.0,26.0,3.0,0
flow_001.0,32.5,3.5,0
flow_201.0,37.0,3.5,0
flow_001.1,31.5,3.0,0
flow_20.0,30.5,3.0,0
flow_2012.0,29.5,3.5,0
flow_101.0,44.0,3.5,0
flow_301.1,42.5,3.5,0
flow_30.0,33.5,3.0,0
flow_101.1,28.0,3.0,0
flow_30.1,26.5,3.0,0
flow_30.2,25.0,2.5,0
flow_101.2,24.5,2.0,0
flow_0012.0,44.5,4.5,0
flow_2012.1,43.5,4.5,0
flow_001.2,44.0,3.0,0
flow_201.1,39.5,3.0,0
flow_0012.1,36.5,3.5,0
flow_301.2,40.5,3.5,0
flow_101.3,32.5,3.5,0
flow_3012.0,24.5,3.0,0
flow_10.0,21.5,2.0,0
flow_20.1,41.5,4.0,0
flow_001.3,53.5,3.5,0
flow_00.0,50.5,3.0,0
flow_201.2,37.0,3.5,0
flow_001.4,50.5,2.5,0
flow_101.4,25.5,2.5,0
flow_301.3,46.5,4.0,0
flow_30.3,42.5,3.0,0
flow_301.4,44.0,3.0,0
flow_0012.2,70.0,4.5,0
flow_001.5,58.0,3.0,0
flow_201.3,44.0,7.5,0
flow_001.6,57.0,3.5,0
flow_201.4,43.0,3.5,0
flow_301.5,48.0,3.5,0
flow_301.6,35.0,3.0,0
flow_301.7,27.5,2.5,0
flow_20.2,54.0,4.0,0
flow_0012.3,72.5,7.5,0
flow_001.7,67.5,3.5,0
flow_20.3,54.5,4.0,0
flow_1012.0,40.0,4.0,0
flow_3012.1,46.0,4.5,0
flow_10.1,26.0,2.5,0
flow_301.8,46.0,3.5,0
flow_301.9,41.0,3.0,0
flow_00.1,84.0,4.0,0
flow_20.4,51.0,4.0,0
flow_20.5,30.0,3.0,0
flow_001.8,85.5,3.0,0
flow_001.9,59.5,3.0,0
flow_301.10,51.0,3.5,0
flow_1012.1,39.5,6.5,0
flow_1012.2,38.0,4.5,0
flow_30.4,53.5,4.5,0
flow_001.10,77.0,3.5,0
flow_201.5,45.0,3.5,0
flow_001.11,76.5,3.0,0
flow_201.6,43.0,3.0,0
flow_00.2,71.5,3.0,0
flow_20.6,24.5,2.0,0
flow_10.2,38.0,4.0,0
flow_301.11,68.5,3.5,0
flow_10.3,36.0,3.0,0
flow_1012.3,41.0,4.5,0
flow_301.12,72.5,7.5,0
flow_001.12,85.0,3.5,0
flow_0012.4,75.5,3.5,0
flow_00.3,58.5,3.0,0
flow_30.5,78.0,4.0,0
flow_10.4,55.0,4.0,0
flow_30.6,71.0,3.0,0
flow_10.5,54.5,3.5,0
flow_301.13,70.5,2.5,0
flow_10.6,45.0,3.0,0
flow_001.13,78.0,3.5,0
flow_001.14,77.5,3.0,0
flow_001.15,76.5,3.0,0
flow_30.7,76.0,4.0,0
flow_101.5,60.5,3.5,0
flow_30.8,77.0,3.5,0
flow_101.6,53.5,3.0,0
flow_30.9,68.0,3.0,0
flow_0012.5,95.0,4.5,0
flow_0012.6,91.5,4.0,0
flow_201.7,30.5,6.5,0
flow_0012.7,94.5,6.0,0
flow_10.7,36.5,3.5,0
flow_301.14,87.0,3.5,0
flow_30.10,84.5,3.0,0
flow_10.8,21.5,2.0,0
flow_30.11,83.5,3.0,0
flow_20.7,45.5,4.0,0
flow_0012.8,110.5,7.5,0
flow_001.16,109.0,3.5,0
flow_201.8,50.0,3.0,0
flow_301.15,103.0,3.5,0
flow_1012.4,45.0,6.5,0
flow_101.7,41.0,3.0,0
flow_301.16,104.5,3.5,0
flow_1012.5,28.5,4.0,0
flow_00.4,127.0,7.0,0
flow_2012.2,66.0,4.5,0
flow_2012.3,65.0,6.0,0
flow_101.8,43.0,3.5,0
flow_301.17,122.0,3.5,0
flow_1012.6,40.5,4.0,0
flow_3012.2,113.0,4.0,0
flow_10.9,37.5,3.0,0
flow_301.18,111.5,3.5,0
flow_001.17,136.5,4.0,0
flow_201.9,79.5,3.5,0
flow_001.18,134.0,3.0,0
flow_00.5,130.0,2.5,0
flow_201.10,54.5,3.5,0
flow_20.8,50.5,3.0,0
flow_101.9,53.5,3.5,0
flow_301.19,125.5,3.5,0
flow_10.10,44.5,3.0,0
flow_30.12,111.5,3.0,0
flow_101.10,39.5,3.0,0
flow_301.20,106.5,3.0,0
flow_2012.4,68.0,4.5,0
flow_20.9,46.0,3.0,0
flow_001.19,141.0,7.5,0
flow_201.11,45.5,3.0,0
flow_0012.9,141.0,4.5,0
flow_30.13,122.0,4.0,0
flow_101.11,51.0,3.5,0
flow_301.21,112.0,3.0,0
flow_1012.7,46.5,5.0,0
flow_3012.3,111.0,4.0,0
flow_2012.5,63.0,4.5,0
flow_201.12,59.0,3.0,0
flow_001.20,157.5,7.5,0
flow_001.21,145.0,3.5,0
flow_201.13,42.5,3.5,0
flow_301.22,125.0,3.5,0
flow_101.12,62.5,3.5,0
flow_301.23,112.0,3.0,0
flow_30.14,104.0,3.0,0
flow_101.13,60.5,3.5,0
flow_10.11,57.0,3.0,0
flow_20.10,54.0,4.0,0
flow_001.22,159.0,3.5,0
flow_201.14,33.0,3.0,0
flow_00.6,142.0,3.0,0
flow_0012.10,159.0,4.5,0
flow_101.14,32.0,3.5,0
flow_3012.4,111.0,5.5,0
flow_301.24,100.5,2.5,0
flow_10.12,32.5,3.5,0
flow_201.15,48.5,3.5,0
flow_001.23,156.0,3.5,0
flow_2012.6,49.0,4.0,0
flow_201.16,37.5,2.5,0
flow_001.24,143.5,4.0,0
flow_3012.5,121.5,4.5,0
flow_30.15,111.0,3.0,0
flow_10.13,55.0,6.5,0
flow_101.15,54.0,3.5,0
flow_301.25,109.5,3.0,0
flow_101.16,34.5,3.0,0
flow_2012.7,50.5,4.5,0
flow_201.17,49.5,3.0,0
flow_001.25,142.5,7.5,0
flow_201.18,35.5,3.0,0
flow_001.26,139.5,3.5,0
flow_1012.8,42.5,5.0,0
flow_30.16,128.0,7.0,0
flow_101.17,40.0,3.0,0
flow_3012.6,115.0,5.0,0
flow_30.17,111.5,3.5,0
flow_0012.11,154.0,4.5,0
flow_001.27,137.5,3.0,0
flow_201.19,57.0,7.0,0
flow_001.28,132.5,3.0,0
flow_30.18,124.0,4.0,0
flow_101.18,60.0,3.5,0
flow_301.26,113.5,3.5,0
flow_301.27,110.5,3.5,0
flow_201.20,40.0,3.5,0
flow_0012.12,137.5,6.5,0
flow_001.29,131.0,3.0,0
flow_201.21,31.5,3.5,0
flow_0012.13,118.5,4.5,0
flow_301.28,125.5,3.5,0
flow_1012.9,38.0,5.5,0
flow_1012.10,36.0,4.5,0
flow_10.14,32.0,3.0,0
flow_301.29,117.5,4.0,0
flow_201.22,49.5,3.5,0
flow_0012.14,134.0,6.5,0
flow_001.30,129.5,3.0,0
flow_001.31,116.0,3.0,0
flow_3012.7,129.0,4.0,0
flow_1012.11,44.0,4.5,0
flow_3012.8,114.0,4.0,0
flow_101.19,47.0,4.0,0
flow_301.30,111.5,3.5,0
flow_201.23,42.0,3.5,0
flow_0012.15,130.5,6.5,0
flow_00.7,110.0,3.5,0
flow_201.24,44.5,3.5,0
flow_001.32,106.0,3.0,0
flow_3012.9,125.5,4.5,0
flow_101.20,67.5,7.5,0
flow_3012.10,115.5,5.5,0
flow_301.31,111.0,3.0,0
flow_201.25,61.5,3.5,0
flow_001.33,110.0,3.5,0
flow_2012.8,61.5,4.0,0
flow_00.8,109.5,6.0,0
flow_201.26,48.0,3.0,0
flow_001.34,106.0,3.5,0
flow_30.19,123.0,4.0,0
flow_101.21,74.0,3.5,0
flow_30.20,111.0,3.0,0
flow_10.15,67.0,3.0,0
flow_101.22,68.0,3.0,0
flow_3012.11,113.5,5.5,0
flow_001.35,108.5,3.5,0
flow_201.27,66.5,3.5,0
flow_0012.16,106.5,4.0,0
flow_2012.9,63.0,4.0,0
flow_201.28,59.5,3.0,0
flow_001.36,104.0,3.5,0
flow_3012.12,124.5,4.0,0
flow_10.16,86.0,6.5,0
flow_3012.13,114.5,5.5,0
flow_301.32,106.0,2.5,0
flow_00.9,107.0,4.0,0
flow_201.29,59.5,3.5,0
flow_001.37,106.0,3.0,0
flow_00.10,100.5,3.0,0
flow_201.30,38.0,3.0,0
flow_30.21,107.5,4.0,0
flow_101.23,108.5,4.0,0
flow_101.24,107.5,3.0,0
flow_301.33,108.0,3.5,0
flow_101.25,90.5,2.5,0
flow_3012.14,106.0,5.5,0
flow_001.38,108.0,3.5,0
flow_201.31,30.0,3.5,0
flow_001.39,106.5,3.0,0
flow_001.40,103.0,3.0,0
flow_301.34,109.0,3.5,0
flow_101.26,99.5,4.0,0
flow_1012.12,85.5,4.0,0
flow_10.17,82.0,3.0,0
flow_301.35,110.0,6.5,0
flow_2012.10,43.5,4.5,0
flow_201.32,41.0,3.0,0
flow_001.41,113.0,7.5,0
flow_2012.11,39.5,4.0,0
flow_3012.15,125.0,4.5,0
flow_30.22,111.0,3.0,0
flow_101.27,99.0,7.5,0
flow_3012.16,111.5,4.5,0
flow_001.42,130.5,3.5,0
flow_2012.12,32.5,5.5,0
flow_20.11,29.5,3.5,0
flow_00.11,129.0,3.5,0
flow_001.43,120.5,4.0,0
flow_301.36,125.0,3.5,0
flow_101.28,118.5,4.0,0
flow_10.18,97.0,3.0,0
flow_1012.13,107.5,4.5,0
flow_30.23,114.5,5.5,0
flow_301.37,112.0,3.0,0
flow_001.44,131.0,3.5,0
flow_201.33,42.0,3.5,0
flow_00.12,127.0,3.0,0
flow_201.34,42.5,3.5,0
flow_201.35,41.0,3.5,0
flow_001.45,117.0,3.5,0
flow_301.38,124.0,3.5,0
flow_10.19,114.0,4.0,0
flow_101.29,99.5,3.0,0
flow_301.39,112.5,3.0,0
flow_30.24,108.0,3.0,0
flow_10.20,96.0,3.0,0
flow_0012.17,131.5,4.5,0
flow_20.12,21.5,1.5,0
flow_00.13,128.5,3.0,0
flow_001.46,116.0,3.0,0
flow_301.40,125.0,3.5,0
flow_10.21,116.0,4.0,0
flow_10.22,101.5,3.5,0
flow_1012.14,100.5,3.5,0
flow_3012.17,115.5,6.0,0
flow_001.47,131.0,3.5,0
flow_0012.18,128.5,3.5,0
flow_0012.19,113.0,4.0,0
flow_201.36,32.0,7.0,0
flow_301.41,128.5,3.5,0
flow_101.30,94.0,3.5,0
flow_3012.18,113.0,4.0,0
flow_101.31,88.0,6.5,0
flow_3012.19,113.0,5.0,0
flow_201.37,45.0,3.5,0
flow_0012.20,112.5,6.5,0
flow_0012.21,109.0,4.5,0
flow_001.48,103.5,3.0,0
flow_201.38,50.5,4.0,0
flow_30.25,124.0,4.0,0
flow_101.32,64.0,4.0,0
flow_30.26,110.5,3.0,0
flow_101.33,62.5,3.0,0
flow_3012.20,110.0,4.0,0
flow_101.34,65.0,7.0,0
flow_001.49,108.5,3.5,0
flow_20.13,65.0,4.0,0
flow_201.39,64.5,3.0,0
flow_001.50,107.0,3.0,0
flow_00.14,103.0,3.0,0
flow_201.40,31.0,3.0,0
flow_1012.15,79.0,4.5,0
flow_301.42,128.0,7.0,0
flow_101.35,80.0,3.5,0
flow_301.43,116.0,3.0,0
flow_101.36,75.0,3.5,0
flow_00.15,107.0,4.0,0
flow_001.51,107.0,3.0,0
flow_20.14,23.0,2.0,0
flow_0012.22,105.0,4.5,0
flow_30.27,130.0,4.0,0
flow_10.23,90.0,4.0,0
flow_301.44,128.5,3.0,0
flow_1012.16,82.5,5.0,0
flow_101.37,79.5,3.0,0
flow_201.41,41.5,3.5,0
flow_0012.23,111.0,6.0,0
flow_0012.24,109.5,4.5,0
flow_0012.25,106.5,4.5,0
flow_1012.17,88.0,4.0,0
flow_10.24,82.0,3.0,0
flow_301.45,141.5,7.0,0
flow_10.25,62.5,3.0,0
flow_30.28,134.5,3.0,0
flow_201.42,59.0,4.0,0
flow_0012.26,111.0,5.5,0
flow_001.52,107.0,3.0,0
flow_201.43,56.0,4.0,0
flow_0012.27,105.0,4.5,0
flow_30.29,135.5,4.0,0
flow_101.38,80.5,3.5,0
flow_30.30,133.0,3.0,0
flow_101.39,69.5,3.0,0
flow_3012.21,132.0,4.0,0
flow_10.26,54.5,6.0,0
flow_0012.28,109.5,4.5,0
flow_001.53,106.5,3.0,0
flow_201.44,66.0,7.5,0
flow_0012.29,105.0,4.0,0
flow_20.15,63.0,5.5,0
flow_30.31,135.5,4.0,0
flow_10.27,62.5,4.0,0
flow_101.40,54.5,2.5,0
flow_301.46,134.5,3.0,0
flow_301.47,131.5,3.0,0
flow_101.41,50.5,3.5,0
flow_2012.13,67.5,4.5,0
flow_20.16,62.5,3.0,0
flow_0012.30,111.0,5.0,0
flow_001.54,108.0,3.0,0
flow_201.45,59.0,3.0,0
flow_001.55,106.0,3.5,0
flow_30.32,132.5,4.0,0
flow_101.42,68.5,4.0,0
flow_10.28,64.5,3.0,0
flow_301.48,129.5,3.0,0
flow_10.29,63.5,3.0,0
flow_301.49,115.5,3.0,0
flow_201.46,76.5,3.5,0
flow_001.56,108.5,3.5,0
flow_20.17,73.5,3.0,0
flow_001.57,107.5,3.5,0
flow_201.47,67.0,3.0,0
flow_001.58,103.5,3.5,0
flow_301.50,131.5,4.0,0
flow_3012.22,110.0,4.0,0
flow_1012.18,81.5,7.0,0
flow_301.51,105.0,3.0,0
flow_101.43,81.0,3.5,0
flow_0012.31,109.5,4.5,0
flow_20.18,82.5,6.5,0
flow_001.59,107.0,3.0,0
flow_2012.14,82.0,5.0,0
flow_201.48,74.5,3.5,0
flow_10.30,90.5,4.0,0
flow_301.52,109.5,3.5,0
flow_301.53,107.0,3.0,0
flow_101.44,85.5,3.0,0
flow_30.33,104.0,3.0,0
flow_101.45,82.0,3.0,0
flow_2012.15,81.0,4.5,0
flow_00.16,127.0,6.5,0
flow_20.19,49.5,3.0,0
flow_001.60,114.0,3.5,0
flow_201.49,50.0,3.0,0
flow_0012.32,113.0,4.5,0
flow_3012.23,109.0,4.5,0
flow_101.46,102.5,7.0,0
flow_301.54,107.0,3.0,0
flow_30.34,102.0,3.0,0
flow_1012.19,104.5,6.0,0
flow_00.17,124.0,4.0,0
flow_2012.16,62.0,7.5,0
flow_201.50,56.0,3.5,0
flow_001.61,117.0,3.0,0
flow_101.0,26.0,3.0,0
flow_10.0,22.0,2.0,0
flow_301.0,25.5,2.5,0
flow_301.1,24.5,2.0,0
flow_0012.0,32.0,4.0,0
flow_001.0,26.5,2.5,0
flow_001.1,26.0,2.5,0
flow_301.2,36.0,3.5,0
flow_30.0,27.5,3.0,0
flow_0012.1,44.0,4.5,0
flow_001.2,43.5,3.0,0
flow_201.0,47.5,7.5,0
flow_2012.0,46.5,4.0,0
flow_0012.2,42.5,4.0,0
flow_101.1,40.5,3.5,0
flow_301.3,42.0,3.5,0
flow_10.1,38.0,3.0,0
flow_301.4,40.0,3.5,0
flow_3012.0,37.0,3.5,0
flow_201.1,26.0,3.0,0
flow_0012.3,61.5,6.0,0
flow_001.3,60.0,3.0,0
flow_0012.4,56.5,3.5,0
flow_3012.1,46.0,4.5,0
flow_101.2,49.5,7.0,0
flow_301.5,45.5,3.0,0
flow_301.6,44.0,3.0,0
flow_101.3,50.0,3.5,0
flow_201.2,47.5,4.0,0
flow_0012.5,77.5,7.0,0
flow_0012.6,65.5,5.0,0
flow_001.4,62.5,2.5,0
flow_10.2,37.0,4.0,0
flow_301.7,60.5,3.5,0
flow_301.8,56.0,3.0,0
flow_3012.2,56.0,4.0,0
flow_00.0,63.0,4.0,0
flow_201.3,61.5,3.5,0
flow_00.1,57.5,3.0,0
flow_201.4,51.0,3.0,0
flow_0012.7,58.5,4.0,0
flow_201.5,53.5,7.0,0
flow_3012.3,72.5,4.5,0
flow_101.4,27.0,3.0,0
flow_301.9,72.5,3.0,0
flow_10.3,23.5,2.5,0
flow_301.10,68.0,3.5,0
flow_2012.1,42.0,4.5,0
flow_20.0,39.0,3.0,0
flow_001.5,66.0,7.5,0
flow_201.6,40.0,3.0,0
flow_0012.8,67.5,4.5,0
flow_101.5,27.0,3.0,0
flow_301.11,78.0,3.5,0
flow_3012.4,77.5,4.0,0
flow_1012.0,26.5,3.5,0
flow_3012.5,69.0,4.0,0
flow_201.7,41.0,3.5,0
flow_0012.9,84.5,6.5,0
flow_00.2,75.5,3.5,0
flow_201.8,44.0,4.0,0
flow_001.6,76.0,3.0,0
flow_30.1,84.0,4.0,0
flow_301.12,80.5,3.0,0
flow_1012.1,26.5,4.0,0
flow_3012.6,77.0,3.5,0
flow_201.9,40.0,3.5,0
flow_001.7,93.5,4.0,0
flow_001.8,92.0,3.5,0
flow_001.9,91.0,3.5,0
flow_30.2,93.0,4.0,0
flow_101.6,44.5,3.5,0
flow_30.3,92.5,3.0,0
flow_30.4,91.0,3.0,0
flow_101.7,26.0,2.5,0
flow_00.3,107.0,4.0,0
flow_001.10,106.5,3.5,0
flow_0012.10,100.0,3.5,0
flow_301.13,108.0,3.5,0
flow_101.8,26.5,3.0,0
flow_1012.2,27.0,3.5,0
flow_101.9,27.5,3.0,0
flow_301.14,109.5,7.0,0
flow_001.11,118.0,3.5,0
flow_201.10,38.0,3.5,0
flow_20.1,34.0,3.0,0
flow_00.4,108.5,3.0,0
flow_00.5,98.0,3.0,0
flow_201.11,34.0,3.0,0
flow_3012.7,117.5,4.0,0
flow_10.4,23.5,2.5,0
flow_301.15,112.0,3.0,0
flow_301.16,110.0,3.0,0
flow_20.2,43.0,4.0,0
flow_001.12,110.5,4.0,0
flow_001.13,107.5,3.5,0
flow_001.14,104.0,3.0,0
flow_10.5,40.5,4.0,0
flow_301.17,125.0,3.5,0
flow_301.18,112.5,3.0,0
flow_101.10,41.5,3.0,0
flow_301.19,102.0,3.0,0
flow_101.11,41.0,3.0,0
flow_20.3,35.0,4.0,0
flow_001.15,108.5,3.5,0
flow_001.16,106.5,3.0,0
flow_001.17,104.0,3.0,0
flow_3012.8,120.5,4.5,0
flow_301.20,112.0,3.0,0
flow_101.12,62.5,7.5,0
flow_301.21,110.0,3.0,0
flow_1012.3,63.5,5.0,0
flow_001.18,108.5,3.5,0
flow_201.12,42.0,3.5,0
flow_001.19,107.0,3.0,0
flow_201.13,40.5,3.5,0
flow_0012.11,104.5,4.0,0
flow_201.14,42.5,7.0,0
flow_10.6,62.5,4.0,0
flow_30.5,124.5,4.0,0
flow_3012.9,114.0,4.0,0
flow_30.6,106.0,2.5,0
flow_101.13,30.0,6.0,0
flow_20.4,54.5,4.0,0
flow_001.20,108.5,3.5,0
flow_201.15,44.5,2.5,0
flow_0012.12,109.0,4.5,0
flow_00.6,104.0,3.0,0
flow_10.7,25.5,3.0,0
flow_301.22,109.0,3.5,0
flow_30.7,105.0,3.0,0
flow_10.8,21.5,2.0,0
flow_301.23,105.0,3.5,0
flow_0012.13,108.5,4.5,0
flow_00.7,106.0,3.0,0
flow_201.16,68.5,7.0,0
flow_0012.14,104.5,4.0,0
flow_3012.10,108.5,4.0,0
flow_101.14,44.5,7.0,0
flow_301.24,107.0,3.0,0
flow_301.25,104.5,3.5,0
flow_201.17,88.5,4.0,0
flow_0012.15,111.0,5.5,0
flow_00.8,106.0,3.5,0
flow_20.5,83.0,3.5,0
flow_00.9,105.0,3.0,0
flow_301.26,109.0,3.5,0
flow_101.15,45.0,3.5,0
flow_3012.11,107.0,4.0,0
flow_301.27,102.5,2.5,0
flow_10.9,47.0,6.0,0
flow_2012.2,104.5,4.5,0
flow_20.6,102.0,3.0,0
flow_001.21,112.5,4.0,0
flow_201.18,101.5,3.0,0
flow_0012.16,113.5,5.0,0
flow_301.28,109.5,3.5,0
flow_101.16,37.0,3.5,0
flow_301.29,106.0,3.0,0
flow_3012.12,103.5,3.5,0
flow_1012.4,28.0,4.5,0
flow_20.7,111.5,4.0,0
flow_001.22,126.0,3.5,0
flow_201.19,110.5,3.0,0
flow_001.23,113.5,3.5,0
flow_20.8,68.0,3.0,0
flow_001.24,110.0,3.5,0
flow_30.8,107.5,4.0,0
flow_10.10,39.0,4.0,0
flow_101.17,38.0,3.0,0
flow_3012.13,109.5,5.0,0
flow_301.30,105.5,3.0,0
flow_201.20,82.5,3.5,0
flow_001.25,124.5,3.5,0
flow_2012.3,83.0,4.0,0
flow_201.21,80.5,2.5,0
flow_001.26,116.5,7.0,0
flow_10.11,41.5,4.0,0
flow_301.31,109.0,3.5,0
flow_1012.5,36.5,4.0,0
flow_301.32,110.5,6.5,0
flow_101.18,30.5,3.0,0
flow_00.10,129.5,4.0,0
flow_201.22,100.0,3.5,0
flow_0012.17,129.5,4.0,0
flow_00.11,114.0,3.0,0
flow_201.23,102.0,7.0,0
flow_10.12,27.0,3.0,0
flow_301.33,127.0,4.0,0
flow_301.34,113.0,3.5,0
flow_301.35,111.0,3.5,0
flow_201.24,118.0,3.5,0
flow_001.27,131.0,3.5,0
flow_0012.18,128.0,3.5,0
flow_00.12,110.0,3.0,0
flow_2012.4,97.5,4.0,0
flow_20.9,41.5,3.0,0
flow_10.13,40.0,4.0,0
flow_30.9,125.5,4.0,0
flow_301.36,112.0,3.0,0
flow_301.37,110.0,3.0,0
flow_20.10,59.0,4.0,0
flow_0012.19,130.0,7.5,0
flow_0012.20,116.5,4.5,0
flow_101.19,27.5,3.0,0
flow_301.38,126.0,3.5,0
flow_3012.14,111.5,3.5,0
flow_301.39,109.0,3.0,0
flow_00.13,130.0,4.0,0
flow_201.25,77.5,3.5,0
flow_20.11,63.0,3.0,0
flow_001.28,128.5,3.0,0
flow_201.26,50.0,2.5,0
flow_0012.21,117.5,5.0,0
flow_301.40,124.5,3.5,0
flow_10.14,21.0,1.5,0
flow_3012.15,113.0,4.5,0
flow_301.41,107.5,2.5,0
flow_2012.5,62.5,4.5,0
flow_001.29,132.5,7.5,0
flow_201.27,63.0,3.5,0
flow_00.14,114.5,3.5,0
flow_201.28,53.0,4.0,0
flow_3012.16,109.0,4.5,0
flow_30.10,105.0,3.0,0
flow_301.42,104.0,3.0,0
flow_2012.6,64.0,4.5,0
flow_0012.22,132.0,4.5,0
flow_001.30,129.5,3.0,0
flow_201.29,60.0,3.0,0
flow_0012.23,118.0,4.5,0
flow_20.12,61.5,6.5,0
flow_301.43,109.0,3.5,0
flow_3012.17,106.0,3.5,0
flow_1012.6,43.5,6.5,0
flow_301.44,104.0,3.0,0
flow_101.20,28.5,3.0,0
flow_2012.7,75.5,4.0,0
flow_001.31,134.5,7.0,0
flow_2012.8,54.5,5.0,0
flow_2012.9,53.5,4.0,0
flow_301.45,109.0,3.5,0
flow_101.21,30.0,3.5,0
flow_3012.18,106.5,3.5,0
flow_3012.19,104.0,4.0,0
flow_00.15,152.5,4.0,0
flow_201.30,69.5,3.5,0
flow_0012.24,140.0,4.0,0
flow_001.32,135.5,3.0,0
flow_201.31,72.0,7.0,0
flow_301.46,109.0,3.5,0
flow_101.22,36.0,3.5,0
flow_1012.7,31.0,4.0,0
flow_1012.8,30.0,3.5,0
flow_301.47,113.0,6.5,0
flow_2012.10,61.0,4.0,0
flow_201.32,60.5,3.0,0
flow_001.33,141.0,7.5,0
flow_201.33,49.5,3.0,0
flow_0012.25,140.5,5.0,0
flow_10.15,37.0,4.0,0
flow_301.48,124.5,3.5,0
flow_10.16,37.0,3.0,0
flow_301.49,112.5,3.0,0
flow_101.23,39.0,3.5,0
flow_3012.20,114.0,6.0,0
flow_00.16,152.0,4.0,0
flow_001.34,137.5,3.0,0
flow_00.17,131.0,3.0,0
flow_10.17,31.0,4.0,0
flow_30.11,123.5,4.0,0
flow_101.24,31.5,3.0,0
flow_301.50,113.0,3.0,0
flow_30.12,107.5,3.0,0
flow_20.13,35.5,4.0,0
flow_001.35,137.0,3.5,0
flow_001.36,135.0,3.0,0
flow_001.37,133.0,3.5,0
flow_3012.21,127.0,4.5,0
flow_30.13,111.0,3.0,0
flow_101.25,37.0,4.5,0
flow_10.18,32.5,3.0,0
flow_301.51,110.5,3.0,0
flow_00.18,132.0,4.0,0
flow_001.38,113.0,3.0,0
flow_00.19,107.5,3.0,0
flow_101.26,50.5,3.5,0
flow_30.14,126.0,4.0,0
flow_3012.22,112.5,4.0,0
flow_30.15,103.5,3.0,0
flow_101.27,51.5,7.0,0
flow_0012.26,125.5,4.5,0
flow_201.34,44.0,7.5,0
flow_0012.27,113.5,5.5,0
flow_001.39,105.0,3.0,0
flow_101.28,61.5,3.5,0
flow_301.52,109.0,3.5,0
flow_30.16,105.5,3.0,0
flow_101.29,61.5,3.0,0
flow_10.19,48.0,3.0,0
flow_301.53,103.0,3.0,0
flow_20.14,63.5,4.0,0
flow_001.40,109.0,3.5,0
flow_20.15,62.0,3.0,0
flow_001.41,107.0,3.0,0
flow_20.16,61.0,3.0,0
flow_0012.28,108.5,6.5,0
flow_301.54,109.0,3.5,0
flow_1012.9,69.5,5.5,0
flow_101.30,50.0,3.0,0
flow_10.20,46.0,3.0,0
flow_301.55,110.0,3.5,0
flow_0012.29,110.0,4.5,0
flow_00.20,105.0,3.0,0
flow_20.17,81.5,6.5,0
flow_2012.11,81.0,5.5,0
flow_30.17,123.5,4.0,0
flow_1012.10,61.5,7.5,0
flow_101.31,51.0,3.5,0
flow_301.56,117.0,3.0,0
flow_2012.12,99.5,4.5,0
flow_001.42,129.5,7.5,0
flow_201.35,98.0,3.5,0
flow_201.36,79.5,3.5,0
flow_001.43,117.0,3.5,0
flow_301.57,131.5,3.5,0
flow_101.32,64.5,3.5,0
flow_10.21,52.5,3.0,0
flow_301.58,129.5,3.0,0
flow_101.33,53.0,3.5,0
flow_3012.23,119.0,6.0,0
flow_00.21,130.0,4.0,0
flow_201.37,97.5,4.0,0
flow_20.18,93.5,3.0,0
flow_001.44,129.5,3.0,0
flow_201.38,94.0,3.0,0
flow_0012.30,118.0,5.0,0
flow_301.59,131.5,3.5,0
flow_101.34,41.0,3.5,0
flow_1012.11,41.0,4.0,0
flow_101.35,33.0,3.0,0
flow_301.60,133.5,7.0,0
flow_001.45,130.5,3.5,0
flow_20.19,111.0,4.0,0
flow_20.20,95.0,3.5,0
flow_001.46,128.0,3.0,0
flow_001.47,115.5,3.0,0
flow_201.39,78.0,3.0,0
flow_3012.24,137.0,4.5,0
flow_10.22,51.5,6.5,0
flow_301.61,134.0,2.5,0
flow_30.18,130.0,3.0,0
flow_101.36,52.5,4.0,0
flow_101.37,50.5,3.0,0
flow_201.40,94.5,3.5,0
flow_001.48,131.5,3.5,0
flow_2012.13,84.0,3.5,0
flow_201.41,75.0,3.0,0
flow_001.49,132.5,6.5,0
flow_301.62,135.5,3.5,0
flow_101.38,66.0,3.5,0
flow_1012.12,41.5,4.0,0
flow_30.19,134.5,6.0,0
flow_101.39,28.0,3.0,0
flow_30.20,114.5,4.0,0
flow_0012.31,137.0,4.5,0
flow_2012.14,70.5,4.5,0
flow_00.22,129.5,3.0,0
flow_201.42,70.0,3.0,0
flow_00.23,112.0,3.0,0
flow_20.21,55.0,3.0,0
flow_10.23,42.0,4.0,0
flow_3012.25,129.0,7.5,0
flow_1012.13,33.0,4.0,0
flow_3012.26,115.5,4.5,0
flow_201.43,37.0,3.5,0
flow_0012.32,130.0,6.5,0
flow_001.50,113.5,3.0,0
flow_201.44,39.5,3.5,0
flow_0012.33,112.0,4.5,0
flow_301.63,131.0,3.5,0
flow_1012.14,37.5,5.0,0
flow_10.24,35.0,3.5,0
flow_30.21,129.0,3.0,0
flow_10.25,34.0,3.0,0
flow_201.45,56.5,3.5,0
flow_001.51,126.5,4.0,0
flow_00.24,111.0,3.0,0
flow_20.22,57.0,3.5,0
flow_001.52,110.0,3.0,0
flow_20.23,55.5,3.0,0
flow_30.22,135.0,4.0,0
flow_101.40,42.0,3.5,0
flow_1012.15,25.5,3.5,0
flow_3012.27,132.5,4.0,0
flow_3012.28,115.5,4.0,0
flow_2012.15,68.5,4.5,0
flow_20.24,64.5,3.0,0
flow_001.53,129.5,7.5,0
flow_201.46,64.5,2.5,0
flow_0012.34,118.0,4.5,0
flow_20.0,28.0,3.5,0
flow_001.0,38.5,3.5,0
flow_00.0,22.5,2.0,0
flow_201.0,28.5,3.0,0
flow_20.1,23.0,2.5,0
flow_201.1,27.5,3.0,0
flow_30.0,40.0,4.0,0
flow_0012.0,28.5,4.0,0
flow_20.2,43.0,6.0,0
flow_201.2,41.5,3.0,0
flow_201.3,40.5,3.0,0
flow_10.0,38.5,4.0,0
flow_10.1,21.5,2.0,0
flow_2012.0,57.0,4.5,0
flow_201.4,56.5,3.0,0
flow_001.1,47.0,7.5,0
flow_2012.1,56.0,4.0,0
flow_30.1,33.0,4.0,0
flow_101.0,26.5,3.0,0
flow_3012.0,30.0,4.0,0
flow_201.5,72.5,3.5,0
flow_001.2,64.5,3.5,0
flow_00.1,61.0,3.0,0
flow_2012.2,74.5,6.5,0
flow_0012.1,52.0,3.5,0
flow_1012.0,40.5,4.5,0
flow_3012.1,35.0,4.5,0
flow_30.2,26.0,2.5,0
flow_30.3,23.5,2.5,0
flow_2012.3,92.5,4.5,0
flow_00.2,65.5,5.5,0
flow_201.6,91.0,2.5,0
flow_00.3,62.0,3.5,0
flow_001.3,61.0,2.5,0
flow_101.1,28.0,3.0,0
flow_3012.2,26.0,4.0,0
flow_2012.4,102.0,4.5,0
flow_201.7,101.0,3.0,0
flow_001.4,81.0,7.5,0
flow_00.4,72.0,3.5,0
flow_201.8,97.0,3.0,0
flow_20.3,92.0,4.0,0
flow_001.5,90.5,3.5,0
flow_201.9,89.5,3.0,0
flow_001.6,90.5,3.5,0
flow_201.10,87.5,3.5,0
flow_001.7,89.5,3.5,0
flow_3012.3,41.0,4.5,0
flow_301.0,25.0,2.5,0
flow_2012.5,98.5,4.0,0
flow_20.4,87.0,3.0,0
flow_001.8,111.0,7.5,0
flow_201.11,87.0,3.0,0
flow_001.9,108.5,3.0,0
flow_10.2,36.5,4.0,0
flow_101.2,29.5,2.5,0
flow_00.5,124.0,4.0,0
flow_201.12,105.0,3.5,0
flow_0012.2,124.5,4.0,0
flow_001.10,114.0,2.5,0
flow_20.5,91.5,6.0,0
flow_201.13,82.0,4.0,0
flow_30.4,33.5,4.0,0
flow_1012.1,45.0,7.0,0
flow_20.6,88.0,4.0,0
flow_001.11,130.0,3.5,0
flow_20.7,83.5,3.0,0
flow_0012.3,131.5,6.0,0
flow_10.3,20.5,2.0,0
flow_301.1,43.5,3.5,0
flow_101.3,25.5,2.5,0
flow_201.14,105.0,3.5,0
flow_001.12,135.0,3.5,0
flow_201.15,105.0,3.0,0
flow_001.13,131.5,3.5,0
flow_20.8,85.0,3.0,0
flow_001.14,116.5,3.0,0
flow_101.4,29.0,3.5,0
flow_3012.4,46.0,6.5,0
flow_301.2,42.5,3.0,0
flow_2012.6,103.5,4.0,0
flow_001.15,135.0,7.0,0
flow_20.9,83.5,3.0,0
flow_201.16,92.5,3.5,0
flow_0012.4,135.0,6.0,0
flow_2012.7,94.0,4.5,0
flow_001.16,138.0,7.0,0
flow_201.17,93.5,3.0,0
flow_00.6,132.5,3.5,0
flow_201.18,84.0,3.0,0
flow_30.5,32.0,4.0,0
flow_101.5,26.0,3.0,0
flow_1012.2,25.5,3.5,0
flow_2012.8,101.5,4.5,0
flow_201.19,86.0,3.0,0
flow_001.17,141.5,7.5,0
flow_20.10,82.5,3.0,0
flow_001.18,139.5,3.5,0
flow_1012.3,36.0,4.5,0
flow_101.6,29.5,2.5,0
flow_00.7,152.5,4.0,0
flow_201.20,87.0,3.5,0
flow_20.11,85.0,3.0,0
flow_001.19,140.5,3.0,0
flow_2012.9,85.5,3.5,0
flow_001.20,138.5,6.5,0
flow_20.12,102.5,4.0,0
flow_001.21,137.5,3.5,0
flow_20.13,101.0,3.0,0
flow_001.22,134.5,3.0,0
flow_00.8,129.5,3.0,0
flow_201.21,101.0,3.0,0
flow_30.6,23.0,2.5,0
flow_1012.4,26.0,3.5,0
flow_00.9,132.5,4.0,0
flow_201.22,108.5,3.5,0
flow_20.14,106.0,3.0,0
flow_001.23,130.0,3.0,0
flow_0012.5,113.5,3.5,0
flow_2012.10,104.5,4.0,0
flow_30.7,31.5,3.5,0
flow_101.7,41.5,3.5,0
flow_101.8,37.5,3.0,0
flow_201.23,108.0,3.5,0
flow_001.24,126.5,3.5,0
flow_001.25,109.5,3.0,0
flow_201.24,107.0,3.0,0
flow_001.26,105.5,3.0,0
flow_201.25,104.5,3.5,0
flow_30.8,34.0,3.0,0
flow_3012.5,39.5,5.0,0
flow_101.9,46.0,8.0,0
flow_30.9,22.5,2.0,0
flow_001.27,108.5,3.5,0
flow_201.26,110.0,4.0,0
flow_2012.11,107.0,4.0,0
flow_001.28,110.0,6.5,0
flow_2012.12,107.0,5.0,0
flow_301.3,25.5,2.5,0
flow_00.10,123.0,4.0,0
flow_201.27,109.0,3.5,0
flow_0012.6,113.5,4.0,0
flow_001.29,109.0,2.5,0
flow_20.15,110.0,6.5,0
flow_20.16,106.5,4.5,0
flow_301.4,40.0,4.0,0
flow_1012.5,47.0,6.5,0
flow_301.5,40.5,4.0,0
flow_201.28,108.5,3.5,0
flow_001.30,125.5,3.5,0
flow_00.11,107.5,3.0,0
flow_0012.7,113.5,4.0,0
flow_201.29,112.0,7.5,0
flow_20.17,124.0,4.0,0
flow_001.31,125.5,3.5,0
flow_201.30,112.5,3.0,0
flow_0012.8,115.0,5.0,0
flow_001.32,112.0,3.0,0
flow_10.4,21.5,2.0,0
flow_301.6,33.5,3.5,0
flow_3012.6,26.5,3.0,0
flow_0012.9,126.5,4.5,0
flow_20.18,133.5,6.5,0
flow_001.33,112.0,3.0,0
flow_00.12,104.5,3.0,0
flow_20.19,130.0,4.0,0
flow_201.31,116.5,2.5,0
flow_10.5,25.5,3.0,0
flow_30.10,38.5,4.0,0
flow_101.10,26.0,3.0,0
flow_3012.7,29.0,5.5,0
flow_1012.6,25.5,3.0,0
flow_20.20,129.5,4.0,0
flow_001.34,109.5,3.5,0
flow_00.13,105.0,3.0,0
flow_20.21,127.0,3.0,0
flow_20.22,114.5,3.0,0
flow_0012.10,106.5,6.0,0
flow_30.11,38.5,4.0,0
flow_30.12,33.0,3.0,0
flow_2012.13,131.0,4.5,0
flow_00.14,110.5,6.5,0
flow_201.32,127.5,3.0,0
flow_001.35,108.5,3.5,0
flow_201.33,115.5,3.0,0
flow_001.36,105.5,3.0,0
flow_301.7,44.5,3.5,0
flow_30.13,25.5,2.5,0
flow_001.37,108.5,3.5,0
flow_201.34,128.5,3.5,0
flow_00.15,106.0,3.0,0
flow_001.38,102.5,2.5,0
flow_201.35,114.5,3.5,0
flow_2012.14,110.5,4.5,0
flow_3012.8,43.5,4.5,0
flow_10.6,41.0,7.0,0
flow_00.16,107.0,4.0,0
flow_201.36,109.0,3.5,0
flow_0012.11,106.5,3.5,0
flow_2012.15,106.5,4.0,0
flow_20.23,103.0,3.0,0
flow_001.39,104.5,3.0,0
flow_301.8,30.5,3.5,0
flow_101.11,25.5,2.5,0
flow_1012.7,23.5,2.5,0
flow_30.14,24.5,4.5,0
flow_0012.12,109.5,4.5,0
flow_201.37,114.0,4.5,0
flow_0012.13,111.0,6.0,0
flow_10.7,37.0,4.0,0
flow_001.40,124.0,3.5,0
flow_20.24,130.5,4.0,0
flow_20.25,127.5,3.0,0
flow_001.41,112.5,3.5,0
flow_201.38,116.0,3.0,0
flow_0012.14,112.5,5.5,0
flow_1012.8,25.0,3.0,0
flow_20.26,130.0,4.0,0
flow_0012.15,128.0,7.5,0
flow_001.42,114.0,3.0,0
flow_201.39,134.0,3.0,0
flow_301.9,29.0,3.5,0
flow_20.27,136.5,4.0,0
flow_0012.16,135.5,7.5,0
flow_20.28,136.0,5.0,0
flow_00.17,131.0,3.5,0
flow_201.40,134.0,3.0,0
flow_301.10,42.5,3.5,0
flow_101.12,33.5,3.5,0
flow_10.8,31.0,3.0,0
flow_301.11,28.0,3.0,0
flow_201.41,136.5,3.5,0
flow_001.43,137.5,3.5,0
flow_20.29,133.5,3.0,0
flow_001.44,134.5,3.0,0
flow_201.42,131.5,3.0,0
flow_001.45,132.5,3.5,0
flow_3012.9,36.0,4.5,0
flow_301.12,34.0,2.5,0
flow_001.46,137.0,3.5,0
flow_20.30,132.5,4.0,0
flow_20.31,111.5,3.0,0
flow_0012.17,136.5,6.0,0
flow_001.47,138.0,3.5,0
flow_201.43,131.5,3.5,0
flow_00.18,134.5,3.0,0
flow_201.44,128.5,3.0,0
flow_001.48,131.5,3.0,0
flow_201.45,114.0,3.5,0
flow_10.9,37.0,4.0,0
flow_101.13,37.5,3.0,0
flow_00.19,135.0,4.0,0
flow_201.46,126.0,3.5,0
flow_201.47,112.5,3.0,0
flow_00.20,112.5,3.0,0
flow_001.49,133.5,3.5,0
flow_201.48,109.5,3.0,0
flow_3012.10,41.0,4.0,0
flow_1012.9,41.5,4.5,0
flow_101.14,41.5,3.0,0
flow_301.13,40.5,3.0,0
flow_10.10,35.5,3.0,0
flow_301.14,29.5,3.0,0
flow_00.21,127.0,4.0,0
flow_201.49,124.0,3.5,0
flow_001.50,112.0,3.0,0
flow_201.50,112.5,3.0,0
flow_00.22,108.0,3.0,0
flow_2012.16,112.5,6.5,0
flow_30.15,44.5,4.0,0
flow_10.11,43.5,4.0,0
flow_3012.11,25.5,3.0,0
flow_0012.18,125.5,4.5,0
flow_2012.17,125.5,4.5,0
flow_20.32,111.0,3.0,0
flow_001.51,112.5,3.0,0
flow_001.52,107.5,3.0,0
flow_201.51,107.0,3.0,0
flow_201.52,108.5,3.5,0
flow_0012.19,111.5,6.5,0
flow_20.33,107.0,3.5,0
flow_001.53,108.0,3.0,0
flow_00.23,102.5,3.0,0
flow_1012.10,27.5,4.0,0
flow_201.53,126.5,3.5,0
flow_0012.20,112.0,6.5,0
flow_0012.21,109.5,4.5,0
flow_001.54,104.5,3.0,0
flow_201.54,118.5,4.0,0
flow_30.16,33.5,4.0,0
flow_301.15,34.0,3.5,0
flow_1012.11,27.5,4.5,0
flow_30.17,27.5,4.0,0
flow_20.34,129.5,4.0,0
flow_001.55,108.5,3.5,0
flow_20.35,128.5,3.0,0
flow_001.56,107.0,3.0,0
flow_2012.18,115.0,3.5,0
flow_001.57,107.5,6.5,0
flow_301.16,38.0,3.5,0
flow_2012.19,133.0,4.5,0
flow_20.36,127.5,3.0,0
flow_001.58,113.0,7.5,0
flow_2012.20,116.0,4.0,0
flow_001.59,130.5,3.5,0
flow_201.55,131.5,3.5,0
flow_00.24,127.0,3.0,0
flow_2012.21,132.0,7.0,0
flow_20.0,35.0,4.0,0
flow_001.0,39.0,3.5,0
flow_20.1,34.5,3.0,0
flow_001.1,25.5,2.5,0
flow_001.2,27.0,3.0,0
flow_101.0,28.0,3.0,0
flow_10.0,25.5,3.0,0
flow_3012.0,27.5,5.0,0
flow_101.1,28.5,3.5,0
flow_001.3,43.0,3.5,0
flow_00.0,39.5,3.0,0
flow_0012.0,40.5,3.5,0
flow_1012.0,36.0,4.5,0
flow_1012.1,35.5,4.0,0
flow_101.2,33.0,2.5,0
flow_00.1,58.0,4.0,0
flow_0012.1,56.5,3.5,0
flow_001.4,56.5,3.0,0
flow_10.1,49.5,4.0,0
flow_301.0,38.5,3.5,0
flow_1012.2,52.0,4.0,0
flow_1012.3,50.5,4.0,0
flow_001.5,74.0,3.5,0
flow_201.0,33.0,3.5,0
flow_00.2,71.0,3.0,0
flow_001.6,71.5,3.0,0
flow_101.3,67.0,3.5,0
flow_1012.4,65.5,3.5,0
flow_10.2,64.0,3.0,0
flow_00.3,87.5,4.0,0
flow_201.1,41.0,3.5,0
flow_0012.2,89.0,4.0,0
flow_001.7,87.0,3.0,0
flow_20.2,42.5,6.0,0
flow_20.3,41.0,4.0,0
flow_301.1,33.5,3.5,0
flow_1012.5,84.5,5.5,0
flow_101.4,83.5,3.0,0
flow_10.3,80.0,3.0,0
flow_20.4,46.5,4.0,0
flow_001.8,105.0,4.0,0
flow_2012.0,40.0,4.0,0
flow_201.2,32.5,2.5,0
flow_001.9,88.0,7.0,0
flow_10.4,96.0,4.0,0
flow_3012.1,29.0,7.0,0
flow_10.5,95.5,5.0,0
flow_101.5,85.5,3.0,0
flow_201.3,50.0,3.5,0
flow_001.10,105.0,3.5,0
flow_201.4,33.5,3.0,0
flow_0012.3,107.0,6.0,0
flow_00.4,103.0,3.0,0
flow_101.6,90.5,3.5,0
flow_10.6,84.0,3.0,0
flow_301.2,27.0,3.0,0
flow_301.3,26.0,3.0,0
flow_1012.6,79.0,4.5,0
flow_201.5,52.5,3.0,0
flow_001.11,120.5,3.5,0
flow_2012.1,47.5,4.0,0
flow_00.5,108.5,6.0,0
flow_201.6,43.0,3.0,0
flow_001.12,107.0,3.5,0
flow_10.7,89.0,4.0,0
flow_30.0,21.0,1.5,0
flow_1012.7,91.0,5.0,0
flow_101.7,57.0,2.5,0
flow_0012.4,122.5,4.5,0
flow_00.6,110.5,3.0,0
flow_2012.2,52.5,5.0,0
flow_201.7,33.5,3.5,0
flow_0012.5,111.5,4.5,0
flow_301.4,38.0,3.5,0
flow_101.8,72.5,3.5,0
flow_301.5,33.5,3.0,0
flow_1012.8,74.0,6.0,0
flow_1012.9,72.5,4.5,0
flow_001.13,125.0,3.5,0
flow_201.8,43.5,3.5,0
flow_2012.3,39.5,4.0,0
flow_20.5,37.5,3.0,0
flow_001.14,116.0,6.5,0
flow_1012.10,89.0,4.5,0
flow_101.9,89.5,3.5,0
flow_101.10,87.5,3.0,0
flow_001.15,128.5,3.5,0
flow_2012.4,35.5,5.5,0
flow_201.9,32.5,3.0,0
flow_001.16,115.5,3.5,0
flow_101.11,103.5,3.5,0
flow_1012.11,80.0,3.5,0
flow_101.12,80.0,3.0,0
flow_20.6,31.0,3.5,0
flow_00.7,129.5,4.0,0
flow_001.17,128.0,3.0,0
flow_2012.5,35.5,6.0,0
flow_201.10,29.0,3.0,0
flow_3012.2,46.5,5.0,0
flow_301.6,37.5,3.0,0
flow_101.13,101.0,4.0,0
flow_101.14,96.0,3.0,0
flow_001.18,136.5,3.5,0
flow_201.11,44.5,3.5,0
flow_2012.6,43.5,3.5,0
flow_0012.6,135.5,4.0,0
flow_2012.7,40.5,4.0,0
flow_00.8,133.5,6.0,0
flow_10.8,111.5,4.0,0
flow_30.1,20.5,1.5,0
flow_101.15,102.0,3.0,0
flow_1012.12,102.0,4.0,0
flow_0012.7,137.5,4.5,0
flow_00.9,133.5,3.0,0
flow_20.7,59.5,6.5,0
flow_20.8,58.0,4.0,0
flow_2012.8,57.0,3.5,0
flow_10.9,117.0,4.0,0
flow_301.7,45.5,3.5,0
flow_30.2,38.5,3.0,0
flow_101.16,109.5,2.5,0
flow_1012.13,109.0,3.5,0
flow_0012.8,154.5,4.5,0
flow_201.12,67.0,7.5,0
flow_0012.9,144.0,5.5,0
flow_001.19,138.5,4.0,0
flow_101.17,125.0,3.5,0
flow_10.10,111.0,3.0,0
flow_3012.3,27.5,5.5,0
flow_001.20,136.5,3.5,0
flow_201.13,87.5,3.5,0
flow_0012.10,133.0,4.0,0
flow_201.14,90.5,7.0,0
flow_0012.11,119.5,5.5,0
flow_101.18,131.5,3.5,0
flow_301.8,44.0,3.5,0
flow_101.19,129.0,3.0,0
flow_301.9,43.5,3.0,0
flow_3012.4,42.0,4.0,0
flow_101.20,116.0,7.0,0
flow_00.10,128.0,4.0,0
flow_201.15,91.5,3.5,0
flow_0012.12,114.5,4.5,0
flow_201.16,92.0,7.5,0
flow_0012.13,114.5,6.0,0
flow_101.21,125.5,3.5,0
flow_301.10,38.5,3.5,0
flow_30.3,36.5,3.0,0
flow_101.22,113.0,3.0,0
flow_301.11,37.5,3.0,0
flow_101.23,110.5,3.5,0
flow_20.9,56.5,4.0,0
flow_001.21,125.5,3.5,0
flow_2012.9,58.5,4.0,0
flow_001.22,116.5,7.0,0
flow_201.17,58.0,3.5,0
flow_3012.5,54.5,4.5,0
flow_1012.14,126.5,4.5,0
flow_101.24,113.0,3.0,0
flow_101.25,111.5,3.5,0
flow_00.11,126.5,4.0,0
flow_20.10,58.0,4.0,0
flow_001.23,112.5,3.0,0
flow_2012.10,60.5,4.5,0
flow_201.18,43.0,3.0,0
flow_101.26,127.0,4.0,0
flow_30.4,27.5,3.5,0
flow_3012.6,37.5,6.5,0
flow_30.5,27.0,3.0,0
flow_101.27,116.0,4.0,0
flow_2012.11,47.5,4.5,0
flow_20.11,44.0,3.0,0
flow_001.24,134.5,7.5,0
flow_00.12,129.5,3.5,0
flow_201.19,45.0,3.0,0
flow_1012.15,129.5,4.5,0
flow_101.28,112.5,3.0,0
flow_30.6,21.0,2.0,0
flow_10.11,107.5,3.0,0
flow_2012.12,56.5,4.0,0
flow_001.25,140.5,7.0,0
flow_00.13,137.0,3.5,0
flow_1012.16,125.0,4.5,0
flow_3012.7,43.0,5.0,0
flow_101.29,113.5,3.5,0
flow_301.12,41.5,3.0,0
flow_10.12,108.5,3.0,0
flow_301.13,40.0,3.0,0
flow_201.20,43.0,3.5,0
flow_00.14,140.0,3.5,0
flow_0012.14,156.5,7.0,0
flow_001.26,138.0,2.5,0
flow_101.30,125.0,3.5,0
flow_301.14,34.5,3.5,0
flow_1012.17,113.5,4.0,0
flow_1012.18,110.0,4.0,0
flow_00.15,151.0,4.0,0
flow_20.12,25.5,3.0,0
flow_2012.13,27.5,3.5,0
flow_001.27,144.0,6.5,0
flow_101.31,124.5,3.5,0
flow_101.32,112.0,3.0,0
flow_101.33,108.0,3.5,0
flow_301.15,26.0,3.0,0
flow_001.28,156.5,3.5,0
flow_001.29,143.0,4.0,0
flow_001.30,138.5,3.5,0
flow_10.13,108.0,4.0,0
flow_1012.19,108.0,4.0,0
flow_10.14,102.0,3.0,0
flow_001.31,134.0,3.5,0
flow_2012.14,27.0,5.5,0
flow_001.32,132.0,3.5,0
flow_10.15,107.5,4.0,0
flow_3012.8,28.5,7.0,0
flow_3012.9,28.0,4.0,0
flow_001.33,135.0,3.5,0
flow_001.34,129.5,3.0,0
flow_001.35,115.0,3.0,0
flow_101.34,131.5,3.5,0
flow_101.35,130.0,3.5,0
flow_1012.20,115.0,3.5,0
flow_00.16,129.5,4.0,0
flow_20.13,40.5,4.0,0
flow_001.36,127.0,3.0,0
flow_001.37,115.5,3.0,0
flow_101.36,131.5,3.5,0
flow_301.16,40.5,3.5,0
flow_30.7,39.0,3.0,0
flow_101.37,130.0,3.5,0
flow_101.38,117.0,3.5,0
flow_001.38,128.0,3.5,0
flow_20.14,38.5,4.0,0
flow_201.21,38.0,3.0,0
flow_0012.15,115.5,5.0,0
flow_001.39,111.5,3.0,0
flow_101.39,130.5,3.5,0
flow_30.8,21.5,2.0,0
flow_10.16,128.0,3.0,0
flow_1012.21,116.5,4.0,0
flow_00.17,124.0,4.0,0
flow_20.15,43.0,4.0,0
flow_00.18,110.5,3.0,0
flow_001.40,107.5,3.0,0
flow_3012.10,41.5,4.0,0
flow_101.40,134.5,7.0,0
flow_301.17,41.5,3.0,0
flow_3012.11,41.5,4.0,0
flow_20.16,35.0,4.0,0
flow_001.41,109.0,3.5,0
flow_00.19,106.0,3.0,0
flow_20.17,35.5,3.0,0
flow_0012.16,104.0,3.5,0
flow_101.41,152.5,4.0,0
flow_10.17,136.0,3.0,0
flow_1012.22,114.5,3.0,0
flow_2012.15,31.0,4.5,0
flow_00.20,111.0,6.5,0
flow_201.22,28.0,3.0,0
flow_0012.17,108.5,4.5,0
flow_00.21,104.0,3.0,0
flow_301.18,25.0,2.5,0
flow_30.9,21.0,2.0,0
flow_101.42,131.0,3.5,0
flow_101.43,129.0,3.0,0
flow_101.44,115.5,3.0,0
flow_0012.18,110.0,4.5,0
flow_00.22,104.5,3.0,0
flow_0012.19,103.0,3.5,0
flow_10.18,131.0,4.0,0
flow_301.19,35.5,3.5,0
flow_1012.23,130.0,4.0,0
flow_3012.12,25.5,3.0,0
flow_101.45,118.0,6.0,0
flow_20.18,30.0,3.5,0
flow_001.42,108.5,3.5,0
flow_2012.16,25.5,3.5,0
flow_0012.20,107.5,3.5,0
flow_001.43,105.0,3.0,0
flow_101.46,132.5,4.0,0
flow_101.47,130.0,3.5,0
flow_10.19,110.5,3.0,0
flow_00.23,109.0,4.0,0
flow_00.24,106.0,3.0,0
flow_001.44,106.0,3.5,0
flow_1012.24,110.0,4.0,0
flow_3012.13,23.5,3.0,0
flow_101.48,110.0,3.5,0
flow_101.49,106.5,3.5,0
flow_00.25,107.5,4.0,0
flow_20.19,34.5,4.0,0
flow_001.45,106.5,3.0,0
flow_00.26,101.0,3.0,0
flow_30.10,34.0,4.0,0
flow_10.20,108.5,4.0,0
flow_30.11,30.5,3.5,0
flow_10.21,106.0,3.0,0
flow_301.20,30.0,2.5,0
flow_101.50,104.5,3.0,0
flow_2012.17,32.0,4.0,0
flow_0012.21,109.5,4.5,0
flow_20.20,23.5,2.0,0
flow_00.27,105.5,3.0,0
flow_001.46,103.0,2.5,0
flow_301.21,41.0,3.5,0
flow_101.51,110.0,4.0,0
flow_10.22,104.5,3.0,0
flow_301.22,33.0,2.5,0
flow_101.52,102.5,3.0,0
flow_00.28,107.5,4.0,0
flow_0012.22,106.0,3.5,0
flow_001.47,103.5,3.0,0
flow_101.53,108.5,3.5,0
flow_1012.25,107.5,4.0,0
flow_101.54,102.5,2.5,0
flow_201.23,43.0,3.5,0
flow_0012.23,111.5,6.5,0
flow_001.48,107.0,3.0,0
flow_001.49,105.0,3.0,0
flow_10.23,107.0,4.0,0
flow_30.12,21.5,2.0,0
flow_101.55,105.0,3.0,0
flow_10.24,100.5,3.0,0
flow_3012.14,27.5,6.0,0
flow_201.24,44.0,3.5,0
flow_001.50,109.5,3.5,0
flow_201.25,43.0,3.0,0
flow_001.51,108.0,3.5,0
flow_001.52,105.0,3.5,0
flow_101.56,108.5,3.5,0
flow_301.23,28.5,3.0,0
flow_101.57,107.0,3.0,0
flow_101.58,104.0,3.0,0
flow_00.29,107.0,4.0,0
flow_20.21,26.0,3.0,0
flow_201.26,26.0,2.5,0
flow_001.53,107.0,3.0,0
flow_0012.24,103.5,3.5,0
flow_3012.15,37.5,4.5,0
flow_101.59,112.5,7.0,0
flow_10.25,109.0,3.5,0
flow_2012.18,42.0,4.5,0
flow_201.27,38.5,3.0,0
flow_001.54,113.0,7.5,0
flow_20.22,36.0,3.0,0
flow_00.30,109.0,3.5,0
flow_101.60,125.5,3.5,0
flow_101.61,113.0,3.0,0
flow_1012.26,109.0,3.5,0
flow_0012.25,125.5,4.5,0
flow_2012.19,55.5,4.5,0
flow_001.55,112.0,3.0,0
flow_201.28,52.0,3.0,0
flow_001.56,109.5,3.0,0
flow_201.29,49.5,3.0,0
flow_101.0,24.5,2.5,0
flow_3012.0,25.0,3.5,0
flow_20.0,38.0,4.0,0
flow_2012.0,37.5,3.5,0
flow_001.0,26.5,3.0,0
flow_301.0,27.0,3.0,0
flow_1012.0,43.0,6.0,0
flow_101.1,41.5,3.0,0
flow_101.2,40.5,3.0,0
flow_00.0,33.5,4.0,0
flow_201.0,41.0,3.5,0
flow_20.1,23.0,2.0,0
flow_001.1,34.5,3.0,0
flow_101.3,56.5,3.5,0
flow_301.1,37.5,3.5,0
flow_1012.1,56.5,4.0,0
flow_1012.2,55.0,4.0,0
flow_2012.1,36.5,4.5,0
flow_00.1,26.0,4.0,0
flow_201.1,30.5,3.0,0
flow_101.4,72.5,3.5,0
flow_101.5,71.5,3.0,0
flow_1012.3,71.0,4.0,0
flow_0012.0,39.5,4.5,0
flow_201.2,27.0,3.0,0
flow_001.2,25.0,2.5,0
flow_101.6,87.5,3.5,0
flow_101.7,87.0,3.0,0
flow_10.0,84.5,3.0,0
flow_201.3,28.5,3.0,0
flow_001.3,44.0,3.5,0
flow_0012.1,26.5,3.5,0
flow_001.4,25.0,2.5,0
flow_201.4,29.0,5.5,0
flow_3012.1,42.5,4.5,0
flow_301.2,41.5,3.0,0
flow_101.8,107.5,7.5,0
flow_10.1,104.0,3.5,0
flow_30.0,38.5,3.0,0
flow_101.9,121.5,3.5,0
flow_301.3,56.0,3.5,0
flow_30.1,51.0,3.0,0
flow_101.10,112.5,3.0,0
flow_1012.4,110.0,3.5,0
flow_001.5,32.0,3.5,0
flow_201.5,30.0,3.5,0
flow_00.2,30.5,3.0,0
flow_201.6,29.0,3.0,0
flow_001.6,29.0,2.5,0
flow_001.7,26.0,2.5,0
flow_101.11,126.0,3.5,0
flow_10.2,111.0,3.0,0
flow_10.3,108.0,3.0,0
flow_00.3,41.0,4.0,0
flow_001.8,26.0,2.0,0
flow_0012.2,27.5,4.0,0
flow_30.2,40.5,4.0,0
flow_101.12,125.5,3.5,0
flow_10.4,111.0,3.0,0
flow_301.4,38.5,3.0,0
flow_10.5,108.0,3.0,0
flow_001.9,40.0,3.5,0
flow_001.10,40.0,3.0,0
flow_00.4,36.5,3.0,0
flow_30.3,35.5,4.0,0
flow_1012.5,128.0,7.5,0
flow_1012.6,112.5,4.0,0
flow_0012.3,56.0,4.0,0
flow_0012.4,56.0,4.0,0
flow_2012.2,26.5,3.5,0
flow_10.6,125.0,4.0,0
flow_301.5,53.5,4.0,0
flow_101.13,112.0,3.0,0
flow_3012.2,44.5,4.5,0
flow_20.2,33.5,4.0,0
flow_001.11,75.0,3.5,0
flow_00.5,75.0,3.0,0
flow_0012.5,70.0,3.5,0
flow_2012.3,26.0,3.0,0
flow_3012.3,42.5,4.5,0
flow_10.7,133.0,6.5,0
flow_1012.7,130.5,4.0,0
flow_3012.4,27.5,4.0,0
flow_1012.8,118.5,4.5,0
flow_0012.6,88.5,4.5,0
flow_001.12,88.0,3.0,0
flow_0012.7,87.5,4.0,0
flow_1012.9,131.5,4.5,0
flow_30.4,20.5,2.0,0
flow_101.14,128.5,3.0,0
flow_10.8,113.5,3.0,0
flow_2012.4,43.5,4.5,0
flow_001.13,108.5,7.5,0
flow_20.3,21.5,2.0,0
flow_001.14,92.5,3.0,0
flow_101.15,131.0,3.5,0
flow_301.6,36.5,3.5,0
flow_30.5,33.5,3.0,0
flow_1012.10,132.0,7.0,0
flow_0012.8,110.5,4.5,0
flow_001.15,108.5,3.0,0
flow_00.6,107.0,3.0,0
flow_1012.11,136.5,4.5,0
flow_3012.5,37.5,4.5,0
flow_10.9,131.0,3.0,0
flow_101.16,115.0,3.0,0
flow_0012.9,125.0,4.5,0
flow_20.4,37.5,6.5,0
flow_00.7,112.0,3.0,0
flow_20.5,30.0,4.0,0
flow_001.16,110.0,3.0,0
flow_30.6,24.5,3.0,0
flow_1012.12,132.0,6.5,0
flow_101.17,113.0,3.0,0
flow_301.7,29.0,3.0,0
flow_10.10,110.5,3.0,0
flow_001.17,126.5,3.5,0
flow_0012.10,111.5,3.5,0
flow_001.18,108.5,2.5,0
flow_10.11,123.0,4.0,0
flow_30.7,26.5,3.5,0
flow_101.18,112.0,3.0,0
flow_101.19,109.5,3.0,0
flow_0012.11,125.5,4.5,0
flow_001.19,111.0,3.5,0
flow_001.20,106.0,3.5,0
flow_10.12,124.5,4.0,0
flow_301.8,39.5,4.0,0
flow_1012.13,113.0,4.0,0
flow_301.9,42.0,7.0,0
flow_1012.14,113.0,5.5,0
flow_20.6,38.5,4.0,0
flow_00.8,109.0,4.0,0
flow_201.7,35.5,3.0,0
flow_001.21,108.0,3.5,0
flow_001.22,105.0,3.5,0
flow_10.13,108.0,4.0,0
flow_101.20,107.5,3.0,0
flow_101.21,104.0,3.0,0
flow_00.9,108.0,4.0,0
flow_201.8,42.5,3.5,0
flow_2012.5,36.0,3.5,0
flow_0012.12,108.0,4.0,0
flow_00.10,102.5,3.0,0
flow_201.9,36.5,3.0,0
flow_101.22,109.5,3.5,0
flow_301.10,33.5,3.5,0
flow_10.14,104.5,3.0,0
flow_301.11,32.5,3.0,0
flow_101.23,102.5,3.0,0
flow_2012.6,25.5,3.5,0
flow_0012.13,109.0,4.5,0
flow_0012.14,107.0,4.0,0
flow_00.11,102.0,3.0,0
flow_10.15,107.0,4.0,0
flow_10.16,106.0,3.0,0
flow_10.17,102.5,3.0,0
flow_001.23,109.0,3.5,0
flow_001.24,108.5,3.5,0
flow_0012.15,104.5,4.0,0
flow_101.24,109.5,3.5,0
flow_301.12,41.5,3.5,0
flow_10.18,105.0,3.0,0
flow_1012.15,103.5,3.5,0
flow_201.10,32.5,3.5,0
flow_001.25,108.5,3.5,0
flow_0012.16,106.5,3.5,0
flow_2012.7,33.5,4.5,0
flow_001.26,104.0,3.0,0
flow_10.19,107.5,4.0,0
flow_301.13,31.5,3.0,0
flow_30.8,23.5,2.5,0
flow_101.25,107.5,3.0,0
flow_101.26,104.0,3.0,0
flow_20.7,27.5,3.5,0
flow_0012.17,112.5,7.0,0
flow_001.27,109.0,3.0,0
flow_10.20,107.5,4.0,0
flow_10.21,105.0,3.0,0
flow_10.22,103.0,3.0,0
flow_00.12,123.5,4.0,0
flow_0012.18,113.0,4.0,0
flow_001.28,110.5,3.0,0
flow_3012.6,37.0,4.5,0
flow_10.23,111.0,6.5,0
flow_101.27,108.5,3.5,0
flow_10.24,104.5,3.0,0
flow_001.29,126.0,3.5,0
flow_201.11,26.0,3.0,0
flow_001.30,113.0,3.0,0
flow_001.31,110.0,3.0,0
flow_201.12,25.5,2.5,0
flow_10.25,107.0,4.0,0
flow_301.14,40.0,3.5,0
flow_10.26,105.5,3.0,0
flow_301.15,29.5,3.0,0
flow_101.28,104.0,3.0,0
flow_20.8,30.5,3.5,0
flow_001.32,125.5,3.5,0
flow_001.33,113.0,3.0,0
flow_001.34,110.5,3.5,0
flow_301.16,42.5,3.5,0
flow_101.29,109.5,3.5,0
flow_10.27,105.0,3.0,0
flow_10.28,102.5,3.0,0
flow_001.35,124.5,3.5,0
flow_201.13,34.0,3.5,0
flow_20.9,31.5,3.0,0
flow_001.36,111.5,3.0,0
flow_001.37,107.5,3.0,0
flow_30.9,34.0,4.0,0
flow_101.30,109.0,3.5,0
flow_1012.16,106.5,3.5,0
flow_1012.17,104.5,4.0,0
flow_0012.19,109.0,4.5,0
flow_0012.20,109.0,4.5,0
flow_00.13,104.0,3.5,0
flow_10.29,107.5,4.0,0
flow_1012.18,105.5,3.5,0
flow_101.31,102.0,2.5,0
flow_0012.21,109.0,4.5,0
flow_001.38,106.5,3.0,0
flow_0012.22,103.5,3.5,0
flow_1012.19,108.5,4.0,0
flow_101.32,108.0,3.5,0
flow_101.33,105.0,3.5,0
flow_0012.23,109.5,4.5,0
flow_0012.24,108.5,4.5,0
flow_001.39,104.0,3.0,0
flow_30.10,34.0,4.0,0
flow_101.34,109.0,3.5,0
flow_301.17,29.0,2.5,0
flow_1012.20,109.0,4.5,0
flow_10.30,103.0,3.0,0
flow_001.40,108.5,3.5,0
flow_0012.25,106.5,3.5,0
flow_00.14,103.0,3.0,0
flow_3012.7,44.0,4.5,0
flow_10.31,111.5,6.5,0
flow_301.18,43.5,3.0,0
flow_1012.21,110.0,5.0,0
flow_101.35,107.0,3.5,0
flow_001.41,108.5,3.5,0
flow_201.14,39.0,3.5,0
flow_00.15,106.0,3.0,0
flow_201.15,38.0,3.0,0
flow_001.42,104.5,3.0,0
flow_301.19,43.5,3.5,0
flow_101.36,109.5,3.5,0
flow_1012.22,106.5,3.5,0
flow_10.32,102.0,3.0,0
flow_301.20,47.0,7.0,0
flow_0012.26,108.5,4.0,0
flow_001.43,106.0,2.5,0
flow_001.44,105.0,3.5,0
flow_30.11,21.0,2.0,0
flow_10.33,107.5,4.0,0
flow_10.34,106.0,3.0,0
flow_1012.23,105.0,4.0,0
flow_2012.8,33.5,4.5,0
flow_00.16,110.5,6.0,0
flow_00.17,108.0,3.5,0
flow_001.45,106.5,3.5,0
flow_101.37,108.5,3.5,0
flow_101.38,107.0,3.0,0
flow_30.12,22.5,2.0,0
flow_101.39,106.0,4.0,0
flow_0012.27,109.0,4.5,0
flow_001.46,106.5,3.0,0
flow_201.16,38.0,7.0,0
flow_0012.28,104.0,4.0,0
flow_2012.9,38.5,4.0,0
flow_3012.8,41.0,4.5,0
flow_10.35,110.5,6.5,0
flow_1012.24,108.0,4.0,0
flow_3012.9,39.5,5.5,0
flow_3012.10,35.0,4.5,0
flow_2012.10,55.0,4.5,0
flow_00.18,110.5,6.5,0
flow_201.17,33.0,2.5,0
flow_00.19,108.0,4.0,0
flow_00.20,104.5,3.0,0
flow_301.21,46.0,3.5,0
flow_101.40,124.5,3.5,0
flow_3012.11,42.5,4.5,0
flow_101.41,116.5,4.5,0
flow_00.21,107.5,4.0,0
flow_20.10,38.5,4.0,0
flow_001.47,107.5,3.0,0
flow_0012.29,103.5,3.5,0
flow_101.42,131.5,3.5,0
flow_101.43,128.5,3.0,0
flow_10.36,113.5,3.0,0
flow_001.48,108.5,3.5,0
flow_0012.30,106.5,4.0,0
flow_001.49,103.0,3.0,0
flow_101.44,132.0,3.5,0
flow_101.45,129.5,3.0,0
flow_101.46,116.0,3.5,0
flow_00.22,107.5,4.0,0
flow_201.18,44.5,3.5,0
flow_00.23,106.0,3.0,0
flow_00.24,102.5,3.0,0
flow_3012.12,36.5,4.5,0
flow_30.13,25.0,2.5,0
flow_101.47,135.5,7.5,0
flow_301.22,25.5,2.5,0
flow_101.48,132.5,3.0,0
flow_0012.31,109.5,4.5,0
flow_001.50,106.0,3.0,0
flow_001.51,105.0,3.5,0
flow_10.37,135.0,4.0,0
flow_301.23,37.0,4.0,0
flow_101.49,132.0,3.0,0
flow_1012.25,115.5,4.0,0
flow_00.25,107.5,4.0,0
flow_201.19,40.0,3.5,0
flow_00.26,105.5,3.0,0
flow_0012.32,104.5,4.0,0
flow_301.24,31.0,3.5,0
flow_101.50,129.0,3.5,0
flow_30.14,23.5,2.0,0
flow_101.51,113.0,3.5,0
flow_1012.26,109.5,3.5,0
flow_3012.13,25.5,3.0,0
flow_0012.33,110.0,4.5,0
flow_00.27,106.0,3.0,0
flow_201.20,41.0,7.5,0
flow_00.28,102.5,3.0,0
flow_101.0,25.5,2.5,0
flow_301.0,24.5,2.5,0
flow_201.0,23.5,2.0,0
flow_3012.0,38.5,4.5,0
flow_301.1,37.0,3.0,0
flow_101.1,47.0,7.5,0
flow_30.0,35.0,3.0,0
flow_101.2,46.0,3.5,0
flow_0012.0,26.0,3.5,0
flow_2012.0,42.0,4.5,0
flow_201.1,28.5,3.0,0
flow_301.2,28.0,3.0,0
flow_101.3,55.0,3.5,0
flow_101.4,46.0,3.5,0
flow_101.5,27.5,3.0,0
flow_20.0,36.0,4.0,0
flow_2012.1,37.5,4.0,0
flow_30.1,26.5,3.5,0
flow_10.0,42.5,4.0,0
flow_10.1,43.0,3.0,0
flow_301.3,28.5,3.0,0
flow_101.6,42.0,3.0,0
flow_301.4,27.0,3.0,0
flow_201.2,42.5,3.5,0
flow_201.3,41.5,3.0,0
flow_10.2,48.0,4.0,0
flow_301.5,43.5,3.5,0
flow_1012.0,48.5,3.5,0
flow_30.2,46.0,6.0,0
flow_101.7,44.5,2.5,0
flow_3012.1,44.5,5.0,0
flow_001.0,30.0,3.5,0
flow_001.1,29.5,3.0,0
flow_30.3,59.0,4.0,0
flow_101.8,54.0,3.5,0
flow_10.3,29.0,3.0,0
flow_30.4,57.5,3.0,0
flow_301.6,58.5,3.0,0
flow_20.1,20.0,1.5,0
flow_3012.2,75.0,4.0,0
flow_101.9,46.5,7.0,0
flow_301.7,75.0,3.0,0
flow_301.8,74.0,3.0,0
flow_101.10,46.0,3.5,0
flow_201.4,25.0,2.5,0
flow_001.2,32.5,3.5,0
flow_001.3,32.0,3.0,0
flow_001.4,31.0,3.0,0
flow_30.5,89.0,4.0,0
flow_10.4,59.5,4.0,0
flow_301.9,90.5,3.0,0
flow_1012.1,50.5,5.0,0
flow_101.11,47.5,2.5,0
flow_001.5,34.5,3.5,0
flow_201.5,34.5,3.5,0
flow_201.6,33.5,2.5,0
flow_30.6,105.5,4.0,0
flow_10.5,60.0,4.0,0
flow_30.7,93.5,3.0,0
flow_1012.2,58.5,6.0,0
flow_30.8,96.0,5.5,0
flow_30.9,110.0,4.0,0
flow_10.6,73.0,4.0,0
flow_301.10,108.5,3.0,0
flow_10.7,72.0,3.5,0
flow_30.10,97.5,3.0,0
flow_101.12,71.0,3.0,0
flow_00.0,38.5,4.0,0
flow_001.6,25.5,2.5,0
flow_20.2,20.5,1.5,0
flow_10.8,67.5,4.0,0
flow_30.11,114.5,4.0,0
flow_101.13,62.0,3.0,0
flow_3012.3,115.5,5.0,0
flow_301.11,112.0,3.0,0
flow_30.12,114.0,4.0,0
flow_101.14,79.5,3.5,0
flow_301.12,112.5,3.0,0
flow_3012.4,108.5,4.0,0
flow_1012.3,82.5,5.5,0
flow_3012.5,110.0,4.5,0
flow_301.13,106.5,3.0,0
flow_30.13,102.0,3.0,0
flow_101.15,103.5,7.5,0
flow_1012.4,103.5,5.5,0
flow_001.7,33.0,3.5,0
flow_00.1,22.5,2.0,0
flow_10.9,115.5,4.0,0
flow_301.14,109.0,3.5,0
flow_30.14,106.0,3.0,0
flow_101.16,116.0,3.0,0
flow_301.15,103.0,2.5,0
flow_1012.5,117.5,5.0,0
flow_00.2,37.5,4.0,0
flow_201.7,33.5,3.5,0
flow_001.8,27.0,2.5,0
flow_2012.2,34.0,4.5,0
flow_201.8,32.0,3.0,0
flow_301.16,108.5,3.5,0
flow_101.17,132.0,3.5,0
flow_101.18,131.0,3.0,0
flow_301.17,107.0,3.0,0
flow_101.19,130.0,3.0,0
flow_301.18,104.0,3.5,0
flow_2012.3,34.5,4.5,0
flow_3012.6,109.0,4.5,0
flow_1012.6,140.0,5.0,0
flow_3012.7,107.0,4.0,0
flow_1012.7,135.0,4.0,0
flow_3012.8,103.5,3.5,0
flow_1012.8,116.5,4.0,0
flow_00.3,41.0,4.0,0
flow_30.15,107.0,4.0,0
flow_101.20,129.0,3.5,0
flow_101.21,110.0,3.0,0
flow_301.19,108.0,3.5,0
flow_1012.9,106.0,4.0,0
flow_301.20,107.0,7.0,0
flow_001.9,43.0,3.5,0
flow_001.10,42.5,3.0,0
flow_001.11,41.5,3.0,0
flow_301.21,108.5,3.5,0
flow_101.22,109.0,3.5,0
flow_101.23,107.0,3.0,0
flow_301.22,107.0,3.0,0
flow_101.24,104.0,3.0,0
flow_3012.9,106.5,6.0,0
flow_20.3,38.5,4.0,0
flow_001.12,35.5,3.5,0
flow_001.13,24.5,2.5,0
flow_3012.10,109.5,4.5,0
flow_1012.10,110.5,5.0,0
flow_3012.11,108.5,4.5,0
flow_10.10,109.5,6.5,0
flow_3012.12,108.0,7.0,0
flow_001.14,24.5,2.5,0
flow_101.25,125.0,3.5,0
flow_301.23,109.5,3.5,0
flow_10.11,110.5,3.0,0
flow_30.16,105.0,3.0,0
flow_101.26,109.0,2.5,0
flow_30.17,103.0,3.0,0
flow_20.4,36.0,4.0,0
flow_001.15,25.0,2.0,0
flow_0012.1,24.5,3.0,0
flow_3012.13,109.0,4.5,0
flow_30.18,104.5,3.0,0
flow_101.27,128.5,7.0,0
flow_301.24,104.0,3.5,0
flow_1012.11,119.5,5.0,0
flow_2012.4,28.5,4.0,0
flow_301.25,108.0,3.5,0
flow_1012.12,133.5,6.0,0
flow_3012.14,107.0,4.0,0
flow_301.26,103.0,3.0,0
flow_101.28,134.0,4.0,0
flow_00.4,21.0,2.0,0
flow_301.27,108.0,3.5,0
flow_101.29,137.0,3.5,0
flow_1012.13,134.0,3.5,0
flow_30.19,109.0,6.0,0
flow_101.30,131.5,3.0,0
flow_301.28,105.0,3.0,0
flow_0012.2,37.0,4.5,0
flow_101.31,136.5,3.5,0
flow_30.20,109.0,4.0,0
flow_3012.15,107.0,4.0,0
flow_1012.14,135.5,4.5,0
flow_1012.15,117.0,4.0,0
flow_30.21,107.0,6.5,0
flow_00.5,22.5,2.0,0
flow_101.32,131.0,3.5,0
flow_301.29,108.5,3.5,0
flow_101.33,129.0,3.0,0
flow_301.30,107.0,3.0,0
flow_101.34,112.5,3.0,0
flow_301.31,104.0,3.0,0
flow_201.9,36.0,3.5,0
flow_0012.3,27.5,4.5,0
flow_201.10,37.5,4.0,0
flow_30.22,107.5,4.0,0
flow_101.35,126.0,3.5,0
flow_10.12,110.0,3.0,0
flow_301.32,106.5,3.0,0
flow_1012.16,106.5,4.0,0
flow_301.33,108.0,7.0,0
flow_00.6,28.5,3.5,0
flow_201.11,52.5,3.5,0
flow_20.5,50.5,3.0,0
flow_301.34,108.5,3.5,0
flow_1012.17,111.5,6.5,0
flow_10.13,106.0,3.5,0
flow_101.36,104.5,3.0,0
flow_301.35,110.0,4.0,0
flow_00.7,40.0,4.0,0
flow_201.12,30.0,3.5,0
flow_201.13,29.0,3.5,0
flow_001.16,35.0,3.0,0
flow_00.8,27.0,2.5,0
flow_201.14,28.5,3.0,0
flow_3012.16,125.0,4.5,0
flow_301.36,112.0,3.0,0
flow_101.37,113.0,7.5,0
flow_101.38,110.5,3.0,0
flow_301.37,112.5,4.0,0
flow_2012.5,42.0,4.5,0
flow_00.9,26.5,5.5,0
flow_2012.6,40.0,6.0,0
flow_301.38,125.5,3.5,0
flow_101.39,126.0,3.5,0
flow_3012.17,114.5,4.5,0
flow_301.39,110.5,3.0,0
flow_101.40,117.0,7.5,0
flow_001.17,48.5,3.5,0
flow_201.15,42.5,3.5,0
flow_201.16,25.5,2.5,0
flow_301.40,125.5,3.5,0
flow_101.41,132.0,3.5,0
flow_1012.18,130.0,4.0,0
flow_101.42,115.0,3.0,0
flow_301.41,117.0,7.0,0
flow_001.18,24.5,2.5,0
flow_10.14,131.0,4.0,0
flow_301.42,130.5,3.5,0
flow_301.43,127.0,3.0,0
flow_101.43,129.0,3.0,0
flow_30.23,113.0,3.0,0
flow_101.44,115.0,3.0,0
flow_001.19,26.0,3.0,0
flow_001.20,25.0,2.5,0
flow_10.15,129.5,4.0,0
flow_301.44,128.5,3.5,0
flow_1012.19,128.0,4.0,0
flow_101.45,112.5,3.0,0
flow_301.45,116.0,6.5,0
flow_20.6,36.0,4.0,0
flow_0012.4,29.5,4.0,0
flow_30.24,131.5,4.0,0
flow_101.46,127.0,3.5,0
flow_30.25,128.0,3.0,0
flow_101.47,112.5,3.0,0
flow_301.46,115.0,3.0,0
flow_101.48,107.5,3.5,0
flow_101.49,108.0,3.0,0
flow_301.47,131.5,3.5,0
flow_101.50,106.5,3.0,0
flow_30.26,129.0,3.5,0
flow_30.27,115.5,3.0,0
flow_1012.20,106.5,6.5,0
flow_3012.18,128.5,4.5,0
flow_30.28,111.0,3.0,0
flow_101.51,112.5,7.0,0
flow_3012.19,110.0,4.0,0
flow_0012.5,34.0,4.5,0
flow_20.7,44.0,6.5,0
flow_001.21,28.0,2.5,0
flow_2012.7,33.0,5.0,0
flow_30.29,124.0,4.0,0
flow_101.52,130.5,4.0,0
flow_10.16,126.5,3.0,0
flow_10.17,114.0,3.0,0
flow_301.48,114.0,3.5,0
flow_3012.20,110.0,6.5,0
flow_001.22,39.0,3.5,0
flow_201.17,26.0,2.5,0
flow_3012.21,109.0,4.5,0
flow_101.53,135.5,7.5,0
flow_1012.21,132.5,4.0,0
flow_3012.22,111.0,5.5,0
flow_001.23,31.5,3.5,0
flow_201.18,31.5,3.5,0
flow_10.18,135.5,4.0,0
flow_301.49,125.0,3.5,0
flow_1012.22,135.0,4.0,0
flow_10.19,130.5,3.0,0
flow_301.50,116.0,6.5,0
flow_20.8,21.5,2.0,0
flow_30.30,130.0,4.0,0
flow_101.54,137.0,3.5,0
flow_30.31,128.5,3.5,0
flow_101.55,136.0,3.5,0
flow_301.51,115.0,3.0,0
flow_101.56,132.5,3.5,0
flow_001.24,25.0,2.5,0
flow_301.52,131.0,3.5,0
flow_101.57,134.0,3.5,0
flow_3012.23,129.5,4.0,0
flow_301.53,116.0,3.0,0
flow_101.58,118.0,7.0,0
flow_001.25,33.0,3.5,0
flow_3012.24,132.0,4.5,0
flow_10.20,134.0,6.5,0
flow_3012.25,132.5,6.0,0
flow_0012.6,31.0,4.5,0
flow_001.26,26.0,2.5,0
flow_0012.7,24.5,3.0,0
flow_301.54,136.0,3.5,0
flow_101.59,151.5,4.0,0
flow_101.60,138.5,3.5,0
flow_10.21,130.5,2.5,0
flow_301.55,134.0,3.0,0
flow_301.56,116.5,3.5,0
flow_2012.8,25.0,3.0,0
flow_0012.8,41.5,4.5,0
flow_00.10,39.0,3.0,0
flow_0012.9,40.0,3.5,0
flow_30.0,21.0,1.5,0
flow_1012.0,28.0,4.5,0
flow_20.0,24.5,3.0,0
flow_301.0,30.0,6.5,0
flow_0012.0,38.0,6.5,0
flow_0012.1,30.0,4.5,0
flow_3012.0,41.5,4.5,0
flow_30.1,40.5,3.0,0
flow_101.0,45.5,7.0,0
flow_301.1,39.0,3.0,0
flow_101.1,40.5,3.0,0
flow_20.1,27.5,3.5,0
flow_30.2,52.5,4.0,0
flow_101.2,41.0,3.5,0
flow_10.0,38.0,3.0,0
flow_301.2,53.5,3.0,0
flow_3012.1,52.0,3.5,0
flow_1012.1,32.0,4.0,0
flow_201.0,44.0,3.5,0
flow_201.1,44.5,3.5,0
flow_2012.0,29.5,3.5,0
flow_301.3,58.0,3.5,0
flow_1012.2,50.0,6.5,0
flow_10.1,46.5,3.5,0
flow_301.4,60.0,4.0,0
flow_1012.3,48.5,4.5,0
flow_00.0,41.5,4.0,0
flow_201.2,46.5,3.5,0
flow_0012.2,35.5,3.5,0
flow_201.3,44.5,6.5,0
flow_0012.3,34.0,5.5,0
flow_3012.2,77.0,4.0,0
flow_1012.4,54.5,4.5,0
flow_3012.3,78.5,4.0,0
flow_301.5,76.5,3.0,0
flow_101.3,46.0,4.5,0
flow_2012.1,61.0,4.0,0
flow_0012.4,39.0,4.5,0
flow_201.4,56.5,3.0,0
flow_201.5,52.0,3.0,0
flow_301.6,93.5,3.5,0
flow_1012.5,52.5,6.5,0
flow_10.2,41.5,3.5,0
flow_301.7,96.5,3.5,0
flow_101.4,39.0,3.5,0
flow_001.0,40.0,3.5,0
flow_201.6,59.5,3.5,0
flow_001.1,26.0,2.5,0
flow_301.8,113.0,3.5,0
flow_1012.6,57.0,6.5,0
flow_30.3,112.5,3.5,0
flow_101.5,54.5,3.0,0
flow_101.6,54.5,3.5,0
flow_20.2,33.0,4.0,0
flow_001.2,43.5,3.5,0
flow_00.1,33.0,3.0,0
flow_0012.5,28.0,3.5,0
flow_1012.7,69.5,4.0,0
flow_101.7,69.5,3.0,0
flow_301.9,138.5,7.5,0
flow_3012.4,135.5,4.0,0
flow_1012.8,67.0,4.5,0
flow_00.2,41.5,4.0,0
flow_001.3,25.5,2.0,0
flow_00.3,21.0,2.0,0
flow_10.3,61.5,4.0,0
flow_301.10,152.0,3.5,0
flow_301.11,140.0,3.0,0
flow_101.8,52.5,3.0,0
flow_30.4,133.5,3.0,0
flow_1012.9,54.0,7.0,0
flow_00.4,41.0,4.0,0
flow_2012.2,35.5,5.0,0
flow_20.3,23.0,2.5,0
flow_001.4,40.0,3.0,0
flow_301.12,136.5,3.5,0
flow_101.9,67.5,3.5,0
flow_101.10,66.5,3.0,0
flow_301.13,135.0,3.0,0
flow_301.14,132.0,3.0,0
flow_101.11,64.5,3.5,0
flow_20.4,31.0,4.0,0
flow_00.5,49.0,4.0,0
flow_20.5,23.5,2.0,0
flow_001.5,45.5,3.0,0
flow_00.6,43.0,3.0,0
flow_30.5,135.5,4.0,0
flow_3012.5,131.5,3.5,0
flow_1012.10,79.0,7.5,0
flow_1012.11,75.5,4.0,0
flow_2012.3,46.5,4.5,0
flow_0012.6,64.0,5.0,0
flow_20.6,39.0,3.0,0
flow_001.6,63.0,3.0,0
flow_001.7,50.0,3.0,0
flow_1012.12,85.0,4.5,0
flow_10.4,83.5,3.0,0
flow_301.15,140.5,4.5,0
flow_101.12,77.5,3.0,0
flow_301.16,138.0,4.0,0
flow_201.7,29.0,3.5,0
flow_0012.7,70.0,6.5,0
flow_001.8,66.5,3.0,0
flow_201.8,30.5,3.5,0
flow_00.7,64.5,3.0,0
flow_1012.13,84.5,4.0,0
flow_101.13,84.0,3.0,0
flow_301.17,138.5,7.0,0
flow_1012.14,83.0,3.5,0
flow_3012.6,134.0,4.0,0
flow_20.7,33.5,4.0,0
flow_001.9,54.5,3.5,0
flow_001.10,51.5,3.0,0
flow_201.9,33.0,3.0,0
flow_00.8,41.0,3.0,0
flow_301.18,136.0,3.5,0
flow_101.14,85.0,3.5,0
flow_301.19,134.0,3.0,0
flow_101.15,70.0,3.0,0
flow_30.6,127.5,3.0,0
flow_101.16,68.5,3.5,0
flow_201.10,33.0,3.5,0
flow_0012.8,35.0,6.5,0
flow_001.11,32.0,3.0,0
flow_201.11,33.5,4.0,0
flow_0012.9,32.5,4.5,0
flow_101.17,83.0,3.5,0
flow_301.20,137.5,3.5,0
flow_301.21,135.0,3.0,0
flow_101.18,83.5,3.0,0
flow_10.5,80.0,3.0,0
flow_301.22,132.5,3.5,0
flow_201.12,38.0,3.5,0
flow_001.12,48.5,4.0,0
flow_20.8,28.5,3.0,0
flow_001.13,47.0,3.5,0
flow_0012.10,45.0,4.0,0
flow_301.23,136.5,3.5,0
flow_101.19,99.5,3.5,0
flow_3012.7,133.0,3.5,0
flow_10.6,101.0,6.0,0
flow_301.24,113.0,3.0,0
flow_10.7,99.5,4.0,0
flow_001.14,62.5,3.5,0
flow_201.13,42.5,3.5,0
flow_2012.4,42.5,4.0,0
flow_00.9,64.5,6.5,0
flow_201.14,41.0,3.0,0
flow_00.10,62.0,4.5,0
flow_30.7,125.0,4.0,0
flow_1012.15,112.0,7.5,0
flow_1012.16,109.5,4.0,0
flow_0012.11,69.5,4.0,0
flow_2012.5,58.5,4.5,0
flow_0012.12,68.0,4.0,0
flow_00.11,64.5,3.0,0
flow_2012.6,58.5,4.0,0
flow_20.9,44.0,3.0,0
flow_301.25,134.5,3.5,0
flow_10.8,125.0,4.0,0
flow_301.26,129.5,3.0,0
flow_101.20,112.5,3.0,0
flow_3012.8,116.5,4.0,0
flow_101.21,112.5,7.0,0
flow_00.12,81.0,4.0,0
flow_201.15,54.0,3.5,0
flow_001.15,81.0,3.0,0
flow_2012.7,43.0,5.0,0
flow_201.16,40.0,3.0,0
flow_10.9,124.0,4.0,0
flow_301.27,131.5,3.5,0
flow_10.10,111.5,3.0,0
flow_301.28,128.5,3.0,0
flow_3012.9,115.5,3.5,0
flow_1012.17,111.0,4.0,0
flow_001.16,93.5,3.5,0
flow_20.10,54.0,4.0,0
flow_001.17,91.0,3.0,0
flow_201.17,53.5,3.0,0
flow_2012.8,28.0,3.5,0
flow_001.18,93.5,6.5,0
flow_3012.10,131.0,4.5,0
flow_101.22,123.5,7.0,0
flow_3012.11,132.0,5.0,0
flow_30.8,116.0,3.5,0
flow_001.19,101.5,3.5,0
flow_201.18,40.5,3.5,0
flow_20.11,38.0,3.0,0
flow_001.20,87.5,3.0,0
flow_001.21,85.0,3.0,0
flow_201.19,39.5,3.0,0
flow_30.9,130.0,4.0,0
flow_101.23,136.5,3.5,0
flow_30.10,127.5,3.0,0
flow_101.24,134.5,3.0,0
flow_30.11,111.0,3.0,0
flow_101.25,132.5,3.5,0
flow_2012.9,44.0,4.5,0
flow_0012.13,72.0,4.5,0
flow_20.12,30.5,3.0,0
flow_00.13,66.0,3.0,0
flow_20.13,29.0,3.0,0
flow_001.22,63.0,3.0,0
flow_20.14,28.0,3.0,0
flow_3012.12,108.5,4.0,0
flow_30.12,105.0,3.0,0
flow_101.26,141.5,7.5,0
flow_3012.13,105.0,4.0,0
flow_0012.14,65.5,5.0,0
flow_001.23,63.0,3.0,0
flow_201.20,49.5,8.0,0
flow_0012.15,63.5,4.5,0
flow_101.27,153.5,3.5,0
flow_3012.14,111.0,5.0,0
flow_30.13,107.0,3.5,0
flow_101.28,142.0,3.5,0
flow_30.14,103.5,3.0,0
flow_10.11,137.5,3.0,0
flow_00.14,78.0,4.0,0
flow_201.21,68.0,3.5,0
flow_001.24,78.5,3.0,0
flow_2012.10,70.0,5.0,0
flow_201.22,67.0,2.5,0
flow_10.12,151.0,4.0,0
flow_301.29,109.5,3.5,0
flow_101.29,140.0,3.0,0
flow_1012.18,138.0,3.5,0
flow_3012.15,110.0,5.0,0
flow_00.15,97.0,4.0,0
flow_201.23,83.5,3.5,0
flow_20.15,82.0,3.0,0
flow_00.16,97.5,3.0,0
flow_0012.16,74.5,3.5,0
flow_2012.11,81.0,3.5,0
flow_30.15,122.5,4.0,0
flow_101.30,153.5,3.5,0
flow_10.13,135.5,3.0,0
flow_301.30,112.5,3.0,0
flow_10.14,114.0,3.0,0
flow_301.31,110.0,3.0,0
flow_2012.12,98.5,4.5,0
flow_20.16,88.5,3.0,0
flow_00.17,78.5,6.5,0
flow_20.17,86.5,3.0,0
flow_001.25,77.0,3.5,0
flow_001.26,75.0,3.0,0
flow_3012.16,125.5,4.5,0
flow_101.31,137.0,7.5,0
flow_3012.17,117.0,5.5,0
flow_3012.18,113.5,5.0,0
flow_20.18,104.0,4.0,0
flow_001.27,83.5,4.0,0
flow_201.24,104.5,3.0,0
flow_001.28,77.5,3.0,0
flow_20.19,100.0,3.0,0
flow_001.29,70.0,3.5,0
flow_30.16,124.5,4.0,0
flow_101.32,153.5,3.5,0
flow_3012.19,113.0,4.0,0
flow_10.15,139.5,6.0,0
flow_301.32,109.5,3.0,0
flow_101.33,118.0,3.5,0
flow_20.20,108.0,4.0,0
flow_001.30,73.5,3.5,0
flow_2012.13,106.0,3.5,0
flow_0012.17,73.5,4.0,0
flow_001.31,61.5,3.0,0
flow_201.25,105.0,3.5,0
flow_10.16,129.5,4.0,0
flow_301.33,125.0,3.5,0
flow_101.34,127.5,3.0,0
flow_3012.20,114.5,4.5,0
flow_301.34,109.0,2.5,0
flow_20.21,107.0,4.0,0
flow_001.32,72.0,3.5,0
flow_00.18,44.5,3.0,0
flow_201.26,106.5,3.0,0
flow_001.33,40.0,3.0,0
flow_2012.14,96.5,5.5,0
flow_30.17,109.0,4.0,0
flow_10.17,136.0,4.0,0
flow_101.35,134.5,3.0,0
flow_3012.21,111.0,5.0,0
flow_301.35,106.0,3.0,0
flow_001.34,55.0,3.5,0
flow_201.27,107.0,3.5,0
flow_2012.15,95.0,3.5,0
flow_20.22,92.0,3.0,0
flow_001.35,59.0,7.0,0
flow_30.18,107.0,4.0,0
flow_10.18,153.0,4.0,0
flow_301.36,106.0,3.0,0
flow_1012.19,143.5,5.0,0
flow_10.19,138.0,3.0,0
flow_201.28,102.0,3.5,0
flow_001.36,76.0,4.0,0
flow_0012.18,75.0,4.0,0
flow_2012.16,103.5,4.5,0
flow_0012.19,69.5,4.0,0
flow_2012.17,101.0,4.0,0
flow_10.20,153.0,4.0,0
flow_301.37,124.0,3.5,0
flow_10.21,138.0,3.5,0
flow_301.38,113.0,3.0,0
flow_10.22,115.5,3.0,0
flow_301.39,110.5,3.5,0
flow_0012.20,86.5,4.5,0
flow_2012.18,110.0,4.5,0
flow_20.23,99.0,3.0,0
flow_00.19,85.0,3.0,0
flow_20.24,81.5,3.0,0
flow_001.37,84.5,3.0,0
flow_101.36,130.5,3.5,0
flow_301.40,125.5,3.5,0
flow_3012.22,112.5,4.0,0
flow_1012.20,129.5,4.0,0
flow_3012.23,109.5,4.0,0
flow_2012.19,78.0,4.0,0
flow_20.25,48.5,3.0,0
flow_001.38,100.0,7.0,0
flow_001.39,99.5,3.0,0
flow_201.29,49.0,3.0,0
flow_101.37,136.5,4.0,0
flow_301.41,124.5,3.5,0
flow_101.38,133.0,3.0,0
flow_3012.24,114.5,5.0,0
flow_301.42,110.0,3.0,0
flow_0012.21,111.5,4.5,0
flow_2012.20,66.0,4.5,0
flow_0012.22,102.0,4.0,0
flow_20.26,68.0,6.0,0
flow_001.40,84.0,3.0,0
flow_20.27,66.5,4.0,0
flow_30.19,123.0,4.0,0
flow_101.39,136.0,4.0,0
flow_1012.21,133.0,3.5,0
flow_3012.25,112.5,4.0,0
flow_10.23,114.0,3.0,0
flow_30.20,107.0,3.0,0
flow_00.20,90.0,4.0,0
flow_201.30,78.0,3.5,0
flow_20.28,73.0,3.0,0
flow_001.41,84.5,3.0,0
flow_20.29,63.5,3.0,0
flow_0012.23,82.5,6.0,0
flow_30.21,108.0,4.0,0
flow_101.40,131.0,3.5,0
flow_301.43,107.0,3.0,0
flow_1012.22,131.0,5.0,0
flow_1012.23,117.5,4.0,0
flow_00.21,95.5,4.0,0
flow_201.31,81.0,3.5,0
flow_201.32,77.5,3.0,0
flow_001.42,97.0,3.0,0
flow_001.43,90.5,3.5,0
flow_301.44,125.0,3.5,0
flow_101.41,132.0,3.5,0
flow_301.45,112.0,3.0,0
flow_101.42,129.0,3.0,0
flow_3012.26,110.0,4.0,0
flow_101.43,119.0,6.5,0
flow_001.44,106.0,3.5,0
flow_001.45,97.5,3.0,0
flow_0012.24,80.0,3.5,0
flow_3012.27,125.5,4.5,0
flow_10.24,133.0,6.5,0
flow_3012.28,115.5,6.0,0
flow_3012.29,113.0,4.5,0
flow_001.46,96.5,3.5,0
flow_20.30,40.0,4.0,0
flow_00.22,93.5,3.0,0
flow_00.23,92.0,3.0,0
flow_201.33,26.0,3.0,0
flow_101.44,138.0,4.0,0
flow_301.46,125.0,3.5,0
flow_1012.24,134.0,4.0,0
flow_30.22,114.0,5.0,0
flow_101.45,115.5,2.5,0
flow_301.47,111.5,3.0,0
flow_001.47,98.5,3.5,0
flow_201.34,31.0,3.5,0
flow_00.24,83.0,3.0,0
flow_001.48,85.5,3.5,0
flow_30.23,124.0,4.0,0
flow_101.46,131.5,3.5,0
flow_301.48,113.0,3.0,0
flow_1012.25,132.5,5.0,0
flow_101.47,117.0,3.0,0
flow_001.49,97.0,3.5,0
flow_2012.21,37.0,6.0,0
flow_20.31,33.0,3.5,0
flow_001.50,98.5,3.5,0
flow_2012.22,35.5,5.0,0
flow_30.24,128.5,4.0,0
flow_101.48,130.5,3.5,0
flow_30.25,111.0,3.0,0
flow_1012.26,131.5,6.0,0
flow_001.51,116.0,3.5,0
flow_201.35,49.0,3.5,0
flow_001.52,113.0,3.0,0
flow_201.36,42.0,3.5,0
flow_001.53,110.0,3.0,0
flow_201.37,41.0,3.5,0
flow_10.25,135.5,4.0,0
flow_301.49,131.0,3.5,0
flow_1012.27,135.0,4.0,0
flow_301.50,133.5,7.0,0
flow_1012.28,135.5,5.5,0
flow_0012.25,125.5,4.5,0
flow_2012.23,43.0,4.5,0
flow_0012.26,112.5,4.0,0
flow_0012.27,109.5,4.0,0
flow_201.38,41.5,7.0,0
flow_101.49,136.5,3.5,0
flow_301.51,137.0,3.5,0
flow_3012.30,134.5,4.0,0
flow_301.52,130.5,3.0,0
flow_101.50,118.0,7.0,0
flow_0012.28,126.0,4.5,0
flow_2012.24,33.0,4.5,0
flow_001.54,113.5,3.5,0
flow_2012.25,26.0,4.0,0
flow_001.55,114.0,6.0,0
flow_301.0,25.5,2.5,0
flow_001.0,31.0,3.0,0
flow_20.0,21.5,1.5,0
flow_00.0,29.5,3.0,0
flow_0012.0,30.5,4.0,0
flow_1012.0,45.0,4.5,0
flow_10.0,26.0,3.0,0
flow_10.1,24.5,2.5,0
flow_301.1,49.5,7.5,0
flow_301.2,49.0,3.5,0
flow_001.1,47.0,3.5,0
flow_201.0,42.5,3.5,0
flow_0012.1,47.5,4.0,0
flow_20.1,39.5,6.0,0
flow_001.2,47.0,3.5,0
flow_20.2,39.0,4.0,0
flow_301.3,65.0,3.5,0
flow_101.0,44.5,3.5,0
flow_301.4,64.0,3.0,0
flow_101.1,43.5,3.0,0
flow_101.2,42.5,3.0,0
flow_301.5,61.0,3.5,0
flow_2012.0,54.0,4.5,0
flow_0012.2,64.0,4.5,0
flow_20.3,42.5,3.0,0
flow_001.3,62.0,3.0,0
flow_101.3,52.5,3.5,0
flow_301.6,75.5,3.5,0
flow_3012.0,74.0,3.5,0
flow_1012.1,52.0,4.0,0
flow_3012.1,74.0,4.0,0
flow_001.4,37.0,3.5,0
flow_201.1,36.0,3.5,0
flow_2012.1,29.0,3.5,0
flow_00.1,33.0,6.0,0
flow_00.2,31.0,4.5,0
flow_30.0,89.5,4.0,0
flow_101.4,72.0,4.0,0
flow_3012.2,91.0,4.0,0
flow_1012.2,63.0,4.0,0
flow_301.7,90.5,3.0,0
flow_101.5,52.0,3.0,0
flow_201.2,35.5,3.5,0
flow_20.4,20.5,1.5,0
flow_30.1,92.0,4.0,0
flow_1012.3,71.0,7.5,0
flow_101.6,68.5,3.0,0
flow_301.8,97.0,3.0,0
flow_0012.3,41.5,4.5,0
flow_001.5,39.5,2.5,0
flow_0012.4,38.5,3.5,0
flow_10.2,85.5,4.0,0
flow_30.2,112.5,4.0,0
flow_301.9,92.5,3.0,0
flow_101.7,78.0,3.0,0
flow_30.3,89.5,3.0,0
flow_1012.4,80.0,6.5,0
flow_201.3,37.5,3.5,0
flow_001.6,57.5,3.5,0
flow_20.5,35.0,3.0,0
flow_0012.5,47.5,7.0,0
flow_3012.3,110.0,4.5,0
flow_301.10,108.5,3.0,0
flow_101.8,98.5,7.5,0
flow_10.3,96.5,3.5,0
flow_301.11,104.0,3.0,0
flow_001.7,62.0,3.5,0
flow_201.4,53.5,4.0,0
flow_001.8,55.0,3.0,0
flow_001.9,53.5,3.5,0
flow_301.12,121.0,3.5,0
flow_1012.5,117.0,6.5,0
flow_101.9,114.0,3.0,0
flow_10.4,111.0,3.0,0
flow_301.13,115.0,4.0,0
flow_2012.2,44.0,4.0,0
flow_001.10,74.5,7.5,0
flow_2012.3,36.5,6.0,0
flow_10.5,128.0,4.0,0
flow_301.14,131.0,3.5,0
flow_101.10,128.0,3.0,0
flow_3012.4,124.0,5.0,0
flow_301.15,113.5,2.5,0
flow_00.3,70.5,4.0,0
flow_201.5,47.0,4.0,0
flow_0012.6,56.0,4.0,0
flow_00.4,52.5,3.0,0
flow_201.6,46.0,7.0,0
flow_10.6,134.5,4.0,0
flow_301.16,125.5,3.5,0
flow_10.7,130.5,3.0,0
flow_301.17,112.5,3.0,0
flow_101.11,116.0,3.0,0
flow_301.18,111.0,3.5,0
flow_001.11,70.0,3.5,0
flow_201.7,57.5,3.5,0
flow_001.12,70.5,3.0,0
flow_00.5,67.0,3.0,0
flow_201.8,58.0,3.5,0
flow_2012.4,45.5,6.0,0
flow_101.12,131.5,3.5,0
flow_3012.5,128.0,6.5,0
flow_30.4,112.5,3.5,0
flow_101.13,130.5,3.5,0
flow_301.19,111.0,3.0,0
flow_0012.7,57.0,4.5,0
flow_201.9,64.0,7.5,0
flow_0012.8,52.5,5.5,0
flow_001.13,33.5,3.0,0
flow_101.14,134.0,3.5,0
flow_30.5,125.0,4.0,0
flow_10.8,129.0,3.0,0
flow_301.20,111.5,3.0,0
flow_301.21,107.0,3.0,0
flow_10.9,114.5,3.0,0
flow_2012.5,43.5,4.5,0
flow_20.6,37.0,3.0,0
flow_001.14,53.5,7.5,0
flow_00.6,51.0,3.5,0
flow_201.10,38.0,3.0,0
flow_1012.6,130.5,4.0,0
flow_101.15,127.0,3.0,0
flow_301.22,113.0,7.5,0
flow_10.10,113.0,3.0,0
flow_301.23,110.5,3.5,0
flow_201.11,53.5,3.5,0
flow_0012.9,68.0,6.5,0
flow_00.7,35.0,3.5,0
flow_201.12,33.5,4.0,0
flow_1012.7,129.5,4.5,0
flow_301.24,128.0,7.0,0
flow_1012.8,115.5,5.0,0
flow_1012.9,113.5,4.5,0
flow_20.7,33.5,3.5,0
flow_001.15,44.0,3.5,0
flow_20.8,31.5,3.0,0
flow_10.11,124.0,4.0,0
flow_30.6,137.0,4.0,0
flow_30.7,134.0,3.0,0
flow_101.16,112.0,3.0,0
flow_30.8,130.5,3.0,0
flow_101.17,107.0,3.0,0
flow_0012.10,46.0,4.5,0
flow_20.9,27.0,5.5,0
flow_0012.11,44.5,5.5,0
flow_30.9,134.5,4.0,0
flow_10.12,108.0,4.0,0
flow_101.18,106.5,3.0,0
flow_301.25,135.0,3.0,0
flow_10.13,101.5,3.0,0
flow_301.26,131.5,3.5,0
flow_201.13,43.5,3.5,0
flow_2012.6,31.5,3.5,0
flow_2012.7,31.5,4.0,0
flow_101.19,108.5,3.5,0
flow_30.10,136.5,4.0,0
flow_10.14,105.5,3.0,0
flow_301.27,134.5,3.0,0
flow_101.20,104.5,3.0,0
flow_301.28,133.0,3.5,0
flow_00.8,34.5,4.0,0
flow_201.14,45.5,3.5,0
flow_201.15,27.5,3.0,0
flow_0012.12,37.5,5.5,0
flow_0012.13,36.0,4.5,0
flow_301.29,134.5,3.5,0
flow_101.21,109.0,3.5,0
flow_3012.6,130.0,4.0,0
flow_30.11,109.5,3.0,0
flow_101.22,111.0,7.0,0
flow_00.9,50.5,4.0,0
flow_201.16,48.5,3.5,0
flow_001.16,47.0,3.0,0
flow_2012.8,43.5,5.0,0
flow_0012.14,46.5,3.5,0
flow_30.12,107.5,4.0,0
flow_101.23,125.0,3.5,0
flow_10.15,111.5,3.0,0
flow_30.13,107.0,3.5,0
flow_101.24,109.5,3.0,0
flow_301.30,104.0,3.0,0
flow_001.17,64.0,3.5,0
flow_201.17,33.0,3.5,0
flow_0012.15,59.5,3.5,0
flow_2012.9,35.0,4.5,0
flow_201.18,31.5,3.0,0
flow_001.18,61.0,3.5,0
flow_30.14,108.0,4.0,0
flow_10.16,125.5,4.0,0
flow_3012.7,106.5,3.5,0
flow_30.15,102.0,3.0,0
flow_1012.10,113.5,4.0,0
flow_10.17,109.0,3.0,0
flow_2012.10,48.5,4.5,0
flow_001.19,62.5,7.0,0
flow_201.19,48.0,3.0,0
flow_2012.11,47.0,4.0,0
flow_30.16,107.5,4.0,0
flow_101.25,126.5,3.5,0
flow_10.18,110.5,3.0,0
flow_301.31,107.0,3.0,0
flow_10.19,109.0,3.0,0
flow_3012.8,107.5,6.5,0
flow_001.20,82.5,4.0,0
flow_2012.12,53.5,5.5,0
flow_201.20,26.5,3.0,0
flow_001.21,85.0,4.0,0
flow_20.10,23.5,2.5,0
flow_001.22,77.0,4.0,0
flow_301.32,109.0,3.5,0
flow_10.20,125.5,4.0,0
flow_101.26,112.5,3.0,0
flow_301.33,108.0,3.5,0
flow_30.17,102.0,3.0,0
flow_10.21,105.0,3.0,0
flow_201.21,26.5,3.0,0
flow_0012.16,63.5,6.0,0
flow_00.10,44.5,3.5,0
flow_10.22,107.5,4.0,0
flow_301.34,109.5,3.5,0
flow_101.27,106.5,3.0,0
flow_301.35,108.5,3.5,0
flow_301.36,105.5,3.0,0
flow_101.28,107.0,4.0,0
flow_0012.17,33.5,4.0,0
flow_20.11,37.0,6.5,0
flow_2012.13,31.0,4.5,0
flow_10.23,107.5,4.0,0
flow_301.37,108.5,3.5,0
flow_101.29,107.0,3.0,0
flow_301.38,108.0,3.5,0
flow_3012.9,104.0,4.0,0
flow_1012.11,104.0,4.0,0
flow_00.11,35.5,4.0,0
flow_201.22,39.0,4.0,0
flow_0012.18,33.5,4.5,0
flow_2012.14,28.0,3.5,0
flow_20.12,20.5,1.5,0
flow_001.23,32.5,3.0,0
flow_1012.12,109.0,4.5,0
flow_30.18,110.5,6.5,0
flow_10.24,105.5,3.0,0
flow_30.19,108.0,4.0,0
flow_301.39,104.0,2.5,0
flow_201.23,42.5,4.0,0
flow_201.24,29.5,3.5,0
flow_201.25,28.0,3.0,0
flow_1012.13,125.0,4.0,0
flow_30.20,110.5,6.5,0
flow_10.25,111.5,3.0,0
flow_301.40,108.0,3.0,0
flow_101.30,109.5,3.0,0
flow_30.21,104.0,3.0,0
flow_0012.19,40.0,4.0,0
flow_00.12,27.0,3.0,0
flow_201.26,47.5,7.0,0
flow_00.13,26.0,2.5,0
flow_2012.15,49.0,4.5,0
flow_30.22,108.0,4.0,0
flow_101.31,125.0,3.5,0
flow_301.41,107.0,3.0,0
flow_10.26,109.5,3.0,0
flow_1012.14,115.5,5.0,0
flow_201.27,63.5,3.5,0
flow_2012.16,63.0,3.5,0
flow_201.28,59.0,3.0,0
flow_30.23,124.5,4.0,0
flow_101.32,125.5,3.5,0
flow_3012.10,112.5,4.0,0
flow_301.42,110.5,3.0,0
flow_101.33,116.0,6.5,0
flow_00.14,38.5,4.0,0
flow_201.29,62.0,3.5,0
flow_0012.20,26.5,3.5,0
flow_20.13,63.5,5.5,0
flow_201.30,62.5,3.5,0
flow_30.24,124.5,4.0,0
flow_101.34,132.5,4.0,0
flow_301.43,112.5,3.0,0
flow_3012.11,108.5,3.5,0
flow_1012.15,132.5,5.0,0
flow_0012.21,45.0,4.5,0
flow_20.14,80.5,6.5,0
flow_00.15,39.5,3.0,0
flow_2012.17,80.0,5.5,0
flow_301.44,124.5,3.5,0
flow_101.35,138.0,3.5,0
flow_30.25,111.0,3.0,0
flow_101.36,132.0,3.0,0
flow_3012.12,109.0,3.5,0
flow_101.37,119.0,6.5,0
flow_2012.18,98.0,4.5,0
flow_0012.22,44.5,4.5,0
flow_00.16,33.5,3.0,0
flow_0012.23,34.0,3.5,0
flow_2012.19,100.5,7.0,0
flow_1012.16,132.0,4.5,0
flow_10.27,127.5,3.0,0
flow_301.45,129.0,7.5,0
flow_1012.17,115.5,4.0,0
flow_3012.13,118.0,4.0,0
flow_2012.20,106.5,4.5,0
flow_20.15,104.5,3.0,0
flow_20.16,95.5,3.0,0
flow_301.46,131.0,4.0,0
flow_30.26,110.5,3.0,0
flow_101.38,132.5,4.0,0
flow_101.39,129.5,3.5,0
flow_30.27,108.5,3.0,0
flow_101.40,116.5,3.5,0
flow_201.31,111.0,3.5,0
flow_001.24,27.5,3.0,0
flow_0012.24,27.0,4.0,0
flow_201.32,103.5,4.0,0
flow_0012.25,29.5,6.0,0
flow_3012.14,125.5,4.5,0
flow_10.28,130.0,6.5,0
flow_3012.15,115.0,5.5,0
flow_10.29,117.0,7.5,0
flow_001.25,43.0,3.0,0
flow_201.33,101.0,4.0,0
flow_001.26,43.0,3.0,0
flow_201.34,98.0,3.0,0
flow_00.17,39.5,2.5,0
flow_201.35,97.0,3.0,0
flow_301.47,131.0,3.5,0
flow_1012.18,132.5,5.5,0
flow_101.41,113.5,3.0,0
flow_301.48,131.0,3.5,0
flow_1012.19,111.0,4.0,0
flow_201.36,113.5,3.5,0
flow_001.27,51.5,3.5,0
flow_0012.26,50.5,3.5,0
flow_2012.21,114.0,4.0,0
flow_0012.27,50.5,4.0,0
flow_20.17,101.5,6.0,0
flow_30.28,139.5,7.0,0
flow_1012.20,126.5,5.0,0
flow_101.42,112.5,3.0,0
flow_301.49,138.0,3.5,0
flow_30.29,133.0,3.0,0
flow_101.43,111.5,3.5,0
flow_2012.22,112.0,4.5,0
flow_001.28,64.5,7.5,0
flow_2012.23,116.0,5.5,0
flow_201.37,111.5,3.5,0
flow_30.30,132.5,4.0,0
flow_10.30,124.0,4.0,0
flow_101.44,112.0,3.0,0
flow_3012.16,132.0,5.0,0
flow_3012.17,118.0,4.0,0
flow_001.29,80.0,3.5,0
flow_201.38,126.0,3.5,0
flow_201.39,112.0,3.0,0
flow_001.30,76.0,3.0,0
flow_001.31,66.5,3.5,0
flow_2012.24,110.5,6.5,0
flow_10.31,131.0,4.0,0
flow_3012.18,135.5,7.5,0
flow_30.31,130.0,3.5,0
flow_101.45,133.5,3.0,0
flow_20.18,107.0,4.0,0
flow_001.32,81.5,3.5,0
flow_2012.25,107.5,4.0,0
flow_20.19,101.5,3.0,0
flow_001.33,78.5,6.5,0
flow_30.32,136.5,4.0,0
flow_1012.21,139.5,7.5,0
flow_30.33,135.0,5.0,0
flow_101.46,134.5,3.0,0
flow_3012.19,119.5,5.0,0
flow_2012.26,109.5,4.5,0
flow_20.20,105.0,3.0,0
flow_00.18,92.5,6.5,0
flow_20.21,102.0,3.0,0
flow_00.19,87.0,4.0,0
flow_30.34,127.5,4.0,0
flow_101.47,136.5,3.5,0
flow_101.48,134.5,3.0,0
flow_301.50,113.0,3.0,0
flow_30.35,106.5,3.0,0
flow_101.49,131.0,3.0,0
flow_0012.28,100.0,4.5,0
flow_2012.27,109.5,4.5,0
flow_00.20,94.0,3.5,0
flow_20.22,90.5,3.0,0
flow_201.40,88.5,3.0,0
flow_0012.29,98.0,5.0,0
flow_3012.20,124.0,4.5,0
flow_301.51,112.0,3.0,0
flow_101.50,140.5,7.0,0
flow_3012.21,111.0,4.0,0
flow_10.32,140.5,6.0,0
flow_201.41,98.0,3.5,0
flow_0012.30,111.0,6.5,0
flow_20.23,64.0,3.5,0
flow_001.34,84.5,3.0,0
flow_001.35,66.0,3.0,0
flow_1012.22,153.0,4.0,0
flow_30.36,128.5,6.5,0
flow_101.51,141.5,3.5,0
flow_3012.22,115.0,5.0,0
flow_1012.23,136.5,4.0,0
flow_2012.28,74.0,4.5,0
flow_0012.31,81.5,4.5,0
flow_001.36,53.0,3.0,0
flow_201.42,74.0,3.0,0
flow_20.24,60.0,3.0,0
flow_001.37,43.0,3.0,0
flow_30.0,20.5,1.5,0
flow_001.0,35.0,3.5,0
flow_201.0,32.0,3.5,0
flow_0012.0,34.0,3.5,0
flow_001.1,33.5,3.0,0
flow_201.1,27.5,3.0,0
flow_101.0,27.0,3.0,0
flow_301.0,41.5,3.5,0
flow_301.1,41.5,3.0,0
flow_30.1,38.5,3.0,0
flow_20.0,42.0,4.0,0
flow_0012.1,54.0,7.5,0
flow_001.2,49.5,3.5,0
flow_201.2,38.5,3.0,0
flow_30.2,52.0,4.0,0
flow_101.1,32.5,3.5,0
flow_10.0,29.5,3.0,0
flow_301.2,52.5,3.0,0
flow_301.3,40.0,3.0,0
flow_0012.2,67.0,4.5,0
flow_2012.0,51.0,4.5,0
flow_201.3,46.0,3.0,0
flow_001.3,67.0,3.0,0
flow_001.4,66.0,3.0,0
flow_20.1,46.0,3.0,0
flow_1012.0,31.5,4.0,0
flow_1012.1,32.0,4.0,0
flow_301.4,65.5,7.0,0
flow_20.2,51.0,4.0,0
flow_0012.3,82.0,7.5,0
flow_20.3,32.5,5.5,0
flow_001.5,71.0,3.5,0
flow_2012.1,26.0,3.5,0
flow_3012.0,81.0,4.0,0
flow_1012.2,43.5,4.5,0
flow_101.2,41.0,3.0,0
flow_301.5,74.0,3.0,0
flow_301.6,62.0,3.0,0
flow_101.3,31.0,3.0,0
flow_20.4,34.0,4.0,0
flow_00.0,79.5,4.0,0
flow_00.1,75.5,3.0,0
flow_201.4,34.0,3.0,0
flow_00.2,68.0,3.0,0
flow_2012.2,29.0,6.5,0
flow_10.1,47.5,4.0,0
flow_1012.3,46.5,3.5,0
flow_3012.1,76.5,6.5,0
flow_10.2,40.0,3.0,0
flow_30.3,74.5,3.5,0
flow_00.3,83.5,4.0,0
flow_00.4,82.0,3.5,0
flow_20.5,21.0,1.5,0
flow_001.6,72.5,3.0,0
flow_3012.2,93.0,4.5,0
flow_10.3,60.5,6.5,0
flow_301.7,92.0,3.0,0
flow_1012.4,32.5,5.0,0
flow_001.7,87.0,3.5,0
flow_201.5,40.0,3.5,0
flow_00.5,80.0,3.0,0
flow_201.6,33.0,3.5,0
flow_00.6,67.5,3.0,0
flow_201.7,32.5,3.5,0
flow_30.4,111.5,4.0,0
flow_301.8,112.0,3.0,0
flow_10.4,21.5,2.0,0
flow_301.9,111.0,3.0,0
flow_2012.3,43.5,4.5,0
flow_20.6,41.0,3.0,0
flow_00.7,88.5,6.5,0
flow_0012.4,88.5,5.5,0
flow_301.10,128.5,3.5,0
flow_30.5,125.5,3.0,0
flow_3012.3,114.5,3.5,0
flow_2012.4,42.0,4.0,0
flow_00.8,106.0,6.5,0
flow_201.8,27.0,3.0,0
flow_001.8,78.5,3.5,0
flow_2012.5,26.5,4.0,0
flow_101.4,43.5,3.5,0
flow_30.6,126.5,3.0,0
flow_10.5,37.0,3.0,0
flow_301.11,134.0,4.0,0
flow_301.12,113.5,3.0,0
flow_1012.5,35.5,5.0,0
flow_20.7,35.0,3.5,0
flow_001.9,94.0,3.5,0
flow_20.8,34.0,3.5,0
flow_001.10,91.5,3.5,0
flow_00.9,87.5,3.0,0
flow_20.9,33.0,3.0,0
flow_30.7,126.0,4.0,0
flow_101.5,50.5,3.5,0
flow_301.13,112.0,3.0,0
flow_101.6,37.0,3.0,0
flow_10.6,29.0,2.5,0
flow_30.8,106.0,3.0,0
flow_20.10,51.5,4.0,0
flow_001.11,107.5,3.5,0
flow_201.9,51.5,3.0,0
flow_0012.5,103.0,5.0,0
flow_001.12,99.5,3.0,0
flow_301.14,108.5,3.5,0
flow_1012.6,51.5,6.5,0
flow_301.15,109.0,3.5,0
flow_101.7,50.0,3.5,0
flow_101.8,43.0,3.5,0
flow_001.13,114.0,3.5,0
flow_201.10,71.5,3.5,0
flow_001.14,104.0,3.0,0
flow_201.11,71.0,3.0,0
flow_001.15,103.5,3.0,0
flow_201.12,70.0,3.0,0
flow_10.7,55.5,4.0,0
flow_30.9,124.5,4.0,0
flow_301.16,111.0,2.5,0
flow_101.9,56.5,3.0,0
flow_30.10,107.5,3.0,0
flow_10.8,54.0,3.0,0
flow_001.16,118.5,3.5,0
flow_201.13,87.5,3.5,0
flow_0012.6,110.0,3.5,0
flow_00.10,106.0,3.0,0
flow_201.14,89.5,6.5,0
flow_3012.4,124.5,4.0,0
flow_10.9,71.0,6.5,0
flow_30.11,111.0,3.0,0
flow_101.10,54.5,3.5,0
flow_10.10,40.0,3.0,0
flow_301.17,110.0,3.0,0
flow_20.11,94.5,4.0,0
flow_001.17,109.5,3.5,0
flow_00.11,105.5,3.0,0
flow_20.12,87.0,3.0,0
flow_201.15,81.0,3.0,0
flow_0012.7,106.0,5.0,0
flow_30.12,124.0,4.0,0
flow_101.11,58.0,3.5,0
flow_301.18,112.0,3.0,0
flow_101.12,58.0,3.5,0
flow_10.11,39.5,3.0,0
flow_301.19,110.5,3.0,0
flow_20.13,93.5,4.0,0
flow_001.18,109.5,3.5,0
flow_001.19,106.5,3.0,0
flow_201.16,78.0,3.0,0
flow_2012.6,43.0,4.0,0
flow_001.20,108.0,7.0,0
flow_3012.5,126.0,4.5,0
flow_1012.7,57.5,4.5,0
flow_1012.8,56.0,4.0,0
flow_10.12,44.0,3.0,0
flow_301.20,117.0,4.5,0
flow_201.17,48.5,3.5,0
flow_001.21,108.5,3.5,0
flow_20.14,46.0,3.0,0
flow_001.22,107.0,3.0,0
flow_201.18,47.0,3.0,0
flow_0012.8,106.5,5.5,0
flow_301.21,127.5,3.0,0
flow_101.13,61.0,3.5,0
flow_10.13,49.0,3.0,0
flow_301.22,112.5,3.0,0
flow_101.14,44.0,2.5,0
flow_3012.6,111.5,5.0,0
flow_00.12,107.5,4.0,0
flow_201.19,64.0,3.5,0
flow_20.15,57.0,3.0,0
flow_001.23,107.5,3.0,0
flow_20.16,48.5,3.0,0
flow_0012.9,107.0,6.0,0
flow_301.23,125.0,3.5,0
flow_101.15,41.0,3.5,0
flow_301.24,113.0,3.0,0
flow_101.16,34.0,3.0,0
flow_301.25,111.0,3.5,0
flow_101.17,34.5,3.5,0
flow_001.24,109.5,3.5,0
flow_201.20,68.5,3.5,0
flow_001.25,107.0,3.0,0
flow_201.21,60.5,3.0,0
flow_001.26,104.0,3.0,0
flow_201.22,61.0,3.5,0
flow_3012.7,126.0,4.5,0
flow_301.26,112.5,3.0,0
flow_101.18,38.0,7.5,0
flow_301.27,111.0,3.5,0
flow_201.23,67.5,3.5,0
flow_0012.10,111.5,6.5,0
flow_001.27,108.0,3.0,0
flow_201.24,70.5,4.0,0
flow_001.28,106.0,3.5,0
flow_301.28,125.0,3.5,0
flow_3012.8,111.0,3.5,0
flow_1012.9,46.0,6.5,0
flow_1012.10,45.0,4.5,0
flow_101.19,43.0,3.0,0
flow_001.29,108.5,3.5,0
flow_201.25,88.0,3.5,0
flow_00.13,105.5,3.0,0
flow_20.17,69.0,3.0,0
flow_201.26,68.5,3.0,0
flow_0012.11,106.0,5.0,0
flow_301.29,128.0,3.5,0
flow_3012.9,112.0,3.5,0
flow_1012.11,39.0,5.5,0
flow_10.14,26.5,3.0,0
flow_1012.12,38.0,4.5,0
flow_00.14,108.5,4.0,0
flow_2012.7,46.5,7.5,0
flow_00.15,108.0,5.0,0
flow_2012.8,45.0,7.0,0
flow_301.30,131.5,3.5,0
flow_10.15,35.5,3.5,0
flow_101.20,34.0,3.0,0
flow_301.31,128.5,3.0,0
flow_1012.13,34.0,4.0,0
flow_30.13,117.5,6.0,0
flow_2012.9,54.5,4.5,0
flow_20.18,26.0,2.5,0
flow_001.30,128.5,7.0,0
flow_001.31,115.5,3.0,0
flow_2012.10,29.5,5.5,0
flow_301.32,131.0,3.5,0
flow_10.16,51.0,4.0,0
flow_30.14,127.5,3.0,0
flow_101.21,47.5,2.5,0
flow_301.33,115.0,3.0,0
flow_101.22,48.5,3.0,0
flow_0012.12,131.0,4.0,0
flow_2012.11,39.5,4.5,0
flow_001.32,130.0,3.0,0
flow_00.16,113.0,3.0,0
flow_201.27,40.0,3.0,0
flow_20.19,28.5,3.0,0
flow_10.17,45.0,4.0,0
flow_301.34,131.5,3.5,0
flow_301.35,129.0,3.0,0
flow_101.23,26.5,3.0,0
flow_301.36,115.5,3.0,0
flow_2012.12,41.0,4.5,0
flow_20.20,22.5,2.0,0
flow_001.33,135.0,7.5,0
flow_0012.13,131.5,4.0,0
flow_30.15,127.0,4.0,0
flow_101.24,45.0,3.5,0
flow_301.37,112.0,3.0,0
flow_101.25,44.5,3.0,0
flow_10.18,42.0,3.0,0
flow_301.38,108.0,3.0,0
flow_2012.13,41.0,4.5,0
flow_201.28,34.5,2.5,0
flow_001.34,140.5,7.0,0
flow_20.21,33.0,3.0,0
flow_001.35,138.5,3.0,0
flow_3012.10,108.0,4.0,0
flow_1012.14,42.0,4.0,0
flow_1012.15,42.5,4.0,0
flow_10.19,33.0,3.0,0
flow_30.16,109.0,6.0,0
flow_301.39,105.0,3.0,0
flow_20.22,39.0,4.0,0
flow_001.36,153.0,3.5,0
flow_201.29,31.5,3.0,0
flow_001.37,141.0,3.0,0
flow_00.17,132.5,3.0,0
flow_201.30,29.0,3.5,0
flow_301.40,109.0,3.5,0
flow_101.26,38.5,3.5,0
flow_1012.16,37.0,3.5,0
flow_301.41,112.0,7.0,0
flow_1012.17,39.5,6.0,0
flow_20.23,21.0,1.5,0
flow_001.38,134.5,3.5,0
flow_00.18,128.0,3.0,0
flow_20.24,21.0,2.0,0
flow_001.39,115.5,3.0,0
flow_10.20,51.0,4.0,0
flow_301.42,125.5,3.5,0
flow_10.21,51.0,3.0,0
flow_301.43,114.0,3.5,0
flow_101.27,39.5,3.0,0
flow_301.44,111.0,3.0,0
flow_201.31,26.5,3.0,0
flow_0012.14,134.0,6.0,0
flow_001.40,130.0,3.0,0
flow_201.32,28.5,3.5,0
flow_20.25,24.5,2.5,0
flow_001.41,115.0,3.5,0
flow_301.45,125.5,3.5,0
flow_1012.18,59.0,6.5,0
flow_301.46,115.0,3.5,0
flow_101.28,58.0,3.5,0
flow_101.29,56.5,3.5,0
flow_00.19,125.0,4.0,0
flow_201.33,43.0,3.5,0
flow_0012.15,110.5,4.0,0
flow_20.26,42.0,6.0,0
flow_001.42,105.0,3.0,0
flow_201.34,33.5,3.5,0
flow_30.17,131.0,4.0,0
flow_101.30,59.5,3.5,0
flow_101.31,59.0,3.0,0
flow_301.47,129.5,3.0,0
flow_101.32,44.5,3.0,0
flow_301.48,116.0,3.5,0
flow_201.35,48.5,3.5,0
flow_0012.16,111.5,6.5,0
flow_20.27,21.0,2.0,0
flow_001.43,107.5,3.0,0
flow_001.44,105.0,3.0,0
flow_301.49,130.5,3.5,0
flow_30.18,128.0,3.0,0
flow_301.50,116.0,3.0,0
flow_001.45,109.0,3.5,0
flow_001.46,106.5,3.0,0
flow_0012.17,103.5,3.5,0
flow_30.19,126.5,4.0,0
flow_101.33,43.0,3.5,0
flow_30.20,111.0,3.0,0
flow_1012.19,28.0,4.5,0
flow_30.21,112.5,5.5,0
flow_2012.14,42.5,4.5,0
flow_001.47,113.0,7.5,0
flow_2012.15,43.5,5.5,0
flow_2012.16,39.5,4.5,0
flow_101.34,38.0,3.5,0
flow_3012.11,128.5,6.5,0
flow_30.22,111.5,3.5,0
flow_101.35,28.5,3.5,0
flow_30.23,107.5,3.0,0
flow_201.36,53.5,3.5,0
flow_001.48,131.0,3.5,0
flow_2012.17,53.0,3.5,0
flow_00.20,130.0,6.0,0
flow_201.37,51.5,3.0,0
flow_001.49,117.0,3.0,0
flow_1012.20,46.5,4.5,0
flow_301.51,112.5,7.0,0
flow_1012.21,37.0,5.0,0
flow_101.36,35.5,3.5,0
flow_001.50,131.0,3.5,0
flow_201.38,48.0,3.5,0
flow_2012.18,47.5,3.5,0
flow_201.39,41.0,3.0,0
flow_001.51,133.5,7.0,0
flow_301.52,131.0,3.5,0
flow_1012.22,52.5,6.5,0
flow_301.53,131.5,4.0,0
flow_2012.19,58.0,4.5,0
flow_0012.18,137.5,4.5,0
flow_00.21,133.0,3.0,0
flow_201.40,49.5,3.5,0
flow_001.52,131.5,3.0,0
flow_201.41,48.0,3.0,0
flow_30.24,136.0,4.0,0
flow_101.37,40.5,3.5,0
flow_30.25,133.5,3.0,0
flow_101.38,39.5,3.0,0
flow_301.54,131.5,3.0,0
flow_1012.23,31.5,6.0,0
flow_20.28,62.5,4.0,0
flow_001.53,137.5,3.5,0
flow_001.54,134.5,3.0,0
flow_201.42,62.0,3.0,0
flow_20.29,52.0,3.0,0
flow_0012.19,134.5,6.5,0
flow_30.26,135.5,4.0,0
flow_3012.12,134.5,3.5,0
flow_301.55,133.0,3.5,0
flow_2012.20,61.5,4.5,0
flow_0012.20,134.5,4.5,0
flow_00.22,110.5,3.0,0
flow_201.43,51.0,3.0,0
flow_001.55,109.0,3.0,0
flow_201.44,44.0,3.0,0
flow_10.22,25.5,3.0,0
flow_30.27,135.5,4.0,0
flow_30.28,133.0,3.0,0
flow_101.39,25.0,2.5,0
flow_301.56,130.5,3.0,0
flow_0012.21,125.0,4.5,0
flow_001.56,112.5,3.0,0
flow_201.45,65.0,7.5,0
flow_00.23,106.0,3.0,0
flow_201.46,64.0,3.5,0
flow_3012.13,134.5,4.5,0
flow_1012.24,40.0,4.5,0
flow_3012.14,112.5,4.0,0
flow_301.57,106.5,2.5,0
flow_101.40,43.5,4.0,0
flow_20.30,79.0,4.0,0
flow_00.24,108.0,4.0,0
flow_00.25,106.0,3.0,0
flow_201.47,68.5,3.0,0
flow_20.31,66.0,3.0,0
flow_001.57,104.0,3.0,0
flow_3012.15,109.5,4.5,0
flow_30.29,105.0,3.0,0
flow_10.23,59.5,6.5,0
flow_1012.25,60.0,5.5,0
flow_00.26,107.5,4.0,0
flow_20.32,81.0,4.0,0
flow_00.27,106.0,3.0,0
flow_0012.22,103.5,3.5,0
flow_2012.21,85.0,6.0,0
flow_301.58,125.0,3.5,0
flow_101.41,61.5,3.5,0
flow_301.59,112.5,3.0,0
flow_101.42,52.0,3.0,0
flow_10.24,49.0,3.0,0
flow_3012.16,113.0,6.5,0
flow_20.33,67.0,4.0,0
flow_001.58,109.0,3.5,0
flow_20.34,31.5,3.5,0
flow_001.59,107.5,3.0,0
flow_201.48,30.0,2.5,0
flow_0012.23,105.0,4.5,0
flow_30.30,124.0,4.0,0
flow_10.25,64.5,4.0,0
flow_301.60,112.0,3.0,0
flow_101.43,54.5,3.0,0
flow_301.61,110.0,3.0,0
flow_101.44,36.5,3.5,0
flow_001.60,108.5,3.5,0
flow_201.49,33.0,3.5,0
flow_2012.22,29.5,3.5,0
flow_20.35,23.0,2.0,0
flow_001.61,110.5,6.5,0
flow_301.0,25.0,2.5,0
flow_201.0,25.5,2.5,0
flow_001.0,40.5,4.0,0
flow_0012.0,38.5,4.0,0
flow_0012.1,34.5,3.5,0
flow_301.1,27.5,3.0,0
flow_101.0,35.0,3.5,0
flow_101.1,34.0,3.0,0
flow_10.0,31.5,2.5,0
flow_001.1,50.5,3.5,0
flow_201.1,34.0,3.5,0
flow_001.2,50.0,3.0,0
flow_201.2,34.0,3.0,0
flow_001.3,50.0,3.0,0
flow_101.2,50.0,3.5,0
flow_301.2,41.0,3.5,0
flow_10.1,50.0,3.0,0
flow_301.3,41.0,3.0,0
flow_101.3,48.0,2.5,0
flow_301.4,35.5,3.0,0
flow_001.4,66.5,3.5,0
flow_00.0,46.0,3.0,0
flow_001.5,46.0,3.0,0
flow_101.4,66.0,3.5,0
flow_301.5,47.5,3.5,0
flow_1012.0,55.5,4.0,0
flow_3012.0,44.5,4.0,0
flow_1012.1,46.5,4.5,0
flow_2012.0,29.5,4.0,0
flow_001.6,67.0,7.0,0
flow_2012.1,33.0,5.5,0
flow_0012.2,67.5,4.0,0
flow_301.6,54.0,3.5,0
flow_101.5,62.0,3.5,0
flow_101.6,61.5,3.0,0
flow_301.7,32.5,3.0,0
flow_101.7,60.5,3.0,0
flow_0012.3,82.5,4.5,0
flow_20.0,50.5,6.5,0
flow_001.7,74.5,3.0,0
flow_2012.2,35.5,5.0,0
flow_101.8,77.0,3.5,0
flow_301.8,24.5,2.5,0
flow_10.2,75.5,3.0,0
flow_30.0,21.5,2.0,0
flow_101.9,75.5,3.0,0
flow_2012.3,33.0,4.5,0
flow_001.8,98.0,4.0,0
flow_201.3,24.5,2.0,0
flow_0012.4,98.5,5.0,0
flow_3012.1,41.5,4.5,0
flow_1012.2,93.5,4.5,0
flow_3012.2,38.0,4.0,0
flow_10.3,95.5,6.0,0
flow_1012.3,92.5,4.5,0
flow_3012.3,36.0,6.5,0
flow_001.9,115.0,3.5,0
flow_20.1,37.0,3.5,0
flow_2012.4,41.5,6.0,0
flow_001.10,117.0,3.5,0
flow_201.4,37.5,3.0,0
flow_3012.4,51.0,4.5,0
flow_10.4,110.5,7.0,0
flow_301.9,38.0,3.0,0
flow_101.10,99.5,3.5,0
flow_30.1,29.0,2.5,0
flow_101.11,85.5,3.0,0
flow_0012.5,133.0,4.5,0
flow_20.2,55.5,6.5,0
flow_00.1,129.5,3.0,0
flow_201.5,52.5,3.5,0
flow_20.3,34.0,3.0,0
flow_001.11,130.0,3.0,0
flow_101.12,99.5,3.5,0
flow_301.10,49.0,3.5,0
flow_1012.4,99.5,4.0,0
flow_101.13,98.0,3.0,0
flow_00.2,145.5,4.0,0
flow_201.6,47.0,3.5,0
flow_00.3,137.0,3.0,0
flow_201.7,47.0,4.0,0
flow_001.12,134.5,3.5,0
flow_201.8,35.5,4.0,0
flow_10.5,107.5,4.0,0
flow_101.14,108.5,3.5,0
flow_10.6,99.0,3.0,0
flow_2012.5,47.0,4.0,0
flow_201.9,46.5,3.0,0
flow_001.13,140.5,7.0,0
flow_00.4,135.0,3.5,0
flow_201.10,47.0,3.5,0
flow_101.15,107.5,3.5,0
flow_301.11,43.5,3.5,0
flow_301.12,40.5,3.0,0
flow_101.16,103.5,3.5,0
flow_301.13,39.5,3.0,0
flow_101.17,98.0,3.5,0
flow_201.11,61.0,3.5,0
flow_0012.6,137.5,6.5,0
flow_0012.7,133.5,5.0,0
flow_0012.8,118.0,4.5,0
flow_30.2,37.0,4.0,0
flow_101.18,108.5,3.5,0
flow_30.3,25.0,2.5,0
flow_1012.5,108.5,4.5,0
flow_1012.6,98.5,4.0,0
flow_00.5,128.0,4.0,0
flow_201.12,81.0,4.0,0
flow_20.4,63.5,3.0,0
flow_0012.9,114.0,5.5,0
flow_2012.6,58.5,3.5,0
flow_301.14,38.0,3.5,0
flow_101.19,109.0,3.5,0
flow_101.20,106.5,3.0,0
flow_301.15,35.0,3.0,0
flow_301.16,25.0,2.5,0
flow_101.21,104.5,3.5,0
flow_2012.7,70.5,4.0,0
flow_00.6,133.0,6.5,0
flow_201.13,70.5,3.0,0
flow_0012.10,131.5,5.0,0
flow_001.14,116.0,2.5,0
flow_101.22,108.5,3.5,0
flow_301.17,41.5,3.5,0
flow_3012.5,42.5,4.0,0
flow_101.23,112.0,7.0,0
flow_301.18,37.0,3.5,0
flow_20.5,70.5,4.0,0
flow_001.15,132.0,3.5,0
flow_20.6,70.0,3.0,0
flow_0012.11,132.0,6.0,0
flow_301.19,51.0,3.5,0
flow_1012.7,128.5,6.5,0
flow_101.24,113.0,3.0,0
flow_301.20,52.5,3.5,0
flow_101.25,111.0,3.0,0
flow_00.7,133.0,4.0,0
flow_201.14,44.5,3.5,0
flow_001.16,130.0,3.0,0
flow_201.15,44.5,3.0,0
flow_0012.12,116.0,4.0,0
flow_201.16,43.5,7.0,0
flow_10.7,124.0,4.0,0
flow_301.21,61.5,3.5,0
flow_1012.8,113.0,4.0,0
flow_10.8,108.5,3.0,0
flow_30.4,63.0,6.0,0
flow_0012.13,131.0,4.5,0
flow_00.8,126.0,3.0,0
flow_201.17,61.5,7.5,0
flow_0012.14,116.0,4.0,0
flow_2012.8,54.0,4.0,0
flow_30.5,29.5,3.5,0
flow_101.26,124.0,3.5,0
flow_10.9,111.0,3.0,0
flow_10.10,109.0,3.0,0
flow_301.22,26.0,3.0,0
flow_201.18,67.5,3.5,0
flow_001.17,131.0,4.0,0
flow_2012.9,61.5,4.0,0
flow_201.19,59.0,2.5,0
flow_001.18,117.0,7.0,0
flow_1012.9,126.0,4.5,0
flow_10.11,112.5,3.5,0
flow_301.23,30.0,7.0,0
flow_101.27,106.5,3.0,0
flow_2012.10,74.5,4.0,0
flow_0012.15,131.5,4.5,0
flow_0012.16,128.5,4.0,0
flow_001.19,115.0,3.0,0
flow_20.7,64.5,6.0,0
flow_201.20,53.0,3.5,0
flow_301.24,38.0,3.5,0
flow_101.28,109.5,4.0,0
flow_3012.6,37.0,4.0,0
flow_30.6,33.5,3.0,0
flow_10.12,108.5,6.0,0
flow_10.13,104.5,4.0,0
flow_201.21,30.0,3.5,0
flow_0012.17,131.5,6.5,0
flow_20.8,28.5,3.0,0
flow_001.20,113.0,3.0,0
flow_001.21,111.5,3.0,0
flow_30.7,46.5,4.0,0
flow_101.29,109.0,3.5,0
flow_3012.7,49.0,4.0,0
flow_301.25,45.5,2.5,0
flow_101.30,111.0,7.0,0
flow_2012.11,25.0,3.5,0
flow_0012.18,125.5,4.5,0
flow_2012.12,26.0,3.5,0
flow_0012.19,114.0,4.5,0
flow_0012.20,111.0,4.0,0
flow_30.8,58.5,4.0,0
flow_101.31,125.5,3.5,0
flow_10.14,111.0,3.0,0
flow_301.26,53.0,3.0,0
flow_30.9,49.0,3.0,0
flow_101.32,109.0,2.5,0
flow_0012.21,125.0,4.0,0
flow_2012.13,26.0,3.5,0
flow_001.22,112.5,3.0,0
flow_201.22,26.0,3.0,0
flow_001.23,107.0,3.0,0
flow_301.27,65.5,3.5,0
flow_1012.10,128.0,6.5,0
flow_10.15,112.0,3.5,0
flow_10.16,109.5,3.0,0
flow_301.28,65.0,4.0,0
flow_001.24,109.0,3.5,0
flow_201.23,36.5,3.5,0
flow_001.25,107.0,3.0,0
flow_201.24,30.5,3.0,0
flow_20.9,26.0,2.5,0
flow_001.26,105.5,3.5,0
flow_201.25,26.5,2.5,0
flow_10.17,124.0,4.0,0
flow_301.29,77.5,3.5,0
flow_1012.11,112.5,4.0,0
flow_3012.8,68.0,4.0,0
flow_30.10,63.5,3.0,0
flow_101.33,111.5,3.5,0
flow_0012.22,108.5,4.5,0
flow_201.26,41.0,7.5,0
flow_0012.23,110.0,5.5,0
flow_001.27,104.0,3.0,0
flow_101.34,125.0,3.5,0
flow_101.35,112.5,3.0,0
flow_101.36,107.0,3.0,0
flow_201.27,60.5,3.5,0
flow_0012.24,111.5,6.5,0
flow_001.28,108.0,3.0,0
flow_00.9,103.5,3.0,0
flow_201.28,63.0,4.0,0
flow_3012.9,45.0,4.5,0
flow_10.18,111.0,6.5,0
flow_30.11,41.0,3.0,0
flow_1012.12,109.5,5.5,0
flow_30.12,43.0,5.5,0
flow_0012.25,109.5,4.5,0
flow_001.29,107.0,3.0,0
flow_201.29,82.0,7.5,0
flow_20.10,78.5,3.5,0
flow_001.30,105.0,3.5,0
flow_3012.10,59.0,4.5,0
flow_30.13,55.5,3.0,0
flow_101.37,129.5,7.5,0
flow_301.30,55.5,3.0,0
flow_1012.13,117.5,5.0,0
flow_2012.14,96.0,4.0,0
flow_20.11,95.5,3.0,0
flow_001.31,112.5,7.0,0
flow_201.30,73.0,3.0,0
flow_0012.26,112.5,4.5,0
flow_101.38,130.5,3.5,0
flow_301.31,68.0,3.5,0
flow_101.39,128.0,3.0,0
flow_301.32,56.5,3.0,0
flow_3012.11,53.5,4.0,0
flow_101.40,119.5,7.0,0
flow_00.10,124.0,4.0,0
flow_201.31,90.5,3.5,0
flow_0012.27,113.0,4.0,0
flow_001.32,109.0,3.0,0
flow_201.32,94.0,7.0,0
flow_301.33,69.0,3.0,0
flow_101.41,130.5,3.5,0
flow_30.14,67.5,3.0,0
flow_101.42,128.5,3.0,0
flow_10.19,114.0,3.0,0
flow_301.34,57.0,3.0,0
flow_0012.28,124.5,4.5,0
flow_20.12,113.0,6.5,0
flow_201.33,111.0,3.5,0
flow_001.33,113.5,3.5,0
flow_201.34,99.0,3.0,0
flow_001.34,111.5,4.0,0
flow_101.43,132.0,3.5,0
flow_301.35,76.0,4.0,0
flow_101.44,129.5,3.5,0
flow_301.36,46.0,3.5,0
flow_101.45,116.5,3.5,0
flow_3012.12,46.5,6.5,0
flow_201.35,114.5,3.5,0
flow_0012.29,126.5,6.5,0
flow_201.36,107.5,3.5,0
flow_001.35,115.5,3.5,0
flow_001.36,113.0,3.5,0
flow_101.46,128.5,3.5,0
flow_301.37,53.0,3.5,0
flow_10.20,107.5,3.0,0
flow_30.15,43.0,3.0,0
flow_101.47,105.0,3.0,0
flow_001.37,126.5,3.5,0
flow_201.37,125.5,3.5,0
flow_2012.15,118.0,4.0,0
flow_201.38,100.0,3.0,0
flow_001.38,113.5,7.0,0
flow_10.21,108.5,4.0,0
flow_301.38,33.5,3.5,0
flow_30.16,27.0,3.0,0
flow_10.22,105.5,3.0,0
flow_1012.14,102.0,3.5,0
flow_001.39,125.5,3.5,0
flow_201.39,114.0,3.5,0
flow_0012.30,112.5,4.0,0
flow_201.40,111.5,6.5,0
flow_0012.31,113.0,5.0,0
flow_3012.13,32.0,4.0,0
flow_101.48,112.5,7.0,0
flow_1012.15,109.5,3.5,0
flow_20.13,127.5,4.0,0
flow_001.40,125.0,3.5,0
flow_20.14,124.5,3.0,0
flow_00.11,112.0,3.0,0
flow_001.41,110.0,3.0,0
flow_2012.16,107.5,5.5,0
flow_1012.16,125.0,4.0,0
flow_101.49,112.5,3.0,0
flow_301.39,47.5,7.0,0
flow_101.50,111.0,3.5,0
flow_3012.14,50.0,5.5,0
flow_20.15,121.0,4.0,0
flow_0012.32,128.5,7.5,0
flow_0012.33,114.5,4.5,0
flow_1012.17,124.5,4.0,0
flow_30.17,64.0,6.5,0
flow_101.51,112.0,3.0,0
flow_301.40,56.5,3.0,0
flow_101.52,110.0,3.0,0
flow_301.41,47.0,3.0,0
flow_201.41,125.5,3.0,0
flow_001.42,131.5,3.5,0
flow_20.16,124.0,3.0,0
flow_0012.34,132.0,7.0,0
flow_10.23,124.0,4.0,0
flow_3012.15,66.0,7.5,0
flow_10.24,113.0,5.0,0
flow_301.42,67.0,4.0,0
flow_1012.18,113.0,5.0,0
flow_001.43,137.0,3.5,0
flow_201.42,146.5,3.5,0
flow_0012.35,132.5,4.0,0
flow_201.43,135.5,7.0,0
flow_0012.36,118.5,5.0,0
flow_3012.16,70.0,4.5,0
flow_10.25,127.0,6.5,0
flow_301.43,52.0,2.5,0
flow_101.53,111.0,3.0,0
flow_301.44,49.5,3.0,0
flow_1012.19,108.0,4.5,0
flow_201.44,141.0,3.5,0
flow_001.44,131.5,3.5,0
flow_0012.37,128.0,3.5,0
flow_001.45,115.0,3.0,0
flow_201.45,142.0,6.5,0
flow_30.18,66.5,4.0,0
flow_101.54,109.0,3.5,0
flow_30.19,65.5,3.0,0
flow_101.55,106.5,3.0,0
flow_30.20,58.0,3.0,0
flow_101.56,105.0,3.5,0
flow_0012.38,132.0,4.5,0
flow_001.46,129.5,3.0,0
flow_201.46,156.5,7.5,0
flow_00.12,113.5,3.0,0
flow_201.47,156.0,3.5,0
flow_10.26,108.0,4.0,0
flow_30.21,75.5,4.0,0
flow_30.22,74.0,3.0,0
flow_101.57,106.0,2.5,0
flow_30.23,67.5,3.0,0
flow_101.58,104.0,3.0,0
flow_0012.39,129.0,4.5,0
flow_001.47,111.5,2.5,0
flow_201.48,169.5,7.5,0
flow_20.17,164.5,3.5,0
flow_001.48,108.5,3.0,0
flow_30.24,61.5,4.0,0
flow_101.59,109.5,3.5,0
flow_301.45,48.0,3.0,0
flow_101.60,106.5,3.0,0
flow_30.25,32.0,3.0,0
flow_1012.20,106.0,6.5,0
flow_201.49,180.0,3.5,0
flow_001.49,110.5,4.0,0
flow_001.50,106.5,3.0,0
flow_00.13,101.0,3.0,0
flow_201.50,165.5,3.0,0
flow_2012.17,146.5,6.5,0
flow_301.46,50.5,3.5,0
flow_101.61,110.0,4.0,0
flow_3012.17,51.0,4.0,0
flow_301.47,49.5,3.0,0
flow_101.62,112.0,7.0,0
flow_20.18,154.5,4.0,0
flow_001.51,108.5,3.5,0
flow_001.52,107.0,3.0,0
flow_201.51,140.5,3.0,0
flow_20.19,133.0,3.0,0
flow_001.53,104.0,3.0,0
flow_301.48,67.0,3.5,0
flow_1012.21,127.0,6.5,0
flow_3012.18,66.5,4.0,0
flow_3012.19,65.5,4.0,0
flow_00.14,107.5,4.0,0
flow_201.52,136.5,3.5,0
flow_0012.40,108.0,4.0,0
flow_20.20,134.5,6.5,0
flow_0012.41,109.0,7.0,0
flow_30.26,82.0,4.0,0
flow_101.63,137.5,4.0,0
flow_10.27,134.5,3.5,0
flow_301.49,82.5,3.0,0
flow_301.50,78.5,3.5,0
flow_101.64,133.0,3.0,0
flow_001.54,109.0,3.5,0
flow_201.53,135.0,3.5,0
flow_0012.42,107.0,4.0,0
flow_001.55,104.0,3.0,0
flow_201.54,133.5,6.5,0
flow_101.0,25.0,2.5,0
flow_301.0,27.0,3.0,0
flow_10.0,22.0,2.0,0
flow_00.0,34.5,4.0,0
flow_001.0,36.0,3.0,0
flow_001.1,35.5,3.0,0
flow_101.1,28.0,3.0,0
flow_301.1,28.0,3.0,0
flow_1012.0,27.0,3.5,0
flow_10.1,23.0,2.5,0
flow_301.2,30.0,6.5,0
flow_20.0,36.5,4.0,0
flow_001.2,43.0,3.5,0
flow_001.3,43.0,3.0,0
flow_20.1,21.5,2.0,0
flow_00.1,37.0,3.0,0
flow_1012.1,45.0,4.5,0
flow_3012.0,49.5,4.5,0
flow_1012.2,43.5,4.0,0
flow_3012.1,45.5,4.0,0
flow_301.3,43.5,3.5,0
flow_101.2,43.0,3.5,0
flow_0012.0,48.0,4.0,0
flow_2012.0,41.5,4.5,0
flow_0012.1,39.0,3.5,0
flow_001.4,38.5,3.0,0
flow_201.0,36.5,6.5,0
flow_3012.2,58.5,4.0,0
flow_1012.3,52.5,4.5,0
flow_101.3,52.0,3.0,0
flow_301.4,58.0,3.0,0
flow_301.5,46.0,3.0,0
flow_101.4,32.0,3.0,0
flow_20.2,51.5,4.0,0
flow_00.2,55.5,4.0,0
flow_20.3,51.0,3.0,0
flow_00.3,54.5,3.0,0
flow_00.4,49.5,3.0,0
flow_201.1,51.0,3.0,0
flow_10.2,45.0,4.0,0
flow_301.6,63.5,3.5,0
flow_30.0,59.0,3.0,0
flow_101.5,43.0,3.0,0
flow_10.3,38.5,3.0,0
flow_301.7,60.0,3.0,0
flow_2012.1,67.0,4.0,0
flow_001.5,73.0,7.5,0
flow_2012.2,51.5,5.5,0
flow_201.2,42.0,3.0,0
flow_301.8,73.5,3.5,0
flow_301.9,72.5,3.0,0
flow_1012.4,24.5,3.5,0
flow_30.1,72.0,5.0,0
flow_00.5,91.5,4.0,0
flow_201.3,58.5,3.5,0
flow_201.4,32.0,3.5,0
flow_0012.2,94.5,5.0,0
flow_001.6,49.5,3.0,0
flow_30.2,87.5,4.0,0
flow_101.6,39.0,3.5,0
flow_10.4,37.5,3.0,0
flow_301.10,89.0,3.0,0
flow_301.11,83.0,3.0,0
flow_00.6,64.5,4.0,0
flow_20.4,34.5,4.0,0
flow_201.5,33.5,3.0,0
flow_0012.3,57.0,4.5,0
flow_001.7,53.0,3.0,0
flow_10.5,30.0,3.5,0
flow_3012.3,98.0,7.5,0
flow_10.6,31.0,6.0,0
flow_3012.4,93.0,7.0,0
flow_001.8,60.0,3.5,0
flow_201.6,43.0,3.5,0
flow_00.7,58.0,3.0,0
flow_201.7,38.5,3.5,0
flow_001.9,50.5,3.0,0
flow_201.8,37.0,3.5,0
flow_30.3,106.5,4.0,0
flow_101.7,42.0,3.5,0
flow_301.12,93.5,3.0,0
flow_101.8,39.5,3.0,0
flow_3012.5,92.5,3.5,0
flow_10.7,28.0,5.5,0
flow_001.10,66.5,3.5,0
flow_201.9,47.5,3.5,0
flow_0012.4,66.0,3.5,0
flow_2012.3,45.0,3.5,0
flow_2012.4,40.0,4.0,0
flow_00.8,67.0,6.0,0
flow_10.8,41.5,4.0,0
flow_301.13,110.5,3.5,0
flow_1012.5,43.0,4.0,0
flow_301.14,97.5,6.5,0
flow_1012.6,45.5,5.0,0
flow_2012.5,36.5,4.5,0
flow_0012.5,83.0,4.5,0
flow_0012.6,69.5,4.0,0
flow_001.11,67.0,2.5,0
flow_1012.7,59.0,4.0,0
flow_30.4,114.5,6.5,0
flow_1012.8,59.0,5.5,0
flow_00.9,72.5,4.0,0
flow_201.10,33.5,3.5,0
flow_201.11,27.0,3.0,0
flow_001.12,72.0,3.0,0
flow_001.13,69.5,3.0,0
flow_10.9,76.0,4.0,0
flow_301.15,135.5,3.5,0
flow_10.10,56.5,3.0,0
flow_3012.6,135.0,6.0,0
flow_001.14,83.5,3.5,0
flow_201.12,33.0,3.5,0
flow_201.13,32.0,3.5,0
flow_001.15,76.0,3.0,0
flow_001.16,71.5,3.0,0
flow_101.9,78.5,3.5,0
flow_301.16,153.0,3.5,0
flow_10.11,76.5,3.0,0
flow_3012.7,155.5,7.0,0
flow_10.12,79.0,5.0,0
flow_001.17,89.0,3.5,0
flow_201.14,35.5,3.5,0
flow_00.10,85.5,3.0,0
flow_201.15,35.0,3.0,0
flow_001.18,75.0,3.0,0
flow_201.16,34.5,3.0,0
flow_301.17,164.0,3.5,0
flow_101.10,73.0,3.5,0
flow_301.18,159.0,3.0,0
flow_101.11,47.5,3.0,0
flow_1012.9,39.5,4.0,0
flow_301.19,147.5,7.0,0
flow_20.5,51.0,4.0,0
flow_001.19,68.5,3.5,0
flow_20.6,49.5,3.0,0
flow_001.20,57.0,3.0,0
flow_001.21,55.5,3.0,0
flow_301.20,160.0,3.5,0
flow_1012.10,57.0,6.5,0
flow_10.13,42.0,3.5,0
flow_301.21,160.0,3.5,0
flow_10.14,41.5,3.5,0
flow_001.22,61.0,3.5,0
flow_2012.6,28.5,5.5,0
flow_2012.7,26.0,4.0,0
flow_001.23,66.5,4.0,0
flow_301.22,165.5,3.5,0
flow_101.12,39.5,4.0,0
flow_3012.8,159.5,4.0,0
flow_1012.11,24.5,3.0,0
flow_301.23,144.0,3.0,0
flow_0012.7,77.0,4.5,0
flow_00.11,71.5,3.0,0
flow_00.12,71.0,3.0,0
flow_3012.9,138.5,4.5,0
flow_301.24,133.5,3.0,0
flow_101.13,47.5,7.5,0
flow_30.5,114.0,3.0,0
flow_101.14,45.0,3.5,0
flow_0012.8,89.5,4.0,0
flow_00.13,87.5,3.0,0
flow_20.7,34.0,6.0,0
flow_001.24,76.5,3.0,0
flow_30.6,128.5,4.0,0
flow_1012.12,55.5,7.5,0
flow_3012.10,113.5,4.0,0
flow_301.25,110.0,3.0,0
flow_101.15,41.0,4.0,0
flow_20.8,33.0,4.0,0
flow_0012.9,87.5,6.5,0
flow_2012.8,33.5,3.5,0
flow_2012.9,32.0,4.0,0
flow_30.7,123.0,4.0,0
flow_101.16,53.0,3.5,0
flow_3012.11,111.5,3.5,0
flow_301.26,106.5,2.5,0
flow_101.17,43.5,6.5,0
flow_001.25,101.0,4.0,0
flow_201.17,46.0,4.0,0
flow_0012.10,100.5,4.0,0
flow_00.14,98.0,2.5,0
flow_20.9,47.5,6.0,0
flow_20.10,46.5,4.0,0
flow_30.8,108.5,4.0,0
flow_1012.13,62.0,7.5,0
flow_30.9,109.0,5.5,0
flow_3012.12,104.5,3.5,0
flow_1012.14,57.5,7.5,0
flow_001.26,117.0,3.5,0
flow_2012.10,64.5,5.5,0
flow_201.18,61.5,3.0,0
flow_20.11,32.0,3.0,0
flow_001.27,119.0,4.0,0
flow_101.18,72.5,3.5,0
flow_301.27,109.0,3.5,0
flow_1012.15,49.5,3.5,0
flow_30.10,109.5,6.0,0
flow_101.19,46.5,3.0,0
flow_3012.13,106.5,5.0,0
flow_2012.11,46.5,4.5,0
flow_001.28,139.0,7.0,0
flow_2012.12,48.0,5.0,0
flow_0012.11,139.0,4.0,0
flow_2012.13,42.5,4.5,0
flow_10.15,63.0,4.0,0
flow_301.28,111.0,4.0,0
flow_1012.16,55.5,4.0,0
flow_30.11,109.5,6.5,0
flow_301.29,105.5,3.5,0
flow_20.12,57.0,4.0,0
flow_001.29,150.0,3.5,0
flow_2012.14,49.0,4.0,0
flow_001.30,144.5,7.0,0
flow_2012.15,37.0,5.5,0
flow_3012.14,109.5,4.5,0
flow_1012.17,34.0,4.5,0
flow_301.30,108.0,3.0,0
flow_101.20,32.0,3.5,0
flow_301.31,105.0,3.0,0
flow_001.31,159.0,3.5,0
flow_201.19,42.5,3.5,0
flow_20.13,29.5,3.0,0
flow_001.32,156.0,3.0,0
flow_201.20,28.0,2.5,0
flow_001.33,142.0,3.0,0
flow_10.16,27.0,3.0,0
flow_301.32,109.0,3.5,0
flow_1012.18,26.5,4.0,0
flow_301.33,110.0,4.0,0
flow_2012.16,35.5,4.5,0
flow_201.21,33.0,2.5,0
flow_001.34,142.0,7.0,0
flow_201.22,27.0,3.0,0
flow_001.35,139.5,3.5,0
flow_3012.15,125.0,4.5,0
flow_101.21,46.5,7.5,0
flow_3012.16,116.0,5.5,0
flow_301.34,111.0,3.0,0
flow_00.15,152.5,4.0,0
flow_20.14,44.0,4.0,0
flow_00.16,139.5,3.5,0
flow_201.23,46.0,3.5,0
flow_20.15,35.5,3.0,0
flow_001.36,136.5,3.5,0
flow_3012.17,125.0,4.5,0
flow_301.35,112.0,3.0,0
flow_101.22,68.5,7.5,0
flow_3012.18,109.5,4.0,0
flow_201.24,52.5,3.5,0
flow_0012.12,137.0,6.5,0
flow_00.17,129.0,3.5,0
flow_20.16,38.0,3.5,0
flow_0012.13,118.0,4.5,0
flow_301.36,124.5,3.5,0
flow_101.23,88.0,4.0,0
flow_1012.19,88.5,4.0,0
flow_101.24,50.0,2.5,0
flow_301.37,116.0,4.5,0
flow_001.37,127.5,3.5,0
flow_201.25,57.5,3.5,0
flow_0012.14,112.0,3.5,0
flow_2012.17,58.0,4.0,0
flow_2012.18,57.0,4.0,0
flow_30.12,129.5,4.0,0
flow_101.25,60.5,3.5,0
flow_30.13,126.5,3.0,0
flow_3012.19,114.5,3.5,0
flow_1012.20,62.5,6.0,0
flow_20.17,72.5,4.0,0
flow_001.38,131.0,3.5,0
flow_001.39,128.5,3.0,0
flow_201.26,73.0,3.0,0
flow_0012.15,114.0,4.0,0
flow_201.27,68.0,7.0,0
flow_301.38,128.0,3.5,0
flow_1012.21,82.0,6.5,0
flow_30.14,112.5,3.5,0
flow_101.26,76.5,3.0,0
flow_101.27,75.0,3.0,0
flow_2012.19,81.5,4.5,0
flow_201.28,80.0,3.0,0
flow_001.40,130.0,7.0,0
flow_20.18,74.5,3.0,0
flow_001.41,116.5,3.5,0
flow_301.39,131.0,3.5,0
flow_101.28,73.5,3.5,0
flow_30.15,128.5,3.5,0
flow_101.29,70.0,3.5,0
flow_301.40,116.0,3.0,0
flow_1012.22,63.0,5.5,0
flow_00.18,131.0,4.0,0
flow_201.29,93.0,3.5,0
flow_001.42,129.0,3.0,0
flow_201.30,93.5,3.0,0
flow_001.43,114.5,3.0,0
flow_201.31,45.0,3.0,0
flow_30.16,130.5,4.0,0
flow_10.17,75.0,4.0,0
flow_10.18,63.0,3.0,0
flow_3012.20,133.5,6.0,0
flow_00.19,129.0,4.0,0
flow_201.32,24.5,2.5,0
flow_20.19,21.5,2.0,0
flow_001.44,128.5,3.0,0
flow_001.45,116.0,3.5,0
flow_301.41,136.0,3.5,0
flow_101.30,84.5,3.5,0
flow_1012.23,66.5,3.5,0
flow_101.31,60.0,3.0,0
flow_301.42,134.5,6.5,0
flow_20.20,35.0,4.0,0
flow_001.46,131.0,4.0,0
flow_201.33,31.0,3.0,0
flow_0012.16,115.5,5.0,0
flow_0012.17,112.0,4.0,0
flow_10.19,72.5,4.0,0
flow_301.43,136.0,3.5,0
flow_30.17,133.0,3.0,0
flow_101.32,72.5,3.0,0
flow_30.18,130.0,3.0,0
flow_101.33,72.0,3.0,0
flow_00.20,124.5,4.0,0
flow_201.34,52.5,3.5,0
flow_0012.18,110.5,4.0,0
flow_2012.20,51.5,4.0,0
flow_0012.19,106.0,4.0,0
flow_3012.21,137.0,4.5,0
flow_101.34,94.5,7.5,0
flow_3012.22,136.5,5.5,0
flow_30.19,117.0,3.5,0
flow_201.35,70.0,3.5,0
flow_001.47,109.0,3.5,0
flow_0012.20,107.5,4.0,0
flow_00.21,102.0,3.0,0
flow_20.21,72.0,6.0,0
flow_2012.21,71.5,5.5,0
flow_30.20,130.5,4.0,0
flow_10.20,113.0,4.0,0
flow_10.21,112.0,3.0,0
flow_301.44,128.0,3.0,0
flow_10.22,110.5,3.0,0
flow_3012.23,118.0,5.5,0
flow_201.36,87.0,3.5,0
flow_0012.21,112.0,6.5,0
flow_2012.22,59.0,3.5,0
flow_20.22,56.0,3.0,0
flow_001.48,111.0,3.5,0
flow_301.45,129.5,3.5,0
flow_1012.24,132.5,6.5,0
flow_10.23,112.0,3.5,0
flow_101.35,112.5,3.0,0
flow_301.46,117.0,4.0,0
flow_0012.22,126.0,4.5,0
flow_2012.23,76.5,4.5,0
flow_001.49,113.0,3.0,0
flow_201.37,60.5,3.0,0
flow_2012.24,58.0,3.5,0
flow_0012.23,110.0,3.5,0
flow_301.47,129.0,3.5,0
flow_3012.24,112.0,3.5,0
flow_1012.25,105.5,7.0,0
flow_301.48,111.0,3.5,0
flow_101.36,105.5,4.0,0
flow_20.23,58.5,4.0,0
flow_001.50,124.5,3.5,0
flow_00.22,111.5,3.0,0
flow_201.38,59.5,3.0,0
flow_001.51,111.5,3.5,0
flow_2012.25,62.0,6.0,0
flow_10.24,117.5,4.0,0
flow_3012.25,129.0,7.5,0
flow_1012.26,115.0,4.0,0
flow_101.37,107.5,3.0,0
flow_301.49,116.5,3.5,0
flow_001.52,125.0,3.5,0
flow_20.24,59.0,4.0,0
flow_20.25,24.5,2.0,0
flow_001.53,113.0,3.0,0
flow_0012.24,111.0,4.0,0
flow_3012.26,131.0,4.5,0
flow_1012.27,112.5,4.5,0
flow_10.25,105.0,3.5,0
flow_301.50,128.5,3.0,0
flow_30.21,113.5,3.0,0
flow_101.38,104.5,3.0,0
flow_0012.25,125.5,4.5,0
flow_00.23,110.0,3.0,0
flow_201.39,49.5,7.0,0
flow_00.24,104.5,3.0,0
flow_20.26,40.5,3.5,0
flow_30.22,130.0,4.0,0
flow_101.39,120.5,3.5,0
flow_301.51,128.0,3.0,0
flow_101.40,111.5,3.0,0
flow_1012.28,95.5,3.5,0
flow_301.52,119.5,7.0,0
flow_201.40,46.5,3.5,0
flow_0012.26,111.5,6.5,0
flow_20.27,46.5,3.5,0
flow_001.54,108.0,3.0,0
flow_001.55,105.5,3.5,0
flow_3012.27,128.5,4.0,0
flow_10.26,111.5,6.5,0
flow_3012.28,115.0,5.5,0
flow_20.28,63.5,4.0,0
flow_001.56,112.0,4.5,0
flow_201.41,56.0,3.0,0
flow_20.29,52.0,3.0,0
flow_001.57,108.5,3.5,0
flow_0012.27,108.0,7.0,0
flow_101.41,122.0,3.5,0
flow_30.23,131.0,4.0,0
flow_301.53,128.5,3.0,0
flow_1012.29,88.5,5.0,0
flow_10.27,73.0,3.0,0
flow_201.42,53.5,3.5,0
flow_001.58,109.5,3.5,0
flow_20.30,22.0,2.0,0
flow_00.25,105.5,3.0,0
flow_00.26,103.0,3.0,0
flow_301.0,25.0,2.5,0
flow_00.0,36.0,4.0,0
flow_20.0,35.0,4.0,0
flow_2012.0,37.5,4.0,0
flow_0012.0,37.5,4.5,0
flow_2012.1,36.0,4.0,0
flow_10.0,34.5,4.0,0
flow_301.1,42.5,3.5,0
flow_10.1,23.5,2.0,0
flow_301.2,41.5,3.0,0
flow_3012.0,25.0,3.0,0
flow_001.0,55.5,3.5,0
flow_201.0,52.5,3.5,0
flow_001.1,55.0,3.0,0
flow_201.1,52.5,3.0,0
flow_20.1,49.0,3.0,0
flow_001.2,54.5,3.0,0
flow_10.2,23.5,2.5,0
flow_301.3,37.5,3.5,0
flow_3012.1,37.5,4.0,0
flow_1012.0,26.5,3.5,0
flow_20.2,66.5,4.0,0
flow_001.3,64.0,3.5,0
flow_2012.2,67.0,3.5,0
flow_00.1,65.0,6.0,0
flow_2012.3,70.5,6.5,0
flow_1012.1,40.0,4.5,0
flow_101.0,31.0,3.0,0
flow_10.3,28.5,2.5,0
flow_301.4,37.0,4.5,0
flow_301.5,34.0,3.0,0
flow_101.1,29.0,3.0,0
flow_20.3,80.0,4.0,0
flow_001.4,64.5,3.5,0
flow_201.2,78.5,3.0,0
flow_001.5,64.5,3.0,0
flow_20.4,76.0,3.0,0
flow_001.6,64.0,3.5,0
flow_301.6,49.5,3.5,0
flow_101.2,43.5,3.5,0
flow_10.4,35.5,3.0,0
flow_30.0,39.5,2.5,0
flow_301.7,44.0,3.5,0
flow_0012.1,80.0,4.0,0
flow_201.3,88.5,7.0,0
flow_0012.2,80.5,5.0,0
flow_2012.4,76.5,4.0,0
flow_30.1,48.5,4.0,0
flow_101.3,26.5,2.5,0
flow_10.5,22.5,2.0,0
flow_101.4,24.0,2.0,0
flow_201.4,91.0,3.5,0
flow_001.7,88.0,3.5,0
flow_0012.3,85.0,4.0,0
flow_001.8,83.5,3.0,0
flow_201.5,94.5,7.0,0
flow_101.5,32.0,3.5,0
flow_20.5,91.5,4.0,0
flow_0012.4,103.5,7.5,0
flow_2012.5,91.5,3.5,0
flow_2012.6,91.5,4.0,0
flow_00.2,94.5,5.0,0
flow_30.2,38.5,3.5,0
flow_101.6,43.5,3.5,0
flow_2012.7,110.0,4.5,0
flow_00.3,109.0,6.5,0
flow_2012.8,111.5,6.0,0
flow_30.3,38.0,3.5,0
flow_101.7,37.0,3.5,0
flow_301.8,38.0,3.0,0
flow_1012.2,38.5,4.5,0
flow_10.6,25.5,3.0,0
flow_20.6,110.0,4.0,0
flow_001.9,131.0,4.0,0
flow_201.6,110.0,2.5,0
flow_001.10,130.0,3.0,0
flow_00.4,127.0,2.5,0
flow_20.7,108.0,3.0,0
flow_301.9,58.0,3.5,0
flow_1012.3,43.5,5.5,0
flow_3012.2,39.5,3.5,0
flow_1012.4,38.0,4.0,0
flow_30.4,24.5,2.5,0
flow_20.8,103.5,4.0,0
flow_001.11,145.5,3.5,0
flow_201.7,100.0,3.0,0
flow_0012.5,143.0,5.0,0
flow_001.12,138.0,3.0,0
flow_30.5,23.0,2.0,0
flow_101.8,39.0,3.5,0
flow_1012.5,39.0,4.0,0
flow_101.9,37.0,3.0,0
flow_00.5,135.5,4.0,0
flow_201.8,115.5,3.5,0
flow_001.13,135.0,3.0,0
flow_2012.9,117.5,5.0,0
flow_0012.6,132.5,4.0,0
flow_101.10,56.0,3.5,0
flow_101.11,54.5,3.0,0
flow_10.7,28.0,2.5,0
flow_00.6,134.5,4.0,0
flow_201.9,121.5,3.5,0
flow_00.7,129.0,3.0,0
flow_201.10,99.0,3.0,0
flow_001.14,114.5,3.0,0
flow_201.11,83.0,3.0,0
flow_101.12,34.5,3.5,0
flow_3012.3,35.0,5.5,0
flow_301.10,32.5,3.0,0
flow_1012.6,27.0,4.0,0
flow_30.6,29.5,5.5,0
flow_00.8,109.5,4.0,0
flow_201.12,97.0,3.5,0
flow_001.15,107.5,3.0,0
flow_2012.10,97.0,5.0,0
flow_201.13,89.5,3.0,0
flow_30.7,43.0,4.0,0
flow_101.13,29.0,3.0,0
flow_101.14,28.0,3.0,0
flow_301.11,44.0,3.0,0
flow_3012.4,36.5,3.5,0
flow_20.9,105.0,4.0,0
flow_001.16,125.5,3.5,0
flow_201.14,105.5,3.0,0
flow_0012.7,115.5,5.0,0
flow_00.9,109.5,3.0,0
flow_101.15,43.5,3.5,0
flow_301.12,51.0,4.0,0
flow_101.16,42.0,3.0,0
flow_101.17,41.0,3.5,0
flow_00.10,122.5,4.0,0
flow_201.15,126.5,3.5,0
flow_20.10,121.0,3.0,0
flow_00.11,111.5,3.0,0
flow_001.17,110.5,3.0,0
flow_2012.11,118.5,5.5,0
flow_3012.5,46.0,4.5,0
flow_301.13,30.5,3.0,0
flow_101.18,61.5,7.5,0
flow_1012.7,60.5,4.0,0
flow_2012.12,129.0,4.5,0
flow_001.18,129.0,7.0,0
flow_201.16,113.5,3.5,0
flow_2012.13,109.5,3.5,0
flow_00.12,116.5,5.5,0
flow_10.8,76.0,4.0,0
flow_301.14,45.0,3.5,0
flow_10.9,75.5,3.0,0
flow_3012.6,46.0,6.0,0
flow_1012.8,76.0,4.0,0
flow_0012.8,131.5,4.5,0
flow_2012.14,126.5,4.5,0
flow_20.11,110.5,3.0,0
flow_001.19,130.0,3.5,0
flow_2012.15,110.5,4.0,0
flow_101.19,91.0,3.5,0
flow_301.15,27.0,3.0,0
flow_30.8,22.5,2.0,0
flow_101.20,90.5,3.0,0
flow_10.10,83.5,3.0,0
flow_301.16,25.0,2.5,0
flow_001.20,137.0,4.0,0
flow_201.17,125.5,3.5,0
flow_001.21,133.0,3.0,0
flow_201.18,112.5,3.0,0
flow_00.13,113.5,2.5,0
flow_2012.16,111.0,6.5,0
flow_30.9,27.0,3.0,0
flow_30.10,25.5,2.5,0
flow_101.21,103.5,3.5,0
flow_101.22,102.0,3.0,0
flow_1012.9,101.5,4.0,0
flow_0012.9,131.0,4.5,0
flow_2012.17,109.0,4.5,0
flow_2012.18,107.5,4.0,0
flow_201.19,103.5,3.0,0
flow_001.22,132.0,4.0,0
flow_101.23,118.0,3.5,0
flow_1012.10,110.0,3.5,0
flow_1012.11,105.0,4.0,0
flow_2012.19,108.5,4.0,0
flow_00.14,138.5,6.5,0
flow_201.20,107.5,3.0,0
flow_001.23,136.0,3.0,0
flow_2012.20,105.0,4.0,0
flow_101.24,108.5,3.5,0
flow_301.17,36.5,3.5,0
flow_1012.12,106.5,3.5,0
flow_3012.7,30.0,4.0,0
flow_10.11,102.0,3.0,0
flow_001.24,152.5,3.5,0
flow_201.21,111.5,4.0,0
flow_0012.10,139.5,4.0,0
flow_00.15,132.0,3.0,0
flow_201.22,111.0,7.0,0
flow_3012.8,37.5,4.0,0
flow_101.25,112.5,7.0,0
flow_301.18,38.5,3.0,0
flow_10.12,109.0,3.5,0
flow_201.23,126.0,3.5,0
flow_0012.11,141.0,7.0,0
flow_0012.12,137.5,5.0,0
flow_001.25,118.5,3.0,0
flow_201.24,118.5,4.5,0
flow_101.26,125.0,3.5,0
flow_101.27,113.5,3.5,0
flow_101.28,111.0,3.5,0
flow_00.16,130.5,4.0,0
flow_20.12,130.5,4.0,0
flow_20.13,127.5,3.0,0
flow_001.26,129.0,3.0,0
flow_00.17,112.5,3.0,0
flow_201.25,115.5,3.0,0
flow_101.29,125.0,3.5,0
flow_301.19,38.5,3.5,0
flow_10.13,103.5,3.0,0
flow_301.20,35.5,4.0,0
flow_1012.13,97.5,4.0,0
flow_00.18,126.5,4.0,0
flow_201.26,131.5,3.5,0
flow_0012.13,112.5,4.0,0
flow_201.27,132.5,6.5,0
flow_0012.14,113.0,5.5,0
flow_101.30,110.0,3.5,0
flow_301.21,33.5,3.5,0
flow_10.14,98.0,3.0,0
flow_301.22,33.0,3.5,0
flow_30.11,29.0,3.0,0
flow_101.31,101.0,3.5,0
flow_2012.21,136.0,4.0,0
flow_001.27,113.0,7.0,0
flow_2012.22,138.0,5.0,0
flow_201.28,134.5,3.5,0
flow_30.12,41.0,4.0,0
flow_101.32,113.5,3.5,0
flow_101.33,102.5,3.0,0
flow_101.34,70.0,3.0,0
flow_201.29,137.0,3.5,0
flow_001.28,134.0,4.0,0
flow_0012.15,129.5,4.0,0
flow_201.30,136.0,7.0,0
flow_0012.16,118.5,5.0,0
flow_301.23,39.5,3.5,0
flow_101.35,88.5,4.0,0
flow_301.24,27.0,2.5,0
flow_1012.14,88.0,5.0,0
flow_101.36,86.0,3.0,0
flow_001.29,130.5,3.5,0
flow_20.14,136.0,4.0,0
flow_201.31,129.0,3.0,0
flow_2012.23,115.0,3.5,0
flow_0012.17,131.5,5.0,0
flow_0012.18,118.0,4.0,0
flow_3012.9,41.5,4.5,0
flow_10.15,104.5,6.5,0
flow_3012.10,36.5,5.5,0
flow_201.32,131.0,3.5,0
flow_001.30,131.5,3.5,0
flow_001.31,128.5,3.0,0
flow_201.33,128.5,3.0,0
flow_00.19,115.0,3.0,0
flow_201.34,115.5,3.0,0
flow_101.37,126.0,4.0,0
flow_30.13,55.0,4.0,0
flow_10.16,123.5,3.0,0
flow_301.25,56.0,3.5,0
flow_101.38,89.0,2.5,0
flow_301.26,36.5,3.5,0
flow_001.32,131.0,3.5,0
flow_201.35,129.0,3.5,0
flow_2012.24,112.5,4.0,0
flow_001.33,132.0,6.5,0
flow_201.36,110.5,3.5,0
flow_101.39,88.0,3.5,0
flow_30.14,53.0,4.0,0
flow_10.17,81.5,3.0,0
flow_30.15,51.5,3.0,0
flow_301.27,49.5,3.0,0
flow_101.40,69.0,3.5,0
flow_00.20,133.0,4.0,0
flow_20.15,123.5,4.0,0
flow_001.34,113.0,3.0,0
flow_201.37,113.0,3.0,0
flow_0012.19,111.0,4.0,0
flow_201.38,110.5,7.0,0
flow_10.18,81.5,4.0,0
flow_301.28,53.0,3.5,0
flow_101.41,73.5,3.0,0
flow_301.29,33.0,3.5,0
flow_30.16,29.5,3.0,0
flow_101.42,63.5,3.0,0
flow_301.30,29.5,3.0,0
flow_0012.20,125.5,4.5,0
flow_00.21,111.0,3.0,0
flow_201.39,112.5,7.0,0
flow_0012.21,110.0,4.0,0
flow_20.16,111.5,5.5,0
flow_101.43,80.5,3.5,0
flow_301.31,44.0,4.0,0
flow_101.44,80.5,3.0,0
flow_301.32,39.5,3.5,0
flow_10.19,38.0,3.0,0
flow_301.33,30.0,3.5,0
flow_201.40,124.5,3.5,0
flow_00.22,124.0,4.0,0
flow_001.35,112.0,3.0,0
flow_201.41,112.5,3.0,0
flow_001.36,110.0,3.0,0
flow_2012.25,113.0,6.0,0
flow_30.17,43.5,4.0,0
flow_301.34,36.0,3.0,0
flow_001.37,125.5,3.5,0
flow_201.42,126.0,3.5,0
flow_00.23,110.5,3.0,0
flow_201.43,112.5,3.0,0
flow_201.44,110.0,3.0,0
flow_001.38,108.5,3.5,0
flow_3012.11,42.0,4.5,0
flow_30.18,29.0,3.0,0
flow_10.20,39.0,6.5,0
flow_101.45,38.0,3.5,0
flow_1012.15,36.5,3.5,0
flow_3012.12,32.0,4.5,0
flow_001.39,108.0,3.5,0
flow_201.45,125.5,3.5,0
flow_20.17,111.5,3.0,0
flow_001.40,107.5,3.0,0
flow_20.18,108.0,3.0,0
flow_001.41,105.5,3.5,0
flow_301.35,46.0,3.5,0
flow_101.46,53.0,3.5,0
flow_3012.13,40.0,4.0,0
flow_30.19,36.0,3.0,0
flow_101.47,56.0,7.0,0
flow_00.24,107.5,4.0,0
flow_201.46,125.5,4.0,0
flow_0012.22,108.0,4.0,0
flow_2012.26,111.0,4.0,0
flow_00.25,103.0,3.0,0
flow_201.47,106.5,3.0,0
flow_1012.16,71.5,4.0,0
flow_101.48,65.0,2.5,0
flow_30.20,25.5,3.0,0
flow_101.49,57.5,3.0,0
flow_0012.23,109.0,4.5,0
flow_001.42,106.5,3.0,0
flow_201.48,112.5,7.0,0
flow_001.43,104.0,3.0,0
flow_201.49,110.5,3.0,0
flow_101.50,74.0,3.5,0
flow_301.36,40.5,3.5,0
flow_10.21,66.0,3.0,0
flow_30.21,38.0,3.0,0
flow_00.26,107.5,4.0,0
flow_2012.27,128.0,7.5,0
flow_201.50,114.5,3.5,0
flow_001.44,111.5,3.0,0
flow_10.22,41.5,4.0,0
flow_101.51,36.0,3.0,0
flow_3012.14,29.5,5.0,0
flow_201.51,131.0,3.5,0
flow_001.45,125.0,3.5,0
flow_201.52,128.5,3.0,0
flow_001.46,112.5,3.0,0
flow_2012.28,116.5,4.0,0
flow_00.27,112.0,6.5,0
flow_101.52,57.0,3.5,0
flow_1012.17,56.0,3.5,0
flow_101.53,56.5,3.5,0
flow_201.53,131.0,3.5,0
flow_001.47,126.0,3.5,0
flow_00.28,110.5,3.0,0
flow_201.54,128.5,3.0,0
flow_001.48,108.5,2.5,0
flow_201.55,115.5,3.0,0
flow_30.22,40.0,4.0,0
flow_10.23,43.5,4.0,0
flow_301.37,41.0,3.0,0
flow_30.23,38.0,3.0,0
flow_20.19,129.5,4.0,0
flow_001.49,125.0,3.5,0
flow_00.29,110.5,3.0,0
flow_201.56,130.0,3.5,0
flow_001.50,109.5,3.0,0
flow_2012.29,115.5,5.5,0
flow_3012.15,52.5,4.0,0
flow_1012.18,44.0,4.5,0
flow_10.24,40.5,3.0,0
flow_301.38,40.5,3.0,0
flow_3012.16,39.5,3.5,0
flow_0012.24,125.5,4.5,0
flow_20.20,128.0,6.5,0
flow_001.51,109.5,3.0,0
flow_201.57,113.0,3.0,0
flow_20.21,106.0,3.0,0
flow_001.52,105.5,3.5,0
flow_101.54,41.5,3.5,0
flow_301.39,54.0,3.5,0
flow_3012.17,52.0,3.5,0
flow_1012.19,28.0,4.0,0
flow_10.25,24.5,2.5,0
flow_301.40,52.0,3.5,0
flow_00.30,107.5,4.0,0
flow_201.58,109.0,3.5,0
flow_0012.25,107.0,4.0,0
flow_2012.30,108.0,4.0,0
flow_00.31,102.5,3.0,0
flow_201.59,105.0,3.0,0
flow_1012.0,23.5,3.0,0
flow_3012.0,26.5,3.5,0
flow_0012.0,39.5,4.0,0
flow_0012.1,31.0,4.0,0
flow_20.0,24.0,2.5,0
flow_001.0,25.0,2.5,0
flow_301.0,32.0,3.5,0
flow_101.0,35.5,3.5,0
flow_301.1,28.0,3.0,0
flow_00.0,37.5,4.0,0
flow_201.0,44.0,3.5,0
flow_00.1,35.0,3.0,0
flow_00.2,33.5,3.0,0
flow_10.0,36.5,4.0,0
flow_3012.1,29.5,7.0,0
flow_101.1,27.5,3.0,0
flow_001.1,52.0,3.5,0
flow_001.2,52.0,3.0,0
flow_00.3,48.5,3.0,0
flow_2012.0,27.5,4.5,0
flow_101.2,43.0,3.5,0
flow_3012.2,36.5,5.5,0
flow_1012.1,42.5,3.5,0
flow_30.0,30.0,4.0,0
flow_101.3,42.0,3.0,0
flow_001.3,67.5,3.5,0
flow_201.1,27.0,3.0,0
flow_001.4,67.5,3.0,0
flow_001.5,67.0,3.5,0
flow_10.1,59.0,4.0,0
flow_101.4,54.0,3.0,0
flow_10.2,50.0,3.0,0
flow_0012.2,83.5,4.5,0
flow_001.6,78.0,3.0,0
flow_00.4,75.5,3.0,0
flow_1012.2,69.5,4.5,0
flow_1012.3,69.5,4.0,0
flow_1012.4,68.5,4.0,0
flow_0012.3,94.5,4.0,0
flow_00.5,93.0,3.0,0
flow_0012.4,94.0,4.0,0
flow_101.5,78.0,3.5,0
flow_30.1,21.5,2.0,0
flow_10.3,77.5,3.0,0
flow_10.4,76.0,3.0,0
flow_2012.1,29.5,4.0,0
flow_001.7,113.5,7.5,0
flow_0012.5,109.5,3.5,0
flow_1012.5,95.0,4.5,0
flow_30.2,27.5,5.5,0
flow_1012.6,97.0,6.0,0
flow_0012.6,124.5,4.0,0
flow_00.6,110.5,3.0,0
flow_201.2,38.5,7.0,0
flow_00.7,108.0,3.0,0
flow_10.5,113.5,4.0,0
flow_3012.3,27.5,6.5,0
flow_101.6,118.0,3.5,0
flow_00.8,124.0,4.0,0
flow_0012.7,112.5,4.0,0
flow_0012.8,110.0,4.0,0
flow_101.7,123.0,3.5,0
flow_1012.7,123.5,4.0,0
flow_101.8,114.5,2.5,0
flow_301.2,29.5,4.0,0
flow_2012.2,39.5,4.5,0
flow_00.9,127.5,6.5,0
flow_20.1,35.5,3.0,0
flow_001.8,114.0,3.5,0
flow_2012.3,35.0,4.5,0
flow_1012.8,132.0,4.5,0
flow_101.9,129.0,3.0,0
flow_101.10,115.5,3.0,0
flow_301.3,24.5,2.0,0
flow_20.2,49.5,4.0,0
flow_001.9,131.5,3.5,0
flow_00.10,128.0,3.0,0
flow_201.3,47.0,3.0,0
flow_00.11,113.0,3.0,0
flow_3012.4,41.0,4.0,0
flow_301.4,41.0,3.0,0
flow_101.11,135.5,7.0,0
flow_301.5,39.0,3.0,0
flow_101.12,133.0,3.5,0
flow_001.10,125.5,3.5,0
flow_201.4,41.5,3.5,0
flow_0012.9,112.5,4.0,0
flow_001.11,109.5,3.0,0
flow_201.5,44.5,7.0,0
flow_10.6,135.5,4.0,0
flow_30.3,48.5,4.0,0
flow_301.6,48.5,3.0,0
flow_101.13,133.5,3.0,0
flow_301.7,48.5,3.0,0
flow_1012.9,115.5,6.0,0
flow_00.12,124.5,4.0,0
flow_2012.4,57.5,7.5,0
flow_00.13,113.5,5.0,0
flow_201.6,56.0,3.0,0
flow_0012.10,111.0,4.0,0
flow_30.4,50.0,4.0,0
flow_10.7,125.0,4.0,0
flow_3012.5,42.5,4.0,0
flow_10.8,109.0,3.0,0
flow_1012.10,115.0,4.5,0
flow_301.8,41.0,3.0,0
flow_2012.5,76.5,5.0,0
flow_001.12,131.0,8.0,0
flow_2012.6,44.5,6.0,0
flow_101.14,125.0,3.5,0
flow_10.9,111.5,3.0,0
flow_101.15,109.0,2.5,0
flow_201.7,59.5,4.0,0
flow_001.13,137.0,3.5,0
flow_20.3,49.0,3.0,0
flow_001.14,133.5,3.0,0
flow_001.15,115.5,3.0,0
flow_201.8,33.5,3.0,0
flow_301.9,44.0,3.5,0
flow_101.16,125.5,3.5,0
flow_301.10,35.5,3.0,0
flow_1012.11,112.5,6.0,0
flow_1012.12,107.5,4.5,0
flow_20.4,31.5,3.5,0
flow_001.16,131.5,3.5,0
flow_20.5,24.0,2.0,0
flow_001.17,128.5,3.0,0
flow_00.14,113.5,3.0,0
flow_30.5,32.5,4.0,0
flow_101.17,111.5,4.0,0
flow_101.18,108.5,3.5,0
flow_101.19,104.0,3.0,0
flow_0012.11,132.0,4.5,0
flow_001.18,128.5,3.0,0
flow_00.15,113.5,3.0,0
flow_1012.13,110.0,4.5,0
flow_1012.14,107.5,4.0,0
flow_10.10,101.5,3.0,0
flow_301.11,26.5,3.0,0
flow_0012.12,131.5,4.5,0
flow_001.19,128.5,3.0,0
flow_00.16,110.5,3.0,0
flow_301.12,38.5,3.5,0
flow_101.20,109.0,3.5,0
flow_30.6,36.5,3.0,0
flow_101.21,107.5,3.0,0
flow_10.11,102.5,3.0,0
flow_2012.7,29.5,4.0,0
flow_001.20,112.5,7.0,0
flow_001.21,110.0,3.0,0
flow_3012.6,43.0,4.5,0
flow_30.7,40.0,3.0,0
flow_101.22,112.0,7.0,0
flow_101.23,110.0,3.0,0
flow_0012.13,125.0,4.0,0
flow_00.17,110.5,3.0,0
flow_201.9,43.5,7.0,0
flow_001.22,110.0,3.0,0
flow_201.10,43.0,3.0,0
flow_101.24,125.0,3.5,0
flow_101.25,113.5,3.5,0
flow_101.26,110.5,3.5,0
flow_0012.14,126.0,4.5,0
flow_20.6,54.5,6.5,0
flow_001.23,112.5,3.0,0
flow_00.18,108.0,3.0,0
flow_1012.15,125.5,4.5,0
flow_3012.7,31.0,4.5,0
flow_101.27,114.0,3.5,0
flow_10.12,108.5,3.0,0
flow_30.8,21.0,1.5,0
flow_201.11,42.0,3.5,0
flow_001.24,125.0,3.5,0
flow_2012.8,42.5,4.0,0
flow_201.12,40.5,2.5,0
flow_001.25,116.0,6.5,0
flow_10.13,124.0,4.0,0
flow_301.13,27.0,3.0,0
flow_101.28,112.5,3.0,0
flow_1012.16,110.5,4.0,0
flow_001.26,131.0,3.5,0
flow_201.13,54.0,3.5,0
flow_001.27,128.5,3.0,0
flow_201.14,44.0,3.5,0
flow_001.28,112.5,3.0,0
flow_2012.9,39.5,6.0,0
flow_30.9,35.5,4.0,0
flow_10.14,124.5,4.0,0
flow_30.10,27.0,3.0,0
flow_101.29,109.5,3.0,0
flow_30.11,25.5,2.5,0
flow_101.30,105.5,3.5,0
flow_0012.15,126.0,4.0,0
flow_001.29,113.0,3.0,0
flow_00.19,110.0,3.0,0
flow_301.14,40.0,3.5,0
flow_101.31,109.5,3.5,0
flow_30.12,39.0,3.0,0
flow_1012.17,112.5,7.5,0
flow_201.15,45.0,3.5,0
flow_001.30,126.0,3.5,0
flow_0012.16,113.5,4.0,0
flow_001.31,110.5,3.0,0
flow_201.16,48.0,7.0,0
flow_301.15,49.0,3.5,0
flow_1012.18,128.0,6.5,0
flow_3012.8,48.5,3.5,0
flow_10.15,114.0,4.0,0
flow_001.32,126.0,3.5,0
flow_001.33,112.5,3.0,0
flow_001.34,107.5,3.5,0
flow_1012.19,133.0,4.5,0
flow_301.16,36.5,4.5,0
flow_1012.20,133.0,6.0,0
flow_201.17,33.5,3.5,0
flow_001.35,109.0,3.5,0
flow_0012.17,107.5,4.0,0
flow_001.36,104.0,3.0,0
flow_10.16,135.0,4.0,0
flow_30.13,21.0,1.5,0
flow_10.17,134.5,3.5,0
flow_101.32,133.5,3.5,0
flow_001.37,108.5,3.5,0
flow_201.18,36.5,3.5,0
flow_001.38,107.0,3.0,0
flow_201.19,33.5,3.0,0
flow_00.20,101.5,3.0,0
flow_101.33,136.0,3.5,0
flow_10.18,134.0,3.0,0
flow_10.19,131.0,3.0,0
flow_20.7,32.0,3.5,0
flow_001.39,110.5,4.0,0
flow_001.40,107.5,3.0,0
flow_001.41,104.0,3.0,0
flow_101.34,136.5,3.5,0
flow_101.35,134.0,3.0,0
flow_101.36,115.0,3.0,0
flow_0012.18,108.5,4.0,0
flow_0012.19,108.5,4.5,0
flow_0012.20,105.5,4.5,0
flow_10.20,128.0,4.0,0
flow_101.37,112.0,3.0,0
flow_1012.21,109.0,4.0,0
flow_2012.10,32.5,4.5,0
flow_00.21,109.5,6.0,0
flow_001.42,107.5,3.0,0
flow_201.20,28.0,3.0,0
flow_00.22,104.0,3.0,0
flow_30.14,38.0,4.0,0
flow_10.21,109.0,4.0,0
flow_10.22,106.0,3.0,0
flow_101.38,105.0,3.5,0
flow_201.21,29.5,3.5,0
flow_0012.21,113.0,7.0,0
flow_0012.22,110.0,4.5,0
flow_0012.23,106.5,4.5,0
flow_3012.9,42.5,4.5,0
flow_101.39,112.5,7.0,0
flow_301.17,34.0,3.0,0
flow_101.40,111.0,3.5,0
flow_00.23,108.5,4.0,0
flow_00.24,105.5,3.0,0
flow_20.8,20.5,1.5,0
flow_001.43,103.5,3.0,0
flow_10.23,123.5,4.0,0
flow_10.24,111.0,3.0,0
flow_30.15,22.0,2.0,0
flow_1012.22,111.0,4.0,0
flow_001.44,109.0,3.5,0
flow_201.22,31.0,3.5,0
flow_00.25,106.0,3.0,0
flow_201.23,29.5,3.5,0
flow_001.45,103.5,3.0,0
flow_201.24,26.0,3.0,0
flow_10.25,124.0,4.0,0
flow_101.41,112.5,3.0,0
flow_1012.23,109.5,3.5,0
flow_0012.24,108.5,4.5,0
flow_00.26,104.5,3.0,0
flow_00.27,101.0,3.0,0
flow_20.9,21.0,1.5,0
flow_3012.10,30.0,4.0,0
flow_10.26,127.0,6.5,0
flow_10.27,113.0,4.0,0
flow_1012.24,111.0,3.5,0
flow_001.46,109.5,4.0,0
flow_00.28,105.0,3.0,0
flow_001.47,102.5,3.0,0
flow_101.42,126.0,3.5,0
flow_301.18,42.5,3.5,0
flow_3012.11,26.0,3.5,0
flow_101.43,113.5,6.5,0
flow_301.19,26.5,2.5,0
flow_201.25,35.5,3.5,0
flow_001.48,109.5,3.5,0
flow_0012.25,108.0,4.0,0
flow_0012.26,104.5,4.0,0
flow_2012.11,28.5,4.0,0
flow_10.28,126.0,4.0,0
flow_30.16,32.0,4.0,0
flow_10.29,111.0,3.0,0
flow_30.17,30.0,3.0,0
flow_10.30,110.5,3.0,0
flow_20.10,40.0,4.0,0
flow_001.49,110.5,4.0,0
flow_001.50,108.0,3.5,0
flow_0012.27,104.0,4.0,0
flow_30.18,24.5,3.0,0
flow_10.31,123.5,4.0,0
flow_101.44,111.5,2.5,0
flow_10.32,108.5,3.0,0
flow_001.51,108.0,3.5,0
flow_201.26,37.0,3.5,0
flow_20.11,22.0,2.0,0
flow_001.52,107.0,3.0,0
flow_001.53,105.0,3.5,0
flow_101.45,124.5,3.5,0
flow_301.20,43.0,3.5,0
flow_101.46,112.0,3.0,0
flow_301.21,30.0,3.0,0
flow_101.47,109.5,3.0,0
flow_001.54,108.0,3.5,0
flow_001.55,107.0,3.0,0
flow_001.56,104.0,3.0,0
flow_101.48,124.5,3.5,0
flow_301.22,31.5,3.0,0
flow_3012.12,31.0,3.5,0
flow_10.33,114.5,6.0,0
flow_1012.25,108.0,4.0,0
flow_00.29,107.0,4.0,0
flow_001.57,106.5,3.0,0
flow_001.58,104.0,3.0,0
flow_101.49,109.0,3.5,0
flow_10.34,105.5,3.0,0
flow_1012.26,102.0,3.0,0
flow_00.30,107.5,4.0,0
flow_001.59,106.0,3.0,0
flow_201.27,26.5,3.0,0
flow_001.60,104.0,3.0,0
flow_201.28,25.5,2.5,0
flow_1012.0,24.5,3.0,0
flow_1012.1,26.0,3.5,0
flow_2012.0,36.0,4.5,0
flow_001.0,44.5,7.5,0
flow_2012.1,34.0,5.5,0
flow_201.0,31.5,2.5,0
flow_10.0,38.0,4.0,0
flow_30.0,35.0,4.0,0
flow_101.0,35.5,3.0,0
flow_1012.2,33.0,3.5,0
flow_3012.0,26.0,3.5,0
flow_00.0,63.0,4.0,0
flow_201.1,44.0,3.5,0
flow_00.1,62.0,3.0,0
flow_201.2,43.0,3.0,0
flow_00.2,59.5,3.0,0
flow_201.3,41.5,3.0,0
flow_101.1,49.5,3.5,0
flow_1012.3,30.0,3.5,0
flow_10.1,21.0,1.5,0
flow_201.4,48.0,3.5,0
flow_0012.0,80.5,6.0,0
flow_00.3,78.0,3.5,0
flow_00.4,76.5,3.0,0
flow_201.5,50.5,4.0,0
flow_3012.1,42.5,4.5,0
flow_10.2,43.5,6.5,0
flow_301.0,35.0,3.0,0
flow_101.2,26.0,2.5,0
flow_3012.2,35.0,4.5,0
flow_00.5,66.0,4.0,0
flow_201.6,56.0,3.5,0
flow_001.1,66.0,2.5,0
flow_201.7,54.0,3.0,0
flow_00.6,60.0,3.0,0
flow_201.8,55.0,3.5,0
flow_30.1,50.5,4.0,0
flow_101.3,44.5,3.5,0
flow_30.2,50.0,3.0,0
flow_1012.4,47.0,5.5,0
flow_201.9,70.0,3.5,0
flow_001.2,72.5,3.5,0
flow_20.0,68.5,3.0,0
flow_001.3,64.0,3.5,0
flow_20.1,69.5,3.0,0
flow_001.4,52.5,3.0,0
flow_10.3,63.0,4.0,0
flow_301.1,61.5,3.5,0
flow_10.4,54.5,3.0,0
flow_301.2,52.5,3.5,0
flow_1012.5,53.5,4.0,0
flow_301.3,52.0,7.0,0
flow_20.2,85.0,4.0,0
flow_001.5,38.5,3.5,0
flow_2012.2,86.5,4.0,0
flow_0012.1,26.0,3.5,0
flow_301.4,65.0,3.5,0
flow_10.5,69.5,4.0,0
flow_301.5,41.5,3.0,0
flow_30.3,38.0,3.0,0
flow_101.4,70.5,3.5,0
flow_101.5,68.5,3.5,0
flow_201.10,105.5,3.5,0
flow_001.6,43.5,3.5,0
flow_201.11,104.5,3.0,0
flow_00.7,23.5,2.0,0
flow_201.12,104.0,2.5,0
flow_3012.3,57.5,4.5,0
flow_30.4,43.5,3.0,0
flow_101.6,89.5,7.5,0
flow_10.6,87.0,3.5,0
flow_2012.3,122.5,4.5,0
flow_201.13,91.5,3.0,0
flow_001.7,49.5,7.5,0
flow_201.14,91.5,3.0,0
flow_0012.2,43.5,5.0,0
flow_30.5,24.0,2.5,0
flow_3012.4,31.5,4.5,0
flow_10.7,100.0,6.5,0
flow_10.8,56.0,4.0,0
flow_10.9,47.0,3.0,0
flow_201.15,96.0,3.5,0
flow_0012.3,60.5,6.5,0
flow_0012.4,59.5,4.0,0
flow_201.16,99.0,4.0,0
flow_001.8,59.0,3.5,0
flow_301.6,30.5,3.0,0
flow_101.7,43.0,3.5,0
flow_101.8,42.5,3.0,0
flow_10.10,37.0,3.0,0
flow_20.3,114.0,4.0,0
flow_001.9,74.0,3.5,0
flow_2012.4,114.5,4.0,0
flow_00.8,75.5,6.0,0
flow_0012.5,73.5,4.5,0
flow_2012.5,113.5,6.5,0
flow_10.11,56.0,4.0,0
flow_301.7,38.5,4.0,0
flow_1012.6,53.5,4.0,0
flow_3012.5,31.5,4.0,0
flow_1012.7,52.0,4.0,0
flow_3012.6,30.0,3.5,0
flow_20.4,124.5,4.0,0
flow_001.10,89.5,3.5,0
flow_201.17,114.0,3.0,0
flow_001.11,70.5,3.0,0
flow_201.18,110.5,3.0,0
flow_001.12,69.5,3.0,0
flow_30.6,45.5,4.0,0
flow_101.9,63.5,3.5,0
flow_101.10,62.5,3.0,0
flow_301.8,44.5,3.5,0
flow_3012.7,37.5,3.5,0
flow_1012.8,61.5,4.0,0
flow_2012.6,126.5,4.5,0
flow_001.13,90.5,7.5,0
flow_2012.7,115.5,5.5,0
flow_0012.6,83.5,4.0,0
flow_10.12,71.0,4.0,0
flow_301.9,55.5,3.5,0
flow_101.11,46.0,3.0,0
flow_20.5,130.0,4.0,0
flow_001.14,100.5,3.5,0
flow_2012.8,129.0,4.0,0
flow_20.6,114.0,3.0,0
flow_001.15,103.0,7.0,0
flow_30.7,41.5,4.0,0
flow_101.12,38.5,3.5,0
flow_10.13,36.5,3.0,0
flow_3012.8,42.0,7.0,0
flow_10.14,39.0,5.5,0
flow_20.7,126.5,4.0,0
flow_001.16,94.0,3.5,0
flow_201.19,113.0,3.0,0
flow_001.17,94.0,3.0,0
flow_20.8,108.0,3.0,0
flow_0012.7,92.5,6.5,0
flow_301.10,50.5,3.5,0
flow_101.13,39.5,3.5,0
flow_1012.9,33.5,4.5,0
flow_301.11,47.0,4.5,0
flow_00.9,103.0,4.0,0
flow_201.20,126.0,4.0,0
flow_001.18,100.0,2.5,0
flow_201.21,112.5,3.0,0
flow_20.9,108.0,3.0,0
flow_001.19,99.5,3.0,0
flow_30.8,49.0,4.0,0
flow_101.14,46.5,4.0,0
flow_30.9,41.5,3.0,0
flow_1012.10,35.0,7.0,0
flow_30.10,43.5,5.0,0
flow_2012.9,125.5,4.5,0
flow_20.10,111.0,3.0,0
flow_001.20,115.5,7.0,0
flow_20.11,107.5,3.0,0
flow_001.21,106.5,3.5,0
flow_301.12,43.5,3.5,0
flow_1012.11,43.0,6.0,0
flow_3012.9,38.5,3.5,0
flow_1012.12,39.5,4.0,0
flow_10.15,23.5,2.5,0
flow_20.12,107.5,4.0,0
flow_001.22,118.0,3.5,0
flow_201.22,108.5,3.5,0
flow_00.10,103.5,3.5,0
flow_0012.8,108.0,5.5,0
flow_301.13,58.5,3.5,0
flow_101.15,42.5,3.5,0
flow_301.14,54.5,3.0,0
flow_101.16,42.0,3.0,0
flow_1012.13,35.0,3.5,0
flow_0012.9,119.0,4.0,0
flow_20.13,127.0,6.5,0
flow_201.23,113.5,3.0,0
flow_001.23,113.5,3.5,0
flow_20.14,108.5,3.0,0
flow_001.24,111.0,3.5,0
flow_301.15,43.0,3.5,0
flow_101.17,53.5,3.5,0
flow_101.18,27.5,3.0,0
flow_301.16,39.0,3.5,0
flow_00.11,124.0,4.0,0
flow_201.24,123.5,3.5,0
flow_0012.10,112.5,4.0,0
flow_20.15,114.5,6.0,0
flow_001.25,110.0,3.0,0
flow_201.25,112.5,3.5,0
flow_10.16,36.0,4.0,0
flow_301.17,40.0,3.5,0
flow_10.17,36.0,3.0,0
flow_101.19,34.5,2.5,0
flow_00.12,124.5,4.0,0
flow_201.26,125.0,3.5,0
flow_201.27,112.0,3.0,0
flow_00.13,110.0,3.5,0
flow_20.16,109.0,3.0,0
flow_001.26,105.0,3.0,0
flow_301.18,37.5,3.5,0
flow_101.20,37.0,3.5,0
flow_3012.10,34.0,4.0,0
flow_301.19,30.0,2.5,0
flow_10.18,38.5,6.0,0
flow_1012.14,35.0,5.5,0
flow_2012.10,124.5,4.0,0
flow_0012.11,109.0,4.5,0
flow_2012.11,113.5,4.0,0
flow_20.17,106.0,3.0,0
flow_00.14,108.5,6.0,0
flow_0012.12,106.0,5.5,0
flow_101.21,37.0,3.5,0
flow_301.20,46.0,3.5,0
flow_1012.15,37.5,4.0,0
flow_101.22,36.0,3.0,0
flow_301.21,46.0,7.0,0
flow_2012.12,108.5,4.0,0
flow_201.28,106.0,3.0,0
flow_001.27,112.0,7.0,0
flow_201.29,103.5,3.0,0
flow_001.28,111.0,3.5,0
flow_3012.11,62.5,4.5,0
flow_301.22,61.5,3.0,0
flow_101.23,45.5,7.0,0
flow_30.11,51.5,3.0,0
flow_10.19,43.5,3.5,0
flow_00.15,124.5,4.0,0
flow_201.30,109.0,3.5,0
flow_201.31,106.0,3.0,0
flow_001.29,112.5,3.0,0
flow_2012.13,104.0,4.0,0
flow_001.30,114.0,7.0,0
flow_10.20,57.5,4.0,0
flow_301.23,70.0,3.5,0
flow_10.21,40.5,3.0,0
flow_301.24,70.0,3.5,0
flow_10.22,35.5,3.0,0
flow_301.25,68.5,3.5,0
flow_2012.14,109.0,4.5,0
flow_201.32,107.0,3.0,0
flow_001.31,130.0,7.5,0
flow_2012.15,106.5,4.5,0
flow_1012.16,54.5,4.5,0
flow_30.12,87.0,6.5,0
flow_1012.17,58.5,6.0,0
flow_20.18,107.0,4.0,0
flow_001.32,136.0,4.0,0
flow_001.33,134.5,3.0,0
flow_201.33,107.5,3.0,0
flow_2012.16,104.0,4.0,0
flow_0012.13,133.0,4.0,0
flow_101.24,73.0,3.5,0
flow_301.26,103.5,4.0,0
flow_3012.12,103.0,4.0,0
flow_30.13,95.0,2.5,0
flow_101.25,65.5,7.0,0
flow_2012.17,109.0,4.5,0
flow_001.34,140.5,7.0,0
flow_2012.18,110.0,5.0,0
flow_201.34,105.0,3.0,0
flow_3012.13,101.5,5.0,0
flow_10.23,82.0,7.0,0
flow_301.27,86.5,3.5,0
flow_30.14,72.0,3.0,0
flow_10.24,81.0,4.0,0
flow_101.26,79.5,3.0,0
flow_001.35,159.0,3.5,0
flow_201.35,109.5,3.5,0
flow_00.16,155.5,3.0,0
flow_201.36,107.5,3.5,0
flow_0012.14,143.0,4.5,0
flow_201.37,108.5,7.5,0
flow_3012.14,79.0,4.5,0
flow_101.27,88.0,7.5,0
flow_30.15,61.5,3.5,0
flow_3012.15,72.5,5.5,0
flow_2012.19,108.0,4.0,0
flow_201.38,106.5,3.0,0
flow_001.36,158.5,7.0,0
flow_20.19,103.0,3.0,0
flow_0012.15,146.5,6.0,0
flow_301.28,78.5,3.5,0
flow_101.28,107.0,3.5,0
flow_1012.18,106.5,4.0,0
flow_10.25,98.0,3.0,0
flow_301.29,82.5,7.0,0
flow_2012.20,108.5,4.0,0
flow_00.17,160.5,6.5,0
flow_2012.21,109.5,5.5,0
flow_3012.16,70.0,4.5,0
flow_10.26,118.5,6.5,0
flow_301.30,57.5,3.0,0
flow_10.27,107.5,3.0,0
flow_30.16,48.0,3.0,0
flow_101.29,117.0,4.0,0
flow_201.39,124.5,4.0,0
flow_001.37,179.5,4.0,0
flow_20.20,111.0,3.0,0
flow_001.38,166.5,3.5,0
flow_2012.22,110.5,4.0,0
flow_001.39,148.5,6.5,0
flow_101.30,125.5,3.5,0
flow_301.31,52.5,3.5,0
flow_1012.19,119.5,4.0,0
flow_3012.17,53.0,4.5,0
flow_301.32,48.5,3.0,0
flow_101.31,116.5,3.5,0
flow_001.40,159.0,3.5,0
flow_201.40,125.0,3.5,0
flow_20.21,111.0,3.0,0
flow_001.41,158.5,3.5,0
flow_2012.23,110.5,4.0,0
flow_00.18,142.5,6.0,0
flow_301.33,66.0,3.5,0
flow_101.32,133.5,4.5,0
flow_3012.18,65.5,4.5,0
flow_30.17,41.5,3.0,0
flow_101.33,127.5,7.5,0
flow_20.22,123.0,4.0,0
flow_001.42,138.0,3.5,0
flow_2012.24,112.0,3.5,0
flow_001.43,139.5,7.0,0
flow_2012.25,114.0,5.5,0
flow_3012.19,59.5,4.5,0
flow_1012.20,133.0,4.5,0
flow_101.34,113.0,3.0,0
flow_301.34,60.0,3.0,0
flow_10.28,109.0,3.0,0
flow_301.35,57.0,3.5,0
flow_201.41,127.0,4.0,0
flow_0012.16,157.5,7.0,0
flow_2012.26,114.0,4.0,0
flow_0012.17,141.0,4.5,0
flow_0012.18,135.0,4.5,0
flow_101.35,125.5,3.5,0
flow_301.36,68.0,3.5,0
flow_301.37,31.0,3.0,0
flow_1012.21,114.5,5.0,0
flow_101.36,110.0,3.0,0
flow_201.42,130.0,3.5,0
flow_001.44,136.5,3.5,0
flow_00.19,112.5,3.0,0
flow_201.43,114.0,3.0,0
flow_001.45,110.5,3.0,0
flow_201.44,112.0,3.5,0
flow_301.38,50.5,3.5,0
flow_101.37,124.0,3.5,0
flow_301.39,50.5,3.0,0
flow_1012.22,114.5,5.0,0
flow_3012.20,50.0,3.5,0
flow_10.29,93.0,4.0,0
flow_20.23,125.0,4.0,0
flow_001.46,125.5,3.5,0
flow_2012.27,114.0,4.0,0
flow_00.20,115.0,6.5,0
flow_0012.19,111.5,5.0,0
flow_2012.28,113.5,7.0,0
flow_101.38,102.0,3.5,0
flow_3012.21,62.0,5.5,0
flow_10.30,101.0,3.0,0
flow_301.40,47.5,3.0,0
flow_3012.22,46.0,3.5,0
flow_201.45,125.0,3.5,0
flow_0012.20,128.0,6.5,0
flow_2012.29,112.5,4.0,0
flow_0012.21,115.0,4.5,0
flow_2012.30,110.5,4.0,0
flow_0012.22,109.0,4.0,0
flow_101.39,120.5,3.5,0
flow_301.41,64.0,4.0,0
flow_1012.23,113.5,4.0,0
flow_101.40,109.5,3.0,0
flow_301.42,60.0,7.0,0
flow_201.46,124.5,3.5,0
flow_001.47,108.0,3.5,0
flow_201.47,111.5,3.0,0
flow_001.48,106.0,3.0,0
flow_0012.23,102.5,3.5,0
flow_201.48,111.0,6.5,0
flow_301.43,66.5,3.5,0
flow_101.41,122.0,4.5,0
flow_301.44,67.0,3.0,0
flow_101.42,113.5,3.5,0
flow_301.45,56.0,3.0,0
flow_101.43,110.5,3.0,0
flow_0012.24,108.0,4.0,0
flow_2012.31,109.0,4.5,0
flow_20.24,107.0,3.5,0
flow_001.49,107.0,3.0,0
flow_2012.32,104.5,4.0,0
flow_00.21,106.5,5.0,0
flow_1012.24,125.0,4.5,0
flow_3012.23,73.5,4.5,0
flow_10.31,95.0,3.0,0
flow_301.46,64.0,3.0,0
flow_1012.25,88.5,4.0,0
flow_2012.33,109.0,4.5,0
flow_20.25,105.0,3.0,0
flow_001.50,113.0,7.5,0
flow_00.22,109.0,3.5,0
flow_201.49,104.0,3.0,0
flow_301.47,68.0,4.0,0
flow_1012.26,71.0,5.0,0
flow_101.44,62.0,3.0,0
flow_301.48,55.0,3.5,0
flow_30.18,52.0,3.0,0
flow_101.45,53.0,3.0,0
flow_0012.25,125.0,4.5,0
flow_00.23,111.5,3.0,0
flow_201.50,113.5,7.5,0
flow_0012.26,110.0,4.0,0
flow_2012.34,112.0,4.0,0
flow_101.46,68.5,3.5,0
flow_301.49,69.0,3.5,0
flow_1012.27,62.0,4.0,0
flow_301.50,60.0,7.0,0
flow_1012.28,53.0,5.5,0
flow_001.51,124.5,3.5,0
flow_201.51,125.0,3.5,0
flow_0012.27,113.5,4.0,0
flow_201.52,117.0,7.0,0
flow_0012.28,114.0,5.5,0
flow_101.47,53.5,3.5,0
flow_10.32,44.0,3.0,0
flow_10.33,36.5,3.0,0
flow_20.26,129.0,4.0,0
flow_0012.29,130.5,8.0,0
flow_00.24,114.5,3.5,0
flow_201.53,133.5,3.5,0
flow_30.0,20.0,1.5,0
flow_101.0,26.5,3.0,0
flow_101.1,26.0,3.0,0
flow_2012.0,39.0,4.5,0
flow_001.0,41.5,7.0,0
flow_00.0,32.5,3.0,0
flow_3012.0,37.5,4.5,0
flow_30.1,29.5,3.0,0
flow_30.2,25.5,2.5,0
flow_101.2,23.5,2.0,0
flow_00.1,47.5,4.0,0
flow_20.0,20.5,1.5,0
flow_001.1,39.5,3.0,0
flow_001.2,38.5,3.0,0
flow_301.0,45.5,3.5,0
flow_101.3,32.0,3.5,0
flow_3012.1,44.5,3.5,0
flow_3012.2,39.0,3.5,0
flow_00.2,55.0,4.0,0
flow_0012.0,55.0,3.5,0
flow_0012.1,54.0,3.5,0
flow_301.1,54.5,3.5,0
flow_1012.0,25.0,3.5,0
flow_301.2,58.5,4.0,0
flow_101.4,26.5,2.5,0
flow_00.3,71.0,4.0,0
flow_201.0,47.5,4.0,0
flow_2012.1,47.0,4.0,0
flow_0012.2,73.5,4.5,0
flow_0012.3,65.5,4.5,0
flow_301.3,74.5,3.5,0
flow_301.4,60.5,3.0,0
flow_3012.3,61.0,4.0,0
flow_201.1,56.0,3.5,0
flow_0012.4,83.0,6.5,0
flow_001.3,78.0,3.0,0
flow_20.1,56.5,3.5,0
flow_001.4,79.0,3.5,0
flow_101.5,43.0,3.5,0
flow_301.5,78.0,3.5,0
flow_30.3,75.5,3.0,0
flow_101.6,28.5,3.0,0
flow_301.6,41.5,3.0,0
flow_20.2,60.5,4.0,0
flow_001.5,93.5,3.5,0
flow_00.4,91.5,3.0,0
flow_20.3,53.5,3.0,0
flow_001.6,91.5,3.0,0
flow_201.2,54.5,3.0,0
flow_30.4,57.5,4.0,0
flow_301.7,56.0,3.0,0
flow_30.5,53.5,3.0,0
flow_201.3,65.0,3.5,0
flow_001.7,108.5,3.5,0
flow_20.4,63.5,3.0,0
flow_001.8,108.0,3.5,0
flow_2012.2,65.0,4.0,0
flow_001.9,107.5,7.0,0
flow_301.8,60.5,3.5,0
flow_101.7,36.0,3.5,0
flow_101.8,34.5,3.0,0
flow_3012.4,58.5,6.0,0
flow_301.9,55.0,3.0,0
flow_001.10,108.5,3.5,0
flow_201.4,51.0,3.5,0
flow_20.5,47.5,3.0,0
flow_001.11,107.5,3.0,0
flow_20.6,42.0,3.0,0
flow_00.5,102.0,3.0,0
flow_10.0,55.0,4.0,0
flow_3012.5,73.5,7.5,0
flow_10.1,45.0,3.0,0
flow_1012.1,57.0,4.5,0
flow_301.10,74.5,3.5,0
flow_2012.3,53.5,4.0,0
flow_0012.5,109.0,4.5,0
flow_001.12,106.5,3.0,0
flow_201.5,47.5,3.0,0
flow_0012.6,104.0,3.5,0
flow_201.6,43.0,6.5,0
flow_301.11,81.0,3.5,0
flow_101.9,63.0,3.5,0
flow_10.2,56.5,3.0,0
flow_301.12,76.5,3.0,0
flow_101.10,32.5,3.0,0
flow_301.13,43.0,3.5,0
flow_20.7,24.0,2.5,0
flow_001.13,108.5,3.5,0
flow_00.6,105.5,3.0,0
flow_001.14,102.5,2.5,0
flow_1012.2,34.0,4.0,0
flow_3012.6,60.0,4.5,0
flow_101.11,34.5,3.5,0
flow_301.14,59.5,3.0,0
flow_10.3,31.0,2.5,0
flow_3012.7,60.5,6.5,0
flow_001.15,108.5,3.5,0
flow_201.7,32.5,3.5,0
flow_20.8,22.5,2.0,0
flow_001.16,106.5,3.0,0
flow_20.9,21.5,2.0,0
flow_00.7,102.0,3.0,0
flow_301.15,74.5,3.5,0
flow_101.12,37.0,3.5,0
flow_30.6,67.0,3.0,0
flow_101.13,34.5,4.0,0
flow_101.14,31.0,3.5,0
flow_301.16,64.5,3.5,0
flow_001.17,108.5,3.5,0
flow_201.8,36.5,3.5,0
flow_001.18,106.5,3.0,0
flow_201.9,35.5,3.0,0
flow_2012.4,31.5,3.5,0
flow_00.8,105.5,5.5,0
flow_1012.3,48.0,4.5,0
flow_101.15,26.0,2.5,0
flow_301.17,85.0,7.5,0
flow_3012.8,79.5,4.0,0
flow_001.19,109.0,3.5,0
flow_201.10,34.0,3.5,0
flow_20.10,31.0,3.0,0
flow_00.9,105.0,3.0,0
flow_201.11,32.0,3.0,0
flow_001.20,104.0,3.0,0
flow_10.4,42.5,4.0,0
flow_301.18,96.0,3.5,0
flow_1012.4,30.5,4.0,0
flow_301.19,98.5,4.0,0
flow_101.16,30.5,3.0,0
flow_201.12,37.0,3.5,0
flow_001.21,110.5,4.0,0
flow_20.11,34.0,3.0,0
flow_0012.7,110.5,7.0,0
flow_1012.5,40.0,4.5,0
flow_101.17,38.5,2.5,0
flow_301.20,119.0,4.0,0
flow_301.21,116.0,3.0,0
flow_101.18,28.5,3.5,0
flow_00.10,124.0,4.0,0
flow_201.13,49.5,3.5,0
flow_001.22,112.0,3.0,0
flow_2012.5,52.0,5.0,0
flow_0012.8,110.5,4.0,0
flow_30.7,125.0,4.0,0
flow_101.19,46.0,3.5,0
flow_30.8,124.5,3.0,0
flow_101.20,40.0,3.0,0
flow_101.21,33.0,3.0,0
flow_3012.9,126.5,6.0,0
flow_20.12,37.0,4.0,0
flow_001.23,126.0,3.5,0
flow_20.13,33.0,3.5,0
flow_0012.9,115.5,5.0,0
flow_20.14,28.0,5.5,0
flow_10.5,45.0,3.5,0
flow_301.22,136.5,3.5,0
flow_10.6,35.0,3.5,0
flow_301.23,127.5,3.0,0
flow_30.9,120.0,3.0,0
flow_10.7,27.5,3.0,0
flow_00.11,132.0,4.0,0
flow_00.12,128.5,3.5,0
flow_001.24,116.0,3.0,0
flow_3012.10,135.0,4.5,0
flow_10.8,45.5,6.5,0
flow_3012.11,136.0,6.5,0
flow_3012.12,120.0,5.0,0
flow_0012.10,131.5,4.5,0
flow_20.15,36.5,5.5,0
flow_0012.11,133.0,6.0,0
flow_001.25,117.5,3.0,0
flow_101.22,66.5,3.5,0
flow_30.10,127.5,4.0,0
flow_3012.13,110.5,4.0,0
flow_30.11,103.5,3.0,0
flow_00.13,128.0,4.0,0
flow_00.14,110.5,3.0,0
flow_001.26,109.5,3.0,0
flow_30.12,107.5,4.0,0
flow_101.23,45.0,3.5,0
flow_301.24,107.0,3.0,0
flow_101.24,44.5,3.0,0
flow_301.25,104.5,3.0,0
flow_101.25,44.5,3.5,0
flow_00.15,124.0,4.0,0
flow_201.14,29.5,3.0,0
flow_20.16,27.0,3.0,0
flow_00.16,111.0,3.0,0
flow_00.17,105.5,3.0,0
flow_201.15,25.5,3.0,0
flow_10.9,45.0,4.0,0
flow_301.26,108.0,3.5,0
flow_101.26,28.5,2.5,0
flow_301.27,107.5,3.0,0
flow_30.13,102.5,3.0,0
flow_101.27,27.0,3.0,0
flow_00.18,107.5,4.0,0
flow_201.16,31.5,3.0,0
flow_0012.12,110.0,4.5,0
flow_0012.13,106.0,4.5,0
flow_30.14,107.5,4.0,0
flow_101.28,44.0,3.5,0
flow_10.10,43.0,3.0,0
flow_301.28,106.5,3.0,0
flow_30.15,102.0,3.0,0
flow_101.29,44.0,2.5,0
flow_001.27,109.0,3.5,0
flow_201.17,43.5,3.5,0
flow_2012.6,34.5,3.5,0
flow_20.17,30.5,2.5,0
flow_001.28,110.5,7.0,0
flow_30.16,107.0,4.0,0
flow_101.30,60.0,3.5,0
flow_301.29,105.0,3.0,0
flow_101.31,60.0,3.0,0
flow_10.11,35.0,3.0,0
flow_30.17,102.5,3.0,0
flow_2012.7,43.5,4.5,0
flow_001.29,128.5,7.5,0
flow_2012.8,47.0,5.5,0
flow_201.18,43.5,3.0,0
flow_101.32,54.5,3.5,0
flow_301.30,109.0,3.5,0
flow_30.18,105.0,3.0,0
flow_101.33,51.5,3.5,0
flow_301.31,102.5,2.5,0
flow_10.12,48.0,3.0,0
flow_2012.9,60.0,4.5,0
flow_201.19,59.0,3.0,0
flow_001.30,141.0,7.5,0
flow_20.18,55.5,3.0,0
flow_00.19,137.0,3.5,0
flow_1012.6,54.5,4.5,0
flow_101.34,52.0,3.0,0
flow_301.32,113.0,7.5,0
flow_30.19,108.5,3.5,0
flow_101.35,43.0,3.5,0
flow_0012.14,153.5,4.5,0
flow_2012.10,65.5,4.5,0
flow_0012.15,141.0,4.0,0
flow_0012.16,139.5,4.5,0
flow_201.20,71.5,7.5,0
flow_101.36,60.0,3.5,0
flow_301.33,126.5,4.0,0
flow_30.20,110.5,3.0,0
flow_10.13,57.5,3.0,0
flow_301.34,108.5,2.5,0
flow_101.37,45.5,3.0,0
flow_001.31,153.0,3.5,0
flow_201.21,81.0,3.5,0
flow_001.32,140.5,3.0,0
flow_201.22,76.0,3.0,0
flow_20.19,64.0,3.0,0
flow_001.33,138.0,3.0,0
flow_301.35,126.0,3.5,0
flow_101.38,59.5,3.5,0
flow_30.21,110.5,3.0,0
flow_10.14,49.5,3.0,0
flow_3012.14,111.5,4.0,0
flow_201.23,75.5,3.5,0
flow_001.34,153.5,3.5,0
flow_2012.11,76.5,4.0,0
flow_20.20,60.0,3.0,0
flow_00.20,143.0,6.5,0
flow_001.35,137.5,3.5,0
flow_3012.15,125.0,4.0,0
flow_10.15,39.5,6.5,0
flow_1012.7,37.5,4.0,0
flow_3012.16,115.0,5.5,0
flow_1012.8,30.0,4.0,0
flow_001.36,134.0,3.5,0
flow_201.24,58.0,3.5,0
flow_2012.12,56.5,4.0,0
flow_20.21,47.0,3.0,0
flow_001.37,114.0,7.0,0
flow_301.36,131.0,3.5,0
flow_101.39,44.5,3.5,0
flow_301.37,128.5,3.0,0
flow_101.40,39.0,3.0,0
flow_301.38,113.5,3.0,0
flow_101.41,30.5,3.5,0
flow_00.21,125.0,4.0,0
flow_201.25,61.5,4.0,0
flow_0012.17,113.0,4.0,0
flow_201.26,63.5,7.0,0
flow_0012.18,113.5,5.0,0
flow_101.42,46.0,3.5,0
flow_301.39,127.0,3.5,0
flow_1012.9,41.5,3.5,0
flow_101.43,40.5,3.0,0
flow_301.40,116.0,6.5,0
flow_0012.19,125.5,4.5,0
flow_20.22,82.0,6.5,0
flow_001.38,113.0,3.0,0
flow_20.23,80.5,4.0,0
flow_001.39,111.5,3.5,0
flow_2012.13,82.0,5.0,0
flow_301.41,131.0,3.5,0
flow_101.44,45.0,3.5,0
flow_1012.10,39.0,3.5,0
flow_10.16,27.0,2.5,0
flow_30.22,131.0,6.0,0
flow_3012.17,118.5,5.5,0
flow_201.27,96.0,3.5,0
flow_0012.20,128.5,6.5,0
flow_2012.14,86.5,3.5,0
flow_20.24,82.0,3.0,0
flow_001.40,116.0,3.5,0
flow_101.45,45.0,3.5,0
flow_301.42,132.0,3.5,0
flow_30.23,127.0,3.0,0
flow_101.46,42.0,3.0,0
flow_301.43,115.5,3.0,0
flow_101.47,29.0,3.0,0
flow_00.22,130.0,4.0,0
flow_201.28,101.0,3.5,0
flow_001.41,128.5,3.0,0
flow_201.29,101.5,3.0,0
flow_0012.21,115.5,4.0,0
flow_2012.15,84.5,4.0,0
flow_3012.18,129.5,4.5,0
flow_101.48,40.0,7.5,0
flow_3012.19,116.0,5.5,0
flow_3012.20,114.0,5.0,0
flow_0012.22,127.5,4.0,0
flow_2012.16,82.0,4.5,0
flow_20.25,70.0,3.0,0
flow_00.23,111.0,3.0,0
flow_001.42,109.5,2.5,0
flow_201.30,64.5,3.5,0
flow_30.24,123.5,4.0,0
flow_10.17,58.5,4.0,0
flow_301.44,114.0,3.5,0
flow_3012.21,106.0,3.5,0
flow_1012.11,62.5,5.5,0
flow_1012.12,53.5,4.5,0
flow_2012.17,79.0,4.5,0
flow_00.24,127.0,7.0,0
flow_201.31,78.0,3.0,0
flow_0012.23,115.5,5.0,0
flow_00.25,110.0,3.5,0
flow_30.25,107.5,4.0,0
flow_101.49,66.5,3.5,0
flow_3012.22,107.0,4.0,0
flow_301.45,103.0,3.0,0
flow_101.50,70.0,6.5,0
flow_20.26,91.0,4.0,0
flow_001.43,124.5,3.5,0
flow_20.27,82.5,3.0,0
flow_001.44,112.0,3.0,0
flow_201.32,78.5,3.0,0
flow_001.45,107.0,3.5,0
flow_101.51,77.0,3.5,0
flow_301.46,109.5,3.5,0
flow_301.47,107.0,3.0,0
flow_101.52,66.5,3.0,0
flow_101.53,30.0,3.0,0
flow_3012.23,107.0,6.0,0
flow_2012.18,96.5,4.5,0
flow_00.26,110.5,6.5,0
flow_2012.19,87.0,6.0,0
flow_00.27,112.0,8.0,0
flow_1012.13,34.0,4.0,0
flow_101.54,31.0,3.0,0
flow_301.48,112.5,4.0,0
flow_301.49,111.0,3.5,0
flow_001.46,125.0,3.5,0
flow_201.33,104.0,3.5,0
flow_00.28,111.0,3.0,0
flow_20.28,80.0,3.0,0
flow_0012.24,110.0,3.5,0
flow_2012.20,62.0,3.5,0
flow_3012.24,124.0,4.0,0
flow_101.55,49.0,7.0,0
flow_3012.25,115.5,5.0,0
flow_301.50,111.0,3.0,0
flow_001.47,124.5,3.5,0
flow_201.34,69.0,3.5,0
flow_20.29,58.5,3.0,0
flow_001.48,113.0,3.0,0
flow_2012.21,43.5,4.0,0
flow_001.49,114.0,7.0,0
flow_10.18,67.0,4.0,0
flow_301.51,126.0,3.5,0
flow_301.52,112.5,3.0,0
flow_101.56,68.5,3.5,0
flow_301.53,110.0,3.0,0
flow_101.57,64.0,3.5,0
flow_001.50,124.0,3.5,0
flow_201.35,42.5,3.5,0
flow_00.29,110.5,3.0,0
flow_201.36,36.0,3.5,0
flow_20.30,26.0,2.5,0
flow_001.51,109.5,3.0,0
flow_3012.26,126.0,4.5,0
flow_10.19,67.5,6.5,0
flow_301.54,112.0,3.0,0
flow_101.58,67.0,3.5,0
flow_10.20,27.5,3.0,0
flow_301.55,110.0,3.0,0
flow_001.52,126.0,3.5,0
flow_201.37,41.5,3.5,0
flow_00.30,110.5,3.0,0
flow_201.38,35.0,3.0,0
flow_001.53,107.5,3.0,0
flow_2012.22,35.0,6.0,0
flow_1012.14,45.0,4.5,0
flow_101.59,26.5,2.5,0
flow_301.56,129.0,7.5,0
flow_3012.27,113.0,4.0,0
flow_2012.23,47.5,5.0,0
flow_20.31,43.5,3.0,0
flow_001.54,113.5,7.5,0
flow_2012.24,44.5,4.0,0
flow_00.31,112.5,5.0,0
flow_10.21,36.0,3.5,0
flow_30.26,126.0,4.0,0
flow_101.60,35.0,3.0,0
flow_3012.28,114.5,5.0,0
flow_3012.29,112.5,4.5,0
flow_001.55,125.5,3.5,0
flow_201.39,55.0,3.5,0
flow_2012.25,37.0,4.0,0
flow_201.40,36.0,3.0,0
flow_001.56,117.0,7.0,0
flow_101.0,25.0,2.5,0
flow_101.1,27.0,3.0,0
flow_10.0,23.0,2.0,0
flow_201.0,40.0,3.5,0
flow_001.0,39.5,3.5,0
flow_2012.0,33.0,3.5,0
flow_20.0,31.5,3.0,0
flow_001.1,40.5,6.5,0
flow_30.0,38.5,4.0,0
flow_101.2,42.0,3.5,0
flow_101.3,41.5,3.0,0
flow_101.4,40.0,3.0,0
flow_00.0,44.0,4.0,0
flow_0012.0,36.5,3.5,0
flow_001.2,36.0,3.0,0
flow_3012.0,43.0,4.5,0
flow_30.1,40.0,3.0,0
flow_101.5,62.5,7.5,0
flow_3012.1,41.5,4.5,0
flow_10.1,62.0,5.5,0
flow_0012.1,48.5,4.0,0
flow_2012.1,40.0,4.5,0
flow_201.1,33.0,3.0,0
flow_001.3,50.5,3.5,0
flow_0012.2,49.0,4.0,0
flow_30.2,47.5,4.0,0
flow_101.6,77.5,3.5,0
flow_30.3,26.5,2.5,0
flow_101.7,59.0,3.0,0
flow_10.2,51.5,3.0,0
flow_001.4,66.0,3.5,0
flow_0012.3,64.5,3.5,0
flow_001.5,61.5,3.0,0
flow_30.4,28.0,3.5,0
flow_1012.0,68.5,7.5,0
flow_101.8,67.5,3.5,0
flow_301.0,34.5,3.0,0
flow_001.6,60.5,3.5,0
flow_201.2,41.5,3.5,0
flow_00.1,45.5,3.0,0
flow_00.2,42.0,3.0,0
flow_30.5,48.5,4.0,0
flow_1012.1,88.5,7.5,0
flow_10.3,81.5,3.5,0
flow_301.1,41.0,4.0,0
flow_001.7,61.0,3.5,0
flow_001.8,61.0,3.0,0
flow_201.3,26.5,3.0,0
flow_0012.4,61.5,4.5,0
flow_101.9,95.0,3.5,0
flow_10.4,93.0,3.0,0
flow_1012.2,94.5,4.0,0
flow_001.9,72.5,3.5,0
flow_0012.5,73.0,4.0,0
flow_001.10,41.5,3.0,0
flow_101.10,107.0,3.5,0
flow_301.2,34.5,3.5,0
flow_101.11,107.5,3.5,0
flow_101.12,90.0,3.5,0
flow_001.11,60.0,3.5,0
flow_00.3,57.0,3.0,0
flow_00.4,51.0,3.0,0
flow_3012.2,27.5,4.0,0
flow_10.5,107.5,6.0,0
flow_101.13,107.0,3.5,0
flow_101.14,106.5,3.5,0
flow_001.12,44.0,3.5,0
flow_20.1,31.0,3.5,0
flow_00.5,27.5,3.0,0
flow_001.13,27.0,2.5,0
flow_00.6,23.5,2.5,0
flow_1012.3,122.0,4.5,0
flow_10.6,109.5,3.0,0
flow_101.15,106.0,3.0,0
flow_3012.3,26.5,4.0,0
flow_20.2,42.0,4.0,0
flow_001.14,42.5,3.5,0
flow_20.3,40.5,3.0,0
flow_001.15,42.0,3.0,0
flow_0012.6,29.5,3.5,0
flow_2012.2,40.5,4.5,0
flow_1012.4,109.0,4.5,0
flow_1012.5,107.5,4.0,0
flow_10.7,103.5,3.0,0
flow_0012.7,48.0,4.5,0
flow_001.16,47.0,3.0,0
flow_001.17,44.5,3.0,0
flow_301.3,26.0,3.0,0
flow_101.16,108.5,3.5,0
flow_1012.6,106.5,3.5,0
flow_1012.7,104.5,4.0,0
flow_20.4,32.0,4.0,0
flow_0012.8,61.5,6.5,0
flow_001.18,60.0,3.0,0
flow_201.4,37.5,3.0,0
flow_101.17,109.0,3.5,0
flow_101.18,106.5,3.0,0
flow_10.8,101.0,3.0,0
flow_301.4,24.5,2.5,0
flow_201.5,44.5,3.5,0
flow_0012.9,78.0,6.5,0
flow_001.19,73.0,3.0,0
flow_00.7,71.0,3.0,0
flow_201.6,38.5,4.0,0
flow_10.9,107.5,4.0,0
flow_1012.8,106.5,3.5,0
flow_3012.4,25.5,3.0,0
flow_30.6,22.0,2.0,0
flow_101.19,105.0,3.0,0
flow_201.7,31.0,3.5,0
flow_0012.10,77.0,6.5,0
flow_00.8,49.5,2.5,0
flow_0012.11,64.0,4.5,0
flow_101.20,108.5,3.5,0
flow_10.10,105.0,3.0,0
flow_1012.9,104.5,4.0,0
flow_3012.5,26.0,3.5,0
flow_001.20,62.5,3.5,0
flow_201.8,48.0,3.5,0
flow_00.9,60.5,3.0,0
flow_201.9,42.5,3.0,0
flow_001.21,61.0,3.0,0
flow_301.5,27.0,3.0,0
flow_101.21,109.0,3.5,0
flow_1012.10,106.5,3.5,0
flow_10.11,102.5,3.0,0
flow_001.22,68.5,3.5,0
flow_2012.3,24.5,3.5,0
flow_001.23,71.5,4.0,0
flow_101.22,108.5,3.5,0
flow_301.6,26.0,2.5,0
flow_101.23,106.5,3.0,0
flow_101.24,104.0,3.0,0
flow_001.24,88.5,3.5,0
flow_2012.4,26.5,4.5,0
flow_0012.12,83.5,4.0,0
flow_001.25,74.5,3.5,0
flow_101.25,109.0,3.5,0
flow_301.7,43.5,3.5,0
flow_101.26,106.5,3.0,0
flow_101.27,104.5,3.0,0
flow_2012.5,27.5,4.0,0
flow_001.26,94.5,7.0,0
flow_2012.6,30.5,5.5,0
flow_30.7,22.5,2.0,0
flow_101.28,109.0,3.5,0
flow_10.12,105.5,3.0,0
flow_101.29,106.0,3.5,0
flow_001.27,114.5,3.5,0
flow_2012.7,40.5,5.5,0
flow_001.28,116.5,3.5,0
flow_3012.6,27.0,4.0,0
flow_1012.11,109.5,4.5,0
flow_101.30,107.0,3.0,0
flow_10.13,102.5,3.0,0
flow_001.29,134.5,4.0,0
flow_001.30,127.5,3.0,0
flow_00.10,117.0,2.5,0
flow_2012.8,26.5,4.5,0
flow_101.31,109.5,3.5,0
flow_101.32,107.0,3.0,0
flow_101.33,104.0,3.0,0
flow_201.10,30.5,3.5,0
flow_0012.13,139.5,6.5,0
flow_00.11,136.5,3.5,0
flow_201.11,30.0,3.5,0
flow_001.31,135.5,3.5,0
flow_101.34,108.0,3.5,0
flow_101.35,107.0,3.0,0
flow_1012.12,103.5,3.5,0
flow_2012.9,47.0,4.0,0
flow_001.32,140.5,7.0,0
flow_001.33,138.0,3.0,0
flow_201.12,26.0,3.0,0
flow_30.8,43.0,4.0,0
flow_101.36,109.0,3.5,0
flow_10.14,105.0,3.0,0
flow_101.37,103.5,3.0,0
flow_001.34,153.0,3.5,0
flow_201.13,39.5,3.5,0
flow_201.14,35.5,3.0,0
flow_0012.14,141.0,6.0,0
flow_2012.10,34.5,3.5,0
flow_101.38,109.5,3.5,0
flow_30.9,23.5,2.5,0
flow_1012.13,107.5,4.0,0
flow_101.39,103.5,2.5,0
flow_00.12,136.0,4.0,0
flow_201.15,26.5,3.0,0
flow_0012.15,135.0,4.5,0
flow_00.13,115.5,3.0,0
flow_201.16,26.0,3.0,0
flow_10.15,107.5,4.0,0
flow_301.8,25.5,2.5,0
flow_101.40,107.5,3.0,0
flow_101.41,105.5,3.5,0
flow_201.17,35.0,3.5,0
flow_001.35,132.0,3.5,0
flow_0012.16,129.5,4.0,0
flow_0012.17,115.0,4.0,0
flow_101.42,109.5,3.5,0
flow_1012.14,106.0,3.5,0
flow_101.43,103.0,2.5,0
flow_2012.11,42.5,4.5,0
flow_001.36,134.5,7.0,0
flow_001.37,131.0,3.0,0
flow_10.16,107.5,4.0,0
flow_301.9,39.5,3.5,0
flow_101.44,106.5,3.0,0
flow_1012.15,103.0,3.5,0
flow_0012.18,135.0,4.5,0
flow_20.5,38.0,6.5,0
flow_001.38,130.5,3.0,0
flow_001.39,117.0,3.5,0
flow_30.10,42.0,4.0,0
flow_1012.16,112.0,7.5,0
flow_1012.17,109.5,4.0,0
flow_001.40,129.0,3.5,0
flow_00.14,112.0,3.0,0
flow_0012.19,109.5,3.5,0
flow_2012.12,27.5,5.5,0
flow_10.17,123.5,4.0,0
flow_101.45,112.5,3.0,0
flow_10.18,109.0,3.0,0
flow_201.18,36.5,3.5,0
flow_2012.13,31.5,3.5,0
flow_0012.20,129.0,6.5,0
flow_0012.21,115.0,4.5,0
flow_001.41,111.0,3.0,0
flow_301.10,42.0,3.5,0
flow_1012.18,127.5,6.0,0
flow_10.19,111.5,3.5,0
flow_301.11,43.5,4.0,0
flow_101.46,112.5,3.5,0
flow_001.42,126.0,3.5,0
flow_001.43,110.0,3.0,0
flow_0012.22,106.0,4.0,0
flow_30.11,59.0,4.0,0
flow_10.20,125.0,4.0,0
flow_30.12,59.0,3.0,0
flow_101.47,112.0,3.0,0
flow_101.48,110.0,3.0,0
flow_301.12,52.0,3.0,0
flow_001.44,109.5,3.5,0
flow_0012.23,106.5,3.5,0
flow_00.15,101.5,3.0,0
flow_201.19,28.0,3.0,0
flow_101.49,125.0,3.5,0
flow_3012.7,29.0,6.0,0
flow_301.13,27.0,3.0,0
flow_101.50,114.5,3.5,0
flow_201.20,39.0,3.5,0
flow_0012.24,112.0,6.5,0
flow_2012.14,34.5,3.5,0
flow_0012.25,109.0,4.5,0
flow_001.45,104.5,3.0,0
flow_30.13,35.5,4.0,0
flow_101.51,129.0,3.5,0
flow_101.52,112.5,3.0,0
flow_301.14,36.5,3.0,0
flow_3012.8,36.5,4.0,0
flow_101.53,114.0,7.0,0
flow_201.21,50.0,3.5,0
flow_001.46,108.5,3.5,0
flow_001.47,107.0,3.0,0
flow_0012.26,104.0,4.0,0
flow_3012.9,49.5,4.5,0
flow_301.15,42.0,3.0,0
flow_101.54,129.5,7.5,0
flow_101.55,116.0,3.5,0
flow_001.48,108.5,3.5,0
flow_201.22,41.0,3.5,0
flow_2012.15,26.5,3.5,0
flow_20.6,22.5,2.0,0
flow_00.16,107.5,5.0,0
flow_001.49,105.0,3.0,0
flow_1012.19,130.5,4.0,0
flow_3012.10,37.0,4.5,0
flow_10.21,126.0,3.0,0
flow_301.16,37.0,3.0,0
flow_101.56,115.5,3.0,0
flow_001.50,109.0,3.5,0
flow_0012.27,106.5,3.5,0
flow_0012.28,104.0,4.0,0
flow_101.57,131.0,3.5,0
flow_301.17,26.5,3.0,0
flow_301.18,26.0,3.0,0
flow_101.58,130.5,3.5,0
flow_1012.20,116.0,4.5,0
flow_001.51,109.0,3.5,0
flow_201.23,31.0,3.5,0
flow_0012.29,107.0,4.0,0
flow_001.52,102.5,2.5,0
flow_101.59,129.0,3.5,0
flow_10.22,110.5,3.0,0
flow_1012.21,110.5,4.0,0
flow_20.7,26.5,3.5,0
flow_0012.30,112.0,7.0,0
flow_0012.31,110.5,4.5,0
flow_0012.32,107.5,4.5,0
flow_10.23,123.0,4.0,0
flow_301.19,40.0,3.5,0
flow_30.14,35.0,3.0,0
flow_10.24,103.0,3.0,0
flow_101.60,111.5,3.5,0
flow_301.20,27.0,2.0,0
flow_00.17,107.5,4.0,0
flow_001.53,106.5,3.0,0
flow_0012.33,103.5,3.5,0
flow_2012.16,25.5,3.5,0
flow_301.21,40.0,3.5,0
flow_1012.22,111.5,6.5,0
flow_1012.23,109.5,4.5,0
flow_101.61,105.5,3.0,0
flow_301.22,45.0,4.0,0
flow_201.24,43.0,3.5,0
flow_001.54,109.0,3.5,0
flow_20.8,41.5,3.0,0
flow_001.55,107.0,3.0,0
flow_201.25,35.0,3.0,0
flow_0012.34,107.0,5.5,0
flow_101.62,109.0,3.5,0
flow_101.63,107.0,3.0,0
flow_30.15,21.0,1.5,0
flow_101.64,104.0,3.0,0
flow_20.9,51.5,4.0,0
flow_001.56,109.5,3.5,0
flow_00.18,105.0,3.0,0
flow_00.19,103.0,3.0,0
flow_30.16,35.5,4.0,0
flow_101.65,109.0,3.5,0
flow_10.25,105.0,3.0,0
flow_301.23,25.5,2.5,0
flow_1012.24,103.5,3.5,0
flow_001.57,108.5,3.5,0
flow_0012.35,105.5,3.5,0
flow_001.58,103.0,3.0,0
flow_10.26,107.0,4.0,0
flow_301.24,39.0,3.5,0
flow_1012.25,107.5,4.0,0
flow_101.66,103.5,3.0,0
flow_2012.17,40.5,4.5,0
flow_201.26,37.0,3.0,0
flow_001.59,113.0,7.5,0
flow_20.10,34.0,3.0,0
flow_00.20,109.0,3.5,0
flow_30.0,23.5,2.5,0
flow_1012.0,26.0,4.0,0
flow_00.0,35.5,4.0,0
flow_201.0,37.5,3.5,0
flow_201.1,31.5,3.0,0
flow_3012.0,44.0,4.5,0
flow_10.0,43.5,6.5,0
flow_301.0,42.5,3.0,0
flow_1012.1,42.5,5.0,0
flow_101.0,38.5,2.5,0
flow_2012.0,29.5,4.0,0
flow_001.0,29.0,6.0,0
flow_001.1,28.0,3.5,0
flow_10.1,50.0,4.0,0
flow_301.1,62.0,3.5,0
flow_1012.2,50.5,4.0,0
flow_301.2,65.5,7.0,0
flow_1012.3,53.0,5.0,0
flow_001.2,39.0,3.5,0
flow_001.3,28.5,2.5,0
flow_30.1,69.5,4.0,0
flow_1012.4,70.0,7.5,0
flow_10.2,47.5,3.5,0
flow_30.2,71.0,5.0,0
flow_301.3,62.5,3.0,0
flow_2012.1,33.0,4.5,0
flow_201.2,31.0,3.0,0
flow_101.1,66.5,3.5,0
flow_301.4,57.0,3.5,0
flow_1012.5,55.5,4.0,0
flow_30.3,58.0,6.0,0
flow_101.2,53.5,3.0,0
flow_301.5,50.0,3.5,0
flow_20.0,39.0,4.0,0
flow_20.1,24.5,2.5,0
flow_001.4,25.5,2.5,0
flow_201.3,24.5,2.0,0
flow_101.3,67.0,3.5,0
flow_301.6,65.5,3.5,0
flow_3012.1,62.0,3.5,0
flow_1012.6,67.0,4.0,0
flow_3012.2,55.5,4.0,0
flow_201.4,43.5,3.5,0
flow_0012.0,24.0,3.0,0
flow_20.2,42.5,5.5,0
flow_2012.2,30.5,4.5,0
flow_101.4,82.5,3.5,0
flow_301.7,64.0,3.5,0
flow_101.5,77.5,3.0,0
flow_3012.3,65.5,5.0,0
flow_30.4,61.0,3.0,0
flow_0012.1,27.0,3.5,0
flow_10.3,85.0,4.0,0
flow_30.5,73.5,4.0,0
flow_301.8,75.0,3.0,0
flow_101.6,65.5,3.0,0
flow_1012.7,77.0,5.5,0
flow_0012.2,39.5,4.5,0
flow_201.5,25.0,2.5,0
flow_10.4,65.5,4.0,0
flow_301.9,95.5,3.5,0
flow_10.5,65.5,3.0,0
flow_3012.4,75.5,5.5,0
flow_0012.3,43.5,4.5,0
flow_20.3,22.5,2.0,0
flow_30.6,92.0,4.0,0
flow_101.7,86.5,3.5,0
flow_301.10,92.5,3.0,0
flow_101.8,71.5,3.0,0
flow_10.6,69.0,3.0,0
flow_301.11,92.0,3.0,0
flow_001.5,33.5,3.5,0
flow_001.6,31.5,3.0,0
flow_0012.4,29.5,4.0,0
flow_30.7,109.0,4.0,0
flow_10.7,71.5,4.0,0
flow_101.9,43.5,3.5,0
flow_3012.5,106.0,5.5,0
flow_3012.6,104.5,4.5,0
flow_00.1,46.5,4.0,0
flow_201.6,43.5,3.5,0
flow_201.7,41.5,3.0,0
flow_2012.3,41.0,4.0,0
flow_3012.7,102.0,4.5,0
flow_30.8,99.5,3.0,0
flow_101.10,67.0,7.5,0
flow_30.9,98.0,3.0,0
flow_101.11,66.5,3.5,0
flow_2012.4,29.5,4.0,0
flow_301.12,116.5,3.5,0
flow_101.12,71.0,3.5,0
flow_101.13,70.5,3.0,0
flow_301.13,110.0,3.0,0
flow_3012.8,107.5,4.0,0
flow_1012.8,70.0,4.0,0
flow_20.4,40.0,4.0,0
flow_301.14,109.0,3.5,0
flow_101.14,87.5,3.5,0
flow_10.8,84.0,3.0,0
flow_301.15,107.0,3.0,0
flow_101.15,69.0,3.0,0
flow_301.16,105.5,3.5,0
flow_201.8,28.0,3.0,0
flow_201.9,24.0,2.5,0
flow_0012.5,26.5,4.5,0
flow_10.9,84.0,4.0,0
flow_301.17,108.5,3.5,0
flow_101.16,84.5,3.0,0
flow_3012.9,109.0,5.0,0
flow_3012.10,105.0,4.0,0
flow_201.10,41.0,3.5,0
flow_201.11,40.5,3.0,0
flow_20.5,29.0,2.5,0
flow_10.10,104.0,4.0,0
flow_301.18,109.0,3.5,0
flow_10.11,96.5,3.0,0
flow_30.10,105.5,3.0,0
flow_10.12,86.0,3.0,0
flow_301.19,105.0,3.5,0
flow_00.2,25.0,3.0,0
flow_20.6,36.5,4.0,0
flow_20.7,36.0,3.0,0
flow_001.7,25.0,2.5,0
flow_301.20,108.0,3.5,0
flow_101.17,105.0,3.5,0
flow_301.21,106.5,3.0,0
flow_10.13,104.5,3.0,0
flow_1012.9,103.5,3.5,0
flow_301.22,107.5,6.5,0
flow_0012.6,37.0,4.5,0
flow_0012.7,25.0,3.5,0
flow_3012.11,109.0,4.5,0
flow_30.11,105.0,3.0,0
flow_101.18,96.5,7.0,0
flow_3012.12,105.0,4.0,0
flow_0012.8,27.5,4.0,0
flow_2012.5,34.5,4.5,0
flow_20.8,26.0,2.5,0
flow_30.12,107.5,4.0,0
flow_101.19,111.5,3.5,0
flow_301.23,106.0,3.0,0
flow_101.20,101.0,3.0,0
flow_101.21,74.5,3.0,0
flow_3012.13,105.5,5.5,0
flow_2012.6,43.0,4.5,0
flow_201.12,28.5,2.5,0
flow_3012.14,108.0,4.0,0
flow_301.24,106.5,3.0,0
flow_101.22,95.0,7.0,0
flow_30.13,101.5,3.0,0
flow_101.23,96.0,3.5,0
flow_201.13,43.0,3.5,0
flow_001.8,34.0,3.5,0
flow_20.9,25.0,2.5,0
flow_2012.7,25.5,3.0,0
flow_301.25,108.5,3.5,0
flow_101.24,111.5,3.5,0
flow_30.14,105.0,3.0,0
flow_101.25,111.0,3.0,0
flow_30.15,102.0,3.0,0
flow_101.26,108.0,3.0,0
flow_101.27,83.0,3.5,0
flow_301.26,109.0,3.5,0
flow_101.28,82.0,3.0,0
flow_301.27,107.5,3.0,0
flow_1012.10,72.5,4.0,0
flow_301.28,107.5,7.0,0
flow_001.9,33.0,3.5,0
flow_0012.9,32.0,4.0,0
flow_301.29,108.0,3.5,0
flow_1012.11,88.0,6.0,0
flow_3012.15,106.0,3.5,0
flow_10.14,87.0,4.0,0
flow_301.30,103.0,3.0,0
flow_2012.8,38.0,4.5,0
flow_001.10,38.5,4.0,0
flow_2012.9,40.0,6.0,0
flow_0012.10,26.0,3.5,0
flow_30.16,107.5,4.0,0
flow_10.15,102.0,4.0,0
flow_30.17,105.0,3.0,0
flow_101.29,101.5,2.5,0
flow_10.16,99.0,3.0,0
flow_30.18,102.0,3.0,0
flow_201.14,52.0,3.5,0
flow_001.11,41.0,3.5,0
flow_001.12,40.5,3.0,0
flow_30.19,107.5,4.0,0
flow_10.17,117.0,4.0,0
flow_30.20,105.5,3.0,0
flow_101.30,109.0,3.0,0
flow_301.31,104.0,3.0,0
flow_1012.12,105.5,5.5,0
flow_2012.10,32.0,4.0,0
flow_00.3,32.5,5.5,0
flow_001.13,27.0,3.0,0
flow_30.21,107.5,4.0,0
flow_10.18,109.5,4.0,0
flow_10.19,101.5,3.0,0
flow_301.32,106.0,3.0,0
flow_10.20,100.5,3.0,0
flow_3012.16,106.0,6.0,0
flow_001.14,25.0,2.5,0
flow_3012.17,110.0,4.5,0
flow_301.33,107.0,3.0,0
flow_101.31,121.5,7.5,0
flow_30.22,102.0,3.0,0
flow_10.21,113.5,3.5,0
flow_201.15,28.0,3.5,0
flow_0012.11,24.5,3.0,0
flow_20.10,23.0,2.5,0
flow_3012.18,108.0,4.0,0
flow_1012.13,129.0,4.5,0
flow_1012.14,113.0,4.0,0
flow_1012.15,110.5,4.0,0
flow_301.34,114.0,7.0,0
flow_2012.11,25.0,3.0,0
flow_0012.12,45.5,4.5,0
flow_001.15,27.0,2.5,0
flow_301.35,125.0,3.5,0
flow_101.32,126.5,4.0,0
flow_1012.16,112.0,3.5,0
flow_3012.19,112.5,4.0,0
flow_1012.17,110.0,4.0,0
flow_0012.13,46.0,4.5,0
flow_001.16,27.0,2.5,0
flow_001.17,27.5,3.0,0
flow_301.36,131.0,4.0,0
flow_101.33,124.5,3.5,0
flow_3012.20,128.5,4.0,0
flow_101.34,116.0,4.0,0
flow_3012.21,119.5,6.5,0
flow_001.18,44.5,3.5,0
flow_201.16,41.5,3.5,0
flow_001.19,26.0,2.5,0
flow_301.37,131.0,3.5,0
flow_101.35,131.0,3.5,0
flow_10.22,125.5,3.0,0
flow_301.38,130.0,3.5,0
flow_30.23,114.0,3.0,0
flow_10.23,111.5,3.0,0
flow_2012.12,32.5,4.5,0
flow_001.20,27.0,3.0,0
flow_1012.18,126.5,4.5,0
flow_3012.22,132.0,4.5,0
flow_30.24,126.5,3.0,0
flow_101.36,113.5,3.0,0
flow_3012.23,115.5,4.0,0
flow_201.17,28.0,3.0,0
flow_301.39,125.0,3.5,0
flow_101.37,131.0,4.0,0
flow_301.40,112.5,3.0,0
flow_101.38,129.0,3.0,0
flow_10.24,113.0,2.5,0
flow_301.41,110.0,3.5,0
flow_20.11,21.0,1.5,0
flow_2012.13,38.0,4.5,0
flow_101.39,131.5,3.5,0
flow_301.42,111.0,3.5,0
flow_3012.24,108.5,4.0,0
flow_301.43,104.5,3.0,0
flow_101.40,134.5,7.5,0
flow_00.4,38.0,4.0,0
flow_3012.25,108.5,4.0,0
flow_301.44,107.0,3.0,0
flow_101.41,140.5,7.5,0
flow_30.25,102.0,3.0,0
flow_101.42,135.0,3.0,0
flow_00.5,21.5,2.0,0
flow_30.26,108.5,4.0,0
flow_101.43,136.5,3.5,0
flow_10.25,133.5,3.0,0
flow_301.45,107.0,3.0,0
flow_1012.19,134.0,4.5,0
flow_30.27,107.0,6.5,0
flow_201.18,40.5,3.5,0
flow_2012.14,32.0,3.5,0
flow_30.28,107.5,4.0,0
flow_10.26,135.5,4.0,0
flow_101.44,133.0,2.5,0
flow_301.46,106.5,3.0,0
flow_101.45,116.5,3.0,0
flow_301.47,104.0,3.0,0
flow_001.21,25.5,2.5,0
flow_001.22,26.0,3.0,0
flow_3012.26,109.0,4.5,0
flow_10.27,134.0,6.5,0
flow_301.48,107.5,3.0,0
flow_10.28,130.5,4.0,0
flow_301.49,104.0,3.0,0
flow_1012.20,118.0,4.5,0
flow_2012.15,41.5,4.5,0
flow_001.23,27.0,3.0,0
flow_301.50,108.5,3.5,0
flow_1012.21,130.5,6.5,0
flow_3012.27,106.5,3.5,0
flow_10.29,111.0,4.0,0
flow_3012.28,106.5,6.0,0
flow_001.24,34.0,3.5,0
flow_201.19,39.5,3.5,0
flow_001.25,26.0,3.0,0
flow_1012.22,126.0,4.5,0
flow_3012.29,109.0,4.5,0
flow_3012.30,107.5,4.0,0
flow_30.29,103.0,3.0,0
flow_10.30,115.0,6.0,0
flow_101.46,111.0,3.0,0
flow_0012.14,36.5,4.5,0
flow_20.12,37.0,6.5,0
flow_201.20,32.0,3.5,0
flow_20.13,23.0,2.0,0
flow_101.47,124.5,3.5,0
flow_301.51,109.0,3.5,0
flow_3012.31,107.0,4.0,0
flow_1012.23,113.5,4.0,0
flow_301.52,105.0,3.5,0
flow_101.48,111.0,3.5,0
flow_201.21,38.5,3.5,0
flow_2012.16,36.0,3.5,0
flow_201.22,31.0,3.0,0
flow_30.30,107.5,4.0,0
flow_10.31,124.0,4.0,0
flow_301.53,106.5,3.0,0
flow_101.49,112.0,3.0,0
flow_3012.32,103.5,3.5,0
flow_10.32,111.5,6.0,0
flow_201.23,46.5,3.5,0
flow_0012.15,34.5,6.0,0
flow_201.24,46.5,3.5,0
flow_10.0,23.0,2.0,0
flow_301.0,26.0,3.0,0
flow_001.0,32.5,3.5,0
flow_001.1,33.5,3.5,0
flow_0012.0,30.5,3.5,0
flow_001.2,30.0,2.5,0
flow_10.1,41.5,4.0,0
flow_10.2,32.5,3.0,0
flow_301.1,28.0,3.5,0
flow_001.3,45.0,3.5,0
flow_201.0,38.0,3.5,0
flow_20.0,32.5,3.0,0
flow_0012.1,48.5,7.0,0
flow_101.0,44.0,3.5,0
flow_1012.0,42.0,4.0,0
flow_101.1,40.0,3.0,0
flow_301.2,28.0,3.5,0
flow_201.1,53.0,3.5,0
flow_001.4,49.5,4.0,0
flow_001.5,50.0,4.0,0
flow_001.6,48.5,3.5,0
flow_101.2,42.0,3.5,0
flow_00.0,62.0,4.0,0
flow_001.7,63.0,3.0,0
flow_001.8,61.5,3.0,0
flow_301.3,32.5,3.5,0
flow_101.3,40.0,3.5,0
flow_101.4,39.5,3.0,0
flow_10.3,37.0,3.0,0
flow_00.1,66.5,4.0,0
flow_001.9,65.5,3.0,0
flow_2012.0,30.5,5.5,0
flow_10.4,50.5,4.0,0
flow_301.4,29.0,3.5,0
flow_101.5,50.5,3.0,0
flow_1012.1,51.0,4.0,0
flow_201.2,45.0,3.5,0
flow_001.10,85.5,4.0,0
flow_2012.1,32.5,4.5,0
flow_201.3,27.0,2.5,0
flow_001.11,82.5,4.0,0
flow_1012.2,67.5,4.5,0
flow_101.6,68.5,3.5,0
flow_101.7,64.5,3.5,0
flow_201.4,39.0,3.5,0
flow_001.12,99.5,3.5,0
flow_0012.2,98.5,3.5,0
flow_001.13,96.0,3.0,0
flow_3012.0,35.5,4.5,0
flow_101.8,85.0,7.5,0
flow_10.5,82.0,3.5,0
flow_30.0,22.5,2.0,0
flow_00.2,110.0,4.0,0
flow_201.5,41.5,3.5,0
flow_00.3,110.0,3.0,0
flow_0012.3,110.0,3.5,0
flow_101.9,91.5,3.5,0
flow_10.6,89.5,3.0,0
flow_101.10,90.5,3.0,0
flow_20.1,40.5,4.0,0
flow_001.14,127.5,3.5,0
flow_0012.4,126.5,4.0,0
flow_20.2,24.0,3.0,0
flow_001.15,116.0,3.0,0
flow_1012.3,107.5,4.5,0
flow_10.7,104.0,2.5,0
flow_101.11,108.5,3.5,0
flow_00.4,128.0,4.0,0
flow_001.16,112.0,3.0,0
flow_001.17,108.0,3.5,0
flow_10.8,121.0,4.0,0
flow_301.5,38.5,3.5,0
flow_10.9,92.0,3.0,0
flow_10.10,91.0,3.0,0
flow_00.5,108.0,4.0,0
flow_201.6,27.0,3.0,0
flow_001.18,106.0,3.0,0
flow_0012.5,103.5,3.5,0
flow_301.6,33.5,3.5,0
flow_1012.4,98.0,6.5,0
flow_1012.5,96.5,4.5,0
flow_101.12,86.0,2.5,0
flow_201.7,32.5,3.5,0
flow_001.19,110.0,4.0,0
flow_0012.6,107.5,4.0,0
flow_2012.2,34.0,4.5,0
flow_001.20,106.0,3.5,0
flow_101.13,94.0,3.5,0
flow_1012.6,92.5,4.0,0
flow_1012.7,92.5,4.0,0
flow_20.3,38.0,4.0,0
flow_001.21,109.0,3.5,0
flow_001.22,107.0,3.0,0
flow_201.8,39.0,3.0,0
flow_001.23,104.5,3.5,0
flow_301.7,48.5,4.0,0
flow_1012.8,110.0,5.5,0
flow_3012.1,42.5,3.5,0
flow_10.11,107.5,4.0,0
flow_2012.3,29.5,4.0,0
flow_001.24,112.0,7.0,0
flow_001.25,110.5,3.0,0
flow_101.14,124.5,3.5,0
flow_1012.9,111.5,3.5,0
flow_101.15,110.0,3.0,0
flow_001.26,125.0,3.5,0
flow_201.9,24.5,2.0,0
flow_00.6,110.5,3.0,0
flow_0012.7,109.0,3.5,0
flow_10.12,115.0,4.0,0
flow_1012.10,108.0,4.0,0
flow_10.13,100.5,3.0,0
flow_2012.4,37.5,4.0,0
flow_001.27,128.5,7.0,0
flow_201.10,36.5,3.0,0
flow_0012.8,116.0,4.0,0
flow_1012.11,103.5,4.0,0
flow_3012.2,37.0,4.5,0
flow_10.14,85.5,3.0,0
flow_101.16,82.5,3.0,0
flow_201.11,45.5,3.5,0
flow_0012.9,134.0,6.5,0
flow_2012.5,35.0,3.5,0
flow_2012.6,35.0,3.5,0
flow_3012.3,40.5,4.5,0
flow_101.17,103.0,7.0,0
flow_301.8,40.0,3.0,0
flow_1012.12,103.0,4.0,0
flow_001.28,152.0,3.5,0
flow_001.29,140.0,3.0,0
flow_0012.10,138.5,3.5,0
flow_301.9,36.0,3.5,0
flow_1012.13,121.5,6.5,0
flow_1012.14,116.0,4.5,0
flow_101.18,111.5,3.0,0
flow_201.12,48.5,4.0,0
flow_0012.11,157.5,7.0,0
flow_001.30,138.5,3.0,0
flow_001.31,135.5,3.0,0
flow_30.1,36.0,4.0,0
flow_101.19,126.0,3.5,0
flow_101.20,112.0,3.0,0
flow_101.21,110.5,3.0,0
flow_3012.4,28.5,4.5,0
flow_001.32,137.0,3.5,0
flow_201.13,46.5,4.0,0
flow_0012.12,135.5,4.0,0
flow_001.33,131.5,3.0,0
flow_10.15,125.0,4.0,0
flow_101.22,112.5,3.0,0
flow_101.23,110.0,3.0,0
flow_201.14,44.0,3.5,0
flow_001.34,134.5,3.5,0
flow_001.35,130.0,3.0,0
flow_201.15,40.0,3.0,0
flow_2012.7,26.0,3.5,0
flow_00.7,116.5,6.0,0
flow_10.16,124.5,4.0,0
flow_101.24,110.0,3.0,0
flow_101.25,106.0,3.5,0
flow_3012.5,27.5,4.5,0
flow_001.36,112.0,4.0,0
flow_001.37,108.0,3.5,0
flow_00.8,102.5,3.0,0
flow_10.17,106.5,4.0,0
flow_301.10,35.5,3.5,0
flow_101.26,106.0,3.0,0
flow_301.11,35.0,3.0,0
flow_3012.6,33.5,3.5,0
flow_101.27,107.0,6.5,0
flow_0012.13,107.5,4.0,0
flow_2012.8,36.0,4.5,0
flow_00.9,105.5,3.0,0
flow_001.38,103.0,3.0,0
flow_301.12,51.0,3.5,0
flow_101.28,109.5,3.5,0
flow_1012.15,107.0,4.0,0
flow_3012.7,33.0,4.0,0
flow_101.29,105.0,3.0,0
flow_2012.9,28.5,4.0,0
flow_00.10,110.0,6.0,0
flow_00.11,107.5,3.5,0
flow_001.39,104.5,2.5,0
flow_10.18,109.0,4.0,0
flow_30.2,32.5,3.5,0
flow_10.19,106.5,3.5,0
flow_1012.16,104.5,4.0,0
flow_20.4,40.0,4.0,0
flow_001.40,108.5,3.5,0
flow_201.16,31.0,3.0,0
flow_001.41,106.5,3.0,0
flow_00.12,102.5,3.0,0
flow_3012.8,43.0,4.5,0
flow_1012.17,109.5,4.5,0
flow_3012.9,43.5,4.0,0
flow_30.3,39.5,3.0,0
flow_101.30,112.5,4.5,0
flow_001.42,109.0,3.5,0
flow_001.43,107.0,3.0,0
flow_001.44,105.0,3.5,0
flow_101.31,125.0,3.5,0
flow_30.4,40.5,4.0,0
flow_10.20,111.0,3.0,0
flow_301.13,34.5,2.5,0
flow_30.5,25.0,2.5,0
flow_101.32,109.5,3.0,0
flow_001.45,109.0,3.5,0
flow_201.17,24.5,2.5,0
flow_001.46,107.0,3.0,0
flow_001.47,105.5,3.5,0
flow_301.14,46.0,3.5,0
flow_1012.18,127.5,6.5,0
flow_101.33,113.5,3.0,0
flow_10.21,109.0,3.0,0
flow_001.48,109.5,3.5,0
flow_001.49,107.0,3.0,0
flow_001.50,104.0,3.5,0
flow_10.22,124.0,4.0,0
flow_3012.10,29.0,6.5,0
flow_101.34,116.0,3.0,0
flow_001.51,109.0,3.5,0
flow_0012.14,106.0,3.5,0
flow_001.52,103.5,3.0,0
flow_301.15,43.5,3.5,0
flow_1012.19,134.5,6.5,0
flow_1012.20,131.0,4.5,0
flow_101.35,115.5,3.0,0
flow_201.18,42.0,3.5,0
flow_0012.15,111.5,6.5,0
flow_001.53,108.5,3.0,0
flow_0012.16,104.5,3.5,0
flow_101.36,127.5,3.5,0
flow_301.16,50.5,4.0,0
flow_101.37,113.0,3.0,0
flow_1012.21,109.0,3.5,0
flow_0012.17,109.0,4.5,0
flow_001.54,107.0,3.0,0
flow_00.13,102.5,3.0,0
flow_201.19,24.5,2.0,0
flow_30.6,38.5,4.0,0
flow_101.38,126.0,3.5,0
flow_10.23,110.0,3.0,0
flow_30.7,38.5,3.5,0
flow_101.39,109.5,3.0,0
flow_301.17,38.5,3.0,0
flow_2012.10,42.0,4.5,0
flow_00.14,111.0,6.5,0
flow_201.20,39.5,3.0,0
flow_001.55,108.0,3.5,0
flow_001.56,105.5,3.0,0
flow_10.24,123.0,4.0,0
flow_101.40,110.0,3.0,0
flow_1012.22,104.0,3.5,0
flow_001.57,109.5,3.5,0
flow_001.58,107.0,3.0,0
flow_0012.18,103.5,3.5,0
flow_301.18,41.0,4.5,0
flow_101.41,107.5,3.0,0
flow_1012.23,114.0,7.5,0
flow_10.25,103.0,3.0,0
flow_301.19,41.5,4.0,0
flow_001.59,110.0,4.0,0
flow_2012.11,26.0,3.5,0
flow_001.60,109.5,4.0,0
flow_3012.11,56.0,4.5,0
flow_30.8,43.0,3.0,0
flow_101.42,113.0,7.5,0
flow_30.9,42.0,3.0,0
flow_1012.24,114.5,5.5,0
flow_0012.19,125.5,4.5,0
flow_20.5,36.5,5.5,0
flow_001.61,112.0,3.0,0
flow_2012.12,30.5,4.5,0
flow_10.26,124.0,4.0,0
flow_301.20,59.5,3.5,0
flow_1012.25,113.0,4.0,0
flow_101.43,110.5,3.0,0
flow_301.21,40.5,7.0,0
flow_2012.13,44.5,4.5,0
flow_201.21,44.0,3.0,0
flow_001.62,136.5,7.5,0
flow_0012.20,133.0,4.0,0
flow_20.6,26.0,4.0,0
flow_10.27,123.5,4.0,0
flow_301.22,40.5,4.0,0
flow_101.44,112.5,3.0,0
flow_10.28,108.0,2.5,0
flow_201.22,28.0,3.0,0
flow_0012.21,139.5,6.0,0
flow_001.63,135.0,3.0,0
flow_001.64,132.5,3.0,0
flow_1012.26,125.5,4.5,0
flow_3012.12,27.0,4.0,0
flow_101.45,112.0,3.0,0
flow_101.46,109.0,3.0,0
flow_00.15,135.0,4.0,0
flow_001.65,135.0,3.0,0
flow_001.66,132.0,3.0,0
flow_2012.14,27.0,4.0,0
flow_10.29,123.5,4.0,0
flow_301.23,38.0,3.5,0
flow_101.47,109.5,3.0,0
flow_101.48,105.0,3.5,0
flow_0012.22,136.0,4.0,0
flow_0012.23,132.5,4.0,0
flow_001.67,115.5,3.0,0
flow_201.23,28.0,3.5,0
flow_301.24,33.5,3.5,0
flow_101.49,109.5,3.5,0
flow_1012.27,108.0,4.0,0
flow_1012.28,104.5,4.0,0
flow_2012.15,42.0,4.0,0
flow_00.16,131.5,6.5,0
flow_001.68,112.0,3.5,0
flow_0012.24,105.5,3.5,0
flow_101.50,110.0,4.0,0
flow_3012.13,35.0,6.5,0
flow_10.30,108.0,3.5,0
flow_201.24,43.0,3.5,0
flow_001.69,109.0,3.5,0
flow_001.70,107.0,3.0,0
flow_001.71,103.5,3.5,0
flow_1012.29,125.5,4.5,0
flow_101.51,111.5,3.0,0
flow_1012.30,110.5,4.0,0
flow_2012.16,39.5,4.5,0
flow_0012.25,110.5,4.5,0
flow_0012.26,107.5,4.0,0
flow_2012.17,38.0,4.0,0
flow_001.72,105.0,3.5,0
flow_30.0,21.0,1.5,0
flow_101.0,26.5,3.0,0
flow_20.0,37.0,4.0,0
flow_001.0,32.0,3.5,0
flow_201.0,37.0,3.0,0
flow_201.1,34.5,3.0,0
flow_30.1,28.5,3.5,0
flow_1012.0,46.5,7.5,0
flow_1012.1,34.0,4.5,0
flow_001.1,44.5,3.5,0
flow_001.2,40.0,3.0,0
flow_001.3,39.0,3.5,0
flow_1012.2,25.0,3.5,0
flow_301.0,56.5,6.5,0
flow_101.1,25.0,2.5,0
flow_30.2,45.5,3.5,0
flow_001.4,56.0,3.5,0
flow_201.2,41.5,4.0,0
flow_001.5,55.5,3.0,0
flow_201.3,40.0,3.0,0
flow_00.0,46.0,3.0,0
flow_101.2,27.5,3.0,0
flow_3012.0,59.0,6.0,0
flow_1012.3,25.0,3.5,0
flow_301.1,53.5,6.5,0
flow_00.1,56.0,4.0,0
flow_201.4,32.5,3.5,0
flow_20.1,29.5,3.0,0
flow_00.2,55.0,3.0,0
flow_20.2,28.5,3.0,0
flow_20.3,25.5,2.5,0
flow_001.6,57.0,3.5,0
flow_301.2,67.5,3.5,0
flow_101.3,45.0,3.5,0
flow_101.4,33.0,3.5,0
flow_301.3,67.5,3.0,0
flow_10.0,30.0,3.0,0
flow_3012.1,66.5,5.0,0
flow_201.5,40.0,3.5,0
flow_0012.0,70.5,6.5,0
flow_2012.0,39.5,3.5,0
flow_20.4,35.5,3.0,0
flow_001.7,68.0,3.5,0
flow_3012.2,80.0,4.0,0
flow_30.3,78.0,3.0,0
flow_101.5,53.0,7.0,0
flow_301.4,79.5,3.0,0
flow_101.6,42.0,3.0,0
flow_201.6,50.5,3.5,0
flow_001.8,78.5,3.5,0
flow_2012.1,47.0,4.0,0
flow_00.3,79.5,6.5,0
flow_001.9,78.5,3.5,0
flow_1012.4,56.5,4.5,0
flow_101.7,45.0,3.0,0
flow_301.5,100.5,7.5,0
flow_30.4,97.5,3.5,0
flow_10.1,43.0,3.0,0
flow_0012.1,95.0,4.5,0
flow_001.10,87.0,3.0,0
flow_00.4,79.5,3.0,0
flow_201.7,47.5,7.5,0
flow_201.8,40.5,3.5,0
flow_301.6,113.0,3.5,0
flow_101.8,37.5,3.5,0
flow_1012.5,37.0,4.0,0
flow_101.9,28.5,2.5,0
flow_301.7,116.5,6.5,0
flow_00.5,97.0,4.0,0
flow_201.9,59.0,4.0,0
flow_0012.2,98.5,4.0,0
flow_00.6,94.5,3.0,0
flow_201.10,61.5,7.0,0
flow_301.8,128.0,3.5,0
flow_101.10,46.5,3.5,0
flow_301.9,116.0,3.5,0
flow_101.11,47.0,3.5,0
flow_101.12,30.5,3.5,0
flow_301.10,105.0,3.5,0
flow_2012.2,73.5,4.5,0
flow_20.5,71.0,3.0,0
flow_001.11,117.5,7.5,0
flow_201.11,71.5,3.0,0
flow_001.12,115.0,3.5,0
flow_301.11,117.0,3.5,0
flow_101.13,40.5,3.5,0
flow_10.2,37.5,3.0,0
flow_301.12,116.5,3.0,0
flow_10.3,36.5,3.0,0
flow_301.13,116.5,3.5,0
flow_00.7,126.0,4.0,0
flow_201.12,75.5,3.5,0
flow_0012.3,113.0,4.0,0
flow_2012.3,76.5,4.0,0
flow_0012.4,109.5,4.0,0
flow_20.6,76.5,4.5,0
flow_301.14,131.0,3.5,0
flow_101.14,56.0,3.5,0
flow_30.5,120.5,3.0,0
flow_101.15,54.5,3.0,0
flow_1012.6,54.0,3.5,0
flow_3012.3,103.0,4.0,0
flow_2012.4,77.0,4.0,0
flow_001.13,129.0,7.5,0
flow_201.13,54.0,3.5,0
flow_00.8,114.5,3.5,0
flow_201.14,52.5,3.5,0
flow_3012.4,120.0,4.5,0
flow_30.6,110.5,3.0,0
flow_101.16,67.5,7.5,0
flow_301.15,108.0,3.5,0
flow_1012.7,67.5,4.5,0
flow_001.14,131.0,3.5,0
flow_20.7,68.5,4.0,0
flow_201.15,69.0,3.0,0
flow_0012.5,132.5,5.0,0
flow_001.15,116.5,3.0,0
flow_3012.5,109.5,4.5,0
flow_301.16,106.5,3.0,0
flow_101.17,86.0,7.5,0
flow_10.4,50.0,3.5,0
flow_301.17,105.0,3.5,0
flow_201.16,88.5,3.5,0
flow_001.16,131.5,3.5,0
flow_0012.6,128.5,3.5,0
flow_2012.5,88.5,4.0,0
flow_20.8,61.5,3.0,0
flow_001.17,114.5,3.5,0
flow_101.18,52.0,3.5,0
flow_301.18,109.5,3.5,0
flow_1012.8,42.5,4.0,0
flow_101.19,29.0,2.5,0
flow_301.19,106.0,7.0,0
flow_2012.6,77.5,4.5,0
flow_001.18,130.5,7.5,0
flow_2012.7,77.5,5.5,0
flow_2012.8,76.0,4.5,0
flow_3012.6,89.0,4.5,0
flow_101.20,44.0,7.5,0
flow_3012.7,91.5,5.5,0
flow_3012.8,90.5,4.5,0
flow_201.17,50.5,3.5,0
flow_001.19,137.0,3.5,0
flow_20.9,46.0,3.0,0
flow_001.20,135.0,3.0,0
flow_2012.9,29.5,3.5,0
flow_00.9,133.5,5.5,0
flow_3012.9,80.0,4.5,0
flow_10.5,65.5,6.5,0
flow_301.20,78.0,2.5,0
flow_10.6,61.0,4.0,0
flow_301.21,79.0,3.0,0
flow_101.21,61.0,3.0,0
flow_00.10,132.5,4.0,0
flow_20.10,41.5,4.0,0
flow_001.21,129.5,3.0,0
flow_00.11,113.0,3.0,0
flow_30.7,94.0,4.0,0
flow_1012.9,80.5,7.5,0
flow_10.7,76.5,3.5,0
flow_301.22,97.5,3.0,0
flow_201.18,26.0,2.5,0
flow_001.22,131.5,3.5,0
flow_00.12,126.0,3.0,0
flow_0012.7,116.5,4.0,0
flow_3012.10,112.5,4.5,0
flow_30.8,110.5,3.0,0
flow_101.22,100.0,7.5,0
flow_3012.11,111.5,4.0,0
flow_20.11,34.5,4.0,0
flow_001.23,131.5,3.5,0
flow_201.19,31.5,3.0,0
flow_001.24,130.0,3.5,0
flow_0012.8,112.0,3.5,0
flow_2012.10,27.0,3.5,0
flow_301.23,107.0,3.5,0
flow_101.23,113.0,4.0,0
flow_30.9,99.5,3.0,0
flow_101.24,111.5,3.0,0
flow_301.24,92.0,3.0,0
flow_101.25,55.0,3.0,0
flow_001.25,109.0,3.5,0
flow_201.20,43.5,3.5,0
flow_00.13,107.0,3.5,0
flow_001.26,106.0,3.5,0
flow_30.10,107.5,4.0,0
flow_1012.10,72.5,7.5,0
flow_10.8,71.5,3.5,0
flow_301.25,113.0,3.0,0
flow_0012.9,109.5,4.5,0
flow_00.14,105.0,3.0,0
flow_001.27,104.0,3.0,0
flow_3012.12,129.0,4.5,0
flow_101.26,87.0,7.0,0
flow_301.26,129.0,3.5,0
flow_3012.13,113.5,4.0,0
flow_1012.11,88.0,4.5,0
flow_00.15,107.5,4.0,0
flow_00.16,105.5,3.0,0
flow_001.28,103.5,3.0,0
flow_101.27,99.5,3.5,0
flow_301.27,126.5,3.5,0
flow_10.9,83.5,3.0,0
flow_301.28,112.0,3.0,0
flow_1012.12,83.0,3.5,0
flow_30.11,112.5,6.0,0
flow_20.12,37.0,3.5,0
flow_001.29,109.0,3.5,0
flow_00.17,104.5,3.0,0
flow_201.21,26.0,2.5,0
flow_001.30,104.5,3.0,0
flow_101.28,84.0,3.5,0
flow_301.29,126.5,3.5,0
flow_101.29,84.0,3.0,0
flow_301.30,113.0,3.5,0
flow_30.12,108.5,3.0,0
flow_101.30,72.0,3.5,0
flow_20.13,31.5,3.0,0
flow_2012.11,36.0,4.5,0
flow_001.31,113.0,7.5,0
flow_2012.12,32.0,4.5,0
flow_30.13,124.5,4.0,0
flow_10.10,87.0,4.0,0
flow_101.31,72.0,3.0,0
flow_301.31,110.0,3.0,0
flow_3012.14,105.0,4.0,0
flow_10.11,73.5,6.0,0
flow_001.32,131.0,3.5,0
flow_001.33,129.0,3.0,0
flow_0012.10,115.0,3.5,0
flow_301.32,109.0,3.5,0
flow_1012.13,84.5,6.5,0
flow_101.32,62.0,3.0,0
flow_301.33,109.5,3.5,0
flow_1012.14,61.0,4.5,0
flow_00.18,130.5,4.0,0
flow_201.22,47.5,3.5,0
flow_20.14,25.5,2.5,0
flow_001.34,129.5,3.0,0
flow_001.35,115.5,3.0,0
flow_301.34,125.0,3.5,0
flow_101.33,57.0,3.5,0
flow_301.35,112.5,3.0,0
flow_101.34,55.0,3.5,0
flow_301.36,109.5,3.0,0
flow_101.35,54.0,3.5,0
flow_2012.13,37.0,4.5,0
flow_20.15,32.0,3.5,0
flow_001.36,135.0,7.0,0
flow_201.23,30.0,2.5,0
flow_001.37,132.5,3.0,0
flow_301.37,125.5,3.5,0
flow_1012.15,63.5,6.5,0
flow_10.12,59.5,3.5,0
flow_301.38,115.0,3.5,0
flow_1012.16,52.5,4.5,0
flow_001.38,137.0,3.5,0
flow_201.24,24.5,2.5,0
flow_001.39,135.0,3.0,0
flow_001.40,132.0,3.0,0
flow_301.39,131.5,3.5,0
flow_101.36,69.5,4.0,0
flow_3012.15,131.0,4.5,0
flow_301.40,115.0,3.0,0
flow_101.37,72.5,7.5,0
flow_2012.14,43.0,4.0,0
flow_0012.11,134.5,4.5,0
flow_001.41,113.0,3.0,0
flow_001.42,111.0,3.0,0
flow_301.41,132.0,3.5,0
flow_10.13,67.5,3.5,0
flow_1012.17,72.0,6.5,0
flow_30.14,129.5,3.5,0
flow_101.38,65.5,3.0,0
flow_00.19,124.5,4.0,0
flow_201.25,40.5,3.5,0
flow_001.43,112.5,3.0,0
flow_201.26,41.5,3.5,0
flow_0012.12,111.5,4.0,0
flow_20.16,41.0,6.0,0
flow_101.39,78.0,3.5,0
flow_301.42,137.0,3.5,0
flow_1012.18,77.5,4.0,0
flow_301.43,136.5,7.0,0
flow_1012.19,72.5,5.0,0
flow_001.44,125.0,3.5,0
flow_201.27,56.0,3.5,0
flow_00.20,108.0,3.0,0
flow_201.28,55.5,3.0,0
flow_0012.13,106.0,4.0,0
flow_20.17,57.0,6.5,0
flow_301.44,137.0,3.5,0
flow_101.40,87.0,3.5,0
flow_10.14,84.5,3.0,0
flow_301.45,135.0,3.0,0
flow_101.41,84.5,3.0,0
flow_301.46,132.0,3.0,0
flow_001.45,109.0,3.5,0
flow_201.29,72.0,3.5,0
flow_0012.14,106.5,3.5,0
flow_00.21,103.0,3.0,0
flow_201.30,65.0,6.5,0
flow_3012.16,136.0,4.0,0
flow_1012.20,103.0,4.5,0
flow_101.42,101.5,3.0,0
flow_301.47,133.0,3.0,0
flow_30.15,114.0,3.0,0
flow_101.43,100.5,3.0,0
flow_0012.15,110.5,4.5,0
flow_201.31,86.0,7.5,0
flow_0012.16,110.5,5.5,0
flow_00.22,104.5,3.5,0
flow_3012.17,132.0,4.5,0
flow_101.44,113.0,7.5,0
flow_3012.18,132.5,5.5,0
flow_3012.19,117.5,4.5,0
flow_20.18,103.5,4.0,0
flow_00.23,110.5,4.0,0
flow_00.24,107.5,3.5,0
flow_2012.15,97.5,6.0,0
flow_00.25,106.0,5.5,0
flow_101.45,130.5,3.5,0
flow_301.48,129.5,4.0,0
flow_30.16,111.5,3.0,0
flow_101.46,129.5,3.5,0
flow_301.49,106.5,3.0,0
flow_1012.21,118.5,5.5,0
flow_201.32,114.5,3.5,0
flow_001.46,109.0,3.5,0
flow_001.47,107.0,3.0,0
flow_201.33,112.5,3.0,0
flow_0012.17,104.0,4.0,0
flow_201.34,104.5,7.0,0
flow_3012.20,110.5,4.5,0
flow_1012.22,125.0,4.5,0
flow_30.17,105.5,3.0,0
flow_101.47,91.0,3.5,0
flow_3012.21,105.5,4.5,0
flow_201.35,117.5,3.5,0
flow_001.48,109.5,3.5,0
flow_0012.18,107.5,4.0,0
flow_001.49,104.0,3.0,0
flow_201.36,108.5,7.0,0
flow_101.48,107.5,4.0,0
flow_301.50,109.0,3.5,0
flow_30.18,105.5,3.0,0
flow_101.49,101.5,3.0,0
flow_101.50,100.5,2.5,0
flow_301.51,104.0,3.0,0
flow_0012.19,109.0,4.5,0
flow_001.50,106.5,3.0,0
flow_201.37,126.5,7.5,0
flow_001.51,104.0,3.5,0
flow_201.38,119.5,3.5,0
flow_3012.22,108.5,4.0,0
flow_10.15,117.0,6.5,0
flow_30.19,105.0,3.0,0
flow_10.16,99.5,4.0,0
flow_301.52,102.0,2.5,0
flow_101.51,95.0,2.5,0
flow_0012.20,109.0,4.5,0
flow_00.26,105.0,3.0,0
flow_20.19,131.0,6.5,0
flow_2012.16,106.5,6.0,0
flow_0012.21,106.5,4.5,0
flow_10.17,110.5,4.0,0
flow_301.53,108.5,3.5,0
flow_1012.23,81.5,3.5,0
flow_30.20,109.0,6.0,0
flow_101.52,80.0,2.5,0
flow_301.54,105.5,3.0,0
flow_00.27,107.5,4.0,0
flow_201.39,121.0,4.0,0
flow_001.52,106.5,3.0,0
flow_201.40,114.0,3.5,0
flow_0012.22,104.0,4.0,0
flow_201.41,105.0,7.0,0
flow_3012.23,109.0,4.5,0
flow_1012.24,90.5,4.5,0
flow_1012.25,90.0,4.0,0
flow_101.53,79.5,3.0,0
flow_301.55,111.0,4.0,0
flow_2012.17,113.5,4.5,0
flow_001.53,112.5,7.5,0
flow_201.42,70.0,3.0,0
flow_201.43,67.5,3.0,0
flow_001.54,111.0,3.5,0
flow_301.56,125.5,3.5,0
flow_1012.26,88.5,6.5,0
flow_10.18,54.0,3.0,0
flow_1012.27,70.5,5.5,0
flow_301.57,120.5,5.0,0
flow_20.20,83.0,4.0,0
flow_001.55,125.0,3.5,0
flow_2012.18,84.0,3.5,0
flow_0012.23,113.0,4.0,0
flow_00.28,108.5,3.0,0
flow_201.44,83.5,3.5,0
flow_3012.24,132.0,4.5,0
flow_301.58,129.0,3.0,0
flow_101.54,68.5,7.5,0
flow_3012.25,115.5,4.0,0
flow_1012.28,56.0,4.5,0
flow_201.45,68.0,3.5,0
flow_001.56,125.5,3.5,0
flow_201.46,68.0,3.0,0
flow_001.57,113.5,3.5,0
flow_20.21,60.5,3.0,0
flow_001.58,112.0,4.0,0
flow_10.19,70.0,4.0,0
flow_301.59,130.5,3.5,0
flow_10.20,69.5,3.0,0
flow_301.60,129.0,3.0,0
flow_1012.29,71.5,4.5,0
flow_30.21,118.5,6.5,0
flow_0012.24,125.0,4.5,0
flow_00.29,110.5,3.0,0
flow_20.22,72.5,6.5,0
flow_00.30,108.5,3.0,0
flow_20.23,29.0,3.5,0
flow_30.0,22.5,2.0,0
flow_2012.0,38.0,4.5,0
flow_201.0,31.0,3.0,0
flow_001.0,31.0,7.0,0
flow_001.1,27.0,3.0,0
flow_101.0,36.0,3.5,0
flow_301.0,31.5,3.0,0
flow_30.1,29.0,3.0,0
flow_10.0,23.0,2.0,0
flow_301.1,31.5,3.5,0
flow_0012.0,41.5,4.5,0
flow_00.0,34.0,3.0,0
flow_201.1,48.5,7.0,0
flow_00.1,33.0,3.0,0
flow_20.0,45.0,3.5,0
flow_10.1,32.5,4.0,0
flow_301.2,47.5,3.5,0
flow_30.2,45.5,3.0,0
flow_101.1,26.0,2.0,0
flow_3012.0,45.5,3.5,0
flow_001.2,52.0,3.5,0
flow_201.2,57.0,3.5,0
flow_201.3,46.5,3.5,0
flow_001.3,33.5,3.5,0
flow_201.4,45.5,3.5,0
flow_001.4,31.5,3.5,0
flow_30.3,62.0,4.0,0
flow_10.2,33.0,4.0,0
flow_10.3,24.0,2.0,0
flow_301.3,63.0,3.0,0
flow_301.4,63.5,3.5,0
flow_2012.1,60.0,4.5,0
flow_00.2,26.0,3.0,0
flow_0012.1,45.5,4.5,0
flow_0012.2,25.0,3.0,0
flow_2012.2,61.5,6.0,0
flow_301.5,78.0,3.5,0
flow_3012.1,79.0,4.0,0
flow_3012.2,78.0,4.0,0
flow_201.5,78.0,4.0,0
flow_001.5,41.5,3.5,0
flow_201.6,65.5,3.0,0
flow_201.7,65.0,3.0,0
flow_301.6,94.0,3.5,0
flow_301.7,90.5,3.0,0
flow_301.8,89.5,3.0,0
flow_2012.3,59.0,4.5,0
flow_20.1,39.0,3.0,0
flow_201.8,34.5,2.5,0
flow_301.9,97.0,3.5,0
flow_1012.0,24.5,3.0,0
flow_3012.3,97.5,4.0,0
flow_3012.4,93.0,4.0,0
flow_0012.3,38.5,4.5,0
flow_00.3,20.5,2.0,0
flow_201.9,56.0,4.0,0
flow_2012.4,55.5,4.0,0
flow_3012.5,108.0,4.5,0
flow_10.4,46.5,6.5,0
flow_301.10,79.0,3.0,0
flow_101.2,36.5,3.5,0
flow_3012.6,70.5,4.0,0
flow_1012.1,35.5,3.5,0
flow_201.10,72.5,3.5,0
flow_001.6,42.0,3.5,0
flow_2012.5,72.5,4.0,0
flow_201.11,64.5,3.0,0
flow_301.11,77.5,3.5,0
flow_301.12,73.5,3.0,0
flow_301.13,72.5,3.0,0
flow_2012.6,82.0,4.5,0
flow_201.12,81.5,3.0,0
flow_001.7,47.5,7.5,0
flow_201.13,80.5,3.0,0
flow_3012.7,80.5,4.0,0
flow_30.4,78.5,3.0,0
flow_30.5,71.5,3.0,0
flow_2012.7,98.0,4.5,0
flow_201.14,97.0,3.0,0
flow_20.2,93.5,3.0,0
flow_001.8,48.0,7.5,0
flow_00.4,44.0,3.5,0
flow_30.6,76.0,4.0,0
flow_301.14,77.0,3.0,0
flow_301.15,76.0,3.0,0
flow_201.15,112.0,3.5,0
flow_0012.4,28.5,6.0,0
flow_2012.8,109.0,3.5,0
flow_201.16,104.5,3.0,0
flow_30.7,92.0,4.0,0
flow_101.3,42.0,3.5,0
flow_30.8,91.5,3.0,0
flow_3012.8,91.5,4.0,0
flow_2012.9,109.0,4.5,0
flow_001.9,43.0,7.0,0
flow_201.17,108.5,3.5,0
flow_201.18,105.0,3.5,0
flow_3012.9,108.0,4.5,0
flow_301.16,103.5,3.0,0
flow_101.4,44.5,7.0,0
flow_30.9,100.5,3.0,0
flow_101.5,43.5,3.5,0
flow_20.3,107.5,4.0,0
flow_001.10,39.0,3.5,0
flow_00.5,30.5,3.0,0
flow_201.19,107.5,3.0,0
flow_201.20,105.5,3.5,0
flow_30.10,107.5,4.0,0
flow_1012.2,29.0,7.0,0
flow_301.17,113.0,3.5,0
flow_201.21,109.0,3.5,0
flow_001.11,36.0,3.5,0
flow_2012.10,107.5,4.0,0
flow_20.4,102.5,3.0,0
flow_30.11,124.0,4.0,0
flow_101.6,26.0,3.0,0
flow_301.18,112.0,3.0,0
flow_301.19,111.0,3.5,0
flow_00.6,34.5,4.0,0
flow_201.22,109.0,3.5,0
flow_201.23,107.0,3.0,0
flow_001.12,37.0,3.5,0
flow_2012.11,104.5,4.0,0
flow_101.7,29.0,3.0,0
flow_3012.10,127.5,6.0,0
flow_101.8,31.5,3.5,0
flow_301.20,116.0,3.5,0
flow_301.21,112.5,3.5,0
flow_20.5,108.0,4.0,0
flow_00.7,36.0,4.0,0
flow_201.24,106.5,3.0,0
flow_201.25,104.5,3.0,0
flow_10.5,37.5,4.0,0
flow_301.22,124.5,3.5,0
flow_1012.3,35.5,3.5,0
flow_101.9,35.5,3.0,0
flow_301.23,116.5,6.5,0
flow_001.13,42.5,3.5,0
flow_201.26,109.0,3.5,0
flow_001.14,29.5,3.0,0
flow_201.27,107.5,3.0,0
flow_201.28,104.0,3.0,0
flow_10.6,25.5,3.0,0
flow_301.24,132.0,3.5,0
flow_3012.11,129.0,4.0,0
flow_3012.12,114.0,3.5,0
flow_20.6,107.5,4.0,0
flow_201.29,108.0,3.5,0
flow_20.7,102.5,3.0,0
flow_301.25,126.5,3.5,0
flow_30.12,111.0,3.0,0
flow_3012.13,110.5,4.0,0
flow_0012.5,42.0,4.0,0
flow_00.8,28.0,3.0,0
flow_201.30,112.0,7.0,0
flow_201.31,110.5,3.0,0
flow_1012.4,26.5,3.5,0
flow_30.13,126.5,6.0,0
flow_3012.14,112.0,4.0,0
flow_30.14,107.5,3.0,0
flow_20.8,123.5,4.0,0
flow_001.15,36.5,3.5,0
flow_201.32,112.0,3.0,0
flow_2012.12,109.5,3.5,0
flow_30.15,122.5,4.0,0
flow_10.7,32.0,4.0,0
flow_3012.15,113.5,4.0,0
flow_301.26,107.0,3.0,0
flow_101.10,28.0,3.0,0
flow_20.9,124.0,4.0,0
flow_001.16,26.0,3.0,0
flow_20.10,111.0,3.0,0
flow_00.9,22.5,2.0,0
flow_2012.13,111.0,4.5,0
flow_30.16,107.5,4.0,0
flow_30.17,105.5,3.0,0
flow_101.11,25.5,2.5,0
flow_30.18,102.0,3.0,0
flow_20.11,124.0,4.0,0
flow_20.12,111.0,3.0,0
flow_001.17,24.5,2.5,0
flow_201.33,109.0,2.5,0
flow_30.19,107.5,4.0,0
flow_10.8,30.5,3.5,0
flow_301.27,106.5,3.0,0
flow_101.12,26.5,2.5,0
flow_301.28,103.5,3.0,0
flow_201.34,124.5,3.5,0
flow_0012.6,43.5,6.0,0
flow_201.35,111.5,3.5,0
flow_0012.7,26.5,4.0,0
flow_301.29,108.0,3.5,0
flow_301.30,106.5,3.0,0
flow_30.20,102.0,3.0,0
flow_20.13,125.0,4.0,0
flow_00.10,20.5,1.5,0
flow_201.36,112.0,3.0,0
flow_2012.14,110.5,4.0,0
flow_1012.5,37.5,4.0,0
flow_30.21,110.5,6.5,0
flow_30.22,107.5,4.0,0
flow_101.13,26.0,3.0,0
flow_301.31,104.0,3.0,0
flow_201.37,125.0,3.5,0
flow_001.18,39.5,3.5,0
flow_201.38,112.5,3.0,0
flow_201.39,110.0,3.0,0
flow_30.23,107.0,4.0,0
flow_101.14,43.0,3.5,0
flow_30.24,105.5,3.0,0
flow_1012.6,45.5,5.5,0
flow_3012.16,104.5,4.0,0
flow_00.11,26.0,3.0,0
flow_20.14,124.0,4.0,0
flow_201.40,112.5,3.0,0
flow_2012.15,110.0,3.5,0
flow_101.15,46.5,3.5,0
flow_301.32,109.5,3.5,0
flow_301.33,107.0,3.0,0
flow_101.16,34.5,3.0,0
flow_301.34,104.0,3.0,0
flow_101.17,34.0,3.0,0
flow_2012.16,125.0,4.0,0
flow_201.41,111.5,3.0,0
flow_20.15,105.0,3.0,0
flow_001.19,26.0,3.0,0
flow_10.9,48.5,4.0,0
flow_3012.17,112.5,7.5,0
flow_10.10,51.5,4.0,0
flow_301.35,109.0,3.5,0
flow_201.42,109.0,3.5,0
flow_2012.17,106.0,3.5,0
flow_201.43,103.0,2.5,0
flow_3012.18,125.5,4.5,0
flow_301.36,112.0,3.0,0
flow_101.18,44.0,7.5,0
flow_3012.19,110.0,4.0,0
flow_101.19,34.0,7.0,0
flow_2012.18,109.5,4.5,0
flow_001.20,27.5,3.5,0
flow_2012.19,110.0,6.5,0
flow_20.16,105.0,3.0,0
flow_30.25,123.5,4.0,0
flow_101.20,43.5,3.5,0
flow_301.37,112.0,3.0,0
flow_1012.7,42.0,4.5,0
flow_00.12,32.0,4.0,0
flow_201.44,109.5,3.5,0
flow_201.45,107.0,3.0,0
flow_2012.20,104.0,4.0,0
flow_301.38,132.0,3.5,0
flow_10.11,44.0,4.0,0
flow_101.21,42.0,2.5,0
flow_30.26,113.0,3.0,0
flow_301.39,130.0,3.5,0
flow_10.12,40.0,3.0,0
flow_0012.8,43.5,4.5,0
flow_001.21,41.5,3.0,0
flow_201.46,114.0,7.5,0
flow_20.17,109.5,3.5,0
flow_10.13,58.0,4.0,0
flow_301.40,131.0,3.5,0
flow_10.14,44.0,3.0,0
flow_3012.20,132.5,6.0,0
flow_00.13,22.5,2.0,0
flow_201.47,125.5,3.5,0
flow_201.48,112.5,3.0,0
flow_20.18,109.5,3.0,0
flow_3012.21,137.5,4.5,0
flow_101.22,64.5,8.0,0
flow_1012.8,60.0,4.0,0
flow_3012.22,136.0,6.0,0
flow_201.49,125.0,3.5,0
flow_201.50,112.0,3.0,0
flow_201.51,110.0,3.5,0
flow_301.41,136.0,3.5,0
flow_10.15,73.0,4.0,0
flow_30.27,133.5,3.0,0
flow_101.23,59.0,3.0,0
flow_3012.23,132.5,4.0,0
flow_101.24,44.0,7.0,0
flow_201.52,125.0,3.5,0
flow_201.53,113.5,3.5,0
flow_201.54,111.0,3.0,0
flow_301.42,136.5,3.5,0
flow_10.16,55.5,3.5,0
flow_1012.9,60.0,6.5,0
flow_301.43,136.0,3.5,0
flow_101.25,45.5,3.0,0
flow_00.14,25.0,2.5,0
flow_201.55,125.5,3.5,0
flow_20.19,108.5,3.0,0
flow_201.56,104.5,3.0,0
flow_3012.24,139.0,4.5,0
flow_301.44,134.5,3.0,0
flow_30.28,130.0,3.0,0
flow_101.26,55.0,7.5,0
flow_20.20,107.0,4.0,0
flow_001.22,26.5,3.0,0
flow_20.21,105.5,3.0,0
flow_201.57,105.5,3.5,0
flow_1012.10,29.0,4.0,0
flow_30.29,138.5,6.5,0
flow_301.45,135.0,3.5,0
flow_3012.25,117.0,4.0,0
flow_201.58,109.0,3.5,0
flow_201.59,107.0,3.0,0
flow_201.60,104.0,3.0,0
flow_101.27,39.5,3.5,0
flow_301.46,130.0,3.5,0
flow_30.30,110.5,3.0,0
flow_101.28,27.0,2.5,0
flow_30.31,108.5,3.0,0
flow_20.22,107.5,4.0,0
flow_001.23,32.5,3.5,0
flow_001.24,28.5,3.0,0
flow_20.23,106.5,3.5,0
flow_20.24,103.0,3.0,0
flow_30.32,125.0,4.0,0
flow_101.29,42.0,3.5,0
flow_301.47,112.0,3.0,0
flow_3012.26,107.5,3.5,0
flow_201.61,110.5,4.0,0
flow_201.62,108.0,3.5,0
flow_001.25,25.5,2.5,0
flow_201.63,105.0,3.5,0
flow_30.33,107.5,4.0,0
flow_10.17,31.0,3.5,0
flow_301.48,106.5,3.0,0
flow_301.49,104.0,3.0,0
flow_00.15,29.0,3.5,0
flow_201.64,109.0,3.5,0
flow_20.25,105.5,3.0,0
flow_20.26,103.0,3.0,0
flow_1012.11,27.0,3.5,0
flow_30.34,109.5,6.0,0
flow_30.35,107.0,4.0,0
flow_3012.27,103.0,3.5,0
flow_201.65,108.5,3.5,0
flow_20.27,105.5,3.0,0
flow_201.66,103.5,3.0,0
flow_3012.28,109.0,4.5,0
flow_3012.29,106.5,3.5,0
flow_30.36,103.5,3.0,0
flow_00.16,40.5,4.0,0
flow_201.67,108.5,3.5,0
flow_201.68,107.0,3.0,0
flow_201.69,104.0,3.0,0
flow_10.0,22.0,2.0,0
flow_30.0,22.0,2.0,0
flow_10.1,21.5,2.0,0
flow_30.1,22.5,2.0,0
flow_001.0,36.5,3.5,0
flow_3012.0,44.5,4.5,0
flow_101.0,48.0,7.0,0
flow_3012.1,47.5,5.0,0
flow_1012.0,48.0,4.0,0
flow_3012.2,46.0,4.5,0
flow_20.0,35.5,4.0,0
flow_101.1,64.0,3.5,0
flow_301.0,60.0,3.5,0
flow_30.2,55.0,3.0,0
flow_101.2,63.5,3.0,0
flow_30.3,43.5,3.0,0
flow_101.3,62.5,3.5,0
flow_20.1,35.5,4.0,0
flow_001.1,25.0,2.5,0
flow_20.2,21.5,2.0,0
flow_3012.3,61.5,4.5,0
flow_30.4,60.0,3.0,0
flow_101.4,83.0,7.5,0
flow_3012.4,60.5,4.0,0
flow_10.2,83.0,5.5,0
flow_20.3,39.0,4.0,0
flow_001.2,27.5,3.0,0
flow_30.5,75.0,4.0,0
flow_1012.1,101.5,7.5,0
flow_1012.2,101.0,4.0,0
flow_201.0,27.0,3.0,0
flow_001.3,26.0,2.5,0
flow_20.4,20.5,2.0,0
flow_1012.3,118.0,4.5,0
flow_301.1,104.5,4.0,0
flow_1012.4,120.5,5.5,0
flow_101.5,107.5,3.0,0
flow_00.0,40.0,4.0,0
flow_001.4,39.5,3.0,0
flow_101.6,123.0,3.5,0
flow_301.2,125.5,3.5,0
flow_10.3,121.5,3.0,0
flow_301.3,122.0,3.0,0
flow_30.6,113.0,3.0,0
flow_10.4,114.0,3.0,0
flow_201.1,25.0,2.5,0
flow_301.4,122.0,3.5,0
flow_1012.5,134.5,6.5,0
flow_101.7,130.0,3.0,0
flow_301.5,119.5,3.5,0
flow_101.8,115.0,3.5,0
flow_201.2,41.5,3.5,0
flow_001.5,29.5,3.5,0
flow_001.6,29.5,3.5,0
flow_301.6,132.5,3.5,0
flow_10.5,111.5,3.5,0
flow_1012.6,130.0,6.5,0
flow_301.7,131.5,3.5,0
flow_1012.7,110.0,4.5,0
flow_201.3,37.5,3.5,0
flow_201.4,36.5,3.0,0
flow_2012.0,36.5,4.0,0
flow_3012.5,149.5,4.5,0
flow_1012.8,110.0,4.5,0
flow_3012.6,143.0,4.0,0
flow_30.7,139.5,3.0,0
flow_101.9,111.5,4.5,0
flow_001.7,40.5,3.5,0
flow_001.8,40.0,3.0,0
flow_001.9,32.5,3.0,0
flow_101.10,125.0,3.5,0
flow_301.8,156.5,3.5,0
flow_3012.7,137.5,4.0,0
flow_301.9,116.0,3.0,0
flow_101.11,117.0,7.0,0
flow_201.5,36.5,3.5,0
flow_001.10,48.5,4.0,0
flow_3012.8,132.0,4.5,0
flow_101.12,135.5,7.5,0
flow_301.10,129.5,3.0,0
flow_101.13,132.5,3.0,0
flow_301.11,116.0,3.5,0
flow_20.5,23.0,2.5,0
flow_301.12,128.5,3.5,0
flow_101.14,136.5,3.5,0
flow_101.15,135.0,3.0,0
flow_301.13,112.5,3.0,0
flow_3012.9,108.0,4.0,0
flow_101.16,135.0,7.0,0
flow_0012.0,42.0,4.5,0
flow_00.1,35.5,3.0,0
flow_2012.1,26.0,3.5,0
flow_10.6,134.5,4.0,0
flow_301.14,109.5,3.5,0
flow_10.7,133.0,3.0,0
flow_3012.10,110.5,6.0,0
flow_1012.9,131.5,4.0,0
flow_2012.2,45.0,4.5,0
flow_201.6,26.0,3.0,0
flow_301.15,125.0,3.5,0
flow_101.17,136.5,3.5,0
flow_3012.11,112.5,4.0,0
flow_1012.10,131.5,4.0,0
flow_10.8,114.0,3.0,0
flow_301.16,111.5,3.5,0
flow_20.6,41.5,4.0,0
flow_001.11,37.0,3.5,0
flow_201.7,41.5,3.0,0
flow_30.8,123.5,4.0,0
flow_101.18,130.0,4.0,0
flow_30.9,111.0,3.0,0
flow_101.19,110.0,3.0,0
flow_10.9,103.0,3.0,0
flow_30.10,109.0,3.0,0
flow_001.12,36.0,3.5,0
flow_301.17,125.0,3.5,0
flow_101.20,109.0,3.5,0
flow_1012.11,107.5,4.0,0
flow_10.10,101.0,3.0,0
flow_301.18,116.5,7.0,0
flow_2012.3,29.0,4.5,0
flow_201.8,27.0,3.0,0
flow_001.13,25.0,2.5,0
flow_301.19,131.5,3.5,0
flow_1012.12,111.5,6.5,0
flow_30.11,130.0,3.5,0
flow_101.21,109.0,3.5,0
flow_1012.13,105.5,4.0,0
flow_201.9,32.5,3.0,0
flow_2012.4,32.5,3.5,0
flow_10.11,108.0,4.0,0
flow_301.20,136.5,3.5,0
flow_1012.14,107.5,4.0,0
flow_301.21,136.5,7.0,0
flow_1012.15,107.5,5.0,0
flow_20.7,28.5,3.0,0
flow_00.2,21.5,2.0,0
flow_30.12,136.0,4.0,0
flow_1012.16,112.5,7.5,0
flow_30.13,136.0,5.0,0
flow_1012.17,112.0,7.0,0
flow_30.14,136.5,7.0,0
flow_201.10,38.5,3.5,0
flow_201.11,40.0,3.5,0
flow_201.12,29.0,3.5,0
flow_10.12,124.0,4.0,0
flow_301.22,137.0,3.5,0
flow_101.22,112.0,3.0,0
flow_30.15,135.0,3.5,0
flow_301.23,131.5,3.0,0
flow_1012.18,112.5,5.0,0
flow_2012.5,28.5,4.0,0
flow_001.14,39.0,7.0,0
flow_001.15,32.5,3.0,0
flow_301.24,136.5,3.5,0
flow_101.23,127.0,4.0,0
flow_101.24,113.0,3.5,0
flow_301.25,135.5,4.0,0
flow_101.25,110.0,3.5,0
flow_301.26,117.0,3.5,0
flow_2012.6,24.5,3.0,0
flow_3012.12,129.0,4.5,0
flow_101.26,128.5,7.5,0
flow_3012.13,116.0,5.5,0
flow_3012.14,109.0,4.5,0
flow_001.16,38.0,3.5,0
flow_201.13,42.5,3.5,0
flow_201.14,41.0,3.5,0
flow_0012.1,28.0,4.0,0
flow_10.13,135.0,4.0,0
flow_301.27,109.5,3.5,0
flow_30.16,104.5,3.0,0
flow_101.27,134.0,3.0,0
flow_301.28,103.0,3.0,0
flow_101.28,131.5,3.0,0
flow_201.15,58.0,4.0,0
flow_2012.7,43.5,3.5,0
flow_20.8,34.5,3.0,0
flow_1012.19,137.0,4.5,0
flow_3012.15,110.0,4.5,0
flow_3012.16,107.0,4.0,0
flow_3012.17,104.0,4.0,0
flow_101.29,138.5,7.0,0
flow_00.3,23.0,2.0,0
flow_2012.8,25.5,3.5,0
flow_3012.18,109.5,4.5,0
flow_30.17,105.5,3.0,0
flow_101.30,140.5,7.5,0
flow_301.29,104.0,3.0,0
flow_101.31,139.5,3.5,0
flow_20.9,28.0,3.5,0
flow_001.17,24.5,2.5,0
flow_3012.19,109.5,4.5,0
flow_10.14,155.5,6.5,0
flow_3012.20,109.0,5.5,0
flow_10.15,145.5,7.5,0
flow_00.4,34.5,3.5,0
flow_20.10,25.5,3.0,0
flow_201.16,46.0,4.0,0
flow_301.30,124.5,3.5,0
flow_101.32,159.5,3.5,0
flow_101.33,157.0,3.0,0
flow_301.31,113.0,3.0,0
flow_3012.21,109.5,3.5,0
flow_10.16,142.5,6.0,0
flow_2012.9,30.5,4.5,0
flow_20.11,26.5,3.0,0
flow_001.18,25.0,2.5,0
flow_2012.10,25.5,3.5,0
flow_3012.22,126.5,4.5,0
flow_101.34,141.0,7.5,0
flow_1012.20,137.5,3.5,0
flow_3012.23,116.0,5.5,0
flow_201.17,41.5,3.5,0
flow_20.12,39.0,3.0,0
flow_2012.11,39.5,3.5,0
flow_30.18,130.0,4.0,0
flow_101.35,153.0,3.5,0
flow_10.17,138.5,3.0,0
flow_301.32,128.5,3.0,0
flow_101.36,132.0,3.0,0
flow_301.33,115.5,3.0,0
flow_201.18,51.5,3.5,0
flow_0012.2,41.0,6.5,0
flow_2012.12,43.5,4.0,0
flow_20.13,31.0,3.0,0
flow_3012.24,131.5,4.5,0
flow_1012.21,134.5,4.5,0
flow_101.37,131.0,3.0,0
flow_301.34,130.5,3.5,0
flow_1012.22,116.0,4.0,0
flow_30.19,118.0,6.0,0
flow_00.5,21.0,2.0,0
flow_2012.13,25.5,3.5,0
flow_00.6,23.5,2.5,0
flow_3012.25,130.0,4.5,0
flow_30.20,112.5,3.0,0
flow_101.38,133.0,7.5,0
flow_10.18,114.0,3.5,0
flow_301.35,111.0,3.0,0
flow_20.14,20.5,1.5,0
flow_301.36,125.0,3.5,0
flow_101.39,131.5,3.5,0
flow_101.40,128.5,3.0,0
flow_301.37,113.0,3.0,0
flow_101.41,112.5,3.0,0
flow_301.38,108.0,3.0,0
flow_20.15,22.5,2.0,0
flow_101.42,126.5,3.5,0
flow_301.39,110.0,4.0,0
flow_30.21,105.0,3.0,0
flow_101.43,112.0,3.0,0
flow_301.40,104.0,3.0,0
flow_101.44,110.0,3.0,0
flow_201.19,41.0,3.5,0
flow_001.19,25.5,2.5,0
flow_201.20,33.0,3.5,0
flow_301.41,109.5,3.5,0
flow_1012.23,129.0,6.5,0
flow_1012.24,116.5,5.0,0
flow_101.45,111.0,2.5,0
flow_301.42,113.0,4.5,0
flow_201.21,37.0,3.5,0
flow_201.22,30.0,3.0,0
flow_201.23,27.5,3.0,0
flow_301.43,125.5,3.5,0
flow_1012.25,128.5,6.5,0
flow_30.22,113.0,3.5,0
flow_101.46,110.5,3.0,0
flow_101.47,106.0,3.0,0
flow_201.24,43.5,3.5,0
flow_001.20,33.5,3.5,0
flow_101.48,108.5,3.5,0
flow_301.44,131.5,3.5,0
flow_1012.26,107.0,4.0,0
flow_10.19,102.0,3.0,0
flow_301.45,133.0,7.0,0
flow_20.16,31.0,3.5,0
flow_201.25,27.5,2.5,0
flow_3012.26,137.0,4.5,0
flow_301.46,135.0,3.0,0
flow_101.49,112.5,7.0,0
flow_101.50,110.5,3.0,0
flow_301.47,133.0,3.5,0
flow_201.26,24.5,2.5,0
flow_30.23,135.5,4.0,0
flow_101.51,125.5,3.5,0
flow_30.24,134.0,3.0,0
flow_101.52,112.0,3.0,0
flow_301.48,131.0,2.5,0
flow_1012.27,113.5,5.5,0
flow_0012.3,27.0,4.0,0
flow_30.25,135.0,4.0,0
flow_10.20,123.0,4.0,0
flow_101.53,111.5,3.0,0
flow_3012.27,132.5,5.0,0
flow_3012.28,116.5,4.0,0
flow_001.21,39.5,3.5,0
flow_3012.29,128.0,4.0,0
flow_301.49,112.0,3.0,0
flow_101.54,134.5,7.0,0
flow_30.26,104.5,3.0,0
flow_101.55,132.5,3.5,0
flow_0012.4,24.5,3.0,0
flow_301.50,110.0,3.5,0
flow_3012.30,106.5,3.5,0
flow_1012.28,140.0,6.5,0
flow_30.27,101.5,3.0,0
flow_10.21,136.0,4.0,0
flow_3012.0,24.5,3.0,0
flow_301.0,25.5,2.5,0
flow_201.0,31.5,3.0,0
flow_0012.0,25.5,3.5,0
flow_001.0,24.5,2.0,0
flow_3012.1,40.0,4.0,0
flow_301.1,40.0,3.0,0
flow_301.2,40.0,3.0,0
flow_20.0,40.0,4.0,0
flow_00.0,36.0,4.0,0
flow_0012.1,28.5,3.5,0
flow_2012.0,43.0,4.0,0
flow_2012.1,44.0,5.0,0
flow_1012.0,41.0,4.5,0
flow_30.0,58.5,6.5,0
flow_101.0,27.5,3.0,0
flow_3012.2,60.5,6.0,0
flow_2012.2,58.0,4.5,0
flow_20.1,54.0,3.0,0
flow_201.1,45.0,3.0,0
flow_0012.2,29.5,5.5,0
flow_3012.3,76.0,4.5,0
flow_10.0,29.5,4.5,0
flow_3012.4,77.5,5.0,0
flow_301.3,76.5,3.0,0
flow_2012.3,52.0,4.5,0
flow_201.2,43.0,3.0,0
flow_2012.4,41.0,4.0,0
flow_3012.5,92.5,4.5,0
flow_301.4,91.0,3.0,0
flow_101.1,55.0,7.0,0
flow_30.1,89.5,3.0,0
flow_1012.1,53.5,6.0,0
flow_201.3,57.0,3.5,0
flow_001.1,40.0,3.5,0
flow_2012.5,54.0,4.0,0
flow_10.1,23.0,2.0,0
flow_301.5,108.0,3.5,0
flow_30.2,105.5,3.0,0
flow_301.6,105.5,3.0,0
flow_1012.2,26.5,4.0,0
flow_2012.6,34.0,4.0,0
flow_201.4,27.5,2.5,0
flow_201.5,27.0,3.0,0
flow_3012.6,123.5,4.5,0
flow_301.7,112.0,3.0,0
flow_101.2,25.5,2.5,0
flow_301.8,107.0,3.5,0
flow_201.6,35.0,3.5,0
flow_201.7,29.5,3.0,0
flow_20.2,21.5,2.0,0
flow_3012.7,108.5,4.0,0
flow_10.2,26.5,5.0,0
flow_301.9,106.0,3.0,0
flow_30.3,101.5,3.0,0
flow_201.8,41.0,3.5,0
flow_2012.7,40.5,3.5,0
flow_2012.8,40.5,4.0,0
flow_30.4,108.0,4.0,0
flow_101.3,42.5,3.5,0
flow_301.10,106.0,3.0,0
flow_101.4,24.5,2.0,0
flow_3012.8,105.0,5.0,0
flow_201.9,57.5,3.5,0
flow_201.10,57.0,3.5,0
flow_201.11,56.0,3.5,0
flow_30.5,108.0,4.0,0
flow_101.5,44.0,3.5,0
flow_30.6,105.5,3.0,0
flow_301.11,104.0,3.0,0
flow_001.2,36.5,3.5,0
flow_201.12,73.5,3.5,0
flow_0012.3,34.5,3.5,0
flow_20.3,74.5,6.0,0
flow_001.3,25.5,2.5,0
flow_201.13,72.5,3.0,0
flow_301.12,110.5,4.0,0
flow_1012.3,48.0,7.0,0
flow_30.7,108.5,3.5,0
flow_101.6,35.0,3.5,0
flow_2012.9,88.0,4.0,0
flow_001.4,47.5,7.0,0
flow_0012.4,29.5,3.5,0
flow_2012.10,85.0,5.5,0
flow_301.13,125.0,3.5,0
flow_101.7,31.5,3.5,0
flow_10.3,26.5,3.0,0
flow_301.14,113.5,3.5,0
flow_101.8,27.5,3.0,0
flow_3012.9,113.0,6.0,0
flow_20.4,100.0,4.0,0
flow_2012.11,100.5,4.0,0
flow_201.14,99.5,3.0,0
flow_001.5,31.0,4.0,0
flow_30.8,124.0,4.0,0
flow_10.4,37.5,4.0,0
flow_101.9,29.0,2.5,0
flow_3012.10,114.5,4.5,0
flow_301.15,110.5,2.5,0
flow_001.6,44.5,3.5,0
flow_201.15,116.5,3.5,0
flow_001.7,44.5,3.0,0
flow_201.16,113.0,3.0,0
flow_00.1,23.0,2.0,0
flow_201.17,111.0,3.5,0
flow_101.10,29.0,3.0,0
flow_301.16,126.0,3.5,0
flow_301.17,112.5,3.0,0
flow_30.9,107.5,3.0,0
flow_20.5,123.5,4.0,0
flow_001.8,30.0,3.5,0
flow_2012.12,114.5,4.5,0
flow_201.18,110.0,3.0,0
flow_1012.4,45.5,4.5,0
flow_30.10,127.0,6.5,0
flow_101.11,44.0,3.0,0
flow_3012.11,114.0,5.0,0
flow_30.11,107.5,3.0,0
flow_201.19,125.5,3.5,0
flow_001.9,25.5,2.5,0
flow_201.20,112.5,3.0,0
flow_2012.13,107.5,3.5,0
flow_0012.5,26.5,4.0,0
flow_10.5,31.5,3.5,0
flow_301.18,109.0,3.5,0
flow_30.12,105.5,3.0,0
flow_301.19,102.5,2.5,0
flow_001.10,28.0,3.0,0
flow_2012.14,113.0,6.5,0
flow_201.21,107.5,3.0,0
flow_201.22,105.0,3.0,0
flow_10.6,26.5,3.5,0
flow_3012.12,111.0,7.0,0
flow_30.13,108.0,3.5,0
flow_3012.13,105.5,3.5,0
flow_20.6,107.5,4.0,0
flow_00.2,42.0,4.0,0
flow_00.3,37.0,3.0,0
flow_201.23,107.0,3.0,0
flow_201.24,104.5,3.5,0
flow_30.14,107.0,4.0,0
flow_101.12,31.5,3.0,0
flow_30.15,105.5,3.0,0
flow_101.13,28.0,3.0,0
flow_101.14,27.5,3.0,0
flow_3012.14,106.5,5.0,0
flow_2012.15,108.5,4.0,0
flow_201.25,106.5,3.0,0
flow_001.11,30.5,4.0,0
flow_201.26,104.0,3.0,0
flow_0012.6,29.5,5.5,0
flow_3012.15,109.0,4.5,0
flow_1012.5,46.0,4.5,0
flow_30.16,106.0,3.5,0
flow_101.15,44.5,3.0,0
flow_3012.16,103.5,4.0,0
flow_2012.16,109.0,4.5,0
flow_001.12,48.0,7.5,0
flow_2012.17,110.5,5.5,0
flow_2012.18,107.5,4.5,0
flow_30.17,107.5,4.0,0
flow_101.16,65.0,4.0,0
flow_10.7,62.0,3.0,0
flow_301.20,106.5,3.0,0
flow_101.17,61.5,2.5,0
flow_30.18,103.0,3.0,0
flow_201.27,108.5,3.5,0
flow_001.13,27.0,3.0,0
flow_20.7,105.0,3.0,0
flow_201.28,103.0,3.0,0
flow_10.8,75.5,4.0,0
flow_301.21,108.5,3.5,0
flow_10.9,57.0,3.0,0
flow_301.22,106.0,3.0,0
flow_3012.17,102.0,3.5,0
flow_1012.6,58.0,4.0,0
flow_001.14,32.5,3.5,0
flow_20.8,108.0,4.0,0
flow_00.4,31.0,3.0,0
flow_20.9,106.0,3.0,0
flow_001.15,30.5,2.5,0
flow_2012.19,105.0,4.0,0
flow_3012.18,108.5,4.5,0
flow_10.10,38.0,6.5,0
flow_3012.19,109.0,5.5,0
flow_10.11,32.5,7.5,0
flow_001.16,42.0,3.0,0
flow_20.10,108.5,4.0,0
flow_00.5,35.0,3.0,0
flow_2012.20,110.5,7.0,0
flow_3012.20,125.0,4.0,0
flow_301.23,112.0,3.0,0
flow_101.18,52.0,7.5,0
flow_3012.21,110.5,4.0,0
flow_2012.21,126.0,4.5,0
flow_201.29,112.0,3.0,0
flow_001.17,46.0,4.5,0
flow_201.30,109.5,3.0,0
flow_001.18,31.0,3.5,0
flow_30.19,124.0,4.0,0
flow_101.19,70.0,3.5,0
flow_301.24,112.0,3.0,0
flow_101.20,71.5,3.5,0
flow_1012.7,70.0,3.5,0
flow_301.25,114.5,6.5,0
flow_201.31,124.0,3.5,0
flow_2012.22,111.5,3.5,0
flow_0012.7,49.0,6.5,0
flow_00.6,46.0,4.0,0
flow_201.32,109.0,3.0,0
flow_1012.8,87.0,4.0,0
flow_10.12,52.5,3.0,0
flow_301.26,128.5,7.0,0
flow_10.13,46.5,3.0,0
flow_30.20,115.5,3.5,0
flow_201.33,125.0,3.5,0
flow_001.19,64.5,3.5,0
flow_001.20,44.5,3.0,0
flow_2012.23,115.5,6.0,0
flow_201.34,112.0,3.0,0
flow_301.27,131.0,3.5,0
flow_1012.9,68.5,6.5,0
flow_101.21,40.5,3.0,0
flow_30.21,130.0,3.5,0
flow_2012.24,126.0,4.5,0
flow_20.11,111.0,3.0,0
flow_001.21,69.0,7.5,0
flow_201.35,107.5,2.5,0
flow_001.22,68.5,3.5,0
flow_30.22,135.5,4.0,0
flow_10.14,28.5,3.5,0
flow_3012.22,134.0,4.0,0
flow_30.23,114.5,3.0,0
flow_101.22,28.5,4.0,0
flow_20.12,109.5,4.0,0
flow_001.23,56.5,3.5,0
flow_201.36,107.5,3.0,0
flow_001.24,26.0,2.5,0
flow_20.13,102.5,3.0,0
flow_30.24,129.5,4.0,0
flow_101.23,45.0,3.5,0
flow_3012.23,129.5,4.0,0
flow_101.24,41.5,7.0,0
flow_3012.24,119.5,5.5,0
flow_2012.25,109.0,4.5,0
flow_20.14,106.5,3.0,0
flow_201.37,104.0,3.0,0
flow_301.28,130.0,3.5,0
flow_1012.10,49.0,6.0,0
flow_30.25,129.5,3.5,0
flow_20.15,107.5,4.0,0
flow_201.38,107.0,3.0,0
flow_201.39,103.0,3.0,0
flow_101.25,44.0,3.5,0
flow_301.29,134.0,3.5,0
flow_1012.11,44.0,3.5,0
flow_301.30,133.5,6.5,0
flow_201.40,108.5,3.5,0
flow_001.25,42.5,3.5,0
flow_2012.26,107.0,4.0,0
flow_2012.27,105.0,4.0,0
flow_3012.25,136.5,4.5,0
flow_10.15,33.5,5.5,0
flow_3012.26,135.0,5.5,0
flow_301.31,116.5,2.5,0
flow_001.26,32.0,3.0,0
flow_201.41,109.0,3.5,0
flow_201.42,107.0,3.0,0
flow_001.27,32.0,3.0,0
flow_20.16,103.0,3.0,0
flow_101.26,32.0,3.5,0
flow_301.32,131.5,3.5,0
flow_101.27,31.0,3.0,0
flow_3012.27,130.0,5.0,0
flow_301.33,115.5,3.0,0
flow_101.28,33.5,3.5,0
flow_001.28,28.0,3.0,0
flow_2012.28,111.0,6.0,0
flow_00.7,27.5,3.0,0
flow_20.17,107.0,3.0,0
flow_2012.29,105.5,3.5,0
flow_001.29,31.0,6.0,0
flow_301.34,131.0,3.5,0
flow_101.29,35.5,3.5,0
flow_301.35,130.0,3.5,0
flow_3012.28,113.5,3.5,0
flow_201.43,109.0,3.5,0
flow_001.30,45.0,4.0,0
flow_201.44,107.0,3.0,0
flow_001.31,36.0,3.5,0
flow_2012.30,104.5,4.0,0
flow_3012.29,129.5,4.5,0
flow_301.36,112.0,3.0,0
flow_101.30,40.0,7.5,0
flow_30.26,105.0,3.0,0
flow_10.16,34.0,3.5,0
flow_00.8,41.0,4.0,0
flow_201.45,109.0,3.5,0
flow_00.9,41.0,3.0,0
flow_201.46,107.0,3.0,0
flow_0012.8,37.0,4.0,0
flow_2012.31,104.5,3.5,0
flow_1012.12,31.5,4.0,0
flow_3012.30,108.5,4.0,0
flow_10.17,24.0,2.5,0
flow_30.27,105.0,3.0,0
flow_30.28,101.5,3.0,0
flow_20.18,107.0,4.0,0
flow_00.10,49.0,4.0,0
flow_20.19,106.0,3.0,0
flow_2012.32,103.5,3.5,0
flow_0012.9,53.0,6.0,0
flow_30.29,107.0,4.0,0
flow_301.37,106.5,3.0,0
flow_301.38,104.0,3.0,0
flow_00.11,21.0,2.0,0
flow_20.20,108.0,4.0,0
flow_20.21,105.0,3.0,0
flow_201.47,103.5,3.0,0
flow_301.39,109.0,3.5,0
flow_101.31,41.5,3.5,0
flow_101.32,30.0,3.0,0
flow_301.40,108.5,3.5,0
flow_301.41,105.5,3.0,0
flow_2012.33,111.0,5.0,0
flow_201.48,106.5,3.0,0
flow_201.49,104.0,3.0,0
flow_30.30,107.5,4.0,0
flow_101.33,36.0,3.5,0
flow_301.42,106.5,3.0,0
flow_30.31,101.5,3.0,0
flow_2012.34,108.5,4.0,0
flow_20.22,106.5,3.0,0
flow_001.32,36.5,4.0,0
flow_00.12,28.5,3.0,0
flow_201.50,103.0,2.5,0
flow_10.18,31.5,4.0,0
flow_301.43,109.0,3.5,0
flow_1012.13,26.0,3.0,0
flow_3012.31,107.0,4.0,0
flow_301.44,104.0,2.5,0
flow_20.23,107.5,4.0,0
flow_001.33,33.5,3.5,0
flow_2012.35,109.0,4.5,0
flow_201.51,105.5,3.5,0
flow_301.45,108.5,3.5,0
flow_101.34,36.5,3.5,0
flow_101.35,30.5,3.0,0
flow_301.46,107.5,3.0,0
flow_1012.14,30.5,4.0,0
flow_30.32,105.0,5.0,0
flow_00.13,24.0,2.5,0
flow_201.52,109.0,3.5,0
flow_201.53,107.0,3.0,0
flow_001.34,26.0,2.5,0
flow_2012.36,104.0,4.0,0
flow_10.19,46.0,4.0,0
flow_301.47,109.5,3.5,0
flow_1012.15,44.0,4.0,0
flow_3012.32,108.5,4.0,0
flow_3012.33,105.0,4.0,0
flow_20.24,109.5,4.0,0
flow_20.25,106.5,3.5,0
flow_20.26,103.5,3.0,0
flow_301.48,109.0,3.5,0
flow_101.36,59.5,3.5,0
flow_301.49,106.5,3.0,0
flow_101.37,58.5,3.0,0
flow_10.20,56.0,3.0,0
flow_301.50,104.5,3.0,0
flow_001.35,32.0,3.5,0
flow_0012.10,31.0,3.5,0
flow_2012.37,112.0,5.5,0
flow_20.27,107.0,3.5,0
flow_2012.38,107.0,4.0,0
flow_201.0,36.5,3.5,0
flow_001.0,40.0,3.5,0
flow_2012.0,30.5,4.0,0
flow_00.0,41.0,5.5,0
flow_201.1,28.0,3.0,0
flow_00.1,39.5,4.0,0
flow_201.2,27.0,3.0,0
flow_301.0,36.5,3.5,0
flow_30.0,30.0,3.0,0
flow_001.1,55.0,3.5,0
flow_201.3,35.5,3.5,0
flow_20.0,34.0,3.0,0
flow_001.2,56.5,3.5,0
flow_2012.1,35.5,4.0,0
flow_001.3,57.5,7.0,0
flow_3012.0,30.0,4.0,0
flow_00.2,70.5,4.0,0
flow_201.4,51.5,3.5,0
flow_001.4,71.0,3.0,0
flow_201.5,42.5,3.5,0
flow_0012.0,70.5,4.0,0
flow_201.6,40.5,7.0,0
flow_101.0,45.0,3.5,0
flow_3012.1,34.0,5.5,0
flow_3012.2,27.0,4.0,0
flow_101.1,39.0,4.5,0
flow_201.7,53.5,3.5,0
flow_001.5,87.0,3.5,0
flow_00.3,86.0,3.0,0
flow_201.8,54.5,3.5,0
flow_001.6,85.0,3.0,0
flow_201.9,53.0,3.5,0
flow_3012.3,43.5,4.5,0
flow_3012.4,34.5,4.5,0
flow_20.1,67.0,4.0,0
flow_00.4,101.0,4.0,0
flow_001.7,101.5,3.0,0
flow_201.10,67.5,3.0,0
flow_00.5,95.5,3.0,0
flow_201.11,67.0,3.0,0
flow_30.1,41.0,4.0,0
flow_20.2,83.0,4.0,0
flow_001.8,105.5,3.5,0
flow_00.6,87.5,3.0,0
flow_201.12,71.5,3.0,0
flow_0012.1,88.0,3.5,0
flow_2012.2,63.5,3.5,0
flow_3012.5,41.5,4.5,0
flow_00.7,105.5,4.0,0
flow_201.13,68.0,3.5,0
flow_20.3,59.0,3.0,0
flow_00.8,104.5,3.5,0
flow_20.4,58.5,3.0,0
flow_001.9,102.0,2.5,0
flow_101.2,40.0,3.5,0
flow_001.10,108.5,3.5,0
flow_201.14,77.0,3.5,0
flow_0012.2,109.0,4.5,0
flow_20.5,79.5,6.5,0
flow_001.11,104.0,3.0,0
flow_20.6,78.0,4.5,0
flow_10.0,28.0,3.5,0
flow_2012.3,93.0,4.5,0
flow_001.12,113.5,7.5,0
flow_2012.4,96.0,5.5,0
flow_2012.5,91.0,4.5,0
flow_101.3,27.5,3.0,0
flow_2012.6,104.0,4.5,0
flow_20.7,102.0,3.0,0
flow_001.13,135.0,7.0,0
flow_20.8,100.5,3.0,0
flow_001.14,133.0,3.5,0
flow_101.4,28.5,3.0,0
flow_301.1,39.5,3.5,0
flow_10.1,25.0,2.5,0
flow_2012.7,110.0,4.5,0
flow_001.15,141.5,7.5,0
flow_20.9,102.0,2.5,0
flow_201.15,109.5,3.5,0
flow_001.16,138.5,3.5,0
flow_10.2,41.5,4.0,0
flow_0012.3,153.5,4.5,0
flow_2012.8,109.0,4.5,0
flow_0012.4,140.5,4.0,0
flow_001.17,137.5,3.0,0
flow_201.16,110.0,4.0,0
flow_10.3,37.0,4.0,0
flow_301.2,42.5,4.0,0
flow_00.9,152.0,4.0,0
flow_201.17,124.5,3.5,0
flow_001.18,140.5,3.0,0
flow_2012.9,115.5,5.0,0
flow_20.10,109.5,3.5,0
flow_1012.0,28.0,4.0,0
flow_2012.10,124.5,4.0,0
flow_00.10,161.0,6.5,0
flow_20.11,110.5,3.0,0
flow_001.19,159.0,3.5,0
flow_201.18,110.0,3.0,0
flow_001.20,142.0,3.5,0
flow_101.5,44.0,3.5,0
flow_10.4,40.5,3.5,0
flow_3012.6,34.5,6.0,0
flow_00.11,133.0,4.0,0
flow_2012.11,128.5,7.5,0
flow_2012.12,115.0,4.0,0
flow_301.3,33.5,3.5,0
flow_2012.13,131.5,4.5,0
flow_001.21,157.5,4.0,0
flow_201.19,107.5,3.0,0
flow_201.20,107.0,3.0,0
flow_0012.5,143.5,5.0,0
flow_00.12,153.0,4.0,0
flow_201.21,123.5,3.5,0
flow_0012.6,141.0,4.0,0
flow_2012.14,113.0,4.0,0
flow_201.22,105.0,2.5,0
flow_001.22,139.0,3.0,0
flow_101.6,25.0,2.5,0
flow_30.2,20.5,1.5,0
flow_00.13,152.5,4.0,0
flow_201.23,121.5,3.5,0
flow_0012.7,140.5,4.0,0
flow_20.12,114.5,6.0,0
flow_0012.8,139.5,6.5,0
flow_20.13,115.0,7.5,0
flow_301.4,33.5,3.5,0
flow_101.7,46.0,3.5,0
flow_301.5,27.0,3.0,0
flow_20.14,123.5,4.0,0
flow_001.23,137.0,3.5,0
flow_20.15,110.5,3.0,0
flow_001.24,136.0,3.5,0
flow_201.24,108.0,3.0,0
flow_001.25,132.0,3.5,0
flow_101.8,45.0,3.5,0
flow_0012.9,134.0,4.5,0
flow_2012.15,109.5,4.5,0
flow_00.14,107.5,3.0,0
flow_20.16,107.0,3.0,0
flow_001.26,105.5,3.0,0
flow_201.25,104.5,3.0,0
flow_1012.1,34.5,4.5,0
flow_301.6,41.5,7.5,0
flow_201.26,108.0,3.5,0
flow_001.27,108.5,3.5,0
flow_20.17,105.0,3.0,0
flow_001.28,106.5,3.0,0
flow_2012.16,104.5,4.0,0
flow_001.29,107.5,7.0,0
flow_101.9,32.5,3.5,0
flow_00.15,107.5,4.0,0
flow_20.18,107.5,4.0,0
flow_201.27,105.5,2.5,0
flow_0012.10,108.5,4.5,0
flow_001.30,105.5,3.0,0
flow_101.10,39.0,3.5,0
flow_1012.2,30.5,3.5,0
flow_10.5,22.5,2.0,0
flow_20.19,124.5,4.0,0
flow_0012.11,112.0,7.5,0
flow_20.20,113.5,5.0,0
flow_001.31,109.5,3.5,0
flow_2012.17,112.0,4.0,0
flow_101.11,42.0,3.5,0
flow_301.7,39.5,3.5,0
flow_101.12,41.5,3.0,0
flow_301.8,28.0,3.0,0
flow_10.6,39.5,3.0,0
flow_20.21,123.5,4.0,0
flow_001.32,125.0,3.5,0
flow_201.28,112.5,3.0,0
flow_0012.12,115.0,5.0,0
flow_00.16,110.0,3.0,0
flow_10.7,58.5,4.0,0
flow_301.9,36.5,3.5,0
flow_10.8,57.0,3.5,0
flow_301.10,35.5,3.0,0
flow_301.11,33.5,3.0,0
flow_1012.3,32.5,5.5,0
flow_20.22,130.0,4.0,0
flow_001.33,125.0,3.5,0
flow_00.17,111.0,3.0,0
flow_20.23,127.5,3.0,0
flow_00.18,108.0,3.0,0
flow_201.29,115.0,3.0,0
flow_1012.4,27.0,3.5,0
flow_301.12,43.5,6.5,0
flow_001.34,124.0,3.5,0
flow_201.30,132.0,3.5,0
flow_00.19,111.5,3.0,0
flow_2012.18,132.0,7.0,0
flow_30.3,21.0,1.5,0
flow_2012.19,137.0,4.5,0
flow_001.35,134.5,7.0,0
flow_2012.20,136.0,5.0,0
flow_201.31,116.5,3.0,0
flow_10.9,39.0,4.0,0
flow_1012.5,30.0,3.5,0
flow_2012.21,130.5,4.0,0
flow_001.36,156.5,7.0,0
flow_0012.13,142.5,3.5,0
flow_2012.22,131.5,5.0,0
flow_2012.23,118.0,4.5,0
flow_30.4,37.5,3.5,0
flow_301.13,25.5,2.5,0
flow_00.20,155.5,4.0,0
flow_201.32,129.5,3.5,0
flow_0012.14,140.5,4.0,0
flow_001.37,138.5,3.5,0
flow_201.33,116.5,7.0,0
flow_1012.6,42.5,4.0,0
flow_3012.7,42.5,4.5,0
flow_101.13,24.0,2.5,0
flow_201.34,131.0,3.5,0
flow_001.38,153.0,3.5,0
flow_20.24,127.0,3.0,0
flow_0012.15,144.0,7.0,0
flow_20.25,117.0,5.0,0
flow_301.14,39.0,3.5,0
flow_101.14,25.0,2.5,0
flow_301.15,40.5,3.5,0
flow_20.26,128.5,4.0,0
flow_001.39,158.5,3.5,0
flow_2012.24,113.5,4.0,0
flow_0012.16,158.5,4.0,0
flow_00.21,145.0,5.0,0
flow_2012.25,112.0,4.5,0
flow_10.10,39.0,4.0,0
flow_301.16,24.5,2.5,0
flow_20.27,123.0,4.0,0
flow_0012.17,158.0,7.5,0
flow_001.40,140.0,3.5,0
flow_201.35,117.0,3.0,0
flow_101.15,25.0,2.0,0
flow_201.36,131.0,3.5,0
flow_001.41,135.0,3.5,0
flow_001.42,130.0,3.0,0
flow_201.37,129.5,3.5,0
flow_00.22,114.0,3.0,0
flow_201.38,117.0,3.5,0
flow_1012.7,43.5,4.5,0
flow_101.16,41.5,3.0,0
flow_2012.26,128.5,4.5,0
flow_201.39,112.5,3.0,0
flow_001.43,135.5,7.5,0
flow_20.28,107.5,3.0,0
flow_00.23,131.5,3.5,0
flow_10.11,29.5,3.5,0
flow_101.17,30.0,3.0,0
flow_101.18,28.0,3.0,0
flow_001.44,136.5,3.5,0
flow_201.40,125.0,3.5,0
flow_00.24,131.5,3.0,0
flow_201.41,113.0,3.0,0
flow_001.45,116.0,3.0,0
flow_201.42,110.5,3.5,0
flow_10.12,43.0,4.0,0
flow_101.19,26.0,2.5,0
flow_001.46,131.0,3.5,0
flow_201.43,126.0,3.5,0
flow_001.47,128.0,3.0,0
flow_201.44,111.0,3.5,0
flow_20.29,102.5,3.0,0
flow_001.48,115.0,3.0,0
flow_3012.8,24.0,3.0,0
flow_201.45,109.0,3.5,0
flow_001.49,129.0,3.5,0
flow_0012.18,113.0,4.0,0
flow_00.25,108.0,3.0,0
flow_20.30,109.0,6.0,0
flow_201.46,105.5,3.5,0
flow_101.20,40.5,3.5,0
flow_10.13,28.5,3.0,0
flow_10.14,22.5,2.0,0
flow_2012.27,108.5,4.0,0
flow_001.50,128.5,7.0,0
flow_201.47,107.0,3.0,0
flow_2012.28,104.0,4.0,0
flow_0012.19,113.5,4.0,0
flow_101.21,42.0,3.5,0
flow_3012.9,25.0,3.0,0
flow_101.22,44.0,4.5,0
flow_0012.20,126.5,4.5,0
flow_20.31,110.5,6.5,0
flow_001.51,113.0,3.0,0
flow_2012.29,110.0,5.0,0
flow_20.32,104.5,3.5,0
flow_10.15,60.0,4.0,0
flow_20.33,107.5,4.0,0
flow_001.52,133.0,4.0,0
flow_20.34,105.0,3.0,0
flow_0012.21,132.0,6.0,0
flow_301.17,39.5,3.5,0
flow_00.26,135.5,4.0,0
flow_201.48,125.0,3.5,0
flow_001.53,134.5,3.0,0
flow_201.49,112.0,3.0,0
flow_0012.22,133.0,4.0,0
flow_201.50,113.5,7.0,0
flow_10.16,31.5,3.5,0
flow_10.17,27.5,2.5,0
flow_101.23,33.0,3.0,0
flow_001.54,136.5,3.5,0
flow_201.51,125.0,3.5,0
flow_0012.23,134.5,3.5,0
flow_2012.30,112.0,3.5,0
flow_001.55,132.5,3.0,0
flow_201.52,111.0,3.0,0
flow_10.0,22.5,2.0,0
flow_301.0,24.5,2.0,0
flow_10.1,21.5,2.0,0
flow_301.1,27.0,3.0,0
flow_201.0,35.0,3.5,0
flow_20.0,32.0,3.0,0
flow_20.1,31.5,3.0,0
flow_101.0,44.5,3.5,0
flow_1012.0,26.0,3.0,0
flow_301.2,24.5,2.0,0
flow_101.1,26.0,3.0,0
flow_201.1,50.0,3.5,0
flow_0012.0,46.0,6.5,0
flow_201.2,52.5,4.0,0
flow_101.2,27.0,3.0,0
flow_301.3,25.5,2.5,0
flow_2012.0,71.5,4.5,0
flow_00.0,28.5,6.5,0
flow_2012.1,71.5,6.5,0
flow_30.0,35.0,3.5,0
flow_101.3,34.0,3.5,0
flow_30.1,34.0,3.0,0
flow_301.4,33.0,2.5,0
flow_301.5,32.0,3.0,0
flow_201.3,71.0,3.5,0
flow_201.4,67.0,3.0,0
flow_2012.2,64.0,3.5,0
flow_301.6,40.5,3.5,0
flow_301.7,38.0,3.0,0
flow_30.2,32.5,3.0,0
flow_20.2,81.5,4.0,0
flow_20.3,77.5,3.5,0
flow_20.4,76.5,3.0,0
flow_0012.1,29.0,6.0,0
flow_10.2,22.5,2.0,0
flow_301.8,52.5,3.5,0
flow_30.3,51.0,3.0,0
flow_30.4,50.0,3.0,0
flow_101.4,26.0,3.0,0
flow_201.5,94.0,3.5,0
flow_001.0,43.0,3.5,0
flow_0012.2,27.5,3.5,0
flow_2012.3,95.0,4.0,0
flow_00.1,26.0,3.0,0
flow_201.6,89.5,3.0,0
flow_301.9,69.5,3.5,0
flow_1012.1,28.0,5.5,0
flow_301.10,69.5,3.5,0
flow_20.5,102.0,4.0,0
flow_0012.3,42.5,7.5,0
flow_20.6,100.0,5.0,0
flow_2012.4,94.5,3.5,0
flow_10.3,24.0,2.5,0
flow_30.5,83.5,4.0,0
flow_301.11,81.0,3.0,0
flow_3012.0,78.0,4.0,0
flow_1012.2,26.5,3.5,0
flow_201.7,109.0,3.5,0
flow_201.8,107.0,3.0,0
flow_201.9,103.5,3.0,0
flow_3012.1,94.0,4.5,0
flow_30.6,89.5,3.0,0
flow_101.5,36.5,4.5,0
flow_301.12,87.0,2.5,0
flow_001.1,30.5,3.5,0
flow_0012.4,28.0,3.5,0
flow_2012.5,112.0,6.5,0
flow_201.10,108.5,3.0,0
flow_301.13,105.0,3.5,0
flow_30.7,98.5,3.0,0
flow_30.8,94.0,3.0,0
flow_201.11,123.5,3.5,0
flow_201.12,113.5,3.5,0
flow_2012.6,110.5,4.0,0
flow_0012.5,27.0,4.0,0
flow_30.9,111.0,4.0,0
flow_30.10,101.0,3.0,0
flow_301.14,89.0,3.0,0
flow_20.7,124.5,4.0,0
flow_2012.7,111.5,3.5,0
flow_201.13,109.5,3.0,0
flow_3012.2,103.0,4.0,0
flow_30.11,100.0,3.0,0
flow_301.15,96.5,3.0,0
flow_20.8,124.0,4.0,0
flow_201.14,112.5,3.0,0
flow_001.2,25.5,2.5,0
flow_201.15,110.5,3.5,0
flow_3012.3,99.5,4.5,0
flow_301.16,98.5,3.0,0
flow_30.12,96.0,3.0,0
flow_101.6,26.0,3.0,0
flow_201.16,126.0,3.5,0
flow_201.17,113.0,3.5,0
flow_2012.8,106.5,3.5,0
flow_30.13,107.5,4.0,0
flow_101.7,41.0,3.5,0
flow_30.14,105.5,3.0,0
flow_1012.3,40.5,6.0,0
flow_30.15,105.5,5.5,0
flow_2012.9,109.0,4.5,0
flow_0012.6,43.0,4.5,0
flow_20.9,105.5,3.0,0
flow_00.2,33.5,3.0,0
flow_2012.10,104.0,3.5,0
flow_301.17,108.5,3.5,0
flow_101.8,47.0,3.5,0
flow_301.18,107.0,3.0,0
flow_301.19,104.0,3.0,0
flow_20.10,107.5,4.0,0
flow_001.3,44.5,3.5,0
flow_20.11,105.5,3.0,0
flow_001.4,34.0,3.0,0
flow_201.18,104.0,3.0,0
flow_301.20,108.5,3.5,0
flow_101.9,41.5,3.5,0
flow_1012.4,42.0,4.0,0
flow_301.21,111.5,7.0,0
flow_20.12,107.5,4.0,0
flow_201.19,106.0,3.0,0
flow_20.13,102.0,3.0,0
flow_101.10,36.5,3.5,0
flow_301.22,125.0,3.5,0
flow_1012.5,26.0,3.5,0
flow_301.23,116.0,6.5,0
flow_00.3,23.5,2.5,0
flow_20.14,107.5,4.0,0
flow_201.20,106.5,3.0,0
flow_00.4,21.0,1.5,0
flow_201.21,104.0,3.0,0
flow_30.16,131.0,4.0,0
flow_101.11,37.0,4.0,0
flow_30.17,129.0,3.5,0
flow_301.24,117.0,3.5,0
flow_001.5,29.5,3.5,0
flow_2012.11,111.5,6.5,0
flow_201.22,109.5,3.5,0
flow_2012.12,104.5,3.5,0
flow_30.18,129.5,4.0,0
flow_301.25,130.0,3.5,0
flow_101.12,29.5,3.5,0
flow_301.26,117.5,4.0,0
flow_201.23,109.5,3.5,0
flow_0012.7,45.0,6.5,0
flow_2012.13,107.5,4.0,0
flow_2012.14,104.0,4.0,0
flow_30.19,131.0,4.0,0
flow_101.13,39.5,3.5,0
flow_30.20,127.5,3.0,0
flow_3012.4,115.0,3.5,0
flow_201.24,109.0,3.5,0
flow_201.25,107.0,3.0,0
flow_2012.15,105.5,4.0,0
flow_30.21,126.5,4.0,0
flow_30.22,111.5,3.0,0
flow_301.27,107.0,3.0,0
flow_2012.16,109.0,4.5,0
flow_0012.8,38.5,4.5,0
flow_20.15,106.0,3.0,0
flow_20.16,102.5,3.0,0
flow_10.4,38.0,4.0,0
flow_301.28,109.5,3.5,0
flow_301.29,107.0,3.0,0
flow_3012.5,103.0,3.5,0
flow_201.26,108.5,3.5,0
flow_201.27,106.5,3.0,0
flow_20.17,101.5,3.0,0
flow_30.23,107.5,4.0,0
flow_301.30,107.5,3.0,0
flow_30.24,101.5,3.0,0
flow_2012.17,109.5,4.5,0
flow_2012.18,107.5,4.0,0
flow_001.6,33.5,7.0,0
flow_2012.19,107.5,5.5,0
flow_3012.6,108.5,4.0,0
flow_1012.6,36.0,4.5,0
flow_301.31,108.0,3.0,0
flow_3012.7,105.0,4.0,0
flow_20.18,107.5,4.0,0
flow_001.7,43.5,3.5,0
flow_201.28,106.0,3.0,0
flow_001.8,38.5,3.0,0
flow_201.29,104.0,3.0,0
flow_001.9,34.5,3.0,0
flow_10.5,31.5,4.0,0
flow_3012.8,112.0,7.0,0
flow_301.32,109.5,3.5,0
flow_3012.9,106.0,3.5,0
flow_2012.20,108.5,4.0,0
flow_0012.9,44.5,4.5,0
flow_201.30,107.0,3.0,0
flow_001.10,36.0,4.0,0
flow_201.31,105.0,3.0,0
flow_301.33,109.0,3.5,0
flow_301.34,107.0,3.0,0
flow_3012.10,104.0,3.5,0
flow_201.32,109.5,3.5,0
flow_201.33,107.5,3.0,0
flow_20.19,102.0,3.0,0
flow_301.35,109.0,3.5,0
flow_101.14,44.0,3.5,0
flow_301.36,107.5,3.0,0
flow_30.25,102.0,3.0,0
flow_00.5,30.0,3.5,0
flow_201.34,109.0,3.5,0
flow_201.35,107.0,3.0,0
flow_20.20,101.5,3.0,0
flow_3012.11,109.5,4.5,0
flow_301.37,106.5,3.0,0
flow_3012.12,104.5,4.0,0
flow_2012.21,109.0,4.5,0
flow_201.36,106.5,3.0,0
flow_2012.22,103.5,3.5,0
flow_301.38,108.5,3.5,0
flow_101.15,24.5,2.5,0
flow_3012.13,107.5,5.0,0
flow_3012.14,104.0,4.0,0
flow_10.6,27.0,5.5,0
flow_2012.23,109.0,4.5,0
flow_00.6,38.0,5.5,0
flow_201.37,106.5,3.0,0
flow_201.38,103.5,3.0,0
flow_10.7,39.0,4.0,0
flow_301.39,108.5,3.5,0
flow_301.40,107.5,3.0,0
flow_301.41,104.5,3.5,0
flow_201.39,109.5,3.5,0
flow_20.21,105.0,3.0,0
flow_20.22,104.0,3.0,0
flow_10.8,35.0,4.0,0
flow_3012.15,112.5,7.5,0
flow_3012.16,110.0,4.5,0
flow_20.23,107.5,4.0,0
flow_001.11,35.0,3.5,0
flow_201.40,106.5,3.0,0
flow_201.41,104.5,3.0,0
flow_301.42,125.0,3.5,0
flow_101.16,51.0,3.5,0
flow_301.43,112.0,3.0,0
flow_101.17,41.5,3.0,0
flow_301.44,109.5,3.0,0
flow_20.24,108.0,4.0,0
flow_201.42,106.5,3.0,0
flow_201.43,104.0,3.0,0
flow_301.45,125.0,3.5,0
flow_101.18,30.5,3.5,0
flow_30.26,112.0,3.0,0
flow_301.46,110.0,3.0,0
flow_2012.24,109.0,4.5,0
flow_20.25,105.0,3.0,0
flow_0012.10,27.5,5.0,0
flow_20.26,106.0,5.5,0
flow_10.9,28.5,3.5,0
flow_30.27,124.0,4.0,0
flow_30.28,111.5,3.0,0
flow_3012.17,109.0,3.5,0
flow_20.27,107.5,4.0,0
flow_001.12,24.5,2.0,0
flow_20.28,105.0,3.0,0
flow_201.44,104.5,3.0,0
flow_3012.18,126.0,4.5,0
flow_30.29,110.0,3.0,0
flow_3012.19,108.0,4.0,0
flow_201.45,108.5,3.5,0
flow_20.29,106.5,3.0,0
flow_2012.25,103.0,3.5,0
flow_301.47,109.5,3.5,0
flow_30.30,105.5,3.0,0
flow_30.31,103.0,3.0,0
flow_201.46,108.5,3.5,0
flow_001.13,44.0,3.5,0
flow_20.30,105.5,3.0,0
flow_001.14,27.0,3.0,0
flow_001.15,26.5,3.0,0
flow_201.47,105.5,3.5,0
flow_30.32,109.0,4.0,0
flow_30.33,106.0,3.5,0
flow_301.48,103.5,3.0,0
flow_2012.26,108.5,4.0,0
flow_201.48,106.5,3.0,0
flow_20.31,101.5,3.0,0
flow_30.34,107.5,4.0,0
flow_10.10,34.5,4.0,0
flow_10.11,32.5,3.0,0
flow_30.35,105.5,3.0,0
flow_30.36,102.5,3.0,0
flow_10.12,28.0,3.0,0
flow_2012.27,109.5,4.5,0
flow_00.7,24.5,3.0,0
flow_201.49,106.5,3.0,0
flow_00.8,23.0,2.5,0
flow_201.50,104.0,3.0,0
flow_1012.7,47.5,4.5,0
flow_30.37,110.5,6.5,0
flow_301.49,107.5,3.0,0
flow_3012.20,105.0,3.5,0
flow_201.51,108.5,3.5,0
flow_00.9,41.0,4.0,0
flow_201.52,107.5,3.0,0
flow_2012.28,103.5,3.5,0
flow_301.50,109.0,3.5,0
flow_30.38,105.5,3.0,0
flow_3012.21,104.0,3.5,0
flow_201.53,108.5,3.5,0
flow_001.16,46.0,3.5,0
flow_201.54,107.0,3.0,0
flow_2012.29,103.5,3.5,0
flow_30.39,108.0,4.0,0
flow_3012.22,108.5,4.0,0
flow_301.51,103.0,2.5,0
flow_20.32,108.0,4.0,0
flow_2012.30,106.5,3.5,0
flow_201.55,104.0,3.0,0
flow_301.52,108.5,3.5,0
flow_101.19,33.5,3.5,0
flow_30.40,105.0,3.0,0
flow_30.41,102.5,3.0,0
flow_10.13,21.0,1.5,0
flow_20.33,107.0,4.0,0
flow_001.17,44.0,3.5,0
flow_001.18,40.5,3.0,0
flow_201.56,107.5,3.0,0
flow_20.34,101.5,3.0,0
flow_301.0,27.0,3.0,0
flow_1012.0,27.0,4.5,0
flow_301.1,28.5,3.0,0
flow_00.0,22.0,2.0,0
flow_0012.0,27.0,4.0,0
flow_101.0,41.5,3.5,0
flow_3012.0,28.0,5.5,0
flow_101.1,43.0,3.5,0
flow_301.2,28.0,3.5,0
flow_30.0,36.5,4.0,0
flow_101.2,61.0,3.5,0
flow_101.3,60.0,3.0,0
flow_301.3,36.5,3.0,0
flow_1012.1,59.5,4.0,0
flow_3012.1,36.0,4.0,0
flow_2012.0,45.0,4.5,0
flow_001.0,38.5,4.5,0
flow_101.4,76.0,3.5,0
flow_301.4,52.5,3.5,0
flow_10.0,72.0,3.0,0
flow_30.1,48.5,3.0,0
flow_301.5,53.5,3.5,0
flow_101.5,62.0,3.0,0
flow_201.0,31.5,3.0,0
flow_201.1,28.5,3.5,0
flow_301.6,68.0,3.5,0
flow_101.6,80.0,3.5,0
flow_3012.2,61.5,4.0,0
flow_10.1,81.0,6.0,0
flow_301.7,56.0,3.0,0
flow_101.7,60.0,3.5,0
flow_2012.1,39.0,4.5,0
flow_20.0,34.5,3.0,0
flow_30.2,62.0,4.0,0
flow_101.8,75.0,3.5,0
flow_301.8,62.5,3.0,0
flow_101.9,61.5,3.0,0
flow_3012.3,62.0,3.5,0
flow_10.2,62.5,6.0,0
flow_001.1,26.0,2.5,0
flow_00.1,23.0,2.0,0
flow_10.3,76.5,4.0,0
flow_30.3,71.0,4.0,0
flow_101.10,78.5,3.0,0
flow_301.9,68.0,3.0,0
flow_1012.2,77.5,4.0,0
flow_3012.4,67.0,4.0,0
flow_001.2,38.0,3.5,0
flow_30.4,73.5,4.0,0
flow_101.11,92.0,3.5,0
flow_3012.5,73.0,3.5,0
flow_101.12,84.0,6.5,0
flow_301.10,64.0,3.0,0
flow_201.2,35.0,3.5,0
flow_1012.3,101.5,4.5,0
flow_3012.6,77.0,5.0,0
flow_301.11,73.0,3.0,0
flow_101.13,102.5,3.5,0
flow_3012.7,73.0,4.0,0
flow_101.14,104.5,7.0,0
flow_001.3,41.0,3.5,0
flow_20.1,24.5,2.5,0
flow_001.4,28.0,3.0,0
flow_301.12,83.5,3.5,0
flow_1012.4,119.5,6.5,0
flow_1012.5,115.0,4.5,0
flow_101.15,111.5,3.0,0
flow_301.13,88.5,4.0,0
flow_0012.1,41.0,4.5,0
flow_0012.2,40.0,4.0,0
flow_301.14,93.0,3.5,0
flow_1012.6,129.0,6.5,0
flow_30.5,87.5,3.5,0
flow_101.16,113.0,3.0,0
flow_10.4,108.5,3.0,0
flow_0012.3,42.0,4.5,0
flow_001.5,34.5,2.5,0
flow_00.2,23.0,2.0,0
flow_201.3,26.0,3.0,0
flow_10.5,124.0,4.0,0
flow_301.15,85.0,3.5,0
flow_101.17,112.0,3.0,0
flow_301.16,73.5,3.0,0
flow_10.6,105.5,3.0,0
flow_3012.8,73.5,7.0,0
flow_0012.4,40.5,4.0,0
flow_2012.2,27.5,4.0,0
flow_2012.3,26.0,3.5,0
flow_001.6,44.0,3.5,0
flow_30.6,83.0,4.0,0
flow_101.18,110.0,3.5,0
flow_3012.9,77.0,4.0,0
flow_301.17,76.0,3.0,0
flow_101.19,111.5,7.0,0
flow_201.4,43.5,3.5,0
flow_10.7,122.0,4.0,0
flow_301.18,94.0,3.5,0
flow_101.20,111.5,3.0,0
flow_301.19,94.0,3.5,0
flow_1012.7,110.0,4.0,0
flow_301.20,95.5,6.5,0
flow_001.7,35.0,3.5,0
flow_2012.4,29.0,6.0,0
flow_00.3,35.5,3.5,0
flow_10.8,124.0,4.0,0
flow_301.21,111.0,4.0,0
flow_101.21,112.0,3.0,0
flow_301.22,109.0,3.5,0
flow_1012.8,110.0,4.0,0
flow_30.7,108.0,6.0,0
flow_00.4,51.5,4.0,0
flow_201.5,45.0,3.5,0
flow_201.6,30.0,3.5,0
flow_0012.5,51.5,6.0,0
flow_20.2,28.5,3.5,0
flow_001.8,36.0,3.0,0
flow_30.8,107.5,4.0,0
flow_101.22,124.5,3.5,0
flow_3012.10,107.0,4.0,0
flow_301.23,103.5,3.0,0
flow_101.23,116.5,7.0,0
flow_00.5,23.0,2.5,0
flow_10.9,129.5,4.0,0
flow_301.24,108.5,3.5,0
flow_30.9,105.5,3.0,0
flow_101.24,127.0,3.0,0
flow_10.10,114.0,3.0,0
flow_301.25,104.0,3.0,0
flow_201.7,37.5,4.0,0
flow_0012.6,31.0,6.5,0
flow_001.9,28.0,3.0,0
flow_1012.9,129.0,4.5,0
flow_3012.11,110.0,4.5,0
flow_101.25,113.0,3.0,0
flow_301.26,107.0,3.0,0
flow_101.26,110.5,3.0,0
flow_301.27,104.0,3.0,0
flow_2012.5,31.0,4.5,0
flow_00.6,25.0,4.0,0
flow_201.8,28.5,2.5,0
flow_001.10,24.5,2.0,0
flow_1012.10,125.5,4.5,0
flow_101.27,112.5,3.0,0
flow_301.28,113.5,7.5,0
flow_1012.11,111.0,4.0,0
flow_30.10,113.0,6.0,0
flow_001.11,40.5,3.5,0
flow_001.12,31.0,3.0,0
flow_201.9,27.0,3.0,0
flow_301.29,125.0,3.5,0
flow_1012.12,128.0,6.5,0
flow_3012.12,111.5,3.5,0
flow_1012.13,114.0,4.0,0
flow_10.11,106.5,3.0,0
flow_2012.6,36.0,4.5,0
flow_00.7,32.5,4.5,0
flow_201.10,27.0,3.0,0
flow_0012.7,25.5,3.5,0
flow_101.28,109.0,3.5,0
flow_301.30,131.5,3.5,0
flow_3012.13,128.5,3.5,0
flow_30.11,113.5,3.0,0
flow_101.29,110.0,6.5,0
flow_0012.8,44.0,4.0,0
flow_00.8,32.5,3.0,0
flow_10.12,124.0,4.0,0
flow_30.12,130.0,4.0,0
flow_30.13,127.5,3.0,0
flow_101.30,111.5,3.0,0
flow_10.13,109.0,3.0,0
flow_301.31,115.0,3.0,0
flow_2012.7,40.5,4.5,0
flow_301.32,131.5,3.5,0
flow_1012.14,128.0,6.5,0
flow_30.14,129.0,3.5,0
flow_101.31,113.0,3.0,0
flow_10.14,109.5,3.0,0
flow_00.9,41.5,4.0,0
flow_201.11,25.0,2.0,0
flow_00.10,41.0,3.0,0
flow_2012.8,28.5,6.5,0
flow_0012.9,34.5,3.5,0
flow_10.15,124.5,4.0,0
flow_301.33,134.0,3.5,0
flow_1012.15,112.0,4.0,0
flow_3012.14,130.5,4.0,0
flow_30.15,114.0,3.0,0
flow_101.32,111.0,3.5,0
flow_30.16,128.0,4.0,0
flow_101.33,125.5,3.5,0
flow_301.34,112.0,3.0,0
flow_1012.16,114.5,4.5,0
flow_101.34,109.0,3.0,0
flow_20.3,39.5,4.0,0
flow_00.11,30.5,4.0,0
flow_001.13,30.0,3.0,0
flow_101.35,109.0,3.5,0
flow_301.35,131.5,3.5,0
flow_301.36,129.0,3.0,0
flow_101.36,107.5,3.0,0
flow_10.16,102.0,3.0,0
flow_30.17,113.5,3.0,0
flow_001.14,29.0,3.0,0
flow_2012.9,43.5,6.0,0
flow_20.4,36.5,3.5,0
flow_2012.10,36.0,3.5,0
flow_30.18,129.5,4.0,0
flow_101.37,108.5,3.5,0
flow_101.38,106.5,3.0,0
flow_301.37,129.0,3.0,0
flow_30.19,113.0,3.0,0
flow_101.39,103.5,3.5,0
flow_20.5,44.0,4.0,0
flow_201.12,38.5,3.0,0
flow_001.15,29.0,3.5,0
flow_30.20,127.0,4.0,0
flow_101.40,109.0,3.5,0
flow_10.17,104.5,3.0,0
flow_30.21,111.5,3.0,0
flow_301.38,109.5,3.0,0
flow_1012.17,106.0,5.0,0
flow_2012.11,33.0,4.0,0
flow_201.13,27.0,2.5,0
flow_001.16,35.5,4.0,0
flow_201.14,26.5,3.0,0
flow_3012.15,126.5,5.0,0
flow_301.39,112.5,3.0,0
flow_101.41,113.0,7.5,0
flow_101.42,110.5,3.0,0
flow_301.40,109.5,3.5,0
flow_0012.10,24.0,2.5,0
flow_2012.12,38.0,4.0,0
flow_201.15,33.0,3.5,0
flow_2012.13,31.5,3.5,0
flow_0012.11,26.5,4.0,0
flow_1012.18,124.5,4.5,0
flow_3012.16,109.5,4.5,0
flow_10.18,111.5,3.0,0
flow_301.41,108.0,3.0,0
flow_1012.19,110.5,4.0,0
flow_00.12,38.0,4.0,0
flow_20.6,24.5,2.0,0
flow_10.19,124.0,4.0,0
flow_301.42,125.5,4.0,0
flow_301.43,111.5,3.0,0
flow_101.43,113.0,3.0,0
flow_10.20,107.5,3.0,0
flow_301.44,110.5,3.0,0
flow_00.13,40.5,4.0,0
flow_001.17,43.0,3.5,0
flow_30.22,124.0,4.0,0
flow_101.44,125.0,3.5,0
flow_101.45,113.5,3.5,0
flow_301.45,113.5,3.5,0
flow_1012.20,110.5,4.0,0
flow_3012.17,111.0,4.0,0
flow_0012.12,45.5,4.5,0
flow_0012.13,33.5,4.5,0
flow_301.46,125.5,3.5,0
flow_1012.21,129.0,6.5,0
flow_3012.18,113.0,4.0,0
flow_301.47,110.0,3.0,0
flow_101.46,115.0,4.0,0
flow_201.16,27.0,3.0,0
flow_301.48,125.5,3.5,0
flow_1012.22,129.0,6.5,0
flow_3012.19,113.0,4.0,0
flow_301.49,109.0,3.0,0
flow_101.47,116.5,3.5,0
flow_00.14,24.0,2.5,0
flow_201.17,34.0,3.5,0
flow_001.18,25.5,2.5,0
flow_3012.20,110.5,4.5,0
flow_10.21,133.5,6.5,0
flow_30.23,106.5,3.0,0
flow_30.24,103.0,3.0,0
flow_101.48,131.5,3.5,0
flow_201.18,28.5,3.0,0
flow_0012.14,43.5,6.0,0
flow_0012.15,26.5,4.0,0
flow_201.19,35.0,4.5,0
flow_1012.23,137.0,5.0,0
flow_1012.24,135.0,4.0,0
flow_301.50,116.0,7.0,0
flow_1012.25,135.0,5.5,0
flow_2012.14,43.5,4.5,0
flow_2012.15,29.0,3.5,0
flow_001.19,26.5,3.0,0
flow_301.51,131.0,3.5,0
flow_101.49,136.5,3.5,0
flow_1012.26,134.5,3.5,0
flow_101.50,131.5,3.0,0
flow_301.52,132.5,6.5,0
flow_00.15,42.0,4.0,0
flow_00.16,43.5,3.5,0
flow_0012.16,39.0,3.5,0
flow_3012.21,136.0,4.0,0
flow_101.51,139.0,7.0,0
flow_301.53,135.0,3.0,0
flow_301.54,131.5,3.0,0
flow_1012.27,137.0,5.0,0
flow_20.7,43.0,4.0,0
flow_001.20,56.5,3.5,0
flow_001.21,38.5,3.0,0
flow_20.8,22.5,2.0,0
flow_1012.28,135.5,4.0,0
flow_3012.22,137.0,4.5,0
flow_101.52,131.5,3.0,0
flow_301.55,136.0,3.0,0
flow_3012.23,132.0,3.5,0
flow_1012.29,116.5,4.0,0
flow_20.9,41.5,4.0,0
flow_00.17,42.0,4.0,0
flow_00.18,41.0,3.0,0
flow_001.22,33.0,2.5,0
flow_3012.24,136.0,4.0,0
flow_10.22,132.5,6.5,0
flow_301.56,136.5,3.5,0
flow_10.23,116.0,4.0,0
flow_301.57,132.5,3.5,0
flow_10.24,111.0,3.5,0
flow_0012.17,38.0,4.0,0
flow_0012.18,39.5,4.0,0
flow_301.58,130.0,3.5,0
flow_1012.30,128.0,6.5,0
flow_30.25,112.5,3.5,0
flow_101.53,113.5,3.0,0
flow_10.25,108.5,3.0,0
flow_20.10,29.0,3.5,0
flow_001.23,32.5,3.5,0
flow_0012.19,31.5,3.5,0
flow_001.24,30.5,2.5,0
flow_10.26,124.0,4.0,0
flow_301.59,128.0,3.5,0
flow_101.54,109.5,3.0,0
flow_3012.25,115.0,5.0,0
flow_1012.31,105.0,4.0,0
flow_00.19,47.0,4.0,0
flow_0012.20,27.0,3.0,0
flow_0012.21,25.5,3.0,0
flow_30.26,129.0,4.0,0
flow_101.0,24.5,2.5,0
flow_00.0,35.0,4.0,0
flow_001.0,26.0,2.5,0
flow_30.0,41.5,4.0,0
flow_101.1,39.0,3.5,0
flow_30.1,37.0,3.0,0
flow_101.2,38.5,3.0,0
flow_101.3,30.0,3.0,0
flow_301.0,37.0,3.0,0
flow_00.1,36.5,4.0,0
flow_201.0,25.0,2.5,0
flow_00.2,36.0,3.0,0
flow_00.3,34.0,3.0,0
flow_30.2,46.0,4.0,0
flow_1012.0,47.5,7.5,0
flow_1012.1,46.5,4.5,0
flow_00.4,51.5,4.0,0
flow_00.5,50.5,3.0,0
flow_201.1,25.5,2.5,0
flow_001.1,50.0,3.0,0
flow_2012.0,30.0,5.0,0
flow_1012.2,65.5,5.0,0
flow_301.1,75.0,4.5,0
flow_101.4,64.5,3.0,0
flow_10.0,60.5,3.0,0
flow_30.3,65.0,3.5,0
flow_00.6,67.0,4.0,0
flow_201.2,45.5,4.0,0
flow_001.2,65.5,3.0,0
flow_2012.1,46.0,5.0,0
flow_20.0,42.0,3.0,0
flow_30.4,81.5,4.0,0
flow_101.5,81.0,4.0,0
flow_301.2,82.0,3.0,0
flow_101.6,79.5,3.5,0
flow_30.5,79.0,3.0,0
flow_101.7,78.5,3.5,0
flow_001.3,78.5,3.5,0
flow_201.3,43.0,3.5,0
flow_0012.0,71.0,4.0,0
flow_2012.2,40.5,4.0,0
flow_20.1,24.0,2.0,0
flow_00.7,68.0,3.0,0
flow_301.3,98.5,3.5,0
flow_101.8,96.5,4.0,0
flow_1012.3,94.5,4.0,0
flow_301.4,101.5,7.0,0
flow_1012.4,78.0,5.5,0
flow_0012.1,88.0,4.5,0
flow_001.4,87.0,3.0,0
flow_20.2,47.5,6.5,0
flow_001.5,86.0,3.0,0
flow_30.6,113.5,4.0,0
flow_10.1,86.0,4.0,0
flow_101.9,85.5,3.0,0
flow_301.5,74.0,3.0,0
flow_1012.5,83.5,4.0,0
flow_3012.0,60.5,4.0,0
flow_001.6,100.5,3.5,0
flow_201.4,46.0,4.0,0
flow_001.7,93.5,3.0,0
flow_00.8,81.0,3.0,0
flow_201.5,29.5,3.5,0
flow_101.10,101.0,3.5,0
flow_30.7,67.0,3.0,0
flow_301.6,80.5,4.5,0
flow_101.11,100.5,3.0,0
flow_301.7,61.0,3.0,0
flow_1012.6,93.0,5.0,0
flow_00.9,99.0,4.0,0
flow_201.6,42.0,3.5,0
flow_001.8,99.5,3.0,0
flow_201.7,41.5,3.5,0
flow_001.9,80.0,3.0,0
flow_2012.3,27.5,4.0,0
flow_10.2,104.0,4.0,0
flow_301.8,38.0,3.5,0
flow_30.8,35.5,3.0,0
flow_10.3,103.5,3.0,0
flow_301.9,35.5,2.5,0
flow_101.12,101.0,3.0,0
flow_001.10,89.5,3.5,0
flow_201.8,26.0,3.0,0
flow_00.10,88.0,3.0,0
flow_001.11,87.5,3.0,0
flow_1012.7,108.5,4.0,0
flow_101.13,105.0,3.0,0
flow_301.10,57.5,7.0,0
flow_1012.8,105.0,4.5,0
flow_3012.1,41.5,4.5,0
flow_2012.4,39.5,4.5,0
flow_00.11,106.0,6.0,0
flow_201.9,30.5,3.0,0
flow_20.3,27.0,2.5,0
flow_001.12,106.5,3.5,0
flow_2012.5,27.5,3.5,0
flow_0012.2,93.0,4.0,0
flow_301.11,53.0,3.5,0
flow_101.14,110.0,4.0,0
flow_301.12,28.5,2.5,0
flow_1012.9,108.5,5.0,0
flow_101.15,104.0,3.0,0
flow_301.13,30.0,3.5,0
flow_201.10,37.0,3.5,0
flow_0012.3,111.5,6.5,0
flow_001.13,88.0,3.0,0
flow_001.14,88.0,3.5,0
flow_301.14,45.5,3.5,0
flow_1012.10,111.5,6.5,0
flow_101.16,108.0,3.0,0
flow_10.4,102.5,3.0,0
flow_2012.6,36.0,4.0,0
flow_20.4,27.0,2.5,0
flow_001.15,102.5,7.0,0
flow_001.16,101.0,3.0,0
flow_10.5,107.5,4.0,0
flow_301.15,24.5,2.5,0
flow_10.6,105.5,3.0,0
flow_3012.2,25.5,3.0,0
flow_1012.11,104.5,4.0,0
flow_001.17,118.5,3.5,0
flow_001.18,112.0,3.0,0
flow_00.12,107.5,3.0,0
flow_1012.12,110.0,4.5,0
flow_10.7,105.0,3.0,0
flow_30.9,21.5,2.0,0
flow_10.8,102.0,3.0,0
flow_00.13,124.0,4.0,0
flow_201.11,38.5,3.5,0
flow_00.14,110.0,3.0,0
flow_2012.7,31.0,6.5,0
flow_101.17,108.0,3.5,0
flow_1012.13,107.0,4.0,0
flow_1012.14,103.5,4.0,0
flow_001.19,131.0,3.5,0
flow_001.20,122.5,3.0,0
flow_001.21,115.0,3.5,0
flow_101.18,108.0,3.5,0
flow_301.16,30.5,3.0,0
flow_10.9,104.5,3.0,0
flow_101.19,102.0,2.5,0
flow_001.22,130.5,3.5,0
flow_201.12,36.5,3.5,0
flow_00.15,126.5,3.0,0
flow_201.13,31.0,3.5,0
flow_201.14,28.0,3.5,0
flow_001.23,115.0,3.5,0
flow_30.10,34.0,4.0,0
flow_101.20,108.5,3.5,0
flow_101.21,106.5,3.0,0
flow_101.22,104.0,3.0,0
flow_00.16,125.0,4.0,0
flow_201.15,38.5,3.5,0
flow_001.24,112.0,3.0,0
flow_2012.8,41.5,5.0,0
flow_201.16,38.5,3.0,0
flow_3012.3,43.0,4.0,0
flow_301.17,42.5,3.0,0
flow_101.23,113.0,7.0,0
flow_30.11,32.5,3.0,0
flow_10.10,109.5,3.5,0
flow_20.5,52.5,4.0,0
flow_001.25,131.0,3.5,0
flow_001.26,128.5,3.0,0
flow_0012.4,115.0,3.5,0
flow_2012.9,27.5,4.5,0
flow_301.18,52.0,3.5,0
flow_101.24,127.5,4.0,0
flow_30.12,50.0,3.0,0
flow_101.25,113.5,3.5,0
flow_10.11,108.5,2.5,0
flow_301.19,51.0,3.5,0
flow_201.17,45.5,3.5,0
flow_001.27,128.0,3.5,0
flow_2012.10,26.5,3.5,0
flow_00.17,113.5,5.5,0
flow_001.28,111.0,3.0,0
flow_1012.15,124.5,4.0,0
flow_3012.4,46.5,4.5,0
flow_30.13,45.0,3.0,0
flow_101.26,114.5,3.5,0
flow_30.14,44.0,3.0,0
flow_1012.16,112.5,5.5,0
flow_0012.5,125.5,4.5,0
flow_0012.6,113.0,4.0,0
flow_00.18,108.0,3.0,0
flow_1012.17,125.5,4.5,0
flow_10.12,111.0,3.0,0
flow_301.20,66.0,7.0,0
flow_30.15,63.5,3.0,0
flow_101.27,110.5,3.0,0
flow_001.29,126.0,3.5,0
flow_201.18,30.0,3.5,0
flow_0012.7,113.0,4.0,0
flow_001.30,108.5,3.0,0
flow_3012.5,73.5,4.0,0
flow_30.16,72.0,3.0,0
flow_101.28,130.0,7.5,0
flow_3012.6,56.0,4.0,0
flow_10.13,114.5,5.5,0
flow_0012.8,109.0,4.5,0
flow_001.31,106.5,3.0,0
flow_201.19,46.0,7.5,0
flow_2012.11,45.0,4.0,0
flow_0012.9,105.5,4.5,0
flow_101.29,126.0,3.5,0
flow_301.21,73.0,3.5,0
flow_10.14,112.0,3.0,0
flow_1012.18,109.5,3.5,0
flow_3012.7,75.5,7.0,0
flow_201.20,62.0,3.5,0
flow_0012.10,112.0,6.5,0
flow_20.6,56.0,3.5,0
flow_001.32,108.0,3.0,0
flow_00.19,103.0,3.0,0
flow_30.17,91.0,4.0,0
flow_10.15,124.5,4.0,0
flow_101.30,111.0,2.5,0
flow_301.22,92.0,3.0,0
flow_10.16,108.0,3.0,0
flow_3012.8,65.5,6.5,0
flow_00.20,107.5,4.0,0
flow_20.7,68.5,4.0,0
flow_201.21,47.5,3.0,0
flow_001.33,107.5,3.0,0
flow_2012.12,41.5,4.0,0
flow_001.34,108.5,6.5,0
flow_30.18,73.0,4.0,0
flow_101.31,125.5,3.5,0
flow_30.19,72.5,3.0,0
flow_1012.19,116.0,6.0,0
flow_30.20,58.5,5.5,0
flow_001.35,109.0,3.5,0
flow_201.22,46.5,3.5,0
flow_00.21,105.0,3.0,0
flow_0012.11,103.0,3.5,0
flow_2012.13,49.5,7.0,0
flow_1012.20,131.5,4.5,0
flow_30.21,67.5,6.5,0
flow_1012.21,132.0,6.0,0
flow_20.8,64.5,4.0,0
flow_0012.12,111.5,7.5,0
flow_001.36,109.5,3.5,0
flow_201.23,39.5,3.0,0
flow_10.17,133.5,4.0,0
flow_301.23,86.0,4.0,0
flow_101.32,129.5,3.0,0
flow_1012.22,115.0,3.5,0
flow_3012.9,73.5,5.0,0
flow_20.9,51.5,4.0,0
flow_001.37,126.0,3.5,0
flow_001.38,111.5,3.0,0
flow_201.24,46.0,3.0,0
flow_201.25,37.5,3.0,0
flow_001.39,109.5,3.0,0
flow_101.33,132.0,3.5,0
flow_301.24,83.0,3.5,0
flow_30.22,80.0,3.0,0
flow_10.18,128.0,3.0,0
flow_30.23,79.5,3.0,0
flow_101.34,115.5,3.0,0
flow_0012.13,125.5,4.5,0
flow_2012.14,55.0,4.5,0
flow_2012.15,48.5,4.5,0
flow_2012.16,29.5,4.0,0
flow_001.40,120.5,7.5,0
flow_3012.10,99.0,4.5,0
flow_301.25,98.0,3.0,0
flow_101.35,135.0,7.5,0
flow_10.19,128.5,3.5,0
flow_301.26,97.0,3.5,0
flow_201.26,45.0,3.5,0
flow_001.41,131.0,3.5,0
flow_2012.17,41.5,3.5,0
flow_0012.14,128.0,4.0,0
flow_0012.15,116.0,4.0,0
flow_1012.23,136.5,4.0,0
flow_30.24,91.0,3.0,0
flow_3012.11,106.5,5.0,0
flow_10.20,132.0,3.5,0
flow_101.36,115.0,3.0,0
flow_301.27,85.5,3.0,0
flow_00.22,130.5,4.0,0
flow_201.27,36.5,3.5,0
flow_001.42,128.5,3.0,0
flow_201.28,31.5,3.0,0
flow_20.10,21.0,2.0,0
flow_001.43,116.0,3.5,0
flow_30.25,94.0,4.0,0
flow_10.21,128.5,4.0,0
flow_30.26,90.0,3.0,0
flow_10.22,111.5,3.0,0
flow_301.28,89.0,3.0,0
flow_1012.24,112.5,5.0,0
flow_001.44,128.5,3.5,0
flow_201.29,41.0,3.5,0
flow_00.23,110.5,3.0,0
flow_001.45,111.0,3.5,0
flow_201.30,26.5,2.5,0
flow_10.23,124.0,4.0,0
flow_301.29,85.0,3.5,0
flow_101.37,112.5,3.0,0
flow_10.24,107.5,3.0,0
flow_301.30,74.0,3.0,0
flow_301.31,53.0,3.5,0
flow_001.46,126.0,3.5,0
flow_201.31,32.0,3.5,0
flow_001.47,112.0,3.0,0
flow_001.48,105.0,3.5,0
flow_201.32,24.0,2.5,0
flow_101.38,125.5,3.5,0
flow_30.27,26.0,2.5,0
flow_30.28,24.0,2.5,0
flow_101.39,110.5,3.0,0
flow_101.40,106.0,3.5,0
flow_201.33,30.5,3.0,0
flow_001.49,109.0,3.5,0
flow_201.34,30.5,3.0,0
flow_0012.16,109.5,5.5,0
flow_00.24,104.5,3.0,0
flow_3012.12,38.0,4.5,0
flow_30.29,26.0,2.5,0
flow_101.41,112.5,7.0,0
flow_301.32,25.5,2.5,0
flow_1012.25,112.0,4.5,0
flow_20.11,44.0,4.0,0
flow_001.50,109.0,3.5,0
flow_00.25,105.5,3.0,0
flow_20.12,43.5,3.0,0
flow_001.51,104.0,3.0,0
flow_201.35,44.0,3.0,0
flow_30.30,25.0,3.0,0
flow_1012.26,127.5,6.5,0
flow_101.42,114.0,3.0,0
flow_101.43,112.0,3.0,0
flow_00.26,108.0,4.0,0
flow_00.27,106.0,3.0,0
flow_001.52,104.0,3.0,0
flow_10.25,124.0,4.0,0
flow_301.33,26.5,2.5,0
flow_101.44,112.0,3.0,0
flow_101.45,111.0,3.5,0
flow_301.34,26.0,3.0,0
flow_201.36,42.5,3.5,0
flow_0012.17,111.5,6.5,0
flow_0012.18,109.0,4.5,0
flow_001.53,106.5,3.5,0
flow_201.37,40.0,4.5,0
flow_1012.27,125.0,4.0,0
flow_10.26,110.5,3.0,0
flow_30.31,44.5,6.5,0
flow_3012.13,39.5,5.5,0
flow_10.27,111.0,5.5,0
flow_0012.19,107.5,4.0,0
flow_2012.18,48.0,4.5,0
flow_201.38,46.0,3.5,0
flow_20.13,22.5,2.0,0
flow_001.54,107.5,3.5,0
flow_001.55,104.0,3.0,0
flow_3012.14,58.0,4.5,0
flow_10.28,127.5,6.5,0
flow_30.32,49.0,3.0,0
flow_1012.28,113.0,6.0,0
flow_00.28,107.5,4.0,0
flow_201.39,40.5,3.5,0
flow_00.29,105.0,3.0,0
flow_20.14,38.5,3.0,0
flow_201.40,38.0,2.5,0
flow_0012.20,106.5,5.0,0
flow_1012.29,125.5,4.0,0
flow_301.35,72.0,7.0,0
flow_101.46,112.5,3.0,0
flow_10.29,108.0,3.0,0
flow_00.30,107.0,4.0,0
flow_201.41,57.0,3.5,0
flow_20.15,35.0,3.0,0
flow_001.56,106.0,3.0,0
flow_001.57,105.0,3.5,0
flow_301.36,41.0,3.5,0
flow_101.47,124.5,3.5,0
flow_10.30,110.5,3.0,0
flow_301.37,35.0,3.0,0
flow_101.48,110.0,3.0,0
flow_3012.15,32.0,6.0,0
flow_00.31,107.0,4.0,0
flow_201.42,26.0,3.0,0
flow_001.58,106.0,3.0,0
flow_20.16,20.5,1.5,0
flow_00.32,101.0,3.0,0
flow_301.38,37.0,3.5,0
flow_101.49,126.5,4.0,0
flow_30.33,23.0,2.0,0
flow_10.31,110.5,3.0,0
flow_101.50,110.5,3.0,0
flow_0012.21,109.0,4.5,0
flow_00.33,105.0,3.0,0
flow_00.34,102.0,3.0,0
flow_201.43,25.0,2.5,0
flow_3012.16,42.0,4.0,0
flow_101.51,129.5,7.0,0
flow_101.52,118.0,4.0,0
flow_2012.19,44.5,4.5,0
flow_20.17,41.5,3.0,0
flow_001.59,113.0,7.5,0
flow_2012.20,43.0,4.0,0
flow_0012.22,111.0,3.5,0
flow_1012.0,24.5,3.0,0
flow_2012.0,38.0,4.5,0
flow_201.0,28.0,2.5,0
flow_201.1,25.0,2.5,0
flow_0012.0,26.5,4.5,0
flow_3012.0,33.5,4.5,0
flow_3012.1,32.5,4.0,0
flow_101.0,37.0,7.0,0
flow_301.0,27.0,3.0,0
flow_0012.1,34.5,4.0,0
flow_20.0,45.5,6.5,0
flow_0012.2,27.5,5.0,0
flow_2012.1,25.5,3.0,0
flow_101.1,54.0,3.5,0
flow_301.1,43.0,3.5,0
flow_3012.2,41.5,3.5,0
flow_301.2,36.5,3.0,0
flow_101.2,57.5,6.5,0
flow_00.0,40.0,4.0,0
flow_201.2,42.0,4.0,0
flow_0012.3,41.5,4.0,0
flow_001.0,39.5,3.0,0
flow_201.3,28.5,3.5,0
flow_301.3,46.5,3.5,0
flow_1012.1,76.0,6.5,0
flow_101.3,73.5,3.0,0
flow_301.4,48.5,3.5,0
flow_1012.2,74.5,4.5,0
flow_0012.4,57.0,4.5,0
flow_20.1,38.0,5.5,0
flow_2012.2,26.5,3.5,0
flow_0012.5,59.0,5.5,0
flow_001.1,56.5,3.0,0
flow_3012.3,67.5,4.5,0
flow_30.0,62.5,3.0,0
flow_101.4,93.0,7.0,0
flow_3012.4,62.0,4.0,0
flow_001.2,72.5,3.5,0
flow_201.4,44.5,3.5,0
flow_001.3,72.0,3.0,0
flow_201.5,44.0,3.0,0
flow_001.4,59.5,3.0,0
flow_201.6,36.0,3.5,0
flow_101.5,112.5,3.5,0
flow_301.5,72.0,3.0,0
flow_30.1,70.5,3.0,0
flow_101.6,112.5,3.0,0
flow_1012.3,108.5,3.0,0
flow_3012.5,71.5,4.0,0
flow_001.5,57.5,3.5,0
flow_201.7,51.0,3.5,0
flow_00.1,44.5,3.0,0
flow_20.2,38.0,3.0,0
flow_001.6,45.5,3.0,0
flow_201.8,40.0,3.5,0
flow_101.7,127.5,3.5,0
flow_301.6,89.5,3.5,0
flow_1012.4,127.0,4.0,0
flow_101.8,126.0,3.5,0
flow_301.7,92.5,7.0,0
flow_0012.6,59.5,4.0,0
flow_2012.3,56.5,4.5,0
flow_201.9,55.5,3.0,0
flow_001.7,54.5,3.0,0
flow_20.3,29.0,3.0,0
flow_001.8,45.5,3.0,0
flow_301.8,108.0,3.5,0
flow_10.0,137.0,4.0,0
flow_101.9,131.0,2.5,0
flow_3012.6,111.5,5.0,0
flow_3012.7,103.0,4.5,0
flow_001.9,44.5,3.5,0
flow_20.4,44.5,4.0,0
flow_0012.7,44.5,3.5,0
flow_0012.8,40.5,4.0,0
flow_301.9,117.0,3.5,0
flow_101.10,137.0,3.5,0
flow_30.2,111.0,3.0,0
flow_101.11,136.0,3.5,0
flow_301.10,110.0,3.0,0
flow_101.12,132.0,3.0,0
flow_20.5,36.0,4.0,0
flow_00.2,44.5,4.0,0
flow_001.10,32.0,3.0,0
flow_3012.8,125.0,4.0,0
flow_101.13,137.0,7.0,0
flow_3012.9,116.0,5.0,0
flow_3012.10,113.0,4.5,0
flow_2012.4,25.5,3.5,0
flow_3012.11,125.0,4.0,0
flow_101.14,141.5,7.0,0
flow_3012.12,115.5,5.0,0
flow_3012.13,111.0,4.5,0
flow_00.3,39.0,3.5,0
flow_20.6,34.0,4.0,0
flow_20.7,29.0,3.0,0
flow_001.11,41.0,3.5,0
flow_0012.9,29.5,3.5,0
flow_3012.14,109.0,4.5,0
flow_101.15,163.5,7.0,0
flow_3012.15,109.5,5.0,0
flow_3012.16,106.0,4.5,0
flow_001.12,26.0,3.0,0
flow_2012.5,26.0,4.0,0
flow_101.16,181.0,3.5,0
flow_301.11,109.0,3.5,0
flow_3012.17,106.5,3.5,0
flow_30.3,101.5,3.0,0
flow_101.17,172.5,6.5,0
flow_00.4,24.0,3.0,0
flow_2012.6,30.5,6.0,0
flow_201.10,25.5,2.5,0
flow_001.13,29.5,3.0,0
flow_3012.18,109.5,4.5,0
flow_30.4,105.0,3.0,0
flow_101.18,191.0,7.5,0
flow_30.5,102.0,3.0,0
flow_001.14,39.0,3.5,0
flow_001.15,36.0,3.0,0
flow_001.16,31.5,3.0,0
flow_1012.5,210.0,5.0,0
flow_3012.19,109.5,4.5,0
flow_1012.6,197.0,4.0,0
flow_101.19,191.5,2.5,0
flow_301.12,111.0,4.5,0
flow_20.8,21.5,2.0,0
flow_00.5,46.0,4.0,0
flow_001.17,25.5,2.5,0
flow_101.20,193.0,3.5,0
flow_301.13,124.5,3.5,0
flow_101.21,191.0,3.0,0
flow_301.14,113.0,3.0,0
flow_30.6,108.0,3.0,0
flow_101.22,189.0,3.5,0
flow_20.9,31.5,3.5,0
flow_001.18,24.0,2.5,0
flow_201.11,26.5,2.5,0
flow_10.1,189.0,4.0,0
flow_30.7,124.0,4.0,0
flow_301.15,112.5,3.0,0
flow_101.23,167.5,3.5,0
flow_301.16,110.0,3.0,0
flow_101.24,143.0,4.0,0
flow_00.6,21.0,1.5,0
flow_201.12,24.5,2.5,0
flow_3012.20,125.5,4.5,0
flow_301.17,112.0,3.0,0
flow_10.2,140.5,6.5,0
flow_10.3,134.5,4.0,0
flow_1012.7,113.5,3.5,0
flow_20.10,43.0,4.0,0
flow_001.19,42.5,3.5,0
flow_2012.7,30.0,3.5,0
flow_001.20,45.5,4.0,0
flow_3012.21,132.5,4.5,0
flow_101.25,114.5,7.5,0
flow_3012.22,132.0,5.0,0
flow_3012.23,117.5,4.5,0
flow_001.21,60.0,3.5,0
flow_0012.10,60.0,3.5,0
flow_001.22,58.0,3.0,0
flow_301.18,127.5,3.5,0
flow_101.26,132.5,3.5,0
flow_101.27,129.0,3.0,0
flow_301.19,114.0,3.5,0
flow_101.28,116.0,3.5,0
flow_301.20,110.5,3.5,0
flow_201.13,39.0,3.5,0
flow_2012.8,37.0,3.5,0
flow_0012.11,65.5,6.5,0
flow_00.7,54.0,4.0,0
flow_201.14,36.5,3.0,0
flow_30.8,123.5,4.0,0
flow_101.29,130.5,3.5,0
flow_10.4,127.0,3.0,0
flow_301.21,112.0,3.0,0
flow_10.5,114.5,3.0,0
flow_3012.24,113.0,6.0,0
flow_2012.9,54.0,4.0,0
flow_00.8,70.0,6.5,0
flow_201.15,53.0,3.0,0
flow_001.23,69.0,3.0,0
flow_201.16,52.5,3.5,0
flow_001.24,49.0,3.5,0
flow_101.30,131.5,3.5,0
flow_301.22,125.5,3.5,0
flow_10.6,127.0,3.0,0
flow_301.23,112.5,3.0,0
flow_30.9,105.5,3.0,0
flow_101.31,115.5,3.0,0
flow_0012.12,64.0,4.0,0
flow_001.25,52.0,3.5,0
flow_00.9,48.0,3.0,0
flow_1012.8,131.0,4.5,0
flow_3012.25,109.0,4.5,0
flow_101.32,129.0,3.0,0
flow_10.7,111.0,3.0,0
flow_301.24,108.0,3.5,0
flow_3012.26,107.0,6.5,0
flow_201.17,39.5,3.5,0
flow_001.26,67.0,3.5,0
flow_0012.13,64.5,4.0,0
flow_00.10,55.5,3.0,0
flow_201.18,43.0,7.0,0
flow_3012.27,110.0,4.5,0
flow_101.33,113.0,7.5,0
flow_3012.28,110.0,5.5,0
flow_301.25,104.5,3.0,0
flow_20.11,50.5,4.0,0
flow_001.27,75.0,3.5,0
flow_00.11,73.5,3.0,0
flow_20.12,49.5,3.0,0
flow_201.19,49.0,2.5,0
flow_001.28,74.0,3.0,0
flow_30.10,107.0,4.0,0
flow_101.34,131.5,3.5,0
flow_301.26,106.5,3.0,0
flow_1012.9,132.0,5.0,0
flow_3012.29,105.0,4.0,0
flow_2012.10,66.0,4.0,0
flow_20.13,60.5,3.0,0
flow_001.29,95.5,7.0,0
flow_201.20,48.0,3.0,0
flow_001.30,92.5,3.5,0
flow_10.8,134.5,4.0,0
flow_301.27,109.0,3.5,0
flow_10.9,132.5,3.0,0
flow_30.11,105.5,3.0,0
flow_301.28,104.5,3.0,0
flow_1012.10,133.0,5.5,0
flow_00.12,108.0,4.0,0
flow_2012.11,52.0,7.5,0
flow_00.13,110.0,5.0,0
flow_20.14,38.0,3.5,0
flow_00.14,108.0,3.5,0
flow_10.10,135.5,4.0,0
flow_3012.30,112.0,7.5,0
flow_301.29,109.5,3.5,0
flow_101.35,139.0,3.0,0
flow_00.15,123.5,4.0,0
flow_201.21,47.0,3.5,0
flow_0012.14,112.5,4.0,0
flow_001.31,110.0,3.0,0
flow_201.22,46.0,6.5,0
flow_301.30,125.5,3.5,0
flow_1012.11,157.0,6.5,0
flow_30.12,109.0,3.0,0
flow_3012.31,116.0,5.0,0
flow_101.36,146.5,4.0,0
flow_001.32,123.5,3.5,0
flow_201.23,35.0,3.5,0
flow_0012.15,111.5,3.5,0
flow_20.15,23.0,2.0,0
flow_001.33,109.5,3.0,0
flow_3012.32,124.5,4.5,0
flow_101.37,163.0,7.5,0
flow_3012.33,115.5,5.5,0
flow_301.31,111.5,3.0,0
flow_20.16,41.0,4.0,0
flow_001.34,126.5,3.5,0
flow_201.24,40.5,2.5,0
flow_20.17,28.5,2.5,0
flow_001.35,111.0,3.5,0
flow_001.36,106.0,3.5,0
flow_3012.34,125.0,4.0,0
flow_10.11,181.5,6.5,0
flow_301.32,112.5,3.0,0
flow_1012.12,168.0,5.0,0
flow_10.12,143.5,3.0,0
flow_0012.16,108.5,4.0,0
flow_2012.12,48.5,4.5,0
flow_2012.13,34.5,4.0,0
flow_201.25,33.0,2.5,0
flow_001.37,110.0,4.0,0
flow_301.33,131.5,3.5,0
flow_1012.13,161.5,6.5,0
flow_30.13,129.5,3.5,0
flow_101.38,143.0,3.0,0
flow_101.39,139.5,3.0,0
flow_001.38,124.0,3.5,0
flow_201.26,44.5,3.5,0
flow_2012.14,46.0,4.5,0
flow_001.39,117.0,7.0,0
flow_2012.15,46.5,5.5,0
flow_10.13,153.0,4.0,0
flow_3012.35,140.0,6.5,0
flow_30.14,133.5,3.5,0
flow_101.40,143.5,3.5,0
flow_2012.16,61.0,4.5,0
flow_00.16,133.5,6.5,0
flow_2012.17,51.0,5.5,0
flow_101.41,153.5,3.5,0
flow_301.34,136.5,3.5,0
flow_3012.36,134.5,3.5,0
flow_1012.14,139.5,4.0,0
flow_301.35,132.0,3.0,0
flow_101.42,135.0,3.5,0
flow_001.40,113.5,3.5,0
flow_201.27,67.5,4.0,0
flow_2012.18,66.0,3.5,0
flow_0012.17,109.0,4.5,0
flow_0012.18,107.5,3.5,0
flow_201.28,69.0,6.0,0
flow_30.15,136.0,4.0,0
flow_101.43,133.0,3.5,0
flow_30.16,134.0,3.5,0
flow_3012.37,130.0,3.5,0
flow_1012.15,115.5,6.0,0
flow_201.29,83.0,3.5,0
flow_001.41,121.0,4.0,0
flow_00.17,117.5,3.0,0
flow_201.30,82.5,3.0,0
flow_001.42,116.5,2.5,0
flow_201.31,81.5,3.5,0
flow_301.36,136.5,3.5,0
flow_101.44,131.0,3.5,0
flow_101.45,128.0,3.0,0
flow_301.37,134.0,3.0,0
flow_30.17,112.0,3.0,0
flow_1012.16,118.0,6.5,0
flow_0012.19,134.0,4.0,0
flow_20.18,99.0,6.5,0
flow_001.43,134.0,3.0,0
flow_0012.20,113.5,3.5,0
flow_2012.19,81.5,5.0,0
flow_101.46,131.0,3.5,0
flow_301.38,129.0,3.5,0
flow_1012.17,130.5,4.5,0
flow_301.39,116.0,7.5,0
flow_1012.18,117.0,6.0,0
flow_201.32,87.0,3.5,0
flow_0012.21,135.0,6.5,0
flow_00.18,130.0,3.5,0
flow_20.19,83.5,3.5,0
flow_00.19,115.0,3.0,0
flow_10.14,124.0,4.0,0
flow_301.40,128.0,3.5,0
flow_10.15,110.5,3.0,0
flow_3012.38,116.0,5.5,0
flow_201.33,57.5,3.5,0
flow_0012.22,113.5,6.5,0
flow_001.44,108.0,3.0,0
flow_00.20,103.5,3.0,0
flow_201.34,46.5,4.0,0
flow_3012.39,130.5,4.0,0
flow_30.18,127.5,3.0,0
flow_101.47,135.5,7.0,0
flow_301.41,115.5,3.0,0
flow_1012.19,134.5,4.5,0
flow_001.45,108.5,3.5,0
flow_20.20,60.5,4.0,0
flow_2012.20,61.5,4.0,0
flow_201.35,46.0,2.5,0
flow_00.21,88.5,6.0,0
flow_001.46,86.5,3.5,0
flow_101.48,136.5,3.5,0
flow_301.42,131.5,3.5,0
flow_101.49,132.0,3.0,0
flow_301.43,129.0,3.0,0
flow_101.50,115.5,3.0,0
flow_301.44,116.0,3.5,0
flow_2012.21,64.0,4.0,0
flow_0012.23,96.0,4.5,0
flow_00.22,85.5,3.0,0
flow_201.36,60.0,3.0,0
flow_001.47,85.0,3.0,0
flow_2012.22,48.5,5.0,0
flow_1012.20,132.0,4.5,0
flow_101.51,128.0,3.0,0
flow_301.45,135.0,7.5,0
flow_30.19,129.0,3.5,0
flow_101.52,116.0,3.5,0
flow_20.21,39.5,4.0,0
flow_001.48,100.5,3.5,0
flow_001.49,78.0,3.0,0
flow_001.50,74.5,3.5,0
flow_1012.21,130.0,4.0,0
flow_3012.40,137.0,4.5,0
flow_10.16,126.5,3.0,0
flow_30.20,130.0,3.0,0
flow_101.53,115.0,3.0,0
flow_301.46,116.0,3.0,0
flow_001.51,91.0,3.5,0
flow_201.37,41.5,3.5,0
flow_00.23,89.0,3.0,0
flow_001.52,90.0,3.0,0
flow_201.38,29.0,3.5,0
flow_101.54,128.5,3.5,0
flow_301.47,129.5,3.5,0
flow_30.21,111.0,3.0,0
flow_101.55,111.0,3.5,0
flow_3012.41,111.5,4.5,0
flow_101.56,109.0,6.5,0
flow_2012.23,37.5,4.5,0
flow_001.53,111.5,7.5,0
flow_001.54,109.0,3.5,0
flow_301.0,25.5,2.5,0
flow_201.0,34.5,3.5,0
flow_20.0,23.5,2.0,0
flow_3012.0,43.0,4.0,0
flow_101.0,30.5,6.5,0
flow_3012.1,46.0,6.0,0
flow_301.1,41.5,3.0,0
flow_00.0,25.0,2.5,0
flow_201.1,37.5,4.0,0
flow_001.0,28.0,3.0,0
flow_301.2,49.5,3.5,0
flow_101.1,27.5,3.0,0
flow_30.0,39.0,3.0,0
flow_101.2,27.0,2.5,0
flow_301.3,38.5,3.0,0
flow_101.3,27.0,3.0,0
flow_2012.0,43.0,4.0,0
flow_201.2,28.5,2.5,0
flow_20.1,26.0,2.5,0
flow_301.4,44.5,3.5,0
flow_3012.2,34.5,4.5,0
flow_301.5,32.0,3.0,0
flow_001.1,45.0,3.5,0
flow_2012.1,29.0,6.0,0
flow_201.3,26.0,2.5,0
flow_001.2,29.0,3.5,0
flow_301.6,33.5,3.5,0
flow_101.4,24.5,2.5,0
flow_301.7,27.5,3.0,0
flow_10.0,23.0,2.0,0
flow_301.8,26.0,2.5,0
flow_001.3,45.0,3.5,0
flow_201.4,43.0,4.0,0
flow_201.5,35.5,3.0,0
flow_2012.2,34.0,3.5,0
flow_101.5,27.0,3.0,0
flow_3012.3,31.5,6.0,0
flow_101.6,31.5,4.0,0
flow_201.6,53.5,4.0,0
flow_001.4,43.0,4.0,0
flow_201.7,51.0,3.5,0
flow_20.2,47.5,3.0,0
flow_30.1,37.5,4.0,0
flow_30.2,37.0,3.0,0
flow_301.9,36.5,2.5,0
flow_0012.0,40.0,4.5,0
flow_2012.3,65.0,4.5,0
flow_2012.4,64.0,4.0,0
flow_201.8,55.0,3.0,0
flow_3012.4,55.0,4.5,0
flow_1012.0,40.0,4.5,0
flow_301.10,55.5,3.5,0
flow_30.3,51.0,3.0,0
flow_001.5,32.5,3.5,0
flow_2012.5,75.5,6.5,0
flow_201.9,73.5,3.0,0
flow_201.10,72.0,3.0,0
flow_1012.1,28.0,4.0,0
flow_30.4,71.5,6.0,0
flow_301.11,70.5,3.5,0
flow_301.12,67.0,3.0,0
flow_001.6,24.0,2.5,0
flow_201.11,88.5,3.5,0
flow_201.12,87.5,3.0,0
flow_2012.6,88.0,4.0,0
flow_30.5,82.0,4.0,0
flow_3012.5,82.5,4.0,0
flow_3012.6,83.5,4.5,0
flow_0012.1,37.0,4.5,0
flow_001.7,37.0,3.0,0
flow_201.13,108.0,4.0,0
flow_001.8,35.0,2.5,0
flow_2012.7,107.5,4.5,0
flow_301.13,99.5,3.5,0
flow_1012.2,44.0,6.5,0
flow_10.1,34.0,3.5,0
flow_30.6,98.5,3.5,0
flow_101.7,34.5,3.0,0
flow_00.1,52.5,4.0,0
flow_201.14,123.5,3.5,0
flow_0012.2,39.5,4.0,0
flow_20.3,114.5,6.0,0
flow_001.9,38.0,3.0,0
flow_20.4,111.5,4.0,0
flow_301.14,118.5,3.5,0
flow_101.8,51.0,3.5,0
flow_101.9,47.0,3.0,0
flow_301.15,112.5,3.0,0
flow_30.7,108.0,3.0,0
flow_101.10,36.5,3.0,0
flow_20.5,125.0,4.0,0
flow_001.10,45.5,3.5,0
flow_20.6,112.0,3.5,0
flow_20.7,109.0,3.0,0
flow_001.11,25.5,2.5,0
flow_10.2,42.0,4.0,0
flow_301.16,110.5,3.5,0
flow_30.8,108.5,3.0,0
flow_101.11,44.5,3.5,0
flow_301.17,102.5,3.0,0
flow_201.15,124.0,3.5,0
flow_001.12,24.5,2.5,0
flow_201.16,114.0,3.5,0
flow_201.17,111.0,3.5,0
flow_10.3,38.5,4.0,0
flow_301.18,120.5,3.5,0
flow_1012.3,38.5,4.0,0
flow_301.19,116.0,7.0,0
flow_2012.8,125.0,4.0,0
flow_201.18,110.0,3.0,0
flow_2012.9,106.0,4.0,0
flow_3012.7,132.5,4.5,0
flow_301.20,125.0,3.0,0
flow_30.9,112.5,3.0,0
flow_00.2,34.5,4.0,0
flow_201.19,108.5,3.5,0
flow_001.13,34.0,3.0,0
flow_2012.10,109.5,5.0,0
flow_201.20,104.0,2.5,0
flow_301.21,129.0,3.5,0
flow_101.12,36.5,3.5,0
flow_1012.4,36.0,4.0,0
flow_30.10,114.5,6.0,0
flow_301.22,112.0,3.5,0
flow_201.21,108.5,3.5,0
flow_001.14,53.5,3.5,0
flow_2012.11,106.5,3.5,0
flow_20.8,102.0,3.0,0
flow_001.15,44.0,6.5,0
flow_301.23,125.0,3.5,0
flow_101.13,37.5,3.5,0
flow_10.4,33.5,3.0,0
flow_301.24,113.0,3.0,0
flow_10.5,31.0,3.0,0
flow_301.25,110.0,3.0,0
flow_201.22,108.0,3.5,0
flow_001.16,55.0,3.5,0
flow_20.9,106.0,3.0,0
flow_20.10,102.5,3.0,0
flow_3012.8,126.5,4.5,0
flow_101.14,34.5,4.0,0
flow_301.26,113.0,3.0,0
flow_30.11,105.0,3.0,0
flow_2012.12,110.0,4.5,0
flow_2012.13,108.0,4.0,0
flow_201.23,104.0,3.0,0
flow_301.27,109.0,3.5,0
flow_1012.5,43.5,6.5,0
flow_301.28,109.5,4.0,0
flow_2012.14,109.5,4.5,0
flow_201.24,106.5,3.0,0
flow_201.25,107.0,4.0,0
flow_1012.6,39.5,4.0,0
flow_3012.9,125.5,4.5,0
flow_30.12,110.5,3.0,0
flow_301.29,109.0,3.0,0
flow_2012.15,109.0,4.5,0
flow_201.26,107.0,3.0,0
flow_001.17,38.0,7.0,0
flow_20.11,101.5,3.0,0
flow_3012.10,124.5,4.0,0
flow_301.30,113.0,3.0,0
flow_30.13,108.5,3.0,0
flow_20.12,108.0,4.0,0
flow_001.18,39.5,3.5,0
flow_2012.16,108.0,4.0,0
flow_20.13,102.0,3.0,0
flow_3012.11,125.0,4.0,0
flow_1012.7,32.0,4.0,0
flow_301.31,113.5,3.5,0
flow_3012.12,110.5,3.5,0
flow_201.27,108.0,3.5,0
flow_00.3,38.0,4.0,0
flow_20.14,105.5,3.0,0
flow_001.19,34.5,3.0,0
flow_2012.17,104.0,4.0,0
flow_301.32,126.0,3.5,0
flow_1012.8,41.5,6.5,0
flow_1012.9,41.5,4.5,0
flow_101.15,33.5,3.0,0
flow_301.33,118.0,4.0,0
flow_201.28,108.0,3.5,0
flow_001.20,37.5,3.5,0
flow_20.15,105.0,3.0,0
flow_001.21,36.0,3.0,0
flow_2012.18,104.0,3.5,0
flow_10.6,42.0,4.0,0
flow_301.34,128.5,3.5,0
flow_301.35,112.5,3.0,0
flow_3012.13,110.0,4.0,0
flow_001.22,46.5,3.5,0
flow_201.29,109.0,3.5,0
flow_20.16,105.0,3.0,0
flow_001.23,31.0,4.0,0
flow_201.30,104.0,3.0,0
flow_001.24,26.5,3.0,0
flow_10.7,39.0,4.0,0
flow_301.36,126.0,3.5,0
flow_301.37,113.0,3.0,0
flow_3012.14,109.0,3.5,0
flow_1012.10,28.0,4.5,0
flow_20.17,108.0,4.0,0
flow_20.18,105.5,3.0,0
flow_20.19,102.5,3.0,0
flow_1012.11,29.5,4.0,0
flow_101.16,28.0,3.0,0
flow_301.38,129.0,7.0,0
flow_30.14,114.0,3.0,0
flow_201.31,108.5,3.5,0
flow_001.25,26.0,3.0,0
flow_2012.19,109.0,5.0,0
flow_201.32,104.0,3.0,0
flow_10.8,39.5,4.0,0
flow_301.39,131.0,3.5,0
flow_3012.15,128.0,3.5,0
flow_1012.12,25.5,3.5,0
flow_30.15,114.0,3.0,0
flow_201.33,108.5,3.5,0
flow_20.20,105.5,3.0,0
flow_2012.20,105.0,4.0,0
flow_301.40,126.5,3.5,0
flow_301.41,112.5,3.0,0
flow_3012.16,109.0,3.5,0
flow_201.34,109.0,3.5,0
flow_201.35,107.0,3.0,0
flow_201.36,105.0,3.5,0
flow_301.42,124.5,3.5,0
flow_1012.13,24.5,3.0,0
flow_301.43,115.5,4.0,0
flow_001.26,37.5,3.5,0
flow_201.37,108.5,3.5,0
flow_201.38,107.0,3.0,0
flow_001.27,38.0,3.0,0
flow_20.21,101.5,3.0,0
flow_001.28,35.0,3.0,0
flow_301.44,131.0,3.5,0
flow_1012.14,26.5,3.5,0
flow_301.45,132.5,4.0,0
flow_2012.21,110.0,4.5,0
flow_00.4,48.5,7.0,0
flow_201.39,106.5,3.0,0
flow_20.22,102.0,3.0,0
flow_00.5,42.5,4.0,0
flow_10.9,35.5,4.0,0
flow_301.46,134.5,3.5,0
flow_1012.15,32.0,4.0,0
flow_30.16,131.0,4.5,0
flow_30.17,116.0,3.5,0
flow_0012.3,50.0,4.5,0
flow_201.40,113.5,7.5,0
flow_0012.4,49.5,5.5,0
flow_001.29,33.5,3.0,0
flow_3012.17,132.0,4.5,0
flow_10.10,41.0,6.5,0
flow_30.18,127.5,3.0,0
flow_1012.16,43.0,6.0,0
flow_30.19,117.0,5.5,0
flow_201.41,131.5,3.5,0
flow_2012.22,128.5,3.5,0
flow_2012.23,115.5,4.0,0
flow_301.47,131.5,3.5,0
flow_301.48,129.5,3.5,0
flow_301.49,116.0,3.5,0
flow_001.30,48.5,4.0,0
flow_201.42,131.5,3.5,0
flow_0012.5,36.5,3.5,0
flow_20.23,130.0,5.0,0
flow_201.43,117.5,3.0,0
flow_301.50,128.5,3.5,0
flow_3012.18,111.0,3.5,0
flow_301.51,106.0,2.5,0
flow_001.31,37.0,3.5,0
flow_201.44,132.0,3.5,0
flow_20.24,129.5,3.5,0
flow_201.45,115.5,3.0,0
flow_3012.19,110.0,4.5,0
flow_3012.20,106.5,4.0,0
flow_3012.21,104.5,4.0,0
flow_00.6,31.5,3.5,0
flow_201.46,132.0,3.5,0
flow_20.25,127.0,3.0,0
flow_2012.24,113.5,4.0,0
flow_10.11,24.0,3.0,0
flow_3012.22,111.0,6.5,0
flow_3012.23,109.5,4.5,0
flow_30.20,103.5,3.0,0
flow_201.47,108.5,3.5,0
flow_001.32,30.5,3.5,0
flow_201.48,107.0,3.0,0
flow_201.49,105.0,3.5,0
flow_101.17,44.5,3.5,0
flow_301.52,109.0,3.5,0
flow_10.12,22.5,2.0,0
flow_301.53,106.5,3.0,0
flow_301.54,105.0,3.5,0
flow_1012.17,28.0,4.5,0
flow_201.50,109.0,3.5,0
flow_201.51,106.0,3.0,0
flow_0012.6,26.5,4.5,0
flow_2012.25,103.5,3.5,0
flow_301.55,109.0,3.5,0
flow_1012.18,38.0,6.5,0
flow_30.21,107.5,3.5,0
flow_101.18,36.0,3.0,0
flow_20.26,107.5,4.0,0
flow_00.7,32.0,4.0,0
flow_201.52,107.5,3.0,0
flow_201.53,105.0,3.5,0
flow_30.22,123.5,4.0,0
flow_301.56,114.0,3.5,0
flow_30.23,108.5,3.0,0
flow_2012.26,110.0,4.5,0
flow_0012.7,33.5,4.5,0
flow_2012.27,107.5,4.0,0
flow_201.54,103.0,2.5,0
flow_001.33,28.0,3.0,0
flow_301.57,124.5,3.5,0
flow_1012.19,42.0,6.5,0
flow_10.13,34.5,3.5,0
flow_301.58,115.0,4.0,0
flow_2012.28,109.0,4.5,0
flow_00.8,27.0,5.5,0
flow_2012.29,109.0,5.5,0
flow_3012.24,131.0,4.5,0
flow_1012.20,36.0,4.5,0
flow_3012.25,128.5,4.0,0
flow_1012.21,37.5,4.5,0
flow_3012.26,115.5,4.0,0
flow_001.34,23.5,2.0,0
flow_201.55,125.0,3.5,0
flow_2012.30,112.0,3.5,0
flow_201.56,109.5,3.0,0
flow_3012.27,132.0,4.5,0
flow_30.24,127.0,3.0,0
flow_101.19,45.0,7.5,0
flow_301.59,114.0,3.0,0
flow_20.27,124.0,4.0,0
flow_201.57,112.0,3.0,0
flow_20.28,109.0,3.0,0
flow_10.14,20.5,2.0,0
flow_101.0,27.0,3.0,0
flow_3012.0,26.5,4.0,0
flow_0012.0,34.0,4.0,0
flow_2012.0,24.5,3.0,0
flow_001.0,29.5,5.5,0
flow_301.0,40.5,3.5,0
flow_00.0,45.5,4.0,0
flow_20.0,40.5,4.0,0
flow_00.1,46.0,3.0,0
flow_201.0,33.5,2.5,0
flow_001.1,44.5,2.5,0
flow_201.1,28.5,3.0,0
flow_0012.1,65.5,6.5,0
flow_0012.2,65.0,4.5,0
flow_001.2,61.5,3.0,0
flow_201.2,34.0,4.5,0
flow_10.0,33.0,3.5,0
flow_30.0,21.0,2.0,0
flow_101.1,34.0,3.0,0
flow_201.3,49.0,3.5,0
flow_0012.3,74.5,6.5,0
flow_001.3,72.5,3.0,0
flow_001.4,66.5,3.0,0
flow_1012.0,23.0,2.5,0
flow_3012.1,43.5,4.5,0
flow_2012.1,38.5,4.5,0
flow_201.4,36.5,3.0,0
flow_001.5,87.0,7.5,0
flow_2012.2,37.5,4.5,0
flow_00.2,86.0,5.5,0
flow_101.2,32.0,3.5,0
flow_20.1,30.5,3.5,0
flow_0012.4,99.5,6.5,0
flow_00.3,97.0,3.5,0
flow_201.5,36.0,3.0,0
flow_001.6,97.5,2.5,0
flow_30.1,37.0,4.0,0
flow_1012.1,26.0,3.5,0
flow_00.4,111.5,4.0,0
flow_201.6,53.0,3.5,0
flow_20.2,38.0,3.0,0
flow_001.7,111.0,3.0,0
flow_201.7,38.5,3.0,0
flow_001.8,109.5,3.0,0
flow_101.3,40.0,3.5,0
flow_301.1,24.5,2.5,0
flow_201.8,51.0,3.5,0
flow_0012.5,127.0,6.5,0
flow_001.9,114.0,3.5,0
flow_00.5,109.0,3.0,0
flow_201.9,49.5,4.0,0
flow_301.2,41.5,3.5,0
flow_101.4,25.5,2.5,0
flow_001.10,124.0,3.5,0
flow_201.10,67.0,3.5,0
flow_00.6,109.0,3.0,0
flow_201.11,67.0,3.0,0
flow_0012.6,104.5,3.5,0
flow_201.12,69.5,6.5,0
flow_0012.7,108.0,4.0,0
flow_2012.3,84.0,4.5,0
flow_0012.8,107.0,4.0,0
flow_00.7,100.5,3.0,0
flow_20.3,84.5,6.5,0
flow_20.4,68.0,4.5,0
flow_1012.2,24.5,3.0,0
flow_3012.2,26.5,3.5,0
flow_301.3,26.5,3.0,0
flow_2012.4,85.5,4.5,0
flow_00.8,111.0,7.0,0
flow_201.13,84.5,3.5,0
flow_0012.9,110.5,5.5,0
flow_00.9,106.5,3.5,0
flow_301.4,25.5,2.5,0
flow_201.14,103.5,3.5,0
flow_001.11,109.0,3.5,0
flow_2012.5,103.5,4.0,0
flow_20.5,100.0,3.0,0
flow_001.12,110.0,6.5,0
flow_30.2,36.0,4.0,0
flow_101.5,24.0,2.5,0
flow_001.13,124.0,3.5,0
flow_201.15,119.0,3.5,0
flow_00.10,110.5,3.0,0
flow_201.16,113.0,3.0,0
flow_00.11,108.5,3.0,0
flow_2012.6,112.0,6.0,0
flow_101.6,47.5,4.0,0
flow_1012.3,29.5,3.5,0
flow_3012.3,38.5,6.0,0
flow_101.7,25.5,3.0,0
flow_2012.7,125.0,4.5,0
flow_00.12,127.0,6.5,0
flow_20.6,110.5,3.0,0
flow_001.14,113.5,3.5,0
flow_2012.8,110.5,4.0,0
flow_30.3,20.5,1.5,0
flow_2012.9,125.5,4.5,0
flow_001.15,136.0,7.5,0
flow_201.17,110.5,3.5,0
flow_201.18,110.0,4.0,0
flow_0012.10,136.5,6.0,0
flow_3012.4,36.5,4.0,0
flow_20.7,108.5,4.0,0
flow_001.16,137.0,3.5,0
flow_201.19,106.5,3.0,0
flow_0012.11,137.5,5.0,0
flow_0012.12,133.5,4.0,0
flow_301.5,44.5,3.5,0
flow_001.17,137.5,3.5,0
flow_201.20,126.0,3.5,0
flow_20.8,110.5,3.0,0
flow_001.18,133.0,3.5,0
flow_0012.13,116.0,3.5,0
flow_2012.10,110.5,4.0,0
flow_301.6,26.0,3.0,0
flow_20.9,123.5,4.0,0
flow_001.19,131.0,3.5,0
flow_20.10,111.0,3.0,0
flow_0012.14,132.0,6.0,0
flow_20.11,112.0,5.5,0
flow_10.1,36.5,3.5,0
flow_301.7,37.0,3.5,0
flow_3012.5,38.5,4.0,0
flow_201.21,125.0,3.5,0
flow_001.20,137.0,3.5,0
flow_00.13,131.0,3.0,0
flow_201.22,113.5,3.5,0
flow_20.12,108.5,3.0,0
flow_001.21,112.0,2.5,0
flow_10.2,22.0,2.0,0
flow_301.8,29.5,3.5,0
flow_20.13,123.5,4.0,0
flow_0012.15,129.0,7.5,0
flow_2012.11,112.5,3.5,0
flow_2012.12,108.5,4.0,0
flow_0012.16,116.5,4.5,0
flow_10.3,33.0,3.5,0
flow_2012.13,109.0,4.5,0
flow_201.23,106.0,3.0,0
flow_001.22,134.5,7.0,0
flow_001.23,132.5,3.5,0
flow_201.24,105.5,3.5,0
flow_301.9,42.0,3.5,0
flow_3012.6,42.5,4.0,0
flow_301.10,26.0,2.5,0
flow_00.14,135.5,4.0,0
flow_201.25,110.0,4.0,0
flow_0012.17,135.5,4.0,0
flow_001.24,131.5,3.0,0
flow_201.26,111.0,7.0,0
flow_301.11,43.5,3.5,0
flow_301.12,36.5,3.0,0
flow_30.4,28.5,2.5,0
flow_00.15,136.0,4.0,0
flow_201.27,125.5,3.5,0
flow_201.28,112.0,3.0,0
flow_001.25,132.5,3.0,0
flow_0012.18,116.0,4.0,0
flow_201.29,114.0,7.0,0
flow_10.4,27.0,3.5,0
flow_301.13,30.0,3.5,0
flow_10.5,22.0,2.0,0
flow_20.14,123.5,4.0,0
flow_00.16,130.0,4.0,0
flow_001.26,129.0,3.0,0
flow_2012.14,115.0,5.0,0
flow_0012.19,115.5,4.0,0
flow_101.8,37.0,3.5,0
flow_101.9,27.5,3.0,0
flow_20.15,130.0,4.0,0
flow_001.27,128.5,3.5,0
flow_201.30,128.5,3.0,0
flow_001.28,110.5,3.0,0
flow_00.17,102.5,3.0,0
flow_201.31,115.0,2.5,0
flow_301.14,26.0,2.5,0
flow_101.10,31.5,3.0,0
flow_2012.15,131.5,4.5,0
flow_0012.20,109.5,4.5,0
flow_20.16,127.5,3.0,0
flow_001.29,107.5,3.0,0
flow_0012.21,104.5,3.5,0
flow_2012.16,116.0,4.0,0
flow_101.11,38.0,3.5,0
flow_301.15,23.5,2.0,0
flow_201.32,128.0,3.5,0
flow_0012.22,111.5,6.5,0
flow_0012.23,109.5,4.5,0
flow_001.30,104.5,3.0,0
flow_201.33,118.5,4.0,0
flow_10.6,24.0,2.5,0
flow_0012.24,108.0,4.0,0
flow_2012.17,130.0,4.0,0
flow_0012.25,107.5,4.0,0
flow_001.31,103.5,3.0,0
flow_201.34,133.5,4.5,0
flow_301.16,29.5,3.5,0
flow_301.17,25.5,2.5,0
flow_20.17,137.0,4.0,0
flow_001.32,109.5,3.5,0
flow_201.35,132.5,2.5,0
flow_0012.26,109.5,4.5,0
flow_001.33,104.5,2.5,0
flow_30.5,41.5,4.0,0
flow_101.12,39.5,3.5,0
flow_30.6,40.5,3.0,0
flow_301.18,41.5,3.0,0
flow_20.18,137.5,4.0,0
flow_001.34,109.0,3.5,0
flow_20.19,135.0,3.5,0
flow_001.35,107.0,3.0,0
flow_00.18,101.5,3.0,0
flow_201.36,131.5,2.5,0
flow_30.7,33.0,4.0,0
flow_001.36,108.0,3.5,0
flow_201.37,137.0,3.5,0
flow_00.19,104.5,3.0,0
flow_201.38,136.0,3.5,0
flow_00.20,102.0,3.0,0
flow_2012.18,137.5,7.0,0
flow_301.19,28.0,3.0,0
flow_101.13,25.0,2.5,0
flow_301.20,24.5,2.0,0
flow_00.21,107.5,4.0,0
flow_20.20,135.0,4.0,0
flow_201.39,129.5,2.5,0
flow_001.37,106.5,3.0,0
flow_20.21,114.0,3.0,0
flow_001.38,103.5,3.0,0
flow_30.8,21.0,2.0,0
flow_101.14,43.5,3.5,0
flow_101.15,33.5,3.0,0
flow_301.21,25.5,2.5,0
flow_001.39,109.0,3.5,0
flow_201.40,128.0,3.5,0
flow_001.40,106.0,3.0,0
flow_201.41,113.0,3.0,0
flow_00.22,101.5,3.0,0
flow_20.22,106.5,3.0,0
flow_3012.7,38.5,4.5,0
flow_201.42,108.5,3.5,0
flow_0012.27,111.5,6.5,0
flow_001.41,107.5,3.0,0
flow_20.23,107.5,3.5,0
flow_001.42,105.0,3.0,0
flow_101.16,35.5,3.5,0
flow_20.24,124.5,4.0,0
flow_001.43,109.0,3.5,0
flow_0012.28,106.5,3.5,0
flow_2012.19,112.5,4.0,0
flow_00.23,103.0,3.0,0
flow_201.43,112.0,3.5,0
flow_301.22,27.5,3.0,0
flow_101.17,25.5,2.5,0
flow_201.44,124.5,3.5,0
flow_001.44,109.0,3.5,0
flow_201.45,112.0,3.0,0
flow_001.45,107.5,3.0,0
flow_0012.29,103.5,3.5,0
flow_2012.20,111.0,4.0,0
flow_101.18,28.0,3.5,0
flow_301.23,26.0,3.0,0
flow_2012.21,126.5,4.5,0
flow_00.24,111.0,7.0,0
flow_201.46,112.0,3.0,0
flow_0012.30,109.5,5.0,0
flow_001.46,105.0,3.0,0
flow_3012.8,43.0,4.5,0
flow_10.7,22.5,2.0,0
flow_00.25,107.0,4.0,0
flow_201.47,131.5,3.5,0
flow_0012.31,106.0,3.5,0
flow_2012.22,129.5,4.0,0
flow_00.26,102.0,3.0,0
flow_201.48,114.5,3.0,0
flow_2012.23,128.5,4.5,0
flow_001.47,112.0,7.0,0
flow_201.49,112.0,3.0,0
flow_20.25,107.0,3.0,0
flow_001.48,111.5,3.5,0
flow_0012.32,125.0,4.5,0
flow_2012.24,126.0,4.5,0
flow_0012.33,112.0,4.0,0
flow_001.49,110.0,3.0,0
flow_201.50,116.5,4.0,0
flow_2012.25,131.5,4.5,0
flow_001.50,131.0,7.5,0
flow_20.26,115.5,3.5,0
flow_2012.26,133.0,5.5,0
flow_301.24,29.5,3.5,0
flow_20.27,129.5,4.0,0
flow_001.51,137.0,3.5,0
flow_2012.27,114.0,4.5,0
flow_201.51,110.5,3.0,0
flow_001.52,140.5,7.5,0
flow_101.0,25.5,2.5,0
flow_00.0,33.5,4.0,0
flow_201.0,39.0,3.5,0
flow_0012.0,35.0,4.0,0
flow_201.1,42.5,7.0,0
flow_3012.0,38.5,5.0,0
flow_3012.1,33.0,4.5,0
flow_2012.0,60.0,4.5,0
flow_00.1,43.5,7.0,0
flow_2012.1,49.5,6.0,0
flow_0012.1,43.5,4.5,0
flow_00.2,40.0,3.5,0
flow_101.1,40.5,3.5,0
flow_301.0,27.0,3.0,0
flow_20.0,66.0,4.0,0
flow_001.0,56.5,3.5,0
flow_2012.2,67.0,4.0,0
flow_0012.2,57.5,4.0,0
flow_00.3,54.0,3.0,0
flow_201.2,64.5,3.0,0
flow_001.1,72.0,3.5,0
flow_201.3,77.5,3.5,0
flow_0012.3,72.0,4.0,0
flow_00.4,68.0,3.0,0
flow_20.1,78.0,6.0,0
flow_20.2,76.5,4.0,0
flow_10.0,29.0,3.5,0
flow_10.1,23.0,2.5,0
flow_201.4,91.0,4.0,0
flow_20.3,88.5,3.5,0
flow_0012.4,83.5,7.0,0
flow_001.2,80.5,3.0,0
flow_001.3,67.5,3.0,0
flow_30.0,41.0,4.0,0
flow_301.1,27.5,2.5,0
flow_20.4,104.5,4.0,0
flow_00.5,82.5,4.0,0
flow_201.5,106.5,3.5,0
flow_0012.5,48.5,5.5,0
flow_001.4,45.5,3.5,0
flow_10.2,31.0,3.5,0
flow_301.2,40.5,3.5,0
flow_301.3,38.5,3.5,0
flow_001.5,50.0,3.5,0
flow_201.6,118.5,3.5,0
flow_001.6,50.0,3.0,0
flow_201.7,118.5,3.0,0
flow_001.7,49.5,3.5,0
flow_201.8,116.0,3.5,0
flow_301.4,44.5,3.5,0
flow_301.5,43.0,3.0,0
flow_30.1,30.5,3.0,0
flow_00.6,65.0,4.0,0
flow_20.5,132.5,4.0,0
flow_201.9,128.0,3.0,0
flow_0012.6,59.0,5.0,0
flow_0012.7,53.0,4.0,0
flow_1012.0,42.0,4.5,0
flow_3012.2,37.5,4.5,0
flow_1012.1,25.5,3.5,0
flow_001.8,67.5,3.5,0
flow_201.10,137.0,3.5,0
flow_201.11,134.0,3.0,0
flow_001.9,66.5,3.0,0
flow_0012.8,55.0,3.5,0
flow_201.12,135.0,6.5,0
flow_301.6,34.0,3.5,0
flow_101.2,34.0,4.0,0
flow_00.7,45.5,4.0,0
flow_20.6,134.5,4.0,0
flow_00.8,45.5,3.0,0
flow_201.13,131.0,3.0,0
flow_20.7,114.5,3.0,0
flow_00.9,26.5,2.5,0
flow_10.3,42.0,4.0,0
flow_301.7,38.5,3.5,0
flow_301.8,29.5,3.0,0
flow_1012.2,44.0,5.5,0
flow_101.3,42.5,3.5,0
flow_00.10,23.0,2.0,0
flow_201.14,129.5,3.5,0
flow_201.15,112.5,3.0,0
flow_00.11,22.0,2.0,0
flow_001.10,26.5,2.5,0
flow_201.16,110.0,3.0,0
flow_101.4,60.0,4.0,0
flow_101.5,57.5,3.5,0
flow_10.4,32.0,3.0,0
flow_001.11,32.5,3.5,0
flow_20.8,125.0,4.0,0
flow_201.17,112.0,3.0,0
flow_001.12,26.0,3.0,0
flow_201.18,109.0,3.0,0
flow_301.9,27.5,3.0,0
flow_101.6,48.5,3.5,0
flow_101.7,40.5,3.0,0
flow_101.8,26.0,2.5,0
flow_00.12,41.5,4.0,0
flow_201.19,108.5,3.5,0
flow_00.13,42.0,3.0,0
flow_2012.3,110.0,6.0,0
flow_301.10,42.5,3.5,0
flow_101.9,42.0,3.5,0
flow_301.11,43.0,3.0,0
flow_30.2,33.5,3.0,0
flow_20.9,123.0,4.0,0
flow_001.13,62.5,3.5,0
flow_201.20,112.0,3.0,0
flow_0012.9,65.0,5.0,0
flow_001.14,62.0,2.5,0
flow_301.12,42.5,3.5,0
flow_101.10,33.5,3.5,0
flow_30.3,20.5,2.0,0
flow_101.11,35.0,4.0,0
flow_201.21,132.0,3.5,0
flow_001.15,79.5,4.0,0
flow_00.14,66.5,3.0,0
flow_201.22,129.0,3.0,0
flow_20.10,114.0,3.0,0
flow_001.16,65.5,3.0,0
flow_3012.3,25.0,3.0,0
flow_2012.4,130.5,4.0,0
flow_0012.10,81.0,4.5,0
flow_0012.11,79.5,4.0,0
flow_00.15,67.5,3.0,0
flow_201.23,133.5,4.0,0
flow_101.12,43.5,3.5,0
flow_101.13,44.0,3.0,0
flow_1012.3,39.5,4.0,0
flow_2012.5,137.0,4.5,0
flow_00.16,88.0,6.5,0
flow_20.11,129.5,3.0,0
flow_201.24,136.0,3.5,0
flow_001.17,87.0,3.5,0
flow_001.18,81.5,3.0,0
flow_101.14,56.0,3.5,0
flow_1012.4,56.5,4.0,0
flow_30.4,22.0,2.0,0
flow_10.5,53.0,3.0,0
flow_201.25,137.0,3.5,0
flow_001.19,97.0,3.5,0
flow_0012.12,96.5,4.0,0
flow_001.20,95.5,3.0,0
flow_201.26,137.0,7.0,0
flow_301.13,26.0,3.0,0
flow_101.15,71.5,3.5,0
flow_301.14,26.0,2.5,0
flow_1012.5,64.5,5.5,0
flow_10.6,38.5,3.5,0
flow_00.17,107.5,4.0,0
flow_201.27,137.5,3.5,0
flow_0012.13,107.0,4.0,0
flow_2012.6,134.0,4.0,0
flow_20.12,114.5,3.0,0
flow_00.18,103.0,3.0,0
flow_10.7,42.0,4.0,0
flow_20.13,130.0,4.0,0
flow_001.21,110.0,4.0,0
flow_201.28,129.5,3.0,0
flow_001.22,107.5,3.5,0
flow_201.29,116.0,3.5,0
flow_0012.14,107.5,6.5,0
flow_1012.6,49.5,5.5,0
flow_2012.7,128.5,4.5,0
flow_00.19,110.5,6.5,0
flow_20.14,111.0,3.0,0
flow_00.20,107.5,4.0,0
flow_201.30,109.5,3.0,0
flow_001.23,104.5,3.0,0
flow_101.16,35.5,3.5,0
flow_00.21,108.0,4.0,0
flow_201.31,125.5,3.5,0
flow_001.24,107.0,3.0,0
flow_2012.8,115.0,5.0,0
flow_2012.9,109.5,4.0,0
flow_101.17,32.5,3.5,0
flow_201.32,108.5,3.5,0
flow_001.25,125.5,3.5,0
flow_2012.10,107.0,4.0,0
flow_00.22,114.5,6.0,0
flow_2012.11,106.0,6.5,0
flow_301.15,32.0,3.5,0
flow_101.18,24.5,2.5,0
flow_2012.12,108.5,4.0,0
flow_001.26,135.0,7.0,0
flow_2012.13,110.0,5.0,0
flow_201.33,106.0,3.0,0
flow_2012.14,109.0,4.5,0
flow_00.23,155.0,6.5,0
flow_20.15,105.5,3.0,0
flow_001.27,141.5,3.0,0
flow_2012.15,104.5,4.0,0
flow_10.8,41.5,4.0,0
flow_301.16,29.5,3.0,0
flow_20.16,107.5,4.0,0
flow_001.28,159.5,3.5,0
flow_201.34,107.0,3.0,0
flow_001.29,157.0,3.0,0
flow_20.17,102.0,3.0,0
flow_001.30,143.5,3.0,0
flow_301.17,27.5,3.0,0
flow_20.18,107.5,4.0,0
flow_001.31,159.5,3.5,0
flow_20.19,106.0,3.0,0
flow_001.32,157.0,3.5,0
flow_20.20,102.5,3.0,0
flow_0012.15,146.0,6.0,0
flow_301.18,26.0,3.0,0
flow_201.35,109.5,3.5,0
flow_0012.16,161.0,6.5,0
flow_20.21,109.0,4.5,0
flow_0012.17,143.5,4.5,0
flow_001.33,137.0,3.0,0
flow_201.36,124.5,3.5,0
flow_001.34,133.5,3.5,0
flow_0012.18,113.0,4.0,0
flow_001.35,108.0,3.0,0
flow_201.37,116.5,7.0,0
flow_301.19,43.5,3.5,0
flow_20.22,129.5,4.0,0
flow_00.24,107.0,4.0,0
flow_001.36,106.5,3.0,0
flow_201.38,129.0,3.0,0
flow_20.23,113.5,3.0,0
flow_00.25,102.5,3.0,0
flow_101.19,26.5,3.0,0
flow_00.26,107.0,4.0,0
flow_201.39,132.0,3.5,0
flow_20.24,127.0,3.0,0
flow_00.27,105.5,3.0,0
flow_001.37,102.0,2.5,0
flow_201.40,116.5,3.5,0
flow_201.41,130.5,3.5,0
flow_001.38,108.5,3.5,0
flow_0012.19,106.5,4.0,0
flow_2012.16,128.0,4.0,0
flow_20.25,112.5,3.0,0
flow_001.39,104.5,3.5,0
flow_10.9,38.5,4.0,0
flow_301.20,37.0,3.5,0
flow_10.10,24.0,2.0,0
flow_2012.17,127.0,4.0,0
flow_201.42,111.5,3.0,0
flow_001.40,112.5,7.0,0
flow_2012.18,107.0,4.0,0
flow_10.11,35.5,4.0,0
flow_101.20,36.5,3.0,0
flow_101.21,36.5,3.5,0
flow_201.43,108.5,3.5,0
flow_001.41,131.0,4.0,0
flow_20.26,106.0,3.0,0
flow_001.42,129.5,3.5,0
flow_201.44,104.0,3.0,0
flow_001.43,115.5,3.0,0
flow_10.12,25.0,3.0,0
flow_20.27,107.5,4.0,0
flow_001.44,132.0,3.5,0
flow_2012.19,107.0,4.0,0
flow_00.28,131.0,6.0,0
flow_201.45,104.0,3.0,0
flow_0012.20,118.0,5.0,0
flow_101.22,40.0,3.5,0
flow_301.21,32.0,3.5,0
flow_101.23,40.0,3.5,0
flow_10.13,36.0,3.0,0
flow_2012.20,109.0,4.5,0
flow_001.45,136.0,7.5,0
flow_2012.21,110.5,5.5,0
flow_201.46,106.0,3.5,0
flow_1012.7,54.5,4.0,0
flow_3012.4,39.0,4.5,0
flow_101.24,42.5,3.5,0
flow_301.22,37.5,3.5,0
flow_2012.22,109.5,4.5,0
flow_20.28,105.0,3.0,0
flow_001.46,158.0,7.5,0
flow_2012.23,104.5,4.0,0
flow_0012.21,145.5,4.0,0
flow_10.14,23.5,2.5,0
flow_301.23,26.0,3.0,0
flow_201.47,108.5,3.5,0
flow_0012.22,162.0,6.5,0
flow_0012.23,158.0,4.0,0
flow_00.29,141.0,3.0,0
flow_201.48,113.5,4.5,0
flow_30.5,43.0,4.0,0
flow_1012.8,37.5,6.5,0
flow_20.29,124.5,4.0,0
flow_001.47,138.0,3.5,0
flow_00.30,133.5,3.0,0
flow_20.30,111.0,3.0,0
flow_201.49,109.0,2.5,0
flow_00.31,131.5,3.0,0
flow_301.24,38.0,3.5,0
flow_301.25,26.0,2.5,0
flow_30.6,23.0,2.0,0
flow_20.31,123.5,4.0,0
flow_001.48,138.0,4.0,0
flow_201.50,113.0,3.0,0
flow_001.49,135.5,3.5,0
flow_201.51,110.5,3.5,0
flow_0012.24,135.0,6.5,0
flow_30.7,41.5,4.0,0
flow_1012.9,46.0,7.5,0
flow_3012.5,40.0,4.0,0
flow_10.15,45.5,3.5,0
flow_301.26,33.0,2.5,0
flow_201.52,124.5,3.5,0
flow_0012.25,137.5,6.5,0
flow_2012.24,113.0,4.0,0
flow_201.53,110.5,3.0,0
flow_001.50,113.5,3.5,0
flow_101.25,49.0,3.5,0
flow_301.27,31.5,3.5,0
flow_101.26,40.5,3.0,0
flow_10.16,26.0,2.5,0
flow_201.54,125.0,3.5,0
flow_001.51,127.5,4.0,0
flow_201.55,113.0,3.5,0
flow_001.52,113.0,3.5,0
flow_20.32,104.0,3.0,0
flow_00.32,110.5,3.0,0
flow_10.0,21.0,1.5,0
flow_30.0,21.5,2.0,0
flow_101.0,26.0,3.0,0
flow_2012.0,32.0,4.0,0
flow_3012.0,35.0,4.0,0
flow_101.1,46.0,7.0,0
flow_301.0,34.0,3.0,0
flow_101.2,45.5,3.0,0
flow_301.1,28.0,3.0,0
flow_001.0,25.5,2.5,0
flow_30.1,43.5,4.0,0
flow_101.3,63.0,3.5,0
flow_3012.1,44.5,4.0,0
flow_10.1,63.5,6.0,0
flow_3012.2,48.0,6.5,0
flow_001.1,43.0,3.5,0
flow_101.4,81.0,3.5,0
flow_30.2,60.0,4.0,0
flow_10.2,80.5,3.0,0
flow_301.2,54.5,3.0,0
flow_101.5,79.0,2.5,0
flow_301.3,53.0,3.0,0
flow_00.0,33.0,4.0,0
flow_201.0,42.5,3.5,0
flow_201.1,41.5,3.0,0
flow_20.0,38.5,3.0,0
flow_301.4,66.5,3.5,0
flow_1012.0,100.0,6.5,0
flow_3012.3,44.5,3.5,0
flow_301.5,44.5,3.0,0
flow_101.6,100.5,3.5,0
flow_00.1,37.5,4.0,0
flow_201.2,54.5,3.5,0
flow_0012.0,27.5,3.5,0
flow_1012.1,118.0,4.5,0
flow_30.3,58.5,6.5,0
flow_101.7,116.0,3.0,0
flow_3012.4,38.5,5.0,0
flow_30.4,34.5,3.0,0
flow_201.3,31.5,3.5,0
flow_0012.1,50.0,7.0,0
flow_001.2,44.5,3.0,0
flow_001.3,39.5,3.5,0
flow_3012.5,47.5,4.0,0
flow_30.5,27.5,3.0,0
flow_101.8,140.5,7.0,0
flow_30.6,22.5,2.0,0
flow_10.3,137.5,3.0,0
flow_2012.1,36.0,4.0,0
flow_201.4,34.5,2.5,0
flow_001.4,45.5,7.0,0
flow_0012.2,37.0,4.0,0
flow_3012.6,43.5,4.5,0
flow_30.7,40.0,3.0,0
flow_101.9,158.0,7.5,0
flow_301.6,40.5,3.0,0
flow_1012.2,145.5,4.5,0
flow_0012.3,52.5,4.0,0
flow_001.5,39.5,3.0,0
flow_001.6,27.0,3.0,0
flow_30.8,57.0,4.0,0
flow_101.10,159.5,4.0,0
flow_10.4,138.5,3.0,0
flow_30.9,56.0,3.0,0
flow_101.11,138.0,3.0,0
flow_301.7,57.0,3.0,0
flow_0012.4,41.0,4.5,0
flow_201.5,46.5,7.0,0
flow_20.1,27.0,3.0,0
flow_001.7,27.0,3.0,0
flow_3012.7,73.5,4.0,0
flow_301.8,73.0,3.0,0
flow_101.12,157.0,7.0,0
flow_30.10,70.0,3.0,0
flow_1012.3,146.0,6.0,0
flow_0012.5,43.5,4.5,0
flow_201.6,39.0,7.5,0
flow_2012.2,27.0,3.5,0
flow_1012.4,154.5,4.0,0
flow_30.11,91.0,6.5,0
flow_1012.5,143.5,5.5,0
flow_201.7,45.5,3.5,0
flow_001.8,46.5,3.5,0
flow_2012.3,45.0,4.0,0
flow_00.2,25.0,3.5,0
flow_2012.4,42.0,6.0,0
flow_10.5,156.0,4.5,0
flow_301.9,112.5,3.5,0
flow_101.13,137.5,3.0,0
flow_301.10,112.0,3.0,0
flow_3012.8,111.5,3.5,0
flow_101.14,136.5,6.5,0
flow_2012.5,55.0,4.5,0
flow_00.3,46.5,7.0,0
flow_201.8,52.5,2.5,0
flow_201.9,51.5,3.0,0
flow_001.9,36.5,3.5,0
flow_301.11,128.0,3.5,0
flow_101.15,135.0,3.5,0
flow_301.12,127.0,3.0,0
flow_101.16,130.0,3.0,0
flow_10.6,113.0,3.0,0
flow_30.12,113.5,3.0,0
flow_201.10,71.0,4.0,0
flow_20.2,67.0,3.0,0
flow_201.11,67.0,3.0,0
flow_001.10,25.0,2.5,0
flow_1012.6,132.0,4.5,0
flow_30.13,133.0,6.5,0
flow_1012.7,131.5,5.5,0
flow_2012.6,87.0,5.0,0
flow_201.12,78.0,3.0,0
flow_201.13,46.5,3.5,0
flow_301.13,153.0,4.0,0
flow_101.17,134.0,3.5,0
flow_3012.9,140.0,4.0,0
flow_1012.8,129.5,3.5,0
flow_1012.9,116.0,4.0,0
flow_301.14,142.5,6.5,0
flow_20.3,44.5,4.0,0
flow_001.11,31.0,3.5,0
flow_0012.6,29.5,4.0,0
flow_0012.7,28.0,4.0,0
flow_20.4,25.0,4.0,0
flow_301.15,153.0,3.5,0
flow_101.18,130.0,3.5,0
flow_301.16,139.5,3.0,0
flow_101.19,113.5,3.0,0
flow_3012.10,117.0,4.0,0
flow_1012.10,111.5,4.0,0
flow_201.14,41.5,3.5,0
flow_001.12,41.0,3.5,0
flow_001.13,32.0,3.5,0
flow_0012.8,31.0,3.5,0
flow_301.17,132.0,3.5,0
flow_101.20,127.0,4.0,0
flow_301.18,129.5,3.0,0
flow_101.21,114.0,3.5,0
flow_301.19,115.5,3.0,0
flow_1012.11,113.0,5.5,0
flow_001.14,42.0,3.5,0
flow_0012.9,39.5,3.5,0
flow_001.15,36.5,3.0,0
flow_30.14,130.0,4.0,0
flow_101.22,127.0,4.0,0
flow_101.23,112.5,3.0,0
flow_301.20,129.5,3.0,0
flow_101.24,109.0,3.5,0
flow_301.21,117.0,3.5,0
flow_00.4,43.0,4.0,0
flow_001.16,29.0,2.5,0
flow_0012.10,27.0,3.5,0
flow_20.5,23.0,2.5,0
flow_301.22,111.0,3.5,0
flow_1012.12,113.0,6.5,0
flow_30.15,107.5,3.5,0
flow_101.25,109.0,3.0,0
flow_1012.13,108.0,4.5,0
flow_0012.11,46.0,4.5,0
flow_00.5,42.5,3.0,0
flow_201.15,39.5,7.5,0
flow_20.6,35.5,3.5,0
flow_001.17,27.0,2.5,0
flow_30.16,123.0,4.0,0
flow_10.7,107.5,4.0,0
flow_10.8,105.5,3.0,0
flow_3012.11,115.0,5.5,0
flow_10.9,106.0,5.5,0
flow_201.16,53.0,3.5,0
flow_001.18,45.0,3.5,0
flow_201.17,39.0,3.0,0
flow_001.19,44.5,3.0,0
flow_00.6,39.5,3.0,0
flow_201.18,38.5,3.0,0
flow_301.23,132.0,3.5,0
flow_101.26,109.5,3.5,0
flow_30.17,127.5,3.0,0
flow_101.27,107.0,3.0,0
flow_3012.12,115.0,3.5,0
flow_101.28,107.0,6.5,0
flow_0012.12,58.0,4.5,0
flow_2012.7,51.5,4.5,0
flow_00.7,49.5,3.0,0
flow_201.19,25.0,2.5,0
flow_001.20,43.0,3.0,0
flow_3012.13,131.5,4.5,0
flow_30.18,126.5,3.0,0
flow_101.29,113.0,7.5,0
flow_301.24,114.5,2.5,0
flow_10.10,109.5,3.5,0
flow_201.20,42.0,3.5,0
flow_001.21,25.0,2.5,0
flow_201.21,42.0,3.0,0
flow_20.7,31.5,3.0,0
flow_10.11,124.5,4.0,0
flow_1012.14,111.5,3.5,0
flow_3012.14,135.0,7.5,0
flow_1012.15,109.5,4.0,0
flow_30.19,133.5,5.0,0
flow_201.22,37.0,3.5,0
flow_001.22,35.5,3.5,0
flow_001.23,34.0,3.0,0
flow_0012.13,30.0,3.5,0
flow_2012.8,40.0,6.0,0
flow_301.25,135.5,3.5,0
flow_101.30,124.0,3.5,0
flow_3012.15,132.0,4.0,0
flow_1012.16,113.5,4.0,0
flow_1012.17,110.5,4.0,0
flow_30.20,117.5,6.5,0
flow_20.8,55.0,4.0,0
flow_001.24,25.0,2.5,0
flow_2012.9,25.0,3.5,0
flow_1012.18,126.0,4.5,0
flow_3012.16,130.0,4.5,0
flow_1012.19,112.5,4.0,0
flow_30.21,115.0,6.0,0
flow_101.31,109.0,3.0,0
flow_3012.17,112.5,5.0,0
flow_2012.10,37.0,4.5,0
flow_00.8,35.5,5.5,0
flow_2012.11,26.5,3.5,0
flow_10.12,123.0,4.0,0
flow_30.22,124.5,4.0,0
flow_30.23,111.0,3.0,0
flow_10.13,109.0,3.0,0
flow_10.14,104.0,3.0,0
flow_3012.18,112.5,6.0,0
flow_00.9,23.5,2.5,0
flow_20.9,38.5,4.0,0
flow_001.25,26.0,2.5,0
flow_001.26,26.0,2.5,0
flow_3012.19,125.5,4.5,0
flow_301.26,111.0,3.0,0
flow_101.32,113.5,7.5,0
flow_30.24,104.0,3.0,0
flow_101.33,111.0,3.5,0
flow_001.27,42.0,3.5,0
flow_201.23,28.0,3.0,0
flow_001.28,27.5,3.0,0
flow_00.10,24.5,2.5,0
flow_201.24,27.0,3.0,0
flow_10.15,124.0,4.0,0
flow_301.27,109.0,3.5,0
flow_10.16,111.0,3.0,0
flow_301.28,107.5,3.0,0
flow_10.17,109.0,3.0,0
flow_3012.20,106.5,6.0,0
flow_201.25,40.5,3.5,0
flow_0012.14,47.0,6.5,0
flow_201.26,31.0,3.5,0
flow_301.29,109.0,3.5,0
flow_101.34,125.5,3.5,0
flow_1012.20,112.5,4.0,0
flow_101.35,109.5,3.0,0
flow_301.30,111.0,7.0,0
flow_2012.12,48.0,4.0,0
flow_201.27,48.0,3.0,0
flow_001.29,34.5,4.0,0
flow_201.28,47.5,3.0,0
flow_001.30,32.5,3.5,0
flow_301.31,124.5,3.5,0
flow_1012.21,127.0,6.5,0
flow_101.36,114.5,3.5,0
flow_301.32,115.0,4.0,0
flow_101.37,111.0,3.5,0
flow_20.10,55.0,4.0,0
flow_001.31,49.5,3.5,0
flow_20.11,54.5,3.0,0
flow_00.11,41.5,3.0,0
flow_20.12,44.5,3.0,0
flow_001.32,43.5,3.5,0
flow_101.38,123.5,3.5,0
flow_301.33,132.5,4.0,0
flow_10.18,108.0,3.0,0
flow_301.34,130.0,3.5,0
flow_101.39,104.0,2.5,0
flow_30.25,115.0,3.0,0
flow_00.12,56.0,4.0,0
flow_201.29,56.0,3.5,0
flow_0012.15,51.5,4.5,0
flow_001.33,43.5,3.0,0
flow_201.30,60.0,7.0,0
flow_301.35,132.0,3.5,0
flow_1012.22,112.0,6.5,0
flow_101.40,108.5,3.5,0
flow_301.36,132.5,3.5,0
flow_1012.23,105.5,5.0,0
flow_2012.13,62.0,4.5,0
flow_00.13,56.0,6.5,0
flow_2012.14,62.5,6.0,0
flow_10.19,107.5,4.0,0
flow_301.37,136.5,3.5,0
flow_1012.24,109.0,4.5,0
flow_30.26,137.5,6.5,0
flow_3012.21,133.0,5.0,0
flow_1012.25,107.0,7.0,0
flow_001.34,70.5,3.5,0
flow_201.31,70.5,3.5,0
flow_00.14,65.5,3.0,0
flow_201.32,51.5,3.0,0
flow_20.13,37.0,3.0,0
flow_001.35,64.0,2.5,0
flow_3012.22,139.0,5.0,0
flow_10.20,111.0,7.0,0
flow_301.38,132.5,3.0,0
flow_101.41,108.0,3.0,0
flow_301.39,116.0,3.5,0
flow_1012.26,106.5,5.0,0
flow_0012.16,82.5,4.5,0
flow_20.14,58.0,6.5,0
flow_001.36,81.0,3.0,0
flow_2012.15,27.5,4.0,0
flow_10.21,107.5,4.0,0
flow_30.27,128.5,4.0,0
flow_30.28,111.0,3.0,0
flow_101.42,107.0,3.0,0
flow_301.40,109.5,3.0,0
flow_101.43,104.0,3.0,0
flow_001.37,101.5,3.5,0
flow_201.33,33.0,3.5,0
flow_0012.17,99.5,4.0,0
flow_00.15,89.5,3.0,0
flow_1012.27,109.5,4.5,0
flow_301.41,129.5,7.5,0
flow_101.44,107.0,3.0,0
flow_30.29,113.5,3.5,0
flow_101.45,103.0,3.0,0
flow_001.38,101.5,3.5,0
flow_201.34,41.5,3.5,0
flow_201.35,37.0,3.0,0
flow_0012.18,104.0,6.0,0
flow_001.39,99.5,3.0,0
flow_30.30,127.5,4.0,0
flow_101.46,108.5,3.5,0
flow_30.31,111.0,3.0,0
flow_10.22,105.5,3.0,0
flow_10.23,101.5,3.0,0
flow_301.42,109.5,3.0,0
flow_00.16,114.0,4.0,0
flow_20.15,55.0,4.0,0
flow_0012.19,95.0,4.0,0
flow_2012.16,57.0,4.0,0
flow_2012.17,56.0,4.0,0
flow_30.32,123.5,4.0,0
flow_101.47,109.5,3.5,0
flow_10.24,105.0,3.0,0
flow_301.43,112.5,3.0,0
flow_10.25,103.0,3.0,0
flow_3012.23,112.5,6.5,0
flow_001.40,106.0,3.5,0
flow_201.36,72.5,3.5,0
flow_001.41,105.5,3.0,0
flow_201.37,56.0,3.0,0
flow_0012.20,103.5,4.0,0
flow_20.16,52.5,6.5,0
flow_10.26,107.0,4.0,0
flow_30.33,124.5,4.0,0
flow_101.48,106.5,3.0,0
flow_30.34,112.5,3.5,0
flow_301.44,108.5,2.5,0
flow_101.49,105.5,3.5,0
flow_001.42,115.0,3.5,0
flow_0012.21,108.0,3.5,0
flow_001.43,106.5,2.5,0
flow_101.50,108.0,3.5,0
flow_30.35,125.0,4.0,0
flow_301.45,111.5,3.5,0
flow_101.51,108.5,3.5,0
flow_3012.24,106.5,4.5,0
flow_10.27,106.0,6.0,0
flow_20.17,34.0,4.0,0
flow_001.44,125.0,4.0,0
flow_0012.22,95.0,3.5,0
flow_2012.18,35.5,4.0,0
flow_201.38,32.0,3.0,0
flow_001.45,65.5,3.0,0
flow_301.46,108.5,3.5,0
flow_101.52,109.5,3.5,0
flow_1012.28,106.5,3.5,0
flow_10.28,101.5,3.0,0
flow_301.47,111.5,7.0,0
flow_201.39,49.5,3.5,0
flow_001.46,85.0,4.0,0
flow_2012.19,50.5,4.0,0
flow_201.40,38.0,3.0,0
flow_001.47,74.5,7.0,0
flow_3012.25,125.5,4.5,0
flow_10.29,110.5,6.5,0
flow_30.36,111.0,3.0,0
flow_10.30,108.0,4.0,0
flow_301.48,110.0,3.0,0
flow_101.53,105.0,2.5,0
flow_001.48,60.0,3.5,0
flow_201.41,46.0,3.5,0
flow_0012.23,56.0,4.0,0
flow_00.17,52.5,3.0,0
flow_201.42,49.5,7.0,0
flow_30.0,21.5,2.0,0
flow_10.0,23.0,2.0,0
flow_201.0,38.0,3.5,0
flow_001.0,33.5,3.5,0
flow_0012.0,32.0,4.0,0
flow_101.0,42.5,3.5,0
flow_101.1,43.0,3.0,0
flow_10.1,40.0,3.0,0
flow_001.1,38.5,3.5,0
flow_001.2,31.0,3.0,0
flow_00.0,27.5,2.5,0
flow_0012.1,28.5,3.5,0
flow_1012.0,51.5,4.5,0
flow_101.2,50.5,3.0,0
flow_301.0,35.5,4.0,0
flow_1012.1,50.0,4.0,0
flow_0012.2,46.0,5.0,0
flow_001.3,40.5,3.0,0
flow_0012.3,30.0,3.5,0
flow_30.1,37.0,4.0,0
flow_101.3,67.0,3.5,0
flow_101.4,66.5,3.0,0
flow_301.1,26.5,3.0,0
flow_10.2,64.0,3.0,0
flow_00.1,45.0,4.0,0
flow_001.4,45.0,3.0,0
flow_001.5,45.0,3.0,0
flow_201.1,28.5,3.5,0
flow_3012.0,34.5,4.5,0
flow_10.3,85.0,6.5,0
flow_10.4,84.0,4.0,0
flow_1012.2,82.5,3.5,0
flow_00.2,60.5,4.0,0
flow_001.6,60.5,3.0,0
flow_001.7,60.5,3.5,0
flow_301.2,42.5,3.5,0
flow_1012.3,101.5,6.5,0
flow_1012.4,100.5,4.5,0
flow_3012.1,25.5,3.5,0
flow_1012.5,99.0,4.5,0
flow_001.8,70.0,3.5,0
flow_00.3,67.5,3.0,0
flow_0012.4,67.5,3.5,0
flow_1012.6,109.0,4.5,0
flow_301.3,46.0,7.5,0
flow_1012.7,111.0,5.5,0
flow_101.5,105.0,3.0,0
flow_001.9,82.0,3.5,0
flow_201.2,25.5,2.5,0
flow_001.10,81.5,3.0,0
flow_0012.5,80.5,4.0,0
flow_1012.8,110.0,4.5,0
flow_10.5,105.5,3.0,0
flow_301.4,27.0,2.5,0
flow_10.6,103.0,3.0,0
flow_001.11,97.0,3.5,0
flow_001.12,97.0,3.0,0
flow_201.3,26.5,3.0,0
flow_00.4,93.5,3.0,0
flow_30.2,33.5,4.0,0
flow_1012.9,112.0,7.5,0
flow_101.6,109.0,3.5,0
flow_301.5,39.5,3.0,0
flow_001.13,108.5,3.5,0
flow_0012.6,107.0,3.5,0
flow_001.14,100.0,3.0,0
flow_2012.0,26.5,3.5,0
flow_30.3,53.0,4.0,0
flow_10.7,123.5,4.0,0
flow_101.7,112.0,3.0,0
flow_301.6,54.0,3.0,0
flow_1012.10,109.5,4.0,0
flow_3012.2,40.0,4.0,0
flow_001.15,109.0,3.5,0
flow_001.16,103.0,3.0,0
flow_001.17,100.0,3.5,0
flow_301.7,37.0,3.5,0
flow_101.8,125.0,3.5,0
flow_101.9,112.5,3.0,0
flow_301.8,31.0,3.0,0
flow_1012.11,110.0,4.0,0
flow_00.5,107.5,4.0,0
flow_001.18,98.0,3.0,0
flow_001.19,97.5,3.5,0
flow_30.4,37.5,4.0,0
flow_101.10,124.5,3.5,0
flow_30.5,27.5,3.0,0
flow_101.11,114.0,3.5,0
flow_10.8,108.5,2.5,0
flow_0012.7,109.0,4.5,0
flow_00.6,106.0,3.0,0
flow_0012.8,103.0,3.5,0
flow_101.12,125.0,3.5,0
flow_301.9,36.0,4.0,0
flow_101.13,111.5,3.0,0
flow_101.14,107.0,3.0,0
flow_301.10,26.5,3.0,0
flow_001.20,108.5,3.5,0
flow_201.4,35.0,3.5,0
flow_2012.1,32.0,4.0,0
flow_00.7,107.5,5.0,0
flow_0012.9,105.0,3.5,0
flow_301.11,28.5,3.0,0
flow_101.15,110.0,3.5,0
flow_1012.12,107.5,4.0,0
flow_101.16,104.0,3.0,0
flow_001.21,109.0,3.5,0
flow_0012.10,108.0,4.0,0
flow_0012.11,104.5,4.0,0
flow_101.17,109.5,3.5,0
flow_101.18,107.0,3.0,0
flow_101.19,106.5,4.0,0
flow_001.22,108.5,3.5,0
flow_001.23,107.5,3.0,0
flow_001.24,105.5,3.5,0
flow_10.9,107.5,4.0,0
flow_101.20,106.5,3.0,0
flow_301.12,25.5,2.5,0
flow_101.21,105.0,3.5,0
flow_001.25,109.0,3.5,0
flow_201.5,25.5,2.5,0
flow_001.26,107.0,3.0,0
flow_001.27,104.0,3.0,0
flow_10.10,107.0,4.0,0
flow_3012.3,30.0,5.0,0
flow_101.22,111.0,3.0,0
flow_001.28,109.0,3.5,0
flow_201.6,38.5,3.5,0
flow_0012.12,108.5,4.5,0
flow_001.29,103.0,3.0,0
flow_301.13,26.5,3.0,0
flow_101.23,125.0,3.5,0
flow_101.24,112.0,3.0,0
flow_10.11,107.5,3.0,0
flow_001.30,108.5,3.5,0
flow_201.7,40.0,3.5,0
flow_00.8,106.0,3.0,0
flow_001.31,104.0,3.0,0
flow_101.25,125.5,3.5,0
flow_101.26,112.5,3.0,0
flow_10.12,108.0,3.0,0
flow_001.32,108.5,3.5,0
flow_00.9,106.5,3.0,0
flow_001.33,103.5,3.0,0
flow_101.27,125.5,3.5,0
flow_10.13,110.5,3.0,0
flow_101.28,110.0,3.0,0
flow_20.0,32.5,4.0,0
flow_001.34,109.0,3.5,0
flow_00.10,105.0,3.0,0
flow_0012.13,105.0,4.0,0
flow_101.29,125.5,3.5,0
flow_301.14,30.0,3.5,0
flow_1012.13,114.0,4.5,0
flow_101.30,105.5,3.0,0
flow_001.35,108.5,3.5,0
flow_001.36,108.5,3.5,0
flow_001.37,105.0,3.5,0
flow_30.6,20.0,1.5,0
flow_101.31,109.0,3.5,0
flow_101.32,107.0,3.0,0
flow_101.33,105.5,3.5,0
flow_001.38,109.0,3.5,0
flow_001.39,107.0,3.0,0
flow_001.40,105.0,3.5,0
flow_3012.4,33.5,4.5,0
flow_1012.14,110.0,4.5,0
flow_10.14,105.0,3.0,0
flow_10.15,102.5,3.0,0
flow_20.1,34.0,4.0,0
flow_0012.14,113.0,7.5,0
flow_00.11,108.0,3.5,0
flow_201.8,30.5,3.0,0
flow_10.16,107.5,4.0,0
flow_301.15,44.0,3.5,0
flow_101.34,106.0,3.0,0
flow_301.16,34.5,3.0,0
flow_30.7,25.5,2.5,0
flow_10.17,102.5,3.0,0
flow_0012.15,125.0,4.0,0
flow_00.12,111.5,3.0,0
flow_201.9,36.0,4.0,0
flow_001.41,110.5,3.0,0
flow_30.8,29.5,3.5,0
flow_10.18,108.0,4.0,0
flow_1012.15,107.0,4.0,0
flow_3012.5,31.0,4.0,0
flow_30.9,26.5,3.0,0
flow_10.19,103.0,3.0,0
flow_001.42,125.0,3.5,0
flow_201.10,40.5,3.5,0
flow_001.43,112.5,3.0,0
flow_00.13,108.5,3.0,0
flow_10.20,107.5,4.0,0
flow_10.21,105.5,3.0,0
flow_10.22,103.0,3.0,0
flow_3012.6,30.0,5.5,0
flow_0012.16,127.5,4.5,0
flow_001.44,112.5,3.0,0
flow_001.45,110.5,3.0,0
flow_3012.7,38.5,4.5,0
flow_30.10,30.5,3.0,0
flow_101.35,112.5,7.5,0
flow_10.23,108.5,3.5,0
flow_301.17,31.5,3.0,0
flow_2012.2,45.0,4.5,0
flow_00.14,127.0,6.0,0
flow_201.11,39.5,2.5,0
flow_001.46,113.5,3.0,0
flow_001.47,108.0,3.0,0
flow_10.24,123.5,4.0,0
flow_10.25,111.0,3.0,0
flow_1012.16,109.5,3.5,0
flow_001.48,109.0,3.5,0
flow_001.49,107.0,3.0,0
flow_001.50,104.5,3.5,0
flow_301.18,32.5,3.5,0
flow_101.36,125.5,3.5,0
flow_101.37,112.0,3.0,0
flow_1012.17,110.0,3.5,0
flow_001.51,109.0,3.5,0
flow_0012.17,107.0,4.0,0
flow_001.52,104.5,3.0,0
flow_301.19,28.0,3.0,0
flow_1012.18,127.5,6.0,0
flow_30.11,24.0,2.5,0
flow_101.38,113.0,3.0,0
flow_101.39,110.5,3.0,0
flow_001.53,108.5,3.5,0
flow_201.12,34.0,3.5,0
flow_001.54,106.5,3.0,0
flow_001.55,105.0,3.5,0
flow_201.13,27.0,3.0,0
flow_1012.19,124.5,4.5,0
flow_30.12,43.5,6.5,0
flow_1012.20,113.0,6.0,0
flow_2012.3,42.0,4.5,0
flow_001.56,112.0,7.0,0
flow_001.57,110.0,3.5,0
flow_10.26,125.0,4.0,0
flow_301.20,38.0,3.5,0
flow_1012.21,112.5,4.0,0
flow_101.40,109.0,2.5,0
flow_00.15,124.0,4.0,0
flow_0012.18,113.0,4.0,0
flow_001.58,110.0,3.0,0
flow_10.27,125.0,4.0,0
flow_301.21,39.5,3.5,0
flow_101.41,113.0,3.0,0
flow_1012.22,110.5,4.0,0
flow_001.59,125.0,3.5,0
flow_201.14,46.0,4.0,0
flow_001.60,112.5,3.0,0
flow_201.15,45.0,3.0,0
flow_0012.19,110.5,4.0,0
flow_301.22,37.5,3.5,0
flow_101.42,126.0,3.5,0
flow_10.28,111.5,3.0,0
flow_1012.23,108.5,3.5,0
flow_001.61,125.0,3.5,0
flow_001.62,112.5,3.0,0
flow_0012.20,109.5,3.5,0
flow_101.43,125.5,3.5,0
flow_301.23,46.0,3.5,0
flow_101.44,113.5,3.5,0
flow_101.45,108.5,3.5,0
flow_001.63,125.5,3.5,0
flow_0012.21,110.5,4.0,0
flow_0012.22,105.5,4.0,0
flow_101.46,109.0,3.5,0
flow_101.47,108.0,3.5,0
flow_10.29,102.0,3.0,0
flow_0012.23,109.5,4.5,0
flow_00.16,106.0,3.0,0
flow_201.16,30.0,7.0,0
flow_0012.24,104.5,4.0,0
flow_101.48,109.0,3.5,0
flow_101.49,106.5,3.0,0
flow_301.24,25.5,2.5,0
flow_1012.24,105.0,4.0,0
flow_0012.25,109.0,4.5,0
flow_0012.26,108.5,4.5,0
flow_001.64,103.5,3.0,0
flow_301.25,43.0,3.5,0
flow_1012.25,112.0,6.5,0
flow_101.50,108.0,3.0,0
flow_101.51,105.0,3.0,0
flow_20.2,35.5,4.0,0
flow_0012.27,111.0,6.5,0
flow_001.65,108.0,3.0,0
flow_201.17,35.5,3.0,0
flow_001.66,106.5,3.0,0
flow_10.30,107.5,4.0,0
flow_1012.26,106.0,3.5,0
flow_10.31,102.5,3.0,0
flow_20.3,23.0,2.5,0
flow_001.67,109.0,3.5,0
flow_0012.28,106.0,3.5,0
flow_00.17,102.0,3.0,0
flow_10.32,108.0,4.0,0
flow_301.26,40.0,4.0,0
flow_101.52,107.0,3.0,0
flow_301.27,31.5,3.5,0
flow_1012.27,104.5,4.0,0
flow_001.68,109.0,3.5,0
flow_001.69,107.0,3.0,0
flow_201.18,26.5,3.0,0
flow_0012.29,105.0,4.5,0
flow_301.28,29.0,3.0,0
flow_101.53,109.0,3.5,0
flow_10.33,106.5,3.0,0
flow_101.54,103.5,3.0,0
flow_00.18,107.5,4.0,0
flow_00.19,106.0,3.0,0
flow_0012.30,103.5,3.5,0
flow_30.13,24.0,2.5,0
flow_101.55,107.5,3.5,0
flow_101.56,106.5,3.0,0
flow_101.57,103.0,3.0,0
flow_00.20,108.0,4.0,0
flow_001.70,105.5,3.0,0
flow_0012.31,102.0,3.5,0
flow_2012.4,29.0,5.5,0
flow_1012.0,25.5,3.5,0
flow_001.0,26.0,3.0,0
flow_301.0,30.0,3.5,0
flow_101.0,24.5,2.5,0
flow_101.1,24.0,2.0,0
flow_001.1,38.5,3.0,0
flow_201.0,43.5,3.5,0
flow_0012.0,37.5,3.5,0
flow_00.0,31.5,3.0,0
flow_20.0,42.0,6.0,0
flow_2012.0,42.5,5.5,0
flow_1012.1,43.0,4.0,0
flow_3012.0,32.0,4.0,0
flow_3012.1,30.5,4.0,0
flow_1012.2,40.5,4.0,0
flow_101.2,39.5,3.0,0
flow_2012.1,56.0,4.0,0
flow_00.1,49.0,6.5,0
flow_201.1,53.0,3.5,0
flow_00.2,47.5,4.0,0
flow_101.3,50.5,3.5,0
flow_301.1,32.5,3.0,0
flow_301.2,32.0,3.0,0
flow_101.4,50.5,3.5,0
flow_1012.3,49.0,4.0,0
flow_3012.2,32.0,4.5,0
flow_2012.2,70.0,4.0,0
flow_0012.1,42.0,4.5,0
flow_2012.3,71.0,4.0,0
flow_201.2,67.0,3.5,0
flow_001.2,42.0,4.0,0
flow_3012.3,45.5,4.0,0
flow_1012.4,66.0,4.5,0
flow_1012.5,65.5,4.0,0
flow_1012.6,65.0,4.0,0
flow_301.3,43.5,7.0,0
flow_2012.4,61.5,4.5,0
flow_201.3,56.5,3.0,0
flow_20.1,54.5,3.0,0
flow_001.3,36.0,4.5,0
flow_101.5,81.0,3.5,0
flow_301.4,54.5,3.5,0
flow_1012.7,68.0,3.5,0
flow_101.6,64.0,3.0,0
flow_301.5,49.0,7.0,0
flow_20.2,35.0,4.0,0
flow_001.4,42.5,3.5,0
flow_2012.5,27.5,3.0,0
flow_001.5,40.0,4.0,0
flow_30.0,59.5,4.0,0
flow_10.0,63.5,4.0,0
flow_101.7,62.5,2.5,0
flow_30.1,44.5,3.0,0
flow_301.6,45.5,3.0,0
flow_1012.8,59.5,5.5,0
flow_001.6,49.0,3.5,0
flow_2012.6,39.5,6.0,0
flow_201.4,29.5,3.0,0
flow_301.7,62.5,3.5,0
flow_101.8,74.5,3.5,0
flow_3012.4,57.5,4.0,0
flow_30.2,45.5,3.0,0
flow_10.1,75.5,6.0,0
flow_101.9,67.5,3.5,0
flow_2012.7,44.5,4.5,0
flow_001.7,48.5,7.5,0
flow_2012.8,43.0,5.5,0
flow_0012.2,49.5,4.5,0
flow_10.2,81.0,4.0,0
flow_301.8,58.0,3.5,0
flow_10.3,81.0,3.0,0
flow_301.9,58.0,3.0,0
flow_1012.9,68.5,3.5,0
flow_301.10,48.0,7.0,0
flow_001.8,51.0,3.5,0
flow_201.5,51.0,3.5,0
flow_001.9,51.0,3.0,0
flow_001.10,44.5,3.5,0
flow_101.10,73.0,3.5,0
flow_301.11,61.0,3.5,0
flow_1012.10,72.5,4.0,0
flow_101.11,71.0,3.0,0
flow_301.12,56.5,7.0,0
flow_201.6,39.5,3.5,0
flow_0012.3,64.0,6.5,0
flow_00.3,50.0,3.5,0
flow_201.7,41.5,3.5,0
flow_001.11,40.0,3.0,0
flow_1012.11,91.0,5.0,0
flow_301.13,70.5,8.0,0
flow_1012.12,93.0,6.0,0
flow_001.12,56.5,3.5,0
flow_201.8,54.5,3.5,0
flow_201.9,46.0,3.0,0
flow_001.13,56.5,3.0,0
flow_001.14,53.5,3.0,0
flow_201.10,35.5,3.5,0
flow_30.3,65.0,4.0,0
flow_101.12,108.0,4.0,0
flow_101.13,107.5,3.0,0
flow_30.4,65.5,3.5,0
flow_101.14,106.5,3.0,0
flow_301.14,64.5,3.0,0
flow_001.15,68.5,3.5,0
flow_201.11,53.0,3.5,0
flow_2012.9,32.5,4.0,0
flow_001.16,69.5,4.0,0
flow_2012.10,28.5,4.5,0
flow_1012.13,124.0,4.5,0
flow_30.5,83.0,6.5,0
flow_101.15,112.5,3.0,0
flow_3012.5,80.0,5.0,0
flow_3012.6,79.0,4.5,0
flow_001.17,82.5,3.5,0
flow_201.12,31.5,3.5,0
flow_0012.4,72.0,4.0,0
flow_2012.11,31.0,4.0,0
flow_2012.12,29.5,4.0,0
flow_0012.5,68.5,4.0,0
flow_30.6,87.5,4.0,0
flow_101.16,131.0,3.5,0
flow_301.15,87.5,2.5,0
flow_1012.14,131.0,4.5,0
flow_3012.7,64.5,3.5,0
flow_10.4,116.5,3.5,0
flow_2012.13,43.5,4.5,0
flow_201.13,26.5,3.0,0
flow_001.18,83.5,7.5,0
flow_001.19,75.0,3.5,0
flow_201.14,26.5,2.5,0
flow_30.7,75.0,4.0,0
flow_101.17,132.0,3.5,0
flow_3012.8,77.0,4.0,0
flow_101.18,133.5,7.0,0
flow_3012.9,77.0,6.0,0
flow_20.3,35.5,4.0,0
flow_20.4,30.0,3.5,0
flow_0012.6,97.5,7.0,0
flow_001.20,95.0,3.0,0
flow_20.5,34.0,6.5,0
flow_10.5,137.0,3.5,0
flow_301.16,82.0,3.5,0
flow_10.6,132.5,3.5,0
flow_301.17,65.5,3.0,0
flow_10.7,116.0,3.0,0
flow_3012.10,54.0,6.0,0
flow_201.15,47.5,3.5,0
flow_0012.7,114.0,6.5,0
flow_2012.14,41.5,3.5,0
flow_20.6,22.0,2.0,0
flow_00.4,112.5,4.0,0
flow_101.19,131.5,3.5,0
flow_301.18,65.0,3.5,0
flow_30.8,52.5,3.0,0
flow_101.20,130.5,3.5,0
flow_301.19,52.5,3.0,0
flow_101.21,116.0,3.5,0
flow_001.21,125.0,3.5,0
flow_001.22,122.5,3.0,0
flow_001.23,120.5,3.5,0
flow_10.8,128.5,4.0,0
flow_301.20,64.5,3.5,0
flow_1012.15,113.0,4.0,0
flow_30.9,59.0,6.0,0
flow_101.22,109.5,3.0,0
flow_301.21,59.0,4.0,0
flow_00.5,135.0,4.0,0
flow_201.16,41.5,3.5,0
flow_201.17,34.5,3.0,0
flow_0012.8,125.5,6.0,0
flow_001.24,123.0,3.0,0
flow_30.10,42.0,4.0,0
flow_101.23,124.5,3.5,0
flow_3012.11,28.0,4.0,0
flow_1012.16,115.0,4.5,0
flow_101.24,107.5,3.5,0
flow_20.7,42.0,4.0,0
flow_001.25,134.5,3.5,0
flow_001.26,128.0,3.0,0
flow_00.6,110.0,3.0,0
flow_201.18,24.5,2.5,0
flow_1012.17,109.0,4.0,0
flow_3012.12,26.5,3.5,0
flow_1012.18,106.5,4.0,0
flow_1012.19,102.5,4.0,0
flow_201.19,39.5,3.5,0
flow_001.27,126.5,4.0,0
flow_20.8,37.5,3.0,0
flow_00.7,111.5,3.0,0
flow_001.28,108.0,3.0,0
flow_101.25,111.5,4.0,0
flow_3012.13,27.5,4.0,0
flow_101.26,111.5,4.5,0
flow_001.29,109.0,3.5,0
flow_201.20,44.0,3.5,0
flow_2012.15,43.0,3.5,0
flow_00.8,109.0,6.0,0
flow_00.9,106.5,4.0,0
flow_101.27,125.5,3.5,0
flow_301.22,44.5,3.5,0
flow_3012.14,46.0,4.5,0
flow_30.11,42.0,3.0,0
flow_101.28,117.0,7.5,0
flow_20.9,34.5,4.0,0
flow_001.30,109.5,3.5,0
flow_001.31,107.5,3.5,0
flow_001.32,105.5,4.0,0
flow_3012.15,60.0,4.0,0
flow_101.29,135.5,7.0,0
flow_3012.16,61.0,5.0,0
flow_3012.17,59.5,4.5,0
flow_00.10,107.0,4.0,0
flow_001.33,107.0,3.0,0
flow_2012.16,26.5,4.0,0
flow_301.23,72.0,3.5,0
flow_101.30,154.0,3.5,0
flow_10.9,137.0,3.0,0
flow_1012.20,143.0,4.5,0
flow_301.24,77.0,7.5,0
flow_001.34,125.0,3.5,0
flow_201.21,45.0,3.5,0
flow_001.35,114.0,3.5,0
flow_001.36,111.0,3.5,0
flow_3012.18,92.0,4.5,0
flow_301.25,89.0,3.0,0
flow_101.31,157.5,7.5,0
flow_3012.19,83.0,4.0,0
flow_10.10,145.0,5.5,0
flow_00.11,124.0,4.0,0
flow_00.12,111.5,3.0,0
flow_2012.17,29.0,6.5,0
flow_101.32,158.5,3.5,0
flow_30.12,84.5,4.0,0
flow_301.26,67.0,3.0,0
flow_1012.21,160.5,5.0,0
flow_3012.20,64.5,4.0,0
flow_001.37,130.5,3.5,0
flow_201.22,40.5,3.5,0
flow_00.13,127.5,3.0,0
flow_201.23,40.5,3.5,0
flow_001.38,114.5,2.5,0
flow_2012.18,41.0,5.0,0
flow_101.33,164.0,3.5,0
flow_301.27,79.5,3.5,0
flow_1012.22,162.0,4.5,0
flow_101.34,143.5,3.0,0
flow_30.13,76.0,6.5,0
flow_3012.21,67.5,5.5,0
flow_001.39,132.0,3.5,0
flow_00.14,127.5,3.0,0
flow_00.15,114.0,3.0,0
flow_101.35,155.5,3.5,0
flow_301.28,81.5,3.5,0
flow_10.11,136.0,3.0,0
flow_301.29,75.5,3.0,0
flow_1012.23,116.5,4.0,0
flow_301.30,66.5,7.0,0
flow_2012.19,39.0,4.5,0
flow_20.10,36.0,3.0,0
flow_001.40,134.0,7.5,0
flow_00.16,115.5,3.5,0
flow_201.24,36.5,3.0,0
flow_1012.24,132.0,4.5,0
flow_3012.22,56.5,4.5,0
flow_10.12,128.5,3.0,0
flow_301.31,56.0,3.0,0
flow_30.14,38.0,3.0,0
flow_101.36,113.0,3.0,0
flow_2012.20,47.5,4.5,0
flow_201.25,35.5,3.0,0
flow_20.11,32.0,3.0,0
flow_001.41,136.0,7.5,0
flow_00.17,131.0,3.5,0
flow_101.37,126.5,3.5,0
flow_301.32,55.5,4.0,0
flow_101.38,112.5,3.0,0
flow_301.33,30.5,3.5,0
flow_1012.25,110.0,4.5,0
flow_2012.21,53.5,4.5,0
flow_001.42,140.5,7.5,0
flow_00.18,133.5,3.5,0
flow_1012.26,109.0,4.5,0
flow_301.34,41.5,7.5,0
flow_1012.27,109.5,5.0,0
flow_10.13,104.0,3.5,0
flow_001.43,137.0,3.5,0
flow_001.44,135.5,3.0,0
flow_00.19,130.0,3.0,0
flow_30.15,60.0,4.0,0
flow_101.39,109.5,3.5,0
flow_10.14,105.5,3.0,0
flow_301.35,60.5,3.0,0
flow_10.15,103.0,3.0,0
flow_301.36,53.0,3.0,0
flow_0012.9,136.5,4.0,0
flow_2012.22,35.5,4.5,0
flow_201.26,33.5,3.5,0
flow_001.45,136.5,3.5,0
flow_20.12,30.5,3.0,0
flow_001.46,132.5,3.0,0
flow_101.40,109.0,3.5,0
flow_301.37,70.0,3.5,0
flow_10.16,105.5,3.0,0
flow_301.38,62.5,3.5,0
flow_10.17,103.0,3.0,0
flow_301.39,54.0,3.0,0
flow_00.20,133.0,4.0,0
flow_201.27,47.0,3.5,0
flow_001.47,129.5,3.0,0
flow_201.28,34.5,3.0,0
flow_0012.10,113.0,4.0,0
flow_2012.23,34.0,4.0,0
flow_3012.23,69.5,4.5,0
flow_10.18,111.0,6.5,0
flow_301.40,69.0,3.0,0
flow_10.19,108.5,4.0,0
flow_301.41,66.0,3.0,0
flow_101.41,105.0,2.5,0
flow_20.13,49.0,4.0,0
flow_001.48,126.0,3.5,0
flow_201.29,46.0,3.5,0
flow_0012.11,114.0,5.5,0
flow_001.49,106.5,3.0,0
flow_30.16,77.0,4.0,0
flow_101.42,109.5,3.5,0
flow_3012.24,78.0,4.0,0
flow_301.42,75.5,3.0,0
flow_101.43,110.5,7.0,0
flow_20.14,54.0,4.0,0
flow_001.50,110.5,4.0,0
flow_00.21,105.5,3.0,0
flow_20.15,52.0,3.0,0
flow_001.51,103.0,2.5,0
flow_20.16,51.5,3.0,0
flow_1012.28,125.0,4.5,0
flow_101.44,112.0,3.0,0
flow_301.43,95.0,7.5,0
flow_1012.29,110.0,4.0,0
flow_3012.25,94.5,4.0,0
flow_00.22,107.0,4.0,0
flow_20.17,65.0,4.0,0
flow_0012.12,107.5,4.0,0
flow_2012.24,64.5,4.0,0
flow_2012.25,54.5,4.0,0
flow_30.17,97.5,4.0,0
flow_101.45,125.5,3.5,0
flow_10.20,112.0,3.0,0
flow_301.44,97.5,3.0,0
flow_1012.30,111.0,4.0,0
flow_301.45,100.5,7.0,0
flow_201.30,64.0,3.5,0
flow_001.52,125.0,3.5,0
flow_2012.26,59.0,3.5,0
flow_001.53,120.0,7.5,0
flow_2012.27,58.5,6.0,0
flow_101.46,125.0,3.5,0
flow_301.46,113.5,3.5,0
flow_10.21,111.0,3.0,0
flow_301.47,107.5,3.0,0
flow_101.47,109.0,3.0,0
flow_3012.26,108.5,5.0,0
flow_20.18,56.0,4.0,0
flow_001.54,131.5,3.5,0
flow_0012.13,129.5,4.0,0
flow_0012.14,117.0,4.0,0
flow_10.22,124.0,4.0,0
flow_301.48,113.0,3.5,0
flow_101.48,113.0,3.0,0
flow_301.49,86.5,3.5,0
flow_101.49,107.5,3.5,0
flow_301.50,80.5,3.5,0
flow_00.23,131.0,4.0,0
flow_20.19,40.0,4.0,0
flow_201.31,39.5,3.0,0
flow_0012.15,131.0,5.0,0
flow_0012.16,118.0,4.5,0
flow_10.23,107.5,4.0,0
flow_301.51,95.5,3.5,0
flow_1012.31,107.0,4.0,0
flow_30.18,88.5,6.0,0
flow_101.50,103.0,3.0,0
flow_3012.27,67.0,5.0,0
flow_001.55,130.5,3.5,0
flow_201.32,60.0,3.5,0
flow_201.33,55.5,3.0,0
flow_001.56,130.0,3.5,0
flow_201.34,50.0,3.0,0
flow_001.57,116.0,3.5,0
flow_10.24,107.5,4.0,0
flow_301.52,82.0,3.5,0
flow_30.19,79.5,3.0,0
flow_10.25,105.5,3.0,0
flow_101.51,102.5,2.5,0
flow_301.53,42.0,3.0,0
flow_001.58,129.5,3.5,0
flow_201.35,67.0,3.5,0
flow_00.24,111.5,3.0,0
flow_201.36,62.0,3.0,0
flow_00.25,105.5,3.0,0
flow_2012.28,64.0,6.0,0
flow_30.20,57.0,4.0,0
flow_10.26,108.5,4.0,0
flow_101.52,106.5,3.0,0
flow_301.54,52.0,3.0,0
flow_30.21,49.5,3.0,0
flow_101.53,103.5,3.0,0
flow_0012.17,108.5,4.0,0
flow_001.59,106.5,3.0,0
flow_201.37,67.5,7.0,0
flow_0012.18,103.0,3.5,0
flow_20.20,55.5,5.5,0
flow_101.0,24.0,2.5,0
flow_101.1,24.0,2.0,0
flow_001.0,39.5,3.5,0
flow_001.1,39.0,3.0,0
flow_001.2,29.5,3.0,0
flow_101.2,41.0,3.5,0
flow_101.3,36.0,3.0,0
flow_101.4,26.5,3.0,0
flow_001.3,45.5,3.5,0
flow_201.0,24.0,2.5,0
flow_001.4,38.0,3.0,0
flow_00.0,34.0,3.0,0
flow_1012.0,41.5,4.5,0
flow_101.5,38.5,3.0,0
flow_301.0,46.5,7.5,0
flow_1012.1,38.5,4.0,0
flow_00.1,52.0,4.0,0
flow_001.5,53.0,3.0,0
flow_0012.0,42.5,3.5,0
flow_2012.0,28.0,4.5,0
flow_301.1,64.0,3.5,0
flow_1012.2,57.0,5.5,0
flow_3012.0,50.5,4.0,0
flow_3012.1,42.5,3.5,0
flow_101.6,61.0,6.5,0
flow_001.6,59.5,3.5,0
flow_201.1,45.0,3.5,0
flow_00.2,57.5,3.0,0
flow_201.2,45.0,3.0,0
flow_0012.1,56.0,3.5,0
flow_201.3,45.0,7.0,0
flow_10.0,73.0,4.0,0
flow_301.2,59.0,3.5,0
flow_1012.3,74.0,4.0,0
flow_30.0,58.0,6.0,0
flow_101.7,73.0,3.0,0
flow_30.1,41.0,4.0,0
flow_20.0,37.0,3.5,0
flow_0012.2,66.5,7.5,0
flow_00.3,47.0,3.5,0
flow_201.4,42.5,3.0,0
flow_1012.4,91.0,4.5,0
flow_301.3,54.0,7.5,0
flow_1012.5,93.5,5.5,0
flow_101.8,89.5,3.0,0
flow_201.5,59.0,3.5,0
flow_0012.3,57.5,6.5,0
flow_2012.1,48.0,4.0,0
flow_201.6,38.0,3.0,0
flow_001.7,53.5,3.5,0
flow_101.9,105.5,3.5,0
flow_301.4,64.5,3.5,0
flow_101.10,105.5,3.0,0
flow_301.5,64.0,3.0,0
flow_101.11,104.0,3.0,0
flow_301.6,58.0,3.5,0
flow_2012.2,56.0,4.5,0
flow_201.7,40.0,3.0,0
flow_001.8,71.5,7.0,0
flow_00.4,66.0,3.5,0
flow_201.8,34.5,3.0,0
flow_1012.6,121.0,4.5,0
flow_101.12,111.5,3.0,0
flow_301.7,78.5,7.5,0
flow_30.2,76.0,3.5,0
flow_101.13,104.5,3.0,0
flow_20.1,50.5,4.0,0
flow_001.9,83.5,3.5,0
flow_2012.3,35.5,4.0,0
flow_00.5,77.5,6.0,0
flow_201.9,32.0,2.5,0
flow_00.6,76.5,4.0,0
flow_3012.2,81.5,4.5,0
flow_1012.7,110.0,4.5,0
flow_10.1,106.0,3.0,0
flow_301.8,58.5,3.5,0
flow_101.14,103.5,3.0,0
flow_301.9,57.5,3.5,0
flow_001.10,78.0,3.5,0
flow_201.10,37.5,3.5,0
flow_00.7,73.5,3.0,0
flow_201.11,35.0,3.0,0
flow_20.2,27.5,2.5,0
flow_00.8,70.5,3.0,0
flow_101.15,108.5,3.5,0
flow_301.10,73.5,3.5,0
flow_1012.8,107.0,4.0,0
flow_30.3,67.0,6.0,0
flow_1012.9,106.5,6.5,0
flow_001.11,89.5,3.5,0
flow_20.3,44.0,4.0,0
flow_201.12,44.5,3.0,0
flow_0012.4,93.0,5.5,0
flow_001.12,79.5,3.0,0
flow_101.16,109.0,3.5,0
flow_301.11,85.5,3.5,0
flow_301.12,84.5,3.0,0
flow_101.17,108.0,3.5,0
flow_301.13,84.0,3.0,0
flow_101.18,105.0,3.5,0
flow_201.13,64.5,3.5,0
flow_001.13,96.0,3.5,0
flow_00.9,82.5,3.0,0
flow_201.14,62.5,3.5,0
flow_001.14,82.0,3.0,0
flow_2012.4,53.5,5.5,0
flow_101.19,108.5,3.5,0
flow_1012.10,106.0,3.5,0
flow_3012.3,97.5,6.5,0
flow_1012.11,104.0,4.0,0
flow_20.4,59.0,4.0,0
flow_001.15,97.5,3.5,0
flow_001.16,96.5,3.0,0
flow_201.15,57.0,3.0,0
flow_2012.5,55.5,4.0,0
flow_001.17,99.0,6.5,0
flow_301.14,101.5,4.0,0
flow_101.20,108.5,3.5,0
flow_301.15,102.0,3.5,0
flow_1012.12,110.5,5.5,0
flow_1012.13,107.0,4.5,0
flow_001.18,109.0,3.5,0
flow_201.16,67.5,3.5,0
flow_201.17,65.5,3.0,0
flow_001.19,107.5,3.0,0
flow_00.10,101.0,3.0,0
flow_201.18,58.0,3.5,0
flow_301.16,109.0,3.5,0
flow_101.21,109.0,3.5,0
flow_101.22,106.5,3.0,0
flow_301.17,109.0,3.0,0
flow_101.23,103.5,3.0,0
flow_301.18,97.0,3.0,0
flow_001.20,109.0,3.5,0
flow_201.19,74.5,3.5,0
flow_2012.6,40.0,4.0,0
flow_201.20,39.0,3.0,0
flow_001.21,110.5,7.0,0
flow_101.24,108.5,3.5,0
flow_301.19,72.5,3.5,0
flow_3012.4,47.0,4.0,0
flow_1012.14,108.0,4.0,0
flow_101.25,104.5,3.0,0
flow_301.20,38.5,3.5,0
flow_00.11,123.0,4.0,0
flow_201.21,55.5,3.5,0
flow_0012.5,112.0,3.5,0
flow_2012.7,51.0,4.5,0
flow_2012.8,50.0,4.5,0
flow_30.4,48.5,4.0,0
flow_101.26,108.5,3.5,0
flow_3012.5,49.5,4.0,0
flow_30.5,46.0,3.0,0
flow_101.27,111.0,7.0,0
flow_001.22,131.0,3.5,0
flow_201.22,64.5,3.5,0
flow_0012.6,130.0,4.0,0
flow_201.23,69.0,7.0,0
flow_0012.7,119.5,5.5,0
flow_301.21,64.0,3.5,0
flow_101.28,125.0,3.5,0
flow_3012.6,42.5,3.5,0
flow_30.6,34.0,3.0,0
flow_101.29,116.0,6.5,0
flow_0012.8,131.0,4.5,0
flow_201.24,79.5,7.5,0
flow_001.23,129.0,3.5,0
flow_001.24,116.0,3.5,0
flow_201.25,79.0,3.0,0
flow_1012.15,131.5,4.5,0
flow_3012.7,54.0,4.5,0
flow_30.7,50.0,3.0,0
flow_101.30,129.0,3.0,0
flow_1012.16,115.5,3.5,0
flow_3012.8,50.5,4.0,0
flow_201.26,92.5,3.5,0
flow_001.25,131.5,3.5,0
flow_001.26,129.0,3.0,0
flow_201.27,78.0,3.0,0
flow_001.27,116.5,3.5,0
flow_201.28,68.5,3.5,0
flow_301.22,67.0,3.5,0
flow_1012.17,135.0,6.5,0
flow_10.2,129.0,3.5,0
flow_301.23,57.5,3.5,0
flow_101.31,118.0,3.5,0
flow_20.5,38.5,4.0,0
flow_001.28,127.5,3.5,0
flow_20.6,26.0,2.5,0
flow_0012.9,114.0,4.5,0
flow_001.29,111.5,3.5,0
flow_10.3,131.0,4.0,0
flow_301.24,58.0,3.5,0
flow_101.32,128.5,3.0,0
flow_3012.9,54.5,4.5,0
flow_301.25,52.0,2.5,0
flow_00.12,108.5,4.0,0
flow_001.30,105.5,3.0,0
flow_001.31,103.0,3.0,0
flow_10.4,137.0,4.0,0
flow_301.26,69.0,3.5,0
flow_1012.18,133.5,4.0,0
flow_30.8,60.5,6.5,0
flow_101.33,116.0,3.0,0
flow_301.27,58.5,3.5,0
flow_00.13,107.5,4.0,0
flow_0012.10,107.5,4.0,0
flow_00.14,102.0,3.0,0
flow_3012.10,72.5,4.5,0
flow_301.28,71.0,3.0,0
flow_101.34,133.0,7.5,0
flow_10.5,114.0,3.5,0
flow_301.29,62.5,3.5,0
flow_2012.9,40.0,4.5,0
flow_20.7,30.5,3.0,0
flow_001.32,113.5,7.5,0
flow_201.29,37.5,3.5,0
flow_001.33,110.5,3.0,0
flow_10.6,130.0,4.0,0
flow_301.30,54.5,3.5,0
flow_101.35,129.0,3.0,0
flow_301.31,47.0,3.5,0
flow_1012.19,116.0,4.0,0
flow_30.9,39.5,6.5,0
flow_0012.11,125.0,4.0,0
flow_00.15,111.0,3.0,0
flow_201.30,54.5,7.5,0
flow_00.16,108.5,3.0,0
flow_3012.11,54.5,4.5,0
flow_101.36,135.0,7.5,0
flow_301.32,25.5,2.5,0
flow_101.37,132.5,3.5,0
flow_0012.12,125.0,4.5,0
flow_00.17,111.5,3.0,0
flow_0012.13,110.5,4.0,0
flow_101.38,136.5,3.5,0
flow_301.33,41.5,3.5,0
flow_10.7,131.0,3.0,0
flow_30.10,38.5,3.0,0
flow_10.8,114.0,3.0,0
flow_301.34,27.0,2.5,0
flow_0012.14,125.0,4.0,0
flow_001.34,113.0,3.0,0
flow_201.31,35.5,4.0,0
flow_0012.15,110.5,4.0,0
flow_20.8,35.0,5.0,0
flow_101.39,131.0,3.5,0
flow_301.35,41.5,3.5,0
flow_30.11,34.0,3.0,0
flow_101.40,129.0,3.0,0
flow_1012.20,113.5,3.5,0
flow_0012.16,124.5,4.0,0
flow_201.32,53.0,7.0,0
flow_001.35,110.0,3.0,0
flow_001.36,106.0,3.5,0
flow_2012.10,52.5,5.5,0
flow_1012.21,127.0,4.5,0
flow_101.41,112.0,3.0,0
flow_101.42,110.0,3.0,0
flow_00.18,107.0,4.0,0
flow_201.33,67.5,4.0,0
flow_00.19,106.0,3.0,0
flow_201.34,61.5,3.5,0
flow_00.20,103.0,3.0,0
flow_201.35,34.5,3.5,0
flow_101.43,125.5,3.5,0
flow_301.36,39.5,3.5,0
flow_3012.12,39.5,4.0,0
flow_101.44,113.5,6.5,0
flow_301.37,39.0,3.0,0
flow_20.9,43.5,4.0,0
flow_001.37,109.0,3.5,0
flow_2012.11,40.0,3.5,0
flow_00.21,109.0,6.0,0
flow_201.36,28.0,3.0,0
flow_0012.17,107.0,5.0,0
flow_301.38,39.0,3.5,0
flow_101.45,126.5,3.5,0
flow_101.46,112.5,3.0,0
flow_301.39,39.5,3.0,0
flow_301.40,37.5,3.0,0
flow_101.47,111.5,3.5,0
flow_2012.12,46.5,4.5,0
flow_001.38,112.5,7.5,0
flow_201.37,45.5,3.0,0
flow_201.38,44.0,3.0,0
flow_001.39,111.0,3.5,0
flow_3012.13,54.5,4.0,0
flow_10.9,127.0,6.5,0
flow_301.41,42.5,3.0,0
flow_101.48,114.0,3.5,0
flow_10.10,109.0,3.0,0
flow_301.42,42.0,3.5,0
flow_001.40,125.5,3.5,0
flow_201.39,61.5,3.5,0
flow_20.10,43.5,3.0,0
flow_001.41,113.0,3.0,0
flow_001.42,110.0,3.0,0
flow_201.40,42.0,3.0,0
flow_3012.14,57.5,4.0,0
flow_10.11,126.5,6.5,0
flow_3012.15,46.5,5.5,0
flow_301.43,44.0,3.0,0
flow_20.11,58.5,4.0,0
flow_001.43,126.0,3.5,0
flow_20.12,57.5,3.0,0
flow_00.22,111.5,3.0,0
flow_00.23,108.5,3.0,0
flow_201.41,57.5,3.0,0
flow_101.49,136.0,4.0,0
flow_301.44,34.0,3.5,0
flow_101.50,135.5,3.5,0
flow_1012.22,130.5,3.0,0
flow_20.13,69.0,4.0,0
flow_001.44,126.0,3.5,0
flow_201.42,66.5,3.0,0
flow_001.45,113.5,3.5,0
flow_2012.13,66.5,4.0,0
flow_001.46,114.0,7.0,0
flow_101.51,136.0,3.5,0
flow_301.45,37.0,3.5,0
flow_10.12,130.5,3.0,0
flow_30.12,35.5,3.0,0
flow_10.13,114.0,3.0,0
flow_301.46,31.0,2.5,0
flow_2012.14,84.0,4.5,0
flow_001.47,130.0,7.5,0
flow_2012.15,86.0,5.5,0
flow_2012.16,80.0,4.5,0
flow_3012.16,50.0,4.5,0
flow_1012.23,134.0,5.0,0
flow_3012.17,49.0,4.0,0
flow_10.14,113.5,3.0,0
flow_1012.24,130.5,4.5,0
flow_301.47,36.5,3.0,0
flow_001.48,134.5,3.5,0
flow_201.43,94.5,3.5,0
flow_0012.18,129.5,4.0,0
flow_00.24,114.0,3.0,0
flow_20.14,86.5,6.0,0
flow_2012.17,71.0,5.5,0
flow_101.52,130.5,3.5,0
flow_3012.18,55.5,6.5,0
flow_30.13,48.5,3.5,0
flow_10.15,129.5,3.5,0
flow_3012.19,45.0,4.5,0
flow_201.44,85.5,3.5,0
flow_001.49,132.5,4.0,0
flow_0012.19,129.0,4.0,0
flow_001.50,116.0,3.0,0
flow_201.45,85.5,7.0,0
flow_3012.20,60.5,4.5,0
flow_10.16,138.5,6.5,0
flow_301.48,60.5,3.0,0
flow_101.53,115.5,3.5,0
flow_10.17,110.5,3.0,0
flow_301.49,60.0,3.5,0
flow_00.25,130.0,4.0,0
flow_201.46,98.0,4.0,0
flow_001.51,129.0,3.0,0
flow_201.47,97.5,3.5,0
flow_00.26,114.5,3.0,0
flow_2012.18,98.0,7.0,0
flow_10.18,124.5,4.0,0
flow_301.50,76.0,3.5,0
flow_1012.25,114.0,4.0,0
flow_30.14,78.0,6.5,0
flow_1012.26,113.5,7.0,0
flow_00.27,130.5,4.0,0
flow_2012.19,85.0,5.0,0
flow_00.28,130.0,6.0,0
flow_201.48,82.0,3.0,0
flow_001.52,114.5,3.5,0
flow_301.51,89.5,3.5,0
flow_101.54,126.0,3.5,0
flow_1012.27,112.5,4.0,0
flow_301.52,88.0,6.5,0
flow_101.55,111.5,3.5,0
flow_001.53,108.5,3.5,0
flow_201.49,99.0,3.5,0
flow_0012.20,107.0,4.0,0
flow_2012.20,88.5,4.0,0
flow_001.54,103.5,3.5,0
flow_201.50,50.5,3.5,0
flow_1012.28,126.0,4.5,0
flow_30.15,101.5,6.5,0
flow_10.19,111.0,3.0,0
flow_30.16,83.5,4.0,0
flow_10.20,106.0,3.0,0
flow_301.53,83.0,3.0,0
flow_001.55,109.0,3.5,0
flow_201.51,54.5,3.5,0
flow_2012.21,43.0,4.0,0
flow_0012.21,107.5,4.0,0
flow_2012.22,43.0,4.0,0
flow_101.56,108.5,3.5,0
flow_301.54,94.5,3.5,0
flow_101.57,107.0,3.0,0
flow_301.55,94.0,3.5,0
flow_30.17,78.0,3.0,0
flow_101.58,103.0,3.0,0
flow_20.15,57.5,4.0,0
flow_001.56,125.0,4.0,0
flow_001.57,112.0,3.0,0
flow_201.52,54.5,3.0,0
flow_0012.22,110.0,3.5,0
flow_201.53,43.5,6.5,0
flow_3012.21,86.0,4.5,0
flow_301.56,84.0,2.5,0
flow_101.59,113.0,7.5,0
flow_30.18,82.0,3.0,0
flow_10.21,109.0,3.5,0
flow_00.29,124.0,4.0,0
flow_201.54,53.0,3.5,0
flow_001.58,112.0,3.0,0
flow_201.55,53.0,3.5,0
flow_001.59,109.5,3.0,0
flow_3012.22,99.0,4.5,0
flow_301.57,98.0,3.0,0
flow_30.19,84.5,3.0,0
flow_101.60,130.0,7.5,0
flow_10.22,114.5,3.5,0
flow_201.56,37.5,3.5,0
flow_001.60,125.0,3.5,0
flow_001.61,112.5,3.0,0
flow_201.57,27.5,3.0,0
flow_001.62,110.0,3.0,0
flow_10.0,21.5,1.5,0
flow_3012.0,27.0,5.5,0
flow_001.0,32.5,3.5,0
flow_0012.0,26.5,3.5,0
flow_30.0,31.5,3.5,0
flow_101.0,28.0,3.0,0
flow_10.1,25.5,2.5,0
flow_10.2,24.0,2.5,0
flow_001.1,42.0,3.5,0
flow_001.2,27.5,3.5,0
flow_201.0,26.0,3.0,0
flow_30.1,25.5,3.0,0
flow_1012.0,47.5,6.5,0
flow_101.1,40.5,3.0,0
flow_10.3,37.5,3.0,0
flow_301.0,30.0,3.5,0
flow_201.1,42.0,3.5,0
flow_0012.1,28.5,6.0,0
flow_101.2,54.5,3.5,0
flow_10.4,52.0,3.0,0
flow_1012.1,52.0,4.0,0
flow_2012.0,40.0,4.5,0
flow_0012.2,40.5,4.5,0
flow_001.3,39.5,3.0,0
flow_201.2,40.0,3.5,0
flow_00.0,38.5,3.0,0
flow_3012.1,40.5,4.5,0
flow_101.3,70.5,7.5,0
flow_3012.2,41.0,5.0,0
flow_1012.2,70.0,4.0,0
flow_001.4,56.0,3.5,0
flow_201.3,43.0,3.5,0
flow_2012.1,26.5,3.5,0
flow_0012.3,55.0,4.0,0
flow_001.5,48.5,3.0,0
flow_2012.2,28.5,6.0,0
flow_101.4,86.0,3.5,0
flow_301.1,58.0,3.5,0
flow_301.2,55.5,3.0,0
flow_30.2,42.5,3.0,0
flow_101.5,87.0,3.5,0
flow_101.6,86.0,3.5,0
flow_00.1,65.5,4.0,0
flow_001.6,66.0,3.0,0
flow_001.7,65.0,3.5,0
flow_1012.3,102.0,4.5,0
flow_1012.4,101.5,4.0,0
flow_30.3,23.5,2.5,0
flow_101.7,85.5,3.0,0
flow_0012.4,82.5,4.5,0
flow_20.0,44.0,6.5,0
flow_00.2,69.5,3.0,0
flow_001.8,69.0,2.5,0
flow_2012.3,26.5,4.0,0
flow_30.4,33.5,3.5,0
flow_1012.5,92.0,7.5,0
flow_30.5,26.0,4.5,0
flow_101.8,91.5,3.5,0
flow_301.3,25.5,2.5,0
flow_00.3,73.5,4.0,0
flow_201.4,32.5,3.0,0
flow_00.4,73.5,3.5,0
flow_201.5,24.5,2.0,0
flow_001.9,74.0,3.5,0
flow_30.6,20.5,2.0,0
flow_101.9,103.5,3.5,0
flow_10.5,96.5,3.0,0
flow_101.10,97.0,3.0,0
flow_201.6,35.0,3.5,0
flow_0012.5,86.5,6.5,0
flow_001.10,83.5,3.0,0
flow_0012.6,81.5,3.5,0
flow_20.1,24.5,3.5,0
flow_10.6,104.5,4.0,0
flow_10.7,104.0,3.0,0
flow_10.8,103.5,3.0,0
flow_0012.7,96.0,4.5,0
flow_0012.8,92.5,4.0,0
flow_001.11,90.0,2.5,0
flow_10.9,112.5,4.0,0
flow_1012.6,105.0,4.0,0
flow_101.11,104.5,3.5,0
flow_0012.9,106.5,4.0,0
flow_00.5,104.5,3.0,0
flow_001.12,93.0,2.5,0
flow_3012.3,42.5,4.0,0
flow_1012.7,104.5,4.5,0
flow_10.10,102.5,3.0,0
flow_301.4,43.0,3.0,0
flow_30.7,40.5,3.0,0
flow_101.12,103.0,3.0,0
flow_20.2,35.5,4.0,0
flow_001.13,108.0,3.5,0
flow_0012.10,107.5,4.0,0
flow_0012.11,97.5,4.0,0
flow_101.13,102.0,3.5,0
flow_301.5,52.5,3.5,0
flow_10.11,99.0,3.0,0
flow_301.6,35.5,3.0,0
flow_30.8,27.0,2.5,0
flow_101.14,97.5,2.5,0
flow_0012.12,106.5,4.0,0
flow_0012.13,83.5,4.0,0
flow_001.14,82.5,3.0,0
flow_10.12,107.5,4.0,0
flow_101.15,94.0,3.0,0
flow_1012.8,89.0,3.5,0
flow_001.15,96.0,3.5,0
flow_00.6,80.5,3.0,0
flow_0012.14,81.5,4.0,0
flow_1012.9,107.5,4.5,0
flow_101.16,106.0,3.0,0
flow_301.7,39.0,7.5,0
flow_10.13,101.5,3.0,0
flow_20.3,33.5,4.0,0
flow_00.7,87.0,4.0,0
flow_00.8,75.0,3.0,0
flow_001.16,74.5,3.0,0
flow_101.17,109.0,3.5,0
flow_10.14,105.5,3.0,0
flow_101.18,104.5,3.0,0
flow_3012.4,29.0,5.5,0
flow_001.17,75.0,3.5,0
flow_201.7,33.0,3.5,0
flow_001.18,74.0,2.5,0
flow_0012.15,79.0,5.0,0
flow_1012.10,108.5,4.0,0
flow_30.9,27.5,6.0,0
flow_1012.11,109.5,6.0,0
flow_001.19,60.0,3.5,0
flow_201.8,42.0,3.5,0
flow_0012.16,60.0,4.0,0
flow_001.20,58.0,2.5,0
flow_301.8,47.5,3.5,0
flow_101.19,125.5,3.5,0
flow_30.10,36.0,3.0,0
flow_101.20,112.5,3.0,0
flow_1012.12,110.5,3.5,0
flow_00.9,75.0,4.0,0
flow_001.21,73.5,3.0,0
flow_0012.17,73.5,4.0,0
flow_1012.13,126.0,4.5,0
flow_101.21,112.0,3.0,0
flow_301.9,26.0,3.0,0
flow_1012.14,112.5,5.0,0
flow_0012.18,90.5,4.5,0
flow_001.22,88.5,2.5,0
flow_2012.4,23.5,3.0,0
flow_0012.19,88.0,3.5,0
flow_10.15,124.5,4.0,0
flow_1012.15,113.5,4.0,0
flow_101.22,110.5,3.0,0
flow_001.23,101.0,3.5,0
flow_201.9,40.5,3.5,0
flow_001.24,100.5,3.0,0
flow_201.10,29.0,3.0,0
flow_0012.20,100.0,4.0,0
flow_301.10,32.0,3.5,0
flow_1012.16,128.0,5.5,0
flow_101.23,114.0,3.0,0
flow_301.11,34.5,3.5,0
flow_10.16,108.0,3.0,0
flow_30.11,31.5,3.0,0
flow_0012.21,108.5,4.0,0
flow_001.25,101.5,3.0,0
flow_201.11,48.0,7.5,0
flow_0012.22,84.5,4.0,0
flow_101.24,108.5,3.5,0
flow_301.12,42.5,3.5,0
flow_101.25,107.5,3.0,0
flow_101.26,104.5,3.5,0
flow_201.12,56.5,4.0,0
flow_0012.23,104.0,5.5,0
flow_00.10,100.0,3.5,0
flow_20.4,21.0,2.0,0
flow_001.26,99.5,3.0,0
flow_101.27,108.5,3.5,0
flow_101.28,107.0,3.0,0
flow_101.29,103.5,3.0,0
flow_301.13,23.5,2.0,0
flow_2012.5,36.0,4.0,0
flow_20.5,34.0,3.0,0
flow_001.27,113.5,7.5,0
flow_20.6,34.0,3.0,0
flow_001.28,111.5,3.5,0
flow_3012.5,27.0,3.5,0
flow_101.30,112.0,6.5,0
flow_1012.17,110.0,4.0,0
flow_201.13,52.0,3.5,0
flow_0012.24,128.0,6.5,0
flow_20.7,52.5,3.5,0
flow_001.29,113.5,3.0,0
flow_001.30,111.0,3.0,0
flow_30.12,27.5,3.5,0
flow_101.31,127.0,4.0,0
flow_10.17,111.0,3.0,0
flow_1012.18,109.0,3.5,0
flow_00.11,124.0,4.0,0
flow_201.14,24.5,2.5,0
flow_0012.25,113.0,4.0,0
flow_00.12,108.5,3.0,0
flow_101.32,125.0,3.5,0
flow_301.14,38.0,3.5,0
flow_101.33,112.5,3.0,0
flow_301.15,34.5,3.0,0
flow_101.34,111.0,3.5,0
flow_001.31,125.5,3.5,0
flow_00.13,111.0,3.0,0
flow_001.32,109.5,3.0,0
flow_101.35,125.0,3.5,0
flow_301.16,38.0,3.5,0
flow_30.13,35.5,3.0,0
flow_101.36,112.0,3.0,0
flow_101.37,110.0,3.0,0
flow_301.17,36.5,3.0,0
flow_001.33,124.0,3.5,0
flow_00.14,108.5,3.0,0
flow_001.34,104.5,3.0,0
flow_101.38,125.0,3.5,0
flow_301.18,44.0,3.5,0
flow_10.18,108.5,3.0,0
flow_301.19,43.0,3.0,0
flow_10.19,103.5,3.0,0
flow_301.20,26.0,3.0,0
flow_001.35,109.5,4.0,0
flow_0012.26,106.5,3.5,0
flow_001.36,104.0,3.5,0
flow_301.21,44.0,3.5,0
flow_1012.19,111.5,6.5,0
flow_10.20,106.0,3.5,0
flow_301.22,28.5,3.0,0
flow_30.14,25.0,2.5,0
flow_101.39,105.5,3.0,0
flow_00.15,107.0,4.0,0
flow_201.15,39.5,3.5,0
flow_001.37,107.5,3.0,0
flow_0012.27,104.5,4.0,0
flow_101.40,109.0,3.5,0
flow_101.41,107.0,3.0,0
flow_1012.20,103.5,3.5,0
flow_201.16,31.0,3.0,0
flow_001.38,109.0,3.5,0
flow_20.8,21.5,2.0,0
flow_001.39,107.0,3.0,0
flow_00.16,102.0,3.0,0
flow_1012.21,111.0,5.0,0
flow_10.21,105.5,3.0,0
flow_301.23,47.5,7.5,0
flow_1012.22,104.5,4.0,0
flow_00.17,107.5,4.0,0
flow_0012.28,106.5,3.5,0
flow_00.18,102.5,3.0,0
flow_30.15,24.5,3.0,0
flow_10.22,108.0,4.0,0
flow_101.42,106.5,3.0,0
flow_301.24,24.0,2.5,0
flow_101.43,104.0,3.0,0
flow_001.40,109.5,3.5,0
flow_001.41,106.5,3.0,0
flow_001.42,104.5,3.5,0
flow_10.23,107.0,4.0,0
flow_301.25,30.5,3.5,0
flow_3012.6,28.5,3.5,0
flow_10.24,108.5,6.0,0
flow_301.26,25.0,2.5,0
flow_101.44,104.5,3.5,0
flow_00.19,107.0,4.0,0
flow_20.9,21.0,2.0,0
flow_001.43,107.0,3.0,0
flow_001.44,104.0,3.0,0
flow_301.27,32.5,3.5,0
flow_101.45,109.5,3.5,0
flow_101.46,107.0,3.0,0
flow_1012.23,103.5,3.5,0
flow_001.45,108.5,3.5,0
flow_00.20,105.0,3.0,0
flow_201.17,26.5,3.0,0
flow_001.46,103.5,3.0,0
flow_101.47,109.0,3.5,0
flow_3012.7,27.5,4.5,0
flow_101.48,109.5,3.5,0
flow_0012.29,109.0,4.5,0
flow_2012.6,35.5,4.5,0
flow_0012.30,108.5,4.5,0
flow_001.47,104.0,3.0,0
flow_3012.8,36.5,4.5,0
flow_101.49,129.5,7.5,0
flow_10.25,114.0,3.5,0
flow_30.16,20.5,1.5,0
flow_20.10,32.0,3.5,0
flow_001.48,109.0,3.5,0
flow_001.49,107.5,3.0,0
flow_001.50,104.5,3.5,0
flow_3012.9,39.5,4.5,0
flow_30.17,37.0,3.0,0
flow_10.26,133.5,6.5,0
flow_10.27,130.0,4.0,0
flow_30.18,25.5,2.5,0
flow_1012.24,117.0,4.5,0
flow_001.51,109.0,3.5,0
flow_001.52,106.5,3.0,0
flow_001.53,105.0,3.5,0
flow_10.28,130.0,4.0,0
flow_301.28,42.0,3.5,0
flow_10.29,126.5,3.0,0
flow_30.19,38.5,3.0,0
flow_30.20,37.5,3.0,0
flow_1012.25,118.0,6.0,0
flow_00.21,108.0,4.0,0
flow_001.54,107.0,3.0,0
flow_00.22,102.5,3.0,0
flow_30.21,39.5,4.0,0
flow_101.50,132.0,3.5,0
flow_10.30,127.0,3.0,0
flow_301.29,40.5,3.0,0
flow_1012.26,115.0,4.0,0
flow_00.23,107.5,4.0,0
flow_201.18,25.5,2.5,0
flow_001.55,106.5,3.0,0
flow_001.56,104.0,3.0,0
flow_30.22,43.0,4.0,0
flow_101.51,129.0,3.5,0
flow_101.52,110.0,3.0,0
flow_1012.27,106.0,4.0,0
flow_00.24,107.5,4.0,0
flow_001.57,106.5,3.0,0
flow_0012.31,105.0,4.0,0
flow_101.53,108.5,3.5,0
flow_301.30,46.5,3.5,0
flow_101.54,107.0,3.0,0
flow_101.55,103.5,3.5,0
flow_3012.10,28.5,4.5,0
flow_00.25,107.5,4.0,0
flow_0012.32,107.5,4.0,0
flow_0012.33,106.5,4.5,0
flow_301.31,28.5,3.5,0
flow_1012.28,112.0,6.5,0
flow_10.31,102.5,3.0,0
flow_1012.29,109.5,4.5,0
flow_001.58,109.0,3.5,0
flow_001.59,107.0,3.0,0
flow_00.26,102.0,3.0,0
flow_301.0,25.0,2.5,0
flow_101.0,25.5,2.5,0
flow_2012.0,40.0,4.5,0
flow_20.0,29.5,3.0,0
flow_001.0,40.0,7.0,0
flow_201.0,27.0,2.0,0
flow_001.1,39.0,3.0,0
flow_3012.0,45.0,4.5,0
flow_301.1,39.5,3.0,0
flow_301.2,33.5,3.0,0
flow_20.1,37.5,4.0,0
flow_001.2,49.0,3.5,0
flow_001.3,41.5,3.0,0
flow_10.0,25.5,3.0,0
flow_3012.1,51.5,6.5,0
flow_301.3,47.5,3.5,0
flow_3012.2,46.0,4.0,0
flow_00.0,41.5,4.0,0
flow_001.4,25.5,2.5,0
flow_201.1,26.0,3.0,0
flow_0012.0,25.0,3.5,0
flow_301.4,62.0,3.5,0
flow_101.1,44.5,3.5,0
flow_1012.0,42.0,3.5,0
flow_3012.3,62.0,4.0,0
flow_10.1,31.5,3.0,0
flow_301.5,50.5,3.0,0
flow_001.5,35.0,3.5,0
flow_201.2,33.5,4.0,0
flow_20.2,29.5,3.0,0
flow_001.6,33.5,3.0,0
flow_0012.1,24.0,3.0,0
flow_30.0,67.0,4.0,0
flow_101.2,43.0,3.5,0
flow_3012.4,66.0,4.0,0
flow_101.3,46.5,7.0,0
flow_3012.5,68.5,5.0,0
flow_001.7,37.5,3.5,0
flow_001.8,37.0,3.0,0
flow_00.1,24.5,2.5,0
flow_301.6,78.5,3.5,0
flow_101.4,61.0,3.5,0
flow_1012.1,62.0,4.0,0
flow_10.2,54.0,3.0,0
flow_30.1,77.0,6.5,0
flow_3012.6,71.0,5.5,0
flow_00.2,31.0,3.5,0
flow_0012.2,31.0,3.0,0
flow_2012.1,34.0,7.0,0
flow_0012.3,30.0,3.5,0
flow_0012.4,29.5,4.0,0
flow_10.3,68.5,4.0,0
flow_301.7,84.5,3.5,0
flow_301.8,80.5,3.0,0
flow_101.5,69.0,3.0,0
flow_1012.2,58.5,4.0,0
flow_301.9,82.0,7.0,0
flow_201.3,49.0,3.5,0
flow_0012.5,43.0,6.5,0
flow_001.9,35.5,3.0,0
flow_20.3,49.0,3.5,0
flow_001.10,35.0,3.5,0
flow_10.4,74.5,4.0,0
flow_301.10,95.5,3.5,0
flow_1012.3,75.5,4.0,0
flow_101.6,67.5,3.0,0
flow_301.11,99.0,7.0,0
flow_001.11,41.5,3.5,0
flow_201.4,61.5,3.5,0
flow_20.4,53.5,3.0,0
flow_001.12,40.5,3.0,0
flow_20.5,52.5,3.0,0
flow_301.12,114.0,3.5,0
flow_101.7,67.0,3.5,0
flow_1012.4,64.5,4.0,0
flow_30.2,114.5,6.0,0
flow_30.3,109.0,4.0,0
flow_101.8,64.5,3.5,0
flow_2012.2,69.0,4.5,0
flow_00.3,42.0,6.5,0
flow_201.5,68.0,3.0,0
flow_00.4,40.0,4.0,0
flow_00.5,31.5,3.0,0
flow_301.13,124.5,3.5,0
flow_101.9,65.0,3.5,0
flow_3012.7,112.0,4.0,0
flow_3012.8,109.5,4.5,0
flow_101.10,64.0,7.0,0
flow_2012.3,55.5,4.5,0
flow_20.6,40.0,3.0,0
flow_001.13,52.0,7.5,0
flow_201.6,30.0,2.5,0
flow_0012.6,41.0,4.0,0
flow_101.11,68.0,3.5,0
flow_301.14,124.0,4.0,0
flow_1012.5,52.0,4.0,0
flow_30.4,114.5,6.0,0
flow_101.12,49.5,3.0,0
flow_301.15,111.5,3.5,0
flow_001.14,56.0,3.5,0
flow_201.7,45.0,3.5,0
flow_2012.4,44.5,4.0,0
flow_20.7,41.5,3.0,0
flow_00.6,45.0,6.0,0
flow_00.7,43.5,4.0,0
flow_30.5,123.0,4.0,0
flow_1012.6,35.5,6.5,0
flow_101.13,35.0,3.5,0
flow_301.16,117.5,3.5,0
flow_201.8,57.5,3.5,0
flow_00.8,55.5,4.0,0
flow_0012.7,54.5,4.0,0
flow_20.8,58.0,6.0,0
flow_001.15,44.5,2.5,0
flow_201.9,57.5,3.5,0
flow_301.17,128.0,3.5,0
flow_101.14,40.0,3.5,0
flow_10.5,28.0,3.0,0
flow_301.18,112.5,3.0,0
flow_101.15,28.5,3.0,0
flow_301.19,110.0,3.0,0
flow_0012.8,63.0,4.5,0
flow_2012.5,74.0,4.5,0
flow_2012.6,74.0,4.5,0
flow_201.10,72.0,3.5,0
flow_001.16,46.0,4.5,0
flow_3012.9,125.5,4.5,0
flow_301.20,114.0,3.5,0
flow_3012.10,109.5,3.5,0
flow_101.16,28.0,5.5,0
flow_00.9,52.5,4.0,0
flow_20.9,87.0,4.0,0
flow_2012.7,83.5,3.5,0
flow_0012.9,54.5,4.0,0
flow_2012.8,64.0,4.0,0
flow_301.21,125.5,3.5,0
flow_30.6,110.5,3.0,0
flow_301.22,110.0,3.0,0
flow_201.11,55.0,3.5,0
flow_001.17,71.5,3.5,0
flow_001.18,68.0,3.5,0
flow_201.12,44.5,3.5,0
flow_2012.9,43.0,4.0,0
flow_001.19,68.0,7.0,0
flow_301.23,124.5,3.5,0
flow_101.17,45.0,3.5,0
flow_3012.11,109.0,4.0,0
flow_30.7,101.5,3.0,0
flow_10.6,46.5,6.0,0
flow_101.18,45.5,3.5,0
flow_20.10,59.5,4.0,0
flow_001.20,66.0,3.5,0
flow_201.13,41.0,3.0,0
flow_20.11,33.0,3.0,0
flow_001.21,67.0,3.5,0
flow_001.22,58.5,3.5,0
flow_3012.12,108.5,4.0,0
flow_301.24,106.5,3.0,0
flow_101.19,62.0,7.0,0
flow_3012.13,103.5,3.5,0
flow_10.7,64.5,5.5,0
flow_20.12,34.0,3.5,0
flow_001.23,76.0,3.5,0
flow_2012.10,27.5,3.5,0
flow_0012.10,75.5,4.0,0
flow_20.13,21.5,1.5,0
flow_001.24,74.5,3.0,0
flow_30.8,107.0,4.0,0
flow_101.20,79.0,3.5,0
flow_10.8,60.0,3.0,0
flow_30.9,105.5,3.0,0
flow_30.10,102.5,3.0,0
flow_1012.7,59.0,6.0,0
flow_00.10,84.5,4.0,0
flow_001.25,85.0,3.0,0
flow_001.26,81.5,3.0,0
flow_30.11,108.0,4.0,0
flow_3012.14,106.5,3.5,0
flow_1012.8,73.0,7.5,0
flow_301.25,104.5,3.0,0
flow_101.21,35.5,3.5,0
flow_20.14,35.5,4.0,0
flow_001.27,98.5,3.5,0
flow_201.14,30.0,3.0,0
flow_0012.11,99.5,4.5,0
flow_00.11,94.5,3.0,0
flow_3012.15,109.5,4.5,0
flow_30.12,105.5,3.0,0
flow_101.22,42.0,7.5,0
flow_30.13,102.0,3.0,0
flow_101.23,42.5,3.5,0
flow_20.15,39.0,4.0,0
flow_001.28,109.0,3.5,0
flow_20.16,38.0,3.0,0
flow_001.29,106.5,3.0,0
flow_2012.11,36.5,4.0,0
flow_001.30,106.0,7.0,0
flow_301.26,109.0,3.5,0
flow_301.27,108.5,3.5,0
flow_3012.16,104.5,4.0,0
flow_0012.12,110.0,4.5,0
flow_2012.12,55.0,5.0,0
flow_00.12,105.5,3.0,0
flow_201.15,38.5,3.5,0
flow_20.17,27.5,3.0,0
flow_001.31,103.0,3.0,0
flow_30.14,107.5,4.0,0
flow_101.24,39.5,3.5,0
flow_3012.17,107.5,4.0,0
flow_1012.9,41.0,4.0,0
flow_10.9,37.5,3.0,0
flow_301.28,106.0,3.0,0
flow_201.16,29.5,3.5,0
flow_0012.13,111.5,6.5,0
flow_2012.13,25.5,3.0,0
flow_00.13,109.0,5.5,0
flow_201.17,24.0,2.0,0
flow_301.29,108.5,3.5,0
flow_1012.10,33.5,6.0,0
flow_301.30,109.0,4.0,0
flow_101.25,25.0,2.5,0
flow_001.32,124.5,3.5,0
flow_20.18,41.0,4.0,0
flow_20.19,38.5,3.0,0
flow_001.33,113.0,3.0,0
flow_201.18,26.5,2.0,0
flow_001.34,110.5,3.5,0
flow_301.31,125.5,3.5,0
flow_1012.11,34.0,5.5,0
flow_101.26,25.5,2.5,0
flow_301.32,114.5,3.5,0
flow_00.14,124.0,4.0,0
flow_2012.14,27.0,4.5,0
flow_00.15,113.0,5.0,0
flow_20.20,23.5,2.0,0
flow_0012.14,111.0,4.0,0
flow_10.10,34.0,3.5,0
flow_301.33,131.5,3.5,0
flow_101.27,28.0,2.5,0
flow_3012.18,130.5,4.5,0
flow_301.34,116.0,3.0,0
flow_001.35,124.5,3.5,0
flow_201.19,35.5,3.5,0
flow_001.36,113.0,3.0,0
flow_001.37,110.5,3.5,0
flow_101.28,29.5,3.5,0
flow_10.11,25.5,3.0,0
flow_301.35,133.0,4.0,0
flow_301.36,129.5,3.0,0
flow_30.15,114.0,3.0,0
flow_20.21,38.0,4.0,0
flow_001.38,125.5,3.5,0
flow_20.22,23.0,2.0,0
flow_001.39,112.0,3.0,0
flow_001.40,109.5,3.5,0
flow_101.29,23.5,2.0,0
flow_301.37,131.0,3.5,0
flow_301.38,130.0,3.5,0
flow_3012.19,115.0,4.0,0
flow_201.20,38.5,3.5,0
flow_001.41,111.0,4.0,0
flow_201.21,28.5,3.0,0
flow_0012.15,110.0,5.5,0
flow_001.42,105.5,3.5,0
flow_30.16,128.0,4.0,0
flow_101.30,45.0,3.5,0
flow_3012.20,112.0,3.5,0
flow_1012.12,34.5,4.0,0
flow_30.17,106.0,3.0,0
flow_20.23,33.0,4.0,0
flow_00.16,108.0,4.0,0
flow_001.43,105.5,3.0,0
flow_201.22,29.0,3.0,0
flow_001.44,103.5,3.0,0
flow_2012.15,31.0,5.5,0
flow_30.18,107.0,4.0,0
flow_10.12,22.5,2.0,0
flow_3012.21,108.0,4.0,0
flow_3012.22,105.5,4.0,0
flow_001.45,109.0,3.5,0
flow_201.23,43.5,3.5,0
flow_00.17,105.0,3.0,0
flow_20.24,39.5,3.0,0
flow_00.18,102.5,3.0,0
flow_201.24,30.5,2.5,0
flow_10.13,40.0,4.0,0
flow_301.39,108.5,3.5,0
flow_301.40,108.0,3.5,0
flow_301.41,105.0,3.5,0
flow_201.25,45.0,3.5,0
flow_2012.16,43.5,3.5,0
flow_0012.16,113.0,7.0,0
flow_0012.17,110.0,4.5,0
flow_0012.18,106.0,4.5,0
flow_3012.23,109.0,4.5,0
flow_30.19,106.0,3.0,0
flow_101.31,45.5,7.5,0
flow_10.14,41.5,3.5,0
flow_301.42,103.5,3.0,0
flow_00.19,107.0,4.0,0
flow_201.26,64.0,3.5,0
flow_20.25,63.5,3.0,0
flow_001.46,107.0,3.0,0
flow_2012.17,62.5,3.5,0
flow_00.20,106.0,6.0,0
flow_3012.24,110.0,4.5,0
flow_301.43,106.5,3.0,0
flow_101.32,63.0,7.5,0
flow_3012.25,106.0,4.5,0
flow_10.15,34.5,6.0,0
flow_201.27,79.5,3.5,0
flow_001.47,109.5,3.5,0
flow_20.26,59.5,3.0,0
flow_001.48,107.5,3.5,0
flow_20.27,59.0,3.0,0
flow_001.49,105.0,3.0,0
flow_3012.26,111.0,5.0,0
flow_30.20,105.5,3.0,0
flow_101.33,40.5,7.5,0
flow_301.44,104.0,3.0,0
flow_101.34,39.5,3.0,0
flow_2012.18,77.0,4.0,0
flow_0012.19,108.5,4.0,0
flow_00.21,105.5,3.0,0
flow_201.28,75.5,3.0,0
flow_0012.20,104.5,4.0,0
flow_2012.19,70.0,3.5,0
flow_301.45,109.5,3.5,0
flow_101.35,51.5,4.0,0
flow_301.46,107.0,3.0,0
flow_101.36,31.0,3.5,0
flow_301.47,104.5,3.5,0
flow_101.37,29.5,3.5,0
flow_20.28,81.5,4.0,0
flow_001.50,108.0,3.5,0
flow_001.51,106.0,3.0,0
flow_201.29,82.5,3.0,0
flow_2012.20,68.5,3.5,0
flow_001.52,106.5,6.5,0
flow_30.21,108.0,4.0,0
flow_101.38,45.0,3.5,0
flow_3012.27,107.0,4.0,0
flow_10.16,47.0,6.0,0
flow_1012.13,40.0,4.5,0
flow_3012.28,106.0,6.5,0
flow_20.29,48.0,4.0,0
flow_00.22,108.5,4.0,0
flow_0012.21,107.0,3.5,0
flow_2012.21,37.5,4.0,0
flow_2012.22,36.5,4.0,0
flow_3012.29,108.5,4.0,0
flow_30.22,105.0,3.0,0
flow_10.17,57.0,6.5,0
flow_101.39,55.5,3.0,0
flow_3012.30,104.0,4.0,0
flow_1012.14,47.5,3.5,0
flow_201.30,52.0,3.5,0
flow_001.53,126.0,3.5,0
flow_2012.23,32.5,4.0,0
flow_00.23,114.0,5.5,0
flow_00.24,111.0,3.5,0
flow_10.18,62.0,4.0,0
flow_301.48,108.5,3.5,0
flow_1012.15,61.5,4.0,0
flow_30.23,109.0,6.0,0
flow_101.40,60.5,3.0,0
flow_30.24,105.5,4.0,0
flow_0012.22,125.5,4.5,0
flow_001.54,112.0,3.0,0
flow_201.31,46.0,7.5,0
flow_0012.23,110.0,4.0,0
flow_2012.24,33.0,4.0,0
flow_1012.16,75.5,4.5,0
flow_3012.31,112.0,5.0,0
flow_1012.17,74.5,4.0,0
flow_30.25,109.0,6.0,0
flow_101.41,74.0,3.0,0
flow_301.49,105.5,3.5,0
flow_2012.25,36.5,4.5,0
flow_0012.24,126.0,4.5,0
flow_00.25,111.0,3.0,0
flow_201.32,36.0,3.0,0
flow_001.55,109.0,3.0,0
flow_201.33,35.5,3.0,0
flow_30.26,107.5,4.0,0
flow_101.42,41.5,3.5,0
flow_3012.32,107.0,4.0,0
flow_301.50,104.5,3.0,0
flow_2012.26,52.5,4.5,0
flow_20.30,34.0,3.0,0
flow_00.26,126.5,6.5,0
flow_0012.25,115.0,5.5,0
flow_301.51,108.5,3.5,0
flow_30.27,105.5,3.0,0
flow_30.28,103.5,3.0,0
flow_20.31,34.5,4.0,0
flow_001.56,129.0,3.5,0
flow_2012.27,31.0,4.0,0
flow_0012.26,113.0,4.0,0
flow_00.27,108.5,2.5,0
flow_301.52,108.5,3.5,0
flow_101.43,41.5,3.5,0
flow_1012.18,41.0,4.0,0
flow_301.53,110.0,6.5,0
flow_001.57,124.5,3.5,0
flow_001.58,113.0,3.0,0
flow_001.59,110.0,3.0,0
flow_2012.28,28.0,4.5,0
flow_10.19,36.0,4.0,0
flow_3012.33,129.0,7.5,0
flow_301.54,114.5,3.0,0
flow_101.44,40.0,3.0,0
flow_201.34,41.5,3.5,0
flow_001.60,126.0,3.5,0
flow_20.32,40.5,3.0,0
flow_001.61,112.5,3.0,0
flow_201.35,36.5,3.0,0
flow_001.62,110.0,3.0,0
flow_101.0,25.5,2.5,0
flow_3012.0,26.5,3.5,0
flow_101.1,28.0,3.5,0
flow_201.0,27.0,3.0,0
flow_0012.0,33.5,5.5,0
flow_3012.1,42.5,4.5,0
flow_3012.2,38.5,4.0,0
flow_3012.3,28.5,4.0,0
flow_0012.1,41.0,4.0,0
flow_001.0,41.5,3.0,0
flow_0012.2,39.5,3.5,0
flow_101.2,25.5,2.5,0
flow_301.0,43.0,3.5,0
flow_3012.4,43.0,4.0,0
flow_30.0,36.5,3.0,0
flow_001.1,58.0,3.5,0
flow_201.1,37.5,3.5,0
flow_201.2,37.0,3.0,0
flow_0012.3,60.5,6.0,0
flow_0012.4,49.0,4.0,0
flow_10.0,41.0,4.0,0
flow_301.1,32.0,3.5,0
flow_101.3,30.5,3.0,0
flow_1012.0,29.0,3.0,0
flow_3012.5,28.5,5.0,0
flow_3012.6,27.0,4.0,0
flow_201.3,57.5,3.5,0
flow_0012.5,56.5,6.5,0
flow_2012.0,57.5,3.5,0
flow_20.0,53.0,3.0,0
flow_001.2,54.5,3.5,0
flow_301.2,42.0,3.5,0
flow_30.1,21.5,2.0,0
flow_2012.1,64.5,4.5,0
flow_201.4,59.5,3.0,0
flow_001.3,75.5,7.5,0
flow_001.4,60.5,3.0,0
flow_201.5,56.5,3.5,0
flow_10.1,20.5,2.0,0
flow_301.3,44.0,3.5,0
flow_30.2,42.0,3.0,0
flow_3012.7,42.5,3.5,0
flow_0012.6,71.0,4.0,0
flow_00.0,68.0,3.0,0
flow_201.6,74.0,7.0,0
flow_0012.7,68.0,4.5,0
flow_1012.1,35.0,4.5,0
flow_3012.8,60.5,4.5,0
flow_1012.2,34.0,3.5,0
flow_30.3,59.5,4.5,0
flow_101.4,34.0,3.0,0
flow_3012.9,59.5,4.5,0
flow_201.7,93.5,4.0,0
flow_0012.8,80.0,5.5,0
flow_00.1,75.0,3.5,0
flow_201.8,88.5,3.5,0
flow_001.5,74.0,3.0,0
flow_3012.10,63.0,4.5,0
flow_3012.11,62.0,4.0,0
flow_1012.3,26.0,3.5,0
flow_201.9,105.0,3.5,0
flow_001.6,91.0,3.5,0
flow_2012.2,105.5,4.0,0
flow_001.7,94.0,4.0,0
flow_2012.3,105.0,6.5,0
flow_301.4,71.5,4.0,0
flow_10.2,34.5,4.0,0
flow_301.5,66.5,3.0,0
flow_301.6,66.0,2.5,0
flow_20.1,118.0,4.0,0
flow_001.8,106.5,3.5,0
flow_20.2,117.0,3.0,0
flow_001.9,106.0,3.0,0
flow_201.10,116.0,3.0,0
flow_001.10,105.5,3.0,0
flow_301.7,75.0,3.5,0
flow_30.4,69.5,3.0,0
flow_3012.12,56.5,3.5,0
flow_00.2,120.5,4.0,0
flow_201.11,134.0,3.5,0
flow_0012.9,113.0,4.0,0
flow_2012.4,128.0,4.0,0
flow_00.3,109.0,3.0,0
flow_201.12,121.0,3.0,0
flow_10.3,31.5,4.0,0
flow_30.5,62.0,4.0,0
flow_101.5,31.5,3.0,0
flow_301.8,61.5,3.0,0
flow_1012.4,30.5,4.0,0
flow_1012.5,29.5,4.0,0
flow_2012.5,130.5,4.5,0
flow_001.11,119.5,7.0,0
flow_2012.6,116.5,5.0,0
flow_0012.10,115.5,4.0,0
flow_10.4,22.5,2.0,0
flow_30.6,21.0,1.5,0
flow_20.3,128.5,4.0,0
flow_0012.11,134.0,7.5,0
flow_20.4,115.0,5.0,0
flow_00.4,129.5,3.5,0
flow_20.5,111.0,3.5,0
flow_30.7,34.5,3.5,0
flow_101.6,43.0,3.5,0
flow_301.9,34.0,3.0,0
flow_301.10,33.0,3.0,0
flow_20.6,124.0,4.0,0
flow_001.12,136.5,3.5,0
flow_00.5,130.0,3.0,0
flow_201.13,112.0,3.0,0
flow_001.13,115.0,3.0,0
flow_2012.7,112.0,5.0,0
flow_10.5,41.0,4.0,0
flow_1012.6,39.5,4.0,0
flow_1012.7,38.5,4.0,0
flow_00.6,130.0,4.0,0
flow_201.14,126.5,3.5,0
flow_00.7,127.5,3.0,0
flow_0012.12,115.5,3.5,0
flow_2012.8,116.5,6.0,0
flow_10.6,52.5,4.0,0
flow_301.11,32.5,3.5,0
flow_301.12,32.0,3.0,0
flow_101.7,54.0,3.0,0
flow_3012.13,31.5,4.0,0
flow_1012.8,50.5,4.0,0
flow_3012.14,29.0,4.0,0
flow_201.15,130.5,3.5,0
flow_001.14,132.0,3.5,0
flow_00.8,128.0,3.0,0
flow_201.16,128.5,3.0,0
flow_201.17,115.5,3.0,0
flow_001.15,113.0,3.0,0
flow_101.8,59.0,3.5,0
flow_301.13,42.0,3.5,0
flow_1012.9,55.0,4.0,0
flow_3012.15,27.0,4.0,0
flow_101.9,58.0,7.0,0
flow_001.16,126.5,3.5,0
flow_201.18,130.5,4.0,0
flow_20.7,110.5,3.0,0
flow_001.17,111.5,3.0,0
flow_00.9,104.5,3.0,0
flow_20.8,108.0,3.0,0
flow_10.7,20.5,1.5,0
flow_30.8,42.0,4.0,0
flow_301.14,32.0,3.0,0
flow_301.15,30.5,3.0,0
flow_101.10,26.0,3.0,0
flow_2012.9,125.5,4.5,0
flow_20.9,111.5,3.0,0
flow_001.18,113.5,7.5,0
flow_00.10,109.0,3.5,0
flow_201.19,109.5,3.0,0
flow_10.8,40.5,4.0,0
flow_301.16,41.5,3.5,0
flow_10.9,38.0,3.0,0
flow_3012.16,45.5,6.0,0
flow_00.11,123.5,4.0,0
flow_20.10,124.0,4.0,0
flow_201.20,112.0,3.0,0
flow_001.19,112.0,3.0,0
flow_2012.10,107.0,3.5,0
flow_001.20,113.5,6.5,0
flow_301.17,62.0,3.5,0
flow_101.11,59.0,3.5,0
flow_301.18,62.0,3.0,0
flow_101.12,58.5,3.0,0
flow_3012.17,62.0,4.0,0
flow_101.13,61.5,7.0,0
flow_20.11,108.0,4.0,0
flow_001.21,126.0,3.5,0
flow_20.12,106.0,3.5,0
flow_001.22,112.5,3.0,0
flow_20.13,102.5,3.0,0
flow_001.23,110.5,3.5,0
flow_3012.18,74.0,4.5,0
flow_10.10,77.0,6.5,0
flow_301.19,69.5,3.0,0
flow_101.14,75.5,3.5,0
flow_3012.19,56.0,4.0,0
flow_1012.10,68.5,4.0,0
flow_0012.13,126.0,4.5,0
flow_20.14,110.5,6.5,0
flow_001.24,112.5,3.0,0
flow_201.21,108.5,3.5,0
flow_20.15,103.0,3.0,0
flow_001.25,110.0,3.0,0
flow_30.9,68.0,4.0,0
flow_101.15,81.0,3.5,0
flow_301.20,48.5,3.0,0
flow_101.16,75.5,3.5,0
flow_30.10,46.5,3.0,0
flow_101.17,63.0,3.5,0
flow_0012.14,125.0,4.5,0
flow_20.16,110.5,6.5,0
flow_001.26,110.5,3.0,0
flow_20.17,108.0,4.0,0
flow_2012.11,104.5,3.5,0
flow_3012.20,65.5,4.5,0
flow_10.11,81.0,6.5,0
flow_301.21,56.5,3.0,0
flow_101.18,73.0,3.5,0
flow_3012.21,57.0,4.0,0
flow_0012.15,126.0,4.0,0
flow_2012.12,110.0,4.5,0
flow_00.12,110.5,3.0,0
flow_20.18,105.5,3.0,0
flow_00.13,107.5,3.0,0
flow_20.19,102.5,3.0,0
flow_101.19,90.5,3.5,0
flow_301.22,49.5,3.5,0
flow_10.12,68.5,3.0,0
flow_301.23,49.5,3.0,0
flow_30.11,24.5,2.5,0
flow_1012.11,68.5,6.5,0
flow_00.14,123.5,4.0,0
flow_0012.16,112.0,3.5,0
flow_2012.13,113.5,8.0,0
flow_2012.14,110.5,4.5,0
flow_3012.22,38.0,4.0,0
flow_301.24,34.0,2.5,0
flow_30.12,23.5,2.5,0
flow_101.20,82.5,7.0,0
flow_1012.12,61.0,5.0,0
flow_00.15,130.0,4.0,0
flow_201.22,126.5,3.5,0
flow_20.20,111.0,3.0,0
flow_001.27,130.0,3.0,0
flow_201.23,109.5,3.0,0
flow_001.28,116.0,3.0,0
flow_3012.23,42.0,4.5,0
flow_101.21,78.0,7.0,0
flow_3012.24,34.0,5.5,0
flow_1012.13,77.5,4.0,0
flow_00.16,130.5,4.0,0
flow_20.21,123.5,4.0,0
flow_00.17,127.5,3.0,0
flow_201.24,113.0,3.0,0
flow_2012.15,109.0,3.5,0
flow_0012.17,118.0,4.5,0
flow_101.22,93.5,3.5,0
flow_10.13,92.0,3.0,0
flow_301.25,53.5,4.0,0
flow_301.26,52.0,3.5,0
flow_30.13,47.5,2.5,0
flow_101.23,92.0,3.0,0
flow_201.25,124.5,3.5,0
flow_001.29,129.0,3.5,0
flow_0012.18,114.0,4.5,0
flow_20.22,115.0,6.5,0
flow_001.30,110.5,3.0,0
flow_201.26,112.0,3.5,0
flow_3012.25,65.0,4.5,0
flow_101.24,113.5,7.0,0
flow_301.27,65.0,3.0,0
flow_101.25,112.5,3.0,0
flow_301.28,38.0,3.5,0
flow_0012.19,127.0,4.5,0
flow_20.23,127.5,7.0,0
flow_0012.20,117.0,6.5,0
flow_20.24,117.0,8.0,0
flow_101.26,129.0,3.0,0
flow_301.29,55.0,3.5,0
flow_30.14,53.5,3.0,0
flow_101.27,129.5,3.0,0
flow_30.15,52.0,3.0,0
flow_1012.14,130.0,6.0,0
flow_001.31,129.5,3.5,0
flow_201.27,129.0,3.5,0
flow_0012.21,113.0,3.5,0
flow_001.32,110.0,3.0,0
flow_201.28,116.0,6.5,0
flow_3012.26,70.0,4.0,0
flow_301.30,61.0,3.0,0
flow_101.28,138.5,7.0,0
flow_30.16,58.5,3.0,0
flow_10.14,128.0,3.0,0
flow_20.25,130.0,4.0,0
flow_001.33,126.5,3.5,0
flow_201.29,129.5,3.0,0
flow_0012.22,115.5,5.0,0
flow_001.34,111.5,3.0,0
flow_301.31,54.5,3.5,0
flow_1012.15,137.5,6.5,0
flow_101.29,131.5,3.0,0
flow_301.32,57.0,4.0,0
flow_101.30,116.5,3.0,0
flow_20.26,135.5,4.0,0
flow_001.35,125.0,3.5,0
flow_00.18,111.5,3.0,0
flow_20.27,134.0,3.0,0
flow_00.19,109.5,3.0,0
flow_2012.16,134.5,6.0,0
flow_1012.16,132.0,4.5,0
flow_101.31,129.0,3.0,0
flow_10.15,110.5,3.0,0
flow_301.33,56.0,7.5,0
flow_3012.27,46.5,6.0,0
flow_20.28,135.5,4.0,0
flow_001.36,125.0,3.5,0
flow_00.20,110.5,3.0,0
flow_20.29,132.5,3.0,0
flow_20.30,131.5,3.0,0
flow_001.37,108.5,3.0,0
flow_101.32,126.0,3.5,0
flow_301.34,44.5,3.5,0
flow_30.17,41.0,3.0,0
flow_101.33,112.0,3.0,0
flow_10.16,107.5,3.0,0
flow_30.18,40.0,3.0,0
flow_2012.17,136.5,4.5,0
flow_001.38,112.5,7.0,0
flow_2012.18,136.0,5.0,0
flow_0012.23,111.0,4.0,0
flow_1012.17,125.0,4.5,0
flow_3012.28,53.0,4.5,0
flow_1012.18,110.5,4.0,0
flow_30.19,55.0,6.5,0
flow_1012.19,109.5,7.0,0
flow_201.30,137.0,3.5,0
flow_0012.24,128.5,6.5,0
flow_2012.19,131.5,3.5,0
flow_2012.20,116.0,4.0,0
flow_301.35,72.5,3.5,0
flow_101.34,109.5,3.5,0
flow_10.17,104.5,3.0,0
flow_301.36,72.5,3.0,0
flow_1012.20,103.5,4.0,0
flow_301.37,62.5,7.0,0
flow_001.39,136.0,4.0,0
flow_2012.21,131.5,5.0,0
flow_201.31,111.5,2.5,0
flow_00.21,135.0,3.5,0
flow_2012.22,111.0,4.0,0
flow_00.22,134.0,5.5,0
flow_101.35,109.5,3.5,0
flow_3012.29,79.0,6.5,0
flow_3012.30,75.0,4.5,0
flow_10.18,110.0,4.5,0
flow_301.38,55.5,3.0,0
flow_201.32,124.5,3.5,0
flow_0012.25,139.5,6.5,0
flow_2012.23,112.0,3.5,0
flow_2012.24,110.5,4.0,0
flow_3012.31,72.5,4.5,0
flow_101.36,128.0,7.5,0
flow_3012.32,74.5,5.0,0
flow_301.39,72.0,3.0,0
flow_001.40,158.0,4.0,0
flow_2012.25,127.5,5.0,0
flow_201.33,112.5,3.0,0
flow_001.41,157.5,3.5,0
flow_2012.26,109.5,4.5,0
flow_30.20,68.5,4.0,0
flow_101.37,136.5,3.5,0
flow_10.19,133.0,3.0,0
flow_30.21,68.0,3.0,0
flow_1012.21,132.0,3.5,0
flow_3012.33,64.0,3.5,0
flow_00.23,164.0,4.0,0
flow_201.34,109.0,3.5,0
flow_00.24,161.5,3.0,0
flow_201.35,106.5,3.0,0
flow_0012.26,160.0,4.0,0
flow_201.36,107.5,6.5,0
flow_3012.34,73.5,4.5,0
flow_301.40,70.5,2.5,0
flow_101.38,142.5,7.5,0
flow_301.41,51.5,3.0,0
flow_1012.22,140.5,5.0,0
flow_0012.27,163.5,4.5,0
flow_00.25,156.0,3.0,0
flow_2012.27,111.0,5.0,0
flow_201.37,107.0,3.0,0
flow_001.42,143.0,3.0,0
flow_2012.28,106.5,5.0,0
flow_301.42,69.0,3.5,0
flow_101.39,154.0,3.5,0
flow_1012.23,141.0,4.0,0
flow_101.40,138.0,3.0,0
flow_301.43,67.0,7.0,0
flow_0012.28,138.0,4.5,0
flow_2012.29,109.0,4.5,0
flow_0012.29,136.5,4.5,0
flow_0012.30,132.5,4.5,0
flow_201.38,114.0,7.0,0
flow_3012.35,83.5,4.5,0
flow_301.44,80.0,3.0,0
flow_101.41,157.5,7.5,0
flow_301.45,79.5,3.0,0
flow_101.42,144.5,3.5,0
flow_001.43,135.5,3.5,0
flow_201.39,126.0,3.5,0
flow_00.26,112.0,3.0,0
flow_201.40,113.0,3.0,0
flow_00.27,106.0,3.0,0
flow_201.41,110.0,3.5,0
flow_30.22,92.0,4.0,0
flow_101.43,155.5,3.5,0
flow_301.46,81.5,3.0,0
flow_1012.24,140.0,5.0,0
flow_3012.36,64.5,4.0,0
flow_1012.25,117.5,4.0,0
flow_0012.31,109.0,4.5,0
flow_20.31,127.0,6.5,0
flow_0012.32,109.0,5.5,0
flow_3012.37,68.0,4.5,0
flow_101.44,136.0,7.5,0
flow_3012.38,68.5,5.5,0
flow_301.47,65.5,3.0,0
flow_001.44,125.0,3.5,0
flow_201.42,136.5,4.0,0
flow_2012.30,134.5,4.0,0
flow_201.43,130.0,2.5,0
flow_001.45,116.0,6.5,0
flow_001.0,29.0,3.5,0
flow_2012.0,34.5,6.0,0
flow_001.1,29.0,3.5,0
flow_30.0,24.5,3.0,0
flow_301.0,25.0,2.5,0
flow_3012.0,23.0,2.5,0
flow_201.0,42.0,3.5,0
flow_0012.0,35.0,5.5,0
flow_0012.1,33.5,4.5,0
flow_001.2,31.0,3.0,0
flow_201.1,38.0,4.5,0
flow_30.1,25.0,3.0,0
flow_301.1,25.0,2.5,0
flow_101.0,40.0,4.5,0
flow_10.0,33.0,3.0,0
flow_101.1,38.0,3.5,0
flow_301.2,26.5,3.0,0
flow_20.0,51.5,4.0,0
flow_00.0,40.0,4.0,0
flow_201.2,48.0,3.0,0
flow_0012.2,40.5,5.0,0
flow_001.3,38.5,3.0,0
flow_1012.0,52.0,4.0,0
flow_30.2,45.5,6.5,0
flow_101.2,52.0,3.0,0
flow_301.3,43.0,3.0,0
flow_10.1,49.0,3.0,0
flow_301.4,42.0,3.0,0
flow_0012.3,54.0,4.0,0
flow_001.4,54.5,3.0,0
flow_201.3,53.0,7.5,0
flow_00.1,44.0,3.0,0
flow_201.4,52.5,3.5,0
flow_10.2,66.5,4.0,0
flow_301.5,58.5,3.5,0
flow_101.3,68.0,3.0,0
flow_301.6,58.5,3.0,0
flow_1012.1,62.0,4.0,0
flow_301.7,51.0,7.0,0
flow_001.5,64.0,3.5,0
flow_201.5,69.5,4.0,0
flow_2012.1,59.0,4.0,0
flow_001.6,63.5,7.0,0
flow_2012.2,60.5,5.5,0
flow_101.4,78.5,3.5,0
flow_301.8,51.5,3.5,0
flow_10.3,60.5,3.0,0
flow_301.9,29.0,3.0,0
flow_301.10,26.5,3.0,0
flow_201.6,52.5,3.5,0
flow_001.7,75.0,4.0,0
flow_20.1,50.5,3.0,0
flow_001.8,74.0,3.5,0
flow_00.2,68.0,3.0,0
flow_201.7,50.0,3.0,0
flow_30.3,43.5,4.0,0
flow_101.5,45.5,4.0,0
flow_30.4,42.5,3.0,0
flow_101.6,44.5,3.5,0
flow_3012.1,44.0,4.0,0
flow_101.7,44.5,7.0,0
flow_2012.3,68.0,4.5,0
flow_201.8,67.5,3.0,0
flow_001.9,90.0,7.5,0
flow_00.3,87.5,3.5,0
flow_201.9,66.5,3.0,0
flow_1012.2,54.0,4.5,0
flow_101.8,46.0,3.0,0
flow_301.11,55.5,7.5,0
flow_10.4,42.0,3.0,0
flow_3012.2,56.5,6.0,0
flow_00.4,104.5,4.0,0
flow_201.10,83.5,3.5,0
flow_001.10,95.0,3.0,0
flow_201.11,71.5,3.5,0
flow_0012.4,95.5,4.0,0
flow_20.2,55.5,6.0,0
flow_30.5,58.5,4.0,0
flow_101.9,54.0,3.5,0
flow_3012.3,58.0,4.0,0
flow_30.6,49.0,3.0,0
flow_10.5,56.0,6.0,0
flow_00.5,110.0,4.0,0
flow_20.3,67.0,4.0,0
flow_00.6,108.0,3.0,0
flow_2012.4,70.5,5.5,0
flow_00.7,103.0,5.5,0
flow_10.6,26.5,3.5,0
flow_301.12,55.0,3.5,0
flow_101.10,26.5,2.5,0
flow_3012.4,36.5,5.0,0
flow_301.13,32.5,2.5,0
flow_00.8,118.0,4.0,0
flow_201.12,86.0,3.5,0
flow_001.11,112.0,3.0,0
flow_201.13,56.5,3.5,0
flow_0012.5,111.0,4.0,0
flow_20.4,55.0,6.5,0
flow_30.7,49.0,4.0,0
flow_10.7,33.5,3.5,0
flow_301.14,50.0,3.0,0
flow_30.8,26.5,2.5,0
flow_10.8,24.0,2.5,0
flow_201.14,70.0,3.5,0
flow_001.12,124.5,3.5,0
flow_201.15,67.5,3.0,0
flow_001.13,111.0,3.5,0
flow_201.16,28.5,3.0,0
flow_001.14,106.0,3.5,0
flow_30.9,40.0,4.0,0
flow_101.11,41.5,3.5,0
flow_30.10,25.5,2.5,0
flow_1012.3,32.5,6.0,0
flow_30.11,28.0,5.5,0
flow_0012.6,109.0,4.5,0
flow_2012.5,44.0,4.5,0
flow_00.9,105.0,3.0,0
flow_00.10,102.5,3.0,0
flow_301.15,43.5,3.5,0
flow_101.12,39.5,3.5,0
flow_10.9,37.0,3.0,0
flow_301.16,43.5,3.0,0
flow_10.10,36.5,3.0,0
flow_301.17,43.0,3.5,0
flow_20.5,36.5,4.0,0
flow_0012.7,112.0,7.5,0
flow_0012.8,110.0,4.5,0
flow_301.18,60.5,4.0,0
flow_10.11,22.5,2.5,0
flow_1012.4,59.0,7.0,0
flow_301.19,55.5,4.0,0
flow_001.15,124.5,3.5,0
flow_201.17,55.0,3.5,0
flow_0012.9,113.0,4.0,0
flow_001.16,110.0,3.0,0
flow_201.18,53.5,7.0,0
flow_301.20,71.0,3.5,0
flow_101.13,32.0,3.5,0
flow_301.21,66.5,3.0,0
flow_30.12,56.0,3.0,0
flow_001.17,125.0,3.5,0
flow_201.19,59.5,3.5,0
flow_001.18,112.5,3.0,0
flow_201.20,52.5,3.0,0
flow_00.11,108.0,3.0,0
flow_30.13,70.5,4.0,0
flow_10.12,30.0,3.5,0
flow_30.14,70.5,3.0,0
flow_3012.5,57.5,4.0,0
flow_00.12,123.5,4.0,0
flow_201.21,44.5,3.5,0
flow_001.19,112.0,3.0,0
flow_201.22,44.0,3.0,0
flow_20.6,35.0,3.0,0
flow_001.20,111.0,3.5,0
flow_301.22,74.0,3.5,0
flow_30.15,72.5,3.0,0
flow_101.14,25.0,2.5,0
flow_301.23,65.5,3.0,0
flow_00.13,123.5,4.0,0
flow_201.23,51.5,3.5,0
flow_001.21,111.5,3.0,0
flow_201.24,33.5,3.0,0
flow_2012.6,32.5,4.0,0
flow_00.14,110.0,5.0,0
flow_101.15,26.0,3.0,0
flow_301.24,83.0,3.5,0
flow_301.25,80.5,3.0,0
flow_301.26,79.5,3.5,0
flow_20.7,45.0,4.0,0
flow_0012.10,113.5,7.5,0
flow_0012.11,110.0,4.5,0
flow_30.16,91.0,4.0,0
flow_301.27,87.0,3.5,0
flow_301.28,81.0,3.5,0
flow_001.22,125.0,3.5,0
flow_201.25,70.0,3.5,0
flow_00.15,111.0,3.0,0
flow_201.26,71.0,3.5,0
flow_0012.12,111.5,4.5,0
flow_201.27,73.5,7.0,0
flow_301.29,85.5,3.5,0
flow_101.16,43.5,3.5,0
flow_10.13,39.0,3.0,0
flow_301.30,85.5,3.0,0
flow_30.17,82.5,3.0,0
flow_201.28,67.0,3.5,0
flow_001.23,125.5,3.5,0
flow_2012.7,55.5,3.5,0
flow_201.29,28.0,2.5,0
flow_001.24,116.0,6.5,0
flow_30.18,100.5,4.0,0
flow_101.17,36.0,3.5,0
flow_10.14,31.0,3.0,0
flow_301.31,84.0,3.0,0
flow_1012.5,28.5,3.5,0
flow_3012.6,80.0,4.0,0
flow_001.25,131.5,3.5,0
flow_201.30,46.0,3.5,0
flow_0012.13,128.5,3.5,0
flow_001.26,115.5,3.0,0
flow_201.31,49.0,6.5,0
flow_301.32,88.5,3.5,0
flow_301.33,85.0,3.0,0
flow_301.34,84.5,3.5,0
flow_001.27,131.0,3.5,0
flow_201.32,66.0,3.5,0
flow_20.8,64.0,3.0,0
flow_001.28,129.0,3.0,0
flow_00.16,113.5,3.0,0
flow_201.33,55.5,3.0,0
flow_10.15,24.5,3.0,0
flow_10.16,23.5,2.5,0
flow_301.35,102.5,4.0,0
flow_30.19,99.5,3.0,0
flow_301.36,93.0,3.0,0
flow_1012.6,28.5,5.5,0
flow_00.17,128.0,4.0,0
flow_201.34,64.0,3.5,0
flow_0012.14,112.5,4.0,0
flow_00.18,108.5,3.0,0
flow_20.9,65.0,6.0,0
flow_201.35,59.0,3.5,0
flow_301.37,106.0,3.5,0
flow_101.18,40.0,3.5,0
flow_1012.7,29.0,3.5,0
flow_301.38,97.0,4.0,0
flow_2012.8,75.5,4.5,0
flow_201.36,73.5,3.0,0
flow_001.29,129.5,7.5,0
flow_2012.9,73.5,4.0,0
flow_0012.15,116.5,4.0,0
flow_301.39,107.0,3.5,0
flow_101.19,34.5,3.5,0
flow_30.20,98.5,3.0,0
flow_101.20,31.5,3.0,0
flow_3012.7,96.5,4.0,0
flow_1012.8,27.0,3.5,0
flow_00.19,127.0,4.0,0
flow_201.37,91.0,3.5,0
flow_00.20,110.5,3.0,0
flow_201.38,86.0,3.0,0
flow_001.30,109.5,3.0,0
flow_201.39,74.5,3.5,0
flow_30.21,112.0,4.0,0
flow_101.21,28.5,3.0,0
flow_1012.9,28.0,3.5,0
flow_10.17,26.0,2.5,0
flow_30.22,106.5,6.0,0
flow_30.23,94.5,4.0,0
flow_20.10,85.0,4.0,0
flow_001.31,125.5,3.5,0
flow_20.11,79.0,3.0,0
flow_0012.16,116.5,6.0,0
flow_20.12,55.0,5.5,0
flow_10.18,43.5,4.0,0
flow_301.40,110.0,3.5,0
flow_10.19,34.5,3.0,0
flow_1012.10,42.5,4.5,0
flow_301.41,114.0,7.0,0
flow_00.21,130.5,4.0,0
flow_201.40,69.0,4.0,0
flow_00.22,128.5,3.5,0
flow_201.41,67.5,3.5,0
flow_0012.17,116.0,4.0,0
flow_201.42,70.0,7.0,0
flow_101.22,38.0,3.5,0
flow_301.42,130.0,3.5,0
flow_10.20,36.0,3.0,0
flow_30.24,127.0,3.0,0
flow_3012.8,115.5,3.5,0
flow_1012.11,36.0,3.5,0
flow_2012.10,82.5,4.5,0
flow_001.32,136.5,7.5,0
flow_2012.11,82.0,5.5,0
flow_201.43,63.5,3.5,0
flow_301.43,128.0,3.5,0
flow_101.23,28.5,3.0,0
flow_3012.9,112.5,4.0,0
flow_3012.10,110.0,4.0,0
flow_001.33,153.0,3.5,0
flow_201.44,62.0,3.5,0
flow_20.13,40.5,3.0,0
flow_001.34,137.5,3.0,0
flow_2012.12,38.0,4.0,0
flow_001.35,137.0,7.0,0
flow_301.44,125.0,3.5,0
flow_30.25,111.5,3.0,0
flow_30.26,109.0,3.0,0
flow_0012.18,136.5,4.0,0
flow_001.36,134.5,3.0,0
flow_201.45,30.0,6.5,0
flow_00.23,130.0,3.0,0
flow_20.14,24.0,2.5,0
flow_101.24,27.5,3.0,0
flow_3012.11,127.5,6.0,0
flow_301.45,113.5,3.0,0
flow_30.27,105.5,3.0,0
flow_2012.13,35.5,4.5,0
flow_001.37,140.5,7.5,0
flow_201.46,34.5,3.0,0
flow_001.38,136.0,3.0,0
flow_201.47,34.0,3.0,0
flow_301.46,109.0,3.5,0
flow_1012.12,27.5,5.5,0
flow_101.25,27.0,3.0,0
flow_301.47,110.0,3.5,0
flow_0012.19,137.0,4.5,0
flow_00.24,133.0,3.0,0
flow_20.15,32.5,5.5,0
flow_001.39,131.0,2.5,0
flow_201.48,32.0,3.0,0
flow_101.26,35.5,3.5,0
flow_301.48,125.0,3.5,0
flow_301.49,112.5,3.0,0
flow_30.28,107.5,3.0,0
flow_0012.20,133.5,4.0,0
flow_2012.14,36.0,4.0,0
flow_20.16,34.0,3.0,0
flow_001.40,112.5,3.0,0
flow_201.49,32.0,2.5,0
flow_001.41,110.0,3.0,0
flow_1012.13,29.0,4.0,0
flow_301.50,129.0,7.0,0
flow_30.29,114.5,3.5,0
flow_0012.21,124.0,4.5,0
flow_201.50,48.5,7.0,0
flow_00.25,108.5,2.5,0
flow_001.42,114.5,3.5,0
flow_201.51,48.0,3.0,0
flow_3012.12,134.0,5.0,0
flow_301.51,129.0,3.0,0
flow_101.27,44.5,8.0,0
flow_3012.13,117.0,4.5,0
flow_00.26,124.5,4.0,0
flow_20.17,64.0,4.0,0
flow_201.52,64.5,3.0,0
flow_0012.22,112.5,5.0,0
flow_001.43,107.0,3.0,0
flow_301.52,132.0,4.0,0
flow_101.28,65.0,4.0,0
flow_301.53,128.5,3.0,0
flow_3012.14,115.5,4.0,0
flow_201.53,80.5,3.5,0
flow_0012.23,112.5,6.5,0
flow_0012.24,109.5,4.5,0
flow_20.18,73.5,4.5,0
flow_0012.25,108.5,6.5,0
flow_3012.15,129.5,4.5,0
flow_1012.14,35.0,3.5,0
flow_30.30,113.0,3.5,0
flow_1012.15,31.0,7.0,0
flow_2012.15,91.0,4.5,0
flow_00.27,111.0,6.5,0
flow_20.19,50.5,3.0,0
flow_00.28,108.0,4.0,0
flow_201.54,47.5,3.0,0
flow_001.44,106.5,3.0,0
flow_30.31,129.5,4.0,0
flow_101.29,46.5,3.5,0
flow_301.54,129.0,3.0,0
flow_1012.16,48.5,5.0,0
flow_101.30,40.0,3.0,0
flow_201.55,65.5,3.5,0
flow_001.45,110.5,4.0,0
flow_0012.26,108.5,4.0,0
flow_001.46,103.5,3.0,0
flow_201.56,69.0,7.0,0
flow_101.31,27.0,3.0,0
flow_301.55,135.0,3.5,0
flow_3012.16,131.5,4.0,0
flow_30.32,113.5,3.0,0
flow_101.32,32.0,7.0,0
flow_00.29,107.5,4.0,0
flow_201.57,87.0,4.0,0
flow_0012.27,107.0,4.0,0
flow_201.58,88.5,7.0,0
flow_0012.28,107.5,5.5,0
flow_301.56,131.5,3.5,0
flow_301.57,129.0,3.0,0
flow_301.58,116.5,3.5,0
flow_2012.16,104.0,4.0,0
flow_201.59,104.0,3.0,0
flow_001.47,112.5,7.0,0
flow_201.60,104.5,3.5,0
flow_0012.29,113.0,5.5,0
flow_10.21,27.5,3.5,0
flow_301.59,131.0,3.5,0
flow_30.33,127.5,3.0,0
flow_101.33,29.0,3.0,0
flow_3012.17,116.0,4.0,0
flow_0012.30,124.0,4.0,0
flow_001.48,112.5,3.0,0
flow_201.61,114.5,7.5,0
flow_0012.31,110.5,4.0,0
flow_301.60,129.5,3.5,0
flow_3012.18,112.0,3.5,0
flow_1012.17,46.5,6.5,0
flow_10.22,39.0,4.0,0
flow_3012.19,112.5,6.5,0
flow_00.30,124.0,4.0,0
flow_201.62,113.0,4.0,0
flow_00.31,111.0,3.0,0
flow_2012.17,93.5,6.0,0
flow_30.0,22.0,2.0,0
flow_1012.0,28.0,5.0,0
flow_10.0,27.5,3.0,0
flow_201.0,37.5,3.5,0
flow_0012.0,38.0,6.5,0
flow_20.0,37.5,3.5,0
flow_001.0,34.5,3.5,0
flow_001.1,33.5,3.5,0
flow_301.0,27.5,3.0,0
flow_101.0,45.0,3.5,0
flow_30.1,24.5,2.5,0
flow_10.1,22.0,2.0,0
flow_00.0,36.5,4.0,0
flow_201.1,57.0,3.5,0
flow_20.1,55.5,3.0,0
flow_001.2,38.0,3.0,0
flow_0012.1,36.5,3.5,0
flow_2012.0,57.5,4.5,0
flow_101.1,41.0,3.5,0
flow_2012.1,72.5,4.0,0
flow_00.1,25.0,3.0,0
flow_201.2,72.5,3.0,0
flow_20.2,68.0,3.0,0
flow_301.1,27.5,3.0,0
flow_1012.1,40.5,6.0,0
flow_101.2,26.5,2.5,0
flow_3012.0,26.5,4.0,0
flow_201.3,85.0,3.5,0
flow_0012.2,48.0,6.5,0
flow_2012.2,85.0,4.0,0
flow_00.2,47.0,4.0,0
flow_201.4,85.0,3.5,0
flow_3012.1,41.5,4.5,0
flow_301.2,39.5,2.5,0
flow_101.3,49.0,7.5,0
flow_101.4,29.5,3.5,0
flow_2012.3,100.0,4.0,0
flow_201.5,99.0,3.0,0
flow_001.3,62.5,7.0,0
flow_001.4,52.0,3.0,0
flow_201.6,92.5,3.5,0
flow_301.3,44.0,3.5,0
flow_301.4,45.5,3.5,0
flow_3012.2,43.5,4.0,0
flow_001.5,68.5,3.5,0
flow_201.7,108.0,3.5,0
flow_00.3,67.0,3.0,0
flow_201.8,93.5,3.0,0
flow_0012.3,49.5,4.0,0
flow_20.3,95.5,6.0,0
flow_10.2,30.0,3.5,0
flow_301.5,61.0,3.5,0
flow_301.6,55.5,3.5,0
flow_20.4,106.0,4.0,0
flow_00.4,65.5,4.0,0
flow_201.9,107.5,3.0,0
flow_2012.4,103.5,3.5,0
flow_0012.4,45.0,5.0,0
flow_0012.5,43.5,4.5,0
flow_3012.3,24.0,2.5,0
flow_101.5,24.0,2.5,0
flow_201.10,109.5,3.5,0
flow_0012.6,61.0,6.5,0
flow_20.5,107.0,4.5,0
flow_0012.7,60.0,4.5,0
flow_0012.8,60.5,6.5,0
flow_1012.2,36.5,4.0,0
flow_1012.3,35.5,3.5,0
flow_20.6,120.5,4.0,0
flow_001.6,58.0,3.5,0
flow_201.11,113.0,3.0,0
flow_001.7,49.5,3.0,0
flow_20.7,109.0,3.0,0
flow_00.5,29.0,3.0,0
flow_10.3,30.0,3.5,0
flow_301.7,39.0,3.5,0
flow_10.4,29.5,3.0,0
flow_301.8,27.0,3.0,0
flow_00.6,44.5,4.0,0
flow_201.12,127.0,4.0,0
flow_001.8,32.5,2.5,0
flow_201.13,113.5,3.5,0
flow_20.8,111.5,5.0,0
flow_0012.9,34.0,4.5,0
flow_3012.4,43.0,4.5,0
flow_301.9,30.5,3.0,0
flow_201.14,125.5,3.5,0
flow_001.9,50.5,3.5,0
flow_00.7,40.0,3.0,0
flow_201.15,113.5,3.5,0
flow_001.10,40.5,3.0,0
flow_201.16,111.5,3.5,0
flow_301.10,39.0,3.5,0
flow_301.11,38.5,3.0,0
flow_10.5,20.5,1.5,0
flow_00.8,56.5,4.0,0
flow_201.17,125.5,3.5,0
flow_001.11,56.5,3.0,0
flow_201.18,111.5,3.0,0
flow_20.9,103.5,3.0,0
flow_00.9,51.0,3.0,0
flow_101.6,40.5,3.5,0
flow_1012.4,37.5,3.5,0
flow_101.7,39.0,3.5,0
flow_00.10,70.0,4.0,0
flow_201.19,109.0,3.5,0
flow_0012.10,70.0,4.0,0
flow_00.11,67.0,3.0,0
flow_201.20,111.5,7.0,0
flow_30.2,36.0,4.0,0
flow_101.8,55.5,3.5,0
flow_101.9,25.0,2.5,0
flow_201.21,125.5,3.5,0
flow_001.12,85.5,3.5,0
flow_201.22,112.5,3.0,0
flow_001.13,52.5,3.0,0
flow_201.23,110.0,3.0,0
flow_001.14,46.0,3.0,0
flow_3012.5,43.0,4.5,0
flow_1012.5,34.5,4.5,0
flow_201.24,125.0,3.5,0
flow_0012.11,66.5,6.5,0
flow_0012.12,64.5,4.0,0
flow_20.10,115.0,4.5,0
flow_001.15,63.0,3.0,0
flow_101.10,32.0,3.5,0
flow_101.11,31.0,3.0,0
flow_2012.5,131.0,4.0,0
flow_20.11,127.5,3.0,0
flow_001.16,83.5,7.0,0
flow_00.12,78.5,3.0,0
flow_201.25,115.0,3.0,0
flow_1012.6,37.0,4.5,0
flow_1012.7,35.5,4.0,0
flow_101.12,28.0,2.5,0
flow_201.26,131.0,3.5,0
flow_001.17,93.5,3.5,0
flow_001.18,91.0,3.0,0
flow_201.27,129.5,3.0,0
flow_2012.6,115.5,4.0,0
flow_001.19,93.5,7.0,0
flow_30.3,32.5,4.0,0
flow_101.13,46.0,3.5,0
flow_101.14,31.0,3.0,0
flow_201.28,128.0,3.5,0
flow_2012.7,111.5,3.5,0
flow_0012.13,109.0,6.5,0
flow_2012.8,111.0,4.0,0
flow_301.12,40.5,3.5,0
flow_101.15,37.5,3.5,0
flow_101.16,33.0,3.5,0
flow_001.20,129.0,3.5,0
flow_20.12,124.5,4.0,0
flow_201.29,111.5,3.0,0
flow_0012.14,127.0,5.0,0
flow_001.21,126.0,3.0,0
flow_301.13,24.0,2.0,0
flow_30.4,21.0,2.0,0
flow_20.13,125.5,4.0,0
flow_0012.15,140.0,7.5,0
flow_20.14,113.5,4.0,0
flow_001.22,137.5,3.5,0
flow_10.6,41.0,4.0,0
flow_2012.9,131.5,4.5,0
flow_001.23,156.5,7.0,0
flow_201.30,129.5,3.0,0
flow_201.31,115.5,3.0,0
flow_001.24,141.5,3.0,0
flow_101.17,39.0,3.5,0
flow_101.18,27.5,3.0,0
flow_30.5,22.0,2.0,0
flow_301.14,27.5,3.0,0
flow_101.19,28.5,3.5,0
flow_0012.16,155.0,4.5,0
flow_20.15,134.0,6.5,0
flow_001.25,140.5,3.0,0
flow_20.16,130.0,4.0,0
flow_201.32,115.5,2.5,0
flow_10.7,40.5,4.0,0
flow_10.8,38.0,3.0,0
flow_101.20,33.0,3.0,0
flow_0012.17,159.0,4.5,0
flow_20.17,133.5,6.5,0
flow_001.26,156.0,3.0,0
flow_2012.10,131.5,5.0,0
flow_2012.11,118.0,4.0,0
flow_10.9,49.0,4.0,0
flow_10.10,30.0,3.0,0
flow_301.15,27.5,3.0,0
flow_20.18,127.5,4.0,0
flow_001.27,163.5,3.5,0
flow_2012.12,113.0,4.0,0
flow_001.28,146.0,7.0,0
flow_2012.13,111.5,5.5,0
flow_101.21,26.0,3.0,0
flow_3012.6,35.0,5.0,0
flow_201.33,108.5,3.5,0
flow_001.29,158.5,3.5,0
flow_0012.18,157.5,4.0,0
flow_2012.14,108.5,4.0,0
flow_0012.19,145.0,4.5,0
flow_301.16,36.5,3.5,0
flow_1012.8,26.5,3.5,0
flow_30.6,36.5,5.0,0
flow_201.34,125.5,3.5,0
flow_001.30,156.5,3.5,0
flow_0012.20,137.5,3.5,0
flow_2012.15,113.0,4.0,0
flow_20.19,108.0,3.0,0
flow_0012.21,136.5,6.5,0
flow_301.17,43.5,3.5,0
flow_101.22,36.0,3.5,0
flow_1012.9,27.5,3.5,0
flow_301.18,34.5,6.0,0
flow_201.35,125.0,3.5,0
flow_001.31,138.5,4.0,0
flow_201.36,113.0,3.0,0
flow_001.32,133.0,3.5,0
flow_001.33,116.0,3.0,0
flow_201.37,110.5,3.5,0
flow_30.7,47.0,4.0,0
flow_301.19,37.5,3.0,0
flow_00.13,128.0,4.0,0
flow_20.20,124.0,4.0,0
flow_201.38,112.0,3.0,0
flow_001.34,112.5,3.0,0
flow_00.14,105.0,3.0,0
flow_201.39,109.5,3.0,0
flow_101.23,44.0,3.5,0
flow_301.20,24.5,2.5,0
flow_1012.10,26.5,5.0,0
flow_201.40,125.0,3.5,0
flow_0012.22,111.0,6.5,0
flow_2012.16,112.5,4.0,0
flow_2012.17,109.0,4.0,0
flow_101.24,44.5,3.5,0
flow_101.25,40.5,3.0,0
flow_20.21,108.5,4.0,0
flow_001.35,131.0,4.0,0
flow_201.41,106.0,3.0,0
flow_001.36,129.5,3.5,0
flow_001.37,116.0,3.0,0
flow_2012.18,105.5,6.0,0
flow_3012.7,43.0,4.5,0
flow_10.11,34.5,5.5,0
flow_3012.8,44.0,5.5,0
flow_301.21,36.0,3.0,0
flow_20.22,107.0,4.0,0
flow_001.38,131.5,3.5,0
flow_20.23,106.0,3.0,0
flow_001.39,128.5,3.0,0
flow_2012.19,104.0,4.0,0
flow_00.15,117.0,6.0,0
flow_101.26,36.5,3.5,0
flow_1012.11,37.5,4.0,0
flow_0012.23,131.5,4.5,0
flow_2012.20,110.0,4.5,0
flow_201.42,107.0,3.0,0
flow_001.40,130.0,3.0,0
flow_20.24,102.0,3.0,0
flow_001.41,116.0,3.0,0
flow_301.22,38.0,3.5,0
flow_101.27,25.0,2.5,0
flow_301.23,38.0,3.0,0
flow_001.42,131.0,3.5,0
flow_201.43,110.5,4.0,0
flow_201.44,107.5,3.5,0
flow_001.43,130.0,3.5,0
flow_00.16,112.5,3.0,0
flow_201.45,105.5,3.5,0
flow_101.28,44.5,3.5,0
flow_301.24,29.0,3.5,0
flow_101.29,28.0,3.0,0
flow_00.17,109.0,4.0,0
flow_201.46,109.0,3.5,0
flow_0012.24,108.0,4.0,0
flow_2012.21,108.5,4.0,0
flow_20.25,103.0,3.0,0
flow_001.44,107.5,3.5,0
flow_201.47,108.5,3.5,0
flow_001.45,109.5,3.5,0
flow_001.46,107.5,3.5,0
flow_201.48,108.0,3.5,0
flow_2012.22,104.5,4.0,0
flow_001.47,108.0,7.0,0
flow_3012.9,38.0,4.0,0
flow_10.12,40.0,6.5,0
flow_10.13,34.5,4.0,0
flow_201.49,110.5,4.0,0
flow_00.18,106.5,3.5,0
flow_0012.25,113.0,7.0,0
flow_20.26,108.0,3.5,0
flow_001.48,105.0,2.5,0
flow_101.30,42.5,3.5,0
flow_101.31,25.0,2.5,0
flow_0012.26,108.5,4.0,0
flow_20.27,127.0,6.5,0
flow_00.19,105.5,3.0,0
flow_201.50,113.5,3.0,0
flow_0012.27,105.0,4.5,0
flow_101.32,40.0,3.5,0
flow_101.33,27.5,3.0,0
flow_00.20,108.0,4.0,0
flow_201.51,132.0,3.5,0
flow_201.52,129.0,3.0,0
flow_20.28,113.5,3.0,0
flow_001.49,107.5,3.5,0
flow_0012.28,106.5,6.5,0
flow_10.14,38.5,4.0,0
flow_20.29,131.5,4.0,0
flow_0012.29,112.5,7.5,0
flow_001.50,108.5,3.0,0
flow_201.53,133.0,3.0,0
flow_101.34,25.5,2.5,0
flow_00.21,122.0,4.0,0
flow_20.30,137.0,4.0,0
flow_201.54,135.0,3.0,0
flow_0012.30,114.5,5.0,0
flow_001.51,109.5,2.5,0
flow_301.25,43.0,3.5,0
flow_20.31,152.0,4.0,0
flow_001.52,123.5,3.5,0
flow_00.22,110.5,3.0,0
flow_201.55,140.0,3.0,0
flow_20.32,133.5,3.0,0
flow_001.53,110.0,3.0,0
flow_1012.12,40.0,4.5,0
flow_301.26,42.5,7.0,0
flow_001.54,125.5,3.5,0
flow_201.56,137.5,3.5,0
flow_2012.23,133.0,4.0,0
flow_0012.31,112.5,4.0,0
flow_0012.32,110.0,4.0,0
flow_301.0,26.5,3.0,0
flow_201.0,35.5,3.5,0
flow_201.1,35.5,3.0,0
flow_201.2,34.0,3.5,0
flow_101.0,28.0,3.0,0
flow_301.1,35.0,3.5,0
flow_1012.0,28.0,4.0,0
flow_301.2,37.5,4.0,0
flow_201.3,50.5,3.5,0
flow_001.0,37.0,3.5,0
flow_20.0,42.0,3.0,0
flow_201.4,42.5,3.0,0
flow_301.3,54.5,3.5,0
flow_10.0,36.5,4.0,0
flow_3012.0,49.0,4.0,0
flow_30.0,34.5,3.0,0
flow_0012.0,36.0,4.5,0
flow_00.0,21.0,1.5,0
flow_201.5,64.5,7.5,0
flow_201.6,64.5,3.5,0
flow_1012.1,45.0,4.5,0
flow_101.1,38.0,3.0,0
flow_301.4,35.0,4.0,0
flow_3012.1,29.5,4.0,0
flow_1012.2,27.5,4.0,0
flow_201.7,79.5,3.5,0
flow_001.1,42.5,3.5,0
flow_201.8,78.5,3.0,0
flow_201.9,78.0,3.0,0
flow_30.1,30.5,3.5,0
flow_301.5,30.0,3.0,0
flow_301.6,30.0,3.0,0
flow_3012.2,27.5,3.5,0
flow_20.1,94.0,4.0,0
flow_001.2,26.5,3.0,0
flow_2012.0,82.5,4.5,0
flow_201.10,80.5,3.0,0
flow_101.2,35.5,3.5,0
flow_301.7,43.0,3.5,0
flow_301.8,28.0,3.0,0
flow_201.11,97.5,3.5,0
flow_20.2,96.5,3.0,0
flow_201.12,91.0,2.5,0
flow_1012.3,43.5,4.5,0
flow_30.2,44.0,6.5,0
flow_101.3,42.5,3.0,0
flow_1012.4,38.0,3.5,0
flow_3012.3,27.5,4.0,0
flow_00.1,37.0,4.0,0
flow_201.13,107.5,3.5,0
flow_0012.1,26.0,3.5,0
flow_20.3,105.0,5.5,0
flow_20.4,93.0,4.0,0
flow_30.3,42.5,4.0,0
flow_101.4,45.5,3.5,0
flow_101.5,30.0,3.0,0
flow_301.9,25.0,2.0,0
flow_1012.5,26.0,3.5,0
flow_0012.2,27.5,4.0,0
flow_201.14,112.0,7.0,0
flow_00.2,21.0,2.0,0
flow_201.15,110.0,3.0,0
flow_10.1,30.5,3.5,0
flow_301.10,45.0,3.5,0
flow_101.6,27.5,2.5,0
flow_301.11,45.0,3.0,0
flow_30.4,42.0,3.0,0
flow_201.16,125.5,3.5,0
flow_001.3,41.0,3.5,0
flow_20.5,110.5,3.0,0
flow_2012.1,109.5,3.5,0
flow_3012.4,62.0,4.5,0
flow_301.12,51.0,3.0,0
flow_101.7,44.5,7.5,0
flow_3012.5,50.5,4.0,0
flow_201.17,125.0,3.5,0
flow_20.6,111.5,3.0,0
flow_201.18,109.5,3.0,0
flow_301.13,67.5,3.5,0
flow_301.14,54.0,3.0,0
flow_101.8,28.5,3.5,0
flow_3012.6,45.0,5.5,0
flow_201.19,125.5,3.5,0
flow_20.7,111.5,3.0,0
flow_2012.2,102.0,4.0,0
flow_30.5,57.5,4.0,0
flow_10.2,43.5,4.0,0
flow_301.15,58.0,3.0,0
flow_1012.6,44.0,5.0,0
flow_201.20,113.5,3.5,0
flow_201.21,111.5,3.5,0
flow_20.8,102.5,3.0,0
flow_101.9,41.0,3.5,0
flow_301.16,73.5,4.0,0
flow_30.6,68.0,3.0,0
flow_101.10,37.0,3.0,0
flow_301.17,68.5,3.0,0
flow_101.11,35.5,3.0,0
flow_201.22,108.5,3.5,0
flow_2012.3,108.0,4.0,0
flow_201.23,104.5,3.0,0
flow_10.3,30.5,3.5,0
flow_301.18,86.0,3.5,0
flow_30.7,70.0,3.0,0
flow_301.19,60.0,2.5,0
flow_001.4,30.5,3.0,0
flow_201.24,109.0,3.5,0
flow_201.25,106.0,3.0,0
flow_2012.4,106.0,4.5,0
flow_3012.7,79.5,4.5,0
flow_1012.7,44.5,4.5,0
flow_301.20,78.5,3.0,0
flow_301.21,77.0,3.0,0
flow_201.26,108.5,3.5,0
flow_0012.3,35.0,6.0,0
flow_201.27,109.5,4.0,0
flow_30.8,92.0,4.0,0
flow_1012.8,36.0,6.5,0
flow_301.22,97.0,3.5,0
flow_201.28,125.0,3.5,0
flow_001.5,45.0,3.5,0
flow_20.9,110.5,3.0,0
flow_001.6,45.0,3.0,0
flow_201.29,109.0,2.5,0
flow_0012.4,43.5,5.0,0
flow_301.23,111.0,3.5,0
flow_101.12,43.5,3.5,0
flow_30.9,97.5,3.0,0
flow_30.10,97.0,3.0,0
flow_101.13,36.5,3.5,0
flow_101.14,32.0,3.5,0
flow_20.10,125.0,4.0,0
flow_001.7,25.0,2.5,0
flow_201.30,112.0,3.0,0
flow_201.31,109.5,3.0,0
flow_301.24,111.0,3.5,0
flow_3012.8,110.5,3.5,0
flow_3012.9,109.5,4.0,0
flow_001.8,28.5,3.5,0
flow_201.32,126.5,3.5,0
flow_201.33,114.5,3.5,0
flow_201.34,111.5,3.0,0
flow_30.11,112.5,4.0,0
flow_101.15,42.5,3.5,0
flow_30.12,103.5,3.0,0
flow_101.16,28.5,3.0,0
flow_301.25,104.0,3.0,0
flow_20.11,125.0,4.0,0
flow_0012.5,34.5,6.0,0
flow_001.9,32.5,3.0,0
flow_201.35,116.0,3.0,0
flow_301.26,111.5,3.5,0
flow_3012.10,99.0,3.5,0
flow_1012.9,36.0,5.5,0
flow_301.27,62.0,3.5,0
flow_201.36,128.5,3.5,0
flow_201.37,112.5,3.0,0
flow_201.38,110.0,3.0,0
flow_301.28,64.0,3.5,0
flow_101.17,28.0,3.0,0
flow_301.29,64.0,3.0,0
flow_301.30,52.0,3.5,0
flow_201.39,125.0,3.5,0
flow_001.10,33.5,3.5,0
flow_201.40,112.5,3.0,0
flow_20.12,108.0,3.0,0
flow_301.31,54.5,3.5,0
flow_1012.10,28.5,4.5,0
flow_301.32,56.5,3.5,0
flow_00.3,22.0,2.0,0
flow_201.41,126.0,3.5,0
flow_201.42,112.5,3.0,0
flow_2012.5,110.5,4.0,0
flow_001.11,28.5,6.0,0
flow_301.33,74.5,3.5,0
flow_101.18,24.5,2.5,0
flow_3012.11,71.0,4.5,0
flow_1012.11,25.0,3.5,0
flow_301.34,73.0,6.5,0
flow_2012.6,126.0,4.5,0
flow_20.13,107.0,3.0,0
flow_001.12,43.5,7.5,0
flow_2012.7,104.5,4.0,0
flow_10.4,27.0,3.5,0
flow_301.35,70.5,3.5,0
flow_301.36,69.5,3.0,0
flow_101.19,27.0,3.0,0
flow_301.37,63.0,3.5,0
flow_00.4,33.5,4.0,0
flow_201.43,108.5,3.5,0
flow_0012.6,35.0,4.0,0
flow_201.44,112.0,7.0,0
flow_0012.7,37.5,6.0,0
flow_3012.12,78.5,4.0,0
flow_10.5,32.0,6.0,0
flow_30.13,78.0,3.0,0
flow_3012.13,78.5,4.0,0
flow_10.6,26.0,5.5,0
flow_20.14,123.5,4.0,0
flow_001.13,43.0,3.5,0
flow_2012.8,113.0,4.0,0
flow_20.15,109.5,3.0,0
flow_001.14,47.5,7.0,0
flow_301.38,94.5,3.5,0
flow_301.39,94.5,3.0,0
flow_30.14,91.0,3.0,0
flow_2012.9,124.5,4.0,0
flow_0012.8,43.5,4.0,0
flow_201.45,113.0,3.0,0
flow_2012.10,110.5,3.5,0
flow_301.40,107.5,3.5,0
flow_101.20,38.5,3.5,0
flow_10.7,21.0,1.5,0
flow_30.15,104.5,3.0,0
flow_3012.14,102.5,3.5,0
flow_20.16,123.5,4.0,0
flow_20.17,111.5,3.0,0
flow_201.46,109.5,3.0,0
flow_30.16,107.5,4.0,0
flow_301.41,108.5,3.5,0
flow_1012.12,29.5,6.0,0
flow_001.15,24.5,2.5,0
flow_201.47,125.0,3.5,0
flow_201.48,114.0,3.5,0
flow_201.49,107.5,3.0,0
flow_301.42,125.5,3.5,0
flow_101.21,40.0,3.5,0
flow_301.43,112.5,3.0,0
flow_30.17,108.0,3.0,0
flow_101.22,26.0,3.0,0
flow_20.18,107.5,4.0,0
flow_001.16,35.5,3.5,0
flow_001.17,31.0,3.0,0
flow_201.50,107.5,3.0,0
flow_2012.11,104.0,4.0,0
flow_3012.15,125.5,4.5,0
flow_30.18,111.0,3.0,0
flow_101.23,42.5,7.0,0
flow_3012.16,110.0,4.0,0
flow_20.19,108.5,4.0,0
flow_001.18,24.5,2.5,0
flow_201.51,106.5,3.0,0
flow_201.52,103.5,3.0,0
flow_101.24,62.0,3.5,0
flow_3012.17,124.5,5.0,0
flow_3012.18,101.5,4.0,0
flow_3012.19,95.0,4.0,0
flow_00.5,38.0,4.0,0
flow_101.25,35.5,7.5,0
flow_201.53,108.5,3.5,0
flow_201.54,106.5,3.0,0
flow_201.55,103.5,3.0,0
flow_001.19,25.0,2.5,0
flow_301.44,106.0,3.5,0
flow_30.19,105.5,3.0,0
flow_30.20,103.5,3.0,0
flow_001.20,35.5,3.5,0
flow_201.56,110.5,4.0,0
flow_201.57,107.5,3.5,0
flow_201.58,104.0,3.0,0
flow_30.21,107.5,4.0,0
flow_10.8,40.0,4.0,0
flow_1012.13,26.0,3.5,0
flow_3012.20,108.5,4.0,0
flow_30.22,102.5,3.0,0
flow_20.20,107.5,4.0,0
flow_2012.12,108.0,4.0,0
flow_20.21,102.0,3.0,0
flow_3012.21,109.0,4.5,0
flow_1012.14,24.5,3.0,0
flow_30.23,107.0,4.0,0
flow_301.45,104.0,2.5,0
flow_201.59,108.5,3.5,0
flow_001.21,33.0,3.5,0
flow_201.60,108.0,3.5,0
flow_201.61,105.5,3.5,0
flow_10.9,31.0,3.5,0
flow_3012.22,111.5,7.5,0
flow_30.24,108.0,3.5,0
flow_20.22,107.5,4.0,0
flow_201.62,107.5,3.0,0
flow_20.23,102.5,3.0,0
flow_30.25,123.5,4.0,0
flow_101.26,38.5,3.5,0
flow_1012.15,29.5,3.5,0
flow_101.27,27.0,2.5,0
flow_301.46,117.0,7.0,0
flow_201.63,109.0,3.5,0
flow_201.64,107.0,3.0,0
flow_20.24,103.0,3.0,0
flow_3012.23,130.5,4.0,0
flow_1012.16,32.5,4.5,0
flow_10.10,30.0,3.0,0
flow_301.47,129.0,3.0,0
flow_3012.24,115.0,3.0,0
flow_1012.17,31.5,4.0,0
flow_201.65,109.0,3.5,0
flow_20.25,105.5,3.0,0
flow_201.66,105.0,3.5,0
flow_0012.9,29.0,5.5,0
flow_301.48,130.0,3.0,0
flow_10.11,47.5,4.0,0
flow_30.26,127.0,3.0,0
flow_101.28,37.0,3.0,0
flow_30.27,114.0,3.0,0
flow_201.67,109.0,3.5,0
flow_001.22,43.5,3.5,0
flow_00.6,34.5,3.0,0
flow_20.26,106.0,3.0,0
flow_201.68,103.5,3.0,0
flow_0012.10,36.0,6.0,0
flow_1012.18,45.0,4.5,0
flow_301.49,136.0,7.5,0
flow_30.28,130.5,3.5,0
flow_20.27,107.5,4.0,0
flow_001.23,45.5,3.5,0
flow_201.69,107.0,3.0,0
flow_201.70,104.0,3.0,0
flow_10.12,25.5,3.0,0
flow_30.29,135.0,4.0,0
flow_3012.25,131.5,4.0,0
flow_301.50,115.5,2.5,0
flow_201.71,109.0,3.5,0
flow_0012.11,25.0,3.0,0
flow_20.28,108.0,4.5,0
flow_201.72,104.0,3.0,0
flow_3012.26,129.0,4.5,0
flow_10.13,24.5,3.5,0
flow_3012.27,114.5,6.0,0
flow_301.51,111.5,3.0,0
flow_201.73,108.5,3.5,0
flow_001.24,26.5,3.0,0
flow_201.74,107.0,3.0,0
flow_001.25,26.5,2.5,0
flow_201.75,104.0,3.0,0
flow_30.30,124.0,4.0,0
flow_101.29,26.0,2.5,0
flow_3012.28,112.5,4.0,0
flow_301.52,110.5,3.0,0
flow_101.30,25.5,2.5,0
flow_20.29,108.5,4.0,0
flow_20.30,105.0,3.0,0
flow_20.31,102.0,3.0,0
flow_301.0,25.0,2.5,0
flow_20.0,37.5,4.0,0
flow_001.0,33.5,3.5,0
flow_2012.0,37.5,4.0,0
flow_201.0,36.0,3.0,0
flow_101.0,31.5,3.0,0
flow_301.1,31.5,3.5,0
flow_201.1,54.0,3.5,0
flow_001.1,34.5,3.5,0
flow_0012.0,33.0,4.0,0
flow_0012.1,29.5,4.5,0
flow_201.2,60.5,7.0,0
flow_10.0,41.0,4.0,0
flow_301.2,35.0,3.5,0
flow_201.3,73.5,3.5,0
flow_0012.2,43.5,6.5,0
flow_001.2,37.0,3.0,0
flow_20.1,74.0,3.5,0
flow_001.3,32.5,3.0,0
flow_101.1,37.5,3.5,0
flow_1012.0,37.0,3.5,0
flow_10.1,23.0,2.5,0
flow_001.4,48.5,3.5,0
flow_201.4,94.0,3.5,0
flow_00.0,38.0,3.0,0
flow_201.5,92.5,3.0,0
flow_00.1,37.5,3.0,0
flow_2012.1,94.0,6.0,0
flow_101.2,42.0,3.5,0
flow_3012.0,40.0,5.5,0
flow_301.3,39.0,3.5,0
flow_1012.1,27.0,4.0,0
flow_30.0,39.0,5.5,0
flow_201.6,109.5,3.5,0
flow_001.5,57.5,4.0,0
flow_201.7,108.0,3.0,0
flow_001.6,57.0,3.5,0
flow_201.8,106.5,2.5,0
flow_001.7,56.5,3.5,0
flow_301.4,53.0,3.5,0
flow_30.1,51.0,3.0,0
flow_30.2,40.5,3.0,0
flow_101.3,25.0,2.0,0
flow_001.8,71.5,3.5,0
flow_201.9,122.5,3.5,0
flow_00.2,69.5,3.0,0
flow_0012.3,64.5,3.5,0
flow_2012.2,124.0,7.0,0
flow_30.3,34.0,3.5,0
flow_101.4,36.5,3.5,0
flow_30.4,24.5,2.5,0
flow_2012.3,99.0,4.0,0
flow_00.3,81.0,6.5,0
flow_2012.4,99.5,5.5,0
flow_20.2,116.5,4.0,0
flow_001.9,95.0,4.0,0
flow_00.4,93.5,3.0,0
flow_201.10,111.0,3.5,0
flow_001.10,91.5,2.5,0
flow_201.11,107.5,3.0,0
flow_301.5,29.5,3.5,0
flow_30.5,21.5,2.0,0
flow_2012.5,99.0,5.0,0
flow_20.3,83.5,3.0,0
flow_001.11,109.0,8.0,0
flow_201.12,79.5,3.0,0
flow_001.12,107.5,3.5,0
flow_10.2,38.0,4.0,0
flow_30.6,34.5,4.0,0
flow_00.5,121.5,4.0,0
flow_20.4,92.0,4.0,0
flow_201.13,92.5,3.0,0
flow_0012.4,124.5,5.0,0
flow_2012.6,92.5,4.0,0
flow_101.5,28.0,3.0,0
flow_00.6,138.5,4.0,0
flow_20.5,105.5,4.0,0
flow_001.13,138.5,3.0,0
flow_20.6,97.5,3.0,0
flow_00.7,135.5,2.5,0
flow_201.14,95.0,3.0,0
flow_101.6,27.0,3.0,0
flow_101.7,26.0,2.5,0
flow_001.14,153.5,3.5,0
flow_201.15,110.0,3.5,0
flow_2012.7,107.5,4.0,0
flow_00.8,142.0,6.0,0
flow_201.16,104.0,3.0,0
flow_001.15,119.5,3.5,0
flow_301.6,40.5,3.5,0
flow_101.8,37.0,4.0,0
flow_30.7,31.0,3.0,0
flow_2012.8,109.0,4.5,0
flow_201.17,106.5,3.0,0
flow_001.16,135.5,7.0,0
flow_20.7,102.0,3.0,0
flow_00.9,131.5,3.5,0
flow_30.8,36.0,4.0,0
flow_101.9,41.5,3.5,0
flow_1012.2,40.5,3.5,0
flow_201.18,109.5,3.5,0
flow_2012.9,99.5,3.5,0
flow_0012.5,137.5,6.5,0
flow_20.8,97.0,3.0,0
flow_001.17,133.0,3.5,0
flow_101.10,33.5,3.5,0
flow_3012.1,30.0,5.0,0
flow_301.7,28.0,3.0,0
flow_20.9,107.5,4.0,0
flow_001.18,136.5,3.5,0
flow_201.19,92.5,3.0,0
flow_001.19,134.5,3.5,0
flow_201.20,91.0,3.0,0
flow_001.20,118.0,3.5,0
flow_001.21,131.5,3.5,0
flow_201.21,107.5,3.5,0
flow_0012.6,130.0,4.0,0
flow_001.22,114.0,2.5,0
flow_20.10,108.5,6.0,0
flow_201.22,106.5,3.5,0
flow_10.3,31.5,3.5,0
flow_101.11,28.5,3.0,0
flow_101.12,27.5,3.5,0
flow_001.23,130.5,3.5,0
flow_201.23,108.5,3.5,0
flow_00.10,127.0,3.0,0
flow_20.11,105.5,3.0,0
flow_201.24,103.0,2.5,0
flow_0012.7,114.5,5.0,0
flow_101.13,33.5,3.5,0
flow_3012.2,44.0,5.5,0
flow_301.8,42.5,3.0,0
flow_00.11,124.5,4.0,0
flow_20.12,107.5,4.0,0
flow_001.24,111.5,3.0,0
flow_201.25,107.0,3.0,0
flow_2012.10,76.0,4.0,0
flow_001.25,109.5,6.5,0
flow_101.14,36.5,3.5,0
flow_101.15,26.0,3.0,0
flow_201.26,92.5,3.5,0
flow_0012.8,111.5,6.5,0
flow_0012.9,108.5,4.0,0
flow_00.12,104.0,3.0,0
flow_201.27,97.5,4.0,0
flow_301.9,38.0,3.5,0
flow_30.9,24.5,2.5,0
flow_301.10,25.0,2.5,0
flow_001.26,108.5,3.5,0
flow_20.13,111.0,4.0,0
flow_2012.11,109.5,3.5,0
flow_201.28,93.5,3.0,0
flow_001.27,110.5,6.5,0
flow_301.11,27.0,3.0,0
flow_101.16,26.5,3.0,0
flow_00.13,124.0,4.0,0
flow_201.29,110.0,3.5,0
flow_001.28,112.5,3.0,0
flow_201.30,106.5,3.0,0
flow_2012.12,105.5,4.0,0
flow_0012.10,110.5,4.0,0
flow_1012.3,33.0,4.0,0
flow_3012.3,32.5,4.0,0
flow_301.12,27.0,3.0,0
flow_2012.13,123.0,4.5,0
flow_20.14,111.5,3.0,0
flow_001.29,129.0,7.5,0
flow_2012.14,110.5,4.0,0
flow_00.14,117.5,5.5,0
flow_1012.4,41.5,4.5,0
flow_3012.4,36.0,4.0,0
flow_20.15,124.0,4.0,0
flow_001.30,130.5,3.5,0
flow_00.15,126.0,3.0,0
flow_201.31,112.5,3.0,0
flow_00.16,113.5,3.0,0
flow_201.32,105.5,3.0,0
flow_10.4,37.5,4.0,0
flow_301.13,44.5,3.5,0
flow_3012.5,39.0,4.0,0
flow_2012.15,109.0,4.5,0
flow_0012.11,131.5,4.5,0
flow_00.17,126.5,3.0,0
flow_201.33,109.0,3.5,0
flow_0012.12,117.0,4.5,0
flow_10.5,34.5,4.0,0
flow_201.34,125.5,4.0,0
flow_0012.13,131.0,5.5,0
flow_2012.16,111.5,3.5,0
flow_00.18,113.0,4.0,0
flow_201.35,109.5,2.5,0
flow_301.14,28.5,3.0,0
flow_1012.5,44.0,6.0,0
flow_101.17,25.5,2.5,0
flow_301.15,31.0,3.5,0
flow_20.16,124.5,4.0,0
flow_001.31,131.0,3.5,0
flow_00.19,127.5,3.5,0
flow_2012.17,115.0,6.0,0
flow_0012.14,113.0,3.5,0
flow_1012.6,45.0,4.5,0
flow_101.18,43.0,3.0,0
flow_301.16,47.5,7.5,0
flow_20.17,129.5,4.0,0
flow_001.32,126.5,3.5,0
flow_2012.18,129.0,4.0,0
flow_00.20,114.5,6.0,0
flow_2012.19,118.5,6.5,0
flow_101.19,25.0,2.5,0
flow_301.17,37.5,3.5,0
flow_30.10,34.5,3.0,0
flow_101.20,26.0,2.5,0
flow_30.11,21.5,2.0,0
flow_2012.20,132.0,4.5,0
flow_201.36,129.0,3.0,0
flow_001.33,135.5,7.5,0
flow_00.21,131.0,3.5,0
flow_201.37,115.0,3.0,0
flow_1012.7,44.5,4.5,0
flow_101.21,42.5,3.0,0
flow_301.18,42.0,7.5,0
flow_1012.8,30.5,4.0,0
flow_001.34,136.5,3.5,0
flow_201.38,132.0,4.0,0
flow_20.18,112.5,3.0,0
flow_001.35,134.5,3.0,0
flow_20.19,109.5,3.0,0
flow_001.36,131.5,3.0,0
flow_10.6,47.0,4.0,0
flow_00.22,136.5,4.0,0
flow_201.39,128.0,4.0,0
flow_001.37,132.5,3.0,0
flow_201.40,114.0,3.5,0
flow_001.38,116.0,3.0,0
flow_2012.21,110.5,5.5,0
flow_1012.9,40.5,4.5,0
flow_30.12,26.0,5.0,0
flow_1012.10,44.0,6.0,0
flow_1012.11,40.5,4.5,0
flow_00.23,131.0,4.0,0
flow_201.41,108.5,3.5,0
flow_20.20,105.5,3.0,0
flow_001.39,129.5,3.0,0
flow_201.42,103.5,3.0,0
flow_0012.15,118.0,5.5,0
flow_1012.12,54.5,4.5,0
flow_00.24,129.0,4.0,0
flow_201.43,108.5,3.5,0
flow_001.40,109.5,3.0,0
flow_2012.22,109.0,4.5,0
flow_20.21,104.5,3.0,0
flow_10.7,38.5,4.0,0
flow_3012.6,46.5,7.5,0
flow_301.19,38.5,3.5,0
flow_00.25,124.5,4.0,0
flow_201.44,108.5,3.5,0
flow_0012.16,112.0,3.5,0
flow_001.41,110.5,3.0,0
flow_201.45,111.0,7.0,0
flow_301.20,55.0,3.5,0
flow_101.22,34.5,3.5,0
flow_301.21,33.5,3.0,0
flow_3012.7,26.0,3.5,0
flow_20.22,124.0,4.0,0
flow_001.42,125.5,3.5,0
flow_20.23,111.0,3.0,0
flow_0012.17,115.5,6.0,0
flow_101.23,46.0,3.5,0
flow_1012.13,40.0,4.0,0
flow_101.24,33.5,2.5,0
flow_201.46,131.0,3.5,0
flow_001.43,131.5,3.5,0
flow_001.44,128.5,3.0,0
flow_201.47,129.0,3.0,0
flow_2012.23,116.0,4.0,0
flow_001.45,119.0,7.0,0
flow_1012.14,36.5,4.0,0
flow_10.8,23.5,2.0,0
flow_10.9,21.5,2.0,0
flow_001.46,131.5,3.5,0
flow_201.48,131.5,3.5,0
flow_20.24,127.0,3.0,0
flow_001.47,128.0,3.0,0
flow_201.49,116.0,3.0,0
flow_0012.18,118.0,5.5,0
flow_301.22,38.0,3.5,0
flow_101.25,30.5,3.5,0
flow_101.26,29.5,3.5,0
flow_101.27,29.5,4.0,0
flow_201.50,130.5,3.5,0
flow_001.48,130.5,4.0,0
flow_2012.24,129.0,4.0,0
flow_00.26,114.5,6.0,0
flow_201.51,117.0,3.5,0
flow_001.49,112.0,3.5,0
flow_1012.15,43.0,4.5,0
flow_201.52,128.0,3.5,0
flow_001.50,125.5,3.5,0
flow_201.53,112.0,3.0,0
flow_00.27,112.5,3.0,0
flow_00.28,106.5,3.0,0
flow_201.54,106.5,3.0,0
flow_1012.16,25.0,3.0,0
flow_201.55,108.5,3.5,0
flow_001.51,109.5,3.5,0
flow_201.56,106.5,3.0,0
flow_001.52,106.5,3.0,0
flow_201.57,104.0,3.0,0
flow_001.53,103.5,3.5,0
flow_10.10,36.0,4.0,0
flow_1012.17,36.0,3.5,0
flow_201.58,109.0,3.5,0
flow_0012.19,111.5,6.5,0
flow_001.54,107.5,3.0,0
flow_201.59,110.0,4.0,0
flow_001.55,104.5,3.0,0
flow_20.25,124.0,4.0,0
flow_0012.20,111.5,7.5,0
flow_00.29,108.5,3.5,0
flow_201.60,117.5,3.0,0
flow_10.11,34.0,3.5,0
flow_30.13,39.0,4.0,0
flow_101.28,31.0,3.0,0
flow_3012.8,41.5,5.0,0
flow_0012.21,125.0,4.5,0
flow_001.56,112.0,3.0,0
flow_20.26,134.5,6.5,0
flow_2012.25,131.5,5.0,0
flow_0012.22,110.5,4.0,0
