vehicle_id,travel_time,zone_time,total_collisions_in_episode
flow_30.0,23.0,2.0,0
flow_30.1,22.5,2.0,0
flow_10.0,21.0,1.5,0
flow_30.2,21.0,1.5,0
flow_30.3,21.0,2.0,0
flow_20.0,46.0,4.0,0
flow_20.1,38.5,3.0,0
flow_20.2,33.5,3.0,0
flow_20.3,25.5,2.5,0
flow_30.4,43.0,4.0,0
flow_10.1,33.5,4.0,0
flow_10.2,23.5,2.0,0
flow_30.5,42.5,3.0,0
flow_30.6,41.5,3.0,0
flow_30.7,40.0,2.5,0
flow_30.8,39.0,3.0,0
flow_30.9,32.0,2.5,0
flow_30.10,26.5,2.5,0
flow_20.4,38.5,4.0,0
flow_00.0,22.0,2.0,0
flow_00.1,23.0,2.0,0
flow_00.2,21.0,1.5,0
flow_00.3,22.0,2.0,0
flow_20.5,20.0,1.5,0
flow_10.3,39.5,4.0,0
flow_30.11,54.0,4.0,0
flow_30.12,45.5,3.0,0
flow_10.4,21.5,2.0,0
flow_30.13,22.5,2.0,0
flow_00.4,48.5,4.0,0
flow_20.6,21.0,1.5,0
flow_00.5,44.0,3.0,0
flow_30.14,47.5,4.0,0
flow_10.5,48.5,4.0,0
flow_30.15,46.5,3.0,0
flow_10.6,33.5,3.0,0
flow_30.16,40.0,3.0,0
flow_30.17,38.5,2.5,0
flow_30.18,21.0,2.0,0
flow_00.6,49.5,4.0,0
flow_20.7,43.0,4.0,0
flow_20.8,42.0,3.0,0
flow_20.9,23.0,2.0,0
flow_10.7,28.0,3.5,0
flow_30.19,50.0,4.0,0
flow_10.8,27.5,3.0,0
flow_30.20,49.5,3.0,0
flow_30.21,48.0,3.0,0
flow_10.9,23.0,2.0,0
flow_30.22,47.0,3.0,0
flow_30.23,45.5,3.0,0
flow_30.24,41.5,2.5,0
flow_30.25,35.5,2.5,0
flow_20.10,28.0,3.5,0
flow_00.7,40.0,4.0,0
flow_20.11,23.5,2.5,0
flow_30.26,62.5,4.0,0
flow_10.10,41.0,4.0,0
flow_30.27,61.5,3.0,0
flow_30.28,56.5,3.0,0
flow_30.29,36.5,2.5,0
flow_30.30,34.5,2.5,0
flow_10.11,20.5,1.5,0
flow_30.31,33.0,2.5,0
flow_30.32,32.0,2.5,0
flow_10.12,21.5,2.0,0
flow_00.8,27.5,3.5,0
flow_20.12,48.5,4.0,0
flow_00.9,25.5,3.0,0
flow_20.13,21.5,2.0,0
flow_30.33,27.0,3.0,0
flow_10.13,49.0,4.0,0
flow_30.34,21.0,1.5,0
flow_30.35,21.5,2.0,0
flow_10.14,21.0,1.5,0
flow_20.14,49.0,4.0,0
flow_00.10,34.5,4.0,0
flow_20.15,42.5,3.0,0
flow_20.16,22.5,2.0,0
flow_30.36,51.5,4.0,0
flow_30.37,51.5,3.0,0
flow_10.15,22.0,2.0,0
flow_30.38,50.0,3.0,0
flow_30.39,45.0,3.0,0
flow_30.40,43.0,3.0,0
flow_10.16,21.0,1.5,0
flow_30.41,41.5,2.5,0
flow_30.42,26.0,2.5,0
flow_20.17,22.0,2.0,0
flow_00.11,44.5,4.0,0
flow_00.12,33.5,3.0,0
flow_20.18,22.0,2.0,0
flow_00.13,20.5,1.5,0
flow_30.43,53.0,4.0,0
flow_10.17,49.0,4.0,0
flow_30.44,52.0,3.0,0
flow_10.18,47.5,3.0,0
flow_30.45,50.0,3.0,0
flow_10.19,36.5,3.0,0
flow_30.46,49.0,3.0,0
flow_30.47,48.0,3.0,0
flow_30.48,21.0,2.0,0
flow_00.14,51.5,4.0,0
flow_20.19,29.0,3.5,0
flow_00.15,42.5,3.0,0
flow_00.16,39.5,3.0,0
flow_00.17,39.0,3.0,0
flow_00.18,37.5,2.5,0
flow_00.19,34.0,2.5,0
flow_30.49,48.0,4.0,0
flow_10.20,39.5,4.0,0
flow_10.21,37.0,3.0,0
flow_30.50,48.0,3.0,0
flow_30.51,47.5,3.0,0
flow_30.52,44.5,3.0,0
flow_30.53,43.0,3.0,0
flow_10.22,20.0,1.5,0
flow_30.54,42.0,3.0,0
flow_30.55,40.5,2.5,0
flow_00.20,49.0,4.0,0
flow_20.20,30.5,3.5,0
flow_00.21,30.5,3.5,0
flow_20.21,28.0,3.0,0
flow_00.22,30.0,3.0,0
flow_20.22,25.0,2.5,0
flow_10.23,20.5,1.5,0
flow_30.56,57.0,4.0,0
flow_30.57,51.5,3.0,0
flow_30.58,49.5,3.0,0
flow_10.24,21.0,1.5,0
flow_30.59,26.5,3.0,0
flow_30.60,25.0,2.5,0
flow_30.61,23.5,2.0,0
flow_10.25,21.5,2.0,0
flow_30.62,22.5,2.0,0
flow_00.23,48.0,4.0,0
flow_20.23,39.5,4.0,0
flow_20.24,39.5,3.0,0
flow_20.25,38.0,3.0,0
flow_20.26,37.0,3.0,0
flow_10.26,51.0,4.0,0
flow_30.63,50.0,4.0,0
flow_10.27,41.5,3.0,0
flow_30.64,48.5,3.0,0
flow_30.65,47.5,3.0,0
flow_10.28,32.0,3.0,0
flow_30.66,46.0,2.5,0
flow_10.29,30.5,3.0,0
flow_30.67,45.0,3.0,0
flow_10.30,23.5,2.5,0
flow_30.68,43.0,2.5,0
flow_30.69,41.5,2.5,0
flow_10.31,23.5,2.0,0
flow_00.24,40.0,4.0,0
flow_20.27,39.5,4.0,0
flow_00.25,33.5,3.0,0
flow_20.28,38.0,3.0,0
flow_10.32,46.5,4.0,0
flow_30.70,69.0,4.0,0
flow_30.71,67.0,3.0,0
flow_10.33,46.5,3.0,0
flow_30.72,66.5,3.0,0
flow_30.73,65.5,3.0,0
flow_30.74,64.0,3.0,0
flow_30.75,55.5,2.5,0
flow_30.76,54.0,2.5,0
flow_20.29,48.5,4.0,0
flow_00.26,37.0,4.0,0
flow_20.30,32.0,3.0,0
flow_20.31,30.0,3.0,0
flow_20.32,21.0,2.0,0
flow_20.33,21.0,2.0,0
flow_00.27,22.0,2.0,0
flow_30.77,81.0,4.0,0
flow_10.34,38.5,4.0,0
flow_30.78,77.5,3.0,0
flow_30.79,75.5,3.0,0
flow_30.80,73.0,2.5,0
flow_30.81,42.0,2.5,0
flow_10.35,21.5,2.0,0
flow_30.82,41.5,2.5,0
flow_30.83,40.0,2.5,0
flow_20.34,48.0,4.0,0
flow_00.28,43.0,4.0,0
flow_00.29,32.5,3.0,0
flow_20.35,29.5,3.0,0
flow_00.30,29.0,3.0,0
flow_10.36,48.0,4.0,0
flow_30.84,64.5,4.0,0
flow_30.85,63.0,3.0,0
flow_10.37,31.5,3.5,0
flow_30.86,59.0,3.0,0
flow_30.87,57.5,3.0,0
flow_30.88,56.0,3.0,0
flow_10.38,20.0,1.5,0
flow_30.89,54.5,2.5,0
flow_30.90,49.5,2.5,0
flow_00.31,26.0,3.5,0
flow_20.36,33.5,4.0,0
flow_00.32,24.0,2.5,0
flow_20.37,22.0,2.0,0
flow_00.33,22.5,2.0,0
flow_00.34,21.0,1.5,0
flow_00.35,21.0,2.0,0
flow_30.91,69.5,4.0,0
flow_30.92,69.5,3.0,0
flow_30.93,68.0,3.0,0
flow_10.39,22.0,2.0,0
flow_30.94,68.0,3.0,0
flow_30.95,63.5,3.0,0
flow_30.96,59.0,3.0,0
flow_30.97,56.5,2.5,0
flow_20.38,21.0,1.5,0
flow_20.39,20.5,2.0,0
flow_10.40,32.0,4.0,0
flow_30.98,81.5,4.0,0
flow_30.99,82.5,3.5,0
flow_30.100,75.0,3.0,0
flow_10.41,20.0,1.5,0
flow_30.101,73.0,3.0,0
flow_30.102,66.0,3.0,0
flow_10.42,23.0,2.0,0
flow_30.103,55.0,3.0,0
flow_30.104,53.0,2.5,0
flow_20.40,24.0,2.5,0
flow_00.36,21.5,2.0,0
flow_00.37,21.0,1.5,0
flow_30.105,68.0,4.0,0
flow_10.43,52.0,4.0,0
flow_30.106,68.0,3.0,0
flow_30.107,67.0,3.0,0
flow_30.108,65.5,2.5,0
flow_30.109,63.5,2.5,0
flow_30.110,54.5,2.5,0
flow_30.111,48.5,2.5,0
flow_00.38,50.0,4.0,0
flow_20.41,49.5,4.0,0
flow_00.39,40.5,3.0,0
flow_00.40,40.0,3.0,0
flow_00.41,34.0,2.5,0
flow_00.42,33.5,3.0,0
flow_20.42,20.5,1.5,0
flow_00.43,30.0,2.5,0
flow_30.112,61.0,4.0,0
flow_10.44,32.5,4.0,0
flow_30.113,61.0,3.0,0
flow_30.114,55.0,3.0,0
flow_30.115,53.5,2.5,0
flow_30.116,53.0,3.0,0
flow_30.117,51.5,2.5,0
flow_10.45,22.0,2.0,0
flow_30.118,50.5,2.5,0
flow_00.44,41.0,4.0,0
flow_20.43,35.5,4.0,0
flow_00.45,37.0,3.5,0
flow_00.46,22.0,2.0,0
flow_20.44,21.5,2.0,0
flow_30.119,72.0,4.0,0
flow_30.120,71.5,3.0,0
flow_30.121,63.0,3.0,0
flow_30.122,60.0,3.0,0
flow_30.123,57.5,2.5,0
flow_30.124,53.5,2.5,0
flow_30.125,52.0,2.5,0
flow_00.47,38.5,4.0,0
flow_20.45,21.0,1.5,0
flow_00.48,20.5,1.5,0
flow_30.126,78.0,4.0,0
flow_30.127,78.0,3.0,0
flow_30.128,77.5,3.0,0
flow_10.46,21.0,1.5,0
flow_30.129,75.5,3.0,0
flow_30.130,44.0,2.5,0
flow_10.47,21.5,2.0,0
flow_30.131,30.5,2.5,0
flow_30.132,28.0,2.5,0
flow_20.46,52.0,4.0,0
flow_00.49,20.5,1.5,0
flow_20.47,26.0,2.5,0
flow_20.48,24.5,2.5,0
flow_30.133,55.5,4.0,0
flow_30.134,55.5,3.0,0
flow_30.135,50.5,3.0,0
flow_30.136,27.5,2.5,0
flow_30.137,24.5,2.5,0
flow_30.138,20.5,1.5,0
flow_20.49,37.5,4.0,0
flow_00.50,43.5,4.0,0
flow_00.51,38.5,3.0,0
flow_20.50,37.5,3.5,0
flow_20.51,37.0,3.0,0
flow_20.52,35.0,3.0,0
flow_20.53,24.5,2.0,0
flow_10.48,52.0,4.0,0
flow_30.139,49.5,4.0,0
flow_30.140,48.5,3.0,0
flow_30.141,46.0,3.0,0
flow_30.142,45.5,3.0,0
flow_10.49,22.0,2.0,0
flow_30.143,44.0,3.0,0
flow_30.144,42.5,2.5,0
flow_30.145,40.5,2.5,0
flow_00.52,47.5,4.0,0
flow_20.54,41.0,4.0,0
flow_20.55,40.0,3.0,0
flow_00.53,35.0,3.0,0
flow_20.56,39.0,3.0,0
flow_20.57,38.0,3.0,0
flow_20.58,35.5,2.5,0
flow_30.146,67.0,4.0,0
flow_30.147,66.5,3.0,0
flow_30.148,66.0,3.0,0
flow_30.149,63.5,2.5,0
flow_30.150,62.0,3.0,0
flow_30.151,38.0,2.5,0
flow_30.152,37.5,2.5,0
flow_00.54,42.0,4.0,0
flow_00.55,41.5,3.0,0
flow_00.56,39.0,3.0,0
flow_00.57,38.5,3.0,0
flow_00.58,37.0,3.0,0
flow_00.59,31.5,3.0,0
flow_30.153,64.0,4.0,0
flow_10.50,42.0,4.0,0
flow_30.154,62.5,3.0,0
flow_30.155,61.5,3.0,0
flow_30.156,59.0,3.0,0
flow_30.157,52.0,3.0,0
flow_10.0,31.0,3.5,0
flow_10.1,30.0,3.0,0
flow_10.2,28.5,3.0,0
flow_10.3,27.0,3.0,0
flow_10.4,26.0,3.0,0
flow_10.5,24.0,2.5,0
flow_30.0,20.5,1.5,0
flow_10.6,22.5,2.0,0
flow_00.0,32.0,4.0,0
flow_20.0,49.0,4.0,0
flow_20.1,21.5,2.0,0
flow_10.7,42.0,4.0,0
flow_30.1,41.0,4.0,0
flow_10.8,36.5,3.0,0
flow_30.2,40.0,3.0,0
flow_10.9,28.0,2.5,0
flow_30.3,21.5,2.0,0
flow_10.10,22.5,2.0,0
flow_10.11,22.5,2.5,0
flow_00.1,34.5,4.0,0
flow_20.2,21.0,1.5,0
flow_10.12,49.5,4.0,0
flow_10.13,50.0,3.0,0
flow_10.14,45.0,3.0,0
flow_10.15,43.0,3.0,0
flow_10.16,42.0,3.0,0
flow_10.17,36.0,2.5,0
flow_10.18,30.5,2.5,0
flow_20.3,50.0,4.0,0
flow_20.4,45.0,3.0,0
flow_20.5,44.0,3.0,0
flow_20.6,44.5,3.0,0
flow_20.7,36.0,3.0,0
flow_30.4,22.0,2.0,0
flow_10.19,58.0,4.0,0
flow_10.20,56.5,3.0,0
flow_10.21,43.5,3.0,0
flow_10.22,42.5,2.5,0
flow_10.23,43.0,3.0,0
flow_10.24,41.5,3.0,0
flow_10.25,41.5,3.0,0
flow_00.2,47.5,4.0,0
flow_20.8,21.5,2.0,0
flow_00.3,33.5,3.0,0
flow_10.26,63.0,4.0,0
flow_30.5,45.0,4.0,0
flow_10.27,62.0,3.0,0
flow_10.28,61.0,3.0,0
flow_10.29,55.5,3.0,0
flow_10.30,48.5,3.0,0
flow_10.31,43.0,3.0,0
flow_10.32,34.0,2.5,0
flow_20.9,21.0,1.5,0
flow_10.33,60.5,4.0,0
flow_30.6,29.5,3.5,0
flow_10.34,59.0,3.0,0
flow_10.35,59.0,3.0,0
flow_10.36,57.0,3.0,0
flow_10.37,40.5,3.0,0
flow_10.38,37.0,2.5,0
flow_10.39,26.0,2.5,0
flow_20.10,36.5,4.0,0
flow_00.4,41.5,4.0,0
flow_00.5,27.5,3.0,0
flow_20.11,34.5,3.0,0
flow_00.6,27.0,3.0,0
flow_10.40,39.5,4.0,0
flow_10.41,39.0,3.0,0
flow_10.42,35.0,3.0,0
flow_10.43,31.5,2.5,0
flow_10.44,30.0,2.5,0
flow_30.7,21.5,2.0,0
flow_10.45,29.0,2.5,0
flow_10.46,27.0,3.0,0
flow_30.8,21.0,2.0,0
flow_00.7,35.5,4.0,0
flow_20.12,50.0,4.0,0
flow_20.13,49.5,3.0,0
flow_00.8,36.0,3.0,0
flow_00.9,34.5,3.0,0
flow_20.14,26.0,2.5,0
flow_20.15,20.5,1.5,0
flow_00.10,20.5,1.5,0
flow_30.9,48.0,4.0,0
flow_10.47,54.5,4.0,0
flow_10.48,53.0,3.0,0
flow_30.10,44.0,3.0,0
flow_10.49,51.5,3.0,0
flow_10.50,51.5,3.0,0
flow_10.51,46.5,3.0,0
flow_10.52,45.0,2.5,0
flow_10.53,38.5,2.5,0
flow_30.11,21.0,1.5,0
flow_20.16,49.5,4.0,0
flow_00.11,37.0,4.0,0
flow_00.12,29.0,3.0,0
flow_20.17,35.0,3.0,0
flow_10.54,59.0,4.0,0
flow_10.55,56.0,3.0,0
flow_10.56,55.5,3.0,0
flow_10.57,54.0,3.0,0
flow_10.58,53.0,3.0,0
flow_10.59,52.0,3.0,0
flow_10.60,50.0,3.0,0
flow_20.18,22.0,2.0,0
flow_20.19,20.0,1.5,0
flow_10.61,64.5,4.0,0
flow_30.12,50.5,4.0,0
flow_10.62,64.5,3.0,0
flow_10.63,64.5,3.0,0
flow_10.64,63.5,3.0,0
flow_10.65,61.5,3.0,0
flow_10.66,58.0,3.0,0
flow_10.67,56.0,2.5,0
flow_20.20,50.0,4.0,0
flow_00.13,42.0,4.0,0
flow_20.21,43.0,3.0,0
flow_00.14,41.5,3.5,0
flow_20.22,31.5,3.0,0
flow_20.23,31.5,3.0,0
flow_20.24,21.5,2.0,0
flow_10.68,76.0,4.0,0
flow_30.13,30.5,3.5,0
flow_10.69,74.0,3.0,0
flow_10.70,73.0,3.0,0
flow_10.71,61.5,3.0,0
flow_10.72,54.5,3.0,0
flow_10.73,50.5,2.5,0
flow_10.74,48.5,2.5,0
flow_20.25,43.5,4.0,0
flow_00.15,29.5,3.5,0
flow_20.26,29.0,3.0,0
flow_10.75,68.0,4.0,0
flow_30.14,35.5,4.0,0
flow_10.76,64.0,3.0,0
flow_10.77,64.0,3.0,0
flow_10.78,62.5,3.0,0
flow_30.15,21.5,2.0,0
flow_10.79,60.5,3.0,0
flow_10.80,57.5,2.5,0
flow_10.81,56.0,2.5,0
flow_20.27,51.5,4.0,0
flow_00.16,48.5,4.0,0
flow_20.28,44.0,3.0,0
flow_20.29,37.0,3.0,0
flow_20.30,35.0,3.0,0
flow_20.31,34.5,3.0,0
flow_20.32,24.5,2.5,0
flow_20.33,23.0,2.0,0
flow_10.82,82.0,4.0,0
flow_10.83,75.5,3.0,0
flow_30.16,22.0,2.0,0
flow_10.84,75.5,3.0,0
flow_10.85,71.0,3.0,0
flow_10.86,28.5,2.5,0
flow_10.87,27.0,2.5,0
flow_00.17,44.0,4.0,0
flow_20.34,36.5,4.0,0
flow_00.18,29.0,3.0,0
flow_20.35,22.0,2.0,0
flow_00.19,27.5,3.0,0
flow_20.36,21.5,2.0,0
flow_10.88,41.5,4.0,0
flow_30.17,38.0,4.0,0
flow_10.89,31.5,3.0,0
flow_30.18,37.5,3.5,0
flow_10.90,28.0,3.0,0
flow_30.19,36.0,3.0,0
flow_10.91,26.0,3.0,0
flow_10.92,24.5,2.5,0
flow_10.93,23.0,2.0,0
flow_30.20,22.5,2.0,0
flow_10.94,21.5,2.0,0
flow_00.20,25.0,3.0,0
flow_20.37,51.0,4.0,0
flow_00.21,23.5,2.5,0
flow_20.38,47.5,3.0,0
flow_10.95,49.0,4.0,0
flow_10.96,48.5,3.0,0
flow_10.97,46.5,3.0,0
flow_10.98,44.5,2.5,0
flow_10.99,43.0,2.5,0
flow_30.21,21.5,2.0,0
flow_10.100,39.5,2.5,0
flow_10.101,34.5,2.5,0
flow_20.39,31.0,3.5,0
flow_10.102,55.0,4.0,0
flow_30.22,41.5,4.0,0
flow_10.103,43.5,3.0,0
flow_10.104,38.5,3.0,0
flow_10.105,29.0,2.5,0
flow_10.106,22.5,2.0,0
flow_00.22,36.0,4.0,0
flow_20.40,45.5,4.0,0
flow_20.41,21.5,2.0,0
flow_30.23,30.5,3.5,0
flow_10.107,45.5,4.0,0
flow_30.24,30.0,3.0,0
flow_10.108,38.5,3.0,0
flow_10.109,37.5,3.0,0
flow_30.25,21.0,2.0,0
flow_10.110,36.5,3.0,0
flow_10.111,20.5,1.5,0
flow_20.42,37.5,4.0,0
flow_00.23,30.5,3.5,0
flow_20.43,30.0,3.5,0
flow_00.24,26.0,3.0,0
flow_20.44,28.5,3.0,0
flow_20.45,27.0,2.5,0
flow_00.25,21.0,1.5,0
flow_20.46,26.0,2.5,0
flow_20.47,25.0,2.0,0
flow_00.26,22.5,2.0,0
flow_10.112,39.5,4.0,0
flow_30.26,31.5,3.5,0
flow_10.113,38.5,3.0,0
flow_10.114,37.5,3.0,0
flow_10.115,37.0,3.0,0
flow_10.116,36.0,3.0,0
flow_10.117,29.5,2.5,0
flow_10.118,28.0,2.5,0
flow_00.27,21.5,2.0,0
flow_10.119,55.0,4.0,0
flow_30.27,47.5,4.0,0
flow_10.120,54.0,3.0,0
flow_30.28,32.0,3.0,0
flow_30.29,22.5,2.0,0
flow_10.121,53.0,3.0,0
flow_10.122,47.5,3.0,0
flow_10.123,46.5,3.0,0
flow_10.124,45.0,3.0,0
flow_10.125,42.0,2.5,0
flow_20.48,35.0,4.0,0
flow_00.28,40.5,4.0,0
flow_20.49,20.5,2.0,0
flow_00.29,21.0,2.0,0
flow_20.50,20.5,2.0,0
flow_10.126,64.5,4.0,0
flow_10.127,58.5,3.0,0
flow_10.128,57.5,3.0,0
flow_10.129,57.0,3.0,0
flow_10.130,32.5,3.0,0
flow_10.131,24.5,2.5,0
flow_00.30,31.0,3.5,0
flow_20.51,36.5,4.0,0
flow_10.132,44.5,4.0,0
flow_10.133,28.5,3.0,0
flow_10.134,20.0,1.5,0
flow_10.135,21.0,2.0,0
flow_20.52,50.5,4.0,0
flow_20.53,46.5,3.0,0
flow_00.31,20.5,1.5,0
flow_00.32,21.5,2.0,0
flow_30.30,49.0,4.0,0
flow_10.136,50.5,4.0,0
flow_10.137,49.5,3.0,0
flow_30.31,48.0,3.0,0
flow_10.138,46.5,3.0,0
flow_10.139,47.0,3.0,0
flow_10.140,44.0,3.0,0
flow_30.32,21.0,1.5,0
flow_10.141,43.0,3.0,0
flow_10.142,40.0,3.0,0
flow_00.33,49.5,4.0,0
flow_20.54,47.5,4.0,0
flow_00.34,40.5,3.0,0
flow_20.55,35.5,3.0,0
flow_00.35,38.5,3.0,0
flow_20.56,21.0,1.5,0
flow_10.143,60.5,4.0,0
flow_30.33,23.0,2.0,0
flow_10.144,59.5,3.0,0
flow_10.145,58.0,3.0,0
flow_10.146,56.5,3.0,0
flow_10.147,55.5,3.0,0
flow_10.148,53.0,3.0,0
flow_10.149,46.5,2.5,0
flow_20.57,30.0,3.5,0
flow_00.36,34.0,4.0,0
flow_00.37,33.0,3.0,0
flow_00.38,32.5,3.5,0
flow_00.39,30.5,2.5,0
flow_10.150,73.0,4.0,0
flow_10.151,72.5,3.0,0
flow_30.34,23.0,2.0,0
flow_10.152,71.5,3.0,0
flow_10.153,70.5,2.5,0
flow_10.154,67.5,2.5,0
flow_10.155,58.0,2.5,0
flow_10.156,55.5,2.5,0
flow_00.40,27.5,3.5,0
flow_00.41,20.5,1.5,0
flow_20.58,20.5,1.5,0
flow_10.157,84.5,4.0,0
flow_10.158,83.0,3.5,0
flow_10.159,81.5,3.0,0
flow_10.160,80.0,3.0,0
flow_10.161,77.5,3.0,0
flow_10.0,24.0,3.0,0
flow_30.0,21.5,2.0,0
flow_10.1,21.5,2.0,0
flow_30.1,21.0,1.5,0
flow_10.2,21.0,1.5,0
flow_30.2,22.0,2.0,0
flow_00.0,48.5,4.0,0
flow_20.0,48.5,4.0,0
flow_20.1,22.0,2.0,0
flow_00.1,37.0,3.0,0
flow_00.2,35.0,3.0,0
flow_20.2,23.5,2.0,0
flow_00.3,34.5,2.5,0
flow_00.4,33.0,2.5,0
flow_20.3,23.5,2.5,0
flow_30.3,50.5,4.0,0
flow_10.3,46.0,4.0,0
flow_30.4,47.5,3.0,0
flow_10.4,43.0,3.0,0
flow_10.5,39.5,3.0,0
flow_30.5,47.0,3.0,0
flow_10.6,32.5,2.5,0
flow_30.6,27.5,3.0,0
flow_30.7,25.0,3.0,0
flow_10.7,27.5,2.5,0
flow_10.8,22.5,2.0,0
flow_00.5,25.5,3.0,0
flow_20.4,50.5,4.0,0
flow_00.6,24.5,2.5,0
flow_20.5,45.0,3.0,0
flow_20.6,22.0,2.0,0
flow_00.7,22.0,2.0,0
flow_20.7,23.0,2.0,0
flow_20.8,22.0,1.5,0
flow_10.9,51.0,4.0,0
flow_30.8,52.0,4.0,0
flow_10.10,50.5,3.0,0
flow_30.9,39.0,3.0,0
flow_10.11,50.0,3.0,0
flow_30.10,38.0,3.0,0
flow_10.12,49.0,3.0,0
flow_30.11,30.0,2.5,0
flow_10.13,47.0,2.5,0
flow_10.14,45.0,2.5,0
flow_10.15,43.5,2.5,0
flow_20.9,51.5,4.0,0
flow_00.8,49.5,4.0,0
flow_00.9,43.5,3.0,0
flow_20.10,32.5,3.0,0
flow_00.10,36.5,3.0,0
flow_20.11,24.0,2.5,0
flow_00.11,22.0,2.0,0
flow_20.12,22.0,2.0,0
flow_10.16,71.0,4.0,0
flow_30.12,51.0,4.0,0
flow_10.17,70.0,3.0,0
flow_30.13,43.5,3.0,0
flow_10.18,69.0,3.0,0
flow_30.14,42.0,3.0,0
flow_30.15,24.0,2.0,0
flow_10.19,68.5,3.0,0
flow_10.20,66.5,3.0,0
flow_10.21,58.5,2.5,0
flow_10.22,56.0,2.5,0
flow_00.12,48.5,4.0,0
flow_20.13,51.5,4.0,0
flow_20.14,49.0,3.0,0
flow_00.13,31.0,3.5,0
flow_00.14,29.0,3.0,0
flow_00.15,27.0,2.5,0
flow_10.23,75.0,4.0,0
flow_30.16,35.0,4.0,0
flow_10.24,67.5,3.0,0
flow_30.17,34.5,3.0,0
flow_10.25,51.0,3.0,0
flow_10.26,50.0,3.0,0
flow_10.27,49.0,3.0,0
flow_10.28,47.5,2.5,0
flow_30.18,20.5,1.5,0
flow_10.29,45.5,2.5,0
flow_20.15,48.0,4.0,0
flow_00.16,41.0,4.0,0
flow_20.16,46.0,3.0,0
flow_00.17,30.5,3.5,0
flow_00.18,28.5,3.0,0
flow_10.30,48.5,4.0,0
flow_30.19,50.0,4.0,0
flow_10.31,49.0,3.0,0
flow_10.32,47.5,3.0,0
flow_10.33,43.0,3.0,0
flow_10.34,41.5,3.0,0
flow_10.35,40.0,2.5,0
flow_00.19,43.5,4.0,0
flow_20.17,30.0,3.5,0
flow_20.18,21.0,1.5,0
flow_00.20,43.5,3.0,0
flow_00.21,41.5,3.0,0
flow_10.36,47.0,4.0,0
flow_30.20,40.0,4.0,0
flow_10.37,46.5,3.0,0
flow_30.21,39.5,3.0,0
flow_10.38,32.0,3.0,0
flow_30.22,38.5,3.0,0
flow_10.39,31.0,3.0,0
flow_30.23,26.5,3.0,0
flow_10.40,29.5,3.0,0
flow_10.41,28.0,3.0,0
flow_30.24,20.5,1.5,0
flow_10.42,26.5,3.0,0
flow_20.19,20.0,1.5,0
flow_00.22,48.5,4.0,0
flow_00.23,47.0,3.0,0
flow_20.20,21.0,2.0,0
flow_00.24,44.5,3.0,0
flow_00.25,44.5,3.0,0
flow_00.26,43.0,3.0,0
flow_00.27,41.0,2.5,0
flow_00.28,39.0,2.5,0
flow_10.43,53.0,4.0,0
flow_30.25,49.0,4.0,0
flow_10.44,26.0,2.5,0
flow_30.26,48.0,3.0,0
flow_10.45,25.0,2.5,0
flow_30.27,40.0,3.0,0
flow_10.46,24.0,2.0,0
flow_30.28,30.5,2.5,0
flow_10.47,23.0,2.0,0
flow_30.29,21.5,2.0,0
flow_20.21,25.5,3.0,0
flow_00.29,61.0,4.0,0
flow_00.30,60.0,3.0,0
flow_00.31,59.0,3.0,0
flow_00.32,56.5,3.0,0
flow_00.33,55.0,3.0,0
flow_00.34,35.0,3.0,0
flow_00.35,31.0,2.5,0
flow_10.48,42.5,4.0,0
flow_10.49,38.0,3.0,0
flow_10.50,38.0,3.0,0
flow_10.51,30.5,2.5,0
flow_10.52,29.0,2.5,0
flow_30.30,22.0,2.0,0
flow_30.31,23.5,2.0,0
flow_00.36,45.5,4.0,0
flow_20.22,47.5,4.0,0
flow_20.23,30.5,3.0,0
flow_00.37,40.5,3.0,0
flow_00.38,33.0,3.0,0
flow_20.24,27.5,2.5,0
flow_00.39,26.5,3.0,0
flow_00.40,24.0,2.5,0
flow_20.25,20.5,1.5,0
flow_30.32,48.5,4.0,0
flow_10.53,51.5,4.0,0
flow_10.54,50.5,3.0,0
flow_30.33,49.0,3.0,0
flow_10.55,46.5,3.0,0
flow_30.34,34.5,3.0,0
flow_30.35,26.5,3.0,0
flow_10.56,39.0,3.0,0
flow_10.57,37.5,3.0,0
flow_10.58,35.5,2.5,0
flow_10.59,31.5,2.5,0
flow_20.26,38.5,4.0,0
flow_00.41,37.0,4.0,0
flow_00.42,34.5,3.0,0
flow_20.27,38.5,3.0,0
flow_20.28,36.0,3.0,0
flow_00.43,30.5,3.0,0
flow_00.44,28.5,3.0,0
flow_20.29,24.5,2.5,0
flow_00.45,28.0,2.5,0
flow_20.30,23.0,2.5,0
flow_10.60,45.0,4.0,0
flow_30.36,49.5,4.0,0
flow_10.61,44.0,3.0,0
flow_30.37,41.5,3.0,0
flow_10.62,38.5,3.0,0
flow_30.38,42.0,3.0,0
flow_10.63,37.0,2.5,0
flow_30.39,40.5,3.0,0
flow_10.64,36.0,2.5,0
flow_10.65,31.5,2.5,0
flow_10.66,30.0,2.5,0
flow_20.31,21.5,2.0,0
flow_00.46,38.0,4.0,0
flow_00.47,35.5,3.0,0
flow_00.48,34.0,3.0,0
flow_00.49,23.5,2.5,0
flow_00.50,22.5,2.0,0
flow_30.40,50.0,4.0,0
flow_10.67,55.0,4.0,0
flow_10.68,54.0,3.0,0
flow_30.41,51.0,3.0,0
flow_10.69,53.5,3.0,0
flow_30.42,44.0,3.0,0
flow_10.70,52.0,3.0,0
flow_30.43,28.0,2.5,0
flow_10.71,45.5,3.0,0
flow_30.44,22.0,2.0,0
flow_10.72,42.5,2.5,0
flow_10.73,40.0,2.5,0
flow_20.32,31.0,4.0,0
flow_00.51,28.0,3.5,0
flow_20.33,30.5,3.0,0
flow_00.52,20.0,1.5,0
flow_00.53,21.0,2.0,0
flow_00.54,23.0,2.0,0
flow_10.74,67.0,4.0,0
flow_30.45,36.5,4.0,0
flow_10.75,60.5,3.0,0
flow_30.46,26.0,3.0,0
flow_30.47,24.0,2.5,0
flow_10.76,52.0,3.0,0
flow_10.77,42.5,2.5,0
flow_10.78,41.0,2.5,0
flow_30.48,20.5,1.5,0
flow_10.79,39.0,2.5,0
flow_10.80,31.5,2.5,0
flow_00.55,48.5,4.0,0
flow_20.34,42.0,4.0,0
flow_20.35,39.0,3.0,0
flow_00.56,42.5,3.5,0
flow_20.36,38.0,3.0,0
flow_00.57,36.0,3.0,0
flow_20.37,36.5,2.5,0
flow_00.58,22.0,2.0,0
flow_20.38,26.0,2.5,0
flow_20.39,24.5,2.5,0
flow_00.59,20.5,1.5,0
flow_20.40,23.0,2.5,0
flow_10.81,57.5,4.0,0
flow_30.49,51.5,4.0,0
flow_10.82,54.5,3.0,0
flow_30.50,43.0,3.0,0
flow_10.83,52.5,3.0,0
flow_30.51,21.0,2.0,0
flow_10.84,46.0,2.5,0
flow_10.85,45.0,3.0,0
flow_30.52,21.0,1.5,0
flow_10.86,38.0,3.0,0
flow_10.87,36.5,2.5,0
flow_00.60,36.5,4.0,0
flow_20.41,51.5,4.0,0
flow_00.61,29.0,3.0,0
flow_20.42,45.5,3.0,0
flow_30.53,50.0,4.0,0
flow_10.88,62.5,4.0,0
flow_10.89,62.0,3.0,0
flow_30.54,41.0,3.5,0
flow_10.90,59.0,3.0,0
flow_10.91,57.5,2.5,0
flow_30.55,21.5,2.0,0
flow_10.92,49.0,2.5,0
flow_10.93,36.0,2.5,0
flow_10.94,30.5,2.5,0
flow_20.43,51.0,4.0,0
flow_20.44,50.5,3.0,0
flow_20.45,39.5,3.0,0
flow_20.46,39.0,2.5,0
flow_20.47,30.5,2.5,0
flow_20.48,29.0,2.5,0
flow_10.95,54.5,4.0,0
flow_30.56,41.5,4.0,0
flow_10.96,53.5,3.0,0
flow_30.57,29.5,3.0,0
flow_10.97,33.0,3.0,0
flow_10.98,31.5,2.5,0
flow_10.99,27.5,2.5,0
flow_30.58,21.5,1.5,0
flow_10.100,24.5,2.5,0
flow_10.101,23.0,2.0,0
flow_20.49,43.0,4.0,0
flow_00.62,38.5,4.0,0
flow_00.63,38.5,3.0,0
flow_00.64,37.0,3.0,0
flow_00.65,36.0,3.0,0
flow_00.66,34.5,2.5,0
flow_00.67,32.0,2.5,0
flow_00.68,27.0,2.5,0
flow_30.59,50.5,4.0,0
flow_10.102,50.0,4.0,0
flow_30.60,33.0,3.0,0
flow_10.103,49.0,3.0,0
flow_30.61,26.5,3.0,0
flow_10.104,48.0,3.0,0
flow_30.62,24.0,2.5,0
flow_10.105,46.5,3.0,0
flow_30.63,22.0,2.0,0
flow_10.106,45.5,3.0,0
flow_10.107,38.0,2.5,0
flow_30.64,23.0,2.0,0
flow_10.108,27.5,2.5,0
flow_20.50,45.0,4.0,0
flow_20.51,43.5,3.0,0
flow_20.52,41.0,3.0,0
flow_00.69,21.0,1.5,0
flow_20.53,23.0,2.0,0
flow_10.109,54.5,4.0,0
flow_30.65,50.5,4.0,0
flow_10.110,54.0,3.0,0
flow_30.66,47.5,3.0,0
flow_10.111,53.0,3.0,0
flow_30.67,42.0,3.0,0
flow_10.112,52.0,3.0,0
flow_30.68,39.0,3.0,0
flow_30.69,33.5,3.0,0
flow_10.113,48.0,3.0,0
flow_30.70,21.5,2.0,0
flow_10.114,29.0,3.0,0
flow_10.115,27.5,3.0,0
flow_00.70,39.0,4.0,0
flow_20.54,37.0,4.0,0
flow_00.71,30.0,3.0,0
flow_20.55,36.5,3.0,0
flow_00.72,26.5,3.0,0
flow_00.73,25.0,3.0,0
flow_00.74,21.5,2.0,0
flow_30.71,50.0,4.0,0
flow_10.116,39.0,4.0,0
flow_10.117,38.5,3.0,0
flow_30.72,47.0,3.0,0
flow_10.118,38.0,3.0,0
flow_30.73,27.5,2.5,0
flow_10.119,31.5,2.5,0
flow_10.120,29.5,2.5,0
flow_10.121,28.0,2.5,0
flow_10.122,26.5,2.5,0
flow_20.56,48.5,4.0,0
flow_00.75,28.5,3.5,0
flow_00.76,27.5,3.0,0
flow_20.57,48.0,3.0,0
flow_00.77,23.0,2.0,0
flow_20.58,46.5,3.0,0
flow_20.59,41.5,2.5,0
flow_00.78,21.0,2.0,0
flow_20.60,37.0,2.5,0
flow_20.61,33.5,2.5,0
flow_20.62,25.5,3.0,0
flow_10.123,53.5,4.0,0
flow_30.74,24.5,2.5,0
flow_30.75,23.5,2.5,0
flow_10.124,53.0,3.0,0
flow_30.76,22.0,2.0,0
flow_10.125,50.0,3.0,0
flow_10.126,47.5,3.0,0
flow_30.77,20.5,1.5,0
flow_10.127,43.0,3.0,0
flow_10.128,41.0,2.5,0
flow_00.79,48.0,4.0,0
flow_20.63,35.0,4.0,0
flow_20.64,33.0,3.0,0
flow_00.80,44.0,3.0,0
flow_20.65,21.0,2.0,0
flow_00.81,40.5,3.0,0
flow_00.82,32.5,3.0,0
flow_00.83,29.0,2.5,0
flow_20.66,21.5,2.0,0
flow_10.129,43.5,4.0,0
flow_30.78,35.5,4.0,0
flow_10.130,42.5,3.0,0
flow_30.79,34.5,3.0,0
flow_10.131,42.0,3.0,0
flow_30.80,27.5,3.0,0
flow_10.132,32.0,2.5,0
flow_10.133,31.0,2.5,0
flow_30.81,21.5,2.0,0
flow_30.82,21.5,2.0,0
flow_00.84,46.0,4.0,0
flow_20.67,43.5,4.0,0
flow_00.85,37.0,3.0,0
flow_20.68,33.0,3.0,0
flow_00.86,36.0,3.0,0
flow_00.87,32.0,2.5,0
flow_00.88,31.0,2.5,0
flow_00.89,30.0,2.5,0
flow_00.90,23.5,2.5,0
flow_10.134,49.0,4.0,0
flow_30.83,43.0,4.0,0
flow_30.84,42.0,3.0,0
flow_10.135,49.0,3.5,0
flow_30.85,34.0,3.0,0
flow_10.136,23.0,2.0,0
flow_30.86,21.5,2.0,0
flow_30.87,21.5,2.0,0
flow_00.91,50.5,4.0,0
flow_00.92,49.5,3.5,0
flow_00.93,23.5,2.0,0
flow_20.69,21.0,1.5,0
flow_30.88,43.5,4.0,0
flow_10.137,46.0,4.0,0
flow_30.89,43.5,3.0,0
flow_10.138,41.5,3.5,0
flow_30.90,37.5,3.0,0
flow_10.139,38.0,3.0,0
flow_10.140,37.0,3.0,0
flow_30.91,37.0,3.0,0
flow_10.141,35.5,3.0,0
flow_30.92,27.0,2.5,0
flow_10.142,30.5,2.5,0
flow_10.143,30.0,3.0,0
flow_20.70,23.0,2.0,0
flow_00.94,50.5,4.0,0
flow_20.71,22.5,2.0,0
flow_00.95,46.0,3.0,0
flow_20.72,21.5,2.0,0
flow_00.96,43.0,3.0,0
flow_00.97,41.0,3.0,0
flow_00.98,35.5,2.5,0
flow_00.99,33.5,2.5,0
flow_10.144,51.5,4.0,0
flow_30.93,41.5,4.0,0
flow_30.94,23.0,2.0,0
flow_10.145,41.0,3.0,0
flow_10.146,38.5,3.0,0
flow_10.147,27.5,2.5,0
flow_10.148,26.0,3.0,0
flow_10.149,24.5,2.5,0
flow_10.150,23.5,2.5,0
flow_20.73,47.5,4.0,0
flow_00.100,38.0,4.0,0
flow_00.101,37.0,3.0,0
flow_20.74,36.0,3.0,0
flow_20.75,27.5,2.5,0
flow_00.102,36.5,3.0,0
flow_20.76,26.0,2.5,0
flow_00.103,35.5,2.5,0
flow_00.104,34.0,2.5,0
flow_20.77,21.0,1.5,0
flow_00.105,21.5,2.0,0
flow_30.95,49.5,4.0,0
flow_10.151,43.0,4.0,0
flow_10.152,40.0,3.0,0
flow_30.96,49.5,3.0,0
flow_10.153,32.5,3.0,0
flow_30.97,48.5,3.0,0
flow_10.154,31.5,2.5,0
flow_30.98,41.0,3.0,0
flow_10.155,30.5,2.5,0
flow_30.99,29.5,2.5,0
flow_20.0,21.5,2.0,0
flow_00.0,21.5,2.0,0
flow_30.0,33.0,4.0,0
flow_10.0,31.0,3.5,0
flow_30.1,32.5,3.0,0
flow_10.1,21.5,2.0,0
flow_30.2,31.5,3.0,0
flow_30.3,30.0,2.5,0
flow_30.4,28.5,2.5,0
flow_30.5,24.5,2.5,0
flow_10.2,22.0,2.0,0
flow_30.6,22.0,2.0,0
flow_00.1,21.5,2.0,0
flow_20.1,40.5,4.0,0
flow_20.2,35.5,3.0,0
flow_20.3,34.5,3.0,0
flow_20.4,33.0,2.5,0
flow_20.5,32.0,2.5,0
flow_00.2,23.0,2.0,0
flow_20.6,30.5,2.5,0
flow_20.7,29.0,3.0,0
flow_10.3,49.5,4.0,0
flow_30.7,49.0,4.0,0
flow_30.8,47.5,3.0,0
flow_10.4,46.0,3.0,0
flow_30.9,45.0,3.0,0
flow_10.5,35.0,3.0,0
flow_30.10,44.0,2.5,0
flow_30.11,35.5,3.0,0
flow_10.6,21.5,2.0,0
flow_30.12,22.5,2.0,0
flow_20.8,55.5,4.0,0
flow_00.3,48.0,4.0,0
flow_00.4,41.0,3.0,0
flow_20.9,39.5,3.0,0
flow_20.10,22.0,2.0,0
flow_20.11,21.5,2.0,0
flow_30.13,31.5,4.0,0
flow_10.7,51.0,4.0,0
flow_30.14,29.0,3.0,0
flow_10.8,41.0,3.0,0
flow_30.15,27.5,3.0,0
flow_30.16,26.5,3.0,0
flow_30.17,24.5,2.5,0
flow_10.9,20.5,1.5,0
flow_30.18,23.5,2.0,0
flow_10.10,21.0,2.0,0
flow_30.19,22.0,2.0,0
flow_20.12,41.5,4.0,0
flow_00.5,33.0,4.0,0
flow_00.6,32.0,3.0,0
flow_20.13,33.5,3.0,0
flow_00.7,31.5,3.0,0
flow_20.14,24.0,2.0,0
flow_00.8,25.0,2.5,0
flow_00.9,23.0,2.0,0
flow_00.10,22.0,2.0,0
flow_30.20,50.0,4.0,0
flow_10.11,36.5,4.0,0
flow_30.21,49.5,3.0,0
flow_10.12,22.5,2.0,0
flow_30.22,43.0,3.0,0
flow_10.13,21.5,2.0,0
flow_30.23,42.0,3.0,0
flow_30.24,39.5,3.0,0
flow_10.14,22.0,2.0,0
flow_30.25,37.5,2.5,0
flow_30.26,36.0,2.5,0
flow_20.15,27.0,3.5,0
flow_00.11,51.5,4.0,0
flow_20.16,26.0,3.0,0
flow_00.12,38.0,3.5,0
flow_00.13,31.5,3.0,0
flow_20.17,19.5,1.5,0
flow_30.27,62.5,4.0,0
flow_10.15,48.0,4.0,0
flow_30.28,62.5,3.0,0
flow_10.16,43.0,3.0,0
flow_10.17,33.0,3.0,0
flow_30.29,55.5,3.0,0
flow_30.30,54.0,3.0,0
flow_10.18,32.0,2.5,0
flow_10.19,28.5,2.5,0
flow_30.31,54.0,3.0,0
flow_10.20,27.0,3.0,0
flow_30.32,50.5,3.0,0
flow_30.33,41.0,3.0,0
flow_20.18,51.0,4.0,0
flow_20.19,37.5,3.0,0
flow_20.20,36.0,3.0,0
flow_20.21,25.0,2.5,0
flow_20.22,23.5,2.0,0
flow_20.23,23.5,2.5,0
flow_30.34,66.5,4.0,0
flow_10.21,40.5,4.0,0
flow_30.35,62.0,3.0,0
flow_30.36,59.0,3.0,0
flow_30.37,46.5,2.5,0
flow_10.22,21.5,1.5,0
flow_30.38,45.5,3.0,0
flow_30.39,44.5,2.5,0
flow_30.40,43.0,2.5,0
flow_20.24,51.5,4.0,0
flow_00.14,43.5,4.0,0
flow_20.25,51.0,3.0,0
flow_00.15,43.0,3.0,0
flow_20.26,29.5,3.0,0
flow_00.16,38.0,3.0,0
flow_00.17,22.5,2.0,0
flow_10.23,47.0,4.0,0
flow_30.41,70.5,4.0,0
flow_30.42,67.0,3.0,0
flow_10.24,46.0,3.0,0
flow_30.43,65.5,3.0,0
flow_10.25,44.5,3.0,0
flow_30.44,62.5,2.5,0
flow_10.26,38.0,3.0,0
flow_30.45,61.5,2.5,0
flow_10.27,38.0,3.0,0
flow_30.46,58.0,2.5,0
flow_30.47,55.5,2.5,0
flow_20.27,51.0,4.0,0
flow_00.18,42.5,4.0,0
flow_00.19,40.0,3.0,0
flow_20.28,40.0,3.0,0
flow_00.20,28.0,2.5,0
flow_20.29,35.0,3.0,0
flow_00.21,27.0,2.5,0
flow_00.22,25.5,2.5,0
flow_30.48,82.0,4.0,0
flow_10.28,50.5,4.0,0
flow_10.29,50.0,3.0,0
flow_30.49,82.0,3.0,0
flow_10.30,49.0,3.0,0
flow_30.50,81.0,3.0,0
flow_30.51,79.5,3.0,0
flow_10.31,48.0,2.5,0
flow_10.32,44.0,2.5,0
flow_30.52,77.5,3.0,0
flow_30.53,58.5,2.5,0
flow_30.54,56.0,2.5,0
flow_00.23,48.5,4.0,0
flow_20.30,46.5,4.0,0
flow_00.24,47.0,3.0,0
flow_00.25,32.5,3.0,0
flow_00.26,26.0,3.0,0
flow_00.27,24.5,2.5,0
flow_00.28,23.0,2.0,0
flow_30.55,83.0,4.0,0
flow_10.33,51.5,4.0,0
flow_30.56,82.0,3.0,0
flow_10.34,33.0,3.0,0
flow_10.35,31.5,3.0,0
flow_30.57,81.0,3.0,0
flow_10.36,25.5,2.5,0
flow_30.58,72.0,3.0,0
flow_30.59,62.0,3.0,0
flow_30.60,59.0,3.0,0
flow_30.61,56.5,2.5,0
flow_20.31,45.0,4.0,0
flow_00.29,40.0,4.0,0
flow_20.32,44.0,3.0,0
flow_00.30,30.5,3.5,0
flow_00.31,22.5,2.0,0
flow_20.33,35.0,3.0,0
flow_20.34,26.5,3.0,0
flow_00.32,22.5,2.0,0
flow_10.37,50.0,4.0,0
flow_30.62,83.0,4.0,0
flow_10.38,48.0,3.0,0
flow_30.63,82.0,3.0,0
flow_10.39,45.5,3.0,0
flow_30.64,81.5,3.0,0
flow_10.40,27.0,3.0,0
flow_30.65,80.0,3.0,0
flow_10.41,25.0,2.5,0
flow_30.66,77.5,3.0,0
flow_10.42,23.5,2.5,0
flow_30.67,59.0,2.5,0
flow_30.68,55.5,2.5,0
flow_20.35,38.5,4.0,0
flow_20.36,30.0,3.0,0
flow_00.33,21.0,1.5,0
flow_20.37,21.5,2.0,0
flow_00.34,20.5,1.5,0
flow_00.35,21.5,2.0,0
flow_30.69,82.5,4.0,0
flow_10.43,37.5,4.0,0
flow_30.70,81.5,3.0,0
flow_10.44,37.0,3.5,0
flow_30.71,80.0,3.0,0
flow_10.45,35.5,3.0,0
flow_30.72,79.5,3.0,0
flow_10.46,34.0,2.5,0
flow_30.73,77.0,2.5,0
flow_30.74,58.0,2.5,0
flow_10.47,22.5,2.0,0
flow_30.75,55.0,2.5,0
flow_00.36,40.5,4.0,0
flow_20.38,37.0,4.0,0
flow_20.39,22.5,2.0,0
flow_00.37,41.5,3.0,0
flow_00.38,23.5,2.5,0
flow_00.39,22.5,2.0,0
flow_00.40,20.5,1.5,0
flow_10.48,36.5,4.0,0
flow_30.76,82.5,4.0,0
flow_30.77,81.0,3.0,0
flow_10.49,31.5,3.0,0
flow_10.50,23.0,2.0,0
flow_30.78,81.5,3.0,0
flow_30.79,80.0,3.0,0
flow_30.80,77.5,3.0,0
flow_30.81,58.5,2.5,0
flow_30.82,56.5,2.5,0
flow_20.40,40.0,4.0,0
flow_00.41,37.0,4.0,0
flow_00.42,35.5,3.0,0
flow_20.41,39.0,3.0,0
flow_00.43,34.5,3.0,0
flow_20.42,20.5,2.0,0
flow_00.44,29.5,2.5,0
flow_20.43,22.0,2.0,0
flow_00.45,21.0,1.5,0
flow_30.83,82.0,4.0,0
flow_10.51,51.0,4.0,0
flow_30.84,81.5,3.0,0
flow_10.52,49.0,3.5,0
flow_30.85,80.5,3.0,0
flow_10.53,35.0,3.0,0
flow_30.86,79.5,3.0,0
flow_10.54,27.5,3.0,0
flow_30.87,74.5,3.0,0
flow_30.88,60.0,3.0,0
flow_30.89,57.0,3.0,0
flow_20.44,48.5,4.0,0
flow_00.46,20.5,1.5,0
flow_20.45,37.0,3.0,0
flow_00.47,21.5,2.0,0
flow_20.46,36.5,3.0,0
flow_20.47,21.0,1.5,0
flow_10.55,46.5,4.0,0
flow_30.90,83.0,4.0,0
flow_10.56,29.5,3.0,0
flow_30.91,81.5,3.0,0
flow_30.92,81.0,3.0,0
flow_10.57,21.0,2.0,0
flow_30.93,81.5,3.0,0
flow_10.58,21.0,2.0,0
flow_30.94,78.5,3.0,0
flow_30.95,60.5,3.0,0
flow_30.96,57.0,3.0,0
flow_00.48,50.0,4.0,0
flow_20.48,38.0,4.0,0
flow_00.49,49.5,3.0,0
flow_20.49,32.5,3.0,0
flow_00.50,47.0,3.0,0
flow_20.50,27.5,3.0,0
flow_00.51,43.0,3.0,0
flow_00.52,38.0,3.0,0
flow_00.53,26.0,2.5,0
flow_30.97,82.0,4.0,0
flow_10.59,50.5,4.0,0
flow_30.98,81.5,3.0,0
flow_10.60,50.0,3.0,0
flow_10.61,48.5,3.0,0
flow_30.99,81.0,3.0,0
flow_30.100,80.0,3.0,0
flow_10.62,38.5,3.0,0
flow_30.101,77.0,3.0,0
flow_10.63,37.0,3.0,0
flow_30.102,58.5,2.5,0
flow_10.64,35.5,2.5,0
flow_30.103,55.5,2.5,0
flow_10.65,34.0,2.5,0
flow_20.51,49.5,4.0,0
flow_00.54,48.0,4.0,0
flow_00.55,46.5,3.0,0
flow_20.52,22.5,2.0,0
flow_00.56,21.5,2.0,0
flow_10.66,41.5,4.0,0
flow_30.104,83.0,4.0,0
flow_30.105,81.5,3.0,0
flow_10.67,38.0,3.5,0
flow_30.106,80.5,3.0,0
flow_10.68,32.0,3.0,0
flow_30.107,79.5,3.0,0
flow_10.69,30.5,3.0,0
flow_30.108,77.0,3.0,0
flow_10.70,29.0,3.0,0
flow_30.109,58.5,2.5,0
flow_10.71,21.5,2.0,0
flow_30.110,55.5,2.5,0
flow_00.57,51.0,4.0,0
flow_20.53,30.5,3.5,0
flow_20.54,30.0,3.0,0
flow_20.55,29.0,3.0,0
flow_20.56,22.5,2.5,0
flow_20.57,21.0,2.0,0
flow_10.72,40.0,4.0,0
flow_30.111,82.5,4.0,0
flow_30.112,81.5,3.0,0
flow_10.73,35.5,3.0,0
flow_30.113,80.5,3.0,0
flow_10.74,25.5,2.5,0
flow_30.114,79.5,3.0,0
flow_30.115,77.5,3.0,0
flow_30.116,59.0,2.5,0
flow_30.117,56.0,2.5,0
flow_10.75,23.0,2.0,0
flow_20.58,50.0,4.0,0
flow_00.58,40.5,4.0,0
flow_00.59,39.5,3.0,0
flow_20.59,36.0,3.0,0
flow_00.60,38.5,3.0,0
flow_20.60,22.5,2.0,0
flow_00.61,38.5,3.0,0
flow_20.61,21.0,2.0,0
flow_00.62,37.0,3.0,0
flow_00.63,35.5,3.0,0
flow_20.62,21.5,2.0,0
flow_00.64,24.5,2.5,0
flow_10.76,49.5,4.0,0
flow_30.118,83.0,4.0,0
flow_30.119,81.5,3.0,0
flow_10.77,33.5,3.0,0
flow_30.120,81.0,3.0,0
flow_30.121,80.0,3.0,0
flow_10.78,21.5,2.0,0
flow_30.122,77.5,3.0,0
flow_30.123,59.0,2.5,0
flow_30.124,56.0,2.5,0
flow_20.63,50.0,4.0,0
flow_00.65,51.0,4.0,0
flow_20.64,49.5,3.0,0
flow_00.66,35.0,3.0,0
flow_20.65,46.0,3.0,0
flow_00.67,34.0,3.0,0
flow_00.68,30.5,3.0,0
flow_20.66,45.5,3.0,0
flow_00.69,22.0,2.0,0
flow_20.67,33.5,3.0,0
flow_20.68,32.0,2.5,0
flow_30.125,83.0,4.0,0
flow_10.79,46.5,4.0,0
flow_30.126,81.5,3.0,0
flow_10.80,43.0,3.0,0
flow_30.127,80.0,3.0,0
flow_10.81,25.5,2.5,0
flow_30.128,78.5,2.5,0
flow_10.82,24.0,2.0,0
flow_30.129,76.5,2.5,0
flow_30.130,58.0,2.5,0
flow_30.131,55.5,2.5,0
flow_20.69,46.0,4.0,0
flow_20.70,45.5,3.0,0
flow_20.71,45.0,3.0,0
flow_20.72,44.0,3.0,0
flow_20.73,32.0,2.5,0
flow_30.132,82.5,4.0,0
flow_10.83,41.0,4.0,0
flow_30.133,81.5,3.0,0
flow_10.84,32.0,3.5,0
flow_30.134,80.5,3.0,0
flow_30.135,79.0,2.5,0
flow_30.136,76.5,2.5,0
flow_30.137,58.5,2.5,0
flow_30.138,55.5,2.5,0
flow_10.85,21.5,2.0,0
flow_20.74,50.0,4.0,0
flow_00.70,46.5,4.0,0
flow_00.71,42.5,3.0,0
flow_00.72,31.0,3.0,0
flow_20.75,21.5,2.0,0
flow_00.73,21.0,1.5,0
flow_20.76,21.0,2.0,0
flow_30.139,83.0,4.0,0
flow_10.86,48.5,4.0,0
flow_30.140,82.0,3.0,0
flow_10.87,47.5,3.5,0
flow_10.88,41.5,3.0,0
flow_30.141,81.5,3.0,0
flow_10.89,26.5,3.0,0
flow_30.142,80.5,3.0,0
flow_10.90,24.5,2.5,0
flow_30.143,79.0,3.0,0
flow_10.91,23.5,2.5,0
flow_30.144,60.0,3.0,0
flow_10.92,22.5,2.0,0
flow_30.145,57.0,3.0,0
flow_00.74,46.5,4.0,0
flow_20.77,36.5,4.0,0
flow_20.78,37.0,3.0,0
flow_00.75,37.5,3.0,0
flow_20.79,35.5,3.0,0
flow_00.76,23.0,2.0,0
flow_20.80,21.0,2.0,0
flow_00.77,22.5,2.0,0
flow_30.146,82.0,4.0,0
flow_10.93,50.0,4.0,0
flow_10.94,47.0,3.0,0
flow_30.147,82.0,3.0,0
flow_30.148,80.5,3.0,0
flow_10.95,43.0,3.0,0
flow_30.149,80.0,3.0,0
flow_10.96,35.5,3.0,0
flow_30.150,77.5,3.0,0
flow_30.151,59.0,2.5,0
flow_30.152,55.5,2.5,0
flow_20.81,39.5,4.0,0
flow_00.78,47.0,4.0,0
flow_00.79,38.0,3.0,0
flow_20.82,39.5,3.0,0
flow_00.80,37.0,3.0,0
flow_20.83,35.5,3.0,0
flow_10.97,48.5,4.0,0
flow_30.153,82.5,4.0,0
flow_10.98,25.5,2.5,0
flow_30.154,82.0,3.0,0
flow_30.155,80.5,3.0,0
flow_10.99,24.0,2.5,0
flow_30.156,79.5,3.0,0
flow_30.157,77.0,2.5,0
flow_30.158,58.5,2.5,0
flow_30.159,55.5,2.5,0
flow_10.100,21.5,2.0,0
flow_00.81,45.5,4.0,0
flow_20.84,39.0,4.0,0
flow_20.85,32.0,3.5,0
flow_00.82,41.0,3.0,0
flow_20.86,23.5,2.5,0
flow_00.83,39.5,3.0,0
flow_00.84,37.0,3.0,0
flow_20.87,24.0,2.5,0
flow_00.85,21.5,2.0,0
flow_30.160,82.5,4.0,0
flow_10.101,48.5,4.0,0
flow_30.161,81.5,3.0,0
flow_10.102,46.5,3.0,0
flow_30.162,80.5,3.0,0
flow_10.103,40.5,3.0,0
flow_10.104,36.5,2.5,0
flow_30.163,79.5,3.0,0
flow_10.105,35.0,2.5,0
flow_30.164,78.0,3.0,0
flow_10.106,34.0,2.5,0
flow_30.165,59.0,2.5,0
flow_30.166,55.5,2.5,0
flow_10.107,25.0,2.5,0
flow_00.86,48.5,4.0,0
flow_00.87,42.5,3.0,0
flow_00.88,41.0,3.0,0
flow_00.89,40.5,3.0,0
flow_00.90,25.5,2.5,0
flow_10.108,32.5,4.0,0
flow_30.167,83.0,4.0,0
flow_30.168,82.5,3.5,0
flow_30.169,81.0,3.0,0
flow_30.170,80.5,3.0,0
flow_30.171,78.5,3.0,0
flow_30.0,22.0,2.0,0
flow_10.0,34.5,4.0,0
flow_10.1,27.0,3.0,0
flow_10.2,23.5,2.5,0
flow_10.3,21.5,2.0,0
flow_10.4,22.0,2.0,0
flow_20.0,47.5,4.0,0
flow_00.0,20.0,1.5,0
flow_20.1,34.5,3.0,0
flow_20.2,33.5,3.0,0
flow_00.1,20.5,1.5,0
flow_20.3,32.0,3.0,0
flow_20.4,21.0,1.5,0
flow_10.5,40.0,4.0,0
flow_30.1,30.5,3.5,0
flow_10.6,28.0,3.0,0
flow_30.2,25.5,2.5,0
flow_10.7,26.0,2.5,0
flow_30.3,23.0,2.0,0
flow_10.8,25.0,2.5,0
flow_10.9,24.0,2.0,0
flow_00.2,46.0,4.0,0
flow_20.5,41.5,4.0,0
flow_20.6,30.5,3.5,0
flow_00.3,32.0,3.5,0
flow_20.7,24.5,2.5,0
flow_00.4,31.0,3.0,0
flow_30.4,47.5,4.0,0
flow_10.10,45.0,4.0,0
flow_30.5,33.5,3.0,0
flow_10.11,32.5,3.0,0
flow_10.12,31.0,3.0,0
flow_30.6,27.5,3.0,0
flow_10.13,30.0,3.0,0
flow_30.7,24.5,2.5,0
flow_30.8,23.0,2.0,0
flow_10.14,26.0,2.5,0
flow_30.9,21.5,1.5,0
flow_20.8,44.0,4.0,0
flow_00.5,37.5,4.0,0
flow_00.6,35.5,3.0,0
flow_00.7,29.5,3.0,0
flow_00.8,22.0,2.0,0
flow_30.10,51.5,4.0,0
flow_10.15,43.5,4.0,0
flow_30.11,45.0,3.0,0
flow_10.16,37.5,3.0,0
flow_30.12,43.5,3.0,0
flow_10.17,34.0,3.0,0
flow_30.13,42.5,3.0,0
flow_10.18,31.0,2.5,0
flow_30.14,41.0,3.0,0
flow_10.19,29.5,2.5,0
flow_10.20,27.5,3.0,0
flow_30.15,27.5,2.5,0
flow_10.21,26.5,3.0,0
flow_20.9,46.5,4.0,0
flow_00.9,39.5,4.0,0
flow_00.10,40.0,3.0,0
flow_00.11,28.0,2.5,0
flow_20.10,21.0,1.5,0
flow_00.12,21.5,2.0,0
flow_10.22,53.5,4.0,0
flow_30.16,44.0,4.0,0
flow_10.23,52.0,3.0,0
flow_30.17,21.0,2.0,0
flow_10.24,49.0,3.0,0
flow_10.25,47.5,3.0,0
flow_30.18,21.5,2.0,0
flow_10.26,45.5,2.5,0
flow_10.27,44.5,2.5,0
flow_30.19,21.5,1.5,0
flow_10.28,42.5,2.5,0
flow_00.13,22.5,2.0,0
flow_20.11,30.5,3.5,0
flow_00.14,22.5,2.0,0
flow_00.15,22.5,2.0,0
flow_10.29,69.5,4.0,0
flow_30.20,37.5,4.0,0
flow_30.21,36.5,3.0,0
flow_10.30,69.5,3.0,0
flow_10.31,68.5,3.0,0
flow_10.32,67.0,3.0,0
flow_10.33,65.0,3.0,0
flow_10.34,58.5,2.5,0
flow_30.22,21.0,1.5,0
flow_10.35,55.5,2.5,0
flow_00.16,23.0,2.5,0
flow_20.12,37.0,4.0,0
flow_20.13,22.0,2.0,0
flow_00.17,20.5,1.5,0
flow_00.18,21.5,2.0,0
flow_30.23,49.0,4.0,0
flow_10.36,83.5,4.0,0
flow_10.37,82.0,3.0,0
flow_30.24,34.0,3.0,0
flow_10.38,81.0,3.0,0
flow_10.39,79.5,3.0,0
flow_10.40,78.0,3.0,0
flow_10.41,59.0,2.5,0
flow_10.42,56.0,2.5,0
flow_00.19,39.0,4.0,0
flow_20.14,40.5,4.0,0
flow_00.20,33.5,3.0,0
flow_20.15,40.5,3.0,0
flow_20.16,28.0,3.0,0
flow_00.21,21.0,1.5,0
flow_00.22,22.5,2.5,0
flow_00.23,22.0,1.5,0
flow_20.17,21.0,1.5,0
flow_10.43,82.0,4.0,0
flow_30.25,28.5,3.5,0
flow_10.44,81.5,3.0,0
flow_10.45,62.0,3.0,0
flow_30.26,21.0,1.5,0
flow_10.46,60.5,2.5,0
flow_10.47,60.0,3.0,0
flow_30.27,20.5,1.5,0
flow_10.48,49.5,3.0,0
flow_10.49,44.0,3.0,0
flow_00.24,44.5,4.0,0
flow_20.18,43.5,4.0,0
flow_00.25,35.5,3.0,0
flow_20.19,26.0,2.5,0
flow_00.26,20.5,2.0,0
flow_20.20,26.0,2.5,0
flow_00.27,21.0,2.0,0
flow_10.50,53.5,4.0,0
flow_30.28,50.5,4.0,0
flow_30.29,48.5,3.0,0
flow_30.30,39.5,3.0,0
flow_30.31,31.5,2.5,0
flow_20.21,37.5,4.0,0
flow_00.28,46.5,4.0,0
flow_20.22,27.5,3.0,0
flow_00.29,36.0,3.0,0
flow_20.23,22.0,2.0,0
flow_00.30,27.5,2.5,0
flow_00.31,25.5,2.5,0
flow_20.24,21.0,2.0,0
flow_20.25,21.5,2.0,0
flow_30.32,50.5,4.0,0
flow_10.51,51.0,4.0,0
flow_30.33,25.5,2.5,0
flow_10.52,48.0,3.0,0
flow_30.34,24.0,2.5,0
flow_10.53,46.5,3.0,0
flow_30.35,20.5,1.5,0
flow_10.54,46.0,3.0,0
flow_10.55,38.5,3.0,0
flow_10.56,37.0,2.5,0
flow_10.57,35.5,2.5,0
flow_20.26,48.5,4.0,0
flow_00.32,45.5,4.0,0
flow_20.27,48.0,3.0,0
flow_00.33,29.0,3.0,0
flow_20.28,32.5,3.0,0
flow_20.29,22.5,2.0,0
flow_30.36,39.5,4.0,0
flow_10.58,62.5,4.0,0
flow_30.37,23.5,2.0,0
flow_10.59,43.0,3.0,0
flow_10.60,42.5,3.0,0
flow_10.61,41.5,3.0,0
flow_30.38,25.0,2.5,0
flow_10.62,30.0,2.5,0
flow_30.39,23.0,2.0,0
flow_10.63,28.5,2.5,0
flow_30.40,22.5,2.0,0
flow_00.34,45.0,4.0,0
flow_20.30,24.5,2.5,0
flow_20.31,22.5,2.0,0
flow_00.35,45.0,3.0,0
flow_20.32,21.5,2.0,0
flow_00.36,28.0,2.5,0
flow_00.37,25.0,2.5,0
flow_20.33,22.0,2.0,0
flow_10.64,49.5,4.0,0
flow_30.41,52.0,4.0,0
flow_10.65,50.0,3.0,0
flow_30.42,50.5,3.0,0
flow_10.66,48.5,3.0,0
flow_30.43,50.5,3.0,0
flow_30.44,48.5,3.0,0
flow_10.67,40.5,3.0,0
flow_10.68,39.0,3.0,0
flow_30.45,32.5,3.0,0
flow_10.69,37.5,2.5,0
flow_30.46,31.0,3.0,0
flow_10.70,35.0,2.5,0
flow_30.47,30.0,3.0,0
flow_20.34,43.0,4.0,0
flow_00.38,32.0,3.5,0
flow_20.35,27.0,2.5,0
flow_00.39,30.5,3.0,0
flow_00.40,29.0,3.0,0
flow_20.36,21.0,2.0,0
flow_00.41,27.0,3.0,0
flow_20.37,21.0,2.0,0
flow_00.42,26.5,2.5,0
flow_00.43,24.5,2.5,0
flow_10.71,61.5,4.0,0
flow_30.48,47.5,4.0,0
flow_30.49,39.0,3.0,0
flow_10.72,58.0,3.0,0
flow_10.73,56.5,3.0,0
flow_30.50,36.0,3.0,0
flow_10.74,53.0,2.5,0
flow_30.51,35.0,2.5,0
flow_10.75,52.0,2.5,0
flow_30.52,33.5,2.5,0
flow_10.76,46.0,2.5,0
flow_30.53,32.5,2.5,0
flow_30.54,31.0,2.5,0
flow_10.77,45.0,2.5,0
flow_20.38,46.5,4.0,0
flow_00.44,39.5,4.0,0
flow_00.45,21.0,2.0,0
flow_00.46,20.0,1.5,0
flow_20.39,23.0,2.0,0
flow_10.78,70.5,4.0,0
flow_30.55,56.5,4.0,0
flow_30.56,56.5,3.0,0
flow_10.79,71.5,3.5,0
flow_10.80,58.0,3.0,0
flow_10.81,49.0,2.5,0
flow_10.82,47.5,2.5,0
flow_30.57,21.5,2.0,0
flow_10.83,46.0,2.5,0
flow_10.84,45.5,2.5,0
flow_00.47,51.0,4.0,0
flow_20.40,50.5,4.0,0
flow_20.41,42.0,3.0,0
flow_00.48,50.0,3.0,0
flow_00.49,49.0,3.0,0
flow_20.42,40.5,3.0,0
flow_00.50,46.5,2.5,0
flow_10.85,66.0,4.0,0
flow_30.58,51.0,4.0,0
flow_30.59,25.0,2.5,0
flow_10.86,63.5,3.0,0
flow_30.60,23.5,2.5,0
flow_10.87,49.5,3.0,0
flow_30.61,22.5,2.0,0
flow_10.88,33.5,2.5,0
flow_10.89,30.0,2.5,0
flow_30.62,21.5,1.5,0
flow_10.90,30.5,2.5,0
flow_10.91,28.5,2.5,0
flow_20.43,44.5,4.0,0
flow_00.51,22.0,2.0,0
flow_10.92,55.5,4.0,0
flow_30.63,21.0,1.5,0
flow_10.93,54.5,3.0,0
flow_10.94,53.0,3.0,0
flow_30.64,22.5,2.0,0
flow_10.95,52.0,3.0,0
flow_30.65,22.0,1.5,0
flow_10.96,50.0,3.0,0
flow_10.97,48.5,2.5,0
flow_30.66,21.5,2.0,0
flow_10.98,47.5,2.5,0
flow_00.52,48.0,4.0,0
flow_00.53,47.5,3.0,0
flow_20.44,20.0,1.5,0
flow_00.54,40.0,3.0,0
flow_00.55,26.0,2.5,0
flow_00.56,21.5,2.0,0
flow_20.45,21.5,2.0,0
flow_30.67,50.0,4.0,0
flow_10.99,74.5,4.0,0
flow_10.100,64.5,3.0,0
flow_30.68,49.5,3.0,0
flow_10.101,63.5,3.0,0
flow_30.69,48.5,3.0,0
flow_10.102,61.0,2.5,0
flow_30.70,28.5,2.5,0
flow_10.103,60.0,3.0,0
flow_30.71,27.5,2.5,0
flow_10.104,57.5,2.5,0
flow_10.105,56.0,2.5,0
flow_00.57,44.0,4.0,0
flow_20.46,41.5,4.0,0
flow_00.58,44.0,3.0,0
flow_00.59,44.0,3.0,0
flow_00.60,21.5,2.0,0
flow_10.106,82.0,4.0,0
flow_30.72,52.0,4.0,0
flow_30.73,51.5,3.0,0
flow_10.107,78.5,3.5,0
flow_10.108,77.0,3.0,0
flow_10.109,76.5,3.0,0
flow_10.110,74.5,3.0,0
flow_10.111,60.0,3.0,0
flow_10.112,42.0,3.0,0
flow_20.47,22.0,2.0,0
flow_00.61,50.0,4.0,0
flow_00.62,38.0,3.0,0
flow_20.48,20.5,1.5,0
flow_00.63,37.5,3.0,0
flow_00.64,21.0,1.5,0
flow_20.49,21.5,2.0,0
flow_10.113,62.5,4.0,0
flow_30.74,49.5,4.0,0
flow_30.75,43.0,3.0,0
flow_10.114,63.0,3.0,0
flow_10.115,61.5,3.0,0
flow_30.76,42.5,3.0,0
flow_30.77,41.0,3.0,0
flow_10.116,61.0,3.0,0
flow_30.78,39.5,2.5,0
flow_10.117,59.5,3.0,0
flow_30.79,37.5,2.5,0
flow_10.118,57.0,3.0,0
flow_30.80,29.0,2.5,0
flow_10.119,56.0,3.0,0
flow_20.50,30.5,4.0,0
flow_20.51,31.5,3.5,0
flow_00.65,22.0,2.0,0
flow_20.52,30.0,3.0,0
flow_20.53,29.0,3.0,0
flow_20.54,26.0,3.0,0
flow_00.66,21.5,2.0,0
flow_10.120,81.0,4.0,0
flow_30.81,56.5,4.0,0
flow_10.121,80.0,3.0,0
flow_30.82,49.5,3.0,0
flow_10.122,79.0,3.0,0
flow_30.83,48.5,3.0,0
flow_10.123,78.5,3.0,0
flow_30.84,45.0,3.0,0
flow_10.124,76.0,2.5,0
flow_30.85,39.5,3.0,0
flow_10.125,58.5,2.5,0
flow_30.86,36.5,2.5,0
flow_10.126,55.5,2.5,0
flow_30.87,30.0,2.5,0
flow_20.55,46.5,4.0,0
flow_20.56,38.0,3.0,0
flow_00.67,22.0,2.0,0
flow_20.57,36.0,3.0,0
flow_20.58,34.5,2.5,0
flow_10.127,80.0,4.0,0
flow_30.88,56.5,4.0,0
flow_10.128,79.5,3.0,0
flow_30.89,53.0,3.0,0
flow_30.90,51.5,3.0,0
flow_10.129,64.5,3.0,0
flow_30.91,41.5,2.5,0
flow_10.130,63.5,3.0,0
flow_30.92,33.0,2.5,0
flow_10.131,61.5,3.0,0
flow_30.93,28.0,2.5,0
flow_10.132,57.5,2.5,0
flow_10.133,51.5,2.5,0
flow_00.68,49.0,4.0,0
flow_20.59,33.0,4.0,0
flow_00.69,38.0,3.0,0
flow_20.60,32.5,3.0,0
flow_20.61,32.0,3.0,0
flow_00.70,38.5,3.0,0
flow_20.62,24.0,2.5,0
flow_00.71,37.0,3.0,0
flow_00.72,20.0,1.5,0
flow_20.63,21.0,1.5,0
flow_30.94,39.5,4.0,0
flow_10.134,79.0,4.0,0
flow_10.135,76.0,3.5,0
flow_30.95,22.0,2.0,0
flow_10.136,70.5,3.5,0
flow_30.96,21.5,2.0,0
flow_10.137,69.0,3.0,0
flow_10.138,66.5,3.0,0
flow_10.139,59.0,3.0,0
flow_10.140,56.5,2.5,0
flow_00.73,48.5,4.0,0
flow_20.64,46.5,4.0,0
flow_20.65,37.5,3.0,0
flow_00.74,49.0,3.0,0
flow_20.66,26.0,2.5,0
flow_00.75,48.0,3.0,0
flow_00.76,40.5,3.0,0
flow_00.77,39.0,2.5,0
flow_00.78,24.5,2.5,0
flow_10.141,58.5,4.0,0
flow_30.97,49.5,4.0,0
flow_10.142,59.0,3.5,0
flow_30.98,50.0,3.0,0
flow_10.143,57.5,3.0,0
flow_30.99,28.5,3.0,0
flow_10.144,56.0,3.0,0
flow_30.100,25.5,2.5,0
flow_30.101,23.5,2.0,0
flow_10.145,54.5,3.0,0
flow_10.146,52.5,2.5,0
flow_30.102,22.5,2.0,0
flow_10.147,51.0,2.5,0
flow_20.67,48.0,4.0,0
flow_00.79,35.5,4.0,0
flow_20.68,41.0,3.0,0
flow_00.80,34.5,3.0,0
flow_20.69,36.0,3.0,0
flow_00.81,23.5,2.0,0
flow_20.70,34.5,2.5,0
flow_20.71,31.0,2.5,0
flow_20.72,29.5,2.5,0
flow_10.148,78.0,4.0,0
flow_30.103,52.0,4.0,0
flow_10.149,76.5,3.0,0
flow_30.104,50.5,3.0,0
flow_10.150,65.0,3.0,0
flow_30.105,49.0,3.0,0
flow_10.151,59.5,3.0,0
flow_30.106,22.5,2.0,0
flow_10.152,59.0,3.0,0
flow_30.107,21.0,2.0,0
flow_10.153,55.5,3.5,0
flow_10.154,52.5,3.0,0
flow_00.82,43.5,4.0,0
flow_20.73,50.5,4.0,0
flow_20.74,45.5,3.5,0
flow_00.83,30.0,3.0,0
flow_00.84,28.0,3.0,0
flow_20.75,29.5,3.0,0
flow_20.76,28.0,3.0,0
flow_00.85,22.0,2.0,0
flow_10.155,75.0,4.0,0
flow_30.108,46.0,4.0,0
flow_10.156,58.0,3.0,0
flow_30.109,44.0,3.0,0
flow_30.110,34.0,3.0,0
flow_10.157,54.0,3.0,0
flow_10.158,52.5,2.5,0
flow_30.111,33.0,2.5,0
flow_30.112,22.0,2.0,0
flow_10.159,51.5,3.0,0
flow_20.0,23.0,2.0,0
flow_10.0,22.0,2.0,0
flow_30.0,30.0,3.5,0
flow_30.1,27.0,3.0,0
flow_30.2,22.0,2.0,0
flow_00.0,43.0,4.0,0
flow_20.1,47.0,4.0,0
flow_00.1,42.5,3.0,0
flow_20.2,38.0,3.0,0
flow_20.3,37.0,3.0,0
flow_00.2,42.5,3.0,0
flow_20.4,34.0,2.5,0
flow_00.3,33.5,2.5,0
flow_00.4,32.0,2.5,0
flow_20.5,28.5,2.5,0
flow_20.6,27.5,2.5,0
flow_00.5,21.0,2.0,0
flow_20.7,25.0,2.5,0
flow_30.3,38.5,4.0,0
flow_10.1,50.5,4.0,0
flow_30.4,38.5,3.0,0
flow_10.2,50.5,3.0,0
flow_10.3,39.0,3.0,0
flow_30.5,38.0,3.0,0
flow_10.4,31.0,2.5,0
flow_30.6,21.5,2.0,0
flow_10.5,29.5,2.5,0
flow_00.6,49.0,4.0,0
flow_20.8,38.0,4.0,0
flow_20.9,37.0,3.0,0
flow_00.7,45.5,3.0,0
flow_00.8,42.5,3.0,0
flow_20.10,34.0,3.0,0
flow_20.11,23.5,2.5,0
flow_00.9,42.0,3.0,0
flow_00.10,40.5,3.0,0
flow_00.11,39.0,2.5,0
flow_00.12,37.0,2.5,0
flow_10.6,51.0,4.0,0
flow_30.7,51.5,4.0,0
flow_10.7,44.0,3.0,0
flow_30.8,34.0,3.0,0
flow_10.8,39.0,3.0,0
flow_30.9,31.0,3.0,0
flow_10.9,37.5,2.5,0
flow_10.10,26.0,2.5,0
flow_10.11,25.0,2.5,0
flow_10.12,23.0,2.0,0
flow_00.13,63.5,4.0,0
flow_20.12,43.5,4.0,0
flow_00.14,63.0,3.0,0
flow_20.13,43.0,3.0,0
flow_20.14,41.5,3.0,0
flow_00.15,64.0,3.0,0
flow_20.15,40.0,2.5,0
flow_00.16,53.5,3.0,0
flow_20.16,34.5,2.5,0
flow_00.17,36.5,3.0,0
flow_00.18,34.5,2.5,0
flow_20.17,32.5,2.5,0
flow_20.18,31.0,2.5,0
flow_00.19,30.5,2.5,0
flow_10.13,50.5,4.0,0
flow_30.10,50.5,4.0,0
flow_10.14,46.0,3.0,0
flow_30.11,43.5,3.0,0
flow_10.15,37.5,3.0,0
flow_30.12,38.5,3.0,0
flow_30.13,33.0,2.5,0
flow_10.16,22.5,2.0,0
flow_30.14,27.0,2.5,0
flow_30.15,24.0,2.5,0
flow_10.17,20.5,1.5,0
flow_00.20,56.5,4.0,0
flow_20.19,58.0,4.0,0
flow_00.21,56.5,3.0,0
flow_20.20,51.0,3.0,0
flow_20.21,47.5,3.0,0
flow_00.22,41.5,3.0,0
flow_20.22,46.5,3.0,0
flow_00.23,35.0,3.0,0
flow_20.23,45.0,2.5,0
flow_00.24,33.5,3.0,0
flow_20.24,44.0,2.5,0
flow_00.25,30.0,2.5,0
flow_20.25,42.0,2.5,0
flow_00.26,30.5,3.0,0
flow_10.18,47.5,4.0,0
flow_30.16,38.0,4.0,0
flow_10.19,44.0,3.0,0
flow_30.17,37.0,3.0,0
flow_10.20,42.5,3.0,0
flow_10.21,41.0,2.5,0
flow_10.22,37.5,2.5,0
flow_10.23,36.0,2.5,0
flow_10.24,31.5,2.5,0
flow_00.27,52.5,4.0,0
flow_20.26,70.0,4.0,0
flow_00.28,43.0,3.0,0
flow_20.27,68.5,3.0,0
flow_20.28,67.0,3.0,0
flow_00.29,32.0,3.0,0
flow_20.29,65.0,3.0,0
flow_20.30,62.5,2.5,0
flow_20.31,55.0,2.5,0
flow_20.32,54.0,3.0,0
flow_10.25,45.0,4.0,0
flow_30.18,29.5,3.5,0
flow_10.26,35.0,3.0,0
flow_30.19,28.5,3.0,0
flow_10.27,27.0,3.0,0
flow_30.20,24.5,2.5,0
flow_10.28,21.5,2.0,0
flow_20.33,68.5,4.0,0
flow_00.30,47.5,4.0,0
flow_00.31,41.5,3.0,0
flow_20.34,54.5,3.0,0
flow_00.32,29.0,3.0,0
flow_20.35,54.0,3.0,0
flow_00.33,27.5,2.5,0
flow_20.36,50.5,3.0,0
flow_00.34,26.5,2.5,0
flow_20.37,49.0,3.0,0
flow_00.35,26.0,2.5,0
flow_20.38,48.0,3.0,0
flow_20.39,46.0,2.5,0
flow_00.36,24.5,2.5,0
flow_10.29,46.5,4.0,0
flow_30.21,37.0,4.0,0
flow_30.22,36.0,3.0,0
flow_10.30,47.5,3.0,0
flow_30.23,24.5,2.5,0
flow_10.31,24.0,2.0,0
flow_20.40,72.5,4.0,0
flow_00.37,50.5,4.0,0
flow_20.41,71.5,3.0,0
flow_00.38,41.5,3.0,0
flow_00.39,40.0,3.0,0
flow_20.42,71.0,3.0,0
flow_00.40,22.5,2.0,0
flow_20.43,70.0,3.0,0
flow_20.44,68.0,3.0,0
flow_20.45,55.5,2.5,0
flow_20.46,39.0,2.5,0
flow_10.32,45.0,4.0,0
flow_30.24,40.0,4.0,0
flow_10.33,29.5,3.0,0
flow_30.25,22.5,2.0,0
flow_10.34,27.0,3.0,0
flow_10.35,25.5,3.0,0
flow_00.41,50.0,4.0,0
flow_20.47,65.5,4.0,0
flow_20.48,65.0,3.0,0
flow_00.42,50.5,3.0,0
flow_00.43,48.5,3.0,0
flow_20.49,58.0,3.0,0
flow_00.44,47.5,2.5,0
flow_20.50,49.0,3.0,0
flow_00.45,46.5,3.0,0
flow_20.51,47.5,3.0,0
flow_00.46,44.5,2.5,0
flow_20.52,41.5,3.0,0
flow_00.47,43.0,2.5,0
flow_10.36,37.0,4.0,0
flow_30.26,44.5,4.0,0
flow_10.37,35.0,3.0,0
flow_10.38,33.5,3.0,0
flow_10.39,27.0,3.0,0
flow_30.27,22.0,2.0,0
flow_20.53,25.0,3.0,0
flow_00.48,62.0,4.0,0
flow_20.54,24.0,2.5,0
flow_00.49,30.0,3.0,0
flow_20.55,22.0,2.0,0
flow_20.56,22.0,2.0,0
flow_20.57,22.5,2.0,0
flow_20.58,21.5,2.0,0
flow_30.28,41.5,4.0,0
flow_10.40,34.0,4.0,0
flow_30.29,41.0,3.0,0
flow_10.41,34.0,3.0,0
flow_30.30,40.0,3.0,0
flow_10.42,28.5,3.0,0
flow_10.43,27.0,3.0,0
flow_30.31,33.0,3.0,0
flow_30.32,30.0,3.0,0
flow_10.44,20.0,1.5,0
flow_30.33,21.0,2.0,0
flow_00.50,36.0,4.0,0
flow_20.59,46.5,4.0,0
flow_00.51,36.0,3.0,0
flow_20.60,36.0,3.0,0
flow_00.52,29.0,3.0,0
flow_20.61,32.5,3.0,0
flow_00.53,25.5,2.5,0
flow_20.62,29.0,3.0,0
flow_20.63,27.5,3.0,0
flow_20.64,26.0,2.5,0
flow_20.65,24.5,2.5,0
flow_10.45,49.0,4.0,0
flow_30.34,40.5,4.0,0
flow_10.46,22.5,2.0,0
flow_10.47,22.0,2.0,0
flow_10.48,21.5,1.5,0
flow_30.35,21.0,1.5,0
flow_20.66,50.5,4.0,0
flow_00.54,36.0,4.0,0
flow_20.67,48.0,3.0,0
flow_00.55,35.0,3.0,0
flow_20.68,34.0,3.0,0
flow_00.56,34.5,3.0,0
flow_20.69,33.0,2.5,0
flow_00.57,24.0,2.5,0
flow_20.70,33.0,2.5,0
flow_20.71,31.0,2.5,0
flow_00.58,21.0,1.5,0
flow_20.72,29.0,2.5,0
flow_30.36,42.0,4.0,0
flow_10.49,52.5,4.0,0
flow_30.37,41.5,3.0,0
flow_10.50,52.0,3.5,0
flow_30.38,40.0,3.0,0
flow_10.51,36.0,3.0,0
flow_30.39,38.5,2.5,0
flow_30.40,35.0,3.0,0
flow_30.41,31.0,2.5,0
flow_00.59,49.0,4.0,0
flow_20.73,55.5,4.0,0
flow_20.74,55.0,3.0,0
flow_00.60,49.0,3.0,0
flow_20.75,54.0,3.0,0
flow_00.61,48.0,3.0,0
flow_00.62,46.5,3.0,0
flow_20.76,54.0,3.0,0
flow_00.63,45.0,2.5,0
flow_20.77,52.0,3.0,0
flow_00.64,43.5,2.5,0
flow_20.78,50.0,2.5,0
flow_00.65,37.5,2.5,0
flow_20.79,49.0,2.5,0
flow_10.52,47.5,4.0,0
flow_30.42,40.0,4.0,0
flow_10.53,47.0,3.0,0
flow_30.43,20.5,2.0,0
flow_10.54,41.0,3.0,0
flow_10.55,34.0,3.0,0
flow_30.44,22.0,2.0,0
flow_10.56,33.0,3.0,0
flow_10.57,23.5,2.5,0
flow_10.58,23.0,2.0,0
flow_20.80,74.5,4.0,0
flow_00.66,62.5,4.0,0
flow_00.67,53.5,3.0,0
flow_20.81,74.0,3.0,0
flow_20.82,72.5,3.0,0
flow_00.68,43.0,3.0,0
flow_20.83,69.5,3.0,0
flow_00.69,38.0,3.0,0
flow_20.84,64.0,3.0,0
flow_00.70,27.0,2.5,0
flow_20.85,58.0,2.5,0
flow_20.86,55.5,2.5,0
flow_30.45,21.5,2.0,0
flow_10.59,20.5,1.5,0
flow_30.46,21.0,1.5,0
flow_20.87,81.0,4.0,0
flow_00.71,33.0,4.0,0
flow_20.88,78.0,3.0,0
flow_00.72,30.0,3.0,0
flow_00.73,29.5,3.0,0
flow_20.89,78.0,3.0,0
flow_00.74,28.0,3.0,0
flow_20.90,77.0,3.0,0
flow_20.91,73.0,3.0,0
flow_00.75,25.0,2.5,0
flow_20.92,58.5,2.5,0
flow_00.76,21.5,2.0,0
flow_20.93,55.5,2.5,0
flow_10.60,46.0,4.0,0
flow_30.47,41.0,4.0,0
flow_10.61,46.0,3.0,0
flow_30.48,41.0,3.0,0
flow_30.49,35.5,3.0,0
flow_10.62,40.5,3.0,0
flow_30.50,34.0,2.5,0
flow_10.63,39.0,3.0,0
flow_30.51,33.0,2.5,0
flow_10.64,35.0,3.0,0
flow_30.52,31.5,2.5,0
flow_10.65,29.0,2.5,0
flow_30.53,30.0,2.5,0
flow_10.66,23.5,2.5,0
flow_20.94,82.5,4.0,0
flow_00.77,48.0,4.0,0
flow_00.78,35.5,3.0,0
flow_20.95,81.5,3.0,0
flow_00.79,34.5,3.0,0
flow_20.96,81.0,3.0,0
flow_20.97,80.5,3.0,0
flow_20.98,79.0,3.0,0
flow_20.99,60.0,3.0,0
flow_20.100,57.0,3.0,0
flow_10.67,47.0,4.0,0
flow_30.54,36.5,4.0,0
flow_30.55,28.0,3.0,0
flow_10.68,40.5,3.0,0
flow_30.56,26.5,3.0,0
flow_10.69,39.0,3.0,0
flow_30.57,22.0,2.0,0
flow_10.70,37.5,2.5,0
flow_30.58,21.5,2.0,0
flow_00.80,51.0,4.0,0
flow_20.101,82.5,4.0,0
flow_00.81,50.0,3.0,0
flow_20.102,82.0,3.0,0
flow_20.103,80.5,3.0,0
flow_00.82,31.0,3.0,0
flow_20.104,79.5,3.0,0
flow_00.83,20.0,1.5,0
flow_20.105,78.0,3.0,0
flow_20.106,59.0,2.5,0
flow_20.107,52.5,3.0,0
flow_30.59,38.5,4.0,0
flow_10.71,43.5,4.0,0
flow_30.60,38.0,3.0,0
flow_10.72,36.5,3.0,0
flow_10.73,24.5,2.5,0
flow_30.61,38.0,3.0,0
flow_30.62,37.0,3.0,0
flow_30.63,35.5,2.5,0
flow_30.64,33.5,2.5,0
flow_30.65,22.0,2.0,0
flow_20.108,77.0,4.0,0
flow_00.84,51.0,4.0,0
flow_00.85,51.0,3.0,0
flow_20.109,70.0,3.5,0
flow_20.110,68.5,3.0,0
flow_00.86,21.0,2.0,0
flow_20.111,67.5,3.0,0
flow_20.112,65.0,3.0,0
flow_00.87,21.5,2.0,0
flow_20.113,59.0,3.0,0
flow_20.114,56.5,3.0,0
flow_30.66,48.5,4.0,0
flow_10.74,31.5,3.5,0
flow_30.67,37.5,3.0,0
flow_10.75,31.5,3.0,0
flow_30.68,29.0,3.0,0
flow_30.69,28.0,3.0,0
flow_30.70,27.0,2.5,0
flow_10.76,21.5,2.0,0
flow_20.115,82.5,4.0,0
flow_00.88,50.0,4.0,0
flow_00.89,22.0,2.0,0
flow_20.116,83.0,3.5,0
flow_20.117,81.5,3.0,0
flow_20.118,79.5,3.0,0
flow_20.119,77.0,3.0,0
flow_20.120,58.5,2.5,0
flow_20.121,55.5,2.5,0
flow_10.77,51.0,4.0,0
flow_30.71,35.5,4.0,0
flow_30.72,24.5,2.5,0
flow_10.78,51.0,3.5,0
flow_30.73,23.5,2.0,0
flow_10.79,49.5,3.0,0
flow_30.74,22.5,2.0,0
flow_10.80,48.0,3.0,0
flow_10.81,40.5,3.0,0
flow_30.75,22.0,2.0,0
flow_10.82,39.0,2.5,0
flow_10.83,37.0,2.5,0
flow_00.90,41.0,4.0,0
flow_20.122,83.5,4.0,0
flow_20.123,81.5,3.0,0
flow_20.124,80.5,3.0,0
flow_20.125,79.5,3.0,0
flow_20.126,77.0,2.5,0
flow_20.127,58.5,2.5,0
flow_00.91,21.0,1.5,0
flow_20.128,55.5,2.5,0
flow_10.84,62.5,4.0,0
flow_30.76,46.0,4.0,0
flow_10.85,62.5,3.0,0
flow_30.77,29.0,3.0,0
flow_30.78,25.0,2.5,0
flow_10.86,39.0,3.0,0
flow_10.87,37.5,3.0,0
flow_10.88,36.0,3.0,0
flow_00.92,49.0,4.0,0
flow_20.129,84.0,4.0,0
flow_00.93,49.0,3.0,0
flow_20.130,83.0,3.5,0
flow_00.94,40.5,3.0,0
flow_20.131,82.0,3.0,0
flow_00.95,39.5,3.0,0
flow_20.132,80.5,3.0,0
flow_00.96,38.5,3.0,0
flow_20.133,78.0,3.0,0
flow_00.97,37.0,2.5,0
flow_20.134,59.5,3.0,0
flow_00.98,33.0,2.5,0
flow_20.135,56.5,2.5,0
flow_10.89,26.5,3.5,0
flow_30.79,40.5,4.0,0
flow_30.80,27.0,3.0,0
flow_30.81,25.5,2.5,0
flow_10.90,21.5,2.0,0
flow_30.82,25.0,2.5,0
flow_30.83,20.5,1.5,0
flow_00.99,31.0,3.5,0
flow_20.136,83.0,4.0,0
flow_00.100,23.0,2.5,0
flow_20.137,82.0,3.0,0
flow_20.138,81.0,3.0,0
flow_00.101,23.5,2.0,0
flow_20.139,79.5,3.0,0
flow_00.102,22.0,2.0,0
flow_20.140,77.5,3.0,0
flow_20.141,58.5,2.5,0
flow_00.103,21.0,2.0,0
flow_20.142,56.5,2.5,0
flow_30.84,49.5,4.0,0
flow_10.91,40.0,4.0,0
flow_10.92,31.5,3.5,0
flow_30.85,49.5,3.0,0
flow_30.86,48.0,3.0,0
flow_30.87,39.0,3.0,0
flow_30.88,38.0,3.0,0
flow_30.89,27.0,2.5,0
flow_20.143,76.5,4.0,0
flow_00.104,41.5,4.0,0
flow_20.144,75.5,3.0,0
flow_00.105,35.0,3.0,0
flow_20.145,68.0,3.0,0
flow_00.106,34.0,3.0,0
flow_20.146,67.5,3.0,0
flow_20.147,65.5,3.0,0
flow_20.148,58.0,2.5,0
flow_00.107,20.5,1.5,0
flow_20.149,55.5,2.5,0
flow_10.93,32.0,4.0,0
flow_30.90,27.0,3.5,0
flow_30.91,25.0,2.5,0
flow_10.94,20.0,1.5,0
flow_10.95,21.0,2.0,0
flow_20.150,82.5,4.0,0
flow_00.108,44.0,4.0,0
flow_00.109,36.0,3.0,0
flow_20.151,81.5,3.0,0
flow_00.110,32.5,3.0,0
flow_20.152,81.0,3.0,0
flow_00.111,27.5,3.0,0
flow_20.153,64.5,3.0,0
flow_00.112,25.5,2.5,0
flow_20.154,63.0,3.0,0
flow_20.155,58.5,2.5,0
flow_20.156,56.0,2.5,0
flow_10.96,51.0,4.0,0
flow_30.92,49.0,4.0,0
flow_10.97,51.0,3.0,0
flow_30.93,41.0,3.0,0
flow_10.98,36.5,3.0,0
flow_30.94,31.0,3.0,0
flow_30.95,22.5,2.5,0
flow_10.99,33.5,2.5,0
flow_20.157,82.5,4.0,0
flow_00.113,39.5,4.0,0
flow_20.158,81.5,3.0,0
flow_00.114,36.5,3.0,0
flow_20.159,80.5,3.0,0
flow_00.115,25.0,2.5,0
flow_20.160,74.0,3.0,0
flow_20.161,72.5,3.0,0
flow_20.162,58.5,2.5,0
flow_20.163,56.0,2.5,0
flow_30.96,51.5,4.0,0
flow_10.100,28.5,3.5,0
flow_30.97,51.5,3.5,0
flow_30.98,38.5,3.0,0
flow_30.99,21.5,2.0,0
flow_20.0,21.0,1.5,0
flow_20.1,21.0,2.0,0
flow_30.0,21.0,1.5,0
flow_00.0,38.0,4.0,0
flow_20.2,45.0,4.0,0
flow_20.3,41.0,3.0,0
flow_20.4,39.0,3.0,0
flow_20.5,37.5,3.0,0
flow_00.1,20.0,1.5,0
flow_20.6,32.0,3.0,0
flow_20.7,30.5,2.5,0
flow_20.8,29.0,2.5,0
flow_10.0,38.0,4.0,0
flow_30.1,51.0,4.0,0
flow_30.2,42.0,3.0,0
flow_00.2,47.5,4.0,0
flow_20.9,45.5,4.0,0
flow_20.10,45.0,3.0,0
flow_00.3,47.0,3.0,0
flow_20.11,42.5,3.0,0
flow_00.4,46.0,3.0,0
flow_20.12,29.5,2.5,0
flow_20.13,50.5,4.0,0
flow_00.5,20.5,1.5,0
flow_20.14,50.0,3.0,0
flow_20.15,49.5,3.0,0
flow_20.16,48.0,3.0,0
flow_20.17,46.0,2.5,0
flow_20.18,44.0,2.5,0
flow_20.19,44.0,2.5,0
flow_10.1,50.0,4.0,0
flow_30.3,20.5,1.5,0
flow_30.4,22.0,2.0,0
flow_20.20,70.0,4.0,0
flow_00.6,40.5,4.0,0
flow_20.21,68.0,3.0,0
flow_00.7,21.5,2.0,0
flow_20.22,67.0,3.0,0
flow_20.23,65.5,2.5,0
flow_20.24,48.0,3.0,0
flow_20.25,43.5,2.5,0
flow_20.26,38.5,2.5,0
flow_10.2,44.0,4.0,0
flow_10.3,25.5,2.5,0
flow_10.4,21.0,1.5,0
flow_20.27,65.0,4.0,0
flow_20.28,62.5,3.0,0
flow_20.29,51.5,3.0,0
flow_20.30,45.5,2.5,0
flow_20.31,44.5,3.0,0
flow_20.32,42.5,2.5,0
flow_20.33,41.0,2.5,0
flow_30.5,23.0,2.5,0
flow_10.5,43.5,4.0,0
flow_10.6,42.5,3.0,0
flow_10.7,30.5,3.0,0
flow_00.8,44.0,4.0,0
flow_20.34,53.5,4.0,0
flow_20.35,52.5,3.0,0
flow_00.9,37.5,3.0,0
flow_20.36,51.5,3.0,0
flow_20.37,51.0,3.0,0
flow_20.38,49.5,3.0,0
flow_20.39,41.5,2.5,0
flow_20.40,40.0,2.5,0
flow_10.8,51.0,4.0,0
flow_10.9,44.5,3.0,0
flow_10.10,38.5,3.0,0
flow_00.10,43.5,4.0,0
flow_20.41,68.5,4.0,0
flow_00.11,40.0,3.0,0
flow_20.42,62.5,3.5,0
flow_20.43,61.0,3.0,0
flow_20.44,54.5,3.0,0
flow_20.45,48.0,3.0,0
flow_20.46,34.0,2.5,0
flow_10.11,46.5,4.0,0
flow_30.6,40.0,4.0,0
flow_10.12,46.5,3.0,0
flow_00.12,49.0,4.0,0
flow_20.47,42.5,4.0,0
flow_00.13,49.0,3.0,0
flow_20.48,42.0,3.0,0
flow_00.14,39.0,3.0,0
flow_20.49,42.0,3.0,0
flow_00.15,37.5,3.0,0
flow_20.50,40.0,3.0,0
flow_20.51,38.5,3.0,0
flow_20.52,36.5,2.5,0
flow_20.53,35.0,2.5,0
flow_30.7,47.0,4.0,0
flow_30.8,28.5,3.0,0
flow_10.13,20.5,1.5,0
flow_10.14,21.5,2.0,0
flow_30.9,21.5,2.0,0
flow_20.54,62.0,4.0,0
flow_00.16,45.5,4.0,0
flow_20.55,61.0,3.0,0
flow_00.17,41.5,3.0,0
flow_20.56,59.5,3.0,0
flow_00.18,39.0,3.0,0
flow_20.57,58.5,3.0,0
flow_20.58,52.5,2.5,0
flow_00.19,21.5,2.0,0
flow_20.59,50.5,2.5,0
flow_20.60,49.0,2.5,0
flow_30.10,38.5,4.0,0
flow_10.15,37.5,4.0,0
flow_30.11,38.0,3.0,0
flow_10.16,36.5,3.0,0
flow_10.17,35.0,3.0,0
flow_30.12,37.0,3.0,0
flow_30.13,34.0,2.5,0
flow_10.18,34.0,3.0,0
flow_00.20,43.5,4.0,0
flow_20.61,77.5,4.0,0
flow_00.21,37.0,3.0,0
flow_20.62,76.5,3.0,0
flow_20.63,73.5,3.0,0
flow_20.64,71.5,3.0,0
flow_20.65,70.0,2.5,0
flow_20.66,58.5,2.5,0
flow_00.22,21.5,2.0,0
flow_20.67,55.5,2.5,0
flow_10.19,34.0,4.0,0
flow_10.20,23.0,2.0,0
flow_20.68,82.5,4.0,0
flow_00.23,31.0,3.5,0
flow_20.69,82.0,3.0,0
flow_00.24,20.5,1.5,0
flow_20.70,81.0,3.0,0
flow_20.71,80.0,3.0,0
flow_20.72,77.0,3.0,0
flow_20.73,58.5,2.5,0
flow_20.74,56.0,2.5,0
flow_10.21,50.5,4.0,0
flow_30.14,27.5,3.5,0
flow_10.22,20.5,1.5,0
flow_30.15,20.5,1.5,0
flow_20.75,82.0,4.0,0
flow_00.25,20.5,1.5,0
flow_20.76,82.0,3.0,0
flow_20.77,80.5,3.0,0
flow_20.78,79.0,2.5,0
flow_20.79,78.0,3.0,0
flow_20.80,59.0,2.5,0
flow_20.81,56.5,2.5,0
flow_10.23,24.0,2.5,0
flow_30.16,49.0,4.0,0
flow_30.17,42.5,3.0,0
flow_10.24,21.5,2.0,0
flow_20.82,82.5,4.0,0
flow_20.83,81.5,3.0,0
flow_20.84,81.0,3.0,0
flow_20.85,79.5,3.0,0
flow_20.86,77.0,2.5,0
flow_20.87,58.5,2.5,0
flow_20.88,56.5,2.5,0
flow_30.18,42.0,4.0,0
flow_10.25,38.5,4.0,0
flow_30.19,21.5,1.5,0
flow_20.89,82.0,4.0,0
flow_20.90,81.5,3.0,0
flow_20.91,81.0,3.0,0
flow_20.92,80.0,3.0,0
flow_20.93,77.5,3.0,0
flow_20.94,59.0,2.5,0
flow_20.95,55.5,2.5,0
flow_10.26,51.0,4.0,0
flow_30.20,20.5,1.5,0
flow_30.21,21.0,2.0,0
flow_10.27,20.5,1.5,0
flow_20.96,82.5,4.0,0
flow_20.97,82.0,3.0,0
flow_00.26,21.0,1.5,0
flow_20.98,81.5,3.0,0
flow_20.99,80.0,3.0,0
flow_20.100,77.5,3.0,0
flow_20.101,59.0,2.5,0
flow_20.102,55.5,2.5,0
flow_10.28,47.0,4.0,0
flow_20.103,82.0,4.0,0
flow_00.27,50.0,4.0,0
flow_20.104,81.5,3.0,0
flow_20.105,71.0,3.0,0
flow_20.106,69.5,2.5,0
flow_00.28,20.5,1.5,0
flow_20.107,68.5,3.0,0
flow_20.108,58.5,2.5,0
flow_20.109,42.0,2.5,0
flow_10.29,34.5,4.0,0
flow_30.22,33.5,4.0,0
flow_10.30,33.5,3.0,0
flow_30.23,33.0,3.0,0
flow_10.31,22.0,2.0,0
flow_20.110,70.0,4.0,0
flow_20.111,69.0,3.0,0
flow_20.112,58.5,3.0,0
flow_20.113,57.0,3.0,0
flow_20.114,55.0,3.0,0
flow_20.115,52.5,2.5,0
flow_20.116,47.0,2.5,0
flow_10.32,46.5,4.0,0
flow_30.24,44.5,4.0,0
flow_10.33,35.5,3.0,0
flow_10.34,34.0,3.0,0
flow_20.117,73.0,4.0,0
flow_20.118,72.5,3.0,0
flow_20.119,72.0,3.0,0
flow_20.120,71.0,3.0,0
flow_00.29,20.5,1.5,0
flow_20.121,68.5,3.0,0
flow_00.30,21.5,2.0,0
flow_20.122,59.5,3.0,0
flow_20.123,56.5,3.0,0
flow_10.35,21.0,1.5,0
flow_20.124,81.5,4.0,0
flow_20.125,81.0,3.0,0
flow_20.126,80.5,3.0,0
flow_20.127,78.5,2.5,0
flow_20.128,76.0,3.0,0
flow_20.129,60.0,3.0,0
flow_20.130,57.5,3.0,0
flow_10.36,31.0,3.5,0
flow_10.37,30.0,3.0,0
flow_10.38,20.5,1.5,0
flow_20.131,82.5,4.0,0
flow_00.31,47.0,4.0,0
flow_00.32,35.0,3.0,0
flow_20.132,83.0,3.5,0
flow_00.33,34.0,3.0,0
flow_20.133,73.0,3.0,0
flow_20.134,65.5,3.0,0
flow_20.135,63.0,3.0,0
flow_20.136,58.0,2.5,0
flow_20.137,52.0,2.5,0
flow_10.39,44.0,4.0,0
flow_30.25,46.0,4.0,0
flow_30.26,27.0,3.0,0
flow_30.27,25.5,2.5,0
flow_10.40,20.5,2.0,0
flow_20.138,80.0,4.0,0
flow_20.139,79.0,3.0,0
flow_20.140,74.5,3.0,0
flow_20.141,69.5,3.0,0
flow_20.142,59.5,2.5,0
flow_20.143,54.5,2.5,0
flow_20.144,46.0,2.5,0
flow_10.41,43.5,4.0,0
flow_10.42,37.0,3.0,0
flow_30.28,21.5,2.0,0
flow_30.29,22.0,2.0,0
flow_20.145,64.5,4.0,0
flow_00.34,39.0,4.0,0
flow_20.146,64.0,3.0,0
flow_00.35,38.5,3.0,0
flow_20.147,61.5,3.0,0
flow_20.148,61.0,3.0,0
flow_20.149,51.5,3.0,0
flow_20.150,49.0,2.5,0
flow_20.151,27.5,2.5,0
flow_30.30,43.0,4.0,0
flow_10.43,47.0,4.0,0
flow_30.31,28.0,3.0,0
flow_10.44,28.5,3.0,0
flow_30.32,25.0,3.0,0
flow_20.152,46.5,4.0,0
flow_00.36,53.0,4.0,0
flow_20.153,45.0,3.0,0
flow_00.37,44.0,3.5,0
flow_20.154,44.5,3.0,0
flow_20.155,38.5,3.0,0
flow_20.156,35.5,2.5,0
flow_20.157,31.5,2.5,0
flow_00.38,22.0,2.0,0
flow_30.33,47.5,4.0,0
flow_10.45,51.5,4.0,0
flow_10.46,44.5,3.0,0
flow_30.34,42.0,3.0,0
flow_30.35,23.0,2.0,0
flow_00.39,49.0,4.0,0
flow_20.158,43.5,4.0,0
flow_20.159,43.0,3.5,0
flow_20.160,41.5,3.0,0
flow_20.161,41.5,3.0,0
flow_20.162,38.5,3.0,0
flow_20.163,37.0,3.0,0
flow_20.164,32.5,2.5,0
flow_10.47,21.5,2.0,0
flow_30.36,48.5,4.0,0
flow_30.37,25.0,2.5,0
flow_30.38,23.0,2.0,0
flow_30.39,22.5,2.0,0
flow_20.0,21.5,2.0,0
flow_00.0,21.0,1.5,0
flow_30.0,32.0,4.0,0
flow_10.0,21.5,2.0,0
flow_30.1,21.5,2.0,0
flow_10.1,21.5,2.0,0
flow_10.2,21.0,2.0,0
flow_00.1,50.0,4.0,0
flow_20.1,37.0,4.0,0
flow_00.2,47.0,3.0,0
flow_20.2,34.5,3.0,0
flow_00.3,26.0,2.5,0
flow_20.3,34.0,3.0,0
flow_20.4,32.5,3.0,0
flow_20.5,30.5,3.0,0
flow_10.3,40.5,4.0,0
flow_30.2,40.0,4.0,0
flow_30.3,23.0,2.0,0
flow_10.4,42.0,3.5,0
flow_10.5,39.5,3.0,0
flow_30.4,21.5,2.0,0
flow_10.6,28.5,2.5,0
flow_10.7,24.5,2.5,0
flow_20.6,41.0,4.0,0
flow_20.7,24.5,2.5,0
flow_00.4,21.0,1.5,0
flow_00.5,21.5,2.0,0
flow_00.6,21.5,1.5,0
flow_30.5,46.0,4.0,0
flow_10.8,40.0,4.0,0
flow_30.6,40.0,3.0,0
flow_10.9,40.0,3.0,0
flow_10.10,27.5,2.5,0
flow_30.7,39.5,3.0,0
flow_10.11,26.0,2.5,0
flow_30.8,31.0,2.5,0
flow_30.9,29.5,2.5,0
flow_10.12,21.5,2.0,0
flow_00.7,47.5,4.0,0
flow_20.8,31.5,3.5,0
flow_00.8,47.0,3.0,0
flow_20.9,20.5,1.5,0
flow_00.9,21.0,1.5,0
flow_10.13,44.5,4.0,0
flow_30.10,52.5,4.0,0
flow_10.14,44.5,3.0,0
flow_30.11,48.0,3.5,0
flow_10.15,43.5,3.0,0
flow_30.12,45.5,3.0,0
flow_10.16,42.0,3.0,0
flow_30.13,33.0,3.0,0
flow_10.17,39.0,3.0,0
flow_30.14,27.5,2.5,0
flow_10.18,34.0,3.0,0
flow_30.15,26.0,2.5,0
flow_00.10,33.0,4.0,0
flow_20.10,41.0,4.0,0
flow_00.11,28.0,3.0,0
flow_20.11,38.5,3.5,0
flow_20.12,20.5,1.5,0
flow_10.19,48.5,4.0,0
flow_30.16,51.5,4.0,0
flow_30.17,48.0,3.0,0
flow_10.20,42.0,3.0,0
flow_30.18,36.5,3.0,0
flow_10.21,41.0,3.0,0
flow_10.22,29.0,2.5,0
flow_10.23,27.0,2.5,0
flow_30.19,21.5,2.0,0
flow_20.13,45.0,4.0,0
flow_00.12,41.5,4.0,0
flow_00.13,27.5,3.0,0
flow_20.14,26.5,3.0,0
flow_00.14,25.0,2.5,0
flow_20.15,24.0,2.0,0
flow_00.15,20.5,1.5,0
flow_20.16,21.5,2.0,0
flow_10.24,43.5,4.0,0
flow_30.20,38.5,4.0,0
flow_10.25,43.5,3.0,0
flow_30.21,37.5,3.0,0
flow_30.22,36.5,3.0,0
flow_10.26,44.0,3.0,0
flow_10.27,42.0,3.0,0
flow_10.28,40.0,3.0,0
flow_10.29,27.0,2.5,0
flow_10.30,25.0,2.5,0
flow_00.16,44.5,4.0,0
flow_20.17,40.5,4.0,0
flow_20.18,40.0,3.0,0
flow_00.17,35.5,3.0,0
flow_20.19,39.0,3.0,0
flow_00.18,22.5,2.0,0
flow_20.20,38.0,3.0,0
flow_20.21,37.0,3.0,0
flow_20.22,28.5,2.5,0
flow_10.31,49.0,4.0,0
flow_10.32,48.0,3.0,0
flow_30.23,20.5,1.5,0
flow_10.33,47.0,3.0,0
flow_10.34,45.0,2.5,0
flow_30.24,21.0,2.0,0
flow_10.35,44.0,2.5,0
flow_10.36,42.5,2.5,0
flow_10.37,40.5,2.5,0
flow_20.23,46.0,4.0,0
flow_20.24,38.0,3.0,0
flow_00.19,21.0,1.5,0
flow_00.20,22.0,2.0,0
flow_20.25,22.5,2.0,0
flow_00.21,22.0,1.5,0
flow_20.26,21.5,2.0,0
flow_10.38,67.0,4.0,0
flow_30.25,33.5,4.0,0
flow_10.39,61.0,3.0,0
flow_30.26,34.5,3.0,0
flow_10.40,60.0,3.0,0
flow_30.27,33.5,3.0,0
flow_10.41,59.0,3.0,0
flow_30.28,31.5,3.0,0
flow_30.29,28.0,3.0,0
flow_10.42,56.0,3.0,0
flow_30.30,26.5,2.5,0
flow_10.43,43.5,2.5,0
flow_10.44,35.5,2.5,0
flow_20.27,51.0,4.0,0
flow_00.22,27.0,3.5,0
flow_20.28,32.0,3.0,0
flow_00.23,20.5,1.5,0
flow_20.29,30.5,3.0,0
flow_30.31,40.0,4.0,0
flow_10.45,62.0,4.0,0
flow_30.32,39.5,3.0,0
flow_10.46,60.0,3.5,0
flow_10.47,59.0,3.0,0
flow_30.33,21.0,2.0,0
flow_10.48,55.5,3.0,0
flow_10.49,53.5,3.0,0
flow_10.50,52.0,2.5,0
flow_10.51,51.0,2.5,0
flow_20.30,44.5,4.0,0
flow_00.24,45.5,4.0,0
flow_00.25,34.0,3.0,0
flow_20.31,33.0,3.0,0
flow_20.32,31.0,3.0,0
flow_20.33,26.0,2.5,0
flow_20.34,20.5,1.5,0
flow_10.52,63.5,4.0,0
flow_30.34,43.0,4.0,0
flow_10.53,63.0,3.0,0
flow_30.35,42.5,3.0,0
flow_10.54,62.5,3.0,0
flow_30.36,35.5,3.0,0
flow_10.55,51.0,3.0,0
flow_30.37,34.5,2.5,0
flow_30.38,32.5,2.5,0
flow_10.56,50.5,3.0,0
flow_10.57,43.5,2.5,0
flow_30.39,21.0,2.0,0
flow_10.58,42.5,2.5,0
flow_20.35,48.5,4.0,0
flow_20.36,43.5,3.5,0
flow_20.37,40.0,3.0,0
flow_20.38,38.5,3.0,0
flow_00.26,22.0,2.0,0
flow_20.39,37.0,2.5,0
flow_00.27,21.0,1.5,0
flow_10.59,68.5,4.0,0
flow_30.40,46.5,4.0,0
flow_30.41,33.5,3.0,0
flow_10.60,68.5,3.0,0
flow_30.42,33.0,3.0,0
flow_10.61,67.5,3.0,0
flow_30.43,26.5,3.0,0
flow_10.62,66.5,3.0,0
flow_10.63,64.5,3.0,0
flow_10.64,48.5,3.0,0
flow_30.44,22.0,2.0,0
flow_10.65,32.0,2.5,0
flow_20.40,50.5,4.0,0
flow_20.41,50.0,3.0,0
flow_00.28,20.5,1.5,0
flow_20.42,49.0,3.0,0
flow_20.43,48.5,3.0,0
flow_00.29,21.0,2.0,0
flow_20.44,41.0,3.0,0
flow_20.45,39.5,2.5,0
flow_20.46,38.0,2.5,0
flow_10.66,50.5,4.0,0
flow_30.45,45.0,4.0,0
flow_30.46,31.0,3.5,0
flow_10.67,50.5,3.0,0
flow_10.68,49.5,3.0,0
flow_30.47,30.5,3.0,0
flow_10.69,48.0,2.5,0
flow_30.48,27.5,3.0,0
flow_10.70,47.0,2.5,0
flow_30.49,26.5,3.0,0
flow_30.50,24.5,2.5,0
flow_10.71,46.0,3.0,0
flow_30.51,23.0,2.0,0
flow_10.72,41.5,2.5,0
flow_20.47,57.5,4.0,0
flow_00.30,50.5,4.0,0
flow_00.31,50.0,3.0,0
flow_20.48,51.0,3.0,0
flow_00.32,49.0,3.0,0
flow_20.49,34.0,3.0,0
flow_20.50,32.5,2.5,0
flow_00.33,21.5,2.0,0
flow_20.51,28.5,2.5,0
flow_10.73,67.5,4.0,0
flow_30.52,51.5,4.0,0
flow_10.74,68.0,3.0,0
flow_30.53,50.0,3.0,0
flow_10.75,66.0,3.0,0
flow_30.54,47.0,3.0,0
flow_10.76,64.5,2.5,0
flow_30.55,22.5,2.0,0
flow_10.77,64.0,3.0,0
flow_30.56,21.5,2.0,0
flow_10.78,58.5,2.5,0
flow_10.79,53.5,2.5,0
flow_20.52,26.0,3.5,0
flow_00.34,47.0,4.0,0
flow_20.53,20.0,1.5,0
flow_30.57,34.5,4.0,0
flow_10.80,66.0,4.0,0
flow_10.81,62.0,3.0,0
flow_30.58,36.0,3.0,0
flow_10.82,49.5,3.0,0
flow_10.83,37.0,2.5,0
flow_10.84,35.0,2.5,0
flow_30.59,21.0,1.5,0
flow_10.85,34.0,2.5,0
flow_10.86,29.0,2.5,0
flow_20.54,22.0,2.0,0
flow_20.55,22.0,2.0,0
flow_00.35,21.5,2.0,0
flow_10.87,56.0,4.0,0
flow_30.60,48.5,4.0,0
flow_30.61,41.5,3.0,0
flow_10.88,50.0,3.0,0
flow_10.89,44.0,3.0,0
flow_30.62,40.0,3.0,0
flow_10.90,41.0,3.0,0
flow_10.91,33.0,3.0,0
flow_10.92,31.5,2.5,0
flow_10.93,30.5,2.5,0
flow_20.56,41.0,4.0,0
flow_00.36,43.0,4.0,0
flow_20.57,28.5,3.0,0
flow_20.58,21.5,2.0,0
flow_30.63,27.5,3.5,0
flow_10.94,43.5,4.0,0
flow_10.95,38.5,3.0,0
flow_30.64,22.5,2.0,0
flow_10.96,32.0,3.0,0
flow_10.97,22.5,2.0,0
flow_10.98,21.0,2.0,0
flow_00.37,42.5,4.0,0
flow_20.59,40.0,4.0,0
flow_00.38,41.0,3.0,0
flow_20.60,26.0,2.5,0
flow_00.39,40.0,3.0,0
flow_00.40,37.5,3.0,0
flow_20.61,21.5,2.0,0
flow_00.41,36.0,2.5,0
flow_20.62,21.5,2.0,0
flow_10.99,43.0,4.0,0
flow_30.65,39.0,4.0,0
flow_10.100,22.5,2.0,0
flow_30.66,30.5,3.0,0
flow_10.101,21.0,1.5,0
flow_00.42,23.0,2.0,0
flow_20.63,46.5,4.0,0
flow_20.64,45.5,3.0,0
flow_20.65,44.5,3.0,0
flow_20.66,44.0,3.0,0
flow_20.67,33.5,3.0,0
flow_20.68,22.0,2.0,0
flow_00.43,20.0,1.5,0
flow_30.67,35.0,4.0,0
flow_10.102,51.0,4.0,0
flow_30.68,31.0,3.5,0
flow_10.103,23.0,2.0,0
flow_10.104,22.5,2.0,0
flow_30.69,22.0,2.0,0
flow_10.105,21.5,2.0,0
flow_10.106,21.5,2.0,0
flow_00.44,47.0,4.0,0
flow_20.69,52.0,4.0,0
flow_00.45,46.5,3.0,0
flow_20.70,45.0,3.5,0
flow_20.71,21.0,2.0,0
flow_00.46,46.5,3.0,0
flow_00.47,43.0,3.0,0
flow_00.48,40.0,3.0,0
flow_00.49,27.5,2.5,0
flow_10.107,48.0,4.0,0
flow_10.108,48.0,3.0,0
flow_30.70,22.0,2.0,0
flow_10.109,47.0,3.0,0
flow_10.110,43.0,2.5,0
flow_10.111,41.5,2.5,0
flow_10.112,36.0,2.5,0
flow_10.113,33.5,2.5,0
flow_00.50,38.5,4.0,0
flow_20.72,46.0,4.0,0
flow_00.51,38.5,3.0,0
flow_00.52,31.0,3.0,0
flow_20.73,20.0,1.5,0
flow_00.53,29.5,3.0,0
flow_10.114,61.5,4.0,0
flow_30.71,49.5,4.0,0
flow_10.115,58.0,3.0,0
flow_30.72,46.5,3.0,0
flow_10.116,56.5,3.0,0
flow_30.73,41.0,3.0,0
flow_10.117,55.0,2.5,0
flow_30.74,39.0,3.0,0
flow_10.118,53.5,2.5,0
flow_30.75,38.0,3.0,0
flow_30.76,36.5,2.5,0
flow_10.119,53.5,2.5,0
flow_30.77,26.0,2.5,0
flow_10.120,52.0,2.5,0
flow_20.74,44.0,4.0,0
flow_00.54,28.5,3.5,0
flow_00.55,24.5,2.5,0
flow_20.75,44.0,3.0,0
flow_20.76,33.0,3.0,0
flow_20.77,32.5,2.5,0
flow_20.78,23.0,2.0,0
flow_00.56,22.0,2.0,0
flow_20.79,22.5,2.0,0
flow_10.121,77.0,4.0,0
flow_30.78,53.0,4.0,0
flow_30.79,42.0,3.0,0
flow_10.122,77.5,3.0,0
flow_10.123,76.0,3.0,0
flow_30.80,41.5,3.0,0
flow_10.124,74.5,3.0,0
flow_30.81,29.5,2.5,0
flow_10.125,69.0,2.5,0
flow_30.82,25.0,2.5,0
flow_10.126,58.5,2.5,0
flow_10.127,55.5,2.5,0
flow_30.83,22.0,2.0,0
flow_20.80,50.0,4.0,0
flow_00.57,52.5,4.0,0
flow_20.81,36.0,3.0,0
flow_00.58,49.0,3.0,0
flow_00.59,37.5,3.0,0
flow_20.82,35.0,3.0,0
flow_00.60,33.0,3.0,0
flow_20.83,23.5,2.0,0
flow_00.61,31.0,2.5,0
flow_10.128,82.0,4.0,0
flow_30.84,46.0,4.0,0
flow_10.129,81.0,3.0,0
flow_30.85,24.5,2.0,0
flow_10.130,80.0,3.0,0
flow_30.86,23.0,2.0,0
flow_10.131,76.5,2.5,0
flow_10.132,76.0,3.0,0
flow_10.133,59.0,2.5,0
flow_10.134,56.0,2.5,0
flow_20.84,26.5,3.5,0
flow_20.85,22.0,2.0,0
flow_00.62,20.0,1.5,0
flow_20.86,20.5,1.5,0
flow_20.87,20.5,1.5,0
flow_20.88,22.5,2.0,0
flow_10.135,82.5,4.0,0
flow_30.87,41.5,4.0,0
flow_30.88,26.5,2.5,0
flow_10.136,79.0,3.0,0
flow_10.137,77.5,3.0,0
flow_30.89,20.5,1.5,0
flow_10.138,76.5,2.5,0
flow_10.139,74.5,2.5,0
flow_30.90,21.0,2.0,0
flow_10.140,59.0,2.5,0
flow_10.141,56.0,2.5,0
flow_20.89,49.0,4.0,0
flow_00.63,49.0,4.0,0
flow_00.64,49.5,3.5,0
flow_20.90,50.5,3.5,0
flow_00.65,48.0,3.0,0
flow_20.91,48.5,3.0,0
flow_00.66,46.5,3.0,0
flow_20.92,46.5,3.0,0
flow_00.67,45.5,3.0,0
flow_20.93,33.5,3.0,0
flow_00.68,29.5,3.0,0
flow_00.69,27.5,2.5,0
flow_10.142,83.0,4.0,0
flow_30.91,52.5,4.0,0
flow_10.143,74.5,3.0,0
flow_30.92,48.0,3.5,0
flow_10.144,73.0,3.0,0
flow_30.93,29.0,3.0,0
flow_10.145,72.5,3.0,0
flow_10.146,70.5,3.0,0
flow_10.147,59.0,2.5,0
flow_10.148,55.5,2.5,0
flow_00.70,35.5,4.0,0
flow_20.94,51.5,4.0,0
flow_00.71,27.0,2.5,0
flow_20.95,50.5,3.5,0
flow_00.72,24.5,2.5,0
flow_20.96,49.0,3.0,0
flow_00.73,23.0,2.5,0
flow_20.97,28.5,2.5,0
flow_00.74,23.0,2.5,0
flow_00.75,22.0,2.0,0
flow_30.94,44.5,4.0,0
flow_10.149,82.5,4.0,0
flow_10.150,81.5,3.0,0
flow_30.95,33.0,3.0,0
flow_10.151,80.5,3.0,0
flow_10.152,79.0,2.5,0
flow_10.153,78.0,3.0,0
flow_10.0,30.5,4.0,0
flow_30.0,30.5,3.5,0
flow_30.1,21.5,2.0,0
flow_30.2,20.5,2.0,0
flow_20.0,23.0,2.0,0
flow_00.0,45.0,4.0,0
flow_00.1,39.0,3.0,0
flow_00.2,36.5,3.0,0
flow_00.3,34.5,2.5,0
flow_00.4,33.0,2.5,0
flow_00.5,31.5,2.5,0
flow_00.6,30.0,2.5,0
flow_30.3,49.0,4.0,0
flow_10.1,41.5,4.0,0
flow_30.4,49.5,3.0,0
flow_30.5,34.0,3.0,0
flow_30.6,31.0,2.5,0
flow_00.7,57.0,4.0,0
flow_20.1,32.5,4.0,0
flow_00.8,55.5,3.0,0
flow_20.2,29.0,3.0,0
flow_00.9,55.0,3.0,0
flow_00.10,53.5,2.5,0
flow_00.11,46.0,2.5,0
flow_00.12,44.5,2.5,0
flow_30.7,36.5,4.0,0
flow_30.8,20.5,1.5,0
flow_30.9,21.0,2.0,0
flow_00.13,49.0,4.0,0
flow_00.14,48.5,3.0,0
flow_00.15,36.5,3.0,0
flow_00.16,35.5,3.0,0
flow_00.17,32.0,2.5,0
flow_10.2,31.0,3.5,0
flow_30.10,22.0,2.0,0
flow_10.3,21.5,2.0,0
flow_20.3,26.5,3.5,0
flow_00.18,46.5,4.0,0
flow_00.19,45.0,3.5,0
flow_20.4,21.5,2.0,0
flow_00.20,21.0,1.5,0
flow_30.11,31.5,4.0,0
flow_10.4,21.0,1.5,0
flow_00.21,50.5,4.0,0
flow_20.5,35.5,4.0,0
flow_00.22,50.0,3.0,0
flow_20.6,36.5,3.5,0
flow_00.23,47.0,3.0,0
flow_20.7,27.0,2.5,0
flow_00.24,38.5,3.0,0
flow_20.8,22.0,2.0,0
flow_00.25,37.5,3.0,0
flow_00.26,35.5,2.5,0
flow_20.9,21.0,2.0,0
flow_00.27,21.5,2.0,0
flow_30.12,39.5,4.0,0
flow_30.13,35.0,3.0,0
flow_30.14,30.5,3.0,0
flow_30.15,21.0,1.5,0
flow_00.28,44.0,4.0,0
flow_00.29,34.5,3.0,0
flow_00.30,33.0,3.0,0
flow_00.31,22.5,2.0,0
flow_20.10,20.5,1.5,0
flow_30.16,31.0,3.5,0
flow_10.5,22.0,2.0,0
flow_30.17,20.5,1.5,0
flow_00.32,35.0,4.0,0
flow_20.11,43.0,4.0,0
flow_20.12,42.5,3.0,0
flow_00.33,32.0,3.0,0
flow_20.13,30.0,3.0,0
flow_00.34,31.5,3.0,0
flow_00.35,30.0,2.5,0
flow_20.14,22.5,2.0,0
flow_00.36,28.5,2.5,0
flow_00.37,26.5,3.0,0
flow_00.38,24.5,2.5,0
flow_30.18,37.5,4.0,0
flow_10.6,30.5,3.5,0
flow_10.7,23.5,2.5,0
flow_00.39,52.5,4.0,0
flow_00.40,51.5,3.0,0
flow_00.41,51.0,3.0,0
flow_00.42,49.5,3.0,0
flow_00.43,48.5,3.0,0
flow_00.44,43.0,3.0,0
flow_00.45,41.5,2.5,0
flow_30.19,49.0,4.0,0
flow_30.20,40.0,3.0,0
flow_00.46,68.0,4.0,0
flow_20.15,20.5,1.5,0
flow_00.47,67.0,3.0,0
flow_00.48,65.5,3.0,0
flow_00.49,64.0,2.5,0
flow_00.50,62.5,2.5,0
flow_00.51,58.5,2.5,0
flow_00.52,56.0,2.5,0
flow_10.8,51.5,4.0,0
flow_10.9,51.0,3.0,0
flow_10.10,52.0,3.0,0
flow_10.11,42.0,3.0,0
flow_20.16,32.0,4.0,0
flow_00.53,77.0,4.0,0
flow_00.54,76.0,3.0,0
flow_00.55,67.5,3.0,0
flow_00.56,65.5,3.0,0
flow_00.57,64.0,2.5,0
flow_00.58,58.0,2.5,0
flow_00.59,55.5,2.5,0
flow_10.12,40.0,4.0,0
flow_30.21,36.0,4.0,0
flow_30.22,21.0,2.0,0
flow_10.13,22.0,2.0,0
flow_10.14,21.0,2.0,0
flow_10.15,21.0,1.5,0
flow_20.17,46.5,4.0,0
flow_00.60,73.0,4.0,0
flow_00.61,60.0,3.0,0
flow_20.18,39.0,3.0,0
flow_00.62,35.5,3.0,0
flow_00.63,34.0,2.5,0
flow_00.64,29.5,2.5,0
flow_00.65,28.0,2.5,0
flow_10.16,20.5,1.5,0
flow_00.66,50.0,4.0,0
flow_20.19,26.0,3.0,0
flow_00.67,48.0,3.0,0
flow_00.68,45.0,3.0,0
flow_00.69,34.5,2.5,0
flow_00.70,27.5,2.5,0
flow_00.71,26.0,2.5,0
flow_00.72,24.5,2.5,0
flow_30.23,49.0,4.0,0
flow_10.17,21.5,2.0,0
flow_30.24,45.5,3.0,0
flow_30.25,34.0,3.0,0
flow_10.18,20.5,1.5,0
flow_00.73,52.0,4.0,0
flow_20.20,36.5,4.0,0
flow_00.74,51.5,3.0,0
flow_00.75,48.0,3.0,0
flow_00.76,34.0,2.5,0
flow_20.21,22.5,2.0,0
flow_00.77,21.5,2.0,0
flow_30.26,49.0,4.0,0
flow_30.27,43.0,3.5,0
flow_00.78,50.5,4.0,0
flow_20.22,41.0,4.0,0
flow_20.23,23.5,2.0,0
flow_00.79,51.5,3.5,0
flow_00.80,50.0,3.0,0
flow_00.81,24.5,2.5,0
flow_00.82,22.0,2.0,0
flow_10.19,50.0,4.0,0
flow_30.28,37.5,4.0,0
flow_10.20,23.0,2.0,0
flow_00.83,44.0,4.0,0
flow_20.24,34.0,4.0,0
flow_00.84,43.5,3.0,0
flow_00.85,36.0,3.0,0
flow_00.86,32.0,2.5,0
flow_00.87,30.5,2.5,0
flow_10.21,51.5,4.0,0
flow_30.29,22.0,2.0,0
flow_00.88,48.5,4.0,0
flow_20.25,51.0,4.0,0
flow_20.26,49.0,3.0,0
flow_00.89,49.0,3.0,0
flow_20.27,34.0,3.0,0
flow_00.90,48.0,3.0,0
flow_00.91,46.5,3.0,0
flow_00.92,45.0,3.0,0
flow_00.93,43.0,2.5,0
flow_00.94,41.5,2.5,0
flow_30.30,33.5,4.0,0
flow_10.22,49.0,4.0,0
flow_30.31,29.5,3.0,0
flow_10.23,48.0,3.5,0
flow_10.24,36.0,3.0,0
flow_30.32,21.5,2.0,0
flow_30.33,21.5,2.0,0
flow_00.95,68.0,4.0,0
flow_20.28,21.5,2.0,0
flow_00.96,68.0,3.0,0
flow_00.97,66.0,3.0,0
flow_00.98,66.5,3.0,0
flow_00.99,64.0,3.0,0
flow_00.100,49.5,2.5,0
flow_00.101,37.5,2.5,0
flow_10.25,36.5,4.0,0
flow_30.34,45.5,4.0,0
flow_30.35,23.0,2.0,0
flow_10.26,34.5,3.0,0
flow_30.36,21.0,1.5,0
flow_00.102,63.0,4.0,0
flow_20.29,30.0,3.5,0
flow_00.103,61.5,3.0,0
flow_00.104,58.5,3.0,0
flow_20.30,21.5,2.0,0
flow_00.105,44.5,3.0,0
flow_00.106,37.0,2.5,0
flow_00.107,35.0,2.5,0
flow_00.108,35.0,2.5,0
flow_30.37,49.0,4.0,0
flow_10.27,41.0,4.0,0
flow_30.38,37.5,3.0,0
flow_20.31,50.0,4.0,0
flow_00.109,61.5,4.0,0
flow_20.32,48.5,3.0,0
flow_00.110,61.5,3.5,0
flow_20.33,48.0,3.0,0
flow_00.111,60.0,3.0,0
flow_00.112,59.0,3.0,0
flow_00.113,57.5,3.0,0
flow_00.114,55.0,3.0,0
flow_00.115,39.5,2.5,0
flow_10.28,51.5,4.0,0
flow_10.29,49.0,3.0,0
flow_20.34,45.5,4.0,0
flow_00.116,55.0,4.0,0
flow_20.35,45.0,3.0,0
flow_00.117,54.5,3.0,0
flow_00.118,52.0,3.0,0
flow_20.36,44.5,3.0,0
flow_00.119,51.0,3.0,0
flow_00.120,50.0,3.0,0
flow_00.121,30.0,2.5,0
flow_00.122,23.5,2.5,0
flow_30.39,35.0,4.0,0
flow_10.30,44.5,4.0,0
flow_30.40,34.5,3.0,0
flow_30.41,20.5,1.5,0
flow_00.123,46.0,4.0,0
flow_20.37,41.0,4.0,0
flow_00.124,36.5,3.0,0
flow_20.38,32.0,3.0,0
flow_00.125,31.5,3.0,0
flow_20.39,21.0,1.5,0
flow_00.126,20.5,1.5,0
flow_10.31,47.5,4.0,0
flow_30.42,49.0,4.0,0
flow_10.32,47.5,3.0,0
flow_30.43,48.0,3.0,0
flow_30.44,45.0,3.0,0
flow_10.33,44.0,3.0,0
flow_10.34,22.0,2.0,0
flow_30.45,21.5,2.0,0
flow_00.127,47.5,4.0,0
flow_20.40,39.0,4.0,0
flow_00.128,47.5,3.0,0
flow_20.41,37.5,3.0,0
flow_00.129,47.0,3.0,0
flow_20.42,36.5,3.0,0
flow_00.130,45.5,3.0,0
flow_20.43,35.0,2.5,0
flow_00.131,43.5,3.0,0
flow_20.44,23.5,2.5,0
flow_00.132,42.5,2.5,0
flow_00.133,21.5,2.0,0
flow_30.46,40.5,4.0,0
flow_10.35,45.0,4.0,0
flow_10.36,21.0,1.5,0
flow_10.37,20.5,1.5,0
flow_00.134,47.5,4.0,0
flow_20.45,28.5,3.5,0
flow_00.135,47.5,3.0,0
flow_20.46,21.5,2.0,0
flow_00.136,46.0,3.0,0
flow_00.137,45.0,2.5,0
flow_00.138,43.0,2.5,0
flow_20.47,21.0,1.5,0
flow_00.139,42.0,2.5,0
flow_00.140,37.0,2.5,0
flow_10.38,48.5,4.0,0
flow_10.39,39.5,3.0,0
flow_10.40,38.0,3.0,0
flow_00.141,64.0,4.0,0
flow_00.142,57.5,3.0,0
flow_00.143,56.5,3.0,0
flow_00.144,56.5,3.0,0
flow_00.145,50.0,3.0,0
flow_00.146,43.0,3.0,0
flow_00.147,41.5,3.0,0
flow_10.41,31.5,4.0,0
flow_30.47,35.0,4.0,0
flow_30.48,23.5,2.0,0
flow_30.49,22.0,2.0,0
flow_20.0,21.0,1.5,0
flow_20.1,21.5,2.0,0
flow_30.0,33.0,4.0,0
flow_30.1,20.5,1.5,0
flow_10.0,24.0,2.5,0
flow_00.0,35.5,4.0,0
flow_20.2,51.0,4.0,0
flow_00.1,29.5,3.0,0
flow_20.3,50.0,3.0,0
flow_00.2,26.5,3.0,0
flow_20.4,50.0,3.0,0
flow_00.3,22.5,2.0,0
flow_20.5,43.5,3.0,0
flow_20.6,42.5,3.0,0
flow_20.7,41.0,3.0,0
flow_00.4,21.5,2.0,0
flow_20.8,39.5,2.5,0
flow_30.2,48.0,4.0,0
flow_10.1,39.5,4.0,0
flow_30.3,27.5,3.0,0
flow_10.2,31.5,3.5,0
flow_10.3,29.5,3.0,0
flow_30.4,21.5,2.0,0
flow_10.4,24.5,3.0,0
flow_30.5,20.5,1.5,0
flow_10.5,21.5,2.0,0
flow_30.6,21.5,2.0,0
flow_10.6,22.0,2.0,0
flow_20.9,66.0,4.0,0
flow_00.5,32.0,4.0,0
flow_00.6,30.5,3.5,0
flow_20.10,57.0,3.0,0
flow_00.7,29.0,3.0,0
flow_20.11,56.5,3.0,0
flow_00.8,28.0,2.5,0
flow_20.12,54.0,2.5,0
flow_20.13,52.5,2.5,0
flow_20.14,51.5,2.5,0
flow_20.15,50.0,2.5,0
flow_30.7,51.0,4.0,0
flow_10.7,47.5,4.0,0
flow_30.8,48.0,3.0,0
flow_10.8,26.0,2.5,0
flow_30.9,47.5,3.0,0
flow_10.9,21.5,2.0,0
flow_30.10,40.0,3.0,0
flow_30.11,38.0,3.0,0
flow_10.10,21.5,2.0,0
flow_30.12,36.5,2.5,0
flow_30.13,35.0,2.5,0
flow_20.16,77.0,4.0,0
flow_00.9,34.0,4.0,0
flow_00.10,31.5,3.5,0
flow_20.17,76.5,3.0,0
flow_00.11,22.0,2.0,0
flow_20.18,75.5,3.0,0
flow_20.19,73.5,3.0,0
flow_20.20,50.5,3.0,0
flow_00.12,22.5,2.0,0
flow_20.21,41.5,2.5,0
flow_20.22,26.5,2.5,0
flow_00.13,23.0,2.0,0
flow_30.14,61.5,4.0,0
flow_10.11,50.5,4.0,0
flow_30.15,50.0,3.0,0
flow_10.12,41.5,3.0,0
flow_30.16,48.5,3.0,0
flow_10.13,22.5,2.0,0
flow_30.17,42.5,3.0,0
flow_10.14,22.5,2.0,0
flow_00.14,49.0,4.0,0
flow_20.23,49.5,4.0,0
flow_00.15,48.5,3.0,0
flow_20.24,47.5,3.0,0
flow_00.16,47.0,3.0,0
flow_20.25,38.5,3.0,0
flow_20.26,36.0,2.5,0
flow_00.17,46.0,3.0,0
flow_00.18,44.5,2.5,0
flow_20.27,34.5,3.0,0
flow_00.19,35.5,2.5,0
flow_20.28,30.5,2.5,0
flow_00.20,34.0,2.5,0
flow_20.29,29.0,2.5,0
flow_10.15,46.5,4.0,0
flow_30.18,39.5,4.0,0
flow_30.19,30.0,3.0,0
flow_10.16,46.0,3.0,0
flow_10.17,33.5,3.0,0
flow_30.20,27.5,3.0,0
flow_10.18,32.5,2.5,0
flow_30.21,20.5,1.5,0
flow_10.19,25.5,2.5,0
flow_30.22,22.0,2.0,0
flow_20.30,47.5,4.0,0
flow_00.21,20.5,1.5,0
flow_20.31,38.0,3.0,0
flow_20.32,36.5,3.0,0
flow_20.33,27.0,3.0,0
flow_00.22,21.0,1.5,0
flow_10.20,37.5,4.0,0
flow_30.23,50.0,4.0,0
flow_10.21,29.5,3.0,0
flow_30.24,43.0,3.0,0
flow_10.22,28.0,2.5,0
flow_30.25,38.0,3.0,0
flow_10.23,26.0,2.5,0
flow_30.26,31.5,2.5,0
flow_10.24,24.5,2.5,0
flow_30.27,29.5,2.5,0
flow_10.25,22.5,2.0,0
flow_10.26,22.5,2.0,0
flow_00.23,47.0,4.0,0
flow_20.34,51.0,4.0,0
flow_20.35,48.0,3.0,0
flow_00.24,44.5,3.0,0
flow_00.25,43.5,3.0,0
flow_20.36,33.0,3.0,0
flow_00.26,41.5,2.5,0
flow_00.27,40.5,2.5,0
flow_00.28,33.0,2.5,0
flow_00.29,24.0,2.0,0
flow_10.27,50.0,4.0,0
flow_30.28,34.5,4.0,0
flow_10.28,49.0,3.0,0
flow_30.29,32.5,3.5,0
flow_10.29,25.5,2.5,0
flow_30.30,26.5,3.0,0
flow_10.30,24.0,2.5,0
flow_20.37,51.5,4.0,0
flow_00.30,48.0,4.0,0
flow_20.38,50.0,3.0,0
flow_20.39,49.5,3.0,0
flow_00.31,23.0,2.0,0
flow_20.40,49.0,3.0,0
flow_00.32,22.0,2.0,0
flow_20.41,37.5,3.0,0
flow_20.42,36.5,3.0,0
flow_20.43,35.0,2.5,0
flow_30.31,47.5,4.0,0
flow_10.31,21.0,1.5,0
flow_30.32,43.0,3.0,0
flow_30.33,25.0,2.5,0
flow_30.34,20.5,1.5,0
flow_30.35,21.0,2.0,0
flow_20.44,60.5,4.0,0
flow_00.33,49.0,4.0,0
flow_00.34,44.5,3.0,0
flow_20.45,52.5,3.0,0
flow_00.35,42.5,3.0,0
flow_20.46,51.0,3.0,0
flow_20.47,49.5,3.0,0
flow_00.36,36.5,3.0,0
flow_20.48,46.0,3.0,0
flow_00.37,35.0,3.0,0
flow_20.49,36.5,2.5,0
flow_00.38,23.5,2.5,0
flow_20.50,35.0,2.5,0
flow_30.36,50.0,4.0,0
flow_10.32,31.5,3.5,0
flow_30.37,37.0,3.0,0
flow_10.33,31.0,3.0,0
flow_30.38,29.0,3.0,0
flow_10.34,24.0,2.0,0
flow_30.39,21.5,2.0,0
flow_10.35,22.0,2.0,0
flow_20.51,60.0,4.0,0
flow_00.39,46.0,4.0,0
flow_00.40,45.5,3.0,0
flow_20.52,60.0,3.0,0
flow_20.53,58.5,3.0,0
flow_20.54,57.0,2.5,0
flow_20.55,53.5,3.0,0
flow_20.56,52.0,2.5,0
flow_20.57,50.5,2.5,0
flow_30.40,48.5,4.0,0
flow_10.36,38.5,4.0,0
flow_30.41,35.5,3.0,0
flow_30.42,32.0,3.0,0
flow_30.43,30.0,3.0,0
flow_30.44,29.5,3.0,0
flow_30.45,26.0,2.5,0
flow_20.58,78.0,4.0,0
flow_00.41,52.0,4.0,0
flow_20.59,77.5,3.0,0
flow_00.42,41.5,3.0,0
flow_00.43,33.5,3.0,0
flow_20.60,77.0,3.0,0
flow_00.44,26.0,2.5,0
flow_20.61,61.0,3.0,0
flow_00.45,24.5,2.5,0
flow_20.62,44.5,3.0,0
flow_20.63,41.5,2.5,0
flow_00.46,23.5,2.0,0
flow_20.64,40.0,2.5,0
flow_30.46,50.5,4.0,0
flow_30.47,42.0,3.0,0
flow_10.37,21.0,1.5,0
flow_10.38,21.5,2.0,0
flow_10.39,22.5,2.0,0
flow_30.48,22.0,2.0,0
flow_20.65,65.0,4.0,0
flow_00.47,52.0,4.0,0
flow_20.66,65.0,3.0,0
flow_00.48,51.5,3.0,0
flow_20.67,54.5,3.0,0
flow_00.49,46.0,3.0,0
flow_20.68,53.0,2.5,0
flow_00.50,40.5,3.0,0
flow_20.69,53.0,3.0,0
flow_00.51,39.5,3.0,0
flow_20.70,49.0,3.0,0
flow_20.71,47.0,2.5,0
flow_30.49,48.0,4.0,0
flow_10.40,51.5,4.0,0
flow_10.41,35.0,3.0,0
flow_10.42,32.0,3.0,0
flow_30.50,21.0,1.5,0
flow_30.51,21.0,2.0,0
flow_00.52,44.0,4.0,0
flow_20.72,73.5,4.0,0
flow_20.73,72.0,3.0,0
flow_00.53,42.0,3.0,0
flow_20.74,69.0,3.0,0
flow_00.54,36.5,3.0,0
flow_00.55,35.0,2.5,0
flow_20.75,64.0,3.0,0
flow_20.76,62.5,3.0,0
flow_20.77,43.5,2.5,0
flow_00.56,21.0,1.5,0
flow_20.78,35.0,2.5,0
flow_30.52,42.0,4.0,0
flow_30.53,21.0,1.5,0
flow_10.43,20.5,1.5,0
flow_20.79,56.0,4.0,0
flow_00.57,43.0,4.0,0
flow_20.80,55.5,3.0,0
flow_00.58,42.0,3.0,0
flow_20.81,46.0,3.0,0
flow_00.59,21.0,2.0,0
flow_20.82,44.5,3.0,0
flow_20.83,43.0,3.0,0
flow_00.60,21.0,2.0,0
flow_20.84,42.0,2.5,0
flow_20.85,33.0,2.5,0
flow_10.44,42.5,4.0,0
flow_30.54,28.0,3.5,0
flow_10.45,23.0,2.0,0
flow_30.55,21.5,2.0,0
flow_10.46,22.0,2.0,0
flow_10.47,20.0,1.5,0
flow_20.86,35.5,4.0,0
flow_00.61,49.5,4.0,0
flow_20.87,34.5,3.0,0
flow_00.62,38.5,3.0,0
flow_00.63,34.0,3.0,0
flow_20.88,32.5,3.0,0
flow_20.89,31.5,3.0,0
flow_20.90,30.0,3.0,0
flow_10.48,24.0,3.0,0
flow_30.56,46.5,4.0,0
flow_30.57,34.5,3.0,0
flow_30.58,32.5,3.0,0
flow_30.59,29.5,3.0,0
flow_10.49,21.0,1.5,0
flow_30.60,21.0,2.0,0
flow_20.91,48.5,4.0,0
flow_00.64,51.5,4.0,0
flow_00.65,50.5,3.0,0
flow_20.92,45.0,3.0,0
flow_00.66,43.5,3.0,0
flow_20.93,31.5,3.0,0
flow_20.94,30.0,3.0,0
flow_00.67,31.5,2.5,0
flow_20.95,23.0,2.0,0
flow_00.68,25.0,2.5,0
flow_20.96,22.5,2.0,0
flow_00.69,22.5,2.5,0
flow_10.50,52.0,4.0,0
flow_30.61,48.0,4.0,0
flow_10.51,51.0,3.0,0
flow_30.62,42.0,3.5,0
flow_10.52,49.5,3.0,0
flow_30.63,40.5,3.0,0
flow_10.53,49.0,3.0,0
flow_30.64,39.5,3.0,0
flow_10.54,47.5,3.0,0
flow_30.65,38.0,3.0,0
flow_30.66,23.0,2.5,0
flow_10.55,23.0,2.0,0
flow_20.97,43.0,4.0,0
flow_00.70,50.5,4.0,0
flow_00.71,50.0,3.0,0
flow_20.98,32.5,3.0,0
flow_20.99,31.0,3.0,0
flow_00.72,49.5,3.0,0
flow_20.100,30.0,2.5,0
flow_00.73,37.0,3.0,0
flow_20.101,29.0,2.5,0
flow_00.74,36.0,3.0,0
flow_00.75,33.0,3.0,0
flow_20.102,21.0,2.0,0
flow_30.67,48.5,4.0,0
flow_10.56,46.0,4.0,0
flow_10.57,45.0,3.0,0
flow_10.58,41.5,3.0,0
flow_10.59,40.0,3.0,0
flow_10.60,35.5,2.5,0
flow_10.61,34.0,2.5,0
flow_10.62,28.5,2.5,0
flow_00.76,38.5,4.0,0
flow_20.103,35.0,4.0,0
flow_20.104,31.0,3.5,0
flow_00.77,23.5,2.5,0
flow_20.105,28.0,3.0,0
flow_20.106,26.5,2.5,0
flow_20.107,26.0,2.5,0
flow_20.108,25.0,2.5,0
flow_00.78,21.0,1.5,0
flow_20.109,23.5,2.0,0
flow_10.63,55.5,4.0,0
flow_30.68,43.5,4.0,0
flow_10.64,26.0,2.5,0
flow_30.69,20.5,1.5,0
flow_20.110,48.5,4.0,0
flow_00.79,48.5,4.0,0
flow_20.111,48.0,3.0,0
flow_00.80,48.0,3.0,0
flow_20.112,47.0,3.0,0
flow_20.113,45.5,2.5,0
flow_00.81,39.5,3.5,0
flow_00.82,29.0,2.5,0
flow_20.114,44.5,2.5,0
flow_00.83,23.0,2.5,0
flow_20.115,37.0,2.5,0
flow_00.84,22.5,2.5,0
flow_20.116,34.0,2.5,0
flow_30.70,43.0,4.0,0
flow_10.65,45.5,4.0,0
flow_30.71,42.5,3.0,0
flow_10.66,31.5,3.5,0
flow_30.72,29.5,3.0,0
flow_10.67,21.0,1.5,0
flow_00.85,49.0,4.0,0
flow_20.117,62.5,4.0,0
flow_00.86,45.0,3.0,0
flow_20.118,48.5,3.5,0
flow_20.119,47.0,3.0,0
flow_00.87,36.0,3.0,0
flow_00.88,26.5,2.5,0
flow_20.120,21.0,2.0,0
flow_10.68,45.5,4.0,0
flow_30.73,42.0,4.0,0
flow_10.69,41.5,3.0,0
flow_30.74,21.0,1.5,0
flow_10.70,41.0,3.0,0
flow_30.75,24.5,2.0,0
flow_20.121,49.5,4.0,0
flow_00.89,33.5,4.0,0
flow_00.90,28.5,3.0,0
flow_20.122,49.5,3.0,0
flow_00.91,22.5,2.0,0
flow_20.123,43.5,3.0,0
flow_00.92,21.5,1.5,0
flow_20.124,41.0,3.0,0
flow_20.125,39.5,2.5,0
flow_20.126,38.0,2.5,0
flow_00.93,24.0,2.5,0
flow_20.127,36.5,2.5,0
flow_30.76,50.5,4.0,0
flow_30.77,50.0,3.0,0
flow_30.78,49.0,3.0,0
flow_30.79,46.0,3.0,0
flow_30.80,31.5,3.0,0
flow_30.81,26.5,2.5,0
flow_10.71,20.0,1.5,0
flow_30.82,25.0,2.5,0
flow_00.94,45.5,4.0,0
flow_20.128,64.0,4.0,0
flow_20.129,62.5,3.0,0
flow_00.95,43.0,3.0,0
flow_00.96,26.0,2.5,0
flow_20.130,61.5,3.0,0
flow_20.131,60.5,3.0,0
flow_00.97,22.0,2.0,0
flow_20.132,58.5,2.5,0
flow_20.133,57.5,2.5,0
flow_20.134,46.5,2.5,0
flow_10.72,40.0,4.0,0
flow_30.83,28.5,3.5,0
flow_10.73,39.5,3.0,0
flow_30.84,28.0,3.0,0
flow_30.85,24.0,2.5,0
flow_10.74,39.5,3.0,0
flow_10.75,27.5,2.5,0
flow_10.76,23.5,2.0,0
flow_20.135,72.0,4.0,0
flow_00.98,49.0,4.0,0
flow_00.99,48.0,3.0,0
flow_20.136,62.0,3.5,0
flow_00.100,47.0,3.0,0
flow_20.137,60.5,3.0,0
flow_20.138,53.5,3.0,0
flow_00.101,26.0,2.5,0
flow_00.102,22.5,2.0,0
flow_20.139,48.5,3.0,0
flow_20.140,46.0,2.5,0
flow_00.103,23.0,2.0,0
flow_20.141,44.0,2.5,0
flow_10.77,46.5,4.0,0
flow_30.86,33.5,4.0,0
flow_10.78,38.0,3.0,0
flow_10.79,33.0,3.0,0
flow_30.87,20.5,1.5,0
flow_10.80,32.0,2.5,0
flow_10.81,30.5,2.5,0
flow_10.82,29.0,2.5,0
flow_10.83,25.5,3.0,0
flow_00.104,27.0,3.5,0
flow_20.142,69.5,4.0,0
flow_20.143,66.5,3.0,0
flow_00.105,25.0,2.5,0
flow_00.106,23.5,2.5,0
flow_20.144,57.0,3.0,0
flow_20.145,52.5,3.0,0
flow_00.107,21.5,2.0,0
flow_20.146,48.5,3.0,0
flow_20.147,44.0,3.0,0
flow_20.148,40.0,3.0,0
flow_10.84,52.5,4.0,0
flow_30.88,49.0,4.0,0
flow_10.85,52.0,3.0,0
flow_30.89,48.0,3.0,0
flow_10.86,37.5,3.0,0
flow_10.87,35.5,2.5,0
flow_30.90,21.5,2.0,0
flow_10.88,34.0,2.5,0
flow_10.89,32.5,2.5,0
flow_30.91,21.5,2.0,0
flow_10.90,26.0,2.5,0
flow_00.108,50.5,4.0,0
flow_20.149,65.0,4.0,0
flow_20.150,63.5,3.0,0
flow_00.109,49.5,3.0,0
flow_00.110,49.5,3.0,0
flow_20.151,64.0,3.0,0
flow_20.152,62.0,3.0,0
flow_00.111,25.0,2.5,0
flow_20.153,60.0,2.5,0
flow_00.112,23.5,2.5,0
flow_20.154,52.5,2.5,0
flow_20.155,43.0,2.5,0
flow_10.91,40.0,4.0,0
flow_30.92,49.5,4.0,0
flow_30.93,49.0,3.0,0
flow_10.92,38.0,3.0,0
flow_30.94,47.5,3.0,0
flow_10.93,31.5,3.0,0
flow_30.95,46.5,2.5,0
flow_10.94,21.0,1.5,0
flow_30.96,25.0,2.5,0
flow_10.0,29.0,3.5,0
flow_30.0,21.5,2.0,0
flow_10.1,21.5,2.0,0
flow_30.1,23.0,2.0,0
flow_10.2,21.5,2.0,0
flow_00.0,50.0,4.0,0
flow_20.0,47.0,4.0,0
flow_00.1,49.0,3.0,0
flow_20.1,30.0,3.0,0
flow_20.2,28.5,3.0,0
flow_00.2,49.0,3.0,0
flow_00.3,48.0,3.0,0
flow_00.4,26.5,2.5,0
flow_20.3,21.0,1.5,0
flow_00.5,22.0,2.0,0
flow_30.2,44.0,4.0,0
flow_10.3,46.5,4.0,0
flow_30.3,31.5,3.0,0
flow_10.4,46.5,3.5,0
flow_30.4,27.0,3.0,0
flow_10.5,38.0,3.0,0
flow_10.6,33.0,3.0,0
flow_10.7,31.5,2.5,0
flow_10.8,30.5,2.5,0
flow_10.9,22.5,2.5,0
flow_20.4,41.5,4.0,0
flow_00.6,34.5,4.0,0
flow_00.7,27.5,3.0,0
flow_20.5,30.5,3.0,0
flow_00.8,23.0,2.5,0
flow_20.6,22.0,2.0,0
flow_00.9,20.5,1.5,0
flow_20.7,20.5,1.5,0
flow_30.5,51.5,4.0,0
flow_10.10,43.5,4.0,0
flow_30.6,51.0,3.0,0
flow_10.11,43.0,3.5,0
flow_30.7,49.5,3.0,0
flow_10.12,24.5,2.5,0
flow_30.8,49.0,3.0,0
flow_30.9,45.5,3.0,0
flow_30.10,41.0,2.5,0
flow_00.10,45.0,4.0,0
flow_20.8,50.0,4.0,0
flow_00.11,44.5,3.0,0
flow_20.9,43.5,3.0,0
flow_00.12,43.5,3.0,0
flow_20.10,42.5,3.0,0
flow_00.13,42.5,3.0,0
flow_20.11,41.0,3.0,0
flow_00.14,41.5,3.0,0
flow_00.15,40.5,3.0,0
flow_20.12,21.0,2.0,0
flow_00.16,38.5,2.5,0
flow_10.13,48.5,4.0,0
flow_30.11,48.5,4.0,0
flow_10.14,49.0,3.0,0
flow_10.15,46.5,3.0,0
flow_30.12,20.5,1.5,0
flow_10.16,34.0,3.0,0
flow_10.17,32.0,2.5,0
flow_30.13,20.5,1.5,0
flow_20.13,43.0,4.0,0
flow_00.17,65.0,4.0,0
flow_00.18,54.0,3.0,0
flow_20.14,37.0,3.0,0
flow_00.19,52.5,3.0,0
flow_20.15,36.5,3.0,0
flow_00.20,32.5,2.5,0
flow_20.16,32.0,2.5,0
flow_00.21,22.5,2.0,0
flow_00.22,21.0,2.0,0
flow_10.18,51.0,4.0,0
flow_30.14,31.0,3.5,0
flow_10.19,50.0,3.0,0
flow_30.15,22.0,2.0,0
flow_10.20,50.5,3.0,0
flow_10.21,45.5,3.0,0
flow_10.22,44.5,3.0,0
flow_10.23,42.5,3.0,0
flow_10.24,41.0,2.5,0
flow_20.17,47.5,4.0,0
flow_00.23,30.0,3.5,0
flow_20.18,27.5,3.0,0
flow_00.24,21.0,1.5,0
flow_20.19,24.5,2.5,0
flow_20.20,22.0,2.0,0
flow_10.25,65.5,4.0,0
flow_30.16,30.5,3.5,0
flow_10.26,44.5,3.0,0
flow_10.27,33.5,3.0,0
flow_10.28,32.5,2.5,0
flow_10.29,31.5,2.5,0
flow_10.30,30.0,2.5,0
flow_10.31,28.0,3.0,0
flow_00.25,44.0,4.0,0
flow_20.21,35.5,4.0,0
flow_00.26,43.5,3.0,0
flow_20.22,35.5,3.0,0
flow_00.27,36.0,3.0,0
flow_10.32,54.5,4.0,0
flow_30.17,47.5,4.0,0
flow_10.33,54.0,3.0,0
flow_30.18,47.0,3.0,0
flow_10.34,53.5,3.0,0
flow_30.19,46.5,3.0,0
flow_10.35,52.0,3.0,0
flow_30.20,31.0,2.5,0
flow_30.21,23.0,2.5,0
flow_10.36,41.0,3.0,0
flow_10.37,31.0,2.5,0
flow_10.38,29.0,2.5,0
flow_20.23,44.0,4.0,0
flow_00.28,39.0,4.0,0
flow_20.24,36.5,3.0,0
flow_00.29,38.5,3.0,0
flow_20.25,32.5,3.0,0
flow_00.30,31.0,3.0,0
flow_00.31,21.0,1.5,0
flow_10.39,55.5,4.0,0
flow_30.22,41.5,4.0,0
flow_30.23,32.5,3.0,0
flow_10.40,42.0,3.0,0
flow_30.24,22.0,2.0,0
flow_10.41,40.5,3.0,0
flow_10.42,33.5,3.0,0
flow_10.43,27.5,2.5,0
flow_30.25,22.5,2.0,0
flow_10.44,24.0,2.5,0
flow_20.26,48.5,4.0,0
flow_20.27,48.5,3.0,0
flow_00.32,21.5,2.0,0
flow_20.28,46.0,3.0,0
flow_10.45,50.0,4.0,0
flow_30.26,49.0,4.0,0
flow_10.46,49.5,3.0,0
flow_30.27,46.0,3.0,0
flow_10.47,43.0,3.0,0
flow_30.28,36.0,3.0,0
flow_10.48,39.5,3.0,0
flow_30.29,23.0,2.0,0
flow_10.49,38.0,2.5,0
flow_30.30,22.5,2.0,0
flow_10.50,32.5,2.5,0
flow_10.51,31.0,2.5,0
flow_20.29,46.0,4.0,0
flow_00.33,41.5,4.0,0
flow_20.30,27.0,2.5,0
flow_20.31,24.0,2.5,0
flow_20.32,22.0,2.0,0
flow_20.33,22.5,2.0,0
flow_20.34,21.5,1.5,0
flow_10.52,56.5,4.0,0
flow_30.31,49.5,4.0,0
flow_10.53,52.0,3.0,0
flow_30.32,21.5,2.0,0
flow_10.54,50.5,3.0,0
flow_10.55,40.5,2.5,0
flow_10.56,36.0,2.5,0
flow_10.57,33.5,2.5,0
flow_10.58,31.5,2.5,0
flow_30.33,21.0,1.5,0
flow_00.34,32.0,4.0,0
flow_20.35,40.0,4.0,0
flow_20.36,20.5,1.5,0
flow_20.37,21.5,2.0,0
flow_30.34,38.0,4.0,0
flow_10.59,58.5,4.0,0
flow_10.60,49.5,3.0,0
flow_30.35,33.5,3.0,0
flow_30.36,31.5,3.0,0
flow_10.61,39.5,3.0,0
flow_10.62,38.0,3.0,0
flow_10.63,32.0,3.0,0
flow_00.35,43.0,4.0,0
flow_20.38,39.5,4.0,0
flow_00.36,27.0,2.5,0
flow_20.39,39.5,3.0,0
flow_00.37,23.5,2.0,0
flow_20.40,34.5,3.0,0
flow_00.38,21.5,2.0,0
flow_20.41,24.5,2.0,0
flow_00.39,21.0,1.5,0
flow_10.64,51.5,4.0,0
flow_30.37,39.5,4.0,0
flow_10.65,38.0,3.0,0
flow_30.38,38.5,3.0,0
flow_10.66,37.0,3.0,0
flow_30.39,27.5,2.5,0
flow_10.67,32.0,2.5,0
flow_30.40,26.0,2.5,0
flow_10.68,30.5,2.5,0
flow_10.69,29.0,2.5,0
flow_20.42,51.0,4.0,0
flow_20.43,50.5,3.0,0
flow_10.70,47.0,4.0,0
flow_30.41,43.0,4.0,0
flow_10.71,46.5,3.0,0
flow_30.42,39.5,3.0,0
flow_10.72,45.5,3.0,0
flow_10.73,45.0,3.0,0
flow_10.74,29.0,3.0,0
flow_30.43,20.0,1.5,0
flow_10.75,27.5,2.5,0
flow_00.40,30.5,4.0,0
flow_20.44,39.5,4.0,0
flow_20.45,39.0,3.0,0
flow_00.41,21.5,2.0,0
flow_20.46,37.5,3.0,0
flow_00.42,21.5,2.0,0
flow_20.47,36.5,3.0,0
flow_20.48,31.0,2.5,0
flow_20.49,28.5,2.5,0
flow_10.76,45.0,4.0,0
flow_30.44,28.0,3.5,0
flow_30.45,26.5,3.0,0
flow_10.77,42.5,3.0,0
flow_30.46,21.0,2.0,0
flow_10.78,41.5,3.0,0
flow_10.79,41.0,3.0,0
flow_10.80,39.5,3.0,0
flow_30.47,23.0,2.5,0
flow_10.81,38.0,2.5,0
flow_10.82,24.5,2.5,0
flow_00.43,48.5,4.0,0
flow_20.50,49.0,4.0,0
flow_20.51,41.5,3.0,0
flow_00.44,37.0,3.0,0
flow_20.52,39.0,3.0,0
flow_20.53,37.5,2.5,0
flow_00.45,35.0,3.0,0
flow_20.54,32.5,3.0,0
flow_30.48,50.0,4.0,0
flow_10.83,37.0,4.0,0
flow_30.49,34.5,3.0,0
flow_10.84,37.0,3.0,0
flow_10.85,36.5,3.0,0
flow_10.86,35.0,2.5,0
flow_10.87,33.5,2.5,0
flow_10.88,32.0,2.5,0
flow_10.89,30.5,2.5,0
flow_00.46,43.5,4.0,0
flow_00.47,36.0,3.0,0
flow_20.55,20.5,1.5,0
flow_00.48,30.5,3.0,0
flow_20.56,22.0,2.0,0
flow_00.49,29.5,3.0,0
flow_20.57,21.5,1.5,0
flow_20.58,22.0,2.0,0
flow_10.90,57.0,4.0,0
flow_30.50,44.5,4.0,0
flow_30.51,27.5,3.0,0
flow_10.91,57.0,3.0,0
flow_30.52,26.0,2.5,0
flow_10.92,55.0,3.0,0
flow_10.93,54.0,3.0,0
flow_10.94,52.0,2.5,0
flow_10.95,49.5,2.5,0
flow_10.96,48.0,2.5,0
flow_20.59,48.5,4.0,0
flow_00.50,44.0,4.0,0
flow_20.60,48.0,3.0,0
flow_00.51,44.0,3.0,0
flow_20.61,45.5,3.0,0
flow_00.52,26.0,2.5,0
flow_20.62,36.0,3.0,0
flow_20.63,34.5,3.0,0
flow_20.64,33.0,2.5,0
flow_30.53,39.5,4.0,0
flow_10.97,75.0,4.0,0
flow_30.54,22.0,2.0,0
flow_10.98,57.0,3.0,0
flow_10.99,43.0,3.0,0
flow_10.100,41.0,2.5,0
flow_10.101,34.5,2.5,0
flow_30.55,23.0,2.0,0
flow_10.102,33.5,2.5,0
flow_10.103,32.0,2.5,0
flow_20.65,50.0,4.0,0
flow_00.53,47.5,4.0,0
flow_00.54,47.0,3.0,0
flow_20.66,41.0,3.0,0
flow_00.55,42.5,3.0,0
flow_20.67,22.0,2.0,0
flow_20.68,21.5,2.0,0
flow_30.56,45.0,4.0,0
flow_10.104,59.5,4.0,0
flow_10.105,59.0,3.0,0
flow_30.57,20.0,1.5,0
flow_10.106,57.5,3.0,0
flow_10.107,56.0,3.0,0
flow_10.108,54.5,3.0,0
flow_10.109,51.0,2.5,0
flow_10.110,45.5,3.0,0
flow_20.69,51.0,4.0,0
flow_00.56,37.5,4.0,0
flow_20.70,50.0,3.0,0
flow_00.57,27.5,3.0,0
flow_00.58,26.0,2.5,0
flow_20.71,48.0,3.0,0
flow_00.59,24.5,2.5,0
flow_20.72,47.0,3.0,0
flow_00.60,23.5,2.0,0
flow_20.73,46.5,3.0,0
flow_20.74,28.5,2.5,0
flow_10.111,71.5,4.0,0
flow_10.112,70.5,3.0,0
flow_30.58,21.0,1.5,0
flow_10.113,67.5,3.0,0
flow_30.59,21.5,2.0,0
flow_10.114,67.0,3.0,0
flow_10.115,65.0,2.5,0
flow_30.60,21.0,2.0,0
flow_10.116,58.0,2.5,0
flow_10.117,56.0,2.5,0
flow_00.61,40.5,4.0,0
flow_20.75,35.0,4.0,0
flow_00.62,39.5,3.0,0
flow_20.76,34.5,3.0,0
flow_20.77,30.0,3.0,0
flow_00.63,32.0,3.0,0
flow_20.78,28.5,3.0,0
flow_00.64,31.0,3.0,0
flow_00.65,28.5,3.0,0
flow_00.66,27.5,3.0,0
flow_00.67,23.0,2.0,0
flow_10.118,82.0,4.0,0
flow_30.61,51.0,4.0,0
flow_10.119,81.5,3.0,0
flow_30.62,51.5,3.0,0
flow_10.120,76.5,3.0,0
flow_30.63,51.0,3.0,0
flow_10.121,71.0,3.0,0
flow_30.64,50.0,3.0,0
flow_30.65,47.5,3.0,0
flow_10.122,67.0,3.0,0
flow_30.66,40.5,3.0,0
flow_10.123,59.0,3.0,0
flow_10.124,56.0,2.5,0
flow_30.67,36.0,2.5,0
flow_00.68,49.5,4.0,0
flow_20.79,35.0,4.0,0
flow_20.80,34.0,3.0,0
flow_00.69,49.5,3.0,0
flow_00.70,42.0,3.0,0
flow_20.81,28.5,3.0,0
flow_00.71,32.5,2.5,0
flow_20.82,27.0,2.5,0
flow_20.83,25.5,3.0,0
flow_00.72,27.5,2.5,0
flow_20.84,22.5,2.5,0
flow_20.85,21.5,2.0,0
flow_30.68,51.5,4.0,0
flow_10.125,83.5,4.0,0
flow_30.69,44.5,3.0,0
flow_10.126,82.0,3.0,0
flow_30.70,32.5,3.0,0
flow_10.127,77.5,3.0,0
flow_10.128,76.0,3.0,0
flow_10.129,59.0,3.0,0
flow_10.130,57.5,2.5,0
flow_10.131,48.0,2.5,0
flow_00.73,50.5,4.0,0
flow_20.86,40.5,4.0,0
flow_00.74,39.5,3.0,0
flow_20.87,37.0,3.5,0
flow_20.88,23.5,2.0,0
flow_10.132,74.5,4.0,0
flow_30.71,49.5,4.0,0
flow_30.72,49.0,3.0,0
flow_10.133,49.0,3.0,0
flow_30.73,48.0,3.0,0
flow_10.134,48.5,3.0,0
flow_30.74,47.0,3.0,0
flow_10.135,47.5,3.0,0
flow_10.136,33.5,3.0,0
flow_30.75,47.5,3.0,0
flow_30.76,25.5,2.5,0
flow_30.77,24.0,2.0,0
flow_00.75,28.5,3.5,0
flow_20.89,47.5,4.0,0
flow_20.90,46.0,3.0,0
flow_00.76,27.0,3.0,0
flow_00.77,25.5,3.0,0
flow_20.91,45.0,3.0,0
flow_20.92,44.0,3.0,0
flow_30.78,21.5,2.0,0
flow_10.137,43.0,4.0,0
flow_30.79,21.0,2.0,0
flow_10.138,43.0,3.0,0
flow_10.139,41.5,3.0,0
flow_10.140,40.5,3.0,0
flow_10.141,27.5,2.5,0
flow_10.142,26.0,2.5,0
flow_30.80,21.0,1.5,0
flow_10.143,22.0,2.0,0
flow_00.78,20.5,1.5,0
flow_20.93,48.5,4.0,0
flow_20.94,48.0,3.0,0
flow_00.79,21.5,2.0,0
flow_20.95,40.0,3.0,0
flow_00.80,21.5,2.0,0
flow_20.96,34.5,3.0,0
flow_20.97,30.5,2.5,0
flow_20.98,25.5,2.5,0
flow_20.99,23.5,2.5,0
flow_10.144,46.0,4.0,0
flow_30.81,50.0,4.0,0
flow_10.145,31.0,3.5,0
flow_30.82,34.5,3.0,0
flow_30.83,32.5,3.0,0
flow_30.84,20.5,1.5,0
flow_20.100,44.0,4.0,0
flow_00.81,51.0,4.0,0
flow_20.101,39.5,3.0,0
flow_00.82,44.5,3.5,0
flow_00.83,43.5,3.0,0
flow_00.84,41.5,3.0,0
flow_20.102,21.0,1.5,0
flow_00.85,38.5,3.0,0
flow_00.86,29.0,3.0,0
flow_20.103,21.5,2.0,0
flow_00.87,27.5,2.5,0
flow_30.85,50.5,4.0,0
flow_10.146,51.5,4.0,0
flow_10.147,50.5,3.0,0
flow_30.86,20.5,2.0,0
flow_10.148,50.0,3.0,0
flow_10.149,49.0,3.0,0
flow_10.150,47.0,3.0,0
flow_20.0,22.0,2.0,0
flow_20.1,22.5,2.5,0
flow_30.0,22.5,2.0,0
flow_30.1,22.0,2.0,0
flow_00.0,39.5,4.0,0
flow_20.2,46.0,4.0,0
flow_20.3,46.5,3.5,0
flow_20.4,42.5,3.0,0
flow_20.5,41.0,3.0,0
flow_20.6,39.5,3.0,0
flow_00.1,23.5,2.5,0
flow_20.7,37.0,3.0,0
flow_00.2,22.0,2.0,0
flow_20.8,33.0,2.5,0
flow_30.2,42.5,4.0,0
flow_30.3,43.0,3.0,0
flow_10.0,21.5,2.0,0
flow_30.4,42.0,3.0,0
flow_30.5,29.0,2.5,0
flow_00.3,37.0,4.0,0
flow_20.9,54.5,4.0,0
flow_00.4,37.0,3.0,0
flow_20.10,54.0,3.0,0
flow_00.5,23.0,2.0,0
flow_20.11,54.5,3.0,0
flow_20.12,46.5,3.0,0
flow_00.6,21.0,1.5,0
flow_20.13,44.5,3.0,0
flow_20.14,42.5,3.0,0
flow_00.7,21.5,2.0,0
flow_20.15,40.5,2.5,0
flow_30.6,23.0,2.5,0
flow_10.1,30.0,3.5,0
flow_10.2,22.0,2.0,0
flow_30.7,21.0,1.5,0
flow_10.3,22.5,2.0,0
flow_20.16,66.5,4.0,0
flow_00.8,43.0,4.0,0
flow_20.17,67.0,3.0,0
flow_00.9,21.5,2.0,0
flow_20.18,65.5,3.0,0
flow_20.19,64.0,3.0,0
flow_20.20,62.5,3.0,0
flow_20.21,58.5,2.5,0
flow_20.22,56.0,2.5,0
flow_10.4,38.0,4.0,0
flow_30.8,40.0,4.0,0
flow_30.9,39.0,3.0,0
flow_10.5,35.5,3.0,0
flow_30.10,37.5,3.0,0
flow_30.11,36.0,3.0,0
flow_20.23,80.5,4.0,0
flow_00.10,39.5,4.0,0
flow_00.11,38.0,3.0,0
flow_20.24,78.0,3.0,0
flow_00.12,34.0,3.0,0
flow_20.25,73.0,3.0,0
flow_20.26,53.5,3.0,0
flow_20.27,34.0,2.5,0
flow_20.28,26.0,2.5,0
flow_30.12,21.0,2.0,0
flow_10.6,47.0,4.0,0
flow_10.7,21.0,1.5,0
flow_20.29,51.0,4.0,0
flow_00.13,50.5,4.0,0
flow_00.14,26.5,2.5,0
flow_20.30,47.0,3.0,0
flow_20.31,46.0,3.0,0
flow_20.32,44.5,2.5,0
flow_20.33,43.5,2.5,0
flow_20.34,42.5,2.5,0
flow_20.35,40.5,2.5,0
flow_30.13,37.5,4.0,0
flow_10.8,50.0,4.0,0
flow_30.14,36.0,3.0,0
flow_10.9,50.0,3.0,0
flow_30.15,25.0,2.5,0
flow_10.10,49.0,3.0,0
flow_10.11,20.5,1.5,0
flow_20.36,67.0,4.0,0
flow_20.37,67.0,3.0,0
flow_20.38,65.5,3.0,0
flow_20.39,65.0,3.0,0
flow_20.40,62.5,3.0,0
flow_20.41,58.5,2.5,0
flow_20.42,53.5,2.5,0
flow_10.12,51.0,4.0,0
flow_30.16,40.5,4.0,0
flow_10.13,50.5,3.0,0
flow_30.17,39.5,3.0,0
flow_10.14,41.5,3.0,0
flow_10.15,29.0,2.5,0
flow_30.18,22.0,2.0,0
flow_20.43,80.0,4.0,0
flow_00.15,49.5,4.0,0
flow_00.16,31.0,3.5,0
flow_20.44,80.0,3.0,0
flow_20.45,75.0,3.0,0
flow_00.17,26.5,2.5,0
flow_20.46,72.5,3.0,0
flow_20.47,71.5,3.0,0
flow_20.48,59.0,3.0,0
flow_20.49,56.0,2.5,0
flow_10.16,45.5,4.0,0
flow_10.17,38.0,3.5,0
flow_10.18,31.5,3.0,0
flow_30.19,21.5,2.0,0
flow_10.19,22.0,2.0,0
flow_20.50,64.5,4.0,0
flow_00.18,26.0,3.0,0
flow_20.51,58.5,3.0,0
flow_00.19,24.5,2.5,0
flow_20.52,55.5,3.0,0
flow_00.20,21.5,2.0,0
flow_20.53,23.5,2.0,0
flow_20.54,21.5,2.0,0
flow_30.20,48.0,4.0,0
flow_30.21,22.5,2.0,0
flow_30.22,20.5,1.5,0
flow_10.20,22.0,2.0,0
flow_10.21,22.0,2.0,0
flow_20.55,48.5,4.0,0
flow_00.21,45.0,4.0,0
flow_20.56,48.0,3.0,0
flow_00.22,40.0,3.0,0
flow_20.57,44.0,3.0,0
flow_00.23,25.5,2.5,0
flow_20.58,45.0,3.0,0
flow_20.59,41.0,3.0,0
flow_20.60,39.5,3.0,0
flow_20.61,37.5,3.0,0
flow_10.22,41.5,4.0,0
flow_30.23,35.5,4.0,0
flow_10.23,22.5,2.0,0
flow_10.24,21.5,2.0,0
flow_20.62,62.5,4.0,0
flow_00.24,33.5,4.0,0
flow_00.25,30.0,3.0,0
flow_20.63,55.5,3.0,0
flow_20.64,54.5,3.0,0
flow_20.65,53.0,3.0,0
flow_20.66,51.5,3.0,0
flow_20.67,50.5,3.0,0
flow_20.68,48.5,2.5,0
flow_10.25,51.5,4.0,0
flow_30.24,38.5,4.0,0
flow_10.26,46.5,3.0,0
flow_10.27,24.5,2.5,0
flow_30.25,22.0,2.0,0
flow_10.28,24.5,2.5,0
flow_10.29,22.5,2.0,0
flow_10.30,22.0,1.5,0
flow_20.69,74.5,4.0,0
flow_00.26,40.5,4.0,0
flow_20.70,74.0,3.0,0
flow_00.27,40.0,3.0,0
flow_00.28,33.5,3.0,0
flow_20.71,74.5,3.0,0
flow_20.72,73.0,3.0,0
flow_20.73,71.0,3.0,0
flow_20.74,59.5,3.0,0
flow_20.75,57.0,3.0,0
flow_10.31,21.5,1.5,0
flow_10.32,20.5,1.5,0
flow_20.76,82.5,4.0,0
flow_00.29,31.0,3.5,0
flow_20.77,81.5,3.0,0
flow_00.30,23.0,2.0,0
flow_20.78,81.0,3.0,0
flow_20.79,79.5,3.0,0
flow_20.80,77.0,3.0,0
flow_20.81,58.5,2.5,0
flow_00.31,20.5,1.5,0
flow_20.82,55.0,2.5,0
flow_10.33,21.5,2.0,0
flow_30.26,47.0,4.0,0
flow_30.27,32.0,3.5,0
flow_30.28,21.5,2.0,0
flow_20.83,82.5,4.0,0
flow_00.32,47.5,4.0,0
flow_20.84,81.5,3.0,0
flow_00.33,48.0,3.5,0
flow_20.85,81.0,3.0,0
flow_00.34,40.0,3.0,0
flow_00.35,35.5,3.0,0
flow_20.86,66.5,3.0,0
flow_20.87,58.0,3.0,0
flow_00.36,33.0,3.0,0
flow_20.88,56.5,2.5,0
flow_20.89,53.5,2.5,0
flow_30.29,21.5,2.0,0
flow_10.34,50.5,4.0,0
flow_10.35,25.5,3.0,0
flow_10.36,23.0,2.0,0
flow_20.90,80.5,4.0,0
flow_00.37,46.0,4.0,0
flow_20.91,80.0,3.0,0
flow_00.38,31.0,3.5,0
flow_20.92,79.0,3.0,0
flow_20.93,77.5,3.0,0
flow_20.94,76.0,3.0,0
flow_00.39,21.0,1.5,0
flow_20.95,59.0,2.5,0
flow_20.96,55.5,2.5,0
flow_20.97,82.5,4.0,0
flow_20.98,81.0,3.0,0
flow_20.99,81.0,3.0,0
flow_20.100,74.0,3.0,0
flow_20.101,65.0,3.0,0
flow_20.102,58.0,2.5,0
flow_20.103,55.5,2.5,0
flow_30.30,43.5,4.0,0
flow_30.31,32.5,3.0,0
flow_20.104,82.5,4.0,0
flow_00.40,43.5,4.0,0
flow_20.105,82.5,3.0,0
flow_20.106,72.5,3.0,0
flow_20.107,72.5,3.0,0
flow_20.108,70.0,3.0,0
flow_20.109,59.5,3.0,0
flow_20.110,56.5,2.5,0
flow_30.32,22.0,2.0,0
flow_20.111,82.0,4.0,0
flow_20.112,82.0,3.0,0
flow_20.113,81.0,3.0,0
flow_20.114,80.0,3.0,0
flow_20.115,78.5,3.0,0
flow_20.116,59.5,3.0,0
flow_20.117,56.5,2.5,0
flow_30.33,48.5,4.0,0
flow_10.37,21.0,1.5,0
flow_30.34,21.5,2.0,0
flow_10.38,23.0,2.5,0
flow_00.41,27.5,3.5,0
flow_20.118,83.0,4.0,0
flow_20.119,82.0,3.0,0
flow_20.120,81.0,3.0,0
flow_00.42,20.0,1.5,0
flow_20.121,79.5,3.0,0
flow_20.122,78.0,3.0,0
flow_00.43,22.0,2.0,0
flow_20.123,60.0,3.0,0
flow_20.124,56.5,3.0,0
flow_10.39,47.0,4.0,0
flow_10.40,47.0,3.0,0
flow_10.41,20.0,1.5,0
flow_20.125,82.5,4.0,0
flow_00.44,31.0,3.5,0
flow_20.126,71.0,3.0,0
flow_20.127,70.0,3.0,0
flow_20.128,62.5,3.0,0
flow_20.129,61.0,3.0,0
flow_20.130,58.0,2.5,0
flow_20.131,53.0,2.5,0
flow_30.35,49.0,4.0,0
flow_30.36,37.0,3.0,0
flow_20.132,79.5,4.0,0
flow_20.133,79.0,3.0,0
flow_00.45,21.0,1.5,0
flow_20.134,75.5,3.0,0
flow_20.135,74.0,2.5,0
flow_20.136,73.5,3.0,0
flow_20.137,59.0,2.5,0
flow_00.46,20.5,1.5,0
flow_20.138,56.0,2.5,0
flow_10.42,41.5,4.0,0
flow_30.37,38.0,4.0,0
flow_30.38,37.0,3.0,0
flow_10.43,41.5,3.0,0
flow_20.139,83.0,4.0,0
flow_20.140,82.0,3.0,0
flow_20.141,81.0,3.0,0
flow_20.142,80.0,3.0,0
flow_20.143,77.5,3.0,0
flow_20.144,58.5,2.5,0
flow_00.47,21.5,2.0,0
flow_20.145,55.5,2.5,0
flow_10.44,38.0,4.0,0
flow_30.39,44.0,4.0,0
flow_30.40,43.0,3.0,0
flow_10.45,29.5,3.0,0
flow_30.41,38.5,3.0,0
flow_30.42,38.0,3.0,0
flow_30.43,24.5,2.5,0
flow_20.146,82.5,4.0,0
flow_00.48,49.5,4.0,0
flow_00.49,48.0,3.0,0
flow_20.147,82.5,3.5,0
flow_20.148,81.0,3.0,0
flow_20.149,79.5,3.0,0
flow_00.50,21.5,2.0,0
flow_20.150,77.5,3.0,0
flow_20.151,60.0,3.0,0
flow_20.152,56.5,2.5,0
flow_30.44,27.0,3.5,0
flow_10.46,21.5,2.0,0
flow_20.153,82.0,4.0,0
flow_00.51,48.5,4.0,0
flow_20.154,81.0,3.0,0
flow_00.52,48.0,3.0,0
flow_20.155,80.5,3.0,0
flow_00.53,47.0,3.0,0
flow_20.156,80.0,3.0,0
flow_00.54,24.0,2.0,0
flow_20.157,78.5,3.0,0
flow_20.158,59.5,3.0,0
flow_00.55,21.0,1.5,0
flow_20.159,56.0,2.5,0
flow_30.45,52.5,4.0,0
flow_30.46,35.0,3.0,0
flow_00.56,33.0,4.0,0
flow_20.160,83.5,4.0,0
flow_00.57,32.0,3.0,0
flow_20.161,82.0,3.0,0
flow_20.162,80.5,3.0,0
flow_00.58,22.0,2.0,0
flow_20.163,79.5,3.0,0
flow_20.164,77.0,3.0,0
flow_20.165,58.5,2.5,0
flow_20.166,56.0,2.5,0
flow_30.47,51.5,4.0,0
flow_30.48,49.0,3.0,0
flow_30.49,33.0,3.0,0
flow_30.0,20.0,1.5,0
flow_30.1,21.0,1.5,0
flow_20.0,49.0,4.0,0
flow_00.0,42.5,4.0,0
flow_20.1,45.0,3.0,0
flow_20.2,45.5,3.0,0
flow_20.3,43.5,3.0,0
flow_20.4,42.5,3.0,0
flow_20.5,40.5,2.5,0
flow_20.6,38.5,2.5,0
flow_10.0,51.0,4.0,0
flow_30.2,22.5,2.0,0
flow_30.3,22.5,2.0,0
flow_20.7,65.5,4.0,0
flow_20.8,65.0,3.0,0
flow_20.9,63.5,3.0,0
flow_20.10,62.5,3.0,0
flow_00.1,20.0,1.5,0
flow_20.11,61.0,3.0,0
flow_20.12,58.5,3.0,0
flow_20.13,56.5,2.5,0
flow_30.4,45.5,4.0,0
flow_10.1,42.0,4.0,0
flow_30.5,43.0,3.0,0
flow_30.6,26.5,2.5,0
flow_30.7,24.0,2.5,0
flow_20.14,81.5,4.0,0
flow_00.2,43.0,4.0,0
flow_20.15,81.0,3.0,0
flow_20.16,81.0,3.0,0
flow_20.17,64.5,3.0,0
flow_20.18,63.0,3.0,0
flow_20.19,58.0,2.5,0
flow_20.20,55.5,2.5,0
flow_10.2,38.5,4.0,0
flow_10.3,20.5,1.5,0
flow_20.21,78.5,4.0,0
flow_20.22,78.5,3.0,0
flow_20.23,72.0,3.0,0
flow_20.24,70.5,3.0,0
flow_20.25,68.0,3.0,0
flow_00.3,21.0,1.5,0
flow_20.26,58.5,2.5,0
flow_20.27,56.0,2.5,0
flow_10.4,46.5,4.0,0
flow_30.8,46.5,4.0,0
flow_30.9,44.0,3.0,0
flow_30.10,24.0,2.0,0
flow_20.28,82.5,4.0,0
flow_20.29,73.0,3.0,0
flow_20.30,61.5,3.0,0
flow_20.31,59.5,2.5,0
flow_20.32,39.5,3.0,0
flow_20.33,38.0,2.5,0
flow_20.34,36.0,2.5,0
flow_10.5,30.0,3.5,0
flow_30.11,20.5,1.5,0
flow_30.12,21.0,1.5,0
flow_20.35,63.0,4.0,0
flow_00.4,34.0,4.0,0
flow_20.36,62.5,3.0,0
flow_20.37,61.0,3.0,0
flow_20.38,59.0,2.5,0
flow_20.39,57.5,2.5,0
flow_20.40,57.0,2.5,0
flow_20.41,50.5,2.5,0
flow_30.13,31.0,4.0,0
flow_10.6,22.5,2.0,0
flow_10.7,21.0,1.5,0
flow_00.5,23.5,2.5,0
flow_20.42,77.5,4.0,0
flow_20.43,72.5,3.0,0
flow_20.44,72.5,3.0,0
flow_20.45,71.0,3.0,0
flow_20.46,67.5,3.0,0
flow_20.47,58.0,2.5,0
flow_20.48,46.0,2.5,0
flow_10.8,45.5,4.0,0
flow_30.14,44.0,4.0,0
flow_10.9,23.5,2.0,0
flow_30.15,30.0,3.0,0
flow_10.10,21.0,1.5,0
flow_30.16,21.5,2.0,0
flow_20.49,74.0,4.0,0
flow_20.50,73.0,3.0,0
flow_00.6,21.5,1.5,0
flow_20.51,72.0,3.0,0
flow_20.52,70.5,3.0,0
flow_20.53,68.0,3.0,0
flow_20.54,58.0,2.5,0
flow_20.55,55.5,2.5,0
flow_30.17,43.0,4.0,0
flow_30.18,40.5,3.5,0
flow_30.19,21.5,2.0,0
flow_20.56,83.5,4.0,0
flow_00.7,41.0,4.0,0
flow_20.57,82.0,3.0,0
flow_20.58,81.0,3.0,0
flow_20.59,79.5,3.0,0
flow_20.60,77.0,2.5,0
flow_20.61,58.5,2.5,0
flow_20.62,55.5,2.5,0
flow_10.11,22.0,2.0,0
flow_30.20,51.0,4.0,0
flow_10.12,23.0,2.0,0
flow_30.21,45.5,3.0,0
flow_20.63,82.5,4.0,0
flow_20.64,81.0,3.0,0
flow_20.65,80.5,3.0,0
flow_00.8,21.0,1.5,0
flow_20.66,79.5,3.0,0
flow_20.67,77.5,3.0,0
flow_20.68,58.5,2.5,0
flow_20.69,56.0,2.5,0
flow_10.13,47.5,4.0,0
flow_20.70,82.0,4.0,0
flow_00.9,51.5,4.0,0
flow_20.71,82.0,3.0,0
flow_20.72,80.5,3.0,0
flow_20.73,79.5,3.0,0
flow_20.74,78.5,3.0,0
flow_20.75,59.5,3.0,0
flow_20.76,56.0,2.5,0
flow_30.22,39.0,4.0,0
flow_20.77,82.5,4.0,0
flow_00.10,49.0,4.0,0
flow_00.11,23.5,2.0,0
flow_20.78,82.0,3.0,0
flow_20.79,80.5,3.0,0
flow_20.80,79.5,3.0,0
flow_00.12,27.0,2.5,0
flow_20.81,78.0,3.0,0
flow_20.82,59.0,3.0,0
flow_20.83,56.0,2.5,0
flow_10.14,51.0,4.0,0
flow_30.23,22.5,2.0,0
flow_10.15,31.0,3.5,0
flow_20.84,83.5,4.0,0
flow_20.85,81.5,3.0,0
flow_20.86,80.0,3.0,0
flow_20.87,78.5,2.5,0
flow_20.88,76.5,2.5,0
flow_20.89,58.0,2.5,0
flow_20.90,55.0,2.5,0
flow_10.16,50.5,4.0,0
flow_30.24,22.0,2.0,0
flow_30.25,20.5,1.5,0
flow_10.17,21.0,1.5,0
flow_20.91,82.5,4.0,0
flow_00.13,48.0,4.0,0
flow_00.14,23.0,2.0,0
flow_20.92,82.0,3.0,0
flow_00.15,21.5,1.5,0
flow_20.93,81.0,3.0,0
flow_20.94,79.5,3.0,0
flow_20.95,77.0,3.0,0
flow_20.96,59.5,2.5,0
flow_20.97,56.5,2.5,0
flow_10.18,25.0,3.0,0
flow_30.26,43.5,4.0,0
flow_30.27,34.5,3.0,0
flow_30.28,33.5,3.0,0
flow_30.29,22.5,2.0,0
flow_10.19,22.5,2.0,0
flow_00.16,51.0,4.0,0
flow_20.98,82.5,4.0,0
flow_20.99,82.0,3.0,0
flow_20.100,80.5,3.0,0
flow_20.101,79.0,2.5,0
flow_20.102,77.0,2.5,0
flow_20.103,59.0,2.5,0
flow_20.104,57.0,3.0,0
flow_30.30,21.0,1.5,0
flow_10.20,21.5,2.0,0
flow_20.105,83.0,4.0,0
flow_00.17,21.0,1.5,0
flow_20.106,81.5,3.0,0
flow_20.107,80.5,3.0,0
flow_20.108,79.5,3.0,0
flow_20.109,77.0,3.0,0
flow_20.110,59.0,2.5,0
flow_20.111,56.0,2.5,0
flow_30.31,31.0,3.5,0
flow_20.112,83.0,4.0,0
flow_20.113,82.0,3.0,0
flow_20.114,81.5,3.0,0
flow_20.115,80.5,3.0,0
flow_20.116,78.0,3.0,0
flow_20.117,59.5,3.0,0
flow_20.118,56.5,2.5,0
flow_30.32,51.0,4.0,0
flow_10.21,44.0,4.0,0
flow_30.33,49.5,3.0,0
flow_30.34,43.0,3.0,0
flow_20.119,82.5,4.0,0
flow_20.120,81.5,3.0,0
flow_20.121,81.0,3.0,0
flow_20.122,79.5,3.0,0
flow_20.123,77.5,3.0,0
flow_20.124,59.0,2.5,0
flow_20.125,56.0,2.5,0
flow_10.22,22.5,2.5,0
flow_30.35,45.5,4.0,0
flow_30.36,21.5,2.0,0
flow_10.23,22.0,2.0,0
flow_20.126,84.0,4.0,0
flow_20.127,82.5,3.5,0
flow_20.128,81.0,3.0,0
flow_20.129,79.5,3.0,0
flow_20.130,77.0,3.0,0
flow_20.131,58.5,2.5,0
flow_20.132,56.0,2.5,0
flow_10.24,25.5,3.0,0
flow_10.25,21.5,2.0,0
flow_30.37,20.5,1.5,0
flow_10.26,20.5,1.5,0
flow_30.38,20.0,1.5,0
flow_00.18,27.5,3.5,0
flow_20.133,82.5,4.0,0
flow_20.134,81.0,3.0,0
flow_00.19,22.0,1.5,0
flow_20.135,81.0,3.0,0
flow_20.136,80.0,3.0,0
flow_20.137,77.5,3.0,0
flow_20.138,59.0,2.5,0
flow_20.139,56.0,2.5,0
flow_30.39,30.5,3.5,0
flow_30.40,25.5,2.5,0
flow_10.27,20.0,1.5,0
flow_10.28,22.5,2.0,0
flow_00.20,21.5,2.0,0
flow_20.140,83.5,4.0,0
flow_00.21,22.0,2.0,0
flow_20.141,82.0,3.0,0
flow_20.142,80.5,3.0,0
flow_20.143,79.0,2.5,0
flow_20.144,77.0,3.0,0
flow_20.145,58.5,2.5,0
flow_20.146,55.5,2.5,0
flow_30.41,20.5,1.5,0
flow_30.42,21.5,2.0,0
flow_30.43,21.5,1.5,0
flow_20.147,83.0,4.0,0
flow_00.22,44.0,4.0,0
flow_20.148,82.0,3.0,0
flow_00.23,39.5,3.5,0
flow_20.149,81.0,3.0,0
flow_00.24,25.5,2.5,0
flow_20.150,79.5,3.0,0
flow_20.151,77.5,3.0,0
flow_20.152,59.0,3.0,0
flow_20.153,56.5,2.5,0
flow_30.44,36.5,4.0,0
flow_30.45,27.0,3.0,0
flow_30.46,25.0,2.5,0
flow_30.47,22.0,2.0,0
flow_00.25,41.5,4.0,0
flow_20.154,84.0,4.0,0
flow_20.155,82.0,3.0,0
flow_20.156,80.5,3.0,0
flow_20.157,79.5,3.0,0
flow_20.158,78.0,3.0,0
flow_20.159,59.0,2.5,0
flow_00.26,20.5,1.5,0
flow_20.160,56.0,2.5,0
flow_10.29,41.0,4.0,0
flow_30.48,38.5,4.0,0
flow_30.49,33.5,3.0,0
flow_10.30,21.0,2.0,0
flow_30.50,22.5,2.0,0
flow_20.161,82.0,4.0,0
flow_00.27,22.5,2.0,0
flow_20.162,81.5,3.0,0
flow_00.28,21.5,2.0,0
flow_20.163,81.0,3.0,0
flow_20.164,79.5,3.0,0
flow_20.165,77.5,3.0,0
flow_20.166,60.5,3.0,0
flow_20.167,57.0,3.0,0
flow_10.31,25.0,3.0,0
flow_30.51,21.0,1.5,0
flow_30.52,21.0,2.0,0
flow_30.53,21.0,1.5,0
flow_10.0,20.5,1.5,0
flow_20.0,42.5,4.0,0
flow_20.1,43.0,3.0,0
flow_20.2,40.5,3.0,0
flow_20.3,39.0,3.0,0
flow_00.0,20.5,1.5,0
flow_20.4,33.5,3.0,0
flow_20.5,25.5,2.5,0
flow_20.6,23.5,2.0,0
flow_10.1,21.5,2.0,0
flow_20.7,50.0,4.0,0
flow_00.1,21.5,2.0,0
flow_20.8,50.5,3.0,0
flow_20.9,49.0,3.0,0
flow_20.10,47.0,2.5,0
flow_00.2,21.5,2.0,0
flow_20.11,46.5,3.0,0
flow_20.12,22.5,2.0,0
flow_20.13,51.5,4.0,0
flow_00.3,53.0,4.0,0
flow_00.4,51.5,3.0,0
flow_20.14,51.5,3.5,0
flow_20.15,50.0,3.0,0
flow_00.5,33.0,3.0,0
flow_20.16,40.5,3.0,0
flow_00.6,24.5,2.5,0
flow_20.17,39.0,3.0,0
flow_20.18,37.5,2.5,0
flow_20.19,34.5,2.5,0
flow_10.2,49.5,4.0,0
flow_30.0,31.5,4.0,0
flow_10.3,50.0,3.0,0
flow_10.4,44.5,3.0,0
flow_10.5,43.0,2.5,0
flow_10.6,20.5,1.5,0
flow_20.20,61.0,4.0,0
flow_20.21,50.5,3.0,0
flow_20.22,49.0,3.0,0
flow_20.23,45.5,3.0,0
flow_20.24,44.0,3.0,0
flow_20.25,43.5,3.0,0
flow_20.26,42.5,3.0,0
flow_30.1,51.0,4.0,0
flow_10.7,42.5,4.0,0
flow_30.2,41.0,3.0,0
flow_30.3,40.0,3.0,0
flow_10.8,21.0,1.5,0
flow_20.27,66.0,4.0,0
flow_00.7,39.0,4.0,0
flow_20.28,66.5,3.0,0
flow_20.29,66.0,3.0,0
flow_20.30,64.5,3.0,0
flow_20.31,62.0,3.0,0
flow_20.32,59.0,3.0,0
flow_00.8,23.5,2.5,0
flow_20.33,56.5,2.5,0
flow_10.9,43.0,4.0,0
flow_10.10,38.5,3.5,0
flow_30.4,21.0,1.5,0
flow_20.34,83.0,4.0,0
flow_20.35,81.5,3.0,0
flow_20.36,81.5,3.0,0
flow_20.37,80.0,3.0,0
flow_20.38,77.5,3.0,0
flow_20.39,59.0,2.5,0
flow_20.40,56.0,2.5,0
flow_30.5,35.0,4.0,0
flow_30.6,34.0,3.0,0
flow_30.7,23.5,2.0,0
flow_10.11,21.0,1.5,0
flow_20.41,82.5,4.0,0
flow_00.9,45.0,4.0,0
flow_20.42,79.0,3.0,0
flow_20.43,78.0,3.0,0
flow_20.44,77.0,3.0,0
flow_20.45,74.5,2.5,0
flow_20.46,58.5,2.5,0
flow_20.47,55.5,2.5,0
flow_30.8,31.5,3.5,0
flow_10.12,21.0,1.5,0
flow_20.48,82.0,4.0,0
flow_00.10,37.5,4.0,0
flow_20.49,79.5,3.0,0
flow_20.50,75.0,3.0,0
flow_20.51,72.0,3.0,0
flow_20.52,70.5,3.0,0
flow_20.53,59.0,2.5,0
flow_20.54,55.5,2.5,0
flow_30.9,42.5,4.0,0
flow_30.10,33.5,3.0,0
flow_30.11,24.0,2.5,0
flow_30.12,22.0,2.0,0
flow_20.55,83.0,4.0,0
flow_00.11,51.5,4.0,0
flow_20.56,81.0,3.0,0
flow_00.12,50.0,3.5,0
flow_20.57,80.0,3.0,0
flow_20.58,78.5,2.5,0
flow_20.59,65.5,2.5,0
flow_20.60,59.0,3.0,0
flow_00.13,22.5,2.0,0
flow_20.61,56.0,2.5,0
flow_10.13,22.0,2.0,0
flow_30.13,52.0,4.0,0
flow_30.14,50.0,3.0,0
flow_30.15,38.5,3.0,0
flow_10.14,20.5,1.5,0
flow_20.62,82.0,4.0,0
flow_00.14,42.5,4.0,0
flow_20.63,79.0,3.0,0
flow_20.64,71.0,3.0,0
flow_20.65,69.5,3.0,0
flow_20.66,68.0,3.0,0
flow_20.67,59.0,3.0,0
flow_20.68,56.5,2.5,0
flow_30.16,22.0,2.0,0
flow_20.69,82.5,4.0,0
flow_00.15,40.5,4.0,0
flow_20.70,81.0,3.0,0
flow_00.16,40.5,3.5,0
flow_20.71,81.0,3.0,0
flow_00.17,37.0,3.0,0
flow_20.72,79.5,3.0,0
flow_00.18,36.0,3.0,0
flow_20.73,63.5,3.0,0
flow_00.19,34.0,2.5,0
flow_20.74,59.0,3.0,0
flow_20.75,56.0,2.5,0
flow_30.17,50.0,4.0,0
flow_30.18,27.0,3.0,0
flow_30.19,21.0,2.0,0
flow_20.76,82.5,4.0,0
flow_20.77,81.5,3.0,0
flow_20.78,81.0,3.0,0
flow_20.79,71.5,3.0,0
flow_20.80,70.5,3.0,0
flow_20.81,59.0,2.5,0
flow_20.82,55.5,2.5,0
flow_10.15,32.5,4.0,0
flow_30.20,25.0,2.5,0
flow_30.21,21.5,2.0,0
flow_20.83,82.5,4.0,0
flow_00.20,44.5,4.0,0
flow_20.84,81.5,3.0,0
flow_00.21,36.0,3.0,0
flow_20.85,80.5,3.0,0
flow_20.86,80.0,3.0,0
flow_20.87,77.5,3.0,0
flow_20.88,59.0,2.5,0
flow_20.89,56.0,2.5,0
flow_10.16,41.5,4.0,0
flow_30.22,47.5,4.0,0
flow_10.17,27.0,2.5,0
flow_30.23,38.0,3.0,0
flow_10.18,25.5,2.5,0
flow_30.24,37.0,3.0,0
flow_10.19,24.0,2.5,0
flow_10.20,23.0,2.0,0
flow_10.21,21.5,2.0,0
flow_20.90,82.5,4.0,0
flow_00.22,47.5,4.0,0
flow_20.91,81.5,3.0,0
flow_00.23,47.0,3.0,0
flow_20.92,80.5,3.0,0
flow_00.24,39.5,3.0,0
flow_00.25,26.0,3.0,0
flow_20.93,79.5,3.0,0
flow_20.94,78.0,3.0,0
flow_20.95,59.0,2.5,0
flow_20.96,56.0,2.5,0
flow_30.25,51.5,4.0,0
flow_10.22,49.5,4.0,0
flow_30.26,21.0,1.5,0
flow_30.27,20.5,2.0,0
flow_00.26,41.5,4.0,0
flow_20.97,83.0,4.0,0
flow_20.98,82.0,3.0,0
flow_20.99,80.5,3.0,0
flow_20.100,79.5,3.0,0
flow_20.101,77.0,3.0,0
flow_20.102,59.0,2.5,0
flow_20.103,56.5,2.5,0
flow_30.28,49.5,4.0,0
flow_10.23,38.0,4.0,0
flow_10.24,37.5,3.0,0
flow_30.29,44.0,3.5,0
flow_30.30,43.0,3.0,0
flow_10.25,21.5,2.0,0
flow_30.31,41.5,3.0,0
flow_30.32,36.0,3.0,0
flow_30.33,34.5,2.5,0
flow_30.34,26.0,2.5,0
flow_10.26,21.5,2.0,0
flow_20.104,83.0,4.0,0
flow_00.27,47.5,4.0,0
flow_20.105,81.5,3.0,0
flow_00.28,44.5,3.0,0
flow_20.106,80.5,3.0,0
flow_00.29,41.0,3.0,0
flow_20.107,66.0,3.0,0
flow_20.108,62.0,3.0,0
flow_20.109,58.5,2.5,0
flow_20.110,56.0,2.5,0
flow_10.27,38.0,4.0,0
flow_30.35,53.0,4.0,0
flow_30.36,52.5,3.0,0
flow_30.37,49.0,3.0,0
flow_10.28,21.0,1.5,0
flow_30.38,41.5,3.0,0
flow_10.29,21.5,2.0,0
flow_00.30,26.0,3.0,0
flow_20.111,83.0,4.0,0
flow_20.112,82.0,3.0,0
flow_20.113,80.5,3.0,0
flow_20.114,79.0,2.5,0
flow_20.115,77.0,2.5,0
flow_20.116,58.5,2.5,0
flow_20.117,55.5,2.5,0
flow_30.39,32.0,3.5,0
flow_30.40,25.5,2.5,0
flow_30.41,21.0,1.5,0
flow_20.118,83.0,4.0,0
flow_20.119,81.5,3.0,0
flow_00.31,22.0,2.0,0
flow_20.120,81.0,3.0,0
flow_20.121,78.0,3.0,0
flow_20.122,70.0,3.0,0
flow_00.32,22.0,2.0,0
flow_20.123,58.5,2.5,0
flow_20.124,55.5,2.5,0
flow_30.42,32.0,4.0,0
flow_10.30,50.0,4.0,0
flow_10.31,42.0,3.0,0
flow_10.32,40.5,3.0,0
flow_00.33,38.5,4.0,0
flow_20.125,83.0,4.0,0
flow_20.126,82.0,3.0,0
flow_20.127,63.0,3.0,0
flow_00.34,21.0,2.0,0
flow_20.128,63.5,3.0,0
flow_20.129,61.0,3.0,0
flow_00.35,21.0,1.5,0
flow_20.130,58.5,3.0,0
flow_20.131,57.0,3.0,0
flow_10.33,38.0,4.0,0
flow_30.43,51.5,4.0,0
flow_30.44,35.0,3.0,0
flow_00.36,38.5,4.0,0
flow_20.132,82.5,4.0,0
flow_20.133,82.5,3.5,0
flow_20.134,81.0,3.0,0
flow_20.135,79.0,3.0,0
flow_00.37,21.0,1.5,0
flow_20.136,76.5,2.5,0
flow_20.137,58.5,2.5,0
flow_20.138,55.5,2.5,0
flow_10.34,21.0,1.5,0
flow_20.139,82.5,4.0,0
flow_20.140,81.5,3.0,0
flow_20.141,78.0,3.0,0
flow_20.142,71.0,3.0,0
flow_20.143,69.5,3.0,0
flow_20.144,59.0,3.0,0
flow_00.38,21.5,2.0,0
flow_20.145,56.0,2.5,0
flow_10.35,23.5,2.5,0
flow_30.45,34.0,4.0,0
flow_30.46,22.0,1.5,0
flow_10.36,20.5,1.5,0
flow_20.146,66.0,4.0,0
flow_00.39,30.5,3.5,0
flow_20.147,65.5,3.0,0
flow_20.148,61.5,3.0,0
flow_20.149,61.0,3.0,0
flow_20.150,59.5,3.0,0
flow_20.151,42.5,2.5,0
flow_30.47,44.5,4.0,0
flow_30.48,36.5,3.0,0
flow_10.37,22.5,2.0,0
flow_30.49,21.5,2.0,0
flow_30.50,23.0,2.0,0
flow_10.38,21.0,1.5,0
flow_00.40,39.5,4.0,0
flow_20.152,46.0,4.0,0
flow_20.153,40.5,3.0,0
flow_00.41,34.5,3.0,0
flow_20.154,37.5,3.0,0
flow_20.155,21.0,2.0,0
flow_20.156,22.0,2.0,0
flow_30.51,21.0,1.5,0
flow_30.52,21.0,2.0,0
flow_20.157,44.5,4.0,0
flow_20.158,45.0,3.5,0
flow_20.159,37.0,3.0,0
flow_20.160,35.5,3.0,0
flow_20.161,33.5,2.5,0
flow_20.162,32.5,2.5,0
flow_20.163,28.0,2.5,0
flow_10.39,38.5,4.0,0
flow_30.53,30.5,3.5,0
flow_10.40,38.0,3.0,0
flow_10.41,33.5,3.0,0
flow_10.0,29.5,3.5,0
flow_10.1,27.5,3.0,0
flow_10.2,26.0,3.0,0
flow_30.0,20.0,1.5,0
flow_10.3,25.0,2.5,0
flow_10.4,23.5,2.0,0
flow_10.5,22.5,2.0,0
flow_00.0,28.0,3.5,0
flow_20.0,43.5,4.0,0
flow_20.1,37.0,3.0,0
flow_10.6,52.0,4.0,0
flow_30.1,22.5,2.0,0
flow_10.7,47.0,3.0,0
flow_10.8,44.0,3.0,0
flow_10.9,43.0,3.0,0
flow_10.10,41.5,3.0,0
flow_10.11,40.0,2.5,0
flow_10.12,39.0,2.5,0
flow_20.2,50.0,4.0,0
flow_00.1,48.0,4.0,0
flow_00.2,47.5,3.0,0
flow_00.3,20.5,2.0,0
flow_20.3,20.5,1.5,0
flow_10.13,60.5,4.0,0
flow_10.14,47.5,3.0,0
flow_10.15,41.5,3.0,0
flow_10.16,41.0,3.0,0
flow_10.17,37.5,3.0,0
flow_10.18,32.0,2.5,0
flow_10.19,30.5,2.5,0
flow_00.4,45.0,4.0,0
flow_00.5,33.5,3.0,0
flow_10.20,43.5,4.0,0
flow_10.21,43.0,3.0,0
flow_30.2,21.5,2.0,0
flow_10.22,41.5,3.0,0
flow_10.23,40.0,2.5,0
flow_10.24,34.5,2.5,0
flow_10.25,29.0,2.5,0
flow_10.26,28.5,2.5,0
flow_00.6,51.5,4.0,0
flow_20.4,43.0,4.0,0
flow_20.5,36.5,3.0,0
flow_10.27,55.5,4.0,0
flow_30.3,20.0,1.5,0
flow_10.28,55.0,3.0,0
flow_10.29,54.5,3.0,0
flow_10.30,48.0,3.0,0
flow_10.31,41.5,3.0,0
flow_10.32,33.0,3.0,0
flow_10.33,30.0,3.0,0
flow_20.6,28.0,3.5,0
flow_20.7,26.5,3.0,0
flow_00.7,21.5,2.0,0
flow_10.34,52.0,4.0,0
flow_30.4,37.5,4.0,0
flow_10.35,52.0,3.0,0
flow_10.36,51.0,3.0,0
flow_10.37,46.0,3.0,0
flow_10.38,46.0,3.0,0
flow_10.39,44.0,3.0,0
flow_10.40,40.0,2.5,0
flow_00.8,32.0,4.0,0
flow_20.8,44.0,4.0,0
flow_20.9,34.0,3.0,0
flow_00.9,31.0,3.5,0
flow_00.10,21.5,2.0,0
flow_10.41,62.5,4.0,0
flow_30.5,31.5,4.0,0
flow_30.6,30.5,3.5,0
flow_10.42,59.5,3.0,0
flow_10.43,55.5,3.0,0
flow_10.44,36.5,3.0,0
flow_00.11,37.5,4.0,0
flow_00.12,30.0,3.0,0
flow_30.7,48.5,4.0,0
flow_10.45,36.0,4.0,0
flow_30.8,48.0,3.0,0
flow_10.46,35.5,3.0,0
flow_30.9,21.0,2.0,0
flow_00.13,35.5,4.0,0
flow_20.10,50.0,4.0,0
flow_20.11,26.0,2.5,0
flow_20.12,20.5,1.5,0
flow_00.14,21.0,1.5,0
flow_20.13,21.0,2.0,0
flow_30.10,21.0,1.5,0
flow_10.47,45.5,4.0,0
flow_10.48,41.0,3.0,0
flow_10.49,40.0,3.0,0
flow_10.50,38.5,3.0,0
flow_10.51,37.0,3.0,0
flow_00.15,25.0,3.0,0
flow_20.14,49.0,4.0,0
flow_20.15,23.0,2.0,0
flow_10.52,51.0,4.0,0
flow_30.11,47.5,4.0,0
flow_10.53,51.0,3.0,0
flow_30.12,38.5,3.0,0
flow_10.54,49.5,3.0,0
flow_10.55,49.5,3.0,0
flow_10.56,47.5,3.0,0
flow_10.57,46.0,3.0,0
flow_10.58,44.5,2.5,0
flow_20.16,46.5,4.0,0
flow_00.16,43.0,4.0,0
flow_00.17,24.0,2.0,0
flow_20.17,46.5,3.0,0
flow_10.59,70.5,4.0,0
flow_30.13,27.5,3.5,0
flow_30.14,22.0,2.0,0
flow_10.60,70.5,3.0,0
flow_10.61,68.5,3.0,0
flow_30.15,21.5,2.0,0
flow_10.62,67.5,3.0,0
flow_10.63,66.5,3.0,0
flow_10.64,59.0,3.0,0
flow_10.65,56.5,2.5,0
flow_00.18,20.5,1.5,0
flow_10.66,85.5,4.0,0
flow_10.67,78.0,3.5,0
flow_10.68,76.5,3.0,0
flow_10.69,65.5,3.0,0
flow_10.70,63.0,3.0,0
flow_10.71,58.5,2.5,0
flow_10.72,54.0,2.5,0
flow_20.18,48.5,4.0,0
flow_20.19,41.0,3.5,0
flow_10.73,81.5,4.0,0
flow_30.16,42.0,4.0,0
flow_30.17,26.0,2.5,0
flow_10.74,81.0,3.0,0
flow_10.75,79.5,3.0,0
flow_10.76,77.5,3.0,0
flow_10.77,76.5,3.0,0
flow_10.78,58.5,2.5,0
flow_10.79,52.5,2.5,0
flow_00.19,40.0,4.0,0
flow_10.80,79.5,4.0,0
flow_10.81,78.5,3.0,0
flow_10.82,77.5,3.0,0
flow_10.83,76.5,3.0,0
flow_10.84,74.5,3.0,0
flow_10.85,58.5,2.5,0
flow_10.86,56.0,2.5,0
flow_00.20,35.5,4.0,0
flow_00.21,35.5,3.0,0
flow_00.22,34.5,3.0,0
flow_00.23,33.5,3.0,0
flow_00.24,26.0,3.0,0
flow_30.18,36.0,4.0,0
flow_10.87,83.5,4.0,0
flow_10.88,82.0,3.0,0
flow_30.19,35.0,3.0,0
flow_30.20,24.0,2.0,0
flow_10.89,81.0,3.0,0
flow_10.90,79.5,3.0,0
flow_30.21,22.5,2.0,0
flow_10.91,77.5,3.0,0
flow_10.92,59.5,3.0,0
flow_10.93,56.5,2.5,0
flow_20.20,33.0,4.0,0
flow_00.25,30.5,3.5,0
flow_20.21,33.5,3.0,0
flow_20.22,32.5,3.0,0
flow_00.26,20.0,1.5,0
flow_20.23,21.0,2.0,0
flow_10.94,82.5,4.0,0
flow_10.95,81.5,3.0,0
flow_10.96,80.5,3.0,0
flow_10.97,79.5,2.5,0
flow_10.98,77.0,2.5,0
flow_10.99,58.5,2.5,0
flow_30.22,21.5,2.0,0
flow_10.100,55.5,2.5,0
flow_20.24,20.5,1.5,0
flow_20.25,21.0,2.0,0
flow_30.23,21.0,1.5,0
flow_10.101,82.5,4.0,0
flow_30.24,21.0,2.0,0
flow_10.102,81.5,3.0,0
flow_10.103,80.5,3.0,0
flow_10.104,79.0,2.5,0
flow_10.105,76.5,2.5,0
flow_10.106,58.0,2.5,0
flow_10.107,56.0,2.5,0
flow_00.27,48.0,4.0,0
flow_20.26,20.5,1.5,0
flow_00.28,22.0,2.0,0
flow_10.108,82.5,4.0,0
flow_30.25,37.5,4.0,0
flow_10.109,81.5,3.0,0
flow_30.26,32.5,3.0,0
flow_10.110,80.5,3.0,0
flow_10.111,80.0,3.0,0
flow_10.112,78.0,3.0,0
flow_10.113,59.0,2.5,0
flow_10.114,56.0,2.5,0
flow_00.29,33.5,4.0,0
flow_20.27,44.5,4.0,0
flow_20.28,42.5,3.0,0
flow_20.29,30.0,3.0,0
flow_00.30,21.0,1.5,0
flow_10.115,82.5,4.0,0
flow_30.27,46.0,4.0,0
flow_10.116,81.5,3.0,0
flow_30.28,45.0,3.5,0
flow_10.117,81.0,3.0,0
flow_10.118,79.5,3.0,0
flow_10.119,77.0,2.5,0
flow_30.29,21.5,2.0,0
flow_10.120,59.5,3.0,0
flow_10.121,56.5,2.5,0
flow_20.30,50.0,4.0,0
flow_00.31,40.0,4.0,0
flow_20.31,47.5,3.5,0
flow_00.32,21.0,1.5,0
flow_00.33,21.5,2.0,0
flow_10.122,82.0,4.0,0
flow_10.123,83.0,3.5,0
flow_10.124,81.5,3.0,0
flow_10.125,79.5,3.0,0
flow_10.126,78.0,3.0,0
flow_30.30,21.5,2.0,0
flow_10.127,58.5,2.5,0
flow_10.128,56.5,2.5,0
flow_20.32,33.0,4.0,0
flow_00.34,48.5,4.0,0
flow_00.35,22.0,2.0,0
flow_20.33,22.5,2.0,0
flow_10.129,82.0,4.0,0
flow_30.31,31.5,3.5,0
flow_10.130,82.0,3.0,0
flow_10.131,81.0,3.0,0
flow_10.132,79.5,3.0,0
flow_30.32,20.5,1.5,0
flow_10.133,77.0,3.0,0
flow_10.134,59.0,2.5,0
flow_30.33,20.0,1.5,0
flow_10.135,56.0,2.5,0
flow_00.36,21.0,2.0,0
flow_20.34,51.5,4.0,0
flow_00.37,20.5,1.5,0
flow_30.34,45.0,4.0,0
flow_10.136,82.5,4.0,0
flow_10.137,81.5,3.0,0
flow_10.138,81.0,3.0,0
flow_10.139,80.5,3.0,0
flow_10.140,78.0,3.0,0
flow_10.141,59.0,3.0,0
flow_10.142,56.5,2.5,0
flow_00.38,50.5,4.0,0
flow_20.35,50.5,4.0,0
flow_00.39,50.0,3.0,0
flow_00.40,49.5,3.0,0
flow_00.41,42.0,3.0,0
flow_00.42,30.5,2.5,0
flow_00.43,29.0,2.5,0
flow_00.44,23.5,2.5,0
flow_10.143,83.0,4.0,0
flow_10.144,81.5,3.0,0
flow_10.145,80.5,3.0,0
flow_10.146,80.5,3.0,0
flow_30.35,20.5,1.5,0
flow_10.147,77.5,3.0,0
flow_10.148,59.0,2.5,0
flow_10.149,56.0,2.5,0
flow_20.36,30.5,3.5,0
flow_00.45,34.5,4.0,0
flow_20.37,23.5,2.5,0
flow_00.46,31.5,3.5,0
flow_10.150,82.0,4.0,0
flow_30.36,35.5,4.0,0
flow_30.37,22.0,2.0,0
flow_10.151,82.0,3.0,0
flow_10.152,81.0,3.0,0
flow_10.153,80.0,3.0,0
flow_10.154,77.5,3.0,0
flow_10.155,59.0,2.5,0
flow_10.156,56.0,2.5,0
flow_20.38,33.5,4.0,0
flow_00.47,33.0,4.0,0
flow_20.39,33.0,3.0,0
flow_00.48,21.0,2.0,0
flow_00.49,21.0,1.5,0
flow_10.157,82.5,4.0,0
flow_30.38,51.5,4.0,0
flow_10.158,81.5,3.0,0
flow_10.159,81.0,3.0,0
flow_10.160,79.5,3.0,0
flow_10.161,77.5,3.0,0
flow_00.0,20.5,1.5,0
flow_30.0,34.5,4.0,0
flow_30.1,32.0,3.0,0
flow_30.2,25.5,3.0,0
flow_30.3,21.5,2.0,0
flow_30.4,21.5,2.0,0
flow_00.1,49.0,4.0,0
flow_20.0,41.5,4.0,0
flow_00.2,48.5,3.0,0
flow_20.1,41.5,3.0,0
flow_20.2,29.5,3.0,0
flow_00.3,44.0,3.0,0
flow_20.3,28.5,3.0,0
flow_00.4,36.0,3.0,0
flow_20.4,23.5,2.5,0
flow_00.5,31.5,3.0,0
flow_00.6,29.5,2.5,0
flow_20.5,21.0,2.0,0
flow_00.7,24.0,2.5,0
flow_30.5,46.5,4.0,0
flow_10.0,50.5,4.0,0
flow_30.6,33.5,3.0,0
flow_10.1,22.5,2.0,0
flow_30.7,33.0,3.0,0
flow_30.8,32.0,3.0,0
flow_30.9,30.5,3.0,0
flow_10.2,21.0,1.5,0
flow_30.10,29.0,3.0,0
flow_10.3,21.5,2.0,0
flow_30.11,27.0,2.5,0
flow_00.8,33.5,4.0,0
flow_20.6,43.5,4.0,0
flow_00.9,33.5,3.0,0
flow_20.7,33.0,3.0,0
flow_20.8,29.5,3.0,0
flow_00.10,30.0,3.0,0
flow_20.9,28.0,2.5,0
flow_00.11,25.0,2.5,0
flow_20.10,27.5,2.5,0
flow_00.12,24.0,2.0,0
flow_20.11,26.0,2.5,0
flow_20.12,21.5,2.0,0
flow_10.4,36.5,4.0,0
flow_30.12,54.0,4.0,0
flow_30.13,53.0,3.0,0
flow_10.5,34.5,3.0,0
flow_30.14,52.0,3.0,0
flow_30.15,37.5,2.5,0
flow_30.16,29.0,2.5,0
flow_30.17,27.5,2.5,0
flow_30.18,26.0,2.5,0
flow_00.13,50.5,4.0,0
flow_20.13,44.0,4.0,0
flow_00.14,49.5,3.0,0
flow_20.14,39.5,3.0,0
flow_00.15,45.5,3.0,0
flow_20.15,35.0,3.0,0
flow_20.16,32.5,2.5,0
flow_00.16,33.0,2.5,0
flow_20.17,25.5,2.5,0
flow_00.17,29.0,2.5,0
flow_20.18,22.0,2.0,0
flow_00.18,23.0,2.5,0
flow_20.19,21.0,2.0,0
flow_30.19,52.0,4.0,0
flow_10.6,45.5,4.0,0
flow_30.20,51.0,3.0,0
flow_10.7,36.5,3.0,0
flow_30.21,50.0,3.0,0
flow_10.8,35.5,3.0,0
flow_10.9,29.5,2.5,0
flow_30.22,50.0,3.0,0
flow_10.10,24.5,2.5,0
flow_30.23,48.0,3.0,0
flow_10.11,21.5,2.0,0
flow_00.19,42.5,4.0,0
flow_20.20,48.5,4.0,0
flow_00.20,24.0,2.0,0
flow_20.21,46.0,3.0,0
flow_00.21,23.0,2.5,0
flow_20.22,44.5,3.0,0
flow_20.23,43.5,3.0,0
flow_20.24,42.0,2.5,0
flow_20.25,40.0,2.5,0
flow_20.26,38.5,2.5,0
flow_30.24,50.5,4.0,0
flow_10.12,48.5,4.0,0
flow_10.13,44.5,3.0,0
flow_30.25,48.0,3.0,0
flow_10.14,43.0,3.0,0
flow_30.26,36.5,3.0,0
flow_10.15,28.0,2.5,0
flow_30.27,28.0,3.0,0
flow_30.28,26.5,3.0,0
flow_10.16,27.0,2.5,0
flow_30.29,25.0,2.5,0
flow_30.30,23.0,2.5,0
flow_20.27,65.5,4.0,0
flow_00.22,50.0,4.0,0
flow_20.28,66.0,3.0,0
flow_00.23,47.5,3.0,0
flow_20.29,64.0,3.0,0
flow_00.24,43.0,3.0,0
flow_20.30,62.0,2.5,0
flow_20.31,60.5,3.0,0
flow_00.25,21.5,2.0,0
flow_20.32,58.0,2.5,0
flow_20.33,56.5,2.5,0
flow_30.31,33.5,4.0,0
flow_10.17,42.5,4.0,0
flow_10.18,27.0,3.0,0
flow_30.32,32.5,3.0,0
flow_30.33,28.5,3.0,0
flow_10.19,21.5,2.0,0
flow_30.34,27.0,3.0,0
flow_30.35,21.0,1.5,0
flow_20.34,82.5,4.0,0
flow_00.26,43.5,4.0,0
flow_20.35,81.5,3.0,0
flow_00.27,41.0,3.0,0
flow_00.28,40.0,3.0,0
flow_20.36,71.0,3.0,0
flow_20.37,59.5,3.0,0
flow_00.29,28.5,2.5,0
flow_20.38,58.0,3.0,0
flow_00.30,22.5,2.0,0
flow_20.39,40.5,2.5,0
flow_20.40,31.0,2.5,0
flow_30.36,20.0,1.5,0
flow_10.20,38.0,4.0,0
flow_10.21,21.5,1.5,0
flow_30.37,21.0,1.5,0
flow_20.41,56.5,4.0,0
flow_00.31,30.0,3.5,0
flow_00.32,29.0,3.0,0
flow_20.42,57.5,3.0,0
flow_20.43,55.5,3.0,0
flow_00.33,21.0,2.0,0
flow_20.44,55.0,3.0,0
flow_00.34,21.0,2.0,0
flow_20.45,53.0,3.0,0
flow_20.46,51.5,2.5,0
flow_00.35,21.0,2.0,0
flow_20.47,50.0,2.5,0
flow_10.22,51.0,4.0,0
flow_30.38,49.0,4.0,0
flow_10.23,21.0,1.5,0
flow_30.39,49.0,3.0,0
flow_30.40,42.5,3.0,0
flow_30.41,35.0,3.0,0
flow_30.42,33.0,2.5,0
flow_10.24,22.5,2.0,0
flow_30.43,31.5,2.5,0
flow_20.48,76.0,4.0,0
flow_00.36,29.0,3.5,0
flow_00.37,24.0,2.5,0
flow_20.49,69.5,3.0,0
flow_20.50,58.0,3.0,0
flow_20.51,57.0,2.5,0
flow_00.38,21.0,1.5,0
flow_20.52,55.0,2.5,0
flow_20.53,48.5,2.5,0
flow_20.54,47.0,2.5,0
flow_10.25,40.5,4.0,0
flow_30.44,37.0,4.0,0
flow_30.45,34.0,3.0,0
flow_20.55,74.0,4.0,0
flow_00.39,31.5,4.0,0
flow_00.40,23.0,2.0,0
flow_20.56,73.5,3.0,0
flow_20.57,62.0,3.0,0
flow_20.58,61.5,3.0,0
flow_20.59,60.0,3.0,0
flow_20.60,58.5,3.0,0
flow_20.61,38.5,2.5,0
flow_30.46,41.0,4.0,0
flow_10.26,43.5,4.0,0
flow_30.47,40.5,3.0,0
flow_10.27,44.0,3.5,0
flow_30.48,39.0,3.0,0
flow_10.28,25.0,2.5,0
flow_30.49,38.0,2.5,0
flow_10.29,21.0,2.0,0
flow_30.50,37.0,2.5,0
flow_30.51,35.0,2.5,0
flow_00.41,48.0,4.0,0
flow_20.62,65.0,4.0,0
flow_20.63,57.5,3.0,0
flow_00.42,41.0,3.0,0
flow_20.64,56.5,3.0,0
flow_00.43,38.5,3.0,0
flow_20.65,52.0,2.5,0
flow_00.44,37.5,3.0,0
flow_20.66,47.0,2.5,0
flow_00.45,28.0,2.5,0
flow_20.67,38.0,2.5,0
flow_20.68,37.0,2.5,0
flow_10.30,49.5,4.0,0
flow_30.52,49.5,4.0,0
flow_30.53,40.5,3.0,0
flow_10.31,50.0,3.0,0
flow_10.32,21.0,2.0,0
flow_20.69,52.5,4.0,0
flow_00.46,50.0,4.0,0
flow_00.47,49.0,3.0,0
flow_20.70,47.0,3.0,0
flow_00.48,33.0,3.0,0
flow_20.71,29.0,3.0,0
flow_00.49,31.5,2.5,0
flow_00.50,24.0,2.5,0
flow_00.51,23.0,2.5,0
flow_20.72,21.5,2.0,0
flow_00.52,22.5,2.0,0
flow_30.54,31.5,4.0,0
flow_10.33,42.0,4.0,0
flow_30.55,30.5,3.5,0
flow_10.34,30.0,3.0,0
flow_30.56,30.0,3.0,0
flow_10.35,24.5,2.5,0
flow_30.57,28.5,3.0,0
flow_30.58,23.5,2.5,0
flow_30.59,22.0,2.0,0
flow_10.36,21.5,2.0,0
flow_00.53,48.5,4.0,0
flow_20.73,51.0,4.0,0
flow_00.54,32.0,3.0,0
flow_20.74,24.5,2.0,0
flow_00.55,23.5,2.5,0
flow_20.75,21.0,2.0,0
flow_20.76,21.0,2.0,0
flow_20.77,22.0,1.5,0
flow_10.37,49.0,4.0,0
flow_30.60,32.5,4.0,0
flow_30.61,31.5,3.5,0
flow_10.38,42.5,3.0,0
flow_30.62,30.5,3.0,0
flow_10.39,41.0,3.0,0
flow_30.63,29.5,3.0,0
flow_10.40,37.0,3.0,0
flow_30.64,28.5,3.0,0
flow_10.41,36.0,3.0,0
flow_30.65,26.5,3.0,0
flow_30.66,24.5,3.0,0
flow_00.56,44.5,4.0,0
flow_20.78,51.5,4.0,0
flow_00.57,24.5,2.5,0
flow_20.79,50.5,3.0,0
flow_00.58,23.0,2.5,0
flow_20.80,48.5,3.0,0
flow_20.81,43.0,3.0,0
flow_20.82,41.5,3.0,0
flow_20.83,40.0,2.5,0
flow_00.59,20.5,1.5,0
flow_20.84,38.5,2.5,0
flow_30.67,52.5,4.0,0
flow_10.42,52.0,4.0,0
flow_30.68,51.5,3.0,0
flow_10.43,50.5,3.5,0
flow_30.69,49.5,3.0,0
flow_10.44,49.0,3.0,0
flow_30.70,45.0,2.5,0
flow_10.45,47.5,3.0,0
flow_10.46,41.0,2.5,0
flow_30.71,44.5,3.0,0
flow_10.47,31.0,2.5,0
flow_30.72,43.0,2.5,0
flow_30.73,41.5,2.5,0
flow_10.48,30.0,2.5,0
flow_20.85,65.0,4.0,0
flow_00.60,35.0,4.0,0
flow_20.86,65.0,3.0,0
flow_20.87,64.0,3.0,0
flow_20.88,63.0,3.0,0
flow_00.61,20.5,1.5,0
flow_20.89,49.5,3.0,0
flow_20.90,44.5,2.5,0
flow_20.91,41.0,2.5,0
flow_10.49,41.5,4.0,0
flow_30.74,51.0,4.0,0
flow_30.75,47.0,3.0,0
flow_10.50,38.0,3.0,0
flow_30.76,45.5,3.0,0
flow_10.51,21.5,2.0,0
flow_30.77,44.0,3.0,0
flow_10.52,20.5,2.0,0
flow_30.78,34.0,3.0,0
flow_30.79,32.5,3.0,0
flow_30.80,31.5,3.0,0
flow_20.92,68.0,4.0,0
flow_00.62,47.0,4.0,0
flow_20.93,60.0,3.0,0
flow_00.63,47.0,3.5,0
flow_20.94,55.0,3.0,0
flow_00.64,37.5,3.0,0
flow_20.95,44.0,2.5,0
flow_00.65,26.0,2.5,0
flow_20.96,40.5,3.0,0
flow_00.66,23.0,2.5,0
flow_20.97,36.5,2.5,0
flow_00.67,22.0,2.0,0
flow_20.98,30.0,2.5,0
flow_30.81,49.5,4.0,0
flow_10.53,42.5,4.0,0
flow_30.82,46.0,3.0,0
flow_10.54,42.0,3.0,0
flow_30.83,45.0,3.0,0
flow_30.84,43.5,3.0,0
flow_10.55,20.0,1.5,0
flow_30.85,25.5,2.5,0
flow_10.56,21.0,2.0,0
flow_30.86,20.5,1.5,0
flow_20.99,56.0,4.0,0
flow_00.68,34.5,4.0,0
flow_20.100,55.5,3.0,0
flow_00.69,33.5,3.0,0
flow_20.101,55.0,3.0,0
flow_00.70,23.5,2.5,0
flow_20.102,54.0,3.0,0
flow_20.103,48.5,2.5,0
flow_00.71,22.0,2.0,0
flow_20.104,42.0,2.5,0
flow_20.105,40.5,2.5,0
flow_30.87,45.5,4.0,0
flow_10.57,42.0,4.0,0
flow_10.58,41.0,3.0,0
flow_30.88,31.5,3.5,0
flow_30.89,30.0,3.0,0
flow_10.59,29.5,3.0,0
flow_30.90,26.5,3.0,0
flow_10.60,28.0,3.0,0
flow_30.91,22.0,2.0,0
flow_20.106,67.0,4.0,0
flow_00.72,35.0,4.0,0
flow_00.73,23.5,2.5,0
flow_20.107,59.0,3.0,0
flow_20.108,52.0,3.0,0
flow_20.109,50.5,3.0,0
flow_20.110,51.5,3.0,0
flow_20.111,49.5,3.0,0
flow_20.112,48.0,3.0,0
flow_30.92,45.5,4.0,0
flow_10.61,46.5,4.0,0
flow_30.93,30.0,3.0,0
flow_10.62,44.5,3.0,0
flow_30.94,25.5,2.5,0
flow_10.63,37.0,3.0,0
flow_30.95,22.0,2.0,0
flow_20.113,68.5,4.0,0
flow_00.74,50.0,4.0,0
flow_00.75,48.0,3.0,0
flow_20.114,52.0,3.0,0
flow_00.76,40.0,3.0,0
flow_20.115,46.0,3.0,0
flow_20.116,44.5,3.0,0
flow_00.77,39.0,2.5,0
flow_20.117,43.0,2.5,0
flow_20.118,36.0,2.5,0
flow_20.119,26.5,2.5,0
flow_10.64,36.5,4.0,0
flow_30.96,43.0,4.0,0
flow_10.65,36.0,3.0,0
flow_30.97,28.5,3.0,0
flow_10.66,33.5,3.0,0
flow_30.98,27.0,3.0,0
flow_30.99,25.5,2.5,0
flow_10.67,20.5,2.0,0
flow_30.100,24.5,2.5,0
flow_30.101,23.5,2.5,0
flow_30.102,21.5,2.0,0
flow_00.78,25.0,3.0,0
flow_20.120,54.0,4.0,0
flow_20.121,52.5,3.0,0
flow_20.122,47.5,3.0,0
flow_20.123,29.0,2.5,0
flow_20.124,27.5,2.5,0
flow_20.125,26.0,2.5,0
flow_30.103,48.0,4.0,0
flow_10.68,27.5,3.5,0
flow_30.104,41.0,3.0,0
flow_30.105,30.0,3.0,0
flow_30.106,22.5,2.0,0
flow_30.107,21.5,2.0,0
flow_10.69,20.5,1.5,0
flow_00.79,51.0,4.0,0
flow_20.126,50.5,4.0,0
flow_20.127,49.5,3.0,0
flow_00.80,51.5,3.0,0
flow_20.128,48.5,3.0,0
flow_00.81,46.5,3.0,0
flow_20.129,47.5,3.0,0
flow_00.82,45.0,3.0,0
flow_20.130,46.5,3.0,0
flow_00.83,43.5,3.0,0
flow_20.131,44.0,2.5,0
flow_00.84,34.0,3.0,0
flow_20.132,42.5,2.5,0
flow_00.85,30.5,2.5,0
flow_30.108,51.5,4.0,0
flow_10.70,49.0,4.0,0
flow_30.109,42.5,3.0,0
flow_10.71,48.5,3.0,0
flow_30.110,26.5,2.5,0
flow_10.72,47.5,3.0,0
flow_10.73,42.5,3.0,0
flow_30.111,21.5,2.0,0
flow_10.74,39.5,3.0,0
flow_10.75,35.5,2.5,0
flow_10.76,31.0,2.5,0
flow_20.133,69.0,4.0,0
flow_00.86,53.0,4.0,0
flow_20.134,68.5,3.0,0
flow_00.87,47.0,3.0,0
flow_20.135,67.0,3.0,0
flow_00.88,23.0,2.0,0
flow_20.136,66.0,3.0,0
flow_20.137,65.0,3.0,0
flow_20.138,58.5,2.5,0
flow_20.139,56.0,2.5,0
flow_30.112,51.0,4.0,0
flow_10.77,48.5,4.0,0
flow_10.78,23.5,2.5,0
flow_30.113,47.5,3.0,0
flow_30.114,33.5,3.0,0
flow_30.115,21.5,2.0,0
flow_10.79,20.5,1.5,0
flow_20.140,82.5,4.0,0
flow_00.89,48.0,4.0,0
flow_20.141,81.5,3.0,0
flow_00.90,48.0,3.5,0
flow_00.91,31.5,3.0,0
flow_20.142,75.0,3.0,0
flow_00.92,24.5,2.5,0
flow_20.143,73.5,3.0,0
flow_20.144,71.5,3.0,0
flow_20.145,60.0,3.0,0
flow_20.146,56.5,2.5,0
flow_10.80,41.5,4.0,0
flow_30.116,34.0,4.0,0
flow_30.117,33.0,3.0,0
flow_10.81,42.0,3.5,0
flow_30.118,26.5,3.0,0
flow_10.82,40.5,3.0,0
flow_10.83,37.5,3.0,0
flow_10.84,34.5,2.5,0
flow_10.85,33.5,2.5,0
flow_10.86,31.5,2.5,0
flow_20.147,82.5,4.0,0
flow_00.93,34.5,4.0,0
flow_20.148,81.5,3.0,0
flow_00.94,24.0,2.0,0
flow_20.149,80.5,3.0,0
flow_20.150,79.5,3.0,0
flow_20.151,78.0,3.0,0
flow_20.152,58.5,2.5,0
flow_00.95,21.0,1.5,0
flow_20.153,55.5,2.5,0
flow_30.119,49.0,4.0,0
flow_10.87,58.5,4.0,0
flow_30.120,29.5,3.0,0
flow_10.88,56.5,3.0,0
flow_10.89,55.5,3.0,0
flow_10.90,54.0,3.0,0
flow_10.91,22.5,2.5,0
flow_30.121,21.5,2.0,0
flow_10.92,21.5,2.0,0
flow_00.96,41.5,4.0,0
flow_20.154,83.0,4.0,0
flow_00.97,40.0,3.0,0
flow_20.155,81.5,3.0,0
flow_00.98,30.0,3.0,0
flow_20.156,80.5,3.0,0
flow_00.99,28.5,3.0,0
flow_20.157,70.0,3.0,0
flow_00.100,22.5,2.0,0
flow_20.158,68.0,3.0,0
flow_20.159,59.0,3.0,0
flow_20.160,56.0,2.5,0
flow_30.122,42.5,4.0,0
flow_30.123,42.0,3.0,0
flow_30.124,37.0,3.0,0
flow_30.125,36.0,3.0,0
flow_30.126,31.0,2.5,0
flow_10.0,25.0,3.0,0
flow_30.0,33.0,4.0,0
flow_10.1,23.5,2.5,0
flow_30.1,25.5,2.5,0
flow_30.2,21.5,2.0,0
flow_10.2,21.0,1.5,0
flow_30.3,23.0,2.0,0
flow_00.0,50.5,4.0,0
flow_20.0,20.5,1.5,0
flow_00.1,47.5,3.0,0
flow_00.2,41.0,3.0,0
flow_20.1,21.5,2.0,0
flow_00.3,21.5,2.0,0
flow_20.2,21.5,2.0,0
flow_10.3,51.5,4.0,0
flow_30.4,47.0,4.0,0
flow_10.4,45.5,3.0,0
flow_30.5,42.0,3.0,0
flow_10.5,36.5,3.0,0
flow_30.6,31.5,3.0,0
flow_30.7,30.0,3.0,0
flow_10.6,20.5,2.0,0
flow_30.8,29.5,3.0,0
flow_30.9,25.0,2.5,0
flow_20.3,25.0,3.0,0
flow_00.4,39.5,4.0,0
flow_20.4,24.0,2.5,0
flow_00.5,39.0,3.5,0
flow_20.5,22.5,2.0,0
flow_00.6,38.0,3.0,0
flow_00.7,36.5,3.0,0
flow_20.6,23.5,2.0,0
flow_00.8,35.0,3.0,0
flow_20.7,22.0,2.0,0
flow_00.9,26.5,2.5,0
flow_00.10,23.0,2.5,0
flow_30.10,36.0,4.0,0
flow_10.7,44.0,4.0,0
flow_10.8,43.5,3.0,0
flow_30.11,36.0,3.0,0
flow_10.9,42.5,3.0,0
flow_30.12,35.0,3.0,0
flow_10.10,41.0,3.0,0
flow_30.13,34.0,2.5,0
flow_10.11,24.0,2.0,0
flow_00.11,49.5,4.0,0
flow_20.8,45.5,4.0,0
flow_20.9,43.0,3.0,0
flow_00.12,50.0,3.5,0
flow_20.10,42.5,3.0,0
flow_00.13,49.0,3.0,0
flow_00.14,47.5,3.0,0
flow_30.14,48.5,4.0,0
flow_10.12,35.5,4.0,0
flow_30.15,48.5,3.5,0
flow_30.16,42.0,3.0,0
flow_30.17,39.0,3.0,0
flow_30.18,26.0,2.5,0
flow_30.19,24.0,2.5,0
flow_30.20,22.5,2.0,0
flow_00.15,32.5,4.0,0
flow_20.11,45.0,4.0,0
flow_00.16,32.0,3.0,0
flow_20.12,40.5,3.5,0
flow_20.13,22.5,2.0,0
flow_00.17,22.0,2.0,0
flow_10.13,52.0,4.0,0
flow_30.21,43.5,4.0,0
flow_10.14,42.0,3.0,0
flow_30.22,36.5,3.0,0
flow_10.15,27.0,2.5,0
flow_30.23,31.5,3.0,0
flow_10.16,25.5,2.5,0
flow_30.24,27.5,3.0,0
flow_10.17,21.5,2.0,0
flow_20.14,46.5,4.0,0
flow_00.18,41.0,4.0,0
flow_20.15,37.0,3.0,0
flow_00.19,20.5,1.5,0
flow_20.16,21.5,2.0,0
flow_00.20,22.5,2.0,0
flow_30.25,46.0,4.0,0
flow_10.18,40.5,4.0,0
flow_30.26,44.5,3.0,0
flow_30.27,43.5,3.0,0
flow_30.28,41.0,3.0,0
flow_30.29,39.5,2.5,0
flow_10.19,20.0,1.5,0
flow_20.17,41.0,4.0,0
flow_00.21,45.5,4.0,0
flow_20.18,40.5,3.0,0
flow_00.22,45.0,3.0,0
flow_20.19,39.0,3.0,0
flow_00.23,43.0,3.0,0
flow_00.24,39.5,3.0,0
flow_30.30,47.5,4.0,0
flow_10.20,41.0,4.0,0
flow_30.31,44.5,3.0,0
flow_10.21,22.0,2.0,0
flow_30.32,44.5,3.0,0
flow_10.22,21.0,2.0,0
flow_30.33,43.0,3.0,0
flow_30.34,40.5,3.0,0
flow_10.23,21.0,2.0,0
flow_30.35,34.5,2.5,0
flow_30.36,33.0,2.5,0
flow_00.25,39.0,4.0,0
flow_20.20,45.0,4.0,0
flow_20.21,41.0,3.0,0
flow_00.26,39.5,3.0,0
flow_00.27,38.0,3.0,0
flow_20.22,39.0,3.0,0
flow_20.23,34.0,3.0,0
flow_00.28,38.0,3.0,0
flow_20.24,32.5,2.5,0
flow_00.29,36.5,3.0,0
flow_00.30,34.0,2.5,0
flow_20.25,23.5,2.5,0
flow_30.37,55.5,4.0,0
flow_10.24,38.0,4.0,0
flow_30.38,40.0,3.0,0
flow_10.25,37.0,3.0,0
flow_30.39,28.0,2.5,0
flow_10.26,36.0,3.0,0
flow_30.40,27.0,2.5,0
flow_30.41,22.5,2.0,0
flow_10.27,21.5,2.0,0
flow_20.26,42.0,4.0,0
flow_20.27,21.0,2.0,0
flow_30.42,48.0,4.0,0
flow_10.28,36.5,4.0,0
flow_10.29,36.0,3.0,0
flow_30.43,42.5,3.5,0
flow_10.30,34.0,3.0,0
flow_30.44,38.5,3.0,0
flow_30.45,35.0,2.5,0
flow_10.31,26.5,3.0,0
flow_30.46,33.5,2.5,0
flow_30.47,32.5,2.5,0
flow_30.48,30.5,2.5,0
flow_00.31,45.5,4.0,0
flow_20.28,48.5,4.0,0
flow_20.29,47.5,3.0,0
flow_00.32,39.5,3.0,0
flow_20.30,45.0,3.0,0
flow_00.33,29.0,3.0,0
flow_00.34,27.0,2.5,0
flow_20.31,32.5,2.5,0
flow_00.35,25.5,2.5,0
flow_20.32,30.5,2.5,0
flow_20.33,29.0,2.5,0
flow_10.32,48.0,4.0,0
flow_30.49,58.5,4.0,0
flow_30.50,46.5,3.0,0
flow_10.33,44.0,3.0,0
flow_10.34,42.5,3.0,0
flow_30.51,30.5,3.0,0
flow_30.52,23.0,2.0,0
flow_10.35,33.5,3.0,0
flow_10.36,32.0,2.5,0
flow_30.53,21.5,2.0,0
flow_10.37,30.0,2.5,0
flow_10.38,28.5,2.5,0
flow_00.36,35.5,4.0,0
flow_20.34,44.0,4.0,0
flow_00.37,31.0,3.5,0
flow_20.35,37.5,3.0,0
flow_00.38,20.5,1.5,0
flow_30.54,40.5,4.0,0
flow_10.39,54.5,4.0,0
flow_30.55,40.0,3.0,0
flow_10.40,50.5,3.5,0
flow_30.56,39.0,3.0,0
flow_10.41,49.5,3.0,0
flow_10.42,48.0,3.0,0
flow_30.57,37.0,3.0,0
flow_30.58,35.0,2.5,0
flow_10.43,46.5,3.0,0
flow_10.44,43.5,3.0,0
flow_30.59,24.0,2.5,0
flow_10.45,24.5,2.5,0
flow_00.39,39.0,4.0,0
flow_00.40,32.5,3.5,0
flow_20.36,21.5,2.0,0
flow_00.41,21.5,2.0,0
flow_00.42,22.0,2.0,0
flow_20.37,21.5,1.5,0
flow_30.60,52.5,4.0,0
flow_10.46,45.5,4.0,0
flow_30.61,51.5,3.0,0
flow_10.47,45.0,3.0,0
flow_10.48,27.0,2.5,0
flow_30.62,46.5,3.0,0
flow_30.63,45.0,3.0,0
flow_30.64,43.5,3.0,0
flow_30.65,31.0,2.5,0
flow_30.66,29.5,2.5,0
flow_10.49,22.0,2.0,0
flow_00.43,51.5,4.0,0
flow_20.38,50.0,4.0,0
flow_00.44,39.5,3.0,0
flow_20.39,50.0,3.0,0
flow_20.40,48.5,3.0,0
flow_00.45,30.5,3.0,0
flow_20.41,45.0,2.5,0
flow_10.50,37.0,4.0,0
flow_30.67,56.5,4.0,0
flow_10.51,33.5,3.0,0
flow_30.68,53.0,3.0,0
flow_10.52,30.5,3.0,0
flow_30.69,36.0,3.0,0
flow_10.53,23.0,2.0,0
flow_30.70,34.5,2.5,0
flow_30.71,33.0,2.5,0
flow_30.72,23.0,2.5,0
flow_00.46,50.5,4.0,0
flow_20.42,37.0,4.0,0
flow_20.43,26.5,2.5,0
flow_00.47,50.5,3.0,0
flow_00.48,43.5,3.0,0
flow_20.44,22.0,2.0,0
flow_00.49,40.0,3.0,0
flow_00.50,36.5,3.0,0
flow_00.51,33.0,3.0,0
flow_00.52,29.5,3.0,0
flow_10.54,49.5,4.0,0
flow_30.73,43.0,4.0,0
flow_10.55,49.0,3.0,0
flow_30.74,43.0,3.0,0
flow_10.56,48.0,3.0,0
flow_30.75,37.5,3.0,0
flow_10.57,26.5,3.0,0
flow_30.76,36.0,3.0,0
flow_30.77,34.5,2.5,0
flow_30.78,33.0,2.5,0
flow_30.79,31.5,2.5,0
flow_20.45,46.0,4.0,0
flow_00.53,53.0,4.0,0
flow_20.46,45.5,3.0,0
flow_00.54,53.0,3.0,0
flow_20.47,45.5,3.0,0
flow_00.55,35.0,3.0,0
flow_20.48,41.5,3.0,0
flow_00.56,31.0,2.5,0
flow_20.49,38.5,3.0,0
flow_00.57,29.5,2.5,0
flow_10.58,50.0,4.0,0
flow_30.80,59.5,4.0,0
flow_30.81,58.0,3.0,0
flow_10.59,35.0,3.0,0
flow_30.82,56.5,3.0,0
flow_10.60,33.5,3.0,0
flow_30.83,55.5,3.0,0
flow_10.61,31.0,3.0,0
flow_10.62,27.5,3.0,0
flow_30.84,53.5,3.0,0
flow_30.85,52.0,2.5,0
flow_10.63,24.5,2.5,0
flow_10.64,22.0,2.0,0
flow_30.86,51.0,2.5,0
flow_00.58,49.0,4.0,0
flow_20.50,50.5,4.0,0
flow_00.59,49.5,3.0,0
flow_00.60,29.5,3.0,0
flow_00.61,24.0,2.0,0
flow_00.62,23.0,2.0,0
flow_20.51,21.5,2.0,0
flow_00.63,21.5,1.5,0
flow_20.52,22.0,2.0,0
flow_30.87,76.5,4.0,0
flow_10.65,22.0,2.0,0
flow_30.88,76.0,3.0,0
flow_30.89,75.5,3.0,0
flow_30.90,72.5,2.5,0
flow_30.91,72.0,3.0,0
flow_30.92,58.5,2.5,0
flow_30.93,55.5,2.5,0
flow_00.64,50.5,4.0,0
flow_20.53,49.5,4.0,0
flow_00.65,33.5,3.0,0
flow_20.54,47.0,3.0,0
flow_20.55,39.5,3.0,0
flow_20.56,34.5,3.0,0
flow_20.57,27.5,2.5,0
flow_30.94,82.0,4.0,0
flow_10.66,48.5,4.0,0
flow_30.95,81.0,3.0,0
flow_10.67,48.0,3.0,0
flow_30.96,80.5,3.0,0
flow_10.68,37.0,3.0,0
flow_30.97,78.5,2.5,0
flow_10.69,31.5,3.0,0
flow_30.98,77.0,2.5,0
flow_30.99,58.0,2.5,0
flow_10.70,21.5,2.0,0
flow_30.100,55.0,2.5,0
flow_20.58,49.0,4.0,0
flow_00.66,48.5,4.0,0
flow_20.59,40.0,3.0,0
flow_20.60,39.5,3.0,0
flow_20.61,31.0,2.5,0
flow_20.62,25.5,2.5,0
flow_00.67,21.5,2.0,0
flow_10.71,51.5,4.0,0
flow_30.101,83.0,4.0,0
flow_10.72,51.0,3.0,0
flow_30.102,82.5,3.5,0
flow_30.103,80.5,3.0,0
flow_10.73,50.0,3.0,0
flow_10.74,47.0,2.5,0
flow_30.104,79.5,3.0,0
flow_30.105,77.5,2.5,0
flow_10.75,44.0,2.5,0
flow_30.106,58.5,2.5,0
flow_10.76,31.5,2.5,0
flow_30.107,55.5,2.5,0
flow_10.77,26.0,2.5,0
flow_20.63,50.5,4.0,0
flow_00.68,51.5,4.0,0
flow_20.64,50.0,3.0,0
flow_00.69,37.5,3.0,0
flow_00.70,36.5,3.0,0
flow_20.65,45.5,3.0,0
flow_20.66,37.5,3.0,0
flow_20.67,22.0,2.0,0
flow_10.78,52.0,4.0,0
flow_30.108,83.0,4.0,0
flow_30.109,81.5,3.0,0
flow_10.79,52.0,3.0,0
flow_30.110,81.5,3.0,0
flow_10.80,52.0,3.0,0
flow_10.81,49.5,3.0,0
flow_30.111,80.0,3.0,0
flow_10.82,44.5,2.5,0
flow_30.112,78.5,3.0,0
flow_10.83,43.0,2.5,0
flow_30.113,59.5,3.0,0
flow_10.84,38.0,2.5,0
flow_30.114,56.5,2.5,0
flow_20.68,50.5,4.0,0
flow_00.71,36.5,4.0,0
flow_20.69,50.5,3.0,0
flow_00.72,27.5,3.0,0
flow_00.73,23.0,2.0,0
flow_20.70,50.0,3.0,0
flow_20.71,48.5,3.0,0
flow_00.74,20.5,1.5,0
flow_20.72,38.5,3.0,0
flow_00.75,21.5,2.0,0
flow_30.115,82.5,4.0,0
flow_10.85,53.5,4.0,0
flow_30.116,81.5,3.0,0
flow_10.86,34.5,3.0,0
flow_10.87,33.5,3.0,0
flow_30.117,81.0,3.0,0
flow_30.118,79.5,3.0,0
flow_10.88,33.5,3.0,0
flow_30.119,77.5,3.0,0
flow_10.89,26.5,2.5,0
flow_30.120,59.0,2.5,0
flow_10.90,24.5,2.5,0
flow_30.121,56.0,2.5,0
flow_00.76,48.0,4.0,0
flow_20.73,20.5,1.5,0
flow_00.77,42.0,3.0,0
flow_00.78,37.0,3.0,0
flow_20.74,21.5,2.0,0
flow_00.79,32.5,2.5,0
flow_00.80,31.5,2.5,0
flow_20.75,22.0,1.5,0
flow_00.81,28.5,2.5,0
flow_00.82,25.5,2.5,0
flow_10.91,41.5,4.0,0
flow_30.122,83.0,4.0,0
flow_30.123,82.0,3.0,0
flow_30.124,81.0,3.0,0
flow_30.125,79.5,3.0,0
flow_30.126,77.5,3.0,0
flow_10.92,20.0,1.5,0
flow_30.127,59.0,2.5,0
flow_30.128,56.0,2.5,0
flow_00.83,40.5,4.0,0
flow_20.76,31.5,3.5,0
flow_20.77,30.0,3.0,0
flow_00.84,39.5,3.0,0
flow_00.85,38.5,3.0,0
flow_00.86,28.0,2.5,0
flow_20.78,22.0,2.0,0
flow_00.87,21.0,1.5,0
flow_30.129,82.5,4.0,0
flow_10.93,30.0,3.5,0
flow_10.94,26.0,3.0,0
flow_30.130,81.5,3.0,0
flow_30.131,80.5,3.0,0
flow_30.132,79.5,3.0,0
flow_30.133,77.5,3.0,0
flow_10.95,20.5,1.5,0
flow_30.134,58.5,2.5,0
flow_30.135,56.0,2.5,0
flow_00.88,47.5,4.0,0
flow_20.79,40.0,4.0,0
flow_20.80,36.5,3.0,0
flow_00.89,47.5,3.5,0
flow_20.81,23.5,2.5,0
flow_00.90,46.0,3.0,0
flow_00.91,44.0,3.0,0
flow_00.92,43.0,3.0,0
flow_20.82,21.0,1.5,0
flow_00.93,28.0,2.5,0
flow_20.83,21.5,2.0,0
flow_00.94,23.0,2.0,0
flow_30.136,82.5,4.0,0
flow_10.96,50.0,4.0,0
flow_30.137,81.0,3.0,0
flow_10.97,43.0,3.0,0
flow_30.138,81.0,3.0,0
flow_10.98,39.5,3.0,0
flow_30.139,79.5,3.0,0
flow_10.99,31.0,2.5,0
flow_30.140,78.0,3.0,0
flow_30.141,59.5,3.0,0
flow_10.100,23.5,2.5,0
flow_30.142,56.5,2.5,0
flow_00.95,48.5,4.0,0
flow_20.84,48.5,4.0,0
flow_20.85,40.5,3.0,0
flow_00.96,46.0,3.0,0
flow_20.86,34.0,3.0,0
flow_00.97,33.0,3.0,0
flow_00.98,23.0,2.0,0
flow_20.87,22.5,2.0,0
flow_20.88,21.0,2.0,0
flow_00.99,22.5,2.0,0
flow_30.143,83.0,4.0,0
flow_10.101,51.0,4.0,0
flow_30.144,81.5,3.0,0
flow_10.102,50.5,3.0,0
flow_30.145,81.0,3.0,0
flow_10.103,46.0,3.0,0
flow_30.146,80.0,3.0,0
flow_10.104,39.0,3.0,0
flow_30.147,77.5,3.0,0
flow_10.105,26.5,2.5,0
flow_30.148,59.0,2.5,0
flow_30.149,56.0,2.5,0
flow_20.89,40.5,4.0,0
flow_00.100,40.5,4.0,0
flow_00.101,33.5,3.0,0
flow_20.90,41.5,3.0,0
flow_20.91,40.5,3.0,0
flow_20.92,30.5,2.5,0
flow_20.93,29.0,2.5,0
flow_10.106,21.0,1.5,0
flow_30.150,82.5,4.0,0
flow_10.107,21.5,2.0,0
flow_30.151,81.0,3.0,0
flow_30.152,80.0,3.0,0
flow_30.153,79.0,2.5,0
flow_10.108,21.5,2.0,0
flow_30.154,77.5,3.0,0
flow_10.0,20.5,1.5,0
flow_30.0,31.5,4.0,0
flow_10.1,21.5,2.0,0
flow_30.1,21.0,2.0,0
flow_10.2,22.0,2.0,0
flow_10.3,21.5,2.0,0
flow_00.0,39.0,4.0,0
flow_20.0,48.0,4.0,0
flow_00.1,34.5,3.0,0
flow_20.1,43.0,3.0,0
flow_00.2,33.0,3.0,0
flow_20.2,23.0,2.5,0
flow_00.3,31.5,3.0,0
flow_00.4,31.0,2.5,0
flow_00.5,29.5,3.0,0
flow_00.6,27.5,2.5,0
flow_10.4,27.0,3.5,0
flow_30.2,42.5,4.0,0
flow_30.3,41.5,3.0,0
flow_30.4,35.5,3.0,0
flow_20.3,51.0,4.0,0
flow_00.7,55.0,4.0,0
flow_00.8,54.0,3.0,0
flow_20.4,50.5,3.0,0
flow_20.5,49.0,3.0,0
flow_00.9,53.5,3.0,0
flow_20.6,32.0,2.5,0
flow_00.10,51.5,3.0,0
flow_00.11,50.0,2.5,0
flow_20.7,29.0,2.5,0
flow_00.12,49.0,2.5,0
flow_00.13,47.0,2.5,0
flow_20.8,22.0,2.0,0
flow_10.5,46.0,4.0,0
flow_30.5,31.0,3.5,0
flow_30.6,20.5,1.5,0
flow_10.6,22.0,2.0,0
flow_00.14,72.0,4.0,0
flow_20.9,22.0,2.0,0
flow_00.15,71.5,3.0,0
flow_00.16,71.0,3.0,0
flow_20.10,23.0,2.0,0
flow_00.17,71.5,3.0,0
flow_00.18,67.0,3.0,0
flow_00.19,60.0,3.0,0
flow_00.20,56.5,3.0,0
flow_30.7,50.0,4.0,0
flow_10.7,37.5,4.0,0
flow_30.8,39.5,3.0,0
flow_10.8,20.5,1.5,0
flow_30.9,22.0,2.0,0
flow_00.21,82.0,4.0,0
flow_20.11,45.5,4.0,0
flow_00.22,81.5,3.0,0
flow_00.23,81.0,3.0,0
flow_00.24,79.5,3.0,0
flow_00.25,79.0,3.0,0
flow_20.12,20.5,1.5,0
flow_00.26,60.0,3.0,0
flow_00.27,56.5,2.5,0
flow_30.10,33.5,4.0,0
flow_30.11,23.0,2.0,0
flow_00.28,83.0,4.0,0
flow_20.13,21.0,1.5,0
flow_00.29,82.0,3.0,0
flow_00.30,81.0,3.0,0
flow_00.31,80.0,3.0,0
flow_00.32,77.0,3.0,0
flow_00.33,58.5,2.5,0
flow_00.34,56.0,2.5,0
flow_30.12,25.0,3.0,0
flow_10.9,50.5,4.0,0
flow_10.10,22.0,2.0,0
flow_10.11,21.0,1.5,0
flow_00.35,82.0,4.0,0
flow_00.36,82.0,3.0,0
flow_00.37,80.5,3.0,0
flow_00.38,80.0,3.0,0
flow_00.39,77.5,3.0,0
flow_00.40,59.5,3.0,0
flow_00.41,56.0,2.5,0
flow_30.13,48.5,4.0,0
flow_10.12,43.0,4.0,0
flow_10.13,37.0,3.0,0
flow_30.14,47.0,3.0,0
flow_30.15,21.5,2.0,0
flow_00.42,82.0,4.0,0
flow_20.14,20.5,1.5,0
flow_00.43,81.0,3.0,0
flow_00.44,80.0,3.0,0
flow_00.45,79.0,2.5,0
flow_00.46,77.5,2.5,0
flow_00.47,58.5,2.5,0
flow_00.48,55.5,2.5,0
flow_30.16,22.0,2.0,0
flow_30.17,22.0,2.0,0
flow_30.18,22.0,2.0,0
flow_00.49,82.0,4.0,0
flow_20.15,33.5,4.0,0
flow_00.50,82.0,3.0,0
flow_20.16,20.5,1.5,0
flow_00.51,81.0,3.0,0
flow_00.52,79.5,3.0,0
flow_00.53,77.5,3.0,0
flow_00.54,58.5,2.5,0
flow_00.55,55.5,2.5,0
flow_30.19,44.5,4.0,0
flow_10.14,36.5,4.0,0
flow_10.15,33.5,3.0,0
flow_30.20,20.5,1.5,0
flow_20.17,27.0,3.5,0
flow_00.56,82.5,4.0,0
flow_20.18,20.5,2.0,0
flow_00.57,82.5,3.5,0
flow_00.58,81.0,3.0,0
flow_00.59,79.5,3.0,0
flow_00.60,78.5,3.0,0
flow_20.19,22.5,2.0,0
flow_00.61,59.5,3.0,0
flow_00.62,56.0,2.5,0
flow_10.16,47.0,4.0,0
flow_30.21,46.0,4.0,0
flow_30.22,45.5,3.0,0
flow_10.17,38.0,3.0,0
flow_30.23,33.0,3.0,0
flow_10.18,23.0,2.5,0
flow_00.63,82.5,4.0,0
flow_00.64,81.5,3.0,0
flow_00.65,81.0,3.0,0
flow_00.66,79.5,3.0,0
flow_00.67,77.5,3.0,0
flow_00.68,58.5,2.5,0
flow_00.69,56.0,2.5,0
flow_30.24,45.5,4.0,0
flow_10.19,39.0,4.0,0
flow_30.25,39.0,3.0,0
flow_30.26,20.0,1.5,0
flow_00.70,82.0,4.0,0
flow_20.20,30.5,3.5,0
flow_20.21,29.5,3.0,0
flow_00.71,83.5,3.5,0
flow_20.22,28.0,3.0,0
flow_00.72,82.0,3.0,0
flow_20.23,26.5,2.5,0
flow_00.73,80.0,3.0,0
flow_20.24,25.5,2.5,0
flow_00.74,77.5,3.0,0
flow_00.75,59.5,3.0,0
flow_00.76,56.5,2.5,0
flow_30.27,31.0,3.5,0
flow_30.28,23.0,2.5,0
flow_10.20,22.5,2.0,0
flow_30.29,22.0,2.0,0
flow_10.21,22.5,2.0,0
flow_00.77,82.0,4.0,0
flow_20.25,47.0,4.0,0
flow_00.78,82.0,3.0,0
flow_00.79,81.0,3.0,0
flow_00.80,66.0,3.0,0
flow_00.81,65.0,3.0,0
flow_00.82,58.0,2.5,0
flow_00.83,55.5,2.5,0
flow_10.22,35.5,4.0,0
flow_30.30,35.0,4.0,0
flow_10.23,25.5,2.5,0
flow_30.31,22.5,2.0,0
flow_00.84,82.5,4.0,0
flow_20.26,21.0,1.5,0
flow_00.85,81.5,3.0,0
flow_00.86,81.0,3.0,0
flow_00.87,77.5,2.5,0
flow_00.88,76.5,2.5,0
flow_00.89,59.0,2.5,0
flow_00.90,56.0,2.5,0
flow_10.24,47.5,4.0,0
flow_00.91,82.0,4.0,0
flow_20.27,48.0,4.0,0
flow_20.28,32.5,3.0,0
flow_00.92,82.5,3.5,0
flow_00.93,82.0,3.0,0
flow_00.94,80.0,3.0,0
flow_00.95,78.0,3.0,0
flow_00.96,59.0,2.5,0
flow_00.97,56.0,2.5,0
flow_30.32,43.0,4.0,0
flow_00.98,82.0,4.0,0
flow_00.99,81.5,3.0,0
flow_20.29,21.0,1.5,0
flow_00.100,80.5,3.0,0
flow_00.101,79.0,2.5,0
flow_00.102,77.5,3.0,0
flow_00.103,59.0,2.5,0
flow_20.30,21.5,2.0,0
flow_00.104,56.0,2.5,0
flow_30.33,33.5,4.0,0
flow_10.25,20.5,1.5,0
flow_20.31,24.5,3.0,0
flow_00.105,83.0,4.0,0
flow_00.106,82.0,3.0,0
flow_00.107,81.0,3.0,0
flow_20.32,21.0,1.5,0
flow_00.108,79.5,3.0,0
flow_00.109,77.0,3.0,0
flow_00.110,58.5,2.5,0
flow_00.111,55.5,2.5,0
flow_10.26,34.0,4.0,0
flow_30.34,21.0,1.5,0
flow_10.27,27.0,2.5,0
flow_30.35,21.0,2.0,0
flow_30.36,21.0,1.5,0
flow_00.112,82.5,4.0,0
flow_00.113,81.5,3.0,0
flow_00.114,81.0,3.0,0
flow_00.115,81.5,3.0,0
flow_00.116,78.5,3.0,0
flow_00.117,60.0,3.0,0
flow_00.118,57.0,3.0,0
flow_30.37,42.0,4.0,0
flow_10.28,39.5,4.0,0
flow_30.38,21.0,2.0,0
flow_30.39,22.5,2.0,0
flow_20.33,41.0,4.0,0
flow_00.119,82.5,4.0,0
flow_20.34,40.0,3.0,0
flow_00.120,82.5,3.0,0
flow_00.121,81.0,3.0,0
flow_00.122,79.5,3.0,0
flow_00.123,78.5,3.0,0
flow_00.124,59.0,2.5,0
flow_00.125,56.0,2.5,0
flow_10.29,39.5,4.0,0
flow_10.30,33.5,3.0,0
flow_10.31,20.0,1.5,0
flow_20.35,50.5,4.0,0
flow_00.126,83.0,4.0,0
flow_00.127,81.0,3.0,0
flow_20.36,47.5,3.0,0
flow_00.128,80.5,3.0,0
flow_20.37,44.0,3.0,0
flow_00.129,79.0,2.5,0
flow_20.38,27.5,2.5,0
flow_00.130,77.0,3.0,0
flow_00.131,58.5,2.5,0
flow_00.132,55.5,2.5,0
flow_10.32,47.0,4.0,0
flow_30.40,33.5,4.0,0
flow_30.41,32.5,3.0,0
flow_00.133,82.5,4.0,0
flow_20.39,44.5,4.0,0
flow_00.134,82.0,3.0,0
flow_20.40,44.0,3.0,0
flow_00.135,81.0,3.0,0
flow_00.136,79.5,3.0,0
flow_00.137,77.0,3.0,0
flow_00.138,58.5,2.5,0
flow_00.139,55.5,2.5,0
flow_30.42,50.5,4.0,0
flow_10.33,44.5,4.0,0
flow_10.34,43.0,3.0,0
flow_30.43,50.5,3.0,0
flow_10.35,42.5,3.0,0
flow_30.44,49.5,3.0,0
flow_30.45,44.5,3.0,0
flow_10.36,39.5,3.0,0
flow_10.37,25.0,2.5,0
flow_30.46,24.0,2.5,0
flow_10.38,23.5,2.5,0
flow_10.39,22.0,2.0,0
flow_00.140,82.0,4.0,0
flow_20.41,40.5,4.0,0
flow_00.141,81.0,3.0,0
flow_20.42,25.5,3.0,0
flow_00.142,81.0,3.0,0
flow_00.143,79.5,3.0,0
flow_00.144,78.0,3.0,0
flow_00.145,59.0,3.0,0
flow_00.146,56.0,2.5,0
flow_10.40,37.0,4.0,0
flow_30.47,50.5,4.0,0
flow_10.41,32.0,3.0,0
flow_30.48,47.5,3.5,0
flow_30.49,46.0,3.0,0
flow_30.50,43.5,3.0,0
flow_30.51,40.5,3.0,0
flow_00.147,83.0,4.0,0
flow_20.43,42.5,4.0,0
flow_00.148,81.5,3.0,0
flow_20.44,36.0,3.0,0
flow_00.149,80.0,3.0,0
flow_00.150,82.0,3.0,0
flow_20.45,21.0,1.5,0
flow_00.151,79.5,3.0,0
flow_00.152,60.0,3.0,0
flow_00.153,57.5,3.0,0
flow_10.42,36.0,4.0,0
flow_30.52,42.5,4.0,0
flow_30.53,28.0,3.0,0
flow_10.43,21.5,2.0,0
flow_30.54,25.0,2.5,0
flow_30.55,20.5,1.5,0
flow_00.154,82.0,4.0,0
flow_00.155,81.0,3.0,0
flow_00.156,80.5,3.0,0
flow_00.157,79.0,2.5,0
flow_00.158,77.0,3.0,0
flow_00.159,59.0,2.5,0
flow_20.46,21.0,1.5,0
flow_00.160,56.0,2.5,0
flow_10.44,41.5,4.0,0
flow_30.56,21.5,2.0,0
flow_10.45,23.5,2.5,0
flow_30.57,22.0,2.0,0
flow_00.161,82.0,4.0,0
flow_00.162,82.5,3.5,0
flow_00.163,81.5,3.0,0
flow_00.164,80.5,3.0,0
flow_00.165,78.5,3.0,0
flow_00.166,59.5,3.0,0
flow_00.167,56.5,2.5,0
flow_00.0,21.5,2.0,0
flow_20.0,21.5,2.0,0
flow_20.1,21.5,2.0,0
flow_10.0,33.5,4.0,0
flow_30.0,23.5,2.0,0
flow_10.1,33.0,3.0,0
flow_10.2,32.0,3.0,0
flow_10.3,30.5,3.0,0
flow_10.4,23.0,2.5,0
flow_20.2,49.5,4.0,0
flow_00.1,48.0,4.0,0
flow_00.2,43.0,3.0,0
flow_20.3,33.5,3.0,0
flow_20.4,24.0,2.5,0
flow_00.3,42.5,3.0,0
flow_00.4,43.5,3.0,0
flow_00.5,42.0,3.0,0
flow_20.5,21.0,1.5,0
flow_00.6,40.5,3.0,0
flow_00.7,38.0,3.0,0
flow_30.1,48.0,4.0,0
flow_10.5,29.0,3.5,0
flow_30.2,46.0,3.0,0
flow_10.6,29.0,3.0,0
flow_10.7,23.5,2.0,0
flow_30.3,35.0,3.0,0
flow_30.4,22.5,2.0,0
flow_30.5,21.5,2.0,0
flow_00.8,64.0,4.0,0
flow_20.6,50.5,4.0,0
flow_20.7,41.5,3.0,0
flow_00.9,63.5,3.5,0
flow_20.8,31.5,3.0,0
flow_00.10,62.0,3.0,0
flow_00.11,60.0,3.0,0
flow_00.12,53.5,3.0,0
flow_00.13,51.5,2.5,0
flow_20.9,20.5,1.5,0
flow_00.14,48.5,2.5,0
flow_10.8,44.0,4.0,0
flow_30.6,51.0,4.0,0
flow_30.7,50.5,3.0,0
flow_10.9,44.0,3.0,0
flow_10.10,37.5,3.0,0
flow_30.8,50.0,3.0,0
flow_10.11,32.0,2.5,0
flow_30.9,39.0,3.0,0
flow_10.12,30.5,2.5,0
flow_10.13,22.0,2.0,0
flow_00.15,41.0,4.0,0
flow_20.10,44.0,4.0,0
flow_20.11,33.5,3.0,0
flow_00.16,38.0,3.5,0
flow_20.12,32.0,3.0,0
flow_20.13,26.5,2.5,0
flow_10.14,48.5,4.0,0
flow_30.10,46.0,4.0,0
flow_10.15,47.0,3.0,0
flow_30.11,40.5,3.0,0
flow_10.16,45.5,3.0,0
flow_30.12,39.5,3.0,0
flow_10.17,32.0,2.5,0
flow_30.13,32.5,3.0,0
flow_10.18,31.0,2.5,0
flow_30.14,31.0,2.5,0
flow_10.19,27.5,2.5,0
flow_30.15,25.0,2.5,0
flow_10.20,26.0,2.5,0
flow_00.17,40.5,4.0,0
flow_00.18,26.5,2.5,0
flow_00.19,25.5,2.5,0
flow_00.20,23.5,2.0,0
flow_00.21,22.0,2.0,0
flow_20.14,23.5,2.5,0
flow_10.21,53.5,4.0,0
flow_30.16,50.5,4.0,0
flow_30.17,49.5,3.0,0
flow_10.22,53.5,3.5,0
flow_30.18,42.0,3.0,0
flow_10.23,52.5,3.0,0
flow_10.24,38.0,3.0,0
flow_30.19,42.5,3.0,0
flow_10.25,37.0,3.0,0
flow_30.20,39.0,3.0,0
flow_30.21,37.0,3.0,0
flow_10.26,30.0,3.0,0
flow_30.22,33.0,2.5,0
flow_00.22,49.5,4.0,0
flow_20.15,49.5,4.0,0
flow_20.16,45.5,3.0,0
flow_00.23,50.0,3.0,0
flow_00.24,48.5,3.0,0
flow_20.17,46.0,3.0,0
flow_00.25,29.5,2.5,0
flow_20.18,44.5,3.0,0
flow_20.19,42.5,3.0,0
flow_20.20,41.0,3.0,0
flow_20.21,31.5,2.5,0
flow_10.27,49.0,4.0,0
flow_30.23,48.5,4.0,0
flow_30.24,45.5,3.0,0
flow_10.28,44.5,3.0,0
flow_10.29,39.5,3.0,0
flow_10.30,22.5,2.0,0
flow_10.31,23.0,2.0,0
flow_00.26,32.0,4.0,0
flow_20.22,42.5,4.0,0
flow_00.27,22.5,2.0,0
flow_20.23,40.0,3.0,0
flow_20.24,39.0,3.0,0
flow_20.25,37.0,3.0,0
flow_20.26,22.0,2.0,0
flow_30.25,49.0,4.0,0
flow_10.32,46.5,4.0,0
flow_10.33,46.0,3.0,0
flow_30.26,38.0,3.0,0
flow_30.27,36.5,3.0,0
flow_10.34,44.5,3.0,0
flow_10.35,42.5,3.0,0
flow_10.36,41.0,2.5,0
flow_30.28,21.0,1.5,0
flow_10.37,33.5,2.5,0
flow_10.38,27.5,2.5,0
flow_20.27,36.5,4.0,0
flow_00.28,46.0,4.0,0
flow_20.28,35.5,3.0,0
flow_00.29,22.5,2.0,0
flow_20.29,34.0,3.0,0
flow_20.30,33.5,3.0,0
flow_20.31,32.0,2.5,0
flow_20.32,24.5,2.5,0
flow_20.33,23.0,2.0,0
flow_10.39,54.5,4.0,0
flow_30.29,32.5,4.0,0
flow_10.40,54.0,3.0,0
flow_30.30,31.0,3.5,0
flow_30.31,27.0,2.5,0
flow_10.41,53.0,3.0,0
flow_10.42,52.0,3.0,0
flow_30.32,22.0,2.0,0
flow_10.43,50.5,3.0,0
flow_10.44,45.5,3.0,0
flow_30.33,23.0,2.0,0
flow_10.45,34.0,3.0,0
flow_20.34,39.0,4.0,0
flow_00.30,38.5,4.0,0
flow_20.35,24.5,2.5,0
flow_00.31,39.0,3.5,0
flow_20.36,21.0,1.5,0
flow_20.37,21.0,2.0,0
flow_10.46,56.0,4.0,0
flow_30.34,50.0,4.0,0
flow_10.47,52.5,3.0,0
flow_30.35,30.0,3.0,0
flow_10.48,47.5,3.0,0
flow_10.49,46.5,2.5,0
flow_10.50,43.5,2.5,0
flow_10.51,42.5,2.5,0
flow_10.52,40.5,2.5,0
flow_20.38,51.5,4.0,0
flow_00.32,38.0,4.0,0
flow_20.39,51.5,3.0,0
flow_00.33,35.0,3.0,0
flow_20.40,37.0,3.0,0
flow_00.34,34.0,3.0,0
flow_20.41,25.0,2.5,0
flow_00.35,23.0,2.0,0
flow_00.36,21.5,2.0,0
flow_20.42,20.5,1.5,0
flow_10.53,61.0,4.0,0
flow_30.36,47.0,4.0,0
flow_10.54,59.5,3.0,0
flow_30.37,46.5,3.0,0
flow_10.55,58.5,3.0,0
flow_30.38,41.0,3.0,0
flow_30.39,39.5,3.0,0
flow_10.56,54.0,3.0,0
flow_30.40,31.0,2.5,0
flow_10.57,53.0,3.0,0
flow_30.41,29.5,2.5,0
flow_10.58,51.5,2.5,0
flow_10.59,48.0,2.5,0
flow_00.37,44.5,4.0,0
flow_20.43,39.5,4.0,0
flow_20.44,29.0,3.0,0
flow_00.38,38.0,3.0,0
flow_20.45,23.5,2.5,0
flow_20.46,22.0,2.0,0
flow_30.42,44.0,4.0,0
flow_10.60,75.0,4.0,0
flow_10.61,74.0,3.0,0
flow_30.43,44.0,3.0,0
flow_10.62,73.0,3.0,0
flow_30.44,43.0,3.0,0
flow_10.63,59.0,3.0,0
flow_30.45,35.5,3.0,0
flow_10.64,50.5,3.0,0
flow_30.46,26.5,2.5,0
flow_30.47,25.0,2.5,0
flow_10.65,50.0,3.0,0
flow_10.66,41.5,2.5,0
flow_00.39,48.5,4.0,0
flow_20.47,45.5,4.0,0
flow_20.48,45.5,3.0,0
flow_00.40,40.5,3.0,0
flow_00.41,39.0,3.0,0
flow_20.49,45.0,3.0,0
flow_00.42,22.5,2.0,0
flow_20.50,38.0,3.0,0
flow_20.51,33.5,3.0,0
flow_00.43,21.0,2.0,0
flow_10.67,53.5,4.0,0
flow_30.48,51.5,4.0,0
flow_10.68,46.5,3.0,0
flow_30.49,46.5,3.0,0
flow_30.50,30.0,3.0,0
flow_10.69,45.5,3.0,0
flow_10.70,35.5,2.5,0
flow_30.51,29.0,3.0,0
flow_10.71,33.5,2.5,0
flow_30.52,22.5,2.0,0
flow_10.72,32.5,2.5,0
flow_10.73,31.0,2.5,0
flow_30.53,22.5,2.0,0
flow_00.44,36.5,4.0,0
flow_20.52,52.0,4.0,0
flow_20.53,46.5,3.0,0
flow_20.54,28.5,3.0,0
flow_20.55,27.5,2.5,0
flow_20.56,21.0,2.0,0
flow_10.74,57.0,4.0,0
flow_30.54,50.0,4.0,0
flow_10.75,52.0,3.0,0
flow_30.55,48.5,3.0,0
flow_10.76,51.0,3.0,0
flow_30.56,38.5,3.0,0
flow_10.77,44.0,2.5,0
flow_30.57,37.5,3.0,0
flow_10.78,43.0,2.5,0
flow_10.79,41.0,3.0,0
flow_10.80,36.0,2.5,0
flow_00.45,24.0,2.5,0
flow_20.57,37.0,4.0,0
flow_20.58,37.0,3.0,0
flow_20.59,22.5,2.5,0
flow_00.46,20.5,1.5,0
flow_00.47,23.5,2.5,0
flow_10.81,57.0,4.0,0
flow_30.58,30.0,3.5,0
flow_10.82,56.5,3.0,0
flow_10.83,55.5,3.0,0
flow_10.84,55.0,3.0,0
flow_30.59,21.0,1.5,0
flow_10.85,49.5,3.0,0
flow_10.86,23.5,2.0,0
flow_30.60,21.5,2.0,0
flow_00.48,49.0,4.0,0
flow_00.49,21.0,2.0,0
flow_20.60,21.5,1.5,0
flow_10.87,51.0,4.0,0
flow_30.61,47.0,4.0,0
flow_30.62,42.5,3.0,0
flow_10.88,51.5,3.0,0
flow_30.63,42.0,3.0,0
flow_10.89,38.5,3.0,0
flow_30.64,25.0,2.5,0
flow_10.90,36.5,3.0,0
flow_30.65,23.5,2.5,0
flow_10.91,36.0,3.0,0
flow_30.66,22.0,2.0,0
flow_10.92,34.0,3.0,0
flow_10.93,22.0,2.0,0
flow_20.61,51.0,4.0,0
flow_00.50,36.0,4.0,0
flow_20.62,50.5,3.0,0
flow_00.51,22.5,2.0,0
flow_20.63,49.5,3.0,0
flow_20.64,35.5,3.0,0
flow_00.52,22.0,2.0,0
flow_10.94,43.5,4.0,0
flow_30.67,43.0,4.0,0
flow_30.68,29.0,3.0,0
flow_10.95,43.5,3.0,0
flow_30.69,27.0,3.0,0
flow_10.96,23.0,2.0,0
flow_30.70,21.0,1.5,0
flow_10.97,20.5,1.5,0
flow_20.65,30.5,4.0,0
flow_00.53,36.0,4.0,0
flow_20.66,30.5,3.0,0
flow_00.54,35.5,3.0,0
flow_20.67,25.0,2.5,0
flow_00.55,34.5,3.0,0
flow_00.56,32.5,2.5,0
flow_00.57,31.0,2.5,0
flow_00.58,30.5,2.5,0
flow_10.98,45.5,4.0,0
flow_10.99,43.5,3.0,0
flow_10.100,43.0,3.0,0
flow_30.71,20.5,1.5,0
flow_20.68,47.5,4.0,0
flow_00.59,50.0,4.0,0
flow_00.60,49.0,3.0,0
flow_20.69,48.5,3.0,0
flow_20.70,47.5,3.0,0
flow_00.61,44.0,3.0,0
flow_00.62,40.5,3.0,0
flow_00.63,36.5,3.0,0
flow_00.64,35.0,3.0,0
flow_00.65,33.5,2.5,0
flow_30.72,32.5,4.0,0
flow_10.101,48.5,4.0,0
flow_10.102,39.0,3.0,0
flow_10.103,37.5,3.0,0
flow_30.73,21.0,1.5,0
flow_10.104,34.0,2.5,0
flow_10.105,34.0,3.0,0
flow_10.106,32.5,2.5,0
flow_30.74,21.5,2.0,0
flow_10.107,31.0,2.5,0
flow_00.66,60.0,4.0,0
flow_20.71,49.0,4.0,0
flow_20.72,43.0,3.0,0
flow_00.67,50.0,3.0,0
flow_00.68,43.5,3.0,0
flow_20.73,32.5,3.0,0
flow_00.69,42.0,3.0,0
flow_10.108,56.5,4.0,0
flow_30.75,49.0,4.0,0
flow_30.76,48.0,3.0,0
flow_10.109,56.5,3.0,0
flow_10.110,53.0,3.0,0
flow_30.77,24.0,2.5,0
flow_10.111,51.5,3.0,0
flow_10.112,50.0,2.5,0
flow_10.113,49.0,2.5,0
flow_10.114,47.5,2.5,0
flow_00.70,31.0,4.0,0
flow_20.74,51.5,4.0,0
flow_00.71,25.0,2.5,0
flow_20.75,47.0,3.0,0
flow_00.72,23.5,2.0,0
flow_20.76,46.0,3.0,0
flow_00.73,23.0,2.0,0
flow_20.77,45.5,3.0,0
flow_00.74,22.0,2.0,0
flow_20.78,35.0,3.0,0
flow_20.79,27.0,2.5,0
flow_00.75,21.5,2.0,0
flow_30.78,38.5,4.0,0
flow_10.115,74.0,4.0,0
flow_10.116,73.0,3.0,0
flow_30.79,24.0,2.0,0
flow_10.117,72.0,3.0,0
flow_10.118,66.0,2.5,0
flow_10.119,53.0,2.5,0
flow_10.120,47.0,2.5,0
flow_30.80,22.0,2.0,0
flow_10.121,44.5,2.5,0
flow_00.76,43.5,4.0,0
flow_20.80,40.0,4.0,0
flow_00.77,42.0,3.0,0
flow_20.81,36.0,3.0,0
flow_20.82,34.5,3.0,0
flow_00.78,42.0,3.0,0
flow_20.83,34.0,2.5,0
flow_00.79,24.0,2.0,0
flow_20.84,32.5,2.5,0
flow_20.85,31.0,2.5,0
flow_20.86,29.0,2.5,0
flow_30.81,51.0,4.0,0
flow_10.122,67.0,4.0,0
flow_10.123,63.5,3.0,0
flow_30.82,24.0,2.0,0
flow_10.124,55.0,3.0,0
flow_10.125,42.5,3.0,0
flow_10.126,41.0,3.0,0
flow_10.127,39.5,3.0,0
flow_10.128,37.5,2.5,0
flow_00.80,48.5,4.0,0
flow_20.87,56.5,4.0,0
flow_20.88,47.5,3.0,0
flow_20.89,38.5,3.0,0
flow_00.81,22.0,2.0,0
flow_20.90,28.0,2.5,0
flow_30.83,40.5,4.0,0
flow_10.129,60.5,4.0,0
flow_30.84,40.0,3.0,0
flow_10.130,47.5,3.5,0
flow_30.85,35.5,3.0,0
flow_10.131,46.5,3.0,0
flow_10.132,36.5,3.0,0
flow_30.86,32.5,3.0,0
flow_10.133,36.0,3.0,0
flow_30.87,30.0,2.5,0
flow_30.88,23.5,2.0,0
flow_20.91,27.0,3.5,0
flow_00.82,47.5,4.0,0
flow_20.92,26.5,3.0,0
flow_00.83,35.5,3.0,0
flow_00.84,32.5,3.0,0
flow_00.85,31.0,3.0,0
flow_30.89,30.5,4.0,0
flow_10.134,49.5,4.0,0
flow_30.90,29.5,3.0,0
flow_10.135,35.5,3.0,0
flow_30.91,28.5,3.0,0
flow_30.92,20.5,1.5,0
flow_10.136,21.5,2.0,0
flow_00.86,39.0,4.0,0
flow_20.93,39.0,4.0,0
flow_20.94,38.5,3.0,0
flow_00.87,26.0,2.5,0
flow_20.95,38.0,3.0,0
flow_20.96,36.5,3.0,0
flow_20.97,25.5,2.5,0
flow_30.93,38.5,4.0,0
flow_10.137,49.0,4.0,0
flow_10.138,48.5,3.0,0
flow_30.94,39.0,3.0,0
flow_10.139,47.0,3.0,0
flow_30.95,38.0,3.0,0
flow_10.140,46.5,3.0,0
flow_30.96,37.0,3.0,0
flow_30.97,35.5,3.0,0
flow_10.141,26.0,2.5,0
flow_30.98,33.0,2.5,0
flow_10.142,22.5,2.0,0
flow_30.99,31.5,2.5,0
flow_20.98,37.0,4.0,0
flow_00.88,32.0,4.0,0
flow_20.99,20.0,1.5,0
flow_20.100,20.5,2.0,0
flow_30.100,58.5,4.0,0
flow_10.143,42.0,4.0,0
flow_10.144,39.5,3.0,0
flow_30.101,58.5,3.0,0
flow_30.102,48.5,3.0,0
flow_10.145,30.5,3.0,0
flow_30.103,47.0,3.0,0
flow_10.146,30.0,3.0,0
flow_30.104,45.0,3.0,0
flow_10.147,29.0,3.0,0
flow_20.0,20.5,1.5,0
flow_20.1,21.5,2.0,0
flow_10.0,20.0,1.5,0
flow_30.0,32.5,3.5,0
flow_30.1,27.0,2.5,0
flow_30.2,23.5,2.0,0
flow_30.3,22.5,2.0,0
flow_10.1,20.5,1.5,0
flow_30.4,23.5,2.5,0
flow_20.2,50.5,4.0,0
flow_00.0,45.0,4.0,0
flow_20.3,36.5,3.0,0
flow_00.1,23.0,2.0,0
flow_20.4,23.0,2.0,0
flow_00.2,23.5,2.0,0
flow_00.3,22.5,2.0,0
flow_00.4,21.5,2.0,0
flow_10.2,45.0,4.0,0
flow_30.5,50.0,4.0,0
flow_10.3,25.0,2.5,0
flow_30.6,49.5,3.0,0
flow_10.4,23.5,2.5,0
flow_30.7,48.0,3.0,0
flow_30.8,40.0,3.0,0
flow_10.5,24.0,2.5,0
flow_30.9,36.0,3.0,0
flow_30.10,23.0,2.0,0
flow_00.5,37.5,4.0,0
flow_20.5,20.5,1.5,0
flow_20.6,20.5,2.0,0
flow_30.11,45.0,4.0,0
flow_10.6,48.0,4.0,0
flow_30.12,39.5,3.0,0
flow_10.7,38.0,3.5,0
flow_30.13,38.5,3.0,0
flow_10.8,36.5,3.0,0
flow_10.9,33.5,2.5,0
flow_30.14,28.5,2.5,0
flow_30.15,21.5,2.0,0
flow_10.10,21.0,2.0,0
flow_20.7,48.0,4.0,0
flow_00.6,33.0,4.0,0
flow_00.7,21.5,2.0,0
flow_20.8,46.0,3.0,0
flow_00.8,21.5,2.0,0
flow_20.9,20.5,1.5,0
flow_00.9,21.5,2.0,0
flow_10.11,49.0,4.0,0
flow_30.16,46.0,4.0,0
flow_10.12,28.5,3.0,0
flow_30.17,41.0,3.0,0
flow_30.18,30.0,3.0,0
flow_10.13,27.5,3.0,0
flow_10.14,22.0,1.5,0
flow_30.19,28.5,3.0,0
flow_30.20,22.0,2.0,0
flow_10.15,21.5,2.0,0
flow_30.21,21.5,2.0,0
flow_20.10,49.5,4.0,0
flow_00.10,43.0,4.0,0
flow_20.11,23.0,2.0,0
flow_20.12,21.0,1.5,0
flow_30.22,47.5,4.0,0
flow_10.16,37.0,4.0,0
flow_30.23,48.0,3.0,0
flow_30.24,47.0,3.0,0
flow_30.25,45.5,3.0,0
flow_30.26,44.0,3.0,0
flow_30.27,42.0,2.5,0
flow_30.28,40.0,2.5,0
flow_00.11,39.0,4.0,0
flow_20.13,37.5,4.0,0
flow_00.12,24.0,2.0,0
flow_00.13,21.0,2.0,0
flow_30.29,67.5,4.0,0
flow_10.17,49.0,4.0,0
flow_30.30,65.0,3.0,0
flow_10.18,48.0,3.0,0
flow_10.19,46.5,3.0,0
flow_30.31,64.5,3.0,0
flow_10.20,39.5,2.5,0
flow_30.32,62.5,3.0,0
flow_10.21,32.0,2.5,0
flow_30.33,51.0,3.0,0
flow_30.34,49.5,2.5,0
flow_10.22,31.0,2.5,0
flow_30.35,45.0,2.5,0
flow_10.23,29.5,2.5,0
flow_20.14,49.0,4.0,0
flow_20.15,21.0,2.0,0
flow_00.14,21.5,1.5,0
flow_10.24,56.5,4.0,0
flow_30.36,68.5,4.0,0
flow_10.25,56.0,3.0,0
flow_30.37,68.0,3.0,0
flow_30.38,67.0,3.0,0
flow_10.26,20.5,2.0,0
flow_30.39,62.5,3.0,0
flow_10.27,21.0,2.0,0
flow_30.40,58.5,3.0,0
flow_30.41,56.5,2.5,0
flow_10.28,21.0,1.5,0
flow_30.42,48.0,2.5,0
flow_00.15,48.5,4.0,0
flow_20.16,43.5,4.0,0
flow_20.17,33.0,3.0,0
flow_00.16,21.0,1.5,0
flow_20.18,27.0,3.0,0
flow_20.19,25.5,3.0,0
flow_00.17,22.5,2.0,0
flow_20.20,24.0,2.5,0
flow_00.18,21.5,1.5,0
flow_10.29,49.0,4.0,0
flow_30.43,71.0,4.0,0
flow_10.30,48.5,3.0,0
flow_30.44,71.0,3.0,0
flow_30.45,69.5,3.0,0
flow_30.46,68.0,2.5,0
flow_30.47,59.0,2.5,0
flow_10.31,21.5,2.0,0
flow_30.48,59.0,3.0,0
flow_30.49,55.5,2.5,0
flow_20.21,49.5,4.0,0
flow_00.19,49.0,4.0,0
flow_20.22,46.0,3.0,0
flow_00.20,49.5,3.0,0
flow_00.21,48.0,3.0,0
flow_20.23,32.0,3.0,0
flow_00.22,31.5,2.5,0
flow_20.24,31.5,3.0,0
flow_20.25,30.0,3.0,0
flow_20.26,28.0,3.0,0
flow_20.27,27.0,3.0,0
flow_30.50,75.5,4.0,0
flow_10.32,51.5,4.0,0
flow_30.51,69.5,3.0,0
flow_10.33,39.0,3.0,0
flow_30.52,56.0,3.0,0
flow_10.34,25.5,2.5,0
flow_30.53,53.0,3.0,0
flow_30.54,52.5,3.0,0
flow_30.55,51.0,3.0,0
flow_30.56,49.5,2.5,0
flow_20.28,52.5,4.0,0
flow_20.29,53.5,3.5,0
flow_20.30,48.0,3.0,0
flow_00.23,21.5,1.5,0
flow_20.31,47.5,3.0,0
flow_20.32,44.0,3.0,0
flow_20.33,30.0,2.5,0
flow_20.34,28.5,2.5,0
flow_10.35,30.0,3.5,0
flow_30.57,76.0,4.0,0
flow_30.58,74.5,3.0,0
flow_30.59,73.5,3.0,0
flow_30.60,72.5,3.0,0
flow_30.61,70.5,3.0,0
flow_30.62,58.5,2.5,0
flow_30.63,55.5,2.5,0
flow_20.35,54.5,4.0,0
flow_00.24,48.5,4.0,0
flow_20.36,54.0,3.0,0
flow_00.25,35.5,3.0,0
flow_00.26,34.0,3.0,0
flow_20.37,53.0,3.0,0
flow_20.38,51.5,2.5,0
flow_00.27,33.0,2.5,0
flow_00.28,31.5,2.5,0
flow_20.39,50.0,3.0,0
flow_00.29,30.0,2.5,0
flow_20.40,40.5,3.0,0
flow_20.41,29.5,2.5,0
flow_10.36,24.0,3.0,0
flow_30.64,82.5,4.0,0
flow_10.37,20.5,2.0,0
flow_30.65,82.0,3.0,0
flow_30.66,81.5,3.0,0
flow_10.38,21.5,2.0,0
flow_30.67,80.0,3.0,0
flow_30.68,77.5,3.0,0
flow_10.39,20.5,1.5,0
flow_30.69,59.0,2.5,0
flow_30.70,56.0,2.5,0
flow_20.42,55.5,4.0,0
flow_00.30,47.5,4.0,0
flow_00.31,28.5,3.0,0
flow_20.43,39.5,3.0,0
flow_00.32,26.5,3.0,0
flow_20.44,31.0,3.0,0
flow_00.33,20.5,1.5,0
flow_10.40,48.0,4.0,0
flow_30.71,83.0,4.0,0
flow_30.72,81.5,3.0,0
flow_10.41,36.0,3.0,0
flow_30.73,80.5,3.0,0
flow_10.42,35.0,3.0,0
flow_30.74,79.0,2.5,0
flow_30.75,77.0,2.5,0
flow_30.76,59.0,2.5,0
flow_30.77,56.5,2.5,0
flow_00.34,28.5,3.5,0
flow_00.35,21.0,1.5,0
flow_30.78,82.5,4.0,0
flow_10.43,51.5,4.0,0
flow_10.44,34.0,3.0,0
flow_30.79,82.5,3.0,0
flow_30.80,81.0,3.0,0
flow_10.45,33.0,3.0,0
flow_30.81,80.0,3.0,0
flow_10.46,27.0,3.0,0
flow_30.82,77.5,3.0,0
flow_10.47,25.5,2.5,0
flow_30.83,59.0,2.5,0
flow_10.48,24.5,2.0,0
flow_30.84,56.0,2.5,0
flow_00.36,52.0,4.0,0
flow_20.45,37.5,4.0,0
flow_00.37,41.5,3.0,0
flow_20.46,25.5,3.0,0
flow_20.47,21.5,2.0,0
flow_00.38,40.5,3.0,0
flow_30.85,82.5,4.0,0
flow_10.49,34.5,4.0,0
flow_10.50,21.5,2.0,0
flow_30.86,82.0,3.0,0
flow_30.87,81.5,3.0,0
flow_30.88,80.0,3.0,0
flow_30.89,78.0,3.0,0
flow_30.90,59.5,3.0,0
flow_30.91,56.0,2.5,0
flow_00.39,46.5,4.0,0
flow_20.48,44.0,4.0,0
flow_20.49,33.5,3.0,0
flow_00.40,47.0,3.0,0
flow_20.50,22.5,2.5,0
flow_00.41,33.0,3.0,0
flow_00.42,27.5,3.0,0
flow_20.51,22.5,2.0,0
flow_00.43,22.0,2.0,0
flow_20.52,21.5,2.0,0
flow_30.92,82.5,4.0,0
flow_30.93,81.0,3.0,0
flow_30.94,80.5,3.0,0
flow_30.95,79.5,3.0,0
flow_30.96,77.5,3.0,0
flow_30.97,59.0,2.5,0
flow_10.51,22.5,2.0,0
flow_30.98,56.0,2.5,0
flow_20.53,45.5,4.0,0
flow_00.44,36.0,4.0,0
flow_20.54,21.5,2.0,0
flow_00.45,33.5,3.0,0
flow_00.46,32.5,3.0,0
flow_00.47,31.0,3.0,0
flow_20.55,21.5,2.0,0
flow_10.52,49.5,4.0,0
flow_30.99,82.5,4.0,0
flow_30.100,81.0,3.0,0
flow_10.53,45.5,3.0,0
flow_30.101,80.5,3.0,0
flow_10.54,39.0,3.0,0
flow_30.102,79.0,2.5,0
flow_10.55,31.0,2.5,0
flow_30.103,76.5,2.5,0
flow_30.104,58.5,2.5,0
flow_30.105,55.5,2.5,0
flow_00.48,45.5,4.0,0
flow_20.56,28.5,3.5,0
flow_00.49,46.0,3.0,0
flow_00.50,44.5,3.0,0
flow_00.51,40.0,2.5,0
flow_20.57,21.0,1.5,0
flow_00.52,38.5,3.0,0
flow_00.53,36.0,2.5,0
flow_00.54,35.0,2.5,0
flow_30.106,83.0,4.0,0
flow_10.56,45.5,4.0,0
flow_30.107,82.5,3.5,0
flow_30.108,80.5,3.0,0
flow_10.57,23.0,2.5,0
flow_30.109,81.0,3.0,0
flow_10.58,22.5,2.0,0
flow_30.110,78.5,3.0,0
flow_30.111,59.5,3.0,0
flow_30.112,56.5,2.5,0
flow_20.58,36.0,4.0,0
flow_00.55,45.5,4.0,0
flow_20.59,31.0,3.5,0
flow_30.113,82.5,4.0,0
flow_10.59,39.5,4.0,0
flow_30.114,81.5,3.0,0
flow_10.60,34.5,3.0,0
flow_10.61,27.0,3.0,0
flow_30.115,81.0,3.0,0
flow_10.62,23.5,2.0,0
flow_30.116,79.5,3.0,0
flow_30.117,77.0,2.5,0
flow_10.63,20.5,1.5,0
flow_30.118,58.5,2.5,0
flow_30.119,55.5,2.5,0
flow_20.60,48.0,4.0,0
flow_00.56,51.0,4.0,0
flow_20.61,23.5,2.0,0
flow_00.57,50.5,3.0,0
flow_00.58,45.0,3.0,0
flow_00.59,23.0,2.0,0
flow_30.120,82.0,4.0,0
flow_30.121,81.0,3.0,0
flow_30.122,80.5,3.0,0
flow_30.123,79.0,2.5,0
flow_30.124,78.0,3.0,0
flow_30.125,60.0,3.0,0
flow_30.126,56.5,2.5,0
flow_00.60,33.5,4.0,0
flow_20.62,20.0,1.5,0
flow_20.63,22.0,2.0,0
flow_20.64,21.0,2.0,0
flow_00.61,21.0,1.5,0
flow_30.127,82.5,4.0,0
flow_10.64,43.0,4.0,0
flow_30.128,82.0,3.0,0
flow_10.65,43.0,3.0,0
flow_30.129,80.5,3.0,0
flow_10.66,29.0,3.0,0
flow_10.67,26.0,2.5,0
flow_30.130,79.5,3.0,0
flow_30.131,77.5,2.5,0
flow_30.132,59.0,2.5,0
flow_30.133,56.0,2.5,0
flow_20.65,34.0,4.0,0
flow_00.62,37.0,4.0,0
flow_00.63,25.5,2.5,0
flow_20.66,20.5,1.5,0
flow_20.67,21.0,2.0,0
flow_00.64,21.5,2.0,0
flow_20.68,22.0,2.0,0
flow_00.65,21.0,2.0,0
flow_30.134,83.5,4.0,0
flow_10.68,20.5,1.5,0
flow_30.135,83.0,3.5,0
flow_30.136,81.0,3.0,0
flow_10.69,22.5,2.0,0
flow_30.137,80.0,3.0,0
flow_10.70,21.0,2.0,0
flow_30.138,77.5,3.0,0
flow_30.139,59.5,3.0,0
flow_30.140,56.0,2.5,0
flow_00.66,40.0,4.0,0
flow_20.69,46.0,4.0,0
flow_20.70,21.0,1.5,0
flow_10.71,41.5,4.0,0
flow_30.141,83.0,4.0,0
flow_30.142,82.0,3.0,0
flow_10.72,41.0,3.0,0
flow_30.143,80.5,3.0,0
flow_10.73,39.5,3.0,0
flow_30.144,79.0,2.5,0
flow_10.74,38.0,2.5,0
flow_10.75,33.0,2.5,0
flow_30.145,77.5,3.0,0
flow_30.146,59.5,3.0,0
flow_30.147,56.5,2.5,0
flow_20.71,20.5,1.5,0
flow_00.67,41.5,4.0,0
flow_00.68,21.5,2.0,0
flow_30.148,82.5,4.0,0
flow_10.76,47.0,4.0,0
flow_10.77,26.0,2.5,0
flow_30.149,82.0,3.0,0
flow_10.78,21.5,2.0,0
flow_30.150,81.5,3.0,0
flow_30.151,80.5,3.0,0
flow_30.152,77.5,3.0,0
flow_30.153,59.0,2.5,0
flow_10.79,22.0,2.0,0
flow_30.154,56.0,2.5,0
flow_00.69,47.5,4.0,0
flow_20.72,39.5,4.0,0
flow_00.70,46.5,3.0,0
flow_20.73,38.0,3.0,0
flow_00.71,39.5,3.0,0
flow_20.74,37.0,3.0,0
flow_20.75,36.0,2.5,0
flow_00.72,23.0,2.0,0
flow_30.155,83.0,4.0,0
flow_10.80,51.5,4.0,0
flow_30.156,81.5,3.0,0
flow_10.81,47.5,3.0,0
flow_10.82,40.5,3.0,0
flow_30.157,81.5,3.0,0
flow_10.83,28.0,2.5,0
flow_30.158,79.5,3.0,0
flow_30.159,77.5,3.0,0
flow_30.160,58.5,2.5,0
flow_30.161,55.5,2.5,0
flow_00.73,44.5,4.0,0
flow_20.76,21.0,1.5,0
flow_00.74,32.5,3.0,0
flow_00.75,24.5,2.5,0
flow_00.76,21.0,2.0,0
flow_10.84,32.5,4.0,0
flow_30.162,83.0,4.0,0
flow_30.163,82.0,3.0,0
flow_10.85,25.0,2.5,0
flow_10.86,23.0,2.0,0
flow_30.164,81.5,3.0,0
flow_10.87,21.5,1.5,0
flow_30.165,80.5,3.0,0
flow_30.166,77.5,3.0,0
flow_10.0,31.0,3.5,0
flow_30.0,31.0,3.5,0
flow_30.1,29.5,3.0,0
flow_30.2,27.0,3.0,0
flow_30.3,25.5,2.5,0
flow_30.4,23.0,2.5,0
flow_00.0,23.0,2.5,0
flow_00.1,26.0,2.5,0
flow_00.2,22.0,2.0,0
flow_20.0,21.0,1.5,0
flow_30.5,42.0,4.0,0
flow_30.6,38.0,3.0,0
flow_30.7,37.0,3.0,0
flow_30.8,38.0,3.0,0
flow_30.9,36.5,3.0,0
flow_30.10,35.0,3.0,0
flow_30.11,32.5,3.0,0
flow_20.1,50.0,4.0,0
flow_00.3,51.0,4.0,0
flow_20.2,49.5,3.0,0
flow_00.4,49.5,3.0,0
flow_20.3,42.0,3.0,0
flow_20.4,23.5,2.5,0
flow_00.5,23.0,2.5,0
flow_10.1,43.5,4.0,0
flow_30.12,58.5,4.0,0
flow_30.13,58.5,3.5,0
flow_30.14,57.5,3.0,0
flow_30.15,55.0,3.0,0
flow_30.16,53.5,3.0,0
flow_30.17,53.0,3.0,0
flow_30.18,51.0,3.0,0
flow_00.6,50.5,4.0,0
flow_20.5,20.0,1.5,0
flow_30.19,77.5,4.0,0
flow_10.2,21.0,1.5,0
flow_30.20,76.5,3.0,0
flow_30.21,75.5,3.0,0
flow_10.3,20.5,1.5,0
flow_30.22,74.0,3.0,0
flow_30.23,49.5,2.5,0
flow_10.4,21.5,2.0,0
flow_30.24,36.0,2.5,0
flow_30.25,35.0,2.5,0
flow_20.6,26.0,3.0,0
flow_20.7,23.0,2.0,0
flow_00.7,20.0,1.5,0
flow_20.8,23.5,2.0,0
flow_00.8,21.0,2.0,0
flow_30.26,61.0,4.0,0
flow_10.5,35.0,4.0,0
flow_30.27,61.0,3.0,0
flow_10.6,22.5,2.0,0
flow_30.28,60.0,3.0,0
flow_30.29,52.5,3.0,0
flow_30.30,50.0,3.0,0
flow_30.31,49.5,3.0,0
flow_30.32,48.0,3.0,0
flow_20.9,51.0,4.0,0
flow_00.9,44.5,4.0,0
flow_00.10,41.0,3.0,0
flow_00.11,36.5,3.0,0
flow_20.10,20.5,1.5,0
flow_30.33,73.0,4.0,0
flow_10.7,45.0,4.0,0
flow_10.8,29.0,3.0,0
flow_30.34,74.0,3.0,0
flow_30.35,72.5,3.0,0
flow_30.36,68.0,3.0,0
flow_30.37,66.5,3.0,0
flow_30.38,59.5,3.0,0
flow_30.39,55.5,3.0,0
flow_20.11,51.5,4.0,0
flow_00.12,31.5,4.0,0
flow_20.12,46.0,3.0,0
flow_20.13,32.0,3.0,0
flow_00.13,20.5,1.5,0
flow_20.14,30.5,3.0,0
flow_30.40,81.0,4.0,0
flow_10.9,33.5,4.0,0
flow_30.41,80.0,3.0,0
flow_30.42,79.5,3.0,0
flow_30.43,78.5,3.0,0
flow_30.44,76.5,3.0,0
flow_30.45,58.5,2.5,0
flow_30.46,56.0,2.5,0
flow_20.15,51.0,4.0,0
flow_00.14,49.5,4.0,0
flow_00.15,49.5,3.5,0
flow_00.16,34.5,3.0,0
flow_10.10,47.0,4.0,0
flow_30.47,84.0,4.0,0
flow_10.11,46.0,3.0,0
flow_30.48,82.0,3.0,0
flow_30.49,81.0,3.0,0
flow_10.12,33.5,3.0,0
flow_10.13,32.0,2.5,0
flow_30.50,80.5,3.0,0
flow_30.51,77.5,3.0,0
flow_10.14,22.5,2.5,0
flow_30.52,59.0,2.5,0
flow_30.53,56.5,2.5,0
flow_20.16,21.5,2.0,0
flow_00.17,21.5,2.0,0
flow_30.54,82.5,4.0,0
flow_10.15,21.0,1.5,0
flow_30.55,81.5,3.0,0
flow_30.56,76.5,3.0,0
flow_10.16,21.5,2.0,0
flow_30.57,75.5,2.5,0
flow_30.58,74.0,3.0,0
flow_30.59,59.0,2.5,0
flow_30.60,56.5,2.5,0
flow_20.17,50.5,4.0,0
flow_00.18,20.5,1.5,0
flow_20.18,50.5,3.0,0
flow_20.19,26.5,2.5,0
flow_20.20,22.5,2.0,0
flow_30.61,83.0,4.0,0
flow_10.17,41.5,4.0,0
flow_30.62,81.5,3.0,0
flow_30.63,80.5,3.0,0
flow_30.64,79.5,3.0,0
flow_30.65,78.0,3.0,0
flow_30.66,59.0,2.5,0
flow_30.67,55.5,2.5,0
flow_00.19,42.0,4.0,0
flow_00.20,21.5,2.0,0
flow_20.21,21.0,1.5,0
flow_00.21,21.0,2.0,0
flow_20.22,21.0,2.0,0
flow_30.68,82.5,4.0,0
flow_30.69,82.0,3.0,0
flow_30.70,80.5,3.0,0
flow_30.71,79.5,3.0,0
flow_30.72,77.5,3.0,0
flow_30.73,59.0,2.5,0
flow_10.18,20.5,1.5,0
flow_30.74,56.5,2.5,0
flow_00.22,27.5,3.5,0
flow_20.23,39.0,4.0,0
flow_20.24,21.5,2.0,0
flow_00.23,21.0,1.5,0
flow_00.24,22.0,2.0,0
flow_10.19,22.5,2.0,0
flow_30.75,83.0,4.0,0
flow_30.76,81.5,3.0,0
flow_30.77,81.5,3.0,0
flow_30.78,80.0,3.0,0
flow_30.79,78.0,3.0,0
flow_30.80,59.5,3.0,0
flow_30.81,56.5,2.5,0
flow_20.25,27.0,3.5,0
flow_00.25,43.5,4.0,0
flow_00.26,25.0,2.5,0
flow_00.27,22.0,2.0,0
flow_30.82,82.0,4.0,0
flow_10.20,40.0,4.0,0
flow_30.83,81.5,3.0,0
flow_30.84,80.0,3.0,0
flow_30.85,79.0,2.5,0
flow_30.86,76.5,2.5,0
flow_30.87,58.5,2.5,0
flow_30.88,55.5,2.5,0
flow_20.26,21.5,2.0,0
flow_20.27,21.5,2.0,0
flow_00.28,22.0,2.0,0
flow_30.89,82.5,4.0,0
flow_10.21,50.0,4.0,0
flow_30.90,81.5,3.0,0
flow_10.22,47.0,3.0,0
flow_30.91,80.0,3.0,0
flow_30.92,79.0,2.5,0
flow_30.93,77.0,2.5,0
flow_30.94,58.5,2.5,0
flow_30.95,55.0,2.5,0
flow_20.28,46.0,4.0,0
flow_00.29,37.5,4.0,0
flow_20.29,39.0,3.0,0
flow_00.30,22.5,2.0,0
flow_00.31,22.0,2.0,0
flow_00.32,21.5,1.5,0
flow_30.96,82.5,4.0,0
flow_30.97,82.5,3.0,0
flow_30.98,81.0,3.0,0
flow_30.99,80.0,3.0,0
flow_30.100,78.0,3.0,0
flow_10.23,20.5,1.5,0
flow_30.101,58.5,2.5,0
flow_30.102,56.0,2.5,0
flow_20.30,36.0,4.0,0
flow_20.31,29.5,3.0,0
flow_20.32,28.5,3.0,0
flow_20.33,25.0,2.5,0
flow_20.34,23.5,2.0,0
flow_20.35,21.5,2.0,0
flow_30.103,82.5,4.0,0
flow_30.104,81.5,3.0,0
flow_30.105,81.0,3.0,0
flow_10.24,20.5,1.5,0
flow_30.106,80.5,3.0,0
flow_30.107,78.0,3.0,0
flow_30.108,59.0,2.5,0
flow_30.109,56.0,2.5,0
flow_20.36,35.0,4.0,0
flow_00.33,48.0,4.0,0
flow_20.37,35.5,3.0,0
flow_00.34,48.5,3.0,0
flow_20.38,24.5,2.5,0
flow_00.35,47.0,3.0,0
flow_00.36,46.5,3.0,0
flow_00.37,44.5,3.0,0
flow_00.38,43.0,3.0,0
flow_30.110,82.5,4.0,0
flow_10.25,45.5,4.0,0
flow_30.111,81.5,3.0,0
flow_10.26,43.0,3.0,0
flow_30.112,80.0,3.0,0
flow_30.113,79.5,3.0,0
flow_30.114,77.0,3.0,0
flow_10.27,22.0,2.0,0
flow_30.115,59.0,2.5,0
flow_30.116,56.0,2.5,0
flow_20.39,41.5,4.0,0
flow_00.39,31.5,4.0,0
flow_00.40,20.5,1.5,0
flow_30.117,82.5,4.0,0
flow_10.28,28.0,3.5,0
flow_30.118,81.0,3.0,0
flow_30.119,80.5,3.0,0
flow_30.120,79.5,3.0,0
flow_30.121,79.0,3.0,0
flow_30.122,60.0,3.0,0
flow_30.123,57.0,3.0,0
flow_00.41,51.5,4.0,0
flow_00.42,28.0,3.0,0
flow_20.40,21.5,2.0,0
flow_30.124,83.0,4.0,0
flow_30.125,81.5,3.0,0
flow_30.126,81.0,3.0,0
flow_30.127,80.0,3.0,0
flow_10.29,22.0,2.0,0
flow_30.128,77.5,3.0,0
flow_30.129,59.0,2.5,0
flow_30.130,56.0,2.5,0
flow_20.41,48.5,4.0,0
flow_20.42,22.0,2.0,0
flow_30.131,82.5,4.0,0
flow_30.132,81.5,3.0,0
flow_10.30,21.0,1.5,0
flow_30.133,82.5,3.0,0
flow_30.134,81.0,3.0,0
flow_30.135,78.0,3.0,0
flow_30.136,60.0,3.0,0
flow_30.137,56.5,2.5,0
flow_20.43,39.5,4.0,0
flow_30.138,82.0,4.0,0
flow_10.31,34.0,4.0,0
flow_30.139,82.0,3.0,0
flow_30.140,80.5,3.0,0
flow_30.141,79.0,2.5,0
flow_30.142,76.5,2.5,0
flow_30.143,58.5,2.5,0
flow_30.144,55.5,2.5,0
flow_00.43,45.5,4.0,0
flow_30.145,83.0,4.0,0
flow_30.146,81.5,3.0,0
flow_30.147,80.5,3.0,0
flow_30.148,79.0,2.5,0
flow_30.149,77.0,3.0,0
flow_30.150,58.5,2.5,0
flow_30.151,55.5,2.5,0
flow_00.44,43.0,4.0,0
flow_20.44,37.0,4.0,0
flow_00.45,32.5,3.0,0
flow_00.46,23.0,2.0,0
flow_30.152,82.5,4.0,0
flow_30.153,81.0,3.0,0
flow_30.154,80.5,3.0,0
flow_30.155,79.0,2.5,0
flow_30.156,77.0,3.0,0
flow_30.157,58.5,2.5,0
flow_30.158,55.5,2.5,0
flow_20.45,22.5,2.0,0
flow_00.47,22.0,2.0,0
flow_30.159,82.5,4.0,0
flow_10.32,37.0,4.0,0
flow_10.33,22.0,2.0,0
flow_30.160,81.5,3.0,0
flow_30.161,80.5,3.0,0
flow_30.162,79.0,2.5,0
flow_30.163,76.5,2.5,0
flow_30.164,58.5,2.5,0
flow_30.165,55.5,2.5,0
flow_20.46,35.0,4.0,0
flow_20.47,34.5,3.0,0
flow_20.48,33.5,3.0,0
flow_20.49,23.5,2.0,0
flow_30.166,82.5,4.0,0
flow_10.34,51.0,4.0,0
flow_30.167,81.5,3.0,0
flow_30.168,80.5,3.0,0
flow_30.169,79.0,2.5,0
flow_30.170,77.5,3.0,0
flow_10.35,20.5,1.5,0
flow_20.0,23.5,2.5,0
flow_10.0,34.5,4.0,0
flow_30.0,21.5,1.5,0
flow_10.1,28.5,3.0,0
flow_30.1,21.5,2.0,0
flow_30.2,23.0,2.0,0
flow_10.2,22.5,2.0,0
flow_00.0,44.0,4.0,0
flow_20.1,36.5,4.0,0
flow_00.1,43.5,3.0,0
flow_20.2,37.0,3.0,0
flow_20.3,35.5,3.0,0
flow_00.2,34.0,3.0,0
flow_20.4,34.5,2.5,0
flow_20.5,20.5,2.0,0
flow_10.3,33.5,4.0,0
flow_30.3,49.0,4.0,0
flow_10.4,26.5,2.5,0
flow_30.4,42.0,3.0,0
flow_10.5,23.5,2.5,0
flow_30.5,26.0,2.5,0
flow_20.6,51.0,4.0,0
flow_00.3,40.5,4.0,0
flow_20.7,50.0,3.0,0
flow_00.4,37.0,3.0,0
flow_00.5,35.5,3.0,0
flow_20.8,50.0,3.0,0
flow_00.6,26.0,2.5,0
flow_20.9,49.5,3.0,0
flow_00.7,24.5,2.5,0
flow_20.10,33.0,3.0,0
flow_00.8,24.0,2.5,0
flow_30.6,51.5,4.0,0
flow_10.6,42.5,4.0,0
flow_30.7,51.5,3.0,0
flow_10.7,42.5,3.0,0
flow_10.8,41.0,3.0,0
flow_30.8,51.5,3.0,0
flow_10.9,40.0,3.0,0
flow_30.9,49.5,3.0,0
flow_30.10,42.0,3.0,0
flow_10.10,40.0,3.0,0
flow_10.11,36.0,3.0,0
flow_30.11,30.0,3.0,0
flow_30.12,28.5,2.5,0
flow_10.12,26.0,2.5,0
flow_20.11,22.5,2.5,0
flow_00.9,53.5,4.0,0
flow_00.10,52.0,3.0,0
flow_00.11,50.5,3.0,0
flow_00.12,49.0,3.0,0
flow_20.12,20.5,1.5,0
flow_00.13,47.5,3.0,0
flow_00.14,46.5,2.5,0
flow_20.13,21.5,2.0,0
flow_00.15,44.5,2.5,0
flow_30.13,53.5,4.0,0
flow_10.13,22.5,2.0,0
flow_30.14,52.0,3.0,0
flow_10.14,22.0,2.0,0
flow_30.15,51.5,3.0,0
flow_30.16,48.0,3.0,0
flow_10.15,21.5,1.5,0
flow_30.17,25.0,2.5,0
flow_00.16,70.5,4.0,0
flow_20.14,27.5,3.5,0
flow_00.17,70.0,3.0,0
flow_00.18,69.0,3.0,0
flow_00.19,65.0,3.0,0
flow_00.20,63.5,3.0,0
flow_00.21,58.5,2.5,0
flow_00.22,56.0,2.5,0
flow_10.16,21.5,2.0,0
flow_30.18,44.5,4.0,0
flow_30.19,45.0,3.5,0
flow_30.20,43.0,3.0,0
flow_10.17,22.0,2.0,0
flow_30.21,31.5,2.5,0
flow_30.22,23.5,2.0,0
flow_20.15,47.5,4.0,0
flow_00.23,83.0,4.0,0
flow_00.24,82.0,3.0,0
flow_20.16,22.0,2.0,0
flow_00.25,80.5,3.0,0
flow_20.17,22.0,2.0,0
flow_00.26,79.5,3.0,0
flow_20.18,21.0,1.5,0
flow_00.27,77.0,2.5,0
flow_00.28,58.5,2.5,0
flow_00.29,55.5,2.5,0
flow_30.23,49.0,4.0,0
flow_10.18,41.0,4.0,0
flow_10.19,40.5,3.0,0
flow_30.24,40.0,3.0,0
flow_10.20,39.0,3.0,0
flow_30.25,36.0,3.0,0
flow_10.21,37.5,2.5,0
flow_30.26,33.0,3.0,0
flow_10.22,36.0,2.5,0
flow_30.27,30.5,3.0,0
flow_10.23,30.5,2.5,0
flow_30.28,22.0,2.0,0
flow_10.24,29.5,2.5,0
flow_00.30,82.0,4.0,0
flow_20.19,46.0,4.0,0
flow_00.31,81.0,3.0,0
flow_20.20,45.5,3.0,0
flow_20.21,44.5,3.0,0
flow_00.32,80.5,3.0,0
flow_00.33,79.0,2.5,0
flow_20.22,45.0,3.0,0
flow_00.34,77.0,3.0,0
flow_20.23,35.0,3.0,0
flow_00.35,59.0,2.5,0
flow_20.24,27.0,2.5,0
flow_00.36,55.5,2.5,0
flow_20.25,23.5,2.5,0
flow_10.25,51.0,4.0,0
flow_30.29,47.0,4.0,0
flow_30.30,43.5,3.0,0
flow_10.26,36.0,3.0,0
flow_10.27,31.5,3.0,0
flow_30.31,21.5,2.0,0
flow_10.28,31.0,3.0,0
flow_10.29,29.5,3.0,0
flow_30.32,21.5,2.0,0
flow_10.30,22.5,2.0,0
flow_00.37,82.5,4.0,0
flow_20.26,51.0,4.0,0
flow_20.27,50.0,3.0,0
flow_00.38,82.5,3.0,0
flow_20.28,45.0,3.0,0
flow_00.39,81.5,3.0,0
flow_20.29,43.5,2.5,0
flow_00.40,79.5,3.0,0
flow_00.41,76.0,3.0,0
flow_20.30,43.0,3.0,0
flow_00.42,58.5,2.5,0
flow_20.31,42.0,3.0,0
flow_00.43,55.5,2.5,0
flow_20.32,40.0,2.5,0
flow_30.33,29.5,3.5,0
flow_10.31,40.5,4.0,0
flow_30.34,29.0,3.0,0
flow_10.32,22.0,2.0,0
flow_10.33,22.0,2.0,0
flow_00.44,82.5,4.0,0
flow_20.33,63.5,4.0,0
flow_20.34,49.0,3.0,0
flow_00.45,84.5,3.5,0
flow_20.35,46.5,3.0,0
flow_00.46,70.5,3.5,0
flow_20.36,45.5,3.0,0
flow_00.47,68.5,3.0,0
flow_20.37,44.0,3.0,0
flow_00.48,63.0,3.0,0
flow_20.38,43.0,2.5,0
flow_00.49,56.5,3.0,0
flow_20.39,24.0,2.5,0
flow_00.50,40.5,3.0,0
flow_30.35,50.0,4.0,0
flow_10.34,43.0,4.0,0
flow_30.36,47.0,3.0,0
flow_10.35,41.0,3.0,0
flow_30.37,45.5,3.0,0
flow_10.36,29.0,3.0,0
flow_30.38,38.5,3.0,0
flow_30.39,27.5,2.5,0
flow_30.40,26.0,2.5,0
flow_30.41,24.5,2.0,0
flow_20.40,21.5,2.0,0
flow_00.51,63.5,4.0,0
flow_00.52,55.5,3.5,0
flow_00.53,54.5,3.0,0
flow_20.41,20.5,1.5,0
flow_00.54,53.0,3.0,0
flow_00.55,51.5,3.0,0
flow_00.56,50.0,3.0,0
flow_00.57,48.0,2.5,0
flow_10.37,24.5,3.0,0
flow_30.42,50.5,4.0,0
flow_10.38,23.0,2.5,0
flow_30.43,50.0,3.0,0
flow_30.44,48.0,3.0,0
flow_30.45,47.0,2.5,0
flow_10.39,21.5,1.5,0
flow_30.46,21.0,1.5,0
flow_00.58,74.0,4.0,0
flow_00.59,73.0,3.0,0
flow_00.60,72.5,3.0,0
flow_00.61,72.0,3.0,0
flow_00.62,70.0,3.0,0
flow_00.63,58.5,2.5,0
flow_00.64,56.5,2.5,0
flow_30.47,32.5,4.0,0
flow_10.40,47.5,4.0,0
flow_10.41,44.0,3.0,0
flow_30.48,32.5,3.0,0
flow_10.42,41.0,3.0,0
flow_30.49,31.0,3.0,0
flow_10.43,40.5,3.0,0
flow_30.50,22.0,2.0,0
flow_10.44,35.0,3.0,0
flow_10.45,33.0,2.5,0
flow_20.42,32.0,4.0,0
flow_00.65,83.5,4.0,0
flow_00.66,82.0,3.0,0
flow_00.67,81.0,3.0,0
flow_00.68,79.0,2.5,0
flow_00.69,72.0,3.0,0
flow_20.43,21.5,2.0,0
flow_00.70,59.0,2.5,0
flow_00.71,38.5,2.5,0
flow_20.44,21.0,2.0,0
flow_30.51,28.0,3.5,0
flow_10.46,45.0,4.0,0
flow_10.47,26.0,3.0,0
flow_10.48,20.0,1.5,0
flow_10.49,22.5,2.0,0
flow_00.72,63.5,4.0,0
flow_20.45,48.0,4.0,0
flow_20.46,37.5,3.0,0
flow_00.73,40.0,3.5,0
flow_00.74,29.5,3.0,0
flow_20.47,24.0,2.0,0
flow_00.75,28.0,3.0,0
flow_00.76,22.5,2.0,0
flow_30.52,44.0,4.0,0
flow_10.50,36.0,4.0,0
flow_10.51,26.5,2.5,0
flow_30.53,43.5,3.0,0
flow_10.52,26.0,2.5,0
flow_30.54,29.0,3.0,0
flow_30.55,21.0,1.5,0
flow_20.48,38.5,4.0,0
flow_00.77,50.0,4.0,0
flow_20.49,38.0,3.0,0
flow_00.78,37.5,3.0,0
flow_00.79,36.0,3.0,0
flow_20.50,33.5,3.0,0
flow_20.51,27.5,3.0,0
flow_00.80,37.0,3.0,0
flow_20.52,22.5,2.0,0
flow_00.81,29.0,3.0,0
flow_00.82,25.5,3.0,0
flow_00.83,24.0,2.5,0
flow_30.56,49.0,4.0,0
flow_10.53,52.0,4.0,0
flow_30.57,36.0,3.0,0
flow_10.54,45.5,3.5,0
flow_30.58,21.5,2.0,0
flow_10.55,37.0,3.0,0
flow_10.56,35.5,3.0,0
flow_30.59,21.5,2.0,0
flow_10.57,34.0,3.0,0
flow_30.60,21.5,2.0,0
flow_20.53,37.0,4.0,0
flow_00.84,35.0,4.0,0
flow_00.85,34.0,3.0,0
flow_20.54,37.0,3.0,0
flow_00.86,33.0,3.0,0
flow_20.55,36.5,3.0,0
flow_00.87,32.0,3.0,0
flow_20.56,29.0,3.0,0
flow_00.88,30.0,3.0,0
flow_00.89,22.0,2.0,0
flow_20.57,21.5,2.0,0
flow_30.61,31.0,4.0,0
flow_10.58,44.0,4.0,0
flow_10.59,44.0,3.5,0
flow_10.60,41.0,3.0,0
flow_30.62,21.5,2.0,0
flow_10.61,22.5,2.0,0
flow_10.62,21.5,2.0,0
flow_20.58,51.5,4.0,0
flow_00.90,40.5,4.0,0
flow_20.59,26.5,2.5,0
flow_00.91,39.5,3.0,0
flow_00.92,38.5,3.0,0
flow_00.93,37.5,3.0,0
flow_00.94,30.0,2.5,0
flow_20.60,21.0,1.5,0
flow_00.95,23.0,2.0,0
flow_20.61,21.0,2.0,0
flow_10.63,44.0,4.0,0
flow_30.63,48.5,4.0,0
flow_30.64,40.5,3.0,0
flow_10.64,44.5,3.0,0
flow_30.65,38.0,3.0,0
flow_30.66,31.0,2.5,0
flow_10.65,21.5,2.0,0
flow_30.67,28.0,2.5,0
flow_30.68,26.5,2.5,0
flow_10.66,21.0,2.0,0
flow_30.69,25.0,3.0,0
flow_00.96,53.0,4.0,0
flow_20.62,46.5,4.0,0
flow_00.97,49.5,3.0,0
flow_20.63,44.0,3.0,0
flow_00.98,44.0,3.0,0
flow_20.64,40.5,3.0,0
flow_00.99,42.5,2.5,0
flow_20.65,27.0,3.0,0
flow_00.100,41.0,2.5,0
flow_20.66,26.0,3.0,0
flow_20.67,24.0,2.5,0
flow_00.101,39.5,2.5,0
flow_00.102,38.0,2.5,0
flow_30.70,52.0,4.0,0
flow_10.67,38.0,4.0,0
flow_30.71,45.0,3.0,0
flow_30.72,33.5,3.0,0
flow_30.73,20.0,1.5,0
flow_20.68,46.0,4.0,0
flow_00.103,42.5,4.0,0
flow_00.104,42.5,3.0,0
flow_20.69,39.5,3.0,0
flow_00.105,40.0,3.0,0
flow_20.70,38.0,3.0,0
flow_20.71,35.0,3.0,0
flow_00.106,39.5,3.0,0
flow_20.72,29.5,2.5,0
flow_00.107,38.0,3.0,0
flow_20.73,27.5,2.5,0
flow_00.108,34.5,3.0,0
flow_20.74,24.0,2.5,0
flow_00.109,27.0,2.5,0
flow_10.68,46.5,4.0,0
flow_30.74,34.0,4.0,0
flow_10.69,22.5,2.0,0
flow_30.75,33.0,3.0,0
flow_30.76,27.5,3.0,0
flow_30.77,26.0,3.0,0
flow_30.78,24.5,2.5,0
flow_00.110,49.5,4.0,0
flow_20.75,51.5,4.0,0
flow_00.111,30.5,3.5,0
flow_20.76,51.5,3.5,0
flow_00.112,30.5,3.0,0
flow_20.77,50.0,3.0,0
flow_00.113,29.0,3.0,0
flow_20.78,46.0,3.0,0
flow_20.79,36.5,3.0,0
flow_00.114,22.0,2.0,0
flow_20.80,23.5,2.0,0
flow_10.70,50.5,4.0,0
flow_30.79,46.0,4.0,0
flow_30.80,45.5,3.0,0
flow_10.71,50.5,3.0,0
flow_30.81,44.0,3.0,0
flow_10.72,49.0,3.0,0
flow_10.73,47.5,2.5,0
flow_30.82,36.5,2.5,0
flow_30.83,33.0,2.5,0
flow_10.74,24.5,2.5,0
flow_30.84,32.0,2.5,0
flow_30.85,30.5,2.5,0
flow_00.115,51.0,4.0,0
flow_20.81,41.5,4.0,0
flow_20.82,25.0,2.5,0
flow_00.116,50.5,3.0,0
flow_00.117,49.5,3.0,0
flow_00.118,49.0,3.0,0
flow_00.119,48.0,3.0,0
flow_00.120,46.0,3.0,0
flow_00.121,37.5,3.0,0
flow_10.75,28.5,3.5,0
flow_30.86,54.5,4.0,0
flow_10.76,23.5,2.0,0
flow_30.87,44.0,3.5,0
flow_10.77,22.5,2.0,0
flow_30.88,38.5,3.0,0
flow_30.89,37.0,3.0,0
flow_10.78,22.0,2.0,0
flow_00.122,49.5,4.0,0
flow_20.83,47.5,4.0,0
flow_00.123,47.5,3.0,0
flow_20.84,46.0,3.0,0
flow_00.124,42.5,3.0,0
flow_20.85,42.5,3.0,0
flow_00.125,33.0,2.5,0
flow_20.86,40.5,3.0,0
flow_00.126,31.0,2.5,0
flow_20.87,36.0,3.0,0
flow_00.127,28.0,2.5,0
flow_20.88,28.5,2.5,0
flow_20.89,25.0,2.5,0
flow_10.79,49.0,4.0,0
flow_30.90,46.0,4.0,0
flow_10.80,44.5,3.0,0
flow_30.91,35.0,3.0,0
flow_10.81,32.0,3.0,0
flow_30.92,28.0,2.5,0
flow_10.82,20.5,1.5,0
flow_00.128,26.0,3.0,0
flow_20.90,50.0,4.0,0
flow_00.129,24.5,2.5,0
flow_20.91,37.0,3.0,0
flow_00.130,23.0,2.0,0
flow_00.131,22.0,2.0,0
flow_20.92,35.5,3.0,0
flow_20.93,30.0,3.0,0
flow_00.132,22.5,2.0,0
flow_20.94,22.0,2.0,0
flow_00.133,22.0,1.5,0
flow_30.93,43.0,4.0,0
flow_10.83,43.5,4.0,0
flow_30.94,42.5,3.0,0
flow_30.95,28.0,2.5,0
flow_10.84,42.5,3.5,0
flow_10.85,40.5,3.5,0
flow_30.96,27.0,2.5,0
flow_10.86,39.0,3.0,0
flow_30.97,24.5,2.5,0
flow_10.87,32.0,3.0,0
flow_10.88,23.5,2.0,0
flow_20.95,47.5,4.0,0
flow_00.134,50.5,4.0,0
flow_00.135,49.5,3.0,0
flow_20.96,47.0,3.0,0
flow_20.97,46.0,3.0,0
flow_00.136,49.5,3.0,0
flow_20.98,45.5,3.0,0
flow_00.137,47.5,3.0,0
flow_20.99,40.0,3.0,0
flow_00.138,46.0,3.0,0
flow_00.139,45.0,3.0,0
flow_20.100,38.5,3.0,0
flow_00.140,30.0,2.5,0
flow_20.101,24.0,2.5,0
flow_30.98,51.0,4.0,0
flow_10.89,50.5,4.0,0
flow_30.99,44.5,3.0,0
flow_10.90,49.0,3.0,0
flow_10.91,45.5,3.0,0
flow_30.100,43.5,3.0,0
flow_30.101,38.0,3.0,0
flow_30.102,36.5,3.0,0
flow_30.103,35.5,2.5,0
flow_10.92,20.5,1.5,0
flow_30.104,34.0,2.5,0
flow_20.102,50.0,4.0,0
flow_00.141,56.5,4.0,0
flow_00.142,56.0,3.0,0
flow_20.103,23.5,2.0,0
flow_00.143,53.0,3.0,0
flow_20.104,23.0,2.0,0
flow_00.144,52.5,3.0,0
flow_00.145,51.0,3.0,0
flow_00.146,49.5,2.5,0
flow_00.147,46.0,2.5,0
flow_30.105,60.5,4.0,0
flow_10.93,49.5,4.0,0
flow_30.106,54.0,3.0,0
flow_10.94,49.0,3.0,0
flow_30.107,50.5,3.0,0
flow_10.95,48.0,3.0,0
flow_10.96,42.0,3.0,0
flow_30.108,28.5,2.5,0
flow_10.97,40.0,2.5,0
flow_30.109,22.5,2.5,0
flow_10.98,33.0,2.5,0
flow_30.110,22.0,2.0,0
flow_10.99,30.5,2.5,0
flow_00.148,39.5,4.0,0
flow_20.105,52.5,4.0,0
flow_20.106,36.0,3.0,0
flow_20.107,34.0,3.0,0
flow_00.149,21.0,2.0,0
flow_20.108,32.5,2.5,0
flow_00.150,21.0,2.0,0
flow_20.109,31.5,2.5,0
flow_20.110,30.0,2.5,0
flow_20.111,28.5,3.0,0
flow_10.100,56.5,4.0,0
flow_10.101,55.0,3.0,0
flow_10.102,54.5,3.0,0
flow_10.103,46.0,3.0,0
flow_10.104,38.5,3.0,0
flow_20.0,21.0,1.5,0
flow_00.0,22.5,2.0,0
flow_30.0,21.0,1.5,0
flow_00.1,44.5,4.0,0
flow_00.2,43.0,3.0,0
flow_20.1,20.5,1.5,0
flow_00.3,37.0,3.0,0
flow_00.4,36.5,3.0,0
flow_00.5,35.0,3.0,0
flow_00.6,29.0,3.0,0
flow_30.1,39.5,4.0,0
flow_30.2,41.0,3.5,0
flow_10.0,21.5,1.5,0
flow_30.3,21.0,2.0,0
flow_10.1,21.5,2.0,0
flow_00.7,38.0,4.0,0
flow_20.2,23.5,2.0,0
flow_00.8,36.5,3.0,0
flow_00.9,23.0,2.5,0
flow_00.10,23.0,2.0,0
flow_00.11,21.5,1.5,0
flow_30.4,49.0,4.0,0
flow_30.5,21.0,2.0,0
flow_10.2,20.5,1.5,0
flow_20.3,22.0,2.0,0
flow_00.12,49.0,4.0,0
flow_00.13,48.5,3.0,0
flow_00.14,49.5,3.0,0
flow_00.15,48.0,3.0,0
flow_00.16,39.0,3.0,0
flow_00.17,37.0,3.0,0
flow_00.18,35.5,3.0,0
flow_10.3,39.5,4.0,0
flow_20.4,22.5,2.5,0
flow_00.19,61.0,4.0,0
flow_20.5,22.5,2.0,0
flow_00.20,61.0,3.0,0
flow_00.21,59.5,3.0,0
flow_00.22,58.0,3.0,0
flow_00.23,56.5,3.0,0
flow_00.24,54.5,2.5,0
flow_00.25,51.5,2.5,0
flow_30.6,50.5,4.0,0
flow_10.4,51.0,4.0,0
flow_10.5,50.5,3.0,0
flow_30.7,21.0,2.0,0
flow_20.6,50.0,4.0,0
flow_00.26,79.0,4.0,0
flow_20.7,24.0,2.0,0
flow_00.27,75.5,3.0,0
flow_20.8,21.5,2.0,0
flow_00.28,74.0,3.0,0
flow_00.29,74.5,3.0,0
flow_00.30,48.0,3.0,0
flow_00.31,22.5,2.0,0
flow_10.6,21.5,2.0,0
flow_10.7,22.0,2.0,0
flow_10.8,21.0,2.0,0
flow_00.32,35.5,4.0,0
flow_00.33,35.5,3.0,0
flow_00.34,32.0,3.0,0
flow_00.35,28.5,3.0,0
flow_00.36,27.0,3.0,0
flow_00.37,22.0,2.0,0
flow_10.9,42.5,4.0,0
flow_10.10,31.5,3.5,0
flow_10.11,23.5,2.5,0
flow_00.38,50.5,4.0,0
flow_20.9,38.5,4.0,0
flow_00.39,50.0,3.0,0
flow_00.40,49.5,3.0,0
flow_20.10,23.0,2.0,0
flow_00.41,49.0,3.0,0
flow_00.42,46.5,3.0,0
flow_00.43,45.0,2.5,0
flow_00.44,44.5,3.0,0
flow_10.12,27.5,3.5,0
flow_10.13,22.0,2.0,0
flow_00.45,69.5,4.0,0
flow_00.46,68.5,3.0,0
flow_00.47,68.0,3.0,0
flow_00.48,64.0,2.5,0
flow_00.49,62.0,2.5,0
flow_00.50,57.5,2.5,0
flow_00.51,55.0,2.5,0
flow_10.14,36.5,4.0,0
flow_10.15,35.5,3.0,0
flow_10.16,21.0,2.0,0
flow_10.17,21.0,1.5,0
flow_00.52,74.0,4.0,0
flow_20.11,33.5,4.0,0
flow_00.53,73.5,3.0,0
flow_20.12,31.0,3.5,0
flow_00.54,73.0,3.0,0
flow_00.55,72.0,3.0,0
flow_00.56,67.5,3.0,0
flow_00.57,56.5,2.5,0
flow_00.58,44.0,2.5,0
flow_10.18,39.5,4.0,0
flow_10.19,38.5,3.0,0
flow_10.20,35.0,3.0,0
flow_10.21,33.5,2.5,0
flow_20.13,48.5,4.0,0
flow_00.59,65.0,4.0,0
flow_00.60,52.0,3.0,0
flow_00.61,52.0,3.0,0
flow_00.62,51.5,3.0,0
flow_00.63,49.5,3.0,0
flow_00.64,48.0,3.0,0
flow_00.65,45.5,2.5,0
flow_10.22,44.0,4.0,0
flow_10.23,36.0,3.0,0
flow_10.24,22.0,2.0,0
flow_00.66,60.0,4.0,0
flow_00.67,59.5,3.0,0
flow_00.68,54.5,3.0,0
flow_00.69,50.5,3.0,0
flow_00.70,41.5,3.0,0
flow_00.71,34.5,3.0,0
flow_00.72,32.5,2.5,0
flow_10.25,47.0,4.0,0
flow_10.26,46.0,3.0,0
flow_10.27,45.0,3.0,0
flow_10.28,43.5,3.0,0
flow_10.29,42.0,3.0,0
flow_10.30,28.5,2.5,0
flow_00.73,58.0,4.0,0
flow_20.14,45.0,4.0,0
flow_00.74,58.0,3.0,0
flow_20.15,37.0,3.0,0
flow_00.75,57.0,3.0,0
flow_00.76,48.5,3.0,0
flow_00.77,47.0,2.5,0
flow_20.16,23.5,2.5,0
flow_00.78,46.0,2.5,0
flow_00.79,43.5,3.0,0
flow_10.31,21.0,1.5,0
flow_10.32,21.5,2.0,0
flow_00.80,58.0,4.0,0
flow_20.17,33.5,4.0,0
flow_00.81,57.0,3.0,0
flow_20.18,24.0,2.5,0
flow_00.82,48.5,3.0,0
flow_20.19,23.0,2.0,0
flow_00.83,39.5,3.0,0
flow_00.84,37.5,2.5,0
flow_00.85,28.5,2.5,0
flow_00.86,27.0,2.5,0
flow_30.8,49.5,4.0,0
flow_10.33,45.5,4.0,0
flow_10.34,46.0,3.5,0
flow_10.35,39.5,3.0,0
flow_10.36,29.0,2.5,0
flow_20.20,20.5,1.5,0
flow_00.87,55.0,4.0,0
flow_00.88,54.0,3.0,0
flow_00.89,52.5,3.0,0
flow_20.21,23.5,2.0,0
flow_00.90,51.0,3.0,0
flow_20.22,22.0,1.5,0
flow_00.91,49.5,3.0,0
flow_00.92,48.0,2.5,0
flow_00.93,46.5,2.5,0
flow_30.9,51.5,4.0,0
flow_10.37,52.5,4.0,0
flow_30.10,32.5,3.0,0
flow_10.38,44.0,3.5,0
flow_30.11,26.0,3.0,0
flow_10.39,32.5,3.0,0
flow_30.12,24.5,2.5,0
flow_10.40,28.5,3.0,0
flow_00.94,73.0,4.0,0
flow_00.95,73.0,3.0,0
flow_00.96,65.5,3.0,0
flow_00.97,64.0,2.5,0
flow_00.98,62.0,2.5,0
flow_00.99,58.5,2.5,0
flow_00.100,56.5,2.5,0
flow_10.41,22.0,2.0,0
flow_20.23,43.0,4.0,0
flow_00.101,83.5,4.0,0
flow_00.102,78.0,3.0,0
flow_00.103,68.0,3.0,0
flow_00.104,60.5,3.0,0
flow_20.24,21.0,1.5,0
flow_00.105,56.5,2.5,0
flow_00.106,54.0,2.5,0
flow_00.107,42.0,2.5,0
flow_30.13,49.0,4.0,0
flow_10.42,21.0,1.5,0
flow_10.43,22.0,2.0,0
flow_00.108,65.5,4.0,0
flow_00.109,51.0,3.0,0
flow_00.110,40.0,3.0,0
flow_00.111,33.0,2.5,0
flow_00.112,31.5,2.5,0
flow_00.113,30.0,2.5,0
flow_00.114,28.5,2.5,0
flow_20.25,21.0,1.5,0
flow_30.14,41.0,4.0,0
flow_10.44,33.0,4.0,0
flow_30.15,26.0,3.0,0
flow_30.16,25.0,2.5,0
flow_00.115,55.0,4.0,0
flow_00.116,54.0,3.0,0
flow_00.117,47.0,3.0,0
flow_00.118,46.5,3.0,0
flow_00.119,35.5,2.5,0
flow_00.120,31.0,2.5,0
flow_10.45,42.5,4.0,0
flow_30.17,31.0,3.5,0
flow_30.18,27.5,3.0,0
flow_20.26,25.5,3.0,0
flow_00.121,42.5,4.0,0
flow_00.122,33.0,3.0,0
flow_00.123,30.5,3.0,0
flow_00.124,29.0,2.5,0
flow_00.125,28.0,2.5,0
flow_00.126,27.0,2.5,0
flow_00.127,25.5,2.5,0
flow_10.46,36.5,4.0,0
flow_30.19,31.0,3.5,0
flow_10.47,22.0,2.0,0
flow_10.48,22.0,2.0,0
flow_00.128,52.5,4.0,0
flow_00.129,42.5,3.0,0
flow_00.130,31.5,3.0,0
flow_00.131,23.5,2.5,0
flow_00.132,21.0,2.0,0
flow_00.133,21.5,2.0,0
flow_10.49,41.0,4.0,0
flow_10.50,41.0,3.0,0
flow_10.51,39.5,3.0,0
flow_10.52,39.0,3.0,0
flow_10.53,26.0,2.5,0
flow_30.20,22.0,2.0,0
flow_00.134,49.0,4.0,0
flow_20.27,45.5,4.0,0
flow_00.135,47.0,3.0,0
flow_00.136,46.0,3.0,0
flow_20.28,21.0,1.5,0
flow_00.137,45.5,3.0,0
flow_00.138,37.0,3.0,0
flow_10.54,21.5,2.0,0
flow_10.55,20.5,2.0,0
flow_30.21,21.0,1.5,0
flow_00.139,38.0,4.0,0
flow_20.29,36.5,4.0,0
flow_00.140,37.5,3.0,0
flow_00.141,35.5,3.0,0
flow_00.142,21.0,2.0,0
flow_00.143,21.0,2.0,0
flow_20.30,22.5,2.0,0
flow_30.22,21.0,1.5,0
flow_10.56,42.5,4.0,0
flow_10.57,22.5,2.0,0
flow_30.23,22.0,2.0,0
flow_00.144,42.0,4.0,0
flow_20.31,20.5,1.5,0
flow_00.145,32.5,3.0,0
flow_00.146,32.0,3.0,0
flow_00.147,30.5,3.0,0
flow_00.148,30.0,3.0,0
flow_00.149,28.5,2.5,0
flow_00.150,26.0,2.5,0
flow_10.58,51.0,4.0,0
flow_30.24,39.0,4.0,0
flow_10.59,33.5,3.0,0
flow_10.60,23.5,2.5,0
flow_10.61,21.5,2.0,0
flow_10.62,21.0,1.5,0
flow_00.151,48.0,4.0,0
flow_00.152,42.5,3.0,0
flow_00.153,41.5,3.0,0
flow_00.154,37.0,3.0,0
flow_20.32,21.5,2.0,0
flow_00.155,29.0,2.5,0
flow_00.156,26.5,2.5,0
flow_00.157,24.5,2.5,0
flow_30.0,21.0,2.0,0
flow_10.0,33.0,4.0,0
flow_30.1,20.0,1.5,0
flow_30.2,22.0,2.0,0
flow_10.1,21.0,1.5,0
flow_20.0,44.5,4.0,0
flow_00.0,43.5,4.0,0
flow_20.1,26.0,2.5,0
flow_20.2,24.5,2.5,0
flow_10.2,51.0,4.0,0
flow_30.3,48.5,4.0,0
flow_30.4,47.5,3.0,0
flow_10.3,43.0,3.0,0
flow_10.4,42.0,3.0,0
flow_30.5,47.5,3.0,0
flow_10.5,40.5,3.0,0
flow_30.6,45.5,3.0,0
flow_30.7,41.0,3.0,0
flow_30.8,22.0,2.0,0
flow_20.3,51.0,4.0,0
flow_00.1,47.5,4.0,0
flow_20.4,23.5,2.5,0
flow_00.2,46.5,3.0,0
flow_00.3,32.0,3.0,0
flow_20.5,20.5,1.5,0
flow_20.6,22.5,2.0,0
flow_30.9,50.0,4.0,0
flow_10.6,20.5,1.5,0
flow_30.10,48.0,3.0,0
flow_30.11,47.5,3.0,0
flow_10.7,20.0,1.5,0
flow_30.12,46.0,3.0,0
flow_30.13,40.0,2.5,0
flow_30.14,36.0,2.5,0
flow_30.15,34.5,2.5,0
flow_00.4,43.0,4.0,0
flow_20.7,41.5,4.0,0
flow_00.5,33.5,3.0,0
flow_20.8,40.5,3.5,0
flow_00.6,32.0,3.0,0
flow_20.9,36.5,3.0,0
flow_00.7,30.5,3.0,0
flow_00.8,25.0,2.5,0
flow_30.16,44.0,4.0,0
flow_10.8,31.0,3.5,0
flow_30.17,42.0,3.0,0
flow_10.9,30.5,3.0,0
flow_30.18,38.0,3.0,0
flow_10.10,29.5,3.0,0
flow_30.19,36.5,2.5,0
flow_30.20,31.0,2.5,0
flow_30.21,28.0,2.5,0
flow_30.22,27.0,2.5,0
flow_00.9,49.5,4.0,0
flow_20.10,51.5,4.0,0
flow_00.10,41.5,3.0,0
flow_20.11,35.0,3.0,0
flow_00.11,40.0,3.0,0
flow_20.12,32.0,3.0,0
flow_00.12,28.0,2.5,0
flow_20.13,22.0,2.0,0
flow_20.14,20.5,1.5,0
flow_30.23,54.0,4.0,0
flow_10.11,38.0,4.0,0
flow_30.24,53.5,3.0,0
flow_10.12,35.0,3.0,0
flow_10.13,30.5,3.0,0
flow_30.25,53.5,3.0,0
flow_30.26,51.5,3.0,0
flow_10.14,20.5,1.5,0
flow_30.27,50.0,3.0,0
flow_30.28,47.5,2.5,0
flow_30.29,42.5,2.5,0
flow_10.15,22.0,2.0,0
flow_00.13,40.0,4.0,0
flow_20.15,39.5,4.0,0
flow_20.16,35.0,3.0,0
flow_00.14,40.0,3.0,0
flow_20.17,25.5,2.5,0
flow_00.15,31.5,3.0,0
flow_30.30,67.5,4.0,0
flow_10.16,37.0,4.0,0
flow_30.31,62.5,3.0,0
flow_10.17,32.0,3.5,0
flow_30.32,61.0,3.0,0
flow_10.18,30.5,3.0,0
flow_10.19,23.0,2.0,0
flow_30.33,59.5,2.5,0
flow_30.34,56.5,2.5,0
flow_30.35,49.5,2.5,0
flow_10.20,20.5,1.5,0
flow_30.36,48.0,2.5,0
flow_20.18,48.0,4.0,0
flow_00.16,45.0,4.0,0
flow_20.19,42.0,3.0,0
flow_00.17,39.0,3.0,0
flow_20.20,40.0,3.0,0
flow_20.21,35.0,2.5,0
flow_00.18,21.0,1.5,0
flow_00.19,21.5,2.0,0
flow_30.37,75.0,4.0,0
flow_10.21,50.0,4.0,0
flow_30.38,74.0,3.0,0
flow_10.22,46.5,3.5,0
flow_30.39,73.0,3.0,0
flow_10.23,28.5,3.0,0
flow_30.40,70.5,3.0,0
flow_10.24,27.0,2.5,0
flow_30.41,55.5,3.0,0
flow_10.25,25.5,2.5,0
flow_30.42,33.5,2.5,0
flow_10.26,25.0,2.5,0
flow_30.43,31.5,2.5,0
flow_00.20,49.0,4.0,0
flow_20.22,46.5,4.0,0
flow_20.23,33.5,3.0,0
flow_00.21,32.5,3.0,0
flow_00.22,26.0,3.0,0
flow_20.24,28.5,3.0,0
flow_20.25,21.5,2.0,0
flow_30.44,51.0,4.0,0
flow_10.27,42.5,4.0,0
flow_30.45,47.5,3.0,0
flow_10.28,41.5,3.5,0
flow_30.46,46.5,3.0,0
flow_10.29,39.5,3.0,0
flow_30.47,45.0,2.5,0
flow_10.30,38.0,3.0,0
flow_30.48,41.0,2.5,0
flow_10.31,36.5,2.5,0
flow_30.49,40.0,2.5,0
flow_10.32,35.5,2.5,0
flow_30.50,23.5,2.5,0
flow_10.33,33.5,2.5,0
flow_20.26,41.0,4.0,0
flow_00.23,44.0,4.0,0
flow_00.24,39.5,3.0,0
flow_00.25,36.0,3.0,0
flow_00.26,29.5,2.5,0
flow_30.51,30.5,3.5,0
flow_10.34,61.0,4.0,0
flow_10.35,59.5,3.0,0
flow_30.52,29.5,3.0,0
flow_30.53,25.0,3.0,0
flow_10.36,58.0,3.0,0
flow_30.54,22.5,2.0,0
flow_10.37,44.5,3.0,0
flow_10.38,43.0,2.5,0
flow_10.39,27.5,2.5,0
flow_30.55,23.5,2.5,0
flow_10.40,25.0,2.5,0
flow_30.56,22.0,2.0,0
flow_20.27,49.0,4.0,0
flow_00.27,41.0,4.0,0
flow_00.28,38.5,3.0,0
flow_20.28,36.0,3.0,0
flow_00.29,35.5,3.0,0
flow_20.29,22.5,2.0,0
flow_00.30,22.0,2.0,0
flow_00.31,22.0,2.0,0
flow_20.30,20.5,1.5,0
flow_00.32,22.0,1.5,0
flow_30.57,44.0,4.0,0
flow_10.41,41.0,4.0,0
flow_30.58,30.0,3.0,0
flow_10.42,35.5,3.0,0
flow_10.43,35.0,3.0,0
flow_10.44,33.5,2.5,0
flow_30.59,20.0,1.5,0
flow_10.45,22.0,2.0,0
flow_20.31,50.5,4.0,0
flow_00.33,46.0,4.0,0
flow_20.32,52.0,3.5,0
flow_00.34,31.5,3.5,0
flow_20.33,31.0,3.0,0
flow_00.35,23.5,2.0,0
flow_20.34,29.5,3.0,0
flow_20.35,27.5,3.0,0
flow_00.36,22.0,2.0,0
flow_20.36,24.0,2.0,0
flow_10.46,38.0,4.0,0
flow_30.60,49.5,4.0,0
flow_30.61,48.0,3.5,0
flow_30.62,46.0,3.0,0
flow_10.47,21.5,2.0,0
flow_30.63,37.0,3.0,0
flow_30.64,31.0,2.5,0
flow_30.65,29.5,2.5,0
flow_30.66,26.5,2.5,0
flow_00.37,51.0,4.0,0
flow_20.37,50.5,4.0,0
flow_00.38,51.0,3.0,0
flow_20.38,44.0,3.0,0
flow_00.39,49.5,3.0,0
flow_20.39,42.5,3.0,0
flow_20.40,41.0,3.0,0
flow_00.40,45.5,3.0,0
flow_20.41,40.0,2.5,0
flow_00.41,45.0,3.0,0
flow_00.42,43.0,2.5,0
flow_30.67,52.0,4.0,0
flow_10.48,45.5,4.0,0
flow_30.68,50.5,3.0,0
flow_10.49,41.0,3.0,0
flow_30.69,42.5,3.0,0
flow_30.70,41.0,3.0,0
flow_30.71,33.5,2.5,0
flow_30.72,31.5,2.5,0
flow_30.73,27.0,2.5,0
flow_20.42,46.5,4.0,0
flow_00.43,29.5,3.5,0
flow_20.43,38.0,3.0,0
flow_00.44,21.0,2.0,0
flow_20.44,38.0,3.0,0
flow_00.45,21.5,2.0,0
flow_20.45,37.0,3.0,0
flow_20.46,35.5,3.0,0
flow_20.47,24.0,2.0,0
flow_30.74,50.0,4.0,0
flow_10.50,21.0,1.5,0
flow_30.75,49.5,3.0,0
flow_10.51,20.5,2.0,0
flow_30.76,41.0,3.0,0
flow_30.77,38.0,3.0,0
flow_30.78,25.0,2.5,0
flow_10.52,20.5,1.5,0
flow_30.79,22.0,2.0,0
flow_00.46,36.0,4.0,0
flow_20.48,30.5,3.5,0
flow_00.47,22.5,2.0,0
flow_20.49,30.0,3.0,0
flow_20.50,20.0,1.5,0
flow_00.48,21.5,2.0,0
flow_10.53,49.0,4.0,0
flow_30.80,43.0,4.0,0
flow_10.54,28.5,3.0,0
flow_30.81,26.5,2.5,0
flow_30.82,24.0,2.5,0
flow_10.55,27.5,3.0,0
flow_20.51,50.0,4.0,0
flow_00.49,20.5,1.5,0
flow_20.52,30.5,3.0,0
flow_20.53,23.5,2.0,0
flow_00.50,21.5,2.0,0
flow_10.56,48.5,4.0,0
flow_30.83,52.0,4.0,0
flow_10.57,48.0,3.0,0
flow_30.84,50.5,3.0,0
flow_30.85,49.5,3.0,0
flow_10.58,47.5,3.0,0
flow_30.86,48.0,2.5,0
flow_10.59,39.5,3.0,0
flow_10.60,37.5,3.0,0
flow_30.87,41.0,3.0,0
flow_10.61,36.0,2.5,0
flow_30.88,26.0,3.0,0
flow_20.54,20.0,1.5,0
flow_00.51,48.5,4.0,0
flow_00.52,47.0,3.0,0
flow_00.53,46.0,3.0,0
flow_00.54,44.5,2.5,0
flow_00.55,31.5,2.5,0
flow_00.56,24.5,2.5,0
flow_30.89,38.0,4.0,0
flow_10.62,51.0,4.0,0
flow_30.90,36.5,3.0,0
flow_10.63,25.5,2.5,0
flow_30.91,35.5,3.0,0
flow_30.92,34.0,2.5,0
flow_30.93,32.5,2.5,0
flow_30.94,30.5,2.5,0
flow_30.95,28.5,3.0,0
flow_00.57,39.0,4.0,0
flow_20.55,35.0,4.0,0
flow_00.58,38.5,3.0,0
flow_00.59,37.5,3.0,0
flow_00.60,36.5,2.5,0
flow_20.56,22.0,2.0,0
flow_00.61,35.0,2.5,0
flow_20.57,21.5,2.0,0
flow_00.62,33.0,2.5,0
flow_00.63,32.0,2.5,0
flow_10.64,29.0,3.5,0
flow_30.96,56.5,4.0,0
flow_10.65,28.5,3.0,0
flow_30.97,55.5,3.0,0
flow_30.98,43.0,3.0,0
flow_30.99,34.5,3.0,0
flow_10.66,20.0,1.5,0
flow_30.100,33.0,2.5,0
flow_30.101,31.5,2.5,0
flow_10.67,22.0,2.0,0
flow_30.102,29.0,2.5,0
flow_20.58,42.0,4.0,0
flow_00.64,60.0,4.0,0
flow_00.65,59.0,3.5,0
flow_20.59,43.0,3.0,0
flow_20.60,41.5,3.0,0
flow_00.66,48.0,3.0,0
flow_20.61,39.5,2.5,0
flow_00.67,35.0,3.0,0
flow_20.62,22.0,2.0,0
flow_00.68,33.5,3.0,0
flow_00.69,25.5,2.5,0
flow_30.103,50.5,4.0,0
flow_10.68,44.5,4.0,0
flow_10.69,22.5,2.0,0
flow_30.104,51.0,3.0,0
flow_30.105,46.5,3.0,0
flow_10.70,22.0,2.0,0
flow_30.106,45.5,3.0,0
flow_30.107,43.5,3.0,0
flow_30.108,42.0,2.5,0
flow_10.71,21.0,1.5,0
flow_30.109,36.5,2.5,0
flow_00.70,49.5,4.0,0
flow_20.63,34.0,4.0,0
flow_00.71,44.0,3.0,0
flow_20.64,23.5,2.0,0
flow_20.65,22.0,2.0,0
flow_00.72,20.0,1.5,0
flow_30.110,63.0,4.0,0
flow_10.72,35.0,4.0,0
flow_30.111,62.5,3.0,0
flow_10.73,35.0,3.0,0
flow_30.112,61.0,3.0,0
flow_10.74,23.5,2.0,0
flow_30.113,61.0,3.0,0
flow_30.114,58.5,3.0,0
flow_30.115,57.0,2.5,0
flow_30.116,54.5,2.5,0
flow_20.66,50.5,4.0,0
flow_00.73,52.0,4.0,0
flow_00.74,49.0,3.0,0
flow_00.75,35.0,3.0,0
flow_00.76,21.5,2.0,0
flow_10.75,37.5,4.0,0
flow_30.117,79.0,4.0,0
flow_30.118,74.5,3.0,0
flow_10.76,37.0,3.0,0
flow_10.77,24.5,2.5,0
flow_30.119,70.5,3.0,0
flow_30.120,50.0,3.0,0
flow_30.121,36.5,2.5,0
flow_30.122,27.0,2.5,0
flow_30.123,25.5,2.5,0
flow_20.67,50.0,4.0,0
flow_00.77,33.0,4.0,0
flow_20.68,30.5,3.5,0
flow_20.69,28.5,3.0,0
flow_00.78,21.5,2.0,0
flow_20.70,24.5,2.5,0
flow_20.71,22.5,2.0,0
flow_00.79,22.0,2.0,0
flow_00.80,22.0,2.0,0
flow_30.124,52.0,4.0,0
flow_10.78,43.0,4.0,0
flow_10.79,43.0,3.0,0
flow_30.125,52.5,3.0,0
flow_30.126,51.0,3.0,0
flow_10.80,41.0,3.0,0
flow_10.81,39.5,2.5,0
flow_30.127,49.5,3.0,0
flow_30.128,42.5,3.0,0
flow_10.82,34.5,3.0,0
flow_30.129,38.0,2.5,0
flow_30.130,37.0,2.5,0
flow_20.72,47.0,4.0,0
flow_00.81,47.5,4.0,0
flow_20.73,46.5,3.0,0
flow_00.82,31.5,3.5,0
flow_00.83,24.5,2.5,0
flow_20.74,31.5,3.0,0
flow_20.75,26.0,2.5,0
flow_20.76,24.0,2.5,0
flow_00.84,21.5,2.0,0
flow_30.131,53.5,4.0,0
flow_10.83,50.5,4.0,0
flow_10.84,49.5,3.0,0
flow_30.132,53.5,3.0,0
flow_30.133,52.5,3.0,0
flow_10.85,49.0,3.0,0
flow_30.134,51.0,3.0,0
flow_10.86,47.5,3.0,0
flow_10.87,46.0,3.0,0
flow_30.135,50.5,3.0,0
flow_10.88,44.5,2.5,0
flow_30.136,48.0,3.0,0
flow_10.89,43.0,2.5,0
flow_30.137,46.0,2.5,0
flow_20.77,21.5,2.0,0
flow_00.85,46.5,4.0,0
flow_00.86,46.5,3.0,0
flow_00.87,39.0,3.0,0
flow_00.88,34.5,2.5,0
flow_00.89,25.5,2.5,0
flow_20.78,21.0,1.5,0
flow_00.90,20.5,1.5,0
flow_10.90,69.5,4.0,0
flow_30.138,49.5,4.0,0
flow_30.139,47.5,3.0,0
flow_10.91,69.5,3.0,0
flow_10.92,68.0,3.0,0
flow_30.140,21.0,2.0,0
flow_10.93,64.0,3.0,0
flow_10.94,34.5,3.0,0
flow_20.79,22.0,2.0,0
flow_00.91,36.0,4.0,0
flow_00.92,30.0,3.0,0
flow_00.93,26.5,2.5,0
flow_20.80,21.0,1.5,0
flow_00.94,24.5,2.5,0
flow_10.95,25.5,3.0,0
flow_30.141,47.0,4.0,0
flow_10.96,24.5,2.5,0
flow_10.97,21.0,1.5,0
flow_10.98,22.5,2.5,0
flow_10.99,22.5,2.0,0
flow_20.81,36.5,4.0,0
flow_00.95,51.5,4.0,0
flow_00.96,50.5,3.0,0
flow_20.82,36.5,3.0,0
flow_00.97,43.0,3.0,0
flow_20.83,34.5,3.0,0
flow_00.98,41.5,2.5,0
flow_20.84,21.0,2.0,0
flow_00.99,42.0,3.0,0
flow_20.85,21.5,2.0,0
flow_00.100,40.5,3.0,0
flow_00.101,39.0,3.0,0
flow_10.100,50.0,4.0,0
flow_30.142,52.0,4.0,0
flow_10.101,48.0,3.0,0
flow_30.143,49.5,3.0,0
flow_30.144,46.5,3.0,0
flow_10.102,35.5,3.0,0
flow_30.145,35.5,3.0,0
flow_30.146,34.5,3.0,0
flow_20.0,20.5,1.5,0
flow_00.0,47.0,4.0,0
flow_20.1,39.5,4.0,0
flow_20.2,37.0,3.0,0
flow_00.1,47.5,3.0,0
flow_20.3,35.5,3.0,0
flow_00.2,29.0,3.0,0
flow_20.4,25.0,2.5,0
flow_30.0,26.0,3.5,0
flow_10.0,51.5,4.0,0
flow_10.1,20.5,1.5,0
flow_10.2,21.5,2.0,0
flow_00.3,46.5,4.0,0
flow_20.5,40.0,4.0,0
flow_00.4,35.5,3.0,0
flow_20.6,28.5,3.0,0
flow_20.7,20.5,1.5,0
flow_20.8,21.5,2.0,0
flow_30.1,40.0,4.0,0
flow_10.3,50.0,4.0,0
flow_10.4,49.5,3.0,0
flow_30.2,22.0,2.0,0
flow_10.5,28.5,3.0,0
flow_10.6,27.5,2.5,0
flow_10.7,26.5,2.5,0
flow_00.5,31.0,4.0,0
flow_20.9,39.5,4.0,0
flow_20.10,25.0,2.5,0
flow_20.11,22.5,2.0,0
flow_10.8,22.0,2.0,0
flow_10.9,21.5,2.0,0
flow_30.3,20.5,1.5,0
flow_10.10,21.0,1.5,0
flow_10.11,22.5,2.0,0
flow_00.6,29.0,3.5,0
flow_20.12,45.5,4.0,0
flow_00.7,27.5,3.0,0
flow_20.13,40.5,3.0,0
flow_20.14,28.5,3.0,0
flow_00.8,21.0,1.5,0
flow_20.15,23.0,2.0,0
flow_30.4,38.5,4.0,0
flow_10.12,27.5,3.5,0
flow_10.13,23.5,2.5,0
flow_30.5,36.0,3.0,0
flow_30.6,34.5,3.0,0
flow_10.14,21.5,2.0,0
flow_20.16,37.5,4.0,0
flow_00.9,50.5,4.0,0
flow_20.17,33.5,3.0,0
flow_20.18,33.0,3.0,0
flow_20.19,31.5,3.0,0
flow_20.20,23.0,2.0,0
flow_20.21,22.5,2.0,0
flow_10.15,45.0,4.0,0
flow_10.16,39.0,3.0,0
flow_10.17,37.0,3.0,0
flow_10.18,26.0,3.0,0
flow_30.7,22.0,2.0,0
flow_10.19,22.0,2.0,0
flow_20.22,51.0,4.0,0
flow_00.10,35.5,4.0,0
flow_00.11,34.5,3.0,0
flow_20.23,51.0,3.0,0
flow_20.24,46.5,3.0,0
flow_20.25,33.0,2.5,0
flow_00.12,21.5,2.0,0
flow_20.26,31.5,2.5,0
flow_20.27,28.5,2.5,0
flow_00.13,21.0,2.0,0
flow_10.20,50.5,4.0,0
flow_10.21,47.0,3.5,0
flow_20.28,44.0,4.0,0
flow_00.14,41.5,4.0,0
flow_20.29,43.0,3.0,0
flow_00.15,40.5,3.0,0
flow_00.16,39.5,3.0,0
flow_20.30,35.0,3.0,0
flow_20.31,33.0,2.5,0
flow_00.17,26.5,3.0,0
flow_20.32,31.5,2.5,0
flow_00.18,21.5,2.0,0
flow_20.33,27.5,2.5,0
flow_00.19,22.5,2.5,0
flow_10.22,20.5,1.5,0
flow_30.8,27.5,3.5,0
flow_30.9,26.5,3.0,0
flow_10.23,22.0,2.0,0
flow_30.10,23.5,2.5,0
flow_20.34,49.0,4.0,0
flow_20.35,48.5,3.0,0
flow_20.36,48.0,3.0,0
flow_20.37,46.5,3.0,0
flow_20.38,45.0,2.5,0
flow_20.39,37.5,2.5,0
flow_20.40,36.0,2.5,0
flow_10.24,50.5,4.0,0
flow_30.11,31.5,4.0,0
flow_30.12,30.5,3.5,0
flow_10.25,29.5,3.0,0
flow_30.13,30.0,3.0,0
flow_30.14,28.5,3.0,0
flow_30.15,23.5,2.0,0
flow_00.20,41.0,4.0,0
flow_20.41,63.5,4.0,0
flow_20.42,62.5,3.0,0
flow_00.21,37.0,3.0,0
flow_20.43,47.0,3.0,0
flow_00.22,35.0,3.0,0
flow_20.44,45.0,3.0,0
flow_20.45,44.0,3.0,0
flow_00.23,21.0,2.0,0
flow_20.46,43.0,3.0,0
flow_20.47,41.5,2.5,0
flow_30.16,39.5,4.0,0
flow_10.26,21.5,1.5,0
flow_30.17,40.0,3.0,0
flow_10.27,21.5,2.0,0
flow_30.18,39.0,3.0,0
flow_10.28,24.5,2.5,0
flow_10.29,23.0,2.0,0
flow_30.19,22.0,2.0,0
flow_20.48,65.0,4.0,0
flow_20.49,64.0,3.0,0
flow_20.50,63.0,3.0,0
flow_20.51,58.0,3.0,0
flow_20.52,45.0,3.0,0
flow_20.53,38.5,2.5,0
flow_00.24,21.5,2.0,0
flow_20.54,28.5,2.5,0
flow_30.20,47.5,4.0,0
flow_30.21,47.5,3.0,0
flow_30.22,33.0,3.0,0
flow_10.30,21.0,1.5,0
flow_10.31,22.5,2.0,0
flow_00.25,37.0,4.0,0
flow_20.55,52.5,4.0,0
flow_20.56,51.5,3.5,0
flow_00.26,22.0,1.5,0
flow_20.57,50.0,3.0,0
flow_20.58,48.5,3.0,0
flow_20.59,47.0,2.5,0
flow_00.27,20.0,1.5,0
flow_20.60,45.0,2.5,0
flow_20.61,43.5,2.5,0
flow_30.23,48.0,4.0,0
flow_10.32,49.5,4.0,0
flow_10.33,34.0,3.0,0
flow_30.24,32.5,3.0,0
flow_30.25,31.5,3.0,0
flow_30.26,27.0,3.0,0
flow_30.27,25.5,2.5,0
flow_00.28,48.0,4.0,0
flow_20.62,71.0,4.0,0
flow_00.29,47.5,3.0,0
flow_20.63,70.0,3.0,0
flow_20.64,69.0,3.0,0
flow_00.30,39.5,3.0,0
flow_20.65,58.0,3.0,0
flow_20.66,46.5,3.0,0
flow_20.67,45.0,2.5,0
flow_20.68,44.0,2.5,0
flow_30.28,45.0,4.0,0
flow_10.34,49.0,4.0,0
flow_30.29,28.5,3.0,0
flow_10.35,23.5,2.5,0
flow_10.36,22.0,2.0,0
flow_30.30,29.5,3.0,0
flow_10.37,21.5,2.0,0
flow_10.38,22.5,2.0,0
flow_20.69,70.0,4.0,0
flow_00.31,46.0,4.0,0
flow_20.70,70.0,3.0,0
flow_00.32,45.0,3.0,0
flow_20.71,68.5,3.0,0
flow_00.33,24.5,2.5,0
flow_00.34,23.0,2.0,0
flow_20.72,68.0,3.0,0
flow_20.73,49.5,3.0,0
flow_20.74,45.5,3.0,0
flow_20.75,41.5,2.5,0
flow_10.39,50.0,4.0,0
flow_30.31,31.5,4.0,0
flow_30.32,25.5,2.5,0
flow_10.40,49.5,3.0,0
flow_10.41,40.5,3.0,0
flow_30.33,22.0,2.0,0
flow_20.76,59.5,4.0,0
flow_00.35,23.0,2.0,0
flow_20.77,59.0,3.0,0
flow_20.78,56.5,3.0,0
flow_20.79,56.0,3.0,0
flow_20.80,50.0,3.0,0
flow_20.81,49.0,3.0,0
flow_20.82,40.0,2.5,0
flow_30.34,45.0,4.0,0
flow_10.42,35.5,4.0,0
flow_30.35,38.5,3.0,0
flow_10.43,35.0,3.0,0
flow_10.44,33.5,3.0,0
flow_10.45,32.5,3.0,0
flow_10.46,23.0,2.0,0
flow_20.83,65.5,4.0,0
flow_20.84,67.0,3.5,0
flow_20.85,65.5,3.0,0
flow_20.86,54.0,3.0,0
flow_20.87,52.5,3.0,0
flow_20.88,49.0,2.5,0
flow_20.89,47.5,2.5,0
flow_30.36,21.5,2.0,0
flow_10.47,37.0,4.0,0
flow_10.48,28.5,3.0,0
flow_10.49,26.5,3.0,0
flow_30.37,21.5,2.0,0
flow_10.50,25.5,3.0,0
flow_20.90,65.5,4.0,0
flow_20.91,57.0,3.0,0
flow_00.36,20.5,1.5,0
flow_20.92,56.5,3.0,0
flow_20.93,56.0,3.0,0
flow_20.94,37.0,3.0,0
flow_20.95,32.5,2.5,0
flow_20.96,24.0,2.5,0
flow_10.51,30.5,4.0,0
flow_30.38,50.0,4.0,0
flow_10.52,26.0,2.5,0
flow_30.39,24.0,2.0,0
flow_30.40,23.0,2.5,0
flow_00.37,21.0,2.0,0
flow_20.97,42.0,4.0,0
flow_20.98,40.5,3.0,0
flow_20.99,36.0,3.0,0
flow_00.38,21.0,1.5,0
flow_20.100,35.0,2.5,0
flow_20.101,33.5,2.5,0
flow_20.102,24.5,2.5,0
flow_20.103,22.5,2.0,0
flow_30.41,31.5,3.5,0
flow_30.42,30.5,3.0,0
flow_10.53,21.5,2.0,0
flow_30.43,29.0,3.0,0
flow_30.44,21.0,1.5,0
flow_20.104,44.5,4.0,0
flow_00.39,41.0,4.0,0
flow_20.105,42.5,3.0,0
flow_00.40,38.0,3.0,0
flow_00.41,29.5,3.0,0
flow_20.106,41.5,3.0,0
flow_20.107,40.0,3.0,0
flow_00.42,29.0,3.0,0
flow_20.108,37.0,3.0,0
flow_00.43,25.5,3.0,0
flow_20.109,36.0,2.5,0
flow_20.110,33.5,2.5,0
flow_10.54,30.5,4.0,0
flow_30.45,50.0,4.0,0
flow_30.46,41.5,3.0,0
flow_10.55,21.0,2.0,0
flow_30.47,24.5,2.5,0
flow_10.56,21.0,2.0,0
flow_20.111,59.5,4.0,0
flow_00.44,30.5,3.5,0
flow_20.112,38.5,3.5,0
flow_20.113,37.0,3.0,0
flow_00.45,20.5,1.5,0
flow_20.114,20.5,1.5,0
flow_30.48,28.5,3.5,0
flow_10.57,21.5,1.5,0
flow_10.58,21.5,2.0,0
flow_30.49,22.0,2.0,0
flow_30.50,21.5,2.0,0
flow_10.59,22.0,1.5,0
flow_10.60,21.0,1.5,0
flow_20.115,50.0,4.0,0
flow_00.46,52.0,4.0,0
flow_00.47,48.0,3.0,0
flow_20.116,47.0,3.0,0
flow_00.48,47.5,3.0,0
flow_20.117,41.5,3.0,0
flow_20.118,40.5,3.0,0
flow_00.49,47.0,3.0,0
flow_00.50,26.5,2.5,0
flow_20.119,32.5,3.0,0
flow_00.51,25.0,2.5,0
flow_20.120,24.5,2.5,0
flow_20.121,23.0,2.0,0
flow_30.51,24.0,2.5,0
flow_10.61,45.0,4.0,0
flow_10.62,21.5,2.0,0
flow_10.63,20.5,1.5,0
flow_30.52,21.5,2.0,0
flow_20.122,35.5,4.0,0
flow_20.123,22.5,2.0,0
flow_00.52,22.0,2.0,0
flow_00.53,20.5,2.0,0
flow_00.54,21.5,1.5,0
flow_30.53,22.0,2.0,0
flow_10.64,47.0,4.0,0
flow_10.65,47.5,3.5,0
flow_10.66,23.5,2.0,0
flow_10.67,20.5,1.5,0
flow_30.54,20.5,1.5,0
flow_20.124,47.5,4.0,0
flow_20.125,39.5,3.0,0
flow_20.126,39.5,3.0,0
flow_20.127,38.0,3.0,0
flow_20.128,36.5,2.5,0
flow_00.55,20.5,1.5,0
flow_20.129,35.5,2.5,0
flow_20.130,24.5,2.5,0
flow_00.56,21.5,2.0,0
flow_30.55,46.5,4.0,0
flow_10.68,30.0,3.5,0
flow_30.56,46.0,3.0,0
flow_30.57,42.5,3.0,0
flow_10.69,20.5,1.5,0
flow_30.58,41.0,2.5,0
flow_30.59,27.0,2.5,0
flow_30.60,21.0,2.0,0
flow_20.131,51.0,4.0,0
flow_20.132,48.5,3.0,0
flow_00.57,20.5,1.5,0
flow_20.133,48.0,3.0,0
flow_20.134,46.5,3.0,0
flow_20.135,45.0,3.0,0
flow_20.136,44.0,2.5,0
flow_20.137,35.5,2.5,0
flow_30.61,37.5,4.0,0
flow_30.62,26.5,2.5,0
flow_10.70,20.5,1.5,0
flow_00.58,26.5,3.5,0
flow_20.138,62.0,4.0,0
flow_20.139,60.5,3.0,0
flow_20.140,52.5,3.0,0
flow_20.141,52.0,3.0,0
flow_20.142,50.0,3.0,0
flow_20.143,40.5,3.0,0
flow_20.144,31.5,3.0,0
flow_10.71,42.0,4.0,0
flow_10.72,34.0,3.0,0
flow_30.63,22.0,2.0,0
flow_30.0,34.0,4.0,0
flow_30.1,30.0,3.0,0
flow_30.2,28.5,3.0,0
flow_30.3,28.5,3.0,0
flow_20.0,50.5,4.0,0
flow_00.0,40.5,4.0,0
flow_20.1,44.5,3.0,0
flow_00.1,35.0,3.0,0
flow_20.2,26.5,2.5,0
flow_00.2,34.0,3.0,0
flow_20.3,25.0,2.5,0
flow_00.3,21.5,2.0,0
flow_20.4,23.0,2.5,0
flow_20.5,22.0,2.0,0
flow_10.0,43.0,4.0,0
flow_30.4,35.5,4.0,0
flow_10.1,42.0,3.0,0
flow_10.2,21.0,1.5,0
flow_00.4,48.0,4.0,0
flow_20.6,52.0,4.0,0
flow_00.5,39.5,3.0,0
flow_20.7,52.5,3.5,0
flow_00.6,22.0,2.0,0
flow_20.8,51.5,3.0,0
flow_20.9,43.0,3.0,0
flow_00.7,21.5,2.0,0
flow_20.10,41.0,3.0,0
flow_20.11,39.5,3.0,0
flow_20.12,38.0,2.5,0
flow_10.3,51.5,4.0,0
flow_30.5,45.5,4.0,0
flow_10.4,50.0,3.0,0
flow_30.6,34.5,3.0,0
flow_10.5,49.0,3.0,0
flow_30.7,23.5,2.5,0
flow_10.6,47.5,3.0,0
flow_10.7,46.5,3.0,0
flow_30.8,21.5,2.0,0
flow_10.8,30.0,2.5,0
flow_20.13,62.5,4.0,0
flow_00.8,41.0,4.0,0
flow_20.14,62.0,3.0,0
flow_00.9,22.0,2.0,0
flow_20.15,57.5,3.0,0
flow_20.16,57.0,3.0,0
flow_20.17,55.5,2.5,0
flow_20.18,43.0,2.5,0
flow_20.19,41.5,2.5,0
flow_00.10,22.0,2.0,0
flow_10.9,25.0,3.0,0
flow_30.9,37.0,4.0,0
flow_10.10,22.5,2.0,0
flow_30.10,26.0,2.5,0
flow_00.11,45.5,4.0,0
flow_20.20,70.0,4.0,0
flow_20.21,69.0,3.0,0
flow_00.12,37.0,3.0,0
flow_20.22,67.5,3.0,0
flow_00.13,31.5,3.0,0
flow_20.23,32.0,2.5,0
flow_20.24,29.0,2.5,0
flow_20.25,26.5,2.5,0
flow_20.26,25.0,3.0,0
flow_30.11,37.0,4.0,0
flow_10.11,50.0,4.0,0
flow_10.12,26.0,2.5,0
flow_30.12,37.0,3.0,0
flow_30.13,36.0,3.0,0
flow_10.13,20.5,1.5,0
flow_30.14,28.0,3.0,0
flow_00.14,51.0,4.0,0
flow_20.27,52.5,4.0,0
flow_20.28,51.5,3.0,0
flow_00.15,36.5,3.0,0
flow_20.29,50.5,3.0,0
flow_00.16,28.5,3.0,0
flow_20.30,48.5,2.5,0
flow_00.17,25.0,2.5,0
flow_20.31,47.5,2.5,0
flow_20.32,46.0,2.5,0
flow_20.33,44.0,2.5,0
flow_10.14,51.5,4.0,0
flow_30.15,25.5,3.0,0
flow_10.15,52.5,3.5,0
flow_30.16,21.0,1.5,0
flow_20.34,70.5,4.0,0
flow_00.18,25.0,2.5,0
flow_20.35,54.5,3.0,0
flow_20.36,44.0,3.0,0
flow_20.37,39.0,3.0,0
flow_20.38,35.5,3.0,0
flow_20.39,28.5,2.5,0
flow_20.40,27.5,2.5,0
flow_30.17,39.0,4.0,0
flow_10.16,44.5,4.0,0
flow_30.18,23.0,2.0,0
flow_10.17,37.5,3.0,0
flow_10.18,36.5,3.0,0
flow_30.19,23.0,2.0,0
flow_00.19,34.5,4.0,0
flow_20.41,54.0,4.0,0
flow_20.42,53.0,3.0,0
flow_20.43,51.0,3.0,0
flow_20.44,49.0,2.5,0
flow_20.45,47.5,2.5,0
flow_20.46,46.5,2.5,0
flow_20.47,45.0,2.5,0
flow_10.19,20.5,1.5,0
flow_00.20,26.5,3.5,0
flow_20.48,71.5,4.0,0
flow_20.49,70.5,3.0,0
flow_00.21,21.5,2.0,0
flow_20.50,69.5,3.0,0
flow_20.51,68.0,2.5,0
flow_20.52,62.0,3.0,0
flow_00.22,23.5,2.5,0
flow_20.53,56.0,2.5,0
flow_20.54,54.5,2.5,0
flow_10.20,28.0,3.5,0
flow_20.55,81.0,4.0,0
flow_20.56,81.0,3.0,0
flow_20.57,79.0,3.0,0
flow_20.58,78.0,3.0,0
flow_20.59,76.0,2.5,0
flow_20.60,58.5,2.5,0
flow_20.61,55.5,2.5,0
flow_30.20,23.5,2.5,0
flow_10.21,44.0,4.0,0
flow_30.21,23.5,2.5,0
flow_10.22,22.5,2.0,0
flow_20.62,82.5,4.0,0
flow_20.63,82.5,3.5,0
flow_20.64,81.0,3.0,0
flow_20.65,79.5,3.0,0
flow_20.66,76.5,2.5,0
flow_20.67,58.0,2.5,0
flow_20.68,54.5,2.5,0
flow_30.22,48.0,4.0,0
flow_10.23,47.0,4.0,0
flow_30.23,48.0,3.0,0
flow_10.24,38.0,3.0,0
flow_30.24,32.5,3.0,0
flow_00.23,20.5,1.5,0
flow_20.69,83.0,4.0,0
flow_20.70,82.0,3.0,0
flow_20.71,81.5,3.0,0
flow_20.72,79.5,3.0,0
flow_20.73,77.5,3.0,0
flow_20.74,59.0,2.5,0
flow_00.24,21.5,1.5,0
flow_20.75,56.0,2.5,0
flow_10.25,41.5,4.0,0
flow_30.25,49.5,4.0,0
flow_10.26,41.0,3.0,0
flow_30.26,45.5,3.5,0
flow_30.27,22.0,2.0,0
flow_20.76,82.5,4.0,0
flow_00.25,35.0,4.0,0
flow_20.77,81.5,3.0,0
flow_00.26,22.5,2.0,0
flow_20.78,81.5,3.0,0
flow_20.79,80.0,3.0,0
flow_00.27,22.5,2.0,0
flow_20.80,78.5,3.0,0
flow_00.28,21.5,1.5,0
flow_20.81,59.5,3.0,0
flow_20.82,56.5,2.5,0
flow_00.29,23.0,2.0,0
flow_10.27,50.5,4.0,0
flow_10.28,50.5,3.0,0
flow_10.29,49.0,3.0,0
flow_10.30,48.0,2.5,0
flow_10.31,46.5,2.5,0
flow_10.32,44.0,2.5,0
flow_20.83,82.5,4.0,0
flow_00.30,47.5,4.0,0
flow_00.31,21.0,1.5,0
flow_20.84,81.5,3.0,0
flow_20.85,80.5,3.0,0
flow_20.86,79.5,3.0,0
flow_20.87,78.0,3.0,0
flow_20.88,59.0,2.5,0
flow_20.89,56.0,2.5,0
flow_10.33,42.5,4.0,0
flow_20.90,82.5,4.0,0
flow_00.32,34.0,4.0,0
flow_20.91,84.0,3.5,0
flow_20.92,82.0,3.0,0
flow_20.93,80.5,3.0,0
flow_20.94,78.0,3.0,0
flow_00.33,21.5,2.0,0
flow_20.95,59.5,3.0,0
flow_20.96,56.5,2.5,0
flow_30.28,43.0,4.0,0
flow_30.29,42.5,3.0,0
flow_30.30,42.5,3.0,0
flow_30.31,36.5,3.0,0
flow_20.97,82.5,4.0,0
flow_00.34,51.5,4.0,0
flow_20.98,81.5,3.0,0
flow_00.35,39.0,3.0,0
flow_00.36,37.5,3.0,0
flow_20.99,81.5,3.0,0
flow_20.100,79.5,3.0,0
flow_20.101,77.0,3.0,0
flow_20.102,58.5,2.5,0
flow_20.103,55.5,2.5,0
flow_30.32,33.0,4.0,0
flow_10.34,32.0,4.0,0
flow_30.33,27.0,3.0,0
flow_30.34,21.5,2.0,0
flow_20.104,82.5,4.0,0
flow_00.37,46.0,4.0,0
flow_20.105,82.0,3.0,0
flow_00.38,38.0,3.0,0
flow_20.106,80.5,3.0,0
flow_00.39,37.5,3.0,0
flow_20.107,79.5,3.0,0
flow_20.108,77.0,3.0,0
flow_20.109,59.0,2.5,0
flow_20.110,55.5,2.5,0
flow_30.35,35.0,4.0,0
flow_10.35,51.5,4.0,0
flow_30.36,26.0,2.5,0
flow_10.36,50.5,3.0,0
flow_10.37,33.0,3.0,0
flow_10.38,23.0,2.0,0
flow_20.111,82.5,4.0,0
flow_00.40,45.5,4.0,0
flow_20.112,82.0,3.0,0
flow_00.41,46.5,3.5,0
flow_20.113,81.0,3.0,0
flow_00.42,34.0,3.0,0
flow_20.114,80.0,3.0,0
flow_20.115,77.5,3.0,0
flow_00.43,20.5,1.5,0
flow_20.116,58.5,2.5,0
flow_20.117,55.5,2.5,0
flow_10.39,52.0,4.0,0
flow_10.40,25.0,2.5,0
flow_10.41,23.5,2.0,0
flow_10.42,22.0,2.0,0
flow_10.43,22.0,2.0,0
flow_30.37,21.0,1.5,0
flow_10.44,22.0,2.0,0
flow_20.118,82.5,4.0,0
flow_00.44,39.0,4.0,0
flow_00.45,25.5,2.5,0
flow_20.119,81.5,3.0,0
flow_00.46,24.5,2.5,0
flow_20.120,80.5,3.0,0
flow_20.121,79.5,3.0,0
flow_20.122,77.5,3.0,0
flow_20.123,58.5,2.5,0
flow_20.124,55.5,2.5,0
flow_10.45,33.5,4.0,0
flow_30.38,51.5,4.0,0
flow_30.39,50.0,3.0,0
flow_10.46,21.0,2.0,0
flow_30.40,34.5,3.0,0
flow_10.47,22.0,2.0,0
flow_20.125,82.5,4.0,0
flow_00.47,50.0,4.0,0
flow_20.126,81.0,3.0,0
flow_20.127,80.5,3.0,0
flow_20.128,79.0,2.5,0
flow_20.129,77.5,2.5,0
flow_20.130,58.5,2.5,0
flow_20.131,55.5,2.5,0
flow_10.48,48.5,4.0,0
flow_10.49,36.5,3.0,0
flow_10.50,28.5,3.0,0
flow_20.132,82.0,4.0,0
flow_00.48,21.0,1.5,0
flow_20.133,81.5,3.0,0
flow_20.134,80.5,3.0,0
flow_20.135,80.0,3.0,0
flow_20.136,77.5,3.0,0
flow_20.137,58.5,2.5,0
flow_20.138,55.5,2.5,0
flow_10.51,34.0,4.0,0
flow_20.139,82.5,4.0,0
flow_00.49,45.0,4.0,0
flow_20.140,82.0,3.0,0
flow_20.141,80.5,3.0,0
flow_20.142,80.5,3.0,0
flow_20.143,78.0,3.0,0
flow_20.144,59.0,2.5,0
flow_20.145,56.0,2.5,0
flow_10.52,35.5,4.0,0
flow_20.146,82.5,4.0,0
flow_00.50,33.5,4.0,0
flow_20.147,81.5,3.0,0
flow_20.148,80.0,3.0,0
flow_20.149,79.0,2.5,0
flow_20.150,77.0,2.5,0
flow_20.151,58.5,2.5,0
flow_20.152,55.5,2.5,0
flow_10.53,44.5,4.0,0
flow_30.41,41.5,4.0,0
flow_10.54,37.5,3.0,0
flow_10.55,30.5,3.0,0
flow_00.51,21.5,2.0,0
flow_20.153,83.0,4.0,0
flow_00.52,20.0,1.5,0
flow_20.154,81.5,3.0,0
flow_20.155,81.0,3.0,0
flow_20.156,79.5,3.0,0
flow_00.53,22.0,2.0,0
flow_20.157,78.5,3.0,0
flow_20.158,59.0,2.5,0
flow_20.159,56.0,2.5,0
flow_30.42,21.0,1.5,0
flow_10.56,46.0,4.0,0
flow_10.57,41.5,3.0,0
flow_30.43,21.5,2.0,0
flow_30.44,21.0,1.5,0
flow_20.160,82.5,4.0,0
flow_00.54,40.0,4.0,0
flow_20.161,81.5,3.0,0
flow_00.55,30.0,3.0,0
flow_20.162,80.5,3.0,0
flow_20.163,79.0,2.5,0
flow_20.164,77.0,2.5,0
flow_20.165,58.5,2.5,0
flow_20.166,55.5,2.5,0
flow_10.58,32.0,4.0,0
flow_30.45,21.5,2.0,0
flow_00.0,21.0,1.5,0
flow_20.0,20.5,1.5,0
flow_10.0,27.0,3.5,0
flow_30.0,20.5,1.5,0
flow_30.1,21.0,2.0,0
flow_10.1,22.0,2.0,0
flow_20.1,50.5,4.0,0
flow_00.1,34.0,4.0,0
flow_20.2,43.0,3.0,0
flow_00.2,33.5,3.0,0
flow_20.3,21.5,2.0,0
flow_00.3,20.5,1.5,0
flow_10.2,50.5,4.0,0
flow_30.2,50.5,4.0,0
flow_10.3,45.0,3.0,0
flow_30.3,39.5,3.0,0
flow_30.4,34.5,3.0,0
flow_10.4,45.0,3.0,0
flow_10.5,43.5,3.0,0
flow_10.6,41.5,3.0,0
flow_10.7,31.0,2.5,0
flow_10.8,29.5,2.5,0
flow_20.4,49.0,4.0,0
flow_00.4,41.5,4.0,0
flow_00.5,28.0,3.0,0
flow_20.5,28.0,3.0,0
flow_00.6,22.5,2.0,0
flow_20.6,21.5,2.0,0
flow_20.7,21.0,2.0,0
flow_00.7,20.5,1.5,0
flow_20.8,22.0,1.5,0
flow_10.9,55.5,4.0,0
flow_30.5,38.5,4.0,0
flow_10.10,55.5,3.0,0
flow_10.11,55.0,3.0,0
flow_30.6,22.0,2.0,0
flow_10.12,53.5,3.0,0
flow_10.13,51.5,3.0,0
flow_10.14,50.0,2.5,0
flow_10.15,48.5,2.5,0
flow_00.8,50.0,4.0,0
flow_20.9,31.5,3.5,0
flow_00.9,45.0,3.0,0
flow_20.10,22.5,2.0,0
flow_00.10,39.0,3.0,0
flow_10.16,73.0,4.0,0
flow_30.7,45.0,4.0,0
flow_10.17,65.5,3.0,0
flow_30.8,44.0,3.0,0
flow_10.18,51.0,3.0,0
flow_10.19,46.5,3.0,0
flow_10.20,45.0,2.5,0
flow_10.21,44.0,2.5,0
flow_10.22,42.5,2.5,0
flow_00.11,50.0,4.0,0
flow_20.11,44.0,4.0,0
flow_00.12,49.5,3.0,0
flow_20.12,43.5,3.0,0
flow_00.13,49.0,3.0,0
flow_20.13,43.0,3.0,0
flow_00.14,48.0,3.0,0
flow_20.14,38.5,3.0,0
flow_20.15,37.5,3.0,0
flow_20.16,36.0,2.5,0
flow_20.17,35.0,2.5,0
flow_30.9,24.0,2.5,0
flow_10.23,70.0,4.0,0
flow_30.10,23.0,2.0,0
flow_10.24,68.5,3.0,0
flow_10.25,67.0,3.0,0
flow_10.26,59.5,3.0,0
flow_10.27,51.5,3.0,0
flow_10.28,49.0,2.5,0
flow_10.29,47.5,2.5,0
flow_20.18,60.0,4.0,0
flow_00.15,37.5,4.0,0
flow_20.19,59.0,3.0,0
flow_20.20,45.5,3.0,0
flow_00.16,21.0,1.5,0
flow_10.30,71.5,4.0,0
flow_30.11,21.5,2.0,0
flow_10.31,71.0,3.0,0
flow_10.32,70.5,3.0,0
flow_10.33,68.5,2.5,0
flow_10.34,48.5,2.5,0
flow_30.12,21.0,1.5,0
flow_10.35,45.5,2.5,0
flow_10.36,44.0,2.5,0
flow_00.17,38.5,4.0,0
flow_20.21,48.0,4.0,0
flow_20.22,46.5,3.0,0
flow_20.23,43.5,3.0,0
flow_20.24,31.5,2.5,0
flow_00.18,21.0,1.5,0
flow_10.37,71.5,4.0,0
flow_30.13,47.0,4.0,0
flow_10.38,71.5,3.0,0
flow_30.14,40.0,3.0,0
flow_10.39,70.5,3.0,0
flow_30.15,36.5,3.0,0
flow_10.40,68.5,3.0,0
flow_30.16,35.5,3.0,0
flow_10.41,57.5,3.0,0
flow_30.17,29.0,2.5,0
flow_10.42,50.5,3.0,0
flow_10.43,47.0,2.5,0
flow_00.19,50.5,4.0,0
flow_20.25,36.0,4.0,0
flow_20.26,31.5,3.0,0
flow_20.27,28.5,3.0,0
flow_20.28,23.5,2.5,0
flow_00.20,20.5,1.5,0
flow_10.44,67.5,4.0,0
flow_30.18,40.5,4.0,0
flow_10.45,67.0,3.0,0
flow_10.46,66.0,3.0,0
flow_10.47,64.5,2.5,0
flow_30.19,21.0,1.5,0
flow_10.48,64.0,3.0,0
flow_10.49,58.5,2.5,0
flow_30.20,20.5,2.0,0
flow_10.50,56.0,2.5,0
flow_20.29,27.0,3.5,0
flow_00.21,41.5,4.0,0
flow_00.22,24.5,2.5,0
flow_20.30,22.0,2.0,0
flow_10.51,51.5,4.0,0
flow_30.21,33.0,4.0,0
flow_30.22,28.0,3.0,0
flow_10.52,50.5,3.0,0
flow_30.23,26.5,3.0,0
flow_10.53,49.5,3.0,0
flow_10.54,48.5,2.5,0
flow_10.55,47.0,2.5,0
flow_30.24,20.5,1.5,0
flow_10.56,45.0,3.0,0
flow_10.57,43.5,2.5,0
flow_00.23,41.0,4.0,0
flow_20.31,38.5,4.0,0
flow_00.24,21.5,2.0,0
flow_00.25,21.0,2.0,0
flow_20.32,24.0,2.5,0
flow_10.58,67.5,4.0,0
flow_30.25,38.0,4.0,0
flow_10.59,62.5,3.0,0
flow_30.26,23.5,2.5,0
flow_10.60,61.0,3.0,0
flow_10.61,60.0,2.5,0
flow_10.62,57.0,3.0,0
flow_10.63,53.5,2.5,0
flow_10.64,43.5,2.5,0
flow_00.26,49.5,4.0,0
flow_20.33,40.0,4.0,0
flow_00.27,49.0,3.0,0
flow_20.34,39.5,3.5,0
flow_20.35,38.0,3.0,0
flow_00.28,49.0,3.0,0
flow_20.36,33.0,2.5,0
flow_00.29,27.5,2.5,0
flow_20.37,32.0,2.5,0
flow_00.30,22.5,2.0,0
flow_20.38,30.5,2.5,0
flow_20.39,23.5,2.0,0
flow_10.65,66.0,4.0,0
flow_30.27,33.0,4.0,0
flow_30.28,24.5,2.5,0
flow_10.66,65.5,3.0,0
flow_10.67,64.5,3.0,0
flow_10.68,63.0,2.5,0
flow_10.69,50.0,2.5,0
flow_30.29,21.5,2.0,0
flow_10.70,46.5,2.5,0
flow_10.71,40.0,2.5,0
flow_20.40,41.0,4.0,0
flow_00.31,32.0,4.0,0
flow_20.41,26.5,2.5,0
flow_00.32,22.0,2.0,0
flow_20.42,25.0,2.5,0
flow_10.72,66.5,4.0,0
flow_30.30,51.0,4.0,0
flow_10.73,66.0,3.0,0
flow_30.31,26.0,2.5,0
flow_10.74,63.0,3.0,0
flow_10.75,59.0,3.0,0
flow_30.32,22.0,2.0,0
flow_10.76,57.5,2.5,0
flow_10.77,55.5,2.5,0
flow_30.33,21.0,2.0,0
flow_10.78,46.5,2.5,0
flow_20.43,43.5,4.0,0
flow_00.33,47.0,4.0,0
flow_00.34,44.5,3.0,0
flow_20.44,43.0,3.0,0
flow_00.35,22.5,2.0,0
flow_20.45,41.5,3.0,0
flow_20.46,37.5,3.0,0
flow_00.36,23.0,2.0,0
flow_00.37,21.5,1.5,0
flow_30.34,49.0,4.0,0
flow_10.79,75.0,4.0,0
flow_10.80,73.5,3.0,0
flow_30.35,50.5,3.5,0
flow_10.81,72.5,3.0,0
flow_30.36,39.5,3.0,0
flow_10.82,62.5,3.0,0
flow_30.37,38.5,3.0,0
flow_10.83,56.5,3.0,0
flow_30.38,31.0,3.0,0
flow_10.84,55.0,2.5,0
flow_30.39,29.5,2.5,0
flow_10.85,53.5,2.5,0
flow_30.40,28.5,2.5,0
flow_00.38,20.5,1.5,0
flow_20.47,36.5,4.0,0
flow_20.48,25.5,2.5,0
flow_00.39,21.0,1.5,0
flow_00.40,21.0,2.0,0
flow_20.49,23.0,2.0,0
flow_20.50,22.0,2.0,0
flow_10.86,80.0,4.0,0
flow_30.41,46.0,4.0,0
flow_10.87,79.5,3.0,0
flow_30.42,45.0,3.5,0
flow_10.88,78.0,3.0,0
flow_10.89,50.0,3.0,0
flow_10.90,50.0,3.0,0
flow_10.91,48.5,3.0,0
flow_10.92,46.5,2.5,0
flow_00.41,37.0,4.0,0
flow_20.51,48.5,4.0,0
flow_20.52,47.5,3.0,0
flow_00.42,37.0,3.0,0
flow_00.43,36.0,3.0,0
flow_20.53,47.5,3.0,0
flow_00.44,35.0,2.5,0
flow_20.54,46.0,3.0,0
flow_20.55,33.5,3.0,0
flow_20.56,32.0,2.5,0
flow_20.57,30.5,2.5,0
flow_10.93,73.0,4.0,0
flow_30.43,46.5,4.0,0
flow_10.94,73.0,3.0,0
flow_30.44,37.5,3.0,0
flow_10.95,71.5,3.0,0
flow_30.45,36.0,3.0,0
flow_10.96,67.0,3.0,0
flow_30.46,30.0,2.5,0
flow_10.97,59.5,2.5,0
flow_10.98,54.5,2.5,0
flow_10.99,48.5,2.5,0
flow_00.45,50.5,4.0,0
flow_20.58,55.5,4.0,0
flow_20.59,42.5,3.0,0
flow_00.46,47.0,3.0,0
flow_20.60,42.0,3.0,0
flow_00.47,32.5,3.0,0
flow_20.61,40.5,2.5,0
flow_20.62,37.5,2.5,0
flow_20.63,26.0,2.5,0
flow_20.64,24.5,2.5,0
flow_10.100,75.5,4.0,0
flow_30.47,50.5,4.0,0
flow_30.48,44.5,3.0,0
flow_10.101,73.0,3.0,0
flow_10.102,72.0,3.0,0
flow_30.49,38.5,3.0,0
flow_30.50,37.0,2.5,0
flow_10.103,35.0,3.0,0
flow_10.104,34.0,3.0,0
flow_10.105,32.5,2.5,0
flow_10.106,23.5,2.5,0
flow_00.48,47.5,4.0,0
flow_20.65,39.5,4.0,0
flow_20.66,31.0,3.5,0
flow_00.49,25.0,2.5,0
flow_20.67,30.0,3.0,0
flow_00.50,21.0,2.0,0
flow_20.68,28.5,3.0,0
flow_20.69,27.0,3.0,0
flow_20.70,24.5,2.5,0
flow_10.107,50.5,4.0,0
flow_30.51,47.5,4.0,0
flow_10.108,47.0,3.0,0
flow_30.52,32.5,3.0,0
flow_10.109,39.5,3.0,0
flow_30.53,23.5,2.5,0
flow_10.110,38.5,3.0,0
flow_10.111,32.0,2.5,0
flow_10.112,30.0,2.5,0
flow_10.113,26.5,2.5,0
flow_20.71,41.5,4.0,0
flow_00.51,42.5,4.0,0
flow_20.72,40.0,3.0,0
flow_00.52,38.5,3.0,0
flow_20.73,39.0,3.0,0
flow_00.53,29.0,3.0,0
flow_20.74,37.5,2.5,0
flow_00.54,22.5,2.0,0
flow_20.75,36.0,2.5,0
flow_20.76,34.5,2.5,0
flow_20.77,33.0,2.5,0
flow_10.114,49.0,4.0,0
flow_30.54,48.5,4.0,0
flow_10.115,48.5,3.0,0
flow_10.116,44.5,3.0,0
flow_10.117,38.0,3.0,0
flow_10.118,36.5,2.5,0
flow_10.119,34.0,2.5,0
flow_10.120,32.0,2.5,0
flow_20.78,59.5,4.0,0
flow_00.55,43.5,4.0,0
flow_20.79,59.0,3.0,0
flow_00.56,44.0,3.5,0
flow_20.80,58.5,3.0,0
flow_00.57,23.0,2.5,0
flow_20.81,52.5,3.0,0
flow_20.82,50.5,3.0,0
flow_20.83,44.0,2.5,0
flow_20.84,42.0,2.5,0
flow_30.55,49.5,4.0,0
flow_10.121,59.5,4.0,0
flow_10.122,58.5,3.0,0
flow_30.56,36.0,3.0,0
flow_30.57,30.0,3.0,0
flow_10.123,58.5,3.0,0
flow_10.124,56.5,3.0,0
flow_30.58,21.5,2.0,0
flow_10.125,53.0,3.0,0
flow_10.126,51.5,3.0,0
flow_10.127,47.5,2.5,0
flow_20.85,59.0,4.0,0
flow_00.58,50.0,4.0,0
flow_00.59,50.0,3.0,0
flow_20.86,59.0,3.5,0
flow_00.60,48.5,3.0,0
flow_20.87,49.5,3.0,0
flow_00.61,47.0,2.5,0
flow_20.88,38.0,3.0,0
flow_00.62,45.5,2.5,0
flow_20.89,24.0,2.0,0
flow_00.63,33.0,2.5,0
flow_20.90,22.0,2.0,0
flow_10.128,66.0,4.0,0
flow_30.59,47.0,4.0,0
flow_10.129,65.5,3.0,0
flow_30.60,41.0,3.0,0
flow_30.61,36.0,3.0,0
flow_10.130,66.0,3.0,0
flow_30.62,30.5,2.5,0
flow_10.131,64.5,3.0,0
flow_10.132,63.0,3.0,0
flow_10.133,59.5,3.0,0
flow_30.63,23.0,2.5,0
flow_10.134,56.5,3.0,0
flow_00.64,25.0,3.0,0
flow_20.91,51.0,4.0,0
flow_20.92,50.5,3.0,0
flow_20.93,49.5,3.0,0
flow_20.94,38.5,3.0,0
flow_20.95,31.5,3.0,0
flow_20.96,22.0,2.0,0
flow_10.135,82.5,4.0,0
flow_30.64,40.5,4.0,0
flow_10.136,81.5,3.0,0
flow_30.65,33.0,3.0,0
flow_30.66,31.5,3.0,0
flow_10.137,81.5,3.0,0
flow_10.138,77.0,3.0,0
flow_10.139,74.0,2.5,0
flow_10.140,58.5,2.5,0
flow_30.67,21.5,2.0,0
flow_10.141,55.5,2.5,0
flow_20.97,28.0,3.5,0
flow_00.65,51.0,4.0,0
flow_20.98,25.5,3.0,0
flow_00.66,47.5,3.0,0
flow_00.67,46.0,3.0,0
flow_00.68,30.5,2.5,0
flow_00.69,22.0,2.0,0
flow_30.68,48.5,4.0,0
flow_10.142,83.0,4.0,0
flow_10.143,81.5,3.0,0
flow_30.69,48.5,3.0,0
flow_30.70,47.0,3.0,0
flow_10.144,80.5,3.0,0
flow_30.71,40.5,2.5,0
flow_10.145,80.5,3.0,0
flow_30.72,30.5,2.5,0
flow_10.146,77.5,3.0,0
flow_10.147,59.0,3.0,0
flow_10.148,56.0,2.5,0
flow_20.99,50.0,4.0,0
flow_00.70,52.0,4.0,0
flow_00.71,35.0,3.0,0
flow_20.100,48.0,3.5,0
flow_20.101,39.0,3.0,0
flow_20.102,32.5,2.5,0
flow_20.103,23.5,2.5,0
flow_00.72,22.0,2.0,0
flow_20.104,22.5,2.0,0
flow_30.73,25.0,3.0,0
flow_10.149,84.0,4.0,0
flow_10.150,82.0,3.0,0
flow_10.151,81.0,3.0,0
flow_10.152,79.5,3.0,0
flow_30.74,22.0,2.0,0
flow_10.153,77.0,3.0,0
flow_10.154,58.5,2.5,0
flow_10.155,55.5,2.5,0
flow_30.75,22.5,2.0,0
flow_00.73,42.0,4.0,0
flow_20.105,53.0,4.0,0
flow_20.106,52.0,3.5,0
flow_20.107,50.0,3.0,0
flow_20.108,49.5,3.0,0
flow_20.109,47.5,3.0,0
flow_20.110,46.0,2.5,0
flow_20.111,41.0,3.0,0
flow_10.156,82.5,4.0,0
flow_30.76,35.5,4.0,0
flow_30.77,33.0,3.0,0
flow_10.157,81.5,3.0,0
flow_30.78,28.0,3.0,0
flow_10.158,80.5,3.0,0
flow_30.79,26.5,3.0,0
flow_10.159,79.5,3.0,0
flow_10.160,77.0,2.5,0
flow_30.80,26.0,3.0,0
flow_30.81,24.5,2.5,0
flow_10.161,59.0,2.5,0
flow_10.162,55.5,2.5,0
flow_00.74,31.5,4.0,0
flow_20.112,30.0,3.5,0
flow_20.113,21.0,1.5,0
flow_00.75,21.0,1.5,0
flow_20.114,21.0,2.0,0
flow_00.76,21.0,2.0,0
flow_10.163,82.5,4.0,0
flow_30.82,48.0,4.0,0
flow_10.164,82.0,3.0,0
flow_30.83,39.5,3.0,0
flow_10.165,80.5,3.0,0
flow_30.84,32.5,3.0,0
flow_30.85,29.5,3.0,0
flow_10.166,79.5,3.0,0
flow_30.86,26.5,3.0,0
flow_10.167,78.0,3.0,0
flow_00.0,20.0,1.5,0
flow_30.0,21.5,2.0,0
flow_30.1,21.0,2.0,0
flow_30.2,21.0,1.5,0
flow_10.0,22.0,2.0,0
flow_30.3,20.0,1.5,0
flow_10.1,23.0,2.0,0
flow_10.2,21.0,2.0,0
flow_30.4,21.0,2.0,0
flow_20.0,27.0,3.5,0
flow_00.1,49.0,4.0,0
flow_00.2,40.5,3.0,0
flow_00.3,35.5,3.0,0
flow_00.4,25.5,2.5,0
flow_00.5,24.0,2.5,0
flow_00.6,22.5,2.0,0
flow_10.3,49.5,4.0,0
flow_30.5,48.5,4.0,0
flow_10.4,49.0,3.0,0
flow_30.6,48.5,3.0,0
flow_30.7,48.5,3.0,0
flow_30.8,48.0,3.0,0
flow_10.5,21.5,2.0,0
flow_30.9,46.0,3.0,0
flow_10.6,21.0,2.0,0
flow_30.10,44.5,3.0,0
flow_30.11,42.0,3.0,0
flow_20.1,22.0,2.0,0
flow_00.7,54.5,4.0,0
flow_00.8,53.0,3.5,0
flow_20.2,22.0,2.0,0
flow_00.9,50.5,3.0,0
flow_00.10,49.0,3.0,0
flow_20.3,23.0,2.0,0
flow_00.11,47.5,3.0,0
flow_00.12,42.0,2.5,0
flow_00.13,39.0,2.5,0
flow_30.12,61.0,4.0,0
flow_10.7,37.5,4.0,0
flow_10.8,30.0,3.0,0
flow_30.13,49.5,3.0,0
flow_10.9,28.5,3.0,0
flow_30.14,42.0,3.0,0
flow_30.15,35.0,2.5,0
flow_30.16,33.5,2.5,0
flow_10.10,20.5,1.5,0
flow_30.17,32.0,2.5,0
flow_30.18,22.5,2.0,0
flow_20.4,41.5,4.0,0
flow_00.14,65.5,4.0,0
flow_20.5,42.0,3.0,0
flow_00.15,58.5,3.5,0
flow_00.16,46.0,3.0,0
flow_20.6,34.5,3.0,0
flow_00.17,38.5,3.0,0
flow_00.18,26.5,2.5,0
flow_00.19,24.5,2.5,0
flow_10.11,50.0,4.0,0
flow_30.19,49.5,4.0,0
flow_10.12,29.5,3.0,0
flow_30.20,34.0,3.0,0
flow_10.13,25.0,2.5,0
flow_30.21,33.0,3.0,0
flow_10.14,24.0,2.5,0
flow_30.22,31.5,3.0,0
flow_30.23,30.0,3.0,0
flow_10.15,24.0,2.5,0
flow_30.24,29.0,3.0,0
flow_10.16,22.5,2.0,0
flow_30.25,28.5,3.0,0
flow_20.7,29.0,3.5,0
flow_00.20,21.5,2.0,0
flow_20.8,23.0,2.0,0
flow_00.21,21.5,2.0,0
flow_10.17,51.5,4.0,0
flow_30.26,54.5,4.0,0
flow_10.18,50.0,3.0,0
flow_30.27,54.0,3.5,0
flow_10.19,49.0,3.0,0
flow_30.28,49.0,3.0,0
flow_10.20,41.5,3.0,0
flow_30.29,45.0,3.0,0
flow_10.21,30.0,2.5,0
flow_30.30,34.5,3.0,0
flow_10.22,25.5,2.5,0
flow_30.31,33.5,3.0,0
flow_30.32,32.0,2.5,0
flow_00.22,23.5,2.5,0
flow_20.9,46.0,4.0,0
flow_00.23,22.5,2.0,0
flow_20.10,36.5,3.0,0
flow_00.24,22.0,2.0,0
flow_20.11,21.5,2.0,0
flow_00.25,21.0,2.0,0
flow_10.23,46.0,4.0,0
flow_30.33,58.0,4.0,0
flow_30.34,58.0,3.0,0
flow_10.24,46.5,3.0,0
flow_10.25,23.5,2.5,0
flow_30.35,57.5,3.0,0
flow_10.26,22.0,2.0,0
flow_30.36,55.5,3.0,0
flow_30.37,54.0,3.0,0
flow_30.38,52.0,2.5,0
flow_30.39,51.0,2.5,0
flow_00.26,42.5,4.0,0
flow_20.12,45.5,4.0,0
flow_20.13,37.0,3.0,0
flow_00.27,25.5,2.5,0
flow_20.14,22.0,2.0,0
flow_20.15,22.5,2.0,0
flow_10.27,46.5,4.0,0
flow_30.40,73.0,4.0,0
flow_30.41,71.5,3.0,0
flow_10.28,43.5,3.0,0
flow_30.42,70.5,3.0,0
flow_30.43,69.0,2.5,0
flow_30.44,68.0,3.0,0
flow_30.45,58.0,2.5,0
flow_30.46,55.5,2.5,0
flow_00.28,46.0,4.0,0
flow_00.29,46.5,3.0,0
flow_00.30,46.0,3.0,0
flow_00.31,44.5,3.0,0
flow_00.32,37.0,3.0,0
flow_30.47,73.0,4.0,0
flow_10.29,51.0,4.0,0
flow_30.48,72.5,3.0,0
flow_10.30,40.5,3.0,0
flow_30.49,71.5,3.0,0
flow_30.50,71.0,3.0,0
flow_30.51,69.0,3.0,0
flow_30.52,58.5,2.5,0
flow_30.53,56.0,2.5,0
flow_00.33,38.5,4.0,0
flow_20.16,33.5,4.0,0
flow_00.34,38.0,3.0,0
flow_20.17,32.0,3.5,0
flow_00.35,37.5,3.0,0
flow_20.18,22.0,2.0,0
flow_00.36,31.0,2.5,0
flow_20.19,21.0,2.0,0
flow_20.20,22.0,1.5,0
flow_10.31,49.0,4.0,0
flow_30.54,83.0,4.0,0
flow_30.55,81.5,3.0,0
flow_10.32,50.0,3.5,0
flow_30.56,79.0,3.0,0
flow_10.33,39.5,3.0,0
flow_30.57,78.5,3.0,0
flow_10.34,38.5,3.0,0
flow_30.58,64.0,3.0,0
flow_10.35,37.0,3.0,0
flow_30.59,58.5,2.5,0
flow_10.36,33.5,3.0,0
flow_30.60,55.5,2.5,0
flow_10.37,22.5,2.5,0
flow_20.21,37.0,4.0,0
flow_20.22,26.5,2.5,0
flow_00.37,21.5,2.0,0
flow_10.38,27.5,3.5,0
flow_30.61,82.5,4.0,0
flow_30.62,81.5,3.0,0
flow_10.39,22.5,2.0,0
flow_30.63,80.0,3.0,0
flow_30.64,79.5,3.0,0
flow_30.65,77.5,3.0,0
flow_30.66,59.0,2.5,0
flow_30.67,46.0,2.5,0
flow_00.38,34.5,4.0,0
flow_20.23,50.5,4.0,0
flow_00.39,34.0,3.0,0
flow_20.24,50.0,3.0,0
flow_20.25,47.0,3.0,0
flow_00.40,34.0,3.0,0
flow_20.26,46.0,3.0,0
flow_20.27,45.0,3.0,0
flow_20.28,44.0,3.0,0
flow_20.29,36.5,2.5,0
flow_30.68,72.0,4.0,0
flow_10.40,33.5,4.0,0
flow_30.69,65.0,3.0,0
flow_10.41,33.0,3.5,0
flow_30.70,64.5,3.0,0
flow_10.42,31.5,3.0,0
flow_10.43,29.5,3.0,0
flow_30.71,64.5,3.0,0
flow_30.72,62.0,3.0,0
flow_10.44,28.0,3.0,0
flow_30.73,43.5,3.0,0
flow_10.45,26.5,3.0,0
flow_30.74,42.0,2.5,0
flow_20.30,44.5,4.0,0
flow_00.41,50.5,4.0,0
flow_00.42,36.0,3.0,0
flow_20.31,45.5,3.0,0
flow_00.43,31.0,3.0,0
flow_20.32,30.0,3.0,0
flow_00.44,30.0,3.0,0
flow_00.45,28.5,3.0,0
flow_10.46,41.0,4.0,0
flow_30.75,54.0,4.0,0
flow_30.76,52.5,3.0,0
flow_10.47,41.0,3.0,0
flow_30.77,51.5,3.0,0
flow_30.78,50.0,3.0,0
flow_10.48,21.5,2.0,0
flow_30.79,49.5,3.0,0
flow_30.80,43.0,3.0,0
flow_30.81,25.0,2.5,0
flow_00.46,44.0,4.0,0
flow_20.33,47.0,4.0,0
flow_00.47,38.0,3.0,0
flow_00.48,35.5,3.0,0
flow_00.49,26.5,3.0,0
flow_00.50,24.5,2.5,0
flow_20.34,20.5,1.5,0
flow_30.82,51.5,4.0,0
flow_10.49,50.5,4.0,0
flow_30.83,51.5,3.0,0
flow_10.50,42.5,3.0,0
flow_30.84,47.0,3.0,0
flow_10.51,41.5,3.0,0
flow_30.85,40.5,2.5,0
flow_10.52,40.0,3.0,0
flow_10.53,39.0,3.0,0
flow_30.86,41.0,3.0,0
flow_10.54,37.0,2.5,0
flow_30.87,38.0,3.0,0
flow_10.55,35.5,2.5,0
flow_30.88,34.0,3.0,0
flow_00.51,47.5,4.0,0
flow_20.35,42.5,4.0,0
flow_00.52,41.5,3.0,0
flow_20.36,21.5,2.0,0
flow_00.53,21.0,2.0,0
flow_20.37,22.0,2.0,0
flow_00.54,21.5,2.0,0
flow_20.38,26.5,2.5,0
flow_30.89,56.0,4.0,0
flow_10.56,52.5,4.0,0
flow_30.90,51.5,3.0,0
flow_10.57,32.5,3.0,0
flow_30.91,50.0,3.0,0
flow_10.58,30.0,3.0,0
flow_30.92,49.5,3.0,0
flow_10.59,28.0,3.0,0
flow_30.93,41.5,3.0,0
flow_10.60,26.5,3.0,0
flow_30.94,40.0,2.5,0
flow_10.61,24.5,2.5,0
flow_30.95,37.5,2.5,0
flow_10.62,23.5,2.5,0
flow_20.39,50.5,4.0,0
flow_00.55,47.0,4.0,0
flow_00.56,46.5,3.0,0
flow_20.40,47.5,3.0,0
flow_00.57,38.0,3.0,0
flow_20.41,46.5,3.0,0
flow_00.58,31.5,2.5,0
flow_20.42,44.0,3.0,0
flow_20.43,36.5,3.0,0
flow_00.59,24.0,2.5,0
flow_30.96,49.0,4.0,0
flow_10.63,50.0,4.0,0
flow_10.64,45.5,3.0,0
flow_30.97,48.5,3.0,0
flow_30.98,44.5,3.0,0
flow_10.65,40.5,3.0,0
flow_10.66,29.5,2.5,0
flow_10.67,20.5,1.5,0
flow_20.44,48.5,4.0,0
flow_00.60,50.0,4.0,0
flow_00.61,50.0,3.0,0
flow_20.45,39.5,3.0,0
flow_00.62,43.5,3.0,0
flow_20.46,34.0,3.0,0
flow_20.47,30.0,2.5,0
flow_00.63,21.0,1.5,0
flow_20.48,21.0,2.0,0
flow_30.99,50.5,4.0,0
flow_10.68,49.0,4.0,0
flow_30.100,39.5,3.0,0
flow_10.69,50.5,3.5,0
flow_30.101,38.5,3.0,0
flow_10.70,24.0,2.0,0
flow_30.102,37.5,2.5,0
flow_10.71,21.5,2.0,0
flow_30.103,36.0,2.5,0
flow_10.72,21.0,2.0,0
flow_30.104,34.5,2.5,0
flow_30.105,32.5,2.5,0
flow_00.64,26.0,3.0,0
flow_20.49,38.5,4.0,0
flow_20.50,38.5,3.0,0
flow_00.65,22.5,2.0,0
flow_00.66,21.0,2.0,0
flow_00.67,21.5,1.5,0
flow_30.106,58.0,4.0,0
flow_10.73,46.0,4.0,0
flow_30.107,56.5,3.0,0
flow_10.74,46.0,3.0,0
flow_30.108,52.0,3.0,0
flow_10.75,44.5,3.0,0
flow_30.109,42.0,2.5,0
flow_10.76,31.0,2.5,0
flow_30.110,40.5,2.5,0
flow_10.77,29.5,2.5,0
flow_30.111,40.0,2.5,0
flow_30.112,38.5,2.5,0
flow_20.51,49.0,4.0,0
flow_20.52,43.5,3.0,0
flow_00.68,22.0,2.0,0
flow_20.53,42.0,3.0,0
flow_20.54,41.5,3.0,0
flow_30.113,65.0,4.0,0
flow_10.78,48.0,4.0,0
flow_30.114,64.0,3.0,0
flow_10.79,32.0,3.0,0
flow_30.115,63.0,3.0,0
flow_10.80,20.5,1.5,0
flow_30.116,61.5,2.5,0
flow_30.117,59.0,2.5,0
flow_10.81,20.0,2.0,0
flow_30.118,57.0,2.5,0
flow_30.119,55.0,2.5,0
flow_20.55,41.5,4.0,0
flow_00.69,21.5,1.5,0
flow_20.56,38.0,3.0,0
flow_20.57,21.5,2.0,0
flow_20.58,22.5,2.0,0
flow_30.120,82.0,4.0,0
flow_10.82,53.0,4.0,0
flow_30.121,81.5,3.0,0
flow_10.83,51.5,3.0,0
flow_30.122,80.0,3.0,0
flow_10.84,50.0,3.0,0
flow_30.123,78.5,2.5,0
flow_10.85,49.0,3.0,0
flow_30.124,68.5,2.5,0
flow_10.86,46.0,2.5,0
flow_30.125,58.0,2.5,0
flow_10.87,45.5,2.5,0
flow_30.126,55.0,2.5,0
flow_10.88,29.0,2.5,0
flow_20.59,37.5,4.0,0
flow_00.70,21.0,1.5,0
flow_00.71,21.0,2.0,0
flow_00.72,21.0,1.5,0
flow_30.127,82.5,4.0,0
flow_10.89,40.5,4.0,0
flow_30.128,81.5,3.0,0
flow_10.90,31.0,3.5,0
flow_30.129,60.5,3.0,0
flow_30.130,59.0,3.0,0
flow_30.131,55.5,2.5,0
flow_30.132,51.0,2.5,0
flow_30.133,49.5,2.5,0
flow_20.60,51.5,4.0,0
flow_00.73,45.0,4.0,0
flow_20.61,48.0,3.0,0
flow_00.74,35.5,3.0,0
flow_20.62,47.0,3.0,0
flow_20.63,46.0,2.5,0
flow_00.75,22.5,2.0,0
flow_20.64,44.5,2.5,0
flow_20.65,43.0,2.5,0
flow_00.76,22.5,2.0,0
flow_20.66,26.0,2.5,0
flow_10.91,42.5,4.0,0
flow_30.134,72.0,4.0,0
flow_30.135,61.0,3.0,0
flow_10.92,42.5,3.0,0
flow_10.93,37.0,3.0,0
flow_30.136,57.0,3.0,0
flow_10.94,33.0,2.5,0
flow_30.137,56.0,3.0,0
flow_10.95,23.5,2.0,0
flow_30.138,54.5,3.0,0
flow_30.139,53.0,3.0,0
flow_30.140,50.0,2.5,0
flow_20.67,43.5,4.0,0
flow_00.77,29.0,3.5,0
flow_00.78,22.5,2.0,0
flow_20.68,44.5,3.0,0
flow_00.79,22.0,2.0,0
flow_20.69,33.0,3.0,0
flow_20.70,31.5,3.0,0
flow_20.71,29.5,3.0,0
flow_20.72,28.0,3.0,0
flow_30.141,75.5,4.0,0
flow_10.96,50.0,4.0,0
flow_10.97,49.5,3.0,0
flow_30.142,76.5,3.0,0
flow_10.98,39.0,3.0,0
flow_30.143,75.5,3.0,0
flow_30.144,68.5,3.0,0
flow_10.99,39.5,3.0,0
flow_30.145,67.0,3.0,0
flow_10.100,33.5,3.0,0
flow_10.101,30.0,2.5,0
flow_30.146,59.0,3.0,0
flow_30.147,56.5,2.5,0
flow_10.102,22.5,2.5,0
flow_00.80,26.0,3.5,0
flow_20.73,49.5,4.0,0
flow_20.74,47.5,3.0,0
flow_00.81,24.5,2.5,0
flow_00.82,22.0,2.0,0
flow_20.75,30.5,3.0,0
flow_20.76,29.5,3.0,0
flow_00.83,20.5,1.5,0
flow_20.77,27.5,3.0,0
flow_20.78,26.0,2.5,0
flow_20.79,25.0,2.5,0
flow_10.103,47.5,4.0,0
flow_30.148,83.0,4.0,0
flow_10.104,47.5,3.0,0
flow_30.149,82.0,3.0,0
flow_10.105,44.5,3.0,0
flow_30.150,81.0,3.0,0
flow_10.106,43.0,2.5,0
flow_30.151,79.5,3.0,0
flow_30.152,78.0,3.0,0
flow_10.107,37.0,3.0,0
flow_30.153,59.0,2.5,0
flow_10.108,35.0,2.5,0
flow_30.154,56.0,2.5,0
flow_10.109,33.5,2.5,0
flow_00.84,25.0,3.0,0
flow_20.80,45.0,4.0,0
flow_20.81,45.5,3.0,0
flow_20.82,28.5,3.0,0
flow_20.83,27.0,2.5,0
flow_30.155,82.5,4.0,0
flow_10.110,37.5,4.0,0
flow_30.156,81.5,3.0,0
flow_10.111,22.0,2.0,0
flow_30.157,80.5,3.0,0
flow_10.112,21.0,2.0,0
flow_30.158,79.5,3.0,0
flow_10.113,21.0,2.0,0
flow_30.159,77.5,3.0,0
flow_30.160,59.5,3.0,0
flow_30.161,57.0,3.0,0
flow_20.84,51.5,4.0,0
flow_20.85,50.5,3.0,0
flow_20.86,49.0,3.0,0
flow_20.87,25.0,2.5,0
flow_20.88,23.5,2.5,0
flow_20.89,23.0,2.0,0
flow_30.162,82.0,4.0,0
flow_10.114,47.5,4.0,0
flow_30.163,81.0,3.0,0
flow_10.115,44.0,3.0,0
flow_30.164,80.5,3.0,0
flow_10.116,29.5,3.0,0
flow_30.165,70.5,3.0,0
flow_10.117,28.5,3.0,0
flow_30.166,69.0,3.0,0
flow_10.118,24.5,2.5,0
flow_20.0,20.5,1.5,0
flow_10.0,31.5,4.0,0
flow_30.0,28.5,3.5,0
flow_30.1,28.0,3.0,0
flow_30.2,26.5,3.0,0
flow_10.1,23.0,2.0,0
flow_10.2,21.0,2.0,0
flow_30.3,21.0,1.5,0
flow_00.0,37.5,4.0,0
flow_20.1,20.0,1.5,0
flow_10.3,50.0,4.0,0
flow_30.4,47.0,4.0,0
flow_30.5,47.0,3.0,0
flow_10.4,46.5,3.5,0
flow_30.6,46.0,3.0,0
flow_30.7,44.0,3.0,0
flow_30.8,42.5,3.0,0
flow_30.9,39.0,2.5,0
flow_30.10,38.0,2.5,0
flow_00.1,41.0,4.0,0
flow_20.2,34.0,4.0,0
flow_00.2,26.0,2.5,0
flow_30.11,64.5,4.0,0
flow_10.5,50.0,4.0,0
flow_30.12,61.5,3.0,0
flow_30.13,52.0,3.0,0
flow_10.6,20.5,1.5,0
flow_30.14,47.5,2.5,0
flow_30.15,43.0,3.0,0
flow_30.16,42.0,2.5,0
flow_30.17,39.0,2.5,0
flow_00.3,21.0,2.0,0
flow_20.3,47.0,4.0,0
flow_00.4,21.0,2.0,0
flow_30.18,64.0,4.0,0
flow_10.7,33.5,4.0,0
flow_30.19,62.5,3.0,0
flow_10.8,27.0,3.0,0
flow_30.20,61.5,3.0,0
flow_10.9,26.0,2.5,0
flow_10.10,24.0,2.0,0
flow_30.21,51.5,3.0,0
flow_10.11,22.5,2.0,0
flow_30.22,49.5,3.0,0
flow_30.23,26.5,2.5,0
flow_30.24,23.0,2.0,0
flow_20.4,35.5,4.0,0
flow_00.5,35.0,4.0,0
flow_10.12,46.0,4.0,0
flow_30.25,47.5,4.0,0
flow_30.26,32.0,3.5,0
flow_10.13,30.0,3.0,0
flow_30.27,30.5,3.0,0
flow_10.14,28.5,3.0,0
flow_30.28,28.5,3.0,0
flow_30.29,27.0,2.5,0
flow_30.30,23.5,2.0,0
flow_00.6,40.5,4.0,0
flow_00.7,40.5,3.0,0
flow_00.8,25.5,2.5,0
flow_20.5,22.0,2.0,0
flow_30.31,50.5,4.0,0
flow_10.15,47.5,4.0,0
flow_30.32,50.5,3.0,0
flow_10.16,46.0,3.0,0
flow_30.33,49.5,3.0,0
flow_10.17,45.5,3.0,0
flow_30.34,48.5,3.0,0
flow_10.18,25.0,2.5,0
flow_30.35,34.0,3.0,0
flow_10.19,23.5,2.5,0
flow_30.36,27.0,2.5,0
flow_10.20,21.0,1.5,0
flow_20.6,23.0,2.0,0
flow_00.9,40.5,4.0,0
flow_00.10,34.0,3.0,0
flow_20.7,22.0,2.0,0
flow_30.37,50.5,4.0,0
flow_10.21,34.5,4.0,0
flow_30.38,47.0,3.0,0
flow_30.39,45.5,3.0,0
flow_10.22,22.5,2.0,0
flow_10.23,21.0,2.0,0
flow_30.40,46.0,3.0,0
flow_30.41,45.0,3.0,0
flow_30.42,33.0,3.0,0
flow_30.43,27.5,3.0,0
flow_00.11,45.0,4.0,0
flow_00.12,21.5,2.0,0
flow_30.44,43.0,4.0,0
flow_30.45,37.0,3.0,0
flow_10.24,21.5,2.0,0
flow_30.46,35.5,3.0,0
flow_10.25,21.0,2.0,0
flow_30.47,21.5,2.0,0
flow_30.48,22.0,2.0,0
flow_20.8,50.5,4.0,0
flow_00.13,51.0,4.0,0
flow_20.9,40.0,3.0,0
flow_00.14,50.0,3.0,0
flow_00.15,49.5,3.0,0
flow_00.16,27.5,2.5,0
flow_00.17,22.5,2.0,0
flow_10.26,25.5,3.0,0
flow_30.49,44.0,4.0,0
flow_10.27,24.0,2.5,0
flow_30.50,42.0,3.0,0
flow_30.51,35.0,3.0,0
flow_30.52,34.0,2.5,0
flow_30.53,27.0,2.5,0
flow_00.18,53.0,4.0,0
flow_00.19,49.5,3.0,0
flow_00.20,48.5,3.0,0
flow_30.54,51.0,4.0,0
flow_10.28,50.0,4.0,0
flow_30.55,50.0,3.0,0
flow_10.29,41.0,3.0,0
flow_30.56,40.0,3.0,0
flow_10.30,37.0,3.0,0
flow_30.57,26.0,3.0,0
flow_10.31,27.0,3.0,0
flow_30.58,24.5,2.5,0
flow_10.32,25.5,3.0,0
flow_30.59,23.5,2.0,0
flow_10.33,24.0,2.5,0
flow_30.60,22.0,2.0,0
flow_20.10,51.0,4.0,0
flow_00.21,43.5,4.0,0
flow_20.11,48.0,3.0,0
flow_20.12,36.0,3.0,0
flow_00.22,20.5,1.5,0
flow_20.13,20.0,1.5,0
flow_30.61,43.0,4.0,0
flow_10.34,36.5,4.0,0
flow_30.62,24.0,2.0,0
flow_10.35,30.0,3.0,0
flow_10.36,21.0,2.0,0
flow_30.63,21.0,2.0,0
flow_30.64,20.5,1.5,0
flow_10.37,21.0,1.5,0
flow_20.14,51.0,4.0,0
flow_20.15,39.0,3.0,0
flow_20.16,27.0,2.5,0
flow_30.65,46.5,4.0,0
flow_30.66,30.0,3.0,0
flow_30.67,28.5,3.0,0
flow_30.68,23.5,2.5,0
flow_10.38,22.5,2.0,0
flow_20.17,26.0,3.5,0
flow_20.18,21.5,2.0,0
flow_20.19,20.5,1.5,0
flow_00.23,21.0,1.5,0
flow_00.24,21.5,2.0,0
flow_10.39,46.0,4.0,0
flow_30.69,44.5,4.0,0
flow_10.40,36.0,3.0,0
flow_30.70,42.0,3.0,0
flow_10.41,34.5,3.0,0
flow_30.71,38.5,3.0,0
flow_10.42,33.5,2.5,0
flow_30.72,37.5,3.0,0
flow_10.43,32.0,2.5,0
flow_30.73,36.5,3.0,0
flow_30.74,34.5,2.5,0
flow_10.44,21.5,2.0,0
flow_30.75,31.0,2.5,0
flow_20.20,21.5,2.0,0
flow_00.25,27.5,3.5,0
flow_00.26,26.5,3.0,0
flow_20.21,21.0,1.5,0
flow_20.22,21.5,2.0,0
flow_30.76,39.0,4.0,0
flow_10.45,32.5,4.0,0
flow_30.77,26.5,2.5,0
flow_30.78,22.0,2.0,0
flow_00.27,40.0,4.0,0
flow_20.23,36.5,4.0,0
flow_00.28,39.0,3.0,0
flow_20.24,22.0,2.0,0
flow_00.29,30.0,3.0,0
flow_00.30,29.5,3.0,0
flow_10.46,22.0,2.0,0
flow_30.79,43.5,4.0,0
flow_30.80,31.0,3.5,0
flow_30.81,30.0,3.0,0
flow_10.47,23.0,2.0,0
flow_30.82,21.0,1.5,0
flow_10.48,20.5,1.5,0
flow_00.31,40.5,4.0,0
flow_00.32,34.0,3.0,0
flow_00.33,25.5,2.5,0
flow_00.34,22.5,2.0,0
flow_10.49,48.5,4.0,0
flow_30.83,41.5,4.0,0
flow_10.50,35.5,3.0,0
flow_30.84,35.0,3.0,0
flow_10.51,34.5,3.0,0
flow_30.85,20.5,1.5,0
flow_00.35,46.0,4.0,0
flow_20.25,27.5,3.5,0
flow_10.52,22.0,2.0,0
flow_30.86,44.5,4.0,0
flow_30.87,44.5,3.5,0
flow_30.88,43.0,3.0,0
flow_30.89,42.5,3.0,0
flow_30.90,39.5,3.0,0
flow_30.91,37.5,2.5,0
flow_30.92,36.5,2.5,0
flow_10.53,23.0,2.0,0
flow_00.36,20.0,1.5,0
flow_30.93,63.0,4.0,0
flow_30.94,56.5,3.0,0
flow_30.95,53.0,3.0,0
flow_30.96,48.0,2.5,0
flow_30.97,47.0,2.5,0
flow_30.98,43.5,2.5,0
flow_30.99,22.5,2.5,0
flow_00.37,46.0,4.0,0
flow_20.26,34.0,4.0,0
flow_20.27,22.0,2.0,0
flow_00.38,20.5,1.5,0
flow_20.28,20.0,1.5,0
flow_00.39,21.0,2.0,0
flow_10.54,31.0,4.0,0
flow_30.100,49.0,4.0,0
flow_10.55,30.5,3.5,0
flow_30.101,47.0,3.0,0
flow_30.102,45.5,3.0,0
flow_10.56,29.5,3.0,0
flow_10.57,28.0,3.0,0
flow_30.103,44.5,2.5,0
flow_30.104,40.5,2.5,0
flow_10.58,22.0,2.0,0
flow_30.105,39.0,2.5,0
flow_30.106,22.5,2.5,0
flow_20.29,22.0,2.0,0
flow_00.40,37.5,4.0,0
flow_00.41,23.5,2.5,0
flow_30.107,48.0,4.0,0
flow_30.108,48.0,3.0,0
flow_30.109,47.0,3.0,0
flow_30.110,45.5,3.0,0
flow_30.111,44.0,2.5,0
flow_30.112,42.5,2.5,0
flow_30.113,41.0,2.5,0
flow_00.42,45.0,4.0,0
flow_20.30,40.5,4.0,0
flow_20.31,22.0,2.0,0
flow_00.43,23.0,2.5,0
flow_20.32,21.5,2.0,0
flow_10.59,22.5,2.0,0
flow_30.114,67.5,4.0,0
flow_30.115,68.0,3.5,0
flow_30.116,66.5,3.0,0
flow_30.117,65.0,3.0,0
flow_30.118,63.0,3.0,0
flow_30.119,58.0,2.5,0
flow_30.120,57.0,3.0,0
flow_20.33,20.0,1.5,0
flow_00.44,22.0,2.0,0
flow_20.34,21.5,2.0,0
flow_00.45,20.5,1.5,0
flow_30.121,82.0,4.0,0
flow_10.60,50.5,4.0,0
flow_30.122,80.0,3.0,0
flow_10.61,49.5,3.0,0
flow_30.123,79.5,3.0,0
flow_10.62,42.5,3.0,0
flow_30.124,68.5,3.0,0
flow_30.125,60.0,2.5,0
flow_30.126,43.0,2.5,0
flow_30.127,41.0,2.5,0
flow_00.46,36.5,4.0,0
flow_20.35,20.5,1.5,0
flow_30.128,68.0,4.0,0
flow_10.63,47.5,4.0,0
flow_30.129,56.0,3.0,0
flow_30.130,55.0,3.0,0
flow_30.131,52.5,3.0,0
flow_30.132,52.0,3.0,0
flow_30.133,40.5,3.0,0
flow_30.134,34.5,3.0,0
flow_00.47,45.5,4.0,0
flow_20.36,40.5,4.0,0
flow_00.48,43.5,3.0,0
flow_00.49,42.0,3.0,0
flow_00.50,41.5,2.5,0
flow_00.51,40.0,2.5,0
flow_00.52,37.5,2.5,0
flow_00.53,27.5,2.5,0
flow_10.64,31.5,4.0,0
flow_30.135,59.5,4.0,0
flow_10.65,23.0,2.0,0
flow_30.136,56.0,3.0,0
flow_10.66,21.5,2.0,0
flow_30.137,51.0,3.0,0
flow_30.138,50.0,3.0,0
flow_30.139,49.0,3.0,0
flow_30.140,39.5,2.5,0
flow_30.141,32.0,2.5,0
flow_20.37,47.5,4.0,0
flow_00.54,41.0,4.0,0
flow_30.142,58.5,4.0,0
flow_10.67,50.0,4.0,0
flow_30.143,50.5,3.5,0
flow_30.144,43.5,3.0,0
flow_30.145,42.0,2.5,0
flow_30.146,40.5,2.5,0
flow_00.0,20.0,1.5,0
flow_00.1,21.0,2.0,0
flow_30.0,23.0,2.5,0
flow_10.0,30.0,3.5,0
flow_30.1,21.5,2.0,0
flow_10.1,29.0,3.0,0
flow_10.2,28.0,3.0,0
flow_10.3,26.0,2.5,0
flow_30.2,20.5,1.5,0
flow_10.4,25.0,2.5,0
flow_20.0,35.5,4.0,0
flow_00.2,50.5,4.0,0
flow_00.3,49.0,3.0,0
flow_20.1,24.0,2.5,0
flow_00.4,39.5,3.0,0
flow_00.5,21.5,2.0,0
flow_00.6,22.0,2.0,0
flow_10.5,50.5,4.0,0
flow_30.3,25.5,3.0,0
flow_10.6,50.0,3.0,0
flow_10.7,49.0,3.0,0
flow_10.8,47.5,2.5,0
flow_30.4,20.0,1.5,0
flow_10.9,47.0,3.0,0
flow_10.10,46.0,3.0,0
flow_30.5,22.0,2.0,0
flow_10.11,43.5,3.0,0
flow_20.2,43.5,4.0,0
flow_00.7,39.5,4.0,0
flow_00.8,37.0,3.0,0
flow_20.3,43.5,3.0,0
flow_00.9,34.0,3.0,0
flow_20.4,37.0,3.0,0
flow_00.10,32.5,2.5,0
flow_20.5,32.5,2.5,0
flow_00.11,31.0,2.5,0
flow_20.6,31.5,2.5,0
flow_20.7,24.0,2.5,0
flow_10.12,69.0,4.0,0
flow_30.6,44.0,4.0,0
flow_30.7,28.0,3.0,0
flow_10.13,70.0,3.5,0
flow_10.14,61.0,3.0,0
flow_10.15,45.5,3.0,0
flow_10.16,41.0,3.0,0
flow_10.17,39.5,3.0,0
flow_00.12,43.0,4.0,0
flow_20.8,45.0,4.0,0
flow_20.9,37.5,3.0,0
flow_00.13,21.5,1.5,0
flow_30.8,31.5,4.0,0
flow_10.18,46.0,4.0,0
flow_10.19,27.5,3.0,0
flow_30.9,26.0,2.5,0
flow_10.20,23.0,2.0,0
flow_30.10,21.0,1.5,0
flow_00.14,46.5,4.0,0
flow_20.10,39.0,4.0,0
flow_00.15,46.0,3.0,0
flow_00.16,39.0,3.0,0
flow_00.17,35.0,3.0,0
flow_00.18,24.0,2.0,0
flow_10.21,50.0,4.0,0
flow_30.11,48.5,4.0,0
flow_30.12,47.0,3.0,0
flow_10.22,50.0,3.0,0
flow_30.13,46.0,3.0,0
flow_10.23,49.5,3.0,0
flow_30.14,43.5,3.0,0
flow_10.24,36.5,3.0,0
flow_30.15,38.0,3.0,0
flow_10.25,36.5,3.0,0
flow_20.11,48.0,4.0,0
flow_00.19,43.0,4.0,0
flow_20.12,27.0,3.0,0
flow_00.20,40.0,3.0,0
flow_20.13,25.5,2.5,0
flow_00.21,39.0,3.0,0
flow_20.14,24.0,2.5,0
flow_00.22,21.0,1.5,0
flow_10.26,26.5,3.5,0
flow_30.16,38.0,4.0,0
flow_10.27,25.5,2.5,0
flow_10.28,24.0,2.0,0
flow_10.29,24.0,2.5,0
flow_00.23,50.0,4.0,0
flow_20.15,49.5,4.0,0
flow_20.16,49.0,3.0,0
flow_00.24,51.0,3.5,0
flow_00.25,49.5,3.0,0
flow_20.17,48.5,3.0,0
flow_00.26,48.0,3.0,0
flow_20.18,38.5,3.0,0
flow_00.27,46.0,3.0,0
flow_20.19,37.0,3.0,0
flow_00.28,44.5,2.5,0
flow_20.20,35.0,2.5,0
flow_00.29,43.0,2.5,0
flow_20.21,34.0,2.5,0
flow_10.30,42.5,4.0,0
flow_10.31,31.0,3.5,0
flow_10.32,29.5,3.0,0
flow_30.17,21.5,2.0,0
flow_30.18,20.5,2.0,0
flow_00.30,70.0,4.0,0
flow_20.22,61.0,4.0,0
flow_20.23,53.5,3.0,0
flow_00.31,69.0,3.0,0
flow_00.32,68.5,3.0,0
flow_20.24,35.0,3.0,0
flow_00.33,67.0,3.0,0
flow_00.34,62.5,2.5,0
flow_00.35,58.0,2.5,0
flow_00.36,55.5,2.5,0
flow_10.33,20.5,2.0,0
flow_30.19,38.0,4.0,0
flow_30.20,30.5,3.0,0
flow_10.34,23.5,2.0,0
flow_30.21,20.5,1.5,0
flow_00.37,81.5,4.0,0
flow_00.38,78.5,3.0,0
flow_00.39,78.0,3.0,0
flow_00.40,63.0,3.0,0
flow_20.25,21.5,2.0,0
flow_00.41,62.0,3.0,0
flow_00.42,58.0,2.5,0
flow_00.43,51.5,2.5,0
flow_30.22,31.0,3.5,0
flow_10.35,50.5,4.0,0
flow_30.23,28.5,3.0,0
flow_10.36,29.5,3.0,0
flow_10.37,28.0,2.5,0
flow_30.24,20.0,1.5,0
flow_10.38,22.5,2.0,0
flow_00.44,77.0,4.0,0
flow_20.26,43.0,4.0,0
flow_20.27,38.5,3.0,0
flow_00.45,76.5,3.0,0
flow_20.28,25.0,2.5,0
flow_00.46,77.0,3.0,0
flow_20.29,23.0,2.0,0
flow_00.47,75.0,3.0,0
flow_20.30,21.5,2.0,0
flow_00.48,73.5,3.0,0
flow_00.49,59.5,3.0,0
flow_20.31,21.5,1.5,0
flow_00.50,57.0,3.0,0
flow_10.39,50.0,4.0,0
flow_30.25,29.5,3.5,0
flow_10.40,40.0,3.0,0
flow_10.41,38.0,3.0,0
flow_10.42,37.0,2.5,0
flow_10.43,35.5,2.5,0
flow_10.44,31.0,2.5,0
flow_10.45,29.5,2.5,0
flow_20.32,50.0,4.0,0
flow_00.51,83.0,4.0,0
flow_20.33,49.5,3.0,0
flow_00.52,82.0,3.0,0
flow_20.34,47.5,3.0,0
flow_00.53,80.5,3.0,0
flow_20.35,47.0,3.0,0
flow_00.54,78.5,3.0,0
flow_20.36,28.5,2.5,0
flow_00.55,77.5,3.0,0
flow_00.56,59.5,3.0,0
flow_20.37,20.5,2.0,0
flow_00.57,56.0,2.5,0
flow_10.46,57.0,4.0,0
flow_30.26,48.5,4.0,0
flow_10.47,56.5,3.0,0
flow_30.27,48.5,3.0,0
flow_10.48,55.5,3.0,0
flow_30.28,48.0,3.0,0
flow_10.49,41.0,3.0,0
flow_30.29,44.0,3.0,0
flow_10.50,39.5,3.0,0
flow_30.30,40.5,3.0,0
flow_10.51,38.0,2.5,0
flow_10.52,31.0,2.5,0
flow_00.58,82.5,4.0,0
flow_20.38,42.0,4.0,0
flow_00.59,81.0,3.0,0
flow_20.39,42.0,3.0,0
flow_00.60,81.0,3.0,0
flow_20.40,36.0,3.0,0
flow_00.61,79.5,3.0,0
flow_20.41,35.0,3.0,0
flow_20.42,33.5,2.5,0
flow_00.62,78.0,3.0,0
flow_20.43,27.0,2.5,0
flow_00.63,60.0,3.0,0
flow_20.44,25.5,2.5,0
flow_00.64,42.5,3.0,0
flow_30.31,40.5,4.0,0
flow_10.53,30.5,3.5,0
flow_10.54,29.5,3.0,0
flow_10.55,21.5,1.5,0
flow_10.56,21.5,2.0,0
flow_10.57,21.5,2.0,0
flow_00.65,60.5,4.0,0
flow_20.45,51.0,4.0,0
flow_00.66,40.5,3.0,0
flow_20.46,42.5,3.0,0
flow_00.67,39.0,3.0,0
flow_20.47,22.5,2.0,0
flow_00.68,36.5,3.0,0
flow_00.69,35.0,3.0,0
flow_00.70,30.5,2.5,0
flow_00.71,24.5,2.5,0
flow_10.58,50.5,4.0,0
flow_30.32,40.0,4.0,0
flow_10.59,50.0,3.0,0
flow_30.33,39.0,3.0,0
flow_30.34,31.5,3.0,0
flow_10.60,42.0,3.0,0
flow_10.61,37.0,3.0,0
flow_10.62,24.0,2.5,0
flow_30.35,21.0,2.0,0
flow_10.63,22.5,2.0,0
flow_30.36,21.0,2.0,0
flow_20.48,35.0,4.0,0
flow_00.72,51.5,4.0,0
flow_20.49,23.5,2.5,0
flow_00.73,29.0,3.0,0
flow_00.74,26.5,3.0,0
flow_00.75,22.5,2.0,0
flow_10.64,46.0,4.0,0
flow_30.37,44.5,4.0,0
flow_10.65,45.0,3.0,0
flow_30.38,43.5,3.0,0
flow_10.66,41.5,3.0,0
flow_30.39,43.5,3.0,0
flow_10.67,39.0,3.0,0
flow_30.40,42.5,3.0,0
flow_10.68,36.0,3.0,0
flow_30.41,32.0,3.0,0
flow_10.69,32.5,3.0,0
flow_10.70,25.5,2.5,0
flow_20.50,50.0,4.0,0
flow_00.76,35.5,4.0,0
flow_20.51,37.5,3.0,0
flow_00.77,31.5,3.5,0
flow_00.78,30.5,3.0,0
flow_20.52,27.5,2.5,0
flow_00.79,29.5,2.5,0
flow_00.80,28.0,2.5,0
flow_20.53,21.0,1.5,0
flow_00.81,26.5,3.0,0
flow_00.82,24.5,2.5,0
flow_30.42,49.5,4.0,0
flow_10.71,47.5,4.0,0
flow_30.43,46.5,3.0,0
flow_10.72,36.5,3.0,0
flow_30.44,30.5,3.0,0
flow_10.73,36.0,3.0,0
flow_10.74,34.5,3.0,0
flow_30.45,30.0,3.0,0
flow_30.46,28.0,3.0,0
flow_10.75,33.0,2.5,0
flow_30.47,26.5,2.5,0
flow_10.76,21.0,2.0,0
flow_20.54,39.5,4.0,0
flow_00.83,48.5,4.0,0
flow_20.55,35.5,3.0,0
flow_00.84,45.0,3.0,0
flow_20.56,34.5,3.0,0
flow_00.85,32.0,3.0,0
flow_00.86,31.0,3.0,0
flow_20.57,21.0,2.0,0
flow_00.87,30.0,3.0,0
flow_30.48,41.5,4.0,0
flow_10.77,34.0,4.0,0
flow_10.78,25.5,2.5,0
flow_30.49,26.5,2.5,0
flow_10.79,24.5,2.5,0
flow_30.50,25.0,2.5,0
flow_00.88,50.0,4.0,0
flow_20.58,52.5,4.0,0
flow_00.89,46.5,3.0,0
flow_20.59,49.0,3.0,0
flow_00.90,45.0,3.0,0
flow_20.60,45.0,3.0,0
flow_00.91,44.0,2.5,0
flow_20.61,30.5,2.5,0
flow_00.92,32.0,2.5,0
flow_20.62,29.0,2.5,0
flow_20.63,27.5,2.5,0
flow_00.93,26.5,2.5,0
flow_20.64,22.5,2.5,0
flow_10.80,21.0,2.0,0
flow_30.51,42.0,4.0,0
flow_30.52,38.5,3.0,0
flow_30.53,32.5,3.0,0
flow_10.81,22.0,2.0,0
flow_30.54,26.0,3.0,0
flow_30.55,24.5,2.5,0
flow_10.82,21.5,2.0,0
flow_00.94,49.5,4.0,0
flow_20.65,38.0,4.0,0
flow_00.95,24.5,2.5,0
flow_20.66,30.0,3.0,0
flow_00.96,23.0,2.0,0
flow_00.97,22.5,2.5,0
flow_10.83,49.5,4.0,0
flow_10.84,49.0,3.0,0
flow_30.56,22.0,2.0,0
flow_30.57,21.0,1.5,0
flow_30.58,20.5,1.5,0
flow_10.85,20.5,1.5,0
flow_20.67,51.0,4.0,0
flow_00.98,47.0,4.0,0
flow_20.68,50.0,3.0,0
flow_00.99,47.0,3.0,0
flow_20.69,48.5,3.0,0
flow_00.100,46.0,3.0,0
flow_00.101,45.0,3.0,0
flow_20.70,36.5,3.0,0
flow_00.102,43.5,3.0,0
flow_20.71,28.5,2.5,0
flow_00.103,41.5,2.5,0
flow_00.104,39.5,2.5,0
flow_20.72,22.5,2.0,0
flow_10.86,47.0,4.0,0
flow_30.59,51.0,4.0,0
flow_10.87,32.5,3.0,0
flow_30.60,48.0,3.0,0
flow_10.88,23.5,2.5,0
flow_30.61,40.0,3.0,0
flow_30.62,29.5,2.5,0
flow_10.89,22.5,2.0,0
flow_20.73,30.5,3.5,0
flow_00.105,66.5,4.0,0
flow_00.106,64.0,3.0,0
flow_20.74,31.0,3.0,0
flow_00.107,56.0,3.0,0
flow_20.75,29.5,3.0,0
flow_00.108,55.0,3.0,0
flow_00.109,53.5,3.0,0
flow_00.110,51.5,2.5,0
flow_20.76,22.0,2.0,0
flow_00.111,35.5,2.5,0
flow_30.63,50.0,4.0,0
flow_10.90,51.0,4.0,0
flow_10.91,45.0,3.0,0
flow_30.64,45.5,3.5,0
flow_10.92,42.0,3.0,0
flow_30.65,43.5,3.0,0
flow_10.93,41.0,3.0,0
flow_30.66,27.5,3.0,0
flow_10.94,39.5,2.5,0
flow_30.67,26.0,3.0,0
flow_10.95,29.0,2.5,0
flow_30.68,25.0,2.5,0
flow_30.69,23.5,2.5,0
flow_20.77,41.5,4.0,0
flow_00.112,62.0,4.0,0
flow_20.78,36.5,3.0,0
flow_00.113,55.0,3.0,0
flow_20.79,26.5,2.5,0
flow_00.114,43.5,3.0,0
flow_20.80,25.0,2.5,0
flow_00.115,31.5,2.5,0
flow_00.116,29.0,2.5,0
flow_00.117,27.0,2.5,0
flow_00.118,25.5,2.5,0
flow_10.96,44.0,4.0,0
flow_30.70,43.0,4.0,0
flow_10.97,29.5,3.0,0
flow_30.71,42.0,3.0,0
flow_30.72,40.5,3.0,0
flow_10.98,29.0,3.0,0
flow_10.99,27.5,2.5,0
flow_30.73,26.0,3.0,0
flow_10.100,25.5,2.5,0
flow_10.101,24.0,2.5,0
flow_10.102,23.0,2.0,0
flow_00.119,53.5,4.0,0
flow_00.120,52.0,3.0,0
flow_00.121,51.0,3.0,0
flow_00.122,48.0,2.5,0
flow_20.81,21.0,1.5,0
flow_00.123,38.0,2.5,0
flow_00.124,28.5,2.5,0
flow_20.82,22.0,2.0,0
flow_00.125,26.5,2.5,0
flow_30.74,46.5,4.0,0
flow_10.103,50.0,4.0,0
flow_30.75,46.0,3.0,0
flow_10.104,51.0,3.5,0
flow_30.76,45.5,3.0,0
flow_10.105,50.0,3.0,0
flow_30.77,44.5,3.0,0
flow_10.106,47.5,3.0,0
flow_30.78,36.5,2.5,0
flow_10.107,43.5,3.0,0
flow_30.79,30.5,2.5,0
flow_10.108,26.5,2.5,0
flow_30.80,29.0,2.5,0
flow_00.126,38.5,4.0,0
flow_20.83,51.0,4.0,0
flow_00.127,39.0,3.0,0
flow_20.84,21.5,2.0,0
flow_00.128,35.5,3.0,0
flow_00.129,34.5,2.5,0
flow_20.85,22.0,2.0,0
flow_00.130,31.0,2.5,0
flow_00.131,29.5,2.5,0
flow_10.109,49.5,4.0,0
flow_30.81,43.5,4.0,0
flow_30.82,29.0,3.0,0
flow_10.110,40.5,3.0,0
flow_30.83,28.0,3.0,0
flow_10.111,40.0,3.0,0
flow_10.112,21.5,2.0,0
flow_10.113,21.5,2.0,0
flow_30.84,21.5,2.0,0
flow_00.132,52.0,4.0,0
flow_20.86,51.0,4.0,0
flow_00.133,51.5,3.0,0
flow_20.87,51.5,3.5,0
flow_00.134,49.5,3.0,0
flow_20.88,51.0,3.5,0
flow_00.135,46.0,3.0,0
flow_20.89,29.5,3.0,0
flow_00.136,44.0,2.5,0
flow_20.90,28.0,2.5,0
flow_00.137,42.5,2.5,0
flow_20.91,26.5,3.0,0
flow_00.138,41.5,2.5,0
flow_20.92,24.5,2.5,0
flow_10.114,44.0,4.0,0
flow_30.85,45.0,4.0,0
flow_10.115,33.5,3.0,0
flow_30.86,44.5,3.0,0
flow_10.116,32.5,3.0,0
flow_10.117,29.5,3.0,0
flow_30.87,21.0,2.0,0
flow_10.118,21.5,2.0,0
flow_20.93,51.0,4.0,0
flow_00.139,52.0,4.0,0
flow_00.140,51.0,3.0,0
flow_20.94,50.5,3.0,0
flow_00.141,45.5,3.0,0
flow_20.95,49.0,3.0,0
flow_20.96,47.5,2.5,0
flow_00.142,44.5,2.5,0
flow_20.97,41.5,3.0,0
flow_00.143,44.0,3.0,0
flow_20.98,40.0,2.5,0
flow_00.144,39.0,2.5,0
flow_00.145,33.5,2.5,0
flow_10.119,35.0,4.0,0
flow_30.88,51.5,4.0,0
flow_10.120,30.5,3.5,0
flow_30.89,50.5,3.0,0
flow_30.90,43.0,3.0,0
flow_30.91,28.5,2.5,0
flow_10.121,22.5,2.0,0
flow_10.0,24.0,3.0,0
flow_30.0,29.5,3.5,0
flow_30.1,20.5,1.5,0
flow_00.0,51.0,4.0,0
flow_20.0,22.5,2.0,0
flow_20.1,21.0,2.0,0
flow_00.1,50.5,3.0,0
flow_00.2,50.0,3.0,0
flow_20.2,21.0,1.5,0
flow_00.3,49.0,3.0,0
flow_20.3,20.5,2.0,0
flow_00.4,47.5,3.0,0
flow_00.5,43.0,2.5,0
flow_20.4,21.5,1.5,0
flow_00.6,37.5,2.5,0
flow_30.2,22.0,2.0,0
flow_10.1,40.0,4.0,0
flow_30.3,21.5,2.0,0
flow_10.2,36.5,3.0,0
flow_30.4,21.0,1.5,0
flow_10.3,29.0,3.0,0
flow_10.4,21.0,2.0,0
flow_20.5,49.5,4.0,0
flow_00.7,53.0,4.0,0
flow_20.6,44.0,3.0,0
flow_00.8,52.0,3.0,0
flow_20.7,37.0,3.0,0
flow_00.9,50.0,3.0,0
flow_00.10,48.5,3.0,0
flow_00.11,42.0,3.0,0
flow_00.12,40.0,2.5,0
flow_20.8,22.0,2.0,0
flow_00.13,26.0,2.5,0
flow_10.5,31.0,4.0,0
flow_30.5,42.0,4.0,0
flow_10.6,22.5,2.0,0
flow_30.6,41.5,3.0,0
flow_30.7,30.0,3.0,0
flow_30.8,29.0,3.0,0
flow_30.9,20.5,2.0,0
flow_00.14,31.5,4.0,0
flow_20.9,30.0,3.5,0
flow_00.15,30.5,3.5,0
flow_20.10,27.0,3.0,0
flow_00.16,21.5,1.5,0
flow_20.11,22.0,2.0,0
flow_00.17,21.0,2.0,0
flow_20.12,23.0,2.0,0
flow_00.18,21.5,2.0,0
flow_30.10,45.0,4.0,0
flow_10.7,34.0,4.0,0
flow_30.11,31.0,3.5,0
flow_10.8,33.5,3.0,0
flow_30.12,29.0,3.0,0
flow_10.9,32.5,3.0,0
flow_30.13,21.0,2.0,0
flow_30.14,21.5,2.0,0
flow_10.10,21.5,2.0,0
flow_20.13,34.0,4.0,0
flow_00.19,49.0,4.0,0
flow_20.14,33.0,3.0,0
flow_00.20,48.0,3.0,0
flow_20.15,32.5,3.0,0
flow_00.21,47.5,3.0,0
flow_00.22,35.0,3.0,0
flow_00.23,31.0,2.5,0
flow_00.24,27.5,2.5,0
flow_20.16,21.0,1.5,0
flow_00.25,26.0,2.5,0
flow_10.11,50.5,4.0,0
flow_30.15,45.5,4.0,0
flow_10.12,49.0,3.0,0
flow_30.16,44.0,3.0,0
flow_30.17,42.0,3.0,0
flow_10.13,49.0,3.0,0
flow_10.14,47.5,3.0,0
flow_10.15,45.5,3.0,0
flow_10.16,23.5,2.0,0
flow_00.26,42.5,4.0,0
flow_20.17,40.0,4.0,0
flow_00.27,41.5,3.0,0
flow_20.18,23.0,2.0,0
flow_00.28,42.0,3.0,0
flow_00.29,40.5,3.0,0
flow_00.30,39.0,3.0,0
flow_00.31,37.0,2.5,0
flow_00.32,35.0,2.5,0
flow_10.17,48.5,4.0,0
flow_30.18,38.0,4.0,0
flow_10.18,36.5,3.0,0
flow_10.19,35.0,3.0,0
flow_10.20,31.0,2.5,0
flow_10.21,29.5,2.5,0
flow_10.22,28.0,3.0,0
flow_10.23,26.5,3.0,0
flow_00.33,59.5,4.0,0
flow_20.19,47.5,4.0,0
flow_20.20,45.0,3.0,0
flow_00.34,45.0,3.5,0
flow_20.21,23.0,2.0,0
flow_00.35,40.5,3.0,0
flow_00.36,39.0,3.0,0
flow_20.22,21.5,2.0,0
flow_00.37,35.5,3.0,0
flow_00.38,32.5,3.0,0
flow_20.23,22.0,2.0,0
flow_00.39,31.5,3.0,0
flow_10.24,53.0,4.0,0
flow_10.25,31.0,3.5,0
flow_10.26,22.5,2.0,0
flow_30.19,20.5,1.5,0
flow_00.40,56.5,4.0,0
flow_20.24,42.5,4.0,0
flow_00.41,56.5,3.0,0
flow_20.25,40.0,3.0,0
flow_20.26,33.0,3.0,0
flow_00.42,48.5,3.0,0
flow_00.43,23.0,2.0,0
flow_00.44,22.0,2.0,0
flow_20.27,21.5,2.0,0
flow_00.45,22.0,2.0,0
flow_10.27,49.0,4.0,0
flow_30.20,38.5,4.0,0
flow_10.28,35.5,3.0,0
flow_30.21,32.5,3.0,0
flow_10.29,34.0,3.0,0
flow_30.22,31.5,3.0,0
flow_10.30,32.5,2.5,0
flow_30.23,27.5,2.5,0
flow_30.24,26.0,2.5,0
flow_10.31,24.0,2.5,0
flow_00.46,48.5,4.0,0
flow_20.28,50.5,4.0,0
flow_20.29,21.5,2.0,0
flow_00.47,47.0,3.0,0
flow_00.48,43.0,3.0,0
flow_00.49,42.0,3.0,0
flow_00.50,37.0,3.0,0
flow_00.51,30.0,2.5,0
flow_00.52,30.0,3.0,0
flow_30.25,43.0,4.0,0
flow_10.32,40.0,4.0,0
flow_30.26,43.0,3.0,0
flow_10.33,26.0,3.0,0
flow_30.27,21.5,2.0,0
flow_30.28,22.0,2.0,0
flow_00.53,54.5,4.0,0
flow_20.30,37.0,4.0,0
flow_20.31,24.0,2.5,0
flow_00.54,50.0,3.0,0
flow_20.32,22.5,2.0,0
flow_00.55,48.5,3.0,0
flow_00.56,44.5,2.5,0
flow_00.57,44.0,3.0,0
flow_20.33,21.5,2.0,0
flow_00.58,42.5,2.5,0
flow_00.59,41.0,2.5,0
flow_30.29,48.0,4.0,0
flow_10.34,41.5,4.0,0
flow_30.30,25.5,2.5,0
flow_10.35,38.5,3.0,0
flow_30.31,24.0,2.5,0
flow_10.36,33.5,3.0,0
flow_30.32,23.0,2.0,0
flow_10.37,32.0,2.5,0
flow_10.38,30.5,2.5,0
flow_10.39,28.5,3.0,0
flow_00.60,66.0,4.0,0
flow_20.34,51.0,4.0,0
flow_00.61,65.5,3.0,0
flow_20.35,49.0,3.0,0
flow_00.62,65.0,3.0,0
flow_20.36,48.0,3.0,0
flow_20.37,41.5,3.0,0
flow_00.63,58.5,3.0,0
flow_20.38,39.0,3.0,0
flow_00.64,54.0,3.0,0
flow_00.65,52.5,3.0,0
flow_00.66,50.5,3.0,0
flow_10.40,47.5,4.0,0
flow_10.41,41.5,3.0,0
flow_10.42,36.5,3.0,0
flow_10.43,30.5,2.5,0
flow_30.33,21.0,1.5,0
flow_00.67,74.0,4.0,0
flow_20.39,44.0,4.0,0
flow_00.68,73.5,3.0,0
flow_20.40,45.0,3.0,0
flow_00.69,73.0,3.0,0
flow_20.41,31.5,3.0,0
flow_00.70,72.0,3.0,0
flow_00.71,70.0,3.0,0
flow_00.72,58.5,2.5,0
flow_00.73,56.0,2.5,0
flow_10.44,50.5,4.0,0
flow_30.34,44.0,4.0,0
flow_30.35,33.5,3.0,0
flow_10.45,48.0,3.0,0
flow_10.46,47.5,3.0,0
flow_10.47,35.0,3.0,0
flow_10.48,21.0,1.5,0
flow_00.74,82.0,4.0,0
flow_20.42,29.5,3.5,0
flow_00.75,81.0,3.0,0
flow_00.76,81.0,3.0,0
flow_00.77,73.5,3.0,0
flow_00.78,61.5,3.0,0
flow_00.79,58.5,2.5,0
flow_00.80,56.0,2.5,0
flow_10.49,48.5,4.0,0
flow_30.36,50.5,4.0,0
flow_10.50,47.5,3.0,0
flow_30.37,30.5,3.0,0
flow_10.51,29.0,3.0,0
flow_30.38,29.0,3.0,0
flow_10.52,20.0,1.5,0
flow_00.81,82.0,4.0,0
flow_20.43,44.0,4.0,0
flow_00.82,81.5,3.0,0
flow_20.44,37.0,3.0,0
flow_00.83,80.5,3.0,0
flow_20.45,37.5,3.5,0
flow_00.84,79.5,3.0,0
flow_00.85,79.0,3.0,0
flow_00.86,60.5,3.0,0
flow_00.87,57.5,3.0,0
flow_10.53,40.0,4.0,0
flow_30.39,29.0,3.5,0
flow_30.40,28.0,3.0,0
flow_30.41,23.0,2.0,0
flow_30.42,20.5,1.5,0
flow_20.46,48.0,4.0,0
flow_00.88,82.5,4.0,0
flow_00.89,81.5,3.0,0
flow_20.47,46.5,3.0,0
flow_00.90,80.5,3.0,0
flow_20.48,26.5,2.5,0
flow_20.49,23.0,2.0,0
flow_00.91,79.0,2.5,0
flow_20.50,21.5,2.0,0
flow_00.92,78.0,3.0,0
flow_00.93,59.5,3.0,0
flow_20.51,22.0,2.0,0
flow_00.94,56.5,2.5,0
flow_30.43,41.5,4.0,0
flow_10.54,50.5,4.0,0
flow_10.55,49.5,3.0,0
flow_30.44,39.5,3.0,0
flow_10.56,46.0,3.0,0
flow_30.45,34.0,3.0,0
flow_10.57,44.5,3.0,0
flow_00.95,82.5,4.0,0
flow_20.52,33.5,4.0,0
flow_20.53,33.0,3.0,0
flow_00.96,82.0,3.0,0
flow_20.54,21.5,2.0,0
flow_00.97,81.5,3.0,0
flow_00.98,80.5,3.0,0
flow_00.99,77.5,3.0,0
flow_20.55,22.0,2.0,0
flow_00.100,59.0,2.5,0
flow_00.101,56.0,2.5,0
flow_30.46,48.0,4.0,0
flow_10.58,44.5,4.0,0
flow_10.59,43.0,3.0,0
flow_30.47,46.5,3.0,0
flow_10.60,27.0,2.5,0
flow_30.48,45.5,3.0,0
flow_30.49,23.5,2.0,0
flow_30.50,22.0,2.0,0
flow_30.51,21.5,1.5,0
flow_00.102,83.0,4.0,0
flow_20.56,48.5,4.0,0
flow_00.103,81.5,3.0,0
flow_20.57,35.5,3.0,0
flow_00.104,80.0,3.0,0
flow_20.58,21.0,2.0,0
flow_00.105,80.0,3.0,0
flow_00.106,78.0,3.0,0
flow_00.107,59.0,2.5,0
flow_00.108,56.0,2.5,0
flow_30.52,48.0,4.0,0
flow_10.61,43.5,4.0,0
flow_30.53,43.5,3.0,0
flow_10.62,36.5,3.0,0
flow_10.63,26.0,2.5,0
flow_10.64,24.5,2.5,0
flow_10.65,22.5,2.0,0
flow_30.54,20.5,1.5,0
flow_20.59,38.5,4.0,0
flow_00.109,83.0,4.0,0
flow_00.110,82.0,3.0,0
flow_20.60,21.0,2.0,0
flow_00.111,80.5,3.0,0
flow_00.112,79.5,3.0,0
flow_20.61,20.5,1.5,0
flow_00.113,77.5,3.0,0
flow_00.114,59.5,3.0,0
flow_00.115,56.0,2.5,0
flow_30.55,48.0,4.0,0
flow_10.66,51.0,4.0,0
flow_30.56,47.5,3.0,0
flow_10.67,29.5,3.0,0
flow_10.68,22.0,2.0,0
flow_30.57,48.5,3.0,0
flow_30.58,34.0,3.0,0
flow_30.59,32.0,2.5,0
flow_30.60,25.5,2.5,0
flow_20.62,47.5,4.0,0
flow_00.116,82.5,4.0,0
flow_20.63,36.0,3.0,0
flow_00.117,82.0,3.0,0
flow_00.118,80.0,3.0,0
flow_20.64,28.0,2.5,0
flow_00.119,79.5,3.0,0
flow_00.120,77.0,3.0,0
flow_00.121,58.5,2.5,0
flow_00.122,55.5,2.5,0
flow_30.61,38.0,4.0,0
flow_10.69,39.0,4.0,0
flow_30.62,37.5,3.0,0
flow_10.70,35.5,3.0,0
flow_30.63,36.5,3.0,0
flow_10.71,35.5,3.0,0
flow_30.64,35.5,2.5,0
flow_10.72,34.0,3.0,0
flow_30.65,35.0,2.5,0
flow_10.73,32.5,2.5,0
flow_30.66,33.0,2.5,0
flow_10.74,28.5,2.5,0
flow_20.65,48.5,4.0,0
flow_00.123,83.5,4.0,0
flow_00.124,82.0,3.0,0
flow_20.66,45.0,3.0,0
flow_20.67,26.0,2.5,0
flow_00.125,81.0,3.0,0
flow_00.126,80.0,3.0,0
flow_20.68,22.0,2.0,0
flow_00.127,77.5,3.0,0
flow_00.128,58.5,2.5,0
flow_20.69,21.5,2.0,0
flow_00.129,56.0,2.5,0
flow_10.75,47.0,4.0,0
flow_30.67,44.0,4.0,0
flow_10.76,42.0,3.0,0
flow_30.68,43.0,3.0,0
flow_30.69,41.5,3.0,0
flow_10.77,41.5,3.0,0
flow_30.70,40.5,2.5,0
flow_10.78,40.5,3.0,0
flow_30.71,34.5,2.5,0
flow_10.79,33.5,3.0,0
flow_30.72,25.0,2.5,0
flow_10.80,32.0,2.5,0
flow_10.81,28.0,2.5,0
flow_20.70,21.0,2.0,0
flow_00.130,82.5,4.0,0
flow_00.131,82.0,3.0,0
flow_00.132,80.5,3.0,0
flow_20.71,21.5,2.0,0
flow_00.133,79.5,3.0,0
flow_20.72,22.5,2.0,0
flow_00.134,77.5,3.0,0
flow_00.135,59.0,2.5,0
flow_20.73,21.0,1.5,0
flow_00.136,56.0,2.5,0
flow_10.82,54.5,4.0,0
flow_30.73,39.5,4.0,0
flow_30.74,26.0,2.5,0
flow_10.83,55.0,3.5,0
flow_10.84,21.0,2.0,0
flow_30.75,21.0,1.5,0
flow_30.76,20.0,1.5,0
flow_20.74,41.5,4.0,0
flow_00.137,83.5,4.0,0
flow_00.138,83.0,3.5,0
flow_00.139,81.5,3.0,0
flow_00.140,80.0,3.0,0
flow_00.141,77.5,3.0,0
flow_00.142,59.5,3.0,0
flow_20.75,21.0,1.5,0
flow_00.143,56.5,2.5,0
flow_30.77,24.5,3.0,0
flow_10.85,46.5,4.0,0
flow_10.86,43.5,3.0,0
flow_10.87,40.0,3.0,0
flow_10.88,22.0,2.0,0
flow_10.89,21.5,2.0,0
flow_30.78,21.0,1.5,0
flow_20.76,43.0,4.0,0
flow_00.144,83.0,4.0,0
flow_00.145,81.5,3.0,0
flow_20.77,40.0,3.0,0
flow_00.146,81.5,3.0,0
flow_00.147,79.5,3.0,0
flow_00.148,77.5,3.0,0
flow_00.149,59.5,3.0,0
flow_00.150,56.5,2.5,0
flow_10.90,51.0,4.0,0
flow_30.79,47.5,4.0,0
flow_30.80,41.0,3.0,0
flow_30.81,38.5,3.0,0
flow_10.91,23.5,2.0,0
flow_30.82,27.0,3.0,0
flow_10.92,22.5,2.0,0
flow_10.93,21.5,1.5,0
flow_00.151,82.0,4.0,0
flow_20.78,35.0,4.0,0
flow_00.152,82.0,3.0,0
flow_20.79,28.0,3.0,0
flow_00.153,80.5,3.0,0
flow_00.154,79.0,2.5,0
flow_00.155,77.5,3.0,0
flow_00.156,59.0,2.5,0
flow_00.157,56.5,2.5,0
flow_10.94,52.0,4.0,0
flow_30.83,49.5,4.0,0
flow_30.84,46.0,3.0,0
flow_10.95,47.5,3.0,0
flow_10.96,39.5,3.0,0
flow_30.85,27.0,2.5,0
flow_30.86,24.5,2.5,0
flow_10.97,39.0,3.0,0
flow_30.87,23.0,2.5,0
flow_10.98,32.5,3.0,0
flow_10.99,30.5,2.5,0
flow_20.80,26.5,3.0,0
flow_00.158,84.0,4.0,0
flow_20.81,22.5,2.0,0
flow_00.159,82.0,3.0,0
flow_00.160,80.5,3.0,0
flow_20.82,22.5,2.0,0
flow_00.161,79.5,3.0,0
flow_00.162,77.0,3.0,0
flow_20.83,23.0,2.5,0
flow_00.163,58.5,2.5,0
flow_00.164,55.5,2.5,0
flow_10.100,44.0,4.0,0
flow_30.88,50.0,4.0,0
flow_30.89,45.0,3.0,0
flow_10.101,34.0,3.0,0
flow_10.102,27.0,3.0,0
flow_30.90,35.5,3.0,0
flow_30.91,28.0,2.5,0
flow_30.92,22.5,2.5,0
flow_30.0,26.0,3.5,0
flow_00.0,45.0,4.0,0
flow_20.0,34.5,4.0,0
flow_00.1,44.5,3.0,0
flow_20.1,24.5,2.0,0
flow_00.2,39.0,3.0,0
flow_00.3,38.0,3.0,0
flow_00.4,31.5,2.5,0
flow_00.5,30.0,2.5,0
flow_10.0,41.5,4.0,0
flow_10.1,22.0,2.0,0
flow_30.1,21.5,2.0,0
flow_30.2,22.0,2.0,0
flow_10.2,21.5,2.0,0
flow_00.6,41.5,4.0,0
flow_20.2,45.5,4.0,0
flow_20.3,43.0,3.0,0
flow_00.7,41.0,3.0,0
flow_20.4,26.0,2.5,0
flow_00.8,40.0,3.0,0
flow_00.9,39.0,3.0,0
flow_20.5,23.0,2.0,0
flow_00.10,26.0,2.5,0
flow_20.6,21.5,2.0,0
flow_00.11,23.0,2.0,0
flow_00.12,22.5,2.0,0
flow_30.3,25.0,3.0,0
flow_30.4,23.0,2.0,0
flow_00.13,44.5,4.0,0
flow_20.7,36.0,4.0,0
flow_00.14,44.5,3.0,0
flow_20.8,35.5,3.0,0
flow_00.15,43.5,3.0,0
flow_00.16,35.5,3.0,0
flow_00.17,34.0,2.5,0
flow_00.18,33.0,2.5,0
flow_00.19,31.5,2.5,0
flow_10.3,47.0,4.0,0
flow_30.5,37.0,4.0,0
flow_00.20,58.0,4.0,0
flow_20.9,27.0,3.5,0
flow_20.10,26.0,2.5,0
flow_00.21,51.5,3.0,0
flow_20.11,23.5,2.0,0
flow_00.22,50.5,3.0,0
flow_00.23,49.5,3.0,0
flow_20.12,20.5,1.5,0
flow_00.24,47.5,3.0,0
flow_00.25,41.5,2.5,0
flow_00.26,40.0,2.5,0
flow_30.6,24.0,3.0,0
flow_10.4,31.5,4.0,0
flow_10.5,30.5,3.0,0
flow_10.6,21.5,2.0,0
flow_00.27,68.0,4.0,0
flow_00.28,66.5,3.0,0
flow_00.29,65.5,3.0,0
flow_00.30,63.5,3.0,0
flow_00.31,61.5,3.0,0
flow_20.13,22.0,2.0,0
flow_00.32,59.0,3.0,0
flow_00.33,56.0,2.5,0
flow_10.7,21.5,2.0,0
flow_20.14,38.0,4.0,0
flow_00.34,84.0,4.0,0
flow_20.15,32.0,3.0,0
flow_00.35,82.0,3.0,0
flow_00.36,81.0,3.0,0
flow_00.37,79.0,3.0,0
flow_00.38,74.5,3.0,0
flow_00.39,59.0,2.5,0
flow_00.40,56.5,2.5,0
flow_10.8,42.0,4.0,0
flow_10.9,21.0,1.5,0
flow_00.41,82.5,4.0,0
flow_20.16,48.5,4.0,0
flow_00.42,78.5,3.0,0
flow_20.17,48.5,3.0,0
flow_00.43,74.5,3.0,0
flow_20.18,47.5,3.0,0
flow_00.44,73.0,3.0,0
flow_20.19,46.0,3.0,0
flow_20.20,35.0,2.5,0
flow_00.45,71.5,3.0,0
flow_00.46,59.5,3.0,0
flow_20.21,23.0,2.5,0
flow_00.47,56.5,2.5,0
flow_10.10,41.0,4.0,0
flow_30.7,52.0,4.0,0
flow_30.8,44.0,3.0,0
flow_30.9,43.0,3.0,0
flow_30.10,27.5,2.5,0
flow_30.11,22.0,2.0,0
flow_00.48,82.5,4.0,0
flow_20.22,46.5,4.0,0
flow_20.23,37.5,3.0,0
flow_00.49,82.0,3.0,0
flow_00.50,80.5,3.0,0
flow_00.51,79.5,3.0,0
flow_00.52,77.0,3.0,0
flow_00.53,58.5,2.5,0
flow_00.54,55.5,2.5,0
flow_30.12,47.0,4.0,0
flow_30.13,36.5,3.0,0
flow_30.14,27.5,2.5,0
flow_20.24,24.5,3.0,0
flow_00.55,83.0,4.0,0
flow_20.25,21.5,2.0,0
flow_00.56,82.0,3.0,0
flow_00.57,81.0,3.0,0
flow_00.58,80.0,3.0,0
flow_00.59,77.5,3.0,0
flow_00.60,59.0,2.5,0
flow_00.61,56.0,2.5,0
flow_30.15,51.5,4.0,0
flow_30.16,29.5,3.0,0
flow_00.62,83.5,4.0,0
flow_00.63,82.0,3.0,0
flow_00.64,81.0,3.0,0
flow_20.26,20.5,1.5,0
flow_00.65,79.5,3.0,0
flow_00.66,77.0,3.0,0
flow_20.27,20.5,2.0,0
flow_00.67,58.5,2.5,0
flow_00.68,56.5,2.5,0
flow_30.17,42.0,4.0,0
flow_10.11,42.5,4.0,0
flow_30.18,42.5,3.0,0
flow_10.12,23.0,2.0,0
flow_30.19,33.0,3.0,0
flow_20.28,42.0,4.0,0
flow_00.69,83.0,4.0,0
flow_20.29,42.0,3.0,0
flow_00.70,84.0,3.5,0
flow_20.30,40.0,3.0,0
flow_00.71,82.0,3.0,0
flow_00.72,80.0,3.0,0
flow_00.73,78.0,3.0,0
flow_00.74,59.5,3.0,0
flow_00.75,56.5,3.0,0
flow_30.20,44.5,4.0,0
flow_10.13,21.0,1.5,0
flow_30.21,20.5,1.5,0
flow_00.76,82.5,4.0,0
flow_00.77,82.0,3.0,0
flow_00.78,81.0,3.0,0
flow_00.79,79.5,3.0,0
flow_00.80,77.5,3.0,0
flow_20.31,20.5,1.5,0
flow_00.81,59.0,2.5,0
flow_00.82,56.0,2.5,0
flow_30.22,46.5,4.0,0
flow_10.14,46.0,4.0,0
flow_10.15,28.5,3.0,0
flow_30.23,39.0,3.0,0
flow_10.16,21.0,1.5,0
flow_10.17,21.0,2.0,0
flow_30.24,21.0,1.5,0
flow_00.83,82.5,4.0,0
flow_20.32,38.5,4.0,0
flow_00.84,81.5,3.0,0
flow_00.85,80.5,3.0,0
flow_20.33,21.0,1.5,0
flow_00.86,79.0,2.5,0
flow_00.87,77.5,3.0,0
flow_00.88,59.5,3.0,0
flow_00.89,57.0,3.0,0
flow_10.18,46.5,4.0,0
flow_10.19,42.0,3.0,0
flow_10.20,23.0,2.0,0
flow_00.90,82.5,4.0,0
flow_20.34,29.0,3.5,0
flow_00.91,81.5,3.0,0
flow_00.92,80.5,3.0,0
flow_00.93,80.0,3.0,0
flow_00.94,78.0,3.0,0
flow_00.95,59.0,2.5,0
flow_00.96,56.5,2.5,0
flow_30.25,24.5,2.5,0
flow_10.21,41.5,4.0,0
flow_30.26,24.0,2.0,0
flow_30.27,21.0,1.5,0
flow_00.97,82.5,4.0,0
flow_20.35,44.5,4.0,0
flow_00.98,81.0,3.0,0
flow_20.36,27.5,3.0,0
flow_00.99,80.0,3.0,0
flow_00.100,79.0,2.5,0
flow_00.101,77.0,3.0,0
flow_00.102,59.0,2.5,0
flow_00.103,56.0,2.5,0
flow_30.28,42.5,4.0,0
flow_10.22,49.0,4.0,0
flow_10.23,43.0,3.0,0
flow_10.24,37.0,3.0,0
flow_10.25,35.5,3.0,0
flow_10.26,34.5,3.0,0
flow_10.27,26.0,2.5,0
flow_30.29,21.5,2.0,0
flow_00.104,82.5,4.0,0
flow_00.105,81.5,3.0,0
flow_00.106,81.0,3.0,0
flow_00.107,79.5,3.0,0
flow_00.108,77.0,3.0,0
flow_00.109,59.0,2.5,0
flow_00.110,57.0,3.0,0
flow_30.30,20.5,1.5,0
flow_10.28,33.5,4.0,0
flow_20.37,24.0,3.0,0
flow_00.111,83.5,4.0,0
flow_00.112,82.5,3.5,0
flow_00.113,81.0,3.0,0
flow_00.114,79.5,3.0,0
flow_20.38,20.5,1.5,0
flow_00.115,78.0,3.0,0
flow_00.116,58.5,2.5,0
flow_00.117,55.5,2.5,0
flow_30.31,50.0,4.0,0
flow_10.29,34.5,4.0,0
flow_30.32,35.0,3.0,0
flow_00.118,83.0,4.0,0
flow_00.119,82.0,3.0,0
flow_00.120,80.5,3.0,0
flow_00.121,79.5,3.0,0
flow_00.122,75.5,3.0,0
flow_00.123,59.0,2.5,0
flow_00.124,55.5,2.5,0
flow_10.30,50.5,4.0,0
flow_30.33,51.5,4.0,0
flow_10.31,41.0,3.0,0
flow_30.34,25.5,3.0,0
flow_30.35,21.0,1.5,0
flow_00.125,81.0,4.0,0
flow_00.126,79.5,3.0,0
flow_00.127,78.0,3.0,0
flow_00.128,76.5,2.5,0
flow_00.129,75.0,3.0,0
flow_00.130,38.0,2.5,0
flow_00.131,33.0,2.5,0
flow_20.39,21.0,1.5,0
flow_30.36,37.0,4.0,0
flow_10.32,35.5,4.0,0
flow_30.37,33.0,3.0,0
flow_30.38,21.0,1.5,0
flow_30.39,20.5,2.0,0
flow_00.132,61.0,4.0,0
flow_00.133,60.0,3.0,0
flow_20.40,20.0,1.5,0
flow_00.134,59.5,3.0,0
flow_00.135,53.0,3.0,0
flow_00.136,51.5,3.0,0
flow_00.137,25.0,2.5,0
flow_10.33,51.0,4.0,0
flow_30.40,31.0,3.5,0
flow_10.34,26.0,2.5,0
flow_30.41,30.0,3.0,0
flow_30.42,22.0,2.0,0
flow_20.41,48.5,4.0,0
flow_00.138,47.0,4.0,0
flow_20.42,45.0,3.0,0
flow_00.139,46.5,3.0,0
flow_00.140,42.0,3.0,0
flow_00.141,39.0,3.0,0
flow_00.142,38.0,3.0,0
flow_00.143,36.0,3.0,0
flow_00.144,34.5,2.5,0
flow_30.43,36.5,4.0,0
flow_10.35,21.0,1.5,0
flow_30.44,20.5,1.5,0
flow_00.145,53.0,4.0,0
flow_00.146,46.5,3.0,0
flow_00.147,44.0,3.0,0
flow_00.148,43.5,3.0,0
flow_00.149,36.5,3.0,0
flow_00.150,34.5,2.5,0
flow_00.151,33.0,2.5,0
flow_30.45,44.0,4.0,0
flow_10.36,32.5,4.0,0
flow_10.37,27.0,3.0,0
flow_30.46,38.5,3.0,0
flow_30.47,38.0,3.0,0
flow_30.48,21.0,2.0,0
flow_00.152,60.0,4.0,0
flow_00.153,46.5,3.0,0
flow_20.43,21.0,1.5,0
flow_00.154,46.0,3.0,0
flow_00.155,22.5,2.0,0
flow_10.38,48.0,4.0,0
flow_30.49,49.5,4.0,0
flow_30.50,40.5,3.0,0
flow_10.39,33.0,3.0,0
flow_30.51,23.5,2.0,0
flow_10.40,32.5,3.0,0
flow_30.52,22.5,2.0,0
flow_10.41,31.0,3.0,0
flow_30.53,22.0,2.0,0
flow_20.44,41.0,4.0,0
flow_00.156,49.0,4.0,0
flow_00.157,48.0,3.0,0
flow_20.45,33.5,3.0,0
flow_20.46,28.0,3.0,0
flow_00.158,28.0,2.5,0
flow_00.159,26.5,2.5,0
flow_00.160,25.0,2.5,0
flow_00.161,23.5,2.5,0
flow_00.162,23.5,2.5,0
flow_30.54,41.0,4.0,0
flow_30.55,41.0,3.0,0
flow_20.0,20.5,1.5,0
flow_20.1,22.0,2.0,0
flow_10.0,20.5,1.5,0
flow_30.0,24.5,3.0,0
flow_30.1,26.0,2.5,0
flow_30.2,24.5,2.5,0
flow_30.3,24.0,2.0,0
flow_20.2,31.0,4.0,0
flow_00.0,47.5,4.0,0
flow_00.1,46.0,3.0,0
flow_00.2,21.5,2.0,0
flow_10.1,47.5,4.0,0
flow_30.4,40.5,4.0,0
flow_30.5,35.0,3.0,0
flow_30.6,21.5,1.5,0
flow_10.2,21.0,1.5,0
flow_30.7,21.5,2.0,0
flow_20.3,47.0,4.0,0
flow_00.3,37.0,4.0,0
flow_00.4,36.0,3.0,0
flow_20.4,26.0,3.0,0
flow_00.5,34.5,3.0,0
flow_00.6,22.0,2.0,0
flow_10.3,29.0,3.5,0
flow_30.8,41.5,4.0,0
flow_30.9,41.0,3.0,0
flow_10.4,22.0,2.0,0
flow_30.10,33.0,3.0,0
flow_30.11,31.0,2.5,0
flow_30.12,25.0,2.5,0
flow_30.13,23.5,2.5,0
flow_00.7,49.0,4.0,0
flow_00.8,46.5,3.5,0
flow_00.9,28.5,3.0,0
flow_30.14,29.0,3.5,0
flow_10.5,33.5,4.0,0
flow_30.15,27.5,3.0,0
flow_30.16,26.5,3.0,0
flow_30.17,20.5,1.5,0
flow_10.6,21.0,1.5,0
flow_30.18,21.5,2.0,0
flow_10.7,20.0,1.5,0
flow_20.5,46.0,4.0,0
flow_20.6,45.0,3.0,0
flow_20.7,43.5,3.0,0
flow_30.19,50.5,4.0,0
flow_10.8,38.0,4.0,0
flow_30.20,50.5,3.0,0
flow_30.21,49.0,3.0,0
flow_30.22,47.0,2.5,0
flow_30.23,34.5,2.5,0
flow_30.24,32.0,2.5,0
flow_30.25,30.5,2.5,0
flow_20.8,45.0,4.0,0
flow_00.10,45.0,4.0,0
flow_20.9,26.5,2.5,0
flow_10.9,31.5,4.0,0
flow_30.26,55.0,4.0,0
flow_30.27,40.5,3.0,0
flow_30.28,39.5,3.0,0
flow_30.29,38.0,3.0,0
flow_30.30,36.5,3.0,0
flow_30.31,35.0,2.5,0
flow_10.10,21.5,2.0,0
flow_30.32,33.0,2.5,0
flow_20.10,49.5,4.0,0
flow_00.11,39.5,4.0,0
flow_20.11,38.0,3.0,0
flow_00.12,38.0,3.0,0
flow_20.12,27.0,2.5,0
flow_00.13,28.0,2.5,0
flow_00.14,26.5,2.5,0
flow_30.33,60.0,4.0,0
flow_10.11,21.5,2.0,0
flow_30.34,59.5,3.0,0
flow_10.12,21.0,2.0,0
flow_30.35,40.0,3.0,0
flow_10.13,22.0,2.0,0
flow_30.36,39.0,3.0,0
flow_30.37,35.0,3.0,0
flow_30.38,33.5,3.0,0
flow_30.39,32.0,2.5,0
flow_10.14,25.0,2.5,0
flow_20.13,50.0,4.0,0
flow_00.15,40.0,4.0,0
flow_00.16,21.0,2.0,0
flow_10.15,46.5,4.0,0
flow_30.40,58.5,4.0,0
flow_10.16,30.5,3.5,0
flow_30.41,58.5,3.0,0
flow_10.17,29.0,3.0,0
flow_30.42,56.5,3.0,0
flow_30.43,55.5,3.0,0
flow_30.44,54.0,3.0,0
flow_10.18,21.0,1.5,0
flow_30.45,50.0,2.5,0
flow_30.46,48.5,2.5,0
flow_20.14,50.0,4.0,0
flow_00.17,52.5,4.0,0
flow_00.18,39.5,3.5,0
flow_20.15,21.5,2.0,0
flow_00.19,37.5,3.0,0
flow_00.20,34.5,2.5,0
flow_00.21,22.0,2.0,0
flow_30.47,76.0,4.0,0
flow_10.19,43.0,4.0,0
flow_30.48,74.5,3.0,0
flow_30.49,73.5,3.0,0
flow_30.50,72.0,3.0,0
flow_30.51,61.5,2.5,0
flow_10.20,22.5,2.0,0
flow_30.52,58.0,2.5,0
flow_30.53,54.5,2.5,0
flow_20.16,45.0,4.0,0
flow_00.22,20.5,1.5,0
flow_30.54,77.0,4.0,0
flow_30.55,77.0,3.0,0
flow_30.56,56.5,3.0,0
flow_30.57,52.0,3.0,0
flow_30.58,50.5,3.0,0
flow_30.59,50.5,3.0,0
flow_30.60,50.0,3.5,0
flow_00.23,35.5,4.0,0
flow_00.24,34.5,3.0,0
flow_00.25,26.0,2.5,0
flow_00.26,24.0,2.5,0
flow_20.17,20.5,1.5,0
flow_20.18,21.0,2.0,0
flow_30.61,73.5,4.0,0
flow_30.62,62.0,3.5,0
flow_30.63,61.0,3.0,0
flow_30.64,59.5,3.0,0
flow_30.65,58.5,3.0,0
flow_30.66,56.5,3.0,0
flow_30.67,49.0,2.5,0
flow_20.19,23.5,2.5,0
flow_20.20,23.5,2.0,0
flow_30.68,74.5,4.0,0
flow_10.21,51.5,4.0,0
flow_30.69,58.5,3.0,0
flow_10.22,51.5,3.0,0
flow_30.70,56.0,3.0,0
flow_10.23,50.0,3.0,0
flow_30.71,54.5,2.5,0
flow_10.24,23.5,2.0,0
flow_30.72,53.5,2.5,0
flow_30.73,49.0,2.5,0
flow_30.74,48.0,2.5,0
flow_20.21,27.5,3.5,0
flow_00.27,44.0,4.0,0
flow_20.22,21.0,1.5,0
flow_00.28,23.0,2.0,0
flow_30.75,65.5,4.0,0
flow_10.25,45.0,4.0,0
flow_30.76,65.0,3.0,0
flow_10.26,33.5,3.0,0
flow_30.77,64.5,3.0,0
flow_30.78,61.5,3.0,0
flow_30.79,60.0,2.5,0
flow_30.80,58.5,3.0,0
flow_30.81,57.0,3.0,0
flow_00.29,34.0,4.0,0
flow_10.27,46.0,4.0,0
flow_30.82,70.5,4.0,0
flow_10.28,40.0,3.0,0
flow_30.83,72.0,3.5,0
flow_30.84,70.5,3.0,0
flow_30.85,66.0,3.0,0
flow_30.86,47.0,3.0,0
flow_30.87,24.5,2.5,0
flow_20.23,42.0,4.0,0
flow_00.30,34.5,4.0,0
flow_00.31,31.5,3.0,0
flow_20.24,30.0,3.0,0
flow_20.25,25.5,2.5,0
flow_20.26,24.0,2.0,0
flow_30.88,45.0,4.0,0
flow_30.89,45.0,3.0,0
flow_30.90,35.0,3.0,0
flow_30.91,33.0,2.5,0
flow_30.92,31.5,2.5,0
flow_30.93,30.0,2.5,0
flow_30.94,28.5,2.5,0
flow_00.32,36.5,4.0,0
flow_20.27,20.5,1.5,0
flow_30.95,55.5,4.0,0
flow_30.96,54.5,3.0,0
flow_30.97,53.5,3.0,0
flow_30.98,52.0,2.5,0
flow_30.99,28.0,2.5,0
flow_30.100,26.0,2.5,0
flow_30.101,24.5,2.5,0
flow_00.33,21.0,1.5,0
flow_30.102,50.0,4.0,0
flow_30.103,51.0,3.5,0
flow_30.104,46.5,3.0,0
flow_30.105,45.0,3.0,0
flow_30.106,43.5,3.0,0
flow_30.107,39.5,3.0,0
flow_30.108,38.0,2.5,0
flow_00.34,49.0,4.0,0
flow_20.28,38.0,4.0,0
flow_00.35,27.5,3.0,0
flow_20.29,38.5,3.0,0
flow_20.30,37.5,3.0,0
flow_20.31,36.5,3.0,0
flow_00.36,20.5,1.5,0
flow_20.32,34.5,2.5,0
flow_30.109,62.5,4.0,0
flow_10.29,26.5,3.0,0
flow_10.30,25.5,2.5,0
flow_30.110,53.0,3.0,0
flow_30.111,52.0,3.0,0
flow_30.112,50.0,3.0,0
flow_30.113,40.0,3.0,0
flow_30.114,39.0,2.5,0
flow_30.115,37.5,2.5,0
flow_20.33,23.0,2.0,0
flow_30.116,52.0,4.0,0
flow_30.117,51.5,3.0,0
flow_10.31,21.0,1.5,0
flow_30.118,50.5,3.0,0
flow_30.119,50.0,3.0,0
flow_30.120,48.5,3.0,0
flow_10.32,21.5,2.0,0
flow_30.121,36.5,2.5,0
flow_30.122,34.0,2.5,0
flow_20.34,26.5,3.5,0
flow_00.37,22.0,2.0,0
flow_00.38,21.0,2.0,0
flow_10.33,41.0,4.0,0
flow_30.123,55.5,4.0,0
flow_30.124,40.0,3.0,0
flow_10.34,30.5,3.0,0
flow_30.125,22.0,2.0,0
flow_30.126,21.0,2.0,0
flow_00.39,51.5,4.0,0
flow_20.35,35.0,4.0,0
flow_00.40,36.0,3.0,0
flow_20.36,21.5,2.0,0
flow_00.41,30.5,3.0,0
flow_00.42,26.5,2.5,0
flow_00.43,21.0,2.0,0
flow_20.37,20.5,1.5,0
flow_30.127,51.5,4.0,0
flow_30.128,39.0,3.0,0
flow_10.35,20.0,1.5,0
flow_30.129,40.0,3.0,0
flow_30.130,27.5,2.5,0
flow_00.44,44.0,4.0,0
flow_20.38,35.0,4.0,0
flow_20.39,35.0,3.0,0
flow_00.45,22.0,2.0,0
flow_20.40,27.5,3.0,0
flow_30.131,49.0,4.0,0
flow_10.36,35.0,4.0,0
flow_30.132,45.5,3.0,0
flow_10.37,35.0,3.0,0
flow_30.133,44.5,3.0,0
flow_10.38,27.0,3.0,0
flow_30.134,25.0,2.5,0
flow_30.135,23.5,2.5,0
flow_30.136,21.5,1.5,0
flow_20.41,41.0,4.0,0
flow_20.42,31.5,3.0,0
flow_10.39,39.5,4.0,0
flow_30.137,49.0,4.0,0
flow_30.138,47.5,3.0,0
flow_30.139,34.0,3.0,0
flow_10.40,21.0,1.5,0
flow_30.140,32.5,2.5,0
flow_30.141,31.5,2.5,0
flow_30.142,30.0,2.5,0
flow_30.143,28.0,3.0,0
flow_20.43,42.0,4.0,0
flow_00.46,42.0,4.0,0
flow_20.44,41.0,3.0,0
flow_20.45,21.0,2.0,0
flow_00.47,21.5,2.0,0
flow_30.144,54.0,4.0,0
flow_10.41,31.5,3.5,0
flow_30.145,36.0,3.0,0
flow_30.146,31.5,3.0,0
flow_30.147,30.5,3.0,0
flow_30.148,29.0,3.0,0
flow_30.149,27.5,2.5,0
flow_30.150,26.0,2.5,0
flow_20.46,41.5,4.0,0
flow_00.48,21.5,1.5,0
flow_20.47,29.0,3.0,0
flow_30.151,52.5,4.0,0
flow_30.152,52.0,3.0,0
flow_30.153,49.0,3.0,0
flow_10.42,24.0,2.5,0
flow_30.154,47.0,3.0,0
flow_30.155,45.5,3.0,0
flow_00.0,20.0,1.5,0
flow_20.0,20.5,1.5,0
flow_30.0,21.0,1.5,0
flow_10.0,31.5,3.5,0
flow_10.1,23.0,2.0,0
flow_30.1,21.0,2.0,0
flow_30.2,21.5,2.0,0
flow_10.2,22.0,2.0,0
flow_30.3,21.5,2.0,0
flow_10.3,21.0,1.5,0
flow_20.1,38.5,4.0,0
flow_00.1,41.0,4.0,0
flow_00.2,22.5,2.0,0
flow_00.3,20.5,1.5,0
flow_30.4,52.0,4.0,0
flow_30.5,51.5,3.0,0
flow_30.6,50.5,3.0,0
flow_30.7,49.5,3.0,0
flow_10.4,20.5,1.5,0
flow_30.8,48.0,3.0,0
flow_30.9,47.0,3.0,0
flow_30.10,45.0,2.5,0
flow_00.4,21.0,1.5,0
flow_30.11,71.0,4.0,0
flow_10.5,51.5,4.0,0
flow_10.6,50.0,3.0,0
flow_30.12,71.0,3.0,0
flow_30.13,68.0,3.0,0
flow_30.14,65.5,3.0,0
flow_30.15,63.5,3.0,0
flow_30.16,52.0,2.5,0
flow_30.17,43.5,2.5,0
flow_20.2,38.5,4.0,0
flow_00.5,51.5,4.0,0
flow_20.3,31.0,3.5,0
flow_00.6,39.0,3.0,0
flow_20.4,22.5,2.5,0
flow_00.7,37.0,3.0,0
flow_30.18,70.0,4.0,0
flow_10.7,51.5,4.0,0
flow_30.19,63.5,3.0,0
flow_10.8,41.5,3.0,0
flow_30.20,42.5,3.0,0
flow_30.21,41.5,2.5,0
flow_30.22,40.0,2.5,0
flow_10.9,22.5,2.0,0
flow_30.23,29.5,2.5,0
flow_30.24,28.0,2.5,0
flow_20.5,39.5,4.0,0
flow_00.8,34.0,4.0,0
flow_30.25,55.5,4.0,0
flow_30.26,30.0,3.0,0
flow_10.10,21.0,1.5,0
flow_30.27,26.5,3.0,0
flow_00.9,35.5,4.0,0
flow_20.6,46.0,4.0,0
flow_00.10,24.5,2.5,0
flow_20.7,44.5,3.0,0
flow_20.8,43.0,3.0,0
flow_00.11,21.0,2.0,0
flow_20.9,37.0,3.0,0
flow_00.12,22.0,2.0,0
flow_00.13,21.5,1.5,0
flow_10.11,27.0,3.5,0
flow_30.28,47.0,4.0,0
flow_30.29,47.0,3.0,0
flow_30.30,43.5,3.0,0
flow_30.31,21.5,2.0,0
flow_30.32,21.0,1.5,0
flow_20.10,45.0,4.0,0
flow_30.33,48.0,4.0,0
flow_10.12,41.5,4.0,0
flow_10.13,21.5,2.0,0
flow_30.34,45.0,3.0,0
flow_30.35,43.5,3.0,0
flow_30.36,42.5,3.0,0
flow_30.37,40.5,2.5,0
flow_20.11,24.0,2.5,0
flow_00.14,42.0,4.0,0
flow_00.15,23.0,2.0,0
flow_00.16,22.0,2.0,0
flow_10.14,40.5,4.0,0
flow_30.38,29.0,3.5,0
flow_30.39,25.5,2.5,0
flow_10.15,40.5,3.0,0
flow_30.40,22.5,2.0,0
flow_10.16,40.0,3.0,0
flow_30.41,21.0,2.0,0
flow_30.42,22.0,1.5,0
flow_20.12,47.5,4.0,0
flow_20.13,42.5,3.0,0
flow_20.14,41.5,3.0,0
flow_20.15,38.5,3.0,0
flow_30.43,41.0,4.0,0
flow_30.44,21.0,2.0,0
flow_30.45,21.0,2.0,0
flow_20.16,48.0,4.0,0
flow_00.17,42.5,4.0,0
flow_20.17,46.0,3.0,0
flow_00.18,40.0,3.5,0
flow_20.18,45.0,3.0,0
flow_00.19,35.0,3.0,0
flow_20.19,44.0,2.5,0
flow_20.20,26.0,2.5,0
flow_20.21,22.5,2.0,0
flow_10.17,37.5,4.0,0
flow_30.46,44.0,4.0,0
flow_30.47,42.5,3.0,0
flow_30.48,36.0,3.0,0
flow_30.49,36.0,3.0,0
flow_10.18,20.0,1.5,0
flow_30.50,31.0,3.0,0
flow_30.51,25.5,3.0,0
flow_30.52,24.0,2.5,0
flow_00.20,47.5,4.0,0
flow_20.22,46.0,4.0,0
flow_00.21,35.5,3.0,0
flow_20.23,26.5,2.5,0
flow_00.22,22.0,2.0,0
flow_20.24,22.0,2.0,0
flow_10.19,51.0,4.0,0
flow_30.53,43.0,4.0,0
flow_10.20,45.0,3.0,0
flow_30.54,42.0,3.0,0
flow_10.21,42.5,3.0,0
flow_30.55,42.0,3.0,0
flow_30.56,36.0,3.0,0
flow_30.57,34.0,2.5,0
flow_30.58,29.5,2.5,0
flow_30.59,28.0,2.5,0
flow_00.23,43.0,4.0,0
flow_00.24,39.5,3.0,0
flow_00.25,25.5,2.5,0
flow_00.26,21.5,2.0,0
flow_20.25,20.5,1.5,0
flow_30.60,54.5,4.0,0
flow_10.22,24.5,2.5,0
flow_30.61,54.0,3.0,0
flow_30.62,52.5,3.0,0
flow_30.63,49.0,2.5,0
flow_30.64,41.5,2.5,0
flow_30.65,40.5,2.5,0
flow_30.66,38.5,2.5,0
flow_00.27,47.5,4.0,0
flow_20.26,43.0,4.0,0
flow_10.23,28.5,3.5,0
flow_30.67,67.5,4.0,0
flow_30.68,62.5,3.5,0
flow_30.69,51.0,3.0,0
flow_30.70,49.0,3.0,0
flow_30.71,43.0,3.0,0
flow_30.72,36.0,3.0,0
flow_30.73,35.0,3.0,0
flow_00.28,33.0,4.0,0
flow_20.27,20.0,1.5,0
flow_10.24,35.0,4.0,0
flow_30.74,61.0,4.0,0
flow_30.75,60.5,3.0,0
flow_30.76,59.0,3.0,0
flow_30.77,57.5,3.0,0
flow_30.78,47.5,2.5,0
flow_30.79,46.5,2.5,0
flow_30.80,36.5,2.5,0
flow_00.29,47.0,4.0,0
flow_20.28,34.0,4.0,0
flow_00.30,35.5,3.0,0
flow_00.31,30.5,3.0,0
flow_20.29,21.0,2.0,0
flow_00.32,29.5,3.0,0
flow_00.33,28.5,3.0,0
flow_30.81,64.0,4.0,0
flow_10.25,33.5,4.0,0
flow_10.26,26.5,2.5,0
flow_30.82,61.5,3.0,0
flow_10.27,25.0,2.5,0
flow_30.83,60.5,3.0,0
flow_30.84,37.5,3.0,0
flow_30.85,35.5,3.0,0
flow_30.86,27.0,3.0,0
flow_30.87,25.5,3.0,0
flow_20.30,41.5,4.0,0
flow_00.34,35.0,4.0,0
flow_20.31,36.0,3.0,0
flow_20.32,27.0,3.0,0
flow_20.33,21.5,2.0,0
flow_10.28,34.5,4.0,0
flow_30.88,51.5,4.0,0
flow_30.89,50.5,3.0,0
flow_30.90,50.0,3.0,0
flow_30.91,48.0,3.0,0
flow_30.92,47.0,3.0,0
flow_30.93,46.5,3.0,0
flow_30.94,44.5,2.5,0
flow_20.34,28.5,3.5,0
flow_20.35,27.5,3.0,0
flow_20.36,25.0,2.5,0
flow_00.35,21.0,1.5,0
flow_20.37,24.5,2.5,0
flow_20.38,23.5,2.5,0
flow_30.95,70.0,4.0,0
flow_10.29,43.0,4.0,0
flow_30.96,70.5,3.5,0
flow_30.97,69.5,3.0,0
flow_10.30,20.5,1.5,0
flow_30.98,68.0,3.0,0
flow_30.99,66.0,3.0,0
flow_30.100,59.0,3.0,0
flow_10.31,22.0,2.0,0
flow_30.101,56.0,2.5,0
flow_00.36,41.5,4.0,0
flow_20.39,42.5,4.0,0
flow_20.40,42.0,3.0,0
flow_20.41,41.5,3.0,0
flow_00.37,21.0,1.5,0
flow_20.42,41.0,3.0,0
flow_20.43,39.5,3.0,0
flow_20.44,37.5,3.0,0
flow_20.45,36.0,2.5,0
flow_30.102,82.0,4.0,0
flow_30.103,81.5,3.0,0
flow_30.104,81.0,3.0,0
flow_30.105,80.0,3.0,0
flow_30.106,77.5,3.0,0
flow_30.107,59.0,2.5,0
flow_30.108,56.0,2.5,0
flow_20.46,59.0,4.0,0
flow_00.38,36.5,4.0,0
flow_20.47,58.5,3.0,0
flow_20.48,55.0,3.0,0
flow_20.49,45.0,2.5,0
flow_20.50,30.0,2.5,0
flow_20.51,26.5,2.5,0
flow_30.109,83.0,4.0,0
flow_30.110,82.0,3.0,0
flow_30.111,80.5,3.0,0
flow_30.112,79.0,2.5,0
flow_30.113,72.0,2.5,0
flow_30.114,58.5,2.5,0
flow_30.115,56.0,2.5,0
flow_20.52,42.5,4.0,0
flow_20.53,42.5,3.0,0
flow_30.116,83.0,4.0,0
flow_10.32,45.5,4.0,0
flow_10.33,33.5,3.0,0
flow_30.117,82.0,3.0,0
flow_30.118,77.5,3.0,0
flow_30.119,76.5,3.0,0
flow_30.120,75.0,3.0,0
flow_30.121,58.5,2.5,0
flow_30.122,55.5,2.5,0
flow_20.54,30.5,3.5,0
flow_00.39,37.5,4.0,0
flow_00.40,34.5,3.0,0
flow_00.41,29.5,3.0,0
flow_30.123,83.0,4.0,0
flow_10.34,52.0,4.0,0
flow_10.35,34.5,3.0,0
flow_30.124,82.5,3.5,0
flow_30.125,80.5,3.0,0
flow_10.36,28.5,2.5,0
flow_30.126,79.5,3.0,0
flow_30.127,77.0,3.0,0
flow_30.128,58.5,2.5,0
flow_30.129,55.5,2.5,0
flow_00.42,40.0,4.0,0
flow_20.55,32.5,4.0,0
flow_20.56,31.0,3.5,0
flow_20.57,29.5,3.0,0
flow_00.43,20.5,1.5,0
flow_30.130,82.0,4.0,0
flow_10.37,29.0,3.5,0
flow_30.131,81.5,3.0,0
flow_30.132,81.5,3.0,0
flow_30.133,80.0,3.0,0
flow_30.134,77.5,3.0,0
flow_30.135,59.0,2.5,0
flow_30.136,56.5,2.5,0
flow_00.44,49.0,4.0,0
flow_20.58,46.5,4.0,0
flow_00.45,49.5,3.0,0
flow_20.59,38.5,3.0,0
flow_20.60,36.5,3.0,0
flow_00.46,47.0,3.0,0
flow_20.61,32.0,2.5,0
flow_20.62,30.5,2.5,0
flow_20.63,26.5,2.5,0
flow_00.47,23.5,2.5,0
flow_30.137,82.0,4.0,0
flow_10.38,32.0,3.5,0
flow_30.138,82.0,3.0,0
flow_30.139,80.5,3.0,0
flow_30.140,79.0,2.5,0
flow_30.141,78.0,3.0,0
flow_30.142,59.5,3.0,0
flow_30.143,56.0,2.5,0
flow_00.48,47.0,4.0,0
flow_20.64,45.5,4.0,0
flow_20.65,44.5,3.0,0
flow_00.49,30.5,3.0,0
flow_20.66,21.0,1.5,0
flow_10.39,24.0,3.0,0
flow_30.144,83.0,4.0,0
flow_30.145,82.0,3.0,0
flow_30.146,81.0,3.0,0
flow_30.147,79.5,3.0,0
flow_30.148,77.0,3.0,0
flow_30.149,58.5,2.5,0
flow_30.150,55.5,2.5,0
flow_00.50,50.5,4.0,0
flow_20.67,47.5,4.0,0
flow_00.51,50.5,3.0,0
flow_20.68,47.0,3.0,0
flow_20.69,32.5,3.0,0
flow_10.40,38.5,4.0,0
flow_30.151,83.0,4.0,0
flow_30.152,81.5,3.0,0
flow_10.41,38.5,3.0,0
flow_10.42,37.0,3.0,0
flow_30.153,75.5,3.0,0
flow_30.154,67.5,3.0,0
flow_10.43,22.0,2.0,0
flow_30.155,64.0,3.0,0
flow_30.0,24.5,3.0,0
flow_10.0,34.5,4.0,0
flow_30.1,24.0,2.5,0
flow_10.1,33.5,3.0,0
flow_30.2,21.0,1.5,0
flow_00.0,43.0,4.0,0
flow_20.0,26.0,3.0,0
flow_00.1,43.0,3.0,0
flow_00.2,42.5,3.0,0
flow_00.3,28.5,2.5,0
flow_20.1,20.5,1.5,0
flow_00.4,22.0,2.0,0
flow_30.3,51.0,4.0,0
flow_10.2,33.0,4.0,0
flow_10.3,28.0,3.0,0
flow_30.4,52.5,3.5,0
flow_10.4,27.5,3.0,0
flow_30.5,50.5,3.0,0
flow_30.6,35.0,3.0,0
flow_30.7,27.5,2.5,0
flow_30.8,26.0,2.5,0
flow_20.2,40.5,4.0,0
flow_00.5,22.0,2.0,0
flow_20.3,36.0,3.0,0
flow_20.4,24.5,2.5,0
flow_20.5,21.5,2.0,0
flow_30.9,42.0,4.0,0
flow_30.10,41.5,3.5,0
flow_30.11,40.0,3.0,0
flow_30.12,26.5,3.0,0
flow_30.13,22.0,2.0,0
flow_20.6,44.0,4.0,0
flow_20.7,20.5,1.5,0
flow_30.14,52.0,4.0,0
flow_30.15,50.5,3.0,0
flow_30.16,50.5,3.0,0
flow_30.17,49.5,3.0,0
flow_10.5,21.0,1.5,0
flow_30.18,47.0,3.0,0
flow_30.19,46.0,2.5,0
flow_30.20,44.5,2.5,0
flow_20.8,21.5,2.0,0
flow_00.6,20.5,1.5,0
flow_30.21,71.0,4.0,0
flow_10.6,51.5,4.0,0
flow_30.22,69.5,3.0,0
flow_30.23,69.5,3.0,0
flow_30.24,64.0,2.5,0
flow_30.25,55.0,2.5,0
flow_30.26,48.5,2.5,0
flow_30.27,43.5,2.5,0
flow_20.9,43.5,4.0,0
flow_20.10,43.0,3.0,0
flow_10.7,50.0,4.0,0
flow_30.28,64.5,4.0,0
flow_30.29,64.0,3.0,0
flow_30.30,57.0,3.0,0
flow_30.31,50.5,2.5,0
flow_10.8,21.0,1.5,0
flow_30.32,49.5,3.0,0
flow_30.33,41.0,2.5,0
flow_30.34,39.5,2.5,0
flow_20.11,32.5,4.0,0
flow_20.12,27.5,3.0,0
flow_20.13,22.0,2.0,0
flow_30.35,66.0,4.0,0
flow_10.9,45.5,4.0,0
flow_10.10,32.5,3.0,0
flow_30.36,56.0,3.0,0
flow_30.37,45.0,3.0,0
flow_30.38,39.0,2.5,0
flow_10.11,21.0,1.5,0
flow_30.39,30.5,2.5,0
flow_30.40,21.5,2.0,0
flow_20.14,34.0,4.0,0
flow_20.15,21.0,2.0,0
flow_30.41,50.5,4.0,0
flow_30.42,27.0,3.0,0
flow_30.43,26.0,2.5,0
flow_30.44,24.5,2.5,0
flow_00.7,50.0,4.0,0
flow_20.16,46.0,4.0,0
flow_00.8,40.0,3.0,0
flow_00.9,36.5,3.0,0
flow_00.10,25.0,2.5,0
flow_20.17,20.5,1.5,0
flow_10.12,46.0,4.0,0
flow_30.45,52.0,4.0,0
flow_30.46,49.0,3.0,0
flow_30.47,48.5,3.0,0
flow_30.48,47.0,3.0,0
flow_30.49,46.0,3.0,0
flow_30.50,44.5,2.5,0
flow_30.51,42.5,2.5,0
flow_20.18,46.5,4.0,0
flow_00.11,21.5,1.5,0
flow_20.19,46.5,3.0,0
flow_20.20,43.5,3.0,0
flow_20.21,35.5,3.0,0
flow_30.52,69.0,4.0,0
flow_10.13,40.5,4.0,0
flow_30.53,68.0,3.0,0
flow_10.14,32.0,3.0,0
flow_30.54,67.0,3.0,0
flow_10.15,20.5,2.0,0
flow_30.55,66.5,3.0,0
flow_30.56,63.0,3.0,0
flow_30.57,58.0,2.5,0
flow_30.58,46.5,2.5,0
flow_00.12,50.5,4.0,0
flow_00.13,35.0,3.0,0
flow_00.14,20.5,1.5,0
flow_30.59,73.0,4.0,0
flow_30.60,63.5,3.0,0
flow_30.61,48.0,3.0,0
flow_30.62,36.0,2.5,0
flow_30.63,32.0,2.5,0
flow_30.64,25.5,3.0,0
flow_30.65,24.0,2.5,0
flow_20.22,47.5,4.0,0
flow_00.15,48.5,4.0,0
flow_00.16,28.0,3.0,0
flow_00.17,24.0,2.5,0
flow_10.16,29.0,3.5,0
flow_30.66,37.0,4.0,0
flow_30.67,36.0,3.0,0
flow_30.68,32.5,3.0,0
flow_30.69,31.5,3.0,0
flow_10.17,21.5,2.0,0
flow_20.23,42.0,4.0,0
flow_20.24,41.0,3.0,0
flow_20.25,24.5,2.5,0
flow_10.18,48.5,4.0,0
flow_30.70,47.0,4.0,0
flow_10.19,43.5,3.0,0
flow_30.71,47.0,3.0,0
flow_30.72,43.0,3.0,0
flow_30.73,41.5,2.5,0
flow_30.74,40.5,3.0,0
flow_30.75,39.5,2.5,0
flow_00.18,21.5,2.0,0
flow_20.26,50.0,4.0,0
flow_20.27,49.5,3.0,0
flow_20.28,32.5,3.0,0
flow_00.19,21.0,1.5,0
flow_20.29,28.5,3.0,0
flow_20.30,26.5,3.0,0
flow_10.20,47.5,4.0,0
flow_30.76,50.0,4.0,0
flow_30.77,28.5,3.0,0
flow_10.21,45.0,3.0,0
flow_10.22,26.0,2.5,0
flow_30.78,22.5,2.0,0
flow_20.31,48.5,4.0,0
flow_00.20,37.5,4.0,0
flow_20.32,33.5,3.0,0
flow_00.21,25.5,2.5,0
flow_00.22,20.5,1.5,0
flow_30.79,49.0,4.0,0
flow_30.80,25.5,2.5,0
flow_30.81,21.5,2.0,0
flow_10.23,22.5,2.0,0
flow_30.82,21.0,1.5,0
flow_20.33,21.0,1.5,0
flow_20.34,21.5,2.0,0
flow_30.83,51.0,4.0,0
flow_10.24,38.0,4.0,0
flow_30.84,50.0,3.0,0
flow_30.85,48.5,3.0,0
flow_30.86,48.5,3.0,0
flow_30.87,47.0,3.0,0
flow_30.88,45.5,3.0,0
flow_30.89,41.5,3.0,0
flow_20.35,40.5,4.0,0
flow_20.36,39.5,3.0,0
flow_30.90,63.5,4.0,0
flow_10.25,53.0,4.0,0
flow_30.91,61.5,3.0,0
flow_10.26,33.0,3.0,0
flow_30.92,58.0,3.0,0
flow_30.93,57.0,3.0,0
flow_30.94,28.0,2.5,0
flow_30.95,22.5,2.0,0
flow_00.23,52.0,4.0,0
flow_00.24,39.5,3.0,0
flow_00.25,35.5,3.0,0
flow_00.26,28.5,2.5,0
flow_00.27,27.0,3.0,0
flow_10.27,32.5,4.0,0
flow_30.96,38.5,4.0,0
flow_30.97,37.0,3.0,0
flow_30.98,35.5,3.0,0
flow_30.99,33.5,2.5,0
flow_30.100,21.0,1.5,0
flow_20.37,43.0,4.0,0
flow_00.28,38.0,4.0,0
flow_20.38,24.0,2.0,0
flow_20.39,20.5,1.5,0
flow_20.40,21.5,2.0,0
flow_30.101,44.0,4.0,0
flow_30.102,41.5,3.0,0
flow_30.103,40.5,3.0,0
flow_30.104,28.5,2.5,0
flow_30.105,26.5,3.0,0
flow_30.106,24.5,2.5,0
flow_20.41,38.0,4.0,0
flow_20.42,20.0,1.5,0
flow_30.107,49.5,4.0,0
flow_10.28,49.0,4.0,0
flow_30.108,43.5,3.0,0
flow_10.29,48.5,3.0,0
flow_10.30,42.5,3.0,0
flow_30.109,37.0,3.0,0
flow_30.110,36.5,3.0,0
flow_30.111,33.0,2.5,0
flow_30.112,31.5,2.5,0
flow_30.113,30.0,2.5,0
flow_20.43,49.0,4.0,0
flow_20.44,20.5,1.5,0
flow_20.45,21.5,2.0,0
flow_30.114,57.0,4.0,0
flow_30.115,57.0,3.0,0
flow_10.31,21.0,1.5,0
flow_30.116,55.5,3.0,0
flow_30.117,54.0,3.0,0
flow_30.118,52.5,3.0,0
flow_30.119,50.0,2.5,0
flow_30.120,44.5,2.5,0
flow_00.29,32.0,4.0,0
flow_20.46,29.0,3.5,0
flow_00.30,21.5,2.0,0
flow_00.31,21.5,2.0,0
flow_00.32,21.0,1.5,0
flow_30.121,72.5,4.0,0
flow_30.122,71.5,3.0,0
flow_30.123,63.5,3.0,0
flow_30.124,52.5,3.0,0
flow_30.125,40.0,2.5,0
flow_30.126,39.0,2.5,0
flow_30.127,37.0,2.5,0
flow_20.47,50.5,4.0,0
flow_00.33,34.0,4.0,0
flow_20.48,48.5,3.0,0
flow_00.34,33.5,3.0,0
flow_00.35,28.5,3.0,0
flow_20.49,44.5,3.0,0
flow_00.36,24.5,2.5,0
flow_20.50,43.5,3.0,0
flow_30.128,60.5,4.0,0
flow_10.32,43.5,4.0,0
flow_30.129,59.5,3.0,0
flow_30.130,45.0,3.0,0
flow_30.131,38.5,2.5,0
flow_30.132,35.5,2.5,0
flow_30.133,21.0,1.5,0
flow_20.51,41.5,4.0,0
flow_00.37,51.0,4.0,0
flow_30.134,48.5,4.0,0
flow_10.33,28.5,3.5,0
flow_30.135,48.0,3.0,0
flow_10.34,22.5,2.0,0
flow_30.136,48.0,3.0,0
flow_30.137,38.5,3.0,0
flow_30.138,36.5,3.0,0
flow_30.139,26.0,2.5,0
flow_30.140,24.5,2.5,0
flow_20.52,37.5,4.0,0
flow_00.38,20.5,1.5,0
flow_00.39,21.5,2.0,0
flow_10.35,21.0,2.0,0
flow_30.141,30.5,3.5,0
flow_30.142,21.5,2.0,0
flow_30.143,23.0,2.0,0
flow_30.144,22.5,2.0,0
flow_20.0,20.5,1.5,0
flow_10.0,31.0,4.0,0
flow_10.1,27.5,3.0,0
flow_10.2,23.5,2.0,0
flow_10.3,22.0,1.5,0
flow_30.0,22.0,2.0,0
flow_10.4,21.5,1.5,0
flow_30.1,22.0,2.0,0
flow_00.0,31.0,3.5,0
flow_20.1,49.0,4.0,0
flow_20.2,47.0,3.0,0
flow_20.3,47.0,3.0,0
flow_00.1,21.5,2.0,0
flow_20.4,45.5,3.0,0
flow_20.5,40.0,3.0,0
flow_20.6,27.5,3.0,0
flow_20.7,26.0,2.5,0
flow_10.5,40.0,4.0,0
flow_30.2,52.0,4.0,0
flow_10.6,38.5,3.0,0
flow_30.3,52.0,3.0,0
flow_10.7,27.0,2.5,0
flow_30.4,44.0,3.0,0
flow_30.5,42.0,3.0,0
flow_30.6,40.0,3.0,0
flow_30.7,38.0,3.0,0
flow_30.8,27.0,2.5,0
flow_00.2,34.0,4.0,0
flow_20.8,53.0,4.0,0
flow_20.9,52.0,3.0,0
flow_20.10,49.0,3.0,0
flow_20.11,47.5,3.0,0
flow_00.3,22.0,2.0,0
flow_20.12,43.0,3.0,0
flow_20.13,36.5,2.5,0
flow_00.4,20.5,1.5,0
flow_20.14,34.5,2.5,0
flow_30.9,49.5,4.0,0
flow_30.10,50.0,3.0,0
flow_30.11,29.5,3.0,0
flow_30.12,27.5,3.0,0
flow_30.13,20.5,1.5,0
flow_20.15,60.5,4.0,0
flow_00.5,46.0,4.0,0
flow_20.16,44.5,3.0,0
flow_00.6,40.5,3.0,0
flow_20.17,43.0,3.0,0
flow_00.7,37.5,3.0,0
flow_20.18,42.5,3.0,0
flow_20.19,41.5,3.0,0
flow_20.20,39.5,2.5,0
flow_20.21,37.5,2.5,0
flow_30.14,51.5,4.0,0
flow_10.8,38.0,4.0,0
flow_30.15,39.0,3.0,0
flow_10.9,36.0,3.0,0
flow_10.10,32.0,3.0,0
flow_10.11,30.0,3.0,0
flow_10.12,22.5,2.0,0
flow_10.13,21.5,2.0,0
flow_30.16,22.0,2.0,0
flow_20.22,64.5,4.0,0
flow_00.8,38.5,4.0,0
flow_20.23,54.0,3.0,0
flow_00.9,38.0,3.0,0
flow_00.10,33.0,3.0,0
flow_20.24,54.0,3.0,0
flow_20.25,52.5,3.0,0
flow_20.26,51.5,3.0,0
flow_00.11,20.5,1.5,0
flow_20.27,51.0,3.0,0
flow_20.28,48.5,2.5,0
flow_30.17,48.5,4.0,0
flow_10.14,46.0,4.0,0
flow_30.18,44.5,3.0,0
flow_10.15,39.5,3.0,0
flow_30.19,42.5,3.0,0
flow_10.16,31.0,3.0,0
flow_30.20,35.5,2.5,0
flow_10.17,22.0,2.0,0
flow_30.21,32.5,2.5,0
flow_30.22,23.0,2.0,0
flow_10.18,25.0,2.5,0
flow_30.23,22.5,2.0,0
flow_20.29,74.0,4.0,0
flow_00.12,39.5,4.0,0
flow_20.30,74.0,3.0,0
flow_00.13,37.5,3.0,0
flow_00.14,34.0,3.0,0
flow_20.31,73.5,3.0,0
flow_00.15,27.5,3.0,0
flow_20.32,72.0,3.0,0
flow_20.33,68.0,3.0,0
flow_20.34,58.5,2.5,0
flow_20.35,56.5,2.5,0
flow_10.19,49.0,4.0,0
flow_30.24,45.5,4.0,0
flow_30.25,28.0,3.0,0
flow_10.20,48.0,3.0,0
flow_10.21,47.0,3.0,0
flow_10.22,46.0,3.0,0
flow_10.23,45.0,3.0,0
flow_10.24,43.5,3.0,0
flow_10.25,31.0,2.5,0
flow_00.16,38.0,4.0,0
flow_20.36,82.5,4.0,0
flow_00.17,27.5,3.0,0
flow_20.37,81.5,3.0,0
flow_20.38,79.5,3.0,0
flow_20.39,78.5,2.5,0
flow_00.18,21.5,2.0,0
flow_20.40,77.0,3.0,0
flow_20.41,59.0,2.5,0
flow_00.19,22.5,2.0,0
flow_20.42,56.5,2.5,0
flow_10.26,47.0,4.0,0
flow_30.26,39.0,4.0,0
flow_10.27,45.5,3.0,0
flow_30.27,37.5,3.0,0
flow_10.28,27.0,2.5,0
flow_30.28,31.5,3.0,0
flow_30.29,25.0,2.5,0
flow_30.30,22.0,2.0,0
flow_00.20,30.5,3.5,0
flow_20.43,83.5,4.0,0
flow_00.21,24.5,2.5,0
flow_20.44,81.5,3.0,0
flow_20.45,80.0,3.0,0
flow_20.46,79.0,3.0,0
flow_20.47,77.0,2.5,0
flow_20.48,58.5,2.5,0
flow_00.22,21.0,1.5,0
flow_20.49,55.5,2.5,0
flow_10.29,50.0,4.0,0
flow_30.31,49.0,4.0,0
flow_10.30,49.0,3.0,0
flow_30.32,48.0,3.0,0
flow_30.33,47.0,3.0,0
flow_10.31,49.0,3.0,0
flow_30.34,46.0,3.0,0
flow_10.32,47.5,3.0,0
flow_10.33,42.5,3.0,0
flow_30.35,32.0,3.0,0
flow_10.34,37.0,2.5,0
flow_20.50,82.5,4.0,0
flow_00.23,49.0,4.0,0
flow_20.51,82.0,3.0,0
flow_00.24,49.0,3.0,0
flow_20.52,81.0,3.0,0
flow_20.53,80.5,3.0,0
flow_00.25,23.0,2.5,0
flow_20.54,78.0,3.0,0
flow_00.26,21.5,2.0,0
flow_20.55,59.0,3.0,0
flow_00.27,21.0,1.5,0
flow_20.56,56.5,2.5,0
flow_30.36,21.0,1.5,0
flow_10.35,50.0,4.0,0
flow_10.36,48.5,3.0,0
flow_10.37,46.5,3.0,0
flow_10.38,45.5,3.0,0
flow_00.28,48.5,4.0,0
flow_20.57,83.0,4.0,0
flow_20.58,81.5,3.0,0
flow_00.29,49.0,3.0,0
flow_00.30,31.5,3.0,0
flow_20.59,81.0,3.0,0
flow_00.31,30.0,3.0,0
flow_20.60,80.5,3.0,0
flow_20.61,77.0,3.0,0
flow_20.62,59.0,2.5,0
flow_00.32,22.5,2.0,0
flow_20.63,56.5,2.5,0
flow_30.37,25.0,3.0,0
flow_10.39,51.0,4.0,0
flow_10.40,48.0,3.0,0
flow_10.41,48.0,3.0,0
flow_10.42,44.5,3.0,0
flow_10.43,43.0,3.0,0
flow_30.38,20.5,1.5,0
flow_10.44,41.5,2.5,0
flow_10.45,40.5,2.5,0
flow_00.33,39.0,4.0,0
flow_20.64,82.5,4.0,0
flow_00.34,38.5,3.0,0
flow_20.65,81.5,3.0,0
flow_00.35,37.5,3.0,0
flow_20.66,80.5,3.0,0
flow_00.36,33.5,2.5,0
flow_20.67,80.0,3.0,0
flow_20.68,77.5,3.0,0
flow_20.69,59.0,2.5,0
flow_00.37,20.5,1.5,0
flow_20.70,56.0,2.5,0
flow_30.39,34.5,4.0,0
flow_10.46,67.0,4.0,0
flow_10.47,65.0,3.0,0
flow_10.48,62.5,3.0,0
flow_10.49,61.5,3.0,0
flow_30.40,23.5,2.5,0
flow_10.50,35.5,3.0,0
flow_10.51,33.5,2.5,0
flow_00.38,48.5,4.0,0
flow_20.71,82.5,4.0,0
flow_20.72,81.0,3.0,0
flow_00.39,33.5,3.0,0
flow_20.73,81.0,3.0,0
flow_00.40,32.5,3.0,0
flow_20.74,79.5,3.0,0
flow_20.75,77.5,3.0,0
flow_20.76,59.0,2.5,0
flow_20.77,56.0,2.5,0
flow_10.52,48.0,4.0,0
flow_30.41,45.0,4.0,0
flow_30.42,45.0,3.0,0
flow_30.43,27.5,2.5,0
flow_30.44,21.0,1.5,0
flow_00.41,49.5,4.0,0
flow_20.78,83.0,4.0,0
flow_20.79,81.5,3.0,0
flow_00.42,49.0,3.0,0
flow_20.80,80.5,3.0,0
flow_00.43,37.5,3.0,0
flow_20.81,79.0,2.5,0
flow_00.44,29.5,2.5,0
flow_20.82,78.0,3.0,0
flow_00.45,28.0,2.5,0
flow_20.83,58.5,2.5,0
flow_20.84,55.5,2.5,0
flow_30.45,40.0,4.0,0
flow_10.53,39.5,4.0,0
flow_30.46,21.5,2.0,0
flow_10.54,30.5,3.5,0
flow_10.55,31.0,3.0,0
flow_00.46,23.0,2.0,0
flow_20.85,83.0,4.0,0
flow_20.86,81.5,3.0,0
flow_20.87,80.5,3.0,0
flow_20.88,79.0,2.5,0
flow_20.89,77.5,3.0,0
flow_20.90,59.0,2.5,0
flow_20.91,55.5,2.5,0
flow_30.47,45.5,4.0,0
flow_10.56,48.0,4.0,0
flow_30.48,35.0,3.0,0
flow_10.57,44.5,3.0,0
flow_30.49,33.5,3.0,0
flow_30.50,34.0,2.5,0
flow_30.51,24.5,2.0,0
flow_30.52,23.0,2.0,0
flow_20.92,82.0,4.0,0
flow_00.47,44.0,4.0,0
flow_00.48,43.5,3.0,0
flow_20.93,82.0,3.0,0
flow_20.94,81.0,3.0,0
flow_00.49,35.0,3.0,0
flow_20.95,79.5,3.0,0
flow_00.50,30.0,2.5,0
flow_20.96,77.5,3.0,0
flow_20.97,58.5,2.5,0
flow_20.98,55.0,2.5,0
flow_10.58,48.0,4.0,0
flow_30.53,51.5,4.0,0
flow_10.59,39.0,3.0,0
flow_30.54,36.0,3.0,0
flow_10.60,35.5,3.0,0
flow_10.61,34.5,2.5,0
flow_20.99,82.5,4.0,0
flow_00.51,49.5,4.0,0
flow_20.100,81.5,3.0,0
flow_00.52,48.5,3.0,0
flow_20.101,80.5,3.0,0
flow_00.53,47.5,3.0,0
flow_00.54,46.0,3.0,0
flow_20.102,80.5,3.0,0
flow_00.55,45.0,3.0,0
flow_20.103,78.5,3.0,0
flow_20.104,59.0,3.0,0
flow_20.105,56.0,2.5,0
flow_30.55,48.0,4.0,0
flow_10.62,50.5,4.0,0
flow_10.63,46.5,3.0,0
flow_30.56,48.0,3.0,0
flow_10.64,46.0,3.0,0
flow_30.57,39.0,3.0,0
flow_10.65,39.5,3.0,0
flow_30.58,35.0,3.0,0
flow_10.66,31.5,2.5,0
flow_30.59,31.0,3.0,0
flow_30.60,29.0,2.5,0
flow_10.67,21.0,2.0,0
flow_30.61,28.0,2.5,0
flow_20.106,82.5,4.0,0
flow_00.56,38.0,4.0,0
flow_00.57,22.0,2.0,0
flow_20.107,81.5,3.0,0
flow_20.108,81.0,3.0,0
flow_20.109,79.5,3.0,0
flow_20.110,77.5,3.0,0
flow_20.111,58.5,2.5,0
flow_00.58,21.0,1.5,0
flow_20.112,55.5,2.5,0
flow_30.62,50.0,4.0,0
flow_10.68,45.0,4.0,0
flow_10.69,30.5,3.5,0
flow_30.63,40.0,3.0,0
flow_30.64,36.5,3.0,0
flow_30.65,30.5,2.5,0
flow_10.70,21.5,2.0,0
flow_30.66,29.5,2.5,0
flow_30.67,27.5,2.5,0
flow_30.68,26.0,3.0,0
flow_20.113,82.5,4.0,0
flow_00.59,48.5,4.0,0
flow_00.60,47.0,3.0,0
flow_20.114,82.0,3.0,0
flow_20.115,80.5,3.0,0
flow_00.61,36.5,3.0,0
flow_20.116,79.0,2.5,0
flow_00.62,31.5,2.5,0
flow_20.117,77.0,2.5,0
flow_00.63,30.5,2.5,0
flow_20.118,58.5,2.5,0
flow_20.119,56.0,2.5,0
flow_10.71,23.5,2.5,0
flow_30.69,48.0,4.0,0
flow_10.72,21.0,2.0,0
flow_30.70,36.5,3.0,0
flow_30.71,27.0,2.5,0
flow_00.64,46.5,4.0,0
flow_20.120,82.5,4.0,0
flow_20.121,81.5,3.0,0
flow_00.65,46.5,3.0,0
flow_20.122,80.5,3.0,0
flow_00.66,32.0,3.0,0
flow_20.123,80.0,3.0,0
flow_20.124,79.0,3.0,0
flow_20.125,60.0,3.0,0
flow_20.126,56.5,2.5,0
flow_10.73,37.0,4.0,0
flow_30.72,48.5,4.0,0
flow_10.74,35.5,3.0,0
flow_30.73,48.5,3.0,0
flow_30.74,41.5,3.0,0
flow_00.67,31.5,4.0,0
flow_20.127,83.0,4.0,0
flow_00.68,28.0,3.0,0
flow_20.128,82.0,3.0,0
flow_00.69,26.5,3.0,0
flow_00.70,25.0,2.5,0
flow_20.129,82.0,3.0,0
flow_20.130,80.5,3.0,0
flow_20.131,78.0,3.0,0
flow_00.71,20.5,1.5,0
flow_20.132,59.0,2.5,0
flow_20.133,56.0,2.5,0
flow_10.75,48.0,4.0,0
flow_30.75,52.0,4.0,0
flow_30.76,37.5,3.0,0
flow_10.76,22.5,2.0,0
flow_30.77,21.5,2.0,0
flow_30.78,21.5,2.0,0
flow_10.77,21.0,1.5,0
flow_20.134,82.5,4.0,0
flow_00.72,45.5,4.0,0
flow_00.73,33.5,3.0,0
flow_20.135,81.5,3.0,0
flow_20.136,80.5,3.0,0
flow_00.74,33.0,3.0,0
flow_20.137,79.5,3.0,0
flow_20.138,77.0,3.0,0
flow_20.139,59.0,2.5,0
flow_20.140,56.0,2.5,0
flow_10.78,46.5,4.0,0
flow_30.79,37.0,4.0,0
flow_10.79,28.0,3.0,0
flow_30.80,25.5,2.5,0
flow_20.141,83.0,4.0,0
flow_00.75,37.5,4.0,0
flow_00.76,35.0,3.0,0
flow_20.142,82.5,3.5,0
flow_00.77,33.5,3.0,0
flow_20.143,81.0,3.0,0
flow_00.78,32.0,2.5,0
flow_20.144,79.5,3.0,0
flow_00.79,30.5,2.5,0
flow_20.145,77.5,3.0,0
flow_20.146,60.0,3.0,0
flow_20.147,56.5,2.5,0
flow_30.81,29.0,3.5,0
flow_10.80,45.0,4.0,0
flow_10.81,41.0,3.0,0
flow_30.82,28.5,3.0,0
flow_30.83,27.0,3.0,0
flow_10.82,39.5,3.0,0
flow_30.84,25.0,2.5,0
flow_10.83,33.0,2.5,0
flow_30.85,24.5,2.5,0
flow_10.84,32.5,3.0,0
flow_30.86,23.0,2.0,0
flow_10.85,30.5,2.5,0
flow_10.86,23.0,2.0,0
flow_30.87,22.5,2.0,0
flow_20.148,82.0,4.0,0
flow_00.80,39.5,4.0,0
flow_00.81,26.5,2.5,0
flow_20.149,81.0,3.0,0
flow_00.82,25.5,2.5,0
flow_20.150,80.5,3.0,0
flow_00.83,23.5,2.5,0
flow_20.151,80.0,3.0,0
flow_00.84,22.5,2.0,0
flow_20.152,77.5,3.0,0
flow_20.153,59.0,2.5,0
flow_20.154,55.5,2.5,0
flow_10.87,43.5,4.0,0
flow_30.88,49.5,4.0,0
flow_10.88,33.0,3.0,0
flow_30.89,41.0,3.0,0
flow_10.89,32.0,3.0,0
flow_30.90,40.0,3.0,0
flow_10.90,26.0,2.5,0
flow_30.91,39.0,3.0,0
flow_10.91,24.0,2.5,0
flow_30.92,28.5,2.5,0
flow_10.92,22.5,2.0,0
flow_30.93,26.0,2.5,0
flow_10.93,21.5,1.5,0
flow_20.155,82.5,4.0,0
flow_00.85,21.0,1.5,0
flow_20.156,81.5,3.0,0
flow_20.157,80.5,3.0,0
flow_00.86,23.5,2.0,0
flow_20.158,79.0,2.5,0
flow_00.87,22.5,2.0,0
flow_20.159,77.0,3.0,0
flow_00.88,22.0,2.0,0
flow_20.160,59.0,2.5,0
flow_20.161,56.0,2.5,0
flow_00.89,22.5,2.0,0
flow_10.94,49.0,4.0,0
flow_30.94,42.5,4.0,0
flow_30.95,42.5,3.0,0
flow_10.95,49.0,3.0,0
flow_30.96,38.0,3.0,0
flow_30.97,35.0,2.5,0
flow_10.96,21.5,2.0,0
flow_30.98,34.0,2.5,0
flow_30.99,32.5,2.5,0
flow_10.97,20.5,2.0,0
flow_00.90,46.5,4.0,0
flow_20.162,83.0,4.0,0
flow_20.163,81.5,3.0,0
flow_00.91,37.5,3.0,0
flow_00.92,23.0,2.5,0
flow_20.164,82.0,3.0,0
flow_20.165,80.0,3.0,0
flow_20.166,78.0,3.0,0
flow_00.93,21.0,1.5,0
flow_20.167,59.0,2.5,0
flow_20.168,55.5,2.5,0
flow_10.98,31.5,4.0,0
flow_30.100,30.5,3.5,0
flow_30.101,23.5,2.0,0
flow_00.0,21.5,2.0,0
flow_10.0,22.0,2.0,0
flow_30.0,31.0,3.5,0
flow_10.1,21.0,2.0,0
flow_30.1,22.0,2.0,0
flow_10.2,21.0,2.0,0
flow_30.2,21.5,2.0,0
flow_10.3,21.5,1.5,0
flow_10.4,21.5,2.0,0
flow_00.1,49.0,4.0,0
flow_20.0,48.0,4.0,0
flow_00.2,30.5,3.5,0
flow_20.1,41.0,3.0,0
flow_00.3,28.5,3.0,0
flow_20.2,40.0,3.0,0
flow_00.4,22.5,2.0,0
flow_20.3,37.0,3.0,0
flow_00.5,21.5,2.0,0
flow_20.4,21.0,1.5,0
flow_10.5,50.0,4.0,0
flow_30.3,45.5,4.0,0
flow_10.6,49.5,3.0,0
flow_10.7,48.5,3.0,0
flow_30.4,22.5,2.0,0
flow_10.8,37.0,3.0,0
flow_30.5,22.0,2.0,0
flow_10.9,35.5,3.0,0
flow_10.10,27.0,2.5,0
flow_30.6,21.0,2.0,0
flow_10.11,26.0,2.5,0
flow_20.5,48.0,4.0,0
flow_00.6,45.5,4.0,0
flow_20.6,47.5,3.0,0
flow_00.7,23.0,2.0,0
flow_10.12,50.5,4.0,0
flow_30.7,43.5,4.0,0
flow_30.8,42.5,3.0,0
flow_10.13,42.5,3.0,0
flow_30.9,41.5,3.0,0
flow_10.14,38.5,3.0,0
flow_10.15,37.5,3.0,0
flow_30.10,41.0,3.0,0
flow_10.16,38.5,3.0,0
flow_10.17,36.5,3.0,0
flow_30.11,20.5,1.5,0
flow_10.18,35.0,3.0,0
flow_20.7,40.0,4.0,0
flow_00.8,36.0,4.0,0
flow_20.8,38.5,3.0,0
flow_00.9,32.5,3.0,0
flow_00.10,31.5,3.0,0
flow_00.11,30.5,2.5,0
flow_20.9,23.5,2.5,0
flow_20.10,23.0,2.0,0
flow_10.19,59.5,4.0,0
flow_30.12,42.0,4.0,0
flow_10.20,56.5,3.0,0
flow_30.13,41.0,3.0,0
flow_10.21,56.0,3.0,0
flow_30.14,28.0,2.5,0
flow_10.22,55.0,3.0,0
flow_30.15,26.5,2.5,0
flow_10.23,40.5,3.0,0
flow_10.24,38.5,2.5,0
flow_10.25,37.0,2.5,0
flow_00.12,48.0,4.0,0
flow_20.11,44.0,4.0,0
flow_00.13,47.0,3.0,0
flow_20.12,44.5,3.5,0
flow_00.14,43.5,3.0,0
flow_20.13,21.5,2.0,0
flow_00.15,37.5,3.0,0
flow_00.16,25.5,2.5,0
flow_20.14,21.0,2.0,0
flow_20.15,21.0,1.5,0
flow_10.26,55.0,4.0,0
flow_30.16,42.5,4.0,0
flow_10.27,36.0,3.0,0
flow_30.17,31.5,3.5,0
flow_30.18,30.5,3.0,0
flow_10.28,35.5,3.0,0
flow_10.29,28.0,3.0,0
flow_20.16,48.5,4.0,0
flow_20.17,45.0,3.0,0
flow_00.17,24.0,2.5,0
flow_20.18,42.5,3.0,0
flow_20.19,29.0,2.5,0
flow_30.19,25.0,3.0,0
flow_10.30,47.0,4.0,0
flow_10.31,46.0,3.0,0
flow_10.32,43.5,3.0,0
flow_10.33,42.0,3.0,0
flow_30.20,21.0,1.5,0
flow_10.34,41.0,3.0,0
flow_10.35,39.0,3.0,0
flow_10.36,37.5,2.5,0
flow_00.18,50.0,4.0,0
flow_20.20,39.0,4.0,0
flow_00.19,47.0,3.0,0
flow_20.21,39.0,3.0,0
flow_00.20,44.5,3.0,0
flow_20.22,37.5,3.0,0
flow_00.21,43.5,2.5,0
flow_20.23,36.5,2.5,0
flow_00.22,42.0,2.5,0
flow_20.24,35.0,2.5,0
flow_00.23,40.5,2.5,0
flow_00.24,39.0,2.5,0
flow_10.37,63.5,4.0,0
flow_30.21,43.5,4.0,0
flow_30.22,42.5,3.0,0
flow_10.38,63.0,3.0,0
flow_30.23,41.5,3.0,0
flow_10.39,56.0,3.0,0
flow_30.24,40.5,2.5,0
flow_10.40,45.5,3.0,0
flow_10.41,43.5,3.0,0
flow_30.25,29.5,2.5,0
flow_30.26,23.0,2.5,0
flow_10.42,43.5,3.0,0
flow_10.43,42.0,3.0,0
flow_00.25,48.5,4.0,0
flow_20.25,38.0,4.0,0
flow_00.26,44.0,3.0,0
flow_20.26,32.0,3.5,0
flow_20.27,30.5,3.0,0
flow_00.27,44.5,3.0,0
flow_20.28,25.0,2.5,0
flow_00.28,43.0,3.0,0
flow_20.29,23.5,2.5,0
flow_00.29,35.0,3.0,0
flow_00.30,32.5,2.5,0
flow_20.30,23.0,2.0,0
flow_00.31,23.0,2.0,0
flow_10.44,67.5,4.0,0
flow_30.27,48.5,4.0,0
flow_10.45,66.0,3.0,0
flow_30.28,48.0,3.0,0
flow_10.46,66.0,3.0,0
flow_30.29,48.5,3.0,0
flow_10.47,64.5,3.0,0
flow_30.30,46.5,3.0,0
flow_10.48,62.5,2.5,0
flow_30.31,40.5,3.0,0
flow_10.49,58.5,2.5,0
flow_30.32,36.5,2.5,0
flow_10.50,56.0,2.5,0
flow_30.33,35.0,2.5,0
flow_00.32,49.5,4.0,0
flow_20.31,48.0,4.0,0
flow_00.33,49.0,3.0,0
flow_20.32,30.0,3.0,0
flow_00.34,21.0,2.0,0
flow_20.33,21.0,1.5,0
flow_10.51,83.0,4.0,0
flow_30.34,62.0,4.0,0
flow_10.52,81.0,3.0,0
flow_30.35,61.0,3.0,0
flow_10.53,80.0,3.0,0
flow_30.36,60.5,3.0,0
flow_10.54,79.0,2.5,0
flow_30.37,59.0,3.0,0
flow_10.55,76.5,2.5,0
flow_30.38,56.5,3.0,0
flow_10.56,59.0,2.5,0
flow_30.39,55.5,3.0,0
flow_10.57,56.0,2.5,0
flow_30.40,42.5,3.0,0
flow_20.34,47.5,4.0,0
flow_20.35,44.0,3.0,0
flow_20.36,35.0,3.0,0
flow_20.37,27.0,3.0,0
flow_30.41,49.0,4.0,0
flow_10.58,83.0,4.0,0
flow_30.42,48.0,3.0,0
flow_10.59,81.5,3.0,0
flow_30.43,28.5,3.0,0
flow_10.60,81.5,3.0,0
flow_10.61,80.0,3.0,0
flow_30.44,23.5,2.0,0
flow_10.62,77.5,3.0,0
flow_30.45,22.0,2.0,0
flow_10.63,59.0,2.5,0
flow_30.46,22.0,2.0,0
flow_10.64,56.0,2.5,0
flow_00.35,47.0,4.0,0
flow_20.38,51.0,4.0,0
flow_00.36,47.0,3.0,0
flow_20.39,50.5,3.5,0
flow_20.40,49.0,3.0,0
flow_00.37,44.0,3.0,0
flow_20.41,47.5,3.0,0
flow_00.38,42.0,3.0,0
flow_20.42,38.5,2.5,0
flow_00.39,41.0,3.0,0
flow_00.40,39.0,2.5,0
flow_20.43,28.5,2.5,0
flow_00.41,30.0,2.5,0
flow_20.44,26.5,2.5,0
flow_10.65,83.0,4.0,0
flow_30.47,41.0,4.0,0
flow_10.66,81.5,3.0,0
flow_30.48,33.0,3.0,0
flow_10.67,80.5,3.0,0
flow_30.49,23.5,2.5,0
flow_10.68,79.5,3.0,0
flow_10.69,77.0,3.0,0
flow_30.50,21.5,2.0,0
flow_10.70,58.5,2.5,0
flow_10.71,55.5,2.5,0
flow_30.51,21.0,2.0,0
flow_00.42,21.5,2.0,0
flow_20.45,51.0,4.0,0
flow_20.46,50.5,3.0,0
flow_20.47,49.5,3.0,0
flow_00.43,23.0,2.0,0
flow_20.48,25.0,2.5,0
flow_00.44,22.0,2.0,0
flow_20.49,23.5,2.5,0
flow_00.45,22.0,1.5,0
flow_30.52,45.5,4.0,0
flow_10.72,82.5,4.0,0
flow_10.73,82.0,3.0,0
flow_30.53,43.0,3.0,0
flow_10.74,81.0,3.0,0
flow_30.54,42.5,3.0,0
flow_10.75,79.5,3.0,0
flow_30.55,40.5,3.0,0
flow_10.76,74.0,3.0,0
flow_30.56,39.5,3.0,0
flow_10.77,59.0,2.5,0
flow_30.57,38.0,2.5,0
flow_10.78,56.5,2.5,0
flow_30.58,31.5,2.5,0
flow_20.50,31.5,4.0,0
flow_00.46,52.0,4.0,0
flow_20.51,30.5,3.5,0
flow_00.47,52.0,3.0,0
flow_20.52,30.0,3.0,0
flow_00.48,50.5,3.0,0
flow_00.49,49.0,3.0,0
flow_20.53,21.0,2.0,0
flow_00.50,47.5,2.5,0
flow_00.51,46.0,2.5,0
flow_20.54,21.0,2.0,0
flow_00.52,32.0,2.5,0
flow_30.59,41.5,4.0,0
flow_10.79,82.5,4.0,0
flow_10.80,81.5,3.0,0
flow_30.60,42.0,3.0,0
flow_10.81,80.0,3.0,0
flow_30.61,31.5,3.0,0
flow_10.82,72.0,2.5,0
flow_10.83,61.5,3.0,0
flow_10.84,55.5,3.0,0
flow_10.85,46.0,3.0,0
flow_00.53,50.0,4.0,0
flow_20.55,35.5,4.0,0
flow_20.56,35.0,3.0,0
flow_00.54,50.0,3.0,0
flow_00.55,49.0,3.0,0
flow_20.57,33.5,3.0,0
flow_00.56,35.5,3.0,0
flow_20.58,22.5,2.0,0
flow_00.57,29.0,2.5,0
flow_20.59,21.0,1.5,0
flow_10.86,72.0,4.0,0
flow_30.62,45.0,4.0,0
flow_30.63,43.0,3.0,0
flow_10.87,72.0,3.0,0
flow_10.88,70.5,3.0,0
flow_30.64,30.5,3.0,0
flow_10.89,65.0,3.0,0
flow_30.65,29.5,3.0,0
flow_10.90,63.0,2.5,0
flow_30.66,22.0,2.0,0
flow_10.91,58.0,2.5,0
flow_10.92,38.0,2.5,0
flow_20.60,48.0,4.0,0
flow_00.58,44.0,4.0,0
flow_20.61,43.5,3.0,0
flow_00.59,42.0,3.0,0
flow_20.62,34.5,3.0,0
flow_00.60,21.0,1.5,0
flow_20.63,21.0,1.5,0
flow_30.67,49.0,4.0,0
flow_10.93,56.5,4.0,0
flow_10.94,55.0,3.0,0
flow_30.68,45.5,3.0,0
flow_10.95,54.0,3.0,0
flow_30.69,44.5,3.0,0
flow_10.96,47.0,2.5,0
flow_30.70,39.0,3.0,0
flow_10.97,45.5,2.5,0
flow_30.71,38.5,3.0,0
flow_10.98,35.5,2.5,0
flow_30.72,25.0,2.5,0
flow_10.99,34.0,2.5,0
flow_00.61,26.5,3.5,0
flow_20.64,47.0,4.0,0
flow_20.65,39.5,3.0,0
flow_00.62,22.0,2.0,0
flow_20.66,24.5,2.5,0
flow_00.63,21.0,2.0,0
flow_10.100,61.5,4.0,0
flow_30.73,44.0,4.0,0
flow_10.101,60.5,3.0,0
flow_30.74,43.5,3.0,0
flow_10.102,51.5,3.0,0
flow_30.75,42.5,3.0,0
flow_10.103,50.5,3.0,0
flow_30.76,42.0,3.0,0
flow_10.104,49.5,3.0,0
flow_30.77,38.0,3.0,0
flow_10.105,47.5,2.5,0
flow_30.78,36.5,3.0,0
flow_10.106,36.0,2.5,0
flow_30.79,33.0,2.5,0
flow_00.64,38.5,4.0,0
flow_20.67,37.0,4.0,0
flow_00.65,39.0,3.0,0
flow_00.66,25.5,2.5,0
flow_20.68,21.0,1.5,0
flow_20.69,21.0,2.0,0
flow_00.67,21.0,1.5,0
flow_20.70,22.0,1.5,0
flow_10.107,62.5,4.0,0
flow_30.80,53.0,4.0,0
flow_30.81,36.0,3.0,0
flow_10.108,60.5,3.0,0
flow_30.82,35.0,3.0,0
flow_10.109,60.0,3.0,0
flow_30.83,34.0,2.5,0
flow_10.110,49.5,3.0,0
flow_10.111,48.0,3.0,0
flow_30.84,34.0,2.5,0
flow_10.112,46.5,2.5,0
flow_10.113,45.0,2.5,0
flow_20.71,48.5,4.0,0
flow_00.68,49.5,4.0,0
flow_20.72,48.0,3.0,0
flow_00.69,49.0,3.0,0
flow_00.70,27.0,2.5,0
flow_20.73,47.0,3.0,0
flow_20.74,40.5,3.0,0
flow_20.75,29.5,2.5,0
flow_20.76,27.0,2.5,0
flow_20.77,25.5,2.5,0
flow_30.85,22.0,2.0,0
flow_10.114,69.0,4.0,0
flow_10.115,67.5,3.0,0
flow_30.86,22.5,2.0,0
flow_10.116,60.5,3.0,0
flow_10.117,59.5,3.0,0
flow_10.118,58.5,3.0,0
flow_10.119,56.0,3.0,0
flow_10.120,55.0,2.5,0
flow_20.78,51.5,4.0,0
flow_00.71,48.0,4.0,0
flow_00.72,28.5,3.0,0
flow_20.79,51.0,3.0,0
flow_20.80,44.5,3.0,0
flow_20.81,36.0,3.0,0
flow_20.82,34.5,3.0,0
flow_20.83,33.0,2.5,0
flow_20.84,32.0,2.5,0
flow_30.87,51.0,4.0,0
flow_10.121,82.0,4.0,0
flow_30.88,34.0,3.0,0
flow_10.122,67.0,3.5,0
flow_10.123,65.5,3.0,0
flow_30.89,26.0,2.5,0
flow_30.90,24.5,2.5,0
flow_10.124,65.0,3.0,0
flow_30.91,23.5,2.0,0
flow_10.125,56.0,3.0,0
flow_30.92,22.0,2.0,0
flow_10.126,52.5,3.0,0
flow_10.127,48.5,2.5,0
flow_20.85,47.0,4.0,0
flow_00.73,21.0,1.5,0
flow_20.86,46.5,3.0,0
flow_20.87,42.0,3.0,0
flow_20.88,23.0,2.0,0
flow_20.89,21.5,2.0,0
flow_20.90,20.5,2.0,0
flow_10.128,63.5,4.0,0
flow_30.93,45.0,4.0,0
flow_10.129,58.5,3.0,0
flow_30.94,45.0,3.0,0
flow_10.130,48.5,3.0,0
flow_30.95,43.5,3.0,0
flow_10.131,47.5,3.0,0
flow_30.96,42.5,3.0,0
flow_10.132,46.5,3.0,0
flow_30.97,31.5,3.0,0
flow_10.133,27.5,2.5,0
flow_30.98,27.0,3.0,0
flow_10.134,25.5,2.5,0
flow_30.99,25.5,2.5,0
flow_20.91,42.5,4.0,0
flow_00.74,51.5,4.0,0
flow_00.75,51.5,3.0,0
flow_20.92,41.0,3.0,0
flow_00.76,23.0,2.0,0
flow_20.93,40.0,3.0,0
flow_20.94,38.5,2.5,0
flow_20.95,31.0,2.5,0
flow_20.96,31.0,2.5,0
flow_10.135,52.0,4.0,0
flow_30.100,52.0,4.0,0
flow_30.101,40.0,3.0,0
flow_10.136,22.0,2.0,0
flow_30.102,39.0,3.0,0
flow_10.137,21.0,2.0,0
flow_30.103,29.0,2.5,0
flow_10.138,23.0,2.0,0
flow_00.77,42.0,4.0,0
flow_20.97,33.5,4.0,0
flow_00.78,34.5,3.0,0
flow_20.98,33.0,3.0,0
flow_00.79,21.5,2.0,0
flow_20.99,32.0,3.0,0
flow_20.100,30.0,2.5,0
flow_20.101,28.5,2.5,0
flow_00.80,22.0,2.0,0
flow_20.102,26.5,2.5,0
flow_00.81,23.5,2.0,0
flow_30.104,45.5,4.0,0
flow_10.139,49.0,4.0,0
flow_30.105,36.0,3.0,0
flow_10.140,48.0,3.0,0
flow_10.141,46.5,3.0,0
flow_30.106,32.5,3.0,0
flow_10.142,46.0,2.5,0
flow_30.107,28.0,3.0,0
flow_10.143,44.5,2.5,0
flow_10.144,43.5,3.0,0
flow_10.145,41.5,2.5,0
flow_00.82,27.5,3.5,0
flow_20.103,49.5,4.0,0
flow_20.104,31.5,3.5,0
flow_20.105,25.5,2.5,0
flow_00.83,21.0,1.5,0
flow_00.84,21.0,1.5,0
flow_10.146,47.5,4.0,0
flow_30.108,35.0,4.0,0
flow_10.147,46.5,3.0,0
flow_30.109,33.5,3.0,0
flow_30.110,32.5,3.0,0
flow_10.148,46.5,3.0,0
flow_30.111,31.0,3.0,0
flow_10.149,45.0,3.0,0
flow_30.112,29.5,2.5,0
flow_10.150,43.5,3.0,0
flow_30.113,23.5,2.5,0
flow_10.151,41.5,2.5,0
flow_30.114,22.0,1.5,0
flow_10.152,32.0,2.5,0
flow_20.106,22.5,2.0,0
flow_00.85,49.5,4.0,0
flow_00.86,39.5,3.0,0
flow_00.87,36.0,3.0,0
flow_00.88,21.0,1.5,0
flow_00.89,22.0,2.0,0
flow_10.153,58.5,4.0,0
flow_30.115,46.5,4.0,0
flow_10.154,58.0,3.0,0
flow_30.116,36.5,3.0,0
flow_10.155,42.5,3.0,0
flow_30.117,33.5,3.0,0
flow_10.156,41.5,2.5,0
flow_30.118,32.0,2.5,0
flow_10.157,30.0,2.5,0
flow_30.119,27.0,3.0,0
flow_10.158,29.0,2.5,0
flow_30.120,27.5,3.0,0
flow_10.159,27.5,2.5,0
flow_00.90,52.0,4.0,0
flow_20.107,50.5,4.0,0
flow_20.108,41.5,3.0,0
flow_00.91,52.5,3.5,0
flow_00.92,51.0,3.0,0
flow_20.109,40.5,3.0,0
flow_00.93,46.5,3.0,0
flow_20.110,39.5,3.0,0
flow_00.94,45.0,3.0,0
flow_20.111,38.5,3.0,0
flow_00.95,43.5,2.5,0
flow_20.112,36.5,2.5,0
flow_00.96,42.0,2.5,0
flow_20.113,27.5,2.5,0
flow_30.121,39.5,4.0,0
flow_10.160,55.0,4.0,0
flow_30.122,39.0,3.0,0
flow_10.161,54.5,3.0,0
flow_10.162,52.5,3.0,0
flow_30.123,38.5,3.0,0
flow_10.163,51.5,3.0,0
flow_30.124,31.5,2.5,0
flow_30.125,29.5,2.5,0
flow_10.164,50.5,3.0,0
flow_20.0,21.0,1.5,0
flow_00.0,21.0,1.5,0
flow_20.1,22.5,2.5,0
flow_10.0,32.0,4.0,0
flow_30.0,28.5,3.5,0
flow_30.1,27.5,3.0,0
flow_30.2,25.5,3.0,0
flow_20.2,47.5,4.0,0
flow_00.1,36.5,4.0,0
flow_00.2,28.5,3.0,0
flow_20.3,48.0,3.0,0
flow_00.3,25.5,3.0,0
flow_20.4,30.5,3.0,0
flow_00.4,21.0,1.5,0
flow_10.1,37.0,4.0,0
flow_30.3,35.0,4.0,0
flow_30.4,34.5,3.0,0
flow_10.2,31.0,3.5,0
flow_10.3,26.5,2.5,0
flow_30.5,31.5,3.0,0
flow_10.4,21.5,2.0,0
flow_30.6,21.0,2.0,0
flow_10.5,21.5,2.0,0
flow_00.5,49.5,4.0,0
flow_20.5,39.0,4.0,0
flow_20.6,23.5,2.0,0
flow_00.6,43.5,3.5,0
flow_00.7,25.0,2.5,0
flow_20.7,24.0,2.5,0
flow_20.8,21.5,2.0,0
flow_00.8,20.5,1.5,0
flow_30.7,50.0,4.0,0
flow_10.6,53.0,4.0,0
flow_10.7,52.0,3.0,0
flow_30.8,49.5,3.0,0
flow_10.8,50.5,3.0,0
flow_10.9,49.0,3.0,0
flow_30.9,22.0,2.0,0
flow_20.9,49.5,4.0,0
flow_00.9,51.0,4.0,0
flow_00.10,40.0,3.0,0
flow_00.11,39.5,3.0,0
flow_20.10,22.0,2.0,0
flow_10.10,45.0,4.0,0
flow_30.10,48.5,4.0,0
flow_10.11,27.0,3.0,0
flow_30.11,47.0,3.0,0
flow_10.12,26.0,2.5,0
flow_30.12,46.5,3.0,0
flow_10.13,24.5,2.5,0
flow_30.13,45.0,3.0,0
flow_10.14,23.5,2.5,0
flow_30.14,38.0,2.5,0
flow_30.15,34.5,2.5,0
flow_30.16,32.5,2.5,0
flow_20.11,48.5,4.0,0
flow_00.12,47.0,4.0,0
flow_00.13,45.5,3.0,0
flow_20.12,33.5,3.0,0
flow_20.13,32.5,3.0,0
flow_00.14,45.0,3.0,0
flow_20.14,31.5,3.0,0
flow_00.15,30.5,2.5,0
flow_20.15,29.0,3.0,0
flow_20.16,27.5,2.5,0
flow_00.16,21.5,2.0,0
flow_30.17,59.5,4.0,0
flow_10.15,49.5,4.0,0
flow_30.18,54.5,3.0,0
flow_10.16,51.0,3.5,0
flow_30.19,22.5,2.5,0
flow_10.17,32.5,3.0,0
flow_30.20,21.5,2.0,0
flow_10.18,25.5,2.5,0
flow_10.19,24.0,2.0,0
flow_00.17,48.5,4.0,0
flow_00.18,47.0,3.0,0
flow_00.19,40.5,3.0,0
flow_00.20,39.5,3.0,0
flow_20.17,23.5,2.5,0
flow_00.21,38.0,2.5,0
flow_00.22,36.0,2.5,0
flow_00.23,29.5,2.5,0
flow_30.21,25.5,3.0,0
flow_10.20,50.5,4.0,0
flow_10.21,47.0,3.0,0
flow_10.22,34.0,3.0,0
flow_30.22,21.0,1.5,0
flow_10.23,21.0,2.0,0
flow_30.23,21.5,2.0,0
flow_00.24,48.0,4.0,0
flow_00.25,40.0,3.0,0
flow_00.26,21.0,2.0,0
flow_20.18,22.0,2.0,0
flow_20.19,21.0,2.0,0
flow_10.24,49.5,4.0,0
flow_30.24,43.5,4.0,0
flow_30.25,43.0,3.0,0
flow_10.25,37.0,3.0,0
flow_30.26,41.5,3.0,0
flow_30.27,37.5,3.0,0
flow_30.28,36.0,2.5,0
flow_10.26,20.5,1.5,0
flow_30.29,34.5,2.5,0
flow_30.30,31.0,2.5,0
flow_00.27,38.0,4.0,0
flow_20.20,35.5,4.0,0
flow_10.27,45.0,4.0,0
flow_30.31,39.0,4.0,0
flow_10.28,45.0,3.0,0
flow_30.32,26.0,3.0,0
flow_30.33,24.0,2.0,0
flow_10.29,43.5,3.0,0
flow_10.30,42.5,3.0,0
flow_10.31,21.0,1.5,0
flow_20.21,50.5,4.0,0
flow_00.28,46.5,4.0,0
flow_20.22,49.5,3.0,0
flow_00.29,46.0,3.0,0
flow_20.23,32.5,3.0,0
flow_00.30,30.0,3.0,0
flow_00.31,25.0,2.5,0
flow_20.24,22.0,2.0,0
flow_20.25,22.0,2.0,0
flow_10.32,48.0,4.0,0
flow_30.34,51.0,4.0,0
flow_10.33,28.0,3.0,0
flow_30.35,50.5,3.0,0
flow_30.36,50.0,3.0,0
flow_30.37,46.5,3.0,0
flow_10.34,20.0,1.5,0
flow_30.38,42.0,3.0,0
flow_30.39,40.0,2.5,0
flow_30.40,38.5,2.5,0
flow_20.26,42.0,4.0,0
flow_00.32,45.5,4.0,0
flow_20.27,42.0,3.0,0
flow_00.33,38.0,3.0,0
flow_20.28,41.0,3.0,0
flow_00.34,35.5,3.0,0
flow_20.29,38.0,2.5,0
flow_00.35,21.5,2.0,0
flow_20.30,31.5,2.5,0
flow_20.31,30.0,2.5,0
flow_00.36,21.5,2.0,0
flow_30.41,65.5,4.0,0
flow_10.35,31.0,3.5,0
flow_10.36,26.5,3.0,0
flow_30.42,65.5,3.0,0
flow_10.37,25.5,3.0,0
flow_30.43,63.5,3.0,0
flow_30.44,62.5,3.0,0
flow_10.38,20.5,1.5,0
flow_30.45,57.0,3.0,0
flow_30.46,55.5,2.5,0
flow_30.47,54.0,2.5,0
flow_20.32,48.0,4.0,0
flow_00.37,35.0,4.0,0
flow_20.33,42.0,3.0,0
flow_00.38,23.0,2.0,0
flow_20.34,39.5,3.0,0
flow_20.35,33.0,2.5,0
flow_20.36,31.5,2.5,0
flow_10.39,42.0,4.0,0
flow_30.48,81.0,4.0,0
flow_30.49,78.0,3.0,0
flow_10.40,39.5,3.0,0
flow_30.50,77.0,3.0,0
flow_10.41,25.0,2.5,0
flow_30.51,62.0,2.5,0
flow_30.52,60.5,2.5,0
flow_30.53,59.5,3.0,0
flow_30.54,57.0,2.5,0
flow_00.39,26.0,3.5,0
flow_20.37,30.0,3.5,0
flow_20.38,25.5,3.0,0
flow_00.40,21.0,1.5,0
flow_20.39,21.5,2.0,0
flow_00.41,21.0,2.0,0
flow_30.55,82.5,4.0,0
flow_10.42,35.5,4.0,0
flow_30.56,81.5,3.0,0
flow_10.43,33.0,3.5,0
flow_30.57,81.5,3.0,0
flow_10.44,31.5,3.0,0
flow_30.58,80.0,3.0,0
flow_30.59,78.0,3.0,0
flow_30.60,59.0,2.5,0
flow_30.61,56.0,2.5,0
flow_20.40,47.5,4.0,0
flow_00.42,45.0,4.0,0
flow_00.43,27.0,3.0,0
flow_20.41,30.5,3.0,0
flow_20.42,29.0,3.0,0
flow_00.44,21.5,2.0,0
flow_20.43,24.5,2.5,0
flow_20.44,22.0,2.0,0
flow_00.45,21.0,2.0,0
flow_10.45,36.0,4.0,0
flow_30.62,83.5,4.0,0
flow_30.63,81.5,3.0,0
flow_10.46,36.0,3.0,0
flow_10.47,34.0,3.0,0
flow_30.64,68.0,3.0,0
flow_10.48,29.5,3.0,0
flow_30.65,65.0,3.0,0
flow_10.49,28.0,3.0,0
flow_30.66,56.5,3.0,0
flow_30.67,52.0,2.5,0
flow_30.68,37.0,2.5,0
flow_20.45,30.5,3.5,0
flow_20.46,30.0,3.0,0
flow_20.47,28.5,3.0,0
flow_20.48,28.0,3.0,0
flow_30.69,63.0,4.0,0
flow_10.50,49.0,4.0,0
flow_10.51,48.0,3.0,0
flow_30.70,46.0,3.5,0
flow_10.52,42.0,3.0,0
flow_30.71,44.5,3.0,0
flow_10.53,41.5,2.5,0
flow_30.72,37.0,3.0,0
flow_30.73,35.0,3.0,0
flow_10.54,26.5,2.5,0
flow_30.74,33.5,2.5,0
flow_30.75,31.5,2.5,0
flow_20.49,51.0,4.0,0
flow_00.46,44.5,4.0,0
flow_20.50,34.5,3.0,0
flow_20.51,31.0,3.0,0
flow_10.55,42.5,4.0,0
flow_30.76,55.0,4.0,0
flow_10.56,42.0,3.0,0
flow_30.77,54.0,3.0,0
flow_10.57,26.5,2.5,0
flow_30.78,39.5,3.0,0
flow_30.79,37.0,2.5,0
flow_30.80,35.5,2.5,0
flow_30.81,34.5,2.5,0
flow_30.82,30.5,2.5,0
flow_00.47,49.0,4.0,0
flow_20.52,33.5,4.0,0
flow_00.48,38.5,3.0,0
flow_20.53,33.5,3.0,0
flow_20.54,26.0,3.0,0
flow_00.49,35.0,3.0,0
flow_00.50,34.5,3.0,0
flow_10.58,35.5,4.0,0
flow_30.83,55.5,4.0,0
flow_30.84,55.0,3.0,0
flow_30.85,53.5,3.0,0
flow_30.86,52.5,3.0,0
flow_30.87,51.0,3.0,0
flow_30.88,49.0,2.5,0
flow_30.89,47.5,2.5,0
flow_00.51,23.0,2.0,0
flow_20.55,47.5,4.0,0
flow_20.56,46.0,3.0,0
flow_20.57,40.5,3.0,0
flow_20.58,28.0,2.5,0
flow_20.59,21.5,2.0,0
flow_10.59,47.5,4.0,0
flow_30.90,74.5,4.0,0
flow_30.91,71.5,3.0,0
flow_10.60,44.0,3.5,0
flow_30.92,67.5,3.0,0
flow_10.61,25.5,2.5,0
flow_30.93,66.0,2.5,0
flow_30.94,64.5,2.5,0
flow_30.95,58.0,2.5,0
flow_30.96,56.0,2.5,0
flow_00.52,50.5,4.0,0
flow_20.60,51.5,4.0,0
flow_00.53,35.5,3.0,0
flow_20.61,41.5,3.0,0
flow_20.62,28.0,2.5,0
flow_20.63,26.0,2.5,0
flow_20.64,21.0,1.5,0
flow_30.97,82.0,4.0,0
flow_10.62,31.0,4.0,0
flow_10.63,23.5,2.5,0
flow_30.98,77.0,3.0,0
flow_10.64,22.0,2.0,0
flow_30.99,73.5,3.0,0
flow_10.65,22.0,2.0,0
flow_30.100,59.5,3.0,0
flow_30.101,58.0,3.0,0
flow_30.102,56.5,2.5,0
flow_30.103,53.0,2.5,0
flow_00.54,47.0,4.0,0
flow_20.65,50.5,4.0,0
flow_00.55,46.0,3.0,0
flow_20.66,25.5,3.0,0
flow_00.56,37.0,3.0,0
flow_00.57,33.0,2.5,0
flow_00.58,27.5,3.0,0
flow_00.59,24.0,2.5,0
flow_30.104,73.5,4.0,0
flow_10.66,51.5,4.0,0
flow_30.105,72.5,3.0,0
flow_10.67,50.5,3.0,0
flow_30.106,62.5,3.0,0
flow_10.68,49.5,3.0,0
flow_30.107,57.5,3.0,0
flow_10.69,38.0,3.0,0
flow_10.70,32.5,2.5,0
flow_30.108,56.5,3.0,0
flow_30.109,55.5,3.0,0
flow_10.71,26.0,2.5,0
flow_30.110,45.0,2.5,0
flow_10.72,24.5,2.5,0
flow_20.67,47.5,4.0,0
flow_00.60,50.0,4.0,0
flow_20.68,44.5,3.0,0
flow_00.61,49.5,3.0,0
flow_20.69,43.5,3.0,0
flow_00.62,48.5,3.0,0
flow_20.70,42.0,3.0,0
flow_00.63,25.0,2.5,0
flow_20.71,41.0,3.0,0
flow_00.64,23.5,2.5,0
flow_20.72,28.5,2.5,0
flow_00.65,22.0,1.5,0
flow_20.73,26.5,2.5,0
flow_30.111,68.5,4.0,0
flow_10.73,34.0,4.0,0
flow_10.74,33.5,3.0,0
flow_30.112,62.0,3.0,0
flow_30.113,60.5,3.0,0
flow_10.75,33.0,3.0,0
flow_30.114,59.0,3.0,0
flow_10.76,32.0,3.0,0
flow_30.115,57.5,2.5,0
flow_30.116,55.5,2.5,0
flow_30.117,52.5,2.5,0
flow_10.77,21.0,1.5,0
flow_00.66,37.5,4.0,0
flow_20.74,53.0,4.0,0
flow_00.67,35.5,3.0,0
flow_00.68,33.0,3.0,0
flow_00.69,24.0,2.5,0
flow_30.118,79.5,4.0,0
flow_10.78,44.5,4.0,0
flow_30.119,78.5,3.0,0
flow_10.79,33.0,3.0,0
flow_30.120,67.0,3.0,0
flow_10.80,33.0,3.0,0
flow_10.81,31.5,3.0,0
flow_30.121,64.0,3.0,0
flow_30.122,62.0,3.0,0
flow_10.82,30.5,3.0,0
flow_10.83,28.5,3.0,0
flow_30.123,58.5,2.5,0
flow_10.84,22.5,2.0,0
flow_30.124,42.0,2.5,0
flow_20.75,48.0,4.0,0
flow_00.70,39.5,4.0,0
flow_20.76,41.0,3.0,0
flow_00.71,37.5,3.0,0
flow_20.77,35.5,3.0,0
flow_00.72,36.5,3.0,0
flow_00.73,21.5,2.0,0
flow_20.78,20.5,1.5,0
flow_30.125,68.0,4.0,0
flow_10.85,50.0,4.0,0
flow_30.126,67.0,3.0,0
flow_30.127,59.5,3.0,0
flow_30.128,58.5,2.5,0
flow_30.129,57.0,2.5,0
flow_30.130,53.0,2.5,0
flow_30.131,49.0,2.5,0
flow_20.79,40.5,4.0,0
flow_00.74,32.0,4.0,0
flow_00.75,30.5,3.5,0
flow_20.80,24.5,2.5,0
flow_00.76,30.0,3.0,0
flow_00.77,28.5,3.0,0
flow_00.78,27.0,2.5,0
flow_20.81,21.5,2.0,0
flow_00.79,25.0,2.5,0
flow_00.80,23.5,2.5,0
flow_30.132,60.0,4.0,0
flow_10.86,38.0,4.0,0
flow_30.133,59.0,3.0,0
flow_10.87,27.5,3.0,0
flow_10.88,22.0,2.0,0
flow_30.134,51.0,3.0,0
flow_30.135,47.0,3.0,0
flow_30.136,37.0,3.0,0
flow_30.137,27.0,2.5,0
flow_30.138,25.0,2.5,0
flow_20.82,30.5,4.0,0
flow_00.81,30.5,3.5,0
flow_20.83,30.0,3.0,0
flow_20.84,25.5,2.5,0
flow_20.85,20.5,1.5,0
flow_20.86,21.0,1.5,0
flow_10.89,37.5,4.0,0
flow_30.139,53.0,4.0,0
flow_30.140,42.5,3.0,0
flow_30.141,36.5,3.0,0
flow_30.142,29.5,2.5,0
flow_10.90,21.5,2.0,0
flow_30.143,28.0,2.5,0
flow_30.144,26.5,3.0,0
flow_10.91,22.0,2.0,0
flow_30.145,25.0,2.5,0
flow_00.82,47.0,4.0,0
flow_20.87,49.0,4.0,0
flow_00.83,38.0,3.0,0
flow_00.84,26.0,2.5,0
flow_10.92,50.0,4.0,0
flow_30.146,52.5,4.0,0
flow_30.147,52.0,3.0,0
flow_30.148,51.0,3.0,0
flow_30.149,49.5,3.0,0
flow_30.150,48.0,3.0,0
flow_20.0,20.5,1.5,0
flow_10.0,34.0,4.0,0
flow_10.1,34.5,3.0,0
flow_10.2,33.0,3.0,0
flow_10.3,32.0,3.0,0
flow_10.4,30.5,3.0,0
flow_10.5,28.0,2.5,0
flow_10.6,27.0,2.5,0
flow_00.0,22.5,2.0,0
flow_20.1,35.5,4.0,0
flow_20.2,21.0,1.5,0
flow_30.0,30.0,3.5,0
flow_10.7,56.0,4.0,0
flow_10.8,54.0,3.0,0
flow_10.9,52.0,3.0,0
flow_10.10,50.5,3.0,0
flow_10.11,49.0,2.5,0
flow_10.12,46.0,2.5,0
flow_10.13,42.0,2.5,0
flow_00.1,47.5,4.0,0
flow_00.2,35.5,3.0,0
flow_20.3,20.5,1.5,0
flow_30.1,37.0,4.0,0
flow_10.14,63.0,4.0,0
flow_30.2,36.0,3.0,0
flow_10.15,62.0,3.0,0
flow_30.3,23.5,2.5,0
flow_10.16,61.5,3.0,0
flow_10.17,61.0,3.0,0
flow_10.18,56.0,3.0,0
flow_10.19,54.0,3.0,0
flow_10.20,52.5,2.5,0
flow_20.4,49.5,4.0,0
flow_20.5,38.0,3.0,0
flow_20.6,37.0,3.0,0
flow_20.7,36.5,2.5,0
flow_00.3,21.0,1.5,0
flow_10.21,79.0,4.0,0
flow_10.22,77.5,3.0,0
flow_10.23,76.5,3.0,0
flow_10.24,75.5,3.0,0
flow_10.25,74.0,3.0,0
flow_10.26,59.0,2.5,0
flow_10.27,55.5,2.5,0
flow_20.8,23.0,2.5,0
flow_00.4,21.5,2.0,0
flow_10.28,80.0,4.0,0
flow_30.4,49.0,4.0,0
flow_10.29,79.5,3.0,0
flow_10.30,78.0,3.0,0
flow_30.5,21.5,2.0,0
flow_10.31,77.0,3.0,0
flow_10.32,75.0,2.5,0
flow_30.6,23.0,2.0,0
flow_10.33,58.5,2.5,0
flow_10.34,57.0,2.5,0
flow_20.9,43.0,4.0,0
flow_00.5,42.0,4.0,0
flow_20.10,30.0,3.0,0
flow_00.6,32.0,3.0,0
flow_20.11,29.5,3.0,0
flow_20.12,28.5,3.0,0
flow_10.35,82.0,4.0,0
flow_30.7,34.5,4.0,0
flow_10.36,82.5,3.5,0
flow_10.37,81.0,3.0,0
flow_30.8,23.0,2.5,0
flow_10.38,80.0,3.0,0
flow_10.39,78.0,3.0,0
flow_10.40,58.5,2.5,0
flow_10.41,56.0,2.5,0
flow_20.13,42.5,4.0,0
flow_00.7,39.0,4.0,0
flow_00.8,22.5,2.0,0
flow_20.14,43.0,3.5,0
flow_20.15,22.5,2.0,0
flow_10.42,83.0,4.0,0
flow_30.9,53.5,4.0,0
flow_10.43,81.5,3.0,0
flow_30.10,47.0,3.5,0
flow_10.44,81.0,3.0,0
flow_30.11,46.0,3.0,0
flow_10.45,80.0,3.0,0
flow_10.46,77.5,3.0,0
flow_10.47,59.0,2.5,0
flow_10.48,55.5,2.5,0
flow_00.9,23.0,2.0,0
flow_20.16,44.5,4.0,0
flow_20.17,41.0,3.0,0
flow_00.10,21.0,1.5,0
flow_20.18,39.5,3.0,0
flow_20.19,21.5,1.5,0
flow_00.11,21.0,2.0,0
flow_10.49,82.5,4.0,0
flow_30.12,45.5,4.0,0
flow_10.50,81.5,3.0,0
flow_30.13,44.5,3.0,0
flow_10.51,81.0,3.0,0
flow_10.52,79.5,3.0,0
flow_10.53,76.5,2.5,0
flow_10.54,58.5,2.5,0
flow_10.55,55.0,2.5,0
flow_00.12,24.5,3.0,0
flow_20.20,23.0,2.0,0
flow_10.56,82.5,4.0,0
flow_30.14,40.5,4.0,0
flow_10.57,82.5,3.0,0
flow_10.58,81.0,3.0,0
flow_10.59,79.5,3.0,0
flow_10.60,78.0,3.0,0
flow_10.61,59.5,3.0,0
flow_30.15,21.0,1.5,0
flow_10.62,51.0,2.5,0
flow_00.13,50.5,4.0,0
flow_00.14,48.5,3.5,0
flow_00.15,46.0,3.0,0
flow_00.16,44.0,3.0,0
flow_00.17,36.5,3.0,0
flow_00.18,21.0,2.0,0
flow_10.63,73.0,4.0,0
flow_30.16,44.5,4.0,0
flow_30.17,24.5,2.5,0
flow_10.64,72.5,3.0,0
flow_10.65,57.0,3.0,0
flow_10.66,55.5,2.5,0
flow_10.67,54.0,2.5,0
flow_10.68,33.0,2.5,0
flow_10.69,31.5,2.5,0
flow_20.21,28.0,3.5,0
flow_30.18,24.5,2.5,0
flow_10.70,51.5,4.0,0
flow_10.71,44.0,3.0,0
flow_10.72,31.5,3.0,0
flow_30.19,22.0,2.0,0
flow_10.73,24.5,2.5,0
flow_10.74,23.5,2.5,0
flow_10.75,21.5,2.0,0
flow_20.22,40.0,4.0,0
flow_20.23,23.0,2.0,0
flow_10.76,49.5,4.0,0
flow_10.77,48.0,3.0,0
flow_30.20,22.5,2.0,0
flow_10.78,47.0,3.0,0
flow_10.79,44.0,2.5,0
flow_10.80,36.5,2.5,0
flow_10.81,34.5,2.5,0
flow_10.82,33.0,2.5,0
flow_20.24,37.5,4.0,0
flow_20.25,23.0,2.5,0
flow_20.26,21.0,1.5,0
flow_00.19,20.5,1.5,0
flow_10.83,60.0,4.0,0
flow_10.84,54.0,3.0,0
flow_10.85,54.0,3.0,0
flow_10.86,50.0,3.0,0
flow_10.87,48.0,3.0,0
flow_10.88,36.5,2.5,0
flow_10.89,35.0,2.5,0
flow_00.20,32.0,4.0,0
flow_20.27,27.0,3.0,0
flow_00.21,28.0,3.0,0
flow_00.22,21.0,2.0,0
flow_10.90,56.5,4.0,0
flow_10.91,56.0,3.0,0
flow_10.92,55.0,3.0,0
flow_30.21,21.5,2.0,0
flow_10.93,48.0,3.0,0
flow_10.94,31.0,3.0,0
flow_10.95,27.5,2.5,0
flow_10.96,26.0,2.5,0
flow_00.23,32.5,4.0,0
flow_20.28,40.0,4.0,0
flow_00.24,31.5,3.5,0
flow_20.29,28.5,3.0,0
flow_20.30,23.0,2.0,0
flow_00.25,21.0,1.5,0
flow_10.97,53.0,4.0,0
flow_30.22,41.5,4.0,0
flow_10.98,51.0,3.0,0
flow_10.99,50.5,3.0,0
flow_10.100,48.5,3.0,0
flow_10.101,44.0,3.0,0
flow_30.23,21.5,2.0,0
flow_10.102,42.5,2.5,0
flow_10.103,40.5,2.5,0
flow_00.26,31.0,4.0,0
flow_20.31,21.5,2.0,0
flow_00.27,21.0,1.5,0
flow_30.24,46.0,4.0,0
flow_10.104,68.5,4.0,0
flow_30.25,46.0,3.0,0
flow_10.105,68.5,3.5,0
flow_30.26,23.5,2.5,0
flow_10.106,66.5,3.0,0
flow_10.107,65.5,3.0,0
flow_10.108,63.5,3.0,0
flow_10.109,59.0,3.0,0
flow_10.110,56.5,2.5,0
flow_20.32,52.5,4.0,0
flow_00.28,45.0,4.0,0
flow_20.33,51.5,3.5,0
flow_20.34,23.0,2.0,0
flow_10.111,82.0,4.0,0
flow_30.27,36.5,4.0,0
flow_10.112,81.0,3.0,0
flow_10.113,81.0,3.0,0
flow_10.114,79.5,3.0,0
flow_10.115,77.5,3.0,0
flow_10.116,59.5,3.0,0
flow_10.117,56.0,2.5,0
flow_00.29,40.5,4.0,0
flow_20.35,41.5,4.0,0
flow_00.30,21.0,1.5,0
flow_00.31,21.0,2.0,0
flow_10.118,83.0,4.0,0
flow_30.28,47.5,4.0,0
flow_10.119,81.5,3.0,0
flow_30.29,46.5,3.0,0
flow_10.120,67.0,3.0,0
flow_10.121,64.5,2.5,0
flow_10.122,54.5,2.5,0
flow_10.123,42.5,2.5,0
flow_10.124,41.0,2.5,0
flow_00.32,50.5,4.0,0
flow_20.36,28.0,3.5,0
flow_00.33,50.0,3.0,0
flow_20.37,27.5,3.0,0
flow_00.34,21.0,1.5,0
flow_20.38,21.5,2.0,0
flow_30.30,32.0,4.0,0
flow_10.125,67.0,4.0,0
flow_30.31,27.0,3.0,0
flow_10.126,67.5,3.0,0
flow_10.127,66.0,3.0,0
flow_10.128,57.0,3.0,0
flow_10.129,43.5,3.0,0
flow_10.130,42.0,2.5,0
flow_10.131,41.5,2.5,0
flow_20.39,43.5,4.0,0
flow_00.35,25.0,3.0,0
flow_10.132,65.0,4.0,0
flow_30.32,51.0,4.0,0
flow_10.133,65.5,3.0,0
flow_30.33,21.0,2.0,0
flow_10.134,63.5,3.0,0
flow_10.135,62.5,3.0,0
flow_10.136,41.0,3.0,0
flow_10.137,39.5,3.0,0
flow_10.138,38.0,2.5,0
flow_20.40,31.0,3.5,0
flow_00.36,21.0,1.5,0
flow_20.41,24.0,2.0,0
flow_20.42,20.5,1.5,0
flow_10.139,52.0,4.0,0
flow_10.140,46.0,3.0,0
flow_10.141,28.0,3.0,0
flow_10.142,27.5,2.5,0
flow_10.143,26.5,2.5,0
flow_10.144,22.0,2.0,0
flow_10.145,22.0,2.0,0
flow_00.37,33.0,4.0,0
flow_20.43,26.5,3.5,0
flow_00.38,21.0,2.0,0
flow_20.44,20.5,1.5,0
flow_10.146,40.5,4.0,0
flow_30.34,29.0,3.5,0
flow_10.147,33.0,3.0,0
flow_10.148,29.0,3.0,0
flow_10.149,27.5,3.0,0
flow_30.35,22.5,2.0,0
flow_00.39,38.0,4.0,0
flow_00.40,36.0,3.0,0
flow_00.41,23.5,2.0,0
flow_00.42,24.0,2.5,0
flow_10.150,45.0,4.0,0
flow_10.151,44.5,3.0,0
flow_10.152,40.0,3.0,0
flow_10.153,39.0,3.0,0
flow_10.154,35.5,2.5,0
flow_10.155,34.0,2.5,0
flow_10.156,30.0,2.5,0
flow_20.45,40.0,4.0,0
flow_20.46,33.0,3.0,0
flow_00.43,21.0,1.5,0
flow_20.47,21.0,1.5,0
flow_10.157,57.5,4.0,0
flow_30.36,34.5,4.0,0
flow_10.158,57.0,3.0,0
flow_10.159,57.0,3.0,0
flow_10.160,48.5,3.0,0
flow_10.161,47.0,3.0,0
flow_10.162,46.0,3.0,0
flow_10.163,44.5,3.0,0
flow_00.44,26.0,3.5,0
flow_20.48,38.0,4.0,0
flow_00.45,20.5,1.5,0
flow_00.46,21.0,1.5,0
flow_10.164,70.0,4.0,0
flow_30.37,44.0,4.0,0
flow_10.165,68.5,3.0,0
flow_30.38,27.5,3.0,0
flow_10.166,67.5,3.0,0
flow_30.39,23.5,2.0,0
flow_10.167,66.0,2.5,0
flow_10.168,64.5,3.0,0
flow_20.0,21.5,2.0,0
flow_10.0,26.0,3.5,0
flow_30.0,22.0,2.0,0
flow_20.1,48.5,4.0,0
flow_00.0,50.5,4.0,0
flow_00.1,50.5,3.0,0
flow_20.2,49.5,3.5,0
flow_00.2,43.5,3.0,0
flow_20.3,45.5,3.0,0
flow_20.4,42.5,3.0,0
flow_00.3,41.0,3.0,0
flow_20.5,41.0,3.0,0
flow_00.4,39.5,3.0,0
flow_20.6,39.5,2.5,0
flow_00.5,24.5,2.5,0
flow_20.7,38.0,2.5,0
flow_30.1,40.0,4.0,0
flow_10.1,25.0,3.0,0
flow_30.2,22.0,2.0,0
flow_30.3,22.0,2.0,0
flow_30.4,22.0,1.5,0
flow_10.2,20.5,1.5,0
flow_10.3,20.5,2.0,0
flow_00.6,46.0,4.0,0
flow_20.8,65.0,4.0,0
flow_20.9,64.0,3.0,0
flow_00.7,46.0,3.0,0
flow_20.10,48.0,3.0,0
flow_00.8,37.0,3.0,0
flow_20.11,42.0,3.0,0
flow_20.12,38.0,2.5,0
flow_20.13,37.0,2.5,0
flow_20.14,35.5,2.5,0
flow_30.5,39.5,4.0,0
flow_10.4,47.0,4.0,0
flow_10.5,46.0,3.0,0
flow_30.6,34.5,3.0,0
flow_10.6,27.5,2.5,0
flow_30.7,30.0,3.0,0
flow_20.15,62.0,4.0,0
flow_00.9,38.5,4.0,0
flow_20.16,62.5,3.0,0
flow_20.17,38.5,3.0,0
flow_00.10,20.5,1.5,0
flow_20.18,37.5,2.5,0
flow_30.8,45.5,4.0,0
flow_10.7,22.5,2.0,0
flow_30.9,36.5,3.0,0
flow_30.10,29.5,3.0,0
flow_10.8,20.0,1.5,0
flow_30.11,24.0,2.5,0
flow_10.9,21.5,2.0,0
flow_20.19,39.5,4.0,0
flow_00.11,37.5,4.0,0
flow_20.20,35.5,3.0,0
flow_00.12,32.5,3.0,0
flow_20.21,34.5,3.0,0
flow_00.13,31.5,3.0,0
flow_20.22,29.0,3.0,0
flow_00.14,28.5,2.5,0
flow_00.15,26.5,2.5,0
flow_20.23,22.0,2.0,0
flow_00.16,22.0,2.0,0
flow_10.10,48.0,4.0,0
flow_30.12,46.5,4.0,0
flow_30.13,46.0,3.0,0
flow_10.11,50.0,3.5,0
flow_30.14,42.5,3.0,0
flow_10.12,46.0,3.0,0
flow_30.15,41.5,2.5,0
flow_10.13,42.5,3.0,0
flow_30.16,37.0,3.0,0
flow_10.14,35.5,3.0,0
flow_30.17,30.5,2.5,0
flow_30.18,29.0,2.5,0
flow_00.17,39.0,4.0,0
flow_20.24,51.0,4.0,0
flow_00.18,32.5,3.0,0
flow_20.25,45.5,3.0,0
flow_20.26,21.5,1.5,0
flow_00.19,33.0,3.0,0
flow_20.27,22.5,2.0,0
flow_00.20,21.0,2.0,0
flow_20.28,21.5,1.5,0
flow_30.19,50.0,4.0,0
flow_10.15,36.5,4.0,0
flow_10.16,26.0,2.5,0
flow_30.20,50.0,3.0,0
flow_10.17,24.5,2.5,0
flow_30.21,47.5,3.0,0
flow_30.22,46.5,3.0,0
flow_30.23,30.0,2.5,0
flow_10.18,21.0,1.5,0
flow_00.21,50.5,4.0,0
flow_20.29,50.5,4.0,0
flow_00.22,49.5,3.0,0
flow_20.30,51.5,3.5,0
flow_00.23,24.5,2.5,0
flow_20.31,48.0,3.0,0
flow_00.24,22.5,2.0,0
flow_20.32,23.5,2.0,0
flow_00.25,22.5,2.0,0
flow_20.33,21.5,2.0,0
flow_10.19,47.0,4.0,0
flow_30.24,47.5,4.0,0
flow_10.20,30.5,3.5,0
flow_30.25,22.0,1.5,0
flow_10.21,29.0,3.0,0
flow_10.22,28.0,3.0,0
flow_20.34,39.0,4.0,0
flow_00.26,44.0,4.0,0
flow_20.35,23.5,2.0,0
flow_00.27,35.0,3.0,0
flow_00.28,33.5,3.0,0
flow_20.36,21.5,2.0,0
flow_00.29,32.5,2.5,0
flow_20.37,21.0,2.0,0
flow_00.30,26.5,2.5,0
flow_20.38,21.0,1.5,0
flow_00.31,22.0,2.0,0
flow_30.26,50.5,4.0,0
flow_10.23,30.0,3.5,0
flow_30.27,50.0,3.0,0
flow_10.24,29.5,3.0,0
flow_10.25,26.0,3.0,0
flow_30.28,37.5,3.0,0
flow_00.32,51.0,4.0,0
flow_20.39,51.0,4.0,0
flow_20.40,50.0,3.0,0
flow_00.33,39.5,3.0,0
flow_20.41,48.5,3.0,0
flow_00.34,32.5,3.0,0
flow_00.35,31.0,3.0,0
flow_20.42,48.0,3.0,0
flow_00.36,30.0,2.5,0
flow_20.43,46.5,3.0,0
flow_00.37,29.0,3.0,0
flow_20.44,45.5,3.0,0
flow_20.45,43.5,2.5,0
flow_10.26,32.0,4.0,0
flow_30.29,38.5,4.0,0
flow_30.30,37.5,3.0,0
flow_10.27,32.0,3.5,0
flow_30.31,37.5,3.0,0
flow_30.32,23.0,2.0,0
flow_30.33,22.5,2.0,0
flow_20.46,69.5,4.0,0
flow_00.38,44.5,4.0,0
flow_00.39,24.5,2.5,0
flow_20.47,66.0,3.0,0
flow_20.48,57.5,3.0,0
flow_20.49,55.5,3.0,0
flow_20.50,54.0,3.0,0
flow_20.51,52.5,3.0,0
flow_20.52,43.0,2.5,0
flow_30.34,52.5,4.0,0
flow_10.28,48.0,4.0,0
flow_30.35,52.0,3.0,0
flow_30.36,50.5,3.0,0
flow_30.37,48.5,3.0,0
flow_30.38,47.5,2.5,0
flow_10.29,21.0,1.5,0
flow_30.39,32.5,2.5,0
flow_30.40,31.0,2.5,0
flow_00.40,39.5,4.0,0
flow_20.53,69.5,4.0,0
flow_20.54,69.0,3.0,0
flow_00.41,39.5,3.0,0
flow_20.55,48.0,3.0,0
flow_20.56,47.5,3.0,0
flow_20.57,47.0,3.0,0
flow_00.42,22.0,2.0,0
flow_20.58,38.0,3.0,0
flow_20.59,27.5,2.5,0
flow_10.30,49.5,4.0,0
flow_30.41,35.5,4.0,0
flow_10.31,40.5,3.0,0
flow_30.42,34.5,3.0,0
flow_30.43,33.0,3.0,0
flow_30.44,31.0,3.0,0
flow_10.32,20.5,1.5,0
flow_30.45,22.5,2.0,0
flow_10.33,21.0,2.0,0
flow_30.46,23.0,2.0,0
flow_00.43,51.0,4.0,0
flow_20.60,42.0,4.0,0
flow_00.44,43.0,3.0,0
flow_20.61,41.0,3.0,0
flow_00.45,24.0,2.5,0
flow_20.62,40.0,3.0,0
flow_00.46,23.0,2.5,0
flow_20.63,39.0,3.0,0
flow_20.64,33.5,3.0,0
flow_20.65,30.5,2.5,0
flow_20.66,23.5,2.0,0
flow_30.47,49.5,4.0,0
flow_10.34,44.0,4.0,0
flow_10.35,43.5,3.0,0
flow_30.48,49.5,3.0,0
flow_10.36,39.0,3.0,0
flow_10.37,37.5,2.5,0
flow_10.38,36.5,3.0,0
flow_30.49,22.0,2.0,0
flow_20.67,49.5,4.0,0
flow_00.47,38.0,4.0,0
flow_20.68,40.5,3.0,0
flow_00.48,32.5,3.0,0
flow_00.49,26.0,3.0,0
flow_20.69,39.5,3.0,0
flow_20.70,39.0,3.0,0
flow_20.71,37.5,3.0,0
flow_00.50,20.5,1.5,0
flow_20.72,32.5,2.5,0
flow_20.73,30.5,2.5,0
flow_10.39,41.0,4.0,0
flow_10.40,32.0,3.0,0
flow_10.41,31.0,3.0,0
flow_30.50,21.5,2.0,0
flow_10.42,21.5,2.0,0
flow_10.43,21.5,2.0,0
flow_30.51,22.0,2.0,0
flow_20.74,52.5,4.0,0
flow_00.51,36.5,4.0,0
flow_20.75,47.5,3.0,0
flow_20.76,46.5,3.0,0
flow_20.77,35.5,2.5,0
flow_20.78,20.5,1.5,0
flow_10.44,51.0,4.0,0
flow_10.45,50.5,3.0,0
flow_10.46,43.0,3.0,0
flow_10.47,41.5,3.0,0
flow_10.48,39.5,3.0,0
flow_10.49,26.5,2.5,0
flow_20.79,51.0,4.0,0
flow_00.52,42.0,4.0,0
flow_00.53,26.5,2.5,0
flow_20.80,46.0,3.5,0
flow_20.81,45.0,3.0,0
flow_20.82,45.0,3.0,0
flow_00.54,21.5,2.0,0
flow_20.83,40.5,3.0,0
flow_00.55,21.0,2.0,0
flow_20.84,37.0,3.0,0
flow_20.85,30.0,3.0,0
flow_10.50,31.0,4.0,0
flow_30.52,47.0,4.0,0
flow_10.51,30.0,3.0,0
flow_30.53,46.5,3.0,0
flow_30.54,46.0,3.0,0
flow_30.55,44.5,3.0,0
flow_10.52,20.5,1.5,0
flow_30.56,43.0,2.5,0
flow_30.57,42.0,3.0,0
flow_10.53,22.5,2.5,0
flow_30.58,33.0,2.5,0
flow_20.86,54.5,4.0,0
flow_00.56,41.5,4.0,0
flow_20.87,54.0,3.0,0
flow_00.57,33.5,3.0,0
flow_20.88,53.5,3.0,0
flow_00.58,33.0,3.0,0
flow_00.59,31.5,3.0,0
flow_20.89,53.5,3.0,0
flow_00.60,29.5,3.0,0
flow_20.90,51.0,3.0,0
flow_00.61,28.0,2.5,0
flow_20.91,49.5,2.5,0
flow_00.62,24.5,2.5,0
flow_20.92,42.0,2.5,0
flow_30.59,59.5,4.0,0
flow_10.54,50.5,4.0,0
flow_30.60,54.5,3.0,0
flow_10.55,45.5,3.0,0
flow_30.61,53.5,3.0,0
flow_10.56,44.0,3.0,0
flow_30.62,43.5,3.0,0
flow_10.57,21.5,2.0,0
flow_30.63,38.0,3.0,0
flow_10.58,20.5,2.0,0
flow_30.64,21.5,2.0,0
flow_20.93,60.5,4.0,0
flow_00.63,48.0,4.0,0
flow_20.94,54.0,3.0,0
flow_20.95,52.5,3.0,0
flow_20.96,51.5,3.0,0
flow_20.97,43.5,3.0,0
flow_20.98,37.0,2.5,0
flow_00.64,20.0,1.5,0
flow_20.99,32.5,2.5,0
flow_10.59,45.0,4.0,0
flow_30.65,46.0,4.0,0
flow_10.60,35.0,3.0,0
flow_10.61,31.5,3.0,0
flow_10.62,30.0,3.0,0
flow_30.66,24.5,2.0,0
flow_20.100,54.0,4.0,0
flow_00.65,45.5,4.0,0
flow_20.101,52.0,3.0,0
flow_00.66,45.0,3.0,0
flow_00.67,44.0,3.0,0
flow_20.102,38.0,3.0,0
flow_00.68,43.0,3.0,0
flow_00.69,31.0,2.5,0
flow_20.103,22.0,2.0,0
flow_00.70,30.0,2.5,0
flow_00.71,28.5,2.5,0
flow_20.104,22.0,2.0,0
flow_30.67,50.0,4.0,0
flow_10.63,35.5,4.0,0
flow_10.64,30.5,3.0,0
flow_30.68,50.0,3.0,0
flow_10.65,21.5,1.5,0
flow_30.69,29.0,3.0,0
flow_30.70,21.0,2.0,0
flow_10.66,22.0,2.0,0
flow_10.67,21.5,2.0,0
flow_30.71,22.5,2.0,0
flow_20.105,47.5,4.0,0
flow_00.72,40.5,4.0,0
flow_20.106,46.0,3.0,0
flow_00.73,35.5,3.0,0
flow_20.107,40.5,3.0,0
flow_20.108,35.5,2.5,0
flow_00.74,20.5,1.5,0
flow_20.109,24.0,2.5,0
flow_20.110,23.0,2.0,0
flow_30.72,47.0,4.0,0
flow_10.68,43.0,4.0,0
flow_30.73,27.5,3.0,0
flow_10.69,38.5,3.0,0
flow_30.74,22.5,2.0,0
flow_10.70,21.0,2.0,0
flow_20.111,49.5,4.0,0
flow_00.75,48.0,4.0,0
flow_20.112,43.0,3.0,0
flow_00.76,36.0,3.0,0
flow_20.113,42.5,3.0,0
flow_00.77,27.5,2.5,0
flow_20.114,42.0,3.0,0
flow_20.115,39.0,3.0,0
flow_20.116,37.0,2.5,0
flow_20.117,35.5,2.5,0
flow_30.75,46.0,4.0,0
flow_10.71,29.0,3.5,0
flow_10.72,24.5,2.5,0
flow_30.76,41.5,3.0,0
flow_10.73,20.5,1.5,0
flow_30.77,35.5,3.0,0
flow_30.78,23.5,2.5,0
flow_10.74,21.5,2.0,0
flow_30.79,21.0,2.0,0
flow_30.80,21.0,2.0,0
flow_00.78,42.5,4.0,0
flow_20.118,63.0,4.0,0
flow_00.79,42.0,3.0,0
flow_20.119,62.5,3.0,0
flow_00.80,40.5,3.0,0
flow_20.120,60.5,3.0,0
flow_20.121,59.5,3.0,0
flow_00.81,40.5,3.0,0
flow_20.122,57.5,3.0,0
flow_00.82,39.5,3.0,0
flow_20.123,56.0,2.5,0
flow_00.83,37.5,3.0,0
flow_20.124,53.5,2.5,0
flow_00.84,30.5,2.5,0
flow_10.75,22.0,2.0,0
flow_30.81,37.5,4.0,0
flow_30.82,30.5,3.0,0
flow_30.83,28.5,3.0,0
flow_20.125,80.5,4.0,0
flow_00.85,53.5,4.0,0
flow_00.86,51.5,3.0,0
flow_20.126,81.5,3.0,0
flow_00.87,24.0,2.5,0
flow_20.127,78.0,3.0,0
flow_20.128,76.5,3.0,0
flow_00.88,21.5,2.0,0
flow_20.129,75.0,3.0,0
flow_20.130,58.5,2.5,0
flow_20.131,56.0,2.5,0
flow_10.76,27.5,3.5,0
flow_30.84,46.0,4.0,0
flow_10.77,20.5,1.5,0
flow_30.85,40.0,3.5,0
flow_30.86,38.5,3.0,0
flow_20.132,82.5,4.0,0
flow_00.89,34.5,4.0,0
flow_20.133,81.5,3.0,0
flow_20.134,80.5,3.0,0
flow_20.135,79.0,2.5,0
flow_00.90,20.5,1.5,0
flow_20.136,77.0,2.5,0
flow_20.137,58.5,2.5,0
flow_20.138,55.5,2.5,0
flow_10.78,48.0,4.0,0
flow_30.87,50.0,4.0,0
flow_10.79,48.0,3.0,0
flow_30.88,39.0,3.0,0
flow_10.80,47.0,3.0,0
flow_30.89,33.5,3.0,0
flow_10.81,41.0,2.5,0
flow_30.90,23.0,2.0,0
flow_10.82,36.0,2.5,0
flow_30.91,22.5,2.0,0
flow_00.91,28.0,3.5,0
flow_20.139,83.0,4.0,0
flow_20.140,81.5,3.0,0
flow_20.141,81.0,3.0,0
flow_00.92,20.5,1.5,0
flow_20.142,79.0,2.5,0
flow_20.143,77.0,2.5,0
flow_20.144,58.5,2.5,0
flow_00.93,20.5,1.5,0
flow_20.145,56.5,2.5,0
flow_10.83,33.5,4.0,0
flow_10.84,21.0,1.5,0
flow_20.146,82.5,4.0,0
flow_00.94,35.0,4.0,0
flow_20.147,81.0,3.0,0
flow_00.95,34.0,3.0,0
flow_20.148,79.0,3.0,0
flow_00.96,34.0,3.0,0
flow_20.149,78.5,2.5,0
flow_00.97,32.5,3.0,0
flow_20.150,77.0,3.0,0
flow_00.98,23.5,2.5,0
flow_20.151,59.0,2.5,0
flow_00.99,22.0,2.0,0
flow_20.152,56.0,2.5,0
flow_30.92,48.5,4.0,0
flow_10.85,48.0,4.0,0
flow_10.86,47.0,3.0,0
flow_30.93,33.0,3.0,0
flow_30.94,30.0,3.0,0
flow_10.87,43.5,3.0,0
flow_30.95,29.0,2.5,0
flow_10.88,43.0,3.0,0
flow_30.96,27.5,2.5,0
flow_10.89,42.0,3.0,0
flow_20.0,22.0,2.0,0
flow_10.0,30.0,3.5,0
flow_30.0,21.0,1.5,0
flow_10.1,25.5,2.5,0
flow_10.2,21.5,2.0,0
flow_30.1,21.5,1.5,0
flow_10.3,20.5,2.0,0
flow_20.1,43.5,4.0,0
flow_00.0,45.0,4.0,0
flow_20.2,41.0,3.0,0
flow_00.1,21.0,2.0,0
flow_20.3,34.0,3.0,0
flow_20.4,33.0,2.5,0
flow_20.5,31.5,2.5,0
flow_20.6,30.0,2.5,0
flow_20.7,28.5,3.0,0
flow_10.4,31.0,3.5,0
flow_10.5,28.0,3.0,0
flow_30.2,20.5,1.5,0
flow_00.2,29.0,3.5,0
flow_20.8,52.5,4.0,0
flow_00.3,25.5,2.5,0
flow_20.9,45.5,3.0,0
flow_20.10,42.0,3.0,0
flow_00.4,22.5,2.5,0
flow_20.11,31.0,2.5,0
flow_00.5,22.5,2.0,0
flow_20.12,30.0,2.5,0
flow_00.6,21.5,1.5,0
flow_20.13,28.5,2.5,0
flow_10.6,20.5,1.5,0
flow_30.3,20.5,1.5,0
flow_00.7,21.0,2.0,0
flow_20.14,41.0,4.0,0
flow_20.15,40.0,3.0,0
flow_20.16,36.5,3.0,0
flow_20.17,35.5,2.5,0
flow_20.18,33.5,2.5,0
flow_20.19,32.5,2.5,0
flow_20.20,31.0,2.5,0
flow_10.7,44.0,4.0,0
flow_30.4,40.5,4.0,0
flow_30.5,32.0,3.0,0
flow_10.8,20.5,1.5,0
flow_20.21,55.0,4.0,0
flow_00.8,49.0,4.0,0
flow_20.22,55.0,3.0,0
flow_00.9,44.5,3.0,0
flow_20.23,48.5,3.0,0
flow_00.10,41.5,3.0,0
flow_20.24,46.5,3.0,0
flow_20.25,41.0,2.5,0
flow_20.26,39.5,2.5,0
flow_20.27,34.5,2.5,0
flow_10.9,44.0,4.0,0
flow_30.6,47.0,4.0,0
flow_30.7,26.5,2.5,0
flow_10.10,44.0,3.0,0
flow_10.11,25.0,2.5,0
flow_30.8,21.5,2.0,0
flow_10.12,21.0,2.0,0
flow_00.11,28.0,3.5,0
flow_20.28,61.0,4.0,0
flow_20.29,60.0,3.0,0
flow_20.30,38.5,3.0,0
flow_20.31,39.5,3.0,0
flow_00.12,20.5,1.5,0
flow_20.32,37.5,3.0,0
flow_20.33,21.0,2.0,0
flow_30.9,21.0,1.5,0
flow_20.34,49.0,4.0,0
flow_00.13,41.0,4.0,0
flow_20.35,48.5,3.0,0
flow_00.14,40.5,3.0,0
flow_20.36,47.5,3.0,0
flow_20.37,43.5,3.0,0
flow_20.38,39.5,3.0,0
flow_20.39,38.5,2.5,0
flow_20.40,35.5,2.5,0
flow_30.10,48.0,4.0,0
flow_10.13,21.5,2.0,0
flow_20.41,62.5,4.0,0
flow_00.15,39.0,4.0,0
flow_20.42,56.0,3.0,0
flow_20.43,55.5,3.0,0
flow_20.44,54.0,3.0,0
flow_20.45,53.0,3.0,0
flow_20.46,50.5,3.0,0
flow_20.47,47.0,2.5,0
flow_30.11,48.0,4.0,0
flow_10.14,37.0,4.0,0
flow_30.12,47.5,3.0,0
flow_30.13,43.0,3.0,0
flow_10.15,21.0,2.0,0
flow_20.48,73.0,4.0,0
flow_00.16,36.0,4.0,0
flow_20.49,73.0,3.0,0
flow_00.17,35.5,3.0,0
flow_00.18,32.0,3.0,0
flow_20.50,73.0,3.0,0
flow_00.19,27.0,3.0,0
flow_20.51,55.5,3.0,0
flow_20.52,49.5,3.0,0
flow_20.53,47.0,3.0,0
flow_20.54,45.5,2.5,0
flow_10.16,47.5,4.0,0
flow_30.14,40.5,4.0,0
flow_30.15,26.0,2.5,0
flow_30.16,22.0,2.0,0
flow_20.55,66.5,4.0,0
flow_00.20,36.5,4.0,0
flow_20.56,66.5,3.0,0
flow_00.21,30.0,3.0,0
flow_20.57,65.5,3.0,0
flow_00.22,29.5,3.0,0
flow_20.58,64.0,2.5,0
flow_00.23,24.0,2.0,0
flow_20.59,62.0,2.5,0
flow_00.24,22.5,2.0,0
flow_20.60,54.0,2.5,0
flow_20.61,52.0,2.5,0
flow_10.17,44.0,4.0,0
flow_30.17,46.5,4.0,0
flow_30.18,45.0,3.0,0
flow_10.18,44.5,3.0,0
flow_30.19,38.5,3.0,0
flow_10.19,34.0,3.0,0
flow_10.20,27.0,3.0,0
flow_20.62,79.5,4.0,0
flow_00.25,41.0,4.0,0
flow_20.63,79.0,3.0,0
flow_00.26,38.5,3.0,0
flow_00.27,21.5,2.0,0
flow_20.64,78.5,3.0,0
flow_20.65,75.0,3.0,0
flow_00.28,22.0,2.0,0
flow_20.66,74.5,3.0,0
flow_20.67,59.5,3.0,0
flow_20.68,56.0,2.5,0
flow_10.21,46.5,4.0,0
flow_30.20,34.0,4.0,0
flow_10.22,37.5,3.0,0
flow_10.23,20.0,1.5,0
flow_20.69,82.0,4.0,0
flow_20.70,81.0,3.0,0
flow_20.71,80.0,3.0,0
flow_20.72,78.5,3.0,0
flow_20.73,73.5,3.0,0
flow_20.74,59.5,3.0,0
flow_20.75,56.5,3.0,0
flow_10.24,36.5,4.0,0
flow_30.21,47.5,4.0,0
flow_30.22,47.0,3.0,0
flow_20.76,82.5,4.0,0
flow_00.29,49.5,4.0,0
flow_20.77,81.0,3.0,0
flow_00.30,37.5,3.5,0
flow_20.78,81.0,3.0,0
flow_00.31,31.0,3.0,0
flow_20.79,71.0,3.0,0
flow_00.32,30.0,3.0,0
flow_20.80,63.0,3.0,0
flow_00.33,28.5,3.0,0
flow_20.81,46.0,2.5,0
flow_00.34,27.0,3.0,0
flow_20.82,32.5,2.5,0
flow_30.23,35.5,4.0,0
flow_10.25,35.5,4.0,0
flow_10.26,29.5,3.0,0
flow_10.27,20.5,1.5,0
flow_00.35,21.0,1.5,0
flow_20.83,59.5,4.0,0
flow_20.84,57.5,3.5,0
flow_20.85,54.5,3.0,0
flow_20.86,53.0,3.0,0
flow_20.87,52.0,3.0,0
flow_20.88,50.5,3.0,0
flow_20.89,49.0,2.5,0
flow_20.90,60.5,4.0,0
flow_20.91,59.0,3.0,0
flow_20.92,59.0,3.0,0
flow_20.93,57.5,3.0,0
flow_20.94,55.5,3.0,0
flow_20.95,54.0,2.5,0
flow_20.96,52.5,2.5,0
flow_10.28,48.0,4.0,0
flow_10.29,32.0,3.5,0
flow_20.97,78.5,4.0,0
flow_00.36,51.0,4.0,0
flow_00.37,41.5,3.0,0
flow_20.98,79.0,3.0,0
flow_20.99,77.0,3.0,0
flow_00.38,39.0,3.0,0
flow_20.100,69.5,3.0,0
flow_20.101,61.5,2.5,0
flow_20.102,58.0,2.5,0
flow_20.103,55.5,2.5,0
flow_30.24,44.0,4.0,0
flow_10.30,30.0,3.5,0
flow_30.25,33.5,3.0,0
flow_30.26,21.0,1.5,0
flow_00.39,50.5,4.0,0
flow_20.104,83.0,4.0,0
flow_20.105,82.0,3.0,0
flow_00.40,49.5,3.0,0
flow_20.106,81.0,3.0,0
flow_00.41,30.0,3.0,0
flow_20.107,79.5,3.0,0
flow_20.108,76.5,2.5,0
flow_20.109,58.0,2.5,0
flow_20.110,43.5,2.5,0
flow_30.27,51.0,4.0,0
flow_10.31,30.0,3.5,0
flow_30.28,24.5,2.5,0
flow_30.29,23.0,2.5,0
flow_00.42,33.0,4.0,0
flow_20.111,70.5,4.0,0
flow_20.112,70.0,3.0,0
flow_00.43,33.0,3.0,0
flow_20.113,68.5,3.0,0
flow_20.114,67.0,3.0,0
flow_20.115,64.5,2.5,0
flow_00.44,20.5,1.5,0
flow_20.116,57.5,2.5,0
flow_20.117,55.0,2.5,0
flow_00.45,21.5,2.0,0
flow_30.30,28.5,3.5,0
flow_10.32,32.0,4.0,0
flow_00.46,40.5,4.0,0
flow_20.118,83.0,4.0,0
flow_20.119,83.0,3.5,0
flow_20.120,81.5,3.0,0
flow_20.121,80.0,3.0,0
flow_00.47,22.0,2.0,0
flow_20.122,77.5,3.0,0
flow_20.123,59.0,3.0,0
flow_20.124,56.5,3.0,0
flow_30.31,49.5,4.0,0
flow_10.33,26.5,3.0,0
flow_10.34,23.5,2.5,0
flow_20.125,82.5,4.0,0
flow_20.126,82.0,3.0,0
flow_20.127,81.0,3.0,0
flow_20.128,80.0,3.0,0
flow_20.129,77.5,3.0,0
flow_20.130,59.0,2.5,0
flow_20.131,56.0,2.5,0
flow_30.32,27.5,3.5,0
flow_10.35,28.0,3.5,0
flow_20.132,83.5,4.0,0
flow_20.133,81.5,3.0,0
flow_20.134,80.5,3.0,0
flow_20.135,79.5,3.0,0
flow_20.136,77.0,3.0,0
flow_20.137,58.5,2.5,0
flow_20.138,56.0,2.5,0
flow_30.33,24.5,3.0,0
flow_10.36,37.5,4.0,0
flow_10.37,30.5,3.0,0
flow_10.38,24.0,2.0,0
flow_20.139,82.5,4.0,0
flow_00.48,50.0,4.0,0
flow_00.49,48.5,3.0,0
flow_20.140,82.0,3.0,0
flow_20.141,80.5,3.0,0
flow_20.142,80.0,3.0,0
flow_20.143,77.5,3.0,0
flow_20.144,59.0,2.5,0
flow_20.145,56.5,2.5,0
flow_10.39,46.0,4.0,0
flow_30.34,26.0,3.0,0
flow_30.35,24.5,2.5,0
flow_30.36,23.0,2.5,0
flow_10.40,21.0,1.5,0
flow_00.50,45.5,4.0,0
flow_20.146,83.0,4.0,0
flow_20.147,82.0,3.0,0
flow_20.148,80.5,3.0,0
flow_00.51,21.5,2.0,0
flow_20.149,79.5,3.0,0
flow_20.150,77.0,3.0,0
flow_20.151,59.0,2.5,0
flow_20.152,55.5,2.5,0
flow_10.41,23.5,2.5,0
flow_30.37,33.0,4.0,0
flow_30.38,21.0,1.5,0
flow_20.153,82.5,4.0,0
flow_00.52,29.5,3.5,0
flow_20.154,81.5,3.0,0
flow_20.155,80.5,3.0,0
flow_20.156,79.0,2.5,0
flow_20.157,77.0,2.5,0
flow_20.158,58.5,2.5,0
flow_20.159,55.5,2.5,0
flow_30.39,45.5,4.0,0
flow_10.42,20.5,1.5,0
flow_20.160,83.0,4.0,0
flow_00.53,35.0,4.0,0
flow_20.161,81.5,3.0,0
flow_00.54,34.0,3.0,0
flow_20.162,80.5,3.0,0
flow_00.55,28.5,3.0,0
flow_20.163,79.5,3.0,0
flow_20.164,81.0,3.0,0
flow_20.165,61.5,3.0,0
flow_20.166,58.5,3.0,0
flow_30.40,33.5,4.0,0
flow_30.41,33.0,3.0,0
flow_30.42,23.5,2.0,0
flow_00.0,21.0,1.5,0
flow_20.0,24.0,2.5,0
flow_10.0,21.0,1.5,0
flow_00.1,30.5,3.5,0
flow_20.1,46.5,4.0,0
flow_00.2,26.5,3.0,0
flow_20.2,46.0,3.5,0
flow_20.3,44.5,3.0,0
flow_20.4,44.0,3.0,0
flow_20.5,42.0,3.0,0
flow_20.6,29.0,3.0,0
flow_10.1,45.0,4.0,0
flow_30.0,51.5,4.0,0
flow_10.2,44.5,3.0,0
flow_30.1,48.5,3.5,0
flow_30.2,47.0,3.0,0
flow_10.3,42.5,3.0,0
flow_30.3,46.0,3.0,0
flow_10.4,42.0,3.0,0
flow_10.5,38.5,3.0,0
flow_30.4,35.5,3.0,0
flow_30.5,34.0,3.0,0
flow_30.6,32.0,2.5,0
flow_00.3,50.0,4.0,0
flow_20.7,37.5,4.0,0
flow_00.4,49.5,3.0,0
flow_20.8,36.0,3.5,0
flow_00.5,48.5,3.0,0
flow_20.9,34.0,3.0,0
flow_00.6,44.0,3.0,0
flow_00.7,41.0,2.5,0
flow_20.10,22.5,2.0,0
flow_00.8,38.0,2.5,0
flow_00.9,36.0,2.5,0
flow_30.7,37.5,4.0,0
flow_30.8,37.5,3.0,0
flow_30.9,37.0,3.0,0
flow_30.10,35.0,2.5,0
flow_30.11,33.5,2.5,0
flow_10.6,22.0,2.0,0
flow_30.12,23.5,2.0,0
flow_00.10,48.5,4.0,0
flow_20.11,32.5,4.0,0
flow_00.11,41.5,3.0,0
flow_20.12,22.0,2.0,0
flow_00.12,40.0,3.0,0
flow_00.13,38.5,3.0,0
flow_00.14,30.0,2.5,0
flow_20.13,21.0,1.5,0
flow_00.15,23.0,2.5,0
flow_30.13,44.0,4.0,0
flow_10.7,43.0,4.0,0
flow_30.14,36.5,3.0,0
flow_10.8,20.5,1.5,0
flow_30.15,22.5,2.0,0
flow_10.9,21.0,2.0,0
flow_00.16,45.5,4.0,0
flow_20.14,45.0,4.0,0
flow_20.15,25.0,2.5,0
flow_00.17,44.0,3.0,0
flow_20.16,23.5,2.5,0
flow_00.18,30.0,3.0,0
flow_20.17,22.0,2.0,0
flow_00.19,28.5,3.0,0
flow_00.20,24.0,2.0,0
flow_00.21,22.0,2.0,0
flow_20.18,22.5,2.0,0
flow_30.16,47.5,4.0,0
flow_10.10,43.5,4.0,0
flow_30.17,43.5,3.0,0
flow_10.11,43.0,3.0,0
flow_10.12,41.5,3.0,0
flow_30.18,41.5,3.0,0
flow_30.19,40.0,2.5,0
flow_10.13,41.0,3.0,0
flow_10.14,33.5,3.0,0
flow_30.20,40.0,3.0,0
flow_10.15,31.0,2.5,0
flow_30.21,38.5,3.0,0
flow_30.22,37.0,2.5,0
flow_00.22,41.0,4.0,0
flow_20.19,40.5,4.0,0
flow_00.23,40.5,3.0,0
flow_00.24,39.5,3.0,0
flow_20.20,21.0,1.5,0
flow_00.25,38.0,2.5,0
flow_00.26,36.5,2.5,0
flow_00.27,30.5,2.5,0
flow_00.28,28.5,2.5,0
flow_10.16,50.5,4.0,0
flow_30.23,42.5,4.0,0
flow_10.17,50.0,3.0,0
flow_30.24,41.0,3.0,0
flow_30.25,40.0,3.0,0
flow_10.18,50.0,3.0,0
flow_30.26,38.0,2.5,0
flow_10.19,29.0,2.5,0
flow_30.27,36.5,2.5,0
flow_30.28,35.5,2.5,0
flow_10.20,21.5,2.0,0
flow_20.21,49.5,4.0,0
flow_00.29,56.0,4.0,0
flow_20.22,49.5,3.0,0
flow_00.30,56.0,3.5,0
flow_20.23,48.5,3.0,0
flow_00.31,55.0,3.0,0
flow_20.24,37.5,3.0,0
flow_00.32,43.0,3.0,0
flow_00.33,40.5,2.5,0
flow_00.34,39.0,2.5,0
flow_00.35,22.0,2.0,0
flow_30.29,31.5,4.0,0
flow_10.21,49.5,4.0,0
flow_30.30,29.5,3.0,0
flow_10.22,41.5,3.0,0
flow_10.23,31.0,3.0,0
flow_10.24,22.0,2.0,0
flow_20.25,47.0,4.0,0
flow_00.36,50.0,4.0,0
flow_00.37,45.5,3.0,0
flow_20.26,45.5,3.0,0
flow_20.27,39.0,3.0,0
flow_00.38,36.0,3.0,0
flow_00.39,35.0,2.5,0
flow_20.28,22.0,2.0,0
flow_00.40,24.5,2.5,0
flow_10.25,47.5,4.0,0
flow_30.31,42.5,4.0,0
flow_10.26,47.0,3.0,0
flow_30.32,41.5,3.5,0
flow_10.27,46.5,3.0,0
flow_30.33,24.5,2.5,0
flow_10.28,45.0,2.5,0
flow_30.34,22.0,2.0,0
flow_10.29,22.0,2.0,0
flow_20.29,44.0,4.0,0
flow_00.41,48.5,4.0,0
flow_20.30,32.5,3.0,0
flow_00.42,44.0,3.5,0
flow_00.43,23.0,2.5,0
flow_20.31,21.0,1.5,0
flow_00.44,20.5,1.5,0
flow_30.35,36.5,4.0,0
flow_10.30,51.5,4.0,0
flow_10.31,48.5,3.0,0
flow_30.36,36.0,3.0,0
flow_30.37,34.5,3.0,0
flow_00.45,50.5,4.0,0
flow_20.32,47.5,4.0,0
flow_00.46,50.5,3.0,0
flow_20.33,23.5,2.0,0
flow_00.47,49.5,3.0,0
flow_00.48,45.5,3.0,0
flow_00.49,44.0,3.0,0
flow_20.34,21.0,1.5,0
flow_00.50,42.5,2.5,0
flow_00.51,40.5,2.5,0
flow_30.38,48.0,4.0,0
flow_10.32,47.0,4.0,0
flow_30.39,47.0,3.0,0
flow_10.33,37.5,3.0,0
flow_30.40,32.5,3.0,0
flow_10.34,23.5,2.0,0
flow_30.41,22.5,2.0,0
flow_00.52,62.0,4.0,0
flow_20.35,41.0,4.0,0
flow_20.36,40.0,3.0,0
flow_00.53,62.0,3.0,0
flow_20.37,39.0,3.0,0
flow_00.54,61.0,3.0,0
flow_00.55,60.0,3.0,0
flow_00.56,58.5,3.0,0
flow_00.57,56.5,2.5,0
flow_00.58,54.5,2.5,0
flow_30.42,50.5,4.0,0
flow_10.35,40.0,4.0,0
flow_30.43,48.0,3.0,0
flow_10.36,39.5,3.0,0
flow_10.37,38.0,3.0,0
flow_10.38,37.0,2.5,0
flow_10.39,31.0,2.5,0
flow_30.44,20.5,1.5,0
flow_10.40,30.5,2.5,0
flow_10.41,29.0,2.5,0
flow_20.38,45.0,4.0,0
flow_00.59,84.0,4.0,0
flow_20.39,42.0,3.0,0
flow_00.60,79.5,3.5,0
flow_20.40,40.0,3.0,0
flow_00.61,77.5,3.0,0
flow_20.41,30.0,2.5,0
flow_00.62,76.0,3.0,0
flow_00.63,74.0,3.0,0
flow_20.42,23.5,2.0,0
flow_00.64,59.0,2.5,0
flow_00.65,56.0,2.5,0
flow_30.45,35.5,4.0,0
flow_10.42,44.5,4.0,0
flow_30.46,35.0,3.0,0
flow_10.43,41.0,3.5,0
flow_30.47,28.0,3.0,0
flow_00.66,82.0,4.0,0
flow_20.43,50.0,4.0,0
flow_00.67,81.5,3.0,0
flow_20.44,22.5,2.0,0
flow_00.68,80.5,3.0,0
flow_20.45,22.0,2.0,0
flow_00.69,52.5,2.5,0
flow_20.46,21.5,1.5,0
flow_00.70,52.0,3.0,0
flow_00.71,39.5,2.5,0
flow_30.48,44.0,4.0,0
flow_10.44,47.0,4.0,0
flow_30.49,43.5,3.0,0
flow_10.45,40.0,3.0,0
flow_10.46,38.5,3.0,0
flow_10.47,38.5,3.0,0
flow_10.48,37.0,3.0,0
flow_10.49,35.0,2.5,0
flow_10.50,33.5,2.5,0
flow_00.72,41.0,4.0,0
flow_20.47,32.5,3.5,0
flow_00.73,31.0,3.5,0
flow_20.48,22.0,1.5,0
flow_00.74,23.0,2.0,0
flow_10.51,59.5,4.0,0
flow_30.50,47.0,4.0,0
flow_10.52,49.5,3.0,0
flow_30.51,46.0,3.0,0
flow_10.53,45.5,3.0,0
flow_30.52,45.5,3.0,0
flow_30.53,39.5,3.0,0
flow_10.54,35.5,2.5,0
flow_10.55,34.5,3.0,0
flow_20.49,41.5,4.0,0
flow_00.75,39.0,4.0,0
flow_00.76,38.0,3.0,0
flow_20.50,39.5,3.5,0
flow_00.77,36.5,3.0,0
flow_20.51,35.0,3.0,0
flow_00.78,32.5,2.5,0
flow_20.52,30.0,2.5,0
flow_00.79,31.0,2.5,0
flow_20.53,29.0,2.5,0
flow_00.80,30.0,2.5,0
flow_00.81,28.5,2.5,0
flow_10.56,49.0,4.0,0
flow_30.54,34.0,4.0,0
flow_30.55,26.0,2.5,0
flow_10.57,46.5,3.0,0
flow_10.58,41.5,3.0,0
flow_10.59,32.0,2.5,0
flow_30.56,21.5,2.0,0
flow_30.57,22.0,2.0,0
flow_20.54,36.0,4.0,0
flow_00.82,56.0,4.0,0
flow_00.83,54.5,3.0,0
flow_20.55,35.5,3.0,0
flow_00.84,41.0,3.0,0
flow_20.56,34.5,3.0,0
flow_00.85,39.0,3.0,0
flow_20.57,33.5,3.0,0
flow_20.58,32.0,2.5,0
flow_00.86,34.0,3.0,0
flow_00.87,32.5,2.5,0
flow_20.59,25.0,2.5,0
flow_00.88,30.5,2.5,0
flow_10.60,42.0,4.0,0
flow_30.58,52.5,4.0,0
flow_30.59,52.0,3.5,0
flow_10.61,41.0,3.5,0
flow_30.60,22.0,2.0,0
flow_10.62,39.5,3.0,0
flow_10.63,38.0,3.0,0
flow_30.61,21.0,2.0,0
flow_10.64,37.0,3.0,0
flow_10.65,32.5,2.5,0
flow_30.62,23.0,2.0,0
flow_00.89,57.5,4.0,0
flow_00.90,52.5,3.0,0
flow_00.91,52.0,3.0,0
flow_00.92,50.5,3.0,0
flow_00.93,50.5,3.0,0
flow_00.94,48.5,3.0,0
flow_00.95,46.5,2.5,0
flow_10.66,51.5,4.0,0
flow_30.63,50.0,4.0,0
flow_10.67,23.0,2.0,0
flow_30.64,42.0,3.0,0
flow_30.65,41.0,3.0,0
flow_30.66,32.5,3.0,0
flow_30.67,28.0,2.5,0
flow_20.60,32.0,4.0,0
flow_00.96,72.5,4.0,0
flow_20.61,27.5,3.0,0
flow_00.97,67.0,3.0,0
flow_20.62,26.5,3.0,0
flow_00.98,63.5,3.0,0
flow_00.99,62.5,3.0,0
flow_00.100,59.0,3.0,0
flow_00.101,58.0,3.0,0
flow_00.102,54.5,2.5,0
flow_30.68,39.5,4.0,0
flow_10.68,36.5,4.0,0
flow_10.69,29.0,3.0,0
flow_30.69,31.5,3.5,0
flow_30.70,30.0,3.0,0
flow_30.71,28.5,3.0,0
flow_30.72,27.5,3.0,0
flow_30.73,25.5,2.5,0
flow_30.74,24.0,2.0,0
flow_00.103,80.5,4.0,0
flow_20.63,46.0,4.0,0
flow_00.104,79.5,3.0,0
flow_20.64,44.0,3.5,0
flow_00.105,78.5,3.0,0
flow_00.106,77.5,3.0,0
flow_00.107,75.5,3.0,0
flow_20.65,23.0,2.5,0
flow_00.108,59.5,3.0,0
flow_20.66,21.5,2.0,0
flow_00.109,56.5,2.5,0
flow_10.70,30.5,3.5,0
flow_30.75,45.0,4.0,0
flow_10.71,30.0,3.0,0
flow_30.76,37.0,3.0,0
flow_30.77,36.0,3.0,0
flow_10.72,21.5,2.0,0
flow_30.78,32.5,2.5,0
flow_00.110,83.0,4.0,0
flow_20.67,50.5,4.0,0
flow_00.111,81.5,3.0,0
flow_20.68,49.5,3.0,0
flow_00.112,80.5,3.0,0
flow_20.69,48.5,3.0,0
flow_00.113,75.0,3.0,0
flow_20.70,47.0,3.0,0
flow_00.114,73.5,3.0,0
flow_20.71,46.0,3.0,0
flow_00.115,58.5,2.5,0
flow_20.72,44.5,2.5,0
flow_00.116,55.5,2.5,0
flow_20.73,43.5,2.5,0
flow_30.79,49.0,4.0,0
flow_30.80,27.5,3.0,0
flow_30.81,21.5,2.0,0
flow_20.74,65.5,4.0,0
flow_00.117,83.0,4.0,0
flow_00.118,82.0,3.0,0
flow_20.75,64.0,3.0,0
flow_20.76,61.5,3.0,0
flow_00.119,81.0,3.0,0
flow_20.77,55.0,2.5,0
flow_00.120,79.5,3.0,0
flow_00.121,77.0,3.0,0
flow_20.78,51.5,3.0,0
flow_00.122,58.5,2.5,0
flow_20.79,50.0,2.5,0
flow_00.123,56.0,2.5,0
flow_20.80,49.5,2.5,0
flow_30.82,41.5,4.0,0
flow_10.73,51.0,4.0,0
flow_30.83,40.5,3.0,0
flow_10.74,49.5,3.0,0
flow_30.84,22.5,2.0,0
flow_10.75,48.5,3.0,0
flow_30.85,21.5,2.0,0
flow_30.86,21.0,2.0,0
flow_20.81,75.0,4.0,0
flow_00.124,82.5,4.0,0
flow_20.82,55.0,3.0,0
flow_00.125,81.5,3.0,0
flow_00.126,80.5,3.0,0
flow_20.83,55.5,3.0,0
flow_00.127,79.0,2.5,0
flow_20.84,54.5,3.0,0
flow_00.128,71.0,2.5,0
flow_20.85,44.5,3.0,0
flow_00.129,58.5,2.5,0
flow_20.86,43.5,3.0,0
flow_00.130,55.5,2.5,0
flow_20.87,23.5,2.0,0
flow_10.76,41.0,4.0,0
flow_30.87,37.5,4.0,0
flow_10.77,37.5,3.0,0
flow_30.88,29.5,3.0,0
flow_30.89,28.0,3.0,0
flow_10.78,22.5,2.0,0
flow_10.79,22.0,2.0,0
flow_00.131,82.5,4.0,0
flow_20.88,50.0,4.0,0
flow_00.132,81.5,3.0,0
flow_00.133,80.5,3.0,0
flow_20.89,21.5,2.0,0
flow_00.134,79.5,3.0,0
flow_00.135,77.5,3.0,0
flow_00.136,59.5,3.0,0
flow_20.90,21.5,2.0,0
flow_00.137,56.5,2.5,0
flow_10.80,21.0,2.0,0
flow_30.90,51.0,4.0,0
flow_30.91,39.5,3.0,0
flow_10.81,22.0,2.0,0
flow_30.92,32.0,3.0,0
flow_30.93,21.0,2.0,0
flow_10.82,20.5,1.5,0
flow_00.138,83.0,4.0,0
flow_20.91,50.5,4.0,0
flow_00.139,81.5,3.0,0
flow_20.92,41.0,3.0,0
flow_20.93,40.0,3.0,0
flow_00.140,81.5,3.0,0
flow_00.141,79.5,3.0,0
flow_20.94,37.5,2.5,0
flow_20.95,32.0,2.5,0
flow_00.142,78.0,3.0,0
flow_00.143,58.5,2.5,0
flow_20.96,25.5,2.5,0
flow_00.144,55.5,2.5,0
flow_30.94,42.0,4.0,0
flow_10.83,21.0,1.5,0
flow_30.95,39.0,3.0,0
flow_10.84,22.0,2.0,0
flow_30.96,37.5,3.0,0
flow_10.85,20.5,1.5,0
flow_30.97,21.5,2.0,0
flow_20.97,24.0,3.0,0
flow_00.145,82.5,4.0,0
flow_20.98,23.5,2.5,0
flow_00.146,82.0,3.0,0
flow_20.99,22.0,2.0,0
flow_00.147,67.5,3.0,0
flow_00.148,66.0,3.0,0
flow_00.149,64.5,3.0,0
flow_00.150,57.0,3.0,0
flow_00.151,24.5,2.5,0
flow_10.86,45.0,4.0,0
flow_30.98,36.0,4.0,0
flow_10.87,42.0,3.0,0
flow_30.99,35.5,3.0,0
flow_30.100,34.5,3.0,0
flow_10.88,41.5,3.0,0
flow_30.101,30.0,3.0,0
flow_10.89,23.5,2.5,0
flow_30.102,29.5,2.5,0
