vehicle_id,travel_time,zone_time,total_collisions_in_episode
flow_20.0,20.5,1.5,0
flow_2012.0,26.5,3.5,0
flow_001.0,26.5,3.0,0
flow_0012.0,26.0,4.0,0
flow_10.0,48.5,4.0,0
flow_301.0,53.5,3.5,0
flow_301.1,32.0,3.5,0
flow_1012.0,38.5,5.5,0
flow_1012.1,30.5,4.5,0
flow_101.0,27.0,3.0,0
flow_301.2,31.5,4.0,0
flow_301.3,30.0,3.5,0
flow_30.0,26.0,3.0,0
flow_3012.0,27.0,3.5,0
flow_3012.1,26.0,3.5,0
flow_301.4,26.0,3.0,0
flow_101.1,26.5,3.0,0
flow_00.0,69.0,4.0,0
flow_201.0,71.5,3.5,0
flow_001.1,72.0,3.5,0
flow_2012.1,71.0,5.5,0
flow_201.1,68.5,3.5,0
flow_20.1,57.5,3.0,0
flow_001.2,73.0,4.0,0
flow_001.3,72.5,3.5,0
flow_0012.1,70.5,4.0,0
flow_2012.2,60.5,5.0,0
flow_00.1,69.0,4.0,0
flow_2012.3,59.0,4.5,0
flow_2012.4,60.5,7.0,0
flow_20.2,57.0,4.0,0
flow_00.2,71.5,6.5,0
flow_001.4,70.0,3.5,0
flow_0012.2,68.5,3.5,0
flow_2012.5,58.5,4.5,0
flow_001.5,64.0,3.0,0
flow_201.2,56.5,3.5,0
flow_00.3,55.0,2.5,0
flow_20.3,47.0,3.0,0
flow_10.1,65.5,4.0,0
flow_1012.2,63.5,3.5,0
flow_3012.2,28.5,3.5,0
flow_10.2,54.0,3.0,0
flow_10.3,52.5,2.5,0
flow_1012.3,36.5,3.5,0
flow_101.2,24.5,2.5,0
flow_20.4,84.0,4.0,0
flow_0012.3,106.5,7.5,0
flow_001.6,87.0,3.0,0
flow_201.3,89.0,3.0,0
flow_20.5,86.5,3.0,0
flow_001.7,87.0,3.0,0
flow_0012.4,85.0,5.0,0
flow_2012.6,85.5,3.5,0
flow_201.4,85.5,3.0,0
flow_001.8,82.5,3.5,0
flow_201.5,47.5,3.5,0
flow_0012.5,84.0,6.5,0
flow_0012.6,81.5,4.5,0
flow_20.6,49.0,5.0,0
flow_0012.7,75.5,7.5,0
flow_00.4,73.0,3.5,0
flow_00.5,72.0,3.0,0
flow_201.6,44.5,3.0,0
flow_10.4,67.5,4.0,0
flow_30.1,49.0,4.0,0
flow_30.2,49.0,3.0,0
flow_10.5,56.5,3.5,0
flow_101.3,56.0,3.0,0
flow_301.5,49.5,3.0,0
flow_30.3,45.5,2.5,0
flow_101.4,53.5,3.0,0
flow_101.5,44.5,3.0,0
flow_30.4,22.5,2.0,0
flow_10.6,21.5,2.0,0
flow_101.6,35.0,3.5,0
flow_30.5,21.5,2.0,0
flow_101.7,26.5,3.0,0
flow_2012.7,92.5,4.5,0
flow_00.6,122.0,6.5,0
flow_201.7,92.0,3.0,0
flow_001.9,119.0,3.5,0
flow_001.10,92.0,2.5,0
flow_201.8,92.0,3.5,0
flow_0012.8,88.0,3.5,0
flow_2012.8,71.0,4.0,0
flow_2012.9,69.0,4.0,0
flow_20.7,62.5,2.5,0
flow_001.11,90.0,4.0,0
flow_2012.10,63.0,4.0,0
flow_20.8,57.0,3.0,0
flow_001.12,91.0,3.5,0
flow_2012.11,59.5,4.5,0
flow_20.9,54.0,3.0,0
flow_2012.12,58.5,4.0,0
flow_20.10,44.5,3.0,0
flow_001.13,97.0,4.5,0
flow_001.14,95.0,3.0,0
flow_2012.13,33.5,5.5,0
flow_101.8,66.0,3.5,0
flow_30.6,53.0,4.0,0
flow_301.6,46.0,3.0,0
flow_101.9,65.5,3.5,0
flow_301.7,35.0,3.0,0
flow_101.10,64.0,3.5,0
flow_10.7,60.5,3.0,0
flow_301.8,26.5,3.0,0
flow_101.11,60.0,2.5,0
flow_10.8,55.0,2.5,0
flow_101.12,49.5,3.5,0
flow_101.13,46.5,3.5,0
flow_301.9,25.5,2.5,0
flow_101.14,45.0,4.0,0
flow_101.15,41.5,4.0,0
flow_30.7,20.0,1.5,0
flow_101.16,40.5,3.5,0
flow_101.17,35.0,3.0,0
flow_101.18,31.5,3.5,0
flow_201.9,79.5,3.5,0
flow_001.15,145.0,3.5,0
flow_20.11,73.5,3.0,0
flow_001.16,143.0,3.0,0
flow_2012.14,73.5,4.0,0
flow_201.10,72.0,2.5,0
flow_001.17,145.5,6.5,0
flow_201.11,71.0,3.0,0
flow_001.18,144.0,3.5,0
flow_2012.15,71.0,4.5,0
flow_00.7,102.5,5.0,0
flow_201.12,69.0,3.0,0
flow_00.8,99.0,3.5,0
flow_201.13,67.5,3.5,0
flow_001.19,97.0,2.5,0
flow_00.9,94.0,2.5,0
flow_201.14,66.0,3.0,0
flow_201.15,65.0,3.0,0
flow_001.20,95.0,3.0,0
flow_2012.16,66.0,5.0,0
flow_201.16,62.0,3.0,0
flow_20.12,30.5,2.5,0
flow_00.10,88.0,3.0,0
flow_001.21,95.5,4.0,0
flow_3012.3,37.0,4.5,0
flow_10.9,78.0,6.5,0
flow_301.10,29.5,3.0,0
flow_101.19,74.5,3.5,0
flow_301.11,26.5,3.0,0
flow_1012.4,76.0,5.0,0
flow_101.20,55.5,3.0,0
flow_1012.5,55.0,3.5,0
flow_101.21,45.5,2.5,0
flow_1012.6,44.0,3.5,0
flow_3012.4,26.5,5.0,0
flow_301.12,26.5,3.0,0
flow_101.22,27.5,3.0,0
flow_301.13,26.0,2.5,0
flow_1012.7,25.0,3.5,0
flow_30.8,25.5,3.5,0
flow_2012.17,81.0,5.0,0
flow_20.13,77.5,3.0,0
flow_001.22,139.0,4.5,0
flow_001.23,92.0,3.0,0
flow_201.17,78.5,3.0,0
flow_20.14,75.0,2.5,0
flow_00.11,87.5,2.5,0
flow_00.12,85.5,3.0,0
flow_2012.18,79.0,6.5,0
flow_0012.9,85.5,3.5,0
flow_20.15,77.5,3.5,0
flow_001.24,85.0,3.0,0
flow_201.18,76.0,3.0,0
flow_001.25,83.5,3.0,0
flow_001.26,82.0,3.0,0
flow_201.19,74.5,3.0,0
flow_20.16,69.0,3.0,0
flow_2012.19,74.0,4.5,0
flow_20.17,68.0,3.0,0
flow_001.27,84.0,4.0,0
flow_2012.20,67.0,3.0,0
flow_0012.10,83.5,4.0,0
flow_00.13,80.5,3.0,0
flow_3012.5,71.0,4.5,0
flow_10.10,73.5,6.5,0
flow_3012.6,48.5,5.5,0
flow_301.14,37.0,3.0,0
flow_10.11,59.5,7.5,0
flow_101.23,55.0,3.5,0
flow_301.15,26.5,2.5,0
flow_101.24,52.5,3.0,0
flow_101.25,41.5,3.0,0
flow_10.12,26.0,2.5,0
flow_00.14,126.5,4.0,0
flow_201.20,86.0,3.5,0
flow_0012.11,85.0,3.5,0
flow_2012.21,84.5,3.5,0
flow_2012.22,84.5,4.0,0
flow_201.21,81.0,2.5,0
flow_001.28,88.0,3.5,0
flow_201.22,80.5,3.0,0
flow_001.29,87.0,3.0,0
flow_201.23,79.0,3.5,0
flow_001.30,86.0,3.0,0
flow_201.24,77.5,3.0,0
flow_0012.12,85.5,4.5,0
flow_001.31,82.5,3.0,0
flow_201.25,79.5,3.5,0
flow_001.32,82.5,3.0,0
flow_201.26,78.5,3.0,0
flow_0012.13,81.5,4.0,0
flow_001.33,78.0,2.5,0
flow_20.18,77.0,4.0,0
flow_20.19,76.0,3.0,0
flow_2012.23,75.5,4.0,0
flow_0012.14,81.0,6.5,0
flow_10.13,69.0,4.0,0
flow_30.9,71.5,4.0,0
flow_101.26,69.0,3.0,0
flow_301.16,64.5,3.0,0
flow_3012.7,64.0,4.0,0
flow_301.17,54.0,2.5,0
flow_30.10,36.5,2.5,0
flow_101.27,70.5,7.0,0
flow_301.18,32.0,2.5,0
flow_101.28,61.5,3.5,0
flow_10.14,55.5,3.0,0
flow_30.11,21.5,2.0,0
flow_1012.8,57.5,4.5,0
flow_30.12,23.0,2.5,0
flow_101.29,53.0,2.5,0
flow_101.30,50.0,3.0,0
flow_101.31,45.5,3.0,0
flow_10.15,41.0,3.0,0
flow_30.13,21.0,1.5,0
flow_30.14,24.0,2.0,0
flow_00.15,125.0,4.0,0
flow_20.20,84.0,4.0,0
flow_001.34,88.0,3.0,0
flow_201.27,82.5,3.0,0
flow_2012.24,82.5,4.0,0
flow_201.28,80.0,2.5,0
flow_001.35,88.5,7.0,0
flow_00.16,85.5,3.0,0
flow_201.29,81.0,3.5,0
flow_00.17,84.5,3.0,0
flow_2012.25,82.0,6.5,0
flow_201.30,81.0,3.5,0
flow_20.21,77.5,3.0,0
flow_001.36,88.0,3.0,0
flow_20.22,76.5,3.0,0
flow_001.37,88.0,3.0,0
flow_00.18,84.0,2.5,0
flow_201.31,69.5,3.0,0
flow_00.19,83.0,2.5,0
flow_00.20,82.0,2.5,0
flow_201.32,65.0,3.5,0
flow_201.33,51.5,3.0,0
flow_0012.15,82.5,4.5,0
flow_10.16,68.5,4.0,0
flow_301.19,69.5,3.5,0
flow_101.32,60.5,3.0,0
flow_301.20,58.0,3.5,0
flow_10.17,50.5,3.0,0
flow_30.15,26.5,3.0,0
flow_101.33,46.5,2.5,0
flow_1012.9,46.0,3.5,0
flow_10.18,44.0,2.5,0
flow_101.34,27.5,2.5,0
flow_301.21,25.5,2.5,0
flow_3012.8,24.5,3.0,0
flow_201.34,84.5,3.5,0
flow_001.38,127.0,3.5,0
flow_20.23,82.0,3.0,0
flow_001.39,88.0,3.0,0
flow_2012.26,84.0,4.0,0
flow_00.21,87.5,6.5,0
flow_0012.16,85.5,5.0,0
flow_2012.27,75.0,7.0,0
flow_2012.28,74.0,4.5,0
flow_20.24,71.5,3.0,0
flow_001.40,88.0,3.0,0
flow_201.35,71.0,3.0,0
flow_00.22,85.0,3.0,0
flow_201.36,70.5,3.0,0
flow_001.41,85.5,3.0,0
flow_201.37,58.0,3.5,0
flow_001.42,84.5,3.5,0
flow_201.38,41.5,3.5,0
flow_0012.17,83.5,4.5,0
flow_20.25,36.0,4.0,0
flow_001.43,81.0,2.5,0
flow_20.26,35.5,3.0,0
flow_001.44,81.5,3.0,0
flow_3012.9,73.5,4.5,0
flow_1012.10,69.5,4.5,0
flow_30.16,71.5,3.0,0
flow_30.17,64.0,3.0,0
flow_301.22,63.5,2.5,0
flow_3012.10,39.0,3.5,0
flow_30.18,23.0,2.5,0
flow_10.19,20.5,1.5,0
flow_2012.29,82.0,4.5,0
flow_20.27,80.0,3.0,0
flow_001.45,130.0,7.5,0
flow_2012.30,79.0,4.0,0
flow_201.39,66.5,2.5,0
flow_001.46,95.5,4.0,0
flow_201.40,65.5,3.0,0
flow_001.47,93.5,3.0,0
flow_2012.31,65.5,4.5,0
flow_00.23,91.5,4.0,0
flow_20.28,63.0,3.0,0
flow_001.48,89.5,2.5,0
flow_201.41,62.0,2.5,0
flow_001.49,87.5,3.0,0
flow_201.42,60.5,3.0,0
flow_201.43,48.0,3.0,0
flow_20.29,44.5,2.5,0
flow_001.50,89.5,4.0,0
flow_20.30,43.5,2.5,0
flow_00.24,82.5,3.0,0
flow_001.51,87.0,3.5,0
flow_201.44,30.5,2.5,0
flow_20.31,25.5,2.5,0
flow_001.52,82.0,2.5,0
flow_001.53,81.0,3.0,0
flow_1012.11,68.5,4.0,0
flow_101.35,65.0,3.0,0
flow_301.23,72.0,7.0,0
flow_301.24,70.5,3.0,0
flow_101.36,43.5,3.5,0
flow_101.37,39.0,3.5,0
flow_10.20,31.0,2.5,0
flow_301.25,67.5,3.0,0
flow_3012.11,46.0,5.5,0
flow_301.26,39.0,3.0,0
flow_301.27,34.5,3.0,0
flow_301.28,28.0,3.0,0
flow_1012.12,25.5,3.5,0
flow_301.29,26.5,3.0,0
flow_1012.13,25.0,3.0,0
flow_201.45,75.5,3.5,0
flow_0012.18,129.0,6.5,0
flow_0012.19,87.5,4.5,0
flow_00.25,80.5,3.0,0
flow_00.26,78.5,3.0,0
flow_201.46,81.0,4.5,0
flow_001.54,77.0,2.5,0
flow_201.47,80.5,3.5,0
flow_00.27,74.5,2.5,0
flow_201.48,80.0,3.5,0
flow_2012.32,77.0,3.5,0
flow_201.49,75.0,2.5,0
flow_20.32,72.0,2.5,0
flow_001.55,79.0,6.0,0
flow_001.56,77.0,3.0,0
flow_201.50,72.0,2.5,0
flow_00.28,72.0,3.0,0
flow_001.57,76.5,3.0,0
flow_201.51,71.0,3.0,0
flow_20.33,67.5,2.5,0
flow_2012.33,67.5,3.0,0
flow_0012.20,73.5,4.0,0
flow_0012.21,72.0,3.5,0
flow_2012.34,66.5,4.0,0
flow_301.30,68.0,3.5,0
flow_101.38,58.0,3.5,0
flow_30.19,60.5,3.0,0
flow_101.39,36.5,3.0,0
flow_10.21,33.0,3.0,0
flow_3012.12,65.0,6.5,0
flow_30.20,62.0,3.5,0
flow_101.40,32.0,3.0,0
flow_10.22,27.0,3.0,0
flow_101.41,31.5,3.5,0
flow_10.23,23.0,2.0,0
flow_20.34,83.5,4.0,0
flow_0012.22,87.0,7.5,0
flow_0012.23,85.0,4.0,0
flow_001.58,83.0,3.0,0
flow_201.52,86.5,3.5,0
flow_0012.24,83.5,4.5,0
flow_001.59,81.5,3.0,0
flow_201.53,88.0,4.0,0
flow_0012.25,82.0,4.5,0
flow_0012.26,80.5,4.5,0
flow_0012.27,79.0,4.5,0
flow_001.60,76.0,3.0,0
flow_201.54,95.5,4.0,0
flow_0012.28,76.5,4.5,0
flow_001.61,75.0,3.5,0
flow_201.55,96.5,3.5,0
flow_20.35,94.0,3.0,0
flow_001.62,73.0,3.5,0
flow_001.63,36.5,3.5,0
flow_301.31,60.0,3.5,0
flow_1012.14,69.0,6.5,0
flow_101.42,58.5,3.0,0
flow_30.21,39.5,3.5,0
flow_101.43,41.0,3.0,0
flow_1012.15,39.5,3.5,0
flow_3012.13,37.0,4.5,0
flow_101.44,27.0,3.0,0
flow_101.45,24.5,2.5,0
flow_1012.16,25.0,3.5,0
flow_2012.35,143.0,4.5,0
flow_20.36,140.5,3.0,0
flow_001.64,82.5,7.5,0
flow_201.56,140.5,3.0,0
flow_001.65,82.5,3.5,0
flow_201.57,140.0,3.0,0
flow_001.66,80.5,3.0,0
flow_20.37,135.5,3.0,0
flow_00.29,80.5,5.5,0
flow_2012.36,141.0,4.5,0
flow_201.58,99.0,2.5,0
flow_00.30,79.5,3.5,0
flow_001.67,80.0,3.5,0
flow_2012.37,98.5,5.5,0
flow_201.59,92.5,3.5,0
flow_001.68,81.0,3.5,0
flow_00.31,77.5,3.0,0
flow_201.60,87.0,3.5,0
flow_00.32,77.0,3.0,0
flow_201.61,83.5,3.5,0
flow_001.69,75.0,2.5,0
flow_201.62,81.0,4.0,0
flow_001.70,74.5,2.5,0
flow_201.63,36.5,3.5,0
flow_301.32,65.5,3.5,0
flow_301.33,65.5,3.0,0
flow_30.22,62.0,3.0,0
flow_301.34,55.5,3.0,0
flow_30.23,48.5,2.5,0
flow_101.46,26.0,3.0,0
flow_301.35,25.0,2.5,0
flow_3012.14,23.0,2.5,0
flow_0012.29,120.0,4.0,0
flow_20.38,81.5,6.5,0
flow_001.71,85.0,3.0,0
flow_00.33,81.0,3.0,0
flow_20.39,80.5,4.0,0
flow_20.40,78.5,3.0,0
flow_201.64,77.0,2.5,0
flow_0012.30,85.0,5.0,0
flow_20.41,77.0,3.5,0
flow_001.72,83.5,3.5,0
flow_00.34,79.0,3.0,0
flow_201.65,75.5,2.5,0
flow_00.35,77.5,2.5,0
flow_0012.31,78.0,3.5,0
flow_2012.38,78.5,6.5,0
flow_0012.32,76.0,3.5,0
flow_2012.39,77.5,4.5,0
flow_0012.33,75.0,4.0,0
flow_001.73,72.0,2.5,0
flow_20.42,76.0,5.5,0
flow_2012.40,76.0,5.0,0
flow_201.66,73.5,3.0,0
flow_001.74,74.0,3.5,0
flow_201.67,72.0,3.0,0
flow_101.47,71.0,3.5,0
flow_001.0,25.5,2.5,0
flow_201.0,25.5,2.5,0
flow_0012.0,24.5,3.5,0
flow_001.1,25.0,2.5,0
flow_001.2,28.5,3.5,0
flow_1012.0,28.5,4.0,0
flow_301.0,55.0,7.0,0
flow_301.1,50.5,3.5,0
flow_301.2,49.5,3.0,0
flow_301.3,48.0,3.5,0
flow_30.0,45.0,3.0,0
flow_30.1,41.0,3.0,0
flow_3012.0,26.0,3.5,0
flow_301.4,26.0,3.0,0
flow_3012.1,25.0,3.5,0
flow_301.5,25.0,2.5,0
flow_201.1,72.5,3.5,0
flow_001.3,69.0,3.5,0
flow_0012.1,61.5,4.0,0
flow_201.2,53.0,7.0,0
flow_0012.2,61.5,5.0,0
flow_2012.0,53.5,4.5,0
flow_0012.3,56.5,4.5,0
flow_00.0,55.0,5.0,0
flow_2012.1,54.0,4.5,0
flow_201.3,42.0,3.0,0
flow_001.4,55.0,3.0,0
flow_0012.4,53.0,4.0,0
flow_0012.5,44.5,3.5,0
flow_001.5,39.5,3.0,0
flow_201.4,23.5,2.0,0
flow_00.1,25.5,3.0,0
flow_001.6,30.0,3.0,0
flow_001.7,25.5,2.5,0
flow_3012.2,73.0,4.0,0
flow_101.0,61.5,7.5,0
flow_3012.3,65.5,5.0,0
flow_3012.4,64.5,4.5,0
flow_301.6,61.0,3.0,0
flow_30.2,56.5,3.0,0
flow_101.1,63.0,4.5,0
flow_101.2,47.5,3.0,0
flow_301.7,46.0,3.0,0
flow_3012.5,44.5,3.0,0
flow_1012.1,26.5,3.5,0
flow_30.3,41.0,2.5,0
flow_301.8,41.5,2.5,0
flow_30.4,38.0,2.5,0
flow_30.5,36.5,2.5,0
flow_301.9,37.0,3.0,0
flow_3012.6,30.5,3.5,0
flow_101.3,29.5,6.0,0
flow_20.0,70.5,4.0,0
flow_001.8,58.5,3.5,0
flow_2012.2,68.5,3.5,0
flow_00.2,60.0,6.0,0
flow_0012.6,53.0,4.5,0
flow_2012.3,63.5,6.5,0
flow_2012.4,63.0,4.5,0
flow_00.3,40.5,5.5,0
flow_0012.7,40.0,4.0,0
flow_2012.5,59.0,6.5,0
flow_0012.8,32.0,3.5,0
flow_20.1,53.5,4.5,0
flow_001.9,30.5,3.0,0
flow_2012.6,53.0,4.0,0
flow_2012.7,42.5,4.0,0
flow_001.10,26.0,3.0,0
flow_3012.7,78.0,4.5,0
flow_1012.2,75.0,4.0,0
flow_10.0,71.0,3.0,0
flow_301.10,79.0,3.0,0
flow_101.4,70.5,3.0,0
flow_301.11,78.0,3.0,0
flow_1012.3,55.0,4.0,0
flow_101.5,39.0,2.5,0
flow_301.12,80.0,6.0,0
flow_1012.4,26.5,4.0,0
flow_301.13,81.5,4.0,0
flow_301.14,81.0,3.0,0
flow_3012.8,79.5,3.5,0
flow_301.15,78.5,2.5,0
flow_301.16,78.0,3.5,0
flow_301.17,76.5,3.5,0
flow_301.18,75.0,3.0,0
flow_2012.8,63.5,4.0,0
flow_001.11,73.5,7.0,0
flow_201.5,58.0,3.0,0
flow_00.4,72.0,3.5,0
flow_201.6,58.5,4.0,0
flow_2012.9,46.5,3.5,0
flow_001.12,48.0,6.0,0
flow_2012.10,50.0,5.5,0
flow_201.7,46.5,2.5,0
flow_00.5,43.0,4.0,0
flow_2012.11,39.5,4.5,0
flow_001.13,46.5,4.0,0
flow_001.14,45.5,3.0,0
flow_00.6,39.5,3.0,0
flow_00.7,37.5,2.5,0
flow_00.8,37.0,2.5,0
flow_301.19,121.0,3.5,0
flow_101.6,73.5,3.5,0
flow_10.1,70.0,3.0,0
flow_301.20,91.0,3.5,0
flow_1012.5,71.5,4.0,0
flow_101.7,69.0,3.0,0
flow_301.21,90.5,7.0,0
flow_101.8,67.5,3.0,0
flow_10.2,42.0,3.0,0
flow_301.22,89.5,3.5,0
flow_301.23,87.0,3.0,0
flow_30.6,82.0,2.5,0
flow_101.9,43.0,3.0,0
flow_101.10,41.5,3.0,0
flow_30.7,79.5,2.5,0
flow_101.11,26.5,3.0,0
flow_301.24,85.0,3.5,0
flow_101.12,26.0,3.0,0
flow_10.3,22.0,2.0,0
flow_301.25,80.5,2.5,0
flow_301.26,78.5,3.0,0
flow_30.8,75.0,2.5,0
flow_10.4,21.5,2.0,0
flow_3012.9,75.0,3.5,0
flow_2012.12,40.0,4.5,0
flow_201.8,37.5,3.0,0
flow_001.15,88.5,7.5,0
flow_20.2,36.5,3.0,0
flow_0012.9,90.0,6.0,0
flow_20.3,33.0,5.5,0
flow_0012.10,88.5,7.0,0
flow_0012.11,76.5,4.5,0
flow_001.16,73.5,3.0,0
flow_001.17,36.0,3.0,0
flow_201.9,41.5,4.0,0
flow_001.18,26.5,2.5,0
flow_201.10,40.0,3.5,0
flow_201.11,30.5,3.5,0
flow_0012.12,27.0,4.0,0
flow_201.12,26.0,3.0,0
flow_10.5,49.0,4.0,0
flow_301.27,84.5,3.5,0
flow_30.9,80.5,3.0,0
flow_10.6,41.5,3.0,0
flow_301.28,80.0,2.5,0
flow_101.13,39.5,3.0,0
flow_3012.10,78.0,3.0,0
flow_1012.6,38.5,3.5,0
flow_1012.7,28.0,3.5,0
flow_30.10,79.0,6.0,0
flow_1012.8,30.0,6.5,0
flow_30.11,81.5,7.5,0
flow_301.29,80.0,4.0,0
flow_301.30,78.5,3.5,0
flow_3012.11,77.0,3.5,0
flow_301.31,79.0,4.0,0
flow_301.32,76.5,4.0,0
flow_1012.9,26.5,3.5,0
flow_301.33,77.0,6.5,0
flow_2012.13,72.5,4.5,0
flow_201.13,64.5,3.0,0
flow_001.19,73.0,7.0,0
flow_00.9,70.5,3.0,0
flow_201.14,41.5,3.0,0
flow_00.10,70.0,3.0,0
flow_201.15,27.0,3.0,0
flow_0012.13,72.5,4.5,0
flow_00.11,68.5,3.0,0
flow_20.4,21.5,2.0,0
flow_001.20,68.0,2.5,0
flow_001.21,66.0,3.0,0
flow_201.16,23.5,2.0,0
flow_001.22,50.5,3.0,0
flow_001.23,36.0,3.5,0
flow_201.17,26.5,3.0,0
flow_001.24,25.5,2.5,0
flow_30.12,84.5,4.0,0
flow_10.7,67.5,4.0,0
flow_301.34,84.0,3.0,0
flow_1012.10,71.5,5.0,0
flow_10.8,64.0,3.5,0
flow_10.9,62.5,3.0,0
flow_301.35,86.0,3.5,0
flow_301.36,85.0,3.5,0
flow_30.13,83.0,4.0,0
flow_1012.11,64.5,4.5,0
flow_10.10,31.0,3.0,0
flow_101.14,62.0,3.0,0
flow_301.37,82.5,3.0,0
flow_30.14,80.0,2.5,0
flow_301.38,79.5,2.5,0
flow_30.15,78.0,3.0,0
flow_101.15,25.5,2.5,0
flow_301.39,78.0,3.0,0
flow_30.16,73.5,3.0,0
flow_301.40,73.5,2.5,0
flow_1012.12,26.0,4.0,0
flow_301.41,38.0,6.0,0
flow_20.5,62.0,4.0,0
flow_00.12,72.0,4.0,0
flow_00.13,70.5,3.5,0
flow_201.18,62.0,3.0,0
flow_001.25,69.0,2.5,0
flow_201.19,43.5,3.5,0
flow_001.26,63.0,3.0,0
flow_2012.14,31.5,5.5,0
flow_201.20,29.5,3.0,0
flow_001.27,65.0,3.5,0
flow_201.21,29.0,3.0,0
flow_201.22,24.5,2.5,0
flow_30.17,77.5,4.0,0
flow_101.16,69.5,3.5,0
flow_301.42,78.0,3.0,0
flow_3012.12,76.5,3.5,0
flow_1012.13,71.0,5.0,0
flow_1012.14,55.0,4.5,0
flow_1012.15,53.5,4.5,0
flow_30.18,79.0,6.5,0
flow_10.11,45.5,3.5,0
flow_1012.16,52.5,7.5,0
flow_301.43,83.5,4.0,0
flow_10.12,39.5,3.0,0
flow_301.44,82.5,3.0,0
flow_3012.13,81.0,3.5,0
flow_301.45,80.0,2.5,0
flow_301.46,78.5,3.0,0
flow_101.17,26.0,3.0,0
flow_10.13,22.0,2.0,0
flow_301.47,78.5,3.5,0
flow_20.6,55.0,4.0,0
flow_001.28,74.0,3.5,0
flow_20.7,51.0,3.0,0
flow_001.29,73.5,3.0,0
flow_00.14,69.0,3.0,0
flow_201.23,51.0,3.0,0
flow_0012.14,70.0,3.5,0
flow_001.30,65.5,3.0,0
flow_201.24,41.5,6.5,0
flow_001.31,64.5,2.5,0
flow_00.15,55.5,2.5,0
flow_001.32,55.5,2.5,0
flow_00.16,52.5,2.5,0
flow_001.33,51.5,2.0,0
flow_0012.15,47.0,3.0,0
flow_00.17,40.5,2.0,0
flow_001.34,30.5,2.5,0
flow_00.18,26.0,2.5,0
flow_00.19,24.5,2.5,0
flow_10.14,60.0,4.0,0
flow_301.48,124.5,3.5,0
flow_1012.17,61.0,4.0,0
flow_101.18,59.5,3.0,0
flow_301.49,128.5,7.0,0
flow_1012.18,54.5,4.0,0
flow_1012.19,52.0,4.0,0
flow_101.19,50.0,3.0,0
flow_301.50,102.0,4.0,0
flow_30.19,99.5,3.0,0
flow_30.20,97.5,3.0,0
flow_1012.20,27.0,5.0,0
flow_301.51,99.5,3.5,0
flow_30.21,93.0,3.0,0
flow_10.15,22.0,2.0,0
flow_3012.14,95.5,5.5,0
flow_001.35,67.5,3.5,0
flow_201.25,67.0,3.5,0
flow_201.26,63.5,3.0,0
flow_001.36,67.0,3.5,0
flow_2012.15,39.5,4.0,0
flow_201.27,30.0,3.0,0
flow_001.37,58.5,7.0,0
flow_00.20,50.5,3.0,0
flow_001.38,48.0,3.0,0
flow_20.8,23.5,2.5,0
flow_00.21,39.0,2.5,0
flow_001.39,47.0,3.5,0
flow_00.22,34.0,2.5,0
flow_001.40,33.5,3.0,0
flow_00.23,24.0,2.5,0
flow_001.41,28.5,3.5,0
flow_201.28,24.5,2.5,0
flow_10.16,50.0,4.0,0
flow_301.52,142.0,3.5,0
flow_101.20,39.0,3.0,0
flow_3012.15,144.5,5.0,0
flow_10.17,22.5,2.0,0
flow_301.53,142.0,3.0,0
flow_30.22,137.5,2.5,0
flow_30.23,96.5,2.5,0
flow_301.54,93.5,3.0,0
flow_301.55,89.0,3.5,0
flow_101.21,25.0,2.5,0
flow_301.56,88.0,4.0,0
flow_301.57,85.0,3.5,0
flow_101.22,27.5,3.5,0
flow_3012.16,85.5,6.5,0
flow_301.58,82.0,3.0,0
flow_30.24,77.5,3.0,0
flow_301.59,35.5,3.0,0
flow_001.42,73.5,3.5,0
flow_201.29,66.5,3.5,0
flow_201.30,40.5,3.0,0
flow_001.43,74.5,3.5,0
flow_001.44,73.5,3.5,0
flow_201.31,40.0,3.5,0
flow_20.9,22.5,2.0,0
flow_001.45,73.5,4.0,0
flow_001.46,68.0,3.5,0
flow_001.47,59.5,3.5,0
flow_001.48,42.0,3.0,0
flow_0012.16,40.0,3.0,0
flow_001.49,38.5,2.5,0
flow_00.24,33.0,2.5,0
flow_0012.17,38.0,3.5,0
flow_00.25,32.5,2.5,0
flow_00.26,29.0,2.5,0
flow_001.50,28.0,2.5,0
flow_30.25,78.5,4.0,0
flow_101.23,66.5,3.5,0
flow_30.26,77.0,3.0,0
flow_101.24,53.5,3.0,0
flow_1012.21,48.0,3.5,0
flow_3012.17,78.5,4.0,0
flow_301.60,77.0,3.0,0
flow_101.25,48.5,3.5,0
flow_10.18,39.0,3.0,0
flow_301.61,75.5,3.0,0
flow_3012.18,74.0,3.5,0
flow_301.62,72.0,2.5,0
flow_301.63,71.0,3.0,0
flow_30.27,67.5,2.5,0
flow_301.64,67.5,2.5,0
flow_3012.19,65.0,2.5,0
flow_3012.20,64.0,3.5,0
flow_301.65,31.5,2.5,0
flow_301.66,30.0,3.5,0
flow_20.10,59.0,4.0,0
flow_001.51,46.0,3.5,0
flow_20.11,58.5,3.0,0
flow_001.52,46.0,3.0,0
flow_00.27,43.0,3.0,0
flow_201.32,58.5,3.0,0
flow_0012.18,45.0,4.0,0
flow_001.53,42.5,2.5,0
flow_201.33,62.0,6.5,0
flow_001.54,41.5,3.0,0
flow_201.34,49.5,3.0,0
flow_0012.19,40.5,4.0,0
flow_001.55,38.0,2.5,0
flow_201.35,48.0,4.0,0
flow_0012.20,30.0,4.5,0
flow_001.56,27.0,2.5,0
flow_201.36,39.0,4.0,0
flow_001.57,27.5,3.0,0
flow_201.37,38.5,3.0,0
flow_20.12,34.5,2.5,0
flow_001.58,27.0,3.0,0
flow_201.38,25.0,2.0,0
flow_301.67,75.5,3.5,0
flow_1012.22,65.5,6.5,0
flow_101.26,52.5,3.0,0
flow_10.19,46.5,3.0,0
flow_301.68,78.0,3.5,0
flow_301.69,77.0,3.0,0
flow_30.28,73.5,3.0,0
flow_3012.21,73.0,3.5,0
flow_1012.23,26.0,3.5,0
flow_301.70,75.5,4.5,0
flow_3012.22,73.5,3.5,0
flow_3012.23,72.0,4.0,0
flow_301.71,71.0,3.0,0
flow_30.29,67.5,2.5,0
flow_3012.24,66.0,3.0,0
flow_10.20,20.5,2.0,0
flow_301.72,64.5,2.5,0
flow_301.73,34.5,3.0,0
flow_001.59,71.0,3.5,0
flow_201.39,73.0,3.5,0
flow_001.60,70.0,3.0,0
flow_201.40,62.5,3.0,0
flow_0012.21,68.5,3.5,0
flow_001.61,68.5,3.0,0
flow_201.41,65.0,6.5,0
flow_001.62,67.0,3.0,0
flow_00.28,63.5,2.5,0
flow_201.42,65.5,3.5,0
flow_201.43,57.5,3.5,0
flow_20.13,52.5,4.5,0
flow_0012.22,67.5,5.0,0
flow_0012.23,67.0,7.5,0
flow_00.29,53.0,3.5,0
flow_201.44,59.5,3.5,0
flow_0012.24,56.0,5.0,0
flow_0012.25,53.5,4.5,0
flow_20.14,61.0,6.5,0
flow_001.63,51.5,3.0,0
flow_301.74,78.0,3.5,0
flow_101.27,72.5,3.5,0
flow_301.75,78.0,3.0,0
flow_101.28,72.0,3.0,0
flow_10.21,61.5,3.0,0
flow_30.30,75.0,3.0,0
flow_10.22,59.0,2.5,0
flow_301.76,75.5,3.0,0
flow_30.31,71.0,3.0,0
flow_101.29,57.0,2.5,0
flow_3012.25,72.5,4.0,0
flow_301.77,70.5,2.5,0
flow_101.30,58.5,6.5,0
flow_3012.26,70.5,4.0,0
flow_30.32,67.0,3.0,0
flow_101.31,56.0,3.5,0
flow_301.78,66.5,3.0,0
flow_101.32,55.5,3.0,0
flow_301.79,67.0,3.5,0
flow_10.23,45.0,3.0,0
flow_301.80,64.5,3.5,0
flow_301.81,33.0,3.5,0
flow_301.82,30.5,3.5,0
flow_001.64,84.5,3.5,0
flow_201.45,95.0,3.5,0
flow_0012.26,84.0,4.0,0
flow_001.65,83.0,3.0,0
flow_201.46,93.0,7.0,0
flow_0012.27,81.5,4.0,0
flow_0012.28,80.5,4.0,0
flow_00.30,76.5,3.0,0
flow_201.47,84.5,4.0,0
flow_001.66,75.5,2.5,0
flow_20.15,83.0,3.5,0
flow_001.67,75.0,2.5,0
flow_00.31,71.5,2.5,0
flow_201.48,81.0,3.0,0
flow_0012.29,73.0,3.5,0
flow_201.49,80.5,6.5,0
flow_0012.30,74.5,6.0,0
flow_20.16,79.5,3.5,0
flow_001.68,71.0,3.0,0
flow_001.69,34.0,3.5,0
flow_201.50,66.5,3.5,0
flow_3012.27,76.0,4.5,0
flow_101.33,68.0,7.5,0
flow_30.33,74.0,3.5,0
flow_3012.28,78.5,5.5,0
flow_101.34,52.5,4.0,0
flow_301.83,74.0,3.0,0
flow_101.35,37.5,3.5,0
flow_3012.29,75.5,5.0,0
flow_1012.24,36.5,4.0,0
flow_3012.30,73.5,4.5,0
flow_1012.25,35.5,4.0,0
flow_301.84,73.0,3.0,0
flow_101.36,25.0,2.5,0
flow_301.85,72.0,3.0,0
flow_301.86,71.0,3.0,0
flow_101.37,25.5,2.5,0
flow_30.34,67.5,2.5,0
flow_10.24,22.0,2.0,0
flow_301.87,67.0,2.5,0
flow_10.25,22.0,2.0,0
flow_301.88,66.5,3.0,0
flow_20.17,111.5,4.0,0
flow_0012.31,83.5,7.5,0
flow_20.18,114.5,5.0,0
flow_001.70,82.0,3.5,0
flow_2012.16,113.0,4.0,0
flow_201.51,111.0,2.5,0
flow_001.71,83.5,3.5,0
flow_2012.17,100.0,4.5,0
flow_2012.18,95.0,4.5,0
flow_201.52,88.0,3.0,0
flow_001.72,88.5,4.5,0
flow_00.32,86.0,3.0,0
flow_201.53,87.0,3.5,0
flow_201.54,76.5,3.0,0
flow_0012.32,87.5,4.0,0
flow_001.73,85.0,3.0,0
flow_00.33,81.5,2.5,0
flow_201.55,79.0,3.5,0
flow_0012.33,82.5,3.5,0
flow_2012.19,79.5,4.5,0
flow_00.34,78.5,3.0,0
flow_001.0,25.0,2.5,0
flow_00.0,21.5,2.0,0
flow_201.0,25.0,2.5,0
flow_001.1,25.5,2.5,0
flow_0012.0,26.5,3.5,0
flow_101.0,55.0,3.5,0
flow_301.0,44.0,3.5,0
flow_10.0,50.5,3.0,0
flow_30.0,41.5,3.0,0
flow_30.1,41.0,3.0,0
flow_101.1,42.0,3.0,0
flow_3012.0,37.0,3.5,0
flow_30.2,29.5,2.5,0
flow_10.1,42.0,5.5,0
flow_101.2,40.5,3.5,0
flow_1012.0,39.0,3.5,0
flow_10.2,21.5,2.0,0
flow_101.3,25.5,2.5,0
flow_10.3,23.5,2.0,0
flow_30.3,21.5,2.0,0
flow_101.4,26.0,2.5,0
flow_0012.1,75.0,4.5,0
flow_001.2,70.0,3.0,0
flow_201.1,46.0,7.5,0
flow_001.3,54.5,3.0,0
flow_201.2,29.0,3.5,0
flow_2012.0,26.5,3.5,0
flow_0012.2,54.5,4.0,0
flow_00.1,50.5,2.5,0
flow_00.2,36.5,2.5,0
flow_201.3,25.0,2.5,0
flow_001.4,36.5,2.5,0
flow_001.5,35.5,3.0,0
flow_201.4,28.0,3.0,0
flow_00.3,32.5,2.5,0
flow_001.6,29.0,2.5,0
flow_001.7,28.5,3.0,0
flow_0012.3,25.5,3.0,0
flow_0012.4,25.5,3.5,0
flow_001.8,25.0,2.5,0
flow_201.5,27.5,3.5,0
flow_1012.1,69.0,4.0,0
flow_3012.1,66.0,4.5,0
flow_10.4,66.0,3.0,0
flow_301.1,64.5,3.0,0
flow_1012.2,68.0,4.5,0
flow_3012.2,66.0,4.5,0
flow_301.2,64.5,3.5,0
flow_101.5,55.5,3.5,0
flow_301.3,63.0,3.0,0
flow_101.6,43.0,3.5,0
flow_10.5,35.0,3.0,0
flow_301.4,55.0,3.0,0
flow_1012.3,34.0,4.0,0
flow_101.7,32.0,2.5,0
flow_301.5,57.0,6.5,0
flow_10.6,29.0,2.5,0
flow_301.6,49.0,3.5,0
flow_101.8,29.0,2.5,0
flow_30.4,42.0,3.0,0
flow_101.9,28.5,2.5,0
flow_301.7,41.5,2.5,0
flow_101.10,26.5,3.0,0
flow_301.8,41.5,3.5,0
flow_101.11,25.5,3.0,0
flow_301.9,40.5,3.5,0
flow_20.0,70.5,4.0,0
flow_001.9,72.0,3.5,0
flow_00.4,44.0,3.0,0
flow_0012.5,44.5,4.0,0
flow_00.5,41.5,2.5,0
flow_20.1,20.5,1.5,0
flow_001.10,40.5,2.5,0
flow_00.6,37.5,2.5,0
flow_001.11,30.5,2.5,0
flow_001.12,33.0,3.5,0
flow_0012.6,29.0,3.5,0
flow_001.13,24.5,2.5,0
flow_101.12,53.5,3.5,0
flow_301.10,74.5,4.0,0
flow_101.13,53.5,3.0,0
flow_301.11,68.5,3.5,0
flow_101.14,53.0,3.5,0
flow_10.7,50.0,3.0,0
flow_10.8,48.5,3.0,0
flow_1012.4,47.0,3.0,0
flow_10.9,44.0,2.5,0
flow_10.10,43.5,2.5,0
flow_1012.5,42.5,3.0,0
flow_10.11,39.5,2.5,0
flow_101.15,40.0,2.5,0
flow_101.16,38.5,3.0,0
flow_101.17,29.5,2.5,0
flow_101.18,28.5,3.0,0
flow_0012.7,62.5,4.0,0
flow_2012.1,72.5,4.5,0
flow_001.14,54.5,3.0,0
flow_201.6,72.0,3.0,0
flow_2012.2,71.5,3.5,0
flow_00.7,56.0,6.0,0
flow_0012.8,55.0,5.0,0
flow_2012.3,73.5,6.5,0
flow_20.2,38.0,3.5,0
flow_001.15,57.0,3.0,0
flow_2012.4,39.5,4.5,0
flow_20.3,35.5,3.0,0
flow_001.16,59.0,3.5,0
flow_0012.9,57.0,3.5,0
flow_2012.5,37.0,4.5,0
flow_00.8,42.5,2.5,0
flow_20.4,23.0,2.0,0
flow_0012.10,44.0,5.0,0
flow_00.9,33.0,3.0,0
flow_001.17,30.5,2.5,0
flow_10.12,74.0,4.0,0
flow_301.12,69.0,3.5,0
flow_10.13,73.0,3.0,0
flow_1012.6,41.0,3.5,0
flow_10.14,26.5,2.5,0
flow_30.5,51.0,3.5,0
flow_3012.3,56.0,6.5,0
flow_301.13,39.0,3.5,0
flow_3012.4,37.0,3.5,0
flow_30.6,33.0,3.0,0
flow_3012.5,26.5,3.5,0
flow_10.15,21.0,1.5,0
flow_1012.7,24.5,3.0,0
flow_001.18,74.0,3.5,0
flow_201.7,72.5,3.5,0
flow_00.10,71.0,3.0,0
flow_201.8,49.0,3.0,0
flow_0012.11,72.0,4.0,0
flow_001.19,62.0,3.0,0
flow_201.9,46.0,7.0,0
flow_001.20,60.5,3.0,0
flow_2012.6,41.5,5.0,0
flow_201.10,38.0,3.5,0
flow_001.21,54.5,3.5,0
flow_201.11,33.0,3.0,0
flow_20.5,29.5,2.5,0
flow_001.22,46.0,3.0,0
flow_201.12,29.0,2.0,0
flow_0012.12,46.0,5.5,0
flow_00.11,44.0,3.0,0
flow_201.13,31.5,3.5,0
flow_001.23,43.5,3.0,0
flow_00.12,36.5,2.5,0
flow_101.19,69.5,3.5,0
flow_301.14,53.5,3.5,0
flow_301.15,52.5,3.0,0
flow_30.7,49.5,3.0,0
flow_101.20,70.5,3.5,0
flow_101.21,60.0,3.0,0
flow_301.16,48.5,2.5,0
flow_1012.8,59.5,5.5,0
flow_1012.9,58.0,4.0,0
flow_101.22,55.5,2.5,0
flow_301.17,51.0,3.5,0
flow_101.23,54.5,3.0,0
flow_1012.10,34.5,4.0,0
flow_30.8,53.0,6.0,0
flow_301.18,27.5,3.0,0
flow_301.19,24.5,2.5,0
flow_301.20,24.5,2.0,0
flow_20.6,44.5,4.0,0
flow_0012.13,75.5,7.5,0
flow_2012.7,30.5,3.5,0
flow_001.24,66.5,3.0,0
flow_00.13,65.0,3.0,0
flow_00.14,58.0,3.0,0
flow_001.25,65.0,3.5,0
flow_001.26,51.5,2.5,0
flow_201.14,25.5,2.5,0
flow_0012.14,51.5,4.0,0
flow_0012.15,35.5,4.0,0
flow_0012.16,30.0,4.5,0
flow_001.27,27.0,3.0,0
flow_201.15,33.5,4.5,0
flow_20.7,30.0,3.0,0
flow_0012.17,25.5,3.0,0
flow_301.21,70.5,3.5,0
flow_101.24,59.0,4.0,0
flow_10.16,57.5,3.5,0
flow_301.22,57.5,3.0,0
flow_101.25,56.0,3.0,0
flow_301.23,56.0,3.0,0
flow_101.26,55.0,3.0,0
flow_301.24,51.5,3.0,0
flow_30.9,39.5,2.5,0
flow_101.27,54.5,3.0,0
flow_1012.11,53.0,4.0,0
flow_301.25,44.0,7.0,0
flow_1012.12,55.5,6.0,0
flow_1012.13,54.5,5.0,0
flow_101.28,52.0,3.5,0
flow_301.26,28.0,3.5,0
flow_1012.14,51.5,5.0,0
flow_101.29,48.0,3.0,0
flow_101.30,47.5,3.0,0
flow_101.31,36.5,3.5,0
flow_00.15,69.0,4.0,0
flow_20.8,71.5,4.0,0
flow_00.16,68.0,3.0,0
flow_2012.8,75.0,6.0,0
flow_201.16,74.5,3.5,0
flow_001.28,73.0,3.0,0
flow_00.17,58.5,2.5,0
flow_201.17,72.5,3.5,0
flow_2012.9,74.0,5.5,0
flow_00.18,62.0,5.5,0
flow_201.18,69.0,3.5,0
flow_00.19,60.0,4.0,0
flow_001.29,61.0,3.5,0
flow_2012.10,48.5,5.5,0
flow_20.9,31.0,3.0,0
flow_001.30,62.0,4.0,0
flow_00.20,56.5,3.0,0
flow_201.19,35.5,3.5,0
flow_00.21,46.0,3.0,0
flow_2012.11,28.5,5.5,0
flow_1012.15,81.0,4.5,0
flow_30.10,51.0,7.0,0
flow_101.32,79.5,3.0,0
flow_301.27,50.5,3.5,0
flow_101.33,78.5,3.5,0
flow_3012.6,51.0,4.5,0
flow_301.28,32.5,3.0,0
flow_101.34,80.5,3.5,0
flow_1012.16,66.0,4.0,0
flow_30.11,24.0,3.0,0
flow_10.17,63.0,3.0,0
flow_101.35,56.0,3.0,0
flow_101.36,48.5,3.0,0
flow_1012.17,44.5,3.5,0
flow_101.37,38.0,2.5,0
flow_101.38,34.0,3.0,0
flow_1012.18,32.0,3.5,0
flow_1012.19,30.5,4.0,0
flow_00.22,92.5,4.0,0
flow_201.20,70.0,3.5,0
flow_00.23,92.0,3.0,0
flow_201.21,70.0,3.0,0
flow_0012.18,85.5,4.0,0
flow_001.31,81.5,2.5,0
flow_201.22,74.0,7.5,0
flow_20.10,70.5,3.0,0
flow_001.32,69.5,3.0,0
flow_001.33,56.5,3.0,0
flow_2012.12,72.5,4.5,0
flow_201.23,69.5,3.0,0
flow_001.34,58.0,4.0,0
flow_0012.19,56.0,3.5,0
flow_2012.13,67.0,4.5,0
flow_00.24,49.5,2.5,0
flow_201.24,51.0,3.5,0
flow_001.35,51.0,3.0,0
flow_00.25,44.0,2.5,0
flow_201.25,47.0,4.0,0
flow_2012.14,42.0,4.5,0
flow_0012.20,42.5,3.5,0
flow_001.36,35.0,3.5,0
flow_201.26,37.0,3.5,0
flow_30.12,61.0,4.0,0
flow_101.39,70.5,3.5,0
flow_3012.7,61.5,3.5,0
flow_101.40,60.0,6.5,0
flow_3012.8,60.0,5.0,0
flow_10.18,46.0,3.5,0
flow_301.29,54.0,3.0,0
flow_301.30,53.0,3.0,0
flow_1012.20,46.5,5.0,0
flow_101.41,31.0,3.5,0
flow_301.31,54.0,4.0,0
flow_10.19,25.5,3.0,0
flow_30.13,52.5,3.0,0
flow_101.42,30.0,3.5,0
flow_3012.9,51.0,4.5,0
flow_3012.10,50.0,4.5,0
flow_301.32,46.0,2.5,0
flow_301.33,45.5,3.0,0
flow_101.43,34.5,7.5,0
flow_101.44,32.5,3.5,0
flow_20.11,61.0,4.0,0
flow_001.37,79.5,3.5,0
flow_2012.15,63.5,4.0,0
flow_20.12,54.0,3.0,0
flow_001.38,70.0,7.0,0
flow_201.27,32.0,2.5,0
flow_0012.21,70.0,4.5,0
flow_001.39,69.0,3.5,0
flow_201.28,34.0,3.5,0
flow_2012.16,32.0,3.5,0
flow_0012.22,67.5,4.5,0
flow_001.40,64.0,3.0,0
flow_201.29,32.0,3.5,0
flow_201.30,26.5,3.0,0
flow_001.41,63.5,3.0,0
flow_20.13,23.5,2.0,0
flow_001.42,62.0,3.0,0
flow_20.14,23.5,2.5,0
flow_001.43,61.0,3.0,0
flow_00.26,58.5,3.0,0
flow_0012.23,56.5,3.0,0
flow_001.44,52.5,2.0,0
flow_20.15,24.0,3.5,0
flow_30.14,81.0,4.0,0
flow_101.45,72.5,3.5,0
flow_301.34,30.0,2.5,0
flow_1012.21,74.5,4.5,0
flow_10.20,65.5,3.0,0
flow_301.35,30.0,3.5,0
flow_101.46,65.0,3.0,0
flow_10.21,58.5,3.0,0
flow_101.47,65.0,3.0,0
flow_1012.22,58.0,3.0,0
flow_1012.23,58.0,3.5,0
flow_1012.24,58.0,4.5,0
flow_1012.25,56.5,4.0,0
flow_1012.26,51.5,4.5,0
flow_101.48,47.0,3.0,0
flow_101.49,31.0,3.0,0
flow_101.50,29.0,3.0,0
flow_2012.17,72.0,4.0,0
flow_001.45,88.0,7.0,0
flow_201.31,72.0,3.0,0
flow_2012.18,70.0,3.5,0
flow_20.16,43.5,2.5,0
flow_001.46,80.5,4.0,0
flow_201.32,28.5,2.5,0
flow_001.47,79.5,3.5,0
flow_00.27,62.5,5.5,0
flow_2012.19,29.0,4.5,0
flow_201.33,25.0,2.5,0
flow_00.28,61.5,3.5,0
flow_0012.24,60.5,3.5,0
flow_00.29,50.0,3.0,0
flow_20.17,21.5,2.0,0
flow_201.34,26.0,3.0,0
flow_001.48,31.0,3.0,0
flow_001.49,26.0,2.5,0
flow_2012.20,25.5,3.5,0
flow_30.15,71.0,4.0,0
flow_101.51,76.0,3.5,0
flow_3012.11,68.0,3.5,0
flow_101.52,78.0,6.5,0
flow_1012.27,76.5,4.0,0
flow_3012.12,68.5,5.0,0
flow_10.22,74.0,3.0,0
flow_30.16,50.0,3.5,0
flow_10.23,73.5,2.5,0
flow_301.36,50.5,3.0,0
flow_30.17,36.5,2.5,0
flow_101.53,74.0,3.5,0
flow_301.37,36.5,2.5,0
flow_30.18,29.5,2.5,0
flow_101.54,72.5,3.5,0
flow_101.55,72.0,3.5,0
flow_101.56,71.0,3.5,0
flow_1012.28,65.5,3.5,0
flow_101.57,64.0,3.0,0
flow_101.58,61.5,3.5,0
flow_101.59,36.0,3.0,0
flow_001.50,77.5,3.5,0
flow_201.35,50.5,3.5,0
flow_00.30,75.5,3.0,0
flow_201.36,51.0,3.0,0
flow_20.18,47.0,3.0,0
flow_001.51,72.5,2.5,0
flow_001.52,72.5,2.5,0
flow_201.37,43.5,2.5,0
flow_20.19,37.5,2.5,0
flow_001.53,64.0,3.0,0
flow_00.31,60.0,2.5,0
flow_201.38,30.5,2.5,0
flow_001.54,56.5,2.0,0
flow_00.32,55.0,2.0,0
flow_00.33,54.0,2.5,0
flow_001.55,51.5,3.0,0
flow_201.39,24.5,2.5,0
flow_001.56,50.0,3.5,0
flow_0012.25,47.5,4.0,0
flow_001.57,32.5,3.0,0
flow_00.34,25.0,2.5,0
flow_101.60,78.0,3.5,0
flow_301.38,62.0,3.5,0
flow_10.24,62.0,3.0,0
flow_301.39,62.5,3.5,0
flow_101.61,52.0,3.0,0
flow_301.40,39.0,3.5,0
flow_101.62,44.5,3.5,0
flow_101.63,43.0,3.5,0
flow_101.64,41.0,3.0,0
flow_301.41,24.5,2.5,0
flow_30.19,21.0,2.0,0
flow_101.65,40.5,3.0,0
flow_101.66,38.0,3.5,0
flow_101.67,35.0,3.5,0
flow_101.68,33.5,3.5,0
flow_10.25,28.5,3.0,0
flow_301.42,28.0,3.0,0
flow_101.69,28.5,3.0,0
flow_30.20,22.5,2.5,0
flow_10.26,27.5,3.5,0
flow_3012.13,28.5,5.0,0
flow_00.35,73.0,4.0,0
flow_20.20,58.0,4.0,0
flow_001.58,71.5,3.0,0
flow_201.40,52.0,3.0,0
flow_20.21,39.5,3.0,0
flow_001.59,68.0,3.0,0
flow_201.41,34.5,2.5,0
flow_20.22,31.0,2.5,0
flow_001.60,67.5,3.0,0
flow_00.36,64.5,2.5,0
flow_001.61,64.5,3.0,0
flow_001.62,63.0,3.0,0
flow_00.37,58.0,2.5,0
flow_20.23,20.5,1.5,0
flow_001.63,58.5,3.0,0
flow_001.64,57.0,3.5,0
flow_0012.26,54.5,3.0,0
flow_0012.27,53.0,3.5,0
flow_00.38,29.0,2.5,0
flow_201.42,28.5,5.0,0
flow_201.43,27.0,3.0,0
flow_001.65,29.0,3.0,0
flow_3012.14,73.0,4.5,0
flow_101.70,73.5,7.5,0
flow_3012.15,75.0,5.5,0
flow_30.21,62.5,3.0,0
flow_3012.16,74.5,5.0,0
flow_101.71,73.0,3.5,0
flow_301.43,56.0,2.5,0
flow_1012.29,70.5,4.0,0
flow_101.72,61.0,2.5,0
flow_301.44,34.0,6.0,0
flow_10.27,41.5,2.5,0
flow_301.45,27.5,3.0,0
flow_1012.30,43.0,4.5,0
flow_101.73,39.0,2.5,0
flow_10.28,36.5,2.5,0
flow_301.46,26.0,3.0,0
flow_3012.17,26.5,3.5,0
flow_101.74,42.0,6.5,0
flow_3012.18,29.0,5.0,0
flow_2012.21,52.5,4.0,0
flow_0012.28,76.0,4.5,0
flow_0012.29,74.5,4.0,0
flow_001.66,74.0,3.0,0
flow_201.44,50.5,4.0,0
flow_00.39,69.5,3.0,0
flow_001.67,74.5,3.5,0
flow_201.45,51.0,3.0,0
flow_201.46,36.5,3.0,0
flow_001.68,70.0,3.0,0
flow_20.24,24.5,2.5,0
flow_0012.30,69.5,5.0,0
flow_0012.31,69.0,4.0,0
flow_001.69,67.5,3.0,0
flow_0012.32,66.0,4.0,0
flow_001.70,63.5,2.5,0
flow_20.25,24.0,2.5,0
flow_001.71,62.0,3.0,0
flow_2012.22,25.5,3.5,0
flow_0012.33,32.0,3.5,0
flow_00.40,27.5,2.5,0
flow_1012.31,88.0,4.5,0
flow_101.75,87.5,3.0,0
flow_10.29,80.0,3.0,0
flow_301.47,77.0,7.5,0
flow_301.48,62.5,3.0,0
flow_101.76,77.5,2.5,0
flow_30.22,36.5,2.5,0
flow_101.77,77.0,3.0,0
flow_101.78,68.0,3.0,0
flow_10.30,57.0,3.0,0
flow_30.23,23.0,2.5,0
flow_1012.32,69.0,4.5,0
flow_101.79,43.5,2.5,0
flow_10.31,40.5,2.5,0
flow_101.80,40.0,2.5,0
flow_3012.19,27.0,4.0,0
flow_10.32,39.5,4.0,0
flow_1012.33,32.0,3.5,0
flow_10.33,27.0,3.0,0
flow_2012.23,26.5,3.5,0
flow_00.41,77.0,6.0,0
flow_001.72,75.5,3.0,0
flow_2012.24,26.5,4.0,0
flow_001.73,77.5,3.5,0
flow_00.42,75.0,3.0,0
flow_201.47,25.5,2.5,0
flow_001.74,74.5,3.0,0
flow_0012.34,73.5,3.5,0
flow_00.43,70.0,2.5,0
flow_001.75,69.5,2.5,0
flow_201.48,28.0,3.5,0
flow_0012.35,68.5,3.5,0
flow_0012.36,67.5,4.0,0
flow_0012.37,67.0,4.5,0
flow_001.76,64.0,3.0,0
flow_201.49,32.5,4.5,0
flow_001.77,34.0,3.0,0
flow_201.50,32.0,3.5,0
flow_101.81,75.5,3.5,0
flow_2012.0,24.0,3.0,0
flow_00.0,22.5,2.0,0
flow_20.0,21.5,2.0,0
flow_0012.0,25.5,5.0,0
flow_2012.1,24.5,3.0,0
flow_00.1,27.0,5.0,0
flow_001.0,25.5,2.5,0
flow_0012.1,24.0,2.5,0
flow_30.0,52.0,4.0,0
flow_101.0,46.0,3.5,0
flow_101.1,29.5,3.0,0
flow_101.2,25.0,2.5,0
flow_2012.2,71.0,4.0,0
flow_00.2,73.5,6.5,0
flow_201.0,69.0,3.0,0
flow_001.1,72.5,3.0,0
flow_201.1,66.0,3.5,0
flow_001.2,54.5,3.0,0
flow_201.2,61.0,3.0,0
flow_0012.2,39.5,5.0,0
flow_001.3,37.5,3.0,0
flow_00.3,34.0,2.5,0
flow_20.1,58.5,3.0,0
flow_201.3,64.5,4.0,0
flow_0012.3,35.5,4.0,0
flow_001.4,29.5,3.0,0
flow_201.4,61.0,6.5,0
flow_0012.4,29.5,4.0,0
flow_2012.3,59.0,4.0,0
flow_201.5,56.0,3.0,0
flow_2012.4,55.5,4.0,0
flow_2012.5,54.0,4.0,0
flow_2012.6,52.5,4.0,0
flow_301.0,36.5,3.5,0
flow_301.1,36.5,3.0,0
flow_301.2,35.0,3.0,0
flow_3012.0,31.0,3.5,0
flow_2012.7,85.0,4.5,0
flow_20.2,82.0,3.0,0
flow_001.5,75.5,7.5,0
flow_20.3,75.5,3.0,0
flow_2012.8,75.0,3.0,0
flow_0012.5,76.0,5.0,0
flow_0012.6,75.0,4.0,0
flow_00.4,72.0,2.5,0
flow_20.4,63.5,5.5,0
flow_20.5,48.0,4.0,0
flow_20.6,47.0,3.5,0
flow_0012.7,77.5,6.5,0
flow_00.5,75.0,3.5,0
flow_20.7,32.0,6.0,0
flow_20.8,31.5,4.5,0
flow_20.9,29.5,3.5,0
flow_2012.9,27.5,3.5,0
flow_0012.8,81.0,4.5,0
flow_20.10,27.5,3.5,0
flow_0012.9,75.0,6.5,0
flow_10.0,35.0,3.5,0
flow_301.3,71.0,3.5,0
flow_301.4,70.0,3.0,0
flow_301.5,33.0,3.0,0
flow_30.1,27.0,2.5,0
flow_3012.1,26.5,3.5,0
flow_1012.0,24.5,3.0,0
flow_001.6,119.0,3.5,0
flow_201.6,75.0,3.5,0
flow_2012.10,53.0,3.5,0
flow_201.7,50.0,3.0,0
flow_001.7,121.5,7.0,0
flow_2012.11,49.5,4.0,0
flow_20.11,45.5,2.5,0
flow_001.8,122.5,4.0,0
flow_201.8,46.0,2.5,0
flow_001.9,118.0,3.0,0
flow_201.9,45.0,3.0,0
flow_2012.12,43.0,4.0,0
flow_20.12,41.0,2.5,0
flow_001.10,107.0,7.0,0
flow_201.10,40.0,2.5,0
flow_001.11,103.0,3.5,0
flow_00.6,91.0,3.0,0
flow_201.11,39.0,3.0,0
flow_0012.10,92.5,3.5,0
flow_2012.13,39.0,4.0,0
flow_0012.11,92.0,4.0,0
flow_001.12,88.5,2.5,0
flow_20.13,34.0,6.0,0
flow_301.6,72.5,3.5,0
flow_101.3,58.5,3.5,0
flow_30.2,58.0,3.0,0
flow_301.7,27.0,3.0,0
flow_1012.1,23.5,3.0,0
flow_301.8,27.5,3.0,0
flow_3012.2,25.5,3.0,0
flow_2012.14,80.0,4.5,0
flow_001.13,134.0,7.0,0
flow_201.12,80.5,3.5,0
flow_2012.15,80.0,4.5,0
flow_2012.16,79.0,4.5,0
flow_20.14,75.0,3.0,0
flow_201.13,73.5,2.5,0
flow_001.14,141.0,7.5,0
flow_00.7,100.5,3.0,0
flow_201.14,74.5,3.5,0
flow_001.15,98.5,3.5,0
flow_201.15,73.0,3.5,0
flow_001.16,95.0,3.5,0
flow_201.16,71.5,3.5,0
flow_20.15,67.5,2.5,0
flow_00.8,87.5,2.5,0
flow_001.17,92.5,3.5,0
flow_201.17,67.0,2.5,0
flow_00.9,86.5,2.5,0
flow_2012.17,68.0,6.0,0
flow_2012.18,35.5,4.5,0
flow_301.9,57.0,3.5,0
flow_101.4,65.0,4.0,0
flow_101.5,63.5,3.5,0
flow_10.1,32.5,3.0,0
flow_10.2,30.0,2.5,0
flow_301.10,26.5,3.0,0
flow_301.11,26.0,2.5,0
flow_1012.2,27.0,5.0,0
flow_30.3,22.5,2.0,0
flow_20.16,78.5,4.0,0
flow_001.18,141.0,3.5,0
flow_2012.19,80.0,4.0,0
flow_201.18,78.5,3.0,0
flow_001.19,144.5,7.0,0
flow_2012.20,78.0,4.0,0
flow_20.17,74.5,3.0,0
flow_201.19,73.5,2.5,0
flow_001.20,146.5,3.5,0
flow_00.10,143.5,3.0,0
flow_20.18,71.0,2.5,0
flow_001.21,101.5,2.5,0
flow_201.20,71.5,2.5,0
flow_2012.21,70.0,3.5,0
flow_20.19,66.5,3.0,0
flow_0012.12,96.5,4.0,0
flow_001.22,94.0,3.0,0
flow_20.20,59.5,3.0,0
flow_001.23,92.0,3.5,0
flow_201.21,58.0,2.0,0
flow_001.24,91.5,3.5,0
flow_201.22,34.0,3.5,0
flow_0012.13,92.5,6.0,0
flow_101.6,25.5,2.5,0
flow_30.4,69.5,4.0,0
flow_30.5,64.0,3.5,0
flow_30.6,58.0,3.0,0
flow_3012.3,47.5,3.0,0
flow_30.7,24.0,2.5,0
flow_30.8,21.0,1.5,0
flow_0012.14,137.0,4.5,0
flow_001.25,136.0,3.0,0
flow_201.23,83.5,3.5,0
flow_0012.15,91.0,3.5,0
flow_2012.22,82.5,4.0,0
flow_20.21,81.0,3.0,0
flow_001.26,88.0,3.0,0
flow_201.24,80.5,3.0,0
flow_0012.16,86.0,4.5,0
flow_20.22,79.0,3.5,0
flow_001.27,83.0,2.5,0
flow_001.28,82.5,3.0,0
flow_201.25,81.0,3.5,0
flow_2012.23,78.0,3.5,0
flow_0012.17,81.0,4.0,0
flow_0012.18,79.5,4.0,0
flow_20.23,78.5,6.0,0
flow_0012.19,81.0,7.0,0
flow_0012.20,79.5,4.5,0
flow_001.29,78.5,3.0,0
flow_201.26,86.5,4.0,0
flow_101.7,65.5,3.5,0
flow_3012.4,24.0,3.0,0
flow_20.24,129.0,4.0,0
flow_001.30,86.5,3.5,0
flow_00.11,81.5,3.0,0
flow_20.25,128.5,3.0,0
flow_20.26,127.5,3.0,0
flow_001.31,82.5,3.0,0
flow_20.27,90.5,3.0,0
flow_0012.21,83.5,6.5,0
flow_00.12,80.0,3.5,0
flow_00.13,79.0,3.0,0
flow_201.27,93.5,3.0,0
flow_201.28,92.0,3.0,0
flow_2012.24,90.0,3.5,0
flow_0012.22,81.5,5.0,0
flow_0012.23,80.0,4.5,0
flow_001.32,78.0,3.0,0
flow_201.29,92.5,3.5,0
flow_001.33,76.5,3.5,0
flow_00.14,73.5,2.5,0
flow_201.30,91.0,3.0,0
flow_001.34,71.0,2.5,0
flow_0012.24,33.5,3.0,0
flow_2012.25,92.5,5.5,0
flow_1012.3,60.5,4.5,0
flow_101.8,43.0,3.0,0
flow_301.12,38.5,7.5,0
flow_101.9,27.0,3.0,0
flow_101.10,24.5,2.5,0
flow_101.11,24.5,2.5,0
flow_201.31,138.5,3.5,0
flow_00.15,79.5,4.0,0
flow_0012.25,80.0,4.0,0
flow_20.28,138.0,6.5,0
flow_0012.26,82.0,7.0,0
flow_00.16,77.5,3.5,0
flow_20.29,97.5,8.5,0
flow_201.32,94.5,4.0,0
flow_001.35,78.5,3.0,0
flow_20.30,91.0,3.0,0
flow_20.31,89.0,3.0,0
flow_001.36,77.5,3.0,0
flow_0012.27,77.0,5.5,0
flow_0012.28,77.0,4.5,0
flow_0012.29,75.5,4.0,0
flow_001.37,75.0,3.0,0
flow_201.33,99.0,4.0,0
flow_001.38,73.0,3.5,0
flow_2012.26,99.0,4.5,0
flow_1012.4,38.5,4.5,0
flow_30.9,63.5,6.5,0
flow_101.12,36.5,3.0,0
flow_3012.5,63.5,5.0,0
flow_3012.6,34.5,4.5,0
flow_30.10,31.0,2.5,0
flow_101.13,39.5,4.0,0
flow_301.13,29.0,2.5,0
flow_10.3,21.0,2.0,0
flow_301.14,27.0,3.0,0
flow_301.15,28.5,3.5,0
flow_2012.27,146.0,4.5,0
flow_201.34,144.5,3.0,0
flow_001.39,125.5,7.5,0
flow_00.17,91.0,3.5,0
flow_201.35,143.5,3.0,0
flow_001.40,89.5,2.5,0
flow_2012.28,145.0,5.0,0
flow_2012.29,100.5,4.5,0
flow_20.32,96.0,3.0,0
flow_00.18,92.5,6.0,0
flow_001.41,89.5,3.0,0
flow_201.36,94.0,3.0,0
flow_001.42,90.5,3.5,0
flow_2012.30,95.5,6.0,0
flow_201.37,91.5,3.0,0
flow_001.43,91.0,4.0,0
flow_201.38,88.0,3.0,0
flow_001.44,89.5,3.0,0
flow_201.39,85.0,3.5,0
flow_001.45,88.5,3.0,0
flow_201.40,82.5,3.5,0
flow_0012.30,88.5,4.5,0
flow_101.14,61.0,3.5,0
flow_101.15,24.5,2.5,0
flow_0012.31,133.5,4.5,0
flow_00.19,130.5,3.0,0
flow_20.33,87.5,6.5,0
flow_201.41,84.0,3.0,0
flow_20.34,80.5,3.0,0
flow_001.46,88.5,3.0,0
flow_00.20,82.5,2.5,0
flow_201.42,81.0,2.5,0
flow_00.21,80.0,3.0,0
flow_0012.32,85.0,4.5,0
flow_20.35,81.0,4.5,0
flow_001.47,80.0,3.0,0
flow_201.43,81.0,3.0,0
flow_00.22,77.0,2.5,0
flow_201.44,79.5,3.0,0
flow_001.48,75.5,2.0,0
flow_201.45,78.5,3.5,0
flow_001.49,76.0,3.0,0
flow_2012.31,79.0,5.0,0
flow_201.46,75.5,3.0,0
flow_001.50,77.0,3.5,0
flow_2012.32,76.0,4.5,0
flow_201.47,74.0,3.0,0
flow_001.51,78.5,4.0,0
flow_1012.5,47.0,4.0,0
flow_3012.7,46.0,4.5,0
flow_301.16,30.0,3.5,0
flow_30.11,21.5,2.0,0
flow_1012.6,24.5,3.0,0
flow_0012.33,86.0,4.5,0
flow_2012.33,86.0,4.5,0
flow_0012.34,84.0,4.0,0
flow_00.23,81.5,3.0,0
flow_201.48,87.5,4.0,0
flow_00.24,80.0,3.0,0
flow_201.49,86.5,3.0,0
flow_20.36,82.5,3.0,0
flow_00.25,79.0,3.0,0
flow_001.52,77.5,2.5,0
flow_20.37,81.0,3.0,0
flow_00.26,74.5,2.5,0
flow_001.53,73.0,2.5,0
flow_201.50,81.0,3.0,0
flow_20.38,77.0,2.5,0
flow_00.27,70.0,2.5,0
flow_201.51,79.5,3.0,0
flow_001.54,72.0,3.0,0
flow_2012.34,78.0,3.5,0
flow_201.52,75.0,2.5,0
flow_001.55,74.0,6.0,0
flow_201.53,75.0,3.5,0
flow_20.39,70.5,2.5,0
flow_001.56,72.0,3.5,0
flow_20.40,32.0,2.5,0
flow_001.57,34.5,3.5,0
flow_301.17,35.5,3.5,0
flow_10.4,22.5,2.0,0
flow_1012.7,24.5,3.0,0
flow_3012.8,23.0,2.5,0
flow_2012.35,76.5,4.0,0
flow_0012.35,80.5,4.5,0
flow_00.28,78.5,3.0,0
flow_201.54,76.5,3.0,0
flow_001.58,78.0,3.0,0
flow_2012.36,77.5,5.0,0
flow_201.55,75.0,3.0,0
flow_20.41,71.5,3.0,0
flow_001.59,80.0,3.5,0
flow_00.29,76.5,3.0,0
flow_201.56,71.5,2.5,0
flow_001.60,76.5,2.5,0
flow_201.57,71.5,3.0,0
flow_0012.36,76.5,4.0,0
flow_00.30,72.5,2.5,0
flow_201.58,73.0,4.0,0
flow_20.42,70.0,3.0,0
flow_001.61,73.5,2.5,0
flow_0012.37,73.0,4.5,0
flow_0012.38,72.5,4.5,0
flow_001.62,70.0,3.0,0
flow_201.59,77.0,3.5,0
flow_301.18,73.5,3.5,0
flow_301.19,52.5,3.0,0
flow_1012.8,23.0,2.5,0
flow_3012.9,29.0,4.5,0
flow_301.20,25.0,2.5,0
flow_2012.37,123.5,4.5,0
flow_001.63,88.0,7.0,0
flow_2012.38,125.5,5.0,0
flow_20.43,91.5,3.5,0
flow_001.64,89.0,3.5,0
flow_00.31,86.0,3.0,0
flow_201.60,92.5,3.5,0
flow_20.44,86.0,3.0,0
flow_001.65,85.5,2.5,0
flow_201.61,90.5,3.5,0
flow_001.66,84.5,3.0,0
flow_2012.39,87.5,4.5,0
flow_2012.40,86.5,4.0,0
flow_201.62,83.0,2.5,0
flow_201.63,82.0,3.0,0
flow_001.67,90.0,4.5,0
flow_0012.39,89.0,4.0,0
flow_001.68,87.0,3.0,0
flow_201.64,83.5,4.0,0
flow_001.69,86.5,3.5,0
flow_201.65,81.5,3.0,0
flow_101.16,69.5,3.5,0
flow_301.21,55.5,3.5,0
flow_001.0,24.5,2.5,0
flow_0012.0,23.5,3.0,0
flow_00.0,20.5,2.0,0
flow_201.0,24.0,2.0,0
flow_001.1,25.5,2.5,0
flow_10.0,47.0,4.0,0
flow_301.0,46.5,3.5,0
flow_30.0,45.0,3.0,0
flow_101.0,38.0,3.0,0
flow_1012.0,26.0,3.0,0
flow_10.1,21.0,2.0,0
flow_10.2,22.0,2.0,0
flow_30.1,20.5,1.5,0
flow_10.3,21.5,1.5,0
flow_301.1,24.5,2.0,0
flow_101.1,25.5,2.5,0
flow_00.1,59.0,4.0,0
flow_201.1,71.5,3.5,0
flow_201.2,70.5,3.0,0
flow_001.2,51.0,3.0,0
flow_2012.0,70.0,4.0,0
flow_001.3,49.0,6.5,0
flow_2012.1,73.0,5.0,0
flow_2012.2,57.0,4.5,0
flow_201.3,34.0,3.0,0
flow_001.4,54.0,4.5,0
flow_2012.3,26.5,4.0,0
flow_001.5,56.5,3.5,0
flow_20.0,20.5,1.5,0
flow_001.6,56.0,3.5,0
flow_001.7,55.0,3.5,0
flow_001.8,43.0,3.5,0
flow_00.2,39.5,3.0,0
flow_10.4,67.0,4.0,0
flow_301.2,36.0,4.0,0
flow_3012.0,29.5,3.5,0
flow_30.2,27.0,2.5,0
flow_301.3,26.0,2.5,0
flow_101.2,72.0,4.0,0
flow_1012.1,71.0,4.0,0
flow_10.5,68.0,3.0,0
flow_101.3,67.5,2.5,0
flow_101.4,66.0,2.5,0
flow_101.5,65.0,3.0,0
flow_101.6,64.5,3.0,0
flow_301.4,25.5,2.5,0
flow_1012.2,64.0,5.0,0
flow_30.3,25.5,3.5,0
flow_101.7,41.5,2.5,0
flow_1012.3,54.0,4.5,0
flow_301.5,25.5,3.0,0
flow_101.8,26.0,2.5,0
flow_001.9,86.0,3.5,0
flow_201.4,64.5,3.5,0
flow_20.1,48.0,3.0,0
flow_001.10,79.5,3.5,0
flow_201.5,64.5,3.5,0
flow_001.11,78.0,3.5,0
flow_2012.4,46.5,4.0,0
flow_20.2,26.5,2.5,0
flow_001.12,80.5,7.0,0
flow_201.6,26.0,2.5,0
flow_00.3,75.5,3.5,0
flow_00.4,68.0,3.0,0
flow_001.13,59.0,2.5,0
flow_001.14,53.5,3.5,0
flow_0012.1,38.0,3.0,0
flow_00.5,34.5,2.5,0
flow_001.15,26.0,2.5,0
flow_301.6,74.5,3.5,0
flow_101.9,75.0,3.5,0
flow_3012.1,57.5,4.0,0
flow_101.10,79.0,7.0,0
flow_3012.2,60.5,5.5,0
flow_10.6,78.0,3.5,0
flow_301.7,59.5,3.5,0
flow_3012.3,55.5,4.5,0
flow_301.8,40.0,2.5,0
flow_10.7,80.5,6.0,0
flow_101.11,79.0,3.5,0
flow_10.8,75.5,4.0,0
flow_3012.4,40.5,5.0,0
flow_101.12,73.5,2.5,0
flow_301.9,25.5,2.5,0
flow_1012.4,66.0,4.0,0
flow_10.9,53.0,3.0,0
flow_1012.5,45.0,3.5,0
flow_101.13,43.5,3.0,0
flow_301.10,29.0,6.0,0
flow_2012.5,66.0,4.5,0
flow_20.3,63.0,3.0,0
flow_00.6,68.0,6.5,0
flow_001.16,67.5,3.5,0
flow_2012.6,65.5,4.0,0
flow_00.7,58.5,5.0,0
flow_201.7,53.5,2.5,0
flow_00.8,34.5,3.5,0
flow_2012.7,55.0,5.5,0
flow_201.8,40.5,3.0,0
flow_001.17,38.5,3.0,0
flow_201.9,39.5,3.0,0
flow_20.4,36.0,2.5,0
flow_001.18,38.0,3.0,0
flow_00.9,35.0,2.5,0
flow_0012.2,35.5,3.5,0
flow_00.10,31.0,2.5,0
flow_201.10,27.5,3.0,0
flow_00.11,28.5,3.0,0
flow_001.19,33.0,3.0,0
flow_30.4,60.0,4.0,0
flow_101.14,87.5,3.5,0
flow_10.10,82.5,3.0,0
flow_30.5,52.5,3.0,0
flow_101.15,81.5,3.0,0
flow_3012.5,48.0,5.5,0
flow_301.11,46.0,3.0,0
flow_101.16,81.5,3.5,0
flow_101.17,75.5,3.5,0
flow_101.18,73.5,3.0,0
flow_3012.6,27.5,4.5,0
flow_101.19,76.0,4.0,0
flow_301.12,25.0,2.5,0
flow_101.20,63.5,3.0,0
flow_101.21,63.0,3.5,0
flow_101.22,57.5,3.5,0
flow_301.13,25.5,2.5,0
flow_101.23,51.5,3.5,0
flow_001.20,77.5,3.5,0
flow_201.11,61.0,3.5,0
flow_00.12,75.5,3.0,0
flow_201.12,50.0,3.0,0
flow_00.13,61.5,3.0,0
flow_0012.3,62.0,3.5,0
flow_2012.8,45.0,6.0,0
flow_0012.4,60.5,3.5,0
flow_2012.9,42.5,4.0,0
flow_0012.5,59.0,4.0,0
flow_00.14,54.5,2.5,0
flow_201.13,27.5,3.0,0
flow_00.15,48.0,2.5,0
flow_001.21,46.0,2.5,0
flow_001.22,38.5,3.0,0
flow_00.16,37.0,3.0,0
flow_2012.10,28.5,5.0,0
flow_201.14,24.5,2.5,0
flow_201.15,24.5,2.5,0
flow_2012.11,25.0,3.0,0
flow_30.6,72.0,4.0,0
flow_101.24,98.0,3.5,0
flow_30.7,71.0,3.0,0
flow_101.25,88.0,3.0,0
flow_30.8,70.0,3.0,0
flow_1012.6,88.5,6.0,0
flow_101.26,85.0,3.0,0
flow_301.14,76.0,3.0,0
flow_1012.7,81.5,5.0,0
flow_101.27,77.5,2.5,0
flow_301.15,77.5,3.5,0
flow_101.28,77.0,3.0,0
flow_3012.7,76.5,4.5,0
flow_301.16,47.0,2.5,0
flow_30.9,22.5,2.0,0
flow_101.29,80.0,4.0,0
flow_101.30,80.5,4.0,0
flow_10.11,45.0,3.0,0
flow_101.31,76.0,3.5,0
flow_30.10,22.0,2.0,0
flow_0012.6,71.5,4.5,0
flow_2012.12,70.0,4.5,0
flow_0012.7,71.5,4.0,0
flow_20.5,25.0,3.0,0
flow_001.23,64.0,3.0,0
flow_001.24,63.0,3.0,0
flow_001.25,62.0,3.0,0
flow_001.26,50.5,3.0,0
flow_001.27,46.0,3.0,0
flow_001.28,41.5,3.0,0
flow_0012.8,40.0,4.0,0
flow_00.17,37.5,2.5,0
flow_0012.9,25.0,3.0,0
flow_201.16,29.0,6.0,0
flow_10.12,93.0,4.0,0
flow_301.17,58.5,3.5,0
flow_101.32,88.0,3.0,0
flow_1012.8,85.5,3.5,0
flow_3012.8,60.0,5.0,0
flow_10.13,83.0,2.5,0
flow_101.33,81.5,2.5,0
flow_101.34,81.5,2.5,0
flow_1012.9,80.0,3.5,0
flow_101.35,76.5,2.5,0
flow_1012.10,75.5,3.0,0
flow_10.14,69.0,2.5,0
flow_101.36,69.0,2.5,0
flow_3012.9,29.0,5.5,0
flow_10.15,68.5,3.0,0
flow_1012.11,31.0,3.5,0
flow_101.37,30.0,3.0,0
flow_2012.13,43.5,4.5,0
flow_201.17,39.0,3.0,0
flow_001.29,77.0,7.5,0
flow_201.18,38.0,3.0,0
flow_0012.10,78.0,5.0,0
flow_001.30,75.5,3.0,0
flow_00.18,73.0,2.5,0
flow_0012.11,73.0,3.5,0
flow_2012.14,26.0,4.0,0
flow_001.31,75.0,3.5,0
flow_001.32,51.0,3.5,0
flow_201.19,25.0,2.5,0
flow_001.33,33.5,3.5,0
flow_20.6,22.0,2.0,0
flow_00.19,21.5,1.5,0
flow_201.20,26.0,2.5,0
flow_20.7,22.5,2.0,0
flow_30.11,59.0,4.0,0
flow_101.38,75.5,3.5,0
flow_3012.10,60.0,4.0,0
flow_30.12,56.0,3.0,0
flow_10.16,77.0,6.0,0
flow_1012.12,76.0,5.5,0
flow_3012.11,57.0,3.0,0
flow_10.17,73.5,3.5,0
flow_301.18,47.0,3.0,0
flow_10.18,73.0,3.0,0
flow_101.39,72.0,2.5,0
flow_301.19,25.5,2.5,0
flow_101.40,71.0,2.5,0
flow_1012.13,69.5,3.5,0
flow_1012.14,68.5,4.0,0
flow_101.41,67.0,3.0,0
flow_101.42,66.0,3.5,0
flow_10.19,62.5,3.0,0
flow_10.20,32.0,2.5,0
flow_301.20,26.0,3.0,0
flow_001.34,65.5,3.5,0
flow_201.21,58.5,3.5,0
flow_201.22,56.5,3.0,0
flow_001.35,66.0,3.0,0
flow_201.23,53.0,3.0,0
flow_001.36,65.5,3.5,0
flow_0012.12,63.5,3.5,0
flow_2012.15,42.5,4.0,0
flow_0012.13,63.0,4.0,0
flow_0012.14,61.0,4.0,0
flow_0012.15,50.0,4.0,0
flow_201.24,47.5,7.0,0
flow_0012.16,47.0,5.5,0
flow_20.8,46.5,3.5,0
flow_001.37,35.0,3.0,0
flow_001.38,30.5,3.5,0
flow_201.25,46.5,3.0,0
flow_20.9,43.0,2.5,0
flow_001.39,25.5,2.5,0
flow_2012.16,43.0,4.5,0
flow_00.20,26.0,3.0,0
flow_201.26,40.5,3.0,0
flow_10.21,77.5,4.0,0
flow_30.13,71.0,4.0,0
flow_101.43,78.0,3.0,0
flow_3012.12,74.5,5.0,0
flow_30.14,71.0,3.5,0
flow_101.44,79.5,3.5,0
flow_3012.13,67.5,4.5,0
flow_10.22,79.5,4.5,0
flow_301.21,63.5,3.0,0
flow_30.15,50.0,2.5,0
flow_10.23,78.5,3.5,0
flow_101.45,76.5,3.0,0
flow_301.22,36.0,2.5,0
flow_1012.15,74.5,3.0,0
flow_3012.14,33.5,3.5,0
flow_3012.15,32.0,3.5,0
flow_101.46,78.0,5.5,0
flow_10.24,72.5,3.0,0
flow_101.47,77.5,3.5,0
flow_1012.16,74.5,4.0,0
flow_201.27,86.0,3.5,0
flow_0012.17,63.5,6.0,0
flow_20.10,86.5,3.5,0
flow_001.40,61.0,3.0,0
flow_0012.18,54.0,4.0,0
flow_20.11,83.5,6.0,0
flow_00.21,52.0,3.0,0
flow_2012.17,77.0,5.5,0
flow_00.22,44.0,6.0,0
flow_2012.18,79.5,7.0,0
flow_00.23,45.5,8.0,0
flow_2012.19,44.0,7.0,0
flow_00.24,47.5,8.5,0
flow_201.28,24.0,2.0,0
flow_001.41,44.5,3.5,0
flow_00.25,41.5,3.0,0
flow_0012.19,43.0,4.0,0
flow_30.16,72.5,4.0,0
flow_101.48,120.5,3.5,0
flow_30.17,72.0,3.5,0
flow_1012.17,91.5,4.5,0
flow_10.25,86.5,3.0,0
flow_301.23,76.5,3.0,0
flow_10.26,83.5,3.0,0
flow_301.24,71.5,3.0,0
flow_101.49,89.0,3.5,0
flow_10.27,82.0,3.0,0
flow_301.25,60.0,3.5,0
flow_1012.18,82.0,3.5,0
flow_10.28,78.5,2.5,0
flow_1012.19,77.5,3.0,0
flow_3012.16,26.5,3.5,0
flow_101.50,81.5,4.5,0
flow_1012.20,79.5,3.5,0
flow_1012.21,77.5,3.5,0
flow_301.26,29.5,6.0,0
flow_201.29,72.0,3.5,0
flow_0012.20,78.0,6.5,0
flow_2012.20,73.0,4.0,0
flow_201.30,69.5,3.5,0
flow_001.42,64.0,3.5,0
flow_201.31,65.5,3.5,0
flow_2012.21,55.5,3.5,0
flow_0012.21,62.0,4.5,0
flow_0012.22,56.5,4.5,0
flow_001.43,45.0,3.0,0
flow_201.32,28.5,3.0,0
flow_0012.23,45.5,4.0,0
flow_001.44,28.0,3.0,0
flow_00.26,23.0,2.0,0
flow_20.12,21.0,1.5,0
flow_001.45,28.5,3.5,0
flow_101.51,85.5,3.5,0
flow_301.27,73.5,3.5,0
flow_101.52,82.0,3.0,0
flow_101.53,81.5,3.0,0
flow_1012.22,79.0,3.5,0
flow_3012.17,26.0,4.0,0
flow_101.54,78.5,3.0,0
flow_301.28,26.0,3.0,0
flow_1012.23,78.0,4.0,0
flow_10.29,73.5,3.0,0
flow_10.30,72.0,3.0,0
flow_30.18,22.0,2.5,0
flow_1012.24,72.5,3.5,0
flow_10.31,68.5,2.5,0
flow_101.55,67.5,2.5,0
flow_101.56,67.5,3.0,0
flow_101.57,31.5,3.0,0
flow_1012.25,27.5,3.0,0
flow_0012.24,74.0,4.5,0
flow_2012.22,54.0,4.5,0
flow_00.27,70.0,3.0,0
flow_20.13,47.0,3.0,0
flow_0012.25,70.0,3.5,0
flow_2012.23,48.0,3.5,0
flow_2012.24,45.5,4.0,0
flow_20.14,43.0,3.0,0
flow_001.46,74.0,4.0,0
flow_201.33,27.0,3.0,0
flow_001.47,73.0,3.0,0
flow_0012.26,65.0,4.0,0
flow_001.48,62.5,3.0,0
flow_00.28,59.0,2.5,0
flow_00.29,55.5,2.5,0
flow_0012.27,60.5,3.5,0
flow_001.49,55.5,2.5,0
flow_2012.25,28.5,5.5,0
flow_201.34,25.5,2.5,0
flow_30.19,52.5,4.0,0
flow_101.58,76.5,3.5,0
flow_3012.18,30.5,4.0,0
flow_10.32,75.5,5.5,0
flow_3012.19,32.0,6.5,0
flow_30.20,28.5,3.5,0
flow_10.33,78.0,6.5,0
flow_1012.26,77.5,4.5,0
flow_10.34,75.0,3.0,0
flow_301.29,33.5,3.5,0
flow_101.59,75.5,3.0,0
flow_101.60,74.0,3.0,0
flow_1012.27,73.0,3.5,0
flow_3012.20,26.0,4.0,0
flow_101.61,71.5,3.0,0
flow_301.30,26.0,3.0,0
flow_1012.28,71.0,4.5,0
flow_101.62,68.5,2.5,0
flow_101.63,66.5,3.0,0
flow_0012.28,76.0,5.0,0
flow_20.15,67.5,6.0,0
flow_0012.29,76.5,5.5,0
flow_001.50,74.5,3.0,0
flow_201.35,41.0,3.5,0
flow_001.51,76.0,3.5,0
flow_201.36,40.0,3.0,0
flow_20.16,36.5,3.0,0
flow_001.52,74.5,3.5,0
flow_20.17,29.5,3.0,0
flow_001.53,72.5,3.5,0
flow_201.37,24.5,2.5,0
flow_001.54,68.0,3.5,0
flow_001.55,66.0,3.5,0
flow_0012.30,64.5,3.5,0
flow_0012.31,45.5,4.0,0
flow_0012.32,39.5,4.5,0
flow_2012.26,24.5,3.0,0
flow_00.30,37.0,4.5,0
flow_001.56,34.5,3.0,0
flow_30.21,52.5,4.0,0
flow_101.64,84.5,3.5,0
flow_301.31,52.5,3.0,0
flow_1012.29,85.0,4.5,0
flow_1012.30,82.0,4.5,0
flow_30.22,54.5,4.5,0
flow_101.65,80.0,3.0,0
flow_301.32,50.5,3.0,0
flow_101.66,80.5,3.5,0
flow_10.35,76.0,3.0,0
flow_301.33,49.0,3.0,0
flow_101.67,76.0,3.0,0
flow_301.34,47.0,3.5,0
flow_10.36,72.5,2.5,0
flow_30.23,45.0,3.0,0
flow_30.24,41.0,2.5,0
flow_101.68,72.5,2.5,0
flow_30.25,36.0,2.5,0
flow_30.26,34.0,2.5,0
flow_10.37,69.0,2.5,0
flow_101.69,75.0,4.0,0
flow_1012.31,68.5,3.0,0
flow_3012.21,33.5,6.0,0
flow_30.27,30.5,3.5,0
flow_101.70,34.0,3.0,0
flow_0012.33,75.5,4.5,0
flow_20.18,66.0,6.5,0
flow_0012.34,76.5,5.5,0
flow_00.31,73.5,3.5,0
flow_20.19,68.5,8.0,0
flow_20.20,64.0,4.5,0
flow_001.57,74.0,3.0,0
flow_201.38,58.5,3.0,0
flow_001.58,74.5,3.5,0
flow_2012.27,60.0,4.5,0
flow_00.32,72.5,5.0,0
flow_201.39,44.5,3.0,0
flow_0012.35,72.0,4.0,0
flow_00.33,69.0,3.0,0
flow_201.40,46.5,4.0,0
flow_001.59,68.5,3.0,0
flow_201.41,46.0,3.0,0
flow_0012.36,69.5,4.5,0
flow_001.60,67.0,3.0,0
flow_201.42,48.0,4.0,0
flow_001.61,63.5,3.0,0
flow_2012.28,47.5,4.5,0
flow_301.35,68.0,3.5,0
flow_1012.32,82.0,6.5,0
flow_101.71,79.0,3.0,0
flow_30.28,53.0,3.5,0
flow_1012.33,79.0,4.0,0
flow_30.29,55.0,6.0,0
flow_1012.34,82.0,7.0,0
flow_30.30,31.5,8.0,0
flow_3012.22,30.5,6.0,0
flow_1012.35,82.5,7.5,0
flow_3012.23,29.5,4.0,0
flow_1012.36,82.5,5.0,0
flow_30.31,28.0,3.5,0
flow_101.72,81.0,3.0,0
flow_101.73,80.0,3.0,0
flow_3012.24,27.0,4.0,0
flow_10.38,79.0,5.5,0
flow_101.74,77.5,3.0,0
flow_00.34,84.0,4.0,0
flow_201.43,93.0,3.5,0
flow_0012.37,83.0,4.0,0
flow_20.21,84.0,6.0,0
flow_0012.38,84.0,6.5,0
flow_20.22,80.5,7.5,0
flow_001.62,82.5,3.0,0
flow_20.23,55.5,4.5,0
flow_201.44,32.5,3.0,0
flow_0012.39,86.5,4.5,0
flow_001.63,83.5,2.5,0
flow_20.24,30.0,4.0,0
flow_001.64,83.5,3.0,0
flow_0012.40,81.0,3.0,0
flow_0012.41,79.5,3.5,0
flow_0012.42,78.0,3.5,0
flow_001.65,75.0,3.0,0
flow_001.0,24.5,2.5,0
flow_30.0,54.5,4.0,0
flow_1012.0,57.0,7.5,0
flow_10.0,42.0,3.5,0
flow_301.0,51.0,3.5,0
flow_10.1,34.5,3.5,0
flow_301.1,50.5,3.5,0
flow_1012.1,34.0,5.0,0
flow_10.2,28.0,3.0,0
flow_301.2,52.0,4.0,0
flow_301.3,47.0,3.5,0
flow_1012.2,27.0,4.5,0
flow_101.0,25.0,2.5,0
flow_301.4,42.5,4.0,0
flow_30.1,35.0,3.0,0
flow_30.2,33.5,3.0,0
flow_1012.3,29.0,5.5,0
flow_101.1,26.0,2.5,0
flow_00.0,24.5,3.0,0
flow_20.0,68.0,4.0,0
flow_201.0,25.5,2.5,0
flow_201.1,25.5,2.5,0
flow_201.2,25.5,2.5,0
flow_20.1,21.5,2.0,0
flow_10.3,65.0,4.0,0
flow_301.5,87.0,3.5,0
flow_301.6,86.0,3.0,0
flow_101.2,61.0,3.0,0
flow_3012.0,86.0,4.0,0
flow_30.3,82.0,2.5,0
flow_101.3,64.5,7.0,0
flow_3012.1,81.0,4.5,0
flow_301.7,65.0,2.5,0
flow_101.4,65.5,4.0,0
flow_301.8,64.0,2.5,0
flow_10.4,60.0,3.0,0
flow_30.4,61.5,2.5,0
flow_101.5,59.5,2.5,0
flow_301.9,62.0,3.0,0
flow_10.5,57.0,2.5,0
flow_301.10,55.5,3.0,0
flow_30.5,45.5,2.5,0
flow_101.6,56.5,2.5,0
flow_3012.2,45.0,3.0,0
flow_1012.4,50.5,3.5,0
flow_3012.3,31.0,3.5,0
flow_30.6,26.0,2.5,0
flow_101.7,52.0,5.5,0
flow_00.1,40.0,4.0,0
flow_201.3,71.5,3.5,0
flow_201.4,66.5,3.0,0
flow_001.1,25.5,2.5,0
flow_201.5,49.5,3.5,0
flow_201.6,44.0,3.5,0
flow_001.2,25.5,2.5,0
flow_2012.0,36.5,4.0,0
flow_2012.1,36.5,4.5,0
flow_0012.0,24.5,3.0,0
flow_3012.4,76.0,4.5,0
flow_101.8,97.5,4.0,0
flow_1012.5,92.0,3.5,0
flow_3012.5,78.5,5.5,0
flow_3012.6,76.5,4.5,0
flow_1012.6,91.5,3.5,0
flow_101.9,89.5,3.0,0
flow_301.11,77.5,6.0,0
flow_101.10,88.0,3.0,0
flow_3012.7,78.0,4.5,0
flow_301.12,70.0,3.5,0
flow_101.11,89.5,3.5,0
flow_301.13,68.5,3.5,0
flow_101.12,88.5,3.0,0
flow_301.14,67.5,3.0,0
flow_1012.7,88.0,4.5,0
flow_101.13,85.0,3.0,0
flow_301.15,69.0,3.5,0
flow_30.7,67.0,3.0,0
flow_101.14,84.5,3.0,0
flow_101.15,83.5,3.5,0
flow_301.16,66.0,3.0,0
flow_0012.1,40.0,4.5,0
flow_20.2,69.5,6.5,0
flow_2012.2,33.0,4.0,0
flow_0012.2,24.5,3.0,0
flow_201.7,25.5,2.5,0
flow_001.3,26.0,3.0,0
flow_30.8,110.0,4.0,0
flow_10.6,122.5,4.0,0
flow_301.17,88.5,3.0,0
flow_101.16,87.0,3.5,0
flow_301.18,86.0,3.0,0
flow_1012.8,86.0,6.0,0
flow_101.17,83.5,3.0,0
flow_301.19,87.0,3.5,0
flow_101.18,83.0,3.5,0
flow_301.20,86.0,3.0,0
flow_101.19,82.0,3.5,0
flow_3012.8,86.0,5.0,0
flow_10.7,80.5,4.0,0
flow_301.21,83.0,3.0,0
flow_1012.9,80.0,3.5,0
flow_3012.9,73.0,4.0,0
flow_1012.10,78.5,4.0,0
flow_1012.11,77.5,4.0,0
flow_101.20,75.5,3.0,0
flow_10.8,72.0,3.0,0
flow_301.22,68.0,4.0,0
flow_30.9,51.0,3.0,0
flow_1012.12,36.5,5.5,0
flow_00.2,68.5,4.0,0
flow_201.8,49.5,3.5,0
flow_0012.3,23.5,3.0,0
flow_201.9,26.0,3.0,0
flow_001.4,25.5,2.5,0
flow_10.9,79.0,4.0,0
flow_301.23,97.5,3.5,0
flow_1012.13,78.0,3.5,0
flow_30.10,99.5,6.0,0
flow_101.21,77.5,3.0,0
flow_10.10,69.0,2.5,0
flow_301.24,93.5,3.5,0
flow_301.25,84.5,3.5,0
flow_101.22,63.0,3.0,0
flow_10.11,59.0,2.5,0
flow_301.26,83.0,3.5,0
flow_10.12,57.5,2.5,0
flow_301.27,76.0,3.5,0
flow_1012.14,59.0,3.5,0
flow_301.28,78.0,6.5,0
flow_101.23,35.0,3.5,0
flow_1012.15,32.5,3.5,0
flow_301.29,76.5,6.0,0
flow_1012.16,35.5,5.0,0
flow_101.24,27.0,2.5,0
flow_301.30,78.0,4.5,0
flow_301.31,77.0,3.5,0
flow_0012.4,31.5,4.0,0
flow_2012.3,74.5,4.5,0
flow_201.10,56.0,3.0,0
flow_201.11,29.5,2.5,0
flow_0012.5,27.0,5.0,0
flow_001.5,24.5,2.5,0
flow_001.6,25.5,2.5,0
flow_201.12,26.5,3.0,0
flow_3012.10,119.5,4.0,0
flow_10.13,70.5,6.5,0
flow_301.32,117.5,3.0,0
flow_1012.17,71.5,5.0,0
flow_101.25,63.0,3.0,0
flow_10.14,53.5,2.5,0
flow_301.33,94.5,3.5,0
flow_10.15,52.0,2.5,0
flow_301.34,92.0,3.5,0
flow_3012.11,91.0,4.0,0
flow_301.35,88.5,2.5,0
flow_10.16,50.0,5.5,0
flow_10.17,47.0,4.0,0
flow_1012.18,44.5,3.5,0
flow_3012.12,91.5,4.5,0
flow_1012.19,44.5,3.5,0
flow_101.26,40.0,2.5,0
flow_10.18,36.5,2.5,0
flow_301.36,78.0,3.5,0
flow_30.11,76.0,3.0,0
flow_30.12,60.5,3.0,0
flow_3012.13,59.5,3.0,0
flow_1012.20,29.0,7.0,0
flow_2012.4,71.5,4.0,0
flow_00.3,74.5,6.5,0
flow_2012.5,71.5,5.5,0
flow_2012.6,69.5,4.0,0
flow_2012.7,49.0,4.0,0
flow_00.4,28.5,6.0,0
flow_2012.8,24.5,3.0,0
flow_10.19,74.0,4.0,0
flow_301.37,92.0,3.5,0
flow_10.20,70.5,3.0,0
flow_3012.14,90.0,6.0,0
flow_301.38,80.5,3.0,0
flow_101.27,75.5,3.0,0
flow_3012.15,81.5,4.5,0
flow_30.13,77.0,3.0,0
flow_10.21,75.0,3.0,0
flow_3012.16,74.0,4.0,0
flow_30.14,68.0,3.0,0
flow_101.28,79.0,4.0,0
flow_301.39,67.5,2.5,0
flow_10.22,76.5,3.5,0
flow_301.40,67.5,3.0,0
flow_1012.21,77.0,4.5,0
flow_3012.17,64.5,3.5,0
flow_1012.22,68.0,4.0,0
flow_3012.18,63.0,4.0,0
flow_10.23,60.5,3.0,0
flow_301.41,63.5,3.5,0
flow_1012.23,64.5,4.5,0
flow_001.7,47.5,3.5,0
flow_201.13,43.0,3.5,0
flow_001.8,44.0,3.0,0
flow_201.14,41.5,3.0,0
flow_201.15,33.0,3.5,0
flow_0012.6,45.5,6.5,0
flow_201.16,25.5,2.5,0
flow_301.42,84.5,3.5,0
flow_101.29,108.0,3.5,0
flow_10.24,104.5,3.0,0
flow_30.15,80.0,3.0,0
flow_101.30,93.0,3.5,0
flow_3012.19,85.0,6.0,0
flow_3012.20,83.5,5.0,0
flow_301.43,79.0,3.0,0
flow_101.31,94.0,4.0,0
flow_10.25,88.5,3.0,0
flow_301.44,79.0,3.0,0
flow_30.16,75.0,2.5,0
flow_3012.21,75.0,3.5,0
flow_1012.24,89.0,3.5,0
flow_30.17,73.5,3.0,0
flow_101.32,87.0,3.0,0
flow_301.45,65.0,2.5,0
flow_101.33,87.0,3.5,0
flow_301.46,64.0,3.0,0
flow_1012.25,86.5,4.5,0
flow_3012.22,63.5,4.0,0
flow_30.18,33.0,4.0,0
flow_1012.26,81.0,4.5,0
flow_101.34,77.5,3.0,0
flow_201.17,74.5,3.5,0
flow_001.9,68.5,4.0,0
flow_00.5,61.0,3.0,0
flow_201.18,69.5,3.0,0
flow_00.6,60.0,3.0,0
flow_20.3,63.5,3.0,0
flow_201.19,25.5,2.5,0
flow_0012.7,25.5,3.5,0
flow_00.7,21.0,1.5,0
flow_30.19,79.0,4.0,0
flow_101.35,117.0,3.5,0
flow_301.47,79.0,3.0,0
flow_10.26,86.0,3.5,0
flow_1012.27,93.0,5.5,0
flow_10.27,83.5,3.0,0
flow_301.48,81.5,4.0,0
flow_301.49,80.5,3.5,0
flow_10.28,79.5,3.5,0
flow_1012.28,84.5,5.0,0
flow_30.20,79.0,4.0,0
flow_10.29,78.0,3.0,0
flow_301.50,78.0,3.0,0
flow_10.30,74.5,3.0,0
flow_1012.29,79.5,4.0,0
flow_301.51,81.5,6.5,0
flow_101.36,74.5,2.5,0
flow_301.52,81.0,3.5,0
flow_101.37,74.5,3.0,0
flow_301.53,79.0,3.0,0
flow_101.38,73.0,3.5,0
flow_10.31,32.0,3.0,0
flow_301.54,78.5,3.0,0
flow_301.55,59.0,3.5,0
flow_2012.9,57.0,4.5,0
flow_00.8,20.5,2.0,0
flow_20.4,20.0,1.5,0
flow_201.20,24.5,2.5,0
flow_10.32,77.5,4.0,0
flow_30.21,103.0,4.0,0
flow_301.56,88.0,3.0,0
flow_1012.30,81.0,5.0,0
flow_101.39,79.5,3.0,0
flow_301.57,88.0,3.5,0
flow_101.40,79.0,3.5,0
flow_1012.31,76.0,4.0,0
flow_3012.23,89.5,5.0,0
flow_301.58,86.5,3.0,0
flow_10.33,71.5,2.5,0
flow_101.41,76.5,3.5,0
flow_301.59,85.5,3.0,0
flow_1012.32,72.5,3.5,0
flow_30.22,85.0,5.5,0
flow_101.42,72.0,3.0,0
flow_301.60,84.0,3.0,0
flow_101.43,70.5,3.5,0
flow_301.61,82.0,3.0,0
flow_101.44,69.5,3.5,0
flow_3012.24,83.0,5.0,0
flow_301.62,80.0,2.5,0
flow_101.45,71.5,4.0,0
flow_301.63,78.0,3.0,0
flow_2012.10,72.5,4.5,0
flow_2012.11,24.0,3.0,0
flow_00.9,21.5,2.0,0
flow_0012.8,26.5,3.5,0
flow_20.5,24.5,4.5,0
flow_201.21,25.0,2.5,0
flow_30.23,83.5,4.0,0
flow_101.46,84.5,3.5,0
flow_3012.25,82.5,4.0,0
flow_10.34,85.0,6.0,0
flow_301.64,80.0,3.0,0
flow_1012.33,84.0,5.0,0
flow_10.35,80.5,3.5,0
flow_30.24,80.0,3.0,0
flow_30.25,78.5,3.0,0
flow_101.47,80.0,2.5,0
flow_1012.34,79.0,3.5,0
flow_3012.26,78.0,3.5,0
flow_301.65,77.0,2.5,0
flow_101.48,79.0,3.5,0
flow_301.66,76.0,3.0,0
flow_101.49,78.0,3.0,0
flow_1012.35,76.0,3.5,0
flow_10.36,72.0,3.0,0
flow_301.67,78.5,6.5,0
flow_10.37,72.5,3.0,0
flow_101.50,70.0,2.5,0
flow_301.68,77.0,3.5,0
flow_301.69,76.0,3.0,0
flow_101.51,33.0,3.0,0
flow_30.26,72.0,3.0,0
flow_2012.12,76.0,4.5,0
flow_201.22,63.5,3.0,0
flow_20.6,30.5,3.0,0
flow_0012.9,24.5,3.0,0
flow_2012.13,25.5,3.5,0
flow_00.10,21.0,1.5,0
flow_2012.14,24.0,3.0,0
flow_0012.10,25.0,3.5,0
flow_30.27,84.0,4.0,0
flow_101.52,79.0,3.5,0
flow_30.28,81.5,3.0,0
flow_101.53,78.5,3.0,0
flow_301.70,81.0,3.0,0
flow_101.54,77.5,3.0,0
flow_10.38,74.5,2.5,0
flow_301.71,80.5,3.0,0
flow_30.29,76.0,2.5,0
flow_101.55,74.0,2.5,0
flow_10.39,72.5,2.5,0
flow_301.72,77.5,3.0,0
flow_101.56,70.0,2.5,0
flow_301.73,76.5,3.0,0
flow_101.57,69.5,3.0,0
flow_301.74,75.0,3.0,0
flow_1012.36,69.5,4.0,0
flow_10.40,65.5,2.5,0
flow_3012.27,73.5,4.0,0
flow_30.30,69.5,2.5,0
flow_10.41,66.0,3.0,0
flow_301.75,70.5,3.0,0
flow_101.58,64.5,3.0,0
flow_301.76,68.5,3.0,0
flow_101.59,31.5,3.0,0
flow_10.42,26.5,2.5,0
flow_301.77,32.5,3.5,0
flow_301.78,30.5,3.5,0
flow_201.23,51.5,3.5,0
flow_201.24,36.0,3.0,0
flow_00.11,22.0,2.0,0
flow_2012.15,37.0,5.0,0
flow_2012.16,35.5,4.5,0
flow_2012.17,29.5,4.0,0
flow_001.10,28.0,3.5,0
flow_2012.18,27.5,5.0,0
flow_10.43,74.5,4.0,0
flow_301.79,75.0,3.5,0
flow_101.60,76.0,3.5,0
flow_1012.37,73.5,3.5,0
flow_3012.28,78.5,5.0,0
flow_101.61,73.5,3.0,0
flow_301.80,77.5,3.5,0
flow_30.31,75.0,3.0,0
flow_101.62,74.0,3.5,0
flow_101.63,71.5,3.5,0
flow_3012.29,78.5,6.0,0
flow_301.81,74.5,3.0,0
flow_101.64,73.5,4.0,0
flow_301.82,74.0,3.0,0
flow_101.65,72.5,3.5,0
flow_301.83,72.5,2.5,0
flow_101.66,71.0,3.5,0
flow_301.84,71.0,3.0,0
flow_101.67,70.0,3.5,0
flow_1012.38,67.0,3.5,0
flow_3012.30,73.0,5.5,0
flow_3012.31,71.0,4.5,0
flow_10.44,67.0,4.0,0
flow_301.85,67.5,3.0,0
flow_2012.19,72.5,4.0,0
flow_201.25,23.5,2.0,0
flow_201.26,25.5,2.5,0
flow_001.0,24.5,2.5,0
flow_3012.0,52.0,4.5,0
flow_1012.0,47.0,4.5,0
flow_10.0,44.5,3.0,0
flow_30.0,33.5,3.0,0
flow_1012.1,37.0,3.5,0
flow_10.1,31.0,3.0,0
flow_30.1,25.5,4.0,0
flow_10.2,27.5,2.5,0
flow_101.0,26.5,3.0,0
flow_301.0,26.0,3.0,0
flow_101.1,27.0,3.0,0
flow_101.2,26.0,2.5,0
flow_10.3,22.5,2.0,0
flow_301.1,26.0,3.0,0
flow_10.4,21.5,2.0,0
flow_201.0,56.0,3.5,0
flow_0012.0,72.0,6.0,0
flow_2012.0,31.0,4.0,0
flow_201.1,29.0,3.0,0
flow_001.1,67.0,4.0,0
flow_201.2,28.0,3.5,0
flow_0012.1,67.5,4.5,0
flow_001.2,65.0,3.0,0
flow_0012.2,64.0,3.5,0
flow_001.3,58.5,2.5,0
flow_001.4,59.0,3.0,0
flow_001.5,56.5,3.0,0
flow_0012.3,56.0,4.0,0
flow_001.6,50.0,3.0,0
flow_0012.4,44.0,4.0,0
flow_00.0,23.0,2.0,0
flow_101.3,57.5,3.5,0
flow_10.5,56.0,3.0,0
flow_101.4,55.0,3.0,0
flow_1012.2,54.0,3.5,0
flow_30.2,23.0,2.5,0
flow_101.5,53.5,2.5,0
flow_1012.3,48.0,3.5,0
flow_10.6,37.5,2.5,0
flow_101.6,38.0,2.5,0
flow_1012.4,37.5,3.5,0
flow_101.7,36.5,3.0,0
flow_10.7,22.5,2.0,0
flow_101.8,27.0,3.0,0
flow_001.7,53.5,3.5,0
flow_201.3,71.5,3.5,0
flow_201.4,60.5,3.0,0
flow_001.8,49.5,3.0,0
flow_201.5,60.0,3.0,0
flow_001.9,39.5,3.0,0
flow_201.6,43.0,3.0,0
flow_001.10,36.0,3.0,0
flow_201.7,42.0,3.0,0
flow_001.11,36.5,3.5,0
flow_001.12,27.0,3.0,0
flow_00.1,20.0,1.5,0
flow_1012.5,71.5,4.0,0
flow_10.8,70.0,3.0,0
flow_301.2,50.0,7.5,0
flow_101.9,71.0,3.0,0
flow_301.3,28.5,3.5,0
flow_101.10,58.0,3.0,0
flow_101.11,40.0,3.0,0
flow_1012.6,37.5,3.5,0
flow_101.12,36.5,2.5,0
flow_1012.7,34.5,3.0,0
flow_30.3,23.0,2.5,0
flow_10.9,31.0,2.5,0
flow_101.13,31.5,2.5,0
flow_101.14,29.5,3.0,0
flow_30.4,21.0,1.5,0
flow_101.15,28.5,3.0,0
flow_10.10,24.5,2.5,0
flow_001.13,63.0,3.5,0
flow_201.8,46.5,3.5,0
flow_001.14,63.5,3.0,0
flow_001.15,56.5,3.0,0
flow_00.2,53.5,2.5,0
flow_0012.5,45.0,3.5,0
flow_00.3,39.5,2.5,0
flow_001.16,40.5,2.5,0
flow_00.4,36.5,2.5,0
flow_001.17,36.0,2.0,0
flow_201.9,25.0,2.5,0
flow_0012.6,35.5,3.5,0
flow_0012.7,36.0,4.0,0
flow_001.18,33.0,3.0,0
flow_201.10,32.5,4.5,0
flow_001.19,31.5,3.5,0
flow_201.11,27.5,3.0,0
flow_001.20,29.5,3.5,0
flow_10.11,63.0,4.0,0
flow_10.12,54.5,3.0,0
flow_101.16,51.5,3.0,0
flow_101.17,49.5,2.5,0
flow_1012.8,48.0,3.5,0
flow_1012.9,41.0,4.0,0
flow_1012.10,33.0,3.5,0
flow_101.18,31.5,3.0,0
flow_10.13,22.0,2.0,0
flow_1012.11,25.0,3.5,0
flow_201.12,73.0,3.5,0
flow_001.21,72.5,3.5,0
flow_00.5,61.5,3.0,0
flow_201.13,57.5,3.0,0
flow_001.22,46.5,2.5,0
flow_201.14,56.0,3.0,0
flow_001.23,46.0,2.5,0
flow_0012.8,44.0,3.5,0
flow_2012.1,45.5,5.5,0
flow_0012.9,43.0,3.5,0
flow_0012.10,42.5,4.0,0
flow_001.24,40.5,3.0,0
flow_201.15,43.5,7.0,0
flow_00.6,20.5,1.5,0
flow_201.16,30.0,3.5,0
flow_2012.2,28.5,4.5,0
flow_001.25,25.5,3.0,0
flow_201.17,26.0,3.0,0
flow_001.26,25.0,2.5,0
flow_3012.1,42.0,4.0,0
flow_30.5,38.0,3.0,0
flow_101.19,74.0,7.0,0
flow_30.6,33.0,3.0,0
flow_101.20,64.5,3.0,0
flow_30.7,31.5,2.5,0
flow_101.21,64.5,3.0,0
flow_301.4,27.5,3.0,0
flow_10.14,61.5,3.5,0
flow_1012.12,66.5,6.0,0
flow_101.22,49.0,2.5,0
flow_10.15,41.5,2.5,0
flow_1012.13,23.5,2.5,0
flow_30.8,20.0,1.5,0
flow_101.23,24.0,2.0,0
flow_301.5,25.5,2.5,0
flow_001.27,76.0,4.0,0
flow_201.18,76.0,4.0,0
flow_2012.3,57.0,4.0,0
flow_201.19,49.5,2.5,0
flow_001.28,70.5,7.0,0
flow_0012.11,68.5,3.5,0
flow_0012.12,68.0,3.5,0
flow_00.7,64.5,2.5,0
flow_00.8,46.0,2.5,0
flow_201.20,32.0,4.0,0
flow_0012.13,47.0,3.5,0
flow_001.29,47.0,3.0,0
flow_001.30,37.0,3.5,0
flow_00.9,33.5,3.0,0
flow_0012.14,33.0,3.5,0
flow_001.31,32.0,2.5,0
flow_001.32,26.5,3.0,0
flow_1012.14,73.0,4.5,0
flow_101.24,71.5,3.0,0
flow_101.25,70.5,3.0,0
flow_101.26,69.5,3.0,0
flow_10.16,66.5,2.5,0
flow_101.27,67.0,3.0,0
flow_1012.15,65.0,3.5,0
flow_101.28,64.0,3.0,0
flow_101.29,59.5,3.0,0
flow_1012.16,56.0,3.0,0
flow_101.30,56.0,2.5,0
flow_10.17,28.5,2.5,0
flow_101.31,55.5,3.5,0
flow_10.18,26.0,2.5,0
flow_10.19,24.5,2.0,0
flow_201.21,69.5,3.5,0
flow_001.33,67.0,3.5,0
flow_2012.4,69.0,3.5,0
flow_001.34,70.5,6.5,0
flow_2012.5,43.0,5.0,0
flow_20.0,38.0,3.5,0
flow_001.35,72.5,4.0,0
flow_001.36,73.0,3.5,0
flow_001.37,71.5,3.5,0
flow_0012.15,68.0,3.0,0
flow_001.38,67.5,3.0,0
flow_001.39,66.5,3.0,0
flow_001.40,59.0,3.0,0
flow_00.10,40.5,2.5,0
flow_00.11,38.0,2.5,0
flow_00.12,35.0,2.5,0
flow_3012.2,57.5,4.5,0
flow_30.9,55.5,3.5,0
flow_101.32,75.5,7.5,0
flow_3012.3,48.5,4.0,0
flow_101.33,79.0,4.5,0
flow_101.34,77.5,3.5,0
flow_10.20,75.0,2.5,0
flow_101.35,76.0,3.5,0
flow_10.21,72.0,3.0,0
flow_10.22,70.5,3.0,0
flow_101.36,69.5,2.5,0
flow_1012.17,62.5,3.5,0
flow_10.23,59.5,2.5,0
flow_301.6,29.5,4.0,0
flow_10.24,48.0,3.0,0
flow_1012.18,61.5,4.5,0
flow_0012.16,82.5,4.5,0
flow_2012.6,66.5,4.5,0
flow_001.41,80.5,3.0,0
flow_00.13,77.0,3.0,0
flow_0012.17,75.5,3.0,0
flow_00.14,71.0,2.5,0
flow_0012.18,69.0,3.0,0
flow_001.42,68.0,3.0,0
flow_00.15,64.0,2.5,0
flow_001.43,63.0,2.5,0
flow_001.44,62.5,3.0,0
flow_001.45,61.5,3.0,0
flow_001.46,39.5,3.0,0
flow_0012.19,27.0,4.0,0
flow_101.37,82.0,3.5,0
flow_301.7,24.5,2.5,0
flow_101.38,78.0,3.0,0
flow_1012.19,76.0,3.5,0
flow_1012.20,74.5,3.5,0
flow_10.25,69.5,3.0,0
flow_1012.21,71.0,3.5,0
flow_101.39,69.0,3.0,0
flow_10.26,62.5,2.5,0
flow_10.27,30.0,2.5,0
flow_1012.22,30.5,3.5,0
flow_201.22,72.5,3.5,0
flow_0012.20,70.0,6.5,0
flow_001.47,65.5,3.0,0
flow_201.23,26.0,2.5,0
flow_001.48,65.5,3.0,0
flow_00.16,62.5,2.5,0
flow_00.17,61.0,3.0,0
flow_201.24,26.5,2.5,0
flow_001.49,60.0,2.5,0
flow_00.18,45.5,2.5,0
flow_001.50,31.0,3.0,0
flow_0012.21,28.5,3.5,0
flow_0012.22,26.0,3.5,0
flow_10.28,72.5,4.0,0
flow_301.8,56.0,3.5,0
flow_1012.23,53.0,3.5,0
flow_101.40,52.0,3.0,0
flow_101.41,50.5,3.0,0
flow_1012.24,38.5,3.0,0
flow_1012.25,34.5,3.5,0
flow_10.29,31.5,2.5,0
flow_101.42,32.5,2.5,0
flow_101.43,31.0,3.0,0
flow_101.44,30.0,3.0,0
flow_101.45,30.5,3.5,0
flow_201.25,75.0,3.5,0
flow_001.51,74.5,3.5,0
flow_20.1,54.0,3.0,0
flow_0012.23,76.5,7.0,0
flow_20.2,36.0,5.5,0
flow_001.52,74.0,3.5,0
flow_0012.24,72.5,3.5,0
flow_001.53,72.5,3.0,0
flow_0012.25,70.0,3.0,0
flow_0012.26,69.5,3.5,0
flow_00.19,62.5,2.5,0
flow_001.54,57.5,2.5,0
flow_0012.27,51.5,3.0,0
flow_001.55,47.0,2.0,0
flow_001.56,41.5,2.5,0
flow_0012.28,32.0,3.0,0
flow_0012.29,28.5,3.5,0
flow_101.46,53.0,3.5,0
flow_101.47,50.0,3.0,0
flow_101.48,44.5,3.5,0
flow_10.30,29.5,3.0,0
flow_101.49,31.0,3.0,0
flow_101.50,30.0,3.0,0
flow_301.9,25.5,2.5,0
flow_301.10,24.5,2.0,0
flow_1012.26,27.5,4.0,0
flow_1012.27,26.0,3.5,0
flow_20.3,67.0,4.0,0
flow_00.20,73.5,4.0,0
flow_001.57,73.0,3.0,0
flow_201.26,54.5,3.0,0
flow_0012.30,72.5,4.0,0
flow_2012.7,51.5,4.0,0
flow_00.21,68.0,2.5,0
flow_001.58,73.0,3.5,0
flow_0012.31,68.0,3.0,0
flow_00.22,65.0,2.5,0
flow_00.23,64.0,2.5,0
flow_2012.8,26.0,4.0,0
flow_001.59,67.5,4.0,0
flow_2012.9,29.0,5.5,0
flow_00.24,68.0,3.5,0
flow_0012.32,66.5,3.5,0
flow_0012.33,65.5,3.5,0
flow_3012.4,65.0,4.5,0
flow_301.11,35.5,3.0,0
flow_101.51,78.5,7.5,0
flow_101.52,47.0,3.5,0
flow_301.12,25.0,2.5,0
flow_1012.28,46.5,4.0,0
flow_101.53,38.0,2.5,0
flow_101.54,35.5,3.0,0
flow_1012.29,25.5,3.0,0
flow_10.31,23.5,2.5,0
flow_101.55,28.0,3.5,0
flow_101.56,27.0,3.0,0
flow_201.27,80.5,4.5,0
flow_00.25,82.5,3.5,0
flow_0012.34,90.0,6.0,0
flow_001.60,82.0,2.5,0
flow_201.28,79.5,4.0,0
flow_201.29,49.0,3.0,0
flow_001.61,81.5,3.0,0
flow_00.26,78.5,2.5,0
flow_001.62,77.5,2.5,0
flow_0012.35,83.0,4.5,0
flow_001.63,76.5,3.0,0
flow_00.27,73.5,2.5,0
flow_001.64,73.0,2.5,0
flow_00.28,69.0,2.5,0
flow_001.65,70.0,2.5,0
flow_001.66,32.5,3.0,0
flow_00.29,27.0,2.5,0
flow_101.57,72.5,3.5,0
flow_301.13,63.0,3.5,0
flow_10.32,60.5,3.0,0
flow_301.14,58.5,3.0,0
flow_30.10,40.0,3.0,0
flow_101.58,61.5,3.0,0
flow_1012.30,55.5,3.5,0
flow_3012.5,25.5,3.5,0
flow_101.59,50.0,6.5,0
flow_10.33,43.0,3.5,0
flow_3012.6,28.5,6.5,0
flow_101.60,48.5,3.0,0
flow_10.34,46.0,3.0,0
flow_101.61,40.0,2.5,0
flow_10.35,33.0,2.5,0
flow_1012.31,34.5,3.5,0
flow_201.30,60.5,3.5,0
flow_0012.36,78.0,6.5,0
flow_0012.37,76.5,4.5,0
flow_20.4,42.0,5.0,0
flow_0012.38,77.5,6.5,0
flow_0012.39,76.5,4.0,0
flow_0012.40,75.0,4.0,0
flow_00.30,71.5,2.5,0
flow_001.67,70.0,2.0,0
flow_201.31,30.5,3.5,0
flow_00.31,66.5,3.0,0
flow_001.68,72.0,3.0,0
flow_001.69,67.5,2.5,0
flow_0012.41,66.5,3.5,0
flow_001.70,63.5,2.5,0
flow_001.71,34.0,3.0,0
flow_3012.7,67.0,4.5,0
flow_301.15,65.5,3.0,0
flow_101.62,76.5,7.5,0
flow_301.16,66.0,3.5,0
flow_3012.8,63.5,3.5,0
flow_1012.32,77.5,5.5,0
flow_101.63,76.0,3.5,0
flow_30.11,39.5,3.0,0
flow_301.17,66.0,4.0,0
flow_101.64,71.5,3.0,0
flow_30.12,30.0,3.0,0
flow_101.65,66.5,3.0,0
flow_301.18,31.0,3.0,0
flow_101.66,66.5,3.0,0
flow_101.67,64.5,3.5,0
flow_10.36,60.5,3.0,0
flow_1012.33,59.5,3.5,0
flow_10.37,55.5,2.5,0
flow_10.38,50.0,2.5,0
flow_101.68,39.5,2.5,0
flow_2012.10,75.0,4.5,0
flow_20.5,70.0,3.0,0
flow_20.6,68.5,3.0,0
flow_001.72,84.0,7.5,0
flow_001.73,81.5,3.0,0
flow_001.74,81.0,3.0,0
flow_0012.42,79.0,3.5,0
flow_001.75,79.0,3.5,0
flow_001.76,77.5,3.5,0
flow_001.77,76.5,3.5,0
flow_00.32,72.0,3.0,0
flow_00.33,71.5,3.0,0
flow_001.78,71.5,2.5,0
flow_00.34,67.5,2.5,0
flow_001.79,67.0,2.5,0
flow_0012.43,33.5,4.0,0
flow_201.0,24.5,2.5,0
flow_2012.0,25.0,3.5,0
flow_001.0,28.5,4.0,0
flow_00.0,25.0,2.5,0
flow_001.1,25.0,2.5,0
flow_00.1,21.0,2.0,0
flow_201.1,25.5,2.5,0
flow_101.0,45.0,3.5,0
flow_301.0,53.5,3.5,0
flow_1012.0,30.0,4.0,0
flow_301.1,36.0,7.0,0
flow_3012.0,26.0,3.5,0
flow_101.1,25.0,2.5,0
flow_20.0,71.0,4.0,0
flow_001.2,71.0,3.5,0
flow_00.2,68.5,3.0,0
flow_201.2,72.0,3.0,0
flow_20.1,69.5,3.0,0
flow_001.3,60.0,3.0,0
flow_2012.1,61.0,3.5,0
flow_20.2,57.5,3.0,0
flow_001.4,55.0,6.5,0
flow_201.3,58.5,2.5,0
flow_00.3,53.0,3.0,0
flow_20.3,46.0,2.5,0
flow_0012.0,51.0,4.5,0
flow_001.5,50.5,3.0,0
flow_201.4,49.0,3.5,0
flow_001.6,48.5,3.0,0
flow_201.5,48.5,3.5,0
flow_0012.1,48.0,4.5,0
flow_001.7,41.5,3.0,0
flow_00.4,25.5,2.5,0
flow_201.6,50.0,3.5,0
flow_20.4,47.0,3.0,0
flow_2012.2,46.5,3.0,0
flow_301.2,64.5,3.5,0
flow_101.2,58.0,3.5,0
flow_301.3,35.5,3.0,0
flow_30.0,24.5,2.5,0
flow_1012.1,45.0,6.0,0
flow_101.3,40.0,3.0,0
flow_3012.1,25.0,3.0,0
flow_30.1,21.0,2.0,0
flow_10.0,21.5,2.0,0
flow_301.4,25.0,2.5,0
flow_30.2,22.0,2.0,0
flow_301.5,24.5,2.5,0
flow_20.5,84.0,4.0,0
flow_0012.2,74.0,7.5,0
flow_0012.3,71.0,4.0,0
flow_201.7,89.5,3.5,0
flow_001.8,71.5,3.5,0
flow_201.8,89.0,3.0,0
flow_001.9,70.0,3.5,0
flow_201.9,87.5,3.0,0
flow_001.10,69.0,3.5,0
flow_00.5,65.0,3.0,0
flow_20.6,84.0,3.0,0
flow_001.11,53.5,2.5,0
flow_00.6,49.0,2.5,0
flow_201.10,86.5,3.5,0
flow_20.7,82.5,2.5,0
flow_0012.4,37.0,5.0,0
flow_20.8,84.0,6.0,0
flow_0012.5,37.5,7.0,0
flow_201.11,88.5,3.5,0
flow_001.12,25.5,3.0,0
flow_301.6,57.5,3.5,0
flow_1012.2,46.0,6.5,0
flow_101.4,43.0,3.0,0
flow_301.7,54.5,3.5,0
flow_30.3,45.0,3.0,0
flow_101.5,40.0,3.0,0
flow_10.1,36.0,2.5,0
flow_1012.3,33.0,3.0,0
flow_3012.2,39.0,4.0,0
flow_10.2,27.0,2.5,0
flow_101.6,27.5,2.5,0
flow_30.4,21.5,2.0,0
flow_301.8,28.0,3.5,0
flow_20.9,134.5,4.0,0
flow_001.13,67.0,3.5,0
flow_00.7,65.0,3.0,0
flow_201.12,134.0,3.0,0
flow_2012.3,121.0,3.5,0
flow_0012.6,66.0,4.0,0
flow_001.14,63.5,2.5,0
flow_201.13,92.0,3.0,0
flow_0012.7,56.0,3.5,0
flow_00.8,45.0,2.5,0
flow_201.14,92.5,7.0,0
flow_001.15,44.0,2.5,0
flow_0012.8,42.0,3.0,0
flow_2012.4,92.5,5.5,0
flow_201.15,91.5,3.5,0
flow_001.16,26.0,3.0,0
flow_201.16,90.0,3.5,0
flow_201.17,88.0,3.5,0
flow_20.10,82.5,3.0,0
flow_201.18,88.0,3.5,0
flow_201.19,82.5,3.0,0
flow_3012.3,71.0,4.0,0
flow_301.9,58.5,3.0,0
flow_101.7,54.0,7.0,0
flow_30.5,55.5,3.0,0
flow_101.8,42.5,3.0,0
flow_301.10,47.5,2.5,0
flow_101.9,42.5,3.0,0
flow_101.10,31.0,4.0,0
flow_101.11,27.0,3.0,0
flow_301.11,25.5,2.5,0
flow_301.12,26.0,3.0,0
flow_30.6,22.5,2.0,0
flow_301.13,26.0,2.5,0
flow_3012.4,24.0,2.5,0
flow_2012.5,85.5,4.5,0
flow_20.11,82.0,3.0,0
flow_001.17,73.0,7.5,0
flow_00.9,70.5,3.5,0
flow_201.20,82.0,3.0,0
flow_00.10,68.0,3.0,0
flow_201.21,80.5,3.0,0
flow_00.11,67.0,3.0,0
flow_201.22,79.5,3.0,0
flow_00.12,53.5,2.5,0
flow_2012.6,80.5,6.0,0
flow_201.23,79.0,3.0,0
flow_001.18,51.5,3.0,0
flow_201.24,78.0,3.0,0
flow_0012.9,51.5,4.0,0
flow_001.19,49.0,2.5,0
flow_201.25,80.5,4.0,0
flow_001.20,48.5,3.0,0
flow_201.26,79.5,3.5,0
flow_0012.10,48.5,4.5,0
flow_001.21,46.5,3.0,0
flow_30.7,53.5,4.0,0
flow_10.3,42.5,4.0,0
flow_30.8,50.0,3.0,0
flow_101.12,42.5,3.0,0
flow_3012.5,50.5,3.5,0
flow_301.14,48.5,2.5,0
flow_101.13,46.0,7.0,0
flow_301.15,48.0,3.0,0
flow_101.14,27.5,3.5,0
flow_301.16,43.0,3.0,0
flow_30.9,39.0,2.5,0
flow_30.10,29.0,2.5,0
flow_101.15,26.0,3.0,0
flow_201.27,129.0,3.5,0
flow_0012.11,72.5,5.5,0
flow_00.13,63.5,3.0,0
flow_001.22,63.0,2.5,0
flow_201.28,130.5,4.0,0
flow_201.29,95.5,3.5,0
flow_2012.7,91.0,3.5,0
flow_0012.12,51.5,4.5,0
flow_2012.8,90.5,4.0,0
flow_2012.9,88.5,3.5,0
flow_201.30,86.0,2.5,0
flow_001.23,47.5,4.0,0
flow_201.31,85.0,3.0,0
flow_0012.13,46.0,4.5,0
flow_0012.14,43.0,4.0,0
flow_201.32,90.0,7.0,0
flow_201.33,90.0,3.5,0
flow_2012.10,87.5,3.5,0
flow_0012.15,26.5,4.0,0
flow_301.17,64.0,3.5,0
flow_1012.4,70.0,6.0,0
flow_101.16,66.5,3.0,0
flow_301.18,66.0,3.5,0
flow_1012.5,42.0,4.0,0
flow_3012.6,65.5,4.0,0
flow_1012.6,38.5,4.0,0
flow_101.17,34.0,3.0,0
flow_301.19,67.5,4.0,0
flow_30.11,34.5,3.0,0
flow_1012.7,30.5,4.5,0
flow_3012.7,61.5,4.5,0
flow_30.12,33.5,2.5,0
flow_30.13,21.0,2.0,0
flow_101.18,26.0,3.0,0
flow_101.19,26.5,3.0,0
flow_301.20,27.5,3.0,0
flow_00.14,71.5,4.0,0
flow_201.34,127.0,3.5,0
flow_001.24,72.0,3.0,0
flow_2012.11,91.5,5.0,0
flow_201.35,86.0,2.5,0
flow_001.25,74.0,3.5,0
flow_201.36,85.0,3.0,0
flow_201.37,84.0,3.0,0
flow_001.26,72.0,3.5,0
flow_201.38,83.0,3.0,0
flow_001.27,71.0,3.5,0
flow_001.28,70.0,3.5,0
flow_201.39,82.0,3.5,0
flow_001.29,68.0,3.0,0
flow_00.15,45.5,2.5,0
flow_201.40,80.5,3.5,0
flow_2012.12,81.0,6.0,0
flow_2012.13,79.0,4.0,0
flow_201.41,76.5,2.5,0
flow_001.30,52.5,3.5,0
flow_201.42,75.5,2.5,0
flow_001.31,52.5,3.0,0
flow_201.43,36.0,3.0,0
flow_10.4,68.0,4.0,0
flow_301.21,57.5,3.5,0
flow_1012.8,69.0,4.0,0
flow_301.22,49.5,6.5,0
flow_1012.9,71.5,5.0,0
flow_1012.10,65.0,4.5,0
flow_1012.11,53.5,4.0,0
flow_101.20,52.0,3.0,0
flow_301.23,57.5,7.0,0
flow_30.14,53.5,3.0,0
flow_101.21,50.5,3.0,0
flow_10.5,47.5,2.5,0
flow_30.15,52.0,3.0,0
flow_1012.12,46.5,6.0,0
flow_1012.13,42.5,4.5,0
flow_101.22,34.5,3.0,0
flow_301.24,55.5,3.0,0
flow_1012.14,33.0,4.5,0
flow_201.44,79.5,3.5,0
flow_001.32,99.5,3.5,0
flow_20.12,76.5,3.0,0
flow_001.33,99.5,3.5,0
flow_2012.14,78.0,4.0,0
flow_0012.16,92.0,3.5,0
flow_001.34,89.0,3.0,0
flow_201.45,77.5,3.0,0
flow_00.16,87.5,3.0,0
flow_201.46,76.0,3.5,0
flow_20.13,72.5,3.0,0
flow_00.17,74.5,3.0,0
flow_20.14,71.0,2.5,0
flow_00.18,73.0,2.5,0
flow_201.47,70.5,2.5,0
flow_001.35,71.5,3.0,0
flow_2012.15,70.0,3.5,0
flow_201.48,67.0,2.0,0
flow_001.36,72.0,6.0,0
flow_201.49,67.0,3.0,0
flow_00.19,44.0,3.0,0
flow_0012.17,70.5,5.0,0
flow_001.37,43.0,2.5,0
flow_201.50,68.5,4.0,0
flow_201.51,35.0,3.5,0
flow_30.16,76.0,4.0,0
flow_10.6,77.5,4.0,0
flow_10.7,64.5,3.0,0
flow_301.25,72.5,3.0,0
flow_30.17,48.5,3.0,0
flow_10.8,44.0,3.0,0
flow_30.18,47.5,2.5,0
flow_101.23,31.5,2.5,0
flow_301.26,45.5,3.0,0
flow_101.24,30.5,3.0,0
flow_3012.8,37.0,3.5,0
flow_301.27,26.5,2.5,0
flow_3012.9,26.0,3.5,0
flow_301.28,24.5,2.5,0
flow_2012.16,80.5,4.5,0
flow_201.52,79.5,3.0,0
flow_001.38,89.5,7.5,0
flow_201.53,78.5,3.5,0
flow_0012.18,90.0,5.5,0
flow_001.39,86.0,3.0,0
flow_00.20,83.0,3.0,0
flow_201.54,81.0,4.0,0
flow_2012.17,80.0,4.5,0
flow_00.21,86.0,5.5,0
flow_2012.18,81.5,7.0,0
flow_00.22,70.5,8.0,0
flow_201.55,81.0,3.5,0
flow_001.40,69.0,3.5,0
flow_20.15,80.0,3.0,0
flow_20.16,77.5,3.0,0
flow_0012.19,73.0,7.0,0
flow_001.41,71.5,3.5,0
flow_30.19,51.0,4.0,0
flow_10.9,69.0,4.0,0
flow_301.29,51.0,3.0,0
flow_1012.15,59.0,5.0,0
flow_30.20,50.0,3.0,0
flow_101.25,55.5,3.0,0
flow_30.21,49.0,3.0,0
flow_101.26,55.0,3.0,0
flow_30.22,47.5,3.0,0
flow_101.27,47.0,3.5,0
flow_101.28,44.0,3.5,0
flow_3012.10,51.0,6.0,0
flow_10.10,43.0,3.5,0
flow_301.30,44.5,3.0,0
flow_30.23,42.0,2.5,0
flow_30.24,39.5,2.5,0
flow_301.31,36.5,3.0,0
flow_301.32,35.0,3.0,0
flow_30.25,26.5,2.5,0
flow_0012.20,118.0,4.0,0
flow_00.23,90.0,3.0,0
flow_201.56,134.0,7.0,0
flow_00.24,68.5,3.0,0
flow_00.25,66.5,2.5,0
flow_201.57,134.5,3.5,0
flow_2012.19,132.5,5.0,0
flow_201.58,100.0,3.5,0
flow_001.42,66.0,3.0,0
flow_20.17,97.0,3.0,0
flow_00.26,63.0,3.0,0
flow_201.59,96.5,3.0,0
flow_001.43,63.0,2.5,0
flow_201.60,94.5,3.5,0
flow_001.44,62.0,3.0,0
flow_2012.20,93.5,5.0,0
flow_201.61,90.5,2.5,0
flow_001.45,64.0,3.5,0
flow_201.62,90.0,3.0,0
flow_001.46,61.0,3.0,0
flow_201.63,87.5,3.0,0
flow_0012.21,60.5,4.5,0
flow_3012.11,67.5,4.5,0
flow_301.33,49.5,3.0,0
flow_101.29,75.0,7.5,0
flow_30.26,47.0,3.0,0
flow_101.30,70.5,3.0,0
flow_301.34,32.5,2.5,0
flow_30.27,29.0,2.5,0
flow_101.31,63.5,3.0,0
flow_30.28,28.0,2.5,0
flow_101.32,49.0,3.0,0
flow_101.33,47.5,3.5,0
flow_3012.12,30.5,5.0,0
flow_101.34,46.0,3.5,0
flow_101.35,37.5,3.0,0
flow_10.11,33.5,3.0,0
flow_301.35,26.5,3.0,0
flow_301.36,27.0,3.0,0
flow_3012.13,25.0,3.0,0
flow_20.18,133.5,4.0,0
flow_001.47,103.5,3.5,0
flow_2012.21,86.0,3.5,0
flow_0012.22,85.0,3.5,0
flow_20.19,82.0,3.0,0
flow_001.48,84.5,3.0,0
flow_00.27,81.0,2.5,0
flow_201.64,80.0,2.5,0
flow_20.20,77.5,2.5,0
flow_00.28,79.0,2.5,0
flow_00.29,78.0,2.5,0
flow_2012.22,80.5,5.5,0
flow_00.30,70.0,2.5,0
flow_0012.23,79.0,3.5,0
flow_00.31,63.5,2.5,0
flow_201.65,81.0,3.5,0
flow_2012.23,81.0,5.5,0
flow_2012.24,80.0,4.5,0
flow_201.66,77.0,2.5,0
flow_20.21,74.5,2.5,0
flow_001.49,71.0,4.0,0
flow_001.50,70.0,3.0,0
flow_201.67,74.0,3.0,0
flow_0012.24,66.5,4.0,0
flow_301.37,62.5,3.5,0
flow_101.36,73.0,3.5,0
flow_1012.16,70.0,4.0,0
flow_10.12,63.0,3.0,0
flow_3012.14,65.0,4.5,0
flow_301.38,57.5,3.0,0
flow_30.29,54.5,3.0,0
flow_101.37,63.0,2.5,0
flow_10.13,60.0,2.5,0
flow_301.39,55.0,3.0,0
flow_101.38,52.0,3.0,0
flow_301.40,54.0,3.0,0
flow_101.39,40.5,2.5,0
flow_301.41,42.0,3.0,0
flow_101.40,39.5,3.0,0
flow_301.42,25.0,2.5,0
flow_301.43,27.5,3.0,0
flow_201.68,85.0,3.5,0
flow_0012.25,87.0,5.5,0
flow_2012.25,83.5,3.5,0
flow_201.69,82.5,3.0,0
flow_001.51,87.0,3.5,0
flow_201.70,81.5,3.0,0
flow_0012.26,88.0,5.0,0
flow_0012.27,86.5,4.5,0
flow_001.52,69.5,3.0,0
flow_00.32,59.0,2.5,0
flow_201.71,86.0,4.0,0
flow_201.72,85.0,3.5,0
flow_001.53,57.0,2.5,0
flow_201.73,84.0,3.5,0
flow_2012.26,82.5,3.5,0
flow_0012.28,58.5,5.5,0
flow_2012.27,80.5,4.0,0
flow_201.74,79.0,2.5,0
flow_20.22,75.5,2.5,0
flow_001.54,46.5,4.0,0
flow_00.33,44.0,3.5,0
flow_20.23,73.5,2.5,0
flow_10.14,70.5,4.0,0
flow_301.44,64.5,3.5,0
flow_30.30,58.0,3.0,0
flow_30.31,22.0,2.0,0
flow_101.41,26.5,3.0,0
flow_101.42,25.0,2.5,0
flow_0012.29,86.0,4.5,0
flow_2012.28,86.5,4.5,0
flow_2012.29,84.0,4.0,0
flow_20.24,80.5,3.0,0
flow_001.55,89.5,4.0,0
flow_2012.30,83.0,4.5,0
flow_201.75,78.5,3.0,0
flow_00.34,82.5,5.0,0
flow_20.25,75.0,2.5,0
flow_00.35,80.0,3.5,0
flow_201.76,76.5,3.0,0
flow_001.56,80.0,3.0,0
flow_00.36,77.0,3.0,0
flow_201.77,75.0,3.0,0
flow_001.57,74.0,2.5,0
flow_2012.31,74.5,4.5,0
flow_2012.32,74.0,4.0,0
flow_00.37,77.0,6.5,0
flow_201.78,70.5,2.5,0
flow_001.58,76.0,3.5,0
flow_201.79,69.5,3.0,0
flow_20.26,31.0,2.5,0
flow_001.59,74.0,3.0,0
flow_20.27,29.5,2.5,0
flow_001.60,73.5,3.0,0
flow_30.32,61.0,4.0,0
flow_101.43,49.5,3.5,0
flow_30.33,61.0,3.0,0
flow_101.44,49.0,3.0,0
flow_3012.15,59.5,3.5,0
flow_1012.17,49.0,3.5,0
flow_3012.16,59.0,3.5,0
flow_101.45,44.0,6.0,0
flow_3012.17,55.5,5.0,0
flow_301.45,48.0,3.0,0
flow_30.34,42.5,3.0,0
flow_101.46,36.0,4.0,0
flow_10.15,32.5,3.0,0
flow_301.46,38.0,2.5,0
flow_3012.18,36.0,3.0,0
flow_101.47,26.0,3.0,0
flow_20.28,74.5,4.0,0
flow_0012.30,118.5,7.5,0
flow_20.29,76.0,5.0,0
flow_00.38,89.0,3.5,0
flow_201.80,75.0,3.0,0
flow_20.30,72.5,2.5,0
flow_001.61,86.5,3.0,0
flow_00.39,83.0,2.5,0
flow_201.81,71.5,2.5,0
flow_001.62,82.0,2.5,0
flow_201.82,71.0,3.0,0
flow_20.31,70.0,4.5,0
flow_0012.31,83.0,4.5,0
flow_001.63,79.5,3.0,0
flow_001.64,78.5,3.0,0
flow_2012.33,72.5,6.0,0
flow_00.40,80.5,5.0,0
flow_2012.34,71.5,4.5,0
flow_0012.32,79.5,3.5,0
flow_2012.35,73.0,7.0,0
flow_201.83,72.5,3.5,0
flow_001.65,81.5,3.5,0
flow_30.35,71.5,4.0,0
flow_20.0,20.5,1.5,0
flow_0012.0,26.5,3.5,0
flow_001.0,25.0,2.5,0
flow_0012.1,24.5,3.0,0
flow_201.0,24.5,2.5,0
flow_0012.2,27.0,4.5,0
flow_0012.3,27.0,4.0,0
flow_201.1,30.5,6.5,0
flow_30.0,41.5,4.0,0
flow_101.0,41.0,3.5,0
flow_3012.0,38.5,4.0,0
flow_00.0,66.5,4.0,0
flow_201.2,61.0,3.5,0
flow_0012.4,67.0,4.5,0
flow_201.3,65.5,7.5,0
flow_2012.0,63.0,3.5,0
flow_0012.5,68.5,6.0,0
flow_201.4,56.5,3.0,0
flow_001.1,69.5,4.0,0
flow_201.5,53.0,3.0,0
flow_0012.6,69.0,5.0,0
flow_001.2,66.0,2.5,0
flow_201.6,54.5,3.5,0
flow_00.1,63.0,3.5,0
flow_0012.7,67.5,5.0,0
flow_00.2,61.5,3.0,0
flow_201.7,56.5,3.5,0
flow_201.8,54.5,3.5,0
flow_0012.8,63.5,4.5,0
flow_0012.9,62.5,4.5,0
flow_30.1,62.0,4.0,0
flow_10.0,48.5,4.0,0
flow_301.0,29.0,2.5,0
flow_101.1,48.5,3.0,0
flow_3012.1,27.5,4.0,0
flow_101.2,45.0,3.5,0
flow_301.1,25.5,2.5,0
flow_201.9,95.0,3.5,0
flow_001.3,106.5,4.0,0
flow_20.1,93.0,3.0,0
flow_00.3,87.5,3.0,0
flow_001.4,85.5,3.0,0
flow_0012.10,83.0,3.5,0
flow_2012.1,96.5,5.5,0
flow_20.2,93.0,4.0,0
flow_001.5,81.5,3.0,0
flow_201.10,85.5,2.5,0
flow_20.3,73.5,2.5,0
flow_001.6,80.5,3.0,0
flow_20.4,72.5,2.5,0
flow_001.7,79.5,3.0,0
flow_20.5,71.5,2.5,0
flow_001.8,80.5,4.0,0
flow_0012.11,76.5,4.0,0
flow_201.11,74.5,6.0,0
flow_0012.12,80.0,5.5,0
flow_20.6,74.0,3.5,0
flow_001.9,77.0,3.5,0
flow_00.4,72.5,3.0,0
flow_2012.2,79.0,5.5,0
flow_30.2,70.5,4.0,0
flow_101.3,49.0,3.5,0
flow_3012.2,36.0,3.5,0
flow_10.1,46.0,6.0,0
flow_101.4,42.5,3.5,0
flow_101.5,26.5,3.0,0
flow_001.10,85.5,3.5,0
flow_201.12,122.0,3.5,0
flow_00.5,81.5,3.0,0
flow_201.13,89.5,3.0,0
flow_001.11,81.5,2.5,0
flow_201.14,87.5,3.5,0
flow_001.12,80.5,2.5,0
flow_201.15,86.0,3.5,0
flow_001.13,80.0,3.5,0
flow_2012.3,86.5,5.5,0
flow_201.16,83.5,3.0,0
flow_20.7,81.5,3.0,0
flow_001.14,83.0,4.0,0
flow_0012.13,78.0,3.5,0
flow_001.15,83.0,4.0,0
flow_00.6,76.0,3.0,0
flow_2012.4,85.0,5.5,0
flow_201.17,82.5,3.5,0
flow_20.8,79.5,3.0,0
flow_001.16,76.5,3.0,0
flow_001.17,75.0,3.0,0
flow_201.18,80.0,2.5,0
flow_001.18,74.0,3.5,0
flow_0012.14,35.5,3.5,0
flow_2012.5,80.0,5.5,0
flow_3012.3,73.5,4.5,0
flow_10.2,67.5,6.5,0
flow_101.6,43.5,3.5,0
flow_101.7,37.5,3.0,0
flow_101.8,35.0,3.5,0
flow_2012.6,85.0,4.0,0
flow_201.19,83.5,3.0,0
flow_001.19,84.5,7.5,0
flow_2012.7,83.0,4.0,0
flow_20.9,79.0,3.0,0
flow_001.20,87.0,4.0,0
flow_201.20,78.5,2.5,0
flow_20.10,77.0,2.5,0
flow_001.21,85.5,3.0,0
flow_20.11,75.0,3.0,0
flow_001.22,84.5,3.0,0
flow_0012.15,82.0,3.5,0
flow_00.7,80.0,2.5,0
flow_00.8,78.5,2.5,0
flow_201.21,79.0,4.5,0
flow_001.23,77.0,2.0,0
flow_201.22,70.5,3.0,0
flow_201.23,66.5,3.0,0
flow_001.24,77.5,3.0,0
flow_201.24,64.0,3.0,0
flow_0012.16,77.5,5.0,0
flow_0012.17,76.0,4.5,0
flow_301.2,37.5,3.5,0
flow_101.9,31.5,3.5,0
flow_30.3,35.5,3.0,0
flow_3012.4,31.0,3.5,0
flow_301.3,28.0,3.0,0
flow_10.3,22.0,2.0,0
flow_1012.0,25.0,3.5,0
flow_101.10,27.0,3.0,0
flow_201.25,115.0,3.5,0
flow_001.25,122.0,3.5,0
flow_001.26,85.0,3.0,0
flow_201.26,88.5,3.0,0
flow_201.27,86.5,3.0,0
flow_20.12,83.0,2.5,0
flow_001.27,82.0,3.5,0
flow_001.28,80.0,3.5,0
flow_2012.8,84.5,4.0,0
flow_001.29,81.5,4.0,0
flow_201.28,69.5,3.5,0
flow_201.29,67.5,3.5,0
flow_20.13,63.5,3.0,0
flow_001.30,81.5,3.5,0
flow_20.14,62.0,2.5,0
flow_0012.18,83.0,6.5,0
flow_001.31,82.5,3.5,0
flow_201.30,67.5,3.0,0
flow_001.32,81.0,3.0,0
flow_0012.19,80.0,4.0,0
flow_2012.9,67.0,4.0,0
flow_001.33,79.0,3.5,0
flow_201.31,66.0,3.5,0
flow_30.4,44.0,4.0,0
flow_301.4,42.5,3.0,0
flow_101.11,25.5,2.5,0
flow_30.5,20.5,1.5,0
flow_2012.10,87.0,4.5,0
flow_00.9,126.0,7.0,0
flow_2012.11,87.0,6.0,0
flow_20.15,83.0,3.5,0
flow_00.10,93.5,7.0,0
flow_0012.20,92.0,5.0,0
flow_001.34,90.0,3.0,0
flow_201.32,88.0,3.5,0
flow_20.16,84.5,3.0,0
flow_001.35,88.5,3.0,0
flow_001.36,88.0,3.0,0
flow_2012.12,87.0,4.5,0
flow_201.33,78.0,2.5,0
flow_00.11,87.0,4.5,0
flow_001.37,85.0,3.0,0
flow_201.34,77.5,3.0,0
flow_0012.21,84.0,3.5,0
flow_2012.13,53.0,3.5,0
flow_2012.14,52.0,4.0,0
flow_0012.22,83.5,4.5,0
flow_0012.23,82.0,4.0,0
flow_0012.24,79.0,4.0,0
flow_3012.5,67.5,4.5,0
flow_30.6,51.0,3.0,0
flow_101.12,56.5,7.5,0
flow_30.7,49.5,3.0,0
flow_301.5,42.0,2.5,0
flow_3012.6,28.0,3.5,0
flow_001.38,85.0,3.5,0
flow_201.35,101.0,4.0,0
flow_2012.15,97.5,3.5,0
flow_00.12,83.5,6.0,0
flow_2012.16,82.0,6.0,0
flow_201.36,79.5,3.0,0
flow_001.39,86.0,4.0,0
flow_201.37,77.5,3.0,0
flow_001.40,85.0,3.0,0
flow_2012.17,77.0,4.5,0
flow_0012.25,84.0,4.0,0
flow_001.41,82.5,3.0,0
flow_201.38,78.5,3.5,0
flow_001.42,81.5,3.5,0
flow_201.39,77.5,3.5,0
flow_001.43,78.5,3.0,0
flow_0012.26,83.0,5.0,0
flow_201.40,75.5,4.0,0
flow_0012.27,79.0,4.5,0
flow_001.44,76.0,2.5,0
flow_201.41,65.5,3.5,0
flow_301.6,58.5,3.5,0
flow_10.4,39.5,4.0,0
flow_10.5,37.5,3.0,0
flow_3012.7,39.0,6.5,0
flow_1012.1,39.5,4.5,0
flow_1012.2,25.5,3.5,0
flow_20.17,95.0,4.0,0
flow_001.45,123.5,3.5,0
flow_201.42,94.5,3.0,0
flow_0012.28,93.0,5.5,0
flow_0012.29,88.5,4.5,0
flow_0012.30,84.0,4.5,0
flow_001.46,80.0,2.5,0
flow_201.43,100.5,4.0,0
flow_001.47,79.5,3.0,0
flow_20.18,98.5,3.5,0
flow_001.48,78.5,3.0,0
flow_00.13,74.5,2.5,0
flow_2012.18,99.5,6.5,0
flow_20.19,41.5,3.5,0
flow_20.20,31.5,3.0,0
flow_001.49,80.0,3.0,0
flow_001.50,79.0,3.0,0
flow_201.44,30.0,3.0,0
flow_0012.31,79.0,4.5,0
flow_001.51,75.0,3.0,0
flow_201.45,32.5,4.5,0
flow_10.6,60.5,4.0,0
flow_301.7,66.0,3.5,0
flow_301.8,51.0,3.0,0
flow_201.46,64.0,3.5,0
flow_0012.32,87.5,6.5,0
flow_2012.19,34.5,3.5,0
flow_20.21,22.5,2.0,0
flow_001.52,87.0,3.5,0
flow_00.14,84.0,3.0,0
flow_201.47,24.5,2.0,0
flow_001.53,84.0,2.5,0
flow_0012.33,84.0,4.0,0
flow_001.54,81.0,2.5,0
flow_00.15,77.0,2.5,0
flow_201.48,29.0,3.5,0
flow_201.49,28.5,3.0,0
flow_2012.20,25.5,3.0,0
flow_0012.34,80.5,5.0,0
flow_00.16,76.5,3.5,0
flow_0012.35,76.5,3.5,0
flow_2012.21,28.0,4.5,0
flow_2012.22,26.5,4.0,0
flow_00.17,77.5,6.0,0
flow_0012.36,75.5,5.0,0
flow_3012.8,49.0,4.5,0
flow_101.13,73.0,7.5,0
flow_10.7,38.5,3.5,0
flow_3012.9,25.0,3.5,0
flow_1012.3,24.0,3.0,0
flow_2012.23,67.0,4.0,0
flow_20.22,65.5,3.0,0
flow_001.55,87.5,7.0,0
flow_2012.24,67.0,4.0,0
flow_0012.37,85.5,4.0,0
flow_00.18,82.0,3.0,0
flow_201.50,66.0,3.5,0
flow_001.56,81.5,2.5,0
flow_201.51,56.5,3.5,0
flow_2012.25,44.0,3.5,0
flow_0012.38,82.5,4.5,0
flow_00.19,79.0,3.0,0
flow_201.52,43.0,3.0,0
flow_001.57,78.5,2.5,0
flow_201.53,39.0,3.0,0
flow_001.58,78.5,3.5,0
flow_0012.39,76.5,3.5,0
flow_2012.26,40.5,5.5,0
flow_2012.27,32.0,5.0,0
flow_20.23,28.5,3.0,0
flow_001.59,79.0,3.5,0
flow_001.60,78.5,4.0,0
flow_10.8,21.5,2.0,0
flow_30.8,39.0,4.0,0
flow_101.14,25.5,2.5,0
flow_101.15,26.5,2.5,0
flow_10.9,21.0,2.0,0
flow_301.9,24.5,2.5,0
flow_1012.4,26.5,3.5,0
flow_30.9,20.5,2.0,0
flow_20.24,70.0,4.0,0
flow_0012.40,127.5,7.5,0
flow_001.61,89.0,3.5,0
flow_201.54,76.0,3.0,0
flow_001.62,85.5,3.5,0
flow_2012.28,67.5,4.5,0
flow_20.25,63.5,3.0,0
flow_20.26,59.0,2.5,0
flow_001.63,87.5,4.0,0
flow_20.27,54.5,2.5,0
flow_001.64,87.0,3.5,0
flow_20.28,38.5,3.0,0
flow_001.65,86.0,3.5,0
flow_2012.29,38.0,4.0,0
flow_201.55,34.5,2.5,0
flow_00.20,85.5,6.0,0
flow_001.66,84.5,3.5,0
flow_201.56,38.0,3.5,0
flow_001.67,81.5,3.0,0
flow_0012.41,86.5,5.5,0
flow_00.21,78.0,3.0,0
flow_201.57,39.0,4.0,0
flow_301.10,56.5,3.5,0
flow_101.16,70.0,3.5,0
flow_301.11,57.0,3.0,0
flow_3012.10,55.5,3.5,0
flow_00.22,124.5,4.0,0
flow_201.58,84.5,3.5,0
flow_201.59,68.5,3.0,0
flow_001.68,88.5,3.0,0
flow_001.69,84.5,3.0,0
flow_201.60,55.5,3.5,0
flow_00.23,82.5,3.0,0
flow_201.61,54.5,3.5,0
flow_00.24,80.5,3.0,0
flow_001.70,78.0,2.5,0
flow_201.62,54.0,3.5,0
flow_201.63,52.5,3.0,0
flow_001.71,77.0,3.0,0
flow_201.64,50.0,3.0,0
flow_001.72,76.0,3.0,0
flow_2012.30,44.5,4.5,0
flow_00.25,75.0,3.5,0
flow_201.65,26.5,2.5,0
flow_001.73,74.0,3.0,0
flow_00.26,71.0,2.5,0
flow_001.74,70.0,2.0,0
flow_001.75,32.5,3.0,0
flow_00.27,28.0,2.5,0
flow_3012.11,53.0,4.0,0
flow_1012.5,60.5,4.5,0
flow_3012.12,41.5,4.0,0
flow_301.12,40.0,3.0,0
flow_101.17,64.0,4.0,0
flow_3012.13,40.0,4.5,0
flow_3012.14,24.5,3.0,0
flow_201.66,72.5,3.5,0
flow_0012.42,80.0,6.5,0
flow_2012.31,73.0,4.0,0
flow_20.29,69.0,3.0,0
flow_20.30,51.5,2.5,0
flow_001.76,80.0,4.0,0
flow_001.77,79.0,3.0,0
flow_201.67,51.5,2.5,0
flow_0012.43,78.0,4.0,0
flow_00.28,74.0,3.0,0
flow_201.68,53.5,4.0,0
flow_0012.44,76.0,4.5,0
flow_2012.32,53.5,4.0,0
flow_00.29,70.0,2.5,0
flow_0012.45,74.5,4.0,0
flow_20.31,51.5,4.0,0
flow_20.32,50.0,3.5,0
flow_0012.46,75.0,6.5,0
flow_001.78,71.5,3.0,0
flow_001.79,70.5,2.5,0
flow_201.69,55.5,3.0,0
flow_10.10,65.0,4.0,0
flow_30.10,61.5,4.0,0
flow_00.0,21.5,2.0,0
flow_2012.0,24.0,3.0,0
flow_0012.0,24.5,3.0,0
flow_0012.1,25.5,3.0,0
flow_30.0,54.5,4.0,0
flow_101.0,49.5,3.5,0
flow_1012.0,49.0,4.0,0
flow_1012.1,49.0,4.0,0
flow_10.0,43.5,3.0,0
flow_101.1,38.0,2.5,0
flow_101.2,37.0,3.0,0
flow_1012.2,36.5,3.5,0
flow_1012.3,26.0,3.5,0
flow_101.3,25.0,2.5,0
flow_1012.4,25.0,3.0,0
flow_201.0,74.5,3.5,0
flow_0012.2,70.0,6.5,0
flow_001.0,59.5,3.0,0
flow_00.1,56.5,3.0,0
flow_201.1,48.5,3.5,0
flow_0012.3,57.5,3.5,0
flow_001.1,55.0,3.0,0
flow_00.2,39.0,2.5,0
flow_201.2,30.0,5.5,0
flow_001.2,40.5,3.0,0
flow_0012.4,39.0,3.5,0
flow_001.3,35.5,2.5,0
flow_0012.5,32.0,3.0,0
flow_001.4,31.0,3.0,0
flow_00.3,26.0,2.5,0
flow_201.3,25.0,2.5,0
flow_101.4,74.0,3.5,0
flow_301.0,62.0,3.5,0
flow_1012.5,72.0,4.0,0
flow_301.1,66.0,7.0,0
flow_1012.6,75.5,5.5,0
flow_101.5,70.0,3.0,0
flow_30.1,52.0,3.5,0
flow_1012.7,64.0,4.0,0
flow_3012.0,51.5,3.5,0
flow_301.2,51.0,3.0,0
flow_101.6,50.5,3.5,0
flow_101.7,49.5,3.5,0
flow_10.1,45.5,3.0,0
flow_1012.8,45.0,4.0,0
flow_101.8,32.0,2.5,0
flow_10.2,27.5,2.5,0
flow_30.2,22.0,2.0,0
flow_10.3,26.0,2.5,0
flow_10.4,24.5,2.5,0
flow_001.5,73.0,3.5,0
flow_20.0,63.0,4.0,0
flow_001.6,72.0,3.0,0
flow_201.4,47.0,3.0,0
flow_0012.6,72.5,4.0,0
flow_00.4,68.5,3.0,0
flow_0012.7,68.0,3.5,0
flow_2012.1,26.5,3.5,0
flow_001.7,70.5,3.5,0
flow_001.8,69.5,3.0,0
flow_001.9,69.0,3.5,0
flow_00.5,65.0,3.0,0
flow_001.10,64.5,2.5,0
flow_001.11,64.0,3.5,0
flow_0012.8,61.0,3.5,0
flow_2012.2,27.0,4.0,0
flow_0012.9,33.5,3.5,0
flow_3012.1,72.0,4.5,0
flow_1012.9,73.0,4.5,0
flow_1012.10,73.0,4.0,0
flow_101.9,59.5,3.0,0
flow_301.3,44.0,4.0,0
flow_30.3,30.0,3.0,0
flow_101.10,49.0,3.5,0
flow_3012.2,30.5,3.5,0
flow_1012.11,49.5,4.0,0
flow_101.11,47.0,2.5,0
flow_3012.3,27.5,4.5,0
flow_101.12,50.0,4.0,0
flow_101.13,49.0,3.5,0
flow_301.4,26.0,3.0,0
flow_101.14,47.0,3.5,0
flow_1012.12,46.5,4.0,0
flow_1012.13,42.5,4.0,0
flow_101.15,37.5,3.0,0
flow_301.5,31.5,4.0,0
flow_201.5,73.0,3.5,0
flow_001.12,81.5,4.0,0
flow_20.1,61.0,3.0,0
flow_001.13,80.5,3.5,0
flow_20.2,59.0,3.0,0
flow_001.14,78.5,3.5,0
flow_2012.3,49.0,3.5,0
flow_001.15,80.5,6.5,0
flow_00.6,67.5,3.0,0
flow_0012.10,62.5,3.0,0
flow_0012.11,57.0,3.5,0
flow_001.16,51.5,3.0,0
flow_001.17,40.5,3.0,0
flow_00.7,31.5,2.5,0
flow_201.6,24.5,2.0,0
flow_001.18,28.0,2.5,0
flow_00.8,23.0,2.5,0
flow_3012.4,63.5,4.0,0
flow_10.5,86.0,6.5,0
flow_301.6,53.0,3.0,0
flow_101.16,85.0,3.5,0
flow_301.7,49.0,3.0,0
flow_10.6,82.5,3.0,0
flow_10.7,81.0,3.0,0
flow_30.4,29.5,2.5,0
flow_301.8,37.5,3.5,0
flow_1012.14,82.0,5.5,0
flow_10.8,79.5,3.5,0
flow_1012.15,78.5,3.5,0
flow_101.17,78.0,2.5,0
flow_1012.16,76.0,3.5,0
flow_101.18,73.5,2.5,0
flow_10.9,71.0,2.5,0
flow_10.10,71.5,3.0,0
flow_1012.17,33.0,3.5,0
flow_10.11,28.5,2.5,0
flow_20.3,53.5,4.0,0
flow_001.19,70.5,3.5,0
flow_201.7,54.5,3.0,0
flow_001.20,60.5,3.0,0
flow_201.8,50.0,3.0,0
flow_001.21,53.5,3.0,0
flow_0012.12,52.5,3.5,0
flow_001.22,51.0,2.5,0
flow_00.9,47.0,2.5,0
flow_001.23,37.5,3.0,0
flow_00.10,33.5,2.5,0
flow_00.11,32.5,2.5,0
flow_0012.13,24.0,3.0,0
flow_2012.4,29.5,6.5,0
flow_201.9,29.0,3.5,0
flow_001.24,25.5,2.5,0
flow_00.12,22.0,2.0,0
flow_3012.5,48.0,4.5,0
flow_101.19,79.5,7.5,0
flow_10.12,76.0,3.5,0
flow_10.13,78.0,3.0,0
flow_101.20,77.0,3.5,0
flow_1012.18,74.5,3.5,0
flow_1012.19,74.0,4.0,0
flow_101.21,70.5,2.5,0
flow_30.5,22.5,2.5,0
flow_301.9,27.0,3.0,0
flow_10.14,66.0,2.5,0
flow_101.22,70.5,3.0,0
flow_10.15,65.5,2.5,0
flow_1012.20,64.0,3.0,0
flow_101.23,64.0,2.5,0
flow_101.24,32.0,3.0,0
flow_201.10,64.5,3.5,0
flow_001.25,72.0,4.0,0
flow_0012.14,69.0,4.0,0
flow_001.26,64.0,3.0,0
flow_001.27,56.5,3.5,0
flow_001.28,55.0,3.5,0
flow_00.13,49.0,2.5,0
flow_001.29,46.0,2.5,0
flow_001.30,45.0,3.0,0
flow_001.31,43.0,3.0,0
flow_201.11,27.0,3.0,0
flow_00.14,38.0,3.0,0
flow_0012.15,43.0,4.5,0
flow_001.32,37.5,2.5,0
flow_00.15,21.5,2.0,0
flow_3012.6,75.0,4.5,0
flow_10.16,78.5,6.5,0
flow_3012.7,72.0,5.5,0
flow_301.10,54.5,3.0,0
flow_101.25,81.5,4.0,0
flow_30.6,52.5,3.0,0
flow_1012.21,82.5,4.5,0
flow_10.17,79.0,3.0,0
flow_3012.8,32.5,4.0,0
flow_10.18,78.0,3.0,0
flow_101.26,79.0,3.0,0
flow_101.27,77.5,3.0,0
flow_10.19,73.5,3.0,0
flow_1012.22,74.0,3.5,0
flow_10.20,63.0,2.5,0
flow_10.21,60.0,2.5,0
flow_10.22,50.0,2.5,0
flow_201.12,42.0,3.0,0
flow_0012.16,75.5,6.0,0
flow_2012.5,42.0,3.5,0
flow_0012.17,74.5,4.0,0
flow_00.16,71.0,3.0,0
flow_00.17,69.5,2.5,0
flow_001.33,62.0,2.5,0
flow_0012.18,62.5,3.5,0
flow_0012.19,61.5,4.0,0
flow_001.34,34.0,3.0,0
flow_00.18,28.0,2.5,0
flow_0012.20,25.0,3.5,0
flow_0012.21,24.5,3.0,0
flow_00.19,21.0,2.0,0
flow_20.4,21.0,1.5,0
flow_1012.23,84.5,4.5,0
flow_101.28,79.0,3.0,0
flow_10.23,74.5,3.0,0
flow_301.11,42.0,7.5,0
flow_10.24,73.5,2.5,0
flow_101.29,72.0,3.0,0
flow_1012.24,63.0,3.0,0
flow_101.30,58.5,2.5,0
flow_1012.25,54.5,3.5,0
flow_30.7,22.5,2.5,0
flow_1012.26,53.0,4.5,0
flow_101.31,50.0,3.0,0
flow_101.32,48.5,2.5,0
flow_10.25,44.0,2.5,0
flow_301.12,24.5,2.0,0
flow_101.33,30.5,2.5,0
flow_101.34,28.0,3.0,0
flow_001.35,71.0,3.5,0
flow_201.13,68.0,3.5,0
flow_0012.22,71.5,4.0,0
flow_001.36,70.0,3.0,0
flow_201.14,64.0,7.0,0
flow_001.37,69.5,3.0,0
flow_201.15,64.0,3.5,0
flow_001.38,68.0,3.0,0
flow_2012.6,53.0,5.0,0
flow_2012.7,40.0,4.5,0
flow_00.20,70.0,6.5,0
flow_2012.8,40.5,7.5,0
flow_00.21,73.0,8.0,0
flow_201.16,39.0,3.0,0
flow_00.22,71.5,5.0,0
flow_001.39,69.5,3.0,0
flow_2012.9,43.0,4.0,0
flow_201.17,28.5,3.0,0
flow_001.40,72.0,4.0,0
flow_301.13,58.5,3.5,0
flow_1012.27,79.0,6.5,0
flow_101.35,76.0,3.0,0
flow_101.36,75.5,3.5,0
flow_1012.28,73.0,3.5,0
flow_101.37,57.5,3.0,0
flow_101.38,56.5,3.5,0
flow_101.39,35.0,3.5,0
flow_101.40,26.0,3.0,0
flow_101.41,26.0,3.0,0
flow_101.42,26.0,3.0,0
flow_1012.29,23.5,2.5,0
flow_001.41,102.5,3.5,0
flow_201.18,72.5,3.5,0
flow_2012.10,27.5,3.5,0
flow_001.42,98.0,4.0,0
flow_001.43,96.0,3.5,0
flow_00.23,91.5,3.0,0
flow_00.24,86.5,2.5,0
flow_0012.23,83.5,3.5,0
flow_001.44,74.5,2.5,0
flow_0012.24,73.5,3.5,0
flow_00.25,69.5,2.5,0
flow_201.19,25.5,2.5,0
flow_0012.25,72.5,4.5,0
flow_00.26,60.0,3.0,0
flow_0012.26,65.0,4.5,0
flow_0012.27,34.0,3.5,0
flow_3012.9,41.5,4.5,0
flow_101.43,74.5,7.0,0
flow_101.44,75.5,3.5,0
flow_10.26,69.5,3.0,0
flow_1012.30,74.0,4.0,0
flow_101.45,71.0,3.0,0
flow_101.46,68.5,3.5,0
flow_1012.31,58.5,4.0,0
flow_101.47,44.0,3.0,0
flow_101.48,32.5,3.0,0
flow_201.20,58.0,3.5,0
flow_001.45,78.5,3.5,0
flow_20.5,56.0,3.0,0
flow_00.27,76.5,3.0,0
flow_001.46,75.5,3.0,0
flow_201.21,45.0,3.0,0
flow_2012.11,44.5,3.5,0
flow_001.47,79.0,6.5,0
flow_2012.12,42.5,5.5,0
flow_2012.13,31.0,5.0,0
flow_001.48,83.0,4.5,0
flow_00.28,80.0,3.0,0
flow_20.6,22.5,2.0,0
flow_001.49,82.0,3.5,0
flow_0012.28,79.5,3.5,0
flow_0012.29,77.5,3.5,0
flow_0012.30,76.5,3.5,0
flow_301.14,64.0,3.5,0
flow_101.49,63.5,3.5,0
flow_30.8,51.5,3.0,0
flow_101.50,51.5,3.0,0
flow_3012.10,52.5,4.0,0
flow_10.27,53.0,6.0,0
flow_101.51,52.0,3.5,0
flow_10.28,47.0,3.0,0
flow_101.52,31.0,2.5,0
flow_1012.32,29.0,3.0,0
flow_00.29,123.0,4.0,0
flow_20.7,66.0,4.0,0
flow_00.30,121.5,3.0,0
flow_201.22,65.5,3.0,0
flow_001.50,92.0,3.0,0
flow_201.23,65.5,3.5,0
flow_0012.31,90.5,4.0,0
flow_001.51,86.5,2.5,0
flow_20.8,40.0,6.0,0
flow_20.9,25.0,3.0,0
flow_001.52,84.5,2.5,0
flow_001.53,82.0,3.5,0
flow_00.31,77.5,2.5,0
flow_0012.32,77.5,3.5,0
flow_00.32,74.0,2.5,0
flow_0012.33,73.5,3.5,0
flow_00.33,69.0,2.5,0
flow_001.54,31.0,3.0,0
flow_00.34,25.5,2.5,0
flow_00.35,24.5,2.5,0
flow_1012.33,62.0,4.0,0
flow_301.15,71.0,7.0,0
flow_101.53,57.5,3.0,0
flow_10.29,53.0,3.0,0
flow_301.16,51.0,3.0,0
flow_1012.34,54.5,4.0,0
flow_30.9,34.0,5.0,0
flow_101.54,44.5,3.0,0
flow_10.30,33.5,2.5,0
flow_10.31,30.5,2.5,0
flow_101.55,25.0,2.5,0
flow_101.56,25.0,2.5,0
flow_101.57,26.5,3.0,0
flow_3012.11,27.0,4.5,0
flow_001.55,71.0,3.5,0
flow_201.24,69.5,3.5,0
flow_001.56,71.0,3.0,0
flow_001.57,68.0,3.0,0
flow_001.58,66.0,3.0,0
flow_201.25,24.5,2.5,0
flow_0012.34,64.5,3.5,0
flow_0012.35,62.5,3.5,0
flow_001.59,59.5,3.0,0
flow_00.36,47.5,2.5,0
flow_001.60,48.0,3.0,0
flow_201.26,25.5,2.5,0
flow_0012.36,47.0,4.0,0
flow_001.61,43.5,2.5,0
flow_00.37,40.5,2.5,0
flow_001.62,30.0,2.5,0
flow_001.63,28.0,3.0,0
flow_101.58,69.5,3.5,0
flow_301.17,36.0,3.5,0
flow_30.10,29.0,3.0,0
flow_1012.35,71.5,5.5,0
flow_101.59,71.5,3.0,0
flow_101.60,70.0,3.0,0
flow_10.32,69.0,3.0,0
flow_101.61,65.5,2.5,0
flow_1012.36,64.5,3.0,0
flow_10.33,53.5,3.0,0
flow_1012.37,51.0,3.0,0
flow_10.34,48.0,3.0,0
flow_101.62,52.5,3.0,0
flow_301.18,26.0,3.0,0
flow_10.35,46.0,3.0,0
flow_101.63,32.5,2.5,0
flow_10.36,27.0,2.5,0
flow_301.19,26.0,3.0,0
flow_0012.37,75.5,4.5,0
flow_20.10,42.5,5.5,0
flow_001.64,75.5,3.0,0
flow_201.27,27.0,3.0,0
flow_001.65,75.0,3.5,0
flow_0012.38,72.0,3.5,0
flow_001.66,71.0,2.5,0
flow_0012.39,70.0,4.0,0
flow_00.38,66.0,2.5,0
flow_0012.40,66.0,3.0,0
flow_001.67,64.0,2.5,0
flow_20.11,21.0,1.5,0
flow_001.68,63.5,3.0,0
flow_001.69,56.5,3.0,0
flow_00.39,49.0,2.5,0
flow_001.70,29.5,2.0,0
flow_001.71,28.0,2.5,0
flow_001.72,26.5,3.0,0
flow_3012.12,55.0,4.5,0
flow_30.11,44.0,3.0,0
flow_101.64,79.5,8.0,0
flow_30.12,32.0,3.0,0
flow_10.37,76.5,3.0,0
flow_10.38,75.5,3.0,0
flow_1012.38,75.5,3.0,0
flow_1012.39,73.5,3.5,0
flow_101.65,61.5,2.5,0
flow_1012.40,53.0,3.5,0
flow_10.39,50.5,2.5,0
flow_301.20,26.5,3.0,0
flow_1012.41,46.5,4.0,0
flow_101.66,44.0,3.0,0
flow_101.67,42.5,2.5,0
flow_10.40,38.0,2.5,0
flow_10.41,29.5,2.5,0
flow_201.28,63.5,3.5,0
flow_001.73,73.5,4.0,0
flow_20.12,53.5,3.0,0
flow_001.74,71.5,3.0,0
flow_201.29,53.5,3.0,0
flow_001.75,59.0,3.0,0
flow_2012.14,42.0,3.5,0
flow_001.76,35.0,6.5,0
flow_2012.15,45.5,6.0,0
flow_2012.16,33.0,5.0,0
flow_00.40,31.0,6.0,0
flow_201.30,29.0,2.5,0
flow_201.31,28.5,3.0,0
flow_2012.17,26.5,4.0,0
flow_001.77,25.5,2.5,0
flow_001.78,26.0,3.0,0
flow_301.21,71.5,3.5,0
flow_001.0,25.0,2.5,0
flow_201.0,24.5,2.5,0
flow_2012.0,24.0,3.0,0
flow_2012.1,27.5,4.0,0
flow_30.0,53.0,4.0,0
flow_101.0,38.0,3.5,0
flow_30.1,42.0,3.0,0
flow_101.1,37.5,3.0,0
flow_301.0,40.0,3.0,0
flow_10.0,24.5,2.5,0
flow_1012.0,35.0,6.5,0
flow_301.1,33.5,4.0,0
flow_301.2,26.5,2.5,0
flow_30.2,21.0,2.0,0
flow_301.3,24.5,2.5,0
flow_201.1,72.0,3.5,0
flow_001.1,69.5,4.0,0
flow_201.2,67.5,3.0,0
flow_001.2,55.0,3.0,0
flow_2012.2,67.0,4.0,0
flow_0012.0,54.0,4.0,0
flow_2012.3,66.5,4.0,0
flow_0012.1,45.0,4.0,0
flow_201.3,65.5,3.0,0
flow_2012.4,61.5,4.0,0
flow_00.0,22.0,2.0,0
flow_201.4,55.5,3.0,0
flow_201.5,54.5,3.5,0
flow_2012.5,41.5,4.0,0
flow_00.1,21.5,2.0,0
flow_201.6,39.0,2.5,0
flow_2012.6,34.5,3.5,0
flow_00.2,23.5,2.5,0
flow_3012.0,68.0,4.5,0
flow_30.3,65.5,3.0,0
flow_101.2,75.0,7.5,0
flow_301.4,66.5,3.0,0
flow_1012.1,61.5,5.0,0
flow_10.1,57.5,3.0,0
flow_301.5,69.0,4.0,0
flow_1012.2,59.0,4.5,0
flow_1012.3,55.5,4.5,0
flow_101.3,30.5,3.0,0
flow_301.6,74.5,4.0,0
flow_1012.4,33.0,4.5,0
flow_301.7,75.0,4.0,0
flow_101.4,24.5,2.0,0
flow_301.8,74.0,3.0,0
flow_301.9,73.5,3.0,0
flow_301.10,72.0,3.5,0
flow_201.7,68.5,3.5,0
flow_00.3,72.5,3.5,0
flow_0012.2,77.0,6.5,0
flow_201.8,52.0,3.5,0
flow_00.4,71.0,3.0,0
flow_0012.3,59.0,3.5,0
flow_2012.7,49.5,5.0,0
flow_20.0,41.0,3.5,0
flow_001.3,59.5,3.0,0
flow_0012.4,35.0,3.0,0
flow_00.5,31.5,2.5,0
flow_201.9,29.0,5.5,0
flow_00.6,21.5,2.0,0
flow_00.7,21.0,1.5,0
flow_1012.5,58.5,4.0,0
flow_3012.1,118.5,4.5,0
flow_3012.2,118.5,4.0,0
flow_3012.3,117.0,4.0,0
flow_101.5,46.0,7.0,0
flow_3012.4,98.0,5.5,0
flow_3012.5,95.5,4.5,0
flow_10.2,47.0,5.5,0
flow_301.11,93.0,3.0,0
flow_101.6,46.0,3.5,0
flow_1012.6,35.5,3.0,0
flow_3012.6,92.0,5.0,0
flow_10.3,33.5,3.0,0
flow_301.12,88.0,3.0,0
flow_10.4,30.5,3.0,0
flow_3012.7,86.5,4.5,0
flow_3012.8,85.5,4.0,0
flow_301.13,83.5,2.5,0
flow_101.7,35.0,3.5,0
flow_201.10,62.0,3.5,0
flow_001.4,61.5,3.5,0
flow_0012.5,62.5,4.0,0
flow_2012.8,55.0,4.5,0
flow_0012.6,61.0,4.0,0
flow_001.5,59.5,3.0,0
flow_201.11,42.5,4.0,0
flow_00.8,57.5,2.5,0
flow_20.1,29.0,3.0,0
flow_001.6,55.5,3.0,0
flow_001.7,53.0,3.0,0
flow_0012.7,50.5,3.5,0
flow_00.9,47.0,2.5,0
flow_20.2,21.0,2.0,0
flow_00.10,46.0,2.5,0
flow_001.8,45.5,2.5,0
flow_0012.8,43.0,3.0,0
flow_001.9,30.0,2.5,0
flow_001.10,28.5,2.5,0
flow_301.14,129.5,4.0,0
flow_101.8,61.0,3.5,0
flow_10.5,54.5,3.0,0
flow_301.15,89.0,3.0,0
flow_30.4,84.0,2.5,0
flow_3012.9,84.0,3.5,0
flow_1012.7,38.5,6.5,0
flow_1012.8,38.0,4.5,0
flow_101.9,30.5,2.5,0
flow_301.16,87.5,4.0,0
flow_301.17,86.0,3.5,0
flow_30.5,83.0,3.0,0
flow_3012.10,82.5,3.0,0
flow_301.18,81.0,2.5,0
flow_301.19,79.5,3.0,0
flow_30.6,76.0,2.5,0
flow_30.7,74.5,2.5,0
flow_30.8,34.0,2.5,0
flow_2012.9,66.5,4.5,0
flow_201.12,66.0,3.0,0
flow_001.11,80.0,7.5,0
flow_2012.10,65.0,4.0,0
flow_201.13,63.0,2.5,0
flow_001.12,81.5,4.0,0
flow_201.14,62.5,3.0,0
flow_2012.11,60.0,3.0,0
flow_0012.9,82.5,4.5,0
flow_20.3,52.0,2.5,0
flow_20.4,27.0,2.5,0
flow_001.13,82.5,3.5,0
flow_001.14,81.0,3.5,0
flow_201.15,27.0,2.5,0
flow_20.5,23.5,2.5,0
flow_001.15,80.0,3.5,0
flow_0012.10,79.0,4.5,0
flow_00.11,74.0,3.0,0
flow_201.16,28.0,3.0,0
flow_00.12,63.5,3.0,0
flow_2012.12,28.5,4.5,0
flow_001.16,61.5,6.5,0
flow_30.9,79.0,4.0,0
flow_1012.9,72.0,7.5,0
flow_10.6,68.0,3.5,0
flow_1012.10,73.5,5.0,0
flow_301.20,87.0,3.5,0
flow_30.10,85.0,4.5,0
flow_1012.11,70.5,4.5,0
flow_10.7,67.0,3.0,0
flow_101.10,66.0,3.0,0
flow_3012.11,87.5,5.0,0
flow_1012.12,65.0,3.5,0
flow_1012.13,64.5,4.0,0
flow_101.11,61.0,2.5,0
flow_301.21,89.5,4.5,0
flow_101.12,60.0,2.5,0
flow_10.8,36.5,2.5,0
flow_301.22,89.5,3.0,0
flow_301.23,88.5,3.0,0
flow_1012.14,35.0,5.5,0
flow_10.9,28.5,3.5,0
flow_30.11,87.5,3.5,0
flow_20.6,55.5,4.0,0
flow_0012.11,106.5,7.5,0
flow_2012.13,55.5,3.5,0
flow_001.17,105.0,3.0,0
flow_201.17,56.0,3.0,0
flow_2012.14,52.0,4.0,0
flow_20.7,46.5,2.5,0
flow_001.18,95.0,4.0,0
flow_201.18,45.5,2.5,0
flow_001.19,90.0,3.0,0
flow_2012.15,46.5,4.5,0
flow_201.19,28.0,2.5,0
flow_001.20,92.0,4.0,0
flow_2012.16,29.0,4.5,0
flow_201.20,25.5,2.5,0
flow_001.21,88.0,4.0,0
flow_00.13,76.5,3.0,0
flow_201.21,26.5,3.0,0
flow_00.14,75.5,3.0,0
flow_001.22,75.0,2.5,0
flow_30.12,133.5,4.0,0
flow_101.13,76.0,3.5,0
flow_3012.12,134.5,4.0,0
flow_10.10,78.0,6.0,0
flow_301.24,133.0,3.0,0
flow_101.14,75.5,3.5,0
flow_301.25,131.0,2.5,0
flow_1012.15,30.0,4.0,0
flow_101.15,28.0,3.0,0
flow_301.26,97.5,3.5,0
flow_301.27,92.5,3.0,0
flow_301.28,90.0,3.5,0
flow_301.29,88.0,3.5,0
flow_301.30,87.5,4.0,0
flow_3012.13,83.5,4.0,0
flow_1012.16,25.5,3.5,0
flow_3012.14,81.5,3.5,0
flow_30.13,76.0,3.0,0
flow_30.14,34.5,3.0,0
flow_2012.17,60.5,4.5,0
flow_001.23,119.5,7.5,0
flow_2012.18,62.5,5.0,0
flow_0012.12,118.5,4.0,0
flow_20.8,60.5,4.0,0
flow_001.24,117.0,2.5,0
flow_20.9,59.0,3.0,0
flow_001.25,98.0,3.5,0
flow_20.10,55.0,3.0,0
flow_001.26,93.5,3.5,0
flow_20.11,53.5,3.0,0
flow_001.27,90.5,3.5,0
flow_201.22,51.0,2.5,0
flow_001.28,88.0,3.0,0
flow_20.12,40.5,2.5,0
flow_00.15,83.0,2.5,0
flow_001.29,83.0,2.5,0
flow_201.23,42.0,3.0,0
flow_201.24,40.5,3.0,0
flow_001.30,82.5,3.5,0
flow_00.16,78.0,3.0,0
flow_201.25,39.5,3.0,0
flow_001.31,77.5,3.0,0
flow_201.26,37.5,3.5,0
flow_201.27,32.0,3.0,0
flow_001.32,33.5,3.0,0
flow_3012.15,80.0,4.5,0
flow_10.11,74.5,6.5,0
flow_301.31,78.5,3.0,0
flow_101.16,71.0,3.5,0
flow_3012.16,79.5,4.0,0
flow_301.32,76.5,3.0,0
flow_101.17,73.0,3.5,0
flow_301.33,76.5,3.5,0
flow_1012.17,74.0,4.5,0
flow_101.18,71.5,3.0,0
flow_301.34,78.5,4.0,0
flow_101.19,71.0,3.5,0
flow_10.12,44.5,3.0,0
flow_301.35,77.0,3.0,0
flow_301.36,77.0,3.5,0
flow_1012.18,46.5,5.5,0
flow_101.20,38.5,3.0,0
flow_301.37,78.5,3.5,0
flow_30.15,76.0,3.0,0
flow_30.16,74.0,2.5,0
flow_1012.19,29.5,5.5,0
flow_001.33,76.0,3.5,0
flow_2012.19,74.0,5.5,0
flow_20.13,52.5,3.0,0
flow_00.17,76.5,3.0,0
flow_00.18,75.0,3.0,0
flow_201.28,53.5,2.5,0
flow_201.29,47.0,3.0,0
flow_0012.13,75.5,4.0,0
flow_001.34,80.0,4.0,0
flow_00.19,72.5,3.0,0
flow_00.20,70.5,2.5,0
flow_00.21,69.5,2.5,0
flow_201.30,25.0,2.5,0
flow_20.14,22.0,2.0,0
flow_001.35,69.5,3.0,0
flow_001.36,68.0,3.0,0
flow_0012.14,66.0,3.5,0
flow_001.37,65.5,3.0,0
flow_001.38,34.5,3.5,0
flow_301.38,121.0,3.5,0
flow_1012.20,73.5,6.5,0
flow_101.21,67.5,3.5,0
flow_10.13,63.5,3.0,0
flow_301.39,91.5,4.0,0
flow_301.40,89.0,3.5,0
flow_1012.21,61.0,4.5,0
flow_10.14,53.0,3.0,0
flow_301.41,91.0,4.0,0
flow_301.42,90.5,3.5,0
flow_301.43,88.5,3.5,0
flow_3012.17,86.5,3.5,0
flow_3012.18,85.5,3.5,0
flow_3012.19,83.5,3.5,0
flow_30.17,80.5,3.0,0
flow_301.44,80.0,2.5,0
flow_3012.20,76.5,3.0,0
flow_001.39,78.5,3.5,0
flow_201.31,44.5,3.5,0
flow_0012.15,78.5,4.0,0
flow_2012.20,38.0,4.0,0
flow_0012.16,77.0,4.0,0
flow_2012.21,35.0,4.0,0
flow_20.15,20.5,1.5,0
flow_001.40,77.0,3.5,0
flow_00.22,72.5,3.0,0
flow_0012.17,72.0,3.0,0
flow_0012.18,72.5,3.5,0
flow_001.41,69.0,2.5,0
flow_001.42,69.5,3.0,0
flow_2012.22,26.5,4.0,0
flow_001.43,71.0,7.0,0
flow_0012.19,70.0,4.0,0
flow_20.16,25.0,4.5,0
flow_001.44,67.0,2.5,0
flow_101.22,54.0,3.5,0
flow_301.45,85.0,3.5,0
flow_30.18,80.0,3.0,0
flow_3012.21,80.0,3.5,0
flow_30.19,76.5,2.5,0
flow_30.20,75.5,2.5,0
flow_3012.22,73.5,3.0,0
flow_1012.22,27.5,4.0,0
flow_301.46,76.5,6.0,0
flow_30.21,74.5,3.0,0
flow_301.47,74.5,2.5,0
flow_3012.23,71.5,3.0,0
flow_3012.24,71.0,3.5,0
flow_301.48,68.0,2.5,0
flow_10.15,21.5,2.0,0
flow_301.49,33.5,2.5,0
flow_2012.23,47.0,4.5,0
flow_00.23,87.0,6.5,0
flow_201.32,28.5,2.5,0
flow_20.17,21.5,2.0,0
flow_001.45,84.5,3.5,0
flow_001.46,83.0,2.5,0
flow_00.24,80.0,3.0,0
flow_001.47,79.5,2.5,0
flow_2012.24,28.5,5.0,0
flow_2012.25,27.5,4.0,0
flow_001.48,84.0,4.0,0
flow_2012.26,29.0,6.5,0
flow_001.49,87.0,4.0,0
flow_001.50,85.5,3.0,0
flow_001.51,85.5,3.0,0
flow_00.25,81.0,3.0,0
flow_201.33,24.5,2.5,0
flow_30.22,79.0,4.0,0
flow_101.23,66.0,3.5,0
flow_10.16,64.0,3.0,0
flow_30.23,78.5,3.0,0
flow_301.50,77.5,3.0,0
flow_101.24,42.5,3.5,0
flow_30.24,73.0,2.5,0
flow_3012.25,78.0,4.0,0
flow_101.25,44.0,7.0,0
flow_301.51,74.0,2.5,0
flow_101.26,39.5,3.5,0
flow_301.52,72.5,3.0,0
flow_30.25,68.5,2.5,0
flow_10.17,29.5,3.0,0
flow_301.53,70.0,3.0,0
flow_301.54,68.5,3.5,0
flow_301.55,67.5,3.5,0
flow_301.56,66.0,3.5,0
flow_101.27,24.5,2.5,0
flow_301.57,33.0,3.5,0
flow_301.58,30.0,3.0,0
flow_001.52,130.0,3.5,0
flow_2012.27,74.0,6.0,0
flow_201.34,65.5,3.0,0
flow_001.53,131.5,3.5,0
flow_201.35,63.5,3.0,0
flow_0012.20,95.5,5.0,0
flow_00.26,88.0,3.0,0
flow_0012.21,93.0,4.5,0
flow_201.36,52.0,4.5,0
flow_2012.28,47.5,3.5,0
flow_0012.22,90.0,4.5,0
flow_2012.29,42.5,4.0,0
flow_201.37,30.5,3.0,0
flow_001.54,93.0,4.5,0
flow_201.38,28.5,3.0,0
flow_001.55,90.5,3.0,0
flow_00.27,88.0,3.0,0
flow_201.39,27.5,3.0,0
flow_00.28,86.0,3.0,0
flow_0012.23,86.0,3.5,0
flow_10.18,66.5,4.0,0
flow_30.26,75.0,4.0,0
flow_301.59,75.0,3.0,0
flow_30.27,74.5,3.0,0
flow_1012.23,71.0,5.0,0
flow_101.28,58.5,3.0,0
flow_10.19,37.0,2.5,0
flow_301.60,75.0,2.5,0
flow_301.61,74.0,3.0,0
flow_301.62,72.0,2.5,0
flow_3012.26,70.5,3.5,0
flow_30.28,67.0,2.5,0
flow_3012.27,71.0,4.5,0
flow_30.29,67.5,3.0,0
flow_301.63,64.5,2.5,0
flow_301.64,63.5,3.0,0
flow_301.65,33.5,3.0,0
flow_00.29,130.5,4.0,0
flow_20.18,68.0,4.0,0
flow_201.40,65.0,3.5,0
flow_2012.30,61.5,3.5,0
flow_0012.24,92.0,5.5,0
flow_0012.25,89.5,5.0,0
flow_0012.26,87.5,4.5,0
flow_0012.27,85.5,4.5,0
flow_0012.28,84.5,5.0,0
flow_001.56,81.0,2.5,0
flow_201.41,73.5,4.5,0
flow_001.57,80.5,3.0,0
flow_201.42,69.0,3.5,0
flow_2012.31,66.5,3.5,0
flow_0012.29,81.0,5.5,0
flow_00.30,77.5,4.0,0
flow_00.31,75.5,3.0,0
flow_20.19,59.0,3.0,0
flow_201.43,67.0,3.0,0
flow_001.58,75.0,2.5,0
flow_201.44,60.0,3.0,0
flow_001.59,35.0,3.0,0
flow_101.29,73.5,3.5,0
flow_301.66,79.0,3.5,0
flow_301.67,78.0,3.0,0
flow_101.30,62.0,3.0,0
flow_30.30,74.5,3.0,0
flow_1012.24,64.0,6.5,0
flow_101.31,60.0,3.0,0
flow_301.68,79.5,3.0,0
flow_30.31,77.0,3.0,0
flow_101.32,60.0,3.0,0
flow_1012.25,60.0,5.5,0
flow_101.33,59.5,3.0,0
flow_301.69,82.5,3.5,0
flow_1012.26,60.0,5.0,0
flow_10.20,49.0,3.0,0
flow_301.70,83.5,3.5,0
flow_101.34,48.5,3.0,0
flow_301.71,83.0,3.5,0
flow_101.35,47.5,3.5,0
flow_301.72,81.5,3.0,0
flow_101.36,29.5,3.5,0
flow_00.32,78.0,4.0,0
flow_201.45,100.5,3.5,0
flow_001.60,78.5,3.0,0
flow_2012.32,102.0,5.0,0
flow_201.46,99.5,3.0,0
flow_001.61,80.5,3.5,0
flow_20.20,94.5,2.5,0
flow_001.62,82.0,4.0,0
flow_2012.33,86.0,6.0,0
flow_201.47,71.5,3.5,0
flow_001.63,83.0,4.0,0
flow_201.48,66.0,3.0,0
flow_001.64,81.5,3.5,0
flow_00.33,77.5,3.0,0
flow_201.49,50.5,3.0,0
flow_00.34,75.5,3.0,0
flow_201.50,41.5,3.5,0
flow_20.21,27.0,3.0,0
flow_00.35,74.0,2.5,0
flow_201.51,28.5,3.0,0
flow_2012.34,26.0,3.5,0
flow_0012.30,77.0,5.0,0
flow_001.65,75.5,3.5,0
flow_1012.27,65.5,4.5,0
flow_30.32,131.0,6.5,0
flow_1012.28,57.0,5.5,0
flow_30.33,133.0,7.5,0
flow_101.37,56.0,3.0,0
flow_301.73,130.0,3.5,0
flow_1012.29,56.0,4.0,0
flow_3012.28,98.5,3.5,0
flow_30.34,90.0,3.0,0
flow_101.38,56.5,3.5,0
flow_301.74,96.5,3.0,0
flow_1012.30,57.0,4.5,0
flow_1012.31,55.0,4.0,0
flow_10.21,52.0,3.0,0
flow_301.75,96.5,4.0,0
flow_101.39,52.0,2.5,0
flow_301.76,94.5,3.0,0
flow_101.40,50.5,3.0,0
flow_1012.32,49.0,4.0,0
flow_3012.29,94.0,4.0,0
flow_30.35,89.5,3.0,0
flow_101.41,36.5,3.0,0
flow_00.36,119.5,4.0,0
flow_20.22,64.0,4.0,0
flow_201.52,60.5,3.0,0
flow_001.66,89.5,3.5,0
flow_20.23,49.5,3.0,0
flow_001.67,86.0,3.5,0
flow_201.53,46.0,2.5,0
flow_0012.31,85.5,5.5,0
flow_00.37,81.0,3.0,0
flow_20.24,37.5,3.0,0
flow_201.54,35.0,2.5,0
flow_001.68,81.0,2.5,0
flow_00.38,77.5,2.5,0
flow_0012.32,77.0,3.0,0
flow_2012.35,25.0,3.0,0
flow_001.69,77.5,3.0,0
flow_0012.33,75.0,3.5,0
flow_0012.34,75.0,3.5,0
flow_00.39,30.5,3.0,0
flow_0012.35,73.0,4.0,0
flow_0012.36,29.0,3.5,0
flow_301.77,137.0,3.5,0
flow_20.0,21.5,2.0,0
flow_201.0,26.5,3.0,0
flow_20.1,22.5,2.0,0
flow_001.0,26.0,3.0,0
flow_30.0,52.0,4.0,0
flow_1012.0,53.5,7.5,0
flow_3012.0,51.5,4.0,0
flow_10.0,28.5,3.5,0
flow_1012.1,29.5,3.5,0
flow_10.1,26.0,2.5,0
flow_301.0,28.5,3.5,0
flow_301.1,25.5,2.5,0
flow_301.2,27.5,3.5,0
flow_301.3,26.5,3.0,0
flow_001.1,25.5,2.5,0
flow_201.1,60.5,3.5,0
flow_201.2,49.5,3.5,0
flow_2012.0,47.0,3.5,0
flow_201.3,45.5,2.5,0
flow_2012.1,42.5,3.5,0
flow_201.4,42.0,2.5,0
flow_201.5,39.0,3.0,0
flow_20.2,33.5,2.5,0
flow_20.3,26.5,2.5,0
flow_20.4,20.0,1.5,0
flow_301.4,57.5,3.5,0
flow_101.0,30.0,3.5,0
flow_301.5,40.0,3.0,0
flow_101.1,28.0,3.0,0
flow_301.6,39.5,3.5,0
flow_30.1,36.0,2.5,0
flow_101.2,26.0,3.0,0
flow_3012.1,37.5,4.0,0
flow_3012.2,34.0,4.0,0
flow_30.2,21.5,2.0,0
flow_3012.3,24.5,3.0,0
flow_201.6,69.5,3.5,0
flow_001.2,72.0,3.5,0
flow_20.5,67.0,3.0,0
flow_201.7,67.5,3.0,0
flow_2012.2,66.5,3.5,0
flow_201.8,53.0,2.5,0
flow_001.3,25.0,3.0,0
flow_201.9,52.5,3.0,0
flow_2012.3,49.0,3.0,0
flow_201.10,42.0,3.0,0
flow_00.0,23.0,2.5,0
flow_2012.4,39.0,4.0,0
flow_20.6,28.0,2.5,0
flow_201.11,37.5,3.0,0
flow_201.12,29.5,3.0,0
flow_201.13,28.0,3.5,0
flow_10.2,40.0,4.0,0
flow_301.7,70.0,3.5,0
flow_10.3,35.0,3.0,0
flow_301.8,71.0,3.5,0
flow_30.3,55.0,3.0,0
flow_10.4,23.0,2.0,0
flow_30.4,51.0,3.0,0
flow_10.5,22.0,2.0,0
flow_301.9,50.0,2.5,0
flow_301.10,31.0,2.5,0
flow_301.11,27.0,3.0,0
flow_30.5,22.0,2.0,0
flow_301.12,23.5,2.0,0
flow_20.7,73.5,4.0,0
flow_001.4,74.0,3.5,0
flow_001.5,27.0,2.5,0
flow_201.14,75.5,3.5,0
flow_20.8,72.0,3.0,0
flow_20.9,55.5,3.0,0
flow_201.15,56.0,3.0,0
flow_201.16,54.5,3.0,0
flow_201.17,53.5,3.5,0
flow_201.18,40.5,3.5,0
flow_201.19,26.5,3.0,0
flow_201.20,27.0,3.0,0
flow_30.6,50.0,4.0,0
flow_30.7,36.0,3.0,0
flow_3012.4,36.5,3.5,0
flow_3012.5,36.0,4.0,0
flow_301.13,34.0,3.0,0
flow_3012.6,32.5,3.5,0
flow_301.14,32.5,3.5,0
flow_30.8,25.5,3.0,0
flow_301.15,31.5,3.5,0
flow_30.9,26.0,2.5,0
flow_301.16,25.0,2.0,0
flow_101.3,25.5,2.5,0
flow_20.10,70.5,4.0,0
flow_0012.0,55.0,7.5,0
flow_00.1,26.5,3.0,0
flow_20.11,72.5,5.0,0
flow_201.21,71.5,3.0,0
flow_20.12,61.0,3.0,0
flow_201.22,71.5,3.0,0
flow_00.2,21.5,2.0,0
flow_201.23,57.0,2.5,0
flow_2012.5,38.5,3.5,0
flow_201.24,34.0,2.5,0
flow_201.25,26.5,3.0,0
flow_201.26,25.5,2.5,0
flow_001.6,27.0,3.0,0
flow_00.3,22.0,2.0,0
flow_2012.6,27.0,4.5,0
flow_101.4,73.5,3.5,0
flow_301.17,68.0,3.5,0
flow_10.6,71.5,3.0,0
flow_301.18,66.5,3.5,0
flow_10.7,63.5,3.0,0
flow_3012.7,66.5,6.0,0
flow_30.10,64.0,3.0,0
flow_10.8,34.0,5.0,0
flow_3012.8,56.0,3.5,0
flow_301.19,54.5,2.5,0
flow_101.5,29.0,5.5,0
flow_3012.9,55.0,4.0,0
flow_10.9,24.0,3.0,0
flow_30.11,51.5,3.0,0
flow_30.12,50.0,3.0,0
flow_30.13,48.0,2.5,0
flow_3012.10,47.5,3.0,0
flow_1012.2,24.0,3.0,0
flow_30.14,44.0,3.0,0
flow_30.15,31.5,2.5,0
flow_3012.11,29.5,3.5,0
flow_2012.7,74.0,4.5,0
flow_201.27,66.5,3.0,0
flow_001.7,75.5,7.0,0
flow_201.28,66.5,3.5,0
flow_20.13,62.5,2.5,0
flow_001.8,63.0,3.0,0
flow_001.9,57.0,3.0,0
flow_00.4,49.0,2.5,0
flow_201.29,50.5,3.0,0
flow_2012.8,50.0,4.0,0
flow_20.14,47.0,3.0,0
flow_001.10,52.0,6.5,0
flow_201.30,47.0,2.5,0
flow_001.11,48.5,3.5,0
flow_201.31,46.5,2.5,0
flow_00.5,24.5,2.5,0
flow_201.32,44.5,3.0,0
flow_201.33,43.5,3.0,0
flow_2012.9,42.0,3.5,0
flow_0012.1,26.5,4.0,0
flow_201.34,33.5,3.5,0
flow_201.35,31.5,3.5,0
flow_3012.12,75.5,4.5,0
flow_301.20,75.5,3.5,0
flow_30.16,70.0,2.5,0
flow_301.21,74.5,3.5,0
flow_30.17,69.0,2.5,0
flow_301.22,68.5,2.5,0
flow_3012.13,66.5,3.0,0
flow_3012.14,67.0,4.0,0
flow_3012.15,65.0,4.0,0
flow_301.23,47.0,3.0,0
flow_101.6,29.5,3.5,0
flow_3012.16,46.5,4.0,0
flow_301.24,44.5,3.0,0
flow_1012.3,25.5,3.5,0
flow_301.25,35.0,6.5,0
flow_20.15,74.0,4.0,0
flow_20.16,73.5,3.0,0
flow_201.36,73.5,3.0,0
flow_00.6,21.0,1.5,0
flow_201.37,73.0,3.0,0
flow_201.38,72.0,3.0,0
flow_201.39,70.5,3.5,0
flow_201.40,69.5,3.5,0
flow_201.41,68.0,3.0,0
flow_20.17,63.5,2.5,0
flow_2012.10,64.5,3.0,0
flow_201.42,57.0,2.5,0
flow_2012.11,43.0,3.5,0
flow_20.18,29.0,2.5,0
flow_201.43,27.5,2.5,0
flow_301.26,80.0,3.5,0
flow_1012.4,61.5,6.5,0
flow_3012.17,80.5,4.0,0
flow_301.27,79.0,3.5,0
flow_101.7,25.5,2.5,0
flow_3012.18,79.0,5.5,0
flow_301.28,77.0,3.0,0
flow_30.18,72.5,2.5,0
flow_301.29,73.0,2.5,0
flow_301.30,73.0,3.5,0
flow_10.10,21.0,1.5,0
flow_301.31,71.5,3.5,0
flow_3012.19,70.0,4.5,0
flow_3012.20,69.0,4.0,0
flow_301.32,68.0,3.0,0
flow_30.19,32.0,2.5,0
flow_001.12,53.0,3.5,0
flow_201.44,72.5,3.5,0
flow_0012.2,48.5,4.0,0
flow_001.13,29.0,2.5,0
flow_201.45,74.0,7.0,0
flow_2012.12,72.5,3.5,0
flow_201.46,71.0,2.5,0
flow_20.19,67.0,3.0,0
flow_201.47,71.5,3.5,0
flow_20.20,62.0,2.5,0
flow_201.48,62.5,3.0,0
flow_0012.3,24.0,3.0,0
flow_2012.13,47.5,3.5,0
flow_00.7,22.5,2.0,0
flow_201.49,46.0,2.5,0
flow_201.50,44.5,3.0,0
flow_001.14,25.5,2.5,0
flow_201.51,29.0,3.0,0
flow_3012.21,80.0,4.5,0
flow_301.33,79.0,3.0,0
flow_30.20,76.0,3.0,0
flow_101.8,44.0,7.5,0
flow_301.34,76.5,2.5,0
flow_301.35,75.0,3.0,0
flow_30.21,72.0,2.5,0
flow_301.36,71.5,2.5,0
flow_3012.22,69.5,3.0,0
flow_301.37,69.0,3.0,0
flow_30.22,66.0,2.5,0
flow_30.23,64.0,2.5,0
flow_301.38,64.0,2.5,0
flow_301.39,30.5,3.0,0
flow_3012.23,26.5,3.0,0
flow_30.24,24.5,2.5,0
flow_001.15,69.0,3.5,0
flow_201.52,67.5,3.5,0
flow_20.21,50.5,3.0,0
flow_001.16,69.5,3.0,0
flow_20.22,49.5,3.0,0
flow_001.17,69.0,3.5,0
flow_201.53,49.0,2.5,0
flow_001.18,67.5,3.0,0
flow_001.19,66.5,3.0,0
flow_201.54,45.5,3.0,0
flow_2012.14,28.0,4.0,0
flow_00.8,60.0,5.5,0
flow_0012.4,45.5,4.5,0
flow_0012.5,25.5,3.5,0
flow_301.40,71.5,3.5,0
flow_101.9,35.5,3.5,0
flow_1012.5,34.5,3.5,0
flow_3012.24,67.0,4.0,0
flow_101.10,33.0,3.0,0
flow_301.41,66.0,3.0,0
flow_3012.25,60.5,3.5,0
flow_301.42,52.5,2.5,0
flow_301.43,39.0,3.0,0
flow_301.44,31.5,3.0,0
flow_3012.26,29.5,3.5,0
flow_301.45,29.5,3.0,0
flow_301.46,24.5,2.0,0
flow_301.47,25.5,2.5,0
flow_001.20,73.5,3.5,0
flow_201.55,53.0,3.5,0
flow_00.9,24.5,2.5,0
flow_2012.15,54.0,5.5,0
flow_20.23,41.0,3.0,0
flow_2012.16,40.0,3.5,0
flow_201.56,37.0,2.5,0
flow_20.24,21.0,1.5,0
flow_001.21,24.5,2.5,0
flow_301.48,67.0,3.5,0
flow_101.11,55.5,3.5,0
flow_30.25,58.0,3.0,0
flow_101.12,32.5,3.5,0
flow_10.11,29.0,3.0,0
flow_3012.27,57.0,5.5,0
flow_101.13,30.0,3.0,0
flow_301.49,54.0,3.5,0
flow_301.50,47.5,3.5,0
flow_101.14,26.5,3.0,0
flow_3012.28,41.0,5.0,0
flow_3012.29,39.5,4.5,0
flow_301.51,34.5,3.0,0
flow_3012.30,33.5,3.5,0
flow_301.52,29.0,2.5,0
flow_30.26,25.5,2.5,0
flow_301.53,26.5,2.5,0
flow_30.27,22.5,2.0,0
flow_001.22,74.0,3.5,0
flow_201.57,66.5,3.5,0
flow_001.23,69.5,3.0,0
flow_201.58,63.0,3.5,0
flow_20.25,56.5,3.0,0
flow_00.10,31.0,3.0,0
flow_2012.17,49.5,3.5,0
flow_201.59,47.5,3.0,0
flow_001.24,29.0,4.0,0
flow_201.60,48.0,3.5,0
flow_2012.18,33.5,3.5,0
flow_001.25,26.0,3.0,0
flow_3012.31,73.5,4.5,0
flow_301.54,71.5,3.0,0
flow_101.15,76.5,7.5,0
flow_3012.32,71.5,4.0,0
flow_301.55,68.5,2.5,0
flow_101.16,33.0,7.0,0
flow_3012.33,69.5,4.0,0
flow_301.56,67.5,3.0,0
flow_301.57,66.0,3.0,0
flow_301.58,65.0,3.5,0
flow_301.59,63.5,3.0,0
flow_3012.34,50.0,3.5,0
flow_3012.35,49.0,3.5,0
flow_30.28,44.5,3.0,0
flow_301.60,32.0,2.5,0
flow_301.61,29.0,3.0,0
flow_201.61,62.5,3.5,0
flow_001.26,58.5,3.5,0
flow_0012.6,46.0,4.0,0
flow_201.62,65.0,6.5,0
flow_201.63,63.5,3.5,0
flow_20.26,60.5,2.5,0
flow_001.27,24.5,2.5,0
flow_201.64,51.0,3.5,0
flow_201.65,49.5,3.5,0
flow_201.66,47.5,3.0,0
flow_0012.7,27.0,4.5,0
flow_201.67,50.0,4.5,0
flow_2012.19,48.0,3.5,0
flow_201.68,35.5,2.5,0
flow_201.69,31.5,3.0,0
flow_30.29,74.5,4.0,0
flow_101.17,70.0,3.5,0
flow_301.62,74.5,3.0,0
flow_101.18,69.5,3.0,0
flow_1012.6,29.5,3.5,0
flow_301.63,77.5,6.5,0
flow_301.64,77.0,3.0,0
flow_3012.36,74.5,3.5,0
flow_301.65,74.0,3.0,0
flow_30.30,70.0,2.5,0
flow_3012.37,69.5,3.0,0
flow_301.66,68.0,2.5,0
flow_3012.38,66.0,3.0,0
flow_301.67,64.5,2.0,0
flow_301.68,57.0,3.0,0
flow_301.69,34.5,3.0,0
flow_201.70,79.0,3.5,0
flow_001.28,62.5,4.0,0
flow_201.71,78.5,3.0,0
flow_001.29,61.5,3.5,0
flow_201.72,58.0,3.0,0
flow_001.30,55.5,3.0,0
flow_201.73,54.0,3.0,0
flow_20.27,50.0,2.5,0
flow_001.31,41.5,4.0,0
flow_001.32,40.0,3.5,0
flow_2012.20,45.0,4.5,0
flow_20.28,38.5,3.0,0
flow_001.33,37.5,4.0,0
flow_2012.21,38.5,4.0,0
flow_20.29,32.0,3.0,0
flow_00.11,33.5,5.0,0
flow_001.34,25.0,2.5,0
flow_20.30,21.0,1.5,0
flow_001.35,25.0,2.5,0
flow_101.19,41.0,3.5,0
flow_301.70,79.0,3.5,0
flow_3012.39,80.0,4.5,0
flow_301.71,76.5,3.0,0
flow_301.72,76.0,3.0,0
flow_3012.40,52.5,3.0,0
flow_301.73,46.5,2.5,0
flow_301.74,33.0,3.0,0
flow_3012.41,30.0,3.5,0
flow_301.75,23.5,2.0,0
flow_3012.42,24.5,3.0,0
flow_301.76,26.0,2.5,0
flow_301.77,26.0,2.5,0
flow_00.12,65.5,4.0,0
flow_201.74,72.0,3.5,0
flow_0012.8,66.0,4.0,0
flow_20.31,68.0,6.0,0
flow_0012.9,44.5,6.5,0
flow_20.32,70.0,7.5,0
flow_001.36,43.0,3.5,0
flow_2012.22,70.0,5.5,0
flow_0012.10,42.0,4.0,0
flow_20.33,67.0,4.0,0
flow_201.75,67.0,3.0,0
flow_201.76,66.5,3.0,0
flow_00.13,21.0,1.5,0
flow_201.77,65.0,3.0,0
flow_2012.23,54.0,3.5,0
flow_20.34,50.5,3.0,0
flow_001.37,26.0,3.0,0
flow_2012.24,46.0,4.5,0
flow_2012.25,36.0,4.0,0
flow_10.12,67.5,4.0,0
flow_00.0,20.5,1.5,0
flow_201.0,25.5,2.5,0
flow_001.0,24.5,2.5,0
flow_001.1,24.5,2.0,0
flow_301.0,55.0,3.5,0
flow_1012.0,55.5,6.5,0
flow_10.0,50.0,3.5,0
flow_30.0,52.0,3.5,0
flow_101.0,36.5,2.5,0
flow_301.1,52.0,3.0,0
flow_101.1,33.0,3.0,0
flow_301.2,43.0,3.0,0
flow_30.1,39.5,2.5,0
flow_101.2,30.0,3.5,0
flow_10.1,26.0,2.5,0
flow_30.2,38.5,2.5,0
flow_30.3,37.0,2.5,0
flow_101.3,25.0,2.5,0
flow_301.3,37.0,3.0,0
flow_301.4,35.0,3.0,0
flow_301.5,34.0,3.0,0
flow_101.4,25.5,2.5,0
flow_301.6,27.0,2.5,0
flow_301.7,27.0,3.0,0
flow_301.8,25.0,2.5,0
flow_201.1,44.5,3.5,0
flow_001.2,40.5,4.0,0
flow_2012.0,26.0,3.5,0
flow_0012.0,24.5,3.0,0
flow_301.9,64.5,3.5,0
flow_1012.1,70.0,6.5,0
flow_3012.0,61.5,4.5,0
flow_301.10,58.0,3.0,0
flow_101.5,63.5,4.0,0
flow_301.11,57.5,3.0,0
flow_30.4,51.0,2.5,0
flow_101.6,62.5,3.0,0
flow_1012.2,61.0,3.5,0
flow_10.2,58.0,2.5,0
flow_3012.1,51.5,3.5,0
flow_301.12,46.5,3.0,0
flow_101.7,58.5,2.5,0
flow_30.5,33.0,3.0,0
flow_301.13,37.5,3.0,0
flow_101.8,57.5,3.0,0
flow_301.14,30.5,3.0,0
flow_1012.3,59.0,5.5,0
flow_3012.2,29.0,3.0,0
flow_101.9,58.5,3.5,0
flow_301.15,28.5,3.5,0
flow_101.10,57.0,3.5,0
flow_10.3,53.0,3.0,0
flow_00.1,69.0,4.0,0
flow_20.0,35.5,4.0,0
flow_00.2,21.5,2.0,0
flow_201.2,25.5,2.5,0
flow_001.3,27.0,3.0,0
flow_201.3,25.5,2.5,0
flow_201.4,26.0,3.0,0
flow_001.4,25.5,2.5,0
flow_201.5,26.0,3.0,0
flow_2012.1,24.5,3.0,0
flow_20.1,23.0,2.0,0
flow_101.11,100.5,3.5,0
flow_301.16,72.5,3.5,0
flow_301.17,66.5,3.0,0
flow_101.12,87.5,3.0,0
flow_3012.3,66.0,4.0,0
flow_30.6,62.5,2.5,0
flow_10.4,85.0,6.0,0
flow_10.5,83.0,4.0,0
flow_301.18,62.5,2.5,0
flow_101.13,81.5,3.0,0
flow_301.19,62.0,3.0,0
flow_1012.4,80.5,3.5,0
flow_10.6,76.5,3.0,0
flow_3012.4,49.0,3.0,0
flow_101.14,76.5,2.5,0
flow_301.20,45.0,3.0,0
flow_101.15,66.0,3.0,0
flow_101.16,55.0,3.5,0
flow_10.7,46.0,3.0,0
flow_30.7,21.0,1.5,0
flow_101.17,39.5,3.0,0
flow_10.8,30.0,2.5,0
flow_101.18,29.5,2.5,0
flow_001.5,25.5,2.5,0
flow_2012.2,24.0,3.0,0
flow_2012.3,24.5,3.0,0
flow_001.6,27.5,3.5,0
flow_0012.1,26.0,3.5,0
flow_20.2,25.5,5.0,0
flow_2012.4,26.5,3.5,0
flow_001.7,25.0,2.5,0
flow_0012.2,25.0,3.5,0
flow_30.8,70.5,4.0,0
flow_101.19,71.5,3.5,0
flow_101.20,52.0,3.0,0
flow_301.21,72.0,3.0,0
flow_1012.5,52.0,4.0,0
flow_101.21,51.0,3.0,0
flow_301.22,74.5,7.0,0
flow_101.22,50.0,3.0,0
flow_301.23,74.0,3.5,0
flow_101.23,49.0,3.5,0
flow_10.9,46.5,4.0,0
flow_3012.5,71.5,5.0,0
flow_30.9,64.5,3.0,0
flow_3012.6,59.0,4.0,0
flow_1012.6,48.0,4.0,0
flow_301.24,58.0,3.0,0
flow_101.24,48.0,3.5,0
flow_30.10,55.0,2.5,0
flow_10.10,45.0,3.0,0
flow_301.25,51.5,2.5,0
flow_10.11,43.5,3.0,0
flow_30.11,48.5,2.5,0
flow_101.25,44.5,3.5,0
flow_1012.7,35.0,4.0,0
flow_3012.7,51.5,5.0,0
flow_20.3,64.0,4.0,0
flow_2012.5,30.5,3.5,0
flow_2012.6,25.0,3.0,0
flow_3012.8,85.5,4.5,0
flow_30.12,81.0,3.0,0
flow_101.26,84.0,7.5,0
flow_30.13,79.5,3.0,0
flow_1012.8,85.5,4.5,0
flow_101.27,84.0,3.0,0
flow_301.26,82.5,3.5,0
flow_10.12,74.5,3.0,0
flow_30.14,79.5,3.0,0
flow_301.27,80.5,3.0,0
flow_1012.9,79.0,6.0,0
flow_10.13,51.5,3.0,0
flow_30.15,80.0,3.5,0
flow_301.28,78.5,2.5,0
flow_101.28,49.5,2.5,0
flow_3012.9,78.5,4.0,0
flow_301.29,76.0,2.5,0
flow_101.29,49.5,6.5,0
flow_301.30,57.0,3.0,0
flow_101.30,48.5,3.0,0
flow_3012.10,56.0,4.0,0
flow_20.4,31.0,3.5,0
flow_001.8,62.5,3.5,0
flow_001.9,37.0,3.0,0
flow_30.16,84.0,4.0,0
flow_101.31,96.5,3.5,0
flow_10.14,94.5,3.0,0
flow_301.31,83.0,3.0,0
flow_30.17,79.0,3.0,0
flow_101.32,89.0,3.0,0
flow_101.33,85.5,3.0,0
flow_301.32,81.0,3.0,0
flow_101.34,85.5,3.5,0
flow_1012.10,83.0,3.5,0
flow_3012.11,72.5,6.0,0
flow_30.18,68.5,3.5,0
flow_1012.11,84.5,6.5,0
flow_101.35,82.5,3.0,0
flow_10.15,80.5,3.0,0
flow_301.33,72.5,3.0,0
flow_1012.12,80.5,3.5,0
flow_301.34,76.5,6.5,0
flow_101.36,80.5,3.5,0
flow_301.35,75.0,3.5,0
flow_10.16,33.0,3.0,0
flow_101.37,79.0,3.5,0
flow_301.36,68.5,3.0,0
flow_201.6,61.0,3.5,0
flow_001.10,48.5,3.5,0
flow_2012.7,30.0,4.0,0
flow_0012.3,34.5,4.5,0
flow_00.3,22.0,2.0,0
flow_201.7,26.0,3.0,0
flow_30.19,108.5,4.0,0
flow_101.38,80.0,3.5,0
flow_101.39,79.5,3.0,0
flow_301.37,110.5,3.5,0
flow_30.20,90.0,3.0,0
flow_101.40,78.0,3.0,0
flow_301.38,90.0,3.0,0
flow_1012.13,80.0,6.0,0
flow_101.41,77.0,2.5,0
flow_301.39,91.0,3.5,0
flow_30.21,87.5,3.0,0
flow_101.42,76.0,3.0,0
flow_101.43,74.5,3.0,0
flow_30.22,85.0,3.5,0
flow_10.17,74.0,4.5,0
flow_3012.12,90.5,5.0,0
flow_301.40,84.0,2.5,0
flow_3012.13,81.5,3.5,0
flow_1012.14,76.5,5.0,0
flow_30.23,77.5,2.5,0
flow_30.24,74.5,2.5,0
flow_101.44,75.5,3.5,0
flow_101.45,76.0,4.0,0
flow_3012.14,37.5,5.0,0
flow_0012.4,30.0,4.0,0
flow_201.8,55.0,7.0,0
flow_0012.5,32.0,5.5,0
flow_20.5,49.5,3.5,0
flow_001.11,30.0,3.0,0
flow_201.9,44.5,3.0,0
flow_0012.6,25.0,3.5,0
flow_0012.7,25.5,3.0,0
flow_2012.8,25.5,3.5,0
flow_30.25,78.0,4.0,0
flow_101.46,121.5,3.5,0
flow_101.47,88.5,3.0,0
flow_301.41,78.5,3.0,0
flow_10.18,85.0,3.0,0
flow_10.19,83.0,2.5,0
flow_301.42,79.0,3.5,0
flow_30.26,74.5,3.0,0
flow_1012.15,82.5,3.0,0
flow_301.43,80.5,6.5,0
flow_3012.15,77.0,3.5,0
flow_1012.16,87.5,5.5,0
flow_3012.16,76.0,3.5,0
flow_301.44,74.5,3.0,0
flow_101.48,87.5,4.0,0
flow_301.45,73.0,2.5,0
flow_101.49,87.0,3.0,0
flow_3012.17,73.0,4.0,0
flow_1012.17,86.0,3.5,0
flow_10.20,84.0,3.5,0
flow_3012.18,72.0,4.5,0
flow_301.46,69.0,3.0,0
flow_101.50,84.5,2.5,0
flow_301.47,36.0,3.0,0
flow_201.10,53.5,3.5,0
flow_00.4,41.5,4.0,0
flow_20.6,20.5,1.5,0
flow_101.51,129.0,3.5,0
flow_301.48,80.0,3.5,0
flow_1012.18,89.5,4.0,0
flow_10.21,84.5,3.0,0
flow_301.49,82.5,6.5,0
flow_10.22,83.5,2.5,0
flow_30.27,80.5,3.0,0
flow_301.50,79.5,2.5,0
flow_101.52,85.0,3.0,0
flow_101.53,83.5,3.5,0
flow_1012.19,80.5,3.5,0
flow_3012.19,81.5,5.0,0
flow_10.23,79.5,4.0,0
flow_3012.20,80.0,4.5,0
flow_301.51,76.5,2.5,0
flow_101.54,78.5,3.0,0
flow_1012.20,77.0,3.0,0
flow_3012.21,78.5,5.0,0
flow_3012.22,77.0,4.5,0
flow_301.52,74.0,3.0,0
flow_30.28,70.5,2.5,0
flow_101.55,82.0,4.5,0
flow_1012.21,77.5,4.5,0
flow_30.29,73.0,5.5,0
flow_0012.8,61.0,4.0,0
flow_00.5,59.5,3.0,0
flow_001.12,54.0,3.0,0
flow_0012.9,26.5,3.0,0
flow_00.6,22.0,2.5,0
flow_0012.10,27.5,4.0,0
flow_0012.11,26.0,4.0,0
flow_30.30,84.5,4.0,0
flow_1012.22,89.5,7.5,0
flow_10.24,84.5,3.5,0
flow_301.53,86.0,3.0,0
flow_3012.23,84.0,3.5,0
flow_1012.23,88.5,5.0,0
flow_301.54,84.0,3.5,0
flow_101.56,87.5,3.5,0
flow_3012.24,83.5,4.5,0
flow_301.55,79.5,2.5,0
flow_30.31,76.5,2.5,0
flow_101.57,90.5,4.5,0
flow_10.25,87.0,3.0,0
flow_30.32,76.0,2.5,0
flow_30.33,71.0,2.5,0
flow_101.58,86.0,2.5,0
flow_301.56,63.5,2.5,0
flow_101.59,85.5,3.0,0
flow_3012.25,58.5,4.0,0
flow_30.34,41.0,2.5,0
flow_101.60,87.0,6.0,0
flow_301.57,32.0,2.5,0
flow_201.11,65.0,3.5,0
flow_001.13,52.5,3.5,0
flow_20.7,63.0,3.0,0
flow_001.14,45.0,3.0,0
flow_00.7,33.0,3.0,0
flow_201.12,63.0,3.0,0
flow_2012.9,62.5,3.5,0
flow_0012.12,26.0,3.5,0
flow_20.8,38.0,4.5,0
flow_001.15,25.5,2.5,0
flow_3012.26,67.5,4.5,0
flow_301.58,40.5,3.0,0
flow_101.61,138.5,7.0,0
flow_3012.27,40.0,4.0,0
flow_10.26,139.5,5.5,0
flow_301.59,33.0,3.0,0
flow_10.27,138.0,3.5,0
flow_301.60,26.5,3.0,0
flow_101.62,98.0,2.5,0
flow_30.35,22.0,2.0,0
flow_3012.28,28.0,4.0,0
flow_101.63,98.5,6.5,0
flow_101.64,96.0,3.0,0
flow_10.28,92.5,3.0,0
flow_1012.24,91.0,3.5,0
flow_10.29,87.5,2.5,0
flow_10.30,87.5,3.0,0
flow_101.65,87.0,3.0,0
flow_001.16,54.0,3.5,0
flow_201.13,34.5,3.5,0
flow_0012.13,41.0,4.0,0
flow_00.8,37.5,3.0,0
flow_00.9,23.5,2.5,0
flow_0012.14,25.0,3.5,0
flow_201.14,26.0,3.0,0
flow_001.17,26.0,3.0,0
flow_0012.15,25.5,3.5,0
flow_2012.10,25.5,3.5,0
flow_30.36,54.0,4.0,0
flow_1012.25,135.5,7.5,0
flow_3012.29,54.0,4.0,0
flow_30.37,50.0,3.0,0
flow_101.66,90.5,3.5,0
flow_30.38,49.5,2.5,0
flow_101.67,87.5,3.5,0
flow_301.61,51.0,3.0,0
flow_1012.26,87.5,5.0,0
flow_1012.27,86.0,4.5,0
flow_1012.28,84.0,4.5,0
flow_101.68,81.5,3.0,0
flow_301.62,57.5,4.0,0
flow_101.69,79.5,2.5,0
flow_30.39,54.5,3.0,0
flow_101.70,79.0,3.0,0
flow_3012.30,51.5,4.0,0
flow_301.63,45.0,3.0,0
flow_30.40,34.5,2.5,0
flow_101.71,81.0,6.5,0
flow_10.31,78.0,3.0,0
flow_00.10,54.0,4.0,0
flow_2012.11,73.5,7.5,0
flow_00.11,41.0,4.0,0
flow_201.15,74.0,3.5,0
flow_00.12,20.5,1.5,0
flow_0012.16,24.0,3.0,0
flow_1012.29,125.5,4.5,0
flow_3012.31,76.0,4.5,0
flow_101.72,87.5,3.0,0
flow_301.64,70.0,3.0,0
flow_10.32,82.5,3.0,0
flow_301.65,56.5,3.5,0
flow_1012.30,83.0,4.0,0
flow_101.73,81.0,3.0,0
flow_301.66,58.0,6.5,0
flow_1012.31,79.5,4.0,0
flow_3012.32,57.5,4.0,0
flow_301.67,56.0,3.0,0
flow_101.74,80.0,3.5,0
flow_3012.33,55.5,4.5,0
flow_1012.32,79.5,4.0,0
flow_1012.33,79.0,4.0,0
flow_101.75,75.0,2.5,0
flow_30.41,54.0,6.0,0
flow_10.33,72.0,2.5,0
flow_301.68,53.5,3.5,0
flow_101.76,72.0,2.5,0
flow_10.34,31.5,2.5,0
flow_301.69,52.5,3.5,0
flow_10.35,29.0,2.0,0
flow_301.70,51.5,3.5,0
flow_0012.17,57.5,4.0,0
flow_20.9,57.0,6.5,0
flow_00.13,36.0,3.0,0
flow_0012.18,34.0,3.5,0
flow_2012.12,52.5,5.5,0
flow_00.14,25.5,2.5,0
flow_00.15,22.0,2.0,0
flow_10.36,74.0,4.0,0
flow_30.42,96.0,4.0,0
flow_201.0,24.5,2.5,0
flow_001.0,26.0,3.0,0
flow_30.0,44.0,4.0,0
flow_101.0,54.0,3.5,0
flow_30.1,39.5,3.0,0
flow_3012.0,37.5,4.0,0
flow_301.0,29.0,3.0,0
flow_10.0,21.5,2.0,0
flow_301.1,27.5,3.5,0
flow_30.2,23.0,2.0,0
flow_301.2,27.5,3.5,0
flow_101.1,25.0,2.5,0
flow_301.3,26.5,3.0,0
flow_301.4,27.0,3.0,0
flow_301.5,26.0,3.0,0
flow_30.3,23.0,2.0,0
flow_101.2,25.5,2.5,0
flow_20.0,60.5,4.0,0
flow_001.1,75.5,3.5,0
flow_201.1,59.5,3.0,0
flow_0012.0,54.0,5.0,0
flow_001.2,45.5,3.0,0
flow_201.2,46.0,3.5,0
flow_2012.0,44.5,4.0,0
flow_0012.1,24.5,3.0,0
flow_20.1,42.0,5.0,0
flow_201.3,39.5,3.0,0
flow_20.2,35.5,2.5,0
flow_20.3,22.5,2.0,0
flow_00.0,23.0,2.0,0
flow_10.1,59.0,4.0,0
flow_3012.1,63.5,7.5,0
flow_3012.2,41.0,4.5,0
flow_30.4,26.0,3.0,0
flow_101.3,66.0,3.5,0
flow_301.6,26.0,3.0,0
flow_101.4,65.5,3.0,0
flow_3012.3,27.0,4.0,0
flow_30.5,23.0,2.5,0
flow_10.2,63.0,5.5,0
flow_101.5,63.0,3.0,0
flow_1012.0,59.0,3.0,0
flow_1012.1,56.0,3.5,0
flow_101.6,53.5,2.5,0
flow_30.6,26.5,5.5,0
flow_10.3,46.0,2.5,0
flow_301.7,27.0,3.0,0
flow_1012.2,47.0,3.5,0
flow_1012.3,45.5,4.0,0
flow_201.4,66.0,4.0,0
flow_0012.2,51.0,7.0,0
flow_001.3,43.5,3.5,0
flow_201.5,67.5,4.0,0
flow_20.4,33.0,3.0,0
flow_201.6,31.5,3.0,0
flow_00.1,22.0,2.0,0
flow_201.7,26.5,3.0,0
flow_0012.3,26.5,4.0,0
flow_101.7,92.0,4.0,0
flow_301.8,74.0,3.5,0
flow_10.4,84.5,3.5,0
flow_301.9,68.5,3.0,0
flow_10.5,79.5,3.0,0
flow_3012.4,70.0,6.5,0
flow_10.6,80.0,5.5,0
flow_3012.5,71.5,7.0,0
flow_301.10,50.0,3.5,0
flow_101.8,79.5,3.0,0
flow_301.11,44.0,3.0,0
flow_101.9,65.0,3.0,0
flow_301.12,43.0,3.0,0
flow_10.7,57.0,3.0,0
flow_3012.6,43.5,6.0,0
flow_301.13,42.0,3.0,0
flow_101.10,62.5,3.0,0
flow_10.8,59.0,3.0,0
flow_301.14,41.5,3.0,0
flow_30.7,37.0,2.5,0
flow_00.2,69.0,4.0,0
flow_201.8,58.0,3.5,0
flow_00.3,69.5,3.0,0
flow_0012.4,38.5,3.5,0
flow_2012.1,48.0,6.0,0
flow_001.4,35.5,3.0,0
flow_00.4,23.0,2.5,0
flow_001.5,28.0,3.0,0
flow_20.5,20.0,1.5,0
flow_001.6,26.5,3.0,0
flow_30.8,85.5,4.0,0
flow_101.11,108.0,3.5,0
flow_3012.7,85.5,4.0,0
flow_10.9,110.0,6.0,0
flow_301.15,84.0,3.0,0
flow_30.9,80.5,2.5,0
flow_10.10,108.0,4.0,0
flow_101.12,97.5,3.0,0
flow_301.16,82.0,3.0,0
flow_101.13,84.5,3.0,0
flow_301.17,79.5,3.0,0
flow_10.11,73.0,3.0,0
flow_1012.4,77.5,4.5,0
flow_30.10,77.5,4.5,0
flow_3012.8,73.0,4.0,0
flow_1012.5,74.5,3.5,0
flow_101.14,74.0,3.0,0
flow_301.18,64.0,3.5,0
flow_1012.6,73.5,4.0,0
flow_101.15,70.5,2.5,0
flow_301.19,45.0,6.5,0
flow_101.16,69.0,3.0,0
flow_30.11,35.0,3.0,0
flow_101.17,34.0,3.5,0
flow_301.20,40.0,3.5,0
flow_0012.5,75.0,4.5,0
flow_201.9,76.5,7.5,0
flow_0012.6,72.5,5.5,0
flow_0012.7,40.0,5.0,0
flow_201.10,71.5,3.5,0
flow_20.6,38.5,3.0,0
flow_20.7,34.5,3.0,0
flow_001.7,27.5,3.0,0
flow_001.8,27.5,3.5,0
flow_001.9,28.0,3.5,0
flow_30.12,81.5,4.0,0
flow_1012.7,82.0,7.5,0
flow_10.12,78.5,3.5,0
flow_301.21,85.5,3.0,0
flow_30.13,76.5,3.0,0
flow_101.18,78.0,3.0,0
flow_30.14,74.5,3.0,0
flow_101.19,52.5,3.0,0
flow_301.22,66.0,2.5,0
flow_101.20,39.5,3.5,0
flow_101.21,33.0,3.5,0
flow_3012.9,68.5,5.0,0
flow_1012.8,32.5,4.0,0
flow_3012.10,50.5,4.5,0
flow_301.23,50.0,3.5,0
flow_101.22,30.5,3.5,0
flow_3012.11,44.5,5.0,0
flow_301.24,41.5,3.0,0
flow_101.23,33.0,4.0,0
flow_301.25,40.0,3.0,0
flow_101.24,31.5,3.5,0
flow_00.5,62.5,4.0,0
flow_201.11,29.5,3.5,0
flow_0012.8,52.5,4.0,0
flow_001.10,45.5,3.0,0
flow_00.6,42.5,2.5,0
flow_201.12,25.0,2.5,0
flow_0012.9,38.5,3.5,0
flow_00.7,21.5,2.0,0
flow_201.13,24.5,2.5,0
flow_0012.10,23.5,3.0,0
flow_10.13,74.5,4.0,0
flow_30.15,43.5,4.0,0
flow_101.25,62.0,3.0,0
flow_101.26,48.5,3.0,0
flow_1012.9,46.0,3.0,0
flow_3012.12,27.5,5.5,0
flow_1012.10,43.5,3.5,0
flow_10.14,39.5,2.5,0
flow_101.27,40.5,2.5,0
flow_3012.13,27.5,5.0,0
flow_30.16,24.5,2.5,0
flow_101.28,39.0,3.5,0
flow_301.26,23.5,2.0,0
flow_101.29,27.5,3.0,0
flow_2012.2,62.0,4.5,0
flow_201.14,47.5,3.0,0
flow_001.11,26.0,3.0,0
flow_20.8,22.5,2.0,0
flow_00.8,20.5,1.5,0
flow_3012.14,63.5,4.5,0
flow_301.27,63.0,3.0,0
flow_101.30,69.0,7.5,0
flow_10.15,49.5,3.5,0
flow_301.28,61.5,3.0,0
flow_301.29,61.0,3.0,0
flow_1012.11,52.0,5.0,0
flow_101.31,47.0,2.5,0
flow_10.16,44.5,3.0,0
flow_301.30,62.5,3.5,0
flow_30.17,59.5,3.0,0
flow_10.17,31.0,3.0,0
flow_3012.15,59.5,3.5,0
flow_301.31,44.0,2.5,0
flow_101.32,30.5,4.0,0
flow_3012.16,40.5,4.0,0
flow_10.18,30.0,5.5,0
flow_301.32,25.5,3.0,0
flow_1012.12,30.0,4.5,0
flow_3012.17,24.0,3.0,0
flow_10.19,25.0,2.5,0
flow_1012.13,29.5,4.5,0
flow_00.9,72.5,4.0,0
flow_2012.3,71.5,7.5,0
flow_201.15,54.5,3.5,0
flow_001.12,57.5,3.0,0
flow_00.10,37.5,3.0,0
flow_001.13,38.5,2.5,0
flow_2012.4,24.0,2.5,0
flow_0012.11,27.0,4.0,0
flow_301.33,75.5,3.5,0
flow_1012.14,75.5,6.5,0
flow_3012.18,74.0,3.5,0
flow_3012.19,73.5,4.0,0
flow_301.34,71.5,2.5,0
flow_101.33,79.5,4.0,0
flow_301.35,69.0,3.0,0
flow_10.20,77.5,3.0,0
flow_30.18,63.0,2.5,0
flow_10.21,72.5,3.0,0
flow_301.36,46.0,2.5,0
flow_30.19,42.0,2.5,0
flow_101.34,72.5,2.5,0
flow_3012.20,44.0,3.5,0
flow_10.22,72.0,6.0,0
flow_30.20,38.5,2.5,0
flow_1012.15,70.5,5.5,0
flow_30.21,39.5,5.5,0
flow_1012.16,69.0,7.0,0
flow_101.35,66.5,3.5,0
flow_301.37,43.5,3.5,0
flow_201.16,55.0,3.5,0
flow_00.11,69.5,4.0,0
flow_0012.12,59.0,3.5,0
flow_2012.5,56.0,4.0,0
flow_001.14,59.0,3.5,0
flow_001.15,40.5,3.5,0
flow_001.16,39.5,3.5,0
flow_001.17,39.5,3.5,0
flow_001.18,25.5,2.5,0
flow_00.12,21.0,2.0,0
flow_3012.21,85.0,4.5,0
flow_301.38,83.5,3.0,0
flow_101.36,118.0,7.5,0
flow_301.39,82.5,3.0,0
flow_101.37,117.0,3.0,0
flow_301.40,82.0,3.5,0
flow_1012.17,108.5,5.0,0
flow_101.38,98.5,3.0,0
flow_301.41,83.0,3.5,0
flow_10.23,88.0,3.0,0
flow_1012.18,93.0,4.5,0
flow_30.22,83.0,4.5,0
flow_101.39,88.0,2.5,0
flow_3012.22,84.5,5.5,0
flow_30.23,80.5,3.0,0
flow_10.24,87.5,3.0,0
flow_301.42,80.0,3.0,0
flow_101.40,85.0,2.5,0
flow_1012.19,77.0,3.0,0
flow_10.25,71.5,2.5,0
flow_30.24,71.5,5.5,0
flow_101.41,65.0,2.5,0
flow_301.43,66.5,3.5,0
flow_001.19,67.5,3.5,0
flow_00.13,65.5,3.0,0
flow_001.20,64.0,3.0,0
flow_201.17,26.5,3.0,0
flow_0012.13,64.5,4.0,0
flow_001.21,27.0,3.0,0
flow_201.18,28.0,3.5,0
flow_3012.23,112.0,4.5,0
flow_101.42,87.5,7.5,0
flow_301.44,88.0,3.0,0
flow_3012.24,94.0,6.0,0
flow_30.25,84.0,3.0,0
flow_101.43,87.5,4.0,0
flow_30.26,83.5,2.5,0
flow_101.44,85.5,3.0,0
flow_30.27,82.5,2.5,0
flow_101.45,84.0,3.5,0
flow_301.45,82.0,3.0,0
flow_101.46,82.0,3.0,0
flow_10.26,78.0,2.5,0
flow_30.28,78.5,2.5,0
flow_10.27,71.5,2.5,0
flow_3012.25,81.5,5.5,0
flow_30.29,78.0,3.5,0
flow_301.46,78.0,2.5,0
flow_101.47,77.5,3.0,0
flow_10.28,70.5,2.5,0
flow_1012.20,77.0,4.0,0
flow_301.47,79.5,6.0,0
flow_00.14,68.5,4.0,0
flow_201.19,26.0,2.5,0
flow_001.22,24.5,2.5,0
flow_2012.6,23.5,3.0,0
flow_101.48,119.0,3.5,0
flow_301.48,85.5,3.5,0
flow_10.29,117.0,3.0,0
flow_30.30,82.0,3.0,0
flow_301.49,81.5,3.0,0
flow_101.49,90.0,3.5,0
flow_301.50,80.0,3.0,0
flow_30.31,78.5,3.5,0
flow_1012.21,87.0,6.0,0
flow_101.50,83.5,2.5,0
flow_10.30,80.0,3.0,0
flow_30.32,77.5,3.0,0
flow_301.51,76.5,2.5,0
flow_10.31,81.0,3.0,0
flow_101.51,78.0,2.5,0
flow_301.52,75.5,3.0,0
flow_1012.22,78.0,4.0,0
flow_1012.23,77.0,3.5,0
flow_101.52,74.5,3.0,0
flow_10.32,70.5,2.5,0
flow_301.53,80.5,6.5,0
flow_101.53,31.5,2.5,0
flow_3012.26,84.0,6.0,0
flow_0012.14,65.0,4.0,0
flow_001.23,25.0,2.5,0
flow_3012.27,130.0,4.5,0
flow_301.54,128.5,3.0,0
flow_101.54,84.0,7.5,0
flow_3012.28,93.0,4.0,0
flow_30.33,87.5,3.0,0
flow_101.55,85.5,4.0,0
flow_301.55,88.0,2.5,0
flow_10.33,85.0,3.0,0
flow_301.56,87.0,3.0,0
flow_3012.29,85.0,3.0,0
flow_1012.24,85.5,4.0,0
flow_30.34,81.5,2.5,0
flow_301.57,80.5,2.0,0
flow_101.56,85.0,3.5,0
flow_101.57,84.0,3.5,0
flow_10.34,80.0,3.0,0
flow_301.58,80.5,3.0,0
flow_30.35,76.5,2.5,0
flow_30.36,73.5,2.5,0
flow_1012.25,84.0,6.0,0
flow_10.35,80.5,3.5,0
flow_301.59,34.5,3.0,0
flow_00.15,27.0,3.5,0
flow_20.9,22.0,2.0,0
flow_00.16,21.0,1.5,0
flow_201.20,23.5,2.0,0
flow_1012.26,129.5,4.5,0
flow_30.37,81.5,4.0,0
flow_101.58,128.5,3.0,0
flow_30.38,80.5,3.5,0
flow_101.59,128.0,2.5,0
flow_101.60,91.5,3.5,0
flow_10.36,86.5,3.5,0
flow_30.39,80.0,3.5,0
flow_3012.30,85.5,6.0,0
flow_101.61,86.5,3.0,0
flow_301.60,81.5,3.5,0
flow_101.62,84.5,3.0,0
flow_30.40,75.0,2.5,0
flow_10.37,81.0,3.0,0
flow_301.61,80.0,3.5,0
flow_30.41,74.0,2.5,0
flow_10.38,80.5,3.0,0
flow_30.42,72.5,2.5,0
flow_1012.27,82.0,6.0,0
flow_101.63,80.5,3.0,0
flow_301.62,77.0,3.0,0
flow_1012.28,81.5,5.0,0
flow_2012.7,67.5,4.0,0
flow_001.24,67.0,7.0,0
flow_2012.8,70.0,5.0,0
flow_00.17,65.5,3.5,0
flow_201.21,49.5,3.0,0
flow_001.25,29.5,3.0,0
flow_001.26,25.0,2.5,0
flow_201.22,28.0,3.5,0
flow_10.39,85.0,4.0,0
flow_201.0,25.0,2.5,0
flow_20.0,20.5,1.5,0
flow_2012.0,26.5,3.5,0
flow_30.0,49.5,4.0,0
flow_101.0,46.0,3.5,0
flow_3012.0,50.5,4.0,0
flow_1012.0,46.0,4.0,0
flow_101.1,45.5,3.0,0
flow_301.0,46.5,3.5,0
flow_10.0,43.0,3.0,0
flow_301.1,45.0,3.5,0
flow_101.2,41.5,2.5,0
flow_301.2,39.0,3.5,0
flow_101.3,41.0,3.0,0
flow_301.3,37.5,3.0,0
flow_101.4,35.5,3.5,0
flow_30.1,24.5,2.5,0
flow_101.5,34.5,3.5,0
flow_301.4,30.0,3.5,0
flow_1012.1,34.0,5.0,0
flow_10.1,31.5,3.5,0
flow_3012.1,27.0,3.5,0
flow_301.5,25.5,2.5,0
flow_1012.2,32.5,4.0,0
flow_10.2,30.0,3.0,0
flow_301.6,27.5,3.0,0
flow_1012.3,30.5,4.5,0
flow_00.0,69.5,4.0,0
flow_201.1,61.0,3.5,0
flow_00.1,69.5,3.5,0
flow_201.2,60.5,3.0,0
flow_20.1,50.0,3.0,0
flow_001.0,65.5,3.0,0
flow_2012.1,42.0,4.0,0
flow_201.3,30.5,3.0,0
flow_001.1,68.5,6.5,0
flow_001.2,49.0,3.5,0
flow_2012.2,27.5,4.5,0
flow_201.4,26.0,3.0,0
flow_20.2,21.5,1.5,0
flow_2012.3,24.0,3.0,0
flow_0012.0,25.0,3.0,0
flow_2012.4,25.0,3.0,0
flow_30.2,73.5,4.0,0
flow_101.6,75.5,3.5,0
flow_301.7,74.5,3.0,0
flow_1012.4,61.0,4.5,0
flow_3012.2,75.5,4.0,0
flow_3012.3,74.0,4.0,0
flow_30.3,70.0,2.5,0
flow_30.4,68.0,2.5,0
flow_101.7,64.5,4.5,0
flow_10.3,59.5,3.0,0
flow_301.8,67.5,2.5,0
flow_30.5,61.5,2.5,0
flow_101.8,55.5,3.0,0
flow_10.4,52.0,2.5,0
flow_301.9,54.0,3.0,0
flow_3012.4,48.0,3.5,0
flow_1012.5,53.5,3.5,0
flow_1012.6,52.0,4.0,0
flow_1012.7,50.5,4.0,0
flow_101.9,48.0,2.5,0
flow_301.10,49.5,4.0,0
flow_101.10,46.5,3.0,0
flow_30.6,46.5,3.0,0
flow_001.3,74.0,3.5,0
flow_201.5,71.0,3.5,0
flow_00.2,71.5,3.0,0
flow_2012.5,73.0,7.0,0
flow_00.3,74.0,5.0,0
flow_201.6,71.5,3.5,0
flow_0012.1,58.0,4.0,0
flow_001.4,55.5,2.5,0
flow_201.7,62.5,3.5,0
flow_001.5,55.5,3.0,0
flow_0012.2,47.0,3.5,0
flow_2012.6,63.5,5.0,0
flow_0012.3,46.0,4.0,0
flow_00.4,32.5,3.0,0
flow_201.8,54.0,4.0,0
flow_20.3,45.5,3.0,0
flow_00.5,20.5,1.5,0
flow_1012.8,97.0,5.0,0
flow_301.11,90.5,8.0,0
flow_1012.9,92.5,6.0,0
flow_30.7,87.5,3.5,0
flow_101.11,86.0,3.0,0
flow_101.12,83.0,3.0,0
flow_301.12,87.5,2.5,0
flow_1012.10,80.5,3.5,0
flow_101.13,78.5,2.5,0
flow_301.13,83.0,3.5,0
flow_101.14,78.0,3.0,0
flow_10.5,74.0,2.5,0
flow_301.14,82.0,3.0,0
flow_1012.11,75.0,3.5,0
flow_3012.5,82.0,4.0,0
flow_30.8,78.0,2.5,0
flow_101.15,74.0,3.0,0
flow_30.9,76.5,2.5,0
flow_30.10,69.5,2.5,0
flow_101.16,74.0,3.0,0
flow_101.17,72.0,3.5,0
flow_1012.12,34.0,3.5,0
flow_3012.6,68.0,5.0,0
flow_00.6,62.5,4.0,0
flow_201.9,66.0,3.5,0
flow_00.7,54.5,3.0,0
flow_201.10,59.5,3.0,0
flow_001.6,55.0,3.0,0
flow_0012.4,53.5,3.5,0
flow_2012.7,46.0,5.5,0
flow_0012.5,53.0,4.0,0
flow_001.7,50.0,2.5,0
flow_001.8,48.5,2.5,0
flow_201.11,49.5,4.0,0
flow_2012.8,38.5,4.0,0
flow_201.12,31.5,2.5,0
flow_001.9,52.0,4.0,0
flow_0012.6,46.0,3.5,0
flow_001.10,45.5,2.5,0
flow_201.13,23.5,2.0,0
flow_0012.7,39.0,4.0,0
flow_20.4,20.5,2.0,0
flow_001.11,34.5,3.0,0
flow_30.11,111.0,4.0,0
flow_10.6,78.0,4.0,0
flow_10.7,76.5,3.0,0
flow_301.15,112.5,3.0,0
flow_10.8,76.0,3.0,0
flow_301.16,88.0,3.0,0
flow_1012.13,76.0,3.5,0
flow_30.12,86.0,6.0,0
flow_3012.7,83.5,4.5,0
flow_1012.14,77.0,6.5,0
flow_101.18,76.5,3.5,0
flow_301.17,84.5,3.0,0
flow_101.19,76.0,3.5,0
flow_301.18,84.0,3.0,0
flow_1012.15,75.5,5.0,0
flow_1012.16,74.0,4.5,0
flow_10.9,68.0,2.5,0
flow_101.20,72.5,3.5,0
flow_301.19,89.0,4.5,0
flow_301.20,88.0,3.5,0
flow_101.21,68.5,3.0,0
flow_301.21,86.5,3.0,0
flow_101.22,36.5,3.0,0
flow_2012.9,71.0,4.5,0
flow_0012.8,76.0,4.5,0
flow_20.5,68.0,3.0,0
flow_001.12,73.5,3.0,0
flow_201.14,68.0,2.5,0
flow_001.13,67.0,3.0,0
flow_2012.10,58.5,3.5,0
flow_001.14,70.0,6.0,0
flow_00.8,67.5,3.0,0
flow_00.9,54.5,3.0,0
flow_00.10,46.5,3.0,0
flow_20.6,20.5,1.5,0
flow_2012.11,25.0,3.0,0
flow_30.13,130.5,4.0,0
flow_101.23,79.0,3.5,0
flow_3012.8,133.5,4.5,0
flow_101.24,84.5,7.5,0
flow_10.10,83.0,3.5,0
flow_3012.9,97.0,6.0,0
flow_301.22,92.5,3.5,0
flow_3012.10,91.0,4.0,0
flow_10.11,85.5,6.0,0
flow_301.23,91.0,3.0,0
flow_1012.17,85.0,5.0,0
flow_101.25,82.5,3.0,0
flow_301.24,93.5,4.0,0
flow_1012.18,83.5,5.0,0
flow_3012.11,85.5,4.0,0
flow_301.25,83.5,3.0,0
flow_101.26,82.5,3.5,0
flow_301.26,82.0,3.5,0
flow_101.27,81.0,3.0,0
flow_10.12,80.5,5.0,0
flow_3012.12,81.5,4.5,0
flow_00.11,58.5,4.0,0
flow_201.15,66.5,3.5,0
flow_201.16,52.5,3.0,0
flow_001.15,34.5,3.0,0
flow_2012.12,31.5,3.5,0
flow_001.16,37.0,6.5,0
flow_0012.9,35.5,4.0,0
flow_20.7,21.5,2.0,0
flow_001.17,25.5,2.5,0
flow_201.17,24.5,2.0,0
flow_201.18,26.0,2.5,0
flow_201.19,26.0,2.5,0
flow_00.12,23.0,2.0,0
flow_3012.13,121.5,4.5,0
flow_10.13,123.5,6.5,0
flow_301.27,88.0,3.0,0
flow_10.14,121.0,4.0,0
flow_30.14,84.0,3.0,0
flow_101.28,92.0,2.5,0
flow_30.15,82.5,2.5,0
flow_10.15,85.0,3.0,0
flow_30.16,81.0,3.0,0
flow_101.29,84.0,3.0,0
flow_301.28,81.5,3.0,0
flow_10.16,77.5,3.0,0
flow_101.30,83.0,3.0,0
flow_301.29,80.0,3.0,0
flow_101.31,78.0,2.5,0
flow_3012.14,80.5,5.0,0
flow_301.30,73.0,3.0,0
flow_30.17,69.5,2.5,0
flow_101.32,79.0,3.5,0
flow_101.33,71.5,3.5,0
flow_301.31,70.5,3.0,0
flow_101.34,61.5,3.5,0
flow_301.32,67.0,3.5,0
flow_30.18,32.0,3.0,0
flow_101.35,58.0,3.0,0
flow_101.36,35.0,3.0,0
flow_301.33,30.0,2.5,0
flow_20.8,72.0,4.0,0
flow_001.18,62.0,3.5,0
flow_20.9,49.0,3.0,0
flow_001.19,50.0,3.0,0
flow_2012.13,47.5,4.0,0
flow_201.20,35.5,3.0,0
flow_001.20,47.0,6.5,0
flow_20.10,21.0,2.0,0
flow_00.13,25.5,2.5,0
flow_001.21,26.0,2.5,0
flow_201.21,26.0,3.0,0
flow_001.22,26.5,2.5,0
flow_201.22,26.0,2.5,0
flow_0012.10,25.5,3.5,0
flow_201.23,29.0,4.0,0
flow_001.23,26.5,2.5,0
flow_201.24,27.0,3.0,0
flow_10.17,77.5,4.0,0
flow_30.19,74.5,4.0,0
flow_30.20,73.5,3.0,0
flow_101.37,79.0,3.0,0
flow_30.21,72.0,3.0,0
flow_101.38,77.5,3.0,0
flow_1012.19,77.5,4.0,0
flow_3012.15,74.0,4.0,0
flow_3012.16,72.5,4.0,0
flow_10.18,76.5,6.0,0
flow_3012.17,73.5,7.0,0
flow_301.34,72.0,3.0,0
flow_10.19,78.0,8.0,0
flow_30.22,69.0,3.0,0
flow_101.39,71.0,3.5,0
flow_1012.20,68.5,4.0,0
flow_10.20,65.0,3.0,0
flow_301.35,73.0,6.5,0
flow_101.40,64.5,2.5,0
flow_30.23,71.0,3.0,0
flow_301.36,70.5,2.5,0
flow_101.41,65.0,3.5,0
flow_101.42,63.0,3.5,0
flow_001.24,69.5,3.5,0
flow_00.14,23.5,2.5,0
flow_20.11,61.0,3.0,0
flow_201.25,70.0,4.0,0
flow_201.26,34.5,3.0,0
flow_2012.14,32.5,3.0,0
flow_001.25,29.5,6.0,0
flow_2012.15,32.0,5.0,0
flow_2012.16,29.5,4.0,0
flow_2012.17,26.5,3.5,0
flow_0012.11,25.5,3.5,0
flow_301.37,115.5,3.5,0
flow_101.43,86.5,3.5,0
flow_3012.18,89.5,4.0,0
flow_30.24,85.0,3.0,0
flow_101.44,87.0,7.0,0
flow_30.25,84.5,3.0,0
flow_30.26,82.0,2.5,0
flow_101.45,86.5,3.0,0
flow_30.27,80.5,2.5,0
flow_101.46,85.5,3.0,0
flow_101.47,84.0,3.0,0
flow_1012.21,81.5,3.5,0
flow_3012.19,83.0,5.5,0
flow_30.28,79.0,3.0,0
flow_101.48,81.5,3.5,0
flow_1012.22,79.0,3.5,0
flow_3012.20,80.0,4.5,0
flow_301.38,79.0,3.0,0
flow_101.49,79.0,3.0,0
flow_101.50,77.5,3.0,0
flow_10.21,73.0,3.0,0
flow_301.39,77.0,3.0,0
flow_3012.21,77.5,6.0,0
flow_201.27,32.0,3.5,0
flow_001.26,62.5,3.5,0
flow_201.28,31.0,3.0,0
flow_0012.12,64.0,5.5,0
flow_0012.13,63.5,4.5,0
flow_001.27,45.5,3.0,0
flow_201.29,26.0,3.0,0
flow_001.28,26.0,2.5,0
flow_201.30,25.0,2.5,0
flow_20.12,23.0,2.0,0
flow_201.31,26.0,2.5,0
flow_201.32,25.5,2.5,0
flow_301.40,85.0,3.5,0
flow_101.51,125.5,3.5,0
flow_1012.23,89.0,4.0,0
flow_30.29,85.5,6.0,0
flow_101.52,84.0,3.0,0
flow_301.41,85.5,3.5,0
flow_3012.22,82.5,4.0,0
flow_1012.24,84.5,4.5,0
flow_1012.25,83.5,4.5,0
flow_30.30,82.0,4.5,0
flow_101.53,81.5,3.0,0
flow_301.42,81.5,2.5,0
flow_101.54,79.5,3.5,0
flow_10.22,75.5,2.5,0
flow_301.43,81.5,3.5,0
flow_101.55,76.0,2.5,0
flow_301.44,79.5,3.5,0
flow_101.56,74.0,3.0,0
flow_301.45,78.0,3.0,0
flow_1012.26,74.0,4.0,0
flow_301.46,80.0,3.5,0
flow_101.57,74.0,3.5,0
flow_301.47,79.0,2.5,0
flow_101.58,34.5,3.5,0
flow_201.33,42.0,3.5,0
flow_0012.14,75.0,6.5,0
flow_2012.18,42.0,4.0,0
flow_201.34,35.5,3.0,0
flow_001.29,67.0,3.5,0
flow_2012.19,36.0,4.5,0
flow_0012.15,57.0,3.5,0
flow_00.15,47.5,3.0,0
flow_001.30,44.5,3.0,0
flow_001.31,43.0,3.0,0
flow_201.35,25.5,2.5,0
flow_0012.16,28.5,4.0,0
flow_001.32,24.0,2.5,0
flow_101.59,79.0,3.5,0
flow_30.31,120.5,4.0,0
flow_101.60,79.0,3.0,0
flow_3012.23,91.5,6.0,0
flow_10.23,79.5,3.0,0
flow_301.48,88.0,3.0,0
flow_301.49,86.5,3.0,0
flow_3012.24,83.0,3.5,0
flow_1012.27,81.5,5.0,0
flow_3012.25,83.5,3.5,0
flow_301.50,80.5,2.5,0
flow_101.61,83.5,4.0,0
flow_1012.28,82.0,3.5,0
flow_3012.26,81.5,4.0,0
flow_1012.29,81.0,3.5,0
flow_101.62,79.0,2.5,0
flow_301.51,78.0,4.0,0
flow_101.63,78.0,3.0,0
flow_301.52,76.0,3.0,0
flow_101.64,77.0,3.0,0
flow_301.53,69.5,3.0,0
flow_101.65,76.0,3.5,0
flow_20.13,63.5,4.0,0
flow_001.33,44.5,3.5,0
flow_00.16,38.0,3.0,0
flow_20.14,58.0,3.0,0
flow_2012.20,49.0,3.5,0
flow_0012.17,39.0,3.5,0
flow_001.34,38.5,2.5,0
flow_00.17,32.5,2.5,0
flow_0012.18,25.0,3.0,0
flow_001.35,25.0,2.5,0
flow_0012.19,25.5,3.5,0
flow_20.15,24.5,4.5,0
flow_10.24,120.5,4.0,0
flow_3012.27,108.5,7.5,0
flow_30.32,89.5,3.5,0
flow_10.25,88.0,3.0,0
flow_30.33,88.5,3.0,0
flow_101.66,95.5,3.5,0
flow_301.54,78.0,2.0,0
flow_30.34,65.5,2.5,0
flow_101.67,89.5,3.5,0
flow_10.26,84.5,3.0,0
flow_301.55,66.0,3.0,0
flow_10.27,83.0,2.5,0
flow_3012.28,63.0,5.5,0
flow_10.28,84.0,6.0,0
flow_301.56,60.5,3.0,0
flow_101.68,82.0,3.5,0
flow_301.57,60.0,3.0,0
flow_101.69,82.0,3.5,0
flow_301.58,59.0,3.5,0
flow_10.29,76.0,2.5,0
flow_101.70,81.0,3.5,0
flow_30.35,36.0,3.0,0
flow_301.59,48.5,3.5,0
flow_101.71,75.5,2.5,0
flow_3012.29,34.5,4.5,0
flow_001.36,70.0,3.5,0
flow_201.36,68.5,3.5,0
flow_20.16,67.0,3.0,0
flow_001.37,70.0,3.5,0
flow_00.18,65.5,3.0,0
flow_20.17,65.5,3.0,0
flow_201.37,65.0,2.5,0
flow_001.38,59.0,2.5,0
flow_00.19,48.0,2.5,0
flow_20.18,55.0,2.5,0
flow_2012.21,54.5,3.0,0
flow_20.19,33.0,2.5,0
flow_001.39,52.5,6.0,0
flow_201.38,34.0,2.5,0
flow_20.20,24.5,2.5,0
flow_001.40,49.5,4.0,0
flow_001.41,35.5,3.5,0
flow_201.39,25.5,2.5,0
flow_101.72,82.0,3.5,0
flow_301.60,77.5,3.5,0
flow_10.30,77.5,3.0,0
flow_30.36,75.0,3.0,0
flow_10.31,76.5,3.0,0
flow_301.61,76.0,3.0,0
flow_1012.30,77.5,4.0,0
flow_301.62,79.5,7.0,0
flow_3012.30,76.0,3.5,0
flow_1012.31,80.0,5.5,0
flow_301.63,76.0,3.0,0
flow_101.73,78.5,3.5,0
flow_301.64,74.5,3.0,0
flow_1012.32,79.5,4.5,0
flow_10.32,76.0,3.5,0
flow_301.65,76.0,3.5,0
flow_30.37,72.5,3.0,0
flow_101.74,75.5,2.5,0
flow_10.33,72.0,2.5,0
flow_301.66,72.5,2.5,0
flow_1012.33,74.0,4.0,0
flow_3012.31,74.5,4.5,0
flow_3012.32,72.0,4.5,0
flow_201.40,72.5,3.5,0
flow_0012.20,69.0,6.5,0
flow_00.20,53.5,3.5,0
flow_201.41,65.5,3.5,0
flow_00.21,43.0,3.0,0
flow_20.21,60.0,3.0,0
flow_001.42,28.0,2.5,0
flow_201.42,60.5,3.0,0
flow_201.43,59.5,3.5,0
flow_201.44,34.0,3.5,0
flow_20.22,30.5,3.0,0
flow_20.23,29.0,2.5,0
flow_00.22,24.0,2.5,0
flow_201.45,30.5,3.0,0
flow_0012.21,28.0,4.5,0
flow_0012.22,26.0,4.0,0
flow_301.67,85.5,3.5,0
flow_101.75,122.5,3.5,0
flow_301.68,83.5,3.0,0
flow_30.38,79.5,3.0,0
flow_101.76,90.0,3.5,0
flow_101.77,88.0,3.5,0
flow_30.39,76.5,2.5,0
flow_3012.33,81.5,4.0,0
flow_101.78,89.0,6.5,0
flow_10.34,85.5,3.0,0
flow_30.40,76.5,2.5,0
flow_30.41,74.5,2.5,0
flow_3012.34,73.5,3.0,0
flow_1012.34,87.0,4.0,0
flow_101.79,86.0,3.0,0
flow_301.69,73.0,2.5,0
flow_30.42,69.0,2.5,0
flow_101.80,85.0,3.5,0
flow_1012.35,82.5,3.5,0
flow_3012.35,71.0,4.0,0
flow_3012.36,69.0,4.0,0
flow_10.35,84.0,6.0,0
flow_301.70,32.0,3.0,0
flow_1012.36,82.5,4.5,0
flow_0012.23,73.5,4.5,0
flow_20.24,52.0,6.5,0
flow_001.43,57.5,3.0,0
flow_201.46,46.5,3.5,0
flow_2012.22,41.5,4.0,0
flow_20.25,22.5,2.0,0
flow_00.23,22.5,2.0,0
flow_001.44,27.5,3.0,0
flow_00.24,22.0,2.0,0
flow_001.45,24.5,2.0,0
flow_00.25,20.5,2.0,0
flow_201.47,26.5,3.0,0
flow_001.46,26.0,2.5,0
flow_0012.24,25.0,3.0,0
flow_101.81,128.5,3.5,0
flow_301.71,79.0,3.5,0
flow_20.0,21.0,1.5,0
flow_201.0,27.0,3.0,0
flow_201.1,26.0,3.0,0
flow_3012.0,29.5,4.0,0
flow_301.0,25.5,2.5,0
flow_3012.1,25.5,3.0,0
flow_1012.0,25.5,3.5,0
flow_30.0,25.5,4.5,0
flow_301.1,27.0,3.0,0
flow_301.2,26.0,2.5,0
flow_301.3,26.0,3.0,0
flow_301.4,24.5,2.0,0
flow_1012.1,24.5,3.0,0
flow_3012.2,25.0,3.0,0
flow_201.2,66.5,3.5,0
flow_0012.0,68.0,6.5,0
flow_001.0,42.5,3.0,0
flow_20.1,68.0,3.5,0
flow_20.2,66.0,3.0,0
flow_201.3,65.5,2.5,0
flow_20.3,61.0,2.5,0
flow_2012.0,45.5,3.0,0
flow_2012.1,45.5,3.5,0
flow_20.4,36.0,2.5,0
flow_20.5,31.5,2.5,0
flow_001.1,28.5,3.5,0
flow_201.4,31.0,2.0,0
flow_2012.2,30.5,3.5,0
flow_20.6,25.0,2.5,0
flow_2012.3,30.0,3.5,0
flow_101.0,70.0,3.5,0
flow_30.1,67.5,4.0,0
flow_30.2,65.5,3.0,0
flow_1012.2,50.5,5.5,0
flow_301.5,69.5,3.0,0
flow_30.3,66.5,3.0,0
flow_101.1,24.5,2.0,0
flow_301.6,61.0,3.0,0
flow_301.7,60.0,3.0,0
flow_30.4,56.5,3.0,0
flow_30.5,38.0,3.0,0
flow_30.6,36.5,3.0,0
flow_301.8,34.5,2.5,0
flow_3012.3,33.5,3.5,0
flow_301.9,28.0,2.5,0
flow_101.2,26.5,3.0,0
flow_301.10,25.0,2.5,0
flow_001.2,74.0,3.5,0
flow_201.5,72.0,4.0,0
flow_2012.4,70.0,4.0,0
flow_0012.1,64.5,4.0,0
flow_20.7,63.5,3.0,0
flow_2012.5,63.0,3.5,0
flow_20.8,58.0,2.5,0
flow_20.9,55.5,2.5,0
flow_20.10,54.0,2.5,0
flow_201.6,52.5,2.5,0
flow_201.7,52.5,3.5,0
flow_201.8,38.5,3.5,0
flow_201.9,36.5,3.0,0
flow_2012.6,35.0,4.0,0
flow_201.10,30.5,2.5,0
flow_201.11,28.0,3.0,0
flow_301.11,71.5,3.5,0
flow_1012.3,55.5,6.5,0
flow_30.7,72.0,3.5,0
flow_101.3,29.5,3.0,0
flow_301.12,71.5,3.0,0
flow_301.13,70.5,2.5,0
flow_301.14,69.0,3.0,0
flow_301.15,68.5,3.0,0
flow_301.16,66.5,3.0,0
flow_3012.4,46.0,3.5,0
flow_301.17,29.5,2.5,0
flow_101.4,27.0,3.5,0
flow_30.8,28.5,3.0,0
flow_201.12,65.0,3.5,0
flow_0012.2,70.0,6.5,0
flow_001.3,32.5,3.0,0
flow_201.13,68.0,4.0,0
flow_20.11,64.0,3.0,0
flow_2012.7,64.5,3.5,0
flow_201.14,63.0,2.5,0
flow_201.15,59.5,3.0,0
flow_201.16,58.5,3.0,0
flow_201.17,57.5,3.5,0
flow_201.18,44.0,3.0,0
flow_301.18,58.0,3.5,0
flow_101.5,64.0,3.5,0
flow_30.9,56.0,3.0,0
flow_101.6,31.0,3.5,0
flow_30.10,54.5,3.0,0
flow_3012.5,54.5,3.5,0
flow_30.11,42.0,2.5,0
flow_3012.6,54.0,4.0,0
flow_30.12,38.5,2.5,0
flow_301.19,39.5,3.0,0
flow_101.7,24.5,2.0,0
flow_301.20,37.0,3.0,0
flow_30.13,33.0,2.5,0
flow_10.0,21.5,2.0,0
flow_30.14,32.5,2.5,0
flow_3012.7,31.5,3.0,0
flow_101.8,26.0,3.0,0
flow_301.21,36.0,4.0,0
flow_301.22,33.5,4.0,0
flow_0012.3,68.0,4.5,0
flow_20.12,66.5,6.5,0
flow_00.0,67.0,3.5,0
flow_201.19,64.5,3.5,0
flow_0012.4,37.0,4.0,0
flow_20.13,64.0,4.0,0
flow_201.20,64.0,3.0,0
flow_201.21,65.5,3.5,0
flow_2012.8,61.5,3.5,0
flow_2012.9,52.5,4.0,0
flow_20.14,30.5,2.5,0
flow_201.22,29.5,2.5,0
flow_201.23,26.5,2.5,0
flow_201.24,26.0,2.5,0
flow_2012.10,26.5,3.5,0
flow_101.9,71.0,3.5,0
flow_301.23,75.5,3.5,0
flow_301.24,75.0,3.0,0
flow_301.25,75.0,3.5,0
flow_3012.8,72.0,3.5,0
flow_301.26,71.0,2.5,0
flow_301.27,70.0,3.0,0
flow_301.28,69.0,3.0,0
flow_301.29,33.5,3.0,0
flow_001.4,30.0,3.5,0
flow_201.25,64.5,4.0,0
flow_2012.11,58.5,4.0,0
flow_201.26,57.0,3.0,0
flow_20.15,54.0,2.5,0
flow_2012.12,51.0,4.0,0
flow_201.27,49.0,2.5,0
flow_2012.13,47.5,3.5,0
flow_20.16,42.0,2.5,0
flow_2012.14,42.0,3.0,0
flow_2012.15,41.0,3.0,0
flow_2012.16,38.5,3.5,0
flow_20.17,34.5,2.5,0
flow_201.28,30.0,2.5,0
flow_20.18,25.0,2.5,0
flow_2012.17,25.5,3.0,0
flow_3012.9,70.5,4.5,0
flow_10.1,73.0,6.5,0
flow_301.30,70.0,3.0,0
flow_101.10,56.5,3.5,0
flow_301.31,70.0,3.5,0
flow_3012.10,69.0,4.0,0
flow_301.32,66.5,3.0,0
flow_101.11,25.5,2.5,0
flow_301.33,64.5,3.0,0
flow_301.34,64.5,3.5,0
flow_101.12,25.0,2.5,0
flow_301.35,63.0,3.0,0
flow_30.15,57.0,3.0,0
flow_301.36,62.0,3.0,0
flow_3012.11,56.5,3.0,0
flow_301.37,57.0,3.0,0
flow_30.16,28.0,2.5,0
flow_301.38,34.0,3.5,0
flow_2012.18,71.0,4.0,0
flow_0012.5,58.0,4.5,0
flow_001.5,41.0,3.0,0
flow_2012.19,46.0,4.0,0
flow_201.29,61.5,4.0,0
flow_201.30,36.0,3.0,0
flow_2012.20,35.0,4.0,0
flow_201.31,32.5,2.5,0
flow_20.19,20.0,1.5,0
flow_20.20,22.5,2.0,0
flow_20.21,22.0,2.0,0
flow_2012.21,25.0,3.0,0
flow_301.39,75.5,3.5,0
flow_101.13,41.5,4.0,0
flow_30.17,73.0,3.0,0
flow_3012.12,74.5,4.0,0
flow_30.18,72.0,2.5,0
flow_30.19,69.0,3.0,0
flow_30.20,66.5,2.5,0
flow_301.40,60.5,3.0,0
flow_3012.13,55.0,4.0,0
flow_301.41,52.5,2.5,0
flow_3012.14,51.0,3.5,0
flow_301.42,49.5,2.5,0
flow_301.43,39.0,2.5,0
flow_201.32,73.5,3.5,0
flow_20.22,59.5,3.0,0
flow_201.33,45.5,2.5,0
flow_20.23,39.5,2.5,0
flow_20.24,38.5,2.5,0
flow_201.34,36.0,3.0,0
flow_201.35,26.0,3.0,0
flow_001.6,24.0,2.5,0
flow_201.36,25.0,2.5,0
flow_201.37,25.5,2.5,0
flow_301.44,69.5,3.5,0
flow_301.45,68.0,3.0,0
flow_301.46,67.0,3.0,0
flow_301.47,59.5,3.0,0
flow_301.48,58.5,3.0,0
flow_30.21,53.0,3.0,0
flow_101.14,25.5,2.5,0
flow_3012.15,53.5,4.0,0
flow_301.49,51.5,2.5,0
flow_301.50,50.5,3.0,0
flow_3012.16,48.5,3.5,0
flow_301.51,46.0,2.5,0
flow_3012.17,46.0,4.0,0
flow_301.52,31.0,3.0,0
flow_301.53,29.5,3.5,0
flow_001.7,54.5,3.5,0
flow_201.38,64.5,3.5,0
flow_201.39,62.5,3.0,0
flow_201.40,59.5,3.0,0
flow_2012.22,24.5,3.0,0
flow_2012.23,25.0,3.0,0
flow_201.41,26.5,3.0,0
flow_10.2,57.5,4.0,0
flow_301.54,75.5,3.5,0
flow_101.15,57.5,3.0,0
flow_3012.18,77.0,4.5,0
flow_301.55,76.0,3.0,0
flow_101.16,56.5,3.5,0
flow_1012.4,44.0,3.5,0
flow_3012.19,76.5,4.5,0
flow_301.56,75.0,3.0,0
flow_301.57,74.5,3.0,0
flow_301.58,73.0,3.0,0
flow_3012.20,71.0,3.5,0
flow_301.59,50.5,2.5,0
flow_301.60,32.0,3.0,0
flow_3012.21,27.0,3.5,0
flow_301.61,24.5,2.5,0
flow_201.42,67.0,3.5,0
flow_20.25,64.0,3.0,0
flow_2012.24,66.5,4.0,0
flow_201.43,64.5,3.0,0
flow_001.8,26.0,2.5,0
flow_2012.25,64.0,4.5,0
flow_2012.26,62.0,4.0,0
flow_201.44,61.0,3.0,0
flow_2012.27,55.0,3.5,0
flow_2012.28,37.0,3.5,0
flow_2012.29,30.5,4.0,0
flow_001.9,29.5,4.0,0
flow_301.62,73.5,3.5,0
flow_3012.22,67.0,3.5,0
flow_1012.5,65.0,6.5,0
flow_30.22,57.0,3.0,0
flow_10.3,47.5,4.0,0
flow_10.4,47.0,3.0,0
flow_3012.23,61.5,5.5,0
flow_301.63,59.0,3.0,0
flow_101.17,51.5,3.0,0
flow_3012.24,59.0,5.0,0
flow_1012.6,41.0,3.5,0
flow_1012.7,35.5,3.5,0
flow_301.64,62.5,4.0,0
flow_3012.25,62.0,4.0,0
flow_3012.26,60.5,4.0,0
flow_301.65,54.0,2.5,0
flow_101.18,24.5,2.5,0
flow_301.66,53.0,2.5,0
flow_2012.30,71.0,4.5,0
flow_201.45,70.0,3.0,0
flow_001.10,74.0,7.0,0
flow_201.46,70.5,3.5,0
flow_2012.31,65.0,3.5,0
flow_0012.6,76.5,5.5,0
flow_201.47,56.5,3.0,0
flow_20.26,44.5,3.0,0
flow_201.48,49.0,3.0,0
flow_201.49,38.0,3.0,0
flow_201.50,34.5,3.5,0
flow_2012.32,28.0,3.5,0
flow_2012.33,27.5,4.0,0
flow_20.27,23.5,2.5,0
flow_00.1,20.0,2.0,0
flow_30.23,89.5,4.0,0
flow_101.19,73.0,3.5,0
flow_30.24,87.0,3.0,0
flow_101.20,58.5,3.0,0
flow_3012.27,86.0,3.5,0
flow_1012.8,56.5,3.5,0
flow_3012.28,85.0,3.5,0
flow_1012.9,38.0,4.0,0
flow_30.25,71.5,2.5,0
flow_3012.29,72.0,3.0,0
flow_301.67,60.5,3.0,0
flow_3012.30,56.5,3.5,0
flow_30.26,53.0,2.5,0
flow_30.27,39.5,2.5,0
flow_301.68,30.5,3.0,0
flow_30.28,21.0,2.0,0
flow_201.51,71.5,3.5,0
flow_0012.7,76.0,6.5,0
flow_001.11,37.5,3.0,0
flow_201.52,73.5,3.5,0
flow_201.53,72.0,3.0,0
flow_20.28,54.5,3.0,0
flow_001.12,25.0,2.5,0
flow_20.29,54.0,3.0,0
flow_20.30,52.5,3.0,0
flow_2012.34,52.0,3.5,0
flow_2012.35,42.0,4.0,0
flow_2012.36,37.5,4.0,0
flow_201.54,31.5,2.5,0
flow_20.31,25.0,2.5,0
flow_001.13,25.5,2.5,0
flow_2012.37,24.0,3.0,0
flow_3012.31,66.5,4.0,0
flow_101.21,66.0,7.5,0
flow_3012.32,69.5,5.0,0
flow_301.69,67.0,3.0,0
flow_101.22,64.0,4.0,0
flow_30.29,62.5,2.5,0
flow_301.70,67.5,3.5,0
flow_301.71,63.0,3.0,0
flow_301.72,62.0,3.0,0
flow_30.30,56.0,2.5,0
flow_3012.33,52.0,3.0,0
flow_30.31,28.0,2.5,0
flow_301.73,39.0,2.5,0
flow_3012.34,24.5,3.0,0
flow_3012.35,25.5,3.0,0
flow_2012.38,66.5,4.0,0
flow_0012.8,60.5,4.0,0
flow_201.55,63.5,3.0,0
flow_001.14,50.5,3.0,0
flow_20.32,51.5,2.5,0
flow_2012.39,56.0,4.0,0
flow_00.2,52.0,6.0,0
flow_00.3,51.0,4.0,0
flow_201.56,52.5,3.0,0
flow_0012.9,50.5,4.0,0
flow_001.15,48.5,3.0,0
flow_201.57,55.5,4.5,0
flow_201.58,44.5,3.5,0
flow_201.59,43.0,3.5,0
flow_2012.40,43.0,4.0,0
flow_2012.41,36.5,4.5,0
flow_2012.42,32.5,4.5,0
flow_2012.43,27.0,4.0,0
flow_001.16,30.0,6.0,0
flow_30.32,69.5,4.0,0
flow_101.23,47.0,3.5,0
flow_301.74,70.5,3.0,0
flow_101.24,40.0,3.0,0
flow_10.5,22.0,2.0,0
flow_30.33,68.5,3.0,0
flow_301.75,67.0,2.5,0
flow_301.76,51.0,3.0,0
flow_3012.36,50.5,4.0,0
flow_301.77,45.5,2.5,0
flow_301.78,45.5,3.0,0
flow_301.79,37.0,3.5,0
flow_3012.37,31.5,3.0,0
flow_301.80,30.0,2.5,0
flow_3012.38,26.5,3.5,0
flow_301.81,25.5,2.5,0
flow_101.25,26.5,3.0,0
flow_201.60,73.5,3.5,0
flow_001.17,66.0,3.5,0
flow_201.61,71.5,3.0,0
flow_201.62,70.0,3.0,0
flow_201.63,69.0,3.0,0
flow_201.64,49.5,3.0,0
flow_201.65,45.5,3.0,0
flow_001.18,24.5,2.5,0
flow_201.66,44.5,3.0,0
flow_2012.44,43.5,3.5,0
flow_201.67,41.0,2.5,0
flow_2012.45,24.5,3.0,0
flow_30.34,72.5,4.0,0
flow_00.0,21.5,2.0,0
flow_00.1,21.0,2.0,0
flow_0012.0,26.5,3.5,0
flow_20.0,25.5,5.0,0
flow_201.0,27.5,3.0,0
flow_001.0,27.0,3.0,0
flow_10.0,53.0,4.0,0
flow_3012.0,25.0,3.0,0
flow_3012.1,28.5,4.0,0
flow_301.0,27.0,3.0,0
flow_3012.2,27.0,4.0,0
flow_001.1,68.0,3.5,0
flow_201.1,68.0,3.5,0
flow_2012.0,68.5,4.0,0
flow_20.1,59.5,3.0,0
flow_001.2,72.0,7.0,0
flow_00.2,69.5,3.0,0
flow_201.2,59.5,2.5,0
flow_001.3,71.5,3.5,0
flow_0012.1,65.5,3.5,0
flow_00.3,61.0,2.5,0
flow_2012.1,64.0,6.5,0
flow_201.3,63.5,4.0,0
flow_0012.2,53.5,4.5,0
flow_2012.2,62.5,4.0,0
flow_00.4,46.0,3.5,0
flow_0012.3,45.5,3.5,0
flow_2012.3,63.0,6.5,0
flow_20.2,59.5,3.5,0
flow_001.4,45.0,2.5,0
flow_0012.4,43.5,3.5,0
flow_2012.4,62.5,4.5,0
flow_2012.5,61.0,5.0,0
flow_00.5,44.0,6.0,0
flow_101.0,52.0,3.5,0
flow_3012.3,65.5,6.5,0
flow_30.0,42.0,3.5,0
flow_101.1,54.0,4.0,0
flow_301.1,41.0,3.0,0
flow_1012.0,40.5,4.5,0
flow_101.2,24.5,2.0,0
flow_10.1,20.5,1.5,0
flow_30.1,22.0,2.0,0
flow_10.2,21.5,2.0,0
flow_00.6,73.5,4.0,0
flow_201.4,105.0,3.5,0
flow_00.7,73.5,3.0,0
flow_0012.5,73.0,3.5,0
flow_2012.6,92.0,6.0,0
flow_20.3,88.0,3.5,0
flow_2012.7,89.0,4.0,0
flow_0012.6,77.0,7.0,0
flow_20.4,85.5,3.0,0
flow_00.8,73.5,3.5,0
flow_2012.8,85.5,3.5,0
flow_0012.7,57.0,4.0,0
flow_001.5,56.5,3.0,0
flow_201.5,85.0,3.5,0
flow_0012.8,55.5,4.0,0
flow_00.9,52.0,2.5,0
flow_201.6,87.0,7.0,0
flow_001.6,52.0,2.5,0
flow_2012.9,86.5,4.5,0
flow_2012.10,84.5,4.0,0
flow_2012.11,84.0,4.0,0
flow_101.3,40.0,3.5,0
flow_3012.4,25.0,3.5,0
flow_301.2,25.5,2.5,0
flow_101.4,26.5,2.5,0
flow_10.3,22.5,2.0,0
flow_10.4,22.0,2.0,0
flow_10.5,21.0,1.5,0
flow_201.7,129.0,3.5,0
flow_001.7,106.5,4.0,0
flow_0012.9,105.5,4.0,0
flow_00.10,90.5,3.0,0
flow_201.8,92.5,7.0,0
flow_00.11,88.0,2.5,0
flow_201.9,89.0,3.5,0
flow_001.8,87.5,3.0,0
flow_201.10,87.5,3.0,0
flow_0012.10,84.5,4.0,0
flow_00.12,70.5,3.0,0
flow_201.11,89.0,3.5,0
flow_001.9,70.0,2.5,0
flow_201.12,88.5,3.5,0
flow_001.10,69.0,3.0,0
flow_001.11,62.5,3.0,0
flow_201.13,88.0,3.5,0
flow_201.14,86.5,3.5,0
flow_20.5,84.5,3.5,0
flow_0012.11,63.0,5.5,0
flow_001.12,60.5,3.0,0
flow_001.13,34.0,3.5,0
flow_201.15,86.0,3.0,0
flow_0012.12,31.5,4.0,0
flow_2012.12,85.0,4.5,0
flow_301.3,57.0,3.5,0
flow_101.5,47.5,3.5,0
flow_101.6,40.0,3.5,0
flow_1012.1,28.0,3.5,0
flow_301.4,30.0,4.0,0
flow_301.5,24.5,2.5,0
flow_201.16,128.0,3.5,0
flow_001.14,77.5,4.0,0
flow_2012.13,89.0,4.0,0
flow_20.6,82.5,3.0,0
flow_20.7,80.5,2.5,0
flow_001.15,79.5,7.0,0
flow_001.16,78.0,3.0,0
flow_00.13,74.0,3.0,0
flow_201.17,82.0,3.0,0
flow_201.18,80.0,3.5,0
flow_001.17,71.0,3.0,0
flow_201.19,79.5,3.5,0
flow_2012.14,77.0,3.5,0
flow_0012.13,71.5,5.5,0
flow_0012.14,62.0,4.5,0
flow_001.18,46.5,3.0,0
flow_00.14,37.0,2.5,0
flow_201.20,79.0,3.5,0
flow_20.8,75.5,3.0,0
flow_00.15,35.5,2.5,0
flow_20.9,74.0,3.0,0
flow_00.16,34.0,2.5,0
flow_20.10,72.0,3.0,0
flow_0012.15,36.5,5.5,0
flow_1012.2,75.5,4.5,0
flow_101.7,40.5,3.0,0
flow_301.6,76.0,7.5,0
flow_10.6,24.5,2.0,0
flow_30.2,74.0,3.5,0
flow_3012.5,54.0,3.5,0
flow_3012.6,25.5,3.5,0
flow_301.7,25.0,2.5,0
flow_201.21,84.5,3.5,0
flow_0012.16,84.5,6.5,0
flow_0012.17,83.0,4.5,0
flow_001.19,81.0,3.0,0
flow_201.22,89.5,4.5,0
flow_001.20,79.5,3.0,0
flow_20.11,84.5,3.0,0
flow_2012.15,89.5,4.5,0
flow_00.17,78.5,4.0,0
flow_20.12,84.5,3.0,0
flow_001.21,68.0,2.5,0
flow_201.23,83.5,2.5,0
flow_20.13,79.5,2.5,0
flow_001.22,67.5,3.5,0
flow_00.18,59.5,2.5,0
flow_001.23,59.5,2.5,0
flow_0012.18,57.5,3.0,0
flow_2012.16,83.5,5.0,0
flow_00.19,53.5,2.5,0
flow_201.24,83.0,3.5,0
flow_001.24,48.5,3.5,0
flow_201.25,83.0,3.5,0
flow_0012.19,35.0,4.0,0
flow_3012.7,24.5,3.0,0
flow_1012.3,24.5,3.0,0
flow_1012.4,24.5,3.0,0
flow_101.8,25.5,2.5,0
flow_30.3,22.0,2.0,0
flow_201.26,130.0,4.0,0
flow_001.25,79.5,3.5,0
flow_2012.17,128.5,4.0,0
flow_201.27,90.5,2.5,0
flow_001.26,82.0,4.0,0
flow_0012.20,62.0,4.0,0
flow_2012.18,87.0,4.5,0
flow_2012.19,85.0,4.5,0
flow_201.28,81.5,2.5,0
flow_001.27,63.5,4.0,0
flow_201.29,80.5,3.0,0
flow_0012.21,63.5,4.5,0
flow_0012.22,61.5,4.5,0
flow_0012.23,52.5,4.0,0
flow_001.28,50.0,2.5,0
flow_201.30,88.0,7.0,0
flow_201.31,87.5,3.0,0
flow_001.29,25.0,2.5,0
flow_00.20,22.0,2.0,0
flow_201.32,86.0,3.0,0
flow_20.14,83.0,2.5,0
flow_10.7,51.0,4.0,0
flow_3012.8,57.0,7.5,0
flow_101.9,56.5,3.0,0
flow_101.10,52.5,3.0,0
flow_1012.5,29.5,3.5,0
flow_301.8,24.5,2.5,0
flow_30.4,21.5,2.0,0
flow_101.11,26.5,3.0,0
flow_2012.20,130.5,4.5,0
flow_20.15,88.0,3.0,0
flow_00.21,74.0,6.5,0
flow_00.22,69.0,4.0,0
flow_001.30,67.5,2.5,0
flow_201.33,88.5,3.5,0
flow_201.34,86.5,3.0,0
flow_20.16,85.0,3.5,0
flow_0012.24,69.5,4.5,0
flow_001.31,66.0,3.0,0
flow_00.23,58.0,2.5,0
flow_20.17,83.5,3.0,0
flow_001.32,58.5,2.5,0
flow_2012.21,85.0,5.0,0
flow_00.24,53.5,3.0,0
flow_201.35,83.5,3.5,0
flow_001.33,47.5,3.0,0
flow_2012.22,84.0,6.0,0
flow_201.36,80.5,2.5,0
flow_001.34,27.0,3.0,0
flow_2012.23,81.0,5.0,0
flow_201.37,76.0,2.5,0
flow_001.35,26.5,3.0,0
flow_101.12,37.0,3.5,0
flow_30.5,64.0,4.0,0
flow_301.9,25.5,2.5,0
flow_3012.9,23.0,2.5,0
flow_101.13,25.5,2.5,0
flow_2012.24,86.5,4.5,0
flow_0012.25,72.5,4.5,0
flow_00.25,67.5,3.0,0
flow_201.38,84.0,3.0,0
flow_001.36,68.5,3.0,0
flow_201.39,82.5,3.0,0
flow_2012.25,82.0,3.5,0
flow_201.40,79.5,3.0,0
flow_001.37,74.0,7.0,0
flow_2012.26,81.5,5.0,0
flow_201.41,77.5,3.0,0
flow_20.18,75.0,2.5,0
flow_001.38,75.5,4.0,0
flow_201.42,74.5,2.5,0
flow_0012.26,76.0,5.5,0
flow_001.39,73.0,2.5,0
flow_201.43,75.5,3.5,0
flow_2012.27,74.0,3.5,0
flow_0012.27,66.5,4.5,0
flow_20.19,71.0,2.5,0
flow_001.40,61.5,3.0,0
flow_2012.28,35.0,4.0,0
flow_10.8,21.0,2.0,0
flow_301.10,71.0,3.5,0
flow_301.11,63.5,3.0,0
flow_30.6,60.5,3.0,0
flow_301.12,61.5,3.0,0
flow_301.13,60.5,3.5,0
flow_30.7,36.0,2.5,0
flow_1012.6,28.0,5.5,0
flow_1012.7,24.5,3.0,0
flow_101.14,24.5,2.5,0
flow_0012.28,111.0,4.5,0
flow_20.20,81.5,6.0,0
flow_00.26,108.0,3.0,0
flow_201.44,80.5,3.0,0
flow_001.41,101.0,3.0,0
flow_201.45,79.5,3.0,0
flow_20.21,76.0,2.5,0
flow_001.42,90.5,3.0,0
flow_001.43,90.0,3.5,0
flow_2012.29,78.5,5.0,0
flow_201.46,74.5,2.5,0
flow_001.44,70.5,3.5,0
flow_2012.30,76.0,4.0,0
flow_20.22,72.5,3.0,0
flow_001.45,74.0,4.0,0
flow_2012.31,74.5,4.5,0
flow_20.23,67.5,3.0,0
flow_201.47,72.0,3.0,0
flow_001.46,66.5,4.0,0
flow_201.48,68.0,2.5,0
flow_001.47,54.0,3.5,0
flow_00.27,48.0,3.0,0
flow_2012.32,35.5,6.0,0
flow_30.8,69.5,4.0,0
flow_301.14,46.5,3.0,0
flow_101.15,24.0,2.5,0
flow_301.15,33.5,3.0,0
flow_301.16,25.5,2.5,0
flow_1012.8,27.5,4.0,0
flow_001.48,97.0,3.5,0
flow_201.49,79.0,3.5,0
flow_20.24,76.5,3.0,0
flow_001.49,89.0,3.0,0
flow_2012.33,77.5,4.0,0
flow_201.50,75.0,2.5,0
flow_001.50,91.5,7.0,0
flow_201.51,74.5,3.0,0
flow_0012.29,91.5,4.0,0
flow_20.25,68.5,2.5,0
flow_2012.34,73.0,3.5,0
flow_00.28,86.5,3.5,0
flow_001.51,71.0,2.5,0
flow_2012.35,71.5,4.5,0
flow_0012.30,56.0,3.5,0
flow_2012.36,69.5,4.0,0
flow_0012.31,48.0,4.0,0
flow_201.52,69.5,3.5,0
flow_00.29,47.0,3.0,0
flow_20.26,67.0,3.0,0
flow_00.30,45.5,3.0,0
flow_001.52,42.5,2.5,0
flow_201.53,66.0,2.5,0
flow_20.27,31.5,2.5,0
flow_001.53,41.0,2.5,0
flow_0012.32,35.5,4.5,0
flow_1012.9,59.5,4.0,0
flow_30.9,62.0,6.5,0
flow_101.16,38.0,3.0,0
flow_3012.10,43.0,5.0,0
flow_30.10,26.5,3.0,0
flow_1012.10,28.5,6.5,0
flow_301.17,26.0,3.0,0
flow_201.54,79.5,3.5,0
flow_00.31,79.0,4.0,0
flow_20.28,80.0,3.5,0
flow_001.54,78.0,3.0,0
flow_001.55,76.5,3.5,0
flow_201.55,79.0,3.5,0
flow_001.56,75.5,3.0,0
flow_201.56,78.0,3.5,0
flow_001.57,74.0,3.0,0
flow_201.57,76.5,3.0,0
flow_2012.37,75.5,3.5,0
flow_20.29,71.0,3.0,0
flow_001.58,76.5,6.5,0
flow_0012.33,74.0,4.0,0
flow_2012.38,73.0,4.0,0
flow_0012.34,73.0,3.5,0
flow_2012.39,71.5,4.5,0
flow_2012.40,69.5,4.0,0
flow_00.32,73.5,4.5,0
flow_201.58,68.0,2.5,0
flow_20.30,63.5,2.5,0
flow_00.33,71.5,3.5,0
flow_001.59,61.5,2.5,0
flow_2012.41,33.5,4.5,0
flow_2012.42,31.0,4.5,0
flow_10.9,44.0,4.0,0
flow_301.18,70.5,3.5,0
flow_301.19,25.5,2.5,0
flow_101.17,24.5,2.5,0
flow_2012.43,76.0,4.5,0
flow_201.59,75.0,3.0,0
flow_001.60,113.5,7.5,0
flow_201.60,75.0,3.5,0
flow_0012.35,96.0,5.5,0
flow_001.61,91.0,3.0,0
flow_201.61,77.0,3.5,0
flow_0012.36,92.0,4.5,0
flow_001.62,89.5,3.0,0
flow_201.62,78.5,4.0,0
flow_001.63,88.5,3.0,0
flow_201.63,77.5,3.0,0
flow_20.31,74.0,2.5,0
flow_001.64,89.0,3.5,0
flow_0012.37,86.0,4.5,0
flow_00.34,80.0,3.0,0
flow_001.65,85.0,3.0,0
flow_201.64,78.5,7.0,0
flow_20.32,74.5,3.5,0
flow_00.35,78.5,2.5,0
flow_20.33,74.0,3.0,0
flow_001.66,74.5,2.5,0
flow_3012.11,57.5,4.5,0
flow_1012.11,45.5,4.5,0
flow_3012.12,41.5,4.0,0
flow_101.18,47.5,4.0,0
flow_30.11,21.0,1.5,0
flow_10.10,40.0,3.0,0
flow_101.19,26.0,3.0,0
flow_1012.12,23.5,3.0,0
flow_201.65,122.0,3.5,0
flow_00.36,82.5,4.0,0
flow_201.66,120.5,3.0,0
flow_001.67,79.5,3.0,0
flow_2012.44,91.5,4.0,0
flow_00.37,80.0,6.0,0
flow_2012.45,91.5,6.5,0
flow_20.34,88.5,3.5,0
flow_00.38,82.0,8.0,0
flow_0012.38,69.0,6.0,0
flow_00.39,66.0,3.5,0
flow_201.67,93.5,3.0,0
flow_00.40,64.5,3.0,0
flow_001.68,55.5,2.5,0
flow_2012.46,94.5,5.5,0
flow_201.68,91.0,3.0,0
flow_001.69,53.5,3.5,0
flow_2012.47,91.0,4.5,0
flow_20.35,86.5,3.0,0
flow_10.11,70.0,4.0,0
flow_201.0,27.5,3.0,0
flow_00.0,21.0,1.5,0
flow_00.1,21.5,2.0,0
flow_2012.0,25.5,3.5,0
flow_20.0,22.0,2.0,0
flow_00.2,21.0,2.0,0
flow_301.0,51.0,3.5,0
flow_3012.0,50.5,3.5,0
flow_1012.0,59.0,6.5,0
flow_10.0,34.0,4.0,0
flow_30.0,40.0,3.0,0
flow_301.1,41.0,3.0,0
flow_3012.1,26.5,3.5,0
flow_301.2,26.0,2.5,0
flow_101.0,25.0,2.5,0
flow_301.3,27.0,3.0,0
flow_001.0,74.0,3.5,0
flow_201.1,70.5,3.5,0
flow_00.3,65.0,3.0,0
flow_201.2,60.0,3.0,0
flow_001.1,66.5,3.0,0
flow_201.3,61.5,3.5,0
flow_0012.0,66.0,4.0,0
flow_2012.1,59.5,4.0,0
flow_0012.1,65.0,4.5,0
flow_20.1,59.5,5.5,0
flow_001.2,62.5,3.0,0
flow_20.2,58.0,4.0,0
flow_001.3,41.0,3.0,0
flow_2012.2,58.5,4.5,0
flow_201.4,54.5,2.5,0
flow_001.4,41.0,4.5,0
flow_201.5,54.0,3.0,0
flow_20.3,50.5,2.5,0
flow_20.4,49.0,2.5,0
flow_2012.3,48.0,3.0,0
flow_001.5,31.5,6.0,0
flow_2012.4,38.0,5.5,0
flow_30.1,69.0,4.0,0
flow_30.2,49.5,3.0,0
flow_3012.2,49.0,3.5,0
flow_10.1,20.5,1.5,0
flow_30.3,21.5,2.0,0
flow_3012.3,24.0,3.0,0
flow_101.1,26.5,3.0,0
flow_001.6,77.0,3.5,0
flow_201.6,80.5,3.5,0
flow_0012.2,77.5,4.0,0
flow_20.5,80.0,6.0,0
flow_001.7,76.0,3.0,0
flow_201.7,71.5,3.5,0
flow_0012.3,76.0,4.0,0
flow_001.8,73.0,2.5,0
flow_201.8,74.0,4.0,0
flow_0012.4,74.0,4.0,0
flow_00.4,48.5,3.0,0
flow_201.9,75.5,3.5,0
flow_001.9,50.5,3.5,0
flow_201.10,70.5,3.5,0
flow_0012.5,50.0,5.0,0
flow_00.5,44.0,3.0,0
flow_201.11,40.5,3.5,0
flow_00.6,43.0,3.0,0
flow_20.6,38.0,3.0,0
flow_00.7,41.0,3.0,0
flow_20.7,36.5,2.5,0
flow_00.8,32.0,2.5,0
flow_201.12,36.0,2.5,0
flow_00.9,29.5,2.5,0
flow_1012.1,60.5,4.5,0
flow_3012.4,60.0,4.5,0
flow_1012.2,28.0,3.5,0
flow_10.2,24.0,2.5,0
flow_301.4,23.5,2.0,0
flow_201.13,83.5,3.5,0
flow_0012.6,78.0,6.5,0
flow_001.10,76.0,3.0,0
flow_201.14,84.5,3.5,0
flow_00.10,73.0,3.0,0
flow_201.15,84.5,3.5,0
flow_0012.7,75.0,4.5,0
flow_20.8,83.0,4.0,0
flow_001.11,71.5,2.5,0
flow_201.16,82.0,3.0,0
flow_0012.8,73.0,5.0,0
flow_2012.5,81.0,3.5,0
flow_0012.9,72.0,4.5,0
flow_001.12,67.5,3.0,0
flow_00.11,63.5,2.5,0
flow_201.17,82.5,3.5,0
flow_2012.6,82.5,4.5,0
flow_20.9,79.0,3.0,0
flow_001.13,68.0,4.0,0
flow_201.18,79.5,3.0,0
flow_00.12,61.5,3.0,0
flow_20.10,77.0,2.5,0
flow_0012.10,62.0,4.0,0
flow_1012.3,54.5,4.5,0
flow_101.2,32.0,3.0,0
flow_301.5,73.5,7.5,0
flow_301.6,64.5,3.5,0
flow_30.4,35.5,3.0,0
flow_1012.4,23.0,3.0,0
flow_00.13,82.0,4.0,0
flow_201.19,125.5,3.5,0
flow_201.20,88.0,3.0,0
flow_001.14,82.0,3.0,0
flow_0012.11,82.0,4.0,0
flow_001.15,78.5,2.5,0
flow_201.21,89.0,7.0,0
flow_0012.12,79.5,4.5,0
flow_001.16,77.5,3.0,0
flow_201.22,90.0,3.5,0
flow_001.17,77.5,3.0,0
flow_2012.7,91.5,4.5,0
flow_201.23,87.5,3.0,0
flow_001.18,78.0,3.5,0
flow_201.24,87.5,3.0,0
flow_001.19,77.5,3.0,0
flow_201.25,85.5,3.0,0
flow_001.20,76.5,3.0,0
flow_2012.8,86.0,5.0,0
flow_201.26,83.5,3.0,0
flow_001.21,77.5,3.5,0
flow_201.27,82.5,3.5,0
flow_3012.5,61.5,4.0,0
flow_101.3,39.0,7.0,0
flow_3012.6,41.5,5.0,0
flow_301.7,39.0,3.0,0
flow_10.3,32.0,3.5,0
flow_30.5,36.0,2.5,0
flow_301.8,38.5,3.5,0
flow_301.9,30.5,3.5,0
flow_201.28,128.0,3.5,0
flow_0012.13,128.0,6.5,0
flow_20.11,88.5,3.5,0
flow_001.22,91.0,3.5,0
flow_001.23,88.0,3.5,0
flow_2012.9,89.5,4.5,0
flow_201.29,84.5,3.0,0
flow_20.12,80.5,2.5,0
flow_001.24,89.5,3.5,0
flow_0012.14,88.0,4.5,0
flow_20.13,82.0,5.5,0
flow_0012.15,90.0,6.5,0
flow_00.14,88.0,3.5,0
flow_201.30,86.5,3.5,0
flow_001.25,87.0,2.5,0
flow_201.31,86.5,3.0,0
flow_001.26,87.0,2.5,0
flow_201.32,73.0,3.0,0
flow_2012.10,70.5,3.5,0
flow_0012.16,88.0,5.5,0
flow_0012.17,86.0,4.5,0
flow_3012.7,68.0,4.5,0
flow_301.10,32.0,3.0,0
flow_101.4,61.5,7.0,0
flow_301.11,31.0,3.0,0
flow_101.5,48.5,3.0,0
flow_1012.5,29.5,3.5,0
flow_101.6,26.5,3.0,0
flow_201.33,118.0,3.5,0
flow_001.27,130.0,3.5,0
flow_00.15,86.0,3.0,0
flow_201.34,118.0,3.0,0
flow_00.16,83.5,3.0,0
flow_201.35,91.0,3.5,0
flow_20.14,85.5,3.0,0
flow_00.17,82.5,2.5,0
flow_20.15,84.0,3.0,0
flow_0012.18,84.5,5.5,0
flow_00.18,81.0,3.5,0
flow_201.36,88.5,3.0,0
flow_001.28,81.0,3.0,0
flow_201.37,88.0,3.0,0
flow_0012.19,81.5,5.0,0
flow_0012.20,80.0,4.0,0
flow_001.29,77.5,2.5,0
flow_00.19,73.5,2.5,0
flow_201.38,93.0,4.5,0
flow_001.30,73.0,2.5,0
flow_2012.11,93.5,5.5,0
flow_30.6,65.5,4.0,0
flow_101.7,73.0,3.5,0
flow_30.7,66.5,3.5,0
flow_101.8,72.0,3.5,0
flow_10.4,68.5,2.5,0
flow_301.12,53.0,3.0,0
flow_1012.6,58.0,3.5,0
flow_10.5,24.5,2.5,0
flow_301.13,50.0,6.5,0
flow_30.8,47.5,3.5,0
flow_301.14,24.5,2.5,0
flow_301.15,27.0,3.0,0
flow_201.39,139.0,3.5,0
flow_00.20,85.0,4.0,0
flow_00.21,82.0,3.0,0
flow_201.40,139.5,3.0,0
flow_201.41,137.5,3.0,0
flow_0012.21,85.0,6.0,0
flow_001.31,83.0,3.0,0
flow_201.42,98.5,3.5,0
flow_20.16,93.5,3.0,0
flow_001.32,81.5,3.0,0
flow_001.33,80.0,3.0,0
flow_201.43,93.5,3.0,0
flow_001.34,78.5,3.0,0
flow_2012.12,94.0,4.5,0
flow_201.44,91.0,3.0,0
flow_001.35,80.5,4.0,0
flow_00.22,77.5,3.0,0
flow_201.45,90.5,3.0,0
flow_201.46,88.0,3.5,0
flow_0012.22,79.0,4.5,0
flow_00.23,75.5,3.5,0
flow_00.24,73.5,3.0,0
flow_201.47,89.5,4.0,0
flow_3012.8,68.5,4.5,0
flow_1012.7,51.0,4.5,0
flow_1012.8,48.5,4.5,0
flow_30.9,71.0,6.5,0
flow_1012.9,49.0,7.0,0
flow_101.9,44.0,3.0,0
flow_30.10,60.5,8.0,0
flow_3012.9,60.0,5.5,0
flow_301.16,47.0,3.0,0
flow_3012.10,47.0,4.0,0
flow_301.17,44.5,3.0,0
flow_2012.13,135.0,4.5,0
flow_20.17,88.0,3.0,0
flow_00.25,87.5,5.5,0
flow_001.36,84.5,3.0,0
flow_201.48,86.5,2.5,0
flow_0012.23,84.0,4.0,0
flow_00.26,80.0,3.0,0
flow_201.49,87.5,3.5,0
flow_0012.24,81.0,4.0,0
flow_0012.25,80.0,4.0,0
flow_001.37,79.0,3.0,0
flow_201.50,92.5,4.5,0
flow_001.38,78.0,3.5,0
flow_20.18,87.5,3.0,0
flow_201.51,92.0,3.5,0
flow_001.39,76.0,3.5,0
flow_2012.14,87.5,3.0,0
flow_0012.26,76.0,5.0,0
flow_00.27,73.0,3.0,0
flow_201.52,87.5,3.0,0
flow_00.28,71.0,3.0,0
flow_20.19,84.0,2.5,0
flow_20.20,82.0,2.5,0
flow_30.11,52.5,4.0,0
flow_101.10,26.5,3.0,0
flow_10.6,20.5,1.5,0
flow_101.11,25.5,2.5,0
flow_2012.15,130.0,4.5,0
flow_0012.27,86.0,4.5,0
flow_0012.28,83.0,4.0,0
flow_2012.16,90.0,4.0,0
flow_0012.29,81.0,4.0,0
flow_00.29,77.5,2.5,0
flow_20.21,88.5,6.0,0
flow_001.40,78.5,3.0,0
flow_20.22,88.0,4.0,0
flow_2012.17,87.0,5.0,0
flow_20.23,81.0,3.0,0
flow_001.41,82.0,4.5,0
flow_20.24,79.0,3.0,0
flow_201.53,76.5,2.5,0
flow_001.42,80.5,3.5,0
flow_0012.30,78.0,3.5,0
flow_20.25,77.0,5.5,0
flow_001.43,77.5,3.0,0
flow_201.54,76.5,3.0,0
flow_001.44,75.5,3.0,0
flow_201.55,75.0,3.0,0
flow_0012.31,76.5,5.0,0
flow_001.45,73.5,3.0,0
flow_201.56,76.0,3.5,0
flow_30.12,49.0,4.0,0
flow_101.12,65.5,3.5,0
flow_10.7,64.0,3.0,0
flow_1012.10,26.5,3.5,0
flow_10.8,21.0,1.5,0
flow_301.18,25.5,2.5,0
flow_1012.11,24.0,3.0,0
flow_20.26,83.5,4.0,0
flow_001.46,86.0,3.5,0
flow_20.27,82.0,3.0,0
flow_0012.32,86.0,6.0,0
flow_001.47,84.5,3.0,0
flow_20.28,84.5,5.5,0
flow_201.57,81.5,3.0,0
flow_001.48,83.0,3.0,0
flow_2012.18,82.5,4.5,0
flow_201.58,80.0,3.0,0
flow_001.49,86.5,4.0,0
flow_201.59,78.0,3.0,0
flow_0012.33,85.5,4.5,0
flow_0012.34,84.0,4.5,0
flow_20.29,81.0,6.5,0
flow_0012.35,85.5,7.0,0
flow_0012.36,84.5,4.5,0
flow_001.50,82.0,3.0,0
flow_201.60,87.5,3.5,0
flow_10.9,45.5,4.0,0
flow_301.19,30.5,3.0,0
flow_30.13,25.0,2.5,0
flow_101.13,45.0,3.0,0
flow_10.10,22.5,2.5,0
flow_3012.11,27.0,4.0,0
flow_3012.12,27.5,5.5,0
flow_1012.12,23.5,3.0,0
flow_30.14,22.0,2.0,0
flow_101.14,27.0,3.0,0
flow_301.20,25.0,2.5,0
flow_201.61,134.5,3.5,0
flow_0012.37,133.0,6.5,0
flow_20.30,133.5,3.5,0
flow_00.30,130.0,3.5,0
flow_001.51,93.0,3.0,0
flow_0012.38,88.5,3.5,0
flow_2012.19,136.0,4.5,0
flow_001.52,87.5,3.0,0
flow_201.62,99.5,3.5,0
flow_001.53,86.5,3.5,0
flow_20.31,92.0,3.0,0
flow_201.63,97.0,3.0,0
flow_001.54,84.5,3.5,0
flow_201.64,93.0,2.5,0
flow_001.55,83.5,3.0,0
flow_0012.39,81.0,4.0,0
flow_20.32,93.5,5.5,0
flow_00.31,75.0,2.5,0
flow_001.56,80.0,3.0,0
flow_201.65,92.5,3.5,0
flow_201.66,91.0,3.5,0
flow_001.57,77.0,3.0,0
flow_201.67,90.0,3.5,0
flow_001.58,33.0,3.5,0
flow_201.68,84.5,3.0,0
flow_101.15,68.0,3.5,0
flow_301.21,76.0,3.5,0
flow_10.11,27.5,3.0,0
flow_3012.13,77.5,6.0,0
flow_30.15,66.0,3.5,0
flow_3012.14,62.0,3.5,0
flow_3012.15,25.5,3.5,0
flow_1012.13,24.5,3.0,0
flow_101.16,24.5,2.0,0
flow_001.59,79.0,4.0,0
flow_2012.20,86.5,5.5,0
flow_0012.40,77.5,3.5,0
flow_20.33,82.0,4.0,0
flow_001.60,77.5,2.5,0
flow_201.69,81.5,3.0,0
flow_20.34,80.0,3.5,0
flow_0012.41,77.5,4.5,0
flow_00.32,74.0,3.0,0
flow_20.35,79.0,3.0,0
flow_00.33,73.0,3.0,0
flow_00.34,72.0,3.0,0
flow_2012.21,81.0,5.5,0
flow_00.35,72.5,5.5,0
flow_2012.22,83.0,7.0,0
flow_00.36,75.0,8.0,0
flow_201.70,82.0,3.5,0
flow_001.61,73.0,4.0,0
flow_201.71,81.0,3.0,0
flow_00.37,71.0,3.0,0
flow_201.72,80.0,3.0,0
flow_0012.42,72.5,4.5,0
flow_301.22,50.0,3.5,0
flow_101.17,45.5,3.5,0
flow_3012.16,32.0,4.0,0
flow_10.12,44.5,5.0,0
flow_30.16,22.5,2.0,0
flow_101.18,44.0,3.0,0
flow_3012.17,24.5,3.0,0
flow_101.19,24.5,2.5,0
flow_3012.18,26.0,3.5,0
flow_001.62,86.0,3.5,0
flow_201.73,128.0,3.5,0
flow_201.74,127.5,3.0,0
flow_001.63,85.0,3.5,0
flow_201.75,92.0,3.5,0
flow_001.64,83.5,3.5,0
flow_00.38,79.5,3.0,0
flow_00.39,78.5,2.5,0
flow_201.76,89.5,3.5,0
flow_201.77,87.5,3.5,0
flow_0012.43,79.5,4.0,0
flow_0012.44,78.0,4.0,0
flow_001.65,75.0,2.5,0
flow_201.78,90.5,4.0,0
flow_001.66,74.5,3.0,0
flow_20.36,89.5,3.0,0
flow_0012.45,76.0,5.5,0
flow_001.67,75.0,3.5,0
flow_201.79,93.5,3.5,0
flow_0012.46,73.5,5.0,0
flow_00.40,33.0,3.0,0
flow_201.80,95.0,3.5,0
flow_10.13,65.5,4.0,0
flow_30.17,47.0,4.0,0
flow_001.0,25.0,2.5,0
flow_0012.0,26.5,3.5,0
flow_0012.1,26.0,3.5,0
flow_1012.0,43.5,4.5,0
flow_101.0,37.5,3.0,0
flow_301.0,26.5,3.0,0
flow_101.1,26.0,2.5,0
flow_301.1,26.0,2.5,0
flow_101.2,28.0,3.5,0
flow_3012.0,29.0,5.5,0
flow_1012.1,27.0,4.0,0
flow_101.3,25.0,2.5,0
flow_0012.2,75.0,4.5,0
flow_001.1,67.0,3.0,0
flow_201.0,26.5,2.5,0
flow_00.0,62.0,3.0,0
flow_0012.3,61.5,3.5,0
flow_0012.4,61.5,4.0,0
flow_20.0,26.5,5.0,0
flow_0012.5,62.5,7.0,0
flow_001.2,60.5,3.0,0
flow_0012.6,59.5,3.5,0
flow_001.3,58.0,3.0,0
flow_00.1,53.0,2.5,0
flow_001.4,58.0,3.0,0
flow_001.5,54.5,3.0,0
flow_0012.7,36.0,4.0,0
flow_101.4,71.0,3.5,0
flow_101.5,70.5,3.0,0
flow_10.0,67.5,3.0,0
flow_101.6,56.5,3.0,0
flow_101.7,52.0,3.0,0
flow_101.8,48.0,3.0,0
flow_10.1,33.5,2.5,0
flow_30.0,20.5,1.5,0
flow_10.2,32.0,2.5,0
flow_101.9,31.5,2.5,0
flow_101.10,31.0,3.0,0
flow_1012.2,29.0,3.5,0
flow_101.11,27.0,3.0,0
flow_101.12,25.5,2.5,0
flow_00.2,79.5,4.0,0
flow_201.1,73.0,3.5,0
flow_001.6,79.5,3.0,0
flow_2012.0,50.5,5.0,0
flow_201.2,39.0,3.0,0
flow_201.3,37.0,3.0,0
flow_001.7,83.0,4.0,0
flow_001.8,81.5,3.5,0
flow_2012.1,35.5,5.0,0
flow_0012.8,80.5,4.0,0
flow_00.3,76.0,3.0,0
flow_001.9,74.5,2.5,0
flow_00.4,72.5,2.5,0
flow_001.10,72.5,3.0,0
flow_001.11,71.0,2.5,0
flow_001.12,70.0,3.0,0
flow_001.13,68.5,3.0,0
flow_2012.2,27.5,4.5,0
flow_101.13,73.5,3.5,0
flow_101.14,73.0,3.0,0
flow_10.3,70.0,3.0,0
flow_1012.3,60.5,3.0,0
flow_1012.4,55.5,3.5,0
flow_10.4,51.0,2.5,0
flow_101.15,52.5,3.0,0
flow_10.5,34.0,2.5,0
flow_101.16,35.5,3.0,0
flow_101.17,33.5,3.0,0
flow_201.4,73.5,3.5,0
flow_001.14,85.0,3.5,0
flow_201.5,68.5,3.0,0
flow_001.15,83.5,3.5,0
flow_20.1,44.0,3.0,0
flow_0012.9,83.5,6.5,0
flow_0012.10,82.0,4.5,0
flow_0012.11,81.0,4.0,0
flow_001.16,76.0,2.5,0
flow_001.17,69.0,3.0,0
flow_00.5,62.0,2.5,0
flow_00.6,61.0,3.0,0
flow_0012.12,61.5,3.5,0
flow_0012.13,60.5,4.0,0
flow_001.18,57.0,2.0,0
flow_001.19,33.0,2.5,0
flow_00.7,27.5,2.5,0
flow_10.6,68.0,4.0,0
flow_301.2,47.5,3.5,0
flow_101.18,57.0,3.0,0
flow_101.19,55.5,3.0,0
flow_1012.5,44.5,3.0,0
flow_101.20,43.0,3.0,0
flow_10.7,38.5,2.5,0
flow_1012.6,43.0,3.5,0
flow_10.8,37.0,2.5,0
flow_101.21,34.5,2.5,0
flow_101.22,26.5,2.5,0
flow_30.1,21.0,1.5,0
flow_101.23,25.5,2.5,0
flow_101.24,25.5,3.0,0
flow_0012.14,75.0,4.5,0
flow_20.2,59.5,6.5,0
flow_0012.15,76.5,5.5,0
flow_00.8,74.0,3.5,0
flow_0012.16,73.0,3.5,0
flow_001.20,72.5,2.5,0
flow_001.21,71.5,3.0,0
flow_00.9,66.0,3.0,0
flow_001.22,71.0,3.0,0
flow_001.23,63.0,3.0,0
flow_001.24,52.0,3.0,0
flow_00.10,41.0,2.5,0
flow_0012.17,26.5,3.0,0
flow_0012.18,24.5,3.0,0
flow_101.25,74.0,3.5,0
flow_301.3,59.5,3.5,0
flow_1012.7,73.0,4.0,0
flow_30.2,60.5,6.0,0
flow_101.26,70.0,3.0,0
flow_3012.1,54.5,5.0,0
flow_1012.8,50.5,3.0,0
flow_30.3,39.0,3.5,0
flow_101.27,35.0,3.0,0
flow_301.4,38.0,2.5,0
flow_301.5,30.0,3.0,0
flow_101.28,27.0,3.0,0
flow_10.9,22.5,2.0,0
flow_101.29,27.0,3.0,0
flow_301.6,30.5,3.5,0
flow_10.10,22.5,2.0,0
flow_1012.9,24.0,2.5,0
flow_301.7,24.5,2.5,0
flow_2012.3,66.5,4.5,0
flow_00.11,63.5,6.5,0
flow_001.25,63.5,3.5,0
flow_001.26,62.0,3.0,0
flow_00.12,59.0,3.0,0
flow_201.6,26.0,3.0,0
flow_001.27,61.0,3.5,0
flow_001.28,56.5,3.5,0
flow_001.29,55.0,3.5,0
flow_0012.19,52.5,4.0,0
flow_00.13,50.5,3.0,0
flow_001.30,50.0,3.0,0
flow_001.31,48.5,3.0,0
flow_00.14,31.5,3.0,0
flow_0012.20,45.0,4.0,0
flow_301.8,60.0,3.5,0
flow_101.30,71.5,4.0,0
flow_10.11,68.0,3.0,0
flow_301.9,56.5,3.0,0
flow_101.31,65.0,3.0,0
flow_1012.10,48.5,3.5,0
flow_30.4,20.5,2.0,0
flow_10.12,39.5,3.0,0
flow_101.32,44.0,3.0,0
flow_101.33,39.5,2.5,0
flow_10.13,24.0,2.5,0
flow_101.34,29.0,3.5,0
flow_301.10,25.0,2.5,0
flow_101.35,25.5,2.5,0
flow_001.32,79.5,3.5,0
flow_0012.21,75.5,3.5,0
flow_001.33,71.0,3.0,0
flow_00.15,67.5,2.5,0
flow_201.7,28.5,3.5,0
flow_001.34,67.0,2.5,0
flow_2012.4,27.5,4.0,0
flow_001.35,51.0,3.5,0
flow_001.36,49.5,3.0,0
flow_0012.22,48.0,3.5,0
flow_001.37,46.5,2.5,0
flow_0012.23,45.0,3.0,0
flow_00.16,41.5,2.5,0
flow_001.38,42.0,2.5,0
flow_0012.24,32.5,3.5,0
flow_001.39,30.5,3.0,0
flow_10.14,68.5,4.0,0
flow_30.5,46.5,4.0,0
flow_1012.11,68.5,4.0,0
flow_30.6,20.5,2.0,0
flow_101.36,55.0,3.0,0
flow_10.15,53.0,2.5,0
flow_10.16,34.0,2.5,0
flow_101.37,53.5,3.0,0
flow_301.11,26.0,3.0,0
flow_101.38,33.5,2.0,0
flow_10.17,30.0,2.0,0
flow_101.39,30.5,3.0,0
flow_10.18,23.0,2.5,0
flow_10.19,22.0,2.0,0
flow_20.3,49.5,4.0,0
flow_001.40,76.5,3.5,0
flow_201.8,50.5,3.0,0
flow_001.41,77.0,3.5,0
flow_201.9,41.5,3.5,0
flow_0012.25,78.0,6.0,0
flow_0012.26,76.0,4.5,0
flow_0012.27,74.5,4.5,0
flow_00.17,70.5,3.0,0
flow_001.42,70.0,3.0,0
flow_0012.28,67.0,3.5,0
flow_001.43,58.0,2.5,0
flow_001.44,57.0,2.5,0
flow_001.45,56.0,3.0,0
flow_001.46,54.5,3.0,0
flow_001.47,33.0,3.5,0
flow_10.20,64.5,4.0,0
flow_30.7,38.0,4.0,0
flow_101.40,58.0,3.0,0
flow_301.12,33.5,3.0,0
flow_101.41,58.0,3.0,0
flow_101.42,56.5,3.0,0
flow_10.21,52.5,2.5,0
flow_1012.12,39.0,3.0,0
flow_101.43,25.0,2.5,0
flow_301.13,26.0,3.0,0
flow_101.44,26.5,2.5,0
flow_20.4,55.0,4.0,0
flow_001.48,81.0,4.0,0
flow_001.49,79.0,3.0,0
flow_00.18,75.5,3.0,0
flow_201.10,27.0,3.0,0
flow_001.50,75.5,2.5,0
flow_001.51,76.0,3.5,0
flow_001.52,75.0,3.5,0
flow_0012.29,72.0,3.5,0
flow_20.5,24.0,3.0,0
flow_001.53,71.0,2.5,0
flow_0012.30,69.5,3.5,0
flow_001.54,67.5,3.0,0
flow_0012.31,57.5,3.5,0
flow_2012.5,24.5,3.0,0
flow_0012.32,54.0,4.0,0
flow_001.55,33.5,3.0,0
flow_001.56,31.0,3.0,0
flow_1012.13,70.5,4.0,0
flow_301.14,26.5,3.0,0
flow_101.45,72.5,3.5,0
flow_101.46,70.0,3.0,0
flow_101.47,47.5,3.5,0
flow_101.48,44.0,3.5,0
flow_1012.14,41.5,3.0,0
flow_1012.15,37.5,3.5,0
flow_30.8,24.0,2.5,0
flow_101.49,25.5,2.5,0
flow_10.22,23.5,2.0,0
flow_101.50,26.5,3.0,0
flow_10.23,23.0,2.5,0
flow_201.11,51.5,3.5,0
flow_001.57,76.0,3.5,0
flow_0012.33,66.5,3.5,0
flow_0012.34,64.5,4.0,0
flow_00.19,55.5,2.5,0
flow_201.12,27.5,3.0,0
flow_0012.35,57.0,4.0,0
flow_0012.36,45.5,4.0,0
flow_001.58,42.5,2.5,0
flow_001.59,42.0,3.0,0
flow_0012.37,39.0,3.0,0
flow_201.13,30.5,5.5,0
flow_2012.6,25.5,3.0,0
flow_2012.7,26.5,3.5,0
flow_0012.38,29.0,4.5,0
flow_301.15,49.0,3.5,0
flow_101.51,64.0,3.5,0
flow_101.52,62.5,3.0,0
flow_101.53,57.0,3.0,0
flow_10.24,54.0,2.5,0
flow_301.16,25.5,2.5,0
flow_1012.16,56.0,4.5,0
flow_101.54,52.5,3.0,0
flow_10.25,32.0,3.0,0
flow_101.55,38.0,3.0,0
flow_30.9,21.0,1.5,0
flow_1012.17,29.5,3.5,0
flow_10.26,24.5,2.5,0
flow_10.27,24.0,2.5,0
flow_101.56,26.0,2.5,0
flow_10.28,23.0,2.5,0
flow_20.6,72.5,4.0,0
flow_001.60,72.0,3.5,0
flow_20.7,44.5,3.5,0
flow_001.61,71.5,3.5,0
flow_0012.39,64.0,3.5,0
flow_00.20,56.0,2.5,0
flow_00.21,55.0,2.5,0
flow_0012.40,53.5,2.5,0
flow_001.62,53.0,3.0,0
flow_0012.41,51.5,3.5,0
flow_00.22,47.5,2.5,0
flow_001.63,43.0,2.5,0
flow_0012.42,37.5,3.5,0
flow_0012.43,37.5,3.5,0
flow_001.64,30.0,3.0,0
flow_0012.44,25.5,3.0,0
flow_3012.2,73.5,4.0,0
flow_101.57,72.0,7.0,0
flow_301.17,64.5,3.0,0
flow_1012.18,67.0,4.0,0
flow_101.58,65.0,2.5,0
flow_30.10,22.0,2.0,0
flow_101.59,44.5,3.0,0
flow_101.60,43.5,3.0,0
flow_101.61,39.5,3.0,0
flow_101.62,36.5,3.5,0
flow_101.63,25.5,2.5,0
flow_201.14,67.5,3.5,0
flow_0012.45,78.0,6.5,0
flow_00.23,56.0,3.5,0
flow_201.15,61.0,4.0,0
flow_0012.46,53.5,4.5,0
flow_001.65,39.5,3.0,0
flow_201.16,43.5,4.0,0
flow_00.24,38.0,2.5,0
flow_201.17,34.0,3.0,0
flow_001.66,32.0,2.5,0
flow_2012.8,25.5,3.5,0
flow_001.67,34.0,6.0,0
flow_001.68,33.0,3.0,0
flow_20.8,21.5,1.5,0
flow_001.69,32.5,3.0,0
flow_0012.47,31.0,4.0,0
flow_001.70,28.5,3.0,0
flow_1012.19,70.5,4.5,0
flow_3012.3,62.0,4.5,0
flow_10.29,67.0,3.0,0
flow_301.18,62.0,3.5,0
flow_101.64,60.0,3.0,0
flow_3012.4,40.0,4.5,0
flow_3012.5,35.5,4.5,0
flow_301.19,32.5,2.5,0
flow_101.65,64.5,4.0,0
flow_1012.20,63.5,4.0,0
flow_101.66,62.5,3.0,0
flow_1012.21,25.0,3.5,0
flow_10.30,22.0,2.0,0
flow_001.71,72.0,3.5,0
flow_201.18,62.0,3.5,0
flow_001.72,73.5,3.5,0
flow_001.73,69.5,3.5,0
flow_00.25,68.0,3.5,0
flow_2012.9,27.5,5.0,0
flow_001.74,68.5,3.0,0
flow_00.26,56.5,2.5,0
flow_001.75,54.0,2.5,0
flow_201.19,26.0,3.0,0
flow_001.76,44.5,3.0,0
flow_0012.48,42.5,3.0,0
flow_2012.10,24.5,3.0,0
flow_00.27,43.0,5.5,0
flow_201.20,25.0,2.5,0
flow_001.77,42.5,3.0,0
flow_00.28,39.5,3.0,0
flow_2012.11,26.5,4.5,0
flow_101.67,67.0,3.5,0
flow_301.20,56.5,3.5,0
flow_3012.6,40.0,4.0,0
flow_101.68,71.5,7.0,0
flow_10.31,64.5,3.0,0
flow_10.32,63.5,3.0,0
flow_301.21,26.0,3.0,0
flow_10.33,62.0,3.0,0
flow_101.69,51.0,2.5,0
flow_101.70,37.5,3.0,0
flow_1012.22,35.5,3.0,0
flow_101.71,34.0,2.5,0
flow_101.72,24.0,2.5,0
flow_2012.12,71.5,4.0,0
flow_201.21,71.0,3.0,0
flow_001.78,89.0,7.0,0
flow_20.9,61.5,3.0,0
flow_001.79,86.5,3.0,0
flow_201.22,28.0,2.0,0
flow_001.80,85.0,2.5,0
flow_0012.49,54.5,4.0,0
flow_001.81,52.0,2.5,0
flow_0012.50,49.5,4.0,0
flow_00.29,43.5,2.5,0
flow_0012.51,33.0,3.5,0
flow_001.82,33.0,3.0,0
flow_20.10,21.5,2.0,0
flow_001.83,26.0,3.0,0
flow_101.73,70.5,3.5,0
flow_0012.0,24.0,3.0,0
flow_00.0,23.0,2.0,0
flow_00.1,21.0,2.0,0
flow_101.0,49.0,3.5,0
flow_101.1,37.5,3.0,0
flow_101.2,26.5,3.0,0
flow_301.0,26.0,3.0,0
flow_1012.0,25.5,3.5,0
flow_101.3,24.5,2.5,0
flow_10.0,21.5,2.0,0
flow_0012.1,62.0,4.5,0
flow_2012.0,45.5,4.5,0
flow_00.2,59.5,3.0,0
flow_001.0,60.0,3.0,0
flow_0012.2,58.5,3.5,0
flow_001.1,56.5,2.5,0
flow_001.2,56.5,3.0,0
flow_001.3,55.0,3.0,0
flow_001.4,53.5,3.0,0
flow_001.5,52.5,3.0,0
flow_001.6,50.5,3.0,0
flow_001.7,49.5,3.0,0
flow_00.3,45.0,3.0,0
flow_001.8,31.0,2.5,0
flow_001.9,29.0,3.0,0
flow_10.1,68.5,4.0,0
flow_30.0,66.0,4.0,0
flow_301.1,63.0,3.0,0
flow_1012.1,62.5,5.0,0
flow_101.4,59.0,3.0,0
flow_10.2,52.0,2.5,0
flow_301.2,34.5,3.5,0
flow_101.5,49.5,2.5,0
flow_301.3,25.0,2.5,0
flow_101.6,36.5,3.0,0
flow_10.3,23.0,2.5,0
flow_101.7,24.5,2.0,0
flow_10.4,22.0,2.0,0
flow_101.8,25.5,2.5,0
flow_101.9,26.5,3.0,0
flow_201.0,60.0,3.5,0
flow_0012.3,78.5,6.5,0
flow_00.4,74.5,3.5,0
flow_00.5,73.5,3.0,0
flow_201.1,63.0,4.0,0
flow_201.2,51.5,3.5,0
flow_0012.4,76.0,5.0,0
flow_00.6,70.0,3.0,0
flow_0012.5,75.0,4.5,0
flow_00.7,68.5,2.5,0
flow_001.10,68.0,2.5,0
flow_0012.6,66.0,3.0,0
flow_00.8,63.5,2.5,0
flow_001.11,63.0,2.5,0
flow_00.9,60.0,2.5,0
flow_001.12,30.0,2.5,0
flow_0012.7,26.5,3.0,0
flow_10.5,65.5,4.0,0
flow_301.4,67.5,3.5,0
flow_301.5,66.5,3.0,0
flow_101.10,62.0,3.0,0
flow_101.11,51.5,3.0,0
flow_3012.0,45.0,6.0,0
flow_301.6,25.0,2.5,0
flow_3012.1,25.0,3.5,0
flow_10.6,22.5,2.5,0
flow_30.1,22.5,2.0,0
flow_10.7,21.0,1.5,0
flow_301.7,24.5,2.5,0
flow_101.12,25.5,2.5,0
flow_2012.1,55.0,4.0,0
flow_0012.8,75.0,4.5,0
flow_2012.2,52.0,4.0,0
flow_0012.9,75.5,4.0,0
flow_001.13,73.0,3.0,0
flow_201.3,50.0,3.5,0
flow_0012.10,72.5,3.5,0
flow_00.10,69.0,3.0,0
flow_20.0,37.5,6.0,0
flow_201.4,36.5,3.0,0
flow_001.14,71.0,3.5,0
flow_001.15,69.5,3.5,0
flow_0012.11,66.0,3.0,0
flow_001.16,56.5,3.0,0
flow_0012.12,55.5,3.5,0
flow_001.17,53.0,2.5,0
flow_00.11,49.0,2.5,0
flow_201.5,25.0,2.5,0
flow_201.6,25.0,2.5,0
flow_001.18,31.5,3.0,0
flow_00.12,26.5,2.5,0
flow_1012.2,68.5,4.0,0
flow_3012.2,63.5,4.5,0
flow_3012.3,53.0,4.0,0
flow_10.8,70.5,6.0,0
flow_301.8,46.0,2.5,0
flow_30.2,26.0,2.5,0
flow_101.13,69.5,3.5,0
flow_101.14,64.5,3.5,0
flow_101.15,62.0,3.5,0
flow_101.16,61.0,3.5,0
flow_101.17,61.0,3.5,0
flow_301.9,25.0,2.5,0
flow_101.18,59.5,3.5,0
flow_1012.3,57.0,3.5,0
flow_10.9,44.0,3.0,0
flow_301.10,27.0,2.5,0
flow_101.19,45.0,3.0,0
flow_10.10,41.0,2.5,0
flow_10.11,31.0,2.5,0
flow_201.7,44.5,3.5,0
flow_0012.13,78.0,6.5,0
flow_00.13,75.0,3.5,0
flow_201.8,38.5,4.0,0
flow_0012.14,77.0,4.5,0
flow_001.19,73.5,3.0,0
flow_201.9,36.0,3.5,0
flow_001.20,72.5,3.0,0
flow_0012.15,71.0,4.0,0
flow_00.14,68.0,2.5,0
flow_201.10,29.0,3.5,0
flow_001.21,67.0,2.5,0
flow_0012.16,66.0,3.5,0
flow_001.22,65.0,3.0,0
flow_001.23,63.0,2.5,0
flow_00.15,58.5,2.5,0
flow_001.24,29.0,2.0,0
flow_0012.17,28.0,3.0,0
flow_30.3,62.0,4.0,0
flow_101.20,79.0,3.5,0
flow_301.11,53.5,3.0,0
flow_1012.4,81.0,5.0,0
flow_101.21,78.0,2.5,0
flow_10.12,75.0,2.5,0
flow_301.12,56.0,3.5,0
flow_101.22,74.5,2.5,0
flow_301.13,41.0,3.5,0
flow_101.23,74.5,3.0,0
flow_101.24,73.5,3.5,0
flow_10.13,69.5,2.5,0
flow_10.14,68.0,2.5,0
flow_1012.5,67.5,3.0,0
flow_101.25,64.5,2.0,0
flow_10.15,62.0,2.0,0
flow_1012.6,30.0,3.5,0
flow_101.26,27.0,2.5,0
flow_001.25,74.5,3.5,0
flow_201.11,50.0,3.5,0
flow_20.1,21.0,1.5,0
flow_001.26,74.0,3.0,0
flow_001.27,73.0,3.0,0
flow_001.28,72.0,3.0,0
flow_0012.18,70.5,3.0,0
flow_2012.3,26.0,3.5,0
flow_0012.19,71.0,4.0,0
flow_001.29,67.5,3.0,0
flow_00.16,63.5,2.5,0
flow_001.30,64.0,2.5,0
flow_001.31,64.0,3.0,0
flow_0012.20,60.5,3.0,0
flow_001.32,57.5,3.0,0
flow_00.17,25.5,2.5,0
flow_0012.21,31.5,3.5,0
flow_20.2,23.5,2.0,0
flow_10.16,74.5,4.0,0
flow_3012.4,57.0,7.5,0
flow_1012.7,75.5,4.0,0
flow_1012.8,74.0,4.0,0
flow_101.27,72.0,3.0,0
flow_101.28,71.0,3.5,0
flow_101.29,69.5,3.0,0
flow_1012.9,68.5,3.5,0
flow_101.30,63.0,3.0,0
flow_10.17,54.0,2.5,0
flow_101.31,49.0,2.5,0
flow_1012.10,45.5,3.0,0
flow_1012.11,34.0,3.5,0
flow_1012.12,25.0,3.5,0
flow_0012.22,76.0,5.0,0
flow_001.33,74.5,3.0,0
flow_201.12,46.0,3.5,0
flow_20.3,44.0,3.0,0
flow_001.34,73.5,2.5,0
flow_001.35,72.0,3.0,0
flow_201.13,43.5,2.5,0
flow_001.36,71.5,3.0,0
flow_001.37,70.0,3.5,0
flow_00.18,58.0,2.5,0
flow_201.14,26.5,3.0,0
flow_001.38,50.0,3.0,0
flow_001.39,48.0,3.5,0
flow_0012.23,44.5,3.0,0
flow_2012.4,27.5,4.0,0
flow_0012.24,41.5,3.5,0
flow_0012.25,28.5,4.0,0
flow_201.15,26.0,3.0,0
flow_0012.26,25.5,3.5,0
flow_301.14,37.5,3.5,0
flow_101.32,71.5,3.5,0
flow_3012.5,29.0,3.5,0
flow_10.18,71.5,5.0,0
flow_1012.13,70.0,3.5,0
flow_3012.6,31.0,6.5,0
flow_30.4,28.0,3.5,0
flow_101.33,72.0,3.0,0
flow_30.5,27.0,3.0,0
flow_1012.14,71.5,4.0,0
flow_10.19,68.0,3.0,0
flow_10.20,42.5,3.0,0
flow_301.15,24.5,2.5,0
flow_201.16,62.5,3.5,0
flow_001.40,71.0,3.5,0
flow_001.41,65.5,3.0,0
flow_201.17,63.0,3.0,0
flow_001.42,65.5,3.5,0
flow_201.18,62.0,3.5,0
flow_0012.27,61.5,4.0,0
flow_001.43,33.0,2.5,0
flow_201.19,66.0,7.0,0
flow_0012.28,32.5,4.5,0
flow_001.44,29.0,3.0,0
flow_20.4,65.0,5.0,0
flow_20.5,63.0,3.5,0
flow_001.45,28.5,3.0,0
flow_201.20,61.5,2.5,0
flow_0012.29,28.5,4.5,0
flow_001.46,27.0,3.0,0
flow_201.21,37.5,3.5,0
flow_3012.7,40.0,4.0,0
flow_10.21,66.0,6.5,0
flow_1012.15,64.5,4.0,0
flow_10.22,62.5,3.0,0
flow_101.34,62.0,3.0,0
flow_101.35,60.5,2.5,0
flow_10.23,48.5,2.5,0
flow_301.16,25.5,2.5,0
flow_1012.16,38.0,3.5,0
flow_30.6,22.0,2.5,0
flow_1012.17,36.5,6.5,0
flow_101.36,31.5,3.0,0
flow_10.24,28.5,3.0,0
flow_101.37,26.5,3.0,0
flow_101.38,26.5,2.5,0
flow_00.19,70.5,4.0,0
flow_201.22,63.0,3.5,0
flow_20.6,60.0,3.0,0
flow_001.47,71.5,3.0,0
flow_201.23,34.5,3.0,0
flow_0012.30,74.0,5.5,0
flow_001.48,70.0,2.5,0
flow_20.7,35.0,3.5,0
flow_001.49,65.0,3.0,0
flow_201.24,25.0,2.5,0
flow_0012.31,65.0,4.5,0
flow_001.50,58.5,2.5,0
flow_00.20,43.0,2.5,0
flow_0012.32,58.5,3.5,0
flow_201.25,27.0,3.0,0
flow_0012.33,45.0,4.0,0
flow_001.51,43.0,3.0,0
flow_00.21,38.0,2.5,0
flow_101.39,73.5,3.5,0
flow_301.17,46.0,3.5,0
flow_30.7,43.5,3.0,0
flow_101.40,74.0,3.0,0
flow_101.41,72.5,3.0,0
flow_101.42,72.5,3.5,0
flow_1012.18,69.0,3.5,0
flow_101.43,57.5,2.5,0
flow_1012.19,47.0,3.5,0
flow_10.25,37.5,2.5,0
flow_301.18,26.5,3.0,0
flow_101.44,32.5,2.0,0
flow_10.26,29.5,2.0,0
flow_101.45,28.5,3.0,0
flow_101.46,25.5,2.5,0
flow_2012.5,53.0,4.5,0
flow_201.26,52.0,3.0,0
flow_001.52,76.5,7.0,0
flow_00.22,70.0,3.5,0
flow_201.27,42.5,3.0,0
flow_201.28,33.5,3.0,0
flow_001.53,66.5,2.5,0
flow_2012.6,25.5,3.5,0
flow_001.54,49.5,6.5,0
flow_001.55,47.5,3.5,0
flow_001.56,44.0,3.5,0
flow_0012.34,42.5,4.0,0
flow_001.57,40.5,2.5,0
flow_001.58,39.5,3.0,0
flow_001.59,38.5,3.5,0
flow_00.23,34.0,2.5,0
flow_001.60,34.5,2.5,0
flow_30.8,72.0,4.0,0
flow_10.27,70.5,4.0,0
flow_10.28,70.0,3.0,0
flow_301.19,71.5,3.0,0
flow_30.9,64.5,3.0,0
flow_101.47,70.0,3.0,0
flow_10.29,65.0,2.5,0
flow_30.10,60.0,2.5,0
flow_10.30,63.5,2.5,0
flow_101.48,56.5,3.0,0
flow_101.49,47.0,3.0,0
flow_1012.20,44.0,3.0,0
flow_101.50,43.0,2.5,0
flow_10.31,40.5,2.5,0
flow_3012.8,26.5,4.5,0
flow_101.51,44.0,3.5,0
flow_101.52,43.5,3.5,0
flow_10.32,32.0,3.0,0
flow_301.20,27.0,3.0,0
flow_0012.35,80.0,4.5,0
flow_2012.7,58.5,4.5,0
flow_0012.36,81.5,4.5,0
flow_001.61,79.0,3.5,0
flow_201.29,45.5,4.5,0
flow_001.62,77.0,3.0,0
flow_00.24,73.0,2.5,0
flow_201.30,42.5,3.5,0
flow_00.25,72.0,2.5,0
flow_0012.37,71.0,3.0,0
flow_00.26,68.0,2.5,0
flow_001.63,68.0,2.5,0
flow_00.27,65.5,2.5,0
flow_2012.8,25.0,3.5,0
flow_001.64,68.5,5.5,0
flow_001.65,62.5,3.0,0
flow_00.28,32.5,2.5,0
flow_30.11,48.5,4.0,0
flow_10.33,79.0,4.0,0
flow_101.53,79.0,3.0,0
flow_301.21,40.5,3.5,0
flow_1012.21,78.5,4.5,0
flow_1012.22,73.0,4.0,0
flow_10.34,65.5,3.0,0
flow_301.22,29.5,3.5,0
flow_1012.23,60.5,4.0,0
flow_101.54,49.0,3.0,0
flow_301.23,31.5,3.5,0
flow_101.55,44.0,3.5,0
flow_3012.9,26.0,4.0,0
flow_10.35,30.5,6.0,0
flow_1012.24,24.0,2.5,0
flow_301.24,28.5,3.5,0
flow_1012.25,27.5,4.5,0
flow_201.31,73.0,3.5,0
flow_0012.38,82.5,6.5,0
flow_001.66,80.5,3.0,0
flow_001.67,80.0,3.5,0
flow_00.29,77.0,3.0,0
flow_001.68,76.0,3.0,0
flow_0012.39,75.5,3.5,0
flow_0012.40,74.0,3.5,0
flow_2012.9,25.5,3.5,0
flow_001.69,75.0,5.5,0
flow_00.30,71.5,3.0,0
flow_201.32,26.0,3.0,0
flow_0012.41,73.0,4.0,0
flow_0012.42,71.5,4.0,0
flow_0012.43,69.5,4.0,0
flow_00.31,33.0,3.0,0
flow_1012.26,72.5,4.5,0
flow_3012.10,74.0,4.5,0
flow_101.56,72.5,3.0,0
flow_301.25,73.5,3.0,0
flow_30.12,71.5,3.0,0
flow_101.57,72.5,3.5,0
flow_30.13,48.0,2.5,0
flow_101.58,71.5,3.5,0
flow_1012.27,69.0,3.5,0
flow_3012.11,24.5,3.0,0
flow_10.36,68.5,5.5,0
flow_101.59,67.5,3.0,0
flow_101.60,66.0,3.0,0
flow_101.61,65.0,3.5,0
flow_1012.28,63.5,3.5,0
flow_1012.29,62.5,4.0,0
flow_10.37,58.0,3.0,0
flow_101.62,32.0,2.5,0
flow_301.26,32.0,4.0,0
flow_3012.12,30.0,4.0,0
flow_1012.30,31.0,3.5,0
flow_0012.44,79.5,4.5,0
flow_20.8,54.5,6.5,0
flow_001.70,78.0,3.0,0
flow_001.71,78.5,3.5,0
flow_00.32,73.0,3.0,0
flow_001.72,78.0,3.5,0
flow_00.33,71.5,3.0,0
flow_0012.45,72.0,3.5,0
flow_001.73,69.0,2.5,0
flow_001.74,67.5,3.0,0
flow_00.34,59.5,2.5,0
flow_001.75,58.0,2.5,0
flow_001.76,57.0,3.0,0
flow_001.77,31.5,3.0,0
flow_0012.46,28.5,3.5,0
flow_10.38,75.0,4.0,0
flow_301.27,75.0,3.5,0
flow_10.39,73.5,3.0,0
flow_3012.13,79.5,6.0,0
flow_301.28,55.5,3.5,0
flow_30.14,47.5,3.0,0
flow_101.63,79.0,3.0,0
flow_1012.31,73.5,3.5,0
flow_3012.14,48.5,3.5,0
flow_301.29,45.5,3.0,0
flow_101.64,73.5,3.5,0
flow_1012.32,72.5,4.0,0
flow_1012.33,72.0,4.5,0
flow_1012.34,65.5,4.5,0
flow_101.65,61.0,2.5,0
flow_301.30,36.0,4.5,0
flow_3012.15,33.5,4.0,0
flow_1012.35,63.0,4.5,0
flow_1012.36,61.5,4.5,0
flow_101.66,37.5,2.5,0
flow_2012.10,53.5,4.0,0
flow_20.9,51.5,3.0,0
flow_001.78,79.5,7.0,0
flow_201.33,34.5,3.0,0
flow_001.79,78.5,3.0,0
flow_001.80,78.0,3.0,0
flow_0012.47,76.0,3.5,0
flow_0012.48,75.0,3.5,0
flow_0012.49,74.0,4.0,0
flow_001.81,72.5,3.0,0
flow_001.82,71.0,3.0,0
flow_001.83,70.0,3.5,0
flow_001.84,43.5,3.5,0
flow_001.85,36.5,3.5,0
flow_001.86,35.5,3.0,0
flow_001.87,33.5,3.5,0
flow_201.0,25.0,2.5,0
flow_20.0,22.0,2.0,0
flow_301.0,50.5,3.5,0
flow_1012.0,46.5,6.5,0
flow_101.0,38.0,3.5,0
flow_301.1,53.0,3.5,0
flow_30.0,48.5,3.0,0
flow_101.1,30.0,3.5,0
flow_301.2,45.0,3.0,0
flow_301.3,44.0,3.0,0
flow_30.1,25.0,2.5,0
flow_3012.0,43.5,4.0,0
flow_3012.1,27.5,4.0,0
flow_3012.2,26.0,4.0,0
flow_301.4,26.0,3.0,0
flow_3012.3,26.0,3.5,0
flow_20.1,66.5,4.0,0
flow_001.0,70.0,3.5,0
flow_2012.0,65.0,4.0,0
flow_201.1,62.5,2.5,0
flow_001.1,27.5,3.0,0
flow_201.2,62.5,2.5,0
flow_201.3,61.5,3.0,0
flow_2012.1,59.5,3.0,0
flow_2012.2,58.5,3.5,0
flow_201.4,57.0,3.0,0
flow_201.5,56.5,3.0,0
flow_2012.3,49.5,4.0,0
flow_201.6,48.5,3.0,0
flow_201.7,46.0,2.5,0
flow_201.8,31.5,3.0,0
flow_20.2,27.5,2.5,0
flow_301.5,75.0,3.5,0
flow_1012.1,69.5,6.5,0
flow_30.2,75.5,3.5,0
flow_301.6,75.0,3.0,0
flow_3012.4,69.0,3.5,0
flow_301.7,54.5,2.5,0
flow_30.3,51.5,2.5,0
flow_301.8,47.5,2.5,0
flow_301.9,34.5,3.0,0
flow_301.10,33.0,3.0,0
flow_301.11,26.5,3.0,0
flow_30.4,23.0,2.5,0
flow_3012.5,29.0,4.5,0
flow_30.5,22.5,2.0,0
flow_00.0,72.0,4.0,0
flow_201.9,76.5,3.5,0
flow_201.10,75.0,3.0,0
flow_20.3,70.5,3.0,0
flow_201.11,71.5,2.5,0
flow_20.4,68.0,2.5,0
flow_2012.4,68.5,3.5,0
flow_201.12,59.0,3.0,0
flow_2012.5,41.5,3.5,0
flow_201.13,34.0,2.5,0
flow_001.2,28.0,3.5,0
flow_2012.6,35.0,4.5,0
flow_20.5,22.5,2.5,0
flow_2012.7,33.5,4.0,0
flow_201.14,24.0,2.0,0
flow_001.3,25.5,2.5,0
flow_3012.6,71.5,4.5,0
flow_30.6,68.0,3.0,0
flow_101.2,76.5,7.5,0
flow_30.7,65.0,3.0,0
flow_101.3,69.5,3.5,0
flow_30.8,49.0,2.5,0
flow_101.4,55.5,3.0,0
flow_1012.2,52.0,3.0,0
flow_30.9,47.5,3.0,0
flow_3012.7,52.0,5.0,0
flow_101.5,45.0,3.0,0
flow_301.12,47.0,2.5,0
flow_3012.8,39.0,3.5,0
flow_30.10,34.5,2.5,0
flow_30.11,21.5,2.0,0
flow_1012.3,26.5,5.0,0
flow_101.6,24.5,2.0,0
flow_2012.8,73.5,4.5,0
flow_001.4,65.5,7.5,0
flow_2012.9,76.5,5.5,0
flow_201.15,73.5,3.0,0
flow_001.5,53.0,4.0,0
flow_2012.10,74.0,5.0,0
flow_0012.0,33.0,4.0,0
flow_2012.11,72.5,4.5,0
flow_2012.12,71.0,4.5,0
flow_201.16,68.5,2.5,0
flow_201.17,67.5,3.0,0
flow_201.18,66.5,3.0,0
flow_201.19,65.5,3.0,0
flow_2012.13,49.0,3.5,0
flow_20.6,30.5,2.5,0
flow_201.20,48.5,3.0,0
flow_001.6,27.0,3.0,0
flow_1012.4,32.5,4.0,0
flow_3012.9,75.0,4.5,0
flow_301.13,71.0,3.0,0
flow_301.14,43.5,3.0,0
flow_30.12,27.5,2.5,0
flow_301.15,30.0,3.0,0
flow_3012.10,21.5,2.5,0
flow_30.13,21.5,2.0,0
flow_30.14,21.5,2.0,0
flow_2012.14,72.0,4.5,0
flow_001.7,74.5,7.0,0
flow_201.21,69.5,3.0,0
flow_201.22,67.0,3.0,0
flow_001.8,67.5,3.5,0
flow_201.23,62.5,3.0,0
flow_0012.1,57.5,5.0,0
flow_00.1,54.0,3.0,0
flow_201.24,50.0,3.5,0
flow_001.9,29.0,3.0,0
flow_201.25,49.0,3.5,0
flow_201.26,47.5,3.5,0
flow_20.7,44.5,3.0,0
flow_2012.15,43.5,4.0,0
flow_201.27,39.5,2.5,0
flow_20.8,29.5,2.5,0
flow_2012.16,34.0,3.5,0
flow_20.9,25.0,2.5,0
flow_301.16,70.0,3.5,0
flow_1012.5,77.5,6.5,0
flow_101.7,63.0,3.0,0
flow_301.17,72.5,3.5,0
flow_30.15,69.0,3.0,0
flow_101.8,62.0,3.0,0
flow_30.16,68.0,3.0,0
flow_101.9,50.0,3.0,0
flow_301.18,69.0,3.0,0
flow_301.19,67.5,3.0,0
flow_301.20,67.5,3.5,0
flow_30.17,61.0,3.0,0
flow_301.21,66.0,3.5,0
flow_30.18,60.0,2.5,0
flow_3012.11,60.0,3.5,0
flow_3012.12,58.5,4.0,0
flow_30.19,31.0,2.5,0
flow_10.0,24.0,2.5,0
flow_0012.2,64.5,4.0,0
flow_001.10,60.0,3.0,0
flow_201.28,78.5,7.0,0
flow_00.2,25.0,2.5,0
flow_20.10,76.0,3.0,0
flow_201.29,76.0,2.5,0
flow_00.3,23.0,2.0,0
flow_20.11,73.5,2.5,0
flow_2012.17,67.5,3.5,0
flow_201.30,65.5,2.5,0
flow_201.31,39.5,3.0,0
flow_201.32,37.0,3.5,0
flow_0012.3,26.5,4.0,0
flow_20.12,37.0,5.5,0
flow_201.33,33.0,3.5,0
flow_20.13,29.5,3.0,0
flow_2012.18,25.5,3.0,0
flow_1012.6,71.0,4.5,0
flow_30.20,80.0,6.5,0
flow_30.21,78.0,4.0,0
flow_101.10,71.5,3.5,0
flow_30.22,77.0,3.0,0
flow_101.11,63.0,3.0,0
flow_3012.13,77.0,4.0,0
flow_301.22,74.5,2.5,0
flow_30.23,69.0,2.5,0
flow_301.23,73.5,3.0,0
flow_301.24,69.5,2.5,0
flow_301.25,68.5,3.0,0
flow_301.26,67.5,3.0,0
flow_3012.14,65.0,3.5,0
flow_301.27,62.5,2.5,0
flow_3012.15,31.0,3.5,0
flow_301.28,28.5,3.0,0
flow_201.34,70.0,3.5,0
flow_20.14,66.0,3.0,0
flow_2012.19,66.0,3.5,0
flow_00.4,22.5,2.5,0
flow_2012.20,68.0,6.0,0
flow_2012.21,66.5,4.0,0
flow_20.15,63.5,3.0,0
flow_201.35,64.5,3.0,0
flow_201.36,63.0,3.5,0
flow_201.37,61.5,3.0,0
flow_001.11,25.5,2.5,0
flow_201.38,60.0,3.0,0
flow_20.16,54.0,3.0,0
flow_201.39,59.0,3.0,0
flow_201.40,33.5,3.0,0
flow_10.1,41.5,4.0,0
flow_30.24,74.0,4.0,0
flow_30.25,73.0,3.0,0
flow_101.12,42.0,3.0,0
flow_30.26,69.0,2.5,0
flow_301.29,74.0,3.0,0
flow_30.27,68.5,2.5,0
flow_3012.16,70.5,4.0,0
flow_10.2,25.5,4.5,0
flow_3012.17,71.0,7.0,0
flow_30.28,67.5,3.5,0
flow_101.13,30.0,3.0,0
flow_3012.18,69.5,4.0,0
flow_1012.7,29.0,4.0,0
flow_3012.19,68.5,4.5,0
flow_30.29,61.0,2.5,0
flow_301.30,66.5,3.5,0
flow_301.31,34.5,2.5,0
flow_0012.4,71.0,4.0,0
flow_001.12,55.5,3.0,0
flow_201.41,83.5,7.0,0
flow_201.42,82.0,3.0,0
flow_001.13,35.5,3.5,0
flow_201.43,81.0,2.5,0
flow_0012.5,26.5,4.0,0
flow_20.17,80.5,4.5,0
flow_001.14,26.0,2.5,0
flow_201.44,75.5,3.0,0
flow_2012.22,72.5,3.5,0
flow_201.45,55.0,3.0,0
flow_001.15,29.0,4.0,0
flow_2012.23,54.0,4.0,0
flow_201.46,52.0,3.0,0
flow_20.18,40.0,2.5,0
flow_201.47,33.0,3.0,0
flow_2012.24,30.5,4.0,0
flow_30.30,79.0,4.0,0
flow_1012.8,28.0,5.5,0
flow_1012.9,25.5,3.0,0
flow_301.32,87.0,6.0,0
flow_301.33,85.5,3.0,0
flow_301.34,84.5,3.0,0
flow_301.35,84.0,3.0,0
flow_301.36,85.5,4.0,0
flow_301.37,83.0,4.0,0
flow_30.31,79.0,3.0,0
flow_3012.20,79.0,3.5,0
flow_301.38,76.5,3.0,0
flow_301.39,76.0,3.0,0
flow_201.48,77.5,3.5,0
flow_001.16,74.5,3.5,0
flow_20.19,76.0,3.0,0
flow_001.17,71.0,3.5,0
flow_201.49,75.5,3.0,0
flow_20.20,72.0,2.5,0
flow_001.18,32.5,3.5,0
flow_201.50,72.0,2.5,0
flow_20.21,69.0,2.5,0
flow_201.51,60.0,3.0,0
flow_2012.25,56.0,3.0,0
flow_20.22,51.5,2.5,0
flow_201.52,54.0,3.0,0
flow_20.23,50.0,2.5,0
flow_20.24,48.5,2.5,0
flow_0012.6,28.0,5.5,0
flow_201.53,35.5,3.0,0
flow_301.40,121.5,3.5,0
flow_101.14,51.0,3.5,0
flow_30.32,84.0,3.0,0
flow_3012.21,81.0,3.5,0
flow_30.33,77.0,2.5,0
flow_301.41,78.0,3.0,0
flow_301.42,76.0,3.0,0
flow_101.15,25.0,2.5,0
flow_301.43,75.5,3.0,0
flow_30.34,71.5,3.0,0
flow_101.16,25.0,2.5,0
flow_3012.22,72.0,4.0,0
flow_3012.23,70.5,3.5,0
flow_301.44,69.5,3.0,0
flow_101.17,27.0,3.5,0
flow_30.35,66.0,2.5,0
flow_30.36,30.0,2.5,0
flow_301.45,28.5,3.0,0
flow_201.54,80.0,3.5,0
flow_2012.26,80.0,4.0,0
flow_201.55,76.5,3.0,0
flow_201.56,73.0,3.0,0
flow_20.25,42.5,2.5,0
flow_201.57,42.5,2.5,0
flow_20.26,39.0,2.5,0
flow_001.19,24.5,2.5,0
flow_201.58,40.5,3.0,0
flow_2012.27,39.5,3.5,0
flow_201.59,25.5,2.5,0
flow_00.5,21.0,1.5,0
flow_201.60,25.0,2.5,0
flow_20.27,23.0,2.0,0
flow_30.37,74.0,4.0,0
flow_101.18,33.0,3.5,0
flow_10.3,29.5,3.0,0
flow_30.38,73.0,3.0,0
flow_301.46,74.5,3.0,0
flow_30.39,72.5,3.5,0
flow_1012.10,29.5,5.5,0
flow_3012.24,72.5,3.5,0
flow_3012.25,71.5,3.5,0
flow_301.47,69.0,2.0,0
flow_30.40,66.0,2.5,0
flow_301.48,66.0,2.5,0
flow_101.19,26.5,3.0,0
flow_3012.26,68.5,5.0,0
flow_3012.27,66.5,4.5,0
flow_301.49,64.0,3.5,0
flow_301.50,34.5,3.5,0
flow_201.61,53.0,3.5,0
flow_001.20,47.5,3.5,0
flow_201.62,52.5,3.0,0
flow_001.21,43.0,3.5,0
flow_20.28,48.0,3.0,0
flow_2012.28,52.5,4.5,0
flow_20.29,40.5,2.5,0
flow_0012.7,27.5,5.5,0
flow_20.30,43.5,5.5,0
flow_201.63,41.5,3.5,0
flow_201.64,30.5,3.5,0
flow_001.22,26.0,3.0,0
flow_201.65,26.5,2.5,0
flow_201.66,25.0,2.5,0
flow_30.41,78.5,4.0,0
flow_10.4,51.5,4.0,0
flow_101.20,46.5,3.0,0
flow_3012.28,80.5,4.5,0
flow_1012.11,33.5,3.5,0
flow_301.51,82.0,4.0,0
flow_30.42,78.0,3.0,0
flow_30.43,74.5,3.0,0
flow_301.52,79.5,3.0,0
flow_301.53,75.0,3.0,0
flow_30.44,70.0,2.5,0
flow_3012.29,75.0,3.5,0
flow_3012.30,71.0,3.5,0
flow_301.54,69.0,2.5,0
flow_3012.31,68.5,3.5,0
flow_301.55,35.5,3.0,0
flow_20.31,65.5,4.0,0
flow_201.67,46.5,3.5,0
flow_2012.29,45.0,4.0,0
flow_201.68,42.5,3.0,0
flow_001.23,29.5,6.5,0
flow_201.69,34.5,3.5,0
flow_20.32,30.5,3.0,0
flow_001.24,27.0,3.0,0
flow_201.70,31.0,3.0,0
flow_201.71,30.0,3.0,0
flow_201.72,29.0,3.5,0
flow_201.73,26.0,3.0,0
flow_201.74,26.0,3.0,0
flow_00.6,21.0,1.5,0
flow_3012.32,79.0,4.5,0
flow_301.56,77.5,3.0,0
flow_30.45,74.5,3.0,0
flow_301.57,74.5,2.5,0
flow_30.46,71.0,2.5,0
flow_30.47,69.5,2.5,0
flow_30.48,68.5,2.5,0
flow_30.49,67.5,2.5,0
flow_3012.33,66.5,3.0,0
flow_301.58,63.5,2.5,0
flow_301.59,63.5,3.0,0
flow_301.60,62.0,3.0,0
flow_3012.34,29.0,3.5,0
flow_30.50,24.5,2.5,0
flow_3012.35,24.5,3.0,0
flow_20.33,71.0,4.0,0
flow_00.7,64.5,4.0,0
flow_00.8,51.5,3.0,0
flow_2012.30,76.0,6.0,0
flow_201.75,73.5,3.0,0
flow_00.9,49.0,5.5,0
flow_201.76,67.0,3.0,0
flow_20.34,64.0,2.5,0
flow_201.77,64.5,3.0,0
flow_201.78,63.5,3.0,0
flow_201.79,63.0,3.5,0
flow_201.80,55.5,3.5,0
flow_201.81,42.5,3.5,0
flow_20.35,39.0,2.5,0
flow_001.25,27.5,3.0,0
flow_2012.31,28.0,3.0,0
flow_201.82,26.0,2.5,0
flow_10.5,65.5,4.0,0
flow_301.61,70.5,3.5,0
flow_101.21,65.5,2.5,0
flow_301.62,71.0,3.0,0
flow_10.6,63.5,3.0,0
flow_3012.36,72.5,6.5,0
flow_10.7,40.0,5.5,0
flow_301.63,71.0,3.0,0
flow_101.22,27.0,3.0,0
flow_3012.37,71.5,4.5,0
flow_301.64,69.5,3.0,0
flow_30.51,66.0,3.0,0
flow_3012.38,68.0,4.0,0
flow_1012.12,24.5,3.0,0
flow_30.52,61.0,2.5,0
flow_3012.39,66.0,4.0,0
flow_30.53,60.0,2.5,0
flow_3012.40,62.5,4.5,0
flow_301.65,35.5,3.5,0
flow_00.10,33.5,4.0,0
flow_201.83,74.0,3.5,0
flow_201.84,74.0,3.5,0
flow_20.36,68.0,3.0,0
flow_001.26,26.0,2.5,0
flow_201.85,69.0,3.0,0
flow_2012.32,66.5,3.0,0
flow_00.11,23.0,2.5,0
flow_201.86,59.5,3.0,0
flow_20.37,57.5,3.0,0
flow_201.87,55.0,2.0,0
flow_201.88,55.0,3.0,0
flow_201.89,53.5,3.0,0
flow_20.38,30.0,2.5,0
flow_201.90,34.5,3.0,0
flow_201.91,26.0,3.0,0
flow_0012.8,27.0,5.0,0
flow_101.23,73.5,3.5,0
flow_001.0,25.5,2.5,0
flow_20.0,21.5,2.0,0
flow_0012.0,25.5,3.5,0
flow_20.1,22.5,2.0,0
flow_001.1,26.0,2.5,0
flow_001.2,26.0,2.5,0
flow_201.0,25.0,2.5,0
flow_20.2,21.0,2.0,0
flow_001.3,28.5,3.5,0
flow_101.0,28.0,3.0,0
flow_301.0,56.0,3.5,0
flow_3012.0,52.0,4.0,0
flow_3012.1,47.5,4.0,0
flow_3012.2,47.0,4.0,0
flow_30.0,36.5,2.5,0
flow_301.1,26.5,2.5,0
flow_30.1,22.5,2.0,0
flow_3012.3,25.0,3.0,0
flow_30.2,24.0,2.0,0
flow_301.2,25.0,2.0,0
flow_30.3,21.5,2.0,0
flow_10.0,22.0,2.0,0
flow_30.4,21.0,1.5,0
flow_1012.0,27.0,5.5,0
flow_001.4,74.5,3.5,0
flow_2012.0,74.5,5.5,0
flow_2012.1,65.0,4.0,0
flow_2012.2,50.0,4.0,0
flow_20.3,45.0,2.5,0
flow_20.4,24.0,2.5,0
flow_001.5,82.0,7.0,0
flow_00.0,79.5,3.0,0
flow_0012.1,64.5,3.5,0
flow_2012.3,24.5,3.0,0
flow_00.1,59.5,3.0,0
flow_001.6,61.0,3.0,0
flow_001.7,58.0,3.0,0
flow_0012.2,49.5,3.5,0
flow_0012.3,42.5,3.5,0
flow_0012.4,43.0,4.0,0
flow_10.1,69.5,4.0,0
flow_301.3,70.0,3.5,0
flow_301.4,70.0,3.0,0
flow_101.1,70.5,3.5,0
flow_10.2,66.0,3.0,0
flow_301.5,68.5,3.0,0
flow_10.3,48.0,2.5,0
flow_301.6,68.0,3.0,0
flow_10.4,46.5,2.5,0
flow_301.7,67.0,3.0,0
flow_1012.1,47.5,4.0,0
flow_30.5,65.5,5.0,0
flow_101.2,44.5,2.5,0
flow_30.6,62.5,3.5,0
flow_101.3,43.0,2.5,0
flow_301.8,61.0,3.0,0
flow_1012.2,45.0,5.0,0
flow_1012.3,43.5,5.0,0
flow_30.7,59.5,7.0,0
flow_3012.4,58.5,5.5,0
flow_3012.5,57.5,4.5,0
flow_30.8,53.5,3.0,0
flow_001.8,74.5,3.5,0
flow_201.1,74.5,3.5,0
flow_00.2,72.5,3.0,0
flow_201.2,30.0,3.0,0
flow_00.3,71.5,3.0,0
flow_001.9,71.5,2.5,0
flow_00.4,52.5,2.5,0
flow_001.10,64.5,3.5,0
flow_001.11,55.5,3.0,0
flow_00.5,52.0,2.5,0
flow_00.6,50.5,2.5,0
flow_0012.5,48.5,3.5,0
flow_2012.4,27.0,5.5,0
flow_00.7,45.5,3.0,0
flow_2012.5,28.0,6.0,0
flow_201.3,26.5,2.5,0
flow_20.5,23.5,2.0,0
flow_001.12,49.5,3.0,0
flow_10.5,72.0,4.0,0
flow_301.9,86.0,3.5,0
flow_10.6,69.5,3.0,0
flow_301.10,83.5,3.0,0
flow_1012.4,67.5,4.0,0
flow_101.4,54.5,2.5,0
flow_301.11,86.0,7.0,0
flow_101.5,49.5,3.0,0
flow_3012.6,86.0,4.5,0
flow_1012.5,40.5,3.5,0
flow_301.12,86.0,3.5,0
flow_30.9,83.0,3.0,0
flow_30.10,81.0,2.5,0
flow_301.13,80.5,2.5,0
flow_301.14,79.5,3.0,0
flow_301.15,78.5,2.5,0
flow_10.7,22.5,2.0,0
flow_301.16,77.5,3.0,0
flow_3012.7,69.0,3.0,0
flow_201.4,72.5,3.5,0
flow_001.13,85.5,3.5,0
flow_0012.6,76.0,4.0,0
flow_001.14,63.5,3.0,0
flow_201.5,76.5,7.0,0
flow_00.8,51.5,2.5,0
flow_201.6,62.5,3.0,0
flow_20.6,59.0,3.0,0
flow_00.9,33.0,2.5,0
flow_001.15,31.5,2.5,0
flow_201.7,49.0,3.0,0
flow_2012.6,47.0,3.5,0
flow_0012.7,33.0,4.5,0
flow_201.8,47.0,3.0,0
flow_001.16,25.0,2.5,0
flow_001.17,27.0,3.0,0
flow_001.18,26.0,3.0,0
flow_2012.7,27.5,4.5,0
flow_301.17,85.0,3.5,0
flow_101.6,66.0,3.5,0
flow_1012.6,65.5,4.0,0
flow_30.11,84.5,6.0,0
flow_101.7,56.5,3.0,0
flow_3012.8,82.5,5.0,0
flow_10.8,56.0,3.0,0
flow_301.18,80.0,3.0,0
flow_30.12,77.0,2.5,0
flow_101.8,50.5,2.5,0
flow_3012.9,78.0,4.0,0
flow_1012.7,34.5,4.0,0
flow_30.13,72.5,3.0,0
flow_3012.10,77.0,4.5,0
flow_301.19,72.5,3.0,0
flow_3012.11,70.5,3.5,0
flow_30.14,68.0,2.5,0
flow_3012.12,66.0,3.0,0
flow_30.15,29.0,2.5,0
flow_3012.13,29.5,3.5,0
flow_0012.8,68.5,4.0,0
flow_001.19,67.5,2.5,0
flow_201.9,36.0,4.0,0
flow_20.7,32.0,3.0,0
flow_001.20,55.5,3.0,0
flow_001.21,53.0,2.5,0
flow_001.22,37.0,3.0,0
flow_2012.8,26.5,4.0,0
flow_001.23,39.5,4.0,0
flow_0012.9,38.5,4.0,0
flow_00.10,35.0,3.0,0
flow_001.24,27.0,3.0,0
flow_3012.14,75.5,4.5,0
flow_30.16,72.5,3.0,0
flow_10.9,44.5,6.5,0
flow_1012.8,45.0,5.5,0
flow_30.17,75.0,5.5,0
flow_3012.15,74.0,4.0,0
flow_1012.9,44.0,6.5,0
flow_301.20,74.5,3.0,0
flow_30.18,72.0,3.0,0
flow_301.21,73.5,3.0,0
flow_301.22,67.0,3.5,0
flow_301.23,64.0,3.0,0
flow_1012.10,25.0,3.0,0
flow_301.24,61.5,6.0,0
flow_30.19,41.0,3.5,0
flow_0012.10,50.5,4.0,0
flow_201.10,43.5,7.5,0
flow_0012.11,54.5,5.5,0
flow_001.25,40.0,3.5,0
flow_201.11,44.5,4.0,0
flow_2012.9,43.0,4.0,0
flow_0012.12,40.0,5.0,0
flow_20.8,40.5,3.0,0
flow_001.26,31.5,3.5,0
flow_2012.10,40.0,3.5,0
flow_201.12,37.5,2.5,0
flow_20.9,27.0,2.5,0
flow_001.27,26.0,3.0,0
flow_201.13,26.0,2.5,0
flow_001.28,23.5,2.0,0
flow_201.14,25.5,2.5,0
flow_3012.16,89.5,4.0,0
flow_1012.11,68.5,4.0,0
flow_30.20,87.0,3.0,0
flow_101.9,69.0,3.0,0
flow_301.25,85.5,3.0,0
flow_101.10,66.0,3.0,0
flow_10.10,59.0,2.5,0
flow_301.26,84.5,3.0,0
flow_301.27,70.5,3.0,0
flow_101.11,44.0,3.0,0
flow_3012.17,63.0,3.5,0
flow_30.21,50.0,3.0,0
flow_301.28,47.5,2.5,0
flow_30.22,39.5,2.5,0
flow_301.29,40.5,2.5,0
flow_1012.12,25.5,3.5,0
flow_30.23,30.5,5.5,0
flow_301.30,25.5,2.5,0
flow_20.10,69.0,4.0,0
flow_001.29,70.5,3.5,0
flow_00.11,69.0,3.0,0
flow_201.15,55.0,3.0,0
flow_0012.13,70.5,4.5,0
flow_001.30,67.0,2.5,0
flow_201.16,57.5,7.0,0
flow_20.11,54.5,3.0,0
flow_001.31,65.5,3.5,0
flow_001.32,62.5,3.0,0
flow_001.33,61.5,3.0,0
flow_001.34,60.5,3.5,0
flow_00.12,49.5,2.5,0
flow_001.35,52.5,3.5,0
flow_001.36,50.5,3.0,0
flow_0012.14,48.0,4.0,0
flow_0012.15,32.5,3.5,0
flow_00.13,28.0,2.5,0
flow_3012.18,73.5,4.0,0
flow_101.12,77.5,7.0,0
flow_301.31,73.0,3.0,0
flow_101.13,76.5,3.0,0
flow_301.32,69.0,3.5,0
flow_301.33,69.0,3.5,0
flow_3012.19,66.0,3.5,0
flow_1012.13,43.5,5.5,0
flow_3012.20,65.5,4.0,0
flow_1012.14,28.5,4.5,0
flow_301.34,65.0,3.5,0
flow_301.35,60.5,3.5,0
flow_30.24,50.5,2.5,0
flow_3012.21,45.5,3.0,0
flow_301.36,43.5,2.5,0
flow_101.14,25.0,2.5,0
flow_2012.11,73.0,4.0,0
flow_00.14,77.5,6.5,0
flow_2012.12,75.0,5.5,0
flow_20.12,63.0,3.0,0
flow_20.13,62.5,3.0,0
flow_001.37,79.5,4.5,0
flow_001.38,73.5,3.0,0
flow_201.17,56.5,3.0,0
flow_001.39,66.0,3.0,0
flow_2012.13,57.5,5.0,0
flow_201.18,54.5,3.0,0
flow_001.40,66.5,3.5,0
flow_201.19,47.0,3.5,0
flow_0012.16,65.5,5.0,0
flow_0012.17,60.5,5.0,0
flow_001.41,55.5,2.5,0
flow_00.15,43.5,2.5,0
flow_0012.18,43.0,3.0,0
flow_20.14,22.5,2.5,0
flow_001.42,28.5,2.5,0
flow_1012.15,72.0,4.0,0
flow_301.37,70.5,7.0,0
flow_101.15,73.0,3.0,0
flow_10.11,69.0,3.0,0
flow_1012.16,70.0,3.5,0
flow_3012.22,62.5,6.0,0
flow_1012.17,68.0,4.0,0
flow_30.25,53.5,6.0,0
flow_101.16,63.0,3.0,0
flow_301.38,27.5,3.5,0
flow_1012.18,61.0,4.5,0
flow_3012.23,26.5,3.5,0
flow_101.17,52.5,3.0,0
flow_301.39,26.0,3.0,0
flow_101.18,53.5,3.5,0
flow_1012.19,51.5,4.0,0
flow_10.12,44.5,2.5,0
flow_301.40,25.5,2.5,0
flow_301.41,26.0,2.5,0
flow_00.16,73.0,4.0,0
flow_001.43,62.5,3.5,0
flow_00.17,43.5,3.0,0
flow_201.20,28.0,3.5,0
flow_00.18,42.0,3.0,0
flow_201.21,28.0,3.0,0
flow_001.44,42.0,3.0,0
flow_001.45,35.0,3.0,0
flow_001.46,35.0,3.0,0
flow_20.15,20.0,1.5,0
flow_001.47,34.0,3.0,0
flow_001.48,32.5,3.5,0
flow_001.49,31.0,3.5,0
flow_00.19,28.0,3.0,0
flow_201.22,26.0,3.0,0
flow_00.20,25.5,3.0,0
flow_001.50,26.5,3.0,0
flow_3012.24,73.5,4.5,0
flow_30.26,70.0,3.0,0
flow_101.19,75.0,7.5,0
flow_301.42,70.5,3.0,0
flow_101.20,74.0,3.0,0
flow_30.27,66.0,2.5,0
flow_301.43,70.5,3.5,0
flow_101.21,73.5,3.0,0
flow_101.22,71.0,3.0,0
flow_301.44,63.0,2.5,0
flow_101.23,48.5,3.5,0
flow_3012.25,27.5,4.5,0
flow_101.24,44.0,4.0,0
flow_30.28,21.5,2.0,0
flow_201.23,71.0,3.5,0
flow_001.51,74.5,3.5,0
flow_00.21,72.5,3.0,0
flow_00.22,72.5,3.0,0
flow_001.52,72.5,3.0,0
flow_0012.19,70.5,3.5,0
flow_0012.20,69.5,3.5,0
flow_0012.21,66.5,4.0,0
flow_0012.22,65.0,4.0,0
flow_001.53,63.0,2.5,0
flow_001.54,64.0,3.5,0
flow_001.55,62.0,3.5,0
flow_0012.23,60.0,3.5,0
flow_001.56,32.0,3.0,0
flow_0012.24,28.5,3.5,0
flow_10.13,69.5,4.0,0
flow_301.45,65.0,4.0,0
flow_10.14,67.5,3.0,0
flow_301.46,63.5,3.0,0
flow_10.15,57.0,3.0,0
flow_301.47,54.0,3.0,0
flow_101.25,57.5,3.0,0
flow_3012.26,56.0,6.0,0
flow_1012.20,56.0,4.0,0
flow_301.48,55.5,3.5,0
flow_301.49,55.0,3.5,0
flow_301.50,53.5,3.5,0
flow_301.51,49.5,3.5,0
flow_30.29,36.0,3.0,0
flow_301.52,35.5,3.0,0
flow_3012.27,31.0,3.5,0
flow_30.30,29.5,2.5,0
flow_101.26,26.5,3.0,0
flow_3012.28,29.0,4.0,0
flow_2012.14,58.5,4.5,0
flow_00.23,78.0,6.5,0
flow_201.24,40.0,3.0,0
flow_0012.25,78.0,5.0,0
flow_0012.26,77.0,4.5,0
flow_20.16,39.5,5.5,0
flow_0012.27,79.0,7.5,0
flow_00.24,76.0,3.5,0
flow_001.57,75.0,3.0,0
flow_201.25,45.0,4.0,0
flow_20.17,42.0,3.0,0
flow_001.58,74.0,3.0,0
flow_2012.15,29.5,4.0,0
flow_001.59,76.0,4.0,0
flow_001.60,74.5,3.0,0
flow_001.61,73.5,3.5,0
flow_00.25,70.0,3.0,0
flow_201.26,26.5,3.0,0
flow_101.27,58.5,3.5,0
flow_301.53,75.0,3.5,0
flow_1012.21,59.0,4.0,0
flow_10.16,42.5,3.0,0
flow_30.31,76.5,6.0,0
flow_301.54,75.5,3.5,0
flow_3012.29,73.5,3.5,0
flow_1012.22,42.5,4.0,0
flow_30.32,70.5,2.5,0
flow_301.55,61.5,2.5,0
flow_3012.30,38.0,3.5,0
flow_3012.31,37.0,4.0,0
flow_30.33,34.0,2.5,0
flow_3012.32,34.5,3.5,0
flow_30.34,20.5,1.5,0
flow_00.26,117.0,4.0,0
flow_201.27,56.5,3.5,0
flow_001.62,88.5,3.0,0
flow_0012.28,85.5,3.5,0
flow_2012.16,50.5,5.0,0
flow_20.18,21.0,2.0,0
flow_00.27,84.5,4.0,0
flow_2012.17,50.0,4.5,0
flow_0012.29,84.5,5.0,0
flow_001.63,83.0,3.0,0
flow_00.28,79.5,2.5,0
flow_20.19,20.5,1.5,0
flow_001.64,79.5,2.5,0
flow_001.65,79.5,3.0,0
flow_001.66,78.0,3.0,0
flow_0012.30,75.0,3.0,0
flow_001.67,73.0,2.5,0
flow_0012.31,33.0,3.0,0
flow_10.17,69.0,4.0,0
flow_301.56,69.5,3.5,0
flow_1012.23,63.0,4.0,0
flow_3012.33,69.5,4.0,0
flow_301.57,52.0,3.0,0
flow_101.28,63.0,3.5,0
flow_30.35,49.0,2.5,0
flow_101.29,62.0,3.0,0
flow_30.36,48.0,2.5,0
flow_301.58,47.0,2.5,0
flow_101.30,59.0,3.0,0
flow_10.18,46.0,2.5,0
flow_3012.34,48.5,4.5,0
flow_3012.35,48.0,4.0,0
flow_301.59,45.0,2.5,0
flow_101.31,53.5,4.5,0
flow_1012.24,43.0,4.0,0
flow_3012.36,26.5,4.0,0
flow_301.60,26.0,2.5,0
flow_30.37,22.5,2.0,0
flow_001.68,80.0,3.5,0
flow_201.28,59.0,3.5,0
flow_001.69,79.5,3.0,0
flow_201.29,54.0,3.0,0
flow_001.70,78.0,3.5,0
flow_201.30,53.5,3.5,0
flow_20.20,37.0,3.0,0
flow_2012.18,52.5,4.0,0
flow_001.71,81.0,7.0,0
flow_20.21,32.0,3.0,0
flow_00.29,78.0,3.5,0
flow_201.31,26.5,2.5,0
flow_001.72,78.0,3.0,0
flow_001.73,76.5,3.0,0
flow_00.30,72.5,3.0,0
flow_00.31,71.0,2.5,0
flow_0012.32,70.0,3.0,0
flow_00.32,68.5,2.5,0
flow_0012.33,68.5,3.5,0
flow_001.74,35.0,3.0,0
flow_201.32,29.5,3.5,0
flow_101.32,74.0,3.5,0
flow_30.38,55.5,4.0,0
flow_101.33,72.0,3.0,0
flow_301.61,52.5,3.0,0
flow_301.62,44.0,3.0,0
flow_1012.25,56.5,6.0,0
flow_30.39,43.0,3.5,0
flow_101.34,42.5,3.0,0
flow_101.35,41.5,3.0,0
flow_301.63,41.0,2.5,0
flow_1012.26,31.0,4.0,0
flow_30.40,41.5,5.0,0
flow_30.41,40.0,4.0,0
flow_30.42,38.5,3.0,0
flow_1012.27,30.5,5.0,0
flow_301.64,42.5,4.0,0
flow_3012.37,41.0,4.0,0
flow_1012.28,27.5,4.0,0
flow_201.33,56.0,3.5,0
flow_0012.34,82.5,6.5,0
flow_001.75,80.0,3.0,0
flow_00.33,75.5,3.0,0
flow_20.22,32.5,3.5,0
flow_00.34,75.0,2.5,0
flow_0012.35,74.0,3.0,0
flow_20.23,21.5,2.0,0
flow_001.76,74.0,2.5,0
flow_0012.36,72.5,3.5,0
flow_00.35,69.0,2.5,0
flow_00.36,68.0,2.5,0
flow_0012.37,67.5,3.5,0
flow_001.77,65.0,2.5,0
flow_201.34,24.5,2.5,0
flow_001.78,64.0,2.5,0
flow_00.37,26.0,2.5,0
flow_001.79,31.5,3.5,0
flow_301.65,89.5,3.5,0
flow_10.19,65.0,4.0,0
flow_001.0,26.5,3.0,0
flow_201.0,25.5,2.5,0
flow_00.0,23.0,2.0,0
flow_201.1,26.5,3.0,0
flow_1012.0,53.5,4.5,0
flow_2012.0,72.0,4.5,0
flow_201.2,70.5,3.0,0
flow_001.1,78.0,7.5,0
flow_2012.1,71.5,4.5,0
flow_2012.2,71.0,4.5,0
flow_201.3,67.0,2.5,0
flow_001.2,64.5,7.5,0
flow_20.0,62.5,2.5,0
flow_001.3,48.0,3.0,0
flow_201.4,62.0,3.0,0
flow_001.4,43.5,3.0,0
flow_00.1,35.0,2.5,0
flow_201.5,61.5,3.0,0
flow_2012.3,30.5,6.0,0
flow_00.2,38.0,5.5,0
flow_201.6,25.0,2.5,0
flow_201.7,25.5,2.5,0
flow_001.5,27.0,3.0,0
flow_10.0,43.5,4.0,0
flow_301.0,64.5,3.5,0
flow_101.0,29.0,2.5,0
flow_301.1,63.0,3.0,0
flow_10.1,22.5,2.0,0
flow_101.1,25.5,2.5,0
flow_2012.4,74.5,4.5,0
flow_001.6,78.0,7.5,0
flow_2012.5,72.5,5.0,0
flow_2012.6,70.0,4.5,0
flow_2012.7,69.0,4.0,0
flow_001.7,78.5,7.0,0
flow_2012.8,62.0,5.5,0
flow_201.8,59.0,2.5,0
flow_00.3,78.5,3.5,0
flow_2012.9,58.5,4.0,0
flow_20.1,42.0,2.5,0
flow_001.8,82.0,4.0,0
flow_2012.10,44.0,4.0,0
flow_2012.11,39.0,4.5,0
flow_201.9,37.5,3.0,0
flow_001.9,87.0,4.5,0
flow_3012.0,57.0,4.0,0
flow_301.2,39.5,3.0,0
flow_101.2,53.0,7.0,0
flow_30.0,20.5,1.5,0
flow_301.3,29.0,3.5,0
flow_301.4,26.5,3.0,0
flow_0012.0,132.5,4.5,0
flow_2012.12,70.0,4.5,0
flow_2012.13,69.0,4.0,0
flow_00.4,133.5,6.0,0
flow_20.2,59.5,3.0,0
flow_001.10,133.5,3.5,0
flow_2012.14,55.0,4.5,0
flow_201.10,52.0,3.0,0
flow_001.11,134.5,4.0,0
flow_2012.15,51.5,4.5,0
flow_2012.16,46.5,4.0,0
flow_2012.17,45.5,4.5,0
flow_20.3,36.0,3.0,0
flow_001.12,141.5,4.5,0
flow_00.5,140.0,3.5,0
flow_201.11,36.5,3.0,0
flow_2012.18,31.0,4.5,0
flow_00.6,141.5,5.5,0
flow_00.7,119.0,4.0,0
flow_30.1,37.0,4.0,0
flow_101.3,71.5,3.5,0
flow_301.5,33.0,3.0,0
flow_30.2,23.5,2.0,0
flow_101.4,28.0,3.0,0
flow_3012.1,24.0,3.0,0
flow_30.3,21.5,2.0,0
flow_101.5,25.5,2.5,0
flow_10.2,22.5,2.0,0
flow_101.6,25.0,2.5,0
flow_10.3,22.0,2.0,0
flow_1012.1,27.5,4.0,0
flow_201.12,71.5,3.5,0
flow_0012.1,160.0,6.5,0
flow_0012.2,156.0,4.0,0
flow_001.13,151.0,2.5,0
flow_00.8,145.0,2.5,0
flow_201.13,77.5,4.5,0
flow_201.14,76.0,3.0,0
flow_001.14,99.0,3.0,0
flow_20.4,74.0,3.0,0
flow_001.15,95.5,3.0,0
flow_20.5,73.0,2.5,0
flow_001.16,93.0,3.5,0
flow_201.15,71.0,2.5,0
flow_0012.3,91.0,4.5,0
flow_00.9,82.0,3.0,0
flow_201.16,73.5,4.0,0
flow_0012.4,83.5,4.5,0
flow_00.10,76.0,3.0,0
flow_0012.5,82.0,5.0,0
flow_201.17,78.5,4.5,0
flow_0012.6,34.0,4.5,0
flow_2012.19,75.0,4.0,0
flow_101.7,61.0,3.5,0
flow_1012.2,39.5,3.5,0
flow_30.4,20.5,1.5,0
flow_3012.2,24.5,3.0,0
flow_2012.20,120.5,4.5,0
flow_00.11,81.5,6.5,0
flow_201.18,119.0,3.0,0
flow_0012.7,82.5,5.0,0
flow_001.17,79.0,3.0,0
flow_201.19,116.5,3.5,0
flow_20.6,95.0,3.0,0
flow_001.18,78.5,3.0,0
flow_00.12,75.0,3.0,0
flow_201.20,90.5,2.5,0
flow_0012.8,76.0,4.0,0
flow_00.13,72.0,3.0,0
flow_201.21,92.0,3.5,0
flow_001.19,72.0,2.5,0
flow_201.22,91.0,3.0,0
flow_0012.9,72.5,4.5,0
flow_00.14,69.0,3.0,0
flow_201.23,92.5,4.0,0
flow_0012.10,70.0,4.5,0
flow_20.7,91.5,5.0,0
flow_0012.11,71.0,7.0,0
flow_20.8,93.5,6.5,0
flow_30.5,58.0,4.0,0
flow_101.8,29.0,3.0,0
flow_101.9,25.0,2.5,0
flow_301.6,25.0,2.5,0
flow_301.7,25.0,2.5,0
flow_1012.3,28.5,4.0,0
flow_301.8,27.5,3.0,0
flow_101.10,26.0,3.0,0
flow_2012.21,137.5,4.5,0
flow_001.20,88.5,7.0,0
flow_2012.22,137.0,5.0,0
flow_00.15,87.0,3.5,0
flow_201.24,92.5,3.0,0
flow_201.25,89.5,3.0,0
flow_20.9,85.5,2.5,0
flow_001.21,86.5,2.5,0
flow_001.22,85.5,2.5,0
flow_201.26,85.0,2.5,0
flow_001.23,84.0,3.0,0
flow_00.16,81.0,2.5,0
flow_201.27,85.0,3.0,0
flow_001.24,80.0,2.0,0
flow_201.28,83.5,3.0,0
flow_2012.23,82.0,3.5,0
flow_2012.24,80.0,4.0,0
flow_001.25,85.0,6.5,0
flow_20.10,74.5,3.0,0
flow_201.29,81.0,3.5,0
flow_00.17,82.5,3.0,0
flow_201.30,31.5,2.5,0
flow_20.11,27.0,2.5,0
flow_001.26,82.0,2.5,0
flow_3012.3,73.5,4.5,0
flow_10.4,75.0,6.5,0
flow_1012.4,73.0,4.0,0
flow_3012.4,60.5,6.0,0
flow_3012.5,38.0,4.5,0
flow_30.6,32.5,3.0,0
flow_101.11,58.5,3.5,0
flow_3012.6,31.5,4.0,0
flow_301.9,28.5,2.5,0
flow_101.12,42.0,4.0,0
flow_301.10,27.0,3.0,0
flow_101.13,33.0,3.0,0
flow_101.14,31.5,3.0,0
flow_201.31,74.5,3.5,0
flow_001.27,130.0,3.5,0
flow_201.32,74.0,3.0,0
flow_001.28,130.0,3.5,0
flow_201.33,73.5,3.5,0
flow_00.18,85.0,3.0,0
flow_0012.12,91.5,6.5,0
flow_201.34,76.0,4.0,0
flow_001.29,85.5,3.0,0
flow_2012.25,75.5,4.5,0
flow_00.19,84.5,4.0,0
flow_201.35,72.5,3.0,0
flow_0012.13,84.0,4.0,0
flow_2012.26,71.5,4.0,0
flow_00.20,80.5,3.0,0
flow_201.36,70.5,3.0,0
flow_0012.14,81.5,3.5,0
flow_001.30,79.0,2.5,0
flow_20.12,71.0,5.5,0
flow_201.37,69.0,3.0,0
flow_0012.15,79.5,4.0,0
flow_2012.27,67.5,3.5,0
flow_20.13,64.0,2.5,0
flow_001.31,79.5,3.5,0
flow_10.5,29.0,3.0,0
flow_101.15,63.0,4.0,0
flow_301.11,25.5,2.5,0
flow_101.16,25.0,2.5,0
flow_301.12,24.0,2.5,0
flow_201.38,84.5,3.5,0
flow_001.32,85.5,3.5,0
flow_0012.16,84.0,4.0,0
flow_001.33,82.5,3.5,0
flow_201.39,87.0,7.0,0
flow_20.14,84.0,3.0,0
flow_001.34,81.5,3.5,0
flow_201.40,83.5,2.5,0
flow_20.15,82.0,3.0,0
flow_0012.17,82.5,5.0,0
flow_001.35,79.0,2.5,0
flow_0012.18,79.0,4.0,0
flow_2012.28,83.0,3.5,0
flow_00.21,75.5,3.0,0
flow_201.41,82.0,3.0,0
flow_001.36,75.5,2.5,0
flow_00.22,74.0,3.5,0
flow_2012.29,82.0,4.5,0
flow_201.42,79.0,2.5,0
flow_2012.30,78.5,3.5,0
flow_0012.19,75.0,3.5,0
flow_001.37,73.0,2.5,0
flow_201.43,77.5,3.0,0
flow_101.17,68.0,3.5,0
flow_301.13,49.5,3.5,0
flow_10.6,49.5,3.0,0
flow_101.18,50.5,3.0,0
flow_1012.5,35.0,3.0,0
flow_20.16,123.5,4.0,0
flow_0012.20,88.0,7.5,0
flow_20.17,89.5,4.0,0
flow_001.38,86.0,3.5,0
flow_00.23,82.5,3.0,0
flow_201.44,86.5,2.5,0
flow_0012.21,83.5,3.5,0
flow_20.18,86.5,6.0,0
flow_001.39,81.5,3.0,0
flow_20.19,85.0,4.0,0
flow_2012.31,84.5,3.5,0
flow_0012.22,83.5,5.0,0
flow_0012.23,82.5,4.5,0
flow_001.40,79.5,2.5,0
flow_00.24,77.0,3.0,0
flow_201.45,87.0,4.0,0
flow_20.20,84.5,3.0,0
flow_00.25,76.0,3.0,0
flow_201.46,84.5,2.5,0
flow_0012.24,78.5,5.0,0
flow_0012.25,76.0,4.5,0
flow_20.21,87.0,6.5,0
flow_101.19,47.0,3.5,0
flow_1012.6,35.0,3.5,0
flow_10.7,21.0,1.5,0
flow_2012.32,133.0,4.5,0
flow_20.22,129.0,3.0,0
flow_001.41,89.0,7.5,0
flow_2012.33,92.5,4.0,0
flow_201.47,87.5,3.0,0
flow_001.42,90.5,4.0,0
flow_2012.34,88.5,5.0,0
flow_201.48,84.5,2.5,0
flow_001.43,91.5,4.0,0
flow_201.49,83.5,3.0,0
flow_001.44,90.5,3.5,0
flow_201.50,82.5,3.0,0
flow_001.45,88.5,3.0,0
flow_2012.35,82.5,4.5,0
flow_201.51,79.0,3.0,0
flow_001.46,91.0,3.5,0
flow_20.23,73.0,2.5,0
flow_201.52,79.0,3.0,0
flow_001.47,89.5,3.0,0
flow_00.26,85.5,3.0,0
flow_2012.36,36.5,5.5,0
flow_101.20,44.0,3.5,0
flow_101.21,34.0,3.0,0
flow_301.14,25.5,2.5,0
flow_101.22,27.0,3.0,0
flow_1012.7,27.5,3.5,0
flow_30.7,21.5,2.0,0
flow_101.23,26.0,2.5,0
flow_30.8,21.0,1.5,0
flow_3012.7,28.0,4.0,0
flow_20.24,78.5,4.0,0
flow_001.48,138.0,4.0,0
flow_00.27,134.5,3.0,0
flow_20.25,79.0,3.5,0
flow_00.28,134.0,3.0,0
flow_201.53,78.0,3.0,0
flow_001.49,133.0,2.5,0
flow_2012.37,79.0,5.5,0
flow_2012.38,77.5,4.0,0
flow_20.26,73.5,3.0,0
flow_001.50,100.0,3.5,0
flow_201.54,74.0,3.0,0
flow_001.51,95.0,3.0,0
flow_201.55,73.0,3.0,0
flow_2012.39,71.5,3.5,0
flow_0012.26,93.0,4.0,0
flow_0012.27,91.0,4.5,0
flow_00.29,84.5,3.0,0
flow_0012.28,89.5,4.0,0
flow_201.56,76.5,4.0,0
flow_0012.29,86.5,4.0,0
flow_20.27,76.5,4.0,0
flow_0012.30,86.0,7.0,0
flow_301.15,54.0,3.5,0
flow_10.8,68.0,4.0,0
flow_30.9,47.5,3.0,0
flow_3012.8,38.0,3.5,0
flow_301.16,26.0,3.0,0
flow_10.9,21.0,1.5,0
flow_001.52,85.0,3.5,0
flow_201.57,122.0,3.5,0
flow_2012.40,88.5,3.5,0
flow_20.28,84.0,3.0,0
flow_001.53,87.5,6.5,0
flow_201.58,84.5,2.5,0
flow_001.54,85.5,3.5,0
flow_201.59,83.5,3.0,0
flow_0012.31,85.5,4.5,0
flow_20.29,82.5,3.5,0
flow_001.55,83.0,3.0,0
flow_201.60,82.0,3.0,0
flow_0012.32,83.5,5.5,0
flow_0012.33,82.0,4.5,0
flow_00.30,78.5,3.0,0
flow_00.31,76.5,3.0,0
flow_201.61,87.5,4.0,0
flow_20.30,84.0,3.0,0
flow_001.56,76.0,2.5,0
flow_001.57,74.5,3.0,0
flow_201.62,84.0,3.0,0
flow_201.63,83.0,2.5,0
flow_001.58,74.0,3.0,0
flow_30.10,21.0,1.5,0
flow_10.10,59.0,4.0,0
flow_101.24,39.0,3.0,0
flow_30.11,22.0,2.0,0
flow_101.25,40.0,3.5,0
flow_301.17,27.5,3.5,0
flow_101.26,27.5,3.0,0
flow_2012.41,128.5,4.0,0
flow_0012.34,86.0,4.5,0
flow_2012.42,89.0,4.0,0
flow_00.32,83.5,6.0,0
flow_2012.43,90.0,6.5,0
flow_201.64,87.0,3.0,0
flow_001.59,87.0,3.5,0
flow_201.65,86.0,2.5,0
flow_20.31,83.5,2.5,0
flow_001.60,86.5,3.0,0
flow_201.66,84.5,3.0,0
flow_0012.35,89.0,5.5,0
flow_0012.36,87.0,5.0,0
flow_0012.37,86.0,5.0,0
flow_001.61,83.0,2.5,0
flow_201.67,91.5,3.5,0
flow_0012.38,83.0,4.5,0
flow_20.32,91.0,3.5,0
flow_00.33,81.0,3.5,0
flow_001.0,24.0,2.5,0
flow_00.0,21.0,2.0,0
flow_201.0,24.5,2.5,0
flow_0012.0,27.0,4.0,0
flow_001.1,25.0,2.5,0
flow_201.1,27.0,3.0,0
flow_101.0,51.5,3.5,0
flow_301.0,51.0,3.5,0
flow_3012.0,46.5,4.0,0
flow_101.1,55.0,7.0,0
flow_10.0,55.0,3.5,0
flow_301.1,45.5,3.0,0
flow_3012.1,50.0,5.5,0
flow_10.1,51.0,3.0,0
flow_301.2,42.0,3.0,0
flow_10.2,49.5,2.5,0
flow_301.3,41.0,2.5,0
flow_301.4,40.0,3.0,0
flow_1012.0,38.5,5.0,0
flow_3012.2,39.5,4.0,0
flow_101.2,39.5,3.5,0
flow_3012.3,29.0,6.0,0
flow_3012.4,26.0,3.5,0
flow_301.5,25.5,3.0,0
flow_101.3,26.0,3.0,0
flow_00.1,67.0,4.0,0
flow_201.2,62.0,3.5,0
flow_00.2,67.0,3.0,0
flow_20.0,59.0,3.0,0
flow_201.3,57.5,3.0,0
flow_0012.1,70.0,5.5,0
flow_001.2,50.0,2.5,0
flow_201.4,46.5,3.5,0
flow_201.5,45.0,3.0,0
flow_20.1,36.0,3.0,0
flow_201.6,36.0,3.0,0
flow_2012.0,35.0,3.5,0
flow_2012.1,33.0,3.5,0
flow_201.7,31.0,2.5,0
flow_2012.2,28.0,2.5,0
flow_20.2,25.0,2.0,0
flow_0012.2,27.0,5.0,0
flow_2012.3,25.5,3.0,0
flow_30.0,70.0,4.0,0
flow_101.4,55.0,3.5,0
flow_10.3,53.0,3.0,0
flow_301.6,68.0,3.0,0
flow_101.5,49.5,3.0,0
flow_3012.5,69.5,5.0,0
flow_301.7,61.0,3.0,0
flow_101.6,42.5,3.5,0
flow_10.4,37.0,3.0,0
flow_301.8,53.0,3.5,0
flow_10.5,36.0,3.0,0
flow_301.9,51.5,3.5,0
flow_10.6,35.0,3.0,0
flow_3012.6,44.5,6.0,0
flow_301.10,31.0,3.0,0
flow_101.7,30.5,3.0,0
flow_3012.7,28.5,4.5,0
flow_3012.8,28.0,4.5,0
flow_10.7,32.0,7.0,0
flow_101.8,31.0,4.0,0
flow_3012.9,28.0,4.5,0
flow_00.3,74.0,4.0,0
flow_201.8,71.0,3.5,0
flow_00.4,61.5,3.5,0
flow_20.3,70.5,3.0,0
flow_001.3,62.0,2.5,0
flow_2012.4,69.0,5.5,0
flow_0012.3,60.0,3.5,0
flow_20.4,62.5,3.5,0
flow_001.4,44.5,3.0,0
flow_2012.5,57.5,4.5,0
flow_201.9,54.5,3.0,0
flow_001.5,31.5,4.5,0
flow_201.10,53.5,3.5,0
flow_20.5,49.5,2.5,0
flow_2012.6,42.5,3.0,0
flow_20.6,25.0,2.5,0
flow_20.7,22.0,2.0,0
flow_30.1,67.5,4.0,0
flow_101.9,78.0,3.5,0
flow_10.8,75.5,3.0,0
flow_30.2,67.0,3.0,0
flow_101.10,75.0,2.5,0
flow_301.11,54.5,3.0,0
flow_101.11,73.5,2.5,0
flow_3012.10,55.0,5.5,0
flow_3012.11,54.0,4.0,0
flow_30.3,36.0,3.0,0
flow_3012.12,53.0,4.5,0
flow_301.12,35.0,2.0,0
flow_101.12,71.0,4.5,0
flow_10.9,67.0,3.0,0
flow_301.13,36.0,3.0,0
flow_10.10,67.0,3.0,0
flow_301.14,33.0,3.5,0
flow_1012.1,64.0,4.0,0
flow_30.4,33.0,5.5,0
flow_3012.13,25.0,3.0,0
flow_1012.2,51.5,7.0,0
flow_2012.7,73.0,4.5,0
flow_0012.4,72.5,4.5,0
flow_00.5,70.0,3.0,0
flow_20.8,59.5,3.0,0
flow_20.9,58.0,3.0,0
flow_2012.8,49.5,3.5,0
flow_0012.5,73.5,5.5,0
flow_001.6,73.0,3.0,0
flow_201.11,49.5,2.5,0
flow_2012.9,44.5,3.5,0
flow_001.7,74.0,6.5,0
flow_0012.6,72.5,3.5,0
flow_2012.10,37.5,5.0,0
flow_20.10,35.5,3.5,0
flow_001.8,62.5,3.5,0
flow_001.9,61.5,3.5,0
flow_001.10,60.5,3.5,0
flow_001.11,53.0,3.5,0
flow_0012.7,50.0,3.0,0
flow_301.15,57.5,3.5,0
flow_101.13,91.0,4.0,0
flow_10.11,88.0,3.0,0
flow_301.16,56.5,3.0,0
flow_101.14,80.0,3.0,0
flow_1012.3,79.0,3.5,0
flow_30.5,34.5,4.0,0
flow_3012.14,59.5,5.5,0
flow_101.15,78.5,3.5,0
flow_301.17,33.0,3.0,0
flow_1012.4,78.5,4.5,0
flow_1012.5,77.0,4.0,0
flow_10.12,73.0,2.5,0
flow_101.16,72.5,2.5,0
flow_301.18,38.5,4.5,0
flow_3012.15,37.0,4.0,0
flow_10.13,73.0,5.5,0
flow_3012.16,40.0,6.5,0
flow_301.19,37.5,3.5,0
flow_30.6,34.0,3.0,0
flow_101.17,75.5,3.5,0
flow_00.6,95.5,4.0,0
flow_201.12,68.5,3.5,0
flow_00.7,87.0,3.0,0
flow_001.12,84.5,2.5,0
flow_00.8,81.5,2.5,0
flow_201.13,27.0,3.0,0
flow_20.11,22.5,2.0,0
flow_001.13,80.5,2.5,0
flow_00.9,77.5,2.5,0
flow_201.14,24.5,2.0,0
flow_00.10,72.0,2.5,0
flow_00.11,68.0,2.0,0
flow_0012.8,45.0,3.0,0
flow_001.14,43.0,2.5,0
flow_001.15,43.0,3.0,0
flow_001.16,41.5,3.0,0
flow_0012.9,29.5,3.5,0
flow_001.17,26.5,3.0,0
flow_0012.10,26.0,3.0,0
flow_101.18,122.5,3.5,0
flow_301.20,64.0,3.5,0
flow_1012.6,89.0,4.0,0
flow_101.19,85.5,2.5,0
flow_301.21,53.5,6.5,0
flow_301.22,52.5,3.5,0
flow_10.14,82.0,2.5,0
flow_101.20,87.0,3.5,0
flow_10.15,81.0,2.5,0
flow_301.23,52.0,3.0,0
flow_10.16,79.5,2.5,0
flow_301.24,41.5,3.5,0
flow_30.7,37.5,3.0,0
flow_101.21,78.5,2.5,0
flow_301.25,37.0,2.5,0
flow_1012.7,79.0,4.5,0
flow_30.8,33.0,3.5,0
flow_101.22,76.5,3.0,0
flow_301.26,30.5,2.5,0
flow_101.23,75.5,3.0,0
flow_1012.8,73.5,4.0,0
flow_1012.9,32.5,4.0,0
flow_101.24,29.0,3.0,0
flow_2012.11,59.5,4.5,0
flow_00.12,74.0,6.5,0
flow_201.15,61.0,3.5,0
flow_0012.11,70.0,5.5,0
flow_00.13,32.0,3.0,0
flow_0012.12,56.0,5.0,0
flow_20.12,62.0,5.5,0
flow_201.16,50.0,3.0,0
flow_20.13,35.0,3.0,0
flow_001.18,34.0,3.5,0
flow_201.17,35.5,3.0,0
flow_20.14,21.0,1.5,0
flow_001.19,24.0,2.5,0
flow_201.18,26.0,2.5,0
flow_201.19,26.0,3.0,0
flow_10.17,74.5,4.0,0
flow_301.27,74.5,3.5,0
flow_101.25,76.0,3.5,0
flow_1012.10,74.5,4.0,0
flow_3012.17,65.5,5.0,0
flow_101.26,74.0,3.5,0
flow_301.28,65.0,3.5,0
flow_101.27,72.5,3.0,0
flow_3012.18,63.5,5.0,0
flow_301.29,61.0,3.0,0
flow_101.28,73.5,3.5,0
flow_301.30,59.5,2.5,0
flow_101.29,73.0,3.5,0
flow_301.31,50.0,3.0,0
flow_1012.11,72.0,4.5,0
flow_10.18,68.0,3.0,0
flow_10.19,60.5,3.0,0
flow_301.32,52.0,4.0,0
flow_1012.12,56.5,3.5,0
flow_3012.19,52.0,4.5,0
flow_3012.20,49.0,4.0,0
flow_30.9,45.0,3.0,0
flow_101.30,57.5,4.0,0
flow_20.15,43.5,4.0,0
flow_001.20,57.0,3.5,0
flow_0012.13,58.0,4.0,0
flow_001.21,27.0,2.5,0
flow_201.20,24.5,2.5,0
flow_001.22,26.5,3.0,0
flow_001.23,25.5,2.5,0
flow_0012.14,26.5,3.5,0
flow_0012.15,23.5,3.0,0
flow_10.20,84.5,4.0,0
flow_301.33,92.0,3.5,0
flow_101.31,84.0,3.0,0
flow_30.10,83.0,2.5,0
flow_301.34,89.5,3.5,0
flow_101.32,83.0,3.5,0
flow_10.21,79.0,3.0,0
flow_301.35,82.0,2.5,0
flow_1012.13,80.0,4.0,0
flow_101.33,77.0,2.5,0
flow_301.36,85.0,7.0,0
flow_10.22,73.5,3.0,0
flow_1012.14,78.0,4.5,0
flow_30.11,85.0,5.5,0
flow_30.12,83.5,4.0,0
flow_3012.21,81.5,3.5,0
flow_1012.15,75.5,5.5,0
flow_1012.16,70.0,4.0,0
flow_10.23,64.5,3.0,0
flow_301.37,84.5,3.5,0
flow_10.24,61.0,3.0,0
flow_30.13,82.0,3.0,0
flow_101.34,32.5,2.5,0
flow_001.24,51.5,3.5,0
flow_201.21,60.5,3.5,0
flow_2012.12,53.0,4.0,0
flow_20.16,49.5,3.0,0
flow_001.25,43.5,6.5,0
flow_20.17,49.0,2.5,0
flow_001.26,28.0,3.5,0
flow_2012.13,52.0,4.5,0
flow_201.22,40.0,3.0,0
flow_20.18,36.5,2.5,0
flow_2012.14,36.0,3.0,0
flow_0012.16,24.5,3.0,0
flow_201.23,38.0,3.5,0
flow_20.19,34.5,3.0,0
flow_001.27,24.5,2.5,0
flow_00.14,20.5,2.0,0
flow_201.24,35.5,3.0,0
flow_2012.15,25.5,3.5,0
flow_30.14,130.5,4.0,0
flow_10.25,78.5,4.0,0
flow_10.26,77.5,3.0,0
flow_1012.17,77.0,3.5,0
flow_3012.22,134.5,6.0,0
flow_30.15,93.5,3.5,0
flow_101.35,77.5,3.0,0
flow_30.16,92.0,3.0,0
flow_101.36,76.5,3.0,0
flow_3012.23,91.0,4.0,0
flow_301.38,89.0,2.5,0
flow_30.17,84.5,2.5,0
flow_101.37,66.5,4.0,0
flow_1012.18,63.0,4.0,0
flow_10.27,52.0,3.0,0
flow_301.39,87.5,6.5,0
flow_101.38,52.0,2.5,0
flow_10.28,49.0,2.5,0
flow_301.40,87.0,3.0,0
flow_30.18,83.0,2.5,0
flow_101.39,50.0,3.0,0
flow_301.41,83.5,3.0,0
flow_301.42,81.5,3.0,0
flow_001.28,73.5,3.5,0
flow_201.25,46.0,3.5,0
flow_2012.16,45.0,4.0,0
flow_001.29,68.0,7.0,0
flow_0012.17,59.5,4.5,0
flow_0012.18,38.0,4.5,0
flow_00.15,32.0,3.0,0
flow_001.30,26.0,2.5,0
flow_2012.17,24.5,3.0,0
flow_00.16,25.0,5.0,0
flow_30.19,83.5,4.0,0
flow_10.29,64.0,4.0,0
flow_301.43,81.5,3.0,0
flow_101.40,62.5,3.0,0
flow_10.30,27.0,2.5,0
flow_3012.24,82.5,6.0,0
flow_3012.25,82.0,4.0,0
flow_301.44,79.0,2.5,0
flow_10.31,26.0,4.0,0
flow_101.41,25.5,2.5,0
flow_3012.26,82.0,5.5,0
flow_1012.19,26.0,3.5,0
flow_3012.27,80.5,4.5,0
flow_30.20,76.5,3.5,0
flow_301.45,75.5,2.5,0
flow_30.21,72.0,2.5,0
flow_101.42,24.5,2.0,0
flow_301.46,72.5,2.5,0
flow_3012.28,70.5,3.5,0
flow_1012.20,24.5,3.0,0
flow_301.47,37.5,6.0,0
flow_20.20,61.0,4.0,0
flow_001.31,68.5,3.5,0
flow_20.21,60.5,3.0,0
flow_0012.19,68.0,6.0,0
flow_001.32,66.0,3.0,0
flow_201.26,52.5,3.0,0
flow_001.33,45.5,3.5,0
flow_201.27,50.0,2.5,0
flow_20.22,44.5,3.0,0
flow_001.34,38.0,3.5,0
flow_001.35,26.5,3.0,0
flow_2012.18,23.5,3.0,0
flow_20.23,22.0,1.5,0
flow_00.17,20.5,1.5,0
flow_201.28,26.5,3.0,0
flow_20.24,23.0,2.0,0
flow_30.22,78.0,4.0,0
flow_101.43,67.5,3.5,0
flow_3012.29,79.0,4.0,0
flow_101.44,71.5,7.0,0
flow_3012.30,82.5,5.5,0
flow_3012.31,80.5,5.0,0
flow_10.32,67.0,6.0,0
flow_301.48,77.5,3.5,0
flow_1012.21,66.5,4.5,0
flow_3012.32,76.5,4.0,0
flow_3012.33,75.5,3.5,0
flow_301.49,73.0,2.5,0
flow_101.45,69.5,3.5,0
flow_3012.34,74.5,4.5,0
flow_301.50,70.5,2.5,0
flow_101.46,72.5,4.0,0
flow_3012.35,72.0,4.5,0
flow_3012.36,69.5,4.0,0
flow_301.51,35.0,2.5,0
flow_201.29,73.0,3.5,0
flow_001.36,75.5,3.5,0
flow_0012.20,74.5,4.0,0
flow_20.25,74.5,6.5,0
flow_0012.21,76.5,7.0,0
flow_001.37,75.5,3.5,0
flow_201.30,67.0,3.5,0
flow_001.38,73.0,3.5,0
flow_201.31,56.0,3.5,0
flow_001.39,42.0,3.5,0
flow_20.26,46.5,3.0,0
flow_00.18,28.0,3.0,0
flow_201.32,46.5,3.0,0
flow_201.33,45.5,3.5,0
flow_201.34,45.0,3.5,0
flow_0012.22,26.5,4.0,0
flow_20.27,40.5,5.5,0
flow_0012.23,27.5,4.5,0
flow_30.23,77.5,4.0,0
flow_101.47,124.5,4.0,0
flow_30.24,77.0,3.0,0
flow_1012.22,126.5,6.0,0
flow_101.48,125.0,3.0,0
flow_10.33,122.5,3.0,0
flow_301.52,82.0,3.0,0
flow_301.53,80.5,2.5,0
flow_101.49,122.0,2.5,0
flow_301.54,80.0,3.5,0
flow_101.50,123.0,3.5,0
flow_301.55,78.5,3.0,0
flow_30.25,75.0,2.5,0
flow_101.51,107.0,3.5,0
flow_101.52,101.0,3.0,0
flow_10.34,82.0,2.5,0
flow_301.56,76.0,3.0,0
flow_30.26,72.0,3.0,0
flow_301.57,71.5,2.5,0
flow_1012.23,86.0,5.5,0
flow_10.35,79.0,3.0,0
flow_301.58,74.0,3.5,0
flow_101.53,78.5,2.5,0
flow_20.28,63.0,4.0,0
flow_001.40,73.5,3.5,0
flow_20.29,63.0,3.0,0
flow_001.41,73.0,3.0,0
flow_20.30,53.0,3.0,0
flow_001.42,44.0,3.0,0
flow_201.35,46.0,2.5,0
flow_001.43,30.5,3.5,0
flow_2012.19,46.0,4.0,0
flow_00.19,24.0,3.0,0
flow_201.36,25.5,2.5,0
flow_2012.20,26.5,3.5,0
flow_201.37,26.0,3.0,0
flow_301.59,120.5,3.5,0
flow_101.54,85.5,3.5,0
flow_301.60,88.0,3.0,0
flow_101.55,82.5,3.0,0
flow_301.61,83.5,3.0,0
flow_101.56,81.0,3.0,0
flow_10.36,78.5,3.0,0
flow_301.62,82.5,3.0,0
flow_10.37,77.0,3.0,0
flow_301.63,81.0,3.0,0
flow_10.38,75.5,2.5,0
flow_301.64,79.5,3.0,0
flow_101.57,73.0,2.5,0
flow_30.27,76.0,3.0,0
flow_101.58,73.5,3.0,0
flow_30.28,73.5,3.5,0
flow_3012.37,78.0,4.5,0
flow_101.59,75.5,3.5,0
flow_301.65,75.0,3.0,0
flow_3012.38,72.0,3.5,0
flow_30.29,68.0,2.5,0
flow_1012.24,76.0,4.5,0
flow_101.60,74.0,3.5,0
flow_30.30,31.5,3.0,0
flow_101.61,70.5,3.5,0
flow_3012.39,30.5,4.0,0
flow_2012.21,74.5,4.5,0
flow_00.20,56.5,6.5,0
flow_201.38,55.0,3.0,0
flow_0012.24,55.0,5.0,0
flow_001.44,44.0,3.0,0
flow_20.31,43.0,3.0,0
flow_101.62,85.5,3.5,0
flow_301.66,76.5,3.5,0
flow_3012.40,76.0,4.0,0
flow_301.67,73.5,3.0,0
flow_101.63,87.5,7.0,0
flow_301.68,73.0,3.0,0
flow_101.64,88.0,3.5,0
flow_3012.41,73.5,4.5,0
flow_10.39,86.0,5.0,0
flow_301.69,70.0,2.5,0
flow_301.70,69.0,3.0,0
flow_101.65,86.0,3.0,0
flow_1012.25,85.0,4.0,0
flow_101.66,83.0,3.0,0
flow_301.71,71.5,6.5,0
flow_30.31,68.5,3.0,0
flow_101.67,81.0,2.5,0
flow_301.72,68.5,2.5,0
flow_101.68,75.0,3.5,0
flow_101.69,58.0,3.5,0
flow_301.73,67.5,3.0,0
flow_1012.26,57.5,4.0,0
flow_30.32,66.5,5.0,0
flow_101.70,33.0,2.5,0
flow_00.21,46.5,4.0,0
flow_201.39,68.5,3.5,0
flow_0012.25,45.5,4.0,0
flow_201.40,71.5,7.0,0
flow_201.41,57.0,3.0,0
flow_201.42,56.5,3.0,0
flow_201.43,54.5,3.0,0
flow_2012.22,45.0,4.0,0
flow_2012.23,40.5,3.5,0
flow_201.44,39.5,3.0,0
flow_001.45,26.0,3.0,0
flow_10.40,78.5,4.0,0
flow_00.0,22.0,2.0,0
flow_20.0,20.5,1.5,0
flow_201.0,26.0,3.0,0
flow_001.0,24.5,2.5,0
flow_101.0,45.5,3.5,0
flow_301.0,55.0,3.5,0
flow_1012.0,46.0,4.0,0
flow_10.0,39.5,3.0,0
flow_301.1,56.0,7.0,0
flow_3012.0,47.5,3.5,0
flow_301.2,33.0,2.5,0
flow_30.0,31.0,3.0,0
flow_301.3,24.5,2.5,0
flow_1012.1,26.0,4.0,0
flow_301.4,27.5,3.5,0
flow_3012.1,24.5,3.0,0
flow_1012.2,26.5,3.5,0
flow_001.1,75.5,3.5,0
flow_00.1,73.0,3.0,0
flow_001.2,43.0,3.0,0
flow_3012.2,72.5,4.5,0
flow_30.1,69.5,3.0,0
flow_101.1,76.5,7.5,0
flow_301.5,70.5,3.0,0
flow_101.2,75.5,3.0,0
flow_10.1,64.5,2.5,0
flow_301.6,64.5,3.0,0
flow_301.7,63.0,3.0,0
flow_101.3,65.0,3.0,0
flow_301.8,48.5,3.0,0
flow_101.4,64.0,3.0,0
flow_3012.3,48.0,4.0,0
flow_10.2,63.5,5.0,0
flow_301.9,45.5,3.0,0
flow_10.3,61.0,4.0,0
flow_30.2,41.5,2.5,0
flow_301.10,46.0,3.5,0
flow_101.5,47.5,3.0,0
flow_301.11,41.5,2.5,0
flow_1012.3,37.5,5.0,0
flow_10.4,33.5,3.0,0
flow_301.12,43.5,3.5,0
flow_3012.4,34.0,3.5,0
flow_1012.4,36.0,4.5,0
flow_001.3,73.5,3.5,0
flow_201.1,36.0,3.5,0
flow_2012.0,27.0,3.5,0
flow_001.4,55.5,4.0,0
flow_201.2,24.5,2.5,0
flow_201.3,23.5,2.0,0
flow_00.2,20.0,1.5,0
flow_2012.1,25.5,3.5,0
flow_30.3,78.5,4.0,0
flow_10.5,48.0,4.0,0
flow_301.13,79.0,3.0,0
flow_101.6,49.0,3.0,0
flow_301.14,78.5,3.0,0
flow_1012.5,50.5,6.0,0
flow_30.4,78.5,3.5,0
flow_101.7,42.0,3.0,0
flow_301.15,74.0,2.5,0
flow_101.8,42.0,3.5,0
flow_30.5,53.5,3.0,0
flow_101.9,32.5,3.5,0
flow_301.16,53.5,3.0,0
flow_30.6,30.0,2.5,0
flow_1012.6,33.0,5.5,0
flow_3012.5,34.5,3.5,0
flow_301.17,31.5,2.5,0
flow_30.7,25.5,2.5,0
flow_3012.6,26.0,3.5,0
flow_30.8,22.0,2.0,0
flow_101.10,27.5,3.0,0
flow_20.1,67.0,4.0,0
flow_001.5,55.5,3.5,0
flow_001.6,55.0,3.5,0
flow_201.4,58.0,3.5,0
flow_0012.0,44.5,4.0,0
flow_001.7,33.0,3.0,0
flow_201.5,57.0,7.0,0
flow_001.8,27.5,3.0,0
flow_201.6,48.5,3.5,0
flow_001.9,25.0,2.5,0
flow_20.2,21.5,2.0,0
flow_101.11,75.0,3.5,0
flow_301.18,73.0,3.5,0
flow_3012.7,72.5,4.0,0
flow_30.9,69.0,3.0,0
flow_101.12,78.5,7.0,0
flow_301.19,69.5,3.0,0
flow_101.13,77.5,3.0,0
flow_30.10,64.5,3.0,0
flow_301.20,69.5,3.0,0
flow_101.14,70.0,3.0,0
flow_101.15,69.0,3.5,0
flow_301.21,62.5,2.5,0
flow_101.16,68.5,3.5,0
flow_301.22,55.5,3.0,0
flow_10.6,63.5,3.0,0
flow_1012.7,68.5,4.5,0
flow_101.17,59.5,2.5,0
flow_301.23,57.5,4.0,0
flow_10.7,57.0,2.5,0
flow_301.24,56.5,3.5,0
flow_301.25,53.5,3.5,0
flow_1012.8,61.0,5.0,0
flow_101.18,57.5,3.0,0
flow_301.26,55.0,3.5,0
flow_00.3,46.0,4.0,0
flow_201.7,47.5,3.5,0
flow_001.10,25.5,2.5,0
flow_3012.8,85.5,4.5,0
flow_10.8,87.0,6.5,0
flow_301.27,84.0,3.0,0
flow_1012.9,84.5,5.0,0
flow_3012.9,77.5,4.0,0
flow_3012.10,76.0,4.0,0
flow_301.28,74.0,2.5,0
flow_101.19,87.0,4.0,0
flow_301.29,73.0,3.0,0
flow_101.20,86.0,3.0,0
flow_301.30,71.5,2.5,0
flow_1012.10,85.5,4.0,0
flow_1012.11,83.5,4.0,0
flow_1012.12,82.0,3.5,0
flow_101.21,80.5,3.0,0
flow_301.31,76.0,7.0,0
flow_10.9,60.0,3.0,0
flow_1012.13,81.5,4.5,0
flow_30.11,74.0,4.5,0
flow_30.12,64.5,3.5,0
flow_101.22,59.5,3.0,0
flow_001.11,67.0,3.5,0
flow_00.4,52.5,3.0,0
flow_201.8,25.5,2.5,0
flow_201.9,26.5,3.0,0
flow_2012.2,26.0,3.5,0
flow_101.23,105.5,3.5,0
flow_301.32,104.0,3.5,0
flow_3012.11,105.0,4.0,0
flow_101.24,93.0,7.0,0
flow_3012.12,96.5,5.5,0
flow_3012.13,91.0,5.0,0
flow_301.33,82.5,2.5,0
flow_101.25,94.5,3.5,0
flow_3012.14,67.0,4.5,0
flow_1012.14,91.5,4.0,0
flow_1012.15,90.0,4.0,0
flow_101.26,87.5,2.5,0
flow_10.10,84.5,2.5,0
flow_301.34,72.0,4.5,0
flow_30.13,68.5,3.0,0
flow_101.27,84.0,2.5,0
flow_301.35,52.0,2.5,0
flow_101.28,85.0,3.5,0
flow_10.11,82.0,3.0,0
flow_301.36,34.0,3.0,0
flow_201.10,34.0,3.5,0
flow_001.12,55.0,3.5,0
flow_00.5,29.0,3.0,0
flow_201.11,34.5,3.0,0
flow_201.12,33.0,3.0,0
flow_0012.1,23.0,2.5,0
flow_301.37,80.0,3.5,0
flow_1012.16,131.5,6.5,0
flow_3012.15,78.5,3.5,0
flow_301.38,78.5,3.0,0
flow_101.29,132.5,3.5,0
flow_101.30,95.0,3.0,0
flow_301.39,77.5,3.0,0
flow_30.14,74.0,2.5,0
flow_101.31,91.0,3.5,0
flow_10.12,85.5,4.0,0
flow_3012.16,67.5,5.0,0
flow_3012.17,69.0,7.5,0
flow_3012.18,54.5,5.0,0
flow_3012.19,51.0,4.0,0
flow_3012.20,36.5,4.0,0
flow_3012.21,35.5,4.0,0
flow_101.32,100.0,7.0,0
flow_3012.22,34.0,5.5,0
flow_00.6,61.0,4.0,0
flow_20.3,22.5,2.5,0
flow_001.13,62.0,3.0,0
flow_001.14,61.5,3.5,0
flow_001.15,60.0,3.5,0
flow_0012.2,39.0,3.5,0
flow_30.15,74.5,4.0,0
flow_10.13,146.0,4.0,0
flow_301.40,75.0,3.0,0
flow_101.33,146.5,3.0,0
flow_301.41,65.0,3.0,0
flow_101.34,146.5,3.5,0
flow_3012.23,64.5,4.0,0
flow_301.42,56.0,2.5,0
flow_101.35,149.5,7.0,0
flow_10.14,145.0,3.0,0
flow_301.43,55.0,2.5,0
flow_101.36,144.5,2.5,0
flow_3012.24,58.5,5.5,0
flow_30.16,55.5,3.0,0
flow_101.37,109.5,4.0,0
flow_1012.17,104.0,3.5,0
flow_3012.25,50.0,4.5,0
flow_101.38,103.5,3.0,0
flow_301.44,44.0,3.0,0
flow_1012.18,102.0,4.5,0
flow_101.39,96.5,3.0,0
flow_301.45,46.5,3.5,0
flow_20.4,62.0,4.0,0
flow_001.16,66.0,3.5,0
flow_2012.3,61.0,4.0,0
flow_201.13,56.5,2.5,0
flow_00.7,64.5,6.0,0
flow_001.17,54.5,3.5,0
flow_001.18,30.0,3.5,0
flow_20.5,21.0,1.5,0
flow_20.6,21.0,1.5,0
flow_30.17,91.0,4.0,0
flow_101.40,136.0,3.5,0
flow_30.18,87.0,3.0,0
flow_101.41,90.0,3.5,0
flow_301.46,85.5,2.5,0
flow_1012.19,88.5,5.0,0
flow_30.19,80.0,3.0,0
flow_101.42,85.5,2.5,0
flow_101.43,84.5,3.0,0
flow_3012.26,84.5,6.0,0
flow_301.47,81.0,3.0,0
flow_101.44,87.0,4.0,0
flow_30.20,63.5,3.0,0
flow_3012.27,82.5,5.0,0
flow_101.45,88.0,4.0,0
flow_301.48,42.5,2.5,0
flow_1012.20,87.0,4.0,0
flow_101.46,85.0,2.5,0
flow_301.49,46.0,4.5,0
flow_101.47,83.5,3.0,0
flow_301.50,45.0,3.5,0
flow_1012.21,84.5,4.5,0
flow_00.8,47.0,4.0,0
flow_201.14,73.5,3.5,0
flow_001.19,45.0,3.0,0
flow_201.15,65.0,3.5,0
flow_20.7,25.5,2.5,0
flow_301.51,92.5,3.5,0
flow_1012.22,132.0,6.5,0
flow_101.48,89.0,3.0,0
flow_301.52,91.5,3.5,0
flow_101.49,87.0,3.0,0
flow_10.15,83.5,2.5,0
flow_301.53,88.0,3.5,0
flow_3012.28,86.5,4.0,0
flow_10.16,85.5,6.0,0
flow_301.54,83.0,3.0,0
flow_101.50,84.5,3.0,0
flow_301.55,59.5,3.0,0
flow_101.51,82.5,3.0,0
flow_301.56,58.5,3.5,0
flow_101.52,81.5,3.5,0
flow_301.57,57.0,3.5,0
flow_30.21,53.0,3.0,0
flow_101.53,79.5,3.0,0
flow_30.22,52.0,3.0,0
flow_101.54,79.0,3.0,0
flow_1012.23,76.5,3.5,0
flow_3012.29,48.5,3.5,0
flow_30.23,44.0,2.5,0
flow_101.55,76.5,3.0,0
flow_301.58,33.0,2.5,0
flow_1012.24,35.5,4.5,0
flow_00.9,64.5,4.0,0
flow_201.16,67.5,3.5,0
flow_001.20,65.0,3.0,0
flow_2012.4,69.5,5.0,0
flow_201.17,57.0,2.5,0
flow_001.21,67.5,3.5,0
flow_201.18,38.0,3.0,0
flow_00.10,49.0,3.0,0
flow_2012.5,35.0,5.0,0
flow_001.22,54.0,3.5,0
flow_201.19,23.0,2.5,0
flow_101.56,79.0,3.5,0
flow_301.59,78.0,3.5,0
flow_1012.25,79.0,4.0,0
flow_3012.30,78.0,4.0,0
flow_3012.31,77.0,4.0,0
flow_30.24,61.0,2.5,0
flow_101.57,81.5,4.0,0
flow_301.60,60.0,3.0,0
flow_10.17,79.5,3.5,0
flow_301.61,54.0,2.5,0
flow_1012.26,79.5,4.0,0
flow_30.25,52.0,4.5,0
flow_1012.27,81.5,7.0,0
flow_101.58,80.0,3.5,0
flow_301.62,57.5,3.5,0
flow_101.59,79.0,3.0,0
flow_301.63,56.0,3.0,0
flow_101.60,77.5,3.0,0
flow_10.18,75.0,3.0,0
flow_301.64,55.0,3.0,0
flow_10.19,72.5,3.0,0
flow_301.65,54.0,3.0,0
flow_201.20,59.5,3.5,0
flow_0012.3,70.5,6.5,0
flow_001.23,40.5,3.0,0
flow_20.8,57.0,3.5,0
flow_001.24,40.0,3.0,0
flow_2012.6,54.5,4.5,0
flow_2012.7,47.5,4.0,0
flow_2012.8,30.5,4.5,0
flow_00.11,22.5,2.0,0
flow_00.12,22.0,2.0,0
flow_201.21,26.5,3.0,0
flow_2012.9,22.5,2.5,0
flow_30.26,100.0,4.0,0
flow_1012.28,124.0,7.5,0
flow_10.20,89.5,3.5,0
flow_301.66,93.0,3.0,0
flow_1012.29,89.5,4.5,0
flow_10.21,84.5,3.0,0
flow_101.61,84.0,2.5,0
flow_301.67,94.5,4.0,0
flow_101.62,82.5,2.5,0
flow_301.68,93.5,3.5,0
flow_30.27,89.0,3.0,0
flow_1012.30,83.0,5.0,0
flow_3012.32,89.5,3.0,0
flow_3012.33,88.5,3.5,0
flow_3012.34,87.0,4.0,0
flow_101.63,87.5,6.5,0
flow_3012.35,86.5,5.0,0
flow_30.28,78.5,3.5,0
flow_10.22,87.0,3.5,0
flow_301.69,79.5,3.0,0
flow_2012.10,65.0,4.5,0
flow_001.25,66.0,7.5,0
flow_001.26,27.0,3.0,0
flow_201.22,25.5,2.5,0
flow_0012.4,24.5,3.0,0
flow_101.64,136.0,3.5,0
flow_301.70,124.0,3.5,0
flow_101.65,135.0,3.0,0
flow_301.71,86.0,3.0,0
flow_3012.36,82.0,4.0,0
flow_1012.31,135.0,4.0,0
flow_101.66,94.0,3.0,0
flow_301.72,81.0,3.5,0
flow_1012.32,91.5,4.0,0
flow_101.67,88.5,3.0,0
flow_301.73,83.5,7.0,0
flow_1012.33,89.5,4.5,0
flow_101.68,86.0,2.5,0
flow_301.74,85.0,3.5,0
flow_101.69,86.0,3.5,0
flow_301.75,84.5,3.0,0
flow_1012.34,85.5,5.5,0
flow_101.70,83.0,3.5,0
flow_301.76,85.5,3.5,0
flow_1012.35,80.5,4.5,0
flow_3012.37,85.0,4.0,0
flow_1012.36,35.5,4.5,0
flow_3012.38,84.0,4.0,0
flow_201.23,70.0,3.5,0
flow_001.27,65.0,3.5,0
flow_001.28,55.5,3.5,0
flow_20.9,21.5,2.0,0
flow_2012.11,24.5,3.0,0
flow_20.10,21.5,2.0,0
flow_201.24,24.0,2.5,0
flow_00.13,21.5,2.0,0
flow_001.0,26.5,3.0,0
flow_00.0,21.0,2.0,0
flow_201.0,25.0,2.5,0
flow_001.1,26.0,2.5,0
flow_2012.0,26.0,3.5,0
flow_3012.0,43.0,4.5,0
flow_30.0,39.5,3.0,0
flow_101.0,59.5,7.5,0
flow_30.1,36.0,3.0,0
flow_10.0,59.0,5.5,0
flow_3012.1,41.0,4.5,0
flow_30.2,26.5,3.0,0
flow_10.1,47.0,4.0,0
flow_101.1,26.5,2.5,0
flow_101.2,26.0,3.0,0
flow_3012.2,27.0,4.0,0
flow_101.3,25.5,2.5,0
flow_301.0,25.0,2.5,0
flow_00.1,57.5,4.0,0
flow_20.0,59.0,4.0,0
flow_001.2,43.0,3.0,0
flow_2012.1,54.5,5.0,0
flow_20.1,39.5,3.0,0
flow_001.3,45.0,3.5,0
flow_201.1,41.0,3.0,0
flow_001.4,46.0,4.5,0
flow_2012.2,43.5,5.5,0
flow_201.2,37.0,3.0,0
flow_2012.3,42.0,5.5,0
flow_201.3,33.5,3.0,0
flow_001.5,36.0,4.5,0
flow_00.2,31.5,3.0,0
flow_0012.0,32.0,3.5,0
flow_001.6,30.0,3.0,0
flow_00.3,27.5,2.5,0
flow_001.7,27.0,3.0,0
flow_1012.0,77.0,5.0,0
flow_101.4,74.0,3.0,0
flow_301.1,64.0,8.0,0
flow_101.5,72.0,3.0,0
flow_1012.1,70.5,3.5,0
flow_3012.3,55.5,5.0,0
flow_3012.4,29.0,4.5,0
flow_3012.5,29.5,5.0,0
flow_101.6,77.5,4.5,0
flow_101.7,76.0,3.0,0
flow_1012.2,76.0,4.0,0
flow_101.8,73.0,2.5,0
flow_101.9,71.0,3.0,0
flow_301.2,25.5,2.5,0
flow_101.10,70.0,3.0,0
flow_101.11,69.5,3.0,0
flow_00.4,70.5,4.0,0
flow_201.4,68.5,3.5,0
flow_0012.1,72.0,4.0,0
flow_001.8,70.5,3.0,0
flow_201.5,70.0,7.5,0
flow_0012.2,53.5,5.0,0
flow_001.9,44.0,3.0,0
flow_201.6,57.5,4.0,0
flow_0012.3,45.0,5.0,0
flow_001.10,40.5,3.0,0
flow_201.7,59.5,4.0,0
flow_001.11,32.5,3.0,0
flow_2012.4,59.5,4.5,0
flow_201.8,57.0,3.0,0
flow_20.2,47.5,2.5,0
flow_201.9,52.5,3.5,0
flow_20.3,45.5,2.5,0
flow_0012.4,28.5,5.0,0
flow_301.3,61.5,3.5,0
flow_1012.3,117.5,6.5,0
flow_3012.6,43.0,4.0,0
flow_10.2,89.5,4.5,0
flow_301.4,38.5,3.0,0
flow_10.3,88.0,3.5,0
flow_3012.7,33.5,5.0,0
flow_10.4,89.0,6.0,0
flow_301.5,28.0,3.0,0
flow_10.5,87.5,4.0,0
flow_101.12,84.5,3.0,0
flow_1012.4,82.5,3.5,0
flow_1012.5,81.5,3.5,0
flow_10.6,76.0,2.5,0
flow_101.13,80.5,3.0,0
flow_1012.6,75.5,3.0,0
flow_101.14,74.0,3.0,0
flow_101.15,34.5,3.0,0
flow_201.10,91.5,3.5,0
flow_0012.5,76.0,5.5,0
flow_2012.5,92.0,3.5,0
flow_201.11,90.5,3.0,0
flow_001.12,77.0,3.5,0
flow_2012.6,89.5,3.5,0
flow_20.4,85.5,3.0,0
flow_00.5,76.5,5.0,0
flow_0012.6,75.5,4.0,0
flow_20.5,86.0,5.5,0
flow_00.6,66.0,3.0,0
flow_201.12,83.0,3.0,0
flow_0012.7,62.5,4.5,0
flow_20.6,64.5,3.5,0
flow_001.13,61.5,3.0,0
flow_201.13,36.5,3.0,0
flow_001.14,61.0,3.5,0
flow_2012.7,29.0,4.0,0
flow_001.15,62.5,7.0,0
flow_00.7,55.5,3.0,0
flow_30.3,58.5,4.0,0
flow_101.16,80.0,4.0,0
flow_3012.8,57.5,4.0,0
flow_101.17,81.5,7.0,0
flow_3012.9,59.5,5.5,0
flow_301.6,56.0,3.0,0
flow_101.18,83.5,4.0,0
flow_301.7,42.0,3.5,0
flow_10.7,79.0,3.0,0
flow_1012.7,83.5,4.5,0
flow_30.4,29.0,4.5,0
flow_101.19,79.5,2.5,0
flow_1012.8,77.5,3.0,0
flow_30.5,20.5,1.5,0
flow_101.20,76.5,3.0,0
flow_10.8,72.5,2.5,0
flow_10.9,71.5,2.5,0
flow_3012.10,27.0,4.5,0
flow_10.10,73.0,5.5,0
flow_301.8,26.0,2.5,0
flow_2012.8,67.0,4.5,0
flow_001.16,105.0,7.5,0
flow_201.14,67.0,3.5,0
flow_20.7,64.0,3.0,0
flow_0012.8,102.5,6.5,0
flow_001.17,95.5,3.0,0
flow_00.8,86.5,3.0,0
flow_201.15,47.0,3.0,0
flow_001.18,83.5,3.0,0
flow_201.16,34.5,3.0,0
flow_0012.9,82.0,3.5,0
flow_0012.10,69.0,3.5,0
flow_00.9,66.0,3.0,0
flow_0012.11,63.5,3.5,0
flow_0012.12,62.5,3.5,0
flow_00.10,56.5,2.5,0
flow_00.11,56.0,2.5,0
flow_001.19,32.0,2.5,0
flow_101.21,119.5,3.5,0
flow_10.11,86.5,3.0,0
flow_301.9,74.0,4.0,0
flow_30.6,65.0,3.0,0
flow_10.12,82.0,3.0,0
flow_10.13,78.5,2.5,0
flow_101.22,77.0,2.5,0
flow_101.23,77.5,3.0,0
flow_10.14,73.5,2.5,0
flow_101.24,74.0,2.5,0
flow_101.25,72.5,3.0,0
flow_101.26,72.5,3.5,0
flow_10.15,68.5,2.5,0
flow_101.27,67.5,2.5,0
flow_30.7,20.0,1.5,0
flow_101.28,31.0,3.0,0
flow_101.29,28.5,3.0,0
flow_20.8,54.5,4.0,0
flow_001.20,75.5,3.5,0
flow_0012.13,76.5,4.0,0
flow_00.12,73.0,3.0,0
flow_2012.9,56.5,4.5,0
flow_201.17,54.5,3.0,0
flow_00.13,73.5,3.0,0
flow_201.18,45.5,3.5,0
flow_00.14,71.5,3.0,0
flow_201.19,46.0,3.5,0
flow_0012.14,73.0,4.5,0
flow_001.21,70.5,3.5,0
flow_201.20,43.0,4.0,0
flow_001.22,68.5,3.0,0
flow_201.21,37.5,3.0,0
flow_001.23,67.0,3.0,0
flow_201.22,27.5,3.0,0
flow_0012.15,67.0,4.5,0
flow_2012.10,25.5,3.5,0
flow_001.24,67.0,3.5,0
flow_201.23,26.5,3.0,0
flow_00.15,32.5,3.0,0
flow_001.25,65.5,3.5,0
flow_201.24,26.0,2.5,0
flow_30.8,30.0,3.5,0
flow_101.30,76.0,3.5,0
flow_301.10,28.5,3.0,0
flow_101.31,75.0,3.0,0
flow_101.32,75.0,3.5,0
flow_1012.9,73.0,3.5,0
flow_10.16,70.0,2.5,0
flow_101.33,69.0,2.5,0
flow_1012.10,66.5,2.5,0
flow_101.34,67.0,3.0,0
flow_101.35,66.0,3.0,0
flow_101.36,64.5,3.0,0
flow_10.17,61.0,3.0,0
flow_10.18,59.0,2.5,0
flow_10.19,29.0,2.5,0
flow_1012.11,27.0,3.0,0
flow_3012.11,28.0,6.0,0
flow_201.25,72.0,3.5,0
flow_001.26,80.0,3.5,0
flow_00.16,77.0,3.0,0
flow_201.26,73.0,3.5,0
flow_00.17,76.5,3.0,0
flow_201.27,53.5,3.5,0
flow_2012.11,47.0,3.5,0
flow_0012.16,77.5,4.0,0
flow_001.27,76.0,3.0,0
flow_201.28,46.5,3.0,0
flow_20.9,24.0,2.0,0
flow_001.28,75.5,3.0,0
flow_001.29,75.0,3.5,0
flow_0012.17,72.5,4.0,0
flow_0012.18,68.0,3.5,0
flow_00.18,65.0,2.5,0
flow_201.29,28.0,3.5,0
flow_0012.19,67.0,5.0,0
flow_001.30,53.5,2.5,0
flow_201.30,29.0,3.5,0
flow_20.10,25.0,2.5,0
flow_001.31,34.5,3.5,0
flow_30.9,64.5,4.0,0
flow_101.37,75.0,3.5,0
flow_3012.12,66.0,4.0,0
flow_30.10,56.5,3.0,0
flow_30.11,55.5,2.5,0
flow_101.38,79.5,7.0,0
flow_1012.12,79.5,5.5,0
flow_10.20,77.0,3.5,0
flow_10.21,75.5,3.0,0
flow_301.11,53.0,3.5,0
flow_1012.13,75.0,3.5,0
flow_3012.13,36.0,4.0,0
flow_101.39,75.0,2.5,0
flow_301.12,26.5,3.0,0
flow_10.22,72.5,3.0,0
flow_101.40,71.0,2.5,0
flow_10.23,68.0,2.5,0
flow_101.41,68.5,2.5,0
flow_1012.14,66.0,3.5,0
flow_0012.20,80.5,4.5,0
flow_20.11,54.5,6.5,0
flow_0012.21,81.5,5.5,0
flow_001.32,79.5,3.0,0
flow_20.12,50.0,7.5,0
flow_00.19,77.5,3.0,0
flow_201.31,49.5,4.0,0
flow_00.20,76.5,3.0,0
flow_2012.12,50.0,6.0,0
flow_00.21,77.5,6.0,0
flow_201.32,46.5,3.0,0
flow_0012.22,77.5,5.0,0
flow_001.33,62.5,2.5,0
flow_201.33,48.5,4.0,0
flow_001.34,62.0,3.0,0
flow_2012.13,40.0,4.5,0
flow_201.34,29.5,3.5,0
flow_001.35,64.5,4.0,0
flow_2012.14,29.0,4.5,0
flow_001.36,57.0,4.0,0
flow_101.42,85.0,3.5,0
flow_301.13,71.5,3.5,0
flow_1012.15,81.0,4.0,0
flow_10.24,77.5,3.0,0
flow_301.14,74.5,6.5,0
flow_101.43,77.5,2.5,0
flow_10.25,73.5,2.5,0
flow_301.15,70.0,3.5,0
flow_301.16,69.0,3.0,0
flow_101.44,76.5,3.5,0
flow_3012.14,70.0,4.5,0
flow_3012.15,68.5,4.5,0
flow_3012.16,67.0,4.0,0
flow_30.12,62.5,2.5,0
flow_101.45,82.5,7.0,0
flow_301.17,42.5,2.5,0
flow_101.46,81.5,3.0,0
flow_3012.17,43.5,5.5,0
flow_30.13,21.5,2.0,0
flow_101.47,83.0,3.5,0
flow_20.13,46.5,4.0,0
flow_001.37,95.5,3.5,0
flow_20.14,47.0,3.5,0
flow_001.38,68.5,3.0,0
flow_0012.23,53.5,3.5,0
flow_0012.24,51.0,4.0,0
flow_001.39,48.0,2.5,0
flow_201.35,28.5,3.5,0
flow_0012.25,47.0,4.5,0
flow_0012.26,44.0,4.0,0
flow_001.40,39.5,2.5,0
flow_0012.27,37.5,3.0,0
flow_00.22,25.0,2.5,0
flow_201.36,28.5,5.0,0
flow_20.15,25.0,2.5,0
flow_20.16,22.0,2.0,0
flow_0012.28,23.0,2.5,0
flow_1012.16,130.5,4.5,0
flow_101.48,129.5,2.5,0
flow_301.18,45.0,4.0,0
flow_1012.17,128.5,3.5,0
flow_101.49,95.0,2.5,0
flow_301.19,44.0,4.0,0
flow_101.50,92.5,3.5,0
flow_1012.18,90.0,3.0,0
flow_101.51,89.0,3.0,0
flow_301.20,23.5,2.0,0
flow_101.52,88.5,3.0,0
flow_10.26,82.5,2.5,0
flow_101.53,88.0,3.5,0
flow_101.54,82.0,3.0,0
flow_10.27,29.5,3.0,0
flow_101.55,79.5,3.0,0
flow_101.56,29.5,3.0,0
flow_00.23,65.5,4.0,0
flow_001.41,65.5,3.0,0
flow_20.17,21.0,1.5,0
flow_00.24,58.5,3.0,0
flow_00.25,39.0,2.5,0
flow_00.26,35.0,2.5,0
flow_001.42,34.5,2.5,0
flow_00.27,29.5,2.5,0
flow_001.43,29.5,2.5,0
flow_00.28,27.0,2.5,0
flow_301.21,70.5,3.5,0
flow_1012.19,78.5,6.5,0
flow_1012.20,77.0,4.0,0
flow_10.28,73.0,3.0,0
flow_301.22,72.0,4.0,0
flow_1012.21,74.5,4.0,0
flow_3012.18,67.5,3.5,0
flow_10.29,72.5,3.5,0
flow_30.14,32.5,3.0,0
flow_10.30,71.0,3.0,0
flow_101.57,70.0,2.5,0
flow_1012.22,69.0,3.5,0
flow_1012.23,67.5,3.5,0
flow_101.58,65.5,2.5,0
flow_10.31,64.0,3.5,0
flow_3012.19,27.0,5.0,0
flow_301.23,26.0,2.5,0
flow_101.59,64.0,2.5,0
flow_3012.20,27.0,4.0,0
flow_10.32,35.0,5.5,0
flow_201.37,27.0,3.0,0
flow_001.44,65.5,3.5,0
flow_001.45,58.5,3.5,0
flow_001.46,55.5,3.0,0
flow_001.47,49.5,3.5,0
flow_00.29,45.5,2.5,0
flow_2012.15,27.5,6.0,0
flow_001.48,51.5,3.0,0
flow_0012.29,49.5,3.5,0
flow_001.49,48.5,3.0,0
flow_00.30,44.5,2.5,0
flow_001.50,44.5,2.0,0
flow_00.31,42.0,2.5,0
flow_001.51,44.5,3.5,0
flow_3012.21,73.0,4.0,0
flow_10.33,81.0,6.5,0
flow_301.24,66.5,3.5,0
flow_10.34,78.0,3.5,0
flow_1012.24,83.0,5.5,0
flow_10.35,77.0,3.0,0
flow_301.25,59.5,4.0,0
flow_101.60,76.5,2.5,0
flow_301.26,47.0,3.5,0
flow_301.27,35.0,3.5,0
flow_1012.25,79.0,6.5,0
flow_1012.26,77.5,5.0,0
flow_101.61,74.5,3.0,0
flow_1012.27,72.5,3.5,0
flow_101.62,70.5,2.5,0
flow_101.63,70.0,3.0,0
flow_10.36,66.5,2.5,0
flow_101.64,35.0,3.0,0
flow_0012.30,85.5,4.5,0
flow_20.18,73.0,6.5,0
flow_0012.31,86.5,6.0,0
flow_001.52,83.5,3.0,0
flow_20.19,74.5,8.0,0
flow_201.38,73.0,4.0,0
flow_001.53,83.0,3.0,0
flow_0012.32,81.0,3.5,0
flow_2012.16,71.0,4.5,0
flow_2012.17,57.5,4.0,0
flow_20.20,56.0,3.0,0
flow_201.39,53.5,2.5,0
flow_001.54,72.5,4.0,0
flow_20.21,52.5,2.5,0
flow_001.55,71.0,3.0,0
flow_00.32,67.0,3.0,0
flow_0012.33,54.0,3.0,0
flow_2012.18,53.0,6.0,0
flow_0012.34,45.5,3.5,0
flow_001.56,43.5,2.5,0
flow_201.40,32.0,4.0,0
flow_001.57,43.5,3.0,0
flow_1012.28,78.0,4.0,0
flow_30.15,72.5,6.5,0
flow_10.37,77.0,3.0,0
flow_30.16,71.0,4.0,0
flow_101.65,77.0,3.0,0
flow_301.28,68.5,3.0,0
flow_1012.29,78.0,4.5,0
flow_1012.30,76.5,4.5,0
flow_10.38,72.5,3.0,0
flow_101.66,72.0,3.0,0
flow_30.17,21.0,1.5,0
flow_101.67,71.0,3.5,0
flow_101.68,69.0,3.0,0
flow_10.39,65.5,2.5,0
flow_101.69,65.0,2.0,0
flow_3012.22,27.0,4.5,0
flow_101.70,67.0,3.5,0
flow_101.71,34.0,3.0,0
flow_00.33,83.5,4.0,0
flow_201.41,66.0,3.5,0
flow_0012.35,82.5,4.0,0
flow_2012.19,65.5,4.0,0
flow_201.42,53.5,3.0,0
flow_001.58,82.0,3.0,0
flow_20.22,52.0,3.0,0
flow_0012.36,67.5,5.5,0
flow_0012.37,66.5,4.5,0
flow_001.59,58.5,3.0,0
flow_201.43,50.0,4.0,0
flow_001.60,55.0,3.5,0
flow_00.34,53.5,4.5,0
flow_2012.20,39.0,4.5,0
flow_201.44,30.5,3.0,0
flow_001.61,51.0,3.0,0
flow_00.35,46.0,2.5,0
flow_20.23,26.5,3.0,0
flow_201.45,32.0,3.5,0
flow_201.46,27.5,2.5,0
flow_0012.38,50.0,5.0,0
flow_2012.21,26.0,3.5,0
flow_301.29,59.0,3.5,0
flow_101.72,80.5,3.5,0
flow_101.73,79.5,3.0,0
flow_301.30,53.5,3.0,0
flow_30.18,41.5,3.0,0
flow_101.74,78.5,3.5,0
flow_30.19,40.0,2.5,0
flow_3012.23,40.0,3.5,0
flow_1012.31,80.0,6.5,0
flow_10.40,75.0,3.0,0
flow_1012.32,80.0,4.5,0
flow_30.20,39.5,5.5,0
flow_101.75,76.0,3.0,0
flow_101.76,75.0,3.5,0
flow_10.41,72.0,3.0,0
flow_1012.33,71.0,3.5,0
flow_1012.34,70.5,4.0,0
flow_101.77,68.5,3.0,0
flow_301.31,30.0,4.0,0
flow_1012.35,35.0,4.0,0
flow_3012.24,28.5,4.0,0
flow_2012.22,68.5,4.5,0
flow_00.36,93.0,6.5,0
flow_201.47,55.0,3.0,0
flow_20.24,52.0,3.0,0
flow_001.62,90.0,3.5,0
flow_001.63,89.5,3.5,0
flow_201.48,46.5,3.0,0
flow_0012.39,87.0,4.0,0
flow_0012.40,86.5,4.5,0
flow_00.37,80.0,3.0,0
flow_0012.41,84.5,4.5,0
flow_001.64,79.5,2.5,0
flow_201.49,46.0,4.5,0
flow_20.25,37.0,3.5,0
flow_0012.42,80.5,5.0,0
flow_2012.23,36.5,3.0,0
flow_001.65,80.5,3.0,0
flow_0012.43,79.5,3.5,0
flow_001.66,78.5,3.0,0
flow_30.21,36.0,4.0,0
flow_001.0,25.5,2.5,0
flow_0012.0,25.5,3.0,0
flow_001.1,24.5,2.5,0
flow_201.0,26.0,3.0,0
flow_001.2,26.5,3.0,0
flow_301.0,53.5,3.5,0
flow_101.0,56.5,3.5,0
flow_3012.0,53.5,4.0,0
flow_301.1,52.5,3.0,0
flow_101.1,54.0,7.0,0
flow_3012.1,52.0,4.0,0
flow_301.2,43.5,2.5,0
flow_101.2,52.5,3.5,0
flow_3012.2,44.0,4.5,0
flow_1012.0,52.0,4.0,0
flow_3012.3,42.5,4.0,0
flow_101.3,36.5,3.5,0
flow_10.0,32.5,3.0,0
flow_1012.1,23.5,2.5,0
flow_10.1,21.0,2.0,0
flow_2012.0,75.5,4.5,0
flow_20.0,69.0,3.0,0
flow_001.3,70.0,7.5,0
flow_20.1,60.5,3.0,0
flow_001.4,62.5,3.0,0
flow_201.1,61.0,3.0,0
flow_2012.1,35.5,3.5,0
flow_0012.1,44.5,5.0,0
flow_001.5,44.0,3.5,0
flow_00.0,40.0,3.0,0
flow_201.2,26.0,3.0,0
flow_001.6,28.0,2.5,0
flow_00.1,23.5,2.5,0
flow_201.3,25.0,2.5,0
flow_0012.2,26.5,3.5,0
flow_001.7,25.5,2.5,0
flow_0012.3,24.5,3.0,0
flow_2012.2,27.5,4.0,0
flow_30.0,72.0,4.0,0
flow_101.4,75.0,4.0,0
flow_1012.2,73.5,4.0,0
flow_3012.4,57.5,4.5,0
flow_30.1,39.0,3.0,0
flow_10.2,72.0,3.5,0
flow_301.3,36.0,2.0,0
flow_1012.3,73.5,5.5,0
flow_1012.4,71.5,4.5,0
flow_1012.5,70.0,4.5,0
flow_10.3,66.0,3.0,0
flow_101.5,66.0,2.5,0
flow_301.4,45.0,4.5,0
flow_10.4,62.0,2.5,0
flow_30.2,42.0,3.0,0
flow_1012.6,64.0,3.5,0
flow_1012.7,58.5,4.0,0
flow_10.5,54.5,2.5,0
flow_301.5,30.0,4.0,0
flow_1012.8,33.5,4.5,0
flow_101.6,29.0,2.5,0
flow_001.8,72.5,3.5,0
flow_001.9,71.5,3.0,0
flow_00.2,70.0,3.0,0
flow_00.3,68.0,3.0,0
flow_00.4,66.5,3.0,0
flow_001.10,66.0,2.5,0
flow_001.11,64.5,3.0,0
flow_001.12,63.5,3.0,0
flow_0012.4,61.5,4.0,0
flow_001.13,61.0,3.0,0
flow_0012.5,58.0,3.5,0
flow_20.2,20.5,1.5,0
flow_001.14,57.5,3.0,0
flow_00.5,27.5,2.5,0
flow_001.15,33.5,3.5,0
flow_10.6,74.5,4.0,0
flow_301.6,63.5,4.0,0
flow_30.3,60.0,3.0,0
flow_101.7,74.0,3.0,0
flow_10.7,71.5,3.0,0
flow_301.7,61.0,3.0,0
flow_101.8,71.5,2.5,0
flow_301.8,42.0,3.0,0
flow_30.4,29.5,2.5,0
flow_10.8,71.0,3.0,0
flow_101.9,70.0,3.0,0
flow_101.10,69.5,3.0,0
flow_1012.9,67.0,4.0,0
flow_1012.10,65.5,4.0,0
flow_1012.11,64.5,4.0,0
flow_10.9,61.0,3.0,0
flow_1012.12,61.0,4.0,0
flow_101.11,30.5,2.5,0
flow_10.10,25.5,2.5,0
flow_301.9,26.5,3.0,0
flow_30.5,22.5,2.0,0
flow_0012.6,76.0,4.5,0
flow_001.16,75.0,3.0,0
flow_201.4,77.0,7.0,0
flow_001.17,74.5,3.5,0
flow_2012.3,79.0,5.0,0
flow_2012.4,77.5,4.5,0
flow_201.5,74.0,2.5,0
flow_001.18,79.0,4.5,0
flow_201.6,72.5,2.5,0
flow_001.19,78.5,3.0,0
flow_001.20,77.5,3.5,0
flow_00.6,65.5,3.0,0
flow_00.7,59.0,2.5,0
flow_001.21,63.5,3.0,0
flow_001.22,60.5,2.5,0
flow_0012.7,59.5,3.5,0
flow_00.8,55.0,2.5,0
flow_3012.5,34.5,4.0,0
flow_101.12,79.5,7.0,0
flow_101.13,78.0,3.0,0
flow_1012.13,78.0,3.5,0
flow_10.11,74.5,3.0,0
flow_101.14,73.5,2.5,0
flow_101.15,73.0,2.5,0
flow_10.12,69.0,2.5,0
flow_10.13,68.0,2.5,0
flow_301.10,25.0,2.5,0
flow_10.14,66.0,2.5,0
flow_101.16,67.5,2.5,0
flow_101.17,66.5,3.0,0
flow_10.15,29.0,2.5,0
flow_101.18,65.0,3.0,0
flow_0012.8,85.0,4.5,0
flow_001.23,82.5,3.0,0
flow_0012.9,81.5,4.0,0
flow_0012.10,79.0,3.5,0
flow_001.24,75.0,2.5,0
flow_001.25,73.0,2.5,0
flow_001.26,63.0,3.0,0
flow_001.27,60.0,3.0,0
flow_0012.11,57.0,3.0,0
flow_00.9,56.0,2.5,0
flow_00.10,54.5,2.5,0
flow_001.28,51.5,2.5,0
flow_001.29,32.5,3.0,0
flow_201.7,24.5,2.0,0
flow_001.30,29.5,3.0,0
flow_101.19,77.0,3.5,0
flow_30.6,66.5,4.0,0
flow_101.20,76.0,3.0,0
flow_301.11,57.5,3.0,0
flow_10.16,73.0,3.0,0
flow_30.7,40.0,3.0,0
flow_10.17,70.0,2.5,0
flow_3012.6,42.0,6.5,0
flow_30.8,38.0,3.5,0
flow_101.21,75.5,3.0,0
flow_1012.14,74.5,3.5,0
flow_101.22,72.5,3.0,0
flow_10.18,70.0,2.5,0
flow_1012.15,69.0,3.5,0
flow_101.23,67.5,2.5,0
flow_101.24,68.0,3.0,0
flow_10.19,63.5,2.5,0
flow_10.20,33.5,2.5,0
flow_2012.5,32.0,4.0,0
flow_001.31,79.5,7.0,0
flow_201.8,24.5,2.0,0
flow_001.32,80.0,3.5,0
flow_0012.12,58.5,3.5,0
flow_001.33,43.5,3.0,0
flow_001.34,34.5,3.0,0
flow_001.35,33.5,3.0,0
flow_001.36,28.5,3.5,0
flow_2012.6,25.0,3.0,0
flow_00.11,24.0,3.5,0
flow_00.12,22.5,2.5,0
flow_101.25,78.5,3.5,0
flow_301.12,37.0,3.5,0
flow_101.26,80.0,3.5,0
flow_1012.16,76.0,3.5,0
flow_101.27,77.0,3.5,0
flow_1012.17,75.0,3.5,0
flow_10.21,72.5,3.0,0
flow_1012.18,70.0,3.0,0
flow_101.28,69.5,2.5,0
flow_101.29,60.5,3.0,0
flow_1012.19,54.5,3.0,0
flow_10.22,52.0,2.5,0
flow_1012.20,38.5,3.0,0
flow_101.30,28.5,2.0,0
flow_10.23,24.5,2.0,0
flow_101.31,24.5,2.0,0
flow_201.9,65.5,3.5,0
flow_0012.13,78.0,6.5,0
flow_20.3,48.0,3.5,0
flow_00.13,75.0,3.5,0
flow_00.14,73.5,3.5,0
flow_00.15,68.0,3.0,0
flow_201.10,27.0,3.0,0
flow_001.37,67.5,3.0,0
flow_001.38,66.5,2.5,0
flow_001.39,65.5,3.0,0
flow_0012.14,63.0,3.0,0
flow_001.40,64.0,3.5,0
flow_001.41,62.5,3.0,0
flow_001.42,61.0,3.0,0
flow_00.16,30.0,3.0,0
flow_001.43,60.0,4.0,0
flow_30.9,69.0,4.0,0
flow_101.32,68.0,3.5,0
flow_3012.7,67.0,4.0,0
flow_301.13,64.0,2.5,0
flow_101.33,61.0,7.0,0
flow_3012.8,64.0,4.0,0
flow_3012.9,63.0,4.0,0
flow_301.14,55.0,2.5,0
flow_101.34,63.0,3.5,0
flow_3012.10,46.0,4.5,0
flow_3012.11,43.0,4.0,0
flow_301.15,40.0,2.5,0
flow_10.24,22.5,2.0,0
flow_101.35,26.0,2.5,0
flow_0012.15,79.0,4.5,0
flow_20.4,74.5,5.5,0
flow_001.44,78.5,3.0,0
flow_001.45,77.5,3.0,0
flow_001.46,77.0,3.0,0
flow_001.47,75.5,3.0,0
flow_201.11,25.5,2.5,0
flow_0012.16,75.0,5.0,0
flow_00.17,68.5,3.0,0
flow_001.48,73.5,3.0,0
flow_0012.17,68.5,3.0,0
flow_001.49,66.5,2.5,0
flow_00.18,62.5,2.5,0
flow_0012.18,62.0,2.5,0
flow_00.19,28.0,2.0,0
flow_00.20,26.0,2.5,0
flow_0012.19,26.0,3.5,0
flow_101.36,70.0,3.5,0
flow_301.16,70.0,4.0,0
flow_10.25,60.0,3.0,0
flow_30.10,63.5,3.0,0
flow_30.11,55.5,3.0,0
flow_3012.12,35.0,3.0,0
flow_1012.21,62.0,6.0,0
flow_301.17,35.5,2.5,0
flow_101.37,54.0,3.5,0
flow_10.26,40.5,3.0,0
flow_101.38,45.0,3.5,0
flow_101.39,40.5,2.5,0
flow_10.27,37.0,2.5,0
flow_10.28,37.0,2.5,0
flow_10.29,33.5,2.5,0
flow_301.18,25.0,2.5,0
flow_101.40,29.0,2.5,0
flow_101.41,26.0,3.0,0
flow_2012.7,65.0,4.5,0
flow_001.50,76.0,7.5,0
flow_2012.8,41.5,5.5,0
flow_0012.20,76.5,4.5,0
flow_0012.21,75.0,4.0,0
flow_001.51,63.0,3.5,0
flow_001.52,61.5,3.0,0
flow_001.53,60.0,3.0,0
flow_001.54,59.5,3.0,0
flow_001.55,56.0,3.5,0
flow_00.21,51.5,3.0,0
flow_0012.22,51.0,3.5,0
flow_001.56,43.5,2.0,0
flow_001.57,33.0,3.0,0
flow_0012.23,29.5,3.0,0
flow_30.12,41.0,4.0,0
flow_101.42,76.5,4.0,0
flow_1012.22,74.5,4.0,0
flow_10.30,73.5,3.0,0
flow_1012.23,72.5,3.5,0
flow_101.43,71.0,2.5,0
flow_3012.13,25.0,3.5,0
flow_10.31,70.5,5.0,0
flow_101.44,60.0,3.0,0
flow_10.32,41.0,2.5,0
flow_101.45,41.5,3.0,0
flow_101.46,37.5,3.5,0
flow_101.47,36.0,3.5,0
flow_1012.24,30.5,3.5,0
flow_30.13,23.0,2.0,0
flow_001.58,70.0,3.5,0
flow_201.12,68.5,3.5,0
flow_2012.9,62.0,4.0,0
flow_201.13,36.5,2.5,0
flow_001.59,74.0,7.0,0
flow_001.60,73.0,3.0,0
flow_00.22,70.5,3.0,0
flow_00.23,69.0,3.0,0
flow_00.24,67.0,3.0,0
flow_001.61,67.0,3.0,0
flow_001.62,66.5,3.0,0
flow_00.25,62.5,2.5,0
flow_001.63,62.5,2.5,0
flow_0012.24,58.5,3.5,0
flow_0012.25,55.5,4.0,0
flow_0012.26,35.5,4.5,0
flow_10.33,68.5,4.0,0
flow_301.19,66.0,3.5,0
flow_10.34,64.5,3.0,0
flow_301.20,59.5,3.0,0
flow_1012.25,64.5,3.5,0
flow_3012.14,38.0,3.5,0
flow_301.21,37.0,3.0,0
flow_101.48,64.5,3.0,0
flow_301.22,36.5,3.0,0
flow_1012.26,60.0,6.0,0
flow_1012.27,56.5,4.5,0
flow_1012.28,44.5,4.5,0
flow_10.35,36.0,3.0,0
flow_301.23,44.0,4.0,0
flow_101.49,36.0,3.0,0
flow_3012.15,35.0,4.0,0
flow_1012.29,35.0,3.5,0
flow_3012.16,34.5,4.0,0
flow_301.24,32.0,2.5,0
flow_30.14,22.0,2.0,0
flow_101.50,37.5,4.0,0
flow_10.36,34.5,3.0,0
flow_20.5,67.0,4.0,0
flow_001.64,70.0,3.5,0
flow_00.26,66.5,3.0,0
flow_201.14,62.5,3.0,0
flow_2012.10,55.5,3.5,0
flow_0012.27,65.0,4.0,0
flow_20.6,51.0,2.5,0
flow_001.65,57.5,3.0,0
flow_20.7,48.0,2.5,0
flow_001.66,56.0,3.0,0
flow_001.67,54.0,3.0,0
flow_001.68,49.0,3.0,0
flow_0012.28,48.5,4.0,0
flow_0012.29,45.5,4.0,0
flow_001.69,41.0,2.5,0
flow_001.70,37.5,2.5,0
flow_0012.30,36.5,3.5,0
flow_001.71,33.0,3.0,0
flow_201.15,26.0,3.0,0
flow_1012.30,83.0,4.5,0
flow_10.37,79.5,3.0,0
flow_30.15,54.0,6.5,0
flow_10.38,77.5,3.0,0
flow_301.25,53.0,3.5,0
flow_101.51,68.5,2.5,0
flow_10.39,66.5,2.5,0
flow_1012.31,65.0,3.0,0
flow_10.40,55.0,2.5,0
flow_101.52,52.0,3.0,0
flow_1012.32,46.5,3.5,0
flow_3012.17,24.5,3.0,0
flow_101.53,45.0,5.5,0
flow_101.54,43.0,3.0,0
flow_1012.33,40.5,3.0,0
flow_101.55,33.5,3.0,0
flow_2012.11,40.0,4.0,0
flow_0012.31,69.5,4.5,0
flow_001.72,69.5,3.5,0
flow_0012.32,57.5,3.5,0
flow_001.73,56.0,2.5,0
flow_00.27,53.0,2.5,0
flow_00.28,52.5,2.5,0
flow_00.29,51.0,2.5,0
flow_20.8,20.5,1.5,0
flow_001.74,48.5,2.5,0
flow_001.75,42.0,3.0,0
flow_0012.33,41.0,4.0,0
flow_001.76,27.0,3.0,0
flow_3012.18,72.5,4.0,0
flow_101.56,83.0,7.0,0
flow_301.26,72.5,3.0,0
flow_30.16,59.5,3.0,0
flow_3012.19,66.0,4.5,0
flow_101.57,83.5,4.5,0
flow_301.27,48.0,2.0,0
flow_30.17,41.5,2.0,0
flow_101.58,83.0,3.0,0
flow_3012.20,42.5,3.5,0
flow_30.18,20.5,1.5,0
flow_101.59,85.5,6.5,0
flow_10.41,69.5,3.0,0
flow_101.60,69.5,3.0,0
flow_3012.21,25.5,3.5,0
flow_10.42,70.0,6.0,0
flow_101.61,69.5,3.5,0
flow_10.43,67.0,3.0,0
flow_0012.34,69.0,4.5,0
flow_00.30,31.5,3.0,0
flow_20.9,71.0,7.0,0
flow_0012.35,31.5,3.0,0
flow_00.31,26.5,2.5,0
flow_001.77,27.5,3.0,0
flow_0012.36,25.0,3.0,0
flow_00.32,22.0,2.0,0
flow_00.33,21.5,2.0,0
flow_0012.37,25.0,3.0,0
flow_001.78,25.0,2.5,0
flow_30.19,49.0,4.0,0
flow_101.62,114.0,3.5,0
flow_101.63,115.0,3.5,0
flow_1012.34,113.0,4.0,0
flow_1012.35,92.0,4.0,0
flow_10.44,84.5,2.5,0
flow_30.20,22.0,2.0,0
flow_101.64,82.5,2.0,0
flow_101.65,81.5,3.0,0
flow_101.66,80.0,3.0,0
flow_3012.22,26.0,4.0,0
flow_301.28,24.5,2.0,0
flow_101.67,83.0,7.0,0
flow_101.68,81.5,3.5,0
flow_1012.36,80.0,4.0,0
flow_10.45,75.5,2.5,0
flow_301.29,28.5,4.0,0
flow_101.69,34.5,2.5,0
flow_00.34,63.5,4.0,0
flow_001.79,48.0,3.0,0
flow_0012.38,27.0,3.0,0
flow_0012.39,28.5,4.5,0
flow_001.80,26.0,2.5,0
flow_001.81,23.5,2.0,0
flow_30.21,61.5,4.0,0
flow_001.0,25.0,2.5,0
flow_001.1,24.5,2.0,0
flow_201.0,25.0,2.5,0
flow_001.2,24.5,2.5,0
flow_2012.0,25.0,3.0,0
flow_001.3,29.0,6.0,0
flow_30.0,51.5,4.0,0
flow_1012.0,56.0,7.5,0
flow_30.1,36.0,5.0,0
flow_101.0,51.5,3.5,0
flow_101.1,49.5,3.0,0
flow_10.0,47.5,3.0,0
flow_10.1,45.5,3.0,0
flow_10.2,44.0,2.5,0
flow_10.3,28.0,2.5,0
flow_30.2,22.0,2.0,0
flow_1012.1,25.5,3.5,0
flow_30.3,22.0,2.0,0
flow_101.2,26.5,2.5,0
flow_101.3,27.0,3.0,0
flow_00.0,72.5,4.0,0
flow_201.1,73.5,3.5,0
flow_0012.0,73.0,3.5,0
flow_2012.1,70.0,3.5,0
flow_00.1,70.5,3.0,0
flow_201.2,69.5,3.0,0
flow_2012.2,64.0,3.5,0
flow_0012.1,71.0,3.5,0
flow_0012.2,71.0,4.0,0
flow_00.2,62.0,2.5,0
flow_001.4,67.0,3.5,0
flow_201.3,61.0,4.5,0
flow_20.0,50.5,3.0,0
flow_001.5,62.5,2.5,0
flow_2012.3,50.5,4.0,0
flow_20.1,34.0,3.0,0
flow_00.3,53.5,3.0,0
flow_001.6,62.5,4.0,0
flow_0012.3,45.5,3.5,0
flow_001.7,34.5,2.5,0
flow_0012.4,27.0,3.0,0
flow_101.4,72.0,3.5,0
flow_301.0,73.5,3.5,0
flow_3012.0,57.0,3.5,0
flow_1012.2,72.0,4.0,0
flow_10.4,69.0,3.0,0
flow_301.1,29.5,3.0,0
flow_10.5,67.5,2.5,0
flow_101.5,66.0,3.0,0
flow_101.6,62.0,3.0,0
flow_1012.3,58.5,3.0,0
flow_3012.1,28.5,5.0,0
flow_1012.4,59.5,4.0,0
flow_30.4,28.5,6.0,0
flow_101.7,58.0,3.0,0
flow_101.8,57.0,3.5,0
flow_101.9,55.5,3.5,0
flow_1012.5,52.0,3.0,0
flow_1012.6,31.5,3.5,0
flow_10.6,26.0,3.0,0
flow_201.4,69.5,3.5,0
flow_0012.5,76.5,6.5,0
flow_2012.4,60.0,3.5,0
flow_0012.6,72.0,4.5,0
flow_2012.5,34.5,3.5,0
flow_00.4,60.5,3.5,0
flow_20.2,32.0,2.5,0
flow_201.5,32.0,2.5,0
flow_0012.7,57.0,6.0,0
flow_001.8,49.5,2.5,0
flow_001.9,50.0,3.0,0
flow_001.10,48.5,3.5,0
flow_00.5,45.0,2.5,0
flow_001.11,47.0,3.0,0
flow_0012.8,43.5,3.5,0
flow_001.12,42.0,2.5,0
flow_00.6,39.0,2.5,0
flow_101.10,76.0,3.5,0
flow_301.2,72.5,3.5,0
flow_301.3,72.5,3.0,0
flow_101.11,71.5,3.5,0
flow_30.5,67.5,3.0,0
flow_10.7,53.0,3.0,0
flow_30.6,63.0,3.0,0
flow_101.12,51.0,3.0,0
flow_1012.7,49.0,3.0,0
flow_10.8,44.5,2.5,0
flow_301.4,35.5,6.0,0
flow_1012.8,45.0,4.5,0
flow_30.7,32.5,6.0,0
flow_101.13,42.5,3.0,0
flow_10.9,39.5,2.5,0
flow_101.14,38.5,2.5,0
flow_301.5,24.5,2.0,0
flow_101.15,36.0,3.0,0
flow_1012.9,34.5,4.0,0
flow_10.10,27.0,2.5,0
flow_101.16,32.5,3.5,0
flow_301.6,25.5,2.5,0
flow_201.6,68.0,3.5,0
flow_001.13,86.5,4.0,0
flow_2012.6,67.0,4.5,0
flow_00.7,85.0,6.5,0
flow_201.7,42.0,3.0,0
flow_00.8,82.5,4.5,0
flow_0012.9,81.5,4.0,0
flow_001.14,79.0,2.5,0
flow_001.15,78.5,3.0,0
flow_00.9,75.0,2.5,0
flow_00.10,73.5,2.5,0
flow_201.8,25.5,2.5,0
flow_001.16,73.5,2.5,0
flow_00.11,71.0,2.5,0
flow_201.9,25.0,2.5,0
flow_001.17,69.5,2.5,0
flow_00.12,67.0,2.5,0
flow_001.18,32.0,2.5,0
flow_001.19,30.0,3.0,0
flow_3012.2,72.0,4.0,0
flow_1012.10,76.0,4.5,0
flow_30.8,71.5,3.0,0
flow_101.17,75.0,3.0,0
flow_10.11,72.5,3.0,0
flow_301.7,72.5,3.5,0
flow_101.18,73.0,3.0,0
flow_3012.3,63.5,5.5,0
flow_30.9,46.0,3.0,0
flow_101.19,75.0,4.0,0
flow_10.12,71.5,3.0,0
flow_301.8,46.0,3.0,0
flow_3012.4,44.0,4.5,0
flow_101.20,75.5,4.0,0
flow_10.13,56.5,3.5,0
flow_10.14,41.5,3.0,0
flow_101.21,39.5,2.5,0
flow_101.22,30.0,3.0,0
flow_001.20,75.0,3.5,0
flow_201.10,64.5,3.5,0
flow_20.3,63.0,3.0,0
flow_001.21,74.5,3.0,0
flow_2012.7,63.0,4.0,0
flow_201.11,61.0,2.5,0
flow_001.22,76.5,6.5,0
flow_2012.8,61.0,4.0,0
flow_0012.10,76.0,4.0,0
flow_2012.9,53.0,4.5,0
flow_201.12,25.0,2.5,0
flow_001.23,79.0,4.0,0
flow_0012.11,76.5,3.5,0
flow_001.24,74.5,3.0,0
flow_0012.12,72.5,3.0,0
flow_001.25,71.5,2.5,0
flow_00.13,67.5,2.5,0
flow_0012.13,68.0,3.0,0
flow_2012.10,28.0,5.0,0
flow_0012.14,66.5,3.5,0
flow_10.15,44.5,4.0,0
flow_301.9,70.0,3.5,0
flow_101.23,32.0,3.0,0
flow_3012.5,71.5,4.5,0
flow_30.10,68.5,4.0,0
flow_10.16,26.0,2.5,0
flow_1012.11,30.5,4.0,0
flow_10.17,25.0,2.5,0
flow_301.10,69.0,3.0,0
flow_301.11,69.0,3.5,0
flow_30.11,66.5,4.5,0
flow_1012.12,29.0,5.0,0
flow_301.12,56.0,2.5,0
flow_301.13,56.5,3.5,0
flow_3012.6,55.0,4.0,0
flow_30.12,40.5,3.0,0
flow_1012.13,26.0,3.5,0
flow_30.13,39.0,2.5,0
flow_1012.14,29.5,6.5,0
flow_201.13,45.0,3.5,0
flow_0012.15,88.0,6.5,0
flow_2012.11,36.5,4.0,0
flow_00.14,83.5,4.5,0
flow_2012.12,30.0,6.5,0
flow_001.26,89.0,3.5,0
flow_201.14,26.0,3.0,0
flow_0012.16,88.0,5.0,0
flow_0012.17,86.0,4.5,0
flow_001.27,83.5,2.5,0
flow_00.15,79.5,2.5,0
flow_0012.18,80.0,3.5,0
flow_001.28,80.0,3.0,0
flow_001.29,78.5,3.5,0
flow_001.30,77.5,3.5,0
flow_101.24,59.0,3.5,0
flow_301.14,92.0,3.5,0
flow_301.15,83.5,3.0,0
flow_101.25,59.5,3.0,0
flow_30.14,72.5,3.0,0
flow_101.26,58.0,3.0,0
flow_10.18,34.0,2.5,0
flow_301.16,73.5,2.5,0
flow_1012.15,30.5,3.5,0
flow_10.19,27.5,2.5,0
flow_10.20,26.5,3.0,0
flow_301.17,77.0,6.0,0
flow_301.18,75.5,3.5,0
flow_101.27,25.5,2.5,0
flow_301.19,50.0,3.0,0
flow_301.20,49.0,3.5,0
flow_101.28,27.5,3.0,0
flow_30.15,46.0,3.0,0
flow_30.16,44.5,3.0,0
flow_3012.7,42.5,3.0,0
flow_3012.8,38.0,4.0,0
flow_201.15,70.0,3.5,0
flow_001.31,123.0,3.5,0
flow_001.32,88.5,3.5,0
flow_201.16,71.0,3.5,0
flow_001.33,84.0,3.5,0
flow_201.17,67.5,4.0,0
flow_0012.19,81.5,4.0,0
flow_2012.13,66.0,4.5,0
flow_2012.14,64.5,4.0,0
flow_2012.15,54.5,4.0,0
flow_201.18,37.5,2.5,0
flow_001.34,86.0,4.0,0
flow_201.19,32.0,3.0,0
flow_001.35,85.5,3.5,0
flow_201.20,25.5,2.5,0
flow_001.36,84.0,3.0,0
flow_001.37,83.0,3.5,0
flow_2012.16,28.0,5.0,0
flow_0012.20,82.0,3.5,0
flow_001.38,80.0,3.0,0
flow_001.39,79.5,3.5,0
flow_101.29,68.5,3.5,0
flow_301.21,74.5,4.0,0
flow_301.22,72.0,3.5,0
flow_101.30,69.0,3.5,0
flow_10.21,57.0,3.0,0
flow_3012.9,71.5,7.0,0
flow_30.17,68.5,3.5,0
flow_101.31,62.0,3.0,0
flow_1012.16,50.0,3.5,0
flow_3012.10,62.5,4.5,0
flow_101.32,49.5,3.0,0
flow_301.23,62.0,3.0,0
flow_101.33,48.5,3.5,0
flow_301.24,27.5,3.0,0
flow_1012.17,47.5,4.0,0
flow_1012.18,39.5,4.0,0
flow_1012.19,24.5,3.0,0
flow_301.25,29.0,3.5,0
flow_20.4,67.0,4.0,0
flow_001.40,124.0,3.5,0
flow_20.5,35.0,3.0,0
flow_001.41,89.0,3.0,0
flow_00.16,84.5,3.0,0
flow_201.21,35.0,3.0,0
flow_2012.17,27.0,3.0,0
flow_0012.21,86.5,4.0,0
flow_001.42,82.5,3.0,0
flow_0012.22,79.5,3.5,0
flow_001.43,77.5,2.5,0
flow_0012.23,75.0,3.0,0
flow_001.44,73.5,2.5,0
flow_00.17,70.0,2.5,0
flow_201.22,27.5,5.0,0
flow_001.45,70.5,2.5,0
flow_00.18,66.5,2.5,0
flow_201.23,25.5,2.5,0
flow_0012.24,32.0,5.0,0
flow_001.46,28.0,2.5,0
flow_301.26,65.5,3.5,0
flow_1012.20,67.0,6.5,0
flow_10.22,63.0,3.5,0
flow_30.18,65.5,3.5,0
flow_101.34,63.5,3.0,0
flow_3012.11,68.5,4.5,0
flow_30.19,60.5,3.0,0
flow_3012.12,67.5,4.5,0
flow_101.35,68.0,4.0,0
flow_30.20,53.5,3.0,0
flow_301.27,41.5,2.0,0
flow_3012.13,41.0,3.0,0
flow_1012.21,70.5,5.5,0
flow_1012.22,68.5,4.0,0
flow_1012.23,60.5,4.5,0
flow_101.36,55.5,3.0,0
flow_10.23,46.5,2.5,0
flow_301.28,47.5,4.0,0
flow_30.21,43.5,3.0,0
flow_101.37,47.0,2.5,0
flow_301.29,44.0,2.5,0
flow_101.38,46.0,3.0,0
flow_00.19,74.0,4.0,0
flow_201.24,60.0,3.5,0
flow_201.25,46.5,3.0,0
flow_001.47,75.5,3.0,0
flow_0012.25,74.5,4.0,0
flow_2012.18,30.0,3.5,0
flow_0012.26,72.5,3.5,0
flow_2012.19,26.5,3.5,0
flow_0012.27,71.0,4.0,0
flow_0012.28,69.5,4.0,0
flow_0012.29,69.0,4.0,0
flow_001.48,69.0,3.5,0
flow_201.26,35.0,7.0,0
flow_001.49,67.0,3.5,0
flow_0012.30,64.5,3.5,0
flow_001.50,63.5,3.0,0
flow_201.27,27.0,3.0,0
flow_0012.31,62.5,4.5,0
flow_001.51,31.0,2.5,0
flow_00.20,27.0,2.5,0
flow_201.28,29.5,3.5,0
flow_10.24,91.5,4.0,0
flow_301.30,88.5,3.5,0
flow_30.22,82.0,3.0,0
flow_101.39,89.0,3.5,0
flow_3012.14,83.5,4.0,0
flow_1012.24,87.5,4.0,0
flow_1012.25,84.5,4.5,0
flow_30.23,69.5,6.5,0
flow_1012.26,84.5,7.0,0
flow_10.25,80.5,3.5,0
flow_301.31,64.5,3.5,0
flow_101.40,82.0,3.0,0
flow_3012.15,65.5,4.5,0
flow_301.32,63.5,3.0,0
flow_101.41,84.5,4.0,0
flow_1012.27,83.0,4.0,0
flow_101.42,79.5,2.5,0
flow_101.43,76.5,3.0,0
flow_2012.20,72.0,5.0,0
flow_001.52,81.5,8.0,0
flow_0012.32,79.0,3.5,0
flow_2012.21,71.0,6.0,0
flow_2012.22,61.5,5.0,0
flow_0012.33,78.5,4.0,0
flow_20.6,43.5,4.5,0
flow_001.53,77.5,3.0,0
flow_2012.23,43.5,4.0,0
flow_0012.34,76.5,3.5,0
flow_0012.35,75.0,4.0,0
flow_0012.36,73.5,4.5,0
flow_001.54,71.5,3.0,0
flow_201.29,49.5,4.5,0
flow_001.55,70.5,3.0,0
flow_2012.24,49.0,4.5,0
flow_20.7,25.0,2.5,0
flow_001.56,72.5,4.0,0
flow_001.57,71.0,3.5,0
flow_101.44,120.0,3.5,0
flow_301.33,74.5,3.5,0
flow_10.26,86.5,3.0,0
flow_30.24,71.0,3.0,0
flow_30.25,69.5,3.0,0
flow_10.27,86.0,3.0,0
flow_10.28,83.5,3.0,0
flow_301.34,63.0,2.5,0
flow_101.45,83.0,2.5,0
flow_10.29,82.0,3.5,0
flow_3012.16,63.5,5.5,0
flow_301.35,55.5,3.0,0
flow_30.26,44.5,2.5,0
flow_101.46,81.5,2.5,0
flow_301.36,40.0,2.5,0
flow_30.27,33.5,2.5,0
flow_10.30,76.5,2.5,0
flow_101.47,81.0,3.5,0
flow_101.48,76.0,2.5,0
flow_101.49,75.5,3.0,0
flow_10.31,59.0,2.5,0
flow_1012.28,31.5,3.0,0
flow_1012.29,29.0,4.0,0
flow_00.21,116.5,4.0,0
flow_20.8,58.0,4.0,0
flow_20.9,50.0,3.0,0
flow_001.58,85.5,3.0,0
flow_201.30,52.0,3.5,0
flow_2012.25,48.5,3.5,0
flow_0012.37,87.5,6.5,0
flow_2012.26,45.0,3.5,0
flow_201.31,35.0,3.0,0
flow_001.59,88.0,4.0,0
flow_2012.27,27.5,4.0,0
flow_00.22,87.0,4.5,0
flow_001.60,87.5,3.0,0
flow_00.23,81.5,3.0,0
flow_001.61,86.5,3.0,0
flow_00.24,80.5,3.0,0
flow_201.32,24.5,2.5,0
flow_001.62,80.0,2.5,0
flow_001.63,79.0,3.0,0
flow_201.33,26.0,2.5,0
flow_10.32,74.0,4.0,0
flow_30.28,68.5,4.0,0
flow_101.50,75.5,3.0,0
flow_30.29,39.0,3.5,0
flow_3012.17,48.5,5.0,0
flow_101.51,77.5,3.5,0
flow_10.33,74.0,3.0,0
flow_301.37,37.5,3.0,0
flow_3012.18,36.5,4.5,0
flow_10.34,76.0,6.0,0
flow_301.38,36.0,3.0,0
flow_101.52,74.5,3.0,0
flow_3012.19,35.0,4.5,0
flow_30.30,23.5,2.5,0
flow_10.35,73.5,3.5,0
flow_10.36,72.0,3.0,0
flow_301.39,26.0,2.5,0
flow_101.53,72.0,2.5,0
flow_101.54,71.0,3.0,0
flow_301.40,26.0,2.5,0
flow_1012.30,70.0,4.0,0
flow_1012.31,69.0,4.0,0
flow_20.10,71.0,4.0,0
flow_00.25,125.5,4.0,0
flow_001.64,88.0,3.0,0
flow_2012.28,72.0,5.0,0
flow_2012.29,70.5,4.0,0
flow_201.34,43.5,2.5,0
flow_001.65,91.5,4.0,0
flow_00.26,88.0,3.0,0
flow_201.35,32.5,3.0,0
flow_2012.30,32.5,5.5,0
flow_201.36,31.0,3.0,0
flow_001.66,91.5,3.0,0
flow_00.27,88.5,3.0,0
flow_001.67,88.0,2.5,0
flow_001.68,87.5,3.0,0
flow_001.69,86.0,3.0,0
flow_20.11,21.5,2.0,0
flow_001.70,85.0,3.5,0
flow_3012.20,72.5,4.0,0
flow_101.55,88.5,7.0,0
flow_301.41,73.0,3.0,0
flow_3012.21,73.0,4.0,0
flow_30.31,66.0,3.0,0
flow_10.37,87.5,6.0,0
flow_1012.32,86.0,5.0,0
flow_10.38,83.0,3.0,0
flow_301.42,52.5,3.5,0
flow_101.56,83.5,3.0,0
flow_10.39,82.0,4.0,0
flow_3012.22,43.5,4.5,0
flow_30.32,39.5,3.0,0
flow_30.33,38.5,2.5,0
flow_10.40,81.5,3.5,0
flow_10.41,79.5,2.5,0
flow_30.34,37.5,2.5,0
flow_101.57,78.5,2.5,0
flow_301.43,38.5,3.0,0
flow_1012.33,79.0,4.5,0
flow_101.58,76.0,2.5,0
flow_301.44,28.5,3.5,0
flow_101.59,74.0,3.0,0
flow_001.71,130.5,3.5,0
flow_20.12,70.0,4.0,0
flow_2012.31,65.0,4.0,0
flow_00.28,132.0,6.0,0
flow_201.37,57.0,3.0,0
flow_001.72,93.0,3.5,0
flow_20.13,21.5,2.0,0
flow_001.73,90.0,3.5,0
flow_00.29,83.5,2.5,0
flow_0012.38,83.5,4.0,0
flow_001.74,81.5,3.0,0
flow_001.75,80.0,3.0,0
flow_001.76,78.0,3.5,0
flow_001.77,77.0,3.5,0
flow_001.78,76.0,3.0,0
flow_00.30,71.0,2.5,0
flow_20.14,21.5,2.0,0
flow_001.79,33.0,2.5,0
flow_3012.23,76.0,4.5,0
flow_101.60,86.0,7.0,0
flow_3012.24,41.5,5.0,0
flow_301.45,29.5,3.0,0
flow_101.61,85.5,3.5,0
flow_10.42,81.5,3.0,0
flow_101.62,83.0,3.0,0
flow_101.63,81.5,3.5,0
flow_10.43,78.0,2.5,0
flow_101.64,77.5,2.5,0
flow_1012.34,75.5,3.0,0
flow_1012.35,76.0,4.0,0
flow_1012.36,75.0,4.5,0
flow_10.44,71.0,3.0,0
flow_10.45,69.0,3.0,0
flow_201.38,70.0,3.5,0
flow_001.80,80.5,4.0,0
flow_00.31,77.0,3.0,0
flow_20.15,36.5,3.0,0
flow_201.39,27.0,2.5,0
flow_001.81,77.5,3.0,0
flow_0012.39,76.5,3.5,0
flow_001.82,74.0,3.0,0
flow_001.83,74.0,3.0,0
flow_001.84,73.0,3.0,0
flow_0012.40,70.5,3.5,0
flow_00.32,66.5,2.5,0
flow_00.33,66.0,2.5,0
flow_201.40,27.5,3.0,0
flow_20.16,25.0,2.5,0
flow_00.34,64.5,2.5,0
flow_00.35,62.5,2.5,0
flow_20.17,25.5,2.5,0
flow_0012.41,32.0,4.5,0
flow_001.85,29.5,3.0,0
flow_10.46,81.0,4.0,0
flow_301.46,64.5,3.5,0
flow_00.0,20.5,1.5,0
flow_201.0,25.5,2.5,0
flow_201.1,24.5,2.0,0
flow_001.0,29.5,3.5,0
flow_0012.0,25.5,3.0,0
flow_00.1,22.5,2.0,0
flow_2012.0,29.5,6.0,0
flow_201.2,27.5,3.0,0
flow_2012.1,25.5,3.0,0
flow_2012.2,26.5,3.5,0
flow_301.0,43.5,3.5,0
flow_10.0,20.5,1.5,0
flow_3012.0,22.5,2.5,0
flow_101.0,25.0,2.5,0
flow_301.1,27.0,3.0,0
flow_1012.0,25.5,3.5,0
flow_2012.3,71.0,4.5,0
flow_00.2,58.0,6.5,0
flow_201.3,70.5,3.0,0
flow_0012.1,49.0,5.0,0
flow_001.1,35.0,3.0,0
flow_201.4,71.0,3.5,0
flow_001.2,34.5,3.0,0
flow_201.5,67.0,3.0,0
flow_001.3,32.5,3.5,0
flow_201.6,66.0,3.5,0
flow_20.0,62.0,2.5,0
flow_001.4,25.0,2.5,0
flow_201.7,57.0,3.0,0
flow_201.8,55.5,3.0,0
flow_001.5,26.0,3.0,0
flow_2012.4,39.5,4.5,0
flow_201.9,36.0,2.5,0
flow_2012.5,36.0,3.5,0
flow_2012.6,34.0,4.0,0
flow_00.3,25.5,4.0,0
flow_201.10,28.0,2.5,0
flow_10.1,71.0,4.0,0
flow_30.0,71.5,4.0,0
flow_10.2,51.5,3.0,0
flow_301.2,72.0,3.0,0
flow_10.3,51.5,3.0,0
flow_301.3,72.5,3.5,0
flow_10.4,39.0,3.0,0
flow_301.4,63.5,3.5,0
flow_30.1,43.5,5.5,0
flow_1012.1,33.0,4.5,0
flow_301.5,43.0,3.5,0
flow_30.2,25.0,2.5,0
flow_3012.1,25.5,3.0,0
flow_1012.2,24.5,3.0,0
flow_20.1,74.0,4.0,0
flow_001.6,57.0,4.0,0
flow_2012.7,76.0,4.0,0
flow_20.2,72.0,3.0,0
flow_00.4,53.0,6.5,0
flow_001.7,44.0,3.5,0
flow_201.11,71.0,3.0,0
flow_001.8,29.5,3.5,0
flow_201.12,64.5,3.0,0
flow_201.13,57.5,3.0,0
flow_001.9,27.0,3.0,0
flow_2012.8,47.0,4.0,0
flow_00.5,26.5,5.0,0
flow_2012.9,44.5,6.5,0
flow_00.6,29.5,6.5,0
flow_20.3,22.5,2.0,0
flow_00.7,21.5,2.0,0
flow_101.1,72.0,3.5,0
flow_301.6,68.5,3.5,0
flow_1012.3,70.5,3.5,0
flow_3012.2,62.5,3.5,0
flow_3012.3,33.5,4.0,0
flow_10.5,72.0,6.0,0
flow_101.2,71.5,3.5,0
flow_10.6,60.5,3.0,0
flow_301.7,27.0,3.0,0
flow_30.3,23.0,2.0,0
flow_10.7,58.0,2.5,0
flow_10.8,35.5,2.5,0
flow_10.9,29.0,2.5,0
flow_10.10,21.0,2.0,0
flow_10.11,21.0,1.5,0
flow_301.8,25.5,2.5,0
flow_001.10,73.5,3.5,0
flow_201.14,72.5,3.5,0
flow_20.4,69.5,3.0,0
flow_001.11,73.5,3.0,0
flow_00.8,70.0,3.0,0
flow_201.15,68.0,3.5,0
flow_001.12,69.5,2.5,0
flow_20.5,41.5,3.0,0
flow_201.16,46.0,3.5,0
flow_001.13,69.0,3.0,0
flow_201.17,42.5,3.0,0
flow_20.6,41.5,3.5,0
flow_0012.2,71.5,5.0,0
flow_001.14,69.0,3.0,0
flow_001.15,51.5,3.5,0
flow_2012.10,45.0,6.0,0
flow_00.9,46.0,3.5,0
flow_201.18,41.5,3.0,0
flow_2012.11,41.0,4.0,0
flow_0012.3,47.0,4.0,0
flow_201.19,40.5,3.0,0
flow_00.10,42.5,3.0,0
flow_001.16,48.5,4.0,0
flow_201.20,39.0,3.0,0
flow_3012.4,61.5,4.5,0
flow_101.3,55.0,7.5,0
flow_301.9,54.5,3.0,0
flow_10.12,47.5,3.5,0
flow_301.10,34.0,3.0,0
flow_301.11,32.0,3.0,0
flow_1012.4,51.0,5.0,0
flow_301.12,25.5,2.5,0
flow_3012.5,23.5,2.5,0
flow_301.13,27.0,3.0,0
flow_30.4,23.5,2.0,0
flow_30.5,24.0,2.0,0
flow_30.6,22.0,1.5,0
flow_0012.4,86.0,4.5,0
flow_201.21,88.5,7.5,0
flow_0012.5,86.5,5.0,0
flow_2012.12,87.5,4.0,0
flow_201.22,85.5,2.5,0
flow_001.17,87.0,3.5,0
flow_201.23,85.5,3.5,0
flow_20.7,81.5,2.5,0
flow_001.18,86.0,3.0,0
flow_20.8,80.0,2.5,0
flow_001.19,79.0,3.5,0
flow_0012.6,74.0,4.0,0
flow_001.20,46.0,2.5,0
flow_201.24,83.5,6.0,0
flow_0012.7,45.0,4.5,0
flow_001.21,33.0,3.0,0
flow_201.25,68.5,4.0,0
flow_00.11,30.5,2.5,0
flow_001.22,29.0,2.5,0
flow_201.26,63.5,3.0,0
flow_2012.13,62.0,3.5,0
flow_001.23,31.5,6.0,0
flow_101.4,32.0,3.5,0
flow_3012.6,75.5,5.5,0
flow_30.7,38.5,3.0,0
flow_30.8,37.0,3.0,0
flow_3012.7,28.5,3.5,0
flow_1012.5,23.0,2.5,0
flow_101.5,25.5,2.5,0
flow_301.14,27.5,3.0,0
flow_1012.6,26.0,3.5,0
flow_10.13,21.5,2.0,0
flow_30.9,22.0,2.0,0
flow_2012.14,109.5,4.5,0
flow_001.24,79.0,7.0,0
flow_201.27,110.0,3.5,0
flow_20.9,87.5,3.0,0
flow_001.25,70.5,3.0,0
flow_201.28,86.5,3.0,0
flow_001.26,63.0,3.0,0
flow_2012.15,77.0,4.0,0
flow_201.29,72.0,3.0,0
flow_001.27,64.5,4.5,0
flow_201.30,64.5,3.0,0
flow_2012.16,62.5,4.0,0
flow_0012.8,63.5,4.5,0
flow_00.12,60.0,3.0,0
flow_2012.17,42.0,6.5,0
flow_2012.18,28.5,4.5,0
flow_201.31,25.5,2.5,0
flow_20.10,21.0,2.0,0
flow_001.28,68.5,4.0,0
flow_001.29,67.0,3.5,0
flow_301.15,69.5,3.5,0
flow_30.10,57.0,3.0,0
flow_301.16,57.5,3.0,0
flow_30.11,21.0,2.0,0
flow_1012.7,24.5,3.0,0
flow_10.14,21.0,1.5,0
flow_1012.8,23.5,3.0,0
flow_301.17,24.0,2.5,0
flow_00.13,113.0,4.0,0
flow_201.32,62.5,3.5,0
flow_001.30,103.5,3.0,0
flow_201.33,53.5,3.5,0
flow_001.31,92.5,3.0,0
flow_201.34,52.0,3.5,0
flow_20.11,49.0,3.0,0
flow_001.32,92.0,3.0,0
flow_20.12,47.5,3.0,0
flow_0012.9,93.0,6.0,0
flow_00.14,89.5,3.5,0
flow_201.35,32.5,2.5,0
flow_20.13,29.0,2.5,0
flow_001.33,79.0,3.5,0
flow_0012.10,71.0,6.0,0
flow_00.15,65.0,3.0,0
flow_0012.11,69.5,4.5,0
flow_00.16,64.0,3.0,0
flow_201.36,36.5,3.5,0
flow_001.34,65.0,3.5,0
flow_201.37,25.5,3.0,0
flow_30.12,71.0,4.0,0
flow_101.6,73.0,3.5,0
flow_10.15,70.0,3.0,0
flow_301.18,68.5,3.5,0
flow_101.7,68.5,3.0,0
flow_301.19,63.0,3.5,0
flow_1012.9,68.0,4.0,0
flow_301.20,49.0,7.0,0
flow_1012.10,70.0,5.5,0
flow_30.13,43.5,3.5,0
flow_101.8,66.5,3.0,0
flow_10.16,51.5,2.5,0
flow_30.14,36.5,3.0,0
flow_101.9,49.5,2.5,0
flow_1012.11,48.5,3.5,0
flow_101.10,48.5,3.0,0
flow_301.21,24.0,2.5,0
flow_101.11,42.5,3.0,0
flow_30.15,21.5,2.0,0
flow_101.12,42.0,3.5,0
flow_101.13,26.0,3.0,0
flow_001.35,85.0,3.5,0
flow_201.38,72.5,3.5,0
flow_201.39,71.5,3.0,0
flow_001.36,85.0,3.5,0
flow_00.17,80.5,3.0,0
flow_201.40,70.0,3.5,0
flow_001.37,81.5,3.0,0
flow_201.41,63.0,3.5,0
flow_00.18,78.5,2.5,0
flow_201.42,62.0,3.5,0
flow_0012.12,78.5,4.0,0
flow_001.38,76.0,3.0,0
flow_201.43,63.5,6.0,0
flow_0012.13,76.0,4.0,0
flow_2012.19,62.0,3.5,0
flow_2012.20,63.0,4.0,0
flow_2012.21,60.5,4.5,0
flow_2012.22,59.0,4.0,0
flow_20.14,54.0,2.5,0
flow_001.39,85.5,7.0,0
flow_201.44,47.0,3.0,0
flow_20.15,33.0,2.5,0
flow_001.40,84.5,3.0,0
flow_3012.8,72.5,4.5,0
flow_30.16,68.5,3.0,0
flow_101.14,76.0,7.0,0
flow_301.22,64.5,2.5,0
flow_101.15,70.0,3.5,0
flow_301.23,64.0,3.0,0
flow_1012.12,70.5,4.5,0
flow_1012.13,69.5,4.5,0
flow_10.17,66.0,3.0,0
flow_30.17,57.0,7.0,0
flow_3012.9,52.0,6.0,0
flow_30.18,42.0,3.5,0
flow_10.18,56.0,6.0,0
flow_101.16,54.0,3.5,0
flow_301.24,39.5,3.0,0
flow_30.19,34.5,3.0,0
flow_101.17,54.0,3.5,0
flow_101.18,51.0,3.5,0
flow_101.19,49.5,3.5,0
flow_101.20,40.5,3.5,0
flow_001.41,130.5,3.5,0
flow_201.45,80.0,3.5,0
flow_00.19,128.0,3.0,0
flow_20.16,77.5,3.0,0
flow_0012.14,92.0,3.5,0
flow_2012.23,78.0,3.5,0
flow_2012.24,77.5,4.0,0
flow_00.20,91.5,5.5,0
flow_201.46,75.5,3.0,0
flow_001.42,89.5,3.0,0
flow_201.47,74.5,3.0,0
flow_0012.15,89.5,4.5,0
flow_001.43,86.5,2.5,0
flow_201.48,76.5,4.0,0
flow_0012.16,87.5,4.5,0
flow_00.21,83.0,3.0,0
flow_201.49,78.0,4.0,0
flow_001.44,82.5,2.5,0
flow_201.50,77.0,3.0,0
flow_001.45,81.5,2.5,0
flow_201.51,77.0,3.0,0
flow_001.46,78.5,3.0,0
flow_201.52,75.5,3.5,0
flow_001.47,35.0,3.5,0
flow_101.21,79.5,3.5,0
flow_301.25,73.0,3.5,0
flow_30.20,61.0,3.0,0
flow_10.19,47.0,3.0,0
flow_301.26,57.5,3.0,0
flow_1012.14,50.5,5.5,0
flow_10.20,30.0,3.5,0
flow_301.27,59.5,3.5,0
flow_101.22,30.0,2.5,0
flow_30.21,56.5,3.0,0
flow_101.23,29.0,3.0,0
flow_10.21,26.0,2.5,0
flow_301.28,51.5,2.5,0
flow_301.29,51.0,3.0,0
flow_301.30,36.5,3.0,0
flow_101.24,26.5,2.5,0
flow_101.25,26.0,2.5,0
flow_301.31,27.0,3.0,0
flow_301.32,27.0,3.0,0
flow_101.26,26.0,3.0,0
flow_001.48,80.0,3.5,0
flow_201.53,121.5,3.5,0
flow_0012.17,80.0,4.0,0
flow_00.22,76.0,3.0,0
flow_201.54,93.0,7.0,0
flow_001.49,76.0,2.5,0
flow_201.55,90.5,3.0,0
flow_0012.18,76.0,4.0,0
flow_00.23,71.0,3.0,0
flow_0012.19,75.5,4.5,0
flow_201.56,95.5,4.5,0
flow_2012.25,83.0,3.5,0
flow_0012.20,64.0,4.0,0
flow_0012.21,59.5,4.5,0
flow_20.17,82.5,4.0,0
flow_001.50,50.0,3.5,0
flow_2012.26,83.5,4.0,0
flow_20.18,79.5,3.0,0
flow_001.51,50.5,6.5,0
flow_201.57,73.0,2.5,0
flow_001.52,50.0,3.0,0
flow_2012.27,74.0,4.5,0
flow_301.33,74.5,3.5,0
flow_101.27,67.5,3.5,0
flow_1012.15,67.5,4.0,0
flow_101.28,62.0,3.0,0
flow_10.22,44.0,2.5,0
flow_301.34,72.5,7.0,0
flow_301.35,64.5,3.5,0
flow_1012.16,28.5,4.5,0
flow_101.29,25.0,2.5,0
flow_301.36,66.0,4.0,0
flow_3012.10,65.5,4.0,0
flow_301.37,63.5,3.0,0
flow_30.22,60.0,2.5,0
flow_10.23,20.5,1.5,0
flow_30.23,59.5,2.5,0
flow_301.38,58.0,2.5,0
flow_30.24,55.5,2.5,0
flow_30.25,54.5,2.5,0
flow_3012.11,48.5,3.5,0
flow_10.24,25.5,5.0,0
flow_20.19,101.0,3.0,0
flow_2012.28,105.5,5.0,0
flow_001.53,90.0,4.5,0
flow_201.58,91.5,3.0,0
flow_20.20,84.5,2.5,0
flow_001.54,87.5,3.0,0
flow_001.55,87.0,3.0,0
flow_2012.29,85.5,4.5,0
flow_00.24,85.0,4.0,0
flow_2012.30,84.0,7.0,0
flow_201.59,83.5,3.5,0
flow_001.56,74.5,3.0,0
flow_201.60,78.5,3.0,0
flow_0012.22,74.0,4.0,0
flow_001.57,72.5,3.0,0
flow_00.25,68.5,2.5,0
flow_201.61,80.0,3.5,0
flow_00.26,67.5,2.5,0
flow_201.62,79.5,3.0,0
flow_001.58,67.5,3.0,0
flow_2012.31,78.0,6.0,0
flow_10.25,69.0,4.0,0
flow_3012.12,87.5,6.5,0
flow_301.39,75.5,3.0,0
flow_101.30,74.0,3.0,0
flow_3012.13,74.5,4.5,0
flow_10.26,53.0,3.0,0
flow_30.26,58.0,3.0,0
flow_301.40,64.0,3.5,0
flow_101.31,53.0,2.5,0
flow_301.41,30.5,3.0,0
flow_101.32,45.0,3.0,0
flow_301.42,29.5,3.0,0
flow_301.43,26.0,3.0,0
flow_00.27,112.5,4.0,0
flow_20.21,109.5,4.0,0
flow_201.63,88.5,3.0,0
flow_0012.23,115.5,5.0,0
flow_2012.32,86.5,3.5,0
flow_0012.24,90.5,4.0,0
flow_00.28,85.0,3.0,0
flow_201.64,87.5,3.5,0
flow_001.59,84.0,2.5,0
flow_2012.33,87.5,4.5,0
flow_20.22,82.0,3.0,0
flow_2012.34,87.0,4.5,0
flow_001.60,87.0,4.0,0
flow_201.65,83.0,3.0,0
flow_001.61,86.0,3.5,0
flow_2012.35,83.0,4.5,0
flow_001.62,87.0,3.5,0
flow_20.23,60.0,3.0,0
flow_201.66,82.0,3.0,0
flow_0012.25,87.5,4.5,0
flow_00.29,84.5,3.0,0
flow_20.24,63.0,6.0,0
flow_3012.14,68.0,4.0,0
flow_1012.17,71.5,4.5,0
flow_301.44,65.5,3.0,0
flow_101.33,55.0,3.5,0
flow_301.45,44.5,3.0,0
flow_101.34,44.0,3.5,0
flow_1012.18,42.0,4.0,0
flow_3012.15,38.5,4.5,0
flow_1012.19,37.5,4.5,0
flow_3012.16,37.0,4.5,0
flow_101.35,33.0,3.5,0
flow_10.27,24.5,2.5,0
flow_30.27,20.5,1.5,0
flow_301.46,24.5,2.5,0
flow_2012.36,87.0,4.5,0
flow_201.67,82.5,3.0,0
flow_001.63,135.5,7.5,0
flow_201.68,81.5,3.0,0
flow_001.64,134.0,3.0,0
flow_00.30,93.5,3.0,0
flow_201.69,81.0,3.0,0
flow_201.70,79.5,3.0,0
flow_001.65,92.5,2.5,0
flow_20.25,75.5,2.5,0
flow_00.31,88.5,2.5,0
flow_201.71,75.0,2.0,0
flow_20.26,68.5,2.0,0
flow_001.66,89.5,3.0,0
flow_001.67,88.5,3.0,0
flow_201.72,69.0,2.5,0
flow_00.32,81.5,3.0,0
flow_001.68,86.5,3.0,0
flow_201.73,65.0,3.0,0
flow_201.74,63.5,3.0,0
flow_0012.26,84.5,5.0,0
flow_0012.27,83.5,5.0,0
flow_20.27,57.5,6.5,0
flow_0012.28,82.5,8.0,0
flow_3012.17,66.5,4.5,0
flow_1012.20,75.0,4.5,0
flow_10.28,57.0,3.0,0
flow_301.47,67.0,3.0,0
flow_101.36,50.5,2.5,0
flow_3012.18,60.0,5.0,0
flow_301.48,52.5,3.0,0
flow_101.37,38.5,3.5,0
flow_301.49,29.0,2.5,0
flow_101.38,34.5,3.0,0
flow_301.50,25.5,2.5,0
flow_101.39,32.5,3.0,0
flow_3012.19,22.5,2.5,0
flow_101.40,29.5,3.5,0
flow_00.33,81.0,4.0,0
flow_201.75,85.5,3.5,0
flow_00.34,78.5,3.0,0
flow_201.76,84.5,3.5,0
flow_001.69,79.0,3.0,0
flow_00.35,75.0,2.5,0
flow_201.77,83.0,3.5,0
flow_2012.37,83.5,6.5,0
flow_20.28,81.0,3.5,0
flow_00.36,78.5,5.5,0
flow_201.78,76.0,3.0,0
flow_0012.29,80.5,6.0,0
flow_0012.30,79.0,4.5,0
flow_001.70,78.0,3.5,0
flow_201.79,76.0,4.0,0
flow_0012.31,77.0,4.5,0
flow_0012.32,75.5,4.0,0
flow_0012.33,73.5,4.0,0
flow_001.71,71.0,3.0,0
flow_201.80,68.0,6.5,0
flow_1012.21,25.5,3.5,0
flow_201.0,25.0,2.5,0
flow_20.0,20.0,1.5,0
flow_20.1,21.0,1.5,0
flow_201.1,26.5,2.5,0
flow_301.0,46.5,3.5,0
flow_10.0,41.0,4.0,0
flow_301.1,36.0,3.0,0
flow_3012.0,34.5,3.5,0
flow_1012.0,28.5,5.5,0
flow_10.1,22.0,2.0,0
flow_3012.1,26.5,3.5,0
flow_30.0,23.0,2.0,0
flow_301.2,25.0,2.5,0
flow_30.1,22.5,2.0,0
flow_00.0,56.0,4.0,0
flow_20.2,60.5,4.0,0
flow_00.1,28.5,3.0,0
flow_2012.0,50.0,5.5,0
flow_201.2,47.0,3.0,0
flow_201.3,46.5,3.0,0
flow_2012.1,44.5,3.5,0
flow_2012.2,43.5,3.5,0
flow_2012.3,42.0,4.0,0
flow_2012.4,41.5,4.0,0
flow_201.4,38.0,3.0,0
flow_001.0,23.5,2.0,0
flow_2012.5,25.5,3.5,0
flow_2012.6,24.5,3.0,0
flow_30.2,59.0,4.0,0
flow_101.0,70.5,3.5,0
flow_301.3,60.0,3.0,0
flow_301.4,53.5,3.0,0
flow_301.5,32.5,3.0,0
flow_301.6,30.5,3.0,0
flow_301.7,30.0,3.5,0
flow_30.3,22.0,2.0,0
flow_3012.2,24.0,3.0,0
flow_201.5,72.5,3.5,0
flow_001.1,74.0,3.5,0
flow_00.2,58.0,3.0,0
flow_201.6,72.5,3.0,0
flow_201.7,71.5,3.0,0
flow_201.8,70.5,3.0,0
flow_2012.7,68.0,3.0,0
flow_201.9,67.5,3.0,0
flow_201.10,67.0,3.5,0
flow_201.11,66.0,3.5,0
flow_201.12,64.0,3.5,0
flow_201.13,62.5,3.0,0
flow_201.14,61.5,3.0,0
flow_201.15,60.5,3.5,0
flow_2012.8,31.0,3.0,0
flow_201.16,29.0,2.5,0
flow_301.8,71.0,3.5,0
flow_3012.3,70.0,3.5,0
flow_1012.1,49.5,6.5,0
flow_1012.2,27.5,4.0,0
flow_30.4,69.0,3.5,0
flow_301.9,69.5,3.0,0
flow_30.5,67.0,3.0,0
flow_301.10,65.5,2.5,0
flow_301.11,65.0,3.0,0
flow_301.12,61.5,3.0,0
flow_30.6,57.5,2.5,0
flow_30.7,52.0,2.5,0
flow_301.13,59.0,3.0,0
flow_301.14,53.0,2.5,0
flow_301.15,32.0,3.0,0
flow_3012.4,29.0,3.5,0
flow_201.17,76.0,3.5,0
flow_2012.9,76.0,4.0,0
flow_201.18,72.5,2.5,0
flow_201.19,72.5,2.5,0
flow_2012.10,71.5,3.5,0
flow_201.20,70.5,3.0,0
flow_20.3,65.5,2.5,0
flow_201.21,70.5,3.5,0
flow_20.4,65.0,2.5,0
flow_201.22,64.0,2.5,0
flow_20.5,60.5,2.5,0
flow_20.6,58.5,2.5,0
flow_20.7,26.0,2.5,0
flow_2012.11,32.0,4.0,0
flow_101.1,64.0,3.5,0
flow_301.16,76.0,3.5,0
flow_301.17,75.0,3.0,0
flow_301.18,73.5,3.0,0
flow_30.8,70.5,2.5,0
flow_3012.5,70.5,3.5,0
flow_301.19,71.0,3.5,0
flow_301.20,70.0,3.5,0
flow_30.9,66.0,2.5,0
flow_301.21,64.0,2.0,0
flow_3012.6,64.0,3.0,0
flow_30.10,60.0,2.5,0
flow_3012.7,59.5,3.0,0
flow_30.11,29.0,2.5,0
flow_301.22,28.0,3.0,0
flow_0012.0,69.0,4.5,0
flow_001.2,42.5,3.0,0
flow_00.3,23.0,2.0,0
flow_201.23,80.5,7.5,0
flow_20.8,77.0,3.5,0
flow_2012.12,77.5,3.5,0
flow_20.9,74.0,3.0,0
flow_201.24,74.5,2.5,0
flow_2012.13,72.5,3.0,0
flow_2012.14,72.0,3.5,0
flow_201.25,68.5,2.0,0
flow_201.26,68.5,3.0,0
flow_20.10,66.0,2.5,0
flow_201.27,66.5,2.5,0
flow_20.11,62.5,2.5,0
flow_201.28,30.5,2.5,0
flow_301.23,75.5,3.5,0
flow_101.2,68.5,3.5,0
flow_3012.8,75.0,4.0,0
flow_1012.3,65.5,4.0,0
flow_30.12,72.0,3.0,0
flow_101.3,52.0,3.0,0
flow_3012.9,73.5,4.0,0
flow_10.2,45.5,5.5,0
flow_3012.10,74.5,6.5,0
flow_1012.4,23.5,2.5,0
flow_30.13,72.5,3.5,0
flow_301.24,72.0,2.5,0
flow_301.25,71.5,3.0,0
flow_3012.11,69.0,3.0,0
flow_301.26,67.5,2.5,0
flow_101.4,24.5,2.5,0
flow_3012.12,68.0,4.5,0
flow_3012.13,67.0,4.5,0
flow_30.14,35.0,3.0,0
flow_201.29,77.0,3.5,0
flow_201.30,75.5,3.0,0
flow_20.12,71.0,2.5,0
flow_201.31,76.0,3.5,0
flow_201.32,73.0,3.0,0
flow_20.13,67.5,3.0,0
flow_201.33,72.5,3.5,0
flow_201.34,67.5,3.0,0
flow_201.35,66.5,2.5,0
flow_20.14,63.0,2.5,0
flow_20.15,61.5,2.5,0
flow_2012.15,59.0,3.0,0
flow_20.16,28.0,2.5,0
flow_2012.16,28.5,3.5,0
flow_10.3,61.5,4.0,0
flow_30.15,78.5,4.0,0
flow_3012.14,79.5,4.0,0
flow_1012.5,63.5,4.0,0
flow_10.4,51.5,3.0,0
flow_301.27,79.0,3.0,0
flow_101.5,52.0,2.5,0
flow_301.28,77.5,3.0,0
flow_1012.6,48.5,4.0,0
flow_101.6,46.5,2.5,0
flow_301.29,80.5,4.0,0
flow_1012.7,27.5,4.5,0
flow_301.30,82.5,4.0,0
flow_301.31,81.0,3.0,0
flow_301.32,80.0,3.0,0
flow_3012.15,78.5,4.0,0
flow_3012.16,77.0,3.5,0
flow_3012.17,76.0,4.0,0
flow_001.3,73.0,3.5,0
flow_201.36,76.0,3.5,0
flow_2012.17,75.5,4.0,0
flow_001.4,67.5,7.0,0
flow_0012.1,37.0,3.5,0
flow_2012.18,78.0,5.5,0
flow_201.37,77.5,3.5,0
flow_201.38,77.0,3.5,0
flow_201.39,75.0,3.0,0
flow_201.40,74.0,3.0,0
flow_201.41,73.0,3.5,0
flow_2012.19,71.0,3.5,0
flow_20.17,67.5,2.5,0
flow_20.18,66.0,2.5,0
flow_201.42,65.0,2.5,0
flow_301.33,121.5,3.5,0
flow_101.7,33.0,3.5,0
flow_30.16,86.5,3.0,0
flow_101.8,32.5,3.5,0
flow_3012.18,87.5,4.5,0
flow_3012.19,85.5,4.0,0
flow_301.34,82.0,2.5,0
flow_30.17,78.5,2.5,0
flow_3012.20,78.0,3.0,0
flow_301.35,76.0,2.5,0
flow_30.18,72.5,2.5,0
flow_3012.21,71.5,2.5,0
flow_301.36,71.0,2.5,0
flow_101.9,28.5,3.5,0
flow_30.19,28.5,3.0,0
flow_3012.22,71.5,4.5,0
flow_30.20,25.5,2.5,0
flow_201.43,85.0,3.5,0
flow_00.4,26.5,3.0,0
flow_001.5,71.0,4.0,0
flow_201.44,83.0,3.0,0
flow_201.45,81.0,3.0,0
flow_201.46,79.5,3.0,0
flow_2012.20,78.5,3.5,0
flow_201.47,77.0,3.0,0
flow_201.48,75.5,3.0,0
flow_2012.21,73.0,3.5,0
flow_20.19,70.0,2.5,0
flow_201.49,70.0,2.5,0
flow_201.50,68.5,3.0,0
flow_2012.22,66.5,3.0,0
flow_201.51,32.0,3.0,0
flow_20.20,28.0,2.5,0
flow_10.5,47.0,4.0,0
flow_301.37,76.5,3.5,0
flow_301.38,75.0,3.0,0
flow_1012.8,27.0,4.0,0
flow_301.39,76.5,3.5,0
flow_301.40,76.5,3.0,0
flow_101.10,25.5,2.5,0
flow_301.41,76.0,3.5,0
flow_301.42,74.0,3.5,0
flow_3012.23,72.5,4.0,0
flow_3012.24,72.0,4.0,0
flow_301.43,68.0,2.5,0
flow_301.44,67.0,3.0,0
flow_3012.25,65.0,3.0,0
flow_3012.26,63.5,3.5,0
flow_3012.27,34.0,4.0,0
flow_20.21,75.0,4.0,0
flow_001.6,66.0,3.5,0
flow_201.52,75.0,3.0,0
flow_201.53,74.0,3.0,0
flow_201.54,73.0,3.0,0
flow_201.55,72.0,3.0,0
flow_20.22,67.5,2.5,0
flow_201.56,68.0,2.5,0
flow_20.23,64.5,2.5,0
flow_201.57,64.0,2.5,0
flow_201.58,58.5,3.0,0
flow_20.24,52.0,2.5,0
flow_201.59,48.0,2.5,0
flow_20.25,27.0,3.0,0
flow_201.60,33.5,3.5,0
flow_3012.28,79.5,4.5,0
flow_101.11,79.0,7.5,0
flow_3012.29,82.0,5.5,0
flow_3012.30,80.0,4.5,0
flow_3012.31,78.5,4.5,0
flow_301.45,75.0,2.5,0
flow_301.46,75.0,3.0,0
flow_101.12,74.0,4.5,0
flow_101.13,71.0,3.5,0
flow_3012.32,75.5,5.0,0
flow_30.21,71.5,3.0,0
flow_30.22,70.0,3.0,0
flow_101.14,62.0,3.5,0
flow_30.23,69.5,3.0,0
flow_3012.33,67.0,3.0,0
flow_3012.34,66.0,3.5,0
flow_3012.35,33.0,3.5,0
flow_2012.23,75.5,4.0,0
flow_001.7,75.0,7.5,0
flow_2012.24,78.5,5.5,0
flow_0012.2,42.5,4.0,0
flow_001.8,33.5,3.0,0
flow_201.61,79.5,4.0,0
flow_0012.3,29.5,4.5,0
flow_201.62,81.0,4.0,0
flow_201.63,79.5,3.5,0
flow_20.26,74.0,3.0,0
flow_001.9,26.5,3.0,0
flow_201.64,74.0,3.0,0
flow_20.27,67.0,2.5,0
flow_00.5,21.5,2.0,0
flow_2012.25,53.0,4.5,0
flow_201.65,48.0,3.0,0
flow_201.66,47.5,3.0,0
flow_101.15,75.0,3.5,0
flow_301.47,79.5,3.5,0
flow_1012.9,59.5,3.5,0
flow_30.24,81.0,6.0,0
flow_301.48,79.5,3.5,0
flow_30.25,76.5,3.0,0
flow_30.26,75.0,2.5,0
flow_30.27,73.5,2.5,0
flow_301.49,72.0,2.5,0
flow_301.50,71.0,2.5,0
flow_30.28,68.0,2.5,0
flow_301.51,68.5,2.5,0
flow_30.29,65.0,2.5,0
flow_301.52,66.0,3.0,0
flow_301.53,32.5,3.0,0
flow_301.54,29.5,3.0,0
flow_201.67,86.5,3.5,0
flow_001.10,24.5,2.5,0
flow_201.68,77.5,3.0,0
flow_001.11,25.0,2.5,0
flow_201.69,77.5,3.5,0
flow_201.70,76.0,3.5,0
flow_20.28,72.5,2.5,0
flow_2012.26,62.5,3.0,0
flow_20.29,59.5,2.5,0
flow_201.71,60.0,2.5,0
flow_20.30,56.5,2.5,0
flow_201.72,57.0,2.5,0
flow_20.31,50.5,2.5,0
flow_2012.27,55.5,3.0,0
flow_201.73,29.5,2.5,0
flow_20.32,25.5,2.5,0
flow_30.30,74.0,4.0,0
flow_30.31,73.5,3.0,0
flow_3012.36,73.5,3.5,0
flow_301.55,71.0,2.5,0
flow_30.32,68.0,2.5,0
flow_301.56,68.0,2.5,0
flow_301.57,68.0,3.0,0
flow_30.33,64.5,2.5,0
flow_301.58,66.0,3.0,0
flow_3012.37,64.0,3.5,0
flow_3012.38,62.5,4.0,0
flow_301.59,60.0,3.0,0
flow_30.34,28.5,2.5,0
flow_301.60,27.0,2.5,0
flow_00.6,46.5,4.0,0
flow_201.74,76.5,3.5,0
flow_0012.4,45.0,3.5,0
flow_2012.28,67.0,4.0,0
flow_201.75,58.5,3.0,0
flow_201.76,56.0,3.0,0
flow_2012.29,54.0,3.5,0
flow_20.33,39.0,2.5,0
flow_2012.30,43.5,4.0,0
flow_00.7,22.5,2.0,0
flow_2012.31,43.0,5.5,0
flow_00.8,22.5,2.0,0
flow_201.77,40.5,3.0,0
flow_20.34,37.5,2.5,0
flow_2012.32,32.5,3.5,0
flow_001.12,27.5,3.0,0
flow_201.78,26.5,2.5,0
flow_3012.39,76.0,4.5,0
flow_301.61,75.0,3.0,0
flow_101.16,55.5,4.0,0
flow_10.6,51.5,3.0,0
flow_301.62,75.0,3.5,0
flow_3012.40,74.0,3.5,0
flow_301.63,72.5,2.5,0
flow_301.64,72.0,3.0,0
flow_301.65,70.5,3.0,0
flow_301.66,70.0,3.5,0
flow_30.35,65.5,3.0,0
flow_30.36,64.0,3.0,0
flow_3012.41,64.5,3.5,0
flow_301.67,61.5,2.5,0
flow_301.68,33.5,3.0,0
flow_301.69,30.5,3.0,0
flow_20.35,73.0,4.0,0
flow_00.9,53.5,4.0,0
flow_201.79,58.0,3.0,0
flow_0012.5,56.0,5.0,0
flow_001.13,48.0,2.5,0
flow_201.80,60.0,3.5,0
flow_001.14,26.5,3.0,0
flow_2012.33,61.0,5.0,0
flow_20.36,57.5,3.0,0
flow_20.37,56.5,3.0,0
flow_20.38,50.0,2.5,0
flow_00.10,22.5,2.0,0
flow_20.39,35.5,2.5,0
flow_20.40,34.0,2.5,0
flow_301.70,75.0,3.5,0
flow_101.17,74.0,3.5,0
flow_301.71,75.0,3.0,0
flow_101.18,56.0,3.5,0
flow_3012.42,74.0,4.0,0
flow_301.72,73.0,3.0,0
flow_301.73,71.5,3.0,0
flow_301.74,71.0,3.5,0
flow_301.75,70.0,3.5,0
flow_1012.10,27.5,4.5,0
flow_301.76,71.5,4.0,0
flow_30.37,68.5,3.0,0
flow_301.77,68.0,3.0,0
flow_30.38,64.5,2.5,0
flow_301.78,63.0,2.0,0
flow_10.7,20.5,1.5,0
flow_30.39,33.5,2.5,0
flow_2012.34,73.0,4.5,0
flow_201.81,71.5,2.5,0
flow_001.15,78.5,7.5,0
flow_00.11,69.5,3.5,0
flow_201.82,71.5,3.0,0
flow_20.41,68.0,2.5,0
flow_001.16,57.5,2.5,0
flow_201.83,69.0,3.0,0
flow_2012.35,66.5,3.0,0
flow_0012.6,32.5,4.5,0
flow_201.84,66.5,3.5,0
flow_20.42,53.5,3.0,0
flow_2012.36,58.0,3.5,0
flow_201.85,49.5,2.5,0
flow_00.12,21.0,1.5,0
flow_2012.37,46.0,5.5,0
flow_201.86,31.5,3.0,0
flow_2012.38,30.0,3.5,0
flow_001.0,26.0,3.0,0
flow_10.0,52.0,4.0,0
flow_301.0,55.0,3.5,0
flow_1012.0,49.0,4.0,0
flow_101.0,47.0,2.5,0
flow_1012.1,45.5,3.0,0
flow_3012.0,25.5,3.5,0
flow_1012.2,45.0,3.5,0
flow_10.1,42.5,2.5,0
flow_10.2,40.5,3.0,0
flow_301.1,29.0,3.5,0
flow_3012.1,29.0,4.5,0
flow_301.2,27.0,2.5,0
flow_101.1,27.5,3.0,0
flow_301.3,27.0,3.0,0
flow_301.4,26.0,2.5,0
flow_1012.3,23.5,3.0,0
flow_3012.2,26.0,3.5,0
flow_2012.0,67.0,4.0,0
flow_201.0,60.0,3.0,0
flow_001.1,26.0,3.0,0
flow_2012.1,61.0,4.5,0
flow_2012.2,60.0,4.5,0
flow_201.1,56.0,2.5,0
flow_201.2,40.0,3.0,0
flow_0012.0,24.5,3.0,0
flow_00.0,21.5,2.0,0
flow_2012.3,24.5,3.0,0
flow_001.2,26.0,3.0,0
flow_301.5,57.5,3.5,0
flow_101.2,76.0,4.0,0
flow_3012.3,56.0,4.5,0
flow_301.6,52.5,3.0,0
flow_101.3,78.5,7.5,0
flow_3012.4,49.0,4.0,0
flow_301.7,48.0,3.0,0
flow_101.4,80.5,3.5,0
flow_3012.5,47.5,4.5,0
flow_3012.6,46.0,4.5,0
flow_3012.7,46.0,4.5,0
flow_301.8,43.0,3.0,0
flow_30.0,38.0,2.5,0
flow_101.5,89.0,7.5,0
flow_30.1,36.5,2.5,0
flow_1012.4,91.5,6.5,0
flow_1012.5,90.0,5.0,0
flow_1012.6,88.0,4.0,0
flow_201.3,70.0,3.5,0
flow_001.3,65.5,4.0,0
flow_201.4,67.0,3.0,0
flow_2012.4,58.5,3.5,0
flow_201.5,36.5,2.5,0
flow_201.6,24.0,2.0,0
flow_001.4,25.5,2.5,0
flow_201.7,25.0,2.5,0
flow_20.0,21.5,2.0,0
flow_301.9,91.0,3.5,0
flow_1012.7,130.5,6.5,0
flow_3012.8,84.0,4.0,0
flow_1012.8,130.0,4.5,0
flow_101.6,115.5,3.5,0
flow_301.10,85.0,3.5,0
flow_101.7,111.5,3.0,0
flow_301.11,83.5,3.0,0
flow_30.2,80.0,2.5,0
flow_101.8,110.5,3.0,0
flow_30.3,79.0,2.5,0
flow_101.9,101.5,3.0,0
flow_301.12,74.5,2.5,0
flow_101.10,85.5,3.5,0
flow_1012.9,84.0,3.5,0
flow_1012.10,84.0,4.5,0
flow_101.11,80.0,2.5,0
flow_301.13,81.0,7.5,0
flow_101.12,68.5,3.0,0
flow_301.14,81.0,4.0,0
flow_101.13,68.5,3.5,0
flow_301.15,79.0,3.0,0
flow_1012.11,34.5,5.0,0
flow_20.1,64.5,4.0,0
flow_00.1,61.5,4.0,0
flow_201.8,45.5,3.0,0
flow_2012.5,26.0,3.5,0
flow_2012.6,24.5,3.0,0
flow_301.16,111.5,3.5,0
flow_101.14,81.5,4.0,0
flow_3012.9,112.0,4.0,0
flow_10.3,80.5,6.5,0
flow_301.17,91.0,3.0,0
flow_301.18,87.0,2.5,0
flow_101.15,80.0,3.5,0
flow_30.4,83.5,2.5,0
flow_101.16,78.5,3.0,0
flow_301.19,84.5,2.5,0
flow_101.17,77.0,3.5,0
flow_10.4,73.0,2.5,0
flow_101.18,73.0,2.5,0
flow_301.20,85.5,3.5,0
flow_301.21,83.5,3.5,0
flow_1012.12,75.0,5.0,0
flow_101.19,71.5,3.0,0
flow_301.22,85.0,4.0,0
flow_1012.13,72.0,4.5,0
flow_1012.14,71.0,4.5,0
flow_10.5,67.5,3.5,0
flow_301.23,90.0,4.0,0
flow_101.20,34.5,3.0,0
flow_201.9,73.5,3.5,0
flow_001.5,53.0,3.0,0
flow_0012.1,64.0,7.0,0
flow_201.10,24.0,2.0,0
flow_001.6,24.5,2.5,0
flow_2012.7,24.0,3.0,0
flow_1012.15,79.5,4.5,0
flow_3012.10,137.5,4.5,0
flow_3012.11,135.5,4.0,0
flow_3012.12,92.0,4.0,0
flow_30.5,88.0,2.5,0
flow_101.21,86.0,7.0,0
flow_3012.13,89.5,4.0,0
flow_301.24,87.0,3.0,0
flow_101.22,87.5,4.0,0
flow_301.25,85.5,3.0,0
flow_1012.16,87.0,4.5,0
flow_30.6,84.5,4.0,0
flow_1012.17,89.0,7.0,0
flow_10.6,85.5,3.5,0
flow_301.26,90.0,3.0,0
flow_30.7,86.5,3.0,0
flow_101.23,86.5,3.0,0
flow_101.24,84.5,3.0,0
flow_301.27,86.5,2.5,0
flow_101.25,83.5,3.5,0
flow_2012.8,27.5,4.0,0
flow_0012.2,65.5,4.5,0
flow_001.7,27.0,2.5,0
flow_0012.3,25.5,3.5,0
flow_201.11,25.5,2.5,0
flow_30.8,132.0,4.0,0
flow_101.26,130.0,3.5,0
flow_3012.14,88.5,3.5,0
flow_10.7,130.5,6.0,0
flow_301.28,86.0,3.0,0
flow_1012.18,131.0,5.0,0
flow_1012.19,97.0,4.5,0
flow_30.9,89.0,6.0,0
flow_1012.20,91.5,7.0,0
flow_1012.21,89.0,4.5,0
flow_10.8,84.5,3.0,0
flow_301.29,95.5,3.5,0
flow_101.27,83.0,2.5,0
flow_10.9,80.0,2.5,0
flow_301.30,95.0,3.0,0
flow_1012.22,81.5,3.5,0
flow_10.10,77.0,2.5,0
flow_30.10,96.0,5.5,0
flow_3012.15,95.0,5.0,0
flow_30.11,92.5,3.0,0
flow_10.11,79.0,5.5,0
flow_201.12,38.0,3.5,0
flow_001.8,53.5,3.5,0
flow_0012.4,51.5,3.5,0
flow_2012.9,25.5,3.5,0
flow_001.9,26.0,2.5,0
flow_001.10,26.5,3.0,0
flow_0012.5,27.0,4.0,0
flow_301.31,139.0,3.5,0
flow_101.28,85.0,3.5,0
flow_301.32,138.0,3.0,0
flow_101.29,83.0,3.0,0
flow_101.30,82.5,3.5,0
flow_30.12,95.0,3.0,0
flow_3012.16,140.5,6.5,0
flow_101.31,84.0,3.5,0
flow_30.13,93.0,3.0,0
flow_10.12,80.5,3.0,0
flow_30.14,90.5,3.0,0
flow_101.32,80.5,2.5,0
flow_30.15,88.0,3.0,0
flow_301.33,81.5,2.5,0
flow_1012.23,83.0,5.5,0
flow_30.16,80.5,3.5,0
flow_101.33,79.5,2.5,0
flow_301.34,80.0,2.5,0
flow_101.34,80.0,3.5,0
flow_10.13,76.0,3.0,0
flow_30.17,77.0,2.5,0
flow_10.14,74.5,3.0,0
flow_3012.17,79.0,6.0,0
flow_2012.10,71.5,4.5,0
flow_201.13,56.5,3.0,0
flow_001.11,77.0,7.5,0
flow_20.2,54.0,3.0,0
flow_001.12,76.0,3.5,0
flow_201.14,54.5,2.5,0
flow_001.13,59.5,3.0,0
flow_00.2,50.5,3.0,0
flow_201.15,48.5,3.0,0
flow_201.16,46.5,3.0,0
flow_0012.6,52.5,4.5,0
flow_0012.7,26.5,4.0,0
flow_201.17,34.5,4.0,0
flow_3012.18,85.0,4.5,0
flow_301.35,83.0,3.0,0
flow_101.35,128.5,7.0,0
flow_301.36,81.5,3.0,0
flow_1012.24,95.0,5.0,0
flow_30.18,81.0,3.5,0
flow_101.36,90.5,3.0,0
flow_30.19,79.5,3.0,0
flow_101.37,89.0,3.0,0
flow_3012.19,79.5,3.5,0
flow_301.37,78.5,2.5,0
flow_101.38,91.5,6.5,0
flow_3012.20,78.0,4.0,0
flow_1012.25,90.5,4.5,0
flow_101.39,88.0,3.0,0
flow_301.38,77.0,3.0,0
flow_10.15,85.0,3.0,0
flow_301.39,76.0,3.0,0
flow_30.20,72.5,2.5,0
flow_101.40,86.0,3.0,0
flow_30.21,71.0,2.5,0
flow_101.41,84.5,3.0,0
flow_301.40,33.5,2.5,0
flow_1012.26,85.0,5.5,0
flow_00.3,70.0,4.0,0
flow_2012.11,76.5,7.5,0
flow_201.18,53.0,3.0,0
flow_001.14,54.0,3.0,0
flow_2012.12,52.0,4.5,0
flow_201.19,46.5,2.5,0
flow_20.3,22.0,2.0,0
flow_00.4,22.0,2.0,0
flow_001.15,26.5,3.0,0
flow_30.22,77.5,4.0,0
flow_1012.27,131.5,7.5,0
flow_10.16,87.0,3.5,0
flow_301.41,83.0,3.0,0
flow_30.23,80.5,3.0,0
flow_101.42,86.5,3.0,0
flow_10.17,82.0,2.5,0
flow_301.42,80.5,3.0,0
flow_3012.21,78.0,3.5,0
flow_1012.28,84.0,4.5,0
flow_1012.29,82.0,4.5,0
flow_101.43,79.5,3.0,0
flow_101.44,78.0,3.0,0
flow_301.43,82.5,4.0,0
flow_301.44,81.0,3.5,0
flow_1012.30,79.5,5.5,0
flow_1012.31,78.0,4.5,0
flow_30.24,82.5,6.5,0
flow_1012.32,79.5,7.5,0
flow_0012.8,69.0,5.0,0
flow_201.20,55.5,8.0,0
flow_00.5,20.5,1.5,0
flow_301.45,133.5,3.5,0
flow_101.45,125.5,3.5,0
flow_101.46,87.5,3.0,0
flow_301.46,136.0,4.0,0
flow_101.47,84.5,3.0,0
flow_301.47,134.0,3.5,0
flow_101.48,83.0,3.0,0
flow_3012.22,133.0,6.0,0
flow_30.25,94.5,3.5,0
flow_101.49,85.0,3.5,0
flow_3012.23,95.0,4.5,0
flow_301.48,91.0,3.0,0
flow_101.50,88.5,4.5,0
flow_301.49,90.5,3.5,0
flow_101.51,86.5,3.5,0
flow_3012.24,91.0,5.5,0
flow_3012.25,89.5,4.5,0
flow_301.50,86.0,3.0,0
flow_101.52,90.5,4.0,0
flow_3012.26,86.0,4.5,0
flow_301.51,34.5,2.5,0
flow_20.4,61.5,4.0,0
flow_001.16,44.0,3.5,0
flow_2012.13,36.5,4.0,0
flow_2012.14,24.5,3.0,0
flow_20.5,20.5,1.5,0
flow_0012.9,24.5,3.0,0
flow_201.21,23.5,2.0,0
flow_101.53,141.0,4.0,0
flow_301.52,81.5,4.0,0
flow_30.26,78.0,3.0,0
flow_101.54,140.5,3.0,0
flow_301.53,78.0,3.0,0
flow_101.55,139.5,3.0,0
flow_30.27,74.5,2.5,0
flow_30.28,73.0,2.5,0
flow_10.18,97.0,3.0,0
flow_101.56,140.0,4.0,0
flow_1012.33,94.5,3.0,0
flow_3012.27,75.0,4.0,0
flow_1012.34,93.0,3.5,0
flow_10.19,86.0,2.5,0
flow_101.57,91.0,2.5,0
flow_301.54,76.5,6.0,0
flow_3012.28,75.0,4.5,0
flow_301.55,75.0,3.0,0
flow_101.58,92.5,3.5,0
flow_301.56,73.5,3.5,0
flow_1012.35,90.5,4.5,0
flow_101.59,86.0,3.0,0
flow_301.57,77.5,4.5,0
flow_1012.36,39.0,5.0,0
flow_201.22,49.0,3.5,0
flow_001.17,25.0,2.5,0
flow_2012.15,23.0,2.5,0
flow_201.23,24.5,2.5,0
flow_001.18,24.5,2.5,0
flow_3012.29,121.5,4.5,0
flow_301.58,88.5,3.0,0
flow_101.60,84.0,7.5,0
flow_3012.30,87.5,4.0,0
flow_10.20,84.5,6.0,0
flow_301.59,86.0,3.0,0
flow_1012.37,84.0,4.5,0
flow_101.61,81.0,2.5,0
flow_30.29,86.5,3.5,0
flow_101.62,80.5,3.0,0
flow_30.30,83.0,3.0,0
flow_3012.31,87.5,5.0,0
flow_101.63,82.5,3.5,0
flow_3012.32,85.5,4.5,0
flow_301.60,82.5,3.0,0
flow_101.64,85.0,4.0,0
flow_301.61,81.5,3.0,0
flow_301.62,79.5,3.0,0
flow_101.65,84.0,3.5,0
flow_10.21,80.0,3.0,0
flow_301.63,78.0,3.0,0
flow_1012.38,81.5,4.0,0
flow_20.6,63.5,4.0,0
flow_001.19,61.0,3.5,0
flow_201.24,64.5,3.0,0
flow_001.20,25.0,2.5,0
flow_201.25,42.0,3.5,0
flow_001.21,27.0,3.0,0
flow_2012.16,27.0,4.0,0
flow_101.66,126.0,3.5,0
flow_301.64,85.5,3.5,0
flow_3012.33,83.5,4.0,0
flow_301.65,82.5,3.0,0
flow_30.31,78.5,2.5,0
flow_101.67,130.0,7.0,0
flow_30.32,76.5,2.5,0
flow_10.22,92.0,3.5,0
flow_1012.39,91.5,4.5,0
flow_10.23,87.5,3.0,0
flow_301.66,81.0,3.5,0
flow_101.68,87.0,2.5,0
flow_3012.34,81.0,4.5,0
flow_10.24,86.0,3.5,0
flow_301.67,80.0,3.5,0
flow_1012.40,86.5,3.5,0
flow_101.69,84.5,3.0,0
flow_301.68,81.5,6.5,0
flow_3012.35,80.5,4.0,0
flow_1012.41,84.0,4.5,0
flow_30.33,77.5,3.0,0
flow_101.70,84.0,3.5,0
flow_00.6,66.5,4.0,0
flow_20.7,22.0,2.0,0
flow_001.22,24.5,2.5,0
flow_20.8,21.0,2.0,0
flow_001.23,26.0,2.5,0
flow_2012.17,26.0,3.5,0
flow_001.24,26.5,3.0,0
flow_20.9,22.5,2.0,0
flow_00.7,20.5,1.5,0
flow_301.69,124.5,3.5,0
flow_10.25,128.5,4.0,0
flow_001.0,25.5,2.5,0
flow_0012.0,23.5,2.5,0
flow_201.0,24.5,2.5,0
flow_001.1,27.0,3.0,0
flow_00.0,21.5,1.5,0
flow_2012.0,24.5,3.0,0
flow_00.1,21.5,2.0,0
flow_301.0,45.0,3.5,0
flow_3012.0,42.0,4.0,0
flow_10.0,26.0,4.5,0
flow_301.1,40.0,3.0,0
flow_30.0,33.5,3.0,0
flow_301.2,31.0,2.5,0
flow_101.0,26.0,3.0,0
flow_1012.0,25.5,3.5,0
flow_301.3,26.5,3.5,0
flow_1012.1,25.5,3.5,0
flow_10.1,22.0,2.0,0
flow_10.2,22.0,2.0,0
flow_00.2,64.5,4.0,0
flow_201.1,71.5,3.5,0
flow_20.0,60.5,3.0,0
flow_001.2,58.5,3.0,0
flow_2012.1,56.0,4.0,0
flow_00.3,48.5,6.0,0
flow_0012.1,45.0,4.5,0
flow_2012.2,46.5,6.5,0
flow_0012.2,44.5,4.0,0
flow_2012.3,45.0,4.0,0
flow_001.3,39.0,3.5,0
flow_001.4,38.5,3.0,0
flow_001.5,37.5,3.5,0
flow_001.6,37.0,3.5,0
flow_00.4,32.0,2.5,0
flow_00.5,23.5,2.0,0
flow_3012.1,55.5,4.5,0
flow_301.4,37.0,3.0,0
flow_101.1,60.0,7.5,0
flow_3012.2,37.0,4.0,0
flow_3012.3,37.0,4.0,0
flow_101.2,65.5,7.0,0
flow_1012.2,53.0,3.5,0
flow_3012.4,32.0,5.5,0
flow_30.1,30.5,3.5,0
flow_3012.5,29.5,3.5,0
flow_30.2,26.5,2.5,0
flow_30.3,25.5,2.5,0
flow_101.3,29.5,4.0,0
flow_101.4,25.5,2.5,0
flow_2012.4,71.0,4.0,0
flow_201.2,71.0,3.0,0
flow_001.7,79.0,7.5,0
flow_20.1,59.0,3.0,0
flow_001.8,71.0,3.0,0
flow_001.9,61.5,3.0,0
flow_00.6,55.5,3.0,0
flow_201.3,27.0,3.0,0
flow_001.10,35.5,2.5,0
flow_0012.3,31.0,3.5,0
flow_2012.5,26.5,3.5,0
flow_00.7,28.0,2.5,0
flow_001.11,27.0,2.5,0
flow_001.12,27.5,3.0,0
flow_0012.4,26.0,3.0,0
flow_0012.5,26.0,3.5,0
flow_00.8,22.5,2.0,0
flow_201.4,29.5,6.5,0
flow_1012.3,62.0,4.5,0
flow_10.3,37.0,3.0,0
flow_301.5,68.0,7.5,0
flow_10.4,25.5,2.5,0
flow_301.6,66.5,3.5,0
flow_301.7,66.0,3.0,0
flow_30.4,62.5,3.0,0
flow_301.8,62.0,2.5,0
flow_30.5,59.0,2.5,0
flow_301.9,59.0,2.5,0
flow_101.5,24.5,2.5,0
flow_301.10,58.0,3.0,0
flow_301.11,56.5,3.0,0
flow_3012.6,48.0,3.5,0
flow_30.6,43.0,2.5,0
flow_101.6,26.0,3.0,0
flow_3012.7,44.5,3.5,0
flow_301.12,31.5,3.0,0
flow_20.2,39.0,4.0,0
flow_001.13,72.5,3.5,0
flow_0012.6,69.5,4.0,0
flow_2012.6,34.0,3.5,0
flow_00.9,63.5,3.0,0
flow_201.5,34.0,3.0,0
flow_001.14,65.0,3.0,0
flow_0012.7,63.5,4.0,0
flow_0012.8,62.5,3.5,0
flow_00.10,58.5,3.0,0
flow_00.11,57.5,3.0,0
flow_201.6,27.0,3.0,0
flow_001.15,57.5,3.0,0
flow_00.12,50.5,3.0,0
flow_00.13,49.5,2.5,0
flow_20.3,21.5,2.0,0
flow_00.14,31.5,2.5,0
flow_0012.9,30.0,3.0,0
flow_0012.10,29.0,4.0,0
flow_3012.8,74.5,4.5,0
flow_301.13,73.5,3.0,0
flow_101.7,77.0,7.5,0
flow_301.14,73.5,3.5,0
flow_1012.4,47.0,5.5,0
flow_101.8,45.0,3.5,0
flow_301.15,70.0,4.0,0
flow_101.9,44.0,3.5,0
flow_301.16,68.0,3.5,0
flow_3012.9,64.0,4.0,0
flow_1012.5,44.0,5.0,0
flow_1012.6,42.0,4.5,0
flow_3012.10,58.5,4.5,0
flow_301.17,46.0,3.5,0
flow_101.10,42.0,3.5,0
flow_301.18,44.5,3.5,0
flow_101.11,30.5,3.5,0
flow_3012.11,45.0,4.5,0
flow_301.19,38.5,3.0,0
flow_101.12,32.5,4.0,0
flow_301.20,38.0,3.5,0
flow_1012.7,32.5,5.0,0
flow_0012.11,74.5,4.0,0
flow_2012.7,64.0,4.5,0
flow_2012.8,42.5,4.0,0
flow_201.7,37.0,2.5,0
flow_001.16,78.5,4.5,0
flow_201.8,36.5,2.5,0
flow_001.17,77.0,3.0,0
flow_201.9,35.5,3.0,0
flow_001.18,75.5,3.0,0
flow_001.19,74.5,3.0,0
flow_001.20,70.5,3.0,0
flow_001.21,68.5,3.0,0
flow_00.15,58.5,3.0,0
flow_0012.12,58.5,4.0,0
flow_001.22,46.0,3.0,0
flow_00.16,42.0,2.5,0
flow_201.10,24.5,2.5,0
flow_001.23,42.0,2.5,0
flow_001.24,34.5,3.0,0
flow_1012.8,77.5,4.5,0
flow_301.21,89.0,7.5,0
flow_1012.9,80.5,5.5,0
flow_30.7,71.0,2.5,0
flow_3012.12,77.0,4.5,0
flow_101.13,77.5,4.0,0
flow_30.8,62.5,3.0,0
flow_3012.13,58.0,3.5,0
flow_1012.10,78.0,5.0,0
flow_1012.11,76.5,4.0,0
flow_3012.14,57.5,4.0,0
flow_10.5,69.0,3.0,0
flow_301.22,57.5,3.0,0
flow_101.14,68.5,2.5,0
flow_301.23,51.0,3.5,0
flow_101.15,44.0,3.0,0
flow_3012.15,48.0,4.5,0
flow_3012.16,46.5,4.5,0
flow_3012.17,45.5,4.0,0
flow_301.24,43.0,2.5,0
flow_101.16,50.5,7.0,0
flow_0012.13,76.5,4.0,0
flow_2012.9,73.0,4.0,0
flow_0012.14,76.5,4.0,0
flow_001.25,75.0,3.0,0
flow_201.11,46.5,4.0,0
flow_0012.15,74.5,4.0,0
flow_001.26,71.5,2.5,0
flow_20.4,32.0,5.5,0
flow_0012.16,71.0,3.5,0
flow_2012.10,31.5,4.5,0
flow_001.27,70.0,2.5,0
flow_00.17,66.5,2.5,0
flow_001.28,66.0,2.5,0
flow_0012.17,61.5,3.0,0
flow_001.29,58.0,2.5,0
flow_20.5,22.0,2.0,0
flow_001.30,56.5,3.0,0
flow_00.18,29.5,2.5,0
flow_00.19,27.0,2.5,0
flow_1012.12,71.5,4.5,0
flow_101.17,59.5,3.0,0
flow_301.25,86.5,7.5,0
flow_101.18,47.0,3.0,0
flow_301.26,84.0,3.5,0
flow_101.19,44.0,3.0,0
flow_3012.18,85.0,5.0,0
flow_30.9,81.0,3.5,0
flow_1012.13,31.0,3.5,0
flow_301.27,81.0,3.0,0
flow_3012.19,79.0,3.0,0
flow_3012.20,49.5,3.0,0
flow_3012.21,49.5,3.5,0
flow_301.28,46.5,3.0,0
flow_101.20,26.5,3.0,0
flow_3012.22,43.0,4.0,0
flow_301.29,31.0,3.0,0
flow_30.10,28.0,2.5,0
flow_301.30,29.5,3.0,0
flow_2012.11,60.5,4.5,0
flow_00.20,78.0,6.5,0
flow_0012.18,76.0,4.0,0
flow_2012.12,61.5,5.5,0
flow_00.21,74.5,3.5,0
flow_20.6,48.5,3.5,0
flow_20.7,29.0,3.0,0
flow_001.31,68.0,2.5,0
flow_20.8,25.0,2.5,0
flow_001.32,68.5,3.0,0
flow_2012.13,25.5,3.5,0
flow_001.33,67.5,6.5,0
flow_001.34,64.5,3.5,0
flow_0012.19,61.5,3.5,0
flow_00.22,54.0,3.0,0
flow_001.35,51.0,2.5,0
flow_0012.20,47.5,3.0,0
flow_0012.21,46.0,3.0,0
flow_301.31,74.0,3.5,0
flow_1012.14,53.5,6.5,0
flow_1012.15,52.0,4.5,0
flow_1012.16,46.5,4.0,0
flow_301.32,81.0,7.0,0
flow_1012.17,48.5,5.5,0
flow_30.11,79.0,3.5,0
flow_301.33,77.5,2.5,0
flow_301.34,78.0,3.0,0
flow_3012.23,75.5,3.5,0
flow_30.12,71.0,3.0,0
flow_3012.24,76.5,4.5,0
flow_301.35,65.5,2.5,0
flow_10.6,20.5,1.5,0
flow_301.36,65.5,2.5,0
flow_3012.25,53.5,5.0,0
flow_201.12,35.0,3.5,0
flow_0012.22,82.0,5.5,0
flow_001.36,80.0,3.0,0
flow_20.9,36.5,3.5,0
flow_00.23,77.0,3.0,0
flow_201.13,32.5,3.0,0
flow_20.10,25.5,2.5,0
flow_001.37,77.5,3.0,0
flow_00.24,72.0,2.5,0
flow_001.38,50.0,2.5,0
flow_001.39,45.0,3.0,0
flow_001.40,44.5,3.0,0
flow_201.14,27.5,3.0,0
flow_0012.23,40.5,4.5,0
flow_0012.24,39.5,4.5,0
flow_001.41,37.5,3.0,0
flow_201.15,29.0,3.5,0
flow_001.42,35.5,3.5,0
flow_2012.14,28.0,4.5,0
flow_201.16,25.0,2.5,0
flow_001.43,34.0,3.5,0
flow_301.37,97.5,3.5,0
flow_101.21,70.0,3.5,0
flow_3012.26,87.5,3.5,0
flow_30.13,78.0,3.0,0
flow_101.22,72.5,6.5,0
flow_301.38,77.0,2.5,0
flow_101.23,49.5,3.0,0
flow_301.39,75.5,3.0,0
flow_101.24,46.0,3.5,0
flow_10.7,23.5,2.5,0
flow_301.40,74.5,3.0,0
flow_301.41,67.0,3.0,0
flow_3012.27,54.0,3.5,0
flow_301.42,48.5,2.5,0
flow_3012.28,47.0,3.0,0
flow_30.14,44.5,2.5,0
flow_30.15,40.0,2.5,0
flow_301.43,29.5,2.5,0
flow_30.16,27.5,2.5,0
flow_2012.15,71.0,4.5,0
flow_00.25,80.5,6.5,0
flow_201.17,61.0,3.0,0
flow_00.26,78.5,4.0,0
flow_001.44,78.0,2.5,0
flow_2012.16,63.0,4.0,0
flow_201.18,55.0,2.5,0
flow_001.45,80.5,4.0,0
flow_201.19,43.5,3.0,0
flow_0012.25,80.0,4.5,0
flow_0012.26,78.5,4.0,0
flow_0012.27,77.5,4.0,0
flow_00.27,74.0,3.0,0
flow_00.28,72.0,2.5,0
flow_201.20,51.0,6.5,0
flow_201.21,50.5,3.0,0
flow_20.11,47.0,3.0,0
flow_001.46,74.0,3.5,0
flow_0012.28,73.5,5.0,0
flow_00.29,69.5,3.0,0
flow_20.12,34.5,5.5,0
flow_10.8,71.0,4.0,0
flow_301.44,76.0,3.5,0
flow_30.17,73.5,3.0,0
flow_301.45,74.5,3.0,0
flow_30.18,70.5,2.5,0
flow_10.9,22.0,2.0,0
flow_3012.29,71.5,3.5,0
flow_30.19,69.0,2.5,0
flow_1012.18,28.0,5.0,0
flow_101.25,26.0,2.5,0
flow_301.46,72.0,3.5,0
flow_30.20,69.0,3.0,0
flow_301.47,68.0,2.5,0
flow_101.26,28.0,3.5,0
flow_301.48,52.0,2.5,0
flow_3012.30,37.5,4.0,0
flow_301.49,31.0,3.0,0
flow_2012.17,75.5,4.5,0
flow_201.22,53.5,3.0,0
flow_001.47,89.5,7.5,0
flow_2012.18,46.5,4.0,0
flow_2012.19,42.5,4.0,0
flow_001.48,93.0,4.0,0
flow_00.30,90.0,3.0,0
flow_2012.20,27.0,3.5,0
flow_0012.29,90.5,4.0,0
flow_001.49,89.0,3.0,0
flow_00.31,85.5,2.5,0
flow_001.50,86.5,3.0,0
flow_0012.30,84.0,3.5,0
flow_001.51,84.0,3.0,0
flow_001.52,83.0,3.5,0
flow_1012.19,72.5,4.5,0
flow_3012.31,70.5,4.5,0
flow_30.21,66.5,3.0,0
flow_101.27,61.0,3.5,0
flow_3012.32,69.5,4.5,0
flow_1012.20,61.0,5.0,0
flow_10.10,38.0,3.0,0
flow_1012.21,56.5,4.5,0
flow_101.28,35.5,2.0,0
flow_301.50,72.0,4.0,0
flow_3012.33,71.0,4.0,0
flow_30.22,67.5,3.0,0
flow_3012.34,67.5,3.5,0
flow_10.11,22.5,2.5,0
flow_301.51,56.0,2.5,0
flow_301.52,36.5,3.0,0
flow_3012.35,27.0,3.0,0
flow_10.12,21.5,2.0,0
flow_30.23,20.5,1.5,0
flow_10.13,22.0,2.0,0
flow_2012.21,65.5,4.5,0
flow_201.23,58.5,3.0,0
flow_001.53,133.0,7.5,0
flow_2012.22,51.5,4.0,0
flow_001.54,134.0,4.0,0
flow_201.24,50.5,3.0,0
flow_201.25,50.0,3.5,0
flow_0012.31,98.0,4.5,0
flow_20.13,48.0,4.0,0
flow_0012.32,92.0,7.5,0
flow_20.14,32.0,7.0,0
flow_001.55,90.5,3.5,0
flow_2012.23,29.5,5.0,0
flow_0012.33,89.5,4.0,0
flow_001.56,88.5,3.0,0
flow_201.26,27.0,3.0,0
flow_001.57,87.0,3.5,0
flow_001.58,86.0,3.0,0
flow_00.32,82.0,2.5,0
flow_1012.22,70.0,4.5,0
flow_101.29,67.0,3.0,0
flow_301.53,74.0,7.5,0
flow_1012.23,68.0,4.0,0
flow_10.14,61.5,2.5,0
flow_101.30,66.0,3.0,0
flow_301.54,69.0,4.0,0
flow_10.15,59.5,2.5,0
flow_301.55,67.5,3.0,0
flow_10.16,58.5,2.5,0
flow_101.31,50.5,2.5,0
flow_301.56,62.5,4.0,0
flow_301.57,56.0,3.5,0
flow_101.32,49.5,3.0,0
flow_3012.36,40.0,5.0,0
flow_301.58,33.0,2.5,0
flow_101.33,52.0,3.5,0
flow_301.59,30.0,3.0,0
flow_10.17,27.0,3.0,0
flow_101.34,31.5,3.5,0
flow_301.60,30.0,3.0,0
flow_301.61,28.5,3.5,0
flow_301.62,28.0,3.5,0
flow_00.33,128.0,4.0,0
flow_201.27,55.0,3.5,0
flow_20.15,41.5,3.0,0
flow_001.59,128.5,3.0,0
flow_00.34,86.5,3.0,0
flow_201.28,32.0,3.0,0
flow_0012.34,83.5,3.5,0
flow_0012.35,81.0,3.5,0
flow_001.60,78.5,2.5,0
flow_00.35,75.0,2.5,0
flow_201.29,25.5,2.5,0
flow_00.36,73.5,2.5,0
flow_00.37,72.5,3.0,0
flow_001.61,71.5,2.5,0
flow_201.30,24.5,2.5,0
flow_001.62,70.5,3.0,0
flow_001.63,69.5,3.0,0
flow_0012.36,31.5,3.5,0
flow_20.16,24.5,3.0,0
flow_001.64,28.5,3.0,0
flow_3012.37,73.0,4.5,0
flow_1012.24,58.0,4.5,0
flow_3012.38,73.0,4.0,0
flow_3012.39,72.5,4.0,0
flow_30.24,68.5,3.0,0
flow_101.35,56.5,7.0,0
flow_30.25,52.5,3.0,0
flow_10.18,51.5,3.0,0
flow_3012.40,49.0,5.5,0
flow_10.19,52.0,5.5,0
flow_301.63,47.5,3.0,0
flow_1012.25,49.0,4.5,0
flow_3012.41,46.5,4.0,0
flow_1012.26,48.0,4.5,0
flow_10.20,41.5,3.0,0
flow_301.64,41.0,4.0,0
flow_1012.27,31.5,5.0,0
flow_1012.28,28.5,4.5,0
flow_301.65,32.5,4.0,0
flow_00.38,74.5,4.0,0
flow_20.17,65.5,4.0,0
flow_001.65,74.5,3.0,0
flow_201.31,67.5,3.5,0
flow_00.39,73.0,3.0,0
flow_201.32,30.5,3.5,0
flow_20.18,26.5,2.5,0
flow_00.40,71.5,2.5,0
flow_00.41,70.5,3.0,0
flow_2012.24,29.5,6.0,0
flow_001.66,74.5,3.0,0
flow_00.42,71.0,3.0,0
flow_001.67,71.0,2.5,0
flow_0012.37,69.5,3.5,0
flow_001.68,69.0,3.0,0
flow_2012.25,27.5,5.0,0
flow_001.69,70.0,3.5,0
flow_001.70,69.0,3.0,0
flow_301.66,76.5,3.5,0
flow_101.36,68.5,3.5,0
flow_30.26,75.0,3.0,0
flow_10.21,67.0,3.0,0
flow_101.37,51.5,2.5,0
flow_301.67,65.0,3.0,0
flow_10.22,45.0,2.5,0
flow_301.68,64.0,3.0,0
flow_101.38,46.0,3.0,0
flow_301.69,63.5,3.0,0
flow_30.27,59.5,3.0,0
flow_101.39,44.5,2.5,0
flow_301.70,60.0,3.0,0
flow_101.40,38.0,3.5,0
flow_301.71,51.5,3.0,0
flow_101.41,35.5,3.0,0
flow_30.28,41.0,3.0,0
flow_30.29,34.5,2.5,0
flow_30.30,26.0,2.5,0
flow_30.31,22.0,2.0,0
flow_00.43,84.5,4.0,0
flow_201.33,69.0,3.5,0
flow_001.71,83.0,3.0,0
flow_2012.26,71.0,5.0,0
flow_201.34,67.5,2.5,0
flow_001.72,85.5,3.5,0
flow_201.35,67.5,3.0,0
flow_001.73,83.5,3.0,0
flow_201.36,65.5,3.0,0
flow_0012.38,84.0,4.0,0
flow_20.19,41.0,5.0,0
flow_0012.39,84.5,7.0,0
flow_001.74,83.5,3.5,0
flow_201.37,40.5,3.0,0
flow_001.75,82.5,3.0,0
flow_201.38,39.5,3.0,0
flow_20.20,24.0,2.5,0
flow_001.76,81.5,3.0,0
flow_001.77,80.0,3.5,0
flow_001.78,79.0,3.5,0
flow_201.39,26.0,3.0,0
flow_10.23,66.0,4.0,0
flow_0012.0,23.5,3.0,0
flow_3012.0,53.5,4.5,0
flow_30.0,50.5,3.0,0
flow_101.0,53.5,7.0,0
flow_301.0,50.5,2.5,0
flow_101.1,45.5,3.0,0
flow_301.1,34.0,2.5,0
flow_101.2,45.5,3.0,0
flow_301.2,31.0,3.0,0
flow_1012.0,45.0,4.0,0
flow_101.3,30.5,3.0,0
flow_301.3,33.5,3.5,0
flow_101.4,29.0,3.5,0
flow_3012.1,31.5,5.0,0
flow_3012.2,29.5,4.5,0
flow_301.4,26.5,3.0,0
flow_101.5,31.0,3.5,0
flow_301.5,26.0,2.5,0
flow_101.6,26.5,3.0,0
flow_3012.3,26.0,3.5,0
flow_101.7,28.5,3.5,0
flow_301.6,26.0,2.5,0
flow_201.0,52.5,3.5,0
flow_0012.1,66.0,6.5,0
flow_001.0,38.0,3.0,0
flow_201.1,52.0,3.5,0
flow_001.1,38.0,3.0,0
flow_2012.0,52.5,4.5,0
flow_201.2,50.0,3.0,0
flow_001.2,32.5,3.5,0
flow_2012.1,31.0,4.5,0
flow_2012.2,29.5,4.5,0
flow_201.3,28.0,3.0,0
flow_2012.3,27.0,3.5,0
flow_2012.4,25.5,3.5,0
flow_201.4,26.0,3.0,0
flow_201.5,27.0,3.0,0
flow_301.7,71.5,3.5,0
flow_1012.1,38.0,6.5,0
flow_30.1,59.0,3.5,0
flow_101.8,35.5,3.0,0
flow_30.2,55.5,3.0,0
flow_1012.2,31.5,7.0,0
flow_101.9,30.0,3.5,0
flow_301.8,52.5,3.0,0
flow_30.3,50.5,3.0,0
flow_3012.4,49.0,3.0,0
flow_3012.5,48.5,3.0,0
flow_301.9,49.5,3.0,0
flow_30.4,45.0,3.0,0
flow_3012.6,39.5,3.5,0
flow_10.0,25.5,5.0,0
flow_301.10,39.0,3.0,0
flow_00.0,66.0,4.0,0
flow_201.6,73.5,3.5,0
flow_001.3,57.0,3.0,0
flow_201.7,73.5,3.0,0
flow_20.0,71.0,3.0,0
flow_001.4,41.5,3.5,0
flow_2012.5,71.5,3.5,0
flow_2012.6,60.0,4.0,0
flow_2012.7,58.5,4.0,0
flow_201.8,55.0,2.5,0
flow_001.5,34.0,4.5,0
flow_201.9,54.5,2.5,0
flow_001.6,29.5,3.0,0
flow_2012.8,51.0,4.5,0
flow_201.10,40.0,3.0,0
flow_001.7,26.5,3.0,0
flow_201.11,38.5,3.0,0
flow_201.12,38.5,3.5,0
flow_0012.2,29.0,6.0,0
flow_201.13,35.5,3.5,0
flow_3012.7,86.5,4.5,0
flow_101.10,79.5,7.5,0
flow_3012.8,85.0,5.5,0
flow_301.11,68.5,3.5,0
flow_101.11,80.5,4.0,0
flow_10.1,74.5,3.0,0
flow_301.12,68.0,3.5,0
flow_30.5,61.5,3.0,0
flow_301.13,66.0,3.5,0
flow_101.12,74.5,3.0,0
flow_1012.3,74.5,4.0,0
flow_101.13,72.5,2.5,0
flow_301.14,66.5,6.5,0
flow_101.14,72.0,2.5,0
flow_301.15,44.5,3.0,0
flow_10.2,68.5,3.0,0
flow_1012.4,73.0,5.0,0
flow_101.15,68.5,3.0,0
flow_301.16,47.0,4.0,0
flow_30.6,44.0,3.5,0
flow_101.16,67.0,3.5,0
flow_0012.3,69.0,4.5,0
flow_001.8,62.0,3.0,0
flow_201.14,85.5,7.5,0
flow_001.9,58.0,3.5,0
flow_201.15,84.0,3.5,0
flow_00.1,51.0,3.0,0
flow_20.1,81.5,3.0,0
flow_001.10,50.0,2.5,0
flow_201.16,76.5,3.0,0
flow_0012.4,43.0,4.0,0
flow_20.2,76.0,5.0,0
flow_20.3,74.5,3.5,0
flow_001.11,25.0,2.5,0
flow_201.17,74.5,3.0,0
flow_00.2,21.5,1.5,0
flow_201.18,73.5,3.5,0
flow_00.3,21.5,2.0,0
flow_201.19,72.0,3.5,0
flow_20.4,67.0,3.0,0
flow_201.20,49.5,3.0,0
flow_201.21,48.5,3.0,0
flow_3012.9,92.5,4.5,0
flow_1012.5,100.5,4.5,0
flow_1012.6,85.5,4.0,0
flow_101.17,81.5,3.0,0
flow_301.17,95.5,4.0,0
flow_101.18,81.0,3.5,0
flow_301.18,92.0,3.0,0
flow_301.19,88.0,3.0,0
flow_101.19,80.5,3.5,0
flow_301.20,70.5,3.0,0
flow_101.20,79.0,3.5,0
flow_1012.7,77.5,4.5,0
flow_10.3,75.5,3.0,0
flow_301.21,73.5,4.0,0
flow_101.21,73.5,3.0,0
flow_301.22,72.5,3.0,0
flow_3012.10,70.0,3.5,0
flow_1012.8,74.5,5.0,0
flow_301.23,70.0,3.5,0
flow_101.22,74.0,3.5,0
flow_3012.11,70.0,4.5,0
flow_3012.12,68.5,5.0,0
flow_2012.9,81.5,4.0,0
flow_001.12,67.0,7.0,0
flow_2012.10,83.0,5.0,0
flow_20.5,79.0,3.5,0
flow_20.6,72.5,3.0,0
flow_001.13,50.0,3.5,0
flow_201.22,53.5,3.0,0
flow_001.14,44.0,3.5,0
flow_0012.5,42.0,4.0,0
flow_001.15,32.5,3.0,0
flow_201.23,46.0,4.0,0
flow_001.16,33.0,3.5,0
flow_201.24,33.5,3.5,0
flow_0012.6,32.5,5.0,0
flow_001.17,30.5,3.5,0
flow_001.18,29.0,3.5,0
flow_0012.7,26.5,3.5,0
flow_00.4,22.5,2.0,0
flow_30.7,111.0,4.0,0
flow_101.23,123.0,3.5,0
flow_101.24,88.0,3.0,0
flow_301.24,88.5,3.0,0
flow_30.8,81.5,3.0,0
flow_101.25,85.5,2.5,0
flow_301.25,82.0,3.0,0
flow_101.26,86.0,3.5,0
flow_3012.13,81.0,4.0,0
flow_301.26,78.0,2.5,0
flow_101.27,87.0,6.5,0
flow_301.27,77.0,2.5,0
flow_1012.9,87.0,4.5,0
flow_3012.14,76.0,3.5,0
flow_301.28,74.5,3.0,0
flow_101.28,84.0,3.5,0
flow_10.4,82.5,3.0,0
flow_301.29,74.0,3.5,0
flow_10.5,81.0,3.0,0
flow_3012.15,75.0,7.0,0
flow_301.30,74.0,3.5,0
flow_101.29,84.0,3.0,0
flow_301.31,36.0,3.0,0
flow_20.7,66.5,4.0,0
flow_001.19,73.5,3.5,0
flow_001.20,70.0,3.0,0
flow_201.25,54.5,3.0,0
flow_20.8,40.0,3.0,0
flow_001.21,60.5,3.0,0
flow_201.26,32.5,2.5,0
flow_001.22,60.5,4.0,0
flow_00.5,47.5,5.5,0
flow_2012.11,33.5,4.5,0
flow_2012.12,34.0,7.5,0
flow_201.27,26.5,3.0,0
flow_001.23,53.0,3.5,0
flow_00.6,50.5,3.0,0
flow_0012.8,51.0,3.5,0
flow_001.24,47.0,2.5,0
flow_00.7,39.0,2.5,0
flow_001.25,47.0,3.0,0
flow_10.6,128.5,4.0,0
flow_301.32,79.5,3.5,0
flow_1012.10,130.5,4.0,0
flow_301.33,84.0,7.0,0
flow_1012.11,96.5,5.5,0
flow_10.7,90.5,3.5,0
flow_301.34,85.5,3.5,0
flow_101.30,90.0,3.0,0
flow_10.8,86.5,2.5,0
flow_301.35,84.5,3.5,0
flow_101.31,88.5,3.5,0
flow_1012.12,85.5,3.5,0
flow_3012.16,87.5,6.5,0
flow_3012.17,86.0,4.5,0
flow_10.9,85.5,4.0,0
flow_301.36,82.5,3.0,0
flow_30.9,79.0,2.5,0
flow_101.32,85.0,3.0,0
flow_301.37,80.5,3.0,0
flow_101.33,83.0,3.5,0
flow_301.38,79.0,3.0,0
flow_101.34,80.5,3.5,0
flow_20.9,52.5,4.0,0
flow_001.26,88.0,3.5,0
flow_001.27,60.5,3.0,0
flow_201.28,53.0,3.0,0
flow_001.28,60.0,3.5,0
flow_201.29,45.5,3.5,0
flow_20.10,41.5,3.0,0
flow_00.8,37.5,3.0,0
flow_20.11,40.5,3.0,0
flow_00.9,30.0,2.5,0
flow_201.30,36.0,2.5,0
flow_0012.9,33.0,5.5,0
flow_001.29,29.5,3.0,0
flow_0012.10,29.5,4.0,0
flow_0012.11,28.5,4.0,0
flow_00.10,24.0,2.5,0
flow_201.31,27.0,3.5,0
flow_201.32,24.0,2.0,0
flow_101.35,84.0,3.5,0
flow_301.39,126.0,3.5,0
flow_1012.13,84.0,4.0,0
flow_101.36,81.5,3.0,0
flow_301.40,129.5,7.0,0
flow_10.10,78.5,2.5,0
flow_301.41,96.5,3.5,0
flow_1012.14,80.0,4.0,0
flow_101.37,78.5,3.0,0
flow_301.42,94.0,4.0,0
flow_101.38,77.5,3.5,0
flow_301.43,91.5,3.5,0
flow_101.39,75.5,3.5,0
flow_1012.15,73.0,3.5,0
flow_3012.18,91.0,5.0,0
flow_301.44,89.0,3.0,0
flow_101.40,73.0,3.0,0
flow_10.11,69.0,3.0,0
flow_30.10,86.0,3.0,0
flow_301.45,85.5,3.0,0
flow_1012.16,72.0,4.5,0
flow_1012.17,36.0,4.5,0
flow_30.11,88.5,6.5,0
flow_20.12,54.5,4.0,0
flow_00.11,61.5,4.0,0
flow_00.12,40.5,3.0,0
flow_20.13,54.5,3.0,0
flow_00.13,38.5,3.0,0
flow_20.14,51.5,3.0,0
flow_001.30,29.5,2.0,0
flow_201.33,43.5,2.5,0
flow_001.31,29.0,2.5,0
flow_00.14,25.5,2.5,0
flow_201.34,42.5,3.5,0
flow_201.35,30.0,3.5,0
flow_201.36,28.0,3.5,0
flow_201.37,25.5,2.5,0
flow_20.15,23.0,2.0,0
flow_001.32,26.5,3.0,0
flow_20.16,22.5,2.0,0
flow_001.33,28.0,3.0,0
flow_001.34,27.0,3.0,0
flow_0012.12,27.5,4.0,0
flow_10.12,78.5,4.0,0
flow_301.46,132.5,3.5,0
flow_30.12,130.5,3.0,0
flow_101.41,80.0,3.0,0
flow_301.47,91.0,3.0,0
flow_101.42,78.0,3.0,0
flow_301.48,87.5,3.0,0
flow_101.43,77.5,3.0,0
flow_3012.19,85.5,4.0,0
flow_101.44,79.5,6.5,0
flow_3012.20,87.0,6.0,0
flow_3012.21,85.0,5.0,0
flow_301.49,82.0,2.5,0
flow_101.45,84.0,4.0,0
flow_3012.22,83.5,4.5,0
flow_3012.23,81.5,5.0,0
flow_301.50,79.5,3.0,0
flow_101.46,88.5,4.0,0
flow_301.51,77.0,3.0,0
flow_101.47,88.0,3.0,0
flow_3012.24,37.5,5.0,0
flow_2012.13,74.0,4.5,0
flow_001.35,77.0,7.5,0
flow_201.38,74.0,3.0,0
flow_20.17,52.0,3.0,0
flow_001.36,32.5,3.0,0
flow_20.18,47.5,2.5,0
flow_2012.14,41.5,3.5,0
flow_0012.13,35.0,6.0,0
flow_00.15,31.0,3.5,0
flow_001.37,32.0,3.5,0
flow_0012.14,30.0,3.5,0
flow_00.16,26.5,3.0,0
flow_001.38,26.0,2.5,0
flow_00.17,23.0,2.0,0
flow_2012.15,26.5,3.5,0
flow_001.39,28.5,3.5,0
flow_00.18,25.0,2.5,0
flow_1012.18,135.0,4.5,0
flow_10.13,133.5,3.0,0
flow_301.52,83.5,7.0,0
flow_1012.19,134.0,4.0,0
flow_30.13,84.5,6.0,0
flow_101.48,132.0,3.0,0
flow_30.14,82.5,4.0,0
flow_1012.20,100.0,4.5,0
flow_1012.21,97.5,4.0,0
flow_10.14,94.0,3.0,0
flow_301.53,88.5,7.0,0
flow_1012.22,96.5,4.5,0
flow_101.49,92.0,3.0,0
flow_10.15,83.5,2.5,0
flow_301.54,91.5,3.5,0
flow_30.15,87.5,3.0,0
flow_101.50,81.5,2.5,0
flow_301.55,87.5,2.5,0
flow_1012.23,72.5,5.0,0
flow_101.51,35.0,3.0,0
flow_20.19,48.5,4.0,0
flow_001.40,73.0,3.5,0
flow_001.41,63.5,3.5,0
flow_001.42,52.0,3.5,0
flow_001.43,51.0,3.5,0
flow_201.39,24.5,2.5,0
flow_001.44,50.0,3.0,0
flow_001.45,49.5,3.5,0
flow_201.40,25.0,2.5,0
flow_001.46,44.0,3.5,0
flow_001.47,39.5,3.5,0
flow_0012.15,35.5,3.5,0
flow_001.48,25.0,2.5,0
flow_00.19,23.5,2.0,0
flow_2012.16,26.0,3.5,0
flow_10.16,78.0,4.0,0
flow_301.56,138.5,3.5,0
flow_1012.24,79.0,4.0,0
flow_3012.25,140.0,4.0,0
flow_10.17,78.0,3.0,0
flow_301.57,138.0,3.0,0
flow_30.16,134.5,2.5,0
flow_101.52,78.5,3.0,0
flow_301.58,135.5,3.0,0
flow_101.53,77.0,3.0,0
flow_1012.25,75.5,3.5,0
flow_10.18,71.5,2.5,0
flow_3012.26,99.5,4.5,0
flow_301.59,95.5,3.5,0
flow_10.19,72.0,2.5,0
flow_3012.27,95.0,5.5,0
flow_30.17,90.0,3.0,0
flow_101.54,75.5,3.0,0
flow_3012.28,88.5,5.0,0
flow_3012.29,86.5,4.5,0
flow_301.60,83.5,3.0,0
flow_101.55,80.5,4.5,0
flow_001.49,73.0,3.5,0
flow_201.41,75.0,3.5,0
flow_0012.16,71.5,4.0,0
flow_201.42,61.5,7.0,0
flow_0012.17,65.0,5.0,0
flow_00.20,62.5,3.5,0
flow_001.50,61.5,3.0,0
flow_001.51,44.0,3.0,0
flow_001.52,35.0,3.5,0
flow_2012.17,26.5,3.5,0
flow_10.20,124.5,4.0,0
flow_301.61,85.5,3.5,0
flow_30.18,81.5,3.0,0
flow_10.21,123.5,3.0,0
flow_10.22,91.0,3.0,0
flow_3012.30,84.5,6.0,0
flow_301.62,83.5,3.0,0
flow_30.19,80.0,3.0,0
flow_101.56,95.5,3.5,0
flow_101.57,94.0,3.5,0
flow_3012.31,84.5,6.0,0
flow_301.63,81.5,3.5,0
flow_101.58,95.0,4.0,0
flow_301.64,79.5,3.0,0
flow_101.59,93.5,3.0,0
flow_10.23,90.5,3.0,0
flow_301.65,79.0,3.0,0
flow_10.24,88.5,2.5,0
flow_301.66,77.5,3.0,0
flow_30.20,73.0,3.0,0
flow_30.21,71.5,2.5,0
flow_101.60,88.0,2.5,0
flow_101.61,87.0,3.0,0
flow_00.21,70.0,4.0,0
flow_201.43,74.0,3.5,0
flow_001.53,70.0,3.0,0
flow_2012.18,76.5,5.0,0
flow_0012.18,65.0,3.5,0
flow_201.44,29.0,3.0,0
flow_001.54,64.5,3.0,0
flow_001.55,62.0,3.0,0
flow_0012.19,59.0,3.5,0
flow_2012.19,31.0,5.5,0
flow_001.56,59.0,3.0,0
flow_20.20,26.5,3.0,0
flow_201.45,31.5,3.5,0
flow_001.57,58.5,3.0,0
flow_001.58,57.0,3.5,0
flow_0012.20,53.0,3.5,0
flow_00.22,49.5,2.5,0
flow_2012.20,30.0,5.5,0
flow_201.46,28.5,3.0,0
flow_0012.21,47.5,4.0,0
flow_001.59,32.0,3.0,0
flow_201.47,31.0,5.5,0
flow_201.48,31.0,3.5,0
flow_3012.32,84.5,4.5,0
flow_301.67,83.0,3.0,0
flow_101.62,136.5,4.0,0
flow_301.68,81.5,3.0,0
flow_30.22,80.5,3.5,0
flow_1012.26,95.0,5.5,0
flow_101.63,89.0,3.0,0
flow_30.23,80.0,3.0,0
flow_101.64,87.0,3.0,0
flow_30.24,78.5,3.0,0
flow_1012.27,87.0,6.5,0
flow_10.25,85.0,3.5,0
flow_301.69,81.0,2.5,0
flow_101.65,83.5,2.5,0
flow_30.25,78.5,2.5,0
flow_1012.28,85.0,5.5,0
flow_101.66,83.0,3.0,0
flow_10.26,77.5,3.0,0
flow_301.70,84.5,3.0,0
flow_101.67,79.0,3.0,0
flow_301.71,84.5,3.5,0
flow_00.23,65.5,4.0,0
flow_20.21,74.0,4.0,0
flow_001.60,60.5,3.0,0
flow_0012.22,59.0,3.5,0
flow_2012.21,76.5,5.0,0
flow_00.24,41.5,2.5,0
flow_201.49,76.5,3.5,0
flow_00.25,33.0,2.5,0
flow_201.50,75.5,3.0,0
flow_0012.23,26.0,3.5,0
flow_20.22,74.5,5.5,0
flow_2012.22,73.0,4.5,0
flow_2012.23,72.0,3.5,0
flow_20.23,69.0,3.0,0
flow_2012.24,68.5,3.0,0
flow_201.51,66.5,2.5,0
flow_20.24,55.5,2.5,0
flow_2012.25,66.0,4.0,0
flow_3012.33,130.0,4.5,0
flow_301.72,128.5,3.0,0
flow_101.68,126.5,7.5,0
flow_30.26,92.0,3.0,0
flow_1012.29,92.0,6.0,0
flow_30.27,91.0,5.5,0
flow_10.27,87.5,3.5,0
flow_301.73,89.0,3.0,0
flow_1012.30,88.5,4.5,0
flow_10.28,86.0,3.0,0
flow_301.74,91.5,4.0,0
flow_1012.31,86.0,4.0,0
flow_1012.32,73.5,4.5,0
flow_101.69,72.0,3.0,0
flow_301.75,96.5,4.0,0
flow_30.28,92.5,3.0,0
flow_101.70,70.5,3.0,0
flow_101.71,67.5,3.5,0
flow_3012.34,94.0,4.5,0
flow_301.76,91.0,2.5,0
flow_10.29,54.5,5.5,0
flow_201.52,84.5,3.5,0
flow_001.61,72.0,3.5,0
flow_201.53,82.0,3.0,0
flow_001.62,70.5,3.0,0
flow_0012.24,64.0,4.0,0
flow_00.26,60.0,2.5,0
flow_201.54,84.5,7.0,0
flow_001.63,60.0,2.5,0
flow_201.55,83.0,3.0,0
flow_001.64,48.5,3.0,0
flow_20.25,64.0,2.5,0
flow_2012.26,76.5,4.0,0
flow_001.65,48.0,4.0,0
flow_201.56,40.5,2.5,0
flow_001.66,47.5,3.5,0
flow_201.57,26.5,3.0,0
flow_001.67,43.5,3.0,0
flow_00.27,34.5,2.5,0
flow_2012.27,25.0,3.5,0
flow_001.68,35.0,6.5,0
flow_2012.28,28.5,4.5,0
flow_201.0,26.5,3.0,0
flow_201.1,26.0,3.0,0
flow_20.0,21.5,2.0,0
flow_00.0,21.5,1.5,0
flow_2012.0,26.5,4.0,0
flow_101.0,51.0,3.5,0
flow_301.0,56.5,3.5,0
flow_101.1,43.5,3.0,0
flow_30.0,47.0,2.5,0
flow_301.1,56.5,3.5,0
flow_101.2,39.0,3.5,0
flow_3012.0,47.5,3.5,0
flow_101.3,40.5,6.5,0
flow_3012.1,41.0,5.5,0
flow_101.4,35.0,4.0,0
flow_1012.0,33.5,3.5,0
flow_10.0,31.0,2.5,0
flow_101.5,31.0,2.5,0
flow_3012.2,24.0,2.5,0
flow_2012.1,57.0,4.5,0
flow_001.0,75.5,7.5,0
flow_2012.2,49.0,5.0,0
flow_2012.3,35.5,4.5,0
flow_00.1,77.0,5.5,0
flow_001.1,76.0,3.0,0
flow_201.2,24.0,2.5,0
flow_001.2,76.0,3.0,0
flow_001.3,75.0,3.0,0
flow_001.4,73.0,3.0,0
flow_001.5,72.5,3.5,0
flow_001.6,71.5,3.5,0
flow_00.2,65.5,3.0,0
flow_001.7,70.0,3.5,0
flow_001.8,60.5,3.0,0
flow_1012.1,71.5,4.5,0
flow_10.1,66.5,3.0,0
flow_301.2,55.5,7.5,0
flow_30.1,53.5,3.5,0
flow_101.6,54.5,3.0,0
flow_10.2,50.0,2.5,0
flow_30.2,52.0,3.0,0
flow_301.3,49.5,2.5,0
flow_30.3,37.0,3.0,0
flow_1012.2,54.5,6.0,0
flow_101.7,50.5,2.5,0
flow_101.8,50.5,3.5,0
flow_301.4,39.0,3.0,0
flow_301.5,37.5,3.5,0
flow_1012.3,29.0,6.0,0
flow_10.3,24.0,2.5,0
flow_301.6,39.5,3.5,0
flow_3012.3,38.0,3.5,0
flow_10.4,20.5,2.0,0
flow_00.3,101.5,4.0,0
flow_0012.0,84.5,3.5,0
flow_2012.4,53.5,7.5,0
flow_00.4,80.0,3.0,0
flow_20.1,49.5,3.5,0
flow_20.2,47.0,3.0,0
flow_0012.1,83.0,5.5,0
flow_001.9,82.0,3.0,0
flow_201.3,35.0,3.0,0
flow_001.10,72.5,3.0,0
flow_001.11,67.0,3.0,0
flow_201.4,33.0,3.0,0
flow_00.5,46.0,2.5,0
flow_20.3,20.5,1.5,0
flow_001.12,43.0,2.5,0
flow_00.6,39.0,2.5,0
flow_0012.2,24.5,3.0,0
flow_0012.3,27.0,4.0,0
flow_3012.4,71.0,4.0,0
flow_30.4,69.5,3.0,0
flow_30.5,58.5,3.0,0
flow_101.9,55.0,7.5,0
flow_101.10,52.5,3.5,0
flow_10.5,49.0,3.0,0
flow_301.7,36.0,2.5,0
flow_1012.4,49.5,3.5,0
flow_3012.5,33.0,4.0,0
flow_30.6,29.5,2.5,0
flow_101.11,49.5,3.5,0
flow_301.8,27.5,2.5,0
flow_101.12,49.0,3.5,0
flow_101.13,32.0,3.5,0
flow_101.14,31.5,3.5,0
flow_30.7,24.0,3.0,0
flow_3012.6,29.5,5.0,0
flow_101.15,27.0,3.5,0
flow_301.9,25.0,2.5,0
flow_30.8,22.5,2.0,0
flow_00.7,71.0,4.0,0
flow_201.5,71.0,3.5,0
flow_001.13,72.0,3.0,0
flow_201.6,57.5,3.0,0
flow_20.4,51.0,3.0,0
flow_001.14,71.0,3.0,0
flow_2012.5,51.5,4.0,0
flow_0012.4,71.0,4.0,0
flow_001.15,69.5,3.0,0
flow_201.7,51.5,3.5,0
flow_201.8,43.0,3.5,0
flow_001.16,69.5,3.5,0
flow_001.17,68.0,3.5,0
flow_201.9,42.5,3.5,0
flow_001.18,66.5,3.0,0
flow_00.8,52.5,2.5,0
flow_201.10,33.0,3.0,0
flow_201.11,31.5,3.0,0
flow_001.19,41.5,2.5,0
flow_00.9,27.5,2.5,0
flow_001.20,28.5,3.0,0
flow_00.10,25.5,2.5,0
flow_20.5,21.0,1.5,0
flow_00.11,24.0,2.5,0
flow_3012.7,60.5,4.0,0
flow_301.10,51.5,3.0,0
flow_101.16,69.5,7.0,0
flow_101.17,69.0,3.0,0
flow_301.11,24.5,2.0,0
flow_101.18,68.0,2.5,0
flow_101.19,29.5,3.0,0
flow_10.6,22.5,2.0,0
flow_101.20,25.5,2.5,0
flow_10.7,21.0,1.5,0
flow_301.12,25.5,2.5,0
flow_00.12,70.0,4.0,0
flow_201.12,68.0,3.5,0
flow_00.13,64.5,3.0,0
flow_201.13,48.5,3.0,0
flow_001.21,59.0,2.5,0
flow_201.14,43.5,3.0,0
flow_2012.6,26.0,3.5,0
flow_0012.5,54.0,4.0,0
flow_0012.6,54.5,4.5,0
flow_20.6,27.5,5.5,0
flow_0012.7,46.0,7.5,0
flow_0012.8,43.5,5.0,0
flow_001.22,40.0,3.0,0
flow_201.15,34.5,3.0,0
flow_001.23,39.5,3.0,0
flow_20.7,30.0,3.0,0
flow_201.16,34.5,3.5,0
flow_001.24,38.5,3.5,0
flow_001.25,38.5,3.5,0
flow_201.17,31.0,3.0,0
flow_2012.7,29.5,3.5,0
flow_3012.8,71.5,4.5,0
flow_30.9,66.5,3.0,0
flow_101.21,75.0,7.5,0
flow_30.10,66.5,3.0,0
flow_1012.5,76.0,4.5,0
flow_101.22,57.0,3.0,0
flow_301.13,70.5,4.0,0
flow_101.23,33.5,3.0,0
flow_3012.9,47.0,4.5,0
flow_101.24,35.0,3.5,0
flow_1012.6,33.5,3.5,0
flow_101.25,32.0,2.5,0
flow_1012.7,32.0,3.5,0
flow_101.26,29.0,2.5,0
flow_101.27,29.0,3.0,0
flow_101.28,27.5,3.0,0
flow_0012.9,58.0,4.5,0
flow_20.8,78.0,6.5,0
flow_001.26,57.5,3.0,0
flow_2012.8,77.0,5.0,0
flow_20.9,61.5,3.5,0
flow_001.27,59.5,3.5,0
flow_2012.9,44.0,4.5,0
flow_20.10,39.0,3.0,0
flow_00.14,59.0,5.0,0
flow_001.28,59.0,3.5,0
flow_2012.10,31.5,5.0,0
flow_0012.10,57.5,4.0,0
flow_001.29,55.5,3.0,0
flow_201.18,32.5,3.5,0
flow_0012.11,55.5,4.5,0
flow_00.15,46.5,2.5,0
flow_201.19,33.5,4.0,0
flow_0012.12,47.5,4.5,0
flow_2012.11,32.5,3.5,0
flow_00.16,45.0,3.5,0
flow_201.20,32.0,3.0,0
flow_001.30,45.0,3.0,0
flow_2012.12,32.5,6.0,0
flow_10.8,73.5,4.0,0
flow_3012.10,58.5,6.5,0
flow_30.11,33.5,3.5,0
flow_101.29,77.5,3.0,0
flow_301.14,26.5,2.5,0
flow_1012.8,78.5,4.5,0
flow_1012.9,49.0,4.0,0
flow_1012.10,47.5,4.5,0
flow_101.30,45.5,3.0,0
flow_301.15,25.0,2.5,0
flow_10.9,38.5,3.0,0
flow_101.31,45.5,3.0,0
flow_1012.11,38.0,3.5,0
flow_101.32,26.5,3.0,0
flow_1012.12,24.0,3.0,0
flow_30.12,20.5,2.0,0
flow_0012.13,85.0,4.5,0
flow_2012.13,75.5,5.0,0
flow_0012.14,82.0,4.0,0
flow_00.17,79.0,3.0,0
flow_201.21,77.5,4.0,0
flow_001.31,78.5,2.5,0
flow_00.18,76.0,2.5,0
flow_201.22,62.0,3.0,0
flow_001.32,75.5,3.0,0
flow_201.23,61.0,3.0,0
flow_201.24,32.0,3.5,0
flow_001.33,75.5,3.0,0
flow_2012.14,30.0,4.0,0
flow_201.25,27.5,2.5,0
flow_001.34,76.0,3.5,0
flow_201.26,29.5,3.5,0
flow_2012.15,24.5,3.0,0
flow_0012.15,78.5,6.0,0
flow_00.19,60.5,4.5,0
flow_20.11,22.5,2.0,0
flow_001.35,59.5,3.0,0
flow_20.12,21.5,2.0,0
flow_00.20,53.5,2.5,0
flow_101.33,74.5,3.5,0
flow_30.13,67.5,4.0,0
flow_3012.11,66.0,4.0,0
flow_30.14,62.5,3.0,0
flow_101.34,69.5,7.0,0
flow_301.16,46.5,2.5,0
flow_30.15,37.5,2.5,0
flow_101.35,50.0,3.5,0
flow_1012.13,42.5,4.5,0
flow_10.10,26.5,3.0,0
flow_30.16,35.0,5.0,0
flow_301.17,33.0,3.0,0
flow_301.18,33.5,3.5,0
flow_3012.12,27.0,3.0,0
flow_1012.14,25.0,3.0,0
flow_10.11,20.0,1.5,0
flow_3012.13,27.0,5.5,0
flow_001.36,85.0,3.5,0
flow_201.27,71.0,3.5,0
flow_001.37,83.5,3.0,0
flow_201.28,70.5,3.0,0
flow_0012.16,83.5,4.0,0
flow_001.38,80.5,2.5,0
flow_201.29,73.5,7.0,0
flow_20.13,70.5,3.0,0
flow_001.39,77.0,3.0,0
flow_20.14,69.5,3.0,0
flow_001.40,70.0,3.0,0
flow_001.41,68.5,2.5,0
flow_201.30,69.5,3.0,0
flow_001.42,39.0,3.0,0
flow_201.31,68.0,3.5,0
flow_20.15,64.0,2.5,0
flow_001.43,38.0,3.0,0
flow_201.32,57.0,2.5,0
flow_2012.16,54.0,3.0,0
flow_00.21,21.5,2.0,0
flow_20.16,45.0,2.5,0
flow_20.17,38.0,2.5,0
flow_20.18,32.0,2.5,0
flow_101.36,73.0,3.5,0
flow_301.19,70.0,4.0,0
flow_30.17,64.5,3.0,0
flow_101.37,72.5,3.0,0
flow_101.38,58.5,3.0,0
flow_301.20,52.5,3.0,0
flow_10.12,51.0,2.5,0
flow_301.21,44.0,3.0,0
flow_10.13,46.5,2.5,0
flow_10.14,45.0,2.5,0
flow_301.22,44.5,3.0,0
flow_10.15,42.0,2.5,0
flow_301.23,37.5,3.0,0
flow_30.18,33.5,3.0,0
flow_1012.15,41.5,4.0,0
flow_3012.14,34.0,3.5,0
flow_10.16,35.0,2.5,0
flow_301.24,34.0,3.5,0
flow_101.39,27.5,3.0,0
flow_1012.16,25.5,3.0,0
flow_101.40,26.0,2.5,0
flow_101.41,27.0,3.0,0
flow_201.33,77.0,3.5,0
flow_0012.17,74.0,6.5,0
flow_0012.18,72.5,4.0,0
flow_001.44,71.0,3.0,0
flow_201.34,42.0,4.5,0
flow_20.19,38.5,3.0,0
flow_001.45,70.0,3.0,0
flow_00.22,67.5,3.0,0
flow_201.35,40.5,3.0,0
flow_2012.17,37.0,3.0,0
flow_0012.19,69.5,5.0,0
flow_2012.18,37.0,3.5,0
flow_0012.20,68.0,5.0,0
flow_00.23,39.0,3.5,0
flow_201.36,36.5,3.5,0
flow_001.46,39.0,2.5,0
flow_2012.19,35.5,4.5,0
flow_2012.20,35.0,4.5,0
flow_201.37,31.5,3.0,0
flow_001.47,43.5,4.0,0
flow_201.38,30.5,3.5,0
flow_0012.21,44.0,4.0,0
flow_3012.15,72.5,5.0,0
flow_101.42,78.0,7.5,0
flow_30.19,58.5,3.5,0
flow_3012.16,74.0,5.5,0
flow_101.43,71.5,4.0,0
flow_1012.17,69.0,3.5,0
flow_3012.17,50.0,4.5,0
flow_101.44,64.5,3.0,0
flow_301.25,38.5,3.5,0
flow_101.45,64.0,3.5,0
flow_3012.18,40.0,5.0,0
flow_30.20,38.5,3.5,0
flow_101.46,50.5,3.5,0
flow_30.21,36.5,3.5,0
flow_1012.18,49.5,4.0,0
flow_10.17,47.5,3.0,0
flow_301.26,38.0,6.5,0
flow_1012.19,48.0,4.0,0
flow_101.47,45.0,2.5,0
flow_001.48,87.5,3.5,0
flow_201.39,72.0,3.5,0
flow_001.49,86.0,3.5,0
flow_201.40,57.5,3.5,0
flow_001.50,84.5,3.5,0
flow_201.41,56.0,3.5,0
flow_2012.21,55.0,4.0,0
flow_201.42,51.5,2.5,0
flow_20.20,26.5,2.5,0
flow_001.51,87.0,7.0,0
flow_00.24,84.0,3.0,0
flow_20.21,25.0,2.5,0
flow_0012.22,64.5,4.0,0
flow_001.52,61.0,3.0,0
flow_201.43,25.0,2.5,0
flow_00.25,56.0,2.5,0
flow_001.53,54.5,2.5,0
flow_00.26,51.5,2.5,0
flow_201.44,26.0,3.0,0
flow_001.54,39.0,2.5,0
flow_00.27,34.0,2.5,0
flow_201.45,26.5,3.0,0
flow_001.55,33.5,2.5,0
flow_301.27,82.5,3.5,0
flow_101.48,89.0,3.5,0
flow_301.28,83.0,3.0,0
flow_1012.20,80.5,5.5,0
flow_101.49,68.5,3.0,0
flow_10.18,66.0,3.0,0
flow_301.29,83.0,4.0,0
flow_301.30,82.0,3.0,0
flow_101.50,54.0,2.5,0
flow_30.22,45.0,3.0,0
flow_101.51,53.0,3.0,0
flow_301.31,44.5,2.5,0
flow_1012.21,52.5,4.5,0
flow_101.52,50.5,3.0,0
flow_10.19,47.0,2.5,0
flow_301.32,36.5,3.5,0
flow_301.33,26.5,3.0,0
flow_101.53,43.5,2.5,0
flow_101.54,37.5,3.0,0
flow_301.34,27.0,3.0,0
flow_101.55,35.0,3.0,0
flow_301.35,25.5,2.5,0
flow_201.46,74.5,3.5,0
flow_00.28,79.5,4.0,0
flow_20.22,72.5,3.0,0
flow_00.29,75.5,3.0,0
flow_00.30,72.5,3.0,0
flow_201.47,72.5,3.0,0
flow_0012.23,43.0,4.0,0
flow_00.31,40.5,2.5,0
flow_20.23,75.0,6.0,0
flow_201.48,64.5,3.5,0
flow_001.56,37.5,2.5,0
flow_00.32,27.5,2.5,0
flow_20.24,58.0,3.0,0
flow_00.33,25.5,2.0,0
flow_201.49,54.5,2.5,0
flow_2012.22,51.5,3.0,0
flow_0012.24,27.0,4.0,0
flow_2012.23,49.0,3.5,0
flow_20.25,45.0,2.5,0
flow_00.34,27.5,5.0,0
flow_20.26,32.0,2.5,0
flow_0012.25,28.0,6.0,0
flow_001.57,26.5,2.5,0
flow_201.50,36.0,3.0,0
flow_0012.26,27.0,4.0,0
flow_3012.19,73.0,4.5,0
flow_1012.22,73.5,4.5,0
flow_10.20,55.0,3.0,0
flow_301.36,73.0,3.0,0
flow_101.56,38.5,3.0,0
flow_301.37,64.0,3.0,0
flow_101.57,35.0,3.0,0
flow_301.38,42.5,3.0,0
flow_3012.20,41.0,4.0,0
flow_1012.23,35.5,4.5,0
flow_101.58,31.5,3.0,0
flow_301.39,28.5,3.5,0
flow_10.21,21.5,2.0,0
flow_30.23,21.0,2.0,0
flow_10.22,21.0,2.0,0
flow_101.59,25.5,2.5,0
flow_201.51,83.5,3.5,0
flow_0012.27,71.5,6.5,0
flow_001.58,64.0,3.0,0
flow_201.52,81.0,4.0,0
flow_001.59,46.5,3.0,0
flow_2012.24,71.0,4.5,0
flow_00.35,45.5,3.5,0
flow_201.53,68.0,3.0,0
flow_001.60,43.5,2.5,0
flow_2012.25,69.0,5.5,0
flow_20.27,63.0,3.5,0
flow_00.36,31.5,3.5,0
flow_001.61,28.0,2.5,0
flow_2012.26,66.5,5.5,0
flow_201.54,64.5,3.0,0
flow_001.62,31.5,4.0,0
flow_201.55,57.5,3.0,0
flow_001.63,30.0,3.0,0
flow_2012.27,58.5,4.5,0
flow_2012.28,28.0,4.5,0
flow_301.40,65.5,3.5,0
flow_101.60,47.5,3.5,0
flow_10.23,27.0,3.0,0
flow_3012.21,67.5,6.0,0
flow_3012.22,59.5,4.0,0
flow_301.41,54.0,3.0,0
flow_301.42,51.5,3.5,0
flow_101.61,26.0,3.0,0
flow_301.43,50.5,3.5,0
flow_3012.23,48.0,3.5,0
flow_30.24,45.0,2.5,0
flow_301.44,45.0,2.5,0
flow_30.25,42.0,2.5,0
flow_3012.24,40.5,2.5,0
flow_3012.25,40.0,3.5,0
flow_3012.26,31.5,4.0,0
flow_3012.27,24.5,3.0,0
flow_201.56,61.5,3.5,0
flow_001.64,83.0,4.0,0
flow_20.28,49.0,3.0,0
flow_001.65,76.5,3.0,0
flow_001.66,63.5,2.5,0
flow_20.29,36.0,3.5,0
flow_2012.29,50.5,5.5,0
flow_001.67,65.5,3.5,0
flow_201.57,29.5,2.5,0
flow_2012.30,29.0,3.5,0
flow_0012.28,66.5,5.0,0
flow_0012.29,58.5,4.5,0
flow_00.37,47.0,3.0,0
flow_20.30,27.5,4.0,0
flow_20.31,26.0,2.5,0
flow_0012.30,50.0,6.5,0
flow_001.68,48.5,3.0,0
flow_20.32,29.0,5.5,0
flow_201.58,27.0,3.0,0
flow_0012.31,43.0,5.0,0
flow_00.38,25.0,3.0,0
flow_0012.32,29.5,5.0,0
flow_301.45,70.5,3.5,0
flow_101.62,61.5,3.5,0
flow_101.63,60.0,3.0,0
flow_301.46,68.0,3.5,0
flow_101.64,59.5,3.5,0
flow_301.47,53.5,3.5,0
flow_301.48,52.0,3.0,0
flow_101.65,58.5,3.5,0
flow_30.26,49.0,2.5,0
flow_101.66,57.0,3.0,0
flow_301.49,48.0,3.0,0
flow_10.24,49.5,3.5,0
flow_1012.24,55.0,5.5,0
flow_30.27,42.0,3.5,0
flow_30.28,27.0,3.0,0
flow_101.67,49.5,2.5,0
flow_101.68,44.0,3.0,0
flow_101.69,38.5,3.0,0
flow_101.70,31.5,3.5,0
flow_1012.25,29.5,3.5,0
flow_201.59,80.0,3.5,0
flow_0012.33,67.0,6.5,0
flow_001.69,61.5,3.0,0
flow_201.60,74.5,4.0,0
flow_0012.34,62.0,4.5,0
flow_0012.35,60.5,4.0,0
flow_00.39,56.5,3.0,0
flow_201.61,63.0,4.5,0
flow_001.70,57.0,3.0,0
flow_00.40,52.5,2.5,0
flow_20.33,55.5,3.0,0
flow_20.34,54.5,3.0,0
flow_001.71,53.5,2.5,0
flow_20.35,53.5,2.5,0
flow_001.72,52.0,2.5,0
flow_0012.36,46.5,3.5,0
flow_2012.31,53.5,3.5,0
flow_0012.37,33.5,3.5,0
flow_001.73,30.0,2.5,0
flow_201.62,55.5,3.5,0
flow_201.63,54.0,3.0,0
flow_001.74,30.0,3.0,0
flow_0012.38,30.0,4.5,0
flow_10.25,50.5,4.0,0
flow_0012.0,26.0,3.5,0
flow_201.0,28.5,5.5,0
flow_2012.0,26.5,4.0,0
flow_201.1,24.5,2.5,0
flow_2012.1,26.0,3.5,0
flow_20.0,22.0,2.0,0
flow_001.0,29.5,6.5,0
flow_301.0,52.0,3.5,0
flow_1012.0,38.5,6.5,0
flow_1012.1,37.5,4.5,0
flow_10.0,34.5,3.0,0
flow_301.1,53.0,4.5,0
flow_101.0,30.5,2.5,0
flow_301.2,43.5,3.0,0
flow_101.1,31.0,3.0,0
flow_3012.0,44.0,4.5,0
flow_30.0,37.5,3.5,0
flow_101.2,33.5,4.5,0
flow_301.3,25.0,2.5,0
flow_101.3,31.5,3.5,0
flow_1012.2,24.5,3.0,0
flow_001.1,71.5,3.5,0
flow_201.2,59.0,3.5,0
flow_0012.1,70.5,3.5,0
flow_001.2,68.5,2.5,0
flow_201.3,61.5,6.5,0
flow_00.0,67.0,2.5,0
flow_201.4,60.5,3.5,0
flow_00.1,59.0,2.5,0
flow_201.5,60.0,3.0,0
flow_20.1,56.0,3.0,0
flow_001.3,55.5,3.0,0
flow_00.2,52.5,2.5,0
flow_201.6,53.0,3.0,0
flow_001.4,53.5,2.5,0
flow_2012.2,46.5,4.5,0
flow_20.2,25.5,2.5,0
flow_00.3,31.5,3.5,0
flow_00.4,29.5,3.0,0
flow_0012.2,30.5,4.0,0
flow_001.5,27.5,3.0,0
flow_201.7,28.5,3.5,0
flow_001.6,28.0,3.5,0
flow_30.1,66.5,4.0,0
flow_101.4,42.0,3.5,0
flow_10.1,37.5,3.0,0
flow_301.4,63.5,3.0,0
flow_1012.3,31.0,3.5,0
flow_10.2,25.0,2.5,0
flow_30.2,64.5,6.0,0
flow_301.5,45.0,3.0,0
flow_30.3,21.0,1.5,0
flow_301.6,28.0,3.5,0
flow_3012.1,24.5,3.0,0
flow_101.5,29.5,6.0,0
flow_201.8,69.0,3.5,0
flow_0012.3,77.0,6.5,0
flow_201.9,61.5,3.0,0
flow_2012.3,67.0,5.0,0
flow_201.10,53.5,3.0,0
flow_001.7,80.0,4.0,0
flow_00.5,75.0,3.0,0
flow_201.11,36.0,3.5,0
flow_001.8,80.0,3.5,0
flow_001.9,75.0,2.5,0
flow_201.12,34.5,3.5,0
flow_001.10,74.5,3.0,0
flow_201.13,33.0,3.5,0
flow_2012.4,32.0,4.5,0
flow_001.11,76.5,3.5,0
flow_00.6,73.0,3.0,0
flow_001.12,73.0,3.0,0
flow_00.7,69.5,2.5,0
flow_001.13,69.5,2.5,0
flow_101.6,71.5,3.5,0
flow_301.7,72.0,3.5,0
flow_301.8,72.0,3.0,0
flow_101.7,70.5,3.5,0
flow_30.4,54.0,3.0,0
flow_101.8,60.5,3.5,0
flow_30.5,45.5,2.5,0
flow_30.6,39.0,2.5,0
flow_101.9,48.5,3.5,0
flow_101.10,38.5,3.5,0
flow_10.3,34.5,3.0,0
flow_1012.4,28.0,3.5,0
flow_101.11,27.5,3.0,0
flow_10.4,22.5,2.5,0
flow_30.7,21.0,1.5,0
flow_10.5,21.0,1.5,0
flow_001.14,116.0,3.5,0
flow_201.14,73.5,3.5,0
flow_20.3,71.5,3.0,0
flow_00.8,86.0,3.0,0
flow_201.15,72.5,3.0,0
flow_0012.4,85.5,5.5,0
flow_2012.5,71.0,3.5,0
flow_20.4,68.5,2.5,0
flow_001.15,84.5,3.5,0
flow_20.5,66.5,2.5,0
flow_00.9,80.5,3.0,0
flow_201.16,66.5,2.5,0
flow_001.16,85.0,3.5,0
flow_201.17,62.5,2.5,0
flow_0012.5,82.5,4.5,0
flow_001.17,79.0,2.5,0
flow_201.18,59.0,4.0,0
flow_0012.6,79.5,4.5,0
flow_00.10,76.0,3.0,0
flow_201.19,60.5,4.0,0
flow_00.11,57.5,3.0,0
flow_0012.7,62.5,4.5,0
flow_201.20,58.0,4.0,0
flow_3012.2,66.0,4.5,0
flow_10.6,73.0,6.5,0
flow_301.9,38.5,3.0,0
flow_10.7,70.0,4.0,0
flow_301.10,35.0,3.0,0
flow_101.12,69.0,2.5,0
flow_1012.5,69.0,4.0,0
flow_101.13,52.5,2.5,0
flow_301.11,26.5,3.0,0
flow_1012.6,51.0,4.5,0
flow_1012.7,39.5,4.5,0
flow_30.8,20.5,1.5,0
flow_10.8,22.5,2.0,0
flow_101.14,27.5,3.0,0
flow_00.12,83.5,4.0,0
flow_2012.6,107.0,7.5,0
flow_201.21,92.5,3.5,0
flow_001.18,88.0,3.0,0
flow_2012.7,91.5,5.0,0
flow_201.22,84.0,3.0,0
flow_001.19,90.0,4.0,0
flow_201.23,69.5,3.0,0
flow_001.20,89.0,3.5,0
flow_201.24,67.5,3.0,0
flow_20.6,50.5,4.5,0
flow_0012.8,88.0,4.5,0
flow_001.21,86.0,3.0,0
flow_00.13,85.5,6.0,0
flow_2012.8,52.5,4.5,0
flow_201.25,49.0,2.5,0
flow_00.14,84.0,4.0,0
flow_201.26,49.0,3.5,0
flow_00.15,82.0,3.0,0
flow_201.27,47.0,3.0,0
flow_0012.9,83.0,4.5,0
flow_20.7,46.0,5.0,0
flow_101.15,73.5,3.5,0
flow_301.12,69.5,3.5,0
flow_301.13,66.0,3.0,0
flow_101.16,73.5,3.0,0
flow_3012.3,58.5,3.5,0
flow_301.14,35.5,2.5,0
flow_101.17,76.0,7.0,0
flow_101.18,74.5,3.0,0
flow_301.15,26.5,3.0,0
flow_1012.8,74.0,4.5,0
flow_3012.4,26.0,3.5,0
flow_101.19,75.0,3.5,0
flow_101.20,74.0,3.5,0
flow_1012.9,71.5,3.5,0
flow_101.21,65.0,2.5,0
flow_1012.10,63.0,3.0,0
flow_1012.11,58.5,3.0,0
flow_1012.12,51.0,3.5,0
flow_00.16,128.0,4.0,0
flow_201.28,84.5,3.5,0
flow_00.17,122.5,3.0,0
flow_2012.9,83.5,5.5,0
flow_00.18,91.5,5.5,0
flow_201.29,83.5,3.5,0
flow_20.8,80.0,3.0,0
flow_001.22,86.0,3.0,0
flow_00.19,83.0,3.0,0
flow_201.30,80.0,2.5,0
flow_001.23,81.0,2.5,0
flow_201.31,79.0,3.0,0
flow_0012.10,82.0,4.0,0
flow_2012.10,77.5,3.5,0
flow_2012.11,76.0,3.5,0
flow_20.9,73.0,3.0,0
flow_001.24,84.0,4.0,0
flow_2012.12,74.0,4.0,0
flow_0012.11,83.5,4.0,0
flow_00.20,79.0,2.5,0
flow_00.21,78.0,2.5,0
flow_201.32,62.5,3.5,0
flow_0012.12,78.0,3.5,0
flow_2012.13,63.0,5.0,0
flow_301.16,62.5,3.5,0
flow_101.22,85.0,3.5,0
flow_101.23,70.0,3.0,0
flow_301.17,64.0,3.5,0
flow_1012.13,58.0,4.0,0
flow_101.24,30.0,2.5,0
flow_301.18,65.5,7.0,0
flow_30.9,61.5,3.0,0
flow_30.10,60.0,3.0,0
flow_101.25,26.0,3.0,0
flow_30.11,57.5,3.0,0
flow_3012.5,62.0,4.5,0
flow_301.19,54.0,2.5,0
flow_30.12,43.0,2.5,0
flow_30.13,42.0,2.5,0
flow_101.26,25.0,2.5,0
flow_3012.6,43.0,3.5,0
flow_20.10,83.0,4.0,0
flow_00.22,83.5,4.0,0
flow_001.25,83.5,3.0,0
flow_2012.14,85.0,5.0,0
flow_201.33,70.5,2.5,0
flow_001.26,85.5,3.5,0
flow_00.23,83.5,4.5,0
flow_2012.15,72.5,4.5,0
flow_201.34,68.5,3.0,0
flow_001.27,83.5,3.0,0
flow_201.35,66.5,3.0,0
flow_2012.16,61.0,3.5,0
flow_0012.13,83.0,4.0,0
flow_2012.17,60.0,4.0,0
flow_2012.18,51.5,4.0,0
flow_001.28,88.0,7.0,0
flow_2012.19,53.5,5.5,0
flow_2012.20,52.0,5.0,0
flow_201.36,49.0,3.0,0
flow_001.29,93.0,4.0,0
flow_101.27,64.5,3.5,0
flow_301.20,71.0,3.5,0
flow_3012.7,62.5,4.0,0
flow_30.14,58.5,3.0,0
flow_10.9,65.0,6.0,0
flow_301.21,58.5,2.5,0
flow_301.22,51.0,3.0,0
flow_30.15,41.0,2.5,0
flow_301.23,27.5,3.0,0
flow_301.24,25.5,2.5,0
flow_301.25,25.5,2.5,0
flow_30.16,22.0,2.0,0
flow_101.28,26.0,3.0,0
flow_0012.14,139.5,4.5,0
flow_201.37,88.5,7.5,0
flow_001.30,138.0,3.0,0
flow_001.31,138.0,3.5,0
flow_0012.15,134.5,3.5,0
flow_00.24,95.5,2.5,0
flow_2012.21,91.0,6.0,0
flow_201.38,87.5,3.5,0
flow_00.25,93.0,2.5,0
flow_20.11,84.0,3.0,0
flow_201.39,83.0,3.5,0
flow_2012.22,80.5,3.5,0
flow_0012.16,97.0,6.0,0
flow_2012.23,79.0,3.5,0
flow_201.40,77.0,3.0,0
flow_001.32,98.5,4.5,0
flow_201.41,76.0,3.0,0
flow_0012.17,98.5,4.5,0
flow_001.33,95.0,3.0,0
flow_201.42,68.5,3.5,0
flow_001.34,92.0,2.5,0
flow_301.26,67.5,3.5,0
flow_101.29,69.5,3.5,0
flow_10.10,67.0,3.0,0
flow_30.17,66.5,3.0,0
flow_301.27,56.5,2.5,0
flow_101.30,64.5,3.0,0
flow_10.11,62.0,2.5,0
flow_30.18,55.0,2.5,0
flow_3012.8,54.0,3.0,0
flow_1012.14,62.5,3.0,0
flow_3012.9,54.0,3.5,0
flow_301.28,52.5,3.0,0
flow_101.31,65.0,6.0,0
flow_3012.10,51.5,4.0,0
flow_1012.15,64.5,4.0,0
flow_3012.11,50.0,4.0,0
flow_30.19,46.0,2.5,0
flow_101.32,65.0,4.0,0
flow_3012.12,34.5,4.5,0
flow_101.33,68.5,4.0,0
flow_1012.16,65.5,3.5,0
flow_3012.13,25.5,3.0,0
flow_2012.24,113.5,4.0,0
flow_00.26,135.5,6.5,0
flow_201.43,107.5,3.0,0
flow_001.35,90.0,3.0,0
flow_201.44,89.5,3.0,0
flow_001.36,87.5,3.0,0
flow_201.45,85.0,3.0,0
flow_001.37,88.0,3.5,0
flow_201.46,82.0,3.0,0
flow_20.12,71.5,3.0,0
flow_00.27,81.5,2.5,0
flow_001.38,86.0,3.5,0
flow_2012.25,59.0,4.0,0
flow_00.28,84.5,6.0,0
flow_201.47,41.0,3.0,0
flow_001.39,82.5,3.0,0
flow_2012.26,41.5,4.5,0
flow_001.40,84.5,3.5,0
flow_201.48,24.5,2.0,0
flow_001.41,83.0,3.0,0
flow_001.42,81.5,3.0,0
flow_2012.27,29.0,5.5,0
flow_30.20,53.5,4.0,0
flow_101.34,108.0,3.5,0
flow_30.21,40.0,3.0,0
flow_101.35,88.5,3.0,0
flow_10.12,77.5,3.0,0
flow_301.29,37.0,3.0,0
flow_101.36,54.5,2.5,0
flow_10.13,38.5,2.5,0
flow_10.14,33.0,2.5,0
flow_301.30,25.5,2.5,0
flow_30.22,22.0,2.0,0
flow_10.15,31.0,2.5,0
flow_3012.14,25.5,3.5,0
flow_101.37,26.0,3.0,0
flow_00.29,128.0,4.0,0
flow_201.49,74.0,3.5,0
flow_0012.18,88.0,3.5,0
flow_00.30,85.0,3.0,0
flow_201.50,76.5,6.5,0
flow_00.31,83.0,3.0,0
flow_20.13,66.5,3.5,0
flow_00.32,81.5,3.0,0
flow_2012.28,69.0,5.0,0
flow_20.14,65.0,3.0,0
flow_001.43,85.0,3.5,0
flow_20.15,64.0,3.0,0
flow_201.51,62.5,2.5,0
flow_001.44,84.0,3.0,0
flow_0012.19,84.5,4.0,0
flow_001.45,80.5,2.5,0
flow_00.33,77.0,2.5,0
flow_201.52,66.5,4.5,0
flow_20.16,62.5,3.0,0
flow_001.46,79.0,3.0,0
flow_201.53,59.0,2.5,0
flow_001.47,77.0,3.0,0
flow_2012.29,56.0,4.5,0
flow_101.38,60.5,3.5,0
flow_301.31,63.0,3.5,0
flow_10.16,51.5,3.0,0
flow_301.32,43.5,3.0,0
flow_1012.17,50.0,4.0,0
flow_301.33,40.0,7.0,0
flow_1012.18,44.0,5.5,0
flow_30.23,36.5,3.5,0
flow_101.39,40.5,3.0,0
flow_10.17,37.0,3.0,0
flow_3012.15,31.0,5.5,0
flow_101.40,35.0,3.0,0
flow_101.41,35.5,3.5,0
flow_10.18,31.5,3.0,0
flow_301.34,25.5,2.5,0
flow_10.19,30.5,3.0,0
flow_001.48,86.0,3.5,0
flow_201.54,102.0,3.5,0
flow_2012.30,89.0,4.0,0
flow_201.55,84.0,3.0,0
flow_001.49,87.0,6.5,0
flow_201.56,83.0,3.0,0
flow_001.50,86.5,3.0,0
flow_00.34,83.0,3.0,0
flow_201.57,79.0,3.0,0
flow_20.17,75.5,2.5,0
flow_001.51,82.5,2.5,0
flow_2012.31,74.5,3.5,0
flow_20.18,65.0,2.5,0
flow_001.52,85.0,4.0,0
flow_2012.32,67.0,4.0,0
flow_20.19,56.5,2.5,0
flow_00.35,84.5,5.5,0
flow_20.20,55.0,2.5,0
flow_001.53,83.5,3.0,0
flow_00.36,80.5,3.0,0
flow_201.58,53.5,2.0,0
flow_00.37,79.0,3.0,0
flow_201.59,31.0,2.5,0
flow_0012.20,79.5,3.5,0
flow_201.60,32.5,6.0,0
flow_3012.16,47.0,4.5,0
flow_101.42,77.5,7.5,0
flow_30.24,47.0,3.5,0
flow_10.20,68.0,3.5,0
flow_30.25,38.0,3.0,0
flow_30.26,24.5,2.5,0
flow_1012.19,71.0,5.5,0
flow_101.43,68.5,2.5,0
flow_301.35,25.5,3.0,0
flow_30.27,21.0,2.0,0
flow_101.44,68.5,3.5,0
flow_101.45,64.5,3.5,0
flow_30.28,21.0,2.0,0
flow_101.46,42.5,3.0,0
flow_30.29,21.0,1.5,0
flow_00.38,124.0,4.0,0
flow_201.61,76.0,3.5,0
flow_001.54,88.0,3.0,0
flow_201.62,76.0,3.5,0
flow_2012.33,74.5,4.0,0
flow_20.21,71.0,3.0,0
flow_0012.21,86.5,4.5,0
flow_001.55,83.5,3.5,0
flow_00.39,80.5,3.0,0
flow_20.22,71.0,2.5,0
flow_201.63,69.0,2.5,0
flow_00.40,79.5,3.0,0
flow_001.56,77.5,2.5,0
flow_201.64,68.5,3.0,0
flow_2012.34,64.0,4.0,0
flow_201.65,59.0,2.5,0
flow_001.57,81.0,6.0,0
flow_201.66,53.0,3.0,0
flow_20.23,49.5,2.5,0
flow_001.58,79.5,3.0,0
flow_001.59,78.5,3.0,0
flow_001.60,77.0,3.5,0
flow_001.61,75.0,3.5,0
flow_00.41,34.0,2.5,0
flow_30.30,63.0,4.0,0
flow_10.21,37.0,4.0,0
flow_30.31,50.0,3.0,0
flow_101.47,30.5,3.0,0
flow_1012.20,31.5,4.0,0
flow_3012.17,23.5,3.0,0
flow_101.48,24.0,2.0,0
flow_3012.18,26.5,4.5,0
flow_301.36,25.5,2.5,0
flow_1012.21,24.5,3.0,0
flow_10.22,22.5,2.0,0
flow_00.42,78.0,4.0,0
flow_20.24,66.0,4.0,0
flow_001.62,80.0,3.5,0
flow_0012.22,77.5,3.5,0
flow_2012.35,70.0,5.0,0
flow_20.25,62.5,3.5,0
flow_00.43,73.0,3.0,0
flow_201.67,62.5,3.0,0
flow_001.63,79.0,3.5,0
flow_001.64,74.0,3.0,0
flow_201.68,62.5,3.0,0
flow_001.65,72.5,2.5,0
flow_201.69,62.0,3.5,0
flow_2012.36,60.0,4.0,0
flow_20.26,56.5,3.0,0
flow_00.44,73.0,5.5,0
flow_201.70,55.5,2.5,0
flow_001.66,71.5,3.0,0
flow_0012.23,70.0,3.5,0
flow_2012.37,55.0,3.5,0
flow_00.45,62.0,2.5,0
flow_0012.24,70.0,4.0,0
flow_201.71,56.5,4.0,0
flow_00.46,32.0,2.5,0
flow_2012.38,50.0,5.0,0
flow_00.47,31.5,5.5,0
flow_101.49,70.0,3.5,0
flow_10.23,68.0,3.0,0
flow_301.37,61.5,4.0,0
flow_301.38,56.5,3.0,0
flow_101.50,64.0,3.0,0
flow_301.39,45.5,3.0,0
flow_101.51,44.5,3.0,0
flow_1012.22,28.0,3.5,0
flow_3012.19,45.0,5.0,0
flow_301.40,45.5,3.5,0
flow_30.32,35.0,3.0,0
flow_101.52,24.5,2.5,0
flow_301.41,27.0,3.0,0
flow_301.42,24.5,2.5,0
flow_3012.20,25.5,3.0,0
flow_20.27,83.5,4.0,0
flow_00.48,74.5,4.0,0
flow_001.67,75.0,3.0,0
flow_201.72,83.0,3.0,0
flow_0012.25,70.0,4.0,0
flow_2012.39,83.0,4.5,0
flow_201.73,79.0,3.5,0
flow_001.68,66.0,3.5,0
flow_2012.40,79.0,4.5,0
flow_201.74,73.5,2.5,0
flow_00.49,64.5,6.0,0
flow_00.50,62.5,4.0,0
flow_201.75,73.0,3.0,0
flow_20.28,69.5,2.5,0
flow_00.51,61.0,3.5,0
flow_20.29,68.0,2.5,0
flow_001.69,47.5,2.0,0
flow_2012.41,68.0,3.5,0
flow_201.76,67.0,3.0,0
flow_001.70,38.0,6.0,0
flow_00.52,35.0,3.0,0
flow_201.77,53.5,3.0,0
flow_001.71,34.5,2.5,0
flow_201.78,33.0,3.5,0
flow_0012.26,35.0,4.0,0
flow_301.43,66.5,3.5,0
flow_20.0,23.5,2.5,0
flow_20.1,22.0,2.0,0
flow_0012.0,24.5,3.0,0
flow_3012.0,54.0,4.5,0
flow_101.0,55.0,7.5,0
flow_3012.1,48.0,5.5,0
flow_3012.2,41.5,4.5,0
flow_301.0,38.5,2.5,0
flow_101.1,30.0,3.5,0
flow_301.1,27.0,3.0,0
flow_301.2,26.0,3.0,0
flow_30.0,21.5,2.0,0
flow_101.2,26.0,3.0,0
flow_2012.0,75.5,4.5,0
flow_00.0,37.0,7.0,0
flow_0012.1,30.0,4.0,0
flow_2012.1,72.5,6.0,0
flow_201.0,69.0,3.5,0
flow_20.2,66.0,3.0,0
flow_2012.2,66.0,3.0,0
flow_201.1,64.0,2.5,0
flow_201.2,62.0,3.0,0
flow_20.3,51.0,2.5,0
flow_001.0,26.5,3.0,0
flow_2012.3,54.0,5.5,0
flow_00.1,21.0,2.0,0
flow_201.3,52.0,3.0,0
flow_201.4,50.5,3.0,0
flow_201.5,42.0,3.5,0
flow_2012.4,34.0,3.5,0
flow_10.0,50.0,4.0,0
flow_301.3,72.5,3.5,0
flow_30.1,63.0,3.0,0
flow_101.3,37.5,3.5,0
flow_30.2,62.5,3.0,0
flow_3012.3,63.5,3.5,0
flow_3012.4,62.0,4.0,0
flow_3012.5,60.5,3.5,0
flow_301.4,59.0,3.0,0
flow_301.5,57.5,3.0,0
flow_301.6,55.0,3.5,0
flow_3012.6,53.0,3.5,0
flow_1012.0,26.5,4.0,0
flow_3012.7,52.0,4.0,0
flow_301.7,48.5,2.5,0
flow_301.8,31.5,3.0,0
flow_3012.8,29.5,4.0,0
flow_201.6,72.5,3.5,0
flow_001.1,73.0,3.5,0
flow_201.7,72.5,3.0,0
flow_001.2,52.5,3.0,0
flow_00.2,27.0,2.5,0
flow_20.4,70.5,3.0,0
flow_00.3,24.0,2.0,0
flow_201.8,71.0,3.0,0
flow_20.5,67.0,2.5,0
flow_201.9,66.5,2.5,0
flow_2012.5,64.5,3.0,0
flow_2012.6,64.0,3.0,0
flow_2012.7,63.5,3.5,0
flow_2012.8,62.0,4.0,0
flow_201.10,59.5,2.5,0
flow_2012.9,57.0,3.0,0
flow_201.11,30.0,2.5,0
flow_001.3,24.5,2.5,0
flow_2012.10,28.5,4.0,0
flow_301.9,75.0,3.5,0
flow_3012.9,74.0,3.5,0
flow_301.10,75.5,3.5,0
flow_3012.10,72.5,3.5,0
flow_30.3,69.0,2.5,0
flow_3012.11,69.5,3.5,0
flow_30.4,55.0,2.5,0
flow_301.11,52.0,3.0,0
flow_30.5,22.5,2.0,0
flow_3012.12,24.0,3.0,0
flow_301.12,27.5,3.5,0
flow_101.4,26.5,3.0,0
flow_301.13,26.5,3.0,0
flow_201.12,76.0,3.5,0
flow_001.4,42.5,3.5,0
flow_2012.11,74.5,3.5,0
flow_2012.12,75.0,4.0,0
flow_201.13,73.5,3.0,0
flow_201.14,72.0,3.0,0
flow_2012.13,69.0,3.5,0
flow_2012.14,68.0,3.5,0
flow_201.15,66.0,2.5,0
flow_001.5,29.0,4.0,0
flow_2012.15,65.5,3.5,0
flow_201.16,64.0,3.0,0
flow_00.4,21.5,2.0,0
flow_201.17,62.5,3.0,0
flow_201.18,61.5,3.0,0
flow_201.19,31.5,3.0,0
flow_201.20,29.5,3.0,0
flow_3012.13,73.5,4.5,0
flow_30.6,70.5,3.0,0
flow_101.5,65.5,7.5,0
flow_30.7,69.0,3.0,0
flow_101.6,49.0,3.5,0
flow_30.8,66.0,2.5,0
flow_301.14,70.5,3.0,0
flow_301.15,66.0,2.5,0
flow_101.7,25.0,2.5,0
flow_301.16,65.5,3.0,0
flow_301.17,63.5,3.0,0
flow_301.18,43.0,3.0,0
flow_30.9,39.5,2.5,0
flow_3012.14,39.0,3.0,0
flow_3012.15,38.0,3.5,0
flow_30.10,21.5,2.0,0
flow_001.6,70.5,3.5,0
flow_201.21,77.5,4.0,0
flow_00.5,51.5,3.0,0
flow_201.22,76.0,3.5,0
flow_201.23,75.0,3.5,0
flow_201.24,74.0,3.5,0
flow_2012.16,71.5,3.5,0
flow_201.25,70.0,3.0,0
flow_201.26,69.0,3.0,0
flow_2012.17,67.0,3.5,0
flow_201.27,61.5,2.5,0
flow_201.28,62.0,3.0,0
flow_201.29,61.0,3.0,0
flow_20.6,56.5,3.0,0
flow_201.30,31.5,3.0,0
flow_201.31,32.5,4.0,0
flow_301.19,63.5,3.5,0
flow_1012.1,53.5,6.5,0
flow_101.8,34.5,3.0,0
flow_301.20,66.5,4.0,0
flow_301.21,65.5,3.5,0
flow_301.22,64.0,3.0,0
flow_301.23,56.0,3.5,0
flow_3012.16,52.5,3.0,0
flow_30.11,50.5,3.0,0
flow_1012.2,28.0,4.5,0
flow_30.12,49.0,2.5,0
flow_30.13,48.0,2.5,0
flow_30.14,46.0,2.5,0
flow_30.15,44.0,3.0,0
flow_301.24,43.0,2.5,0
flow_30.16,29.5,2.5,0
flow_10.1,22.0,2.0,0
flow_301.25,30.5,3.0,0
flow_2012.18,76.5,4.5,0
flow_201.32,74.5,3.0,0
flow_001.7,44.5,7.5,0
flow_201.33,74.0,3.0,0
flow_20.7,71.5,2.5,0
flow_001.8,44.0,3.5,0
flow_201.34,70.0,2.5,0
flow_201.35,70.5,3.0,0
flow_20.8,64.5,2.5,0
flow_201.36,69.5,3.5,0
flow_2012.19,65.5,3.5,0
flow_2012.20,64.5,3.5,0
flow_201.37,61.5,2.5,0
flow_20.9,57.5,2.5,0
flow_201.38,30.0,2.5,0
flow_2012.21,26.5,3.0,0
flow_2012.22,26.5,3.5,0
flow_101.9,25.5,2.5,0
flow_301.26,75.5,4.0,0
flow_30.17,72.0,3.0,0
flow_301.27,74.0,3.5,0
flow_3012.17,72.5,4.0,0
flow_3012.18,71.5,4.5,0
flow_3012.19,70.0,4.5,0
flow_301.28,67.0,2.5,0
flow_101.10,33.0,4.0,0
flow_301.29,66.0,3.0,0
flow_30.18,62.5,2.5,0
flow_101.11,27.5,3.0,0
flow_3012.20,64.0,4.0,0
flow_301.30,62.5,3.0,0
flow_301.31,60.5,3.5,0
flow_30.19,30.5,3.0,0
flow_301.32,30.5,3.0,0
flow_2012.23,71.5,4.5,0
flow_0012.2,58.5,4.5,0
flow_0012.3,46.0,3.5,0
flow_00.6,44.0,3.0,0
flow_20.10,73.0,6.0,0
flow_2012.24,72.5,5.5,0
flow_201.39,71.5,3.0,0
flow_001.9,32.5,3.0,0
flow_201.40,70.0,3.0,0
flow_2012.25,71.5,4.5,0
flow_2012.26,69.5,4.5,0
flow_2012.27,67.5,4.5,0
flow_2012.28,65.5,4.0,0
flow_2012.29,64.0,4.0,0
flow_20.11,61.5,3.0,0
flow_20.12,59.0,2.5,0
flow_201.41,33.5,2.5,0
flow_3012.21,76.0,4.5,0
flow_301.33,75.0,3.0,0
flow_301.34,75.0,3.5,0
flow_30.20,71.5,3.0,0
flow_10.2,20.5,1.5,0
flow_301.35,71.5,3.0,0
flow_301.36,70.0,3.0,0
flow_301.37,62.0,3.0,0
flow_30.21,56.0,2.5,0
flow_3012.22,56.5,3.0,0
flow_30.22,53.5,2.5,0
flow_30.23,51.0,2.5,0
flow_3012.23,49.5,4.0,0
flow_301.38,31.0,2.5,0
flow_101.12,25.5,2.5,0
flow_301.39,28.0,3.0,0
flow_201.42,79.0,3.5,0
flow_20.13,77.0,3.0,0
flow_201.43,77.5,3.0,0
flow_2012.30,76.0,3.5,0
flow_201.44,74.5,3.0,0
flow_201.45,74.0,3.0,0
flow_20.14,70.0,2.5,0
flow_201.46,70.5,3.0,0
flow_201.47,69.5,3.0,0
flow_2012.31,63.0,3.0,0
flow_20.15,60.0,2.5,0
flow_001.10,25.5,2.5,0
flow_201.48,59.5,2.5,0
flow_2012.32,30.0,3.0,0
flow_001.11,27.0,3.0,0
flow_201.49,30.0,3.5,0
flow_3012.24,77.0,4.5,0
flow_10.3,56.5,6.5,0
flow_301.40,60.5,3.0,0
flow_10.4,36.5,4.0,0
flow_3012.25,48.0,3.5,0
flow_301.41,46.5,2.5,0
flow_301.42,46.0,3.0,0
flow_30.24,43.5,2.5,0
flow_101.13,24.5,2.5,0
flow_301.43,45.0,3.5,0
flow_301.44,27.5,3.0,0
flow_2012.33,75.5,4.0,0
flow_20.16,73.0,3.0,0
flow_2012.34,72.5,3.5,0
flow_20.17,70.0,2.5,0
flow_2012.35,71.5,3.5,0
flow_20.18,67.5,2.5,0
flow_2012.36,67.5,3.5,0
flow_20.19,65.5,2.5,0
flow_20.20,63.5,3.0,0
flow_201.50,63.5,3.0,0
flow_2012.37,60.5,3.0,0
flow_20.21,56.0,2.0,0
flow_201.51,29.5,2.5,0
flow_2012.38,27.0,3.0,0
flow_2012.39,25.5,3.5,0
flow_30.25,62.0,4.0,0
flow_101.14,65.0,4.0,0
flow_101.15,27.5,3.0,0
flow_301.45,60.5,3.5,0
flow_101.16,26.0,3.0,0
flow_301.46,35.0,3.5,0
flow_301.47,25.0,2.5,0
flow_30.26,22.5,2.0,0
flow_30.27,22.0,2.0,0
flow_301.48,25.0,2.5,0
flow_30.28,21.5,2.0,0
flow_201.52,71.5,3.5,0
flow_001.12,70.5,3.5,0
flow_201.53,71.0,3.0,0
flow_001.13,70.0,3.5,0
flow_001.14,31.5,3.5,0
flow_2012.40,74.0,6.5,0
flow_20.22,66.5,3.0,0
flow_201.54,71.5,3.0,0
flow_201.55,67.5,2.5,0
flow_2012.41,66.0,3.5,0
flow_201.56,65.0,3.0,0
flow_20.23,61.5,2.5,0
flow_201.57,61.0,2.5,0
flow_2012.42,59.5,3.0,0
flow_20.24,55.5,2.5,0
flow_20.25,29.5,2.5,0
flow_201.58,29.0,2.5,0
flow_301.49,73.0,3.5,0
flow_101.17,44.0,3.5,0
flow_30.29,69.5,3.0,0
flow_3012.26,71.5,4.0,0
flow_301.50,69.0,3.0,0
flow_301.51,66.0,2.5,0
flow_3012.27,71.0,4.5,0
flow_30.30,62.5,2.5,0
flow_3012.28,63.5,3.5,0
flow_301.52,61.0,2.5,0
flow_30.31,56.5,2.5,0
flow_301.53,61.0,3.0,0
flow_3012.29,54.5,2.5,0
flow_301.54,29.5,2.0,0
flow_3012.30,29.0,4.0,0
flow_20.26,73.5,4.0,0
flow_201.59,74.5,3.0,0
flow_2012.43,74.0,4.0,0
flow_20.27,70.0,2.5,0
flow_2012.44,70.0,3.5,0
flow_2012.45,70.0,4.0,0
flow_201.60,67.5,2.5,0
flow_2012.46,66.0,3.5,0
flow_20.28,60.0,2.5,0
flow_2012.47,48.0,3.0,0
flow_20.29,43.5,2.5,0
flow_201.61,50.5,3.5,0
flow_2012.48,30.5,3.0,0
flow_0012.4,25.0,3.0,0
flow_2012.49,28.5,3.5,0
flow_30.32,75.0,4.0,0
flow_101.18,32.5,3.5,0
flow_101.19,30.5,3.0,0
flow_3012.31,78.5,6.0,0
flow_301.55,75.5,3.0,0
flow_3012.32,75.5,4.0,0
flow_301.56,72.5,3.0,0
flow_30.33,70.0,2.5,0
flow_301.57,69.5,2.5,0
flow_30.34,66.0,2.5,0
flow_301.58,66.5,2.5,0
flow_30.35,63.5,2.5,0
flow_3012.33,62.0,2.5,0
flow_30.36,56.5,2.0,0
flow_301.59,32.0,2.5,0
flow_201.62,77.0,4.0,0
flow_0012.5,52.5,7.0,0
flow_00.7,48.5,3.5,0
flow_201.63,78.5,4.0,0
flow_0012.6,43.5,4.5,0
flow_201.64,79.5,4.0,0
flow_20.30,77.0,3.0,0
flow_201.65,76.5,2.5,0
flow_2012.50,77.0,3.5,0
flow_20.31,71.0,2.5,0
flow_2012.51,75.5,4.0,0
flow_20.32,65.0,2.5,0
flow_20.33,64.5,2.5,0
flow_201.66,60.5,2.0,0
flow_201.67,56.5,3.0,0
flow_301.60,70.0,3.5,0
flow_101.20,70.5,3.5,0
flow_3012.34,70.5,4.0,0
flow_10.5,67.5,6.0,0
flow_301.61,69.5,3.0,0
flow_101.21,42.0,3.5,0
flow_10.6,36.5,3.0,0
flow_301.62,68.5,3.0,0
flow_30.37,56.0,2.5,0
flow_3012.35,55.5,3.0,0
flow_30.38,41.5,2.5,0
flow_301.63,39.5,2.0,0
flow_30.39,34.5,2.0,0
flow_30.40,28.0,2.5,0
flow_10.7,20.5,1.5,0
flow_301.64,24.5,2.5,0
flow_101.22,28.0,3.5,0
flow_2012.52,85.0,4.5,0
flow_201.68,81.0,3.0,0
flow_001.15,44.5,7.5,0
flow_00.8,33.0,3.0,0
flow_201.69,78.5,3.0,0
flow_201.70,79.0,3.5,0
flow_2012.53,77.0,4.0,0
flow_2012.54,75.5,4.0,0
flow_0012.7,25.5,3.5,0
flow_201.71,62.0,3.5,0
flow_2012.55,60.0,4.0,0
flow_201.72,57.5,2.5,0
flow_2012.56,55.0,3.5,0
flow_20.34,34.5,2.5,0
flow_301.65,72.0,3.5,0
flow_101.23,70.0,3.5,0
flow_1012.3,56.0,4.0,0
flow_30.41,70.5,6.0,0
flow_1012.4,55.0,6.5,0
flow_1012.5,34.5,4.0,0
flow_301.66,66.0,3.5,0
flow_301.67,67.0,3.5,0
flow_30.42,61.5,2.5,0
flow_10.8,22.0,2.0,0
flow_301.68,62.0,3.0,0
flow_301.69,59.0,3.0,0
flow_301.70,32.5,3.0,0
flow_30.43,24.0,2.5,0
flow_3012.36,25.0,3.5,0
flow_20.35,71.5,4.0,0
flow_001.16,75.0,3.5,0
flow_201.73,71.0,3.0,0
flow_001.17,69.5,3.0,0
flow_201.74,70.0,3.0,0
flow_20.36,66.5,2.5,0
flow_20.37,66.0,3.0,0
flow_2012.57,66.0,3.5,0
flow_201.75,63.0,2.5,0
flow_201.76,62.5,2.5,0
flow_201.77,61.5,3.0,0
flow_20.38,57.5,2.5,0
flow_20.39,43.0,2.5,0
flow_201.78,42.5,2.5,0
flow_201.79,31.0,2.5,0
flow_2012.58,28.0,3.5,0
flow_10.9,61.5,4.0,0
flow_001.0,24.5,2.5,0
flow_001.1,27.0,3.0,0
flow_201.0,25.5,2.5,0
flow_301.0,51.0,4.0,0
flow_3012.0,49.0,4.0,0
flow_1012.0,58.0,7.0,0
flow_30.0,32.0,3.0,0
flow_101.0,50.5,3.5,0
flow_3012.1,34.0,4.0,0
flow_10.0,50.5,4.5,0
flow_101.1,47.0,3.0,0
flow_3012.2,28.0,5.0,0
flow_10.1,37.5,3.5,0
flow_1012.1,33.5,3.5,0
flow_30.1,21.0,2.0,0
flow_10.2,32.0,2.5,0
flow_101.2,24.0,2.5,0
flow_201.1,73.5,3.5,0
flow_001.2,74.5,3.5,0
flow_001.3,67.5,3.0,0
flow_201.2,69.5,3.5,0
flow_001.4,65.0,3.5,0
flow_201.3,61.0,3.5,0
flow_0012.0,64.5,4.0,0
flow_001.5,62.0,2.5,0
flow_001.6,61.5,3.0,0
flow_0012.1,60.0,3.5,0
flow_0012.2,58.0,3.5,0
flow_001.7,57.0,2.5,0
flow_0012.3,55.5,3.5,0
flow_001.8,53.0,2.5,0
flow_201.4,28.5,3.5,0
flow_0012.4,53.0,4.0,0
flow_001.9,30.5,2.5,0
flow_20.0,27.5,4.5,0
flow_00.0,26.5,2.5,0
flow_30.2,65.0,4.0,0
flow_101.3,71.0,3.5,0
flow_301.1,67.0,3.0,0
flow_1012.2,74.0,5.0,0
flow_1012.3,65.0,4.5,0
flow_301.2,70.0,4.5,0
flow_301.3,66.0,3.0,0
flow_30.3,63.0,3.0,0
flow_301.4,63.0,3.0,0
flow_30.4,55.5,2.5,0
flow_3012.3,50.5,3.5,0
flow_301.5,38.0,2.5,0
flow_30.5,28.5,2.5,0
flow_30.6,27.5,2.5,0
flow_101.4,25.5,2.5,0
flow_3012.4,25.5,3.5,0
flow_2012.0,75.5,4.5,0
flow_001.10,80.5,7.5,0
flow_2012.1,79.0,5.5,0
flow_201.5,75.0,3.0,0
flow_20.1,64.0,3.0,0
flow_001.11,81.5,4.0,0
flow_20.2,46.0,3.0,0
flow_001.12,81.5,3.5,0
flow_001.13,80.0,3.0,0
flow_2012.2,49.0,5.5,0
flow_2012.3,47.5,4.5,0
flow_00.1,83.0,6.5,0
flow_201.6,46.0,3.0,0
flow_001.14,80.5,3.0,0
flow_20.3,35.5,3.0,0
flow_2012.4,30.0,3.5,0
flow_00.2,69.5,6.0,0
flow_201.7,30.5,3.5,0
flow_0012.5,58.5,5.5,0
flow_001.15,48.5,3.0,0
flow_2012.5,27.0,5.0,0
flow_30.7,68.5,4.0,0
flow_101.5,67.0,3.5,0
flow_101.6,66.0,3.0,0
flow_301.6,66.0,3.0,0
flow_3012.5,37.5,3.5,0
flow_101.7,65.5,6.5,0
flow_3012.6,35.0,5.0,0
flow_301.7,32.0,3.0,0
flow_101.8,53.0,4.0,0
flow_3012.7,30.5,5.0,0
flow_101.9,38.0,4.0,0
flow_3012.8,26.5,4.0,0
flow_10.3,34.0,6.0,0
flow_301.8,25.0,2.5,0
flow_30.8,21.5,1.5,0
flow_3012.9,26.0,3.5,0
flow_001.16,96.5,3.5,0
flow_201.8,67.5,3.5,0
flow_00.3,88.0,3.0,0
flow_201.9,49.0,3.0,0
flow_20.4,45.5,3.0,0
flow_001.17,88.0,3.0,0
flow_2012.6,31.5,3.5,0
flow_001.18,91.0,6.5,0
flow_2012.7,25.0,3.0,0
flow_0012.6,89.0,4.0,0
flow_00.4,85.5,3.0,0
flow_001.19,83.5,2.5,0
flow_00.5,69.5,2.5,0
flow_001.20,74.0,3.0,0
flow_2012.8,30.0,5.5,0
flow_2012.9,28.0,4.5,0
flow_001.21,61.0,4.0,0
flow_301.9,73.0,3.5,0
flow_101.10,76.0,4.0,0
flow_1012.4,75.0,4.0,0
flow_30.9,74.5,6.0,0
flow_101.11,65.5,3.0,0
flow_10.4,59.0,2.5,0
flow_30.10,73.0,4.0,0
flow_30.11,71.0,3.5,0
flow_101.12,58.5,2.5,0
flow_3012.10,71.0,4.0,0
flow_1012.5,57.5,3.5,0
flow_10.5,43.5,2.5,0
flow_101.13,35.5,2.0,0
flow_301.10,70.0,3.5,0
flow_3012.11,69.0,4.0,0
flow_3012.12,68.5,4.0,0
flow_301.11,65.0,2.5,0
flow_30.12,64.0,2.5,0
flow_301.12,62.0,2.5,0
flow_30.13,58.5,2.5,0
flow_30.14,31.5,2.0,0
flow_20.5,70.5,4.0,0
flow_001.22,105.0,3.5,0
flow_001.23,104.0,3.0,0
flow_201.10,55.0,3.0,0
flow_001.24,92.0,3.0,0
flow_001.25,91.0,3.5,0
flow_001.26,89.0,3.5,0
flow_0012.7,87.5,4.0,0
flow_0012.8,84.5,4.5,0
flow_00.6,65.5,2.5,0
flow_0012.9,71.0,4.0,0
flow_201.11,27.5,3.5,0
flow_0012.10,66.5,4.5,0
flow_20.6,27.5,4.0,0
flow_0012.11,67.5,7.0,0
flow_0012.12,67.0,5.0,0
flow_001.27,35.5,3.0,0
flow_10.6,51.5,4.0,0
flow_30.15,78.0,4.0,0
flow_301.13,79.0,3.0,0
flow_101.14,53.5,3.0,0
flow_101.15,52.0,3.0,0
flow_301.14,78.0,3.5,0
flow_3012.13,76.0,3.5,0
flow_1012.6,36.0,4.0,0
flow_3012.14,75.0,4.0,0
flow_30.16,71.5,3.0,0
flow_1012.7,31.0,4.0,0
flow_101.16,29.5,3.0,0
flow_10.7,26.0,2.5,0
flow_301.15,70.5,3.0,0
flow_301.16,61.0,3.0,0
flow_30.17,57.5,3.0,0
flow_301.17,58.0,2.5,0
flow_301.18,52.0,3.0,0
flow_10.8,21.0,1.5,0
flow_301.19,51.0,3.0,0
flow_301.20,33.5,3.5,0
flow_301.21,30.5,3.5,0
flow_001.28,79.5,3.5,0
flow_201.12,82.0,3.5,0
flow_2012.10,76.0,4.0,0
flow_201.13,61.5,3.0,0
flow_20.7,58.0,2.5,0
flow_001.29,83.5,7.0,0
flow_00.7,81.0,3.0,0
flow_201.14,58.0,2.5,0
flow_001.30,81.0,3.0,0
flow_001.31,80.0,3.5,0
flow_001.32,78.5,3.0,0
flow_0012.13,77.5,3.5,0
flow_001.33,74.5,2.5,0
flow_00.8,71.5,2.5,0
flow_001.34,72.5,2.5,0
flow_201.15,28.5,3.5,0
flow_001.35,71.0,3.0,0
flow_20.8,21.0,1.5,0
flow_00.9,68.5,2.5,0
flow_0012.14,35.0,3.5,0
flow_30.18,75.0,4.0,0
flow_101.17,68.0,3.5,0
flow_301.22,75.0,3.0,0
flow_1012.8,71.0,5.0,0
flow_30.19,77.0,5.5,0
flow_1012.9,45.0,4.5,0
flow_10.9,42.5,3.5,0
flow_1012.10,48.0,7.5,0
flow_30.20,80.5,7.0,0
flow_301.23,78.5,3.5,0
flow_30.21,43.5,3.0,0
flow_301.24,43.0,2.5,0
flow_10.10,22.0,2.0,0
flow_301.25,43.5,3.5,0
flow_301.26,43.0,3.5,0
flow_301.27,39.5,3.5,0
flow_30.22,33.0,3.0,0
flow_101.18,26.0,3.0,0
flow_201.16,72.0,3.5,0
flow_001.36,78.5,3.5,0
flow_0012.15,76.5,4.0,0
flow_001.37,75.0,3.0,0
flow_201.17,75.5,7.0,0
flow_20.9,73.0,3.0,0
flow_001.38,75.0,3.0,0
flow_20.10,71.5,3.0,0
flow_001.39,73.0,3.0,0
flow_001.40,72.5,3.5,0
flow_00.10,61.5,3.5,0
flow_2012.11,74.0,5.0,0
flow_201.18,70.5,2.5,0
flow_201.19,69.5,3.0,0
flow_001.41,55.5,2.5,0
flow_201.20,69.5,3.0,0
flow_001.42,55.5,3.5,0
flow_201.21,56.0,3.0,0
flow_001.43,54.5,3.5,0
flow_0012.16,52.0,3.5,0
flow_2012.12,54.5,4.0,0
flow_2012.13,43.0,4.5,0
flow_201.22,32.0,3.0,0
flow_001.44,54.5,4.0,0
flow_30.23,79.5,4.0,0
flow_101.19,73.5,3.5,0
flow_30.24,79.0,3.5,0
flow_1012.11,76.5,6.0,0
flow_101.20,75.0,3.5,0
flow_10.11,72.0,3.0,0
flow_301.28,82.5,3.0,0
flow_101.21,67.0,2.5,0
flow_3012.15,84.5,5.5,0
flow_3012.16,83.5,4.5,0
flow_10.12,62.5,5.0,0
flow_301.29,81.0,3.0,0
flow_101.22,41.5,3.0,0
flow_301.30,79.5,3.0,0
flow_3012.17,77.5,3.5,0
flow_3012.18,78.0,4.0,0
flow_301.31,56.5,3.0,0
flow_101.23,30.5,4.0,0
flow_301.32,48.5,3.0,0
flow_2012.14,45.0,4.5,0
flow_001.45,89.5,7.5,0
flow_201.23,45.0,3.5,0
flow_201.24,36.5,3.5,0
flow_0012.17,90.0,5.5,0
flow_0012.18,88.5,4.5,0
flow_001.46,85.5,3.0,0
flow_201.25,41.5,4.0,0
flow_2012.15,24.0,3.0,0
flow_0012.19,86.0,4.5,0
flow_001.47,57.5,4.0,0
flow_001.48,57.5,3.0,0
flow_201.26,25.5,2.5,0
flow_001.49,31.5,3.0,0
flow_001.50,31.0,3.5,0
flow_2012.16,28.0,5.0,0
flow_001.51,25.0,3.0,0
flow_301.33,92.0,4.0,0
flow_1012.12,44.0,6.0,0
flow_101.24,39.0,3.0,0
flow_301.34,91.5,4.0,0
flow_301.35,86.0,3.0,0
flow_301.36,85.0,3.0,0
flow_1012.13,27.5,4.5,0
flow_301.37,86.5,4.0,0
flow_1012.14,29.5,6.5,0
flow_10.13,25.5,3.0,0
flow_30.25,86.0,3.5,0
flow_301.38,86.0,3.0,0
flow_3012.19,85.0,3.5,0
flow_30.26,81.0,2.5,0
flow_30.27,80.0,2.5,0
flow_3012.20,79.0,3.0,0
flow_2012.17,70.0,4.5,0
flow_00.11,73.0,6.5,0
flow_0012.20,65.5,4.0,0
flow_2012.18,67.0,6.0,0
flow_20.11,36.0,3.5,0
flow_001.52,64.0,3.0,0
flow_201.27,36.0,3.0,0
flow_20.12,29.0,2.5,0
flow_001.53,51.5,3.0,0
flow_00.12,40.0,2.5,0
flow_001.54,25.5,2.5,0
flow_001.55,25.0,2.5,0
flow_2012.19,26.5,4.5,0
flow_0012.21,27.0,4.0,0
flow_0012.22,26.0,3.5,0
flow_301.39,125.5,3.5,0
flow_101.25,67.0,3.5,0
flow_3012.21,89.5,4.0,0
flow_1012.15,51.0,4.0,0
flow_30.28,81.0,3.0,0
flow_3012.22,86.5,4.0,0
flow_101.26,52.0,4.0,0
flow_301.40,80.5,2.5,0
flow_10.14,43.5,3.0,0
flow_1012.16,43.5,3.5,0
flow_3012.23,81.0,4.0,0
flow_30.29,78.0,3.0,0
flow_30.30,76.0,3.0,0
flow_101.27,37.5,3.0,0
flow_101.28,35.0,3.0,0
flow_1012.17,31.5,3.5,0
flow_3012.24,77.5,4.0,0
flow_30.31,73.5,3.0,0
flow_301.41,73.5,2.5,0
flow_301.42,71.5,3.0,0
flow_10.15,21.5,2.0,0
flow_301.43,35.0,3.5,0
flow_00.13,72.0,4.0,0
flow_201.28,74.5,3.5,0
flow_001.56,73.0,3.0,0
flow_201.29,31.5,3.0,0
flow_00.14,68.0,2.5,0
flow_001.57,72.5,3.5,0
flow_0012.23,68.0,3.5,0
flow_001.58,67.5,2.5,0
flow_001.59,67.5,3.0,0
flow_0012.24,59.0,3.5,0
flow_0012.25,58.5,4.0,0
flow_00.15,56.5,3.0,0
flow_0012.26,50.0,3.0,0
flow_001.60,39.0,2.0,0
flow_20.13,20.0,1.5,0
flow_001.61,31.0,2.5,0
flow_001.62,29.5,3.5,0
flow_10.16,70.0,4.0,0
flow_301.44,80.0,3.5,0
flow_3012.25,80.0,4.0,0
flow_1012.18,47.5,4.5,0
flow_101.29,26.5,3.0,0
flow_301.45,81.5,3.5,0
flow_30.32,75.0,3.0,0
flow_301.46,80.5,4.0,0
flow_301.47,75.0,2.5,0
flow_30.33,70.0,3.0,0
flow_3012.26,74.5,3.5,0
flow_301.48,71.0,2.5,0
flow_30.34,69.5,3.0,0
flow_101.30,26.0,3.0,0
flow_3012.27,68.5,4.0,0
flow_301.49,66.0,2.5,0
flow_301.50,32.0,3.0,0
flow_101.31,30.0,3.5,0
flow_301.51,29.5,3.0,0
flow_00.16,74.5,4.0,0
flow_201.30,71.5,3.5,0
flow_001.63,75.0,3.0,0
flow_2012.20,74.0,5.0,0
flow_2012.21,62.5,4.0,0
flow_201.31,59.5,2.5,0
flow_001.64,73.5,4.5,0
flow_201.32,58.0,3.0,0
flow_201.33,49.0,3.0,0
flow_001.65,47.5,3.5,0
flow_201.34,45.5,3.5,0
flow_001.66,43.5,3.5,0
flow_00.17,41.0,3.0,0
flow_201.35,35.0,3.0,0
flow_20.14,22.5,2.0,0
flow_001.67,40.0,3.5,0
flow_0012.27,33.0,4.5,0
flow_00.18,24.0,2.5,0
flow_3012.28,75.0,4.0,0
flow_1012.19,63.5,4.5,0
flow_3012.29,74.0,3.5,0
flow_301.52,72.5,2.5,0
flow_30.35,70.5,2.5,0
flow_101.32,54.0,4.0,0
flow_101.33,49.0,3.0,0
flow_3012.30,72.0,4.5,0
flow_301.53,70.5,3.0,0
flow_301.54,69.0,3.5,0
flow_3012.31,67.5,3.5,0
flow_301.55,65.5,3.0,0
flow_101.34,26.5,3.0,0
flow_301.56,64.5,3.0,0
flow_30.36,61.5,2.5,0
flow_30.37,59.5,2.5,0
flow_3012.32,30.5,3.0,0
flow_30.38,26.0,2.5,0
flow_2012.22,72.0,4.5,0
flow_20.15,70.0,3.0,0
flow_001.68,67.0,7.0,0
flow_201.36,69.5,2.5,0
flow_0012.28,64.0,4.0,0
flow_20.16,69.5,3.5,0
flow_20.17,68.0,3.0,0
flow_001.69,49.5,3.5,0
flow_001.70,48.0,3.5,0
flow_201.37,69.0,3.0,0
flow_2012.23,55.0,3.5,0
flow_0012.29,49.0,6.0,0
flow_20.18,34.0,2.5,0
flow_001.71,47.0,3.0,0
flow_20.19,32.5,2.5,0
flow_0012.30,47.5,4.5,0
flow_001.72,44.5,3.0,0
flow_201.38,30.0,3.5,0
flow_0012.31,41.0,4.5,0
flow_20.20,30.0,4.0,0
flow_0012.32,42.0,7.0,0
flow_1012.20,73.0,4.0,0
flow_3012.33,76.5,4.5,0
flow_101.35,67.0,3.0,0
flow_301.57,76.0,3.0,0
flow_101.36,65.5,3.0,0
flow_10.17,55.5,2.5,0
flow_301.58,75.0,3.0,0
flow_301.59,74.0,3.0,0
flow_3012.34,72.0,4.0,0
flow_30.39,68.5,2.5,0
flow_301.60,68.0,2.5,0
flow_101.37,50.5,7.0,0
flow_301.61,67.5,3.0,0
flow_10.18,23.5,2.0,0
flow_301.62,66.5,3.0,0
flow_301.63,65.5,3.0,0
flow_301.64,64.0,3.5,0
flow_301.65,63.0,3.5,0
flow_30.40,31.0,3.0,0
flow_10.19,22.0,2.0,0
flow_30.41,28.5,3.0,0
flow_20.21,70.5,4.0,0
flow_0012.33,90.5,7.5,0
flow_2012.24,27.0,3.5,0
flow_0012.34,89.5,4.5,0
flow_001.73,86.0,2.5,0
flow_001.74,86.0,2.5,0
flow_00.19,83.5,3.0,0
flow_001.75,82.5,2.5,0
flow_00.20,75.5,2.5,0
flow_0012.35,74.5,3.5,0
flow_001.76,73.0,3.0,0
flow_00.21,55.5,2.5,0
flow_00.22,54.0,2.5,0
flow_00.23,52.0,2.5,0
flow_201.39,24.5,2.5,0
flow_00.24,29.0,2.5,0
flow_201.40,25.0,2.5,0
flow_3012.35,75.0,4.5,0
flow_10.20,71.5,6.5,0
flow_3012.36,77.5,5.5,0
flow_301.66,75.5,3.0,0
flow_10.21,64.5,7.5,0
flow_10.22,57.5,5.0,0
flow_101.38,54.0,2.5,0
flow_3012.37,78.5,4.5,0
flow_301.67,76.5,2.5,0
flow_30.42,70.0,2.5,0
flow_101.39,51.5,3.5,0
flow_101.40,51.5,3.0,0
flow_3012.38,73.0,4.5,0
flow_301.68,70.5,3.5,0
flow_30.43,66.5,2.5,0
flow_101.41,45.0,3.5,0
flow_1012.21,36.5,4.5,0
flow_3012.39,67.0,3.5,0
flow_30.44,63.0,2.5,0
flow_10.23,25.5,2.5,0
flow_301.69,63.0,2.5,0
flow_001.77,68.5,3.5,0
flow_201.41,67.0,4.0,0
flow_201.42,33.5,3.5,0
flow_0012.36,71.0,5.5,0
flow_001.78,58.0,3.0,0
flow_001.79,57.0,3.5,0
flow_001.80,55.5,3.0,0
flow_001.81,55.0,3.0,0
flow_00.25,50.5,2.5,0
flow_001.82,52.0,3.0,0
flow_001.83,50.5,3.5,0
flow_00.26,44.0,2.5,0
flow_201.43,25.0,2.5,0
flow_0012.37,45.5,3.5,0
flow_20.22,23.0,2.5,0
flow_001.84,42.5,3.0,0
flow_00.27,29.5,2.5,0
flow_001.85,28.0,2.5,0
flow_201.44,25.0,2.5,0
flow_30.45,84.5,4.0,0
flow_101.42,64.0,3.5,0
flow_201.0,24.5,2.5,0
flow_201.1,24.5,2.0,0
flow_20.0,21.5,2.0,0
flow_0012.0,24.0,3.0,0
flow_201.2,25.0,2.5,0
flow_301.0,54.5,3.5,0
flow_301.1,52.0,3.5,0
flow_301.2,50.5,3.5,0
flow_30.0,45.5,2.5,0
flow_3012.0,50.5,4.0,0
flow_3012.1,46.0,3.5,0
flow_1012.0,24.5,3.0,0
flow_301.3,47.5,6.0,0
flow_30.1,43.5,3.5,0
flow_301.4,44.5,3.0,0
flow_3012.2,38.5,3.5,0
flow_301.5,36.5,2.5,0
flow_3012.3,33.0,3.5,0
flow_30.2,29.0,2.5,0
flow_00.0,39.0,4.0,0
flow_201.3,62.5,3.5,0
flow_20.1,61.0,3.0,0
flow_001.0,39.0,3.0,0
flow_201.4,60.5,2.5,0
flow_0012.1,32.5,5.5,0
flow_2012.0,53.5,3.5,0
flow_201.5,51.0,3.0,0
flow_001.1,26.5,3.0,0
flow_201.6,50.0,3.0,0
flow_20.2,44.5,2.5,0
flow_2012.1,37.0,3.0,0
flow_2012.2,36.0,3.5,0
flow_2012.3,34.5,3.5,0
flow_20.3,29.5,2.5,0
flow_2012.4,28.5,2.5,0
flow_201.7,28.5,3.0,0
flow_20.4,25.0,2.5,0
flow_0012.2,27.5,4.0,0
flow_301.6,79.0,3.5,0
flow_101.0,62.5,3.5,0
flow_301.7,78.0,3.0,0
flow_101.1,63.0,3.5,0
flow_3012.4,77.5,4.0,0
flow_301.8,75.5,2.5,0
flow_101.2,38.5,7.0,0
flow_301.9,75.0,3.0,0
flow_30.3,70.5,2.5,0
flow_301.10,70.5,2.5,0
flow_301.11,65.5,3.0,0
flow_101.3,25.5,2.5,0
flow_30.4,62.0,2.5,0
flow_301.12,61.5,2.5,0
flow_30.5,59.0,2.5,0
flow_3012.5,58.0,3.5,0
flow_3012.6,30.5,4.0,0
flow_30.6,25.5,2.5,0
flow_301.13,25.5,2.5,0
flow_201.8,74.5,3.5,0
flow_201.9,74.0,3.0,0
flow_2012.5,73.0,3.5,0
flow_20.5,70.0,2.5,0
flow_20.6,68.5,2.5,0
flow_001.2,25.5,2.5,0
flow_20.7,67.5,2.5,0
flow_201.10,46.0,3.0,0
flow_20.8,43.5,2.5,0
flow_2012.6,42.5,3.0,0
flow_20.9,39.5,2.5,0
flow_00.1,21.5,2.0,0
flow_0012.3,26.0,4.0,0
flow_1012.1,61.0,4.0,0
flow_101.4,32.5,2.5,0
flow_301.14,76.5,7.5,0
flow_301.15,75.0,3.5,0
flow_3012.7,75.0,4.0,0
flow_301.16,72.0,3.0,0
flow_301.17,71.5,3.0,0
flow_301.18,70.0,3.5,0
flow_301.19,69.5,3.5,0
flow_3012.8,65.5,3.0,0
flow_1012.2,30.0,6.0,0
flow_101.5,25.0,2.5,0
flow_301.20,64.5,3.5,0
flow_30.7,56.5,3.0,0
flow_3012.9,63.0,4.0,0
flow_301.21,56.0,2.5,0
flow_301.22,33.0,2.5,0
flow_201.11,71.0,3.5,0
flow_001.3,67.5,3.5,0
flow_2012.7,70.5,4.0,0
flow_00.2,57.5,6.0,0
flow_2012.8,72.5,6.5,0
flow_20.10,63.0,3.5,0
flow_2012.9,63.5,3.5,0
flow_20.11,52.5,3.0,0
flow_2012.10,51.5,3.5,0
flow_20.12,43.5,2.5,0
flow_2012.11,42.5,3.0,0
flow_20.13,25.5,2.0,0
flow_2012.12,26.5,3.0,0
flow_301.23,77.5,3.5,0
flow_1012.3,48.0,6.5,0
flow_301.24,78.5,3.5,0
flow_3012.10,77.0,3.5,0
flow_301.25,75.5,2.5,0
flow_301.26,75.0,3.0,0
flow_301.27,73.5,3.0,0
flow_30.8,70.0,3.0,0
flow_301.28,70.5,2.5,0
flow_3012.11,68.5,3.5,0
flow_10.0,21.5,2.0,0
flow_301.29,69.0,3.0,0
flow_301.30,67.0,3.5,0
flow_301.31,58.5,3.5,0
flow_301.32,34.0,3.5,0
flow_201.12,69.5,3.0,0
flow_0012.4,75.0,6.0,0
flow_2012.13,57.5,3.5,0
flow_0012.5,59.0,4.0,0
flow_2012.14,57.0,4.0,0
flow_201.13,55.5,2.5,0
flow_001.4,60.5,3.5,0
flow_201.14,54.5,3.0,0
flow_20.14,48.5,2.5,0
flow_001.5,60.0,3.0,0
flow_201.15,51.0,3.0,0
flow_20.15,43.5,2.5,0
flow_201.16,37.5,2.5,0
flow_201.17,24.5,2.0,0
flow_201.18,24.5,2.5,0
flow_3012.12,78.0,4.0,0
flow_30.9,76.0,3.0,0
flow_101.6,70.5,7.0,0
flow_10.1,65.0,3.5,0
flow_301.33,76.0,3.0,0
flow_3012.13,77.5,4.0,0
flow_301.34,76.5,3.0,0
flow_30.10,73.0,3.0,0
flow_30.11,71.0,3.0,0
flow_301.35,69.0,2.0,0
flow_30.12,66.0,2.5,0
flow_301.36,65.5,2.0,0
flow_3012.14,64.0,3.5,0
flow_30.13,60.0,2.5,0
flow_30.14,29.0,2.5,0
flow_3012.15,28.0,3.5,0
flow_0012.6,63.5,4.0,0
flow_201.19,68.5,7.0,0
flow_2012.15,62.5,3.5,0
flow_0012.7,64.0,5.0,0
flow_2012.16,56.0,3.5,0
flow_201.20,53.0,2.5,0
flow_001.6,47.0,6.5,0
flow_201.21,52.0,2.5,0
flow_20.16,49.0,2.5,0
flow_2012.17,48.5,3.0,0
flow_2012.18,48.0,3.5,0
flow_2012.19,47.0,3.5,0
flow_2012.20,46.0,4.0,0
flow_201.22,43.5,3.0,0
flow_2012.21,41.5,3.5,0
flow_201.23,30.5,3.0,0
flow_30.15,74.5,4.0,0
flow_101.7,67.5,3.5,0
flow_3012.16,75.0,4.0,0
flow_301.37,74.0,3.0,0
flow_101.8,67.5,7.5,0
flow_301.38,73.5,3.5,0
flow_1012.4,36.5,5.0,0
flow_301.39,74.0,3.5,0
flow_301.40,73.0,3.0,0
flow_3012.17,71.0,3.5,0
flow_30.16,67.5,2.5,0
flow_30.17,67.0,2.5,0
flow_10.2,22.5,2.0,0
flow_101.9,27.5,3.0,0
flow_301.41,66.0,2.5,0
flow_301.42,64.5,2.5,0
flow_301.43,63.0,3.0,0
flow_3012.18,34.5,3.5,0
flow_2012.22,76.5,4.0,0
flow_001.7,50.5,7.0,0
flow_201.24,76.5,3.0,0
flow_20.17,72.5,3.0,0
flow_2012.23,73.0,3.5,0
flow_2012.24,72.5,4.0,0
flow_20.18,69.0,2.5,0
flow_201.25,68.5,2.5,0
flow_20.19,64.5,2.5,0
flow_2012.25,68.5,4.0,0
flow_2012.26,67.0,4.5,0
flow_201.26,60.0,2.5,0
flow_2012.27,60.0,3.5,0
flow_20.20,26.5,2.5,0
flow_201.27,32.5,3.5,0
flow_10.3,70.0,4.0,0
flow_301.44,79.5,3.5,0
flow_101.10,68.5,3.0,0
flow_3012.19,81.5,5.0,0
flow_1012.5,33.5,3.5,0
flow_30.18,79.5,3.5,0
flow_301.45,79.0,3.0,0
flow_30.19,75.5,2.5,0
flow_101.11,28.0,3.0,0
flow_30.20,74.0,2.5,0
flow_30.21,72.0,2.5,0
flow_3012.20,59.0,3.0,0
flow_30.22,56.5,2.5,0
flow_30.23,55.0,2.5,0
flow_1012.6,26.5,5.5,0
flow_30.24,46.5,5.0,0
flow_301.46,39.0,3.0,0
flow_1012.7,29.5,5.5,0
flow_0012.8,64.5,4.0,0
flow_2012.28,76.5,4.5,0
flow_00.3,54.5,3.0,0
flow_20.21,68.5,3.0,0
flow_00.4,32.0,3.0,0
flow_201.28,66.0,3.0,0
flow_201.29,63.5,3.0,0
flow_20.22,58.5,2.5,0
flow_201.30,63.5,3.5,0
flow_201.31,58.5,2.5,0
flow_20.23,55.5,2.5,0
flow_00.5,21.0,1.5,0
flow_2012.29,53.5,5.5,0
flow_20.24,51.0,3.0,0
flow_20.25,41.5,3.0,0
flow_201.32,33.5,3.0,0
flow_20.26,31.5,3.0,0
flow_2012.30,30.0,3.5,0
flow_301.47,85.0,3.5,0
flow_101.12,52.0,3.5,0
flow_301.48,82.5,3.0,0
flow_3012.21,81.0,3.5,0
flow_30.25,78.0,2.5,0
flow_30.26,76.5,2.5,0
flow_30.27,77.0,3.0,0
flow_30.28,67.5,2.5,0
flow_301.49,53.5,2.5,0
flow_30.29,52.0,2.5,0
flow_301.50,52.0,3.0,0
flow_101.13,23.5,2.0,0
flow_3012.22,47.5,5.0,0
flow_301.51,43.5,2.5,0
flow_1012.8,28.0,5.0,0
flow_101.14,26.0,2.5,0
flow_301.52,35.5,3.5,0
flow_201.33,74.5,3.5,0
flow_0012.9,50.5,6.5,0
flow_2012.31,68.5,4.0,0
flow_00.6,38.0,4.0,0
flow_201.34,66.0,3.0,0
flow_00.7,28.0,2.5,0
flow_0012.10,32.5,4.0,0
flow_201.35,61.5,6.0,0
flow_00.8,21.0,2.0,0
flow_20.27,56.5,2.5,0
flow_201.36,61.0,3.5,0
flow_201.37,56.5,2.5,0
flow_20.28,53.0,2.5,0
flow_00.9,23.0,2.0,0
flow_201.38,54.5,2.5,0
flow_201.39,56.5,4.0,0
flow_201.40,52.0,3.5,0
flow_201.41,49.0,3.5,0
flow_10.4,73.0,4.0,0
flow_301.53,80.0,3.5,0
flow_101.15,72.5,3.0,0
flow_301.54,79.5,3.0,0
flow_10.5,66.0,3.0,0
flow_301.55,78.0,3.0,0
flow_3012.23,76.0,3.5,0
flow_1012.9,64.0,3.5,0
flow_3012.24,75.5,4.0,0
flow_301.56,75.0,3.0,0
flow_101.16,30.0,3.5,0
flow_3012.25,74.5,4.5,0
flow_301.57,71.0,3.0,0
flow_1012.10,27.0,4.5,0
flow_30.30,71.5,4.0,0
flow_30.31,69.5,3.0,0
flow_30.32,68.0,3.0,0
flow_101.17,25.5,2.5,0
flow_3012.26,67.0,4.0,0
flow_1012.11,26.0,3.5,0
flow_30.33,33.0,5.0,0
flow_10.6,22.5,2.0,0
flow_201.42,85.0,3.5,0
flow_001.8,72.5,3.5,0
flow_201.43,83.0,3.0,0
flow_001.9,47.5,3.0,0
flow_20.29,80.0,3.0,0
flow_20.30,79.0,3.0,0
flow_2012.32,79.0,3.5,0
flow_201.44,78.0,3.0,0
flow_201.45,76.5,3.5,0
flow_2012.33,73.5,3.0,0
flow_2012.34,72.5,3.5,0
flow_0012.11,24.5,3.0,0
flow_201.46,72.0,2.5,0
flow_201.47,69.0,3.0,0
flow_20.31,65.5,2.5,0
flow_201.48,31.5,2.5,0
flow_201.49,29.5,3.0,0
flow_301.58,80.0,3.5,0
flow_1012.12,48.0,6.5,0
flow_30.34,79.5,3.5,0
flow_301.59,79.5,3.0,0
flow_30.35,76.5,2.5,0
flow_301.60,77.0,2.5,0
flow_301.61,76.0,3.0,0
flow_301.62,74.5,3.0,0
flow_1012.13,25.5,3.5,0
flow_301.63,76.0,6.0,0
flow_301.64,75.5,3.5,0
flow_301.65,74.5,3.5,0
flow_30.36,51.5,2.5,0
flow_301.66,68.0,3.5,0
flow_001.10,70.0,3.5,0
flow_201.50,76.5,3.5,0
flow_001.11,62.5,3.0,0
flow_201.51,75.5,3.0,0
flow_20.32,72.0,3.0,0
flow_201.52,71.5,2.5,0
flow_2012.35,72.0,3.5,0
flow_201.53,69.0,2.5,0
flow_201.54,67.5,2.5,0
flow_20.33,65.0,2.5,0
flow_20.34,62.0,3.0,0
flow_2012.36,67.0,4.0,0
flow_2012.37,62.5,3.5,0
flow_20.35,58.0,2.5,0
flow_20.36,28.5,2.5,0
flow_001.12,27.5,3.0,0
flow_20.37,26.5,2.5,0
flow_301.67,83.5,3.5,0
flow_1012.14,62.5,6.5,0
flow_1012.15,49.5,4.5,0
flow_30.37,85.0,5.0,0
flow_30.38,84.0,3.5,0
flow_301.68,82.5,3.0,0
flow_301.69,82.0,3.0,0
flow_30.39,76.0,3.0,0
flow_301.70,80.5,3.0,0
flow_3012.27,63.5,4.0,0
flow_30.40,61.0,3.0,0
flow_301.71,41.0,3.0,0
flow_301.72,40.0,3.0,0
flow_101.18,26.0,3.0,0
flow_10.7,23.0,2.0,0
flow_201.55,75.5,3.5,0
flow_001.13,58.0,3.5,0
flow_2012.38,74.5,3.5,0
flow_201.56,73.5,3.0,0
flow_001.14,42.0,6.5,0
flow_201.57,72.5,2.5,0
flow_001.15,35.5,3.5,0
flow_201.58,72.5,3.5,0
flow_2012.39,70.0,3.5,0
flow_0012.12,31.5,5.0,0
flow_2012.40,68.5,3.5,0
flow_201.59,67.0,3.0,0
flow_2012.41,65.0,3.5,0
flow_201.60,64.5,3.0,0
flow_201.61,63.0,3.0,0
flow_2012.42,62.0,4.0,0
flow_201.62,30.5,2.5,0
flow_201.63,29.0,3.0,0
flow_301.73,67.0,3.5,0
flow_101.19,73.0,3.5,0
flow_3012.28,61.5,4.0,0
flow_10.8,50.5,6.0,0
flow_3012.29,65.0,6.5,0
flow_3012.30,60.5,4.5,0
flow_3012.31,55.5,4.5,0
flow_3012.32,43.5,4.0,0
flow_301.74,33.0,3.0,0
flow_3012.33,27.5,3.0,0
flow_30.41,25.0,2.5,0
flow_3012.34,25.0,3.0,0
flow_301.75,25.5,2.5,0
flow_301.76,25.0,2.5,0
flow_2012.43,75.5,4.0,0
flow_001.16,78.5,7.5,0
flow_2012.44,78.5,5.0,0
flow_201.64,76.0,3.0,0
flow_001.17,66.0,4.0,0
flow_2012.45,76.5,5.0,0
flow_201.65,73.5,3.0,0
flow_001.18,41.0,4.0,0
flow_201.66,72.5,3.0,0
flow_201.67,71.5,3.0,0
flow_2012.46,71.0,4.0,0
flow_201.68,67.0,2.5,0
flow_2012.47,66.0,3.0,0
flow_201.69,63.5,2.0,0
flow_201.70,56.5,3.0,0
flow_2012.48,34.0,4.0,0
flow_30.42,65.0,4.0,0
flow_101.20,61.5,3.5,0
flow_30.43,65.0,3.0,0
flow_10.9,61.0,3.5,0
flow_301.77,65.5,3.0,0
flow_301.78,64.0,3.0,0
flow_101.21,25.0,2.5,0
flow_3012.35,64.5,5.0,0
flow_30.44,61.0,3.0,0
flow_30.45,60.0,3.0,0
flow_3012.36,60.0,4.0,0
flow_3012.37,57.5,4.0,0
flow_3012.38,39.0,4.0,0
flow_30.46,35.0,3.0,0
flow_101.22,32.5,6.5,0
flow_30.47,33.5,3.0,0
flow_30.48,30.0,2.5,0
flow_301.79,30.5,3.0,0
flow_20.38,76.5,3.0,0
flow_201.71,81.5,4.0,0
flow_2012.49,77.0,3.5,0
flow_20.39,73.5,2.5,0
flow_201.72,73.5,2.5,0
flow_201.73,73.0,3.0,0
flow_201.74,67.0,3.0,0
flow_201.75,64.0,3.0,0
flow_201.76,57.5,3.0,0
flow_20.40,52.0,3.0,0
flow_201.77,50.0,2.5,0
flow_201.78,43.0,3.0,0
flow_2012.50,31.5,3.5,0
flow_20.41,26.0,2.5,0
flow_001.19,24.5,2.5,0
flow_20.0,21.0,1.5,0
flow_101.0,47.0,3.5,0
flow_30.0,40.5,4.0,0
flow_301.0,28.0,3.0,0
flow_1012.0,51.5,6.0,0
flow_101.1,48.5,3.0,0
flow_301.1,29.5,3.5,0
flow_1012.1,48.5,4.5,0
flow_101.2,45.5,3.0,0
flow_301.2,31.5,3.5,0
flow_1012.2,46.5,4.5,0
flow_1012.3,32.0,4.5,0
flow_301.3,38.0,5.0,0
flow_301.4,30.5,4.0,0
flow_301.5,29.0,3.5,0
flow_101.3,23.5,2.0,0
flow_301.6,28.0,3.5,0
flow_2012.0,58.0,4.5,0
flow_201.0,48.5,3.0,0
flow_001.0,60.5,7.5,0
flow_00.0,57.5,3.5,0
flow_20.1,23.5,2.0,0
flow_0012.0,31.0,3.5,0
flow_20.2,20.0,1.5,0
flow_10.0,70.5,4.0,0
flow_301.7,73.0,3.5,0
flow_101.4,71.5,3.0,0
flow_301.8,69.0,3.0,0
flow_30.1,66.0,3.0,0
flow_101.5,70.5,3.0,0
flow_30.2,62.0,2.5,0
flow_101.6,69.0,3.0,0
flow_30.3,56.0,3.0,0
flow_10.1,64.0,3.0,0
flow_101.7,69.0,3.0,0
flow_30.4,55.0,2.5,0
flow_30.5,55.0,3.0,0
flow_101.8,65.5,2.5,0
flow_3012.0,54.0,4.0,0
flow_301.9,52.0,3.0,0
flow_30.6,35.0,2.5,0
flow_101.9,67.0,4.0,0
flow_10.2,64.0,3.0,0
flow_10.3,62.0,3.0,0
flow_301.10,36.5,3.0,0
flow_1012.4,62.5,3.5,0
flow_3012.1,33.0,4.0,0
flow_3012.2,29.5,4.0,0
flow_10.4,63.0,6.0,0
flow_2012.1,36.5,4.5,0
flow_20.3,34.0,3.0,0
flow_001.1,65.0,7.5,0
flow_20.4,33.5,3.0,0
flow_0012.1,33.5,5.5,0
flow_201.1,24.5,2.5,0
flow_30.7,70.5,4.0,0
flow_10.5,84.0,4.0,0
flow_101.10,83.0,3.0,0
flow_1012.5,82.0,3.5,0
flow_3012.3,71.0,5.0,0
flow_30.8,67.0,3.5,0
flow_1012.6,84.0,6.5,0
flow_30.9,65.0,6.0,0
flow_1012.7,86.0,7.0,0
flow_30.10,68.0,8.0,0
flow_1012.8,88.0,7.0,0
flow_10.6,77.5,3.5,0
flow_301.11,71.0,3.5,0
flow_10.7,68.5,3.0,0
flow_301.12,52.0,3.0,0
flow_101.11,68.5,3.0,0
flow_301.13,51.0,3.0,0
flow_30.11,43.0,2.5,0
flow_101.12,68.0,3.0,0
flow_10.8,64.5,2.5,0
flow_201.2,71.0,3.5,0
flow_001.2,68.0,3.5,0
flow_0012.2,38.5,4.0,0
flow_20.5,54.5,6.0,0
flow_201.3,54.5,3.5,0
flow_201.4,45.0,3.5,0
flow_001.3,24.5,2.5,0
flow_3012.4,62.5,4.5,0
flow_10.9,93.0,6.5,0
flow_301.14,61.5,3.0,0
flow_101.13,88.0,3.5,0
flow_3012.5,45.0,3.5,0
flow_101.14,85.5,4.0,0
flow_101.15,83.0,3.0,0
flow_10.10,77.5,2.5,0
flow_301.15,25.0,2.5,0
flow_10.11,55.5,2.5,0
flow_101.16,54.5,2.5,0
flow_3012.6,28.0,5.0,0
flow_301.16,25.5,2.5,0
flow_101.17,56.5,3.5,0
flow_1012.9,51.0,4.0,0
flow_101.18,49.5,3.5,0
flow_301.17,27.5,3.0,0
flow_101.19,41.5,3.5,0
flow_3012.7,29.0,5.0,0
flow_2012.2,35.0,4.5,0
flow_00.1,54.5,6.5,0
flow_00.2,35.5,4.0,0
flow_00.3,20.5,2.0,0
flow_00.4,23.0,2.0,0
flow_0012.3,25.0,3.5,0
flow_001.4,27.0,3.0,0
flow_101.20,87.5,3.5,0
flow_301.18,64.0,3.5,0
flow_30.12,56.5,3.0,0
flow_101.21,77.5,3.5,0
flow_30.13,55.5,3.0,0
flow_101.22,64.0,3.0,0
flow_30.14,53.5,3.0,0
flow_101.23,51.0,3.0,0
flow_10.12,47.5,2.5,0
flow_30.15,52.0,3.0,0
flow_301.19,51.0,2.5,0
flow_1012.10,49.5,5.0,0
flow_101.24,48.0,3.0,0
flow_10.13,44.0,3.0,0
flow_301.20,53.5,3.5,0
flow_30.16,49.5,2.5,0
flow_101.25,44.0,3.0,0
flow_3012.8,42.5,4.0,0
flow_3012.9,41.0,4.0,0
flow_301.21,36.5,3.0,0
flow_101.26,49.0,3.5,0
flow_301.22,32.5,4.0,0
flow_101.27,47.5,3.5,0
flow_10.14,42.5,3.0,0
flow_301.23,31.0,4.0,0
flow_2012.3,42.5,4.5,0
flow_001.5,77.0,7.0,0
flow_201.5,42.5,3.0,0
flow_001.6,76.5,3.0,0
flow_2012.4,24.0,3.0,0
flow_201.6,24.5,2.5,0
flow_10.15,86.5,7.0,0
flow_3012.10,78.0,4.5,0
flow_301.24,76.5,3.0,0
flow_1012.11,86.0,5.0,0
flow_10.16,76.5,3.5,0
flow_10.17,75.5,3.0,0
flow_301.25,79.0,4.0,0
flow_3012.11,78.0,5.0,0
flow_301.26,76.5,3.0,0
flow_101.28,81.5,4.0,0
flow_3012.12,78.5,5.0,0
flow_301.27,75.5,3.5,0
flow_101.29,75.0,4.0,0
flow_301.28,47.0,3.5,0
flow_1012.12,75.0,5.0,0
flow_10.18,72.0,3.0,0
flow_301.29,41.0,3.5,0
flow_10.19,60.5,3.0,0
flow_10.20,43.5,3.0,0
flow_301.30,40.0,3.0,0
flow_3012.13,38.5,4.0,0
flow_101.30,42.0,6.5,0
flow_2012.5,60.5,4.5,0
flow_001.7,57.0,7.5,0
flow_001.8,44.5,4.0,0
flow_00.5,21.0,2.0,0
flow_2012.6,24.5,3.0,0
flow_0012.4,23.5,3.0,0
flow_001.9,26.0,3.0,0
flow_10.21,82.0,4.0,0
flow_301.31,84.5,3.5,0
flow_3012.14,83.0,4.0,0
flow_1012.13,79.0,3.5,0
flow_3012.15,79.0,3.5,0
flow_301.32,78.0,2.5,0
flow_101.31,78.5,4.0,0
flow_3012.16,78.0,4.0,0
flow_30.17,74.0,3.0,0
flow_301.33,74.5,2.5,0
flow_101.32,66.0,4.0,0
flow_301.34,73.0,3.0,0
flow_10.22,56.0,3.0,0
flow_101.33,64.5,3.5,0
flow_301.35,69.5,3.5,0
flow_10.23,52.5,3.0,0
flow_3012.17,69.0,4.5,0
flow_3012.18,52.0,4.0,0
flow_301.36,50.5,2.5,0
flow_101.34,60.5,4.0,0
flow_301.37,33.0,3.0,0
flow_1012.14,59.5,4.0,0
flow_00.6,71.0,4.0,0
flow_201.7,52.5,3.5,0
flow_001.10,68.5,3.0,0
flow_00.7,53.5,3.0,0
flow_201.8,27.0,3.0,0
flow_001.11,51.0,2.5,0
flow_001.12,51.5,3.0,0
flow_00.8,34.0,3.0,0
flow_001.13,31.5,3.0,0
flow_20.6,22.5,2.0,0
flow_0012.5,25.0,3.5,0
flow_001.14,26.5,3.0,0
flow_30.18,78.5,4.0,0
flow_1012.15,98.0,7.5,0
flow_101.35,97.0,3.5,0
flow_10.24,93.0,3.0,0
flow_301.38,82.5,3.0,0
flow_30.19,75.5,3.0,0
flow_101.36,85.0,2.5,0
flow_10.25,77.0,2.5,0
flow_30.20,75.0,3.0,0
flow_3012.19,67.5,3.5,0
flow_1012.16,78.0,4.0,0
flow_3012.20,63.0,4.0,0
flow_10.26,77.5,5.5,0
flow_301.39,59.5,3.0,0
flow_1012.17,78.0,5.0,0
flow_101.37,75.5,3.0,0
flow_301.40,42.0,3.5,0
flow_30.21,35.5,3.0,0
flow_101.38,74.0,3.5,0
flow_3012.21,34.5,3.5,0
flow_30.22,31.5,2.5,0
flow_1012.18,75.0,4.5,0
flow_101.39,73.5,3.5,0
flow_20.7,21.5,2.0,0
flow_00.9,62.0,4.0,0
flow_0012.6,25.0,3.5,0
flow_20.8,22.0,2.0,0
flow_001.15,25.0,2.5,0
flow_001.16,26.5,3.0,0
flow_3012.22,76.5,4.5,0
flow_301.41,65.5,3.0,0
flow_101.40,88.5,7.5,0
flow_301.42,65.0,3.0,0
flow_1012.19,87.5,5.0,0
flow_101.41,85.0,3.0,0
flow_301.43,60.5,3.5,0
flow_101.42,84.0,3.0,0
flow_3012.23,60.5,5.0,0
flow_301.44,57.5,3.0,0
flow_101.43,85.5,3.5,0
flow_10.27,82.0,3.0,0
flow_301.45,57.5,3.5,0
flow_301.46,56.5,3.5,0
flow_1012.20,85.0,4.5,0
flow_30.23,54.5,4.5,0
flow_101.44,83.0,3.0,0
flow_301.47,32.0,3.0,0
flow_101.45,81.0,3.0,0
flow_10.28,77.5,2.5,0
flow_301.48,30.5,3.0,0
flow_1012.21,72.0,3.5,0
flow_3012.24,30.0,4.0,0
flow_001.17,73.0,3.5,0
flow_201.9,64.5,4.0,0
flow_2012.7,62.0,3.5,0
flow_0012.7,73.5,4.0,0
flow_20.9,39.5,3.0,0
flow_00.10,55.5,3.0,0
flow_00.11,21.5,2.0,0
flow_0012.8,23.0,2.5,0
flow_3012.25,60.0,5.0,0
flow_10.29,116.0,7.0,0
flow_1012.22,88.5,4.5,0
flow_3012.26,60.0,6.0,0
flow_3012.27,57.5,4.0,0
flow_30.24,54.5,3.0,0
flow_101.46,90.0,3.5,0
flow_30.25,51.0,3.0,0
flow_3012.28,49.5,3.5,0
flow_1012.23,88.5,5.0,0
flow_10.30,85.0,3.0,0
flow_30.26,47.0,2.5,0
flow_10.31,84.5,3.0,0
flow_3012.29,39.5,5.5,0
flow_301.49,30.0,3.0,0
flow_30.27,27.5,2.5,0
flow_101.47,89.5,3.5,0
flow_10.32,85.5,2.5,0
flow_1012.24,88.0,4.0,0
flow_1012.25,86.5,4.5,0
flow_00.12,70.5,4.0,0
flow_201.10,37.5,3.5,0
flow_001.18,39.0,3.0,0
flow_00.13,21.0,1.5,0
flow_20.10,20.0,1.5,0
flow_001.19,26.0,3.0,0
flow_3012.30,61.5,4.0,0
flow_10.33,131.5,6.5,0
flow_301.50,60.0,3.0,0
flow_30.28,54.0,3.0,0
flow_101.48,130.0,3.0,0
flow_101.49,92.5,3.0,0
flow_10.34,86.0,3.0,0
flow_301.51,55.0,2.5,0
flow_301.52,52.0,3.0,0
flow_10.35,81.0,3.0,0
flow_1012.26,86.5,4.5,0
flow_301.53,40.0,3.5,0
flow_101.50,81.0,3.0,0
flow_301.54,27.0,3.0,0
flow_101.51,79.5,3.0,0
flow_10.36,75.5,3.0,0
flow_301.55,26.0,2.5,0
flow_30.29,22.0,2.0,0
flow_10.37,75.5,3.0,0
flow_101.52,74.5,2.5,0
flow_10.38,29.5,2.5,0
flow_101.53,72.5,3.0,0
flow_301.56,26.5,3.0,0
flow_101.54,29.0,2.5,0
flow_20.11,58.5,4.0,0
flow_201.11,43.0,3.0,0
flow_201.12,41.5,3.0,0
flow_20.12,35.5,3.0,0
flow_3012.31,59.5,4.0,0
flow_10.39,76.5,6.5,0
flow_3012.32,62.0,5.5,0
flow_101.55,80.0,4.0,0
flow_301.57,57.0,3.0,0
flow_3012.33,57.0,4.0,0
flow_301.58,54.5,3.0,0
flow_101.56,82.5,3.5,0
flow_3012.34,54.0,4.5,0
flow_3012.35,52.5,4.5,0
flow_3012.36,52.5,4.5,0
flow_301.59,48.5,2.5,0
flow_101.57,90.5,7.5,0
flow_3012.37,42.5,5.0,0
flow_10.40,89.5,4.0,0
flow_3012.38,38.0,7.5,0
flow_2012.8,25.0,3.0,0
flow_201.13,25.5,2.5,0
flow_30.30,29.0,3.5,0
flow_101.58,142.0,3.5,0
flow_10.41,140.5,3.0,0
flow_301.60,30.0,3.0,0
flow_10.42,139.0,3.0,0
flow_101.59,138.5,2.5,0
flow_301.61,31.5,4.0,0
flow_301.62,29.5,3.5,0
flow_101.60,138.0,3.0,0
flow_10.43,134.5,2.5,0
flow_3012.39,26.5,4.5,0
flow_101.61,137.5,4.0,0
flow_10.44,107.0,3.0,0
flow_101.62,101.0,2.5,0
flow_101.63,97.0,3.0,0
flow_10.45,88.0,2.5,0
flow_30.31,22.0,2.0,0
flow_101.64,82.5,2.5,0
flow_10.46,33.0,2.5,0
flow_20.13,62.5,4.0,0
flow_001.20,41.0,3.5,0
flow_2012.9,53.0,4.0,0
flow_00.14,42.5,6.0,0
flow_00.15,41.0,4.0,0
flow_001.21,39.5,3.0,0
flow_001.22,39.0,3.0,0
flow_00.16,21.5,2.0,0
flow_00.17,21.0,2.0,0
flow_2012.10,23.5,3.0,0
flow_00.18,20.5,1.5,0
flow_30.32,70.5,4.0,0
flow_001.0,26.0,3.0,0
flow_201.0,24.5,2.5,0
flow_00.0,21.0,1.5,0
flow_201.1,24.5,2.5,0
flow_00.1,22.0,2.0,0
flow_2012.0,27.5,6.0,0
flow_3012.0,54.5,4.0,0
flow_10.0,48.0,6.5,0
flow_30.0,51.0,3.0,0
flow_301.0,55.5,3.5,0
flow_101.0,38.5,3.0,0
flow_3012.1,42.5,3.0,0
flow_301.1,31.5,2.5,0
flow_101.1,26.5,2.5,0
flow_101.2,26.0,2.5,0
flow_3012.2,28.0,4.5,0
flow_1012.0,26.0,3.5,0
flow_10.1,23.0,2.0,0
flow_301.2,28.5,3.5,0
flow_3012.3,27.0,3.5,0
flow_3012.4,27.5,4.0,0
flow_301.3,26.0,3.0,0
flow_201.2,70.0,3.5,0
flow_00.2,74.0,4.0,0
flow_00.3,50.0,3.0,0
flow_201.3,53.0,3.0,0
flow_001.1,50.5,3.0,0
flow_2012.1,37.0,5.5,0
flow_2012.2,35.5,4.5,0
flow_201.4,32.5,2.5,0
flow_201.5,32.0,3.0,0
flow_001.2,35.5,4.0,0
flow_201.6,30.5,3.0,0
flow_001.3,35.5,3.5,0
flow_0012.0,26.0,3.5,0
flow_201.7,26.5,3.0,0
flow_001.4,25.5,2.5,0
flow_1012.1,73.5,4.5,0
flow_3012.5,66.5,5.0,0
flow_301.4,65.0,3.0,0
flow_101.3,67.5,3.5,0
flow_301.5,63.5,3.0,0
flow_101.4,55.5,3.5,0
flow_301.6,62.5,3.0,0
flow_101.5,50.0,3.5,0
flow_10.2,44.0,2.5,0
flow_301.7,49.0,3.5,0
flow_1012.2,33.0,4.0,0
flow_301.8,47.0,7.0,0
flow_1012.3,35.0,5.5,0
flow_10.3,31.0,3.5,0
flow_301.9,48.0,4.0,0
flow_1012.4,33.5,4.5,0
flow_30.1,35.5,4.5,0
flow_101.6,30.5,3.0,0
flow_101.7,29.0,3.5,0
flow_1012.5,26.5,3.0,0
flow_3012.6,38.5,6.5,0
flow_3012.7,36.5,4.5,0
flow_00.4,73.5,4.0,0
flow_201.8,60.0,3.5,0
flow_0012.1,69.0,4.0,0
flow_20.0,20.5,1.5,0
flow_001.5,68.5,3.0,0
flow_00.5,63.5,2.5,0
flow_00.6,62.0,2.5,0
flow_20.1,21.0,1.5,0
flow_001.6,26.5,3.0,0
flow_2012.3,26.0,3.5,0
flow_001.7,30.5,6.5,0
flow_0012.2,28.0,4.0,0
flow_0012.3,27.0,3.5,0
flow_001.8,27.0,2.5,0
flow_10.4,74.5,4.0,0
flow_301.10,62.0,3.5,0
flow_101.8,74.5,3.0,0
flow_301.11,54.0,3.0,0
flow_101.9,74.0,3.0,0
flow_301.12,50.5,3.5,0
flow_30.2,39.5,2.5,0
flow_10.5,71.5,2.5,0
flow_30.3,38.5,2.5,0
flow_10.6,70.0,3.0,0
flow_101.10,55.0,2.5,0
flow_30.4,38.0,2.5,0
flow_30.5,24.5,2.0,0
flow_101.11,55.5,3.0,0
flow_30.6,21.5,2.0,0
flow_101.12,34.5,3.0,0
flow_1012.6,34.0,4.5,0
flow_101.13,29.5,2.5,0
flow_301.13,27.0,3.0,0
flow_1012.7,24.5,3.0,0
flow_201.9,69.0,3.5,0
flow_0012.4,77.0,6.5,0
flow_00.7,64.0,3.5,0
flow_201.10,71.0,4.0,0
flow_001.9,63.5,3.0,0
flow_201.11,68.5,3.5,0
flow_20.2,52.0,3.0,0
flow_001.10,47.5,3.0,0
flow_001.11,26.5,2.5,0
flow_201.12,47.5,3.0,0
flow_00.8,24.0,2.0,0
flow_2012.4,49.0,5.5,0
flow_20.3,36.0,3.5,0
flow_001.12,26.5,2.5,0
flow_201.13,33.5,3.0,0
flow_0012.5,27.5,4.0,0
flow_201.14,29.5,4.0,0
flow_20.4,24.0,2.5,0
flow_101.14,67.5,3.5,0
flow_301.14,74.5,3.5,0
flow_30.7,54.0,3.0,0
flow_10.7,64.0,3.0,0
flow_301.15,53.5,3.0,0
flow_101.15,63.5,3.0,0
flow_101.16,63.0,3.0,0
flow_10.8,59.0,2.5,0
flow_301.16,53.5,3.0,0
flow_30.8,50.5,2.5,0
flow_101.17,59.5,2.5,0
flow_3012.8,53.5,5.5,0
flow_301.17,41.5,3.0,0
flow_101.18,62.0,4.0,0
flow_30.9,30.5,3.0,0
flow_301.18,35.0,3.0,0
flow_101.19,60.5,3.0,0
flow_30.10,30.0,3.0,0
flow_101.20,59.5,3.0,0
flow_301.19,29.0,2.5,0
flow_1012.8,59.5,5.5,0
flow_10.9,57.0,3.0,0
flow_301.20,25.0,2.5,0
flow_101.21,55.5,3.0,0
flow_0012.6,72.0,4.0,0
flow_00.9,70.5,3.0,0
flow_001.13,64.5,2.5,0
flow_201.15,25.5,2.5,0
flow_0012.7,48.0,3.5,0
flow_001.14,40.0,2.5,0
flow_00.10,34.0,2.5,0
flow_201.16,28.0,3.0,0
flow_00.11,32.5,2.5,0
flow_201.17,27.0,3.5,0
flow_20.5,25.0,2.5,0
flow_001.15,29.0,2.5,0
flow_20.6,23.5,2.0,0
flow_00.12,28.0,2.5,0
flow_001.16,27.0,3.0,0
flow_2012.5,27.5,4.5,0
flow_201.18,24.5,2.0,0
flow_3012.9,75.5,4.5,0
flow_10.10,87.5,6.5,0
flow_301.21,68.5,3.0,0
flow_30.11,55.0,3.0,0
flow_10.11,85.0,4.0,0
flow_1012.9,85.5,4.5,0
flow_1012.10,83.5,3.5,0
flow_101.22,77.5,3.0,0
flow_10.12,73.5,2.5,0
flow_301.22,53.5,4.0,0
flow_101.23,74.0,2.5,0
flow_301.23,49.0,3.5,0
flow_101.24,70.0,3.5,0
flow_301.24,48.0,3.5,0
flow_101.25,68.5,3.5,0
flow_301.25,46.5,3.5,0
flow_301.26,45.0,3.5,0
flow_101.26,67.5,3.0,0
flow_1012.11,67.0,4.5,0
flow_30.12,47.0,6.5,0
flow_1012.12,67.0,7.5,0
flow_00.13,69.5,4.0,0
flow_201.19,61.5,3.5,0
flow_20.7,41.0,3.0,0
flow_001.17,55.5,3.5,0
flow_00.14,52.0,3.0,0
flow_20.8,25.0,2.5,0
flow_001.18,52.5,3.0,0
flow_001.19,51.5,3.5,0
flow_0012.8,40.0,3.0,0
flow_0012.9,27.0,3.5,0
flow_20.9,22.5,2.5,0
flow_001.20,25.5,2.5,0
flow_201.20,25.5,2.5,0
flow_301.27,96.0,3.5,0
flow_101.27,85.5,3.5,0
flow_1012.13,84.0,4.5,0
flow_101.28,81.5,3.0,0
flow_10.13,75.0,2.5,0
flow_30.13,96.5,3.0,0
flow_301.28,101.5,7.5,0
flow_10.14,58.5,2.5,0
flow_30.14,95.5,3.0,0
flow_10.15,57.5,2.5,0
flow_301.29,94.0,3.0,0
flow_101.29,57.0,2.5,0
flow_1012.14,55.0,3.5,0
flow_30.15,89.0,3.0,0
flow_3012.10,94.5,4.5,0
flow_1012.15,48.5,6.5,0
flow_10.16,46.0,3.5,0
flow_301.30,94.0,3.0,0
flow_101.30,45.5,3.0,0
flow_10.17,34.5,2.5,0
flow_301.31,93.0,3.0,0
flow_101.31,32.0,2.5,0
flow_301.32,92.0,3.0,0
flow_3012.11,89.5,3.5,0
flow_001.21,73.5,3.5,0
flow_201.21,61.5,4.0,0
flow_2012.6,60.0,4.0,0
flow_001.22,74.5,7.0,0
flow_0012.10,73.5,4.0,0
flow_2012.7,63.5,6.0,0
flow_0012.11,68.5,4.0,0
flow_2012.8,62.0,5.0,0
flow_0012.12,67.5,4.0,0
flow_20.10,28.5,6.5,0
flow_001.23,63.5,2.5,0
flow_20.11,27.5,4.0,0
flow_0012.13,49.5,5.0,0
flow_0012.14,43.0,4.0,0
flow_001.24,25.0,2.5,0
flow_201.22,32.5,3.5,0
flow_201.23,31.0,3.0,0
flow_001.25,25.0,2.5,0
flow_3012.12,135.0,4.5,0
flow_101.32,41.5,7.0,0
flow_3012.13,91.5,5.0,0
flow_3012.14,87.5,4.5,0
flow_301.33,84.0,3.0,0
flow_30.16,81.0,3.0,0
flow_101.33,42.5,4.5,0
flow_301.34,79.5,2.5,0
flow_301.35,80.0,3.0,0
flow_3012.15,78.5,3.5,0
flow_30.17,75.0,2.5,0
flow_1012.16,27.5,6.0,0
flow_101.34,25.5,2.5,0
flow_301.36,80.0,3.0,0
flow_301.37,78.5,3.0,0
flow_101.35,25.0,2.5,0
flow_3012.16,77.5,4.5,0
flow_00.15,72.0,4.0,0
flow_201.24,69.5,3.5,0
flow_001.26,73.5,3.0,0
flow_201.25,70.0,3.0,0
flow_20.12,44.0,3.0,0
flow_001.27,71.0,3.0,0
flow_00.16,64.0,2.5,0
flow_001.28,41.0,2.5,0
flow_2012.9,25.0,3.5,0
flow_2012.10,26.5,3.5,0
flow_0012.15,26.5,3.5,0
flow_20.13,21.0,2.0,0
flow_10.18,63.5,4.0,0
flow_301.38,85.0,3.5,0
flow_10.19,61.5,3.0,0
flow_3012.17,86.5,6.0,0
flow_301.39,84.5,3.5,0
flow_101.36,51.5,2.5,0
flow_301.40,85.0,4.0,0
flow_30.18,83.5,5.5,0
flow_1012.17,43.5,4.5,0
flow_3012.18,81.5,4.0,0
flow_1012.18,45.0,7.5,0
flow_101.37,44.0,3.5,0
flow_301.41,84.0,3.0,0
flow_1012.19,40.0,4.5,0
flow_101.38,38.0,3.0,0
flow_10.20,34.5,2.5,0
flow_301.42,85.5,3.5,0
flow_30.19,82.0,3.0,0
flow_101.39,35.0,2.5,0
flow_1012.20,33.0,3.0,0
flow_3012.19,83.5,4.0,0
flow_201.26,63.5,3.5,0
flow_001.29,57.0,3.5,0
flow_001.30,56.5,3.0,0
flow_201.27,38.5,3.0,0
flow_20.14,34.5,3.0,0
flow_00.17,54.0,3.0,0
flow_00.18,52.5,2.5,0
flow_201.28,27.0,3.0,0
flow_0012.16,53.0,3.5,0
flow_201.29,25.5,2.5,0
flow_00.19,23.5,2.5,0
flow_201.30,24.0,2.5,0
flow_3012.20,130.0,4.5,0
flow_10.21,81.5,6.5,0
flow_301.43,128.5,3.0,0
flow_101.40,79.5,3.0,0
flow_301.44,91.0,3.0,0
flow_101.41,75.0,3.0,0
flow_3012.21,88.5,4.0,0
flow_1012.21,74.5,3.5,0
flow_10.22,68.0,3.0,0
flow_301.45,88.0,3.5,0
flow_101.42,68.0,2.5,0
flow_301.46,86.0,3.0,0
flow_101.43,61.5,3.0,0
flow_3012.22,88.0,5.5,0
flow_301.47,83.5,3.0,0
flow_10.23,57.0,3.5,0
flow_30.20,80.0,2.5,0
flow_1012.22,58.0,5.5,0
flow_3012.23,80.5,3.5,0
flow_1012.23,57.5,4.0,0
flow_101.44,50.5,3.0,0
flow_301.48,82.5,3.5,0
flow_101.45,46.0,3.5,0
flow_301.49,81.0,3.5,0
flow_201.31,63.0,3.5,0
flow_0012.17,70.5,6.0,0
flow_00.20,67.0,3.5,0
flow_201.32,67.0,4.0,0
flow_00.21,62.5,3.0,0
flow_201.33,52.0,3.5,0
flow_00.22,32.5,3.0,0
flow_001.31,31.5,2.5,0
flow_00.23,27.5,2.5,0
flow_201.34,28.5,3.0,0
flow_20.15,25.0,2.5,0
flow_20.16,22.0,2.0,0
flow_301.50,86.0,3.5,0
flow_1012.24,82.0,6.5,0
flow_1012.25,59.0,4.5,0
flow_30.21,86.0,4.5,0
flow_1012.26,56.5,6.5,0
flow_101.46,55.0,3.5,0
flow_301.51,90.5,3.5,0
flow_101.47,43.0,3.0,0
flow_301.52,90.0,3.0,0
flow_1012.27,42.0,5.0,0
flow_1012.28,36.5,4.5,0
flow_10.24,32.5,3.0,0
flow_301.53,94.5,3.5,0
flow_1012.29,33.0,4.5,0
flow_10.25,21.0,2.0,0
flow_301.54,96.0,3.5,0
flow_30.22,93.0,3.0,0
flow_20.17,71.5,4.0,0
flow_0012.18,66.5,7.5,0
flow_20.18,64.5,5.0,0
flow_001.32,31.5,3.5,0
flow_2012.11,50.5,4.0,0
flow_001.33,33.5,4.0,0
flow_201.35,27.5,3.5,0
flow_2012.12,24.5,3.0,0
flow_001.34,24.5,2.5,0
flow_201.36,27.0,3.0,0
flow_0012.19,25.5,3.5,0
flow_201.37,30.5,6.0,0
flow_20.19,26.5,3.0,0
flow_2012.13,26.0,3.0,0
flow_30.23,141.5,4.0,0
flow_101.48,74.5,4.0,0
flow_301.55,144.0,3.5,0
flow_3012.24,140.5,3.5,0
flow_1012.30,74.0,5.5,0
flow_1012.31,70.5,4.5,0
flow_1012.32,69.5,4.5,0
flow_30.24,144.0,7.0,0
flow_1012.33,67.0,8.0,0
flow_1012.34,63.0,5.5,0
flow_101.49,59.0,3.0,0
flow_301.56,151.0,3.5,0
flow_1012.35,53.5,4.5,0
flow_101.50,44.0,2.5,0
flow_30.25,113.0,4.0,0
flow_301.57,107.5,3.0,0
flow_1012.36,46.5,6.0,0
flow_101.51,43.5,3.0,0
flow_301.58,106.5,4.0,0
flow_201.38,39.0,3.5,0
flow_0012.20,78.5,6.5,0
flow_00.24,74.5,3.5,0
flow_201.39,37.5,3.5,0
flow_0012.21,62.5,4.5,0
flow_00.25,55.0,3.0,0
flow_00.26,53.5,2.5,0
flow_201.40,29.0,3.5,0
flow_20.20,24.5,2.5,0
flow_001.35,47.5,2.5,0
flow_00.27,44.5,2.5,0
flow_001.36,33.5,2.5,0
flow_0012.22,32.0,3.5,0
flow_00.28,28.0,2.5,0
flow_20.21,21.5,2.0,0
flow_001.37,27.0,2.5,0
flow_001.38,24.5,2.0,0
flow_301.59,151.0,3.5,0
flow_1012.37,79.0,6.5,0
flow_10.26,75.0,3.5,0
flow_301.60,151.0,4.0,0
flow_10.27,74.0,3.0,0
flow_301.61,149.5,4.0,0
flow_101.52,74.0,3.0,0
flow_301.62,147.0,3.5,0
flow_101.53,73.0,3.5,0
flow_301.63,101.0,3.5,0
flow_101.54,72.5,3.5,0
flow_301.64,99.5,3.5,0
flow_101.55,69.0,3.0,0
flow_301.65,97.0,3.5,0
flow_101.56,66.5,3.0,0
flow_301.66,94.5,3.5,0
flow_101.57,65.5,3.5,0
flow_3012.25,87.5,4.0,0
flow_101.58,54.5,6.0,0
flow_3012.26,88.5,5.5,0
flow_30.26,83.5,3.5,0
flow_101.59,51.0,4.0,0
flow_3012.27,84.0,5.0,0
flow_2012.14,66.0,4.0,0
flow_0012.23,48.5,4.5,0
flow_2012.15,36.5,4.0,0
flow_2012.16,31.5,3.5,0
flow_001.39,54.5,6.5,0
flow_001.40,53.0,3.0,0
flow_001.41,52.0,3.0,0
flow_0012.24,47.5,3.5,0
flow_001.42,27.0,3.0,0
flow_20.22,21.5,2.0,0
flow_001.43,25.5,2.5,0
flow_301.67,85.5,3.5,0
flow_101.60,83.5,3.5,0
flow_301.68,82.0,3.0,0
flow_101.61,82.5,3.0,0
flow_10.28,73.0,3.0,0
flow_301.69,81.5,3.5,0
flow_101.62,61.5,2.5,0
flow_10.29,56.5,2.5,0
flow_301.70,81.0,3.5,0
flow_10.30,55.0,2.5,0
flow_301.71,79.5,3.5,0
flow_10.31,54.5,2.5,0
flow_301.72,78.5,3.5,0
flow_101.63,53.0,2.5,0
flow_301.73,77.0,3.5,0
flow_301.74,75.5,3.5,0
flow_1012.38,55.0,5.5,0
flow_101.64,51.5,3.0,0
flow_10.32,48.0,2.5,0
flow_301.75,77.0,3.5,0
flow_10.33,47.0,2.5,0
flow_301.76,76.5,3.5,0
flow_3012.28,74.5,4.0,0
flow_1012.39,31.5,3.5,0
flow_1012.40,28.5,3.5,0
flow_30.27,74.5,6.0,0
flow_001.44,71.0,3.5,0
flow_20.23,69.5,4.0,0
flow_201.41,68.5,3.0,0
flow_001.45,60.5,3.0,0
flow_20.24,66.0,3.0,0
flow_001.46,59.0,3.0,0
flow_2012.17,45.0,3.5,0
flow_20.25,30.0,3.0,0
flow_001.47,50.0,6.5,0
flow_00.29,47.0,3.0,0
flow_00.30,30.5,3.0,0
flow_2012.18,27.0,3.5,0
flow_00.31,23.0,2.5,0
flow_20.26,22.0,2.0,0
flow_301.77,85.0,3.5,0
flow_001.0,25.5,2.5,0
flow_0012.0,25.0,3.0,0
flow_00.0,21.5,2.0,0
flow_301.0,53.0,3.5,0
flow_1012.0,50.0,6.5,0
flow_1012.1,43.0,4.5,0
flow_301.1,58.5,4.0,0
flow_30.0,54.0,3.0,0
flow_3012.0,59.5,4.0,0
flow_30.1,43.0,3.0,0
flow_301.2,29.0,2.5,0
flow_301.3,26.0,2.5,0
flow_101.0,25.5,2.5,0
flow_301.4,26.5,2.5,0
flow_3012.1,25.0,3.0,0
flow_1012.2,24.0,2.5,0
flow_00.1,71.0,4.0,0
flow_201.0,55.0,3.5,0
flow_0012.1,70.5,4.5,0
flow_00.2,60.0,3.0,0
flow_20.0,41.5,6.5,0
flow_001.1,58.0,2.5,0
flow_0012.2,57.0,3.5,0
flow_0012.3,56.5,4.0,0
flow_001.2,51.0,2.5,0
flow_201.1,27.5,3.5,0
flow_001.3,51.0,3.0,0
flow_00.3,34.5,2.5,0
flow_201.2,26.5,3.0,0
flow_001.4,34.0,2.5,0
flow_201.3,25.5,2.5,0
flow_20.1,22.0,2.0,0
flow_001.5,31.0,2.5,0
flow_0012.4,25.0,3.0,0
flow_2012.0,27.0,3.5,0
flow_00.4,25.5,4.5,0
flow_3012.2,71.5,4.0,0
flow_10.0,74.0,6.5,0
flow_1012.3,64.5,4.0,0
flow_3012.3,74.5,5.5,0
flow_301.5,72.5,3.0,0
flow_30.2,63.0,2.5,0
flow_101.1,65.0,3.0,0
flow_101.2,52.0,3.0,0
flow_3012.4,65.5,4.5,0
flow_3012.5,64.5,4.0,0
flow_3012.6,63.5,4.5,0
flow_301.6,60.0,2.5,0
flow_101.3,46.5,4.5,0
flow_301.7,58.5,3.0,0
flow_10.1,43.5,3.0,0
flow_301.8,58.0,3.0,0
flow_301.9,57.0,3.5,0
flow_1012.4,48.0,6.5,0
flow_3012.7,54.5,3.5,0
flow_1012.5,44.5,4.5,0
flow_1012.6,41.0,4.0,0
flow_20.2,64.5,4.0,0
flow_001.6,75.0,3.5,0
flow_20.3,62.0,3.0,0
flow_00.5,73.0,3.0,0
flow_0012.5,71.0,4.0,0
flow_001.7,59.5,2.5,0
flow_001.8,59.0,3.0,0
flow_0012.6,56.5,3.5,0
flow_001.9,42.0,2.5,0
flow_00.6,39.0,2.5,0
flow_001.10,38.0,2.0,0
flow_0012.7,36.0,3.0,0
flow_0012.8,35.0,3.5,0
flow_0012.9,33.0,3.5,0
flow_001.11,28.5,2.5,0
flow_301.10,85.0,3.5,0
flow_1012.7,67.5,6.5,0
flow_1012.8,62.0,5.0,0
flow_1012.9,52.0,4.5,0
flow_101.4,37.5,3.0,0
flow_301.11,91.0,4.0,0
flow_10.2,25.5,2.5,0
flow_1012.10,37.5,4.5,0
flow_301.12,93.0,3.5,0
flow_101.5,27.5,3.0,0
flow_301.13,80.0,3.0,0
flow_301.14,63.0,3.0,0
flow_30.3,58.5,3.0,0
flow_301.15,63.0,3.0,0
flow_301.16,58.5,3.0,0
flow_3012.8,57.5,3.0,0
flow_301.17,54.5,2.0,0
flow_20.4,70.5,4.0,0
flow_001.12,73.5,3.5,0
flow_201.4,67.5,3.0,0
flow_001.13,73.0,3.0,0
flow_2012.1,67.0,4.0,0
flow_00.7,67.0,6.0,0
flow_001.14,64.0,3.5,0
flow_001.15,60.5,3.5,0
flow_0012.10,54.5,3.5,0
flow_0012.11,53.5,4.0,0
flow_001.16,48.0,2.5,0
flow_00.8,21.0,1.5,0
flow_00.9,22.5,2.0,0
flow_20.5,23.5,2.5,0
flow_30.4,101.5,4.0,0
flow_101.6,58.0,3.5,0
flow_10.3,51.5,3.0,0
flow_30.5,100.0,3.0,0
flow_10.4,42.5,3.0,0
flow_3012.9,93.5,6.0,0
flow_1012.11,24.5,3.0,0
flow_30.6,85.0,4.5,0
flow_3012.10,81.0,3.5,0
flow_10.5,24.5,4.0,0
flow_301.18,80.5,2.5,0
flow_301.19,79.0,3.0,0
flow_30.7,76.0,2.5,0
flow_1012.12,27.0,4.5,0
flow_301.20,80.0,4.0,0
flow_30.8,76.5,3.0,0
flow_101.7,24.5,2.5,0
flow_10.6,21.5,2.0,0
flow_301.21,76.0,2.5,0
flow_301.22,75.0,2.5,0
flow_2012.2,69.5,4.0,0
flow_20.6,55.0,3.0,0
flow_00.10,55.5,6.5,0
flow_00.11,54.0,4.0,0
flow_20.7,54.5,3.0,0
flow_00.12,52.0,3.0,0
flow_201.5,53.5,2.5,0
flow_001.17,45.5,2.5,0
flow_201.6,53.5,3.0,0
flow_001.18,46.5,3.5,0
flow_201.7,43.5,3.0,0
flow_00.13,42.0,3.0,0
flow_0012.12,47.0,5.0,0
flow_201.8,45.5,3.5,0
flow_20.8,44.5,4.5,0
flow_0012.13,36.0,4.5,0
flow_001.19,34.0,3.0,0
flow_0012.14,31.5,3.5,0
flow_0012.15,31.5,4.0,0
flow_1012.13,72.0,4.0,0
flow_3012.11,86.0,4.5,0
flow_10.7,61.0,3.0,0
flow_301.23,83.0,3.0,0
flow_10.8,59.0,3.0,0
flow_1012.14,64.0,4.5,0
flow_301.24,86.0,4.5,0
flow_30.9,82.5,3.0,0
flow_101.8,54.5,2.5,0
flow_101.9,47.5,2.5,0
flow_301.25,83.0,2.5,0
flow_1012.15,48.0,5.0,0
flow_101.10,38.5,3.0,0
flow_301.26,85.0,3.5,0
flow_1012.16,39.0,4.5,0
flow_10.9,23.0,2.5,0
flow_30.10,84.0,4.5,0
flow_301.27,83.5,3.0,0
flow_101.11,26.0,3.0,0
flow_301.28,83.0,3.0,0
flow_301.29,82.5,4.0,0
flow_101.12,29.0,3.5,0
flow_00.14,70.5,4.0,0
flow_20.9,58.5,4.0,0
flow_201.9,58.5,3.0,0
flow_001.20,71.5,3.0,0
flow_201.10,54.5,3.0,0
flow_0012.16,73.5,6.0,0
flow_2012.3,33.0,3.5,0
flow_001.21,61.0,3.5,0
flow_00.15,59.5,3.0,0
flow_00.16,57.0,3.0,0
flow_001.22,49.5,2.5,0
flow_00.17,40.5,2.5,0
flow_0012.17,38.0,3.5,0
flow_20.10,22.5,2.5,0
flow_001.23,34.0,2.5,0
flow_001.24,30.5,2.5,0
flow_00.18,27.0,2.5,0
flow_0012.18,27.0,3.0,0
flow_3012.12,129.0,4.5,0
flow_10.10,75.0,5.5,0
flow_301.30,128.5,3.0,0
flow_1012.17,76.0,4.5,0
flow_1012.18,68.0,4.0,0
flow_101.13,43.0,3.0,0
flow_101.14,26.0,2.5,0
flow_301.31,100.5,5.0,0
flow_301.32,97.0,4.0,0
flow_301.33,94.0,4.0,0
flow_3012.13,91.5,4.0,0
flow_3012.14,89.5,4.0,0
flow_10.11,27.5,5.5,0
flow_301.34,88.0,2.5,0
flow_30.11,83.5,2.5,0
flow_30.12,82.0,2.5,0
flow_3012.15,82.0,3.0,0
flow_1012.19,28.5,5.5,0
flow_30.13,80.0,2.5,0
flow_101.15,27.5,3.0,0
flow_001.25,74.5,3.5,0
flow_201.11,75.5,3.5,0
flow_001.26,74.0,3.0,0
flow_201.12,61.0,3.5,0
flow_001.27,73.0,3.0,0
flow_201.13,57.0,3.5,0
flow_00.19,51.5,2.5,0
flow_20.11,41.5,3.0,0
flow_001.28,52.5,3.0,0
flow_001.29,51.5,3.0,0
flow_001.30,49.0,3.0,0
flow_001.31,48.5,3.5,0
flow_00.20,45.0,3.0,0
flow_201.14,24.5,2.5,0
flow_00.21,39.0,3.0,0
flow_00.22,36.5,2.5,0
flow_001.32,25.5,2.5,0
flow_301.35,86.0,3.5,0
flow_101.16,71.5,3.5,0
flow_301.36,83.0,3.5,0
flow_101.17,69.0,3.5,0
flow_10.12,65.0,3.0,0
flow_301.37,79.5,3.5,0
flow_1012.20,53.0,4.0,0
flow_101.18,34.5,2.5,0
flow_301.38,81.0,6.5,0
flow_1012.21,34.5,4.0,0
flow_301.39,83.5,4.0,0
flow_301.40,82.5,3.0,0
flow_30.14,79.5,3.0,0
flow_3012.16,79.0,3.5,0
flow_3012.17,78.5,4.0,0
flow_30.15,69.0,3.0,0
flow_30.16,52.5,2.5,0
flow_301.41,51.5,3.0,0
flow_201.15,69.5,3.5,0
flow_001.33,70.5,3.5,0
flow_0012.19,66.5,4.0,0
flow_201.16,75.0,7.0,0
flow_2012.4,28.0,3.5,0
flow_0012.20,49.5,5.5,0
flow_001.34,34.5,4.0,0
flow_001.35,34.5,4.0,0
flow_001.36,31.0,4.0,0
flow_001.37,29.5,3.0,0
flow_00.23,26.0,2.5,0
flow_2012.5,23.5,2.5,0
flow_20.12,21.0,1.5,0
flow_30.17,84.0,4.0,0
flow_101.19,68.0,3.5,0
flow_301.42,83.5,3.0,0
flow_101.20,65.0,3.5,0
flow_10.13,56.5,2.5,0
flow_301.43,81.5,3.0,0
flow_301.44,79.5,3.0,0
flow_101.21,58.5,3.5,0
flow_3012.18,79.0,4.0,0
flow_301.45,75.5,3.0,0
flow_30.18,73.0,2.5,0
flow_101.22,52.0,7.0,0
flow_10.14,38.0,3.0,0
flow_301.46,73.5,3.0,0
flow_301.47,72.0,3.0,0
flow_3012.19,69.5,3.5,0
flow_301.48,70.0,3.0,0
flow_301.49,68.0,3.0,0
flow_301.50,32.5,3.5,0
flow_30.19,28.0,3.0,0
flow_101.23,25.5,2.5,0
flow_00.24,63.0,4.0,0
flow_20.13,71.5,4.0,0
flow_20.14,66.5,3.0,0
flow_0012.21,66.5,6.0,0
flow_001.38,65.0,3.0,0
flow_201.17,68.5,2.5,0
flow_0012.22,54.5,4.5,0
flow_20.15,69.0,3.0,0
flow_001.39,30.0,3.0,0
flow_2012.6,69.5,3.5,0
flow_0012.23,26.0,3.5,0
flow_201.18,70.0,3.5,0
flow_201.19,69.5,3.5,0
flow_201.20,62.0,3.5,0
flow_20.16,49.0,2.5,0
flow_0012.24,27.5,4.5,0
flow_20.17,53.0,6.0,0
flow_3012.20,77.5,5.0,0
flow_30.20,73.0,3.0,0
flow_101.24,53.5,8.0,0
flow_301.51,74.0,3.0,0
flow_1012.22,42.0,5.0,0
flow_30.21,73.5,3.0,0
flow_101.25,27.5,2.5,0
flow_301.52,73.0,3.0,0
flow_301.53,72.0,2.5,0
flow_301.54,72.0,3.5,0
flow_301.55,70.0,3.5,0
flow_301.56,68.5,3.0,0
flow_101.26,25.5,2.5,0
flow_3012.21,68.0,4.5,0
flow_301.57,66.0,3.0,0
flow_301.58,64.5,3.0,0
flow_3012.22,34.5,3.5,0
flow_0012.25,41.0,4.5,0
flow_20.18,101.5,6.5,0
flow_0012.26,38.5,5.5,0
flow_00.25,36.0,3.5,0
flow_201.21,105.5,4.5,0
flow_00.26,35.5,3.0,0
flow_201.22,100.0,4.0,0
flow_2012.7,87.0,3.5,0
flow_0012.27,39.0,5.5,0
flow_00.27,32.5,3.5,0
flow_20.19,51.5,2.5,0
flow_201.23,71.5,3.5,0
flow_001.40,33.0,3.0,0
flow_001.41,31.5,3.5,0
flow_201.24,55.0,3.5,0
flow_001.42,30.5,3.5,0
flow_201.25,54.0,3.5,0
flow_2012.8,51.0,4.0,0
flow_00.28,26.5,3.0,0
flow_0012.28,31.0,4.5,0
flow_30.22,77.5,4.0,0
flow_101.27,70.0,4.0,0
flow_30.23,77.0,3.0,0
flow_10.15,62.0,3.0,0
flow_301.59,77.0,3.0,0
flow_1012.23,46.5,5.5,0
flow_10.16,21.0,2.0,0
flow_301.60,79.5,3.5,0
flow_30.24,78.0,3.0,0
flow_3012.23,76.0,3.5,0
flow_301.61,74.5,2.5,0
flow_301.62,75.5,3.5,0
flow_3012.24,72.5,3.5,0
flow_3012.25,71.5,4.0,0
flow_301.63,69.0,2.5,0
flow_30.25,65.0,2.5,0
flow_301.64,33.5,2.5,0
flow_001.43,74.5,3.5,0
flow_201.26,73.5,3.5,0
flow_001.44,71.0,3.0,0
flow_201.27,55.0,3.0,0
flow_2012.9,51.0,4.0,0
flow_201.28,48.5,2.5,0
flow_001.45,75.0,7.0,0
flow_2012.10,36.0,4.0,0
flow_201.29,32.0,2.5,0
flow_201.30,30.5,3.0,0
flow_001.46,77.5,4.0,0
flow_0012.29,76.0,4.0,0
flow_2012.11,30.5,4.0,0
flow_001.47,76.5,3.5,0
flow_201.31,25.5,2.5,0
flow_001.48,75.0,3.5,0
flow_0012.30,65.5,4.0,0
flow_001.49,62.5,2.5,0
flow_00.29,60.0,2.5,0
flow_001.50,59.5,2.5,0
flow_301.65,78.5,3.5,0
flow_101.28,69.0,3.5,0
flow_30.26,76.5,3.0,0
flow_101.29,57.0,3.0,0
flow_101.30,56.0,3.0,0
flow_301.66,78.0,3.0,0
flow_3012.26,75.5,3.5,0
flow_30.27,72.0,2.5,0
flow_101.31,58.5,6.5,0
flow_301.67,74.0,3.0,0
flow_1012.24,37.5,5.0,0
flow_1012.25,31.5,4.5,0
flow_1012.26,30.0,4.0,0
flow_10.17,22.0,2.0,0
flow_301.68,80.5,7.0,0
flow_101.32,24.5,2.0,0
flow_301.69,79.5,3.0,0
flow_301.70,79.0,3.0,0
flow_3012.27,77.5,3.5,0
flow_301.71,76.0,3.0,0
flow_00.30,99.5,4.0,0
flow_201.32,72.0,4.0,0
flow_001.51,88.0,3.0,0
flow_201.33,70.0,3.5,0
flow_0012.31,80.0,4.0,0
flow_001.52,58.5,2.5,0
flow_20.20,65.0,6.0,0
flow_2012.12,63.0,5.0,0
flow_201.34,32.0,3.0,0
flow_001.53,61.5,3.5,0
flow_2012.13,25.5,3.5,0
flow_001.54,63.5,6.5,0
flow_001.55,62.5,3.0,0
flow_0012.32,60.5,3.5,0
flow_0012.33,60.5,4.0,0
flow_0012.34,29.5,4.0,0
flow_00.31,25.0,3.0,0
flow_301.72,120.5,3.5,0
flow_101.33,45.0,3.5,0
flow_10.18,41.5,3.0,0
flow_301.73,88.5,3.0,0
flow_1012.27,40.0,3.5,0
flow_3012.28,87.0,3.5,0
flow_30.28,83.5,2.5,0
flow_101.34,40.0,3.0,0
flow_301.74,83.5,2.5,0
flow_30.29,80.0,2.5,0
flow_101.35,39.0,3.0,0
flow_10.19,35.5,2.5,0
flow_1012.28,35.5,3.0,0
flow_3012.29,81.0,3.5,0
flow_30.30,77.0,3.0,0
flow_10.20,24.0,2.5,0
flow_101.36,36.5,3.5,0
flow_301.75,78.5,3.0,0
flow_30.31,74.5,3.0,0
flow_301.76,74.5,2.5,0
flow_3012.30,71.0,3.0,0
flow_30.32,29.0,2.5,0
flow_30.33,27.0,2.0,0
flow_00.32,66.0,4.0,0
flow_201.35,68.0,3.5,0
flow_00.33,65.5,3.0,0
flow_201.36,50.5,3.5,0
flow_0012.35,46.0,4.5,0
flow_20.21,50.5,6.0,0
flow_0012.36,41.5,7.0,0
flow_00.34,34.0,3.5,0
flow_201.37,55.5,3.5,0
flow_0012.37,36.0,4.5,0
flow_2012.14,36.0,3.5,0
flow_001.56,36.0,3.5,0
flow_0012.38,33.0,3.5,0
flow_001.57,28.0,2.5,0
flow_00.35,21.0,2.0,0
flow_3012.31,76.0,4.5,0
flow_101.37,72.0,7.0,0
flow_3012.32,78.0,5.0,0
flow_3012.33,76.5,4.5,0
flow_301.77,73.5,2.5,0
flow_30.34,69.5,2.5,0
flow_101.38,52.0,4.5,0
flow_301.78,70.0,2.5,0
flow_101.39,48.5,3.0,0
flow_101.40,48.0,3.5,0
flow_10.21,44.0,2.5,0
flow_301.79,70.5,3.0,0
flow_301.80,69.5,3.5,0
flow_101.41,44.0,2.5,0
flow_301.81,68.0,3.5,0
flow_1012.29,33.5,4.5,0
flow_301.82,70.0,4.0,0
flow_3012.34,68.5,4.0,0
flow_3012.35,66.5,3.5,0
flow_20.22,70.0,4.0,0
flow_001.58,72.0,3.5,0
flow_00.36,62.5,3.0,0
flow_201.38,66.5,3.0,0
flow_001.59,62.5,3.0,0
flow_201.39,44.0,3.0,0
flow_2012.15,43.0,3.5,0
flow_0012.39,62.5,4.0,0
flow_2012.16,42.0,4.0,0
flow_001.60,64.0,3.5,0
flow_001.61,64.5,3.5,0
flow_0012.40,61.5,3.5,0
flow_0012.41,60.0,3.5,0
flow_001.62,59.0,2.5,0
flow_0012.42,59.0,4.0,0
flow_001.63,55.5,3.0,0
flow_001.64,54.0,2.5,0
flow_00.37,33.0,2.5,0
flow_10.22,72.5,4.0,0
flow_201.0,25.5,2.5,0
flow_201.1,27.5,3.5,0
flow_10.0,53.5,4.0,0
flow_301.0,54.0,3.5,0
flow_101.0,54.5,3.0,0
flow_301.1,53.5,3.0,0
flow_301.2,52.5,3.5,0
flow_101.1,55.0,3.5,0
flow_3012.0,49.0,4.0,0
flow_101.2,56.5,6.5,0
flow_10.1,53.5,3.0,0
flow_30.0,29.5,3.0,0
flow_301.3,34.5,4.0,0
flow_3012.1,29.5,3.5,0
flow_1012.0,54.0,3.5,0
flow_10.2,51.0,3.0,0
flow_1012.1,42.5,3.5,0
flow_3012.2,31.5,6.0,0
flow_1012.2,41.0,3.5,0
flow_3012.3,31.0,4.5,0
flow_3012.4,29.5,4.0,0
flow_3012.5,28.0,4.0,0
flow_101.3,48.0,4.5,0
flow_201.2,62.0,3.5,0
flow_0012.0,75.5,6.5,0
flow_001.0,65.0,3.0,0
flow_201.3,63.5,3.5,0
flow_001.1,62.5,3.0,0
flow_2012.0,64.0,4.5,0
flow_20.0,27.5,3.0,0
flow_00.0,43.5,3.5,0
flow_0012.1,26.0,3.5,0
flow_2012.1,26.0,4.0,0
flow_30.1,69.5,4.0,0
flow_101.4,93.0,3.5,0
flow_30.2,64.0,3.0,0
flow_1012.3,94.5,5.5,0
flow_30.3,67.0,5.5,0
flow_1012.4,95.5,6.5,0
flow_10.3,93.5,3.5,0
flow_101.5,92.5,2.5,0
flow_301.4,72.0,3.5,0
flow_30.4,69.0,3.0,0
flow_3012.6,51.0,3.5,0
flow_1012.5,93.5,4.5,0
flow_10.4,90.5,3.0,0
flow_301.5,50.0,3.0,0
flow_101.6,90.5,2.5,0
flow_301.6,50.0,3.5,0
flow_101.7,89.0,3.0,0
flow_301.7,48.5,3.5,0
flow_30.5,45.0,2.5,0
flow_101.8,87.5,2.5,0
flow_30.6,36.5,2.5,0
flow_101.9,86.5,3.0,0
flow_201.4,75.0,3.5,0
flow_001.2,69.5,3.5,0
flow_0012.2,65.5,4.0,0
flow_201.5,66.0,6.5,0
flow_0012.3,51.5,5.0,0
flow_2012.2,66.0,4.0,0
flow_0012.4,43.0,4.0,0
flow_00.1,39.5,3.0,0
flow_201.6,33.0,3.5,0
flow_001.3,39.5,2.5,0
flow_00.2,36.0,2.5,0
flow_001.4,24.5,2.5,0
flow_10.5,130.5,4.0,0
flow_301.8,84.0,3.5,0
flow_10.6,86.5,3.0,0
flow_30.7,77.0,3.0,0
flow_10.7,83.0,3.0,0
flow_30.8,74.5,3.0,0
flow_101.10,82.0,2.5,0
flow_301.9,73.0,2.5,0
flow_1012.6,81.0,4.0,0
flow_101.11,78.0,2.5,0
flow_301.10,64.5,6.5,0
flow_1012.7,78.0,4.0,0
flow_3012.7,62.5,4.0,0
flow_1012.8,76.5,4.0,0
flow_10.8,71.0,2.5,0
flow_101.12,75.5,3.5,0
flow_301.11,63.5,4.0,0
flow_301.12,62.5,3.5,0
flow_101.13,71.0,2.5,0
flow_301.13,60.0,3.5,0
flow_101.14,69.5,3.0,0
flow_3012.8,59.0,4.0,0
flow_301.14,56.5,3.0,0
flow_101.15,34.5,4.5,0
flow_301.15,55.5,3.0,0
flow_001.5,71.5,3.5,0
flow_201.7,68.5,3.5,0
flow_001.6,32.0,3.0,0
flow_201.8,25.5,2.5,0
flow_0012.5,26.0,3.5,0
flow_101.16,80.5,3.5,0
flow_301.16,86.0,3.5,0
flow_10.9,78.0,3.0,0
flow_301.17,83.5,3.0,0
flow_101.17,78.0,3.0,0
flow_1012.9,75.5,3.0,0
flow_3012.9,85.0,5.5,0
flow_10.10,73.5,2.5,0
flow_301.18,84.5,3.5,0
flow_1012.10,75.5,4.0,0
flow_10.11,72.5,3.0,0
flow_301.19,83.0,4.0,0
flow_10.12,70.5,2.5,0
flow_3012.10,82.5,4.5,0
flow_10.13,71.5,6.0,0
flow_301.20,77.5,3.0,0
flow_30.9,63.5,2.5,0
flow_101.18,66.5,4.0,0
flow_301.21,63.0,2.5,0
flow_101.19,65.0,3.0,0
flow_1012.11,63.0,4.0,0
flow_30.10,63.5,5.5,0
flow_101.20,33.0,2.5,0
flow_301.22,64.0,3.5,0
flow_20.1,69.0,4.0,0
flow_001.7,70.0,3.5,0
flow_00.3,58.5,3.0,0
flow_201.9,54.5,3.0,0
flow_00.4,40.5,3.0,0
flow_201.10,34.5,3.0,0
flow_001.8,40.5,2.5,0
flow_00.5,21.5,2.0,0
flow_201.11,24.5,2.0,0
flow_201.12,25.5,2.5,0
flow_301.23,107.0,3.5,0
flow_1012.12,82.5,6.5,0
flow_30.11,89.0,3.5,0
flow_101.21,80.0,3.0,0
flow_101.22,79.0,3.0,0
flow_3012.11,90.0,4.5,0
flow_30.12,85.0,3.0,0
flow_101.23,80.5,3.5,0
flow_301.24,83.5,2.5,0
flow_10.14,77.5,3.0,0
flow_301.25,82.5,3.0,0
flow_101.24,73.0,2.5,0
flow_10.15,68.0,2.5,0
flow_301.26,82.0,3.5,0
flow_10.16,62.5,3.0,0
flow_1012.13,51.5,3.5,0
flow_3012.12,83.5,6.5,0
flow_3012.13,82.0,4.5,0
flow_30.13,79.5,3.0,0
flow_301.27,75.5,2.5,0
flow_101.25,55.0,3.5,0
flow_1012.14,54.0,4.5,0
flow_3012.14,58.0,3.5,0
flow_2012.3,65.0,4.5,0
flow_201.13,60.5,3.0,0
flow_001.9,71.5,7.5,0
flow_2012.4,55.0,4.0,0
flow_0012.6,71.0,4.0,0
flow_201.14,31.5,3.0,0
flow_20.2,27.5,3.0,0
flow_20.3,22.0,2.0,0
flow_001.10,26.5,3.0,0
flow_301.28,84.0,3.5,0
flow_1012.15,103.5,6.5,0
flow_3012.15,82.5,4.0,0
flow_1012.16,91.0,4.5,0
flow_3012.16,80.5,4.0,0
flow_301.29,79.5,3.0,0
flow_101.26,89.5,3.5,0
flow_301.30,78.0,3.0,0
flow_30.14,76.5,4.0,0
flow_1012.17,90.5,5.0,0
flow_101.27,86.0,3.0,0
flow_101.28,85.5,3.0,0
flow_301.31,77.5,3.0,0
flow_101.29,79.5,3.5,0
flow_3012.17,79.0,6.0,0
flow_301.32,75.0,3.0,0
flow_101.30,82.0,4.0,0
flow_301.33,74.5,3.0,0
flow_3012.18,72.5,3.5,0
flow_1012.18,81.0,4.5,0
flow_301.34,71.5,3.0,0
flow_101.31,81.0,3.5,0
flow_3012.19,36.0,4.5,0
flow_001.11,51.0,3.5,0
flow_201.15,73.5,3.5,0
flow_0012.7,37.5,4.0,0
flow_201.16,59.0,7.0,0
flow_2012.5,58.0,3.5,0
flow_2012.6,25.5,3.5,0
flow_3012.20,79.5,4.0,0
flow_1012.19,129.5,4.5,0
flow_101.32,128.0,3.0,0
flow_301.35,80.5,3.0,0
flow_1012.20,92.5,4.0,0
flow_101.33,87.5,2.5,0
flow_30.15,81.0,6.0,0
flow_3012.21,81.0,5.0,0
flow_3012.22,79.5,4.5,0
flow_30.16,75.0,3.0,0
flow_10.17,90.0,5.5,0
flow_30.17,73.5,3.0,0
flow_1012.21,92.5,6.5,0
flow_101.34,89.5,3.0,0
flow_30.18,76.5,6.0,0
flow_30.19,74.5,4.0,0
flow_101.35,89.5,3.0,0
flow_10.18,85.5,3.0,0
flow_301.36,74.5,3.5,0
flow_30.20,67.0,3.0,0
flow_101.36,83.0,3.0,0
flow_301.37,55.0,2.5,0
flow_101.37,82.5,2.5,0
flow_0012.8,68.0,4.5,0
flow_00.6,55.0,3.0,0
flow_2012.7,40.0,5.0,0
flow_0012.9,46.0,3.5,0
flow_00.7,23.5,2.0,0
flow_2012.8,23.5,3.0,0
flow_001.12,25.0,2.5,0
flow_00.8,22.5,2.0,0
flow_101.38,121.0,3.5,0
flow_301.38,85.0,4.0,0
flow_3012.23,83.0,3.5,0
flow_301.39,81.0,2.5,0
flow_101.39,93.0,7.0,0
flow_3012.24,82.0,4.0,0
flow_301.40,79.0,2.5,0
flow_30.21,75.0,2.5,0
flow_101.40,94.0,3.5,0
flow_301.41,75.5,2.5,0
flow_3012.25,74.5,3.5,0
flow_1012.22,95.5,5.0,0
flow_301.42,73.5,3.0,0
flow_101.41,95.0,3.5,0
flow_301.43,71.5,3.0,0
flow_1012.23,94.5,4.5,0
flow_1012.24,92.5,4.5,0
flow_1012.25,92.0,4.0,0
flow_101.42,89.5,2.5,0
flow_301.44,75.0,7.0,0
flow_2012.9,74.0,4.5,0
flow_20.4,42.5,3.0,0
flow_20.5,23.5,2.0,0
flow_001.13,60.0,7.5,0
flow_0012.10,51.5,5.0,0
flow_001.14,34.0,3.0,0
flow_001.15,25.5,2.5,0
flow_1012.26,136.0,4.5,0
flow_30.22,119.5,4.0,0
flow_101.43,136.5,3.0,0
flow_30.23,90.5,3.5,0
flow_10.19,133.0,2.5,0
flow_1012.27,94.5,3.5,0
flow_10.20,87.0,3.0,0
flow_301.45,94.0,6.5,0
flow_3012.26,92.0,4.0,0
flow_1012.28,86.5,4.5,0
flow_3012.27,91.5,4.0,0
flow_30.24,87.5,3.0,0
flow_101.44,87.0,4.0,0
flow_3012.28,81.0,4.0,0
flow_1012.29,87.0,4.0,0
flow_1012.30,85.0,3.5,0
flow_10.21,81.5,3.0,0
flow_301.46,84.0,4.0,0
flow_10.22,78.5,3.0,0
flow_301.47,65.5,3.0,0
flow_101.45,84.5,4.0,0
flow_0012.11,74.5,4.5,0
flow_20.6,65.0,6.5,0
flow_001.16,59.0,3.0,0
flow_20.7,24.5,2.5,0
flow_001.17,26.0,3.0,0
flow_30.25,108.5,4.0,0
flow_101.46,87.0,3.5,0
flow_30.26,92.0,3.0,0
flow_101.47,84.0,3.0,0
flow_101.48,82.5,3.0,0
flow_301.48,82.5,3.0,0
flow_3012.29,80.0,3.5,0
flow_30.27,77.0,2.5,0
flow_101.49,85.0,6.5,0
flow_301.49,75.5,2.0,0
flow_101.50,84.5,3.0,0
flow_3012.30,58.5,4.5,0
flow_301.50,56.0,2.5,0
flow_101.51,86.0,3.5,0
flow_301.51,51.5,3.0,0
flow_101.52,85.0,3.5,0
flow_10.23,81.0,2.5,0
flow_301.52,45.5,3.5,0
flow_3012.31,43.5,5.0,0
flow_301.53,35.0,3.0,0
flow_101.53,85.5,3.5,0
flow_301.54,33.5,3.5,0
flow_101.54,84.5,3.0,0
flow_001.18,73.5,3.5,0
flow_201.17,39.0,3.5,0
flow_2012.10,37.5,3.5,0
flow_001.19,69.5,6.5,0
flow_2012.11,29.0,4.5,0
flow_0012.12,69.0,4.5,0
flow_001.20,52.0,3.0,0
flow_2012.12,26.5,4.0,0
flow_00.9,38.0,4.5,0
flow_001.21,25.5,2.5,0
flow_001.22,25.5,3.0,0
flow_30.28,78.0,4.0,0
flow_1012.31,135.0,7.5,0
flow_30.29,69.5,5.5,0
flow_1012.32,136.0,7.5,0
flow_1012.33,98.5,4.5,0
flow_1012.34,96.0,4.5,0
flow_101.55,92.0,3.0,0
flow_10.24,88.0,3.0,0
flow_301.55,80.0,4.5,0
flow_101.56,88.5,2.5,0
flow_301.56,79.0,3.5,0
flow_301.57,79.5,3.5,0
flow_3012.32,76.5,4.0,0
flow_1012.35,90.5,6.0,0
flow_30.30,70.5,3.0,0
flow_301.58,75.0,3.5,0
flow_10.25,85.5,3.0,0
flow_101.57,90.0,3.5,0
flow_101.58,85.0,2.5,0
flow_301.59,72.0,3.0,0
flow_0012.13,62.5,4.5,0
flow_001.23,60.5,3.0,0
flow_201.18,68.5,7.5,0
flow_20.8,21.0,1.5,0
flow_101.59,131.0,3.5,0
flow_301.60,117.5,4.0,0
flow_1012.36,89.0,4.0,0
flow_10.26,81.5,3.0,0
flow_301.61,119.5,7.0,0
flow_1012.37,83.0,4.0,0
flow_10.27,79.0,3.0,0
flow_301.62,120.5,4.0,0
flow_1012.38,80.0,4.0,0
flow_1012.39,78.5,4.0,0
flow_1012.40,77.0,4.5,0
flow_10.28,73.0,3.0,0
flow_10.29,72.5,3.0,0
flow_301.63,110.0,4.5,0
flow_301.64,103.5,3.0,0
flow_1012.41,73.5,5.0,0
flow_3012.33,98.0,3.5,0
flow_30.31,93.0,3.0,0
flow_30.32,92.0,2.5,0
flow_101.60,74.5,4.0,0
flow_101.61,37.0,3.5,0
flow_001.24,67.0,3.5,0
flow_201.19,73.0,3.5,0
flow_2012.13,73.5,4.0,0
flow_001.25,71.5,7.0,0
flow_201.20,50.0,3.5,0
flow_20.9,44.5,3.0,0
flow_201.21,28.0,3.0,0
flow_00.10,24.0,2.5,0
flow_00.11,21.0,2.0,0
flow_10.30,79.0,4.0,0
flow_301.65,140.0,3.5,0
flow_1012.42,79.0,3.5,0
flow_101.62,78.5,3.0,0
flow_301.66,144.0,6.5,0
flow_101.63,77.5,3.0,0
flow_3012.34,145.5,5.0,0
flow_301.67,141.5,3.0,0
flow_30.33,100.5,2.5,0
flow_101.64,79.5,3.5,0
flow_30.34,95.0,2.5,0
flow_101.65,78.0,3.5,0
flow_30.35,90.5,2.5,0
flow_101.66,76.5,3.0,0
flow_301.68,83.5,2.0,0
flow_101.67,76.0,3.0,0
flow_3012.35,83.0,3.5,0
flow_30.36,79.0,3.0,0
flow_10.31,75.5,6.0,0
flow_1012.43,73.5,4.5,0
flow_10.32,72.0,3.0,0
flow_301.69,83.0,3.5,0
flow_1012.44,73.0,4.5,0
flow_2012.14,47.0,4.5,0
flow_201.22,26.5,2.5,0
flow_001.26,69.5,7.5,0
flow_001.27,55.5,3.5,0
flow_00.12,45.0,3.0,0
flow_00.13,26.5,2.5,0
flow_001.28,27.0,3.0,0
flow_001.29,24.0,2.5,0
