vehicle_id,travel_time,zone_time,total_collisions_in_episode
flow_2012.0,25.5,3.5,0
flow_301.0,32.0,3.5,0
flow_101.0,34.5,3.5,0
flow_1012.0,24.5,3.0,0
flow_20.0,65.5,4.0,0
flow_20.1,21.0,2.0,0
flow_001.0,25.0,2.5,0
flow_201.0,25.0,2.5,0
flow_00.0,21.5,2.0,0
flow_2012.1,24.5,3.0,0
flow_10.0,71.5,4.0,0
flow_301.1,52.0,3.5,0
flow_101.1,72.0,3.0,0
flow_301.2,51.5,3.0,0
flow_3012.0,24.0,3.0,0
flow_301.3,25.5,2.5,0
flow_301.4,24.0,2.5,0
flow_301.5,26.0,3.0,0
flow_00.1,69.5,4.0,0
flow_20.2,60.0,4.0,0
flow_001.1,46.0,2.5,0
flow_001.2,24.5,2.0,0
flow_0012.0,25.0,3.5,0
flow_001.3,24.5,2.5,0
flow_001.4,27.0,3.0,0
flow_301.6,68.5,3.5,0
flow_101.2,71.0,3.5,0
flow_101.3,38.0,3.0,0
flow_301.7,62.0,3.0,0
flow_1012.1,38.0,4.0,0
flow_301.8,49.0,7.0,0
flow_3012.1,42.0,3.5,0
flow_101.4,28.0,6.0,0
flow_3012.2,36.5,6.0,0
flow_101.5,26.5,3.0,0
flow_001.5,52.5,3.5,0
flow_201.1,55.5,3.5,0
flow_2012.2,34.0,3.5,0
flow_101.6,73.0,3.5,0
flow_10.1,58.0,3.0,0
flow_101.7,51.0,3.0,0
flow_3012.3,25.5,3.5,0
flow_001.6,34.5,3.5,0
flow_0012.1,35.0,4.0,0
flow_0012.2,31.0,4.0,0
flow_201.2,30.5,4.0,0
flow_201.3,27.5,3.5,0
flow_0012.3,25.0,3.5,0
flow_201.4,24.5,2.5,0
flow_1012.2,71.5,4.5,0
flow_1012.3,66.0,4.0,0
flow_101.8,25.5,2.5,0
flow_101.9,27.0,3.0,0
flow_1012.4,26.0,3.5,0
flow_1012.5,25.5,3.0,0
flow_1012.6,23.5,3.0,0
flow_30.0,24.5,2.5,0
flow_2012.3,40.0,4.5,0
flow_001.7,69.0,7.5,0
flow_201.5,24.5,2.5,0
flow_0012.4,24.5,3.0,0
flow_2012.4,24.5,3.0,0
flow_301.9,53.0,3.5,0
flow_1012.7,64.0,7.0,0
flow_101.10,42.5,3.0,0
flow_101.11,41.0,3.0,0
flow_301.10,34.5,4.0,0
flow_10.2,40.0,3.0,0
flow_3012.4,25.5,3.5,0
flow_201.6,69.0,3.5,0
flow_001.8,62.5,3.5,0
flow_0012.5,54.5,4.0,0
flow_201.7,60.0,7.0,0
flow_0012.6,52.0,5.0,0
flow_001.9,48.5,3.0,0
flow_001.10,35.0,3.5,0
flow_001.11,34.0,3.5,0
flow_201.8,25.5,2.5,0
flow_3012.5,63.0,4.5,0
flow_101.12,78.0,7.0,0
flow_3012.6,51.5,5.0,0
flow_301.11,42.0,3.0,0
flow_10.3,62.0,3.5,0
flow_301.12,29.0,3.0,0
flow_1012.8,63.5,5.0,0
flow_3012.7,27.5,3.5,0
flow_101.13,64.5,6.0,0
flow_101.14,63.5,3.0,0
flow_101.15,62.5,3.0,0
flow_1012.9,39.5,4.0,0
flow_3012.8,23.5,3.0,0
flow_10.4,23.0,2.5,0
flow_201.9,49.0,3.5,0
flow_00.2,22.0,2.0,0
flow_201.10,27.0,3.0,0
flow_101.16,72.0,3.5,0
flow_301.13,72.5,3.5,0
flow_101.17,71.5,3.5,0
flow_301.14,64.0,3.5,0
flow_101.18,24.5,2.5,0
flow_301.15,24.0,2.0,0
flow_301.16,25.5,2.5,0
flow_3012.9,25.0,3.5,0
flow_20.3,56.0,4.0,0
flow_001.12,57.5,3.5,0
flow_2012.5,47.5,3.5,0
flow_0012.7,36.0,4.0,0
flow_2012.6,47.0,4.0,0
flow_201.11,27.5,2.5,0
flow_00.3,21.5,2.0,0
flow_201.12,24.5,2.5,0
flow_3012.10,75.5,4.5,0
flow_301.17,52.0,3.0,0
flow_30.1,49.0,3.0,0
flow_101.19,25.0,2.5,0
flow_1012.10,25.5,3.5,0
flow_10.5,21.0,2.0,0
flow_00.4,70.5,4.0,0
flow_00.5,46.5,3.0,0
flow_00.6,42.0,3.0,0
flow_2012.7,25.5,3.5,0
flow_3012.11,68.5,4.5,0
flow_101.20,55.0,7.0,0
flow_101.21,33.0,3.0,0
flow_101.22,24.0,2.5,0
flow_30.2,20.5,1.5,0
flow_2012.8,58.0,4.5,0
flow_201.13,51.0,3.0,0
flow_001.13,70.5,7.5,0
flow_001.14,58.0,3.5,0
flow_201.14,26.0,2.5,0
flow_001.15,52.5,3.0,0
flow_301.18,58.0,3.5,0
flow_101.23,49.0,3.5,0
flow_301.19,49.0,3.0,0
flow_101.24,26.0,2.5,0
flow_30.3,44.0,3.0,0
flow_3012.12,48.5,4.5,0
flow_3012.13,30.5,3.0,0
flow_301.20,25.0,2.5,0
flow_101.25,27.0,3.0,0
flow_201.15,73.0,3.5,0
flow_001.16,74.0,3.5,0
flow_0012.8,74.0,4.0,0
flow_00.7,64.5,3.0,0
flow_201.16,51.0,7.0,0
flow_00.8,60.5,2.5,0
flow_201.17,36.5,3.0,0
flow_00.9,23.5,2.0,0
flow_2012.9,30.0,4.5,0
flow_0012.9,23.5,3.0,0
flow_20.4,21.5,2.0,0
flow_101.26,69.0,3.5,0
flow_301.21,46.5,3.5,0
flow_1012.11,57.5,3.5,0
flow_3012.14,39.0,4.0,0
flow_101.27,55.5,3.0,0
flow_101.28,47.0,3.0,0
flow_101.29,28.0,3.0,0
flow_301.22,27.5,3.0,0
flow_10.6,20.5,1.5,0
flow_201.18,61.0,3.5,0
flow_201.19,53.0,3.0,0
flow_201.20,35.0,3.0,0
flow_201.21,33.5,3.0,0
flow_101.30,49.5,3.5,0
flow_301.23,29.5,3.5,0
flow_1012.12,47.0,4.0,0
flow_101.31,25.0,2.0,0
flow_10.7,20.5,1.5,0
flow_20.5,27.5,3.5,0
flow_001.17,70.5,3.5,0
flow_201.22,27.0,2.5,0
flow_001.18,32.5,3.5,0
flow_20.6,22.0,2.0,0
flow_301.24,70.5,3.5,0
flow_101.32,68.5,3.5,0
flow_10.0,35.0,4.0,0
flow_301.0,44.0,3.5,0
flow_301.1,39.5,3.0,0
flow_301.2,34.0,3.0,0
flow_301.3,24.5,2.5,0
flow_201.0,63.5,3.5,0
flow_201.1,54.0,3.0,0
flow_201.2,54.5,3.5,0
flow_00.0,20.0,1.5,0
flow_001.0,26.5,2.5,0
flow_00.1,23.5,2.0,0
flow_00.2,21.0,2.0,0
flow_201.3,24.5,2.5,0
flow_1012.0,72.5,4.5,0
flow_301.4,62.5,7.5,0
flow_101.0,65.5,3.5,0
flow_10.1,41.0,2.5,0
flow_1012.1,45.5,4.0,0
flow_301.5,51.0,3.5,0
flow_301.6,50.5,3.0,0
flow_30.0,47.0,2.5,0
flow_301.7,36.0,2.5,0
flow_30.1,26.5,2.5,0
flow_301.8,25.5,2.5,0
flow_10.2,21.5,2.0,0
flow_001.1,68.5,3.5,0
flow_201.4,45.5,3.5,0
flow_0012.0,50.0,4.5,0
flow_001.2,37.0,3.5,0
flow_001.3,29.0,3.0,0
flow_001.4,26.5,3.0,0
flow_2012.0,25.0,3.5,0
flow_201.5,27.0,3.0,0
flow_101.1,71.5,3.5,0
flow_301.9,64.0,3.5,0
flow_30.2,40.0,3.0,0
flow_101.2,53.5,3.0,0
flow_10.3,50.0,3.0,0
flow_3012.0,24.5,3.0,0
flow_10.4,21.0,1.5,0
flow_3012.1,25.5,3.5,0
flow_101.3,27.0,3.0,0
flow_301.10,25.5,2.5,0
flow_1012.2,28.5,4.0,0
flow_001.5,73.0,3.5,0
flow_20.0,60.0,4.0,0
flow_201.6,31.0,3.0,0
flow_001.6,66.0,3.0,0
flow_201.7,26.0,3.0,0
flow_20.1,20.0,1.5,0
flow_3012.2,73.0,4.0,0
flow_1012.3,60.0,4.5,0
flow_301.11,71.5,3.0,0
flow_101.4,55.0,3.0,0
flow_101.5,43.0,3.0,0
flow_3012.3,73.5,6.0,0
flow_1012.4,42.0,3.5,0
flow_301.12,73.0,3.5,0
flow_30.3,65.0,3.0,0
flow_30.4,39.0,2.5,0
flow_3012.4,49.5,4.0,0
flow_3012.5,41.5,4.0,0
flow_3012.6,24.0,2.5,0
flow_20.2,54.0,4.0,0
flow_001.7,24.5,2.5,0
flow_201.8,55.0,3.0,0
flow_201.9,50.5,3.0,0
flow_001.8,25.0,2.5,0
flow_20.3,47.5,2.5,0
flow_201.10,46.0,3.5,0
flow_201.11,40.0,3.5,0
flow_201.12,38.0,3.5,0
flow_001.9,26.5,3.0,0
flow_301.13,57.0,3.5,0
flow_10.5,21.0,1.5,0
flow_30.5,55.5,3.0,0
flow_3012.7,56.5,3.5,0
flow_1012.5,25.0,3.5,0
flow_30.6,21.0,1.5,0
flow_10.6,21.5,2.0,0
flow_301.14,25.5,2.5,0
flow_301.15,25.5,2.5,0
flow_2012.1,69.5,4.5,0
flow_001.10,72.5,7.0,0
flow_2012.2,71.0,5.0,0
flow_20.4,59.0,3.0,0
flow_201.13,64.0,3.5,0
flow_001.11,26.0,3.0,0
flow_20.5,35.0,3.0,0
flow_201.14,25.5,2.5,0
flow_101.6,73.0,3.5,0
flow_10.7,64.0,3.0,0
flow_1012.6,36.0,3.5,0
flow_101.7,35.0,2.5,0
flow_20.6,55.5,4.0,0
flow_001.12,68.0,3.5,0
flow_201.15,56.5,3.0,0
flow_20.7,36.0,3.0,0
flow_001.13,64.5,3.5,0
flow_001.14,25.0,2.5,0
flow_2012.3,25.0,3.0,0
flow_0012.1,26.0,3.5,0
flow_3012.8,70.5,4.5,0
flow_10.8,41.0,6.5,0
flow_3012.9,72.5,5.5,0
flow_30.7,62.5,3.5,0
flow_101.8,40.5,4.5,0
flow_30.8,60.5,3.0,0
flow_1012.7,37.0,4.5,0
flow_3012.10,42.5,3.5,0
flow_1012.8,36.5,4.0,0
flow_301.16,38.0,3.5,0
flow_30.9,35.5,3.0,0
flow_101.9,25.0,2.5,0
flow_101.10,24.0,2.0,0
flow_201.16,64.5,3.5,0
flow_20.8,63.5,3.0,0
flow_201.17,62.5,2.5,0
flow_2012.4,57.5,3.5,0
flow_201.18,52.5,2.5,0
flow_10.9,50.0,4.0,0
flow_301.17,73.0,3.5,0
flow_101.11,31.5,3.0,0
flow_10.10,27.5,2.5,0
flow_30.10,46.0,3.0,0
flow_301.18,63.5,3.5,0
flow_3012.11,45.0,3.0,0
flow_301.19,44.0,2.5,0
flow_10.11,21.5,2.0,0
flow_10.12,21.5,2.0,0
flow_0012.2,43.5,4.0,0
flow_001.15,30.5,3.0,0
flow_20.9,20.5,1.5,0
flow_00.3,21.5,2.0,0
flow_3012.12,74.0,4.5,0
flow_10.13,42.0,5.5,0
flow_301.20,54.0,2.5,0
flow_101.12,37.5,3.0,0
flow_301.21,30.0,3.5,0
flow_3012.13,23.5,3.0,0
flow_001.16,69.0,3.5,0
flow_001.17,30.0,3.0,0
flow_00.4,21.0,2.0,0
flow_20.10,21.0,1.5,0
flow_30.11,50.5,4.0,0
flow_10.14,69.0,4.0,0
flow_301.22,50.0,3.0,0
flow_30.12,31.0,3.0,0
flow_301.23,44.5,4.0,0
flow_1012.9,24.0,3.0,0
flow_101.13,25.0,2.5,0
flow_10.15,22.0,2.0,0
flow_10.16,21.5,2.0,0
flow_201.19,66.5,3.5,0
flow_2012.5,38.0,3.5,0
flow_201.20,34.5,3.0,0
flow_001.18,27.5,3.0,0
flow_201.21,24.5,2.0,0
flow_30.13,41.5,4.0,0
flow_301.24,43.0,3.0,0
flow_101.14,26.5,3.0,0
flow_30.14,21.0,1.5,0
flow_301.25,26.5,3.0,0
flow_2012.6,71.0,4.0,0
flow_00.5,53.0,6.5,0
flow_2012.7,44.0,5.5,0
flow_001.19,44.0,4.0,0
flow_201.22,27.0,3.0,0
flow_00.6,43.0,3.5,0
flow_0012.3,31.0,3.5,0
flow_00.7,24.5,2.5,0
flow_001.20,25.5,2.5,0
flow_301.26,65.0,3.5,0
flow_101.15,69.0,3.5,0
flow_30.15,60.0,3.0,0
flow_101.16,68.5,3.0,0
flow_301.27,57.0,3.0,0
flow_301.28,40.0,3.0,0
flow_3012.14,39.5,4.0,0
flow_301.29,26.5,3.0,0
flow_20.11,55.5,4.0,0
flow_201.23,34.0,2.5,0
flow_201.24,26.0,3.0,0
flow_20.12,21.0,1.5,0
flow_101.17,54.0,3.5,0
flow_301.30,58.5,3.5,0
flow_1012.10,36.5,4.0,0
flow_301.31,56.0,7.0,0
flow_301.32,49.0,3.0,0
flow_3012.15,25.5,3.5,0
flow_301.33,27.0,3.0,0
flow_201.25,65.0,3.5,0
flow_001.21,63.0,3.5,0
flow_20.13,62.5,3.0,0
flow_001.22,62.0,3.0,0
flow_201.26,59.0,3.0,0
flow_0012.4,60.5,5.0,0
flow_20.14,52.0,3.0,0
flow_201.27,51.0,2.5,0
flow_201.28,50.5,3.0,0
flow_201.29,25.5,2.5,0
flow_0012.5,29.0,4.5,0
flow_201.30,28.5,3.5,0
flow_30.16,57.0,4.0,0
flow_101.18,51.5,3.5,0
flow_001.0,24.5,2.5,0
flow_3012.0,43.5,4.5,0
flow_10.0,50.5,6.5,0
flow_1012.0,42.5,4.0,0
flow_101.0,41.0,3.0,0
flow_101.1,40.0,3.0,0
flow_1012.1,38.5,4.0,0
flow_10.1,35.0,2.5,0
flow_101.2,34.0,2.5,0
flow_301.0,25.0,2.5,0
flow_10.2,21.0,1.5,0
flow_201.0,48.5,3.5,0
flow_0012.0,76.0,6.5,0
flow_20.0,48.0,3.5,0
flow_001.1,66.5,3.0,0
flow_0012.1,67.5,4.5,0
flow_00.0,64.5,3.0,0
flow_2012.0,34.5,4.0,0
flow_201.1,26.5,3.0,0
flow_0012.2,26.5,3.5,0
flow_201.2,27.0,3.0,0
flow_0012.3,24.5,3.0,0
flow_2012.1,24.5,3.0,0
flow_10.3,58.5,4.0,0
flow_301.1,70.0,3.5,0
flow_101.3,55.0,3.5,0
flow_101.4,52.5,3.5,0
flow_301.2,26.5,3.0,0
flow_1012.2,28.5,4.5,0
flow_30.0,23.0,2.5,0
flow_201.3,72.5,3.5,0
flow_001.2,42.0,3.5,0
flow_2012.2,72.0,4.0,0
flow_201.4,38.5,3.0,0
flow_20.1,28.0,2.5,0
flow_201.5,27.5,3.0,0
flow_201.6,23.5,2.0,0
flow_3012.1,58.5,4.0,0
flow_30.1,36.5,3.0,0
flow_101.5,25.0,2.5,0
flow_201.7,71.0,3.5,0
flow_0012.4,64.0,6.5,0
flow_001.3,33.5,3.0,0
flow_201.8,73.5,4.0,0
flow_1012.3,47.5,4.5,0
flow_101.6,39.0,3.5,0
flow_10.4,35.0,3.0,0
flow_1012.4,24.0,3.0,0
flow_301.3,25.0,2.5,0
flow_30.2,20.5,2.0,0
flow_30.3,21.0,1.5,0
flow_2012.3,55.0,4.5,0
flow_2012.4,53.5,4.0,0
flow_201.9,48.0,3.0,0
flow_0012.5,27.0,4.0,0
flow_20.2,45.0,3.5,0
flow_201.10,32.5,3.5,0
flow_001.4,24.5,2.5,0
flow_301.4,74.5,3.5,0
flow_1012.5,58.0,5.5,0
flow_30.4,62.0,3.0,0
flow_101.7,34.5,3.0,0
flow_30.5,60.5,3.0,0
flow_101.8,29.5,3.0,0
flow_301.5,35.5,2.5,0
flow_1012.6,25.0,3.5,0
flow_20.3,64.5,4.0,0
flow_00.1,61.0,4.0,0
flow_2012.5,24.5,3.0,0
flow_10.5,71.5,4.0,0
flow_30.6,64.0,4.0,0
flow_101.9,42.5,3.0,0
flow_10.6,39.5,3.0,0
flow_1012.7,40.5,3.5,0
flow_1012.8,39.0,3.5,0
flow_10.7,35.5,2.5,0
flow_30.7,26.5,5.5,0
flow_30.8,25.5,3.0,0
flow_101.10,34.0,2.5,0
flow_101.11,33.0,3.5,0
flow_101.12,30.0,3.5,0
flow_3012.2,25.0,3.0,0
flow_1012.9,26.0,3.5,0
flow_001.5,54.5,3.5,0
flow_201.11,52.0,3.5,0
flow_2012.6,34.5,4.0,0
flow_00.2,49.5,6.0,0
flow_2012.7,36.5,7.0,0
flow_201.12,35.5,3.5,0
flow_20.4,31.5,3.0,0
flow_001.6,42.5,4.0,0
flow_20.5,30.0,3.0,0
flow_0012.6,27.5,3.5,0
flow_20.6,22.0,2.0,0
flow_201.13,25.5,2.5,0
flow_3012.3,68.5,4.5,0
flow_101.13,75.0,7.5,0
flow_301.6,67.0,3.5,0
flow_3012.4,50.5,4.0,0
flow_1012.10,60.0,4.0,0
flow_10.8,51.5,3.0,0
flow_1012.11,48.0,4.0,0
flow_30.9,21.5,2.0,0
flow_201.14,46.5,3.5,0
flow_0012.7,72.0,6.5,0
flow_20.7,47.0,3.5,0
flow_001.7,30.0,3.0,0
flow_201.15,32.0,2.5,0
flow_2012.8,25.5,3.5,0
flow_1012.12,73.5,4.5,0
flow_3012.5,50.5,4.5,0
flow_10.9,61.0,3.0,0
flow_301.7,43.5,3.0,0
flow_30.10,30.0,3.0,0
flow_101.14,62.5,3.0,0
flow_301.8,28.5,3.0,0
flow_1012.13,62.0,6.0,0
flow_101.15,57.5,3.0,0
flow_301.9,27.5,3.0,0
flow_1012.14,58.5,4.5,0
flow_10.10,39.0,3.0,0
flow_10.11,34.0,2.5,0
flow_101.16,32.0,2.5,0
flow_101.17,29.0,3.0,0
flow_10.12,21.0,1.5,0
flow_001.8,71.0,3.5,0
flow_201.16,32.5,4.0,0
flow_2012.9,29.5,3.5,0
flow_001.9,54.0,4.5,0
flow_001.10,32.5,3.5,0
flow_20.8,22.0,2.0,0
flow_201.17,25.5,2.5,0
flow_201.18,25.5,2.5,0
flow_0012.8,25.0,3.0,0
flow_10.13,68.5,4.0,0
flow_301.10,68.0,3.5,0
flow_3012.6,68.0,4.0,0
flow_301.11,43.5,3.0,0
flow_30.11,30.0,2.5,0
flow_10.14,21.0,1.5,0
flow_201.19,51.5,3.5,0
flow_0012.9,74.0,6.5,0
flow_2012.10,51.0,3.5,0
flow_2012.11,41.0,3.5,0
flow_2012.12,41.5,4.0,0
flow_201.20,27.5,3.0,0
flow_201.21,25.5,2.5,0
flow_301.12,57.0,3.5,0
flow_301.13,57.0,3.0,0
flow_101.18,27.0,3.0,0
flow_301.14,52.0,3.0,0
flow_10.15,22.5,2.0,0
flow_30.12,36.5,2.5,0
flow_301.15,36.0,2.5,0
flow_30.13,33.0,2.5,0
flow_30.14,24.5,2.5,0
flow_101.19,24.5,2.5,0
flow_3012.7,23.0,2.5,0
flow_1012.15,25.5,3.5,0
flow_201.22,44.0,3.5,0
flow_0012.10,68.5,6.5,0
flow_2012.13,22.5,2.5,0
flow_0012.11,31.0,4.5,0
flow_201.23,23.5,2.0,0
flow_00.3,21.0,1.5,0
flow_0012.12,24.5,3.0,0
flow_101.20,73.5,3.5,0
flow_30.15,63.0,4.0,0
flow_101.21,52.5,3.0,0
flow_30.16,26.5,2.5,0
flow_301.16,24.5,2.5,0
flow_101.22,24.5,2.0,0
flow_1012.16,25.5,3.5,0
flow_30.17,21.5,2.0,0
flow_00.4,59.5,4.0,0
flow_201.24,63.5,3.5,0
flow_20.9,49.5,3.0,0
flow_001.11,27.0,3.0,0
flow_301.17,58.0,3.5,0
flow_301.18,57.0,3.0,0
flow_3012.8,55.5,3.5,0
flow_30.18,31.0,2.5,0
flow_3012.9,26.0,3.5,0
flow_101.23,25.5,2.5,0
flow_301.19,25.0,2.5,0
flow_10.16,21.0,1.5,0
flow_001.12,62.0,3.5,0
flow_201.25,44.0,3.5,0
flow_20.10,32.5,3.0,0
flow_0012.13,61.5,6.5,0
flow_001.13,40.5,3.0,0
flow_201.26,25.5,2.5,0
flow_0012.14,23.0,2.5,0
flow_2012.14,25.5,3.5,0
flow_1012.17,72.0,5.0,0
flow_101.24,64.0,3.0,0
flow_101.25,62.0,3.5,0
flow_101.26,25.0,2.5,0
flow_30.19,21.0,1.5,0
flow_101.27,29.5,4.0,0
flow_1012.18,25.5,3.5,0
flow_001.14,62.5,3.5,0
flow_201.27,68.5,3.5,0
flow_20.11,60.5,3.0,0
flow_20.12,58.5,3.0,0
flow_201.28,45.5,2.5,0
flow_201.29,28.0,3.0,0
flow_001.15,26.5,3.0,0
flow_001.16,26.0,3.0,0
flow_201.30,29.5,3.5,0
flow_201.31,27.5,3.0,0
flow_301.20,73.0,3.5,0
flow_101.28,72.5,3.5,0
flow_20.0,21.0,1.5,0
flow_30.0,35.0,4.0,0
flow_1012.0,29.0,4.0,0
flow_10.0,21.5,2.0,0
flow_301.0,25.5,2.5,0
flow_20.1,56.5,4.0,0
flow_001.0,71.5,3.5,0
flow_20.2,56.0,3.0,0
flow_001.1,61.5,3.0,0
flow_2012.0,31.5,3.5,0
flow_20.3,21.0,2.0,0
flow_00.0,37.0,6.0,0
flow_00.1,27.5,4.0,0
flow_201.0,27.0,3.0,0
flow_201.1,25.5,2.5,0
flow_201.2,26.0,2.5,0
flow_001.2,26.5,3.0,0
flow_00.2,23.0,2.0,0
flow_00.3,21.5,1.5,0
flow_10.1,63.0,4.0,0
flow_10.2,62.5,3.0,0
flow_10.3,40.5,3.0,0
flow_10.4,26.5,3.0,0
flow_101.0,24.5,2.0,0
flow_3012.0,24.0,3.0,0
flow_301.1,27.0,3.0,0
flow_301.2,24.5,2.5,0
flow_201.3,57.0,3.5,0
flow_0012.0,55.0,6.5,0
flow_0012.1,50.5,4.0,0
flow_20.4,60.0,4.5,0
flow_001.3,48.0,2.5,0
flow_201.4,59.5,3.0,0
flow_001.4,39.5,2.5,0
flow_2012.1,58.0,4.0,0
flow_20.5,43.0,2.5,0
flow_2012.2,41.5,4.0,0
flow_201.5,38.5,2.5,0
flow_201.6,31.5,3.0,0
flow_001.5,24.5,2.5,0
flow_1012.1,58.5,4.5,0
flow_3012.1,66.0,4.5,0
flow_101.1,56.5,3.0,0
flow_30.1,20.5,1.5,0
flow_101.2,55.0,3.0,0
flow_101.3,54.0,2.5,0
flow_101.4,45.5,3.0,0
flow_10.5,32.5,2.5,0
flow_101.5,25.0,2.5,0
flow_00.4,61.5,4.0,0
flow_20.6,39.0,4.0,0
flow_0012.2,62.5,3.5,0
flow_201.7,29.0,3.0,0
flow_201.8,26.0,3.0,0
flow_0012.3,24.5,3.0,0
flow_0012.4,24.0,3.0,0
flow_301.3,71.0,3.5,0
flow_101.6,73.5,3.5,0
flow_1012.2,60.5,4.0,0
flow_301.4,75.0,7.0,0
flow_1012.3,48.5,5.5,0
flow_101.7,44.0,3.5,0
flow_1012.4,39.5,3.5,0
flow_101.8,25.5,2.5,0
flow_101.9,25.5,2.5,0
flow_1012.5,25.0,3.5,0
flow_2012.3,71.5,4.0,0
flow_001.6,55.5,7.0,0
flow_201.9,51.5,3.0,0
flow_201.10,51.0,3.5,0
flow_201.11,41.0,3.5,0
flow_2012.4,28.5,3.5,0
flow_00.5,21.5,2.0,0
flow_201.12,28.0,3.0,0
flow_201.13,27.0,3.0,0
flow_301.5,50.5,3.5,0
flow_101.10,25.0,2.5,0
flow_101.11,25.0,2.5,0
flow_101.12,25.5,3.0,0
flow_301.6,25.5,2.5,0
flow_301.7,27.0,3.0,0
flow_101.13,27.0,3.0,0
flow_3012.2,27.0,4.0,0
flow_101.14,26.0,3.0,0
flow_001.7,71.5,3.5,0
flow_201.14,57.5,3.5,0
flow_0012.5,71.5,4.0,0
flow_20.7,46.0,6.0,0
flow_20.8,35.0,4.0,0
flow_0012.6,29.0,5.0,0
flow_20.9,21.5,1.5,0
flow_2012.5,24.5,3.0,0
flow_101.15,58.5,3.5,0
flow_1012.6,32.5,4.0,0
flow_301.8,24.0,2.0,0
flow_30.2,23.0,2.0,0
flow_00.6,66.0,4.0,0
flow_201.15,26.0,3.0,0
flow_0012.7,57.0,4.5,0
flow_001.8,49.0,2.5,0
flow_001.9,43.5,3.5,0
flow_001.10,36.0,3.5,0
flow_0012.8,33.0,3.5,0
flow_201.16,24.5,2.5,0
flow_201.17,28.0,3.5,0
flow_201.18,26.0,3.0,0
flow_30.3,69.5,4.0,0
flow_301.9,32.0,3.0,0
flow_301.10,28.0,2.5,0
flow_10.6,22.0,2.0,0
flow_1012.7,25.0,3.5,0
flow_10.7,21.5,2.0,0
flow_101.16,24.0,2.0,0
flow_0012.9,73.0,4.5,0
flow_2012.6,71.0,4.5,0
flow_2012.7,46.0,4.0,0
flow_00.7,73.0,6.5,0
flow_0012.10,68.5,5.0,0
flow_0012.11,67.5,4.5,0
flow_001.11,63.5,3.0,0
flow_001.12,56.5,3.5,0
flow_10.8,32.5,4.0,0
flow_301.11,69.5,3.5,0
flow_10.9,25.5,2.5,0
flow_3012.3,65.5,4.5,0
flow_30.4,51.5,3.0,0
flow_101.17,26.0,3.0,0
flow_201.19,54.5,3.5,0
flow_0012.12,68.0,6.5,0
flow_0012.13,38.0,4.5,0
flow_201.20,42.0,4.0,0
flow_00.8,28.5,3.0,0
flow_001.13,37.5,3.5,0
flow_0012.14,28.0,3.5,0
flow_2012.8,43.5,4.5,0
flow_3012.4,70.5,5.0,0
flow_301.12,55.0,3.0,0
flow_101.18,60.0,8.0,0
flow_101.19,49.5,3.0,0
flow_301.13,27.5,3.0,0
flow_101.20,26.0,2.5,0
flow_101.21,23.5,2.0,0
flow_3012.5,26.5,3.5,0
flow_20.10,45.5,4.0,0
flow_20.11,45.0,3.0,0
flow_2012.9,45.5,3.5,0
flow_2012.10,39.0,4.0,0
flow_0012.15,26.5,3.5,0
flow_2012.11,30.0,4.0,0
flow_001.14,27.0,3.5,0
flow_30.5,61.0,4.0,0
flow_10.10,58.0,4.0,0
flow_30.6,61.0,3.0,0
flow_10.11,49.0,3.0,0
flow_301.14,57.0,3.0,0
flow_101.22,26.0,3.0,0
flow_3012.6,25.5,3.5,0
flow_2012.12,73.0,4.5,0
flow_00.9,62.0,7.0,0
flow_2012.13,74.0,6.0,0
flow_20.12,68.5,3.5,0
flow_001.15,48.0,4.0,0
flow_2012.14,64.5,4.5,0
flow_0012.16,47.5,4.0,0
flow_00.10,22.5,2.0,0
flow_201.21,60.0,3.5,0
flow_2012.15,43.0,4.0,0
flow_201.22,24.5,2.0,0
flow_001.16,25.5,2.5,0
flow_101.23,69.5,3.5,0
flow_301.15,67.5,3.5,0
flow_101.24,35.0,3.0,0
flow_3012.7,69.5,6.0,0
flow_30.7,61.5,3.5,0
flow_301.16,58.0,2.5,0
flow_101.25,38.0,4.0,0
flow_101.26,36.5,3.0,0
flow_10.12,28.5,2.5,0
flow_301.17,25.0,2.5,0
flow_101.27,25.0,2.5,0
flow_1012.8,23.5,3.0,0
flow_001.17,59.5,3.5,0
flow_201.23,61.0,3.5,0
flow_201.24,61.0,3.0,0
flow_201.25,35.5,3.0,0
flow_201.26,29.0,3.0,0
flow_2012.16,23.5,3.0,0
flow_10.13,55.0,4.0,0
flow_101.28,32.5,3.0,0
flow_10.14,29.0,3.0,0
flow_1012.9,31.0,4.0,0
flow_301.18,27.0,3.0,0
flow_301.19,26.0,2.5,0
flow_101.29,26.0,3.0,0
flow_301.20,26.0,3.0,0
flow_001.18,42.5,3.5,0
flow_201.27,66.0,3.5,0
flow_2012.17,62.0,4.0,0
flow_20.13,27.5,2.5,0
flow_20.14,22.0,2.0,0
flow_001.19,24.5,2.5,0
flow_2012.18,25.0,3.5,0
flow_2012.19,25.0,3.5,0
flow_1012.10,36.5,4.5,0
flow_101.30,36.0,3.0,0
flow_1012.11,24.0,2.5,0
flow_001.20,43.5,3.5,0
flow_201.28,73.5,3.5,0
flow_0012.17,30.0,3.5,0
flow_20.15,73.5,5.0,0
flow_20.16,58.0,3.5,0
flow_00.11,20.5,1.5,0
flow_2012.20,26.0,3.5,0
flow_30.8,68.5,4.0,0
flow_001.0,23.5,2.0,0
flow_0012.0,28.0,4.5,0
flow_301.0,38.0,3.5,0
flow_101.0,42.0,3.5,0
flow_30.0,36.5,3.0,0
flow_1012.0,40.5,7.0,0
flow_101.1,39.5,3.5,0
flow_30.1,21.5,2.0,0
flow_1012.1,25.5,3.5,0
flow_301.1,26.0,3.0,0
flow_101.2,25.5,2.5,0
flow_101.3,25.0,2.5,0
flow_001.1,57.5,3.5,0
flow_0012.1,49.0,4.0,0
flow_2012.0,24.5,3.0,0
flow_00.0,23.0,3.0,0
flow_201.0,26.0,3.0,0
flow_10.0,69.5,4.0,0
flow_301.2,44.0,3.5,0
flow_1012.2,63.0,3.5,0
flow_10.1,39.5,3.0,0
flow_301.3,47.0,6.5,0
flow_101.4,39.5,2.5,0
flow_3012.0,38.5,4.5,0
flow_10.2,21.0,1.5,0
flow_1012.3,25.5,3.5,0
flow_20.0,67.5,4.0,0
flow_00.1,41.5,4.0,0
flow_20.1,58.5,3.0,0
flow_001.2,43.0,3.0,0
flow_00.2,35.5,3.0,0
flow_201.1,30.0,2.5,0
flow_2012.1,25.0,3.5,0
flow_201.2,27.5,3.0,0
flow_001.3,27.5,3.0,0
flow_001.4,24.5,2.5,0
flow_3012.1,37.0,4.5,0
flow_101.5,76.0,7.5,0
flow_3012.2,38.0,5.5,0
flow_30.2,30.0,3.0,0
flow_101.6,55.5,4.0,0
flow_201.3,26.5,3.0,0
flow_30.3,68.0,4.0,0
flow_10.3,53.0,4.0,0
flow_301.4,57.0,3.0,0
flow_1012.4,49.5,5.0,0
flow_30.4,54.0,3.0,0
flow_101.7,47.0,3.0,0
flow_301.5,54.5,2.5,0
flow_301.6,49.5,3.0,0
flow_3012.3,50.0,4.5,0
flow_301.7,38.5,2.5,0
flow_301.8,33.5,3.5,0
flow_1012.5,23.5,3.0,0
flow_001.5,47.5,4.0,0
flow_001.6,26.5,3.0,0
flow_2012.2,24.5,3.0,0
flow_001.7,24.5,2.5,0
flow_2012.3,26.5,3.5,0
flow_0012.2,23.5,3.0,0
flow_3012.4,57.0,4.5,0
flow_10.4,72.0,6.5,0
flow_101.8,61.5,3.5,0
flow_101.9,55.0,3.0,0
flow_1012.6,54.5,4.0,0
flow_1012.7,46.0,3.5,0
flow_101.10,40.0,3.0,0
flow_301.9,24.5,2.5,0
flow_101.11,26.5,3.0,0
flow_301.10,26.5,3.0,0
flow_201.4,63.0,3.5,0
flow_001.8,55.0,4.0,0
flow_201.5,25.0,2.5,0
flow_30.5,34.5,4.0,0
flow_10.5,47.0,4.0,0
flow_3012.5,37.0,4.0,0
flow_3012.6,26.5,3.5,0
flow_1012.8,24.0,3.0,0
flow_001.9,44.5,3.5,0
flow_201.6,62.5,4.0,0
flow_001.10,27.0,3.0,0
flow_001.11,25.5,2.5,0
flow_201.7,24.5,2.5,0
flow_3012.7,71.5,4.5,0
flow_101.12,46.5,7.5,0
flow_3012.8,73.5,5.5,0
flow_3012.9,66.5,4.5,0
flow_301.11,45.0,3.0,0
flow_101.13,50.5,4.5,0
flow_1012.9,25.0,3.5,0
flow_101.14,24.5,2.0,0
flow_1012.10,23.5,3.0,0
flow_001.12,65.0,3.5,0
flow_001.13,27.0,3.0,0
flow_001.14,24.5,2.5,0
flow_301.12,68.5,3.5,0
flow_1012.11,37.0,6.5,0
flow_301.13,25.0,2.5,0
flow_1012.12,25.5,3.5,0
flow_301.14,25.5,3.0,0
flow_30.6,23.0,2.0,0
flow_301.15,27.5,3.0,0
flow_2012.4,39.0,4.5,0
flow_201.8,27.0,3.0,0
flow_001.15,53.0,7.5,0
flow_0012.3,27.5,3.5,0
flow_20.2,20.0,1.5,0
flow_3012.10,74.0,4.5,0
flow_301.16,63.5,3.0,0
flow_101.15,74.5,7.5,0
flow_10.6,72.0,3.5,0
flow_10.7,62.5,3.0,0
flow_101.16,61.5,2.5,0
flow_3012.11,27.0,4.0,0
flow_10.8,40.5,4.0,0
flow_301.17,27.0,3.0,0
flow_1012.13,33.0,5.0,0
flow_10.9,23.0,2.0,0
flow_001.16,47.5,3.5,0
flow_201.9,33.0,3.5,0
flow_001.17,23.5,2.0,0
flow_20.3,20.5,1.5,0
flow_00.3,21.0,1.5,0
flow_301.18,73.0,3.5,0
flow_101.17,49.5,3.5,0
flow_301.19,37.0,3.0,0
flow_1012.14,52.0,6.0,0
flow_301.20,23.0,2.0,0
flow_001.18,72.5,3.5,0
flow_201.10,60.0,3.5,0
flow_0012.4,51.0,4.0,0
flow_001.19,24.5,2.5,0
flow_201.11,24.5,2.5,0
flow_301.21,72.0,3.5,0
flow_101.18,66.0,3.5,0
flow_301.22,66.0,3.0,0
flow_101.19,65.0,3.0,0
flow_10.10,35.5,3.0,0
flow_30.7,37.5,3.0,0
flow_301.23,38.5,3.0,0
flow_20.4,65.5,4.0,0
flow_001.20,25.5,2.5,0
flow_1012.15,70.5,4.5,0
flow_101.20,68.5,2.5,0
flow_10.11,66.0,3.0,0
flow_101.21,56.5,2.5,0
flow_10.12,21.0,1.5,0
flow_1012.16,25.0,3.5,0
flow_2012.5,45.5,4.5,0
flow_001.21,75.0,7.5,0
flow_001.22,68.0,3.0,0
flow_001.23,58.0,2.5,0
flow_0012.5,56.5,3.5,0
flow_201.12,25.0,2.5,0
flow_0012.6,24.5,3.0,0
flow_30.8,60.0,4.0,0
flow_101.22,48.0,3.5,0
flow_301.24,43.5,3.0,0
flow_101.23,34.5,3.0,0
flow_301.25,43.0,3.5,0
flow_101.24,26.0,3.0,0
flow_101.25,26.0,3.0,0
flow_201.13,74.0,3.5,0
flow_001.24,42.5,3.5,0
flow_20.5,43.0,3.0,0
flow_001.25,37.5,3.0,0
flow_2012.6,25.5,3.5,0
flow_001.26,26.0,3.0,0
flow_101.26,64.0,3.5,0
flow_00.0,20.5,1.5,0
flow_201.0,25.0,2.5,0
flow_1012.0,55.0,4.5,0
flow_30.0,57.0,6.5,0
flow_30.1,44.0,4.0,0
flow_301.0,41.5,2.5,0
flow_301.1,41.0,3.0,0
flow_301.2,39.5,3.0,0
flow_101.0,26.0,3.0,0
flow_301.3,36.5,3.0,0
flow_30.2,31.5,2.5,0
flow_101.1,24.5,2.5,0
flow_2012.0,66.0,4.0,0
flow_201.1,62.5,3.0,0
flow_20.0,53.0,3.0,0
flow_001.0,77.5,7.5,0
flow_2012.1,53.5,3.5,0
flow_0012.0,45.0,6.0,0
flow_2012.2,53.0,4.0,0
flow_001.1,25.5,2.5,0
flow_301.4,54.5,3.5,0
flow_101.2,34.5,3.5,0
flow_301.5,54.0,3.0,0
flow_101.3,27.0,3.0,0
flow_301.6,53.5,3.5,0
flow_101.4,27.0,3.0,0
flow_10.0,20.5,2.0,0
flow_30.3,21.5,2.0,0
flow_101.5,27.0,3.0,0
flow_1012.1,23.5,3.0,0
flow_301.7,25.5,2.5,0
flow_201.2,24.0,2.0,0
flow_001.2,62.0,3.5,0
flow_0012.1,39.5,4.0,0
flow_0012.2,29.5,4.0,0
flow_001.3,27.5,2.5,0
flow_201.3,31.5,4.5,0
flow_201.4,26.0,3.0,0
flow_201.5,26.0,2.5,0
flow_001.4,24.5,2.5,0
flow_30.4,67.5,4.0,0
flow_101.6,49.0,4.0,0
flow_10.1,40.5,3.0,0
flow_301.8,57.0,3.0,0
flow_3012.0,28.0,4.0,0
flow_101.7,25.5,2.5,0
flow_301.9,25.5,2.5,0
flow_1012.2,26.0,4.0,0
flow_30.5,22.5,2.0,0
flow_201.6,74.0,3.5,0
flow_201.7,55.5,3.5,0
flow_20.1,51.5,3.0,0
flow_201.8,34.0,2.5,0
flow_00.1,22.5,2.0,0
flow_101.8,72.5,3.5,0
flow_301.10,70.5,3.5,0
flow_301.11,70.0,3.0,0
flow_101.9,73.0,3.5,0
flow_301.12,55.5,3.5,0
flow_1012.3,72.0,6.0,0
flow_10.2,67.5,3.0,0
flow_301.13,57.0,3.5,0
flow_301.14,43.0,3.0,0
flow_1012.4,23.5,3.0,0
flow_101.10,27.0,3.0,0
flow_201.9,73.0,3.5,0
flow_0012.3,69.0,6.5,0
flow_001.5,58.5,3.5,0
flow_201.10,47.5,3.5,0
flow_001.6,26.5,3.0,0
flow_201.11,25.0,2.5,0
flow_3012.1,60.5,4.5,0
flow_10.3,71.5,6.5,0
flow_3012.2,29.5,6.5,0
flow_10.4,44.5,7.0,0
flow_301.15,27.5,3.0,0
flow_101.11,43.0,4.0,0
flow_301.16,25.0,2.5,0
flow_101.12,30.5,3.5,0
flow_3012.3,25.0,3.5,0
flow_2012.3,51.0,4.5,0
flow_2012.4,51.5,4.5,0
flow_201.12,28.0,2.5,0
flow_00.2,20.5,1.5,0
flow_00.3,23.0,2.0,0
flow_201.13,27.5,3.0,0
flow_201.14,25.5,2.5,0
flow_20.2,21.5,2.0,0
flow_10.5,62.5,4.0,0
flow_301.17,62.0,3.5,0
flow_1012.5,56.5,3.5,0
flow_30.6,57.0,6.0,0
flow_101.13,51.0,3.0,0
flow_301.18,52.0,3.5,0
flow_1012.6,35.5,4.0,0
flow_301.19,33.5,3.5,0
flow_30.7,25.0,2.5,0
flow_301.20,24.5,2.0,0
flow_30.8,21.0,1.5,0
flow_20.3,42.5,4.0,0
flow_0012.4,54.5,7.5,0
flow_20.4,22.5,2.5,0
flow_201.15,25.5,2.5,0
flow_30.9,65.0,4.0,0
flow_30.10,44.0,3.0,0
flow_10.6,21.0,1.5,0
flow_201.16,32.5,3.5,0
flow_001.7,70.5,3.5,0
flow_0012.5,67.0,4.0,0
flow_0012.6,58.5,4.0,0
flow_0012.7,57.0,3.5,0
flow_001.8,52.0,2.0,0
flow_00.4,46.0,2.5,0
flow_201.17,29.5,3.5,0
flow_0012.8,25.5,3.0,0
flow_20.5,20.5,1.5,0
flow_2012.5,23.5,2.5,0
flow_201.18,25.0,2.5,0
flow_301.21,39.5,3.5,0
flow_1012.7,65.5,6.0,0
flow_10.7,47.0,3.5,0
flow_10.8,44.0,3.0,0
flow_301.22,36.0,4.0,0
flow_10.9,30.5,2.5,0
flow_101.14,25.5,2.5,0
flow_3012.4,24.5,3.0,0
flow_10.10,20.5,1.5,0
flow_301.23,25.5,2.5,0
flow_101.15,26.0,3.0,0
flow_201.19,75.5,3.5,0
flow_0012.9,45.0,6.5,0
flow_2012.6,61.5,3.5,0
flow_2012.7,58.5,3.5,0
flow_0012.10,44.0,4.5,0
flow_001.9,38.5,3.5,0
flow_001.10,26.0,3.0,0
flow_201.20,27.5,3.0,0
flow_201.21,26.0,3.0,0
flow_301.24,28.5,3.0,0
flow_1012.8,47.0,6.0,0
flow_10.11,39.5,3.5,0
flow_101.16,26.5,2.5,0
flow_10.12,23.0,2.5,0
flow_3012.5,24.5,3.0,0
flow_101.17,30.0,4.0,0
flow_30.11,21.0,1.5,0
flow_0012.11,55.5,4.0,0
flow_201.22,51.5,7.0,0
flow_001.11,44.0,3.0,0
flow_201.23,36.0,3.5,0
flow_2012.8,35.0,4.0,0
flow_201.24,32.0,3.0,0
flow_101.18,74.5,3.5,0
flow_301.25,68.5,3.5,0
flow_10.13,35.0,3.0,0
flow_3012.6,60.5,7.0,0
flow_3012.7,56.5,4.5,0
flow_30.12,53.0,3.0,0
flow_101.19,27.0,3.0,0
flow_3012.8,49.0,4.0,0
flow_1012.9,24.5,3.0,0
flow_1012.10,23.5,3.0,0
flow_301.26,29.0,6.0,0
flow_101.20,25.5,2.5,0
flow_201.25,44.0,3.5,0
flow_0012.12,56.5,6.5,0
flow_00.5,53.5,3.5,0
flow_20.6,44.0,3.5,0
flow_20.7,20.5,1.5,0
flow_001.12,24.0,2.5,0
flow_00.6,21.0,2.0,0
flow_201.26,27.5,3.5,0
flow_30.13,65.0,4.0,0
flow_101.21,73.0,3.5,0
flow_301.27,64.5,3.0,0
flow_1012.11,62.5,5.0,0
flow_30.14,49.0,3.0,0
flow_101.22,59.5,3.0,0
flow_101.23,57.5,3.0,0
flow_101.24,43.5,3.0,0
flow_10.14,40.5,2.5,0
flow_301.28,26.5,3.0,0
flow_1012.12,25.5,3.5,0
flow_301.29,24.5,2.5,0
flow_00.7,68.0,4.0,0
flow_201.27,71.0,3.5,0
flow_2012.9,65.0,4.0,0
flow_201.28,59.5,3.0,0
flow_2012.10,40.5,3.5,0
flow_20.8,36.5,2.5,0
flow_201.29,25.5,2.5,0
flow_101.25,47.5,3.5,0
flow_301.30,50.5,3.5,0
flow_30.15,29.5,3.0,0
flow_101.26,44.0,3.0,0
flow_301.31,25.0,2.5,0
flow_301.32,25.5,2.5,0
flow_101.27,25.5,2.5,0
flow_301.33,24.5,2.5,0
flow_001.13,69.0,3.5,0
flow_20.9,58.0,4.0,0
flow_001.14,68.5,3.5,0
flow_00.8,63.0,3.0,0
flow_001.15,44.5,2.5,0
flow_20.10,21.0,1.5,0
flow_201.30,25.0,2.5,0
flow_0012.13,25.0,3.0,0
flow_201.31,27.5,5.0,0
flow_001.16,25.5,2.5,0
flow_201.32,26.0,3.0,0
flow_30.16,44.5,4.0,0
flow_101.28,62.5,3.5,0
flow_301.34,47.0,3.5,0
flow_3012.9,27.5,3.0,0
flow_1012.13,43.0,5.5,0
flow_30.17,21.5,2.0,0
flow_201.33,65.0,3.5,0
flow_001.17,72.5,3.5,0
flow_0012.14,60.0,4.0,0
flow_00.9,37.0,3.0,0
flow_201.34,65.0,7.0,0
flow_00.10,36.5,2.5,0
flow_201.35,64.0,3.0,0
flow_201.36,56.0,3.0,0
flow_001.18,26.0,3.0,0
flow_00.11,20.5,1.5,0
flow_10.15,71.5,4.0,0
flow_10.0,26.5,3.5,0
flow_301.0,24.0,2.0,0
flow_3012.0,24.5,3.0,0
flow_3012.1,25.5,3.5,0
flow_301.1,24.0,2.5,0
flow_3012.2,26.5,3.5,0
flow_201.0,74.5,4.0,0
flow_2012.0,71.5,3.5,0
flow_2012.1,25.5,3.5,0
flow_001.0,26.5,3.0,0
flow_00.0,21.0,1.5,0
flow_10.1,73.0,4.0,0
flow_101.0,73.0,3.0,0
flow_101.1,30.5,2.5,0
flow_20.0,51.5,4.0,0
flow_001.1,75.0,4.0,0
flow_201.1,43.0,3.5,0
flow_0012.0,78.5,5.5,0
flow_001.2,49.5,3.0,0
flow_20.1,39.0,3.0,0
flow_2012.2,38.5,3.0,0
flow_001.3,28.0,3.5,0
flow_30.0,63.0,4.0,0
flow_101.2,53.0,4.0,0
flow_10.2,39.5,3.0,0
flow_301.2,32.0,3.0,0
flow_301.3,25.5,2.5,0
flow_2012.3,69.0,4.5,0
flow_201.2,65.5,3.0,0
flow_001.4,77.0,7.5,0
flow_201.3,47.5,3.0,0
flow_001.5,67.0,3.5,0
flow_0012.1,63.5,3.5,0
flow_2012.4,44.5,4.0,0
flow_00.1,58.0,3.0,0
flow_00.2,21.5,2.0,0
flow_001.6,24.5,2.5,0
flow_001.7,25.0,2.5,0
flow_3012.3,57.0,4.5,0
flow_301.4,55.5,3.0,0
flow_30.1,26.5,2.5,0
flow_101.3,76.5,7.5,0
flow_101.4,65.0,3.5,0
flow_3012.4,27.0,4.0,0
flow_101.5,23.5,2.0,0
flow_1012.0,24.0,3.0,0
flow_00.3,27.0,3.5,0
flow_201.4,69.0,3.5,0
flow_0012.2,26.5,3.5,0
flow_201.5,25.0,2.5,0
flow_0012.3,26.0,4.0,0
flow_0012.4,26.0,3.5,0
flow_00.4,25.0,2.5,0
flow_20.2,21.0,1.5,0
flow_0012.5,25.0,3.5,0
flow_001.8,26.5,3.0,0
flow_201.6,24.0,2.0,0
flow_001.9,27.0,3.0,0
flow_101.6,50.0,4.0,0
flow_10.3,31.0,3.0,0
flow_001.10,69.5,3.5,0
flow_201.7,63.5,3.5,0
flow_00.5,60.0,3.0,0
flow_20.3,30.5,3.0,0
flow_20.4,20.5,1.5,0
flow_00.6,21.0,1.5,0
flow_101.7,68.5,3.5,0
flow_301.5,65.0,3.5,0
flow_1012.1,44.5,4.0,0
flow_301.6,67.0,6.5,0
flow_1012.2,35.5,5.5,0
flow_101.8,25.5,2.5,0
flow_101.9,25.0,2.5,0
flow_301.7,25.5,2.5,0
flow_201.8,67.5,3.5,0
flow_201.9,42.0,3.0,0
flow_2012.5,31.5,3.5,0
flow_0012.6,25.5,3.5,0
flow_301.8,70.5,3.5,0
flow_301.9,56.0,3.0,0
flow_301.10,54.5,3.0,0
flow_101.10,25.5,2.5,0
flow_3012.5,27.5,4.0,0
flow_00.7,22.0,2.0,0
flow_201.10,72.5,3.5,0
flow_201.11,50.0,3.0,0
flow_201.12,30.5,3.0,0
flow_001.11,24.5,2.5,0
flow_201.13,25.5,2.5,0
flow_0012.7,26.0,3.5,0
flow_201.14,26.0,2.5,0
flow_10.4,69.5,4.0,0
flow_301.11,54.5,3.5,0
flow_30.2,50.0,3.0,0
flow_101.11,71.0,3.0,0
flow_101.12,61.5,3.0,0
flow_301.12,38.0,3.0,0
flow_10.5,41.5,2.5,0
flow_101.13,42.0,3.0,0
flow_301.13,25.5,2.5,0
flow_1012.3,33.0,4.0,0
flow_1012.4,31.5,4.0,0
flow_10.6,21.5,2.0,0
flow_301.14,26.0,3.0,0
flow_101.14,25.5,2.5,0
flow_001.12,68.5,3.5,0
flow_201.15,68.0,3.5,0
flow_00.8,32.5,3.0,0
flow_2012.6,70.0,6.5,0
flow_001.13,38.0,3.5,0
flow_001.14,38.5,3.5,0
flow_20.5,21.5,2.0,0
flow_3012.6,66.0,4.5,0
flow_10.7,28.0,6.0,0
flow_301.15,53.0,3.0,0
flow_301.16,50.0,3.0,0
flow_30.3,44.5,2.5,0
flow_10.8,23.5,2.5,0
flow_2012.7,72.5,4.5,0
flow_20.6,71.0,3.0,0
flow_001.15,77.0,7.5,0
flow_2012.8,63.0,4.0,0
flow_2012.9,47.0,4.0,0
flow_001.16,82.5,7.0,0
flow_001.17,26.5,3.0,0
flow_0012.8,24.5,3.0,0
flow_101.15,42.5,3.5,0
flow_10.9,21.0,1.5,0
flow_101.16,25.5,2.5,0
flow_301.17,24.5,2.5,0
flow_00.9,56.5,4.0,0
flow_201.16,30.5,3.5,0
flow_001.18,30.5,3.0,0
flow_201.17,30.0,3.0,0
flow_2012.10,26.0,3.5,0
flow_001.19,24.0,2.5,0
flow_201.18,26.0,3.0,0
flow_30.4,44.0,4.0,0
flow_10.10,46.0,4.0,0
flow_301.18,41.5,3.0,0
flow_10.11,22.0,2.0,0
flow_00.10,59.0,4.0,0
flow_201.19,67.0,3.5,0
flow_001.20,60.0,3.0,0
flow_201.20,57.5,3.5,0
flow_0012.9,51.0,4.5,0
flow_001.21,43.5,3.0,0
flow_201.21,44.0,7.5,0
flow_20.7,21.5,2.0,0
flow_3012.7,25.0,3.5,0
flow_10.12,21.5,2.0,0
flow_101.17,26.0,3.0,0
flow_101.18,25.0,2.5,0
flow_3012.8,25.0,3.5,0
flow_301.19,27.5,3.5,0
flow_2012.11,68.5,4.0,0
flow_201.22,67.5,3.0,0
flow_001.22,60.5,7.0,0
flow_201.23,67.5,3.5,0
flow_2012.12,59.0,4.0,0
flow_2012.13,58.0,4.0,0
flow_201.24,50.0,2.5,0
flow_201.25,31.5,3.0,0
flow_1012.5,53.5,4.5,0
flow_101.19,51.5,3.0,0
flow_10.13,43.0,3.0,0
flow_301.20,25.5,2.5,0
flow_101.20,42.0,3.0,0
flow_101.21,41.0,3.0,0
flow_1012.6,36.0,3.5,0
flow_30.5,22.5,2.5,0
flow_101.22,25.5,2.5,0
flow_20.8,52.5,4.0,0
flow_001.23,64.0,3.5,0
flow_2012.14,24.5,3.0,0
flow_201.26,26.0,3.0,0
flow_201.0,27.5,3.0,0
flow_101.0,41.0,3.5,0
flow_301.0,30.0,3.5,0
flow_10.0,39.0,3.0,0
flow_101.1,28.0,2.5,0
flow_101.2,24.5,2.5,0
flow_001.0,74.0,3.5,0
flow_201.1,52.5,3.5,0
flow_2012.0,43.5,4.0,0
flow_00.0,57.0,6.5,0
flow_00.1,48.5,4.5,0
flow_001.1,35.0,3.0,0
flow_001.2,27.0,2.5,0
flow_00.2,24.0,2.5,0
flow_2012.1,24.5,3.0,0
flow_0012.0,24.5,3.0,0
flow_1012.0,67.5,4.0,0
flow_3012.0,67.5,4.5,0
flow_10.1,66.0,3.0,0
flow_101.3,30.5,2.5,0
flow_3012.1,26.0,4.0,0
flow_201.2,45.5,3.5,0
flow_0012.1,73.5,6.5,0
flow_0012.2,68.5,4.5,0
flow_00.3,44.5,3.0,0
flow_201.3,26.0,3.0,0
flow_201.4,27.5,3.5,0
flow_20.0,21.5,2.0,0
flow_0012.3,24.5,3.0,0
flow_10.2,68.0,4.0,0
flow_301.1,49.5,3.5,0
flow_10.3,66.0,3.0,0
flow_3012.2,50.0,5.5,0
flow_30.0,47.5,3.5,0
flow_101.4,60.5,3.0,0
flow_301.2,26.0,3.0,0
flow_3012.3,25.0,3.0,0
flow_1012.1,24.5,3.0,0
flow_20.1,58.0,4.0,0
flow_001.3,73.0,4.0,0
flow_201.5,52.0,3.0,0
flow_001.4,68.0,3.5,0
flow_201.6,27.0,3.0,0
flow_00.4,21.0,1.5,0
flow_101.5,65.5,3.5,0
flow_301.3,52.5,4.0,0
flow_301.4,33.0,3.5,0
flow_3012.4,31.5,4.0,0
flow_30.1,28.0,2.5,0
flow_301.5,28.0,2.5,0
flow_30.2,25.0,2.5,0
flow_101.6,26.5,3.0,0
flow_101.7,27.0,3.0,0
flow_301.6,24.5,2.5,0
flow_20.2,68.0,4.0,0
flow_00.5,67.5,4.0,0
flow_001.5,50.5,3.0,0
flow_00.6,43.0,3.0,0
flow_0012.4,42.5,3.0,0
flow_20.3,23.0,2.0,0
flow_001.6,25.0,2.5,0
flow_001.7,26.0,3.0,0
flow_001.8,26.0,2.5,0
flow_30.3,68.0,4.0,0
flow_1012.2,71.0,7.5,0
flow_3012.5,47.0,4.0,0
flow_30.4,43.5,3.0,0
flow_10.4,22.5,2.5,0
flow_10.5,21.0,2.0,0
flow_301.7,24.5,2.5,0
flow_101.8,24.5,2.5,0
flow_10.6,23.0,2.0,0
flow_00.7,57.5,4.0,0
flow_001.9,43.5,3.0,0
flow_001.10,41.5,3.0,0
flow_3012.6,71.0,4.5,0
flow_301.8,44.0,3.0,0
flow_101.9,75.5,7.0,0
flow_30.5,35.5,3.0,0
flow_1012.3,32.5,6.5,0
flow_30.6,38.5,5.5,0
flow_301.9,30.5,3.0,0
flow_10.7,21.0,2.0,0
flow_3012.7,26.0,3.5,0
flow_1012.4,27.5,4.0,0
flow_101.10,27.0,3.0,0
flow_001.11,45.5,3.5,0
flow_201.7,31.5,3.0,0
flow_00.8,43.0,3.0,0
flow_20.4,21.5,2.0,0
flow_1012.5,64.5,4.0,0
flow_301.10,29.5,6.5,0
flow_3012.8,27.0,4.0,0
flow_301.11,25.0,2.5,0
flow_301.12,24.5,2.5,0
flow_00.9,21.0,2.0,0
flow_201.8,66.5,3.5,0
flow_2012.2,64.5,3.5,0
flow_201.9,64.5,3.0,0
flow_001.12,26.5,3.0,0
flow_201.10,25.5,2.5,0
flow_10.8,66.0,4.0,0
flow_301.13,67.5,3.0,0
flow_101.11,64.5,3.0,0
flow_301.14,38.5,3.0,0
flow_101.12,48.5,3.5,0
flow_10.9,45.5,3.0,0
flow_10.10,22.0,2.0,0
flow_301.15,25.0,2.5,0
flow_20.5,72.5,4.0,0
flow_2012.3,65.0,4.0,0
flow_0012.5,64.0,7.5,0
flow_201.11,60.5,2.5,0
flow_001.13,38.5,3.5,0
flow_201.12,31.5,3.0,0
flow_20.6,25.5,3.0,0
flow_0012.6,36.0,5.0,0
flow_001.14,25.5,2.5,0
flow_30.7,54.0,4.0,0
flow_3012.9,48.5,4.0,0
flow_3012.10,49.0,4.5,0
flow_3012.11,46.0,4.0,0
flow_301.16,31.5,2.5,0
flow_101.13,36.0,7.5,0
flow_301.17,25.5,2.5,0
flow_00.10,70.0,4.0,0
flow_201.13,24.5,2.0,0
flow_001.15,70.5,3.0,0
flow_00.11,68.0,3.0,0
flow_2012.4,30.5,5.5,0
flow_001.16,42.5,3.5,0
flow_001.17,41.0,3.0,0
flow_20.7,20.5,1.5,0
flow_001.18,26.5,3.0,0
flow_001.19,24.5,2.5,0
flow_101.14,45.0,3.5,0
flow_301.18,74.5,3.5,0
flow_3012.12,33.5,4.0,0
flow_101.15,27.5,3.0,0
flow_301.19,25.5,2.5,0
flow_30.8,20.5,1.5,0
flow_0012.7,67.5,4.0,0
flow_2012.5,58.5,4.5,0
flow_201.14,26.5,3.0,0
flow_001.20,27.5,3.0,0
flow_001.21,27.0,3.0,0
flow_201.15,25.5,2.5,0
flow_0012.8,23.0,2.5,0
flow_00.12,23.0,2.0,0
flow_10.11,33.0,4.0,0
flow_301.20,24.0,2.5,0
flow_30.9,21.0,1.5,0
flow_10.12,21.0,1.5,0
flow_0012.9,62.5,4.0,0
flow_001.22,57.5,3.0,0
flow_001.23,49.5,3.0,0
flow_0012.10,48.0,3.5,0
flow_0012.11,37.5,3.5,0
flow_001.24,32.0,2.5,0
flow_00.13,20.0,1.5,0
flow_20.8,24.0,2.0,0
flow_101.16,66.0,3.5,0
flow_10.13,56.5,3.0,0
flow_101.17,48.0,3.0,0
flow_101.18,37.5,3.5,0
flow_101.19,36.0,3.0,0
flow_101.20,35.0,3.0,0
flow_1012.6,34.0,4.0,0
flow_301.21,24.5,2.5,0
flow_00.14,49.5,4.0,0
flow_201.16,65.0,3.5,0
flow_20.9,63.0,3.0,0
flow_00.15,21.0,1.5,0
flow_201.17,25.5,2.5,0
flow_201.18,24.5,2.0,0
flow_001.25,28.0,3.5,0
flow_001.26,29.5,3.5,0
flow_101.21,39.5,3.5,0
flow_301.22,53.0,3.5,0
flow_301.23,50.0,3.0,0
flow_101.22,27.0,3.0,0
flow_201.19,52.0,3.5,0
flow_001.27,46.5,3.5,0
flow_2012.6,53.0,4.0,0
flow_0012.12,27.0,3.5,0
flow_20.10,36.0,5.0,0
flow_20.11,31.5,3.5,0
flow_2012.7,24.0,3.0,0
flow_001.28,25.0,2.5,0
flow_3012.0,48.5,4.5,0
flow_1012.0,43.5,4.5,0
flow_1012.1,42.5,4.0,0
flow_101.0,40.5,3.0,0
flow_301.0,26.5,3.0,0
flow_1012.2,26.5,3.5,0
flow_201.0,34.5,3.5,0
flow_001.0,67.0,3.5,0
flow_001.1,51.5,3.0,0
flow_201.1,26.5,2.5,0
flow_00.0,49.0,3.0,0
flow_0012.0,50.0,3.5,0
flow_0012.1,38.5,4.0,0
flow_0012.2,36.5,4.0,0
flow_0012.3,25.0,3.5,0
flow_201.2,26.0,3.0,0
flow_001.2,25.5,2.5,0
flow_001.3,26.5,2.5,0
flow_201.3,25.5,2.5,0
flow_30.0,56.5,4.0,0
flow_301.1,46.0,3.0,0
flow_3012.1,24.5,3.0,0
flow_00.1,54.5,4.0,0
flow_20.0,33.5,4.0,0
flow_001.4,40.5,3.0,0
flow_0012.4,37.0,3.5,0
flow_00.2,20.5,1.5,0
flow_001.5,26.0,3.0,0
flow_001.6,25.5,2.5,0
flow_1012.3,69.0,4.5,0
flow_3012.2,32.5,4.5,0
flow_10.0,20.0,1.5,0
flow_301.2,25.5,2.5,0
flow_20.1,21.0,1.5,0
flow_301.3,52.5,3.5,0
flow_10.1,20.0,1.5,0
flow_30.1,50.5,3.0,0
flow_301.4,50.5,3.0,0
flow_3012.3,49.5,3.5,0
flow_301.5,40.5,3.0,0
flow_30.2,24.5,2.5,0
flow_3012.4,24.0,3.0,0
flow_2012.0,56.0,4.5,0
flow_00.3,55.0,6.5,0
flow_2012.1,34.5,6.5,0
flow_001.7,38.5,4.0,0
flow_201.4,24.5,2.5,0
flow_001.8,24.5,2.0,0
flow_2012.2,26.0,3.5,0
flow_0012.5,26.5,3.5,0
flow_3012.5,61.0,4.5,0
flow_10.2,25.0,4.5,0
flow_30.3,59.0,3.0,0
flow_101.1,26.5,3.0,0
flow_2012.3,32.0,4.0,0
flow_0012.6,46.0,4.5,0
flow_00.4,41.0,3.0,0
flow_0012.7,42.5,4.0,0
flow_001.9,23.5,2.0,0
flow_3012.6,72.5,4.0,0
flow_101.2,26.0,3.0,0
flow_3012.7,25.0,3.5,0
flow_2012.4,39.5,4.5,0
flow_20.2,36.0,3.0,0
flow_001.10,79.0,7.5,0
flow_2012.5,25.5,3.0,0
flow_20.3,21.0,1.5,0
flow_1012.4,69.0,4.0,0
flow_10.3,67.5,3.0,0
flow_10.4,50.5,3.0,0
flow_301.6,27.5,3.0,0
flow_10.5,21.5,2.0,0
flow_201.5,73.5,3.5,0
flow_0012.8,40.5,6.5,0
flow_001.11,26.5,2.5,0
flow_201.6,44.5,3.5,0
flow_0012.9,26.5,3.5,0
flow_001.12,25.5,2.5,0
flow_201.7,25.5,2.5,0
flow_301.7,72.5,3.5,0
flow_101.3,71.5,3.5,0
flow_301.8,58.0,3.0,0
flow_101.4,39.0,3.0,0
flow_301.9,49.0,3.0,0
flow_30.4,21.5,2.0,0
flow_201.8,59.0,3.5,0
flow_0012.10,69.0,6.5,0
flow_001.13,66.5,3.0,0
flow_201.9,29.5,3.5,0
flow_001.14,50.0,3.5,0
flow_0012.11,48.0,3.5,0
flow_2012.6,29.5,4.5,0
flow_0012.12,42.0,4.0,0
flow_001.15,31.5,2.5,0
flow_001.16,26.5,3.0,0
flow_0012.13,26.0,3.5,0
flow_001.17,27.0,3.0,0
flow_301.10,61.5,3.5,0
flow_30.5,60.0,3.0,0
flow_3012.8,24.5,3.0,0
flow_301.11,25.5,2.5,0
flow_301.12,24.5,2.0,0
flow_10.6,22.5,2.0,0
flow_301.13,26.0,3.0,0
flow_001.18,45.0,3.5,0
flow_201.10,33.0,3.5,0
flow_201.11,32.0,3.5,0
flow_001.19,45.0,3.0,0
flow_001.20,31.5,3.5,0
flow_0012.14,25.5,3.0,0
flow_2012.7,24.5,3.0,0
flow_301.14,71.5,3.5,0
flow_1012.5,37.0,6.5,0
flow_10.7,31.5,3.5,0
flow_301.15,43.5,3.5,0
flow_30.6,39.5,3.0,0
flow_101.5,24.5,2.5,0
flow_001.21,38.5,3.5,0
flow_201.12,60.5,3.5,0
flow_001.22,28.0,3.0,0
flow_2012.8,34.0,5.5,0
flow_20.4,22.0,1.5,0
flow_001.23,26.0,3.0,0
flow_001.24,24.5,2.5,0
flow_301.16,67.0,3.5,0
flow_301.17,53.0,3.0,0
flow_30.7,42.5,3.0,0
flow_3012.9,42.0,3.0,0
flow_301.18,27.0,3.0,0
flow_10.8,20.5,1.5,0
flow_30.8,22.0,2.0,0
flow_10.9,21.5,1.5,0
flow_201.13,65.0,3.5,0
flow_001.25,73.5,3.5,0
flow_001.26,66.0,3.5,0
flow_00.5,39.5,3.0,0
flow_20.5,21.0,1.5,0
flow_001.27,25.0,2.5,0
flow_2012.9,25.0,3.5,0
flow_00.6,22.5,2.0,0
flow_2012.10,24.5,3.0,0
flow_30.9,53.5,4.0,0
flow_1012.6,48.0,7.5,0
flow_1012.7,32.5,4.5,0
flow_30.10,23.5,2.0,0
flow_3012.10,25.5,3.0,0
flow_101.6,25.5,2.5,0
flow_10.10,21.5,2.0,0
flow_301.19,27.5,3.0,0
flow_301.20,24.5,2.5,0
flow_2012.11,54.0,4.5,0
flow_00.7,63.0,6.5,0
flow_0012.15,63.0,4.0,0
flow_2012.12,55.0,5.5,0
flow_00.8,61.5,3.5,0
flow_201.14,50.0,3.5,0
flow_001.28,52.5,2.5,0
flow_00.9,50.5,2.5,0
flow_00.10,27.0,2.5,0
flow_201.15,26.0,3.0,0
flow_001.29,24.5,2.5,0
flow_201.16,26.0,3.0,0
flow_001.30,26.0,3.0,0
flow_301.21,32.5,3.5,0
flow_1012.8,76.0,5.5,0
flow_30.11,32.5,3.5,0
flow_101.7,40.5,3.0,0
flow_101.8,39.0,3.0,0
flow_301.22,33.0,2.5,0
flow_101.9,37.5,3.0,0
flow_30.12,20.5,1.5,0
flow_2012.13,57.5,4.5,0
flow_001.31,57.5,7.5,0
flow_0012.16,30.0,3.5,0
flow_001.32,29.0,2.5,0
flow_201.17,25.5,2.5,0
flow_0012.17,31.0,5.5,0
flow_20.6,22.5,2.5,0
flow_201.18,27.0,3.5,0
flow_0012.18,26.5,4.0,0
flow_201.19,27.0,3.0,0
flow_001.0,26.0,3.0,0
flow_001.1,26.0,3.0,0
flow_301.0,53.5,3.5,0
flow_3012.0,45.5,3.5,0
flow_1012.0,39.0,6.5,0
flow_301.1,41.0,3.0,0
flow_101.0,25.0,2.5,0
flow_301.2,26.0,2.5,0
flow_3012.1,24.0,3.0,0
flow_201.0,63.5,3.5,0
flow_0012.0,53.0,6.5,0
flow_0012.1,37.5,4.5,0
flow_00.0,27.0,3.0,0
flow_201.1,68.5,4.0,0
flow_201.2,68.5,3.0,0
flow_201.3,67.0,3.0,0
flow_201.4,42.0,3.5,0
flow_201.5,26.0,3.0,0
flow_2012.0,23.5,2.5,0
flow_20.0,21.5,2.0,0
flow_00.1,22.5,2.0,0
flow_30.0,69.0,4.0,0
flow_101.1,53.5,3.5,0
flow_10.0,50.5,3.0,0
flow_301.3,51.5,3.0,0
flow_301.4,52.0,3.5,0
flow_20.1,54.5,4.0,0
flow_00.2,20.5,1.5,0
flow_20.2,31.0,3.5,0
flow_2012.1,25.0,3.0,0
flow_001.2,26.0,3.0,0
flow_201.6,27.5,3.5,0
flow_30.1,66.5,4.0,0
flow_101.2,59.0,4.0,0
flow_301.5,63.5,3.0,0
flow_3012.2,62.0,3.5,0
flow_301.6,52.0,3.0,0
flow_101.3,26.0,3.0,0
flow_1012.1,25.0,3.0,0
flow_10.1,22.0,2.0,0
flow_301.7,24.0,2.0,0
flow_001.3,69.0,3.5,0
flow_2012.2,33.5,5.5,0
flow_001.4,71.0,4.0,0
flow_0012.2,54.5,3.5,0
flow_00.3,36.0,3.0,0
flow_001.5,26.5,3.0,0
flow_301.8,72.0,3.5,0
flow_101.4,72.5,3.5,0
flow_10.2,44.5,3.0,0
flow_301.9,39.5,3.0,0
flow_101.5,44.0,3.0,0
flow_10.3,21.5,2.0,0
flow_301.10,26.5,3.0,0
flow_30.2,22.5,2.0,0
flow_00.4,28.0,3.5,0
flow_2012.3,78.0,7.5,0
flow_20.3,64.5,3.5,0
flow_001.6,33.5,3.0,0
flow_201.7,64.0,2.5,0
flow_20.4,62.0,2.5,0
flow_001.7,29.5,3.0,0
flow_2012.4,62.0,3.5,0
flow_00.5,21.5,2.0,0
flow_201.8,27.5,2.5,0
flow_201.9,25.0,2.5,0
flow_001.8,25.0,2.5,0
flow_301.11,60.0,3.5,0
flow_101.6,50.0,3.5,0
flow_301.12,59.5,3.5,0
flow_101.7,51.0,3.5,0
flow_301.13,57.0,3.5,0
flow_101.8,50.0,3.0,0
flow_301.14,30.5,3.5,0
flow_301.15,25.5,2.5,0
flow_3012.3,25.5,3.0,0
flow_101.9,25.5,2.5,0
flow_10.4,21.5,2.0,0
flow_30.3,20.5,1.5,0
flow_20.5,38.5,4.0,0
flow_2012.5,26.0,3.0,0
flow_0012.3,74.0,7.5,0
flow_001.9,71.5,3.0,0
flow_001.10,68.0,3.0,0
flow_2012.6,25.5,3.5,0
flow_201.10,26.0,3.0,0
flow_001.11,28.0,3.5,0
flow_10.5,65.5,4.0,0
flow_301.16,54.0,3.5,0
flow_1012.2,66.5,4.0,0
flow_301.17,51.0,7.0,0
flow_1012.3,36.5,5.5,0
flow_3012.4,29.5,4.0,0
flow_101.10,36.5,4.0,0
flow_101.11,35.0,3.0,0
flow_201.11,59.5,3.5,0
flow_0012.4,52.0,6.5,0
flow_2012.7,48.0,3.5,0
flow_00.6,35.0,4.0,0
flow_201.12,33.0,3.0,0
flow_201.13,24.5,2.0,0
flow_20.6,21.0,1.5,0
flow_20.7,21.5,2.0,0
flow_001.12,25.0,2.5,0
flow_30.4,53.0,4.0,0
flow_101.12,73.0,3.5,0
flow_10.6,29.5,3.0,0
flow_30.5,43.5,3.0,0
flow_3012.5,44.0,4.0,0
flow_1012.4,26.5,3.5,0
flow_301.18,44.5,3.5,0
flow_3012.6,33.0,3.5,0
flow_10.7,22.0,2.0,0
flow_1012.5,26.0,3.5,0
flow_1012.6,25.0,3.0,0
flow_1012.7,25.0,3.0,0
flow_10.8,21.5,1.5,0
flow_10.9,20.5,1.5,0
flow_001.13,68.5,3.5,0
flow_201.14,74.0,3.5,0
flow_20.8,67.0,3.0,0
flow_001.14,61.5,3.0,0
flow_201.15,42.5,3.0,0
flow_00.7,44.0,3.0,0
flow_001.15,53.5,3.5,0
flow_20.9,35.0,2.5,0
flow_001.16,46.0,3.0,0
flow_0012.5,22.5,2.5,0
flow_001.17,24.5,2.5,0
flow_2012.8,27.0,4.0,0
flow_3012.7,71.0,4.0,0
flow_30.6,21.5,2.0,0
flow_10.10,72.0,6.5,0
flow_101.13,66.5,3.0,0
flow_101.14,65.5,3.5,0
flow_101.15,60.5,3.0,0
flow_301.19,25.5,2.5,0
flow_3012.8,26.0,3.5,0
flow_301.20,25.5,2.5,0
flow_301.21,27.0,3.0,0
flow_2012.9,61.0,4.5,0
flow_00.8,57.0,6.5,0
flow_2012.10,44.0,5.5,0
flow_20.10,42.0,3.5,0
flow_20.11,38.0,3.0,0
flow_001.18,46.5,4.5,0
flow_001.19,37.0,3.5,0
flow_201.16,27.5,3.0,0
flow_2012.11,26.0,3.0,0
flow_30.7,49.0,4.0,0
flow_10.11,56.5,4.0,0
flow_101.16,49.5,3.0,0
flow_3012.9,53.0,5.0,0
flow_10.12,24.5,2.5,0
flow_301.22,50.0,3.5,0
flow_301.23,38.5,3.5,0
flow_3012.10,25.0,3.0,0
flow_101.17,25.5,2.5,0
flow_10.13,21.0,1.5,0
flow_20.12,56.0,4.0,0
flow_001.20,74.0,3.5,0
flow_001.21,54.0,3.0,0
flow_001.22,37.0,3.0,0
flow_00.9,23.5,2.5,0
flow_00.10,21.0,1.5,0
flow_20.13,20.5,1.5,0
flow_10.14,66.0,4.0,0
flow_1012.8,60.5,4.0,0
flow_10.15,46.0,3.0,0
flow_301.24,28.5,5.5,0
flow_1012.9,40.5,4.0,0
flow_10.16,33.5,2.5,0
flow_301.25,27.5,3.0,0
flow_1012.10,34.5,4.0,0
flow_1012.11,33.5,4.0,0
flow_10.17,22.0,2.0,0
flow_201.17,68.0,3.5,0
flow_0012.6,75.5,6.5,0
flow_001.23,73.0,3.0,0
flow_00.11,63.5,3.0,0
flow_201.18,54.0,4.0,0
flow_201.19,51.0,3.0,0
flow_001.24,64.0,2.5,0
flow_00.12,35.5,2.5,0
flow_201.20,43.5,3.0,0
flow_20.14,39.5,2.5,0
flow_20.15,32.0,2.5,0
flow_201.21,31.5,2.5,0
flow_00.13,21.0,1.5,0
flow_201.22,31.5,3.0,0
flow_201.23,27.0,3.0,0
flow_0012.7,24.0,3.0,0
flow_301.26,62.0,3.5,0
flow_101.18,25.5,2.5,0
flow_301.27,58.5,3.0,0
flow_301.28,38.0,3.0,0
flow_3012.11,36.5,3.5,0
flow_301.29,34.5,3.0,0
flow_301.30,32.5,3.0,0
flow_30.8,21.0,2.0,0
flow_1012.12,26.5,3.5,0
flow_301.31,26.5,3.0,0
flow_001.25,69.0,3.5,0
flow_201.24,61.5,3.5,0
flow_0012.8,56.5,3.5,0
flow_201.25,62.0,6.5,0
flow_00.14,39.5,2.5,0
flow_001.26,50.0,3.5,0
flow_20.16,55.0,3.5,0
flow_201.26,55.5,3.0,0
flow_001.27,25.5,2.5,0
flow_2012.12,56.5,4.0,0
flow_0012.9,25.5,3.5,0
flow_001.28,24.5,2.0,0
flow_201.27,49.5,6.0,0
flow_00.15,22.0,2.0,0
flow_301.32,63.5,3.5,0
flow_301.33,58.5,3.0,0
flow_101.19,23.5,2.0,0
flow_301.34,25.5,2.5,0
flow_30.9,21.5,2.0,0
flow_10.18,22.0,2.0,0
flow_301.35,25.0,2.5,0
flow_20.17,67.5,4.0,0
flow_001.29,52.5,3.5,0
flow_201.28,68.0,3.0,0
flow_201.29,52.5,3.5,0
flow_001.30,27.0,3.0,0
flow_201.30,38.0,3.5,0
flow_001.31,27.0,3.0,0
flow_001.32,26.0,3.0,0
flow_001.33,25.0,2.5,0
flow_101.20,74.0,3.5,0
flow_30.10,67.0,4.0,0
flow_10.19,72.5,3.0,0
flow_10.20,71.5,3.0,0
flow_301.36,50.0,3.5,0
flow_101.21,70.0,3.0,0
flow_301.37,26.0,3.0,0
flow_101.22,42.0,3.5,0
flow_30.11,22.5,2.0,0
flow_10.21,21.5,2.0,0
flow_301.38,26.5,2.5,0
flow_101.23,26.0,2.5,0
flow_101.24,26.0,2.5,0
flow_10.22,22.5,2.0,0
flow_00.16,68.0,4.0,0
flow_0012.10,42.0,4.0,0
flow_001.34,37.5,2.5,0
flow_0012.11,34.0,3.0,0
flow_2012.13,25.5,3.5,0
flow_0012.12,23.5,3.0,0
flow_201.31,28.5,5.5,0
flow_00.17,21.0,1.5,0
flow_001.0,25.0,2.5,0
flow_30.0,41.0,4.0,0
flow_101.0,29.0,3.5,0
flow_301.0,26.5,3.0,0
flow_1012.0,23.5,3.0,0
flow_1012.1,24.0,3.0,0
flow_1012.2,25.0,3.5,0
flow_101.1,25.0,2.5,0
flow_20.0,61.0,4.0,0
flow_001.1,49.5,3.5,0
flow_2012.0,58.0,4.0,0
flow_00.0,41.0,6.0,0
flow_2012.1,35.5,6.5,0
flow_001.2,45.0,3.5,0
flow_20.1,24.0,2.5,0
flow_201.0,29.0,3.5,0
flow_00.1,20.5,1.5,0
flow_20.2,23.5,2.0,0
flow_0012.0,23.5,2.5,0
flow_201.1,25.5,2.5,0
flow_301.1,74.5,3.5,0
flow_3012.0,46.5,4.0,0
flow_1012.3,50.0,7.0,0
flow_301.2,27.0,3.0,0
flow_101.2,41.0,3.5,0
flow_301.3,25.5,3.0,0
flow_101.3,40.0,3.0,0
flow_101.4,33.0,3.0,0
flow_3012.1,25.5,3.5,0
flow_1012.4,24.0,2.5,0
flow_101.5,24.5,2.5,0
flow_0012.1,58.0,4.5,0
flow_201.2,30.0,6.5,0
flow_0012.2,47.5,5.5,0
flow_001.3,25.0,2.5,0
flow_201.3,25.0,2.5,0
flow_30.1,54.0,4.0,0
flow_1012.5,67.5,7.5,0
flow_101.6,48.5,3.5,0
flow_301.4,25.5,3.0,0
flow_30.2,22.5,2.0,0
flow_301.5,27.0,3.0,0
flow_301.6,25.5,3.0,0
flow_301.7,24.5,2.5,0
flow_20.3,66.0,4.0,0
flow_001.4,56.0,3.5,0
flow_201.4,67.5,3.0,0
flow_20.4,59.5,3.0,0
flow_00.2,20.0,1.5,0
flow_201.5,53.5,3.0,0
flow_2012.2,26.0,3.5,0
flow_30.3,27.5,3.5,0
flow_10.0,54.5,4.0,0
flow_1012.6,55.5,3.5,0
flow_1012.7,24.5,3.0,0
flow_301.8,25.5,2.5,0
flow_301.9,28.5,3.0,0
flow_101.7,25.0,2.5,0
flow_10.1,22.0,2.0,0
flow_301.10,25.5,2.5,0
flow_2012.3,59.5,4.5,0
flow_00.3,71.5,6.5,0
flow_20.5,56.0,3.0,0
flow_0012.3,72.5,5.5,0
flow_001.5,64.5,3.0,0
flow_201.6,43.0,3.5,0
flow_2012.4,25.0,3.0,0
flow_201.7,25.0,2.5,0
flow_301.11,38.0,3.5,0
flow_1012.8,56.0,6.5,0
flow_1012.9,53.5,4.5,0
flow_10.2,38.0,3.0,0
flow_301.12,42.5,4.0,0
flow_101.8,34.0,2.5,0
flow_00.4,72.0,4.0,0
flow_201.8,40.5,3.5,0
flow_001.6,47.0,3.0,0
flow_2012.5,35.5,6.0,0
flow_2012.6,28.0,4.5,0
flow_00.5,49.0,5.0,0
flow_201.9,25.5,2.5,0
flow_201.10,27.5,3.5,0
flow_1012.10,59.5,4.5,0
flow_10.3,39.0,3.0,0
flow_1012.11,39.5,3.5,0
flow_101.9,38.0,2.5,0
flow_10.4,22.0,2.0,0
flow_3012.2,24.5,3.0,0
flow_20.6,64.5,4.0,0
flow_001.7,56.5,3.5,0
flow_001.8,41.5,3.0,0
flow_001.9,30.0,3.0,0
flow_0012.4,22.5,2.5,0
flow_001.10,25.5,2.5,0
flow_201.11,25.5,2.5,0
flow_301.13,72.5,3.5,0
flow_101.10,72.0,3.5,0
flow_3012.3,72.0,4.0,0
flow_301.14,26.5,3.0,0
flow_1012.12,24.0,2.5,0
flow_10.5,22.0,2.0,0
flow_20.7,22.0,2.0,0
flow_001.11,55.5,3.5,0
flow_001.12,49.5,3.0,0
flow_00.6,43.0,3.0,0
flow_20.8,21.5,2.0,0
flow_3012.4,25.0,3.0,0
flow_3012.5,26.5,3.5,0
flow_3012.6,24.0,3.0,0
flow_1012.13,24.0,3.0,0
flow_001.13,53.0,3.5,0
flow_201.12,68.0,3.5,0
flow_0012.5,31.5,4.0,0
flow_201.13,68.5,4.0,0
flow_20.9,49.0,3.0,0
flow_201.14,24.5,2.5,0
flow_2012.7,23.5,3.0,0
flow_3012.7,72.5,4.0,0
flow_101.11,65.5,7.5,0
flow_3012.8,75.5,5.0,0
flow_101.12,67.0,3.5,0
flow_10.6,65.5,3.0,0
flow_101.13,64.0,2.5,0
flow_101.14,64.0,3.0,0
flow_301.15,25.5,2.5,0
flow_101.15,62.5,3.0,0
flow_10.7,39.0,3.0,0
flow_1012.14,51.0,4.5,0
flow_30.4,20.5,1.5,0
flow_1012.15,23.0,3.0,0
flow_00.7,69.0,4.0,0
flow_201.15,75.5,3.5,0
flow_001.14,52.0,3.0,0
flow_001.15,51.0,3.0,0
flow_00.8,47.5,2.5,0
flow_001.16,25.5,2.5,0
flow_301.16,68.5,3.5,0
flow_301.17,59.5,3.5,0
flow_3012.9,43.5,3.0,0
flow_101.16,25.5,2.5,0
flow_101.17,25.5,3.0,0
flow_301.18,23.5,2.0,0
flow_1012.16,26.0,3.5,0
flow_20.10,66.0,4.0,0
flow_001.17,62.5,3.5,0
flow_201.16,52.0,3.0,0
flow_001.18,50.0,3.0,0
flow_001.19,30.5,3.0,0
flow_001.20,27.5,3.0,0
flow_2012.8,26.5,3.5,0
flow_30.5,70.5,4.0,0
flow_30.6,70.5,3.0,0
flow_101.18,25.0,2.5,0
flow_1012.17,24.5,3.0,0
flow_10.8,20.5,1.5,0
flow_001.21,34.5,3.5,0
flow_2012.9,24.0,3.0,0
flow_00.9,21.0,1.5,0
flow_201.17,26.5,3.0,0
flow_00.10,21.0,1.5,0
flow_2012.10,25.5,3.5,0
flow_0012.6,23.5,3.0,0
flow_20.11,21.0,2.0,0
flow_30.7,29.0,3.5,0
flow_101.19,29.5,3.5,0
flow_101.20,26.5,3.0,0
flow_20.12,69.0,4.0,0
flow_201.18,55.0,3.0,0
flow_20.13,21.5,2.0,0
flow_1012.18,66.0,4.0,0
flow_101.21,42.5,3.0,0
flow_301.19,30.5,6.5,0
flow_10.9,22.0,2.0,0
flow_101.22,25.0,2.5,0
flow_101.23,24.5,2.0,0
flow_00.11,65.0,4.0,0
flow_201.19,64.0,3.5,0
flow_00.12,51.0,3.0,0
flow_0012.7,44.0,3.5,0
flow_00.13,36.5,2.5,0
flow_001.22,31.5,3.0,0
flow_00.14,22.5,2.0,0
flow_10.10,69.5,4.0,0
flow_30.8,51.5,4.0,0
flow_20.0,20.5,1.5,0
flow_201.0,24.5,2.5,0
flow_0012.0,26.0,4.0,0
flow_301.0,41.0,3.5,0
flow_101.0,43.0,3.5,0
flow_1012.0,28.0,3.5,0
flow_301.1,43.0,4.0,0
flow_10.0,20.5,1.5,0
flow_30.0,23.5,2.5,0
flow_30.1,22.0,2.0,0
flow_301.2,26.0,2.5,0
flow_30.2,22.5,2.0,0
flow_301.3,27.0,3.0,0
flow_30.3,21.0,2.0,0
flow_00.0,58.0,4.0,0
flow_201.1,65.5,3.5,0
flow_00.1,46.5,3.0,0
flow_20.1,64.5,3.0,0
flow_20.2,60.0,3.0,0
flow_20.3,56.0,2.5,0
flow_201.2,46.0,3.0,0
flow_20.4,23.0,2.5,0
flow_201.3,27.5,3.0,0
flow_001.0,27.0,3.0,0
flow_001.1,27.0,3.0,0
flow_2012.0,26.0,3.5,0
flow_201.4,28.0,3.5,0
flow_301.4,55.0,3.5,0
flow_101.1,47.5,3.5,0
flow_301.5,36.5,3.5,0
flow_301.6,24.5,2.5,0
flow_301.7,24.5,2.5,0
flow_201.5,42.0,3.5,0
flow_001.2,48.0,4.0,0
flow_201.6,42.0,3.0,0
flow_201.7,27.5,3.0,0
flow_00.2,23.0,2.0,0
flow_0012.1,26.0,3.5,0
flow_20.5,21.5,2.0,0
flow_30.4,63.0,4.0,0
flow_101.2,65.0,3.5,0
flow_3012.0,39.0,4.0,0
flow_301.8,38.0,3.0,0
flow_101.3,70.0,7.0,0
flow_1012.1,68.0,3.5,0
flow_301.9,27.0,3.0,0
flow_1012.2,25.5,3.5,0
flow_20.6,67.0,4.0,0
flow_0012.2,70.0,7.5,0
flow_00.3,65.0,3.5,0
flow_201.8,44.5,3.0,0
flow_2012.1,44.0,4.0,0
flow_201.9,42.5,3.0,0
flow_2012.2,40.5,3.5,0
flow_201.10,26.0,2.5,0
flow_20.7,23.0,2.0,0
flow_00.4,21.0,1.5,0
flow_3012.1,70.5,4.5,0
flow_101.4,78.5,7.5,0
flow_30.5,53.5,3.5,0
flow_3012.2,70.0,5.5,0
flow_101.5,53.5,3.5,0
flow_3012.3,52.0,4.5,0
flow_30.6,50.5,3.0,0
flow_101.6,41.5,3.5,0
flow_301.10,49.0,3.0,0
flow_3012.4,40.5,3.5,0
flow_1012.3,34.0,4.5,0
flow_1012.4,32.5,4.5,0
flow_301.11,38.0,4.0,0
flow_1012.5,25.5,3.5,0
flow_3012.5,25.5,3.5,0
flow_001.3,59.5,3.5,0
flow_001.4,28.5,3.0,0
flow_20.8,20.5,1.5,0
flow_10.1,44.0,4.0,0
flow_301.12,74.5,3.5,0
flow_301.13,65.5,3.0,0
flow_301.14,28.5,3.0,0
flow_1012.6,25.0,3.0,0
flow_3012.6,25.0,3.0,0
flow_0012.3,68.5,4.0,0
flow_00.5,55.0,3.0,0
flow_201.11,26.5,3.0,0
flow_00.6,20.5,1.5,0
flow_201.12,24.5,2.0,0
flow_2012.3,26.0,3.5,0
flow_3012.7,74.0,4.5,0
flow_3012.8,74.5,4.0,0
flow_301.15,58.0,2.5,0
flow_101.7,42.0,7.0,0
flow_3012.9,27.5,4.0,0
flow_101.8,45.0,6.0,0
flow_10.2,34.5,3.0,0
flow_10.3,21.5,2.0,0
flow_301.16,24.5,2.5,0
flow_001.5,28.0,3.0,0
flow_2012.4,39.0,6.0,0
flow_00.7,20.5,1.5,0
flow_201.13,25.5,2.5,0
flow_001.6,24.5,2.5,0
flow_20.9,22.0,2.0,0
flow_2012.5,25.0,3.5,0
flow_1012.7,24.5,3.0,0
flow_1012.8,25.0,3.0,0
flow_30.7,21.0,1.5,0
flow_20.10,70.5,4.0,0
flow_0012.4,50.0,7.5,0
flow_00.8,30.0,3.5,0
flow_201.14,71.5,3.0,0
flow_2012.6,59.0,3.5,0
flow_20.11,30.0,2.5,0
flow_0012.5,24.0,3.0,0
flow_1012.9,57.0,4.5,0
flow_3012.10,73.5,4.5,0
flow_101.9,57.0,3.0,0
flow_301.17,48.5,3.0,0
flow_101.10,48.5,3.0,0
flow_301.18,38.5,3.0,0
flow_201.15,66.0,3.5,0
flow_00.9,52.5,4.0,0
flow_001.7,25.5,2.5,0
flow_201.16,61.0,3.0,0
flow_201.17,48.5,3.0,0
flow_201.18,24.0,2.5,0
flow_20.12,22.5,2.0,0
flow_001.8,23.5,2.0,0
flow_001.9,25.0,2.5,0
flow_2012.7,25.0,3.5,0
flow_001.10,26.5,3.0,0
flow_301.19,64.5,3.5,0
flow_301.20,32.0,3.5,0
flow_30.8,21.0,1.5,0
flow_3012.11,25.0,3.0,0
flow_301.21,27.0,3.0,0
flow_101.11,26.0,3.0,0
flow_2012.8,54.0,4.5,0
flow_0012.6,23.5,3.0,0
flow_0012.7,25.0,3.5,0
flow_20.13,23.0,2.5,0
flow_10.4,59.5,4.0,0
flow_301.22,48.0,3.5,0
flow_1012.10,62.0,4.5,0
flow_101.12,59.0,3.0,0
flow_301.23,51.5,7.0,0
flow_1012.11,31.5,4.0,0
flow_3012.12,48.0,4.0,0
flow_301.24,26.5,3.0,0
flow_001.11,41.5,3.5,0
flow_201.19,40.0,3.5,0
flow_201.20,40.0,3.0,0
flow_001.12,29.5,3.0,0
flow_00.10,26.0,3.0,0
flow_20.14,25.0,2.5,0
flow_001.13,25.0,2.5,0
flow_2012.9,25.5,3.5,0
flow_001.14,23.0,2.0,0
flow_0012.8,23.5,3.0,0
flow_3012.13,69.5,4.5,0
flow_301.25,62.0,3.0,0
flow_301.26,43.5,3.0,0
flow_30.9,34.5,2.5,0
flow_301.27,33.5,2.5,0
flow_3012.14,29.5,3.5,0
flow_101.13,26.5,3.0,0
flow_101.14,26.0,3.0,0
flow_001.15,61.5,3.5,0
flow_00.11,24.5,2.5,0
flow_00.12,21.0,1.5,0
flow_001.16,24.5,2.5,0
flow_101.15,25.0,2.5,0
flow_201.21,70.0,3.5,0
flow_001.17,75.5,3.5,0
flow_2012.10,28.5,4.0,0
flow_0012.9,75.0,4.0,0
flow_001.18,73.0,3.5,0
flow_00.13,26.5,2.5,0
flow_2012.11,25.0,3.0,0
flow_301.28,44.5,3.5,0
flow_30.10,43.0,3.0,0
flow_301.29,39.5,2.5,0
flow_301.30,33.0,2.5,0
flow_301.31,25.5,2.5,0
flow_001.19,63.0,3.5,0
flow_201.22,54.0,3.5,0
flow_001.20,54.0,3.0,0
flow_00.14,45.5,3.0,0
flow_201.23,39.0,3.5,0
flow_00.15,44.5,2.5,0
flow_001.21,45.5,3.0,0
flow_001.22,44.0,3.0,0
flow_00.16,37.5,2.5,0
flow_00.17,35.5,2.5,0
flow_00.18,33.5,2.5,0
flow_0012.10,33.0,3.5,0
flow_30.0,21.0,1.5,0
flow_30.1,21.5,2.0,0
flow_201.0,72.5,3.5,0
flow_001.0,72.0,3.5,0
flow_001.1,27.5,3.0,0
flow_2012.0,60.0,6.0,0
flow_0012.0,26.0,3.5,0
flow_2012.1,42.0,4.5,0
flow_20.0,22.0,2.0,0
flow_001.2,25.5,2.5,0
flow_201.1,25.0,2.5,0
flow_00.0,21.5,2.0,0
flow_301.0,59.0,3.5,0
flow_1012.0,28.0,6.0,0
flow_301.1,25.5,2.5,0
flow_30.2,22.5,2.0,0
flow_101.0,25.5,2.5,0
flow_101.1,25.5,2.5,0
flow_301.2,24.0,2.5,0
flow_00.1,54.5,4.0,0
flow_001.3,45.0,3.0,0
flow_201.2,26.5,3.0,0
flow_201.3,28.0,3.0,0
flow_001.4,25.0,2.5,0
flow_0012.1,24.5,3.0,0
flow_30.3,72.5,4.0,0
flow_3012.0,42.5,3.5,0
flow_1012.1,58.5,7.5,0
flow_1012.2,24.0,3.0,0
flow_10.0,20.5,2.0,0
flow_00.2,64.0,4.0,0
flow_201.4,57.5,3.5,0
flow_20.1,51.5,3.0,0
flow_001.5,46.5,3.0,0
flow_201.5,53.0,3.5,0
flow_001.6,46.5,3.5,0
flow_00.3,31.0,3.0,0
flow_201.6,36.5,3.0,0
flow_0012.2,31.5,4.0,0
flow_201.7,36.0,6.5,0
flow_20.2,21.5,2.0,0
flow_3012.1,26.5,3.5,0
flow_10.1,58.0,3.5,0
flow_101.2,65.5,7.5,0
flow_101.3,29.0,3.0,0
flow_3012.2,29.5,5.0,0
flow_001.7,60.5,3.5,0
flow_001.8,25.5,2.5,0
flow_3012.3,44.5,4.5,0
flow_10.2,70.5,6.5,0
flow_301.3,43.0,3.0,0
flow_10.3,21.0,1.5,0
flow_30.4,21.0,1.5,0
flow_101.4,27.5,3.0,0
flow_2012.2,65.0,4.5,0
flow_001.9,53.5,7.5,0
flow_201.8,26.0,3.0,0
flow_001.10,25.0,2.5,0
flow_001.11,23.5,2.0,0
flow_2012.3,23.5,3.0,0
flow_201.9,25.5,2.5,0
flow_301.4,58.5,3.5,0
flow_30.5,46.5,3.0,0
flow_10.4,40.0,3.0,0
flow_101.5,62.0,4.0,0
flow_101.6,40.0,2.5,0
flow_10.5,33.0,2.5,0
flow_2012.4,73.0,4.0,0
flow_201.10,68.5,3.0,0
flow_001.12,73.5,7.5,0
flow_2012.5,55.0,4.0,0
flow_2012.6,54.0,4.0,0
flow_001.13,78.5,7.0,0
flow_001.14,77.5,3.0,0
flow_0012.3,77.0,3.5,0
flow_2012.7,25.0,3.0,0
flow_001.15,76.5,3.5,0
flow_0012.4,71.5,3.5,0
flow_2012.8,27.5,4.5,0
flow_301.5,63.0,3.5,0
flow_301.6,58.0,3.0,0
flow_3012.4,43.5,3.5,0
flow_30.6,26.5,2.5,0
flow_1012.3,26.0,3.5,0
flow_101.7,25.5,2.5,0
flow_101.8,25.0,2.5,0
flow_2012.9,57.5,4.5,0
flow_0012.5,40.5,4.5,0
flow_201.11,48.0,3.0,0
flow_2012.10,24.0,2.5,0
flow_001.16,24.0,2.5,0
flow_201.12,25.0,2.5,0
flow_3012.5,42.5,4.0,0
flow_1012.4,68.5,4.5,0
flow_10.6,24.5,2.5,0
flow_101.9,26.0,2.5,0
flow_20.3,49.0,4.0,0
flow_00.4,71.0,4.0,0
flow_2012.11,24.0,3.0,0
flow_001.17,27.5,4.5,0
flow_0012.6,26.0,3.5,0
flow_301.7,55.0,3.5,0
flow_101.10,58.0,3.5,0
flow_10.7,27.5,2.5,0
flow_2012.12,71.5,4.0,0
flow_201.13,64.0,3.0,0
flow_001.18,61.5,7.5,0
flow_2012.13,52.5,4.0,0
flow_20.4,49.0,3.0,0
flow_001.19,26.0,3.0,0
flow_201.14,49.0,3.0,0
flow_201.15,48.0,3.0,0
flow_2012.14,23.0,2.5,0
flow_101.11,25.0,2.5,0
flow_101.12,25.5,2.5,0
flow_3012.6,23.5,3.0,0
flow_00.5,69.0,4.0,0
flow_201.16,61.5,3.5,0
flow_0012.7,65.0,4.0,0
flow_20.5,47.5,6.0,0
flow_001.20,25.0,2.0,0
flow_001.21,24.5,2.5,0
flow_20.6,21.5,2.0,0
flow_001.22,28.0,3.5,0
flow_001.23,26.5,3.0,0
flow_00.6,20.5,1.5,0
flow_30.7,71.5,4.0,0
flow_101.13,73.0,3.5,0
flow_3012.7,66.5,4.0,0
flow_1012.5,54.0,4.0,0
flow_3012.8,65.5,4.0,0
flow_1012.6,53.0,4.0,0
flow_3012.9,61.0,3.5,0
flow_301.8,56.0,2.5,0
flow_001.24,57.5,3.5,0
flow_001.25,24.5,2.0,0
flow_00.7,22.5,2.0,0
flow_201.17,25.5,2.5,0
flow_20.7,22.0,2.0,0
flow_0012.8,26.0,4.0,0
flow_00.8,22.5,2.5,0
flow_001.26,26.0,2.5,0
flow_201.18,27.5,3.0,0
flow_101.14,68.5,3.5,0
flow_301.9,54.0,3.5,0
flow_101.15,63.5,3.0,0
flow_101.16,57.5,4.0,0
flow_3012.10,26.5,3.5,0
flow_301.10,25.0,2.5,0
flow_201.19,62.0,3.5,0
flow_20.8,55.0,3.0,0
flow_201.20,52.0,3.0,0
flow_0012.9,24.5,3.0,0
flow_201.21,25.0,2.5,0
flow_101.17,65.5,3.5,0
flow_301.11,43.0,3.5,0
flow_1012.7,59.5,3.5,0
flow_3012.11,42.0,4.0,0
flow_301.12,28.5,3.0,0
flow_101.18,61.0,3.5,0
flow_001.27,51.5,3.5,0
flow_201.22,25.0,2.5,0
flow_2012.15,25.0,3.5,0
flow_1012.8,70.0,4.0,0
flow_3012.12,60.5,4.0,0
flow_201.0,24.5,2.5,0
flow_3012.0,39.5,4.5,0
flow_10.0,46.0,6.5,0
flow_101.0,24.5,2.5,0
flow_301.0,25.5,2.5,0
flow_3012.1,24.5,3.0,0
flow_00.0,28.5,3.5,0
flow_001.0,25.5,2.5,0
flow_001.1,25.5,2.5,0
flow_001.2,23.5,2.0,0
flow_3012.2,46.5,4.0,0
flow_301.1,35.0,3.0,0
flow_101.1,74.5,7.0,0
flow_0012.0,36.5,4.5,0
flow_2012.0,69.5,4.5,0
flow_2012.1,43.5,4.0,0
flow_0012.1,36.5,4.0,0
flow_0012.2,26.5,4.0,0
flow_2012.2,24.5,3.0,0
flow_20.0,21.5,1.5,0
flow_30.0,54.5,4.0,0
flow_101.2,36.0,3.5,0
flow_301.2,52.5,3.0,0
flow_301.3,33.5,3.0,0
flow_30.1,24.0,2.5,0
flow_1012.0,25.0,3.5,0
flow_101.3,26.0,2.5,0
flow_201.1,36.0,3.5,0
flow_001.3,70.5,4.0,0
flow_20.1,29.5,3.0,0
flow_001.4,42.0,3.0,0
flow_001.5,25.5,2.5,0
flow_0012.3,24.0,3.0,0
flow_00.1,20.5,1.5,0
flow_30.2,66.0,4.0,0
flow_101.4,55.0,3.5,0
flow_3012.3,39.0,4.5,0
flow_301.4,32.5,3.0,0
flow_101.5,57.0,7.0,0
flow_101.6,29.0,3.5,0
flow_301.5,24.5,2.0,0
flow_10.1,20.5,1.5,0
flow_3012.4,24.5,3.0,0
flow_101.7,26.0,2.5,0
flow_20.2,40.0,4.0,0
flow_201.2,26.0,3.0,0
flow_2012.3,25.5,3.5,0
flow_3012.5,66.0,4.5,0
flow_101.8,62.5,7.0,0
flow_1012.1,54.0,4.0,0
flow_101.9,49.0,3.0,0
flow_101.10,47.0,3.5,0
flow_101.11,45.5,3.5,0
flow_101.12,24.5,2.0,0
flow_00.2,54.0,4.0,0
flow_201.3,36.0,3.5,0
flow_001.6,45.0,3.0,0
flow_2012.4,34.5,6.0,0
flow_0012.4,44.0,3.5,0
flow_201.4,25.5,2.5,0
flow_201.5,24.5,2.5,0
flow_301.6,60.5,3.5,0
flow_101.13,46.5,3.5,0
flow_301.7,51.0,3.0,0
flow_101.14,44.5,3.5,0
flow_1012.2,42.0,3.5,0
flow_3012.6,51.0,4.0,0
flow_10.2,39.0,2.5,0
flow_301.8,34.0,3.0,0
flow_2012.5,70.5,4.5,0
flow_0012.5,59.5,4.5,0
flow_00.3,36.5,3.0,0
flow_201.6,34.5,3.5,0
flow_3012.7,74.5,5.0,0
flow_301.9,35.0,3.0,0
flow_101.15,71.0,7.5,0
flow_1012.3,31.0,4.5,0
flow_10.3,27.0,3.0,0
flow_301.10,24.5,2.5,0
flow_301.11,23.5,2.0,0
flow_00.4,64.5,4.0,0
flow_201.7,40.0,3.5,0
flow_00.5,64.5,3.0,0
flow_201.8,25.0,2.5,0
flow_001.7,31.5,3.0,0
flow_20.3,21.0,1.5,0
flow_00.6,20.5,2.0,0
flow_10.4,31.5,4.0,0
flow_101.16,26.0,2.5,0
flow_101.17,27.0,3.0,0
flow_101.18,26.0,2.5,0
flow_30.3,20.5,1.5,0
flow_301.12,23.5,2.0,0
flow_201.9,50.0,3.5,0
flow_001.8,34.5,3.5,0
flow_0012.6,36.0,4.5,0
flow_201.10,39.5,7.0,0
flow_0012.7,32.5,6.0,0
flow_0012.8,27.0,4.0,0
flow_10.5,57.5,4.0,0
flow_301.13,69.5,3.5,0
flow_10.6,23.5,2.5,0
flow_301.14,53.5,3.0,0
flow_30.4,47.5,3.0,0
flow_30.5,29.0,2.5,0
flow_301.15,24.5,2.5,0
flow_00.7,54.0,4.0,0
flow_201.11,45.0,3.5,0
flow_001.9,50.5,3.0,0
flow_001.10,27.0,3.0,0
flow_00.8,21.0,1.5,0
flow_2012.6,24.5,3.0,0
flow_2012.7,24.0,3.0,0
flow_101.19,39.5,3.5,0
flow_101.20,39.0,3.0,0
flow_101.21,31.0,3.0,0
flow_301.16,25.0,2.5,0
flow_101.22,25.5,2.5,0
flow_2012.8,75.0,4.5,0
flow_20.4,63.0,3.0,0
flow_201.12,61.0,3.0,0
flow_20.5,58.0,2.5,0
flow_201.13,47.0,3.0,0
flow_001.11,25.5,2.5,0
flow_101.23,32.5,3.5,0
flow_301.17,25.5,2.5,0
flow_301.18,26.0,3.0,0
flow_301.19,25.0,2.5,0
flow_30.6,22.5,2.0,0
flow_201.14,30.5,3.5,0
flow_001.12,40.0,4.0,0
flow_201.15,25.5,2.5,0
flow_201.16,25.0,2.5,0
flow_001.13,26.0,3.0,0
flow_30.7,39.5,4.0,0
flow_101.24,30.5,3.5,0
flow_30.8,31.0,3.5,0
flow_101.25,27.0,3.0,0
flow_301.20,25.0,2.5,0
flow_3012.8,25.0,3.0,0
flow_101.26,26.0,3.0,0
flow_301.21,25.5,2.5,0
flow_10.7,21.0,1.5,0
flow_2012.9,25.5,3.0,0
flow_201.17,25.0,2.5,0
flow_201.18,24.5,2.5,0
flow_2012.10,24.0,3.0,0
flow_10.8,61.0,4.0,0
flow_301.22,43.0,4.0,0
flow_10.9,62.0,3.5,0
flow_101.27,60.5,3.0,0
flow_101.28,54.5,3.0,0
flow_10.10,28.0,2.5,0
flow_301.23,27.5,3.0,0
flow_2012.11,33.0,4.5,0
flow_00.9,62.5,6.0,0
flow_201.19,32.0,3.0,0
flow_001.14,53.0,3.5,0
flow_00.10,43.5,3.0,0
flow_201.20,27.0,3.0,0
flow_2012.12,23.0,2.5,0
flow_30.9,67.5,4.0,0
flow_00.0,21.0,1.5,0
flow_2012.0,23.5,3.0,0
flow_2012.1,25.0,3.5,0
flow_301.0,41.0,3.5,0
flow_1012.0,52.0,6.5,0
flow_10.0,48.5,3.5,0
flow_301.1,43.5,4.0,0
flow_30.0,42.0,5.0,0
flow_10.1,21.0,1.5,0
flow_1012.1,43.5,5.0,0
flow_30.1,38.5,4.0,0
flow_30.2,37.0,3.5,0
flow_301.2,35.0,2.5,0
flow_1012.2,25.5,3.5,0
flow_2012.2,40.0,4.5,0
flow_00.1,32.5,6.0,0
flow_201.0,34.5,3.0,0
flow_0012.0,24.0,2.5,0
flow_201.1,25.5,2.5,0
flow_2012.3,28.0,4.0,0
flow_301.3,63.5,3.5,0
flow_30.3,47.5,3.0,0
flow_301.4,47.0,3.0,0
flow_301.5,37.0,3.0,0
flow_1012.3,26.0,4.0,0
flow_30.4,36.0,5.0,0
flow_20.0,71.5,4.0,0
flow_001.0,70.0,3.5,0
flow_001.1,63.5,3.0,0
flow_00.2,55.5,3.0,0
flow_20.1,20.5,1.5,0
flow_001.2,42.0,2.5,0
flow_0012.1,40.0,3.0,0
flow_0012.2,43.0,4.5,0
flow_2012.4,24.5,3.0,0
flow_0012.3,36.0,4.5,0
flow_0012.4,33.0,4.5,0
flow_201.2,25.5,2.5,0
flow_10.2,56.5,4.0,0
flow_301.6,44.0,3.5,0
flow_301.7,26.5,3.0,0
flow_201.3,64.5,3.5,0
flow_001.3,51.5,4.0,0
flow_00.3,48.0,3.0,0
flow_00.4,48.5,3.0,0
flow_00.5,43.0,3.0,0
flow_001.4,38.5,2.5,0
flow_2012.5,26.0,3.5,0
flow_001.5,24.0,2.0,0
flow_3012.0,68.5,4.0,0
flow_301.8,54.0,3.0,0
flow_101.0,77.5,7.0,0
flow_301.9,26.5,3.0,0
flow_301.10,25.5,2.5,0
flow_3012.1,24.0,3.0,0
flow_201.4,49.0,3.5,0
flow_0012.5,23.5,3.0,0
flow_201.5,24.5,2.0,0
flow_0012.6,25.5,3.5,0
flow_301.11,73.5,3.5,0
flow_101.1,52.0,3.5,0
flow_101.2,51.5,3.0,0
flow_101.3,27.5,3.0,0
flow_101.4,26.5,3.0,0
flow_00.6,69.0,4.0,0
flow_20.2,65.0,4.0,0
flow_001.6,61.5,2.5,0
flow_201.6,50.0,3.0,0
flow_00.7,58.0,3.0,0
flow_001.7,57.0,2.5,0
flow_0012.7,52.5,4.5,0
flow_001.8,34.0,2.5,0
flow_0012.8,25.5,3.5,0
flow_201.7,27.0,3.0,0
flow_101.5,60.0,3.5,0
flow_10.3,46.0,3.0,0
flow_1012.4,41.5,3.5,0
flow_301.12,26.0,3.0,0
flow_20.3,42.0,4.0,0
flow_001.9,60.5,3.5,0
flow_001.10,24.5,2.5,0
flow_2012.6,25.5,3.5,0
flow_20.4,21.5,2.0,0
flow_001.11,28.0,3.5,0
flow_00.8,24.0,2.5,0
flow_201.8,26.5,3.0,0
flow_201.9,24.5,2.5,0
flow_301.13,62.5,4.0,0
flow_301.14,53.0,3.5,0
flow_301.15,33.5,3.0,0
flow_10.4,20.5,1.5,0
flow_301.16,27.5,3.5,0
flow_301.17,26.0,3.0,0
flow_3012.2,23.0,2.5,0
flow_20.5,42.5,4.0,0
flow_0012.9,73.5,7.5,0
flow_00.9,70.0,3.5,0
flow_201.10,26.5,2.5,0
flow_00.10,59.0,3.0,0
flow_001.12,27.5,3.0,0
flow_00.11,64.0,4.0,0
flow_201.11,75.0,3.5,0
flow_00.12,63.5,3.0,0
flow_2012.7,77.0,5.5,0
flow_201.12,34.5,3.0,0
flow_20.6,25.0,2.5,0
flow_001.13,67.5,2.5,0
flow_20.7,22.0,2.0,0
flow_001.14,66.5,3.0,0
flow_0012.10,23.5,3.0,0
flow_001.15,28.0,3.0,0
flow_301.18,58.0,3.5,0
flow_30.5,23.0,2.0,0
flow_3012.3,24.5,3.0,0
flow_301.19,23.5,2.0,0
flow_2012.8,72.0,4.5,0
flow_0012.11,62.5,4.5,0
flow_20.8,22.5,2.0,0
flow_001.16,25.5,2.5,0
flow_201.13,26.5,3.0,0
flow_301.20,50.5,3.5,0
flow_301.21,25.0,2.5,0
flow_30.6,21.0,1.5,0
flow_101.6,24.0,2.5,0
flow_30.7,21.0,1.5,0
flow_30.8,21.5,2.0,0
flow_00.13,67.5,4.0,0
flow_201.14,54.5,3.5,0
flow_0012.12,71.0,4.5,0
flow_201.15,59.0,7.0,0
flow_0012.13,72.0,5.5,0
flow_00.14,68.5,3.5,0
flow_001.17,68.0,2.5,0
flow_001.18,49.5,3.5,0
flow_001.19,43.5,3.5,0
flow_001.20,29.0,3.5,0
flow_3012.4,29.5,4.0,0
flow_10.5,62.0,6.5,0
flow_301.22,24.5,2.5,0
flow_1012.5,24.5,3.0,0
flow_101.7,25.0,2.5,0
flow_301.23,28.0,3.5,0
flow_1012.6,26.0,3.5,0
flow_00.15,71.5,4.0,0
flow_201.16,69.0,3.5,0
flow_00.16,67.0,3.0,0
flow_0012.14,45.0,3.5,0
flow_2012.9,71.0,6.0,0
flow_00.17,21.5,2.0,0
flow_201.17,69.5,3.0,0
flow_201.18,66.5,3.0,0
flow_20.9,59.0,3.0,0
flow_2012.10,52.5,3.5,0
flow_201.19,51.0,3.0,0
flow_2012.11,42.0,3.0,0
flow_2012.12,41.0,3.5,0
flow_00.18,22.0,2.0,0
flow_0012.15,26.5,3.5,0
flow_201.20,35.5,3.5,0
flow_201.21,34.5,3.0,0
flow_301.24,58.5,3.5,0
flow_1012.7,70.5,6.5,0
flow_3012.5,57.5,4.0,0
flow_301.25,50.5,3.0,0
flow_101.8,62.5,4.0,0
flow_301.26,49.5,3.0,0
flow_3012.6,48.0,3.5,0
flow_301.27,44.0,2.5,0
flow_101.9,25.5,2.5,0
flow_301.28,25.5,2.5,0
flow_30.9,23.0,2.0,0
flow_0012.16,59.5,4.5,0
flow_00.19,49.5,3.0,0
flow_201.22,66.5,7.0,0
flow_0012.17,46.5,4.0,0
flow_0012.18,29.0,4.0,0
flow_001.21,26.0,2.5,0
flow_00.20,22.5,2.0,0
flow_201.23,67.0,7.0,0
flow_2012.13,64.0,4.0,0
flow_0012.19,25.0,3.0,0
flow_201.24,66.5,3.5,0
flow_201.25,48.0,3.0,0
flow_0012.20,25.5,3.5,0
flow_201.26,34.0,6.5,0
flow_301.29,34.5,3.5,0
flow_301.30,34.5,3.0,0
flow_301.31,28.0,3.0,0
flow_301.32,23.5,2.0,0
flow_2012.14,58.5,4.5,0
flow_00.21,65.0,6.5,0
flow_0012.21,38.5,4.0,0
flow_2012.15,53.0,5.5,0
flow_0012.22,27.0,4.0,0
flow_20.10,31.5,4.5,0
flow_20.11,29.0,3.0,0
flow_20.12,28.5,3.0,0
flow_201.27,26.5,3.0,0
flow_1012.8,48.0,4.5,0
flow_001.0,24.0,2.5,0
flow_20.0,20.5,1.5,0
flow_0012.0,24.5,3.0,0
flow_1012.0,47.0,4.5,0
flow_101.0,45.5,3.0,0
flow_101.1,25.5,2.5,0
flow_101.2,25.5,2.5,0
flow_3012.0,24.5,3.5,0
flow_00.0,71.0,4.0,0
flow_00.1,54.0,3.5,0
flow_00.2,52.5,3.0,0
flow_00.3,20.5,1.5,0
flow_301.0,55.0,3.5,0
flow_101.3,42.5,3.5,0
flow_30.0,40.0,3.0,0
flow_101.4,33.0,3.5,0
flow_30.1,38.5,3.0,0
flow_30.2,20.5,2.0,0
flow_30.3,20.5,1.5,0
flow_3012.1,26.5,3.5,0
flow_101.5,28.5,5.5,0
flow_00.4,52.5,4.0,0
flow_201.0,33.0,3.5,0
flow_201.1,32.0,3.5,0
flow_20.1,21.0,1.5,0
flow_001.1,25.5,2.5,0
flow_0012.1,25.5,3.5,0
flow_001.2,28.0,3.5,0
flow_101.6,43.5,3.5,0
flow_301.1,23.5,2.0,0
flow_1012.1,27.5,4.0,0
flow_1012.2,24.5,3.0,0
flow_301.2,27.0,3.0,0
flow_3012.2,27.5,4.0,0
flow_20.2,69.0,4.0,0
flow_00.5,27.5,3.5,0
flow_001.3,25.0,2.5,0
flow_201.2,63.0,3.0,0
flow_001.4,24.0,2.5,0
flow_201.3,59.5,3.5,0
flow_20.3,48.5,3.0,0
flow_201.4,46.5,2.5,0
flow_00.6,21.0,1.5,0
flow_201.5,44.0,3.0,0
flow_201.6,41.5,3.5,0
flow_001.5,26.0,3.0,0
flow_0012.2,24.5,3.0,0
flow_201.7,28.0,3.5,0
flow_30.4,68.0,4.0,0
flow_101.7,46.5,3.5,0
flow_30.5,67.0,3.0,0
flow_1012.3,48.5,6.0,0
flow_30.6,45.0,5.5,0
flow_101.8,43.0,3.0,0
flow_3012.3,34.5,4.5,0
flow_10.0,43.0,3.5,0
flow_10.1,23.5,2.0,0
flow_301.3,25.0,2.5,0
flow_2012.0,34.5,4.5,0
flow_201.8,31.0,3.0,0
flow_001.6,63.5,7.0,0
flow_001.7,64.0,3.5,0
flow_001.8,45.0,3.0,0
flow_001.9,43.5,3.0,0
flow_0012.3,25.0,3.0,0
flow_101.9,60.0,3.5,0
flow_301.4,32.5,3.5,0
flow_101.10,56.5,3.0,0
flow_30.7,22.5,2.0,0
flow_301.5,27.0,3.0,0
flow_1012.4,27.5,4.5,0
flow_10.2,24.0,2.5,0
flow_301.6,27.5,3.0,0
flow_10.3,23.0,2.0,0
flow_3012.4,24.5,3.0,0
flow_30.8,21.5,1.5,0
flow_301.7,27.0,3.0,0
flow_301.8,28.0,3.0,0
flow_201.9,40.0,3.5,0
flow_0012.4,49.5,6.5,0
flow_00.7,36.5,3.5,0
flow_00.8,31.0,3.0,0
flow_201.10,25.5,2.5,0
flow_00.9,29.0,2.5,0
flow_0012.5,28.5,3.0,0
flow_001.10,28.0,3.0,0
flow_001.11,27.0,3.0,0
flow_001.12,26.5,3.0,0
flow_00.10,22.0,2.0,0
flow_001.13,26.0,2.5,0
flow_3012.5,72.0,4.0,0
flow_10.4,39.0,6.5,0
flow_1012.5,32.0,4.0,0
flow_101.11,24.5,2.5,0
flow_30.9,22.0,2.0,0
flow_30.10,20.5,1.5,0
flow_20.4,55.5,4.0,0
flow_201.11,55.5,3.0,0
flow_001.14,25.5,2.5,0
flow_30.11,66.5,4.0,0
flow_1012.6,74.5,7.5,0
flow_1012.7,63.5,4.5,0
flow_301.9,31.0,3.5,0
flow_101.12,26.0,3.0,0
flow_301.10,26.5,3.0,0
flow_30.12,21.5,2.0,0
flow_2012.1,36.0,4.0,0
flow_001.15,25.0,2.5,0
flow_0012.6,26.0,3.5,0
flow_201.12,26.5,3.0,0
flow_301.11,73.0,3.5,0
flow_101.13,26.5,3.0,0
flow_201.13,67.0,3.5,0
flow_001.16,64.5,3.5,0
flow_001.17,64.5,3.0,0
flow_001.18,38.5,3.5,0
flow_001.19,37.5,3.5,0
flow_001.20,36.5,4.0,0
flow_00.11,32.5,3.0,0
flow_00.12,31.5,2.5,0
flow_201.14,24.5,2.5,0
flow_001.21,25.5,2.5,0
flow_10.5,45.0,4.0,0
flow_301.12,60.5,3.5,0
flow_301.13,60.5,3.0,0
flow_101.14,41.5,3.0,0
flow_301.14,25.5,2.5,0
flow_201.15,60.0,3.5,0
flow_0012.7,75.0,6.5,0
flow_001.22,69.5,3.5,0
flow_0012.8,64.0,3.5,0
flow_00.13,60.0,2.5,0
flow_20.5,26.5,6.0,0
flow_00.14,61.0,3.0,0
flow_201.16,27.0,3.0,0
flow_001.23,24.5,2.5,0
flow_101.15,24.0,2.0,0
flow_30.13,68.5,4.0,0
flow_301.15,69.0,3.0,0
flow_3012.6,46.0,4.0,0
flow_101.16,24.5,2.5,0
flow_301.16,24.5,2.5,0
flow_30.14,22.5,2.0,0
flow_3012.7,24.5,3.0,0
flow_101.17,25.5,2.5,0
flow_301.17,24.0,2.0,0
flow_001.24,75.0,3.5,0
flow_201.17,53.0,3.5,0
flow_2012.2,51.0,4.0,0
flow_20.6,36.5,3.0,0
flow_001.25,78.0,7.0,0
flow_00.15,55.5,3.0,0
flow_301.18,67.0,3.5,0
flow_101.18,64.5,3.5,0
flow_301.19,32.0,3.5,0
flow_301.20,26.0,2.5,0
flow_10.6,20.5,1.5,0
flow_101.19,24.5,2.5,0
flow_30.15,20.5,1.5,0
flow_2012.3,59.0,4.0,0
flow_00.16,64.5,6.5,0
flow_2012.4,29.5,6.0,0
flow_001.26,37.0,3.5,0
flow_0012.9,33.5,3.5,0
flow_2012.5,23.5,3.0,0
flow_3012.8,53.5,4.5,0
flow_30.16,51.0,3.0,0
flow_101.20,74.0,7.5,0
flow_3012.9,52.5,4.0,0
flow_101.21,73.5,4.0,0
flow_1012.8,52.0,4.0,0
flow_101.22,37.0,3.0,0
flow_101.23,34.5,3.5,0
flow_0012.10,28.5,4.0,0
flow_201.18,44.0,7.0,0
flow_201.19,36.0,3.5,0
flow_0012.11,26.5,3.5,0
flow_301.21,49.5,3.5,0
flow_1012.9,26.0,4.0,0
flow_301.22,36.0,3.5,0
flow_3012.10,35.0,3.5,0
flow_301.23,25.5,2.5,0
flow_2012.6,32.5,4.0,0
flow_001.27,41.0,4.0,0
flow_1012.0,33.0,4.5,0
flow_101.0,26.0,3.0,0
flow_2012.0,66.5,4.5,0
flow_001.0,56.0,7.0,0
flow_2012.1,48.5,5.0,0
flow_201.0,46.0,3.0,0
flow_201.1,30.0,3.0,0
flow_301.0,46.5,3.5,0
flow_1012.1,24.5,3.0,0
flow_101.1,24.5,2.0,0
flow_1012.2,24.0,2.5,0
flow_30.0,21.0,1.5,0
flow_10.0,21.0,1.5,0
flow_201.2,43.5,3.5,0
flow_001.1,33.5,3.5,0
flow_201.3,24.0,2.5,0
flow_001.2,27.0,3.0,0
flow_001.3,26.5,3.0,0
flow_201.4,24.5,2.5,0
flow_10.1,68.5,4.0,0
flow_301.1,64.5,3.5,0
flow_1012.3,41.0,4.0,0
flow_30.1,22.0,2.0,0
flow_101.2,25.5,2.5,0
flow_101.3,28.0,3.5,0
flow_101.4,24.5,2.5,0
flow_1012.4,24.5,3.0,0
flow_2012.2,60.0,4.5,0
flow_20.0,34.0,3.0,0
flow_001.4,66.5,7.0,0
flow_00.0,59.0,3.5,0
flow_001.5,42.5,2.5,0
flow_00.1,38.0,3.0,0
flow_001.6,43.0,3.5,0
flow_00.2,22.5,2.0,0
flow_201.5,24.5,2.0,0
flow_301.2,49.0,3.5,0
flow_1012.5,35.0,5.5,0
flow_1012.6,30.0,4.5,0
flow_10.2,24.0,2.5,0
flow_1012.7,28.5,4.5,0
flow_301.3,47.0,7.0,0
flow_101.5,25.0,2.5,0
flow_001.7,64.5,3.5,0
flow_0012.0,56.0,4.5,0
flow_20.1,19.5,1.5,0
flow_10.3,55.5,4.0,0
flow_3012.0,66.5,7.5,0
flow_101.6,45.5,3.0,0
flow_10.4,29.0,3.0,0
flow_001.8,66.5,3.5,0
flow_201.6,37.5,3.5,0
flow_00.3,48.0,3.0,0
flow_201.7,37.0,3.0,0
flow_20.2,21.5,2.0,0
flow_0012.1,24.5,3.0,0
flow_001.9,24.0,2.5,0
flow_3012.1,29.5,4.0,0
flow_30.2,20.5,1.5,0
flow_10.5,22.0,2.0,0
flow_001.10,61.5,3.5,0
flow_0012.2,57.0,4.0,0
flow_001.11,52.5,3.0,0
flow_30.3,49.5,4.0,0
flow_1012.8,65.0,7.5,0
flow_1012.9,59.0,4.0,0
flow_10.6,48.0,3.5,0
flow_301.4,56.5,3.5,0
flow_301.5,27.0,3.0,0
flow_3012.2,26.5,3.5,0
flow_10.7,26.0,5.0,0
flow_201.8,57.5,4.0,0
flow_00.4,57.0,3.5,0
flow_0012.3,69.0,6.5,0
flow_201.9,50.0,3.5,0
flow_0012.4,47.5,4.0,0
flow_201.10,37.5,3.5,0
flow_2012.3,37.0,4.0,0
flow_00.5,21.5,1.5,0
flow_00.6,23.0,2.0,0
flow_001.12,27.5,3.5,0
flow_101.7,28.0,3.5,0
flow_3012.3,25.5,3.5,0
flow_301.6,26.0,3.0,0
flow_2012.4,72.5,4.5,0
flow_001.13,49.0,7.5,0
flow_2012.5,65.0,5.5,0
flow_2012.6,49.5,4.5,0
flow_2012.7,47.5,4.0,0
flow_201.11,45.0,2.5,0
flow_20.3,37.5,2.5,0
flow_001.14,23.5,2.0,0
flow_00.7,21.5,2.0,0
flow_0012.5,23.5,3.0,0
flow_301.7,72.5,3.5,0
flow_101.8,67.5,4.0,0
flow_301.8,71.5,3.0,0
flow_30.4,62.0,3.0,0
flow_101.9,60.5,3.5,0
flow_101.10,59.0,3.5,0
flow_30.5,26.5,3.0,0
flow_101.11,52.0,3.5,0
flow_101.12,46.5,3.5,0
flow_30.6,20.5,1.5,0
flow_10.8,30.0,3.0,0
flow_10.9,27.0,2.5,0
flow_2012.8,68.0,4.0,0
flow_201.12,44.0,2.5,0
flow_001.15,73.5,7.0,0
flow_2012.9,46.0,4.5,0
flow_00.8,66.5,6.0,0
flow_001.16,45.5,3.0,0
flow_001.17,26.5,2.5,0
flow_201.13,28.0,3.5,0
flow_201.14,26.0,3.0,0
flow_001.18,25.0,2.5,0
flow_30.7,45.5,4.0,0
flow_30.8,21.5,1.5,0
flow_101.13,26.0,3.0,0
flow_101.14,25.5,2.5,0
flow_101.15,26.0,3.0,0
flow_201.15,54.5,3.5,0
flow_0012.6,53.5,6.5,0
flow_201.16,48.0,3.5,0
flow_201.17,25.0,2.5,0
flow_201.18,26.5,3.0,0
flow_1012.10,59.5,4.0,0
flow_1012.11,51.5,3.5,0
flow_10.10,39.5,3.0,0
flow_10.11,21.0,2.0,0
flow_001.19,58.5,3.5,0
flow_201.19,50.0,4.0,0
flow_001.20,31.0,3.0,0
flow_201.20,39.0,3.5,0
flow_20.4,22.0,2.0,0
flow_101.16,49.0,3.5,0
flow_10.12,43.0,3.0,0
flow_101.17,25.0,2.5,0
flow_101.18,26.0,3.0,0
flow_30.9,20.5,1.5,0
flow_301.9,26.0,3.0,0
flow_001.21,70.5,3.5,0
flow_001.22,48.5,3.0,0
flow_2012.10,26.5,3.5,0
flow_201.21,26.0,2.5,0
flow_301.10,26.5,3.0,0
flow_301.11,28.0,3.5,0
flow_101.19,25.5,2.5,0
flow_201.22,58.5,3.5,0
flow_001.23,71.0,3.5,0
flow_201.23,59.5,3.5,0
flow_201.24,57.0,3.5,0
flow_201.25,28.5,3.0,0
flow_00.9,20.5,1.5,0
flow_001.24,26.5,2.5,0
flow_2012.11,25.5,3.5,0
flow_0012.7,25.0,3.5,0
flow_101.20,39.5,3.5,0
flow_00.0,21.0,1.5,0
flow_201.0,25.5,2.5,0
flow_2012.0,24.0,2.5,0
flow_30.0,27.0,3.5,0
flow_101.0,24.5,2.5,0
flow_1012.0,23.5,2.5,0
flow_3012.0,25.5,3.5,0
flow_3012.1,25.5,3.5,0
flow_201.1,63.0,3.5,0
flow_0012.0,51.0,6.5,0
flow_2012.1,63.0,4.5,0
flow_20.0,46.5,3.0,0
flow_2012.2,54.5,4.5,0
flow_001.0,49.5,3.5,0
flow_001.1,49.0,3.5,0
flow_201.2,25.5,2.5,0
flow_301.0,54.5,3.5,0
flow_1012.1,76.0,6.5,0
flow_3012.2,54.0,3.5,0
flow_10.0,61.5,4.5,0
flow_101.1,26.5,3.0,0
flow_30.1,22.0,2.0,0
flow_10.1,20.5,1.5,0
flow_30.2,21.5,2.0,0
flow_301.1,27.5,3.0,0
flow_2012.3,73.5,4.5,0
flow_201.3,64.5,3.0,0
flow_001.2,67.5,7.5,0
flow_2012.4,54.0,4.0,0
flow_001.3,66.5,3.5,0
flow_00.1,64.0,3.0,0
flow_201.4,25.0,2.5,0
flow_001.4,54.0,3.0,0
flow_0012.1,30.5,3.5,0
flow_2012.5,25.0,3.0,0
flow_20.1,20.0,1.5,0
flow_301.2,55.0,3.5,0
flow_1012.2,41.5,6.5,0
flow_301.3,29.5,3.5,0
flow_3012.3,27.5,3.5,0
flow_301.4,27.0,2.5,0
flow_101.2,26.0,3.0,0
flow_301.5,25.0,2.5,0
flow_301.6,28.0,3.5,0
flow_2012.6,77.5,5.0,0
flow_201.5,69.5,3.0,0
flow_001.5,68.5,8.5,0
flow_0012.2,66.0,4.0,0
flow_2012.7,71.5,4.5,0
flow_0012.3,41.5,4.0,0
flow_20.2,67.5,6.0,0
flow_001.6,33.5,3.0,0
flow_2012.8,56.0,5.5,0
flow_00.2,24.5,2.5,0
flow_101.3,71.5,3.5,0
flow_301.7,63.0,3.5,0
flow_10.2,36.5,3.0,0
flow_1012.3,37.0,3.5,0
flow_301.8,26.0,3.0,0
flow_30.3,23.5,2.5,0
flow_301.9,26.0,2.5,0
flow_3012.4,25.5,3.5,0
flow_00.3,48.5,4.0,0
flow_201.6,73.5,3.5,0
flow_20.3,52.5,3.0,0
flow_2012.9,49.0,3.5,0
flow_20.4,21.0,1.5,0
flow_2012.10,24.0,2.5,0
flow_001.7,25.5,2.5,0
flow_201.7,27.0,3.0,0
flow_301.10,73.5,4.0,0
flow_30.4,49.0,3.0,0
flow_301.11,24.5,2.0,0
flow_3012.5,26.5,3.5,0
flow_301.12,24.5,2.5,0
flow_201.8,45.5,3.5,0
flow_0012.4,49.0,6.5,0
flow_2012.11,47.0,4.5,0
flow_0012.5,33.0,4.5,0
flow_00.4,29.0,3.0,0
flow_00.5,24.0,2.5,0
flow_201.9,25.5,2.5,0
flow_1012.4,30.5,4.5,0
flow_301.13,75.0,7.5,0
flow_301.14,56.5,3.5,0
flow_301.15,28.0,3.5,0
flow_301.16,25.5,2.5,0
flow_301.17,26.0,2.5,0
flow_301.18,26.5,3.0,0
flow_1012.5,24.5,3.0,0
flow_2012.12,62.0,4.5,0
flow_20.5,20.5,1.5,0
flow_20.6,21.0,1.5,0
flow_101.4,65.0,3.5,0
flow_301.19,71.5,3.5,0
flow_301.20,29.0,3.0,0
flow_10.3,20.5,1.5,0
flow_001.8,56.5,3.5,0
flow_201.10,67.0,4.0,0
flow_2012.13,23.5,3.0,0
flow_3012.6,39.0,4.5,0
flow_101.5,26.5,2.5,0
flow_10.4,22.5,2.0,0
flow_101.6,24.5,2.5,0
flow_2012.14,58.5,4.5,0
flow_00.6,46.5,6.5,0
flow_201.11,56.5,3.5,0
flow_00.7,21.5,2.0,0
flow_201.12,46.0,3.5,0
flow_201.13,34.0,3.5,0
flow_201.14,32.5,3.0,0
flow_301.21,50.5,3.5,0
flow_3012.7,48.5,4.0,0
flow_30.5,37.0,3.0,0
flow_301.22,28.5,2.5,0
flow_00.8,71.0,4.0,0
flow_0012.6,58.0,3.5,0
flow_001.9,49.5,3.0,0
flow_001.10,41.0,3.0,0
flow_001.11,27.5,3.0,0
flow_201.15,26.5,3.0,0
flow_001.12,24.0,2.5,0
flow_301.23,57.5,3.5,0
flow_101.7,62.5,3.5,0
flow_101.8,27.5,3.0,0
flow_301.24,24.0,2.5,0
flow_00.9,52.0,4.0,0
flow_201.16,72.5,4.0,0
flow_00.10,33.5,3.0,0
flow_201.17,57.0,3.5,0
flow_20.7,53.5,3.0,0
flow_00.11,32.5,3.0,0
flow_201.18,34.0,3.0,0
flow_10.5,37.5,4.0,0
flow_301.25,35.0,3.5,0
flow_301.26,26.5,2.5,0
flow_20.8,64.5,4.0,0
flow_2012.15,50.0,4.0,0
flow_2012.16,25.0,3.5,0
flow_2012.17,24.5,3.0,0
flow_2012.18,27.0,4.0,0
flow_30.6,39.5,4.0,0
flow_1012.6,55.0,7.5,0
flow_10.6,52.5,3.5,0
flow_101.9,34.0,3.0,0
flow_10.7,24.0,2.0,0
flow_10.8,22.5,2.0,0
flow_1012.7,25.5,3.0,0
flow_10.9,21.5,2.0,0
flow_0012.7,65.5,4.5,0
flow_001.13,61.0,3.0,0
flow_301.27,73.5,3.5,0
flow_1012.8,59.5,6.5,0
flow_3012.8,51.5,3.5,0
flow_30.7,49.5,3.0,0
flow_101.10,60.0,3.5,0
flow_101.11,57.0,3.0,0
flow_301.28,24.5,2.5,0
flow_0012.8,42.0,4.0,0
flow_001.14,42.5,3.0,0
flow_001.15,42.5,3.5,0
flow_201.19,25.0,2.5,0
flow_001.16,40.0,3.5,0
flow_001.17,25.0,2.5,0
flow_201.20,25.5,2.5,0
flow_201.0,26.0,3.0,0
flow_001.0,26.0,3.0,0
flow_301.0,42.5,4.5,0
flow_3012.0,39.5,4.0,0
flow_1012.0,50.0,7.5,0
flow_301.1,26.0,3.0,0
flow_2012.0,73.5,4.0,0
flow_0012.0,61.5,4.5,0
flow_201.1,69.5,3.0,0
flow_001.1,34.5,3.5,0
flow_201.2,67.5,3.0,0
flow_20.0,35.5,2.5,0
flow_201.3,67.0,3.0,0
flow_0012.1,26.0,3.0,0
flow_0012.2,26.0,3.5,0
flow_201.4,27.5,3.0,0
flow_001.2,25.0,2.5,0
flow_201.5,27.0,3.0,0
flow_30.0,45.5,4.0,0
flow_101.0,76.0,4.0,0
flow_101.1,59.0,3.0,0
flow_101.2,58.5,3.5,0
flow_101.3,35.0,3.5,0
flow_30.1,20.5,1.5,0
flow_101.4,25.0,2.5,0
flow_101.5,25.0,2.5,0
flow_10.0,21.5,1.5,0
flow_2012.1,60.0,4.5,0
flow_20.1,49.5,3.0,0
flow_001.3,55.5,7.5,0
flow_201.6,33.5,2.5,0
flow_001.4,46.5,3.5,0
flow_201.7,33.0,2.5,0
flow_201.8,33.0,3.5,0
flow_001.5,26.0,3.0,0
flow_001.6,26.0,3.0,0
flow_0012.3,24.5,3.0,0
flow_20.2,22.0,2.5,0
flow_30.2,34.5,4.0,0
flow_1012.1,66.0,7.5,0
flow_3012.1,38.0,4.5,0
flow_3012.2,26.5,3.5,0
flow_10.1,39.0,5.5,0
flow_10.2,23.0,2.0,0
flow_1012.2,23.5,3.0,0
flow_10.3,22.0,2.0,0
flow_2012.2,66.0,4.5,0
flow_00.0,69.0,6.5,0
flow_20.3,62.5,3.0,0
flow_201.9,63.0,3.0,0
flow_20.4,44.5,2.5,0
flow_2012.3,40.5,3.5,0
flow_001.7,28.5,3.5,0
flow_00.1,20.0,1.5,0
flow_201.10,24.5,2.5,0
flow_101.6,73.5,3.5,0
flow_10.4,70.0,3.0,0
flow_1012.3,65.5,3.5,0
flow_10.5,54.0,2.5,0
flow_301.2,26.0,3.0,0
flow_101.7,46.5,2.5,0
flow_1012.4,42.0,3.5,0
flow_101.8,37.5,2.5,0
flow_10.6,21.0,1.5,0
flow_001.8,70.5,3.5,0
flow_201.11,57.0,3.5,0
flow_2012.4,55.5,3.5,0
flow_0012.4,40.0,4.0,0
flow_201.12,37.0,3.5,0
flow_201.13,35.5,3.5,0
flow_201.14,26.5,2.5,0
flow_001.9,25.0,2.5,0
flow_00.2,22.0,2.0,0
flow_3012.3,43.5,4.5,0
flow_1012.5,64.5,5.0,0
flow_101.9,57.0,3.0,0
flow_3012.4,26.0,3.5,0
flow_10.7,22.0,2.0,0
flow_101.10,26.5,3.0,0
flow_301.3,24.5,2.5,0
flow_0012.5,73.5,4.5,0
flow_00.3,69.0,3.0,0
flow_20.5,68.0,6.5,0
flow_201.15,66.5,3.5,0
flow_0012.6,67.0,4.0,0
flow_2012.5,33.5,3.5,0
flow_001.10,65.0,3.0,0
flow_20.6,20.5,1.5,0
flow_2012.6,23.5,2.5,0
flow_0012.7,25.5,3.5,0
flow_10.8,56.5,4.0,0
flow_301.4,53.0,3.5,0
flow_00.4,54.5,4.0,0
flow_20.7,40.5,4.0,0
flow_201.16,26.0,2.0,0
flow_201.17,28.5,3.0,0
flow_201.18,26.0,3.0,0
flow_001.11,25.0,2.5,0
flow_001.12,25.5,2.5,0
flow_301.5,41.0,3.5,0
flow_101.11,37.5,3.5,0
flow_101.12,36.5,3.0,0
flow_101.13,35.0,3.0,0
flow_301.6,24.0,2.0,0
flow_20.8,20.5,1.5,0
flow_00.5,38.0,4.0,0
flow_00.6,28.5,3.0,0
flow_201.19,25.5,2.5,0
flow_001.13,25.0,2.5,0
flow_201.20,25.0,2.5,0
flow_20.9,20.5,1.5,0
flow_3012.5,57.5,4.5,0
flow_101.14,54.5,7.0,0
flow_1012.6,49.0,4.0,0
flow_101.15,46.0,2.5,0
flow_1012.7,45.0,3.5,0
flow_3012.6,25.0,3.0,0
flow_00.7,44.0,4.0,0
flow_20.10,54.0,4.0,0
flow_001.14,45.5,3.0,0
flow_201.21,25.5,2.5,0
flow_201.22,24.5,2.5,0
flow_001.15,24.5,2.5,0
flow_00.8,22.0,2.0,0
flow_20.11,20.5,1.5,0
flow_30.3,42.5,4.0,0
flow_1012.8,69.5,7.5,0
flow_101.16,65.5,3.5,0
flow_201.23,63.5,3.5,0
flow_0012.8,67.0,6.5,0
flow_0012.9,66.5,4.5,0
flow_201.24,42.0,4.5,0
flow_201.25,41.5,3.0,0
flow_201.26,35.0,3.0,0
flow_201.27,34.5,3.0,0
flow_00.9,25.0,2.5,0
flow_201.28,31.0,3.0,0
flow_201.29,26.0,3.0,0
flow_001.16,25.5,2.5,0
flow_30.4,23.0,2.5,0
flow_101.17,52.0,3.5,0
flow_101.18,49.0,3.0,0
flow_301.7,26.5,3.0,0
flow_101.19,47.0,3.0,0
flow_1012.9,39.5,3.5,0
flow_10.9,21.0,1.5,0
flow_3012.7,25.5,3.5,0
flow_2012.7,42.0,4.0,0
flow_0012.10,63.0,4.5,0
flow_2012.8,42.0,4.0,0
flow_001.17,58.0,4.0,0
flow_201.30,34.5,3.0,0
flow_201.31,33.0,3.0,0
flow_0012.11,24.5,3.0,0
flow_0012.12,25.5,3.5,0
flow_30.5,67.5,4.0,0
flow_301.8,26.5,3.0,0
flow_301.9,25.5,2.5,0
flow_301.10,26.0,3.0,0
flow_2012.9,64.5,4.5,0
flow_001.18,74.5,7.0,0
flow_00.10,69.5,3.5,0
flow_00.11,69.5,3.0,0
flow_0012.13,60.5,3.5,0
flow_201.32,26.0,3.0,0
flow_301.11,65.5,3.5,0
flow_1012.10,68.0,6.5,0
flow_301.12,62.5,3.5,0
flow_3012.8,58.0,3.5,0
flow_301.13,27.5,3.0,0
flow_00.12,55.5,4.0,0
flow_20.12,62.5,4.0,0
flow_201.33,59.5,3.0,0
flow_2012.10,39.0,4.0,0
flow_201.34,30.0,2.5,0
flow_201.35,24.0,2.5,0
flow_00.13,21.5,2.0,0
flow_30.6,68.5,4.0,0
flow_10.10,31.5,4.0,0
flow_301.14,31.0,3.0,0
flow_101.20,26.5,2.5,0
flow_1012.11,25.0,3.0,0
flow_101.21,26.0,2.5,0
flow_1012.12,23.5,3.0,0
flow_30.7,21.0,1.5,0
flow_101.22,28.0,3.5,0
flow_2012.11,66.5,4.5,0
flow_001.19,78.5,7.5,0
flow_2012.12,65.5,5.5,0
flow_0012.14,44.0,4.0,0
flow_201.0,26.5,3.0,0
flow_20.0,23.5,2.5,0
flow_1012.0,25.0,3.5,0
flow_30.0,22.5,2.0,0
flow_1012.1,26.5,3.5,0
flow_101.0,24.5,2.5,0
flow_101.1,25.5,3.0,0
flow_301.0,25.0,2.5,0
flow_3012.0,26.0,3.5,0
flow_3012.1,23.5,3.0,0
flow_0012.0,75.5,4.5,0
flow_20.1,47.0,7.0,0
flow_001.0,42.5,3.0,0
flow_2012.0,43.5,5.0,0
flow_001.1,36.0,3.5,0
flow_00.0,21.5,2.0,0
flow_20.2,21.5,2.0,0
flow_301.1,66.5,3.5,0
flow_1012.2,35.0,5.5,0
flow_101.2,24.5,2.5,0
flow_301.2,27.0,3.0,0
flow_1012.3,25.0,3.5,0
flow_201.1,74.0,3.5,0
flow_0012.1,77.0,6.5,0
flow_001.2,75.0,3.0,0
flow_00.1,25.5,2.5,0
flow_201.2,24.5,2.5,0
flow_001.3,27.0,3.0,0
flow_101.3,66.5,3.5,0
flow_301.3,38.0,3.5,0
flow_101.4,67.0,3.0,0
flow_101.5,48.5,3.0,0
flow_10.0,38.0,2.5,0
flow_101.6,43.0,3.5,0
flow_10.1,30.5,2.5,0
flow_10.2,20.5,1.5,0
flow_20.3,66.0,4.0,0
flow_2012.1,29.5,3.5,0
flow_2012.2,29.5,4.0,0
flow_0012.2,25.5,3.5,0
flow_201.3,26.0,3.0,0
flow_00.2,23.5,2.5,0
flow_201.4,25.0,2.5,0
flow_101.7,66.0,3.5,0
flow_301.4,25.0,2.5,0
flow_101.8,26.5,3.0,0
flow_301.5,25.0,2.5,0
flow_201.5,74.0,3.5,0
flow_001.4,26.0,3.0,0
flow_2012.3,41.0,5.0,0
flow_201.6,29.0,2.5,0
flow_10.3,54.5,4.0,0
flow_30.1,42.5,4.0,0
flow_30.2,31.5,3.5,0
flow_101.9,54.5,3.0,0
flow_3012.2,25.0,3.5,0
flow_101.10,23.5,2.0,0
flow_001.5,24.5,2.5,0
flow_00.3,21.0,1.5,0
flow_301.6,65.5,3.5,0
flow_101.11,43.0,3.5,0
flow_301.7,29.0,3.0,0
flow_10.4,34.5,3.5,0
flow_1012.4,45.5,5.5,0
flow_1012.5,34.0,3.5,0
flow_101.12,31.0,2.0,0
flow_10.5,22.5,2.0,0
flow_10.6,21.5,2.0,0
flow_101.13,26.0,2.5,0
flow_001.6,55.5,3.5,0
flow_201.7,73.5,3.5,0
flow_201.8,67.0,3.0,0
flow_001.7,51.0,3.5,0
flow_20.4,60.5,3.0,0
flow_001.8,27.5,3.0,0
flow_20.5,57.5,3.0,0
flow_2012.4,54.0,3.5,0
flow_201.9,40.5,2.5,0
flow_001.9,27.0,3.0,0
flow_201.10,25.5,2.5,0
flow_00.4,20.5,1.5,0
flow_00.5,23.5,2.0,0
flow_201.11,24.5,2.5,0
flow_301.8,26.0,3.0,0
flow_101.14,60.0,3.5,0
flow_101.15,26.5,3.0,0
flow_201.12,73.5,3.5,0
flow_201.13,70.5,3.0,0
flow_001.10,26.5,3.0,0
flow_201.14,67.5,3.0,0
flow_001.11,25.5,2.5,0
flow_2012.5,62.0,4.0,0
flow_00.6,21.0,1.5,0
flow_201.15,26.0,3.0,0
flow_101.16,47.5,3.5,0
flow_301.9,39.5,3.5,0
flow_301.10,36.0,3.0,0
flow_30.3,21.5,2.0,0
flow_301.11,25.0,2.5,0
flow_101.17,26.0,3.0,0
flow_00.7,71.5,4.0,0
flow_201.16,70.0,3.5,0
flow_00.8,66.0,3.0,0
flow_201.17,49.5,3.0,0
flow_201.18,37.5,3.0,0
flow_20.6,22.0,2.0,0
flow_3012.3,53.0,5.0,0
flow_101.18,25.0,2.5,0
flow_1012.6,24.0,3.0,0
flow_10.7,22.5,2.0,0
flow_101.19,26.0,3.0,0
flow_001.12,41.0,3.5,0
flow_201.19,64.0,3.5,0
flow_20.7,57.0,3.0,0
flow_2012.6,35.0,3.5,0
flow_201.20,26.5,2.5,0
flow_10.8,55.5,4.0,0
flow_301.12,67.0,3.5,0
flow_3012.4,29.0,3.5,0
flow_1012.7,57.5,4.0,0
flow_101.20,36.0,3.5,0
flow_10.9,20.5,1.5,0
flow_10.10,22.0,2.0,0
flow_30.4,22.0,2.0,0
flow_10.11,21.5,1.5,0
flow_00.9,57.5,4.0,0
flow_20.8,68.5,4.0,0
flow_201.21,30.5,3.0,0
flow_0012.3,36.5,5.0,0
flow_2012.7,25.5,3.5,0
flow_2012.8,23.5,3.0,0
flow_101.21,73.0,3.5,0
flow_301.13,74.0,4.0,0
flow_1012.8,73.5,4.0,0
flow_301.14,42.0,7.0,0
flow_30.5,39.5,3.0,0
flow_30.6,21.0,2.0,0
flow_30.7,21.5,2.0,0
flow_101.22,25.0,2.5,0
flow_201.22,74.5,3.5,0
flow_001.13,60.5,3.5,0
flow_001.14,40.0,3.0,0
flow_001.15,29.0,3.0,0
flow_001.16,24.5,2.0,0
flow_201.23,24.5,2.5,0
flow_201.24,26.0,3.0,0
flow_20.9,22.0,2.0,0
flow_301.15,64.5,3.5,0
flow_101.23,71.5,3.5,0
flow_3012.5,32.5,4.0,0
flow_101.24,47.0,4.0,0
flow_301.16,25.5,3.0,0
flow_30.8,21.0,1.5,0
flow_3012.6,26.5,3.5,0
flow_10.12,22.5,2.0,0
flow_301.17,25.0,2.5,0
flow_301.18,26.0,3.0,0
flow_20.10,44.5,4.0,0
flow_001.17,73.5,3.5,0
flow_001.18,24.5,2.5,0
flow_301.19,39.5,3.5,0
flow_1012.9,43.0,6.5,0
flow_10.13,31.5,3.0,0
flow_301.20,41.5,3.5,0
flow_101.25,36.5,4.0,0
flow_301.21,25.5,2.5,0
flow_301.22,25.5,2.5,0
flow_001.19,70.5,3.5,0
flow_201.25,35.5,3.5,0
flow_00.10,21.0,1.5,0
flow_201.26,28.0,3.5,0
flow_001.20,26.5,3.0,0
flow_00.11,21.0,1.5,0
flow_20.11,21.5,1.5,0
flow_201.27,25.0,2.5,0
flow_00.12,20.5,1.5,0
flow_2012.0,24.5,3.0,0
flow_2012.1,26.0,4.0,0
flow_2012.2,24.5,3.0,0
flow_301.0,52.5,3.5,0
flow_101.0,53.0,3.5,0
flow_10.0,22.5,2.5,0
flow_3012.0,54.0,4.0,0
flow_301.1,52.0,3.0,0
flow_101.1,26.0,3.0,0
flow_30.0,21.0,1.5,0
flow_30.1,20.5,1.5,0
flow_101.2,26.5,3.0,0
flow_1012.0,26.0,4.0,0
flow_20.0,68.0,4.0,0
flow_001.0,53.5,3.5,0
flow_201.0,51.0,3.0,0
flow_0012.0,26.0,3.5,0
flow_2012.3,25.5,3.0,0
flow_001.1,27.5,3.0,0
flow_0012.1,26.5,3.5,0
flow_20.1,26.0,5.5,0
flow_20.2,22.5,2.0,0
flow_301.2,25.5,2.5,0
flow_2012.4,60.0,4.5,0
flow_0012.2,50.0,4.5,0
flow_20.3,58.0,3.0,0
flow_00.0,36.5,3.0,0
flow_2012.5,52.0,4.0,0
flow_2012.6,50.0,4.5,0
flow_201.1,46.5,3.0,0
flow_00.1,22.5,2.0,0
flow_201.2,39.0,3.0,0
flow_201.3,39.0,3.5,0
flow_201.4,33.5,3.5,0
flow_30.2,64.5,4.0,0
flow_101.3,66.5,3.5,0
flow_301.3,65.0,3.0,0
flow_3012.1,46.0,3.5,0
flow_301.4,46.5,3.5,0
flow_30.3,21.5,2.0,0
flow_2012.7,67.5,4.5,0
flow_20.4,63.0,3.0,0
flow_001.2,43.0,7.5,0
flow_20.5,49.0,2.5,0
flow_201.5,64.5,3.0,0
flow_001.3,42.5,3.5,0
flow_00.2,21.5,2.0,0
flow_00.3,20.5,1.5,0
flow_201.6,26.0,3.0,0
flow_20.6,21.0,1.5,0
flow_10.1,71.5,4.0,0
flow_301.5,66.0,3.5,0
flow_301.6,47.0,3.0,0
flow_2012.8,65.5,4.5,0
flow_20.7,52.0,3.0,0
flow_001.4,72.5,7.5,0
flow_20.8,45.0,3.0,0
flow_001.5,71.0,3.5,0
flow_00.4,67.0,3.0,0
flow_001.6,29.0,2.5,0
flow_20.9,20.5,1.5,0
flow_301.7,50.0,3.5,0
flow_1012.1,71.0,6.5,0
flow_3012.2,49.0,3.5,0
flow_10.2,43.0,4.0,0
flow_10.3,24.5,2.0,0
flow_10.4,21.5,2.0,0
flow_101.4,25.5,2.5,0
flow_2012.9,63.0,5.0,0
flow_001.7,40.0,7.5,0
flow_2012.10,64.5,5.5,0
flow_20.10,33.5,3.0,0
flow_2012.11,49.0,5.0,0
flow_00.5,22.5,2.0,0
flow_2012.12,24.5,3.0,0
flow_3012.3,54.5,4.0,0
flow_10.5,60.5,6.5,0
flow_10.6,57.5,4.0,0
flow_1012.2,55.5,3.5,0
flow_301.8,25.0,2.5,0
flow_3012.4,24.5,3.0,0
flow_201.7,59.0,3.5,0
flow_001.8,68.0,3.5,0
flow_2012.13,29.5,3.5,0
flow_0012.3,38.0,4.0,0
flow_001.9,35.0,3.0,0
flow_001.10,33.5,2.5,0
flow_0012.4,24.0,3.0,0
flow_2012.14,23.5,3.0,0
flow_3012.5,61.0,4.0,0
flow_301.9,60.5,3.0,0
flow_101.5,60.5,7.0,0
flow_301.10,58.5,3.0,0
flow_101.6,44.5,3.5,0
flow_30.4,23.0,2.0,0
flow_101.7,43.0,2.5,0
flow_1012.3,42.5,3.5,0
flow_3012.6,24.0,3.0,0
flow_1012.4,42.0,4.0,0
flow_1012.5,30.5,4.5,0
flow_301.11,29.5,4.0,0
flow_101.8,25.5,2.5,0
flow_301.12,26.0,3.0,0
flow_201.8,70.5,3.5,0
flow_20.11,68.5,3.0,0
flow_201.9,69.0,3.0,0
flow_001.11,27.5,3.0,0
flow_2012.15,66.5,4.0,0
flow_20.12,61.5,3.0,0
flow_2012.16,60.0,3.5,0
flow_20.13,54.0,2.5,0
flow_20.14,23.0,2.0,0
flow_201.10,26.5,2.5,0
flow_201.11,27.0,3.0,0
flow_3012.7,57.0,4.0,0
flow_1012.6,34.5,4.0,0
flow_301.13,57.0,3.0,0
flow_30.5,55.5,3.0,0
flow_10.7,20.5,1.5,0
flow_301.14,27.5,2.5,0
flow_301.15,27.0,3.0,0
flow_30.6,21.0,2.0,0
flow_101.9,26.0,3.0,0
flow_301.16,25.0,2.5,0
flow_30.7,22.5,2.0,0
flow_00.6,61.5,4.0,0
flow_201.12,55.0,3.5,0
flow_0012.5,58.5,3.5,0
flow_2012.17,54.0,4.0,0
flow_201.13,25.0,2.5,0
flow_001.12,26.5,3.0,0
flow_301.17,51.0,3.5,0
flow_101.10,43.5,3.5,0
flow_3012.8,44.0,4.0,0
flow_301.18,42.5,3.0,0
flow_101.11,46.0,6.5,0
flow_3012.9,42.0,3.5,0
flow_301.19,25.0,2.5,0
flow_1012.7,24.0,3.0,0
flow_30.8,21.0,2.0,0
flow_001.13,41.5,3.5,0
flow_201.14,72.0,3.5,0
flow_20.15,62.0,3.0,0
flow_20.16,57.0,3.0,0
flow_20.17,56.0,3.0,0
flow_201.15,55.5,2.5,0
flow_201.16,54.5,3.0,0
flow_20.18,51.0,2.5,0
flow_20.19,40.5,2.5,0
flow_0012.6,25.5,3.5,0
flow_301.20,52.0,3.5,0
flow_1012.8,64.5,6.5,0
flow_10.8,58.5,3.5,0
flow_301.21,26.5,3.0,0
flow_101.12,51.5,3.0,0
flow_1012.9,45.0,3.5,0
flow_3012.10,26.0,4.0,0
flow_101.13,38.5,3.0,0
flow_101.14,26.0,3.0,0
flow_101.15,26.0,3.0,0
flow_301.22,25.5,2.5,0
flow_30.9,20.5,1.5,0
flow_101.16,27.0,3.0,0
flow_20.20,71.5,4.0,0
flow_001.14,47.0,3.5,0
flow_2012.18,71.5,4.0,0
flow_30.10,39.0,4.0,0
flow_101.17,46.5,3.5,0
flow_301.23,39.0,3.0,0
flow_101.18,25.5,2.5,0
flow_101.19,24.5,2.5,0
flow_00.7,68.0,4.0,0
flow_201.17,74.5,3.5,0
flow_0012.7,69.0,4.0,0
flow_001.15,30.0,2.5,0
flow_201.18,62.0,7.0,0
flow_2012.19,57.0,3.5,0
flow_2012.20,50.5,4.0,0
flow_2012.21,46.5,4.5,0
flow_001.16,31.0,4.0,0
flow_001.17,30.0,3.0,0
flow_001.18,29.5,3.5,0
flow_001.19,28.5,3.5,0
flow_301.24,55.0,3.5,0
flow_1012.10,72.5,6.5,0
flow_3012.11,53.5,3.5,0
flow_101.20,54.5,3.5,0
flow_301.25,46.5,3.0,0
flow_30.11,29.5,2.5,0
flow_101.21,49.0,3.0,0
flow_1012.11,34.5,3.5,0
flow_3012.12,25.5,3.0,0
flow_201.19,39.0,3.5,0
flow_001.20,26.5,3.0,0
flow_201.20,32.5,2.5,0
flow_201.21,31.5,3.5,0
flow_20.21,20.5,1.5,0
flow_201.22,26.0,3.0,0
flow_3012.13,73.0,4.5,0
flow_30.12,40.0,3.0,0
flow_101.22,59.0,7.0,0
flow_101.23,58.0,3.5,0
flow_301.26,43.0,3.5,0
flow_101.24,57.0,3.0,0
flow_101.25,31.5,3.0,0
flow_10.9,27.5,3.0,0
flow_301.27,24.5,2.5,0
flow_101.26,26.5,3.0,0
flow_001.21,73.5,3.5,0
flow_201.23,69.0,3.5,0
flow_0012.8,53.5,4.0,0
flow_001.22,44.0,3.0,0
flow_201.24,46.0,7.0,0
flow_201.25,39.0,3.0,0
flow_20.22,22.0,2.0,0
flow_00.0,22.0,2.0,0
flow_30.0,20.5,1.5,0
flow_101.0,45.5,3.5,0
flow_301.0,25.0,2.5,0
flow_101.1,26.0,3.0,0
flow_201.0,71.0,3.5,0
flow_00.1,31.5,3.5,0
flow_0012.0,58.5,7.0,0
flow_201.1,64.0,4.0,0
flow_201.2,62.5,4.0,0
flow_20.0,41.0,3.0,0
flow_001.0,26.0,3.0,0
flow_2012.0,25.0,3.0,0
flow_201.3,24.0,2.5,0
flow_001.1,26.0,3.0,0
flow_201.4,24.5,2.5,0
flow_101.2,65.0,3.5,0
flow_301.1,43.5,3.5,0
flow_101.3,64.5,3.0,0
flow_101.4,48.0,3.5,0
flow_3012.0,25.5,3.5,0
flow_301.2,26.5,3.0,0
flow_301.3,26.0,2.5,0
flow_1012.0,26.5,4.5,0
flow_1012.1,25.5,3.5,0
flow_101.5,25.5,2.5,0
flow_201.5,71.5,3.5,0
flow_0012.1,66.5,6.5,0
flow_20.1,67.5,3.5,0
flow_00.2,46.5,3.0,0
flow_001.2,52.5,3.5,0
flow_201.6,40.5,3.0,0
flow_2012.1,31.5,4.0,0
flow_201.7,28.5,3.0,0
flow_20.2,26.0,2.5,0
flow_001.3,25.5,2.5,0
flow_30.1,54.0,4.0,0
flow_301.4,27.5,2.5,0
flow_301.5,26.5,3.0,0
flow_101.6,26.5,3.0,0
flow_101.7,25.5,2.5,0
flow_3012.1,23.5,3.0,0
flow_101.8,23.5,2.0,0
flow_30.2,21.0,1.5,0
flow_20.3,68.0,4.0,0
flow_0012.2,41.0,7.5,0
flow_201.8,56.0,3.0,0
flow_201.9,54.5,3.5,0
flow_2012.2,33.0,3.5,0
flow_00.3,21.0,1.5,0
flow_20.4,20.0,1.5,0
flow_301.6,47.0,3.5,0
flow_1012.2,74.0,6.5,0
flow_101.9,51.0,3.5,0
flow_301.7,45.5,4.0,0
flow_1012.3,42.0,4.5,0
flow_101.10,26.0,2.5,0
flow_301.8,40.5,4.0,0
flow_3012.2,33.5,4.0,0
flow_001.4,73.5,3.5,0
flow_201.10,62.5,3.5,0
flow_0012.3,73.0,4.0,0
flow_001.5,40.5,3.0,0
flow_201.11,66.0,7.0,0
flow_00.4,37.5,3.0,0
flow_20.5,66.0,5.5,0
flow_0012.4,42.0,4.5,0
flow_201.12,65.0,3.0,0
flow_201.13,64.0,3.0,0
flow_20.6,53.5,2.5,0
flow_0012.5,23.5,3.0,0
flow_2012.3,24.0,3.0,0
flow_3012.3,64.5,4.5,0
flow_301.9,60.0,3.0,0
flow_10.0,20.5,2.0,0
flow_30.3,53.5,3.0,0
flow_30.4,47.5,3.0,0
flow_1012.4,25.0,3.0,0
flow_101.11,26.5,3.0,0
flow_10.1,22.0,2.0,0
flow_201.14,36.5,3.5,0
flow_0012.6,58.0,6.5,0
flow_00.5,49.0,3.5,0
flow_201.15,36.5,4.0,0
flow_001.6,23.0,2.0,0
flow_2012.4,24.5,3.0,0
flow_001.7,26.5,3.0,0
flow_00.6,22.5,2.0,0
flow_3012.4,31.5,4.0,0
flow_101.12,36.0,7.0,0
flow_101.13,27.5,3.0,0
flow_301.10,24.5,2.5,0
flow_101.14,27.0,3.0,0
flow_101.15,26.0,2.5,0
flow_1012.5,23.5,3.0,0
flow_20.7,61.5,4.0,0
flow_001.8,57.5,3.5,0
flow_20.8,62.0,3.0,0
flow_201.16,61.5,3.0,0
flow_201.17,48.5,3.0,0
flow_201.18,25.5,2.5,0
flow_201.19,26.5,3.0,0
flow_1012.6,37.0,4.5,0
flow_30.5,66.5,6.5,0
flow_101.16,30.5,3.0,0
flow_301.11,60.5,3.5,0
flow_101.17,25.5,2.5,0
flow_2012.5,71.5,4.5,0
flow_001.9,70.5,7.5,0
flow_201.20,58.0,3.0,0
flow_2012.6,57.0,4.0,0
flow_0012.7,45.5,4.0,0
flow_2012.7,46.5,3.5,0
flow_201.21,45.5,2.5,0
flow_201.22,30.5,3.5,0
flow_0012.8,28.0,4.5,0
flow_001.10,24.0,2.0,0
flow_201.23,25.0,2.5,0
flow_00.7,22.0,2.0,0
flow_2012.8,26.0,4.0,0
flow_301.12,73.5,3.5,0
flow_3012.5,31.5,4.0,0
flow_1012.7,76.5,6.5,0
flow_301.13,26.0,3.0,0
flow_10.2,21.5,2.0,0
flow_001.11,61.0,3.5,0
flow_201.24,41.5,3.5,0
flow_001.12,25.0,2.5,0
flow_3012.6,56.0,4.5,0
flow_1012.8,60.5,4.5,0
flow_10.3,54.5,3.0,0
flow_301.14,51.0,3.0,0
flow_101.18,55.5,3.0,0
flow_101.19,54.5,3.0,0
flow_1012.9,27.0,4.0,0
flow_1012.10,25.0,3.5,0
flow_001.13,69.5,3.5,0
flow_001.14,51.5,3.0,0
flow_0012.9,50.0,3.5,0
flow_001.15,47.0,3.0,0
flow_001.16,23.5,2.0,0
flow_001.17,24.5,2.5,0
flow_201.25,26.0,3.0,0
flow_20.9,23.0,2.0,0
flow_3012.7,71.5,4.5,0
flow_101.20,71.5,7.0,0
flow_301.15,61.0,3.0,0
flow_30.6,50.5,3.0,0
flow_301.16,40.0,2.5,0
flow_3012.8,24.5,3.0,0
flow_10.4,21.0,2.0,0
flow_101.21,26.0,3.0,0
flow_2012.9,65.0,4.0,0
flow_0012.10,75.0,4.5,0
flow_00.8,45.5,3.0,0
flow_201.26,62.0,3.5,0
flow_0012.11,30.5,4.0,0
flow_201.27,34.5,6.5,0
flow_201.28,24.0,2.5,0
flow_201.29,26.5,2.5,0
flow_301.17,44.5,3.5,0
flow_1012.11,72.0,6.5,0
flow_3012.9,44.0,3.5,0
flow_101.22,72.5,3.5,0
flow_301.18,44.0,3.0,0
flow_101.23,70.5,3.0,0
flow_10.5,46.5,3.0,0
flow_101.24,39.0,2.5,0
flow_30.7,20.0,1.5,0
flow_00.9,71.0,4.0,0
flow_201.30,53.0,3.5,0
flow_0012.12,73.0,4.0,0
flow_00.10,69.5,3.0,0
flow_2012.10,25.0,3.0,0
flow_10.6,59.0,4.0,0
flow_301.19,73.0,3.5,0
flow_10.7,42.5,3.0,0
flow_3012.10,76.0,6.0,0
flow_301.20,39.5,3.0,0
flow_101.25,47.5,3.0,0
flow_3012.11,42.0,5.0,0
flow_301.21,25.5,2.5,0
flow_0012.13,71.5,4.0,0
flow_2012.11,50.5,4.5,0
flow_20.10,27.0,3.0,0
flow_00.11,50.0,3.0,0
flow_20.11,20.5,1.5,0
flow_10.8,33.0,4.0,0
flow_301.22,62.0,3.5,0
flow_301.23,50.5,3.0,0
flow_301.24,49.5,3.0,0
flow_101.26,25.0,2.5,0
flow_101.27,26.5,3.0,0
flow_101.28,28.0,3.5,0
flow_2012.12,39.5,4.5,0
flow_001.18,68.5,7.5,0
flow_2012.13,40.5,5.5,0
flow_001.19,50.5,4.0,0
flow_20.12,20.5,1.5,0
flow_2012.14,25.0,3.5,0
flow_0012.14,25.0,3.0,0
flow_201.31,28.5,3.5,0
flow_001.20,25.0,2.5,0
flow_10.9,55.5,4.0,0
flow_201.0,25.5,2.5,0
flow_00.0,21.0,1.5,0
flow_30.0,43.0,4.0,0
flow_1012.0,56.0,7.5,0
flow_101.0,36.0,3.0,0
flow_101.1,35.5,3.0,0
flow_301.0,25.5,2.5,0
flow_30.1,23.5,2.0,0
flow_101.2,35.0,3.5,0
flow_101.3,33.5,3.5,0
flow_10.0,25.0,2.5,0
flow_301.1,26.0,3.0,0
flow_1012.1,28.0,4.5,0
flow_101.4,26.5,2.5,0
flow_2012.0,61.0,4.0,0
flow_001.0,73.5,7.0,0
flow_201.1,61.5,3.0,0
flow_201.2,60.5,3.0,0
flow_00.1,64.0,3.5,0
flow_20.0,45.0,2.5,0
flow_001.1,40.0,2.5,0
flow_201.3,40.0,3.0,0
flow_201.4,32.5,3.0,0
flow_1012.2,48.5,4.5,0
flow_3012.0,25.5,3.5,0
flow_3012.1,27.0,4.0,0
flow_20.1,20.0,1.5,0
flow_001.2,29.0,3.5,0
flow_001.3,26.0,3.0,0
flow_001.4,25.0,2.5,0
flow_00.2,22.0,2.0,0
flow_201.5,25.5,2.5,0
flow_20.2,22.0,2.0,0
flow_2012.1,22.5,2.5,0
flow_3012.2,63.5,4.5,0
flow_101.5,58.0,7.5,0
flow_3012.3,43.5,5.5,0
flow_1012.3,47.0,4.5,0
flow_1012.4,45.5,4.0,0
flow_10.1,21.0,1.5,0
flow_301.2,26.0,3.0,0
flow_0012.0,43.0,5.0,0
flow_0012.1,26.5,3.5,0
flow_301.3,60.5,3.5,0
flow_1012.5,70.5,6.5,0
flow_30.2,56.0,3.5,0
flow_101.6,31.0,3.0,0
flow_101.7,30.0,3.0,0
flow_3012.4,38.5,4.5,0
flow_101.8,32.5,3.5,0
flow_3012.5,25.5,3.5,0
flow_30.3,22.5,2.0,0
flow_3012.6,25.5,3.5,0
flow_30.4,21.0,1.5,0
flow_201.6,24.5,2.5,0
flow_00.3,66.0,4.0,0
flow_00.4,60.5,3.0,0
flow_0012.2,65.5,4.5,0
flow_001.5,53.5,2.5,0
flow_001.6,44.0,3.0,0
flow_00.5,39.0,2.5,0
flow_2012.2,27.0,4.5,0
flow_201.7,27.0,3.0,0
flow_201.8,24.0,2.5,0
flow_101.9,49.0,4.0,0
flow_1012.6,32.0,4.0,0
flow_101.10,24.5,2.5,0
flow_10.2,20.5,1.5,0
flow_00.6,63.5,4.0,0
flow_201.9,29.0,3.5,0
flow_0012.3,56.0,4.0,0
flow_20.3,27.5,6.0,0
flow_0012.4,57.0,6.5,0
flow_20.4,29.5,7.5,0
flow_001.7,46.5,3.0,0
flow_00.7,42.0,3.0,0
flow_201.10,26.5,3.0,0
flow_201.11,26.0,3.0,0
flow_301.4,70.5,3.5,0
flow_101.11,68.5,3.5,0
flow_10.3,27.5,3.0,0
flow_301.5,70.5,3.0,0
flow_1012.7,28.5,4.5,0
flow_30.5,70.5,5.0,0
flow_1012.8,24.5,3.0,0
flow_101.12,27.0,3.0,0
flow_00.8,61.5,4.0,0
flow_201.12,72.5,3.5,0
flow_00.9,22.5,2.0,0
flow_2012.3,62.0,5.5,0
flow_20.5,45.0,3.0,0
flow_001.8,24.5,2.0,0
flow_201.13,46.5,3.0,0
flow_00.10,20.5,1.5,0
flow_201.14,44.5,3.5,0
flow_20.6,28.5,3.0,0
flow_201.15,26.0,3.0,0
flow_001.9,24.5,2.5,0
flow_301.6,73.0,3.5,0
flow_101.13,33.5,3.5,0
flow_301.7,71.0,3.0,0
flow_101.14,25.0,2.5,0
flow_301.8,36.0,3.0,0
flow_301.9,35.0,3.0,0
flow_30.6,24.5,2.5,0
flow_1012.9,25.5,3.5,0
flow_3012.7,24.5,3.0,0
flow_20.7,56.0,4.0,0
flow_00.11,44.5,4.0,0
flow_20.8,55.5,3.0,0
flow_201.16,42.5,3.0,0
flow_3012.8,34.0,4.5,0
flow_301.10,26.0,3.0,0
flow_30.7,22.5,2.0,0
flow_201.17,45.0,3.5,0
flow_201.18,44.0,3.0,0
flow_20.9,41.0,3.0,0
flow_001.10,26.0,3.0,0
flow_201.19,33.0,3.0,0
flow_2012.4,39.5,5.5,0
flow_3012.9,54.5,4.0,0
flow_101.15,25.5,3.0,0
flow_101.16,26.5,3.0,0
flow_101.17,24.5,2.0,0
flow_001.11,31.5,3.0,0
flow_201.20,72.0,3.5,0
flow_20.10,26.5,2.5,0
flow_001.12,31.0,3.0,0
flow_2012.5,28.0,4.0,0
flow_2012.6,22.5,2.5,0
flow_301.11,70.5,3.5,0
flow_101.18,52.5,3.5,0
flow_10.4,22.5,2.0,0
flow_101.19,26.5,3.0,0
flow_30.8,20.0,1.5,0
flow_1012.10,24.5,3.0,0
flow_201.21,58.0,3.5,0
flow_0012.5,40.0,6.5,0
flow_2012.7,48.5,3.5,0
flow_2012.8,47.0,3.5,0
flow_201.22,43.5,2.5,0
flow_001.13,24.5,2.0,0
flow_201.23,24.5,2.5,0
flow_201.24,25.0,2.5,0
flow_101.20,46.5,3.5,0
flow_301.12,71.0,3.5,0
flow_101.21,32.0,3.0,0
flow_301.13,60.5,3.0,0
flow_101.22,25.0,2.5,0
flow_30.9,20.5,1.5,0
flow_101.23,25.5,2.5,0
flow_30.10,21.0,1.5,0
flow_101.24,28.0,3.0,0
flow_001.14,72.0,3.5,0
flow_20.11,70.5,4.0,0
flow_00.12,49.5,3.0,0
flow_201.25,69.5,3.0,0
flow_00.13,33.0,3.0,0
flow_201.26,69.0,3.5,0
flow_201.27,67.5,3.0,0
flow_201.28,60.0,3.0,0
flow_2012.9,32.0,3.5,0
flow_201.29,23.0,2.0,0
flow_2012.10,25.0,3.5,0
flow_001.15,25.0,3.0,0
flow_0012.6,23.5,2.5,0
flow_2012.11,25.5,3.5,0
flow_301.14,53.0,3.5,0
flow_1012.11,74.5,6.5,0
flow_101.25,44.0,3.0,0
flow_30.11,21.0,1.5,0
flow_30.12,22.0,2.0,0
flow_20.12,68.0,4.0,0
flow_001.16,72.5,3.5,0
flow_00.14,70.5,3.0,0
flow_20.13,67.5,3.0,0
flow_00.15,69.5,3.0,0
flow_2012.12,71.0,6.0,0
flow_20.14,30.0,3.5,0
flow_001.17,62.5,3.0,0
flow_0012.7,58.5,3.5,0
flow_001.18,50.5,2.5,0
flow_0012.8,49.5,3.5,0
flow_001.19,25.5,2.5,0
flow_20.15,21.0,1.5,0
flow_001.20,24.5,2.0,0
flow_2012.13,25.0,3.5,0
flow_301.15,70.5,3.5,0
flow_10.5,64.5,4.0,0
flow_30.13,68.0,3.0,0
flow_3012.10,29.0,3.0,0
flow_3012.11,24.5,3.0,0
flow_10.6,21.0,1.5,0
flow_30.14,21.0,1.5,0
flow_001.21,76.0,3.5,0
flow_201.30,73.0,3.5,0
flow_00.16,69.5,3.5,0
flow_201.31,47.5,3.0,0
flow_0012.9,45.5,3.5,0
flow_20.16,27.5,5.5,0
flow_001.22,45.5,3.0,0
flow_0012.10,39.5,3.5,0
flow_2012.14,24.5,3.0,0
flow_00.17,37.5,3.0,0
flow_001.23,37.0,2.5,0
flow_001.24,24.5,2.5,0
flow_00.18,23.0,2.0,0
flow_301.16,63.5,3.5,0
flow_101.26,54.5,3.5,0
flow_001.0,25.5,2.5,0
flow_00.0,21.5,1.5,0
flow_0012.0,27.0,3.5,0
flow_00.1,22.5,2.5,0
flow_3012.0,47.5,4.5,0
flow_301.0,46.0,3.0,0
flow_101.0,54.0,7.0,0
flow_101.1,25.5,2.5,0
flow_20.0,65.0,4.0,0
flow_20.1,56.5,3.0,0
flow_201.0,40.0,3.0,0
flow_201.1,39.5,3.5,0
flow_20.2,23.0,2.5,0
flow_201.2,27.5,3.0,0
flow_00.2,21.0,1.5,0
flow_20.3,23.0,2.5,0
flow_201.3,28.0,3.5,0
flow_001.1,27.5,3.0,0
flow_301.1,23.5,2.0,0
flow_3012.1,23.0,2.5,0
flow_30.0,21.0,1.5,0
flow_001.2,58.5,3.5,0
flow_2012.0,25.0,3.0,0
flow_0012.1,60.0,4.0,0
flow_201.4,26.0,3.0,0
flow_001.3,25.0,2.5,0
flow_001.4,25.0,2.5,0
flow_201.5,25.0,2.5,0
flow_30.1,71.5,4.0,0
flow_10.0,64.5,4.0,0
flow_101.2,32.0,3.0,0
flow_3012.2,74.5,4.5,0
flow_301.2,48.0,4.5,0
flow_301.3,28.5,3.0,0
flow_301.4,25.5,2.5,0
flow_20.4,42.5,4.0,0
flow_001.5,31.5,3.5,0
flow_0012.2,24.0,3.0,0
flow_201.6,26.0,3.0,0
flow_1012.0,69.5,4.5,0
flow_30.2,71.5,7.0,0
flow_101.3,31.0,3.0,0
flow_3012.3,69.0,4.5,0
flow_30.3,66.0,3.0,0
flow_101.4,30.5,3.5,0
flow_10.1,23.5,2.5,0
flow_3012.4,56.0,4.5,0
flow_30.4,53.0,3.0,0
flow_30.5,51.5,2.5,0
flow_301.5,51.5,3.0,0
flow_301.6,41.5,3.0,0
flow_101.5,24.0,2.5,0
flow_301.7,26.0,3.0,0
flow_201.7,52.5,3.5,0
flow_001.6,37.5,3.5,0
flow_20.5,36.5,3.0,0
flow_001.7,36.5,3.0,0
flow_20.6,32.0,3.0,0
flow_0012.3,32.5,6.5,0
flow_0012.4,31.0,4.5,0
flow_0012.5,30.0,4.0,0
flow_201.8,32.5,4.0,0
flow_001.8,32.5,4.0,0
flow_0012.6,27.5,4.0,0
flow_001.9,25.5,2.5,0
flow_30.6,61.5,4.0,0
flow_1012.1,61.0,7.5,0
flow_101.6,54.0,3.0,0
flow_301.8,37.5,3.0,0
flow_301.9,34.5,3.0,0
flow_10.2,21.0,1.5,0
flow_1012.2,24.5,3.0,0
flow_2012.1,66.5,4.5,0
flow_20.7,41.5,3.0,0
flow_001.10,76.0,7.5,0
flow_20.8,40.5,3.0,0
flow_001.11,72.0,3.5,0
flow_00.3,42.5,2.5,0
flow_201.9,30.0,2.5,0
flow_00.4,40.5,3.0,0
flow_00.5,38.0,3.0,0
flow_001.12,26.5,2.5,0
flow_101.7,57.0,3.5,0
flow_301.10,50.0,3.5,0
flow_3012.5,50.0,4.0,0
flow_1012.3,54.5,4.0,0
flow_101.8,26.0,2.5,0
flow_301.11,50.0,3.5,0
flow_301.12,27.0,3.0,0
flow_201.10,32.0,3.5,0
flow_20.9,29.0,3.0,0
flow_001.13,25.0,2.5,0
flow_00.6,22.0,2.0,0
flow_001.14,27.5,3.0,0
flow_00.7,21.5,1.5,0
flow_201.11,27.0,3.0,0
flow_101.9,69.5,3.5,0
flow_3012.6,25.5,3.5,0
flow_001.15,65.0,3.5,0
flow_001.16,57.0,3.0,0
flow_00.8,31.5,3.0,0
flow_00.9,28.5,3.0,0
flow_201.12,25.0,2.5,0
flow_201.13,25.0,2.5,0
flow_0012.7,26.5,3.5,0
flow_201.14,26.5,3.5,0
flow_10.3,55.0,4.0,0
flow_301.13,73.5,3.5,0
flow_101.10,33.5,2.5,0
flow_301.14,69.5,3.0,0
flow_101.11,29.5,3.0,0
flow_30.7,43.5,3.0,0
flow_101.12,28.5,3.0,0
flow_301.15,71.5,4.0,0
flow_301.16,37.5,2.5,0
flow_30.8,21.5,2.0,0
flow_301.17,26.0,3.0,0
flow_30.9,23.0,2.0,0
flow_201.15,62.5,3.5,0
flow_201.16,62.0,3.0,0
flow_2012.2,61.5,4.0,0
flow_20.10,32.0,2.5,0
flow_2012.3,26.5,3.5,0
flow_00.10,20.5,1.5,0
flow_301.18,72.0,3.5,0
flow_1012.4,28.0,6.0,0
flow_30.10,71.5,3.0,0
flow_30.11,49.0,3.0,0
flow_301.19,48.0,3.0,0
flow_30.12,34.0,2.5,0
flow_3012.7,34.0,3.0,0
flow_30.13,31.5,2.5,0
flow_2012.4,69.5,4.5,0
flow_201.17,43.5,3.0,0
flow_001.17,78.0,7.5,0
flow_20.11,29.5,3.0,0
flow_00.11,56.0,3.5,0
flow_201.18,31.5,3.5,0
flow_20.12,21.5,2.0,0
flow_001.18,25.5,2.5,0
flow_301.20,33.5,3.5,0
flow_101.13,58.5,3.5,0
flow_301.21,32.0,3.0,0
flow_101.14,48.0,3.5,0
flow_10.4,35.5,3.0,0
flow_301.22,31.5,3.0,0
flow_10.5,21.0,1.5,0
flow_201.19,74.5,3.5,0
flow_001.19,59.0,3.5,0
flow_201.20,61.5,3.0,0
flow_001.20,47.5,3.5,0
flow_201.21,33.5,3.0,0
flow_2012.5,29.5,3.5,0
flow_10.6,58.5,4.0,0
flow_301.23,56.0,3.5,0
flow_1012.5,31.0,4.0,0
flow_10.7,25.0,2.5,0
flow_30.14,40.0,5.0,0
flow_301.24,40.0,3.0,0
flow_101.15,26.5,3.0,0
flow_3012.8,24.5,3.0,0
flow_001.21,73.0,3.5,0
flow_201.22,51.5,3.5,0
flow_2012.6,47.5,4.0,0
flow_0012.8,60.0,4.0,0
flow_201.23,29.5,3.5,0
flow_001.22,25.0,2.5,0
flow_101.16,49.0,3.5,0
flow_301.25,59.0,3.5,0
flow_301.26,44.0,3.0,0
flow_101.17,49.5,3.0,0
flow_101.18,24.5,2.5,0
flow_101.19,26.0,3.0,0
flow_001.23,59.5,3.0,0
flow_201.24,53.5,3.5,0
flow_001.24,53.5,3.0,0
flow_201.25,48.0,3.5,0
flow_001.25,51.0,3.0,0
flow_201.26,44.5,3.5,0
flow_00.12,46.5,2.5,0
flow_001.26,47.0,3.0,0
flow_201.27,25.0,2.5,0
flow_00.13,24.5,2.5,0
flow_201.28,24.5,2.5,0
flow_2012.7,24.0,3.0,0
flow_30.15,49.5,4.0,0
flow_1012.6,69.5,7.5,0
flow_30.16,33.0,5.5,0
flow_10.8,32.0,3.5,0
flow_301.27,32.0,3.5,0
flow_101.20,24.5,2.5,0
flow_101.21,25.5,3.0,0
flow_101.22,25.0,2.5,0
flow_0012.9,28.0,4.0,0
flow_001.27,26.5,2.5,0
flow_2012.8,26.0,4.0,0
flow_201.29,24.5,2.5,0
flow_30.17,66.0,4.0,0
flow_101.23,54.0,3.5,0
flow_001.0,24.5,2.5,0
flow_30.0,32.0,4.0,0
flow_1012.0,24.5,3.0,0
flow_10.0,20.5,1.5,0
flow_30.1,22.0,2.0,0
flow_0012.0,48.0,4.5,0
flow_00.0,36.5,3.0,0
flow_201.0,26.5,3.0,0
flow_001.1,36.0,3.0,0
flow_201.1,25.5,2.5,0
flow_001.2,27.0,3.0,0
flow_301.0,66.5,3.5,0
flow_101.0,46.0,3.5,0
flow_301.1,66.5,3.0,0
flow_3012.0,52.0,4.0,0
flow_301.2,34.5,2.5,0
flow_30.2,21.0,1.5,0
flow_001.3,38.0,3.5,0
flow_0012.1,37.5,4.0,0
flow_20.0,22.0,2.0,0
flow_001.4,27.5,3.0,0
flow_2012.0,24.0,3.0,0
flow_301.3,59.0,3.5,0
flow_30.3,40.5,3.5,0
flow_1012.1,40.0,6.5,0
flow_30.4,40.0,3.0,0
flow_301.4,34.0,2.5,0
flow_301.5,25.0,2.5,0
flow_001.5,54.0,3.5,0
flow_001.6,24.5,2.5,0
flow_00.1,23.5,2.0,0
flow_001.7,25.0,2.5,0
flow_3012.1,48.5,4.0,0
flow_101.1,67.5,7.5,0
flow_3012.2,39.0,5.5,0
flow_101.2,68.5,4.0,0
flow_101.3,50.5,3.5,0
flow_101.4,38.5,3.5,0
flow_10.1,30.0,3.0,0
flow_301.6,26.5,3.0,0
flow_101.5,25.0,2.5,0
flow_2012.1,52.5,4.0,0
flow_001.8,74.5,7.0,0
flow_2012.2,26.5,3.5,0
flow_001.9,45.0,4.0,0
flow_00.2,22.0,2.0,0
flow_20.1,21.5,2.0,0
flow_20.2,21.5,2.0,0
flow_1012.2,70.5,4.5,0
flow_3012.3,56.5,4.5,0
flow_201.2,53.0,3.5,0
flow_201.3,26.5,2.5,0
flow_201.4,25.5,2.5,0
flow_20.3,21.0,2.0,0
flow_20.4,20.5,1.5,0
flow_301.7,68.0,3.5,0
flow_101.6,67.5,3.5,0
flow_30.5,67.5,3.0,0
flow_101.7,29.0,3.0,0
flow_1012.3,71.5,7.5,0
flow_301.8,61.5,3.5,0
flow_301.9,60.5,3.5,0
flow_301.10,50.0,3.5,0
flow_30.6,22.0,2.0,0
flow_101.8,25.5,2.5,0
flow_0012.2,25.0,3.0,0
flow_2012.3,25.0,3.0,0
flow_00.3,23.0,2.5,0
flow_3012.4,32.0,4.0,0
flow_1012.4,48.5,4.5,0
flow_30.7,22.5,2.0,0
flow_3012.5,32.0,4.0,0
flow_10.2,46.5,5.0,0
flow_10.3,22.0,2.0,0
flow_301.11,26.0,3.0,0
flow_301.12,26.5,3.0,0
flow_1012.5,25.5,3.5,0
flow_001.10,24.5,2.5,0
flow_0012.3,24.5,3.0,0
flow_201.5,26.0,3.0,0
flow_201.6,26.0,3.0,0
flow_00.4,21.0,1.5,0
flow_201.7,27.0,3.0,0
flow_3012.6,68.0,4.5,0
flow_301.13,68.0,3.5,0
flow_3012.7,66.5,4.0,0
flow_301.14,64.5,2.5,0
flow_30.8,40.0,2.5,0
flow_101.9,25.5,2.5,0
flow_101.10,25.0,2.5,0
flow_3012.8,26.5,4.5,0
flow_301.15,27.5,3.0,0
flow_301.16,27.0,3.0,0
flow_2012.4,72.5,4.0,0
flow_0012.4,68.5,4.5,0
flow_2012.5,70.0,3.5,0
flow_00.5,68.5,6.0,0
flow_201.8,44.0,3.0,0
flow_00.6,53.5,4.0,0
flow_0012.5,50.0,4.0,0
flow_00.7,46.0,2.5,0
flow_2012.6,23.5,3.0,0
flow_101.11,52.5,4.0,0
flow_30.9,22.0,2.0,0
flow_101.12,41.5,3.5,0
flow_301.17,23.5,2.0,0
flow_3012.9,26.0,3.5,0
flow_3012.10,25.5,3.5,0
flow_30.10,22.0,2.0,0
flow_20.5,52.5,4.0,0
flow_0012.6,71.5,7.5,0
flow_2012.7,39.5,3.5,0
flow_0012.7,72.0,4.5,0
flow_001.11,65.5,3.0,0
flow_0012.8,64.5,3.5,0
flow_00.8,63.0,3.0,0
flow_0012.9,42.5,3.5,0
flow_001.12,40.5,2.5,0
flow_00.9,35.5,2.0,0
flow_001.13,26.5,3.0,0
flow_001.14,25.5,2.5,0
flow_301.18,37.5,3.5,0
flow_3012.11,34.0,3.5,0
flow_30.11,21.5,2.0,0
flow_301.19,26.0,3.0,0
flow_301.20,25.5,2.5,0
flow_201.9,49.0,3.5,0
flow_001.15,60.5,3.5,0
flow_201.10,39.0,3.0,0
flow_20.6,27.0,2.5,0
flow_001.16,57.5,3.5,0
flow_00.10,43.0,2.5,0
flow_201.11,26.5,2.5,0
flow_101.13,47.0,3.5,0
flow_101.14,26.0,3.0,0
flow_20.7,56.0,4.0,0
flow_0012.10,75.5,7.5,0
flow_20.8,27.0,5.0,0
flow_001.17,63.5,3.5,0
flow_001.18,32.5,3.0,0
flow_00.11,23.0,2.5,0
flow_00.12,22.5,2.0,0
flow_0012.11,25.5,3.0,0
flow_00.13,21.5,2.0,0
flow_101.15,72.0,3.5,0
flow_301.21,71.0,3.5,0
flow_101.16,56.5,3.0,0
flow_101.17,43.0,3.5,0
flow_10.4,35.5,2.5,0
flow_101.18,26.0,3.0,0
flow_301.22,25.0,2.5,0
flow_301.23,25.5,2.5,0
flow_20.9,50.5,4.0,0
flow_0012.12,53.5,7.5,0
flow_001.19,24.5,2.5,0
flow_0012.13,23.5,3.0,0
flow_001.20,26.5,2.5,0
flow_30.12,66.5,4.0,0
flow_101.19,56.5,3.5,0
flow_10.5,48.0,3.0,0
flow_301.24,61.5,3.0,0
flow_101.20,48.5,3.0,0
flow_301.25,62.0,3.5,0
flow_301.26,61.0,3.5,0
flow_3012.12,57.0,3.5,0
flow_30.13,40.5,2.5,0
flow_10.6,24.5,3.0,0
flow_0012.14,73.5,4.0,0
flow_001.21,71.5,3.0,0
flow_0012.15,65.5,3.5,0
flow_001.22,36.5,3.0,0
flow_001.23,27.0,3.0,0
flow_001.24,26.0,3.0,0
flow_30.14,26.0,3.0,0
flow_10.7,58.0,4.0,0
flow_001.0,26.0,3.0,0
flow_001.1,26.5,2.5,0
flow_00.0,22.5,2.0,0
flow_201.0,24.5,2.0,0
flow_101.0,51.5,3.5,0
flow_301.0,48.5,3.5,0
flow_3012.0,46.0,4.0,0
flow_001.2,53.0,3.5,0
flow_201.1,65.5,4.0,0
flow_00.1,38.5,3.0,0
flow_201.2,46.0,3.5,0
flow_0012.0,36.0,4.0,0
flow_00.2,23.0,2.0,0
flow_201.3,24.5,2.5,0
flow_101.1,57.5,3.5,0
flow_1012.0,46.5,4.0,0
flow_1012.1,23.5,3.0,0
flow_301.1,25.5,2.5,0
flow_301.2,26.5,3.0,0
flow_20.0,63.5,4.0,0
flow_201.4,26.0,3.0,0
flow_2012.0,25.0,3.5,0
flow_0012.1,25.0,3.0,0
flow_201.5,25.5,2.5,0
flow_30.0,62.0,4.0,0
flow_101.2,59.5,3.5,0
flow_101.3,57.0,3.0,0
flow_1012.2,54.5,4.0,0
flow_101.4,32.0,2.5,0
flow_10.0,26.0,2.5,0
flow_3012.1,27.5,5.0,0
flow_1012.3,24.0,3.0,0
flow_101.5,25.5,2.5,0
flow_30.1,21.5,2.0,0
flow_1012.4,24.5,3.0,0
flow_201.6,74.5,3.5,0
flow_001.3,55.0,3.5,0
flow_20.1,40.5,3.0,0
flow_2012.1,36.5,3.5,0
flow_201.7,36.0,2.5,0
flow_20.2,32.0,2.5,0
flow_001.4,25.0,2.5,0
flow_0012.2,25.5,3.5,0
flow_2012.2,26.5,3.5,0
flow_30.2,42.0,4.0,0
flow_101.6,50.5,4.0,0
flow_10.1,22.0,2.0,0
flow_10.2,21.5,2.0,0
flow_2012.3,70.5,4.0,0
flow_201.8,70.0,3.0,0
flow_001.5,54.5,7.0,0
flow_201.9,38.0,3.0,0
flow_0012.3,43.0,5.0,0
flow_201.10,26.5,3.0,0
flow_001.6,26.0,3.0,0
flow_301.3,59.5,3.5,0
flow_101.7,49.5,3.5,0
flow_30.3,41.0,3.0,0
flow_301.4,41.0,3.0,0
flow_1012.5,26.5,3.5,0
flow_101.8,24.0,2.5,0
flow_301.5,25.0,2.5,0
flow_101.9,24.5,2.5,0
flow_2012.4,50.0,4.5,0
flow_0012.4,54.5,4.5,0
flow_2012.5,41.5,4.0,0
flow_2012.6,40.5,4.0,0
flow_001.7,44.5,7.0,0
flow_201.11,26.5,2.5,0
flow_201.12,26.5,3.0,0
flow_30.4,69.5,4.0,0
flow_1012.6,64.5,7.5,0
flow_10.3,40.5,3.5,0
flow_301.6,61.0,3.0,0
flow_101.10,40.0,3.0,0
flow_1012.7,32.0,3.5,0
flow_101.11,26.5,3.0,0
flow_1012.8,24.5,3.0,0
flow_10.4,20.0,1.5,0
flow_00.3,56.0,4.0,0
flow_201.13,52.5,3.5,0
flow_201.14,51.5,3.0,0
flow_20.3,42.0,3.0,0
flow_0012.5,24.0,2.5,0
flow_2012.7,25.5,3.5,0
flow_20.4,21.5,2.0,0
flow_201.15,27.0,3.0,0
flow_30.5,64.0,4.0,0
flow_101.12,25.5,2.5,0
flow_30.6,52.5,3.0,0
flow_10.5,21.5,2.0,0
flow_10.6,21.5,2.0,0
flow_2012.8,57.5,4.0,0
flow_001.8,71.5,7.0,0
flow_201.16,47.5,3.5,0
flow_001.9,70.0,3.0,0
flow_201.17,46.0,3.5,0
flow_20.5,42.0,3.0,0
flow_00.4,58.0,3.0,0
flow_201.18,42.5,2.5,0
flow_001.10,53.0,3.5,0
flow_0012.6,50.0,3.5,0
flow_001.11,43.0,3.0,0
flow_001.12,39.0,3.5,0
flow_00.5,25.5,2.5,0
flow_0012.7,25.5,3.0,0
flow_00.6,23.0,2.0,0
flow_201.19,28.0,3.5,0
flow_0012.8,25.0,3.0,0
flow_20.6,24.5,3.5,0
flow_301.7,58.0,3.5,0
flow_1012.9,39.5,6.5,0
flow_301.8,36.5,3.5,0
flow_301.9,29.0,3.5,0
flow_00.7,20.5,1.5,0
flow_20.7,22.5,2.0,0
flow_201.20,25.5,2.5,0
flow_201.21,28.0,3.0,0
flow_201.22,27.5,3.0,0
flow_301.10,70.0,3.5,0
flow_1012.10,76.0,6.5,0
flow_101.13,71.0,3.0,0
flow_301.11,56.0,3.5,0
flow_101.14,25.5,2.5,0
flow_1012.11,24.5,3.0,0
flow_30.7,21.0,1.5,0
flow_30.8,21.5,2.0,0
flow_201.23,72.5,3.5,0
flow_001.13,60.5,3.5,0
flow_0012.9,41.0,4.0,0
flow_201.24,76.0,7.0,0
flow_201.25,75.0,3.0,0
flow_20.8,72.0,3.0,0
flow_201.26,73.0,3.0,0
flow_201.27,71.5,3.0,0
flow_201.28,69.0,3.0,0
flow_0012.10,25.0,3.0,0
flow_201.29,25.5,2.5,0
flow_101.15,74.0,3.5,0
flow_10.7,63.0,3.0,0
flow_101.16,64.0,3.0,0
flow_1012.12,63.0,3.5,0
flow_10.8,55.5,3.0,0
flow_101.17,33.5,2.5,0
flow_10.9,21.0,1.5,0
flow_201.30,75.0,3.5,0
flow_001.14,65.5,3.5,0
flow_2012.9,74.0,3.5,0
flow_201.31,73.5,3.0,0
flow_001.15,69.0,6.5,0
flow_20.9,53.0,2.5,0
flow_2012.10,69.5,4.0,0
flow_20.10,40.0,2.5,0
flow_001.16,62.5,4.5,0
flow_201.32,28.5,2.0,0
flow_30.9,54.0,4.0,0
flow_1012.13,57.0,7.5,0
flow_3012.2,39.0,4.0,0
flow_301.12,31.0,3.0,0
flow_30.10,25.0,2.5,0
flow_301.13,29.5,3.5,0
flow_10.10,21.5,1.5,0
flow_30.11,21.0,2.0,0
flow_101.18,26.0,3.0,0
flow_001.17,56.5,3.5,0
flow_201.33,44.0,4.0,0
flow_001.18,56.5,3.0,0
flow_001.19,34.0,3.0,0
flow_3012.3,72.0,4.5,0
flow_1012.14,62.0,4.5,0
flow_301.14,70.0,3.0,0
flow_101.19,48.0,3.5,0
flow_101.20,44.0,3.0,0
flow_301.15,39.0,3.5,0
flow_1012.15,36.0,4.0,0
flow_101.21,32.0,3.0,0
flow_101.22,24.5,2.5,0
flow_3012.4,29.0,4.5,0
flow_301.16,26.0,3.0,0
flow_0012.11,55.5,4.5,0
flow_001.20,54.5,3.0,0
flow_2012.11,24.0,3.0,0
flow_201.34,26.0,3.0,0
flow_201.35,26.0,3.0,0
flow_2012.12,25.5,3.0,0
flow_301.17,42.0,3.5,0
flow_1012.16,63.0,6.5,0
flow_30.12,39.0,3.5,0
flow_101.23,56.0,3.0,0
flow_10.11,35.0,3.0,0
flow_3012.5,25.0,3.0,0
flow_00.8,61.0,4.0,0
flow_001.21,52.0,3.0,0
flow_001.22,36.5,3.0,0
flow_20.11,21.5,1.5,0
flow_201.36,25.5,2.5,0
flow_001.23,23.5,2.0,0
flow_20.0,21.0,1.5,0
flow_20.1,21.0,1.5,0
flow_0012.0,24.5,3.0,0
flow_1012.0,33.5,4.5,0
flow_301.0,54.5,4.0,0
flow_30.0,53.0,3.0,0
flow_301.1,52.0,2.5,0
flow_1012.1,28.0,4.5,0
flow_3012.0,26.0,3.5,0
flow_30.1,22.0,2.0,0
flow_201.0,67.5,3.5,0
flow_201.1,40.0,3.0,0
flow_201.2,38.0,3.5,0
flow_00.0,20.5,1.5,0
flow_101.0,59.0,3.5,0
flow_301.2,76.0,4.0,0
flow_1012.2,37.5,4.5,0
flow_301.3,68.5,7.5,0
flow_30.2,59.0,5.0,0
flow_1012.3,28.5,4.5,0
flow_3012.1,59.0,4.0,0
flow_301.4,44.5,3.0,0
flow_30.3,34.5,2.5,0
flow_3012.2,34.0,3.0,0
flow_301.5,28.5,3.0,0
flow_101.1,25.5,2.5,0
flow_301.6,26.5,2.5,0
flow_201.3,42.0,3.5,0
flow_0012.1,63.5,6.5,0
flow_001.0,48.0,3.0,0
flow_201.4,37.0,3.5,0
flow_0012.2,32.0,4.5,0
flow_20.2,26.5,3.0,0
flow_201.5,26.5,3.0,0
flow_2012.0,24.5,3.0,0
flow_2012.1,24.0,3.0,0
flow_101.2,47.0,3.5,0
flow_301.7,39.0,3.5,0
flow_301.8,39.5,3.0,0
flow_301.9,26.0,2.5,0
flow_3012.3,26.0,3.5,0
flow_301.10,24.5,2.5,0
flow_2012.2,69.5,4.5,0
flow_20.3,65.5,3.0,0
flow_001.1,68.5,7.5,0
flow_2012.3,65.0,4.0,0
flow_20.4,63.0,3.0,0
flow_20.5,61.5,3.0,0
flow_20.6,58.0,2.5,0
flow_201.6,62.5,3.5,0
flow_2012.4,57.0,3.0,0
flow_2012.5,55.5,3.0,0
flow_201.7,54.0,2.5,0
flow_201.8,53.0,3.0,0
flow_00.1,21.0,1.5,0
flow_201.9,51.5,3.0,0
flow_201.10,32.0,3.0,0
flow_3012.4,66.0,4.5,0
flow_3012.5,51.5,4.5,0
flow_301.11,44.0,3.0,0
flow_10.0,21.5,2.0,0
flow_301.12,34.0,3.0,0
flow_3012.6,24.5,3.0,0
flow_2012.6,50.0,4.5,0
flow_201.11,48.5,3.0,0
flow_001.2,78.0,7.5,0
flow_00.2,69.0,3.5,0
flow_201.12,44.5,3.5,0
flow_00.3,50.0,3.0,0
flow_0012.3,23.5,3.0,0
flow_001.3,26.0,2.5,0
flow_00.4,22.0,2.0,0
flow_10.1,63.5,4.0,0
flow_1012.4,60.0,4.0,0
flow_3012.7,26.0,3.5,0
flow_10.2,20.5,1.5,0
flow_30.4,21.0,1.5,0
flow_201.13,72.0,3.5,0
flow_0012.4,64.5,6.5,0
flow_0012.5,63.0,4.0,0
flow_001.4,58.0,3.0,0
flow_201.14,78.0,4.5,0
flow_001.5,48.5,3.0,0
flow_201.15,73.0,3.0,0
flow_2012.7,36.0,4.0,0
flow_001.6,26.5,3.0,0
flow_101.3,52.0,3.5,0
flow_301.13,70.5,3.5,0
flow_301.14,67.5,3.0,0
flow_101.4,47.5,3.0,0
flow_301.15,66.5,3.0,0
flow_101.5,44.0,3.0,0
flow_1012.5,33.5,3.5,0
flow_301.16,39.5,6.5,0
flow_3012.8,33.5,3.5,0
flow_301.17,26.5,3.0,0
flow_301.18,25.0,2.5,0
flow_301.19,25.0,2.5,0
flow_201.16,67.5,3.5,0
flow_001.7,33.0,4.0,0
flow_201.17,65.0,3.0,0
flow_20.7,28.0,2.5,0
flow_0012.6,25.5,3.5,0
flow_201.18,27.5,4.0,0
flow_30.5,72.5,4.0,0
flow_101.6,69.5,3.5,0
flow_301.20,64.0,3.0,0
flow_101.7,69.0,3.5,0
flow_3012.9,63.0,4.0,0
flow_30.6,47.5,3.0,0
flow_1012.6,67.0,4.5,0
flow_10.3,44.0,3.0,0
flow_101.8,50.5,3.5,0
flow_301.21,44.0,3.0,0
flow_1012.7,39.0,3.5,0
flow_10.4,35.5,2.5,0
flow_30.7,23.5,2.5,0
flow_20.8,70.0,4.0,0
flow_0012.7,63.0,7.5,0
flow_001.8,56.5,3.5,0
flow_00.5,50.0,3.0,0
flow_201.19,27.0,3.0,0
flow_00.6,21.0,1.5,0
flow_101.9,64.5,3.5,0
flow_301.22,58.0,3.5,0
flow_101.10,55.0,3.0,0
flow_301.23,53.0,3.0,0
flow_30.8,49.5,3.0,0
flow_30.9,46.0,2.5,0
flow_301.24,32.5,2.5,0
flow_301.25,24.5,2.0,0
flow_20.9,57.5,4.0,0
flow_00.7,38.5,4.0,0
flow_001.9,36.0,3.0,0
flow_2012.8,51.5,4.5,0
flow_2012.9,50.0,4.5,0
flow_201.20,35.5,2.5,0
flow_201.21,25.5,2.5,0
flow_301.26,56.5,3.5,0
flow_3012.10,26.5,3.5,0
flow_30.10,21.0,1.5,0
flow_201.22,51.0,3.5,0
flow_0012.8,65.0,6.5,0
flow_00.8,61.0,3.5,0
flow_20.10,45.0,3.5,0
flow_0012.9,62.0,4.0,0
flow_00.9,34.5,3.0,0
flow_0012.10,25.5,3.5,0
flow_00.10,20.5,1.5,0
flow_10.5,37.5,4.0,0
flow_10.6,27.0,3.0,0
flow_10.7,23.5,2.5,0
flow_30.11,22.5,2.0,0
flow_00.11,43.5,4.0,0
flow_201.23,47.0,3.5,0
flow_00.12,42.5,3.0,0
flow_201.24,43.0,3.0,0
flow_001.10,43.0,3.0,0
flow_001.11,24.5,2.5,0
flow_101.11,73.0,3.5,0
flow_301.27,72.0,3.5,0
flow_1012.8,54.5,4.0,0
flow_3012.11,38.0,4.0,0
flow_10.8,45.5,3.0,0
flow_10.9,20.5,1.5,0
flow_201.25,75.0,3.5,0
flow_201.26,73.0,3.0,0
flow_20.11,71.0,3.0,0
flow_2012.10,72.0,3.5,0
flow_00.13,24.5,4.5,0
flow_20.12,69.0,2.5,0
flow_2012.11,67.0,4.0,0
flow_2012.12,25.5,3.5,0
flow_301.28,52.5,3.5,0
flow_1012.9,54.0,6.5,0
flow_1012.10,39.0,4.5,0
flow_101.12,33.5,3.0,0
flow_301.29,47.0,4.0,0
flow_30.12,44.5,3.0,0
flow_30.13,43.5,3.0,0
flow_3012.12,43.0,3.5,0
flow_301.30,38.0,3.0,0
flow_101.13,29.5,5.5,0
flow_301.31,29.5,3.5,0
flow_3012.13,24.5,3.0,0
flow_2012.13,74.0,4.5,0
flow_001.12,55.0,7.5,0
flow_0012.11,26.0,3.5,0
flow_3012.14,38.0,4.0,0
flow_301.32,38.5,3.0,0
flow_1012.11,24.0,3.0,0
flow_101.14,26.0,2.5,0
flow_00.14,46.5,4.0,0
flow_0012.12,26.5,3.5,0
flow_001.13,25.0,2.5,0
flow_00.15,22.0,2.0,0
flow_001.14,25.0,2.5,0
flow_0012.13,24.0,2.5,0
flow_201.27,26.0,3.0,0
flow_0012.14,24.5,3.5,0
flow_301.33,73.0,3.5,0
flow_0012.0,25.0,3.5,0
flow_20.0,20.5,1.5,0
flow_301.0,41.0,3.5,0
flow_101.0,50.0,3.5,0
flow_001.0,69.5,3.5,0
flow_201.0,24.5,2.0,0
flow_201.1,27.0,3.0,0
flow_20.1,21.5,2.0,0
flow_001.1,24.5,2.5,0
flow_30.0,71.5,4.0,0
flow_101.1,28.5,3.0,0
flow_301.1,48.0,3.0,0
flow_30.1,21.0,1.5,0
flow_101.2,25.5,2.5,0
flow_1012.0,23.5,3.0,0
flow_201.2,44.5,3.5,0
flow_0012.1,51.0,6.5,0
flow_00.0,42.0,3.5,0
flow_201.3,24.0,2.0,0
flow_201.4,24.5,2.5,0
flow_001.2,27.0,3.0,0
flow_20.2,21.0,1.5,0
flow_301.2,71.0,3.5,0
flow_101.3,55.0,3.5,0
flow_30.2,58.5,3.0,0
flow_101.4,54.5,3.0,0
flow_30.3,59.5,3.0,0
flow_301.3,37.0,2.5,0
flow_301.4,25.5,2.5,0
flow_10.0,21.0,1.5,0
flow_1012.1,25.0,3.0,0
flow_2012.0,71.5,4.5,0
flow_00.1,48.5,6.5,0
flow_201.5,58.0,3.5,0
flow_2012.1,41.5,3.5,0
flow_00.2,25.5,5.0,0
flow_201.6,40.5,2.5,0
flow_2012.2,39.5,3.0,0
flow_201.7,25.5,2.5,0
flow_2012.3,25.5,3.5,0
flow_101.5,40.0,3.5,0
flow_301.5,44.0,3.5,0
flow_101.6,27.0,3.0,0
flow_301.6,33.0,3.5,0
flow_301.7,25.0,2.5,0
flow_0012.2,68.5,4.5,0
flow_2012.4,31.5,4.0,0
flow_201.8,28.0,3.5,0
flow_001.3,24.5,2.5,0
flow_001.4,26.0,3.0,0
flow_301.8,69.0,3.5,0
flow_1012.2,75.0,6.5,0
flow_301.9,65.0,3.5,0
flow_3012.0,29.5,4.0,0
flow_101.7,30.0,6.0,0
flow_2012.5,45.5,5.0,0
flow_001.5,40.0,8.0,0
flow_0012.3,37.5,3.5,0
flow_201.9,29.5,4.0,0
flow_20.3,27.0,3.0,0
flow_201.10,27.0,3.0,0
flow_2012.6,23.5,3.0,0
flow_2012.7,26.0,3.5,0
flow_20.4,21.0,2.0,0
flow_001.6,27.5,3.0,0
flow_30.4,47.5,4.0,0
flow_10.1,68.5,4.0,0
flow_101.8,61.0,3.0,0
flow_1012.3,46.5,4.0,0
flow_10.2,39.5,3.0,0
flow_101.9,28.5,2.5,0
flow_101.10,26.5,3.0,0
flow_20.5,67.5,4.0,0
flow_001.7,51.5,3.5,0
flow_201.11,60.5,3.0,0
flow_2012.8,48.0,3.5,0
flow_201.12,35.0,2.5,0
flow_201.13,27.0,3.0,0
flow_0012.4,24.0,2.5,0
flow_1012.4,67.0,4.5,0
flow_1012.5,50.0,4.0,0
flow_30.5,25.0,4.5,0
flow_30.6,24.0,2.5,0
flow_3012.1,24.5,3.0,0
flow_301.10,27.0,3.0,0
flow_1012.6,27.5,4.0,0
flow_1012.7,25.0,3.5,0
flow_00.3,55.0,4.0,0
flow_201.14,59.0,3.5,0
flow_001.8,55.0,3.5,0
flow_0012.5,49.5,4.0,0
flow_2012.9,62.5,5.5,0
flow_20.6,58.5,4.0,0
flow_00.4,34.0,3.0,0
flow_001.9,49.0,3.5,0
flow_201.15,39.5,3.5,0
flow_0012.6,34.5,4.0,0
flow_20.7,29.0,2.5,0
flow_2012.10,38.0,4.0,0
flow_00.5,22.0,2.0,0
flow_201.16,25.5,2.5,0
flow_201.17,26.0,3.0,0
flow_301.11,58.5,3.5,0
flow_1012.8,72.5,6.5,0
flow_101.11,24.5,2.0,0
flow_101.12,26.5,3.0,0
flow_2012.11,72.5,4.0,0
flow_20.8,70.5,3.0,0
flow_001.10,75.5,7.0,0
flow_201.18,59.5,3.0,0
flow_001.11,75.0,3.0,0
flow_001.12,64.5,2.5,0
flow_00.6,56.5,2.5,0
flow_00.7,40.5,3.0,0
flow_201.19,26.0,3.0,0
flow_3012.2,63.5,4.5,0
flow_10.3,49.5,6.5,0
flow_10.4,20.5,1.5,0
flow_101.13,24.5,2.5,0
flow_101.14,28.0,3.0,0
flow_101.15,27.0,3.0,0
flow_201.20,72.0,3.5,0
flow_2012.12,49.0,3.5,0
flow_0012.7,74.0,7.0,0
flow_201.21,36.5,3.5,0
flow_0012.8,23.5,3.0,0
flow_201.22,27.5,3.0,0
flow_2012.13,25.5,3.0,0
flow_1012.9,43.5,4.5,0
flow_10.5,21.0,2.0,0
flow_301.12,23.5,2.0,0
flow_001.13,48.0,3.5,0
flow_201.23,53.0,3.5,0
flow_0012.9,34.0,3.5,0
flow_201.24,49.0,6.5,0
flow_00.8,24.5,2.5,0
flow_0012.10,37.0,5.5,0
flow_20.9,48.5,3.5,0
flow_001.14,26.0,2.5,0
flow_201.25,25.0,2.5,0
flow_101.16,53.0,3.5,0
flow_301.13,30.0,3.5,0
flow_101.17,38.0,3.0,0
flow_101.18,33.0,3.0,0
flow_301.14,26.5,3.0,0
flow_3012.3,24.0,2.5,0
flow_301.15,24.0,2.0,0
flow_2012.14,29.5,4.0,0
flow_00.9,20.5,1.5,0
flow_3012.4,59.5,4.0,0
flow_101.19,74.0,7.0,0
flow_101.20,56.0,3.0,0
flow_1012.10,33.0,3.5,0
flow_101.21,25.5,2.5,0
flow_201.26,59.5,3.5,0
flow_0012.11,63.5,6.5,0
flow_00.10,42.0,3.5,0
flow_20.10,21.0,1.5,0
flow_0012.12,24.5,3.0,0
flow_201.27,27.5,4.5,0
flow_201.28,26.0,3.0,0
flow_101.22,42.5,3.5,0
flow_101.23,29.0,3.0,0
flow_301.16,26.0,3.0,0
flow_301.17,25.5,2.5,0
flow_10.6,23.0,2.0,0
flow_201.29,66.0,3.5,0
flow_001.15,75.5,3.5,0
flow_00.11,30.5,3.0,0
flow_201.30,60.0,3.0,0
flow_201.31,58.0,3.5,0
flow_201.32,44.5,3.5,0
flow_2012.15,25.5,3.0,0
flow_201.33,27.0,3.0,0
flow_30.7,53.0,4.0,0
flow_30.0,53.5,4.0,0
flow_101.0,35.5,3.5,0
flow_3012.0,55.5,4.0,0
flow_301.0,53.0,2.5,0
flow_30.1,37.0,2.5,0
flow_301.1,42.0,3.5,0
flow_101.1,27.0,3.0,0
flow_30.2,21.5,2.0,0
flow_101.2,25.0,2.5,0
flow_101.3,26.0,2.5,0
flow_10.0,23.0,2.5,0
flow_301.2,26.5,3.0,0
flow_2012.0,57.5,4.0,0
flow_201.0,58.0,3.0,0
flow_201.1,54.0,3.0,0
flow_20.0,20.0,1.5,0
flow_2012.1,25.0,3.5,0
flow_3012.1,60.0,4.5,0
flow_1012.0,49.0,4.5,0
flow_1012.1,48.5,4.0,0
flow_30.3,42.5,6.0,0
flow_3012.2,28.5,4.0,0
flow_3012.3,25.0,3.5,0
flow_3012.4,23.5,3.0,0
flow_30.4,21.0,1.5,0
flow_20.1,52.0,4.0,0
flow_20.2,21.5,2.0,0
flow_0012.0,24.5,3.0,0
flow_301.3,67.5,3.5,0
flow_101.4,74.0,3.5,0
flow_10.1,27.0,2.5,0
flow_301.4,63.5,3.0,0
flow_101.5,26.0,2.5,0
flow_301.5,37.5,3.0,0
flow_1012.2,25.0,3.5,0
flow_301.6,36.5,6.5,0
flow_301.7,23.5,2.0,0
flow_1012.3,26.5,3.5,0
flow_0012.1,58.0,4.0,0
flow_20.3,19.5,1.5,0
flow_201.2,25.0,2.5,0
flow_2012.2,24.5,3.0,0
flow_201.3,26.0,2.5,0
flow_10.2,71.0,4.0,0
flow_301.8,73.0,3.5,0
flow_1012.4,65.5,3.5,0
flow_3012.5,38.0,4.0,0
flow_10.3,64.5,3.0,0
flow_10.4,62.0,3.0,0
flow_101.6,51.0,2.5,0
flow_1012.5,35.5,3.5,0
flow_201.4,65.0,3.5,0
flow_001.0,71.5,3.5,0
flow_001.1,30.5,3.0,0
flow_201.5,42.0,3.5,0
flow_10.5,69.5,4.0,0
flow_101.7,44.0,3.5,0
flow_3012.6,28.5,5.0,0
flow_301.9,24.5,2.0,0
flow_101.8,29.5,3.5,0
flow_101.9,27.0,3.0,0
flow_301.10,25.0,2.5,0
flow_101.10,24.5,2.5,0
flow_301.11,25.5,2.5,0
flow_001.2,35.5,3.5,0
flow_001.3,34.0,3.0,0
flow_201.6,24.5,2.5,0
flow_301.12,67.0,3.5,0
flow_101.11,46.0,3.5,0
flow_3012.7,53.0,4.0,0
flow_301.13,49.0,2.5,0
flow_101.12,47.5,6.5,0
flow_301.14,40.0,2.5,0
flow_3012.8,34.0,3.5,0
flow_2012.3,41.5,4.5,0
flow_201.7,37.5,3.0,0
flow_001.4,59.0,7.5,0
flow_00.0,22.0,2.0,0
flow_10.6,59.5,4.0,0
flow_301.15,58.0,3.5,0
flow_101.13,42.0,2.5,0
flow_301.16,57.0,3.0,0
flow_301.17,53.5,3.0,0
flow_301.18,25.5,2.5,0
flow_3012.9,24.0,3.0,0
flow_101.14,24.5,2.5,0
flow_1012.6,25.0,3.5,0
flow_00.1,40.0,4.0,0
flow_201.8,70.5,3.5,0
flow_20.4,68.0,3.0,0
flow_001.5,27.0,3.0,0
flow_20.5,31.0,3.0,0
flow_2012.4,46.0,4.5,0
flow_001.6,25.5,2.5,0
flow_301.19,48.5,3.5,0
flow_101.15,64.0,3.5,0
flow_101.16,40.0,3.5,0
flow_101.17,40.0,4.0,0
flow_10.7,21.0,1.5,0
flow_301.20,25.5,2.5,0
flow_301.21,25.0,2.5,0
flow_1012.7,25.5,4.0,0
flow_001.7,25.5,2.5,0
flow_001.8,25.0,2.5,0
flow_001.9,24.5,2.5,0
flow_2012.5,23.5,3.0,0
flow_30.5,51.0,4.0,0
flow_101.18,63.5,3.5,0
flow_301.22,52.0,3.0,0
flow_101.19,27.5,3.0,0
flow_301.23,40.5,3.5,0
flow_3012.10,26.5,3.5,0
flow_101.20,25.5,2.5,0
flow_3012.11,28.5,5.0,0
flow_001.10,49.5,4.0,0
flow_0012.2,23.5,3.0,0
flow_0012.3,25.0,3.5,0
flow_201.9,27.5,3.0,0
flow_2012.6,31.5,5.0,0
flow_201.10,26.0,3.0,0
flow_101.21,72.5,3.5,0
flow_301.24,59.5,3.5,0
flow_3012.12,56.5,4.5,0
flow_10.8,52.5,7.0,0
flow_3012.13,54.0,7.0,0
flow_301.25,24.5,2.5,0
flow_2012.7,52.0,4.0,0
flow_00.2,71.5,6.5,0
flow_201.11,26.0,2.5,0
flow_00.3,62.0,4.0,0
flow_001.11,63.0,3.5,0
flow_2012.8,25.5,3.5,0
flow_3012.14,50.5,4.5,0
flow_301.26,37.0,3.0,0
flow_101.22,49.0,7.5,0
flow_101.23,30.5,3.5,0
flow_10.9,26.0,3.0,0
flow_301.27,25.5,2.5,0
flow_101.24,25.0,2.5,0
flow_101.25,25.5,2.5,0
flow_10.10,21.5,2.0,0
flow_201.12,66.0,3.5,0
flow_001.12,74.0,3.5,0
flow_2012.9,52.0,3.5,0
flow_201.13,27.5,2.5,0
flow_001.13,53.5,6.5,0
flow_0012.4,52.0,4.0,0
flow_00.4,23.5,2.0,0
flow_00.5,23.0,2.0,0
flow_0012.5,24.0,3.0,0
flow_10.11,67.5,4.0,0
flow_301.28,34.5,3.5,0
flow_101.26,45.0,3.0,0
flow_1012.8,25.0,3.0,0
flow_1012.9,24.5,3.0,0
flow_301.29,26.0,3.0,0
flow_10.12,21.5,2.0,0
flow_001.14,27.5,3.0,0
flow_201.14,32.5,3.5,0
flow_2012.10,32.0,4.0,0
flow_201.15,26.5,2.5,0
flow_001.15,25.5,2.5,0
flow_201.16,25.5,2.5,0
flow_10.13,70.5,4.0,0
flow_301.30,70.5,3.5,0
flow_30.6,53.0,3.0,0
flow_101.27,47.5,3.0,0
flow_1012.10,41.0,3.5,0
flow_3012.15,39.0,4.5,0
flow_1012.11,40.0,4.0,0
flow_301.31,24.5,2.5,0
flow_3012.16,24.5,3.0,0
flow_30.7,21.5,2.0,0
flow_001.16,49.5,3.5,0
flow_201.17,57.5,3.5,0
flow_001.17,49.0,3.0,0
flow_2012.11,25.5,3.5,0
flow_10.14,62.0,4.0,0
flow_0012.0,24.5,3.0,0
flow_2012.0,25.5,3.5,0
flow_20.0,21.5,2.0,0
flow_3012.0,37.0,4.5,0
flow_301.0,30.5,3.0,0
flow_301.1,27.0,3.0,0
flow_10.0,20.5,1.5,0
flow_301.2,24.5,2.5,0
flow_3012.1,26.5,3.5,0
flow_201.0,61.5,3.5,0
flow_001.0,48.0,3.5,0
flow_00.0,46.5,3.0,0
flow_20.1,42.0,3.0,0
flow_001.1,48.0,3.5,0
flow_00.1,42.0,3.0,0
flow_001.2,39.5,3.0,0
flow_201.1,25.5,2.5,0
flow_201.2,24.0,2.5,0
flow_30.0,21.0,2.0,0
flow_101.0,48.0,3.5,0
flow_101.1,30.0,3.0,0
flow_301.3,25.0,2.5,0
flow_10.1,22.0,2.0,0
flow_30.1,20.5,1.5,0
flow_30.2,24.0,2.5,0
flow_001.3,72.0,3.5,0
flow_0012.1,58.0,4.0,0
flow_001.4,31.5,2.5,0
flow_001.5,26.5,3.0,0
flow_20.2,23.0,2.0,0
flow_2012.1,25.5,3.5,0
flow_30.3,46.0,4.0,0
flow_1012.0,60.0,7.5,0
flow_3012.2,33.5,4.0,0
flow_1012.1,35.5,4.0,0
flow_101.2,34.0,3.0,0
flow_301.4,25.5,2.5,0
flow_1012.2,23.0,2.5,0
flow_3012.3,24.0,3.0,0
flow_3012.4,27.0,3.5,0
flow_201.3,69.0,4.0,0
flow_001.6,25.0,2.5,0
flow_0012.2,25.5,3.5,0
flow_101.3,73.0,3.5,0
flow_301.5,73.5,3.5,0
flow_101.4,72.5,3.0,0
flow_301.6,53.5,3.0,0
flow_30.4,43.5,3.0,0
flow_101.5,46.5,3.5,0
flow_301.7,32.5,2.5,0
flow_101.6,36.0,3.5,0
flow_101.7,25.5,2.5,0
flow_101.8,27.0,3.0,0
flow_3012.5,25.5,3.5,0
flow_001.7,69.0,3.5,0
flow_201.4,70.0,3.5,0
flow_2012.2,38.5,3.5,0
flow_001.8,43.5,6.5,0
flow_001.9,38.5,3.5,0
flow_001.10,37.5,3.0,0
flow_00.2,34.5,3.0,0
flow_0012.3,29.0,3.5,0
flow_201.5,26.5,3.0,0
flow_101.9,64.0,3.5,0
flow_301.8,38.0,3.5,0
flow_1012.3,60.0,4.0,0
flow_1012.4,24.5,3.0,0
flow_101.10,25.5,2.5,0
flow_0012.4,45.5,4.5,0
flow_2012.3,38.5,4.5,0
flow_001.11,46.5,3.0,0
flow_00.3,42.5,3.0,0
flow_00.4,42.0,2.5,0
flow_00.5,21.0,2.0,0
flow_20.3,20.5,1.5,0
flow_101.11,59.0,3.5,0
flow_301.9,57.0,3.5,0
flow_101.12,40.5,3.0,0
flow_101.13,40.0,3.5,0
flow_1012.5,37.0,3.5,0
flow_301.10,31.5,7.0,0
flow_001.12,27.5,3.0,0
flow_201.6,69.5,3.5,0
flow_201.7,46.0,3.0,0
flow_201.8,24.0,2.5,0
flow_3012.6,57.5,4.5,0
flow_1012.6,75.0,4.5,0
flow_10.2,23.0,2.0,0
flow_1012.7,38.0,4.0,0
flow_30.5,21.0,1.5,0
flow_10.3,21.5,2.0,0
flow_20.4,71.5,4.0,0
flow_00.6,68.0,4.0,0
flow_201.9,50.0,3.0,0
flow_0012.5,46.5,5.0,0
flow_201.10,35.0,3.5,0
flow_20.5,22.5,2.0,0
flow_20.6,21.0,2.0,0
flow_00.7,21.0,1.5,0
flow_201.11,25.5,2.5,0
flow_0012.6,28.0,4.0,0
flow_1012.8,37.0,4.5,0
flow_301.11,27.0,3.0,0
flow_101.14,35.0,3.0,0
flow_101.15,35.0,3.5,0
flow_30.6,21.5,2.0,0
flow_101.16,26.0,3.0,0
flow_101.17,24.5,2.0,0
flow_301.12,24.5,2.5,0
flow_001.13,47.5,3.5,0
flow_001.14,48.0,3.0,0
flow_0012.7,36.5,3.5,0
flow_0012.8,35.0,3.5,0
flow_301.13,65.0,3.5,0
flow_1012.9,76.0,6.5,0
flow_3012.7,45.5,4.0,0
flow_101.18,45.0,4.0,0
flow_301.14,25.5,2.5,0
flow_3012.8,27.0,4.0,0
flow_101.19,27.0,3.0,0
flow_201.12,52.5,3.5,0
flow_0012.9,64.5,6.5,0
flow_00.8,48.0,3.0,0
flow_001.15,58.5,4.0,0
flow_00.9,32.5,3.0,0
flow_201.13,26.0,3.0,0
flow_001.16,25.5,2.5,0
flow_10.4,54.5,4.0,0
flow_101.20,55.5,3.0,0
flow_30.7,21.0,1.5,0
flow_10.5,49.5,3.0,0
flow_101.21,46.5,2.5,0
flow_1012.10,38.5,3.5,0
flow_1012.11,31.5,3.5,0
flow_201.14,57.0,3.5,0
flow_001.17,52.0,3.5,0
flow_20.7,31.0,3.0,0
flow_00.10,50.5,3.0,0
flow_201.15,27.5,2.5,0
flow_00.11,47.5,3.0,0
flow_00.12,22.5,2.0,0
flow_0012.10,24.0,3.0,0
flow_20.8,21.0,1.5,0
flow_00.13,21.5,2.0,0
flow_301.15,58.0,3.5,0
flow_10.6,21.0,1.5,0
flow_101.22,28.0,3.5,0
flow_1012.12,25.0,3.0,0
flow_301.16,26.0,3.0,0
flow_201.16,59.0,3.5,0
flow_001.18,46.0,3.5,0
flow_101.23,60.5,3.5,0
flow_1012.13,24.5,3.0,0
flow_001.19,58.5,3.5,0
flow_201.17,77.5,4.5,0
flow_2012.4,62.5,4.0,0
flow_0012.11,51.5,4.0,0
flow_0012.12,42.5,4.0,0
flow_201.18,35.5,4.0,0
flow_001.20,41.0,3.5,0
flow_201.19,30.0,3.0,0
flow_201.20,25.0,2.5,0
flow_301.17,72.5,3.5,0
flow_101.24,57.0,3.5,0
flow_301.18,28.0,3.0,0
flow_301.19,26.5,3.0,0
flow_3012.9,25.5,3.5,0
flow_30.8,22.5,2.0,0
flow_201.21,43.5,3.5,0
flow_0012.13,71.0,6.5,0
flow_20.9,43.0,3.5,0
flow_20.10,27.5,3.0,0
flow_201.22,25.0,2.5,0
flow_201.23,24.5,2.0,0
flow_001.21,26.0,3.0,0
flow_10.7,63.0,4.0,0
flow_2012.0,24.5,3.0,0
flow_20.0,20.5,1.5,0
flow_101.0,32.0,3.5,0
flow_301.0,48.0,3.5,0
flow_301.1,46.5,3.0,0
flow_301.2,25.5,2.5,0
flow_201.0,66.5,3.5,0
flow_201.1,46.0,3.0,0
flow_201.2,44.5,4.0,0
flow_10.0,49.5,4.0,0
flow_301.3,70.0,3.5,0
flow_301.4,67.0,3.0,0
flow_301.5,65.0,3.5,0
flow_301.6,39.5,3.0,0
flow_30.0,36.0,2.5,0
flow_101.1,25.0,2.5,0
flow_3012.0,24.0,3.0,0
flow_3012.1,28.0,4.0,0
flow_2012.1,58.5,4.0,0
flow_201.3,43.0,3.0,0
flow_001.0,65.5,7.0,0
flow_2012.2,33.5,4.0,0
flow_001.1,62.5,4.0,0
flow_001.2,61.5,3.0,0
flow_0012.0,60.5,3.5,0
flow_301.7,61.5,3.5,0
flow_30.1,23.5,2.5,0
flow_101.2,51.0,3.5,0
flow_201.4,71.0,3.5,0
flow_0012.1,51.0,6.5,0
flow_2012.3,71.5,4.0,0
flow_001.3,26.5,3.0,0
flow_00.0,23.5,2.0,0
flow_0012.2,25.5,3.5,0
flow_30.2,71.0,4.0,0
flow_3012.2,69.0,3.5,0
flow_301.8,68.0,3.0,0
flow_101.3,28.0,3.5,0
flow_3012.3,25.5,3.5,0
flow_1012.0,24.5,3.0,0
flow_20.1,69.0,4.0,0
flow_001.4,47.0,3.5,0
flow_0012.3,30.5,4.0,0
flow_00.1,23.5,2.5,0
flow_201.5,38.0,7.0,0
flow_201.6,29.0,3.0,0
flow_2012.4,24.5,3.0,0
flow_20.2,23.5,2.5,0
flow_0012.4,28.0,5.0,0
flow_3012.4,66.5,4.5,0
flow_30.3,64.0,3.0,0
flow_30.4,47.5,3.0,0
flow_301.9,38.5,3.0,0
flow_30.5,27.5,3.0,0
flow_301.10,32.0,3.5,0
flow_301.11,29.0,3.0,0
flow_1012.1,29.5,6.0,0
flow_001.5,59.0,3.5,0
flow_201.7,63.5,3.5,0
flow_20.3,51.0,3.0,0
flow_0012.5,26.5,3.5,0
flow_10.1,61.5,4.0,0
flow_301.12,67.5,3.5,0
flow_101.4,31.0,3.0,0
flow_301.13,51.0,3.0,0
flow_10.2,21.0,1.5,0
flow_1012.2,24.0,3.0,0
flow_301.14,25.0,2.5,0
flow_3012.5,24.5,3.0,0
flow_10.3,21.0,2.0,0
flow_301.15,26.0,3.0,0
flow_301.16,27.0,3.0,0
flow_2012.5,69.0,4.0,0
flow_0012.6,61.0,4.5,0
flow_20.4,66.0,3.0,0
flow_001.6,31.0,3.0,0
flow_201.8,47.5,3.0,0
flow_001.7,30.5,3.0,0
flow_20.5,27.0,2.5,0
flow_2012.6,24.5,3.0,0
flow_101.5,73.5,3.5,0
flow_301.17,69.5,3.5,0
flow_10.4,23.5,2.0,0
flow_001.8,49.0,3.5,0
flow_2012.7,26.5,5.0,0
flow_20.6,22.0,2.0,0
flow_2012.8,26.5,3.5,0
flow_20.7,21.5,2.0,0
flow_20.8,21.0,1.5,0
flow_301.18,60.0,3.5,0
flow_3012.6,40.5,3.5,0
flow_1012.3,56.5,7.0,0
flow_101.6,25.0,2.5,0
flow_3012.7,23.5,3.0,0
flow_101.7,28.0,6.0,0
flow_20.9,42.5,4.0,0
flow_001.9,25.5,2.5,0
flow_2012.9,24.5,3.0,0
flow_2012.10,24.5,3.0,0
flow_1012.4,51.5,4.5,0
flow_3012.8,43.5,4.5,0
flow_10.5,48.5,3.0,0
flow_101.8,25.5,2.5,0
flow_101.9,25.5,3.0,0
flow_101.10,25.0,2.5,0
flow_101.11,27.0,3.0,0
flow_0012.7,72.5,4.5,0
flow_001.10,65.5,3.5,0
flow_001.11,64.0,3.5,0
flow_201.9,25.5,2.5,0
flow_2012.11,25.5,3.5,0
flow_20.10,22.0,2.0,0
flow_30.6,52.5,4.0,0
flow_101.12,60.0,4.0,0
flow_1012.5,57.5,4.0,0
flow_3012.9,39.0,4.0,0
flow_101.13,37.5,3.0,0
flow_301.19,26.0,3.0,0
flow_30.7,22.5,2.0,0
flow_2012.12,46.5,4.0,0
flow_0012.8,67.0,4.5,0
flow_0012.9,60.0,4.0,0
flow_001.12,47.0,3.0,0
flow_20.11,42.5,6.5,0
flow_001.13,32.5,3.0,0
flow_201.10,34.5,4.0,0
flow_201.11,33.5,3.5,0
flow_201.12,25.5,2.5,0
flow_201.13,25.0,2.5,0
flow_2012.13,25.5,3.5,0
flow_1012.6,73.0,4.0,0
flow_10.6,42.0,3.0,0
flow_1012.7,24.5,3.0,0
flow_201.14,27.0,3.0,0
flow_00.2,20.5,1.5,0
flow_301.20,54.5,3.5,0
flow_30.8,22.5,2.0,0
flow_30.9,22.0,2.0,0
flow_2012.14,40.0,4.5,0
flow_201.15,33.5,3.5,0
flow_2012.15,23.5,3.0,0
flow_10.7,58.0,4.0,0
flow_30.10,43.0,4.0,0
flow_301.21,30.5,3.0,0
flow_1012.8,59.5,5.0,0
flow_1012.9,24.5,3.0,0
flow_001.14,26.5,3.0,0
flow_201.16,73.5,3.5,0
flow_001.15,26.5,3.0,0
flow_201.17,49.0,3.0,0
flow_20.12,46.0,3.0,0
flow_201.18,35.5,2.5,0
flow_2012.16,34.0,3.5,0
flow_201.19,33.0,2.5,0
flow_2012.17,23.5,3.0,0
flow_0012.0,23.0,2.5,0
flow_201.0,27.0,3.0,0
flow_0012.1,23.0,2.5,0
flow_3012.0,40.5,4.0,0
flow_1012.0,48.0,4.5,0
flow_1012.1,47.5,4.0,0
flow_30.0,42.5,6.0,0
flow_101.0,39.5,3.0,0
flow_30.1,38.5,4.0,0
flow_101.1,32.0,3.0,0
flow_1012.2,28.5,3.5,0
flow_101.2,27.5,2.5,0
flow_101.3,25.5,2.5,0
flow_301.0,24.5,2.5,0
flow_3012.1,26.0,3.5,0
flow_1012.3,26.5,3.5,0
flow_001.0,62.0,3.5,0
flow_201.1,74.5,3.5,0
flow_001.1,35.0,3.0,0
flow_201.2,47.5,3.0,0
flow_201.3,24.5,2.5,0
flow_00.0,21.0,1.5,0
flow_301.1,54.0,3.5,0
flow_1012.4,49.0,6.5,0
flow_30.2,47.0,3.5,0
flow_30.3,28.0,3.0,0
flow_301.2,24.5,2.0,0
flow_3012.2,23.0,2.5,0
flow_001.2,68.0,3.5,0
flow_001.3,68.0,3.0,0
flow_20.0,20.5,1.5,0
flow_001.4,59.5,3.5,0
flow_0012.2,56.5,3.5,0
flow_001.5,29.5,2.5,0
flow_0012.3,26.0,3.5,0
flow_2012.0,23.5,3.0,0
flow_20.1,21.5,1.5,0
flow_101.4,65.0,3.5,0
flow_301.3,57.0,3.5,0
flow_10.0,61.0,3.0,0
flow_301.4,56.0,3.0,0
flow_1012.5,52.5,4.0,0
flow_10.1,46.0,3.0,0
flow_1012.6,41.5,4.0,0
flow_10.2,21.0,1.5,0
flow_1012.7,24.5,3.0,0
flow_3012.3,25.5,3.5,0
flow_201.4,63.5,3.5,0
flow_0012.4,69.5,6.5,0
flow_00.1,52.5,3.5,0
flow_201.5,41.0,3.5,0
flow_001.6,27.5,2.5,0
flow_0012.5,25.0,3.5,0
flow_101.5,67.0,3.5,0
flow_101.6,66.5,3.0,0
flow_101.7,24.0,2.5,0
flow_20.2,70.0,4.0,0
flow_001.7,33.0,3.5,0
flow_20.3,66.0,3.0,0
flow_201.6,53.0,3.0,0
flow_201.7,37.5,3.0,0
flow_2012.1,30.5,3.5,0
flow_201.8,25.5,2.5,0
flow_30.4,52.0,4.0,0
flow_101.8,43.0,3.5,0
flow_30.5,30.5,3.0,0
flow_101.9,43.5,3.5,0
flow_101.10,29.0,3.0,0
flow_30.6,22.5,2.0,0
flow_30.7,21.0,1.5,0
flow_20.4,47.5,4.0,0
flow_001.8,64.5,3.5,0
flow_201.9,47.5,3.0,0
flow_201.10,32.5,3.0,0
flow_001.9,24.5,2.5,0
flow_201.11,25.5,2.5,0
flow_201.12,25.5,2.5,0
flow_001.10,27.0,3.0,0
flow_101.11,60.5,3.5,0
flow_301.5,54.5,3.5,0
flow_3012.4,37.0,4.0,0
flow_301.6,26.5,3.0,0
flow_001.11,31.0,3.5,0
flow_201.13,75.0,3.5,0
flow_201.14,70.0,3.0,0
flow_201.15,70.5,3.5,0
flow_2012.2,45.5,3.5,0
flow_201.16,25.5,2.5,0
flow_001.12,26.0,3.0,0
flow_20.5,21.5,2.0,0
flow_00.2,21.5,2.0,0
flow_2012.3,27.0,3.5,0
flow_20.6,23.0,2.0,0
flow_301.7,70.5,3.5,0
flow_101.12,47.5,3.5,0
flow_101.13,33.0,3.0,0
flow_301.8,69.5,3.0,0
flow_301.9,68.5,3.0,0
flow_30.8,45.5,2.5,0
flow_301.10,37.0,2.5,0
flow_30.9,21.0,1.5,0
flow_1012.8,23.5,3.0,0
flow_20.7,67.5,4.0,0
flow_001.13,68.5,3.5,0
flow_2012.4,69.0,4.0,0
flow_0012.6,68.5,4.0,0
flow_0012.7,64.5,4.5,0
flow_001.14,60.5,3.0,0
flow_201.17,67.0,4.5,0
flow_20.8,49.5,5.5,0
flow_0012.8,28.5,4.5,0
flow_001.15,25.0,2.5,0
flow_00.3,21.5,2.0,0
flow_001.16,25.5,2.5,0
flow_101.14,71.0,3.5,0
flow_301.11,60.0,3.5,0
flow_1012.9,67.5,4.0,0
flow_10.3,56.5,3.0,0
flow_301.12,60.0,7.0,0
flow_101.15,54.0,2.5,0
flow_301.13,44.5,3.0,0
flow_301.14,43.5,3.0,0
flow_10.4,21.0,1.5,0
flow_20.9,66.0,4.0,0
flow_001.17,49.0,3.5,0
flow_201.18,63.5,3.0,0
flow_001.18,39.0,3.0,0
flow_201.19,53.0,4.0,0
flow_30.10,70.5,4.0,0
flow_10.5,57.0,4.0,0
flow_301.15,69.5,3.0,0
flow_101.16,35.0,3.0,0
flow_101.17,33.5,3.0,0
flow_3012.5,68.5,6.0,0
flow_10.6,33.0,3.0,0
flow_3012.6,25.0,3.5,0
flow_301.16,25.0,2.5,0
flow_301.17,24.5,2.5,0
flow_201.20,47.0,3.5,0
flow_001.19,59.0,3.5,0
flow_0012.9,57.5,4.0,0
flow_2012.5,47.5,4.0,0
flow_20.10,41.5,3.0,0
flow_001.20,32.0,3.0,0
flow_201.21,41.5,3.0,0
flow_0012.10,31.5,5.5,0
flow_20.11,39.5,4.0,0
flow_001.21,31.0,3.5,0
flow_201.22,30.0,3.0,0
flow_201.23,26.5,2.5,0
flow_00.4,22.5,2.0,0
flow_201.24,25.5,2.5,0
flow_201.25,27.0,3.0,0
flow_30.11,69.0,4.0,0
flow_3012.7,55.0,4.0,0
flow_301.18,42.5,3.0,0
flow_3012.8,24.0,3.0,0
flow_1012.10,27.5,4.0,0
flow_00.5,24.5,2.5,0
flow_201.26,66.0,3.5,0
flow_20.12,48.0,3.0,0
flow_20.13,25.0,2.5,0
flow_0012.11,26.0,3.5,0
flow_301.19,57.5,3.5,0
flow_101.18,31.5,3.0,0
flow_30.12,43.5,3.0,0
flow_301.20,40.5,3.0,0
flow_301.21,40.0,3.0,0
flow_3012.9,36.0,3.5,0
flow_3012.10,24.5,3.0,0
flow_001.22,72.0,3.5,0
flow_201.27,67.5,3.5,0
flow_20.14,53.5,3.0,0
flow_001.23,70.0,3.0,0
flow_2012.6,54.0,4.0,0
flow_201.28,52.5,2.5,0
flow_20.15,26.0,2.5,0
flow_20.16,20.5,1.5,0
flow_301.22,66.0,3.5,0
flow_1012.11,74.0,6.5,0
flow_3012.11,61.5,3.5,0
flow_1012.12,70.5,4.5,0
flow_3012.12,49.5,4.0,0
flow_1012.13,60.5,4.5,0
flow_3012.13,25.0,3.0,0
flow_301.23,26.5,3.0,0
flow_301.24,24.5,2.0,0
flow_001.24,71.5,3.5,0
flow_201.29,63.5,3.5,0
flow_0012.12,46.5,3.5,0
flow_2012.7,49.0,4.0,0
flow_201.30,36.0,3.0,0
flow_301.25,74.0,3.5,0
flow_1012.14,75.0,6.5,0
flow_10.7,62.5,3.5,0
flow_301.26,26.5,3.0,0
flow_10.8,21.5,1.5,0
flow_101.19,26.5,3.0,0
flow_2012.8,41.0,4.5,0
flow_0012.13,32.0,4.0,0
flow_001.25,25.5,2.5,0
flow_30.13,62.0,4.0,0
flow_10.9,34.5,4.0,0
flow_30.0,54.5,4.0,0
flow_1012.0,52.5,7.5,0
flow_301.0,47.5,3.0,0
flow_101.0,25.0,2.5,0
flow_30.1,21.5,2.0,0
flow_10.0,20.5,1.5,0
flow_201.0,69.0,3.5,0
flow_0012.0,60.0,6.5,0
flow_2012.0,50.5,3.5,0
flow_0012.1,47.0,4.5,0
flow_20.0,46.0,3.0,0
flow_001.0,38.0,3.0,0
flow_20.1,22.5,2.0,0
flow_001.1,25.5,2.5,0
flow_0012.2,25.0,3.0,0
flow_301.1,51.0,3.5,0
flow_30.2,49.5,3.0,0
flow_101.1,26.5,3.0,0
flow_10.1,21.5,2.0,0
flow_201.1,68.5,3.5,0
flow_201.2,26.0,2.5,0
flow_001.2,26.0,3.0,0
flow_201.3,29.0,3.5,0
flow_201.4,27.0,3.0,0
flow_001.3,26.5,3.0,0
flow_10.2,56.0,4.0,0
flow_301.2,69.0,3.5,0
flow_1012.1,37.0,4.0,0
flow_101.2,25.5,2.5,0
flow_301.3,42.5,7.0,0
flow_101.3,25.0,2.5,0
flow_001.4,54.5,3.5,0
flow_0012.3,24.0,2.5,0
flow_2012.1,25.5,3.5,0
flow_001.5,27.0,3.0,0
flow_00.0,20.5,1.5,0
flow_10.3,70.0,4.0,0
flow_301.4,60.5,3.5,0
flow_301.5,57.5,3.0,0
flow_3012.0,56.0,3.5,0
flow_3012.1,23.5,3.0,0
flow_101.4,25.5,2.5,0
flow_301.6,24.5,2.5,0
flow_2012.2,70.5,4.5,0
flow_00.1,34.0,5.5,0
flow_201.5,43.0,3.0,0
flow_0012.4,31.0,5.0,0
flow_201.6,46.0,4.0,0
flow_2012.3,43.5,3.5,0
flow_001.6,26.5,3.0,0
flow_00.2,22.5,2.0,0
flow_0012.5,25.5,3.5,0
flow_30.3,59.0,4.0,0
flow_30.4,52.5,3.0,0
flow_301.7,41.0,3.0,0
flow_301.8,40.5,3.0,0
flow_1012.2,26.0,3.5,0
flow_3012.2,25.0,3.0,0
flow_10.4,24.0,2.5,0
flow_101.5,25.5,2.5,0
flow_101.6,24.5,2.0,0
flow_201.7,55.5,3.5,0
flow_001.7,45.5,3.5,0
flow_2012.4,52.0,4.0,0
flow_001.8,48.5,7.0,0
flow_00.3,45.0,3.0,0
flow_001.9,25.0,2.5,0
flow_3012.3,69.0,4.5,0
flow_1012.3,41.5,4.5,0
flow_3012.4,68.5,4.0,0
flow_10.5,43.0,6.0,0
flow_301.9,43.5,3.0,0
flow_10.6,39.5,4.0,0
flow_301.10,41.5,3.0,0
flow_10.7,38.5,3.5,0
flow_101.7,36.5,2.5,0
flow_301.11,25.5,2.5,0
flow_3012.5,25.5,3.0,0
flow_001.10,69.0,3.5,0
flow_201.8,73.5,3.5,0
flow_0012.6,70.0,4.5,0
flow_201.9,68.0,7.5,0
flow_201.10,45.5,3.5,0
flow_2012.5,45.0,4.0,0
flow_201.11,40.5,2.5,0
flow_201.12,40.0,3.0,0
flow_201.13,29.5,3.0,0
flow_001.11,24.5,2.5,0
flow_201.14,25.5,2.5,0
flow_1012.4,72.0,4.5,0
flow_30.5,69.5,6.5,0
flow_3012.6,63.0,4.0,0
flow_1012.5,74.5,6.0,0
flow_101.8,55.0,3.0,0
flow_301.12,58.5,3.0,0
flow_101.9,27.0,3.0,0
flow_301.13,47.0,3.0,0
flow_3012.7,46.0,3.5,0
flow_301.14,25.5,2.5,0
flow_201.15,68.0,3.5,0
flow_001.12,60.5,3.5,0
flow_201.16,67.5,3.0,0
flow_0012.7,25.5,3.5,0
flow_0012.8,25.5,3.5,0
flow_0012.9,25.0,3.0,0
flow_2012.6,24.0,3.0,0
flow_0012.10,25.0,3.5,0
flow_001.13,24.5,2.0,0
flow_301.15,68.0,3.5,0
flow_101.10,45.5,3.5,0
flow_1012.6,26.0,3.5,0
flow_301.16,47.0,4.0,0
flow_301.17,24.5,2.5,0
flow_30.6,21.5,2.0,0
flow_20.2,36.5,4.0,0
flow_001.14,55.5,4.0,0
flow_001.15,49.5,3.5,0
flow_00.4,33.0,3.0,0
flow_201.17,30.5,3.0,0
flow_001.16,27.0,3.0,0
flow_0012.11,25.5,3.5,0
flow_001.17,25.0,2.5,0
flow_2012.7,25.5,3.5,0
flow_201.18,25.5,3.0,0
flow_20.3,20.5,2.0,0
flow_3012.8,72.0,4.0,0
flow_301.18,70.5,3.0,0
flow_301.19,59.5,3.0,0
flow_30.7,33.0,2.5,0
flow_3012.9,24.5,3.0,0
flow_30.8,23.0,2.0,0
flow_101.11,26.5,3.0,0
flow_30.9,22.5,2.0,0
flow_3012.10,28.0,4.0,0
flow_20.4,36.0,4.0,0
flow_001.18,24.0,2.5,0
flow_0012.12,24.5,3.0,0
flow_2012.8,24.0,3.0,0
flow_1012.7,72.0,4.0,0
flow_101.12,55.0,3.0,0
flow_10.8,50.5,3.0,0
flow_30.10,21.0,1.5,0
flow_20.5,61.5,4.0,0
flow_00.5,38.5,4.0,0
flow_00.6,23.5,2.0,0
flow_201.19,63.0,3.0,0
flow_201.20,61.0,3.5,0
flow_2012.9,45.0,3.5,0
flow_201.21,34.5,3.0,0
flow_0012.13,23.5,3.0,0
flow_201.22,26.5,3.0,0
flow_20.6,22.0,2.0,0
flow_30.11,60.0,4.0,0
flow_10.9,65.5,4.0,0
flow_30.12,43.0,3.0,0
flow_1012.8,42.5,6.0,0
flow_30.13,43.5,5.5,0
flow_3012.11,43.0,4.0,0
flow_30.14,39.5,3.0,0
flow_001.19,56.5,3.5,0
flow_201.23,63.0,4.0,0
flow_0012.14,26.5,3.5,0
flow_201.24,25.5,2.5,0
flow_2012.10,24.0,2.5,0
flow_001.20,26.0,3.0,0
flow_00.7,22.5,2.0,0
flow_0012.15,26.0,3.5,0
flow_201.25,24.5,2.5,0
flow_001.21,27.0,3.0,0
flow_3012.12,67.5,4.5,0
flow_30.15,64.5,3.0,0
flow_101.13,52.0,7.5,0
flow_3012.13,44.0,4.0,0
flow_10.10,48.5,5.5,0
flow_3012.14,46.0,6.0,0
flow_101.14,53.0,3.5,0
flow_101.15,52.0,3.0,0
flow_1012.9,42.5,3.5,0
flow_10.11,39.0,2.5,0
flow_301.20,28.5,4.0,0
flow_1012.10,33.0,4.0,0
flow_1012.11,25.5,3.5,0
flow_2012.11,70.0,4.0,0
flow_001.22,56.5,7.0,0
flow_00.8,21.5,2.0,0
flow_201.26,26.0,3.0,0
flow_30.16,63.5,4.0,0
flow_101.16,51.5,3.5,0
flow_101.17,51.5,3.0,0
flow_1012.12,50.5,4.0,0
flow_1012.13,31.0,3.5,0
flow_301.21,27.0,3.5,0
flow_30.17,22.5,2.0,0
flow_101.18,23.5,2.0,0
flow_10.12,20.5,1.5,0
flow_00.9,59.5,4.0,0
flow_201.27,44.0,3.5,0
flow_001.23,51.0,3.0,0
flow_201.28,44.0,3.5,0
flow_00.10,21.0,1.5,0
flow_001.24,26.0,2.5,0
flow_001.25,25.5,3.0,0
flow_0012.16,24.0,3.0,0
flow_10.0,52.0,4.0,0
flow_301.0,56.0,3.5,0
flow_3012.0,23.5,3.0,0
flow_1012.0,27.5,4.0,0
flow_301.1,24.5,2.5,0
flow_101.0,24.5,2.5,0
flow_0012.0,59.0,4.5,0
flow_2012.0,57.0,4.5,0
flow_001.0,59.5,3.0,0
flow_201.0,41.0,3.5,0
flow_201.1,27.0,3.0,0
flow_2012.1,26.0,4.0,0
flow_001.1,30.0,3.5,0
flow_301.2,56.5,3.5,0
flow_301.3,49.5,3.0,0
flow_3012.1,36.5,3.5,0
flow_3012.2,37.5,4.0,0
flow_301.4,36.5,3.0,0
flow_301.5,27.5,3.0,0
flow_30.0,21.0,2.0,0
flow_101.1,26.0,3.0,0
flow_2012.2,52.5,4.5,0
flow_20.0,38.5,3.0,0
flow_001.2,78.5,7.5,0
flow_0012.1,26.5,3.5,0
flow_0012.2,25.5,3.5,0
flow_201.2,27.0,3.0,0
flow_10.1,41.5,4.0,0
flow_30.1,59.0,4.0,0
flow_30.2,53.5,3.0,0
flow_101.2,43.5,3.0,0
flow_101.3,32.5,3.0,0
flow_3012.3,41.5,6.0,0
flow_10.2,31.0,3.0,0
flow_101.4,28.0,2.5,0
flow_101.5,26.0,2.5,0
flow_301.6,26.0,3.0,0
flow_301.7,24.5,2.5,0
flow_20.1,63.0,4.0,0
flow_00.0,63.5,4.0,0
flow_201.3,26.5,2.5,0
flow_001.3,58.0,3.0,0
flow_001.4,37.5,3.0,0
flow_00.1,34.0,2.5,0
flow_0012.3,26.5,3.5,0
flow_301.8,64.5,3.5,0
flow_101.6,64.0,3.5,0
flow_1012.1,46.0,3.5,0
flow_101.7,27.0,3.0,0
flow_10.3,20.5,2.0,0
flow_101.8,26.0,3.0,0
flow_201.4,60.0,3.5,0
flow_0012.4,75.0,6.5,0
flow_001.5,57.5,3.0,0
flow_0012.5,57.0,4.0,0
flow_0012.6,37.0,4.0,0
flow_20.2,21.0,1.5,0
flow_30.3,44.5,4.0,0
flow_101.9,73.0,3.5,0
flow_301.9,37.0,3.0,0
flow_1012.2,45.5,5.0,0
flow_3012.4,29.0,3.5,0
flow_1012.3,43.0,4.5,0
flow_1012.4,23.5,3.0,0
flow_301.10,26.0,3.0,0
flow_3012.5,24.5,3.0,0
flow_1012.5,23.5,3.0,0
flow_201.5,67.5,3.5,0
flow_001.6,29.5,3.5,0
flow_20.3,65.0,3.0,0
flow_20.4,63.5,3.0,0
flow_001.7,26.0,3.0,0
flow_201.6,31.5,2.5,0
flow_201.7,29.0,3.5,0
flow_00.2,24.0,2.5,0
flow_0012.7,28.5,5.5,0
flow_001.8,25.0,2.5,0
flow_101.10,73.0,3.5,0
flow_301.11,76.5,3.5,0
flow_301.12,55.0,3.0,0
flow_10.4,21.5,2.0,0
flow_301.13,51.0,3.5,0
flow_001.9,72.5,3.5,0
flow_00.3,32.0,3.0,0
flow_201.8,29.0,3.5,0
flow_201.9,25.5,2.5,0
flow_3012.6,75.0,4.5,0
flow_10.5,75.0,6.5,0
flow_301.14,74.5,3.0,0
flow_10.6,24.0,2.0,0
flow_30.4,56.5,3.0,0
flow_301.15,56.0,2.5,0
flow_101.11,25.5,2.5,0
flow_301.16,36.5,3.5,0
flow_301.17,35.5,3.5,0
flow_301.18,34.5,3.5,0
flow_3012.7,26.5,3.5,0
flow_00.4,67.0,4.0,0
flow_201.10,46.5,3.5,0
flow_001.10,64.5,3.0,0
flow_0012.8,63.0,3.5,0
flow_001.11,62.0,2.5,0
flow_20.5,23.0,2.5,0
flow_001.12,50.5,3.5,0
flow_00.5,33.0,3.0,0
flow_20.6,23.0,2.0,0
flow_3012.8,62.5,4.5,0
flow_30.5,52.0,3.0,0
flow_301.19,52.5,3.0,0
flow_301.20,51.0,3.0,0
flow_00.6,69.5,4.0,0
flow_201.11,64.5,3.5,0
flow_20.7,44.5,3.0,0
flow_00.7,57.5,3.0,0
flow_0012.9,46.5,3.5,0
flow_20.8,21.0,1.5,0
flow_001.13,26.0,3.0,0
flow_001.14,26.0,3.0,0
flow_3012.9,59.0,4.5,0
flow_301.21,57.5,3.0,0
flow_10.7,43.0,6.5,0
flow_10.8,27.0,3.5,0
flow_3012.10,60.5,5.0,0
flow_301.22,57.5,3.0,0
flow_30.6,36.0,2.5,0
flow_301.23,36.0,2.5,0
flow_301.24,23.5,2.0,0
flow_00.8,61.5,4.0,0
flow_001.15,35.5,3.0,0
flow_00.9,25.0,2.5,0
flow_0012.10,26.5,3.5,0
flow_101.12,65.0,3.5,0
flow_3012.11,25.5,3.5,0
flow_101.13,23.5,2.0,0
flow_30.7,22.5,2.0,0
flow_10.9,20.0,1.5,0
flow_3012.12,23.0,2.5,0
flow_201.12,36.5,3.5,0
flow_201.13,33.0,3.0,0
flow_2012.3,27.5,4.0,0
flow_201.14,25.5,2.5,0
flow_001.16,29.0,6.0,0
flow_3012.13,37.0,4.5,0
flow_30.8,22.5,2.0,0
flow_3012.14,24.0,3.0,0
flow_10.10,20.0,2.0,0
flow_301.25,26.0,3.0,0
flow_0012.11,74.0,4.5,0
flow_00.10,62.0,3.0,0
flow_201.15,36.5,4.0,0
flow_00.11,58.5,3.0,0
flow_201.16,33.0,3.0,0
flow_00.12,49.5,3.0,0
flow_001.17,49.5,3.0,0
flow_00.13,42.0,2.5,0
flow_0012.12,35.5,3.5,0
flow_001.18,37.5,3.5,0
flow_001.19,29.0,3.5,0
flow_101.14,67.5,3.5,0
flow_301.26,26.0,3.0,0
flow_101.15,28.5,3.5,0
flow_1012.6,25.0,3.5,0
flow_301.27,23.5,2.0,0
flow_101.16,26.5,3.0,0
flow_101.17,26.0,3.0,0
flow_201.17,53.0,3.5,0
flow_20.9,47.0,3.0,0
flow_201.18,39.5,3.5,0
flow_00.14,21.0,1.5,0
flow_101.18,72.0,3.5,0
flow_301.28,47.5,3.5,0
flow_10.11,55.0,3.0,0
flow_301.29,49.0,3.5,0
flow_3012.15,42.5,3.5,0
flow_301.30,37.0,2.5,0
flow_301.31,36.0,3.0,0
flow_3012.16,26.0,3.5,0
flow_10.12,20.5,1.5,0
flow_1012.7,23.5,2.5,0
flow_20.10,28.5,3.5,0
flow_0012.13,73.0,7.5,0
flow_0012.14,58.5,4.0,0
flow_0012.15,25.5,3.5,0
flow_0012.16,24.0,3.0,0
flow_30.9,44.0,4.0,0
flow_101.0,35.0,3.5,0
flow_10.0,31.5,3.5,0
flow_301.0,24.5,2.5,0
flow_1012.0,25.5,3.5,0
flow_001.0,65.5,3.5,0
flow_201.0,66.5,3.5,0
flow_2012.0,28.5,4.0,0
flow_001.1,30.0,6.0,0
flow_20.0,23.5,2.5,0
flow_001.2,28.5,3.5,0
flow_001.3,25.0,2.5,0
flow_1012.1,58.0,4.5,0
flow_30.0,21.5,1.5,0
flow_001.4,54.0,3.5,0
flow_0012.0,55.0,4.5,0
flow_201.1,28.0,3.5,0
flow_001.5,25.5,2.5,0
flow_3012.0,55.5,4.5,0
flow_1012.2,68.0,4.5,0
flow_3012.1,57.5,4.5,0
flow_10.1,46.5,6.5,0
flow_101.1,35.0,4.0,0
flow_10.2,31.5,3.0,0
flow_20.1,64.5,4.0,0
flow_0012.1,63.5,7.5,0
flow_00.0,54.0,3.5,0
flow_00.1,48.5,3.0,0
flow_20.2,20.5,1.5,0
flow_301.1,49.0,3.5,0
flow_101.2,36.5,3.5,0
flow_1012.3,25.5,3.0,0
flow_101.3,25.0,2.5,0
flow_301.2,25.5,2.5,0
flow_3012.2,25.0,3.0,0
flow_3012.3,25.5,3.5,0
flow_00.2,63.5,4.0,0
flow_20.3,52.0,4.0,0
flow_001.6,26.5,2.5,0
flow_201.2,48.0,3.0,0
flow_2012.1,46.5,4.0,0
flow_201.3,26.5,2.5,0
flow_201.4,26.0,3.0,0
flow_201.5,24.0,2.5,0
flow_3012.4,62.0,4.0,0
flow_1012.4,69.5,4.5,0
flow_10.3,45.5,3.0,0
flow_301.3,46.0,3.0,0
flow_30.1,37.5,3.0,0
flow_101.4,24.5,2.5,0
flow_1012.5,23.5,2.5,0
flow_10.4,24.0,2.5,0
flow_301.4,26.0,3.0,0
flow_301.5,24.5,2.5,0
flow_0012.2,41.0,4.5,0
flow_2012.2,76.5,5.0,0
flow_0012.3,32.0,4.0,0
flow_201.6,63.5,3.5,0
flow_20.4,22.5,2.0,0
flow_0012.4,26.0,3.5,0
flow_101.5,60.5,3.5,0
flow_301.6,73.5,3.5,0
flow_3012.5,73.5,4.0,0
flow_301.7,50.5,3.0,0
flow_10.5,21.0,2.0,0
flow_30.2,41.5,3.0,0
flow_3012.6,31.5,4.0,0
flow_1012.6,24.5,3.0,0
flow_301.8,28.5,5.5,0
flow_301.9,25.5,2.5,0
flow_001.7,63.0,3.5,0
flow_00.3,38.0,3.0,0
flow_201.7,25.0,2.5,0
flow_10.6,44.0,4.0,0
flow_301.10,64.5,3.5,0
flow_1012.7,37.0,4.0,0
flow_301.11,60.0,7.0,0
flow_101.6,25.0,2.5,0
flow_30.3,21.0,1.5,0
flow_30.4,20.5,2.0,0
flow_10.7,20.5,1.5,0
flow_2012.3,56.0,4.5,0
flow_0012.5,26.5,3.5,0
flow_20.5,22.5,2.0,0
flow_201.8,27.0,3.0,0
flow_201.9,25.5,2.5,0
flow_10.8,62.5,4.0,0
flow_301.12,73.5,3.5,0
flow_3012.7,67.5,4.5,0
flow_10.9,25.0,3.5,0
flow_301.13,31.5,3.0,0
flow_301.14,30.5,2.5,0
flow_30.5,21.0,1.5,0
flow_301.15,25.5,2.5,0
flow_30.6,21.5,2.0,0
flow_0012.6,60.0,4.0,0
flow_00.4,45.0,3.0,0
flow_201.10,71.0,7.0,0
flow_0012.7,45.5,4.5,0
flow_201.11,60.5,4.5,0
flow_2012.4,58.0,3.5,0
flow_2012.5,57.5,3.5,0
flow_201.12,49.5,3.0,0
flow_2012.6,46.5,3.0,0
flow_3012.8,59.5,4.5,0
flow_10.10,54.5,6.5,0
flow_301.16,59.0,3.0,0
flow_10.11,34.5,4.0,0
flow_301.17,54.5,3.0,0
flow_10.12,25.5,3.0,0
flow_3012.9,31.0,4.5,0
flow_101.7,26.5,3.0,0
flow_30.7,21.5,2.0,0
flow_101.8,26.0,3.0,0
flow_101.9,27.0,3.0,0
flow_001.8,55.0,3.5,0
flow_201.13,49.0,3.5,0
flow_20.6,39.5,3.0,0
flow_001.9,28.0,3.5,0
flow_00.5,20.5,1.5,0
flow_201.14,25.0,2.5,0
flow_30.8,63.0,4.0,0
flow_101.10,49.5,3.5,0
flow_30.9,61.5,3.0,0
flow_101.11,33.0,3.5,0
flow_301.18,62.0,3.0,0
flow_301.19,55.0,3.0,0
flow_301.20,54.0,2.5,0
flow_301.21,33.5,3.0,0
flow_30.10,21.0,1.5,0
flow_101.12,24.5,2.5,0
flow_20.7,69.5,4.0,0
flow_001.10,73.0,3.5,0
flow_00.6,58.5,3.0,0
flow_201.15,30.0,3.0,0
flow_0012.8,59.0,3.5,0
flow_0012.9,50.5,3.5,0
flow_001.11,25.5,2.5,0
flow_0012.10,26.5,3.5,0
flow_10.13,63.0,4.0,0
flow_301.22,50.0,3.5,0
flow_101.13,62.5,3.0,0
flow_301.23,30.5,3.0,0
flow_20.8,53.0,4.0,0
flow_0012.11,78.5,7.5,0
flow_0012.12,66.5,4.5,0
flow_001.12,49.0,3.0,0
flow_201.16,43.0,3.5,0
flow_20.9,21.0,2.0,0
flow_0012.13,44.5,5.0,0
flow_001.13,25.0,2.5,0
flow_301.24,25.5,2.5,0
flow_101.14,72.0,4.0,0
flow_10.14,65.0,3.0,0
flow_101.15,66.0,3.0,0
flow_101.16,33.5,3.0,0
flow_301.25,26.5,3.0,0
flow_101.17,27.0,3.0,0
flow_101.18,24.5,2.5,0
flow_2012.7,70.0,4.5,0
flow_001.14,60.0,7.5,0
flow_001.15,50.5,3.5,0
flow_101.19,64.0,3.5,0
flow_301.26,71.5,3.5,0
flow_1012.8,64.5,4.0,0
flow_101.20,64.0,3.0,0
flow_301.27,72.5,7.0,0
flow_101.21,58.5,3.5,0
flow_301.28,66.5,3.5,0
flow_1012.9,58.0,4.5,0
flow_30.11,66.0,5.5,0
flow_101.22,55.0,2.5,0
flow_101.23,49.0,3.0,0
flow_301.29,56.0,3.5,0
flow_3012.10,52.5,4.0,0
flow_301.30,52.0,3.0,0
flow_30.12,34.0,3.0,0
flow_2012.8,55.0,4.5,0
flow_201.17,54.0,3.0,0
flow_001.16,48.0,7.5,0
flow_201.18,53.0,3.0,0
flow_2012.9,40.5,3.5,0
flow_20.10,25.0,2.5,0
flow_0012.14,24.5,3.0,0
flow_201.19,25.0,2.5,0
flow_201.20,25.5,2.5,0
flow_3012.11,64.5,4.5,0
flow_001.0,25.5,2.5,0
flow_3012.0,35.0,4.5,0
flow_1012.0,55.5,5.0,0
flow_30.0,33.0,3.0,0
flow_101.0,48.0,3.0,0
flow_30.1,21.0,1.5,0
flow_2012.0,70.5,4.0,0
flow_00.0,49.5,6.5,0
flow_201.0,40.5,3.5,0
flow_0012.0,49.5,5.0,0
flow_2012.1,37.0,4.0,0
flow_0012.1,33.5,4.5,0
flow_20.0,28.5,3.5,0
flow_20.1,24.5,2.5,0
flow_20.2,21.0,1.5,0
flow_2012.2,26.5,3.5,0
flow_20.3,23.5,2.5,0
flow_201.1,25.0,2.0,0
flow_3012.1,66.5,4.0,0
flow_10.0,74.0,6.5,0
flow_301.0,60.0,3.0,0
flow_3012.2,54.5,3.5,0
flow_301.1,53.0,2.5,0
flow_30.2,51.5,2.5,0
flow_101.1,26.5,3.0,0
flow_301.2,25.5,2.5,0
flow_10.1,21.0,1.5,0
flow_30.3,23.0,2.0,0
flow_00.1,65.0,4.0,0
flow_201.2,35.0,3.5,0
flow_201.3,31.5,3.0,0
flow_0012.2,69.0,5.0,0
flow_001.1,66.0,3.0,0
flow_001.2,58.5,3.0,0
flow_0012.3,47.5,4.0,0
flow_10.2,29.0,3.5,0
flow_301.3,74.5,3.5,0
flow_301.4,25.5,2.5,0
flow_301.5,25.5,3.0,0
flow_201.4,58.0,3.5,0
flow_0012.4,68.5,6.0,0
flow_001.3,55.5,3.0,0
flow_201.5,41.0,3.5,0
flow_001.4,55.0,3.0,0
flow_201.6,37.0,3.0,0
flow_00.2,39.0,2.5,0
flow_201.7,35.5,3.5,0
flow_2012.3,33.5,4.5,0
flow_2012.4,24.0,3.0,0
flow_30.4,54.0,4.0,0
flow_101.2,59.5,3.5,0
flow_301.6,38.5,3.5,0
flow_101.3,31.0,3.0,0
flow_1012.1,49.0,5.5,0
flow_1012.2,24.5,3.0,0
flow_301.7,24.5,2.5,0
flow_2012.5,45.0,4.0,0
flow_201.8,43.5,3.0,0
flow_001.5,46.0,7.5,0
flow_201.9,35.5,3.0,0
flow_30.5,53.5,4.0,0
flow_1012.3,28.0,7.0,0
flow_101.4,25.5,2.5,0
flow_00.3,31.5,3.5,0
flow_201.10,72.5,3.5,0
flow_201.11,62.0,3.0,0
flow_20.4,55.0,3.0,0
flow_201.12,55.5,2.5,0
flow_001.6,26.5,3.0,0
flow_301.8,25.0,2.0,0
flow_101.5,54.0,3.5,0
flow_10.3,42.5,3.0,0
flow_201.13,44.0,3.5,0
flow_001.7,24.0,2.5,0
flow_20.5,20.5,1.5,0
flow_201.14,24.5,2.0,0
flow_0012.5,24.5,3.0,0
flow_201.15,25.5,2.5,0
flow_1012.4,52.0,4.5,0
flow_30.6,74.0,6.5,0
flow_101.6,27.5,2.5,0
flow_30.7,73.0,4.0,0
flow_10.4,20.0,1.5,0
flow_301.9,52.0,3.0,0
flow_3012.3,33.5,3.5,0
flow_101.7,25.0,2.5,0
flow_3012.4,25.0,3.5,0
flow_101.8,26.5,3.0,0
flow_201.16,54.5,3.5,0
flow_201.17,40.5,3.0,0
flow_201.18,40.0,3.0,0
flow_20.6,25.0,2.5,0
flow_2012.6,24.5,3.0,0
flow_301.10,69.0,3.5,0
flow_1012.5,73.5,6.5,0
flow_10.5,55.0,3.5,0
flow_301.11,71.0,3.5,0
flow_101.9,55.5,3.0,0
flow_30.8,22.0,2.0,0
flow_3012.5,27.0,4.0,0
flow_101.10,57.5,3.5,0
flow_101.11,56.5,3.0,0
flow_301.12,25.0,2.5,0
flow_30.9,23.0,2.0,0
flow_101.12,55.5,3.0,0
flow_101.13,24.0,2.5,0
flow_201.19,52.5,3.5,0
flow_001.8,56.0,3.5,0
flow_201.20,26.5,3.0,0
flow_101.14,67.5,3.5,0
flow_301.13,35.5,3.5,0
flow_301.14,35.0,3.0,0
flow_00.4,60.5,4.0,0
flow_201.21,71.0,3.5,0
flow_0012.6,42.5,3.5,0
flow_001.9,37.0,3.0,0
flow_201.22,74.5,6.5,0
flow_001.10,36.5,3.0,0
flow_00.5,28.5,2.5,0
flow_0012.7,33.5,4.0,0
flow_001.11,24.5,2.5,0
flow_3012.6,47.0,4.5,0
flow_1012.6,30.0,4.5,0
flow_301.15,45.0,3.5,0
flow_30.10,42.0,3.0,0
flow_30.11,22.5,2.0,0
flow_3012.7,23.5,3.0,0
flow_201.23,74.0,3.5,0
flow_001.12,57.0,3.5,0
flow_201.24,74.5,3.0,0
flow_001.13,26.5,3.0,0
flow_201.25,72.5,3.0,0
flow_001.14,25.0,2.5,0
flow_201.26,69.5,3.0,0
flow_20.7,40.5,2.5,0
flow_201.27,40.5,2.5,0
flow_001.15,26.5,3.0,0
flow_10.6,46.0,4.0,0
flow_301.16,71.5,3.5,0
flow_101.15,43.5,3.0,0
flow_3012.8,61.5,5.0,0
flow_301.17,55.0,3.0,0
flow_3012.9,39.5,4.0,0
flow_1012.7,25.5,3.5,0
flow_3012.10,23.5,3.0,0
flow_3012.11,25.0,3.5,0
flow_301.18,25.5,2.5,0
flow_101.16,24.5,2.5,0
flow_201.28,65.0,3.5,0
flow_0012.8,40.0,6.5,0
flow_001.16,35.5,3.0,0
flow_201.29,67.0,3.5,0
flow_20.8,40.0,3.0,0
flow_20.9,36.0,3.0,0
flow_201.30,29.0,3.5,0
flow_201.31,26.0,2.5,0
flow_2012.7,29.0,4.5,0
flow_00.6,20.5,1.5,0
flow_3012.12,59.5,4.0,0
flow_101.17,55.0,7.0,0
flow_3012.13,45.5,5.0,0
flow_1012.8,56.0,4.0,0
flow_101.18,54.5,3.0,0
flow_101.19,50.0,3.0,0
flow_10.7,21.0,2.0,0
flow_3012.14,23.5,3.0,0
flow_20.10,67.5,4.0,0
flow_001.17,70.5,3.5,0
flow_20.11,62.0,3.5,0
flow_0012.9,59.0,6.0,0
flow_001.18,38.5,3.0,0
flow_201.32,24.5,2.5,0
flow_001.19,24.0,2.5,0
flow_101.20,54.5,3.0,0
flow_301.19,60.0,3.5,0
flow_301.20,59.5,3.0,0
flow_301.21,38.0,3.0,0
flow_10.8,21.5,2.0,0
flow_101.21,24.5,2.5,0
flow_101.22,26.0,2.5,0
flow_2012.8,36.5,4.5,0
flow_001.20,70.0,7.5,0
flow_00.7,55.0,3.0,0
flow_001.21,26.0,3.0,0
flow_2012.0,24.0,3.0,0
flow_2012.1,27.5,3.5,0
flow_201.0,26.0,3.0,0
flow_30.0,35.0,4.0,0
flow_101.0,25.0,2.5,0
flow_101.1,26.5,3.0,0
flow_1012.0,25.0,3.0,0
flow_1012.1,27.0,3.5,0
flow_101.2,27.0,2.5,0
flow_1012.2,25.5,3.0,0
flow_201.1,70.0,3.5,0
flow_201.2,53.0,3.5,0
flow_00.0,21.5,2.0,0
flow_001.0,25.0,2.5,0
flow_101.3,72.0,3.5,0
flow_301.0,30.0,3.5,0
flow_101.4,73.0,3.5,0
flow_10.0,69.0,3.0,0
flow_101.5,55.0,2.5,0
flow_1012.3,50.0,3.5,0
flow_10.1,22.0,2.0,0
flow_1012.4,25.5,3.0,0
flow_1012.5,24.5,3.0,0
flow_10.2,22.5,2.0,0
flow_00.1,47.5,4.0,0
flow_201.3,55.0,3.5,0
flow_001.1,47.5,3.0,0
flow_30.1,70.0,4.0,0
flow_301.1,51.5,2.5,0
flow_30.2,43.5,3.0,0
flow_30.3,37.0,2.5,0
flow_301.2,46.0,3.5,0
flow_1012.6,24.5,3.0,0
flow_20.0,66.0,4.0,0
flow_001.2,30.0,3.5,0
flow_20.1,48.5,3.0,0
flow_201.4,43.0,3.0,0
flow_20.2,24.0,2.5,0
flow_001.3,24.0,2.0,0
flow_301.3,69.5,3.5,0
flow_101.6,54.5,3.5,0
flow_30.4,57.0,3.0,0
flow_101.7,53.0,3.0,0
flow_30.5,36.5,3.0,0
flow_101.8,52.0,3.0,0
flow_30.6,35.0,2.5,0
flow_101.9,45.0,3.0,0
flow_301.4,26.0,3.0,0
flow_3012.0,24.5,3.0,0
flow_301.5,26.0,3.0,0
flow_201.5,48.5,3.5,0
flow_001.4,48.0,3.5,0
flow_2012.2,47.5,4.0,0
flow_20.3,26.5,2.5,0
flow_001.5,42.5,7.0,0
flow_10.3,61.0,4.0,0
flow_30.7,47.5,4.0,0
flow_10.4,35.0,3.0,0
flow_101.10,32.0,3.0,0
flow_301.6,25.5,2.5,0
flow_10.5,20.5,1.5,0
flow_301.7,27.0,3.0,0
flow_1012.7,29.0,5.0,0
flow_2012.3,61.5,4.5,0
flow_00.2,60.0,6.5,0
flow_2012.4,54.0,5.5,0
flow_2012.5,46.0,4.0,0
flow_001.6,45.5,7.0,0
flow_00.3,43.5,3.0,0
flow_001.7,37.0,3.0,0
flow_001.8,37.0,3.5,0
flow_301.8,76.5,3.5,0
flow_301.9,75.5,3.0,0
flow_301.10,30.0,3.0,0
flow_101.11,25.5,2.5,0
flow_301.11,25.5,2.5,0
flow_10.6,21.0,1.5,0
flow_301.12,25.5,2.5,0
flow_1012.8,26.0,3.5,0
flow_3012.1,26.5,3.5,0
flow_201.6,74.5,3.5,0
flow_201.7,52.0,3.0,0
flow_20.4,41.5,3.0,0
flow_00.4,22.5,2.0,0
flow_20.5,23.5,2.5,0
flow_201.8,28.5,3.5,0
flow_30.8,42.0,3.0,0
flow_1012.9,75.0,5.0,0
flow_3012.2,47.0,5.0,0
flow_101.12,74.0,3.5,0
flow_1012.10,71.5,4.0,0
flow_101.13,53.5,3.0,0
flow_1012.11,24.5,3.0,0
flow_10.7,23.0,2.0,0
flow_301.13,26.5,3.0,0
flow_101.14,25.0,2.5,0
flow_2012.6,67.0,4.5,0
flow_001.9,66.5,7.5,0
flow_20.6,21.5,2.0,0
flow_30.9,46.0,4.0,0
flow_1012.12,72.5,7.5,0
flow_3012.3,45.0,3.5,0
flow_30.10,43.0,3.0,0
flow_101.15,73.5,3.5,0
flow_1012.13,64.5,4.0,0
flow_3012.4,25.0,3.0,0
flow_101.16,28.0,4.0,0
flow_10.8,22.0,1.5,0
flow_101.17,26.5,2.5,0
flow_201.9,72.5,3.5,0
flow_0012.0,54.5,6.5,0
flow_2012.7,58.5,4.5,0
flow_20.7,20.5,1.5,0
flow_001.10,24.5,2.5,0
flow_201.10,25.0,2.5,0
flow_1012.14,70.5,4.0,0
flow_30.11,39.0,6.5,0
flow_101.18,42.5,3.0,0
flow_101.19,35.0,3.0,0
flow_3012.5,25.5,3.5,0
flow_301.14,24.5,2.0,0
flow_10.9,22.5,2.0,0
flow_001.11,55.5,3.5,0
flow_00.5,45.0,3.0,0
flow_201.11,24.5,2.5,0
flow_001.12,41.5,3.0,0
flow_0012.1,27.0,3.5,0
flow_2012.8,24.0,3.0,0
flow_201.12,25.5,2.5,0
flow_3012.6,41.5,4.5,0
flow_101.20,57.5,7.5,0
flow_3012.7,44.0,5.5,0
flow_10.10,55.5,3.5,0
flow_101.21,56.5,3.0,0
flow_10.11,46.0,2.5,0
flow_10.12,35.5,3.0,0
flow_10.13,30.5,2.5,0
flow_101.22,65.5,3.5,0
flow_301.15,55.5,3.5,0
flow_10.14,51.5,3.0,0
flow_301.16,32.5,3.5,0
flow_30.12,22.0,2.0,0
flow_101.23,28.0,3.0,0
flow_30.13,21.0,1.5,0
flow_1012.15,24.5,3.0,0
flow_10.15,21.5,2.0,0
flow_20.8,38.0,4.0,0
flow_00.6,27.5,3.5,0
flow_0012.2,25.5,3.5,0
flow_20.9,21.5,2.0,0
flow_10.16,38.0,4.0,0
flow_301.17,68.0,3.5,0
flow_301.18,66.5,3.0,0
flow_301.19,53.0,3.0,0
flow_0012.3,25.0,3.0,0
flow_0012.4,26.5,3.5,0
flow_0012.5,24.5,3.0,0
flow_30.14,33.0,4.0,0
flow_101.24,54.0,3.5,0
flow_301.20,33.5,2.5,0
flow_101.25,31.0,3.0,0
flow_101.26,29.0,3.0,0
flow_301.21,32.0,3.5,0
flow_1012.16,28.0,4.0,0
flow_101.27,25.0,2.5,0
flow_10.17,21.0,2.0,0
flow_00.7,61.0,4.0,0
flow_20.10,42.0,4.0,0
flow_201.13,41.0,3.0,0
flow_0012.6,62.0,4.5,0
flow_201.14,30.5,3.0,0
flow_001.13,26.5,3.0,0
flow_20.11,21.0,1.5,0
flow_001.14,26.5,3.0,0
flow_001.15,26.5,3.0,0
flow_10.18,71.0,4.0,0
flow_001.0,25.5,2.5,0
flow_201.0,24.5,2.5,0
flow_101.0,25.5,2.5,0
flow_301.0,26.0,3.0,0
flow_30.0,22.5,2.0,0
flow_101.1,25.5,2.5,0
flow_301.1,25.5,2.5,0
flow_201.1,65.0,3.5,0
flow_001.1,57.5,3.5,0
flow_201.2,61.5,3.0,0
flow_20.0,54.5,3.0,0
flow_00.0,21.0,1.5,0
flow_201.3,26.0,3.0,0
flow_201.4,26.5,3.0,0
flow_3012.0,72.0,4.0,0
flow_301.2,63.5,3.0,0
flow_30.1,49.0,3.0,0
flow_3012.1,54.0,4.5,0
flow_3012.2,39.0,4.0,0
flow_301.3,27.0,2.5,0
flow_301.4,26.0,3.0,0
flow_001.2,72.0,3.5,0
flow_201.5,33.0,3.5,0
flow_001.3,69.0,3.0,0
flow_0012.0,64.0,4.0,0
flow_3012.3,71.5,4.0,0
flow_1012.0,59.5,4.5,0
flow_3012.4,71.5,3.5,0
flow_30.2,69.0,3.0,0
flow_1012.1,50.5,4.0,0
flow_3012.5,69.5,3.5,0
flow_3012.6,65.0,4.0,0
flow_301.5,30.5,2.5,0
flow_301.6,26.0,3.0,0
flow_101.2,25.5,2.5,0
flow_10.0,26.5,2.5,0
flow_0012.1,46.5,4.5,0
flow_2012.0,62.5,4.5,0
flow_20.1,51.5,3.0,0
flow_20.2,38.5,3.0,0
flow_201.6,39.0,2.5,0
flow_201.7,38.5,3.0,0
flow_20.3,35.0,2.5,0
flow_20.4,34.0,2.5,0
flow_001.4,26.5,3.0,0
flow_20.5,32.5,2.5,0
flow_2012.1,31.0,3.0,0
flow_2012.2,28.5,3.5,0
flow_00.1,21.5,2.0,0
flow_001.5,27.5,3.0,0
flow_301.7,72.5,3.5,0
flow_1012.2,42.5,6.5,0
flow_10.1,25.0,2.5,0
flow_301.8,74.0,4.0,0
flow_30.3,37.5,3.0,0
flow_301.9,44.5,3.5,0
flow_301.10,37.5,2.0,0
flow_3012.7,36.5,3.0,0
flow_30.4,33.0,2.5,0
flow_1012.3,24.5,3.0,0
flow_001.6,67.0,3.5,0
flow_201.8,66.0,3.5,0
flow_00.2,62.0,3.0,0
flow_201.9,26.5,3.0,0
flow_001.7,35.5,3.0,0
flow_00.3,32.0,2.5,0
flow_201.10,25.5,2.5,0
flow_101.3,61.5,3.5,0
flow_30.5,39.5,4.0,0
flow_30.6,37.5,3.5,0
flow_1012.4,64.5,6.0,0
flow_1012.5,64.0,4.5,0
flow_2012.3,69.0,4.5,0
flow_001.8,51.0,8.0,0
flow_2012.4,72.5,6.0,0
flow_0012.2,43.5,4.0,0
flow_2012.5,62.5,5.5,0
flow_201.11,59.0,3.0,0
flow_20.6,26.5,2.5,0
flow_001.9,39.5,4.0,0
flow_001.10,38.0,3.0,0
flow_201.12,28.0,3.0,0
flow_001.11,37.5,3.5,0
flow_0012.3,35.5,4.0,0
flow_001.12,26.0,3.0,0
flow_30.7,58.0,4.0,0
flow_101.4,69.5,3.5,0
flow_30.8,50.0,3.0,0
flow_101.5,41.5,3.5,0
flow_1012.6,26.0,3.5,0
flow_101.6,26.0,3.0,0
flow_2012.6,67.5,4.5,0
flow_20.7,41.0,3.0,0
flow_00.4,39.0,6.5,0
flow_001.13,37.5,3.5,0
flow_2012.7,27.0,4.0,0
flow_20.8,21.0,2.0,0
flow_2012.8,24.5,3.0,0
flow_30.9,67.5,4.0,0
flow_3012.8,68.5,4.0,0
flow_301.11,25.0,2.5,0
flow_101.7,25.5,2.5,0
flow_201.13,55.5,3.5,0
flow_001.14,65.5,3.5,0
flow_00.5,29.0,3.0,0
flow_201.14,48.0,3.0,0
flow_00.6,28.0,2.5,0
flow_201.15,35.0,3.0,0
flow_201.16,30.5,3.0,0
flow_001.15,25.0,2.5,0
flow_30.10,70.0,4.0,0
flow_1012.7,60.0,7.5,0
flow_10.2,55.5,3.5,0
flow_301.12,66.0,3.0,0
flow_30.11,62.5,3.0,0
flow_101.8,43.5,3.0,0
flow_101.9,42.5,3.0,0
flow_3012.9,65.5,4.5,0
flow_101.10,32.0,4.0,0
flow_101.11,26.0,3.0,0
flow_101.12,25.5,2.5,0
flow_00.7,59.5,4.0,0
flow_20.9,43.0,4.0,0
flow_00.8,26.0,2.5,0
flow_0012.4,24.5,2.5,0
flow_2012.9,24.5,3.0,0
flow_00.9,21.5,2.0,0
flow_201.17,24.5,2.5,0
flow_2012.10,25.0,3.0,0
flow_301.13,53.5,3.5,0
flow_101.13,38.5,4.0,0
flow_10.3,35.0,3.0,0
flow_10.4,21.0,1.5,0
flow_301.14,26.5,3.0,0
flow_10.5,21.5,2.0,0
flow_10.6,21.0,2.0,0
flow_3012.10,27.5,5.5,0
flow_001.16,66.0,3.5,0
flow_2012.11,24.5,3.0,0
flow_0012.5,67.0,4.0,0
flow_001.17,25.5,2.5,0
flow_30.12,25.5,3.0,0
flow_1012.8,72.5,7.0,0
flow_3012.11,24.5,3.0,0
flow_10.7,56.0,4.0,0
flow_10.8,47.0,3.5,0
flow_10.9,30.5,3.0,0
flow_3012.12,24.0,2.5,0
flow_30.13,21.5,2.0,0
flow_201.18,73.5,3.5,0
flow_001.18,65.0,3.5,0
flow_00.10,51.0,3.0,0
flow_201.19,62.5,3.0,0
flow_2012.12,46.5,3.5,0
flow_201.20,25.0,2.5,0
flow_0012.6,24.5,3.0,0
flow_20.10,20.5,1.5,0
flow_30.14,43.5,4.0,0
flow_10.10,35.5,4.0,0
flow_101.14,27.5,2.5,0
flow_1012.9,24.5,3.0,0
flow_101.15,25.5,2.5,0
flow_3012.13,27.0,4.0,0
flow_301.15,28.0,3.0,0
flow_301.16,26.5,3.0,0
flow_20.11,61.0,4.0,0
flow_001.19,72.0,3.0,0
flow_2012.13,61.0,3.5,0
flow_0012.7,70.0,3.5,0
flow_001.20,69.0,3.0,0
flow_0012.8,47.5,3.5,0
flow_00.11,21.0,2.0,0
flow_20.12,21.0,1.5,0
flow_101.16,67.5,3.5,0
flow_301.17,36.0,3.5,0
flow_101.17,50.0,3.0,0
flow_301.18,26.5,3.0,0
flow_3012.14,24.0,3.0,0
flow_101.18,25.0,2.5,0
flow_101.19,25.5,2.5,0
flow_20.13,37.0,4.0,0
flow_001.21,52.5,3.5,0
flow_20.14,21.0,1.5,0
flow_20.15,20.5,1.5,0
flow_30.15,59.5,4.0,0
flow_1012.10,38.5,7.5,0
flow_301.19,62.0,3.0,0
flow_101.20,26.0,2.5,0
flow_301.20,60.5,3.0,0
flow_301.21,30.0,3.5,0
flow_301.22,24.5,2.0,0
flow_10.11,21.5,2.0,0
flow_101.21,26.0,3.0,0
flow_101.22,28.0,3.0,0
flow_201.21,70.0,3.5,0
flow_001.22,59.5,3.5,0
flow_0012.9,30.5,3.5,0
flow_20.16,67.0,5.0,0
flow_201.22,49.5,3.0,0
flow_0012.10,26.5,4.0,0
flow_201.23,24.5,2.0,0
flow_20.17,21.5,2.0,0
flow_0012.11,25.0,3.5,0
flow_3012.15,44.0,4.0,0
flow_00.0,20.5,1.5,0
flow_001.0,26.5,3.0,0
flow_001.1,25.5,2.5,0
flow_101.0,49.0,4.0,0
flow_10.0,39.5,3.0,0
flow_10.1,20.5,1.5,0
flow_3012.0,26.0,3.5,0
flow_101.1,24.5,2.5,0
flow_3012.1,27.0,4.0,0
flow_101.2,29.0,6.0,0
flow_101.3,28.5,3.0,0
flow_101.4,27.5,3.0,0
flow_101.5,26.0,2.5,0
flow_00.1,34.5,4.0,0
flow_0012.0,24.5,3.0,0
flow_001.2,25.0,2.5,0
flow_001.3,26.0,3.0,0
flow_301.0,71.5,3.5,0
flow_3012.2,65.5,3.5,0
flow_301.1,65.5,3.0,0
flow_301.2,65.5,3.5,0
flow_301.3,63.5,3.5,0
flow_301.4,24.5,2.5,0
flow_101.6,24.5,2.5,0
flow_201.0,71.5,3.5,0
flow_001.4,63.0,3.5,0
flow_0012.1,26.5,3.5,0
flow_00.2,21.5,2.0,0
flow_2012.0,25.0,3.5,0
flow_201.1,26.5,3.0,0
flow_30.0,62.5,4.0,0
flow_101.7,70.5,3.5,0
flow_10.2,34.0,3.0,0
flow_101.8,26.5,2.5,0
flow_30.1,22.0,2.0,0
flow_1012.0,28.0,5.0,0
flow_101.9,26.0,3.0,0
flow_1012.1,24.0,3.0,0
flow_301.5,27.5,3.0,0
flow_3012.3,25.0,3.5,0
flow_30.2,22.0,2.0,0
flow_001.5,69.0,3.5,0
flow_201.2,41.5,3.5,0
flow_20.0,37.5,3.0,0
flow_00.3,63.0,3.5,0
flow_201.3,39.0,3.5,0
flow_2012.1,36.0,3.5,0
flow_0012.2,37.0,5.5,0
flow_001.6,26.5,3.0,0
flow_201.4,29.5,3.0,0
flow_201.5,25.0,2.5,0
flow_2012.2,24.5,3.0,0
flow_2012.3,25.5,3.0,0
flow_30.3,59.5,4.0,0
flow_1012.2,67.0,7.5,0
flow_101.10,54.0,3.5,0
flow_301.6,41.5,3.0,0
flow_101.11,24.0,2.5,0
flow_301.7,25.0,2.5,0
flow_101.12,25.5,2.5,0
flow_301.8,24.5,2.5,0
flow_2012.4,72.5,4.5,0
flow_001.7,71.5,7.5,0
flow_2012.5,60.0,5.5,0
flow_0012.3,51.0,4.0,0
flow_201.6,60.5,3.5,0
flow_001.8,51.5,3.0,0
flow_00.4,39.0,3.0,0
flow_201.7,60.0,3.0,0
flow_00.5,30.5,2.5,0
flow_2012.6,25.5,3.0,0
flow_301.9,70.0,3.5,0
flow_10.3,45.0,4.0,0
flow_101.13,36.5,3.0,0
flow_30.4,26.5,3.0,0
flow_3012.4,73.5,5.0,0
flow_101.14,30.5,3.5,0
flow_00.6,65.5,4.0,0
flow_20.1,62.0,4.0,0
flow_20.2,59.0,3.0,0
flow_0012.4,67.0,6.0,0
flow_001.9,63.5,3.0,0
flow_20.3,58.0,5.5,0
flow_20.4,38.5,4.0,0
flow_301.10,70.0,3.5,0
flow_1012.3,56.5,6.5,0
flow_10.4,51.5,3.5,0
flow_301.11,68.5,4.0,0
flow_101.15,40.5,3.0,0
flow_30.5,53.5,3.0,0
flow_3012.5,30.0,3.5,0
flow_1012.4,42.0,3.5,0
flow_30.6,24.0,2.5,0
flow_1012.5,43.5,6.5,0
flow_301.12,24.5,2.5,0
flow_301.13,25.0,2.5,0
flow_001.10,70.0,3.5,0
flow_201.8,51.0,3.5,0
flow_0012.5,58.5,4.0,0
flow_0012.6,45.5,4.0,0
flow_201.9,25.0,2.5,0
flow_001.11,27.0,3.0,0
flow_0012.7,24.5,3.0,0
flow_301.14,50.5,3.5,0
flow_1012.6,66.5,6.5,0
flow_3012.6,49.5,3.5,0
flow_1012.7,45.0,4.5,0
flow_10.5,41.5,3.0,0
flow_301.15,26.0,3.0,0
flow_30.7,21.5,2.0,0
flow_2012.7,51.5,4.5,0
flow_001.12,78.0,7.5,0
flow_2012.8,39.5,5.0,0
flow_001.13,63.5,4.0,0
flow_00.7,50.5,3.0,0
flow_0012.8,39.0,3.5,0
flow_0012.9,39.0,4.0,0
flow_00.8,35.0,2.5,0
flow_201.10,24.5,2.5,0
flow_301.16,72.5,3.5,0
flow_101.16,25.5,2.5,0
flow_3012.7,55.5,4.0,0
flow_30.8,52.5,3.0,0
flow_10.6,23.5,3.0,0
flow_3012.8,52.0,4.0,0
flow_301.17,27.0,2.5,0
flow_00.9,42.0,4.0,0
flow_201.11,73.5,3.5,0
flow_001.14,43.5,3.5,0
flow_2012.9,59.5,5.5,0
flow_201.12,40.0,3.0,0
flow_001.15,42.0,4.0,0
flow_00.10,39.0,3.0,0
flow_201.13,26.0,2.5,0
flow_001.16,24.5,2.5,0
flow_001.17,27.0,3.0,0
flow_001.18,25.0,2.5,0
flow_30.9,64.5,4.0,0
flow_301.18,31.5,3.0,0
flow_301.19,27.0,3.0,0
flow_101.17,25.5,2.5,0
flow_301.20,24.5,2.5,0
flow_1012.8,26.5,3.5,0
flow_001.19,68.0,4.0,0
flow_0012.10,55.0,4.0,0
flow_00.11,49.0,3.0,0
flow_001.20,35.0,2.5,0
flow_001.21,27.0,2.5,0
flow_20.5,21.0,1.5,0
flow_2012.10,23.5,3.0,0
flow_001.22,29.0,5.0,0
flow_1012.9,45.0,4.5,0
flow_3012.9,42.5,4.5,0
flow_10.7,39.5,3.0,0
flow_301.21,37.0,3.0,0
flow_3012.10,28.0,3.5,0
flow_1012.10,25.0,3.5,0
flow_30.10,21.5,1.5,0
flow_101.18,27.0,3.0,0
flow_301.22,26.0,3.0,0
flow_001.23,50.0,3.5,0
flow_201.14,26.0,2.5,0
flow_00.12,32.0,3.5,0
flow_001.24,30.5,2.5,0
flow_001.25,26.5,3.0,0
flow_10.8,56.0,4.0,0
flow_301.23,71.0,3.5,0
flow_301.24,38.5,3.0,0
flow_30.11,36.0,3.0,0
flow_30.12,32.0,2.5,0
flow_301.25,27.5,2.5,0
flow_10.9,21.0,1.5,0
flow_3012.11,26.5,3.5,0
flow_001.26,60.0,3.5,0
flow_00.13,29.0,3.0,0
flow_001.27,26.5,3.0,0
flow_301.26,75.0,3.5,0
flow_101.19,65.5,3.5,0
flow_10.10,53.0,3.0,0
flow_301.27,55.0,3.0,0
flow_30.13,23.5,2.0,0
flow_30.14,21.5,2.0,0
flow_301.28,26.5,3.0,0
flow_301.29,24.5,2.0,0
flow_30.15,20.0,1.5,0
flow_001.28,28.5,3.0,0
flow_201.15,67.0,3.5,0
flow_00.14,21.5,2.0,0
flow_00.15,22.0,2.0,0
flow_3012.12,64.5,4.5,0
flow_1012.11,52.0,4.5,0
flow_30.16,51.0,3.0,0
flow_101.20,27.0,3.0,0
flow_301.30,25.0,2.5,0
flow_301.31,25.5,2.5,0
flow_30.17,22.0,2.0,0
flow_001.29,72.0,3.5,0
flow_0012.11,61.0,3.5,0
flow_001.30,30.0,2.5,0
flow_201.16,27.0,3.0,0
flow_0012.12,30.0,4.0,0
flow_001.31,28.0,3.0,0
flow_20.6,21.5,2.0,0
flow_001.32,24.0,2.5,0
flow_00.16,21.0,2.0,0
flow_00.0,21.0,1.5,0
flow_2012.0,25.0,3.0,0
flow_201.0,26.0,3.0,0
flow_301.0,48.5,3.5,0
flow_101.0,38.5,3.5,0
flow_301.1,35.0,3.0,0
flow_30.0,33.0,3.0,0
flow_1012.0,25.0,3.0,0
flow_101.1,25.5,2.5,0
flow_00.1,71.0,4.0,0
flow_00.2,55.0,3.0,0
flow_001.0,54.0,2.5,0
flow_001.1,44.0,2.5,0
flow_001.2,43.5,3.0,0
flow_0012.0,34.5,4.0,0
flow_00.3,30.5,2.5,0
flow_001.3,26.0,2.5,0
flow_00.4,24.0,2.5,0
flow_0012.1,24.5,3.0,0
flow_30.1,51.5,4.0,0
flow_10.0,71.0,4.0,0
flow_301.2,33.0,3.0,0
flow_101.2,39.5,3.0,0
flow_101.3,32.5,3.0,0
flow_1012.1,31.0,4.0,0
flow_10.1,27.0,2.5,0
flow_10.2,26.5,2.5,0
flow_301.3,26.5,3.0,0
flow_301.4,25.5,2.5,0
flow_2012.1,54.0,4.5,0
flow_201.1,47.0,3.0,0
flow_20.0,45.0,3.0,0
flow_001.4,26.0,3.0,0
flow_20.1,22.0,2.0,0
flow_2012.2,25.0,3.5,0
flow_2012.3,25.0,3.5,0
flow_30.2,63.0,4.0,0
flow_30.3,21.5,2.0,0
flow_101.4,24.5,2.5,0
flow_00.5,26.0,2.5,0
flow_201.2,24.5,2.5,0
flow_0012.2,24.5,3.0,0
flow_001.5,25.0,2.5,0
flow_2012.4,24.0,3.0,0
flow_3012.0,68.5,4.5,0
flow_10.3,46.5,6.5,0
flow_30.4,42.0,3.0,0
flow_3012.1,24.0,3.0,0
flow_301.5,25.0,2.5,0
flow_2012.5,45.5,4.5,0
flow_001.6,73.0,7.5,0
flow_2012.6,35.0,6.0,0
flow_001.7,60.5,4.0,0
flow_00.6,23.5,2.0,0
flow_001.8,26.5,2.5,0
flow_20.2,22.0,2.0,0
flow_2012.7,27.0,4.0,0
flow_001.9,30.5,7.0,0
flow_30.5,21.0,1.5,0
flow_20.3,70.0,4.0,0
flow_001.10,73.5,3.5,0
flow_001.11,48.0,3.0,0
flow_00.7,42.0,3.0,0
flow_10.4,52.0,4.0,0
flow_301.6,31.0,3.0,0
flow_301.7,29.5,3.5,0
flow_30.6,25.5,2.5,0
flow_101.5,25.0,2.5,0
flow_2012.8,66.0,4.5,0
flow_20.4,55.0,3.0,0
flow_001.12,69.0,7.5,0
flow_201.3,41.5,2.5,0
flow_0012.3,36.5,4.0,0
flow_001.13,32.0,3.0,0
flow_00.8,25.5,2.5,0
flow_201.4,35.0,3.5,0
flow_20.5,29.0,3.0,0
flow_301.8,51.5,3.5,0
flow_301.9,51.5,3.0,0
flow_301.10,25.5,2.5,0
flow_30.7,23.0,2.0,0
flow_0012.4,70.0,4.5,0
flow_001.14,37.0,3.0,0
flow_201.5,29.5,6.5,0
flow_001.15,27.0,3.0,0
flow_201.6,28.5,3.5,0
flow_001.16,27.0,3.0,0
flow_301.11,59.0,3.5,0
flow_1012.2,63.5,6.5,0
flow_3012.2,53.5,4.0,0
flow_10.5,57.0,4.5,0
flow_301.12,52.0,3.0,0
flow_30.8,26.0,2.5,0
flow_10.6,54.0,3.5,0
flow_1012.3,50.5,3.5,0
flow_10.7,34.0,2.5,0
flow_301.13,29.5,4.0,0
flow_301.14,28.5,3.0,0
flow_301.15,27.5,3.0,0
flow_2012.9,63.0,4.5,0
flow_00.9,63.5,6.5,0
flow_20.6,56.0,3.0,0
flow_00.10,31.5,4.0,0
flow_201.7,24.5,2.0,0
flow_2012.10,26.0,3.5,0
flow_2012.11,27.0,4.0,0
flow_001.17,26.0,3.0,0
flow_201.8,24.0,2.5,0
flow_101.6,46.0,3.5,0
flow_301.16,46.0,3.5,0
flow_10.8,41.5,3.0,0
flow_301.17,39.0,3.0,0
flow_1012.4,25.5,3.0,0
flow_301.18,28.5,5.5,0
flow_2012.12,58.5,4.5,0
flow_001.18,70.0,7.5,0
flow_0012.5,69.5,4.0,0
flow_0012.6,61.0,3.5,0
flow_00.11,44.5,3.0,0
flow_201.9,25.0,2.5,0
flow_30.9,46.5,4.0,0
flow_101.7,71.0,4.0,0
flow_10.9,20.5,1.5,0
flow_201.10,50.0,3.5,0
flow_001.19,45.0,3.5,0
flow_20.7,33.0,3.0,0
flow_001.20,36.0,3.0,0
flow_201.11,27.0,2.5,0
flow_001.21,27.0,3.0,0
flow_0012.7,23.5,3.0,0
flow_00.12,22.0,1.5,0
flow_001.22,25.5,2.5,0
flow_101.8,68.0,3.5,0
flow_1012.5,66.0,4.0,0
flow_101.9,64.0,3.0,0
flow_10.10,58.5,2.5,0
flow_101.10,38.5,2.5,0
flow_101.11,37.0,3.0,0
flow_10.11,28.0,2.5,0
flow_101.12,30.5,3.0,0
flow_101.13,24.0,2.5,0
flow_2012.13,33.0,4.5,0
flow_0012.8,37.5,4.5,0
flow_001.23,33.5,3.0,0
flow_00.13,31.0,2.5,0
flow_001.24,24.5,2.5,0
flow_201.12,25.0,2.5,0
flow_201.13,28.5,3.5,0
flow_301.19,46.5,3.5,0
flow_1012.6,66.5,6.5,0
flow_10.12,22.0,2.0,0
flow_30.10,20.5,1.5,0
flow_20.8,26.0,3.0,0
flow_0012.9,38.0,7.0,0
flow_2012.14,24.0,3.0,0
flow_00.14,24.0,2.0,0
flow_2012.15,26.5,3.5,0
flow_2012.16,25.5,3.5,0
flow_2012.17,23.0,2.5,0
flow_101.14,65.0,3.5,0
flow_101.15,33.5,3.0,0
flow_1012.7,26.5,3.5,0
flow_1012.8,29.0,4.5,0
flow_101.16,28.0,3.0,0
flow_001.25,73.5,3.5,0
flow_201.14,69.0,3.5,0
flow_20.9,38.5,3.0,0
flow_001.26,72.5,3.5,0
flow_00.15,51.5,2.5,0
flow_001.27,67.0,3.5,0
flow_001.28,51.0,2.5,0
flow_001.29,46.5,3.0,0
flow_00.16,39.5,2.5,0
flow_00.17,38.0,2.5,0
flow_20.10,21.0,1.5,0
flow_30.11,45.5,4.0,0
flow_301.0,42.5,3.5,0
flow_301.1,28.5,3.5,0
flow_101.0,29.0,3.5,0
flow_301.2,28.5,3.5,0
flow_10.0,21.0,1.5,0
flow_3012.0,24.0,3.0,0
flow_2012.0,68.5,5.0,0
flow_201.0,39.0,3.0,0
flow_001.0,64.0,8.0,0
flow_00.0,61.0,3.0,0
flow_001.1,62.0,3.0,0
flow_001.2,37.0,2.5,0
flow_0012.0,30.0,3.5,0
flow_0012.1,26.5,3.5,0
flow_001.3,26.0,3.0,0
flow_20.0,21.5,2.0,0
flow_101.1,73.5,3.5,0
flow_301.3,71.5,3.5,0
flow_30.0,64.5,3.0,0
flow_101.2,74.0,3.0,0
flow_3012.1,57.5,4.0,0
flow_10.1,67.5,6.0,0
flow_1012.0,45.5,4.5,0
flow_301.4,26.5,3.0,0
flow_301.5,26.5,3.0,0
flow_10.2,22.5,2.0,0
flow_201.1,74.5,3.5,0
flow_001.4,55.0,3.5,0
flow_201.2,47.0,3.0,0
flow_20.1,38.0,2.5,0
flow_2012.1,47.0,4.0,0
flow_201.3,35.0,2.5,0
flow_0012.2,24.5,3.0,0
flow_00.1,21.5,2.0,0
flow_30.1,71.0,4.0,0
flow_1012.1,53.0,7.5,0
flow_101.3,27.0,3.0,0
flow_101.4,26.0,3.0,0
flow_001.5,43.5,3.5,0
flow_201.4,52.5,3.5,0
flow_0012.3,31.5,4.0,0
flow_201.5,40.0,4.0,0
flow_201.6,26.0,2.5,0
flow_201.7,26.5,3.0,0
flow_20.2,20.5,2.0,0
flow_00.2,20.5,1.5,0
flow_3012.2,66.0,4.0,0
flow_101.5,53.5,7.0,0
flow_3012.3,66.5,5.0,0
flow_30.2,47.5,3.5,0
flow_101.6,55.5,3.5,0
flow_301.6,48.0,2.5,0
flow_101.7,45.5,3.0,0
flow_101.8,38.5,3.0,0
flow_10.3,23.5,2.5,0
flow_101.9,32.5,3.5,0
flow_30.3,21.0,1.5,0
flow_30.4,20.5,1.5,0
flow_101.10,28.0,3.5,0
flow_00.3,46.5,4.0,0
flow_201.8,70.5,3.5,0
flow_20.3,65.5,3.0,0
flow_001.6,35.5,3.0,0
flow_20.4,44.5,3.0,0
flow_0012.4,34.5,7.0,0
flow_001.7,24.5,2.5,0
flow_001.8,25.5,2.5,0
flow_301.7,75.0,3.5,0
flow_1012.2,52.5,6.5,0
flow_101.11,49.5,3.5,0
flow_301.8,76.5,3.5,0
flow_10.4,39.5,3.0,0
flow_3012.4,24.0,3.0,0
flow_00.4,67.0,4.0,0
flow_20.5,60.0,4.0,0
flow_00.5,42.5,3.0,0
flow_201.9,47.5,3.0,0
flow_00.6,30.0,3.0,0
flow_201.10,26.5,3.0,0
flow_3012.5,56.5,4.5,0
flow_101.12,71.5,7.5,0
flow_3012.6,34.5,6.0,0
flow_30.5,29.5,3.5,0
flow_3012.7,24.0,3.0,0
flow_1012.3,24.5,3.0,0
flow_201.11,43.0,3.5,0
flow_2012.2,36.5,3.5,0
flow_201.12,36.0,3.0,0
flow_001.9,27.0,3.0,0
flow_001.10,27.0,3.0,0
flow_201.13,26.5,3.0,0
flow_201.14,25.5,2.5,0
flow_301.9,65.5,3.5,0
flow_101.13,41.0,3.5,0
flow_30.6,55.5,3.0,0
flow_3012.8,56.5,4.0,0
flow_301.10,55.0,3.0,0
flow_301.11,49.0,3.0,0
flow_301.12,47.0,3.5,0
flow_3012.9,37.0,3.5,0
flow_1012.4,25.5,3.5,0
flow_3012.10,35.5,3.5,0
flow_30.7,30.5,2.5,0
flow_3012.11,35.0,4.0,0
flow_3012.12,24.0,3.0,0
flow_201.15,74.0,3.5,0
flow_001.11,71.0,4.0,0
flow_0012.5,68.0,4.5,0
flow_0012.6,59.5,4.5,0
flow_001.12,53.0,2.5,0
flow_0012.7,46.5,3.5,0
flow_001.13,29.5,2.5,0
flow_001.14,25.5,2.5,0
flow_0012.8,25.0,3.5,0
flow_30.8,40.5,4.0,0
flow_101.14,65.5,3.5,0
flow_10.5,50.5,3.0,0
flow_30.9,41.0,3.0,0
flow_101.15,50.0,3.0,0
flow_10.6,20.5,1.5,0
flow_001.15,61.5,3.5,0
flow_201.16,48.0,3.5,0
flow_001.16,57.0,3.0,0
flow_001.17,32.5,3.0,0
flow_2012.3,26.5,3.5,0
flow_00.7,21.5,2.0,0
flow_301.13,35.0,3.5,0
flow_10.7,27.5,3.5,0
flow_1012.5,43.0,6.5,0
flow_101.16,26.0,2.5,0
flow_301.14,25.0,2.5,0
flow_301.15,26.0,3.0,0
flow_101.17,25.5,2.5,0
flow_30.10,22.5,2.0,0
flow_301.16,25.5,2.5,0
flow_101.18,25.0,2.5,0
flow_20.6,56.5,4.0,0
flow_001.18,60.5,3.5,0
flow_00.8,53.0,3.0,0
flow_201.17,29.5,2.5,0
flow_201.18,29.0,3.5,0
flow_20.7,21.5,2.0,0
flow_20.8,21.0,2.0,0
flow_2012.4,23.5,3.0,0
flow_001.19,27.5,4.5,0
flow_2012.5,24.5,3.0,0
flow_1012.6,32.0,4.0,0
flow_301.17,70.0,7.0,0
flow_301.18,64.5,3.5,0
flow_101.19,26.0,3.0,0
flow_301.19,40.5,3.0,0
flow_101.20,26.0,3.0,0
flow_101.21,25.5,3.0,0
flow_10.8,20.5,1.5,0
flow_301.20,25.0,2.5,0
flow_2012.6,72.5,4.0,0
flow_0012.9,69.5,4.5,0
flow_201.19,67.5,3.5,0
flow_001.20,27.0,3.0,0
flow_201.20,52.0,3.5,0
flow_30.11,51.5,4.0,0
flow_101.22,71.0,3.5,0
flow_301.21,36.0,3.0,0
flow_301.22,27.5,3.0,0
flow_30.12,21.0,1.5,0
flow_10.9,22.0,2.0,0
flow_001.21,71.5,3.5,0
flow_201.21,25.0,2.5,0
flow_001.22,62.0,3.0,0
flow_00.9,50.5,3.0,0
flow_001.23,25.0,2.5,0
flow_001.24,23.5,2.0,0
flow_301.23,67.0,3.5,0
flow_1012.7,71.0,6.5,0
flow_3012.13,65.0,4.0,0
flow_30.13,54.0,3.0,0
flow_301.24,51.0,2.5,0
flow_301.25,24.5,2.5,0
flow_00.10,68.0,4.0,0
flow_0012.10,40.5,4.0,0
flow_001.25,24.5,2.5,0
flow_10.10,31.0,3.5,0
flow_301.26,68.0,3.5,0
flow_301.27,63.5,3.5,0
flow_3012.14,56.5,3.5,0
flow_30.14,41.5,2.5,0
flow_301.28,25.0,2.5,0
flow_3012.15,23.0,2.5,0
flow_10.11,22.5,2.0,0
flow_301.29,25.0,2.5,0
flow_2012.7,49.5,4.5,0
flow_001.26,48.5,7.0,0
flow_001.27,46.5,3.0,0
flow_00.11,23.5,2.5,0
flow_30.15,60.0,4.0,0
flow_101.0,42.5,3.5,0
flow_101.1,40.5,3.0,0
flow_10.0,36.0,3.0,0
flow_101.2,40.5,3.5,0
flow_3012.0,26.0,3.5,0
flow_101.3,26.0,3.0,0
flow_0012.0,64.0,4.0,0
flow_2012.0,51.0,4.0,0
flow_0012.1,37.0,4.0,0
flow_0012.2,35.0,4.0,0
flow_201.0,25.5,2.5,0
flow_001.0,25.0,2.5,0
flow_30.0,68.5,4.0,0
flow_101.4,64.5,3.5,0
flow_301.0,59.0,3.0,0
flow_3012.1,47.0,3.5,0
flow_30.1,38.5,2.5,0
flow_301.1,29.5,2.5,0
flow_301.2,26.5,2.5,0
flow_3012.2,26.0,3.5,0
flow_10.1,21.0,2.0,0
flow_101.5,29.5,3.5,0
flow_301.3,26.5,3.0,0
flow_001.1,69.5,3.5,0
flow_201.1,64.0,3.5,0
flow_20.0,58.5,3.0,0
flow_001.2,48.5,3.0,0
flow_20.1,34.5,3.0,0
flow_00.0,28.5,3.0,0
flow_001.3,42.0,3.5,0
flow_20.2,21.0,1.5,0
flow_00.1,21.0,1.5,0
flow_201.2,25.0,2.5,0
flow_201.3,26.0,2.5,0
flow_3012.3,69.0,4.0,0
flow_1012.0,71.5,4.5,0
flow_101.6,51.0,3.0,0
flow_301.4,47.0,3.0,0
flow_101.7,49.0,3.0,0
flow_301.5,28.5,3.0,0
flow_30.2,24.5,2.5,0
flow_20.3,70.5,4.0,0
flow_001.4,64.5,3.5,0
flow_00.2,63.0,3.0,0
flow_201.4,71.0,3.0,0
flow_20.4,69.0,3.0,0
flow_001.5,33.0,3.0,0
flow_201.5,66.5,2.5,0
flow_001.6,31.0,3.5,0
flow_20.5,62.0,2.5,0
flow_00.3,23.0,2.5,0
flow_20.6,21.5,2.0,0
flow_201.6,25.5,2.5,0
flow_301.6,67.0,3.5,0
flow_1012.1,66.5,6.5,0
flow_3012.4,32.5,4.0,0
flow_3012.5,31.0,4.0,0
flow_201.7,62.0,3.5,0
flow_20.7,60.5,3.0,0
flow_20.8,53.5,3.0,0
flow_0012.3,28.0,5.0,0
flow_00.4,21.0,1.5,0
flow_2012.1,23.0,2.5,0
flow_30.3,33.0,4.0,0
flow_101.8,56.5,3.5,0
flow_1012.2,25.0,3.0,0
flow_301.7,25.5,2.5,0
flow_30.4,22.5,2.0,0
flow_301.8,25.0,2.5,0
flow_20.9,59.5,4.0,0
flow_00.5,22.0,2.0,0
flow_0012.4,27.0,4.0,0
flow_101.9,55.5,3.5,0
flow_10.2,46.5,3.0,0
flow_3012.6,24.5,3.0,0
flow_00.6,65.5,4.0,0
flow_20.10,34.0,4.0,0
flow_20.11,24.0,2.0,0
flow_001.7,26.0,3.0,0
flow_201.8,26.5,3.0,0
flow_301.9,74.5,3.5,0
flow_101.10,65.0,3.5,0
flow_101.11,64.0,3.0,0
flow_301.10,55.5,3.0,0
flow_30.5,41.0,3.0,0
flow_301.11,35.5,2.5,0
flow_101.12,24.5,2.0,0
flow_301.12,24.5,2.5,0
flow_201.9,70.5,3.5,0
flow_0012.5,69.0,6.5,0
flow_001.8,66.5,3.0,0
flow_00.7,34.5,3.0,0
flow_201.10,34.5,4.0,0
flow_20.12,25.0,2.5,0
flow_20.13,24.0,2.5,0
flow_2012.2,24.5,3.0,0
flow_201.11,26.0,3.0,0
flow_001.9,25.0,2.5,0
flow_001.10,25.5,2.5,0
flow_1012.3,61.5,4.5,0
flow_101.13,46.5,3.0,0
flow_1012.4,25.0,3.5,0
flow_101.14,25.0,2.5,0
flow_301.13,25.5,2.5,0
flow_001.11,69.0,3.5,0
flow_201.12,69.5,4.0,0
flow_001.12,49.0,3.0,0
flow_001.13,27.5,3.0,0
flow_201.13,25.0,2.5,0
flow_201.14,27.0,3.0,0
flow_001.14,25.5,2.5,0
flow_201.15,26.5,3.0,0
flow_201.16,26.5,3.0,0
flow_1012.5,69.0,4.5,0
flow_30.6,67.0,6.5,0
flow_30.7,65.0,4.0,0
flow_30.8,59.5,3.0,0
flow_30.9,41.5,3.0,0
flow_30.10,39.5,3.0,0
flow_101.15,25.5,2.5,0
flow_001.15,28.5,3.0,0
flow_20.14,56.0,4.0,0
flow_2012.3,34.0,3.5,0
flow_201.17,34.0,3.0,0
flow_2012.4,26.5,3.5,0
flow_10.3,44.5,4.0,0
flow_3012.7,27.5,4.0,0
flow_30.11,23.5,2.5,0
flow_1012.6,24.5,3.0,0
flow_101.16,25.5,2.5,0
flow_101.17,24.5,2.0,0
flow_201.18,55.5,3.5,0
flow_001.16,44.0,3.5,0
flow_20.15,53.0,3.0,0
flow_00.8,41.5,3.0,0
flow_2012.5,53.5,3.5,0
flow_201.19,41.5,3.0,0
flow_00.9,21.0,1.5,0
flow_10.4,45.0,4.0,0
flow_301.14,73.0,3.5,0
flow_30.12,34.0,3.0,0
flow_301.15,26.0,2.5,0
flow_30.13,22.0,2.0,0
flow_00.10,56.5,4.0,0
flow_001.17,43.0,3.0,0
flow_201.20,25.5,2.5,0
flow_001.18,39.0,3.0,0
flow_001.19,33.5,3.0,0
flow_001.20,25.0,2.5,0
flow_10.5,62.0,4.0,0
flow_1012.7,24.0,2.5,0
flow_301.16,27.0,3.0,0
flow_101.18,26.0,3.0,0
flow_101.19,26.5,3.0,0
flow_101.20,27.0,3.0,0
flow_20.16,59.5,4.0,0
flow_001.21,30.5,3.5,0
flow_20.17,46.0,3.5,0
flow_20.18,45.0,3.0,0
flow_00.11,21.0,1.5,0
flow_20.19,23.0,2.0,0
flow_30.14,68.5,4.0,0
flow_10.6,62.5,4.0,0
flow_30.15,54.0,3.0,0
flow_101.21,43.5,3.0,0
flow_301.17,42.5,3.0,0
flow_1012.8,35.5,6.5,0
flow_301.18,28.5,3.5,0
flow_3012.8,27.0,3.5,0
flow_301.19,25.5,2.5,0
flow_001.22,60.5,3.5,0
flow_201.21,28.0,3.5,0
flow_20.20,22.5,2.0,0
flow_001.23,26.5,3.0,0
